{"type": "FeatureCollection", "features": [{"type": "Feature", "geometry": {"type": "Polygon", "coordinates": [[[-8.220694, 43.5689644], [-8.2206859, 43.5689917], [-8.2206577, 43.569021], [-8.2206011, 43.5690317], [-8.220554, 43.5690181], [-8.22055, 43.5689878], [-8.2205554, 43.5689557], [-8.2205823, 43.5689459], [-8.2206429, 43.5689401], [-8.2206738, 43.5689449], [-8.220694, 43.5689644]]]}, "properties": {"osm_id": "62941352", "osm_type": "way", "label_class": "0", "site_class": "mound", "name": "A Pena Molexa", "confidence": "high", "evidence": "archaeological_site=megalith", "archaeological_site": "megalith", "civilization": "", "fortification_type": "", "wikidata": "Q10348271", "centroid_lon": "-8.22062646", "centroid_lat": "43.56897870", "area_m2": "92.5", "perimeter_m": "35.5", "equivalent_radius_m": "5.4", "circularity": "0.9221", "vertices": "11", "matched_catalogue_id": "wl-pos-pos-es-pba-14328", "matched_catalogue_name": "Monte do Castro (Castro de Vilasuso)", "matched_distance_m": "221"}}, {"type": "Feature", "geometry": {"type": "Polygon", "coordinates": [[[-8.8607779, 42.2770944], [-8.8606603, 42.2773994], [-8.8606385, 42.2775606], [-8.8604969, 42.277528], [-8.8604424, 42.2771968], [-8.8604141, 42.2769746], [-8.8604359, 42.2766957], [-8.8604903, 42.2764604], [-8.8606559, 42.2763515], [-8.860767, 42.2762796], [-8.8609413, 42.2762033], [-8.8611679, 42.2761445], [-8.8612986, 42.2762818], [-8.8612703, 42.2764016], [-8.8610808, 42.2764931], [-8.8609653, 42.2766848], [-8.8607997, 42.2767741], [-8.8607627, 42.2769833], [-8.8607779, 42.2770944]]]}, "properties": {"osm_id": "70240593", "osm_type": "way", "label_class": "1", "site_class": "castro", "name": "Castro de Beróbriga", "confidence": "high", "evidence": "fortification_type=hill_fort", "archaeological_site": "fortification", "civilization": "", "fortification_type": "hill_fort", "wikidata": "Q59285847", "centroid_lon": "-8.86078125", "centroid_lat": "42.27676852", "area_m2": "4962.7", "perimeter_m": "379.1", "equivalent_radius_m": "39.7", "circularity": "0.4339", "vertices": "19", "matched_catalogue_id": "", "matched_catalogue_name": "", "matched_distance_m": ""}}, {"type": "Feature", "geometry": {"type": "Polygon", "coordinates": [[[-8.4893685, 42.2138588], [-8.4892823, 42.2138782], [-8.4892502, 42.2139474], [-8.4892397, 42.2140947], [-8.4892351, 42.2141847], [-8.4893631, 42.2142009], [-8.4894995, 42.2142305], [-8.4896327, 42.214265], [-8.4897509, 42.2142786], [-8.4898571, 42.2142775], [-8.4899795, 42.2144476], [-8.4900316, 42.2144846], [-8.4901426, 42.2145117], [-8.4903205, 42.2144864], [-8.4904894, 42.2144513], [-8.4906719, 42.2143859], [-8.490922, 42.2142506], [-8.4910132, 42.214161], [-8.4910883, 42.2140796], [-8.491122, 42.2139864], [-8.491095, 42.2138996], [-8.4908021, 42.2134707], [-8.4906858, 42.2134361], [-8.4905624, 42.2134534], [-8.4904892, 42.2134263], [-8.4903564, 42.2133446], [-8.4902661, 42.2133153], [-8.490123, 42.2133178], [-8.4900132, 42.2133375], [-8.4899342, 42.2133707], [-8.4898958, 42.2134181], [-8.4898999, 42.2134576], [-8.4899482, 42.2135172], [-8.4901348, 42.2136724], [-8.4901744, 42.2136785], [-8.4904273, 42.2136341], [-8.4905415, 42.2136427], [-8.4906758, 42.2137656], [-8.4907502, 42.2139078], [-8.4907602, 42.2139596], [-8.4907139, 42.2140105], [-8.4906171, 42.2140755], [-8.4904606, 42.2141198], [-8.4902376, 42.2141593], [-8.4901382, 42.2141641], [-8.4899849, 42.2141335], [-8.4899375, 42.2140991], [-8.4898528, 42.2140059], [-8.4898575, 42.2139453], [-8.489725, 42.2139029], [-8.4895286, 42.2138758], [-8.4893685, 42.2138588]]]}, "properties": {"osm_id": "128195333", "osm_type": "way", "label_class": "1", "site_class": "castro", "name": "Castro de Troña", "confidence": "high", "evidence": "fortification_type=hill_fort", "archaeological_site": "fortification", "civilization": "celtic", "fortification_type": "hill_fort", "wikidata": "Q11680611", "centroid_lon": "-8.49015803", "centroid_lat": "42.21391995", "area_m2": "8734.3", "perimeter_m": "633.6", "equivalent_radius_m": "52.7", "circularity": "0.2734", "vertices": "52", "matched_catalogue_id": "", "matched_catalogue_name": "", "matched_distance_m": ""}}, {"type": "Feature", "geometry": {"type": "Polygon", "coordinates": [[[-8.4149991, 43.3304791], [-8.4155381, 43.330791], [-8.4159663, 43.3309353], [-8.4163566, 43.3310627], [-8.4165577, 43.3311068], [-8.41712, 43.3310549], [-8.4174336, 43.3309172], [-8.4178538, 43.3308042], [-8.4180906, 43.3307705], [-8.4183607, 43.3307016], [-8.4185883, 43.3305529], [-8.4189515, 43.3303534], [-8.4192485, 43.3303072], [-8.4192674, 43.3303043], [-8.4196215, 43.3302819], [-8.4201469, 43.3302171], [-8.4203472, 43.330099], [-8.4204511, 43.3298043], [-8.4205026, 43.3294311], [-8.4204835, 43.3292692], [-8.4204152, 43.3290312], [-8.4202538, 43.3288284], [-8.4200058, 43.3287671], [-8.419764, 43.3287775], [-8.4191167, 43.3288288], [-8.4183903, 43.3283333], [-8.4182221, 43.3281849], [-8.4179734, 43.3280873], [-8.4176879, 43.3281466], [-8.4173434, 43.3282489], [-8.4170335, 43.3282091], [-8.416745, 43.3280697], [-8.4166421, 43.3278784], [-8.4166008, 43.3277439], [-8.4160618, 43.3278064], [-8.4159307, 43.3275957], [-8.4158625, 43.3274085], [-8.4157271, 43.327342], [-8.415418, 43.3274318], [-8.4150713, 43.3275761], [-8.4148855, 43.3277286], [-8.4146143, 43.3279513], [-8.414162, 43.3281088], [-8.4140847, 43.3281915], [-8.414061, 43.3282938], [-8.4142859, 43.328604], [-8.414374, 43.3289126], [-8.4143782, 43.328982], [-8.4143892, 43.3291666], [-8.414396, 43.3292791], [-8.4143398, 43.3293512], [-8.4144946, 43.3296795], [-8.4145351, 43.3298897], [-8.4148649, 43.3302375], [-8.4148763, 43.3302654], [-8.4149991, 43.3304791]]]}, "properties": {"osm_id": "158906200", "osm_type": "way", "label_class": "1", "site_class": "castro", "name": "Castro de Elviña", "confidence": "high", "evidence": "fortification_type=hill_fort", "archaeological_site": "fortification", "civilization": "celtic", "fortification_type": "hill_fort", "wikidata": "Q389930", "centroid_lon": "-8.41692663", "centroid_lat": "43.32922607", "area_m2": "134522.0", "perimeter_m": "1537.7", "equivalent_radius_m": "206.9", "circularity": "0.7149", "vertices": "56", "matched_catalogue_id": "", "matched_catalogue_name": "", "matched_distance_m": ""}}, {"type": "Feature", "geometry": {"type": "Polygon", "coordinates": [[[-8.7426469, 41.9511963], [-8.7424203, 41.9512167], [-8.7424178, 41.95124], [-8.742406, 41.9512616], [-8.7423859, 41.9512796], [-8.7423594, 41.9512921], [-8.742329, 41.9512981], [-8.7422976, 41.9512969], [-8.7422653, 41.9512874], [-8.742239, 41.9512704], [-8.742222, 41.9512479], [-8.7422162, 41.9512224], [-8.7422221, 41.9511969], [-8.7422393, 41.9511744], [-8.7420824, 41.9510572], [-8.7420173, 41.9512651], [-8.7420911, 41.9512945], [-8.7419787, 41.9514511], [-8.7418845, 41.9515823], [-8.741788, 41.9515503], [-8.7415794, 41.9516895], [-8.7417403, 41.9518641], [-8.7418316, 41.9518371], [-8.741959, 41.9521448], [-8.741857, 41.9521666], [-8.7418678, 41.9523691], [-8.7420105, 41.9522802], [-8.7420085, 41.9522575], [-8.7420176, 41.9522358], [-8.7420366, 41.9522179], [-8.7420629, 41.9522063], [-8.7420931, 41.9522025], [-8.7421216, 41.9522066], [-8.7421466, 41.9522177], [-8.742165, 41.9522344], [-8.7421745, 41.9522549], [-8.7421742, 41.9522765], [-8.7423291, 41.9523058], [-8.7423298, 41.9520132], [-8.7421896, 41.9520002], [-8.7423284, 41.9514669], [-8.7424619, 41.9514866], [-8.7426469, 41.9511963]]]}, "properties": {"osm_id": "160480096", "osm_type": "way", "label_class": "1", "site_class": "castro", "name": "Forte de Lovelhe", "confidence": "medium", "evidence": "site=fortification,civ=none", "archaeological_site": "fortification", "civilization": "", "fortification_type": "sea_fort", "wikidata": "", "centroid_lon": "-8.74215443", "centroid_lat": "41.95169330", "area_m2": "4780.7", "perimeter_m": "473.2", "equivalent_radius_m": "39.0", "circularity": "0.2684", "vertices": "43", "matched_catalogue_id": "", "matched_catalogue_name": "", "matched_distance_m": ""}}, {"type": "Feature", "geometry": {"type": "Polygon", "coordinates": [[[-7.3879977, 43.1609272], [-7.3880589, 43.1610085], [-7.3882041, 43.1612217], [-7.3883453, 43.1613499], [-7.3884719, 43.1614108], [-7.3886095, 43.1614263], [-7.3887456, 43.1614189], [-7.3888981, 43.16141], [-7.3890458, 43.1616682], [-7.3890781, 43.1616881], [-7.3891299, 43.1616861], [-7.389541, 43.1615876], [-7.3896937, 43.1614622], [-7.3897698, 43.1613304], [-7.3897692, 43.1611003], [-7.3897862, 43.1609026], [-7.3898632, 43.1608127], [-7.3898027, 43.1605274], [-7.3897091, 43.1604199], [-7.3895227, 43.1602954], [-7.3893582, 43.1602028], [-7.3892273, 43.1601678], [-7.3890465, 43.1602645], [-7.3888947, 43.1602584], [-7.3887427, 43.1602743], [-7.3886089, 43.1603442], [-7.3883379, 43.1605387], [-7.3881903, 43.1606287], [-7.3880482, 43.1607559], [-7.3880012, 43.160797], [-7.3879663, 43.1608479], [-7.3879977, 43.1609272]]]}, "properties": {"osm_id": "162506081", "osm_type": "way", "label_class": "1", "site_class": "castro", "name": "Castro de Viladonga", "confidence": "high", "evidence": "fortification_type=hill_fort", "archaeological_site": "fortification", "civilization": "castro_culture", "fortification_type": "hill_fort", "wikidata": "Q2941521", "centroid_lon": "-7.38888945", "centroid_lat": "43.16092692", "area_m2": "17412.8", "perimeter_m": "507.9", "equivalent_radius_m": "74.4", "circularity": "0.8483", "vertices": "32", "matched_catalogue_id": "", "matched_catalogue_name": "", "matched_distance_m": ""}}, {"type": "Feature", "geometry": {"type": "Polygon", "coordinates": [[[-8.3125481, 41.88012], [-8.312804, 41.8801751], [-8.3132393, 41.8802448], [-8.3137064, 41.8792227], [-8.3135012, 41.8792424], [-8.3132945, 41.8792813], [-8.3129678, 41.8794106], [-8.3125481, 41.88012]]]}, "properties": {"osm_id": "165545723", "osm_type": "way", "label_class": "0", "site_class": "mound", "name": "Mamoas do Mezio", "confidence": "high", "evidence": "archaeological_site=megalith", "archaeological_site": "megalith", "civilization": "", "fortification_type": "", "wikidata": "", "centroid_lon": "-8.31307617", "centroid_lat": "41.87972711", "area_m2": "5785.2", "perimeter_m": "330.9", "equivalent_radius_m": "42.9", "circularity": "0.6638", "vertices": "8", "matched_catalogue_id": "", "matched_catalogue_name": "", "matched_distance_m": ""}}, {"type": "Feature", "geometry": {"type": "Polygon", "coordinates": [[[-8.3300703, 43.1737473], [-8.3301693, 43.1739014], [-8.3301965, 43.1740705], [-8.3301492, 43.1742371], [-8.3300321, 43.1743844], [-8.3298447, 43.1745029], [-8.3296137, 43.1745688], [-8.3293657, 43.1745745], [-8.3291295, 43.1745193], [-8.3289322, 43.1744097], [-8.3287967, 43.1742581], [-8.328756, 43.1741352], [-8.3286182, 43.1740985], [-8.328468, 43.1740301], [-8.3284002, 43.1738699], [-8.3284007, 43.1737096], [-8.3284822, 43.1735951], [-8.3286259, 43.1734897], [-8.3289047, 43.1734546], [-8.3290499, 43.1734921], [-8.3291832, 43.1735627], [-8.3292431, 43.1735404], [-8.3294738, 43.1735147], [-8.3297039, 43.1735435], [-8.3299097, 43.1736238], [-8.3300703, 43.1737473]]]}, "properties": {"osm_id": "168328185", "osm_type": "way", "label_class": "1", "site_class": "castro", "name": "Castro Maior", "confidence": "high", "evidence": "fortification_type=hill_fort", "archaeological_site": "fortification", "civilization": "celtic", "fortification_type": "hill_fort", "wikidata": "Q12385708", "centroid_lon": "-8.32929191", "centroid_lat": "43.17394543", "area_m2": "13264.9", "perimeter_m": "434.5", "equivalent_radius_m": "65.0", "circularity": "0.8829", "vertices": "26", "matched_catalogue_id": "wl-pos-pos-es-pba-113", "matched_catalogue_name": "Castro Maior", "matched_distance_m": "22"}}, {"type": "Feature", "geometry": {"type": "Polygon", "coordinates": [[[-8.3586157, 43.1661892], [-8.3587361, 43.1662256], [-8.3590107, 43.1662817], [-8.3593369, 43.1662563], [-8.3595336, 43.166183], [-8.3596937, 43.1660942], [-8.359817, 43.165947], [-8.359877, 43.165827], [-8.3598989, 43.1657473], [-8.3599089, 43.165653], [-8.359915, 43.1655083], [-8.3598971, 43.1653617], [-8.359878, 43.1652447], [-8.3598251, 43.165097], [-8.3597692, 43.16503], [-8.3596162, 43.1649721], [-8.3594243, 43.1649355], [-8.3592523, 43.1649642], [-8.3591043, 43.1650307], [-8.3589243, 43.1651317], [-8.3587785, 43.1650659], [-8.3585687, 43.1650061], [-8.3584146, 43.164992], [-8.3582635, 43.1649967], [-8.3581737, 43.1650721], [-8.3580708, 43.1651243], [-8.3579592, 43.1652248], [-8.3579117, 43.165289], [-8.3579062, 43.165363], [-8.3579119, 43.1654286], [-8.3579498, 43.1655281], [-8.3580056, 43.1656233], [-8.3580294, 43.1656969], [-8.3580201, 43.1658134], [-8.3580157, 43.1659952], [-8.3580423, 43.1660969], [-8.3580819, 43.1661658], [-8.3581933, 43.1662317], [-8.3583511, 43.1662742], [-8.358526, 43.1662522], [-8.3586157, 43.1661892]]]}, "properties": {"osm_id": "172999707", "osm_type": "way", "label_class": "1", "site_class": "castro", "name": "Castro das Travesas", "confidence": "medium", "evidence": "site=fortification,civ=celtic", "archaeological_site": "fortification", "civilization": "celtic", "fortification_type": "", "wikidata": "Q20550506", "centroid_lon": "-8.35882498", "centroid_lat": "43.16558804", "area_m2": "20187.1", "perimeter_m": "546.8", "equivalent_radius_m": "80.2", "circularity": "0.8485", "vertices": "41", "matched_catalogue_id": "wl-pos-pos-es-pba-6564", "matched_catalogue_name": "Castro das Travesas", "matched_distance_m": "27"}}, {"type": "Feature", "geometry": {"type": "Polygon", "coordinates": [[[-8.124285, 43.5626466], [-8.1243521, 43.5626019], [-8.1243599, 43.562509], [-8.1242555, 43.562429], [-8.1241051, 43.5624177], [-8.12399, 43.5625067], [-8.1240222, 43.5626097], [-8.124148, 43.5626412], [-8.124285, 43.5626466]]]}, "properties": {"osm_id": "173993062", "osm_type": "way", "label_class": "0", "site_class": "mound", "name": "Mámoa Auga Apozada-Nenos", "confidence": "high", "evidence": "archaeological_site=tumulus", "archaeological_site": "tumulus", "civilization": "", "fortification_type": "", "wikidata": "", "centroid_lon": "-8.12420031", "centroid_lat": "43.56255649", "area_m2": "586.0", "perimeter_m": "89.3", "equivalent_radius_m": "13.7", "circularity": "0.9233", "vertices": "9", "matched_catalogue_id": "wl-neg-neg-es-pba-14261", "matched_catalogue_name": "Mámoa do Monte dos Niños 07", "matched_distance_m": "4"}}, {"type": "Feature", "geometry": {"type": "Polygon", "coordinates": [[[-8.4734453, 43.337504], [-8.4737999, 43.3372114], [-8.4736389, 43.3370317], [-8.4733809, 43.3367469], [-8.4731505, 43.3365752], [-8.4725011, 43.3362484], [-8.4718692, 43.3366384], [-8.4717077, 43.3367966], [-8.4716796, 43.33702], [-8.4718177, 43.3372063], [-8.4722383, 43.337536], [-8.4727568, 43.3376105], [-8.473068, 43.3376092], [-8.4734453, 43.337504]]]}, "properties": {"osm_id": "174788687", "osm_type": "way", "label_class": "1", "site_class": "castro", "name": "Castro de Pastoriza", "confidence": "high", "evidence": "fortification_type=hill_fort", "archaeological_site": "fortification", "civilization": "celtic", "fortification_type": "hill_fort", "wikidata": "Q12385752", "centroid_lon": "-8.47274994", "centroid_lat": "43.33708847", "area_m2": "16805.7", "perimeter_m": "484.3", "equivalent_radius_m": "73.1", "circularity": "0.9006", "vertices": "14", "matched_catalogue_id": "wl-pos-pos-es-pba-1653", "matched_catalogue_name": "Castro da Pastoriza", "matched_distance_m": "7"}}, {"type": "Feature", "geometry": {"type": "Polygon", "coordinates": [[[-8.6634441, 41.9670449], [-8.663428, 41.9673041], [-8.6631545, 41.9674357], [-8.6633798, 41.9676152], [-8.663409, 41.9678089], [-8.6632802, 41.9678767], [-8.6630614, 41.9682743], [-8.6633637, 41.9682175], [-8.6637982, 41.9682295], [-8.6641683, 41.9683132], [-8.6639752, 41.9686842], [-8.6644097, 41.9686363], [-8.6648603, 41.9687679], [-8.6650535, 41.9688357], [-8.6650427, 41.9684209], [-8.6656167, 41.9686483], [-8.6657227, 41.9683567], [-8.6634441, 41.9670449]]]}, "properties": {"osm_id": "183927955", "osm_type": "way", "label_class": "1", "site_class": "castro", "name": "Forte de São Jorge", "confidence": "high", "evidence": "fortification_type=hill_fort", "archaeological_site": "fortification", "civilization": "", "fortification_type": "hill_fort", "wikidata": "", "centroid_lon": "-8.66406871", "centroid_lat": "41.96814529", "area_m2": "18822.3", "perimeter_m": "770.1", "equivalent_radius_m": "77.4", "circularity": "0.3988", "vertices": "17", "matched_catalogue_id": "wl-neg-neg-pt-dgpc-108516", "matched_catalogue_name": "Forte de São Jorge/ Fortificação do Monte da Chãs/ Forte da Silva", "matched_distance_m": "40"}}, {"type": "Feature", "geometry": {"type": "Polygon", "coordinates": [[[-8.6485369, 42.0011539], [-8.6487712, 42.0010403], [-8.6489822, 42.0011224], [-8.648975, 42.0009368], [-8.6491707, 42.000835], [-8.6489966, 42.0007347], [-8.6490218, 42.0005257], [-8.6487697, 42.0006382], [-8.648555, 42.0005285], [-8.6485427, 42.0007409], [-8.6482488, 42.0008654], [-8.6485288, 42.0009236], [-8.6485369, 42.0011539]]]}, "properties": {"osm_id": "187312467", "osm_type": "way", "label_class": "1", "site_class": "castro", "name": "Forte de Belém", "confidence": "medium", "evidence": "site=fortification,civ=none", "archaeological_site": "fortification", "civilization": "", "fortification_type": "sconce", "wikidata": "Q116178108", "centroid_lon": "-8.64874125", "centroid_lat": "42.00086148", "area_m2": "2518.5", "perimeter_m": "272.1", "equivalent_radius_m": "28.3", "circularity": "0.4275", "vertices": "13", "matched_catalogue_id": "wl-neg-neg-pt-dgpc-113811", "matched_catalogue_name": "Forte de Belém", "matched_distance_m": "5"}}, {"type": "Feature", "geometry": {"type": "Polygon", "coordinates": [[[-8.3263441, 43.3529725], [-8.3258739, 43.3533267], [-8.3254931, 43.3534469], [-8.3249097, 43.353429], [-8.3244902, 43.3532304], [-8.3240428, 43.3528321], [-8.3238588, 43.3525862], [-8.3239033, 43.3522509], [-8.3239222, 43.3519543], [-8.3242359, 43.351658], [-8.3246811, 43.3516034], [-8.3256092, 43.3518296], [-8.3265426, 43.3523133], [-8.3266774, 43.3524809], [-8.3266821, 43.3526722], [-8.3263441, 43.3529725]]]}, "properties": {"osm_id": "190137031", "osm_type": "way", "label_class": "1", "site_class": "castro", "name": "Castro de Xaz", "confidence": "high", "evidence": "fortification_type=hill_fort", "archaeological_site": "fortification", "civilization": "celtic", "fortification_type": "hill_fort", "wikidata": "Q12385776", "centroid_lon": "-8.32522566", "centroid_lat": "43.35259743", "area_m2": "33160.0", "perimeter_m": "671.4", "equivalent_radius_m": "102.7", "circularity": "0.9243", "vertices": "16", "matched_catalogue_id": "wl-pos-pos-es-pba-15428", "matched_catalogue_name": "Castro de Xaz/Castro de Abeleiras/Os Redondos", "matched_distance_m": "9"}}, {"type": "Feature", "geometry": {"type": "Polygon", "coordinates": [[[-8.4919382, 43.3128896], [-8.4917746, 43.3127861], [-8.49156, 43.3127432], [-8.4912793, 43.3127728], [-8.4909387, 43.3128762], [-8.4907643, 43.3131299], [-8.4907607, 43.3132994], [-8.4910031, 43.3135398], [-8.4913142, 43.313612], [-8.4916146, 43.3135983], [-8.4918936, 43.3134597], [-8.4920759, 43.3132782], [-8.4920706, 43.3130811], [-8.4919382, 43.3128896]]]}, "properties": {"osm_id": "191993585", "osm_type": "way", "label_class": "1", "site_class": "castro", "name": "Castro de Laxobre", "confidence": "high", "evidence": "fortification_type=hill_fort", "archaeological_site": "fortification", "civilization": "celtic", "fortification_type": "hill_fort", "wikidata": "", "centroid_lon": "-8.49149471", "centroid_lat": "43.31313971", "area_m2": "7952.1", "perimeter_m": "321.1", "equivalent_radius_m": "50.3", "circularity": "0.9691", "vertices": "14", "matched_catalogue_id": "wl-pos-pos-es-pba-1689", "matched_catalogue_name": "Castro de Laxobre/Coto do Castro", "matched_distance_m": "12"}}, {"type": "Feature", "geometry": {"type": "Polygon", "coordinates": [[[-7.5305141, 43.0212027], [-7.5305635, 43.0212302], [-7.5306227, 43.0212438], [-7.5306847, 43.0212421], [-7.5307424, 43.0212253], [-7.5307889, 43.0211953], [-7.530819, 43.0211556], [-7.530829, 43.0211109], [-7.5308179, 43.0210662], [-7.5307869, 43.0210269], [-7.5307634, 43.0210097], [-7.5307278, 43.0209928], [-7.5307059, 43.0209862], [-7.530682, 43.0209815], [-7.5306443, 43.020979], [-7.5305927, 43.0209851], [-7.5305177, 43.0210185], [-7.5304719, 43.0210761], [-7.5304654, 43.0211191], [-7.5304801, 43.0211648], [-7.5305141, 43.0212027]]]}, "properties": {"osm_id": "203378621", "osm_type": "way", "label_class": "0", "site_class": "mound", "name": "Mámoa de San Cibrao 5", "confidence": "high", "evidence": "archaeological_site=tumulus", "archaeological_site": "tumulus", "civilization": "", "fortification_type": "", "wikidata": "", "centroid_lon": "-7.53065402", "centroid_lat": "43.02110545", "area_m2": "674.5", "perimeter_m": "92.5", "equivalent_radius_m": "14.7", "circularity": "0.9896", "vertices": "21", "matched_catalogue_id": "", "matched_catalogue_name": "", "matched_distance_m": ""}}, {"type": "Feature", "geometry": {"type": "Polygon", "coordinates": [[[-7.7862308, 42.6125198], [-7.7859089, 42.6124448], [-7.7856803, 42.6123553], [-7.7853531, 42.6123238], [-7.7850688, 42.6124106], [-7.7848166, 42.6126633], [-7.7847683, 42.612833], [-7.7849916, 42.6131555], [-7.785276, 42.6133804], [-7.7855495, 42.6134081], [-7.7858251, 42.61337], [-7.7860216, 42.613337], [-7.7862844, 42.6132581], [-7.7864185, 42.6131475], [-7.7865795, 42.6129383], [-7.7864883, 42.6126817], [-7.7862308, 42.6125198]]]}, "properties": {"osm_id": "206162331", "osm_type": "way", "label_class": "1", "site_class": "castro", "name": "Castro de Centulle", "confidence": "high", "evidence": "fortification_type=hill_fort", "archaeological_site": "fortification", "civilization": "castro_culture", "fortification_type": "hill_fort", "wikidata": "", "centroid_lon": "-7.78573483", "centroid_lat": "42.61286747", "area_m2": "12955.9", "perimeter_m": "415.7", "equivalent_radius_m": "64.2", "circularity": "0.9421", "vertices": "17", "matched_catalogue_id": "wl-pos-pos-es-pba-29398", "matched_catalogue_name": "Castro de Centulle", "matched_distance_m": "43"}}, {"type": "Feature", "geometry": {"type": "Polygon", "coordinates": [[[-7.1846684, 42.6182248], [-7.1845382, 42.6181857], [-7.1844678, 42.6181478], [-7.1844491, 42.6180964], [-7.1845001, 42.6180135], [-7.1845812, 42.6179524], [-7.1847073, 42.6179583], [-7.1848595, 42.6180095], [-7.1848192, 42.6180668], [-7.1847985, 42.6181261], [-7.1848112, 42.6181516], [-7.1847743, 42.6181971], [-7.1847341, 42.6181853], [-7.1846684, 42.6182248]]]}, "properties": {"osm_id": "230095314", "osm_type": "way", "label_class": "1", "site_class": "castro", "name": "Castro da Torre de Sobredo", "confidence": "high", "evidence": "civilization=castro_culture", "archaeological_site": "settlement", "civilization": "castro_culture", "fortification_type": "", "wikidata": "Q94397615", "centroid_lon": "-7.18466981", "centroid_lat": "42.61811001", "area_m2": "700.1", "perimeter_m": "101.7", "equivalent_radius_m": "14.9", "circularity": "0.8505", "vertices": "14", "matched_catalogue_id": "wl-pos-pos-es-pba-29063", "matched_catalogue_name": "Castro de Sobredo", "matched_distance_m": "50"}}, {"type": "Feature", "geometry": {"type": "Polygon", "coordinates": [[[-8.7913956, 42.3057621], [-8.791417, 42.3058802], [-8.7913366, 42.3059734], [-8.7912571, 42.3060502], [-8.7910832, 42.3059954], [-8.7909771, 42.3059655], [-8.7908779, 42.305908], [-8.7908844, 42.3058377], [-8.7913956, 42.3057621]]]}, "properties": {"osm_id": "237686211", "osm_type": "way", "label_class": "0", "site_class": "mound", "name": "", "confidence": "high", "evidence": "archaeological_site=tumulus", "archaeological_site": "tumulus", "civilization": "", "fortification_type": "", "wikidata": "", "centroid_lon": "-8.79118050", "centroid_lat": "42.30590384", "area_m2": "894.6", "perimeter_m": "122.4", "equivalent_radius_m": "16.9", "circularity": "0.7505", "vertices": "9", "matched_catalogue_id": "wl-neg-neg-es-pba-61295", "matched_catalogue_name": "Mámoa de Tomada de Martínez 2", "matched_distance_m": "42"}}, {"type": "Feature", "geometry": {"type": "Polygon", "coordinates": [[[-7.7838495, 42.8264693], [-7.7842303, 42.8264615], [-7.7849814, 42.8264379], [-7.78555, 42.8263159], [-7.7857431, 42.8261388], [-7.7857002, 42.8259185], [-7.78555, 42.8256038], [-7.7852979, 42.8253834], [-7.7850779, 42.8252103], [-7.7846273, 42.8251946], [-7.7841177, 42.8252261], [-7.7837422, 42.8252575], [-7.7835383, 42.8253126], [-7.7833613, 42.8255054], [-7.7832755, 42.8256352], [-7.7834471, 42.8261192], [-7.7838495, 42.8264693]]]}, "properties": {"osm_id": "268534208", "osm_type": "way", "label_class": "1", "site_class": "castro", "name": "Castro Cercio", "confidence": "high", "evidence": "fortification_type=hill_fort", "archaeological_site": "fortification", "civilization": "castro_culture", "fortification_type": "hill_fort", "wikidata": "", "centroid_lon": "-7.78446701", "centroid_lat": "42.82580349", "area_m2": "22915.1", "perimeter_m": "562.1", "equivalent_radius_m": "85.4", "circularity": "0.9114", "vertices": "17", "matched_catalogue_id": "wl-pos-pos-es-pba-35342", "matched_catalogue_name": "Castro Cercio", "matched_distance_m": "28"}}, {"type": "Feature", "geometry": {"type": "Polygon", "coordinates": [[[-7.7194972, 42.8335459], [-7.7195809, 42.8335872], [-7.719679, 42.8335949], [-7.7198359, 42.8336199], [-7.7200926, 42.8336326], [-7.7202251, 42.8335928], [-7.7203608, 42.8335218], [-7.7204313, 42.8333939], [-7.7204094, 42.8333014], [-7.720334, 42.8331933], [-7.720157, 42.8330123], [-7.7200351, 42.8329441], [-7.7199303, 42.8329042], [-7.7197869, 42.8328833], [-7.719624, 42.8328968], [-7.7194508, 42.8329464], [-7.7193732, 42.8330026], [-7.7192761, 42.8331189], [-7.7191646, 42.8332804], [-7.719233, 42.8333133], [-7.7192701, 42.8333628], [-7.7193405, 42.8334344], [-7.7194972, 42.8335459]]]}, "properties": {"osm_id": "268534218", "osm_type": "way", "label_class": "1", "site_class": "castro", "name": "Castro de Castromaior", "confidence": "high", "evidence": "fortification_type=hill_fort", "archaeological_site": "fortification", "civilization": "castro_culture", "fortification_type": "hill_fort", "wikidata": "Q20550533", "centroid_lon": "-7.71976457", "centroid_lat": "42.83328822", "area_m2": "6133.7", "perimeter_m": "287.3", "equivalent_radius_m": "44.2", "circularity": "0.9337", "vertices": "23", "matched_catalogue_id": "wl-pos-pos-es-pba-38430", "matched_catalogue_name": "Castro de Castromaior", "matched_distance_m": "70"}}, {"type": "Feature", "geometry": {"type": "Polygon", "coordinates": [[[-8.2293996, 43.4561199], [-8.229802, 43.4558902], [-8.2299039, 43.455528], [-8.2298931, 43.454831], [-8.229126, 43.4547258], [-8.2281122, 43.4549361], [-8.2277367, 43.4554852], [-8.2282999, 43.456042], [-8.2293996, 43.4561199]]]}, "properties": {"osm_id": "286866416", "osm_type": "way", "label_class": "1", "site_class": "castro", "name": "Castro de Noville", "confidence": "medium", "evidence": "site=settlement,civ=celtic", "archaeological_site": "settlement", "civilization": "celtic", "fortification_type": "", "wikidata": "Q20542363", "centroid_lon": "-8.22907478", "centroid_lat": "43.45551979", "area_m2": "21191.8", "perimeter_m": "542.8", "equivalent_radius_m": "82.1", "circularity": "0.9038", "vertices": "9", "matched_catalogue_id": "", "matched_catalogue_name": "", "matched_distance_m": ""}}, {"type": "Feature", "geometry": {"type": "Polygon", "coordinates": [[[-7.169476, 43.5394192], [-7.1693353, 43.5393358], [-7.1691502, 43.5393071], [-7.1690556, 43.5393604], [-7.1690032, 43.5394132], [-7.1689412, 43.5395109], [-7.1690175, 43.539643], [-7.1691291, 43.5397218], [-7.1692757, 43.53972], [-7.1694772, 43.5396292], [-7.1695302, 43.5395217], [-7.169476, 43.5394192]]]}, "properties": {"osm_id": "291619253", "osm_type": "way", "label_class": "0", "site_class": "mound", "name": "Círculo Lítico da Roda", "confidence": "high", "evidence": "archaeological_site=megalith", "archaeological_site": "megalith", "civilization": "", "fortification_type": "", "wikidata": "Q31283162", "centroid_lon": "-7.16923893", "centroid_lat": "43.53950012", "area_m2": "1560.3", "perimeter_m": "143.2", "equivalent_radius_m": "22.3", "circularity": "0.9556", "vertices": "12", "matched_catalogue_id": "", "matched_catalogue_name": "", "matched_distance_m": ""}}, {"type": "Feature", "geometry": {"type": "Polygon", "coordinates": [[[-8.2744072, 43.1964114], [-8.2741148, 43.19656], [-8.2738198, 43.1965815], [-8.2735247, 43.1965189], [-8.2731707, 43.1963977], [-8.2730169, 43.1962396], [-8.2730625, 43.1960075], [-8.2731268, 43.1958745], [-8.2732288, 43.1957494], [-8.2735053, 43.1956823], [-8.2738627, 43.1956797], [-8.2741529, 43.1957778], [-8.2743972, 43.1959816], [-8.2744927, 43.1962216], [-8.2744072, 43.1964114]]]}, "properties": {"osm_id": "300617285", "osm_type": "way", "label_class": "1", "site_class": "castro", "name": "Castro de Leiro", "confidence": "medium", "evidence": "site=fortification,civ=none", "archaeological_site": "fortification", "civilization": "", "fortification_type": "", "wikidata": "Q12385738", "centroid_lon": "-8.27375268", "centroid_lat": "43.19613966", "area_m2": "9209.2", "perimeter_m": "348.0", "equivalent_radius_m": "54.1", "circularity": "0.9553", "vertices": "15", "matched_catalogue_id": "wl-pos-pos-es-pba-87", "matched_catalogue_name": "Castro de Leiro", "matched_distance_m": "20"}}, {"type": "Feature", "geometry": {"type": "Polygon", "coordinates": [[[-8.0317838, 42.3596709], [-8.0316068, 42.3594041], [-8.0315431, 42.3591688], [-8.0314369, 42.3590066], [-8.0308211, 42.3582953], [-8.0304247, 42.3581331], [-8.0300496, 42.358086], [-8.0289878, 42.3584626], [-8.0285419, 42.358834], [-8.0283012, 42.3591897], [-8.0282685, 42.3595738], [-8.0281946, 42.3599586], [-8.0281627, 42.3605338], [-8.0281144, 42.3610571], [-8.0282486, 42.3615486], [-8.0289942, 42.3618855], [-8.0295253, 42.3619172], [-8.0301315, 42.3617388], [-8.0306076, 42.3616317], [-8.0312299, 42.3613781], [-8.031305, 42.3612909], [-8.0316111, 42.3607211], [-8.0318714, 42.3602273], [-8.0318633, 42.3599738], [-8.0317838, 42.3596709]]]}, "properties": {"osm_id": "306813080", "osm_type": "way", "label_class": "1", "site_class": "castro", "name": "Castro de San Cibrao de Las", "confidence": "high", "evidence": "fortification_type=hill_fort", "archaeological_site": "fortification", "civilization": "castro_culture", "fortification_type": "hill_fort", "wikidata": "Q2742973", "centroid_lon": "-8.03013635", "centroid_lat": "42.36005433", "area_m2": "100660.1", "perimeter_m": "1173.3", "equivalent_radius_m": "179.0", "circularity": "0.9188", "vertices": "25", "matched_catalogue_id": "", "matched_catalogue_name": "", "matched_distance_m": ""}}, {"type": "Feature", "geometry": {"type": "Polygon", "coordinates": [[[-8.2052547, 43.5468719], [-8.2054344, 43.5468077], [-8.2054961, 43.5466794], [-8.2054371, 43.5465239], [-8.2053003, 43.5464986], [-8.2051206, 43.5465317], [-8.2050669, 43.5465919], [-8.2051581, 43.546866], [-8.2052547, 43.5468719]]]}, "properties": {"osm_id": "312307690", "osm_type": "way", "label_class": "0", "site_class": "mound", "name": "Mámoa de Santa Margarida", "confidence": "high", "evidence": "archaeological_site=tumulus", "archaeological_site": "tumulus", "civilization": "", "fortification_type": "", "wikidata": "", "centroid_lon": "-8.20528032", "centroid_lat": "43.54669367", "area_m2": "1069.1", "perimeter_m": "122.8", "equivalent_radius_m": "18.4", "circularity": "0.8912", "vertices": "9", "matched_catalogue_id": "wl-neg-neg-es-pba-14299", "matched_catalogue_name": "Mámoa do Val/Mámoa de Santa Margarida", "matched_distance_m": "10"}}, {"type": "Feature", "geometry": {"type": "Polygon", "coordinates": [[[-7.8292021, 43.2450094], [-7.8289095, 43.2449181], [-7.828665, 43.2446704], [-7.828488, 43.2444268], [-7.8283935, 43.2441886], [-7.8284728, 43.2439684], [-7.8285903, 43.2438116], [-7.8288585, 43.24371], [-7.8291507, 43.2437308], [-7.8294949, 43.243755], [-7.8298477, 43.2439871], [-7.8299024, 43.2442902], [-7.8298508, 43.244544], [-7.8297597, 43.244879], [-7.8295324, 43.2450126], [-7.8292021, 43.2450094]]]}, "properties": {"osm_id": "313112532", "osm_type": "way", "label_class": "1", "site_class": "castro", "name": "Castro da Abeleira", "confidence": "high", "evidence": "fortification_type=hill_fort", "archaeological_site": "fortification", "civilization": "castro_culture", "fortification_type": "hill_fort", "wikidata": "", "centroid_lon": "-7.82914502", "centroid_lat": "43.24436946", "area_m2": "13690.0", "perimeter_m": "429.3", "equivalent_radius_m": "66.0", "circularity": "0.9336", "vertices": "16", "matched_catalogue_id": "wl-pos-pos-es-pba-30079", "matched_catalogue_name": "Castro das Modias", "matched_distance_m": "92"}}, {"type": "Feature", "geometry": {"type": "Polygon", "coordinates": [[[-7.7211144, 43.2098605], [-7.7207696, 43.2099682], [-7.7203362, 43.2104134], [-7.7201097, 43.210679], [-7.7203855, 43.2110667], [-7.7210257, 43.211081], [-7.7215675, 43.2108513], [-7.7218335, 43.2105426], [-7.7219024, 43.2102123], [-7.721735, 43.2099682], [-7.7214986, 43.2098893], [-7.7211144, 43.2098605]]]}, "properties": {"osm_id": "313112534", "osm_type": "way", "label_class": "1", "site_class": "castro", "name": "Castro de Fraga do Pazo", "confidence": "high", "evidence": "fortification_type=hill_fort", "archaeological_site": "fortification", "civilization": "castro_culture", "fortification_type": "hill_fort", "wikidata": "", "centroid_lon": "-7.72111604", "centroid_lat": "43.21036608", "area_m2": "13873.0", "perimeter_m": "438.0", "equivalent_radius_m": "66.5", "circularity": "0.9086", "vertices": "12", "matched_catalogue_id": "wl-pos-pos-es-pba-30075", "matched_catalogue_name": "Castro da Fraga do Pazo", "matched_distance_m": "5"}}, {"type": "Feature", "geometry": {"type": "Polygon", "coordinates": [[[-7.8075044, 43.2228878], [-7.8072639, 43.2231014], [-7.8072564, 43.2232766], [-7.8074443, 43.2236052], [-7.8078502, 43.2238626], [-7.8082184, 43.2238626], [-7.8086694, 43.2237531], [-7.8088498, 43.2235505], [-7.8089851, 43.2232766], [-7.8089851, 43.222948], [-7.8086544, 43.2226906], [-7.8081282, 43.2226468], [-7.8077449, 43.2227125], [-7.8075044, 43.2228878]]]}, "properties": {"osm_id": "313112535", "osm_type": "way", "label_class": "1", "site_class": "castro", "name": "Castro da Modia da Fraga do Rei", "confidence": "high", "evidence": "fortification_type=hill_fort", "archaeological_site": "fortification", "civilization": "castro_culture", "fortification_type": "hill_fort", "wikidata": "", "centroid_lon": "-7.80807564", "centroid_lat": "43.22321872", "area_m2": "14818.7", "perimeter_m": "439.6", "equivalent_radius_m": "68.7", "circularity": "0.9636", "vertices": "14", "matched_catalogue_id": "wl-pos-pos-es-pba-30076", "matched_catalogue_name": "Castro da Modia da Fraga do Rei", "matched_distance_m": "3"}}, {"type": "Feature", "geometry": {"type": "Polygon", "coordinates": [[[-7.8061663, 43.1874962], [-7.8057687, 43.1874627], [-7.8055241, 43.1875185], [-7.8053253, 43.1877805], [-7.8053865, 43.1881595], [-7.8056082, 43.1883379], [-7.8058911, 43.1882821], [-7.8061433, 43.1880257], [-7.8062351, 43.1877805], [-7.8062427, 43.1876188], [-7.8061663, 43.1874962]]]}, "properties": {"osm_id": "313112536", "osm_type": "way", "label_class": "1", "site_class": "castro", "name": "Castro de Quintán", "confidence": "high", "evidence": "fortification_type=hill_fort", "archaeological_site": "fortification", "civilization": "castro_culture", "fortification_type": "hill_fort", "wikidata": "", "centroid_lon": "-7.80585978", "centroid_lat": "43.18781442", "area_m2": "5454.5", "perimeter_m": "276.1", "equivalent_radius_m": "41.7", "circularity": "0.8991", "vertices": "11", "matched_catalogue_id": "wl-pos-pos-es-pba-32093", "matched_catalogue_name": "Os Castros de Quintán", "matched_distance_m": "50"}}, {"type": "Feature", "geometry": {"type": "Polygon", "coordinates": [[[-7.8316937, 43.2026729], [-7.8312744, 43.2027847], [-7.8310903, 43.2030903], [-7.8309676, 43.2034109], [-7.831121, 43.2037762], [-7.8316732, 43.2039625], [-7.8321437, 43.2039103], [-7.8323789, 43.2037165], [-7.8324811, 43.2033736], [-7.8323687, 43.2029934], [-7.8322152, 43.202807], [-7.8319596, 43.2026803], [-7.8316937, 43.2026729]]]}, "properties": {"osm_id": "313112537", "osm_type": "way", "label_class": "1", "site_class": "castro", "name": "Castro de San Salvador de Parga", "confidence": "high", "evidence": "fortification_type=hill_fort", "archaeological_site": "fortification", "civilization": "castro_culture", "fortification_type": "hill_fort", "wikidata": "", "centroid_lon": "-7.83177393", "centroid_lat": "43.20321935", "area_m2": "13543.9", "perimeter_m": "423.0", "equivalent_radius_m": "65.7", "circularity": "0.9512", "vertices": "13", "matched_catalogue_id": "wl-pos-pos-es-pba-30117", "matched_catalogue_name": "Castro de Vigo", "matched_distance_m": "12"}}, {"type": "Feature", "geometry": {"type": "Polygon", "coordinates": [[[-8.6411172, 42.9621567], [-8.6413027, 42.9621878], [-8.6414669, 42.9621025], [-8.6414881, 42.9620133], [-8.6414351, 42.9619164], [-8.6412975, 42.9619231], [-8.6411967, 42.96199], [-8.6411067, 42.9620753], [-8.6411172, 42.9621567]]]}, "properties": {"osm_id": "314480610", "osm_type": "way", "label_class": "1", "site_class": "castro", "name": "Castro de Portomouro de Arriba", "confidence": "medium", "evidence": "site=fortification,civ=celtic", "archaeological_site": "fortification", "civilization": "celtic", "fortification_type": "", "wikidata": "", "centroid_lon": "-8.64128090", "centroid_lat": "42.96205798", "area_m2": "658.2", "perimeter_m": "97.0", "equivalent_radius_m": "14.5", "circularity": "0.8786", "vertices": "9", "matched_catalogue_id": "wl-pos-pos-es-pba-24437", "matched_catalogue_name": "Castro de Portomouro", "matched_distance_m": "23"}}, {"type": "Feature", "geometry": {"type": "Polygon", "coordinates": [[[-7.6177097, 43.0193597], [-7.6176991, 43.0194503], [-7.6177368, 43.019537], [-7.6178169, 43.0196065], [-7.6179274, 43.0196484], [-7.6180513, 43.0196561], [-7.6181699, 43.0196286], [-7.618265, 43.01957], [-7.6183222, 43.0194892], [-7.6183328, 43.0193986], [-7.6182951, 43.019312], [-7.618215, 43.0192424], [-7.6181046, 43.0192006], [-7.6179806, 43.0191928], [-7.6178621, 43.0192204], [-7.6177669, 43.019279], [-7.6177097, 43.0193597]]]}, "properties": {"osm_id": "317236422", "osm_type": "way", "label_class": "0", "site_class": "mound", "name": "Corro dos Mouros", "confidence": "high", "evidence": "archaeological_site=megalith", "archaeological_site": "megalith", "civilization": "", "fortification_type": "", "wikidata": "", "centroid_lon": "-7.61799795", "centroid_lat": "43.01942066", "area_m2": "2060.9", "perimeter_m": "162.0", "equivalent_radius_m": "25.6", "circularity": "0.9871", "vertices": "17", "matched_catalogue_id": "wl-pos-pos-es-pba-32817", "matched_catalogue_name": "O Castrillón", "matched_distance_m": "3"}}, {"type": "Feature", "geometry": {"type": "Polygon", "coordinates": [[[-7.6813474, 43.0454698], [-7.6811941, 43.0453085], [-7.6811006, 43.0450625], [-7.6810744, 43.0448657], [-7.6811904, 43.0447373], [-7.6814596, 43.0445077], [-7.6816429, 43.0444476], [-7.6817588, 43.0443738], [-7.6819421, 43.0443765], [-7.6824545, 43.0446143], [-7.6825779, 43.0449395], [-7.6826302, 43.0452293], [-7.6821665, 43.0454397], [-7.6817588, 43.045549], [-7.6814522, 43.0455135], [-7.6813474, 43.0454698]]]}, "properties": {"osm_id": "321060298", "osm_type": "way", "label_class": "1", "site_class": "castro", "name": "Castro da Rodela", "confidence": "high", "evidence": "fortification_type=hill_fort", "archaeological_site": "fortification", "civilization": "castro_culture", "fortification_type": "hill_fort", "wikidata": "", "centroid_lon": "-7.68169361", "centroid_lat": "43.04499403", "area_m2": "12063.3", "perimeter_m": "401.1", "equivalent_radius_m": "62.0", "circularity": "0.9421", "vertices": "16", "matched_catalogue_id": "wl-pos-pos-es-pba-31498", "matched_catalogue_name": "A Castronela/A Rodela", "matched_distance_m": "14"}}, {"type": "Feature", "geometry": {"type": "Polygon", "coordinates": [[[-8.4436587, 42.041423], [-8.4443025, 42.0412123], [-8.4453443, 42.0408786], [-8.445699, 42.0407663], [-8.4458442, 42.0407041], [-8.4459544, 42.0406651], [-8.4460229, 42.0405878], [-8.4460555, 42.0404644], [-8.4460017, 42.0403322], [-8.4459572, 42.0400673], [-8.4460521, 42.039728], [-8.4460898, 42.0395126], [-8.4460455, 42.039212], [-8.4459322, 42.038964], [-8.4455403, 42.0385553], [-8.4452741, 42.0383302], [-8.4449581, 42.0382115], [-8.4439023, 42.0380411], [-8.4437154, 42.0379737], [-8.4434687, 42.0378619], [-8.4432638, 42.0378635], [-8.4428686, 42.0379177], [-8.4425895, 42.0379855], [-8.4422705, 42.0380808], [-8.4419189, 42.0380751], [-8.441705, 42.0380924], [-8.4415165, 42.0381334], [-8.4413824, 42.0382067], [-8.4412036, 42.0384149], [-8.441097, 42.0387089], [-8.4409271, 42.0394791], [-8.4411308, 42.0398214], [-8.4414789, 42.0401636], [-8.441677, 42.0404568], [-8.4419608, 42.040863], [-8.4423444, 42.0411703], [-8.4427663, 42.0413802], [-8.4430845, 42.0414566], [-8.4432977, 42.041494], [-8.4436587, 42.041423]]]}, "properties": {"osm_id": "332278595", "osm_type": "way", "label_class": "1", "site_class": "castro", "name": "Castro de São Caetano", "confidence": "high", "evidence": "fortification_type=hill_fort", "archaeological_site": "fortification", "civilization": "", "fortification_type": "hill_fort", "wikidata": "Q17390126", "centroid_lon": "-8.44369902", "centroid_lat": "42.03956696", "area_m2": "129051.3", "perimeter_m": "1321.8", "equivalent_radius_m": "202.7", "circularity": "0.9282", "vertices": "40", "matched_catalogue_id": "wl-neg-neg-pt-dgpc-111207", "matched_catalogue_name": "Monte Crasto / S. Caetano", "matched_distance_m": "107"}}, {"type": "Feature", "geometry": {"type": "Polygon", "coordinates": [[[-8.7389167, 42.523073], [-8.7388525, 42.5231835], [-8.738788, 42.5232944], [-8.7387343, 42.5238242], [-8.7391206, 42.5244014], [-8.7392279, 42.5245437], [-8.7394961, 42.5246228], [-8.7395176, 42.5244647], [-8.7398931, 42.5243223], [-8.7401506, 42.5242037], [-8.7402364, 42.5238321], [-8.7400003, 42.523666], [-8.7400003, 42.5234842], [-8.7399145, 42.523247], [-8.739775, 42.5229781], [-8.7397478, 42.5226542], [-8.7392064, 42.5224088], [-8.7390026, 42.5229781], [-8.7389167, 42.523073]]]}, "properties": {"osm_id": "332399998", "osm_type": "way", "label_class": "1", "site_class": "castro", "name": "Monte do Castro", "confidence": "medium", "evidence": "site=fortification,civ=celtic", "archaeological_site": "fortification", "civilization": "celtic", "fortification_type": "", "wikidata": "Q20546098", "centroid_lon": "-8.73944723", "centroid_lat": "42.52359238", "area_m2": "18474.6", "perimeter_m": "591.5", "equivalent_radius_m": "76.7", "circularity": "0.6635", "vertices": "19", "matched_catalogue_id": "wl-pos-pos-es-pba-71346", "matched_catalogue_name": "Castro de Lameán de Arriba/Monte do Castro/O Castro", "matched_distance_m": "10"}}, {"type": "Feature", "geometry": {"type": "Polygon", "coordinates": [[[-8.9526714, 43.1949729], [-8.9527894, 43.194879], [-8.9527787, 43.1947323], [-8.9527384, 43.1944429], [-8.9527496, 43.1941947], [-8.9521707, 43.1941454], [-8.9520372, 43.1942834], [-8.9518292, 43.1943862], [-8.9516065, 43.1945368], [-8.9516843, 43.1946639], [-8.9517567, 43.1947304], [-8.9518372, 43.194789], [-8.9519525, 43.1947832], [-8.9519874, 43.1947362], [-8.9520169, 43.1946913], [-8.952092, 43.1947069], [-8.9521537, 43.1946932], [-8.9521993, 43.1948027], [-8.9522959, 43.1948399], [-8.9523418, 43.1948864], [-8.9524078, 43.1949222], [-8.9524943, 43.194965], [-8.9526714, 43.1949729]]]}, "properties": {"osm_id": "332400381", "osm_type": "way", "label_class": "1", "site_class": "castro", "name": "Castro de Borneiro", "confidence": "medium", "evidence": "site=fortification,civ=celtic", "archaeological_site": "fortification", "civilization": "celtic", "fortification_type": "", "wikidata": "Q2513122", "centroid_lon": "-8.95222880", "centroid_lat": "43.19468508", "area_m2": "5775.3", "perimeter_m": "325.9", "equivalent_radius_m": "42.9", "circularity": "0.6835", "vertices": "23", "matched_catalogue_id": "wl-neg-neg-es-pba-4283", "matched_catalogue_name": "Mámoa de Prado Garrido", "matched_distance_m": "244"}}, {"type": "Feature", "geometry": {"type": "Polygon", "coordinates": [[[-8.6605697, 42.9624891], [-8.6604674, 42.9625818], [-8.6604152, 42.9626917], [-8.6603447, 42.9627639], [-8.6603441, 42.9628566], [-8.6604994, 42.9629344], [-8.660643, 42.9629701], [-8.6608022, 42.96296], [-8.6609323, 42.9629576], [-8.6610544, 42.9629247], [-8.6611556, 42.9628648], [-8.6612251, 42.9627842], [-8.6613183, 42.9626686], [-8.6613099, 42.9625406], [-8.6612325, 42.9624076], [-8.6611489, 42.9622828], [-8.6610314, 42.9622066], [-8.6608617, 42.9622149], [-8.6606856, 42.9622632], [-8.6606294, 42.9624109], [-8.6605697, 42.9624891]]]}, "properties": {"osm_id": "337411036", "osm_type": "way", "label_class": "1", "site_class": "castro", "name": "Castro de Xermán", "confidence": "medium", "evidence": "site=fortification,civ=none", "archaeological_site": "fortification", "civilization": "", "fortification_type": "", "wikidata": "", "centroid_lon": "-8.66082098", "centroid_lat": "42.96263158", "area_m2": "4731.9", "perimeter_m": "259.3", "equivalent_radius_m": "38.8", "circularity": "0.8843", "vertices": "21", "matched_catalogue_id": "wl-pos-pos-es-pba-24373", "matched_catalogue_name": "Bico do Castro", "matched_distance_m": "8"}}, {"type": "Feature", "geometry": {"type": "Polygon", "coordinates": [[[-8.6129501, 42.9775425], [-8.6129742, 42.9774503], [-8.6129099, 42.9773855], [-8.6128535, 42.9773306], [-8.6127597, 42.9772894], [-8.6125317, 42.9772756], [-8.6124859, 42.9772706], [-8.6123359, 42.977254], [-8.6121991, 42.9772835], [-8.6120676, 42.9773443], [-8.6120542, 42.9774032], [-8.6120408, 42.9774778], [-8.6121293, 42.9775504], [-8.6122339, 42.9776092], [-8.6123761, 42.9776465], [-8.6126068, 42.9776603], [-8.6127114, 42.9776446], [-8.6128589, 42.9776171], [-8.6129501, 42.9775425]]]}, "properties": {"osm_id": "337834014", "osm_type": "way", "label_class": "1", "site_class": "castro", "name": "Castelo de Portomeiro", "confidence": "medium", "evidence": "site=fortification,civ=none", "archaeological_site": "fortification", "civilization": "", "fortification_type": "", "wikidata": "", "centroid_lon": "-8.61252785", "centroid_lat": "42.97745147", "area_m2": "2637.8", "perimeter_m": "194.9", "equivalent_radius_m": "29.0", "circularity": "0.8722", "vertices": "19", "matched_catalogue_id": "", "matched_catalogue_name": "", "matched_distance_m": ""}}, {"type": "Feature", "geometry": {"type": "Polygon", "coordinates": [[[-8.304255, 43.1123892], [-8.3038056, 43.1124548], [-8.303416, 43.1123892], [-8.3032483, 43.1122623], [-8.3031584, 43.1118161], [-8.3039254, 43.110998], [-8.304249, 43.1112474], [-8.3044049, 43.1116367], [-8.304508, 43.1119458], [-8.3044605, 43.1121363], [-8.304255, 43.1123892]]]}, "properties": {"osm_id": "346092369", "osm_type": "way", "label_class": "1", "site_class": "castro", "name": "Castro de Soutelo", "confidence": "medium", "evidence": "site=fortification,civ=celtic", "archaeological_site": "fortification", "civilization": "celtic", "fortification_type": "", "wikidata": "Q20550078", "centroid_lon": "-8.30397146", "centroid_lat": "43.11196955", "area_m2": "11899.3", "perimeter_m": "423.0", "equivalent_radius_m": "61.5", "circularity": "0.8356", "vertices": "11", "matched_catalogue_id": "wl-pos-pos-es-pba-12469", "matched_catalogue_name": "Castro de Soutelo", "matched_distance_m": "13"}}, {"type": "Feature", "geometry": {"type": "Polygon", "coordinates": [[[-8.2754739, 43.1196343], [-8.2752676, 43.1195188], [-8.2750129, 43.1194801], [-8.2747605, 43.1195258], [-8.2745603, 43.119647], [-8.274452, 43.1198196], [-8.2744569, 43.1200094], [-8.2745742, 43.1201788], [-8.2747806, 43.1202943], [-8.2750352, 43.120333], [-8.2752876, 43.1202873], [-8.2754878, 43.1201661], [-8.2755962, 43.1199935], [-8.2755912, 43.1198037], [-8.2754739, 43.1196343]]]}, "properties": {"osm_id": "346092370", "osm_type": "way", "label_class": "1", "site_class": "castro", "name": "Castro de Mesía", "confidence": "medium", "evidence": "site=fortification,civ=celtic", "archaeological_site": "fortification", "civilization": "celtic", "fortification_type": "", "wikidata": "Q20550346", "centroid_lon": "-8.27505405", "centroid_lat": "43.11988840", "area_m2": "6848.0", "perimeter_m": "295.9", "equivalent_radius_m": "46.7", "circularity": "0.9832", "vertices": "15", "matched_catalogue_id": "wl-pos-pos-es-pba-12466", "matched_catalogue_name": "Castro de Mesía", "matched_distance_m": "21"}}, {"type": "Feature", "geometry": {"type": "Polygon", "coordinates": [[[-8.3395363, 43.2124178], [-8.3395667, 43.2125473], [-8.3396528, 43.2126627], [-8.3397854, 43.2127518], [-8.3399502, 43.212805], [-8.3401298, 43.2128166], [-8.3403049, 43.2127855], [-8.34046, 43.212713], [-8.3405736, 43.2126073], [-8.3406332, 43.2124802], [-8.3406322, 43.2123459], [-8.3405705, 43.2122194], [-8.3404552, 43.2121146], [-8.3402989, 43.2120434], [-8.3401233, 43.2120138], [-8.3399439, 43.212027], [-8.33978, 43.2120816], [-8.3396489, 43.2121718], [-8.3395646, 43.212288], [-8.3395363, 43.2124178]]]}, "properties": {"osm_id": "351963981", "osm_type": "way", "label_class": "1", "site_class": "castro", "name": "Castro de Bordelle", "confidence": "high", "evidence": "fortification_type=hill_fort", "archaeological_site": "fortification", "civilization": "", "fortification_type": "hill_fort", "wikidata": "Q12385721", "centroid_lon": "-8.34005734", "centroid_lat": "43.21241552", "area_m2": "6189.4", "perimeter_m": "280.2", "equivalent_radius_m": "44.4", "circularity": "0.9909", "vertices": "20", "matched_catalogue_id": "wl-pos-pos-es-pba-83", "matched_catalogue_name": "Castro de Bordelle", "matched_distance_m": "5"}}, {"type": "Feature", "geometry": {"type": "Polygon", "coordinates": [[[-8.414816, 43.1060674], [-8.41499, 43.1058306], [-8.4149505, 43.1055015], [-8.4147449, 43.1051031], [-8.4144839, 43.1049645], [-8.413954, 43.1049703], [-8.413519, 43.1051204], [-8.4133925, 43.1051781], [-8.4135269, 43.1054899], [-8.4135349, 43.1057094], [-8.4137958, 43.1060038], [-8.4139936, 43.1060962], [-8.4144839, 43.106154], [-8.414816, 43.1060674]]]}, "properties": {"osm_id": "363397371", "osm_type": "way", "label_class": "1", "site_class": "castro", "name": "Castro da Portela", "confidence": "medium", "evidence": "site=settlement,civ=prehistoric", "archaeological_site": "settlement", "civilization": "prehistoric", "fortification_type": "", "wikidata": "", "centroid_lon": "-8.41421442", "centroid_lat": "43.10558976", "area_m2": "13099.6", "perimeter_m": "422.6", "equivalent_radius_m": "64.6", "circularity": "0.9218", "vertices": "14", "matched_catalogue_id": "wl-pos-pos-es-pba-15377", "matched_catalogue_name": "Os Castros/A Medorra/Castro de Portela", "matched_distance_m": "11"}}, {"type": "Feature", "geometry": {"type": "Polygon", "coordinates": [[[-8.4468706, 43.0967774], [-8.4465385, 43.096812], [-8.4465167, 43.0968042], [-8.4463763, 43.0967543], [-8.4462103, 43.0966705], [-8.4460679, 43.096555], [-8.4460234, 43.0965162], [-8.4459255, 43.0964309], [-8.44585, 43.0963539], [-8.4459454, 43.0961385], [-8.4461802, 43.0959875], [-8.4465303, 43.0959615], [-8.4467628, 43.0959918], [-8.4469504, 43.0960507], [-8.4470627, 43.0961051], [-8.4471617, 43.096153], [-8.4472686, 43.0961809], [-8.4473689, 43.0962923], [-8.4472186, 43.0964251], [-8.4470209, 43.0966648], [-8.4468706, 43.0967774]]]}, "properties": {"osm_id": "363823066", "osm_type": "way", "label_class": "1", "site_class": "castro", "name": "Castro de Cestaños", "confidence": "medium", "evidence": "site=settlement,civ=prehistoric", "archaeological_site": "settlement", "civilization": "prehistoric", "fortification_type": "", "wikidata": "", "centroid_lon": "-8.44660573", "centroid_lat": "43.09640014", "area_m2": "7920.4", "perimeter_m": "331.7", "equivalent_radius_m": "50.2", "circularity": "0.9044", "vertices": "21", "matched_catalogue_id": "wl-pos-pos-es-pba-15915", "matched_catalogue_name": "O Castro/Castro de Cestaños", "matched_distance_m": "12"}}, {"type": "Feature", "geometry": {"type": "Polygon", "coordinates": [[[-8.4473422, 43.0633396], [-8.4474968, 43.0633526], [-8.4477663, 43.0633009], [-8.4479386, 43.0632073], [-8.448027, 43.0630491], [-8.4480756, 43.0628135], [-8.4479298, 43.0625617], [-8.447678, 43.0624584], [-8.4473157, 43.0625262], [-8.447055, 43.0626134], [-8.446949, 43.0628974], [-8.4473422, 43.0633396]]]}, "properties": {"osm_id": "363823073", "osm_type": "way", "label_class": "1", "site_class": "castro", "name": "Castro de Parada", "confidence": "medium", "evidence": "site=settlement,civ=prehistoric", "archaeological_site": "settlement", "civilization": "prehistoric", "fortification_type": "", "wikidata": "", "centroid_lon": "-8.44757635", "centroid_lat": "43.06295497", "area_m2": "6617.1", "perimeter_m": "297.5", "equivalent_radius_m": "45.9", "circularity": "0.9398", "vertices": "12", "matched_catalogue_id": "wl-pos-pos-es-pba-15467", "matched_catalogue_name": "A Medorra/Castro de Parada", "matched_distance_m": "31"}}, {"type": "Feature", "geometry": {"type": "Polygon", "coordinates": [[[-8.4463168, 43.0608016], [-8.4460985, 43.0609877], [-8.4453198, 43.0608282], [-8.4451161, 43.0607165], [-8.4449957, 43.0600998], [-8.4454654, 43.0596159], [-8.4458365, 43.0595042], [-8.4463387, 43.0595148], [-8.4467972, 43.0597648], [-8.4468772, 43.0599402], [-8.4467826, 43.0603922], [-8.4463168, 43.0608016]]]}, "properties": {"osm_id": "363823074", "osm_type": "way", "label_class": "1", "site_class": "castro", "name": "Castro do Pumariño", "confidence": "medium", "evidence": "site=settlement,civ=prehistoric", "archaeological_site": "settlement", "civilization": "prehistoric", "fortification_type": "", "wikidata": "", "centroid_lon": "-8.44602178", "centroid_lat": "43.06024729", "area_m2": "18614.1", "perimeter_m": "499.9", "equivalent_radius_m": "77.0", "circularity": "0.9358", "vertices": "12", "matched_catalogue_id": "wl-pos-pos-es-pba-15375", "matched_catalogue_name": "O Castro/Castro de Pumariño", "matched_distance_m": "44"}}, {"type": "Feature", "geometry": {"type": "Polygon", "coordinates": [[[-8.4411619, 43.0590424], [-8.4419187, 43.0590615], [-8.4426392, 43.0593114], [-8.442923, 43.0595666], [-8.4428648, 43.0599176], [-8.4427483, 43.0602419], [-8.4418314, 43.060311], [-8.4414311, 43.0603217], [-8.4407834, 43.0600824], [-8.4406088, 43.0597846], [-8.4406961, 43.0594231], [-8.4411619, 43.0590424]]]}, "properties": {"osm_id": "363823075", "osm_type": "way", "label_class": "1", "site_class": "castro", "name": "Castro da Medorra de Gavión", "confidence": "medium", "evidence": "site=settlement,civ=prehistoric", "archaeological_site": "settlement", "civilization": "prehistoric", "fortification_type": "", "wikidata": "", "centroid_lon": "-8.44173072", "centroid_lat": "43.05967555", "area_m2": "21263.7", "perimeter_m": "540.1", "equivalent_radius_m": "82.3", "circularity": "0.9160", "vertices": "12", "matched_catalogue_id": "wl-pos-pos-es-pba-15436", "matched_catalogue_name": "A Medorra do Gavián/Castro da Medorra do Gavión", "matched_distance_m": "34"}}, {"type": "Feature", "geometry": {"type": "Polygon", "coordinates": [[[-8.4264587, 43.0386583], [-8.4268723, 43.0384349], [-8.427178, 43.0382246], [-8.4273158, 43.0380538], [-8.4272918, 43.0377953], [-8.4272139, 43.0375587], [-8.4268603, 43.0373879], [-8.426237, 43.037309], [-8.4260332, 43.0376025], [-8.4260068, 43.0376713], [-8.4257095, 43.038448], [-8.4264587, 43.0386583]]]}, "properties": {"osm_id": "364032612", "osm_type": "way", "label_class": "1", "site_class": "castro", "name": "Castro do Dono", "confidence": "medium", "evidence": "site=settlement,civ=prehistoric", "archaeological_site": "settlement", "civilization": "prehistoric", "fortification_type": "", "wikidata": "", "centroid_lon": "-8.42663633", "centroid_lat": "43.03798355", "area_m2": "13428.3", "perimeter_m": "439.6", "equivalent_radius_m": "65.4", "circularity": "0.8731", "vertices": "12", "matched_catalogue_id": "wl-pos-pos-es-pba-15658", "matched_catalogue_name": "Castro do Dono", "matched_distance_m": "72"}}, {"type": "Feature", "geometry": {"type": "Polygon", "coordinates": [[[-8.406803, 43.0301522], [-8.4075336, 43.0295749], [-8.4073559, 43.0286944], [-8.4068721, 43.0281387], [-8.4056776, 43.0281315], [-8.4054505, 43.0284779], [-8.40549, 43.0291996], [-8.4058059, 43.0300151], [-8.4063884, 43.0301667], [-8.406803, 43.0301522]]]}, "properties": {"osm_id": "364821175", "osm_type": "way", "label_class": "1", "site_class": "castro", "name": "Castro de Carrás", "confidence": "medium", "evidence": "site=settlement,civ=prehistoric", "archaeological_site": "settlement", "civilization": "prehistoric", "fortification_type": "", "wikidata": "", "centroid_lon": "-8.40641800", "centroid_lat": "43.02927032", "area_m2": "30636.0", "perimeter_m": "658.8", "equivalent_radius_m": "98.8", "circularity": "0.8871", "vertices": "10", "matched_catalogue_id": "wl-pos-pos-es-pba-15914", "matched_catalogue_name": "O Castro/Castro de Carras", "matched_distance_m": "20"}}, {"type": "Feature", "geometry": {"type": "Polygon", "coordinates": [[[-8.3771668, 43.0979763], [-8.3776097, 43.0979878], [-8.3780051, 43.0977799], [-8.378361, 43.0972949], [-8.3784322, 43.0969946], [-8.3782977, 43.0968098], [-8.3779577, 43.0965557], [-8.3773566, 43.0966192], [-8.3771223, 43.0968463], [-8.3769216, 43.0970408], [-8.3766527, 43.0976529], [-8.3769216, 43.0979532], [-8.3770668, 43.0979669], [-8.3771668, 43.0979763]]]}, "properties": {"osm_id": "365835671", "osm_type": "way", "label_class": "1", "site_class": "castro", "name": "Castro da Torre", "confidence": "medium", "evidence": "site=settlement,civ=prehistoric", "archaeological_site": "settlement", "civilization": "prehistoric", "fortification_type": "", "wikidata": "", "centroid_lon": "-8.37750276", "centroid_lat": "43.09738961", "area_m2": "16180.6", "perimeter_m": "473.4", "equivalent_radius_m": "71.8", "circularity": "0.9074", "vertices": "14", "matched_catalogue_id": "wl-pos-pos-es-pba-15473", "matched_catalogue_name": "A Torre/Castro da Torre", "matched_distance_m": "33"}}, {"type": "Feature", "geometry": {"type": "Polygon", "coordinates": [[[-8.3827482, 43.0985803], [-8.3831041, 43.0984764], [-8.3834916, 43.0981761], [-8.3835786, 43.0979567], [-8.3835153, 43.0974081], [-8.3833176, 43.0971886], [-8.3827086, 43.0970904], [-8.3825584, 43.0971078], [-8.3823211, 43.0971886], [-8.3822025, 43.0974369], [-8.3821076, 43.0978643], [-8.382155, 43.0982281], [-8.3823211, 43.0984706], [-8.3827482, 43.0985803]]]}, "properties": {"osm_id": "365835672", "osm_type": "way", "label_class": "1", "site_class": "castro", "name": "Castro de Buscás", "confidence": "medium", "evidence": "site=settlement,civ=prehistoric", "archaeological_site": "settlement", "civilization": "prehistoric", "fortification_type": "", "wikidata": "", "centroid_lon": "-8.38277699", "centroid_lat": "43.09783951", "area_m2": "15743.2", "perimeter_m": "462.5", "equivalent_radius_m": "70.8", "circularity": "0.9248", "vertices": "14", "matched_catalogue_id": "wl-pos-pos-es-pba-15406", "matched_catalogue_name": "Os Castros/Castro de Buscás", "matched_distance_m": "55"}}, {"type": "Feature", "geometry": {"type": "Polygon", "coordinates": [[[-8.3517515, 43.0504363], [-8.351778, 43.0495258], [-8.3508944, 43.0490222], [-8.3499754, 43.0489382], [-8.3491095, 43.0493902], [-8.3488179, 43.0495968], [-8.348703, 43.0503459], [-8.3490299, 43.0507462], [-8.3496043, 43.0508689], [-8.3505763, 43.050772], [-8.3517515, 43.0504363]]]}, "properties": {"osm_id": "366393979", "osm_type": "way", "label_class": "1", "site_class": "castro", "name": "Castro da Devesa", "confidence": "medium", "evidence": "site=settlement,civ=prehistoric", "archaeological_site": "settlement", "civilization": "prehistoric", "fortification_type": "", "wikidata": "", "centroid_lon": "-8.35018106", "centroid_lat": "43.05000716", "area_m2": "41680.7", "perimeter_m": "754.4", "equivalent_radius_m": "115.2", "circularity": "0.9203", "vertices": "11", "matched_catalogue_id": "wl-pos-pos-es-pba-15625", "matched_catalogue_name": "Castro da Devesa", "matched_distance_m": "34"}}, {"type": "Feature", "geometry": {"type": "Polygon", "coordinates": [[[-8.3803043, 43.0635904], [-8.3794165, 43.0641965], [-8.3784267, 43.0642178], [-8.3781211, 43.0639838], [-8.3783831, 43.0633352], [-8.3788197, 43.0625376], [-8.379824, 43.062208], [-8.3805663, 43.0626971], [-8.3803043, 43.0635904]]]}, "properties": {"osm_id": "366982747", "osm_type": "way", "label_class": "1", "site_class": "castro", "name": "Castro de Poulo", "confidence": "medium", "evidence": "site=settlement,civ=prehistoric", "archaeological_site": "settlement", "civilization": "prehistoric", "fortification_type": "", "wikidata": "", "centroid_lon": "-8.37935178", "centroid_lat": "43.06337298", "area_m2": "29454.9", "perimeter_m": "658.8", "equivalent_radius_m": "96.8", "circularity": "0.8528", "vertices": "9", "matched_catalogue_id": "wl-pos-pos-es-pba-15374", "matched_catalogue_name": "O Castro/Castro de Poulo", "matched_distance_m": "52"}}, {"type": "Feature", "geometry": {"type": "Polygon", "coordinates": [[[-8.3429111, 43.0715365], [-8.3433533, 43.0715656], [-8.3437843, 43.0714875], [-8.3441567, 43.0713108], [-8.3444295, 43.0710548], [-8.3445728, 43.0707478], [-8.3445708, 43.0704235], [-8.3444239, 43.0701174], [-8.344148, 43.0698632], [-8.3437735, 43.0696889], [-8.3433475, 43.0696138], [-8.3429111, 43.0696432], [-8.3425111, 43.069774], [-8.3421902, 43.069992], [-8.3419828, 43.070274], [-8.3419111, 43.0705899], [-8.3419828, 43.0709057], [-8.3421902, 43.0711877], [-8.3425111, 43.0714058], [-8.3429111, 43.0715365]]]}, "properties": {"osm_id": "366990106", "osm_type": "way", "label_class": "1", "site_class": "castro", "name": "Castro de Barreiros", "confidence": "medium", "evidence": "site=fortification,civ=celtic", "archaeological_site": "fortification", "civilization": "celtic", "fortification_type": "", "wikidata": "", "centroid_lon": "-8.34322864", "centroid_lat": "43.07063593", "area_m2": "36607.1", "perimeter_m": "681.4", "equivalent_radius_m": "107.9", "circularity": "0.9909", "vertices": "20", "matched_catalogue_id": "wl-pos-pos-es-pba-15913", "matched_catalogue_name": "O Castro/Castro de Barreiros", "matched_distance_m": "16"}}, {"type": "Feature", "geometry": {"type": "Polygon", "coordinates": [[[-8.3967896, 43.0487432], [-8.397375, 43.04866], [-8.3977328, 43.0483272], [-8.3981475, 43.0479054], [-8.3980499, 43.0474894], [-8.397871, 43.0470378], [-8.3970742, 43.0469784], [-8.3967246, 43.0470854], [-8.3960416, 43.0478281], [-8.3962936, 43.0482143], [-8.3962936, 43.048452], [-8.3967896, 43.0487432]]]}, "properties": {"osm_id": "366990115", "osm_type": "way", "label_class": "1", "site_class": "castro", "name": "Castro de Pereira", "confidence": "medium", "evidence": "site=settlement,civ=prehistoric", "archaeological_site": "settlement", "civilization": "prehistoric", "fortification_type": "", "wikidata": "", "centroid_lon": "-8.39709858", "centroid_lat": "43.04795537", "area_m2": "23531.2", "perimeter_m": "574.2", "equivalent_radius_m": "86.5", "circularity": "0.8968", "vertices": "12", "matched_catalogue_id": "wl-pos-pos-es-pba-15373", "matched_catalogue_name": "O Castro/Castro de Pereira", "matched_distance_m": "34"}}, {"type": "Feature", "geometry": {"type": "Polygon", "coordinates": [[[-8.3835469, 43.0181323], [-8.3829018, 43.0185005], [-8.3817089, 43.0183132], [-8.3810551, 43.0179256], [-8.3808165, 43.0173829], [-8.3815411, 43.0164913], [-8.3826544, 43.0164267], [-8.3830697, 43.0165753], [-8.3835115, 43.0170663], [-8.3837854, 43.0175896], [-8.3835469, 43.0181323]]]}, "properties": {"osm_id": "366990145", "osm_type": "way", "label_class": "1", "site_class": "castro", "name": "Castro da Ponte da Viña", "confidence": "medium", "evidence": "site=settlement,civ=prehistoric", "archaeological_site": "settlement", "civilization": "prehistoric", "fortification_type": "", "wikidata": "", "centroid_lon": "-8.38255802", "centroid_lat": "43.01750327", "area_m2": "40456.7", "perimeter_m": "733.1", "equivalent_radius_m": "113.5", "circularity": "0.9459", "vertices": "11", "matched_catalogue_id": "wl-pos-pos-es-pba-15917", "matched_catalogue_name": "O Castro/Castro de Fonte da Viña", "matched_distance_m": "33"}}, {"type": "Feature", "geometry": {"type": "Polygon", "coordinates": [[[-8.3775083, 43.0237634], [-8.377866, 43.0237663], [-8.3782009, 43.0238584], [-8.3784724, 43.0240287], [-8.3786479, 43.0242566], [-8.3787062, 43.0245147], [-8.3786402, 43.0247718], [-8.378458, 43.0249968], [-8.3782124, 43.0251495], [-8.3779144, 43.0252392], [-8.377593, 43.0252571], [-8.3772798, 43.0252016], [-8.3770053, 43.0250781], [-8.3767965, 43.0248986], [-8.3766739, 43.0246807], [-8.3766493, 43.0244458], [-8.3767252, 43.0242168], [-8.3768942, 43.0240161], [-8.3771708, 43.0238502], [-8.3775083, 43.0237634]]]}, "properties": {"osm_id": "367004485", "osm_type": "way", "label_class": "1", "site_class": "castro", "name": "As Cenecas", "confidence": "medium", "evidence": "site=settlement,civ=prehistoric", "archaeological_site": "settlement", "civilization": "prehistoric", "fortification_type": "", "wikidata": "", "centroid_lon": "-8.37764615", "centroid_lat": "43.02448769", "area_m2": "21677.4", "perimeter_m": "524.3", "equivalent_radius_m": "83.1", "circularity": "0.9908", "vertices": "20", "matched_catalogue_id": "wl-pos-pos-es-pba-15505", "matched_catalogue_name": "As Cenicas/Castro de Vilasuso", "matched_distance_m": "84"}}, {"type": "Feature", "geometry": {"type": "Polygon", "coordinates": [[[-8.3747051, 43.0346848], [-8.3753115, 43.0345817], [-8.3759297, 43.034636], [-8.3764854, 43.0348412], [-8.376912, 43.0351726], [-8.3771583, 43.0355906], [-8.3771947, 43.0360449], [-8.3770169, 43.036481], [-8.3766887, 43.0368161], [-8.3762347, 43.0370604], [-8.3756996, 43.0371899], [-8.3751358, 43.0371918], [-8.374599, 43.037066], [-8.3741419, 43.0368248], [-8.3738095, 43.036492], [-8.3736345, 43.0361003], [-8.3736341, 43.0356882], [-8.3738084, 43.0352964], [-8.3741832, 43.0349329], [-8.3747051, 43.0346848]]]}, "properties": {"osm_id": "367004486", "osm_type": "way", "label_class": "1", "site_class": "castro", "name": "Castro de Recouso", "confidence": "medium", "evidence": "site=settlement,civ=celtic", "archaeological_site": "settlement", "civilization": "celtic", "fortification_type": "", "wikidata": "Q136521212", "centroid_lon": "-8.37534940", "centroid_lat": "43.03586882", "area_m2": "65960.0", "perimeter_m": "914.6", "equivalent_radius_m": "144.9", "circularity": "0.9908", "vertices": "20", "matched_catalogue_id": "wl-neg-neg-es-pba-15384", "matched_catalogue_name": "Mámoa do Coto do Lobo 3", "matched_distance_m": "32"}}, {"type": "Feature", "geometry": {"type": "Polygon", "coordinates": [[[-9.0141747, 42.5612614], [-9.0142184, 42.5614257], [-9.0139443, 42.561677], [-9.0131912, 42.5611645], [-9.0133902, 42.5609948], [-9.0135473, 42.5610613], [-9.0136361, 42.5610606], [-9.013709, 42.5610947], [-9.0137685, 42.5611177], [-9.0138314, 42.5611259], [-9.0141747, 42.5612614]]]}, "properties": {"osm_id": "368211443", "osm_type": "way", "label_class": "1", "site_class": "castro", "name": "O Castro da Cidá", "confidence": "high", "evidence": "fortification_type=hill_fort", "archaeological_site": "settlement", "civilization": "celtic", "fortification_type": "hill_fort", "wikidata": "Q2513720", "centroid_lon": "-9.01378053", "centroid_lat": "42.56120409", "area_m2": "3114.2", "perimeter_m": "235.5", "equivalent_radius_m": "31.5", "circularity": "0.7059", "vertices": "11", "matched_catalogue_id": "wl-pos-pos-es-pba-19118", "matched_catalogue_name": "Castro da Cidá", "matched_distance_m": "11"}}, {"type": "Feature", "geometry": {"type": "Polygon", "coordinates": [[[-7.1250057, 42.6355211], [-7.1250082, 42.635548], [-7.1249323, 42.6355197], [-7.1248301, 42.6355092], [-7.1247715, 42.6355124], [-7.1246919, 42.635495], [-7.1246948, 42.6354844], [-7.1246279, 42.6354552], [-7.1246203, 42.6354562], [-7.1246114, 42.6354562], [-7.1246019, 42.6354547], [-7.1245932, 42.6354519], [-7.1245846, 42.6354471], [-7.1245781, 42.6354413], [-7.1245724, 42.6354322], [-7.1245707, 42.6354228], [-7.1245718, 42.6354158], [-7.1245749, 42.6354091], [-7.1245799, 42.635403], [-7.124587, 42.6353975], [-7.1245935, 42.6353942], [-7.1246003, 42.6353919], [-7.1246075, 42.6353904], [-7.1246151, 42.6353899], [-7.1246282, 42.6353911], [-7.1246394, 42.6353947], [-7.1246479, 42.6353996], [-7.1246547, 42.6354061], [-7.1246643, 42.6353932], [-7.1247073, 42.635396], [-7.1247142, 42.6353717], [-7.1248279, 42.6353685], [-7.1248435, 42.6353725], [-7.1248524, 42.6353777], [-7.1249534, 42.6354367], [-7.1249541, 42.6354886], [-7.1250057, 42.6355211]]]}, "properties": {"osm_id": "368530953", "osm_type": "way", "label_class": "1", "site_class": "castro", "name": "Castelo do Carbedo", "confidence": "medium", "evidence": "site=fortification,civ=none", "archaeological_site": "fortification", "civilization": "", "fortification_type": "", "wikidata": "Q20550285", "centroid_lon": "-7.12470589", "centroid_lat": "42.63543559", "area_m2": "384.1", "perimeter_m": "95.5", "equivalent_radius_m": "11.1", "circularity": "0.5297", "vertices": "37", "matched_catalogue_id": "", "matched_catalogue_name": "", "matched_distance_m": ""}}, {"type": "Feature", "geometry": {"type": "Polygon", "coordinates": [[[-7.2701338, 42.5415761], [-7.2695674, 42.5414613], [-7.2696723, 42.5411411], [-7.2702507, 42.5412537], [-7.2701338, 42.5415761]]]}, "properties": {"osm_id": "368767989", "osm_type": "way", "label_class": "1", "site_class": "castro", "name": "Castro de Portela", "confidence": "high", "evidence": "fortification_type=hill_fort", "archaeological_site": "fortification", "civilization": "castro_culture", "fortification_type": "hill_fort", "wikidata": "", "centroid_lon": "-7.26995160", "centroid_lat": "42.54140166", "area_m2": "1794.3", "perimeter_m": "171.1", "equivalent_radius_m": "23.9", "circularity": "0.7705", "vertices": "5", "matched_catalogue_id": "wl-pos-pos-es-pba-29067", "matched_catalogue_name": "Castro Portela", "matched_distance_m": "70"}}, {"type": "Feature", "geometry": {"type": "Polygon", "coordinates": [[[-8.1044948, 43.1923169], [-8.1045458, 43.19231], [-8.1045971, 43.1923152], [-8.1046435, 43.1923322], [-8.10468, 43.192359], [-8.104703, 43.1923929], [-8.1047098, 43.1924304], [-8.1047, 43.1924675], [-8.1046729, 43.1925017], [-8.1046317, 43.1925274], [-8.1045812, 43.1925417], [-8.1045271, 43.1925429], [-8.1044754, 43.1925308], [-8.1044323, 43.192507], [-8.1044024, 43.192474], [-8.1043893, 43.1924357], [-8.1043939, 43.192398], [-8.1044147, 43.1923634], [-8.1044495, 43.1923354], [-8.1044948, 43.1923169]]]}, "properties": {"osm_id": "372279820", "osm_type": "way", "label_class": "0", "site_class": "mound", "name": "Túmulo 1 de Montes do Gato", "confidence": "high", "evidence": "archaeological_site=tumulus", "archaeological_site": "tumulus", "civilization": "", "fortification_type": "", "wikidata": "", "centroid_lon": "-8.10454696", "centroid_lat": "43.19241995", "area_m2": "523.4", "perimeter_m": "81.5", "equivalent_radius_m": "12.9", "circularity": "0.9909", "vertices": "20", "matched_catalogue_id": "wl-neg-neg-es-pba-26617", "matched_catalogue_name": "Mámoa do Monte do Gato 01", "matched_distance_m": "3"}}, {"type": "Feature", "geometry": {"type": "Polygon", "coordinates": [[[-8.308504, 43.3001815], [-8.3086018, 43.3004171], [-8.3085844, 43.3006628], [-8.308454, 43.3008898], [-8.3082258, 43.3010713], [-8.3079544, 43.3011791], [-8.3076505, 43.3012205], [-8.307344, 43.3011913], [-8.307065, 43.3010944], [-8.3068409, 43.3009393], [-8.3066939, 43.3007414], [-8.3066385, 43.30052], [-8.3066799, 43.3002971], [-8.3068143, 43.3000944], [-8.307052, 43.2999195], [-8.3073569, 43.2998132], [-8.3076932, 43.2997882], [-8.3080213, 43.2998475], [-8.3083027, 43.2999839], [-8.308504, 43.3001815]]]}, "properties": {"osm_id": "372529917", "osm_type": "way", "label_class": "1", "site_class": "castro", "name": "Castro da Xoxa", "confidence": "high", "evidence": "fortification_type=hill_fort", "archaeological_site": "fortification", "civilization": "celtic", "fortification_type": "hill_fort", "wikidata": "", "centroid_lon": "-8.30764908", "centroid_lat": "43.30050169", "area_m2": "19657.5", "perimeter_m": "499.3", "equivalent_radius_m": "79.1", "circularity": "0.9908", "vertices": "20", "matched_catalogue_id": "wl-pos-pos-es-pba-3698", "matched_catalogue_name": "Castro de Pravio", "matched_distance_m": "24"}}, {"type": "Feature", "geometry": {"type": "Polygon", "coordinates": [[[-7.7606082, 42.8290866], [-7.7609734, 42.8288685], [-7.7611091, 42.8285164], [-7.7607543, 42.8281032], [-7.7598881, 42.8281835], [-7.7591994, 42.8283519], [-7.7591681, 42.8287843], [-7.7594081, 42.8291478], [-7.7601386, 42.8292244], [-7.7606082, 42.8290866]]]}, "properties": {"osm_id": "376583043", "osm_type": "way", "label_class": "1", "site_class": "castro", "name": "Os Castros de Salgueiros", "confidence": "medium", "evidence": "site=fortification,civ=celtic", "archaeological_site": "fortification", "civilization": "celtic", "fortification_type": "", "wikidata": "", "centroid_lon": "-7.76018555", "centroid_lat": "42.82873532", "area_m2": "15047.0", "perimeter_m": "458.8", "equivalent_radius_m": "69.2", "circularity": "0.8983", "vertices": "10", "matched_catalogue_id": "wl-pos-pos-es-pba-34958", "matched_catalogue_name": "Os Castros/Corga Maior/Corga do Castro/Corga", "matched_distance_m": "30"}}, {"type": "Feature", "geometry": {"type": "Polygon", "coordinates": [[[-8.2742953, 43.4396165], [-8.274408, 43.4395503], [-8.2744455, 43.439449], [-8.2744563, 43.4392075], [-8.274349, 43.4390478], [-8.2742149, 43.4388959], [-8.2740271, 43.4388277], [-8.2739408, 43.4387936], [-8.2738607, 43.4387795], [-8.2737186, 43.4388862], [-8.2735658, 43.4389933], [-8.2734531, 43.4391296], [-8.2734253, 43.4391948], [-8.2733834, 43.4392932], [-8.2733995, 43.4393789], [-8.2736194, 43.4395269], [-8.2739788, 43.4396087], [-8.2742953, 43.4396165]]]}, "properties": {"osm_id": "410310338", "osm_type": "way", "label_class": "1", "site_class": "castro", "name": "Castro de Covas", "confidence": "medium", "evidence": "site=fortification,civ=celtic", "archaeological_site": "fortification", "civilization": "celtic", "fortification_type": "", "wikidata": "Q61388067", "centroid_lon": "-8.27393538", "centroid_lat": "43.43921088", "area_m2": "5864.5", "perimeter_m": "282.1", "equivalent_radius_m": "43.2", "circularity": "0.9261", "vertices": "18", "matched_catalogue_id": "wl-pos-pos-es-pba-1685", "matched_catalogue_name": "Castro de Cervás", "matched_distance_m": "9"}}, {"type": "Feature", "geometry": {"type": "Polygon", "coordinates": [[[-8.0986006, 43.1833949], [-8.0986163, 43.1834491], [-8.0986548, 43.1834968], [-8.0987122, 43.183533], [-8.0987823, 43.1835541], [-8.0988581, 43.1835578], [-8.0989346, 43.1835427], [-8.0989998, 43.1835099], [-8.0990465, 43.1834632], [-8.0990693, 43.1834079], [-8.0990656, 43.1833501], [-8.0990358, 43.1832966], [-8.0989834, 43.1832533], [-8.0989142, 43.1832251], [-8.0988361, 43.1832153], [-8.0987612, 43.1832241], [-8.098694, 43.1832499], [-8.0986415, 43.1832899], [-8.0986093, 43.18334], [-8.0986006, 43.1833949]]]}, "properties": {"osm_id": "413317376", "osm_type": "way", "label_class": "0", "site_class": "mound", "name": "Túmulo 12 de Montes do Gato", "confidence": "high", "evidence": "archaeological_site=tumulus", "archaeological_site": "tumulus", "civilization": "", "fortification_type": "", "wikidata": "", "centroid_lon": "-8.09882081", "centroid_lat": "43.18338743", "area_m2": "1126.0", "perimeter_m": "119.5", "equivalent_radius_m": "18.9", "circularity": "0.9909", "vertices": "20", "matched_catalogue_id": "wl-neg-neg-es-pba-26679", "matched_catalogue_name": "Mámoa do Monte do Gato 12", "matched_distance_m": "23"}}, {"type": "Feature", "geometry": {"type": "Polygon", "coordinates": [[[-8.0985632, 43.1816936], [-8.0985585, 43.1817636], [-8.0985864, 43.1818307], [-8.0986435, 43.181887], [-8.0987232, 43.1819261], [-8.0988163, 43.1819435], [-8.0989059, 43.1819381], [-8.0989887, 43.1819125], [-8.0990562, 43.1818692], [-8.0991016, 43.1818126], [-8.0991202, 43.1817484], [-8.0991102, 43.1816833], [-8.0990725, 43.1816237], [-8.0990111, 43.1815758], [-8.0989321, 43.1815445], [-8.0988437, 43.1815328], [-8.0987487, 43.1815435], [-8.0986641, 43.1815768], [-8.0985998, 43.1816288], [-8.0985632, 43.1816936]]]}, "properties": {"osm_id": "413317377", "osm_type": "way", "label_class": "0", "site_class": "mound", "name": "Túmulo 14 de Montes do Gato", "confidence": "high", "evidence": "archaeological_site=tumulus", "archaeological_site": "tumulus", "civilization": "", "fortification_type": "", "wikidata": "", "centroid_lon": "-8.09883045", "centroid_lat": "43.18173640", "area_m2": "1616.7", "perimeter_m": "143.2", "equivalent_radius_m": "22.7", "circularity": "0.9908", "vertices": "20", "matched_catalogue_id": "wl-neg-neg-es-pba-26681", "matched_catalogue_name": "Mámoa do Monte do Gato 14", "matched_distance_m": "21"}}, {"type": "Feature", "geometry": {"type": "Polygon", "coordinates": [[[-8.1940108, 43.4005405], [-8.194071, 43.4007777], [-8.1942311, 43.4009891], [-8.1944746, 43.401153], [-8.1947769, 43.4012528], [-8.1951071, 43.4012783], [-8.1954499, 43.4012214], [-8.195747, 43.4010849], [-8.1959645, 43.4008842], [-8.1960775, 43.4006423], [-8.1960731, 43.4003868], [-8.1959519, 43.400147], [-8.1957275, 43.3999503], [-8.1954258, 43.3998192], [-8.1950812, 43.3997686], [-8.194733, 43.3998043], [-8.1944371, 43.3999137], [-8.1942037, 43.4000853], [-8.1940566, 43.4003015], [-8.1940108, 43.4005405]]]}, "properties": {"osm_id": "429120938", "osm_type": "way", "label_class": "1", "site_class": "castro", "name": "Castro de Castrelo", "confidence": "medium", "evidence": "site=fortification,civ=celtic", "archaeological_site": "fortification", "civilization": "celtic", "fortification_type": "", "wikidata": "", "centroid_lon": "-8.19498055", "centroid_lat": "43.40052707", "area_m2": "21821.4", "perimeter_m": "526.1", "equivalent_radius_m": "83.3", "circularity": "0.9908", "vertices": "20", "matched_catalogue_id": "wl-pos-pos-es-pba-18252", "matched_catalogue_name": "Castro de Centroña", "matched_distance_m": "58"}}, {"type": "Feature", "geometry": {"type": "Polygon", "coordinates": [[[-8.1913267, 43.363629], [-8.1913646, 43.3637637], [-8.1914582, 43.3638833], [-8.1915981, 43.3639759], [-8.1917862, 43.3640353], [-8.1919908, 43.3640454], [-8.1921883, 43.364005], [-8.1923556, 43.3639188], [-8.1924736, 43.3637969], [-8.1925285, 43.3636532], [-8.1925139, 43.3635045], [-8.1924316, 43.3633679], [-8.192291, 43.3632593], [-8.1921085, 43.3631913], [-8.1919052, 43.3631717], [-8.1917197, 43.3631986], [-8.1915547, 43.363266], [-8.1914267, 43.3633672], [-8.1913481, 43.3634923], [-8.1913267, 43.363629]]]}, "properties": {"osm_id": "429499614", "osm_type": "way", "label_class": "1", "site_class": "castro", "name": "Castro de Santa María", "confidence": "medium", "evidence": "site=fortification,civ=celtic", "archaeological_site": "fortification", "civilization": "celtic", "fortification_type": "", "wikidata": "Q61389822", "centroid_lon": "-8.19188483", "centroid_lat": "43.36360772", "area_m2": "7338.3", "perimeter_m": "305.1", "equivalent_radius_m": "48.3", "circularity": "0.9908", "vertices": "20", "matched_catalogue_id": "wl-pos-pos-es-pba-13918", "matched_catalogue_name": "Igrexa de Castro (Parroquial de Santa María)", "matched_distance_m": "22"}}, {"type": "Feature", "geometry": {"type": "Polygon", "coordinates": [[[-8.3181181, 43.4023212], [-8.3187833, 43.4016586], [-8.3192231, 43.4008713], [-8.3191373, 43.4003724], [-8.31844, 43.3999125], [-8.3175951, 43.3997547], [-8.3167502, 43.3999164], [-8.3162808, 43.4001132], [-8.3160903, 43.4005751], [-8.317528, 43.401378], [-8.3176782, 43.402025], [-8.3181181, 43.4023212]]]}, "properties": {"osm_id": "429622011", "osm_type": "way", "label_class": "1", "site_class": "castro", "name": "Castro de Punta Roza", "confidence": "high", "evidence": "fortification_type=hill_fort", "archaeological_site": "fortification", "civilization": "celtic", "fortification_type": "hill_fort", "wikidata": "Q20544603", "centroid_lon": "-8.31781188", "centroid_lat": "43.40093497", "area_m2": "40965.4", "perimeter_m": "825.0", "equivalent_radius_m": "114.2", "circularity": "0.7564", "vertices": "12", "matched_catalogue_id": "wl-pos-pos-es-pba-15425", "matched_catalogue_name": "Castro de Punta Roza", "matched_distance_m": "41"}}, {"type": "Feature", "geometry": {"type": "Polygon", "coordinates": [[[-8.3072759, 43.4032238], [-8.3066375, 43.4030094], [-8.30638, 43.4027912], [-8.3067502, 43.4024014], [-8.3071954, 43.4022182], [-8.3076943, 43.402343], [-8.3081235, 43.4025339], [-8.308279, 43.4028302], [-8.3079304, 43.4031419], [-8.3072759, 43.4032238]]]}, "properties": {"osm_id": "429763330", "osm_type": "way", "label_class": "1", "site_class": "castro", "name": "Castro da Punta Torrella", "confidence": "high", "evidence": "fortification_type=hill_fort", "archaeological_site": "fortification", "civilization": "celtic", "fortification_type": "hill_fort", "wikidata": "Q20544616", "centroid_lon": "-8.30735421", "centroid_lat": "43.40277168", "area_m2": "11431.4", "perimeter_m": "400.1", "equivalent_radius_m": "60.3", "circularity": "0.8975", "vertices": "10", "matched_catalogue_id": "wl-neg-neg-es-pba-16203", "matched_catalogue_name": "Batería de Punta Torrella", "matched_distance_m": "36"}}, {"type": "Feature", "geometry": {"type": "Polygon", "coordinates": [[[-8.4689324, 43.2781238], [-8.469603, 43.2780613], [-8.4698175, 43.2778621], [-8.4698605, 43.2776083], [-8.4697049, 43.2772021], [-8.468868, 43.2770185], [-8.4684818, 43.2770888], [-8.4682136, 43.2772373], [-8.4680419, 43.277577], [-8.468176, 43.2778153], [-8.4684067, 43.2780145], [-8.4689324, 43.2781238]]]}, "properties": {"osm_id": "430399173", "osm_type": "way", "label_class": "1", "site_class": "castro", "name": "Castro de Canzobre", "confidence": "high", "evidence": "fortification_type=hill_fort", "archaeological_site": "fortification", "civilization": "celtic", "fortification_type": "hill_fort", "wikidata": "", "centroid_lon": "-8.46891989", "centroid_lat": "43.27764440", "area_m2": "13959.9", "perimeter_m": "431.1", "equivalent_radius_m": "66.7", "circularity": "0.9441", "vertices": "12", "matched_catalogue_id": "", "matched_catalogue_name": "", "matched_distance_m": ""}}, {"type": "Feature", "geometry": {"type": "Polygon", "coordinates": [[[-8.3050247, 43.4746974], [-8.3051454, 43.4746273], [-8.305124, 43.4745105], [-8.3050006, 43.4744774], [-8.3048665, 43.4745242], [-8.3048048, 43.4745981], [-8.3048128, 43.4746643], [-8.3048611, 43.4747091], [-8.3050247, 43.4746974]]]}, "properties": {"osm_id": "456457348", "osm_type": "way", "label_class": "0", "site_class": "mound", "name": "Coto da Esmorga (30)", "confidence": "high", "evidence": "archaeological_site=tumulus", "archaeological_site": "tumulus", "civilization": "", "fortification_type": "", "wikidata": "", "centroid_lon": "-8.30496273", "centroid_lat": "43.47461174", "area_m2": "524.3", "perimeter_m": "84.9", "equivalent_radius_m": "12.9", "circularity": "0.9145", "vertices": "9", "matched_catalogue_id": "wl-neg-neg-es-pba-10098", "matched_catalogue_name": "Mámoa dos Montes de Brión IV-3", "matched_distance_m": "12"}}, {"type": "Feature", "geometry": {"type": "Polygon", "coordinates": [[[-8.2884591, 43.4839393], [-8.2885691, 43.4838673], [-8.2885906, 43.4837759], [-8.2884564, 43.4837058], [-8.2883116, 43.4837506], [-8.2882687, 43.4838284], [-8.2883062, 43.4839063], [-8.2883572, 43.4839432], [-8.2884591, 43.4839393]]]}, "properties": {"osm_id": "456651505", "osm_type": "way", "label_class": "0", "site_class": "mound", "name": "Mámoa da Planeira (9)", "confidence": "high", "evidence": "archaeological_site=tumulus", "archaeological_site": "tumulus", "civilization": "", "fortification_type": "", "wikidata": "", "centroid_lon": "-8.28841978", "centroid_lat": "43.48385068", "area_m2": "484.6", "perimeter_m": "80.9", "equivalent_radius_m": "12.4", "circularity": "0.9297", "vertices": "9", "matched_catalogue_id": "wl-neg-neg-es-pba-10009", "matched_catalogue_name": "Mámoa dos Montes de Brión I-2", "matched_distance_m": "12"}}, {"type": "Feature", "geometry": {"type": "Polygon", "coordinates": [[[-8.2911577, 43.4694515], [-8.2912069, 43.4694624], [-8.2912584, 43.4694615], [-8.2913069, 43.4694487], [-8.2913489, 43.4694241], [-8.2913774, 43.4693908], [-8.2913889, 43.4693525], [-8.2913824, 43.4693136], [-8.2913584, 43.4692785], [-8.2913197, 43.4692511], [-8.2912707, 43.4692346], [-8.2912169, 43.4692308], [-8.2911645, 43.4692402], [-8.2911193, 43.4692617], [-8.2910877, 43.4692913], [-8.2910706, 43.4693265], [-8.2910698, 43.4693639], [-8.2910854, 43.4693996], [-8.2911157, 43.4694298], [-8.2911577, 43.4694515]]]}, "properties": {"osm_id": "459047171", "osm_type": "way", "label_class": "0", "site_class": "mound", "name": "Mámoa das Teixoeiras", "confidence": "high", "evidence": "archaeological_site=tumulus", "archaeological_site": "tumulus", "civilization": "", "fortification_type": "", "wikidata": "", "centroid_lon": "-8.29122320", "centroid_lat": "43.46935323", "area_m2": "518.7", "perimeter_m": "81.1", "equivalent_radius_m": "12.8", "circularity": "0.9909", "vertices": "20", "matched_catalogue_id": "wl-neg-neg-es-pba-9946", "matched_catalogue_name": "Mámoa de Ferreiros", "matched_distance_m": "2"}}, {"type": "Feature", "geometry": {"type": "Polygon", "coordinates": [[[-8.2779084, 43.4772876], [-8.2779312, 43.4773144], [-8.2779644, 43.4773347], [-8.2780047, 43.4773463], [-8.278048, 43.4773482], [-8.2780924, 43.4773394], [-8.2781301, 43.4773203], [-8.278157, 43.4772932], [-8.2781699, 43.4772612], [-8.2781675, 43.4772279], [-8.2781499, 43.4771971], [-8.2781192, 43.4771722], [-8.2780789, 43.4771562], [-8.2780335, 43.4771508], [-8.2779883, 43.4771566], [-8.2779482, 43.4771731], [-8.2779194, 43.4771966], [-8.2779022, 43.4772255], [-8.2778984, 43.4772569], [-8.2779084, 43.4772876]]]}, "properties": {"osm_id": "459465434", "osm_type": "way", "label_class": "0", "site_class": "mound", "name": "Mámoa da Chaeira (36)", "confidence": "high", "evidence": "archaeological_site=tumulus", "archaeological_site": "tumulus", "civilization": "", "fortification_type": "", "wikidata": "", "centroid_lon": "-8.27802600", "centroid_lat": "43.47725229", "area_m2": "374.4", "perimeter_m": "68.9", "equivalent_radius_m": "10.9", "circularity": "0.9908", "vertices": "20", "matched_catalogue_id": "wl-neg-neg-es-pba-10135", "matched_catalogue_name": "Mámoa dos Montes de Brión VI-5", "matched_distance_m": "32"}}, {"type": "Feature", "geometry": {"type": "Polygon", "coordinates": [[[-8.2770962, 43.4777946], [-8.2767744, 43.4779386], [-8.2767221, 43.4778948], [-8.276718, 43.4778394], [-8.2767744, 43.4777654], [-8.2768682, 43.4777167], [-8.2769755, 43.4777167], [-8.2770801, 43.4777343], [-8.2770962, 43.4777946]]]}, "properties": {"osm_id": "459465435", "osm_type": "way", "label_class": "0", "site_class": "mound", "name": "Mámoa da Chaeira (38)", "confidence": "high", "evidence": "archaeological_site=tumulus", "archaeological_site": "tumulus", "civilization": "", "fortification_type": "", "wikidata": "", "centroid_lon": "-8.27690057", "centroid_lat": "43.47779946", "area_m2": "454.2", "perimeter_m": "86.1", "equivalent_radius_m": "12.0", "circularity": "0.7703", "vertices": "9", "matched_catalogue_id": "wl-neg-neg-es-pba-10133", "matched_catalogue_name": "Mámoa dos Montes de Brión VI-3", "matched_distance_m": "14"}}, {"type": "Feature", "geometry": {"type": "Polygon", "coordinates": [[[-8.2777104, 43.4774793], [-8.277638, 43.4774404], [-8.2775281, 43.477454], [-8.2774395, 43.4775124], [-8.2774234, 43.4775669], [-8.2774342, 43.4776], [-8.2774771, 43.477633], [-8.2777373, 43.4775221], [-8.2777104, 43.4774793]]]}, "properties": {"osm_id": "459465436", "osm_type": "way", "label_class": "0", "site_class": "mound", "name": "Mámoa da Chaeira (37)", "confidence": "high", "evidence": "archaeological_site=tumulus", "archaeological_site": "tumulus", "civilization": "", "fortification_type": "", "wikidata": "", "centroid_lon": "-8.27756649", "centroid_lat": "43.47752082", "area_m2": "320.3", "perimeter_m": "70.6", "equivalent_radius_m": "10.1", "circularity": "0.8074", "vertices": "9", "matched_catalogue_id": "wl-neg-neg-es-pba-10134", "matched_catalogue_name": "Mámoa dos Montes de Brión VI-4", "matched_distance_m": "26"}}, {"type": "Feature", "geometry": {"type": "Polygon", "coordinates": [[[-8.2873933, 43.4833104], [-8.28734, 43.4834013], [-8.28718, 43.4834433], [-8.2870478, 43.4833777], [-8.2870246, 43.4832869], [-8.2870571, 43.4832314], [-8.2871591, 43.4832162], [-8.2872634, 43.4832229], [-8.2873632, 43.4832633], [-8.2873933, 43.4833104]]]}, "properties": {"osm_id": "459898944", "osm_type": "way", "label_class": "0", "site_class": "mound", "name": "Mámoa da Planeira (6)", "confidence": "high", "evidence": "archaeological_site=tumulus", "archaeological_site": "tumulus", "civilization": "", "fortification_type": "", "wikidata": "", "centroid_lon": "-8.28722218", "centroid_lat": "43.48330638", "area_m2": "552.7", "perimeter_m": "86.5", "equivalent_radius_m": "13.3", "circularity": "0.9272", "vertices": "10", "matched_catalogue_id": "wl-neg-neg-es-pba-10012", "matched_catalogue_name": "Mámoa dos Montes de Brión I-5", "matched_distance_m": "7"}}, {"type": "Feature", "geometry": {"type": "Polygon", "coordinates": [[[-8.2773568, 43.4772157], [-8.2774068, 43.4772313], [-8.277461, 43.4772346], [-8.2775139, 43.4772253], [-8.2775599, 43.4772042], [-8.2775957, 43.4771721], [-8.2776147, 43.4771331], [-8.2776149, 43.4770918], [-8.2775962, 43.4770528], [-8.2775607, 43.4770205], [-8.2775125, 43.4769986], [-8.277457, 43.4769895], [-8.2774004, 43.4769942], [-8.2773493, 43.4770123], [-8.2773092, 43.4770417], [-8.2772856, 43.4770772], [-8.2772787, 43.4771164], [-8.2772893, 43.4771551], [-8.2773163, 43.4771894], [-8.2773568, 43.4772157]]]}, "properties": {"osm_id": "460106303", "osm_type": "way", "label_class": "0", "site_class": "mound", "name": "Mámoa da Chaeira (35)", "confidence": "high", "evidence": "archaeological_site=tumulus", "archaeological_site": "tumulus", "civilization": "", "fortification_type": "", "wikidata": "", "centroid_lon": "-8.27744179", "centroid_lat": "43.47711858", "area_m2": "576.9", "perimeter_m": "85.5", "equivalent_radius_m": "13.6", "circularity": "0.9909", "vertices": "20", "matched_catalogue_id": "wl-neg-neg-es-pba-10135", "matched_catalogue_name": "Mámoa dos Montes de Brión VI-5", "matched_distance_m": "36"}}, {"type": "Feature", "geometry": {"type": "Polygon", "coordinates": [[[-8.2880524, 43.4836103], [-8.28798, 43.4836531], [-8.2878673, 43.4836512], [-8.2877895, 43.4835869], [-8.2878056, 43.4835149], [-8.2878324, 43.4834779], [-8.2879209, 43.4834896], [-8.2880416, 43.483511], [-8.2880846, 43.4835577], [-8.2880524, 43.4836103]]]}, "properties": {"osm_id": "460218631", "osm_type": "way", "label_class": "0", "site_class": "mound", "name": "Mámoa da Planeira (8)", "confidence": "high", "evidence": "archaeological_site=tumulus", "archaeological_site": "tumulus", "civilization": "", "fortification_type": "", "wikidata": "", "centroid_lon": "-8.28794267", "centroid_lat": "43.48356629", "area_m2": "340.3", "perimeter_m": "68.9", "equivalent_radius_m": "10.4", "circularity": "0.9007", "vertices": "10", "matched_catalogue_id": "wl-neg-neg-es-pba-10011", "matched_catalogue_name": "Mámoa dos Montes de Brión I-4", "matched_distance_m": "26"}}, {"type": "Feature", "geometry": {"type": "Polygon", "coordinates": [[[-8.2916457, 43.4811852], [-8.2916983, 43.4811793], [-8.2917453, 43.4811611], [-8.2917812, 43.4811326], [-8.2918015, 43.4810987], [-8.2918058, 43.4810619], [-8.2917938, 43.481026], [-8.2917668, 43.4809947], [-8.2917274, 43.4809713], [-8.2916798, 43.4809582], [-8.2916289, 43.4809568], [-8.29158, 43.4809672], [-8.2915383, 43.4809883], [-8.2915079, 43.4810179], [-8.2914918, 43.4810548], [-8.2914935, 43.4810934], [-8.2915127, 43.4811294], [-8.2915473, 43.4811587], [-8.2915934, 43.481178], [-8.2916457, 43.4811852]]]}, "properties": {"osm_id": "460996744", "osm_type": "way", "label_class": "0", "site_class": "mound", "name": "Mámoa da Madorra", "confidence": "high", "evidence": "archaeological_site=tumulus", "archaeological_site": "tumulus", "civilization": "", "fortification_type": "", "wikidata": "", "centroid_lon": "-8.29164925", "centroid_lat": "43.48107493", "area_m2": "502.4", "perimeter_m": "79.8", "equivalent_radius_m": "12.6", "circularity": "0.9909", "vertices": "20", "matched_catalogue_id": "wl-neg-neg-es-pba-10103", "matched_catalogue_name": "Mámoa dos Montes de Brión IV-8", "matched_distance_m": "8"}}, {"type": "Feature", "geometry": {"type": "Polygon", "coordinates": [[[-8.2950774, 43.4783652], [-8.2950608, 43.4784005], [-8.2950618, 43.4784379], [-8.2950801, 43.4784728], [-8.2951137, 43.478501], [-8.2951586, 43.4785194], [-8.2952093, 43.4785255], [-8.2952552, 43.47852], [-8.2952965, 43.4785045], [-8.2953292, 43.4784806], [-8.2953502, 43.4784505], [-8.2953574, 43.4784172], [-8.2953501, 43.4783839], [-8.295329, 43.4783538], [-8.2952962, 43.4783299], [-8.2952548, 43.4783145], [-8.2952039, 43.4783091], [-8.2951535, 43.4783166], [-8.2951096, 43.4783361], [-8.2950774, 43.4783652]]]}, "properties": {"osm_id": "461036665", "osm_type": "way", "label_class": "0", "site_class": "mound", "name": "Mámoa das Campeiras", "confidence": "high", "evidence": "archaeological_site=tumulus", "archaeological_site": "tumulus", "civilization": "", "fortification_type": "", "wikidata": "", "centroid_lon": "-8.29520624", "centroid_lat": "43.47841521", "area_m2": "447.8", "perimeter_m": "75.4", "equivalent_radius_m": "11.9", "circularity": "0.9908", "vertices": "20", "matched_catalogue_id": "wl-neg-neg-es-pba-10101", "matched_catalogue_name": "Mámoa dos Montes de Brión IV-6", "matched_distance_m": "41"}}, {"type": "Feature", "geometry": {"type": "Polygon", "coordinates": [[[-8.2993867, 43.4808386], [-8.2994484, 43.4808026], [-8.2994591, 43.4807821], [-8.299443, 43.4807393], [-8.2993934, 43.4807033], [-8.2993344, 43.4806955], [-8.2992727, 43.4807276], [-8.2992499, 43.4807665], [-8.2992606, 43.4807948], [-8.2993116, 43.4808259], [-8.2993867, 43.4808386]]]}, "properties": {"osm_id": "461036666", "osm_type": "way", "label_class": "0", "site_class": "mound", "name": "Mámoa", "confidence": "high", "evidence": "archaeological_site=tumulus", "archaeological_site": "tumulus", "civilization": "", "fortification_type": "", "wikidata": "", "centroid_lon": "-8.29935877", "centroid_lat": "43.48077407", "area_m2": "189.4", "perimeter_m": "50.0", "equivalent_radius_m": "7.8", "circularity": "0.9522", "vertices": "11", "matched_catalogue_id": "wl-neg-neg-es-pba-10072", "matched_catalogue_name": "Mámoa dos Montes de Brión IV-1", "matched_distance_m": "3"}}, {"type": "Feature", "geometry": {"type": "Polygon", "coordinates": [[[-8.2953556, 43.484043], [-8.295438, 43.4840141], [-8.2954778, 43.4839611], [-8.2954566, 43.4839197], [-8.2953477, 43.4839004], [-8.2952693, 43.4839207], [-8.2952361, 43.4839419], [-8.2952334, 43.4839785], [-8.2952427, 43.4840132], [-8.2952905, 43.4840363], [-8.2953556, 43.484043]]]}, "properties": {"osm_id": "461125482", "osm_type": "way", "label_class": "0", "site_class": "mound", "name": "", "confidence": "high", "evidence": "archaeological_site=tumulus", "archaeological_site": "tumulus", "civilization": "", "fortification_type": "", "wikidata": "", "centroid_lon": "-8.29533666", "centroid_lat": "43.48397926", "area_m2": "234.2", "perimeter_m": "56.3", "equivalent_radius_m": "8.6", "circularity": "0.9270", "vertices": "11", "matched_catalogue_id": "wl-neg-neg-es-pba-10043", "matched_catalogue_name": "Mámoa dos Montes de Brión III-2", "matched_distance_m": "54"}}, {"type": "Feature", "geometry": {"type": "Polygon", "coordinates": [[[-8.2937661, 43.485215], [-8.293884, 43.4852093], [-8.2939155, 43.4851371], [-8.2938631, 43.4850781], [-8.2937845, 43.485061], [-8.2937242, 43.4850629], [-8.2936771, 43.4850876], [-8.2936666, 43.4851295], [-8.2936849, 43.4851827], [-8.2937661, 43.485215]]]}, "properties": {"osm_id": "461125483", "osm_type": "way", "label_class": "0", "site_class": "mound", "name": "", "confidence": "high", "evidence": "archaeological_site=tumulus", "archaeological_site": "tumulus", "civilization": "", "fortification_type": "", "wikidata": "", "centroid_lon": "-8.29377321", "centroid_lat": "43.48513782", "area_m2": "269.3", "perimeter_m": "60.3", "equivalent_radius_m": "9.3", "circularity": "0.9303", "vertices": "10", "matched_catalogue_id": "wl-neg-neg-es-pba-10042", "matched_catalogue_name": "Mámoa dos Montes de Brión III-1", "matched_distance_m": "34"}}, {"type": "Feature", "geometry": {"type": "Polygon", "coordinates": [[[-8.2913067, 43.4849568], [-8.2914073, 43.4849213], [-8.2914124, 43.4848501], [-8.2913299, 43.4848089], [-8.2912267, 43.4848183], [-8.291157, 43.484852], [-8.2911286, 43.4849063], [-8.291188, 43.4849531], [-8.2913067, 43.4849568]]]}, "properties": {"osm_id": "461125484", "osm_type": "way", "label_class": "0", "site_class": "mound", "name": "", "confidence": "high", "evidence": "archaeological_site=tumulus", "archaeological_site": "tumulus", "civilization": "", "fortification_type": "", "wikidata": "", "centroid_lon": "-8.29127370", "centroid_lat": "43.48489151", "area_m2": "287.6", "perimeter_m": "63.4", "equivalent_radius_m": "9.6", "circularity": "0.9000", "vertices": "9", "matched_catalogue_id": "wl-neg-neg-es-pba-10041", "matched_catalogue_name": "Mámoa dos Montes de Brión II-2", "matched_distance_m": "66"}}, {"type": "Feature", "geometry": {"type": "Polygon", "coordinates": [[[-8.2905851, 43.4858203], [-8.290644, 43.4857862], [-8.2906834, 43.4857397], [-8.2906987, 43.4856862], [-8.2906881, 43.4856321], [-8.2906567, 43.4855875], [-8.2906077, 43.4855522], [-8.290546, 43.4855298], [-8.2904777, 43.4855225], [-8.2904097, 43.4855309], [-8.2903487, 43.4855543], [-8.2903007, 43.4855903], [-8.2902707, 43.4856354], [-8.2902615, 43.485685], [-8.290274, 43.4857343], [-8.2903111, 43.4857818], [-8.2903682, 43.4858175], [-8.2904385, 43.4858369], [-8.2905138, 43.4858379], [-8.2905851, 43.4858203]]]}, "properties": {"osm_id": "461125485", "osm_type": "way", "label_class": "0", "site_class": "mound", "name": "", "confidence": "high", "evidence": "archaeological_site=tumulus", "archaeological_site": "tumulus", "civilization": "", "fortification_type": "", "wikidata": "", "centroid_lon": "-8.29048347", "centroid_lat": "43.48568406", "area_m2": "962.4", "perimeter_m": "110.5", "equivalent_radius_m": "17.5", "circularity": "0.9908", "vertices": "20", "matched_catalogue_id": "wl-neg-neg-es-pba-10040", "matched_catalogue_name": "Mámoa dos Montes de Brión II-1", "matched_distance_m": "53"}}, {"type": "Feature", "geometry": {"type": "Polygon", "coordinates": [[[-8.2893017, 43.4843294], [-8.2893118, 43.484295], [-8.2893059, 43.48426], [-8.2892846, 43.4842283], [-8.2892503, 43.4842033], [-8.2892067, 43.4841878], [-8.2891584, 43.4841835], [-8.2891109, 43.4841907], [-8.2890692, 43.4842088], [-8.2890378, 43.4842358], [-8.2890203, 43.4842687], [-8.2890184, 43.4843038], [-8.2890323, 43.4843374], [-8.2890605, 43.484366], [-8.2890999, 43.4843864], [-8.2891463, 43.4843964], [-8.2891947, 43.4843949], [-8.2892398, 43.4843822], [-8.2892768, 43.4843595], [-8.2893017, 43.4843294]]]}, "properties": {"osm_id": "461125486", "osm_type": "way", "label_class": "0", "site_class": "mound", "name": "Mámoa de Pico do Ponte", "confidence": "high", "evidence": "archaeological_site=tumulus", "archaeological_site": "tumulus", "civilization": "", "fortification_type": "", "wikidata": "", "centroid_lon": "-8.28917140", "centroid_lat": "43.48429237", "area_m2": "436.9", "perimeter_m": "74.4", "equivalent_radius_m": "11.8", "circularity": "0.9909", "vertices": "20", "matched_catalogue_id": "wl-neg-neg-es-pba-9983", "matched_catalogue_name": "Mámoa dos Montes de Brión I-1", "matched_distance_m": "4"}}, {"type": "Feature", "geometry": {"type": "Polygon", "coordinates": [[[-8.2862782, 43.4816221], [-8.2863556, 43.481593], [-8.2863849, 43.4814924], [-8.2863369, 43.4814324], [-8.2862302, 43.4814343], [-8.2861475, 43.4814634], [-8.2861289, 43.481504], [-8.2861475, 43.4815601], [-8.2861716, 43.4816008], [-8.2862782, 43.4816221]]]}, "properties": {"osm_id": "461125487", "osm_type": "way", "label_class": "0", "site_class": "mound", "name": "", "confidence": "high", "evidence": "archaeological_site=tumulus", "archaeological_site": "tumulus", "civilization": "", "fortification_type": "", "wikidata": "", "centroid_lon": "-8.28624595", "centroid_lat": "43.48153246", "area_m2": "336.7", "perimeter_m": "67.3", "equivalent_radius_m": "10.4", "circularity": "0.9339", "vertices": "10", "matched_catalogue_id": "wl-neg-neg-es-pba-10015", "matched_catalogue_name": "Mámoa dos Montes de Brión I-8", "matched_distance_m": "61"}}, {"type": "Feature", "geometry": {"type": "Polygon", "coordinates": [[[-8.304148, 43.4787925], [-8.3042284, 43.4787166], [-8.3042124, 43.4786212], [-8.3041587, 43.478557], [-8.3040782, 43.4785492], [-8.3040112, 43.478557], [-8.303971, 43.478592], [-8.3039629, 43.4786504], [-8.3039736, 43.4787069], [-8.3040192, 43.4787594], [-8.3040729, 43.4787964], [-8.304148, 43.4787925]]]}, "properties": {"osm_id": "461125490", "osm_type": "way", "label_class": "0", "site_class": "mound", "name": "", "confidence": "high", "evidence": "archaeological_site=tumulus", "archaeological_site": "tumulus", "civilization": "", "fortification_type": "", "wikidata": "", "centroid_lon": "-8.30408204", "centroid_lat": "43.47867426", "area_m2": "456.3", "perimeter_m": "78.7", "equivalent_radius_m": "12.1", "circularity": "0.9263", "vertices": "12", "matched_catalogue_id": "wl-neg-neg-es-pba-10076", "matched_catalogue_name": "Mámoa dos Montes de Brión IV-2", "matched_distance_m": "51"}}, {"type": "Feature", "geometry": {"type": "Polygon", "coordinates": [[[-8.3033862, 43.4785847], [-8.3034063, 43.4785536], [-8.3034171, 43.4784962], [-8.3033849, 43.4784689], [-8.3033487, 43.4784533], [-8.3033165, 43.478465], [-8.3032964, 43.4784913], [-8.303283, 43.4785302], [-8.3032816, 43.4785633], [-8.3032991, 43.4785847], [-8.3033862, 43.4785847]]]}, "properties": {"osm_id": "461125491", "osm_type": "way", "label_class": "0", "site_class": "mound", "name": "", "confidence": "high", "evidence": "archaeological_site=tumulus", "archaeological_site": "tumulus", "civilization": "", "fortification_type": "", "wikidata": "", "centroid_lon": "-8.30334600", "centroid_lat": "43.47852508", "area_m2": "124.5", "perimeter_m": "41.9", "equivalent_radius_m": "6.3", "circularity": "0.8918", "vertices": "11", "matched_catalogue_id": "wl-neg-neg-es-pba-10076", "matched_catalogue_name": "Mámoa dos Montes de Brión IV-2", "matched_distance_m": "24"}}, {"type": "Feature", "geometry": {"type": "Polygon", "coordinates": [[[-8.3036319, 43.4773985], [-8.3036789, 43.4773606], [-8.3036681, 43.4773158], [-8.3036279, 43.4773051], [-8.3035809, 43.4773051], [-8.3035394, 43.4773333], [-8.3035394, 43.4773664], [-8.3035568, 43.4773878], [-8.303589, 43.4773985], [-8.3036319, 43.4773985]]]}, "properties": {"osm_id": "461125492", "osm_type": "way", "label_class": "0", "site_class": "mound", "name": "", "confidence": "high", "evidence": "archaeological_site=tumulus", "archaeological_site": "tumulus", "civilization": "", "fortification_type": "", "wikidata": "", "centroid_lon": "-8.30360442", "centroid_lat": "43.47735696", "area_m2": "93.8", "perimeter_m": "35.4", "equivalent_radius_m": "5.5", "circularity": "0.9430", "vertices": "10", "matched_catalogue_id": "wl-neg-neg-es-pba-10104", "matched_catalogue_name": "Mámoa dos Montes de Brión IV-9", "matched_distance_m": "22"}}, {"type": "Feature", "geometry": {"type": "Polygon", "coordinates": [[[-8.303472, 43.4759373], [-8.3034717, 43.4759078], [-8.3034578, 43.4758801], [-8.3034339, 43.4758587], [-8.3034019, 43.4758439], [-8.3033651, 43.4758371], [-8.3033273, 43.475839], [-8.3032921, 43.4758495], [-8.3032634, 43.4758674], [-8.3032438, 43.4758911], [-8.3032355, 43.4759179], [-8.3032393, 43.4759454], [-8.3032548, 43.4759705], [-8.3032825, 43.4759921], [-8.3033185, 43.4760056], [-8.3033588, 43.4760096], [-8.3033985, 43.4760035], [-8.3034332, 43.4759881], [-8.3034586, 43.4759651], [-8.303472, 43.4759373]]]}, "properties": {"osm_id": "461125493", "osm_type": "way", "label_class": "0", "site_class": "mound", "name": "", "confidence": "high", "evidence": "archaeological_site=tumulus", "archaeological_site": "tumulus", "civilization": "", "fortification_type": "", "wikidata": "", "centroid_lon": "-8.30335903", "centroid_lat": "43.47592235", "area_m2": "285.7", "perimeter_m": "60.2", "equivalent_radius_m": "9.5", "circularity": "0.9908", "vertices": "20", "matched_catalogue_id": "wl-neg-neg-es-pba-10075", "matched_catalogue_name": "Mámoa dos Montes de Brión IV-12", "matched_distance_m": "39"}}, {"type": "Feature", "geometry": {"type": "Polygon", "coordinates": [[[-8.2973979, 43.4751003], [-8.2974287, 43.475071], [-8.2974448, 43.475036], [-8.2974445, 43.4749992], [-8.2974278, 43.4749644], [-8.2973965, 43.4749354], [-8.297354, 43.4749153], [-8.2973042, 43.4749061], [-8.2972529, 43.4749094], [-8.297206, 43.4749246], [-8.2971685, 43.47495], [-8.2971445, 43.4749831], [-8.2971367, 43.4750199], [-8.297146, 43.4750566], [-8.2971712, 43.4750891], [-8.2972092, 43.4751135], [-8.2972561, 43.4751278], [-8.2973067, 43.4751303], [-8.2973558, 43.4751208], [-8.2973979, 43.4751003]]]}, "properties": {"osm_id": "461125494", "osm_type": "way", "label_class": "0", "site_class": "mound", "name": "Mámoa do Coto Grande", "confidence": "high", "evidence": "archaeological_site=tumulus", "archaeological_site": "tumulus", "civilization": "", "fortification_type": "", "wikidata": "", "centroid_lon": "-8.29729749", "centroid_lat": "43.47502265", "area_m2": "483.8", "perimeter_m": "78.3", "equivalent_radius_m": "12.4", "circularity": "0.9909", "vertices": "20", "matched_catalogue_id": "wl-neg-neg-es-pba-10099", "matched_catalogue_name": "Mámoa dos Montes de Brión IV-4", "matched_distance_m": "80"}}, {"type": "Feature", "geometry": {"type": "Polygon", "coordinates": [[[-8.2870453, 43.4821156], [-8.2871592, 43.4820949], [-8.2872242, 43.4820315], [-8.2872018, 43.4819518], [-8.2871409, 43.4818973], [-8.2870474, 43.4818796], [-8.2869477, 43.4819061], [-8.2869173, 43.4819681], [-8.2869132, 43.4820359], [-8.2869396, 43.482092], [-8.2870453, 43.4821156]]]}, "properties": {"osm_id": "461144969", "osm_type": "way", "label_class": "0", "site_class": "mound", "name": "", "confidence": "high", "evidence": "archaeological_site=tumulus", "archaeological_site": "tumulus", "civilization": "", "fortification_type": "", "wikidata": "", "centroid_lon": "-8.28705290", "centroid_lat": "43.48200804", "area_m2": "508.5", "perimeter_m": "81.9", "equivalent_radius_m": "12.7", "circularity": "0.9518", "vertices": "11", "matched_catalogue_id": "wl-neg-neg-es-pba-10015", "matched_catalogue_name": "Mámoa dos Montes de Brión I-8", "matched_distance_m": "23"}}, {"type": "Feature", "geometry": {"type": "Polygon", "coordinates": [[[-8.2860347, 43.482832], [-8.2861487, 43.4827475], [-8.2860856, 43.4826279], [-8.2859523, 43.4826121], [-8.2858554, 43.4826631], [-8.2858069, 43.4827194], [-8.2858045, 43.4827933], [-8.2858748, 43.4828443], [-8.2859572, 43.4828548], [-8.2860347, 43.482832]]]}, "properties": {"osm_id": "461144971", "osm_type": "way", "label_class": "0", "site_class": "mound", "name": "Mámoa da Planeira (5)", "confidence": "high", "evidence": "archaeological_site=tumulus", "archaeological_site": "tumulus", "civilization": "", "fortification_type": "", "wikidata": "", "centroid_lon": "-8.28595548", "centroid_lat": "43.48275264", "area_m2": "537.7", "perimeter_m": "85.2", "equivalent_radius_m": "13.1", "circularity": "0.9316", "vertices": "10", "matched_catalogue_id": "wl-neg-neg-es-pba-10013", "matched_catalogue_name": "Mámoa dos Montes de Brión I-6", "matched_distance_m": "8"}}, {"type": "Feature", "geometry": {"type": "Polygon", "coordinates": [[[-8.2878748, 43.4831479], [-8.2877647, 43.4831346], [-8.2877254, 43.4831688], [-8.2877359, 43.4832221], [-8.2877831, 43.4832544], [-8.2878486, 43.4832639], [-8.2879088, 43.4832259], [-8.2879141, 43.4831821], [-8.2878748, 43.4831479]]]}, "properties": {"osm_id": "461227297", "osm_type": "way", "label_class": "0", "site_class": "mound", "name": "Mámoa da Planeira (7)", "confidence": "high", "evidence": "archaeological_site=tumulus", "archaeological_site": "tumulus", "civilization": "", "fortification_type": "", "wikidata": "", "centroid_lon": "-8.28782558", "centroid_lat": "43.48319418", "area_m2": "162.7", "perimeter_m": "46.9", "equivalent_radius_m": "7.2", "circularity": "0.9298", "vertices": "9", "matched_catalogue_id": "wl-neg-neg-es-pba-10011", "matched_catalogue_name": "Mámoa dos Montes de Brión I-4", "matched_distance_m": "27"}}, {"type": "Feature", "geometry": {"type": "Polygon", "coordinates": [[[-8.3019013, 43.4803858], [-8.3019449, 43.4803853], [-8.3019838, 43.480375], [-8.3020161, 43.4803562], [-8.3020385, 43.4803309], [-8.3020486, 43.4803017], [-8.3020454, 43.4802718], [-8.3020292, 43.4802441], [-8.3020017, 43.4802216], [-8.3019657, 43.4802067], [-8.3019251, 43.4802009], [-8.301884, 43.4802048], [-8.3018468, 43.4802179], [-8.3018173, 43.480239], [-8.3017979, 43.4802674], [-8.3017928, 43.4802987], [-8.3018024, 43.4803296], [-8.3018257, 43.4803563], [-8.30186, 43.4803758], [-8.3019013, 43.4803858]]]}, "properties": {"osm_id": "461366119", "osm_type": "way", "label_class": "0", "site_class": "mound", "name": "", "confidence": "high", "evidence": "archaeological_site=tumulus", "archaeological_site": "tumulus", "civilization": "", "fortification_type": "", "wikidata": "", "centroid_lon": "-8.30192142", "centroid_lat": "43.48029777", "area_m2": "331.0", "perimeter_m": "64.8", "equivalent_radius_m": "10.3", "circularity": "0.9909", "vertices": "20", "matched_catalogue_id": "wl-neg-neg-es-pba-10136", "matched_catalogue_name": "Mámoas de Brión", "matched_distance_m": "73"}}, {"type": "Feature", "geometry": {"type": "Polygon", "coordinates": [[[-8.1252217, 43.5618614], [-8.1254411, 43.5617837], [-8.1254119, 43.5616], [-8.1252266, 43.5615258], [-8.1250316, 43.5615116], [-8.1249, 43.5615788], [-8.124861, 43.5616706], [-8.124861, 43.5617907], [-8.125056, 43.561879], [-8.1252217, 43.5618614]]]}, "properties": {"osm_id": "463730626", "osm_type": "way", "label_class": "0", "site_class": "mound", "name": "", "confidence": "high", "evidence": "archaeological_site=tumulus", "archaeological_site": "tumulus", "civilization": "", "fortification_type": "", "wikidata": "", "centroid_lon": "-8.12512326", "centroid_lat": "43.56170630", "area_m2": "1487.9", "perimeter_m": "142.3", "equivalent_radius_m": "21.8", "circularity": "0.9236", "vertices": "10", "matched_catalogue_id": "wl-neg-neg-es-pba-14297", "matched_catalogue_name": "Mámoa do Monte dos Niños 15", "matched_distance_m": "53"}}, {"type": "Feature", "geometry": {"type": "Polygon", "coordinates": [[[-8.1254945, 43.5625592], [-8.1257234, 43.5624366], [-8.1257184, 43.5623067], [-8.1254397, 43.5622707], [-8.1252356, 43.5623248], [-8.125161, 43.562415], [-8.1252406, 43.5625592], [-8.1254945, 43.5625592]]]}, "properties": {"osm_id": "463742669", "osm_type": "way", "label_class": "0", "site_class": "mound", "name": "", "confidence": "high", "evidence": "archaeological_site=tumulus", "archaeological_site": "tumulus", "civilization": "", "fortification_type": "", "wikidata": "", "centroid_lon": "-8.12543846", "centroid_lat": "43.56242892", "area_m2": "1113.8", "perimeter_m": "127.3", "equivalent_radius_m": "18.8", "circularity": "0.8641", "vertices": "8", "matched_catalogue_id": "wl-neg-neg-es-pba-14297", "matched_catalogue_name": "Mámoa do Monte dos Niños 15", "matched_distance_m": "67"}}, {"type": "Feature", "geometry": {"type": "Polygon", "coordinates": [[[-8.1067623, 43.5531328], [-8.1068642, 43.552989], [-8.1067194, 43.5528762], [-8.1065745, 43.5529229], [-8.1065316, 43.5530162], [-8.1066174, 43.5531095], [-8.1067623, 43.5531328]]]}, "properties": {"osm_id": "464581180", "osm_type": "way", "label_class": "0", "site_class": "mound", "name": "", "confidence": "high", "evidence": "archaeological_site=tumulus", "archaeological_site": "tumulus", "civilization": "", "fortification_type": "", "wikidata": "", "centroid_lon": "-8.10669024", "centroid_lat": "43.55302563", "area_m2": "491.9", "perimeter_m": "83.3", "equivalent_radius_m": "12.5", "circularity": "0.8899", "vertices": "7", "matched_catalogue_id": "", "matched_catalogue_name": "", "matched_distance_m": ""}}, {"type": "Feature", "geometry": {"type": "Polygon", "coordinates": [[[-8.1066583, 43.554028], [-8.1067226, 43.5540647], [-8.1067672, 43.5541145], [-8.1067871, 43.5541721], [-8.1067803, 43.5542312], [-8.1067474, 43.5542856], [-8.1066921, 43.5543293], [-8.1066195, 43.5543579], [-8.106538, 43.5543678], [-8.1064565, 43.5543578], [-8.106384, 43.5543292], [-8.1063283, 43.554285], [-8.1062955, 43.55423], [-8.1062893, 43.5541703], [-8.1063103, 43.5541124], [-8.1063562, 43.5540626], [-8.1064214, 43.5540266], [-8.1064991, 43.5540079], [-8.106581, 43.5540084], [-8.1066583, 43.554028]]]}, "properties": {"osm_id": "464823228", "osm_type": "way", "label_class": "0", "site_class": "mound", "name": "Mámoa de Montes da Marola (20)", "confidence": "high", "evidence": "archaeological_site=tumulus", "archaeological_site": "tumulus", "civilization": "", "fortification_type": "", "wikidata": "", "centroid_lon": "-8.10654462", "centroid_lat": "43.55417846", "area_m2": "1253.0", "perimeter_m": "126.1", "equivalent_radius_m": "20.0", "circularity": "0.9909", "vertices": "20", "matched_catalogue_id": "", "matched_catalogue_name": "", "matched_distance_m": ""}}, {"type": "Feature", "geometry": {"type": "Polygon", "coordinates": [[[-8.095669, 43.550762], [-8.0953804, 43.5507696], [-8.0952755, 43.5506365], [-8.0953122, 43.5504958], [-8.0956008, 43.5505072], [-8.0957529, 43.5505833], [-8.095669, 43.550762]]]}, "properties": {"osm_id": "464823233", "osm_type": "way", "label_class": "0", "site_class": "mound", "name": "Mámoa Alto de Pedroso (24)", "confidence": "high", "evidence": "archaeological_site=tumulus", "archaeological_site": "tumulus", "civilization": "", "fortification_type": "", "wikidata": "", "centroid_lon": "-8.09552283", "centroid_lat": "43.55064520", "area_m2": "922.9", "perimeter_m": "115.5", "equivalent_radius_m": "17.1", "circularity": "0.8686", "vertices": "7", "matched_catalogue_id": "", "matched_catalogue_name": "", "matched_distance_m": ""}}, {"type": "Feature", "geometry": {"type": "Polygon", "coordinates": [[[-8.0975053, 43.5511005], [-8.0973112, 43.5511537], [-8.0971748, 43.5510244], [-8.0972063, 43.5509331], [-8.0973794, 43.5509331], [-8.0975578, 43.550956], [-8.0975053, 43.5511005]]]}, "properties": {"osm_id": "464823234", "osm_type": "way", "label_class": "0", "site_class": "mound", "name": "Mámoa Alto de Pedroso (23)", "confidence": "high", "evidence": "archaeological_site=tumulus", "archaeological_site": "tumulus", "civilization": "", "fortification_type": "", "wikidata": "", "centroid_lon": "-8.09737716", "centroid_lat": "43.55102876", "area_m2": "542.8", "perimeter_m": "90.6", "equivalent_radius_m": "13.1", "circularity": "0.8319", "vertices": "7", "matched_catalogue_id": "", "matched_catalogue_name": "", "matched_distance_m": ""}}, {"type": "Feature", "geometry": {"type": "Polygon", "coordinates": [[[-8.1025389, 43.5496918], [-8.1022738, 43.5497686], [-8.1021501, 43.5495701], [-8.1022385, 43.54941], [-8.1024947, 43.5494228], [-8.1026891, 43.5495445], [-8.1025389, 43.5496918]]]}, "properties": {"osm_id": "464978826", "osm_type": "way", "label_class": "0", "site_class": "mound", "name": "", "confidence": "high", "evidence": "archaeological_site=tumulus", "archaeological_site": "tumulus", "civilization": "", "fortification_type": "", "wikidata": "", "centroid_lon": "-8.10241771", "centroid_lat": "43.54958566", "area_m2": "1124.5", "perimeter_m": "128.3", "equivalent_radius_m": "18.9", "circularity": "0.8583", "vertices": "7", "matched_catalogue_id": "", "matched_catalogue_name": "", "matched_distance_m": ""}}, {"type": "Feature", "geometry": {"type": "Polygon", "coordinates": [[[-8.096295, 43.1824315], [-8.0963069, 43.1824859], [-8.0963419, 43.1825347], [-8.0963964, 43.1825728], [-8.0964646, 43.1825964], [-8.0965428, 43.1826028], [-8.0966195, 43.18259], [-8.0966861, 43.1825594], [-8.0967351, 43.1825144], [-8.0967609, 43.1824602], [-8.0967606, 43.1824028], [-8.0967343, 43.1823487], [-8.0966849, 43.182304], [-8.0966181, 43.1822737], [-8.0965412, 43.1822613], [-8.0964662, 43.1822674], [-8.0963977, 43.1822907], [-8.0963429, 43.1823286], [-8.0963075, 43.1823772], [-8.096295, 43.1824315]]]}, "properties": {"osm_id": "465786232", "osm_type": "way", "label_class": "0", "site_class": "mound", "name": "Túmulo 18 de Montes do Gato", "confidence": "high", "evidence": "archaeological_site=tumulus", "archaeological_site": "tumulus", "civilization": "", "fortification_type": "", "wikidata": "", "centroid_lon": "-8.09651488", "centroid_lat": "43.18243170", "area_m2": "1117.8", "perimeter_m": "119.1", "equivalent_radius_m": "18.9", "circularity": "0.9909", "vertices": "20", "matched_catalogue_id": "wl-neg-neg-es-pba-26710", "matched_catalogue_name": "Mámoa do Monte do Gato 18", "matched_distance_m": "47"}}, {"type": "Feature", "geometry": {"type": "Polygon", "coordinates": [[[-8.1010153, 43.1855792], [-8.1010237, 43.1856128], [-8.1010463, 43.1856427], [-8.1010806, 43.185666], [-8.1011232, 43.1856802], [-8.1011698, 43.1856838], [-8.1012156, 43.1856766], [-8.1012581, 43.1856579], [-8.1012897, 43.1856299], [-8.1013066, 43.1855959], [-8.101307, 43.1855597], [-8.1012908, 43.1855254], [-8.1012599, 43.1854971], [-8.1012178, 43.1854779], [-8.1011693, 43.18547], [-8.10112, 43.1854744], [-8.1010755, 43.1854904], [-8.1010426, 43.1855147], [-8.1010218, 43.1855453], [-8.1010153, 43.1855792]]]}, "properties": {"osm_id": "465786233", "osm_type": "way", "label_class": "0", "site_class": "mound", "name": "Montículo 11 de Montes do Gato", "confidence": "high", "evidence": "archaeological_site=tumulus", "archaeological_site": "tumulus", "civilization": "", "fortification_type": "", "wikidata": "", "centroid_lon": "-8.10115245", "centroid_lat": "43.18557795", "area_m2": "438.1", "perimeter_m": "74.5", "equivalent_radius_m": "11.8", "circularity": "0.9908", "vertices": "20", "matched_catalogue_id": "wl-neg-neg-es-pba-26678", "matched_catalogue_name": "Mámoa do Monte do Gato 11", "matched_distance_m": "6"}}, {"type": "Feature", "geometry": {"type": "Polygon", "coordinates": [[[-8.0986537, 43.1828479], [-8.0986083, 43.1828802], [-8.0985793, 43.1829214], [-8.09857, 43.1829672], [-8.0985811, 43.1830128], [-8.0986117, 43.1830534], [-8.0986584, 43.1830847], [-8.0987164, 43.1831036], [-8.0987823, 43.1831078], [-8.0988463, 43.1830958], [-8.0989013, 43.1830689], [-8.0989409, 43.1830303], [-8.0989607, 43.1829843], [-8.0989584, 43.1829361], [-8.0989343, 43.1828913], [-8.0988911, 43.1828547], [-8.0988362, 43.1828315], [-8.098774, 43.1828222], [-8.098711, 43.1828278], [-8.0986537, 43.1828479]]]}, "properties": {"osm_id": "467508195", "osm_type": "way", "label_class": "0", "site_class": "mound", "name": "Túmulo 13 de Montes do Gato", "confidence": "high", "evidence": "archaeological_site=tumulus", "archaeological_site": "tumulus", "civilization": "", "fortification_type": "", "wikidata": "", "centroid_lon": "-8.09875845", "centroid_lat": "43.18295849", "area_m2": "782.8", "perimeter_m": "99.6", "equivalent_radius_m": "15.8", "circularity": "0.9909", "vertices": "20", "matched_catalogue_id": "wl-neg-neg-es-pba-26680", "matched_catalogue_name": "Mámoa do Monte do Gato 13", "matched_distance_m": "27"}}, {"type": "Feature", "geometry": {"type": "Polygon", "coordinates": [[[-8.1030203, 43.1888703], [-8.1030715, 43.1888601], [-8.1031245, 43.1888621], [-8.103174, 43.188876], [-8.1032151, 43.1889004], [-8.1032438, 43.1889329], [-8.1032571, 43.1889704], [-8.1032527, 43.1890125], [-8.1032288, 43.1890511], [-8.1031884, 43.1890815], [-8.1031363, 43.1891], [-8.1030786, 43.1891046], [-8.1030222, 43.1890946], [-8.1029738, 43.1890712], [-8.1029392, 43.1890373], [-8.1029225, 43.1889967], [-8.1029246, 43.1889581], [-8.102943, 43.1889218], [-8.102976, 43.1888916], [-8.1030203, 43.1888703]]]}, "properties": {"osm_id": "467546586", "osm_type": "way", "label_class": "0", "site_class": "mound", "name": "Montículo 7 de Montes do Gato", "confidence": "high", "evidence": "archaeological_site=tumulus", "archaeological_site": "tumulus", "civilization": "", "fortification_type": "", "wikidata": "", "centroid_lon": "-8.10308563", "centroid_lat": "43.18897318", "area_m2": "575.6", "perimeter_m": "85.4", "equivalent_radius_m": "13.5", "circularity": "0.9908", "vertices": "20", "matched_catalogue_id": "wl-neg-neg-es-pba-26649", "matched_catalogue_name": "Mámoa do Monte do Gato 07", "matched_distance_m": "2"}}, {"type": "Feature", "geometry": {"type": "Polygon", "coordinates": [[[-8.0993554, 43.1829937], [-8.0994129, 43.1829953], [-8.0994664, 43.1830108], [-8.0995096, 43.1830385], [-8.0995377, 43.1830751], [-8.0995474, 43.1831164], [-8.0995386, 43.1831557], [-8.0995131, 43.1831909], [-8.0994736, 43.1832184], [-8.0994242, 43.1832353], [-8.0993699, 43.1832398], [-8.0993165, 43.1832316], [-8.0992695, 43.1832114], [-8.0992336, 43.1831814], [-8.0992128, 43.1831446], [-8.099209, 43.1831049], [-8.0992227, 43.1830663], [-8.0992546, 43.1830314], [-8.0993006, 43.1830063], [-8.0993554, 43.1829937]]]}, "properties": {"osm_id": "467667524", "osm_type": "way", "label_class": "0", "site_class": "mound", "name": "Túmulo 17 de Montes do Gato", "confidence": "high", "evidence": "archaeological_site=tumulus", "archaeological_site": "tumulus", "civilization": "", "fortification_type": "", "wikidata": "", "centroid_lon": "-8.09937617", "centroid_lat": "43.18311208", "area_m2": "584.5", "perimeter_m": "86.1", "equivalent_radius_m": "13.6", "circularity": "0.9909", "vertices": "20", "matched_catalogue_id": "wl-neg-neg-es-pba-26684", "matched_catalogue_name": "Mámoa do Monte do Gato 17", "matched_distance_m": "36"}}, {"type": "Feature", "geometry": {"type": "Polygon", "coordinates": [[[-8.1027884, 43.1866273], [-8.1028133, 43.186664], [-8.1028536, 43.1866925], [-8.1029047, 43.1867096], [-8.1029606, 43.1867132], [-8.1030123, 43.1867039], [-8.1030572, 43.186683], [-8.1030907, 43.1866528], [-8.1031094, 43.1866165], [-8.1031112, 43.1865777], [-8.1030961, 43.1865404], [-8.1030655, 43.1865086], [-8.1030226, 43.1864856], [-8.1029719, 43.1864737], [-8.1029187, 43.1864741], [-8.1028683, 43.1864868], [-8.1028242, 43.1865121], [-8.1027942, 43.1865467], [-8.1027818, 43.1865867], [-8.1027884, 43.1866273]]]}, "properties": {"osm_id": "468561420", "osm_type": "way", "label_class": "0", "site_class": "mound", "name": "Túmulo 10 de Montes do Gato", "confidence": "high", "evidence": "archaeological_site=tumulus", "archaeological_site": "tumulus", "civilization": "", "fortification_type": "", "wikidata": "", "centroid_lon": "-8.10294165", "centroid_lat": "43.18659412", "area_m2": "556.6", "perimeter_m": "84.0", "equivalent_radius_m": "13.3", "circularity": "0.9909", "vertices": "20", "matched_catalogue_id": "wl-neg-neg-es-pba-26677", "matched_catalogue_name": "Mámoa do Monte do Gato 10", "matched_distance_m": "2"}}, {"type": "Feature", "geometry": {"type": "Polygon", "coordinates": [[[-8.1049331, 43.1917341], [-8.1049473, 43.1917768], [-8.1049798, 43.1918138], [-8.105027, 43.1918411], [-8.1050839, 43.1918557], [-8.1051441, 43.191856], [-8.1052012, 43.191842], [-8.1052488, 43.1918153], [-8.1052819, 43.1917789], [-8.1052971, 43.1917366], [-8.1052927, 43.191693], [-8.1052691, 43.1916528], [-8.1052289, 43.1916203], [-8.1051765, 43.1915991], [-8.1051175, 43.1915914], [-8.1050582, 43.191598], [-8.1050048, 43.1916184], [-8.1049635, 43.1916504], [-8.1049387, 43.1916904], [-8.1049331, 43.1917341]]]}, "properties": {"osm_id": "468561425", "osm_type": "way", "label_class": "0", "site_class": "mound", "name": "Túmulo 2 de Montes do Gato", "confidence": "high", "evidence": "archaeological_site=tumulus", "archaeological_site": "tumulus", "civilization": "", "fortification_type": "", "wikidata": "", "centroid_lon": "-8.10510636", "centroid_lat": "43.19172491", "area_m2": "677.7", "perimeter_m": "92.7", "equivalent_radius_m": "14.7", "circularity": "0.9909", "vertices": "20", "matched_catalogue_id": "wl-neg-neg-es-pba-26618", "matched_catalogue_name": "Mámoa do Monte do Gato 02", "matched_distance_m": "21"}}, {"type": "Feature", "geometry": {"type": "Polygon", "coordinates": [[[-8.1016857, 43.1905071], [-8.1017037, 43.1905598], [-8.1017442, 43.1906054], [-8.1018027, 43.1906391], [-8.1018729, 43.1906572], [-8.1019482, 43.1906577], [-8.1020197, 43.1906403], [-8.1020794, 43.1906068], [-8.1021209, 43.190561], [-8.1021396, 43.1905078], [-8.1021335, 43.190453], [-8.1021033, 43.1904027], [-8.1020522, 43.1903624], [-8.1019858, 43.1903364], [-8.1019115, 43.1903276], [-8.1018372, 43.190337], [-8.1017719, 43.1903631], [-8.1017217, 43.1904032], [-8.1016918, 43.190453], [-8.1016857, 43.1905071]]]}, "properties": {"osm_id": "468561427", "osm_type": "way", "label_class": "0", "site_class": "mound", "name": "Túmulo 6 de Montes do Gato", "confidence": "high", "evidence": "archaeological_site=tumulus", "archaeological_site": "tumulus", "civilization": "", "fortification_type": "", "wikidata": "", "centroid_lon": "-8.10190058", "centroid_lat": "43.19049439", "area_m2": "1054.2", "perimeter_m": "115.6", "equivalent_radius_m": "18.3", "circularity": "0.9909", "vertices": "20", "matched_catalogue_id": "wl-neg-neg-es-pba-26648", "matched_catalogue_name": "Mámoa do Monte do Gato 06", "matched_distance_m": "5"}}, {"type": "Feature", "geometry": {"type": "Polygon", "coordinates": [[[-8.2915506, 43.4775893], [-8.2916391, 43.4776107], [-8.2917008, 43.4775465], [-8.2916203, 43.4774901], [-8.2915318, 43.4774823], [-8.2914862, 43.4775095], [-8.2914835, 43.4775407], [-8.2915506, 43.4775893]]]}, "properties": {"osm_id": "469231568", "osm_type": "way", "label_class": "0", "site_class": "mound", "name": "Pena dos Canteiros", "confidence": "high", "evidence": "archaeological_site=tumulus", "archaeological_site": "tumulus", "civilization": "", "fortification_type": "", "wikidata": "", "centroid_lon": "-8.29157036", "centroid_lat": "43.47754480", "area_m2": "161.2", "perimeter_m": "48.4", "equivalent_radius_m": "7.2", "circularity": "0.8650", "vertices": "8", "matched_catalogue_id": "wl-neg-neg-es-pba-10102", "matched_catalogue_name": "Mámoa dos Montes de Brión IV-7", "matched_distance_m": "18"}}, {"type": "Feature", "geometry": {"type": "Polygon", "coordinates": [[[-8.0986279, 43.1675495], [-8.0987072, 43.167581], [-8.0987681, 43.1676297], [-8.0988039, 43.1676901], [-8.0988108, 43.1677558], [-8.0987879, 43.1678195], [-8.0987383, 43.167874], [-8.0986671, 43.1679138], [-8.0985822, 43.1679347], [-8.0984925, 43.1679344], [-8.0984078, 43.167913], [-8.0983372, 43.1678727], [-8.0982882, 43.1678179], [-8.0982662, 43.1677545], [-8.0982735, 43.1676893], [-8.0983093, 43.1676294], [-8.0983703, 43.1675808], [-8.0984497, 43.1675494], [-8.0985388, 43.1675386], [-8.0986279, 43.1675495]]]}, "properties": {"osm_id": "469588627", "osm_type": "way", "label_class": "0", "site_class": "mound", "name": "", "confidence": "high", "evidence": "archaeological_site=tumulus", "archaeological_site": "tumulus", "civilization": "", "fortification_type": "", "wikidata": "", "centroid_lon": "-8.09854274", "centroid_lat": "43.16772888", "area_m2": "1519.0", "perimeter_m": "138.8", "equivalent_radius_m": "22.0", "circularity": "0.9909", "vertices": "20", "matched_catalogue_id": "wl-neg-neg-es-pba-27031", "matched_catalogue_name": "Mámoa de Codeseiras", "matched_distance_m": "19"}}, {"type": "Feature", "geometry": {"type": "Polygon", "coordinates": [[[-8.0965078, 43.1800374], [-8.0965768, 43.1800401], [-8.0966411, 43.1800586], [-8.0966942, 43.1800909], [-8.0967306, 43.1801337], [-8.0967467, 43.1801827], [-8.0967408, 43.1802329], [-8.0967135, 43.1802792], [-8.0966639, 43.180319], [-8.0965989, 43.1803444], [-8.096526, 43.1803523], [-8.0964537, 43.1803421], [-8.0963903, 43.1803147], [-8.0963431, 43.1802733], [-8.0963177, 43.1802229], [-8.096317, 43.1801691], [-8.096341, 43.1801183], [-8.0963836, 43.1800786], [-8.0964411, 43.1800507], [-8.0965078, 43.1800374]]]}, "properties": {"osm_id": "469589593", "osm_type": "way", "label_class": "0", "site_class": "mound", "name": "Mámoa", "confidence": "high", "evidence": "archaeological_site=tumulus", "archaeological_site": "tumulus", "civilization": "", "fortification_type": "", "wikidata": "", "centroid_lon": "-8.09653178", "centroid_lat": "43.18018392", "area_m2": "953.3", "perimeter_m": "110.0", "equivalent_radius_m": "17.4", "circularity": "0.9908", "vertices": "20", "matched_catalogue_id": "wl-neg-neg-es-pba-27067", "matched_catalogue_name": "Mámoa de Mazarelas I-4", "matched_distance_m": "17"}}, {"type": "Feature", "geometry": {"type": "Polygon", "coordinates": [[[-8.0974836, 43.1779496], [-8.0974246, 43.1780102], [-8.0973173, 43.1780063], [-8.0972368, 43.1779496], [-8.097277, 43.1779046], [-8.0973843, 43.1778791], [-8.0974621, 43.177887], [-8.0974836, 43.1779496]]]}, "properties": {"osm_id": "469589594", "osm_type": "way", "label_class": "0", "site_class": "mound", "name": "Túmulo 7 de Mazarelas I", "confidence": "high", "evidence": "archaeological_site=tumulus", "archaeological_site": "tumulus", "civilization": "", "fortification_type": "", "wikidata": "", "centroid_lon": "-8.09738366", "centroid_lat": "43.17794200", "area_m2": "210.7", "perimeter_m": "54.8", "equivalent_radius_m": "8.2", "circularity": "0.8823", "vertices": "8", "matched_catalogue_id": "wl-neg-neg-es-pba-27070", "matched_catalogue_name": "Mámoa de Mazarelas I-7", "matched_distance_m": "3"}}, {"type": "Feature", "geometry": {"type": "Polygon", "coordinates": [[[-8.0989797, 43.1776147], [-8.099103, 43.1775619], [-8.0990655, 43.177468], [-8.0989448, 43.1774583], [-8.0988724, 43.1775032], [-8.0988563, 43.177558], [-8.0989797, 43.1776147]]]}, "properties": {"osm_id": "469589595", "osm_type": "way", "label_class": "0", "site_class": "mound", "name": "Túmulo 1 Mazarelas I", "confidence": "high", "evidence": "archaeological_site=tumulus", "archaeological_site": "tumulus", "civilization": "", "fortification_type": "", "wikidata": "", "centroid_lon": "-8.09897163", "centroid_lat": "43.17753983", "area_m2": "237.9", "perimeter_m": "58.1", "equivalent_radius_m": "8.7", "circularity": "0.8844", "vertices": "7", "matched_catalogue_id": "wl-neg-neg-es-pba-27064", "matched_catalogue_name": "Mámoa de Mazarelas I-1", "matched_distance_m": "7"}}, {"type": "Feature", "geometry": {"type": "Polygon", "coordinates": [[[-8.0982777, 43.1772499], [-8.0981436, 43.1773263], [-8.0980189, 43.1773058], [-8.0979532, 43.1772069], [-8.098098, 43.1771423], [-8.0982241, 43.17716], [-8.0982777, 43.1772499]]]}, "properties": {"osm_id": "469589596", "osm_type": "way", "label_class": "0", "site_class": "mound", "name": "Túmulo Mazarelas I", "confidence": "high", "evidence": "archaeological_site=tumulus", "archaeological_site": "tumulus", "civilization": "", "fortification_type": "", "wikidata": "", "centroid_lon": "-8.09814189", "centroid_lat": "43.17723444", "area_m2": "357.5", "perimeter_m": "71.5", "equivalent_radius_m": "10.7", "circularity": "0.8777", "vertices": "7", "matched_catalogue_id": "wl-neg-neg-es-pba-27066", "matched_catalogue_name": "Mámoa de Mazarelas I-3", "matched_distance_m": "7"}}, {"type": "Feature", "geometry": {"type": "Polygon", "coordinates": [[[-8.0993524, 43.1773453], [-8.0994945, 43.1772867], [-8.0995053, 43.1771967], [-8.0994301, 43.1771439], [-8.0993416, 43.177183], [-8.0992692, 43.1772143], [-8.0992504, 43.1773004], [-8.0993524, 43.1773453]]]}, "properties": {"osm_id": "469589597", "osm_type": "way", "label_class": "0", "site_class": "mound", "name": "Túmulo 2 Mazarelas I", "confidence": "high", "evidence": "archaeological_site=tumulus", "archaeological_site": "tumulus", "civilization": "", "fortification_type": "", "wikidata": "", "centroid_lon": "-8.09937449", "centroid_lat": "43.17725195", "area_m2": "306.8", "perimeter_m": "66.4", "equivalent_radius_m": "9.9", "circularity": "0.8747", "vertices": "8", "matched_catalogue_id": "wl-neg-neg-es-pba-27065", "matched_catalogue_name": "Mámoa de Mazarelas I-2", "matched_distance_m": "4"}}, {"type": "Feature", "geometry": {"type": "Polygon", "coordinates": [[[-8.0967572, 43.1727857], [-8.0964788, 43.1727202], [-8.096393, 43.1725989], [-8.0964571, 43.172466], [-8.096618, 43.1724351], [-8.0968851, 43.1725363], [-8.0968531, 43.1726843], [-8.0967572, 43.1727857]]]}, "properties": {"osm_id": "469589599", "osm_type": "way", "label_class": "0", "site_class": "mound", "name": "Túmulo 2 de Mazarelas II", "confidence": "high", "evidence": "archaeological_site=tumulus", "archaeological_site": "tumulus", "civilization": "", "fortification_type": "", "wikidata": "", "centroid_lon": "-8.09664994", "centroid_lat": "43.17262652", "area_m2": "1083.4", "perimeter_m": "123.0", "equivalent_radius_m": "18.6", "circularity": "0.9004", "vertices": "8", "matched_catalogue_id": "wl-neg-neg-es-pba-26576", "matched_catalogue_name": "Mámoa de Mazarelas II-1", "matched_distance_m": "16"}}, {"type": "Feature", "geometry": {"type": "Polygon", "coordinates": [[[-8.0979168, 43.1747071], [-8.0976647, 43.1747032], [-8.0975467, 43.1745389], [-8.0976808, 43.1744919], [-8.0979383, 43.1745232], [-8.098008, 43.1745976], [-8.0979168, 43.1747071]]]}, "properties": {"osm_id": "469589600", "osm_type": "way", "label_class": "0", "site_class": "mound", "name": "Túmulo 5 de Mazarelas II", "confidence": "high", "evidence": "archaeological_site=tumulus", "archaeological_site": "tumulus", "civilization": "", "fortification_type": "", "wikidata": "", "centroid_lon": "-8.09781030", "centroid_lat": "43.17460986", "area_m2": "647.8", "perimeter_m": "98.7", "equivalent_radius_m": "14.4", "circularity": "0.8359", "vertices": "7", "matched_catalogue_id": "wl-neg-neg-es-pba-26580", "matched_catalogue_name": "Mámoa de Mazarelas II-5", "matched_distance_m": "16"}}, {"type": "Feature", "geometry": {"type": "Polygon", "coordinates": [[[-8.0963821, 43.1730968], [-8.0964733, 43.173075], [-8.0965752, 43.1729834], [-8.0965268, 43.1728935], [-8.0964572, 43.1728425], [-8.0963016, 43.1728777], [-8.0962265, 43.1730342], [-8.0963821, 43.1730968]]]}, "properties": {"osm_id": "469589601", "osm_type": "way", "label_class": "0", "site_class": "mound", "name": "Túmulo 3 de Mazarelas II", "confidence": "high", "evidence": "archaeological_site=tumulus", "archaeological_site": "tumulus", "civilization": "", "fortification_type": "", "wikidata": "", "centroid_lon": "-8.09641560", "centroid_lat": "43.17298749", "area_m2": "526.4", "perimeter_m": "85.8", "equivalent_radius_m": "12.9", "circularity": "0.8987", "vertices": "8", "matched_catalogue_id": "wl-neg-neg-es-pba-26581", "matched_catalogue_name": "Mámoa de Mazarelas II-6", "matched_distance_m": "5"}}, {"type": "Feature", "geometry": {"type": "Polygon", "coordinates": [[[-8.1235891, 43.5612761], [-8.1239539, 43.5611984], [-8.1240397, 43.5609418], [-8.1238466, 43.5607552], [-8.1234925, 43.5607552], [-8.1233423, 43.5609107], [-8.1232458, 43.5610973], [-8.1235891, 43.5612761]]]}, "properties": {"osm_id": "469775243", "osm_type": "way", "label_class": "0", "site_class": "mound", "name": "", "confidence": "high", "evidence": "archaeological_site=tumulus", "archaeological_site": "tumulus", "civilization": "", "fortification_type": "", "wikidata": "", "centroid_lon": "-8.12363737", "centroid_lat": "43.56102635", "area_m2": "2669.7", "perimeter_m": "192.0", "equivalent_radius_m": "29.2", "circularity": "0.9100", "vertices": "8", "matched_catalogue_id": "wl-neg-neg-es-pba-14259", "matched_catalogue_name": "Mámoa do Monte dos Niños 05", "matched_distance_m": "41"}}, {"type": "Feature", "geometry": {"type": "Polygon", "coordinates": [[[-8.1196066, 43.5609925], [-8.1192955, 43.5610081], [-8.1191882, 43.5607749], [-8.1192955, 43.5606271], [-8.1194993, 43.5606582], [-8.1197032, 43.5607127], [-8.1197139, 43.5608526], [-8.1196066, 43.5609925]]]}, "properties": {"osm_id": "469775245", "osm_type": "way", "label_class": "0", "site_class": "mound", "name": "", "confidence": "high", "evidence": "archaeological_site=tumulus", "archaeological_site": "tumulus", "civilization": "", "fortification_type": "", "wikidata": "", "centroid_lon": "-8.11948860", "centroid_lat": "43.56082732", "area_m2": "1360.6", "perimeter_m": "138.9", "equivalent_radius_m": "20.8", "circularity": "0.8867", "vertices": "8", "matched_catalogue_id": "wl-neg-neg-es-pba-14260", "matched_catalogue_name": "Mámoa do Monte dos Niños 06", "matched_distance_m": "139"}}, {"type": "Feature", "geometry": {"type": "Polygon", "coordinates": [[[-8.1211617, 43.1709203], [-8.1209207, 43.1708461], [-8.1209421, 43.1707211], [-8.1210867, 43.170682], [-8.1212367, 43.1707015], [-8.1213332, 43.1708109], [-8.1211617, 43.1709203]]]}, "properties": {"osm_id": "472080625", "osm_type": "way", "label_class": "0", "site_class": "mound", "name": "", "confidence": "high", "evidence": "archaeological_site=tumulus", "archaeological_site": "tumulus", "civilization": "", "fortification_type": "", "wikidata": "", "centroid_lon": "-8.12112040", "centroid_lat": "43.17080031", "area_m2": "599.7", "perimeter_m": "93.1", "equivalent_radius_m": "13.8", "circularity": "0.8688", "vertices": "7", "matched_catalogue_id": "wl-neg-neg-es-pba-26582", "matched_catalogue_name": "Mámoa de Sexelle 1", "matched_distance_m": "58"}}, {"type": "Feature", "geometry": {"type": "Polygon", "coordinates": [[[-8.1219278, 43.169592], [-8.121676, 43.169592], [-8.1216332, 43.1694748], [-8.1217564, 43.1693693], [-8.1219599, 43.1693888], [-8.1220189, 43.1694865], [-8.1219278, 43.169592]]]}, "properties": {"osm_id": "472080626", "osm_type": "way", "label_class": "0", "site_class": "mound", "name": "", "confidence": "high", "evidence": "archaeological_site=tumulus", "archaeological_site": "tumulus", "civilization": "", "fortification_type": "", "wikidata": "", "centroid_lon": "-8.12184286", "centroid_lat": "43.16949934", "area_m2": "597.1", "perimeter_m": "91.8", "equivalent_radius_m": "13.8", "circularity": "0.8904", "vertices": "7", "matched_catalogue_id": "wl-neg-neg-es-pba-26614", "matched_catalogue_name": "Mámoa de Sexelle 4", "matched_distance_m": "2"}}, {"type": "Feature", "geometry": {"type": "Polygon", "coordinates": [[[-8.1193672, 43.1699006], [-8.1196029, 43.169842], [-8.1196189, 43.169631], [-8.1194154, 43.1695412], [-8.1192386, 43.1696193], [-8.1191368, 43.1697639], [-8.1193672, 43.1699006]]]}, "properties": {"osm_id": "472080628", "osm_type": "way", "label_class": "0", "site_class": "mound", "name": "", "confidence": "high", "evidence": "archaeological_site=tumulus", "archaeological_site": "tumulus", "civilization": "", "fortification_type": "", "wikidata": "", "centroid_lon": "-8.11939243", "centroid_lat": "43.16974266", "area_m2": "1054.1", "perimeter_m": "122.0", "equivalent_radius_m": "18.3", "circularity": "0.8894", "vertices": "7", "matched_catalogue_id": "wl-neg-neg-es-pba-26612", "matched_catalogue_name": "Mámoa de Sexelle 2", "matched_distance_m": "7"}}, {"type": "Feature", "geometry": {"type": "Polygon", "coordinates": [[[-8.1202457, 43.169256], [-8.1204171, 43.169127], [-8.1202832, 43.1689668], [-8.1200314, 43.1690137], [-8.1199725, 43.169127], [-8.1200368, 43.1692599], [-8.1202457, 43.169256]]]}, "properties": {"osm_id": "472080629", "osm_type": "way", "label_class": "0", "site_class": "mound", "name": "", "confidence": "high", "evidence": "archaeological_site=tumulus", "archaeological_site": "tumulus", "civilization": "", "fortification_type": "", "wikidata": "", "centroid_lon": "-8.12017606", "centroid_lat": "43.16914377", "area_m2": "824.1", "perimeter_m": "108.1", "equivalent_radius_m": "16.2", "circularity": "0.8858", "vertices": "7", "matched_catalogue_id": "wl-neg-neg-es-pba-26613", "matched_catalogue_name": "Mámoa de Sexelle 3", "matched_distance_m": "21"}}, {"type": "Feature", "geometry": {"type": "Polygon", "coordinates": [[[-8.0977234, 43.1735474], [-8.097516, 43.1735862], [-8.097383, 43.1734854], [-8.0973989, 43.1733612], [-8.0975372, 43.1733108], [-8.09775, 43.1734039], [-8.0977234, 43.1735474]]]}, "properties": {"osm_id": "473084125", "osm_type": "way", "label_class": "0", "site_class": "mound", "name": "Túmulo 1 de Mazarelas II", "confidence": "high", "evidence": "archaeological_site=tumulus", "archaeological_site": "tumulus", "civilization": "", "fortification_type": "", "wikidata": "", "centroid_lon": "-8.09757599", "centroid_lat": "43.17346319", "area_m2": "652.7", "perimeter_m": "95.7", "equivalent_radius_m": "14.4", "circularity": "0.8964", "vertices": "7", "matched_catalogue_id": "wl-neg-neg-es-pba-26578", "matched_catalogue_name": "Mámoa de Mazarelas II-3", "matched_distance_m": "16"}}, {"type": "Feature", "geometry": {"type": "Polygon", "coordinates": [[[-8.1058012, 43.1932226], [-8.1058832, 43.193241], [-8.1059516, 43.1932787], [-8.1059983, 43.1933311], [-8.1060176, 43.1933921], [-8.1060071, 43.1934541], [-8.1059732, 43.1935049], [-8.1059194, 43.1935455], [-8.1058509, 43.1935719], [-8.1057747, 43.1935817], [-8.105698, 43.1935738], [-8.1056284, 43.1935489], [-8.1055728, 43.1935096], [-8.1055367, 43.1934597], [-8.1055234, 43.193404], [-8.1055345, 43.1933482], [-8.1055737, 43.1932925], [-8.1056366, 43.19325], [-8.1057156, 43.1932258], [-8.1058012, 43.1932226]]]}, "properties": {"osm_id": "473429803", "osm_type": "way", "label_class": "0", "site_class": "mound", "name": "Túmulo 4 de Montes de Gato", "confidence": "high", "evidence": "archaeological_site=tumulus", "archaeological_site": "tumulus", "civilization": "", "fortification_type": "", "wikidata": "", "centroid_lon": "-8.10576990", "centroid_lat": "43.19339794", "area_m2": "1241.8", "perimeter_m": "125.5", "equivalent_radius_m": "19.9", "circularity": "0.9908", "vertices": "20", "matched_catalogue_id": "wl-neg-neg-es-pba-26646", "matched_catalogue_name": "Mámoa do Monte do Gato 04", "matched_distance_m": "19"}}, {"type": "Feature", "geometry": {"type": "Polygon", "coordinates": [[[-8.1091453, 43.1977037], [-8.1091267, 43.1977441], [-8.1090908, 43.1977776], [-8.1090415, 43.1978005], [-8.1089846, 43.1978101], [-8.1089265, 43.1978053], [-8.1088766, 43.197788], [-8.1088368, 43.19776], [-8.1088112, 43.1977243], [-8.1088024, 43.1976846], [-8.1088112, 43.1976448], [-8.1088369, 43.1976091], [-8.1088767, 43.1975812], [-8.1089267, 43.1975639], [-8.1089815, 43.197559], [-8.1090357, 43.197567], [-8.1090861, 43.1975886], [-8.1091237, 43.1976212], [-8.1091442, 43.1976611], [-8.1091453, 43.1977037]]]}, "properties": {"osm_id": "473429804", "osm_type": "way", "label_class": "0", "site_class": "mound", "name": "", "confidence": "high", "evidence": "archaeological_site=tumulus", "archaeological_site": "tumulus", "civilization": "", "fortification_type": "", "wikidata": "", "centroid_lon": "-8.10898052", "centroid_lat": "43.19768489", "area_m2": "604.1", "perimeter_m": "87.5", "equivalent_radius_m": "13.9", "circularity": "0.9908", "vertices": "20", "matched_catalogue_id": "", "matched_catalogue_name": "", "matched_distance_m": ""}}, {"type": "Feature", "geometry": {"type": "Polygon", "coordinates": [[[-8.106953, 43.1940329], [-8.1070077, 43.1940437], [-8.1070549, 43.1940665], [-8.1070898, 43.1940991], [-8.1071089, 43.1941379], [-8.1071101, 43.1941792], [-8.1070935, 43.1942187], [-8.107058, 43.1942543], [-8.1070082, 43.1942791], [-8.1069498, 43.1942903], [-8.1068897, 43.1942867], [-8.1068347, 43.1942685], [-8.1067913, 43.1942379], [-8.1067644, 43.1941985], [-8.1067572, 43.1941548], [-8.1067705, 43.1941119], [-8.1068003, 43.1940768], [-8.1068438, 43.1940503], [-8.1068965, 43.1940351], [-8.106953, 43.1940329]]]}, "properties": {"osm_id": "473440850", "osm_type": "way", "label_class": "0", "site_class": "mound", "name": "Túmulo 3 de Montes do Gato", "confidence": "high", "evidence": "archaeological_site=tumulus", "archaeological_site": "tumulus", "civilization": "", "fortification_type": "", "wikidata": "", "centroid_lon": "-8.10693677", "centroid_lat": "43.19415275", "area_m2": "639.5", "perimeter_m": "90.1", "equivalent_radius_m": "14.3", "circularity": "0.9908", "vertices": "20", "matched_catalogue_id": "wl-neg-neg-es-pba-26645", "matched_catalogue_name": "Mámoa do Monte do Gato 03", "matched_distance_m": "8"}}, {"type": "Feature", "geometry": {"type": "Polygon", "coordinates": [[[-6.9291965, 41.9106193], [-6.929095, 41.9105704], [-6.9290735, 41.9105369], [-6.9290721, 41.9104761], [-6.9290815, 41.9104242], [-6.9291245, 41.9103977], [-6.9293993, 41.9104472], [-6.9294527, 41.9104638], [-6.9294758, 41.9105141], [-6.9294599, 41.9105643], [-6.9294013, 41.9106043], [-6.929303, 41.9106223], [-6.9292429, 41.9106244], [-6.9291965, 41.9106193]]]}, "properties": {"osm_id": "474627401", "osm_type": "way", "label_class": "1", "site_class": "castro", "name": "Castro de Dine", "confidence": "medium", "evidence": "site=fortification,civ=none", "archaeological_site": "fortification", "civilization": "", "fortification_type": "", "wikidata": "", "centroid_lon": "-6.92925532", "centroid_lat": "41.91053459", "area_m2": "634.5", "perimeter_m": "95.1", "equivalent_radius_m": "14.2", "circularity": "0.8817", "vertices": "14", "matched_catalogue_id": "", "matched_catalogue_name": "", "matched_distance_m": ""}}, {"type": "Feature", "geometry": {"type": "Polygon", "coordinates": [[[-8.100076, 43.1857395], [-8.1000979, 43.1857743], [-8.1001335, 43.1858025], [-8.1001793, 43.1858212], [-8.1002309, 43.1858286], [-8.1002875, 43.185823], [-8.1003381, 43.1858037], [-8.100377, 43.1857732], [-8.1003994, 43.1857349], [-8.1004028, 43.1856933], [-8.1003868, 43.1856534], [-8.1003532, 43.1856197], [-8.1003061, 43.1855962], [-8.1002508, 43.1855857], [-8.1001939, 43.1855894], [-8.1001459, 43.1856049], [-8.1001069, 43.1856306], [-8.1000808, 43.1856639], [-8.1000702, 43.1857014], [-8.100076, 43.1857395]]]}, "properties": {"osm_id": "478511940", "osm_type": "way", "label_class": "0", "site_class": "mound", "name": "Túmulo 15 de Montes do Gato", "confidence": "high", "evidence": "archaeological_site=tumulus", "archaeological_site": "tumulus", "civilization": "", "fortification_type": "", "wikidata": "", "centroid_lon": "-8.10022465", "centroid_lat": "43.18570895", "area_m2": "566.2", "perimeter_m": "84.7", "equivalent_radius_m": "13.4", "circularity": "0.9908", "vertices": "20", "matched_catalogue_id": "wl-neg-neg-es-pba-26682", "matched_catalogue_name": "Mámoa do Monte do Gato 15", "matched_distance_m": "30"}}, {"type": "Feature", "geometry": {"type": "Polygon", "coordinates": [[[-8.0860817, 43.1867109], [-8.0861667, 43.1867644], [-8.0862711, 43.1867947], [-8.0863833, 43.1867984], [-8.086491, 43.1867752], [-8.0865824, 43.1867276], [-8.0866468, 43.1866618], [-8.0866786, 43.1865844], [-8.0866744, 43.1865037], [-8.0866348, 43.1864282], [-8.0865638, 43.1863662], [-8.0864692, 43.1863241], [-8.0863611, 43.1863065], [-8.0862509, 43.1863154], [-8.0861506, 43.1863496], [-8.0860708, 43.1864057], [-8.0860195, 43.1864786], [-8.0860038, 43.1865596], [-8.0860253, 43.18664], [-8.0860817, 43.1867109]]]}, "properties": {"osm_id": "479960979", "osm_type": "way", "label_class": "0", "site_class": "mound", "name": "Mámoa 2 de Vallo", "confidence": "high", "evidence": "archaeological_site=tumulus", "archaeological_site": "tumulus", "civilization": "", "fortification_type": "", "wikidata": "", "centroid_lon": "-8.08633037", "centroid_lat": "43.18656029", "area_m2": "2332.6", "perimeter_m": "172.0", "equivalent_radius_m": "27.2", "circularity": "0.9909", "vertices": "20", "matched_catalogue_id": "wl-neg-neg-es-pba-1603", "matched_catalogue_name": "Mámoa de Vallo 2", "matched_distance_m": "7"}}, {"type": "Feature", "geometry": {"type": "Polygon", "coordinates": [[[-8.0864322, 43.185782], [-8.0864395, 43.1858378], [-8.0864714, 43.1858888], [-8.0865244, 43.1859294], [-8.0865927, 43.1859552], [-8.0866687, 43.1859633], [-8.0867436, 43.1859531], [-8.0868098, 43.1859258], [-8.0868604, 43.1858843], [-8.08689, 43.1858332], [-8.0868952, 43.1857778], [-8.0868756, 43.1857241], [-8.0868333, 43.185678], [-8.0867728, 43.1856443], [-8.0867007, 43.1856267], [-8.0866245, 43.185627], [-8.086552, 43.1856455], [-8.0864917, 43.1856803], [-8.0864502, 43.1857275], [-8.0864322, 43.185782]]]}, "properties": {"osm_id": "479960980", "osm_type": "way", "label_class": "0", "site_class": "mound", "name": "Mámoa 1 de Vallo", "confidence": "high", "evidence": "archaeological_site=tumulus", "archaeological_site": "tumulus", "civilization": "", "fortification_type": "", "wikidata": "", "centroid_lon": "-8.08665305", "centroid_lat": "43.18579330", "area_m2": "1097.0", "perimeter_m": "117.9", "equivalent_radius_m": "18.7", "circularity": "0.9909", "vertices": "20", "matched_catalogue_id": "wl-neg-neg-es-pba-1602", "matched_catalogue_name": "Mámoa de Vallo 1", "matched_distance_m": "21"}}, {"type": "Feature", "geometry": {"type": "Polygon", "coordinates": [[[-8.0875931, 43.185003], [-8.087506, 43.18502], [-8.0874306, 43.1850559], [-8.0873744, 43.1851072], [-8.087343, 43.1851688], [-8.0873395, 43.1852344], [-8.0873643, 43.1852975], [-8.0874149, 43.1853519], [-8.0874863, 43.1853919], [-8.0875799, 43.1854148], [-8.0876786, 43.185413], [-8.0877705, 43.1853867], [-8.0878446, 43.1853391], [-8.0878919, 43.1852759], [-8.0879068, 43.1852047], [-8.0878875, 43.1851341], [-8.0878362, 43.1850726], [-8.0877668, 43.1850307], [-8.087683, 43.1850067], [-8.0875931, 43.185003]]]}, "properties": {"osm_id": "479960989", "osm_type": "way", "label_class": "0", "site_class": "mound", "name": "Mámoa 5 de Vallo", "confidence": "high", "evidence": "archaeological_site=tumulus", "archaeological_site": "tumulus", "civilization": "", "fortification_type": "", "wikidata": "", "centroid_lon": "-8.08761455", "centroid_lat": "43.18519559", "area_m2": "1647.2", "perimeter_m": "144.5", "equivalent_radius_m": "22.9", "circularity": "0.9908", "vertices": "20", "matched_catalogue_id": "wl-neg-neg-es-pba-1633", "matched_catalogue_name": "Mámoa de Vallo 5", "matched_distance_m": "13"}}, {"type": "Feature", "geometry": {"type": "Polygon", "coordinates": [[[-8.0842201, 43.1865048], [-8.0841659, 43.1865572], [-8.0841391, 43.1866199], [-8.0841426, 43.1866854], [-8.0841761, 43.1867463], [-8.0842358, 43.1867955], [-8.0843147, 43.1868272], [-8.0844035, 43.1868377], [-8.084485, 43.1868276], [-8.0845582, 43.1867997], [-8.084616, 43.1867567], [-8.0846527, 43.1867027], [-8.0846647, 43.1866431], [-8.0846509, 43.1865837], [-8.0846126, 43.1865304], [-8.0845535, 43.1864882], [-8.0844723, 43.1864599], [-8.0843828, 43.1864532], [-8.0842953, 43.1864687], [-8.0842201, 43.1865048]]]}, "properties": {"osm_id": "479960990", "osm_type": "way", "label_class": "0", "site_class": "mound", "name": "Mámoa 3 de Vallo", "confidence": "high", "evidence": "archaeological_site=tumulus", "archaeological_site": "tumulus", "civilization": "", "fortification_type": "", "wikidata": "", "centroid_lon": "-8.08439810", "centroid_lat": "43.18663963", "area_m2": "1416.2", "perimeter_m": "134.0", "equivalent_radius_m": "21.2", "circularity": "0.9908", "vertices": "20", "matched_catalogue_id": "wl-neg-neg-es-pba-1604", "matched_catalogue_name": "Mámoa de Vallo 3", "matched_distance_m": "11"}}, {"type": "Feature", "geometry": {"type": "Polygon", "coordinates": [[[-8.0806596, 43.1877016], [-8.0806938, 43.1878444], [-8.0807662, 43.1879449], [-8.080873, 43.1880276], [-8.0810063, 43.1880862], [-8.0811564, 43.1881165], [-8.0813122, 43.1881163], [-8.0814621, 43.1880855], [-8.0815951, 43.1880265], [-8.0817015, 43.1879435], [-8.0817733, 43.1878428], [-8.0818067, 43.1876999], [-8.0817712, 43.1875573], [-8.0816711, 43.1874321], [-8.0815184, 43.1873393], [-8.0813314, 43.1872901], [-8.0811326, 43.1872904], [-8.0809459, 43.1873401], [-8.0807937, 43.1874334], [-8.0806943, 43.1875589], [-8.0806596, 43.1877016]]]}, "properties": {"osm_id": "479961262", "osm_type": "way", "label_class": "0", "site_class": "mound", "name": "Túmulo 4 de Vallo", "confidence": "high", "evidence": "archaeological_site=tumulus", "archaeological_site": "tumulus", "civilization": "", "fortification_type": "", "wikidata": "", "centroid_lon": "-8.08120592", "centroid_lat": "43.18773233", "area_m2": "6692.0", "perimeter_m": "291.2", "equivalent_radius_m": "46.2", "circularity": "0.9914", "vertices": "21", "matched_catalogue_id": "wl-neg-neg-es-pba-1605", "matched_catalogue_name": "Mámoa de Vallo 4", "matched_distance_m": "0"}}, {"type": "Feature", "geometry": {"type": "Polygon", "coordinates": [[[-8.1041191, 43.190699], [-8.1041143, 43.1907355], [-8.1041261, 43.1907711], [-8.1041531, 43.190802], [-8.1041925, 43.1908248], [-8.1042398, 43.190837], [-8.1042898, 43.1908373], [-8.1043372, 43.1908258], [-8.1043769, 43.1908037], [-8.1044047, 43.1907735], [-8.1044175, 43.1907383], [-8.1044141, 43.190702], [-8.1043947, 43.1906684], [-8.1043614, 43.1906413], [-8.1043179, 43.1906234], [-8.1042688, 43.1906168], [-8.1042191, 43.1906222], [-8.1041745, 43.1906391], [-8.1041399, 43.1906657], [-8.1041191, 43.190699]]]}, "properties": {"osm_id": "480497204", "osm_type": "way", "label_class": "0", "site_class": "mound", "name": "Túmulo 5 Montes do Gato", "confidence": "high", "evidence": "archaeological_site=tumulus", "archaeological_site": "tumulus", "civilization": "", "fortification_type": "", "wikidata": "", "centroid_lon": "-8.10425903", "centroid_lat": "43.19072630", "area_m2": "470.4", "perimeter_m": "77.2", "equivalent_radius_m": "12.2", "circularity": "0.9909", "vertices": "20", "matched_catalogue_id": "wl-neg-neg-es-pba-26647", "matched_catalogue_name": "Mámoa do Monte do Gato 05", "matched_distance_m": "11"}}, {"type": "Feature", "geometry": {"type": "Polygon", "coordinates": [[[-8.0909869, 43.1837624], [-8.0909847, 43.1838195], [-8.0910069, 43.1838743], [-8.0910514, 43.1839214], [-8.0911136, 43.1839562], [-8.0911876, 43.1839751], [-8.091266, 43.1839764], [-8.0913484, 43.1839572], [-8.0914168, 43.1839187], [-8.0914632, 43.1838655], [-8.0914819, 43.183804], [-8.0914707, 43.1837414], [-8.0914309, 43.1836855], [-8.0913674, 43.1836427], [-8.0912876, 43.1836183], [-8.0912013, 43.1836152], [-8.091126, 43.1836312], [-8.0910612, 43.1836633], [-8.0910132, 43.1837086], [-8.0909869, 43.1837624]]]}, "properties": {"osm_id": "480745664", "osm_type": "way", "label_class": "0", "site_class": "mound", "name": "Mámoa 8 de Portomoeiro", "confidence": "high", "evidence": "archaeological_site=tumulus", "archaeological_site": "tumulus", "civilization": "", "fortification_type": "", "wikidata": "", "centroid_lon": "-8.09121263", "centroid_lat": "43.18379496", "area_m2": "1267.7", "perimeter_m": "126.8", "equivalent_radius_m": "20.1", "circularity": "0.9908", "vertices": "20", "matched_catalogue_id": "wl-neg-neg-es-pba-2113", "matched_catalogue_name": "Mámoa de Portomoeiro 8", "matched_distance_m": "18"}}, {"type": "Feature", "geometry": {"type": "Polygon", "coordinates": [[[-8.0926644, 43.1820652], [-8.0926784, 43.1820991], [-8.0927072, 43.1821274], [-8.0927476, 43.1821469], [-8.0927947, 43.1821553], [-8.0928391, 43.1821522], [-8.09288, 43.1821392], [-8.0929132, 43.1821174], [-8.0929353, 43.1820892], [-8.0929442, 43.1820573], [-8.0929389, 43.182025], [-8.09292, 43.1819955], [-8.0928894, 43.1819719], [-8.0928501, 43.1819564], [-8.0928062, 43.1819507], [-8.092762, 43.1819554], [-8.092719, 43.1819715], [-8.092686, 43.1819974], [-8.0926671, 43.1820299], [-8.0926644, 43.1820652]]]}, "properties": {"osm_id": "480745666", "osm_type": "way", "label_class": "0", "site_class": "mound", "name": "", "confidence": "high", "evidence": "archaeological_site=tumulus", "archaeological_site": "tumulus", "civilization": "", "fortification_type": "", "wikidata": "", "centroid_lon": "-8.09280036", "centroid_lat": "43.18205340", "area_m2": "400.8", "perimeter_m": "71.3", "equivalent_radius_m": "11.3", "circularity": "0.9908", "vertices": "20", "matched_catalogue_id": "wl-neg-neg-es-pba-2110", "matched_catalogue_name": "Mámoa de Portomoeiro 5", "matched_distance_m": "18"}}, {"type": "Feature", "geometry": {"type": "Polygon", "coordinates": [[[-8.0924308, 43.1822493], [-8.0924572, 43.1822675], [-8.0924734, 43.1822912], [-8.0924777, 43.1823176], [-8.0924693, 43.1823433], [-8.0924494, 43.1823655], [-8.0924204, 43.1823814], [-8.092389, 43.1823888], [-8.092356, 43.1823887], [-8.0923247, 43.1823812], [-8.0922981, 43.182367], [-8.0922789, 43.1823474], [-8.092269, 43.1823245], [-8.0922693, 43.1823005], [-8.0922798, 43.1822777], [-8.0922994, 43.1822584], [-8.0923263, 43.1822445], [-8.0923612, 43.182237], [-8.0923975, 43.1822387], [-8.0924308, 43.1822493]]]}, "properties": {"osm_id": "480745667", "osm_type": "way", "label_class": "0", "site_class": "mound", "name": "", "confidence": "high", "evidence": "archaeological_site=tumulus", "archaeological_site": "tumulus", "civilization": "", "fortification_type": "", "wikidata": "", "centroid_lon": "-8.09237291", "centroid_lat": "43.18231098", "area_m2": "224.1", "perimeter_m": "53.3", "equivalent_radius_m": "8.4", "circularity": "0.9908", "vertices": "20", "matched_catalogue_id": "wl-neg-neg-es-pba-2082", "matched_catalogue_name": "Mámoa de Portomoeiro 2", "matched_distance_m": "5"}}, {"type": "Feature", "geometry": {"type": "Polygon", "coordinates": [[[-8.0914191, 43.1825847], [-8.0914555, 43.1825995], [-8.0914838, 43.1826218], [-8.0915012, 43.1826495], [-8.0915058, 43.1826797], [-8.0914973, 43.1827095], [-8.0914765, 43.1827359], [-8.0914425, 43.1827575], [-8.0914005, 43.1827696], [-8.0913555, 43.1827707], [-8.0913125, 43.1827606], [-8.0912767, 43.1827406], [-8.0912522, 43.182713], [-8.0912419, 43.182681], [-8.0912469, 43.1826483], [-8.0912667, 43.1826187], [-8.091299, 43.1825958], [-8.0913367, 43.1825827], [-8.0913781, 43.1825789], [-8.0914191, 43.1825847]]]}, "properties": {"osm_id": "480745668", "osm_type": "way", "label_class": "0", "site_class": "mound", "name": "", "confidence": "high", "evidence": "archaeological_site=tumulus", "archaeological_site": "tumulus", "civilization": "", "fortification_type": "", "wikidata": "", "centroid_lon": "-8.09137837", "centroid_lat": "43.18266913", "area_m2": "355.0", "perimeter_m": "67.1", "equivalent_radius_m": "10.6", "circularity": "0.9908", "vertices": "20", "matched_catalogue_id": "wl-neg-neg-es-pba-2109", "matched_catalogue_name": "Mámoa de Portomoeiro 4", "matched_distance_m": "15"}}, {"type": "Feature", "geometry": {"type": "Polygon", "coordinates": [[[-7.9472539, 43.2852375], [-7.9473062, 43.2852785], [-7.9474068, 43.2852902], [-7.9474376, 43.2852141], [-7.9474524, 43.2851477], [-7.9473719, 43.2851135], [-7.9472807, 43.2851321], [-7.9472083, 43.2851877], [-7.9472539, 43.2852375]]]}, "properties": {"osm_id": "481110414", "osm_type": "way", "label_class": "0", "site_class": "mound", "name": "Mámoa da Serra do Galiñeiro I-2", "confidence": "high", "evidence": "archaeological_site=tumulus", "archaeological_site": "tumulus", "civilization": "", "fortification_type": "", "wikidata": "", "centroid_lon": "-7.94733019", "centroid_lat": "43.28520431", "area_m2": "261.1", "perimeter_m": "61.2", "equivalent_radius_m": "9.1", "circularity": "0.8755", "vertices": "9", "matched_catalogue_id": "wl-neg-neg-es-pba-980", "matched_catalogue_name": "Mámoa da Serra do Galiñeiro I-02", "matched_distance_m": "3"}}, {"type": "Feature", "geometry": {"type": "Polygon", "coordinates": [[[-7.9425576, 43.279669], [-7.9425171, 43.2797175], [-7.9424383, 43.2797491], [-7.9423565, 43.279709], [-7.9423283, 43.2796299], [-7.9424357, 43.2795762], [-7.9425211, 43.2795847], [-7.9425523, 43.2796201], [-7.9425576, 43.279669]]]}, "properties": {"osm_id": "481333493", "osm_type": "way", "label_class": "0", "site_class": "mound", "name": "Mámoa da Serra do Galiñeiro II-3", "confidence": "high", "evidence": "archaeological_site=tumulus", "archaeological_site": "tumulus", "civilization": "", "fortification_type": "", "wikidata": "", "centroid_lon": "-7.94247383", "centroid_lat": "43.27965828", "area_m2": "251.0", "perimeter_m": "58.4", "equivalent_radius_m": "8.9", "circularity": "0.9254", "vertices": "9", "matched_catalogue_id": "wl-neg-neg-es-pba-986", "matched_catalogue_name": "Mámoa da Serra do Galiñeiro II-03", "matched_distance_m": "2"}}, {"type": "Feature", "geometry": {"type": "Polygon", "coordinates": [[[-7.9426381, 43.2802646], [-7.9425443, 43.2802694], [-7.9424732, 43.280246], [-7.9424527, 43.2802115], [-7.9424678, 43.2801503], [-7.9425308, 43.2801063], [-7.9426016, 43.2801139], [-7.9426528, 43.2801347], [-7.9426968, 43.2801735], [-7.9426888, 43.2802213], [-7.9426381, 43.2802646]]]}, "properties": {"osm_id": "481333494", "osm_type": "way", "label_class": "0", "site_class": "mound", "name": "Mámoa da Serra do Galiñeiro II-1", "confidence": "high", "evidence": "archaeological_site=tumulus", "archaeological_site": "tumulus", "civilization": "", "fortification_type": "", "wikidata": "", "centroid_lon": "-7.94258045", "centroid_lat": "43.28019601", "area_m2": "272.4", "perimeter_m": "60.0", "equivalent_radius_m": "9.3", "circularity": "0.9519", "vertices": "11", "matched_catalogue_id": "wl-neg-neg-es-pba-984", "matched_catalogue_name": "Mámoa da Serra do Galiñeiro II-01", "matched_distance_m": "2"}}, {"type": "Feature", "geometry": {"type": "Polygon", "coordinates": [[[-7.9415317, 43.2790773], [-7.9414995, 43.27913], [-7.941411, 43.2791398], [-7.9413547, 43.2791124], [-7.9413413, 43.27905], [-7.9414016, 43.2790129], [-7.9414539, 43.2790187], [-7.9415103, 43.2790285], [-7.9415317, 43.2790773]]]}, "properties": {"osm_id": "481333495", "osm_type": "way", "label_class": "0", "site_class": "mound", "name": "Mámoa da Serra do Galiñeiro II-5", "confidence": "high", "evidence": "archaeological_site=tumulus", "archaeological_site": "tumulus", "civilization": "", "fortification_type": "", "wikidata": "", "centroid_lon": "-7.94144841", "centroid_lat": "43.27907188", "area_m2": "164.9", "perimeter_m": "47.3", "equivalent_radius_m": "7.2", "circularity": "0.9269", "vertices": "9", "matched_catalogue_id": "wl-neg-neg-es-pba-1909", "matched_catalogue_name": "Mámoa da Serra do Galiñeiro II-05", "matched_distance_m": "1"}}, {"type": "Feature", "geometry": {"type": "Polygon", "coordinates": [[[-7.9414177, 43.2788293], [-7.9413386, 43.2788508], [-7.9412873, 43.2788378], [-7.9412474, 43.2788176], [-7.941242, 43.2787687], [-7.9412662, 43.278719], [-7.9413547, 43.2787063], [-7.9413963, 43.2787248], [-7.9414392, 43.2787824], [-7.9414177, 43.2788293]]]}, "properties": {"osm_id": "481333496", "osm_type": "way", "label_class": "0", "site_class": "mound", "name": "Mámoa da Serra do Galiñeiro II-6", "confidence": "high", "evidence": "archaeological_site=tumulus", "archaeological_site": "tumulus", "civilization": "", "fortification_type": "", "wikidata": "", "centroid_lon": "-7.94134071", "centroid_lat": "43.27878660", "area_m2": "191.5", "perimeter_m": "50.6", "equivalent_radius_m": "7.8", "circularity": "0.9409", "vertices": "10", "matched_catalogue_id": "wl-neg-neg-es-pba-1910", "matched_catalogue_name": "Mámoa da Serra do Galiñeiro II-06", "matched_distance_m": "1"}}, {"type": "Feature", "geometry": {"type": "Polygon", "coordinates": [[[-7.9418885, 43.2799541], [-7.9419367, 43.279872], [-7.9419126, 43.2797939], [-7.9418053, 43.2797412], [-7.9416953, 43.2797471], [-7.9416176, 43.2797568], [-7.9415505, 43.2798174], [-7.9415398, 43.2798877], [-7.9415854, 43.2799345], [-7.9416658, 43.2799775], [-7.9417409, 43.2799853], [-7.9418885, 43.2799541]]]}, "properties": {"osm_id": "481333497", "osm_type": "way", "label_class": "0", "site_class": "mound", "name": "Mámoa da Serra do Galiñeiro II-2", "confidence": "high", "evidence": "archaeological_site=tumulus", "archaeological_site": "tumulus", "civilization": "", "fortification_type": "", "wikidata": "", "centroid_lon": "-7.94173558", "centroid_lat": "43.27986847", "area_m2": "673.0", "perimeter_m": "94.3", "equivalent_radius_m": "14.6", "circularity": "0.9514", "vertices": "12", "matched_catalogue_id": "wl-neg-neg-es-pba-985", "matched_catalogue_name": "Mámoa da Serra do Galiñeiro II-02", "matched_distance_m": "9"}}, {"type": "Feature", "geometry": {"type": "Polygon", "coordinates": [[[-7.9451755, 43.2807497], [-7.9451017, 43.2807771], [-7.9450347, 43.2807517], [-7.944978, 43.2807114], [-7.944969, 43.2806677], [-7.9450562, 43.2806033], [-7.9451403, 43.2806079], [-7.9451916, 43.2806307], [-7.9452047, 43.2806939], [-7.9451755, 43.2807497]]]}, "properties": {"osm_id": "481333498", "osm_type": "way", "label_class": "0", "site_class": "mound", "name": "Mámoa da Serra do Galiñeiro I-4", "confidence": "high", "evidence": "archaeological_site=tumulus", "archaeological_site": "tumulus", "civilization": "", "fortification_type": "", "wikidata": "", "centroid_lon": "-7.94510272", "centroid_lat": "43.28069431", "area_m2": "266.3", "perimeter_m": "59.7", "equivalent_radius_m": "9.2", "circularity": "0.9387", "vertices": "10", "matched_catalogue_id": "wl-neg-neg-es-pba-982", "matched_catalogue_name": "Mámoa da Serra do Galiñeiro I-04", "matched_distance_m": "2"}}, {"type": "Feature", "geometry": {"type": "Polygon", "coordinates": [[[-7.9450559, 43.2854223], [-7.9449579, 43.285461], [-7.944851, 43.285438], [-7.9447977, 43.2853667], [-7.9448294, 43.2852888], [-7.9449273, 43.2852501], [-7.9450343, 43.2852731], [-7.9450876, 43.2853444], [-7.9450559, 43.2854223]]]}, "properties": {"osm_id": "481333509", "osm_type": "way", "label_class": "0", "site_class": "mound", "name": "Medoña do Porco", "confidence": "high", "evidence": "archaeological_site=tumulus", "archaeological_site": "tumulus", "civilization": "", "fortification_type": "", "wikidata": "", "centroid_lon": "-7.94495522", "centroid_lat": "43.28536297", "area_m2": "394.3", "perimeter_m": "72.3", "equivalent_radius_m": "11.2", "circularity": "0.9481", "vertices": "9", "matched_catalogue_id": "wl-neg-neg-es-pba-31931", "matched_catalogue_name": "Medoña do Porco", "matched_distance_m": "2"}}, {"type": "Feature", "geometry": {"type": "Polygon", "coordinates": [[[-7.9411039, 43.2793477], [-7.9409899, 43.2793722], [-7.940948, 43.2793602], [-7.940896, 43.2793156], [-7.9409189, 43.2792716], [-7.9409617, 43.2792296], [-7.9410275, 43.2792218], [-7.9410771, 43.2792365], [-7.9411317, 43.2793026], [-7.9411039, 43.2793477]]]}, "properties": {"osm_id": "481333511", "osm_type": "way", "label_class": "0", "site_class": "mound", "name": "Medoña do Galiñeiro 1", "confidence": "high", "evidence": "archaeological_site=tumulus", "archaeological_site": "tumulus", "civilization": "", "fortification_type": "", "wikidata": "", "centroid_lon": "-7.94101586", "centroid_lat": "43.27930055", "area_m2": "222.0", "perimeter_m": "54.7", "equivalent_radius_m": "8.4", "circularity": "0.9327", "vertices": "10", "matched_catalogue_id": "wl-neg-neg-es-pba-31887", "matched_catalogue_name": "Medoña do Galiñeiro 1/Medo¤a de Caínzos", "matched_distance_m": "2"}}, {"type": "Feature", "geometry": {"type": "Polygon", "coordinates": [[[-8.1954903, 42.4306915], [-8.1951147, 42.4308103], [-8.1949431, 42.4305807], [-8.1949967, 42.4303193], [-8.1955546, 42.4303589], [-8.1954903, 42.4306915]]]}, "properties": {"osm_id": "496990993", "osm_type": "way", "label_class": "0", "site_class": "mound", "name": "Mámoas de Mama Cavada", "confidence": "high", "evidence": "archaeological_site=tumulus", "archaeological_site": "tumulus", "civilization": "", "fortification_type": "", "wikidata": "", "centroid_lon": "-8.19526495", "centroid_lat": "42.43057537", "area_m2": "2029.2", "perimeter_m": "175.6", "equivalent_radius_m": "25.4", "circularity": "0.8265", "vertices": "6", "matched_catalogue_id": "wl-neg-neg-es-pba-47458", "matched_catalogue_name": "Mámoa de Mama Cavada 2", "matched_distance_m": "52"}}, {"type": "Feature", "geometry": {"type": "Polygon", "coordinates": [[[-8.0078283, 43.1195765], [-8.0082997, 43.1191777], [-8.0082568, 43.1186694], [-8.0075283, 43.11838], [-8.007014, 43.118466], [-8.0068747, 43.1187632], [-8.006939, 43.1190995], [-8.0072604, 43.1194905], [-8.0078283, 43.1195765]]]}, "properties": {"osm_id": "497028948", "osm_type": "way", "label_class": "1", "site_class": "castro", "name": "Castro da Vila de Castro", "confidence": "medium", "evidence": "site=settlement,civ=celtic", "archaeological_site": "settlement", "civilization": "celtic", "fortification_type": "", "wikidata": "Q61388164", "centroid_lon": "-8.00753661", "centroid_lat": "43.11902214", "area_m2": "11497.8", "perimeter_m": "396.2", "equivalent_radius_m": "60.5", "circularity": "0.9202", "vertices": "9", "matched_catalogue_id": "wl-pos-pos-es-pba-9413", "matched_catalogue_name": "Castro de Vila do Castro", "matched_distance_m": "49"}}, {"type": "Feature", "geometry": {"type": "Polygon", "coordinates": [[[-8.2461121, 43.4600271], [-8.2460425, 43.4603071], [-8.2458262, 43.4606066], [-8.245725, 43.4606207], [-8.2455858, 43.4606403], [-8.2454431, 43.4606525], [-8.2452367, 43.4606495], [-8.2450675, 43.4604938], [-8.2451961, 43.4601827], [-8.2454639, 43.4599299], [-8.2456889, 43.4597783], [-8.2459943, 43.45972], [-8.2461121, 43.4600271]]]}, "properties": {"osm_id": "497154240", "osm_type": "way", "label_class": "1", "site_class": "castro", "name": "Castro de Meá", "confidence": "medium", "evidence": "site=fortification,civ=none", "archaeological_site": "fortification", "civilization": "", "fortification_type": "", "wikidata": "Q61385891", "centroid_lon": "-8.24565340", "centroid_lat": "43.46027966", "area_m2": "5841.3", "perimeter_m": "296.9", "equivalent_radius_m": "43.1", "circularity": "0.8325", "vertices": "13", "matched_catalogue_id": "wl-pos-pos-es-pba-13821", "matched_catalogue_name": "Castro de Mehá", "matched_distance_m": "50"}}, {"type": "Feature", "geometry": {"type": "Polygon", "coordinates": [[[-8.0179839, 42.897678], [-8.017948, 42.8976932], [-8.0179191, 42.8976629], [-8.0179053, 42.8976417], [-8.0179053, 42.8976104], [-8.017926, 42.8975881], [-8.0179632, 42.8975821], [-8.0179921, 42.8976003], [-8.0180156, 42.8976174], [-8.0180046, 42.8976497], [-8.0180004, 42.8976639], [-8.0179839, 42.897678]]]}, "properties": {"osm_id": "506550912", "osm_type": "way", "label_class": "0", "site_class": "mound", "name": "Mámoa 1 da necrópole de Monte Grande ou do Grupo Rechinol", "confidence": "high", "evidence": "archaeological_site=tumulus", "archaeological_site": "tumulus", "civilization": "neolithic", "fortification_type": "", "wikidata": "", "centroid_lon": "-8.01796228", "centroid_lat": "42.89763881", "area_m2": "76.7", "perimeter_m": "32.9", "equivalent_radius_m": "4.9", "circularity": "0.8899", "vertices": "12", "matched_catalogue_id": "wl-neg-neg-es-pba-12219", "matched_catalogue_name": "Mámoa de Monte Grande 1", "matched_distance_m": "18"}}, {"type": "Feature", "geometry": {"type": "Polygon", "coordinates": [[[-8.1084625, 43.5595508], [-8.1079604, 43.5597117], [-8.1075645, 43.5592499], [-8.1077383, 43.558956], [-8.1084915, 43.558998], [-8.1084625, 43.5595508]]]}, "properties": {"osm_id": "509117903", "osm_type": "way", "label_class": "0", "site_class": "mound", "name": "Mámoas de Moimentos", "confidence": "high", "evidence": "archaeological_site=tumulus", "archaeological_site": "tumulus", "civilization": "", "fortification_type": "", "wikidata": "", "centroid_lon": "-8.10811328", "centroid_lat": "43.55933620", "area_m2": "4622.0", "perimeter_m": "262.9", "equivalent_radius_m": "38.4", "circularity": "0.8402", "vertices": "6", "matched_catalogue_id": "wl-neg-neg-es-pba-20408", "matched_catalogue_name": "Mámoa de Moimentos 1", "matched_distance_m": "21"}}, {"type": "Feature", "geometry": {"type": "Polygon", "coordinates": [[[-8.2192239, 43.526317], [-8.2190844, 43.526352], [-8.2189181, 43.5262275], [-8.219004, 43.5261264], [-8.21924, 43.5260992], [-8.219299, 43.5262081], [-8.2192239, 43.526317]]]}, "properties": {"osm_id": "510890414", "osm_type": "way", "label_class": "0", "site_class": "mound", "name": "Mámoa do Calvario", "confidence": "high", "evidence": "archaeological_site=tumulus", "archaeological_site": "tumulus", "civilization": "", "fortification_type": "", "wikidata": "", "centroid_lon": "-8.21914190", "centroid_lat": "43.52623531", "area_m2": "572.2", "perimeter_m": "90.3", "equivalent_radius_m": "13.5", "circularity": "0.8819", "vertices": "7", "matched_catalogue_id": "wl-neg-neg-es-pba-14226", "matched_catalogue_name": "Mámoa do Calvario", "matched_distance_m": "49"}}, {"type": "Feature", "geometry": {"type": "Polygon", "coordinates": [[[-7.9165929, 41.9235494], [-7.9165151, 41.9236591], [-7.9163301, 41.9236571], [-7.9162228, 41.9235733], [-7.9162469, 41.9234596], [-7.9163462, 41.9233977], [-7.91644, 41.9233997], [-7.9166144, 41.9234755], [-7.9165929, 41.9235494]]]}, "properties": {"osm_id": "512160992", "osm_type": "way", "label_class": "0", "site_class": "mound", "name": "Megálito M5 Outeiro de Cavaladre", "confidence": "high", "evidence": "archaeological_site=megalith", "archaeological_site": "megalith", "civilization": "prehistoric", "fortification_type": "", "wikidata": "", "centroid_lon": "-7.91643348", "centroid_lat": "41.92352453", "area_m2": "710.5", "perimeter_m": "98.5", "equivalent_radius_m": "15.0", "circularity": "0.9207", "vertices": "9", "matched_catalogue_id": "wl-neg-neg-es-pba-52127", "matched_catalogue_name": "Mámoa do Outeiro do Cavaladre 05", "matched_distance_m": "3"}}, {"type": "Feature", "geometry": {"type": "Polygon", "coordinates": [[[-7.9189485, 41.9244286], [-7.9189365, 41.9244104], [-7.9189017, 41.9243788], [-7.9188813, 41.9243644], [-7.9188549, 41.9243529], [-7.9188313, 41.9243481], [-7.9187869, 41.9243452], [-7.9187673, 41.9243524], [-7.9187532, 41.9243768], [-7.9187491, 41.9244103], [-7.918751, 41.9244865], [-7.9187571, 41.9245198], [-7.9187732, 41.9245438], [-7.918794, 41.9245503], [-7.9188403, 41.924546], [-7.9188643, 41.9245399], [-7.9188901, 41.924526], [-7.918909, 41.924509], [-7.9189399, 41.9244716], [-7.9189498, 41.9244515], [-7.9189485, 41.9244286]]]}, "properties": {"osm_id": "512160993", "osm_type": "way", "label_class": "0", "site_class": "mound", "name": "Megálito M1 Outeiro de Cavaladre", "confidence": "high", "evidence": "archaeological_site=megalith", "archaeological_site": "megalith", "civilization": "prehistoric", "fortification_type": "", "wikidata": "", "centroid_lon": "-7.91884895", "centroid_lat": "41.92444480", "area_m2": "293.9", "perimeter_m": "63.9", "equivalent_radius_m": "9.7", "circularity": "0.9058", "vertices": "21", "matched_catalogue_id": "wl-neg-neg-es-pba-52097", "matched_catalogue_name": "Mámoa do Outeiro do Cavaladre 01", "matched_distance_m": "3"}}, {"type": "Feature", "geometry": {"type": "Polygon", "coordinates": [[[-8.2935498, 43.0162097], [-8.2935886, 43.016231], [-8.2936165, 43.01626], [-8.2936304, 43.016294], [-8.2936292, 43.0163294], [-8.2936109, 43.0163654], [-8.2935769, 43.0163948], [-8.2935315, 43.016414], [-8.2934798, 43.0164209], [-8.2934279, 43.0164146], [-8.2933821, 43.0163958], [-8.2933476, 43.0163668], [-8.2933285, 43.016331], [-8.2933271, 43.0162926], [-8.2933417, 43.0162588], [-8.29337, 43.01623], [-8.2934092, 43.0162091], [-8.2934553, 43.0161982], [-8.2935038, 43.0161984], [-8.2935498, 43.0162097]]]}, "properties": {"osm_id": "516408118", "osm_type": "way", "label_class": "0", "site_class": "mound", "name": "Dolmen de Aiazo", "confidence": "high", "evidence": "archaeological_site=megalith", "archaeological_site": "megalith", "civilization": "prehistoric", "fortification_type": "", "wikidata": "", "centroid_lon": "-8.29348283", "centroid_lat": "43.01630121", "area_m2": "479.3", "perimeter_m": "78.0", "equivalent_radius_m": "12.4", "circularity": "0.9908", "vertices": "20", "matched_catalogue_id": "wl-neg-neg-es-pba-11918", "matched_catalogue_name": "Mámoa da Peneda de Guntín", "matched_distance_m": "4"}}, {"type": "Feature", "geometry": {"type": "Polygon", "coordinates": [[[-9.0422953, 43.0991167], [-9.0424257, 43.0989991], [-9.0425178, 43.098859], [-9.0425101, 43.0987078], [-9.0425024, 43.0985678], [-9.0424334, 43.0984109], [-9.0423413, 43.0982989], [-9.0422263, 43.0981701], [-9.0421189, 43.0981141], [-9.0419501, 43.0980637], [-9.0417046, 43.0980188], [-9.0414975, 43.0979964], [-9.0412444, 43.0981421], [-9.0411983, 43.0982709], [-9.0411753, 43.0985398], [-9.0411983, 43.0986966], [-9.0413748, 43.0988254], [-9.0417813, 43.0989599], [-9.0421649, 43.0990887], [-9.0422953, 43.0991167]]]}, "properties": {"osm_id": "518060640", "osm_type": "way", "label_class": "1", "site_class": "castro", "name": "Castro das Barreiras", "confidence": "medium", "evidence": "site=fortification,civ=celtic", "archaeological_site": "fortification", "civilization": "celtic", "fortification_type": "", "wikidata": "Q31280835", "centroid_lon": "-9.04194780", "centroid_lat": "43.09854817", "area_m2": "9853.1", "perimeter_m": "370.2", "equivalent_radius_m": "56.0", "circularity": "0.9034", "vertices": "20", "matched_catalogue_id": "wl-pos-pos-es-pba-25969", "matched_catalogue_name": "Castro das Barreiras", "matched_distance_m": "5"}}, {"type": "Feature", "geometry": {"type": "Polygon", "coordinates": [[[-8.1508016, 43.2350963], [-8.1510474, 43.2351103], [-8.1512751, 43.2351793], [-8.151462, 43.2352964], [-8.1515896, 43.2354501], [-8.1516453, 43.235625], [-8.1516236, 43.235804], [-8.1515266, 43.2359691], [-8.1513452, 43.2361149], [-8.1511066, 43.2362072], [-8.1508392, 43.2362349], [-8.1505748, 43.2361948], [-8.1503448, 43.2360915], [-8.1501767, 43.2359375], [-8.1500904, 43.235751], [-8.1500963, 43.2355543], [-8.1501936, 43.2353707], [-8.1503524, 43.2352333], [-8.150562, 43.2351387], [-8.1508016, 43.2350963]]]}, "properties": {"osm_id": "542771430", "osm_type": "way", "label_class": "0", "site_class": "mound", "name": "Mámoa de Souto", "confidence": "high", "evidence": "archaeological_site=tumulus", "archaeological_site": "tumulus", "civilization": "", "fortification_type": "", "wikidata": "", "centroid_lon": "-8.15087274", "centroid_lat": "43.23562278", "area_m2": "12434.1", "perimeter_m": "397.1", "equivalent_radius_m": "62.9", "circularity": "0.9908", "vertices": "20", "matched_catalogue_id": "wl-neg-neg-es-pba-5800", "matched_catalogue_name": "Mámoa de Souto", "matched_distance_m": "171"}}, {"type": "Feature", "geometry": {"type": "Polygon", "coordinates": [[[-7.9260494, 43.2743916], [-7.9261176, 43.2743659], [-7.926152, 43.2743159], [-7.9261395, 43.2742607], [-7.9260849, 43.2742214], [-7.9260089, 43.274213], [-7.9259407, 43.2742387], [-7.9259063, 43.2742887], [-7.9259188, 43.2743439], [-7.9259734, 43.2743832], [-7.9260494, 43.2743916]]]}, "properties": {"osm_id": "542837177", "osm_type": "way", "label_class": "0", "site_class": "mound", "name": "Mámoa de Pena do Toxo", "confidence": "high", "evidence": "archaeological_site=tumulus", "archaeological_site": "tumulus", "civilization": "", "fortification_type": "", "wikidata": "", "centroid_lon": "-7.92603099", "centroid_lat": "43.27431042", "area_m2": "298.3", "perimeter_m": "62.3", "equivalent_radius_m": "9.7", "circularity": "0.9669", "vertices": "11", "matched_catalogue_id": "wl-neg-neg-es-pba-2080", "matched_catalogue_name": "Mámoa de Pena do Toxo", "matched_distance_m": "2"}}, {"type": "Feature", "geometry": {"type": "Polygon", "coordinates": [[[-8.0075064, 43.2257421], [-8.007547, 43.2258952], [-8.0076501, 43.2260319], [-8.0078058, 43.2261389], [-8.007999, 43.2262059], [-8.0082112, 43.2262266], [-8.0084218, 43.2261988], [-8.00863, 43.2261142], [-8.0087862, 43.2259829], [-8.0088716, 43.2258207], [-8.0088761, 43.225647], [-8.0087991, 43.2254826], [-8.0086499, 43.2253471], [-8.0084462, 43.2252568], [-8.0082124, 43.2252225], [-8.0079767, 43.2252482], [-8.007767, 43.225331], [-8.007622, 43.2254457], [-8.0075322, 43.2255873], [-8.0075064, 43.2257421]]]}, "properties": {"osm_id": "542981187", "osm_type": "way", "label_class": "1", "site_class": "castro", "name": "Castelo de Aranga", "confidence": "medium", "evidence": "site=settlement,civ=prehistoric", "archaeological_site": "settlement", "civilization": "prehistoric", "fortification_type": "", "wikidata": "Q25509221", "centroid_lon": "-8.00814086", "centroid_lat": "43.22573337", "area_m2": "9639.0", "perimeter_m": "349.6", "equivalent_radius_m": "55.4", "circularity": "0.9908", "vertices": "20", "matched_catalogue_id": "", "matched_catalogue_name": "", "matched_distance_m": ""}}, {"type": "Feature", "geometry": {"type": "Polygon", "coordinates": [[[-7.9620399, 43.196182], [-7.9620577, 43.1960798], [-7.9619591, 43.1960059], [-7.9618184, 43.196016], [-7.9617416, 43.1961025], [-7.9617864, 43.1962002], [-7.9619192, 43.1962356], [-7.9620399, 43.196182]]]}, "properties": {"osm_id": "543066767", "osm_type": "way", "label_class": "0", "site_class": "mound", "name": "Mámoa de Outeiro Queimado", "confidence": "high", "evidence": "archaeological_site=tumulus", "archaeological_site": "tumulus", "civilization": "prehistoric", "fortification_type": "", "wikidata": "", "centroid_lon": "-7.96192027", "centroid_lat": "43.19612550", "area_m2": "478.2", "perimeter_m": "80.3", "equivalent_radius_m": "12.3", "circularity": "0.9319", "vertices": "8", "matched_catalogue_id": "wl-neg-neg-es-pba-1700", "matched_catalogue_name": "Mámoa do Outeiro Queimado", "matched_distance_m": "2"}}, {"type": "Feature", "geometry": {"type": "Polygon", "coordinates": [[[-8.0451215, 43.0839935], [-8.045034, 43.0840685], [-8.0449862, 43.0841606], [-8.0449836, 43.0842591], [-8.0450266, 43.0843525], [-8.0451101, 43.0844299], [-8.0452244, 43.0844822], [-8.0453561, 43.0845033], [-8.0454808, 43.0844928], [-8.0455946, 43.0844543], [-8.0456862, 43.0843916], [-8.0457461, 43.084311], [-8.0457685, 43.0842208], [-8.0457509, 43.0841301], [-8.0456952, 43.0840479], [-8.045607, 43.0839827], [-8.0454953, 43.083941], [-8.0453712, 43.083927], [-8.0452385, 43.0839445], [-8.0451215, 43.0839935]]]}, "properties": {"osm_id": "544197800", "osm_type": "way", "label_class": "0", "site_class": "mound", "name": "Medorra de Fanegas", "confidence": "high", "evidence": "archaeological_site=tumulus", "archaeological_site": "tumulus", "civilization": "", "fortification_type": "", "wikidata": "Q20544221", "centroid_lon": "-8.04536992", "centroid_lat": "43.08420434", "area_m2": "3177.2", "perimeter_m": "200.7", "equivalent_radius_m": "31.8", "circularity": "0.9908", "vertices": "20", "matched_catalogue_id": "", "matched_catalogue_name": "", "matched_distance_m": ""}}, {"type": "Feature", "geometry": {"type": "Polygon", "coordinates": [[[-7.9897905, 43.0876772], [-7.9899707, 43.0879508], [-7.9902655, 43.0881649], [-7.9906411, 43.088295], [-7.9910546, 43.0883262], [-7.9914587, 43.088255], [-7.9917915, 43.0881], [-7.9920398, 43.0878759], [-7.992178, 43.0876059], [-7.992192, 43.0873178], [-7.9920802, 43.0870413], [-7.9918542, 43.086805], [-7.9915373, 43.0866331], [-7.9911622, 43.0865435], [-7.9907675, 43.0865453], [-7.9903939, 43.0866384], [-7.9900655, 43.0868245], [-7.9898408, 43.0870799], [-7.9897455, 43.0873754], [-7.9897905, 43.0876772]]]}, "properties": {"osm_id": "544197821", "osm_type": "way", "label_class": "1", "site_class": "castro", "name": "Castro da Pena Grande", "confidence": "medium", "evidence": "site=settlement,civ=celtic", "archaeological_site": "settlement", "civilization": "celtic", "fortification_type": "", "wikidata": "", "centroid_lon": "-7.99093100", "centroid_lat": "43.08743662", "area_m2": "30806.6", "perimeter_m": "625.1", "equivalent_radius_m": "99.0", "circularity": "0.9909", "vertices": "20", "matched_catalogue_id": "wl-pos-pos-es-pba-23949", "matched_catalogue_name": "Castro de Penagrande/Castro de Grixalba", "matched_distance_m": "37"}}, {"type": "Feature", "geometry": {"type": "Polygon", "coordinates": [[[-8.2336012, 43.3158354], [-8.2337705, 43.3159257], [-8.2338909, 43.3160508], [-8.2339497, 43.3161974], [-8.2339406, 43.31635], [-8.2338621, 43.3164952], [-8.2337225, 43.3166136], [-8.2335373, 43.3166921], [-8.2333268, 43.3167221], [-8.2331145, 43.3167001], [-8.2329239, 43.3166286], [-8.2327761, 43.3165156], [-8.2326875, 43.3163735], [-8.2326679, 43.3162181], [-8.2327176, 43.3160697], [-8.2328303, 43.3159409], [-8.2329939, 43.3158452], [-8.2331911, 43.3157929], [-8.233401, 43.3157895], [-8.2336012, 43.3158354]]]}, "properties": {"osm_id": "544635216", "osm_type": "way", "label_class": "1", "site_class": "castro", "name": "Castro", "confidence": "medium", "evidence": "site=settlement,civ=prehistoric", "archaeological_site": "settlement", "civilization": "prehistoric", "fortification_type": "", "wikidata": "", "centroid_lon": "-8.23332533", "centroid_lat": "43.31622959", "area_m2": "8396.8", "perimeter_m": "326.3", "equivalent_radius_m": "51.7", "circularity": "0.9909", "vertices": "20", "matched_catalogue_id": "wl-pos-pos-es-pba-1271", "matched_catalogue_name": "Castro de Carrío", "matched_distance_m": "24"}}, {"type": "Feature", "geometry": {"type": "Polygon", "coordinates": [[[-8.2189971, 43.3232553], [-8.2188821, 43.323402], [-8.2188386, 43.323568], [-8.2188713, 43.3237353], [-8.2189766, 43.3238858], [-8.2191433, 43.3240035], [-8.2193533, 43.3240755], [-8.2195841, 43.3240942], [-8.2198108, 43.3240576], [-8.220009, 43.3239695], [-8.2201582, 43.3238384], [-8.2202404, 43.3236791], [-8.2202468, 43.323509], [-8.2201766, 43.3233467], [-8.2200375, 43.3232099], [-8.2198447, 43.3231135], [-8.2196193, 43.3230682], [-8.2193858, 43.3230788], [-8.2191713, 43.3231435], [-8.2189971, 43.3232553]]]}, "properties": {"osm_id": "544635219", "osm_type": "way", "label_class": "1", "site_class": "castro", "name": "Castro", "confidence": "medium", "evidence": "site=settlement,civ=prehistoric", "archaeological_site": "settlement", "civilization": "prehistoric", "fortification_type": "", "wikidata": "", "centroid_lon": "-8.21951719", "centroid_lat": "43.32356446", "area_m2": "10129.6", "perimeter_m": "358.4", "equivalent_radius_m": "56.8", "circularity": "0.9909", "vertices": "20", "matched_catalogue_id": "wl-pos-pos-es-pba-1272", "matched_catalogue_name": "Castro de Montecelo e Pazos", "matched_distance_m": "19"}}, {"type": "Feature", "geometry": {"type": "Polygon", "coordinates": [[[-8.2956102, 43.3627825], [-8.2956284, 43.3629398], [-8.2956542, 43.3631635], [-8.2958649, 43.3635138], [-8.2962197, 43.363796], [-8.2966807, 43.36398], [-8.2971988, 43.364046], [-8.2977184, 43.363987], [-8.298191, 43.3638054], [-8.2985557, 43.3635213], [-8.2987723, 43.363166], [-8.2988167, 43.3627787], [-8.2986841, 43.3624022], [-8.2983891, 43.3620781], [-8.2979644, 43.3618421], [-8.2978243, 43.3618085], [-8.2974568, 43.3617204], [-8.2969309, 43.3617252], [-8.2964352, 43.361853], [-8.2960228, 43.3620902], [-8.2957376, 43.3624115], [-8.2956102, 43.3627825]]]}, "properties": {"osm_id": "545086401", "osm_type": "way", "label_class": "1", "site_class": "castro", "name": "Castro de Meirás", "confidence": "high", "evidence": "fortification_type=hill_fort", "archaeological_site": "fortification", "civilization": "celtic", "fortification_type": "hill_fort", "wikidata": "", "centroid_lon": "-8.29708938", "centroid_lat": "43.36282699", "area_m2": "52284.4", "perimeter_m": "814.3", "equivalent_radius_m": "129.0", "circularity": "0.9909", "vertices": "22", "matched_catalogue_id": "wl-pos-pos-es-pba-20759", "matched_catalogue_name": "Castro de Mazón/Castro de Meirás", "matched_distance_m": "44"}}, {"type": "Feature", "geometry": {"type": "Polygon", "coordinates": [[[-7.8772026, 43.1837718], [-7.8769103, 43.1838676], [-7.8765455, 43.1841042], [-7.8763443, 43.1842587], [-7.8763309, 43.184423], [-7.876347, 43.1845032], [-7.8765053, 43.1846636], [-7.8766474, 43.1847418], [-7.8768405, 43.1847927], [-7.8771088, 43.1848396], [-7.8772858, 43.1847946], [-7.8774682, 43.1847262], [-7.877723, 43.1845658], [-7.8778303, 43.1844152], [-7.8778651, 43.1843331], [-7.8778303, 43.1841492], [-7.8775486, 43.1838656], [-7.8774118, 43.1837854], [-7.8772026, 43.1837718]]]}, "properties": {"osm_id": "559912893", "osm_type": "way", "label_class": "1", "site_class": "castro", "name": "Castro de Belote", "confidence": "high", "evidence": "fortification_type=hill_fort", "archaeological_site": "fortification", "civilization": "castro_culture", "fortification_type": "hill_fort", "wikidata": "", "centroid_lon": "-7.87710254", "centroid_lat": "43.18433543", "area_m2": "10453.1", "perimeter_m": "370.8", "equivalent_radius_m": "57.7", "circularity": "0.9554", "vertices": "19", "matched_catalogue_id": "wl-pos-pos-es-pba-30082", "matched_catalogue_name": "Castro de Belote/O Castro", "matched_distance_m": "5"}}, {"type": "Feature", "geometry": {"type": "Polygon", "coordinates": [[[-7.910623, 43.1482467], [-7.9107437, 43.1480392], [-7.9107276, 43.1477574], [-7.9105505, 43.147595], [-7.910344, 43.1475226], [-7.9100436, 43.1475109], [-7.9097888, 43.1476146], [-7.9096225, 43.1478514], [-7.9097351, 43.1480862], [-7.9099175, 43.1482369], [-7.9102314, 43.1483484], [-7.910623, 43.1482467]]]}, "properties": {"osm_id": "559914512", "osm_type": "way", "label_class": "1", "site_class": "castro", "name": "Castro de Aurela", "confidence": "high", "evidence": "fortification_type=hill_fort", "archaeological_site": "fortification", "civilization": "castro_culture", "fortification_type": "hill_fort", "wikidata": "", "centroid_lon": "-7.91024589", "centroid_lat": "43.14792133", "area_m2": "6352.9", "perimeter_m": "288.1", "equivalent_radius_m": "45.0", "circularity": "0.9616", "vertices": "12", "matched_catalogue_id": "wl-pos-pos-es-pba-30043", "matched_catalogue_name": "Castro da Cuíña/A Aurela", "matched_distance_m": "9"}}, {"type": "Feature", "geometry": {"type": "Polygon", "coordinates": [[[-7.866447, 43.1745614], [-7.866278, 43.1746161], [-7.8661493, 43.1746122], [-7.8659856, 43.1745966], [-7.8658435, 43.1745418], [-7.8657576, 43.1744636], [-7.8656691, 43.1743051], [-7.8656933, 43.1741917], [-7.8657898, 43.1741036], [-7.8659374, 43.1740234], [-7.8661439, 43.1739687], [-7.866329, 43.1739863], [-7.8664899, 43.1740293], [-7.8666428, 43.1741115], [-7.8667474, 43.1742406], [-7.8667125, 43.1744068], [-7.8665838, 43.1745222], [-7.866447, 43.1745614]]]}, "properties": {"osm_id": "559915539", "osm_type": "way", "label_class": "1", "site_class": "castro", "name": "Castro de Recimil", "confidence": "high", "evidence": "fortification_type=hill_fort", "archaeological_site": "fortification", "civilization": "castro_culture", "fortification_type": "hill_fort", "wikidata": "", "centroid_lon": "-7.86620261", "centroid_lat": "43.17432457", "area_m2": "4750.6", "perimeter_m": "248.6", "equivalent_radius_m": "38.9", "circularity": "0.9658", "vertices": "18", "matched_catalogue_id": "wl-pos-pos-es-pba-30042", "matched_catalogue_name": "Castro a Medoña de Becín", "matched_distance_m": "7"}}, {"type": "Feature", "geometry": {"type": "Polygon", "coordinates": [[[-7.8595483, 43.2698117], [-7.8592426, 43.269882], [-7.858969, 43.2698429], [-7.8587866, 43.2697023], [-7.85869, 43.2695422], [-7.8586739, 43.2693352], [-7.8586793, 43.2691984], [-7.8588724, 43.2690852], [-7.8591889, 43.2690266], [-7.8595269, 43.2690813], [-7.859838, 43.2691945], [-7.8599453, 43.2694797], [-7.8597683, 43.2696945], [-7.8595483, 43.2698117]]]}, "properties": {"osm_id": "559916705", "osm_type": "way", "label_class": "1", "site_class": "castro", "name": "Castro de Carelo", "confidence": "high", "evidence": "fortification_type=hill_fort", "archaeological_site": "fortification", "civilization": "castro_culture", "fortification_type": "hill_fort", "wikidata": "", "centroid_lon": "-7.85923413", "centroid_lat": "43.26947773", "area_m2": "7477.7", "perimeter_m": "313.6", "equivalent_radius_m": "48.8", "circularity": "0.9554", "vertices": "14", "matched_catalogue_id": "wl-pos-pos-es-pba-30118", "matched_catalogue_name": "Castro do Carelo", "matched_distance_m": "23"}}, {"type": "Feature", "geometry": {"type": "Polygon", "coordinates": [[[-7.8739384, 43.3177548], [-7.8735495, 43.3176494], [-7.8733081, 43.3176455], [-7.8731123, 43.3176923], [-7.8729728, 43.3178523], [-7.873072, 43.3180338], [-7.8732196, 43.3182543], [-7.8733832, 43.3182914], [-7.8736138, 43.3182758], [-7.8738365, 43.3181997], [-7.8740403, 43.3180377], [-7.8740162, 43.3179148], [-7.8739384, 43.3177548]]]}, "properties": {"osm_id": "559919583", "osm_type": "way", "label_class": "1", "site_class": "castro", "name": "Castro de Margá", "confidence": "high", "evidence": "fortification_type=hill_fort", "archaeological_site": "fortification", "civilization": "castro_culture", "fortification_type": "hill_fort", "wikidata": "", "centroid_lon": "-7.87353855", "centroid_lat": "43.31795051", "area_m2": "4632.1", "perimeter_m": "249.7", "equivalent_radius_m": "38.4", "circularity": "0.9334", "vertices": "13", "matched_catalogue_id": "wl-pos-pos-es-pba-30084", "matched_catalogue_name": "Castro de Margá", "matched_distance_m": "4"}}, {"type": "Feature", "geometry": {"type": "Polygon", "coordinates": [[[-7.8774655, 43.3040578], [-7.8770524, 43.3041554], [-7.8766984, 43.3041086], [-7.8765106, 43.3040266], [-7.8762531, 43.303847], [-7.8761566, 43.3036362], [-7.8761995, 43.3034254], [-7.8766179, 43.3031131], [-7.8768861, 43.3030818], [-7.8771704, 43.3031131], [-7.8774548, 43.3032848], [-7.8776425, 43.3036011], [-7.8777015, 43.3038509], [-7.8776264, 43.3039641], [-7.8774655, 43.3040578]]]}, "properties": {"osm_id": "559919585", "osm_type": "way", "label_class": "1", "site_class": "castro", "name": "Castro das Penas", "confidence": "high", "evidence": "fortification_type=hill_fort", "archaeological_site": "fortification", "civilization": "castro_culture", "fortification_type": "hill_fort", "wikidata": "", "centroid_lon": "-7.87699341", "centroid_lat": "43.30368825", "area_m2": "11093.6", "perimeter_m": "380.5", "equivalent_radius_m": "59.4", "circularity": "0.9630", "vertices": "15", "matched_catalogue_id": "wl-pos-pos-es-pba-30080", "matched_catalogue_name": "Castro das Penas", "matched_distance_m": "25"}}, {"type": "Feature", "geometry": {"type": "Polygon", "coordinates": [[[-7.6920606, 42.9975903], [-7.6918444, 42.9978012], [-7.6913289, 42.9977809], [-7.6910572, 42.9976998], [-7.6907745, 42.9975093], [-7.6906026, 42.9972944], [-7.6906802, 42.9969862], [-7.6909352, 42.9967916], [-7.6912956, 42.9966578], [-7.6916726, 42.9967308], [-7.6918999, 42.9969092], [-7.6920218, 42.9970713], [-7.6921105, 42.9973633], [-7.6920606, 42.9975903]]]}, "properties": {"osm_id": "559938149", "osm_type": "way", "label_class": "1", "site_class": "castro", "name": "Castro de Facoi", "confidence": "high", "evidence": "fortification_type=hill_fort", "archaeological_site": "fortification", "civilization": "castro_culture", "fortification_type": "hill_fort", "wikidata": "", "centroid_lon": "-7.69145319", "centroid_lat": "42.99726974", "area_m2": "11581.9", "perimeter_m": "390.5", "equivalent_radius_m": "60.7", "circularity": "0.9546", "vertices": "14", "matched_catalogue_id": "wl-pos-pos-es-pba-33474", "matched_catalogue_name": "Cotón do Castro/Penas do Castro", "matched_distance_m": "4"}}, {"type": "Feature", "geometry": {"type": "Polygon", "coordinates": [[[-7.5256455, 42.94105], [-7.5252324, 42.9411679], [-7.5250071, 42.9411953], [-7.5247014, 42.9411247], [-7.5245351, 42.9410658], [-7.5244439, 42.9409401], [-7.5243259, 42.9407437], [-7.5243205, 42.940512], [-7.524358, 42.9403392], [-7.5245726, 42.9401939], [-7.5249857, 42.9400683], [-7.5254631, 42.9400643], [-7.5258011, 42.9402254], [-7.5260156, 42.9404099], [-7.5260907, 42.9406298], [-7.5260425, 42.9407594], [-7.5258493, 42.9409244], [-7.5256455, 42.94105]]]}, "properties": {"osm_id": "560147053", "osm_type": "way", "label_class": "1", "site_class": "castro", "name": "Castro de Coeses", "confidence": "high", "evidence": "civilization=castro_culture", "archaeological_site": "settlement", "civilization": "castro_culture", "fortification_type": "", "wikidata": "", "centroid_lon": "-7.52516866", "centroid_lat": "42.94069245", "area_m2": "13947.8", "perimeter_m": "426.0", "equivalent_radius_m": "66.6", "circularity": "0.9657", "vertices": "18", "matched_catalogue_id": "wl-pos-pos-es-pba-31433", "matched_catalogue_name": "Castro da Madalena", "matched_distance_m": "14"}}, {"type": "Feature", "geometry": {"type": "Polygon", "coordinates": [[[-7.865299, 43.2383953], [-7.8652132, 43.2386923], [-7.8647786, 43.2389307], [-7.8645694, 43.2389659], [-7.8644085, 43.2388995], [-7.8642798, 43.2387783], [-7.8642476, 43.2384188], [-7.8644407, 43.2380358], [-7.864725, 43.2379928], [-7.8650469, 43.238028], [-7.8652668, 43.2381765], [-7.865299, 43.2383953]]]}, "properties": {"osm_id": "560151338", "osm_type": "way", "label_class": "1", "site_class": "castro", "name": "A Modia das Arroas", "confidence": "high", "evidence": "fortification_type=hill_fort", "archaeological_site": "fortification", "civilization": "castro_culture", "fortification_type": "hill_fort", "wikidata": "", "centroid_lon": "-7.86479787", "centroid_lat": "43.23847577", "area_m2": "7150.3", "perimeter_m": "311.7", "equivalent_radius_m": "47.7", "circularity": "0.9251", "vertices": "12", "matched_catalogue_id": "wl-pos-pos-es-pba-30081", "matched_catalogue_name": "Castro das Reixas", "matched_distance_m": "4"}}, {"type": "Feature", "geometry": {"type": "Polygon", "coordinates": [[[-7.6257509, 43.1952315], [-7.6254076, 43.1953684], [-7.6250857, 43.1953957], [-7.6248068, 43.1953058], [-7.6246083, 43.1950829], [-7.6246673, 43.1948013], [-7.6250374, 43.1945236], [-7.6253003, 43.1944024], [-7.6256543, 43.1943789], [-7.6258689, 43.1944454], [-7.6261532, 43.1946097], [-7.6262498, 43.1947387], [-7.626164, 43.1949147], [-7.6260459, 43.1950633], [-7.6257509, 43.1952315]]]}, "properties": {"osm_id": "560190796", "osm_type": "way", "label_class": "1", "site_class": "castro", "name": "Castro de Xoibán", "confidence": "high", "evidence": "fortification_type=hill_fort", "archaeological_site": "fortification", "civilization": "castro_culture", "fortification_type": "hill_fort", "wikidata": "", "centroid_lon": "-7.62550342", "centroid_lat": "43.19489959", "area_m2": "10541.6", "perimeter_m": "376.3", "equivalent_radius_m": "57.9", "circularity": "0.9354", "vertices": "15", "matched_catalogue_id": "wl-pos-pos-es-pba-43460", "matched_catalogue_name": "Castro de Xoibán", "matched_distance_m": "13"}}, {"type": "Feature", "geometry": {"type": "Polygon", "coordinates": [[[-7.3834455, 43.0422963], [-7.3831451, 43.0422728], [-7.3828554, 43.0419513], [-7.3828018, 43.041473], [-7.3828662, 43.0411515], [-7.3832846, 43.0410731], [-7.3836386, 43.0411985], [-7.3838961, 43.0415514], [-7.3839498, 43.042014], [-7.3837888, 43.0422022], [-7.3834455, 43.0422963]]]}, "properties": {"osm_id": "560196851", "osm_type": "way", "label_class": "1", "site_class": "castro", "name": "Castro de Francelos de Arriba", "confidence": "high", "evidence": "fortification_type=hill_fort", "archaeological_site": "fortification", "civilization": "castro_culture", "fortification_type": "hill_fort", "wikidata": "", "centroid_lon": "-7.38337431", "centroid_lat": "43.04177095", "area_m2": "9960.1", "perimeter_m": "374.9", "equivalent_radius_m": "56.3", "circularity": "0.8904", "vertices": "11", "matched_catalogue_id": "wl-pos-pos-es-pba-27906", "matched_catalogue_name": "Castro de Francelos de Arriba", "matched_distance_m": "10"}}, {"type": "Feature", "geometry": {"type": "Polygon", "coordinates": [[[-7.864961, 42.8608468], [-7.8642261, 42.861067], [-7.8639364, 42.8610749], [-7.8636575, 42.860949], [-7.8633678, 42.8608625], [-7.8632015, 42.8608232], [-7.8629977, 42.8607013], [-7.8629601, 42.8604536], [-7.8630298, 42.8600958], [-7.8634912, 42.8598126], [-7.8638774, 42.8598362], [-7.8643495, 42.8599817], [-7.8648162, 42.8601311], [-7.8652722, 42.8603317], [-7.8651434, 42.8605951], [-7.864961, 42.8608468]]]}, "properties": {"osm_id": "560197874", "osm_type": "way", "label_class": "1", "site_class": "castro", "name": "O Castro", "confidence": "high", "evidence": "fortification_type=hill_fort", "archaeological_site": "fortification", "civilization": "castro_culture", "fortification_type": "hill_fort", "wikidata": "", "centroid_lon": "-7.86401555", "centroid_lat": "42.86052558", "area_m2": "18598.3", "perimeter_m": "514.7", "equivalent_radius_m": "76.9", "circularity": "0.8821", "vertices": "16", "matched_catalogue_id": "wl-pos-pos-es-pba-37743", "matched_catalogue_name": "Castro de Marzá", "matched_distance_m": "16"}}, {"type": "Feature", "geometry": {"type": "Polygon", "coordinates": [[[-7.7892609, 43.0682281], [-7.7888278, 43.0682684], [-7.788382, 43.0681568], [-7.7881994, 43.0679924], [-7.7880168, 43.0678001], [-7.7881867, 43.067614], [-7.7885773, 43.0675147], [-7.7890104, 43.067431], [-7.7894349, 43.0675054], [-7.789851, 43.0676636], [-7.7899105, 43.0679583], [-7.7896303, 43.068163], [-7.7892609, 43.0682281]]]}, "properties": {"osm_id": "560203341", "osm_type": "way", "label_class": "1", "site_class": "castro", "name": "Castro de Narla", "confidence": "high", "evidence": "fortification_type=hill_fort", "archaeological_site": "fortification", "civilization": "castro_culture", "fortification_type": "hill_fort", "wikidata": "", "centroid_lon": "-7.78896530", "centroid_lat": "43.06788645", "area_m2": "10359.7", "perimeter_m": "388.4", "equivalent_radius_m": "57.4", "circularity": "0.8632", "vertices": "13", "matched_catalogue_id": "wl-pos-pos-es-pba-31163", "matched_catalogue_name": "Castro de Narla", "matched_distance_m": "25"}}, {"type": "Feature", "geometry": {"type": "Polygon", "coordinates": [[[-7.6174644, 43.2220712], [-7.6170804, 43.222065], [-7.6165866, 43.2219943], [-7.6163587, 43.2218467], [-7.616249, 43.2214715], [-7.6163967, 43.2211824], [-7.6168652, 43.2209795], [-7.6173294, 43.2207703], [-7.6177429, 43.2207826], [-7.618013, 43.2210871], [-7.6182494, 43.2215853], [-7.6178485, 43.222022], [-7.6174644, 43.2220712]]]}, "properties": {"osm_id": "560204114", "osm_type": "way", "label_class": "1", "site_class": "castro", "name": "Castro de Teixeiro", "confidence": "high", "evidence": "fortification_type=hill_fort", "archaeological_site": "fortification", "civilization": "castro_culture", "fortification_type": "hill_fort", "wikidata": "", "centroid_lon": "-7.61720374", "centroid_lat": "43.22153301", "area_m2": "17403.8", "perimeter_m": "485.0", "equivalent_radius_m": "74.4", "circularity": "0.9298", "vertices": "13", "matched_catalogue_id": "wl-pos-pos-es-pba-29195", "matched_catalogue_name": "Castro de Teixeiro/Os Castros", "matched_distance_m": "8"}}, {"type": "Feature", "geometry": {"type": "Polygon", "coordinates": [[[-7.2380663, 42.9913117], [-7.2382455, 42.9913866], [-7.2384247, 42.9914116], [-7.2386081, 42.991396], [-7.2387062, 42.9913648], [-7.2388683, 42.9911963], [-7.2389878, 42.9909872], [-7.2389921, 42.990853], [-7.2389537, 42.9906845], [-7.2388427, 42.9905441], [-7.2387788, 42.9904879], [-7.2385911, 42.9904879], [-7.2383905, 42.9905472], [-7.2381346, 42.9906564], [-7.2379938, 42.9907532], [-7.2379213, 42.9908905], [-7.2378616, 42.9910839], [-7.2379, 42.9911869], [-7.2380663, 42.9913117]]]}, "properties": {"osm_id": "560284981", "osm_type": "way", "label_class": "1", "site_class": "castro", "name": "Castro de Vilar", "confidence": "medium", "evidence": "site=settlement,civ=celtic", "archaeological_site": "settlement", "civilization": "celtic", "fortification_type": "", "wikidata": "", "centroid_lon": "-7.23843860", "centroid_lat": "42.99097586", "area_m2": "7078.2", "perimeter_m": "306.2", "equivalent_radius_m": "47.5", "circularity": "0.9486", "vertices": "19", "matched_catalogue_id": "wl-pos-pos-es-pba-28722", "matched_catalogue_name": "Castro de Vilar", "matched_distance_m": "2"}}, {"type": "Feature", "geometry": {"type": "Polygon", "coordinates": [[[-7.4366172, 42.5369559], [-7.4369252, 42.5366761], [-7.436921, 42.536387], [-7.4367902, 42.5361041], [-7.4364569, 42.5359735], [-7.4360898, 42.5359704], [-7.4357185, 42.5361041], [-7.4355624, 42.5363248], [-7.4355033, 42.5366264], [-7.4356046, 42.5368627], [-7.4361067, 42.5370243], [-7.4364105, 42.5369963], [-7.4366172, 42.5369559]]]}, "properties": {"osm_id": "560286241", "osm_type": "way", "label_class": "1", "site_class": "castro", "name": "Castro de Cabo", "confidence": "high", "evidence": "fortification_type=hill_fort", "archaeological_site": "fortification", "civilization": "castro_culture", "fortification_type": "hill_fort", "wikidata": "", "centroid_lon": "-7.43625565", "centroid_lat": "42.53653550", "area_m2": "10927.8", "perimeter_m": "377.3", "equivalent_radius_m": "59.0", "circularity": "0.9644", "vertices": "13", "matched_catalogue_id": "wl-pos-pos-es-pba-33668", "matched_catalogue_name": "Castro de Cabo", "matched_distance_m": "51"}}, {"type": "Feature", "geometry": {"type": "Polygon", "coordinates": [[[-7.3415333, 43.1093017], [-7.3412651, 43.1092703], [-7.3410398, 43.1092077], [-7.3407823, 43.1090393], [-7.340675, 43.1088826], [-7.3406696, 43.1086046], [-7.3407984, 43.1084009], [-7.3411095, 43.1082717], [-7.3414797, 43.1083304], [-7.3417479, 43.1084636], [-7.3418927, 43.1085928], [-7.3418713, 43.1088552], [-7.341764, 43.1091568], [-7.3415333, 43.1093017]]]}, "properties": {"osm_id": "560288131", "osm_type": "way", "label_class": "1", "site_class": "castro", "name": "Castro de Maxide", "confidence": "high", "evidence": "fortification_type=hill_fort", "archaeological_site": "fortification", "civilization": "castro_culture", "fortification_type": "hill_fort", "wikidata": "", "centroid_lon": "-7.34129728", "centroid_lat": "43.10883424", "area_m2": "8718.7", "perimeter_m": "338.7", "equivalent_radius_m": "52.7", "circularity": "0.9551", "vertices": "14", "matched_catalogue_id": "wl-pos-pos-es-pba-27909", "matched_catalogue_name": "Castro de Maxide/As Croas", "matched_distance_m": "9"}}, {"type": "Feature", "geometry": {"type": "Polygon", "coordinates": [[[-7.3009837, 43.1241896], [-7.3006162, 43.1242875], [-7.3003748, 43.1244011], [-7.3001817, 43.1245459], [-7.3000556, 43.1247319], [-7.3000932, 43.1249825], [-7.3001602, 43.1251313], [-7.2999939, 43.1252918], [-7.3000369, 43.1254053], [-7.3001736, 43.1255385], [-7.300761, 43.1255972], [-7.3010132, 43.1255835], [-7.3010775, 43.1254151], [-7.3011339, 43.1252703], [-7.3014155, 43.1251274], [-7.3015389, 43.1250079], [-7.3015952, 43.1248631], [-7.301555, 43.1247065], [-7.3014665, 43.12436], [-7.3014021, 43.1242719], [-7.301158, 43.1241857], [-7.3009837, 43.1241896]]]}, "properties": {"osm_id": "560288334", "osm_type": "way", "label_class": "1", "site_class": "castro", "name": "O Castro Aberto", "confidence": "high", "evidence": "fortification_type=hill_fort", "archaeological_site": "fortification", "civilization": "castro_culture", "fortification_type": "hill_fort", "wikidata": "", "centroid_lon": "-7.30080774", "centroid_lat": "43.12486744", "area_m2": "14892.1", "perimeter_m": "470.8", "equivalent_radius_m": "68.8", "circularity": "0.8444", "vertices": "22", "matched_catalogue_id": "wl-pos-pos-es-pba-38977", "matched_catalogue_name": "Castro de Brea", "matched_distance_m": "8"}}, {"type": "Feature", "geometry": {"type": "Polygon", "coordinates": [[[-7.4850476, 43.1286686], [-7.4846238, 43.1286491], [-7.4843824, 43.1286138], [-7.4841893, 43.128375], [-7.484141, 43.1282262], [-7.4842376, 43.128007], [-7.4844253, 43.1278739], [-7.4847901, 43.1277917], [-7.4851871, 43.1278934], [-7.4854821, 43.128097], [-7.4854928, 43.1283593], [-7.485348, 43.1285708], [-7.4850476, 43.1286686]]]}, "properties": {"osm_id": "560288949", "osm_type": "way", "label_class": "1", "site_class": "castro", "name": "Castro de Duarría", "confidence": "medium", "evidence": "site=settlement,civ=celtic", "archaeological_site": "settlement", "civilization": "celtic", "fortification_type": "", "wikidata": "", "centroid_lon": "-7.48479959", "centroid_lat": "43.12829188", "area_m2": "8298.2", "perimeter_m": "329.7", "equivalent_radius_m": "51.4", "circularity": "0.9591", "vertices": "13", "matched_catalogue_id": "wl-pos-pos-es-pba-27848", "matched_catalogue_name": "Castro de Duarría", "matched_distance_m": "9"}}, {"type": "Feature", "geometry": {"type": "Polygon", "coordinates": [[[-7.8767145, 42.8332762], [-7.8764623, 42.8333746], [-7.8761458, 42.8333667], [-7.8758347, 42.8331306], [-7.8758133, 42.8327569], [-7.875942, 42.832517], [-7.8761995, 42.8323045], [-7.8765482, 42.8322298], [-7.8769881, 42.8323203], [-7.8771114, 42.8325602], [-7.8771007, 42.8329103], [-7.8770256, 42.8330795], [-7.8767145, 42.8332762]]]}, "properties": {"osm_id": "560290587", "osm_type": "way", "label_class": "1", "site_class": "castro", "name": "Castro de Gontá", "confidence": "high", "evidence": "fortification_type=hill_fort", "archaeological_site": "fortification", "civilization": "castro_culture", "fortification_type": "hill_fort", "wikidata": "", "centroid_lon": "-7.87650774", "centroid_lat": "42.83285406", "area_m2": "10628.6", "perimeter_m": "375.5", "equivalent_radius_m": "58.2", "circularity": "0.9472", "vertices": "13", "matched_catalogue_id": "wl-pos-pos-es-pba-37741", "matched_catalogue_name": "Castro de Gontá", "matched_distance_m": "55"}}, {"type": "Feature", "geometry": {"type": "Polygon", "coordinates": [[[-7.9589886, 42.9620326], [-7.9592943, 42.9621151], [-7.959584, 42.9620562], [-7.9597718, 42.9618991], [-7.95982, 42.9617186], [-7.9596913, 42.9615026], [-7.9594231, 42.9613809], [-7.958892, 42.9611533], [-7.9587458, 42.9611523], [-7.958672, 42.9611954], [-7.9585795, 42.9612926], [-7.9584119, 42.9615007], [-7.9583851, 42.9616813], [-7.9584977, 42.9618304], [-7.9586962, 42.9618952], [-7.9589886, 42.9620326]]]}, "properties": {"osm_id": "560341701", "osm_type": "way", "label_class": "1", "site_class": "castro", "name": "A Aurela", "confidence": "medium", "evidence": "site=settlement,civ=celtic", "archaeological_site": "settlement", "civilization": "celtic", "fortification_type": "", "wikidata": "", "centroid_lon": "-7.95902762", "centroid_lat": "42.96165243", "area_m2": "8385.1", "perimeter_m": "341.7", "equivalent_radius_m": "51.7", "circularity": "0.9024", "vertices": "16", "matched_catalogue_id": "wl-pos-pos-es-pba-24983", "matched_catalogue_name": "Castro de San Xiao", "matched_distance_m": "11"}}, {"type": "Feature", "geometry": {"type": "Polygon", "coordinates": [[[-7.3713434, 42.8818685], [-7.3711073, 42.8818213], [-7.3708016, 42.8815737], [-7.3707372, 42.8814007], [-7.3707426, 42.881216], [-7.3709089, 42.8810548], [-7.3710913, 42.8809919], [-7.3715311, 42.8808858], [-7.3717833, 42.8809251], [-7.3720139, 42.8810823], [-7.371971, 42.8814125], [-7.3718476, 42.8816208], [-7.371617, 42.8817702], [-7.3713434, 42.8818685]]]}, "properties": {"osm_id": "560344687", "osm_type": "way", "label_class": "1", "site_class": "castro", "name": "Castro da Ermida", "confidence": "high", "evidence": "fortification_type=hill_fort", "archaeological_site": "fortification", "civilization": "castro_culture", "fortification_type": "hill_fort", "wikidata": "", "centroid_lon": "-7.37134569", "centroid_lat": "42.88139229", "area_m2": "8394.5", "perimeter_m": "333.3", "equivalent_radius_m": "51.7", "circularity": "0.9498", "vertices": "14", "matched_catalogue_id": "wl-pos-pos-es-pba-31584", "matched_catalogue_name": "Castro da Ermida", "matched_distance_m": "23"}}, {"type": "Feature", "geometry": {"type": "Polygon", "coordinates": [[[-7.939285, 42.65112], [-7.9390276, 42.6511437], [-7.9386145, 42.6510964], [-7.9384214, 42.651053], [-7.9383034, 42.6509346], [-7.9382122, 42.6507689], [-7.9382283, 42.6505992], [-7.9383355, 42.6504059], [-7.938754, 42.6500942], [-7.9390436, 42.650035], [-7.9393011, 42.6500942], [-7.9396927, 42.6502836], [-7.9398322, 42.65054], [-7.9398054, 42.6507492], [-7.9396445, 42.6509464], [-7.9394353, 42.6510687], [-7.939285, 42.65112]]]}, "properties": {"osm_id": "560346795", "osm_type": "way", "label_class": "1", "site_class": "castro", "name": "Castro de Vence", "confidence": "medium", "evidence": "site=settlement,civ=celtic", "archaeological_site": "settlement", "civilization": "celtic", "fortification_type": "", "wikidata": "", "centroid_lon": "-7.93901304", "centroid_lat": "42.65070900", "area_m2": "12296.7", "perimeter_m": "399.4", "equivalent_radius_m": "62.6", "circularity": "0.9685", "vertices": "17", "matched_catalogue_id": "wl-pos-pos-es-pba-70361", "matched_catalogue_name": "Castro de Casa Soa/Castro de Vence", "matched_distance_m": "14"}}, {"type": "Feature", "geometry": {"type": "Polygon", "coordinates": [[[-7.4845594, 42.9981346], [-7.4843609, 42.9982288], [-7.4841517, 42.9982013], [-7.4838406, 42.9980993], [-7.4836904, 42.9980836], [-7.4835402, 42.997962], [-7.4834275, 42.9977815], [-7.4834651, 42.9975775], [-7.4834758, 42.9973813], [-7.4837226, 42.9972126], [-7.4843288, 42.9971969], [-7.4846667, 42.9973107], [-7.4848759, 42.9974833], [-7.4849671, 42.9976305], [-7.4848571, 42.997756], [-7.4847633, 42.9979581], [-7.4845594, 42.9981346]]]}, "properties": {"osm_id": "560347375", "osm_type": "way", "label_class": "1", "site_class": "castro", "name": "O Castro", "confidence": "high", "evidence": "fortification_type=hill_fort", "archaeological_site": "fortification", "civilization": "castro_culture", "fortification_type": "hill_fort", "wikidata": "", "centroid_lon": "-7.48419132", "centroid_lat": "42.99777251", "area_m2": "10737.7", "perimeter_m": "378.7", "equivalent_radius_m": "58.5", "circularity": "0.9408", "vertices": "17", "matched_catalogue_id": "wl-pos-pos-es-pba-32818", "matched_catalogue_name": "O Castro", "matched_distance_m": "13"}}, {"type": "Feature", "geometry": {"type": "Polygon", "coordinates": [[[-7.3530887, 42.7055008], [-7.3528142, 42.7057509], [-7.3527802, 42.7059945], [-7.3528482, 42.7062444], [-7.3530055, 42.7064037], [-7.3534603, 42.7064474], [-7.3538641, 42.7064006], [-7.3542212, 42.7060039], [-7.3540342, 42.7056415], [-7.3535836, 42.7053916], [-7.3533328, 42.7053354], [-7.3530887, 42.7055008]]]}, "properties": {"osm_id": "560352247", "osm_type": "way", "label_class": "1", "site_class": "castro", "name": "Castro de Formigueiros", "confidence": "high", "evidence": "civilization=castro_culture", "archaeological_site": "settlement", "civilization": "castro_culture", "fortification_type": "", "wikidata": "Q20547628", "centroid_lon": "-7.35334347", "centroid_lat": "42.70588463", "area_m2": "10524.9", "perimeter_m": "375.2", "equivalent_radius_m": "57.9", "circularity": "0.9397", "vertices": "12", "matched_catalogue_id": "wl-pos-pos-es-pba-32335", "matched_catalogue_name": "Castro de Formigueiros", "matched_distance_m": "24"}}, {"type": "Feature", "geometry": {"type": "Polygon", "coordinates": [[[-7.3155795, 42.7464881], [-7.3152935, 42.7465247], [-7.3149803, 42.7464114], [-7.3148214, 42.7462814], [-7.3147397, 42.7460847], [-7.3147306, 42.745868], [-7.3147397, 42.745758], [-7.3148623, 42.7456746], [-7.3151528, 42.7455313], [-7.3154252, 42.7454879], [-7.3155387, 42.7454346], [-7.3157702, 42.7454713], [-7.3160153, 42.745658], [-7.3161424, 42.7458647], [-7.3161606, 42.7460914], [-7.3160153, 42.7462781], [-7.3157566, 42.7464214], [-7.3155795, 42.7464881]]]}, "properties": {"osm_id": "560352809", "osm_type": "way", "label_class": "1", "site_class": "castro", "name": "Castro de Loureiro", "confidence": "high", "evidence": "fortification_type=hill_fort", "archaeological_site": "fortification", "civilization": "castro_culture", "fortification_type": "hill_fort", "wikidata": "", "centroid_lon": "-7.31540576", "centroid_lat": "42.74598987", "area_m2": "10644.8", "perimeter_m": "372.5", "equivalent_radius_m": "58.2", "circularity": "0.9638", "vertices": "18", "matched_catalogue_id": "wl-pos-pos-es-pba-40045", "matched_catalogue_name": "Castro de Roxofrei/Castro de Loureiro", "matched_distance_m": "20"}}, {"type": "Feature", "geometry": {"type": "Polygon", "coordinates": [[[-7.5596048, 42.7973597], [-7.5593221, 42.7972389], [-7.5591702, 42.7970903], [-7.5590646, 42.7969478], [-7.5590056, 42.796827], [-7.5590056, 42.7966877], [-7.5591659, 42.796536], [-7.5593474, 42.7965143], [-7.5599045, 42.7965762], [-7.5601534, 42.7967682], [-7.5601999, 42.79705], [-7.5601155, 42.7972791], [-7.5599467, 42.7973411], [-7.5596048, 42.7973597]]]}, "properties": {"osm_id": "560353340", "osm_type": "way", "label_class": "1", "site_class": "castro", "name": "Castro de Castrelo", "confidence": "high", "evidence": "fortification_type=hill_fort", "archaeological_site": "fortification", "civilization": "castro_culture", "fortification_type": "hill_fort", "wikidata": "", "centroid_lon": "-7.55954364", "centroid_lat": "42.79696971", "area_m2": "7079.6", "perimeter_m": "308.6", "equivalent_radius_m": "47.5", "circularity": "0.9342", "vertices": "14", "matched_catalogue_id": "wl-pos-pos-es-pba-37201", "matched_catalogue_name": "Castro de Castrelo/Agro do Castro/A Modorra", "matched_distance_m": "11"}}, {"type": "Feature", "geometry": {"type": "Polygon", "coordinates": [[[-7.3822866, 42.9014695], [-7.3818295, 42.9014912], [-7.3816179, 42.901302], [-7.3815332, 42.9010602], [-7.3816475, 42.9008339], [-7.3819734, 42.9006943], [-7.3821681, 42.9007192], [-7.3823882, 42.9008184], [-7.3825109, 42.9009207], [-7.382621, 42.9010354], [-7.382566, 42.9011625], [-7.3824898, 42.9013362], [-7.3824093, 42.9014292], [-7.3822866, 42.9014695]]]}, "properties": {"osm_id": "560355439", "osm_type": "way", "label_class": "1", "site_class": "castro", "name": "Castro de Vigo", "confidence": "high", "evidence": "fortification_type=hill_fort", "archaeological_site": "fortification", "civilization": "castro_culture", "fortification_type": "hill_fort", "wikidata": "", "centroid_lon": "-7.38216629", "centroid_lat": "42.90112444", "area_m2": "5796.5", "perimeter_m": "276.4", "equivalent_radius_m": "43.0", "circularity": "0.9538", "vertices": "14", "matched_catalogue_id": "wl-pos-pos-es-pba-31655", "matched_catalogue_name": "Castro de Vigo/Monte do Castro", "matched_distance_m": "5"}}, {"type": "Feature", "geometry": {"type": "Polygon", "coordinates": [[[-7.4094437, 42.8879602], [-7.4091813, 42.8878801], [-7.4090632, 42.8877711], [-7.4089188, 42.8876205], [-7.408862, 42.8874635], [-7.4089014, 42.8872808], [-7.4091332, 42.8871654], [-7.4095181, 42.8870853], [-7.4098418, 42.8871109], [-7.4101086, 42.8872904], [-7.410148, 42.8876045], [-7.4100649, 42.8877904], [-7.409938, 42.8879378], [-7.4097412, 42.8879955], [-7.4094437, 42.8879602]]]}, "properties": {"osm_id": "560355798", "osm_type": "way", "label_class": "1", "site_class": "castro", "name": "Castro de Reboredo", "confidence": "high", "evidence": "fortification_type=hill_fort", "archaeological_site": "fortification", "civilization": "castro_culture", "fortification_type": "hill_fort", "wikidata": "", "centroid_lon": "-7.40948719", "centroid_lat": "42.88759444", "area_m2": "8184.6", "perimeter_m": "327.6", "equivalent_radius_m": "51.0", "circularity": "0.9584", "vertices": "15", "matched_catalogue_id": "", "matched_catalogue_name": "", "matched_distance_m": ""}}, {"type": "Feature", "geometry": {"type": "Polygon", "coordinates": [[[-7.858613, 43.3578202], [-7.8584523, 43.3577758], [-7.8583564, 43.3576756], [-7.8583, 43.3575622], [-7.8583003, 43.3574201], [-7.8583802, 43.3573009], [-7.8585019, 43.3572237], [-7.8586659, 43.3571771], [-7.8588245, 43.3571917], [-7.8589685, 43.3572129], [-7.8590861, 43.3572531], [-7.8591988, 43.35729], [-7.8592691, 43.3573846], [-7.8592953, 43.3574992], [-7.8592669, 43.3576136], [-7.8591874, 43.3577144], [-7.8590658, 43.3577898], [-7.8589164, 43.3578312], [-7.8587566, 43.3578336], [-7.858613, 43.3578202]]]}, "properties": {"osm_id": "560356746", "osm_type": "way", "label_class": "1", "site_class": "castro", "name": "O Castro de Castrorramil", "confidence": "medium", "evidence": "site=settlement,civ=celtic", "archaeological_site": "settlement", "civilization": "celtic", "fortification_type": "", "wikidata": "", "centroid_lon": "-7.85880092", "centroid_lat": "43.35751949", "area_m2": "4687.3", "perimeter_m": "245.5", "equivalent_radius_m": "38.6", "circularity": "0.9774", "vertices": "20", "matched_catalogue_id": "wl-pos-pos-es-pba-30510", "matched_catalogue_name": "O Castro/O Castro Ramil", "matched_distance_m": "6"}}, {"type": "Feature", "geometry": {"type": "Polygon", "coordinates": [[[-7.4455236, 43.0870017], [-7.4450037, 43.0868114], [-7.4445918, 43.0869394], [-7.4442887, 43.0870746], [-7.4442244, 43.0871843], [-7.444227, 43.0873371], [-7.4443611, 43.0875223], [-7.4445309, 43.0877708], [-7.4446399, 43.0879789], [-7.444675, 43.0881422], [-7.4447812, 43.0882949], [-7.444974, 43.0883981], [-7.4453852, 43.088395], [-7.4457038, 43.0882206], [-7.4459222, 43.0881578], [-7.4460939, 43.088005], [-7.4461545, 43.0877422], [-7.4460024, 43.0874214], [-7.4455236, 43.0870017]]]}, "properties": {"osm_id": "560393366", "osm_type": "way", "label_class": "1", "site_class": "castro", "name": "Castro de Arriba", "confidence": "high", "evidence": "fortification_type=hill_fort", "archaeological_site": "fortification", "civilization": "castro_culture", "fortification_type": "hill_fort", "wikidata": "", "centroid_lon": "-7.44508457", "centroid_lat": "43.08765260", "area_m2": "18811.8", "perimeter_m": "513.9", "equivalent_radius_m": "77.4", "circularity": "0.8950", "vertices": "19", "matched_catalogue_id": "wl-pos-pos-es-pba-27819", "matched_catalogue_name": "Castro de Arriba", "matched_distance_m": "11"}}, {"type": "Feature", "geometry": {"type": "Polygon", "coordinates": [[[-7.3412193, 43.2520343], [-7.3411493, 43.2522255], [-7.3412551, 43.2524044], [-7.3415006, 43.2526418], [-7.3417716, 43.2527436], [-7.3419917, 43.2527436], [-7.342305, 43.2526233], [-7.3425252, 43.2524722], [-7.3425971, 43.2522502], [-7.3424998, 43.2519758], [-7.3423262, 43.2518], [-7.3420087, 43.2516983], [-7.3417885, 43.251652], [-7.3415049, 43.2517322], [-7.3413186, 43.2518864], [-7.3412193, 43.2520343]]]}, "properties": {"osm_id": "560394804", "osm_type": "way", "label_class": "1", "site_class": "castro", "name": "Castro de Sa", "confidence": "high", "evidence": "fortification_type=hill_fort", "archaeological_site": "fortification", "civilization": "castro_culture", "fortification_type": "hill_fort", "wikidata": "", "centroid_lon": "-7.34181131", "centroid_lat": "43.25218237", "area_m2": "10390.2", "perimeter_m": "366.2", "equivalent_radius_m": "57.5", "circularity": "0.9735", "vertices": "16", "matched_catalogue_id": "wl-pos-pos-es-pba-36835", "matched_catalogue_name": "Castro de Saa", "matched_distance_m": "37"}}, {"type": "Feature", "geometry": {"type": "Polygon", "coordinates": [[[-7.7482736, 43.0068013], [-7.7479462, 43.0071992], [-7.7477123, 43.0073019], [-7.7475338, 43.0073454], [-7.7473084, 43.007364], [-7.7470661, 43.0072708], [-7.74693, 43.0071899], [-7.7468237, 43.0069816], [-7.7468237, 43.0068479], [-7.7468025, 43.006736], [-7.7468556, 43.0065339], [-7.747183, 43.0063551], [-7.7474168, 43.006282], [-7.7476135, 43.0062261], [-7.7477665, 43.0062315], [-7.7479887, 43.0062851], [-7.7481843, 43.0064375], [-7.7482863, 43.0066147], [-7.7482736, 43.0068013]]]}, "properties": {"osm_id": "560395865", "osm_type": "way", "label_class": "1", "site_class": "castro", "name": "Castro de Seixalbo", "confidence": "high", "evidence": "fortification_type=hill_fort", "archaeological_site": "fortification", "civilization": "castro_culture", "fortification_type": "hill_fort", "wikidata": "", "centroid_lon": "-7.74751519", "centroid_lat": "43.00677922", "area_m2": "11500.0", "perimeter_m": "387.5", "equivalent_radius_m": "60.5", "circularity": "0.9624", "vertices": "19", "matched_catalogue_id": "wl-pos-pos-es-pba-31046", "matched_catalogue_name": "A Rodela/O Castro/Medorras do Castro", "matched_distance_m": "5"}}, {"type": "Feature", "geometry": {"type": "Polygon", "coordinates": [[[-7.6827693, 42.4999665], [-7.6824152, 42.4999982], [-7.6819807, 42.4998836], [-7.6817017, 42.4995671], [-7.6814551, 42.4994129], [-7.6813262, 42.4992191], [-7.6812673, 42.4988552], [-7.6813585, 42.4986139], [-7.6817662, 42.4982817], [-7.6825172, 42.4981393], [-7.6829463, 42.4982975], [-7.6832199, 42.4985862], [-7.6833379, 42.4989738], [-7.6833004, 42.4993337], [-7.6830536, 42.4996621], [-7.6827693, 42.4999665]]]}, "properties": {"osm_id": "560526215", "osm_type": "way", "label_class": "1", "site_class": "castro", "name": "Castro de Guítara", "confidence": "high", "evidence": "fortification_type=hill_fort", "archaeological_site": "fortification", "civilization": "castro_culture", "fortification_type": "hill_fort", "wikidata": "", "centroid_lon": "-7.68232405", "centroid_lat": "42.49917233", "area_m2": "25941.1", "perimeter_m": "587.9", "equivalent_radius_m": "90.9", "circularity": "0.9433", "vertices": "16", "matched_catalogue_id": "wl-pos-pos-es-pba-37381", "matched_catalogue_name": "Castro de Guítara", "matched_distance_m": "12"}}, {"type": "Feature", "geometry": {"type": "Polygon", "coordinates": [[[-7.3013136, 43.0245727], [-7.301437, 43.0246099], [-7.3017561, 43.0247158], [-7.3018715, 43.024806], [-7.3018473, 43.0248943], [-7.3018661, 43.0251688], [-7.3018554, 43.0252825], [-7.3017749, 43.0253335], [-7.3014987, 43.0253786], [-7.3013753, 43.0253923], [-7.3011607, 43.0253394], [-7.3010132, 43.0252296], [-7.3009327, 43.0250864], [-7.3009542, 43.0248374], [-7.3009689, 43.0247296], [-7.3010574, 43.0246972], [-7.3012586, 43.0246688], [-7.3013136, 43.0245727]]]}, "properties": {"osm_id": "560527708", "osm_type": "way", "label_class": "1", "site_class": "castro", "name": "Csatro de Vilalle", "confidence": "high", "evidence": "fortification_type=hill_fort", "archaeological_site": "fortification", "civilization": "castro_culture", "fortification_type": "hill_fort", "wikidata": "", "centroid_lon": "-7.30140307", "centroid_lat": "43.02496197", "area_m2": "5451.0", "perimeter_m": "277.3", "equivalent_radius_m": "41.7", "circularity": "0.8911", "vertices": "18", "matched_catalogue_id": "wl-pos-pos-es-pba-27944", "matched_catalogue_name": "Castro de Vilalle", "matched_distance_m": "11"}}, {"type": "Feature", "geometry": {"type": "Polygon", "coordinates": [[[-7.2741479, 42.9671927], [-7.2739175, 42.9672926], [-7.2737767, 42.967505], [-7.2735419, 42.9679328], [-7.2735121, 42.9682138], [-7.2737553, 42.9683356], [-7.2740967, 42.9683294], [-7.2744851, 42.9681576], [-7.2748179, 42.9680577], [-7.2750569, 42.9678328], [-7.2751081, 42.9675893], [-7.2751914, 42.9673426], [-7.2751295, 42.9672567], [-7.2748521, 42.9671958], [-7.2744509, 42.9671802], [-7.2741479, 42.9671927]]]}, "properties": {"osm_id": "560529540", "osm_type": "way", "label_class": "1", "site_class": "castro", "name": "Castro da Croa", "confidence": "high", "evidence": "fortification_type=hill_fort", "archaeological_site": "fortification", "civilization": "castro_culture", "fortification_type": "hill_fort", "wikidata": "", "centroid_lon": "-7.27437424", "centroid_lat": "42.96766296", "area_m2": "12618.7", "perimeter_m": "428.2", "equivalent_radius_m": "63.4", "circularity": "0.8650", "vertices": "16", "matched_catalogue_id": "wl-pos-pos-es-pba-27871", "matched_catalogue_name": "Castro da Croa/Croa da Casiña", "matched_distance_m": "32"}}, {"type": "Feature", "geometry": {"type": "Polygon", "coordinates": [[[-7.1868757, 43.0203812], [-7.1864465, 43.0199122], [-7.186251, 43.0197817], [-7.1860131, 43.0197413], [-7.1857879, 43.0198314], [-7.1855882, 43.0200053], [-7.1855627, 43.0202818], [-7.185431, 43.0206391], [-7.1855457, 43.020723], [-7.1857072, 43.0207105], [-7.1859069, 43.0207167], [-7.1862765, 43.0206919], [-7.1867907, 43.0204869], [-7.1868757, 43.0203812]]]}, "properties": {"osm_id": "560529860", "osm_type": "way", "label_class": "1", "site_class": "castro", "name": "Castro do Penedo do Castro", "confidence": "high", "evidence": "fortification_type=hill_fort", "archaeological_site": "fortification", "civilization": "celtic", "fortification_type": "hill_fort", "wikidata": "", "centroid_lon": "-7.18607563", "centroid_lat": "43.02030601", "area_m2": "8701.9", "perimeter_m": "356.7", "equivalent_radius_m": "52.6", "circularity": "0.8596", "vertices": "14", "matched_catalogue_id": "wl-pos-pos-es-pba-28380", "matched_catalogue_name": "Pena do Castro", "matched_distance_m": "8"}}, {"type": "Feature", "geometry": {"type": "Polygon", "coordinates": [[[-7.1513761, 42.8646561], [-7.1510926, 42.8645538], [-7.1509443, 42.8644196], [-7.150796, 42.8642789], [-7.1508353, 42.8640519], [-7.1509661, 42.8638889], [-7.151206, 42.8638314], [-7.1513325, 42.8638569], [-7.1516901, 42.8640519], [-7.1518733, 42.864183], [-7.15193, 42.8643301], [-7.1518471, 42.8645826], [-7.1517337, 42.8646593], [-7.1513761, 42.8646561]]]}, "properties": {"osm_id": "560530163", "osm_type": "way", "label_class": "1", "site_class": "castro", "name": "Castro da Coroa", "confidence": "high", "evidence": "fortification_type=hill_fort", "archaeological_site": "fortification", "civilization": "castro_culture", "fortification_type": "hill_fort", "wikidata": "Q135525701", "centroid_lon": "-7.15135709", "centroid_lat": "42.86428575", "area_m2": "6083.8", "perimeter_m": "287.6", "equivalent_radius_m": "44.0", "circularity": "0.9244", "vertices": "14", "matched_catalogue_id": "wl-pos-pos-es-pba-28424", "matched_catalogue_name": "Castro de Oselle", "matched_distance_m": "4"}}, {"type": "Feature", "geometry": {"type": "Polygon", "coordinates": [[[-7.6340539, 42.6041015], [-7.633814, 42.6041046], [-7.6334688, 42.6040519], [-7.6331952, 42.6039621], [-7.6330142, 42.6038412], [-7.6329721, 42.6037049], [-7.6329552, 42.6035469], [-7.6330268, 42.6033981], [-7.6332667, 42.6033176], [-7.6336077, 42.6032773], [-7.6339487, 42.6032618], [-7.6341676, 42.6032866], [-7.6344286, 42.6033516], [-7.6345296, 42.6034353], [-7.6346222, 42.6036181], [-7.6345212, 42.6038319], [-7.6344117, 42.604024], [-7.6341928, 42.6040798], [-7.6340539, 42.6041015]]]}, "properties": {"osm_id": "560531299", "osm_type": "way", "label_class": "1", "site_class": "castro", "name": "Castro de Abuíme", "confidence": "high", "evidence": "fortification_type=hill_fort", "archaeological_site": "fortification", "civilization": "castro_culture", "fortification_type": "hill_fort", "wikidata": "", "centroid_lon": "-7.63380268", "centroid_lat": "42.60369983", "area_m2": "10310.8", "perimeter_m": "375.7", "equivalent_radius_m": "57.3", "circularity": "0.9180", "vertices": "19", "matched_catalogue_id": "wl-pos-pos-es-pba-41965", "matched_catalogue_name": "Castro de Abuime", "matched_distance_m": "18"}}, {"type": "Feature", "geometry": {"type": "Polygon", "coordinates": [[[-7.3120102, 42.8827561], [-7.311741, 42.8826544], [-7.3116526, 42.8824787], [-7.3115685, 42.8822352], [-7.3115979, 42.8820348], [-7.3117115, 42.8817327], [-7.3118588, 42.8815539], [-7.3122585, 42.8815446], [-7.3123931, 42.8816618], [-7.3125445, 42.8819084], [-7.3125319, 42.8822783], [-7.3124898, 42.8825219], [-7.3122458, 42.8827161], [-7.3120102, 42.8827561]]]}, "properties": {"osm_id": "560532561", "osm_type": "way", "label_class": "1", "site_class": "castro", "name": "Castro de Xesteda", "confidence": "high", "evidence": "fortification_type=hill_fort", "archaeological_site": "fortification", "civilization": "castro_culture", "fortification_type": "hill_fort", "wikidata": "", "centroid_lon": "-7.31204388", "centroid_lat": "42.88220236", "area_m2": "8538.5", "perimeter_m": "351.5", "equivalent_radius_m": "52.1", "circularity": "0.8685", "vertices": "14", "matched_catalogue_id": "wl-pos-pos-es-pba-44472", "matched_catalogue_name": "Castro de Xesteda", "matched_distance_m": "67"}}, {"type": "Feature", "geometry": {"type": "Polygon", "coordinates": [[[-7.3228048, 42.8813509], [-7.3225335, 42.8815839], [-7.3223639, 42.8818292], [-7.3224275, 42.8820187], [-7.3225928, 42.8822734], [-7.3228938, 42.882466], [-7.3231524, 42.8824815], [-7.3233558, 42.8824287], [-7.3236536, 42.8820956], [-7.3236695, 42.8819255], [-7.3234873, 42.8817019], [-7.3232923, 42.8815652], [-7.3230718, 42.8813758], [-7.3228048, 42.8813509]]]}, "properties": {"osm_id": "560533960", "osm_type": "way", "label_class": "1", "site_class": "castro", "name": "Castro de Crescón", "confidence": "high", "evidence": "fortification_type=hill_fort", "archaeological_site": "fortification", "civilization": "castro_culture", "fortification_type": "hill_fort", "wikidata": "", "centroid_lon": "-7.32300741", "centroid_lat": "42.88188909", "area_m2": "9174.0", "perimeter_m": "353.2", "equivalent_radius_m": "54.0", "circularity": "0.9243", "vertices": "14", "matched_catalogue_id": "wl-pos-pos-es-pba-44434", "matched_catalogue_name": "Castro de Crescón", "matched_distance_m": "23"}}, {"type": "Feature", "geometry": {"type": "Polygon", "coordinates": [[[-7.3962206, 43.0264115], [-7.396442, 43.0261331], [-7.3964774, 43.0257901], [-7.3963978, 43.0257704], [-7.3961232, 43.0257027], [-7.3958178, 43.0257286], [-7.3954946, 43.0259681], [-7.3954909, 43.0260358], [-7.3954769, 43.0262917], [-7.3956407, 43.0264665], [-7.3959019, 43.0265085], [-7.3962206, 43.0264115]]]}, "properties": {"osm_id": "560535068", "osm_type": "way", "label_class": "1", "site_class": "castro", "name": "A Croa de Soutomerille", "confidence": "high", "evidence": "fortification_type=hill_fort", "archaeological_site": "fortification", "civilization": "castro_culture", "fortification_type": "hill_fort", "wikidata": "", "centroid_lon": "-7.39597537", "centroid_lat": "43.02610154", "area_m2": "5601.8", "perimeter_m": "276.5", "equivalent_radius_m": "42.2", "circularity": "0.9206", "vertices": "12", "matched_catalogue_id": "wl-pos-pos-es-pba-27971", "matched_catalogue_name": "A Croa de Soutomerille", "matched_distance_m": "22"}}, {"type": "Feature", "geometry": {"type": "Polygon", "coordinates": [[[-7.4478379, 42.8320665], [-7.4476962, 42.8323328], [-7.4474881, 42.8325146], [-7.4472623, 42.8325308], [-7.4469435, 42.8325211], [-7.4467309, 42.8324204], [-7.4464962, 42.8322289], [-7.4463723, 42.8320405], [-7.446514, 42.831784], [-7.4468505, 42.8316216], [-7.4471693, 42.8315924], [-7.4474792, 42.8315664], [-7.4476918, 42.8315145], [-7.4478025, 42.8315502], [-7.4478556, 42.8316833], [-7.4479663, 42.831771], [-7.4479574, 42.8319171], [-7.4478379, 42.8320665]]]}, "properties": {"osm_id": "560535581", "osm_type": "way", "label_class": "1", "site_class": "castro", "name": "O Castro de San Miguel", "confidence": "high", "evidence": "fortification_type=hill_fort", "archaeological_site": "fortification", "civilization": "castro_culture", "fortification_type": "hill_fort", "wikidata": "", "centroid_lon": "-7.44733066", "centroid_lat": "42.83198459", "area_m2": "10549.6", "perimeter_m": "383.3", "equivalent_radius_m": "57.9", "circularity": "0.9025", "vertices": "18", "matched_catalogue_id": "wl-pos-pos-es-pba-42077", "matched_catalogue_name": "Castro de Vilapedre", "matched_distance_m": "32"}}, {"type": "Feature", "geometry": {"type": "Polygon", "coordinates": [[[-7.336729, 42.7947308], [-7.3363346, 42.7944285], [-7.336374, 42.7941334], [-7.3364644, 42.7939823], [-7.336729, 42.793857], [-7.3370192, 42.7938288], [-7.3375613, 42.7938727], [-7.3378003, 42.7939572], [-7.3380564, 42.794142], [-7.3380436, 42.794474], [-7.3379027, 42.7946807], [-7.3375741, 42.7948373], [-7.3369637, 42.7948561], [-7.3368058, 42.7948122], [-7.336729, 42.7947308]]]}, "properties": {"osm_id": "560535719", "osm_type": "way", "label_class": "1", "site_class": "castro", "name": "O Castro de Seteventos", "confidence": "high", "evidence": "fortification_type=hill_fort", "archaeological_site": "fortification", "civilization": "castro_culture", "fortification_type": "hill_fort", "wikidata": "", "centroid_lon": "-7.33713914", "centroid_lat": "42.79435492", "area_m2": "12823.3", "perimeter_m": "412.6", "equivalent_radius_m": "63.9", "circularity": "0.9466", "vertices": "15", "matched_catalogue_id": "wl-pos-pos-es-pba-42072", "matched_catalogue_name": "Castro de Seteventos/Castro de Fonteaguín", "matched_distance_m": "31"}}, {"type": "Feature", "geometry": {"type": "Polygon", "coordinates": [[[-7.2845598, 42.9471777], [-7.2843356, 42.9475029], [-7.2843779, 42.9476577], [-7.2842594, 42.9478187], [-7.2842383, 42.9479952], [-7.2842467, 42.9482151], [-7.284344, 42.9483018], [-7.2845809, 42.9482894], [-7.2846825, 42.9482337], [-7.2848982, 42.9483018], [-7.2850209, 42.948308], [-7.2851098, 42.9481563], [-7.285279, 42.9480541], [-7.2854567, 42.9479643], [-7.285499, 42.9477289], [-7.2853636, 42.9474595], [-7.2851267, 42.9472892], [-7.2848729, 42.9471281], [-7.2845598, 42.9471777]]]}, "properties": {"osm_id": "560537018", "osm_type": "way", "label_class": "1", "site_class": "castro", "name": "Castro de Arrubial", "confidence": "high", "evidence": "fortification_type=hill_fort", "archaeological_site": "fortification", "civilization": "castro_culture", "fortification_type": "hill_fort", "wikidata": "", "centroid_lon": "-7.28477956", "centroid_lat": "42.94782948", "area_m2": "9830.4", "perimeter_m": "386.8", "equivalent_radius_m": "55.9", "circularity": "0.8257", "vertices": "19", "matched_catalogue_id": "wl-pos-pos-es-pba-29781", "matched_catalogue_name": "O Castro Arrubial", "matched_distance_m": "9"}}, {"type": "Feature", "geometry": {"type": "Polygon", "coordinates": [[[-7.6716096, 42.9695237], [-7.671406, 42.9696292], [-7.6712151, 42.9696571], [-7.6710539, 42.9697813], [-7.6708079, 42.9698837], [-7.6704855, 42.9698309], [-7.6702861, 42.969682], [-7.6702565, 42.969533], [-7.6702692, 42.969294], [-7.670371, 42.9690643], [-7.6705788, 42.9689246], [-7.6707909, 42.9688563], [-7.67102, 42.968847], [-7.671266, 42.9688594], [-7.6714781, 42.9689246], [-7.671652, 42.9690643], [-7.6717666, 42.9692971], [-7.6716944, 42.9694306], [-7.6716096, 42.9695237]]]}, "properties": {"osm_id": "560537724", "osm_type": "way", "label_class": "1", "site_class": "castro", "name": "A Castronela", "confidence": "high", "evidence": "fortification_type=hill_fort", "archaeological_site": "fortification", "civilization": "castro_culture", "fortification_type": "hill_fort", "wikidata": "", "centroid_lon": "-7.67103248", "centroid_lat": "42.96934773", "area_m2": "10400.3", "perimeter_m": "375.1", "equivalent_radius_m": "57.5", "circularity": "0.9290", "vertices": "19", "matched_catalogue_id": "wl-pos-pos-es-pba-31500", "matched_catalogue_name": "A Castronela/O Castro", "matched_distance_m": "4"}}, {"type": "Feature", "geometry": {"type": "Polygon", "coordinates": [[[-7.2791903, 42.9963198], [-7.2788092, 42.9964544], [-7.2787493, 42.9967018], [-7.278745, 42.9969273], [-7.2789077, 42.9971152], [-7.2789961, 42.9971186], [-7.2792757, 42.9971292], [-7.2793659, 42.9971326], [-7.2796655, 42.9971152], [-7.280068, 42.9970118], [-7.2802136, 42.9968145], [-7.280235, 42.9965922], [-7.2799524, 42.9964513], [-7.2795414, 42.9963417], [-7.2791903, 42.9963198]]]}, "properties": {"osm_id": "560538007", "osm_type": "way", "label_class": "1", "site_class": "castro", "name": "A Croa de Masoucos", "confidence": "high", "evidence": "fortification_type=hill_fort", "archaeological_site": "fortification", "civilization": "castro_culture", "fortification_type": "hill_fort", "wikidata": "", "centroid_lon": "-7.27939369", "centroid_lat": "42.99676969", "area_m2": "8898.0", "perimeter_m": "350.8", "equivalent_radius_m": "53.2", "circularity": "0.9088", "vertices": "15", "matched_catalogue_id": "wl-pos-pos-es-pba-27908", "matched_catalogue_name": "Castro de Masoucos", "matched_distance_m": "11"}}, {"type": "Feature", "geometry": {"type": "Polygon", "coordinates": [[[-8.4077031, 42.0580831], [-8.4076748, 42.0580136], [-8.4076242, 42.0578032], [-8.4076119, 42.0575739], [-8.407621, 42.0572425], [-8.407642, 42.0570614], [-8.4076862, 42.0569059], [-8.4077208, 42.0568652], [-8.4077589, 42.0568464], [-8.4078385, 42.0568307], [-8.4078954, 42.0568314], [-8.4079865, 42.0568492], [-8.4082754, 42.0569473], [-8.4083674, 42.0569858], [-8.4084495, 42.0570321], [-8.4084943, 42.0570709], [-8.4085707, 42.0571789], [-8.4085901, 42.0572228], [-8.4086046, 42.0573197], [-8.4086063, 42.0575053], [-8.4085975, 42.0579596], [-8.4085839, 42.0581059], [-8.4085495, 42.0582351], [-8.4085058, 42.0583041], [-8.4083542, 42.058416], [-8.4082858, 42.0584402], [-8.4082269, 42.0584465], [-8.4081185, 42.0584413], [-8.4080577, 42.0584266], [-8.4079836, 42.0583878], [-8.407921, 42.0583378], [-8.4078073, 42.0582267], [-8.4077528, 42.058163], [-8.4077031, 42.0580831]]]}, "properties": {"osm_id": "612610322", "osm_type": "way", "label_class": "1", "site_class": "castro", "name": "Citânia do Monte da Assunção", "confidence": "high", "evidence": "fortification_type=hill_fort", "archaeological_site": "fortification", "civilization": "prehistoric;iberian;ancient_roman", "fortification_type": "hill_fort", "wikidata": "Q98686631", "centroid_lon": "-8.40809321", "centroid_lat": "42.05765126", "area_m2": "12337.1", "perimeter_m": "442.1", "equivalent_radius_m": "62.7", "circularity": "0.7932", "vertices": "34", "matched_catalogue_id": "", "matched_catalogue_name": "", "matched_distance_m": ""}}, {"type": "Feature", "geometry": {"type": "Polygon", "coordinates": [[[-7.6800388, 43.090148], [-7.6794863, 43.0902772], [-7.6790142, 43.0905476], [-7.6789659, 43.0909667], [-7.6792502, 43.0912449], [-7.6800549, 43.0912135], [-7.6805538, 43.0909393], [-7.6807416, 43.0906181], [-7.6806665, 43.0904222], [-7.6804251, 43.0902498], [-7.6800388, 43.090148]]]}, "properties": {"osm_id": "619509670", "osm_type": "way", "label_class": "1", "site_class": "castro", "name": "Castro de Agra do Castro", "confidence": "high", "evidence": "fortification_type=hill_fort", "archaeological_site": "fortification", "civilization": "castro_culture", "fortification_type": "hill_fort", "wikidata": "", "centroid_lon": "-7.67993055", "centroid_lat": "43.09061594", "area_m2": "13040.9", "perimeter_m": "420.0", "equivalent_radius_m": "64.4", "circularity": "0.9289", "vertices": "11", "matched_catalogue_id": "wl-pos-pos-es-pba-36108", "matched_catalogue_name": "Castro de Aspai/O Castro", "matched_distance_m": "41"}}, {"type": "Feature", "geometry": {"type": "Polygon", "coordinates": [[[-7.8659105, 43.0322117], [-7.8657496, 43.0325215], [-7.8658032, 43.0327685], [-7.8659803, 43.0328979], [-7.8662109, 43.0328823], [-7.8665006, 43.0327881], [-7.8667635, 43.0326666], [-7.8668332, 43.0325568], [-7.8667849, 43.032349], [-7.8665596, 43.0322039], [-7.8661573, 43.0321451], [-7.8659105, 43.0322117]]]}, "properties": {"osm_id": "619518728", "osm_type": "way", "label_class": "1", "site_class": "castro", "name": "Castro de Guntín", "confidence": "high", "evidence": "fortification_type=hill_fort", "archaeological_site": "fortification", "civilization": "castro_culture", "fortification_type": "hill_fort", "wikidata": "", "centroid_lon": "-7.86626367", "centroid_lat": "43.03251693", "area_m2": "5487.7", "perimeter_m": "271.2", "equivalent_radius_m": "41.8", "circularity": "0.9375", "vertices": "12", "matched_catalogue_id": "wl-pos-pos-es-pba-31127", "matched_catalogue_name": "Castro de Guntín", "matched_distance_m": "2"}}, {"type": "Feature", "geometry": {"type": "Polygon", "coordinates": [[[-7.7766466, 43.3942412], [-7.7762255, 43.3946739], [-7.7761719, 43.3948512], [-7.7763221, 43.3950812], [-7.7765206, 43.3951923], [-7.7769604, 43.3951962], [-7.7772287, 43.3951845], [-7.7775639, 43.3950559], [-7.7777678, 43.3948941], [-7.7779448, 43.394746], [-7.7780521, 43.3946154], [-7.7780575, 43.394364], [-7.7779716, 43.3942334], [-7.7776524, 43.3940892], [-7.7773842, 43.394058], [-7.7767995, 43.3940892], [-7.7766466, 43.3942412]]]}, "properties": {"osm_id": "619772596", "osm_type": "way", "label_class": "1", "site_class": "castro", "name": "Castro de Cabreiros", "confidence": "medium", "evidence": "site=settlement,civ=celtic", "archaeological_site": "settlement", "civilization": "celtic", "fortification_type": "", "wikidata": "", "centroid_lon": "-7.77717154", "centroid_lat": "43.39463570", "area_m2": "14513.4", "perimeter_m": "443.8", "equivalent_radius_m": "68.0", "circularity": "0.9258", "vertices": "17", "matched_catalogue_id": "wl-pos-pos-es-pba-30509", "matched_catalogue_name": "O Castro", "matched_distance_m": "23"}}, {"type": "Feature", "geometry": {"type": "Polygon", "coordinates": [[[-7.3954887, 43.5435439], [-7.3951936, 43.543645], [-7.3950702, 43.5438434], [-7.395097, 43.5440572], [-7.3951185, 43.5441758], [-7.3953116, 43.5443605], [-7.3956925, 43.5449749], [-7.3959929, 43.5450196], [-7.3962423, 43.5450371], [-7.3964864, 43.5448679], [-7.3968726, 43.5445549], [-7.3968539, 43.5442361], [-7.3967868, 43.5440767], [-7.3964596, 43.5438686], [-7.3959768, 43.5435789], [-7.3954887, 43.5435439]]]}, "properties": {"osm_id": "619789555", "osm_type": "way", "label_class": "1", "site_class": "castro", "name": "As Engrovias da Croa", "confidence": "high", "evidence": "fortification_type=hill_fort", "archaeological_site": "fortification", "civilization": "castro_culture", "fortification_type": "hill_fort", "wikidata": "", "centroid_lon": "-7.39588326", "centroid_lat": "43.54421153", "area_m2": "16710.1", "perimeter_m": "486.9", "equivalent_radius_m": "72.9", "circularity": "0.8859", "vertices": "16", "matched_catalogue_id": "wl-pos-pos-es-pba-26868", "matched_catalogue_name": "Castro das Engrovias da Croa", "matched_distance_m": "13"}}, {"type": "Feature", "geometry": {"type": "Polygon", "coordinates": [[[-7.3257995, 42.9564068], [-7.3256064, 42.9565403], [-7.3254883, 42.9567916], [-7.3257673, 42.9571056], [-7.3262715, 42.9571174], [-7.326352, 42.9570114], [-7.3264754, 42.9567994], [-7.3264754, 42.9566031], [-7.3262662, 42.9564539], [-7.3257995, 42.9564068]]]}, "properties": {"osm_id": "619889351", "osm_type": "way", "label_class": "1", "site_class": "castro", "name": "Castro da Croa", "confidence": "high", "evidence": "fortification_type=hill_fort", "archaeological_site": "fortification", "civilization": "castro_culture", "fortification_type": "hill_fort", "wikidata": "", "centroid_lon": "-7.32603015", "centroid_lat": "42.95672363", "area_m2": "4906.5", "perimeter_m": "257.2", "equivalent_radius_m": "39.5", "circularity": "0.9320", "vertices": "10", "matched_catalogue_id": "wl-pos-pos-es-pba-27870", "matched_catalogue_name": "Castro da Croa ou de Folgosa", "matched_distance_m": "57"}}, {"type": "Feature", "geometry": {"type": "Polygon", "coordinates": [[[-7.4437201, 42.9073114], [-7.4432373, 42.9070874], [-7.4427438, 42.9070481], [-7.4422717, 42.907221], [-7.4421001, 42.9073625], [-7.4420947, 42.9079165], [-7.4425668, 42.9081129], [-7.4430281, 42.9081483], [-7.443527, 42.9078104], [-7.4438006, 42.9075196], [-7.4437201, 42.9073114]]]}, "properties": {"osm_id": "619891945", "osm_type": "way", "label_class": "1", "site_class": "castro", "name": "Os Castros de Lence", "confidence": "high", "evidence": "fortification_type=hill_fort", "archaeological_site": "fortification", "civilization": "castro_culture", "fortification_type": "hill_fort", "wikidata": "", "centroid_lon": "-7.44298275", "centroid_lat": "42.90753177", "area_m2": "12625.1", "perimeter_m": "413.7", "equivalent_radius_m": "63.4", "circularity": "0.9268", "vertices": "11", "matched_catalogue_id": "wl-pos-pos-es-pba-28965", "matched_catalogue_name": "Os Castros de Lence/As Croas", "matched_distance_m": "32"}}, {"type": "Feature", "geometry": {"type": "Polygon", "coordinates": [[[-7.4922467, 42.9199308], [-7.4920321, 42.9201979], [-7.4918819, 42.9207793], [-7.4925042, 42.9209522], [-7.492826, 42.9208422], [-7.4931694, 42.920685], [-7.4931479, 42.9201037], [-7.4928904, 42.9199308], [-7.4922467, 42.9199308]]]}, "properties": {"osm_id": "619894036", "osm_type": "way", "label_class": "1", "site_class": "castro", "name": "Castro da Groba", "confidence": "high", "evidence": "fortification_type=hill_fort", "archaeological_site": "fortification", "civilization": "castro_culture", "fortification_type": "hill_fort", "wikidata": "", "centroid_lon": "-7.49254948", "centroid_lat": "42.92037252", "area_m2": "9384.4", "perimeter_m": "362.3", "equivalent_radius_m": "54.7", "circularity": "0.8985", "vertices": "9", "matched_catalogue_id": "wl-pos-pos-es-pba-29948", "matched_catalogue_name": "Castro da Grova", "matched_distance_m": "19"}}, {"type": "Feature", "geometry": {"type": "Polygon", "coordinates": [[[-7.8383152, 43.1579085], [-7.8379277, 43.1581481], [-7.8377984, 43.1586141], [-7.8379087, 43.1588333], [-7.838384, 43.1590552], [-7.8388708, 43.1590302], [-7.8394869, 43.1587972], [-7.8396771, 43.1583728], [-7.8395668, 43.1580926], [-7.8391827, 43.1579289], [-7.8386046, 43.1578429], [-7.8384145, 43.1578475], [-7.8383152, 43.1579085]]]}, "properties": {"osm_id": "619895871", "osm_type": "way", "label_class": "1", "site_class": "castro", "name": "Castro da Pobra de Parga", "confidence": "high", "evidence": "fortification_type=hill_fort", "archaeological_site": "fortification", "civilization": "castro_culture", "fortification_type": "hill_fort", "wikidata": "", "centroid_lon": "-7.83865020", "centroid_lat": "43.15833691", "area_m2": "15619.4", "perimeter_m": "454.2", "equivalent_radius_m": "70.5", "circularity": "0.9516", "vertices": "13", "matched_catalogue_id": "wl-pos-pos-es-pba-30077", "matched_catalogue_name": "Castro da Pobra de Parga", "matched_distance_m": "41"}}, {"type": "Feature", "geometry": {"type": "Polygon", "coordinates": [[[-7.9164568, 43.3008839], [-7.9157996, 43.3009366], [-7.9156655, 43.3010206], [-7.915459, 43.301204], [-7.9153785, 43.3013173], [-7.9154187, 43.3014461], [-7.9155502, 43.3014871], [-7.9157969, 43.3015105], [-7.9160383, 43.3014754], [-7.9162154, 43.3013426], [-7.9164702, 43.3011143], [-7.916556, 43.3009737], [-7.9164568, 43.3008839]]]}, "properties": {"osm_id": "619897346", "osm_type": "way", "label_class": "1", "site_class": "castro", "name": "O Castro da Torre", "confidence": "high", "evidence": "fortification_type=hill_fort", "archaeological_site": "fortification", "civilization": "castro_culture", "fortification_type": "hill_fort", "wikidata": "", "centroid_lon": "-7.91594322", "centroid_lat": "43.30119969", "area_m2": "4310.1", "perimeter_m": "258.2", "equivalent_radius_m": "37.0", "circularity": "0.8126", "vertices": "13", "matched_catalogue_id": "wl-pos-pos-es-pba-30078", "matched_catalogue_name": "Castro da Torre", "matched_distance_m": "6"}}, {"type": "Feature", "geometry": {"type": "Polygon", "coordinates": [[[-7.6430565, 42.9753668], [-7.6427293, 42.9755042], [-7.6426274, 42.9756376], [-7.642622, 42.9758496], [-7.6426971, 42.9760144], [-7.6429063, 42.9760929], [-7.6433194, 42.9760576], [-7.6435769, 42.9759909], [-7.6438773, 42.9757279], [-7.6438397, 42.9755474], [-7.6436949, 42.9753197], [-7.6434481, 42.9752883], [-7.6430565, 42.9753668]]]}, "properties": {"osm_id": "619901066", "osm_type": "way", "label_class": "1", "site_class": "castro", "name": "Castro do Canedo", "confidence": "high", "evidence": "fortification_type=hill_fort", "archaeological_site": "fortification", "civilization": "castro_culture", "fortification_type": "hill_fort", "wikidata": "", "centroid_lon": "-7.64318857", "centroid_lat": "42.97567416", "area_m2": "6906.7", "perimeter_m": "305.9", "equivalent_radius_m": "46.9", "circularity": "0.9278", "vertices": "13", "matched_catalogue_id": "wl-pos-pos-es-pba-31499", "matched_catalogue_name": "A Castronela/Castro Canedo", "matched_distance_m": "4"}}, {"type": "Feature", "geometry": {"type": "Polygon", "coordinates": [[[-7.7270418, 42.9566306], [-7.7268541, 42.9567602], [-7.7268756, 42.9570703], [-7.7269828, 42.9572156], [-7.7272403, 42.9574708], [-7.7275086, 42.9575179], [-7.7277982, 42.9574237], [-7.7280021, 42.9572705], [-7.7279431, 42.9570703], [-7.7278304, 42.9567759], [-7.7275354, 42.9566031], [-7.7272725, 42.9566031], [-7.7270418, 42.9566306]]]}, "properties": {"osm_id": "619901186", "osm_type": "way", "label_class": "1", "site_class": "castro", "name": "Castro de Taboeiro", "confidence": "high", "evidence": "fortification_type=hill_fort", "archaeological_site": "fortification", "civilization": "castro_culture", "fortification_type": "hill_fort", "wikidata": "", "centroid_lon": "-7.72737898", "centroid_lat": "42.95700328", "area_m2": "7090.0", "perimeter_m": "309.5", "equivalent_radius_m": "47.5", "circularity": "0.9303", "vertices": "13", "matched_catalogue_id": "wl-pos-pos-es-pba-31649", "matched_catalogue_name": "Castro de Taboeiro/Os Castros", "matched_distance_m": "21"}}, {"type": "Feature", "geometry": {"type": "Polygon", "coordinates": [[[-7.7092159, 42.9748095], [-7.7088297, 42.9750214], [-7.708776, 42.9753119], [-7.7089155, 42.975618], [-7.709173, 42.9757593], [-7.7096021, 42.97572], [-7.7098382, 42.9755316], [-7.7099133, 42.9752569], [-7.7098489, 42.9750057], [-7.709645, 42.974888], [-7.7092159, 42.9748095]]]}, "properties": {"osm_id": "619901192", "osm_type": "way", "label_class": "1", "site_class": "castro", "name": "Castro de Valín", "confidence": "high", "evidence": "fortification_type=hill_fort", "archaeological_site": "fortification", "civilization": "castro_culture", "fortification_type": "hill_fort", "wikidata": "", "centroid_lon": "-7.70936123", "centroid_lat": "42.97524835", "area_m2": "7506.5", "perimeter_m": "314.6", "equivalent_radius_m": "48.9", "circularity": "0.9532", "vertices": "11", "matched_catalogue_id": "wl-pos-pos-es-pba-31651", "matched_catalogue_name": "Castro de Valín/A Castronela", "matched_distance_m": "6"}}, {"type": "Feature", "geometry": {"type": "Polygon", "coordinates": [[[-7.6938254, 42.9809556], [-7.6940024, 42.9810968], [-7.6943725, 42.9810968], [-7.6946247, 42.9809281], [-7.6946783, 42.9807397], [-7.6945013, 42.9806377], [-7.6945764, 42.9804925], [-7.6944745, 42.9803276], [-7.6943296, 42.9802805], [-7.6940882, 42.9802766], [-7.6939488, 42.9803394], [-7.6937556, 42.9804493], [-7.6937234, 42.9806102], [-7.6937074, 42.9808457], [-7.6938254, 42.9809556]]]}, "properties": {"osm_id": "619901223", "osm_type": "way", "label_class": "1", "site_class": "castro", "name": "Chousa do Castro", "confidence": "high", "evidence": "fortification_type=hill_fort", "archaeological_site": "fortification", "civilization": "castro_culture", "fortification_type": "hill_fort", "wikidata": "Q140179667", "centroid_lon": "-7.69416226", "centroid_lat": "42.98066881", "area_m2": "5562.0", "perimeter_m": "282.2", "equivalent_radius_m": "42.1", "circularity": "0.8774", "vertices": "15", "matched_catalogue_id": "wl-pos-pos-es-pba-31471", "matched_catalogue_name": "Chousa do Castro", "matched_distance_m": "2"}}, {"type": "Feature", "geometry": {"type": "Polygon", "coordinates": [[[-7.6392403, 43.0032871], [-7.6392189, 43.0031047], [-7.6389052, 43.0027658], [-7.6384881, 43.0027188], [-7.6382136, 43.0027397], [-7.6378786, 43.0028335], [-7.6377823, 43.0030734], [-7.6375185, 43.003248], [-7.6374508, 43.0035504], [-7.6377324, 43.0038554], [-7.6381067, 43.0038815], [-7.6385451, 43.0037798], [-7.6388089, 43.0035087], [-7.6391119, 43.0034044], [-7.6392403, 43.0032871]]]}, "properties": {"osm_id": "619901377", "osm_type": "way", "label_class": "1", "site_class": "castro", "name": "Castro de Matelo", "confidence": "high", "evidence": "fortification_type=hill_fort", "archaeological_site": "fortification", "civilization": "castro_culture", "fortification_type": "hill_fort", "wikidata": "", "centroid_lon": "-7.63841611", "centroid_lat": "43.00326922", "area_m2": "13089.2", "perimeter_m": "432.9", "equivalent_radius_m": "64.5", "circularity": "0.8776", "vertices": "15", "matched_catalogue_id": "wl-pos-pos-es-pba-31543", "matched_catalogue_name": "Castro de Matelo/A Castronela", "matched_distance_m": "7"}}, {"type": "Feature", "geometry": {"type": "Polygon", "coordinates": [[[-7.655046, 43.016768], [-7.6547241, 43.0167719], [-7.6546007, 43.0169053], [-7.654472, 43.0171916], [-7.654531, 43.0174112], [-7.6547939, 43.0175328], [-7.6551747, 43.0175642], [-7.6555556, 43.0174857], [-7.6556414, 43.0172739], [-7.6556683, 43.0170229], [-7.6555932, 43.0169013], [-7.6553196, 43.0168072], [-7.655046, 43.016768]]]}, "properties": {"osm_id": "619901398", "osm_type": "way", "label_class": "1", "site_class": "castro", "name": "Castro da Caderna", "confidence": "high", "evidence": "fortification_type=hill_fort", "archaeological_site": "fortification", "civilization": "castro_culture", "fortification_type": "hill_fort", "wikidata": "", "centroid_lon": "-7.65508973", "centroid_lat": "43.01710800", "area_m2": "7029.5", "perimeter_m": "306.1", "equivalent_radius_m": "47.3", "circularity": "0.9429", "vertices": "13", "matched_catalogue_id": "wl-pos-pos-es-pba-31496", "matched_catalogue_name": "A Caderna/O Castro", "matched_distance_m": "3"}}, {"type": "Feature", "geometry": {"type": "Polygon", "coordinates": [[[-7.5964022, 43.0352624], [-7.5959408, 43.0353878], [-7.5959301, 43.0357015], [-7.595973, 43.0361093], [-7.596488, 43.0362034], [-7.5968206, 43.0362112], [-7.5970352, 43.0358584], [-7.5969493, 43.0355133], [-7.5967991, 43.0353565], [-7.5964022, 43.0352624]]]}, "properties": {"osm_id": "619901475", "osm_type": "way", "label_class": "1", "site_class": "castro", "name": "A Castronela", "confidence": "high", "evidence": "fortification_type=hill_fort", "archaeological_site": "fortification", "civilization": "castro_culture", "fortification_type": "hill_fort", "wikidata": "", "centroid_lon": "-7.59647405", "centroid_lat": "43.03568662", "area_m2": "7745.2", "perimeter_m": "328.1", "equivalent_radius_m": "49.7", "circularity": "0.9043", "vertices": "10", "matched_catalogue_id": "wl-pos-pos-es-pba-31497", "matched_catalogue_name": "A Castronela", "matched_distance_m": "7"}}, {"type": "Feature", "geometry": {"type": "Polygon", "coordinates": [[[-7.5576657, 43.0607124], [-7.5574565, 43.0608535], [-7.5572419, 43.0610338], [-7.557317, 43.061414], [-7.557832, 43.0615512], [-7.5582236, 43.0615081], [-7.5583416, 43.0612298], [-7.5584543, 43.0610573], [-7.5584275, 43.0608339], [-7.5583094, 43.0607164], [-7.5578749, 43.0606654], [-7.5576657, 43.0607124]]]}, "properties": {"osm_id": "619901494", "osm_type": "way", "label_class": "1", "site_class": "castro", "name": "Os Castros de San Vicente de Pías", "confidence": "high", "evidence": "fortification_type=hill_fort", "archaeological_site": "fortification", "civilization": "castro_culture", "fortification_type": "hill_fort", "wikidata": "", "centroid_lon": "-7.55790084", "centroid_lat": "43.06102402", "area_m2": "7400.6", "perimeter_m": "317.8", "equivalent_radius_m": "48.5", "circularity": "0.9208", "vertices": "12", "matched_catalogue_id": "wl-pos-pos-es-pba-32820", "matched_catalogue_name": "Os Castros de San Vicente de Pías", "matched_distance_m": "11"}}, {"type": "Feature", "geometry": {"type": "Polygon", "coordinates": [[[-7.5357199, 43.0495568], [-7.5356448, 43.0500272], [-7.5356662, 43.0503408], [-7.5359345, 43.0505525], [-7.5364494, 43.0503722], [-7.5366533, 43.0500586], [-7.5365245, 43.0497685], [-7.5362241, 43.0494627], [-7.5357199, 43.0495568]]]}, "properties": {"osm_id": "619901810", "osm_type": "way", "label_class": "1", "site_class": "castro", "name": "Castro A Cubela", "confidence": "high", "evidence": "fortification_type=hill_fort", "archaeological_site": "fortification", "civilization": "castro_culture", "fortification_type": "hill_fort", "wikidata": "", "centroid_lon": "-7.53605962", "centroid_lat": "43.04996623", "area_m2": "7200.8", "perimeter_m": "323.1", "equivalent_radius_m": "47.9", "circularity": "0.8669", "vertices": "9", "matched_catalogue_id": "wl-pos-pos-es-pba-31530", "matched_catalogue_name": "A Cubela/A Cubela/Agra do Castro", "matched_distance_m": "2"}}, {"type": "Feature", "geometry": {"type": "Polygon", "coordinates": [[[-7.5065482, 43.0579688], [-7.506296, 43.0581021], [-7.5063497, 43.0583568], [-7.5063711, 43.0585058], [-7.5065374, 43.0586626], [-7.5067467, 43.0587919], [-7.5069183, 43.0587527], [-7.5071329, 43.0585646], [-7.507208, 43.0582628], [-7.5071544, 43.0580942], [-7.5070363, 43.0579806], [-7.5068003, 43.05791], [-7.5065482, 43.0579688]]]}, "properties": {"osm_id": "619901922", "osm_type": "way", "label_class": "1", "site_class": "castro", "name": "Leiro do Castro", "confidence": "high", "evidence": "fortification_type=hill_fort", "archaeological_site": "fortification", "civilization": "castro_culture", "fortification_type": "hill_fort", "wikidata": "", "centroid_lon": "-7.50674212", "centroid_lat": "43.05830167", "area_m2": "5261.7", "perimeter_m": "268.5", "equivalent_radius_m": "40.9", "circularity": "0.9171", "vertices": "13", "matched_catalogue_id": "wl-pos-pos-es-pba-32459", "matched_catalogue_name": "Leiro do Castro", "matched_distance_m": "3"}}, {"type": "Feature", "geometry": {"type": "Polygon", "coordinates": [[[-7.4830681, 43.0171053], [-7.4829394, 43.0172504], [-7.482934, 43.0174504], [-7.4828214, 43.0176975], [-7.4828965, 43.0178466], [-7.4832666, 43.0179956], [-7.4835885, 43.017976], [-7.4838996, 43.017878], [-7.4840605, 43.0177446], [-7.4841249, 43.0175838], [-7.4840283, 43.0173995], [-7.4837333, 43.0172033], [-7.4834114, 43.0170935], [-7.4830681, 43.0171053]]]}, "properties": {"osm_id": "619902167", "osm_type": "way", "label_class": "1", "site_class": "castro", "name": "Castro Sillar", "confidence": "high", "evidence": "fortification_type=hill_fort", "archaeological_site": "fortification", "civilization": "castro_culture", "fortification_type": "hill_fort", "wikidata": "", "centroid_lon": "-7.48341719", "centroid_lat": "43.01752356", "area_m2": "7884.4", "perimeter_m": "326.2", "equivalent_radius_m": "50.1", "circularity": "0.9311", "vertices": "14", "matched_catalogue_id": "wl-pos-pos-es-pba-31652", "matched_catalogue_name": "Castro Sillar", "matched_distance_m": "8"}}, {"type": "Feature", "geometry": {"type": "Polygon", "coordinates": [[[-7.6996845, 43.3188176], [-7.6993829, 43.3189139], [-7.6990771, 43.3189334], [-7.6987982, 43.3188085], [-7.6985622, 43.3186056], [-7.6984495, 43.3184261], [-7.6985622, 43.3181646], [-7.6991737, 43.3180475], [-7.6996565, 43.3180826], [-7.6998603, 43.3183558], [-7.6998657, 43.3186173], [-7.6996845, 43.3188176]]]}, "properties": {"osm_id": "621302524", "osm_type": "way", "label_class": "1", "site_class": "castro", "name": "Os Castros de Mourence", "confidence": "high", "evidence": "fortification_type=hill_fort", "archaeological_site": "fortification", "civilization": "castro_culture", "fortification_type": "hill_fort", "wikidata": "Q130241372", "centroid_lon": "-7.69922978", "centroid_lat": "43.31854921", "area_m2": "8697.0", "perimeter_m": "341.0", "equivalent_radius_m": "52.6", "circularity": "0.9396", "vertices": "12", "matched_catalogue_id": "wl-pos-pos-es-pba-43308", "matched_catalogue_name": "Os Castros de Mourence", "matched_distance_m": "14"}}, {"type": "Feature", "geometry": {"type": "Polygon", "coordinates": [[[-7.6360305, 43.2493224], [-7.6352746, 43.2494058], [-7.6350398, 43.2493882], [-7.6347628, 43.2491295], [-7.6348712, 43.248704], [-7.635094, 43.2485681], [-7.6355817, 43.2485856], [-7.6361959, 43.2487611], [-7.6363826, 43.2489277], [-7.6362381, 43.2492084], [-7.6360305, 43.2493224]]]}, "properties": {"osm_id": "621303423", "osm_type": "way", "label_class": "1", "site_class": "castro", "name": "O Castro de Oleiros", "confidence": "high", "evidence": "fortification_type=hill_fort", "archaeological_site": "fortification", "civilization": "castro_culture", "fortification_type": "hill_fort", "wikidata": "", "centroid_lon": "-7.63559106", "centroid_lat": "43.24902938", "area_m2": "9308.1", "perimeter_m": "360.9", "equivalent_radius_m": "54.4", "circularity": "0.8982", "vertices": "11", "matched_catalogue_id": "wl-pos-pos-es-pba-43419", "matched_catalogue_name": "Castro de Oleiros", "matched_distance_m": "5"}}, {"type": "Feature", "geometry": {"type": "Polygon", "coordinates": [[[-7.6998251, 43.2709945], [-7.6998218, 43.2712009], [-7.6999905, 43.271429], [-7.7002736, 43.2714992], [-7.7006952, 43.2714071], [-7.7009181, 43.271065], [-7.7010808, 43.2707799], [-7.7010085, 43.2706088], [-7.7006049, 43.2705299], [-7.7002555, 43.2706088], [-7.7000146, 43.2707667], [-7.6998251, 43.2709945]]]}, "properties": {"osm_id": "621304051", "osm_type": "way", "label_class": "1", "site_class": "castro", "name": "Castro de Vixil", "confidence": "high", "evidence": "fortification_type=hill_fort", "archaeological_site": "fortification", "civilization": "castro_culture", "fortification_type": "hill_fort", "wikidata": "Q130210584", "centroid_lon": "-7.70035947", "centroid_lat": "43.27099036", "area_m2": "7754.9", "perimeter_m": "327.6", "equivalent_radius_m": "49.7", "circularity": "0.9079", "vertices": "12", "matched_catalogue_id": "wl-pos-pos-es-pba-43412", "matched_catalogue_name": "Castro de Cunca de Vixil", "matched_distance_m": "6"}}, {"type": "Feature", "geometry": {"type": "Polygon", "coordinates": [[[-7.7631236, 43.3238312], [-7.7628513, 43.3238631], [-7.762366, 43.3236394], [-7.7622816, 43.3233806], [-7.7626072, 43.3230298], [-7.7630835, 43.3229464], [-7.763397, 43.3230078], [-7.7637406, 43.3231263], [-7.763831, 43.3233675], [-7.763614, 43.3236131], [-7.7633487, 43.3237754], [-7.7631236, 43.3238312]]]}, "properties": {"osm_id": "621306287", "osm_type": "way", "label_class": "1", "site_class": "castro", "name": "Castro de Codesido", "confidence": "high", "evidence": "fortification_type=hill_fort", "archaeological_site": "fortification", "civilization": "castro_culture", "fortification_type": "hill_fort", "wikidata": "Q130214554", "centroid_lon": "-7.76311401", "centroid_lat": "43.32345098", "area_m2": "9108.8", "perimeter_m": "350.0", "equivalent_radius_m": "53.8", "circularity": "0.9343", "vertices": "12", "matched_catalogue_id": "wl-pos-pos-es-pba-43410", "matched_catalogue_name": "Castro de Codesido", "matched_distance_m": "17"}}, {"type": "Feature", "geometry": {"type": "Polygon", "coordinates": [[[-7.6617722, 43.3415809], [-7.6615213, 43.3417028], [-7.6613162, 43.3419485], [-7.6613404, 43.3420976], [-7.6616178, 43.3422642], [-7.6621485, 43.3423169], [-7.6626068, 43.3423607], [-7.6628842, 43.3421853], [-7.6626912, 43.3418871], [-7.6617722, 43.3415809]]]}, "properties": {"osm_id": "621307309", "osm_type": "way", "label_class": "1", "site_class": "castro", "name": "Castro de Lanzós", "confidence": "high", "evidence": "fortification_type=hill_fort", "archaeological_site": "fortification", "civilization": "castro_culture", "fortification_type": "hill_fort", "wikidata": "Q130236002", "centroid_lon": "-7.66196708", "centroid_lat": "43.34199249", "area_m2": "7201.1", "perimeter_m": "331.3", "equivalent_radius_m": "47.9", "circularity": "0.8243", "vertices": "10", "matched_catalogue_id": "wl-pos-pos-es-pba-43417", "matched_catalogue_name": "Castro de Lanzós", "matched_distance_m": "12"}}, {"type": "Feature", "geometry": {"type": "Polygon", "coordinates": [[[-7.6162254, 43.38669], [-7.6154797, 43.3868763], [-7.6154556, 43.3872272], [-7.6163971, 43.3874728], [-7.617073, 43.3874816], [-7.6173024, 43.3871395], [-7.6171093, 43.3868061], [-7.6166023, 43.386657], [-7.6162254, 43.38669]]]}, "properties": {"osm_id": "621307418", "osm_type": "way", "label_class": "1", "site_class": "castro", "name": "Castro de San Simón da Costa", "confidence": "high", "evidence": "fortification_type=hill_fort", "archaeological_site": "fortification", "civilization": "castro_culture", "fortification_type": "hill_fort", "wikidata": "Q130236025", "centroid_lon": "-7.61643002", "centroid_lat": "43.38700450", "area_m2": "10340.2", "perimeter_m": "396.1", "equivalent_radius_m": "57.4", "circularity": "0.8282", "vertices": "9", "matched_catalogue_id": "wl-pos-pos-es-pba-43459", "matched_catalogue_name": "Castro de Vilamaior", "matched_distance_m": "11"}}, {"type": "Feature", "geometry": {"type": "Polygon", "coordinates": [[[-7.7322494, 43.1219099], [-7.7316899, 43.1218973], [-7.7315548, 43.1216374], [-7.7314934, 43.121234], [-7.7317759, 43.1210637], [-7.7321566, 43.1211443], [-7.7324513, 43.1212967], [-7.7325496, 43.1215388], [-7.7323776, 43.1218077], [-7.7322494, 43.1219099]]]}, "properties": {"osm_id": "621309472", "osm_type": "way", "label_class": "1", "site_class": "castro", "name": "O Castro de Eirexe", "confidence": "high", "evidence": "fortification_type=hill_fort", "archaeological_site": "fortification", "civilization": "castro_culture", "fortification_type": "hill_fort", "wikidata": "", "centroid_lon": "-7.73205479", "centroid_lat": "43.12154397", "area_m2": "6098.1", "perimeter_m": "289.5", "equivalent_radius_m": "44.1", "circularity": "0.9143", "vertices": "10", "matched_catalogue_id": "wl-pos-pos-es-pba-28317", "matched_catalogue_name": "Castro de Eirexe", "matched_distance_m": "29"}}, {"type": "Feature", "geometry": {"type": "Polygon", "coordinates": [[[-7.5743187, 42.9780476], [-7.5745098, 42.9781745], [-7.5746323, 42.9782641], [-7.5746078, 42.9784681], [-7.5745037, 42.9785891], [-7.5740656, 42.9786227], [-7.573839, 42.9785622], [-7.5735786, 42.9784098], [-7.573551, 42.9781386], [-7.5737348, 42.9778697], [-7.5739707, 42.9778966], [-7.5743187, 42.9780476]]]}, "properties": {"osm_id": "621311398", "osm_type": "way", "label_class": "1", "site_class": "castro", "name": "Castro da Medorra", "confidence": "high", "evidence": "fortification_type=hill_fort", "archaeological_site": "fortification", "civilization": "castro_culture", "fortification_type": "hill_fort", "wikidata": "", "centroid_lon": "-7.57413589", "centroid_lat": "42.97825755", "area_m2": "5315.0", "perimeter_m": "272.7", "equivalent_radius_m": "41.1", "circularity": "0.8984", "vertices": "12", "matched_catalogue_id": "wl-pos-pos-es-pba-32640", "matched_catalogue_name": "Medorra da Barrela/Castro da Medorra", "matched_distance_m": "20"}}, {"type": "Feature", "geometry": {"type": "Polygon", "coordinates": [[[-7.3342527, 43.0456284], [-7.3339784, 43.0456078], [-7.3337576, 43.0454823], [-7.3335246, 43.045294], [-7.3334142, 43.0450341], [-7.3334755, 43.0447427], [-7.3337331, 43.0445948], [-7.3339968, 43.04455], [-7.3343035, 43.0446127], [-7.3346776, 43.0447382], [-7.3349781, 43.0448637], [-7.3350394, 43.0450341], [-7.3348371, 43.0455181], [-7.3346347, 43.0456033], [-7.3342527, 43.0456284]]]}, "properties": {"osm_id": "621312129", "osm_type": "way", "label_class": "1", "site_class": "castro", "name": "A Croa de Xivil", "confidence": "high", "evidence": "fortification_type=hill_fort", "archaeological_site": "fortification", "civilization": "castro_culture", "fortification_type": "hill_fort", "wikidata": "", "centroid_lon": "-7.33419040", "centroid_lat": "43.04512884", "area_m2": "11961.0", "perimeter_m": "399.0", "equivalent_radius_m": "61.7", "circularity": "0.9444", "vertices": "15", "matched_catalogue_id": "wl-pos-pos-es-pba-27972", "matched_catalogue_name": "A Croa de Xivil", "matched_distance_m": "68"}}, {"type": "Feature", "geometry": {"type": "Polygon", "coordinates": [[[-7.7287947, 43.1714013], [-7.728069, 43.1713989], [-7.7279768, 43.1713854], [-7.7277802, 43.1712375], [-7.7278293, 43.1707848], [-7.7279277, 43.1705069], [-7.7282042, 43.1704128], [-7.7284439, 43.1704083], [-7.7289171, 43.1705069], [-7.7291199, 43.1705876], [-7.7292244, 43.1709731], [-7.7290831, 43.1711031], [-7.7287947, 43.1714013]]]}, "properties": {"osm_id": "621319158", "osm_type": "way", "label_class": "1", "site_class": "castro", "name": "Os Castros de Pacios", "confidence": "high", "evidence": "fortification_type=hill_fort", "archaeological_site": "fortification", "civilization": "castro_culture", "fortification_type": "hill_fort", "wikidata": "", "centroid_lon": "-7.72847423", "centroid_lat": "43.17093138", "area_m2": "10504.0", "perimeter_m": "377.8", "equivalent_radius_m": "57.8", "circularity": "0.9249", "vertices": "13", "matched_catalogue_id": "wl-pos-pos-es-pba-28674", "matched_catalogue_name": "Os Castros de Pacios", "matched_distance_m": "1"}}, {"type": "Feature", "geometry": {"type": "Polygon", "coordinates": [[[-7.1398005, 43.4471351], [-7.1392723, 43.4472279], [-7.1389741, 43.4474382], [-7.1387696, 43.4477475], [-7.1389741, 43.4480258], [-7.1391786, 43.4482114], [-7.1398261, 43.448131], [-7.1403543, 43.4480444], [-7.1404736, 43.447698], [-7.1403032, 43.4473454], [-7.1400646, 43.4471846], [-7.1398005, 43.4471351]]]}, "properties": {"osm_id": "621328663", "osm_type": "way", "label_class": "1", "site_class": "castro", "name": "Castro de Sante", "confidence": "high", "evidence": "fortification_type=hill_fort", "archaeological_site": "fortification", "civilization": "castro_culture", "fortification_type": "hill_fort", "wikidata": "", "centroid_lon": "-7.13964929", "centroid_lat": "43.44761037", "area_m2": "12020.7", "perimeter_m": "403.8", "equivalent_radius_m": "61.9", "circularity": "0.9262", "vertices": "12", "matched_catalogue_id": "wl-pos-pos-es-pba-41057", "matched_catalogue_name": "Castro de Sante", "matched_distance_m": "20"}}, {"type": "Feature", "geometry": {"type": "Polygon", "coordinates": [[[-7.7969361, 43.1032274], [-7.7964377, 43.1033558], [-7.7962177, 43.1034843], [-7.7961151, 43.1036662], [-7.7963057, 43.1038803], [-7.7965403, 43.1039446], [-7.7969655, 43.1039017], [-7.7971707, 43.1038589], [-7.7973906, 43.1037626], [-7.7974786, 43.1035699], [-7.7973613, 43.103313], [-7.7971707, 43.1032381], [-7.7969361, 43.1032274]]]}, "properties": {"osm_id": "621329299", "osm_type": "way", "label_class": "1", "site_class": "castro", "name": "Castro de Trasmonte", "confidence": "high", "evidence": "fortification_type=hill_fort", "archaeological_site": "fortification", "civilization": "castro_culture", "fortification_type": "hill_fort", "wikidata": "", "centroid_lon": "-7.79684816", "centroid_lat": "43.10357155", "area_m2": "6476.8", "perimeter_m": "299.1", "equivalent_radius_m": "45.4", "circularity": "0.9099", "vertices": "13", "matched_catalogue_id": "wl-pos-pos-es-pba-31198", "matched_catalogue_name": "Castro de Trasmonte", "matched_distance_m": "23"}}, {"type": "Feature", "geometry": {"type": "Polygon", "coordinates": [[[-7.8816788, 43.0245345], [-7.8813004, 43.0246027], [-7.8811713, 43.0247941], [-7.8811351, 43.0249448], [-7.8811527, 43.0253132], [-7.8812757, 43.0259643], [-7.881516, 43.02596], [-7.8819613, 43.0258829], [-7.8824117, 43.0258173], [-7.8824741, 43.0256183], [-7.8824906, 43.025357], [-7.8824866, 43.025059], [-7.8824329, 43.0247884], [-7.8821292, 43.0245949], [-7.8816788, 43.0245345]]]}, "properties": {"osm_id": "621329877", "osm_type": "way", "label_class": "1", "site_class": "castro", "name": "Castro da Silvela", "confidence": "high", "evidence": "fortification_type=hill_fort", "archaeological_site": "fortification", "civilization": "castro_culture", "fortification_type": "hill_fort", "wikidata": "", "centroid_lon": "-7.88181968", "centroid_lat": "43.02518439", "area_m2": "15020.0", "perimeter_m": "466.4", "equivalent_radius_m": "69.1", "circularity": "0.8677", "vertices": "15", "matched_catalogue_id": "wl-pos-pos-es-pba-31123", "matched_catalogue_name": "Castro da Silvela", "matched_distance_m": "10"}}, {"type": "Feature", "geometry": {"type": "Polygon", "coordinates": [[[-7.8947642, 42.9136538], [-7.8945897, 42.9137555], [-7.8944615, 42.9138807], [-7.8944259, 42.9140972], [-7.8945292, 42.9143319], [-7.8947215, 42.9144232], [-7.8949672, 42.9144623], [-7.8951773, 42.9144284], [-7.8954123, 42.9143371], [-7.8955797, 42.9141832], [-7.8955975, 42.9140867], [-7.895569, 42.9138963], [-7.8954657, 42.9137424], [-7.8952521, 42.9136564], [-7.8950242, 42.9136147], [-7.8947642, 42.9136538]]]}, "properties": {"osm_id": "621333898", "osm_type": "way", "label_class": "1", "site_class": "castro", "name": "Castro de Aurela", "confidence": "high", "evidence": "fortification_type=hill_fort", "archaeological_site": "fortification", "civilization": "castro_culture", "fortification_type": "hill_fort", "wikidata": "", "centroid_lon": "-7.89501883", "centroid_lat": "42.91401272", "area_m2": "6984.0", "perimeter_m": "299.6", "equivalent_radius_m": "47.1", "circularity": "0.9780", "vertices": "16", "matched_catalogue_id": "wl-pos-pos-es-pba-37738", "matched_catalogue_name": "Castro da Ourela de Carballal", "matched_distance_m": "47"}}, {"type": "Feature", "geometry": {"type": "Polygon", "coordinates": [[[-7.3581417, 42.728258], [-7.3578403, 42.7284794], [-7.3575992, 42.7286444], [-7.3576759, 42.7289504], [-7.3579718, 42.7291234], [-7.3584815, 42.7290751], [-7.3587719, 42.7289423], [-7.3588706, 42.7287128], [-7.3588377, 42.7283827], [-7.3581417, 42.728258]]]}, "properties": {"osm_id": "621334371", "osm_type": "way", "label_class": "1", "site_class": "castro", "name": "Castro de Santa Marta", "confidence": "high", "evidence": "fortification_type=hill_fort", "archaeological_site": "fortification", "civilization": "castro_culture", "fortification_type": "hill_fort", "wikidata": "", "centroid_lon": "-7.35823323", "centroid_lat": "42.72868265", "area_m2": "7421.5", "perimeter_m": "319.6", "equivalent_radius_m": "48.6", "circularity": "0.9132", "vertices": "10", "matched_catalogue_id": "wl-pos-pos-es-pba-40227", "matched_catalogue_name": "Castro de Castroncán/Castro de Santa Marta/O Castro", "matched_distance_m": "11"}}, {"type": "Feature", "geometry": {"type": "Polygon", "coordinates": [[[-7.3089035, 42.8299916], [-7.3089203, 42.8302499], [-7.3091104, 42.8304878], [-7.3095745, 42.8306026], [-7.30991, 42.8305329], [-7.3101169, 42.8303606], [-7.3101449, 42.8300162], [-7.3100386, 42.8297168], [-7.3098261, 42.8295651], [-7.309513, 42.829479], [-7.3092726, 42.8295323], [-7.3090601, 42.8297373], [-7.3089035, 42.8299916]]]}, "properties": {"osm_id": "621334612", "osm_type": "way", "label_class": "1", "site_class": "castro", "name": "Castro de Armea", "confidence": "high", "evidence": "fortification_type=hill_fort", "archaeological_site": "fortification", "civilization": "castro_culture", "fortification_type": "hill_fort", "wikidata": "", "centroid_lon": "-7.30948418", "centroid_lat": "42.83002028", "area_m2": "9734.9", "perimeter_m": "358.1", "equivalent_radius_m": "55.7", "circularity": "0.9541", "vertices": "13", "matched_catalogue_id": "wl-pos-pos-es-pba-31588", "matched_catalogue_name": "Castro de Armea/Castro de Leirado", "matched_distance_m": "23"}}, {"type": "Feature", "geometry": {"type": "Polygon", "coordinates": [[[-7.1722501, 42.6622285], [-7.1718749, 42.6619932], [-7.1713618, 42.661908], [-7.1709204, 42.661837], [-7.1708101, 42.6618532], [-7.1707577, 42.6620135], [-7.1708652, 42.6622001], [-7.171257, 42.6624253], [-7.1718004, 42.6624943], [-7.1722639, 42.6624212], [-7.1723494, 42.6623928], [-7.1723411, 42.6622995], [-7.1722501, 42.6622285]]]}, "properties": {"osm_id": "621340171", "osm_type": "way", "label_class": "1", "site_class": "castro", "name": "Castro de Miraz", "confidence": "high", "evidence": "fortification_type=hill_fort", "archaeological_site": "fortification", "civilization": "castro_culture", "fortification_type": "hill_fort", "wikidata": "", "centroid_lon": "-7.17162324", "centroid_lat": "42.66217655", "area_m2": "6055.7", "perimeter_m": "324.1", "equivalent_radius_m": "43.9", "circularity": "0.7243", "vertices": "13", "matched_catalogue_id": "wl-pos-pos-es-pba-28919", "matched_catalogue_name": "Castro de Miraz", "matched_distance_m": "29"}}, {"type": "Feature", "geometry": {"type": "Polygon", "coordinates": [[[-7.3131082, 42.7253743], [-7.3129327, 42.7256401], [-7.3129327, 42.7261154], [-7.3130643, 42.7262524], [-7.3138758, 42.7262524], [-7.3143584, 42.7260913], [-7.3145009, 42.7255112], [-7.3142158, 42.7251245], [-7.3136894, 42.7249634], [-7.3132179, 42.7251004], [-7.3131082, 42.7253743]]]}, "properties": {"osm_id": "621422098", "osm_type": "way", "label_class": "1", "site_class": "castro", "name": "O Castro da Margarida", "confidence": "high", "evidence": "fortification_type=hill_fort", "archaeological_site": "fortification", "civilization": "castro_culture", "fortification_type": "hill_fort", "wikidata": "", "centroid_lon": "-7.31354585", "centroid_lat": "42.72561815", "area_m2": "14638.2", "perimeter_m": "448.6", "equivalent_radius_m": "68.3", "circularity": "0.9140", "vertices": "11", "matched_catalogue_id": "wl-pos-pos-es-pba-32296", "matched_catalogue_name": "Castro da Margarida/A Ciudá", "matched_distance_m": "29"}}, {"type": "Feature", "geometry": {"type": "Polygon", "coordinates": [[[-7.2699559, 42.8433659], [-7.2696018, 42.8434839], [-7.2695053, 42.8437356], [-7.2696126, 42.8440345], [-7.2698915, 42.8442233], [-7.2702026, 42.8442548], [-7.2705862, 42.8441132], [-7.2706694, 42.8439637], [-7.2707284, 42.8436884], [-7.270385, 42.8434052], [-7.2701812, 42.8433659], [-7.2699559, 42.8433659]]]}, "properties": {"osm_id": "621424863", "osm_type": "way", "label_class": "1", "site_class": "castro", "name": "Castro de Castrodelo", "confidence": "high", "evidence": "fortification_type=hill_fort", "archaeological_site": "fortification", "civilization": "castro_culture", "fortification_type": "hill_fort", "wikidata": "", "centroid_lon": "-7.27010632", "centroid_lat": "42.84375002", "area_m2": "7509.8", "perimeter_m": "313.7", "equivalent_radius_m": "48.9", "circularity": "0.9590", "vertices": "12", "matched_catalogue_id": "wl-pos-pos-es-pba-31689", "matched_catalogue_name": "Castrodelo", "matched_distance_m": "10"}}, {"type": "Feature", "geometry": {"type": "Polygon", "coordinates": [[[-7.1948868, 43.4480214], [-7.1945621, 43.4481572], [-7.194331, 43.4486686], [-7.1945181, 43.4490321], [-7.1947822, 43.4490881], [-7.1950794, 43.4490241], [-7.1952665, 43.4488763], [-7.195327, 43.4486326], [-7.1953105, 43.4483849], [-7.1953325, 43.4481892], [-7.195228, 43.4480334], [-7.1950574, 43.4479774], [-7.1948868, 43.4480214]]]}, "properties": {"osm_id": "621426087", "osm_type": "way", "label_class": "1", "site_class": "castro", "name": "Castro de Trabada", "confidence": "high", "evidence": "fortification_type=hill_fort", "archaeological_site": "fortification", "civilization": "castro_culture", "fortification_type": "hill_fort", "wikidata": "", "centroid_lon": "-7.19496679", "centroid_lat": "43.44846975", "area_m2": "7534.0", "perimeter_m": "329.1", "equivalent_radius_m": "49.0", "circularity": "0.8741", "vertices": "13", "matched_catalogue_id": "wl-pos-pos-es-pba-41058", "matched_catalogue_name": "Castro de Trabada", "matched_distance_m": "17"}}, {"type": "Feature", "geometry": {"type": "Polygon", "coordinates": [[[-8.2926286, 43.0335534], [-8.2925096, 43.0336716], [-8.2923446, 43.0337552], [-8.2921514, 43.0337949], [-8.2920083, 43.0337942], [-8.2917655, 43.0337313], [-8.2916147, 43.033635], [-8.2915147, 43.0335082], [-8.2914764, 43.0333645], [-8.2915039, 43.0332195], [-8.2915943, 43.0330889], [-8.2917377, 43.0329868], [-8.2919187, 43.0329241], [-8.2921178, 43.0329078], [-8.2923132, 43.0329396], [-8.2924844, 43.0330162], [-8.2926123, 43.0331294], [-8.2926828, 43.0332667], [-8.2926885, 43.0334134], [-8.2926286, 43.0335534]]]}, "properties": {"osm_id": "642848411", "osm_type": "way", "label_class": "1", "site_class": "castro", "name": "Castro de Cimadevila", "confidence": "medium", "evidence": "site=settlement,civ=prehistoric", "archaeological_site": "settlement", "civilization": "prehistoric", "fortification_type": "", "wikidata": "", "centroid_lon": "-8.29211480", "centroid_lat": "43.03336271", "area_m2": "7572.2", "perimeter_m": "309.9", "equivalent_radius_m": "49.1", "circularity": "0.9906", "vertices": "20", "matched_catalogue_id": "wl-pos-pos-es-pba-11695", "matched_catalogue_name": "Castro de Cimadevila", "matched_distance_m": "14"}}, {"type": "Feature", "geometry": {"type": "Polygon", "coordinates": [[[-8.2716943, 43.0548515], [-8.2718399, 43.054974], [-8.2720324, 43.0550548], [-8.2722506, 43.0550851], [-8.2724703, 43.0550615], [-8.2726672, 43.0549866], [-8.2728172, 43.0548713], [-8.2729086, 43.054727], [-8.2729316, 43.0545688], [-8.2728838, 43.0544136], [-8.2727704, 43.0542779], [-8.2726032, 43.0541761], [-8.2724001, 43.0541188], [-8.2721827, 43.0541124], [-8.2719739, 43.0541573], [-8.2717927, 43.0542511], [-8.2716637, 43.0543832], [-8.271601, 43.0545388], [-8.2716116, 43.0547009], [-8.2716943, 43.0548515]]]}, "properties": {"osm_id": "642848418", "osm_type": "way", "label_class": "1", "site_class": "castro", "name": "", "confidence": "medium", "evidence": "site=fortification,civ=celtic", "archaeological_site": "fortification", "civilization": "celtic", "fortification_type": "", "wikidata": "", "centroid_lon": "-8.27223948", "centroid_lat": "43.05460811", "area_m2": "9113.2", "perimeter_m": "340.0", "equivalent_radius_m": "53.9", "circularity": "0.9909", "vertices": "20", "matched_catalogue_id": "wl-pos-pos-es-pba-11752", "matched_catalogue_name": "Castro de Papucín", "matched_distance_m": "106"}}, {"type": "Feature", "geometry": {"type": "Polygon", "coordinates": [[[-8.3179977, 43.080342], [-8.3189078, 43.0807668], [-8.3188914, 43.0815398], [-8.3182299, 43.0821018], [-8.317235, 43.0825468], [-8.3160456, 43.0821888], [-8.3158251, 43.0813935], [-8.3165683, 43.0806575], [-8.3179977, 43.080342]]]}, "properties": {"osm_id": "642887063", "osm_type": "way", "label_class": "1", "site_class": "castro", "name": "", "confidence": "medium", "evidence": "site=fortification,civ=celtic", "archaeological_site": "fortification", "civilization": "celtic", "fortification_type": "", "wikidata": "", "centroid_lon": "-8.31752206", "centroid_lat": "43.08131989", "area_m2": "43137.0", "perimeter_m": "769.4", "equivalent_radius_m": "117.2", "circularity": "0.9158", "vertices": "9", "matched_catalogue_id": "wl-pos-pos-es-pba-11692", "matched_catalogue_name": "Castro de Abellá", "matched_distance_m": "72"}}, {"type": "Feature", "geometry": {"type": "Polygon", "coordinates": [[[-8.3049014, 43.0892819], [-8.3052161, 43.0892504], [-8.3055004, 43.0891469], [-8.3057241, 43.0889823], [-8.3058638, 43.0887739], [-8.3059046, 43.0885439], [-8.3058423, 43.0883164], [-8.3056777, 43.0881106], [-8.3054296, 43.0879558], [-8.3051255, 43.0878693], [-8.3047993, 43.0878607], [-8.3044875, 43.087931], [-8.3042247, 43.0880724], [-8.3040404, 43.0882691], [-8.3039549, 43.0884991], [-8.3039779, 43.0887368], [-8.304102, 43.0889504], [-8.3043133, 43.0891236], [-8.3045895, 43.0892381], [-8.3049014, 43.0892819]]]}, "properties": {"osm_id": "642887069", "osm_type": "way", "label_class": "1", "site_class": "castro", "name": "", "confidence": "medium", "evidence": "site=fortification,civ=celtic", "archaeological_site": "fortification", "civilization": "celtic", "fortification_type": "", "wikidata": "", "centroid_lon": "-8.30492882", "centroid_lat": "43.08860972", "area_m2": "19478.0", "perimeter_m": "497.0", "equivalent_radius_m": "78.7", "circularity": "0.9909", "vertices": "20", "matched_catalogue_id": "wl-pos-pos-es-pba-11722", "matched_catalogue_name": "Castro de Fontemouro", "matched_distance_m": "33"}}, {"type": "Feature", "geometry": {"type": "Polygon", "coordinates": [[[-8.5275521, 42.9926188], [-8.527363, 42.9930714], [-8.5268731, 42.9933857], [-8.5265981, 42.9934548], [-8.5259277, 42.9934234], [-8.5255754, 42.993216], [-8.5256097, 42.9927948], [-8.5260223, 42.9923547], [-8.5265122, 42.9920718], [-8.5270364, 42.9919398], [-8.5274318, 42.9919587], [-8.5276466, 42.9922416], [-8.5275521, 42.9926188]]]}, "properties": {"osm_id": "643084215", "osm_type": "way", "label_class": "1", "site_class": "castro", "name": "", "confidence": "medium", "evidence": "site=fortification,civ=celtic", "archaeological_site": "fortification", "civilization": "celtic", "fortification_type": "", "wikidata": "", "centroid_lon": "-8.52674619", "centroid_lat": "42.99270387", "area_m2": "20321.9", "perimeter_m": "534.3", "equivalent_radius_m": "80.4", "circularity": "0.8947", "vertices": "13", "matched_catalogue_id": "wl-pos-pos-es-pba-24730", "matched_catalogue_name": "Castro de Vilouchada", "matched_distance_m": "6"}}, {"type": "Feature", "geometry": {"type": "Polygon", "coordinates": [[[-8.4930223, 42.9920869], [-8.4927482, 42.9917156], [-8.4925111, 42.9914837], [-8.4918416, 42.9912761], [-8.4911284, 42.9915316], [-8.4908574, 42.9918259], [-8.4911503, 42.9922715], [-8.491536, 42.9926228], [-8.491958, 42.9927505], [-8.4923437, 42.9926973], [-8.4927367, 42.9925642], [-8.4930223, 42.9920869]]]}, "properties": {"osm_id": "643132434", "osm_type": "way", "label_class": "1", "site_class": "castro", "name": "", "confidence": "medium", "evidence": "site=fortification,civ=celtic", "archaeological_site": "fortification", "civilization": "celtic", "fortification_type": "", "wikidata": "", "centroid_lon": "-8.49207133", "centroid_lat": "42.99207608", "area_m2": "19451.3", "perimeter_m": "510.2", "equivalent_radius_m": "78.7", "circularity": "0.9391", "vertices": "12", "matched_catalogue_id": "wl-pos-pos-es-pba-24701", "matched_catalogue_name": "Castro de Breixo", "matched_distance_m": "48"}}, {"type": "Feature", "geometry": {"type": "Polygon", "coordinates": [[[-8.5647898, 42.9945829], [-8.5648637, 42.9948029], [-8.5648394, 42.9950287], [-8.5647192, 42.9952375], [-8.5644997, 42.9954174], [-8.5642106, 42.9955334], [-8.5638852, 42.9955721], [-8.5635607, 42.9955291], [-8.5632746, 42.9954092], [-8.5630596, 42.9952263], [-8.5629405, 42.9950015], [-8.5629309, 42.9947604], [-8.563032, 42.9945308], [-8.5632321, 42.9943391], [-8.5634897, 42.9942134], [-8.5637883, 42.9941533], [-8.5640976, 42.9941648], [-8.5643863, 42.9942468], [-8.564625, 42.9943911], [-8.5647898, 42.9945829]]]}, "properties": {"osm_id": "643132462", "osm_type": "way", "label_class": "1", "site_class": "castro", "name": "", "confidence": "medium", "evidence": "site=fortification,civ=celtic", "archaeological_site": "fortification", "civilization": "celtic", "fortification_type": "", "wikidata": "", "centroid_lon": "-8.56395074", "centroid_lat": "42.99483618", "area_m2": "19352.5", "perimeter_m": "495.4", "equivalent_radius_m": "78.5", "circularity": "0.9908", "vertices": "20", "matched_catalogue_id": "wl-pos-pos-es-pba-24731", "matched_catalogue_name": "Castro de Xavestre", "matched_distance_m": "17"}}, {"type": "Feature", "geometry": {"type": "Polygon", "coordinates": [[[-8.5168343, 42.9666121], [-8.5171748, 42.9667166], [-8.5175432, 42.9667358], [-8.5179006, 42.9666679], [-8.5182095, 42.9665198], [-8.5184375, 42.9663073], [-8.5185606, 42.9660525], [-8.518564, 42.9657734], [-8.5184413, 42.9655091], [-8.5182063, 42.9652892], [-8.5178852, 42.9651385], [-8.5175142, 42.9650737], [-8.5171347, 42.9651022], [-8.5167894, 42.9652208], [-8.5165169, 42.9654161], [-8.5163478, 42.9656663], [-8.5163005, 42.9659343], [-8.5163729, 42.9661993], [-8.5165572, 42.9664334], [-8.5168343, 42.9666121]]]}, "properties": {"osm_id": "643162568", "osm_type": "way", "label_class": "1", "site_class": "castro", "name": "", "confidence": "medium", "evidence": "site=fortification,civ=celtic", "archaeological_site": "fortification", "civilization": "celtic", "fortification_type": "", "wikidata": "", "centroid_lon": "-8.51740626", "centroid_lat": "42.96594902", "area_m2": "26568.1", "perimeter_m": "580.5", "equivalent_radius_m": "92.0", "circularity": "0.9909", "vertices": "20", "matched_catalogue_id": "wl-pos-pos-es-pba-24732", "matched_catalogue_name": "Castro Pereiro", "matched_distance_m": "26"}}, {"type": "Feature", "geometry": {"type": "Polygon", "coordinates": [[[-8.5848432, 43.0439778], [-8.584832, 43.0435568], [-8.5841137, 43.0437208], [-8.5842896, 43.0441118], [-8.5848432, 43.0439778]]]}, "properties": {"osm_id": "643183681", "osm_type": "way", "label_class": "0", "site_class": "mound", "name": "", "confidence": "high", "evidence": "archaeological_site=tumulus", "archaeological_site": "tumulus", "civilization": "prehistoric", "fortification_type": "", "wikidata": "", "centroid_lon": "-8.58458434", "centroid_lat": "43.04386900", "area_m2": "2464.6", "perimeter_m": "201.4", "equivalent_radius_m": "28.0", "circularity": "0.7638", "vertices": "5", "matched_catalogue_id": "", "matched_catalogue_name": "", "matched_distance_m": ""}}, {"type": "Feature", "geometry": {"type": "Polygon", "coordinates": [[[-8.0833981, 43.0899286], [-8.0828566, 43.0901985], [-8.0825042, 43.0902676], [-8.0822464, 43.0901044], [-8.0822378, 43.0898973], [-8.082255, 43.0895018], [-8.0824011, 43.0890876], [-8.0826589, 43.0888491], [-8.0830629, 43.0888867], [-8.0836215, 43.0891064], [-8.0837504, 43.0893449], [-8.0836731, 43.0897027], [-8.0833981, 43.0899286]]]}, "properties": {"osm_id": "644519595", "osm_type": "way", "label_class": "1", "site_class": "castro", "name": "Castro de Xemerás ou de Lavandeiras", "confidence": "medium", "evidence": "site=fortification,civ=celtic", "archaeological_site": "fortification", "civilization": "celtic", "fortification_type": "", "wikidata": "", "centroid_lon": "-8.08292801", "centroid_lat": "43.08960032", "area_m2": "14198.0", "perimeter_m": "446.5", "equivalent_radius_m": "67.2", "circularity": "0.8951", "vertices": "13", "matched_catalogue_id": "wl-pos-pos-es-pba-26002", "matched_catalogue_name": "Castro de Xemerás", "matched_distance_m": "5"}}, {"type": "Feature", "geometry": {"type": "Polygon", "coordinates": [[[-8.0624339, 43.077254], [-8.0625476, 43.077013], [-8.0625444, 43.0767581], [-8.0624337, 43.0765306], [-8.0622299, 43.0763406], [-8.0619541, 43.0762076], [-8.0616347, 43.0761455], [-8.0613049, 43.0761607], [-8.0609987, 43.0762515], [-8.0607478, 43.0764086], [-8.0605781, 43.0766158], [-8.0605073, 43.0768516], [-8.0605426, 43.0770916], [-8.0606804, 43.077311], [-8.0609213, 43.0774954], [-8.0612329, 43.0776102], [-8.0615791, 43.0776423], [-8.06192, 43.0775879], [-8.0622164, 43.0774533], [-8.0624339, 43.077254]]]}, "properties": {"osm_id": "644519596", "osm_type": "way", "label_class": "1", "site_class": "castro", "name": "Castro de Liñares", "confidence": "medium", "evidence": "site=fortification,civ=celtic", "archaeological_site": "fortification", "civilization": "celtic", "fortification_type": "", "wikidata": "", "centroid_lon": "-8.06157208", "centroid_lat": "43.07689917", "area_m2": "21535.0", "perimeter_m": "522.6", "equivalent_radius_m": "82.8", "circularity": "0.9908", "vertices": "20", "matched_catalogue_id": "wl-pos-pos-es-pba-26520", "matched_catalogue_name": "Castro de Liñares", "matched_distance_m": "1"}}, {"type": "Feature", "geometry": {"type": "Polygon", "coordinates": [[[-8.0715087, 43.1013506], [-8.0716011, 43.1010446], [-8.0713977, 43.1008691], [-8.0709233, 43.1007297], [-8.0708062, 43.1004147], [-8.0702516, 43.1003742], [-8.069925, 43.1005497], [-8.0698018, 43.1007837], [-8.0698264, 43.1010266], [-8.0700606, 43.1013596], [-8.0703748, 43.10158], [-8.070609, 43.1016295], [-8.0708247, 43.1015305], [-8.0709294, 43.1013955], [-8.0709726, 43.1013191], [-8.0715087, 43.1013506]]]}, "properties": {"osm_id": "644519597", "osm_type": "way", "label_class": "1", "site_class": "castro", "name": "Os Castros de Peteiro", "confidence": "medium", "evidence": "site=fortification,civ=celtic", "archaeological_site": "fortification", "civilization": "celtic", "fortification_type": "", "wikidata": "", "centroid_lon": "-8.07070760", "centroid_lat": "43.10108173", "area_m2": "12898.9", "perimeter_m": "459.5", "equivalent_radius_m": "64.1", "circularity": "0.7678", "vertices": "16", "matched_catalogue_id": "wl-pos-pos-es-pba-26214", "matched_catalogue_name": "Os Castros de Peteiro", "matched_distance_m": "28"}}, {"type": "Feature", "geometry": {"type": "Polygon", "coordinates": [[[-8.1016346, 43.0741844], [-8.1017634, 43.0741138], [-8.101876, 43.0741197], [-8.1020557, 43.074155], [-8.1021872, 43.0742686], [-8.1022918, 43.0744528], [-8.1023803, 43.0746369], [-8.1024822, 43.0746722], [-8.1027397, 43.0746761], [-8.1028752, 43.0747544], [-8.1024924, 43.0751155], [-8.1021687, 43.0754092], [-8.1018672, 43.0756312], [-8.1013442, 43.0757332], [-8.1011024, 43.0757872], [-8.1008683, 43.0757514], [-8.1006169, 43.0755757], [-8.1005241, 43.0754453], [-8.100483, 43.075306], [-8.1005679, 43.0752114], [-8.1007468, 43.0752428], [-8.1008273, 43.0753548], [-8.1009987, 43.075297], [-8.1010332, 43.0751918], [-8.100924, 43.0750443], [-8.101028, 43.075051], [-8.1011478, 43.0748105], [-8.1012368, 43.0748418], [-8.1014912, 43.0745391], [-8.1016464, 43.0745818], [-8.1017277, 43.0744912], [-8.101646, 43.074432], [-8.1017961, 43.074314], [-8.1016346, 43.0741844]]]}, "properties": {"osm_id": "644530161", "osm_type": "way", "label_class": "1", "site_class": "castro", "name": "Castro de Armental", "confidence": "medium", "evidence": "site=fortification,civ=celtic", "archaeological_site": "fortification", "civilization": "celtic", "fortification_type": "", "wikidata": "", "centroid_lon": "-8.10153546", "centroid_lat": "43.07489343", "area_m2": "17144.8", "perimeter_m": "658.8", "equivalent_radius_m": "73.9", "circularity": "0.4964", "vertices": "34", "matched_catalogue_id": "wl-pos-pos-es-pba-26515", "matched_catalogue_name": "Castro de Armental", "matched_distance_m": "55"}}, {"type": "Feature", "geometry": {"type": "Polygon", "coordinates": [[[-8.1231988, 43.055082], [-8.123681, 43.0546768], [-8.1239497, 43.054177], [-8.1239738, 43.0536402], [-8.1237505, 43.0531286], [-8.1233056, 43.0527012], [-8.1226904, 43.0524073], [-8.1219762, 43.0522809], [-8.1212452, 43.0523366], [-8.120582, 43.052568], [-8.120092, 43.0529191], [-8.1197771, 43.0533647], [-8.1196692, 43.0538599], [-8.1197791, 43.0543549], [-8.1200957, 43.0547998], [-8.1205872, 43.0551499], [-8.1212039, 43.0553697], [-8.1218839, 43.0554373], [-8.1225587, 43.0553459], [-8.1231988, 43.055082]]]}, "properties": {"osm_id": "644530188", "osm_type": "way", "label_class": "0", "site_class": "mound", "name": "Mámoas da Ponte do Sapo", "confidence": "high", "evidence": "archaeological_site=tumulus", "archaeological_site": "tumulus", "civilization": "prehistoric", "fortification_type": "", "wikidata": "", "centroid_lon": "-8.12185994", "centroid_lat": "43.05393409", "area_m2": "95444.4", "perimeter_m": "1100.2", "equivalent_radius_m": "174.3", "circularity": "0.9908", "vertices": "20", "matched_catalogue_id": "wl-neg-neg-es-pba-26110", "matched_catalogue_name": "Mámoa da Ponte do Sapo", "matched_distance_m": "32"}}, {"type": "Feature", "geometry": {"type": "Polygon", "coordinates": [[[-8.1512134, 43.0555936], [-8.1511464, 43.0554509], [-8.1506332, 43.05561], [-8.1506011, 43.0556246], [-8.1504182, 43.0556787], [-8.1503799, 43.0556954], [-8.150552, 43.0560376], [-8.1507671, 43.0558185], [-8.1512134, 43.0555936]]]}, "properties": {"osm_id": "644538503", "osm_type": "way", "label_class": "1", "site_class": "castro", "name": "Castro de Cernadas", "confidence": "medium", "evidence": "site=fortification,civ=celtic", "archaeological_site": "fortification", "civilization": "celtic", "fortification_type": "", "wikidata": "", "centroid_lon": "-8.15076941", "centroid_lat": "43.05567810", "area_m2": "1732.4", "perimeter_m": "199.6", "equivalent_radius_m": "23.5", "circularity": "0.5465", "vertices": "9", "matched_catalogue_id": "wl-pos-pos-es-pba-26516", "matched_catalogue_name": "Castro de Cernadas", "matched_distance_m": "98"}}, {"type": "Feature", "geometry": {"type": "Polygon", "coordinates": [[[-8.1365929, 43.0820268], [-8.1369477, 43.081779], [-8.1370051, 43.081497], [-8.1368016, 43.0812226], [-8.1365564, 43.0811045], [-8.1358468, 43.0811464], [-8.135565, 43.0812912], [-8.1354137, 43.0815047], [-8.1353269, 43.081716], [-8.1354573, 43.081935], [-8.135732, 43.0820306], [-8.1361599, 43.0820839], [-8.1365929, 43.0820268]]]}, "properties": {"osm_id": "644538515", "osm_type": "way", "label_class": "1", "site_class": "castro", "name": "A Roda de Igrexafeita", "confidence": "medium", "evidence": "site=fortification,civ=celtic", "archaeological_site": "fortification", "civilization": "celtic", "fortification_type": "", "wikidata": "", "centroid_lon": "-8.13615371", "centroid_lat": "43.08164342", "area_m2": "11465.5", "perimeter_m": "389.9", "equivalent_radius_m": "60.4", "circularity": "0.9478", "vertices": "13", "matched_catalogue_id": "", "matched_catalogue_name": "", "matched_distance_m": ""}}, {"type": "Feature", "geometry": {"type": "Polygon", "coordinates": [[[-9.0403605, 42.9609347], [-9.0401173, 42.9609594], [-9.0399041, 42.9610388], [-9.0397694, 42.9611346], [-9.0397395, 42.9612852], [-9.039717, 42.9614741], [-9.039919, 42.9616958], [-9.0404577, 42.961975], [-9.0409665, 42.9620353], [-9.0413556, 42.9619312], [-9.0415089, 42.9618108], [-9.0415576, 42.9616465], [-9.0415426, 42.9614658], [-9.0412733, 42.9612413], [-9.0408543, 42.9610497], [-9.0403605, 42.9609347]]]}, "properties": {"osm_id": "646064581", "osm_type": "way", "label_class": "1", "site_class": "castro", "name": "Castro do Castelo", "confidence": "medium", "evidence": "site=fortification,civ=celtic", "archaeological_site": "fortification", "civilization": "celtic", "fortification_type": "", "wikidata": "", "centroid_lon": "-9.04058774", "centroid_lat": "42.96141331", "area_m2": "13214.1", "perimeter_m": "424.9", "equivalent_radius_m": "64.9", "circularity": "0.9196", "vertices": "16", "matched_catalogue_id": "wl-pos-pos-es-pba-9624", "matched_catalogue_name": "Castro do Castelo", "matched_distance_m": "22"}}, {"type": "Feature", "geometry": {"type": "Polygon", "coordinates": [[[-9.0843829, 42.9363535], [-9.0844082, 42.9361306], [-9.0842789, 42.9359076], [-9.0838236, 42.9354689], [-9.0831189, 42.9350143], [-9.0828529, 42.9349088], [-9.0825526, 42.9349417], [-9.0823948, 42.9351094], [-9.0823402, 42.9353149], [-9.0824252, 42.9357139], [-9.0826198, 42.9360652], [-9.0827538, 42.936325], [-9.0829136, 42.9365534], [-9.0831722, 42.9366944], [-9.0834995, 42.9367348], [-9.084041, 42.9366645], [-9.0843829, 42.9363535]]]}, "properties": {"osm_id": "646104103", "osm_type": "way", "label_class": "1", "site_class": "castro", "name": "Castro das Teixoeiras", "confidence": "medium", "evidence": "site=fortification,civ=celtic", "archaeological_site": "fortification", "civilization": "celtic", "fortification_type": "", "wikidata": "", "centroid_lon": "-9.08329182", "centroid_lat": "42.93589732", "area_m2": "22295.4", "perimeter_m": "574.4", "equivalent_radius_m": "84.2", "circularity": "0.8493", "vertices": "17", "matched_catalogue_id": "wl-pos-pos-es-pba-9086", "matched_catalogue_name": "Os Castros de Teixoeiras", "matched_distance_m": "16"}}, {"type": "Feature", "geometry": {"type": "Polygon", "coordinates": [[[-7.9949751, 42.8436154], [-7.9949653, 42.8437023], [-7.9949956, 42.8437866], [-7.9950627, 42.8438586], [-7.9951587, 42.84391], [-7.9952727, 42.8439349], [-7.9953915, 42.8439305], [-7.9954955, 42.8438998], [-7.995581, 42.8438465], [-7.9956392, 42.8437762], [-7.9956641, 42.8436961], [-7.9956532, 42.8436142], [-7.9956076, 42.8435391], [-7.995532, 42.8434784], [-7.995434, 42.8434383], [-7.9953239, 42.8434229], [-7.9952127, 42.8434339], [-7.9951064, 42.843473], [-7.995024, 42.8435359], [-7.9949751, 42.8436154]]]}, "properties": {"osm_id": "646416695", "osm_type": "way", "label_class": "1", "site_class": "castro", "name": "Castro de Basadre", "confidence": "medium", "evidence": "site=fortification,civ=celtic", "archaeological_site": "fortification", "civilization": "celtic", "fortification_type": "", "wikidata": "", "centroid_lon": "-7.99530352", "centroid_lat": "42.84367540", "area_m2": "2523.7", "perimeter_m": "178.9", "equivalent_radius_m": "28.3", "circularity": "0.9908", "vertices": "20", "matched_catalogue_id": "wl-pos-pos-es-pba-66199", "matched_catalogue_name": "Castro de Basadre/Eira Vella/Castriño", "matched_distance_m": "29"}}, {"type": "Feature", "geometry": {"type": "Polygon", "coordinates": [[[-8.0074252, 42.8263203], [-8.0075222, 42.8262467], [-8.007647, 42.8262008], [-8.0077854, 42.8261878], [-8.0079219, 42.8262091], [-8.008041, 42.8262624], [-8.0081267, 42.8263382], [-8.008175, 42.8264301], [-8.0081808, 42.8265284], [-8.0081435, 42.826623], [-8.008067, 42.826704], [-8.0079593, 42.8267628], [-8.0078317, 42.8267934], [-8.0076974, 42.8267925], [-8.0075705, 42.8267602], [-8.0074643, 42.8267], [-8.0073877, 42.8266145], [-8.0073539, 42.8265151], [-8.007367, 42.8264132], [-8.0074252, 42.8263203]]]}, "properties": {"osm_id": "646416713", "osm_type": "way", "label_class": "1", "site_class": "castro", "name": "Castro de Eidián", "confidence": "medium", "evidence": "site=fortification,civ=celtic", "archaeological_site": "fortification", "civilization": "celtic", "fortification_type": "", "wikidata": "", "centroid_lon": "-8.00775464", "centroid_lat": "42.82648614", "area_m2": "3549.2", "perimeter_m": "212.2", "equivalent_radius_m": "33.6", "circularity": "0.9909", "vertices": "20", "matched_catalogue_id": "", "matched_catalogue_name": "", "matched_distance_m": ""}}, {"type": "Feature", "geometry": {"type": "Polygon", "coordinates": [[[-8.0371068, 42.8113484], [-8.0371033, 42.8114461], [-8.0371432, 42.8115394], [-8.0372221, 42.8116181], [-8.0373315, 42.8116739], [-8.0374596, 42.8117007], [-8.0375926, 42.8116956], [-8.0377162, 42.8116592], [-8.0378176, 42.8115949], [-8.0378849, 42.8115099], [-8.0379108, 42.8114135], [-8.0378925, 42.8113161], [-8.037832, 42.8112284], [-8.0377358, 42.81116], [-8.0376146, 42.8111183], [-8.0374814, 42.8111078], [-8.0373508, 42.8111296], [-8.0372376, 42.8111812], [-8.0371532, 42.8112568], [-8.0371068, 42.8113484]]]}, "properties": {"osm_id": "646511805", "osm_type": "way", "label_class": "1", "site_class": "castro", "name": "", "confidence": "medium", "evidence": "site=fortification,civ=celtic", "archaeological_site": "fortification", "civilization": "celtic", "fortification_type": "", "wikidata": "", "centroid_lon": "-8.03748466", "centroid_lat": "42.81140231", "area_m2": "3387.0", "perimeter_m": "207.3", "equivalent_radius_m": "32.8", "circularity": "0.9909", "vertices": "20", "matched_catalogue_id": "", "matched_catalogue_name": "", "matched_distance_m": ""}}, {"type": "Feature", "geometry": {"type": "Polygon", "coordinates": [[[-8.1171056, 42.8388536], [-8.1171559, 42.8387617], [-8.117243, 42.8386861], [-8.1173581, 42.8386343], [-8.1174895, 42.8386116], [-8.1176239, 42.8386203], [-8.1177479, 42.8386595], [-8.1178489, 42.8387252], [-8.1179166, 42.8388108], [-8.1179447, 42.8389162], [-8.1179223, 42.8390224], [-8.117852, 42.8391167], [-8.1177422, 42.8391879], [-8.1176059, 42.8392275], [-8.1174594, 42.8392307], [-8.1173201, 42.8391973], [-8.1172046, 42.8391312], [-8.1171312, 42.8390481], [-8.117097, 42.8389524], [-8.1171056, 42.8388536]]]}, "properties": {"osm_id": "646576387", "osm_type": "way", "label_class": "1", "site_class": "castro", "name": "Castro do Marquesado", "confidence": "medium", "evidence": "site=settlement,civ=celtic", "archaeological_site": "settlement", "civilization": "celtic", "fortification_type": "", "wikidata": "", "centroid_lon": "-8.11749372", "centroid_lat": "42.83891236", "area_m2": "3709.8", "perimeter_m": "216.9", "equivalent_radius_m": "34.4", "circularity": "0.9908", "vertices": "20", "matched_catalogue_id": "wl-pos-pos-es-pba-66238", "matched_catalogue_name": "Castro de Marquesado/Coto do Castro/O Castro", "matched_distance_m": "1"}}, {"type": "Feature", "geometry": {"type": "Polygon", "coordinates": [[[-8.08347, 42.8134785], [-8.083649, 42.8136079], [-8.0838768, 42.8136857], [-8.084127, 42.813703], [-8.0843706, 42.8136577], [-8.0845794, 42.813555], [-8.0847291, 42.8134069], [-8.0848024, 42.8132306], [-8.0847908, 42.8130465], [-8.0847061, 42.8128884], [-8.0845588, 42.8127574], [-8.0843633, 42.8126662], [-8.0841391, 42.812624], [-8.083908, 42.8126348], [-8.0836929, 42.8126977], [-8.0835148, 42.8128063], [-8.0833914, 42.81295], [-8.0833333, 42.8131293], [-8.0833605, 42.8133126], [-8.08347, 42.8134785]]]}, "properties": {"osm_id": "646576396", "osm_type": "way", "label_class": "1", "site_class": "castro", "name": "Castro do Sino, Tras do Castro ou do Prato das Gobias", "confidence": "medium", "evidence": "site=fortification,civ=celtic", "archaeological_site": "fortification", "civilization": "celtic", "fortification_type": "", "wikidata": "", "centroid_lon": "-8.08404166", "centroid_lat": "42.81316585", "area_m2": "11206.9", "perimeter_m": "377.0", "equivalent_radius_m": "59.7", "circularity": "0.9908", "vertices": "20", "matched_catalogue_id": "wl-pos-pos-es-pba-66240", "matched_catalogue_name": "Castro do Sino/Tras do Castro", "matched_distance_m": "9"}}, {"type": "Feature", "geometry": {"type": "Polygon", "coordinates": [[[-8.0864063, 42.9031716], [-8.0861545, 42.9029926], [-8.0856509, 42.9029438], [-8.0852288, 42.9030306], [-8.0848141, 42.9034049], [-8.0846364, 42.9037412], [-8.0848067, 42.9040558], [-8.0851992, 42.9042837], [-8.0855843, 42.904262], [-8.0859249, 42.9041969], [-8.0861693, 42.9040396], [-8.0862804, 42.9038172], [-8.0863841, 42.9033507], [-8.0864063, 42.9031716]]]}, "properties": {"osm_id": "648526397", "osm_type": "way", "label_class": "1", "site_class": "castro", "name": "Castro de San Román", "confidence": "medium", "evidence": "site=fortification,civ=celtic", "archaeological_site": "fortification", "civilization": "celtic", "fortification_type": "", "wikidata": "", "centroid_lon": "-8.08568901", "centroid_lat": "42.90360444", "area_m2": "16089.2", "perimeter_m": "463.8", "equivalent_radius_m": "71.6", "circularity": "0.9398", "vertices": "14", "matched_catalogue_id": "wl-pos-pos-es-pba-23912", "matched_catalogue_name": "Castro de San Romao", "matched_distance_m": "13"}}, {"type": "Feature", "geometry": {"type": "Polygon", "coordinates": [[[-8.0539312, 42.8830916], [-8.0544393, 42.8827469], [-8.0546557, 42.8824573], [-8.0545287, 42.8821367], [-8.0541759, 42.8819471], [-8.0535455, 42.8817265], [-8.0527552, 42.8816852], [-8.0523224, 42.8818989], [-8.0522471, 42.8823194], [-8.0522283, 42.8825469], [-8.0518755, 42.8826021], [-8.0516638, 42.8826503], [-8.0515368, 42.8827813], [-8.0514944, 42.8829399], [-8.0515697, 42.8831743], [-8.0518802, 42.8833398], [-8.0526234, 42.8833191], [-8.0533103, 42.8832501], [-8.0539312, 42.8830916]]]}, "properties": {"osm_id": "648706898", "osm_type": "way", "label_class": "1", "site_class": "castro", "name": "Castro de Liñares", "confidence": "medium", "evidence": "site=fortification,civ=celtic", "archaeological_site": "fortification", "civilization": "celtic", "fortification_type": "", "wikidata": "", "centroid_lon": "-8.05287972", "centroid_lat": "42.88261605", "area_m2": "32312.7", "perimeter_m": "715.2", "equivalent_radius_m": "101.4", "circularity": "0.7938", "vertices": "19", "matched_catalogue_id": "wl-pos-pos-es-pba-23909", "matched_catalogue_name": "Castro de Liñares/A Roda do Castro", "matched_distance_m": "63"}}, {"type": "Feature", "geometry": {"type": "Polygon", "coordinates": [[[-8.056674, 42.8696662], [-8.0571533, 42.8696297], [-8.0576233, 42.8697075], [-8.0580347, 42.8698914], [-8.0583441, 42.8701622], [-8.0585191, 42.8704912], [-8.0585413, 42.870844], [-8.0584083, 42.8711834], [-8.0581217, 42.8714832], [-8.0577158, 42.8716964], [-8.0572364, 42.8717991], [-8.0567377, 42.8717795], [-8.0562759, 42.8716401], [-8.0559033, 42.8713963], [-8.0556619, 42.8710759], [-8.0555789, 42.870715], [-8.0556579, 42.8703666], [-8.0558848, 42.8700551], [-8.0562358, 42.8698131], [-8.056674, 42.8696662]]]}, "properties": {"osm_id": "648706899", "osm_type": "way", "label_class": "1", "site_class": "castro", "name": "Castro de Novela", "confidence": "medium", "evidence": "site=fortification,civ=celtic", "archaeological_site": "fortification", "civilization": "celtic", "fortification_type": "", "wikidata": "", "centroid_lon": "-8.05704911", "centroid_lat": "42.87065310", "area_m2": "45354.1", "perimeter_m": "758.4", "equivalent_radius_m": "120.2", "circularity": "0.9909", "vertices": "20", "matched_catalogue_id": "wl-pos-pos-es-pba-23911", "matched_catalogue_name": "Castro de Novela/Castro de Alemparte/Castro de Pezobres", "matched_distance_m": "33"}}, {"type": "Feature", "geometry": {"type": "Polygon", "coordinates": [[[-8.0067905, 42.8790299], [-8.007007, 42.8787223], [-8.0071572, 42.8783273], [-8.0070998, 42.8781557], [-8.0066756, 42.8780748], [-8.0065387, 42.8782269], [-8.0064238, 42.8784341], [-8.0064017, 42.8786122], [-8.0064768, 42.8788291], [-8.0065873, 42.8789813], [-8.0067905, 42.8790299]]]}, "properties": {"osm_id": "648725998", "osm_type": "way", "label_class": "1", "site_class": "castro", "name": "Castro de Vimianzo", "confidence": "medium", "evidence": "site=fortification,civ=celtic", "archaeological_site": "fortification", "civilization": "celtic", "fortification_type": "", "wikidata": "", "centroid_lon": "-8.00672263", "centroid_lat": "42.87858395", "area_m2": "4486.4", "perimeter_m": "266.2", "equivalent_radius_m": "37.8", "circularity": "0.7954", "vertices": "11", "matched_catalogue_id": "wl-pos-pos-es-pba-23940", "matched_catalogue_name": "Castro de Vimianzo/Coto da Aurela", "matched_distance_m": "14"}}, {"type": "Feature", "geometry": {"type": "Polygon", "coordinates": [[[-8.7809756, 43.0451443], [-8.7810918, 43.0452705], [-8.78126, 43.0453603], [-8.78146, 43.0454026], [-8.7816678, 43.0453926], [-8.7818584, 43.0453313], [-8.7819979, 43.0452368], [-8.78209, 43.0451151], [-8.7821255, 43.0449785], [-8.7821007, 43.0448407], [-8.7820183, 43.0447154], [-8.7818863, 43.0446152], [-8.7817182, 43.0445502], [-8.7815307, 43.0445269], [-8.7813426, 43.0445475], [-8.7811727, 43.0446101], [-8.7810381, 43.0447084], [-8.780947, 43.0448452], [-8.7809253, 43.0449966], [-8.7809756, 43.0451443]]]}, "properties": {"osm_id": "650338330", "osm_type": "way", "label_class": "1", "site_class": "castro", "name": "", "confidence": "medium", "evidence": "site=fortification,civ=celtic", "archaeological_site": "fortification", "civilization": "celtic", "fortification_type": "", "wikidata": "", "centroid_lon": "-8.78150912", "centroid_lat": "43.04496663", "area_m2": "7371.9", "perimeter_m": "305.8", "equivalent_radius_m": "48.4", "circularity": "0.9908", "vertices": "20", "matched_catalogue_id": "wl-pos-pos-es-pba-20128", "matched_catalogue_name": "Castro de Montouto", "matched_distance_m": "5"}}, {"type": "Feature", "geometry": {"type": "Polygon", "coordinates": [[[-8.7907461, 43.0973909], [-8.7903532, 43.097397], [-8.7900314, 43.0973146], [-8.7898433, 43.097159], [-8.7898223, 43.0968957], [-8.7898767, 43.0966768], [-8.7899687, 43.0965028], [-8.7901191, 43.0963471], [-8.7903699, 43.0963136], [-8.7906374, 43.0963899], [-8.7910721, 43.0965974], [-8.7912226, 43.0968171], [-8.791139, 43.097159], [-8.7909969, 43.0973116], [-8.7907461, 43.0973909]]]}, "properties": {"osm_id": "650338350", "osm_type": "way", "label_class": "1", "site_class": "castro", "name": "Castro de Boaña de Arriba", "confidence": "medium", "evidence": "site=fortification,civ=celtic", "archaeological_site": "fortification", "civilization": "celtic", "fortification_type": "", "wikidata": "", "centroid_lon": "-8.79046299", "centroid_lat": "43.09691089", "area_m2": "10644.1", "perimeter_m": "373.9", "equivalent_radius_m": "58.2", "circularity": "0.9567", "vertices": "15", "matched_catalogue_id": "wl-pos-pos-es-pba-20303", "matched_catalogue_name": "Castro de Boaña", "matched_distance_m": "21"}}, {"type": "Feature", "geometry": {"type": "Polygon", "coordinates": [[[-8.7185698, 43.0645288], [-8.7189983, 43.0638252], [-8.7183268, 43.0636379], [-8.7179557, 43.063851], [-8.7175978, 43.0641867], [-8.7177304, 43.0645062], [-8.717938, 43.0646902], [-8.718128, 43.0647031], [-8.7184019, 43.0646353], [-8.7185698, 43.0645288]]]}, "properties": {"osm_id": "650559597", "osm_type": "way", "label_class": "1", "site_class": "castro", "name": "Castro de Turnes", "confidence": "medium", "evidence": "site=fortification,civ=celtic", "archaeological_site": "fortification", "civilization": "celtic", "fortification_type": "", "wikidata": "", "centroid_lon": "-8.71822165", "centroid_lat": "43.06430932", "area_m2": "8399.0", "perimeter_m": "350.8", "equivalent_radius_m": "51.7", "circularity": "0.8578", "vertices": "10", "matched_catalogue_id": "wl-pos-pos-es-pba-20131", "matched_catalogue_name": "Castro de Turnes/Castro Pombo", "matched_distance_m": "9"}}, {"type": "Feature", "geometry": {"type": "Polygon", "coordinates": [[[-8.814727, 43.0249562], [-8.8148851, 43.025154], [-8.814946, 43.0253788], [-8.8149032, 43.0256058], [-8.8147612, 43.0258101], [-8.8145358, 43.0259693], [-8.8142557, 43.0260651], [-8.8139483, 43.0260897], [-8.8136465, 43.0260405], [-8.8133825, 43.0259229], [-8.8131844, 43.0257493], [-8.8130736, 43.0255382], [-8.8130617, 43.0253123], [-8.8131501, 43.0250957], [-8.8133293, 43.0249115], [-8.8135841, 43.024778], [-8.8138845, 43.0247126], [-8.8141977, 43.0247227], [-8.8144892, 43.0248069], [-8.814727, 43.0249562]]]}, "properties": {"osm_id": "650568596", "osm_type": "way", "label_class": "1", "site_class": "castro", "name": "Castro de Ventosa", "confidence": "medium", "evidence": "site=fortification,civ=celtic", "archaeological_site": "fortification", "civilization": "celtic", "fortification_type": "", "wikidata": "", "centroid_lon": "-8.81403365", "centroid_lat": "43.02537879", "area_m2": "18286.2", "perimeter_m": "481.6", "equivalent_radius_m": "76.3", "circularity": "0.9909", "vertices": "20", "matched_catalogue_id": "wl-pos-pos-es-pba-20132", "matched_catalogue_name": "Castro de Ventosa", "matched_distance_m": "8"}}, {"type": "Feature", "geometry": {"type": "Polygon", "coordinates": [[[-7.9506331, 42.9513272], [-7.9506552, 42.9511332], [-7.950527, 42.9509876], [-7.9502001, 42.950868], [-7.9498952, 42.9508453], [-7.9495551, 42.9508906], [-7.9492811, 42.9510038], [-7.9491618, 42.9511752], [-7.9491663, 42.9513336], [-7.9494225, 42.9515212], [-7.9497185, 42.9516247], [-7.9500587, 42.9516441], [-7.9502885, 42.9515891], [-7.9505359, 42.9514565], [-7.9506331, 42.9513272]]]}, "properties": {"osm_id": "651245964", "osm_type": "way", "label_class": "1", "site_class": "castro", "name": "Castro dos Mouros", "confidence": "medium", "evidence": "site=fortification,civ=celtic", "archaeological_site": "fortification", "civilization": "celtic", "fortification_type": "", "wikidata": "", "centroid_lon": "-7.94998214", "centroid_lat": "42.95124849", "area_m2": "8331.3", "perimeter_m": "333.7", "equivalent_radius_m": "51.5", "circularity": "0.9400", "vertices": "15", "matched_catalogue_id": "wl-pos-pos-es-pba-24956", "matched_catalogue_name": "Castro de Cardelle", "matched_distance_m": "18"}}, {"type": "Feature", "geometry": {"type": "Polygon", "coordinates": [[[-8.5996464, 43.1551402], [-8.5996884, 43.1545674], [-8.5992808, 43.1544581], [-8.5987294, 43.1544537], [-8.5983937, 43.1546898], [-8.5983877, 43.1549871], [-8.5987474, 43.155197], [-8.5991652, 43.1552563], [-8.5994189, 43.1552326], [-8.5996464, 43.1551402]]]}, "properties": {"osm_id": "652072291", "osm_type": "way", "label_class": "1", "site_class": "castro", "name": "Castro de Aldemunde", "confidence": "medium", "evidence": "site=fortification,civ=celtic", "archaeological_site": "fortification", "civilization": "celtic", "fortification_type": "", "wikidata": "", "centroid_lon": "-8.59911043", "centroid_lat": "43.15491224", "area_m2": "7859.9", "perimeter_m": "328.8", "equivalent_radius_m": "50.0", "circularity": "0.9138", "vertices": "10", "matched_catalogue_id": "wl-pos-pos-es-pba-3510", "matched_catalogue_name": "Castro de Aldemunde", "matched_distance_m": "21"}}, {"type": "Feature", "geometry": {"type": "Polygon", "coordinates": [[[-8.6643623, 43.1612513], [-8.6647101, 43.1613085], [-8.6650639, 43.1612765], [-8.6653821, 43.1611592], [-8.6656272, 43.1609704], [-8.6657639, 43.1607502], [-8.6657987, 43.1605097], [-8.6657278, 43.1602736], [-8.6655586, 43.1600657], [-8.6653083, 43.1599073], [-8.6650022, 43.1598144], [-8.6646717, 43.1597966], [-8.6643503, 43.1598556], [-8.6640707, 43.1599854], [-8.6638614, 43.1601729], [-8.6637437, 43.1603989], [-8.6637329, 43.1606588], [-8.6638431, 43.1609061], [-8.6640615, 43.1611117], [-8.6643623, 43.1612513]]]}, "properties": {"osm_id": "652072292", "osm_type": "way", "label_class": "1", "site_class": "castro", "name": "Castro da Ribeira", "confidence": "high", "evidence": "fortification_type=hill_fort", "archaeological_site": "fortification", "civilization": "celtic", "fortification_type": "hill_fort", "wikidata": "", "centroid_lon": "-8.66475014", "centroid_lat": "43.16057120", "area_m2": "21951.1", "perimeter_m": "527.6", "equivalent_radius_m": "83.6", "circularity": "0.9908", "vertices": "20", "matched_catalogue_id": "wl-pos-pos-es-pba-3509", "matched_catalogue_name": "Castro da Ribeira/Castro de Nogareda", "matched_distance_m": "9"}}, {"type": "Feature", "geometry": {"type": "Polygon", "coordinates": [[[-8.2086362, 42.7910488], [-8.2091507, 42.7909061], [-8.2092932, 42.7908274], [-8.2094422, 42.7906585], [-8.2095161, 42.7904766], [-8.2094422, 42.7902526], [-8.2092634, 42.7901633], [-8.2088842, 42.7901213], [-8.2085671, 42.7901686], [-8.2082833, 42.7903051], [-8.2080008, 42.7905632], [-8.2078768, 42.7907469], [-8.2078195, 42.7908711], [-8.2079042, 42.7909578], [-8.2081271, 42.7910286], [-8.2083763, 42.7910654], [-8.2086362, 42.7910488]]]}, "properties": {"osm_id": "652103188", "osm_type": "way", "label_class": "1", "site_class": "castro", "name": "Castro de Sabrexo", "confidence": "high", "evidence": "fortification_type=hill_fort", "archaeological_site": "fortification", "civilization": "celtic", "fortification_type": "hill_fort", "wikidata": "", "centroid_lon": "-8.20865997", "centroid_lat": "42.79065942", "area_m2": "10294.7", "perimeter_m": "379.9", "equivalent_radius_m": "57.2", "circularity": "0.8964", "vertices": "17", "matched_catalogue_id": "wl-pos-pos-es-pba-75421", "matched_catalogue_name": "Castro de Sabrexo/Zarra dos Castros/O Castro", "matched_distance_m": "11"}}, {"type": "Feature", "geometry": {"type": "Polygon", "coordinates": [[[-8.1695877, 42.7757428], [-8.1696401, 42.7756378], [-8.1696926, 42.7755048], [-8.1697355, 42.7753648], [-8.1697164, 42.7752492], [-8.169602, 42.7751127], [-8.1693397, 42.7750287], [-8.1691632, 42.7750742], [-8.1689724, 42.7753263], [-8.1688914, 42.7755013], [-8.1688675, 42.7756413], [-8.1689295, 42.7757638], [-8.1691012, 42.7758443], [-8.1693874, 42.7759003], [-8.1694827, 42.7758618], [-8.1695877, 42.7757428]]]}, "properties": {"osm_id": "652103192", "osm_type": "way", "label_class": "1", "site_class": "castro", "name": "Castro de Besexos", "confidence": "high", "evidence": "fortification_type=hill_fort", "archaeological_site": "fortification", "civilization": "celtic", "fortification_type": "hill_fort", "wikidata": "", "centroid_lon": "-8.16935606", "centroid_lat": "42.77551856", "area_m2": "4954.8", "perimeter_m": "261.8", "equivalent_radius_m": "39.7", "circularity": "0.9087", "vertices": "16", "matched_catalogue_id": "wl-pos-pos-es-pba-75291", "matched_catalogue_name": "Castro de Besexos/A Croa de Caxide", "matched_distance_m": "16"}}, {"type": "Feature", "geometry": {"type": "Polygon", "coordinates": [[[-8.2034666, 42.7734482], [-8.2036312, 42.7734114], [-8.2037623, 42.7733607], [-8.2038267, 42.7732836], [-8.2038219, 42.7731821], [-8.2037647, 42.7731139], [-8.2035954, 42.7730404], [-8.2033617, 42.7729931], [-8.2031543, 42.7729913], [-8.2029993, 42.7730246], [-8.202892, 42.7731209], [-8.2028896, 42.7732486], [-8.2029731, 42.7733449], [-8.2030875, 42.7733922], [-8.2032735, 42.7734394], [-8.2034666, 42.7734482]]]}, "properties": {"osm_id": "652103201", "osm_type": "way", "label_class": "1", "site_class": "castro", "name": "Roda do Castro", "confidence": "high", "evidence": "fortification_type=hill_fort", "archaeological_site": "fortification", "civilization": "celtic", "fortification_type": "hill_fort", "wikidata": "", "centroid_lon": "-8.20337290", "centroid_lat": "42.77324022", "area_m2": "3071.5", "perimeter_m": "205.9", "equivalent_radius_m": "31.3", "circularity": "0.9106", "vertices": "16", "matched_catalogue_id": "wl-pos-pos-es-pba-75555", "matched_catalogue_name": "Coto do Castro/Coto da Roda/A Roda do Castro", "matched_distance_m": "3"}}, {"type": "Feature", "geometry": {"type": "Polygon", "coordinates": [[[-8.1662684, 42.7599079], [-8.1664306, 42.7591656], [-8.1671173, 42.7582762], [-8.1670315, 42.7579821], [-8.1660014, 42.757695], [-8.1649999, 42.757877], [-8.1644848, 42.7582272], [-8.1640938, 42.7584653], [-8.162892, 42.7589415], [-8.1623769, 42.7596208], [-8.1626631, 42.7599569], [-8.1639316, 42.7596978], [-8.1651716, 42.7597608], [-8.1657725, 42.7599709], [-8.1662684, 42.7599079]]]}, "properties": {"osm_id": "652103210", "osm_type": "way", "label_class": "0", "site_class": "mound", "name": "Túmulos do Marco de Oirós", "confidence": "high", "evidence": "archaeological_site=tumulus", "archaeological_site": "tumulus", "civilization": "prehistoric", "fortification_type": "", "wikidata": "", "centroid_lon": "-8.16503359", "centroid_lat": "42.75903019", "area_m2": "59173.0", "perimeter_m": "1051.3", "equivalent_radius_m": "137.2", "circularity": "0.6728", "vertices": "15", "matched_catalogue_id": "wl-neg-neg-es-pba-74616", "matched_catalogue_name": "Mámoa do Marco do Camballón 06", "matched_distance_m": "53"}}, {"type": "Feature", "geometry": {"type": "Polygon", "coordinates": [[[-8.2066021, 42.7460184], [-8.2068583, 42.7460529], [-8.2071129, 42.7460127], [-8.2073273, 42.7459041], [-8.2074688, 42.7457434], [-8.2075157, 42.7455553], [-8.2074611, 42.7453683], [-8.2073131, 42.7452108], [-8.2070944, 42.745107], [-8.2068382, 42.7450725], [-8.2065835, 42.7451126], [-8.2063691, 42.7452213], [-8.2062277, 42.7453819], [-8.2061807, 42.74557], [-8.2062354, 42.7457571], [-8.2063833, 42.7459145], [-8.2066021, 42.7460184]]]}, "properties": {"osm_id": "652450646", "osm_type": "way", "label_class": "1", "site_class": "castro", "name": "Castro de Santa Baia", "confidence": "high", "evidence": "fortification_type=hill_fort", "archaeological_site": "fortification", "civilization": "celtic", "fortification_type": "hill_fort", "wikidata": "", "centroid_lon": "-8.20683375", "centroid_lat": "42.74558948", "area_m2": "9118.3", "perimeter_m": "340.7", "equivalent_radius_m": "53.9", "circularity": "0.9871", "vertices": "17", "matched_catalogue_id": "wl-pos-pos-es-pba-67233", "matched_catalogue_name": "Castro de Santa Baia de Losón/Monte do Castro", "matched_distance_m": "21"}}, {"type": "Feature", "geometry": {"type": "Polygon", "coordinates": [[[-8.1638246, 42.7496937], [-8.1640195, 42.7496418], [-8.1641542, 42.7495516], [-8.1641995, 42.7494219], [-8.1641516, 42.7492648], [-8.1640106, 42.7491808], [-8.1638164, 42.7491728], [-8.1636566, 42.7492557], [-8.163563, 42.7493705], [-8.1635682, 42.7495044], [-8.1636413, 42.7496318], [-8.1638246, 42.7496937]]]}, "properties": {"osm_id": "652450647", "osm_type": "way", "label_class": "1", "site_class": "castro", "name": "Castro do Coto Grande de Asorei", "confidence": "high", "evidence": "fortification_type=hill_fort", "archaeological_site": "fortification", "civilization": "celtic", "fortification_type": "hill_fort", "wikidata": "", "centroid_lon": "-8.16386918", "centroid_lat": "42.74944862", "area_m2": "2294.2", "perimeter_m": "173.1", "equivalent_radius_m": "27.0", "circularity": "0.9622", "vertices": "12", "matched_catalogue_id": "", "matched_catalogue_name": "", "matched_distance_m": ""}}, {"type": "Feature", "geometry": {"type": "Polygon", "coordinates": [[[-8.1403551, 42.735042], [-8.1405712, 42.7349588], [-8.14071, 42.7348114], [-8.1407395, 42.7346335], [-8.1406532, 42.7344659], [-8.1404707, 42.734347], [-8.1402338, 42.734304], [-8.1399969, 42.7343467], [-8.1398141, 42.7344655], [-8.1397274, 42.734633], [-8.1397567, 42.7348109], [-8.1398952, 42.7349585], [-8.1401111, 42.7350419], [-8.1403551, 42.735042]]]}, "properties": {"osm_id": "652450648", "osm_type": "way", "label_class": "1", "site_class": "castro", "name": "Castro do Outeiro Grande", "confidence": "high", "evidence": "fortification_type=hill_fort", "archaeological_site": "fortification", "civilization": "", "fortification_type": "hill_fort", "wikidata": "", "centroid_lon": "-8.14024214", "centroid_lat": "42.73470436", "area_m2": "5247.9", "perimeter_m": "259.3", "equivalent_radius_m": "40.9", "circularity": "0.9805", "vertices": "14", "matched_catalogue_id": "wl-neg-neg-es-pba-67209", "matched_catalogue_name": "Mámoa de Outeiro Grande-Riádigos 8", "matched_distance_m": "242"}}, {"type": "Feature", "geometry": {"type": "Polygon", "coordinates": [[[-8.1433368, 42.7372496], [-8.1430578, 42.7369895], [-8.1429613, 42.7367374], [-8.142575, 42.7365522], [-8.1419957, 42.7365285], [-8.1413734, 42.736694], [-8.1411642, 42.7368871], [-8.1413627, 42.7371511], [-8.1416684, 42.737218], [-8.1423229, 42.7373441], [-8.1426287, 42.7374623], [-8.1432563, 42.7373717], [-8.1433368, 42.7372496]]]}, "properties": {"osm_id": "652450649", "osm_type": "way", "label_class": "0", "site_class": "mound", "name": "Mámoas do Outeiro Grande", "confidence": "high", "evidence": "archaeological_site=tumulus", "archaeological_site": "tumulus", "civilization": "prehistoric", "fortification_type": "", "wikidata": "", "centroid_lon": "-8.14238769", "centroid_lat": "42.73703347", "area_m2": "12043.6", "perimeter_m": "443.4", "equivalent_radius_m": "61.9", "circularity": "0.7699", "vertices": "13", "matched_catalogue_id": "wl-neg-neg-es-pba-67173", "matched_catalogue_name": "Mámoa de Outeiro Grande-Riádigos 1", "matched_distance_m": "11"}}, {"type": "Feature", "geometry": {"type": "Polygon", "coordinates": [[[-8.1494147, 42.7471067], [-8.1497634, 42.7471028], [-8.1501389, 42.7469807], [-8.1501281, 42.7468349], [-8.1500423, 42.7467088], [-8.1495917, 42.7466813], [-8.1491679, 42.7465946], [-8.1489319, 42.7467128], [-8.1490123, 42.746894], [-8.1494147, 42.7471067]]]}, "properties": {"osm_id": "652450650", "osm_type": "way", "label_class": "0", "site_class": "mound", "name": "Mámoas dos Cotarros", "confidence": "high", "evidence": "archaeological_site=tumulus", "archaeological_site": "tumulus", "civilization": "prehistoric", "fortification_type": "", "wikidata": "", "centroid_lon": "-8.14956059", "centroid_lat": "42.74687233", "area_m2": "3910.2", "perimeter_m": "252.1", "equivalent_radius_m": "35.3", "circularity": "0.7734", "vertices": "10", "matched_catalogue_id": "wl-neg-neg-es-pba-67351", "matched_catalogue_name": "Mámoa dos Cotarros 1", "matched_distance_m": "21"}}, {"type": "Feature", "geometry": {"type": "Polygon", "coordinates": [[[-8.2505752, 42.7938731], [-8.2508523, 42.7938058], [-8.2510565, 42.7936814], [-8.2511907, 42.7934933], [-8.2512258, 42.7931894], [-8.2510796, 42.7929175], [-8.2508446, 42.7927458], [-8.2505334, 42.7926557], [-8.2502242, 42.792676], [-8.2499167, 42.7928226], [-8.2497793, 42.7929921], [-8.2497096, 42.7932292], [-8.2497874, 42.7935239], [-8.2500928, 42.7937685], [-8.2503083, 42.7938426], [-8.2505752, 42.7938731]]]}, "properties": {"osm_id": "652456735", "osm_type": "way", "label_class": "1", "site_class": "castro", "name": "Castro de Alcobre", "confidence": "high", "evidence": "fortification_type=hill_fort", "archaeological_site": "fortification", "civilization": "celtic", "fortification_type": "hill_fort", "wikidata": "", "centroid_lon": "-8.25048448", "centroid_lat": "42.79331812", "area_m2": "12865.1", "perimeter_m": "406.2", "equivalent_radius_m": "64.0", "circularity": "0.9799", "vertices": "16", "matched_catalogue_id": "", "matched_catalogue_name": "", "matched_distance_m": ""}}, {"type": "Feature", "geometry": {"type": "Polygon", "coordinates": [[[-8.2156761, 42.8043778], [-8.2157501, 42.8043342], [-8.215814, 42.8042672], [-8.2158465, 42.8041936], [-8.2158436, 42.8040922], [-8.2157922, 42.8039404], [-8.2157033, 42.8038336], [-8.2155647, 42.8037387], [-8.2153593, 42.8036741], [-8.2150753, 42.8036787], [-8.2149142, 42.8037156], [-8.2147207, 42.8037961], [-8.2145873, 42.8039334], [-8.2145282, 42.8040846], [-8.2145311, 42.8042112], [-8.2145591, 42.8043615], [-8.2145833, 42.8044361], [-8.2146439, 42.8044855], [-8.2147305, 42.8045105], [-8.21483, 42.8045209], [-8.2149893, 42.8045259], [-8.2153803, 42.8044779], [-8.2155466, 42.8044289], [-8.2156761, 42.8043778]]]}, "properties": {"osm_id": "652497210", "osm_type": "way", "label_class": "1", "site_class": "castro", "name": "Castro de Pastoriza", "confidence": "high", "evidence": "fortification_type=hill_fort", "archaeological_site": "fortification", "civilization": "celtic", "fortification_type": "hill_fort", "wikidata": "", "centroid_lon": "-8.21519357", "centroid_lat": "42.80416652", "area_m2": "8227.7", "perimeter_m": "328.0", "equivalent_radius_m": "51.2", "circularity": "0.9608", "vertices": "24", "matched_catalogue_id": "wl-pos-pos-es-pba-75420", "matched_catalogue_name": "Castro de Pastoriza", "matched_distance_m": "9"}}, {"type": "Feature", "geometry": {"type": "Polygon", "coordinates": [[[-8.6279875, 43.2950631], [-8.6281085, 43.2952282], [-8.6282995, 43.2953534], [-8.6285375, 43.2954239], [-8.6287944, 43.2954312], [-8.6290393, 43.2953745], [-8.6292431, 43.2952605], [-8.6293721, 43.2951184], [-8.6294341, 43.2949542], [-8.6294229, 43.294784], [-8.6293397, 43.2946248], [-8.6291927, 43.2944923], [-8.6289964, 43.2943996], [-8.6287703, 43.2943559], [-8.6285366, 43.2943654], [-8.6283186, 43.2944273], [-8.6281378, 43.2945354], [-8.6280031, 43.2946948], [-8.6279509, 43.2948779], [-8.6279875, 43.2950631]]]}, "properties": {"osm_id": "653084985", "osm_type": "way", "label_class": "1", "site_class": "castro", "name": "Castro de Costenla", "confidence": "medium", "evidence": "site=fortification,civ=celtic", "archaeological_site": "fortification", "civilization": "celtic", "fortification_type": "", "wikidata": "", "centroid_lon": "-8.62867363", "centroid_lat": "43.29489140", "area_m2": "11208.1", "perimeter_m": "377.0", "equivalent_radius_m": "59.7", "circularity": "0.9908", "vertices": "20", "matched_catalogue_id": "wl-pos-pos-es-pba-3514", "matched_catalogue_name": "Castro de Constenla", "matched_distance_m": "9"}}, {"type": "Feature", "geometry": {"type": "Polygon", "coordinates": [[[-8.1265569, 43.342321], [-8.1267039, 43.342428], [-8.1267922, 43.342565], [-8.1268113, 43.3427156], [-8.1267589, 43.342862], [-8.1266412, 43.3429868], [-8.1264723, 43.343075], [-8.1262903, 43.3431148], [-8.1261002, 43.3431113], [-8.1259211, 43.3430651], [-8.1257707, 43.3429806], [-8.1256639, 43.3428662], [-8.1256113, 43.3427334], [-8.1256182, 43.3425952], [-8.1256838, 43.3424655], [-8.1258017, 43.342357], [-8.1259602, 43.3422807], [-8.1261615, 43.3422427], [-8.1263686, 43.3422567], [-8.1265569, 43.342321]]]}, "properties": {"osm_id": "655235234", "osm_type": "way", "label_class": "1", "site_class": "castro", "name": "Castro de Torres", "confidence": "medium", "evidence": "site=fortification,civ=celtic", "archaeological_site": "fortification", "civilization": "celtic", "fortification_type": "", "wikidata": "", "centroid_lon": "-8.12621226", "centroid_lat": "43.34266718", "area_m2": "7356.2", "perimeter_m": "305.4", "equivalent_radius_m": "48.4", "circularity": "0.9908", "vertices": "20", "matched_catalogue_id": "wl-pos-pos-es-pba-26120", "matched_catalogue_name": "Os Castros, Castro de Torres", "matched_distance_m": "4"}}, {"type": "Feature", "geometry": {"type": "Polygon", "coordinates": [[[-8.0906329, 43.3408828], [-8.0900672, 43.3419915], [-8.089313, 43.3419187], [-8.0894889, 43.3410487], [-8.0899384, 43.3404312], [-8.0914642, 43.3391914], [-8.092064, 43.3388011], [-8.0939266, 43.3370484], [-8.0948106, 43.3366045], [-8.0955893, 43.3371555], [-8.0947264, 43.3376454], [-8.0942107, 43.3376377], [-8.0919904, 43.3396889], [-8.0906329, 43.3408828]]]}, "properties": {"osm_id": "655250244", "osm_type": "way", "label_class": "0", "site_class": "mound", "name": "Mámoas de Espeldoña", "confidence": "high", "evidence": "archaeological_site=tumulus", "archaeological_site": "tumulus", "civilization": "prehistoric", "fortification_type": "", "wikidata": "", "centroid_lon": "-8.09206111", "centroid_lat": "43.33935204", "area_m2": "50877.3", "perimeter_m": "1634.3", "equivalent_radius_m": "127.3", "circularity": "0.2394", "vertices": "14", "matched_catalogue_id": "wl-neg-neg-es-pba-26459", "matched_catalogue_name": "Mámoa 3 de Espeldoña", "matched_distance_m": "102"}}, {"type": "Feature", "geometry": {"type": "Polygon", "coordinates": [[[-8.1235704, 43.3286283], [-8.1234569, 43.3288002], [-8.1234266, 43.3289895], [-8.1234828, 43.3291757], [-8.1236194, 43.3293384], [-8.1238213, 43.3294599], [-8.1240667, 43.3295268], [-8.1243265, 43.3295321], [-8.1245748, 43.3294761], [-8.1247848, 43.3293646], [-8.1249339, 43.3292097], [-8.1250062, 43.3290281], [-8.1249939, 43.3288392], [-8.1248983, 43.3286634], [-8.1247297, 43.3285195], [-8.1245061, 43.328423], [-8.1242496, 43.3283842], [-8.1239896, 43.3284083], [-8.1237547, 43.3284928], [-8.1235704, 43.3286283]]]}, "properties": {"osm_id": "655250253", "osm_type": "way", "label_class": "1", "site_class": "castro", "name": "", "confidence": "medium", "evidence": "site=fortification,civ=celtic", "archaeological_site": "fortification", "civilization": "celtic", "fortification_type": "", "wikidata": "", "centroid_lon": "-8.12418813", "centroid_lat": "43.32894441", "area_m2": "12720.6", "perimeter_m": "401.7", "equivalent_radius_m": "63.6", "circularity": "0.9909", "vertices": "20", "matched_catalogue_id": "wl-pos-pos-es-pba-26357", "matched_catalogue_name": "Castro de Goimil", "matched_distance_m": "42"}}, {"type": "Feature", "geometry": {"type": "Polygon", "coordinates": [[[-8.1660522, 43.3731734], [-8.1662253, 43.3733125], [-8.1663273, 43.3734848], [-8.1663472, 43.3736719], [-8.1662828, 43.3738535], [-8.1661411, 43.3740104], [-8.1659352, 43.3741263], [-8.1656886, 43.3741871], [-8.1654281, 43.3741861], [-8.1651824, 43.3741234], [-8.1649781, 43.3740059], [-8.1648378, 43.3738465], [-8.1647766, 43.3736625], [-8.1648013, 43.373474], [-8.1649092, 43.3733017], [-8.1650885, 43.3731644], [-8.1653174, 43.3730776], [-8.1655725, 43.3730493], [-8.1658265, 43.3730823], [-8.1660522, 43.3731734]]]}, "properties": {"osm_id": "656608869", "osm_type": "way", "label_class": "1", "site_class": "castro", "name": "Castro de Andrade", "confidence": "medium", "evidence": "site=fortification,civ=celtic", "archaeological_site": "fortification", "civilization": "celtic", "fortification_type": "", "wikidata": "", "centroid_lon": "-8.16558851", "centroid_lat": "43.37359835", "area_m2": "12534.3", "perimeter_m": "398.7", "equivalent_radius_m": "63.2", "circularity": "0.9909", "vertices": "20", "matched_catalogue_id": "wl-pos-pos-es-pba-18251", "matched_catalogue_name": "Castro de Andrade", "matched_distance_m": "24"}}, {"type": "Feature", "geometry": {"type": "Polygon", "coordinates": [[[-7.9641814, 42.9304108], [-7.9638166, 42.9292639], [-7.9629369, 42.9293661], [-7.9633231, 42.9305208], [-7.9641814, 42.9304108]]]}, "properties": {"osm_id": "657849396", "osm_type": "way", "label_class": "1", "site_class": "castro", "name": "Xacemento da Pena Grande", "confidence": "medium", "evidence": "site=fortification,civ=none", "archaeological_site": "fortification", "civilization": "", "fortification_type": "", "wikidata": "", "centroid_lon": "-7.96368788", "centroid_lat": "42.92999448", "area_m2": "9435.3", "perimeter_m": "407.0", "equivalent_radius_m": "54.8", "circularity": "0.7156", "vertices": "5", "matched_catalogue_id": "", "matched_catalogue_name": "", "matched_distance_m": ""}}, {"type": "Feature", "geometry": {"type": "Polygon", "coordinates": [[[-8.1905817, 42.8066815], [-8.1906444, 42.8065799], [-8.1906758, 42.8064719], [-8.1906568, 42.8063479], [-8.1905874, 42.8062411], [-8.1904923, 42.8061658], [-8.190363, 42.8061129], [-8.1902408, 42.8060903], [-8.1901138, 42.8060843], [-8.1899758, 42.806098], [-8.1898518, 42.8061225], [-8.1896638, 42.8061964], [-8.1895752, 42.8062524], [-8.1895155, 42.8063024], [-8.1894357, 42.8063958], [-8.1893776, 42.8065145], [-8.1893668, 42.8065865], [-8.1893752, 42.8066557], [-8.1894042, 42.8067426], [-8.1894701, 42.8068257], [-8.1895689, 42.8068966], [-8.1896912, 42.8069377], [-8.1898421, 42.8069608], [-8.1900135, 42.8069552], [-8.1901704, 42.8069191], [-8.1903381, 42.806867], [-8.1904735, 42.8067873], [-8.1905817, 42.8066815]]]}, "properties": {"osm_id": "658005484", "osm_type": "way", "label_class": "1", "site_class": "castro", "name": "Castro de Cumeiro", "confidence": "high", "evidence": "fortification_type=hill_fort", "archaeological_site": "fortification", "civilization": "celtic", "fortification_type": "hill_fort", "wikidata": "", "centroid_lon": "-8.19000168", "centroid_lat": "42.80651690", "area_m2": "8038.4", "perimeter_m": "321.1", "equivalent_radius_m": "50.6", "circularity": "0.9800", "vertices": "28", "matched_catalogue_id": "wl-pos-pos-es-pba-75293", "matched_catalogue_name": "Castro de Cumeiro/A Croa do Castro", "matched_distance_m": "5"}}, {"type": "Feature", "geometry": {"type": "Polygon", "coordinates": [[[-8.1535626, 42.8146864], [-8.1536088, 42.8146773], [-8.1536365, 42.8146502], [-8.1536519, 42.8146141], [-8.1536704, 42.8144265], [-8.153655, 42.81437], [-8.1536149, 42.8143225], [-8.153273, 42.8142367], [-8.152891, 42.8141666], [-8.1526631, 42.814135], [-8.1525706, 42.8141485], [-8.1524875, 42.8141711], [-8.1523812, 42.8142254], [-8.1522903, 42.8142774], [-8.1522302, 42.8143214], [-8.1521794, 42.8143723], [-8.1521501, 42.8144231], [-8.1521332, 42.8144739], [-8.1521409, 42.8145078], [-8.152164, 42.8145327], [-8.1522118, 42.8145542], [-8.1522718, 42.8145734], [-8.1526107, 42.8146344], [-8.1529064, 42.8146728], [-8.153233, 42.8147044], [-8.1534363, 42.8147044], [-8.1535626, 42.8146864]]]}, "properties": {"osm_id": "658256115", "osm_type": "way", "label_class": "1", "site_class": "castro", "name": "Castro da Contiña", "confidence": "high", "evidence": "fortification_type=hill_fort", "archaeological_site": "fortification", "civilization": "celtic", "fortification_type": "hill_fort", "wikidata": "", "centroid_lon": "-8.15285879", "centroid_lat": "42.81445440", "area_m2": "5877.3", "perimeter_m": "311.0", "equivalent_radius_m": "43.3", "circularity": "0.7634", "vertices": "27", "matched_catalogue_id": "wl-pos-pos-es-pba-75557", "matched_catalogue_name": "Coto do Chelo/Castro da Contiña", "matched_distance_m": "4"}}, {"type": "Feature", "geometry": {"type": "Polygon", "coordinates": [[[-8.1885014, 42.8406629], [-8.1885666, 42.8406254], [-8.1885935, 42.8405853], [-8.1886158, 42.8405302], [-8.1886231, 42.840485], [-8.1886131, 42.8404049], [-8.1885866, 42.8403249], [-8.188542, 42.8402464], [-8.1884916, 42.8401848], [-8.1884052, 42.8401094], [-8.1883128, 42.8400566], [-8.1882312, 42.8400231], [-8.1881475, 42.8400107], [-8.1880241, 42.8400262], [-8.1879033, 42.8400612], [-8.1878154, 42.8400992], [-8.1877387, 42.8401433], [-8.1877086, 42.8401978], [-8.1877185, 42.8402643], [-8.187739, 42.8403314], [-8.1877666, 42.8403871], [-8.187815, 42.8404506], [-8.1878833, 42.8405273], [-8.187953, 42.8405822], [-8.1880389, 42.8406315], [-8.1881375, 42.8406708], [-8.188283, 42.8407037], [-8.1883993, 42.8406985], [-8.1885014, 42.8406629]]]}, "properties": {"osm_id": "658256122", "osm_type": "way", "label_class": "1", "site_class": "castro", "name": "Castro de Xordedo", "confidence": "high", "evidence": "fortification_type=hill_fort", "archaeological_site": "fortification", "civilization": "celtic", "fortification_type": "hill_fort", "wikidata": "", "centroid_lon": "-8.18819503", "centroid_lat": "42.84036854", "area_m2": "4185.5", "perimeter_m": "235.1", "equivalent_radius_m": "36.5", "circularity": "0.9513", "vertices": "29", "matched_catalogue_id": "wl-pos-pos-es-pba-75425", "matched_catalogue_name": "Castro de Xordedo/Os Castros", "matched_distance_m": "16"}}, {"type": "Feature", "geometry": {"type": "Polygon", "coordinates": [[[-9.206042, 42.9201014], [-9.2059198, 42.9202341], [-9.2058622, 42.9203885], [-9.2058753, 42.9205483], [-9.2059577, 42.9206965], [-9.2061007, 42.9208175], [-9.2062892, 42.9208986], [-9.2065032, 42.920931], [-9.2067201, 42.9209115], [-9.2069222, 42.9208393], [-9.2070805, 42.9207223], [-9.2071772, 42.9205736], [-9.2072015, 42.9204098], [-9.2071507, 42.9202494], [-9.2070304, 42.9201102], [-9.2068541, 42.9200079], [-9.2066417, 42.9199539], [-9.2064231, 42.9199535], [-9.2062159, 42.9200045], [-9.206042, 42.9201014]]]}, "properties": {"osm_id": "660444365", "osm_type": "way", "label_class": "1", "site_class": "castro", "name": "Castro de Redonda", "confidence": "medium", "evidence": "site=fortification,civ=celtic", "archaeological_site": "fortification", "civilization": "celtic", "fortification_type": "", "wikidata": "", "centroid_lon": "-9.20650048", "centroid_lat": "42.92042266", "area_m2": "9258.4", "perimeter_m": "342.7", "equivalent_radius_m": "54.3", "circularity": "0.9909", "vertices": "20", "matched_catalogue_id": "wl-pos-pos-es-pba-5978", "matched_catalogue_name": "Castro de Redonda", "matched_distance_m": "31"}}, {"type": "Feature", "geometry": {"type": "Polygon", "coordinates": [[[-9.190345, 42.9328676], [-9.1903962, 42.9329886], [-9.1904968, 42.9330916], [-9.1906367, 42.9331662], [-9.1908016, 42.9332047], [-9.1909746, 42.9332032], [-9.1911466, 42.9331586], [-9.1912885, 42.9330747], [-9.1913845, 42.932961], [-9.1914235, 42.9328305], [-9.1914012, 42.932698], [-9.1913201, 42.9325783], [-9.1911893, 42.9324851], [-9.1910238, 42.9324289], [-9.1908422, 42.9324162], [-9.190665, 42.9324482], [-9.1905125, 42.9325215], [-9.1904062, 42.9326215], [-9.1903484, 42.9327409], [-9.190345, 42.9328676]]]}, "properties": {"osm_id": "660444370", "osm_type": "way", "label_class": "1", "site_class": "castro", "name": "Castro de Quenxe", "confidence": "medium", "evidence": "site=fortification,civ=celtic", "archaeological_site": "fortification", "civilization": "celtic", "fortification_type": "", "wikidata": "", "centroid_lon": "-9.19084739", "centroid_lat": "42.93281765", "area_m2": "6024.2", "perimeter_m": "276.4", "equivalent_radius_m": "43.8", "circularity": "0.9909", "vertices": "20", "matched_catalogue_id": "wl-pos-pos-es-pba-5977", "matched_catalogue_name": "Castro de Quenxe", "matched_distance_m": "49"}}, {"type": "Feature", "geometry": {"type": "Polygon", "coordinates": [[[-8.1095151, 43.4465225], [-8.1096144, 43.4466132], [-8.1096736, 43.4467389], [-8.1097121, 43.4468811], [-8.1097112, 43.4470091], [-8.1096667, 43.4470869], [-8.1095151, 43.4472105], [-8.1092933, 43.447291], [-8.1090591, 43.4472955], [-8.1087726, 43.4472015], [-8.1085754, 43.4471143], [-8.1085662, 43.4470091], [-8.1086185, 43.4468839], [-8.1087295, 43.4467564], [-8.1089051, 43.4466289], [-8.1091423, 43.4465148], [-8.109281, 43.4464902], [-8.1093445, 43.446484], [-8.1095151, 43.4465225]]]}, "properties": {"osm_id": "662603156", "osm_type": "way", "label_class": "1", "site_class": "castro", "name": "Castro", "confidence": "medium", "evidence": "site=fortification,civ=prehistoric", "archaeological_site": "fortification", "civilization": "prehistoric", "fortification_type": "", "wikidata": "", "centroid_lon": "-8.10922162", "centroid_lat": "43.44685549", "area_m2": "6170.4", "perimeter_m": "286.2", "equivalent_radius_m": "44.3", "circularity": "0.9464", "vertices": "19", "matched_catalogue_id": "wl-pos-pos-es-pba-3898", "matched_catalogue_name": "Castro de Piñeiros", "matched_distance_m": "6"}}, {"type": "Feature", "geometry": {"type": "Polygon", "coordinates": [[[-8.2064757, 43.4383249], [-8.2078383, 43.4380756], [-8.2083318, 43.4376783], [-8.2084498, 43.4372343], [-8.207967, 43.4367123], [-8.2073126, 43.4363539], [-8.2064542, 43.4361981], [-8.2055423, 43.4362604], [-8.2048449, 43.4363773], [-8.2043192, 43.4366811], [-8.2041583, 43.4369226], [-8.2041583, 43.4373511], [-8.2044158, 43.4377407], [-8.2050166, 43.4379899], [-8.2058105, 43.4382548], [-8.2064757, 43.4383249]]]}, "properties": {"osm_id": "662603157", "osm_type": "way", "label_class": "1", "site_class": "castro", "name": "O Castro", "confidence": "medium", "evidence": "site=fortification,civ=prehistoric", "archaeological_site": "fortification", "civilization": "prehistoric", "fortification_type": "", "wikidata": "Q61388076", "centroid_lon": "-8.20609819", "centroid_lat": "43.43728001", "area_m2": "62346.7", "perimeter_m": "924.0", "equivalent_radius_m": "140.9", "circularity": "0.9176", "vertices": "16", "matched_catalogue_id": "wl-pos-pos-es-pba-1956", "matched_catalogue_name": "A Roda do Castro", "matched_distance_m": "55"}}, {"type": "Feature", "geometry": {"type": "Polygon", "coordinates": [[[-7.8550512, 43.659647], [-7.8550764, 43.659793], [-7.8551682, 43.6599243], [-7.8553159, 43.6600254], [-7.8555022, 43.6600846], [-7.8557051, 43.6600948], [-7.8559009, 43.6600548], [-7.8560556, 43.6599772], [-7.8561689, 43.6598685], [-7.8562294, 43.6597396], [-7.8562312, 43.6596034], [-7.8561739, 43.6594737], [-7.8560633, 43.6593634], [-7.8559107, 43.6592838], [-7.8557312, 43.6592427], [-7.855543, 43.6592444], [-7.8553649, 43.6592886], [-7.8552045, 43.659379], [-7.8550956, 43.6595033], [-7.8550512, 43.659647]]]}, "properties": {"osm_id": "675320128", "osm_type": "way", "label_class": "1", "site_class": "castro", "name": "Castro de Chousa", "confidence": "medium", "evidence": "site=fortification,civ=celtic", "archaeological_site": "fortification", "civilization": "celtic", "fortification_type": "", "wikidata": "", "centroid_lon": "-7.85562716", "centroid_lat": "43.65966193", "area_m2": "7050.4", "perimeter_m": "299.0", "equivalent_radius_m": "47.4", "circularity": "0.9908", "vertices": "20", "matched_catalogue_id": "wl-pos-pos-es-pba-17471", "matched_catalogue_name": "Castro de Chouso/Castro de Saa", "matched_distance_m": "14"}}, {"type": "Feature", "geometry": {"type": "Polygon", "coordinates": [[[-8.9645715, 42.9570703], [-8.9648873, 42.9567147], [-8.9648873, 42.9562879], [-8.9644743, 42.9559145], [-8.9641888, 42.9558256], [-8.9638851, 42.9558211], [-8.9635874, 42.9558656], [-8.9633627, 42.9559723], [-8.9631319, 42.956239], [-8.9632351, 42.9565057], [-8.9634295, 42.9568347], [-8.9636421, 42.9570214], [-8.964043, 42.9571192], [-8.9643406, 42.9571237], [-8.9645715, 42.9570703]]]}, "properties": {"osm_id": "679538625", "osm_type": "way", "label_class": "1", "site_class": "castro", "name": "Castro do Monte Aro", "confidence": "medium", "evidence": "site=fortification,civ=celtic", "archaeological_site": "fortification", "civilization": "celtic", "fortification_type": "", "wikidata": "", "centroid_lon": "-8.96401587", "centroid_lat": "42.95649240", "area_m2": "15902.5", "perimeter_m": "456.2", "equivalent_radius_m": "71.1", "circularity": "0.9603", "vertices": "15", "matched_catalogue_id": "wl-pos-pos-es-pba-12380", "matched_catalogue_name": "Castro do Monte Aro", "matched_distance_m": "1"}}, {"type": "Feature", "geometry": {"type": "Polygon", "coordinates": [[[-8.077165, 42.8943369], [-8.0771757, 42.8944863], [-8.0773581, 42.8946828], [-8.0776693, 42.8948793], [-8.0783881, 42.8950679], [-8.0787851, 42.8950443], [-8.0789245, 42.8948321], [-8.0789889, 42.8944941], [-8.078946, 42.8943134], [-8.0785705, 42.8939754], [-8.0783559, 42.8938024], [-8.0781199, 42.8937396], [-8.0778517, 42.8937553], [-8.0776693, 42.8938575], [-8.0773367, 42.894164], [-8.077165, 42.8943369]]]}, "properties": {"osm_id": "691726594", "osm_type": "way", "label_class": "1", "site_class": "castro", "name": "O Castro das Varelas", "confidence": "medium", "evidence": "site=fortification,civ=celtic", "archaeological_site": "fortification", "civilization": "celtic", "fortification_type": "", "wikidata": "", "centroid_lon": "-8.07802936", "centroid_lat": "42.89436051", "area_m2": "15519.7", "perimeter_m": "459.1", "equivalent_radius_m": "70.3", "circularity": "0.9255", "vertices": "16", "matched_catalogue_id": "wl-pos-pos-es-pba-12423", "matched_catalogue_name": "Castro das Varelas", "matched_distance_m": "4"}}, {"type": "Feature", "geometry": {"type": "Polygon", "coordinates": [[[-8.2819079, 43.3733866], [-8.2818691, 43.3732563], [-8.2817171, 43.3730877], [-8.2814228, 43.3729723], [-8.2812049, 43.3729648], [-8.2819079, 43.3733866]]]}, "properties": {"osm_id": "697248821", "osm_type": "way", "label_class": "1", "site_class": "castro", "name": "Castro de Taibó", "confidence": "high", "evidence": "fortification_type=hill_fort", "archaeological_site": "fortification", "civilization": "celtic", "fortification_type": "hill_fort", "wikidata": "", "centroid_lon": "-8.28162436", "centroid_lat": "43.37313354", "area_m2": "747.0", "perimeter_m": "155.8", "equivalent_radius_m": "15.4", "circularity": "0.3869", "vertices": "5", "matched_catalogue_id": "wl-pos-pos-es-pba-20761", "matched_catalogue_name": "Castro de Taibó", "matched_distance_m": "78"}}, {"type": "Feature", "geometry": {"type": "Polygon", "coordinates": [[[-6.7245448, 41.832836], [-6.7245297, 41.8328626], [-6.7245252, 41.8328913], [-6.7245318, 41.8329198], [-6.7245489, 41.8329457], [-6.7245751, 41.832967], [-6.7246084, 41.832982], [-6.7246459, 41.8329893], [-6.7246846, 41.8329885], [-6.7247215, 41.8329796], [-6.7247536, 41.8329633], [-6.7247781, 41.8329409], [-6.7247932, 41.8329143], [-6.7247977, 41.8328856], [-6.7247911, 41.8328571], [-6.724774, 41.8328312], [-6.7247477, 41.8328099], [-6.7247145, 41.8327949], [-6.724677, 41.8327876], [-6.7246382, 41.8327884], [-6.7246014, 41.8327973], [-6.7245693, 41.8328136], [-6.7245448, 41.832836]]]}, "properties": {"osm_id": "713378960", "osm_type": "way", "label_class": "1", "site_class": "castro", "name": "Atalaia de Candaira", "confidence": "medium", "evidence": "site=fortification,civ=none", "archaeological_site": "fortification", "civilization": "", "fortification_type": "", "wikidata": "", "centroid_lon": "-6.72465637", "centroid_lat": "41.83288617", "area_m2": "395.9", "perimeter_m": "70.8", "equivalent_radius_m": "11.2", "circularity": "0.9932", "vertices": "23", "matched_catalogue_id": "", "matched_catalogue_name": "", "matched_distance_m": ""}}, {"type": "Feature", "geometry": {"type": "Polygon", "coordinates": [[[-6.9485555, 41.8397502], [-6.9485787, 41.8397071], [-6.9484988, 41.8396832], [-6.9484756, 41.8397263], [-6.9485555, 41.8397502]]]}, "properties": {"osm_id": "713428477", "osm_type": "way", "label_class": "1", "site_class": "castro", "name": "Ruínas do Forte de Modorra", "confidence": "medium", "evidence": "site=fortification,civ=none", "archaeological_site": "fortification", "civilization": "", "fortification_type": "", "wikidata": "Q66813540", "centroid_lon": "-6.94853282", "centroid_lat": "41.83972340", "area_m2": "36.9", "perimeter_m": "24.6", "equivalent_radius_m": "3.4", "circularity": "0.7653", "vertices": "5", "matched_catalogue_id": "wl-neg-neg-pt-dgpc-108898", "matched_catalogue_name": "Modorro", "matched_distance_m": "1"}}, {"type": "Feature", "geometry": {"type": "Polygon", "coordinates": [[[-7.003469, 41.9148202], [-7.0034736, 41.9148462], [-7.0034888, 41.9148699], [-7.003513, 41.914889], [-7.003544, 41.9149015], [-7.0035787, 41.9149063], [-7.0036136, 41.9149029], [-7.0036454, 41.9148916], [-7.003671, 41.9148736], [-7.0036879, 41.9148505], [-7.0036943, 41.9148247], [-7.0036897, 41.9147987], [-7.0036746, 41.914775], [-7.0036503, 41.914756], [-7.0036194, 41.9147434], [-7.0035847, 41.9147387], [-7.0035497, 41.9147421], [-7.0035179, 41.9147533], [-7.0034923, 41.9147714], [-7.0034755, 41.9147944], [-7.003469, 41.9148202]]]}, "properties": {"osm_id": "714797387", "osm_type": "way", "label_class": "0", "site_class": "mound", "name": "Mamoa da Coroa", "confidence": "high", "evidence": "archaeological_site=megalith", "archaeological_site": "megalith", "civilization": "", "fortification_type": "", "wikidata": "", "centroid_lon": "-7.00357630", "centroid_lat": "41.91482236", "area_m2": "269.3", "perimeter_m": "58.4", "equivalent_radius_m": "9.3", "circularity": "0.9918", "vertices": "21", "matched_catalogue_id": "", "matched_catalogue_name": "", "matched_distance_m": ""}}, {"type": "Feature", "geometry": {"type": "Polygon", "coordinates": [[[-7.6053876, 42.9668925], [-7.6050121, 42.9673164], [-7.6046473, 42.9674224], [-7.6041806, 42.9672261], [-7.6039499, 42.9668571], [-7.6041323, 42.9663507], [-7.6043737, 42.9659818], [-7.6047224, 42.9658915], [-7.6051462, 42.9659189], [-7.6054573, 42.9660092], [-7.605511, 42.9663429], [-7.605511, 42.9666883], [-7.6053876, 42.9668925]]]}, "properties": {"osm_id": "736838722", "osm_type": "way", "label_class": "1", "site_class": "castro", "name": "Castro de Galegos", "confidence": "high", "evidence": "fortification_type=hill_fort", "archaeological_site": "fortification", "civilization": "castro_culture", "fortification_type": "hill_fort", "wikidata": "", "centroid_lon": "-7.60487838", "centroid_lat": "42.96659925", "area_m2": "16175.9", "perimeter_m": "473.8", "equivalent_radius_m": "71.8", "circularity": "0.9054", "vertices": "13", "matched_catalogue_id": "", "matched_catalogue_name": "", "matched_distance_m": ""}}, {"type": "Feature", "geometry": {"type": "Polygon", "coordinates": [[[-7.404592, 43.0632776], [-7.4044043, 43.0631934], [-7.4042916, 43.0630111], [-7.4042782, 43.0629053], [-7.4044338, 43.0627642], [-7.4045759, 43.0627309], [-7.4047744, 43.0627642], [-7.4050158, 43.0628348], [-7.4051204, 43.0629269], [-7.405099, 43.0630836], [-7.4049622, 43.0632345], [-7.4047208, 43.0632698], [-7.404592, 43.0632776]]]}, "properties": {"osm_id": "760066296", "osm_type": "way", "label_class": "1", "site_class": "castro", "name": "Castro da Croa", "confidence": "high", "evidence": "fortification_type=hill_fort", "archaeological_site": "fortification", "civilization": "castro_culture", "fortification_type": "hill_fort", "wikidata": "", "centroid_lon": "-7.40468157", "centroid_lat": "43.06302107", "area_m2": "3130.1", "perimeter_m": "203.6", "equivalent_radius_m": "31.6", "circularity": "0.9492", "vertices": "13", "matched_catalogue_id": "wl-pos-pos-es-pba-27869", "matched_catalogue_name": "Castro da Croa de Xan da Torre", "matched_distance_m": "12"}}, {"type": "Feature", "geometry": {"type": "Polygon", "coordinates": [[[-8.055357, 43.6443017], [-8.0552638, 43.6444684], [-8.0553496, 43.6447634], [-8.055591, 43.6450157], [-8.055988, 43.6449653], [-8.0563957, 43.6447595], [-8.0564761, 43.6444451], [-8.0562294, 43.6442044], [-8.0559665, 43.6441074], [-8.0556983, 43.6441423], [-8.055357, 43.6443017]]]}, "properties": {"osm_id": "770929804", "osm_type": "way", "label_class": "1", "site_class": "castro", "name": "O Castro das Croas", "confidence": "medium", "evidence": "site=fortification,civ=celtic", "archaeological_site": "fortification", "civilization": "celtic", "fortification_type": "", "wikidata": "", "centroid_lon": "-8.05578840", "centroid_lat": "43.64449772", "area_m2": "7125.4", "perimeter_m": "307.6", "equivalent_radius_m": "47.6", "circularity": "0.9460", "vertices": "11", "matched_catalogue_id": "wl-pos-pos-es-pba-6217", "matched_catalogue_name": "Castro As Croas", "matched_distance_m": "11"}}, {"type": "Feature", "geometry": {"type": "Polygon", "coordinates": [[[-8.1334555, 43.5836162], [-8.132844, 43.5837755], [-8.1326187, 43.5842573], [-8.1327742, 43.5847314], [-8.1332463, 43.5850772], [-8.1338739, 43.5850228], [-8.1342012, 43.5845216], [-8.1343138, 43.5840592], [-8.1341314, 43.5836006], [-8.1338686, 43.5835151], [-8.1334555, 43.5836162]]]}, "properties": {"osm_id": "770934288", "osm_type": "way", "label_class": "1", "site_class": "castro", "name": "Castro de Espiñuda", "confidence": "medium", "evidence": "site=fortification,civ=none", "archaeological_site": "fortification", "civilization": "", "fortification_type": "", "wikidata": "", "centroid_lon": "-8.13352574", "centroid_lat": "43.58416301", "area_m2": "17568.2", "perimeter_m": "493.9", "equivalent_radius_m": "74.8", "circularity": "0.9051", "vertices": "11", "matched_catalogue_id": "wl-pos-pos-es-pba-24675", "matched_catalogue_name": "Castro de Aviño", "matched_distance_m": "25"}}, {"type": "Feature", "geometry": {"type": "Polygon", "coordinates": [[[-8.0326729, 43.5774675], [-8.0320621, 43.5776888], [-8.0321843, 43.5782714], [-8.0334263, 43.5786254], [-8.0339964, 43.5782124], [-8.0334874, 43.5777404], [-8.0326729, 43.5774675]]]}, "properties": {"osm_id": "771174358", "osm_type": "way", "label_class": "1", "site_class": "castro", "name": "Castro de Bardaos", "confidence": "medium", "evidence": "site=fortification,civ=celtic", "archaeological_site": "fortification", "civilization": "celtic", "fortification_type": "", "wikidata": "Q2511592", "centroid_lon": "-8.03292890", "centroid_lat": "43.57792477", "area_m2": "12438.6", "perimeter_m": "432.4", "equivalent_radius_m": "62.9", "circularity": "0.8361", "vertices": "7", "matched_catalogue_id": "wl-pos-pos-es-pba-20265", "matched_catalogue_name": "Coto da Croa", "matched_distance_m": "10"}}, {"type": "Feature", "geometry": {"type": "Polygon", "coordinates": [[[-7.5072402, 43.0431157], [-7.5070363, 43.0431745], [-7.5069022, 43.0432764], [-7.5068405, 43.0434705], [-7.5068137, 43.043643], [-7.5067493, 43.0438449], [-7.5069532, 43.044186], [-7.5071624, 43.0443506], [-7.5075942, 43.0443467], [-7.5078142, 43.0442115], [-7.5080261, 43.0439802], [-7.5080368, 43.0437645], [-7.507849, 43.0432588], [-7.5076988, 43.0430824], [-7.5074413, 43.0430765], [-7.5072402, 43.0431157]]]}, "properties": {"osm_id": "793301355", "osm_type": "way", "label_class": "1", "site_class": "castro", "name": "Castro de Pedreda", "confidence": "high", "evidence": "fortification_type=hill_fort", "archaeological_site": "fortification", "civilization": "castro_culture", "fortification_type": "hill_fort", "wikidata": "", "centroid_lon": "-7.50733740", "centroid_lat": "43.04361862", "area_m2": "11506.3", "perimeter_m": "397.5", "equivalent_radius_m": "60.5", "circularity": "0.9152", "vertices": "16", "matched_catalogue_id": "wl-pos-pos-es-pba-31544", "matched_catalogue_name": "Castro de Pedreda/O Castro", "matched_distance_m": "23"}}, {"type": "Feature", "geometry": {"type": "Polygon", "coordinates": [[[-7.5368893, 42.957353], [-7.5365835, 42.9576631], [-7.536546, 42.9580165], [-7.5367445, 42.9582285], [-7.5369805, 42.958256], [-7.5373882, 42.9581343], [-7.5375384, 42.9578751], [-7.5376082, 42.9576553], [-7.5374472, 42.9574237], [-7.5371522, 42.9573451], [-7.5368893, 42.957353]]]}, "properties": {"osm_id": "793304122", "osm_type": "way", "label_class": "1", "site_class": "castro", "name": "Castro Valente", "confidence": "high", "evidence": "civilization=castro_culture", "archaeological_site": "settlement", "civilization": "castro_culture", "fortification_type": "", "wikidata": "", "centroid_lon": "-7.53706975", "centroid_lat": "42.95775487", "area_m2": "6608.7", "perimeter_m": "298.4", "equivalent_radius_m": "45.9", "circularity": "0.9328", "vertices": "11", "matched_catalogue_id": "wl-pos-pos-es-pba-31467", "matched_catalogue_name": "Castro Valente", "matched_distance_m": "3"}}, {"type": "Feature", "geometry": {"type": "Polygon", "coordinates": [[[-7.5385308, 42.9115469], [-7.5381982, 42.9117787], [-7.5380856, 42.9121009], [-7.5382626, 42.912317], [-7.5386757, 42.9123602], [-7.53896, 42.9123052], [-7.5391692, 42.9121166], [-7.5392604, 42.9118298], [-7.5390941, 42.9116333], [-7.5387776, 42.9115469], [-7.5385308, 42.9115469]]]}, "properties": {"osm_id": "793304543", "osm_type": "way", "label_class": "1", "site_class": "castro", "name": "Castro de Piñeiro", "confidence": "high", "evidence": "civilization=castro_culture", "archaeological_site": "settlement", "civilization": "castro_culture", "fortification_type": "", "wikidata": "", "centroid_lon": "-7.53868591", "centroid_lat": "42.91191658", "area_m2": "6518.9", "perimeter_m": "293.7", "equivalent_radius_m": "45.6", "circularity": "0.9495", "vertices": "11", "matched_catalogue_id": "wl-pos-pos-es-pba-31645", "matched_catalogue_name": "Castro de Piñeiro/O Castro", "matched_distance_m": "4"}}, {"type": "Feature", "geometry": {"type": "Polygon", "coordinates": [[[-7.5648916, 42.8768958], [-7.5643337, 42.8770137], [-7.5642049, 42.8773243], [-7.5641781, 42.877452], [-7.5642532, 42.8776014], [-7.5644544, 42.8778982], [-7.5648648, 42.8779179], [-7.5651303, 42.8777882], [-7.5653181, 42.8775012], [-7.5653315, 42.8771631], [-7.5652027, 42.8769901], [-7.5648916, 42.8768958]]]}, "properties": {"osm_id": "793306647", "osm_type": "way", "label_class": "1", "site_class": "castro", "name": "Castro de Cimadevila", "confidence": "high", "evidence": "fortification_type=hill_fort", "archaeological_site": "fortification", "civilization": "castro_culture", "fortification_type": "hill_fort", "wikidata": "", "centroid_lon": "-7.56475457", "centroid_lat": "42.87737014", "area_m2": "8318.7", "perimeter_m": "334.6", "equivalent_radius_m": "51.5", "circularity": "0.9339", "vertices": "12", "matched_catalogue_id": "wl-pos-pos-es-pba-32242", "matched_catalogue_name": "Castro de Cimadevila", "matched_distance_m": "11"}}, {"type": "Feature", "geometry": {"type": "Polygon", "coordinates": [[[-7.6050602, 42.8669459], [-7.6053983, 42.866845], [-7.6055297, 42.8667782], [-7.6057711, 42.8665973], [-7.6057604, 42.8663968], [-7.6056773, 42.8662828], [-7.6054707, 42.8661963], [-7.6049852, 42.8663142], [-7.6041645, 42.8667428], [-7.6043442, 42.8669197], [-7.6046875, 42.8670436], [-7.6050602, 42.8669459]]]}, "properties": {"osm_id": "793307057", "osm_type": "way", "label_class": "1", "site_class": "castro", "name": "Croa do Castro", "confidence": "medium", "evidence": "site=settlement,civ=celtic", "archaeological_site": "settlement", "civilization": "celtic", "fortification_type": "", "wikidata": "", "centroid_lon": "-7.60515911", "centroid_lat": "42.86666737", "area_m2": "7191.9", "perimeter_m": "339.2", "equivalent_radius_m": "47.8", "circularity": "0.7857", "vertices": "12", "matched_catalogue_id": "wl-pos-pos-es-pba-32283", "matched_catalogue_name": "Croa do Castro", "matched_distance_m": "24"}}, {"type": "Feature", "geometry": {"type": "Polygon", "coordinates": [[[-7.60919, 42.8504444], [-7.6089978, 42.8505397], [-7.6088691, 42.8507128], [-7.6088101, 42.8508996], [-7.6089549, 42.8512634], [-7.6091829, 42.8511985], [-7.6093961, 42.8511975], [-7.6097448, 42.8510835], [-7.6100828, 42.8509075], [-7.6100667, 42.8507305], [-7.6099084, 42.8505437], [-7.6097462, 42.850469], [-7.6095369, 42.8503972], [-7.6093197, 42.8504119], [-7.60919, 42.8504444]]]}, "properties": {"osm_id": "793307397", "osm_type": "way", "label_class": "1", "site_class": "castro", "name": "Castro de Piñeiras", "confidence": "medium", "evidence": "site=settlement,civ=celtic", "archaeological_site": "settlement", "civilization": "celtic", "fortification_type": "", "wikidata": "", "centroid_lon": "-7.60939976", "centroid_lat": "42.85074957", "area_m2": "7030.8", "perimeter_m": "314.5", "equivalent_radius_m": "47.3", "circularity": "0.8934", "vertices": "15", "matched_catalogue_id": "wl-pos-pos-es-pba-32248", "matched_catalogue_name": "Castro de Piñeiras", "matched_distance_m": "14"}}, {"type": "Feature", "geometry": {"type": "Polygon", "coordinates": [[[-7.7185044, 43.4900158], [-7.718432, 43.4900858], [-7.718444, 43.49015], [-7.7184856, 43.4902065], [-7.7186251, 43.4902512], [-7.7187364, 43.4902327], [-7.7187954, 43.4901471], [-7.71879, 43.4900771], [-7.7187069, 43.4900119], [-7.7186009, 43.4899914], [-7.7185044, 43.4900158]]]}, "properties": {"osm_id": "796249987", "osm_type": "way", "label_class": "0", "site_class": "mound", "name": "Mámoa do Monte Montouto", "confidence": "high", "evidence": "archaeological_site=tumulus", "archaeological_site": "tumulus", "civilization": "", "fortification_type": "", "wikidata": "", "centroid_lon": "-7.71860228", "centroid_lat": "43.49010775", "area_m2": "632.8", "perimeter_m": "91.1", "equivalent_radius_m": "14.2", "circularity": "0.9586", "vertices": "11", "matched_catalogue_id": "wl-neg-neg-es-pba-34663", "matched_catalogue_name": "Mámoa do Monte Montouto", "matched_distance_m": "3"}}, {"type": "Feature", "geometry": {"type": "Polygon", "coordinates": [[[-8.6663927, 43.1224743], [-8.6663775, 43.1224181], [-8.6663486, 43.1223648], [-8.6663071, 43.1223161], [-8.6662543, 43.1222736], [-8.666192, 43.1222387], [-8.666122, 43.1222126], [-8.6660468, 43.1221961], [-8.6659688, 43.1221896], [-8.6658904, 43.1221935], [-8.6658142, 43.1222076], [-8.6657428, 43.1222315], [-8.6656784, 43.1222643], [-8.6656231, 43.122305], [-8.6655787, 43.1223523], [-8.6655467, 43.1224047], [-8.665528, 43.1224604], [-8.6655234, 43.1225176], [-8.6655329, 43.1225746], [-8.6655562, 43.1226293], [-8.6655926, 43.1226801], [-8.6656409, 43.1227253], [-8.6656996, 43.1227635], [-8.6657667, 43.1227933], [-8.66584, 43.1228139], [-8.6659172, 43.1228245], [-8.6659843, 43.1228255], [-8.6660508, 43.1228189], [-8.6661152, 43.1228049], [-8.6661759, 43.1227839], [-8.6662314, 43.1227564], [-8.6662842, 43.1227199], [-8.666328, 43.1226775], [-8.6663615, 43.1226304], [-8.6663838, 43.1225799], [-8.6663943, 43.1225274], [-8.6663927, 43.1224743]]]}, "properties": {"osm_id": "809189630", "osm_type": "way", "label_class": "1", "site_class": "castro", "name": "Castro", "confidence": "high", "evidence": "fortification_type=hill_fort", "archaeological_site": "fortification", "civilization": "celtic", "fortification_type": "hill_fort", "wikidata": "", "centroid_lon": "-8.66597794", "centroid_lat": "43.12251417", "area_m2": "3922.4", "perimeter_m": "222.3", "equivalent_radius_m": "35.3", "circularity": "0.9974", "vertices": "37", "matched_catalogue_id": "wl-pos-pos-es-pba-3541", "matched_catalogue_name": "Castro de Ouxas/Castro de Oureas", "matched_distance_m": "3"}}, {"type": "Feature", "geometry": {"type": "Polygon", "coordinates": [[[-8.7485826, 43.0413397], [-8.7497091, 43.0416298], [-8.7499237, 43.0423669], [-8.7505245, 43.0427354], [-8.7510395, 43.04221], [-8.7515116, 43.0408221], [-8.7519837, 43.0403281], [-8.7524665, 43.0398812], [-8.7524665, 43.0392225], [-8.7519515, 43.0390578], [-8.7517476, 43.0385638], [-8.7514472, 43.0386422], [-8.7506533, 43.0386108], [-8.749913, 43.0383207], [-8.7495589, 43.0379443], [-8.7486363, 43.0376934], [-8.7476492, 43.0376306], [-8.7474132, 43.0378424], [-8.7467373, 43.0384618], [-8.7462759, 43.0395126], [-8.7458575, 43.040383], [-8.7463939, 43.040485], [-8.7472844, 43.0409946], [-8.7478209, 43.0412377], [-8.7485826, 43.0413397]]]}, "properties": {"osm_id": "809372059", "osm_type": "way", "label_class": "1", "site_class": "castro", "name": "Castro do Castropombo", "confidence": "high", "evidence": "fortification_type=hill_fort", "archaeological_site": "fortification", "civilization": "celtic", "fortification_type": "hill_fort", "wikidata": "", "centroid_lon": "-8.74944522", "centroid_lat": "43.03989024", "area_m2": "172106.9", "perimeter_m": "1749.2", "equivalent_radius_m": "234.1", "circularity": "0.7069", "vertices": "25", "matched_catalogue_id": "wl-pos-pos-es-pba-20157", "matched_catalogue_name": "Castro Pombo", "matched_distance_m": "208"}}, {"type": "Feature", "geometry": {"type": "Polygon", "coordinates": [[[-8.6296848, 42.1963727], [-8.6294401, 42.1963283], [-8.6292404, 42.1964023], [-8.6291805, 42.196554], [-8.6291905, 42.1966538], [-8.6292554, 42.1967648], [-8.6292804, 42.1968647], [-8.6293852, 42.1969053], [-8.629555, 42.1968905], [-8.6297846, 42.1968573], [-8.6299444, 42.1967759], [-8.6301042, 42.1967648], [-8.6301441, 42.1966168], [-8.6301441, 42.1964985], [-8.6300542, 42.1963653], [-8.6299094, 42.1963357], [-8.6296848, 42.1963727]]]}, "properties": {"osm_id": "842710925", "osm_type": "way", "label_class": "1", "site_class": "castro", "name": "Castro de Torroso", "confidence": "high", "evidence": "civilization=castro_culture", "archaeological_site": "", "civilization": "castro_culture", "fortification_type": "", "wikidata": "Q13582021", "centroid_lon": "-8.62964601", "centroid_lat": "42.19660726", "area_m2": "4066.7", "perimeter_m": "243.0", "equivalent_radius_m": "36.0", "circularity": "0.8655", "vertices": "17", "matched_catalogue_id": "wl-pos-pos-es-pba-67872", "matched_catalogue_name": "Castro de Torroso/Castro do Retiro", "matched_distance_m": "11"}}, {"type": "Feature", "geometry": {"type": "Polygon", "coordinates": [[[-8.2444952, 43.080754], [-8.2445139, 43.0806149], [-8.2445941, 43.080488], [-8.2447269, 43.0803874], [-8.2448975, 43.0803241], [-8.2450831, 43.0803052], [-8.2452671, 43.0803309], [-8.24543, 43.0803984], [-8.2455546, 43.0805006], [-8.2456276, 43.0806266], [-8.2456412, 43.0807631], [-8.2455941, 43.0808955], [-8.2454911, 43.0810098], [-8.2453433, 43.0810939], [-8.2451663, 43.0811388], [-8.244975, 43.0811392], [-8.244794, 43.0810938], [-8.2446435, 43.0810075], [-8.2445401, 43.0808899], [-8.2444952, 43.080754]]]}, "properties": {"osm_id": "865123133", "osm_type": "way", "label_class": "1", "site_class": "castro", "name": "Castro de Xanceda", "confidence": "medium", "evidence": "site=fortification,civ=celtic", "archaeological_site": "fortification", "civilization": "celtic", "fortification_type": "", "wikidata": "Q20549563", "centroid_lon": "-8.24504369", "centroid_lat": "43.08072578", "area_m2": "6739.3", "perimeter_m": "292.3", "equivalent_radius_m": "46.3", "circularity": "0.9909", "vertices": "20", "matched_catalogue_id": "wl-pos-pos-es-pba-12470", "matched_catalogue_name": "Castro de Xanceda", "matched_distance_m": "35"}}, {"type": "Feature", "geometry": {"type": "Polygon", "coordinates": [[[-7.5009128, 43.5295091], [-7.500591, 43.5295713], [-7.5003067, 43.5296024], [-7.5001457, 43.5296763], [-7.5000411, 43.5297658], [-7.4999687, 43.5299505], [-7.5000116, 43.5300963], [-7.5001538, 43.5301916], [-7.5003871, 43.53025], [-7.5005052, 43.5302471], [-7.5006312, 43.5302451], [-7.500772, 43.5302607], [-7.5008874, 43.5302597], [-7.5010335, 43.5302237], [-7.5010844, 43.5302117], [-7.5011368, 43.5301994], [-7.5012535, 43.5301518], [-7.5013018, 43.5300652], [-7.5012548, 43.5299699], [-7.5011985, 43.5298601], [-7.5011905, 43.5297405], [-7.5011475, 43.5295937], [-7.5010832, 43.5295305], [-7.500996, 43.5295032], [-7.5009128, 43.5295091]]]}, "properties": {"osm_id": "865610301", "osm_type": "way", "label_class": "0", "site_class": "mound", "name": "O Prado das Chantas", "confidence": "high", "evidence": "archaeological_site=megalith", "archaeological_site": "megalith", "civilization": "prehistoric", "fortification_type": "", "wikidata": "", "centroid_lon": "-7.50075630", "centroid_lat": "43.52992739", "area_m2": "6972.5", "perimeter_m": "312.5", "equivalent_radius_m": "47.1", "circularity": "0.8973", "vertices": "25", "matched_catalogue_id": "", "matched_catalogue_name": "", "matched_distance_m": ""}}, {"type": "Feature", "geometry": {"type": "Polygon", "coordinates": [[[-7.9534093, 43.0158492], [-7.9532376, 43.0159198], [-7.9531679, 43.0160689], [-7.9528621, 43.0162414], [-7.9525671, 43.0163042], [-7.9523847, 43.016316], [-7.9521915, 43.0163356], [-7.9519609, 43.0164375], [-7.9517731, 43.0164493], [-7.9515371, 43.0164179], [-7.9514352, 43.0162963], [-7.9514459, 43.0161865], [-7.951403, 43.0160532], [-7.9515425, 43.0158923], [-7.9519394, 43.0156845], [-7.9523203, 43.0154923], [-7.9527226, 43.0154256], [-7.953243, 43.0153628], [-7.9534629, 43.0154727], [-7.9535273, 43.0156649], [-7.9534093, 43.0158492]]]}, "properties": {"osm_id": "871676748", "osm_type": "way", "label_class": "1", "site_class": "castro", "name": "Os Castros de Brañas", "confidence": "high", "evidence": "fortification_type=hill_fort", "archaeological_site": "fortification", "civilization": "", "fortification_type": "hill_fort", "wikidata": "", "centroid_lon": "-7.95245441", "centroid_lat": "43.01598667", "area_m2": "13097.3", "perimeter_m": "462.4", "equivalent_radius_m": "64.6", "circularity": "0.7696", "vertices": "21", "matched_catalogue_id": "wl-pos-pos-es-pba-24901", "matched_catalogue_name": "Os Castros", "matched_distance_m": "60"}}, {"type": "Feature", "geometry": {"type": "Polygon", "coordinates": [[[-8.3664288, 43.0872794], [-8.3660852, 43.0872538], [-8.3658117, 43.0870848], [-8.3657676, 43.086953], [-8.3657346, 43.0868543], [-8.3657346, 43.0865727], [-8.3660221, 43.0864651], [-8.3665831, 43.0863576], [-8.3668495, 43.0863729], [-8.3670599, 43.0865266], [-8.3671651, 43.0867826], [-8.3670459, 43.0870592], [-8.3667584, 43.0872179], [-8.3664288, 43.0872794]]]}, "properties": {"osm_id": "880331946", "osm_type": "way", "label_class": "1", "site_class": "castro", "name": "Castro de Pardiñas", "confidence": "medium", "evidence": "site=settlement,civ=prehistoric", "archaeological_site": "settlement", "civilization": "prehistoric", "fortification_type": "", "wikidata": "", "centroid_lon": "-8.36639109", "centroid_lat": "43.08686138", "area_m2": "9391.2", "perimeter_m": "353.3", "equivalent_radius_m": "54.7", "circularity": "0.9455", "vertices": "14", "matched_catalogue_id": "wl-pos-pos-es-pba-15919", "matched_catalogue_name": "O Castro/Castro de Pardiñas", "matched_distance_m": "9"}}, {"type": "Feature", "geometry": {"type": "Polygon", "coordinates": [[[-8.6704134, 42.2926923], [-8.6705835, 42.2926638], [-8.6707624, 42.2926803], [-8.6709456, 42.2927862], [-8.6710663, 42.2927994], [-8.6712378, 42.292882], [-8.6713568, 42.2930378], [-8.6711848, 42.2931395], [-8.6710172, 42.2931069], [-8.6709546, 42.293259], [-8.6708696, 42.2932921], [-8.6706774, 42.2933086], [-8.6705657, 42.2933483], [-8.6704584, 42.2933615], [-8.670369, 42.2934343], [-8.6703198, 42.2935037], [-8.6703153, 42.2935599], [-8.67036, 42.2936756], [-8.6702304, 42.293669], [-8.6701723, 42.2935467], [-8.6701186, 42.2934739], [-8.6701544, 42.2933979], [-8.6701723, 42.2933284], [-8.6701231, 42.293216], [-8.6701768, 42.29314], [-8.6701723, 42.2930474], [-8.670293, 42.2930705], [-8.6703377, 42.2929548], [-8.6703287, 42.2928853], [-8.6703913, 42.2927762], [-8.6703292, 42.2927065], [-8.6704134, 42.2926923]]]}, "properties": {"osm_id": "896131247", "osm_type": "way", "label_class": "1", "site_class": "castro", "name": "Castro de Montealegre", "confidence": "high", "evidence": "civilization=castro_culture", "archaeological_site": "settlement", "civilization": "castro_culture", "fortification_type": "", "wikidata": "", "centroid_lon": "-8.67052722", "centroid_lat": "42.29313863", "area_m2": "5495.7", "perimeter_m": "372.9", "equivalent_radius_m": "41.8", "circularity": "0.4968", "vertices": "32", "matched_catalogue_id": "wl-pos-pos-es-pba-66598", "matched_catalogue_name": "Castro de Montealegre", "matched_distance_m": "36"}}, {"type": "Feature", "geometry": {"type": "Polygon", "coordinates": [[[-7.3924309, 43.1644457], [-7.3920822, 43.1644653], [-7.3918194, 43.1646531], [-7.3916692, 43.1648487], [-7.3915458, 43.1651383], [-7.3915941, 43.1653691], [-7.3918784, 43.1656704], [-7.3920929, 43.16578], [-7.3925275, 43.1657526], [-7.3928869, 43.1652948], [-7.3929888, 43.1649935], [-7.3928762, 43.1646218], [-7.3926777, 43.1644849], [-7.3924309, 43.1644457]]]}, "properties": {"osm_id": "941566479", "osm_type": "way", "label_class": "1", "site_class": "castro", "name": "A Rodela de Balmonte", "confidence": "high", "evidence": "fortification_type=hill_fort", "archaeological_site": "fortification", "civilization": "castro_culture", "fortification_type": "hill_fort", "wikidata": "", "centroid_lon": "-7.39225006", "centroid_lat": "43.16499742", "area_m2": "12995.1", "perimeter_m": "418.7", "equivalent_radius_m": "64.3", "circularity": "0.9314", "vertices": "14", "matched_catalogue_id": "", "matched_catalogue_name": "", "matched_distance_m": ""}}, {"type": "Feature", "geometry": {"type": "Polygon", "coordinates": [[[-8.3233282, 43.1587655], [-8.3235432, 43.1585773], [-8.3236751, 43.1583661], [-8.3235948, 43.1581946], [-8.3234056, 43.1580692], [-8.3231734, 43.1580441], [-8.3229584, 43.1581256], [-8.3227807, 43.1582365], [-8.3226459, 43.1584435], [-8.3226775, 43.1585815], [-8.3228437, 43.1587676], [-8.3230071, 43.1588136], [-8.3233282, 43.1587655]]]}, "properties": {"osm_id": "948293779", "osm_type": "way", "label_class": "1", "site_class": "castro", "name": "Castro de Vizoño", "confidence": "medium", "evidence": "site=fortification,civ=celtic", "archaeological_site": "fortification", "civilization": "celtic", "fortification_type": "", "wikidata": "Q12385777", "centroid_lon": "-8.32315091", "centroid_lat": "43.15844235", "area_m2": "5068.6", "perimeter_m": "258.4", "equivalent_radius_m": "40.2", "circularity": "0.9538", "vertices": "13", "matched_catalogue_id": "wl-pos-pos-es-pba-109", "matched_catalogue_name": "Castro de Vizoño", "matched_distance_m": "25"}}, {"type": "Feature", "geometry": {"type": "Polygon", "coordinates": [[[-8.7450811, 42.9963287], [-8.7450376, 42.9963145], [-8.7449906, 42.9963089], [-8.7449432, 42.9963122], [-8.7448985, 42.9963242], [-8.7448595, 42.9963442], [-8.7448287, 42.9963707], [-8.7448082, 42.9964022], [-8.7447993, 42.9964364], [-8.7448032, 42.9964731], [-8.7448204, 42.9965076], [-8.7448497, 42.9965375], [-8.7448889, 42.9965606], [-8.7449352, 42.9965751], [-8.744985, 42.9965799], [-8.7450348, 42.9965748], [-8.7450786, 42.9965611], [-8.7451161, 42.9965397], [-8.7451449, 42.996512], [-8.7451632, 42.9964799], [-8.7451697, 42.9964454], [-8.7451639, 42.9964109], [-8.7451464, 42.9963785], [-8.7451181, 42.9963505], [-8.7450811, 42.9963287]]]}, "properties": {"osm_id": "965889849", "osm_type": "way", "label_class": "0", "site_class": "mound", "name": "Mámoa Nº 2 do Faílde", "confidence": "high", "evidence": "archaeological_site=tumulus", "archaeological_site": "tumulus", "civilization": "prehistoric", "fortification_type": "", "wikidata": "", "centroid_lon": "-8.74498984", "centroid_lat": "42.99643829", "area_m2": "707.3", "perimeter_m": "94.5", "equivalent_radius_m": "15.0", "circularity": "0.9943", "vertices": "25", "matched_catalogue_id": "", "matched_catalogue_name": "", "matched_distance_m": ""}}, {"type": "Feature", "geometry": {"type": "Polygon", "coordinates": [[[-8.7449213, 42.9960035], [-8.7448778, 42.9959892], [-8.7448308, 42.9959836], [-8.7447834, 42.9959869], [-8.7447387, 42.9959989], [-8.7446997, 42.9960189], [-8.7446689, 42.9960455], [-8.7446484, 42.9960769], [-8.7446395, 42.9961111], [-8.7446434, 42.9961478], [-8.7446606, 42.9961824], [-8.7446899, 42.9962123], [-8.7447291, 42.9962353], [-8.7447754, 42.9962498], [-8.7448252, 42.9962546], [-8.744875, 42.9962495], [-8.7449188, 42.9962358], [-8.7449563, 42.9962144], [-8.7449851, 42.9961868], [-8.7450034, 42.9961546], [-8.7450099, 42.9961202], [-8.7450041, 42.9960856], [-8.7449866, 42.9960533], [-8.7449583, 42.9960253], [-8.7449213, 42.9960035]]]}, "properties": {"osm_id": "965889850", "osm_type": "way", "label_class": "0", "site_class": "mound", "name": "Mámoa Nº 1 do Faílde", "confidence": "high", "evidence": "archaeological_site=tumulus", "archaeological_site": "tumulus", "civilization": "prehistoric", "fortification_type": "", "wikidata": "", "centroid_lon": "-8.74483004", "centroid_lat": "42.99611303", "area_m2": "707.3", "perimeter_m": "94.5", "equivalent_radius_m": "15.0", "circularity": "0.9943", "vertices": "25", "matched_catalogue_id": "", "matched_catalogue_name": "", "matched_distance_m": ""}}, {"type": "Feature", "geometry": {"type": "Polygon", "coordinates": [[[-8.7468623, 42.993984], [-8.7468188, 42.9939698], [-8.7467719, 42.9939641], [-8.7467244, 42.9939674], [-8.7466798, 42.9939795], [-8.7466407, 42.9939994], [-8.74661, 42.994026], [-8.7465894, 42.9940574], [-8.7465806, 42.9940916], [-8.7465844, 42.9941283], [-8.7466017, 42.9941629], [-8.7466309, 42.9941928], [-8.7466702, 42.9942158], [-8.7467164, 42.9942303], [-8.7467662, 42.9942352], [-8.7468161, 42.9942301], [-8.7468598, 42.9942164], [-8.7468973, 42.994195], [-8.7469262, 42.9941673], [-8.7469444, 42.9941352], [-8.7469509, 42.9941007], [-8.7469452, 42.9940661], [-8.7469276, 42.9940338], [-8.7468994, 42.9940058], [-8.7468623, 42.993984]]]}, "properties": {"osm_id": "965889851", "osm_type": "way", "label_class": "0", "site_class": "mound", "name": "Mámoa Nº 2 do Vilar", "confidence": "high", "evidence": "archaeological_site=tumulus", "archaeological_site": "tumulus", "civilization": "prehistoric", "fortification_type": "", "wikidata": "", "centroid_lon": "-8.74677108", "centroid_lat": "42.99409356", "area_m2": "707.3", "perimeter_m": "94.6", "equivalent_radius_m": "15.0", "circularity": "0.9943", "vertices": "25", "matched_catalogue_id": "wl-neg-neg-es-pba-1554", "matched_catalogue_name": "Mámoa de Vilar 2", "matched_distance_m": "3"}}, {"type": "Feature", "geometry": {"type": "Polygon", "coordinates": [[[-8.7473933, 42.9945785], [-8.7473498, 42.9945643], [-8.7473028, 42.9945587], [-8.7472554, 42.994562], [-8.7472107, 42.994574], [-8.7471717, 42.994594], [-8.7471409, 42.9946205], [-8.7471204, 42.994652], [-8.7471115, 42.9946862], [-8.7471154, 42.9947229], [-8.7471326, 42.9947574], [-8.7471619, 42.9947873], [-8.7472011, 42.9948104], [-8.7472473, 42.9948249], [-8.7472972, 42.9948297], [-8.747347, 42.9948246], [-8.7473907, 42.9948109], [-8.7474283, 42.9947895], [-8.7474571, 42.9947619], [-8.7474754, 42.9947297], [-8.7474818, 42.9946953], [-8.7474761, 42.9946607], [-8.7474586, 42.9946284], [-8.7474303, 42.9946004], [-8.7473933, 42.9945785]]]}, "properties": {"osm_id": "965889852", "osm_type": "way", "label_class": "0", "site_class": "mound", "name": "Mámoa Nº 1 do Vilar", "confidence": "high", "evidence": "archaeological_site=tumulus", "archaeological_site": "tumulus", "civilization": "prehistoric", "fortification_type": "", "wikidata": "", "centroid_lon": "-8.74730202", "centroid_lat": "42.99468811", "area_m2": "707.2", "perimeter_m": "94.5", "equivalent_radius_m": "15.0", "circularity": "0.9943", "vertices": "25", "matched_catalogue_id": "wl-neg-neg-es-pba-1553", "matched_catalogue_name": "Mámoa de Vilar 1", "matched_distance_m": "4"}}, {"type": "Feature", "geometry": {"type": "Polygon", "coordinates": [[[-8.7416324, 42.9963507], [-8.7415889, 42.9963365], [-8.7415419, 42.9963309], [-8.7414945, 42.9963342], [-8.7414498, 42.9963462], [-8.7414108, 42.9963662], [-8.74138, 42.9963927], [-8.7413595, 42.9964242], [-8.7413506, 42.9964584], [-8.7413545, 42.9964951], [-8.7413717, 42.9965296], [-8.741401, 42.9965595], [-8.7414402, 42.9965826], [-8.7414865, 42.9965971], [-8.7415363, 42.9966019], [-8.7415861, 42.9965968], [-8.7416299, 42.9965831], [-8.7416674, 42.9965617], [-8.7416962, 42.996534], [-8.7417145, 42.9965019], [-8.741721, 42.9964674], [-8.7417152, 42.9964329], [-8.7416977, 42.9964005], [-8.7416694, 42.9963725], [-8.7416324, 42.9963507]]]}, "properties": {"osm_id": "965958568", "osm_type": "way", "label_class": "0", "site_class": "mound", "name": "Mámoa Nº 2 do Cruceiro Grande", "confidence": "high", "evidence": "archaeological_site=tumulus", "archaeological_site": "tumulus", "civilization": "prehistoric", "fortification_type": "", "wikidata": "", "centroid_lon": "-8.74154114", "centroid_lat": "42.99646029", "area_m2": "707.3", "perimeter_m": "94.5", "equivalent_radius_m": "15.0", "circularity": "0.9943", "vertices": "25", "matched_catalogue_id": "wl-neg-neg-es-pba-1050", "matched_catalogue_name": "Mámoa do Cruceiro Grande 2", "matched_distance_m": "13"}}, {"type": "Feature", "geometry": {"type": "Polygon", "coordinates": [[[-8.7418628, 42.9958775], [-8.7418193, 42.9958633], [-8.7417723, 42.9958577], [-8.7417249, 42.995861], [-8.7416802, 42.995873], [-8.7416412, 42.995893], [-8.7416104, 42.9959195], [-8.7415899, 42.995951], [-8.741581, 42.9959852], [-8.7415849, 42.9960219], [-8.7416021, 42.9960564], [-8.7416314, 42.9960863], [-8.7416706, 42.9961094], [-8.7417169, 42.9961239], [-8.7417667, 42.9961287], [-8.7418165, 42.9961236], [-8.7418603, 42.9961099], [-8.7418978, 42.9960885], [-8.7419266, 42.9960608], [-8.7419449, 42.9960287], [-8.7419514, 42.9959942], [-8.7419456, 42.9959597], [-8.7419281, 42.9959273], [-8.7418998, 42.9958993], [-8.7418628, 42.9958775]]]}, "properties": {"osm_id": "965958569", "osm_type": "way", "label_class": "0", "site_class": "mound", "name": "Mámoa Nº 1 do Cruceiro Grande", "confidence": "high", "evidence": "archaeological_site=tumulus", "archaeological_site": "tumulus", "civilization": "prehistoric", "fortification_type": "", "wikidata": "", "centroid_lon": "-8.74177154", "centroid_lat": "42.99598709", "area_m2": "707.3", "perimeter_m": "94.5", "equivalent_radius_m": "15.0", "circularity": "0.9943", "vertices": "25", "matched_catalogue_id": "wl-neg-neg-es-pba-1049", "matched_catalogue_name": "Mámoa do Cruceiro Grande 1", "matched_distance_m": "4"}}, {"type": "Feature", "geometry": {"type": "Polygon", "coordinates": [[[-8.7626394, 42.99064], [-8.7628126, 42.9907076], [-8.7628191, 42.9907657], [-8.7630326, 42.9907333], [-8.7631758, 42.9906362], [-8.7633411, 42.9904629], [-8.7634348, 42.9903401], [-8.7634583, 42.9902191], [-8.7634466, 42.9900534], [-8.7633958, 42.9898659], [-8.7633112, 42.9897487], [-8.7631719, 42.9896068], [-8.7630404, 42.989505], [-8.762849, 42.9894078], [-8.7625874, 42.9893859], [-8.7623869, 42.9893916], [-8.7622398, 42.9894164], [-8.7621239, 42.9895069], [-8.7620185, 42.9896545], [-8.7619508, 42.989864], [-8.7619339, 42.9901525], [-8.7619273, 42.9904829], [-8.7620653, 42.9906076], [-8.7622645, 42.9907305], [-8.7625496, 42.9907876], [-8.7626407, 42.9907895], [-8.7626889, 42.9907238], [-8.7626004, 42.9906972], [-8.7626394, 42.99064]]]}, "properties": {"osm_id": "965962034", "osm_type": "way", "label_class": "1", "site_class": "castro", "name": "Castro de Suevos", "confidence": "high", "evidence": "fortification_type=hill_fort", "archaeological_site": "fortification", "civilization": "castro_culture", "fortification_type": "hill_fort", "wikidata": "Q139832114", "centroid_lon": "-8.76270848", "centroid_lat": "42.99019046", "area_m2": "15625.2", "perimeter_m": "486.5", "equivalent_radius_m": "70.5", "circularity": "0.8296", "vertices": "29", "matched_catalogue_id": "wl-pos-pos-es-pba-1191", "matched_catalogue_name": "Castro de Suevos", "matched_distance_m": "11"}}, {"type": "Feature", "geometry": {"type": "Polygon", "coordinates": [[[-8.7646091, 42.9786893], [-8.7644372, 42.9787579], [-8.7641352, 42.9787693], [-8.7639478, 42.978716], [-8.7636509, 42.9785827], [-8.7636145, 42.9784436], [-8.7635904, 42.9783479], [-8.7635696, 42.9782307], [-8.7635657, 42.9781179], [-8.7635885, 42.9780064], [-8.7636457, 42.9778674], [-8.7637954, 42.977675], [-8.7639777, 42.9774693], [-8.7640649, 42.9773902], [-8.7642185, 42.9773159], [-8.7643539, 42.9772912], [-8.7644346, 42.9773007], [-8.7644971, 42.9773597], [-8.7645804, 42.9775388], [-8.7646794, 42.9779407], [-8.7647158, 42.9781026], [-8.764721, 42.9783369], [-8.7646846, 42.978575], [-8.7646091, 42.9786893]]]}, "properties": {"osm_id": "965968991", "osm_type": "way", "label_class": "1", "site_class": "castro", "name": "Castro do Castelo da Carballa - Castillo de Pilas", "confidence": "high", "evidence": "fortification_type=ringfort", "archaeological_site": "fortification", "civilization": "medieval_christianity", "fortification_type": "ringfort", "wikidata": "", "centroid_lon": "-8.76415363", "centroid_lat": "42.97806310", "area_m2": "11898.8", "perimeter_m": "422.6", "equivalent_radius_m": "61.5", "circularity": "0.8373", "vertices": "24", "matched_catalogue_id": "", "matched_catalogue_name": "", "matched_distance_m": ""}}, {"type": "Feature", "geometry": {"type": "Polygon", "coordinates": [[[-8.7715035, 42.9733289], [-8.7716128, 42.9731765], [-8.7716805, 42.9729593], [-8.7716649, 42.9727574], [-8.7715608, 42.9725364], [-8.7714254, 42.972445], [-8.7712952, 42.9724069], [-8.7710791, 42.9723783], [-8.7708916, 42.9723821], [-8.7704568, 42.9726183], [-8.7702433, 42.9728069], [-8.7701079, 42.9729955], [-8.770035, 42.9731632], [-8.7700715, 42.9733365], [-8.7702173, 42.9736127], [-8.7705115, 42.9736966], [-8.7707042, 42.9737042], [-8.7708578, 42.9736604], [-8.7713316, 42.9734603], [-8.7715035, 42.9733289]]]}, "properties": {"osm_id": "965980251", "osm_type": "way", "label_class": "1", "site_class": "castro", "name": "Castro de Liñares", "confidence": "high", "evidence": "fortification_type=hill_fort", "archaeological_site": "fortification", "civilization": "castro_culture", "fortification_type": "hill_fort", "wikidata": "Q139832103", "centroid_lon": "-8.77093771", "centroid_lat": "42.97303771", "area_m2": "14440.4", "perimeter_m": "438.9", "equivalent_radius_m": "67.8", "circularity": "0.9420", "vertices": "20", "matched_catalogue_id": "wl-pos-pos-es-pba-1190", "matched_catalogue_name": "Castro de Liñares", "matched_distance_m": "2"}}, {"type": "Feature", "geometry": {"type": "Polygon", "coordinates": [[[-7.9495125, 42.9954153], [-7.9496144, 42.9954035], [-7.9497539, 42.9953408], [-7.9498773, 42.995172], [-7.9499363, 42.9949798], [-7.9498612, 42.9948111], [-7.9496359, 42.9947208], [-7.9492121, 42.9946894], [-7.9490726, 42.9947601], [-7.9490083, 42.9949131], [-7.949137, 42.9951603], [-7.9492657, 42.99538], [-7.9493891, 42.9954075], [-7.9495125, 42.9954153]]]}, "properties": {"osm_id": "970364919", "osm_type": "way", "label_class": "1", "site_class": "castro", "name": "Castro da Armada", "confidence": "medium", "evidence": "site=fortification,civ=none", "archaeological_site": "fortification", "civilization": "", "fortification_type": "", "wikidata": "", "centroid_lon": "-7.94948491", "centroid_lat": "42.99511207", "area_m2": "4559.6", "perimeter_m": "248.6", "equivalent_radius_m": "38.1", "circularity": "0.9271", "vertices": "14", "matched_catalogue_id": "wl-pos-pos-es-pba-24955", "matched_catalogue_name": "Castro das Fervenzas", "matched_distance_m": "18"}}, {"type": "Feature", "geometry": {"type": "Polygon", "coordinates": [[[-8.0723884, 43.6606674], [-8.0724621, 43.6606129], [-8.0725345, 43.6605358], [-8.0724802, 43.6604902], [-8.0724011, 43.6604582], [-8.072267, 43.6605251], [-8.0721805, 43.6605343], [-8.072053, 43.6605381], [-8.0718469, 43.660528], [-8.0718271, 43.6605654], [-8.0719907, 43.6605928], [-8.0719838, 43.66066], [-8.0723884, 43.6606674]]]}, "properties": {"osm_id": "971244054", "osm_type": "way", "label_class": "1", "site_class": "castro", "name": "Castro do Campo do Castro", "confidence": "medium", "evidence": "site=fortification,civ=celtic", "archaeological_site": "fortification", "civilization": "celtic", "fortification_type": "", "wikidata": "Q61388572", "centroid_lon": "-8.07221567", "centroid_lat": "43.66056735", "area_m2": "731.1", "perimeter_m": "138.0", "equivalent_radius_m": "15.3", "circularity": "0.4823", "vertices": "13", "matched_catalogue_id": "wl-pos-pos-es-pba-6059", "matched_catalogue_name": "Campo do Castro", "matched_distance_m": "111"}}, {"type": "Feature", "geometry": {"type": "Polygon", "coordinates": [[[-7.7936173, 42.2457428], [-7.7932713, 42.2457621], [-7.7932334, 42.2457653], [-7.7929779, 42.2458412], [-7.7929509, 42.2460939], [-7.7931106, 42.246262], [-7.7936583, 42.2462497], [-7.7936532, 42.2460659], [-7.7936545, 42.2459011], [-7.7936173, 42.2457428]]]}, "properties": {"osm_id": "976378757", "osm_type": "way", "label_class": "1", "site_class": "castro", "name": "Castro de Armea", "confidence": "medium", "evidence": "site=settlement,civ=celtic", "archaeological_site": "settlement", "civilization": "celtic", "fortification_type": "", "wikidata": "Q20550523", "centroid_lon": "-7.79337447", "centroid_lat": "42.24594268", "area_m2": "2936.4", "perimeter_m": "207.4", "equivalent_radius_m": "30.6", "circularity": "0.8581", "vertices": "10", "matched_catalogue_id": "wl-pos-pos-es-pba-44646", "matched_catalogue_name": "Castro de Armeá", "matched_distance_m": "84"}}, {"type": "Feature", "geometry": {"type": "Polygon", "coordinates": [[[-7.8135324, 42.7641226], [-7.8130174, 42.7641698], [-7.81232, 42.7639178], [-7.8117943, 42.763524], [-7.8116763, 42.7631931], [-7.811966, 42.7626575], [-7.8123415, 42.7624921], [-7.8130496, 42.7626339], [-7.8136397, 42.7630986], [-7.8139722, 42.7635555], [-7.8138113, 42.7639414], [-7.8135324, 42.7641226]]]}, "properties": {"osm_id": "988768747", "osm_type": "way", "label_class": "1", "site_class": "castro", "name": "Castro de Sucastro", "confidence": "high", "evidence": "fortification_type=hill_fort", "archaeological_site": "fortification", "civilization": "castro_culture", "fortification_type": "hill_fort", "wikidata": "", "centroid_lon": "-7.81288776", "centroid_lat": "42.76345241", "area_m2": "23733.6", "perimeter_m": "569.1", "equivalent_radius_m": "86.9", "circularity": "0.9209", "vertices": "12", "matched_catalogue_id": "wl-pos-pos-es-pba-34923", "matched_catalogue_name": "O Castro", "matched_distance_m": "16"}}, {"type": "Feature", "geometry": {"type": "Polygon", "coordinates": [[[-7.8518343, 43.0679159], [-7.8524834, 43.0677043], [-7.8525746, 43.067281], [-7.852006, 43.0670694], [-7.8514481, 43.0672889], [-7.851491, 43.0675475], [-7.8518343, 43.0679159]]]}, "properties": {"osm_id": "988770863", "osm_type": "way", "label_class": "1", "site_class": "castro", "name": "Castro de Mandín", "confidence": "high", "evidence": "fortification_type=hill_fort", "archaeological_site": "fortification", "civilization": "castro_culture", "fortification_type": "hill_fort", "wikidata": "", "centroid_lon": "-7.85195310", "centroid_lat": "43.06753184", "area_m2": "5797.0", "perimeter_m": "287.5", "equivalent_radius_m": "43.0", "circularity": "0.8811", "vertices": "7", "matched_catalogue_id": "wl-pos-pos-es-pba-31161", "matched_catalogue_name": "Castro de Mandín", "matched_distance_m": "7"}}, {"type": "Feature", "geometry": {"type": "Polygon", "coordinates": [[[-7.7682874, 43.7121287], [-7.7677846, 43.7123785], [-7.7676344, 43.7126344], [-7.767849, 43.7130144], [-7.7680957, 43.7131385], [-7.7683854, 43.713185], [-7.7688038, 43.713123], [-7.7690721, 43.7129989], [-7.7691472, 43.7127818], [-7.7690399, 43.7124173], [-7.7688682, 43.7122312], [-7.7685464, 43.7120916], [-7.7682874, 43.7121287]]]}, "properties": {"osm_id": "988772743", "osm_type": "way", "label_class": "1", "site_class": "castro", "name": "Castro de Céltigos", "confidence": "medium", "evidence": "site=fortification,civ=celtic", "archaeological_site": "fortification", "civilization": "celtic", "fortification_type": "", "wikidata": "", "centroid_lon": "-7.76844627", "centroid_lat": "43.71263477", "area_m2": "10832.3", "perimeter_m": "376.5", "equivalent_radius_m": "58.7", "circularity": "0.9601", "vertices": "13", "matched_catalogue_id": "wl-pos-pos-es-pba-17476", "matched_catalogue_name": "Castro/Castro de Céltigos", "matched_distance_m": "7"}}, {"type": "Feature", "geometry": {"type": "Polygon", "coordinates": [[[-8.5902177, 42.9583691], [-8.5905266, 42.9583675], [-8.5907491, 42.9583379], [-8.5910083, 42.958241], [-8.5912444, 42.9580957], [-8.591418, 42.9579291], [-8.59144, 42.9578328], [-8.5913397, 42.9577501], [-8.591025, 42.9575641], [-8.5906911, 42.9575039], [-8.5905334, 42.9575038], [-8.5904045, 42.9575401], [-8.590268, 42.9575957], [-8.5901639, 42.9576995], [-8.5900149, 42.9578817], [-8.5899665, 42.9580074], [-8.5899227, 42.9581329], [-8.5899452, 42.9582507], [-8.5899589, 42.9583069], [-8.590032, 42.9583674], [-8.5901422, 42.9583727], [-8.5902177, 42.9583691]]]}, "properties": {"osm_id": "993447166", "osm_type": "way", "label_class": "1", "site_class": "castro", "name": "O Castro Maior", "confidence": "medium", "evidence": "site=fortification,civ=none", "archaeological_site": "fortification", "civilization": "", "fortification_type": "", "wikidata": "", "centroid_lon": "-8.59051045", "centroid_lat": "42.95800087", "area_m2": "8696.3", "perimeter_m": "347.4", "equivalent_radius_m": "52.6", "circularity": "0.9054", "vertices": "22", "matched_catalogue_id": "wl-pos-pos-es-pba-20240", "matched_catalogue_name": "Castromaior/Castro de Fecha", "matched_distance_m": "16"}}, {"type": "Feature", "geometry": {"type": "Polygon", "coordinates": [[[-7.3581362, 43.5594805], [-7.3583776, 43.559873], [-7.3587316, 43.5600752], [-7.3592413, 43.5601879], [-7.3598474, 43.5601957], [-7.3603946, 43.5599935], [-7.3608399, 43.5595931], [-7.3607433, 43.5592666], [-7.3605663, 43.5590372], [-7.360298, 43.5588234], [-7.3597241, 43.5586835], [-7.3588443, 43.558699], [-7.3584098, 43.5589634], [-7.3581576, 43.5592938], [-7.3581362, 43.5594805]]]}, "properties": {"osm_id": "1006937312", "osm_type": "way", "label_class": "1", "site_class": "castro", "name": "A Croa", "confidence": "high", "evidence": "fortification_type=hill_fort", "archaeological_site": "fortification", "civilization": "castro_culture", "fortification_type": "hill_fort", "wikidata": "", "centroid_lon": "-7.35936321", "centroid_lat": "43.55944309", "area_m2": "28337.3", "perimeter_m": "610.0", "equivalent_radius_m": "95.0", "circularity": "0.9571", "vertices": "15", "matched_catalogue_id": "wl-pos-pos-es-pba-31194", "matched_catalogue_name": "A Croa", "matched_distance_m": "4"}}, {"type": "Feature", "geometry": {"type": "Polygon", "coordinates": [[[-7.5999051, 43.6185124], [-7.5995833, 43.618726], [-7.5995028, 43.6188425], [-7.5995779, 43.6189629], [-7.5999641, 43.6191182], [-7.6003128, 43.6190561], [-7.6004738, 43.6188619], [-7.600463, 43.6187027], [-7.6003182, 43.6185551], [-7.6000929, 43.6184696], [-7.5999051, 43.6185124]]]}, "properties": {"osm_id": "1006938429", "osm_type": "way", "label_class": "1", "site_class": "castro", "name": "A Croa", "confidence": "high", "evidence": "fortification_type=hill_fort", "archaeological_site": "fortification", "civilization": "castro_culture", "fortification_type": "hill_fort", "wikidata": "Q20547484", "centroid_lon": "-7.60000900", "centroid_lat": "43.61875635", "area_m2": "3889.9", "perimeter_m": "228.4", "equivalent_radius_m": "35.2", "circularity": "0.9369", "vertices": "11", "matched_catalogue_id": "wl-pos-pos-es-pba-43437", "matched_catalogue_name": "A Croa/Castro da Forca", "matched_distance_m": "5"}}, {"type": "Feature", "geometry": {"type": "Polygon", "coordinates": [[[-7.4876547, 42.610938], [-7.4870968, 42.6109222], [-7.4867749, 42.6110723], [-7.4867749, 42.6113328], [-7.4868608, 42.6115855], [-7.4872148, 42.6118145], [-7.4875903, 42.6118066], [-7.4879122, 42.611625], [-7.4880731, 42.6113012], [-7.4879873, 42.6110486], [-7.4876547, 42.610938]]]}, "properties": {"osm_id": "1009125760", "osm_type": "way", "label_class": "1", "site_class": "castro", "name": "Castro de Ver", "confidence": "high", "evidence": "fortification_type=hill_fort", "archaeological_site": "fortification", "civilization": "castro_culture", "fortification_type": "hill_fort", "wikidata": "", "centroid_lon": "-7.48741768", "centroid_lat": "42.61130770", "area_m2": "8423.7", "perimeter_m": "334.8", "equivalent_radius_m": "51.8", "circularity": "0.9441", "vertices": "11", "matched_catalogue_id": "wl-pos-pos-es-pba-28795", "matched_catalogue_name": "Castro de Ver/Castro de San Victorio", "matched_distance_m": "53"}}, {"type": "Feature", "geometry": {"type": "Polygon", "coordinates": [[[-7.6278747, 42.70376], [-7.6276553, 42.703707], [-7.6275051, 42.7035335], [-7.62743, 42.7033601], [-7.6273763, 42.7031196], [-7.6273817, 42.7029737], [-7.627489, 42.7027924], [-7.6277626, 42.7027806], [-7.6280201, 42.7028791], [-7.6282346, 42.7029934], [-7.6284331, 42.7031827], [-7.6285297, 42.7033364], [-7.6285029, 42.7035177], [-7.6283687, 42.7036439], [-7.6281434, 42.7037267], [-7.6278747, 42.70376]]]}, "properties": {"osm_id": "1009126244", "osm_type": "way", "label_class": "1", "site_class": "castro", "name": "Castro de Vilacaíz", "confidence": "medium", "evidence": "site=settlement,civ=celtic", "archaeological_site": "settlement", "civilization": "celtic", "fortification_type": "", "wikidata": "", "centroid_lon": "-7.62791137", "centroid_lat": "42.70331667", "area_m2": "7555.8", "perimeter_m": "321.8", "equivalent_radius_m": "49.0", "circularity": "0.9172", "vertices": "16", "matched_catalogue_id": "wl-pos-pos-es-pba-41661", "matched_catalogue_name": "Castro de Vilacaiz", "matched_distance_m": "12"}}, {"type": "Feature", "geometry": {"type": "Polygon", "coordinates": [[[-7.60741, 43.0732769], [-7.6071417, 43.0733551], [-7.6064444, 43.0732141], [-7.6063907, 43.0729398], [-7.6064658, 43.0725087], [-7.6067448, 43.0725166], [-7.6072705, 43.0725401], [-7.6075494, 43.0727125], [-7.6076031, 43.0730417], [-7.60741, 43.0732769]]]}, "properties": {"osm_id": "1009130133", "osm_type": "way", "label_class": "1", "site_class": "castro", "name": "O Castro Tourón", "confidence": "high", "evidence": "fortification_type=hill_fort", "archaeological_site": "fortification", "civilization": "castro_culture", "fortification_type": "hill_fort", "wikidata": "", "centroid_lon": "-7.60704304", "centroid_lat": "43.07293824", "area_m2": "7545.8", "perimeter_m": "324.2", "equivalent_radius_m": "49.0", "circularity": "0.9020", "vertices": "10", "matched_catalogue_id": "wl-pos-pos-es-pba-35864", "matched_catalogue_name": "Os Castros", "matched_distance_m": "10"}}, {"type": "Feature", "geometry": {"type": "Polygon", "coordinates": [[[-7.4145484, 43.2450074], [-7.4140817, 43.2452809], [-7.4137652, 43.2453668], [-7.4136096, 43.2452457], [-7.4134326, 43.2453004], [-7.4132824, 43.2453903], [-7.4131376, 43.24532], [-7.4130088, 43.2451793], [-7.4130142, 43.2447768], [-7.4132502, 43.2446049], [-7.4139047, 43.2444798], [-7.4141407, 43.244601], [-7.414484, 43.2445892], [-7.4148327, 43.2446322], [-7.4147952, 43.2447807], [-7.4145484, 43.2450074]]]}, "properties": {"osm_id": "1009130953", "osm_type": "way", "label_class": "1", "site_class": "castro", "name": "O Adro", "confidence": "high", "evidence": "fortification_type=hill_fort", "archaeological_site": "fortification", "civilization": "castro_culture", "fortification_type": "hill_fort", "wikidata": "", "centroid_lon": "-7.41386478", "centroid_lat": "43.24497267", "area_m2": "10108.9", "perimeter_m": "414.4", "equivalent_radius_m": "56.7", "circularity": "0.7396", "vertices": "16", "matched_catalogue_id": "", "matched_catalogue_name": "", "matched_distance_m": ""}}, {"type": "Feature", "geometry": {"type": "Polygon", "coordinates": [[[-7.3749626, 42.8233557], [-7.3749161, 42.8231259], [-7.3750609, 42.8228937], [-7.3758441, 42.8226026], [-7.3762304, 42.8225317], [-7.376563, 42.8227167], [-7.3767775, 42.8230668], [-7.3767829, 42.8232675], [-7.3763752, 42.8234131], [-7.3758173, 42.8236413], [-7.3754418, 42.8237357], [-7.3751789, 42.82372], [-7.3750234, 42.8235705], [-7.3749626, 42.8233557]]]}, "properties": {"osm_id": "1009671852", "osm_type": "way", "label_class": "1", "site_class": "castro", "name": "Castro de Goián", "confidence": "medium", "evidence": "site=settlement,civ=celtic", "archaeological_site": "settlement", "civilization": "celtic", "fortification_type": "", "wikidata": "", "centroid_lon": "-7.37570976", "centroid_lat": "42.82321406", "area_m2": "13931.6", "perimeter_m": "446.1", "equivalent_radius_m": "66.6", "circularity": "0.8796", "vertices": "14", "matched_catalogue_id": "wl-pos-pos-es-pba-41994", "matched_catalogue_name": "Castro de Goián", "matched_distance_m": "20"}}, {"type": "Feature", "geometry": {"type": "Polygon", "coordinates": [[[-7.5685746, 42.9846982], [-7.5681616, 42.9846556], [-7.5677409, 42.9844504], [-7.5674691, 42.9841747], [-7.5675305, 42.9838156], [-7.5678197, 42.9834693], [-7.5683018, 42.9831744], [-7.5690556, 42.9837258], [-7.5688803, 42.984226], [-7.5688628, 42.9844183], [-7.5687927, 42.9846363], [-7.5685746, 42.9846982]]]}, "properties": {"osm_id": "1010074057", "osm_type": "way", "label_class": "1", "site_class": "castro", "name": "Castro de Toiriz", "confidence": "high", "evidence": "fortification_type=hill_fort", "archaeological_site": "fortification", "civilization": "celtic", "fortification_type": "hill_fort", "wikidata": "", "centroid_lon": "-7.56831368", "centroid_lat": "42.98417857", "area_m2": "14742.2", "perimeter_m": "459.3", "equivalent_radius_m": "68.5", "circularity": "0.8780", "vertices": "12", "matched_catalogue_id": "wl-pos-pos-es-pba-31529", "matched_catalogue_name": "A Croa", "matched_distance_m": "21"}}, {"type": "Feature", "geometry": {"type": "Polygon", "coordinates": [[[-7.2881959, 42.8554502], [-7.2879955, 42.8555133], [-7.2876418, 42.8554657], [-7.2872376, 42.8551959], [-7.2870427, 42.8549154], [-7.2870066, 42.8546403], [-7.2871798, 42.8544392], [-7.2873531, 42.854344], [-7.2878078, 42.8543122], [-7.2882986, 42.8544974], [-7.2885007, 42.8548043], [-7.2885296, 42.8551059], [-7.2884285, 42.8552858], [-7.2881959, 42.8554502]]]}, "properties": {"osm_id": "1010076717", "osm_type": "way", "label_class": "1", "site_class": "castro", "name": "Castro de Laxes", "confidence": "medium", "evidence": "site=settlement,civ=celtic", "archaeological_site": "settlement", "civilization": "celtic", "fortification_type": "", "wikidata": "", "centroid_lon": "-7.28781529", "centroid_lat": "42.85495856", "area_m2": "12411.7", "perimeter_m": "403.7", "equivalent_radius_m": "62.9", "circularity": "0.9572", "vertices": "14", "matched_catalogue_id": "wl-pos-pos-es-pba-44432", "matched_catalogue_name": "Castro de Berselos", "matched_distance_m": "25"}}, {"type": "Feature", "geometry": {"type": "Polygon", "coordinates": [[[-7.2347868, 42.7602314], [-7.2344864, 42.7602944], [-7.2341752, 42.7603023], [-7.2338641, 42.7602156], [-7.233671, 42.7600581], [-7.233628, 42.7598375], [-7.2336817, 42.7595461], [-7.2339392, 42.759357], [-7.2344649, 42.7592704], [-7.2348511, 42.7593807], [-7.2352159, 42.7594909], [-7.2352696, 42.7597036], [-7.2352374, 42.7599636], [-7.2351194, 42.7601605], [-7.2347868, 42.7602314]]]}, "properties": {"osm_id": "1010232063", "osm_type": "way", "label_class": "1", "site_class": "castro", "name": "Castro de Triacastela", "confidence": "high", "evidence": "fortification_type=hill_fort", "archaeological_site": "fortification", "civilization": "castro_culture", "fortification_type": "hill_fort", "wikidata": "", "centroid_lon": "-7.23447850", "centroid_lat": "42.75986957", "area_m2": "12284.5", "perimeter_m": "404.6", "equivalent_radius_m": "62.5", "circularity": "0.9429", "vertices": "15", "matched_catalogue_id": "wl-pos-pos-es-pba-41403", "matched_catalogue_name": "Castro de Triacastela", "matched_distance_m": "43"}}, {"type": "Feature", "geometry": {"type": "Polygon", "coordinates": [[[-7.9273224, 42.7842284], [-7.9267699, 42.7842914], [-7.9265767, 42.7842244], [-7.9264587, 42.7841221], [-7.9263568, 42.7839488], [-7.926212, 42.7837756], [-7.9261583, 42.783626], [-7.9262173, 42.7834528], [-7.9263729, 42.7833858], [-7.9267001, 42.7834173], [-7.9268932, 42.7834961], [-7.9271668, 42.7835512], [-7.9274994, 42.7835984], [-7.927596, 42.7837402], [-7.927655, 42.7839449], [-7.9275209, 42.7841457], [-7.9273224, 42.7842284]]]}, "properties": {"osm_id": "1010232430", "osm_type": "way", "label_class": "1", "site_class": "castro", "name": "Castro do Coto", "confidence": "high", "evidence": "fortification_type=hill_fort", "archaeological_site": "fortification", "civilization": "castro_culture", "fortification_type": "hill_fort", "wikidata": "", "centroid_lon": "-7.92687052", "centroid_lat": "42.78383397", "area_m2": "8693.8", "perimeter_m": "353.9", "equivalent_radius_m": "52.6", "circularity": "0.8724", "vertices": "17", "matched_catalogue_id": "wl-pos-pos-es-pba-27025", "matched_catalogue_name": "Castro do Coto", "matched_distance_m": "36"}}, {"type": "Feature", "geometry": {"type": "Polygon", "coordinates": [[[-7.2633683, 43.5706128], [-7.2630626, 43.5706634], [-7.2626871, 43.5706284], [-7.2625476, 43.5703291], [-7.2626603, 43.5700376], [-7.2629124, 43.5698744], [-7.2631122, 43.5698044], [-7.2633442, 43.5697947], [-7.2636259, 43.5699171], [-7.263882, 43.5701212], [-7.2638619, 43.5703408], [-7.2637117, 43.5704729], [-7.2633683, 43.5706128]]]}, "properties": {"osm_id": "1013203818", "osm_type": "way", "label_class": "1", "site_class": "castro", "name": "Castro de Marzán", "confidence": "high", "evidence": "fortification_type=hill_fort", "archaeological_site": "fortification", "civilization": "castro_culture", "fortification_type": "hill_fort", "wikidata": "", "centroid_lon": "-7.26324188", "centroid_lat": "43.57024689", "area_m2": "7732.8", "perimeter_m": "321.1", "equivalent_radius_m": "49.6", "circularity": "0.9423", "vertices": "13", "matched_catalogue_id": "wl-pos-pos-es-pba-30962", "matched_catalogue_name": "O Castro/Pico do Castro/Cu do Castro de Marzán", "matched_distance_m": "15"}}, {"type": "Feature", "geometry": {"type": "Polygon", "coordinates": [[[-7.6251212, 42.8750013], [-7.624839, 42.8750835], [-7.6246727, 42.8752093], [-7.624501, 42.8754963], [-7.6244795, 42.8758344], [-7.624796, 42.8760938], [-7.6250106, 42.8761449], [-7.6253271, 42.8761371], [-7.6257294, 42.8760427], [-7.6258957, 42.8758187], [-7.6259869, 42.8756457], [-7.6259548, 42.8753784], [-7.6258421, 42.8751936], [-7.62559, 42.8750717], [-7.6253271, 42.8750049], [-7.6251212, 42.8750013]]]}, "properties": {"osm_id": "1016902693", "osm_type": "way", "label_class": "1", "site_class": "castro", "name": "Castro de Grolos", "confidence": "medium", "evidence": "site=settlement,civ=celtic", "archaeological_site": "settlement", "civilization": "celtic", "fortification_type": "", "wikidata": "", "centroid_lon": "-7.62526214", "centroid_lat": "42.87550985", "area_m2": "12373.3", "perimeter_m": "399.9", "equivalent_radius_m": "62.8", "circularity": "0.9725", "vertices": "16", "matched_catalogue_id": "wl-pos-pos-es-pba-32244", "matched_catalogue_name": "Castro de Grolos", "matched_distance_m": "4"}}, {"type": "Feature", "geometry": {"type": "Polygon", "coordinates": [[[-7.7210927, 43.0290002], [-7.7210015, 43.0286786], [-7.7207977, 43.0284943], [-7.7206636, 43.0284668], [-7.7204758, 43.0285453], [-7.7202773, 43.0286433], [-7.7202505, 43.0288041], [-7.720229, 43.0290315], [-7.7202773, 43.0292394], [-7.7204758, 43.0294237], [-7.7206206, 43.0294903], [-7.7207977, 43.0295178], [-7.7210552, 43.0293923], [-7.7211195, 43.0292394], [-7.7210927, 43.0290002]]]}, "properties": {"osm_id": "1016903747", "osm_type": "way", "label_class": "1", "site_class": "castro", "name": "Castrodá", "confidence": "high", "evidence": "fortification_type=hill_fort", "archaeological_site": "fortification", "civilization": "castro_culture", "fortification_type": "hill_fort", "wikidata": "", "centroid_lon": "-7.72068179", "centroid_lat": "43.02899781", "area_m2": "6460.0", "perimeter_m": "302.7", "equivalent_radius_m": "45.3", "circularity": "0.8858", "vertices": "15", "matched_catalogue_id": "wl-pos-pos-es-pba-31201", "matched_catalogue_name": "Castrodá/O Castro", "matched_distance_m": "4"}}, {"type": "Feature", "geometry": {"type": "Polygon", "coordinates": [[[-7.3768419, 42.914686], [-7.3765683, 42.9147489], [-7.376402, 42.9149336], [-7.3764128, 42.9151143], [-7.3764503, 42.9152911], [-7.3766649, 42.9154679], [-7.3768473, 42.9155464], [-7.3769814, 42.9155464], [-7.3772335, 42.9154639], [-7.3773408, 42.9153579], [-7.3774213, 42.9152164], [-7.3774535, 42.9150121], [-7.3773837, 42.9148589], [-7.377196, 42.9147686], [-7.3770404, 42.9147371], [-7.3768419, 42.914686]]]}, "properties": {"osm_id": "1017474667", "osm_type": "way", "label_class": "1", "site_class": "castro", "name": "Castro da Penela", "confidence": "high", "evidence": "fortification_type=hill_fort", "archaeological_site": "fortification", "civilization": "castro_culture", "fortification_type": "hill_fort", "wikidata": "", "centroid_lon": "-7.37694250", "centroid_lat": "42.91508972", "area_m2": "6282.0", "perimeter_m": "286.3", "equivalent_radius_m": "44.7", "circularity": "0.9629", "vertices": "16", "matched_catalogue_id": "", "matched_catalogue_name": "", "matched_distance_m": ""}}, {"type": "Feature", "geometry": {"type": "Polygon", "coordinates": [[[-8.6873563, 42.8776447], [-8.6874532, 42.8776592], [-8.6875676, 42.8776438], [-8.6877042, 42.8775737], [-8.6877848, 42.8775472], [-8.687884, 42.8774856], [-8.6879202, 42.8772888], [-8.6878116, 42.8772118], [-8.6876762, 42.8771579], [-8.6873236, 42.8771322], [-8.6871625, 42.8772246], [-8.6870574, 42.8773607], [-8.6870761, 42.8774804], [-8.6872057, 42.8775728], [-8.6873563, 42.8776447]]]}, "properties": {"osm_id": "1017931590", "osm_type": "way", "label_class": "1", "site_class": "castro", "name": "Torres de Altamira", "confidence": "high", "evidence": "fortification_type=hill_fort", "archaeological_site": "fortification", "civilization": "medieval", "fortification_type": "hill_fort", "wikidata": "Q54380", "centroid_lon": "-8.68748931", "centroid_lat": "42.87744187", "area_m2": "3053.2", "perimeter_m": "201.8", "equivalent_radius_m": "31.2", "circularity": "0.9421", "vertices": "15", "matched_catalogue_id": "wl-pos-pos-es-pba-2672", "matched_catalogue_name": "Castro de Altamira", "matched_distance_m": "19"}}, {"type": "Feature", "geometry": {"type": "Polygon", "coordinates": [[[-8.5525725, 42.6371604], [-8.5525994, 42.6371475], [-8.552643, 42.6371235], [-8.552666, 42.6371081], [-8.5526914, 42.6370861], [-8.5527108, 42.6370647], [-8.5527434, 42.6370227], [-8.5527576, 42.6370004], [-8.5527673, 42.6369754], [-8.5527693, 42.6369562], [-8.5527656, 42.6369235], [-8.5527559, 42.6368987], [-8.5527305, 42.6368571], [-8.5526979, 42.6368125], [-8.5526252, 42.6367205], [-8.5525877, 42.6366745], [-8.5525478, 42.6366287], [-8.5525188, 42.6365982], [-8.5524716, 42.6365529], [-8.552445, 42.6365311], [-8.5524123, 42.6365113], [-8.5523845, 42.6365001], [-8.5523337, 42.636486], [-8.552308, 42.6364795], [-8.5522817, 42.6364737], [-8.5522635, 42.6364706], [-8.5522354, 42.6364673], [-8.5522173, 42.6364682], [-8.5521909, 42.6364742], [-8.5521652, 42.6364833], [-8.5521145, 42.6365046], [-8.5520868, 42.636518], [-8.5520548, 42.6365367], [-8.5520289, 42.6365544], [-8.5519836, 42.6365892], [-8.551962, 42.6366105], [-8.5519426, 42.6366399], [-8.5519319, 42.6366675], [-8.5519193, 42.6367209], [-8.5519188, 42.636754], [-8.55193, 42.6367998], [-8.5519491, 42.6368432], [-8.5519954, 42.6369272], [-8.5520189, 42.6369708], [-8.5520431, 42.6370173], [-8.5520599, 42.6370512], [-8.5520862, 42.6371067], [-8.5521006, 42.6371342], [-8.5521176, 42.6371616], [-8.5521314, 42.6371796], [-8.5521558, 42.6372063], [-8.5521745, 42.6372179], [-8.5522059, 42.6372262], [-8.5522397, 42.6372282], [-8.5523096, 42.6372263], [-8.5523482, 42.6372232], [-8.5523942, 42.6372158], [-8.5524322, 42.6372067], [-8.5525002, 42.6371867], [-8.5525353, 42.6371751], [-8.5525725, 42.6371604]]]}, "properties": {"osm_id": "1062427315", "osm_type": "way", "label_class": "1", "site_class": "castro", "name": "Castro de Castrolandín", "confidence": "high", "evidence": "fortification_type=hill_fort", "archaeological_site": "fortification", "civilization": "castro_culture", "fortification_type": "hill_fort", "wikidata": "Q21155953", "centroid_lon": "-8.55232955", "centroid_lat": "42.63685602", "area_m2": "4145.7", "perimeter_m": "237.6", "equivalent_radius_m": "36.3", "circularity": "0.9226", "vertices": "61", "matched_catalogue_id": "wl-pos-pos-es-pba-64599", "matched_catalogue_name": "Castro de Castrolandín", "matched_distance_m": "8"}}, {"type": "Feature", "geometry": {"type": "Polygon", "coordinates": [[[-8.3562664, 42.9508648], [-8.3562773, 42.95061], [-8.3562985, 42.9504283], [-8.356308, 42.9502282], [-8.3562447, 42.9500884], [-8.3561849, 42.9499411], [-8.3560326, 42.9498018], [-8.3556899, 42.9497102], [-8.3553744, 42.9497062], [-8.3551405, 42.94975], [-8.3549229, 42.9499212], [-8.3547652, 42.9501203], [-8.3547761, 42.9502636], [-8.3546836, 42.9503831], [-8.3545911, 42.9505105], [-8.3545694, 42.9506657], [-8.3545966, 42.9507533], [-8.3546129, 42.9508011], [-8.3549175, 42.9508728], [-8.3551024, 42.9509962], [-8.3551568, 42.951032], [-8.3550317, 42.9511475], [-8.3550698, 42.9512271], [-8.3551949, 42.9512868], [-8.3551949, 42.9513903], [-8.3552384, 42.951454], [-8.3555158, 42.9514859], [-8.3562664, 42.9508648]]]}, "properties": {"osm_id": "1075192762", "osm_type": "way", "label_class": "1", "site_class": "castro", "name": "Castro de San Migueliño", "confidence": "medium", "evidence": "site=settlement,civ=prehistoric", "archaeological_site": "settlement", "civilization": "prehistoric", "fortification_type": "", "wikidata": "", "centroid_lon": "-8.35535799", "centroid_lat": "42.95058233", "area_m2": "19533.5", "perimeter_m": "556.3", "equivalent_radius_m": "78.9", "circularity": "0.7932", "vertices": "28", "matched_catalogue_id": "wl-pos-pos-es-pba-17008", "matched_catalogue_name": "O Castro/O Castro de San Migueliño", "matched_distance_m": "14"}}, {"type": "Feature", "geometry": {"type": "Polygon", "coordinates": [[[-7.3497744, 42.8999338], [-7.3494536, 42.9002112], [-7.3493984, 42.9004423], [-7.3495246, 42.9007929], [-7.3497297, 42.9010529], [-7.3499874, 42.9011261], [-7.3502819, 42.9011126], [-7.3504948, 42.9010644], [-7.3506, 42.9009354], [-7.3507288, 42.9007794], [-7.3507735, 42.9005849], [-7.3507394, 42.9003325], [-7.350692, 42.9001592], [-7.3506079, 42.9000667], [-7.3503476, 42.8999666], [-7.3501793, 42.8998934], [-7.3499453, 42.899905], [-7.3497744, 42.8999338]]]}, "properties": {"osm_id": "1103536514", "osm_type": "way", "label_class": "1", "site_class": "castro", "name": "Castro da Capela", "confidence": "high", "evidence": "fortification_type=hill_fort", "archaeological_site": "fortification", "civilization": "castro_culture", "fortification_type": "hill_fort", "wikidata": "", "centroid_lon": "-7.35016850", "centroid_lat": "42.90046073", "area_m2": "12002.7", "perimeter_m": "397.8", "equivalent_radius_m": "61.8", "circularity": "0.9533", "vertices": "18", "matched_catalogue_id": "wl-pos-pos-es-pba-31552", "matched_catalogue_name": "Castro da Capela", "matched_distance_m": "37"}}, {"type": "Feature", "geometry": {"type": "Polygon", "coordinates": [[[-7.3532377, 42.9102284], [-7.3530294, 42.9102806], [-7.3528047, 42.9104371], [-7.3529089, 42.9107301], [-7.3530459, 42.9109589], [-7.353298, 42.9111114], [-7.3534404, 42.9111114], [-7.3536158, 42.9109228], [-7.3538295, 42.9106458], [-7.3538186, 42.9104773], [-7.3537254, 42.910393], [-7.3535884, 42.9102966], [-7.3532377, 42.9102284]]]}, "properties": {"osm_id": "1103536737", "osm_type": "way", "label_class": "1", "site_class": "castro", "name": "Castro do Monte das Penas", "confidence": "high", "evidence": "fortification_type=hill_fort", "archaeological_site": "fortification", "civilization": "castro_culture", "fortification_type": "hill_fort", "wikidata": "", "centroid_lon": "-7.35335234", "centroid_lat": "42.91060168", "area_m2": "5646.5", "perimeter_m": "279.8", "equivalent_radius_m": "42.4", "circularity": "0.9066", "vertices": "13", "matched_catalogue_id": "wl-pos-pos-es-pba-31659", "matched_catalogue_name": "Castro do Monte das Penas", "matched_distance_m": "3"}}, {"type": "Feature", "geometry": {"type": "Polygon", "coordinates": [[[-7.681334, 42.6662639], [-7.6813957, 42.6662807], [-7.6814279, 42.6662629], [-7.6814588, 42.6662343], [-7.6814373, 42.6661791], [-7.6813877, 42.6661545], [-7.6813407, 42.6661555], [-7.6812884, 42.6661742], [-7.6812361, 42.666191], [-7.6812697, 42.6662156], [-7.681334, 42.6662639]]]}, "properties": {"osm_id": "1120074646", "osm_type": "way", "label_class": "0", "site_class": "mound", "name": "Mámoa da Follateira", "confidence": "high", "evidence": "archaeological_site=tumulus", "archaeological_site": "tumulus", "civilization": "", "fortification_type": "", "wikidata": "", "centroid_lon": "-7.68135548", "centroid_lat": "42.66621596", "area_m2": "157.7", "perimeter_m": "48.7", "equivalent_radius_m": "7.1", "circularity": "0.8348", "vertices": "11", "matched_catalogue_id": "wl-neg-neg-es-pba-41062", "matched_catalogue_name": "Mámoa da Cheda 2", "matched_distance_m": "3"}}, {"type": "Feature", "geometry": {"type": "Polygon", "coordinates": [[[-8.7078253, 42.382277], [-8.7082832, 42.3813102], [-8.7090606, 42.3814884], [-8.7089667, 42.3819223], [-8.7084642, 42.3823067], [-8.7078253, 42.382277]]]}, "properties": {"osm_id": "1123158114", "osm_type": "way", "label_class": "1", "site_class": "castro", "name": "Castro da Subidá", "confidence": "medium", "evidence": "site=settlement,civ=celtic", "archaeological_site": "settlement", "civilization": "celtic", "fortification_type": "", "wikidata": "Q12385714", "centroid_lon": "-8.70840422", "centroid_lat": "42.38193027", "area_m2": "7120.0", "perimeter_m": "342.0", "equivalent_radius_m": "47.6", "circularity": "0.7650", "vertices": "6", "matched_catalogue_id": "wl-pos-pos-es-pba-67187", "matched_catalogue_name": "Castro da Subidá", "matched_distance_m": "114"}}, {"type": "Feature", "geometry": {"type": "Polygon", "coordinates": [[[-7.6330156, 43.0378823], [-7.632588, 43.0380912], [-7.6325649, 43.0384062], [-7.6326496, 43.0386425], [-7.6331344, 43.038755], [-7.6335885, 43.0386762], [-7.6337809, 43.0384118], [-7.6336809, 43.0382487], [-7.6334577, 43.0379506], [-7.6333191, 43.0378549], [-7.6330156, 43.0378823]]]}, "properties": {"osm_id": "1127628677", "osm_type": "way", "label_class": "1", "site_class": "castro", "name": "Castro Zapateiro", "confidence": "high", "evidence": "fortification_type=hill_fort", "archaeological_site": "fortification", "civilization": "castro_culture", "fortification_type": "hill_fort", "wikidata": "", "centroid_lon": "-7.63316320", "centroid_lat": "43.03825470", "area_m2": "7343.7", "perimeter_m": "315.0", "equivalent_radius_m": "48.3", "circularity": "0.9302", "vertices": "11", "matched_catalogue_id": "wl-pos-pos-es-pba-31468", "matched_catalogue_name": "Castro Zapateiro", "matched_distance_m": "13"}}, {"type": "Feature", "geometry": {"type": "Polygon", "coordinates": [[[-7.601742, 43.0112468], [-7.6018853, 43.011114], [-7.6020845, 43.0110408], [-7.6022699, 43.0108792], [-7.6023982, 43.0107058], [-7.6026228, 43.0106498], [-7.6028225, 43.0107749], [-7.6029579, 43.0108792], [-7.6031385, 43.0110906], [-7.6031351, 43.0112215], [-7.6030685, 43.0113067], [-7.602791, 43.0114536], [-7.6024557, 43.0116256], [-7.6020315, 43.0116203], [-7.6018147, 43.0114405], [-7.601742, 43.0112468]]]}, "properties": {"osm_id": "1127646259", "osm_type": "way", "label_class": "1", "site_class": "castro", "name": "Castro de Taboelle", "confidence": "high", "evidence": "fortification_type=hill_fort", "archaeological_site": "fortification", "civilization": "castro_culture", "fortification_type": "hill_fort", "wikidata": "", "centroid_lon": "-7.60243501", "centroid_lat": "43.01114351", "area_m2": "7770.1", "perimeter_m": "337.2", "equivalent_radius_m": "49.7", "circularity": "0.8588", "vertices": "16", "matched_catalogue_id": "wl-pos-pos-es-pba-31650", "matched_catalogue_name": "Castro de Taboelle/O Castro", "matched_distance_m": "4"}}, {"type": "Feature", "geometry": {"type": "Polygon", "coordinates": [[[-7.3280872, 43.1075941], [-7.3278481, 43.1077553], [-7.3274596, 43.1078354], [-7.3270849, 43.107722], [-7.3269295, 43.107465], [-7.3268929, 43.1072415], [-7.3270712, 43.1070313], [-7.3273957, 43.106801], [-7.3277567, 43.1067042], [-7.3279898, 43.106771], [-7.3282184, 43.1069945], [-7.3281955, 43.1072949], [-7.3281589, 43.1074817], [-7.3280872, 43.1075941]]]}, "properties": {"osm_id": "1127867790", "osm_type": "way", "label_class": "1", "site_class": "castro", "name": "Castro da Graña", "confidence": "high", "evidence": "fortification_type=hill_fort", "archaeological_site": "fortification", "civilization": "castro_culture", "fortification_type": "hill_fort", "wikidata": "", "centroid_lon": "-7.32765540", "centroid_lat": "43.10730614", "area_m2": "9983.7", "perimeter_m": "363.8", "equivalent_radius_m": "56.4", "circularity": "0.9478", "vertices": "14", "matched_catalogue_id": "wl-pos-pos-es-pba-27874", "matched_catalogue_name": "Castro da Graña", "matched_distance_m": "21"}}, {"type": "Feature", "geometry": {"type": "Polygon", "coordinates": [[[-7.3524899, 43.0864338], [-7.3519873, 43.0864605], [-7.351704, 43.0864404], [-7.3515395, 43.0861401], [-7.3516035, 43.0858932], [-7.3518594, 43.0856062], [-7.3522614, 43.0856663], [-7.3524533, 43.0857731], [-7.3526909, 43.0859599], [-7.3527183, 43.0862069], [-7.3524899, 43.0864338]]]}, "properties": {"osm_id": "1127867930", "osm_type": "way", "label_class": "1", "site_class": "castro", "name": "A Croa dos Mouros", "confidence": "high", "evidence": "fortification_type=hill_fort", "archaeological_site": "fortification", "civilization": "castro_culture", "fortification_type": "hill_fort", "wikidata": "", "centroid_lon": "-7.35216340", "centroid_lat": "43.08609220", "area_m2": "6929.9", "perimeter_m": "306.5", "equivalent_radius_m": "47.0", "circularity": "0.9269", "vertices": "11", "matched_catalogue_id": "wl-pos-pos-es-pba-27973", "matched_catalogue_name": "A Croa dos Mouros", "matched_distance_m": "15"}}, {"type": "Feature", "geometry": {"type": "Polygon", "coordinates": [[[-7.3208447, 42.7804013], [-7.3205629, 42.7802612], [-7.3206083, 42.7799075], [-7.3206265, 42.7796939], [-7.3199173, 42.7791333], [-7.3195445, 42.7790666], [-7.3187534, 42.7790866], [-7.3183079, 42.7792868], [-7.3183715, 42.7797873], [-7.3184988, 42.7803746], [-7.3188625, 42.7806416], [-7.3193081, 42.7806482], [-7.3197445, 42.7807417], [-7.3200991, 42.7807417], [-7.3205902, 42.7806349], [-7.3208447, 42.7804013]]]}, "properties": {"osm_id": "1130713488", "osm_type": "way", "label_class": "1", "site_class": "castro", "name": "Castro do Mouro", "confidence": "high", "evidence": "fortification_type=hill_fort", "archaeological_site": "fortification", "civilization": "castro_culture", "fortification_type": "hill_fort", "wikidata": "", "centroid_lon": "-7.31971781", "centroid_lat": "42.78005053", "area_m2": "29471.7", "perimeter_m": "656.9", "equivalent_radius_m": "96.9", "circularity": "0.8582", "vertices": "16", "matched_catalogue_id": "wl-pos-pos-es-pba-31660", "matched_catalogue_name": "Castro do Mouro", "matched_distance_m": "37"}}, {"type": "Feature", "geometry": {"type": "Polygon", "coordinates": [[[-7.2718715, 42.9789387], [-7.2717905, 42.9790992], [-7.2717959, 42.9793504], [-7.2719461, 42.9795859], [-7.272166, 42.9797193], [-7.2725684, 42.9797507], [-7.2728044, 42.979686], [-7.2730243, 42.9795663], [-7.2731155, 42.9793543], [-7.2730351, 42.9790678], [-7.2728741, 42.9788755], [-7.272681, 42.9787931], [-7.2724021, 42.9787068], [-7.2721392, 42.9787028], [-7.2719944, 42.9787931], [-7.2718715, 42.9789387]]]}, "properties": {"osm_id": "1135960433", "osm_type": "way", "label_class": "1", "site_class": "castro", "name": "Castro de Pereira", "confidence": "medium", "evidence": "site=settlement,civ=celtic", "archaeological_site": "settlement", "civilization": "celtic", "fortification_type": "", "wikidata": "", "centroid_lon": "-7.27238000", "centroid_lat": "42.97918304", "area_m2": "9776.7", "perimeter_m": "356.2", "equivalent_radius_m": "55.8", "circularity": "0.9681", "vertices": "16", "matched_catalogue_id": "wl-pos-pos-es-pba-27912", "matched_catalogue_name": "Castro de Pereiro", "matched_distance_m": "8"}}, {"type": "Feature", "geometry": {"type": "Polygon", "coordinates": [[[-7.5388956, 42.9553703], [-7.5387883, 42.9554724], [-7.5385738, 42.9555274], [-7.5382412, 42.9554881], [-7.5381339, 42.9553232], [-7.5382948, 42.9551662], [-7.5385308, 42.9550405], [-7.5387883, 42.955017], [-7.5389063, 42.9550798], [-7.5389493, 42.9551897], [-7.5389493, 42.9552761], [-7.5388956, 42.9553703]]]}, "properties": {"osm_id": "1147420107", "osm_type": "way", "label_class": "0", "site_class": "mound", "name": "Círculo Lítico de Coeses", "confidence": "high", "evidence": "archaeological_site=megalith", "archaeological_site": "megalith", "civilization": "", "fortification_type": "", "wikidata": "", "centroid_lon": "-7.53866227", "centroid_lat": "42.95527675", "area_m2": "2716.6", "perimeter_m": "193.0", "equivalent_radius_m": "29.4", "circularity": "0.9165", "vertices": "12", "matched_catalogue_id": "", "matched_catalogue_name": "", "matched_distance_m": ""}}, {"type": "Feature", "geometry": {"type": "Polygon", "coordinates": [[[-7.4092805, 42.5381569], [-7.4091518, 42.5383229], [-7.4091893, 42.5384513], [-7.4092591, 42.5385521], [-7.4094629, 42.5386233], [-7.4097312, 42.5385838], [-7.409817, 42.5384336], [-7.4097419, 42.5382201], [-7.409581, 42.5381569], [-7.4092805, 42.5381569]]]}, "properties": {"osm_id": "1147423087", "osm_type": "way", "label_class": "0", "site_class": "mound", "name": "", "confidence": "high", "evidence": "archaeological_site=megalith", "archaeological_site": "megalith", "civilization": "", "fortification_type": "", "wikidata": "", "centroid_lon": "-7.40944952", "centroid_lat": "42.53836578", "area_m2": "2209.5", "perimeter_m": "171.7", "equivalent_radius_m": "26.5", "circularity": "0.9414", "vertices": "10", "matched_catalogue_id": "", "matched_catalogue_name": "", "matched_distance_m": ""}}, {"type": "Feature", "geometry": {"type": "Polygon", "coordinates": [[[-7.4969935, 43.1605568], [-7.4967395, 43.1606836], [-7.496744, 43.1608006], [-7.4967885, 43.1609534], [-7.4970559, 43.1610575], [-7.4973233, 43.1610509], [-7.4974125, 43.1609534], [-7.4974749, 43.1607519], [-7.4973412, 43.1606283], [-7.4969935, 43.1605568]]]}, "properties": {"osm_id": "1148339283", "osm_type": "way", "label_class": "0", "site_class": "mound", "name": "Madorra da Granxa", "confidence": "high", "evidence": "archaeological_site=tumulus", "archaeological_site": "tumulus", "civilization": "", "fortification_type": "", "wikidata": "", "centroid_lon": "-7.49708668", "centroid_lat": "43.16079932", "area_m2": "2530.0", "perimeter_m": "184.7", "equivalent_radius_m": "28.4", "circularity": "0.9324", "vertices": "10", "matched_catalogue_id": "wl-neg-neg-es-pba-28093", "matched_catalogue_name": "Madorra da Granxa", "matched_distance_m": "4"}}, {"type": "Feature", "geometry": {"type": "Polygon", "coordinates": [[[-7.7454257, 42.9860101], [-7.7454472, 42.9862848], [-7.7456617, 42.9864418], [-7.7459622, 42.9866144], [-7.7463698, 42.9865673], [-7.746681, 42.9864182], [-7.7467346, 42.9861514], [-7.7466595, 42.9859709], [-7.746681, 42.9857197], [-7.7466166, 42.9855], [-7.7463269, 42.9854136], [-7.7458441, 42.9853273], [-7.7458549, 42.9858845], [-7.7454257, 42.9860101]]]}, "properties": {"osm_id": "1148981618", "osm_type": "way", "label_class": "1", "site_class": "castro", "name": "A Rodela", "confidence": "high", "evidence": "fortification_type=hill_fort", "archaeological_site": "fortification", "civilization": "castro_culture", "fortification_type": "hill_fort", "wikidata": "", "centroid_lon": "-7.74612078", "centroid_lat": "42.98602244", "area_m2": "10389.6", "perimeter_m": "420.0", "equivalent_radius_m": "57.5", "circularity": "0.7400", "vertices": "14", "matched_catalogue_id": "", "matched_catalogue_name": "", "matched_distance_m": ""}}, {"type": "Feature", "geometry": {"type": "Polygon", "coordinates": [[[-7.7729237, 43.0105627], [-7.7726126, 43.010547], [-7.7723873, 43.0105], [-7.7719903, 43.0105156], [-7.7717972, 43.0107667], [-7.7720332, 43.0112139], [-7.7720869, 43.0112609], [-7.772516, 43.0111354], [-7.7730203, 43.0109864], [-7.773149, 43.010751], [-7.7729237, 43.0105627]]]}, "properties": {"osm_id": "1148984245", "osm_type": "way", "label_class": "1", "site_class": "castro", "name": "Castro de Lobengos", "confidence": "high", "evidence": "civilization=castro_culture", "archaeological_site": "settlement", "civilization": "castro_culture", "fortification_type": "", "wikidata": "", "centroid_lon": "-7.77249456", "centroid_lat": "43.01080021", "area_m2": "6317.2", "perimeter_m": "307.0", "equivalent_radius_m": "44.8", "circularity": "0.8421", "vertices": "11", "matched_catalogue_id": "wl-pos-pos-es-pba-31159", "matched_catalogue_name": "Castro de Lobengos", "matched_distance_m": "7"}}, {"type": "Feature", "geometry": {"type": "Polygon", "coordinates": [[[-7.3269367, 42.9143757], [-7.3266041, 42.9144543], [-7.326293, 42.9143914], [-7.3260677, 42.9141007], [-7.325939, 42.9137392], [-7.3260248, 42.9133778], [-7.3260892, 42.9131892], [-7.3263252, 42.9130949], [-7.3266685, 42.9131813], [-7.3270011, 42.913362], [-7.3271084, 42.9135428], [-7.3271728, 42.9138335], [-7.3270655, 42.9140299], [-7.3269367, 42.9143757]]]}, "properties": {"osm_id": "1148997123", "osm_type": "way", "label_class": "1", "site_class": "castro", "name": "As Croas", "confidence": "high", "evidence": "fortification_type=hill_fort", "archaeological_site": "fortification", "civilization": "castro_culture", "fortification_type": "hill_fort", "wikidata": "", "centroid_lon": "-7.32658805", "centroid_lat": "42.91378917", "area_m2": "11226.5", "perimeter_m": "399.5", "equivalent_radius_m": "59.8", "circularity": "0.8838", "vertices": "14", "matched_catalogue_id": "wl-pos-pos-es-pba-44441", "matched_catalogue_name": "Castro de Sobredo/Castro de Picato/As Croas", "matched_distance_m": "40"}}, {"type": "Feature", "geometry": {"type": "Polygon", "coordinates": [[[-7.2553028, 42.6823387], [-7.2552037, 42.6825695], [-7.2552037, 42.6828179], [-7.2552198, 42.6831847], [-7.25537, 42.6833306], [-7.2556973, 42.6833148], [-7.2559065, 42.6831334], [-7.256223, 42.6826444], [-7.2561961, 42.6823723], [-7.2560781, 42.6821436], [-7.2558904, 42.6820687], [-7.2556061, 42.6821554], [-7.2553028, 42.6823387]]]}, "properties": {"osm_id": "1150568810", "osm_type": "way", "label_class": "1", "site_class": "castro", "name": "Castro da Moura", "confidence": "medium", "evidence": "site=settlement,civ=celtic", "archaeological_site": "settlement", "civilization": "celtic", "fortification_type": "", "wikidata": "", "centroid_lon": "-7.25563079", "centroid_lat": "42.68264713", "area_m2": "8741.1", "perimeter_m": "361.8", "equivalent_radius_m": "52.7", "circularity": "0.8391", "vertices": "13", "matched_catalogue_id": "wl-pos-pos-es-pba-40040", "matched_catalogue_name": "Castro de Moura", "matched_distance_m": "27"}}, {"type": "Feature", "geometry": {"type": "Polygon", "coordinates": [[[-7.3427296, 42.8670239], [-7.3421824, 42.867079], [-7.3417533, 42.8672048], [-7.3415601, 42.8675036], [-7.3416567, 42.8677474], [-7.3419035, 42.8680619], [-7.3422468, 42.868172], [-7.3425365, 42.8681877], [-7.3427725, 42.8679833], [-7.3430514, 42.8675822], [-7.3429656, 42.8671891], [-7.3427296, 42.8670239]]]}, "properties": {"osm_id": "1150571410", "osm_type": "way", "label_class": "1", "site_class": "castro", "name": "Castro de Láncara", "confidence": "high", "evidence": "fortification_type=hill_fort", "archaeological_site": "fortification", "civilization": "castro_culture", "fortification_type": "hill_fort", "wikidata": "", "centroid_lon": "-7.34234067", "centroid_lat": "42.86756323", "area_m2": "11514.2", "perimeter_m": "393.4", "equivalent_radius_m": "60.5", "circularity": "0.9351", "vertices": "12", "matched_catalogue_id": "wl-pos-pos-es-pba-31617", "matched_catalogue_name": "Castro de Láncara", "matched_distance_m": "16"}}, {"type": "Feature", "geometry": {"type": "Polygon", "coordinates": [[[-7.4404612, 43.0238334], [-7.4403848, 43.023853], [-7.4403794, 43.0238923], [-7.4403834, 43.0239393], [-7.4404049, 43.0239599], [-7.4404773, 43.0239766], [-7.4405189, 43.0239736], [-7.4405564, 43.023957], [-7.4405672, 43.0239119], [-7.4405336, 43.0238648], [-7.4404612, 43.0238334]]]}, "properties": {"osm_id": "1151370699", "osm_type": "way", "label_class": "0", "site_class": "mound", "name": "Medorra de Brea", "confidence": "high", "evidence": "archaeological_site=tumulus", "archaeological_site": "tumulus", "civilization": "prehistoric", "fortification_type": "", "wikidata": "", "centroid_lon": "-7.44046621", "centroid_lat": "43.02390865", "area_m2": "186.4", "perimeter_m": "50.1", "equivalent_radius_m": "7.7", "circularity": "0.9326", "vertices": "11", "matched_catalogue_id": "wl-neg-neg-es-pba-32670", "matched_catalogue_name": "Modorra de Brea", "matched_distance_m": "2"}}, {"type": "Feature", "geometry": {"type": "Polygon", "coordinates": [[[-7.4414456, 43.0234942], [-7.4411345, 43.0234511], [-7.4409628, 43.0235256], [-7.4408501, 43.0236942], [-7.4409467, 43.0238629], [-7.4411559, 43.023957], [-7.4412632, 43.023957], [-7.441451, 43.0238903], [-7.441569, 43.0237844], [-7.4415636, 43.0236589], [-7.4415582, 43.023557], [-7.4414456, 43.0234942]]]}, "properties": {"osm_id": "1151370700", "osm_type": "way", "label_class": "1", "site_class": "castro", "name": "Castro da Brea", "confidence": "high", "evidence": "fortification_type=hill_fort", "archaeological_site": "fortification", "civilization": "castro_culture", "fortification_type": "hill_fort", "wikidata": "", "centroid_lon": "-7.44127885", "centroid_lat": "43.02369390", "area_m2": "2487.2", "perimeter_m": "181.0", "equivalent_radius_m": "28.1", "circularity": "0.9536", "vertices": "12", "matched_catalogue_id": "wl-pos-pos-es-pba-31439", "matched_catalogue_name": "Castro de Brea", "matched_distance_m": "4"}}, {"type": "Feature", "geometry": {"type": "Polygon", "coordinates": [[[-7.7464235, 42.998884], [-7.7460587, 42.9985701], [-7.745533, 42.9984563], [-7.7451789, 42.998476], [-7.7449751, 42.998625], [-7.7449375, 42.9988369], [-7.7450931, 42.9989664], [-7.7455169, 42.9991429], [-7.7459943, 42.999292], [-7.7462304, 42.9992528], [-7.7463806, 42.9990605], [-7.7464235, 42.998884]]]}, "properties": {"osm_id": "1152764073", "osm_type": "way", "label_class": "1", "site_class": "castro", "name": "Castro de Cerrón", "confidence": "high", "evidence": "fortification_type=hill_fort", "archaeological_site": "fortification", "civilization": "castro_culture", "fortification_type": "hill_fort", "wikidata": "", "centroid_lon": "-7.74572879", "centroid_lat": "42.99887058", "area_m2": "7654.5", "perimeter_m": "332.1", "equivalent_radius_m": "49.4", "circularity": "0.8719", "vertices": "12", "matched_catalogue_id": "wl-pos-pos-es-pba-31124", "matched_catalogue_name": "Castro de Cerrón", "matched_distance_m": "5"}}, {"type": "Feature", "geometry": {"type": "Polygon", "coordinates": [[[-7.4239308, 42.6914299], [-7.423684, 42.6913688], [-7.4235231, 42.6913057], [-7.4234104, 42.6912229], [-7.4233943, 42.6910928], [-7.423456, 42.6909488], [-7.4236089, 42.6907872], [-7.4238771, 42.6905762], [-7.4239388, 42.6904855], [-7.4240622, 42.6904382], [-7.4242607, 42.6904165], [-7.4243787, 42.6904777], [-7.424494, 42.6907773], [-7.4244833, 42.691008], [-7.4244994, 42.6911302], [-7.4244538, 42.6912426], [-7.4242392, 42.6913983], [-7.4240917, 42.6914417], [-7.4239308, 42.6914299]]]}, "properties": {"osm_id": "1153487006", "osm_type": "way", "label_class": "1", "site_class": "castro", "name": "Castro de Santalla", "confidence": "high", "evidence": "civilization=castro_culture", "archaeological_site": "settlement", "civilization": "castro_culture", "fortification_type": "", "wikidata": "", "centroid_lon": "-7.42398512", "centroid_lat": "42.69099885", "area_m2": "7411.7", "perimeter_m": "323.6", "equivalent_radius_m": "48.6", "circularity": "0.8896", "vertices": "19", "matched_catalogue_id": "wl-pos-pos-es-pba-32377", "matched_catalogue_name": "Castro de Santalla", "matched_distance_m": "21"}}, {"type": "Feature", "geometry": {"type": "Polygon", "coordinates": [[[-7.4412468, 42.6899091], [-7.4411351, 42.689744], [-7.4410277, 42.6896167], [-7.4409001, 42.6895432], [-7.4407694, 42.6895063], [-7.4405734, 42.6895187], [-7.4404813, 42.6895409], [-7.4403099, 42.6896659], [-7.4402636, 42.6897812], [-7.4402431, 42.6898821], [-7.4401898, 42.6899819], [-7.4402291, 42.6900454], [-7.4403281, 42.6900971], [-7.4404478, 42.6901251], [-7.4405737, 42.6901783], [-7.4407197, 42.6902548], [-7.4409047, 42.690292], [-7.4411228, 42.690206], [-7.4411918, 42.6901572], [-7.441229, 42.6900462], [-7.4412383, 42.6899763], [-7.4412468, 42.6899091]]]}, "properties": {"osm_id": "1153487264", "osm_type": "way", "label_class": "1", "site_class": "castro", "name": "Castro do Castelo", "confidence": "high", "evidence": "fortification_type=hill_fort", "archaeological_site": "fortification", "civilization": "castro_culture", "fortification_type": "hill_fort", "wikidata": "", "centroid_lon": "-7.44074418", "centroid_lat": "42.68990807", "area_m2": "5360.9", "perimeter_m": "268.8", "equivalent_radius_m": "41.3", "circularity": "0.9327", "vertices": "22", "matched_catalogue_id": "wl-pos-pos-es-pba-32301", "matched_catalogue_name": "Castro de Castelo", "matched_distance_m": "20"}}, {"type": "Feature", "geometry": {"type": "Polygon", "coordinates": [[[-7.7049338, 42.1696753], [-7.7056352, 42.1694382], [-7.7057509, 42.1689285], [-7.7049815, 42.1683784], [-7.7035721, 42.1684692], [-7.7035789, 42.1691], [-7.704253, 42.1695997], [-7.7049338, 42.1696753]]]}, "properties": {"osm_id": "1158310329", "osm_type": "way", "label_class": "1", "site_class": "castro", "name": "", "confidence": "high", "evidence": "civilization=castro_culture", "archaeological_site": "settlement", "civilization": "castro_culture", "fortification_type": "", "wikidata": "", "centroid_lon": "-7.70470490", "centroid_lat": "42.16915807", "area_m2": "19828.1", "perimeter_m": "531.8", "equivalent_radius_m": "79.4", "circularity": "0.8812", "vertices": "8", "matched_catalogue_id": "", "matched_catalogue_name": "", "matched_distance_m": ""}}, {"type": "Feature", "geometry": {"type": "Polygon", "coordinates": [[[-7.6303168, 43.0208603], [-7.6302892, 43.020892], [-7.6302879, 43.0209362], [-7.6303174, 43.0209685], [-7.6303603, 43.0209724], [-7.6304059, 43.0209636], [-7.6304327, 43.0209391], [-7.6304434, 43.020894], [-7.6304287, 43.0208548], [-7.6303777, 43.0208528], [-7.6303168, 43.0208603]]]}, "properties": {"osm_id": "1159068376", "osm_type": "way", "label_class": "0", "site_class": "mound", "name": "Mámoa de Lamaboa", "confidence": "high", "evidence": "archaeological_site=tumulus", "archaeological_site": "tumulus", "civilization": "", "fortification_type": "", "wikidata": "", "centroid_lon": "-7.63036153", "centroid_lat": "43.02090855", "area_m2": "138.1", "perimeter_m": "43.1", "equivalent_radius_m": "6.6", "circularity": "0.9348", "vertices": "11", "matched_catalogue_id": "", "matched_catalogue_name": "", "matched_distance_m": ""}}, {"type": "Feature", "geometry": {"type": "Polygon", "coordinates": [[[-7.1961844, 42.9025411], [-7.195707, 42.9024822], [-7.1952671, 42.902718], [-7.1952027, 42.9031856], [-7.1958089, 42.903885], [-7.1961469, 42.9040108], [-7.1965653, 42.9038772], [-7.1966296, 42.9036375], [-7.1965009, 42.9032524], [-7.19634, 42.9026001], [-7.1961844, 42.9025411]]]}, "properties": {"osm_id": "1160873916", "osm_type": "way", "label_class": "1", "site_class": "castro", "name": "Castro de Todón", "confidence": "high", "evidence": "fortification_type=hill_fort", "archaeological_site": "fortification", "civilization": "castro_culture", "fortification_type": "hill_fort", "wikidata": "", "centroid_lon": "-7.19604884", "centroid_lat": "42.90315736", "area_m2": "13816.9", "perimeter_m": "456.0", "equivalent_radius_m": "66.3", "circularity": "0.8350", "vertices": "11", "matched_catalogue_id": "wl-pos-pos-es-pba-28428", "matched_catalogue_name": "Castro de Todón", "matched_distance_m": "11"}}, {"type": "Feature", "geometry": {"type": "Polygon", "coordinates": [[[-7.1415746, 42.8750245], [-7.1413654, 42.8751425], [-7.1410972, 42.875512], [-7.1410006, 42.8757597], [-7.1411133, 42.8759051], [-7.1412581, 42.8759641], [-7.1416766, 42.8759641], [-7.1419984, 42.8758776], [-7.1423417, 42.8757322], [-7.1425939, 42.8755553], [-7.1426475, 42.8754413], [-7.1425188, 42.8752722], [-7.1421218, 42.8750796], [-7.1418965, 42.8750049], [-7.1415746, 42.8750245]]]}, "properties": {"osm_id": "1160954779", "osm_type": "way", "label_class": "1", "site_class": "castro", "name": "Castro de Montaña de Agra", "confidence": "high", "evidence": "civilization=castro_culture", "archaeological_site": "settlement", "civilization": "castro_culture", "fortification_type": "", "wikidata": "", "centroid_lon": "-7.14178527", "centroid_lat": "42.87548397", "area_m2": "9968.4", "perimeter_m": "372.2", "equivalent_radius_m": "56.3", "circularity": "0.9042", "vertices": "15", "matched_catalogue_id": "wl-pos-pos-es-pba-28389", "matched_catalogue_name": "Castro da Montaña da Agra", "matched_distance_m": "32"}}, {"type": "Feature", "geometry": {"type": "Polygon", "coordinates": [[[-7.1083474, 42.9186618], [-7.1075159, 42.9187089], [-7.1073121, 42.9187875], [-7.1068302, 42.9187737], [-7.1063948, 42.918705], [-7.1061319, 42.9184339], [-7.1059763, 42.9182218], [-7.1059334, 42.9176914], [-7.1060568, 42.9175029], [-7.1064323, 42.9175854], [-7.1069419, 42.9177779], [-7.1073818, 42.9178486], [-7.1077037, 42.9178172], [-7.1081328, 42.9178486], [-7.1084333, 42.9179979], [-7.108562, 42.9182964], [-7.1087015, 42.9184772], [-7.1085674, 42.9185989], [-7.1083474, 42.9186618]]]}, "properties": {"osm_id": "1161756161", "osm_type": "way", "label_class": "1", "site_class": "castro", "name": "Castro de Vilamane", "confidence": "high", "evidence": "fortification_type=hill_fort", "archaeological_site": "fortification", "civilization": "castro_culture", "fortification_type": "hill_fort", "wikidata": "", "centroid_lon": "-7.10735278", "centroid_lat": "42.91823141", "area_m2": "21517.5", "perimeter_m": "609.9", "equivalent_radius_m": "82.8", "circularity": "0.7269", "vertices": "19", "matched_catalogue_id": "wl-pos-pos-es-pba-28455", "matched_catalogue_name": "Castro de Vilamane", "matched_distance_m": "7"}}, {"type": "Feature", "geometry": {"type": "Polygon", "coordinates": [[[-7.3200059, 42.787307], [-7.3196089, 42.7871889], [-7.3193085, 42.7872047], [-7.3189974, 42.7873149], [-7.3188311, 42.7875118], [-7.3187131, 42.7877716], [-7.318697, 42.7879802], [-7.3187828, 42.788244], [-7.3192602, 42.7882716], [-7.3196358, 42.7882401], [-7.3198932, 42.7880747], [-7.3200703, 42.787807], [-7.320199, 42.7876377], [-7.3201561, 42.7874685], [-7.3200059, 42.787307]]]}, "properties": {"osm_id": "1161757021", "osm_type": "way", "label_class": "1", "site_class": "castro", "name": "Castro de San Xoán", "confidence": "high", "evidence": "civilization=castro_culture", "archaeological_site": "settlement", "civilization": "castro_culture", "fortification_type": "", "wikidata": "", "centroid_lon": "-7.31947768", "centroid_lat": "42.78768865", "area_m2": "11333.2", "perimeter_m": "391.1", "equivalent_radius_m": "60.1", "circularity": "0.9309", "vertices": "15", "matched_catalogue_id": "wl-pos-pos-es-pba-31654", "matched_catalogue_name": "Castro de Toldaos", "matched_distance_m": "35"}}, {"type": "Feature", "geometry": {"type": "Polygon", "coordinates": [[[-7.2633576, 42.9221973], [-7.2630251, 42.9221816], [-7.262612, 42.9224055], [-7.2623277, 42.922653], [-7.2621775, 42.9235958], [-7.2624832, 42.9238707], [-7.2630411, 42.9238432], [-7.2634971, 42.9236429], [-7.2639692, 42.9232069], [-7.264055, 42.9227433], [-7.2639102, 42.9223662], [-7.263642, 42.9222287], [-7.2633576, 42.9221973]]]}, "properties": {"osm_id": "1162545272", "osm_type": "way", "label_class": "1", "site_class": "castro", "name": "Castro do Reguengo", "confidence": "high", "evidence": "civilization=castro_culture", "archaeological_site": "settlement", "civilization": "castro_culture", "fortification_type": "", "wikidata": "", "centroid_lon": "-7.26318887", "centroid_lat": "42.92285634", "area_m2": "21712.8", "perimeter_m": "546.9", "equivalent_radius_m": "83.1", "circularity": "0.9123", "vertices": "13", "matched_catalogue_id": "wl-pos-pos-es-pba-44438", "matched_catalogue_name": "Castro de Reguengo", "matched_distance_m": "11"}}, {"type": "Feature", "geometry": {"type": "Polygon", "coordinates": [[[-7.3074505, 42.878197], [-7.3072332, 42.8782953], [-7.3069623, 42.8782815], [-7.3066431, 42.8782088], [-7.3064634, 42.8780791], [-7.3063535, 42.8778668], [-7.3063588, 42.8776132], [-7.3066807, 42.8773793], [-7.3071125, 42.8773105], [-7.3073673, 42.877338], [-7.3076892, 42.8776329], [-7.3076999, 42.8778746], [-7.3076597, 42.8780673], [-7.3074505, 42.878197]]]}, "properties": {"osm_id": "1162815103", "osm_type": "way", "label_class": "1", "site_class": "castro", "name": "Castro de Lebruxo", "confidence": "high", "evidence": "fortification_type=hill_fort", "archaeological_site": "fortification", "civilization": "castro_culture", "fortification_type": "hill_fort", "wikidata": "", "centroid_lon": "-7.30708033", "centroid_lat": "42.87788152", "area_m2": "9499.6", "perimeter_m": "351.4", "equivalent_radius_m": "55.0", "circularity": "0.9668", "vertices": "14", "matched_catalogue_id": "wl-pos-pos-es-pba-44431", "matched_catalogue_name": "Castro da Igrexa/Castro de Lebruxo", "matched_distance_m": "13"}}, {"type": "Feature", "geometry": {"type": "Polygon", "coordinates": [[[-7.1667337, 43.1784714], [-7.1660793, 43.1783971], [-7.165795, 43.1784636], [-7.1652639, 43.1787218], [-7.165001, 43.1791403], [-7.1649689, 43.180087], [-7.1649313, 43.180353], [-7.1651942, 43.1805877], [-7.1654087, 43.1805603], [-7.1663261, 43.1800557], [-7.1670342, 43.1798523], [-7.1672916, 43.1794142], [-7.1672165, 43.1786592], [-7.1669269, 43.1784949], [-7.1667337, 43.1784714]]]}, "properties": {"osm_id": "1162893427", "osm_type": "way", "label_class": "1", "site_class": "castro", "name": "Castro da Igrexa dos Vaos", "confidence": "high", "evidence": "civilization=castro_culture", "archaeological_site": "settlement", "civilization": "castro_culture", "fortification_type": "", "wikidata": "", "centroid_lon": "-7.16606033", "centroid_lat": "43.17931533", "area_m2": "33284.3", "perimeter_m": "705.7", "equivalent_radius_m": "102.9", "circularity": "0.8398", "vertices": "15", "matched_catalogue_id": "wl-pos-pos-es-pba-40335", "matched_catalogue_name": "Castro da Teixeira/Castro da Igrexa dos Vaos", "matched_distance_m": "12"}}, {"type": "Feature", "geometry": {"type": "Polygon", "coordinates": [[[-7.7432478, 43.011461], [-7.743178, 43.0115434], [-7.7432263, 43.0116297], [-7.7433121, 43.011661], [-7.7434033, 43.0116453], [-7.7434999, 43.0115865], [-7.7434677, 43.0114963], [-7.7434033, 43.0114531], [-7.7432478, 43.011461]]]}, "properties": {"osm_id": "1162938472", "osm_type": "way", "label_class": "0", "site_class": "mound", "name": "Mámoa de Costa de Mera 2", "confidence": "high", "evidence": "archaeological_site=tumulus", "archaeological_site": "tumulus", "civilization": "", "fortification_type": "", "wikidata": "", "centroid_lon": "-7.74333180", "centroid_lat": "43.01154859", "area_m2": "440.7", "perimeter_m": "77.0", "equivalent_radius_m": "11.8", "circularity": "0.9338", "vertices": "9", "matched_catalogue_id": "wl-neg-neg-es-pba-30557", "matched_catalogue_name": "Mámoa de Costa de Mera 2", "matched_distance_m": "3"}}, {"type": "Feature", "geometry": {"type": "Polygon", "coordinates": [[[-7.7435857, 43.0112139], [-7.7434301, 43.0112296], [-7.7434194, 43.0113119], [-7.7434892, 43.0114139], [-7.7435857, 43.0114218], [-7.7436823, 43.0113708], [-7.7437037, 43.0112766], [-7.7435857, 43.0112139]]]}, "properties": {"osm_id": "1162938473", "osm_type": "way", "label_class": "0", "site_class": "mound", "name": "Mámoa de Costa de Mera 3", "confidence": "high", "evidence": "archaeological_site=tumulus", "archaeological_site": "tumulus", "civilization": "", "fortification_type": "", "wikidata": "", "centroid_lon": "-7.74356022", "centroid_lat": "43.01130655", "area_m2": "403.4", "perimeter_m": "74.8", "equivalent_radius_m": "11.3", "circularity": "0.9063", "vertices": "8", "matched_catalogue_id": "wl-neg-neg-es-pba-30558", "matched_catalogue_name": "Mámoa de Costa de Mera 3", "matched_distance_m": "6"}}, {"type": "Feature", "geometry": {"type": "Polygon", "coordinates": [[[-7.7453184, 43.0102332], [-7.745136, 43.0101861], [-7.7450073, 43.0102214], [-7.7449805, 43.0102881], [-7.7450556, 43.0104333], [-7.7451843, 43.0104568], [-7.7452755, 43.0104333], [-7.7453774, 43.0103744], [-7.7453935, 43.0103156], [-7.7453184, 43.0102332]]]}, "properties": {"osm_id": "1162938474", "osm_type": "way", "label_class": "0", "site_class": "mound", "name": "Mámoa de Costa de Mera 1", "confidence": "high", "evidence": "archaeological_site=tumulus", "archaeological_site": "tumulus", "civilization": "", "fortification_type": "", "wikidata": "", "centroid_lon": "-7.74520469", "centroid_lat": "43.01031754", "area_m2": "722.8", "perimeter_m": "98.9", "equivalent_radius_m": "15.2", "circularity": "0.9287", "vertices": "10", "matched_catalogue_id": "wl-neg-neg-es-pba-30556", "matched_catalogue_name": "Mámoa de Costa de Mera 1", "matched_distance_m": "5"}}, {"type": "Feature", "geometry": {"type": "Polygon", "coordinates": [[[-7.753923, 42.9606076], [-7.7533651, 42.9602385], [-7.7527106, 42.9602385], [-7.752378, 42.9605055], [-7.752378, 42.9608196], [-7.7527964, 42.9612828], [-7.7533114, 42.9613299], [-7.7537298, 42.9610944], [-7.7538666, 42.9608549], [-7.753923, 42.9606076]]]}, "properties": {"osm_id": "1162939829", "osm_type": "way", "label_class": "1", "site_class": "castro", "name": "Castro do Rebordelo", "confidence": "high", "evidence": "civilization=castro_culture", "archaeological_site": "settlement", "civilization": "castro_culture", "fortification_type": "", "wikidata": "", "centroid_lon": "-7.75323819", "centroid_lat": "42.96075793", "area_m2": "11594.4", "perimeter_m": "393.7", "equivalent_radius_m": "60.8", "circularity": "0.9401", "vertices": "10", "matched_catalogue_id": "wl-pos-pos-es-pba-32249", "matched_catalogue_name": "Castro de Rebordelo", "matched_distance_m": "23"}}, {"type": "Feature", "geometry": {"type": "Polygon", "coordinates": [[[-7.5202903, 43.6845955], [-7.5201041, 43.6845743], [-7.5198573, 43.6844114], [-7.5198197, 43.6843066], [-7.5198788, 43.6841049], [-7.5200343, 43.6839885], [-7.5204527, 43.6839963], [-7.5206459, 43.6840778], [-7.5206834, 43.6842562], [-7.5205976, 43.6844308], [-7.5204635, 43.6845316], [-7.5202903, 43.6845955]]]}, "properties": {"osm_id": "1163025976", "osm_type": "way", "label_class": "0", "site_class": "mound", "name": "Henge de Lavandeiras", "confidence": "high", "evidence": "archaeological_site=megalith", "archaeological_site": "megalith", "civilization": "neolithic", "fortification_type": "", "wikidata": "", "centroid_lon": "-7.52025983", "centroid_lat": "43.68432245", "area_m2": "3638.2", "perimeter_m": "218.7", "equivalent_radius_m": "34.0", "circularity": "0.9556", "vertices": "12", "matched_catalogue_id": "", "matched_catalogue_name": "", "matched_distance_m": ""}}, {"type": "Feature", "geometry": {"type": "Polygon", "coordinates": [[[-7.4389887, 43.6660439], [-7.4386507, 43.6662341], [-7.4384147, 43.6665484], [-7.4386346, 43.6668045], [-7.4392033, 43.6669093], [-7.4396539, 43.6668317], [-7.4400723, 43.6666997], [-7.4400723, 43.6664708], [-7.4397612, 43.6662729], [-7.4393427, 43.6661177], [-7.4389887, 43.6660439]]]}, "properties": {"osm_id": "1163031257", "osm_type": "way", "label_class": "1", "site_class": "castro", "name": "Castro do Pico Pequeno", "confidence": "high", "evidence": "civilization=castro_culture", "archaeological_site": "settlement", "civilization": "castro_culture", "fortification_type": "", "wikidata": "", "centroid_lon": "-7.43925301", "centroid_lat": "43.66645245", "area_m2": "8814.9", "perimeter_m": "355.6", "equivalent_radius_m": "53.0", "circularity": "0.8762", "vertices": "11", "matched_catalogue_id": "wl-pos-pos-es-pba-29985", "matched_catalogue_name": "Castro Pico Pequeño/Monte da Sara", "matched_distance_m": "4"}}, {"type": "Feature", "geometry": {"type": "Polygon", "coordinates": [[[-7.4278361, 43.6630675], [-7.4278027, 43.6631017], [-7.4277807, 43.6631404], [-7.4277712, 43.6631817], [-7.4277746, 43.6632235], [-7.4277907, 43.6632637], [-7.4278189, 43.6633003], [-7.4278575, 43.6633314], [-7.4279048, 43.6633555], [-7.4279583, 43.6633714], [-7.4280154, 43.6633783], [-7.4280731, 43.6633759], [-7.4281287, 43.6633642], [-7.4281793, 43.6633439], [-7.4282223, 43.6633159], [-7.4282557, 43.6632817], [-7.4282777, 43.663243], [-7.4282872, 43.6632017], [-7.4282838, 43.6631599], [-7.4282676, 43.6631197], [-7.4282395, 43.6630831], [-7.4282008, 43.663052], [-7.4281536, 43.6630279], [-7.4281001, 43.6630119], [-7.428043, 43.663005], [-7.4279852, 43.6630075], [-7.4279297, 43.6630192], [-7.4278791, 43.6630395], [-7.4278361, 43.6630675]]]}, "properties": {"osm_id": "1163032402", "osm_type": "way", "label_class": "0", "site_class": "mound", "name": "Henge de A Mourisca 2", "confidence": "high", "evidence": "archaeological_site=megalith", "archaeological_site": "megalith", "civilization": "", "fortification_type": "", "wikidata": "", "centroid_lon": "-7.42802253", "centroid_lat": "43.66318741", "area_m2": "1348.9", "perimeter_m": "130.5", "equivalent_radius_m": "20.7", "circularity": "0.9958", "vertices": "29", "matched_catalogue_id": "", "matched_catalogue_name": "", "matched_distance_m": ""}}, {"type": "Feature", "geometry": {"type": "Polygon", "coordinates": [[[-7.4293542, 43.6645732], [-7.4293282, 43.6646119], [-7.429314, 43.6646536], [-7.429312, 43.6646966], [-7.4293224, 43.6647389], [-7.4293448, 43.6647788], [-7.4293781, 43.6648144], [-7.429421, 43.6648442], [-7.4294714, 43.6648669], [-7.4295273, 43.6648815], [-7.4295862, 43.6648874], [-7.4296455, 43.6648843], [-7.4297026, 43.6648724], [-7.429755, 43.6648521], [-7.4298005, 43.6648244], [-7.429837, 43.6647905], [-7.4298629, 43.6647518], [-7.4298772, 43.6647101], [-7.4298792, 43.6646671], [-7.4298687, 43.6646248], [-7.4298464, 43.664585], [-7.429813, 43.6645494], [-7.4297702, 43.6645195], [-7.4297197, 43.6644968], [-7.4296639, 43.6644822], [-7.429605, 43.6644763], [-7.4295457, 43.6644794], [-7.4294886, 43.6644913], [-7.4294362, 43.6645116], [-7.4293907, 43.6645393], [-7.4293542, 43.6645732]]]}, "properties": {"osm_id": "1163032403", "osm_type": "way", "label_class": "0", "site_class": "mound", "name": "Henge de A Mourisca 1", "confidence": "high", "evidence": "archaeological_site=megalith", "archaeological_site": "megalith", "civilization": "", "fortification_type": "", "wikidata": "", "centroid_lon": "-7.42958780", "centroid_lat": "43.66467835", "area_m2": "1634.7", "perimeter_m": "143.6", "equivalent_radius_m": "22.8", "circularity": "0.9963", "vertices": "31", "matched_catalogue_id": "", "matched_catalogue_name": "", "matched_distance_m": ""}}, {"type": "Feature", "geometry": {"type": "Polygon", "coordinates": [[[-7.2266007, 43.4923392], [-7.2260535, 43.4926194], [-7.2258175, 43.4932576], [-7.2258818, 43.4935144], [-7.2261608, 43.4937012], [-7.2268367, 43.4937246], [-7.2273946, 43.4936001], [-7.2276306, 43.4932498], [-7.2275019, 43.4928762], [-7.2272122, 43.4925649], [-7.2269011, 43.4923859], [-7.2266007, 43.4923392]]]}, "properties": {"osm_id": "1163037883", "osm_type": "way", "label_class": "1", "site_class": "castro", "name": "Os Castros", "confidence": "high", "evidence": "civilization=castro_culture", "archaeological_site": "settlement", "civilization": "castro_culture", "fortification_type": "", "wikidata": "", "centroid_lon": "-7.22671601", "centroid_lat": "43.49301438", "area_m2": "16838.6", "perimeter_m": "474.1", "equivalent_radius_m": "73.2", "circularity": "0.9414", "vertices": "12", "matched_catalogue_id": "wl-pos-pos-es-pba-28735", "matched_catalogue_name": "Os Castros", "matched_distance_m": "3"}}, {"type": "Feature", "geometry": {"type": "Polygon", "coordinates": [[[-8.4444898, 42.8941511], [-8.4441465, 42.8942926], [-8.4440875, 42.8945126], [-8.4442431, 42.8948546], [-8.4446937, 42.8951297], [-8.4452838, 42.8952279], [-8.4456271, 42.8952122], [-8.4458316, 42.8950381], [-8.4458953, 42.8948506], [-8.4458953, 42.8946148], [-8.4455359, 42.8942808], [-8.4452838, 42.8941629], [-8.4448332, 42.8940607], [-8.4444898, 42.8941511]]]}, "properties": {"osm_id": "1163058603", "osm_type": "way", "label_class": "1", "site_class": "castro", "name": "Castro da Lavacolla", "confidence": "high", "evidence": "civilization=castro_culture", "archaeological_site": "settlement", "civilization": "castro_culture", "fortification_type": "", "wikidata": "", "centroid_lon": "-8.44502403", "centroid_lat": "42.89460998", "area_m2": "14113.6", "perimeter_m": "435.7", "equivalent_radius_m": "67.0", "circularity": "0.9341", "vertices": "14", "matched_catalogue_id": "wl-pos-pos-es-pba-20186", "matched_catalogue_name": "Castro de Lavacolla/Castro de Mendes", "matched_distance_m": "52"}}, {"type": "Feature", "geometry": {"type": "Polygon", "coordinates": [[[-7.7139151, 43.0477849], [-7.713604, 43.047926], [-7.7134216, 43.0481455], [-7.7134645, 43.0484199], [-7.7136791, 43.0485297], [-7.7140761, 43.0486316], [-7.7143979, 43.0486003], [-7.7146232, 43.0484199], [-7.7146447, 43.0481847], [-7.7145696, 43.047973], [-7.7143657, 43.0478084], [-7.7141512, 43.0477692], [-7.7139151, 43.0477849]]]}, "properties": {"osm_id": "1163492885", "osm_type": "way", "label_class": "1", "site_class": "castro", "name": "Castro de Lagouzos", "confidence": "high", "evidence": "civilization=castro_culture", "archaeological_site": "settlement", "civilization": "castro_culture", "fortification_type": "", "wikidata": "", "centroid_lon": "-7.71406368", "centroid_lat": "43.04815215", "area_m2": "7398.1", "perimeter_m": "310.8", "equivalent_radius_m": "48.5", "circularity": "0.9622", "vertices": "13", "matched_catalogue_id": "wl-pos-pos-es-pba-31128", "matched_catalogue_name": "Castro de Lagouzos", "matched_distance_m": "59"}}, {"type": "Feature", "geometry": {"type": "Polygon", "coordinates": [[[-7.7552587, 43.0535709], [-7.7549851, 43.0537061], [-7.7548751, 43.053855], [-7.7549475, 43.0540412], [-7.7550441, 43.0540785], [-7.7552801, 43.0541196], [-7.7554733, 43.0540746], [-7.7556154, 43.053955], [-7.7556476, 43.0538746], [-7.7556288, 43.0537551], [-7.7555028, 43.0536297], [-7.7553821, 43.0535728], [-7.7552587, 43.0535709]]]}, "properties": {"osm_id": "1165162135", "osm_type": "way", "label_class": "0", "site_class": "mound", "name": "Mámoa da Gándara de Narla 16", "confidence": "high", "evidence": "archaeological_site=tumulus", "archaeological_site": "tumulus", "civilization": "prehistoric", "fortification_type": "", "wikidata": "", "centroid_lon": "-7.75529995", "centroid_lat": "43.05383108", "area_m2": "2805.0", "perimeter_m": "191.8", "equivalent_radius_m": "29.9", "circularity": "0.9586", "vertices": "13", "matched_catalogue_id": "wl-neg-neg-es-pba-30933", "matched_catalogue_name": "Mámoa da Gándara de Narla 16/Medorra Aberta", "matched_distance_m": "2"}}, {"type": "Feature", "geometry": {"type": "Polygon", "coordinates": [[[-7.2273687, 42.8371918], [-7.2273041, 42.8372015], [-7.2272681, 42.8371786], [-7.2272214, 42.8371383], [-7.2272071, 42.8370943], [-7.2272334, 42.8370434], [-7.2272741, 42.8370109], [-7.227334, 42.8370056], [-7.2273879, 42.8370127], [-7.227437, 42.8370531], [-7.2274442, 42.8371303], [-7.2274202, 42.8371593], [-7.2273975, 42.8371839], [-7.2273687, 42.8371918]]]}, "properties": {"osm_id": "1168142336", "osm_type": "way", "label_class": "0", "site_class": "mound", "name": "Madorra de Montouto 1", "confidence": "high", "evidence": "archaeological_site=tumulus", "archaeological_site": "tumulus", "civilization": "", "fortification_type": "", "wikidata": "", "centroid_lon": "-7.22733331", "centroid_lat": "42.83711396", "area_m2": "320.0", "perimeter_m": "64.8", "equivalent_radius_m": "10.1", "circularity": "0.9577", "vertices": "14", "matched_catalogue_id": "wl-neg-neg-es-pba-31274", "matched_catalogue_name": "Madorra de Montouto 1", "matched_distance_m": "3"}}, {"type": "Feature", "geometry": {"type": "Polygon", "coordinates": [[[-7.2739629, 42.8885653], [-7.2746437, 42.8888182], [-7.2752669, 42.8886074], [-7.2755162, 42.8881367], [-7.275497, 42.8878698], [-7.2753149, 42.8875326], [-7.2748354, 42.8874483], [-7.274241, 42.8876731], [-7.2739917, 42.8881719], [-7.2739629, 42.8885653]]]}, "properties": {"osm_id": "1168142909", "osm_type": "way", "label_class": "1", "site_class": "castro", "name": "O Castro", "confidence": "high", "evidence": "fortification_type=hill_fort", "archaeological_site": "fortification", "civilization": "castro_culture", "fortification_type": "hill_fort", "wikidata": "", "centroid_lon": "-7.27472326", "centroid_lat": "42.88813886", "area_m2": "14313.1", "perimeter_m": "442.3", "equivalent_radius_m": "67.5", "circularity": "0.9193", "vertices": "10", "matched_catalogue_id": "wl-pos-pos-es-pba-44635", "matched_catalogue_name": "O Castro", "matched_distance_m": "57"}}, {"type": "Feature", "geometry": {"type": "Polygon", "coordinates": [[[-7.3630275, 42.8654901], [-7.3626655, 42.8654751], [-7.3621288, 42.8657174], [-7.3619323, 42.8659493], [-7.3619131, 42.8662513], [-7.361985, 42.8664235], [-7.3621623, 42.8665464], [-7.3624546, 42.8665956], [-7.362862, 42.8665464], [-7.3632071, 42.8663146], [-7.3633748, 42.8659071], [-7.3632933, 42.8656542], [-7.3630275, 42.8654901]]]}, "properties": {"osm_id": "1168143415", "osm_type": "way", "label_class": "1", "site_class": "castro", "name": "Castro", "confidence": "high", "evidence": "fortification_type=hill_fort", "archaeological_site": "fortification", "civilization": "castro_culture", "fortification_type": "hill_fort", "wikidata": "", "centroid_lon": "-7.36261798", "centroid_lat": "42.86602778", "area_m2": "11292.9", "perimeter_m": "386.0", "equivalent_radius_m": "60.0", "circularity": "0.9523", "vertices": "13", "matched_catalogue_id": "wl-pos-pos-es-pba-31342", "matched_catalogue_name": "A Croa", "matched_distance_m": "36"}}, {"type": "Feature", "geometry": {"type": "Polygon", "coordinates": [[[-7.8106477, 43.2350241], [-7.810311, 43.2349795], [-7.8099285, 43.2349906], [-7.8096454, 43.2351244], [-7.8095459, 43.2352972], [-7.8100892, 43.235888], [-7.8105558, 43.2361166], [-7.810663, 43.2359939], [-7.8106247, 43.2356316], [-7.8105788, 43.2355424], [-7.8107471, 43.2352247], [-7.8106477, 43.2350241]]]}, "properties": {"osm_id": "1171823155", "osm_type": "way", "label_class": "1", "site_class": "castro", "name": "Castro de Ferreiros", "confidence": "high", "evidence": "fortification_type=hill_fort", "archaeological_site": "fortification", "civilization": "castro_culture", "fortification_type": "hill_fort", "wikidata": "", "centroid_lon": "-7.81033207", "centroid_lat": "43.23540309", "area_m2": "7807.0", "perimeter_m": "360.7", "equivalent_radius_m": "49.9", "circularity": "0.7541", "vertices": "12", "matched_catalogue_id": "", "matched_catalogue_name": "", "matched_distance_m": ""}}, {"type": "Feature", "geometry": {"type": "Polygon", "coordinates": [[[-7.1757942, 42.5343701], [-7.1755448, 42.5343009], [-7.1752793, 42.5343286], [-7.1751317, 42.5344413], [-7.1752095, 42.5346389], [-7.1754509, 42.5347555], [-7.1756896, 42.5347871], [-7.1758211, 42.5347516], [-7.1758398, 42.534631], [-7.1758184, 42.5344571], [-7.1757942, 42.5343701]]]}, "properties": {"osm_id": "1171832842", "osm_type": "way", "label_class": "1", "site_class": "castro", "name": "Castro da Coroa de Penas Rubias", "confidence": "high", "evidence": "fortification_type=hill_fort", "archaeological_site": "fortification", "civilization": "castro_culture", "fortification_type": "hill_fort", "wikidata": "", "centroid_lon": "-7.17557941", "centroid_lat": "42.53453020", "area_m2": "2399.9", "perimeter_m": "182.1", "equivalent_radius_m": "27.6", "circularity": "0.9096", "vertices": "11", "matched_catalogue_id": "wl-pos-pos-es-pba-37882", "matched_catalogue_name": "Castro da Coroa de Penas Rubias", "matched_distance_m": "2"}}, {"type": "Feature", "geometry": {"type": "Polygon", "coordinates": [[[-7.3005254, 42.703215], [-7.3002702, 42.7032457], [-7.3001039, 42.7033364], [-7.3000073, 42.703565], [-7.3002487, 42.7039238], [-7.3004955, 42.7040696], [-7.3009086, 42.7042076], [-7.3011553, 42.7042589], [-7.301386, 42.7042116], [-7.301681, 42.7040263], [-7.3018688, 42.7037937], [-7.3018795, 42.7036005], [-7.301665, 42.7033561], [-7.3014021, 42.703226], [-7.3012036, 42.7031984], [-7.3009354, 42.7032654], [-7.3007423, 42.70323], [-7.3005254, 42.703215]]]}, "properties": {"osm_id": "1172593343", "osm_type": "way", "label_class": "1", "site_class": "castro", "name": "Castro de Valbón", "confidence": "high", "evidence": "fortification_type=hill_fort", "archaeological_site": "fortification", "civilization": "castro_culture", "fortification_type": "hill_fort", "wikidata": "", "centroid_lon": "-7.30094467", "centroid_lat": "42.70360806", "area_m2": "13327.2", "perimeter_m": "428.4", "equivalent_radius_m": "65.1", "circularity": "0.9126", "vertices": "18", "matched_catalogue_id": "wl-pos-pos-es-pba-32409", "matched_catalogue_name": "Castro de Valbón", "matched_distance_m": "25"}}, {"type": "Feature", "geometry": {"type": "Polygon", "coordinates": [[[-8.2711166, 42.1461429], [-8.2712223, 42.1460163], [-8.2712751, 42.1458234], [-8.2711857, 42.1457239], [-8.2709011, 42.1456907], [-8.2707019, 42.1457781], [-8.2706978, 42.1459319], [-8.2707425, 42.1460404], [-8.2708767, 42.1461278], [-8.2711166, 42.1461429]]]}, "properties": {"osm_id": "1178111883", "osm_type": "way", "label_class": "0", "site_class": "mound", "name": "Mámoa do Cerraque", "confidence": "high", "evidence": "archaeological_site=tumulus", "archaeological_site": "tumulus", "civilization": "", "fortification_type": "", "wikidata": "", "centroid_lon": "-8.27098363", "centroid_lat": "42.14594183", "area_m2": "1877.7", "perimeter_m": "159.0", "equivalent_radius_m": "24.4", "circularity": "0.9328", "vertices": "10", "matched_catalogue_id": "wl-neg-neg-es-pba-65034", "matched_catalogue_name": "Mámoa de Cerraque 1", "matched_distance_m": "6"}}, {"type": "Feature", "geometry": {"type": "Polygon", "coordinates": [[[-7.7868873, 42.918153], [-7.7864635, 42.9173811], [-7.7861819, 42.9171414], [-7.7858922, 42.9169745], [-7.7854496, 42.9169214], [-7.7851546, 42.9171041], [-7.7852726, 42.9175893], [-7.7852726, 42.9181314], [-7.7854067, 42.918595], [-7.785809, 42.9188621], [-7.7863079, 42.9189446], [-7.7867317, 42.9187129], [-7.7869785, 42.9185125], [-7.7868873, 42.918153]]]}, "properties": {"osm_id": "1178153559", "osm_type": "way", "label_class": "1", "site_class": "castro", "name": "Castro de Vilaseñor", "confidence": "high", "evidence": "fortification_type=hill_fort", "archaeological_site": "fortification", "civilization": "castro_culture", "fortification_type": "hill_fort", "wikidata": "", "centroid_lon": "-7.78604967", "centroid_lat": "42.91794116", "area_m2": "22905.9", "perimeter_m": "593.7", "equivalent_radius_m": "85.4", "circularity": "0.8166", "vertices": "14", "matched_catalogue_id": "wl-pos-pos-es-pba-37748", "matched_catalogue_name": "Castro de Vilaseñor", "matched_distance_m": "19"}}, {"type": "Feature", "geometry": {"type": "Polygon", "coordinates": [[[-7.8165794, 43.0595288], [-7.8162789, 43.059662], [-7.8162468, 43.0599442], [-7.8164613, 43.0601089], [-7.8168047, 43.060148], [-7.8170729, 43.0600383], [-7.8171158, 43.0598658], [-7.8169763, 43.059662], [-7.8167617, 43.0595601], [-7.8165794, 43.0595288]]]}, "properties": {"osm_id": "1186348645", "osm_type": "way", "label_class": "1", "site_class": "castro", "name": "Castro de Lea", "confidence": "high", "evidence": "fortification_type=hill_fort", "archaeological_site": "fortification", "civilization": "castro_culture", "fortification_type": "hill_fort", "wikidata": "", "centroid_lon": "-7.81668772", "centroid_lat": "43.05980469", "area_m2": "3622.5", "perimeter_m": "219.6", "equivalent_radius_m": "34.0", "circularity": "0.9438", "vertices": "10", "matched_catalogue_id": "wl-pos-pos-es-pba-31158", "matched_catalogue_name": "Castro de Lea/O Castriño de Lea", "matched_distance_m": "2"}}, {"type": "Feature", "geometry": {"type": "Polygon", "coordinates": [[[-7.8103487, 43.0563419], [-7.8102868, 43.0563604], [-7.8102516, 43.0564019], [-7.8102565, 43.0564507], [-7.8102997, 43.056488], [-7.8103647, 43.0564996], [-7.8104266, 43.0564811], [-7.8104618, 43.0564396], [-7.8104569, 43.0563908], [-7.8104137, 43.0563535], [-7.8103487, 43.0563419]]]}, "properties": {"osm_id": "1186348690", "osm_type": "way", "label_class": "0", "site_class": "mound", "name": "Forno da Moura", "confidence": "high", "evidence": "archaeological_site=tumulus", "archaeological_site": "tumulus", "civilization": "", "fortification_type": "", "wikidata": "", "centroid_lon": "-7.81035597", "centroid_lat": "43.05641358", "area_m2": "227.8", "perimeter_m": "54.4", "equivalent_radius_m": "8.5", "circularity": "0.9669", "vertices": "11", "matched_catalogue_id": "wl-neg-neg-es-pba-30555", "matched_catalogue_name": "Mámoa de Corral de Abaixo", "matched_distance_m": "91"}}, {"type": "Feature", "geometry": {"type": "Polygon", "coordinates": [[[-7.8094775, 43.0568851], [-7.8094016, 43.056913], [-7.8093679, 43.05697], [-7.8093923, 43.0570295], [-7.8094633, 43.0570636], [-7.8095476, 43.0570564], [-7.809606, 43.0570113], [-7.8096109, 43.0569493], [-7.8095602, 43.0568995], [-7.8094775, 43.0568851]]]}, "properties": {"osm_id": "1186348703", "osm_type": "way", "label_class": "0", "site_class": "mound", "name": "Mámoa de Corral de Abaixo", "confidence": "high", "evidence": "archaeological_site=tumulus", "archaeological_site": "tumulus", "civilization": "", "fortification_type": "", "wikidata": "", "centroid_lon": "-7.80949048", "centroid_lat": "43.05696628", "area_m2": "295.3", "perimeter_m": "62.2", "equivalent_radius_m": "9.7", "circularity": "0.9591", "vertices": "10", "matched_catalogue_id": "wl-neg-neg-es-pba-30555", "matched_catalogue_name": "Mámoa de Corral de Abaixo", "matched_distance_m": "2"}}, {"type": "Feature", "geometry": {"type": "Polygon", "coordinates": [[[-7.8148466, 43.0614767], [-7.81482, 43.0614947], [-7.8148022, 43.0615178], [-7.8147951, 43.0615438], [-7.8147993, 43.0615702], [-7.8148145, 43.0615943], [-7.8148391, 43.0616138], [-7.8148707, 43.0616268], [-7.8149063, 43.061632], [-7.8149424, 43.0616289], [-7.8149754, 43.0616178], [-7.8150021, 43.0615998], [-7.8150198, 43.0615767], [-7.815027, 43.0615507], [-7.8150227, 43.0615243], [-7.8150076, 43.0615002], [-7.814983, 43.0614807], [-7.8149513, 43.0614677], [-7.8149157, 43.0614625], [-7.8148796, 43.0614656], [-7.8148466, 43.0614767]]]}, "properties": {"osm_id": "1186348754", "osm_type": "way", "label_class": "0", "site_class": "mound", "name": "Mámoa de Porta Carballeira 2", "confidence": "high", "evidence": "archaeological_site=tumulus", "archaeological_site": "tumulus", "civilization": "", "fortification_type": "", "wikidata": "", "centroid_lon": "-7.81490795", "centroid_lat": "43.06154389", "area_m2": "275.3", "perimeter_m": "59.1", "equivalent_radius_m": "9.4", "circularity": "0.9918", "vertices": "21", "matched_catalogue_id": "wl-neg-neg-es-pba-30321", "matched_catalogue_name": "Mámoa de Porta Carballeira 2", "matched_distance_m": "2"}}, {"type": "Feature", "geometry": {"type": "Polygon", "coordinates": [[[-7.8143209, 43.0611044], [-7.8142965, 43.0611248], [-7.8142832, 43.0611501], [-7.8142824, 43.0611772], [-7.8142945, 43.0612028], [-7.8143177, 43.0612239], [-7.8143495, 43.0612379], [-7.8143859, 43.0612432], [-7.8144226, 43.061239], [-7.814455, 43.0612259], [-7.8144794, 43.0612055], [-7.8144928, 43.0611802], [-7.8144935, 43.0611531], [-7.8144815, 43.0611274], [-7.8144582, 43.0611063], [-7.8144265, 43.0610923], [-7.8143901, 43.0610871], [-7.8143534, 43.0610913], [-7.8143209, 43.0611044]]]}, "properties": {"osm_id": "1186348755", "osm_type": "way", "label_class": "0", "site_class": "mound", "name": "Mámoa de Porta Carballeira 1", "confidence": "high", "evidence": "archaeological_site=tumulus", "archaeological_site": "tumulus", "civilization": "", "fortification_type": "", "wikidata": "", "centroid_lon": "-7.81438445", "centroid_lat": "43.06116194", "area_m2": "232.4", "perimeter_m": "54.3", "equivalent_radius_m": "8.6", "circularity": "0.9898", "vertices": "19", "matched_catalogue_id": "wl-neg-neg-es-pba-30293", "matched_catalogue_name": "Mámoa de Porta Carballeira 1", "matched_distance_m": "1"}}, {"type": "Feature", "geometry": {"type": "Polygon", "coordinates": [[[-7.6485088, 43.0777034], [-7.6484942, 43.0777286], [-7.6484924, 43.0777558], [-7.6485034, 43.0777819], [-7.648526, 43.0778037], [-7.6485574, 43.0778185], [-7.6485939, 43.0778246], [-7.648631, 43.0778212], [-7.6486642, 43.0778087], [-7.6486897, 43.0777887], [-7.6487042, 43.0777635], [-7.648706, 43.0777363], [-7.648695, 43.0777102], [-7.6486724, 43.0776884], [-7.648641, 43.0776736], [-7.6486046, 43.0776675], [-7.6485675, 43.0776709], [-7.6485342, 43.0776834], [-7.6485088, 43.0777034]]]}, "properties": {"osm_id": "1187940266", "osm_type": "way", "label_class": "0", "site_class": "mound", "name": "Medorra de Acebedo 1", "confidence": "high", "evidence": "archaeological_site=tumulus", "archaeological_site": "tumulus", "civilization": "prehistoric", "fortification_type": "", "wikidata": "", "centroid_lon": "-7.64859446", "centroid_lat": "43.07774381", "area_m2": "235.8", "perimeter_m": "54.7", "equivalent_radius_m": "8.7", "circularity": "0.9898", "vertices": "19", "matched_catalogue_id": "wl-neg-neg-es-pba-35743", "matched_catalogue_name": "Medorra de Acebedo 2", "matched_distance_m": "103"}}, {"type": "Feature", "geometry": {"type": "Polygon", "coordinates": [[[-7.6495173, 43.0771032], [-7.6494994, 43.0771215], [-7.649491, 43.0771433], [-7.6494934, 43.0771658], [-7.6495062, 43.0771863], [-7.6495278, 43.0772024], [-7.6495556, 43.0772122], [-7.6495864, 43.0772144], [-7.6496163, 43.0772088], [-7.6496418, 43.077196], [-7.6496598, 43.0771777], [-7.6496681, 43.077156], [-7.6496657, 43.0771335], [-7.6496529, 43.0771129], [-7.6496313, 43.0770968], [-7.6496035, 43.077087], [-7.6495727, 43.0770848], [-7.6495428, 43.0770904], [-7.6495173, 43.0771032]]]}, "properties": {"osm_id": "1187940276", "osm_type": "way", "label_class": "0", "site_class": "mound", "name": "Medorra de Acebedo 2", "confidence": "high", "evidence": "archaeological_site=tumulus", "archaeological_site": "tumulus", "civilization": "prehistoric", "fortification_type": "", "wikidata": "", "centroid_lon": "-7.64957628", "centroid_lat": "43.07714717", "area_m2": "161.0", "perimeter_m": "45.2", "equivalent_radius_m": "7.2", "circularity": "0.9898", "vertices": "19", "matched_catalogue_id": "wl-neg-neg-es-pba-35743", "matched_catalogue_name": "Medorra de Acebedo 2", "matched_distance_m": "3"}}, {"type": "Feature", "geometry": {"type": "Polygon", "coordinates": [[[-7.5031682, 42.8834438], [-7.5031316, 42.8834789], [-7.503105, 42.8835186], [-7.5030895, 42.8835613], [-7.5030857, 42.8836054], [-7.5030937, 42.8836492], [-7.5031132, 42.883691], [-7.5031435, 42.8837293], [-7.5031834, 42.8837624], [-7.5032313, 42.8837893], [-7.5032855, 42.8838087], [-7.5033438, 42.8838201], [-7.503404, 42.8838229], [-7.5034638, 42.883817], [-7.5035209, 42.8838027], [-7.503573, 42.8837805], [-7.5036183, 42.8837513], [-7.5036549, 42.8837162], [-7.5036815, 42.8836765], [-7.503697, 42.8836338], [-7.5037008, 42.8835897], [-7.5036928, 42.8835459], [-7.5036733, 42.883504], [-7.503643, 42.8834658], [-7.5036031, 42.8834326], [-7.5035552, 42.8834058], [-7.503501, 42.8833863], [-7.5034427, 42.883375], [-7.5033825, 42.8833722], [-7.5033227, 42.8833781], [-7.5032657, 42.8833924], [-7.5032135, 42.8834145], [-7.5031682, 42.8834438]]]}, "properties": {"osm_id": "1191378909", "osm_type": "way", "label_class": "0", "site_class": "mound", "name": "O Castrillón", "confidence": "high", "evidence": "archaeological_site=megalith", "archaeological_site": "megalith", "civilization": "", "fortification_type": "", "wikidata": "", "centroid_lon": "-7.50338643", "centroid_lat": "42.88359288", "area_m2": "1966.6", "perimeter_m": "157.5", "equivalent_radius_m": "25.0", "circularity": "0.9968", "vertices": "33", "matched_catalogue_id": "", "matched_catalogue_name": "", "matched_distance_m": ""}}, {"type": "Feature", "geometry": {"type": "Polygon", "coordinates": [[[-7.7648449, 41.8966292], [-7.7649468, 41.8966032], [-7.7650005, 41.8965972], [-7.7651158, 41.8966012], [-7.7652607, 41.8966492], [-7.7653652, 41.8967011], [-7.7654028, 41.896733], [-7.7654269, 41.8967689], [-7.7654216, 41.8968089], [-7.7654028, 41.8968468], [-7.7653223, 41.8969067], [-7.7652794, 41.8969287], [-7.7651802, 41.8969526], [-7.7651292, 41.8969686], [-7.7650836, 41.8969925], [-7.7650622, 41.8970195], [-7.7650608, 41.8970644], [-7.7650809, 41.8971143], [-7.7651212, 41.8971523], [-7.7651641, 41.8971782], [-7.7651775, 41.8972181], [-7.7651614, 41.8972581], [-7.7651319, 41.897292], [-7.7650568, 41.8973539], [-7.7650112, 41.8973779], [-7.7649629, 41.8973958], [-7.7649093, 41.8974018], [-7.7648556, 41.8974018], [-7.764802, 41.8973918], [-7.7646035, 41.8973319], [-7.7645552, 41.897314], [-7.7645096, 41.897292], [-7.7644694, 41.8972661], [-7.7644372, 41.8972361], [-7.7644292, 41.8971962], [-7.7644399, 41.8971583], [-7.7645472, 41.8970205], [-7.7645633, 41.8969826], [-7.7645794, 41.8968668], [-7.7645928, 41.8968288], [-7.7646142, 41.8967929], [-7.7646706, 41.896725], [-7.7647054, 41.8966911], [-7.7648449, 41.8966292]]]}, "properties": {"osm_id": "1192341457", "osm_type": "way", "label_class": "1", "site_class": "castro", "name": "Castelo do Portelo", "confidence": "high", "evidence": "fortification_type=hill_fort", "archaeological_site": "fortification", "civilization": "", "fortification_type": "hill_fort", "wikidata": "", "centroid_lon": "-7.76493869", "centroid_lat": "41.89701453", "area_m2": "4551.0", "perimeter_m": "281.3", "equivalent_radius_m": "38.1", "circularity": "0.7225", "vertices": "44", "matched_catalogue_id": "", "matched_catalogue_name": "", "matched_distance_m": ""}}, {"type": "Feature", "geometry": {"type": "Polygon", "coordinates": [[[-7.9007782, 42.7318617], [-7.9009481, 42.7317109], [-7.9010826, 42.7315497], [-7.9008702, 42.731113], [-7.9007003, 42.7309518], [-7.9004667, 42.7310194], [-7.9002473, 42.7312586], [-7.9001482, 42.7314457], [-7.9002473, 42.7317525], [-7.9003393, 42.7319605], [-7.9004455, 42.7319605], [-7.9007782, 42.7318617]]]}, "properties": {"osm_id": "1204891150", "osm_type": "way", "label_class": "1", "site_class": "castro", "name": "O Castro Pequeno", "confidence": "high", "evidence": "fortification_type=hill_fort", "archaeological_site": "fortification", "civilization": "castro_culture", "fortification_type": "hill_fort", "wikidata": "", "centroid_lon": "-7.90058766", "centroid_lat": "42.73153717", "area_m2": "5677.7", "perimeter_m": "289.6", "equivalent_radius_m": "42.5", "circularity": "0.8506", "vertices": "12", "matched_catalogue_id": "wl-pos-pos-es-pba-70492", "matched_catalogue_name": "Castro Pequeno", "matched_distance_m": "9"}}, {"type": "Feature", "geometry": {"type": "Polygon", "coordinates": [[[-7.9021443, 42.733775], [-7.9023991, 42.733593], [-7.902569, 42.7333227], [-7.9024699, 42.7329795], [-7.9022363, 42.7328132], [-7.9019957, 42.7327872], [-7.9017621, 42.7328548], [-7.9015568, 42.7330887], [-7.901486, 42.7333695], [-7.9016134, 42.7336294], [-7.9018329, 42.7337854], [-7.9021443, 42.733775]]]}, "properties": {"osm_id": "1204891151", "osm_type": "way", "label_class": "1", "site_class": "castro", "name": "Castro de Casares", "confidence": "high", "evidence": "fortification_type=hill_fort", "archaeological_site": "fortification", "civilization": "castro_culture", "fortification_type": "hill_fort", "wikidata": "", "centroid_lon": "-7.90201748", "centroid_lat": "42.73331445", "area_m2": "7305.8", "perimeter_m": "312.3", "equivalent_radius_m": "48.2", "circularity": "0.9416", "vertices": "12", "matched_catalogue_id": "wl-pos-pos-es-pba-26988", "matched_catalogue_name": "Castro da Pena Grande", "matched_distance_m": "12"}}, {"type": "Feature", "geometry": {"type": "Polygon", "coordinates": [[[-7.59902, 42.9972636], [-7.5989878, 42.9974912], [-7.5991488, 42.9976952], [-7.5993274, 42.9977647], [-7.5995243, 42.9977658], [-7.5998139, 42.9976481], [-7.5999534, 42.9973578], [-7.5998461, 42.9971695], [-7.5995457, 42.9971381], [-7.599256, 42.9971538], [-7.59902, 42.9972636]]]}, "properties": {"osm_id": "1217583447", "osm_type": "way", "label_class": "1", "site_class": "castro", "name": "O Castrelo", "confidence": "high", "evidence": "fortification_type=hill_fort", "archaeological_site": "fortification", "civilization": "castro_culture", "fortification_type": "hill_fort", "wikidata": "", "centroid_lon": "-7.59940395", "centroid_lat": "42.99742831", "area_m2": "4289.4", "perimeter_m": "239.3", "equivalent_radius_m": "37.0", "circularity": "0.9416", "vertices": "11", "matched_catalogue_id": "", "matched_catalogue_name": "", "matched_distance_m": ""}}, {"type": "Feature", "geometry": {"type": "Polygon", "coordinates": [[[-7.6616121, 42.9925004], [-7.6612902, 42.992877], [-7.6612687, 42.9933165], [-7.6616121, 42.9935048], [-7.6623202, 42.9934735], [-7.6625777, 42.9932851], [-7.6625991, 42.9927515], [-7.6624811, 42.9925121], [-7.6620251, 42.9923983], [-7.6616121, 42.9925004]]]}, "properties": {"osm_id": "1218122984", "osm_type": "way", "label_class": "1", "site_class": "castro", "name": "Castro de Albazoi", "confidence": "high", "evidence": "fortification_type=hill_fort", "archaeological_site": "fortification", "civilization": "castro_culture", "fortification_type": "hill_fort", "wikidata": "", "centroid_lon": "-7.66193984", "centroid_lat": "42.99291196", "area_m2": "10902.9", "perimeter_m": "383.2", "equivalent_radius_m": "58.9", "circularity": "0.9328", "vertices": "10", "matched_catalogue_id": "wl-pos-pos-es-pba-31436", "matched_catalogue_name": "Castro de Albazoi/A Castronela", "matched_distance_m": "16"}}, {"type": "Feature", "geometry": {"type": "Polygon", "coordinates": [[[-7.685304, 42.9647884], [-7.685304, 42.9649435], [-7.6853979, 42.9650848], [-7.6855373, 42.9652025], [-7.6857331, 42.9651809], [-7.6860175, 42.9651024], [-7.6861596, 42.9649984], [-7.6862267, 42.9649022], [-7.686232, 42.9647079], [-7.6860926, 42.9645116], [-7.6859102, 42.9643939], [-7.6856983, 42.9643713], [-7.6855212, 42.9644155], [-7.6853845, 42.9645097], [-7.6853094, 42.9646412], [-7.685304, 42.9647884]]]}, "properties": {"osm_id": "1218125403", "osm_type": "way", "label_class": "1", "site_class": "castro", "name": "A Castronela", "confidence": "high", "evidence": "fortification_type=hill_fort", "archaeological_site": "fortification", "civilization": "castro_culture", "fortification_type": "hill_fort", "wikidata": "", "centroid_lon": "-7.68569577", "centroid_lat": "42.96478391", "area_m2": "5453.0", "perimeter_m": "267.7", "equivalent_radius_m": "41.7", "circularity": "0.9563", "vertices": "16", "matched_catalogue_id": "wl-pos-pos-es-pba-31641", "matched_catalogue_name": "As Castronelas/O Castro", "matched_distance_m": "4"}}, {"type": "Feature", "geometry": {"type": "Polygon", "coordinates": [[[-7.4111357, 42.7991917], [-7.410965, 42.799573], [-7.4104715, 42.7998013], [-7.4101496, 42.7998328], [-7.4099028, 42.7997934], [-7.4097419, 42.7996281], [-7.4096131, 42.799203], [-7.4094629, 42.7991164], [-7.4095595, 42.7988803], [-7.4097955, 42.7987464], [-7.4103642, 42.7988016], [-7.4107021, 42.7988015], [-7.4108943, 42.7988775], [-7.4109811, 42.7989118], [-7.4110508, 42.799018], [-7.4111357, 42.7991917]]]}, "properties": {"osm_id": "1218340738", "osm_type": "way", "label_class": "1", "site_class": "castro", "name": "O Castro de Betote", "confidence": "high", "evidence": "fortification_type=hill_fort", "archaeological_site": "fortification", "civilization": "castro_culture", "fortification_type": "hill_fort", "wikidata": "", "centroid_lon": "-7.41037036", "centroid_lat": "42.79921053", "area_m2": "12122.8", "perimeter_m": "412.0", "equivalent_radius_m": "62.1", "circularity": "0.8975", "vertices": "16", "matched_catalogue_id": "wl-pos-pos-es-pba-41952", "matched_catalogue_name": "Castro de Betote", "matched_distance_m": "42"}}, {"type": "Feature", "geometry": {"type": "Polygon", "coordinates": [[[-7.31094, 43.0031172], [-7.3104251, 43.0033996], [-7.3102105, 43.0037605], [-7.3104465, 43.0041058], [-7.3109937, 43.0041215], [-7.3113585, 43.0036742], [-7.3112834, 43.0032427], [-7.3111546, 43.0031721], [-7.31094, 43.0031172]]]}, "properties": {"osm_id": "1218906858", "osm_type": "way", "label_class": "1", "site_class": "castro", "name": "Castro de Marrondo", "confidence": "high", "evidence": "fortification_type=hill_fort", "archaeological_site": "fortification", "civilization": "castro_culture", "fortification_type": "hill_fort", "wikidata": "", "centroid_lon": "-7.31086137", "centroid_lat": "43.00352342", "area_m2": "7317.4", "perimeter_m": "321.8", "equivalent_radius_m": "48.3", "circularity": "0.8881", "vertices": "9", "matched_catalogue_id": "wl-pos-pos-es-pba-29782", "matched_catalogue_name": "O Castro Marrondo", "matched_distance_m": "9"}}, {"type": "Feature", "geometry": {"type": "Polygon", "coordinates": [[[-7.2546035, 43.0211416], [-7.2542864, 43.0210862], [-7.2539377, 43.0211489], [-7.2538412, 43.0212705], [-7.2542435, 43.0219608], [-7.2547209, 43.0221569], [-7.2552091, 43.0220431], [-7.2553325, 43.0217882], [-7.2550803, 43.021396], [-7.2549087, 43.0211725], [-7.2546035, 43.0211416]]]}, "properties": {"osm_id": "1218908168", "osm_type": "way", "label_class": "1", "site_class": "castro", "name": "Castro de Perrelos", "confidence": "high", "evidence": "fortification_type=hill_fort", "archaeological_site": "fortification", "civilization": "castro_culture", "fortification_type": "hill_fort", "wikidata": "", "centroid_lon": "-7.25461521", "centroid_lat": "43.02148239", "area_m2": "9601.7", "perimeter_m": "373.2", "equivalent_radius_m": "55.3", "circularity": "0.8665", "vertices": "11", "matched_catalogue_id": "wl-pos-pos-es-pba-28379", "matched_catalogue_name": "Os Castros de Perrelos", "matched_distance_m": "27"}}, {"type": "Feature", "geometry": {"type": "Polygon", "coordinates": [[[-7.6472032, 43.7370615], [-7.6466239, 43.7374103], [-7.6464039, 43.7376777], [-7.646479, 43.7381002], [-7.6469672, 43.7384607], [-7.6474392, 43.7386234], [-7.64826, 43.7385343], [-7.648775, 43.738356], [-7.6492578, 43.7381583], [-7.6495314, 43.7378987], [-7.6492471, 43.7375227], [-7.6486248, 43.7372126], [-7.6480937, 43.7369917], [-7.6476324, 43.7369374], [-7.6472032, 43.7370615]]]}, "properties": {"osm_id": "1219327633", "osm_type": "way", "label_class": "1", "site_class": "castro", "name": "O Castro Redondo", "confidence": "high", "evidence": "fortification_type=hill_fort", "archaeological_site": "fortification", "civilization": "castro_culture", "fortification_type": "hill_fort", "wikidata": "", "centroid_lon": "-7.64784945", "centroid_lat": "43.73773380", "area_m2": "32442.1", "perimeter_m": "667.1", "equivalent_radius_m": "101.6", "circularity": "0.9161", "vertices": "15", "matched_catalogue_id": "wl-pos-pos-es-pba-42989", "matched_catalogue_name": "Castro da Tarroeira/Castro de Abeladal", "matched_distance_m": "8"}}, {"type": "Feature", "geometry": {"type": "Polygon", "coordinates": [[[-7.5262678, 43.2003036], [-7.5259781, 43.2006086], [-7.5261605, 43.200851], [-7.5266326, 43.2009605], [-7.5269866, 43.2008432], [-7.5274694, 43.2004678], [-7.5272977, 43.2001393], [-7.5270617, 43.2000611], [-7.526654, 43.2001159], [-7.5262678, 43.2003036]]]}, "properties": {"osm_id": "1221436051", "osm_type": "way", "label_class": "1", "site_class": "castro", "name": "O Alto do Castro", "confidence": "high", "evidence": "fortification_type=hill_fort", "archaeological_site": "fortification", "civilization": "castro_culture", "fortification_type": "hill_fort", "wikidata": "", "centroid_lon": "-7.52667762", "centroid_lat": "43.20046546", "area_m2": "7872.3", "perimeter_m": "332.6", "equivalent_radius_m": "50.1", "circularity": "0.8943", "vertices": "10", "matched_catalogue_id": "wl-pos-pos-es-pba-29157", "matched_catalogue_name": "O Alto do Castro", "matched_distance_m": "10"}}, {"type": "Feature", "geometry": {"type": "Polygon", "coordinates": [[[-7.8216253, 43.2130354], [-7.8213548, 43.213159], [-7.8213188, 43.2132413], [-7.8213265, 43.2133406], [-7.8213882, 43.2134286], [-7.821622, 43.213466], [-7.8217684, 43.2134585], [-7.8221024, 43.2133649], [-7.8221846, 43.2132788], [-7.8221872, 43.2131515], [-7.8221024, 43.213056], [-7.8219688, 43.2129886], [-7.8218044, 43.2129923], [-7.8216253, 43.2130354]]]}, "properties": {"osm_id": "1222741226", "osm_type": "way", "label_class": "1", "site_class": "castro", "name": "Castro", "confidence": "high", "evidence": "fortification_type=hill_fort", "archaeological_site": "fortification", "civilization": "castro_culture", "fortification_type": "hill_fort", "wikidata": "", "centroid_lon": "-7.82174136", "centroid_lat": "43.21321406", "area_m2": "2859.0", "perimeter_m": "198.3", "equivalent_radius_m": "30.2", "circularity": "0.9137", "vertices": "14", "matched_catalogue_id": "", "matched_catalogue_name": "", "matched_distance_m": ""}}, {"type": "Feature", "geometry": {"type": "Polygon", "coordinates": [[[-7.4904705, 42.9793886], [-7.4902296, 42.9795726], [-7.4900412, 42.97977], [-7.4899415, 42.9801682], [-7.4900105, 42.9805777], [-7.4903785, 42.9808021], [-7.4911146, 42.9808469], [-7.4914519, 42.9807207], [-7.4917662, 42.980516], [-7.4919425, 42.9801879], [-7.4918812, 42.9798598], [-7.4915439, 42.9795232], [-7.4908922, 42.9793325], [-7.4904705, 42.9793886]]]}, "properties": {"osm_id": "1222807243", "osm_type": "way", "label_class": "1", "site_class": "castro", "name": "Castro de Recimil", "confidence": "high", "evidence": "fortification_type=hill_fort", "archaeological_site": "fortification", "civilization": "castro_culture", "fortification_type": "hill_fort", "wikidata": "", "centroid_lon": "-7.49086677", "centroid_lat": "42.98004677", "area_m2": "21237.6", "perimeter_m": "525.1", "equivalent_radius_m": "82.2", "circularity": "0.9679", "vertices": "14", "matched_catalogue_id": "wl-pos-pos-es-pba-31647", "matched_catalogue_name": "Castro de Recimil/O Castro", "matched_distance_m": "5"}}, {"type": "Feature", "geometry": {"type": "Polygon", "coordinates": [[[-7.2349104, 43.1337728], [-7.2345743, 43.1340412], [-7.2345021, 43.1342902], [-7.2345743, 43.1344435], [-7.2349025, 43.1345153], [-7.2353094, 43.1343381], [-7.2354538, 43.1341418], [-7.2354078, 43.1339263], [-7.2352372, 43.1337586], [-7.2350469, 43.1337203], [-7.2349104, 43.1337728]]]}, "properties": {"osm_id": "1223883313", "osm_type": "way", "label_class": "1", "site_class": "castro", "name": "Castro de Coroto", "confidence": "high", "evidence": "fortification_type=hill_fort", "archaeological_site": "fortification", "civilization": "castro_culture", "fortification_type": "hill_fort", "wikidata": "", "centroid_lon": "-7.23498446", "centroid_lat": "43.13406554", "area_m2": "4710.5", "perimeter_m": "254.1", "equivalent_radius_m": "38.7", "circularity": "0.9169", "vertices": "11", "matched_catalogue_id": "wl-pos-pos-es-pba-28723", "matched_catalogue_name": "Castro do Coroto", "matched_distance_m": "22"}}, {"type": "Feature", "geometry": {"type": "Polygon", "coordinates": [[[-7.1573366, 42.6606614], [-7.157088, 42.6606139], [-7.1567154, 42.6608756], [-7.156493, 42.6613336], [-7.1565541, 42.6616689], [-7.1567265, 42.6619797], [-7.1571269, 42.6620124], [-7.1575162, 42.6618815], [-7.1576552, 42.661812], [-7.1577386, 42.6612845], [-7.1577052, 42.6608879], [-7.1575718, 42.6607365], [-7.1573366, 42.6606614]]]}, "properties": {"osm_id": "1223958384", "osm_type": "way", "label_class": "1", "site_class": "castro", "name": "Cotorro do Castro", "confidence": "high", "evidence": "fortification_type=hill_fort", "archaeological_site": "fortification", "civilization": "castro_culture", "fortification_type": "hill_fort", "wikidata": "", "centroid_lon": "-7.15719724", "centroid_lat": "42.66126225", "area_m2": "12380.1", "perimeter_m": "418.6", "equivalent_radius_m": "62.8", "circularity": "0.8880", "vertices": "13", "matched_catalogue_id": "wl-pos-pos-es-pba-29072", "matched_catalogue_name": "Cotorro do Castro ou Cerca de Sucastro", "matched_distance_m": "67"}}, {"type": "Feature", "geometry": {"type": "Polygon", "coordinates": [[[-7.2280533, 42.6774587], [-7.2277592, 42.677573], [-7.2278504, 42.6778787], [-7.22854, 42.6784751], [-7.2293344, 42.6786466], [-7.2304061, 42.6785198], [-7.2306697, 42.678249], [-7.2307982, 42.6779806], [-7.230423, 42.6778041], [-7.2294866, 42.6777047], [-7.2286786, 42.6775208], [-7.2282628, 42.6774636], [-7.2280533, 42.6774587]]]}, "properties": {"osm_id": "1223965674", "osm_type": "way", "label_class": "1", "site_class": "castro", "name": "Castro da Madorra", "confidence": "high", "evidence": "fortification_type=hill_fort", "archaeological_site": "fortification", "civilization": "castro_culture", "fortification_type": "hill_fort", "wikidata": "", "centroid_lon": "-7.22910120", "centroid_lat": "42.67790257", "area_m2": "21257.4", "perimeter_m": "609.4", "equivalent_radius_m": "82.3", "circularity": "0.7193", "vertices": "13", "matched_catalogue_id": "wl-pos-pos-es-pba-40223", "matched_catalogue_name": "Castro da Modorra", "matched_distance_m": "13"}}, {"type": "Feature", "geometry": {"type": "Polygon", "coordinates": [[[-7.3365863, 42.7521788], [-7.3362278, 42.7522769], [-7.3360698, 42.7524554], [-7.3362764, 42.7527499], [-7.3365741, 42.7528526], [-7.3368901, 42.7526651], [-7.3372061, 42.7524822], [-7.3373884, 42.7524331], [-7.3374552, 42.7522948], [-7.3373702, 42.7521743], [-7.3370177, 42.7521208], [-7.3365863, 42.7521788]]]}, "properties": {"osm_id": "1223969641", "osm_type": "way", "label_class": "1", "site_class": "castro", "name": "Castro de Romelle", "confidence": "high", "evidence": "fortification_type=hill_fort", "archaeological_site": "fortification", "civilization": "castro_culture", "fortification_type": "hill_fort", "wikidata": "", "centroid_lon": "-7.33680403", "centroid_lat": "42.75240522", "area_m2": "5602.9", "perimeter_m": "297.4", "equivalent_radius_m": "42.2", "circularity": "0.7959", "vertices": "12", "matched_catalogue_id": "wl-pos-pos-es-pba-40044", "matched_catalogue_name": "Castro de Romelle", "matched_distance_m": "10"}}, {"type": "Feature", "geometry": {"type": "Polygon", "coordinates": [[[-7.3143895, 42.7511472], [-7.3138058, 42.7512293], [-7.3135201, 42.7514026], [-7.3133338, 42.7521869], [-7.3134953, 42.7526521], [-7.3138306, 42.7528162], [-7.3144641, 42.7527797], [-7.3149112, 42.7523602], [-7.3151348, 42.7518312], [-7.3148367, 42.7514117], [-7.3143895, 42.7511472]]]}, "properties": {"osm_id": "1223969960", "osm_type": "way", "label_class": "1", "site_class": "castro", "name": "Castro de Ribas", "confidence": "high", "evidence": "fortification_type=hill_fort", "archaeological_site": "fortification", "civilization": "castro_culture", "fortification_type": "hill_fort", "wikidata": "", "centroid_lon": "-7.31419195", "centroid_lat": "42.75190585", "area_m2": "20366.6", "perimeter_m": "526.4", "equivalent_radius_m": "80.5", "circularity": "0.9237", "vertices": "11", "matched_catalogue_id": "wl-pos-pos-es-pba-40222", "matched_catalogue_name": "Castro da Debesa de Ribas", "matched_distance_m": "18"}}, {"type": "Feature", "geometry": {"type": "Polygon", "coordinates": [[[-7.321923, 42.7956073], [-7.3215989, 42.7962017], [-7.321707, 42.7964282], [-7.3221776, 42.7965414], [-7.3225403, 42.7964961], [-7.3228489, 42.7962753], [-7.3229569, 42.7961112], [-7.3229338, 42.7958337], [-7.3228566, 42.7955789], [-7.322494, 42.7954431], [-7.3222857, 42.7954544], [-7.3221236, 42.7955053], [-7.321923, 42.7956073]]]}, "properties": {"osm_id": "1223971656", "osm_type": "way", "label_class": "1", "site_class": "castro", "name": "Castro de Viládiga", "confidence": "high", "evidence": "fortification_type=hill_fort", "archaeological_site": "fortification", "civilization": "castro_culture", "fortification_type": "hill_fort", "wikidata": "", "centroid_lon": "-7.32233610", "centroid_lat": "42.79592953", "area_m2": "10093.0", "perimeter_m": "368.6", "equivalent_radius_m": "56.7", "circularity": "0.9333", "vertices": "13", "matched_catalogue_id": "wl-pos-pos-es-pba-31656", "matched_catalogue_name": "Castro de Viládiga", "matched_distance_m": "18"}}, {"type": "Feature", "geometry": {"type": "Polygon", "coordinates": [[[-7.2679125, 42.8641923], [-7.2670114, 42.8642258], [-7.2665894, 42.8646521], [-7.266635, 42.8651789], [-7.2674449, 42.8653293], [-7.2682091, 42.8649113], [-7.268289, 42.8643762], [-7.2679125, 42.8641923]]]}, "properties": {"osm_id": "1223973174", "osm_type": "way", "label_class": "1", "site_class": "castro", "name": "Castro de Pontón", "confidence": "high", "evidence": "fortification_type=hill_fort", "archaeological_site": "fortification", "civilization": "castro_culture", "fortification_type": "hill_fort", "wikidata": "", "centroid_lon": "-7.26750048", "centroid_lat": "42.86463227", "area_m2": "13482.6", "perimeter_m": "433.8", "equivalent_radius_m": "65.5", "circularity": "0.9002", "vertices": "8", "matched_catalogue_id": "wl-pos-pos-es-pba-44437", "matched_catalogue_name": "Castro de Pontón/Castro de Méndez", "matched_distance_m": "7"}}, {"type": "Feature", "geometry": {"type": "Polygon", "coordinates": [[[-7.2559263, 42.8662552], [-7.2550448, 42.8664647], [-7.2548303, 42.8668489], [-7.2551639, 42.867495], [-7.2559263, 42.8676347], [-7.2566173, 42.8673204], [-7.2566887, 42.8668314], [-7.2565458, 42.8663949], [-7.2559263, 42.8662552]]]}, "properties": {"osm_id": "1223973242", "osm_type": "way", "label_class": "1", "site_class": "castro", "name": "Castro de Pol", "confidence": "high", "evidence": "fortification_type=hill_fort", "archaeological_site": "fortification", "civilization": "castro_culture", "fortification_type": "hill_fort", "wikidata": "", "centroid_lon": "-7.25585219", "centroid_lat": "42.86683338", "area_m2": "17571.7", "perimeter_m": "486.8", "equivalent_radius_m": "74.8", "circularity": "0.9318", "vertices": "9", "matched_catalogue_id": "wl-pos-pos-es-pba-44436", "matched_catalogue_name": "Castro de Pol", "matched_distance_m": "9"}}, {"type": "Feature", "geometry": {"type": "Polygon", "coordinates": [[[-7.2700153, 42.8785016], [-7.2694696, 42.8788063], [-7.2694176, 42.8792443], [-7.2697814, 42.8793585], [-7.2704311, 42.8790348], [-7.2704311, 42.8787111], [-7.2700153, 42.8785016]]]}, "properties": {"osm_id": "1223974234", "osm_type": "way", "label_class": "1", "site_class": "castro", "name": "O Castro", "confidence": "high", "evidence": "fortification_type=hill_fort", "archaeological_site": "fortification", "civilization": "castro_culture", "fortification_type": "hill_fort", "wikidata": "", "centroid_lon": "-7.26993734", "centroid_lat": "42.87887974", "area_m2": "5345.2", "perimeter_m": "278.5", "equivalent_radius_m": "41.2", "circularity": "0.8661", "vertices": "7", "matched_catalogue_id": "wl-pos-pos-es-pba-44639", "matched_catalogue_name": "O Castro/Os Castros", "matched_distance_m": "41"}}, {"type": "Feature", "geometry": {"type": "Polygon", "coordinates": [[[-7.3196967, 43.3966462], [-7.3194353, 43.396857], [-7.3193565, 43.3969741], [-7.3194245, 43.3972005], [-7.3197111, 43.3972708], [-7.32008, 43.3971745], [-7.3202662, 43.3970053], [-7.3202842, 43.3968336], [-7.3201087, 43.3967034], [-7.3198651, 43.3966254], [-7.3196967, 43.3966462]]]}, "properties": {"osm_id": "1225043803", "osm_type": "way", "label_class": "1", "site_class": "castro", "name": "Castelo de Xan da Mariña", "confidence": "high", "evidence": "fortification_type=hill_fort", "archaeological_site": "fortification", "civilization": "castro_culture", "fortification_type": "hill_fort", "wikidata": "", "centroid_lon": "-7.31981136", "centroid_lat": "43.39690336", "area_m2": "3837.6", "perimeter_m": "227.0", "equivalent_radius_m": "35.0", "circularity": "0.9360", "vertices": "11", "matched_catalogue_id": "wl-neg-neg-es-pba-33728", "matched_catalogue_name": "O Castelo de Xan da Mariña", "matched_distance_m": "9"}}, {"type": "Feature", "geometry": {"type": "Polygon", "coordinates": [[[-7.1341069, 42.6428495], [-7.1341617, 42.6426352], [-7.1344993, 42.6423848], [-7.1349049, 42.6422513], [-7.1351942, 42.6423785], [-7.1355261, 42.6427729], [-7.1356878, 42.6429878], [-7.1356792, 42.6431568], [-7.1354353, 42.6433947], [-7.1352708, 42.6434719], [-7.1349049, 42.6434531], [-7.1344482, 42.643234], [-7.1341021, 42.642992], [-7.1341069, 42.6428495]]]}, "properties": {"osm_id": "1225777335", "osm_type": "way", "label_class": "1", "site_class": "castro", "name": "Castro da Devesa do Rei", "confidence": "high", "evidence": "fortification_type=hill_fort", "archaeological_site": "fortification", "civilization": "castro_culture", "fortification_type": "hill_fort", "wikidata": "", "centroid_lon": "-7.13485916", "centroid_lat": "42.64291514", "area_m2": "12026.0", "perimeter_m": "404.1", "equivalent_radius_m": "61.9", "circularity": "0.9253", "vertices": "14", "matched_catalogue_id": "wl-pos-pos-es-pba-28882", "matched_catalogue_name": "Castro da Devesa do Rei", "matched_distance_m": "6"}}, {"type": "Feature", "geometry": {"type": "Polygon", "coordinates": [[[-7.0901949, 43.2319241], [-7.0894507, 43.2322968], [-7.0888926, 43.2325256], [-7.0889856, 43.2328729], [-7.0894972, 43.2328983], [-7.0897879, 43.2327374], [-7.0901252, 43.2327374], [-7.0905321, 43.2325086], [-7.0905903, 43.2321697], [-7.0905321, 43.2319918], [-7.0901949, 43.2319241]]]}, "properties": {"osm_id": "1227024793", "osm_type": "way", "label_class": "1", "site_class": "castro", "name": "Castro de San Martín de Robledo", "confidence": "high", "evidence": "fortification_type=hill_fort", "archaeological_site": "fortification", "civilization": "castro_culture", "fortification_type": "hill_fort", "wikidata": "", "centroid_lon": "-7.08988941", "centroid_lat": "43.23241697", "area_m2": "8808.4", "perimeter_m": "391.6", "equivalent_radius_m": "53.0", "circularity": "0.7219", "vertices": "11", "matched_catalogue_id": "wl-pos-pos-es-pba-30757", "matched_catalogue_name": "Castro de San Martiño de Robledo/Cerro do Castro", "matched_distance_m": "5"}}, {"type": "Feature", "geometry": {"type": "Polygon", "coordinates": [[[-7.8104135, 43.1350597], [-7.8103592, 43.1351153], [-7.8103601, 43.1351835], [-7.8104157, 43.1352383], [-7.8105049, 43.1352588], [-7.8105935, 43.1352371], [-7.8106477, 43.1351816], [-7.8106469, 43.1351134], [-7.8105912, 43.1350586], [-7.8105021, 43.1350381], [-7.8104135, 43.1350597]]]}, "properties": {"osm_id": "1228537266", "osm_type": "way", "label_class": "0", "site_class": "mound", "name": "Medorra do Cotón", "confidence": "high", "evidence": "archaeological_site=tumulus", "archaeological_site": "tumulus", "civilization": "", "fortification_type": "", "wikidata": "", "centroid_lon": "-7.81049530", "centroid_lat": "43.13514037", "area_m2": "443.5", "perimeter_m": "75.9", "equivalent_radius_m": "11.9", "circularity": "0.9669", "vertices": "11", "matched_catalogue_id": "wl-neg-neg-es-pba-32052", "matched_catalogue_name": "Medorra do Cotón", "matched_distance_m": "1"}}, {"type": "Feature", "geometry": {"type": "Polygon", "coordinates": [[[-7.776553, 43.1453599], [-7.7765106, 43.1454182], [-7.7765372, 43.1454813], [-7.7766172, 43.1455123], [-7.7767037, 43.1454929], [-7.7767461, 43.1454345], [-7.7767195, 43.1453714], [-7.7766395, 43.1453405], [-7.776553, 43.1453599]]]}, "properties": {"osm_id": "1228537487", "osm_type": "way", "label_class": "0", "site_class": "mound", "name": "Medorra da Reguiña 2", "confidence": "high", "evidence": "archaeological_site=tumulus", "archaeological_site": "tumulus", "civilization": "", "fortification_type": "", "wikidata": "", "centroid_lon": "-7.77661998", "centroid_lat": "43.14541899", "area_m2": "260.9", "perimeter_m": "58.8", "equivalent_radius_m": "9.1", "circularity": "0.9481", "vertices": "9", "matched_catalogue_id": "wl-neg-neg-es-pba-32321", "matched_catalogue_name": "Medoña da Regina 2", "matched_distance_m": "2"}}, {"type": "Feature", "geometry": {"type": "Polygon", "coordinates": [[[-7.776595, 43.1463604], [-7.776549, 43.1464061], [-7.7765486, 43.1464628], [-7.776594, 43.1465089], [-7.7766678, 43.1465267], [-7.7767419, 43.1465095], [-7.7767879, 43.1464637], [-7.7767883, 43.146407], [-7.7767429, 43.1463609], [-7.7766691, 43.1463431], [-7.776595, 43.1463604]]]}, "properties": {"osm_id": "1228537504", "osm_type": "way", "label_class": "0", "site_class": "mound", "name": "Medorra da Reguiña 3", "confidence": "high", "evidence": "archaeological_site=tumulus", "archaeological_site": "tumulus", "civilization": "", "fortification_type": "", "wikidata": "", "centroid_lon": "-7.77666177", "centroid_lat": "43.14642814", "area_m2": "306.9", "perimeter_m": "63.2", "equivalent_radius_m": "9.9", "circularity": "0.9669", "vertices": "11", "matched_catalogue_id": "wl-neg-neg-es-pba-32322", "matched_catalogue_name": "Medoña da Regina 3", "matched_distance_m": "2"}}, {"type": "Feature", "geometry": {"type": "Polygon", "coordinates": [[[-7.7696795, 43.1482429], [-7.7696365, 43.1482964], [-7.7696448, 43.1483581], [-7.7697012, 43.1484045], [-7.7697842, 43.1484178], [-7.7698621, 43.1483929], [-7.7699051, 43.1483395], [-7.7698968, 43.1482777], [-7.7698404, 43.1482314], [-7.7697574, 43.148218], [-7.7696795, 43.1482429]]]}, "properties": {"osm_id": "1228537517", "osm_type": "way", "label_class": "0", "site_class": "mound", "name": "Medoña do Cabaliño 1", "confidence": "high", "evidence": "archaeological_site=tumulus", "archaeological_site": "tumulus", "civilization": "", "fortification_type": "", "wikidata": "", "centroid_lon": "-7.76976250", "centroid_lat": "43.14831110", "area_m2": "366.7", "perimeter_m": "69.0", "equivalent_radius_m": "10.8", "circularity": "0.9669", "vertices": "11", "matched_catalogue_id": "wl-neg-neg-es-pba-32361", "matched_catalogue_name": "Medoña de Cabaliño 1", "matched_distance_m": "1"}}, {"type": "Feature", "geometry": {"type": "Polygon", "coordinates": [[[-7.7728289, 43.14809], [-7.7727905, 43.1481289], [-7.7727953, 43.1481768], [-7.7728413, 43.1482112], [-7.7729067, 43.148216], [-7.7729611, 43.148189], [-7.772979, 43.1481428], [-7.772952, 43.148099], [-7.7728927, 43.1480782], [-7.7728289, 43.14809]]]}, "properties": {"osm_id": "1228537522", "osm_type": "way", "label_class": "0", "site_class": "mound", "name": "Medoña do Cabaliño 3", "confidence": "high", "evidence": "archaeological_site=tumulus", "archaeological_site": "tumulus", "civilization": "", "fortification_type": "", "wikidata": "", "centroid_lon": "-7.77287764", "centroid_lat": "43.14814219", "area_m2": "176.5", "perimeter_m": "48.1", "equivalent_radius_m": "7.5", "circularity": "0.9591", "vertices": "10", "matched_catalogue_id": "wl-neg-neg-es-pba-32390", "matched_catalogue_name": "Medoña de Cabaliño 3", "matched_distance_m": "111"}}, {"type": "Feature", "geometry": {"type": "Polygon", "coordinates": [[[-7.7856049, 43.1541117], [-7.7855403, 43.1541675], [-7.7855598, 43.1542391], [-7.7856488, 43.1542727], [-7.7857402, 43.1542429], [-7.7857652, 43.1541721], [-7.785705, 43.1541137], [-7.7856049, 43.1541117]]]}, "properties": {"osm_id": "1228537565", "osm_type": "way", "label_class": "0", "site_class": "mound", "name": "Medoña do Monte do Fro 2", "confidence": "high", "evidence": "archaeological_site=tumulus", "archaeological_site": "tumulus", "civilization": "", "fortification_type": "", "wikidata": "", "centroid_lon": "-7.78564614", "centroid_lat": "43.15417892", "area_m2": "240.4", "perimeter_m": "56.9", "equivalent_radius_m": "8.7", "circularity": "0.9319", "vertices": "8", "matched_catalogue_id": "wl-neg-neg-es-pba-31892", "matched_catalogue_name": "Medoña do Monte de Fro 2", "matched_distance_m": "1"}}, {"type": "Feature", "geometry": {"type": "Polygon", "coordinates": [[[-7.7852715, 43.1540595], [-7.7852123, 43.1540858], [-7.7851856, 43.1541325], [-7.7852017, 43.1541817], [-7.7852543, 43.1542147], [-7.7853235, 43.1542188], [-7.7853827, 43.1541924], [-7.7854093, 43.1541457], [-7.7853933, 43.1540965], [-7.7853407, 43.1540636], [-7.7852715, 43.1540595]]]}, "properties": {"osm_id": "1228537566", "osm_type": "way", "label_class": "0", "site_class": "mound", "name": "Medoña do Monte do Fro 1", "confidence": "high", "evidence": "archaeological_site=tumulus", "archaeological_site": "tumulus", "civilization": "", "fortification_type": "", "wikidata": "", "centroid_lon": "-7.78529513", "centroid_lat": "43.15413188", "area_m2": "244.1", "perimeter_m": "56.3", "equivalent_radius_m": "8.8", "circularity": "0.9669", "vertices": "11", "matched_catalogue_id": "wl-neg-neg-es-pba-31893", "matched_catalogue_name": "Medoña do Monte do Fro 1", "matched_distance_m": "0"}}, {"type": "Feature", "geometry": {"type": "Polygon", "coordinates": [[[-7.7841777, 43.1543425], [-7.7841192, 43.1544039], [-7.7841374, 43.1544775], [-7.7842215, 43.1545201], [-7.7843223, 43.1545068], [-7.7843808, 43.1544454], [-7.7843626, 43.1543719], [-7.7842785, 43.1543293], [-7.7841777, 43.1543425]]]}, "properties": {"osm_id": "1228537567", "osm_type": "way", "label_class": "0", "site_class": "mound", "name": "Medoña do Monte do Fro 3", "confidence": "high", "evidence": "archaeological_site=tumulus", "archaeological_site": "tumulus", "civilization": "", "fortification_type": "", "wikidata": "", "centroid_lon": "-7.78424197", "centroid_lat": "43.15441554", "area_m2": "334.2", "perimeter_m": "66.6", "equivalent_radius_m": "10.3", "circularity": "0.9481", "vertices": "9", "matched_catalogue_id": "wl-neg-neg-es-pba-31894", "matched_catalogue_name": "Medoña do Monte do Fro 3", "matched_distance_m": "0"}}, {"type": "Feature", "geometry": {"type": "Polygon", "coordinates": [[[-7.782577, 43.1603509], [-7.7825482, 43.1603646], [-7.7825275, 43.1603847], [-7.7825175, 43.1604087], [-7.7825194, 43.1604337], [-7.7825328, 43.1604568], [-7.7825563, 43.1604752], [-7.782587, 43.1604865], [-7.7826212, 43.1604896], [-7.7826547, 43.1604839], [-7.7826835, 43.1604702], [-7.7827042, 43.1604501], [-7.7827142, 43.1604261], [-7.7827123, 43.1604011], [-7.7826988, 43.160378], [-7.7826753, 43.1603596], [-7.7826447, 43.1603483], [-7.7826105, 43.1603453], [-7.782577, 43.1603509]]]}, "properties": {"osm_id": "1228537588", "osm_type": "way", "label_class": "0", "site_class": "mound", "name": "Medorra do Semillero 1", "confidence": "high", "evidence": "archaeological_site=tumulus", "archaeological_site": "tumulus", "civilization": "", "fortification_type": "", "wikidata": "", "centroid_lon": "-7.78261379", "centroid_lat": "43.16041391", "area_m2": "199.2", "perimeter_m": "50.3", "equivalent_radius_m": "8.0", "circularity": "0.9898", "vertices": "19", "matched_catalogue_id": "wl-neg-neg-es-pba-32087", "matched_catalogue_name": "Medorra do Semillero 1", "matched_distance_m": "2"}}, {"type": "Feature", "geometry": {"type": "Polygon", "coordinates": [[[-7.7821453, 43.160494], [-7.7821174, 43.1605072], [-7.7820974, 43.1605266], [-7.7820877, 43.1605498], [-7.7820895, 43.1605741], [-7.7821025, 43.1605964], [-7.7821253, 43.1606141], [-7.7821549, 43.1606251], [-7.782188, 43.1606281], [-7.7822204, 43.1606226], [-7.7822483, 43.1606093], [-7.7822683, 43.1605899], [-7.782278, 43.1605667], [-7.7822762, 43.1605425], [-7.7822632, 43.1605201], [-7.7822404, 43.1605024], [-7.7822107, 43.1604914], [-7.7821777, 43.1604885], [-7.7821453, 43.160494]]]}, "properties": {"osm_id": "1228537589", "osm_type": "way", "label_class": "0", "site_class": "mound", "name": "Medorra do Semillero 2", "confidence": "high", "evidence": "archaeological_site=tumulus", "archaeological_site": "tumulus", "civilization": "", "fortification_type": "", "wikidata": "", "centroid_lon": "-7.78218087", "centroid_lat": "43.16055488", "area_m2": "186.4", "perimeter_m": "48.6", "equivalent_radius_m": "7.7", "circularity": "0.9898", "vertices": "19", "matched_catalogue_id": "wl-neg-neg-es-pba-31934", "matched_catalogue_name": "Medoña do Semillero 2", "matched_distance_m": "2"}}, {"type": "Feature", "geometry": {"type": "Polygon", "coordinates": [[[-7.7697402, 43.1229074], [-7.769727, 43.1229354], [-7.7697257, 43.122965], [-7.7697365, 43.1229936], [-7.7697583, 43.1230186], [-7.7697892, 43.1230378], [-7.7698264, 43.1230494], [-7.7698668, 43.1230526], [-7.7699066, 43.1230469], [-7.7699423, 43.1230329], [-7.7699709, 43.1230119], [-7.7699896, 43.1229856], [-7.7699969, 43.1229565], [-7.7699921, 43.1229271], [-7.7699757, 43.1229], [-7.7699491, 43.1228777], [-7.7699146, 43.1228621], [-7.7698753, 43.1228546], [-7.7698348, 43.1228559], [-7.7697966, 43.1228658], [-7.7697641, 43.1228835], [-7.7697402, 43.1229074]]]}, "properties": {"osm_id": "1228537637", "osm_type": "way", "label_class": "0", "site_class": "mound", "name": "Medoña de Por riba do Aro", "confidence": "high", "evidence": "archaeological_site=tumulus", "archaeological_site": "tumulus", "civilization": "", "fortification_type": "", "wikidata": "", "centroid_lon": "-7.76985540", "centroid_lat": "43.12295126", "area_m2": "378.4", "perimeter_m": "69.2", "equivalent_radius_m": "11.0", "circularity": "0.9925", "vertices": "22", "matched_catalogue_id": "wl-neg-neg-es-pba-32438", "matched_catalogue_name": "Medoña de Por Riba do Aro", "matched_distance_m": "1"}}, {"type": "Feature", "geometry": {"type": "Polygon", "coordinates": [[[-7.8327818, 43.1289715], [-7.8327553, 43.1289929], [-7.8327392, 43.1290193], [-7.8327351, 43.129048], [-7.8327433, 43.1290762], [-7.832763, 43.1291012], [-7.8327924, 43.1291206], [-7.8328285, 43.1291323], [-7.8328679, 43.1291353], [-7.8329066, 43.1291294], [-7.8329408, 43.1291149], [-7.8329673, 43.1290935], [-7.8329834, 43.1290671], [-7.8329876, 43.1290384], [-7.8329794, 43.1290102], [-7.8329596, 43.1289852], [-7.8329302, 43.1289659], [-7.8328941, 43.1289541], [-7.8328548, 43.1289511], [-7.8328161, 43.1289571], [-7.8327818, 43.1289715]]]}, "properties": {"osm_id": "1228538122", "osm_type": "way", "label_class": "0", "site_class": "mound", "name": "Medorra do Alto da Cintinela 2", "confidence": "high", "evidence": "archaeological_site=tumulus", "archaeological_site": "tumulus", "civilization": "", "fortification_type": "", "wikidata": "", "centroid_lon": "-7.83285753", "centroid_lat": "43.12903980", "area_m2": "325.9", "perimeter_m": "64.3", "equivalent_radius_m": "10.2", "circularity": "0.9918", "vertices": "21", "matched_catalogue_id": "wl-neg-neg-es-pba-32013", "matched_catalogue_name": "Medorra do Alto da Cintinela 2", "matched_distance_m": "1"}}, {"type": "Feature", "geometry": {"type": "Polygon", "coordinates": [[[-7.8821447, 43.1386395], [-7.882124, 43.1386612], [-7.8821134, 43.1386866], [-7.8821142, 43.1387131], [-7.8821261, 43.1387382], [-7.882148, 43.1387593], [-7.8821778, 43.1387745], [-7.8822126, 43.1387821], [-7.8822489, 43.1387816], [-7.8822833, 43.1387729], [-7.8823122, 43.1387569], [-7.882333, 43.1387351], [-7.8823435, 43.1387098], [-7.8823428, 43.1386833], [-7.8823309, 43.1386582], [-7.882309, 43.1386371], [-7.8822791, 43.1386219], [-7.8822444, 43.1386142], [-7.882208, 43.1386148], [-7.8821737, 43.1386235], [-7.8821447, 43.1386395]]]}, "properties": {"osm_id": "1228538386", "osm_type": "way", "label_class": "0", "site_class": "mound", "name": "Medorra do Monte da Croa", "confidence": "high", "evidence": "archaeological_site=tumulus", "archaeological_site": "tumulus", "civilization": "", "fortification_type": "", "wikidata": "", "centroid_lon": "-7.88222449", "centroid_lat": "43.13869540", "area_m2": "275.0", "perimeter_m": "59.0", "equivalent_radius_m": "9.4", "circularity": "0.9918", "vertices": "21", "matched_catalogue_id": "wl-pos-pos-es-pba-32056", "matched_catalogue_name": "Medorra do Monte da Croa", "matched_distance_m": "2"}}, {"type": "Feature", "geometry": {"type": "Polygon", "coordinates": [[[-7.8571299, 43.1258224], [-7.8571103, 43.1258435], [-7.8571006, 43.125868], [-7.8571017, 43.1258934], [-7.8571135, 43.1259174], [-7.8571349, 43.1259375], [-7.8571638, 43.1259518], [-7.8571973, 43.1259589], [-7.8572322, 43.1259581], [-7.857265, 43.1259495], [-7.8572926, 43.1259339], [-7.8573122, 43.1259128], [-7.857322, 43.1258883], [-7.8573208, 43.1258629], [-7.857309, 43.1258389], [-7.8572876, 43.1258188], [-7.8572587, 43.1258045], [-7.8572252, 43.1257974], [-7.8571903, 43.1257982], [-7.8571575, 43.1258068], [-7.8571299, 43.1258224]]]}, "properties": {"osm_id": "1228538387", "osm_type": "way", "label_class": "0", "site_class": "mound", "name": "Mámoa da Rocha 2", "confidence": "high", "evidence": "archaeological_site=tumulus", "archaeological_site": "tumulus", "civilization": "prehistoric", "fortification_type": "", "wikidata": "", "centroid_lon": "-7.85720738", "centroid_lat": "43.12587550", "area_m2": "253.8", "perimeter_m": "56.7", "equivalent_radius_m": "9.0", "circularity": "0.9918", "vertices": "21", "matched_catalogue_id": "wl-neg-neg-es-pba-30705", "matched_catalogue_name": "Mámoa da Rocha 2", "matched_distance_m": "1"}}, {"type": "Feature", "geometry": {"type": "Polygon", "coordinates": [[[-7.8983125, 43.1308275], [-7.8982899, 43.1308496], [-7.898279, 43.1308761], [-7.8982812, 43.1309036], [-7.8982961, 43.130929], [-7.8983221, 43.1309491], [-7.8983558, 43.1309615], [-7.8983934, 43.1309647], [-7.8984302, 43.1309584], [-7.8984618, 43.1309432], [-7.8984844, 43.1309211], [-7.8984953, 43.1308947], [-7.8984931, 43.1308671], [-7.8984782, 43.1308418], [-7.8984523, 43.1308217], [-7.8984185, 43.1308093], [-7.8983809, 43.130806], [-7.8983441, 43.1308124], [-7.8983125, 43.1308275]]]}, "properties": {"osm_id": "1228538397", "osm_type": "way", "label_class": "0", "site_class": "mound", "name": "Medorra do Monte de Vilar 2", "confidence": "high", "evidence": "archaeological_site=tumulus", "archaeological_site": "tumulus", "civilization": "", "fortification_type": "", "wikidata": "", "centroid_lon": "-7.89838323", "centroid_lat": "43.13088233", "area_m2": "240.9", "perimeter_m": "55.3", "equivalent_radius_m": "8.8", "circularity": "0.9898", "vertices": "19", "matched_catalogue_id": "wl-neg-neg-es-pba-32058", "matched_catalogue_name": "Medorra do Monte de Vilar 2", "matched_distance_m": "2"}}, {"type": "Feature", "geometry": {"type": "Polygon", "coordinates": [[[-7.7648969, 43.1233549], [-7.7649009, 43.1233803], [-7.7649167, 43.1234031], [-7.7649421, 43.1234206], [-7.7649743, 43.1234307], [-7.7650092, 43.1234322], [-7.7650427, 43.1234248], [-7.7650707, 43.1234096], [-7.7650899, 43.1233882], [-7.765098, 43.1233634], [-7.7650939, 43.123338], [-7.7650782, 43.1233152], [-7.7650527, 43.1232977], [-7.7650206, 43.1232876], [-7.7649857, 43.1232861], [-7.7649522, 43.1232935], [-7.7649241, 43.1233087], [-7.7649049, 43.1233301], [-7.7648969, 43.1233549]]]}, "properties": {"osm_id": "1229125254", "osm_type": "way", "label_class": "0", "site_class": "mound", "name": "Túmulo do Colmeiro", "confidence": "high", "evidence": "archaeological_site=tumulus", "archaeological_site": "tumulus", "civilization": "", "fortification_type": "", "wikidata": "", "centroid_lon": "-7.76499214", "centroid_lat": "43.12335893", "area_m2": "206.2", "perimeter_m": "51.2", "equivalent_radius_m": "8.1", "circularity": "0.9898", "vertices": "19", "matched_catalogue_id": "wl-neg-neg-es-pba-30161", "matched_catalogue_name": "Mámoa do Colmeiro", "matched_distance_m": "1"}}, {"type": "Feature", "geometry": {"type": "Polygon", "coordinates": [[[-7.7558423, 43.1518957], [-7.7558265, 43.1519194], [-7.7558215, 43.1519455], [-7.7558278, 43.1519714], [-7.7558447, 43.1519946], [-7.7558706, 43.1520129], [-7.755903, 43.1520244], [-7.7559388, 43.1520281], [-7.7559743, 43.1520235], [-7.7560061, 43.1520111], [-7.7560312, 43.1519922], [-7.756047, 43.1519686], [-7.756052, 43.1519425], [-7.7560457, 43.1519166], [-7.7560288, 43.1518934], [-7.7560028, 43.1518751], [-7.7559704, 43.1518636], [-7.7559347, 43.1518599], [-7.7558992, 43.1518645], [-7.7558674, 43.1518768], [-7.7558423, 43.1518957]]]}, "properties": {"osm_id": "1229125255", "osm_type": "way", "label_class": "0", "site_class": "mound", "name": "Medorra da Gándara 2", "confidence": "high", "evidence": "archaeological_site=tumulus", "archaeological_site": "tumulus", "civilization": "", "fortification_type": "", "wikidata": "", "centroid_lon": "-7.75593224", "centroid_lat": "43.15194169", "area_m2": "270.8", "perimeter_m": "58.6", "equivalent_radius_m": "9.3", "circularity": "0.9918", "vertices": "21", "matched_catalogue_id": "wl-neg-neg-es-pba-32312", "matched_catalogue_name": "Medoña da Gándara 2", "matched_distance_m": "2"}}, {"type": "Feature", "geometry": {"type": "Polygon", "coordinates": [[[-7.8185163, 43.1687109], [-7.8185037, 43.1687129], [-7.818494, 43.168719], [-7.8184892, 43.1687277], [-7.8184905, 43.168737], [-7.8184976, 43.1687448], [-7.8185088, 43.1687494], [-7.8185217, 43.1687495], [-7.8185332, 43.1687453], [-7.8185407, 43.1687377], [-7.8185425, 43.1687285], [-7.8185381, 43.1687196], [-7.8185287, 43.1687133], [-7.8185163, 43.1687109]]]}, "properties": {"osm_id": "1229126290", "osm_type": "way", "label_class": "0", "site_class": "mound", "name": "Medoña da Retorta 2", "confidence": "high", "evidence": "archaeological_site=tumulus", "archaeological_site": "tumulus", "civilization": "", "fortification_type": "", "wikidata": "", "centroid_lon": "-7.81851581", "centroid_lat": "43.16872904", "area_m2": "14.3", "perimeter_m": "13.6", "equivalent_radius_m": "2.1", "circularity": "0.9804", "vertices": "14", "matched_catalogue_id": "wl-neg-neg-es-pba-32352", "matched_catalogue_name": "Medoña da Retorta 2", "matched_distance_m": "5"}}, {"type": "Feature", "geometry": {"type": "Polygon", "coordinates": [[[-7.3911569, 42.4822335], [-7.3914921, 42.4823818], [-7.3918006, 42.4823601], [-7.392109, 42.4821939], [-7.3921734, 42.4820456], [-7.3921649, 42.4818718], [-7.392109, 42.4816935], [-7.3916718, 42.4813908], [-7.3912293, 42.4813651], [-7.3908699, 42.4813572], [-7.3905829, 42.481464], [-7.3903978, 42.4816341], [-7.3904595, 42.4818319], [-7.3911569, 42.4822335]]]}, "properties": {"osm_id": "1229658842", "osm_type": "way", "label_class": "1", "site_class": "castro", "name": "O Castrelao", "confidence": "high", "evidence": "fortification_type=hill_fort", "archaeological_site": "fortification", "civilization": "castro_culture", "fortification_type": "hill_fort", "wikidata": "", "centroid_lon": "-7.39138386", "centroid_lat": "42.48186120", "area_m2": "11763.8", "perimeter_m": "407.1", "equivalent_radius_m": "61.2", "circularity": "0.8922", "vertices": "14", "matched_catalogue_id": "wl-pos-pos-es-pba-38613", "matched_catalogue_name": "O Castrelado", "matched_distance_m": "52"}}, {"type": "Feature", "geometry": {"type": "Polygon", "coordinates": [[[-7.553799, 42.5317133], [-7.5532723, 42.5322039], [-7.5530255, 42.532702], [-7.5526607, 42.5330024], [-7.5524998, 42.5333424], [-7.5528538, 42.533453], [-7.5535512, 42.533453], [-7.5540555, 42.533034], [-7.5542164, 42.5327652], [-7.5544095, 42.5324806], [-7.5542915, 42.5319983], [-7.5541628, 42.5317216], [-7.553799, 42.5317133]]]}, "properties": {"osm_id": "1229677644", "osm_type": "way", "label_class": "1", "site_class": "castro", "name": "Castro de Xunqueiro", "confidence": "high", "evidence": "fortification_type=hill_fort", "archaeological_site": "fortification", "civilization": "castro_culture", "fortification_type": "hill_fort", "wikidata": "", "centroid_lon": "-7.55358438", "centroid_lat": "42.53258331", "area_m2": "17380.2", "perimeter_m": "549.8", "equivalent_radius_m": "74.4", "circularity": "0.7225", "vertices": "13", "matched_catalogue_id": "wl-pos-pos-es-pba-33666", "matched_catalogue_name": "Castro de Avide", "matched_distance_m": "50"}}, {"type": "Feature", "geometry": {"type": "Polygon", "coordinates": [[[-7.4502183, 43.0923995], [-7.4497926, 43.0926943], [-7.4496961, 43.0931722], [-7.4500716, 43.0936266], [-7.4506295, 43.0938538], [-7.4513376, 43.093564], [-7.4514771, 43.0929685], [-7.4512625, 43.0924828], [-7.4507153, 43.0923652], [-7.4502183, 43.0923995]]]}, "properties": {"osm_id": "1230100076", "osm_type": "way", "label_class": "1", "site_class": "castro", "name": "Castro de Abaixo", "confidence": "high", "evidence": "fortification_type=hill_fort", "archaeological_site": "fortification", "civilization": "castro_culture", "fortification_type": "hill_fort", "wikidata": "", "centroid_lon": "-7.45054189", "centroid_lat": "43.09295264", "area_m2": "17939.4", "perimeter_m": "489.5", "equivalent_radius_m": "75.6", "circularity": "0.9409", "vertices": "10", "matched_catalogue_id": "wl-pos-pos-es-pba-27816", "matched_catalogue_name": "Castro de Abaixo", "matched_distance_m": "6"}}, {"type": "Feature", "geometry": {"type": "Polygon", "coordinates": [[[-7.6730865, 43.0080365], [-7.6730512, 43.0080411], [-7.6730201, 43.0080542], [-7.6729971, 43.0080743], [-7.6729848, 43.0080989], [-7.6729848, 43.0081251], [-7.6729971, 43.0081498], [-7.6730201, 43.0081699], [-7.6730512, 43.008183], [-7.6730865, 43.0081875], [-7.6731218, 43.008183], [-7.6731529, 43.0081699], [-7.673176, 43.0081498], [-7.6731882, 43.0081251], [-7.6731882, 43.0080989], [-7.673176, 43.0080743], [-7.6731529, 43.0080542], [-7.6731218, 43.0080411], [-7.6730865, 43.0080365]]]}, "properties": {"osm_id": "1230337732", "osm_type": "way", "label_class": "0", "site_class": "mound", "name": "Monte da Curiscada 3", "confidence": "high", "evidence": "archaeological_site=tumulus", "archaeological_site": "tumulus", "civilization": "", "fortification_type": "", "wikidata": "", "centroid_lon": "-7.67308651", "centroid_lat": "43.00810806", "area_m2": "217.5", "perimeter_m": "52.6", "equivalent_radius_m": "8.3", "circularity": "0.9898", "vertices": "19", "matched_catalogue_id": "", "matched_catalogue_name": "", "matched_distance_m": ""}}, {"type": "Feature", "geometry": {"type": "Polygon", "coordinates": [[[-7.6734513, 43.0080463], [-7.6734164, 43.0080559], [-7.6733873, 43.008073], [-7.6733669, 43.0080958], [-7.673357, 43.0081221], [-7.6733588, 43.0081493], [-7.6733719, 43.0081748], [-7.6733952, 43.0081961], [-7.6734264, 43.008211], [-7.6734624, 43.0082182], [-7.6734996, 43.0082169], [-7.6735345, 43.0082073], [-7.6735636, 43.0081903], [-7.673584, 43.0081675], [-7.6735939, 43.0081412], [-7.6735921, 43.008114], [-7.673579, 43.0080885], [-7.6735557, 43.0080672], [-7.6735245, 43.0080522], [-7.6734885, 43.008045], [-7.6734513, 43.0080463]]]}, "properties": {"osm_id": "1230337733", "osm_type": "way", "label_class": "0", "site_class": "mound", "name": "Monte da Curiscada 2", "confidence": "high", "evidence": "archaeological_site=tumulus", "archaeological_site": "tumulus", "civilization": "", "fortification_type": "", "wikidata": "", "centroid_lon": "-7.67347430", "centroid_lat": "43.00812757", "area_m2": "290.7", "perimeter_m": "60.7", "equivalent_radius_m": "9.6", "circularity": "0.9918", "vertices": "21", "matched_catalogue_id": "", "matched_catalogue_name": "", "matched_distance_m": ""}}, {"type": "Feature", "geometry": {"type": "Polygon", "coordinates": [[[-7.6777308, 43.0096193], [-7.6776987, 43.009639], [-7.6776766, 43.009665], [-7.6776665, 43.0096947], [-7.6776694, 43.0097253], [-7.6776852, 43.0097537], [-7.6777121, 43.0097771], [-7.6777477, 43.0097933], [-7.6777883, 43.0098007], [-7.6778301, 43.0097985], [-7.6778689, 43.009787], [-7.677901, 43.0097673], [-7.6779231, 43.0097413], [-7.6779332, 43.0097116], [-7.6779302, 43.009681], [-7.6779145, 43.0096527], [-7.6778875, 43.0096292], [-7.677852, 43.009613], [-7.6778114, 43.0096056], [-7.6777696, 43.0096078], [-7.6777308, 43.0096193]]]}, "properties": {"osm_id": "1230337734", "osm_type": "way", "label_class": "0", "site_class": "mound", "name": "Monte da Curiscada 1", "confidence": "high", "evidence": "archaeological_site=tumulus", "archaeological_site": "tumulus", "civilization": "", "fortification_type": "", "wikidata": "", "centroid_lon": "-7.67779655", "centroid_lat": "43.00969916", "area_m2": "366.9", "perimeter_m": "68.2", "equivalent_radius_m": "10.8", "circularity": "0.9918", "vertices": "21", "matched_catalogue_id": "", "matched_catalogue_name": "", "matched_distance_m": ""}}, {"type": "Feature", "geometry": {"type": "Polygon", "coordinates": [[[-7.7164547, 43.0301948], [-7.7164132, 43.0301949], [-7.7163734, 43.0302035], [-7.7163385, 43.03022], [-7.7163114, 43.030243], [-7.7162943, 43.0302706], [-7.7162885, 43.0303007], [-7.7162945, 43.0303307], [-7.7163119, 43.0303583], [-7.7163391, 43.0303811], [-7.7163741, 43.0303975], [-7.716414, 43.0304059], [-7.7164555, 43.0304059], [-7.7164953, 43.0303972], [-7.7165301, 43.0303808], [-7.7165572, 43.0303578], [-7.7165744, 43.0303301], [-7.7165802, 43.0303001], [-7.7165742, 43.0302701], [-7.7165568, 43.0302425], [-7.7165296, 43.0302196], [-7.7164946, 43.0302033], [-7.7164547, 43.0301948]]]}, "properties": {"osm_id": "1230354199", "osm_type": "way", "label_class": "0", "site_class": "mound", "name": "Mámoa de Castrodá", "confidence": "high", "evidence": "archaeological_site=tumulus", "archaeological_site": "tumulus", "civilization": "", "fortification_type": "", "wikidata": "", "centroid_lon": "-7.71643523", "centroid_lat": "43.03029579", "area_m2": "436.5", "perimeter_m": "74.3", "equivalent_radius_m": "11.8", "circularity": "0.9932", "vertices": "23", "matched_catalogue_id": "wl-pos-pos-es-pba-30521", "matched_catalogue_name": "Mámoa de Castrodá", "matched_distance_m": "1"}}, {"type": "Feature", "geometry": {"type": "Polygon", "coordinates": [[[-7.7755721, 43.0475354], [-7.7755382, 43.0475533], [-7.7755134, 43.0475779], [-7.7755003, 43.0476069], [-7.7755001, 43.0476375], [-7.7755129, 43.0476666], [-7.7755373, 43.0476914], [-7.775571, 43.0477094], [-7.7756107, 43.047719], [-7.7756525, 43.0477192], [-7.7756923, 43.0477099], [-7.7757263, 43.047692], [-7.775751, 43.0476674], [-7.7757641, 43.0476384], [-7.7757643, 43.0476078], [-7.7757516, 43.0475787], [-7.7757271, 43.0475539], [-7.7756934, 43.0475359], [-7.7756537, 43.0475263], [-7.7756119, 43.0475261], [-7.7755721, 43.0475354]]]}, "properties": {"osm_id": "1230435753", "osm_type": "way", "label_class": "0", "site_class": "mound", "name": "Mámoa de Monte Ameneiros 1", "confidence": "high", "evidence": "archaeological_site=tumulus", "archaeological_site": "tumulus", "civilization": "", "fortification_type": "", "wikidata": "", "centroid_lon": "-7.77562935", "centroid_lat": "43.04761850", "area_m2": "365.2", "perimeter_m": "68.0", "equivalent_radius_m": "10.8", "circularity": "0.9918", "vertices": "21", "matched_catalogue_id": "wl-neg-neg-es-pba-30045", "matched_catalogue_name": "Mámoa de Monte Ameneiros 1", "matched_distance_m": "2"}}, {"type": "Feature", "geometry": {"type": "Polygon", "coordinates": [[[-7.7622546, 43.0495703], [-7.7622171, 43.0496077], [-7.7621903, 43.0496496], [-7.7621753, 43.0496946], [-7.7621725, 43.0497409], [-7.7621822, 43.0497867], [-7.7622039, 43.0498303], [-7.7622368, 43.0498699], [-7.7622796, 43.049904], [-7.7623307, 43.0499314], [-7.7623882, 43.049951], [-7.7624498, 43.049962], [-7.7625131, 43.049964], [-7.7625758, 43.049957], [-7.7626354, 43.0499411], [-7.7626896, 43.0499171], [-7.7627363, 43.0498858], [-7.7627738, 43.0498484], [-7.7628006, 43.0498064], [-7.7628156, 43.0497614], [-7.7628184, 43.0497151], [-7.7628087, 43.0496693], [-7.762787, 43.0496258], [-7.7627542, 43.0495862], [-7.7627113, 43.049552], [-7.7626602, 43.0495246], [-7.7626027, 43.0495051], [-7.7625411, 43.049494], [-7.7624778, 43.049492], [-7.7624151, 43.0494991], [-7.7623556, 43.0495149], [-7.7623014, 43.049539], [-7.7622546, 43.0495703]]]}, "properties": {"osm_id": "1230435754", "osm_type": "way", "label_class": "0", "site_class": "mound", "name": "Medorra de Monteirón", "confidence": "high", "evidence": "archaeological_site=tumulus", "archaeological_site": "tumulus", "civilization": "", "fortification_type": "", "wikidata": "", "centroid_lon": "-7.76248816", "centroid_lat": "43.04972324", "area_m2": "2160.7", "perimeter_m": "165.0", "equivalent_radius_m": "26.2", "circularity": "0.9968", "vertices": "33", "matched_catalogue_id": "wl-neg-neg-es-pba-30893", "matched_catalogue_name": "Mámoa da Gándara de Narla 01/Medorra de Monteirón", "matched_distance_m": "1"}}, {"type": "Feature", "geometry": {"type": "Polygon", "coordinates": [[[-7.787573, 43.0470661], [-7.7875444, 43.0470985], [-7.7875264, 43.0471347], [-7.7875198, 43.0471729], [-7.7875251, 43.0472112], [-7.7875419, 43.0472477], [-7.7875693, 43.0472806], [-7.7876061, 43.0473081], [-7.7876504, 43.047329], [-7.7876999, 43.0473422], [-7.7877522, 43.047347], [-7.7878046, 43.0473432], [-7.7878546, 43.0473309], [-7.7878995, 43.0473109], [-7.7879373, 43.047284], [-7.7879659, 43.0472516], [-7.7879839, 43.0472155], [-7.7879905, 43.0471772], [-7.7879852, 43.0471389], [-7.7879685, 43.0471024], [-7.787941, 43.0470696], [-7.7879042, 43.047042], [-7.7878599, 43.0470211], [-7.7878104, 43.0470079], [-7.7877581, 43.0470031], [-7.7877057, 43.0470069], [-7.7876558, 43.0470192], [-7.7876108, 43.0470393], [-7.787573, 43.0470661]]]}, "properties": {"osm_id": "1230436045", "osm_type": "way", "label_class": "0", "site_class": "mound", "name": "Medorra de Sucastro", "confidence": "high", "evidence": "archaeological_site=tumulus", "archaeological_site": "tumulus", "civilization": "", "fortification_type": "", "wikidata": "", "centroid_lon": "-7.78774888", "centroid_lat": "43.04717130", "area_m2": "1141.7", "perimeter_m": "120.0", "equivalent_radius_m": "19.1", "circularity": "0.9958", "vertices": "29", "matched_catalogue_id": "wl-pos-pos-es-pba-30568", "matched_catalogue_name": "Medorra de Sucastro", "matched_distance_m": "3"}}, {"type": "Feature", "geometry": {"type": "Polygon", "coordinates": [[[-7.7840619, 43.0469425], [-7.7840337, 43.0469679], [-7.7840154, 43.0469977], [-7.7840084, 43.04703], [-7.784013, 43.0470625], [-7.7840289, 43.0470931], [-7.7840552, 43.0471196], [-7.7840899, 43.0471402], [-7.7841308, 43.0471535], [-7.784175, 43.0471587], [-7.7842195, 43.0471553], [-7.7842613, 43.0471436], [-7.7842975, 43.0471245], [-7.7843257, 43.0470991], [-7.784344, 43.0470692], [-7.7843511, 43.0470369], [-7.7843465, 43.0470044], [-7.7843305, 43.0469738], [-7.7843042, 43.0469474], [-7.7842695, 43.0469267], [-7.7842286, 43.0469134], [-7.7841844, 43.0469082], [-7.7841399, 43.0469116], [-7.7840981, 43.0469233], [-7.7840619, 43.0469425]]]}, "properties": {"osm_id": "1230436046", "osm_type": "way", "label_class": "0", "site_class": "mound", "name": "Mámoa de Monte de Fofe", "confidence": "high", "evidence": "archaeological_site=tumulus", "archaeological_site": "tumulus", "civilization": "", "fortification_type": "", "wikidata": "", "centroid_lon": "-7.78417500", "centroid_lat": "43.04702982", "area_m2": "604.0", "perimeter_m": "87.4", "equivalent_radius_m": "13.9", "circularity": "0.9943", "vertices": "25", "matched_catalogue_id": "wl-neg-neg-es-pba-30139", "matched_catalogue_name": "Mámoa de Monte de Fofe", "matched_distance_m": "2"}}, {"type": "Feature", "geometry": {"type": "Polygon", "coordinates": [[[-7.6580535, 43.019679], [-7.6580299, 43.0196907], [-7.6580155, 43.0197088], [-7.6580134, 43.0197296], [-7.6580237, 43.0197491], [-7.6580446, 43.0197633], [-7.6580719, 43.0197695], [-7.6581002, 43.0197664], [-7.6581238, 43.0197547], [-7.6581381, 43.0197366], [-7.6581403, 43.0197158], [-7.65813, 43.0196963], [-7.6581091, 43.0196821], [-7.6580818, 43.0196759], [-7.6580535, 43.019679]]]}, "properties": {"osm_id": "1230438312", "osm_type": "way", "label_class": "0", "site_class": "mound", "name": "Mámoa de Pena de Locai 4", "confidence": "high", "evidence": "archaeological_site=tumulus", "archaeological_site": "tumulus", "civilization": "", "fortification_type": "", "wikidata": "", "centroid_lon": "-7.65807529", "centroid_lat": "43.01971979", "area_m2": "82.9", "perimeter_m": "32.6", "equivalent_radius_m": "5.1", "circularity": "0.9832", "vertices": "15", "matched_catalogue_id": "wl-neg-neg-es-pba-32567", "matched_catalogue_name": "Mámoa de Pena de Locai 4", "matched_distance_m": "1"}}, {"type": "Feature", "geometry": {"type": "Polygon", "coordinates": [[[-7.660006, 43.0205616], [-7.6599778, 43.020575], [-7.6599576, 43.0205947], [-7.6599478, 43.0206183], [-7.6599496, 43.0206428], [-7.6599628, 43.0206655], [-7.6599858, 43.0206835], [-7.6600158, 43.0206946], [-7.6600493, 43.0206976], [-7.6600821, 43.020692], [-7.6601103, 43.0206786], [-7.6601305, 43.0206589], [-7.6601403, 43.0206353], [-7.6601385, 43.0206107], [-7.6601253, 43.0205881], [-7.6601023, 43.0205701], [-7.6600722, 43.020559], [-7.6600388, 43.020556], [-7.660006, 43.0205616]]]}, "properties": {"osm_id": "1230438325", "osm_type": "way", "label_class": "0", "site_class": "mound", "name": "Mámoa de Pena de Locai 2", "confidence": "high", "evidence": "archaeological_site=tumulus", "archaeological_site": "tumulus", "civilization": "", "fortification_type": "", "wikidata": "", "centroid_lon": "-7.66004204", "centroid_lat": "43.02062336", "area_m2": "191.7", "perimeter_m": "49.3", "equivalent_radius_m": "7.8", "circularity": "0.9898", "vertices": "19", "matched_catalogue_id": "wl-neg-neg-es-pba-32565", "matched_catalogue_name": "Mámoa de Pena de Locai 2", "matched_distance_m": "2"}}, {"type": "Feature", "geometry": {"type": "Polygon", "coordinates": [[[-7.6778812, 43.0271656], [-7.6778502, 43.0271749], [-7.6778254, 43.0271914], [-7.6778098, 43.0272131], [-7.6778053, 43.0272374], [-7.6778124, 43.0272614], [-7.6778304, 43.0272821], [-7.6778569, 43.0272971], [-7.6778888, 43.0273045], [-7.6779223, 43.0273035], [-7.6779533, 43.0272942], [-7.6779781, 43.0272777], [-7.6779937, 43.027256], [-7.6779982, 43.0272317], [-7.677991, 43.0272078], [-7.6779731, 43.0271871], [-7.6779466, 43.0271721], [-7.6779147, 43.0271646], [-7.6778812, 43.0271656]]]}, "properties": {"osm_id": "1230438508", "osm_type": "way", "label_class": "0", "site_class": "mound", "name": "Monte da Grela", "confidence": "high", "evidence": "archaeological_site=tumulus", "archaeological_site": "tumulus", "civilization": "", "fortification_type": "", "wikidata": "", "centroid_lon": "-7.67790066", "centroid_lat": "43.02723094", "area_m2": "189.9", "perimeter_m": "49.1", "equivalent_radius_m": "7.8", "circularity": "0.9898", "vertices": "19", "matched_catalogue_id": "", "matched_catalogue_name": "", "matched_distance_m": ""}}, {"type": "Feature", "geometry": {"type": "Polygon", "coordinates": [[[-7.6732885, 43.0238911], [-7.6732752, 43.023916], [-7.6732732, 43.0239426], [-7.6732825, 43.0239684], [-7.6733022, 43.0239908], [-7.6733304, 43.0240077], [-7.6733644, 43.0240173], [-7.6734008, 43.0240188], [-7.6734361, 43.0240121], [-7.6734667, 43.0239976], [-7.6734898, 43.023977], [-7.673503, 43.0239521], [-7.6735051, 43.0239255], [-7.6734958, 43.0238997], [-7.6734761, 43.0238773], [-7.6734479, 43.0238605], [-7.6734139, 43.0238508], [-7.6733775, 43.0238493], [-7.6733422, 43.0238561], [-7.6733115, 43.0238705], [-7.6732885, 43.0238911]]]}, "properties": {"osm_id": "1230438509", "osm_type": "way", "label_class": "0", "site_class": "mound", "name": "Riba da Chousa", "confidence": "high", "evidence": "archaeological_site=tumulus", "archaeological_site": "tumulus", "civilization": "", "fortification_type": "", "wikidata": "", "centroid_lon": "-7.67338435", "centroid_lat": "43.02393201", "area_m2": "278.0", "perimeter_m": "59.3", "equivalent_radius_m": "9.4", "circularity": "0.9918", "vertices": "21", "matched_catalogue_id": "", "matched_catalogue_name": "", "matched_distance_m": ""}}, {"type": "Feature", "geometry": {"type": "Polygon", "coordinates": [[[-7.6703319, 43.0235648], [-7.6703123, 43.0235902], [-7.6703032, 43.0236185], [-7.6703055, 43.0236476], [-7.6703188, 43.023675], [-7.6703422, 43.0236986], [-7.6703737, 43.0237164], [-7.6704108, 43.023727], [-7.6704505, 43.0237295], [-7.6704896, 43.0237238], [-7.6705248, 43.0237102], [-7.6705534, 43.0236899], [-7.670573, 43.0236646], [-7.6705821, 43.0236362], [-7.6705799, 43.0236072], [-7.6705665, 43.0235797], [-7.6705431, 43.0235561], [-7.6705116, 43.0235383], [-7.6704745, 43.0235277], [-7.6704348, 43.0235252], [-7.6703958, 43.023531], [-7.6703605, 43.0235445], [-7.6703319, 43.0235648]]]}, "properties": {"osm_id": "1230438510", "osm_type": "way", "label_class": "0", "site_class": "mound", "name": "Tras Cima de Campo Vello", "confidence": "high", "evidence": "archaeological_site=tumulus", "archaeological_site": "tumulus", "civilization": "", "fortification_type": "", "wikidata": "", "centroid_lon": "-7.67043784", "centroid_lat": "43.02362464", "area_m2": "402.1", "perimeter_m": "71.3", "equivalent_radius_m": "11.3", "circularity": "0.9932", "vertices": "23", "matched_catalogue_id": "", "matched_catalogue_name": "", "matched_distance_m": ""}}, {"type": "Feature", "geometry": {"type": "Polygon", "coordinates": [[[-7.6834514, 43.0354183], [-7.6834222, 43.0354429], [-7.6834028, 43.0354722], [-7.6833944, 43.0355042], [-7.6833976, 43.0355367], [-7.6834123, 43.0355675], [-7.6834373, 43.0355945], [-7.683471, 43.0356158], [-7.6835111, 43.03563], [-7.6835549, 43.0356361], [-7.6835993, 43.0356338], [-7.6836414, 43.0356231], [-7.6836783, 43.0356048], [-7.6837075, 43.0355801], [-7.6837269, 43.0355508], [-7.6837353, 43.0355188], [-7.6837321, 43.0354863], [-7.6837175, 43.0354556], [-7.6836925, 43.0354286], [-7.6836587, 43.0354073], [-7.6836186, 43.0353931], [-7.6835749, 43.0353869], [-7.6835304, 43.0353893], [-7.6834883, 43.0354], [-7.6834514, 43.0354183]]]}, "properties": {"osm_id": "1230438803", "osm_type": "way", "label_class": "0", "site_class": "mound", "name": "Medorra de Corra", "confidence": "high", "evidence": "archaeological_site=tumulus", "archaeological_site": "tumulus", "civilization": "", "fortification_type": "", "wikidata": "", "centroid_lon": "-7.68356032", "centroid_lat": "43.03550780", "area_m2": "599.5", "perimeter_m": "87.0", "equivalent_radius_m": "13.8", "circularity": "0.9943", "vertices": "25", "matched_catalogue_id": "wl-neg-neg-es-pba-30563", "matched_catalogue_name": "Medorra de Corra", "matched_distance_m": "3"}}, {"type": "Feature", "geometry": {"type": "Polygon", "coordinates": [[[-7.6998233, 42.9522537], [-7.6997934, 42.9522698], [-7.6997717, 42.9522918], [-7.6997603, 42.9523177], [-7.6997605, 42.9523448], [-7.6997721, 42.9523706], [-7.699794, 42.9523925], [-7.6998241, 42.9524084], [-7.6998594, 42.9524166], [-7.6998965, 42.9524165], [-7.6999317, 42.9524081], [-7.6999616, 42.952392], [-7.6999833, 42.95237], [-7.6999946, 42.9523442], [-7.6999945, 42.952317], [-7.6999829, 42.9522912], [-7.699961, 42.9522693], [-7.6999309, 42.9522534], [-7.6998956, 42.9522452], [-7.6998585, 42.9522453], [-7.6998233, 42.9522537]]]}, "properties": {"osm_id": "1230444316", "osm_type": "way", "label_class": "0", "site_class": "mound", "name": "Mámoa de Pena de Fornos 1", "confidence": "high", "evidence": "archaeological_site=tumulus", "archaeological_site": "tumulus", "civilization": "", "fortification_type": "", "wikidata": "", "centroid_lon": "-7.69987491", "centroid_lat": "42.95232723", "area_m2": "288.2", "perimeter_m": "60.4", "equivalent_radius_m": "9.6", "circularity": "0.9918", "vertices": "21", "matched_catalogue_id": "wl-neg-neg-es-pba-32535", "matched_catalogue_name": "Mámoa de Pena de Fornos 1", "matched_distance_m": "0"}}, {"type": "Feature", "geometry": {"type": "Polygon", "coordinates": [[[-7.6986878, 42.9518525], [-7.6986668, 42.9518692], [-7.698655, 42.9518902], [-7.6986536, 42.9519128], [-7.6986629, 42.9519344], [-7.6986817, 42.9519524], [-7.6987078, 42.9519646], [-7.698738, 42.9519695], [-7.6987687, 42.9519666], [-7.6987962, 42.9519561], [-7.6988172, 42.9519394], [-7.698829, 42.9519185], [-7.6988304, 42.9518959], [-7.6988211, 42.9518742], [-7.6988023, 42.9518563], [-7.6987762, 42.9518441], [-7.698746, 42.9518391], [-7.6987153, 42.9518421], [-7.6986878, 42.9518525]]]}, "properties": {"osm_id": "1230444832", "osm_type": "way", "label_class": "0", "site_class": "mound", "name": "Mámoa de Pena de Fornos 3", "confidence": "high", "evidence": "archaeological_site=tumulus", "archaeological_site": "tumulus", "civilization": "", "fortification_type": "", "wikidata": "", "centroid_lon": "-7.69873915", "centroid_lat": "42.95190160", "area_m2": "162.4", "perimeter_m": "45.4", "equivalent_radius_m": "7.2", "circularity": "0.9898", "vertices": "19", "matched_catalogue_id": "wl-neg-neg-es-pba-32563", "matched_catalogue_name": "Mámoa de Pena de Fornos 3", "matched_distance_m": "66"}}, {"type": "Feature", "geometry": {"type": "Polygon", "coordinates": [[[-7.2967833, 43.1845071], [-7.2967487, 43.1845198], [-7.2967211, 43.1845397], [-7.2967033, 43.1845647], [-7.296697, 43.1845926], [-7.2967029, 43.1846206], [-7.2967202, 43.1846458], [-7.2967475, 43.1846659], [-7.2967819, 43.1846789], [-7.2968201, 43.1846835], [-7.2968584, 43.1846792], [-7.2968931, 43.1846666], [-7.2969206, 43.1846467], [-7.2969384, 43.1846216], [-7.2969447, 43.1845937], [-7.2969389, 43.1845658], [-7.2969215, 43.1845405], [-7.2968943, 43.1845204], [-7.2968599, 43.1845075], [-7.2968216, 43.1845029], [-7.2967833, 43.1845071]]]}, "properties": {"osm_id": "1231363005", "osm_type": "way", "label_class": "0", "site_class": "mound", "name": "Medorra da Cenlla 1", "confidence": "high", "evidence": "archaeological_site=tumulus", "archaeological_site": "tumulus", "civilization": "", "fortification_type": "", "wikidata": "", "centroid_lon": "-7.29681908", "centroid_lat": "43.18458908", "area_m2": "312.3", "perimeter_m": "62.9", "equivalent_radius_m": "10.0", "circularity": "0.9918", "vertices": "21", "matched_catalogue_id": "wl-neg-neg-es-pba-38722", "matched_catalogue_name": "Medorra da Ceña 1", "matched_distance_m": "1"}}, {"type": "Feature", "geometry": {"type": "Polygon", "coordinates": [[[-7.3457918, 43.4143925], [-7.3452723, 43.4145017], [-7.3449397, 43.4146965], [-7.3445803, 43.4150706], [-7.3446983, 43.4152381], [-7.344929, 43.4152966], [-7.3454547, 43.4153278], [-7.3462272, 43.4151953], [-7.3466563, 43.415016], [-7.3468709, 43.4147355], [-7.3467636, 43.4144471], [-7.3462379, 43.4143536], [-7.3457918, 43.4143925]]]}, "properties": {"osm_id": "1231375039", "osm_type": "way", "label_class": "1", "site_class": "castro", "name": "O Castelo de Montedarca", "confidence": "high", "evidence": "fortification_type=hill_fort", "archaeological_site": "fortification", "civilization": "iron-age", "fortification_type": "hill_fort", "wikidata": "", "centroid_lon": "-7.34570875", "centroid_lat": "43.41482029", "area_m2": "14095.9", "perimeter_m": "465.7", "equivalent_radius_m": "67.0", "circularity": "0.8167", "vertices": "13", "matched_catalogue_id": "wl-neg-neg-es-pba-34396", "matched_catalogue_name": "Castelo do Monte da Arca", "matched_distance_m": "16"}}, {"type": "Feature", "geometry": {"type": "Polygon", "coordinates": [[[-7.4719772, 42.6930267], [-7.4714649, 42.6931608], [-7.4712288, 42.6935196], [-7.4711269, 42.6937325], [-7.4715319, 42.6939967], [-7.4719557, 42.694042], [-7.4723929, 42.6937246], [-7.4724814, 42.6935334], [-7.4724224, 42.6932239], [-7.4719772, 42.6930267]]]}, "properties": {"osm_id": "1231770407", "osm_type": "way", "label_class": "1", "site_class": "castro", "name": "Castro de Guitián", "confidence": "high", "evidence": "fortification_type=hill_fort", "archaeological_site": "fortification", "civilization": "castro_culture", "fortification_type": "hill_fort", "wikidata": "", "centroid_lon": "-7.47185593", "centroid_lat": "42.69349869", "area_m2": "8686.8", "perimeter_m": "343.4", "equivalent_radius_m": "52.6", "circularity": "0.9256", "vertices": "10", "matched_catalogue_id": "wl-pos-pos-es-pba-32337", "matched_catalogue_name": "Castro de Guitián", "matched_distance_m": "17"}}, {"type": "Feature", "geometry": {"type": "Polygon", "coordinates": [[[-7.1172044, 42.6651077], [-7.1164036, 42.6652268], [-7.115803, 42.6655773], [-7.1157553, 42.6658928], [-7.1160699, 42.6661522], [-7.1166228, 42.6661732], [-7.1176333, 42.6656404], [-7.1174999, 42.6652479], [-7.1172044, 42.6651077]]]}, "properties": {"osm_id": "1233444696", "osm_type": "way", "label_class": "1", "site_class": "castro", "name": "Castro da Torre", "confidence": "high", "evidence": "fortification_type=hill_fort", "archaeological_site": "fortification", "civilization": "castro_culture", "fortification_type": "hill_fort", "wikidata": "", "centroid_lon": "-7.11668851", "centroid_lat": "42.66556956", "area_m2": "12379.9", "perimeter_m": "424.6", "equivalent_radius_m": "62.8", "circularity": "0.8629", "vertices": "9", "matched_catalogue_id": "wl-pos-pos-es-pba-37088", "matched_catalogue_name": "Castro da Torre", "matched_distance_m": "16"}}, {"type": "Feature", "geometry": {"type": "Polygon", "coordinates": [[[-7.8464212, 43.1733812], [-7.8464018, 43.1733931], [-7.8463915, 43.1734099], [-7.8463921, 43.1734283], [-7.8464037, 43.1734447], [-7.8464238, 43.1734558], [-7.8464486, 43.1734594], [-7.8464731, 43.1734549], [-7.8464924, 43.173443], [-7.8465028, 43.1734262], [-7.8465021, 43.1734078], [-7.8464906, 43.1733914], [-7.8464704, 43.1733803], [-7.8464457, 43.1733766], [-7.8464212, 43.1733812]]]}, "properties": {"osm_id": "1238963161", "osm_type": "way", "label_class": "0", "site_class": "mound", "name": "Mámoa de Pena María 1", "confidence": "high", "evidence": "archaeological_site=tumulus", "archaeological_site": "tumulus", "civilization": "", "fortification_type": "", "wikidata": "", "centroid_lon": "-7.84644540", "centroid_lat": "43.17341559", "area_m2": "64.5", "perimeter_m": "28.7", "equivalent_radius_m": "4.5", "circularity": "0.9832", "vertices": "15", "matched_catalogue_id": "wl-neg-neg-es-pba-30351", "matched_catalogue_name": "Mámoa de Pena María 1", "matched_distance_m": "46"}}, {"type": "Feature", "geometry": {"type": "Polygon", "coordinates": [[[-7.8474902, 43.1733843], [-7.8474704, 43.1733957], [-7.8474594, 43.1734123], [-7.8474593, 43.1734308], [-7.8474703, 43.1734474], [-7.84749, 43.1734589], [-7.8475146, 43.173463], [-7.8475393, 43.173459], [-7.8475591, 43.1734475], [-7.8475701, 43.1734309], [-7.8475701, 43.1734125], [-7.8475592, 43.1733959], [-7.8475395, 43.1733843], [-7.8475148, 43.1733802], [-7.8474902, 43.1733843]]]}, "properties": {"osm_id": "1238963162", "osm_type": "way", "label_class": "0", "site_class": "mound", "name": "Mámoa de Pena María 4", "confidence": "high", "evidence": "archaeological_site=tumulus", "archaeological_site": "tumulus", "civilization": "", "fortification_type": "", "wikidata": "", "centroid_lon": "-7.84751310", "centroid_lat": "43.17341913", "area_m2": "64.6", "perimeter_m": "28.7", "equivalent_radius_m": "4.5", "circularity": "0.9832", "vertices": "15", "matched_catalogue_id": "wl-neg-neg-es-pba-30351", "matched_catalogue_name": "Mámoa de Pena María 1", "matched_distance_m": "78"}}, {"type": "Feature", "geometry": {"type": "Polygon", "coordinates": [[[-7.7486107, 43.101354], [-7.7486031, 43.1014275], [-7.7486227, 43.101493], [-7.7486985, 43.1015258], [-7.7488135, 43.1015033], [-7.7488556, 43.1014152], [-7.7487939, 43.1013599], [-7.74869, 43.1013353], [-7.7486107, 43.101354]]]}, "properties": {"osm_id": "1238963163", "osm_type": "way", "label_class": "0", "site_class": "mound", "name": "Medorra do Cordal 1", "confidence": "high", "evidence": "archaeological_site=tumulus", "archaeological_site": "tumulus", "civilization": "", "fortification_type": "", "wikidata": "", "centroid_lon": "-7.74869986", "centroid_lat": "43.10141867", "area_m2": "324.0", "perimeter_m": "66.5", "equivalent_radius_m": "10.2", "circularity": "0.9212", "vertices": "9", "matched_catalogue_id": "wl-neg-neg-es-pba-28671", "matched_catalogue_name": "Medorra do Cordal 1", "matched_distance_m": "2"}}, {"type": "Feature", "geometry": {"type": "Polygon", "coordinates": [[[-7.7594302, 43.0427181], [-7.7593808, 43.0427663], [-7.7594028, 43.0428004], [-7.7594536, 43.0428305], [-7.7595112, 43.0428325], [-7.7595771, 43.0428104], [-7.7595936, 43.0427783], [-7.7595757, 43.0427402], [-7.7595455, 43.0427171], [-7.7594618, 43.0427091], [-7.7594302, 43.0427181]]]}, "properties": {"osm_id": "1238963164", "osm_type": "way", "label_class": "0", "site_class": "mound", "name": "A Medorra de Xoana", "confidence": "high", "evidence": "archaeological_site=tumulus", "archaeological_site": "tumulus", "civilization": "", "fortification_type": "", "wikidata": "", "centroid_lon": "-7.75948750", "centroid_lat": "43.04276555", "area_m2": "174.8", "perimeter_m": "48.3", "equivalent_radius_m": "7.5", "circularity": "0.9415", "vertices": "11", "matched_catalogue_id": "wl-neg-neg-es-pba-31044", "matched_catalogue_name": "A Medorra de Xoana", "matched_distance_m": "1"}}, {"type": "Feature", "geometry": {"type": "Polygon", "coordinates": [[[-7.7498538, 43.0516647], [-7.7498227, 43.0516759], [-7.7497979, 43.0516936], [-7.7497818, 43.051716], [-7.749776, 43.051741], [-7.749781, 43.051766], [-7.7497964, 43.0517887], [-7.7498206, 43.0518068], [-7.7498513, 43.0518186], [-7.7498854, 43.0518229], [-7.7499197, 43.0518192], [-7.7499507, 43.051808], [-7.7499755, 43.0517903], [-7.7499916, 43.0517679], [-7.7499974, 43.0517429], [-7.7499924, 43.0517179], [-7.7499771, 43.0516952], [-7.7499529, 43.0516771], [-7.7499222, 43.0516653], [-7.7498881, 43.0516611], [-7.7498538, 43.0516647]]]}, "properties": {"osm_id": "1238963165", "osm_type": "way", "label_class": "0", "site_class": "mound", "name": "Mámoa da Gándara de Narla 10", "confidence": "high", "evidence": "archaeological_site=tumulus", "archaeological_site": "tumulus", "civilization": "", "fortification_type": "", "wikidata": "", "centroid_lon": "-7.74988516", "centroid_lat": "43.05173828", "area_m2": "250.7", "perimeter_m": "56.4", "equivalent_radius_m": "8.9", "circularity": "0.9918", "vertices": "21", "matched_catalogue_id": "wl-neg-neg-es-pba-30902", "matched_catalogue_name": "Mámoa da Gándara de Narla 10", "matched_distance_m": "0"}}, {"type": "Feature", "geometry": {"type": "Polygon", "coordinates": [[[-7.750628, 43.0530009], [-7.7505926, 43.0530133], [-7.7505633, 43.0530324], [-7.7505426, 43.0530569], [-7.7505322, 43.0530846], [-7.7505329, 43.0531133], [-7.7505446, 43.0531407], [-7.7505664, 43.0531646], [-7.7505966, 43.053183], [-7.7506326, 43.0531945], [-7.7506716, 43.0531981], [-7.7507104, 43.0531935], [-7.7507459, 43.0531811], [-7.7507751, 43.0531619], [-7.7507958, 43.0531375], [-7.7508062, 43.0531098], [-7.7508055, 43.0530811], [-7.7507938, 43.0530537], [-7.750772, 43.0530298], [-7.7507418, 43.0530114], [-7.7507058, 43.0529999], [-7.7506668, 43.0529963], [-7.750628, 43.0530009]]]}, "properties": {"osm_id": "1238963166", "osm_type": "way", "label_class": "0", "site_class": "mound", "name": "Mámoa da Gándara de Narla 09", "confidence": "high", "evidence": "archaeological_site=tumulus", "archaeological_site": "tumulus", "civilization": "", "fortification_type": "", "wikidata": "", "centroid_lon": "-7.75066741", "centroid_lat": "43.05309301", "area_m2": "391.0", "perimeter_m": "70.3", "equivalent_radius_m": "11.2", "circularity": "0.9932", "vertices": "23", "matched_catalogue_id": "wl-neg-neg-es-pba-30901", "matched_catalogue_name": "Mámoa da Gándara de Narla 09", "matched_distance_m": "4"}}, {"type": "Feature", "geometry": {"type": "Polygon", "coordinates": [[[-7.7535767, 43.0553802], [-7.7535333, 43.055392], [-7.7534961, 43.0554122], [-7.7534682, 43.0554393], [-7.7534519, 43.0554711], [-7.7534486, 43.0555048], [-7.7534583, 43.055538], [-7.7534805, 43.0555677], [-7.7535132, 43.0555917], [-7.7535538, 43.055608], [-7.7535991, 43.0556153], [-7.7536454, 43.0556129], [-7.7536888, 43.0556012], [-7.753726, 43.0555809], [-7.7537539, 43.0555538], [-7.7537702, 43.0555221], [-7.7537736, 43.0554883], [-7.7537638, 43.0554552], [-7.7537416, 43.0554254], [-7.7537089, 43.0554014], [-7.7536683, 43.0553851], [-7.753623, 43.0553779], [-7.7535767, 43.0553802]]]}, "properties": {"osm_id": "1238963167", "osm_type": "way", "label_class": "0", "site_class": "mound", "name": "Mámoa da Gándara de Narla 03", "confidence": "high", "evidence": "archaeological_site=tumulus", "archaeological_site": "tumulus", "civilization": "", "fortification_type": "", "wikidata": "", "centroid_lon": "-7.75360956", "centroid_lat": "43.05549151", "area_m2": "544.1", "perimeter_m": "83.0", "equivalent_radius_m": "13.2", "circularity": "0.9932", "vertices": "23", "matched_catalogue_id": "wl-neg-neg-es-pba-30895", "matched_catalogue_name": "Mámoa da Gándara de Narla 03", "matched_distance_m": "2"}}, {"type": "Feature", "geometry": {"type": "Polygon", "coordinates": [[[-7.7554547, 43.0525796], [-7.7554076, 43.0525788], [-7.7553618, 43.052587], [-7.7553205, 43.0526036], [-7.7552864, 43.0526274], [-7.755262, 43.0526568], [-7.7552488, 43.0526899], [-7.7552477, 43.0527244], [-7.755259, 43.0527578], [-7.7552816, 43.052788], [-7.7553142, 43.0528129], [-7.7553545, 43.0528307], [-7.7553998, 43.0528404], [-7.7554469, 43.0528411], [-7.7554927, 43.0528329], [-7.755534, 43.0528164], [-7.7555681, 43.0527926], [-7.7555925, 43.0527631], [-7.7556057, 43.05273], [-7.7556067, 43.0526956], [-7.7555955, 43.0526622], [-7.7555728, 43.052632], [-7.7555402, 43.0526071], [-7.7554999, 43.0525892], [-7.7554547, 43.0525796]]]}, "properties": {"osm_id": "1238963168", "osm_type": "way", "label_class": "0", "site_class": "mound", "name": "Mámoa da Gándara de Narla 08", "confidence": "high", "evidence": "archaeological_site=tumulus", "archaeological_site": "tumulus", "civilization": "", "fortification_type": "", "wikidata": "", "centroid_lon": "-7.75542833", "centroid_lat": "43.05270476", "area_m2": "669.9", "perimeter_m": "92.0", "equivalent_radius_m": "14.6", "circularity": "0.9943", "vertices": "25", "matched_catalogue_id": "wl-neg-neg-es-pba-30900", "matched_catalogue_name": "Mámoa da Gándara de Narla 08", "matched_distance_m": "2"}}, {"type": "Feature", "geometry": {"type": "Polygon", "coordinates": [[[-7.6491066, 43.0819688], [-7.6490797, 43.0819866], [-7.6490618, 43.0820097], [-7.6490544, 43.0820356], [-7.6490584, 43.0820619], [-7.6490733, 43.0820861], [-7.6490978, 43.0821057], [-7.6491293, 43.0821188], [-7.6491648, 43.0821242], [-7.6492009, 43.0821212], [-7.6492339, 43.0821103], [-7.6492607, 43.0820925], [-7.6492787, 43.0820695], [-7.6492861, 43.0820435], [-7.6492821, 43.0820172], [-7.6492671, 43.0819931], [-7.6492427, 43.0819735], [-7.6492112, 43.0819604], [-7.6491757, 43.081955], [-7.6491396, 43.0819579], [-7.6491066, 43.0819688]]]}, "properties": {"osm_id": "1238963169", "osm_type": "way", "label_class": "0", "site_class": "mound", "name": "Medorra de Acebedo 5", "confidence": "high", "evidence": "archaeological_site=tumulus", "archaeological_site": "tumulus", "civilization": "", "fortification_type": "", "wikidata": "", "centroid_lon": "-7.64916721", "centroid_lat": "43.08203620", "area_m2": "274.6", "perimeter_m": "59.0", "equivalent_radius_m": "9.3", "circularity": "0.9918", "vertices": "21", "matched_catalogue_id": "wl-neg-neg-es-pba-35746", "matched_catalogue_name": "Medorra de Acebedo 5", "matched_distance_m": "1"}}, {"type": "Feature", "geometry": {"type": "Polygon", "coordinates": [[[-7.31311, 42.7150479], [-7.3120796, 42.7154265], [-7.3116311, 42.7156999], [-7.3116168, 42.7159032], [-7.3118029, 42.7161064], [-7.3123467, 42.7162186], [-7.3129192, 42.7161415], [-7.313339, 42.7158331], [-7.3137684, 42.7154405], [-7.3140356, 42.7151531], [-7.3140356, 42.714778], [-7.31311, 42.7150479]]]}, "properties": {"osm_id": "1239676641", "osm_type": "way", "label_class": "1", "site_class": "castro", "name": "Castro de Cereixido", "confidence": "high", "evidence": "fortification_type=hill_fort", "archaeological_site": "fortification", "civilization": "castro_culture", "fortification_type": "hill_fort", "wikidata": "", "centroid_lon": "-7.31281624", "centroid_lat": "42.71556638", "area_m2": "16698.9", "perimeter_m": "552.2", "equivalent_radius_m": "72.9", "circularity": "0.6882", "vertices": "12", "matched_catalogue_id": "wl-pos-pos-es-pba-32334", "matched_catalogue_name": "Castro de Cereixedo/Os Castros", "matched_distance_m": "15"}}, {"type": "Feature", "geometry": {"type": "Polygon", "coordinates": [[[-7.6795575, 42.9025162], [-7.6794536, 42.9025758], [-7.6794433, 42.9026404], [-7.6794554, 42.9027], [-7.679516, 42.9027546], [-7.6795852, 42.9027812], [-7.6796579, 42.9027761], [-7.6797375, 42.9027254], [-7.6797791, 42.9026633], [-7.6797635, 42.9025872], [-7.6797064, 42.9025327], [-7.6796216, 42.9025124], [-7.6795575, 42.9025162]]]}, "properties": {"osm_id": "1241460119", "osm_type": "way", "label_class": "0", "site_class": "mound", "name": "Mámoa do alto da Goia 13", "confidence": "high", "evidence": "archaeological_site=tumulus", "archaeological_site": "tumulus", "civilization": "", "fortification_type": "", "wikidata": "", "centroid_lon": "-7.67960265", "centroid_lat": "42.90263704", "area_m2": "622.5", "perimeter_m": "89.9", "equivalent_radius_m": "14.1", "circularity": "0.9678", "vertices": "13", "matched_catalogue_id": "wl-neg-neg-es-pba-31982", "matched_catalogue_name": "Mámoa do Alto da Goia 13", "matched_distance_m": "2"}}, {"type": "Feature", "geometry": {"type": "Polygon", "coordinates": [[[-7.6808956, 42.9033911], [-7.6808575, 42.9034241], [-7.6808541, 42.9034824], [-7.6808584, 42.903523], [-7.6808956, 42.9035382], [-7.6809562, 42.9035433], [-7.6810246, 42.9035021], [-7.6810531, 42.9034646], [-7.6810627, 42.9034279], [-7.6810402, 42.9033898], [-7.6810029, 42.9033676], [-7.6809597, 42.9033645], [-7.6808956, 42.9033911]]]}, "properties": {"osm_id": "1241460120", "osm_type": "way", "label_class": "0", "site_class": "mound", "name": "Mámoa do alto da Goia 11", "confidence": "high", "evidence": "archaeological_site=tumulus", "archaeological_site": "tumulus", "civilization": "", "fortification_type": "", "wikidata": "", "centroid_lon": "-7.68095048", "centroid_lat": "42.90344690", "area_m2": "254.7", "perimeter_m": "58.5", "equivalent_radius_m": "9.0", "circularity": "0.9341", "vertices": "13", "matched_catalogue_id": "wl-neg-neg-es-pba-31980", "matched_catalogue_name": "Mámoa do Alto da Goia 11", "matched_distance_m": "0"}}, {"type": "Feature", "geometry": {"type": "Polygon", "coordinates": [[[-7.6759465, 42.909902], [-7.6759084, 42.9099426], [-7.6759396, 42.9099907], [-7.6760054, 42.9100491], [-7.6760504, 42.910077], [-7.6761092, 42.9100693], [-7.676175, 42.9100313], [-7.6761646, 42.9099704], [-7.6761404, 42.90994], [-7.6760677, 42.9099071], [-7.6760088, 42.9098994], [-7.6759465, 42.909902]]]}, "properties": {"osm_id": "1241460121", "osm_type": "way", "label_class": "0", "site_class": "mound", "name": "Mámoa do alto da Goia 02", "confidence": "high", "evidence": "archaeological_site=tumulus", "archaeological_site": "tumulus", "civilization": "", "fortification_type": "", "wikidata": "", "centroid_lon": "-7.67603854", "centroid_lat": "42.90997341", "area_m2": "292.2", "perimeter_m": "64.0", "equivalent_radius_m": "9.6", "circularity": "0.8956", "vertices": "12", "matched_catalogue_id": "wl-neg-neg-es-pba-31941", "matched_catalogue_name": "Mámoa do Alto da Goia 02", "matched_distance_m": "2"}}, {"type": "Feature", "geometry": {"type": "Polygon", "coordinates": [[[-7.6702383, 42.9116963], [-7.6702126, 42.9117142], [-7.6701956, 42.911737], [-7.6701891, 42.9117625], [-7.6701937, 42.9117882], [-7.6702089, 42.9118117], [-7.6702333, 42.9118306], [-7.6702644, 42.911843], [-7.6702992, 42.9118477], [-7.6703344, 42.9118444], [-7.6703664, 42.9118332], [-7.6703922, 42.9118154], [-7.6704091, 42.9117926], [-7.6704156, 42.9117671], [-7.6704111, 42.9117413], [-7.6703959, 42.9117179], [-7.6703715, 42.911699], [-7.6703404, 42.9116866], [-7.6703055, 42.9116818], [-7.6702703, 42.9116852], [-7.6702383, 42.9116963]]]}, "properties": {"osm_id": "1241460122", "osm_type": "way", "label_class": "0", "site_class": "mound", "name": "Mámoa do alto da Goia 06", "confidence": "high", "evidence": "archaeological_site=tumulus", "archaeological_site": "tumulus", "civilization": "", "fortification_type": "", "wikidata": "", "centroid_lon": "-7.67029932", "centroid_lat": "42.91176152", "area_m2": "263.7", "perimeter_m": "57.8", "equivalent_radius_m": "9.2", "circularity": "0.9918", "vertices": "21", "matched_catalogue_id": "wl-neg-neg-es-pba-31945", "matched_catalogue_name": "Mámoa do Alto da Goia 06", "matched_distance_m": "2"}}, {"type": "Feature", "geometry": {"type": "Polygon", "coordinates": [[[-7.7182844, 42.4223755], [-7.7182254, 42.4219656], [-7.7179089, 42.4217636], [-7.7174476, 42.4214686], [-7.7173403, 42.4214706], [-7.7173135, 42.4219438], [-7.7173564, 42.4223953], [-7.7177721, 42.4226586], [-7.7180189, 42.4225358], [-7.7182844, 42.4223755]]]}, "properties": {"osm_id": "1241473182", "osm_type": "way", "label_class": "0", "site_class": "mound", "name": "Necrópole de Moura", "confidence": "high", "evidence": "archaeological_site=tumulus", "archaeological_site": "tumulus", "civilization": "", "fortification_type": "", "wikidata": "", "centroid_lon": "-7.71779519", "centroid_lat": "42.42209529", "area_m2": "7037.7", "perimeter_m": "340.0", "equivalent_radius_m": "47.3", "circularity": "0.7650", "vertices": "10", "matched_catalogue_id": "wl-neg-neg-es-pba-54230", "matched_catalogue_name": "Mámoa das Cabanas 5", "matched_distance_m": "18"}}, {"type": "Feature", "geometry": {"type": "Polygon", "coordinates": [[[-7.4092559, 42.9267779], [-7.4092074, 42.9268277], [-7.409214, 42.9268887], [-7.4092725, 42.9269324], [-7.4093557, 42.9269382], [-7.4094246, 42.9269036], [-7.4094469, 42.9268446], [-7.4094122, 42.9267889], [-7.4093368, 42.9267626], [-7.4092559, 42.9267779]]]}, "properties": {"osm_id": "1241682245", "osm_type": "way", "label_class": "0", "site_class": "mound", "name": "A Medorra Pequena", "confidence": "high", "evidence": "archaeological_site=tumulus", "archaeological_site": "tumulus", "civilization": "", "fortification_type": "", "wikidata": "", "centroid_lon": "-7.40931819", "centroid_lat": "42.92684425", "area_m2": "286.8", "perimeter_m": "61.3", "equivalent_radius_m": "9.6", "circularity": "0.9590", "vertices": "10", "matched_catalogue_id": "wl-neg-neg-es-pba-28889", "matched_catalogue_name": "Medorra Pequena", "matched_distance_m": "2"}}, {"type": "Feature", "geometry": {"type": "Polygon", "coordinates": [[[-7.4089639, 42.9274786], [-7.4088688, 42.9275888], [-7.4089079, 42.927716], [-7.4090584, 42.9277857], [-7.4092322, 42.927757], [-7.4093273, 42.9276468], [-7.4092882, 42.9275196], [-7.4091376, 42.9274499], [-7.4089639, 42.9274786]]]}, "properties": {"osm_id": "1241682246", "osm_type": "way", "label_class": "0", "site_class": "mound", "name": "A Medorra Grande", "confidence": "high", "evidence": "archaeological_site=tumulus", "archaeological_site": "tumulus", "civilization": "", "fortification_type": "", "wikidata": "", "centroid_lon": "-7.40908313", "centroid_lat": "42.92760233", "area_m2": "1017.4", "perimeter_m": "116.1", "equivalent_radius_m": "18.0", "circularity": "0.9481", "vertices": "9", "matched_catalogue_id": "wl-neg-neg-es-pba-28887", "matched_catalogue_name": "Medorra Grande", "matched_distance_m": "2"}}, {"type": "Feature", "geometry": {"type": "Polygon", "coordinates": [[[-7.5046247, 43.358454], [-7.5043832, 43.3588086], [-7.5038038, 43.3590123], [-7.5030311, 43.3590228], [-7.502698, 43.3588507], [-7.5024951, 43.3585418], [-7.5024951, 43.3582855], [-7.5027462, 43.3580467], [-7.503205, 43.3578396], [-7.5036154, 43.3577413], [-7.5039969, 43.3577904], [-7.5043011, 43.3578817], [-7.5046005, 43.3580432], [-7.5046681, 43.3583241], [-7.5046247, 43.358454]]]}, "properties": {"osm_id": "1245660701", "osm_type": "way", "label_class": "1", "site_class": "castro", "name": "Os Castros", "confidence": "high", "evidence": "fortification_type=hill_fort", "archaeological_site": "fortification", "civilization": "castro_culture", "fortification_type": "hill_fort", "wikidata": "", "centroid_lon": "-7.50368593", "centroid_lat": "43.35833978", "area_m2": "19324.9", "perimeter_m": "505.3", "equivalent_radius_m": "78.4", "circularity": "0.9510", "vertices": "15", "matched_catalogue_id": "wl-pos-pos-es-pba-26587", "matched_catalogue_name": "Os Castros", "matched_distance_m": "6"}}, {"type": "Feature", "geometry": {"type": "Polygon", "coordinates": [[[-7.2735476, 43.5115598], [-7.2730487, 43.5117163], [-7.27286, 43.5118655], [-7.2728772, 43.5121018], [-7.2729886, 43.5122946], [-7.2733145, 43.5124562], [-7.273726, 43.5126552], [-7.2741976, 43.5125931], [-7.2747121, 43.5123568], [-7.2747549, 43.5119712], [-7.2745663, 43.5117225], [-7.2740947, 43.5115857], [-7.2735476, 43.5115598]]]}, "properties": {"osm_id": "1245673373", "osm_type": "way", "label_class": "1", "site_class": "castro", "name": "Castro de Xunto á Igrexa", "confidence": "high", "evidence": "fortification_type=hill_fort", "archaeological_site": "fortification", "civilization": "castro_culture", "fortification_type": "hill_fort", "wikidata": "", "centroid_lon": "-7.27371045", "centroid_lat": "43.51203373", "area_m2": "14058.9", "perimeter_m": "435.6", "equivalent_radius_m": "66.9", "circularity": "0.9310", "vertices": "13", "matched_catalogue_id": "wl-pos-pos-es-pba-28734", "matched_catalogue_name": "Os Castros", "matched_distance_m": "14"}}, {"type": "Feature", "geometry": {"type": "Polygon", "coordinates": [[[-7.5658062, 43.3663416], [-7.5657808, 43.366367], [-7.5657663, 43.3663965], [-7.5657639, 43.3664277], [-7.5657736, 43.3664583], [-7.5657948, 43.3664856], [-7.5658257, 43.3665074], [-7.5658638, 43.366522], [-7.5659061, 43.3665283], [-7.565949, 43.3665256], [-7.5659892, 43.3665142], [-7.5660233, 43.3664951], [-7.5660486, 43.3664697], [-7.5660631, 43.3664402], [-7.5660656, 43.3664089], [-7.5660559, 43.3663784], [-7.5660347, 43.3663511], [-7.5660038, 43.3663293], [-7.5659656, 43.3663147], [-7.5659234, 43.3663084], [-7.5658805, 43.3663111], [-7.5658403, 43.3663225], [-7.5658062, 43.3663416]]]}, "properties": {"osm_id": "1248319902", "osm_type": "way", "label_class": "0", "site_class": "mound", "name": "Mámoa de Cornas", "confidence": "high", "evidence": "archaeological_site=tumulus", "archaeological_site": "tumulus", "civilization": "", "fortification_type": "", "wikidata": "", "centroid_lon": "-7.56591002", "centroid_lat": "43.36641501", "area_m2": "465.4", "perimeter_m": "76.7", "equivalent_radius_m": "12.2", "circularity": "0.9932", "vertices": "23", "matched_catalogue_id": "wl-neg-neg-es-pba-43380", "matched_catalogue_name": "Mámoa de Cornas", "matched_distance_m": "3"}}, {"type": "Feature", "geometry": {"type": "Polygon", "coordinates": [[[-7.1780419, 42.8341692], [-7.1776879, 42.8340158], [-7.1771997, 42.8340158], [-7.1768618, 42.8342597], [-7.1767652, 42.8344485], [-7.1767438, 42.8346334], [-7.1769369, 42.8349363], [-7.1772426, 42.8351133], [-7.1775967, 42.8350897], [-7.1780634, 42.8349874], [-7.1783853, 42.8347947], [-7.1784014, 42.834539], [-7.1783531, 42.8343895], [-7.1780419, 42.8341692]]]}, "properties": {"osm_id": "1252098193", "osm_type": "way", "label_class": "1", "site_class": "castro", "name": "Castro de Eixibrón", "confidence": "high", "evidence": "fortification_type=hill_fort", "archaeological_site": "fortification", "civilization": "castro_culture", "fortification_type": "hill_fort", "wikidata": "", "centroid_lon": "-7.17759440", "centroid_lat": "42.83454011", "area_m2": "12676.8", "perimeter_m": "407.9", "equivalent_radius_m": "63.5", "circularity": "0.9576", "vertices": "14", "matched_catalogue_id": "wl-pos-pos-es-pba-28460", "matched_catalogue_name": "Castros de Eixibrón", "matched_distance_m": "30"}}, {"type": "Feature", "geometry": {"type": "Polygon", "coordinates": [[[-7.2984141, 42.8077162], [-7.2978669, 42.808094], [-7.2972232, 42.8082199], [-7.2967833, 42.8081806], [-7.2967082, 42.8081176], [-7.2965044, 42.8078854], [-7.2965044, 42.8077241], [-7.2965473, 42.8075666], [-7.2966439, 42.8073581], [-7.2969014, 42.8071613], [-7.2974002, 42.8070039], [-7.2978133, 42.8069094], [-7.298221, 42.8068858], [-7.2983766, 42.8069251], [-7.2985214, 42.8072006], [-7.2985214, 42.8074289], [-7.2984946, 42.8076139], [-7.2984141, 42.8077162]]]}, "properties": {"osm_id": "1253343337", "osm_type": "way", "label_class": "1", "site_class": "castro", "name": "Castro de Santalla", "confidence": "high", "evidence": "fortification_type=hill_fort", "archaeological_site": "fortification", "civilization": "castro_culture", "fortification_type": "hill_fort", "wikidata": "", "centroid_lon": "-7.29754776", "centroid_lat": "42.80753931", "area_m2": "18280.5", "perimeter_m": "501.4", "equivalent_radius_m": "76.3", "circularity": "0.9137", "vertices": "18", "matched_catalogue_id": "wl-pos-pos-es-pba-31623", "matched_catalogue_name": "Castro de Santalla", "matched_distance_m": "39"}}, {"type": "Feature", "geometry": {"type": "Polygon", "coordinates": [[[-7.541164, 43.5416608], [-7.5411488, 43.5416793], [-7.5411446, 43.5417005], [-7.5411519, 43.5417213], [-7.5411696, 43.5417385], [-7.5411951, 43.5417495], [-7.5412244, 43.5417526], [-7.5412531, 43.5417473], [-7.5412768, 43.5417344], [-7.541292, 43.541716], [-7.5412962, 43.5416947], [-7.5412889, 43.5416739], [-7.5412712, 43.5416567], [-7.5412457, 43.5416457], [-7.5412164, 43.5416427], [-7.5411877, 43.541648], [-7.541164, 43.5416608]]]}, "properties": {"osm_id": "1254638524", "osm_type": "way", "label_class": "0", "site_class": "mound", "name": "Mámoa do Penido Vello 1", "confidence": "high", "evidence": "archaeological_site=tumulus", "archaeological_site": "tumulus", "civilization": "", "fortification_type": "", "wikidata": "", "centroid_lon": "-7.54121708", "centroid_lat": "43.54169545", "area_m2": "114.9", "perimeter_m": "38.2", "equivalent_radius_m": "6.0", "circularity": "0.9871", "vertices": "17", "matched_catalogue_id": "wl-neg-neg-es-pba-35922", "matched_catalogue_name": "Mámoa do Penido Vello 1", "matched_distance_m": "2"}}, {"type": "Feature", "geometry": {"type": "Polygon", "coordinates": [[[-7.7713609, 42.9988459], [-7.7713296, 42.9988618], [-7.7713077, 42.9988845], [-7.7712977, 42.9989114], [-7.7713009, 42.9989391], [-7.7713169, 42.9989644], [-7.7713437, 42.9989841], [-7.7713781, 42.998996], [-7.771416, 42.9989985], [-7.7714528, 42.9989914], [-7.7714841, 42.9989755], [-7.771506, 42.9989528], [-7.771516, 42.9989259], [-7.7715128, 42.9988982], [-7.7714968, 42.9988729], [-7.77147, 42.9988532], [-7.7714356, 42.9988413], [-7.7713977, 42.9988388], [-7.7713609, 42.9988459]]]}, "properties": {"osm_id": "1254663709", "osm_type": "way", "label_class": "0", "site_class": "mound", "name": "Mámoa de Monte das Lamas 7", "confidence": "high", "evidence": "archaeological_site=tumulus", "archaeological_site": "tumulus", "civilization": "", "fortification_type": "", "wikidata": "", "centroid_lon": "-7.77140443", "centroid_lat": "42.99891482", "area_m2": "245.0", "perimeter_m": "55.8", "equivalent_radius_m": "8.8", "circularity": "0.9898", "vertices": "19", "matched_catalogue_id": "wl-neg-neg-es-pba-30135", "matched_catalogue_name": "Mámoa de Monte das Lamas 7", "matched_distance_m": "2"}}, {"type": "Feature", "geometry": {"type": "Polygon", "coordinates": [[[-7.7563318, 42.9952877], [-7.756301, 42.9953019], [-7.7562786, 42.995323], [-7.7562674, 42.9953484], [-7.7562688, 42.995375], [-7.7562826, 42.9953997], [-7.756307, 42.9954195], [-7.7563393, 42.995432], [-7.7563754, 42.9954356], [-7.7564111, 42.99543], [-7.756442, 42.9954158], [-7.7564643, 42.9953947], [-7.7564755, 42.9953693], [-7.7564741, 42.9953427], [-7.7564604, 42.995318], [-7.7564359, 42.9952982], [-7.7564036, 42.9952857], [-7.7563675, 42.9952821], [-7.7563318, 42.9952877]]]}, "properties": {"osm_id": "1254669443", "osm_type": "way", "label_class": "0", "site_class": "mound", "name": "Mámoa de Monte de Lamas 6", "confidence": "high", "evidence": "archaeological_site=tumulus", "archaeological_site": "tumulus", "civilization": "", "fortification_type": "", "wikidata": "", "centroid_lon": "-7.75636937", "centroid_lat": "42.99535511", "area_m2": "225.1", "perimeter_m": "53.5", "equivalent_radius_m": "8.5", "circularity": "0.9898", "vertices": "19", "matched_catalogue_id": "wl-neg-neg-es-pba-30168", "matched_catalogue_name": "Mámoa de Monte de Lamas 6", "matched_distance_m": "2"}}, {"type": "Feature", "geometry": {"type": "Polygon", "coordinates": [[[-7.6763721, 42.9952727], [-7.6763399, 42.9952926], [-7.6763176, 42.9953188], [-7.6763075, 42.9953487], [-7.6763106, 42.9953794], [-7.6763264, 42.995408], [-7.6763536, 42.9954315], [-7.6763894, 42.9954478], [-7.6764303, 42.9954552], [-7.6764723, 42.995453], [-7.6765114, 42.9954413], [-7.6765436, 42.9954215], [-7.6765658, 42.9953953], [-7.6765759, 42.9953654], [-7.6765729, 42.9953346], [-7.676557, 42.9953061], [-7.6765298, 42.9952825], [-7.676494, 42.9952662], [-7.6764531, 42.9952589], [-7.6764111, 42.9952611], [-7.6763721, 42.9952727]]]}, "properties": {"osm_id": "1254692869", "osm_type": "way", "label_class": "0", "site_class": "mound", "name": "Monte das Casiñas 2", "confidence": "high", "evidence": "archaeological_site=tumulus", "archaeological_site": "tumulus", "civilization": "", "fortification_type": "", "wikidata": "", "centroid_lon": "-7.67643840", "centroid_lat": "42.99535301", "area_m2": "371.6", "perimeter_m": "68.6", "equivalent_radius_m": "10.9", "circularity": "0.9918", "vertices": "21", "matched_catalogue_id": "", "matched_catalogue_name": "", "matched_distance_m": ""}}, {"type": "Feature", "geometry": {"type": "Polygon", "coordinates": [[[-7.6745264, 42.9973243], [-7.6745007, 42.997339], [-7.6744834, 42.9973591], [-7.6744766, 42.9973824], [-7.6744811, 42.997406], [-7.6744963, 42.997427], [-7.6745204, 42.997443], [-7.6745506, 42.997452], [-7.6745831, 42.9974529], [-7.6746141, 42.9974455], [-7.6746398, 42.9974309], [-7.6746571, 42.9974108], [-7.6746639, 42.9973875], [-7.6746595, 42.9973639], [-7.6746442, 42.9973428], [-7.6746201, 42.9973269], [-7.6745899, 42.9973179], [-7.6745574, 42.997317], [-7.6745264, 42.9973243]]]}, "properties": {"osm_id": "1254693800", "osm_type": "way", "label_class": "0", "site_class": "mound", "name": "Monte das Casiñas 1", "confidence": "high", "evidence": "archaeological_site=tumulus", "archaeological_site": "tumulus", "civilization": "", "fortification_type": "", "wikidata": "", "centroid_lon": "-7.67456795", "centroid_lat": "42.99738175", "area_m2": "179.3", "perimeter_m": "47.7", "equivalent_radius_m": "7.6", "circularity": "0.9898", "vertices": "19", "matched_catalogue_id": "", "matched_catalogue_name": "", "matched_distance_m": ""}}, {"type": "Feature", "geometry": {"type": "Polygon", "coordinates": [[[-7.6853157, 42.9883795], [-7.6852954, 42.9883979], [-7.6852862, 42.9884205], [-7.6852895, 42.988444], [-7.6853049, 42.9884647], [-7.68533, 42.9884796], [-7.6853609, 42.9884863], [-7.685393, 42.9884839], [-7.6854214, 42.9884726], [-7.6854417, 42.9884543], [-7.6854509, 42.9884317], [-7.6854476, 42.9884082], [-7.6854322, 42.9883874], [-7.6854071, 42.9883726], [-7.6853762, 42.9883658], [-7.6853441, 42.9883683], [-7.6853157, 42.9883795]]]}, "properties": {"osm_id": "1254699688", "osm_type": "way", "label_class": "0", "site_class": "mound", "name": "Monte das Abertoinas 2", "confidence": "high", "evidence": "archaeological_site=tumulus", "archaeological_site": "tumulus", "civilization": "", "fortification_type": "", "wikidata": "", "centroid_lon": "-7.68536544", "centroid_lat": "42.98842334", "area_m2": "138.9", "perimeter_m": "42.0", "equivalent_radius_m": "6.6", "circularity": "0.9871", "vertices": "17", "matched_catalogue_id": "", "matched_catalogue_name": "", "matched_distance_m": ""}}, {"type": "Feature", "geometry": {"type": "Polygon", "coordinates": [[[-7.7365207, 43.0457832], [-7.7364973, 43.0458041], [-7.7364852, 43.0458296], [-7.7364858, 43.0458566], [-7.736499, 43.0458819], [-7.7365232, 43.0459023], [-7.7365555, 43.0459154], [-7.7365919, 43.0459197], [-7.7366282, 43.0459146], [-7.73666, 43.0459007], [-7.7366833, 43.0458798], [-7.7366954, 43.0458543], [-7.7366948, 43.0458273], [-7.7366816, 43.045802], [-7.7366574, 43.0457816], [-7.7366252, 43.0457685], [-7.7365887, 43.0457642], [-7.7365524, 43.0457693], [-7.7365207, 43.0457832]]]}, "properties": {"osm_id": "1254704258", "osm_type": "way", "label_class": "0", "site_class": "mound", "name": "Mámoa da Rexidoira 1", "confidence": "high", "evidence": "archaeological_site=tumulus", "archaeological_site": "tumulus", "civilization": "", "fortification_type": "", "wikidata": "", "centroid_lon": "-7.73658665", "centroid_lat": "43.04583886", "area_m2": "230.7", "perimeter_m": "54.1", "equivalent_radius_m": "8.6", "circularity": "0.9898", "vertices": "19", "matched_catalogue_id": "wl-neg-neg-es-pba-30700", "matched_catalogue_name": "Mámoa da Rexidoira 1", "matched_distance_m": "2"}}, {"type": "Feature", "geometry": {"type": "Polygon", "coordinates": [[[-7.8794471, 43.0806414], [-7.8794315, 43.0807177], [-7.8794603, 43.0807791], [-7.8795372, 43.0808195], [-7.879602, 43.08083], [-7.8796909, 43.0808265], [-7.8797605, 43.080816], [-7.879811, 43.0807826], [-7.8798374, 43.0807405], [-7.8798182, 43.0806984], [-7.8797797, 43.0806599], [-7.8796837, 43.0806178], [-7.8796188, 43.0806037], [-7.8795636, 43.080602], [-7.8795132, 43.0806107], [-7.8794471, 43.0806414]]]}, "properties": {"osm_id": "1254708277", "osm_type": "way", "label_class": "0", "site_class": "mound", "name": "Mámoa do Alto da Mámoa 2", "confidence": "high", "evidence": "archaeological_site=tumulus", "archaeological_site": "tumulus", "civilization": "", "fortification_type": "", "wikidata": "", "centroid_lon": "-7.87962514", "centroid_lat": "43.08071170", "area_m2": "642.4", "perimeter_m": "92.6", "equivalent_radius_m": "14.3", "circularity": "0.9424", "vertices": "16", "matched_catalogue_id": "wl-neg-neg-es-pba-30372", "matched_catalogue_name": "Mámoa do Alto da Mámoa 2", "matched_distance_m": "1"}}, {"type": "Feature", "geometry": {"type": "Polygon", "coordinates": [[[-7.8686854, 43.0824569], [-7.8686675, 43.0824739], [-7.8686614, 43.082495], [-7.8686684, 43.0825158], [-7.8686871, 43.0825324], [-7.8687138, 43.0825414], [-7.8687432, 43.0825411], [-7.8687695, 43.0825315], [-7.8687875, 43.0825145], [-7.8687936, 43.0824934], [-7.8687866, 43.0824726], [-7.8687679, 43.082456], [-7.8687412, 43.082447], [-7.8687118, 43.0824473], [-7.8686854, 43.0824569]]]}, "properties": {"osm_id": "1254708278", "osm_type": "way", "label_class": "0", "site_class": "mound", "name": "Mámoa de Monte do Espiño 2", "confidence": "high", "evidence": "archaeological_site=tumulus", "archaeological_site": "tumulus", "civilization": "", "fortification_type": "", "wikidata": "", "centroid_lon": "-7.86872469", "centroid_lat": "43.08249171", "area_m2": "87.7", "perimeter_m": "33.5", "equivalent_radius_m": "5.3", "circularity": "0.9832", "vertices": "15", "matched_catalogue_id": "wl-neg-neg-es-pba-30174", "matched_catalogue_name": "Mámoa de Monte do Espiño 2", "matched_distance_m": "3"}}, {"type": "Feature", "geometry": {"type": "Polygon", "coordinates": [[[-7.8695752, 43.0824596], [-7.869553, 43.0824816], [-7.8695425, 43.0825078], [-7.8695449, 43.0825352], [-7.8695599, 43.0825602], [-7.8695858, 43.08258], [-7.8696193, 43.0825922], [-7.8696566, 43.0825952], [-7.869693, 43.0825887], [-7.8697242, 43.0825736], [-7.8697464, 43.0825515], [-7.8697569, 43.0825253], [-7.8697545, 43.082498], [-7.8697395, 43.0824729], [-7.8697136, 43.0824531], [-7.8696801, 43.082441], [-7.8696428, 43.0824379], [-7.8696064, 43.0824444], [-7.8695752, 43.0824596]]]}, "properties": {"osm_id": "1254708279", "osm_type": "way", "label_class": "0", "site_class": "mound", "name": "Mámoa de Monte do Espiño 1", "confidence": "high", "evidence": "archaeological_site=tumulus", "archaeological_site": "tumulus", "civilization": "", "fortification_type": "", "wikidata": "", "centroid_lon": "-7.86964578", "centroid_lat": "43.08251357", "area_m2": "236.8", "perimeter_m": "54.8", "equivalent_radius_m": "8.7", "circularity": "0.9898", "vertices": "19", "matched_catalogue_id": "wl-neg-neg-es-pba-30173", "matched_catalogue_name": "Mámoa de Monte do Espiño 1", "matched_distance_m": "2"}}, {"type": "Feature", "geometry": {"type": "Polygon", "coordinates": [[[-7.8578649, 43.1041045], [-7.8578393, 43.1041319], [-7.8578252, 43.1041635], [-7.8578239, 43.1041967], [-7.8578354, 43.1042288], [-7.8578589, 43.1042572], [-7.8578924, 43.1042797], [-7.8579332, 43.1042944], [-7.857978, 43.1043], [-7.8580232, 43.1042963], [-7.8580651, 43.1042833], [-7.8581003, 43.1042623], [-7.858126, 43.1042349], [-7.8581401, 43.1042034], [-7.8581414, 43.1041702], [-7.8581298, 43.1041381], [-7.8581063, 43.1041096], [-7.8580729, 43.1040872], [-7.858032, 43.1040725], [-7.8579872, 43.1040668], [-7.8579421, 43.1040706], [-7.8579002, 43.1040835], [-7.8578649, 43.1041045]]]}, "properties": {"osm_id": "1254709192", "osm_type": "way", "label_class": "0", "site_class": "mound", "name": "Mámoa de Monte Vilaldar 5", "confidence": "high", "evidence": "archaeological_site=tumulus", "archaeological_site": "tumulus", "civilization": "", "fortification_type": "", "wikidata": "", "centroid_lon": "-7.85797751", "centroid_lat": "43.10418000", "area_m2": "522.6", "perimeter_m": "81.3", "equivalent_radius_m": "12.9", "circularity": "0.9932", "vertices": "23", "matched_catalogue_id": "wl-neg-neg-es-pba-30248", "matched_catalogue_name": "Mámoa de Monte Vilaldar 5", "matched_distance_m": "2"}}, {"type": "Feature", "geometry": {"type": "Polygon", "coordinates": [[[-7.8564792, 43.1042571], [-7.8564642, 43.104228], [-7.8564375, 43.1042037], [-7.8564019, 43.1041867], [-7.8563608, 43.1041785], [-7.8563183, 43.1041799], [-7.8562785, 43.1041909], [-7.8562452, 43.1042104], [-7.8562219, 43.1042364], [-7.8562106, 43.1042663], [-7.8562126, 43.1042974], [-7.8562277, 43.1043265], [-7.8562543, 43.1043508], [-7.8562899, 43.1043678], [-7.856331, 43.104376], [-7.8563735, 43.1043746], [-7.8564134, 43.1043636], [-7.8564466, 43.1043441], [-7.85647, 43.1043181], [-7.8564812, 43.1042881], [-7.8564792, 43.1042571]]]}, "properties": {"osm_id": "1254709193", "osm_type": "way", "label_class": "0", "site_class": "mound", "name": "Mámoa de Monte Vilaldar 4", "confidence": "high", "evidence": "archaeological_site=tumulus", "archaeological_site": "tumulus", "civilization": "", "fortification_type": "", "wikidata": "", "centroid_lon": "-7.85635226", "centroid_lat": "43.10427629", "area_m2": "378.2", "perimeter_m": "69.2", "equivalent_radius_m": "11.0", "circularity": "0.9918", "vertices": "21", "matched_catalogue_id": "wl-neg-neg-es-pba-30247", "matched_catalogue_name": "Mámoa de Monte Vilaldar 4", "matched_distance_m": "3"}}, {"type": "Feature", "geometry": {"type": "Polygon", "coordinates": [[[-7.7916162, 43.0739271], [-7.7915202, 43.0740464], [-7.791573, 43.0741938], [-7.7916931, 43.074264], [-7.7918324, 43.0742885], [-7.7919861, 43.0742324], [-7.7920341, 43.0741236], [-7.7919525, 43.0739833], [-7.7918564, 43.0739166], [-7.7917267, 43.0738991], [-7.7916162, 43.0739271]]]}, "properties": {"osm_id": "1254724525", "osm_type": "way", "label_class": "0", "site_class": "mound", "name": "Medorra da Lente", "confidence": "high", "evidence": "archaeological_site=tumulus", "archaeological_site": "tumulus", "civilization": "", "fortification_type": "", "wikidata": "", "centroid_lon": "-7.79176426", "centroid_lat": "43.07407290", "area_m2": "1305.0", "perimeter_m": "131.2", "equivalent_radius_m": "20.4", "circularity": "0.9526", "vertices": "11", "matched_catalogue_id": "wl-neg-neg-es-pba-30530", "matched_catalogue_name": "Medorra da Lente", "matched_distance_m": "3"}}, {"type": "Feature", "geometry": {"type": "Polygon", "coordinates": [[[-7.766696, 43.1006035], [-7.7666622, 43.100617], [-7.7666357, 43.1006374], [-7.7666192, 43.1006628], [-7.7666142, 43.1006907], [-7.7666214, 43.1007184], [-7.7666398, 43.1007431], [-7.7666678, 43.1007624], [-7.7667026, 43.1007744], [-7.7667408, 43.1007781], [-7.7667787, 43.1007729], [-7.7668125, 43.1007594], [-7.766839, 43.100739], [-7.7668555, 43.1007135], [-7.7668604, 43.1006856], [-7.7668533, 43.100658], [-7.7668349, 43.1006333], [-7.7668069, 43.100614], [-7.766772, 43.1006019], [-7.7667338, 43.1005983], [-7.766696, 43.1006035]]]}, "properties": {"osm_id": "1254724785", "osm_type": "way", "label_class": "0", "site_class": "mound", "name": "Mámoa de Pedra do Couto 4", "confidence": "high", "evidence": "archaeological_site=tumulus", "archaeological_site": "tumulus", "civilization": "", "fortification_type": "", "wikidata": "", "centroid_lon": "-7.76673537", "centroid_lat": "43.10068415", "area_m2": "309.6", "perimeter_m": "62.6", "equivalent_radius_m": "9.9", "circularity": "0.9918", "vertices": "21", "matched_catalogue_id": "wl-neg-neg-es-pba-30971", "matched_catalogue_name": "Mámoa da Pedra do Couto 4", "matched_distance_m": "2"}}, {"type": "Feature", "geometry": {"type": "Polygon", "coordinates": [[[-7.7656279, 43.097433], [-7.7655919, 43.0974472], [-7.7655638, 43.0974688], [-7.7655461, 43.0974958], [-7.7655408, 43.0975253], [-7.7655482, 43.0975547], [-7.7655676, 43.0975809], [-7.7655972, 43.0976015], [-7.7656341, 43.0976144], [-7.7656746, 43.0976183], [-7.7657148, 43.0976129], [-7.7657507, 43.0975987], [-7.7657789, 43.0975771], [-7.7657965, 43.0975502], [-7.7658019, 43.0975206], [-7.7657945, 43.0974912], [-7.765775, 43.097465], [-7.7657454, 43.0974444], [-7.7657086, 43.0974316], [-7.7656681, 43.0974276], [-7.7656279, 43.097433]]]}, "properties": {"osm_id": "1254724817", "osm_type": "way", "label_class": "0", "site_class": "mound", "name": "Mámoa de Pedra do Couto 1", "confidence": "high", "evidence": "archaeological_site=tumulus", "archaeological_site": "tumulus", "civilization": "", "fortification_type": "", "wikidata": "", "centroid_lon": "-7.76566926", "centroid_lat": "43.09751868", "area_m2": "348.3", "perimeter_m": "66.4", "equivalent_radius_m": "10.5", "circularity": "0.9918", "vertices": "21", "matched_catalogue_id": "wl-neg-neg-es-pba-30941", "matched_catalogue_name": "Mámoa da Pedra do Couto 1", "matched_distance_m": "1"}}, {"type": "Feature", "geometry": {"type": "Polygon", "coordinates": [[[-7.7425851, 43.0953301], [-7.7425597, 43.0953507], [-7.7425455, 43.0953763], [-7.7425441, 43.095404], [-7.7425558, 43.0954303], [-7.7425791, 43.0954521], [-7.7426112, 43.0954668], [-7.7426482, 43.0954726], [-7.7426858, 43.0954688], [-7.7427192, 43.0954559], [-7.7427447, 43.0954353], [-7.7427589, 43.0954097], [-7.7427603, 43.095382], [-7.7427486, 43.0953557], [-7.7427253, 43.0953339], [-7.7426932, 43.0953192], [-7.7426562, 43.0953134], [-7.7426186, 43.0953172], [-7.7425851, 43.0953301]]]}, "properties": {"osm_id": "1254725787", "osm_type": "way", "label_class": "0", "site_class": "mound", "name": "Mámoa do Cordal de Ousá 2", "confidence": "high", "evidence": "archaeological_site=tumulus", "archaeological_site": "tumulus", "civilization": "", "fortification_type": "", "wikidata": "", "centroid_lon": "-7.74264866", "centroid_lat": "43.09538969", "area_m2": "242.1", "perimeter_m": "55.4", "equivalent_radius_m": "8.8", "circularity": "0.9898", "vertices": "19", "matched_catalogue_id": "wl-neg-neg-es-pba-30414", "matched_catalogue_name": "Mámoa do Cordal de Ousá 2", "matched_distance_m": "2"}}, {"type": "Feature", "geometry": {"type": "Polygon", "coordinates": [[[-7.7422955, 43.0957197], [-7.7422608, 43.0957355], [-7.7422336, 43.0957579], [-7.7422161, 43.0957849], [-7.7422098, 43.0958145], [-7.7422151, 43.0958441], [-7.7422317, 43.0958715], [-7.7422581, 43.0958943], [-7.7422923, 43.0959108], [-7.7423315, 43.0959196], [-7.7423724, 43.0959199], [-7.7424118, 43.0959118], [-7.7424466, 43.095896], [-7.7424737, 43.0958736], [-7.7424912, 43.0958466], [-7.7424975, 43.095817], [-7.7424922, 43.0957874], [-7.7424756, 43.09576], [-7.7424492, 43.0957372], [-7.742415, 43.0957207], [-7.7423758, 43.095712], [-7.7423349, 43.0957116], [-7.7422955, 43.0957197]]]}, "properties": {"osm_id": "1254725788", "osm_type": "way", "label_class": "0", "site_class": "mound", "name": "Mámoa do Cordal de Ousá", "confidence": "high", "evidence": "archaeological_site=tumulus", "archaeological_site": "tumulus", "civilization": "", "fortification_type": "", "wikidata": "", "centroid_lon": "-7.74235113", "centroid_lat": "43.09581158", "area_m2": "423.9", "perimeter_m": "73.2", "equivalent_radius_m": "11.6", "circularity": "0.9932", "vertices": "23", "matched_catalogue_id": "wl-neg-neg-es-pba-28638", "matched_catalogue_name": "Mámoa do Cordal de Ousá", "matched_distance_m": "1"}}, {"type": "Feature", "geometry": {"type": "Polygon", "coordinates": [[[-7.715653, 43.08625], [-7.7155941, 43.0862728], [-7.7155725, 43.0863307], [-7.7155893, 43.0863912], [-7.7156182, 43.086428], [-7.7157034, 43.0864473], [-7.7157478, 43.0864456], [-7.7158175, 43.0864], [-7.7158379, 43.0863552], [-7.7158271, 43.0863009], [-7.7157911, 43.0862623], [-7.7157454, 43.0862491], [-7.7157082, 43.0862404], [-7.715653, 43.08625]]]}, "properties": {"osm_id": "1254726400", "osm_type": "way", "label_class": "0", "site_class": "mound", "name": "Mámoa da Pena da Cabra", "confidence": "high", "evidence": "archaeological_site=tumulus", "archaeological_site": "tumulus", "civilization": "", "fortification_type": "", "wikidata": "", "centroid_lon": "-7.71570418", "centroid_lat": "43.08633025", "area_m2": "382.5", "perimeter_m": "70.5", "equivalent_radius_m": "11.0", "circularity": "0.9666", "vertices": "14", "matched_catalogue_id": "wl-neg-neg-es-pba-30972", "matched_catalogue_name": "Mámoa da Pena da Cabra", "matched_distance_m": "1"}}, {"type": "Feature", "geometry": {"type": "Polygon", "coordinates": [[[-7.739461, 43.1069495], [-7.7393949, 43.1069867], [-7.7393668, 43.107044], [-7.7393856, 43.1071034], [-7.7394454, 43.1071458], [-7.7395272, 43.107158], [-7.739605, 43.1071359], [-7.739654, 43.1070867], [-7.7396589, 43.1070259], [-7.7396179, 43.1069728], [-7.7395441, 43.1069443], [-7.739461, 43.1069495]]]}, "properties": {"osm_id": "1259762877", "osm_type": "way", "label_class": "0", "site_class": "mound", "name": "Mámoa do Chao de Mazós 3", "confidence": "high", "evidence": "archaeological_site=tumulus", "archaeological_site": "tumulus", "civilization": "", "fortification_type": "", "wikidata": "", "centroid_lon": "-7.73951015", "centroid_lat": "43.10704188", "area_m2": "430.6", "perimeter_m": "74.6", "equivalent_radius_m": "11.7", "circularity": "0.9727", "vertices": "12", "matched_catalogue_id": "wl-neg-neg-es-pba-28564", "matched_catalogue_name": "Mámoa de Chao de Mazós 3", "matched_distance_m": "4"}}, {"type": "Feature", "geometry": {"type": "Polygon", "coordinates": [[[-7.7388278, 43.1086213], [-7.7387868, 43.108666], [-7.7387896, 43.1087198], [-7.7388352, 43.1087621], [-7.7389061, 43.1087767], [-7.7389752, 43.1087582], [-7.7390162, 43.1087135], [-7.7390134, 43.1086597], [-7.7389679, 43.1086175], [-7.738897, 43.1086028], [-7.7388278, 43.1086213]]]}, "properties": {"osm_id": "1259762878", "osm_type": "way", "label_class": "0", "site_class": "mound", "name": "Mámoa do Chao de Mazós 1", "confidence": "high", "evidence": "archaeological_site=tumulus", "archaeological_site": "tumulus", "civilization": "", "fortification_type": "", "wikidata": "", "centroid_lon": "-7.73889482", "centroid_lat": "43.10868354", "area_m2": "275.9", "perimeter_m": "59.9", "equivalent_radius_m": "9.4", "circularity": "0.9669", "vertices": "11", "matched_catalogue_id": "wl-neg-neg-es-pba-28538", "matched_catalogue_name": "Mámoa de Chao de Mazós 1", "matched_distance_m": "2"}}, {"type": "Feature", "geometry": {"type": "Polygon", "coordinates": [[[-7.7556966, 43.0900492], [-7.7556186, 43.0900349], [-7.755544, 43.0900568], [-7.7555013, 43.0901065], [-7.7555068, 43.0901651], [-7.7555583, 43.0902102], [-7.7556363, 43.0902245], [-7.755711, 43.0902026], [-7.7557537, 43.0901528], [-7.7557482, 43.0900942], [-7.7556966, 43.0900492]]]}, "properties": {"osm_id": "1259763577", "osm_type": "way", "label_class": "0", "site_class": "mound", "name": "Mámoa do Castelo 3", "confidence": "high", "evidence": "archaeological_site=tumulus", "archaeological_site": "tumulus", "civilization": "", "fortification_type": "", "wikidata": "", "centroid_lon": "-7.75563376", "centroid_lat": "43.09012236", "area_m2": "328.9", "perimeter_m": "65.4", "equivalent_radius_m": "10.2", "circularity": "0.9669", "vertices": "11", "matched_catalogue_id": "wl-neg-neg-es-pba-30412", "matched_catalogue_name": "Mámoa do Castelo 3", "matched_distance_m": "2"}}, {"type": "Feature", "geometry": {"type": "Polygon", "coordinates": [[[-7.636585, 43.1274409], [-7.6365379, 43.127461], [-7.6365161, 43.1274975], [-7.6365278, 43.1275364], [-7.6365686, 43.1275628], [-7.6366229, 43.1275667], [-7.6366699, 43.1275466], [-7.6366918, 43.1275101], [-7.6366801, 43.1274712], [-7.6366393, 43.1274447], [-7.636585, 43.1274409]]]}, "properties": {"osm_id": "1260679995", "osm_type": "way", "label_class": "0", "site_class": "mound", "name": "Mámoa da Monte da Gándara", "confidence": "high", "evidence": "archaeological_site=tumulus", "archaeological_site": "tumulus", "civilization": "", "fortification_type": "", "wikidata": "", "centroid_lon": "-7.63660222", "centroid_lat": "43.12749807", "area_m2": "151.2", "perimeter_m": "44.3", "equivalent_radius_m": "6.9", "circularity": "0.9669", "vertices": "11", "matched_catalogue_id": "wl-neg-neg-es-pba-28639", "matched_catalogue_name": "Mámoa do Monte da Gándara", "matched_distance_m": "1"}}, {"type": "Feature", "geometry": {"type": "Polygon", "coordinates": [[[-7.8028841, 43.1454465], [-7.8028454, 43.145482], [-7.8028337, 43.1455266], [-7.8028517, 43.14557], [-7.8028954, 43.1456023], [-7.8029546, 43.1456162], [-7.8030159, 43.1456083], [-7.8030651, 43.1455806], [-7.8030911, 43.1455394], [-7.8030878, 43.1454941], [-7.803056, 43.145455], [-7.803003, 43.1454313], [-7.802941, 43.1454282], [-7.8028841, 43.1454465]]]}, "properties": {"osm_id": "1262634674", "osm_type": "way", "label_class": "0", "site_class": "mound", "name": "Medorra de Agra Branca", "confidence": "high", "evidence": "archaeological_site=tumulus", "archaeological_site": "tumulus", "civilization": "", "fortification_type": "", "wikidata": "", "centroid_lon": "-7.80295778", "centroid_lat": "43.14551621", "area_m2": "336.4", "perimeter_m": "65.7", "equivalent_radius_m": "10.3", "circularity": "0.9805", "vertices": "14", "matched_catalogue_id": "wl-neg-neg-es-pba-31975", "matched_catalogue_name": "Medorra de Agra Branca", "matched_distance_m": "1"}}, {"type": "Feature", "geometry": {"type": "Polygon", "coordinates": [[[-7.5279737, 43.022], [-7.5279527, 43.0220171], [-7.5279423, 43.0220387], [-7.527944, 43.0220617], [-7.5279576, 43.0220823], [-7.5279809, 43.0220977], [-7.5280106, 43.0221053], [-7.5280419, 43.022104], [-7.5280702, 43.0220941], [-7.5280912, 43.022077], [-7.5281016, 43.0220554], [-7.5280999, 43.0220325], [-7.5280863, 43.0220118], [-7.5280629, 43.0219964], [-7.5280333, 43.0219888], [-7.528002, 43.0219901], [-7.5279737, 43.022]]]}, "properties": {"osm_id": "1262634787", "osm_type": "way", "label_class": "0", "site_class": "mound", "name": "Mámoa de San Cibrao 1", "confidence": "high", "evidence": "archaeological_site=tumulus", "archaeological_site": "tumulus", "civilization": "", "fortification_type": "", "wikidata": "", "centroid_lon": "-7.52801911", "centroid_lat": "43.02204429", "area_m2": "131.3", "perimeter_m": "40.9", "equivalent_radius_m": "6.5", "circularity": "0.9871", "vertices": "17", "matched_catalogue_id": "", "matched_catalogue_name": "", "matched_distance_m": ""}}, {"type": "Feature", "geometry": {"type": "Polygon", "coordinates": [[[-7.5275284, 43.0208979], [-7.5275068, 43.0209128], [-7.5274947, 43.0209325], [-7.5274938, 43.0209542], [-7.5275043, 43.0209744], [-7.5275246, 43.0209902], [-7.5275516, 43.0209991], [-7.5275812, 43.0209997], [-7.5276089, 43.0209921], [-7.5276304, 43.0209772], [-7.5276426, 43.0209575], [-7.5276435, 43.0209358], [-7.527633, 43.0209156], [-7.5276127, 43.0208998], [-7.5275857, 43.0208909], [-7.5275561, 43.0208903], [-7.5275284, 43.0208979]]]}, "properties": {"osm_id": "1262634788", "osm_type": "way", "label_class": "0", "site_class": "mound", "name": "Mámoa de San Cibrao 3", "confidence": "high", "evidence": "archaeological_site=tumulus", "archaeological_site": "tumulus", "civilization": "", "fortification_type": "", "wikidata": "", "centroid_lon": "-7.52756628", "centroid_lat": "43.02094223", "area_m2": "116.8", "perimeter_m": "38.6", "equivalent_radius_m": "6.1", "circularity": "0.9871", "vertices": "17", "matched_catalogue_id": "", "matched_catalogue_name": "", "matched_distance_m": ""}}, {"type": "Feature", "geometry": {"type": "Polygon", "coordinates": [[[-7.2353021, 42.5748681], [-7.2350035, 42.5749514], [-7.2348632, 42.5752579], [-7.2349085, 42.5755644], [-7.2350849, 42.5756743], [-7.2353609, 42.5756577], [-7.2357454, 42.5756443], [-7.2360123, 42.5756543], [-7.2364059, 42.5755244], [-7.2366864, 42.5754678], [-7.2368493, 42.5754345], [-7.2369081, 42.5753978], [-7.2370122, 42.5753512], [-7.236985, 42.5752612], [-7.236614, 42.5751313], [-7.2361028, 42.5749747], [-7.2356414, 42.5748714], [-7.2354695, 42.5748481], [-7.2353021, 42.5748681]]]}, "properties": {"osm_id": "1265313799", "osm_type": "way", "label_class": "1", "site_class": "castro", "name": "Pena do Castro", "confidence": "high", "evidence": "fortification_type=hill_fort", "archaeological_site": "fortification", "civilization": "castro_culture", "fortification_type": "hill_fort", "wikidata": "", "centroid_lon": "-7.23590829", "centroid_lat": "42.57528436", "area_m2": "11231.4", "perimeter_m": "438.1", "equivalent_radius_m": "59.8", "circularity": "0.7355", "vertices": "19", "matched_catalogue_id": "wl-pos-pos-es-pba-29031", "matched_catalogue_name": "Pena do Castro", "matched_distance_m": "19"}}, {"type": "Feature", "geometry": {"type": "Polygon", "coordinates": [[[-7.5930098, 43.1693038], [-7.5929325, 43.1693288], [-7.5928896, 43.1693491], [-7.5928896, 43.1693898], [-7.5929283, 43.1694086], [-7.5929798, 43.1694086], [-7.5930398, 43.1693851], [-7.5930656, 43.1693538], [-7.5930549, 43.1693335], [-7.5930398, 43.1693116], [-7.5930098, 43.1693038]]]}, "properties": {"osm_id": "1265637265", "osm_type": "way", "label_class": "0", "site_class": "mound", "name": "", "confidence": "high", "evidence": "archaeological_site=tumulus", "archaeological_site": "tumulus", "civilization": "", "fortification_type": "", "wikidata": "", "centroid_lon": "-7.59298541", "centroid_lat": "43.16935241", "area_m2": "118.1", "perimeter_m": "40.8", "equivalent_radius_m": "6.1", "circularity": "0.8899", "vertices": "11", "matched_catalogue_id": "wl-neg-neg-es-pba-28982", "matched_catalogue_name": "Mámoas. San Roque", "matched_distance_m": "3"}}, {"type": "Feature", "geometry": {"type": "Polygon", "coordinates": [[[-7.5907481, 43.19323], [-7.5907222, 43.1932418], [-7.5907035, 43.1932595], [-7.5906941, 43.1932807], [-7.5906953, 43.193303], [-7.5907068, 43.1933236], [-7.5907274, 43.1933401], [-7.5907544, 43.1933505], [-7.5907847, 43.1933536], [-7.5908146, 43.1933489], [-7.5908405, 43.193337], [-7.5908592, 43.1933194], [-7.5908686, 43.1932981], [-7.5908674, 43.1932759], [-7.5908559, 43.1932552], [-7.5908353, 43.1932387], [-7.5908083, 43.1932283], [-7.590778, 43.1932253], [-7.5907481, 43.19323]]]}, "properties": {"osm_id": "1265638188", "osm_type": "way", "label_class": "0", "site_class": "mound", "name": "Madorro de Pumares 3", "confidence": "high", "evidence": "archaeological_site=tumulus", "archaeological_site": "tumulus", "civilization": "", "fortification_type": "", "wikidata": "", "centroid_lon": "-7.59077960", "centroid_lat": "43.19328629", "area_m2": "157.2", "perimeter_m": "44.7", "equivalent_radius_m": "7.1", "circularity": "0.9898", "vertices": "19", "matched_catalogue_id": "wl-neg-neg-es-pba-28815", "matched_catalogue_name": "Madorro de Pumares 3", "matched_distance_m": "1"}}, {"type": "Feature", "geometry": {"type": "Polygon", "coordinates": [[[-7.5871924, 43.1892609], [-7.587174, 43.1892826], [-7.5871657, 43.1893074], [-7.5871684, 43.1893328], [-7.5871816, 43.1893564], [-7.5872042, 43.1893759], [-7.587234, 43.1893893], [-7.587268, 43.1893954], [-7.5873029, 43.1893935], [-7.5873353, 43.1893838], [-7.587362, 43.1893673], [-7.5873804, 43.1893456], [-7.5873887, 43.1893208], [-7.587386, 43.1892954], [-7.5873728, 43.1892718], [-7.5873502, 43.1892523], [-7.5873204, 43.1892389], [-7.5872864, 43.1892328], [-7.5872515, 43.1892347], [-7.5872191, 43.1892444], [-7.5871924, 43.1892609]]]}, "properties": {"osm_id": "1265638189", "osm_type": "way", "label_class": "0", "site_class": "mound", "name": "Madorro de Pumares 5", "confidence": "high", "evidence": "archaeological_site=tumulus", "archaeological_site": "tumulus", "civilization": "", "fortification_type": "", "wikidata": "", "centroid_lon": "-7.58727316", "centroid_lat": "43.18931157", "area_m2": "254.7", "perimeter_m": "56.8", "equivalent_radius_m": "9.0", "circularity": "0.9918", "vertices": "21", "matched_catalogue_id": "wl-neg-neg-es-pba-28817", "matched_catalogue_name": "Madorro de Pumares 5", "matched_distance_m": "1"}}, {"type": "Feature", "geometry": {"type": "Polygon", "coordinates": [[[-7.5816369, 43.2030631], [-7.581551, 43.2031319], [-7.5815382, 43.2032133], [-7.5815897, 43.2033322], [-7.5816111, 43.2034197], [-7.5818043, 43.2034072], [-7.5819158, 43.2033697], [-7.5818987, 43.2032133], [-7.5817957, 43.2031069], [-7.5816369, 43.2030631]]]}, "properties": {"osm_id": "1265639398", "osm_type": "way", "label_class": "0", "site_class": "mound", "name": "Medorra da Millarada 21", "confidence": "high", "evidence": "archaeological_site=tumulus", "archaeological_site": "tumulus", "civilization": "", "fortification_type": "", "wikidata": "", "centroid_lon": "-7.58169783", "centroid_lat": "43.20323204", "area_m2": "900.8", "perimeter_m": "114.7", "equivalent_radius_m": "16.9", "circularity": "0.8605", "vertices": "10", "matched_catalogue_id": "wl-neg-neg-es-pba-29085", "matched_catalogue_name": "Medorra da Millarada 21", "matched_distance_m": "3"}}, {"type": "Feature", "geometry": {"type": "Polygon", "coordinates": [[[-7.587877, 43.2056807], [-7.5878579, 43.2056978], [-7.5878493, 43.2057188], [-7.5878524, 43.2057407], [-7.5878668, 43.2057601], [-7.5878902, 43.2057739], [-7.5879191, 43.2057802], [-7.5879491, 43.205778], [-7.5879757, 43.2057675], [-7.5879947, 43.2057504], [-7.5880033, 43.2057293], [-7.5880002, 43.2057075], [-7.5879859, 43.2056881], [-7.5879624, 43.2056742], [-7.5879335, 43.205668], [-7.5879035, 43.2056702], [-7.587877, 43.2056807]]]}, "properties": {"osm_id": "1265639399", "osm_type": "way", "label_class": "0", "site_class": "mound", "name": "Medorra da Millarada 15", "confidence": "high", "evidence": "archaeological_site=tumulus", "archaeological_site": "tumulus", "civilization": "", "fortification_type": "", "wikidata": "", "centroid_lon": "-7.58792341", "centroid_lat": "43.20572154", "area_m2": "120.6", "perimeter_m": "39.2", "equivalent_radius_m": "6.2", "circularity": "0.9871", "vertices": "17", "matched_catalogue_id": "wl-neg-neg-es-pba-29052", "matched_catalogue_name": "Medorra da Millarada 15", "matched_distance_m": "2"}}, {"type": "Feature", "geometry": {"type": "Polygon", "coordinates": [[[-7.5837827, 43.2093898], [-7.5837505, 43.2094227], [-7.5837527, 43.2094743], [-7.5837934, 43.2095103], [-7.5838664, 43.2095165], [-7.5839458, 43.2095087], [-7.5839994, 43.2094899], [-7.5840123, 43.2094587], [-7.5840037, 43.2094055], [-7.5839415, 43.2093805], [-7.5838707, 43.2093632], [-7.5838385, 43.2093617], [-7.5837827, 43.2093898]]]}, "properties": {"osm_id": "1265639400", "osm_type": "way", "label_class": "0", "site_class": "mound", "name": "Medorra da Millarada 08", "confidence": "high", "evidence": "archaeological_site=tumulus", "archaeological_site": "tumulus", "civilization": "", "fortification_type": "", "wikidata": "", "centroid_lon": "-7.58387233", "centroid_lat": "43.20943628", "area_m2": "287.9", "perimeter_m": "62.3", "equivalent_radius_m": "9.6", "circularity": "0.9333", "vertices": "13", "matched_catalogue_id": "wl-neg-neg-es-pba-29016", "matched_catalogue_name": "Medorra da Millarada 08", "matched_distance_m": "1"}}, {"type": "Feature", "geometry": {"type": "Polygon", "coordinates": [[[-7.6441958, 43.0192986], [-7.6441737, 43.0193799], [-7.6441915, 43.019445], [-7.6442361, 43.0194828], [-7.6443252, 43.0195024], [-7.6444001, 43.0194946], [-7.6444268, 43.0194763], [-7.6444607, 43.0194424], [-7.6444945, 43.019359], [-7.6444642, 43.0192822], [-7.6444161, 43.0192509], [-7.6443306, 43.0192352], [-7.6442432, 43.0192587], [-7.6441958, 43.0192986]]]}, "properties": {"osm_id": "1267800892", "osm_type": "way", "label_class": "0", "site_class": "mound", "name": "Mámoa de Pena de Rei 1", "confidence": "high", "evidence": "archaeological_site=tumulus", "archaeological_site": "tumulus", "civilization": "", "fortification_type": "", "wikidata": "", "centroid_lon": "-7.64432531", "centroid_lat": "43.01937190", "area_m2": "595.5", "perimeter_m": "88.0", "equivalent_radius_m": "13.8", "circularity": "0.9660", "vertices": "14", "matched_catalogue_id": "wl-neg-neg-es-pba-32570", "matched_catalogue_name": "Mámoa de Pena do Rei 1", "matched_distance_m": "1"}}, {"type": "Feature", "geometry": {"type": "Polygon", "coordinates": [[[-7.897637, 43.3013983], [-7.8976169, 43.30145], [-7.8976411, 43.3015086], [-7.8977001, 43.3015222], [-7.8977618, 43.3015173], [-7.8978194, 43.301491], [-7.8978369, 43.3014432], [-7.8978087, 43.3014061], [-7.8977188, 43.3013768], [-7.897637, 43.3013983]]]}, "properties": {"osm_id": "1268782259", "osm_type": "way", "label_class": "0", "site_class": "mound", "name": "Medoña do Cordal do Bernaldo 3", "confidence": "high", "evidence": "archaeological_site=tumulus", "archaeological_site": "tumulus", "civilization": "", "fortification_type": "", "wikidata": "", "centroid_lon": "-7.89771777", "centroid_lat": "43.30145118", "area_m2": "215.5", "perimeter_m": "53.6", "equivalent_radius_m": "8.3", "circularity": "0.9428", "vertices": "10", "matched_catalogue_id": "wl-neg-neg-es-pba-31856", "matched_catalogue_name": "Medoña do Cordal de Bernaldo", "matched_distance_m": "1"}}, {"type": "Feature", "geometry": {"type": "Polygon", "coordinates": [[[-7.8981477, 43.11707], [-7.8980685, 43.1171207], [-7.8980452, 43.1171958], [-7.8980867, 43.1172665], [-7.8981773, 43.1173059], [-7.8982823, 43.1172989], [-7.8983616, 43.1172481], [-7.8983849, 43.1171731], [-7.8983433, 43.1171024], [-7.8982527, 43.117063], [-7.8981477, 43.11707]]]}, "properties": {"osm_id": "1268782293", "osm_type": "way", "label_class": "0", "site_class": "mound", "name": "Medorra de Pegureiros 2", "confidence": "high", "evidence": "archaeological_site=tumulus", "archaeological_site": "tumulus", "civilization": "", "fortification_type": "", "wikidata": "", "centroid_lon": "-7.89820890", "centroid_lat": "43.11717404", "area_m2": "564.7", "perimeter_m": "85.7", "equivalent_radius_m": "13.4", "circularity": "0.9669", "vertices": "11", "matched_catalogue_id": "wl-neg-neg-es-pba-32010", "matched_catalogue_name": "Medorra de Pegureiros 2", "matched_distance_m": "1"}}, {"type": "Feature", "geometry": {"type": "Polygon", "coordinates": [[[-7.89757, 43.1214961], [-7.8975225, 43.1215273], [-7.8975093, 43.121573], [-7.8975352, 43.1216156], [-7.8975906, 43.1216389], [-7.8976542, 43.121634], [-7.8977016, 43.1216028], [-7.8977149, 43.1215572], [-7.8976889, 43.1215146], [-7.8976336, 43.1214913], [-7.89757, 43.1214961]]]}, "properties": {"osm_id": "1268782294", "osm_type": "way", "label_class": "0", "site_class": "mound", "name": "Medorra do Cotarro 12", "confidence": "high", "evidence": "archaeological_site=tumulus", "archaeological_site": "tumulus", "civilization": "", "fortification_type": "", "wikidata": "", "centroid_lon": "-7.89760825", "centroid_lat": "43.12155881", "area_m2": "207.4", "perimeter_m": "51.9", "equivalent_radius_m": "8.1", "circularity": "0.9669", "vertices": "11", "matched_catalogue_id": "wl-neg-neg-es-pba-32051", "matched_catalogue_name": "Medorra do Cotarro 12", "matched_distance_m": "1"}}, {"type": "Feature", "geometry": {"type": "Polygon", "coordinates": [[[-7.8996081, 43.1203779], [-7.8995518, 43.1204108], [-7.8995327, 43.1204616], [-7.8995582, 43.1205109], [-7.8996185, 43.1205398], [-7.8996906, 43.1205373], [-7.8997469, 43.1205044], [-7.899766, 43.1204536], [-7.8997405, 43.1204043], [-7.8996802, 43.1203754], [-7.8996081, 43.1203779]]]}, "properties": {"osm_id": "1268782295", "osm_type": "way", "label_class": "0", "site_class": "mound", "name": "Medorra do Cotarro 09", "confidence": "high", "evidence": "archaeological_site=tumulus", "archaeological_site": "tumulus", "civilization": "", "fortification_type": "", "wikidata": "", "centroid_lon": "-7.89964560", "centroid_lat": "43.12045035", "area_m2": "264.5", "perimeter_m": "58.6", "equivalent_radius_m": "9.2", "circularity": "0.9669", "vertices": "11", "matched_catalogue_id": "wl-neg-neg-es-pba-32050", "matched_catalogue_name": "Medorra do Cotarro 09", "matched_distance_m": "5"}}, {"type": "Feature", "geometry": {"type": "Polygon", "coordinates": [[[-7.8983492, 43.1207], [-7.8983188, 43.1207337], [-7.8983213, 43.120774], [-7.8983558, 43.1208055], [-7.8984091, 43.1208162], [-7.8984609, 43.120802], [-7.8984913, 43.1207683], [-7.8984887, 43.120728], [-7.8984542, 43.1206965], [-7.8984009, 43.1206858], [-7.8983492, 43.1207]]]}, "properties": {"osm_id": "1268782296", "osm_type": "way", "label_class": "0", "site_class": "mound", "name": "Medorra do Cotarro 08", "confidence": "high", "evidence": "archaeological_site=tumulus", "archaeological_site": "tumulus", "civilization": "", "fortification_type": "", "wikidata": "", "centroid_lon": "-7.89839995", "centroid_lat": "43.12074636", "area_m2": "155.2", "perimeter_m": "44.9", "equivalent_radius_m": "7.0", "circularity": "0.9669", "vertices": "11", "matched_catalogue_id": "wl-neg-neg-es-pba-32049", "matched_catalogue_name": "Medorra do Cotarro 08", "matched_distance_m": "0"}}, {"type": "Feature", "geometry": {"type": "Polygon", "coordinates": [[[-7.9008355, 43.1196851], [-7.9007776, 43.1197108], [-7.9007427, 43.1197531], [-7.9007388, 43.1198025], [-7.9007667, 43.1198475], [-7.9008201, 43.119878], [-7.9008868, 43.1198868], [-7.9009514, 43.119872], [-7.9009992, 43.1198369], [-7.9010192, 43.1197897], [-7.9010069, 43.1197411], [-7.900965, 43.1197022], [-7.9009031, 43.119682], [-7.9008355, 43.1196851]]]}, "properties": {"osm_id": "1268782297", "osm_type": "way", "label_class": "0", "site_class": "mound", "name": "Medorra do Cotarro 07", "confidence": "high", "evidence": "archaeological_site=tumulus", "archaeological_site": "tumulus", "civilization": "", "fortification_type": "", "wikidata": "", "centroid_lon": "-7.90087489", "centroid_lat": "43.11977663", "area_m2": "399.6", "perimeter_m": "71.6", "equivalent_radius_m": "11.3", "circularity": "0.9805", "vertices": "14", "matched_catalogue_id": "wl-neg-neg-es-pba-32048", "matched_catalogue_name": "Medorra do Cotarro 07", "matched_distance_m": "5"}}, {"type": "Feature", "geometry": {"type": "Polygon", "coordinates": [[[-7.9016789, 43.1199131], [-7.9016354, 43.1199562], [-7.9016308, 43.1200096], [-7.9016664, 43.1200563], [-7.9017311, 43.1200816], [-7.9018041, 43.1200773], [-7.9018624, 43.1200449], [-7.9018875, 43.1199947], [-7.9018713, 43.1199425], [-7.9018191, 43.119905], [-7.9017473, 43.119894], [-7.9016789, 43.1199131]]]}, "properties": {"osm_id": "1268782298", "osm_type": "way", "label_class": "0", "site_class": "mound", "name": "Medorra do Cotarro 06", "confidence": "high", "evidence": "archaeological_site=tumulus", "archaeological_site": "tumulus", "civilization": "", "fortification_type": "", "wikidata": "", "centroid_lon": "-7.90175110", "centroid_lat": "43.11998236", "area_m2": "332.1", "perimeter_m": "65.5", "equivalent_radius_m": "10.3", "circularity": "0.9727", "vertices": "12", "matched_catalogue_id": "wl-neg-neg-es-pba-32018", "matched_catalogue_name": "Medorra do Cotarro 06", "matched_distance_m": "1"}}, {"type": "Feature", "geometry": {"type": "Polygon", "coordinates": [[[-7.9011745, 43.1199324], [-7.9011032, 43.1199771], [-7.9010816, 43.1200439], [-7.9011178, 43.1201072], [-7.9011981, 43.1201429], [-7.9012918, 43.1201373], [-7.9013631, 43.1200925], [-7.9013847, 43.1200257], [-7.9013485, 43.1199624], [-7.9012682, 43.1199268], [-7.9011745, 43.1199324]]]}, "properties": {"osm_id": "1268782299", "osm_type": "way", "label_class": "0", "site_class": "mound", "name": "Medorra do Cotarro 05", "confidence": "high", "evidence": "archaeological_site=tumulus", "archaeological_site": "tumulus", "civilization": "", "fortification_type": "", "wikidata": "", "centroid_lon": "-7.90122782", "centroid_lat": "43.12002551", "area_m2": "448.9", "perimeter_m": "76.4", "equivalent_radius_m": "12.0", "circularity": "0.9669", "vertices": "11", "matched_catalogue_id": "wl-neg-neg-es-pba-32017", "matched_catalogue_name": "Medorra do Cotarro 05", "matched_distance_m": "3"}}, {"type": "Feature", "geometry": {"type": "Polygon", "coordinates": [[[-7.9013377, 43.1196041], [-7.9013032, 43.1196452], [-7.901313, 43.1196929], [-7.9013625, 43.1197248], [-7.9014286, 43.119726], [-7.9014802, 43.119696], [-7.9014934, 43.1196487], [-7.9014618, 43.1196064], [-7.9014003, 43.1195887], [-7.9013377, 43.1196041]]]}, "properties": {"osm_id": "1268782300", "osm_type": "way", "label_class": "0", "site_class": "mound", "name": "Medorra do Cotarro 04", "confidence": "high", "evidence": "archaeological_site=tumulus", "archaeological_site": "tumulus", "civilization": "", "fortification_type": "", "wikidata": "", "centroid_lon": "-7.90139184", "centroid_lat": "43.11965369", "area_m2": "178.1", "perimeter_m": "48.3", "equivalent_radius_m": "7.5", "circularity": "0.9590", "vertices": "10", "matched_catalogue_id": "wl-neg-neg-es-pba-32016", "matched_catalogue_name": "Medorra do Cotarro 04", "matched_distance_m": "1"}}, {"type": "Feature", "geometry": {"type": "Polygon", "coordinates": [[[-7.9000139, 43.1197311], [-7.8999742, 43.1197689], [-7.8999688, 43.1198163], [-7.8999994, 43.1198583], [-7.9000562, 43.1198816], [-7.9001213, 43.1198787], [-7.9001739, 43.1198507], [-7.9001974, 43.1198063], [-7.9001843, 43.1197597], [-7.9001387, 43.1197257], [-7.9000752, 43.119715], [-7.9000139, 43.1197311]]]}, "properties": {"osm_id": "1268782301", "osm_type": "way", "label_class": "0", "site_class": "mound", "name": "Medorra do Cotarro 03", "confidence": "high", "evidence": "archaeological_site=tumulus", "archaeological_site": "tumulus", "civilization": "", "fortification_type": "", "wikidata": "", "centroid_lon": "-7.90007643", "centroid_lat": "43.11979362", "area_m2": "262.7", "perimeter_m": "58.3", "equivalent_radius_m": "9.1", "circularity": "0.9727", "vertices": "12", "matched_catalogue_id": "wl-neg-neg-es-pba-32015", "matched_catalogue_name": "Medorra do Cotarro 03", "matched_distance_m": "2"}}, {"type": "Feature", "geometry": {"type": "Polygon", "coordinates": [[[-7.9003704, 43.1198863], [-7.9003263, 43.119919], [-7.9003213, 43.1199647], [-7.9003577, 43.1200021], [-7.9004185, 43.1200137], [-7.9004752, 43.119994], [-7.9005014, 43.1199523], [-7.9004847, 43.1199081], [-7.900433, 43.119882], [-7.9003704, 43.1198863]]]}, "properties": {"osm_id": "1268782302", "osm_type": "way", "label_class": "0", "site_class": "mound", "name": "Medorra do Cotarro 02", "confidence": "high", "evidence": "archaeological_site=tumulus", "archaeological_site": "tumulus", "civilization": "", "fortification_type": "", "wikidata": "", "centroid_lon": "-7.90040589", "centroid_lat": "43.11994085", "area_m2": "161.2", "perimeter_m": "46.0", "equivalent_radius_m": "7.2", "circularity": "0.9590", "vertices": "10", "matched_catalogue_id": "wl-neg-neg-es-pba-32014", "matched_catalogue_name": "Medorra do Cotarro 02", "matched_distance_m": "2"}}, {"type": "Feature", "geometry": {"type": "Polygon", "coordinates": [[[-7.8991726, 43.1181147], [-7.8991432, 43.1181263], [-7.8991222, 43.1181453], [-7.8991128, 43.1181687], [-7.8991163, 43.118193], [-7.8991323, 43.1182144], [-7.8991583, 43.1182298], [-7.8991903, 43.1182367], [-7.8992236, 43.1182341], [-7.8992529, 43.1182224], [-7.899274, 43.1182035], [-7.8992834, 43.11818], [-7.8992799, 43.1181558], [-7.8992639, 43.1181343], [-7.8992379, 43.118119], [-7.8992059, 43.1181121], [-7.8991726, 43.1181147]]]}, "properties": {"osm_id": "1268782303", "osm_type": "way", "label_class": "0", "site_class": "mound", "name": "Medorra de Pegureiros 1", "confidence": "high", "evidence": "archaeological_site=tumulus", "archaeological_site": "tumulus", "civilization": "", "fortification_type": "", "wikidata": "", "centroid_lon": "-7.89919659", "centroid_lat": "43.11817087", "area_m2": "148.4", "perimeter_m": "43.5", "equivalent_radius_m": "6.9", "circularity": "0.9871", "vertices": "17", "matched_catalogue_id": "wl-neg-neg-es-pba-32009", "matched_catalogue_name": "Medorra de Pegureiros 1", "matched_distance_m": "1"}}, {"type": "Feature", "geometry": {"type": "Polygon", "coordinates": [[[-7.876797, 43.2693684], [-7.8767647, 43.269402], [-7.8767657, 43.2694429], [-7.8767996, 43.2694756], [-7.8768533, 43.2694875], [-7.8769065, 43.2694742], [-7.8769387, 43.2694407], [-7.8769377, 43.2693997], [-7.8769039, 43.269367], [-7.8768501, 43.2693551], [-7.876797, 43.2693684]]]}, "properties": {"osm_id": "1268790730", "osm_type": "way", "label_class": "0", "site_class": "mound", "name": "Medoña do Outeiro 1", "confidence": "high", "evidence": "archaeological_site=tumulus", "archaeological_site": "tumulus", "civilization": "", "fortification_type": "", "wikidata": "", "centroid_lon": "-7.87684675", "centroid_lat": "43.26941650", "area_m2": "159.8", "perimeter_m": "45.6", "equivalent_radius_m": "7.1", "circularity": "0.9669", "vertices": "11", "matched_catalogue_id": "wl-neg-neg-es-pba-31895", "matched_catalogue_name": "Medoña do Outeiro 1", "matched_distance_m": "1"}}, {"type": "Feature", "geometry": {"type": "Polygon", "coordinates": [[[-7.8764127, 43.2700028], [-7.8763557, 43.2700473], [-7.8763454, 43.2701076], [-7.8763859, 43.2701609], [-7.8764616, 43.2701866], [-7.8765436, 43.2701751], [-7.8766006, 43.2701306], [-7.8766109, 43.2700702], [-7.8765704, 43.270017], [-7.8764947, 43.2699912], [-7.8764127, 43.2700028]]]}, "properties": {"osm_id": "1268790731", "osm_type": "way", "label_class": "0", "site_class": "mound", "name": "Medoña do Outeiro 3", "confidence": "high", "evidence": "archaeological_site=tumulus", "archaeological_site": "tumulus", "civilization": "", "fortification_type": "", "wikidata": "", "centroid_lon": "-7.87647220", "centroid_lat": "43.27008110", "area_m2": "352.9", "perimeter_m": "67.7", "equivalent_radius_m": "10.6", "circularity": "0.9669", "vertices": "11", "matched_catalogue_id": "wl-neg-neg-es-pba-31929", "matched_catalogue_name": "Medoña do Pilreo 3", "matched_distance_m": "0"}}, {"type": "Feature", "geometry": {"type": "Polygon", "coordinates": [[[-7.8704135, 43.2715022], [-7.8703651, 43.2715299], [-7.8703449, 43.2715723], [-7.8703595, 43.2716159], [-7.8704041, 43.2716469], [-7.8704646, 43.2716554], [-7.8705218, 43.2716387], [-7.8705576, 43.2716021], [-7.8705605, 43.2715573], [-7.8705296, 43.2715184], [-7.8704748, 43.2714979], [-7.8704135, 43.2715022]]]}, "properties": {"osm_id": "1268790732", "osm_type": "way", "label_class": "0", "site_class": "mound", "name": "Medoña da Roza da Modia Grande I - 1", "confidence": "high", "evidence": "archaeological_site=tumulus", "archaeological_site": "tumulus", "civilization": "", "fortification_type": "", "wikidata": "", "centroid_lon": "-7.87045079", "centroid_lat": "43.27156993", "area_m2": "233.7", "perimeter_m": "55.0", "equivalent_radius_m": "8.6", "circularity": "0.9727", "vertices": "12", "matched_catalogue_id": "wl-neg-neg-es-pba-32353", "matched_catalogue_name": "Medoña da Roza da Modia Grande I-1", "matched_distance_m": "1"}}, {"type": "Feature", "geometry": {"type": "Polygon", "coordinates": [[[-7.8674064, 43.2726796], [-7.8673347, 43.2727197], [-7.8673041, 43.2727817], [-7.8673244, 43.2728458], [-7.8673892, 43.2728918], [-7.8674778, 43.272905], [-7.8675621, 43.2728812], [-7.8676154, 43.272828], [-7.8676208, 43.2727623], [-7.8675764, 43.2727049], [-7.8674965, 43.2726741], [-7.8674064, 43.2726796]]]}, "properties": {"osm_id": "1268790733", "osm_type": "way", "label_class": "0", "site_class": "mound", "name": "Medoña da Roza da Modia Grande II - 2", "confidence": "high", "evidence": "archaeological_site=tumulus", "archaeological_site": "tumulus", "civilization": "", "fortification_type": "", "wikidata": "", "centroid_lon": "-7.86745952", "centroid_lat": "43.27277948", "area_m2": "503.1", "perimeter_m": "80.6", "equivalent_radius_m": "12.7", "circularity": "0.9727", "vertices": "12", "matched_catalogue_id": "wl-neg-neg-es-pba-32355", "matched_catalogue_name": "Medoña da Roza da Modia Grande II-2", "matched_distance_m": "2"}}, {"type": "Feature", "geometry": {"type": "Polygon", "coordinates": [[[-7.8693368, 43.274588], [-7.8692897, 43.2746429], [-7.8692958, 43.2747074], [-7.8693529, 43.2747571], [-7.8694391, 43.2747728], [-7.8695216, 43.2747486], [-7.8695687, 43.2746937], [-7.8695626, 43.2746291], [-7.8695055, 43.2745795], [-7.8694193, 43.2745638], [-7.8693368, 43.274588]]]}, "properties": {"osm_id": "1268790734", "osm_type": "way", "label_class": "0", "site_class": "mound", "name": "Medoña do Cruceiro de Riotorto", "confidence": "high", "evidence": "archaeological_site=tumulus", "archaeological_site": "tumulus", "civilization": "", "fortification_type": "", "wikidata": "", "centroid_lon": "-7.86942080", "centroid_lat": "43.27466099", "area_m2": "399.5", "perimeter_m": "72.1", "equivalent_radius_m": "11.3", "circularity": "0.9669", "vertices": "11", "matched_catalogue_id": "wl-neg-neg-es-pba-31886", "matched_catalogue_name": "Medoña do Cruceiro de Riotorto", "matched_distance_m": "3"}}, {"type": "Feature", "geometry": {"type": "Polygon", "coordinates": [[[-7.7995795, 43.2620558], [-7.7995453, 43.2620776], [-7.7995208, 43.2621056], [-7.7995082, 43.2621375], [-7.7995085, 43.2621706], [-7.7995215, 43.2622024], [-7.7995463, 43.2622302], [-7.7995809, 43.2622518], [-7.7996224, 43.2622654], [-7.7996675, 43.2622699], [-7.7997125, 43.2622651], [-7.7997538, 43.2622511], [-7.7997881, 43.2622293], [-7.7998125, 43.2622013], [-7.7998251, 43.2621694], [-7.7998249, 43.2621363], [-7.7998118, 43.2621045], [-7.799787, 43.2620767], [-7.7997525, 43.2620551], [-7.7997109, 43.2620415], [-7.7996658, 43.262037], [-7.7996208, 43.2620419], [-7.7995795, 43.2620558]]]}, "properties": {"osm_id": "1268813976", "osm_type": "way", "label_class": "0", "site_class": "mound", "name": "Mámoa de Vilasilvestre 2", "confidence": "high", "evidence": "archaeological_site=tumulus", "archaeological_site": "tumulus", "civilization": "", "fortification_type": "", "wikidata": "", "centroid_lon": "-7.79966287", "centroid_lat": "43.26214921", "area_m2": "521.1", "perimeter_m": "81.2", "equivalent_radius_m": "12.9", "circularity": "0.9932", "vertices": "23", "matched_catalogue_id": "wl-neg-neg-es-pba-43100", "matched_catalogue_name": "Mámoa de Villasilvestre 2", "matched_distance_m": "1"}}, {"type": "Feature", "geometry": {"type": "Polygon", "coordinates": [[[-7.7989358, 43.2569185], [-7.7989019, 43.2569364], [-7.7988763, 43.2569605], [-7.7988611, 43.2569889], [-7.7988574, 43.2570192], [-7.7988657, 43.2570491], [-7.7988851, 43.257076], [-7.7989143, 43.2570979], [-7.7989506, 43.2571129], [-7.7989914, 43.2571199], [-7.7990331, 43.2571182], [-7.7990726, 43.257108], [-7.7991064, 43.2570901], [-7.799132, 43.257066], [-7.7991473, 43.2570377], [-7.7991509, 43.2570073], [-7.7991427, 43.2569774], [-7.7991232, 43.2569505], [-7.7990941, 43.2569286], [-7.7990577, 43.2569136], [-7.799017, 43.2569066], [-7.7989752, 43.2569083], [-7.7989358, 43.2569185]]]}, "properties": {"osm_id": "1268813977", "osm_type": "way", "label_class": "0", "site_class": "mound", "name": "Mámoa de Vilasilvestre 1", "confidence": "high", "evidence": "archaeological_site=tumulus", "archaeological_site": "tumulus", "civilization": "", "fortification_type": "", "wikidata": "", "centroid_lon": "-7.79900120", "centroid_lat": "43.25700913", "area_m2": "440.0", "perimeter_m": "74.6", "equivalent_radius_m": "11.8", "circularity": "0.9932", "vertices": "23", "matched_catalogue_id": "wl-neg-neg-es-pba-43095", "matched_catalogue_name": "Mámoa de Vilasilvestre 1", "matched_distance_m": "2"}}, {"type": "Feature", "geometry": {"type": "Polygon", "coordinates": [[[-7.8102802, 43.2696388], [-7.8102319, 43.2696926], [-7.8102265, 43.2697472], [-7.8102534, 43.2697931], [-7.8103177, 43.2698322], [-7.8103915, 43.2698381], [-7.810476, 43.2698244], [-7.8105216, 43.2698009], [-7.8105471, 43.2697414], [-7.8105296, 43.2696994], [-7.810488, 43.2696613], [-7.8104492, 43.2696418], [-7.8103861, 43.2696213], [-7.8103217, 43.2696252], [-7.8102802, 43.2696388]]]}, "properties": {"osm_id": "1268814641", "osm_type": "way", "label_class": "0", "site_class": "mound", "name": "Mámoa do Tarambolo", "confidence": "high", "evidence": "archaeological_site=tumulus", "archaeological_site": "tumulus", "civilization": "", "fortification_type": "", "wikidata": "", "centroid_lon": "-7.81038005", "centroid_lat": "43.26971977", "area_m2": "479.3", "perimeter_m": "78.7", "equivalent_radius_m": "12.4", "circularity": "0.9712", "vertices": "15", "matched_catalogue_id": "wl-neg-neg-es-pba-32274", "matched_catalogue_name": "Mámoa do Tarambolo", "matched_distance_m": "0"}}, {"type": "Feature", "geometry": {"type": "Polygon", "coordinates": [[[-7.813601, 43.2166693], [-7.8135431, 43.2167137], [-7.8135234, 43.2167731], [-7.8135471, 43.2168318], [-7.8136079, 43.216874], [-7.8136895, 43.2168884], [-7.8137701, 43.2168711], [-7.813828, 43.2168268], [-7.8138477, 43.2167674], [-7.813824, 43.2167087], [-7.8137632, 43.2166665], [-7.8136816, 43.2166521], [-7.813601, 43.2166693]]]}, "properties": {"osm_id": "1268815930", "osm_type": "way", "label_class": "0", "site_class": "mound", "name": "Medorra de Tras os Curros 2", "confidence": "high", "evidence": "archaeological_site=tumulus", "archaeological_site": "tumulus", "civilization": "", "fortification_type": "", "wikidata": "", "centroid_lon": "-7.81367905", "centroid_lat": "43.21676248", "area_m2": "519.4", "perimeter_m": "81.7", "equivalent_radius_m": "12.9", "circularity": "0.9770", "vertices": "13", "matched_catalogue_id": "wl-neg-neg-es-pba-31847", "matched_catalogue_name": "Medoña de Tras os Curros 2", "matched_distance_m": "1"}}, {"type": "Feature", "geometry": {"type": "Polygon", "coordinates": [[[-7.8227806, 43.2207363], [-7.8227576, 43.2207594], [-7.8227455, 43.2207865], [-7.8227455, 43.220815], [-7.8227576, 43.2208422], [-7.8227806, 43.2208653], [-7.8228123, 43.2208821], [-7.8228495, 43.2208909], [-7.8228887, 43.2208909], [-7.822926, 43.2208821], [-7.8229576, 43.2208653], [-7.8229807, 43.2208422], [-7.8229928, 43.220815], [-7.8229928, 43.2207865], [-7.8229807, 43.2207594], [-7.8229576, 43.2207363], [-7.822926, 43.2207195], [-7.8228887, 43.2207107], [-7.8228495, 43.2207107], [-7.8228123, 43.2207195], [-7.8227806, 43.2207363]]]}, "properties": {"osm_id": "1268816796", "osm_type": "way", "label_class": "0", "site_class": "mound", "name": "A Modorra", "confidence": "high", "evidence": "archaeological_site=tumulus", "archaeological_site": "tumulus", "civilization": "", "fortification_type": "", "wikidata": "", "centroid_lon": "-7.82286491", "centroid_lat": "43.22079772", "area_m2": "318.7", "perimeter_m": "63.5", "equivalent_radius_m": "10.1", "circularity": "0.9918", "vertices": "21", "matched_catalogue_id": "", "matched_catalogue_name": "", "matched_distance_m": ""}}, {"type": "Feature", "geometry": {"type": "Polygon", "coordinates": [[[-7.8045309, 43.2199857], [-7.8045029, 43.2200016], [-7.804483, 43.2200231], [-7.8044732, 43.2200479], [-7.8044745, 43.2200738], [-7.8044866, 43.2200981], [-7.8045085, 43.2201185], [-7.8045379, 43.220133], [-7.804572, 43.2201401], [-7.8046075, 43.2201392], [-7.8046408, 43.2201304], [-7.8046688, 43.2201144], [-7.8046887, 43.220093], [-7.8046985, 43.2200681], [-7.8046972, 43.2200423], [-7.8046851, 43.220018], [-7.8046632, 43.2199976], [-7.8046338, 43.2199831], [-7.8045997, 43.219976], [-7.8045642, 43.2199769], [-7.8045309, 43.2199857]]]}, "properties": {"osm_id": "1268823319", "osm_type": "way", "label_class": "0", "site_class": "mound", "name": "Medoña do Vieiro 2", "confidence": "high", "evidence": "archaeological_site=tumulus", "archaeological_site": "tumulus", "civilization": "", "fortification_type": "", "wikidata": "", "centroid_lon": "-7.80458323", "centroid_lat": "43.22005460", "area_m2": "261.8", "perimeter_m": "57.6", "equivalent_radius_m": "9.1", "circularity": "0.9918", "vertices": "21", "matched_catalogue_id": "wl-neg-neg-es-pba-31936", "matched_catalogue_name": "Medoña do Vieiro 2", "matched_distance_m": "4"}}, {"type": "Feature", "geometry": {"type": "Polygon", "coordinates": [[[-7.8049466, 43.2203043], [-7.804928, 43.2203222], [-7.8049202, 43.2203439], [-7.8049244, 43.2203661], [-7.8049399, 43.2203854], [-7.8049644, 43.220399], [-7.8049942, 43.2204047], [-7.8050246, 43.2204016], [-7.8050512, 43.2203903], [-7.8050698, 43.2203725], [-7.8050776, 43.2203508], [-7.8050734, 43.2203286], [-7.8050579, 43.2203092], [-7.8050334, 43.2202956], [-7.8050036, 43.22029], [-7.8049732, 43.220293], [-7.8049466, 43.2203043]]]}, "properties": {"osm_id": "1268823320", "osm_type": "way", "label_class": "0", "site_class": "mound", "name": "Medoña do Vieiro 1", "confidence": "high", "evidence": "archaeological_site=tumulus", "archaeological_site": "tumulus", "civilization": "", "fortification_type": "", "wikidata": "", "centroid_lon": "-7.80499582", "centroid_lat": "43.22034479", "area_m2": "125.2", "perimeter_m": "39.9", "equivalent_radius_m": "6.3", "circularity": "0.9871", "vertices": "17", "matched_catalogue_id": "wl-neg-neg-es-pba-31935", "matched_catalogue_name": "Medoña do Vieiro 1", "matched_distance_m": "2"}}, {"type": "Feature", "geometry": {"type": "Polygon", "coordinates": [[[-7.7848542, 43.2210021], [-7.7848192, 43.2210092], [-7.7847889, 43.2210239], [-7.7847664, 43.2210446], [-7.7847538, 43.2210695], [-7.7847523, 43.2210959], [-7.784762, 43.2211214], [-7.7847822, 43.2211435], [-7.7848106, 43.2211599], [-7.7848447, 43.2211691], [-7.784881, 43.2211702], [-7.784916, 43.2211631], [-7.7849462, 43.2211484], [-7.7849688, 43.2211276], [-7.7849814, 43.2211028], [-7.7849829, 43.2210764], [-7.7849731, 43.2210509], [-7.784953, 43.2210288], [-7.7849245, 43.2210124], [-7.7848905, 43.2210032], [-7.7848542, 43.2210021]]]}, "properties": {"osm_id": "1268825371", "osm_type": "way", "label_class": "0", "site_class": "mound", "name": "Mámoa das Modias 4", "confidence": "high", "evidence": "archaeological_site=tumulus", "archaeological_site": "tumulus", "civilization": "", "fortification_type": "", "wikidata": "", "centroid_lon": "-7.78486695", "centroid_lat": "43.22108214", "area_m2": "274.2", "perimeter_m": "58.9", "equivalent_radius_m": "9.3", "circularity": "0.9918", "vertices": "21", "matched_catalogue_id": "wl-neg-neg-es-pba-30239", "matched_catalogue_name": "Mámoa das Modias 4", "matched_distance_m": "2"}}, {"type": "Feature", "geometry": {"type": "Polygon", "coordinates": [[[-7.7846396, 43.2214165], [-7.7846119, 43.2214402], [-7.7845945, 43.2214686], [-7.7845887, 43.2214995], [-7.7845951, 43.2215302], [-7.7846132, 43.2215585], [-7.7846415, 43.2215818], [-7.7846776, 43.2215984], [-7.7847187, 43.221607], [-7.7847614, 43.2216067], [-7.7848023, 43.2215977], [-7.7848381, 43.2215806], [-7.7848658, 43.2215569], [-7.7848832, 43.2215285], [-7.784889, 43.2214977], [-7.7848825, 43.2214669], [-7.7848645, 43.2214387], [-7.7848362, 43.2214153], [-7.7848001, 43.2213987], [-7.784759, 43.2213901], [-7.7847163, 43.2213904], [-7.7846754, 43.2213994], [-7.7846396, 43.2214165]]]}, "properties": {"osm_id": "1268825372", "osm_type": "way", "label_class": "0", "site_class": "mound", "name": "Mámoa das Modias 3", "confidence": "high", "evidence": "archaeological_site=tumulus", "archaeological_site": "tumulus", "civilization": "", "fortification_type": "", "wikidata": "", "centroid_lon": "-7.78473453", "centroid_lat": "43.22149499", "area_m2": "459.6", "perimeter_m": "76.3", "equivalent_radius_m": "12.1", "circularity": "0.9932", "vertices": "23", "matched_catalogue_id": "wl-neg-neg-es-pba-30238", "matched_catalogue_name": "Mámoa das Modias 3", "matched_distance_m": "1"}}, {"type": "Feature", "geometry": {"type": "Polygon", "coordinates": [[[-7.7838028, 43.2218895], [-7.7837709, 43.2219031], [-7.7837463, 43.2219232], [-7.7837315, 43.2219478], [-7.7837278, 43.2219746], [-7.7837357, 43.2220009], [-7.7837543, 43.2220241], [-7.7837819, 43.222042], [-7.7838157, 43.2220528], [-7.7838525, 43.2220555], [-7.7838886, 43.2220497], [-7.7839205, 43.2220362], [-7.783945, 43.2220161], [-7.7839599, 43.2219914], [-7.7839635, 43.2219646], [-7.7839556, 43.2219383], [-7.783937, 43.2219151], [-7.7839094, 43.2218972], [-7.7838756, 43.2218864], [-7.7838388, 43.2218837], [-7.7838028, 43.2218895]]]}, "properties": {"osm_id": "1268825373", "osm_type": "way", "label_class": "0", "site_class": "mound", "name": "Mámoa das Modias 2", "confidence": "high", "evidence": "archaeological_site=tumulus", "archaeological_site": "tumulus", "civilization": "", "fortification_type": "", "wikidata": "", "centroid_lon": "-7.78384362", "centroid_lat": "43.22196580", "area_m2": "283.4", "perimeter_m": "59.9", "equivalent_radius_m": "9.5", "circularity": "0.9918", "vertices": "21", "matched_catalogue_id": "wl-neg-neg-es-pba-30237", "matched_catalogue_name": "Mámoa das Modias 2", "matched_distance_m": "2"}}, {"type": "Feature", "geometry": {"type": "Polygon", "coordinates": [[[-7.7836311, 43.2213578], [-7.7835886, 43.221369], [-7.7835521, 43.2213885], [-7.7835246, 43.2214147], [-7.7835084, 43.2214454], [-7.7835047, 43.2214783], [-7.7835139, 43.2215105], [-7.7835351, 43.2215396], [-7.7835668, 43.2215632], [-7.7836062, 43.2215792], [-7.7836503, 43.2215866], [-7.7836955, 43.2215846], [-7.783738, 43.2215734], [-7.7837745, 43.2215539], [-7.7838019, 43.2215277], [-7.7838182, 43.221497], [-7.7838218, 43.2214641], [-7.7838127, 43.2214318], [-7.7837914, 43.2214028], [-7.7837598, 43.2213792], [-7.7837203, 43.2213631], [-7.7836762, 43.2213558], [-7.7836311, 43.2213578]]]}, "properties": {"osm_id": "1268825374", "osm_type": "way", "label_class": "0", "site_class": "mound", "name": "Mámoa das Modias 1", "confidence": "high", "evidence": "archaeological_site=tumulus", "archaeological_site": "tumulus", "civilization": "", "fortification_type": "", "wikidata": "", "centroid_lon": "-7.78366188", "centroid_lat": "43.22146626", "area_m2": "514.8", "perimeter_m": "80.7", "equivalent_radius_m": "12.8", "circularity": "0.9932", "vertices": "23", "matched_catalogue_id": "wl-neg-neg-es-pba-30236", "matched_catalogue_name": "Mámoa das Modias 1", "matched_distance_m": "0"}}, {"type": "Feature", "geometry": {"type": "Polygon", "coordinates": [[[-7.8670102, 43.2064388], [-7.8669781, 43.2064592], [-7.8669563, 43.2064859], [-7.8669468, 43.2065161], [-7.8669506, 43.2065471], [-7.8669673, 43.2065756], [-7.8669953, 43.206599], [-7.8670319, 43.206615], [-7.8670735, 43.2066219], [-7.8671159, 43.2066191], [-7.8671551, 43.2066069], [-7.8671872, 43.2065865], [-7.867209, 43.2065598], [-7.8672185, 43.2065296], [-7.8672147, 43.2064986], [-7.867198, 43.2064701], [-7.86717, 43.2064467], [-7.8671334, 43.2064307], [-7.8670919, 43.2064238], [-7.8670494, 43.2064266], [-7.8670102, 43.2064388]]]}, "properties": {"osm_id": "1268826995", "osm_type": "way", "label_class": "0", "site_class": "mound", "name": "Medoña de Carabuxa 1 do Bico da Croa", "confidence": "high", "evidence": "archaeological_site=tumulus", "archaeological_site": "tumulus", "civilization": "", "fortification_type": "", "wikidata": "", "centroid_lon": "-7.86707920", "centroid_lat": "43.20651885", "area_m2": "377.3", "perimeter_m": "69.1", "equivalent_radius_m": "11.0", "circularity": "0.9918", "vertices": "21", "matched_catalogue_id": "wl-pos-pos-es-pba-31851", "matched_catalogue_name": "Medoña do Bico da Croa", "matched_distance_m": "2"}}, {"type": "Feature", "geometry": {"type": "Polygon", "coordinates": [[[-7.8658757, 43.2022588], [-7.8658401, 43.2022731], [-7.8658124, 43.2022947], [-7.8657952, 43.2023215], [-7.8657902, 43.2023509], [-7.8657979, 43.20238], [-7.8658175, 43.2024059], [-7.8658472, 43.2024261], [-7.865884, 43.2024387], [-7.8659243, 43.2024423], [-7.8659642, 43.2024367], [-7.8659997, 43.2024224], [-7.8660275, 43.2024007], [-7.8660447, 43.2023739], [-7.8660497, 43.2023445], [-7.866042, 43.2023155], [-7.8660223, 43.2022896], [-7.8659926, 43.2022693], [-7.8659558, 43.2022568], [-7.8659155, 43.2022532], [-7.8658757, 43.2022588]]]}, "properties": {"osm_id": "1268827473", "osm_type": "way", "label_class": "0", "site_class": "mound", "name": "Medoña do Pastizal da Croa", "confidence": "high", "evidence": "archaeological_site=tumulus", "archaeological_site": "tumulus", "civilization": "", "fortification_type": "", "wikidata": "", "centroid_lon": "-7.86591782", "centroid_lat": "43.20234350", "area_m2": "342.9", "perimeter_m": "65.9", "equivalent_radius_m": "10.4", "circularity": "0.9918", "vertices": "21", "matched_catalogue_id": "wl-pos-pos-es-pba-31926", "matched_catalogue_name": "Medoña do Pastizal da Croa", "matched_distance_m": "5"}}, {"type": "Feature", "geometry": {"type": "Polygon", "coordinates": [[[-7.8706098, 43.1984695], [-7.8705802, 43.19849], [-7.8705608, 43.1985161], [-7.8705534, 43.1985453], [-7.8705587, 43.1985747], [-7.8705762, 43.1986015], [-7.8706043, 43.198623], [-7.8706401, 43.1986372], [-7.8706801, 43.1986426], [-7.8707205, 43.1986387], [-7.8707573, 43.1986259], [-7.8707868, 43.1986055], [-7.8708063, 43.1985794], [-7.8708137, 43.1985502], [-7.8708084, 43.1985208], [-7.8707908, 43.198494], [-7.8707628, 43.1984724], [-7.870727, 43.1984583], [-7.8706869, 43.1984529], [-7.8706465, 43.1984567], [-7.8706098, 43.1984695]]]}, "properties": {"osm_id": "1268827803", "osm_type": "way", "label_class": "0", "site_class": "mound", "name": "Medoña de Avieira", "confidence": "high", "evidence": "archaeological_site=tumulus", "archaeological_site": "tumulus", "civilization": "", "fortification_type": "", "wikidata": "", "centroid_lon": "-7.87068002", "centroid_lat": "43.19854401", "area_m2": "344.9", "perimeter_m": "66.1", "equivalent_radius_m": "10.5", "circularity": "0.9918", "vertices": "21", "matched_catalogue_id": "wl-neg-neg-es-pba-32277", "matched_catalogue_name": "Medoña da Avieira", "matched_distance_m": "1"}}, {"type": "Feature", "geometry": {"type": "Polygon", "coordinates": [[[-7.878415, 43.2036704], [-7.8783777, 43.2036884], [-7.8783488, 43.2037133], [-7.8783307, 43.2037431], [-7.8783249, 43.2037754], [-7.8783318, 43.2038076], [-7.8783509, 43.2038371], [-7.8783806, 43.2038615], [-7.8784185, 43.2038788], [-7.8784616, 43.2038876], [-7.8785063, 43.2038872], [-7.8785491, 43.2038776], [-7.8785864, 43.2038597], [-7.8786153, 43.2038348], [-7.8786334, 43.2038049], [-7.8786392, 43.2037726], [-7.8786323, 43.2037404], [-7.8786132, 43.2037109], [-7.8785835, 43.2036865], [-7.8785456, 43.2036692], [-7.8785025, 43.2036604], [-7.8784578, 43.2036608], [-7.878415, 43.2036704]]]}, "properties": {"osm_id": "1268829986", "osm_type": "way", "label_class": "0", "site_class": "mound", "name": "Medoña de Lavamás 2", "confidence": "high", "evidence": "archaeological_site=tumulus", "archaeological_site": "tumulus", "civilization": "", "fortification_type": "", "wikidata": "", "centroid_lon": "-7.87847913", "centroid_lat": "43.20376950", "area_m2": "504.0", "perimeter_m": "79.9", "equivalent_radius_m": "12.7", "circularity": "0.9932", "vertices": "23", "matched_catalogue_id": "wl-neg-neg-es-pba-32397", "matched_catalogue_name": "Medoña de Lavamás 2", "matched_distance_m": "2"}}, {"type": "Feature", "geometry": {"type": "Polygon", "coordinates": [[[-7.8767788, 43.2041279], [-7.8767389, 43.2041405], [-7.8767055, 43.2041608], [-7.8766812, 43.2041872], [-7.8766682, 43.2042174], [-7.8766673, 43.2042491], [-7.8766788, 43.2042798], [-7.8767016, 43.2043068], [-7.8767339, 43.204328], [-7.8767732, 43.2043417], [-7.8768161, 43.2043469], [-7.8768593, 43.204343], [-7.8768992, 43.2043303], [-7.8769327, 43.20431], [-7.8769569, 43.2042837], [-7.87697, 43.2042534], [-7.8769708, 43.2042217], [-7.8769594, 43.2041911], [-7.8769366, 43.2041641], [-7.8769042, 43.2041428], [-7.876865, 43.2041291], [-7.876822, 43.204124], [-7.8767788, 43.2041279]]]}, "properties": {"osm_id": "1268829987", "osm_type": "way", "label_class": "0", "site_class": "mound", "name": "Medoña de Lavamás 1", "confidence": "high", "evidence": "archaeological_site=tumulus", "archaeological_site": "tumulus", "civilization": "", "fortification_type": "", "wikidata": "", "centroid_lon": "-7.87681732", "centroid_lat": "43.20423075", "area_m2": "477.1", "perimeter_m": "77.7", "equivalent_radius_m": "12.3", "circularity": "0.9932", "vertices": "23", "matched_catalogue_id": "wl-neg-neg-es-pba-32396", "matched_catalogue_name": "Medoña de Lavamás 1", "matched_distance_m": "2"}}, {"type": "Feature", "geometry": {"type": "Polygon", "coordinates": [[[-7.9265204, 43.1729046], [-7.9264942, 43.1729172], [-7.9264754, 43.1729357], [-7.9264665, 43.1729577], [-7.9264684, 43.1729807], [-7.926481, 43.1730017], [-7.9265027, 43.1730184], [-7.9265309, 43.1730286], [-7.9265622, 43.1730312], [-7.9265928, 43.1730258], [-7.9266191, 43.1730131], [-7.9266378, 43.1729947], [-7.9266467, 43.1729726], [-7.9266448, 43.1729497], [-7.9266322, 43.1729287], [-7.9266105, 43.172912], [-7.9265823, 43.1729018], [-7.926551, 43.1728992], [-7.9265204, 43.1729046]]]}, "properties": {"osm_id": "1268832393", "osm_type": "way", "label_class": "0", "site_class": "mound", "name": "Medoña da Picota 1", "confidence": "high", "evidence": "archaeological_site=tumulus", "archaeological_site": "tumulus", "civilization": "", "fortification_type": "", "wikidata": "", "centroid_lon": "-7.92655470", "centroid_lat": "43.17296200", "area_m2": "166.8", "perimeter_m": "46.0", "equivalent_radius_m": "7.3", "circularity": "0.9898", "vertices": "19", "matched_catalogue_id": "wl-neg-neg-es-pba-32317", "matched_catalogue_name": "Medoña da Picota 1", "matched_distance_m": "2"}}, {"type": "Feature", "geometry": {"type": "Polygon", "coordinates": [[[-7.9372814, 43.1744499], [-7.9372573, 43.1745027], [-7.9372814, 43.1745946], [-7.937319, 43.1746318], [-7.9373807, 43.1746455], [-7.9374665, 43.1746279], [-7.9375094, 43.1745574], [-7.9374531, 43.1744596], [-7.937378, 43.1744362], [-7.9372814, 43.1744499]]]}, "properties": {"osm_id": "1268835932", "osm_type": "way", "label_class": "0", "site_class": "mound", "name": "Mámoa Xur da Medoña 2", "confidence": "high", "evidence": "archaeological_site=tumulus", "archaeological_site": "tumulus", "civilization": "", "fortification_type": "", "wikidata": "", "centroid_lon": "-7.93736082", "centroid_lat": "43.17453555", "area_m2": "354.2", "perimeter_m": "69.2", "equivalent_radius_m": "10.6", "circularity": "0.9284", "vertices": "10", "matched_catalogue_id": "wl-neg-neg-es-pba-30159", "matched_catalogue_name": "Mámoa de Xur da Medoña 2", "matched_distance_m": "2"}}, {"type": "Feature", "geometry": {"type": "Polygon", "coordinates": [[[-7.9363024, 43.1723099], [-7.9362684, 43.1723219], [-7.9362421, 43.1723416], [-7.9362266, 43.1723667], [-7.9362238, 43.1723941], [-7.936234, 43.1724206], [-7.9362561, 43.172443], [-7.9362873, 43.1724585], [-7.9363239, 43.1724652], [-7.9363614, 43.1724625], [-7.9363954, 43.1724505], [-7.9364218, 43.1724308], [-7.9364373, 43.1724057], [-7.9364401, 43.1723782], [-7.9364298, 43.1723517], [-7.9364078, 43.1723294], [-7.9363766, 43.1723139], [-7.93634, 43.1723071], [-7.9363024, 43.1723099]]]}, "properties": {"osm_id": "1268835933", "osm_type": "way", "label_class": "0", "site_class": "mound", "name": "Mámoa de Xur da Medoña 1", "confidence": "high", "evidence": "archaeological_site=tumulus", "archaeological_site": "tumulus", "civilization": "", "fortification_type": "", "wikidata": "", "centroid_lon": "-7.93633038", "centroid_lat": "43.17238217", "area_m2": "239.7", "perimeter_m": "55.2", "equivalent_radius_m": "8.7", "circularity": "0.9898", "vertices": "19", "matched_catalogue_id": "wl-neg-neg-es-pba-30158", "matched_catalogue_name": "Mámoa de Xur da Medoña 1", "matched_distance_m": "1"}}, {"type": "Feature", "geometry": {"type": "Polygon", "coordinates": [[[-7.9520524, 43.1826726], [-7.9520221, 43.1826897], [-7.9520006, 43.1827128], [-7.9519899, 43.1827397], [-7.9519911, 43.1827676], [-7.9520041, 43.1827939], [-7.9520276, 43.1828159], [-7.9520593, 43.1828316], [-7.952096, 43.1828394], [-7.9521343, 43.1828385], [-7.9521704, 43.1828291], [-7.9522006, 43.1828119], [-7.9522222, 43.1827888], [-7.9522329, 43.182762], [-7.9522316, 43.1827341], [-7.9522187, 43.1827078], [-7.9521952, 43.1826857], [-7.9521635, 43.18267], [-7.9521267, 43.1826623], [-7.9520884, 43.1826631], [-7.9520524, 43.1826726]]]}, "properties": {"osm_id": "1268837023", "osm_type": "way", "label_class": "0", "site_class": "mound", "name": "Medoñado Rego da Loba 1", "confidence": "high", "evidence": "archaeological_site=tumulus", "archaeological_site": "tumulus", "civilization": "", "fortification_type": "", "wikidata": "", "centroid_lon": "-7.95210857", "centroid_lat": "43.18274710", "area_m2": "305.2", "perimeter_m": "62.2", "equivalent_radius_m": "9.9", "circularity": "0.9918", "vertices": "21", "matched_catalogue_id": "wl-neg-neg-es-pba-31932", "matched_catalogue_name": "Medoña do Rego da Loba 1", "matched_distance_m": "1"}}, {"type": "Feature", "geometry": {"type": "Polygon", "coordinates": [[[-7.9524279, 43.181726], [-7.9523986, 43.1817459], [-7.9523783, 43.1817711], [-7.9523685, 43.1817994], [-7.95237, 43.1818285], [-7.9523827, 43.1818562], [-7.9524056, 43.1818801], [-7.9524369, 43.1818984], [-7.9524739, 43.1819095], [-7.9525137, 43.1819126], [-7.952553, 43.1819073], [-7.9525888, 43.1818942], [-7.952618, 43.1818743], [-7.9526384, 43.1818491], [-7.9526482, 43.1818208], [-7.9526467, 43.1817917], [-7.9526339, 43.181764], [-7.952611, 43.18174], [-7.9525798, 43.1817218], [-7.9525428, 43.1817107], [-7.952503, 43.1817076], [-7.9524636, 43.1817129], [-7.9524279, 43.181726]]]}, "properties": {"osm_id": "1268837024", "osm_type": "way", "label_class": "0", "site_class": "mound", "name": "Medoña do Rego da Loba 2", "confidence": "high", "evidence": "archaeological_site=tumulus", "archaeological_site": "tumulus", "civilization": "", "fortification_type": "", "wikidata": "", "centroid_lon": "-7.95250483", "centroid_lat": "43.18180644", "area_m2": "403.8", "perimeter_m": "71.5", "equivalent_radius_m": "11.3", "circularity": "0.9932", "vertices": "23", "matched_catalogue_id": "wl-neg-neg-es-pba-31933", "matched_catalogue_name": "Medoña do Rego da Loba 2", "matched_distance_m": "2"}}, {"type": "Feature", "geometry": {"type": "Polygon", "coordinates": [[[-7.9506844, 43.173331], [-7.9506485, 43.1733457], [-7.9506206, 43.1733677], [-7.9506034, 43.173395], [-7.9505986, 43.1734248], [-7.9506066, 43.1734542], [-7.9506268, 43.1734804], [-7.950657, 43.1735008], [-7.9506944, 43.1735133], [-7.9507353, 43.1735168], [-7.9507756, 43.1735109], [-7.9508115, 43.1734963], [-7.9508394, 43.1734742], [-7.9508567, 43.173447], [-7.9508615, 43.1734171], [-7.9508534, 43.1733877], [-7.9508333, 43.1733615], [-7.950803, 43.1733412], [-7.9507657, 43.1733286], [-7.9507248, 43.1733251], [-7.9506844, 43.173331]]]}, "properties": {"osm_id": "1268837025", "osm_type": "way", "label_class": "0", "site_class": "mound", "name": "Mámoa Xur da Medoña 2da Revolta Grande 2", "confidence": "high", "evidence": "archaeological_site=tumulus", "archaeological_site": "tumulus", "civilization": "", "fortification_type": "", "wikidata": "", "centroid_lon": "-7.95072785", "centroid_lat": "43.17341668", "area_m2": "352.4", "perimeter_m": "66.8", "equivalent_radius_m": "10.6", "circularity": "0.9918", "vertices": "21", "matched_catalogue_id": "wl-neg-neg-es-pba-9564", "matched_catalogue_name": "Mámoa da Revolta Grande 2", "matched_distance_m": "1"}}, {"type": "Feature", "geometry": {"type": "Polygon", "coordinates": [[[-7.9498744, 43.1703459], [-7.9498472, 43.1703695], [-7.9498314, 43.170398], [-7.9498284, 43.1704288], [-7.9498386, 43.1704587], [-7.949861, 43.1704848], [-7.9498933, 43.1705046], [-7.9499325, 43.1705162], [-7.9499746, 43.1705183], [-7.9500156, 43.1705109], [-7.9500514, 43.1704946], [-7.9500786, 43.170471], [-7.9500944, 43.1704424], [-7.9500974, 43.1704117], [-7.9500872, 43.1703818], [-7.9500648, 43.1703557], [-7.9500325, 43.1703359], [-7.9499934, 43.1703243], [-7.9499512, 43.1703222], [-7.9499102, 43.1703296], [-7.9498744, 43.1703459]]]}, "properties": {"osm_id": "1268837026", "osm_type": "way", "label_class": "0", "site_class": "mound", "name": "Mámoa da Revolta Grande 1", "confidence": "high", "evidence": "archaeological_site=tumulus", "archaeological_site": "tumulus", "civilization": "", "fortification_type": "", "wikidata": "", "centroid_lon": "-7.94995869", "centroid_lat": "43.17041670", "area_m2": "371.2", "perimeter_m": "68.6", "equivalent_radius_m": "10.9", "circularity": "0.9918", "vertices": "21", "matched_catalogue_id": "wl-neg-neg-es-pba-9563", "matched_catalogue_name": "Mámoa da Revolta Grande 1/Medoña da Cabana", "matched_distance_m": "1"}}, {"type": "Feature", "geometry": {"type": "Polygon", "coordinates": [[[-7.7658762, 43.0888966], [-7.7658507, 43.0889531], [-7.7658722, 43.0890217], [-7.7659339, 43.0890745], [-7.7660278, 43.0890706], [-7.7660814, 43.0890315], [-7.7661002, 43.0889746], [-7.766076, 43.088912], [-7.7659956, 43.0888728], [-7.7659634, 43.088865], [-7.7658762, 43.0888966]]]}, "properties": {"osm_id": "1269142778", "osm_type": "way", "label_class": "0", "site_class": "mound", "name": "Mámoa de Purreira 2", "confidence": "high", "evidence": "archaeological_site=tumulus", "archaeological_site": "tumulus", "civilization": "", "fortification_type": "", "wikidata": "", "centroid_lon": "-7.76596851", "centroid_lat": "43.08896082", "area_m2": "351.7", "perimeter_m": "68.3", "equivalent_radius_m": "10.6", "circularity": "0.9480", "vertices": "11", "matched_catalogue_id": "wl-neg-neg-es-pba-30976", "matched_catalogue_name": "Mámoa da Purreira 2/Medorra das Pallotas", "matched_distance_m": "5"}}, {"type": "Feature", "geometry": {"type": "Polygon", "coordinates": [[[-7.9143512, 43.1748763], [-7.9142278, 43.1749311], [-7.9142386, 43.175068], [-7.9143083, 43.1751345], [-7.9144692, 43.1751267], [-7.914598, 43.1750875], [-7.9146248, 43.1750289], [-7.9145443, 43.1749506], [-7.9144692, 43.1748919], [-7.9143512, 43.1748763]]]}, "properties": {"osm_id": "1269142779", "osm_type": "way", "label_class": "0", "site_class": "mound", "name": "Mámoa de Xea", "confidence": "high", "evidence": "archaeological_site=tumulus", "archaeological_site": "tumulus", "civilization": "", "fortification_type": "", "wikidata": "", "centroid_lon": "-7.91441826", "centroid_lat": "43.17499718", "area_m2": "684.3", "perimeter_m": "97.2", "equivalent_radius_m": "14.8", "circularity": "0.9106", "vertices": "10", "matched_catalogue_id": "wl-neg-neg-es-pba-30157", "matched_catalogue_name": "Mámoa de Xea", "matched_distance_m": "3"}}, {"type": "Feature", "geometry": {"type": "Polygon", "coordinates": [[[-7.6420806, 43.0226511], [-7.6420087, 43.0227108], [-7.6419986, 43.0227901], [-7.6420541, 43.0228585], [-7.6421541, 43.02289], [-7.6422603, 43.0228725], [-7.6423321, 43.0228128], [-7.6423422, 43.0227335], [-7.6422867, 43.0226651], [-7.6421868, 43.0226336], [-7.6420806, 43.0226511]]]}, "properties": {"osm_id": "1270467677", "osm_type": "way", "label_class": "0", "site_class": "mound", "name": "Mámoa de Pena de Rei 4", "confidence": "high", "evidence": "archaeological_site=tumulus", "archaeological_site": "tumulus", "civilization": "", "fortification_type": "", "wikidata": "", "centroid_lon": "-7.64216225", "centroid_lat": "43.02275174", "area_m2": "603.7", "perimeter_m": "88.6", "equivalent_radius_m": "13.9", "circularity": "0.9669", "vertices": "11", "matched_catalogue_id": "wl-neg-neg-es-pba-32569", "matched_catalogue_name": "Mámoa de Pena de Rei 4", "matched_distance_m": "3"}}, {"type": "Feature", "geometry": {"type": "Polygon", "coordinates": [[[-7.6460169, 43.0217839], [-7.6459939, 43.0218005], [-7.6459799, 43.0218218], [-7.6459768, 43.0218453], [-7.6459849, 43.0218682], [-7.6460032, 43.0218877], [-7.6460295, 43.0219014], [-7.6460607, 43.0219077], [-7.6460929, 43.0219058], [-7.6461223, 43.0218961], [-7.6461453, 43.0218795], [-7.6461593, 43.0218582], [-7.6461624, 43.0218347], [-7.6461543, 43.0218118], [-7.646136, 43.0217923], [-7.6461097, 43.0217786], [-7.6460785, 43.0217723], [-7.6460463, 43.0217741], [-7.6460169, 43.0217839]]]}, "properties": {"osm_id": "1270467713", "osm_type": "way", "label_class": "0", "site_class": "mound", "name": "Mámoa de Pena de Rei 3", "confidence": "high", "evidence": "archaeological_site=tumulus", "archaeological_site": "tumulus", "civilization": "", "fortification_type": "", "wikidata": "", "centroid_lon": "-7.64606683", "centroid_lat": "43.02183704", "area_m2": "176.6", "perimeter_m": "47.3", "equivalent_radius_m": "7.5", "circularity": "0.9898", "vertices": "19", "matched_catalogue_id": "wl-neg-neg-es-pba-32568", "matched_catalogue_name": "Mámoa de Pena de Rei 3", "matched_distance_m": "1"}}, {"type": "Feature", "geometry": {"type": "Polygon", "coordinates": [[[-7.6325315, 43.0293256], [-7.6324752, 43.0293648], [-7.6324725, 43.0294217], [-7.6324725, 43.0294727], [-7.6325208, 43.0294864], [-7.6325879, 43.0294727], [-7.6326361, 43.029457], [-7.6326522, 43.0294178], [-7.6326549, 43.0293766], [-7.6326308, 43.0293413], [-7.6325744, 43.0293256], [-7.6325315, 43.0293256]]]}, "properties": {"osm_id": "1270467867", "osm_type": "way", "label_class": "0", "site_class": "mound", "name": "Mámoa do Cordal de Ombreiro", "confidence": "high", "evidence": "archaeological_site=tumulus", "archaeological_site": "tumulus", "civilization": "", "fortification_type": "", "wikidata": "", "centroid_lon": "-7.63256169", "centroid_lat": "43.02939898", "area_m2": "216.9", "perimeter_m": "54.5", "equivalent_radius_m": "8.3", "circularity": "0.9187", "vertices": "12", "matched_catalogue_id": "", "matched_catalogue_name": "", "matched_distance_m": ""}}, {"type": "Feature", "geometry": {"type": "Polygon", "coordinates": [[[-8.9056639, 42.9311746], [-8.9059161, 42.9310685], [-8.9060394, 42.9308132], [-8.9060019, 42.9305933], [-8.9058839, 42.930393], [-8.9057122, 42.9302437], [-8.9053904, 42.9302123], [-8.9051114, 42.9302634], [-8.9048807, 42.9303812], [-8.904752, 42.9305894], [-8.9047252, 42.9307779], [-8.9048485, 42.9309821], [-8.9050256, 42.9311157], [-8.9053367, 42.9312139], [-8.9056639, 42.9311746]]]}, "properties": {"osm_id": "1270963998", "osm_type": "way", "label_class": "1", "site_class": "castro", "name": "Castro de Montellos", "confidence": "medium", "evidence": "site=fortification,civ=celtic", "archaeological_site": "fortification", "civilization": "celtic", "fortification_type": "", "wikidata": "", "centroid_lon": "-8.90539679", "centroid_lat": "42.93073312", "area_m2": "9183.6", "perimeter_m": "344.1", "equivalent_radius_m": "54.1", "circularity": "0.9746", "vertices": "15", "matched_catalogue_id": "wl-pos-pos-es-pba-12377", "matched_catalogue_name": "Castro de Montellos", "matched_distance_m": "38"}}, {"type": "Feature", "geometry": {"type": "Polygon", "coordinates": [[[-7.6050067, 43.0530652], [-7.6049182, 43.0531122], [-7.6049262, 43.0531848], [-7.6049557, 43.0532494], [-7.6050335, 43.0532847], [-7.6051167, 43.0532867], [-7.6052052, 43.0532475], [-7.605232, 43.0531985], [-7.6052347, 43.0531554], [-7.6051703, 43.0530985], [-7.6050979, 43.053075], [-7.605063, 43.0530672], [-7.6050067, 43.0530652]]]}, "properties": {"osm_id": "1273943726", "osm_type": "way", "label_class": "0", "site_class": "mound", "name": "As Medorras 3", "confidence": "high", "evidence": "archaeological_site=tumulus", "archaeological_site": "tumulus", "civilization": "", "fortification_type": "", "wikidata": "", "centroid_lon": "-7.60507437", "centroid_lat": "43.05316079", "area_m2": "486.4", "perimeter_m": "80.1", "equivalent_radius_m": "12.4", "circularity": "0.9522", "vertices": "13", "matched_catalogue_id": "wl-neg-neg-es-pba-31643", "matched_catalogue_name": "As Modorras 3", "matched_distance_m": "2"}}, {"type": "Feature", "geometry": {"type": "Polygon", "coordinates": [[[-7.6056424, 43.0534533], [-7.6056156, 43.053429], [-7.6055806, 43.0534113], [-7.6055402, 43.0534014], [-7.6054976, 43.0534003], [-7.6054563, 43.0534081], [-7.6054196, 43.053424], [-7.6053906, 43.0534467], [-7.6053716, 43.0534746], [-7.605364, 43.0535052], [-7.6053686, 43.0535362], [-7.6053849, 43.053565], [-7.6054116, 43.0535892], [-7.6054467, 43.053607], [-7.6054871, 43.0536168], [-7.6055297, 43.0536179], [-7.605571, 43.0536102], [-7.6056076, 43.0535943], [-7.6056367, 43.0535715], [-7.6056557, 43.0535436], [-7.6056633, 43.053513], [-7.6056587, 43.053482], [-7.6056424, 43.0534533]]]}, "properties": {"osm_id": "1273943727", "osm_type": "way", "label_class": "0", "site_class": "mound", "name": "As Medorras 2", "confidence": "high", "evidence": "archaeological_site=tumulus", "archaeological_site": "tumulus", "civilization": "", "fortification_type": "", "wikidata": "", "centroid_lon": "-7.60551924", "centroid_lat": "43.05350669", "area_m2": "459.7", "perimeter_m": "76.3", "equivalent_radius_m": "12.1", "circularity": "0.9932", "vertices": "23", "matched_catalogue_id": "wl-neg-neg-es-pba-31642", "matched_catalogue_name": "As Modorras 2", "matched_distance_m": "1"}}, {"type": "Feature", "geometry": {"type": "Polygon", "coordinates": [[[-7.6065838, 43.0538139], [-7.6065528, 43.0538303], [-7.6065313, 43.0538535], [-7.606522, 43.0538807], [-7.606526, 43.0539086], [-7.6065428, 43.0539337], [-7.6065703, 43.0539532], [-7.6066053, 43.0539646], [-7.6066435, 43.0539666], [-7.6066804, 43.0539589], [-7.6067114, 43.0539425], [-7.6067329, 43.0539193], [-7.6067422, 43.0538921], [-7.6067382, 43.0538643], [-7.6067215, 43.0538391], [-7.6066939, 43.0538196], [-7.6066589, 43.0538082], [-7.6066207, 43.0538062], [-7.6065838, 43.0538139]]]}, "properties": {"osm_id": "1273943728", "osm_type": "way", "label_class": "0", "site_class": "mound", "name": "As Medorras 1", "confidence": "high", "evidence": "archaeological_site=tumulus", "archaeological_site": "tumulus", "civilization": "", "fortification_type": "", "wikidata": "", "centroid_lon": "-7.60662956", "centroid_lat": "43.05388259", "area_m2": "248.0", "perimeter_m": "56.1", "equivalent_radius_m": "8.9", "circularity": "0.9898", "vertices": "19", "matched_catalogue_id": "wl-neg-neg-es-pba-36006", "matched_catalogue_name": "As Medorras 1", "matched_distance_m": "1"}}, {"type": "Feature", "geometry": {"type": "Polygon", "coordinates": [[[-7.5990468, 43.1092801], [-7.599021, 43.1093042], [-7.5990067, 43.1093329], [-7.5990052, 43.1093635], [-7.5990167, 43.1093928], [-7.5990401, 43.1094182], [-7.5990731, 43.109437], [-7.5991124, 43.1094475], [-7.5991543, 43.1094486], [-7.5991945, 43.1094401], [-7.5992292, 43.1094231], [-7.599255, 43.109399], [-7.5992693, 43.1093703], [-7.5992708, 43.1093397], [-7.5992593, 43.1093104], [-7.5992359, 43.109285], [-7.599203, 43.1092662], [-7.5991636, 43.1092557], [-7.5991218, 43.1092546], [-7.5990815, 43.1092631], [-7.5990468, 43.1092801]]]}, "properties": {"osm_id": "1277897038", "osm_type": "way", "label_class": "0", "site_class": "mound", "name": "Medorra do Monte e Santa Mariña 9", "confidence": "high", "evidence": "archaeological_site=tumulus", "archaeological_site": "tumulus", "civilization": "", "fortification_type": "", "wikidata": "", "centroid_lon": "-7.59913367", "centroid_lat": "43.10934820", "area_m2": "365.4", "perimeter_m": "68.0", "equivalent_radius_m": "10.8", "circularity": "0.9918", "vertices": "21", "matched_catalogue_id": "wl-neg-neg-es-pba-35937", "matched_catalogue_name": "Medorra do Monte de Santa Mariña 9", "matched_distance_m": "1"}}, {"type": "Feature", "geometry": {"type": "Polygon", "coordinates": [[[-7.6694182, 43.1340854], [-7.669251, 43.1342043], [-7.6693475, 43.1343491], [-7.6695675, 43.134494], [-7.6698679, 43.1345214], [-7.6702327, 43.1344431], [-7.6702058, 43.1343648], [-7.6697284, 43.134126], [-7.6694182, 43.1340854]]]}, "properties": {"osm_id": "1283757155", "osm_type": "way", "label_class": "1", "site_class": "castro", "name": "Castro de Raxal", "confidence": "high", "evidence": "fortification_type=hill_fort", "archaeological_site": "fortification", "civilization": "castro_culture", "fortification_type": "hill_fort", "wikidata": "", "centroid_lon": "-7.66967080", "centroid_lat": "43.13429706", "area_m2": "2377.0", "perimeter_m": "198.1", "equivalent_radius_m": "27.5", "circularity": "0.7615", "vertices": "9", "matched_catalogue_id": "wl-pos-pos-es-pba-28319", "matched_catalogue_name": "Castro de Raxal", "matched_distance_m": "17"}}, {"type": "Feature", "geometry": {"type": "Polygon", "coordinates": [[[-7.6859853, 43.1050592], [-7.6859625, 43.1050744], [-7.6859494, 43.1050948], [-7.6859479, 43.1051173], [-7.6859584, 43.1051385], [-7.6859793, 43.1051551], [-7.6860072, 43.1051647], [-7.686038, 43.1051657], [-7.6860671, 43.1051581], [-7.6860899, 43.1051429], [-7.686103, 43.1051225], [-7.6861044, 43.1051], [-7.6860939, 43.1050788], [-7.6860731, 43.1050621], [-7.6860451, 43.1050526], [-7.6860143, 43.1050515], [-7.6859853, 43.1050592]]]}, "properties": {"osm_id": "1290647616", "osm_type": "way", "label_class": "0", "site_class": "mound", "name": "Medorra de Francos 3", "confidence": "high", "evidence": "archaeological_site=tumulus", "archaeological_site": "tumulus", "civilization": "", "fortification_type": "", "wikidata": "", "centroid_lon": "-7.68602377", "centroid_lat": "43.10510573", "area_m2": "126.6", "perimeter_m": "40.1", "equivalent_radius_m": "6.3", "circularity": "0.9871", "vertices": "17", "matched_catalogue_id": "wl-neg-neg-es-pba-36012", "matched_catalogue_name": "Medorra do Cotón de Francos 1", "matched_distance_m": "1"}}, {"type": "Feature", "geometry": {"type": "Polygon", "coordinates": [[[-7.8975955, 43.101921], [-7.8975605, 43.1019289], [-7.8975314, 43.1019451], [-7.8975116, 43.1019676], [-7.8975035, 43.1019937], [-7.8975082, 43.1020202], [-7.897525, 43.102044], [-7.8975519, 43.1020621], [-7.8975857, 43.1020725], [-7.8976223, 43.1020737], [-7.8976573, 43.1020658], [-7.8976864, 43.1020495], [-7.8977062, 43.102027], [-7.8977142, 43.102001], [-7.8977096, 43.1019744], [-7.8976928, 43.1019507], [-7.8976658, 43.1019325], [-7.8976321, 43.1019222], [-7.8975955, 43.101921]]]}, "properties": {"osm_id": "1292485691", "osm_type": "way", "label_class": "0", "site_class": "mound", "name": "Mámoada Pena Ventosa", "confidence": "high", "evidence": "archaeological_site=tumulus", "archaeological_site": "tumulus", "civilization": "", "fortification_type": "", "wikidata": "", "centroid_lon": "-7.89760818", "centroid_lat": "43.10199331", "area_m2": "226.2", "perimeter_m": "53.6", "equivalent_radius_m": "8.5", "circularity": "0.9898", "vertices": "19", "matched_catalogue_id": "wl-neg-neg-es-pba-30283", "matched_catalogue_name": "Mámoa de Pena Ventosa/Mámoa do Colado", "matched_distance_m": "1"}}, {"type": "Feature", "geometry": {"type": "Polygon", "coordinates": [[[-7.776255, 43.0598972], [-7.7762218, 43.0599166], [-7.7761985, 43.0599425], [-7.7761872, 43.0599724], [-7.7761891, 43.0600034], [-7.7762041, 43.0600324], [-7.7762306, 43.0600567], [-7.776266, 43.0600737], [-7.776307, 43.060082], [-7.7763494, 43.0600806], [-7.7763891, 43.0600697], [-7.7764223, 43.0600503], [-7.7764457, 43.0600244], [-7.776457, 43.0599945], [-7.776455, 43.0599635], [-7.7764401, 43.0599344], [-7.7764136, 43.0599102], [-7.7763781, 43.0598931], [-7.7763372, 43.0598849], [-7.7762948, 43.0598863], [-7.776255, 43.0598972]]]}, "properties": {"osm_id": "1293400337", "osm_type": "way", "label_class": "0", "site_class": "mound", "name": "Mámoa da Eirexe 2", "confidence": "high", "evidence": "archaeological_site=tumulus", "archaeological_site": "tumulus", "civilization": "", "fortification_type": "", "wikidata": "", "centroid_lon": "-7.77631889", "centroid_lat": "43.05997933", "area_m2": "376.6", "perimeter_m": "69.1", "equivalent_radius_m": "10.9", "circularity": "0.9918", "vertices": "21", "matched_catalogue_id": "wl-neg-neg-es-pba-30560", "matched_catalogue_name": "Mámoa de Eirexe 2", "matched_distance_m": "2"}}, {"type": "Feature", "geometry": {"type": "Polygon", "coordinates": [[[-7.7789828, 43.061465], [-7.7789582, 43.0614785], [-7.7789414, 43.0614974], [-7.7789344, 43.0615193], [-7.7789381, 43.0615417], [-7.7789521, 43.0615618], [-7.7789746, 43.0615771], [-7.779003, 43.061586], [-7.7790338, 43.0615872], [-7.7790633, 43.0615806], [-7.7790879, 43.061567], [-7.7791047, 43.0615482], [-7.7791117, 43.0615262], [-7.779108, 43.0615039], [-7.779094, 43.0614838], [-7.7790715, 43.0614684], [-7.7790431, 43.0614596], [-7.7790123, 43.0614584], [-7.7789828, 43.061465]]]}, "properties": {"osm_id": "1293400338", "osm_type": "way", "label_class": "0", "site_class": "mound", "name": "Mámoa da Eirexe 1", "confidence": "high", "evidence": "archaeological_site=tumulus", "archaeological_site": "tumulus", "civilization": "", "fortification_type": "", "wikidata": "", "centroid_lon": "-7.77902093", "centroid_lat": "43.06151974", "area_m2": "160.5", "perimeter_m": "45.1", "equivalent_radius_m": "7.1", "circularity": "0.9898", "vertices": "19", "matched_catalogue_id": "wl-neg-neg-es-pba-30559", "matched_catalogue_name": "Mámoa de Eirexe 1", "matched_distance_m": "1"}}, {"type": "Feature", "geometry": {"type": "Polygon", "coordinates": [[[-7.8207931, 43.0065399], [-7.820549, 43.0066047], [-7.820439, 43.007046], [-7.8203505, 43.0074932], [-7.8205034, 43.0076403], [-7.8208789, 43.0076148], [-7.8211337, 43.0074402], [-7.8212142, 43.00735], [-7.8212518, 43.0073441], [-7.8212678, 43.0072147], [-7.8212182, 43.0070117], [-7.8211793, 43.0068332], [-7.8210506, 43.0066988], [-7.8208467, 43.0065635], [-7.8207931, 43.0065399]]]}, "properties": {"osm_id": "1293408481", "osm_type": "way", "label_class": "1", "site_class": "castro", "name": "", "confidence": "high", "evidence": "fortification_type=hill_fort", "archaeological_site": "fortification", "civilization": "castro_culture", "fortification_type": "hill_fort", "wikidata": "", "centroid_lon": "-7.82089795", "centroid_lat": "43.00706233", "area_m2": "6638.3", "perimeter_m": "319.5", "equivalent_radius_m": "46.0", "circularity": "0.8172", "vertices": "15", "matched_catalogue_id": "", "matched_catalogue_name": "", "matched_distance_m": ""}}, {"type": "Feature", "geometry": {"type": "Polygon", "coordinates": [[[-8.4666395, 43.0525047], [-8.4663177, 43.0525125], [-8.4657598, 43.0524145], [-8.4654808, 43.0523126], [-8.4652609, 43.0522322], [-8.4652716, 43.0521303], [-8.4654111, 43.0519735], [-8.4656203, 43.0518402], [-8.4658375, 43.0517501], [-8.4661111, 43.0516305], [-8.4662908, 43.0515991], [-8.4664491, 43.0516462], [-8.4665376, 43.0517265], [-8.4666422, 43.0518167], [-8.4668326, 43.0519088], [-8.4669131, 43.0519833], [-8.4669641, 43.0521048], [-8.4669802, 43.052242], [-8.4669292, 43.0523537], [-8.4668139, 43.05244], [-8.4666395, 43.0525047]]]}, "properties": {"osm_id": "1293670335", "osm_type": "way", "label_class": "1", "site_class": "castro", "name": "O Castro", "confidence": "high", "evidence": "fortification_type=hill_fort", "archaeological_site": "fortification", "civilization": "castro_culture", "fortification_type": "hill_fort", "wikidata": "", "centroid_lon": "-8.46627155", "centroid_lat": "43.05207747", "area_m2": "9711.7", "perimeter_m": "373.9", "equivalent_radius_m": "55.6", "circularity": "0.8730", "vertices": "21", "matched_catalogue_id": "wl-pos-pos-es-pba-25251", "matched_catalogue_name": "O Castro/Casas do Castro", "matched_distance_m": "33"}}, {"type": "Feature", "geometry": {"type": "Polygon", "coordinates": [[[-7.7050977, 43.060188], [-7.7050567, 43.0602423], [-7.7050802, 43.0603018], [-7.7051544, 43.0603318], [-7.705236, 43.0603147], [-7.705277, 43.0602604], [-7.7052535, 43.0602008], [-7.7051793, 43.0601709], [-7.7050977, 43.060188]]]}, "properties": {"osm_id": "1293850763", "osm_type": "way", "label_class": "0", "site_class": "mound", "name": "Medorra do Monte da Pena de Cotá 3", "confidence": "high", "evidence": "archaeological_site=tumulus", "archaeological_site": "tumulus", "civilization": "", "fortification_type": "", "wikidata": "", "centroid_lon": "-7.70515917", "centroid_lat": "43.06024430", "area_m2": "229.9", "perimeter_m": "55.2", "equivalent_radius_m": "8.6", "circularity": "0.9481", "vertices": "9", "matched_catalogue_id": "wl-neg-neg-es-pba-30605", "matched_catalogue_name": "Medorra do Monte da Pena de Cotá 3", "matched_distance_m": "3"}}, {"type": "Feature", "geometry": {"type": "Polygon", "coordinates": [[[-7.5088495, 43.1318906], [-7.5087959, 43.1319298], [-7.5087905, 43.1320061], [-7.5088602, 43.1320237], [-7.5089327, 43.1320237], [-7.5089568, 43.1319905], [-7.5089675, 43.1319474], [-7.5089219, 43.1318887], [-7.5088495, 43.1318906]]]}, "properties": {"osm_id": "1294717669", "osm_type": "way", "label_class": "0", "site_class": "mound", "name": "Medorra Rozas de Tumbo 1", "confidence": "high", "evidence": "archaeological_site=tumulus", "archaeological_site": "tumulus", "civilization": "", "fortification_type": "", "wikidata": "", "centroid_lon": "-7.50888050", "centroid_lat": "43.13195457", "area_m2": "174.6", "perimeter_m": "49.0", "equivalent_radius_m": "7.5", "circularity": "0.9137", "vertices": "9", "matched_catalogue_id": "wl-neg-neg-es-pba-35898", "matched_catalogue_name": "Medorra de Rozas/Rozas de Tumbo 1", "matched_distance_m": "2"}}, {"type": "Feature", "geometry": {"type": "Polygon", "coordinates": [[[-7.7856213, 42.8703481], [-7.7855542, 42.8704209], [-7.7855435, 42.8704779], [-7.7856347, 42.8705211], [-7.7857205, 42.8705015], [-7.7857742, 42.8704641], [-7.785793, 42.8704091], [-7.7857769, 42.8703599], [-7.7857259, 42.8703403], [-7.7856696, 42.8703363], [-7.7856213, 42.8703481]]]}, "properties": {"osm_id": "1295495123", "osm_type": "way", "label_class": "0", "site_class": "mound", "name": "Medorra do Alto da Devesa", "confidence": "high", "evidence": "archaeological_site=tumulus", "archaeological_site": "tumulus", "civilization": "", "fortification_type": "", "wikidata": "", "centroid_lon": "-7.78567592", "centroid_lat": "42.87041157", "area_m2": "302.7", "perimeter_m": "63.8", "equivalent_radius_m": "9.8", "circularity": "0.9336", "vertices": "11", "matched_catalogue_id": "wl-neg-neg-es-pba-34833", "matched_catalogue_name": "Medorra do Alto da Devesa", "matched_distance_m": "7"}}, {"type": "Feature", "geometry": {"type": "Polygon", "coordinates": [[[-7.6676041, 42.9137903], [-7.6675639, 42.9138237], [-7.6675853, 42.9138826], [-7.6676202, 42.9139415], [-7.6676604, 42.9139533], [-7.6677731, 42.9139415], [-7.667816, 42.9139003], [-7.6678401, 42.9138571], [-7.667824, 42.9138119], [-7.6677597, 42.9137765], [-7.6676685, 42.9137746], [-7.6676041, 42.9137903]]]}, "properties": {"osm_id": "1297487889", "osm_type": "way", "label_class": "0", "site_class": "mound", "name": "Mámoa do alto da Goia 07", "confidence": "high", "evidence": "archaeological_site=tumulus", "archaeological_site": "tumulus", "civilization": "", "fortification_type": "", "wikidata": "", "centroid_lon": "-7.66769328", "centroid_lat": "42.91385363", "area_m2": "340.9", "perimeter_m": "67.4", "equivalent_radius_m": "10.4", "circularity": "0.9432", "vertices": "12", "matched_catalogue_id": "wl-neg-neg-es-pba-31946", "matched_catalogue_name": "Mámoa do Alto da Goia 07", "matched_distance_m": "1"}}, {"type": "Feature", "geometry": {"type": "Polygon", "coordinates": [[[-7.4463487, 43.1939761], [-7.4459767, 43.1939987], [-7.4458337, 43.1940074], [-7.4453831, 43.1945158], [-7.4454045, 43.194946], [-7.4459732, 43.1951181], [-7.4465954, 43.1951728], [-7.4470353, 43.1950398], [-7.4472606, 43.1947583], [-7.4473035, 43.1945393], [-7.4471319, 43.1942811], [-7.4467993, 43.19407], [-7.4465929, 43.194027], [-7.4463487, 43.1939761]]]}, "properties": {"osm_id": "1297778754", "osm_type": "way", "label_class": "1", "site_class": "castro", "name": "Castro do Pacio", "confidence": "high", "evidence": "fortification_type=hill_fort", "archaeological_site": "fortification", "civilization": "castro_culture", "fortification_type": "hill_fort", "wikidata": "", "centroid_lon": "-7.44642768", "centroid_lat": "43.19445904", "area_m2": "16076.8", "perimeter_m": "463.4", "equivalent_radius_m": "71.5", "circularity": "0.9408", "vertices": "14", "matched_catalogue_id": "wl-pos-pos-es-pba-29231", "matched_catalogue_name": "Castro do Pacio/O Castro", "matched_distance_m": "9"}}, {"type": "Feature", "geometry": {"type": "Polygon", "coordinates": [[[-7.9193287, 43.2721435], [-7.9193102, 43.2721598], [-7.9193017, 43.27218], [-7.9193044, 43.272201], [-7.919318, 43.2722197], [-7.9193404, 43.2722332], [-7.9193681, 43.2722394], [-7.919397, 43.2722374], [-7.9194226, 43.2722275], [-7.9194411, 43.2722112], [-7.9194496, 43.272191], [-7.9194469, 43.27217], [-7.9194333, 43.2721513], [-7.919411, 43.2721379], [-7.9193833, 43.2721317], [-7.9193544, 43.2721337], [-7.9193287, 43.2721435]]]}, "properties": {"osm_id": "1299113275", "osm_type": "way", "label_class": "0", "site_class": "mound", "name": "Medoña de Pena do Toxo 3", "confidence": "high", "evidence": "archaeological_site=tumulus", "archaeological_site": "tumulus", "civilization": "", "fortification_type": "", "wikidata": "", "centroid_lon": "-7.91937291", "centroid_lat": "43.27218305", "area_m2": "111.2", "perimeter_m": "37.6", "equivalent_radius_m": "5.9", "circularity": "0.9871", "vertices": "17", "matched_catalogue_id": "wl-neg-neg-es-pba-32434", "matched_catalogue_name": "Medoña de Pena do Toxo 3", "matched_distance_m": "1"}}, {"type": "Feature", "geometry": {"type": "Polygon", "coordinates": [[[-7.9124093, 43.2720225], [-7.9123888, 43.2720402], [-7.9123792, 43.2720623], [-7.9123819, 43.2720854], [-7.9123966, 43.2721059], [-7.9124209, 43.2721209], [-7.9124513, 43.2721279], [-7.912483, 43.2721259], [-7.9125112, 43.2721152], [-7.9125317, 43.2720975], [-7.9125413, 43.2720754], [-7.9125386, 43.2720523], [-7.912524, 43.2720317], [-7.9124996, 43.2720168], [-7.9124693, 43.2720098], [-7.9124376, 43.2720118], [-7.9124093, 43.2720225]]]}, "properties": {"osm_id": "1299113427", "osm_type": "way", "label_class": "0", "site_class": "mound", "name": "Medoña de Pena do Toxo 1", "confidence": "high", "evidence": "archaeological_site=tumulus", "archaeological_site": "tumulus", "civilization": "", "fortification_type": "", "wikidata": "", "centroid_lon": "-7.91245727", "centroid_lat": "43.27206612", "area_m2": "133.8", "perimeter_m": "41.3", "equivalent_radius_m": "6.5", "circularity": "0.9871", "vertices": "17", "matched_catalogue_id": "wl-neg-neg-es-pba-32432", "matched_catalogue_name": "Medoña de Pena do Toxo 1", "matched_distance_m": "1"}}, {"type": "Feature", "geometry": {"type": "Polygon", "coordinates": [[[-7.9353489, 43.2744382], [-7.9353315, 43.2744743], [-7.9353288, 43.2745026], [-7.9353409, 43.2745251], [-7.9353891, 43.2745368], [-7.9354468, 43.2745368], [-7.9354897, 43.2745153], [-7.9355018, 43.2744968], [-7.9355004, 43.2744743], [-7.9354683, 43.2744382], [-7.935432, 43.2744265], [-7.9353958, 43.2744245], [-7.9353489, 43.2744382]]]}, "properties": {"osm_id": "1299114230", "osm_type": "way", "label_class": "0", "site_class": "mound", "name": "Mámoa da Serra do Galiñeiro III-4", "confidence": "high", "evidence": "archaeological_site=tumulus", "archaeological_site": "tumulus", "civilization": "", "fortification_type": "", "wikidata": "", "centroid_lon": "-7.93540945", "centroid_lat": "43.27447905", "area_m2": "140.4", "perimeter_m": "43.0", "equivalent_radius_m": "6.7", "circularity": "0.9564", "vertices": "13", "matched_catalogue_id": "wl-neg-neg-es-pba-1913", "matched_catalogue_name": "Mámoa da Serra do Galiñeiro III-2", "matched_distance_m": "1"}}, {"type": "Feature", "geometry": {"type": "Polygon", "coordinates": [[[-7.9349788, 43.2745319], [-7.9349332, 43.2745681], [-7.9349184, 43.2745895], [-7.9349184, 43.2746276], [-7.9349332, 43.2746442], [-7.9349519, 43.2746628], [-7.9350069, 43.2746676], [-7.9350472, 43.2746618], [-7.9350995, 43.2746335], [-7.9351129, 43.2745993], [-7.9351169, 43.2745739], [-7.9351008, 43.2745427], [-7.9350485, 43.274527], [-7.9349788, 43.2745319]]]}, "properties": {"osm_id": "1299114231", "osm_type": "way", "label_class": "0", "site_class": "mound", "name": "Mámoa da Serra do Galiñeiro III-3", "confidence": "high", "evidence": "archaeological_site=tumulus", "archaeological_site": "tumulus", "civilization": "", "fortification_type": "", "wikidata": "", "centroid_lon": "-7.93501039", "centroid_lat": "43.27459727", "area_m2": "198.3", "perimeter_m": "51.0", "equivalent_radius_m": "7.9", "circularity": "0.9570", "vertices": "14", "matched_catalogue_id": "wl-neg-neg-es-pba-1914", "matched_catalogue_name": "Mámoa da Serra do Galiñeiro III-3", "matched_distance_m": "1"}}, {"type": "Feature", "geometry": {"type": "Polygon", "coordinates": [[[-7.9348741, 43.2742341], [-7.9348098, 43.2742517], [-7.9347843, 43.2742995], [-7.9348138, 43.2743464], [-7.9348634, 43.2743698], [-7.9349077, 43.2743669], [-7.9349721, 43.2743405], [-7.9349922, 43.274322], [-7.9349948, 43.2743005], [-7.9349761, 43.2742634], [-7.9349332, 43.2742449], [-7.9349077, 43.274237], [-7.9348741, 43.2742341]]]}, "properties": {"osm_id": "1299114232", "osm_type": "way", "label_class": "0", "site_class": "mound", "name": "Mámoa da Serra do Galiñeiro III-1", "confidence": "high", "evidence": "archaeological_site=tumulus", "archaeological_site": "tumulus", "civilization": "", "fortification_type": "", "wikidata": "", "centroid_lon": "-7.93490025", "centroid_lat": "43.27429314", "area_m2": "189.2", "perimeter_m": "49.9", "equivalent_radius_m": "7.8", "circularity": "0.9564", "vertices": "13", "matched_catalogue_id": "wl-neg-neg-es-pba-1915", "matched_catalogue_name": "Mámoa da Serra do Galiñeiro III-4", "matched_distance_m": "1"}}, {"type": "Feature", "geometry": {"type": "Polygon", "coordinates": [[[-7.9446186, 43.2820656], [-7.944577, 43.2821154], [-7.9445864, 43.2821642], [-7.9446374, 43.2821964], [-7.9447232, 43.282212], [-7.9447755, 43.2822032], [-7.9447956, 43.282172], [-7.9447889, 43.2821095], [-7.9447621, 43.2820744], [-7.9447071, 43.2820519], [-7.9446186, 43.2820656]]]}, "properties": {"osm_id": "1299115077", "osm_type": "way", "label_class": "0", "site_class": "mound", "name": "Mámoa da Serra do Galiñeiro I-5", "confidence": "high", "evidence": "archaeological_site=tumulus", "archaeological_site": "tumulus", "civilization": "", "fortification_type": "", "wikidata": "", "centroid_lon": "-7.94469004", "centroid_lat": "43.28213002", "area_m2": "241.9", "perimeter_m": "56.7", "equivalent_radius_m": "8.8", "circularity": "0.9458", "vertices": "11", "matched_catalogue_id": "wl-neg-neg-es-pba-983", "matched_catalogue_name": "Mámoa da Serra do Galiñeiro I-05", "matched_distance_m": "3"}}, {"type": "Feature", "geometry": {"type": "Polygon", "coordinates": [[[-7.9494506, 43.285422], [-7.9493433, 43.2854689], [-7.9493165, 43.2855548], [-7.9493541, 43.2856231], [-7.9494426, 43.2856563], [-7.9495364, 43.285668], [-7.9496276, 43.2856388], [-7.9496518, 43.2855685], [-7.949625, 43.2855001], [-7.949574, 43.285465], [-7.9495204, 43.2854377], [-7.9494506, 43.285422]]]}, "properties": {"osm_id": "1299116298", "osm_type": "way", "label_class": "0", "site_class": "mound", "name": "Medoña do Galiñeiro", "confidence": "high", "evidence": "archaeological_site=tumulus", "archaeological_site": "tumulus", "civilization": "", "fortification_type": "", "wikidata": "", "centroid_lon": "-7.94949108", "centroid_lat": "43.28553543", "area_m2": "545.1", "perimeter_m": "84.9", "equivalent_radius_m": "13.2", "circularity": "0.9506", "vertices": "12", "matched_catalogue_id": "wl-neg-neg-es-pba-980", "matched_catalogue_name": "Mámoa da Serra do Galiñeiro I-02", "matched_distance_m": "178"}}, {"type": "Feature", "geometry": {"type": "Polygon", "coordinates": [[[-7.945973, 43.284171], [-7.9459091, 43.2841702], [-7.9458632, 43.2842025], [-7.9458621, 43.284249], [-7.9459065, 43.2842824], [-7.9459704, 43.2842832], [-7.9460163, 43.2842509], [-7.9460174, 43.2842044], [-7.945973, 43.284171]]]}, "properties": {"osm_id": "1299116299", "osm_type": "way", "label_class": "0", "site_class": "mound", "name": "Medoña do Galiñeiro 2", "confidence": "high", "evidence": "archaeological_site=tumulus", "archaeological_site": "tumulus", "civilization": "", "fortification_type": "", "wikidata": "", "centroid_lon": "-7.94594344", "centroid_lat": "43.28422051", "area_m2": "129.4", "perimeter_m": "41.4", "equivalent_radius_m": "6.4", "circularity": "0.9481", "vertices": "9", "matched_catalogue_id": "wl-neg-neg-es-pba-31888", "matched_catalogue_name": "Medoña do Galiñeiro 2", "matched_distance_m": "2"}}, {"type": "Feature", "geometry": {"type": "Polygon", "coordinates": [[[-7.9275407, 43.2455612], [-7.9274914, 43.2455945], [-7.9274994, 43.2456443], [-7.9275437, 43.2456658], [-7.9275879, 43.2456648], [-7.9276282, 43.2456501], [-7.9276563, 43.2456189], [-7.9276577, 43.2455886], [-7.9276148, 43.2455691], [-7.9275407, 43.2455612]]]}, "properties": {"osm_id": "1299117398", "osm_type": "way", "label_class": "0", "site_class": "mound", "name": "Mámoa da Pena dentre as Irmáns", "confidence": "high", "evidence": "archaeological_site=tumulus", "archaeological_site": "tumulus", "civilization": "", "fortification_type": "", "wikidata": "", "centroid_lon": "-7.92757608", "centroid_lat": "43.24561185", "area_m2": "120.5", "perimeter_m": "40.3", "equivalent_radius_m": "6.2", "circularity": "0.9329", "vertices": "10", "matched_catalogue_id": "wl-neg-neg-es-pba-30434", "matched_catalogue_name": "Mámoa da Pena dentre as Irmás", "matched_distance_m": "1"}}, {"type": "Feature", "geometry": {"type": "Polygon", "coordinates": [[[-8.7506161, 42.7011071], [-8.7521184, 42.7007368], [-8.7519444, 42.699148], [-8.7496542, 42.6989797], [-8.748784, 42.7001781], [-8.7506161, 42.7011071]]]}, "properties": {"osm_id": "1299130898", "osm_type": "way", "label_class": "1", "site_class": "castro", "name": "Castro de Bexo", "confidence": "medium", "evidence": "site=settlement,civ=celtic", "archaeological_site": "settlement", "civilization": "celtic", "fortification_type": "", "wikidata": "", "centroid_lon": "-8.75062220", "centroid_lat": "42.70020947", "area_m2": "46289.6", "perimeter_m": "828.7", "equivalent_radius_m": "121.4", "circularity": "0.8471", "vertices": "6", "matched_catalogue_id": "wl-pos-pos-es-pba-9492", "matched_catalogue_name": "Castro de Bexo", "matched_distance_m": "23"}}, {"type": "Feature", "geometry": {"type": "Polygon", "coordinates": [[[-7.5799522, 42.9903815], [-7.5799309, 42.9903994], [-7.5799206, 42.9904219], [-7.5799229, 42.9904456], [-7.5799374, 42.9904668], [-7.5799619, 42.9904824], [-7.5799927, 42.9904899], [-7.5800251, 42.9904882], [-7.5800541, 42.9904776], [-7.5800754, 42.9904597], [-7.5800856, 42.9904372], [-7.5800834, 42.9904135], [-7.5800689, 42.9903923], [-7.5800444, 42.9903767], [-7.5800136, 42.9903692], [-7.5799812, 42.9903709], [-7.5799522, 42.9903815]]]}, "properties": {"osm_id": "1299386185", "osm_type": "way", "label_class": "0", "site_class": "mound", "name": "Mámoa da Louzaneta 3", "confidence": "high", "evidence": "archaeological_site=tumulus", "archaeological_site": "tumulus", "civilization": "", "fortification_type": "", "wikidata": "", "centroid_lon": "-7.58000015", "centroid_lat": "42.99042672", "area_m2": "140.4", "perimeter_m": "42.3", "equivalent_radius_m": "6.7", "circularity": "0.9871", "vertices": "17", "matched_catalogue_id": "wl-neg-neg-es-pba-32499", "matched_catalogue_name": "Mámoa de Louzaneta 2", "matched_distance_m": "35"}}, {"type": "Feature", "geometry": {"type": "Polygon", "coordinates": [[[-7.57981, 42.990097], [-7.5797896, 42.9901101], [-7.5797776, 42.990128], [-7.5797758, 42.9901478], [-7.5797845, 42.9901667], [-7.5798025, 42.9901816], [-7.5798269, 42.9901904], [-7.579854, 42.9901917], [-7.5798798, 42.9901853], [-7.5799002, 42.9901722], [-7.5799122, 42.9901543], [-7.579914, 42.9901345], [-7.5799052, 42.9901156], [-7.5798873, 42.9901007], [-7.5798629, 42.9900919], [-7.5798358, 42.9900906], [-7.57981, 42.990097]]]}, "properties": {"osm_id": "1299386186", "osm_type": "way", "label_class": "0", "site_class": "mound", "name": "Mámoa da Louzaneta 2", "confidence": "high", "evidence": "archaeological_site=tumulus", "archaeological_site": "tumulus", "civilization": "", "fortification_type": "", "wikidata": "", "centroid_lon": "-7.57984284", "centroid_lat": "42.99013855", "area_m2": "98.6", "perimeter_m": "35.4", "equivalent_radius_m": "5.6", "circularity": "0.9871", "vertices": "17", "matched_catalogue_id": "wl-neg-neg-es-pba-32499", "matched_catalogue_name": "Mámoa de Louzaneta 2", "matched_distance_m": "1"}}, {"type": "Feature", "geometry": {"type": "Polygon", "coordinates": [[[-7.5788552, 42.9900087], [-7.5788321, 42.9900261], [-7.57882, 42.9900486], [-7.5788205, 42.9900728], [-7.5788337, 42.990095], [-7.5788575, 42.9901119], [-7.5788883, 42.9901208], [-7.5789214, 42.9901204], [-7.5789517, 42.9901107], [-7.5789747, 42.9900933], [-7.5789869, 42.9900708], [-7.5789863, 42.9900466], [-7.5789732, 42.9900244], [-7.5789494, 42.9900076], [-7.5789186, 42.9899987], [-7.5788855, 42.9899991], [-7.5788552, 42.9900087]]]}, "properties": {"osm_id": "1299386187", "osm_type": "way", "label_class": "0", "site_class": "mound", "name": "Mámoa da Louzaneta 1", "confidence": "high", "evidence": "archaeological_site=tumulus", "archaeological_site": "tumulus", "civilization": "", "fortification_type": "", "wikidata": "", "centroid_lon": "-7.57890060", "centroid_lat": "42.99005672", "area_m2": "146.0", "perimeter_m": "43.1", "equivalent_radius_m": "6.8", "circularity": "0.9871", "vertices": "17", "matched_catalogue_id": "wl-neg-neg-es-pba-32498", "matched_catalogue_name": "Mámoa de Louzaneta 1", "matched_distance_m": "1"}}, {"type": "Feature", "geometry": {"type": "Polygon", "coordinates": [[[-7.5277361, 43.0212195], [-7.527692, 43.0212526], [-7.5276872, 43.0212987], [-7.5277241, 43.0213362], [-7.5277854, 43.0213476], [-7.5278423, 43.0213275], [-7.5278683, 43.0212854], [-7.5278512, 43.0212409], [-7.527799, 43.0212149], [-7.5277361, 43.0212195]]]}, "properties": {"osm_id": "1299615009", "osm_type": "way", "label_class": "0", "site_class": "mound", "name": "Mámoa de San Cibrao 2", "confidence": "high", "evidence": "archaeological_site=tumulus", "archaeological_site": "tumulus", "civilization": "", "fortification_type": "", "wikidata": "", "centroid_lon": "-7.52777217", "centroid_lat": "43.02127428", "area_m2": "163.6", "perimeter_m": "46.3", "equivalent_radius_m": "7.2", "circularity": "0.9591", "vertices": "10", "matched_catalogue_id": "", "matched_catalogue_name": "", "matched_distance_m": ""}}, {"type": "Feature", "geometry": {"type": "Polygon", "coordinates": [[[-7.6332209, 42.8041849], [-7.6331925, 42.8042032], [-7.6331732, 42.804227], [-7.6331649, 42.804254], [-7.6331684, 42.8042815], [-7.6331833, 42.8043069], [-7.6332082, 42.8043277], [-7.6332406, 42.8043419], [-7.6332774, 42.804348], [-7.633315, 42.8043454], [-7.6333496, 42.8043345], [-7.6333779, 42.8043162], [-7.6333972, 42.8042924], [-7.6334055, 42.8042655], [-7.6334021, 42.8042379], [-7.6333872, 42.8042125], [-7.6333623, 42.8041917], [-7.6333298, 42.8041775], [-7.6332931, 42.8041715], [-7.6332555, 42.804174], [-7.6332209, 42.8041849]]]}, "properties": {"osm_id": "1300317899", "osm_type": "way", "label_class": "0", "site_class": "mound", "name": "A Modorra do Alto dos Coios", "confidence": "high", "evidence": "archaeological_site=tumulus", "archaeological_site": "tumulus", "civilization": "", "fortification_type": "", "wikidata": "", "centroid_lon": "-7.63328217", "centroid_lat": "42.80425615", "area_m2": "299.5", "perimeter_m": "61.6", "equivalent_radius_m": "9.8", "circularity": "0.9918", "vertices": "21", "matched_catalogue_id": "wl-neg-neg-es-pba-38582", "matched_catalogue_name": "Mámoa do Alto dos Coios", "matched_distance_m": "0"}}, {"type": "Feature", "geometry": {"type": "Polygon", "coordinates": [[[-7.6248685, 43.5135783], [-7.6248148, 43.5136055], [-7.6248014, 43.5136366], [-7.6248121, 43.5136697], [-7.6248497, 43.5137047], [-7.6248872, 43.5137164], [-7.6249436, 43.5137106], [-7.6249838, 43.5136736], [-7.6249704, 43.5136289], [-7.6249409, 43.5135919], [-7.6249167, 43.5135802], [-7.6248685, 43.5135783]]]}, "properties": {"osm_id": "1300350012", "osm_type": "way", "label_class": "0", "site_class": "mound", "name": "Mámoa da Cruz de Garamallo", "confidence": "high", "evidence": "archaeological_site=tumulus", "archaeological_site": "tumulus", "civilization": "", "fortification_type": "", "wikidata": "", "centroid_lon": "-7.62488813", "centroid_lat": "43.51363956", "area_m2": "167.1", "perimeter_m": "46.9", "equivalent_radius_m": "7.3", "circularity": "0.9558", "vertices": "12", "matched_catalogue_id": "wl-neg-neg-es-pba-35091", "matched_catalogue_name": "Mámoa da Cruz de Garamallo 1/Mámoa de Pena Carreirosa", "matched_distance_m": "1"}}, {"type": "Feature", "geometry": {"type": "Polygon", "coordinates": [[[-7.6258233, 43.5037797], [-7.6257455, 43.5038128], [-7.6257294, 43.503877], [-7.6257643, 43.5039256], [-7.6258287, 43.5039489], [-7.6258931, 43.5039548], [-7.625936, 43.5039334], [-7.6259655, 43.503877], [-7.6259467, 43.5038069], [-7.6259065, 43.5037777], [-7.6258233, 43.5037797]]]}, "properties": {"osm_id": "1300350446", "osm_type": "way", "label_class": "0", "site_class": "mound", "name": "Mámoa da Cruz de Garamallo 3", "confidence": "high", "evidence": "archaeological_site=tumulus", "archaeological_site": "tumulus", "civilization": "", "fortification_type": "", "wikidata": "", "centroid_lon": "-7.62585112", "centroid_lat": "43.50386123", "area_m2": "290.3", "perimeter_m": "61.9", "equivalent_radius_m": "9.6", "circularity": "0.9527", "vertices": "11", "matched_catalogue_id": "wl-neg-neg-es-pba-35093", "matched_catalogue_name": "Mámoa da Cruz de Garamallo 3/Mámoa do Chao das Modias 2", "matched_distance_m": "1"}}, {"type": "Feature", "geometry": {"type": "Polygon", "coordinates": [[[-7.6258341, 43.5045423], [-7.6257804, 43.5045793], [-7.6257643, 43.5046279], [-7.6257777, 43.5046727], [-7.6258126, 43.5047057], [-7.6258931, 43.5047213], [-7.6259521, 43.5046999], [-7.625995, 43.5046493], [-7.6259923, 43.5045909], [-7.6259494, 43.5045481], [-7.6259038, 43.5045287], [-7.6258341, 43.5045423]]]}, "properties": {"osm_id": "1300350447", "osm_type": "way", "label_class": "0", "site_class": "mound", "name": "Mámoa da Cruz de Garamallo 2", "confidence": "high", "evidence": "archaeological_site=tumulus", "archaeological_site": "tumulus", "civilization": "", "fortification_type": "", "wikidata": "", "centroid_lon": "-7.62587407", "centroid_lat": "43.50461737", "area_m2": "298.9", "perimeter_m": "62.4", "equivalent_radius_m": "9.8", "circularity": "0.9636", "vertices": "12", "matched_catalogue_id": "wl-neg-neg-es-pba-35092", "matched_catalogue_name": "Mámoa da Cruz de Garamallo 2/Mámoa do Chao das Modias 1", "matched_distance_m": "1"}}, {"type": "Feature", "geometry": {"type": "Polygon", "coordinates": [[[-7.8420228, 43.0234393], [-7.8419996, 43.02346], [-7.8419864, 43.0234849], [-7.8419843, 43.0235116], [-7.8419936, 43.0235374], [-7.8420134, 43.0235599], [-7.8420417, 43.0235768], [-7.8420758, 43.0235865], [-7.8421123, 43.023588], [-7.8421476, 43.0235812], [-7.8421783, 43.0235668], [-7.8422015, 43.0235461], [-7.8422147, 43.0235212], [-7.8422168, 43.0234945], [-7.8422075, 43.0234686], [-7.8421877, 43.0234462], [-7.8421594, 43.0234293], [-7.8421254, 43.0234196], [-7.8420889, 43.0234181], [-7.8420535, 43.0234249], [-7.8420228, 43.0234393]]]}, "properties": {"osm_id": "1302755792", "osm_type": "way", "label_class": "0", "site_class": "mound", "name": "Mámoa das Gándaras de Relucín 6", "confidence": "high", "evidence": "archaeological_site=tumulus", "archaeological_site": "tumulus", "civilization": "", "fortification_type": "", "wikidata": "", "centroid_lon": "-7.84209686", "centroid_lat": "43.02350001", "area_m2": "279.3", "perimeter_m": "59.5", "equivalent_radius_m": "9.4", "circularity": "0.9918", "vertices": "21", "matched_catalogue_id": "wl-neg-neg-es-pba-30475", "matched_catalogue_name": "Mámoa das Gándaras de Relucín 6", "matched_distance_m": "4"}}, {"type": "Feature", "geometry": {"type": "Polygon", "coordinates": [[[-7.8436938, 43.0239099], [-7.8436656, 43.0239225], [-7.8436451, 43.0239414], [-7.8436346, 43.0239643], [-7.8436354, 43.0239885], [-7.8436476, 43.024011], [-7.8436694, 43.0240291], [-7.8436985, 43.0240406], [-7.8437312, 43.0240442], [-7.8437635, 43.0240393], [-7.8437917, 43.0240267], [-7.8438123, 43.0240078], [-7.8438228, 43.0239849], [-7.8438219, 43.0239608], [-7.8438098, 43.0239383], [-7.8437879, 43.0239202], [-7.8437588, 43.0239087], [-7.8437262, 43.0239051], [-7.8436938, 43.0239099]]]}, "properties": {"osm_id": "1302755793", "osm_type": "way", "label_class": "0", "site_class": "mound", "name": "Mámoa das Gándaras de Relucín 5", "confidence": "high", "evidence": "archaeological_site=tumulus", "archaeological_site": "tumulus", "civilization": "", "fortification_type": "", "wikidata": "", "centroid_lon": "-7.84372684", "centroid_lat": "43.02397122", "area_m2": "184.6", "perimeter_m": "48.4", "equivalent_radius_m": "7.7", "circularity": "0.9898", "vertices": "19", "matched_catalogue_id": "wl-neg-neg-es-pba-30474", "matched_catalogue_name": "Mámoa das Gándaras de Relucín 5", "matched_distance_m": "1"}}, {"type": "Feature", "geometry": {"type": "Polygon", "coordinates": [[[-7.7175951, 43.2476998], [-7.7173591, 43.2476215], [-7.7170587, 43.2476411], [-7.7163882, 43.2480475], [-7.7164793, 43.2484383], [-7.7167744, 43.248618], [-7.7172089, 43.2486414], [-7.7175737, 43.248532], [-7.7177829, 43.2483484], [-7.717815, 43.2481177], [-7.7177024, 43.24786], [-7.7175951, 43.2476998]]]}, "properties": {"osm_id": "1302864467", "osm_type": "way", "label_class": "1", "site_class": "castro", "name": "Castro de Lodeiro", "confidence": "high", "evidence": "fortification_type=hill_fort", "archaeological_site": "fortification", "civilization": "castro_culture", "fortification_type": "hill_fort", "wikidata": "Q130219868", "centroid_lon": "-7.71727773", "centroid_lat": "43.24810546", "area_m2": "9796.3", "perimeter_m": "361.2", "equivalent_radius_m": "55.8", "circularity": "0.9438", "vertices": "12", "matched_catalogue_id": "wl-pos-pos-es-pba-43418", "matched_catalogue_name": "Castro de Lodeiro", "matched_distance_m": "13"}}, {"type": "Feature", "geometry": {"type": "Polygon", "coordinates": [[[-7.6901186, 42.4790131], [-7.6897323, 42.4788311], [-7.6891852, 42.4786649], [-7.6887989, 42.4786886], [-7.6885414, 42.4789102], [-7.688638, 42.4793929], [-7.6889491, 42.4798676], [-7.6894534, 42.4799942], [-7.6901186, 42.4799547], [-7.6905155, 42.4798518], [-7.6906765, 42.4795986], [-7.6905906, 42.4793454], [-7.6903224, 42.4790922], [-7.6901186, 42.4790131]]]}, "properties": {"osm_id": "1303315342", "osm_type": "way", "label_class": "1", "site_class": "castro", "name": "Castro de Vilamirón", "confidence": "high", "evidence": "fortification_type=hill_fort", "archaeological_site": "fortification", "civilization": "castro_culture", "fortification_type": "hill_fort", "wikidata": "", "centroid_lon": "-7.68969708", "centroid_lat": "42.47930131", "area_m2": "18627.7", "perimeter_m": "511.5", "equivalent_radius_m": "77.0", "circularity": "0.8948", "vertices": "14", "matched_catalogue_id": "wl-pos-pos-es-pba-37412", "matched_catalogue_name": "Castro de Vilamirón", "matched_distance_m": "36"}}, {"type": "Feature", "geometry": {"type": "Polygon", "coordinates": [[[-7.6664186, 42.527895], [-7.6653564, 42.5279029], [-7.6647663, 42.5281084], [-7.6644874, 42.5284642], [-7.6643157, 42.5289228], [-7.6644659, 42.5297055], [-7.665174, 42.5301404], [-7.665807, 42.5303697], [-7.6668048, 42.5302827], [-7.6676095, 42.5299744], [-7.667867, 42.5295158], [-7.6679742, 42.5290019], [-7.6678455, 42.5286382], [-7.6675558, 42.5283219], [-7.6669765, 42.5280294], [-7.6664186, 42.527895]]]}, "properties": {"osm_id": "1303315345", "osm_type": "way", "label_class": "1", "site_class": "castro", "name": "Castro de Santa Mariña", "confidence": "high", "evidence": "fortification_type=hill_fort", "archaeological_site": "fortification", "civilization": "castro_culture", "fortification_type": "hill_fort", "wikidata": "", "centroid_lon": "-7.66624020", "centroid_lat": "42.52894801", "area_m2": "65610.5", "perimeter_m": "920.9", "equivalent_radius_m": "144.5", "circularity": "0.9722", "vertices": "16", "matched_catalogue_id": "wl-pos-pos-es-pba-37384", "matched_catalogue_name": "Castro de Santa Mariña", "matched_distance_m": "23"}}, {"type": "Feature", "geometry": {"type": "Polygon", "coordinates": [[[-7.4246121, 42.6538779], [-7.4243116, 42.6539015], [-7.4240756, 42.653728], [-7.4239147, 42.6535228], [-7.4238503, 42.6533413], [-7.4238396, 42.6532072], [-7.4238879, 42.6530671], [-7.4240542, 42.6530257], [-7.4242205, 42.6530612], [-7.4243546, 42.6531756], [-7.4246121, 42.653365], [-7.4247301, 42.653507], [-7.4247837, 42.6536648], [-7.424773, 42.6537753], [-7.4246121, 42.6538779]]]}, "properties": {"osm_id": "1303590747", "osm_type": "way", "label_class": "1", "site_class": "castro", "name": "Castro de Belesar", "confidence": "high", "evidence": "fortification_type=hill_fort", "archaeological_site": "fortification", "civilization": "castro_culture", "fortification_type": "hill_fort", "wikidata": "", "centroid_lon": "-7.42430881", "centroid_lat": "42.65347322", "area_m2": "4938.2", "perimeter_m": "271.9", "equivalent_radius_m": "39.6", "circularity": "0.8392", "vertices": "15", "matched_catalogue_id": "wl-pos-pos-es-pba-32299", "matched_catalogue_name": "Castro de Belesar", "matched_distance_m": "20"}}, {"type": "Feature", "geometry": {"type": "Polygon", "coordinates": [[[-7.8940549, 42.7944419], [-7.8939879, 42.7946291], [-7.8940094, 42.7948378], [-7.8940952, 42.7949834], [-7.8943312, 42.7950936], [-7.8945565, 42.7950936], [-7.8947175, 42.7950149], [-7.8948033, 42.794885], [-7.8948408, 42.7947354], [-7.8947872, 42.7945819], [-7.8946585, 42.7944559], [-7.8944492, 42.7943654], [-7.8942239, 42.7943378], [-7.894122, 42.7943693], [-7.8940549, 42.7944419]]]}, "properties": {"osm_id": "1303945227", "osm_type": "way", "label_class": "1", "site_class": "castro", "name": "Castro de Xerdimil", "confidence": "high", "evidence": "fortification_type=hill_fort", "archaeological_site": "fortification", "civilization": "castro_culture", "fortification_type": "hill_fort", "wikidata": "", "centroid_lon": "-7.89437949", "centroid_lat": "42.79468446", "area_m2": "4552.3", "perimeter_m": "245.0", "equivalent_radius_m": "38.1", "circularity": "0.9528", "vertices": "15", "matched_catalogue_id": "wl-pos-pos-es-pba-27024", "matched_catalogue_name": "Castro de Xerdimil", "matched_distance_m": "17"}}, {"type": "Feature", "geometry": {"type": "Polygon", "coordinates": [[[-7.583887, 43.0925141], [-7.5838571, 43.0925331], [-7.5838367, 43.0925579], [-7.5838278, 43.092586], [-7.5838313, 43.0926148], [-7.5838468, 43.0926414], [-7.5838727, 43.0926632], [-7.5839067, 43.0926781], [-7.5839452, 43.0926846], [-7.5839847, 43.0926821], [-7.5840211, 43.0926708], [-7.584051, 43.0926518], [-7.5840714, 43.0926271], [-7.5840803, 43.0925989], [-7.5840768, 43.0925701], [-7.5840613, 43.0925435], [-7.5840354, 43.0925217], [-7.5840014, 43.0925068], [-7.5839629, 43.0925003], [-7.5839234, 43.0925028], [-7.583887, 43.0925141]]]}, "properties": {"osm_id": "1304117131", "osm_type": "way", "label_class": "0", "site_class": "mound", "name": "Mámoa de Penelas", "confidence": "high", "evidence": "archaeological_site=tumulus", "archaeological_site": "tumulus", "civilization": "prehistoric", "fortification_type": "", "wikidata": "", "centroid_lon": "-7.58395086", "centroid_lat": "43.09258872", "area_m2": "326.9", "perimeter_m": "64.4", "equivalent_radius_m": "10.2", "circularity": "0.9918", "vertices": "21", "matched_catalogue_id": "wl-neg-neg-es-pba-35711", "matched_catalogue_name": "Mámoa de Penelas", "matched_distance_m": "1"}}, {"type": "Feature", "geometry": {"type": "Polygon", "coordinates": [[[-7.2668896, 42.8323023], [-7.2666708, 42.8325559], [-7.2668755, 42.8330425], [-7.267479, 42.8334411], [-7.2678108, 42.8335498], [-7.2680155, 42.8333816], [-7.2680684, 42.8329778], [-7.2680296, 42.8326413], [-7.2677402, 42.8323747], [-7.2674967, 42.832323], [-7.2671896, 42.8322945], [-7.2668896, 42.8323023]]]}, "properties": {"osm_id": "1305285821", "osm_type": "way", "label_class": "1", "site_class": "castro", "name": "Castro de Soaxe", "confidence": "high", "evidence": "fortification_type=hill_fort", "archaeological_site": "fortification", "civilization": "castro_culture", "fortification_type": "hill_fort", "wikidata": "", "centroid_lon": "-7.26742961", "centroid_lat": "42.83276557", "area_m2": "11178.3", "perimeter_m": "402.3", "equivalent_radius_m": "59.7", "circularity": "0.8679", "vertices": "12", "matched_catalogue_id": "wl-pos-pos-es-pba-31624", "matched_catalogue_name": "Castro de Suaxe", "matched_distance_m": "87"}}, {"type": "Feature", "geometry": {"type": "Polygon", "coordinates": [[[-7.1707158, 42.9467493], [-7.1705323, 42.946788], [-7.1704158, 42.946894], [-7.1704087, 42.9473202], [-7.170437, 42.9476251], [-7.1704899, 42.9477517], [-7.1706452, 42.9478163], [-7.1709099, 42.9478163], [-7.1712241, 42.9477775], [-7.1713088, 42.9476923], [-7.1713582, 42.9474623], [-7.1713476, 42.9471807], [-7.1712276, 42.9469353], [-7.1710299, 42.9468268], [-7.1708535, 42.9467467], [-7.1707158, 42.9467493]]]}, "properties": {"osm_id": "1305286989", "osm_type": "way", "label_class": "1", "site_class": "castro", "name": "O Castro", "confidence": "high", "evidence": "fortification_type=hill_fort", "archaeological_site": "fortification", "civilization": "castro_culture", "fortification_type": "hill_fort", "wikidata": "", "centroid_lon": "-7.17085126", "centroid_lat": "42.94725824", "area_m2": "7932.0", "perimeter_m": "335.3", "equivalent_radius_m": "50.2", "circularity": "0.8866", "vertices": "16", "matched_catalogue_id": "wl-pos-pos-es-pba-44633", "matched_catalogue_name": "O Castro", "matched_distance_m": "9"}}, {"type": "Feature", "geometry": {"type": "Polygon", "coordinates": [[[-7.1635016, 43.0555658], [-7.163311, 43.0557618], [-7.1632016, 43.0561203], [-7.1633393, 43.0565716], [-7.1634946, 43.0567418], [-7.1637981, 43.0568372], [-7.1643946, 43.0567444], [-7.1647228, 43.0566129], [-7.1648252, 43.0565149], [-7.1649311, 43.0562957], [-7.1649593, 43.0560997], [-7.164864, 43.0558882], [-7.1647475, 43.0557489], [-7.1645287, 43.0556922], [-7.1642887, 43.0556045], [-7.1640946, 43.055522], [-7.1638863, 43.0554833], [-7.1636569, 43.0555039], [-7.163544, 43.0555297], [-7.1635016, 43.0555658]]]}, "properties": {"osm_id": "1305287227", "osm_type": "way", "label_class": "1", "site_class": "castro", "name": "O Castrón", "confidence": "high", "evidence": "fortification_type=hill_fort", "archaeological_site": "fortification", "civilization": "castro_culture", "fortification_type": "hill_fort", "wikidata": "", "centroid_lon": "-7.16407957", "centroid_lat": "43.05602023", "area_m2": "16352.7", "perimeter_m": "463.5", "equivalent_radius_m": "72.1", "circularity": "0.9565", "vertices": "20", "matched_catalogue_id": "", "matched_catalogue_name": "", "matched_distance_m": ""}}, {"type": "Feature", "geometry": {"type": "Polygon", "coordinates": [[[-7.4879343, 42.4133965], [-7.4876337, 42.4135667], [-7.4875802, 42.4137763], [-7.487617, 42.413939], [-7.4878341, 42.4141733], [-7.488078, 42.4142424], [-7.4884588, 42.4142374], [-7.4888395, 42.4141166], [-7.4888963, 42.4139514], [-7.4888629, 42.4137344], [-7.4887661, 42.4135247], [-7.4885289, 42.4134039], [-7.4883285, 42.413394], [-7.488088, 42.4133718], [-7.4879343, 42.4133965]]]}, "properties": {"osm_id": "1305297059", "osm_type": "way", "label_class": "1", "site_class": "castro", "name": "Castro da Coroa", "confidence": "high", "evidence": "fortification_type=hill_fort", "archaeological_site": "fortification", "civilization": "castro_culture", "fortification_type": "hill_fort", "wikidata": "", "centroid_lon": "-7.48822537", "centroid_lat": "42.41374833", "area_m2": "8448.4", "perimeter_m": "332.7", "equivalent_radius_m": "51.9", "circularity": "0.9594", "vertices": "15", "matched_catalogue_id": "wl-pos-pos-es-pba-41534", "matched_catalogue_name": "Castro da Coroa/A Medorra", "matched_distance_m": "33"}}, {"type": "Feature", "geometry": {"type": "Polygon", "coordinates": [[[-7.6100902, 42.4720636], [-7.6095692, 42.4721794], [-7.6092886, 42.4723322], [-7.6092485, 42.4725317], [-7.6092719, 42.472719], [-7.6093721, 42.4728841], [-7.609666, 42.4729407], [-7.6100101, 42.4728767], [-7.6102806, 42.4727609], [-7.610441, 42.472682], [-7.6105913, 42.4725687], [-7.6105913, 42.4724036], [-7.6104811, 42.4721917], [-7.6102907, 42.472071], [-7.6100902, 42.4720636]]]}, "properties": {"osm_id": "1305297129", "osm_type": "way", "label_class": "1", "site_class": "castro", "name": "Castro de Vilaescura", "confidence": "high", "evidence": "fortification_type=hill_fort", "archaeological_site": "fortification", "civilization": "castro_culture", "fortification_type": "hill_fort", "wikidata": "", "centroid_lon": "-7.60995219", "centroid_lat": "42.47248459", "area_m2": "8073.6", "perimeter_m": "330.8", "equivalent_radius_m": "50.7", "circularity": "0.9270", "vertices": "15", "matched_catalogue_id": "wl-pos-pos-es-pba-40999", "matched_catalogue_name": "Castro de Vilaescura", "matched_distance_m": "11"}}, {"type": "Feature", "geometry": {"type": "Polygon", "coordinates": [[[-7.3242915, 43.2004159], [-7.323705, 43.200352], [-7.3233207, 43.200578], [-7.3232735, 43.2008778], [-7.3235432, 43.2012906], [-7.3238196, 43.2015068], [-7.3242241, 43.2014724], [-7.3246421, 43.2013496], [-7.3248241, 43.2011874], [-7.3248173, 43.2009564], [-7.3247567, 43.2007107], [-7.324487, 43.2005043], [-7.3242915, 43.2004159]]]}, "properties": {"osm_id": "1305299680", "osm_type": "way", "label_class": "1", "site_class": "castro", "name": "Castro de Ferreiros", "confidence": "high", "evidence": "fortification_type=hill_fort", "archaeological_site": "fortification", "civilization": "castro_culture", "fortification_type": "hill_fort", "wikidata": "", "centroid_lon": "-7.32415356", "centroid_lat": "43.20089368", "area_m2": "12216.5", "perimeter_m": "402.4", "equivalent_radius_m": "62.4", "circularity": "0.9479", "vertices": "13", "matched_catalogue_id": "wl-pos-pos-es-pba-38978", "matched_catalogue_name": "Castro de Ferreiros/Castro de Gomesende/A Santa", "matched_distance_m": "13"}}, {"type": "Feature", "geometry": {"type": "Polygon", "coordinates": [[[-8.2310257, 42.8970904], [-8.230817, 42.8972599], [-8.2307716, 42.8975324], [-8.2307217, 42.8976287], [-8.2306492, 42.8977816], [-8.2306582, 42.8980076], [-8.2307036, 42.8981139], [-8.2309758, 42.8982801], [-8.2312706, 42.8983033], [-8.2315791, 42.8982269], [-8.2319147, 42.8981039], [-8.2320599, 42.8979909], [-8.2321506, 42.8978348], [-8.2322096, 42.8976786], [-8.2321642, 42.8974726], [-8.2320871, 42.897333], [-8.2319556, 42.8971369], [-8.2318104, 42.8970073], [-8.2316698, 42.8969242], [-8.2315292, 42.8969143], [-8.2313613, 42.8969608], [-8.2311935, 42.8970372], [-8.2310257, 42.8970904]]]}, "properties": {"osm_id": "1305307348", "osm_type": "way", "label_class": "1", "site_class": "castro", "name": "Castro de Baiobre de Branzá", "confidence": "high", "evidence": "fortification_type=hill_fort", "archaeological_site": "fortification", "civilization": "castro_culture", "fortification_type": "hill_fort", "wikidata": "", "centroid_lon": "-8.23140453", "centroid_lat": "42.89755260", "area_m2": "14585.6", "perimeter_m": "442.4", "equivalent_radius_m": "68.1", "circularity": "0.9367", "vertices": "23", "matched_catalogue_id": "wl-pos-pos-es-pba-25007", "matched_catalogue_name": "Castro de Baiobre de Branzá", "matched_distance_m": "10"}}, {"type": "Feature", "geometry": {"type": "Polygon", "coordinates": [[[-7.777977, 43.146464], [-7.7779402, 43.1464918], [-7.7779128, 43.1465248], [-7.7778961, 43.1465614], [-7.777891, 43.1465998], [-7.7778977, 43.1466381], [-7.777916, 43.1466743], [-7.7779449, 43.1467067], [-7.7779828, 43.1467336], [-7.7780281, 43.1467536], [-7.7780783, 43.1467658], [-7.778131, 43.1467695], [-7.7781834, 43.1467645], [-7.7782331, 43.1467512], [-7.7782774, 43.1467302], [-7.7783143, 43.1467025], [-7.7783417, 43.1466695], [-7.7783584, 43.1466328], [-7.7783635, 43.1465944], [-7.7783567, 43.1465561], [-7.7783385, 43.1465199], [-7.7783096, 43.1464875], [-7.7782716, 43.1464607], [-7.7782264, 43.1464406], [-7.7781762, 43.1464285], [-7.7781235, 43.1464247], [-7.778071, 43.1464297], [-7.7780214, 43.146443], [-7.777977, 43.146464]]]}, "properties": {"osm_id": "1308678216", "osm_type": "way", "label_class": "0", "site_class": "mound", "name": "Medoña da Regiña 5", "confidence": "high", "evidence": "archaeological_site=tumulus", "archaeological_site": "tumulus", "civilization": "prehistoric", "fortification_type": "", "wikidata": "", "centroid_lon": "-7.77812206", "centroid_lat": "43.14659252", "area_m2": "1147.3", "perimeter_m": "120.3", "equivalent_radius_m": "19.1", "circularity": "0.9958", "vertices": "29", "matched_catalogue_id": "wl-neg-neg-es-pba-32322", "matched_catalogue_name": "Medoña da Regina 3", "matched_distance_m": "120"}}, {"type": "Feature", "geometry": {"type": "Polygon", "coordinates": [[[-7.778304, 43.1462663], [-7.7782726, 43.146283], [-7.7782498, 43.146306], [-7.7782378, 43.146333], [-7.7782379, 43.1463614], [-7.77825, 43.1463884], [-7.7782729, 43.1464113], [-7.7783045, 43.1464279], [-7.7783415, 43.1464367], [-7.7783804, 43.1464366], [-7.7784173, 43.1464278], [-7.7784488, 43.146411], [-7.7784716, 43.1463881], [-7.7784835, 43.146361], [-7.7784834, 43.1463327], [-7.7784713, 43.1463057], [-7.7784484, 43.1462828], [-7.7784169, 43.1462661], [-7.7783799, 43.1462574], [-7.778341, 43.1462575], [-7.778304, 43.1462663]]]}, "properties": {"osm_id": "1308678217", "osm_type": "way", "label_class": "0", "site_class": "mound", "name": "Medoña da Regiña 4", "confidence": "high", "evidence": "archaeological_site=tumulus", "archaeological_site": "tumulus", "civilization": "prehistoric", "fortification_type": "", "wikidata": "", "centroid_lon": "-7.77835798", "centroid_lat": "43.14634319", "area_m2": "315.1", "perimeter_m": "63.2", "equivalent_radius_m": "10.0", "circularity": "0.9918", "vertices": "21", "matched_catalogue_id": "wl-neg-neg-es-pba-32322", "matched_catalogue_name": "Medoña da Regina 3", "matched_distance_m": "138"}}, {"type": "Feature", "geometry": {"type": "Polygon", "coordinates": [[[-7.7248679, 43.0084916], [-7.7246997, 43.0085763], [-7.7245614, 43.0087923], [-7.724625, 43.0090246], [-7.7248493, 43.0092023], [-7.725081, 43.0092159], [-7.7253202, 43.0091421], [-7.725466, 43.0090328], [-7.7254847, 43.0089453], [-7.7254286, 43.0087813], [-7.7253202, 43.0086037], [-7.7251221, 43.0085107], [-7.7249876, 43.0084807], [-7.7248679, 43.0084916]]]}, "properties": {"osm_id": "1308902353", "osm_type": "way", "label_class": "1", "site_class": "castro", "name": "Castro de Paradela", "confidence": "high", "evidence": "fortification_type=hill_fort", "archaeological_site": "fortification", "civilization": "castro_culture", "fortification_type": "hill_fort", "wikidata": "", "centroid_lon": "-7.72504869", "centroid_lat": "43.00880651", "area_m2": "4563.0", "perimeter_m": "244.3", "equivalent_radius_m": "38.1", "circularity": "0.9609", "vertices": "14", "matched_catalogue_id": "wl-pos-pos-es-pba-31165", "matched_catalogue_name": "Castro de Paradela", "matched_distance_m": "6"}}, {"type": "Feature", "geometry": {"type": "Polygon", "coordinates": [[[-7.7428131, 43.0090383], [-7.7427871, 43.009052], [-7.7427691, 43.0090714], [-7.7427612, 43.0090941], [-7.7427644, 43.0091174], [-7.7427784, 43.0091386], [-7.7428014, 43.0091549], [-7.7428306, 43.0091645], [-7.7428626, 43.0091663], [-7.7428935, 43.0091599], [-7.7429195, 43.0091462], [-7.7429376, 43.0091268], [-7.7429454, 43.009104], [-7.7429422, 43.0090807], [-7.7429282, 43.0090596], [-7.7429053, 43.0090432], [-7.742876, 43.0090336], [-7.742844, 43.0090319], [-7.7428131, 43.0090383]]]}, "properties": {"osm_id": "1308903073", "osm_type": "way", "label_class": "0", "site_class": "mound", "name": "Medorra de Rolfe", "confidence": "high", "evidence": "archaeological_site=tumulus", "archaeological_site": "tumulus", "civilization": "prehistoric", "fortification_type": "", "wikidata": "", "centroid_lon": "-7.74285119", "centroid_lat": "43.00909588", "area_m2": "174.0", "perimeter_m": "47.0", "equivalent_radius_m": "7.4", "circularity": "0.9898", "vertices": "19", "matched_catalogue_id": "wl-neg-neg-es-pba-30567", "matched_catalogue_name": "Medorra de Rolfe", "matched_distance_m": "1"}}, {"type": "Feature", "geometry": {"type": "Polygon", "coordinates": [[[-7.2900939, 43.2733855], [-7.2898794, 43.2740028], [-7.2899652, 43.2745028], [-7.290566, 43.2748465], [-7.2911025, 43.274659], [-7.2912527, 43.2741747], [-7.291081, 43.2735654], [-7.2905446, 43.2733154], [-7.2900939, 43.2733855]]]}, "properties": {"osm_id": "1312628174", "osm_type": "way", "label_class": "1", "site_class": "castro", "name": "Castro de Rea de Cruz", "confidence": "high", "evidence": "fortification_type=hill_fort", "archaeological_site": "fortification", "civilization": "castro_culture", "fortification_type": "hill_fort", "wikidata": "", "centroid_lon": "-7.29050880", "centroid_lat": "43.27398196", "area_m2": "14204.3", "perimeter_m": "450.6", "equivalent_radius_m": "67.2", "circularity": "0.8790", "vertices": "9", "matched_catalogue_id": "wl-pos-pos-es-pba-36834", "matched_catalogue_name": "Castro de Rea de Cruz", "matched_distance_m": "1"}}, {"type": "Feature", "geometry": {"type": "Polygon", "coordinates": [[[-7.379192, 43.1921373], [-7.3788267, 43.1922044], [-7.378462, 43.1925603], [-7.3783815, 43.1927911], [-7.378419, 43.1930609], [-7.3786283, 43.1933386], [-7.3790199, 43.1934129], [-7.3795295, 43.1932565], [-7.3798674, 43.1931274], [-7.3799318, 43.1928341], [-7.3798889, 43.192533], [-7.3797172, 43.1922709], [-7.3794437, 43.192134], [-7.379192, 43.1921373]]]}, "properties": {"osm_id": "1312629797", "osm_type": "way", "label_class": "1", "site_class": "castro", "name": "Castro da Azúmara", "confidence": "high", "evidence": "fortification_type=hill_fort", "archaeological_site": "fortification", "civilization": "castro_culture", "fortification_type": "hill_fort", "wikidata": "", "centroid_lon": "-7.37917856", "centroid_lat": "43.19269991", "area_m2": "13791.8", "perimeter_m": "427.1", "equivalent_radius_m": "66.3", "circularity": "0.9500", "vertices": "14", "matched_catalogue_id": "wl-pos-pos-es-pba-27820", "matched_catalogue_name": "Castro de Azúmara", "matched_distance_m": "8"}}, {"type": "Feature", "geometry": {"type": "Polygon", "coordinates": [[[-7.4194112, 43.1314267], [-7.4193227, 43.1314776], [-7.4193093, 43.1315344], [-7.4193388, 43.1316342], [-7.4193978, 43.1316577], [-7.4194729, 43.1316753], [-7.4195561, 43.1316518], [-7.4196017, 43.131599], [-7.419607, 43.1315403], [-7.4195534, 43.131462], [-7.4194756, 43.1314287], [-7.4194112, 43.1314267]]]}, "properties": {"osm_id": "1312630493", "osm_type": "way", "label_class": "0", "site_class": "mound", "name": "Medorra da Rodela de Ludrio", "confidence": "high", "evidence": "archaeological_site=tumulus", "archaeological_site": "tumulus", "civilization": "prehistoric", "fortification_type": "", "wikidata": "", "centroid_lon": "-7.41945481", "centroid_lat": "43.13154287", "area_m2": "509.1", "perimeter_m": "81.9", "equivalent_radius_m": "12.7", "circularity": "0.9549", "vertices": "12", "matched_catalogue_id": "wl-neg-neg-es-pba-27858", "matched_catalogue_name": "Medorra de Rodela de Ludrio", "matched_distance_m": "1"}}, {"type": "Feature", "geometry": {"type": "Polygon", "coordinates": [[[-7.7638739, 43.205428], [-7.7638042, 43.2054691], [-7.7637935, 43.2055356], [-7.7638176, 43.2055883], [-7.7638659, 43.2056177], [-7.7639195, 43.2056235], [-7.7640107, 43.2056118], [-7.7640563, 43.2055883], [-7.7640858, 43.2055414], [-7.7640939, 43.2054886], [-7.764051, 43.2054456], [-7.7639464, 43.2054143], [-7.7638739, 43.205428]]]}, "properties": {"osm_id": "1313060967", "osm_type": "way", "label_class": "0", "site_class": "mound", "name": "Medoña de Albardillas", "confidence": "high", "evidence": "archaeological_site=tumulus", "archaeological_site": "tumulus", "civilization": "prehistoric", "fortification_type": "", "wikidata": "", "centroid_lon": "-7.76393789", "centroid_lat": "43.20552155", "area_m2": "436.0", "perimeter_m": "75.3", "equivalent_radius_m": "11.8", "circularity": "0.9667", "vertices": "13", "matched_catalogue_id": "wl-neg-neg-es-pba-32360", "matched_catalogue_name": "Medoña de Albardillas", "matched_distance_m": "2"}}, {"type": "Feature", "geometry": {"type": "Polygon", "coordinates": [[[-7.909695, 42.7997052], [-7.9095474, 42.7998899], [-7.9094294, 42.8001064], [-7.9093918, 42.800254], [-7.9094401, 42.8003799], [-7.9095742, 42.8004803], [-7.9097807, 42.8005255], [-7.9101536, 42.8005196], [-7.9103869, 42.8004783], [-7.9105398, 42.8004232], [-7.9106364, 42.8003622], [-7.9106846, 42.8002441], [-7.9106632, 42.8000276], [-7.9105774, 42.7998033], [-7.9104003, 42.7996577], [-7.9102635, 42.7996084], [-7.9100597, 42.7995888], [-7.9099014, 42.7995868], [-7.9097593, 42.7996321], [-7.909695, 42.7997052]]]}, "properties": {"osm_id": "1314935553", "osm_type": "way", "label_class": "1", "site_class": "castro", "name": "Castro do Pazo", "confidence": "high", "evidence": "fortification_type=hill_fort", "archaeological_site": "fortification", "civilization": "castro_culture", "fortification_type": "hill_fort", "wikidata": "", "centroid_lon": "-7.91002898", "centroid_lat": "42.80004892", "area_m2": "8719.9", "perimeter_m": "338.8", "equivalent_radius_m": "52.7", "circularity": "0.9548", "vertices": "20", "matched_catalogue_id": "wl-pos-pos-es-pba-27026", "matched_catalogue_name": "Castro do Pazo", "matched_distance_m": "24"}}, {"type": "Feature", "geometry": {"type": "Polygon", "coordinates": [[[-7.6747817, 43.0642829], [-7.6744545, 43.0642633], [-7.6740521, 43.0643378], [-7.6739609, 43.0644005], [-7.6739931, 43.0645729], [-7.6740843, 43.0647336], [-7.6742292, 43.0648512], [-7.6744706, 43.0648865], [-7.6747173, 43.0648708], [-7.6748568, 43.0647885], [-7.6747871, 43.0645965], [-7.6747388, 43.0645181], [-7.6747871, 43.0643887], [-7.6747817, 43.0642829]]]}, "properties": {"osm_id": "1316030586", "osm_type": "way", "label_class": "1", "site_class": "castro", "name": "Castro do Pazo", "confidence": "high", "evidence": "fortification_type=hill_fort", "archaeological_site": "fortification", "civilization": "castro_culture", "fortification_type": "hill_fort", "wikidata": "", "centroid_lon": "-7.67447823", "centroid_lat": "43.06455530", "area_m2": "3922.4", "perimeter_m": "240.1", "equivalent_radius_m": "35.3", "circularity": "0.8547", "vertices": "14", "matched_catalogue_id": "wl-pos-pos-es-pba-36112", "matched_catalogue_name": "Castro do Pazo", "matched_distance_m": "2"}}, {"type": "Feature", "geometry": {"type": "Polygon", "coordinates": [[[-7.9181432, 43.1319683], [-7.918108, 43.1320054], [-7.9181059, 43.1320505], [-7.9181376, 43.1320893], [-7.9181929, 43.1321094], [-7.9182544, 43.1321045], [-7.9183025, 43.1320761], [-7.9183219, 43.1320333], [-7.9183065, 43.1319896], [-7.9182611, 43.1319589], [-7.9182003, 43.131951], [-7.9181432, 43.1319683]]]}, "properties": {"osm_id": "1316759105", "osm_type": "way", "label_class": "0", "site_class": "mound", "name": "Mámoa da Fraga das Forcas 2", "confidence": "high", "evidence": "archaeological_site=tumulus", "archaeological_site": "tumulus", "civilization": "prehistoric", "fortification_type": "", "wikidata": "", "centroid_lon": "-7.91820646", "centroid_lat": "43.13202538", "area_m2": "236.3", "perimeter_m": "55.3", "equivalent_radius_m": "8.7", "circularity": "0.9727", "vertices": "12", "matched_catalogue_id": "", "matched_catalogue_name": "", "matched_distance_m": ""}}, {"type": "Feature", "geometry": {"type": "Polygon", "coordinates": [[[-7.8914408, 43.0831622], [-7.8913966, 43.0831929], [-7.8913854, 43.0832368], [-7.8914117, 43.083277], [-7.8914654, 43.0832983], [-7.8915259, 43.0832925], [-7.8915702, 43.0832618], [-7.8915813, 43.0832179], [-7.891555, 43.0831777], [-7.8915014, 43.0831564], [-7.8914408, 43.0831622]]]}, "properties": {"osm_id": "1316763223", "osm_type": "way", "label_class": "0", "site_class": "mound", "name": "Mámoa do Monte do Seixo", "confidence": "high", "evidence": "archaeological_site=tumulus", "archaeological_site": "tumulus", "civilization": "prehistoric", "fortification_type": "", "wikidata": "", "centroid_lon": "-7.89147950", "centroid_lat": "43.08322143", "area_m2": "189.6", "perimeter_m": "49.6", "equivalent_radius_m": "7.8", "circularity": "0.9669", "vertices": "11", "matched_catalogue_id": "wl-neg-neg-es-pba-30452", "matched_catalogue_name": "Mámoa do Monte do Seixo", "matched_distance_m": "2"}}, {"type": "Feature", "geometry": {"type": "Polygon", "coordinates": [[[-7.9261924, 43.1097042], [-7.9261479, 43.1097262], [-7.9261243, 43.1097614], [-7.926128, 43.1098006], [-7.9261581, 43.1098331], [-7.9262064, 43.1098503], [-7.92626, 43.1098476], [-7.9263046, 43.1098257], [-7.9263282, 43.1097904], [-7.9263244, 43.1097512], [-7.9262944, 43.1097187], [-7.926246, 43.1097015], [-7.9261924, 43.1097042]]]}, "properties": {"osm_id": "1317036706", "osm_type": "way", "label_class": "0", "site_class": "mound", "name": "Mámoa do Cordal da Cova da Serpe 1", "confidence": "high", "evidence": "archaeological_site=tumulus", "archaeological_site": "tumulus", "civilization": "prehistoric", "fortification_type": "", "wikidata": "", "centroid_lon": "-7.92622362", "centroid_lat": "43.10977039", "area_m2": "213.7", "perimeter_m": "52.4", "equivalent_radius_m": "8.2", "circularity": "0.9770", "vertices": "13", "matched_catalogue_id": "wl-neg-neg-es-pba-30162", "matched_catalogue_name": "Mámoa do Cordal da Cova da Serpe 1", "matched_distance_m": "1"}}, {"type": "Feature", "geometry": {"type": "Polygon", "coordinates": [[[-8.7313009, 43.1962588], [-8.731531, 43.196295], [-8.7318106, 43.1964188], [-8.7320548, 43.1967723], [-8.7320725, 43.1971335], [-8.731853, 43.1973709], [-8.7315203, 43.1974921], [-8.7312514, 43.1975102], [-8.7309081, 43.1974637], [-8.730586, 43.1972419], [-8.7304834, 43.1970148], [-8.7305152, 43.1967723], [-8.7306355, 43.1965375], [-8.7307913, 43.1963827], [-8.7309364, 43.1963001], [-8.7313009, 43.1962588]]]}, "properties": {"osm_id": "1319871968", "osm_type": "way", "label_class": "1", "site_class": "castro", "name": "Castro de Oca", "confidence": "medium", "evidence": "site=settlement,civ=celtic", "archaeological_site": "settlement", "civilization": "celtic", "fortification_type": "", "wikidata": "", "centroid_lon": "-8.73122196", "centroid_lat": "43.19682646", "area_m2": "14099.0", "perimeter_m": "426.1", "equivalent_radius_m": "67.0", "circularity": "0.9759", "vertices": "16", "matched_catalogue_id": "wl-pos-pos-es-pba-5918", "matched_catalogue_name": "Castro de Oca", "matched_distance_m": "15"}}, {"type": "Feature", "geometry": {"type": "Polygon", "coordinates": [[[-7.549324, 42.8492183], [-7.5498605, 42.8491396], [-7.5501824, 42.84877], [-7.5503326, 42.8484946], [-7.5504881, 42.8483649], [-7.5505335, 42.8480226], [-7.5502364, 42.8477911], [-7.5499017, 42.847719], [-7.5495091, 42.8477593], [-7.5491424, 42.8478378], [-7.5487052, 42.8479543], [-7.5485451, 42.8481374], [-7.5485288, 42.8484662], [-7.5486123, 42.8487335], [-7.5487453, 42.8489304], [-7.5489836, 42.8491382], [-7.549324, 42.8492183]]]}, "properties": {"osm_id": "1320403291", "osm_type": "way", "label_class": "1", "site_class": "castro", "name": "Castro da Croa de Salgueiredo", "confidence": "high", "evidence": "fortification_type=hill_fort", "archaeological_site": "fortification", "civilization": "castro_culture", "fortification_type": "hill_fort", "wikidata": "", "centroid_lon": "-7.54946794", "centroid_lat": "42.84845268", "area_m2": "20331.8", "perimeter_m": "524.6", "equivalent_radius_m": "80.4", "circularity": "0.9285", "vertices": "17", "matched_catalogue_id": "wl-pos-pos-es-pba-37235", "matched_catalogue_name": "Castro de Ribeira/Castro da Coroa", "matched_distance_m": "20"}}, {"type": "Feature", "geometry": {"type": "Polygon", "coordinates": [[[-7.8194351, 42.8664872], [-7.8199474, 42.8666242], [-7.8203295, 42.8666183], [-7.8205653, 42.8664156], [-7.8206954, 42.8662249], [-7.8206791, 42.8658316], [-7.8201425, 42.8655098], [-7.8196628, 42.8654383], [-7.8192725, 42.8654919], [-7.8189716, 42.8657541], [-7.8189798, 42.86607], [-7.8190855, 42.866356], [-7.8194351, 42.8664872]]]}, "properties": {"osm_id": "1320417727", "osm_type": "way", "label_class": "1", "site_class": "castro", "name": "O Castro", "confidence": "high", "evidence": "fortification_type=hill_fort", "archaeological_site": "fortification", "civilization": "castro_culture", "fortification_type": "hill_fort", "wikidata": "", "centroid_lon": "-7.81978474", "centroid_lat": "42.86610070", "area_m2": "14582.9", "perimeter_m": "440.1", "equivalent_radius_m": "68.1", "circularity": "0.9460", "vertices": "13", "matched_catalogue_id": "wl-pos-pos-es-pba-37777", "matched_catalogue_name": "Castro do Ferreiro", "matched_distance_m": "13"}}, {"type": "Feature", "geometry": {"type": "Polygon", "coordinates": [[[-7.5387227, 43.0405574], [-7.5386711, 43.0406043], [-7.5386624, 43.0406641], [-7.5386993, 43.0407179], [-7.5387702, 43.0407485], [-7.5388525, 43.0407463], [-7.53892, 43.0407119], [-7.5389514, 43.0406563], [-7.5389367, 43.0405971], [-7.5388805, 43.0405531], [-7.5388007, 43.0405383], [-7.5387227, 43.0405574]]]}, "properties": {"osm_id": "1320827574", "osm_type": "way", "label_class": "0", "site_class": "mound", "name": "Mámoa das Gándaras", "confidence": "high", "evidence": "archaeological_site=tumulus", "archaeological_site": "tumulus", "civilization": "prehistoric", "fortification_type": "", "wikidata": "", "centroid_lon": "-7.53879918", "centroid_lat": "43.04063772", "area_m2": "420.1", "perimeter_m": "73.7", "equivalent_radius_m": "11.6", "circularity": "0.9727", "vertices": "12", "matched_catalogue_id": "wl-neg-neg-es-pba-32463", "matched_catalogue_name": "Mámoa das Gándaras", "matched_distance_m": "2"}}, {"type": "Feature", "geometry": {"type": "Polygon", "coordinates": [[[-7.9436074, 43.286699], [-7.9435868, 43.2867202], [-7.9435774, 43.2867453], [-7.9435803, 43.2867712], [-7.9435953, 43.2867948], [-7.9436204, 43.2868133], [-7.9436528, 43.2868244], [-7.9436883, 43.2868268], [-7.9437229, 43.2868202], [-7.9437523, 43.2868054], [-7.9437729, 43.2867841], [-7.9437823, 43.286759], [-7.9437793, 43.2867331], [-7.9437644, 43.2867095], [-7.9437392, 43.286691], [-7.9437069, 43.2866799], [-7.9436713, 43.2866775], [-7.9436368, 43.2866841], [-7.9436074, 43.286699]]]}, "properties": {"osm_id": "1324406864", "osm_type": "way", "label_class": "0", "site_class": "mound", "name": "Medoña do Galiñeiro 4", "confidence": "high", "evidence": "archaeological_site=tumulus", "archaeological_site": "tumulus", "civilization": "prehistoric", "fortification_type": "", "wikidata": "", "centroid_lon": "-7.94367602", "centroid_lat": "43.28674936", "area_m2": "214.0", "perimeter_m": "52.1", "equivalent_radius_m": "8.3", "circularity": "0.9898", "vertices": "19", "matched_catalogue_id": "wl-neg-neg-es-pba-31890", "matched_catalogue_name": "Medoña do Galiñeiro 4", "matched_distance_m": "1"}}, {"type": "Feature", "geometry": {"type": "Polygon", "coordinates": [[[-7.3189734, 43.0634854], [-7.3189083, 43.0635002], [-7.3188676, 43.0635401], [-7.3188667, 43.0635898], [-7.3189061, 43.0636305], [-7.3189706, 43.0636465], [-7.3190356, 43.0636317], [-7.3190764, 43.0635918], [-7.3190773, 43.063542], [-7.3190379, 43.0635014], [-7.3189734, 43.0634854]]]}, "properties": {"osm_id": "1324475083", "osm_type": "way", "label_class": "0", "site_class": "mound", "name": "Mámoa da Esvaradoira", "confidence": "high", "evidence": "archaeological_site=tumulus", "archaeological_site": "tumulus", "civilization": "prehistoric", "fortification_type": "", "wikidata": "", "centroid_lon": "-7.31897212", "centroid_lat": "43.06355862", "area_m2": "236.3", "perimeter_m": "55.4", "equivalent_radius_m": "8.7", "circularity": "0.9669", "vertices": "11", "matched_catalogue_id": "wl-neg-neg-es-pba-29885", "matched_catalogue_name": "Mámoa da Esvaradoira", "matched_distance_m": "2"}}, {"type": "Feature", "geometry": {"type": "Polygon", "coordinates": [[[-7.3555586, 43.0664855], [-7.3554084, 43.0664855], [-7.3552957, 43.0665442], [-7.355293, 43.0666109], [-7.3553494, 43.0666912], [-7.3554245, 43.0667402], [-7.3554915, 43.0667461], [-7.3555505, 43.0667324], [-7.3556203, 43.0666853], [-7.3556551, 43.0666226], [-7.3556471, 43.0665599], [-7.3556149, 43.0665207], [-7.3555586, 43.0664855]]]}, "properties": {"osm_id": "1324477235", "osm_type": "way", "label_class": "0", "site_class": "mound", "name": "Mámoa de Serra de Monciro 1", "confidence": "high", "evidence": "archaeological_site=tumulus", "archaeological_site": "tumulus", "civilization": "prehistoric", "fortification_type": "", "wikidata": "", "centroid_lon": "-7.35549751", "centroid_lat": "43.06660846", "area_m2": "662.3", "perimeter_m": "93.0", "equivalent_radius_m": "14.5", "circularity": "0.9613", "vertices": "13", "matched_catalogue_id": "wl-neg-neg-es-pba-29915", "matched_catalogue_name": "Mámoa da Lagoa-Serra de Monciro 1", "matched_distance_m": "2"}}, {"type": "Feature", "geometry": {"type": "Polygon", "coordinates": [[[-7.9822702, 43.0013462], [-7.9822138, 43.0015106], [-7.9822433, 43.0016479], [-7.9823399, 43.0017715], [-7.982415, 43.001901], [-7.9824793, 43.0019343], [-7.9826644, 43.0019422], [-7.9829085, 43.0019049], [-7.9830855, 43.0018088], [-7.9831874, 43.0016852], [-7.9831606, 43.0015577], [-7.9831258, 43.0014577], [-7.9829434, 43.001338], [-7.9827422, 43.001285], [-7.9826, 43.0012811], [-7.9824176, 43.0012948], [-7.9822702, 43.0013462]]]}, "properties": {"osm_id": "1329466535", "osm_type": "way", "label_class": "1", "site_class": "castro", "name": "A Castronela", "confidence": "high", "evidence": "fortification_type=hill_fort", "archaeological_site": "fortification", "civilization": "castro_culture", "fortification_type": "hill_fort", "wikidata": "", "centroid_lon": "-7.98265101", "centroid_lat": "43.00158901", "area_m2": "4536.9", "perimeter_m": "244.7", "equivalent_radius_m": "38.0", "circularity": "0.9522", "vertices": "17", "matched_catalogue_id": "wl-pos-pos-es-pba-24957", "matched_catalogue_name": "Castro de Lobos/Castronela de Lobos", "matched_distance_m": "32"}}, {"type": "Feature", "geometry": {"type": "Polygon", "coordinates": [[[-7.2888423, 43.1410743], [-7.2892553, 43.1410586], [-7.2895075, 43.1409569], [-7.2896147, 43.1407416], [-7.289545, 43.140311], [-7.289427, 43.1400801], [-7.2891856, 43.1399157], [-7.2888154, 43.1397473], [-7.2886116, 43.1396965], [-7.2882897, 43.1397747], [-7.2880001, 43.1398922], [-7.2879196, 43.1401623], [-7.2879786, 43.1405145], [-7.2882736, 43.1407846], [-7.288456, 43.1408903], [-7.2888423, 43.1410743]]]}, "properties": {"osm_id": "1329597071", "osm_type": "way", "label_class": "1", "site_class": "castro", "name": "Castro de Carballido", "confidence": "high", "evidence": "fortification_type=hill_fort", "archaeological_site": "fortification", "civilization": "castro_culture", "fortification_type": "hill_fort", "wikidata": "", "centroid_lon": "-7.28878527", "centroid_lat": "43.14041718", "area_m2": "15556.3", "perimeter_m": "457.5", "equivalent_radius_m": "70.4", "circularity": "0.9338", "vertices": "16", "matched_catalogue_id": "wl-pos-pos-es-pba-38902", "matched_catalogue_name": "As Coroas/Os Castros/Monte das Croas/A Croa do Carballido", "matched_distance_m": "13"}}, {"type": "Feature", "geometry": {"type": "Polygon", "coordinates": [[[-7.3051644, 43.1803479], [-7.3056405, 43.1806021], [-7.3058819, 43.1805386], [-7.3061568, 43.1803283], [-7.3060093, 43.1797905], [-7.3056204, 43.1793162], [-7.3052918, 43.1791744], [-7.3048024, 43.1791353], [-7.3045073, 43.1792771], [-7.3044336, 43.1795069], [-7.3047554, 43.1799861], [-7.3051644, 43.1803479]]]}, "properties": {"osm_id": "1329597079", "osm_type": "way", "label_class": "1", "site_class": "castro", "name": "Castro de Ribeiro", "confidence": "high", "evidence": "fortification_type=hill_fort", "archaeological_site": "fortification", "civilization": "castro_culture", "fortification_type": "hill_fort", "wikidata": "", "centroid_lon": "-7.30528568", "centroid_lat": "43.17986261", "area_m2": "14235.4", "perimeter_m": "461.2", "equivalent_radius_m": "67.3", "circularity": "0.8412", "vertices": "12", "matched_catalogue_id": "wl-pos-pos-es-pba-38980", "matched_catalogue_name": "Castro de Ribeiro/Castro da Poula/O Castro", "matched_distance_m": "9"}}, {"type": "Feature", "geometry": {"type": "Polygon", "coordinates": [[[-7.3798478, 42.7481465], [-7.3802341, 42.7480779], [-7.3804821, 42.7479375], [-7.3805837, 42.7477226], [-7.3806243, 42.747439], [-7.3804292, 42.747233], [-7.3799901, 42.7470718], [-7.3794088, 42.7471195], [-7.3789697, 42.7472419], [-7.3787258, 42.7474031], [-7.3787217, 42.747645], [-7.3788315, 42.747836], [-7.3794169, 42.7481047], [-7.3798478, 42.7481465]]]}, "properties": {"osm_id": "1329850488", "osm_type": "way", "label_class": "1", "site_class": "castro", "name": "O Castro", "confidence": "high", "evidence": "fortification_type=hill_fort", "archaeological_site": "fortification", "civilization": "castro_culture", "fortification_type": "hill_fort", "wikidata": "", "centroid_lon": "-7.37972239", "centroid_lat": "42.74765179", "area_m2": "14320.1", "perimeter_m": "438.2", "equivalent_radius_m": "67.5", "circularity": "0.9370", "vertices": "14", "matched_catalogue_id": "wl-pos-pos-es-pba-40225", "matched_catalogue_name": "Castro de Aián", "matched_distance_m": "77"}}, {"type": "Feature", "geometry": {"type": "Polygon", "coordinates": [[[-7.6262176, 43.0198664], [-7.6261904, 43.019889], [-7.6261731, 43.0199163], [-7.6261669, 43.0199461], [-7.6261725, 43.0199759], [-7.6261893, 43.0200033], [-7.626216, 43.0200262], [-7.6262505, 43.0200427], [-7.6262899, 43.0200514], [-7.626331, 43.0200516], [-7.6263706, 43.0200433], [-7.6264054, 43.0200273], [-7.6264325, 43.0200047], [-7.6264499, 43.0199774], [-7.6264561, 43.0199476], [-7.6264505, 43.0199178], [-7.6264337, 43.0198904], [-7.626407, 43.0198675], [-7.6263725, 43.019851], [-7.6263331, 43.0198423], [-7.626292, 43.0198421], [-7.6262524, 43.0198504], [-7.6262176, 43.0198664]]]}, "properties": {"osm_id": "1331462840", "osm_type": "way", "label_class": "0", "site_class": "mound", "name": "Medorra de Adai 5", "confidence": "high", "evidence": "archaeological_site=tumulus", "archaeological_site": "tumulus", "civilization": "prehistoric", "fortification_type": "", "wikidata": "", "centroid_lon": "-7.62630741", "centroid_lat": "43.01994335", "area_m2": "429.2", "perimeter_m": "73.7", "equivalent_radius_m": "11.7", "circularity": "0.9932", "vertices": "23", "matched_catalogue_id": "", "matched_catalogue_name": "", "matched_distance_m": ""}}, {"type": "Feature", "geometry": {"type": "Polygon", "coordinates": [[[-7.6236856, 43.0196704], [-7.6236606, 43.0196922], [-7.623645, 43.0197182], [-7.6236401, 43.0197465], [-7.6236462, 43.0197746], [-7.6236629, 43.0198003], [-7.6236889, 43.0198215], [-7.623722, 43.0198365], [-7.6237595, 43.0198441], [-7.6237984, 43.0198436], [-7.6238356, 43.0198352], [-7.623868, 43.0198194], [-7.623893, 43.0197976], [-7.6239086, 43.0197715], [-7.6239136, 43.0197433], [-7.6239074, 43.0197152], [-7.6238907, 43.0196895], [-7.6238647, 43.0196683], [-7.6238316, 43.0196533], [-7.6237941, 43.0196457], [-7.6237552, 43.0196461], [-7.623718, 43.0196546], [-7.6236856, 43.0196704]]]}, "properties": {"osm_id": "1331462841", "osm_type": "way", "label_class": "0", "site_class": "mound", "name": "Medorra de Adai 4", "confidence": "high", "evidence": "archaeological_site=tumulus", "archaeological_site": "tumulus", "civilization": "prehistoric", "fortification_type": "", "wikidata": "", "centroid_lon": "-7.62377284", "centroid_lat": "43.01974165", "area_m2": "384.0", "perimeter_m": "69.7", "equivalent_radius_m": "11.1", "circularity": "0.9932", "vertices": "23", "matched_catalogue_id": "", "matched_catalogue_name": "", "matched_distance_m": ""}}, {"type": "Feature", "geometry": {"type": "Polygon", "coordinates": [[[-7.6200595, 43.0196993], [-7.6200269, 43.0197259], [-7.6200088, 43.0197591], [-7.6200072, 43.0197948], [-7.6200224, 43.0198287], [-7.6200526, 43.0198568], [-7.6200941, 43.0198756], [-7.6201419, 43.019883], [-7.6201903, 43.0198779], [-7.6202333, 43.019861], [-7.6202659, 43.0198344], [-7.6202841, 43.0198013], [-7.6202857, 43.0197656], [-7.6202704, 43.0197316], [-7.6202403, 43.0197036], [-7.6201988, 43.0196847], [-7.620151, 43.0196774], [-7.6201026, 43.0196824], [-7.6200595, 43.0196993]]]}, "properties": {"osm_id": "1331462842", "osm_type": "way", "label_class": "0", "site_class": "mound", "name": "Medorra de Adai 3", "confidence": "high", "evidence": "archaeological_site=tumulus", "archaeological_site": "tumulus", "civilization": "prehistoric", "fortification_type": "", "wikidata": "", "centroid_lon": "-7.62014186", "centroid_lat": "43.01977592", "area_m2": "403.5", "perimeter_m": "71.6", "equivalent_radius_m": "11.3", "circularity": "0.9898", "vertices": "19", "matched_catalogue_id": "wl-pos-pos-es-pba-32817", "matched_catalogue_name": "O Castrillón", "matched_distance_m": "178"}}, {"type": "Feature", "geometry": {"type": "Polygon", "coordinates": [[[-7.6194961, 43.02003], [-7.6194378, 43.0200737], [-7.6194172, 43.0201328], [-7.6194397, 43.0201915], [-7.6194994, 43.0202341], [-7.6195802, 43.0202492], [-7.6196606, 43.0202327], [-7.6197189, 43.0201891], [-7.6197395, 43.02013], [-7.619717, 43.0200713], [-7.6196573, 43.0200287], [-7.6195765, 43.0200136], [-7.6194961, 43.02003]]]}, "properties": {"osm_id": "1331462843", "osm_type": "way", "label_class": "0", "site_class": "mound", "name": "Medorra de Adai 2", "confidence": "high", "evidence": "archaeological_site=tumulus", "archaeological_site": "tumulus", "civilization": "prehistoric", "fortification_type": "", "wikidata": "", "centroid_lon": "-7.61957202", "centroid_lat": "43.02012359", "area_m2": "516.2", "perimeter_m": "81.5", "equivalent_radius_m": "12.8", "circularity": "0.9770", "vertices": "13", "matched_catalogue_id": "wl-pos-pos-es-pba-32817", "matched_catalogue_name": "O Castrillón", "matched_distance_m": "148"}}, {"type": "Feature", "geometry": {"type": "Polygon", "coordinates": [[[-7.5631725, 43.1308967], [-7.5634714, 43.1309239], [-7.5637936, 43.1308387], [-7.5639664, 43.1306956], [-7.5640318, 43.1304161], [-7.5638403, 43.130215], [-7.5636068, 43.1301298], [-7.5632939, 43.130123], [-7.5630885, 43.1301843], [-7.5628316, 43.1303377], [-7.5628083, 43.130532], [-7.5628783, 43.1307603], [-7.5631725, 43.1308967]]]}, "properties": {"osm_id": "1332863540", "osm_type": "way", "label_class": "1", "site_class": "castro", "name": "Os Castros", "confidence": "high", "evidence": "fortification_type=hill_fort", "archaeological_site": "fortification", "civilization": "castro_culture", "fortification_type": "hill_fort", "wikidata": "", "centroid_lon": "-7.56338122", "centroid_lat": "43.13053460", "area_m2": "6918.1", "perimeter_m": "300.1", "equivalent_radius_m": "46.9", "circularity": "0.9654", "vertices": "13", "matched_catalogue_id": "wl-pos-pos-es-pba-35865", "matched_catalogue_name": "Os Castros de Vilanova", "matched_distance_m": "7"}}, {"type": "Feature", "geometry": {"type": "Polygon", "coordinates": [[[-7.6115764, 42.5804793], [-7.6115336, 42.5804938], [-7.6114974, 42.5805159], [-7.6114701, 42.5805441], [-7.6114537, 42.5805766], [-7.6114493, 42.5806111], [-7.6114571, 42.5806453], [-7.6114767, 42.5806768], [-7.6115067, 42.5807035], [-7.6115451, 42.5807236], [-7.6115892, 42.5807357], [-7.6116361, 42.5807389], [-7.6116825, 42.5807332], [-7.6117253, 42.5807187], [-7.6117616, 42.5806966], [-7.6117889, 42.5806684], [-7.6118053, 42.5806359], [-7.6118097, 42.5806014], [-7.6118018, 42.5805672], [-7.6117822, 42.5805357], [-7.6117522, 42.580509], [-7.6117139, 42.5804889], [-7.6116697, 42.5804768], [-7.6116229, 42.5804736], [-7.6115764, 42.5804793]]]}, "properties": {"osm_id": "1333032567", "osm_type": "way", "label_class": "0", "site_class": "mound", "name": "Mámoa da Carballosa", "confidence": "high", "evidence": "archaeological_site=tumulus", "archaeological_site": "tumulus", "civilization": "prehistoric", "fortification_type": "", "wikidata": "", "centroid_lon": "-7.61162735", "centroid_lat": "42.58060117", "area_m2": "678.6", "perimeter_m": "92.6", "equivalent_radius_m": "14.7", "circularity": "0.9943", "vertices": "25", "matched_catalogue_id": "", "matched_catalogue_name": "", "matched_distance_m": ""}}, {"type": "Feature", "geometry": {"type": "Polygon", "coordinates": [[[-7.2996945, 42.5123271], [-7.2996842, 42.5123571], [-7.2996859, 42.512388], [-7.2996992, 42.5124173], [-7.2997233, 42.5124427], [-7.299756, 42.512462], [-7.2997948, 42.5124737], [-7.2998366, 42.5124769], [-7.2998778, 42.5124713], [-7.2999153, 42.5124574], [-7.2999459, 42.5124362], [-7.2999672, 42.5124096], [-7.2999774, 42.5123796], [-7.2999758, 42.5123487], [-7.2999624, 42.5123194], [-7.2999383, 42.5122941], [-7.2999056, 42.5122747], [-7.2998668, 42.512263], [-7.2998251, 42.5122598], [-7.2997838, 42.5122654], [-7.2997464, 42.5122793], [-7.2997157, 42.5123005], [-7.2996945, 42.5123271]]]}, "properties": {"osm_id": "1333032611", "osm_type": "way", "label_class": "0", "site_class": "mound", "name": "Mámoa de Espiñeiro", "confidence": "high", "evidence": "archaeological_site=tumulus", "archaeological_site": "tumulus", "civilization": "prehistoric", "fortification_type": "", "wikidata": "", "centroid_lon": "-7.29982489", "centroid_lat": "42.51236656", "area_m2": "453.3", "perimeter_m": "75.7", "equivalent_radius_m": "12.0", "circularity": "0.9932", "vertices": "23", "matched_catalogue_id": "", "matched_catalogue_name": "", "matched_distance_m": ""}}, {"type": "Feature", "geometry": {"type": "Polygon", "coordinates": [[[-7.180281, 42.4534272], [-7.1802549, 42.4534474], [-7.1802386, 42.4534725], [-7.1802336, 42.4535002], [-7.1802404, 42.4535276], [-7.1802583, 42.4535522], [-7.1802857, 42.4535714], [-7.1803198, 42.4535835], [-7.1803573, 42.4535872], [-7.1803945, 42.4535822], [-7.1804278, 42.4535689], [-7.1804538, 42.4535487], [-7.1804702, 42.4535236], [-7.1804752, 42.4534959], [-7.1804684, 42.4534685], [-7.1804505, 42.4534439], [-7.1804231, 42.4534247], [-7.180389, 42.4534126], [-7.1803515, 42.4534089], [-7.1803143, 42.4534139], [-7.180281, 42.4534272]]]}, "properties": {"osm_id": "1333032614", "osm_type": "way", "label_class": "0", "site_class": "mound", "name": "Mámoa do Val do Campelo", "confidence": "high", "evidence": "archaeological_site=tumulus", "archaeological_site": "tumulus", "civilization": "prehistoric", "fortification_type": "", "wikidata": "", "centroid_lon": "-7.18035090", "centroid_lat": "42.45349468", "area_m2": "304.5", "perimeter_m": "62.1", "equivalent_radius_m": "9.8", "circularity": "0.9918", "vertices": "21", "matched_catalogue_id": "", "matched_catalogue_name": "", "matched_distance_m": ""}}, {"type": "Feature", "geometry": {"type": "Polygon", "coordinates": [[[-7.3406766, 42.4372503], [-7.3406463, 42.4372699], [-7.3406257, 42.4372954], [-7.3406168, 42.4373243], [-7.3406205, 42.4373539], [-7.3406363, 42.4373812], [-7.3406628, 42.4374036], [-7.3406974, 42.4374188], [-7.3407366, 42.4374254], [-7.3407767, 42.4374227], [-7.3408137, 42.437411], [-7.340844, 42.4373914], [-7.3408646, 42.4373659], [-7.3408735, 42.4373369], [-7.3408698, 42.4373074], [-7.340854, 42.4372801], [-7.3408275, 42.4372577], [-7.3407929, 42.4372425], [-7.3407537, 42.4372359], [-7.3407136, 42.4372386], [-7.3406766, 42.4372503]]]}, "properties": {"osm_id": "1333032638", "osm_type": "way", "label_class": "0", "site_class": "mound", "name": "Mámoa do Portaleiro", "confidence": "high", "evidence": "archaeological_site=tumulus", "archaeological_site": "tumulus", "civilization": "prehistoric", "fortification_type": "", "wikidata": "", "centroid_lon": "-7.34074189", "centroid_lat": "42.43732682", "area_m2": "345.1", "perimeter_m": "66.1", "equivalent_radius_m": "10.5", "circularity": "0.9918", "vertices": "21", "matched_catalogue_id": "", "matched_catalogue_name": "", "matched_distance_m": ""}}, {"type": "Feature", "geometry": {"type": "Polygon", "coordinates": [[[-7.5515538, 42.5534641], [-7.551186, 42.5531291], [-7.5506109, 42.5530305], [-7.5500291, 42.5531586], [-7.5497616, 42.5536562], [-7.5499555, 42.5541439], [-7.5504704, 42.5545478], [-7.5509252, 42.5545823], [-7.5514602, 42.5544394], [-7.5517945, 42.5542572], [-7.5518079, 42.5538237], [-7.5515538, 42.5534641]]]}, "properties": {"osm_id": "1333032646", "osm_type": "way", "label_class": "1", "site_class": "castro", "name": "Castro da Regueira das Vellas", "confidence": "high", "evidence": "fortification_type=hill_fort", "archaeological_site": "fortification", "civilization": "castro_culture", "fortification_type": "hill_fort", "wikidata": "", "centroid_lon": "-7.55092574", "centroid_lat": "42.55380807", "area_m2": "21631.8", "perimeter_m": "535.7", "equivalent_radius_m": "83.0", "circularity": "0.9474", "vertices": "12", "matched_catalogue_id": "", "matched_catalogue_name": "", "matched_distance_m": ""}}, {"type": "Feature", "geometry": {"type": "Polygon", "coordinates": [[[-7.361101, 42.621047], [-7.3606929, 42.6209869], [-7.3602713, 42.6210169], [-7.3601284, 42.6212371], [-7.3603189, 42.6213773], [-7.3606249, 42.6214323], [-7.3609786, 42.6214673], [-7.3612098, 42.6214323], [-7.3613322, 42.6213572], [-7.3613594, 42.6212321], [-7.3612098, 42.621067], [-7.361101, 42.621047]]]}, "properties": {"osm_id": "1333032653", "osm_type": "way", "label_class": "1", "site_class": "castro", "name": "Castro da Miouteira", "confidence": "high", "evidence": "fortification_type=hill_fort", "archaeological_site": "fortification", "civilization": "castro_culture", "fortification_type": "hill_fort", "wikidata": "", "centroid_lon": "-7.36086068", "centroid_lat": "42.62122503", "area_m2": "4079.4", "perimeter_m": "250.8", "equivalent_radius_m": "36.0", "circularity": "0.8148", "vertices": "12", "matched_catalogue_id": "", "matched_catalogue_name": "", "matched_distance_m": ""}}, {"type": "Feature", "geometry": {"type": "Polygon", "coordinates": [[[-7.338767, 42.6249398], [-7.3386199, 42.6251202], [-7.3385919, 42.6252852], [-7.3386339, 42.6254553], [-7.338725, 42.6255378], [-7.3390543, 42.6255635], [-7.3393695, 42.6254965], [-7.3395306, 42.6253986], [-7.3396007, 42.625244], [-7.3395587, 42.6250223], [-7.3392504, 42.6248728], [-7.3390753, 42.624847], [-7.3388931, 42.6248625], [-7.338767, 42.6249398]]]}, "properties": {"osm_id": "1333333535", "osm_type": "way", "label_class": "1", "site_class": "castro", "name": "Castro Pico de Santa Bárbara", "confidence": "high", "evidence": "fortification_type=hill_fort", "archaeological_site": "fortification", "civilization": "castro_culture", "fortification_type": "hill_fort", "wikidata": "", "centroid_lon": "-7.33903124", "centroid_lat": "42.62518466", "area_m2": "5176.8", "perimeter_m": "260.5", "equivalent_radius_m": "40.6", "circularity": "0.9585", "vertices": "14", "matched_catalogue_id": "", "matched_catalogue_name": "", "matched_distance_m": ""}}, {"type": "Feature", "geometry": {"type": "Polygon", "coordinates": [[[-7.5606533, 43.1583533], [-7.5606014, 43.1583908], [-7.5605856, 43.1584429], [-7.5606109, 43.158493], [-7.5606692, 43.1585251], [-7.5607422, 43.1585291], [-7.5608065, 43.1585037], [-7.5608418, 43.158457], [-7.5608368, 43.1584038], [-7.5607933, 43.158361], [-7.5607248, 43.1583421], [-7.5606533, 43.1583533]]]}, "properties": {"osm_id": "1334377743", "osm_type": "way", "label_class": "0", "site_class": "mound", "name": "A Madorra do Carballal", "confidence": "high", "evidence": "archaeological_site=tumulus", "archaeological_site": "tumulus", "civilization": "prehistoric", "fortification_type": "", "wikidata": "", "centroid_lon": "-7.56070993", "centroid_lat": "43.15842959", "area_m2": "330.2", "perimeter_m": "65.3", "equivalent_radius_m": "10.3", "circularity": "0.9727", "vertices": "12", "matched_catalogue_id": "wl-neg-neg-es-pba-35709", "matched_catalogue_name": "Madorra do Curro de Lerois", "matched_distance_m": "2"}}, {"type": "Feature", "geometry": {"type": "Polygon", "coordinates": [[[-7.2901754, 43.0065377], [-7.2903417, 43.0066867], [-7.2905992, 43.0067181], [-7.2908594, 43.006673], [-7.2910605, 43.0066083], [-7.2911759, 43.0064651], [-7.2911732, 43.0062532], [-7.2910686, 43.0060708], [-7.2908352, 43.0059728], [-7.2904651, 43.0059473], [-7.2902156, 43.00601], [-7.2900923, 43.0061042], [-7.2900665, 43.0063904], [-7.2901754, 43.0065377]]]}, "properties": {"osm_id": "1334554006", "osm_type": "way", "label_class": "1", "site_class": "castro", "name": "Castro da Frairía", "confidence": "high", "evidence": "fortification_type=hill_fort", "archaeological_site": "fortification", "civilization": "castro_culture", "fortification_type": "hill_fort", "wikidata": "", "centroid_lon": "-7.29059314", "centroid_lat": "43.00635538", "area_m2": "6240.6", "perimeter_m": "285.2", "equivalent_radius_m": "44.6", "circularity": "0.9644", "vertices": "14", "matched_catalogue_id": "wl-pos-pos-es-pba-27942", "matched_catalogue_name": "Castro de Santa María da Frairía", "matched_distance_m": "5"}}, {"type": "Feature", "geometry": {"type": "Polygon", "coordinates": [[[-7.3184663, 42.9675193], [-7.3183566, 42.9672577], [-7.3180487, 42.967136], [-7.3177797, 42.9671023], [-7.3174187, 42.9671463], [-7.317125, 42.9673458], [-7.31704, 42.9674986], [-7.3170188, 42.967729], [-7.3171179, 42.9679777], [-7.3174187, 42.9681279], [-7.3177832, 42.9681615], [-7.3180558, 42.9680683], [-7.3182469, 42.967988], [-7.318438, 42.9678067], [-7.3184663, 42.9675193]]]}, "properties": {"osm_id": "1335065329", "osm_type": "way", "label_class": "1", "site_class": "castro", "name": "Castro de Miranda", "confidence": "high", "evidence": "fortification_type=hill_fort", "archaeological_site": "fortification", "civilization": "castro_culture", "fortification_type": "hill_fort", "wikidata": "", "centroid_lon": "-7.31778537", "centroid_lat": "42.96762563", "area_m2": "10952.3", "perimeter_m": "376.2", "equivalent_radius_m": "59.0", "circularity": "0.9726", "vertices": "15", "matched_catalogue_id": "wl-pos-pos-es-pba-27910", "matched_catalogue_name": "Castro de Miranda", "matched_distance_m": "30"}}, {"type": "Feature", "geometry": {"type": "Polygon", "coordinates": [[[-7.3261223, 42.9851799], [-7.3266319, 42.9853016], [-7.3270235, 42.9851878], [-7.3273454, 42.9849052], [-7.3274151, 42.9846148], [-7.3271684, 42.9842616], [-7.3268036, 42.9840654], [-7.3264817, 42.9839595], [-7.3260472, 42.9840144], [-7.3257468, 42.9841871], [-7.3255751, 42.9845481], [-7.3255966, 42.984815], [-7.3257629, 42.9849994], [-7.3261223, 42.9851799]]]}, "properties": {"osm_id": "1335066648", "osm_type": "way", "label_class": "1", "site_class": "castro", "name": "Castro de Faxilde", "confidence": "high", "evidence": "fortification_type=hill_fort", "archaeological_site": "fortification", "civilization": "castro_culture", "fortification_type": "hill_fort", "wikidata": "", "centroid_lon": "-7.32641734", "centroid_lat": "42.98465855", "area_m2": "16383.0", "perimeter_m": "460.9", "equivalent_radius_m": "72.2", "circularity": "0.9690", "vertices": "14", "matched_catalogue_id": "wl-pos-pos-es-pba-27873", "matched_catalogue_name": "Castro da Ermida de Santa Cristina", "matched_distance_m": "28"}}, {"type": "Feature", "geometry": {"type": "Polygon", "coordinates": [[[-7.3426785, 42.979882], [-7.3430729, 42.9799857], [-7.3435289, 42.9799497], [-7.3437815, 42.9797468], [-7.343991, 42.9795033], [-7.343954, 42.9791742], [-7.3438123, 42.9789849], [-7.3430236, 42.9787279], [-7.3425861, 42.9787595], [-7.3423149, 42.9789669], [-7.3422471, 42.9791742], [-7.3422841, 42.9794943], [-7.3426785, 42.979882]]]}, "properties": {"osm_id": "1335068434", "osm_type": "way", "label_class": "1", "site_class": "castro", "name": "Castro da Eirexe", "confidence": "high", "evidence": "fortification_type=hill_fort", "archaeological_site": "fortification", "civilization": "castro_culture", "fortification_type": "hill_fort", "wikidata": "", "centroid_lon": "-7.34307334", "centroid_lat": "42.97940242", "area_m2": "15162.7", "perimeter_m": "446.2", "equivalent_radius_m": "69.5", "circularity": "0.9570", "vertices": "13", "matched_catalogue_id": "wl-pos-pos-es-pba-27943", "matched_catalogue_name": "Castro de Uriz", "matched_distance_m": "13"}}, {"type": "Feature", "geometry": {"type": "Polygon", "coordinates": [[[-7.6072197, 43.201455], [-7.6068209, 43.2012629], [-7.6062298, 43.201237], [-7.6058951, 43.201481], [-7.605774, 43.2017976], [-7.6058666, 43.2020261], [-7.6063366, 43.2023116], [-7.6067568, 43.202322], [-7.607177, 43.2022181], [-7.6073337, 43.2017821], [-7.6072197, 43.201455]]]}, "properties": {"osm_id": "1335972195", "osm_type": "way", "label_class": "1", "site_class": "castro", "name": "Castro de Vilaxoán", "confidence": "high", "evidence": "fortification_type=hill_fort", "archaeological_site": "fortification", "civilization": "castro_culture", "fortification_type": "hill_fort", "wikidata": "", "centroid_lon": "-7.60660272", "centroid_lat": "43.20175895", "area_m2": "11910.5", "perimeter_m": "395.9", "equivalent_radius_m": "61.6", "circularity": "0.9550", "vertices": "11", "matched_catalogue_id": "wl-pos-pos-es-pba-29194", "matched_catalogue_name": "Castro de San Vicente/O Castro", "matched_distance_m": "13"}}, {"type": "Feature", "geometry": {"type": "Polygon", "coordinates": [[[-7.3547566, 42.9791346], [-7.3542309, 42.9792523], [-7.3540485, 42.9795898], [-7.3542202, 42.9800058], [-7.3544991, 42.9801079], [-7.3548639, 42.9800922], [-7.3553467, 42.9799195], [-7.3554218, 42.9796134], [-7.3552823, 42.9793386], [-7.3550356, 42.979166], [-7.3547566, 42.9791346]]]}, "properties": {"osm_id": "1336318270", "osm_type": "way", "label_class": "1", "site_class": "castro", "name": "Castro de Goi", "confidence": "high", "evidence": "fortification_type=hill_fort", "archaeological_site": "fortification", "civilization": "castro_culture", "fortification_type": "hill_fort", "wikidata": "", "centroid_lon": "-7.35476929", "centroid_lat": "42.97957770", "area_m2": "9312.2", "perimeter_m": "350.5", "equivalent_radius_m": "54.4", "circularity": "0.9524", "vertices": "11", "matched_catalogue_id": "wl-pos-pos-es-pba-27907", "matched_catalogue_name": "Castro de Goi", "matched_distance_m": "9"}}, {"type": "Feature", "geometry": {"type": "Polygon", "coordinates": [[[-7.4055145, 42.8536874], [-7.4058195, 42.8538207], [-7.4062108, 42.8538139], [-7.4064665, 42.8537032], [-7.4067346, 42.8535745], [-7.4068455, 42.8533328], [-7.406864, 42.8530979], [-7.4067223, 42.8529375], [-7.4064234, 42.8528178], [-7.4061738, 42.8527862], [-7.4056377, 42.8528314], [-7.4053789, 42.852933], [-7.4052095, 42.8530888], [-7.4051817, 42.8533441], [-7.405228, 42.853509], [-7.4055145, 42.8536874]]]}, "properties": {"osm_id": "1338625085", "osm_type": "way", "label_class": "1", "site_class": "castro", "name": "Castro de Muro", "confidence": "medium", "evidence": "site=settlement,civ=celtic", "archaeological_site": "settlement", "civilization": "celtic", "fortification_type": "", "wikidata": "", "centroid_lon": "-7.40599533", "centroid_lat": "42.85331035", "area_m2": "12437.5", "perimeter_m": "403.7", "equivalent_radius_m": "62.9", "circularity": "0.9589", "vertices": "16", "matched_catalogue_id": "wl-pos-pos-es-pba-31581", "matched_catalogue_name": "Castro da Eirexa/Castro de San Xoán", "matched_distance_m": "36"}}, {"type": "Feature", "geometry": {"type": "Polygon", "coordinates": [[[-7.4871343, 43.2030721], [-7.487078, 43.2030672], [-7.4870056, 43.2030741], [-7.4869385, 43.2031269], [-7.486956, 43.2031865], [-7.4869962, 43.2032148], [-7.4870405, 43.2032364], [-7.4871182, 43.20325], [-7.4871947, 43.2032305], [-7.4872309, 43.2031875], [-7.4872094, 43.2031171], [-7.4871343, 43.2030721]]]}, "properties": {"osm_id": "1340403693", "osm_type": "way", "label_class": "0", "site_class": "mound", "name": "Mámoa da Millarada", "confidence": "high", "evidence": "archaeological_site=tumulus", "archaeological_site": "tumulus", "civilization": "prehistoric", "fortification_type": "", "wikidata": "", "centroid_lon": "-7.48708638", "centroid_lat": "43.20315293", "area_m2": "356.7", "perimeter_m": "68.8", "equivalent_radius_m": "10.7", "circularity": "0.9475", "vertices": "12", "matched_catalogue_id": "wl-neg-neg-es-pba-28862", "matched_catalogue_name": "Mámoa da Millarada", "matched_distance_m": "3"}}, {"type": "Feature", "geometry": {"type": "Polygon", "coordinates": [[[-7.528773, 43.221565], [-7.5287531, 43.2215986], [-7.5287449, 43.2216346], [-7.5287488, 43.221671], [-7.5287645, 43.2217057], [-7.5287911, 43.2217367], [-7.5288272, 43.2217621], [-7.5288705, 43.2217804], [-7.5289186, 43.2217907], [-7.5289687, 43.2217923], [-7.5290178, 43.2217851], [-7.5290632, 43.2217696], [-7.5291021, 43.2217466], [-7.5291324, 43.2217175], [-7.5291522, 43.2216839], [-7.5291604, 43.2216479], [-7.5291565, 43.2216115], [-7.5291408, 43.2215768], [-7.5291142, 43.2215458], [-7.5290782, 43.2215204], [-7.5290348, 43.2215021], [-7.5289867, 43.2214918], [-7.5289367, 43.2214902], [-7.5288875, 43.2214973], [-7.5288422, 43.2215129], [-7.5288032, 43.2215359], [-7.528773, 43.221565]]]}, "properties": {"osm_id": "1340403710", "osm_type": "way", "label_class": "0", "site_class": "mound", "name": "Mámoa de Pedrabranca 3", "confidence": "high", "evidence": "archaeological_site=tumulus", "archaeological_site": "tumulus", "civilization": "prehistoric", "fortification_type": "", "wikidata": "", "centroid_lon": "-7.52894601", "centroid_lat": "43.22163842", "area_m2": "885.1", "perimeter_m": "105.7", "equivalent_radius_m": "16.8", "circularity": "0.9951", "vertices": "27", "matched_catalogue_id": "wl-neg-neg-es-pba-28938", "matched_catalogue_name": "Mámoa de Pedrabranca 3", "matched_distance_m": "3"}}, {"type": "Feature", "geometry": {"type": "Polygon", "coordinates": [[[-7.5301409, 43.2215689], [-7.5301195, 43.2215955], [-7.5301104, 43.2216257], [-7.5301146, 43.2216564], [-7.5301315, 43.2216846], [-7.5301597, 43.2217077], [-7.5301962, 43.2217233], [-7.5302375, 43.2217299], [-7.5302797, 43.2217269], [-7.5303185, 43.2217145], [-7.5303501, 43.221694], [-7.5303715, 43.2216674], [-7.5303806, 43.2216373], [-7.5303764, 43.2216066], [-7.5303594, 43.2215783], [-7.5303313, 43.2215552], [-7.5302948, 43.2215396], [-7.5302534, 43.221533], [-7.5302113, 43.2215361], [-7.5301725, 43.2215484], [-7.5301409, 43.2215689]]]}, "properties": {"osm_id": "1340403711", "osm_type": "way", "label_class": "0", "site_class": "mound", "name": "Mámoa de Pedrabranca 1", "confidence": "high", "evidence": "archaeological_site=tumulus", "archaeological_site": "tumulus", "civilization": "prehistoric", "fortification_type": "", "wikidata": "", "centroid_lon": "-7.53024051", "centroid_lat": "43.22162849", "area_m2": "372.4", "perimeter_m": "68.7", "equivalent_radius_m": "10.9", "circularity": "0.9918", "vertices": "21", "matched_catalogue_id": "wl-neg-neg-es-pba-28936", "matched_catalogue_name": "Mámoa de Pedrabranca 1", "matched_distance_m": "2"}}, {"type": "Feature", "geometry": {"type": "Polygon", "coordinates": [[[-7.5303072, 43.2211663], [-7.5302825, 43.2211896], [-7.5302689, 43.2212173], [-7.5302677, 43.2212467], [-7.5302791, 43.2212749], [-7.5303018, 43.2212992], [-7.5303338, 43.2213172], [-7.5303718, 43.2213271], [-7.5304121, 43.221328], [-7.5304509, 43.2213197], [-7.5304842, 43.2213031], [-7.5305089, 43.2212798], [-7.5305225, 43.2212521], [-7.5305237, 43.2212227], [-7.5305123, 43.2211945], [-7.5304896, 43.2211702], [-7.5304576, 43.2211522], [-7.5304196, 43.2211423], [-7.5303793, 43.2211414], [-7.5303405, 43.2211497], [-7.5303072, 43.2211663]]]}, "properties": {"osm_id": "1340403712", "osm_type": "way", "label_class": "0", "site_class": "mound", "name": "Mámoa de Pedrabranca 2", "confidence": "high", "evidence": "archaeological_site=tumulus", "archaeological_site": "tumulus", "civilization": "prehistoric", "fortification_type": "", "wikidata": "", "centroid_lon": "-7.53039149", "centroid_lat": "43.22123144", "area_m2": "338.6", "perimeter_m": "65.5", "equivalent_radius_m": "10.4", "circularity": "0.9918", "vertices": "21", "matched_catalogue_id": "wl-neg-neg-es-pba-28937", "matched_catalogue_name": "Mámoa de Pedrabranca 2", "matched_distance_m": "2"}}, {"type": "Feature", "geometry": {"type": "Polygon", "coordinates": [[[-7.5335687, 43.2204314], [-7.5335429, 43.2204526], [-7.5335262, 43.2204783], [-7.5335202, 43.2205064], [-7.5335253, 43.2205346], [-7.5335411, 43.2205606], [-7.5335663, 43.2205823], [-7.5335989, 43.2205979], [-7.5336362, 43.2206063], [-7.5336752, 43.2206066], [-7.5337127, 43.2205989], [-7.5337458, 43.2205838], [-7.5337717, 43.2205626], [-7.5337883, 43.2205368], [-7.5337943, 43.2205088], [-7.5337892, 43.2204806], [-7.5337734, 43.2204546], [-7.5337482, 43.2204329], [-7.5337156, 43.2204173], [-7.5336784, 43.2204089], [-7.5336394, 43.2204086], [-7.5336018, 43.2204163], [-7.5335687, 43.2204314]]]}, "properties": {"osm_id": "1340403713", "osm_type": "way", "label_class": "0", "site_class": "mound", "name": "Mámoa de Pedrabranca 4", "confidence": "high", "evidence": "archaeological_site=tumulus", "archaeological_site": "tumulus", "civilization": "prehistoric", "fortification_type": "", "wikidata": "", "centroid_lon": "-7.53365341", "centroid_lat": "43.22050428", "area_m2": "383.0", "perimeter_m": "69.6", "equivalent_radius_m": "11.0", "circularity": "0.9932", "vertices": "23", "matched_catalogue_id": "wl-neg-neg-es-pba-28939", "matched_catalogue_name": "Mámoa de Pedrabranca 4", "matched_distance_m": "0"}}, {"type": "Feature", "geometry": {"type": "Polygon", "coordinates": [[[-7.5295025, 43.218293], [-7.5294739, 43.2183099], [-7.5294539, 43.2183325], [-7.5294444, 43.2183584], [-7.5294464, 43.2183852], [-7.5294596, 43.2184103], [-7.5294828, 43.2184311], [-7.5295137, 43.2184457], [-7.5295494, 43.2184526], [-7.5295861, 43.2184512], [-7.5296205, 43.2184416], [-7.5296491, 43.2184246], [-7.5296692, 43.2184021], [-7.5296787, 43.2183761], [-7.5296767, 43.2183493], [-7.5296634, 43.2183243], [-7.5296402, 43.2183034], [-7.5296093, 43.2182888], [-7.5295737, 43.2182819], [-7.5295369, 43.2182833], [-7.5295025, 43.218293]]]}, "properties": {"osm_id": "1340403714", "osm_type": "way", "label_class": "0", "site_class": "mound", "name": "Mámoa de Roza Moura 1", "confidence": "high", "evidence": "archaeological_site=tumulus", "archaeological_site": "tumulus", "civilization": "prehistoric", "fortification_type": "", "wikidata": "", "centroid_lon": "-7.52955871", "centroid_lat": "43.21836373", "area_m2": "282.1", "perimeter_m": "59.8", "equivalent_radius_m": "9.5", "circularity": "0.9918", "vertices": "21", "matched_catalogue_id": "wl-neg-neg-es-pba-28975", "matched_catalogue_name": "Mámoa de Roza Moura 1", "matched_distance_m": "2"}}, {"type": "Feature", "geometry": {"type": "Polygon", "coordinates": [[[-7.6609254, 43.2353822], [-7.6608972, 43.2354009], [-7.6608783, 43.2354251], [-7.6608706, 43.2354523], [-7.6608748, 43.2354799], [-7.6608905, 43.2355053], [-7.6609162, 43.2355258], [-7.6609494, 43.2355396], [-7.6609868, 43.2355452], [-7.6610247, 43.2355421], [-7.6610595, 43.2355307], [-7.6610877, 43.2355119], [-7.6611066, 43.2354878], [-7.6611143, 43.2354605], [-7.6611101, 43.2354329], [-7.6610944, 43.2354076], [-7.6610687, 43.235387], [-7.6610355, 43.2353732], [-7.6609981, 43.2353676], [-7.6609602, 43.2353707], [-7.6609254, 43.2353822]]]}, "properties": {"osm_id": "1340403772", "osm_type": "way", "label_class": "0", "site_class": "mound", "name": "Mámoa de Legua Dereita 4", "confidence": "high", "evidence": "archaeological_site=tumulus", "archaeological_site": "tumulus", "civilization": "prehistoric", "fortification_type": "", "wikidata": "", "centroid_lon": "-7.66098926", "centroid_lat": "43.23545288", "area_m2": "302.5", "perimeter_m": "61.9", "equivalent_radius_m": "9.8", "circularity": "0.9918", "vertices": "21", "matched_catalogue_id": "wl-neg-neg-es-pba-43473", "matched_catalogue_name": "Mámoa de Legua Dereita 4", "matched_distance_m": "2"}}, {"type": "Feature", "geometry": {"type": "Polygon", "coordinates": [[[-7.6582337, 43.2329871], [-7.6581988, 43.2330259], [-7.6581983, 43.2330723], [-7.6582322, 43.2331116], [-7.6582899, 43.2331312], [-7.658353, 43.233125], [-7.6584015, 43.2330949], [-7.65842, 43.2330505], [-7.6584026, 43.2330059], [-7.6583548, 43.2329752], [-7.6582919, 43.2329682], [-7.6582337, 43.2329871]]]}, "properties": {"osm_id": "1340403773", "osm_type": "way", "label_class": "0", "site_class": "mound", "name": "Mámoa de Legua Dereita 14", "confidence": "high", "evidence": "archaeological_site=tumulus", "archaeological_site": "tumulus", "civilization": "prehistoric", "fortification_type": "", "wikidata": "", "centroid_lon": "-7.65830087", "centroid_lat": "43.23304458", "area_m2": "249.8", "perimeter_m": "56.8", "equivalent_radius_m": "8.9", "circularity": "0.9727", "vertices": "12", "matched_catalogue_id": "wl-neg-neg-es-pba-43468", "matched_catalogue_name": "Mámoa de Legua Dereita 14", "matched_distance_m": "1"}}, {"type": "Feature", "geometry": {"type": "Polygon", "coordinates": [[[-7.6577497, 43.2320972], [-7.6577254, 43.2321132], [-7.6577101, 43.2321344], [-7.6577057, 43.232158], [-7.6577126, 43.2321813], [-7.6577301, 43.2322015], [-7.657756, 43.2322161], [-7.6577872, 43.2322234], [-7.6578199, 43.2322225], [-7.6578502, 43.2322135], [-7.6578745, 43.2321974], [-7.6578898, 43.2321763], [-7.6578942, 43.2321527], [-7.6578873, 43.2321294], [-7.6578698, 43.2321092], [-7.6578439, 43.2320945], [-7.6578127, 43.2320873], [-7.65778, 43.2320882], [-7.6577497, 43.2320972]]]}, "properties": {"osm_id": "1340403774", "osm_type": "way", "label_class": "0", "site_class": "mound", "name": "Mámoa de Legua Dereita 7", "confidence": "high", "evidence": "archaeological_site=tumulus", "archaeological_site": "tumulus", "civilization": "prehistoric", "fortification_type": "", "wikidata": "", "centroid_lon": "-7.65779731", "centroid_lat": "43.23215228", "area_m2": "180.1", "perimeter_m": "47.8", "equivalent_radius_m": "7.6", "circularity": "0.9898", "vertices": "19", "matched_catalogue_id": "wl-neg-neg-es-pba-43476", "matched_catalogue_name": "Mámoa de Legua Dereita 7", "matched_distance_m": "2"}}, {"type": "Feature", "geometry": {"type": "Polygon", "coordinates": [[[-7.658785, 43.2301586], [-7.6586509, 43.2302055], [-7.6586187, 43.2302817], [-7.6586294, 43.2303814], [-7.6587072, 43.2304576], [-7.6588038, 43.2304889], [-7.6589593, 43.2305025], [-7.6590559, 43.230481], [-7.6591042, 43.2304283], [-7.6591203, 43.2303618], [-7.6591015, 43.2302758], [-7.6590559, 43.2302172], [-7.6589888, 43.2301762], [-7.6588869, 43.2301527], [-7.658785, 43.2301586]]]}, "properties": {"osm_id": "1340403775", "osm_type": "way", "label_class": "0", "site_class": "mound", "name": "Mámoa de Legua Dereita 8", "confidence": "high", "evidence": "archaeological_site=tumulus", "archaeological_site": "tumulus", "civilization": "prehistoric", "fortification_type": "", "wikidata": "", "centroid_lon": "-7.65888352", "centroid_lat": "43.23031519", "area_m2": "1259.5", "perimeter_m": "127.9", "equivalent_radius_m": "20.0", "circularity": "0.9669", "vertices": "15", "matched_catalogue_id": "wl-neg-neg-es-pba-42826", "matched_catalogue_name": "Mámoa de Legua Dereita 8", "matched_distance_m": "2"}}, {"type": "Feature", "geometry": {"type": "Polygon", "coordinates": [[[-7.7904385, 42.967234], [-7.790224, 42.9674028], [-7.7900684, 42.9677207], [-7.7901059, 42.9678777], [-7.7902669, 42.967968], [-7.7905136, 42.9680426], [-7.7908194, 42.9679759], [-7.7909857, 42.9678934], [-7.7910984, 42.9676854], [-7.7910233, 42.9674185], [-7.7908033, 42.9673007], [-7.7904385, 42.967234]]]}, "properties": {"osm_id": "1343893915", "osm_type": "way", "label_class": "1", "site_class": "castro", "name": "Castro de Seoane", "confidence": "high", "evidence": "fortification_type=hill_fort", "archaeological_site": "fortification", "civilization": "castro_culture", "fortification_type": "hill_fort", "wikidata": "", "centroid_lon": "-7.79056549", "centroid_lat": "42.96764614", "area_m2": "5493.1", "perimeter_m": "269.7", "equivalent_radius_m": "41.8", "circularity": "0.9490", "vertices": "12", "matched_catalogue_id": "wl-pos-pos-es-pba-31197", "matched_catalogue_name": "Castro de Seoane", "matched_distance_m": "5"}}, {"type": "Feature", "geometry": {"type": "Polygon", "coordinates": [[[-7.7241826, 43.0172857], [-7.724147, 43.0172979], [-7.7241183, 43.0173175], [-7.7240993, 43.0173427], [-7.7240919, 43.0173709], [-7.7240968, 43.0173995], [-7.7241135, 43.0174255], [-7.7241403, 43.0174465], [-7.7241747, 43.0174603], [-7.7242133, 43.0174658], [-7.7242523, 43.0174622], [-7.7242879, 43.01745], [-7.7243166, 43.0174304], [-7.7243356, 43.0174052], [-7.724343, 43.017377], [-7.7243382, 43.0173485], [-7.7243215, 43.0173224], [-7.7242946, 43.0173015], [-7.7242602, 43.0172876], [-7.7242216, 43.0172822], [-7.7241826, 43.0172857]]]}, "properties": {"osm_id": "1343895161", "osm_type": "way", "label_class": "0", "site_class": "mound", "name": "Mámoa de Monte de Chao 1", "confidence": "high", "evidence": "archaeological_site=tumulus", "archaeological_site": "tumulus", "civilization": "prehistoric", "fortification_type": "", "wikidata": "", "centroid_lon": "-7.72421580", "centroid_lat": "43.01736976", "area_m2": "323.1", "perimeter_m": "64.0", "equivalent_radius_m": "10.1", "circularity": "0.9918", "vertices": "21", "matched_catalogue_id": "wl-neg-neg-es-pba-30138", "matched_catalogue_name": "Mámoa de Monte de Chao 1", "matched_distance_m": "1"}}, {"type": "Feature", "geometry": {"type": "Polygon", "coordinates": [[[-7.3950327, 42.6912919], [-7.3945391, 42.6910474], [-7.393831, 42.6910238], [-7.3935413, 42.6911184], [-7.3933804, 42.6913629], [-7.3932839, 42.6919385], [-7.3934662, 42.6922697], [-7.3935735, 42.6924196], [-7.3940456, 42.6926009], [-7.3945713, 42.6924748], [-7.3946142, 42.6922303], [-7.3949683, 42.6919464], [-7.3952258, 42.6918754], [-7.3954833, 42.6917729], [-7.3956013, 42.6915442], [-7.3953652, 42.6914259], [-7.3950327, 42.6912919]]]}, "properties": {"osm_id": "1346971660", "osm_type": "way", "label_class": "1", "site_class": "castro", "name": "Castro de Bermún", "confidence": "high", "evidence": "fortification_type=hill_fort", "archaeological_site": "fortification", "civilization": "castro_culture", "fortification_type": "hill_fort", "wikidata": "", "centroid_lon": "-7.39444446", "centroid_lat": "42.69174323", "area_m2": "21586.6", "perimeter_m": "573.3", "equivalent_radius_m": "82.9", "circularity": "0.8253", "vertices": "17", "matched_catalogue_id": "wl-pos-pos-es-pba-32300", "matched_catalogue_name": "Castro de Bermún", "matched_distance_m": "21"}}, {"type": "Feature", "geometry": {"type": "Polygon", "coordinates": [[[-7.4254091, 42.7406279], [-7.4253175, 42.7409807], [-7.4252263, 42.7411107], [-7.4250224, 42.7411146], [-7.4247193, 42.7410082], [-7.4244136, 42.7408526], [-7.4243867, 42.7407581], [-7.4244109, 42.7404961], [-7.4244377, 42.7403798], [-7.4246255, 42.7402912], [-7.4247918, 42.7402873], [-7.4250627, 42.7403404], [-7.4253202, 42.7404409], [-7.4254167, 42.7405453], [-7.4254091, 42.7406279]]]}, "properties": {"osm_id": "1346972403", "osm_type": "way", "label_class": "1", "site_class": "castro", "name": "Castro de Teilonxe", "confidence": "high", "evidence": "fortification_type=hill_fort", "archaeological_site": "fortification", "civilization": "castro_culture", "fortification_type": "hill_fort", "wikidata": "", "centroid_lon": "-7.42493130", "centroid_lat": "42.74065745", "area_m2": "5979.0", "perimeter_m": "285.8", "equivalent_radius_m": "43.6", "circularity": "0.9198", "vertices": "15", "matched_catalogue_id": "wl-pos-pos-es-pba-42073", "matched_catalogue_name": "Castro de Teilonxe/Castro de San Pedro", "matched_distance_m": "16"}}, {"type": "Feature", "geometry": {"type": "Polygon", "coordinates": [[[-7.4342163, 42.7718928], [-7.4338389, 42.772046], [-7.4333775, 42.772046], [-7.4330771, 42.7719672], [-7.4325621, 42.7717703], [-7.4324226, 42.7715104], [-7.4326801, 42.7711166], [-7.4331093, 42.770778], [-7.4337638, 42.7706677], [-7.4340963, 42.7707307], [-7.4343217, 42.7708725], [-7.4344182, 42.7712111], [-7.4344397, 42.7715577], [-7.4342163, 42.7718928]]]}, "properties": {"osm_id": "1346972957", "osm_type": "way", "label_class": "1", "site_class": "castro", "name": "Castro das Paredes", "confidence": "high", "evidence": "fortification_type=hill_fort", "archaeological_site": "fortification", "civilization": "castro_culture", "fortification_type": "hill_fort", "wikidata": "", "centroid_lon": "-7.43360999", "centroid_lat": "42.77143284", "area_m2": "19151.6", "perimeter_m": "503.5", "equivalent_radius_m": "78.1", "circularity": "0.9492", "vertices": "14", "matched_catalogue_id": "wl-pos-pos-es-pba-42030", "matched_catalogue_name": "Castro de Paredes", "matched_distance_m": "28"}}, {"type": "Feature", "geometry": {"type": "Polygon", "coordinates": [[[-7.3114067, 42.9978835], [-7.3115516, 42.9986368], [-7.312088, 42.9993666], [-7.312603, 42.999704], [-7.312882, 42.9997824], [-7.3134935, 42.9996961], [-7.3137725, 42.9995627], [-7.3139441, 42.9993116], [-7.3142874, 42.9989585], [-7.3145986, 42.998629], [-7.3147059, 42.9982602], [-7.3148131, 42.9978286], [-7.3146522, 42.9974363], [-7.3142552, 42.9973107], [-7.3138905, 42.9971616], [-7.3133433, 42.9970831], [-7.3120666, 42.997295], [-7.3114658, 42.997554], [-7.3114067, 42.9978835]]]}, "properties": {"osm_id": "1346976692", "osm_type": "way", "label_class": "1", "site_class": "castro", "name": "Castro do Vilar", "confidence": "high", "evidence": "fortification_type=hill_fort", "archaeological_site": "fortification", "civilization": "castro_culture", "fortification_type": "hill_fort", "wikidata": "", "centroid_lon": "-7.31322246", "centroid_lat": "42.99838654", "area_m2": "61361.6", "perimeter_m": "910.8", "equivalent_radius_m": "139.8", "circularity": "0.9294", "vertices": "19", "matched_catalogue_id": "wl-pos-pos-es-pba-29780", "matched_catalogue_name": "O Castro", "matched_distance_m": "52"}}, {"type": "Feature", "geometry": {"type": "Polygon", "coordinates": [[[-7.7169413, 42.8463669], [-7.7167904, 42.8466461], [-7.7169299, 42.8468271], [-7.7171069, 42.84689], [-7.7175683, 42.8469018], [-7.7179599, 42.8465399], [-7.7179062, 42.8462607], [-7.7176809, 42.846182], [-7.7173162, 42.8461742], [-7.7169413, 42.8463669]]]}, "properties": {"osm_id": "1347106269", "osm_type": "way", "label_class": "1", "site_class": "castro", "name": "A Cunca do Castro", "confidence": "high", "evidence": "fortification_type=hill_fort", "archaeological_site": "fortification", "civilization": "castro_culture", "fortification_type": "hill_fort", "wikidata": "", "centroid_lon": "-7.71731413", "centroid_lat": "42.84651556", "area_m2": "5780.2", "perimeter_m": "280.6", "equivalent_radius_m": "42.9", "circularity": "0.9223", "vertices": "10", "matched_catalogue_id": "wl-pos-pos-es-pba-38503", "matched_catalogue_name": "Cunca do Castro", "matched_distance_m": "3"}}, {"type": "Feature", "geometry": {"type": "Polygon", "coordinates": [[[-7.699289, 42.9825891], [-7.6992729, 42.9826195], [-7.6992756, 42.9826607], [-7.699289, 42.9826882], [-7.6993212, 42.9827098], [-7.6993802, 42.9827255], [-7.6994526, 42.9827157], [-7.6994956, 42.9826921], [-7.6995036, 42.9826548], [-7.6994982, 42.9826215], [-7.6994795, 42.9825901], [-7.6994419, 42.9825783], [-7.6993856, 42.9825665], [-7.6993319, 42.9825665], [-7.699289, 42.9825891]]]}, "properties": {"osm_id": "1347107809", "osm_type": "way", "label_class": "0", "site_class": "mound", "name": "Monte da Pena da Cruz e das Tenzas 04", "confidence": "high", "evidence": "archaeological_site=tumulus", "archaeological_site": "tumulus", "civilization": "prehistoric", "fortification_type": "", "wikidata": "", "centroid_lon": "-7.69938039", "centroid_lat": "42.98263783", "area_m2": "267.8", "perimeter_m": "59.0", "equivalent_radius_m": "9.2", "circularity": "0.9652", "vertices": "15", "matched_catalogue_id": "", "matched_catalogue_name": "", "matched_distance_m": ""}}, {"type": "Feature", "geometry": {"type": "Polygon", "coordinates": [[[-7.6749989, 42.6383649], [-7.6751116, 42.6382959], [-7.6751599, 42.6382091], [-7.675243, 42.6380867], [-7.6752752, 42.6379486], [-7.6752751, 42.6377986], [-7.6752456, 42.6377295], [-7.6751517, 42.6376289], [-7.6750258, 42.6375934], [-7.6748622, 42.6375342], [-7.6747039, 42.6375086], [-7.6745322, 42.637479], [-7.6743794, 42.6375105], [-7.6742238, 42.637552], [-7.6740119, 42.6376901], [-7.6738831, 42.6378519], [-7.6738617, 42.6379999], [-7.6739529, 42.6381183], [-7.6740575, 42.6382386], [-7.6743631, 42.6383826], [-7.674465, 42.6384142], [-7.6745698, 42.6384399], [-7.674661, 42.638432], [-7.674771, 42.6384222], [-7.6749989, 42.6383649]]]}, "properties": {"osm_id": "1347429827", "osm_type": "way", "label_class": "1", "site_class": "castro", "name": "Castro da Besta", "confidence": "high", "evidence": "fortification_type=hill_fort", "archaeological_site": "fortification", "civilization": "castro_culture", "fortification_type": "hill_fort", "wikidata": "", "centroid_lon": "-7.67467137", "centroid_lat": "42.63798378", "area_m2": "9341.1", "perimeter_m": "347.7", "equivalent_radius_m": "54.5", "circularity": "0.9711", "vertices": "25", "matched_catalogue_id": "wl-pos-pos-es-pba-41928", "matched_catalogue_name": "Castro da Besta ou de Vilelos", "matched_distance_m": "3"}}, {"type": "Feature", "geometry": {"type": "Polygon", "coordinates": [[[-8.6409292, 41.9126793], [-8.6409989, 41.9127861], [-8.6411833, 41.9129264], [-8.6422369, 41.9135914], [-8.6424419, 41.9137714], [-8.6425894, 41.9139514], [-8.6426427, 41.9140978], [-8.6426017, 41.9143175], [-8.6423025, 41.915257], [-8.6421631, 41.9157482], [-8.6418843, 41.9163034], [-8.6416794, 41.9166847], [-8.6413924, 41.9170721], [-8.640962, 41.9176181], [-8.6405643, 41.9179933], [-8.6402669, 41.9180219], [-8.6400493, 41.9179976], [-8.6397991, 41.9177386], [-8.6392389, 41.9173177], [-8.6389506, 41.9172165], [-8.6382, 41.9176941], [-8.6376669, 41.9178843], [-8.6369761, 41.9179895], [-8.6362473, 41.9181393], [-8.6356, 41.9181879], [-8.6342293, 41.9179895], [-8.6337398, 41.9179895], [-8.6334025, 41.9178762], [-8.6331523, 41.9176577], [-8.633136, 41.9174836], [-8.6332414, 41.916252], [-8.6332566, 41.9155674], [-8.6334363, 41.9150597], [-8.6336384, 41.9147697], [-8.6337466, 41.9146516], [-8.6339126, 41.9145334], [-8.634158, 41.9143078], [-8.6342663, 41.9141199], [-8.6346632, 41.9139104], [-8.6353344, 41.9135667], [-8.6359334, 41.913223], [-8.6370016, 41.9129706], [-8.6383295, 41.9128417], [-8.6389791, 41.9126752], [-8.6398451, 41.9126161], [-8.6406462, 41.9126376], [-8.6409292, 41.9126793]]]}, "properties": {"osm_id": "1348862595", "osm_type": "way", "label_class": "1", "site_class": "castro", "name": "Povoado Fortificado de Cossourado", "confidence": "medium", "evidence": "site=fortification,civ=prehistoric", "archaeological_site": "fortification", "civilization": "prehistoric", "fortification_type": "", "wikidata": "", "centroid_lon": "-8.63805415", "centroid_lat": "41.91549711", "area_m2": "374878.3", "perimeter_m": "2395.6", "equivalent_radius_m": "345.4", "circularity": "0.8209", "vertices": "47", "matched_catalogue_id": "wl-pos-pos-pt-dgpc-108405", "matched_catalogue_name": "Cividade de Cossourado", "matched_distance_m": "71"}}, {"type": "Feature", "geometry": {"type": "Polygon", "coordinates": [[[-7.6443234, 42.7937668], [-7.6447249, 42.7936529], [-7.6450789, 42.7935191], [-7.6453364, 42.7932671], [-7.6451969, 42.7930624], [-7.6446927, 42.792968], [-7.6442957, 42.7929365], [-7.6438773, 42.7930703], [-7.643652, 42.7932041], [-7.6436305, 42.7933852], [-7.6436949, 42.7935269], [-7.6437807, 42.793645], [-7.6438987, 42.7937553], [-7.6440489, 42.7937946], [-7.6443234, 42.7937668]]]}, "properties": {"osm_id": "1359167047", "osm_type": "way", "label_class": "1", "site_class": "castro", "name": "Castrolovirxe", "confidence": "high", "evidence": "fortification_type=hill_fort", "archaeological_site": "fortification", "civilization": "castro_culture", "fortification_type": "hill_fort", "wikidata": "", "centroid_lon": "-7.64430369", "centroid_lat": "42.79342140", "area_m2": "9423.3", "perimeter_m": "367.4", "equivalent_radius_m": "54.8", "circularity": "0.8775", "vertices": "15", "matched_catalogue_id": "wl-pos-pos-es-pba-38465", "matched_catalogue_name": "Castrolovirxe", "matched_distance_m": "9"}}, {"type": "Feature", "geometry": {"type": "Polygon", "coordinates": [[[-7.8105377, 42.895314], [-7.8103566, 42.8955148], [-7.8103566, 42.895782], [-7.810539, 42.8959942], [-7.8107214, 42.8960571], [-7.8109574, 42.8961121], [-7.8113544, 42.8960728], [-7.8114939, 42.8958842], [-7.8115368, 42.8956877], [-7.811333, 42.8954126], [-7.8110969, 42.8952868], [-7.8107858, 42.8952868], [-7.8105377, 42.895314]]]}, "properties": {"osm_id": "1360759209", "osm_type": "way", "label_class": "1", "site_class": "castro", "name": "O Castro", "confidence": "high", "evidence": "fortification_type=hill_fort", "archaeological_site": "fortification", "civilization": "castro_culture", "fortification_type": "hill_fort", "wikidata": "", "centroid_lon": "-7.81089286", "centroid_lat": "42.89567070", "area_m2": "7040.0", "perimeter_m": "304.3", "equivalent_radius_m": "47.3", "circularity": "0.9556", "vertices": "13", "matched_catalogue_id": "wl-pos-pos-es-pba-37623", "matched_catalogue_name": "A Castronela", "matched_distance_m": "28"}}, {"type": "Feature", "geometry": {"type": "Polygon", "coordinates": [[[-8.9231302, 43.0080627], [-8.9234789, 43.0079568], [-8.9238126, 43.0077056], [-8.9238877, 43.0074947], [-8.9238571, 43.0073075], [-8.9237632, 43.0070957], [-8.9236935, 43.0070251], [-8.9234441, 43.0068819], [-8.9230739, 43.0068584], [-8.9228057, 43.0069231], [-8.9225697, 43.0071663], [-8.9224294, 43.0074767], [-8.9224352, 43.0076471], [-8.9224785, 43.0077587], [-8.9226662, 43.007996], [-8.9228835, 43.0080803], [-8.9231302, 43.0080627]]]}, "properties": {"osm_id": "1363126000", "osm_type": "way", "label_class": "1", "site_class": "castro", "name": "Castro de Brandomil", "confidence": "medium", "evidence": "site=settlement,civ=celtic", "archaeological_site": "settlement", "civilization": "celtic", "fortification_type": "", "wikidata": "", "centroid_lon": "-8.92314939", "centroid_lat": "43.00749996", "area_m2": "12331.0", "perimeter_m": "400.7", "equivalent_radius_m": "62.7", "circularity": "0.9651", "vertices": "17", "matched_catalogue_id": "wl-pos-pos-es-pba-27160", "matched_catalogue_name": "Castro de Brandomil", "matched_distance_m": "12"}}, {"type": "Feature", "geometry": {"type": "Polygon", "coordinates": [[[-7.1500483, 43.168808], [-7.1496516, 43.1691938], [-7.1496516, 43.1700938], [-7.149916, 43.170576], [-7.1503127, 43.1708653], [-7.1507865, 43.170576], [-7.1509518, 43.1702867], [-7.1515027, 43.1701903], [-7.1516349, 43.1697402], [-7.1513044, 43.1690973], [-7.1509518, 43.1687598], [-7.1504779, 43.1686634], [-7.1500483, 43.168808]]]}, "properties": {"osm_id": "1370095108", "osm_type": "way", "label_class": "1", "site_class": "castro", "name": "O Castro", "confidence": "high", "evidence": "fortification_type=hill_fort", "archaeological_site": "fortification", "civilization": "castro_culture", "fortification_type": "hill_fort", "wikidata": "", "centroid_lon": "-7.15055681", "centroid_lat": "43.16966605", "area_m2": "27420.5", "perimeter_m": "641.5", "equivalent_radius_m": "93.4", "circularity": "0.8372", "vertices": "13", "matched_catalogue_id": "wl-pos-pos-es-pba-40345", "matched_catalogue_name": "O Castro", "matched_distance_m": "28"}}, {"type": "Feature", "geometry": {"type": "Polygon", "coordinates": [[[-7.1416399, 42.8836954], [-7.1413279, 42.884062], [-7.1414996, 42.8844236], [-7.1419287, 42.8848481], [-7.1423793, 42.8850839], [-7.143023, 42.8851388], [-7.1433127, 42.8846593], [-7.1431303, 42.8842977], [-7.1427333, 42.8838653], [-7.1424329, 42.8835902], [-7.1421754, 42.8834801], [-7.141875, 42.883598], [-7.1416399, 42.8836954]]]}, "properties": {"osm_id": "1374865051", "osm_type": "way", "label_class": "1", "site_class": "castro", "name": "Castro de Vilar de Frades", "confidence": "high", "evidence": "fortification_type=hill_fort", "archaeological_site": "fortification", "civilization": "castro_culture", "fortification_type": "hill_fort", "wikidata": "", "centroid_lon": "-7.14223830", "centroid_lat": "42.88418752", "area_m2": "18767.4", "perimeter_m": "520.2", "equivalent_radius_m": "77.3", "circularity": "0.8715", "vertices": "13", "matched_catalogue_id": "wl-pos-pos-es-pba-28457", "matched_catalogue_name": "Castro de Vilar de Frades", "matched_distance_m": "12"}}, {"type": "Feature", "geometry": {"type": "Polygon", "coordinates": [[[-7.2385312, 42.8817821], [-7.2390032, 42.8814834], [-7.239368, 42.8811689], [-7.2395826, 42.8808859], [-7.2395611, 42.8805714], [-7.2393465, 42.8803198], [-7.2391534, 42.8802098], [-7.2385526, 42.8800997], [-7.2382522, 42.880257], [-7.2379733, 42.8807129], [-7.2376729, 42.8808859], [-7.2375012, 42.8811532], [-7.2376514, 42.8814362], [-7.2378874, 42.8816563], [-7.2382737, 42.881735], [-7.2385312, 42.8817821]]]}, "properties": {"osm_id": "1374869350", "osm_type": "way", "label_class": "1", "site_class": "castro", "name": "Alto da Croa", "confidence": "high", "evidence": "fortification_type=hill_fort", "archaeological_site": "fortification", "civilization": "castro_culture", "fortification_type": "hill_fort", "wikidata": "", "centroid_lon": "-7.23855262", "centroid_lat": "42.88100873", "area_m2": "20728.5", "perimeter_m": "540.5", "equivalent_radius_m": "81.2", "circularity": "0.8916", "vertices": "16", "matched_catalogue_id": "wl-pos-pos-es-pba-42398", "matched_catalogue_name": "As Croas/Os Castros", "matched_distance_m": "26"}}, {"type": "Feature", "geometry": {"type": "Polygon", "coordinates": [[[-7.6341999, 42.8953812], [-7.6335025, 42.895389], [-7.6329553, 42.8955148], [-7.6327086, 42.8959549], [-7.6328588, 42.89623], [-7.6330948, 42.8963479], [-7.6334167, 42.8963951], [-7.6336742, 42.8963715], [-7.6339746, 42.8963401], [-7.6343715, 42.8962379], [-7.6346183, 42.8962143], [-7.6349402, 42.8961829], [-7.6351655, 42.8960493], [-7.6351762, 42.8958292], [-7.6351118, 42.895672], [-7.6348543, 42.8955855], [-7.6347149, 42.8955305], [-7.6344037, 42.8954126], [-7.6341999, 42.8953812]]]}, "properties": {"osm_id": "1374873773", "osm_type": "way", "label_class": "1", "site_class": "castro", "name": "Castro de Zaide", "confidence": "high", "evidence": "fortification_type=hill_fort", "archaeological_site": "fortification", "civilization": "castro_culture", "fortification_type": "hill_fort", "wikidata": "", "centroid_lon": "-7.63410219", "centroid_lat": "42.89589578", "area_m2": "17448.6", "perimeter_m": "514.7", "equivalent_radius_m": "74.5", "circularity": "0.8278", "vertices": "19", "matched_catalogue_id": "wl-pos-pos-es-pba-32252", "matched_catalogue_name": "Castro de Zaíde", "matched_distance_m": "23"}}, {"type": "Feature", "geometry": {"type": "Polygon", "coordinates": [[[-7.6876187, 42.905557], [-7.6875973, 42.9055739], [-7.687585, 42.9055953], [-7.6875835, 42.9056184], [-7.6875929, 42.9056405], [-7.687612, 42.9056589], [-7.6876385, 42.9056714], [-7.6876693, 42.9056765], [-7.6877006, 42.9056736], [-7.6877287, 42.9056631], [-7.6877502, 42.9056461], [-7.6877624, 42.9056248], [-7.6877639, 42.9056017], [-7.6877546, 42.9055796], [-7.6877355, 42.9055611], [-7.6877089, 42.9055486], [-7.6876782, 42.9055435], [-7.6876468, 42.9055464], [-7.6876187, 42.905557]]]}, "properties": {"osm_id": "1374874261", "osm_type": "way", "label_class": "0", "site_class": "mound", "name": "Mámoado Marco da Estrela", "confidence": "high", "evidence": "archaeological_site=tumulus", "archaeological_site": "tumulus", "civilization": "prehistoric", "fortification_type": "", "wikidata": "", "centroid_lon": "-7.68767083", "centroid_lat": "42.90560723", "area_m2": "169.2", "perimeter_m": "46.3", "equivalent_radius_m": "7.3", "circularity": "0.9898", "vertices": "19", "matched_catalogue_id": "wl-neg-neg-es-pba-32061", "matched_catalogue_name": "Mámoa do Marco da Estrela", "matched_distance_m": "3"}}, {"type": "Feature", "geometry": {"type": "Polygon", "coordinates": [[[-7.5454724, 43.0715055], [-7.5450218, 43.0718974], [-7.544657, 43.0722187], [-7.5445283, 43.0724774], [-7.5446999, 43.0726576], [-7.5449038, 43.0727203], [-7.5453866, 43.0725557], [-7.5457835, 43.072305], [-7.5459659, 43.072109], [-7.5460732, 43.0718034], [-7.5459981, 43.0716074], [-7.5457943, 43.0714977], [-7.5454724, 43.0715055]]]}, "properties": {"osm_id": "1378761446", "osm_type": "way", "label_class": "1", "site_class": "castro", "name": "Alto do Castro", "confidence": "high", "evidence": "fortification_type=hill_fort", "archaeological_site": "fortification", "civilization": "castro_culture", "fortification_type": "hill_fort", "wikidata": "", "centroid_lon": "-7.54536594", "centroid_lat": "43.07206620", "area_m2": "9885.7", "perimeter_m": "393.4", "equivalent_radius_m": "56.1", "circularity": "0.8025", "vertices": "13", "matched_catalogue_id": "wl-pos-pos-es-pba-31636", "matched_catalogue_name": "Alto do Castro", "matched_distance_m": "16"}}, {"type": "Feature", "geometry": {"type": "Polygon", "coordinates": [[[-7.5313103, 43.0195135], [-7.5271475, 43.0208705], [-7.5217509, 43.0208862], [-7.5214613, 43.0188781], [-7.5193155, 43.018682], [-7.5194872, 43.021349], [-7.5202596, 43.0221098], [-7.5288749, 43.0225334], [-7.5294221, 43.022302], [-7.5292504, 43.0219372], [-7.5309777, 43.0211685], [-7.5313962, 43.0197959], [-7.5313103, 43.0195135]]]}, "properties": {"osm_id": "1378993691", "osm_type": "way", "label_class": "0", "site_class": "mound", "name": "Necrópole megalítica de San Cibrao", "confidence": "high", "evidence": "archaeological_site=tumulus", "archaeological_site": "tumulus", "civilization": "prehistoric", "fortification_type": "", "wikidata": "", "centroid_lon": "-7.52630492", "centroid_lat": "43.02073382", "area_m2": "202264.0", "perimeter_m": "2764.1", "equivalent_radius_m": "253.7", "circularity": "0.3327", "vertices": "13", "matched_catalogue_id": "", "matched_catalogue_name": "", "matched_distance_m": ""}}, {"type": "Feature", "geometry": {"type": "Polygon", "coordinates": [[[-7.382259, 43.0501465], [-7.382201, 43.0502859], [-7.3822546, 43.050478], [-7.3823512, 43.0505643], [-7.382555, 43.0506074], [-7.3829788, 43.0506035], [-7.383306, 43.0505407], [-7.3834348, 43.0504349], [-7.3833543, 43.0502232], [-7.3831987, 43.0501526], [-7.3829734, 43.0500586], [-7.3827964, 43.0500115], [-7.3826784, 43.0499802], [-7.3825228, 43.050039], [-7.3823887, 43.0500978], [-7.382259, 43.0501465]]]}, "properties": {"osm_id": "1381249812", "osm_type": "way", "label_class": "1", "site_class": "castro", "name": "A Croa de Mouriz", "confidence": "high", "evidence": "fortification_type=hill_fort", "archaeological_site": "fortification", "civilization": "castro_culture", "fortification_type": "hill_fort", "wikidata": "", "centroid_lon": "-7.38271951", "centroid_lat": "43.05027316", "area_m2": "5184.7", "perimeter_m": "270.3", "equivalent_radius_m": "40.6", "circularity": "0.8917", "vertices": "16", "matched_catalogue_id": "wl-pos-pos-es-pba-27968", "matched_catalogue_name": "A Croa de Mouriz", "matched_distance_m": "17"}}, {"type": "Feature", "geometry": {"type": "Polygon", "coordinates": [[[-7.4064159, 43.0107334], [-7.405901, 43.0109785], [-7.4057508, 43.0112923], [-7.405858, 43.0116532], [-7.4060297, 43.0117944], [-7.4064052, 43.0117434], [-7.4066949, 43.0114728], [-7.4070704, 43.0110413], [-7.4069953, 43.0108216], [-7.4068022, 43.0106882], [-7.4064159, 43.0107334]]]}, "properties": {"osm_id": "1381250642", "osm_type": "way", "label_class": "1", "site_class": "castro", "name": "Castro de Pademe", "confidence": "high", "evidence": "fortification_type=hill_fort", "archaeological_site": "fortification", "civilization": "castro_culture", "fortification_type": "hill_fort", "wikidata": "", "centroid_lon": "-7.40639448", "centroid_lat": "43.01117750", "area_m2": "8648.1", "perimeter_m": "354.1", "equivalent_radius_m": "52.5", "circularity": "0.8666", "vertices": "11", "matched_catalogue_id": "wl-pos-pos-es-pba-27911", "matched_catalogue_name": "Castro de Paderne", "matched_distance_m": "16"}}, {"type": "Feature", "geometry": {"type": "Polygon", "coordinates": [[[-7.6394673, 42.8260597], [-7.6387113, 42.8264347], [-7.6384914, 42.8268439], [-7.6384753, 42.8271193], [-7.638588, 42.8273593], [-7.6388186, 42.8275836], [-7.6391459, 42.8278078], [-7.6396555, 42.8277645], [-7.6404548, 42.8274105], [-7.6407337, 42.8271783], [-7.6409483, 42.8267141], [-7.6410502, 42.8263088], [-7.6406425, 42.8260492], [-7.6401812, 42.82588], [-7.6394673, 42.8260597]]]}, "properties": {"osm_id": "1381255645", "osm_type": "way", "label_class": "1", "site_class": "castro", "name": "Castro de Vedro", "confidence": "high", "evidence": "fortification_type=hill_fort", "archaeological_site": "fortification", "civilization": "castro_culture", "fortification_type": "hill_fort", "wikidata": "", "centroid_lon": "-7.63965542", "centroid_lat": "42.82683823", "area_m2": "31363.5", "perimeter_m": "651.1", "equivalent_radius_m": "99.9", "circularity": "0.9298", "vertices": "15", "matched_catalogue_id": "wl-pos-pos-es-pba-38429", "matched_catalogue_name": "Castro de Bedro/Pena do Castro/Castrolázaro", "matched_distance_m": "9"}}, {"type": "Feature", "geometry": {"type": "Polygon", "coordinates": [[[-7.3330146, 42.9428093], [-7.3328966, 42.9430489], [-7.3330629, 42.943473], [-7.3334384, 42.943689], [-7.3337603, 42.9438657], [-7.3339266, 42.9439049], [-7.3341519, 42.9438539], [-7.3342149, 42.9436841], [-7.3341626, 42.9433748], [-7.3341572, 42.9431902], [-7.3341519, 42.9430881], [-7.3339158, 42.9427583], [-7.3337817, 42.9425502], [-7.3336369, 42.9425148], [-7.3334716, 42.9425989], [-7.3333204, 42.9426758], [-7.333138, 42.9427308], [-7.3330146, 42.9428093]]]}, "properties": {"osm_id": "1381261093", "osm_type": "way", "label_class": "1", "site_class": "castro", "name": "Castro de Folgosa", "confidence": "high", "evidence": "fortification_type=hill_fort", "archaeological_site": "fortification", "civilization": "castro_culture", "fortification_type": "hill_fort", "wikidata": "", "centroid_lon": "-7.33362316", "centroid_lat": "42.94314556", "area_m2": "11128.6", "perimeter_m": "409.1", "equivalent_radius_m": "59.5", "circularity": "0.8354", "vertices": "18", "matched_catalogue_id": "wl-pos-pos-es-pba-29986", "matched_catalogue_name": "Castro de Folgosa", "matched_distance_m": "36"}}, {"type": "Feature", "geometry": {"type": "Polygon", "coordinates": [[[-7.5755024, 42.8349166], [-7.5751591, 42.8348379], [-7.5747567, 42.8348616], [-7.5746387, 42.8349717], [-7.5746656, 42.8351802], [-7.5747138, 42.8353061], [-7.5748426, 42.8353808], [-7.5751805, 42.8354477], [-7.5753683, 42.8354556], [-7.5756097, 42.8353729], [-7.5757653, 42.8352589], [-7.5757492, 42.8351172], [-7.5756097, 42.8349402], [-7.5755024, 42.8349166]]]}, "properties": {"osm_id": "1381262039", "osm_type": "way", "label_class": "1", "site_class": "castro", "name": "O Coto de Francos", "confidence": "high", "evidence": "fortification_type=hill_fort", "archaeological_site": "fortification", "civilization": "castro_culture", "fortification_type": "hill_fort", "wikidata": "", "centroid_lon": "-7.57521886", "centroid_lat": "42.83514029", "area_m2": "4952.9", "perimeter_m": "260.5", "equivalent_radius_m": "39.7", "circularity": "0.9169", "vertices": "14", "matched_catalogue_id": "", "matched_catalogue_name": "", "matched_distance_m": ""}}, {"type": "Feature", "geometry": {"type": "Polygon", "coordinates": [[[-7.2942296, 42.9860768], [-7.293967, 42.9861985], [-7.2937954, 42.986379], [-7.2937685, 42.9865673], [-7.2937954, 42.9867832], [-7.2938544, 42.9869441], [-7.2939241, 42.9870618], [-7.294085, 42.987152], [-7.2941655, 42.987203], [-7.2941762, 42.9872933], [-7.2942084, 42.9874463], [-7.2943103, 42.9875209], [-7.2945678, 42.9876347], [-7.2947878, 42.98767], [-7.2950399, 42.9875876], [-7.2952116, 42.9874581], [-7.2953403, 42.9873011], [-7.2953832, 42.9869637], [-7.2953779, 42.9865713], [-7.2953028, 42.9864025], [-7.2952277, 42.9862573], [-7.2951257, 42.9861435], [-7.2948521, 42.986018], [-7.2946805, 42.985963], [-7.2945196, 42.985963], [-7.2942296, 42.9860768]]]}, "properties": {"osm_id": "1381262040", "osm_type": "way", "label_class": "1", "site_class": "castro", "name": "Castro do Coto", "confidence": "high", "evidence": "fortification_type=hill_fort", "archaeological_site": "fortification", "civilization": "castro_culture", "fortification_type": "hill_fort", "wikidata": "", "centroid_lon": "-7.29453563", "centroid_lat": "42.98679372", "area_m2": "18891.7", "perimeter_m": "512.9", "equivalent_radius_m": "77.5", "circularity": "0.9024", "vertices": "26", "matched_catalogue_id": "wl-pos-pos-es-pba-29779", "matched_catalogue_name": "O Castro", "matched_distance_m": "4"}}, {"type": "Feature", "geometry": {"type": "Polygon", "coordinates": [[[-7.5339872, 42.9036099], [-7.5337994, 42.9037671], [-7.533676, 42.9038025], [-7.53344, 42.9037946], [-7.5332844, 42.9037161], [-7.5331611, 42.9035942], [-7.5330591, 42.9033938], [-7.5330806, 42.9032485], [-7.5331503, 42.9031109], [-7.5332415, 42.9030284], [-7.533381, 42.9030009], [-7.5336278, 42.9029498], [-7.5338316, 42.9029498], [-7.5339979, 42.9029695], [-7.5341052, 42.9030048], [-7.534191, 42.9031109], [-7.5341964, 42.9032956], [-7.5341749, 42.9033585], [-7.5339872, 42.9036099]]]}, "properties": {"osm_id": "1381262041", "osm_type": "way", "label_class": "1", "site_class": "castro", "name": "Castro de Longalai", "confidence": "high", "evidence": "fortification_type=hill_fort", "archaeological_site": "fortification", "civilization": "castro_culture", "fortification_type": "hill_fort", "wikidata": "", "centroid_lon": "-7.53365119", "centroid_lat": "42.90333241", "area_m2": "6823.7", "perimeter_m": "299.9", "equivalent_radius_m": "46.6", "circularity": "0.9534", "vertices": "19", "matched_catalogue_id": "wl-pos-pos-es-pba-32246", "matched_catalogue_name": "Castro de Longalai", "matched_distance_m": "16"}}, {"type": "Feature", "geometry": {"type": "Polygon", "coordinates": [[[-7.5739874, 43.1701086], [-7.5738766, 43.1701409], [-7.5738594, 43.1701876], [-7.5738815, 43.1702864], [-7.5739579, 43.1703331], [-7.5740318, 43.1703457], [-7.5740983, 43.1703439], [-7.5741721, 43.1703187], [-7.5742214, 43.1702918], [-7.5742337, 43.1702487], [-7.5742165, 43.1702038], [-7.57415, 43.1701589], [-7.5740835, 43.1701212], [-7.5739874, 43.1701086]]]}, "properties": {"osm_id": "1385471711", "osm_type": "way", "label_class": "0", "site_class": "mound", "name": "Mámoa da Roza Grande 2", "confidence": "high", "evidence": "archaeological_site=tumulus", "archaeological_site": "tumulus", "civilization": "", "fortification_type": "", "wikidata": "", "centroid_lon": "-7.57405411", "centroid_lat": "43.17022842", "area_m2": "603.6", "perimeter_m": "89.7", "equivalent_radius_m": "13.9", "circularity": "0.9427", "vertices": "14", "matched_catalogue_id": "wl-neg-neg-es-pba-28897", "matched_catalogue_name": "Mámoa da Roza Grande 2", "matched_distance_m": "3"}}, {"type": "Feature", "geometry": {"type": "Polygon", "coordinates": [[[-7.5735097, 43.1698948], [-7.5734333, 43.1699559], [-7.5734653, 43.1700475], [-7.5735294, 43.170096], [-7.573586, 43.170114], [-7.5736919, 43.1700996], [-7.5737387, 43.1700709], [-7.5737559, 43.1700224], [-7.5737387, 43.1699739], [-7.5737116, 43.1699344], [-7.5736402, 43.1698984], [-7.5735885, 43.1698859], [-7.5735097, 43.1698948]]]}, "properties": {"osm_id": "1385471712", "osm_type": "way", "label_class": "0", "site_class": "mound", "name": "Mámoa da Roza Grande 3", "confidence": "high", "evidence": "archaeological_site=tumulus", "archaeological_site": "tumulus", "civilization": "", "fortification_type": "", "wikidata": "", "centroid_lon": "-7.57360761", "centroid_lat": "43.16999142", "area_m2": "486.8", "perimeter_m": "80.0", "equivalent_radius_m": "12.4", "circularity": "0.9567", "vertices": "13", "matched_catalogue_id": "wl-neg-neg-es-pba-28898", "matched_catalogue_name": "Mámoa da Roza Grande 3", "matched_distance_m": "0"}}, {"type": "Feature", "geometry": {"type": "Polygon", "coordinates": [[[-7.5748913, 43.1716353], [-7.5748371, 43.1716658], [-7.5748199, 43.1717143], [-7.5748322, 43.1717556], [-7.5748667, 43.171788], [-7.5748987, 43.1718005], [-7.5749652, 43.1718041], [-7.575007, 43.171788], [-7.575044, 43.1717628], [-7.5750637, 43.1717233], [-7.5750292, 43.1716587], [-7.5749799, 43.1716407], [-7.5749381, 43.1716317], [-7.5748913, 43.1716353]]]}, "properties": {"osm_id": "1385471713", "osm_type": "way", "label_class": "0", "site_class": "mound", "name": "Mámoa da Roza Grande 1", "confidence": "high", "evidence": "archaeological_site=tumulus", "archaeological_site": "tumulus", "civilization": "", "fortification_type": "", "wikidata": "", "centroid_lon": "-7.57493316", "centroid_lat": "43.17171458", "area_m2": "287.4", "perimeter_m": "60.9", "equivalent_radius_m": "9.6", "circularity": "0.9723", "vertices": "14", "matched_catalogue_id": "wl-neg-neg-es-pba-28896", "matched_catalogue_name": "Mámoa da Roza Grande 1", "matched_distance_m": "1"}}, {"type": "Feature", "geometry": {"type": "Polygon", "coordinates": [[[-7.6132686, 43.2395948], [-7.6129041, 43.2398962], [-7.6127662, 43.2401546], [-7.6128253, 43.2404704], [-7.6131209, 43.2406713], [-7.6133671, 43.2407789], [-7.6136849, 43.2407789], [-7.6138695, 43.2407789], [-7.6143424, 43.2405349], [-7.6145, 43.2402838], [-7.6144606, 43.2400254], [-7.6143227, 43.2397958], [-7.614037, 43.2395877], [-7.6138006, 43.2395374], [-7.6134755, 43.2395374], [-7.6132686, 43.2395948]]]}, "properties": {"osm_id": "1385593912", "osm_type": "way", "label_class": "1", "site_class": "castro", "name": "O Castro de Seixas", "confidence": "high", "evidence": "fortification_type=hill_fort", "archaeological_site": "fortification", "civilization": "castro_culture", "fortification_type": "hill_fort", "wikidata": "", "centroid_lon": "-7.61362588", "centroid_lat": "43.24012632", "area_m2": "14979.9", "perimeter_m": "439.5", "equivalent_radius_m": "69.1", "circularity": "0.9746", "vertices": "16", "matched_catalogue_id": "wl-pos-pos-es-pba-29160", "matched_catalogue_name": "Os Castros", "matched_distance_m": "10"}}, {"type": "Feature", "geometry": {"type": "Polygon", "coordinates": [[[-7.8337834, 43.3184062], [-7.8337598, 43.3184291], [-7.8337461, 43.3184559], [-7.8337433, 43.3184845], [-7.8337516, 43.3185124], [-7.8337705, 43.3185375], [-7.8337983, 43.3185577], [-7.8338328, 43.3185714], [-7.8338712, 43.3185775], [-7.8339104, 43.3185755], [-7.8339472, 43.3185655], [-7.8339787, 43.3185483], [-7.8340022, 43.3185254], [-7.834016, 43.3184987], [-7.8340188, 43.3184701], [-7.8340104, 43.3184422], [-7.8339916, 43.3184171], [-7.8339638, 43.3183969], [-7.8339293, 43.3183831], [-7.8338909, 43.3183771], [-7.8338517, 43.3183791], [-7.8338148, 43.3183891], [-7.8337834, 43.3184062]]]}, "properties": {"osm_id": "1385606159", "osm_type": "way", "label_class": "0", "site_class": "mound", "name": "Modia da Pigaroa", "confidence": "high", "evidence": "archaeological_site=tumulus", "archaeological_site": "tumulus", "civilization": "prehistoric", "fortification_type": "", "wikidata": "", "centroid_lon": "-7.83387679", "centroid_lat": "43.31847420", "area_m2": "387.7", "perimeter_m": "70.0", "equivalent_radius_m": "11.1", "circularity": "0.9932", "vertices": "23", "matched_catalogue_id": "wl-neg-neg-es-pba-30387", "matched_catalogue_name": "Modia da Pigaroa", "matched_distance_m": "2"}}, {"type": "Feature", "geometry": {"type": "Polygon", "coordinates": [[[-7.8889327, 43.3331808], [-7.8888247, 43.3331602], [-7.8887425, 43.3331752], [-7.8887194, 43.3331995], [-7.8887296, 43.3332593], [-7.888763, 43.3332985], [-7.8888042, 43.3333079], [-7.8888556, 43.3333135], [-7.8889121, 43.3333135], [-7.8889712, 43.3332724], [-7.8889918, 43.3332219], [-7.8889712, 43.3331845], [-7.8889327, 43.3331808]]]}, "properties": {"osm_id": "1385633683", "osm_type": "way", "label_class": "0", "site_class": "mound", "name": "Medoña de Formosa 3", "confidence": "high", "evidence": "archaeological_site=tumulus", "archaeological_site": "tumulus", "civilization": "prehistoric", "fortification_type": "", "wikidata": "", "centroid_lon": "-7.88885775", "centroid_lat": "43.33323600", "area_m2": "292.9", "perimeter_m": "63.4", "equivalent_radius_m": "9.7", "circularity": "0.9148", "vertices": "13", "matched_catalogue_id": "wl-neg-neg-es-pba-32395", "matched_catalogue_name": "Medoña de Formosa 3", "matched_distance_m": "0"}}, {"type": "Feature", "geometry": {"type": "Polygon", "coordinates": [[[-7.7918432, 43.3563402], [-7.7917481, 43.3563757], [-7.7917275, 43.3564355], [-7.7917507, 43.3564672], [-7.7917738, 43.3564878], [-7.7918175, 43.3565027], [-7.7918715, 43.3565046], [-7.7919074, 43.3564971], [-7.7919486, 43.3564747], [-7.7919691, 43.3564485], [-7.7919665, 43.3564243], [-7.7919537, 43.3563831], [-7.791928, 43.3563757], [-7.7918946, 43.3563514], [-7.7918432, 43.3563402]]]}, "properties": {"osm_id": "1385634773", "osm_type": "way", "label_class": "0", "site_class": "mound", "name": "Medoña da Cotarella 2", "confidence": "high", "evidence": "archaeological_site=tumulus", "archaeological_site": "tumulus", "civilization": "prehistoric", "fortification_type": "", "wikidata": "", "centroid_lon": "-7.79186289", "centroid_lat": "43.35642725", "area_m2": "265.2", "perimeter_m": "59.1", "equivalent_radius_m": "9.2", "circularity": "0.9541", "vertices": "15", "matched_catalogue_id": "wl-neg-neg-es-pba-30578", "matched_catalogue_name": "Medoña da Cotarella 2", "matched_distance_m": "2"}}, {"type": "Feature", "geometry": {"type": "Polygon", "coordinates": [[[-7.7890729, 43.3560113], [-7.7890061, 43.3560319], [-7.7889727, 43.3560655], [-7.7889855, 43.3561122], [-7.7890163, 43.3561384], [-7.789078, 43.3561571], [-7.7891757, 43.3561496], [-7.7892399, 43.3561309], [-7.7892528, 43.3560991], [-7.7892348, 43.3560674], [-7.7892065, 43.3560337], [-7.7891551, 43.356015], [-7.7891166, 43.3560076], [-7.7890729, 43.3560113]]]}, "properties": {"osm_id": "1385634774", "osm_type": "way", "label_class": "0", "site_class": "mound", "name": "Medoña da Cotarella 1", "confidence": "high", "evidence": "archaeological_site=tumulus", "archaeological_site": "tumulus", "civilization": "prehistoric", "fortification_type": "", "wikidata": "", "centroid_lon": "-7.78911327", "centroid_lat": "43.35607364", "area_m2": "283.7", "perimeter_m": "61.9", "equivalent_radius_m": "9.5", "circularity": "0.9296", "vertices": "14", "matched_catalogue_id": "wl-neg-neg-es-pba-30577", "matched_catalogue_name": "Medoña da Cotarella 1", "matched_distance_m": "1"}}, {"type": "Feature", "geometry": {"type": "Polygon", "coordinates": [[[-7.7195645, 43.3526431], [-7.7195015, 43.3526824], [-7.7195041, 43.3527356], [-7.7195298, 43.3527627], [-7.7195632, 43.3527777], [-7.7196249, 43.3527926], [-7.719666, 43.3527833], [-7.7196981, 43.3527693], [-7.719711, 43.3527422], [-7.7197045, 43.3527114], [-7.7196943, 43.3526721], [-7.7196814, 43.352659], [-7.7196403, 43.3526441], [-7.7196017, 43.3526375], [-7.7195645, 43.3526431]]]}, "properties": {"osm_id": "1385635711", "osm_type": "way", "label_class": "0", "site_class": "mound", "name": "Modia Pena do Ramallo", "confidence": "high", "evidence": "archaeological_site=tumulus", "archaeological_site": "tumulus", "civilization": "prehistoric", "fortification_type": "", "wikidata": "", "centroid_lon": "-7.71961665", "centroid_lat": "43.35271041", "area_m2": "224.1", "perimeter_m": "54.2", "equivalent_radius_m": "8.4", "circularity": "0.9595", "vertices": "15", "matched_catalogue_id": "wl-neg-neg-es-pba-43299", "matched_catalogue_name": "Modia Pena do Ramallo", "matched_distance_m": "1"}}, {"type": "Feature", "geometry": {"type": "Polygon", "coordinates": [[[-7.7218324, 43.3536176], [-7.721745, 43.3536569], [-7.7217399, 43.3537111], [-7.7217604, 43.3537615], [-7.7217913, 43.353784], [-7.7218247, 43.353797], [-7.7218915, 43.3538101], [-7.7219223, 43.3538045], [-7.721984, 43.3537896], [-7.7220071, 43.3537541], [-7.7220303, 43.3537129], [-7.7220226, 43.3536681], [-7.7219994, 43.3536345], [-7.7219377, 43.3536176], [-7.7218812, 43.3536046], [-7.7218324, 43.3536176]]]}, "properties": {"osm_id": "1385635712", "osm_type": "way", "label_class": "0", "site_class": "mound", "name": "Mámoa de Pena Grande 01", "confidence": "high", "evidence": "archaeological_site=tumulus", "archaeological_site": "tumulus", "civilization": "prehistoric", "fortification_type": "", "wikidata": "", "centroid_lon": "-7.72188764", "centroid_lat": "43.35370886", "area_m2": "408.7", "perimeter_m": "73.1", "equivalent_radius_m": "11.4", "circularity": "0.9602", "vertices": "16", "matched_catalogue_id": "wl-neg-neg-es-pba-42915", "matched_catalogue_name": "Mámoa de Pena Grande 01/Pena do Ramallo", "matched_distance_m": "1"}}, {"type": "Feature", "geometry": {"type": "Polygon", "coordinates": [[[-7.7265943, 43.3558861], [-7.7265352, 43.3559179], [-7.7265172, 43.3559646], [-7.7265301, 43.3559964], [-7.7265455, 43.356015], [-7.7265841, 43.3560319], [-7.7266277, 43.3560337], [-7.7266612, 43.35603], [-7.7267126, 43.3559982], [-7.7267254, 43.3559609], [-7.7267023, 43.355916], [-7.7266637, 43.3558899], [-7.7265943, 43.3558861]]]}, "properties": {"osm_id": "1385635713", "osm_type": "way", "label_class": "0", "site_class": "mound", "name": "Mámoa de Pena Grande 07", "confidence": "high", "evidence": "archaeological_site=tumulus", "archaeological_site": "tumulus", "civilization": "prehistoric", "fortification_type": "", "wikidata": "", "centroid_lon": "-7.72661489", "centroid_lat": "43.35596359", "area_m2": "211.7", "perimeter_m": "52.4", "equivalent_radius_m": "8.2", "circularity": "0.9702", "vertices": "13", "matched_catalogue_id": "wl-neg-neg-es-pba-42920", "matched_catalogue_name": "Mámoa de Pena Grande 07/Pena do Ramallo", "matched_distance_m": "2"}}, {"type": "Feature", "geometry": {"type": "Polygon", "coordinates": [[[-7.5753468, 43.0234413], [-7.575717, 43.0233452], [-7.5761971, 43.0232138], [-7.5765994, 43.0232177], [-7.5767201, 43.0236727], [-7.5767201, 43.0240393], [-7.5765082, 43.0241531], [-7.5756242, 43.0241374], [-7.5753468, 43.0234413]]]}, "properties": {"osm_id": "1389652372", "osm_type": "way", "label_class": "1", "site_class": "castro", "name": "Agra dos Castros", "confidence": "high", "evidence": "fortification_type=hill_fort", "archaeological_site": "fortification", "civilization": "castro_culture", "fortification_type": "hill_fort", "wikidata": "", "centroid_lon": "-7.57608663", "centroid_lat": "43.02362909", "area_m2": "9452.3", "perimeter_m": "372.9", "equivalent_radius_m": "54.9", "circularity": "0.8542", "vertices": "9", "matched_catalogue_id": "wl-pos-pos-es-pba-31568", "matched_catalogue_name": "Agra dos Castros", "matched_distance_m": "59"}}, {"type": "Feature", "geometry": {"type": "Polygon", "coordinates": [[[-7.3760212, 43.2730731], [-7.375828, 43.2729794], [-7.3755384, 43.2730809], [-7.3752594, 43.2733075], [-7.3751414, 43.2735653], [-7.3751092, 43.2737215], [-7.375238, 43.2738933], [-7.3753667, 43.2740183], [-7.3756456, 43.2741199], [-7.3760855, 43.2740886], [-7.376461, 43.2738777], [-7.3766005, 43.2736434], [-7.3765576, 43.2734871], [-7.3764074, 43.2733231], [-7.376225, 43.2731591], [-7.3760212, 43.2730731]]]}, "properties": {"osm_id": "1389906757", "osm_type": "way", "label_class": "1", "site_class": "castro", "name": "Castro das Coroas", "confidence": "high", "evidence": "fortification_type=hill_fort", "archaeological_site": "fortification", "civilization": "castro_culture", "fortification_type": "hill_fort", "wikidata": "", "centroid_lon": "-7.37584413", "centroid_lat": "43.27352571", "area_m2": "10766.4", "perimeter_m": "376.0", "equivalent_radius_m": "58.5", "circularity": "0.9570", "vertices": "16", "matched_catalogue_id": "wl-pos-pos-es-pba-37143", "matched_catalogue_name": "Casa con Forno nas Croas", "matched_distance_m": "172"}}, {"type": "Feature", "geometry": {"type": "Polygon", "coordinates": [[[-7.4176833, 42.7528607], [-7.4174774, 42.7531731], [-7.4173701, 42.7534725], [-7.4173701, 42.7536773], [-7.4174345, 42.7538348], [-7.4175847, 42.7539057], [-7.4179494, 42.75389], [-7.4183357, 42.7537482], [-7.4185395, 42.7535906], [-7.4187434, 42.7533779], [-7.4188292, 42.7531258], [-7.4187327, 42.7528423], [-7.4184967, 42.7527163], [-7.4180675, 42.7526533], [-7.4178851, 42.7527319], [-7.4176833, 42.7528607]]]}, "properties": {"osm_id": "1389937190", "osm_type": "way", "label_class": "1", "site_class": "castro", "name": "O Castro de Pape", "confidence": "high", "evidence": "fortification_type=hill_fort", "archaeological_site": "fortification", "civilization": "castro_culture", "fortification_type": "hill_fort", "wikidata": "", "centroid_lon": "-7.41801141", "centroid_lat": "42.75327882", "area_m2": "12084.0", "perimeter_m": "407.3", "equivalent_radius_m": "62.0", "circularity": "0.9152", "vertices": "16", "matched_catalogue_id": "wl-pos-pos-es-pba-41992", "matched_catalogue_name": "Castro de Cesar", "matched_distance_m": "24"}}, {"type": "Feature", "geometry": {"type": "Polygon", "coordinates": [[[-7.4531573, 42.7919825], [-7.4530435, 42.7921413], [-7.4529576, 42.7923302], [-7.4529576, 42.7925901], [-7.4530435, 42.7927633], [-7.4532044, 42.792842], [-7.4535048, 42.7928814], [-7.4539876, 42.7928184], [-7.4542236, 42.7926845], [-7.4544275, 42.7924011], [-7.4544919, 42.7922436], [-7.4544382, 42.7920547], [-7.4542666, 42.7919208], [-7.4540949, 42.79185], [-7.4538106, 42.7918106], [-7.4535263, 42.7918461], [-7.4531573, 42.7919825]]]}, "properties": {"osm_id": "1389937207", "osm_type": "way", "label_class": "1", "site_class": "castro", "name": "O Castro de Rosende", "confidence": "high", "evidence": "fortification_type=hill_fort", "archaeological_site": "fortification", "civilization": "castro_culture", "fortification_type": "hill_fort", "wikidata": "", "centroid_lon": "-7.45366431", "centroid_lat": "42.79230254", "area_m2": "11643.3", "perimeter_m": "389.7", "equivalent_radius_m": "60.9", "circularity": "0.9635", "vertices": "17", "matched_catalogue_id": "wl-pos-pos-es-pba-42031", "matched_catalogue_name": "Castro de Rosende", "matched_distance_m": "12"}}, {"type": "Feature", "geometry": {"type": "Polygon", "coordinates": [[[-7.6005221, 42.9366477], [-7.5999749, 42.9368205], [-7.5998402, 42.9369748], [-7.5997281, 42.9371032], [-7.5996208, 42.9373546], [-7.599653, 42.9375117], [-7.5996959, 42.9375902], [-7.5997925, 42.9376609], [-7.6000822, 42.9376845], [-7.6003289, 42.937653], [-7.600683, 42.9375981], [-7.6008868, 42.9375274], [-7.6011014, 42.937276], [-7.6011336, 42.9370561], [-7.6010907, 42.9369069], [-7.6010263, 42.9367655], [-7.600801, 42.9366712], [-7.6005221, 42.9366477]]]}, "properties": {"osm_id": "1389937627", "osm_type": "way", "label_class": "1", "site_class": "castro", "name": "Finca dos Ladrillos", "confidence": "high", "evidence": "fortification_type=hill_fort", "archaeological_site": "fortification", "civilization": "castro_culture", "fortification_type": "hill_fort", "wikidata": "", "centroid_lon": "-7.60036019", "centroid_lat": "42.93719167", "area_m2": "10757.5", "perimeter_m": "380.7", "equivalent_radius_m": "58.5", "circularity": "0.9326", "vertices": "18", "matched_catalogue_id": "wl-pos-pos-es-pba-32819", "matched_catalogue_name": "O Castro/Finca dos Ladrillos/A Zanxa", "matched_distance_m": "7"}}, {"type": "Feature", "geometry": {"type": "Polygon", "coordinates": [[[-8.1934888, 43.0419319], [-8.193749, 43.0418665], [-8.1939604, 43.0416674], [-8.194058, 43.0413317], [-8.1939564, 43.0410494], [-8.1936352, 43.0408503], [-8.1930945, 43.0408978], [-8.1927977, 43.0410553], [-8.1926026, 43.0414], [-8.1928831, 43.0418219], [-8.1931758, 43.041914], [-8.1934888, 43.0419319]]]}, "properties": {"osm_id": "1395009129", "osm_type": "way", "label_class": "1", "site_class": "castro", "name": "Castro de Boado", "confidence": "medium", "evidence": "site=settlement,civ=celtic", "archaeological_site": "settlement", "civilization": "celtic", "fortification_type": "", "wikidata": "Q20543697", "centroid_lon": "-8.19340752", "centroid_lat": "43.04147651", "area_m2": "10746.6", "perimeter_m": "374.8", "equivalent_radius_m": "58.5", "circularity": "0.9615", "vertices": "12", "matched_catalogue_id": "wl-pos-pos-es-pba-12438", "matched_catalogue_name": "Castro de Boado", "matched_distance_m": "22"}}, {"type": "Feature", "geometry": {"type": "Polygon", "coordinates": [[[-7.0859529, 43.0695221], [-7.0865323, 43.069671], [-7.0869668, 43.0696631], [-7.0872243, 43.0695495], [-7.0873906, 43.0693104], [-7.0871706, 43.0689656], [-7.0866557, 43.0685933], [-7.0862962, 43.0685737], [-7.0857813, 43.0687736], [-7.0856257, 43.0690048], [-7.085631, 43.0692713], [-7.0859529, 43.0695221]]]}, "properties": {"osm_id": "1413476506", "osm_type": "way", "label_class": "1", "site_class": "castro", "name": "A Coroa", "confidence": "high", "evidence": "fortification_type=hill_fort", "archaeological_site": "fortification", "civilization": "castro_culture", "fortification_type": "hill_fort", "wikidata": "Q12385747", "centroid_lon": "-7.08643169", "centroid_lat": "43.06920171", "area_m2": "12762.1", "perimeter_m": "414.2", "equivalent_radius_m": "63.7", "circularity": "0.9346", "vertices": "12", "matched_catalogue_id": "wl-pos-pos-es-pba-29140", "matched_catalogue_name": "A Croa/Os Castros", "matched_distance_m": "3"}}, {"type": "Feature", "geometry": {"type": "Polygon", "coordinates": [[[-7.1419099, 43.0903713], [-7.1418214, 43.0903928], [-7.1418026, 43.0904712], [-7.1418294, 43.090524], [-7.1418589, 43.0905436], [-7.1419233, 43.0905515], [-7.1419582, 43.0905456], [-7.1420306, 43.090528], [-7.1420574, 43.0905045], [-7.1420735, 43.0904731], [-7.1420547, 43.0904339], [-7.1420091, 43.0903928], [-7.1419716, 43.0903791], [-7.1419099, 43.0903713]]]}, "properties": {"osm_id": "1413561759", "osm_type": "way", "label_class": "0", "site_class": "mound", "name": "Medorra de Hospital Novo 4", "confidence": "high", "evidence": "archaeological_site=tumulus", "archaeological_site": "tumulus", "civilization": "prehistoric", "fortification_type": "", "wikidata": "", "centroid_lon": "-7.14194361", "centroid_lat": "43.09046305", "area_m2": "336.0", "perimeter_m": "66.5", "equivalent_radius_m": "10.3", "circularity": "0.9541", "vertices": "14", "matched_catalogue_id": "wl-neg-neg-es-pba-31227", "matched_catalogue_name": "Medorra de Hospital Novo 4", "matched_distance_m": "2"}}, {"type": "Feature", "geometry": {"type": "Polygon", "coordinates": [[[-7.5879264, 43.5030949], [-7.5874758, 43.502877], [-7.5870252, 43.5018653], [-7.588023, 43.5005345], [-7.5887954, 43.4999898], [-7.5904799, 43.5021688], [-7.590158, 43.5023634], [-7.5888491, 43.5024412], [-7.588259, 43.502698], [-7.5879264, 43.5030949]]]}, "properties": {"osm_id": "1413835198", "osm_type": "way", "label_class": "0", "site_class": "mound", "name": "Mámoas de Pena Corval", "confidence": "high", "evidence": "archaeological_site=tumulus", "archaeological_site": "tumulus", "civilization": "prehistoric", "fortification_type": "", "wikidata": "", "centroid_lon": "-7.58849182", "centroid_lat": "43.50211278", "area_m2": "49883.2", "perimeter_m": "943.0", "equivalent_radius_m": "126.0", "circularity": "0.7050", "vertices": "10", "matched_catalogue_id": "wl-neg-neg-es-pba-35153", "matched_catalogue_name": "Mámoa de Pena Corval 11", "matched_distance_m": "27"}}, {"type": "Feature", "geometry": {"type": "Polygon", "coordinates": [[[-7.594015, 43.504517], [-7.5939399, 43.5045413], [-7.5939198, 43.5045841], [-7.593952, 43.5046503], [-7.5939895, 43.5046707], [-7.5940646, 43.5046727], [-7.5941062, 43.504662], [-7.5941411, 43.5046445], [-7.5941572, 43.5046143], [-7.5941639, 43.5045822], [-7.5941397, 43.5045345], [-7.5941129, 43.504519], [-7.5940391, 43.5045151], [-7.594015, 43.504517]]]}, "properties": {"osm_id": "1413835539", "osm_type": "way", "label_class": "0", "site_class": "mound", "name": "Mámoa de Pena Corval 1", "confidence": "high", "evidence": "archaeological_site=tumulus", "archaeological_site": "tumulus", "civilization": "prehistoric", "fortification_type": "", "wikidata": "", "centroid_lon": "-7.59405399", "centroid_lat": "43.50458748", "area_m2": "274.3", "perimeter_m": "59.9", "equivalent_radius_m": "9.3", "circularity": "0.9604", "vertices": "14", "matched_catalogue_id": "wl-neg-neg-es-pba-35127", "matched_catalogue_name": "Mámoa de Pena Corval 1", "matched_distance_m": "1"}}, {"type": "Feature", "geometry": {"type": "Polygon", "coordinates": [[[-7.5617642, 43.7057786], [-7.5613511, 43.7057981], [-7.5606859, 43.7059571], [-7.5604552, 43.7061471], [-7.5603157, 43.7063604], [-7.560364, 43.7065271], [-7.5604928, 43.7067016], [-7.5607932, 43.7067986], [-7.561217, 43.7068412], [-7.5615335, 43.7068296], [-7.5620216, 43.7067094], [-7.5622845, 43.7065077], [-7.5623918, 43.7062014], [-7.5623757, 43.7060307], [-7.5621396, 43.7058213], [-7.5619733, 43.7057748], [-7.5617642, 43.7057786]]]}, "properties": {"osm_id": "1413912282", "osm_type": "way", "label_class": "1", "site_class": "castro", "name": "Castro de Illade", "confidence": "high", "evidence": "fortification_type=hill_fort", "archaeological_site": "fortification", "civilization": "castro_culture", "fortification_type": "hill_fort", "wikidata": "", "centroid_lon": "-7.56140725", "centroid_lat": "43.70626843", "area_m2": "15486.1", "perimeter_m": "459.3", "equivalent_radius_m": "70.2", "circularity": "0.9225", "vertices": "17", "matched_catalogue_id": "wl-pos-pos-es-pba-32116", "matched_catalogue_name": "Castro de Illade/Castro", "matched_distance_m": "25"}}, {"type": "Feature", "geometry": {"type": "Polygon", "coordinates": [[[-7.7707994, 43.4121402], [-7.7665615, 43.412865], [-7.7642012, 43.4150316], [-7.7643406, 43.4152031], [-7.7687931, 43.4147043], [-7.7709711, 43.4138314], [-7.7712286, 43.4132625], [-7.7707994, 43.4121402]]]}, "properties": {"osm_id": "1414343052", "osm_type": "way", "label_class": "0", "site_class": "mound", "name": "Medoñas de Monte Barreiro II", "confidence": "high", "evidence": "archaeological_site=tumulus", "archaeological_site": "tumulus", "civilization": "prehistoric", "fortification_type": "", "wikidata": "", "centroid_lon": "-7.76846186", "centroid_lat": "43.41364729", "area_m2": "107067.9", "perimeter_m": "1443.6", "equivalent_radius_m": "184.6", "circularity": "0.6456", "vertices": "8", "matched_catalogue_id": "wl-neg-neg-es-pba-30031", "matched_catalogue_name": "Medoña de Monte Barreiro II-06", "matched_distance_m": "103"}}, {"type": "Feature", "geometry": {"type": "Polygon", "coordinates": [[[-7.869337, 43.0171707], [-7.8693167, 43.0171976], [-7.8693089, 43.0172277], [-7.8693141, 43.0172582], [-7.869332, 43.0172859], [-7.8693607, 43.0173083], [-7.8693975, 43.0173231], [-7.8694387, 43.0173289], [-7.8694803, 43.017325], [-7.8695183, 43.017312], [-7.8695489, 43.017291], [-7.8695691, 43.0172641], [-7.869577, 43.0172339], [-7.8695718, 43.0172035], [-7.8695539, 43.0171757], [-7.8695252, 43.0171534], [-7.8694884, 43.0171386], [-7.8694472, 43.0171328], [-7.8694056, 43.0171366], [-7.8693676, 43.0171497], [-7.869337, 43.0171707]]]}, "properties": {"osm_id": "1415657549", "osm_type": "way", "label_class": "0", "site_class": "mound", "name": "Mámoa de Monte Candaíde 4", "confidence": "high", "evidence": "archaeological_site=tumulus", "archaeological_site": "tumulus", "civilization": "prehistoric", "fortification_type": "", "wikidata": "", "centroid_lon": "-7.86943790", "centroid_lat": "43.01722797", "area_m2": "368.3", "perimeter_m": "68.3", "equivalent_radius_m": "10.8", "circularity": "0.9918", "vertices": "21", "matched_catalogue_id": "wl-neg-neg-es-pba-30050", "matched_catalogue_name": "Mámoa de Monte Candaíde 4", "matched_distance_m": "2"}}, {"type": "Feature", "geometry": {"type": "Polygon", "coordinates": [[[-7.86959, 43.0169903], [-7.8695714, 43.0170155], [-7.8695644, 43.0170437], [-7.8695697, 43.0170721], [-7.8695867, 43.0170979], [-7.8696138, 43.0171187], [-7.8696483, 43.0171323], [-7.8696868, 43.0171374], [-7.8697257, 43.0171335], [-7.869761, 43.0171211], [-7.8697893, 43.0171013], [-7.8698079, 43.0170761], [-7.8698149, 43.0170479], [-7.8698097, 43.0170195], [-7.8697927, 43.0169937], [-7.8697656, 43.016973], [-7.8697311, 43.0169594], [-7.8696925, 43.0169542], [-7.8696537, 43.0169581], [-7.8696184, 43.0169705], [-7.86959, 43.0169903]]]}, "properties": {"osm_id": "1415657550", "osm_type": "way", "label_class": "0", "site_class": "mound", "name": "Mámoa de Monte Candaíde 3", "confidence": "high", "evidence": "archaeological_site=tumulus", "archaeological_site": "tumulus", "civilization": "prehistoric", "fortification_type": "", "wikidata": "", "centroid_lon": "-7.86968493", "centroid_lat": "43.01704317", "area_m2": "321.3", "perimeter_m": "63.8", "equivalent_radius_m": "10.1", "circularity": "0.9918", "vertices": "21", "matched_catalogue_id": "wl-neg-neg-es-pba-30049", "matched_catalogue_name": "Mámoa de Monte Candaíde 3", "matched_distance_m": "1"}}, {"type": "Feature", "geometry": {"type": "Polygon", "coordinates": [[[-7.8689795, 43.0168053], [-7.8689476, 43.0168163], [-7.8689228, 43.0168347], [-7.8689081, 43.0168582], [-7.8689052, 43.0168839], [-7.8689145, 43.0169088], [-7.8689349, 43.0169299], [-7.868964, 43.0169445], [-7.8689981, 43.0169511], [-7.8690333, 43.0169487], [-7.8690652, 43.0169376], [-7.8690901, 43.0169193], [-7.8691048, 43.0168958], [-7.8691077, 43.0168701], [-7.8690983, 43.0168452], [-7.8690779, 43.0168241], [-7.8690489, 43.0168094], [-7.8690147, 43.0168029], [-7.8689795, 43.0168053]]]}, "properties": {"osm_id": "1415657551", "osm_type": "way", "label_class": "0", "site_class": "mound", "name": "Mámoa de Monte Candaíde 1", "confidence": "high", "evidence": "archaeological_site=tumulus", "archaeological_site": "tumulus", "civilization": "prehistoric", "fortification_type": "", "wikidata": "", "centroid_lon": "-7.86900501", "centroid_lat": "43.01687322", "area_m2": "210.9", "perimeter_m": "51.7", "equivalent_radius_m": "8.2", "circularity": "0.9898", "vertices": "19", "matched_catalogue_id": "wl-neg-neg-es-pba-30047", "matched_catalogue_name": "Mámoa de Monte Candaíde 1", "matched_distance_m": "2"}}, {"type": "Feature", "geometry": {"type": "Polygon", "coordinates": [[[-7.8694888, 43.0166087], [-7.8694607, 43.0166217], [-7.8694404, 43.0166409], [-7.8694303, 43.0166641], [-7.8694316, 43.0166884], [-7.8694443, 43.0167109], [-7.8694667, 43.0167289], [-7.8694961, 43.0167402], [-7.8695291, 43.0167434], [-7.8695616, 43.0167382], [-7.8695897, 43.0167252], [-7.86961, 43.016706], [-7.8696201, 43.0166828], [-7.8696187, 43.0166585], [-7.8696061, 43.016636], [-7.8695837, 43.016618], [-7.8695543, 43.0166068], [-7.8695213, 43.0166035], [-7.8694888, 43.0166087]]]}, "properties": {"osm_id": "1415657552", "osm_type": "way", "label_class": "0", "site_class": "mound", "name": "Mámoa de Monte Candaíde 2", "confidence": "high", "evidence": "archaeological_site=tumulus", "archaeological_site": "tumulus", "civilization": "prehistoric", "fortification_type": "", "wikidata": "", "centroid_lon": "-7.86952328", "centroid_lat": "43.01667005", "area_m2": "187.0", "perimeter_m": "48.7", "equivalent_radius_m": "7.7", "circularity": "0.9898", "vertices": "19", "matched_catalogue_id": "wl-neg-neg-es-pba-30048", "matched_catalogue_name": "Mámoa de Monte Candaíde 2", "matched_distance_m": "1"}}, {"type": "Feature", "geometry": {"type": "Polygon", "coordinates": [[[-7.8708047, 43.0165925], [-7.8707846, 43.016611], [-7.8707744, 43.0166334], [-7.8707753, 43.016657], [-7.8707871, 43.016679], [-7.8708086, 43.0166966], [-7.870837, 43.0167079], [-7.8708689, 43.0167114], [-7.8709005, 43.0167066], [-7.8709281, 43.0166943], [-7.8709481, 43.0166758], [-7.8709584, 43.0166534], [-7.8709575, 43.0166298], [-7.8709456, 43.0166078], [-7.8709242, 43.0165901], [-7.8708958, 43.0165789], [-7.8708639, 43.0165754], [-7.8708322, 43.0165802], [-7.8708047, 43.0165925]]]}, "properties": {"osm_id": "1415657553", "osm_type": "way", "label_class": "0", "site_class": "mound", "name": "Mámoa de Monte Candaíde 6", "confidence": "high", "evidence": "archaeological_site=tumulus", "archaeological_site": "tumulus", "civilization": "prehistoric", "fortification_type": "", "wikidata": "", "centroid_lon": "-7.87086314", "centroid_lat": "43.01664072", "area_m2": "176.4", "perimeter_m": "47.3", "equivalent_radius_m": "7.5", "circularity": "0.9898", "vertices": "19", "matched_catalogue_id": "wl-neg-neg-es-pba-30052", "matched_catalogue_name": "Mámoa de Monte Candaíde 6", "matched_distance_m": "5"}}, {"type": "Feature", "geometry": {"type": "Polygon", "coordinates": [[[-7.3080527, 43.6104592], [-7.3079453, 43.6105457], [-7.3078139, 43.6105865], [-7.3077214, 43.6105777], [-7.3076382, 43.6105554], [-7.3076034, 43.6104894], [-7.3076141, 43.6104224], [-7.3076154, 43.6102825], [-7.307649, 43.6101971], [-7.3076905, 43.610133], [-7.3077764, 43.610098], [-7.3078515, 43.6101077], [-7.3079842, 43.610201], [-7.3080593, 43.6103049], [-7.3080607, 43.6103971], [-7.3080527, 43.6104592]]]}, "properties": {"osm_id": "1422388594", "osm_type": "way", "label_class": "1", "site_class": "castro", "name": "Os Castros", "confidence": "high", "evidence": "fortification_type=hill_fort", "archaeological_site": "fortification", "civilization": "castro_culture", "fortification_type": "hill_fort", "wikidata": "", "centroid_lon": "-7.30782054", "centroid_lat": "43.61036355", "area_m2": "1552.9", "perimeter_m": "147.1", "equivalent_radius_m": "22.2", "circularity": "0.9016", "vertices": "16", "matched_catalogue_id": "wl-pos-pos-es-pba-30964", "matched_catalogue_name": "Os Castros", "matched_distance_m": "2"}}, {"type": "Feature", "geometry": {"type": "Polygon", "coordinates": [[[-7.4016067, 43.6821206], [-7.4009818, 43.6822603], [-7.4007136, 43.6825706], [-7.4009737, 43.6830827], [-7.4012044, 43.6831933], [-7.4014673, 43.6832747], [-7.4017087, 43.6832262], [-7.4020386, 43.682978], [-7.4020922, 43.6826754], [-7.4019903, 43.682268], [-7.4016067, 43.6821206]]]}, "properties": {"osm_id": "1422645412", "osm_type": "way", "label_class": "1", "site_class": "castro", "name": "Castro da Rueta", "confidence": "high", "evidence": "fortification_type=hill_fort", "archaeological_site": "fortification", "civilization": "castro_culture", "fortification_type": "hill_fort", "wikidata": "", "centroid_lon": "-7.40148945", "centroid_lat": "43.68270640", "area_m2": "10383.8", "perimeter_m": "372.9", "equivalent_radius_m": "57.5", "circularity": "0.9382", "vertices": "11", "matched_catalogue_id": "wl-pos-pos-es-pba-29984", "matched_catalogue_name": "Castro de Ruela/Os Castros de Rueta", "matched_distance_m": "28"}}, {"type": "Feature", "geometry": {"type": "Polygon", "coordinates": [[[-7.3332828, 43.185751], [-7.3332583, 43.1857711], [-7.3332436, 43.1857959], [-7.33324, 43.1858227], [-7.333248, 43.185849], [-7.3332667, 43.1858722], [-7.3332944, 43.1858901], [-7.3333283, 43.1859008], [-7.3333651, 43.1859034], [-7.3334012, 43.1858976], [-7.333433, 43.185884], [-7.3334575, 43.1858638], [-7.3334723, 43.1858391], [-7.3334759, 43.1858122], [-7.3334679, 43.1857859], [-7.3334491, 43.1857627], [-7.3334215, 43.1857448], [-7.3333876, 43.1857341], [-7.3333508, 43.1857315], [-7.3333147, 43.1857373], [-7.3332828, 43.185751]]]}, "properties": {"osm_id": "1423642150", "osm_type": "way", "label_class": "0", "site_class": "mound", "name": "Mámoa das Olgas 1", "confidence": "high", "evidence": "archaeological_site=tumulus", "archaeological_site": "tumulus", "civilization": "prehistoric", "fortification_type": "", "wikidata": "", "centroid_lon": "-7.33335436", "centroid_lat": "43.18581430", "area_m2": "284.1", "perimeter_m": "60.0", "equivalent_radius_m": "9.5", "circularity": "0.9918", "vertices": "21", "matched_catalogue_id": "wl-neg-neg-es-pba-38566", "matched_catalogue_name": "Mámoa das Olgas 1", "matched_distance_m": "1"}}, {"type": "Feature", "geometry": {"type": "Polygon", "coordinates": [[[-7.3041004, 43.2009605], [-7.3040673, 43.2009761], [-7.3040423, 43.2009984], [-7.3040281, 43.2010252], [-7.3040259, 43.201054], [-7.304036, 43.2010818], [-7.3040574, 43.2011059], [-7.304088, 43.2011241], [-7.3041248, 43.2011345], [-7.3041642, 43.201136], [-7.3042023, 43.2011287], [-7.3042355, 43.2011131], [-7.3042604, 43.2010908], [-7.3042746, 43.201064], [-7.3042768, 43.2010353], [-7.3042667, 43.2010075], [-7.3042453, 43.2009833], [-7.3042147, 43.2009651], [-7.3041779, 43.2009547], [-7.3041385, 43.2009532], [-7.3041004, 43.2009605]]]}, "properties": {"osm_id": "1423642151", "osm_type": "way", "label_class": "0", "site_class": "mound", "name": "Medorra de Auga Labada 1", "confidence": "high", "evidence": "archaeological_site=tumulus", "archaeological_site": "tumulus", "civilization": "prehistoric", "fortification_type": "", "wikidata": "", "centroid_lon": "-7.30414893", "centroid_lat": "43.20104060", "area_m2": "323.6", "perimeter_m": "64.0", "equivalent_radius_m": "10.1", "circularity": "0.9918", "vertices": "21", "matched_catalogue_id": "wl-neg-neg-es-pba-34649", "matched_catalogue_name": "Medorras de Auga Labada 1", "matched_distance_m": "2"}}, {"type": "Feature", "geometry": {"type": "Polygon", "coordinates": [[[-7.3008388, 43.1926738], [-7.3008096, 43.1926957], [-7.3007911, 43.1927232], [-7.3007852, 43.1927535], [-7.3007924, 43.1927836], [-7.300812, 43.1928106], [-7.3008421, 43.1928319], [-7.3008798, 43.1928454], [-7.3009213, 43.1928497], [-7.3009627, 43.1928445], [-7.3009998, 43.1928302], [-7.301029, 43.1928082], [-7.3010475, 43.1927808], [-7.3010534, 43.1927505], [-7.3010462, 43.1927204], [-7.3010266, 43.1926933], [-7.3009965, 43.192672], [-7.3009588, 43.1926585], [-7.3009173, 43.1926542], [-7.3008759, 43.1926595], [-7.3008388, 43.1926738]]]}, "properties": {"osm_id": "1423642152", "osm_type": "way", "label_class": "0", "site_class": "mound", "name": "Medorra do Alto do Campeliño 3", "confidence": "high", "evidence": "archaeological_site=tumulus", "archaeological_site": "tumulus", "civilization": "prehistoric", "fortification_type": "", "wikidata": "", "centroid_lon": "-7.30091547", "centroid_lat": "43.19274825", "area_m2": "366.1", "perimeter_m": "68.1", "equivalent_radius_m": "10.8", "circularity": "0.9918", "vertices": "21", "matched_catalogue_id": "wl-neg-neg-es-pba-38871", "matched_catalogue_name": "Medorras do Alto do Campeliño 3", "matched_distance_m": "1"}}, {"type": "Feature", "geometry": {"type": "Polygon", "coordinates": [[[-7.2997552, 43.193454], [-7.2997282, 43.1934692], [-7.2997099, 43.1934902], [-7.2997025, 43.1935146], [-7.2997071, 43.1935392], [-7.2997229, 43.1935613], [-7.2997481, 43.1935781], [-7.2997797, 43.1935876], [-7.2998139, 43.1935886], [-7.2998464, 43.1935811], [-7.2998735, 43.1935659], [-7.2998918, 43.1935449], [-7.2998991, 43.1935205], [-7.2998946, 43.1934958], [-7.2998787, 43.1934738], [-7.2998535, 43.193457], [-7.2998219, 43.1934475], [-7.2997878, 43.1934465], [-7.2997552, 43.193454]]]}, "properties": {"osm_id": "1423642153", "osm_type": "way", "label_class": "0", "site_class": "mound", "name": "Medorra do Alto do Campeliño 4", "confidence": "high", "evidence": "archaeological_site=tumulus", "archaeological_site": "tumulus", "civilization": "prehistoric", "fortification_type": "", "wikidata": "", "centroid_lon": "-7.29979842", "centroid_lat": "43.19351420", "area_m2": "196.2", "perimeter_m": "49.9", "equivalent_radius_m": "7.9", "circularity": "0.9898", "vertices": "19", "matched_catalogue_id": "wl-neg-neg-es-pba-38872", "matched_catalogue_name": "Medorras do Alto do Campeliño 4", "matched_distance_m": "2"}}, {"type": "Feature", "geometry": {"type": "Polygon", "coordinates": [[[-7.2911453, 43.1966589], [-7.2911066, 43.1966721], [-7.2910753, 43.1966933], [-7.2910545, 43.1967205], [-7.2910463, 43.1967511], [-7.2910515, 43.1967821], [-7.2910695, 43.1968104], [-7.2910986, 43.1968332], [-7.291136, 43.1968483], [-7.291178, 43.1968543], [-7.2912204, 43.1968505], [-7.2912592, 43.1968374], [-7.2912905, 43.1968161], [-7.2913113, 43.1967889], [-7.2913195, 43.1967583], [-7.2913143, 43.1967273], [-7.2912963, 43.1966991], [-7.2912671, 43.1966762], [-7.2912298, 43.1966611], [-7.2911878, 43.1966551], [-7.2911453, 43.1966589]]]}, "properties": {"osm_id": "1423642154", "osm_type": "way", "label_class": "0", "site_class": "mound", "name": "Mámoa do Alto do Campeliño 1", "confidence": "high", "evidence": "archaeological_site=tumulus", "archaeological_site": "tumulus", "civilization": "prehistoric", "fortification_type": "", "wikidata": "", "centroid_lon": "-7.29118110", "centroid_lat": "43.19675015", "area_m2": "380.2", "perimeter_m": "69.4", "equivalent_radius_m": "11.0", "circularity": "0.9918", "vertices": "21", "matched_catalogue_id": "wl-neg-neg-es-pba-34639", "matched_catalogue_name": "Mámoa do Alto do Campeliño 1", "matched_distance_m": "2"}}, {"type": "Feature", "geometry": {"type": "Polygon", "coordinates": [[[-7.2830558, 43.187822], [-7.2830348, 43.187841], [-7.2830254, 43.1878644], [-7.283029, 43.1878886], [-7.2830451, 43.18791], [-7.2830711, 43.1879253], [-7.2831032, 43.1879322], [-7.2831364, 43.1879295], [-7.2831658, 43.1879178], [-7.2831867, 43.1878989], [-7.2831961, 43.1878755], [-7.2831925, 43.1878512], [-7.2831765, 43.1878298], [-7.2831504, 43.1878146], [-7.2831184, 43.1878077], [-7.2830851, 43.1878103], [-7.2830558, 43.187822]]]}, "properties": {"osm_id": "1423642155", "osm_type": "way", "label_class": "0", "site_class": "mound", "name": "Medorra de Labrada do Conde 2", "confidence": "high", "evidence": "archaeological_site=tumulus", "archaeological_site": "tumulus", "civilization": "prehistoric", "fortification_type": "", "wikidata": "", "centroid_lon": "-7.28310754", "centroid_lat": "43.18786711", "area_m2": "148.1", "perimeter_m": "43.4", "equivalent_radius_m": "6.9", "circularity": "0.9871", "vertices": "17", "matched_catalogue_id": "wl-neg-neg-es-pba-34089", "matched_catalogue_name": "Medorras de Labrada do Conde 2", "matched_distance_m": "1"}}, {"type": "Feature", "geometry": {"type": "Polygon", "coordinates": [[[-7.2822458, 43.1901198], [-7.2822155, 43.1901407], [-7.2821955, 43.1901673], [-7.2821878, 43.1901972], [-7.2821931, 43.1902273], [-7.2822109, 43.1902548], [-7.2822395, 43.1902769], [-7.282276, 43.1902915], [-7.282317, 43.1902971], [-7.2823583, 43.1902932], [-7.282396, 43.1902802], [-7.2824263, 43.1902594], [-7.2824463, 43.1902327], [-7.282454, 43.1902029], [-7.2824487, 43.1901727], [-7.2824308, 43.1901453], [-7.2824022, 43.1901232], [-7.2823657, 43.1901086], [-7.2823247, 43.190103], [-7.2822834, 43.1901069], [-7.2822458, 43.1901198]]]}, "properties": {"osm_id": "1423642156", "osm_type": "way", "label_class": "0", "site_class": "mound", "name": "Medorra de Labrada do Conde 1", "confidence": "high", "evidence": "archaeological_site=tumulus", "archaeological_site": "tumulus", "civilization": "prehistoric", "fortification_type": "", "wikidata": "", "centroid_lon": "-7.28231730", "centroid_lat": "43.19019621", "area_m2": "361.0", "perimeter_m": "67.6", "equivalent_radius_m": "10.7", "circularity": "0.9918", "vertices": "21", "matched_catalogue_id": "wl-neg-neg-es-pba-34088", "matched_catalogue_name": "Medorras de Labrada do Conde 1", "matched_distance_m": "1"}}, {"type": "Feature", "geometry": {"type": "Polygon", "coordinates": [[[-7.273204, 43.1666916], [-7.2731845, 43.1667061], [-7.2731741, 43.166725], [-7.2731744, 43.1667453], [-7.2731853, 43.166764], [-7.2732051, 43.1667782], [-7.273231, 43.1667858], [-7.2732589, 43.1667857], [-7.2732845, 43.1667777], [-7.273304, 43.1667632], [-7.2733144, 43.1667443], [-7.2733142, 43.166724], [-7.2733033, 43.1667053], [-7.2732834, 43.1666911], [-7.2732575, 43.1666835], [-7.2732297, 43.1666837], [-7.273204, 43.1666916]]]}, "properties": {"osm_id": "1423642157", "osm_type": "way", "label_class": "0", "site_class": "mound", "name": "Medorra de Monte Ribón 16", "confidence": "high", "evidence": "archaeological_site=tumulus", "archaeological_site": "tumulus", "civilization": "prehistoric", "fortification_type": "", "wikidata": "", "centroid_lon": "-7.27324190", "centroid_lat": "43.16673212", "area_m2": "102.9", "perimeter_m": "36.2", "equivalent_radius_m": "5.7", "circularity": "0.9871", "vertices": "17", "matched_catalogue_id": "wl-neg-neg-es-pba-38794", "matched_catalogue_name": "Medorra de Monte Ribón 16", "matched_distance_m": "1"}}, {"type": "Feature", "geometry": {"type": "Polygon", "coordinates": [[[-7.2845069, 43.1700994], [-7.2844695, 43.1701115], [-7.2844392, 43.1701314], [-7.2844187, 43.1701571], [-7.2844101, 43.1701862], [-7.2844143, 43.1702158], [-7.2844309, 43.170243], [-7.2844581, 43.1702652], [-7.2844934, 43.1702801], [-7.2845333, 43.1702864], [-7.2845739, 43.1702833], [-7.2846112, 43.1702713], [-7.2846416, 43.1702514], [-7.2846621, 43.1702256], [-7.2846706, 43.1701965], [-7.2846665, 43.1701669], [-7.2846499, 43.1701397], [-7.2846227, 43.1701175], [-7.2845874, 43.1701026], [-7.2845475, 43.1700964], [-7.2845069, 43.1700994]]]}, "properties": {"osm_id": "1423642158", "osm_type": "way", "label_class": "0", "site_class": "mound", "name": "Medorra de Campolongo 07", "confidence": "high", "evidence": "archaeological_site=tumulus", "archaeological_site": "tumulus", "civilization": "prehistoric", "fortification_type": "", "wikidata": "", "centroid_lon": "-7.28453880", "centroid_lat": "43.17018699", "area_m2": "346.6", "perimeter_m": "66.3", "equivalent_radius_m": "10.5", "circularity": "0.9918", "vertices": "21", "matched_catalogue_id": "wl-neg-neg-es-pba-38762", "matched_catalogue_name": "Medorra de Campolongo 07/Mámoa do Monte de Ribón", "matched_distance_m": "4"}}, {"type": "Feature", "geometry": {"type": "Polygon", "coordinates": [[[-7.2839946, 43.1694089], [-7.2839572, 43.1694246], [-7.2839274, 43.1694474], [-7.2839076, 43.1694754], [-7.2838994, 43.1695063], [-7.2839035, 43.1695376], [-7.2839195, 43.1695669], [-7.2839462, 43.1695916], [-7.2839814, 43.1696099], [-7.2840221, 43.1696202], [-7.2840653, 43.1696217], [-7.2841072, 43.1696143], [-7.2841446, 43.1695986], [-7.2841744, 43.1695758], [-7.2841942, 43.1695478], [-7.2842024, 43.1695169], [-7.2841983, 43.1694855], [-7.2841823, 43.1694563], [-7.2841556, 43.1694315], [-7.2841204, 43.1694133], [-7.2840796, 43.169403], [-7.2840365, 43.1694015], [-7.2839946, 43.1694089]]]}, "properties": {"osm_id": "1423642159", "osm_type": "way", "label_class": "0", "site_class": "mound", "name": "Medorra de Campolongo 08", "confidence": "high", "evidence": "archaeological_site=tumulus", "archaeological_site": "tumulus", "civilization": "prehistoric", "fortification_type": "", "wikidata": "", "centroid_lon": "-7.28404845", "centroid_lat": "43.16950713", "area_m2": "469.9", "perimeter_m": "77.1", "equivalent_radius_m": "12.2", "circularity": "0.9932", "vertices": "23", "matched_catalogue_id": "wl-neg-neg-es-pba-38763", "matched_catalogue_name": "Medorra de Campolongo 08/Mámoa do Monte de Ribón", "matched_distance_m": "1"}}, {"type": "Feature", "geometry": {"type": "Polygon", "coordinates": [[[-7.2835949, 43.1759423], [-7.2835649, 43.1759572], [-7.2835437, 43.1759787], [-7.2835339, 43.1760041], [-7.2835366, 43.1760305], [-7.2835515, 43.1760546], [-7.2835768, 43.1760736], [-7.2836095, 43.1760851], [-7.2836456, 43.1760877], [-7.2836807, 43.1760812], [-7.2837107, 43.1760663], [-7.2837319, 43.1760448], [-7.2837417, 43.1760194], [-7.283739, 43.175993], [-7.2837241, 43.1759689], [-7.2836988, 43.1759499], [-7.2836662, 43.1759385], [-7.2836301, 43.1759358], [-7.2835949, 43.1759423]]]}, "properties": {"osm_id": "1423642160", "osm_type": "way", "label_class": "0", "site_class": "mound", "name": "Cruz de Candal 9", "confidence": "high", "evidence": "archaeological_site=tumulus", "archaeological_site": "tumulus", "civilization": "prehistoric", "fortification_type": "", "wikidata": "", "centroid_lon": "-7.28363555", "centroid_lat": "43.17600810", "area_m2": "221.3", "perimeter_m": "53.0", "equivalent_radius_m": "8.4", "circularity": "0.9898", "vertices": "19", "matched_catalogue_id": "wl-neg-neg-es-pba-38913", "matched_catalogue_name": "Monte do Ribón/Cruz do Candal 9/Entre as Madorras", "matched_distance_m": "1"}}, {"type": "Feature", "geometry": {"type": "Polygon", "coordinates": [[[-7.2851211, 43.1743286], [-7.285088, 43.1743464], [-7.285064, 43.1743707], [-7.2850516, 43.1743993], [-7.2850518, 43.1744292], [-7.2850648, 43.1744577], [-7.2850891, 43.1744818], [-7.2851225, 43.1744993], [-7.2851617, 43.1745084], [-7.2852028, 43.1745082], [-7.2852418, 43.1744988], [-7.2852749, 43.174481], [-7.2852988, 43.1744566], [-7.2853113, 43.1744281], [-7.2853111, 43.1743981], [-7.2852981, 43.1743697], [-7.2852738, 43.1743455], [-7.2852404, 43.1743281], [-7.2852012, 43.174319], [-7.2851601, 43.1743192], [-7.2851211, 43.1743286]]]}, "properties": {"osm_id": "1423642161", "osm_type": "way", "label_class": "0", "site_class": "mound", "name": "Medorra de Campolongo 11", "confidence": "high", "evidence": "archaeological_site=tumulus", "archaeological_site": "tumulus", "civilization": "prehistoric", "fortification_type": "", "wikidata": "", "centroid_lon": "-7.28517857", "centroid_lat": "43.17440963", "area_m2": "351.4", "perimeter_m": "66.7", "equivalent_radius_m": "10.6", "circularity": "0.9918", "vertices": "21", "matched_catalogue_id": "wl-neg-neg-es-pba-38792", "matched_catalogue_name": "Medorra de Campolongo 11", "matched_distance_m": "1"}}, {"type": "Feature", "geometry": {"type": "Polygon", "coordinates": [[[-7.2836164, 43.1762748], [-7.2835834, 43.1762958], [-7.283559, 43.1763222], [-7.2835448, 43.1763524], [-7.2835418, 43.1763841], [-7.2835502, 43.1764154], [-7.2835694, 43.176444], [-7.2835981, 43.1764681], [-7.2836344, 43.1764859], [-7.2836757, 43.1764962], [-7.2837193, 43.1764984], [-7.2837622, 43.1764923], [-7.2838014, 43.1764783], [-7.2838344, 43.1764573], [-7.2838588, 43.1764309], [-7.283873, 43.1764008], [-7.283876, 43.176369], [-7.2838676, 43.1763377], [-7.2838484, 43.1763091], [-7.2838197, 43.1762851], [-7.2837834, 43.1762673], [-7.2837421, 43.1762569], [-7.2836985, 43.1762547], [-7.2836556, 43.1762608], [-7.2836164, 43.1762748]]]}, "properties": {"osm_id": "1423642162", "osm_type": "way", "label_class": "0", "site_class": "mound", "name": "Medorra de Campolongo 03", "confidence": "high", "evidence": "archaeological_site=tumulus", "archaeological_site": "tumulus", "civilization": "prehistoric", "fortification_type": "", "wikidata": "", "centroid_lon": "-7.28370520", "centroid_lat": "43.17637249", "area_m2": "573.6", "perimeter_m": "85.1", "equivalent_radius_m": "13.5", "circularity": "0.9943", "vertices": "25", "matched_catalogue_id": "wl-neg-neg-es-pba-38758", "matched_catalogue_name": "Medorra de Campolongo 03/Mámoa de Monte do Ribón", "matched_distance_m": "1"}}, {"type": "Feature", "geometry": {"type": "Polygon", "coordinates": [[[-7.2851855, 43.1753731], [-7.2851492, 43.1753927], [-7.285122, 43.1754189], [-7.285106, 43.1754496], [-7.2851025, 43.1754824], [-7.2851118, 43.1755146], [-7.2851332, 43.1755435], [-7.2851649, 43.1755669], [-7.2852043, 43.1755828], [-7.2852483, 43.17559], [-7.2852933, 43.1755879], [-7.2853357, 43.1755766], [-7.2853719, 43.175557], [-7.2853992, 43.1755308], [-7.2854152, 43.1755001], [-7.2854186, 43.1754673], [-7.2854093, 43.1754351], [-7.2853879, 43.1754061], [-7.2853562, 43.1753828], [-7.2853168, 43.1753668], [-7.2852728, 43.1753597], [-7.2852278, 43.1753618], [-7.2851855, 43.1753731]]]}, "properties": {"osm_id": "1423642163", "osm_type": "way", "label_class": "0", "site_class": "mound", "name": "Medorra de Campolongo 10", "confidence": "high", "evidence": "archaeological_site=tumulus", "archaeological_site": "tumulus", "civilization": "prehistoric", "fortification_type": "", "wikidata": "", "centroid_lon": "-7.28525730", "centroid_lat": "43.17547042", "area_m2": "512.5", "perimeter_m": "80.5", "equivalent_radius_m": "12.8", "circularity": "0.9932", "vertices": "23", "matched_catalogue_id": "wl-neg-neg-es-pba-38791", "matched_catalogue_name": "Medorra de Campolongo 10/Mámoa do Monte do Ribó", "matched_distance_m": "3"}}, {"type": "Feature", "geometry": {"type": "Polygon", "coordinates": [[[-7.2845712, 43.1756959], [-7.2845399, 43.17571], [-7.2845161, 43.1757305], [-7.2845021, 43.1757554], [-7.2844994, 43.1757822], [-7.2845082, 43.1758083], [-7.2845276, 43.1758312], [-7.2845558, 43.1758486], [-7.2845899, 43.1758587], [-7.2846266, 43.1758607], [-7.2846624, 43.1758543], [-7.2846938, 43.1758402], [-7.2847176, 43.1758196], [-7.2847315, 43.1757947], [-7.2847342, 43.1757679], [-7.2847255, 43.1757418], [-7.2847061, 43.175719], [-7.2846779, 43.1757016], [-7.2846438, 43.1756915], [-7.284607, 43.1756895], [-7.2845712, 43.1756959]]]}, "properties": {"osm_id": "1423642164", "osm_type": "way", "label_class": "0", "site_class": "mound", "name": "Medorra de Campolongo 09", "confidence": "high", "evidence": "archaeological_site=tumulus", "archaeological_site": "tumulus", "civilization": "prehistoric", "fortification_type": "", "wikidata": "", "centroid_lon": "-7.28461466", "centroid_lat": "43.17577131", "area_m2": "282.7", "perimeter_m": "59.8", "equivalent_radius_m": "9.5", "circularity": "0.9918", "vertices": "21", "matched_catalogue_id": "wl-neg-neg-es-pba-38790", "matched_catalogue_name": "Medorra de Campolongo 09/Mámoa do Monte do Ribón", "matched_distance_m": "2"}}, {"type": "Feature", "geometry": {"type": "Polygon", "coordinates": [[[-7.2703354, 43.1775859], [-7.2703167, 43.1776048], [-7.2703093, 43.1776275], [-7.2703144, 43.1776504], [-7.2703311, 43.1776703], [-7.270357, 43.1776839], [-7.270388, 43.1776893], [-7.2704195, 43.1776856], [-7.2704467, 43.1776734], [-7.2704654, 43.1776545], [-7.2704728, 43.1776319], [-7.2704677, 43.1776089], [-7.270451, 43.1775891], [-7.2704251, 43.1775754], [-7.2703941, 43.17757], [-7.2703626, 43.1775737], [-7.2703354, 43.1775859]]]}, "properties": {"osm_id": "1423642165", "osm_type": "way", "label_class": "0", "site_class": "mound", "name": "A Madorra do Viso 2", "confidence": "high", "evidence": "archaeological_site=tumulus", "archaeological_site": "tumulus", "civilization": "prehistoric", "fortification_type": "", "wikidata": "", "centroid_lon": "-7.27038778", "centroid_lat": "43.17762709", "area_m2": "135.0", "perimeter_m": "41.5", "equivalent_radius_m": "6.6", "circularity": "0.9871", "vertices": "17", "matched_catalogue_id": "wl-neg-neg-es-pba-38874", "matched_catalogue_name": "Medorras do Viso 2", "matched_distance_m": "2"}}, {"type": "Feature", "geometry": {"type": "Polygon", "coordinates": [[[-7.2692299, 43.1780038], [-7.2692055, 43.1780266], [-7.269192, 43.1780538], [-7.2691907, 43.1780828], [-7.2692017, 43.1781106], [-7.269224, 43.1781346], [-7.2692553, 43.1781523], [-7.2692926, 43.1781622], [-7.2693323, 43.1781632], [-7.2693705, 43.1781551], [-7.2694033, 43.1781389], [-7.2694277, 43.178116], [-7.2694412, 43.1780888], [-7.2694426, 43.1780599], [-7.2694316, 43.1780321], [-7.2694093, 43.1780081], [-7.269378, 43.1779903], [-7.2693406, 43.1779805], [-7.2693009, 43.1779795], [-7.2692628, 43.1779875], [-7.2692299, 43.1780038]]]}, "properties": {"osm_id": "1423642166", "osm_type": "way", "label_class": "0", "site_class": "mound", "name": "A Madorra do Viso 1", "confidence": "high", "evidence": "archaeological_site=tumulus", "archaeological_site": "tumulus", "civilization": "prehistoric", "fortification_type": "", "wikidata": "", "centroid_lon": "-7.26931250", "centroid_lat": "43.17806811", "area_m2": "327.9", "perimeter_m": "64.5", "equivalent_radius_m": "10.2", "circularity": "0.9918", "vertices": "21", "matched_catalogue_id": "wl-neg-neg-es-pba-38873", "matched_catalogue_name": "Medorras do Viso 1", "matched_distance_m": "1"}}, {"type": "Feature", "geometry": {"type": "Polygon", "coordinates": [[[-7.2581515, 43.1839536], [-7.2581264, 43.1839731], [-7.2581119, 43.1839976], [-7.2581098, 43.1840243], [-7.2581204, 43.1840498], [-7.2581422, 43.1840712], [-7.2581729, 43.1840859], [-7.2582085, 43.184092], [-7.2582448, 43.1840889], [-7.2582775, 43.1840769], [-7.2583026, 43.1840574], [-7.2583171, 43.1840329], [-7.2583192, 43.1840063], [-7.2583087, 43.1839807], [-7.2582868, 43.1839593], [-7.2582562, 43.1839446], [-7.2582205, 43.1839385], [-7.2581842, 43.1839416], [-7.2581515, 43.1839536]]]}, "properties": {"osm_id": "1423642167", "osm_type": "way", "label_class": "0", "site_class": "mound", "name": "Medorra de Acebreira 8", "confidence": "high", "evidence": "archaeological_site=tumulus", "archaeological_site": "tumulus", "civilization": "prehistoric", "fortification_type": "", "wikidata": "", "centroid_lon": "-7.25821119", "centroid_lat": "43.18401201", "area_m2": "225.4", "perimeter_m": "53.5", "equivalent_radius_m": "8.5", "circularity": "0.9898", "vertices": "19", "matched_catalogue_id": "wl-neg-neg-es-pba-38724", "matched_catalogue_name": "Medorra de Acebreira 8", "matched_distance_m": "3"}}, {"type": "Feature", "geometry": {"type": "Polygon", "coordinates": [[[-7.2533691, 43.1892007], [-7.2533377, 43.1892158], [-7.2533153, 43.1892378], [-7.2533046, 43.189264], [-7.2533068, 43.1892913], [-7.2533217, 43.1893165], [-7.2533475, 43.1893364], [-7.2533811, 43.1893486], [-7.2534184, 43.1893518], [-7.2534549, 43.1893454], [-7.2534863, 43.1893304], [-7.2535087, 43.1893084], [-7.2535194, 43.1892822], [-7.2535172, 43.1892548], [-7.2535023, 43.1892297], [-7.2534765, 43.1892098], [-7.2534429, 43.1891975], [-7.2534056, 43.1891944], [-7.2533691, 43.1892007]]]}, "properties": {"osm_id": "1423642168", "osm_type": "way", "label_class": "0", "site_class": "mound", "name": "Medorra de Acebreira 5", "confidence": "high", "evidence": "archaeological_site=tumulus", "archaeological_site": "tumulus", "civilization": "prehistoric", "fortification_type": "", "wikidata": "", "centroid_lon": "-7.25340974", "centroid_lat": "43.18926927", "area_m2": "237.1", "perimeter_m": "54.9", "equivalent_radius_m": "8.7", "circularity": "0.9898", "vertices": "19", "matched_catalogue_id": "wl-neg-neg-es-pba-38867", "matched_catalogue_name": "Medorras de Acebreira 5", "matched_distance_m": "1"}}, {"type": "Feature", "geometry": {"type": "Polygon", "coordinates": [[[-7.2546405, 43.1884126], [-7.2546046, 43.1884312], [-7.2545766, 43.188456], [-7.2545584, 43.1884852], [-7.2545511, 43.1885168], [-7.2545553, 43.1885488], [-7.2545707, 43.1885788], [-7.2545963, 43.188605], [-7.2546302, 43.1886254], [-7.2546703, 43.1886387], [-7.2547137, 43.188644], [-7.2547575, 43.1886409], [-7.2547987, 43.1886297], [-7.2548345, 43.1886111], [-7.2548625, 43.1885863], [-7.2548808, 43.1885571], [-7.2548881, 43.1885255], [-7.2548839, 43.1884935], [-7.2548685, 43.1884635], [-7.2548429, 43.1884373], [-7.2548089, 43.1884169], [-7.2547689, 43.1884036], [-7.2547255, 43.1883983], [-7.2546817, 43.1884014], [-7.2546405, 43.1884126]]]}, "properties": {"osm_id": "1423642169", "osm_type": "way", "label_class": "0", "site_class": "mound", "name": "Medorra de Acebreira 7", "confidence": "high", "evidence": "archaeological_site=tumulus", "archaeological_site": "tumulus", "civilization": "prehistoric", "fortification_type": "", "wikidata": "", "centroid_lon": "-7.25471642", "centroid_lat": "43.18851681", "area_m2": "581.6", "perimeter_m": "85.7", "equivalent_radius_m": "13.6", "circularity": "0.9943", "vertices": "25", "matched_catalogue_id": "wl-neg-neg-es-pba-34645", "matched_catalogue_name": "Medorra de Acebreira 7", "matched_distance_m": "1"}}, {"type": "Feature", "geometry": {"type": "Polygon", "coordinates": [[[-7.7295899, 42.8397786], [-7.7295175, 42.8398219], [-7.7295229, 42.839877], [-7.7295604, 42.8399281], [-7.7295926, 42.8399615], [-7.7296624, 42.8399753], [-7.7297831, 42.8399556], [-7.7298072, 42.8398966], [-7.7297938, 42.8398298], [-7.7296624, 42.8397865], [-7.7295899, 42.8397786]]]}, "properties": {"osm_id": "1426847721", "osm_type": "way", "label_class": "0", "site_class": "mound", "name": "A Medorra de Hospital", "confidence": "high", "evidence": "archaeological_site=tumulus", "archaeological_site": "tumulus", "civilization": "prehistoric", "fortification_type": "", "wikidata": "", "centroid_lon": "-7.72964383", "centroid_lat": "42.83987177", "area_m2": "389.5", "perimeter_m": "72.9", "equivalent_radius_m": "11.1", "circularity": "0.9211", "vertices": "11", "matched_catalogue_id": "wl-neg-neg-es-pba-38387", "matched_catalogue_name": "A Medorra de Hospital", "matched_distance_m": "4"}}, {"type": "Feature", "geometry": {"type": "Polygon", "coordinates": [[[-7.8882587, 43.3620993], [-7.8882371, 43.362118], [-7.888227, 43.3621412], [-7.8882299, 43.3621655], [-7.8882453, 43.3621871], [-7.8882709, 43.3622028], [-7.8883029, 43.3622101], [-7.8883362, 43.3622081], [-7.888366, 43.3621968], [-7.8883876, 43.3621782], [-7.8883977, 43.362155], [-7.8883948, 43.3621307], [-7.8883794, 43.3621091], [-7.8883538, 43.3620934], [-7.8883218, 43.362086], [-7.8882884, 43.3620881], [-7.8882587, 43.3620993]]]}, "properties": {"osm_id": "1427390866", "osm_type": "way", "label_class": "0", "site_class": "mound", "name": "Mámoa da Portela de Abelleira", "confidence": "high", "evidence": "archaeological_site=tumulus", "archaeological_site": "tumulus", "civilization": "prehistoric", "fortification_type": "", "wikidata": "", "centroid_lon": "-7.88830919", "centroid_lat": "43.36214522", "area_m2": "147.9", "perimeter_m": "43.4", "equivalent_radius_m": "6.9", "circularity": "0.9871", "vertices": "17", "matched_catalogue_id": "wl-neg-neg-es-pba-13724", "matched_catalogue_name": "Mámoa da Portela de Abelleira", "matched_distance_m": "3"}}, {"type": "Feature", "geometry": {"type": "Polygon", "coordinates": [[[-7.884289, 43.3619121], [-7.8842715, 43.3619421], [-7.8842652, 43.3619743], [-7.8842706, 43.3620065], [-7.8842873, 43.3620367], [-7.8843142, 43.3620627], [-7.8843494, 43.3620828], [-7.8843905, 43.3620955], [-7.8844348, 43.3621001], [-7.8844792, 43.3620962], [-7.8845207, 43.362084], [-7.8845565, 43.3620645], [-7.8845841, 43.3620389], [-7.8846016, 43.362009], [-7.8846079, 43.3619768], [-7.8846025, 43.3619445], [-7.8845858, 43.3619143], [-7.8845589, 43.3618883], [-7.8845237, 43.3618683], [-7.8844826, 43.3618555], [-7.8844383, 43.3618509], [-7.8843939, 43.3618549], [-7.8843524, 43.361867], [-7.8843166, 43.3618865], [-7.884289, 43.3619121]]]}, "properties": {"osm_id": "1427390867", "osm_type": "way", "label_class": "0", "site_class": "mound", "name": "Medoña do Serrón do Lobo 2", "confidence": "high", "evidence": "archaeological_site=tumulus", "archaeological_site": "tumulus", "civilization": "prehistoric", "fortification_type": "", "wikidata": "", "centroid_lon": "-7.88443065", "centroid_lat": "43.36197298", "area_m2": "597.3", "perimeter_m": "86.9", "equivalent_radius_m": "13.8", "circularity": "0.9943", "vertices": "25", "matched_catalogue_id": "wl-neg-neg-es-pba-13811", "matched_catalogue_name": "Mámoa do Serrón do Lobo 3", "matched_distance_m": "68"}}, {"type": "Feature", "geometry": {"type": "Polygon", "coordinates": [[[-7.8843749, 43.3607791], [-7.8843567, 43.3607946], [-7.884348, 43.3608139], [-7.8843501, 43.3608342], [-7.8843628, 43.3608523], [-7.884384, 43.3608655], [-7.8844106, 43.3608718], [-7.8844384, 43.3608702], [-7.8844634, 43.3608611], [-7.8844816, 43.3608456], [-7.8844902, 43.3608263], [-7.8844881, 43.360806], [-7.8844754, 43.3607879], [-7.8844542, 43.3607747], [-7.8844277, 43.3607684], [-7.8843998, 43.36077], [-7.8843749, 43.3607791]]]}, "properties": {"osm_id": "1427390868", "osm_type": "way", "label_class": "0", "site_class": "mound", "name": "Medoña do Serrón do Lobo 1", "confidence": "high", "evidence": "archaeological_site=tumulus", "archaeological_site": "tumulus", "civilization": "prehistoric", "fortification_type": "", "wikidata": "", "centroid_lon": "-7.88441652", "centroid_lat": "43.36081769", "area_m2": "102.9", "perimeter_m": "36.2", "equivalent_radius_m": "5.7", "circularity": "0.9871", "vertices": "17", "matched_catalogue_id": "wl-neg-neg-es-pba-13811", "matched_catalogue_name": "Mámoa do Serrón do Lobo 3", "matched_distance_m": "86"}}, {"type": "Feature", "geometry": {"type": "Polygon", "coordinates": [[[-7.8827119, 43.3560149], [-7.8826448, 43.3560549], [-7.8826368, 43.356088], [-7.8826676, 43.3561368], [-7.8826971, 43.356169], [-7.8827374, 43.3561914], [-7.8827857, 43.3561982], [-7.882842, 43.3561885], [-7.8828675, 43.3561524], [-7.8828675, 43.3560939], [-7.8828433, 43.3560471], [-7.8828138, 43.3560227], [-7.8827642, 43.356009], [-7.8827119, 43.3560149]]]}, "properties": {"osm_id": "1427390869", "osm_type": "way", "label_class": "0", "site_class": "mound", "name": "Medoña do Campo da Ucera", "confidence": "high", "evidence": "archaeological_site=tumulus", "archaeological_site": "tumulus", "civilization": "prehistoric", "fortification_type": "", "wikidata": "", "centroid_lon": "-7.88275654", "centroid_lat": "43.35609869", "area_m2": "295.7", "perimeter_m": "62.6", "equivalent_radius_m": "9.7", "circularity": "0.9478", "vertices": "14", "matched_catalogue_id": "", "matched_catalogue_name": "", "matched_distance_m": ""}}, {"type": "Feature", "geometry": {"type": "Polygon", "coordinates": [[[-7.4180836, 42.4852678], [-7.4171233, 42.4851847], [-7.4169463, 42.4853984], [-7.4171501, 42.4860194], [-7.4173272, 42.4862766], [-7.4176008, 42.4863399], [-7.4179709, 42.4863399], [-7.4183035, 42.4862331], [-7.4184913, 42.4860274], [-7.418561, 42.4858177], [-7.4184161, 42.4855329], [-7.4182606, 42.4853351], [-7.4180836, 42.4852678]]]}, "properties": {"osm_id": "1429531113", "osm_type": "way", "label_class": "1", "site_class": "castro", "name": "Castro de Rozavales", "confidence": "high", "evidence": "fortification_type=hill_fort", "archaeological_site": "fortification", "civilization": "castro_culture", "fortification_type": "hill_fort", "wikidata": "", "centroid_lon": "-7.41787064", "centroid_lat": "42.48577236", "area_m2": "12963.0", "perimeter_m": "421.5", "equivalent_radius_m": "64.2", "circularity": "0.9169", "vertices": "13", "matched_catalogue_id": "wl-pos-pos-es-pba-33673", "matched_catalogue_name": "Castro de Rozabales", "matched_distance_m": "81"}}, {"type": "Feature", "geometry": {"type": "Polygon", "coordinates": [[[-7.460551, 42.6756798], [-7.4601164, 42.6757666], [-7.4598938, 42.6760308], [-7.4598429, 42.67623], [-7.4598858, 42.6764528], [-7.4600816, 42.6766993], [-7.4603874, 42.6768038], [-7.4608165, 42.6768216], [-7.4609104, 42.6767664], [-7.4610096, 42.6766599], [-7.4611491, 42.6764903], [-7.4612483, 42.6763582], [-7.4612752, 42.6762182], [-7.4611974, 42.6760683], [-7.4610391, 42.6759066], [-7.4608004, 42.6757567], [-7.460551, 42.6756798]]]}, "properties": {"osm_id": "1429811187", "osm_type": "way", "label_class": "1", "site_class": "castro", "name": "Castro de Noceda", "confidence": "high", "evidence": "fortification_type=hill_fort", "archaeological_site": "fortification", "civilization": "castro_culture", "fortification_type": "hill_fort", "wikidata": "", "centroid_lon": "-7.46063270", "centroid_lat": "42.67625818", "area_m2": "11104.6", "perimeter_m": "380.3", "equivalent_radius_m": "59.5", "circularity": "0.9649", "vertices": "17", "matched_catalogue_id": "wl-pos-pos-es-pba-32297", "matched_catalogue_name": "Castro de Airexe/Castro de Noceda", "matched_distance_m": "32"}}, {"type": "Feature", "geometry": {"type": "Polygon", "coordinates": [[[-7.8845899, 41.9281348], [-7.8847174, 41.9279847], [-7.884321, 41.9277346], [-7.8841086, 41.9279426], [-7.8845899, 41.9281348]]]}, "properties": {"osm_id": "1432217414", "osm_type": "way", "label_class": "0", "site_class": "mound", "name": "Mámoas do Outeiro das Moas", "confidence": "high", "evidence": "archaeological_site=tumulus", "archaeological_site": "tumulus", "civilization": "prehistoric", "fortification_type": "", "wikidata": "", "centroid_lon": "-7.88446536", "centroid_lat": "41.92798630", "area_m2": "1071.0", "perimeter_m": "137.1", "equivalent_radius_m": "18.5", "circularity": "0.7157", "vertices": "5", "matched_catalogue_id": "wl-neg-neg-es-pba-47475", "matched_catalogue_name": "Mámoa do Outeiro das Moas 1", "matched_distance_m": "6"}}, {"type": "Feature", "geometry": {"type": "Polygon", "coordinates": [[[-7.7705902, 42.8843203], [-7.7705808, 42.8843468], [-7.7705842, 42.8843748], [-7.7705969, 42.884392], [-7.7706096, 42.8844038], [-7.7706331, 42.8844097], [-7.7706787, 42.8844023], [-7.7707008, 42.8843876], [-7.7707136, 42.8843788], [-7.7707256, 42.8843665], [-7.7707297, 42.8843537], [-7.7707297, 42.884335], [-7.7707209, 42.8843178], [-7.7707102, 42.8843006], [-7.7706948, 42.8842923], [-7.7706787, 42.8842898], [-7.7706566, 42.8842942], [-7.7706244, 42.8843036], [-7.770607, 42.8843105], [-7.7705902, 42.8843203]]]}, "properties": {"osm_id": "1433410040", "osm_type": "way", "label_class": "0", "site_class": "mound", "name": "Mámoa do Marco", "confidence": "high", "evidence": "archaeological_site=tumulus", "archaeological_site": "tumulus", "civilization": "prehistoric", "fortification_type": "", "wikidata": "", "centroid_lon": "-7.77065779", "centroid_lat": "42.88434502", "area_m2": "122.7", "perimeter_m": "40.1", "equivalent_radius_m": "6.3", "circularity": "0.9606", "vertices": "20", "matched_catalogue_id": "wl-neg-neg-es-pba-37479", "matched_catalogue_name": "Mámoa do Marco", "matched_distance_m": "1"}}, {"type": "Feature", "geometry": {"type": "Polygon", "coordinates": [[[-7.7199447, 42.5936037], [-7.7198029, 42.5937256], [-7.7196872, 42.5938249], [-7.719655, 42.5940144], [-7.7197301, 42.5942356], [-7.7197516, 42.5943935], [-7.7198911, 42.5944488], [-7.720052, 42.594512], [-7.7202237, 42.5944093], [-7.720288, 42.5942593], [-7.7204061, 42.5941013], [-7.7204061, 42.5939907], [-7.7204061, 42.593817], [-7.7202988, 42.5937143], [-7.7201164, 42.5936116], [-7.7199447, 42.5936037]]]}, "properties": {"osm_id": "1436779022", "osm_type": "way", "label_class": "1", "site_class": "castro", "name": "Castro da Portela", "confidence": "high", "evidence": "fortification_type=hill_fort", "archaeological_site": "fortification", "civilization": "castro_culture", "fortification_type": "hill_fort", "wikidata": "", "centroid_lon": "-7.72003778", "centroid_lat": "42.59401661", "area_m2": "4599.8", "perimeter_m": "259.4", "equivalent_radius_m": "38.3", "circularity": "0.8592", "vertices": "16", "matched_catalogue_id": "wl-pos-pos-es-pba-41659", "matched_catalogue_name": "Castro de Portela", "matched_distance_m": "12"}}, {"type": "Feature", "geometry": {"type": "Polygon", "coordinates": [[[-9.114295, 42.7961019], [-9.1140387, 42.7961048], [-9.1138828, 42.7962403], [-9.1137581, 42.7963354], [-9.1136309, 42.7964234], [-9.1136957, 42.7966187], [-9.1142666, 42.7969901], [-9.1144249, 42.7971785], [-9.1145521, 42.7972929], [-9.1147104, 42.7972806], [-9.1149611, 42.7971257], [-9.1149815, 42.7970746], [-9.1151566, 42.7970077], [-9.115159, 42.7968704], [-9.1152621, 42.7965255], [-9.1150055, 42.7962368], [-9.1147848, 42.7961347], [-9.1144609, 42.7960837], [-9.114295, 42.7961019]]]}, "properties": {"osm_id": "1444762966", "osm_type": "way", "label_class": "1", "site_class": "castro", "name": "A Torre dos Mouros", "confidence": "medium", "evidence": "site=fortification,civ=none", "archaeological_site": "fortification", "civilization": "", "fortification_type": "", "wikidata": "Q25509523", "centroid_lon": "-9.11449062", "centroid_lat": "42.79661724", "area_m2": "11629.9", "perimeter_m": "412.3", "equivalent_radius_m": "60.8", "circularity": "0.8598", "vertices": "19", "matched_catalogue_id": "", "matched_catalogue_name": "", "matched_distance_m": ""}}, {"type": "Feature", "geometry": {"type": "Polygon", "coordinates": [[[-7.2982451, 42.7456629], [-7.2981057, 42.745789], [-7.2980493, 42.7458658], [-7.298044, 42.7459269], [-7.2980574, 42.7459997], [-7.2980896, 42.7460628], [-7.2981566, 42.746116], [-7.2982129, 42.7461455], [-7.2982693, 42.7461593], [-7.2984168, 42.7461652], [-7.2984999, 42.7461613], [-7.2985777, 42.7461554], [-7.2986501, 42.7460884], [-7.2986716, 42.7460096], [-7.2986877, 42.7459564], [-7.2986743, 42.7458697], [-7.2986475, 42.7458087], [-7.2986019, 42.7457456], [-7.298516, 42.7456905], [-7.2984409, 42.745659], [-7.2983618, 42.7456363], [-7.2983176, 42.7456403], [-7.2982451, 42.7456629]]]}, "properties": {"osm_id": "1450977097", "osm_type": "way", "label_class": "1", "site_class": "castro", "name": "Castro de Lastres", "confidence": "high", "evidence": "fortification_type=hill_fort", "archaeological_site": "fortification", "civilization": "castro_culture", "fortification_type": "hill_fort", "wikidata": "", "centroid_lon": "-7.29837125", "centroid_lat": "42.74591205", "area_m2": "2400.4", "perimeter_m": "176.9", "equivalent_radius_m": "27.6", "circularity": "0.9639", "vertices": "23", "matched_catalogue_id": "wl-pos-pos-es-pba-40038", "matched_catalogue_name": "Castro de Lastres/Castro do Foral/Castro", "matched_distance_m": "6"}}, {"type": "Feature", "geometry": {"type": "Polygon", "coordinates": [[[-7.657865, 43.0615022], [-7.6578384, 43.0615142], [-7.6578201, 43.0615328], [-7.657813, 43.0615551], [-7.6578181, 43.0615776], [-7.6578345, 43.0615971], [-7.65786, 43.0616104], [-7.6578904, 43.0616156], [-7.6579213, 43.0616119], [-7.6579479, 43.0615999], [-7.6579662, 43.0615813], [-7.6579733, 43.0615591], [-7.6579683, 43.0615365], [-7.6579518, 43.0615171], [-7.6579263, 43.0615037], [-7.6578959, 43.0614985], [-7.657865, 43.0615022]]]}, "properties": {"osm_id": "1452041765", "osm_type": "way", "label_class": "0", "site_class": "mound", "name": "Medorra de Parada 2", "confidence": "high", "evidence": "archaeological_site=tumulus", "archaeological_site": "tumulus", "civilization": "prehistoric", "fortification_type": "", "wikidata": "", "centroid_lon": "-7.65789150", "centroid_lat": "43.06155384", "area_m2": "130.3", "perimeter_m": "40.7", "equivalent_radius_m": "6.4", "circularity": "0.9871", "vertices": "17", "matched_catalogue_id": "", "matched_catalogue_name": "", "matched_distance_m": ""}}, {"type": "Feature", "geometry": {"type": "Polygon", "coordinates": [[[-7.6485577, 43.0853125], [-7.64854, 43.0853226], [-7.6485301, 43.0853373], [-7.6485299, 43.0853537], [-7.6485395, 43.0853685], [-7.6485569, 43.0853789], [-7.6485787, 43.0853827], [-7.6486006, 43.0853792], [-7.6486183, 43.0853691], [-7.6486282, 43.0853544], [-7.6486284, 43.085338], [-7.6486189, 43.0853231], [-7.6486015, 43.0853128], [-7.6485796, 43.085309], [-7.6485577, 43.0853125]]]}, "properties": {"osm_id": "1452041782", "osm_type": "way", "label_class": "0", "site_class": "mound", "name": "Medorra da Roza das Presas", "confidence": "high", "evidence": "archaeological_site=tumulus", "archaeological_site": "tumulus", "civilization": "", "fortification_type": "", "wikidata": "", "centroid_lon": "-7.64857773", "centroid_lat": "43.08534362", "area_m2": "51.1", "perimeter_m": "25.6", "equivalent_radius_m": "4.0", "circularity": "0.9832", "vertices": "15", "matched_catalogue_id": "", "matched_catalogue_name": "", "matched_distance_m": ""}}, {"type": "Feature", "geometry": {"type": "Polygon", "coordinates": [[[-8.2325205, 43.1945963], [-8.2328429, 43.1946007], [-8.2331568, 43.1945127], [-8.2333355, 43.1942627], [-8.2334127, 43.1939881], [-8.2334176, 43.1937664], [-8.233263, 43.1934742], [-8.233181, 43.19327], [-8.2329057, 43.193006], [-8.2326305, 43.1929215], [-8.2323794, 43.1929426], [-8.2320607, 43.1931433], [-8.2317178, 43.1932418], [-8.2317034, 43.1935023], [-8.231713, 43.1936889], [-8.2316502, 43.1939776], [-8.2321186, 43.1942874], [-8.2323263, 43.1945162], [-8.2325205, 43.1945963]]]}, "properties": {"osm_id": "1457635794", "osm_type": "way", "label_class": "1", "site_class": "castro", "name": "Castro de Carres", "confidence": "high", "evidence": "fortification_type=hill_fort", "archaeological_site": "fortification", "civilization": "castro_culture", "fortification_type": "hill_fort", "wikidata": "", "centroid_lon": "-8.23257137", "centroid_lat": "43.19380500", "area_m2": "19857.3", "perimeter_m": "527.4", "equivalent_radius_m": "79.5", "circularity": "0.8972", "vertices": "19", "matched_catalogue_id": "wl-pos-pos-es-pba-27194", "matched_catalogue_name": "Castro de Carres/Castro de Vilar de Corna", "matched_distance_m": "4"}}, {"type": "Feature", "geometry": {"type": "Polygon", "coordinates": [[[-7.7506173, 43.2787718], [-7.7505541, 43.2790097], [-7.7509296, 43.279572], [-7.7511442, 43.2796892], [-7.7513051, 43.2796892], [-7.7514875, 43.2797204], [-7.7516699, 43.2795564], [-7.7520883, 43.2795096], [-7.7523244, 43.2793924], [-7.7525711, 43.2792284], [-7.7526248, 43.2790253], [-7.7526462, 43.2788613], [-7.7523351, 43.2788066], [-7.7520132, 43.2786816], [-7.7517879, 43.2786269], [-7.7513158, 43.2785801], [-7.7509618, 43.2785644], [-7.750715, 43.2786425], [-7.7506173, 43.2787718]]]}, "properties": {"osm_id": "1500811674", "osm_type": "way", "label_class": "1", "site_class": "castro", "name": "Castro de Cruceiro", "confidence": "high", "evidence": "fortification_type=hill_fort", "archaeological_site": "fortification", "civilization": "castro_culture", "fortification_type": "hill_fort", "wikidata": "Q130241442", "centroid_lon": "-7.75156361", "centroid_lat": "43.27908945", "area_m2": "15301.1", "perimeter_m": "476.3", "equivalent_radius_m": "69.8", "circularity": "0.8476", "vertices": "19", "matched_catalogue_id": "wl-pos-pos-es-pba-43411", "matched_catalogue_name": "Castro de Cuceiro", "matched_distance_m": "6"}}, {"type": "Feature", "geometry": {"type": "Polygon", "coordinates": [[[-7.7790413, 43.1555161], [-7.779011, 43.155529], [-7.7789886, 43.1555487], [-7.7789768, 43.1555728], [-7.778977, 43.1555985], [-7.7789892, 43.1556225], [-7.7790119, 43.155642], [-7.7790424, 43.1556547], [-7.779077, 43.155659], [-7.7791115, 43.1556544], [-7.7791418, 43.1556415], [-7.7791643, 43.1556217], [-7.7791761, 43.1555976], [-7.7791759, 43.155572], [-7.7791637, 43.155548], [-7.779141, 43.1555285], [-7.7791104, 43.1555158], [-7.7790758, 43.1555115], [-7.7790413, 43.1555161]]]}, "properties": {"osm_id": "1521074107", "osm_type": "way", "label_class": "0", "site_class": "mound", "name": "Medoña de Penas do Fro", "confidence": "high", "evidence": "archaeological_site=tumulus", "archaeological_site": "tumulus", "civilization": "", "fortification_type": "", "wikidata": "", "centroid_lon": "-7.77907458", "centroid_lat": "43.15558160", "area_m2": "207.5", "perimeter_m": "51.3", "equivalent_radius_m": "8.1", "circularity": "0.9898", "vertices": "19", "matched_catalogue_id": "wl-neg-neg-es-pba-32437", "matched_catalogue_name": "Medoña de Penas do Fro", "matched_distance_m": "2"}}, {"type": "Feature", "geometry": {"type": "Polygon", "coordinates": [[[-8.79243, 43.2879114], [-8.7925681, 43.287805], [-8.7926178, 43.2876498], [-8.7925588, 43.2874555], [-8.79232, 43.2872534], [-8.7917997, 43.2868278], [-8.7916441, 43.2866843], [-8.7914591, 43.2866521], [-8.7913182, 43.2866716], [-8.7911814, 43.2867702], [-8.7910004, 43.286901], [-8.7909977, 43.2870484], [-8.7910701, 43.2873374], [-8.7911171, 43.2875453], [-8.7912659, 43.2876557], [-8.7914966, 43.2877953], [-8.7918882, 43.2879007], [-8.7920733, 43.2879251], [-8.792304, 43.2879329], [-8.79243, 43.2879114]]]}, "properties": {"osm_id": "1527542104", "osm_type": "way", "label_class": "1", "site_class": "castro", "name": "Castro da Aldeola", "confidence": "medium", "evidence": "site=fortification,civ=celtic", "archaeological_site": "fortification", "civilization": "celtic", "fortification_type": "", "wikidata": "", "centroid_lon": "-8.79177703", "centroid_lat": "43.28738171", "area_m2": "12216.4", "perimeter_m": "425.3", "equivalent_radius_m": "62.4", "circularity": "0.8487", "vertices": "20", "matched_catalogue_id": "wl-pos-pos-es-pba-12795", "matched_catalogue_name": "Croa de Castro/Castro de Aldeola", "matched_distance_m": "6"}}, {"type": "Feature", "geometry": {"type": "Polygon", "coordinates": [[[-8.8723037, 43.306381], [-8.872165, 43.3064266], [-8.8719556, 43.3065255], [-8.8718414, 43.3066007], [-8.8717707, 43.3067333], [-8.8718305, 43.3069926], [-8.8719638, 43.3071667], [-8.8723119, 43.3073053], [-8.8724887, 43.3073389], [-8.8727824, 43.3072597], [-8.8729619, 43.3071687], [-8.8730924, 43.306951], [-8.8730653, 43.3067472], [-8.8729075, 43.306571], [-8.8726328, 43.3064404], [-8.8724914, 43.3063929], [-8.8723037, 43.306381]]]}, "properties": {"osm_id": "1528148503", "osm_type": "way", "label_class": "1", "site_class": "castro", "name": "Castro de Barizo", "confidence": "medium", "evidence": "site=fortification,civ=celtic", "archaeological_site": "fortification", "civilization": "celtic", "fortification_type": "", "wikidata": "", "centroid_lon": "-8.87240404", "centroid_lat": "43.30678721", "area_m2": "8411.2", "perimeter_m": "329.5", "equivalent_radius_m": "51.7", "circularity": "0.9738", "vertices": "17", "matched_catalogue_id": "wl-pos-pos-es-pba-12761", "matched_catalogue_name": "Castro de Barizo", "matched_distance_m": "7"}}, {"type": "Feature", "geometry": {"type": "Polygon", "coordinates": [[[-7.6091912, 42.9096264], [-7.6091607, 42.9096442], [-7.6091392, 42.9096681], [-7.6091289, 42.9096957], [-7.6091307, 42.9097242], [-7.6091444, 42.909751], [-7.6091687, 42.9097733], [-7.6092013, 42.909789], [-7.6092389, 42.9097966], [-7.6092779, 42.9097953], [-7.6093144, 42.9097853], [-7.6093449, 42.9097674], [-7.6093664, 42.9097436], [-7.6093768, 42.909716], [-7.609375, 42.9096875], [-7.6093613, 42.9096607], [-7.6093369, 42.9096384], [-7.6093043, 42.9096226], [-7.6092667, 42.9096151], [-7.6092277, 42.9096164], [-7.6091912, 42.9096264]]]}, "properties": {"osm_id": "1543052361", "osm_type": "way", "label_class": "0", "site_class": "mound", "name": "Mámoa da Pena do Lagarto 2", "confidence": "high", "evidence": "archaeological_site=tumulus", "archaeological_site": "tumulus", "civilization": "prehistoric", "fortification_type": "", "wikidata": "", "centroid_lon": "-7.60924988", "centroid_lat": "42.90970206", "area_m2": "319.5", "perimeter_m": "63.6", "equivalent_radius_m": "10.1", "circularity": "0.9918", "vertices": "21", "matched_catalogue_id": "wl-neg-neg-es-pba-31864", "matched_catalogue_name": "Mámoa da Pena do Lagarto 2", "matched_distance_m": "3"}}, {"type": "Feature", "geometry": {"type": "Polygon", "coordinates": [[[-7.6103051, 42.9099838], [-7.6102771, 42.9100086], [-7.6102589, 42.9100379], [-7.6102515, 42.9100696], [-7.6102557, 42.9101016], [-7.610271, 42.9101318], [-7.6102965, 42.910158], [-7.6103303, 42.9101785], [-7.6103703, 42.9101919], [-7.6104136, 42.9101972], [-7.6104573, 42.9101942], [-7.6104985, 42.9101829], [-7.6105343, 42.9101643], [-7.6105623, 42.9101395], [-7.6105806, 42.9101102], [-7.6105879, 42.9100785], [-7.6105837, 42.9100465], [-7.6105684, 42.9100163], [-7.6105429, 42.9099901], [-7.6105091, 42.9099696], [-7.6104691, 42.9099562], [-7.6104258, 42.9099509], [-7.6103821, 42.9099539], [-7.6103409, 42.9099652], [-7.6103051, 42.9099838]]]}, "properties": {"osm_id": "1543052362", "osm_type": "way", "label_class": "0", "site_class": "mound", "name": "Mámoa da Pena do Lagarto 3", "confidence": "high", "evidence": "archaeological_site=tumulus", "archaeological_site": "tumulus", "civilization": "prehistoric", "fortification_type": "", "wikidata": "", "centroid_lon": "-7.61041512", "centroid_lat": "42.91007044", "area_m2": "584.7", "perimeter_m": "86.0", "equivalent_radius_m": "13.6", "circularity": "0.9943", "vertices": "25", "matched_catalogue_id": "wl-neg-neg-es-pba-31865", "matched_catalogue_name": "Mámoa da Pena do Lagarto 3", "matched_distance_m": "1"}}, {"type": "Feature", "geometry": {"type": "Polygon", "coordinates": [[[-7.6027247, 42.9103448], [-7.6026911, 42.9103568], [-7.6026651, 42.9103765], [-7.6026498, 42.9104015], [-7.6026472, 42.9104288], [-7.6026575, 42.9104551], [-7.6026794, 42.9104773], [-7.6027104, 42.9104926], [-7.6027466, 42.9104993], [-7.6027838, 42.9104964], [-7.6028175, 42.9104844], [-7.6028434, 42.9104648], [-7.6028587, 42.9104398], [-7.6028613, 42.9104124], [-7.6028511, 42.9103861], [-7.6028291, 42.9103639], [-7.6027981, 42.9103486], [-7.6027619, 42.910342], [-7.6027247, 42.9103448]]]}, "properties": {"osm_id": "1543052622", "osm_type": "way", "label_class": "0", "site_class": "mound", "name": "Mámoa da Pena Ancha 1", "confidence": "high", "evidence": "archaeological_site=tumulus", "archaeological_site": "tumulus", "civilization": "prehistoric", "fortification_type": "", "wikidata": "", "centroid_lon": "-7.60275271", "centroid_lat": "42.91041663", "area_m2": "237.1", "perimeter_m": "54.9", "equivalent_radius_m": "8.7", "circularity": "0.9898", "vertices": "19", "matched_catalogue_id": "wl-neg-neg-es-pba-31858", "matched_catalogue_name": "Mámoa da Pena Ancha 1", "matched_distance_m": "4"}}, {"type": "Feature", "geometry": {"type": "Polygon", "coordinates": [[[-7.6024684, 42.9097094], [-7.6024279, 42.9097295], [-7.6023958, 42.9097566], [-7.6023744, 42.9097888], [-7.6023652, 42.909824], [-7.6023686, 42.9098597], [-7.6023846, 42.9098936], [-7.602412, 42.9099232], [-7.6024489, 42.9099467], [-7.6024929, 42.9099624], [-7.602541, 42.9099692], [-7.6025897, 42.9099666], [-7.602636, 42.9099549], [-7.6026765, 42.9099349], [-7.6027085, 42.9099078], [-7.6027299, 42.9098756], [-7.6027392, 42.9098404], [-7.6027357, 42.9098047], [-7.6027198, 42.9097708], [-7.6026924, 42.9097411], [-7.6026554, 42.9097177], [-7.6026114, 42.909702], [-7.6025634, 42.9096952], [-7.6025146, 42.9096977], [-7.6024684, 42.9097094]]]}, "properties": {"osm_id": "1543052623", "osm_type": "way", "label_class": "0", "site_class": "mound", "name": "Mámoa da Pena Ancha 2", "confidence": "high", "evidence": "archaeological_site=tumulus", "archaeological_site": "tumulus", "civilization": "prehistoric", "fortification_type": "", "wikidata": "", "centroid_lon": "-7.60254882", "centroid_lat": "42.90982728", "area_m2": "724.8", "perimeter_m": "95.7", "equivalent_radius_m": "15.2", "circularity": "0.9943", "vertices": "25", "matched_catalogue_id": "wl-neg-neg-es-pba-31859", "matched_catalogue_name": "Mámoa da Pena Ancha 2", "matched_distance_m": "2"}}]}