theme	query	source	title	year	venue	cited_by	is_oa	doi	pdf_url	language	abstract
gallego_mamoas	megalitismo noroeste peninsular necropolis tumular	openalex	The spatial structure of Galician megalithic landscapes (NW iberia): A case study from the Monte Penide region	2019	Journal of Archaeological Science	33	yes	10.1016/j.jas.2019.05.004	https://discovery.ucl.ac.uk/10077897/1/Carrero_Bevan_Lake_2019_final_manuscript.pdf	en	
gallego_castros	poblado fortificado Edad del Hierro Galicia dimensiones	openalex	Las formas de ocupación rural en Hispania. Entre la terminología y la praxis arqueológica	2014	Cuadernos de Prehistoria y Arqueología de la Universidad Autónoma de Madrid	26	yes	10.15366/cupauam2014.40.008	https://revistas.uam.es/cupauam/article/download/106/103	es	En las últimas décadas, el estudio de las formas de ocupación rural ha adquirido un papel protagonista en el marcodel análisis de los paisajes antiguos. En este trabajo expondremos una síntesis sobre las diferentes vías de investigaciónabiertas sobre este asunto, con la finalidad de ofrecer una visualización rápida y eficaz sobre uno de los temasmás complejos que la Arqueología romana tiene hoy en día planteados.Palabras clave: paisaje antiguo, implantación romana, villae, establecimientos rurales, vicus, aglomeraciones secundarias, explotaciones agropecuarias.AbstractThe study of the rural occupation modalities has played a major role within the analysis of ancient landscapes over the last decades. This paper sheds light into current research lines on this field, offering an insight into a most complex issue of Roman Archaeology nowadays.Key words: Ancient landscapes, Roman settlements, villae, rural settlements, vicus, secondary agglomerations, Roman farms.
gallego_castros	poblado fortificado Edad del Hierro Galicia dimensiones	openalex	¿De aldea fortificada a Caput Civitatis? Tradición y ruptura en una Comunidad Castreña del siglo I D.C.: El Poblado de Chao Samartín (Grandas de Salime, Asturias)	2009	Cuadernos de Prehistoria y Arqueología de la Universidad Autónoma de Madrid	21	yes	10.15366/cupauam2009.35.001	https://revistas.uam.es/cupauam/article/download/1179/1142	es	El Chao Samartín es un paraje inmediato al pueblo de Castro, en la localidad asturiana de Grandas de Salime, donde las evidencias de asentamientos estables fortificados se remontan a fines de la Edad del Bronce (tránsito siglos IXVIII a.C.). La ocupación del lugar se prolongó durante la Edad del Hierro hasta bien consumada la implantación romana cuando, durante la segunda mitad del siglo II d.C., un violento seísmo asoló el poblado y precipitó su definitivo abandono.Bajo dominio romano el castro adquiere, en un ambiente militarizado que se prolongará hasta fines del siglo I d.C, la condición de cabecera territorial, tal vez en calidad de caput civitatis. Se suceden en este tipo cambios sustanciales en las fortificaciones y en la trama edificada castreña hasta su consolidación como asentamiento abierto, residencia de grupos sociales preeminentes. Sobre sus ruinas, ya en tiempos altomedievales, se instaló una necrópolis vigente en tiempos de la monarquía asturiana.PALABRAS CLAVE: Castro, ejército, domus, minería aurífera, terremoto.Abstract The Chao Samartin site is located adjacent to the small village of Castro, in the Grandas de Salime Township (Asturias, northern Spain). The site displays evidence of fortified settlements from the Late Bronze Age, in the transition between the 9th and 10th Centuries b.C. Site occupation persisted during the Iron Age, until Roman control was well established. At that time (second half of the 2nd Century a.D.), a violent earthquake destroyed the settlement, triggering its sudden abandonment. The archaeological excavations began in 1990, from this moment on research went on without interruption, as a part of the Navia-Eo Archaeological Director Plan, under guidance and sponsorship of the Ministry of Culture and Tourism of the Principality of Asturias.Roman presence is noticed from the first decades of the 1st century A.D. linked to the arrival of military forces to the settlement. The control and beginning of exploitation of the new conquered territories demanded the participation of the Roman army, which besides being skilful in battles, had the technical ability to direct the massive benefit of the gold mines, to construct the road links and to guarantee the safety of the extracted metal. After the military victory, the organization of the conquered territories demanded the consolidation of regional power centres - Chao Samartín was one of them -which had peripheral control and militarized stations, as Monte Castrelo de Pelou. With the influence of the army, the centenary hillfort will experience its conversion into a relevant administrative centre, in which troops will act as effective agents for the introduction of the new culture.KEY WORDS: Hillfort, roman army, roman house, roman gold mining, earthquake.
gallego_castros	poblado fortificado Edad del Hierro Galicia dimensiones	openalex	La Edad del Bronce en el Noroeste de la Península Ibérica: un análisis a partir de las prácticas funerarias	2010	Trabajos de Prehistoria	19	yes	10.3989/tp.2010.10034	https://tp.revistas.csic.es/index.php/tp/article/download/187/187/191	es	La autora ensaya una nueva interpretación de los mecanismos de negociación del poder y de promoción de la identidad social a partir del análisis de unas prácticas funerarias, cuya existencia ha quedado demostrada en todos los períodos de la Edad del Bronce en el Noroeste de la Península Ibérica, y de la integración de las mismas en los diferentes contextos cronológico-culturales en los que se desenvuelven. En esta extensa área distingue dos grandes tendencias en el tipo y la distribución de las arquitecturas funerarias que asocia a los diferentes modos de interacción y percepción del mundo de las comunidades de este período. Defiende que las necrópolis de sepulturas “opacas” (cistas sin tumuli, sepulturas planas y fosas), localizadas en áreas de importante potencial agrícola y en las inmediaciones de los poblados, fueron construidas por comunidades sedentarias, muy implicadas en actividades agrícolas, con un marcado sentido de la territorialización y un dominio y conocimiento profundo del territorio. En cambio las comunidades conectadas con paisajes montañosos, eventualmente mas subordinadas a las prácticas pastoriles y con modos de vida que implicarían mayor movilidad, serían las responsables de la construcción de estructuras funerarias más visibles, como los monumentos bajo tumuli de tradición megalítica, alejados de los poblados. Defiende durante el Bronce Inicial una ocupación de nuevos territorios y la aparición tanto de una nueva forma de interacción de las comunidades con el medio como nuevos mecanismos de poder y de legitimación sobre el territorio que se materializan, parcialmente, en las prácticas funerarias. Atribuye un papel social a algunos cadáveres, aquellos que tienen ofrendas de cobre y de oro y que están presentes en lugares antiguos y nuevos. A partir del Bronce Medio asume que el cadáver pierde importancia en términos colectivos y que la muerte se vuelve más familiar, transfiriéndose los escenarios de negociación del poder y de la identidad social a otros contextos de acción más conectados con la esfera de los vivos. Pone como ejemplo los lugares de explotación de estaño y de fabricación, manipulación y deposición de artefactos en bronce, los escenarios donde se edifican y se colocan las estatuas-menhires emergentes, grabadas con armas y con nuevos símbolos, y el interior de los poblados. Durante el Bronce Final esta dinámica se acentuaría, aumentando la transformación del cadáver con la consiguiente pérdida de importancia del cuerpo físico, sobre todo en los lugares o períodos en los que los indicios de incineración parecen más usuales. Destaca la mayor relevancia adquirida por los poblados como polos dinamizadores de poder y la aparición de localizaciones en alto, de verdaderos recintos excepcionales, a veces con murallas, en donde las acciones realizadas implicaron la manipulación de varios y diversificados artefactos metálicos, además de materias primas excepcionales y de gran cantidad de recipientes cerámicos singulares. Finaliza preconizando la necesidad de estudios de contingencia que permitan confirmar o refutar estas hipótesis.
gallego_castros	Gallaecia castella oppida romanizacion poblamiento	crossref	Arqueología de La Payunia (Mendoza, Argentina): El poblamiento humano en los márgenes de la agricultura	2006		18		10.30861/9781841719122		en	
gallego_castros	poblado fortificado Edad del Hierro Galicia dimensiones	crossref	Tres para dos. Las formas de poblamiento en la Edad del Hierro del Noroeste Ibérico	2000	Trabajos de Prehistoria	17		10.3989/tp.2000.v57.i1.261			 Se realiza un detallado análisis locacional de los poblados cástrenos de un área de Galicia según una propuesta metodológica apoyada en el empleo de Sistemas de Información Geográfica. Con ello se distinguen dos modelos de situación de los yacimientos, que se corresponden con diferencias en los rasgos formales de los propios castros. Esto permite establecer una secuencia de 'desarrollo cultural' alternativa a las tres fases tradicionales, articulada en una Primera Edad del Hierro bien diferenciada de la aparente continuidad entre la Segunda Edad del Hierro y la época de ocupación romana. Para terminar, tomando como eje argumental datos del yacimiento de Alto do Castro, se discute la opción alternativa de la larga continuidad en la ocupación de un mismo punto y se muestra que no es contradictoria con la secuencia histórica propuesta. Esto permite además valorar la representatividad de los resultados obtenidos en el área elegida. 
gallego_mamoas	medorra arca dolmen Galicia paisaje megalitico	crossref	La monumentalización del Paisaje: percepción actual y sentido original en el Megalitismo de la Sierra de Barbanza (Galicia)	1998	Trabajos de Prehistoria	14		10.3989/tp.1998.v55.i1.317			" El estudio del paisaje como construcción social implica considerar sus dimensiones económicas, territoriales y simbólicas. Sería importante reconstruir cómo fue percibido el espacio natural y social, para lo que se debería construir una Arqueología de la Percepción que tendría entre sus objetivos evaluar el efecto de los rasgos naturales y artificiales del paisaje sobre sus observadores pretéritos. Aquí se propone una estrategia de aproximación basada en el análisis sistemático de los rasgos visuales de los monumentos prehistóricos y en la caracterización de los efectos escénicos y panorámicas relacionadas con ellos. Un examen detallado del patrón de emplazamiento de los megalitos y de sus condiciones de visibilidad y visibilización, permite reconocer regularidades que evidencian una voluntad intencional de remarcar su presencia y provocar artificialmente efectos dramáticos. Así, proponemos aproximarnos a una fenomenología de la percepción prehistórica sin incurrir en soluciones subjetivas.
El estudio se basa en una revisión del megalitismo de la Sierra de Barbanza (NO de la Península Ibérica). Su objetivo final es contribuir al estudio de las estrategias monumentales de configuración de los paisajes culturales en el neolítico europeo, además de aproximarse a la diacronía y proceso de formación de esas tradiciones. "
gallego_castros	poblado fortificado Edad del Hierro Galicia dimensiones	openalex	La metalurgia del hierro en la Asturias castreña: nuevos datos y estado de la cuestión	2006	Trabajos de Prehistoria	13	yes	10.3989/tp.2006.v63.i1.7	https://tp.revistas.csic.es/index.php/tp/article/download/7/7/7	es	Se realiza una revisión de las evidencias de los trabajos siderúrgicos y de los objetos de hierro de los castros asturianos, así como de la relación entre éstos y las posibles zonas de minería. A todo ello se añaden datos inéditos de recientes sondeos efectuados en dos estaciones castreñas del municipio de Teverga así como del estudio sobre el terreno de las áreas de captación de un importante número de yacimientos de la Edad de Hierro. Se proponen unas hipótesis de trabajo sobre las interpretaciones sociales de la paleometalurgia.
gallego_castros	poblado fortificado Edad del Hierro Galicia dimensiones	openalex	Arquitectura como tecnología de construcción de la realidad social	2003	Arqueología de la Arquitectura	13	yes	10.3989/arq.arqt.2003.20	https://arqarqt.revistas.csic.es/index.php/arqarqt/article/download/20/20	es	Se desarrolla textualmente el enfoque arqueotectónico reflejado en el póster homónimo presentado en el I Seminario Internacional de Arqueología de la Arquitectura con el que se pretendía mostrar gráficamente la potencialidad y aplicabilidad al registro arqueológico de determinadas analíticas y metodologías desarrolladas en el ámbito interdisciplinar de la Arqueología de la Arquitectura. Partiendo de una propuesta teórica concreta definida a partir de la Arqueología del Paisaje postprocesual, abordamos el análisis sintáctico del espacio doméstico a nivel de poblado como herramienta básica para alcanzar una definición de modelos o patrones de organización espacial que fundamenten una interpretación sociológica de las formaciones socioculturales del pasado. En este sentido mostramos un ejemplo práctico concreto: la aplicación de analíticas espaciales a un poblado fortificado galaicorromano prácticamente excavado en extensión permitirá esbozar el modelo de espacialidad vigente en ese período ahondando en la problemática de la estabilidad y pervivencia de tradiciones arquitectónicas de la Edad del Hierro conjuntamente con el factor de cambio y ruptura impuestos por la romanización del NW peninsular.
gallego_castros	poblado fortificado Edad del Hierro Galicia dimensiones	openalex	Arqueología de la ruptura colonial: mouros, chullpas, gentiles y abuelos en España, Bolivia y Chile en perspectiva comparada	2019	Estudios Atacameños Arqueología y antropología surandinas	12	yes	10.4067/s0718-10432018005001402	https://scielo.conicyt.cl/pdf/eatacam/n60/0718-1043-eatacam-01402.pdf	en	This paper analyzes the impact of colonialism on the ways in which subaltern populationsestablish relations of sameness and otherness with their ancestors and with archaeologicalvestiges in their surroundings. From a perspective that questions the dominant dichotomousand structural interpretation that conceived the logic of otherness as a product of intrinsiccommunity dynamics, this study reveals the central role of historically specific powerrelations in the articulation of identity configurations. This is revealed in the comparativeanalysis of the northwest region of the Iberian Peninsula, the Bolivian highlands, and theChilean Atacama region. The populations of the three regions present animistic beliefs inmouros, chullpas, gentiles and abuelos, which they associate with archaeological remains undera common logic. Starting with the Christian struggle against paganism in Europe and theextirpation of idolatry in America, this article demonstrates how enlightened modernity,nationalism and contemporary multiculturalism have led to different configurations ofpatterns of identity and alterity, as well as alternative notions of ancestry in each case.Archaeology has played a prominent role in these processes, subordinating local conceptionsof otherness and partaking in their heritagisation.
gallego_mamoas	megalitismo noroeste peninsular necropolis tumular	openalex	Landscape and Astronomy in Megalithic Portugal: the Carregal do Sal Nucleus and Star Mountain Range	2013	Papers from the Institute of Archaeology	12	yes	10.5334/pia.405	https://student-journals.ucl.ac.uk/pia/article/470/galley/618/download/	en	Central Portugal, delimited by the Douro river to the north and the Mondego to the south, is the second densest region of megalithic monuments in the country. The Neolithic archaeological record indicates seasonal transhumance between higher pastures in the summer and lower grounds in the winter. The monuments are found in lower ground and it has been suggested that they were built during the winter occupation of their surroundings. The astronomical orientation of their entrances lends further support to this hypothesis. A recent survey of the orientation of the chambers and corridors of these dolmens, conducted by the author, found good agreement with prior surveys, but also demonstrated that other interpretations are possible. This paper presents an update on the survey, including extra sites surveyed in the spring of 2011, as well as the GIS confirmation of all horizon altitudes that couldn’t be empirically measured. The megalithic nucleus of Carregal do Sal, on the Mondego valley, is then looked at in more detail. It is found that there is a preference for the orientation of dolmens towards Star Mountain Range in-line with the topographic arguments of landscape archaeology. In addition, it was found that the topography also marks the rise of particular red stars, Betelgeuse and Aldebaran, during the period of megalithic building, at the onset of spring marking the transition from low ground to the high pastures. This hypothesis finds further support from toponymic folktales that explain the origin of the name of the mountain range.
gallego_mamoas	megalitismo noroeste peninsular necropolis tumular	openalex	Modelando dinámicas de movilidad y visibilidad en los paisajes megalíticos gallegos. El caso del Monte de Santa Mariña y su entorno (Comarca de Sarria, Lugo)	2018	Trabajos de Prehistoria	11	yes	10.3989/tp.2018.12216	http://tp.revistas.csic.es/index.php/tp/article/download/783/807	es	Se propone un estudio de dos formas tradicionales de entender la relación del megalito con el paisaje, como son la movilidad natural por el territorio y la visibilidad del monumento con respecto al paisaje en el que se emplaza. Para ello, se aplican una serie de análisis fundamentados en los Sistemas de Información Geográfica y la Estadística Espacial sobre el conjunto tumular del Monte de Santa Mariña (Comarca de Sarria, Lugo) y su entorno (NO de la Península Ibérica). Partiendo de la creación de un modelo de simulación de desplazamiento natural y del estudio de la visibilidad de dicho conjunto, se comprueba, en primer lugar, la importancia de las vías potenciales de tránsito como variable locacional, así como el impacto visual que los monumentos juegan en relación con estas vías. A continuación, se analiza la prominencia visual de los túmulos megalíticos con respecto a su entorno inmediato, pudiéndose identificar la existencia de tendencias comunes en los distintos conjuntos tumulares en relación con el tamaño de las cuencas visuales. Los resultados sugieren una importante relación entre los túmulos y el tránsito natural por el territorio, si bien se detectan tendencias desiguales en lo que al impacto visual del megalito se refiere, tanto con respecto a la relación con otros túmulos como a la totalidad del territorio en el que se emplazan. Ello permite establecer un punto de partida necesario para la revisión de los planteamientos teóricos formulados para el conjunto de Galicia.
gallego_castros	poblado fortificado Edad del Hierro Galicia dimensiones	openalex	Asentamientos polinucleares y resiliencia urbana entre el Bronce Final y la Edad del Hierro en el Sureste ibérico: nuevos datos a partir del Castellar de Librilla	2020	Complutum	10	yes	10.5209/cmpl.71650	https://revistas.ucm.es/index.php/CMPL/article/download/71650/4564456554568	es	In the last phase of the Late Bronze Age, a series of hilltop settlements, characterized by a first dispersed planning, were created in the Iberian southeast. This planning turned into a polynuclear urbanism system and a significant socio-political organisation that continues during the Iron Age. In this article, we examine the development of this type of occupation pattern on different sites throughout the Segura basin and we present new data from the site of Castellar de Librilla to deepen in the development of its intra-urban spatial structure. The new habitat areas detected in recent archaeological surveys, some of them delimited by important defensive systems, allow us to observe the transformations in its internal configuration from the Late Bronze Age to Iberian Period. These episodes of urban restructuring show the adaptation processes that these polynuclear settlements developed within the framework of the changing territorial and cultural dynamics of the region during the 1st millennium BC.
gallego_castros	poblado fortificado Edad del Hierro Galicia dimensiones	openalex	Comercio mediterráneo en el castro de Montealegre (Pontevedra, Galicia). Siglo II a.C. – inicios del s. I d. C.	2007	Archivo Español de Arqueología	10	yes	10.3989/aespa.2007.v80.27	https://aespa.revistas.csic.es/index.php/aespa/article/download/27/27/27	es	El castro de Montealegre, en la costa de Galicia, ha proporcionado en recientes excavaciones un interesante conjunto de importaciones mediterráneas, de mediados del siglo II a.C. a inicios del siglo I d.C. principalmente. El comercio tardopúnico y romano preaugusteo en el noroeste ibérico era hasta hace poco escasamente conocido, frente a las relaciones comerciales del período julio-claudio. Los objetos que llegaron a este finis térrea incluyen ánforas tardopúnicas (Mañá C2b), ibéricas (Pellicer D) e itálicas (Dressel 1), kalathoi de Cataluña y cerámica común, entre otras cosas. El período julio-claudio está asimismo bien representado por numerosas ánforas, fundamentalmente de la Bética (Dressel 2/4, Haltern 70, Dressel 7/11). La variedad y cantidad de importaciones desde mediados del siglo II a.C. en adelante demuestra la gran integración de la costa galaica en las redes mediterráneas desde antes de la conquista romana.
gallego_castros	poblado fortificado Edad del Hierro Galicia dimensiones	openalex	El desarrollo de tecnologías para la gestión del Patrimonio Arqueológico: hacia un modelo de Evaluación de Impacto Arqueológico	1999	Trabajos de Prehistoria	10	yes	10.3989/tp.1999.v56.i1.287	https://tp.revistas.csic.es/index.php/tp/article/download/287/287/291	es	Este texto plantea la necesidad de establecer procedimientos y convenciones de práctica arqueológica para resolver los problemas y demandas en la gestión actual del Patrimonio Arqueológico. En concreto se presenta el programa CAPA (criterios y convenciones en Arqueología del Paisaje y Patrimonio Arqueológico) en vía de realización por nuestro Grupo de Investigación. El objetivo de este programa es contribuir al desarrollo de sistemas y metodologías de gestión y evaluación del Patrimonio Arqueológico y llegar a componer un Manual de Usos Internos que nuestro grupo aplicaría en los diferentes proyectos de investigación y de asistencia técnica. Como ejemplo de estos desarrollos, se considera la Evaluación de Impacto Arqueológico y se propone un esquema metodológico para la realización de este nuevo tipo de práctica arqueológica, que forma parte importante de la Evaluación de Impacto Ambiental.
gallego_castros	poblado fortificado Edad del Hierro Galicia dimensiones	crossref	El sitio fortificado del Castelinho (Felgar, Torre de Moncorvo, Portugal). Estudio preliminar de su diacronía y las plaquetas de piedra con grabados de la Edad del Hierro The fortified settlement of Castelinho (Felgar, Torre de Moncorvo, Portugal). First Approach to its Diachrony and the Iron Age Engraved Stone Plaquettes	2012	Complutum	9		10.5209/rev_cmpl.2012.v23.n1.39536			 In this text we present the results of the first archeological intervention in the Iron Age site of Castelinho. The uniquenessof the site, demonstrated by the presence of structures as well as an impressive assemblage of engraved stone plaquettes,has made the site difficult to characterize considering the regional context. The site, situated on a high point withcommanding view of the surrounding area and enclosed by a massive “defensive system” of ditches and walls, could beconsidered as a Hillfort (castro) in the classic sense of the word. After a year of archaeological work in this importantsite we will address here several hypotheses in connection to the diachronic evolution of the hillfort, and the exceptionalcollection of portable art unearthed. 
gallego_castros	cultura castrexa arquitectura defensiva noroeste	openalex	El primer milenio a.C. en el área gallega: Génesis y desarrollo del mundo castreño alaluz de la arqueología	1992	Complutensian Scientific Journals (Complutense University of Madrid)	9	yes	10.5209/cmpl.31193	http://revistas.ucm.es/index.php/CMPL/article/view/CMPL9292120373A	es	En la investigacion arqueologica de Galicia, la escasez de datos fiables exige prudencia para elaborar teorias e hipotesis.-- Partiendo de la Edad del Bronce, la aparicion del fenomeno castreno se relaciona conla aparicion de los primeros asentamientos estables en el N.O. peninsular, asociados al progresivo uso del hierro y de artefactos de Bronce Ternario.-- Pero los datos son escasos hasta cerca del cambio de era, cuando la conquista romana supone un gran desarrollo en todos los sentidos, con los mayores poblados y una fase de apogeo que concluye en Epoca Flavia.-- La aparicion y desarrollo del fenomeno castreno en Galicia, dotada de evidente dinamismo y perceptividad, parece un proceso autoctono, aunque inscrito en el marco de las tierras occidentales de la Peninsula.
gallego_mamoas	megalitismo noroeste peninsular necropolis tumular	openalex	Monumentalidad funeraria del Bronce en el sur de la península ibérica: la necrópolis de La Orden Seminario (Huelva).	2020	SPAL Revista de Prehistoria y Arqueología de la Universidad de Sevilla	9	yes	10.12795/spal.2020.i29.01	https://doi.org/10.12795/spal.2020.i29.01	es	"Resumen: La permanencia del megalitismo durante la Edad del Bronce en la pennsula ibrica es uno de los elementos destacados en las investigaciones recientes, interpretndose la continuidad de las arquitecturas y de las prcticas funerarias pretritas de diversas formas. La excavacin microespacial, el anlisis arquitectnico de las tumbas, el estudio antropolgico y el establecimiento de la cronologa de la actividad funeraria de las necrpolis de La Orden-Seminario ha posibilitado caracterizar la existencia de un monumentalismo funerario desarrollado durante la Edad del Bronce Antiguo, c 2300-1900 cal BC. Esta monumentalidad funeraria se sustent en la reapropiacin de las necrpolis calcolticas para la implantacin de tumbas individuales en las cmaras de las sepulturas colectivas. Estas tumbas (covachas, fosas, cmaras con suelos nivelados y ""cistas"" con cubriciones tumulares) se caracterizan por la perpetuacin de esquemas conceptuales de la tradicin megaltica, presentando elementos arquitectnicos, tcnicas constructivas y materiales que propiciaron la perceptibilidad visual, la perdurabilidad y la recreacin de una memoria en torno a los espacios mortuorios ancestrales. En su interior se enterraron individuos de diferente sexo y edad, acompaados de diversos ajuares muebles que representan las diferencias"
gallego_castros	poblado fortificado Edad del Hierro Galicia dimensiones	crossref	Romanización y Arqueozoología en el limes del Imperio. El caso de Lusitania entre la Edad del Hierro y el Bajo Imperio (s. VIII a.C.-V d.C.)	2017	Archaeofauna	8		10.15366/archaeofauna2017.26.003			 This study offers a synthesis of zooarchaeological studies dating from the Iron Age and the Roman period in the Southwest of the Iberian Peninsula. Our objective is to characterize husbandry practices and meat diet in this territory and time frame, and to analyse whether any change occurred after the Roman conquest. The results show a great diversity and continuity in husbandry and meat diet during the time period analysed, as well as a very high consumption of red deer. 
gallego_castros	poblado fortificado Edad del Hierro Galicia dimensiones	openalex	De la caverna al lugar fortificado: una mirada a la edad del bronce en el territorio Astur-Cantábro	2011	Repositori UJI (Universitat Jaume I)	8	yes		http://hdl.handle.net/10234/46734	es	Without a clearly materialized prior Copper Age, the evolution and peculiarities of the Bronze Age in Asturias and Cantabria is marked by its peripheral location and the weight of the tumultuous terrain of a territory resting between the mountains and the ocean. A sparsely dispersed, barely nucleated population has determined its scant archaeological visibility, as substantiated in many cases by sketchy evidence of ancient cave habitats. Copper metallurgy constitutes the essential channel for information, particularly during the Early Bronze Age, although the nature, extent and diversity of the findings outline clear-cut regional differences. The presence of well-documented major mining works (the Aramo range and El Milagro) are consistent with such asymmetrical situations, highlighting the predominance of metal products in the space determined by the Nalon-Besaya watershed, where copper veins and copper derivatives occur more abundantly. The traditions and relations of cultural continuity are expressed both in the setting of any such findings and in their realisation, enclaves like the ancestral stone idol of Pena Tu (Asturias) and the monumental complex of megalithic origin in Sejos (Cantabria) reflect both the link with the Neolithic and the persistence of a certain structure in the territorial domain as well as its new cultural patterns and the role of their promoters. A review of the different examples of material remains espied and the processes of change and resistance to said processes encourage the interpretation of differentiated processes of development which were more pronounced during the Late Bronze Age, when Western Asturias appears to have been the epicentre of greater dynamism. This area is the most widely researched to date and, from the reference date of 800 BC onward, acted as the focal point for the earliest forms (the “acropolises”) of fortified villages or hill forts in a process representative of political centrality.
gallego_mamoas	megalitismo noroeste peninsular necropolis tumular	crossref	Monumentos y petroglifos: la construcción del espacio en las sociedades constructoras de túmulos del Noroeste peninsular	1995	Trabajos de Prehistoria	8		10.3989/tp.1995.v52.i1.430			 El objetivo de este trabajo es realizar una aproximación a la construcción del espacio en las sociedades prehistóricas del Noroeste peninsular, desde la perspectiva de la Arqueología del Paisaje. Para ello hemos procedido al análisis del emplazamiento de los monumentos tumulares en tres zonas del occidente gallego, aplicando un modelo convencional que prima cuatro factores de vinculación que determinan el emplazamiento: las líneas naturales de desplazamiento, los elementos naturales, la tradición y los lugares de asentamiento de los constructores de túmulos. Por otra parte, hemos podido observar la existencia de una relación significativa entre los túmulos y los petroglifos, lo que nos ha llevado a definir un nuevo factor de emplazamiento que parece determinante en la construcción del espacio y que viene dado por los grabados al aire libre. 
gallego_castros	poblado fortificado Edad del Hierro Galicia dimensiones	crossref	Depósito funerario y recinto fortificado de la Edad del Bronce en el Castro del Chao Samartín: argumentos para su datación	2003	Trabajos de Prehistoria	7		10.3989/tp.2003.v60.i2.86			 El castro de Chao Samartín, en el occidente de Asturias, remonta su condición de asentamiento fortificado a finales de la Edad del Bronce. Durante el siglo VIII a.C. defensas monumentales delimitaban un recinto en el que se alzaba, en posición principal, una cabaña de grandes dimensiones de la que procede un interesante repertorio de materiales metálicos fabricados en bronce. Junto a la puerta de acceso al recinto, al pie de la fortificación, se instaló una pequeña cista que contenía el cráneo de una mujer joven. Este artículo presenta las nuevas dataciones que permiten establecer la antigüedad del depósito y su contextualización crono-arqueológica con el establecimiento del Bronce Final. 
gallego_castros	poblado fortificado Edad del Hierro Galicia dimensiones	openalex	Siglo y medio de investigaciones: estado actual de la Arqueología de época antigua en Navarra	2013	Cuadernos de Arqueología de la Universidad de Navarra	7	yes	10.15581/012.21.378	https://revistas.unav.edu/index.php/cuadernos-de-arqueologia/article/download/378/184	es	El presente artículo analiza cuáles han sido las etapas y los ritmos de la historiografía arqueológica en Navarra de la Edad del Hierro y de la Época Romana durante los últimos 150 años con el fin de evaluar el estado actual de su investigación. También evalúa sus aciertos y desatinos con el fin de hacer una prospectiva sobre la investigación arqueológica de estas épocas de cara al diseño de un posible planteamiento estratégico de futuro de la misma.
gallego_castros	poblado fortificado Edad del Hierro Galicia dimensiones	openalex	Arqueología, folklore y comunidades locales: los castros en el medio rural asturiano	2011	Complutum	7	yes	10.5209/rev_cmpl.2011.v22.n1.8	https://revistas.ucm.es/index.php/CMPL/article/download/36785/35615	es	In this paper we reflect on the relationship between archaeologists and local communities in rural Europe, seeking to review the history and possibilities of attention to oral stories of the folklore with archaeological themes. We analyze the specific case of the investigation on the Asturian Iron Age. We review the background of such approaches and we show the practical applications that focussing on oral history can contribute to archaeological research. At the same time, we explore some possible ways in which this dialogue could revert to local communities.
gallego_castros	poblado fortificado Edad del Hierro Galicia dimensiones	openalex	Más allá de los castella tutiora: la ocupación de asentamientos fortificados en el noroeste peninsular (siglos IV-VI)	2021	Gerión Revista de Historia Antigua	6	yes	10.5209/geri.78125	https://revistas.ucm.es/index.php/GERI/article/download/78125/4564456559124	es	The Late Roman occupation of northwestern Iberian hill-forts is a phenomenon which, even if recognised at length, has rarely been tackled in detail. This is due to a historiography that traditionally prioritised those interpretations from the perspective of the long duration or those regarding the paradigm of the castella tutiora from Hydatius’ writings. In this paper we propose an exhaustive revision of these contexts to pinpoint the setbacks and possibilities of those traditional interpretations. Thus, we will suggest acontextual and stratigraphical approach in order to define the complexity of the phenomenon, suggesting as a hypothesis a social interpretation which focus on the diversity of historical processes that occurred by the end of the Western Roman Empire.
gallego_castros	Gallaecia castella oppida romanizacion poblamiento	crossref	El poblamiento en el interior de la Gallaecia entre el final del Imperio Romano y la Alta Edad Media: nuevos datos, nuevas propuestas	2020	Studia Historica. Historia Medieval	6		10.14201/shhme2020382155187			 Tradicionalmente, el noroeste peninsular en época altomedieval se había presentado en términos de excepcionalidad, como un territorio con características particulares y diferenciadas del resto de la Península Ibérica. Esta presunción generó algunos problemas en el análisis de la transformación del sistema de poblamiento entre el fin del Imperio Romano y la Alta Edad Media. La incorporación de nuevos registros, sobre todo aquellos provenientes de la arqueología comercial y de algunos proyectos de investigación específicos, están permitiendo no solo reconocer algunos importantes fenómenos, en términos de poblamiento, similares a otros territorios peninsulares, como la emergencia de la aldea altomedieval, sino también reconsiderar otros, como el papel de los asentamientos fortificados en altura. En este trabajo se presentan algunas reflexiones e hipótesis sobre la transformación del poblamiento en el interior de Gallaecia en este período a partir de los nuevos datos arqueológicos disponibles. 
gallego_castros	poblado fortificado Edad del Hierro Galicia dimensiones	openalex	Avance sobre el estudio de la necrópolis medieval del Chao Samartín en Castro (Grandas de Salime, Asturias)	2008	IEEE Transactions on Signal Processing	5	no			es	Resumen: El Chao Samartin es un paraje inmediato al pueblo de Castro, en la localidad asturiana de Grandas de Salime, donde las evidencias de asentamientos estables fortificados se remontan a finales de la Edad del Bronce. La ocupacion del lugar se prolongo durante la Edad del Hierro hasta bien consumada la implantacion romana, cuando, durante la segunda mitad del siglo ii d. de C., un violento seismo asolo el poblado y precipito su definitivo abandono. Por el momento, el registro arqueologico indica un largo hiato en la utilizacion del Chao Samartin, hasta que a partir del siglo viii d. de C., en tiempos medievales y coincidiendo con los albores de la monarquia asturiana, se constata el expolio sistematico de las ruinas del poblado castreno y osterior desarrollo de un espacio funerario en torno a la mas notable construccion de epoca romana, una domus del siglo i d. de C. ricamente ornamentada con estucos y pinturas murales. En este articulo se reflexiona acerca del significado ideologico que animo, desde la Prehistoria, la seleccion de determinados emplazamientos como lugar de habitacion y de como su profundo arraigo en la mentalidad popular se proyecta a lo largo de los siglos para seguir individualizandolos ritualmente en el paisaje mediante diversos mecanismos. Palabras clave: castros, paleodemografia, tipologia funeraria, carbono 14, geografia  sagrada, marcadores de estres. Abstract: The Chao Samartin site is located adjacent to the small village of Castro, in the Grandas de Salime Township (Asturias, northern Spain). The site displays evidence of fortified settlements from the Late Bronze Age, in the transition between the 9th and 10th centuries b.C. Site occupation persisted during the Iron Age, until Roman control was well established. At that time (second half of the 2nd Century a.D.), a violent earthquake destroyed the settlement, triggering its sudden abandonment. Current archaeological data display a prolonged hiatus in site activity after this event, until the 8th century a.D. At this moment, a systematic process of extraction and re-utilization of site materials is detected, followed by the establishment of a Medieval necropolis. The new funerary space flanks the most prominent Roman structure at Chao Samartin, a domus displaying rich ornaments and mural paintings dated in the 1st century a. D. The present study discusses the ideological components underlying the repeated election of certain locations, such as Chao Samartin, as occupation areas in a process spanning from Prehistory. The symbolic meaning of these locations persists along the ages, through their successive and repeated individualization by the local populations through different mechanisms. As a matter of fact, the raison d’etre of the Asturian castra (hillforts) has an ideological and symbolic dimension transcending the mere military and defensive advantages provided by their emplacement and fortifications. This dimension explains the persistence of their toponyms in the local cultural traditions, their adoption by the Medieval Catholic Church as liturgical landmarks or, in sum, their relevance as primary references in what has been termed as the Sacred  Geography of Asturias. This symbolic significance is not an exclusive trait of Asturian hillforts. The sepulcher attributed to Apostle St. Jacob in the neighboring Galicia, whose discovery set the foundation of St. Jacob’s route of pilgrimage, is located precisely in a hillfort. A comprehensive description of the Chao Samartin Medieval necropolis is presented, including location and spatial distribution of the burials, as well as burial typologies. The excavated burials can be divided into two main categories, depending on whether they are encased in a complete stone structure, or just display a simple stone cover. These typologies can be sub-divided into different subcategories, based on masonry features or the biological profile or number of individuals sharing the burial. The study examines th
gallego_castros	poblado fortificado Edad del Hierro Galicia dimensiones	openalex	El uso de las evidencias materiales en la investigación de la Cultura Celtibérica: la zona arqueológica de El Ceremeño (Guadalajara, España)	2008	Trabajos de Prehistoria	5	yes	10.3989/tp.2008.v65.i1.137	https://tp.revistas.csic.es/index.php/tp/article/download/137/138/140	es	Los estudios sobre la cultura celtibérica han avanzado notablemente en los últimos años debido tanto a nuevos planteamientos, como al hallazgo de nuevos enclaves que están proporcionando importante información arqueológica, hasta hace poco tiempo deficitaria. Entre ellos, el castro de El Ceremeño y su necrópolis asociada se han convertido en una de las referencias más significativas de esta cultura. En el presente trabajo se subraya la necesidad de analizar en profundidad, dentro del marco más general de la cultura celtibérica meseteña, los datos y fechas radiocarbónicas allí obtenidas para evitar desenfoques y sesgos en su interpretación.
gallego_castros	poblado fortificado Edad del Hierro Galicia dimensiones	openalex	Las pilas del castro de Santa Mariña de Maside (Ourense ): hacia una tipología de los lugares con función ritual en la Edad del Hierro del NW de la Península Ibérica	2013	Cuadernos de Estudios Gallegos	4	yes	10.3989/ceg.2013.126.01	https://estudiosgallegos.revistas.csic.es/index.php/estudiosgallegos/article/download/352/361/360	es	En este artículo pretendemos detenernos con cierto detalle en las pilas que aparecen en contextos de castros de cara a evaluar su posible función religiosa. Nuestro interés se centrará en el castro de Santa Mariña de Maside (Ourense), donde existen varias rocas con pilas rectangulares y rebajes de distintos tipos. A través de la comparación con otros sitios similares intentaremos acercarnos a una tipología de los lugares con función ritual en la Edad del Hierro. [gl] Neste artigo pretendemos deternos con certo detalle nas pías que aparecen en contextos de castros de cara a avaliar a súa posible función relixiosa. O noso interese centrarase no castro de Santa Mariña de Maside (Ourense), onde existen varias rochas con pías rectangulares e rebaixes de distintos tipos. A través da comparación con outros sitios similares intentaremos achegarnos a una tipoloxía dos lugares con función ritual na Idade do Ferro.
gallego_castros	poblado fortificado Edad del Hierro Galicia dimensiones	openalex	¿Enterramientos tumulares en la edad del Bronce? Nuevas evidencias para el Noroeste	1993	Espacio Tiempo y Forma Serie I Prehistoria y Arqueología	4	yes	10.5944/etfi.6.1993.4584	http://revistas.uned.es/index.php/ETFI/article/download/4584/4423	es	-
gallego_castros	poblado fortificado Edad del Hierro Galicia dimensiones	openalex	Arquitectura defensiva en el Castro de Castromaior (Lugo). Análisis de las técnicas constructivas en el acceso al recinto central del poblado	2011	Arqueología de la Arquitectura	4	yes	10.3989/arqarqt.2011.10017	https://arqarqt.revistas.csic.es/index.php/arqarqt/article/download/127/123/124	es	Se presenta un análisis de técnicas constructivas en el castro prerromano de Castromaior (Lugo), donde se utiliza la metodología arqueológica desde un punto de vista analítico, a través de la excavación sistemática, para llegar a una reconstrucción hipotética de uno de los accesos al poblado. La lectura estratigráfica y la excavación han proporcionado suficientes datos para poder diferenciar fases constructivas. Tras una breve presentación del yacimiento se analizarán los resultados a nivel arqueológico, centrando el estudio en la arquitectura de las estructuras de delimitación. Una vez analizados los resultados, se proyecta una reconstrucción de la zona de entrada. Este pequeño estudio presenta una nueva visión de la edilicia castreña en el noroeste peninsular enfocada desde el punto de vista de la arquitectura de delimitación.
gallego_castros	poblado fortificado Edad del Hierro Galicia dimensiones	openalex	Ámbitos funerario y doméstico en la Prehistoria del NO. de la Península Ibérica	1993	LA Referencia (Red Federada de Repositorios Institucionales de Publicaciones Científicas)	4	yes		http://hdl.handle.net/10347/24599	es	"Monumentos funerarios de tipo tumular están documentados en gran número en Galicia y Norte de Portugal, entre fines del IVo y la primera mitad del IIo milenio ac. Aunque sus características cambiaron a lo largo del tiempo, ocuparon siempre un lugar visible en el paisaje. Por el contrario, los lugares de habitación, bien abrigos rocosos o asentamientos al aire libre, tuvieron un carácter efímero y nunca destacaron en el paisaje. Esa tendencia continuó hasta el Bronce Final, cuando comenzaron a emerger asentamientos fortificados y de carácter estratégico, al tiempo que los monumentos funerarios aparentemente desaparecieron por completo. Así, construcciones monumentales dedicadas a los vivos, habrían reemplazado a las anteriormente dedicadas a los muertos. Sin embargo, ello podría no ser una tendencia generalizada, pues en áreas interiores del NO. donde el habitat permanente parece ser algo más tardío, o en regiones vecinas como Asturias, donde el ""vacío habitacional"" continúa incluso hasta la Conquista Romana, los monumentos funerarios tumulares podrían haberse prolongado más que en el resto"
gallego_castros	poblado fortificado Edad del Hierro Galicia dimensiones	openalex	Arquitecturas de barro y madera prerromanas en el occidente de Asturias: el Castro de Pendia	2012	Arqueología de la Arquitectura	4	yes	10.3989/arqarqt.2012.10001	https://arqarqt.revistas.csic.es/index.php/arqarqt/article/download/141/135/136	es	El castro de Pendia es un recinto fortificado de modestas dimensiones situado en el occidente de Asturias, que fue excavado en 1941 por A. García y Bellido y J. Uría Ríu. El caserío exhumado mostró un panorama arquitectónico homogéneo, en el que predominaban las construcciones pétreas de planta circular o rectangular con las esquinas redondeadas. La aparición durante la campaña de excavación del año 2006 de un conjunto de fragmentos de barro en los que se aprecian improntas de madera, asociados a un horizonte de carbones datado en la II Edad del Hierro, dieron pie a un estudio de las arquitecturas perecederas en esta comarca cuyos primeros resultados se presentan en este trabajo. En él se aborda, además de la descripción de los hallazgos y su contexto estratigráfico, un repaso al estado actual del conocimiento de las construcciones en materiales perecederos en el Noroeste peninsular, así como los materiales y técnicas constructivas empleadas.
gallego_castros	poblado fortificado Edad del Hierro Galicia dimensiones	openalex	Arroyo de las Almas (La Fregeneda, Salamanca): un nuevo conjunto con arte rupestre en la cuenca del Duero	2019	Complutum	4	yes	10.5209/cmpl.66333	https://revistas.ucm.es/index.php/CMPL/article/download/66333/4564456552665	es	The open-air rock art site of Arroyo de las Almas, in the municipality of La Fregeneda (Salamanca), was discovered by the authors of this text in September 2015. The survey and documentation work carried out in the months following the first discoveries, with the aim of getting to know the site in a precise manner, led us to new and relevant artistic evidences, both Palaeolithic and Postpalaeolithic. As a result of these archaeological works, four different engraved settings have been distinguished in the site, located in the stream and in several of its main tributaries, with 24 schist rocks decorated with approximately 600 engraved motifs. The aim of the present text is to provide a detailed description of the geomorphological and landscape environment of this new ensemble, along with a first and general introduction of its graphic repertoire for each of the four cultural and chronological registered periods: Upper Palaeolithic, Late Prehistory, Iron Age and Modern Age.
gallego_castros	poblado fortificado Edad del Hierro Galicia dimensiones	openalex	Identifying major phases in the use of land, energy and changing landscapes by agrarian societies (7,000 cal BP-Present) in Cantabrian Spain, based on cultural changes and anthropogenic signals	2024	Frontiers in Environmental Archaeology	4	yes	10.3389/fearc.2024.1339172	https://www.frontiersin.org/articles/10.3389/fearc.2024.1339172/pdf?isPublishedV2=False	en	Introduction Enacting transitions toward more sustainable management and use of land, energy, and natural resources poses multiple challenges for human societies. Such transitions have been a constant throughout human history and therefore there is a need to learn from them and apply that knowledge to current land-use policies and management. Significant human impact on landscape and environment in Cantabrian Spain has been documented in alignment with the Neolithization (ca. 7,000 cal BP). While the classic approach of identifying cultural phases based on historical and archaeological data has been extensively studied, much less is understood on how such phases are dependent upon increasing anthropogenic influence on the environment. Methods Cantabrian Spain is well-known for its long mining history. Key processes historically shaping landscapes in the region include the implementation of mining/metallurgy industries and extraction of forest resources. These historical processes were characterized, respectively using heavy metal pollution contents (Hg, Zn, Cd, As, Ni, REE, Pb, and 206 Pb/207 Pb) and total arboreal pollen percentages in peat bogs, providing global trends of human impact on the environment. These trends were then compared to climate (temperature and precipitation) and natural vegetation evolution modeling through time. Results Results show seven phases of major human impact on the environment: (1) the Copper phase ca. 4,400–4,100 cal BP, (2) the Middle Bronze phase ca. 3,500–3,150 cal BP, (3) the Iron phase ca. 2,800–2,500 cal BP, (4) the Roman phase ca. 2,200–1,750 cal BP, (5) the Medieval phase ca. 1,250–1,000 cal BP, (6) the Colonial phase ca. 650–400 cal BP, and (7) the Industrial phase ca. 150 cal BP-Present. Discussion Four phases are tightly related to substantial changes in land use and subsistence strategies: (1) Production, with the appearance of productive economies during the Neolithic, (2) Specialization, with the appearance of specialized activities and trade during the Middle Bronze phase, (3) Urbanization, with the first urban centers during the Roman phase, and (4) Globalization, with worldwide colonialism and capitalism economies during the Colonial phase.
gallego_castros	castros Trasancos Ferrolterra arqueologia	crossref	Arqueologia com Sentidos: Uma Introdução à Arqueologia Sensorial	2016	Revista Arqueologia Pública	4		10.20396/rap.v9i4.8643516			 Somos seres encorpados, sendo assim, nossa experiência do dia a dia é uma experiência sensorial. Captamos as informações do mundo através dos sentidos. Cores, texturas, aromas, paladares, a sensação de movimento, de calor, de peso, tudo nos é apresentado através dos sentidos, sendo assim, entender como concebemos historicamente os sentidos nos permite entender como concebemos o mundo à nossa volta. A Arqueologia Sensorial busca entender como através da experiência sensorial com a materialidade, construímos nossas histórias, identidades, políticas, cultura e memórias.  
gallego_mamoas	megalitismo noroeste peninsular necropolis tumular	openalex	O grupo de Tumuli da Casinha Derribada (Conselho de Viseu): resultados preliminares da escavaçõa arqueológica dos monumentos 3, 4 e 5	1998	Conimbriga Revista de Arqueologia	4	yes	10.14195/1647-8657_37_1	http://digitalis-dsp.uc.pt/bitstream/10316.2/45403/1/O_grupo_de_Tumuli_da_Casinha_Derribada.pdf	pt	"Publicam-se os resultados da escavao arqueolgica feita nos monumentos 3, 4 e 5 da ""Casinha Derribada""."
gallego_mamoas	megalitismo noroeste peninsular necropolis tumular	crossref	Elementos para el estudio de los paisajes castreños del Noroeste peninsular	1995	Trabajos de Prehistoria	4		10.3989/tp.1995.v52.i1.435			 Se presenta una visión de la Edad del Hierro del Noroeste ibérico desde una óptica de Arqueología del Paisaje, como base para el estudio futuro de los paisajes castreños. Se recogen planteamientos acerca del paisaje como construcción cultural y se reconsidera la validez del análisis espacial. Se desarrolla una distinción operativa entre tres dimensiones del paisaje: la subsistencial, a través del análisis del uso del suelo; la socio-política. con el tratamiento de la ocupación del espacio; y la simbólica o imaginaria, reflejada en la concepción del espacio. Se aplica este esquema a la Edad del Hierro del Noroeste (Cultura Castreña), mostrando como rasgos más señalados social y culturalmente su carácter campesino y guerrero. 
gallego_mamoas	megalitismo noroeste peninsular necropolis tumular	crossref	Treinta años de arqueología en el noroeste peninsular. La “otra” Arqueología Medieval	2018	Treinta años de Arqueología Medieval en España	4		10.2307/j.ctv1zcm12b.9			
gallego_castros	poblado fortificado Edad del Hierro Galicia dimensiones	openalex	Molinos fuera de lugar. Fronteras y contextos de la molienda en la arqueología de la Edad del Hierro del noroeste ibérico	2014	Repositori ObertUDL (University of Lleida)	3	yes		http://www.raco.cat/index.php/RAP/article/view/288719	es	Los molinos son, quizás, los útiles líticos más abundantes enlos yacimientos de la Edad del Hierro del noroeste ibérico, perocon una consideración marginal en la investigación respecto a losdemás materiales. Su conocimiento es muy sesgado, en la fronterade lo redundante, y centrado casi siempre a unas mismas cuestiones:la forma de los útiles, cuándo se produce la introducción delos molinos rotatorios, o cuál de ellos sería más apropiado parala molienda de bellotas y cuál para los cereales. Sin embargo, laactividad de la molienda está expuesta a una continua evolucióndurante este período, con significativas pervivencias, pero tambiéncon la adopción de nuevas tipologías, técnicas de fabricación ynuevos contextos que ilustran su importancia en la sociedad.
gallego_castros	poblado fortificado Edad del Hierro Galicia dimensiones	openalex	Arqueología del paisaje: las formas del espacio en la Galicia Antigua	2013	DIGITAL.CSIC (Spanish National Research Council (CSIC))	3	yes		http://hdl.handle.net/10261/66142	es	El texto ha sido incorporado a una obra colectiva del Incipit titulada provisionalmente Arqueolóxica das paisaxes culturais de Galicia, y que será publicada por Editorial Xerais a lo largo del 2013: 21 páginas
gallego_castros	poblado fortificado Edad del Hierro Galicia dimensiones	openalex	La evaluación de impacto arqueológico de la red de gasificación de Galicia: consideraciones metodológicas y síntesis de resultados	2001	Trabajos de Prehistoria	3	yes	10.3989/tp.2001.v58.i1.237	https://tp.revistas.csic.es/index.php/tp/article/download/237/237/241	es	Este artículo tiene como finalidad primordial ofrecer una síntesis valorativa de los trabajos arqueológicos realizados por el Grupo de Investigación en Arqueología del Paisaje de la Universidad de Santiago de Compostela durante la Fase de Evaluación del Impacto Arqueológico de los diferentes tramos proyectados de la Red de Gasificación de Galicia entre los años 1991 y 1997. En este sentido se exponen los resultados en términos de conocimiento arqueológico, desarrollo metodológico y gestión patrimonial de un proyecto que se presenta como un ejemplo de adaptación de la Arqueología a las demandas impuestas por la Gestión del Patrimonio Arqueológico en la actualidad. A este respecto, pretendemos aportar con nuestro análisis un conjunto de consecuencias significativas de un caso práctico concreto que pueda servir de referencia en el debate mantenido en nuestros días sobre la relación entre la dimensión investigadora (la llamada. Arqueología de Investigación) y la orientación patrimonial (la denominada Arqueología de Gestión) de la disciplina arqueológica actual.
gallego_castros	poblado fortificado Edad del Hierro Galicia dimensiones	openalex	La construcción anular y el enclos de Ventosiños (Coeses, Lugo). Estudio preliminar de un conjunto del Bronce final	2015	Zephyrvs	3	yes	10.14201/zephyrus2015765776	https://revistas.usal.es/uno/index.php/0514-7336/article/download/zephyrus2015765776/13804	es	During the construction works of the a-54 from Lugo to Santiago de Compostela highway, a structure was documented in Ventosiños place, in the parish of Coeses (Lugo), of a kind so far unknown in the context of Galician Prehistory. It was a ring-shaped construction, built with sediment and stone elements, enclosing an inner area in which various pits with lithic and ceramic remains and in situ placed vessels inside were found. In addition, North of this structure, a fence or enclos was located, enveloping an even larger area, in which impressions of diferent morphologies and pits were found. Some of them had perforated disks and in situ placed vessels inside.Present analysis is intended to briefly summarize the preliminary data obtained from the archaeological works carried out in the whole ensemble, since the site is still under study.
gallego_castros	poblado fortificado Edad del Hierro Galicia dimensiones	openalex	La sucesión de ocupaciones entre el Calcolítico y la Edad Media en el yacimiento de Cornia Nou (Menorca, Islas Baleares) = The succession of occupations between the Chalcolithic and Middle Ages in the site of Cornia Nou (Minorca, Balearic Islands)	2015	Espacio Tiempo y Forma Serie I Prehistoria y Arqueología	3	yes	10.5944/etfi.6.2013.10773	http://revistas.uned.es/index.php/ETFI/article/download/10773/13589	es	The settlement of Cornia Nou is situated in the eastern side of Minorca. A long chronological sequence in this site, dated from the Chalcolithic to the 13th century AD, has been recorded based on radiocarbon dating and the typological study of the ceramics. Here the archaeological and paleoenvironmental data of the different occupation phases are described.
gallego_castros	poblado fortificado Edad del Hierro Galicia dimensiones	openalex	Un modelo de implantación de Roma en el Noroeste peninsular: la construcción de graneros sobreelevados en los castros	2020	Universidad Autónoma de Madrid eBooks	3	yes	10.15366/ane4.ochoa2020.020	https://revistas.uam.es/acpa/article/download/ane4_ochoa2020_020/12676	es	En este artículo analizamos la economía agraria durante el proceso de implantación romana en el noroeste peninsular. A diferencia de lo que evidencian los resultados de los análisis arqueobotánicos, con pocos cambios importantes en la producción cerealista, destacamos un fenómeno muy particular del noroeste peninsular que comprende la construcción de graneros sobreelevados (horrea) en los castros. A partir de este estudio planteamos que esta concentración del excedente agrario es producto de los procedimientos de control, gestión y administración de las reservas dentro de una acción, planificación y programación de Roma en la región noroccidental de Hispania.
gallego_castros	cultura castrexa arquitectura defensiva noroeste	openalex	Resultados das sondaxes nun xacemento atípico da Idade do Ferro: Pena Redonda (Pontecaldelas, Pontevedra)	2005	Cuadernos de Estudios Gallegos	3	yes	10.3989/ceg.2005.v52.i118.93	https://estudiosgallegos.revistas.csic.es/index.php/estudiosgallegos/article/download/93/93/93	gl	[gl] O xacemento de Pena Redonda é coñecido desde 1981 a raíz dunha intervención furtiva que sacou á luz restos dunha estructura circular e material da Fase I e II da Cultura Castrexa (800- 400 a. C. / 400-100 a.C). O interese do sitio radica no seu estraño emprazamento, perto dunha chan elevada e dominado por un outeiro. A paisaxe, onde abundan os petroglifos, é mais propia do Bronce que do Ferro, e o lugar tampouco posúe unha morfoloxia típica de castro. A escavación de dúas cabanas, que foran afectadas polos furtivos, deu como resultado a constatación dunha longa ocupación durante as fases I e II, o que fai desbotar a idea de que se trate dun lugar de habitación ocasional e traza cuestións sobre a elección deste lugar determinado. A densidade histórica dos arredores e o particular escenario natural son indubidablemente factores que hai que ter en conta. A inexistencia de niveis posteriores ao século II a. C. -que permitiu a boa conservación dos restos prerromanos- reforza, se cabe, o interese deste xacemento.
gallego_castros	castros Trasancos Ferrolterra arqueologia	crossref	Tourism in Cuba	2018		3		10.1108/9781787439023		en	 Tourism in Cuba: Casinos, Castros, and Challenges presents an in-depth exploration of the history and development of tourism in Cuba. Beginning with the earliest days of prohibition in the US, Tony L. Henthorne illustrates how Cuba strove to position itself as an uninhibited Caribbean playground for the well-heeled American traveler.. This book analyzes the ways in which Cuban tourism reached previously unimagined economic heights through the &amp;#x0201C;new normal&amp;#x0201D; of casinos, nightclubs, and prostitution during Fulgencio Batista&amp;#x02019;s reign, and it examines the forces sustaining his rise to power.. Fidel Castro&amp;#x02019;s revolution set out to end Batista&amp;#x02019;s reign of corruption, promising a new beginning for Cuba and the Cuban people. Casinos were shuttered, and the other hedonistic trappings of decadence quickly vanished; relations between the US and Cuba were severed, and the island began a long transformative relationship with the Soviet Union. This book provides an illuminating insight into the impact of these social and economic changes upon tourism in Cuba.. Henthorne goes on to explore Barack Obama&amp;#x02019;s significant travel and economic concessions to Cuba, which resulted in a soar in tourism, and he evaluates how Donald Trump has since scaled back on US overtures to Cuba. He also provides an insider&amp;#x02019;s look at the Cuban tourist product &amp;#x02013; what it was, what it is, and what it may be in the future. 
gallego_castros	castros Trasancos Ferrolterra arqueologia	crossref	Arqueologia da Escravidão e Arqueologia Pública: algumas interfaces	2009	Vestígios - Revista Latino-Americana de Arqueologia Histórica	3		10.31239/vtg.v3i1.10710			 Esse artigo, inicialmente, descreve a institucionalização da Arqueologia da Escravidão nos Estados Unidos, Caribe e América do Sul. Em seguida, baseando-se em trabalhos realizados nos Estados Unidos, discute as relações entre Arqueologia da Escravidão e Arqueologia Pública. 
gallego_castros	castros Trasancos Ferrolterra arqueologia	crossref	Arqueologia Digital abaixo de zero: uma proposta de mediação para a Arqueologia Antártica	2017	Vestígios - Revista Latino-Americana de Arqueologia Histórica	3		10.31239/vtg.v11i1.10549			 O projeto “Paisagens em Branco: arqueologia e antropologia antártica” procura compreender as estratégias humanas de colonização do último continente ao longo do tempo. Neste artigo, aliando perspectivas públicas, digitais e simétricas, propomos novas formas de relações humanas com a Antártica. Assim, além de analisar os grupos sem história — foqueiros, lobeiros e baleeiros — procuramos inserir o público não-arqueológico como agentes dessas narrativas. Para tanto, recorremos ao uso de tecnologias digitais enquanto atores que mediam essas relações. No nosso entendimento, as tecnologias aproximam diferentes públicos do contexto antártico, estimulando a construção de conhecimento de uma forma alternativa e menos direcionada. Nessa abordagem, buscamos levar em consideração a agência do público (arqueólogos e não-arqueólogos), das tecnologias e dos pesquisadores (entre outros actantes) na mediação. 
gallego_castros	castros Trasancos Ferrolterra arqueologia	crossref	Musealização da Arqueologia	2014	Revista de Arqueologia	3		10.24885/sab.v26i2/1.379			 O artigo apresenta os campos constitutivos inerentes aos processos de Musealização da Arqueologia, apontando características dos percursos acadêmicos que têm registrado, problematizado e divulgado as experiências que entrelaçam a Museologia e a Arqueologia neste contexto. Explora, ainda, as intersecções e potencialidades dessas ações nos âmbitos institucionais de regramento preservacionista ou de ensino e pesquisa que têm pautado esses percursos no enfrentamento das questões de educação, patrimônio e desenvolvimento.  
gallego_castros	poblado fortificado Edad del Hierro Galicia dimensiones	crossref	Volviendo a pensar la Edad del Hierro	1993	Trabajos de Prehistoria	2		10.3989/tp.1993.v50.i0.493			 Este artículo defiende la urgente necesidad de evaluar críticamente las asunciones básicas manejadas por los arqueólogos de la Edad del Hierro en toda Europa. Sugiere que los marcos explicativos e interpretativos existentes son, en el mejor de los casos, inadecuados para comprender la evidencia arqueológica real sobre el período. En el peor, están reproduciendo todavía las ideologías nacionalistas y racistas decimonónicas (p. e. las preocupaciones por los “Celtas”, los “Iberos”, etc.). A partir de ejemplos de Gran Bretaña, y las Repúblicas Checa y Eslovaca, sostenemos que la evidencia arqueológica sobre la Edad del Hierro claramente no encaja con nuestras suposiciones modernas y eurocéntricas sobre lo que el período debería haber sido. Se sugiere que la arqueología de la Edad del Hierro tiene que reconocer la diferencia del pasado, el hecho de que las sociedades prehistóricas en Europa pudieron haber tenido formas de organización social, visiones del mundo y economías muy diferentes a las de la Historia europea posterior. Esto significa la puesta en cuestión crítica de la evidencia arqueológica y estar abierto a la posibilidad de que las interpretaciones existentes sean erróneas (p. e. recalcando el impacto de la Economía Mundial Mediterránea, el que los Oppida eran centros urbanos, o que los datos del poblamiento y subsistencia puede ser comprendidos de manera adecuada en términos capitalistas/funcionalistas modernos, etc.). Los estudios de la Edad del Hierro, en cuanto tales, sólo pueden ser una “Arqueología Contextual”. 
gallego_castros	poblado fortificado Edad del Hierro Galicia dimensiones	crossref	Prehistoria de las Islas Baleares / Prehistory of the Balearic Islands: Registro Arqueológico y Evolución Social Antes de la Edad del Hierro / Archaeological Record and Social Evolution before the Iron Age	2007		2		10.30861/9781407301280		en	
gallego_castros	poblado fortificado Edad del Hierro Galicia dimensiones	openalex	Estructura territorial, relaciones vecinales y gobierno de las comunidades en el norte de La Península Ibérica en la Edad del Hierro	2014	Complutum	2	yes	10.5209/rev_cmpl.2014.v25.n1.45362	https://revistas.ucm.es/index.php/CMPL/article/download/45362/42682	es	Neighborhood relationships are one of the most important variables of solidarity and reciprocity relationships in human societies. They are essential to understand phenomena as significant as the construction of territory, or social and political structure of human groups. Through Ethnoarchaeology, it is possible to establish models of this kind of relationships, applicable to Iron Age, and to use them to explain sociopolitical evolution in north of Spain societies of this period, in every territory of this geographical framework.
gallego_castros	poblado fortificado Edad del Hierro Galicia dimensiones	openalex	El almacenamiento de productos agrarios en O Castelo de Laias (Cenlle, Ourense). Estrategias de conservación y consumo	2020	Zephyrvs	2	yes	10.14201/zephyrus202086115142	https://revistas.usal.es/index.php/0514-7336/article/download/zephyrus202086115142/24919	es	El asentamiento de O Castelo de Laias, junto al río Miño, ha proporcionado una larga secuencia de ocupación, desde la Edad del Bronce Final-Primera Edad del Hierro hasta una fase altoimperial romana. El recinto superior del castro conserva un singular conjunto de estructuras para el almacenamiento de productos agrarios, datadas en los ss. IV y III a. C. Este recinto fue amurallado y su superficie acondicionada mediante bancales, para permitir la instalación de los graneros, mientras las viviendas se extendieron por la ladera. En este artículo, se propone una sistematización de los datos sobre la construcción y características de los contenedores; los productos almacenados, básicamente cereales, y una interpretación en clave social, teniendo en cuenta la capacidad de almacenamiento y la composición de lo almacenado en cada depósito.
gallego_castros	poblado fortificado Edad del Hierro Galicia dimensiones	openalex	Dessobriga: oppidum vacceo, mansio altoimperial… Una búsqueda en curso	2018		2	yes	10.69531/yaaf-1139-pntv	https://pintiavaccea.es/download.php?file=121.pdf	es	Síntesis de los tres primeros años de actividad arqueológica del Proyecto Dessobriga desde su germen en 2013. La gran prospección geofísica realizada aquel año marcó un avance considerable en la cronológica e identidad de este yacimiento que goza de una clara ubicación estratégica. Castro de la primera Edad del Hierro, activo oppidum vacceo y mansio romana militarizada, cuya fundación se perfila en fechas inmediatas a la liquidación de las guerras cántabras, precedida por un posible episodio represivo contra este enclave a finales del período republicano.
gallego_castros	poblado fortificado Edad del Hierro Galicia dimensiones	openalex	ARQUEOLOGÍA EN LA COMARCA DE LA ALCARRIA CONQUENSE. EL YACIMIENTO DEL EL CERRO DE ALVAR FAÑEZ (HUETE, CUENCA)	2000	Cuadernos de Prehistoria y Arqueología de la Universidad Autónoma de Madrid	2	yes	10.15366/cupauam2000.26.006	https://revistas.uam.es/cupauam/article/download/1253/1227	es	En este artículo presentamos un avance del volumen, que se halla en preparación, sobre el yacimiento iberorromano del “Cerro de Alvar Fáñez” (Huete, Cuenca). Se hace alusión a la situación estratégica del enclave, a la evolución del poblamiento de su entorno inmediato desde el Paleolítico, a las vías de comunicación, a las excavaciones e investigaciones relizadas hasta el momento actual, a las estructuras arquitectónicas exhumadas (posible foro en la zona A y poblamiento o áreas de taller en las zonas B y C), así como al análisis de todos los materiales recuperados en las campañas de los años 1985, 1986 y 1987, estudio que se publicará en breve con mayor amplitud. Entre los materiales destaca un mosaico con el tema del laberinto; elementos de decoración arquitectónica; placas de “lapis specularis”, cuya explotación fue la razón de la existencia de la ciudad romana altoimperial; cerámica ática de figuras rojas del s. IV a.C.; cerámica campaniense B; cerámica romana pintada; “terra sigillata”; cerámica de paredes finas; cerámica romana pintada; abundante cerámica común; lucernas; fichas de juego en cerámica y piedra; elementos de bronce, hierro y hueso; vidrio; un vaso litúrgico en caliza y otros elementos varios.AbstractIn this article we offer an advance of the volume, which is now in progress, on the archaelogical site “El cerro de Alvar Fáñez” (Huete, Cuenca). We allude to the strategic situation of the place, to the evolution of the different peoples in the environment since Paleolithic Times, to the ancient roads, to the excavations and investigations carried out until the current moment, to the architectural structures found (a possible forum in the zone A and housing or workshops in the B and C zones), as well as to the analysis of all the materials recovered in the campaigns of the years 1985, 1986 and 1987, research that will be published shortly in full detail. Among the archaelogical finds, we must point out a mosaic with a labyrinth; elements of architectural decoration; tablets of “lapis specularis”, the exploitation of which was the reason of the existence of the Roman city in the High Empire; Red Figures Attic pottery of the IV century B.C.; Campanian B pottery; Toman painted pottery; a great amount of common and kitchen pottery; oil lamps; stone and pottery checkers; elements of brass, iron and bone; glass; a liturgical vase in limestone and other diverse elements.
gallego_castros	poblado fortificado Edad del Hierro Galicia dimensiones	openalex	Los campamentos romanos de Astorga y León	2003	Espacio Tiempo y Forma Serie II Historia Antigua	2	yes	10.5944/etfii.16.2003.4412	https://revistas.uned.es/index.php/ETFII/article/download/4412/4251	es	El notable incremento de las intervenciones arqueológicas en contextos militares romanos experimentado durante la última en la península ibérica, especialmente en el cuadrante noroeste, ha propiciado una renovación casi total en este campo científico. Partiendo del análisis de los nuevos datos arqueológicos conocidos, presentamos aquí las novedades sobre los campamentos de la legio X gemina en Astorga y de las legiones VI victrix y VII gemina en León.The significant increase of archaeological interventions in Roman military contexts experienced in the Iberian Peninsula during the last decade, and more specifically in the North- Western quadrant, has triggered a nearly total renovation in this scientific field. Based on the analysis of the new archaeological data revealed, we herein present the news about the legionary fortresses of the legio X gemina at Astorga and the legions VI victrix and VII gemina at León.
gallego_castros	cultura castrexa arquitectura defensiva noroeste	openalex	Más allá de las murallas: recopilación de evidencias fuera de los castros de la Edad del Hierro en el Noroeste ibérico.	2025	SPAL Revista de Prehistoria y Arqueología de la Universidad de Sevilla	2	yes	10.12795/spal.2025.i34.05	https://doi.org/10.12795/spal.2025.i34.05	es	En las últimas dos décadas, la arqueología ha debatido intensamente acerca de las formas de organización social de las comunidades habitantes de los castros de la Edad del Hierro en el Noroeste ibérico. También se ha incrementado mucho el número de castros intervenidos, lo que ha producido mucha evidencia nueva. Sin embargo, la abrumadora mayoría de información disponible para este período y empleada en su lectura histórica procede únicamente del interior de los poblados castreños, lo que contrasta con la fragmentaria información existente fuera de ellos. Esa fragmentación y dispersión es un problema fundamental para hacer un dibujo nítido de la significación y relevancia de esos datos, y contribuye también a consolidar la idea de que son muy escasos y poco relevantes. En este trabajo nos proponemos aportar en esta dirección, recopilando el conjunto de evidencias actualmente disponibles, que incluyen, con niveles de certidumbre muy diversos, espacios de tipos diferentes: asentamientos, posibles lugares funerarios, espacios ceremoniales o sitios relacionados con actividades productivas. Además de sintetizar la evidencia existente, haremos algunas consideraciones interpretativas que ayuden a entender el posible alcance y relevancia de todo este conjunto de datos.
gallego_castros	castros Trasancos Ferrolterra arqueologia	crossref	Los castros del oeste de la Meseta	1970	Complutum	2		10.5209/rev_cmpl.2011.v22.n2.37725			
gallego_castros	castros Trasancos Ferrolterra arqueologia	crossref	Tomando chá com o chapeleiro	2014	Revista de Arqueologia	2		10.24885/sab.v27i2.401			 A infância é realmente um momento mágico, em que podemos sonhar, fantasiar e brincar. Podemos falar com objetos, com animais e até sozinhos em voz altano meio da rua: ninguém irá achar estranho. Mas quando crescemos tudo muda. Passamos a considerar objetos como seres inanimados, animais como seres sem consciência, e sonhos como algo infantil. A situação piora quando nos tornamos cientistas, pois passamos a buscar verdades. Propõe-se, assim, uma ruptura dos discursos hegemônicos, cujo caminho pode ser a arqueologia sensorial. Ela tem o potencial de mudar não apenas o discurso arqueológico, mas também o arqueólogo, ao possibilitar diferentes contatos com os objetos, ao permitir que se fale a língua deles novamente. 
gallego_castros	cultura castrexa arquitectura defensiva noroeste	crossref	Arquitectura defensiva y doméstica del castro del Alto de La Garma (Cantabria)	2023	Zephyrvs	2		10.14201/zephyrus202290179196			" El castro del Alto de La Garma, en Omoño, en Ribamontán al Monte, es un pequeño recinto fortificado de la Primera Edad del Hierro situado en la zona costera de Cantabria. Las excavaciones realizadas han permitido documentar una ocupación en dos fases. La primera, que se enmarca en la Edad del Hierro i, cuenta con una muralla defensiva construida en terrazas y viviendas circulares, cuya cronología puede situarse entre finales del s. VIII a. C. y finales del s. VI a. C. La segunda fase, tras una centuria de abandono, se fecha entre el final del s. V y el IV a. C., se caracteriza por la construcción de una muralla de doble careado. Algunos materiales arqueológicos y la datación absoluta abren la posibilidad de que esta fortificación, tras un nuevo abandono, hubiera sido utilizada durante la Segunda Edad del Hierro o durante la etapa romana.
En este artículo se analizan sus ocupaciones a partir del estudio de la arquitectura defensiva y doméstica, poniéndose en relación con otros yacimientos de la Edad del Hierro de la región cantábrica. "
gallego_mamoas	megalitismo noroeste peninsular necropolis tumular	crossref	LA EXHIBICIÓN DEL PODER EN EL MEGALITISMO DEL SUROESTE PENINSULAR: TRES CASOS DE ESTUDIO EN EL EXTREMO SUR DE PORTUGAL	2013	Cuadernos de Prehistoria y Arqueología de la Universidad de Granada	2		10.30827/cpag.v19i0.187			 Desde la propia experiencia que el Proyecto Alcalar nos permite, y desde una posición dentro de la Arqueología Social, presentamos a los grupos humanos que ocuparon la Bahía de Lagos en el Tercer milenio A.N.E., comparándolos con las comunidades que, en esa misma época, ocuparon el territorio de Cacela y las «periferias serreñas», ricas en minerales de cobre, del Alto Algarve Oriental. La evidencia empírica —en concreto la organización espacial de los asentamientos y la arquitectura de los espacios funerarios y ceremoniales— nos permite evaluar la formación de una Sociedad Clasista Inicial, un proceso histórico en el cual se definen las jerarquías, las desigualdades sociales y la centralización del poder. 
gallego_mamoas	megalitismo noroeste peninsular necropolis tumular	crossref	Los procesos de la complejidad social en el Noroeste peninsular: arqueología y fuentes literarias	2004	Trabajos de Prehistoria	2		10.3989/tp.2004.v61.i2.45			 El objetivo de este trabajo es realizar un análisis de las formas de desigualdad social de las sociedades castreñas del Noroeste que tenga en cuenta la diversidad regional así como el papel de la influencia romana anterior a la conquista en el desarrollo de estas comunidades. Para ello se recurre a dos modelos interpretativos: el de los castros segmentarios y el de los grandes asentamientos castreños. Esto permite afirmar que existen diversas formas de articularse las relaciones sociales en el Noroeste prerromano que no son reducibles a modelos uniformes y homogenizadores como los que tradicionalmente se han aplicado. A partir de esta constatación es posible integrar la información en el estudio de las fuentes literarias, de manera convergente con el análisis arqueológico. 
gallego_mamoas	tumulos prehistoricos Galicia distribucion espacial	crossref	Tumulos of Colonial Peru	1985	The Art Bulletin	2		10.2307/3050885			
gallego_castros	poblado fortificado Edad del Hierro Galicia dimensiones	crossref	Análisis del sistema defensivo y del uso del espacio intramuros de un poblado fortificado: el Castro de Pendia (Boal, Asturias) entre la Edad del Hierro y la Época	2015	Munibe Antropologia-Arkeologia	1		10.21630/maa.2015.66.13			
gallego_castros	poblado fortificado Edad del Hierro Galicia dimensiones	crossref	Entre naturaleza y cultura:  Arquitectura ambigua en la Edad del Hierro del NO peninsular	2014	Gallaecia: revista de arqueoloxía e antigüidade	1		10.15304/gall.32.1383			 Se define un modo de intervención antrópica sobre conjuntos rocosos en contextos de la Edad del Hierro del NO peninsular caracterizado por una ambigüedad que dificulta su apreciación. Esa acción antrópica es discreta porque las rocas manipuladas conservan su apariencia original o porque la alteración antrópica recrea intencionadamente un efecto de naturaleza. En algunos casos esas rocas están rodeadas por muros que las ocultan estableciendo un sutil juego de relaciones entre visible y oculto, natural y artificial, natural “natural” y natural “construido”. Su ubicación en áreas acotadas en el centro de los castros (croas en gallego) sugiere que esta arquitectura ambigua es un aspecto de la materialización de la actividad religiosa en la Edad del Hierro. En las saunas con pedras formosas se produce un juego similar entre monumentalidad y ocultación que apunta hacia la complejidad de la ideología que opera tras estas expresiones materiales. 
gallego_castros	poblado fortificado Edad del Hierro Galicia dimensiones	openalex	El tablero cerámico de Castro Curbín (Arzúa, A Coruña). Reflexiones sobre religiosidad y ¿juegos de mesa? en la Edad del Hierro del noroeste peninsular	2024	Lucentum	1	yes	10.14198/lvcentvm.24538	https://lucentum.ua.es/article/download/24538/23262	es	El presente trabajo realiza una aproximación arqueológica a una pieza singular de la Edad del Hierro del Noroeste: el tablero cerámico de Castro Curbín (Arzúa). Este insólito objeto se define por una base plana realizada en cerámica, con numerosas oquedades y vinculada a varias fichas de forma circular, que encajan en los huecos. La pieza, muy fragmentada, fue recuperada en un depósito estructurada en el entorno del sistema defensivo del asentamiento. Dada la extraña factura del objeto, se propone una aproximación integral al yacimiento que permita establecer una base sólida para el análisis. Así, se definen, en primer lugar, las características más relevantes del poblado, las condiciones del paisaje habitado y su secuencia ocupacional, contextualizando el asentamiento con relación a las dinámicas sociales, territoriales y arqueológicas del interior de la Edad del Hierro del Noroeste. A continuación, el trabajo se focaliza en las características del depósito en el que se integra el tablero, una acumulación de materiales estructurada y de probable orientación votiva. Se analizarán las características generales de este tipo de expresiones en otros asentamientos fortificados del Noroeste, señalando su reiteración en otros poblados del interior y su habitual vínculo con el entorno de las murallas. Finalmente, se sugiere un análisis funcional e interpretativo del tablero, considerando su orientación lúdica como la más acorde a sus características. Estas consideraciones se relacionarán con otras expresiones lúdicas documentadas en distintos ámbitos, procurando establecer un marco comparativo de análisis que permita realizar una primera aproximación a este posible juego de mesa en el Hierro del Noroeste.
gallego_castros	poblado fortificado Edad del Hierro Galicia dimensiones	openalex	Paisajes monumentales: análisis espacial del dispositivo amurallado del castro de Baroña (Porto do Son, A Coruña)	2022	Complutum	1	yes	10.5209/cmpl.84158	https://revistas.ucm.es/index.php/CMPL/article/download/84158/4564456562096	es	Se plantea que la elección de una determinada ubicación, la constitución material y la organización interna de los poblados fortificados de la Edad del Hierro en el noroeste peninsular se deben a una cualidad aprehensiva del espacio y no únicamente a necesidades productivas o defensivas. Se aplica una metodología basada en análisis geoespaciales para estudiar los dispositivos defensivos de los castros, tomando el enclave de Baroña como caso de estudio. Los resultados nos llevan a apuntar que la morfología y localización del castro, junto a la poliorcética de su sistema defensivo, responden a la búsqueda por parte de sus habitantes de una percepción de seguridad. Esto se vincularía con una tradición constructiva heredada de un pasado conflictivo previo a la Edad del Hierro.
gallego_castros	poblado fortificado Edad del Hierro Galicia dimensiones	openalex	El área arqueológica de O Peto (Vedra, A Coruña, Galicia): ¿posible explotación minerometalúrgica prerromana?	2003	DIGITAL.CSIC (Spanish National Research Council (CSIC))	1	yes		http://hdl.handle.net/10261/13490	es	[ES] Se presentan los resultados preliminares de la excavación realizada en el yacimiento de O Peto (Vedra, A Coruña). La intervención global desarrollada en el área arqueológica de O Peto contempló la realización de dos actuaciones sucesivas llevadas a cabo en agosto y septiembre de 2001 y julio de 2002, en el marco de las obras de construcción de la autopista Santiago de Compostela-Alto de Santo Domingo.&#13;\nLa primera fase consistió en la realización de zanjas mecánicas con control arqueológico cuyos resultados permitieron planificar el tipo de intervención más acorde con la idiosincrasia y especificidad del yacimiento.&#13;\nLa segunda una excavación en área y sondeos manuales de las áreas significativas del yacimiento. Como resultado de la intervención se registraron un total de 15 fosos de morfologías diferentes excavados en la roca, conformando una malla que cubre una amplia área, junto con la documentación de 3518 piezas.&#13;\nEl área arqueológica de O Peto se presenta como un ejemplo significativo de la existencia de estructuras anejas en el entorno inmediato del recinto habitacional de los castros de la Edad del Hierro. En el caso que nos ocupa los datos proporcionados por la actuación arqueológica desarrollada nos muestran un espacio claramente artificializado en el que se superponen estructuras excavadas en la roca, de naturaleza y finalidad diferentes entre la Edad del Hierro y Época Romana. Entre las diversas hipótesis acerca de su funcionalidad, creemos que la que destaca como más coherente es la que este conjunto de estructuras pudiera estar relacionado con actividades extractivas de mineral de hierro llevadas a cabo en época prerromana sobre filones con mineralizaciones que por su escasa riqueza justificaría un ingente trabajo extractivo.&#13;\nA su vez la información estratigráfica obtenida durante la excavación sugiere una valoración preliminar que apuntaría igualmente hacia dos momentos: uno prerromano, con cerámicas castreñas documentadas en los depósitos inferiores de relleno y en la base de las estructuras, y otro romano, que las sellaría inutilizándolas por completo, con material ergológico variado adscribible a época altoimperial.
gallego_castros	poblado fortificado Edad del Hierro Galicia dimensiones	openalex	Reyes, obispos y campesinos. Territorio y poblamiento entre la Tardoantigüedad y la Alta Edad Media en el valle del Trubia (Asturias)	2017	Studia Historica Historia Medieval	1	yes	10.14201/shhme20173511347	http://revistas.usal.es/index.php/Studia_H_Historia_Medieval/article/download/shhme20173511347/17412	es	This paper presents the results of the historical and archaeological study of various territories located in the region of Asturias (low basin of the river Trubia, Northwest of Spain), between 8th and 12th Centuries, in which the monarchy of the Asturian Kingdom played an important role. Combining the critical appraisal of written documents with archaeological sources and different research methods (landscape archaeology, GIS, ethnoarchaeology, geoarchaeology, archaeobotany, etc.), a first interpretation on the processes of political transformation, social stratification, reorganisation of peasantry and production during the Early Middle Ages is established.
gallego_castros	poblado fortificado Edad del Hierro Galicia dimensiones	openalex	Píxeles de piedra. Visibilidad y ocultación en el oppidum de San Cibrán de Las (Ourense)	2020	Trabajos de Prehistoria	1	yes	10.3989/tp.2020.12258	https://tp.revistas.csic.es/index.php/tp/article/download/838/888	es	Este trabajo discute la simulación como estrategia de análisis espacial en Arqueología. A partir del uso combinado de tecnologías geoespaciales, se propone el estudio, a gran escala, de la estructura visual de un sitio arqueológico. La propuesta se desarrolla en el oppidum de San Cibrán de Las (Ourense), en donde se analiza la permeabilidad visual de su estructura en el paisaje. La metodología desarrollada usa distintos recursos para entender cómo la construcción del poblado pudo condicionar la percepción visual desde dentro y desde fuera. Mediante la manipulación de un modelo digital del terreno (MDT) se construyen distintos escenarios que son analizados a partir de cálculos sistemáticos de visibilidad. Los resultados se orientan a la interpretación de la visibilidad y ocultación de la acción social en los distintos espacios del poblado durante la Edad del Hierro.
gallego_castros	poblado fortificado Edad del Hierro Galicia dimensiones	openalex	Arqueología en la ACEGA 2: el área arqueológica de O Peto (Vedra, A Coruña)	2003	DIGITAL.CSIC (Spanish National Research Council (CSIC))	1	yes		http://hdl.handle.net/10261/5529	es	El área arqueológica de O Peto se descubrió durante el control arqueológico de la construcción de la Autopista Santiago-Alto de Santo Domingo. Se trata de un ejemplo significativo de la existencia de estructuras anejas en el entorno inmediato del recinto habitacional de los castros de la Edad del Hierro. Constituye un espacio claramente artificializado en el que se superponen estructuras excavadas en la roca, de naturaleza y finalidad diferentes. A este respecto se configura un espacio construido ¿aparentemente multifuncional- que experimentó sucesivos procesos de ampliación, redefinición, sellado intencionado y abandono entre la Edad del Hierro y Época Romana. La información aportada por la excavación indica que este yacimiento albergó un complejo minerometalúrgico caracterizado tecnológicamente por la utilización de hornos bajos prerromanos sin sangrado de escoria que procesarían el mineral extraído en el propio yacimiento.
gallego_castros	poblado fortificado Edad del Hierro Galicia dimensiones	openalex	Fortalezas de la Ribeira Sacra en el entorno del monasterio de Santo Estevo de Ribas de Sil	2020	Madrygal Revista de Estudios Gallegos	1	yes	10.5209/madr.73078	https://revistas.ucm.es/index.php/MADR/article/download/73078/4564456555166	es	The main purpose of the paper is a case study of a geographical area of the left bank of the River Sil at the confluence with the River Miño that allows us to approach the phenomenon of landscape fortification during the Middle Ages. Contrasting written sources with archaeological records, we address some issues in relation to the morphological development of fortified settlements, the role played in the management of the territory, and also how contemporary and nearby strongholds probably interacted.
gallego_castros	poblado fortificado Edad del Hierro Galicia dimensiones	openalex	Planear el pasado: ideas para la recuperación del Castro de Elviña.	2003	DIGITAL.CSIC (Spanish National Research Council (CSIC))	1	yes		http://hdl.handle.net/10261/16118	es	[ES] Este libro es una síntesis del Plan Director para el Castro de Elvira que el Laboratorio de Arqueoloxía e Formas Culturais del Instituto de Investigacións Tecnológicas de la Universidade de Santiago de Compostela realizó por encargo del Exmo. Ayuntamiento de A Coruña. El contrato entre ambas instituciones se firmó el 2 de septiembre de 1998.&#13;\nEl Plan Director, con una extensión total de 2471 páginas más figuras y planos, fue entregado al Ayuntamiento el 21 de julio de 2000 y presentado públicamente el 15 de marzo de 2001.&#13;\nA partir de ese momento se puso en marcha el complejo proceso de ejecución de un proyecto como éste que conlleva aunar complicaciones y ambiciones.&#13;\nEl primer fruto derivado del Plan Director fue la elaboración del Plan Especial del Castro de Elvira, aprobado por la Comisión de Gobierno del Ayuntamiento de A Coruña el 29 de diciembre del 2000. Más tarde se ejecutó la expropiación, se elaboró un anteproyecto museográfico para la Casa de los Antepasados, se desbrozaron los terrenos y se iniciaron los trabajos arqueológicos en el castro bajo la dirección de J. M. Bello, director del Museo Histórico-Arqueológico Castelo de San Antón, del Ayuntamiento de A Coruña.
gallego_castros	poblado fortificado Edad del Hierro Galicia dimensiones	openalex	Espacio doméstico y cotidianidad en la Gallaecia de los siglos IV-V: los asentamientos de O Castelo de Valencia do Sil (Vilamartín de Valdeorras) y Santomé (Ourense)	2025	Lucentum	1	yes	10.14198/lvcentvm.25216	https://lucentum.ua.es/article/view/25216/24322	es	El trabajo que se presenta es fruto de la investigación de dos yacimientos gallegos denominados O Castelo de Valencia do Sil (Vilamartín de Valdeorras, Ourense) y Santomé (Ourense). Se trata de poblados encuadrados bajo el concepto de asentamientos en altura, con una cronología asociada a los siglos IV-V d. C., un periodo considerado de abundantes cambios que tienen que ver con el fin del Imperio Romano y el inicio de la alta Edad Media. Dentro de este panorama, las investigaciones se han centrado en analizar el carácter político de la época vinculado, sobre todo, a las invasiones y la caída del Imperio Romano, obviando la importancia del análisis de la arquitectura doméstica, de lo cotidiano y, en consecuencia, de las personas que vivieron en estos contextos. Las recientes investigaciones y el desarrollo de la arqueología comercial en el noroeste han permitido evidenciar una serie de cambios en el poblamiento y en los asentamientos. Se trata de transformaciones que también influyen de manera directa en las formas de vivir y relacionarse las personas del pasado. En este artículo se expone un primer acercamiento a la arqueología de los espacios domésticos de los siglos IV-V d. C. en el noroeste de la península ibérica a partir del análisis del ámbito doméstico y sus actividades en dos asentamientos clave.
gallego_castros	poblado fortificado Edad del Hierro Galicia dimensiones	openalex	ARQUEOLOGÍA E IMPACTO AMBIENTAL; ANÁLISIS DEL PAISAJE Y “MEDIDAS CORRECTORAS”	2001	Cuadernos de Prehistoria y Arqueología de la Universidad Autónoma de Madrid	1	yes	10.15366/cupauam2001.27.007	https://revistas.uam.es/cupauam/article/download/1245/1219	es	Con frecuencia la primera intervención arqueológica necesaria ante el impacto ambiental derivado del desarrollo socioeconómico del mundo actual es la propia prospección, es decir, la búsqueda y localización de los yacimientos arqueológicos que pudieran verse afectados. La consecuencia inmediata de ello es la necesaria valoración de esos yacimientos a fin de diseñar las “medidas correctoras” del impacto ambiental previsto, de forma que ambas actuaciones, prospección y valoración de los yacimientos arqueológicos, suponen hoy un reto para la Arqueología, especialmente para la denominada “arqueología de gestión”. El presente trabajo es una propuesta metodológica destinada a facilitar la tarea del arqueólogo para lograr un más rápido, completo y objetivo conocimiento del Patrimonio Arqueológico que agilice su recuperación, investigación y preservación.Summary Very often the first archeological intervention to face the environmental impact derived from the socioeconomic development of the current world is prospection, that is, searching and locating the archaeological sites that could be affected by this impact. Thus, the most inmediate consequence of prospecting is the necessary evaluation of these sites in order to design “corrective measures” for the environmental impact foreseen. In this way, both prospecting and evaluating archaeological sites pose a challenge to Archaeology, particularly to the branch named “management archaeology”. The current work/paper is a methodological proposal intended to ease the task of the archaeologist and thus, to have a faster, more complete and more objective knowledge of the Archeological Heritage, what implies a rapid recuperation, investigation and preservation of our heritage.
gallego_castros	poblado fortificado Edad del Hierro Galicia dimensiones	openalex	Los castillos prefeudales en Castilla	2022		1	yes	10.63114/reyw3472	https://clavis.es/index.php/erg/catalog/download/31/18/144	es	La aparición a comienzos del siglo IX del corónimo Castilla siempre ha hecho pensar que la voz individualizaba una nueva territorialidad definida por estar plagada de castillos desde esos momentos tempranos, pero todo parece ser un espejismo poco ajustado a la realidad. En primer lugar, porque el neologismo no aparece hasta finales del siglo IX o comienzos del X, en las crónicas asturianas; en segundo lugar, porque desde el punto de vista arqueológico no se puede constatar la existencia de verdaderos castillos hasta esa misma fecha. En tercer lugar, porque para los primeros momentos no podemos hablar realmente de castillos y apenas reconocemos las fortificaciones existentes, que ni fueron muchas ni fueron castros reutilizados, sino pequeñas construcciones de madera, rupestres o terreras.
gallego_castros	poblado fortificado Edad del Hierro Galicia dimensiones	openalex	A propósito de las primeras arquitecturas castreñas en el sector occidental de Asturias	2019	Portugalia Revista de Arqueologia do Departamento de Ciências e Técnicas do Património da Faculdade de Letras da Universidade do Porto	1	yes	10.21747/09714290/port40a1	http://ojs.letras.up.pt/index.php/Port/article/download/6503/6065	es	This paper deals with the analysis of the architectural evidence linked to the earliest defined occupation phases in western asturian hillforts. We realise that there is no known parallelisms to the period's most representative archaeological structures, and are equally aware of the difficulty to assign the whole recovered evidence to the 9 th -8 th centuries BC. Therefore, and waiting for future new data which would help to solve the question, we propose to locate the emergence of the hillforts settlement in this area within a more expanded and later time, between the 8 th and the 5 th centuries BC.
gallego_castros	poblado fortificado Edad del Hierro Galicia dimensiones	openalex	Las Estatuas Galaico Lusitanas en posición de parada I. Distribución espacial, emplazamientos y epigrafia asociada	2021	Portugalia Revista de Arqueologia do Departamento de Ciências e Técnicas do Património da Faculdade de Letras da Universidade do Porto	1	yes	10.21747/09714290/port42a2	https://ojs.letras.up.pt/index.php/Port/article/download/10890/9979/36961	en	The statues of warriors are one of the most prominent examples of the Castro culture in the northwest of the Iberian Peninsula. Notable in this category is a series of sculptures depicting the same iconographic motif: standing male, looking straight ahead, carrying a shield on the front. This paper, which is the first part of an integral research about this sculptures, studies their distribution and location as well as the inscriptions that are carved in some of them. Our analysis shows that these sculptural pieces are not found everywhere but in some specific sites within the old conventus bracarensis territory. Most of those locations are associated to heterogeneous settlements, but some others cannot be associated to inhabited areas. In this latter case, the sculptures could have been linked to key points in the territory (crossroads, hills, relevant piks, etc). Finally, engraved inscriptions seem concurrent with their corresponding sculptures, so this is a significant clue for the chronology of this unique statues of warriors.
gallego_castros	poblado fortificado Edad del Hierro Galicia dimensiones	openalex	Construyendo espacios: la ciudad iberoamericana virreinal	2020	Peter Lang D eBooks	1	yes	10.3726/b16702	https://www.peterlang.com/library_access?document_id=1111324&product_form=ebook&publication_type=pdf	es	The objective of the present work is to highlight the importance of the methods of territorial control in the context of the first continental expansion of the Crown of Castile in Tierra Firme. Particular attention will be devoted to the uses of outposts, settlements and colonies, including Santa Maria la Antigua del Darien. The contingents were made of pioneers, displaced in partially unknown areas, and numerous tactical manoeuvres implied significant defeats. This caused serious damage to their staff. These aspects, as part of a set of elements and phenomena of war, cannot be analysed outside their context, which included the collaboration of the Indians and the ability to adapt to new local realities. Since the local natives disappeared without leaving written traces of their culture, we will use the few chronicles that the scholars, especially in the early-modern age, dedicated to the process, together with the abundant documentary material and the scientific production of historians and archaeologists.
gallego_castros	cultura castrexa arquitectura defensiva noroeste	openalex	Análisis espacial de un territorio altomedieval: Nendos (La Coruña)	2006	Arqueología y Territorio Medieval	1	yes	10.17561/aytm.v13i1.1518	https://revistaselectronicas.ujaen.es/index.php/ATM/article/download/1518/1299	es	La combinación de Sistemas de Información Geográfica y técnicas de análisis espacial en arqueología territorial permiten profundizar en el conocimiento de las estructuras de poblamiento a lo largo de la historia y observar relaciones y tendencias -no datos absolutos- inaprehensibles de forma directa y visual. Aplicando esta metodología al estudio de un territorio altomedieval del noroeste de Galicia, a través de una perspectiva diacrónica y mediante la integración de diversos tipos de fuentes, se puede observar una evolución continua y sin rupturas de las estructuras de poblamiento desde la Antigüedad, especialmente a partir de modelos tardorromanos, hasta la Plena Edad Media, en un proceso en el que las aldeas o “villae” y las iglesias son los elementos clave en la articulación territorial.
gallego_castros	cultura castrexa arquitectura defensiva noroeste	openalex	Las Estatuas Galaico Lusitanas en posición de parada. II Contextualización Cronoestilística y función	2022	Portugalia Revista de Arqueologia do Departamento de Ciências e Técnicas do Património da Faculdade de Letras da Universidade do Porto	1	yes	10.21747/09714290/port43a3	https://ojs.letras.up.pt/index.php/Port/article/download/12213/11105/42733	en	The second part of our study starts with a review of the current state of knowledge about pre-Roman sculpture out of the Greco-Italic area, confirming the lack of any relationship between Castro sculpture in the NW of the Iberian Peninsula and the local sculpture tradition during the Bronze Age or the Iberian and Barbarian European sculpture. Next, we deal a formal analysis of the standing warriors, paying attention to both the arms depicted (there are similar examples at the end of the first century BC) and the inherited techno-stylistic solutions from Greco-Italic tradition. Finally, we propose a functional interpretation for these warrior statues as a Roman artistic creation in order to promote the recruitment of auxiliary troops during Cantabrian Wars.
gallego_castros	castros Trasancos Ferrolterra arqueologia	crossref	Cuba Without the Castros	2019	Dissent	1		10.1353/dss.2019.0006		en	
gallego_castros	castros Trasancos Ferrolterra arqueologia	crossref	Arqueologia e público: pesquisas e processos de musealização da arqueologia na imprensa brasileira	2015	Revista Arqueologia Pública	1		10.20396/rap.v3i1.8635801			 Este artigo desenvolve uma reflexão sobre Museus, Arqueologia e Imprensa. Seu objetivo é discutir como a Arqueologia é apresentada para o grande público pela imprensa e que papel cabe à musealização da Arqueologia na relação entre Arqueologia e público. O texto compara as matérias publicadas na mídia escrita em 2000 e 2006 e tenta compreender que imagens de arqueólogos, da Arqueologia e dos museus de Arqueologia são construídas por estes veículos de comunicação. 
gallego_castros	castros Trasancos Ferrolterra arqueologia	crossref	Arqueologia com a cidade	2022	Revista Arqueologia Pública	1		10.20396/rap.v17i00.8668669			 A Arqueologia Urbana na Cidade de São Paulo propiciou o desenvolvimento de um novo conceito, extrapolando os já estabelecidos para essa temática: arqueologia na, da e para a cidade; porém, agregando-os e explorando aspectos que se aproximam da arqueologia pública, sintetizados na ideia de uma arqueologia com a cidade. Seu desenvolvimento, no entanto, se deu primeiramente através de aspectos relacionados a Sociomuseologia, em uma tarefa dentro da perspectiva de uma Ciência Social Nômade e pautada pelo processo de ressignificação. Junto a esses agrega-se o fator de se pensar uma cidade, das proporções de São Paulo, considerando-a, em seu todo, um sítio arqueológico e com uma perspectiva de não exclusão social. 
gallego_castros	castros Trasancos Ferrolterra arqueologia	crossref	Aportación a la cronología de los castros sorianos	1985	Cuadernos de Prehistoria y Arqueología	1		10.15366/cupauam1985.12.017			
gallego_castros	castros Trasancos Ferrolterra arqueologia	crossref	A musealização da arqueologia	2014	Revista de Arqueologia	1		10.24885/sab.v26i2.383			 Este artigo tem como inspiração a tese de doutorado homônima, defendida em 2012 no Programa de Pós-Graduação em Arqueologia, da Universidade de São Paulo. Como premissa basilar, defendemos que existem barreiras, muitas vezes intransponíveis, entre a produção de conhecimento em arqueologia e a sociedade. Nesse cenário, os museus figuram como as principais janelas que se abrem entre o conhecimento construído em arqueologia e o público não especialista. Buscamos, com este artigo, identificar e apontar para aqueles ruídos que interferem nos fluxos de informações gerados pela cadeia operatória de musealização daarqueologia, por intermédio de um diagnóstico museológico, aplicado em dois estudos de caso: Museu de Arqueologia de Xingó (MAX) e o Museu Arqueológico de Sambaqui de Joinville (MASJ). 
gallego_castros	Gallaecia castella oppida romanizacion poblamiento	crossref	A difusão do Priscilianismo pela Gallaecia: o testemunho de Idácio de Chaves * The diffusion of Priscillianism for through Gallaecia: the testimony of Hydatius of Chaves	2012	História e Cultura	1		10.18223/hiscult.v1i1.465			" &lt;p class=""MsoNormal"" style=""margin-bottom: 0.0001pt; text-align: justify;""&gt;&lt;span style=""font-family: ""&gt;O presente artigo tem o intuito de realizar uma análise da crônica do bispo Idácio de Chaves. Esse episcopal era um fiel seguidor do Concílio de Niceia e, por isso, era totalmente contra as interpretações cristãs que diferiam da oficial, o cristianismo ortodoxo. Na região de seu episcopado, Idácio teve que lidar com uma interpretação cristã chamada de priscilianismo, a qual teve muita aceitação pela população. Apesar de não ser adotada em larga escala por um povo bárbaro, como o arianismo, a mesma acabou se difundido de tal modo na região da &lt;em&gt;Gallaecia&lt;/em&gt; que viria a ser um dos motivos por qual Idácio de Chaves acreditava que a unificação religiosa do Império Romano na região estava ameaçada. Temos a intenção de discorrer nesse artigo sobre a difusão do priscilianismo nessa região durante finais do século IV d.C. até meados do século V d.C. e de interpretar o que foi essa &lt;em&gt;heresia &lt;/em&gt;para Idácio de Chaves.&lt;/span&gt;&lt;/p&gt; &lt;p class=""MsoNormal"" style=""margin-bottom: 0.0001pt; text-align: justify;""&gt;&lt;span&gt;&lt;strong&gt;&lt;span style=""font-family: ""&gt;Palavras-chave:&lt;/span&gt;&lt;/strong&gt;&lt;/span&gt;&lt;span&gt;&lt;span style=""font-family: ""&gt; &lt;/span&gt;&lt;/span&gt;&lt;span style=""font-family: ""&gt;Priscilianismo &lt;span&gt;&lt;span style=""background: #FBFBF3;""&gt;–&lt;/span&gt;&lt;/span&gt; &lt;em&gt;Gallaecia&lt;/em&gt; &lt;span&gt;&lt;span style=""background: #FBFBF3;""&gt;–&lt;/span&gt;&lt;/span&gt; Idácio de Chaves.&lt;span&gt;&lt;/span&gt;&lt;/span&gt;&lt;/p&gt; &lt;p class=""MsoNormal"" style=""margin-bottom: 0.0001pt; text-align: justify;""&gt; &lt;/p&gt;&lt;p class=""MsoNormal"" style=""margin-bottom: 0.0001pt; text-align: justify;""&gt;&lt;span&gt;&lt;strong&gt;&lt;span style=""font-family: ""&gt;Abstract:&lt;/span&gt;&lt;/strong&gt;&lt;/span&gt;&lt;span&gt;&lt;span style=""font-family: ""&gt; &lt;/span&gt;&lt;/span&gt;&lt;span style=""font-family: 'Times New Roman', serif;"" lang=""EN-US""&gt;This paper aims to carry out an analysis about the chronicle of the Bishop Hydatius. This espiscopate was a loyal believer of the Council of Nicaea and, for that reason, he was thoroughly against Christian interpretations which were different from the official one, the orthodox Christianity. In his episcopal region, Hydatius had to deal with a Christian interpretation called Priscillianism, which had a lot of acceptance by the population. Although it was not largely adopted by a barbarian population like arianism, it became much widespread in the region of &lt;em&gt;Gallaecia &lt;/em&gt;which would be one of the reasons in which Hydatius believed that the religious unification of Roman Empire in the region was endangered. In this article, we aim to talk about the diffusion of Priscillianism in this region during the end of IV Century a.C. until in the middle V Century a.D. and to interpret what this heresy was to Hydatius of Chaves.&lt;/span&gt;&lt;/p&gt; &lt;p class=""MsoNormal"" style=""margin-bottom: 0.0001pt;""&gt;&lt;span&gt;&lt;strong&gt;&lt;span style=""font-family: "" lang=""EN-US""&gt;Keywords:&lt;/span&gt;&lt;/strong&gt;&lt;/span&gt;&lt;span&gt;&lt;span style=""font-family: "" lang=""EN-US""&gt; &lt;/span&gt;&lt;/span&gt;&lt;span style=""font-family: "" lang=""EN-US""&gt;Priscillianism &lt;span&gt;&lt;span style=""background: #FBFBF3;""&gt;– &lt;/span&gt;&lt;/span&gt;&lt;em&gt;Gallaecia&lt;/em&gt; &lt;span&gt;&lt;span style=""background: #FBFBF3;""&gt;– &lt;/span&gt;&lt;/span&gt;Hydatius of Chaves.&lt;/span&gt;&lt;/p&gt; "
gallego_mamoas	mamoa tumulo megalitico Galicia dimensiones diametro	crossref	A poesia transcendente de Parnaso de alem-tumulo			1		10.47749/t/unicamp.2001.223055			
gallego_mamoas	megalitismo noroeste peninsular necropolis tumular	openalex	"La Necrópolis del “Corral de Mola” (Uncastillo, Zaragoza) y su contexto en el Ebro Medio durante la Edad del Hierro / The Necropolis of the ""Corral de Mola"" (Uncastillo, Zaragoza) and its context in the Middle Ebro during the Iron Age"	2017	Cuadernos de Prehistoria y Arqueología de la Universidad Autónoma de Madrid	1	yes	10.15366/cupauam2017.43.004	https://revistas.uam.es/cupauam/article/download/9038/9299	es	En este trabajo se presenta el estudio definitivo de la necrópolis tumular de incineración del Corral de Mola en la comarca de las Cinco Villas (Zaragoza). A partir de sus estructuras funerarias y de sus ajuares, se establece su contexto crono-cultural y geográfico, el de la zona occidental del valle medio del Ebro, emparentando dicho yacimiento, así como otros cercanos a él, con el grupo de necrópolis protohistóricas del valle medio del Ebro. Dicho grupo se caracteriza por el uso exclusivo de la cremación, la arquitectura tumular y la riqueza de sus ajuares, especialmente los metálicos y cerámicos. Sus paralelos con las necrópolis navarras, del Ebro medio y aquitanas permiten plantear unas relaciones muy estrechas entre las dos áreas al norte y sur de los pirineos, al menos constatables entre los siglos VII y V a. C., periodo que supone un proceso de jerarquización social y ascenso de determinadas élites que pueden rastrearse a partir de la presencia de algunos enterramientos con ajuares singulares.Palabras clave: Necrópolis, túmulos, incineración, protohistoria, valle medio del Ebro, Aquitania.AbstractIn this paper the definitive study of the tumular cemetery of incineration Corral de Mola in the region of the Cinco Villas (Zaragoza) is presented. From their funerary structures and their grave goods, his chrono-cultural and geographical context, that of the western valley of the Ebro, becoming related that site as well as other close to him, with the group protohistoric necropolis is middle Ebro valley. This group is characterized by the exclusive use of cremation, tumular architecture and its rich grave goods, especially metal and ceramic. Its parallels with the navarran cemeteries, middle Ebro and raise aquitaines allow very close relations between the two areas north and south of the Pyrenees, at least ascertainable between 7th -5th centuries. C., a period that involves a process of social hierarchy and promotion of certain elites that can be traced from the presence of some burials with unique grave goods.Key words: Cemetery, tumuli, incineration, protohistory, middle Ebro valley, Aquitaine.
gallego_mamoas	megalitismo noroeste peninsular necropolis tumular	openalex	Parasitic frequentation or cultural continuity? The re-use of megalithic monuments in the Ancient / Middle Bronze Age of the Mondego’s Platform	2018	Portuguese National Funding Agency for Science, Research and Technology (RCAAP Project by FCT)	1	yes		http://hdl.handle.net/10451/36451	en	Reuse of the big dolmens, with long and well developed corridors, during the First Bronze Age (Early / Middle Bronze Age – EBA/MBA) has been, for some time, a well known situation in different areas of Portugal, namely in the Mondego’s Platform. Regionally, this type of monuments were usually built in the Late Neolithic and their first use seems to terminate with that period’s end, exceptionally reaching the regional Chalcolithic; in a few known cases the corridor’s entrance was then ritually closed. If the fact of the reuse of big dolmens in the EBA/MBA is well known and generally accepted, the reasons behind this fact remain otherwise very much open to discussion. Is the phenomenon a simple reuse of a funerary space whose functional memory has been preserved or are there, behind it, other reasons associated with the transformations and socio-cultural changes of the transition tothe Bronze Age? These and other questions that are raised by such re-uses are then discussed taking into account recent progresses in our knowledge of the transitional processes between the Chalcolithic and the EBA in Iberia.
gallego_mamoas	megalitismo noroeste peninsular necropolis tumular	crossref	De Gibraltar aos Pirenéus: megalitismo, vida e morte na fachada atlântica peninsular: arqueologia, património e turismo	2024		1		10.51427/10400.5/95883			
gallego_mamoas	megalitismo noroeste peninsular necropolis tumular	crossref	Consideraţii arheologice privind necropola tumulară de la Silvaşu de Jos-„Dealu Ţapului” (oraş Haţeg, jud. Hunedoara) / Archaeological Considerations Regarding the Tumular Necropolis from Silvaşu de Jos-Dealul Ţapului (Haţeg Town, Hunedoara County)	2016	Analele Banatului XXIV 2016	1		10.55201/zxjt4321		en	 The archaeological site from Silvașu de Jos-Dealu Țapului was considered as being a tumular cemetery belonging to the latest phase (III) of the Coțofeni culture. New data obtained during the research campaign from 2015 proved that from the stratigraphical point of view the inhumation grave from mounds M3 is younger than the features belonging to Coțofeni III stage, from the same barrow. The AMS dates obtained from this site (4 belonging to the inhumations graves and 4 to the Coțofeni III features) supports very well these stratigraphical observations. Consequently the Coțofeni III features should be framed between 3322–3062 cal BC and the inhumations graves stage between 2810–2642 cal BC. Thus, based also on the rite and rituals elements, the inhumations graves from Silvașu de Jos barrows can be considered part of the later stage of the Ochre Graves. 
gallego_mamoas	megalitismo noroeste peninsular necropolis tumular	crossref	Un modelo de implantación de Roma en el Noroeste peninsular: la construcción de graneros sobreelevados en los castros	2020	No 4 (2020): Homenaje a la Profesora Carmen Fernández Ochoa	1		10.15366/ane4.ochoa2020.020			 En este artículo analizamos la economía agraria durante el proceso de implantación romana en el noroeste peninsular. A diferencia de lo que evidencian los resultados de los análisis arqueobotánicos, con pocos cambios importantes en la producción cerealista, destacamos un fenómeno muy particular del noroeste peninsular que comprende la construcción de graneros sobreelevados (horrea) en los castros. A partir de este estudio planteamos que esta concentración del excedente agrario es producto de los procedimientos de control, gestión y administración de las reservas dentro de una acción, planificación y programación de Roma en la región noroccidental de Hispania. 
gallego_mamoas	medorra arca dolmen Galicia paisaje megalitico	crossref	La construcción del paisaje cristiano de Galicia: hacia la definición de un modelo de transformación	2015	Estudos do Quaternário / Quaternary Studies	1		10.30893/eq.v0i12.121			" El monoteísmo y el universalismo cristianos llevan implícita su difusión por todas partes. Se convierten las personas y sus prácticas, pero también el orden del tiempo y las percepciones del espacio. En el artículo se estudian los procedimientos seguidos para construir el paisaje cristiano de Galicia. La metodología empleada es una combinación de arqueología del paisaje, arqueoastronomía e historia de las religiones. Se aprecia una reutilización coherente de los paisajes paganos preexistentes, sobre todo de la Edad del Hierro celta, sin que ello suponga una subordinación de la Iglesia sino, por el contrario, un reaprovechamiento del pasado desde una posición dominante.&#x0D;
The making of the galician christian landscape: towards the definition of a model of transformation - Monotheism and Christian universalism aim to be spread everywhere. People and practices become Christian, but also the order of time and the perceptions of space. In our work we study the procedures implemented to build up the Christian landscape of Galicia. The methodology is a combination of landscape archeology, archaeoastronomy and history of religions. We can detect a coherent reuse of pre-existing pagan landscapes, especially those of the Celtic Iron Age, but this does not imply the subordination of the Church but, o the opposite, a reading of previous landscapes from a dominant position. "
gallego_castros	poblado fortificado Edad del Hierro Galicia dimensiones	crossref	Aproximación al poblamiento fortificado de la Edad del Hierro en la Comunidad de Madrid a través de LiDAR y Tecnologías de Información Geográfica	2025	Gladius	0		10.3989/gladius.2025.427			 Mediante el empleo de datos LiDAR y la generación de modelos digitales del terreno se han identificado los sistemas defensivos de los yacimientos prerromanos fortificados de la Comunidad de Madrid (España). Además, se han estudiado diferentes características de estos sitios, como su accesibilidad, prominencia o capacidad visual, en un Sistema de Información Geográfica. Los principales resultados de los distintos análisis permiten descartar la existencia de una preferencia locacional única a la hora de ubicar los sitios, que se caracterizan por su gran adaptabilidad al terreno y al relieve. Además, a pesar de su reducido número, se documenta una gran heterogeneidad de sistemas defensivos, incluyendo fosos, terraplenes, murallas y torres. 
gallego_castros	poblado fortificado Edad del Hierro Galicia dimensiones	crossref	La cultura material de la Edad del Hierro en Cantabria (España)	2022		0		10.30861/9781407360256			 En este libro se lleva a cabo un estudio de las características y la evolución de la cultura material durante la Edad del Hierro en Cantabria. Para ello se ha procedido al análisis y estudio de todo el registro material procedente de los yacimientos adscritos a este periodo. Gracias a ello ha sido posible caracterizar la cultura material de la Primera y la Segunda Edad del Hierro, estudiar las distintas producciones cerámicas, conocer el momento de introducción del torno de alfarero y de la metalurgia del hierro o afrontar distintos aspectos socioeconómicos como la agricultura, ganadería o el comercio empleando para ello únicamente los datos arqueológicos. Así mismo se han incorporado al discurso los datos procedentes de las campañas inéditas realizadas en los castros de Argüeso-Fontibre (Campoo de Suso) y Las Rabas (Campoo de Enmedio) y se ha afrontado la problemática sobre el uso de las cuevas durante el periodo. 
gallego_castros	poblado fortificado Edad del Hierro Galicia dimensiones	crossref	Urbanismo en el Levante Meridional, de la edad de Bronce tardío a la edad del Hierro II (ca. 1600-600 aec)	2023	Revista Bíblica	0		10.47182/rb.85.n1-2-2023350		es	" El período que va desde la Edad del Bronce Tardío hasta la Edad del
Hierro II en el Levante meridional (ca. 1600-600 a. e. c.) ha sido clave para la arqueología
siro-palestina pues, con base en el relato bíblico, se lo considera el momento
cuando se produjo el establecimiento de los israelitas y la conformación de
la Monarquía Unida, seguida por los reinos de Israel y de Judá. El objetivo de este
artículo es ofrecer un resumen actualizado sobre las características y los cambios
en los sistemas de asentamiento urbano durante dicho período, para lo cual se analizan
evidencias arqueológicas y epigráficas. "
gallego_castros	poblado fortificado Edad del Hierro Galicia dimensiones	crossref	Las poblaciones costeras de la Edad del Hierro en la Península de Omán	2016	ISIMU	0		10.15366/isimu1999.2.025			 The archaeological research in Magan is relatively recent. Several Archaeological Missions are working now in the Oman Peninsula, where the sites can be dated from 3th millennium BC. The most important settlements belong to the iron Age, when the population is not only nomad but also sedentary. The permanent settlements are in the interior oasies, on the mountains and close to the coast. The sites along the Persian Gulf and Indian Ocean coast are very usual. Most of them are only a shell mounds without associate structures, but several villages have been excavating too. 
gallego_castros	poblado fortificado Edad del Hierro Galicia dimensiones	crossref	Concepciones religiosas del más allá en la Edad del Hierro de la Península de Omán: una visión aproximativa desde las arenas del Rub Al-Khali	2016	ISIMU	0		10.15366/isimu1999.2.028			 Rub'al-Khali is one of the largest and most arid deserts on the planet. The extreme conditions experienced in that region have had a strong influence on the existence of man since ancient times. The Iron Age peoples in the Oman Peninsula were no exception. This article centres mainly on the search for evidence of their religious beliefs with respect to the afterlife, based not only on the archaeological finds in this area, but also on those from the opposite extreme of the desert, which seems to reflect a similar way of life, and on the ethnographical observations carried out in the Oman Peninsula before the oil boom. 
gallego_castros	poblado fortificado Edad del Hierro Galicia dimensiones	crossref	El castro de Elviña (A Coruña, Galicia): monumentalización, espacios rituales y contactos en el final de la Edad del Hierro.	2026	SPAL. Revista de Prehistoria y Arqueología de la Universidad de Sevilla	0		10.12795/spal.2026.i35.03			" El yacimiento de Elviña (A Coruña) es uno de los castros más conocidos del noroeste peninsular, tanto por la precocidad de las intervenciones arqueológicas desarrolladas en él, desde los años cuarenta del pasado siglo, como por los hallazgos singulares de piezas de orfebrería. En las últimas décadas ha sido objeto de diferentes intervenciones parciales, que han
ido descubriendo algunos sectores del poblado. Este trabajo se centra en la presentación e interpretación de algunas estructuras excavadas (o re-excavadas) en 2017: el gran acceso al castro a través de la muralla más exterior, la puerta suroeste del
recinto superior y un edificio situado en ese mismo recinto superior, de estructura tripartita y caracterizado por la presencia
de betilos. Todo ello indica un proceso de monumentalización de los accesos y las murallas y la creación de un espacio singular, relacionado con aspectos rituales y contactos de la comunidad indígena con el mediodía peninsular y el Mediterráneo
entre el II a.C. y el cambio de era. Esto es coherente con la presencia de piezas procedentes de esas áreas en contextos en los
que predominan las manufacturas indígenas. "
gallego_castros	poblado fortificado Edad del Hierro Galicia dimensiones	openalex	El procesado de oro y plata en la II Edad del Hierro del Noroeste peninsular: producción local e intercambio.	2025	SPAL Revista de Prehistoria y Arqueología de la Universidad de Sevilla	0	yes	10.12795/spal.2025.i34.07	https://doi.org/10.12795/spal.2025.i34.07	es	Se presentan los resultados de un primer estudio arqueométrico sobre materiales cerámicos con evidencias de procesado de metales preciosos en los que, combinando el estudio topográfico con técnicas de análisis superficial (pXRF y SEM-EDS), se ha podido confirmar la presencia de oro y/o de plata. Se trata de cerámicas de diversa morfología que aparentemente fueron reutilizadas en actividades metalúrgicas. Proceden de contextos arqueológicos bien definidos de los asentamientos de La Corona de Corporales (Truchas, León), El Castro del Monte Trega (A Guarda, Pontevedra), El Castiellu de Llagú (Oviedo, Asturias), El Castro de Alava (Salas, Asturias). Sus dataciones van desde el siglo IV al I a. C. Los restos analizados indican una forma de producción poco estandarizada, que se desarrolla en el interior de los poblados, en un contexto comunitario o doméstico. La presencia conjunta en algunos casos de metales preciosos y de otros metales (cobre, bronce, hierro) indica que el trabajo se llevaba a cabo en los mismos lugares y permite plantear la discusión de qué tipo de artesanos (locales, itinerantes) se encargaban de la fabricación de las piezas y su grado de especialización. Otra cuestión relevante es la procedencia de la plata, analizada mediante isótopos de plomo. Aunque aún se desconocen las marcas isotópicas de los yacimientos locales, los resultados apuntan a zonas meridionales de la península.
gallego_castros	poblado fortificado Edad del Hierro Galicia dimensiones	openalex	Los recintos fortificados como marco de desarrollo de la cultura castreña en el norte de la Península Ibérica	2007	Espacio Tiempo y Forma Serie II Historia Antigua	0	yes	10.5944/etfii.19.2006.4463	https://revistas.uned.es/index.php/ETFII/article/download/4463/4302	es	Los centros de población indígena (castros) y el territorio que les circunda constituyen el ámbito de explicación no sólo del poblamiento de estas comunidades del Norte peninsular sino también de su organización económico-social. Esta base material, que incluye el territorio controlado y explotado por los habitantes de cada uno de los poblados, experimentará algunos cambios en tiempos romanos, dándose paso entonces a su petrificación (edificaciones de piedra). Las transformaciones de la presencia romana no alteran sustancialmente las estructuras constructivas castreñas, produciéndose sin embargo cambios profundos en la organización de su territorio a través de las civitates. Este tipo de poblamiento pervive en tiempos romanos en conexión con ciertas formas de organización indígena.Centres inhabited by native population (castros) and the territory around them lie at the heart not only of the process that explains how these communities became gradually inhabited, but also of their economic and social organization. This material basis, which includes the territory controlled and exploited by the inhabitants of each settlement, will undergo some changes in Roman times. It will be precisely then that the buildings will be built in stone. The changes in Roman times will not on the one hand effect the structures of the «castros», but they will, on the other, transform the organization of the territory, above all by means of the civitates. This type of settlement is connected in Roman times with some given forms of native organization.
gallego_castros	poblado fortificado Edad del Hierro Galicia dimensiones	openalex	SÍTULAS Y BANQUETES DIVERGENTES EN EL MUNDO CASTREÑO DEL S. I A. C.	2018	Conimbriga Revista de Arqueologia	0	yes	10.14195/1647-8657_56_2	https://impactum-journals.uc.pt/conimbriga/article/download/1647-8657_56_2/4609	es	El análisis arqueológico del potencial simbólico de los fenómenos de las sítulas castreñas permite abordar las dinámicas específicas en el tránsito del fin de la Edad del Hierro y el periodo posterior a la conquista efectiva romana (siglos I a. C. –I d. C.). Se trata de un registro material muy homogéneo, constatado principalmente a través de los restos de los moldes de fundición, entre la tradición atlántica y la innovación mediterránea tanto en lo tecnológico, como en lo decorativo y lo funcional. Se propone que la difusión del modelo material no tendría por qué haber ido acompañada de la expansión de un mismo sentido ni funcional ni simbólico. Muy al contrario, como demuestra la propia elaboración local en cada castro y la inexistencia de centros productores regionales, con lalimitación consecuente de los intercambios, se trataría de una reapropiación a distintas velocidades del modelo con consecuencias divergentes en las formas de convivialidad.
gallego_castros	poblado fortificado Edad del Hierro Galicia dimensiones	openalex	La formación del dominio político y territorial: del Realengo al Señorío en León	2003	Arqueología y Territorio Medieval	0	yes	10.17561/aytm.v10i2.1554	https://revistaselectronicas.ujaen.es/index.php/ATM/article/download/1554/1333	es	El objetivo de este artículo es presentar algunas cuestiones sobre la formación del dominio político desde las aportaciones de la arqueología del territorio, tomando como marco espacial y temporal las tierras asturleonesas entre la alta y la baja Edad Media, y como referente más amplio la génesis, implantación y evolución del sistema social feudal.
gallego_castros	poblado fortificado Edad del Hierro Galicia dimensiones	openalex	El Molón, su Historia a través del Tiempo	2010	Virtual Archaeology Review	0	yes	10.4995/var.2010.4702	http://polipapers.upv.es/index.php/var/article/download/4702/4841	en	&lt;p&gt;Inside the different resources used for the carrying out of the Project of Archaeological Theme Park realized in the “El Molón” village, there are collect a series of new works in the field of the virtual archaeology. The purpose is to complement a project that supposes an important company for the repercussions both for the economic and social development of the Camporrobles village and for the cultural patrimony of the Valencian Community. This type of projects combine the current importance an increasing importance as for they suppose a practice of valuation and enjoyment of the cultural goods with an operative concept that demands a concrete action: protection and valuation of the environmental environment, conservation and possibility of visiting of the site and involution of its dimension social and cultural through of methods as the virtual reality, 3d, recreations or visual documentation..&lt;/p&gt;
gallego_castros	poblado fortificado Edad del Hierro Galicia dimensiones	openalex	Maestros foráneos en una academia precaria: Maluquer y la protohistoria del Occidente atlántico	2013	RACO (Revistes Catalanes amb Accés Obert) (Consorci de Serveis Universitaris de Catalunya)	0	yes		http://raco.cat/index.php/RAP/article/view/283588	es	Es bien sabido —y el presente dossier lo demuestra una vez mas— que Joan Maluquer de Motes (1915-1988) fue un autor prolifico y erudito, que escribio con solvencia sobre numerosos temas de la arqueologia de la Peninsula Iberica. Entre ellos se cuentan, aunque no esten desde luego entre sus lineas de investigacion preferentes, el Bronce Atlantico y los castros del Noroeste. Analizando su trayectoria, es posible pensar al menos en tres razones para explicar el interes de Maluquer en la protohistoria del Occidente atlantico. En primer lugar, la vocacion generalista y de sintesis que compartia con los principales catedraticos de Prehistoria y Arqueologia de la epoca, a los cuales debemos unos cuantos manuales y colaboraciones en enciclopedias durante la dictadura y los primeros anos de la democracia. Asi, la participacion de Maluquer en la Historia de Espana de Menendez Pidal (Cortadella, en este dossier) o su libro La humanidad prehistorica (Maluquer 1958a) se inscriben en una tendencia a la sintesis y el compendio que tambien cultivaron Martin Almagro Basch, Antonio Blanco Freijeiro, Antonio Garcia y Bellido o Luis Pericot, por citar algunos de los mas relevantes. En segundo lugar, y como reflejan sus publicaciones, Maluquer asumia que un adecuado analisis del problema de Tartessos —que Maestros foraneos en una academia precaria: Maluquer y la protohistoria del Occidente atlantico Xose-Lois Armada
gallego_castros	poblado fortificado Edad del Hierro Galicia dimensiones	openalex	Arqueologicas del espacio: aproximacion a los modos de existencia de los “xscapes”	2015	DIGITAL.CSIC (Spanish National Research Council (CSIC))	0	yes		http://hdl.handle.net/10261/118251	es	Versión en castellano de la publicación original en inglés; es diferente a la versión original pues incluye precisiones conceptuales y argumentos más extensos que añaden una longitud extra de 4800 palabras.-- Spanish version of the original English publication. This text is significantly different of the English version. It includes some concepts definitions and extended discussions; altogether it has got 4800 extra words.
gallego_castros	poblado fortificado Edad del Hierro Galicia dimensiones	openalex	La construcción discursiva del género en los libros de texto: el caso de la Prehistoria del noroeste peninsular	2025	Arenal Revista de historia de las mujeres	0	yes	10.30827/arenal.v32i1.31066	https://revistaseug.ugr.es/index.php/arenal/article/download/31066/29462	es	En este trabajo nos proponemos afrontar la producción discursiva del pasado prehistórico en el ámbito de la educación formal desde una perspectiva crítica, reflexiva y feminista, dentro del marco conceptual de la Arqueología Pública. El objetivo es identificar los patrones y tendencias discursivas imperantes, tanto en su vertiente textual como visual, atendiendo a las especificidades territoriales del noroeste peninsular y a su dimensión social, haciendo un especial hincapié en la configuración de la imagen de la mujer, a modo de diagnosis. Para ello analizamos libros de texto gallegos publicados entre 1982 y 2020 a través de una metodología sistemática fundamentada en las estrategias y herramientas de análisis de los Estudios Críticos del Discurso. Los resultados muestran cómo los sexismos y estereotipos de género son los protagonistas proyectando el orden disimétrico de género contemporáneo y la racionalidad que lo acompaña en el pasado prehistórico donde la feminidad se construye por alteridad.
gallego_castros	poblado fortificado Edad del Hierro Galicia dimensiones	openalex	¿Castros o fortalezas? una revisión cronológica y funcional del Castiello de Fozana (Siero, Asturias) a través de sus materiales cerámicos = Hillforts or Fortress? A Chronological and Practical Revision of Fozana Casttle (Siero, Asturias) thought the Study of the Pottery Materials	2019	Espacio Tiempo y Forma Serie I Prehistoria y Arqueología	0	yes	10.5944/etfi.12.2019.23918	http://revistas.uned.es/index.php/ETFI/article/download/23918/20694	es	Desde su descubrimiento en 1957, el Pico Castiello de Fozana ha sido interpretado como uno de los principales castros del centro de Asturias. La presencia de fragmentos de terra sigillata en relación con otras piezas toscas, a mano, típicamente del periodo medieval hace necesaria una revisión mediante el estudio de estas piezas, que hacen que este denominado «castro», pudiera tener una fortificación vinculada a otra realizad, más cerca de establecimientos fortificados en la tardo antigüedad con un origen medieval. En este estudio se analiza la colección de piezas cerámicas de Fozana para ofrecer nuevos datos cronológicos en su contexto cultural, siguiendo posibles paralelismos existentes en este tipo de depósitos del Norte de la Península Ibérica.AbstractSince its discovery in 1957, we have interpreted the Picu Castiello of Fozana as one of the great forts from the center of Asturias. The presence of some sigillata ceramic fragments appeared in collusion with some typically medieval period and other thick hand forms. It is required a thorough review of the small set of materials to the suspicion, that like other so-called «hill-forts», we were fortified to a different reality, closer to the fortified settlements of late antiquity and the origin of the Middle ages. In this paper we analyze the physical pottery collection of Fozana proposing a new chronological and cultural context, following in parallel the existing problems regarding this type of deposits in Northern Iberia.
gallego_castros	poblado fortificado Edad del Hierro Galicia dimensiones	openalex	Molino rotatorio romano con inscripción «Turro» procedente del castro de San Chuis (San Martín de Beduledo, Allande, Asturias)	2014	Zephyrvs	0	yes	10.14201/zephyrus201473217229	https://revistas.usal.es/uno/index.php/0514-7336/article/download/zephyrus201473217229/12222	es	This paper presents an analysis of a catillus fragment corresponding to a rotary grain mill from the Roman era found in the San Chuis Fort in Allande, Asturias. One distinctive feature of this grain mill is the fact that it contains an inscription that mentions the word Turro. Among the possible interpretations of this epigraph, we advocate the hypothesis that this word designates the owner or user of mola manuaria. To support this theory, we analyze other mills with inscriptions found in the Roman world that refer to concrete military units –contubernium, centuria, turma– or prayers and other records from the civilian circles. In the absence of any military structure, we argue that this inscription indicates there were no military units present in that fort during that time, or that at least they didn’t adhere to a particular military hierarchy, even though this does not refute the fact that the civilian population lived in a heavily militarized area.
gallego_castros	poblado fortificado Edad del Hierro Galicia dimensiones	openalex	First report of the excavation at Peñas de Valdecastro/Icedo hillfort (Villadiego, Burgos)	2023	DIGITAL.CSIC (Spanish National Research Council (CSIC))	0	yes		https://digital.csic.es/bitstream/10261/350513/1/icedoburgos.pdf	es	[ES] El castro de Peñas de Valdecastro también conocido como castro de Icedo es un viejo conocido de la investigación arqueológica sobre la Edad del Hierro en la comarca burgalesa y palentina de Las Loras. En esta ocasión, presentamos un breve resumen sobre los trabajos de prospección y excavación desarrollados en el castro desde 2018 hasta 2022. En concreto, desarrollaremos los resultados de la excavación efectuada sobre el acceso en embudo ubicado en el lienzo norte de la muralla. Este elemento defensivo, similar al acceso conocido para el cercano de oppidum de La Ulaña, es también uno de los puntos mejor conservados del castro. La excavación arqueológica ha deparado una valiosa información para comprender mejor el momento de construcción, la cultura material empleada por sus habitantes y el aprovechamiento de la cabaña ganadera.
gallego_castros	poblado fortificado Edad del Hierro Galicia dimensiones	openalex	ARQUEOLOGÍA HISTÓRICA EN REY DON FELIPE (PUERTO DEL HAMBRE): 50 AÑOS DESPUÉS DE ORTIZ-TRONCOSO	2023	Magallania	0	yes	10.22352/magallania202351014	http://magallania.cl/index.php/magallania/article/download/1333/968	es	Este artículo retoma el trabajo en Rey Don Felipe (Puerto del Hambre), dando continuidad a las investigaciones iniciadas hace medio siglo por el arqueólogo Omar Ortiz-Troncoso. Se resume el conocimiento histórico-arqueológico previo y se dan a conocer nuevos análisis estratigráficos, artefactuales y ecofactuales obtenidos a partir de prospecciones y excavaciones en el sitio entre los años 2019 y 2022. De este modo, se evalúan las conclusiones planteadas por distintos investigadores en torno a la relevancia del asentamiento, materialidades y ocupaciones identificadas. Se proponen cuatro ocupaciones principales en el asentamiento y se releva el potencial interpretativo de nuevas líneas de evidencia respecto de los procesos coloniales estudiados por la arqueología.
gallego_castros	poblado fortificado Edad del Hierro Galicia dimensiones	openalex	La ictiofauna de los yacimientos arqueológicos del noroeste de la Península Ibérica = Fishes in archaeological sites in the nort-west of Iberian peninsula	2014		0	yes	10.18002/10612/3378	https://buleria.unileon.es/bitstream/10612/3378/1/ictiofauna%20del%20noroeste.PDF	es	
gallego_castros	poblado fortificado Edad del Hierro Galicia dimensiones	openalex	Asentamientos rurales en el sur de la Lusitania entre la fase tardo-republicana y el inicio de la época imperial romana	2026		0	yes	10.63114/paisrom4	https://clavis.es/index.php/erg/catalog/download/46/119/408	es	Durante los últimos años, un equipo de arqueólogos de las Universidades de Frankfurt, Dublín e Innsbruck, en cooperación con la empresa de Arqueología ARKHAIOS Lda. (Évora), tuvo la posibilidad de estudiar sistemáticamente algunos nuevos yacimientos romanos en el ámbito rural del Sur de la Lusitania. Estos estudios pueden ser utilizados como paradigmas para entender mejor los conceptos de «aculturación» y «romanización» del extremo oeste de la Península Ibérica La integración tardía de esta zona en el mundo romano, que no se afianzó hasta finales del siglo I a.C., se encuentra bien ilustrada con un asentamiento fortificado en la vía de comunicación entre la Meseta y el atlántico (Monte da Nora), en una población pesquera situada en un paleo-estuario de la costa sur (Cerro da Vila) y en uno de los llamados «castella / Wehgehöfte» dominando el río Guadiana desde lo alto (Castelinhos dos Mouros).
gallego_castros	poblado fortificado Edad del Hierro Galicia dimensiones	openalex	En Tierras de Hércules. Torregorda - Camposoto - Sancti Petri: Una Revisión del Patrimonio	2023	Archaeopress Archaeology eBooks	0	yes	10.32028/9781803275994	https://www.archaeopress.com/Archaeopress/download/9781803275994	en	&lt;p&gt;&lt;em&gt;En tierras de Hércules&lt;/em&gt; explores the history and archaeological heritage of the southwest coast of the Isla Gaditana – the territory where the Temple of Hercules and the Idol of Cádiz are said to have stood for more than twelve centuries: Torregorda, Camposoto and Sancti Petri.&lt;/p&gt; &lt;p&gt;The text examines the occupation sequence of Palaeolithic, Neolithic, Bronze-Age and historic societies in the area. In addition, it analyses the shaping of the landscape by geological, sedimentary and human action since the Phoenician settlement. The historical region of the Strait of Gibraltar, considered the end of the ‘known world’ until the modern age, is studied as an intercontinental and cultural bridge.&lt;/p&gt; &lt;p&gt;The core of the work is an examination of 32 groups of remains, classified according to communicational, strategic and environmental factors. This includes those relating to the underwater site of the Sancti Petri Castle, which are usually associated with the Temple of Hercules. Using manuscripts from local archives, the book documents elements such as the emergence of the underwater remains of the Temple of Hercules or the construction of canals and defensive architecture. And by means of prehistoric rock art, it examines the origins of sailing in the vicinity of Gibraltar. A final chapter recommends the investigation of the millenary intersection between the Rio Arillo channel and the Calzada de La Alcantarilla road.&lt;/p&gt;
gallego_castros	poblado fortificado Edad del Hierro Galicia dimensiones	openalex	En Tierras de Hércules. Torregorda - Camposoto - Sancti Petri: Una Revisión del Patrimonio	2023	Archaeopress Publishing Ltd eBooks	0	yes	10.2307/jj.15135952	https://www.jstor.org/stable/pdf/jj.15135952.1.pdf	es	&amp;lt;p&amp;gt;&amp;lt;em&amp;gt;En tierras de Hércules&amp;lt;/em&amp;gt; explores the history and archaeological heritage of the southwest coast of the Isla Gaditana – the territory where the Temple of Hercules and the Idol of Cádiz are said to have stood for more than twelve centuries: Torregorda, Camposoto and Sancti Petri.&amp;lt;/p&amp;gt;&amp;lt;p&amp;gt;The text examines the occupation sequence of Palaeolithic, Neolithic, Bronze-Age and historic societies in the area. In addition, it analyses the shaping of the landscape by geological, sedimentary and human action since the Phoenician settlement. The historical region of the Strait of Gibraltar, considered the end of the ‘known world’ until the modern age, is studied as an intercontinental and cultural bridge.&amp;lt;/p&amp;gt;&amp;lt;p&amp;gt;The core of the work is an examination of 32 groups of remains, classified according to communicational, strategic and environmental factors. This includes those relating to the underwater site of the Sancti Petri Castle, which are usually associated with the Temple of Hercules. Using manuscripts from local archives, the book documents elements such as the emergence of the underwater remains of the Temple of Hercules or the construction of canals and defensive architecture. And by means of prehistoric rock art, it examines the origins of sailing in the vicinity of Gibraltar. A final chapter recommends the investigation of the millenary intersection between the Rio Arillo channel and the Calzada de La Alcantarilla road.&amp;lt;/p&amp;gt;
gallego_castros	poblado fortificado Edad del Hierro Galicia dimensiones	openalex	Prácticas sociales y ejercicio del poder en las localidades. Las residencias de las élites rurales en la Castilla altomedieval	2024	Reti medievali e-book	0	yes	10.36253/979-12-215-0530-6.04	https://media.fupress.com/files/pdf/24/15557/43181	en	The goal of this paper is to discuss the social and political role of early medieval high-status settlements in the framework of landscapes of power. The identification of elite residence is one of the major challenges of early medieval archaeology because there is a profound asymmetry between the relevance and the density of aristocracies in the written record and the elusive and problematic definition of high-status settlement in material terms. European comparative analysis has shown that relationship between social status and the morphology of domestic spaces is not straightforward. In this paper it is argued that a social practice approach, aimed at exploring what has been done rather than how they might look like, would provide new insights to the understanding of this topic. Considering some case studies of early medieval Castile it is suggested that legitimation practices deployed at local and supralocal scale have determined the nature and the role of elite residences. In addition, it is explored how aristocracy identity have shaped high-status sites and the limits of the normative definition of these sites.
gallego_castros	poblado fortificado Edad del Hierro Galicia dimensiones	openalex	La tabula censualis de Pelóu (Grandas de Salime, Asturias: HEp 18, 2009, 21) en el marco del Noroeste hispano: un ensayo de definición como documento de gestión militar	2020	Archivo Español de Arqueología	0	yes	10.3989/aespa.093.020.009	https://aespa.revistas.csic.es/index.php/aespa/article/download/570/570	es	El curso de las excavaciones de 2003-2006 en el castro conocido como “Monte Castrelo” de Pelóu (Grandas de Salime, Asturias) tuvo entre otros sorprendentes hallazgos epigráficos una inscripción que ha sido considerada una posible tabula censualis. Se trata de una lista de unos cincuenta individuos inscrita en pizarra, material común del contexto geológico de la región occidental asturiana. A pesar de su importancia apenas ha recibido un tratamiento monográfico y, en general, ha tendido a admitirse su naturaleza oficial de censo. A partir de las observaciones y reservas argumentadas recientemente por López Barja sobre lo inapropiado de concederle un valor censual de este tipo, el análisis del paisaje y el método comparativo con otras listas abren nuevos caminos de cara a una mejor definición de la naturaleza del documento.
gallego_castros	poblado fortificado Edad del Hierro Galicia dimensiones	openalex	Clay, wood and stone. Architectures, household equipment and diachronies from the Second Iron Age at East Trás-os-Montes: Quinta of Crestelos (Mogadouro)	2017	Portuguese National Funding Agency for Science, Research and Technology (RCAAP Project by FCT)	0	yes		http://hdl.handle.net/1822/65705	en	Examples of architectures and household equipment made of clay, wood and stone during the Second Iron Age at the site of Quinta de Crestelos (Sabor River in the Duero valley, Northwest of the Iberian Peninsula) are presented. The archaeological excavations developed in this site between 2011 and 2014 allowed the identification of a model of catchment area unknown until now in the region, devoted to the exploitation of the lands close to the fluvial courses and with clear influences from the West Meseta. Finally, we reflect on the value of these raw materials as possible cultural and/or functional markers.
gallego_castros	poblado fortificado Edad del Hierro Galicia dimensiones	openalex	Noticias y recensiones	2021	Dipòsit Digital de Documents de la UAB (Universitat Autònoma de Barcelona)	0	yes		https://ddd.uab.cat/record/249601	es	"Obra ressenyada: Miquel TARRADELL, Quaranta anys de ""Les arrels de Catalunya"", Cota Zero. Revista d'Arqueologia i Ciència, 18 (diciembre 2003)."
gallego_castros	poblado fortificado Edad del Hierro Galicia dimensiones	openalex	Las villae con fase tardorromana. Análisis comparativo en el espacio pirenaico	2024	Antigüedad y cristianismo: Monografías históricas sobre la Antigüedad tardía	0	yes	10.6018/ayc.568481	https://revistas.um.es/ayc/article/download/568481/366291	en	The study of villae has been a common theme in historiography since the 19th century. However, it was not until a few decades ago that research focused on their final phases during Late Antiquity. Thus, the process of their decline is still a subject of debate. Although we still lack all the keys to explaining the transition between the High-Imperial villae system and the reality of Late Antiquity, the compilation of available data allows us to have a global and comparative overview. In this paper, we present a comparative analysis of the evolution of late villae in the Central-Pyrenean area (on both sides of the mountain chain) as a result of collecting archaeological data available in the bibliography and in the archives of the regional archaeological services. El estudio de las villae ha sido un tema recurrente en la historiografía desde el siglo XIX. Pese a ello, no ha sido hasta hace algunas décadas que las investigaciones se han centrado en sus momentos finales durante la tardoantigüedad. Así, su proceso de desaparición es una cuestión todavía en debate. Aunque todavía no tenemos todas las claves para comprender cómo se produce la realidad de las villae durante la Antigüedad tardía, la puesta en común de los datos disponibles sí nos permite tener una visión global y comparativa del espacio. En este artículo presentaremos un análisis comparativo de la evoluación de las villae tardías en el espacio centro-pirenaico (a ambos lados de la cordillera) fruto de la recopilación en una base de datos de los datos arqueológicos disponibles en la bibliografía y en los archivos de los servicios regionales de arqueología.
gallego_castros	poblado fortificado Edad del Hierro Galicia dimensiones	openalex	Evaluación de Impacto Arqueológico	2000	DIGITAL.CSIC (Spanish National Research Council (CSIC))	0	yes		http://hdl.handle.net/10261/5624	es	El presente volumen pretende aportar una propuesta metodologica para la realizacion de estudios de impacto arqueologico. Se parte de los fundamentos legales de este tipo de actuaciones y se establecen los criterios y procedimientos necesarios para acometer las diferentes fases que constituyen un estudio de impacto, desde la metodologia de analisis de un proyecto, pasando por una propuesta de clasificacion y valoracion de las entidades que conforman el Patrimonio Cultural, hasta la especificacion de los criterios para la diagnosis del impacto. Se sintetizan finalmente los contenidos en una exposicion de la genesis y el desarrollo logico de un estudio de impacto.
gallego_castros	poblado fortificado Edad del Hierro Galicia dimensiones	openalex	Arqueología en la ACEGA 1: el yacimiento galaicoromano de Agro de Ouzande (Silleda, Pontevedra)	2002	DIGITAL.CSIC (Spanish National Research Council (CSIC))	0	yes		http://hdl.handle.net/10261/5571	es	Este trabajo sintetiza la excavación arqueológica desarrollada en noviembre de 2001 en Agro de Ouzande (Silleda, Pontevedra). Se trata de un yacimiento de época romana descubierto durante las obras de construcción de la autopista Santiago-Alto de Santo Domingo. Esta intervención permitió exhumar un pequeño espacio habitacional con numeroso material doméstico in situ. El conjunto de datos extraídos permitirá estudiar el proceso de ocupación de las zonas bajas en la Terra de Trasdeza durante la romanización, así como la articulación de una red de poblamiento conformada más por casales o pequenos sitios que por asentamientos de mayor entidad tipo villa.
gallego_castros	poblado fortificado Edad del Hierro Galicia dimensiones	openalex	Actas XI Jornadas de Jóvenes en Investigación Arqueológica. Tarragona, 9-12 de mayo de 2018	2018		0	yes	10.51417/trama_05	https://recercat.cat//bitstream/2072/348930/1/53.83_mlf_190131_Actas%20JIA.pdf	es	Edición de las actas de las XI Jornadas de Jóvenes en Investigación Arqueológica (JIA), que tuvieron lugar en Tarragona del 9 al 12 de mayo de 2018 y que reunieron a más de 200 colegas de profesión. El volumen contiene 72 trabajos publicados tras un proceso de revisión ciega de los manuscritos presentados en el congreso. La edición incluye trabajos en castellano y catalán. La publicación ha sido posible gracias al Programa d’Integració de Centres CERCA (SUMA 2016), en el que participan el Institut Català d’Arqueologia Clàssica (ICAC), el Institut Català de Paleoecologia Humana i Evolució Social (IPHES) y el Institut Català de Recerca del Patrimoni Cultural (ICRPC).
gallego_castros	cultura castrexa arquitectura defensiva noroeste	openalex	APROXIMACIÓN AL PANORAMA HISTORIOGRÁFICO DE LA CULTURA CASTREÑA EN LA PROVINCIA DE ORENSE (y II)	1991	Cuadernos de Prehistoria y Arqueología de la Universidad Autónoma de Madrid	0	yes	10.15366/cupauam1991.18.008	https://revistas.uam.es/cupauam/article/download/1350/1323	es	Revista especializada en la publicación de trabajos originales de investigación en Prehistoria y Arqueología. Es la publicación periódica más antigua de la UAM. Su enfoque abierto a cualquier temática y época pasada, hasta la más cercana, que sea objeto de la Ciencia arqueológica se abre a una decidida proyección internacional en la que quiere basar su futuro inmediato.
gallego_castros	cultura castrexa arquitectura defensiva noroeste	openalex	¿Un castellum tardoantigo nas beiras do Miño? Estudio preliminar dos materiais tardorromanos do castro de Sta. Lucía (Freás-Astariz, Castrelo de Miño, Ourense)	2024	Minius: Revista do Departamento de Historia, Arte e Xeografía	0	yes	10.35869/mns.v0i30.5884	https://revistas.uvigo.es/index.php/mns/article/download/5884/3836	gl	Procedemos á unha breve presentación do castro de Sta. Lucía de Astariz (Castrelo de Miño), indicando as intervencións arqueolóxicas realizadas e facendo unha rápida descrición dos principais resultados arqueolóxicos obtidos en cadanseu sector escavado. Esta presentación servirá de marco xeral para o estudio cronotipolóxico dos materias tardorromanos atopados no castro, que é o obxectivo principal do artigo, sendo de destacar o material cerámico (TSFT, TSA, TSHT, GT lucense), vítreo e, especialmente, metálico (pezas de correaxe militar tardorromano). A partir desde estudio, tentaremos definir e caracterizar o castellum tardío de Sta. Lucía no contexto dos novos asentamentos e centros de poder do reino suevo-visigótico da Gallaecia.
gallego_castros	cultura castrexa arquitectura defensiva noroeste	openalex	A cividade de Bagunte. O estado atual da investigação	2020	FLUP-CITCEM eBooks	0	yes	10.21747/978-989-8970-25-1/arqa82	https://doi.org/10.21747/978-989-8970-25-1/arqa82	en	The Cividade of Bagunte is the most publicized archaeological site of the municipality of Vila do Conde. Located on a mound with great visibility over the territories to the north and south of the Ave River it called the attention and interest of various archaeologists such as Ricardo Severo and Martins Sarmento, in the end of the 19th century, and F. Russell Cortez in the 40’s of the next century. F. Russell Cortez organized digging campaigns at the site that uncovered a mixture Castrejo and Roman type buildings and structures, distributed by orthogonal spaces that already have the seal of a Roman influence in the region. The most recent archeological campaigns give us a higher precision to determine its evolution as a settlement, despite the many questions that remain unanswered
gallego_castros	cultura castrexa arquitectura defensiva noroeste	openalex	VILLA VALDÉS, A., RODRÍGUEZ DEL CUETO, F. (dirs. y coords.); Arqueología castreña en Asturias. Contribuciones a la conmemoración del Día García y Bellido, Fundación Valdés Salas – Museo Arqueológico de Asturias, Oviedo, 2019. 218 p., ilustr. B/N. ISBN: 978-84-09-15492-0.	2025	Gallaecia: revista de arqueoloxía e antigüidade	0	yes	10.15304/gall.39.8646	https://revistas.usc.gal/index.php/gallaecia/article/download/8646/15301		abierto distribuido bajo los trminos de la licencia Atribucin-NoComercial-SinObraDerivada 4.0 Internacional (CC BY-NC-ND 4.0) ) VILLA VALDS, A
gallego_castros	cultura castrexa arquitectura defensiva noroeste	openalex	Casas de planta circular en castros de la Edad del Hierro en la Península Ibérica y en las Islas Británicas	2008	UVaDOC UVaDOC University of Valladolid Documentary Repository (University of Valladolid)	0	yes		http://uvadoc.uva.es/handle/10324/9777	es	El trabajo consiste en la presentación de material inicial obtenido en un proyecto sobre las materias indicadas en el título. Se describen los componentes del tema en las Islas Británicas, y los paralelos a los mismos detectados ya en el NO de la Península Ibérica.
gallego_castros	castro galaico morfologia recinto foso parapeto	crossref	Nuevas perspectivas sobre la vida en los castros galaico-romanos	2005	Veleia	0		10.1387/veleia.3254			 El Bronce del Bierzo nos obliga a cambiar algunas ideas básicas sobre Callaecia prerromana y su romanización. Los pueblos indígenas no eran entidades cohesionadas; algunos de sus grupos internos pactaron con los romanos; otros no. Algunos de esos grupos o castella, después de la conquista, cambiaron de pueblo o civitas. La gran mayoría de los castros son posteriores a la conquista: también los grupos humanos que los poblaron. La gran transformación de los pueblos indígenas empezó en el mismo momento de la conquista. 
gallego_castros	castro galaico morfologia recinto foso parapeto	crossref	Intervista al Prof. Javier Fernández Castro	2021	Processi di insediamento informale	0		10.2307/j.ctv2gz3z16.9			
gallego_castros	castros Trasancos Ferrolterra arqueologia	openalex	LA CULTURA CASTREÑA EN GALICIA: HISTORIOGRAFÍA ARQUEOLÓGICA DE LOS ÚLTIMOS AÑOS (1980-1996)	1995	Cuadernos de Prehistoria y Arqueología de la Universidad Autónoma de Madrid	0	yes	10.15366/cupauam1995.22.005	https://revistas.uam.es/cupauam/article/download/1298/1272	es	Revista especializada en la publicación de trabajos originales de investigación en Prehistoria y Arqueología. Es la publicación periódica más antigua de la UAM. Su enfoque abierto a cualquier temática y época pasada, hasta la más cercana, que sea objeto de la Ciencia arqueológica se abre a una decidida proyección internacional en la que quiere basar su futuro inmediato.
gallego_castros	castros Trasancos Ferrolterra arqueologia	crossref	O proxecto da cooperativa educacional da 'Terra de Trasancos'	2026	Cooperativismo e economía social	0		10.35869/ces.v0i11.6557			 A cooperativa educacional 'Terra de Trasancos' foi concebida coa idea básica de dar un novo paso na organización das actividades extraescolares: darlle unha estructura formal que facilite un carácter máis permanente. Pero especialmente participa duns puntos de vista pedagóxico de especial interese: preocupación por contronta-lo problema do fracaso escolar, educación en valores democráticos, de aceptación de valores mediante a acción, na construcción dunha aprendizaxe participativa, da bagaxe necesaria para a incorporación á vida laboral activa, e por fin como instrumento pedagóxico para a solidariedade e o desenvolvemento de actividades creativas (aprendizaxe significativa 'baseada na adquisición de coñecementos vinculados á resolución dos propios problemas'). Entre os obxectivos específicos están o desenvolvemento das capacidades de comunicación, dos valores cooperativos, e facilita-la integración escolar. Descríbense os procesos de creación, avaliación, análise de viabilidade, o funcionamento dos grupos de traballo e o papel do profesor-asesor. 
gallego_castros	castros Trasancos Ferrolterra arqueologia	crossref	La hibridación cultural en los castros del entorno de Lucus Augusti (Lugo, Galicia) a través de la cerâmica común de Época Romana	2022	Portugalia: Revista de Arqueologia do Departamento de Ciências e Técnicas do Património da Faculdade de Letras da Universidade do Porto	0		10.21747/09714290/port43a4			 This  study  focuses  on  the  characterization  of  the  common  pottery  productions  present  in  Roman  contexts  from  different  deposits  in  the  surroundings  of  the  city  of  Lucus  Augusti,  with  the  main  objective of interpretate the transformations that occurred in the zone after the integration of this territory in the Roman world. Through an approach that bets on the analysis of cultural exchange that gives rise to a hybrid culture that has its echo in the pottery, we studied the productions of the hill fort of Saa (A Pastoriza), Agra dos Castros (Lugo) and Viladonga (Castro de Rei). These are different places from each other, which are at different distances from the city and with occupations in periods between the s. I BC and the s. V AD, which has allowed to observe the different realities present in the territory 
gallego_castros	castros Trasancos Ferrolterra arqueologia	crossref	The Castros of western Asturias	2025	Travels through Prehistoric Spain: A Guide	0		10.2307/jj.34015613.6			
gallego_castros	castros Trasancos Ferrolterra arqueologia	crossref	Rocket Heads, Kidnappers, and the Castros	1995	Contesting Castro	0		10.1093/acprof:oso/9780195101201.003.0015			
gallego_castros	castros Trasancos Ferrolterra arqueologia	crossref	Castros Erbe	2017		0		10.5771/9783845280844			
gallego_castros	castros Trasancos Ferrolterra arqueologia	crossref	Fidel Castros fravær udramatisk	2006	Udenrigs	0		10.7146/udenrigs.v0i3.119563			" &#x0D;
&#x0D;
&#x0D;
Forhåbninger om at Cuba vil gå mere eller mindre i opløsning ved Fidel Castros bortgang, ser ud til at være skudt i sænk. Cubanerne har tilsyneladende forberedt sig grundigt. &#x0D;
&#x0D;
&#x0D;
 "
gallego_castros	castros Trasancos Ferrolterra arqueologia	crossref	Os castros no tempo das villae. Funcións non militares dos castros no val do Sarria na Alta Idade Media	2018	Cuadernos de Estudios Gallegos	0		10.3989/ceg.2018.131.02			" La densidad y las particularidades que los poblados de la Edad del Hierro tienen en Galicia los han convertido en elementos estructuradores del territorio y portadores de una fortísima carga simbólica a lo largo de los siglos, hasta hoy. El duradero e irregular proceso de desaparición del modelo castral hacia una red campesina de asentamientos abiertos en los valles y llanuras parece haberse culminado en la Alta Edad Media, cuando las villae, predecesoras de las aldeas y parroquias de época feudal, son ya la célula de población hegemónica. En el presente trabajo analizaremos el papel social que tenían los castros en el valle del Sarria en esa altura basándonos en el análisis de los documentos del tumbo de Samos y en el estudio histórico del paisaje.

[gl] A densidade e as particularidades que os poboados da Idade do Ferro teñen en Galiza convertéronos en elementos estruturadores do territorio e portadores dunha fortísima carga simbólica ao longo dos séculos, até hoxe. O duradeiro e irregular proceso de desaparición do modelo castral cara a unha rede campesiña de asentamentos abertos nos vales e chairas parece terse culminado na Alta Idade Media, cando as villae, predecesoras das aldeas e parroquias de época feudal, son xa a célula de poboación hexemónica. No presente traballo analizaremos o papel social que tiñan os castros no val do Sarria nesa altura baseándonos na análise dos documentos do tombo de Samos e no estudo histórico da paisaxe. "
gallego_castros	castros Trasancos Ferrolterra arqueologia	crossref	Arqueologia subaquática, arqueologia pública e o Brasil	2015	Revista Arqueologia Pública	0		10.20396/rap.v6i1.8635732			 O objetivo deste artigo é abrir debates sobre como a Arqueologia Subaquáticapode se valer do conceito e das prerrogativas da Arqueologia Pública nosentido de garantir (ou não) que o patrimônio cultural submerso seja protegido,mesmo que seja sem o respaldo legislativo. Para tal, analiso brevemente odesenvolvimento da arqueologia no país, mostrando, sobretudo, como sedá a proteção deste patrimônio no que concerne às leis envolvidas. Então,passo a apresentar algumas possibilidades de atuação dos profissionaisda Arqueologia de modo que eles possam envolver o público em geral napreservação deste patrimônio. Isto, de forma a abrir caminhos para debatesdentro da área no que concerne à atuação do profissional da Arqueologiafrente a seu trabalho. 
gallego_castros	castros Trasancos Ferrolterra arqueologia	crossref	Evaluating Castros’ Cuba, Franco’s Spain and Pinochet’s Chile: Economic, Social, and Political Indicators	2018	SSRN Electronic Journal	0		10.2139/ssrn.3239598		en	
gallego_castros	castros Trasancos Ferrolterra arqueologia	crossref	Arqueologia 3.0 – Pensar e comunicar a Arqueologia para um futuro sustentável	2020	Arqueologia em Portugal 2020 - Estado da Questão - Textos	0		10.21747/978-989-8970-25-1/arqa27			 The project of scientific dissemination Arqueologia 3.0 is the outcome of a partnership established between Museu-Biblioteca da Casa de Bragança – Fundação da Casa de Bragança and Évora’s University (Portugal). From 2017 until 2019, three annual editions of the International Workshop Arqueologia 3.0 have taken place, with one common objective – to debate the issue of study, communication and enhancement of archaeological heritage, in articulation with the new perspectives over archaeological praxis and its social impact. In the present paper, one intends to look back over the main goals and results of this project and to lay the foundations for the future of Arqueologia 3.0 
gallego_castros	castros Trasancos Ferrolterra arqueologia	crossref	Arqueologia hoje: tendências e debates	2021		0		10.11606/9788560984633			 Esta obra tem como princípio a divulgação das pesquisas dos estudantes de arqueologia, tanto do MAE-USP como de outras instituições do Brasil e de outros países. Ainda nesse escopo, esta coletânea também se apresenta como uma oportunidade para o diálogo com professores de outras instituições e especialistas de algumas áreas arqueológicas, o que enriquece, e muito, a formação dos estudantes da pós-graduação e da graduação do MAE-USP. Este trabalho revela o crescimento em importância no cenário nacional das pesquisas arqueológicas nos mais diversos ângulos e abordagens, com seus novos problemas e objetos, buscando contribuir também com a perspectiva de continuidade do trabalho de formação e consolidação da arqueologia no panorama brasileiro, tanto como linha de pesquisa quanto como área de atuação profissional. 
gallego_castros	castros Trasancos Ferrolterra arqueologia	crossref	El yacimiento de Agra dos Castros (Lugo) a través de su cerámica común	2022	PYRENAE	0		10.1344/pyrenae2022.vol53num1.3		en	
gallego_castros	castros Trasancos Ferrolterra arqueologia	crossref	Tøff hverdag for Castros tannleger	2000	Den norske tannlegeforenings Tidende	0		10.56373/2000-9-17		nb	
gallego_castros	castros Trasancos Ferrolterra arqueologia	crossref	CASTROS CARPETANOS DE ÉPOCA PRERROMANA	2000	Cuadernos de Prehistoria y Arqueología	0		10.15366/cupauam2000.26.005			
gallego_castros	castros Trasancos Ferrolterra arqueologia	crossref	A musealização da arqueologia: Um estudo dos museus de arqueologia de Xingó e do Sambaqui de Joinville	2014	Revista de Arqueologia	0		10.24885/sab.v26i2/1.383			 Este artigo tem como inspiração a tese de doutorado homônima, defendida em 2012 no Programa de Pós-Graduação em Arqueologia, da Universidade de São Paulo. Como premissa basilar, defendemos que existem barreiras, muitas vezes intransponíveis, entre a produção de conhecimento em arqueologia e a sociedade. Nesse cenário, os museus figuram como as principais janelas que se abrem entre o conhecimento construído em arqueologia e o público não especialista. Buscamos, com este artigo, identificar e apontar para aqueles ruídos que interferem nos fluxos de informações gerados pela cadeia operatória de musealização daarqueologia, por intermédio de um diagnóstico museológico, aplicado em dois estudos de caso: Museu de Arqueologia de Xingó (MAX) e o Museu Arqueológico de Sambaqui de Joinville (MASJ).  
gallego_castros	castros Trasancos Ferrolterra arqueologia	crossref	Comunicando a arqueologia: discutindo o papel da Sociedade de Arqueologia Brasileira	2017	A multivocalidade da arqueologia pública no Brasil: comunidades, práticas e direito	0		10.18616/arq08			
gallego_castros	castros Trasancos Ferrolterra arqueologia	crossref	Arqueologia Polar e Patrimônio Polar - pesquisa acadêmica e em conservação na Arqueologia Antártica	2011	Vestígios - Revista Latino-Americana de Arqueologia Histórica	0		10.31239/vtg.v5i1.10661			 Este artigo trata da relação entre os objetivos arqueológicos acadêmicos e os objetivos da conservação patrimonial, no contexto antártico. A pesquisa arqueológica pode oferecer informações cruciais acerca de sítios, informações tais que não são disponíveis a partir dos regstro históricos fragmentários existentes para a maior parte da história da Antártica. Essa informação pode ser utilizada tanto na área da conservação, como também para abordar questões de pesquisa. A maior parte do trabalho arquelógico realizado na Antártica até o presente tem sido voltada ou para informar a conservação física e a interpretação de sítios, ou para resgatar e registrar os mesmos, concomitantemente a trabalhos de conservação. Crescentemente, no entanto, estão sendo elaboradas estratégias de pesquisa para aprimorar o valor da arqueologia orientada para a conservação e para elaborar questões mais amplas acerca da evidência arqueológica. Existem tensões entre os dois objetivos da Arqueologia Polar. Uma escavação orientada para conservação pode não incorporar questões acadêmicas ou não ser provida de recursos para tal pesquisa. Por outro lado, uma pesquisa arqueológica puramente acadêmica pode ignorar as necessidades de conservação dos locais de patrimônio ou oferecer pouco (ou nenhum) benefício a compreensão e à conservação do local de patrimônio que está sendo pesquisado. O desafio para os arqueólogos e aos gestores dos sítios é buscar, tanto satisfazer os objetivos da pesquisa acadêmica, quanto realizar uma contribuição substancial em favor da conservação contínua dos locais de patrimônio que estudam. Esse artigo focaliza a história da arqueologia na Antártica e busca identificar o propósito da pesquisa arqueolólogica até o momento. Ele defende uma melhor compreensão das maneiras pelas quais, tanto a arqueologia voltada para a conservação quanto a arqueologia de pesquisa acadêmica podem ser combinadas, para o benefício de ambos objetivos. 
gallego_castros	castros Trasancos Ferrolterra arqueologia	crossref	Arqueologia, revolução e falafel. A Arqueologia Egípcia e a Primavera	2013	Revista do Museu de Arqueologia e Etnologia	0		10.11606/issn.2448-1750.revmae.2013.106856			 Perdemos a inocência e descobrimos que nossa dita “ciência” não cumpre apenas a tarefa de produzir conhecimento, mas atende aos interesses de uma infinidade de indivíduos e grupos. Os recentes eventos da Primavera Árabe, no Egito, mais uma vez mostraram como a arqueologia e o passado podem ser utilizados como instrumento ideológico dos movimentos nacionalistas. Enquanto o Presidente Hosni Mubarak defendia a existência de uma identidade egípcia secular, única e que remonta ao passado faraônico, o Museu do Cairo, guardião da herança faraônica, era visto como símbolo de estado decadente pelos islâmicos mais radicais, tendo sido transformado em alvo de ataques. De ambos os lados, o passado egípcio foi manipulado para atender aos interesses nacionalistas durante a revolução. 
gallego_castros	castros Trasancos Ferrolterra arqueologia	crossref	A arqueologia na Unicamp e a Revista de Arqueologia Pública: Trajetória e perspectivas	2015	Revista Arqueologia Pública	0		10.20396/rap.v8i2.8635632			 Laboratório de Arqueologia Pública da Universidade Estadual de Campinas resulta de longa trajetória de engajamento da Universidade com a Arqueologia, em uma perspectiva científica fundada na excelência acadêmica, na inserção internacional e no engajamento social. A Unicamp surgiu em meio a um regime de força, inspirado no MIT e voltada para os saberes técnicos que pudessem transcender os questionamentos políticos que advinham das universidades de referência à época e cujos quadros foram golpeados de forma mais dura: a Universidade de São Paulo e a Universidade Federal do Rio de Janeiro. A Universidade Estadual de Campinas, fundada em 1966, no entanto, logo teve no desafio de produzir ciência de relevância internacional não um obstáculo, mas um meio de contrapor-se às exações políticas que grassavam alhures na academia, ao acolher cientistas notáveis perseguidos tanto no Brasil, como em outros países latino -americanos sob o jugo ditatorial. 
gallego_castros	castros Trasancos Ferrolterra arqueologia	crossref	Arqueologia Subaquática ou Arqueologia Marítima?: definindo conceitos, contextualizando práticas e assumindo posições	2012	Vestígios - Revista Latino-Americana de Arqueologia Histórica	0		10.31239/vtg.v6i2.10628			" Este artigo explora as diferenças existentes entre os conceitos de ""Arqueologia Subaquática"" e ""Arqueologia Marítima"", entendendo-se enquanto fruto de propostas interconectadas, porém distintas. Partindo de uma análise histórica sobre o desenvolvimento da relação entre a prática do mergulho e a fundação de uma ""arqueologia dos ambientas aquáticos"", tomamos como base as proposições inicialmente desenvolvidas pelo arqueólogo Keith Muckelroy no final dos anos de 1970 e discutimos posicionamento mais recentes formulados por autores como David Gibbins, Sean McGrail e Jonathan Adams, para desenvolvermos nossa própria idéia de uma ""arqueologia do mar"". "
gallego_castros	castros Trasancos Ferrolterra arqueologia	crossref	De Revista de Arqueologia à Revista de Arqueologia da SAB	2023	Revista de Arqueologia	0		10.24885/sab.v36i2.1123			
gallego_castros	castros Trasancos Ferrolterra arqueologia	crossref	jagd-auf-castros-kritiker-eine-dokument-ber-die-verfolgung-von-menschenrechtsaktivisten-auf-kuba-innerhalb-von-sechs-monaten-august-1992-20-pp		Human Rights Documents online	0		10.1163/2210-7975_hrd-0050-0282			
gallego_castros	castros Trasancos Ferrolterra arqueologia	crossref	Torres, castelos e castros no mapa linguístico de Portugal Continental	2016	Géolinguistique	0		10.4000/geolinguistique.570			 O artigo lança um olhar sobre os topónimos de Portugal Continental, assente nas palavras «Castelo», «Castro» e «Torre». Analisaram-se os topónimos do ponto de vista morfológico e sintático. A análise permitiu identificar três grandes grupos, tendo em conta as estruturas mórficas ocorrentes: 1) topónimos com o nome simples; 2) topónimos com variações em grau, género e número ou com sufixos derivacionais; 3) compostos sintagmáticos, com ou sem elementos conetivos, estrutura que se revelou mais produtiva e com maior variação nos processos compositivos. Nestes compostos, a definição do núcleo do sintagma toponímico pode ser problemática, parecendo assentar em critérios pragmáticos e culturais. 
gallego_castros	castros Trasancos Ferrolterra arqueologia	crossref	Arqueologia do Oriente Antigo: a materialidade através do tempo	2024		0		10.11606/9786587773674			 Uma crescente e diferenciada atenção de estudiosos tem sido dedicada à compreensão de como se deu o desenvolvimento das sociedades do Antigo Oriente Próximo e como elas impactaram as sociedades do Ocidente. A ampliação do conhecimento dessa relação se dá à medida que a arqueologia revela novos documentos com informações sociais, econômicas, políticas, jurídicas e simbólicas, analisados com o suporte de métodos e técnicas de pesquisa cada vez mais avançados, como os métodos geomorfológicos e as análises espaciais garantidas pelo sistema de informação geográfica. Esta obra apresenta diversos elementos da ampla e movimentada trama de construção das civilizações orientais na Antiguidade, que passa por permanentes transformações à medida que surgem novos dados analisados, por meio da utilização de novas tecnologias. O processo de urbanização, de organização social, política, econômica e mental envolve diferentes grupos humanos, em diferentes momentos e em diferentes relações. que houve uma modificação no cenário dos estudos antico-orientais a partir dos inúmeros conflitos ocorridos no Oriente, desde meados do século passado, que despertaram, naturalmente, a necessidade de conhecer melhor a história oriental contemporânea e suas bases antigas, buscando evitar visões estereotipadas sobre ela. Hoje esse interesse é ampliado também pelas crescentes relações econômicas com a região. No entanto, há ainda uma carência de um conhecimento mais denso sobre o Oriente Próximo Antigo que vem se modificando permanentemente nas últimas décadas. Este volume se soma, certamente, a esse movimento. 
gallego_castros	castros Trasancos Ferrolterra arqueologia	crossref	Pérolas, caçadores e pescadores - alguns apontamentos sobre Arqueologia Pública e Arqueologia Subaquática no Brasil	2010	Vestígios - Revista Latino-Americana de Arqueologia Histórica	0		10.31239/vtg.v4i1.10701			" Desde os anos 1960, a Arqueologia Subaquática luta para mostrar a viabilidade de acessar as áreas submersas da costa e do continente e sua grande riqueza cultural, ao mesmo tempo em que a protegem contra a depredação de mergulhadores e mergulhadoras recreativas(os) e empresas de salvatagem. Além da batalha por uma legislação adequada à proteção do patrimônio cultural subaquático, diversas propostas têm buscado o acesso ao conhecimento sobre esse patrimônio. Uma delas é o turismo arqueológico subaquático, que tem apresentado resultados positivos para ambas as partes. No entanto, podemos averiguar que o principal impacto do turismo é sobre as comunidades receptoras, uma vez que o turismo, como indústria, mercantiliza o espaço e a memória. Para pensar esses diversos meios de interação entre arqueologia e seus diversos públicos, procurei experiências levantadas pela ""arqueologia pública"", cuja preocupação central, na atualidade, é o trabalho em situação de conflitos políticos e sociais que envolvem a pesquisa arqueológica. "
gallego_castros	castros Trasancos Ferrolterra arqueologia	crossref	Arqueologia Subaquatica no Brasil	1994	Revista de Arqueologia	0		10.24885/sab.v8i2.679			 A curiosidade humana não admite obstáculos. Desde o início da civilização especulou-se sobre o Universo, procurando desvendá-Io e compreendê-lo. Ciência e religião aliaram-se, na tentativa de justificar a alternativa do dia e da noite, o ritmo das estações e o movimento regular dos pequeninos pontos que brilhavam no firmamento. A precariedade do instrumental tecnológico não obstou o desenvolvimento da Cosmologia, a níveis que pasmam os cultores da História da Ciência. 
gallego_castros	castros Trasancos Ferrolterra arqueologia	crossref	Arqueologia e modernidade	1994	Revista de Arqueologia	0		10.24885/sab.v8i1.461			" Em um sensível e erudito texto sobre o tempo e os tempos, o Prof. Alfredo Bosi, da Universidade,de São Paulo, machadianamente sublinha: ""E quando os mortos se wão depressa, não há história consistente"". "
gallego_castros	castros Trasancos Ferrolterra arqueologia	crossref	A musealização da Arqueologia: um estudo dos Museus de Arqueologia de Xingó e do Sambaqui de Joinville			0		10.11606/t.71.2013.tde-21052013-110733			
gallego_castros	castros Trasancos Ferrolterra arqueologia	crossref	ARQUEOLOGIA QUEER: A ATIVIDADE DE GÊNERO E IDENTIDADES NA ARQUEOLOGIA	2024	Gênero e interseccionalidades	0		10.36592/9786554601665-05			
gallego_castros	castros Trasancos Ferrolterra arqueologia	crossref	Construindo uma arqueologia de gênero	2017	Revista Arqueologia Pública	0		10.20396/rap.v11i1.8646482			 O artigo tem por objetivo apresentar um relato das impressões obtidas através da experiência de um minicurso ministrado durante a I Semana de Arqueologia da CAJUFS na Universidade Federal de Sergipe em 2015. Nesse minicurso, é evidenciada a necessidade de um maior enfoque de gênero na arqueologia brasileira. Também será realizada uma breve explanação sobre as teorias de gênero aplicadas à arqueologia, considerando-se as diferenças entre as ditas “arqueologia feminista” e “arqueologia de gênero”, e seu desenvolvimento nos contextos mundial e brasileiro. 
gallego_castros	castros Trasancos Ferrolterra arqueologia	crossref	Arqueologia Histórica e Ambiente	2020	Revista de Arqueologia	0		10.24885/sab.v33i1.725			 A leitura do livro Arqueologia Histórica e Ambiente (Historical Archaeology and Environment), organizado por Marcos André Torres de Souza e Diogo Menezes Costa, é inquietante e muito instigante. Segundo os organizadores, a criação da obra foi motivada, por um lado, pela falta de estudos disponíveis envolvendo o meio ambiente em arqueologia histórica e, por outro, pelas dramáticas mudanças climáticas que estão ocorrendo em todo o planeta e pelos esforços globais para enfrentá-los. O objetivo é oferecer novas reflexões sobre o assunto, contribuindo para o desenvolvimento de novas abordagens, debates e conjuntos de conhecimentos que envolvam a arqueologia histórica e o meio ambiente. 
gallego_castros	castros Trasancos Ferrolterra arqueologia	crossref	Reflectance Transformation Imaging (RTI): aspectos teórico-metodológicos e estudos de caso em arqueologia	2024		0		10.11606/9786587080864			 Este trabalho que chega ao público brasileiro, feito a muitas mãos, tem o intuito de apresentar e discutir a técnica conhecida como Reflectance Transformation Imaging, ou mais popularmente chamada de RTI. Tendo pouco mais de duas décadas de existência, essa técnica ainda é novidade em muitos circuitos acadêmicos do mundo todo. No Brasil, o trabalho que vimos desenvolvendo no Museu de Arqueologia e Etnologia da Universidade de São Paulo vem abrindo espaço e permitindo que centros acadêmicos do país todo travem contato com essa nova tecnologia de observação e análise de materiais de cunho histórico-arqueológico. Como veremos ao longo deste livro, o RTI é um recurso que expande a capacidade humana natural de visualizar as superfícies dos objetos, permitindo formas de visualizações que não seriam possíveis a olho nu ou mesmo com técnicas fotográficas convencionais. Poderá ser percebido pelos leitores que se trata também de uma técnica simples, não muito cara, fácil de se realizar e que provoca resultados muito significativos. Esta obra é uma espécie de manual para uso e aplicação da técnica de RTI, que apresenta e explica aspectos teórico-conceituais que norteiam a técnica. O RTI provou ser uma ferramenta poderosa e acessível para a análise de objetos históricos e arqueológicos, e sua adoção em mais projetos poderá revelar ainda mais descobertas significativas. 
gallego_castros	cultura castrexa arquitectura defensiva noroeste	crossref	Arquitectura arqueológica en el noroeste argentino: cien años de interés	2020	Arqueología de la Arquitectura	0		10.3989/arq.arqt.2020.013			 A través del análisis de una muestra de trabajos publicados, el presente artículo revisa el tratamiento dado a los restos arquitectónicos hallados en sitios arqueológicos del noroeste de la República Argentina entre los años 1877 y 1977. El objetivo de la revisión fue evaluar si el estudio de dichos restos fue o no tema de interés de la disciplina durante el periodo considerado y cuáles fueron las perspectivas desde las que se propuso su análisis. El resultado obtenido permite afirmar que, si bien de modo irregular, la arqueología argentina sí se interesó desde momentos tempranos por el estudio del registro construido, y que lo hizo mediante una heterogénea variedad de propuestas teórico-metodológicas cuyos criterios pueden ser relacionados con los postulados actuales de la arqueología de la arquitectura. 
gallego_castros	castro galaico morfologia recinto foso parapeto	arxiv	A Kernel Perspective on Behavioural Metrics for Markov Decision Processes	2023	arXiv	0	yes			en	Behavioural metrics have been shown to be an effective mechanism for constructing representations in reinforcement learning. We present a novel perspective on behavioural metrics for Markov decision processes via the use of positive definite kernels. We leverage this new perspective to define a new metric that is provably equivalent to the recently introduced MICo distance (Castro et al., 2021). The kernel perspective further enables us to provide new theoretical results, which has so far eluded prior work. These include bounding value function differences by means of our metric, and the demonstration that our metric can be provably embedded into a finite-dimensional Euclidean space with low distortion error. These are two crucial properties when using behavioural metrics for reinforcement learning representations. We complement our theory with strong empirical results that demonstrate the effectiveness of these methods in practice.
gallego_castros	castro galaico morfologia recinto foso parapeto	arxiv	Generating the Structure of a Fuzzy Rule under Uncertainty	2013	arXiv	0	yes			en	The aim of this paper is to present a method for identifying the structure of a rule in a fuzzy model. For this purpose, an ATMS shall be used (Zurita 1994). An algorithm obtaining the identification of the structure will be suggested (Castro 1995). The minimal structure of the rule (with respect to the number of variables that must appear in the rule) will be found by this algorithm. Furthermore, the identification parameters shall be obtained simultaneously. The proposed method shall be applied for classification to an example. The {em Iris Plant Database} shall be learnt for all three kinds of plants.
gallego_castros	castro galaico morfologia recinto foso parapeto	arxiv	Discovery of Four High Proper Motion L Dwarfs, Including a 10 pc L Dwarf at the L/T Transition	2013	arXiv	0	yes			en	"We discover four high proper motion L dwarfs by comparing the Wide-field Infrared Survey Explorer (WISE) to the Two Micron All Sky Survey (2MASS). WISE J140533.32+835030.5 is an L dwarf at the L/T transition with a proper motion of 0.85+/-0.02"" yr^-1, previously overlooked due to its proximity to a bright star (V=12 mag). From optical spectroscopy we find a spectral type of L8, and from moderate-resolution J band spectroscopy we find a near-infrared spectral type of L9. We find WISE J140533.32+835030.5 to have a distance of 9.7+/-1.7 pc, bringing the number of L dwarfs at the L/T transition within 10 pc from six to seven. WISE J040137.21+284951.7, WISE J040418.01+412735.6, and WISE J062442.37+662625.6 are all early L dwarfs within 25 pc, and were classified using optical and low-resolution near-infrared spectra. WISE J040418.01+412735.6 is an L2 pec (red) dwarf, a member of the class of unusually red L dwarfs. We use follow-up optical and low-resolution near-infrared spectroscopy to classify a previously discovered (Castro &amp; Gizis 2012) fifth object WISEP J060738.65+242953.4 as an (L8 Opt/L9 NIR), confirming it as an L dwarf at the L/T transition within 10 pc. WISEP J060738.65+242953.4 shows tentative CH_4 in the H band, possibly the result of unresolved binarity with an early T dwarf, a scenario not supported by binary spectral template fitting. If WISEP J060738.65+242953.4 is a single object, it represents the earliest onset of CH_4 in the H band of an L/T transition dwarf in the SpeX Library. As very late L dwarfs within 10 pc, WISE J140533.32+835030.5 and WISEP J060738.65+242953.4 will play a vital role in resolving outstanding issues at the L/T transition."
gallego_castros	castro galaico morfologia recinto foso parapeto	arxiv	CASTRO: A New Compressible Astrophysical Solver. I. Hydrodynamics and Self-Gravity	2010	arXiv	0	yes			en	We present a new code, CASTRO, that solves the multicomponent compressible hydrodynamic equations for astrophysical flows including self-gravity, nuclear reactions and radiation. CASTRO uses an Eulerian grid and incorporates adaptive mesh refinement (AMR). Our approach to AMR uses a nested hierarchy of logically-rectangular grids with simultaneous refinement in both space and time. The radiation component of CASTRO will be described in detail in the next paper, Part II, of this series.
gallego_castros	castro galaico morfologia recinto foso parapeto	arxiv	Energy preserving multiphase flows: Application to falling films	2021	arXiv	0	yes			en	The numerical simulation of multiphase flows presents several challenges, namely the transport of different phases within de domain and the inclusion of capillary effects. Here, these are approached by enforcing a discrete physics-compatible solution. Extending our previous work on the discretization of surface tension [N. Valle, F. X. Trias, and J. Castro. An energy-preserving level set method for multiphase flows. J. Comput. Phys., 400:108991, 2020] with a consistent mass and momentum transfer a fully energy-preserving multiphase flow method is presented. This numerical technique is showcased within the simulation of a falling film under several working conditions related to the normal operation of LiBr absorption chillers.
gallego_castros	castro galaico morfologia recinto foso parapeto	arxiv	The Castro AMR Simulation Code: Current and Future Developments	2019	arXiv	0	yes			en	We describe recent developments to the Castro astrophysics simulation code, focusing on new features that enable our simulations of X-ray bursts. Two highlights of Castro's ongoing development are the new integration technique to couple hydrodynamics and reactions to high order and GPU offloading. We discuss how these features will help offset some of the computational expense in X-ray burst models.
gallego_castros	castro galaico morfologia recinto foso parapeto	arxiv	Adsorption of molecular gases on porous materials in the SAFT-VR approximation	2010	arXiv	0	yes			en	A simple molecular thermodynamic approach is applied to the study of the adsorption of gases of chain molecules on solid surfaces. We use a model based on the Statistical Associating Fluid Theory for Variable Range (SAFT-VR) potentials [A. Gil-Villegas, A. Galindo, P. J. Whitehead, S. J. Mills, G. Jackson, A. N. Burgess, J. Chem. Phys. 106 (1997) 4168] that we extend by including a quasi-two-dimensional approximation to describe the adsorption properties of this type of real gases [A. Martinez, M. Castro, C. McCabe, A. Gil-Villegas, J. Chem. Phys. 126 (2007) 074707]. The model is applied to ethane, ethylene, propane, and carbon dioxide adsorbed on activated carbon and silica gel, which are porous media of significant industrial interest. We show that the adsorption isotherms obtained by means of the present SAFT-VR modeling are in fair agreement with the experimental results provided in the literature
gallego_castros	castro galaico morfologia recinto foso parapeto	arxiv	Scaling relations for magnetic nanoparticles	2011	arXiv	0	yes			en	A detailed investigation of the scaling relations recently proposed by [J. d'Albuquerque e Castro, D. Altbir, J. C. Retamal, and P. Vargas, Phys. Rev. Lett. 88, 237202 (2002)] to study the magnetic properties of nanoparticles is presented. Analytical expressions for the total energy of three characteristic internal configurations of the particles are obtained, in terms of which the behavior of the magnetic phase diagram for those particles upon scaling of the exchange interaction is discussed. The exponent $η$ in scaling relations is shown to be dependent on the geometry of the vortex core, and results for specific cases are presented.
gallego_castros	castro galaico morfologia recinto foso parapeto	arxiv	Fast Spawn\&amp;Prune (FS\&amp;P): Global convergence of stochastic conic particle gradient descent via birth/death process	2026	arXiv	0	yes			en	We investigate the global optimization of the objective function arising in continuous sparse regression, specifically the Beurling LASSO (BLASSO), over the space of measures. While Conic Particle Gradient Descent (CPGD) methods are computationally efficient, they may become trapped in local minima due to the non-convexity of the parameterization. To overcome this limitation, we introduce Fast Spawn\&amp;Prune (FS\&amp;P), a stochastic algorithm that extends FastPart introduced in De Castro et al. (2025) and combines CPGD with a birth-death process. The birth mechanism ensures asymptotic global exploration by introducing particles in regions where first-order optimality conditions are violated, while the death process preserves computational efficiency by pruning non-informative particles. We provide the first theoretical guarantee of global convergence for this class of discrete-time stochastic algorithms, without requiring exponentially large initializations. Furthermore, we derive explicit convergence rates for the excess risk, which scale as $\mathcal{O}\big(\left(\log K / K\right)^{\frac{1}{2(2+d)}}\big)$, where $K$ denotes the number of iterations and d the dimension of the domain, thereby quantifying the trade-off between global exploration and local refinement. Moreover, the sample complexity is $\mathcal{O}\big(N^{-\frac{1}{4(2+d)}}\big)$ (up to logarithmic factors). We also propose a horizon-free variant that does not require prior knowledge of the iteration budget.
gallego_castros	castro galaico morfologia recinto foso parapeto	arxiv	CASTRO: A New Compressible Astrophysical Solver. II. Gray Radiation Hydrodynamics	2011	arXiv	0	yes			en	We describe the development of a flux-limited gray radiation solver for the compressible astrophysics code, CASTRO. CASTRO uses an Eulerian grid with block-structured adaptive mesh refinement based on a nested hierarchy of logically-rectangular variable-sized grids with simultaneous refinement in both space and time. The gray radiation solver is based on a mixed-frame formulation of radiation hydrodynamics. In our approach, the system is split into two parts, one part that couples the radiation and fluid in a hyperbolic subsystem, and another parabolic part that evolves radiation diffusion and source-sink terms. The hyperbolic subsystem is solved explicitly with a high-order Godunov scheme, whereas the parabolic part is solved implicitly with a first-order backward Euler method.
gallego_castros	castro galaico morfologia recinto foso parapeto	arxiv	CASTRO: A New Compressible Astrophysical Solver. III. Multigroup Radiation Hydrodynamics	2012	arXiv	0	yes			en	We present a formulation for multigroup radiation hydrodynamics that is correct to order $O(v/c)$ using the comoving-frame approach and the flux-limited diffusion approximation. We describe a numerical algorithm for solving the system, implemented in the compressible astrophysics code, CASTRO. CASTRO uses an Eulerian grid with block-structured adaptive mesh refinement based on a nested hierarchy of logically-rectangular variable-sized grids with simultaneous refinement in both space and time. In our multigroup radiation solver, the system is split into three parts, one part that couples the radiation and fluid in a hyperbolic subsystem, another part that advects the radiation in frequency space, and a parabolic part that evolves radiation diffusion and source-sink terms. The hyperbolic subsystem and the frequency space advection are solved explicitly with high-order Godunov schemes, whereas the parabolic part is solved implicitly with a first-order backward Euler method. Our multigroup radiation solver works for both neutrino and photon radiation.
gallego_castros	castro galaico morfologia recinto foso parapeto	arxiv	Massive Corrections to Entanglement in Minimal E8 Toda Field Theory	2016	arXiv	0	yes			en	In this letter we study the exponentially decaying corrections to saturation of the second Rényi entropy of one interval of length L in minimal E8 Toda field theory. It has been known for some time that the entanglement entropy of a massive quantum field theory in 1+1 dimensions saturates to a constant value for m1 L &lt;&lt;1 where m1 is the mass of the lightest particle in the spectrum. Subsequently, results by Cardy, Castro-Alvaredo and Doyon have shown that there are exponentially decaying corrections to this behaviour which are characterised by Bessel functions with arguments proportional to m1 L. For the von Neumann entropy the leading correction to saturation takes the precise universal form -K0(2m1 L)/8 whereas for the Rényi entropies leading corrections which are proportional to K0(m1 L) are expected. Recent numerical work by Pálmai for the second Rényi entropy of minimal E8 Toda has found next-to-leading order corrections decaying as exp(-2m1 L) rather than the expected exp(-m1 L). In this paper we investigate the origin of this result and show that it is incorrect. An exact form factor computation of correlators of branch point twist fields reveals that the leading corrections are proportional to K0(m1 L) as expected.
gallego_castros	castro galaico morfologia recinto foso parapeto	arxiv	"Comments on ""The Euclidean gravitational action as black hole entropy, singularities, and spacetime voids"" by C. Castro, J. Math. Phys., 49, 042501, 2008"	2009	arXiv	0	yes			en	"We point out that the {\em spacetime void} inferred by Castro[J. Math. Phys. 49, 042501, (2008)] results from his choice of a discontinuous radial gauge. Further since the integration constant $α_0 = 2M_0$ ($G=c=1$) occurring in the vacuum Hilbert/Schwarzschild solution of a neutral ""point mass"" is zero [Arnowitt et al., in Gravitation: An Introduction to Current Research, ed. L. Witten, Wiley, Chap. 7, p.227; also Phys. Rev. Lett., 4, 375, (1960)]; A. Mitra, Adv. Sp. Res., 38, 2917 (2006)] Castro's gauge reduces to the well behaved and physical Hilbert gauge. Physically this means that true Hilbert/Schwarzschild black holes have unique gravitational mass M=0. Accordingly, the unphysical {\em spacetime viod} inferred by Castro is actually non-existent."
gallego_castros	castro galaico morfologia recinto foso parapeto	arxiv	A Numerical Examination of the Castro-Mahecha Supersymmetric Model of the Riemann Zeros	2005	arXiv	0	yes			en	The unknown parameters of the recently-proposed (Int J. Geom. Meth. Mod. Phys. 1, 751 [2004]) Castro-Mahecha model of the imaginary parts (lambda_{j}) of the nontrivial Riemann zeros are the phases (alpha_{k}) and the frequency parameter (gamma) of the Weierstrass function of fractal dimension D=3/2 and the turning points (x_{j}) of the supersymmetric potential-squared Phi^2(x) -- which incorporates the smooth Wu-Sprung potential (Phys. Rev. E 48, 2595 [1993]), giving the average level density of the Riemann zeros. We conduct numerical investigations to estimate/determine these parameters -- as well as a parameter (sigma) we introduce to scale the fractal contribution. Our primary analyses involve two sets of coupled equations: one set being of the form Phi^{2}(x_{j}) = lambda_{j}, and the other set corresponding to the fractal extension -- according to an ansatz of Castro and Mahecha -- of the Comtet-Bandrauk-Campbell (CBC) quasi-classical quantization conditions for good supersymmetry. Our analyses suggest the possibility strongly that gamma converges to its theoretical lower bound of 1, and the possibility that all the phases (alpha_{k}) should be set to zero. We also uncover interesting formulas for certain fractal turning points.
gallego_castros	castro galaico morfologia recinto foso parapeto	arxiv	Meeting the Challenges of Modeling Astrophysical Thermonuclear Explosions: Castro, Maestro, and the AMReX Astrophysics Suite	2017	arXiv	0	yes			en	We describe the AMReX suite of astrophysics codes and their application to modeling problems in stellar astrophysics. Maestro is tuned to efficiently model subsonic convective flows while Castro models the highly compressible flows associated with stellar explosions. Both are built on the block-structured adaptive mesh refinement library AMReX. Together, these codes enable a thorough investigation of stellar phenomena, including Type Ia supernovae and X-ray bursts. We describe these science applications and the approach we are taking to make these codes performant on current and future many-core and GPU-based architectures.
gallego_castros	castro galaico morfologia recinto foso parapeto	arxiv	An Improved Method for Coupling Hydrodynamics with Astrophysical Reaction Networks	2022	arXiv	0	yes			en	Reacting astrophysical flows can be challenging to model because of the difficulty in accurately coupling hydrodynamics and reactions. This can be particularly acute during explosive burning or at high temperatures where nuclear statistical equilibrium is established. We develop a new approach based on the ideas of spectral deferred corrections (SDC) coupling of explicit hydrodynamics and stiff reaction sources as an alternative to operator splitting that is simpler than the more comprehensive SDC approach we demonstrated previously. We apply the new method to a double detonation problem with a moderately-sized astrophysical nuclear reaction network and explore the timestep size and reaction network tolerances to show that the simplified-SDC approach provides improved coupling with decreased computational expense compared to traditional Strang operator splitting. This is all done in the framework of the Castro hydrodynamics code, and all algorithm implementations are freely available.
gallego_castros	castro galaico morfologia recinto foso parapeto	arxiv	3D simulations of Rayleigh-Taylor mixing in core-collapse SNe with CASTRO	2010	arXiv	0	yes			en	We present multidimensional simulations of the post-explosion hydrodynamics in three different 15 solar mass supernova models with zero, 10^{-4} solar metallicity, and solar metallicities. We follow the growth of the Rayleigh-Taylor instability that mixes together the stellar layers in the wake of the explosion. Models are initialized with spherically symmetric explosions and perturbations are seeded by the grid. Calculations are performed in two-dimensional axisymmetric and three-dimensional Cartesian coordinates using the new Eulerian hydrodynamics code, CASTRO. We find as in previous work, that Rayleigh-Taylor perturbations initially grow faster in 3D than in 2D. As the Rayleigh-Taylor fingers interact with one another, mixing proceeds to a greater degree in 3D than in 2D, reducing the local Atwood number and slowing the growth rate of the instability in 3D relative to 2D. By the time mixing has stopped, the width of the mixed region is similar in 2D and 3D simulations provided the Rayleigh-Taylor fingers show significant interaction. Our results imply that 2D simulations of light curves and nucleosynthesis in supernovae (SNe) that die as red giants may capture the features of an initially spherically symmetric explosion in far less computational time than required by a full 3D simulation. However, capturing large departures from spherical symmetry requires a significantly perturbed explosion. Large scale asymmetries cannot develop through an inverse cascade of merging Rayleigh-Taylor structures; they must arise from asymmetries in the initial explosion.
gallego_castros	castro galaico morfologia recinto foso parapeto	arxiv	"Comment on ""A Tale of Two Theories: Quantum Griffiths Effects in Metallic Systems"" by A. H. Castro-Neto and B. A. Jones"	2004	arXiv	0	yes			en	In a recent paper Castro-Neto and Jones argue that because the observability of quantum Griffiths-McCoy effects in metals is controlled by non-universal quantities, the quantum Griffiths-McCoy scenario may be a viable explanation for the non-fermi-liquid behavior observed in heavy fermion compounds. In this Comment we point out that the important non-universal quantity is the damping of the spin dynamics by the metallic electrons; quantum Griffiths-McCoy effects occur only if this is parametrically weak relative to other scales in the problem, i.e. if the spins are decoupled from the carriers. This suggests that in heavy fermion materials, where the Kondo effect leads to a strong carrier-spin coupling, quantum Griffiths-McCoy effects are unlikely to occur.
gallego_castros	Gallaecia castella oppida romanizacion poblamiento	crossref	Gallaecia Gothica	2023		0		10.32028/9781803275079			" &lt;i&gt;Gallaecia Gothica&lt;/i&gt; offers a new interpretation of the Argimundus rebellion, one of the most difficult challenges of Reccared’s reign. There are no specific details of how the conspiracy came about, but the throne was seriously threatened. The Chronicle of John of Biclaro underlined the gravity of this menace in his description of the punishment suffered by the rebel and his collaborators. His categorical condemnation of the attempted overthrow of the monarch is unlike that given to any other uprising narrated in the Chronicle, and it shows the importance that the abbot of Biclaro gave it in his narration.
&lt;br&gt;&lt;br&gt;
The fact that the Chronicle notes that Argimundus was not only a member of the &lt;i&gt;Aula Regia&lt;/i&gt; but also a &lt;i&gt;dux prouinciae&lt;/i&gt; (duke of a province), combined with the status of Gallaecia as a newly conquered province, suggests that this was not just a palace conspiracy, but a genuine provincial revolt which could have ruined the political settlement established by Leovigild and Reccared. However, it is difficult to prove Argimundus’ ultimate aim: to replace Reccared on the Visigothic throne or, on the contrary, to restore the old Suevic kingdom in Gallaecia. This book uses numismatic and archaeological evidence seems to suggest the latter view. "
gallego_castros	Gallaecia castella oppida romanizacion poblamiento	crossref	UNA ARQUEOLOGÍA POLÍTICA SOBRE LAS POLÍTICAS DEL PASADO Y EL PRIMIGENIO POBLAMIENTO DE CANARIAS	2019	UNA ARQUEOLOGÍA POLÍTICA SOBRE LAS POLÍTICAS DEL PASADO Y EL PRIMIGENIO POBLAMIENTO DE CANARIAS	0		10.36980/10535.9905			
gallego_castros	Gallaecia castella oppida romanizacion poblamiento	crossref	UNA ARQUEOLOGÍA POLÍTICA SOBRE LAS POLÍTICAS DEL PASADO Y EL PRIMIGENIO POBLAMIENTO DE CANARIAS			0		10.36980/9905			
gallego_castros	castros Trasancos Ferrolterra arqueologia	arxiv	A generalization of the theorems of Chevalley-Warning and Ax-Katz via polynomial substitutions	2017	arXiv	0	yes			en	We give conditions under which the number of solutions of a system of polynomial equations over a finite field F_q of characteristic p is divisible by p. Our setup involves the substitution t_i |-&gt; f_i(t_i) for auxiliary polynomials f_1,...,f_n in F_q[t]. We recover as special cases results of Chevalley-Warning and Morlaye-Joly. Then we investigate higher p-adic divisibilities, proving a result that recovers the Ax-Katz Theorem. We also consider p-weight degrees, recovering work of Moreno-Moreno, Moreno-Castro and Castro-Castro-Velez.
gallego_castros	castros Trasancos Ferrolterra arqueologia	arxiv	A Novel Constrained Sampling Method for Efficient Exploration in Materials and Chemical Mixture Design	2024	arXiv	0	yes			en	Efficient exploration of multicomponent material composition spaces is often limited by time and financial constraints, particularly when mixture and synthesis constraints exist. Traditional methods like Latin hypercube sampling (LHS) struggle with constrained problems especially in high dimensions, while emerging approaches like Bayesian optimization (BO) face challenges in early-stage exploration. This article introduces ConstrAined Sequential laTin hypeRcube sampling methOd (CASTRO), an open-source tool designed to address these challenges. CASTRO is optimized for uniform sampling in constrained small- to moderate-dimensional spaces, with scalability to higher dimensions through future adaptations. CASTRO uses a divide-and-conquer strategy to decompose problems into parallel subproblems, improving efficiency and scalability. It effectively handles equality-mixture constraints, ensuring comprehensive design space coverage and leveraging LHS and LHS with multidimensional uniformity (LHSMDU). It also integrates prior experimental knowledge, making it well-suited for efficient exploration within limited budgets. Validation through two material design case studies, a four-dimensional problem with near-uniform distributions and a nine-dimensional problem with additional synthesis constraints, demonstrates CASTRO's effectiveness in exploring constrained design spaces for materials science, pharmaceuticals and chemicals. The software and case studies are available on GitHub.
gallego_castros	castros Trasancos Ferrolterra arqueologia	arxiv	Canceling effects in higher-order Hardy-Sobolev inequalities	2016	arXiv	0	yes			en	A classical first-order Hardy-Sobolev inequality in Euclidean domains, involving weighted norms depending on powers of the distance function from their boundary, is known to hold for every, but one, value of the power. We show that, by contrast, the missing power is admissible in a suitable counterpart for higher-order Sobolev norms. Our result complements and extends contributions by Castro and Wang [CW], and Castro, Dávila and Wang [CDW1, CDW2], where a surprising canceling phenomenon underling the relevant inequalities was discovered in the special case of functions with derivatives in $L^1$.
gallego_castros	castros Trasancos Ferrolterra arqueologia	arxiv	An extension of a critical Hardy--Rellich inequality: explicit constants and the sharp weight range	2026	arXiv	0	yes			en	"We revisit the critical Hardy--Rellich inequalities recently established by Castro in ""A critical Hardy--Rellich inequality (preprint, arXiv:2511.16537, 2025)"". Using the classical one-dimensional weighted Hardy inequality in Emden--Fowler variables, we prove that the weighted inequality holds exactly for $a\neq N$, with $a=N$ as the unique critical value. We derive explicit constants for $N\ge2$, obtain the sharp constant in dimension one, and extend the $Δu$ formulation to the Muckenhoupt range $-N&lt;a&lt;N(N-1)$, $a\neq N$. This provides a partial solution to an open problem raised in Castro's work."
gallego_castros	castros Trasancos Ferrolterra arqueologia	arxiv	Polar Invariants of Plane Curve Singularities: Intersection Theoretical Approach	2009	arXiv	0	yes			en	This article, based on the talk given by one of the authors at the Pierrettefest in Castro Urdiales in June 2008, is an overview of a number of recent results on the polar invariants of plane curve singularities.
gallego_castros	castros Trasancos Ferrolterra arqueologia	arxiv	"Reply to 'Comment on ""Relativistic extension of shape-invariant potentials""'"	2002	arXiv	0	yes			en	We concur with de Castro's observation that the gauge considerations of our approach are not valid. Nevertheless, except for an error that will be corrected, all of our findings are accurate independent of those considerations.
gallego_castros	castros Trasancos Ferrolterra arqueologia	arxiv	The Hyers-Ulam stability for nonlinear Volterra integral equations via a generalized Diaz-Margolis's fixed point theorem	2015	arXiv	0	yes			en	In this work, we prove an existence theorem of the Hyers-Ulam stability for the nonlinear Volterra integral equations which improves and generalizes Castro-Ramos theorem by using some weak conditions.
gallego_castros	castros Trasancos Ferrolterra arqueologia	arxiv	Thresholds For Detecting An Anomalous Path From Noisy Environments	2017	arXiv	0	yes			en	"We consider the ""searching for a trail in a maze"" composite hypothesis testing problem, in which one attempts to detect an anomalous directed path in a lattice 2D box of side n based on observations on the nodes of the box. Under the signal hypothesis, one observes independent Gaussian variables of unit variance at all nodes, with zero, mean off the anomalous path and mean μ_n on it. Under the null hypothesis, one observes i.i.d. standard Gaussians on all nodes. Arias-Castro et al. (2008) showed that if the unknown directed path under the signal hypothesis has known the initial location, then detection is possible (in the minimax sense) if μ_n &gt;&gt; 1/\sqrt log n, while it is not possible if μ_n &lt;&lt; 1/ log n\sqrt log log n. In this paper, we show that this result continues to hold even when the initial location of the unknown path is not known. As is the case with Arias-Castro et al. (2008), the upper bound here also applies when the path is undirected. The improvement is achieved by replacing the linear detection statistic used in Arias-Castro et al. (2008) with a polynomial statistic, which is obtained by employing a multi-scale analysis on a quadratic statistic to bootstrap its performance. Our analysis is motivated by ideas developed in the context of the analysis of random polymers in Lacoin (2010)."
gallego_castros	castros Trasancos Ferrolterra arqueologia	arxiv	On some $\cal D$-modules in dimension 2	2000	arXiv	0	yes			en	We prove a duality formula for two ${\cal D}$-modules arising from logarithmic derivations w.r.t. a plane curve. As an application we give a differential proof of a logarithmic comparison theorem of Calderón-Mond-Narváez-Castro.
gallego_castros	castros Trasancos Ferrolterra arqueologia	arxiv	Compactness and Willmore Energy of Helicoidal Minimal Surfaces in the 3-Sphere	2026	arXiv	0	yes			en	Recently, I. Castro, I. Castro-Infantes, and J. Castro-Infantes introduced a two-parameter family of helicoidal minimal surfaces in $\mathbb S^3$, denoted by $\operatorname{Hel}_c^h$, with the pitch $h\geq0$ and $c\in[0,1/2)$. At $(h,c)=(0,0)$, the surface $\operatorname{Hel}_0^0$ is the totally geodesic sphere, while the limiting surface as $c\to1/2^-$ is the Clifford torus. The subfamily $c=0$, $h&gt;0$, consists of the Lawson spherical helicoids, whereas the subfamily $h=0$, $0&lt;c&lt;1/2$, consists of the spherical catenoids, whose compact members are the Otsuki tori. Castro et al. remarked that it is not an easy problem to determine when $\operatorname{Hel}_c^h$ is a compact surface. In this paper, we resolve this compactness problem, namely we prove that the compact members of the family are characterized by \[ \operatorname{Hel}_c^h \text{ is compact} \quad\Longleftrightarrow\quad \begin{cases} h\in\mathbb Q, &amp; c=0,\\[1mm] h\in\mathbb Q\ \text{and}\ q(h,c)\in\mathbb Q, &amp; 0&lt;c&lt;1/2, \end{cases} \] where $q(h,c)$ is given by an explicit integral. For $0&lt;c&lt;1/2$, every compact quotient surface induced by the parametrization is a torus. For $c=0$ and $h=j/ν&gt;0$ written in lowest terms, the quotient of the parameter plane by the full automorphism group is a torus when $j$ and $ν$ are both odd and a Klein bottle otherwise. The Willmore energies of the corresponding compact immersed surfaces are computed explicitly. Along each Lawson associated family of a spherical catenoid, only finitely many parameter values yield compact helicoidal surfaces with Willmore energy below any prescribed bound.
gallego_castros	castros Trasancos Ferrolterra arqueologia	arxiv	Sensitivity of He Flames in X-ray Bursts to Nuclear Physics	2023	arXiv	0	yes			en	Through the use of axisymmetric 2D hydrodynamic simulations, we further investigate laterally propagating flames in X-ray bursts (XRBs). Our aim is to understand the sensitivity of a propagating helium flame to different nuclear physics. Using the Castro simulation code, we confirm the phenomenon of enhanced energy generation shortly after a flame is established after by adding ${}^{12}$C(p, $γ$)${}^{13}$N($α$, p)${}^{16}$O to the network, in agreement with the past literature. This sudden outburst of energy leads to a short accelerating phase, causing a drastic alteration in the overall dynamics of the flame in XRBs. Furthermore, we investigate the influence of different plasma screening routines on the propagation of the XRB flame. We finally examine the performance of simplified-SDC, a novel approach to hydrodynamics and reaction coupling incorporated in Castro, as an alternative to operator-splitting.
gallego_castros	castros Trasancos Ferrolterra arqueologia	arxiv	MAESTRO, CASTRO, and SEDONA -- Petascale Codes for Astrophysical Applications	2010	arXiv	0	yes			en	Performing high-resolution, high-fidelity, three-dimensional simulations of Type Ia supernovae (SNe Ia) requires not only algorithms that accurately represent the correct physics, but also codes that effectively harness the resources of the most powerful supercomputers. We are developing a suite of codes that provide the capability to perform end-to-end simulations of SNe Ia, from the early convective phase leading up to ignition to the explosion phase in which deflagration/detonation waves explode the star to the computation of the light curves resulting from the explosion. In this paper we discuss these codes with an emphasis on the techniques needed to scale them to petascale architectures. We also demonstrate our ability to map data from a low Mach number formulation to a compressible solver.
gallego_castros	castros Trasancos Ferrolterra arqueologia	arxiv	On the Lower Bound of the Divisibility of Exponential Sums in Binomial Case	2015	arXiv	0	yes			en	Francis Castro, et al [2] computed the exact divisibility of families of exponential sums associated to binomials $F(X) = aX^{d_1} + bX^{d_2}$ over $\mathbb{F}_p$, and a conjecture is presented for related work. Here we study this question.
gallego_castros	castros Trasancos Ferrolterra arqueologia	arxiv	Two Dimensional Simulations of Pair-Instability Supernovae	2010	arXiv	0	yes			en	We present preliminary results from two dimensional numerical studies of pair instability supernova (PSN). We study nuclear burning, hydrodynamic instabilities and explosion of very massive stars. Use a new radiation-hydrodynamics code, CASTRO.
gallego_castros	castros Trasancos Ferrolterra arqueologia	arxiv	The Generalized Marshall-Olkin-Kumaraswamy-G family of distributions	2015	arXiv	0	yes			en	A new family of distribution is proposed by using Kumaraswamy-G (Cordeiro and de Castro, 2011) distribution as the base line distribution in the Generalized Marshal-Olkin (Jayakumar and Mathew, 2008) Construction. A number of special cases are presented. By expanding the probability density function and the survival function as infinite series the proposed family is seen as infinite mixtures of the Kumaraswamy-G (Cordeiro and de Castro, 2011) distribution. Density function and its series expansions for order statistics are also obtained. Order statistics, moments, moment generating function, Rényi entropy, quantile function, random sample generation, asymptotes, shapes and stochastic orderings are also investigated. The methods of parameter estimation by method of maximum likelihood and method of moment are presented. Large sample standard error and confidence intervals for the mles are also discussed. One real life application of comparative data fitting with some of the important sub models of the family and some other models is considered.
gallego_castros	castros Trasancos Ferrolterra arqueologia	arxiv	A Framework for Exploring Nuclear Physics Sensitivity in Numerical Simulations	2023	arXiv	0	yes			en	We describe the AMReX-Astrophysics framework for exploring the sensitivity of astrophysical simulations to the details of a nuclear reaction network, including the number of nuclei, choice of reaction rates, and approximations used. This is explored by modeling a simple detonation with the Castro simulation code. The entire simulation methodology is open-source and GPU-enabled.
gallego_castros	castros Trasancos Ferrolterra arqueologia	arxiv	From Convection to Explosion: End-to-End Simulation of Type Ia Supernovae	2011	arXiv	0	yes			en	We present our end-to-end capability for computing the convective phase through the explosion phase of Type Ia supernovae. We compute the convective phase up to the time of ignition using our low Mach number code, MAESTRO, and the subsequent explosion phase using our compressible code, CASTRO. Both codes share the same BoxLib software framework and use finite-volume, block-structured adaptive mesh refinement (AMR) to enable high-resolution, three-dimensional full-star simulations that scale to 100,000+ cores. We present preliminary results from the first-ever simulations of convection preceding ignition using MAESTRO with AMR. We also demonstrate our ability to initialize a compressible simulation of the explosion phase in CASTRO using data obtained directly from MAESTRO just before ignition. Some care must be taken during this initialization procedure when interpreting the size and distribution of hot spots.
gallego_castros	castros Trasancos Ferrolterra arqueologia	arxiv	Bounds for flag codes	2020	arXiv	0	yes			en	The application of flags to network coding has been introduced recently by Liebhold, Nebe, and Vazquez-Castro. It is a variant to random linear network coding and explicit routing solutions for given networks. Here we study lower and upper bounds for the maximum possible cardinality of a corresponding flag code with given parameters.
gallego_castros	castros Trasancos Ferrolterra arqueologia	arxiv	Formulation of finite-time singularity for free-surface Euler equations	2012	arXiv	0	yes			en	We give an extremely short proof that the free-surface incompressible, irrotational Euler equations with regular initial condition can form a finite time singularity in 2D or 3D. Thus, we provide a simple view of the problem studied by Castro, Cordoba, Fefferman, Gancedo, Lopez-Fernadez, Gomez-Serrano and Coutand, Shkoller.
gallego_castros	castros Trasancos Ferrolterra arqueologia	arxiv	A Note on $3 + 1$ Dimensionality	2000	arXiv	0	yes			en	Recent work by Castro, Granik and El Naschie has given a rationale for the three dimensionality of our physical space within the framework of cantorian fractal space time using similar ideas of quantized fractal space time and noncommutativity. We also deduce the same result. Interestingly this is also seen to provide a rationale for an unproven conjecture of Poincare.
gallego_castros	castros Trasancos Ferrolterra arqueologia	arxiv	"Reply to ""Comment on ""Effects of cosmic-string framework on the thermodynamical properties of anharmonic oscillator using the ordinary statistics and the q-deformed superstatistics approaches"""""	2018	arXiv	0	yes			en	In this paper, we show the detail of our recent paper Effects of cosmic-string framework on the thermodynamical properties of an anharmonic oscillator using the ordinary statistics and the q-deformed superstatistics approaches published in the Eur. Phys. J. C. Actually, we prepare this comment against the comment prepared by Francisco A. Cruz Neto and Luis B. Castro [arXiv:1804.03012].
gallego_castros	castros Trasancos Ferrolterra arqueologia	arxiv	On partitions with $k$ corners not containing the staircase with one more corner	2020	arXiv	0	yes			en	We give three proofs of the following result conjectured by Carriegos, De Castro-García and Muñoz Castañeda in their work on enumeration of control systems: when $\binom{k+1}{2} \le n &lt; \binom{k+2}{2}$, there are as many partitions of $n$ with $k$ corners as pairs of partitions $(α, β)$ such that $\binom{k+1}{2} + |α| + |β| = n$.
gallego_castros	castros Trasancos Ferrolterra arqueologia	arxiv	Multiplicity results and qualitative properties for semilinear elliptic problems with Neumann boundary conditions	2018	arXiv	0	yes			en	In this paper we study multiplicity and qualitative behavior of solutions for semilinear elliptic problems with neumann boundary condition and asymptotically linear smooth nonlinearity. We provide sufficient conditions on the number of eigenvalues the derivative of the nonlinearity crosses to guarantee existence of at least five nontrivial solutions. The techniques we use are a combination of minimization, Leray-Schauder degree, Morse Theory and Reduction method a la Castro-Lazer.
gallego_castros	castros Trasancos Ferrolterra arqueologia	arxiv	Equilibrium states for certain partially hyperbolic attractors	2019	arXiv	0	yes			en	We prove that a class of partially hyperbolic attractors introduced by Castro and Nascimento have unique equilibrium states for natural classes of potentials. We also show if the attractors are $C^2$ and have invariant stable and centerunstable foliations, then there is a unique equilibrium state for the geometric potential and its 1-parameter family. We do this by applying general techniques developed by Climenhaga and Thompson.
gallego_castros	castros Trasancos Ferrolterra arqueologia	arxiv	Multi-Dimensional Simulations of Pair-Instability Supernovae	2010	arXiv	0	yes			en	We present preliminary results from multidimensional numerical studies of pair instability supernova (PSN), studying the fluid instabilities that occur in multiple spatial dimensions. We use the new radiation-hydrodynamics code, CASTRO, and introduce a new mapping procedure that defines the initial conditions for the multidimensional runs in such a way that conservation of physical quantities is guaranteed at any level of resolution.
gallego_castros	castros Trasancos Ferrolterra arqueologia	arxiv	Degenerate flag varieties in network coding	2020	arXiv	0	yes			en	Building upon the application of flags to network coding introduced by Liebhold, Nebe, and Vazquez-Castro, we develop a variant of this coding technique that uses degenerate flags. The information set is a metric affine space isometric to the space of upper triangular matrices endowed with the flag rank metric. This suggests the development of a theory for flag rank metric codes in analogy to the rank metric codes used in linear subspace coding.
gallego_castros	castros Trasancos Ferrolterra arqueologia	arxiv	"On the absence of ""splash"" singularities in the case of two-fluid interfaces"	2013	arXiv	0	yes			en	"We show that ""splash"" singularities cannot develop in the case of locally smooth solutions of the two-fluid interface in two dimensions. More precisely, we show that the scenario of formation of singularities discovered by Castro-Córdoba-Fefferman-Gancedo-Gómez-Serrano in the case of the water waves system, in which the interface remains locally smooth but self-intersects in finite time, is completely prevented in the case of two-fluid interfaces with positive densities."
gallego_castros	castros Trasancos Ferrolterra arqueologia	arxiv	Local Gröbner fan: polyhedral and computational approach	2004	arXiv	0	yes			en	The goal of this paper is to show that the local Gröbner fan is a polyhedral fan for ideals in the ring of power series and the homogenized ring of analytic differential operators. We will also discuss about relations between the local Gröbner fan and the (global) Gröbner fan for a given ideal and algorithms of computing local Gröbner fans. In rings of differential operators, finiteness and convexity of local Gröbner fans were firstly proved by Assi, Castro-Jiménez and Granger. But they did not prove that they are polyhedral fans.
gallego_castros	castros Trasancos Ferrolterra arqueologia	arxiv	Analog version of Hausdorff--Young's theorem for quadratic Fourier transforms and boundedness of oscillatory integral operator	2024	arXiv	0	yes			en	The purpose of this paper is twofold. The first aim is based on Riesz--Thorin's interpolation theorem, we prove new Hausdorff--Young type inequalities for the Quadratic Fourier transforms in (Ann. Funct. Anal. 2014;5(1):10--23) and linear canonical transforms in (Mediterr. J. Math. 2018;15,13), which were introduced by Castro et al. The second aim is to investigate the boundedness of the oscillatory integral operator with polynomial phases, which is also presented in the last section of the article.
gallego_castros	castros Trasancos Ferrolterra arqueologia	arxiv	The cubic Darboux systems with a non-elementary singular point at the Poincaré equator	2023	arXiv	0	yes			en	We study the global behavior of the trajectories of the polynomial system $\dot x = x - x^2 y+p x y^2+ y^3, \ \dot y=y+p y^3 , \ \ p\in \mathbb{R}$. Our study is related to the paper {\it Alarcon B., Castro S.B.S.D., Labouriau I.S.} Glodal planar dynamics with star nodes: beyond Hilbert's 16th problem//arXiv:2106/07516v2 [math.DS].
gallego_castros	castros Trasancos Ferrolterra arqueologia	arxiv	The random walk on upper triangular matrices over $\mathbb{Z}/m \mathbb{Z}$	2020	arXiv	0	yes			en	We study a natural random walk on the $n \times n$ upper triangular matrices, with entries in $\mathbb{Z}/m \mathbb{Z}$, generated by steps which add or subtract a uniformly random row to the row above. We show that the mixing time of this random walk is $O(m^2n \log n+ n^2 m^{o(1)})$. This answers a question of Stong and of Arias-Castro, Diaconis, and Stanley.
gallego_castros	castros Trasancos Ferrolterra arqueologia	arxiv	A new expression for the Moore-Penrose inverse of a class of matrices	2016	arXiv	0	yes			en	An expression for the Moore-Penrose inverse of a matrix of the form M = XNY , where X and Y are nonsingular, has been recently established by Castro-González et al. [1, Theorem 2.2]. The expression plays an essential role in developing explicit expressions for the Moore-Penrose inverse of a two-by-two block matrix. In this paper, we present a new expression for the Moore-Penrose inverse of this class of matrices, which improves the result in [1].
gallego_castros	castros Trasancos Ferrolterra arqueologia	arxiv	Decision Problems For Turing Machines	2009	arXiv	0	yes			en	We answer two questions posed by Castro and Cucker, giving the exact complexities of two decision problems about cardinalities of omega-languages of Turing machines. Firstly, it is $D_2(Σ_1^1)$-complete to determine whether the omega-language of a given Turing machine is countably infinite, where $D_2(Σ_1^1)$ is the class of 2-differences of $Σ_1^1$-sets. Secondly, it is $Σ_1^1$-complete to determine whether the omega-language of a given Turing machine is uncountable.
gallego_castros	castros Trasancos Ferrolterra arqueologia	arxiv	Quantum hamiltonians and prime numbers	2003	arXiv	0	yes			en	A short review of Schroedinger hamiltonians for which the spectral problem has been related in the literature to the distribution of the prime numbers is presented here. We notice a possible connection between prime numbers and centrifugal inversions in black holes and suggest that this remarkable link could be directly studied within trapped Bose-Einstein condensates. In addition, when referring to the factorizing operators of Pitkanen and Castro and collaborators, we perform a mathematical extension allowing a more standard supersymmetric approach
gallego_castros	castros Trasancos Ferrolterra arqueologia	arxiv	Multiplicity of nontrivial solutions for elliptic equations with nonsmooth potential and resonance at higher eigenvalues	2006	arXiv	0	yes			en	We consider a semilinear elliptic equation with a nonsmooth, locally \hbox{Lipschitz} potential function (hemivariational inequality). Our hypotheses permit double resonance at infinity and at zero (double-double resonance situation). Our approach is based on the nonsmooth critical point theory for locally Lipschitz functionals and uses an abstract multiplicity result under local linking and an extension of the Castro--Lazer--Thews reduction method to a nonsmooth setting, which we develop here using tools from nonsmooth analysis.
gallego_castros	castros Trasancos Ferrolterra arqueologia	arxiv	Retour sur les lingots de plomb de Comacchio (Ferrara, Italie) en passant par l'archeometrie et l'epigraphie	2006	arXiv	0	yes			en	Up to now the origin of 102 lead ingots of the Comacchio (Ferrara, Italy) relict, found in 1981, has been difficult to solve and different hypothesis have been proposed. Recently 20 representative ingots have been analysed at the European JRC Laboratory of Ispra(Italy) and the lead isotope signature determined. From the performed results we may suggest the ores of Cartagena-Mazarron or Sierra Almagrera (Sud-East of Spain) be the probable lead origin of ingots. Archaeological examination and epigraphic arguments indicate Cartagena-Mazarron as the most probable of the two mine regions. The role of different persons, whose names are reported on the ingots, is discussed under a commercial point of view. We try to understand the commercial travel of the ship and the presence of the ingots in the Nord Adriatic sea.
gallego_castros	castros Trasancos Ferrolterra arqueologia	arxiv	Establishing strongly-coupled 3D AdS quantum gravity with Ising dual using all-genus partition functions	2019	arXiv	0	yes			en	"We study 3D pure Einstein quantum gravity with negative cosmological constant, in the regime where the AdS radius $l$ is of the order of the Planck scale. Specifically, when the Brown-Henneaux central charge $c=3l/2G_N$ ($G_N$ is the 3D Newton constant) equals $c=1/2$, we establish duality between 3D gravity and 2D Ising conformal field theory by matching gravity and conformal field theory partition functions for AdS spacetimes with general asymptotic boundaries. This duality was suggested by a genus-one calculation of Castro et al. [Phys. Rev. D {\bf 85}, 024032 (2012)]. Extension beyond genus-one requires new mathematical results based on 3D Topological Quantum Field Theory; these turn out to uniquely select the $c=1/2$ theory among all those with $c&lt;1$, extending the previous results of Castro et al.. Previous work suggests the reduction of the calculation of the gravity partition function to a problem of summation over the orbits of the mapping class group action on a ""vacuum seed"". But whether or not the summation is well-defined for the general case was unknown before this work. Amongst all theories with Brown-Henneaux central charge $c&lt;1$, the sum is finite and unique {\it only} when $c=1/2$, corresponding to a dual Ising conformal field theory on the asymptotic boundary."
gallego_castros	castros Trasancos Ferrolterra arqueologia	arxiv	Mixed-Integer Reaggregated Hull Reformulation of Special Structured Generalized Linear Disjunctive Programs	2026	arXiv	0	yes			en	Generalized Disjunctive Programming (GDP) provides a powerful framework for combining algebraic constraints with logical disjunctions. To solve these problems, mixed-integer reformulations are required, but traditional reformulation schemes, such as Big-M and Hull, either yield a weak continuous relaxation or result in a bloated model size. Castro and Grossmann showed that scheduling problems can be formulated as GDP by modeling task orderings as disjunctions with algebraic timing constraints. Moreover, in their work, a particular representation of the single-unit scheduling problem, namely using a time-slot concept, can be reformulated as a tight yet compact mixed-integer linear program with notable computational performance. Based on that observation, and focusing on the case where the constraints in disjunctions are linear and share the same coefficients, we connect the characterization of the convex hull of these disjunctive sets by Jeroslow and Blair with Castro and Grossmann's time-slot reaggregation strategy to derive a unified reformulation methodology. We test this reformulation in two problems, single-unit scheduling and two-dimensional strip-packing. We derive new formulations of the general precedence concept of single-unit scheduling and symmetry-breaking formulations of the strip-packing problem, yielding mixed-integer programs with strong theoretical guarantees, particularly compact formulations in terms of continuous variables, and efficient computational performance when solving them with commercial mixed-integer solvers for these problems.
gallego_castros	castros Trasancos Ferrolterra arqueologia	arxiv	Bi-partite entanglement entropy in massive two-dimensional quantum field theory	2008	arXiv	0	yes			en	Recently, Cardy, Castro Alvaredo and the author obtained the first exponential correction to saturation of the bi-partite entanglement entropy at large region length, in massive two-dimensional integrable quantum field theory. It only depends on the particle content of the model, and not on the way particles scatter. Based on general analyticity arguments for form factors, we propose that this result is universal, and holds for any massive two-dimensional model (also out of integrability). We suggest a link of this result with counting pair creations far in the past.
gallego_mamoas	mamoa tumulo megalitico Galicia dimensiones diametro	crossref	Il grande tumulo	1966	Books Abroad	0		10.2307/40120650		en	
gallego_mamoas	mamoa tumulo megalitico Galicia dimensiones diametro	crossref	I sepolcri a tumulo nelle origini della civiltà iapigia	1973	Philosophie und Wissenschaften, Künste	0		10.1515/9783110833126-013			
gallego_mamoas	mamoa tumulo megalitico Galicia dimensiones diametro	crossref	Revelações de Além Tumulo	1937	Books Abroad	0		10.2307/40078765		en	
gallego_mamoas	mamoa tumulo megalitico Galicia dimensiones diametro	crossref	KARAKTERISTIK TEMPAT BERTELUR BURUNG MAMOA (Eulipoa wallacei GRAY, 1860) DI KECAMATAN GALELA	2013	JURNAL BIOEDUKASI	0		10.33387/bioedu.v1i2.4347			
gallego_mamoas	mamoa tumulo megalitico Galicia dimensiones diametro	crossref	Numa gigantesca mamoa, a necrópole neolítica do Algar do Bom Santo	2020	Kairós	0		10.14195/2184-7193_6_3			
gallego_mamoas	mamoa tumulo megalitico Galicia dimensiones diametro	crossref	I sepolcri a tumulo nelle origini della civiltà iapigia	1973	Philosophie und Wissenschaften, Künste	0		10.1515/9783110833126-031			
gallego_mamoas	mamoa tumulo megalitico Galicia dimensiones diametro	crossref	Á beira do tumulo	1948	Revista da Faculdade de Direito, Universidade de São Paulo	0		10.11606/issn.2318-8235.v43i0p12-14			
gallego_mamoas	mamoa tumulo megalitico Galicia dimensiones diametro	crossref	Dimensiones situadas del trabajo	2022		0		10.55778/ts878875668			 &lt;p&gt;La presente publicación es el resultado de las tareas llevadas a cabo en el marco de dos proyectos de investigación con sede en el Centro de Estudios Sociales (CES) de la Universidad Nacional del Nordeste (UNNE) y acreditados ante la Secretaría General de Ciencia y Técnica (UNNE), y tiene por objetivo difundir los conocimientos elaborados en ellos respecto de distintos ámbitos de las ciencias sociales desde una mirada interdisciplinar.&lt;/p&gt;&lt;p&gt;&lt;span&gt;El libro consta de 12 artículos agrupados en tres secciones temáticas: a) Procesos y formas de organización actuales del trabajo, b) Expresiones del trabajo en la economía social, solidaria y popular, y c) Cultura: experiencias, trabajos y teorizaciones.&lt;/span&gt;&lt;/p&gt; 
gallego_mamoas	mamoa tumulo megalitico Galicia dimensiones diametro	crossref	Escavação arqueológica da Mamoa 4 do “Rapadouro”: (Pendilhe, Vila Nova de Paiva, Viseu)	1997	Conimbriga: Revista de Arqueologia	0		10.14195/1647-8657_36_1		pt	
gallego_mamoas	mamoa tumulo megalitico Galicia dimensiones diametro	crossref	Maroni musa proximus ut tumulo	1992	Revue de l'art	0		10.3917/rda.095.0025			
gallego_mamoas	megalitismo noroeste peninsular necropolis tumular	openalex	A Anta dos Currais do Galhordas (Castelo de Vide – Centro Leste de Portugal): Resultados da primeira campanha de escavaçã	2013	Estudos do Quaternário / Quaternary Studies	0	yes	10.30893/eq.v0i9.156	http://www.apeq.pt/estudosdoquaternario/index.php/eq/article/download/156/153	pt	A Antas dos Currais do Galhordas é um monumento megalítico composto por câmara poligonal, corredor e mamoa. A primeira campanha de escavação permitiu a identificação de algumas técnicas de construção, bem como a recolha de diversos artefactos, nomeadamente material em pedra lascada e em pedra polida, placas de xisto (lisas e gravadas) e vasos cerâmicos. No âmbito do estudo destes últimos, procedeu-se à análise do conteúdo de um vaso através de cromatografia gasosa com detecção por massa.&#x0D; Não se dispõe ainda de datações absolutas. Todavia, a tipologia dos recipientes cerâmicos aponta para uma cronologia que deverá andar próxima da transição do IV para o III milénio cal BC.&#x0D; Com os trabalhos realizados neste monumento pretende-se contribuir para um melhor conhecimento do fenómeno tumular megalítico, não só do Alto Alentejo, como da Península Ibérica em geral.
gallego_mamoas	megalitismo noroeste peninsular necropolis tumular	openalex	A Multi-Analytical study of Rock Paintings from Leandro 5 Megalithic Barrow, North-Weastern Portugal	2019	RepositóriUM (Universidade do Minho)	0	yes		http://hdl.handle.net/1822/61932	en	The colourant composition of a northern Portugal megalithic barrow decorated with ‘solar’ motifs was studied using a multi-analytical approach, allowing the characterisa- tion of the painting techniques, pigments and binders. The red pigment was prepared with iron oxide minerals, using vegetal oils as organic additives, while the black pigment was char- coal without any organic additives or binders. The solar motif was first drawn with charcoal and subsequently painted with a red pigment.
gallego_mamoas	megalitismo noroeste peninsular necropolis tumular	crossref	Raso de Chirolí: una necróplis tumular en Los Alcores	1992	SPAL. Revista de Prehistoria y Arqueología de la Universidad de Sevilla	0		10.12795/spal.1992.i1.12			
gallego_mamoas	megalitismo noroeste peninsular necropolis tumular	crossref	Estudio antropológico de las incineraciones de la Necrópolis Tumular del Corral de Mola (Uncastillo, Zaragoza) / Anthropological study of the incinerations of the Tumular Necropolis of the Corral de Mola (Uncastillo, Zaragoza)	2017	Cuadernos de Prehistoria y Arqueología	0		10.15366/cupauam2017.43.005			
gallego_mamoas	megalitismo noroeste peninsular necropolis tumular	crossref	Mounds of Fire! The Tumular Necropolis of Borșa-La Cișmele (Vlădeni, Iași County)	2024	STUDIA ANTIQUA ET ARCHAEOLOGICA	0		10.47743/saa-2024-30-2-10			" North-eastern Romania benefits of a high density of tumuli, belonging to various prehistoric or historic
communities. Previous endeavors of our team have identified within this workspace, with the help of LiDAR data,
aerial photographs and cartographical supports, a number of 1791 of such mounds, usually placed on hilltops, forming
somewhat-linear arrangements, but also exceptional situations, such as the case of the tumular necropolis of Borșa-
La Cișmele, a novel discovery that does not resemble anything studied so far. The site comprises at least six mounds,
out of which we have identified two groups of mounds connected by earthworks, shaping semi-circles. After the
documentation stage, our team has carried out fieldwalks, with which occasion the presence of reddish coloured soil
was observed. This characteristic was signaled only on the surface of the four connected mounds, suggesting that the
tumuli in question were not guarding some inhumation burials, but were witnesses of an impressive cremation ritual.
Thus, the current paper aims at signaling the presence of the monuments in question within the barrow landscape of
NE Romania, as a first step in the research strategy undertaken by our team. "
gallego_mamoas	megalitismo noroeste peninsular necropolis tumular	crossref	"Preliminary considerations on the Scythian stone statue of 4<b>
                     <sup>th</sup>
                  </b> Century BC from the tumular necropolis from Peceneaga-Cerna, Tulcea County"	2024	Praehistorische Zeitschrift	0		10.1515/pz-2024-2019		en	" Abstract 
                During a survey in Peceneaga, Tulcea county in Dobruja, several settlements and mounds (necropolises) from the 4 th  century were discovered. Topographic and geophysical surveys of the “Breazu tumulus” and its surroundings have revealed a partially destroyed tumular necropolis, where the barrow with the statue had a stone ring. The presence of a burial chamber below the embankment could not be proven; another burial structure was probably present. On the largest tumulus lay a Scythian stone statue from the 4 th  century BC. The bearded left-handed warrior was represented with a belt, a gorythos and protective armor on his right thigh. In this time the North Pontic Scythians under Ataias, migrating westward, became increasingly sedentary. A Scythian center of power may have emerged there. "
gallego_mamoas	megalitismo noroeste peninsular necropolis tumular	crossref	tumular, adj.	2023	Oxford English Dictionary	0		10.1093/oed/7099237259		en	
gallego_mamoas	megalitismo noroeste peninsular necropolis tumular	crossref	UN ACERCAMIENTO A LAS MARCAS DE ALFARERO EN TERRA SIGILLATA: EL ESTADO DE LA CUESTIÓN EN EL NOROESTE PENINSULAR.	2024	Minius	0		10.35869/mns.v0i30.5885			 Las marcas de alfarero constituyen un dominio específico en el estudio de la arqueología romana que nos ayuda a entender mejor la distribución cronológica y espacial de la terra sigillata itálica, sudgálica e hispánica por todo el imperio. En este trabajo realizamos una introducción a las características de las marcas y un estado de la cuestión sobre los estudios que se han llevado a cabo sobre ella en el noroeste peninsular. 
gallego_mamoas	megalitismo noroeste peninsular necropolis tumular	crossref	LA REPRESENTACIÓN DEL PODER EN LAS COMUNIDADES PROTOHISTÓRICAS DEL NOROESTE PENINSULAR. EXCELENCIA MASCULINA Y COTIDIANIDAD FEMENINA	2017	RAUDEM. Revista de Estudios de las Mujeres	0		10.25115/raudem.v1i0.565			 Resumen: Dentro de las estrategias de acceso al poder de las élites masculinas, la articulación y dominio de los espacios de representación servirían de garantía tanto a la legitimación como a la consolidación de las desigualdades sociales. Una garantía que se apoyaba en el control de las armas, los rituales y la autoridad. En ese sentido, el estudio, como parte del lenguaje simbólico del poder, de los espacios y materiales rescatados nos ayuda a entender cómo se construyeron las diferencias de género y con ellas las desigualdades entre hombres y mujeres.Palabras clave: protohistoria, arqueología, espacios, género, poder, patriarcado, excelencia y cotidianidad.English Title: The Representation of Power in the Northwest Peninsular Protohistoric Communities. Masculine Excellence and Feminine CotidianityAbstract: In the power strategies of masculine elites, the articulation and domination of representational spaces would serve to guarantee their legitimacy, but they would also consolidate social inequalities. Masculine power, shored up by development of defensive weaponry, was organised through control of weapons, rules and rituals. This study of spaces and materials will assist in understanding how such societies, through this symbolic language of power, constructed gender differences and thereby created inequalities between men and women.Key words: protohistory, archaeology, spaces, gender, poser, patriarchy, excellence andcotidianity. 
gallego_mamoas	megalitismo noroeste peninsular necropolis tumular	crossref	El tablero cerámico de Castro Curbín (Arzúa, A Coruña). Reflexiones sobre religiosidad y ¿juegos de mesa? en la Edad del Hierro del noroeste peninsular	2024	Lucentum	0		10.14198/lvcentvm.24538			 El presente trabajo realiza una aproximación arqueológica a una pieza singular de la Edad del Hierro del Noroeste: el tablero cerámico de Castro Curbín (Arzúa). Este insólito objeto se define por una base plana realizada en cerámica, con numerosas oquedades y vinculada a varias fichas de forma circular, que encajan en los huecos. La pieza, muy fragmentada, fue recuperada en un depósito estructurada en el entorno del sistema defensivo del asentamiento. Dada la extraña factura del objeto, se propone una aproximación integral al yacimiento que permita establecer una base sólida para el análisis. Así, se definen, en primer lugar, las características más relevantes del poblado, las condiciones del paisaje habitado y su secuencia ocupacional, contextualizando el asentamiento con relación a las dinámicas sociales, territoriales y arqueológicas del interior de la Edad del Hierro del Noroeste. A continuación, el trabajo se focaliza en las características del depósito en el que se integra el tablero, una acumulación de materiales estructurada y de probable orientación votiva. Se analizarán las características generales de este tipo de expresiones en otros asentamientos fortificados del Noroeste, señalando su reiteración en otros poblados del interior y su habitual vínculo con el entorno de las murallas. Finalmente, se sugiere un análisis funcional e interpretativo del tablero, considerando su orientación lúdica como la más acorde a sus características. Estas consideraciones se relacionarán con otras expresiones lúdicas documentadas en distintos ámbitos, procurando establecer un marco comparativo de análisis que permita realizar una primera aproximación a este posible juego de mesa en el Hierro del Noroeste. 
gallego_mamoas	medorra arca dolmen Galicia paisaje megalitico	crossref	Escribir Galicia a través de su paisaje	2026	HispanismeS	0		10.4000/16hvr			 Filomena Dato (1856, Ourense – 1926, A Coruña) es una poeta gallega que formó parte del movimiento del Rexurdimento galego. Heredera de la poesía de las grandes figuras gallegas como Rosalía de Castro o Eduardo Pondal, se dedica, en sus poemas reunidos en el poemario Follatos, a cantar la belleza de Galicia y de sus autores. El artículo se propone estudiar cómo los poemas en gallego de Filomena Dato, a través de una tonalidad fuertemente lírica y patriótica, crean una voz poética que adopta una visión puramente laudatoria de lo que llama su «patria». A la pintura poética de un paisaje principalmente compuesto por elementos naturales, se superpone la edificación de un panteón literario cuya obra fusiona con el paisaje gallego. La última sección del análisis se dedica a identificar los fallos de la voz poética a la hora de enfrentarse con la pobreza de la Galicia del final del siglo XIX y la emigración resultante. 
gallego_mamoas	medorra arca dolmen Galicia paisaje megalitico	crossref	Aproximación a los castros del municipio de Forcarei (Pontevedra, Galicia):	2025	Arqueología de las comunidades rurales en la Península Ibérica	0		10.2307/jj.26868654.7			
gallego_mamoas	tumulos prehistoricos Galicia distribucion espacial	crossref	« Venies ad tumulos. Respice Sepulcra »	1976	Revue de l'art	0		10.3917/rda.032.0015			
gallego_mamoas	tumulos prehistoricos Galicia distribucion espacial	crossref	Manuel Vázquez Castro no Album de Galicia	2019	Álbum de Galicia	0		10.17075/adg.4054			
gallego_mamoas	mamoa tumulo megalitico Galicia dimensiones diametro	arxiv	Proposte di Antenne generatrici di Fasci Non-diffrattivi per micro-onde (Proposal of apertures generating Nondiffracting Beams of microwaves)	2011	arXiv	0	yes			en	We propose in detail Antennas for generating Nondiffracting Beams of Microwaves, for instance with frequencies of the order of few GHz, obtaining fair results even when having recourse to realistic apertures, with a quite reasonable diameter. The present proposal refers to sets of suitable annular slits. The possible applications are various, including remote sensing. The paper is in Italian. [Si propongono in dettaglio Antenne per la generazione di fasci non-diffrattivi di microonde, per frequenze ad esempio dell'ordine della decina di GHz, ottenendo discreti risultati pur ricorrendo ad antenne realistiche di diametro ridotto. La proposta e' quella di usare un set di opportuni Annular Slits. Le applicazioni possibili sono varie, includendo il remore sensing.]
gallego_mamoas	megalitismo noroeste peninsular necropolis tumular	arxiv	Abusir: from Pliny the Elder to Google Maps	2011	arXiv	0	yes			en	Abusir, the House of Osiris, is the name given to an Egyptian necropolis of the Old Kingdom period. This site is a part of a huge area, from Giza to Dahshur, rich of archaeological remains and covered by many pyramids. The paper is reporting concisely some archaeological studies on Abusir. We start from the description given by Pliny the Elder and end proposing the use of Google Maps.
gallego_mamoas	medorra arca dolmen Galicia paisaje megalitico	arxiv	ARCAS: An Augmented Reality Collision Avoidance System with SLAM-Based Tracking for Enhancing VRU Safety	2025	arXiv	0	yes			en	Vulnerable road users (VRUs) face high collision risks in mixed traffic, yet most existing safety systems prioritize driver or vehicle assistance over direct VRU support. This paper presents ARCAS, a real-time augmented reality (AR) collision avoidance system that provides personalized spatial alerts to VRUs via wearable AR headsets. By fusing roadside 360° 3D LiDAR with SLAM-based headset tracking and an automatic 3D calibration procedure, ARCAS accurately overlays world-locked 3D bounding boxes and directional arrows onto approaching hazards in the user's passthrough view. The system also enables multi-headset coordination through shared world anchoring. Evaluated in real-world pedestrian interactions with e-scooters and vehicles (180 trials), ARCAS nearly doubles pedestrians' time to collision and increases counterparts' reaction margins by up to 4x compared to unaided eye conditions. Results validate the feasibility and effectiveness of LiDAR-driven AR guidance and highlight the potential of wearable AR as a promising next generation safety tool for urban mobility.
