dataset	tile_id	sample_id	bank_id	label_class	label_role	final_split	country	name	municipality	parish	morphology_proxy	negative_type	probability	rank_desc_in_dataset	status	error
train_mini	wl-tile-v1-06178	wl-neg-neg-es-pba-38894	neg-es-pba-38894	0	hard_negative	train	ES	A Chousa das Minas	Pol	Arcos de Frades (Santiago)		mining_or_quarry	0.07592820	525	ok	
train_mini	wl-tile-v1-05758	wl-neg-neg-es-pba-35203	neg-es-pba-35203	0	hard_negative	train	ES	A Costa/Medorra de Montecalvo 1	Monterroso	Marzán (Santa María)		megalithic_mound	0.40648065	310	ok	
train_mini	wl-tile-v1-05760	wl-neg-neg-es-pba-35254	neg-es-pba-35254	0	hard_negative	train	ES	A Costa/Medorra de Montecalvo 2	Monterroso	Marzán (Santa María)		megalithic_mound	0.41500148	306	ok	
train_mini	wl-tile-v1-03135	wl-neg-neg-es-pba-18194	neg-es-pba-18194	0	hard_negative	train	ES	A Cruz do Pinal/Mámoa da Cruz do Pinal	As Pontes de García Rodríguez	Vilavella (Santa María)		megalithic_mound	0.40025661	317	ok	
train_mini	wl-tile-v1-06235	wl-neg-neg-es-pba-40747	neg-es-pba-40747	0	hard_negative	train	ES	A Eira da Torre/Medorra de Sotordei	Ribas de Sil	Soutordei (Santiago)		megalithic_mound	0.30684191	379	ok	
train_mini	wl-tile-v1-05761	wl-neg-neg-es-pba-35256	neg-es-pba-35256	0	hard_negative	train	ES	A Escrita/A Casa das Mouras/As Fontelas/Orgoso/Mámoa da Escrita 1	Monterroso	Fufín (San Martiño)		megalithic_mound	0.19037196	445	ok	
train_mini	wl-tile-v1-07467	wl-neg-neg-es-pba-65654	neg-es-pba-65654	0	hard_negative	train	ES	A Gándara	A Guarda	Salcidos (San Lourenzo)		roman_built_context	0.36085971	342	ok	
train_mini	wl-tile-v1-08416	wl-neg-neg-es-pba-66223	neg-es-pba-66223	0	hard_negative	train	ES	A Laxe das Presiñas	Gondomar	Peitieiros (San Miguel)		rock_art_surface	0.02232194	545	ok	
train_mini	wl-tile-v1-06179	wl-neg-neg-es-pba-38898	neg-es-pba-38898	0	hard_negative	train	ES	A Madorra da Valiña	Pol	Luaces (Santa María)		megalithic_mound	0.40289783	315	ok	
train_mini	wl-tile-v1-04509	wl-neg-neg-es-pba-24888	neg-es-pba-24888	0	hard_negative	train	ES	A Madorra/Foxo do Cabrito	Toques	Santa Mariña de Brañas (Santa Mari¤a)		megalithic_mound	0.42773003	297	ok	
train_mini	wl-tile-v1-07325	wl-neg-neg-es-pba-56893	neg-es-pba-56893	0	hard_negative	train	ES	A Meana	Rubiá	Quereño (San Cristovo)		mining_or_quarry	0.20869000	434	ok	
train_mini	wl-tile-v1-05830	wl-neg-neg-es-pba-29650	neg-es-pba-29650	0	hard_negative	train	ES	A Medorra	O Corgo	Santo Estevo de Farnadeiros (Santo Estevo)		megalithic_mound	0.75516795	147	ok	
train_mini	wl-tile-v1-06757	wl-neg-neg-es-pba-50551	neg-es-pba-50551	0	hard_negative	train	ES	A Medorra	A Gudiña	O Canizo (Santa María)		megalithic_mound	0.19670914	440	ok	
train_mini	wl-tile-v1-09449	wl-neg-neg-es-pba-74609	neg-es-pba-74609	0	hard_negative	train	ES	A Medorra 2	Vila de Cruces	Cumeiro (San Pedro)		megalithic_mound	0.46321927	282	ok	
train_mini	wl-tile-v1-09450	wl-neg-neg-es-pba-74610	neg-es-pba-74610	0	hard_negative	train	ES	A Medorra 3	Vila de Cruces	Cumeiro (San Pedro)		megalithic_mound	0.28237934	393	ok	
train_mini	wl-tile-v1-09451	wl-neg-neg-es-pba-74611	neg-es-pba-74611	0	hard_negative	train	ES	A Medorra 4	Vila de Cruces	Cumeiro (San Pedro)		megalithic_mound	0.11787343	500	ok	
train_mini	wl-tile-v1-09452	wl-neg-neg-es-pba-74612	neg-es-pba-74612	0	hard_negative	train	ES	A Medorra 5	Vila de Cruces	Cumeiro (San Pedro)		megalithic_mound	0.29082582	387	ok	
train_mini	wl-tile-v1-05833	wl-neg-neg-es-pba-32105	neg-es-pba-32105	0	hard_negative	train	ES	A Medorra de Cereixido	O Incio	Santa María do Mao (Santa María)		megalithic_mound	0.11479728	503	ok	
train_mini	wl-tile-v1-06187	wl-neg-neg-es-pba-38387	neg-es-pba-38387	0	hard_negative	train	ES	A Medorra de Hospital	Portomarín	Nespereira (San Cibrao)		megalithic_mound	0.19461185	441	ok	
train_mini	wl-tile-v1-05616	wl-neg-neg-es-pba-31043	neg-es-pba-31043	0	hard_negative	train	ES	A Medorra de Reigosa 1	Friol	Friol (San Xiao)		megalithic_mound	0.42904363	296	ok	
train_mini	wl-tile-v1-06315	wl-neg-neg-es-pba-42146	neg-es-pba-42146	0	hard_negative	train	ES	A Medorra de Xisto	Sarria	San Vicenzo de Froián (San Vicenzo)		megalithic_mound	0.64477669	205	ok	
train_mini	wl-tile-v1-05617	wl-neg-neg-es-pba-31044	neg-es-pba-31044	0	hard_negative	train	ES	A Medorra de Xoana	Friol	Santalla de Devesa (Santalla)		megalithic_mound	0.29776601	385	ok	
train_mini	wl-tile-v1-06188	wl-neg-neg-es-pba-38388	neg-es-pba-38388	0	hard_negative	train	ES	A Medorra do Rañadoiro 1	Portomarín	Vilaxuste (San Pedro)		megalithic_mound	0.33082798	364	ok	
train_mini	wl-tile-v1-06189	wl-neg-neg-es-pba-38389	neg-es-pba-38389	0	hard_negative	train	ES	A Medorra do Rañadoiro 2	Portomarín	Vilaxuste (San Pedro)		megalithic_mound	0.18946412	448	ok	
train_mini	wl-tile-v1-06190	wl-neg-neg-es-pba-38420	neg-es-pba-38420	0	hard_negative	train	ES	A Medorra do Rañadoiro 3	Portomarín	Vilaxuste (San Pedro)		megalithic_mound	0.17254593	459	ok	
train_mini	wl-tile-v1-03920	wl-neg-neg-es-pba-15468	neg-es-pba-15468	0	hard_negative	train	ES	A Medorra/Mámoa de Aldea de Abaixo 1	Ordes	Beán (Santa María)		megalithic_mound	0.59812959	222	ok	
train_mini	wl-tile-v1-03921	wl-neg-neg-es-pba-15469	neg-es-pba-15469	0	hard_negative	train	ES	A Medorra/Mámoa de Aldea de Abaixo 2	Ordes	Beán (Santa María)		megalithic_mound	0.64571092	203	ok	
train_mini	wl-tile-v1-03922	wl-neg-neg-es-pba-15470	neg-es-pba-15470	0	hard_negative	train	ES	A Medorra/Mámoa de Aldea de Abaixo 3	Ordes	Beán (Santa María)		megalithic_mound	0.37769035	330	ok	
train_mini	wl-tile-v1-03923	wl-neg-neg-es-pba-15471	neg-es-pba-15471	0	hard_negative	train	ES	A Medorra/Mámoa de Aldea de Abaixo 4	Ordes	Beán (Santa María)		megalithic_mound	0.33617475	360	ok	
train_mini	wl-tile-v1-05091	wl-neg-neg-es-pba-42396	neg-es-pba-42396	0	hard_negative	train	ES	A Medorriña/Medorra do Coto Redondo	Baralla	Pacios (Santa María)		megalithic_mound	0.38617151	325	ok	
train_mini	wl-tile-v1-05007	wl-neg-neg-es-pba-38985	neg-es-pba-38985	0	hard_negative	train	ES	A Mina	A Pobra do Brollón	Ferreiros (San Salvador)		mining_or_quarry	0.44853678	286	ok	
train_mini	wl-tile-v1-07427	wl-neg-neg-es-pba-60601	neg-es-pba-60601	0	hard_negative	train	ES	A Mina dos Lameiros	Vilardevós	Vilar de Cervos (San Vicente)		mining_or_quarry	0.27332409	399	ok	
train_mini	wl-tile-v1-06609	wl-neg-neg-es-pba-30140	neg-es-pba-30140	0	hard_negative	train	ES	A Modia	Xermade	Xermade (Santa María)		megalithic_mound	0.64932944	198	ok	
train_mini	wl-tile-v1-06482	wl-neg-neg-es-pba-43240	neg-es-pba-43240	0	hard_negative	train	ES	A Modia de Gocendre	Vilalba	Goiriz (Santiago)		megalithic_mound	0.36988958	336	ok	
train_mini	wl-tile-v1-06610	wl-neg-neg-es-pba-30141	neg-es-pba-30141	0	hard_negative	train	ES	A Modia/Medoña da Zaipa	Xermade	Xermade (Santa María)		megalithic_mound	0.49175051	269	ok	
train_mini	wl-tile-v1-05008	wl-neg-neg-es-pba-38986	neg-es-pba-38986	0	hard_negative	train	ES	A Modorra	A Pobra do Brollón	Eixón (San Xurxo)		megalithic_mound	0.61365445	216	ok	
train_mini	wl-tile-v1-06046	wl-neg-neg-es-pba-37805	neg-es-pba-37805	0	hard_negative	train	ES	A Modorra Grande	Paradela	Castro de Rei de Lemos (Santa María)		megalithic_mound	0.33678191	357	ok	
train_mini	wl-tile-v1-06044	wl-neg-neg-es-pba-37803	neg-es-pba-37803	0	hard_negative	train	ES	A Modorra de Bacorelle	Paradela	Castro de Rei de Lemos (Santa María)		megalithic_mound	0.34971231	349	ok	
train_mini	wl-tile-v1-06316	wl-neg-neg-es-pba-42147	neg-es-pba-42147	0	hard_negative	train	ES	A Modorra do Cruceiro	Sarria	Santalla de Arxemil (Santalla)		megalithic_mound	0.34112107	354	ok	
train_mini	wl-tile-v1-06045	wl-neg-neg-es-pba-37804	neg-es-pba-37804	0	hard_negative	train	ES	A Modorra dos Chaos	Paradela	Castro de Rei de Lemos (Santa María)		megalithic_mound	0.27406240	397	ok	
train_mini	wl-tile-v1-07326	wl-neg-neg-es-pba-56894	neg-es-pba-56894	0	hard_negative	train	ES	A Muria/O Foio	Rubiá	O Barrio de Cascallá (Nosa Señora da Asunción)		mining_or_quarry	0.04139562	537	ok	
train_mini	wl-tile-v1-03540	wl-neg-neg-es-pba-10048	neg-es-pba-10048	0	hard_negative	train	ES	A Mámoa	Fisterra	Duio (San Vicenzo)		megalithic_mound	0.26789698	404	ok	
train_mini	wl-tile-v1-09448	wl-neg-neg-es-pba-74608	neg-es-pba-74608	0	hard_negative	train	ES	A Mámoa 2	Vila de Cruces	Ferreirós (San Xes)		megalithic_mound	0.24162781	419	ok	
train_mini	wl-tile-v1-06043	wl-neg-neg-es-pba-37802	neg-es-pba-37802	0	hard_negative	train	ES	A Mámoa 3	Paradela	Castro de Rei de Lemos (Santa María)		megalithic_mound	0.29028222	388	ok	
train_mini	wl-tile-v1-07113	wl-neg-neg-es-pba-51258	neg-es-pba-51258	0	hard_negative	train	ES	A Mámoa de Calvelo	Maceda	Zorelle (Santiago)		megalithic_mound	0.43723638	293	ok	
train_mini	wl-tile-v1-03026	wl-neg-neg-es-pba-884	neg-es-pba-884	0	hard_negative	train	ES	A Mámoa de Costa da Vide	Aranga	Cambás (San Pedro)		megalithic_mound	0.65204404	197	ok	
train_mini	wl-tile-v1-03027	wl-neg-neg-es-pba-885	neg-es-pba-885	0	hard_negative	train	ES	A Mámoa de Ferreiros	Aranga	Vilarraso (San Lourenzo)		megalithic_mound	0.32663591	369	ok	
train_mini	wl-tile-v1-03028	wl-neg-neg-es-pba-886	neg-es-pba-886	0	hard_negative	train	ES	A Mámoa de Vilarraso	Aranga	Vilarraso (San Lourenzo)		megalithic_mound	0.35067738	348	ok	
train_mini	wl-tile-v1-03029	wl-neg-neg-es-pba-887	neg-es-pba-887	0	hard_negative	train	ES	A Mámoa do Marco de Buño	Aranga	Cambás (San Pedro)		megalithic_mound	0.44782851	289	ok	
train_mini	wl-tile-v1-03030	wl-neg-neg-es-pba-888	neg-es-pba-888	0	hard_negative	train	ES	A Mámoa do Monte dos Croios Brancos	Aranga	Aranga (San Paio)		megalithic_mound	0.18979531	447	ok	
train_mini	wl-tile-v1-03031	wl-neg-neg-es-pba-889	neg-es-pba-889	0	hard_negative	train	ES	A Mámoa do Pousadoiro	Aranga	Aranga (San Paio)		megalithic_mound	0.50761314	261	ok	
train_mini	wl-tile-v1-03032	wl-neg-neg-es-pba-890	neg-es-pba-890	0	hard_negative	train	ES	A Mámoa/A Medoña	Aranga	Aranga (San Paio)		megalithic_mound	0.23258864	425	ok	
train_mini	wl-tile-v1-07327	wl-neg-neg-es-pba-56895	neg-es-pba-56895	0	hard_negative	train	ES	A Pala I	Rubiá	O Porto (San Cristovo)		mining_or_quarry	0.19822853	438	ok	
train_mini	wl-tile-v1-07328	wl-neg-neg-es-pba-56896	neg-es-pba-56896	0	hard_negative	train	ES	A Pala I	Rubiá	O Porto (San Cristovo)		mining_or_quarry	0.10242857	510	ok	
train_mini	wl-tile-v1-07329	wl-neg-neg-es-pba-56897	neg-es-pba-56897	0	hard_negative	train	ES	A Pala I	Rubiá	O Porto (San Cristovo)		mining_or_quarry	0.07616139	524	ok	
train_mini	wl-tile-v1-07330	wl-neg-neg-es-pba-56923	neg-es-pba-56923	0	hard_negative	train	ES	A Pala I	Rubiá	O Porto (San Cristovo)		mining_or_quarry	0.02486699	543	ok	
train_mini	wl-tile-v1-07331	wl-neg-neg-es-pba-56924	neg-es-pba-56924	0	hard_negative	train	ES	A Pala II	Rubiá	O Porto (San Cristovo)		mining_or_quarry	0.25836543	409	ok	
train_mini	wl-tile-v1-07332	wl-neg-neg-es-pba-56925	neg-es-pba-56925	0	hard_negative	train	ES	A Pala II	Rubiá	O Porto (San Cristovo)		mining_or_quarry	0.25987340	408	ok	
train_mini	wl-tile-v1-07333	wl-neg-neg-es-pba-56926	neg-es-pba-56926	0	hard_negative	train	ES	A Pala II	Rubiá	O Porto (San Cristovo)		mining_or_quarry	0.20032004	437	ok	
train_mini	wl-tile-v1-06262	wl-neg-neg-es-pba-40686	neg-es-pba-40686	0	hard_negative	train	ES	A Pedra Chantada	Ribeira de Piquín	Navallos (San Pedro)		megalithic_mound	0.23395031	424	ok	
train_mini	wl-tile-v1-05315	wl-neg-neg-es-pba-29114	neg-es-pba-29114	0	hard_negative	train	ES	A Torre do Braña/As Torres	Cospeito	Vilapene (Santa María)		historic_fortification	0.90261675	53	ok	
train_mini	wl-tile-v1-06611	wl-neg-neg-es-pba-30142	neg-es-pba-30142	0	hard_negative	train	ES	Abrigo Curaceiro 1	Xermade	Burgás (Santa Baia)		rock_art_surface	0.50879072	259	ok	
train_mini	wl-tile-v1-05678	wl-neg-neg-es-pba-34130	neg-es-pba-34130	0	hard_negative	train	ES	Abrigo da Pena da Capela	Mondoñedo	Figueiras (San Martiño)		rock_art_surface	0.05354431	533	ok	
train_mini	wl-tile-v1-06483	wl-neg-neg-es-pba-43242	neg-es-pba-43242	0	hard_negative	train	ES	Abrigo de Dos Niñas	Vilalba	Santaballa (San Pedro)		rock_art_surface	0.78965116	129	ok	
train_mini	wl-tile-v1-06047	wl-neg-neg-es-pba-37807	neg-es-pba-37807	0	hard_negative	train	ES	Abrigo de Monte Agudo	Paradela	Santalla de Paradela (Santalla)		rock_art_surface	0.51449890	256	ok	
train_mini	wl-tile-v1-05679	wl-neg-neg-es-pba-34131	neg-es-pba-34131	0	hard_negative	train	ES	Abrigo de Monte Lourido	Mondoñedo	A Couboeira (Santa María Madanela)		rock_art_surface	0.40274616	316	ok	
train_mini	wl-tile-v1-06317	wl-neg-neg-es-pba-42148	neg-es-pba-42148	0	hard_negative	train	ES	Abrigo de Pena Moura	Sarria	Barbadelo (Santiago)		rock_art_surface	0.64501184	204	ok	
train_mini	wl-tile-v1-09350	wl-neg-neg-es-pba-70706	neg-es-pba-70706	0	hard_negative	train	ES	Achado de Areeiro	Tomiño	Tebra (Santa María)		rock_art_surface	0.11189512	504	ok	
train_mini	wl-tile-v1-05062	wl-neg-neg-es-pba-26911	neg-es-pba-26911	0	hard_negative	train	ES	Agro da Mámoa/Mámoa de Árbol	Antas de Ulla	Árbol (Santalla)		megalithic_mound	0.14795505	478	ok	
train_mini	wl-tile-v1-07433	wl-neg-neg-es-pba-65159	neg-es-pba-65159	0	hard_negative	train	ES	Aloque/Almarra/Bouziña de Moledo	A Guarda	Camposancos (Santa Isabel)		roman_built_context	0.01267588	551	ok	
train_mini	wl-tile-v1-06066	wl-neg-neg-es-pba-36986	neg-es-pba-36986	0	hard_negative	train	ES	Alto da Medorra	Pedrafita do Cebreiro	Zanfoga (San Martiño)		megalithic_mound	0.92476291	42	ok	
train_mini	wl-tile-v1-08724	wl-neg-neg-es-pba-68165	neg-es-pba-68165	0	hard_negative	train	ES	Anta do Meixueiro/Anta de Meixoeiro	Mos	Cela (San Pedro)		rock_art_surface	0.44139017	291	ok	
train_mini	wl-tile-v1-09423	wl-neg-neg-es-pba-73288	neg-es-pba-73288	0	hard_negative	train	ES	Ara votiva de San Mamede de Martores	Valga	Valga (San Miguel)		roman_built_context	0.15166819	474	ok	
train_mini	wl-tile-v1-07114	wl-neg-neg-es-pba-51261	neg-es-pba-51261	0	hard_negative	train	ES	As Cerdeiras	Maceda	Foncuberta (Santa María)		roman_built_context	0.18571199	453	ok	
train_mini	wl-tile-v1-07334	wl-neg-neg-es-pba-56959	neg-es-pba-56959	0	hard_negative	train	ES	As Cheices	Rubiá	Quereño (San Cristovo)		mining_or_quarry	0.65965424	192	ok	
train_mini	wl-tile-v1-07335	wl-neg-neg-es-pba-56960	neg-es-pba-56960	0	hard_negative	train	ES	As Cheices	Rubiá	Quereño (San Cristovo)		mining_or_quarry	0.00810169	552	ok	
train_mini	wl-tile-v1-07336	wl-neg-neg-es-pba-56961	neg-es-pba-56961	0	hard_negative	train	ES	As Cheices	Rubiá	Quereño (San Cristovo)		mining_or_quarry	0.21167655	432	ok	
train_mini	wl-tile-v1-07337	wl-neg-neg-es-pba-56962	neg-es-pba-56962	0	hard_negative	train	ES	As Cheices	Rubiá	Quereño (San Cristovo)		mining_or_quarry	0.21863139	429	ok	
train_mini	wl-tile-v1-07434	wl-neg-neg-es-pba-65197	neg-es-pba-65197	0	hard_negative	train	ES	As Covas	A Guarda	Salcidos (San Lourenzo)		roman_built_context	0.27669881	394	ok	
train_mini	wl-tile-v1-05772	wl-neg-neg-es-pba-35096	neg-es-pba-35096	0	hard_negative	train	ES	As Covas de Castañedo	Navia de Suarna	Castañedo (Santiago)		rock_art_surface	0.04519301	535	ok	
train_mini	wl-tile-v1-08419	wl-neg-neg-es-pba-66262	neg-es-pba-66262	0	hard_negative	train	ES	As Laxes	Gondomar	Couso (San Cristovo)		rock_art_surface	0.21918395	428	ok	
train_mini	wl-tile-v1-07686	wl-neg-neg-es-pba-66074	neg-es-pba-66074	0	hard_negative	train	ES	As Mamuelas 1	Agolada	Ventosa (San Xulián)		megalithic_mound	0.34531769	352	ok	
train_mini	wl-tile-v1-07687	wl-neg-neg-es-pba-66075	neg-es-pba-66075	0	hard_negative	train	ES	As Mamuelas 2	Agolada	Ventosa (San Xulián)		megalithic_mound	0.15931340	467	ok	
train_mini	wl-tile-v1-07688	wl-neg-neg-es-pba-66076	neg-es-pba-66076	0	hard_negative	train	ES	As Mamuelas 3	Agolada	Ventosa (San Xulián)		megalithic_mound	0.12196174	497	ok	
train_mini	wl-tile-v1-07689	wl-neg-neg-es-pba-66077	neg-es-pba-66077	0	hard_negative	train	ES	As Mamuelas 4	Agolada	Ventosa (San Xulián)		megalithic_mound	0.16456437	463	ok	
train_mini	wl-tile-v1-07690	wl-neg-neg-es-pba-66078	neg-es-pba-66078	0	hard_negative	train	ES	As Mamuelas 5	Agolada	Ventosa (San Xulián)		megalithic_mound	0.10574702	506	ok	
train_mini	wl-tile-v1-07691	wl-neg-neg-es-pba-66079	neg-es-pba-66079	0	hard_negative	train	ES	As Mamuelas 6	Agolada	Ventosa (San Xulián)		megalithic_mound	0.37128705	335	ok	
train_mini	wl-tile-v1-06191	wl-neg-neg-es-pba-38423	neg-es-pba-38423	0	hard_negative	train	ES	As Medorras	Portomarín	Caborrecelle (San Xulián)		megalithic_mound	0.18981610	446	ok	
train_mini	wl-tile-v1-05762	wl-neg-neg-es-pba-35258	neg-es-pba-35258	0	hard_negative	train	ES	As Medorras/A Casa das Mouras/Medorra de Ligonde 1	Monterroso	Ligonde (Santiago)		megalithic_mound	0.32000212	376	ok	
train_mini	wl-tile-v1-05763	wl-neg-neg-es-pba-35259	neg-es-pba-35259	0	hard_negative	train	ES	As Medorras/A Casa das Mouras/Medorra de Ligonde 2	Monterroso	Ligonde (Santiago)		megalithic_mound	0.26209904	407	ok	
train_mini	wl-tile-v1-05764	wl-neg-neg-es-pba-35260	neg-es-pba-35260	0	hard_negative	train	ES	As Medorras/A Casa das Mouras/Medorra de Ligonde 3	Monterroso	Ligonde (Santiago)		megalithic_mound	0.23671941	422	ok	
train_mini	wl-tile-v1-05765	wl-neg-neg-es-pba-35282	neg-es-pba-35282	0	hard_negative	train	ES	As Medorras/A Casa das Mouras/Medorra de Ligonde 4	Monterroso	Ligonde (Santiago)		megalithic_mound	0.24165834	418	ok	
train_mini	wl-tile-v1-03924	wl-neg-neg-es-pba-15509	neg-es-pba-15509	0	hard_negative	train	ES	As Medorras/Mámoa das Medorras de Santa Cruz	Ordes	Santa Cruz de Montaos (Santa Cruz)		megalithic_mound	0.58371322	227	ok	
train_mini	wl-tile-v1-06053	wl-neg-neg-es-pba-37845	neg-es-pba-37845	0	hard_negative	train	ES	As Modorras 1	Paradela	Castro de Rei de Lemos (Santa María)		megalithic_mound	0.15843081	469	ok	
train_mini	wl-tile-v1-06054	wl-neg-neg-es-pba-37846	neg-es-pba-37846	0	hard_negative	train	ES	As Modorras 2	Paradela	Castro de Rei de Lemos (Santa María)		megalithic_mound	0.15960128	466	ok	
train_mini	wl-tile-v1-06055	wl-neg-neg-es-pba-37847	neg-es-pba-37847	0	hard_negative	train	ES	As Modorras 3	Paradela	Castro de Rei de Lemos (Santa María)		megalithic_mound	0.17878959	455	ok	
train_mini	wl-tile-v1-05995	wl-neg-neg-es-pba-37276	neg-es-pba-37276	0	hard_negative	train	ES	As Modorras 4	Paradela	Castro de Rei de Lemos (Santa María)		megalithic_mound	0.15805442	470	ok	
train_mini	wl-tile-v1-05996	wl-neg-neg-es-pba-37277	neg-es-pba-37277	0	hard_negative	train	ES	As Modorriñas	Paradela	Castro de Rei de Lemos (Santa María)		megalithic_mound	0.16807955	462	ok	
train_mini	wl-tile-v1-07981	wl-neg-neg-es-pba-78752	neg-es-pba-78752	0	hard_negative	train	ES	As Mámoas	Cerdedo-Cotobade	Folgoso (Santa María)		megalithic_mound	0.44789941	288	ok	
train_mini	wl-tile-v1-06503	wl-neg-neg-es-pba-43279	neg-es-pba-43279	0	hard_negative	train	ES	As Mámoas de Moscaran 1	Vilalba	Árbol (San Lourenzo)		megalithic_mound	0.34866057	350	ok	
train_mini	wl-tile-v1-06504	wl-neg-neg-es-pba-43280	neg-es-pba-43280	0	hard_negative	train	ES	As Mámoas de Vilate 1	Vilalba	Lanzós (San Martiño)		megalithic_mound	0.32032621	375	ok	
train_mini	wl-tile-v1-06621	wl-neg-neg-es-pba-30179	neg-es-pba-30179	0	hard_negative	train	ES	As Penas do Castelo	Xermade	Lousada (Santo André)		historic_fortification	0.51339013	257	ok	
train_mini	wl-tile-v1-07338	wl-neg-neg-es-pba-56963	neg-es-pba-56963	0	hard_negative	train	ES	As Perdigueiras	Rubiá	Pardollán (Santo Estevo)		mining_or_quarry	0.32100823	373	ok	
train_mini	wl-tile-v1-07692	wl-neg-neg-es-pba-66080	neg-es-pba-66080	0	hard_negative	train	ES	As Sete Mámoas	Agolada	Ferreiroa (San Pedro)		megalithic_mound	0.30415657	380	ok	
train_mini	wl-tile-v1-06758	wl-neg-neg-es-pba-50577	neg-es-pba-50577	0	hard_negative	train	ES	Bouzas	A Gudiña	Pentes (San Mamede)		roman_built_context	0.02976762	542	ok	
train_mini	wl-tile-v1-05680	wl-neg-neg-es-pba-34211	neg-es-pba-34211	0	hard_negative	train	ES	Calzada romana de Lindín	Mondoñedo	Lindín (Santiago)		roman_built_context	0.09756172	513	ok	
train_mini	wl-tile-v1-07712	wl-neg-neg-es-pba-66114	neg-es-pba-66114	0	hard_negative	train	ES	Campo da Mámoa	Agolada	Brántega (San Lourenzo)		megalithic_mound	0.55642328	240	ok	
train_mini	wl-tile-v1-08328	wl-neg-neg-es-pba-64483	neg-es-pba-64483	0	hard_negative	train	ES	Campo da Mámoa 1	Forcarei	Pardesoa (Santiago)		megalithic_mound	0.09418058	518	ok	
train_mini	wl-tile-v1-08329	wl-neg-neg-es-pba-64484	neg-es-pba-64484	0	hard_negative	train	ES	Campo da Mámoa 2	Forcarei	Pardesoa (Santiago)		megalithic_mound	0.10708710	505	ok	
train_mini	wl-tile-v1-08252	wl-neg-neg-es-pba-63991	neg-es-pba-63991	0	hard_negative	train	ES	Campo da Mámoa 3	Forcarei	Pardesoa (Santiago)		megalithic_mound	0.09509788	517	ok	
train_mini	wl-tile-v1-04597	wl-neg-neg-es-pba-25211	neg-es-pba-25211	0	hard_negative	train	ES	Cancela Encrucillada/Mámoa de Fornelos	Tordoia	Andoio (San Mamede)		megalithic_mound	0.55590925	241	ok	
train_mini	wl-tile-v1-05942	wl-neg-neg-es-pba-41795	neg-es-pba-41795	0	hard_negative	train	ES	Capela e Necrópole de San Pedro de Cela	O Saviñao	Diomondi (San Paio)		necropolis_or_burial	0.14593052	480	ok	
train_mini	wl-tile-v1-06336	wl-neg-neg-es-pba-42279	neg-es-pba-42279	0	hard_negative	train	ES	Capela e necrópole de San Marcos	Sarria	Biville (San Miguel)		necropolis_or_burial	0.81818003	115	ok	
train_mini	wl-tile-v1-06289	wl-neg-neg-es-pba-41944	neg-es-pba-41944	0	hard_negative	train	ES	Casa Torre de Barrio	Sarria	Louseiro (San Martiño)		historic_fortification	0.30120761	381	ok	
train_mini	wl-tile-v1-06290	wl-neg-neg-es-pba-41945	neg-es-pba-41945	0	hard_negative	train	ES	Casa Torre de Outeiro	Sarria	Goián (San Miguel)		historic_fortification	0.30117357	382	ok	
train_mini	wl-tile-v1-05886	wl-neg-neg-es-pba-37167	neg-es-pba-37167	0	hard_negative	train	ES	Casa de Mámoa	O Páramo	A Torre (San Martiño)		megalithic_mound	0.21401286	431	ok	
train_mini	wl-tile-v1-06769	wl-neg-neg-es-pba-57591	neg-es-pba-57591	0	hard_negative	train	ES	Casa reitoral de Pedrafita	A Teixeira	Pedrafita (San Martiño)		megalithic_mound	0.05845701	530	ok	
train_mini	wl-tile-v1-06069	wl-neg-neg-es-pba-37086	neg-es-pba-37086	0	hard_negative	train	ES	Casas (2) de Pedrafita	Pedrafita do Cebreiro	Pedrafita do Cebreiro (Santo Antón)		megalithic_mound	0.12291233	496	ok	
train_mini	wl-tile-v1-05681	wl-neg-neg-es-pba-34394	neg-es-pba-34394	0	hard_negative	train	ES	Castelo	Mondoñedo	Figueiras (San Martiño)		historic_fortification	0.75684489	146	ok	
train_mini	wl-tile-v1-06580	wl-neg-neg-es-pba-43110	neg-es-pba-43110	0	hard_negative	train	ES	Castelo	Viveiro	Galdo (Santa María)		historic_fortification	0.91803403	46	ok	
train_mini	wl-tile-v1-06581	wl-neg-neg-es-pba-43142	neg-es-pba-43142	0	hard_negative	train	ES	Castelo	Viveiro	Faro (San Xiao)		historic_fortification	0.56871654	232	ok	
train_mini	wl-tile-v1-06582	wl-neg-neg-es-pba-43143	neg-es-pba-43143	0	hard_negative	train	ES	Castelo	Viveiro	Celeiro (Santiago)		historic_fortification	0.74153187	153	ok	
train_mini	wl-tile-v1-06740	wl-neg-neg-es-pba-32082	neg-es-pba-32082	0	hard_negative	train	ES	Castelo	Xove	Portocelo (San Tirso)		historic_fortification	0.64768604	200	ok	
train_mini	wl-tile-v1-06741	wl-neg-neg-es-pba-32083	neg-es-pba-32083	0	hard_negative	train	ES	Castelo	Xove	Portocelo (San Tirso)		historic_fortification	0.69000819	174	ok	
train_mini	wl-tile-v1-05766	wl-neg-neg-es-pba-35341	neg-es-pba-35341	0	hard_negative	train	ES	Castelo Longo de Ambarría	Monterroso	San Breixo (San Salvador)		historic_fortification	0.27352707	398	ok	
train_mini	wl-tile-v1-06254	wl-neg-neg-es-pba-40334	neg-es-pba-40334	0	hard_negative	train	ES	Castelo Vello	Ribeira de Piquín	San Xurxo de Piquín (San Xurxo)		mining_or_quarry	0.15971602	465	ok	
train_mini	wl-tile-v1-08856	wl-neg-neg-es-pba-71232	neg-es-pba-71232	0	hard_negative	train	ES	Castelo da Mata	O Rosal	O Rosal (Santa Mariña)		historic_fortification	0.32953250	365	ok	
train_mini	wl-tile-v1-05167	wl-neg-neg-es-pba-28789	neg-es-pba-28789	0	hard_negative	train	ES	Castelo da Modorra	Bóveda	Teilán (Santa Baia)		historic_fortification	0.78182880	134	ok	
train_mini	wl-tile-v1-05682	wl-neg-neg-es-pba-34395	neg-es-pba-34395	0	hard_negative	train	ES	Castelo da Recadeira	Mondoñedo	Os Remedios (Nosa Señora dos Remedios)		historic_fortification	0.53461473	250	ok	
train_mini	wl-tile-v1-05943	wl-neg-neg-es-pba-37344	neg-es-pba-37344	0	hard_negative	train	ES	Castelo das Saíñas	Pantón	Espasantes (Santo Estevo)		historic_fortification	0.94753943	28	ok	
train_mini	wl-tile-v1-08568	wl-neg-neg-es-pba-67156	neg-es-pba-67156	0	hard_negative	train	ES	Castelo de Ardán	Marín	Ardán (Santa María)		historic_fortification	0.80977775	120	ok	
train_mini	wl-tile-v1-08569	wl-neg-neg-es-pba-67157	neg-es-pba-67157	0	hard_negative	train	ES	Castelo de Barbudo	Marín	Marín (San Xián)		historic_fortification	0.84420977	94	ok	
train_mini	wl-tile-v1-05944	wl-neg-neg-es-pba-37345	neg-es-pba-37345	0	hard_negative	train	ES	Castelo de Burnugueiras	Pantón	Pantón (San Martiño)		historic_fortification	0.90274333	52	ok	
train_mini	wl-tile-v1-09378	wl-neg-neg-es-pba-70318	neg-es-pba-70318	0	hard_negative	train	ES	Castelo de Casas Novas	Tui	Randufe (Santa María da Guía)		historic_fortification	0.37684405	332	ok	
train_mini	wl-tile-v1-08577	wl-neg-neg-es-pba-66595	neg-es-pba-66595	0	hard_negative	train	ES	Castelo de Con O Real/O Castelo	Moaña	Tirán (San Xoán)		historic_fortification	0.26282455	406	ok	
train_mini	wl-tile-v1-09247	wl-neg-neg-es-pba-70135	neg-es-pba-70135	0	hard_negative	train	ES	Castelo de Ferveda/Coto do Castelo	Silleda	Xestoso (Santa María)		historic_fortification	0.88421545	71	ok	
train_mini	wl-tile-v1-07934	wl-neg-neg-es-pba-61517	neg-es-pba-61517	0	hard_negative	train	ES	Castelo de Pereiró	Bueu	A Illa de Ons (San Xoaquín)		historic_fortification	0.06802025	528	ok	
train_mini	wl-tile-v1-09176	wl-neg-neg-es-pba-71331	neg-es-pba-71331	0	hard_negative	train	ES	Castelo de Rande	Redondela	Trasmañó (San Vicente)		historic_fortification	0.39529105	321	ok	
train_mini	wl-tile-v1-09495	wl-neg-neg-es-pba-74969	neg-es-pba-74969	0	hard_negative	train	ES	Castelo de Uveiras/O Castelo	Vilaboa	Cobres (Santo Adrán)		historic_fortification	0.86405354	84	ok	
train_mini	wl-tile-v1-08778	wl-neg-neg-es-pba-68975	neg-es-pba-68975	0	hard_negative	train	ES	Castelo do Monte	Nigrán	Parada (Santiago)		historic_fortification	0.11911777	499	ok	
train_mini	wl-tile-v1-08857	wl-neg-neg-es-pba-71233	neg-es-pba-71233	0	hard_negative	train	ES	Castelo do Monte Terroso	O Rosal	O Rosal (Santa Mariña)		historic_fortification	0.62438229	212	ok	
train_mini	wl-tile-v1-05683	wl-neg-neg-es-pba-34396	neg-es-pba-34396	0	hard_negative	train	ES	Castelo do Monte da Arca	Mondoñedo	Argomoso (San Pedro)		historic_fortification	0.89672831	59	ok	
train_mini	wl-tile-v1-02802	wl-neg-neg-es-pba-7236	neg-es-pba-7236	0	hard_negative	train	ES	Castelo/Batería de San Diego	A Coruña	A Coruña		historic_fortification	0.19809395	439	ok	
train_mini	wl-tile-v1-06192	wl-neg-neg-es-pba-38466	neg-es-pba-38466	0	hard_negative	train	ES	Cazoletas de Penamaior	Portomarín	Recelle (San Pedro)		rock_art_surface	0.43507826	295	ok	
train_mini	wl-tile-v1-06840	wl-neg-neg-es-pba-45330	neg-es-pba-45330	0	hard_negative	train	ES	Cazoletas de San Pedro	Baltar	Vilamaior da Boullosa (Santa María)		rock_art_surface	0.21164209	433	ok	
train_mini	wl-tile-v1-07324	wl-neg-neg-es-pba-56795	neg-es-pba-56795	0	hard_negative	train	ES	Cista de Biobra	Rubiá	Biobra (San Miguel)		megalithic_mound	0.17178030	460	ok	
train_mini	wl-tile-v1-09497	wl-neg-neg-es-pba-75104	neg-es-pba-75104	0	hard_negative	train	ES	Cista de Chan de Castiñeiras 2/Mámoa do Rei	Vilaboa	Vilaboa (San Martiño)		megalithic_mound	0.13877967	483	ok	
train_mini	wl-tile-v1-07947	wl-neg-neg-es-pba-62940	neg-es-pba-62940	0	hard_negative	train	ES	Cistas de Gandón	Cangas	Aldán (San Cibrán)		megalithic_mound	0.34177135	353	ok	
train_mini	wl-tile-v1-08858	wl-neg-neg-es-pba-68854	neg-es-pba-68854	0	hard_negative	train	ES	Complexo megalítico de Amoedo/Mámoa de Alvedosa 1	Pazos de Borbén	Amoedo (San Sadurniño)		megalithic_mound	0.10571267	507	ok	
train_mini	wl-tile-v1-08859	wl-neg-neg-es-pba-68855	neg-es-pba-68855	0	hard_negative	train	ES	Complexo megalítico de Amoedo/Mámoa de Alvedosa 2	Pazos de Borbén	Amoedo (San Sadurniño)		megalithic_mound	0.19126545	444	ok	
train_mini	wl-tile-v1-08860	wl-neg-neg-es-pba-68856	neg-es-pba-68856	0	hard_negative	train	ES	Complexo megalítico de Amoedo/Mámoa de Alvedosa 3	Pazos de Borbén	Amoedo (San Sadurniño)		megalithic_mound	0.23037855	426	ok	
train_mini	wl-tile-v1-08861	wl-neg-neg-es-pba-68857	neg-es-pba-68857	0	hard_negative	train	ES	Complexo megalítico de Amoedo/Mámoa de Alvedosa 4	Pazos de Borbén	Amoedo (San Sadurniño)		megalithic_mound	0.31058835	378	ok	
train_mini	wl-tile-v1-08862	wl-neg-neg-es-pba-68858	neg-es-pba-68858	0	hard_negative	train	ES	Complexo megalítico de Amoedo/Mámoa de Alvedosa 5	Pazos de Borbén	Amoedo (San Sadurniño)		megalithic_mound	0.16141503	464	ok	
train_mini	wl-tile-v1-08863	wl-neg-neg-es-pba-68859	neg-es-pba-68859	0	hard_negative	train	ES	Complexo megalítico de Amoedo/Mámoa de Alvedosa 6	Pazos de Borbén	Amoedo (San Sadurniño)		megalithic_mound	0.11719794	501	ok	
train_mini	wl-tile-v1-08578	wl-neg-neg-es-pba-66693	neg-es-pba-66693	0	hard_negative	train	ES	Complexo rupestre da Escada	Moaña	Meira (Santa Eulalia)		rock_art_surface	0.20783453	435	ok	
train_mini	wl-tile-v1-08913	wl-neg-neg-es-pba-76607	neg-es-pba-76607	0	hard_negative	train	ES	Complexo rupestre de Combarro	Poio	Combarro (San Roque)		rock_art_surface	0.02293302	544	ok	
train_mini	wl-tile-v1-08914	wl-neg-neg-es-pba-76608	neg-es-pba-76608	0	hard_negative	train	ES	Complexo rupestre de Combarro-Raxó	Poio	Combarro (San Roque)		rock_art_surface	0.08451739	523	ok	
train_mini	wl-tile-v1-04279	wl-neg-neg-es-pba-20010	neg-es-pba-20010	0	hard_negative	train	ES	Contorna de Porta da Mámoa	Santiago de Compostela	Santiago de Compostela		megalithic_mound	0.45229307	284	ok	
train_mini	wl-tile-v1-03925	wl-neg-neg-es-pba-15660	neg-es-pba-15660	0	hard_negative	train	ES	Coto da Medorra/Mámoa do Coto da Medorra	Ordes	Parada (Santa Mariña)		megalithic_mound	0.43572444	294	ok	
train_mini	wl-tile-v1-06338	wl-neg-neg-es-pba-41313	neg-es-pba-41313	0	hard_negative	train	ES	Coto das Medorras 1	Taboada	Meixonfrío (Santa Mariña)		megalithic_mound	0.32454204	370	ok	
train_mini	wl-tile-v1-06339	wl-neg-neg-es-pba-41314	neg-es-pba-41314	0	hard_negative	train	ES	Coto das Medorras 2	Taboada	Meixonfrío (Santa Mariña)		megalithic_mound	0.37518822	333	ok	
train_mini	wl-tile-v1-06340	wl-neg-neg-es-pba-41315	neg-es-pba-41315	0	hard_negative	train	ES	Coto das Medorras 3	Taboada	Meixonfrío (Santa Mariña)		megalithic_mound	0.38655088	324	ok	
train_mini	wl-tile-v1-07974	wl-neg-neg-es-pba-78570	neg-es-pba-78570	0	hard_negative	train	ES	Coto de Mámoas 1	Cerdedo-Cotobade	Cerdedo (San Xoán)		megalithic_mound	0.09207294	520	ok	
train_mini	wl-tile-v1-07975	wl-neg-neg-es-pba-78571	neg-es-pba-78571	0	hard_negative	train	ES	Coto de Mámoas 2	Cerdedo-Cotobade	Cerdedo (San Xoán)		megalithic_mound	0.09527152	516	ok	
train_mini	wl-tile-v1-07976	wl-neg-neg-es-pba-78572	neg-es-pba-78572	0	hard_negative	train	ES	Coto de Mámoas 3	Cerdedo-Cotobade	Cerdedo (San Xoán)		megalithic_mound	0.12505733	492	ok	
train_mini	wl-tile-v1-07977	wl-neg-neg-es-pba-78573	neg-es-pba-78573	0	hard_negative	train	ES	Coto de Mámoas 4	Cerdedo-Cotobade	Cerdedo (San Xoán)		megalithic_mound	0.18757494	452	ok	
train_mini	wl-tile-v1-07978	wl-neg-neg-es-pba-78574	neg-es-pba-78574	0	hard_negative	train	ES	Coto de Mámoas 5	Cerdedo-Cotobade	Cerdedo (San Xoán)		megalithic_mound	0.13494430	487	ok	
train_mini	wl-tile-v1-05767	wl-neg-neg-es-pba-35346	neg-es-pba-35346	0	hard_negative	train	ES	Coto do Mouro Morto/Orgoso/Medorra de Monte Agudo 1	Monterroso	Pedraza (Santa María)		megalithic_mound	0.40642756	311	ok	
train_mini	wl-tile-v1-05768	wl-neg-neg-es-pba-35347	neg-es-pba-35347	0	hard_negative	train	ES	Coto do Mouro Morto/Orgoso/Medorra de Monte Agudo 2	Monterroso	Fufín (San Martiño)		megalithic_mound	0.24136438	420	ok	
train_mini	wl-tile-v1-05769	wl-neg-neg-es-pba-35369	neg-es-pba-35369	0	hard_negative	train	ES	Coto do Mouro Morto/Orgoso/Medorra de Monte Agudo 3	Monterroso	Fufín (San Martiño)		megalithic_mound	0.19159509	443	ok	
train_mini	wl-tile-v1-05652	wl-neg-neg-es-pba-31691	neg-es-pba-31691	0	hard_negative	train	ES	Cova da Moura	Láncara	Cedrón (Santiago)		rock_art_surface	0.89718586	58	ok	
train_mini	wl-tile-v1-06070	wl-neg-neg-es-pba-37122	neg-es-pba-37122	0	hard_negative	train	ES	Cova da Tara	Pedrafita do Cebreiro	Lousada (San Vicente)		rock_art_surface	0.01349328	549	ok	
train_mini	wl-tile-v1-05866	wl-neg-neg-es-pba-32412	neg-es-pba-32412	0	hard_negative	train	ES	Cova de Bermún	O Incio	O Viso (Santa Cristina)		rock_art_surface	0.60167416	221	ok	
train_mini	wl-tile-v1-06341	wl-neg-neg-es-pba-41318	neg-es-pba-41318	0	hard_negative	train	ES	Cova de Cal de Mourelle	Taboada	Ansar (Santo Estevo)		rock_art_surface	0.36095144	341	ok	
train_mini	wl-tile-v1-06342	wl-neg-neg-es-pba-41319	neg-es-pba-41319	0	hard_negative	train	ES	Cova de Fonteboa	Taboada	Vilameñe (Santa Mariña)		rock_art_surface	0.41255325	307	ok	
train_mini	wl-tile-v1-05684	wl-neg-neg-es-pba-34502	neg-es-pba-34502	0	hard_negative	train	ES	Cova de Furada dos Cas	Mondoñedo	Vilamor (Santa María)		rock_art_surface	0.62140188	214	ok	
train_mini	wl-tile-v1-06308	wl-neg-neg-es-pba-42121	neg-es-pba-42121	0	hard_negative	train	ES	Cova de Gaspar	Sarria	Cesar (San Salvador)		rock_art_surface	0.52346911	252	ok	
train_mini	wl-tile-v1-06072	wl-neg-neg-es-pba-38398	neg-es-pba-38398	0	hard_negative	train	ES	Cova de Praducelo	Pol	Suegos (Santa Eulalia)		rock_art_surface	0.61883366	215	ok	
train_mini	wl-tile-v1-05653	wl-neg-neg-es-pba-31692	neg-es-pba-31692	0	hard_negative	train	ES	Cova de Saballeiros	Láncara	Vilaesteva de Herdeiros (Santa María)		rock_art_surface	0.14887530	476	ok	
train_mini	wl-tile-v1-06071	wl-neg-neg-es-pba-37123	neg-es-pba-37123	0	hard_negative	train	ES	Cova de Val de Galiñas	Pedrafita do Cebreiro	Pedrafita do Cebreiro (Santo Antón)		rock_art_surface	0.05880235	529	ok	
train_mini	wl-tile-v1-05685	wl-neg-neg-es-pba-34503	neg-es-pba-34503	0	hard_negative	train	ES	Cova do Rei Cintolo	Mondoñedo	Argomoso (San Pedro)		rock_art_surface	0.12450463	494	ok	
train_mini	wl-tile-v1-05771	wl-neg-neg-es-pba-34823	neg-es-pba-34823	0	hard_negative	train	ES	Cova dos Mouros	Navia de Suarna	Mosteiro (San Salvador)		rock_art_surface	0.16857727	461	ok	
train_mini	wl-tile-v1-08276	wl-neg-neg-es-pba-64133	neg-es-pba-64133	0	hard_negative	train	ES	Cruceiro da Mámoa	Forcarei	Castrelo (Santa Mariña)		megalithic_mound	0.13831044	484	ok	
train_mini	wl-tile-v1-07446	wl-neg-neg-es-pba-65445	neg-es-pba-65445	0	hard_negative	train	ES	Cruces de Porto María Albiña	A Guarda	Salcidos (San Lourenzo)		rock_art_surface	0.08840247	522	ok	
train_mini	wl-tile-v1-06841	wl-neg-neg-es-pba-45431	neg-es-pba-45431	0	hard_negative	train	ES	Cruces do Pisón	Baltar	Vilamaior da Boullosa (Santa María)		rock_art_surface	0.01614159	548	ok	
train_mini	wl-tile-v1-03609	wl-neg-neg-es-pba-11325	neg-es-pba-11325	0	hard_negative	train	ES	Cruz da Mámoa 1	Irixoa	Verís (Santa María)		megalithic_mound	0.26892873	402	ok	
train_mini	wl-tile-v1-03610	wl-neg-neg-es-pba-11326	neg-es-pba-11326	0	hard_negative	train	ES	Cruz da Mámoa 2	Irixoa	Verís (Santa María)		megalithic_mound	0.28370929	390	ok	
train_mini	wl-tile-v1-04840	wl-neg-neg-es-pba-25648	neg-es-pba-25648	0	hard_negative	train	ES	Dolmen Mina de Caxadas	Vimianzo	Cambeda (San Xoán)		megalithic_mound	0.47347762	277	ok	
train_mini	wl-tile-v1-03636	wl-neg-neg-es-pba-12929	neg-es-pba-12929	0	hard_negative	train	ES	Dolmen Pedra da Arca	Malpica de Bergantiños	Cerqueda (San Cristovo)		megalithic_mound	0.27185494	400	ok	
train_mini	wl-tile-v1-04281	wl-neg-neg-es-pba-21191	neg-es-pba-21191	0	hard_negative	train	ES	Dolmen das Derramadas	Santiago de Compostela	Bando (Santa Eulalia)		megalithic_mound	0.27552349	395	ok	
train_mini	wl-tile-v1-06680	wl-neg-neg-es-pba-30461	neg-es-pba-30461	0	hard_negative	train	ES	Dolmen de Capeirón	Xermade	Cazás (San Xulián)		megalithic_mound	0.54501402	245	ok	
train_mini	wl-tile-v1-06257	wl-neg-neg-es-pba-40367	neg-es-pba-40367	0	hard_negative	train	ES	Dolmen de Carballons 2	Ribeira de Piquín	Navallos (San Pedro)		megalithic_mound	0.17730516	456	ok	
train_mini	wl-tile-v1-06256	wl-neg-neg-es-pba-40366	neg-es-pba-40366	0	hard_negative	train	ES	Dolmen de Carballóns 1	Ribeira de Piquín	Navallos (San Pedro)		megalithic_mound	0.11564632	502	ok	
train_mini	wl-tile-v1-03611	wl-neg-neg-es-pba-11086	neg-es-pba-11086	0	hard_negative	train	ES	Dolmen de Fornella dos Mouros	Laxe	Nande (San Simón)		megalithic_mound	0.17648398	457	ok	
train_mini	wl-tile-v1-05000	wl-neg-neg-es-pba-27462	neg-es-pba-27462	0	hard_negative	train	ES	Dolmen de Pedra Vixía	Zas	Lamas (Santa María)		megalithic_mound	0.18242425	454	ok	
train_mini	wl-tile-v1-07122	wl-neg-neg-es-pba-52270	neg-es-pba-52270	0	hard_negative	train	ES	Dolmen de Rebordondo	Monterrei	Infesta (San Vicenzo)		megalithic_mound	0.46826133	279	ok	
train_mini	wl-tile-v1-05001	wl-neg-neg-es-pba-27491	neg-es-pba-27491	0	hard_negative	train	ES	Dolmen de Vermello	Zas	Lamas (Santa María)		megalithic_mound	0.24070530	421	ok	
train_mini	wl-tile-v1-04003	wl-neg-neg-es-pba-17549	neg-es-pba-17549	0	hard_negative	train	ES	Dolmen do Cristo de Mouraz/Mámoa de Xuncos de Mouraz 5	Ortigueira	Devesos (San Sebastián)		megalithic_mound	0.15135291	475	ok	
train_mini	wl-tile-v1-07466	wl-neg-neg-es-pba-65633	neg-es-pba-65633	0	hard_negative	train	ES	Eira Vella/Sa	A Guarda	Camposancos (Santa Isabel)		roman_built_context	0.15242347	472	ok	
train_mini	wl-tile-v1-08696	wl-neg-neg-es-pba-67591	neg-es-pba-67591	0	hard_negative	train	ES	Entrepiñeiro/A Mina	Mos	Cela (San Pedro)		mining_or_quarry	0.19442017	442	ok	
train_mini	wl-tile-v1-05829	wl-neg-neg-es-pba-29551	neg-es-pba-29551	0	hard_negative	train	ES	Escola en Pedrafita	O Corgo	Pedrafita (San Miguel)		megalithic_mound	0.15850615	468	ok	
train_mini	wl-tile-v1-06759	wl-neg-neg-es-pba-50710	neg-es-pba-50710	0	hard_negative	train	ES	Estela de Tameirón/Cabeza do Chinchón	A Gudiña	A Gudiña (San Martiño e San Pedro)		roman_built_context	0.33210423	362	ok	
train_mini	wl-tile-v1-05940	wl-neg-neg-es-pba-41478	neg-es-pba-41478	0	hard_negative	train	ES	Estrutura lítica de Vilatán	O Saviñao	Vilatán (San Xoán)		rock_art_surface	0.36183797	340	ok	
train_mini	wl-tile-v1-06225	wl-neg-neg-es-pba-40491	neg-es-pba-40491	0	hard_negative	train	ES	Explotación mineira da Escrita	Ribas de Sil	Soutordei (Santiago)		mining_or_quarry	0.12870556	490	ok	
train_mini	wl-tile-v1-05103	wl-neg-neg-es-pba-28400	neg-es-pba-28400	0	hard_negative	train	ES	Explotación mineira da Granxa de Constantín	Begonte	Bóveda (Santalla)		mining_or_quarry	0.35975649	343	ok	
train_mini	wl-tile-v1-05104	wl-neg-neg-es-pba-28401	neg-es-pba-28401	0	hard_negative	train	ES	Explotación mineira da Graña	Begonte	Bóveda (Santalla)		mining_or_quarry	0.13707137	485	ok	
train_mini	wl-tile-v1-07786	wl-neg-neg-es-pba-59720	neg-es-pba-59720	0	hard_negative	train	ES	Explotación mineira da Lagoa/A Cova	Arbo	Arbo (Santa María)		mining_or_quarry	0.31189434	377	ok	
train_mini	wl-tile-v1-09017	wl-neg-neg-es-pba-76507	neg-es-pba-76507	0	hard_negative	train	ES	Explotación mineira da Lomba	Ponteareas	Ponteareas (San Miguel)		mining_or_quarry	0.49965135	264	ok	
train_mini	wl-tile-v1-09018	wl-neg-neg-es-pba-76508	neg-es-pba-76508	0	hard_negative	train	ES	Explotación mineira da Ribeira	Ponteareas	Areas (Santa María)		mining_or_quarry	0.42203943	299	ok	
train_mini	wl-tile-v1-09358	wl-neg-neg-es-pba-71280	neg-es-pba-71280	0	hard_negative	train	ES	Explotación mineira das Chans de Tebra	Tomiño	Tebra (Santa María)		mining_or_quarry	0.03148244	540	ok	
train_mini	wl-tile-v1-07857	wl-neg-neg-es-pba-60223	neg-es-pba-60223	0	hard_negative	train	ES	Explotación mineira das Insuas	Baiona	Belesar (San Lourenzo)		mining_or_quarry	0.21642776	430	ok	
train_mini	wl-tile-v1-09359	wl-neg-neg-es-pba-71281	neg-es-pba-71281	0	hard_negative	train	ES	Explotación mineira das Torres	Tomiño	Taborda (San Miguel)		mining_or_quarry	0.25161535	412	ok	
train_mini	wl-tile-v1-05654	wl-neg-neg-es-pba-31696	neg-es-pba-31696	0	hard_negative	train	ES	Explotación mineira de Monte Trandeira	Láncara	Cedrón (Santiago)		mining_or_quarry	0.28340468	391	ok	
train_mini	wl-tile-v1-05105	wl-neg-neg-es-pba-28402	neg-es-pba-28402	0	hard_negative	train	ES	Explotación mineira de Pena Moura	Begonte	Bóveda (Santalla)		mining_or_quarry	0.33669900	358	ok	
train_mini	wl-tile-v1-08277	wl-neg-neg-es-pba-64195	neg-es-pba-64195	0	hard_negative	train	ES	Explotación mineira de Prado do Muíño Entrerríos	Forcarei	Pereira (San Bartolomeu)		mining_or_quarry	0.01339175	550	ok	
train_mini	wl-tile-v1-06226	wl-neg-neg-es-pba-40492	neg-es-pba-40492	0	hard_negative	train	ES	Explotación mineira do Covallón	Ribas de Sil	Soutordei (Santiago)		mining_or_quarry	0.25833176	410	ok	
train_mini	wl-tile-v1-06227	wl-neg-neg-es-pba-40493	neg-es-pba-40493	0	hard_negative	train	ES	Explotación mineira do Vogo	Ribas de Sil	Soutordei (Santiago)		mining_or_quarry	0.05063343	534	ok	
train_mini	wl-tile-v1-07858	wl-neg-neg-es-pba-60224	neg-es-pba-60224	0	hard_negative	train	ES	Explotación mineira do Xuncal	Baiona	Santa Cristina da Ramallosa (Santa Cristina)		mining_or_quarry	0.24966285	415	ok	
train_mini	wl-tile-v1-09360	wl-neg-neg-es-pba-71282	neg-es-pba-71282	0	hard_negative	train	ES	Explotación mineira dos Buracos dos Mouros	Tomiño	Pinzás (Santa María)		mining_or_quarry	0.12979091	489	ok	
train_mini	wl-tile-v1-06228	wl-neg-neg-es-pba-40494	neg-es-pba-40494	0	hard_negative	train	ES	Explotacións mineiras de Barreiro	Ribas de Sil	Nogueira (Nosa Señora das Neves)		mining_or_quarry	0.09575208	515	ok	
train_mini	wl-tile-v1-06229	wl-neg-neg-es-pba-40553	neg-es-pba-40553	0	hard_negative	train	ES	Explotacións mineiras de Figueirido1	Ribas de Sil	Piñeira (San Cristovo)		mining_or_quarry	0.01779777	547	ok	
train_mini	wl-tile-v1-06230	wl-neg-neg-es-pba-40554	neg-es-pba-40554	0	hard_negative	train	ES	Explotacións mineiras de Figueirido2	Ribas de Sil	Piñeira (San Cristovo)		mining_or_quarry	0.14233172	481	ok	
train_mini	wl-tile-v1-06231	wl-neg-neg-es-pba-40555	neg-es-pba-40555	0	hard_negative	train	ES	Explotacións mineiras de Peites	Ribas de Sil	Peites (San Martiño)		mining_or_quarry	0.26919146	401	ok	
train_mini	wl-tile-v1-06232	wl-neg-neg-es-pba-40556	neg-es-pba-40556	0	hard_negative	train	ES	Explotacións mineiras de Rairós	Ribas de Sil	Nogueira (Nosa Señora das Neves)		mining_or_quarry	0.14840502	477	ok	
train_mini	wl-tile-v1-06233	wl-neg-neg-es-pba-40557	neg-es-pba-40557	0	hard_negative	train	ES	Explotacións mineiras de San Clodio 1	Ribas de Sil	Ribas de Sil (San Clodio)		mining_or_quarry	0.33182975	363	ok	
train_mini	wl-tile-v1-06234	wl-neg-neg-es-pba-40584	neg-es-pba-40584	0	hard_negative	train	ES	Explotacións mineiras de San Clodio 2	Ribas de Sil	Ribas de Sil (San Clodio)		mining_or_quarry	0.15230322	473	ok	
train_mini	wl-tile-v1-07320	wl-neg-neg-es-pba-56726	neg-es-pba-56726	0	hard_negative	train	ES	Foi Pidriña	Rubiá	Quereño (San Cristovo)		mining_or_quarry	0.12014267	498	ok	
train_mini	wl-tile-v1-07321	wl-neg-neg-es-pba-56727	neg-es-pba-56727	0	hard_negative	train	ES	Foi Pidriña	Rubiá	Quereño (San Cristovo)		mining_or_quarry	0.03967553	538	ok	
train_mini	wl-tile-v1-07322	wl-neg-neg-es-pba-56728	neg-es-pba-56728	0	hard_negative	train	ES	Folo das Arcas	Rubiá	Biobra (San Miguel)		megalithic_mound	0.18814103	451	ok	
train_mini	wl-tile-v1-08864	wl-neg-neg-es-pba-68930	neg-es-pba-68930	0	hard_negative	train	ES	Fonte do Muras	Pazos de Borbén	Amoedo (San Sadurniño)		rock_art_surface	0.17297059	458	ok	
train_mini	wl-tile-v1-05770	wl-neg-neg-es-pba-35433	neg-es-pba-35433	0	hard_negative	train	ES	Forno dos Mouros/Medorra de Monte Fabeiro 1	Monterroso	Tarrío (Santa María)		megalithic_mound	0.50275829	262	ok	
train_mini	wl-tile-v1-05759	wl-neg-neg-es-pba-35225	neg-es-pba-35225	0	hard_negative	train	ES	Forno dos Mouros/Medorra de Monte Fabeiro 2	Monterroso	Tarrío (Santa María)		megalithic_mound	0.56568633	234	ok	
train_mini	wl-tile-v1-08822	wl-neg-neg-es-pba-77256	neg-es-pba-77256	0	hard_negative	train	ES	Gabias exploratorias Monte Gándara de Torneirós	O Porriño	Torneiros (San Salvador)		mining_or_quarry	0.10380363	509	ok	
train_mini	wl-tile-v1-08819	wl-neg-neg-es-pba-77253	neg-es-pba-77253	0	hard_negative	train	ES	Gabias exploratorias do Monte Carrascal e Laxedo I	O Porriño	Atios (Santa Eulalia)		mining_or_quarry	0.09188374	521	ok	
train_mini	wl-tile-v1-08820	wl-neg-neg-es-pba-77254	neg-es-pba-77254	0	hard_negative	train	ES	Gabias exploratorias do Monte Carrascal e Laxedo II	O Porriño	Atios (Santa Eulalia)		mining_or_quarry	0.05403179	532	ok	
train_mini	wl-tile-v1-08821	wl-neg-neg-es-pba-77255	neg-es-pba-77255	0	hard_negative	train	ES	Gabias exploratorias do Monte Carrascal e Laxedo III	O Porriño	Atios (Santa Eulalia)		mining_or_quarry	0.03094905	541	ok	
train_mini	wl-tile-v1-09520	wl-neg-neg-es-pba-74239	neg-es-pba-74239	0	hard_negative	train	ES	Gravado de Maceiras	Vilanova de Arousa	András (San Lourenzo)		rock_art_surface	0.49978180	263	ok	
train_mini	wl-tile-v1-06449	wl-neg-neg-es-pba-43122	neg-es-pba-43122	0	hard_negative	train	ES	Gravado de Pena Grande	Vilalba	Santaballa (San Pedro)		rock_art_surface	0.51050083	258	ok	
train_mini	wl-tile-v1-05832	wl-neg-neg-es-pba-31874	neg-es-pba-31874	0	hard_negative	train	ES	Gravados da Pena Escrita de Treimonte	O Incio	Sirgueiros (San Xoán)		rock_art_surface	0.92930078	36	ok	
train_mini	wl-tile-v1-06263	wl-neg-neg-es-pba-41604	neg-es-pba-41604	0	hard_negative	train	ES	Gravados de Fonte 2	Sarria	Maside (San Pedro)		rock_art_surface	0.36524438	338	ok	
train_mini	wl-tile-v1-05002	wl-neg-neg-es-pba-27562	neg-es-pba-27562	0	hard_negative	train	ES	Hórreo na Mámoa	Zas	San Martiño de Meanos (San Martiño)		megalithic_mound	0.47946819	274	ok	
train_mini	wl-tile-v1-06770	wl-neg-neg-es-pba-57759	neg-es-pba-57759	0	hard_negative	train	ES	Igrexa de Pedrafita (Parroquial de San Martiño)	A Teixeira	Pedrafita (San Martiño)		megalithic_mound	0.03332798	539	ok	
train_mini	wl-tile-v1-05822	wl-neg-neg-es-pba-29301	neg-es-pba-29301	0	hard_negative	train	ES	Igrexa de Pedrafita (Parroquial de San Miguel)	O Corgo	Pedrafita (San Miguel)		megalithic_mound	0.37711034	331	ok	
train_mini	wl-tile-v1-06067	wl-neg-neg-es-pba-37060	neg-es-pba-37060	0	hard_negative	train	ES	Igrexa de Pedrafita do Cebreiro (Parroquial de Santo Antón)	Pedrafita do Cebreiro	Pedrafita do Cebreiro (Santo Antón)		megalithic_mound	0.10017302	512	ok	
train_mini	wl-tile-v1-08556	wl-neg-neg-es-pba-66669	neg-es-pba-66669	0	hard_negative	train	ES	Lapa	Marín	Marín (San Xián)		rock_art_surface	0.25143071	413	ok	
train_mini	wl-tile-v1-08212	wl-neg-neg-es-pba-64531	neg-es-pba-64531	0	hard_negative	train	ES	Lapa de Monte das Mámoas	Dozón	O Castro (San Salvador)		megalithic_mound	0.18926315	449	ok	
train_mini	wl-tile-v1-08682	wl-neg-neg-es-pba-67513	neg-es-pba-67513	0	hard_negative	train	ES	Laxe das Cruces	Mos	Louredo (San Salvador)		rock_art_surface	0.04323337	536	ok	
train_mini	wl-tile-v1-07948	wl-neg-neg-es-pba-63326	neg-es-pba-63326	0	hard_negative	train	ES	Laxe de Chan	Cangas	Darbo (Santa María)		rock_art_surface	0.14700650	479	ok	
train_mini	wl-tile-v1-08141	wl-neg-neg-es-pba-64776	neg-es-pba-64776	0	hard_negative	train	ES	Laxe dos Gatos	Cuntis	Cequeril (Santa María)		rock_art_surface	0.29802648	384	ok	
train_mini	wl-tile-v1-06484	wl-neg-neg-es-pba-43246	neg-es-pba-43246	0	hard_negative	train	ES	Leira da Modia	Vilalba	Vilapedre (San Mamede)		megalithic_mound	0.25107919	414	ok	
train_mini	wl-tile-v1-06760	wl-neg-neg-es-pba-50748	neg-es-pba-50748	0	hard_negative	train	ES	Leiras da Preseira	A Gudiña	A Gudiña (San Martiño e San Pedro)		rock_art_surface	0.00194677	553	ok	
train_mini	wl-tile-v1-05674	wl-neg-neg-es-pba-33907	neg-es-pba-33907	0	hard_negative	train	ES	Lugar da Torre de Vilamor	Mondoñedo	Vilamor (Santa María)		historic_fortification	0.38040257	327	ok	
train_mini	wl-tile-v1-05774	wl-neg-neg-es-pba-36333	neg-es-pba-36333	0	hard_negative	train	ES	Madorra da Rebola de Vilares 1	Navia de Suarna	Barcia (San Miguel)		megalithic_mound	0.38704194	323	ok	
train_mini	wl-tile-v1-05775	wl-neg-neg-es-pba-36358	neg-es-pba-36358	0	hard_negative	train	ES	Madorra da Rebola de Vilares 2	Navia de Suarna	Barcia (San Miguel)		megalithic_mound	0.49496113	268	ok	
train_mini	wl-tile-v1-05776	wl-neg-neg-es-pba-36359	neg-es-pba-36359	0	hard_negative	train	ES	Madorra da Rebola de Vilares 3	Navia de Suarna	Barcia (San Miguel)		megalithic_mound	0.39419171	322	ok	
train_mini	wl-tile-v1-06073	wl-neg-neg-es-pba-38524	neg-es-pba-38524	0	hard_negative	train	ES	Madorra da Veiga 3	Pol	Carazo (San Pedro)		megalithic_mound	0.12700148	491	ok	
train_mini	wl-tile-v1-06074	wl-neg-neg-es-pba-38525	neg-es-pba-38525	0	hard_negative	train	ES	Madorra da Veiga 4	Pol	Carazo (San Pedro)		megalithic_mound	0.36578943	337	ok	
train_mini	wl-tile-v1-09428	wl-neg-neg-es-pba-74213	neg-es-pba-74213	0	hard_negative	train	ES	Madorra de Abaixo	Vila de Cruces	Loño (San Mamede)		megalithic_mound	0.38521334	326	ok	
train_mini	wl-tile-v1-05627	wl-neg-neg-es-pba-31274	neg-es-pba-31274	0	hard_negative	train	ES	Madorra de Montouto 1	Láncara	Vilaesteva de Herdeiros (Santa María)		megalithic_mound	0.05468569	531	ok	
train_mini	wl-tile-v1-05628	wl-neg-neg-es-pba-31275	neg-es-pba-31275	0	hard_negative	train	ES	Madorra de Montouto 2	Láncara	Vilaesteva de Herdeiros (Santa María)		megalithic_mound	0.41898967	304	ok	
train_mini	wl-tile-v1-05629	wl-neg-neg-es-pba-31276	neg-es-pba-31276	0	hard_negative	train	ES	Madorra de Montouto 3	Láncara	Vilaesteva de Herdeiros (Santa María)		megalithic_mound	0.37432292	334	ok	
train_mini	wl-tile-v1-05630	wl-neg-neg-es-pba-31306	neg-es-pba-31306	0	hard_negative	train	ES	Madorra de Montouto 4	Láncara	Vilaesteva de Herdeiros (Santa María)		megalithic_mound	0.29542983	386	ok	
train_mini	wl-tile-v1-05631	wl-neg-neg-es-pba-31307	neg-es-pba-31307	0	hard_negative	train	ES	Madorra de Montouto 5	Láncara	Vilaesteva de Herdeiros (Santa María)		megalithic_mound	0.39975616	318	ok	
train_mini	wl-tile-v1-09429	wl-neg-neg-es-pba-74341	neg-es-pba-74341	0	hard_negative	train	ES	Madorra de Seixas	Vila de Cruces	Cumeiro (San Pedro)		megalithic_mound	0.29894741	383	ok	
train_mini	wl-tile-v1-06075	wl-neg-neg-es-pba-38526	neg-es-pba-38526	0	hard_negative	train	ES	Madorra do Barreiro 1/Madorra do Monte Alfonsín 1	Pol	Valonga (Santa María)		megalithic_mound	0.42119088	301	ok	
train_mini	wl-tile-v1-06076	wl-neg-neg-es-pba-38527	neg-es-pba-38527	0	hard_negative	train	ES	Madorra do Barreiro 2/Madorra do Monte Alfonsín 2	Pol	Valonga (Santa María)		megalithic_mound	0.40443701	314	ok	
train_mini	wl-tile-v1-05777	wl-neg-neg-es-pba-36360	neg-es-pba-36360	0	hard_negative	train	ES	Madorra do Chao do Couso 1	Navia de Suarna	Mosteiro (San Salvador)		megalithic_mound	0.20302783	436	ok	
train_mini	wl-tile-v1-05778	wl-neg-neg-es-pba-36361	neg-es-pba-36361	0	hard_negative	train	ES	Madorra do Chao do Couso 2	Navia de Suarna	Mosteiro (San Salvador)		megalithic_mound	0.32795753	367	ok	
train_mini	wl-tile-v1-05779	wl-neg-neg-es-pba-36362	neg-es-pba-36362	0	hard_negative	train	ES	Madorra do Coto da Maestra	Navia de Suarna	Mosteiro (San Salvador)		megalithic_mound	0.65499964	196	ok	
train_mini	wl-tile-v1-05781	wl-neg-neg-es-pba-36364	neg-es-pba-36364	0	hard_negative	train	ES	Madorra do Monte Meiroi 1	Navia de Suarna	Queizán (Santiago)		megalithic_mound	0.25631674	411	ok	
train_mini	wl-tile-v1-05782	wl-neg-neg-es-pba-36365	neg-es-pba-36365	0	hard_negative	train	ES	Madorra do Monte Meiroi 2	Navia de Suarna	Mosteiro (San Salvador)		megalithic_mound	0.41085350	309	ok	
train_mini	wl-tile-v1-05783	wl-neg-neg-es-pba-36366	neg-es-pba-36366	0	hard_negative	train	ES	Madorra do Monte Meiroi 3	Navia de Suarna	Mosteiro (San Salvador)		megalithic_mound	0.12412088	495	ok	
train_mini	wl-tile-v1-05780	wl-neg-neg-es-pba-36363	neg-es-pba-36363	0	hard_negative	train	ES	Madorra do Monte da Farrapa/Zarrapa 1	Navia de Suarna	Mosteiro (San Salvador)		megalithic_mound	0.28269324	392	ok	
train_mini	wl-tile-v1-05784	wl-neg-neg-es-pba-36367	neg-es-pba-36367	0	hard_negative	train	ES	Madorra do Moural 1	Navia de Suarna	Queizán (Santiago)		megalithic_mound	0.41599526	305	ok	
train_mini	wl-tile-v1-05785	wl-neg-neg-es-pba-36392	neg-es-pba-36392	0	hard_negative	train	ES	Madorra do Moural 2	Navia de Suarna	Queizán (Santiago)		megalithic_mound	0.06944697	527	ok	
train_mini	wl-tile-v1-05786	wl-neg-neg-es-pba-36393	neg-es-pba-36393	0	hard_negative	train	ES	Madorra do Pico das Valiñas 1	Navia de Suarna	Mosteiro (San Salvador)		megalithic_mound	0.15267192	471	ok	
train_mini	wl-tile-v1-05787	wl-neg-neg-es-pba-36394	neg-es-pba-36394	0	hard_negative	train	ES	Madorra do Pico das Valiñas 2	Navia de Suarna	Mosteiro (San Salvador)		megalithic_mound	0.23666299	423	ok	
train_mini	wl-tile-v1-10378	wl-pos-pos-es-pba-20474	pos-es-pba-20474	1	positive	train	ES	A Ameixeira/Castro de Caselas/O Terreo	Santa Comba	Santa Comba (San Pedro)	generic_castro_hint		0.76969813	140	ok	
train_mini	wl-tile-v1-11164	wl-pos-pos-es-pba-57575	pos-es-pba-57575	1	positive	train	ES	A Canda/Castro da Canda	A Veiga	Valdín (Santa María)	generic_castro_hint		0.84926312	90	ok	
train_mini	wl-tile-v1-10719	wl-pos-pos-es-pba-31040	pos-es-pba-31040	1	positive	train	ES	A Castronela	Friol	Vilafiz (Santa María)	generic_castro_hint		0.56527318	235	ok	
train_mini	wl-tile-v1-10720	wl-pos-pos-es-pba-31041	pos-es-pba-31041	1	positive	train	ES	A Castronela/O Castro	Friol	Ousá (San Xiao)	generic_castro_hint		0.56323290	237	ok	
train_mini	wl-tile-v1-10814	wl-pos-pos-es-pba-35202	pos-es-pba-35202	1	positive	train	ES	A Castronera/O Castelo/As Lagoas/A Castronera	Monterroso	Fufín (San Martiño)	generic_castro_hint		0.56001320	238	ok	
train_mini	wl-tile-v1-11243	wl-pos-pos-es-pba-51629	pos-es-pba-51629	1	positive	train	ES	A Cidadella/Castro da Cidadella	Laza	Carraxo (San Bieito)	generic_castro_hint		0.88477133	70	ok	
train_mini	wl-tile-v1-11307	wl-pos-pos-es-pba-56891	pos-es-pba-56891	1	positive	train	ES	A Cogola/A Ciuda	Rubiá	O Robledo da Lastra (Nosa Señora da Concepción)	generic_castro_hint		0.71982985	166	ok	
train_mini	wl-tile-v1-11131	wl-pos-pos-es-pba-50548	pos-es-pba-50548	1	positive	train	ES	A Corbiza	A Gudiña	O Tameirón (Santa María)	generic_castro_hint		0.13380203	488	ok	
train_mini	wl-tile-v1-11244	wl-pos-pos-es-pba-51630	pos-es-pba-51630	1	positive	train	ES	A Coroa/O Castro	Laza	O Castro de Laza (San Pedro)	croa_top_ring_hint		0.62845426	210	ok	
train_mini	wl-tile-v1-10206	wl-pos-pos-es-pba-13980	pos-es-pba-13980	1	positive	train	ES	A Croa	Muxía	Nemiña (San Cristovo)	croa_top_ring_hint		0.75137997	148	ok	
train_mini	wl-tile-v1-10270	wl-pos-pos-es-pba-15531	pos-es-pba-15531	1	positive	train	ES	A Croa	Ortigueira	Ladrido (Santalla)	croa_top_ring_hint		0.82049346	113	ok	
train_mini	wl-tile-v1-10581	wl-pos-pos-es-pba-42578	pos-es-pba-42578	1	positive	train	ES	A Croa	Baralla	Covas (Santiago)	croa_top_ring_hint		0.85606404	88	ok	
train_mini	wl-tile-v1-10664	wl-pos-pos-es-pba-27967	pos-es-pba-27967	1	positive	train	ES	A Croa	Castroverde	Serés (San Pedro)	croa_top_ring_hint		0.70666648	171	ok	
train_mini	wl-tile-v1-10755	wl-pos-pos-es-pba-31342	pos-es-pba-31342	1	positive	train	ES	A Croa	Láncara	Carracedo (San Vicente)	croa_top_ring_hint		0.97640717	8	ok	
train_mini	wl-tile-v1-10756	wl-pos-pos-es-pba-31370	pos-es-pba-31370	1	positive	train	ES	A Croa	Láncara	Láncara (San Pedro)	croa_top_ring_hint		0.85609941	87	ok	
train_mini	wl-tile-v1-11347	wl-pos-pos-es-pba-60421	pos-es-pba-60421	1	positive	train	ES	A Croa	Vilariño de Conso	Sabuguido (Santa María)	croa_top_ring_hint		0.80108611	123	ok	
train_mini	wl-tile-v1-10380	wl-pos-pos-es-pba-20110	pos-es-pba-20110	1	positive	train	ES	A Croa das Paradelas	Santiago de Compostela	Nemenzo (Santa Cristina)	croa_top_ring_hint		0.87945977	75	ok	
train_mini	wl-tile-v1-11578	wl-pos-pos-es-pba-76906	pos-es-pba-76906	1	positive	train	ES	A Croa de Barxiela	Ponteareas	Ribadetea (San Xurxo)	croa_top_ring_hint		0.53996085	247	ok	
train_mini	wl-tile-v1-11043	wl-pos-pos-es-pba-41086	pos-es-pba-41086	1	positive	train	ES	A Croa de Castrillos	Taboada	San Xián de Önsua (San Xián)	croa_top_ring_hint		0.44468230	290	ok	
train_mini	wl-tile-v1-11673	wl-pos-pos-es-pba-74606	pos-es-pba-74606	1	positive	train	ES	A Croa de Castromouzo	Vila de Cruces	Gres (Santiago)	croa_top_ring_hint		0.73278793	161	ok	
train_mini	wl-tile-v1-10665	wl-pos-pos-es-pba-27968	pos-es-pba-27968	1	positive	train	ES	A Croa de Mouriz	Castroverde	Barredo (San Xoán)	croa_top_ring_hint		0.67062962	187	ok	
train_mini	wl-tile-v1-11063	wl-pos-pos-es-pba-43239	pos-es-pba-43239	1	positive	train	ES	A Croa de Muruxás	Vilalba	Lanzós (San Martiño)	croa_top_ring_hint		0.57474228	231	ok	
train_mini	wl-tile-v1-10886	wl-pos-pos-es-pba-37125	pos-es-pba-37125	1	positive	train	ES	A Croa de San Martiño/Croa do Castro	O Páramo	A Torre (San Martiño)	coastal_promontory_hint		0.82400973	111	ok	
train_mini	wl-tile-v1-10666	wl-pos-pos-es-pba-27969	pos-es-pba-27969	1	positive	train	ES	A Croa de Souto de Torres	Castroverde	Souto de Torres (San Tomé)	croa_top_ring_hint		0.90806485	50	ok	
train_mini	wl-tile-v1-10667	wl-pos-pos-es-pba-27970	pos-es-pba-27970	1	positive	train	ES	A Croa de Souto de Torres	Castroverde	Souto de Torres (San Tomé)	croa_top_ring_hint		0.90666375	51	ok	
train_mini	wl-tile-v1-10668	wl-pos-pos-es-pba-27971	pos-es-pba-27971	1	positive	train	ES	A Croa de Soutomerille	Castroverde	Soutomerille (San Salvador)	croa_top_ring_hint		0.84267615	96	ok	
train_mini	wl-tile-v1-10844	wl-pos-pos-es-pba-29622	pos-es-pba-29622	1	positive	train	ES	A Croa de Vilanova	O Corgo	O Alto (Santalla)	croa_top_ring_hint		0.91734591	47	ok	
train_mini	wl-tile-v1-10669	wl-pos-pos-es-pba-27972	pos-es-pba-27972	1	positive	train	ES	A Croa de Xivil	Castroverde	Bolaño (Santa Baia)	croa_top_ring_hint		0.67830042	185	ok	
train_mini	wl-tile-v1-11044	wl-pos-pos-es-pba-41087	pos-es-pba-41087	1	positive	train	ES	A Croa de Xián/Castro de Xián	Taboada	Xián (Santa María)	croa_top_ring_hint		0.80945650	121	ok	
train_mini	wl-tile-v1-09890	wl-pos-pos-es-pba-17047	pos-es-pba-17047	1	positive	train	ES	A Croa do Castro/A Croa de Posmarcos	A Pobra do Caramiñal	Posmarcos (Santo Isidro)	coastal_promontory_hint		0.89488149	62	ok	
train_mini	wl-tile-v1-10670	wl-pos-pos-es-pba-27973	pos-es-pba-27973	1	positive	train	ES	A Croa dos Mouros	Castroverde	Montecubeiro (San Cibrao)	croa_top_ring_hint		0.89526133	61	ok	
train_mini	wl-tile-v1-11100	wl-pos-pos-es-pba-43437	pos-es-pba-43437	1	positive	train	ES	A Croa/Castro da Forca	Viveiro	Landrove (San Xiao)	croa_top_ring_hint		0.84194288	98	ok	
train_mini	wl-tile-v1-10455	wl-pos-pos-es-pba-25056	pos-es-pba-25056	1	positive	train	ES	A Croa/Castro de Bardaos	Tordoia	Bardaos (Santa María)	croa_top_ring_hint		0.92575178	40	ok	
train_mini	wl-tile-v1-10757	wl-pos-pos-es-pba-31371	pos-es-pba-31371	1	positive	train	ES	A Croa/O Castro	Láncara	Ronfe (San Pedro)	croa_top_ring_hint		0.64847183	199	ok	
train_mini	wl-tile-v1-10475	wl-pos-pos-es-pba-24587	pos-es-pba-24587	1	positive	train	ES	A Croela do Castro	Trazo	Castelo (Santa María)	generic_castro_hint		0.44827158	287	ok	
train_mini	wl-tile-v1-10456	wl-pos-pos-es-pba-25083	pos-es-pba-25083	1	positive	train	ES	A Medorra de Castro	Tordoia	Gorgullos (Santaia)	generic_castro_hint		0.36510569	339	ok	
train_mini	wl-tile-v1-10244	wl-pos-pos-es-pba-15436	pos-es-pba-15436	1	positive	train	ES	A Medorra do Gavián/Castro da Medorra do Gavión	Ordes	Parada (Santa Mariña)	generic_castro_hint		0.62575482	211	ok	
train_mini	wl-tile-v1-10245	wl-pos-pos-es-pba-15438	pos-es-pba-15438	1	positive	train	ES	A Medorra/A Medorra de Castro	Ordes	Leira (Santa María)	generic_castro_hint		0.54655238	243	ok	
train_mini	wl-tile-v1-10246	wl-pos-pos-es-pba-15467	pos-es-pba-15467	1	positive	train	ES	A Medorra/Castro de Parada	Ordes	Parada (Santa Mariña)	generic_castro_hint		0.48879649	271	ok	
train_mini	wl-tile-v1-10437	wl-pos-pos-es-pba-24889	pos-es-pba-24889	1	positive	train	ES	A Orela de Castro de Ares	Toques	A Capela (Santa María)	generic_castro_hint		0.54524324	244	ok	
train_mini	wl-tile-v1-11320	wl-pos-pos-es-pba-56508	pos-es-pba-56508	1	positive	train	ES	A Pena dos Castros	San Xoán de Río	San Xoán de Río (San Xoán)	hilltop_hint		0.78513278	133	ok	
train_mini	wl-tile-v1-09928	wl-pos-pos-es-pba-1956	pos-es-pba-1956	1	positive	train	ES	A Roda do Castro	Ares	Caamouco (San Vicente)	earthwork_or_wall_hint		0.96478122	15	ok	
train_mini	wl-tile-v1-10220	wl-pos-pos-es-pba-16572	pos-es-pba-16572	1	positive	train	ES	A Roda do Castro	O Pino	Gonzar (Santa María)	generic_castro_hint		0.77769792	137	ok	
train_mini	wl-tile-v1-10221	wl-pos-pos-es-pba-16573	pos-es-pba-16573	1	positive	train	ES	A Roda do Castro	O Pino	Pereira (San Miguel)	generic_castro_hint		0.41203898	308	ok	
train_mini	wl-tile-v1-10537	wl-pos-pos-es-pba-38989	pos-es-pba-38989	1	positive	train	ES	A Roda do Castro	A Pobra do Brollón	Salcedo (San Xoán)	generic_castro_hint		0.47477079	276	ok	
train_mini	wl-tile-v1-10860	wl-pos-pos-es-pba-32106	pos-es-pba-32106	1	positive	train	ES	A Roda do Castro	O Incio	A Cervela (San Cristovo)	generic_castro_hint		0.89651883	60	ok	
train_mini	wl-tile-v1-10222	wl-pos-pos-es-pba-16574	pos-es-pba-16574	1	positive	train	ES	A Roda do Castro de Astrar	O Pino	Arca (Santaia)	generic_castro_hint		0.59662892	224	ok	
train_mini	wl-tile-v1-10420	wl-pos-pos-es-pba-24204	pos-es-pba-24204	1	positive	train	ES	A Roda do Castro/Castro de Rairiz	Santiso	Santaia de Rairiz (Santaia)	generic_castro_hint		0.53292786	251	ok	
train_mini	wl-tile-v1-10385	wl-pos-pos-es-pba-20170	pos-es-pba-20170	1	positive	train	ES	A Roda dos Mouros/Castro de Enfesta/Casto de Vilasuso	Santiago de Compostela	A Enfesta (San Cristovo)	generic_castro_hint		0.92186545	45	ok	
train_mini	wl-tile-v1-10223	wl-pos-pos-es-pba-16575	pos-es-pba-16575	1	positive	train	ES	A Roda/Agra do Castro	O Pino	Ferreiros (San Breixo)	generic_castro_hint		0.83838322	103	ok	
train_mini	wl-tile-v1-10282	wl-pos-pos-es-pba-17487	pos-es-pba-17487	1	positive	train	ES	A Torre do Castelo/O Castro	Outes	Outes (San Pedro)	generic_castro_hint		0.94808175	27	ok	
train_mini	wl-tile-v1-11322	wl-pos-pos-es-pba-58393	pos-es-pba-58393	1	positive	train	ES	A Torre do Castro	Sandiás	Sandiás (Santo Estevo)	generic_castro_hint		0.95608400	23	ok	
train_mini	wl-tile-v1-10247	wl-pos-pos-es-pba-15472	pos-es-pba-15472	1	positive	train	ES	A Torre/Castro da Torre	Ordes	Ardemil (San Pedro)	generic_castro_hint		0.97977409	6	ok	
train_mini	wl-tile-v1-10248	wl-pos-pos-es-pba-15473	pos-es-pba-15473	1	positive	train	ES	A Torre/Castro da Torre	Ordes	Buscás (San Paio)	generic_castro_hint		0.50821716	260	ok	
train_mini	wl-tile-v1-10249	wl-pos-pos-es-pba-15474	pos-es-pba-15474	1	positive	train	ES	A Torre/O Castro/A Torre de Moscoso	Ordes	Ardemil (San Pedro)	generic_castro_hint		0.74954439	149	ok	
train_mini	wl-tile-v1-10271	wl-pos-pos-es-pba-15636	pos-es-pba-15636	1	positive	train	ES	A Volta dos Castros	Ortigueira	Mera de Abaixo (Santiago)	generic_castro_hint		0.96296024	18	ok	
train_mini	wl-tile-v1-09884	wl-pos-pos-es-pba-11387	pos-es-pba-11387	1	positive	train	ES	Agra do Castro/Castro de Lestón/Os Castros	A Laracha	Lestón (San Martiño)	generic_castro_hint		0.64655702	201	ok	
train_mini	wl-tile-v1-10845	wl-pos-pos-es-pba-29651	pos-es-pba-29651	1	positive	train	ES	Agra dos Castros	O Corgo	Arxemil (San Pedro)	generic_castro_hint		0.53784685	248	ok	
train_mini	wl-tile-v1-11621	wl-pos-pos-es-pba-69983	pos-es-pba-69983	1	positive	train	ES	Agra dos Castros	Silleda	O Castro (San Mamede)	generic_castro_hint		0.13951660	482	ok	
train_mini	wl-tile-v1-11499	wl-pos-pos-es-pba-65686	pos-es-pba-65686	1	positive	train	ES	Agro do Castro	Lalín	Santiso (San Román)	generic_castro_hint		0.24516953	416	ok	
train_mini	wl-tile-v1-11665	wl-pos-pos-es-pba-73150	pos-es-pba-73150	1	positive	train	ES	Agro do Castro	Valga	Cordeiro (Santa Comba)	generic_castro_hint		0.34056902	355	ok	
train_mini	wl-tile-v1-10152	wl-pos-pos-es-pba-12345	pos-es-pba-12345	1	positive	train	ES	Agro do Castro/Castro de Castrarón	Mazaricos	Os Vaos (San Tomé)	generic_castro_hint		0.28506550	389	ok	
train_mini	wl-tile-v1-10861	wl-pos-pos-es-pba-32107	pos-es-pba-32107	1	positive	train	ES	Agro do Castro/Pena do Castro	O Incio	Eirexalba (Santo Estevo)	hilltop_hint		0.83644261	105	ok	
train_mini	wl-tile-v1-11334	wl-pos-pos-es-pba-58982	pos-es-pba-58982	1	positive	train	ES	Aira da Castro	Vilamartín de Valdeorras	Córgomo (Santa Comba)	generic_castro_hint		0.65560074	195	ok	
train_mini	wl-tile-v1-10393	wl-pos-pos-es-pba-20197	pos-es-pba-20197	1	positive	train	ES	Alto da Croa/Alto do Castro	Santiago de Compostela	A Peregrina (Santa María)	croa_top_ring_hint		0.98268765	4	ok	
train_mini	wl-tile-v1-11298	wl-pos-pos-es-pba-56643	pos-es-pba-56643	1	positive	train	ES	As Cabarquellas. Os Mouros. O Castro. As Murallas	Riós	Progo (San Miguel)	earthwork_or_wall_hint		0.84711242	92	ok	
train_mini	wl-tile-v1-10311	wl-pos-pos-es-pba-27475	pos-es-pba-27475	1	positive	train	ES	As Casiñas de Coterras/Castro de Muruxeses	Oza-Cesuras	Rodeiro (Santa María)	generic_castro_hint		0.35796004	345	ok	
train_mini	wl-tile-v1-10436	wl-pos-pos-es-pba-24300	pos-es-pba-24300	1	positive	train	ES	As Castronelas	Sobrado	Carelle (San Lourenzo)	generic_castro_hint		0.68571709	181	ok	
train_mini	wl-tile-v1-10250	wl-pos-pos-es-pba-15505	pos-es-pba-15505	1	positive	train	ES	As Cenicas/Castro de Vilasuso	Ordes	Beán (Santa María)	generic_castro_hint		0.45068153	285	ok	
train_mini	wl-tile-v1-10539	wl-pos-pos-es-pba-38688	pos-es-pba-38688	1	positive	train	ES	As Coroas/Fincas dos Castros e das Coroas/Castros de Xudán	A Pontenova	Xudán (Santa María Madanela)	croa_top_ring_hint		0.71430403	168	ok	
train_mini	wl-tile-v1-10961	wl-pos-pos-es-pba-38902	pos-es-pba-38902	1	positive	train	ES	As Coroas/Os Castros/Monte das Croas/A Croa do Carballido	Pol	Valonga (Santa María)	croa_top_ring_hint		0.55967586	239	ok	
train_mini	wl-tile-v1-10312	wl-pos-pos-es-pba-27476	pos-es-pba-27476	1	positive	train	ES	As Croas/Castro de Oza/Castro de Carraceda	Oza-Cesuras	Oza (San Pedro)	croa_top_ring_hint		0.67673456	186	ok	
train_mini	wl-tile-v1-10577	wl-pos-pos-es-pba-42398	pos-es-pba-42398	1	positive	train	ES	As Croas/Os Castros	Baralla	Constantín (Santa María)	croa_top_ring_hint		0.92875415	38	ok	
train_mini	wl-tile-v1-10578	wl-pos-pos-es-pba-42399	pos-es-pba-42399	1	positive	train	ES	As Croas/Os Castros	Baralla	Vale (San Xurxo)	croa_top_ring_hint		0.79397397	127	ok	
train_mini	wl-tile-v1-10579	wl-pos-pos-es-pba-42400	pos-es-pba-42400	1	positive	train	ES	As Croas/Os Castros	Baralla	Pacios (Santa María)	croa_top_ring_hint		0.65998773	191	ok	
train_mini	wl-tile-v1-10580	wl-pos-pos-es-pba-42401	pos-es-pba-42401	1	positive	train	ES	As Croas/Os Castros	Baralla	Pedrafita de Camporredondo (San Xoán)	croa_top_ring_hint		0.87869024	76	ok	
train_mini	wl-tile-v1-10962	wl-pos-pos-es-pba-38903	pos-es-pba-38903	1	positive	train	ES	As Croas/Os Castros	Pol	Torneiros (San Lourenzo)	croa_top_ring_hint		0.48910711	270	ok	
train_mini	wl-tile-v1-10457	wl-pos-pos-es-pba-25147	pos-es-pba-25147	1	positive	train	ES	As Medorras de Castro	Tordoia	Gorgullos (Santaia)	generic_castro_hint		0.24279707	417	ok	
train_mini	wl-tile-v1-10070	wl-pos-pos-es-pba-5747	pos-es-pba-5747	1	positive	train	ES	As Picureas do Castro/As Quenllas	Coristanco	Oca (San Martiño)	generic_castro_hint		0.88149465	73	ok	
train_mini	wl-tile-v1-11308	wl-pos-pos-es-pba-56964	pos-es-pba-56964	1	positive	train	ES	As Portas	Rubiá	A Veiga de Cascallá (Santa Cruz)	generic_castro_hint		0.83697264	104	ok	
train_mini	wl-tile-v1-11560	wl-pos-pos-es-pba-78344	pos-es-pba-78344	1	positive	train	ES	Asentamento do Castro	O Porriño	Atios (Santa Eulalia)	generic_castro_hint		0.86870699	80	ok	
train_mini	wl-tile-v1-10484	wl-pos-pos-es-pba-24373	pos-es-pba-24373	1	positive	train	ES	Bico do Castro	Val do Dubra	Portomouro (San Cristovo)	generic_castro_hint		0.96055582	19	ok	
train_mini	wl-tile-v1-11309	wl-pos-pos-es-pba-56965	pos-es-pba-56965	1	positive	train	ES	Cabeza do Castro	Rubiá	Rubiá (Santa Mariña)	generic_castro_hint		0.68954786	175	ok	
train_mini	wl-tile-v1-10548	wl-pos-pos-es-pba-26686	pos-es-pba-26686	1	positive	train	ES	Calvario da Igrexa de San Salvador do Castro de Ouro	Alfoz do Castrodouro	O Castro de Ouro (San Salvador)	valley_or_river_edge_hint		0.92374264	44	ok	
train_mini	wl-tile-v1-11228	wl-pos-pos-es-pba-48170	pos-es-pba-48170	1	positive	train	ES	Camiño da Costa/Camiño do Castro	Cenlle	Razamonde (Santa María)	coastal_promontory_hint		0.02163999	546	ok	
train_mini	wl-tile-v1-10232	wl-pos-pos-es-pba-19426	pos-es-pba-19426	1	positive	train	ES	Camiño principal de acceso ao Castro	O Porto do Son	Baroña (San Pedro)	generic_castro_hint		0.09583674	514	ok	
train_mini	wl-tile-v1-09970	wl-pos-pos-es-pba-4275	pos-es-pba-4275	1	positive	train	ES	Campo da Romaría de San Fins de Castro	Cabana de Bergantiños	Cesullas (Santo Estevo)	coastal_promontory_hint		0.10508359	508	ok	
train_mini	wl-tile-v1-10033	wl-pos-pos-es-pba-6059	pos-es-pba-6059	1	positive	train	ES	Campo do Castro	Cedeira	Cedeira (Santa María do Mar)	generic_castro_hint		0.99896591	1	ok	
train_mini	wl-tile-v1-11459	wl-pos-pos-es-pba-63992	pos-es-pba-63992	1	positive	train	ES	Capela da Nosa Señora dos Remedios do Castro	Forcarei	San Miguel de Presqueiras (San Miguel)	generic_castro_hint		0.70938847	169	ok	
train_mini	wl-tile-v1-11269	wl-pos-pos-es-pba-52211	pos-es-pba-52211	1	positive	train	ES	Capela da Virxe do Castro en Guntumil	Muíños	Requiás (Santiago)	generic_castro_hint		0.84079547	101	ok	
train_mini	wl-tile-v1-10689	wl-pos-pos-es-pba-28838	pos-es-pba-28838	1	positive	train	ES	Capela de Castro Portela	Folgoso do Courel	Vilamor (San Vicente)	generic_castro_hint		0.66215729	190	ok	
train_mini	wl-tile-v1-10351	wl-pos-pos-es-pba-20591	pos-es-pba-20591	1	positive	train	ES	Capela de San Roque no Castro de Samoedo	Sada	Osedo (San Xián)	generic_castro_hint		0.32762463	368	ok	
train_mini	wl-tile-v1-10794	wl-pos-pos-es-pba-34283	pos-es-pba-34283	1	positive	train	ES	Capela de Santiago no Castro	Mondoñedo	Lindín (Santiago)	generic_castro_hint		0.35297523	346	ok	
train_mini	wl-tile-v1-11674	wl-pos-pos-es-pba-74887	pos-es-pba-74887	1	positive	train	ES	Capela dos Castros – Capela de San Roque	Vila de Cruces	Brandariz (San Miguel)	generic_castro_hint		0.56390510	236	ok	
train_mini	wl-tile-v1-10294	wl-pos-pos-es-pba-27586	pos-es-pba-27586	1	positive	train	ES	Casa Forte do Castronou de Eirís	Oza Cesuras	Oza (San Pedro)	generic_castro_hint		0.32796814	366	ok	
train_mini	wl-tile-v1-11264	wl-pos-pos-es-pba-52266	pos-es-pba-52266	1	positive	train	ES	Castelo das Chás/Citania das Laxes das Chás/A Cerca/Castro de Lobarz n	Monterrei	Oímbra (Santa María)	large_castrexo_civitas_hint		0.51840828	255	ok	
train_mini	wl-tile-v1-11004	wl-pos-pos-es-pba-41947	pos-es-pba-41947	1	positive	train	ES	Castelo de Loureiro/Os Castros de Castelo	Sarria	Loureiro (San Martiño)	generic_castro_hint		0.81013696	119	ok	
train_mini	wl-tile-v1-09866	wl-pos-pos-es-pba-1186	pos-es-pba-1186	1	positive	train	ES	Castelo de Rodado/Castro de Gosende	A Baña	A Ermida (San Salvador)	generic_castro_hint		0.46640471	280	ok	
train_mini	wl-tile-v1-11390	wl-pos-pos-es-pba-60005	pos-es-pba-60005	1	positive	train	ES	Castelo/Castro de Casás	Barro	Agudelo (San Martiño)	generic_castro_hint		0.87731438	77	ok	
train_mini	wl-tile-v1-11402	wl-pos-pos-es-pba-62902	pos-es-pba-62902	1	positive	train	ES	Castrelin	Cangas	O Hío (Santo André)	castrel_toponym_hint		0.22906280	427	ok	
train_mini	wl-tile-v1-11440	wl-pos-pos-es-pba-64596	pos-es-pba-64596	1	positive	train	ES	Castreliño/O Castriño	Cuntis	Cuntis (Santa María)	castrel_toponym_hint		0.49965037	265	ok	
train_mini	wl-tile-v1-11622	wl-pos-pos-es-pba-70136	pos-es-pba-70136	1	positive	train	ES	Castrillón	Silleda	Dornelas (San Martiño)	castrel_toponym_hint		0.67970095	183	ok	
train_mini	wl-tile-v1-09989	wl-pos-pos-es-pba-3481	pos-es-pba-3481	1	positive	train	ES	Castrillón/Castro de Santa Eirena	Carballo	Lema (San Cristovo)	castrel_toponym_hint		0.96410241	16	ok	
train_mini	wl-tile-v1-11490	wl-pos-pos-es-pba-65313	pos-es-pba-65313	1	positive	train	ES	Castriño da Barreira	Lalín	Xaxán (Santa María da Saleta)	generic_castro_hint		0.66293339	189	ok	
train_mini	wl-tile-v1-11491	wl-pos-pos-es-pba-65423	pos-es-pba-65423	1	positive	train	ES	Castriño de Bendoiro	Lalín	Bendoiro (San Miguel)	generic_castro_hint		0.42135412	300	ok	
train_mini	wl-tile-v1-10017	wl-pos-pos-es-pba-27145	pos-es-pba-27145	1	positive	train	ES	Castro	Cariño	A Pedra (Santa María)	generic_castro_hint		0.10065401	511	ok	
train_mini	wl-tile-v1-10634	wl-pos-pos-es-pba-28478	pos-es-pba-28478	1	positive	train	ES	Castro	Carballedo	Furco (San Gregorio)	generic_castro_hint		0.79772300	124	ok	
train_mini	wl-tile-v1-10745	wl-pos-pos-es-pba-31769	pos-es-pba-31769	1	positive	train	ES	Castro	Lourenzá	Lourenzá (Santa María)	generic_castro_hint		0.82502794	109	ok	
train_mini	wl-tile-v1-11094	wl-pos-pos-es-pba-43144	pos-es-pba-43144	1	positive	train	ES	Castro	Viveiro	Celeiro (Santiago)	generic_castro_hint		0.26577780	405	ok	
train_mini	wl-tile-v1-11590	wl-pos-pos-es-pba-69614	pos-es-pba-69614	1	positive	train	ES	Castro	Pontevedra	Salcedo (San Martiño)	generic_castro_hint		0.07317662	526	ok	
train_mini	wl-tile-v1-11603	wl-pos-pos-es-pba-69686	pos-es-pba-69686	1	positive	train	ES	Castro	Salvaterra de Miño	Soutolobre (Santa Comba)	generic_castro_hint		0.18896466	450	ok	
train_mini	wl-tile-v1-11666	wl-pos-pos-es-pba-73433	pos-es-pba-73433	1	positive	train	ES	Castro	Valga	Cordeiro (Santa Comba)	generic_castro_hint		0.51946616	254	ok	
train_mini	wl-tile-v1-10034	wl-pos-pos-es-pba-6182	pos-es-pba-6182	1	positive	train	ES	Castro A Croa de Carracedo	Cedeira	Montoxo (San Xiao)	croa_top_ring_hint		0.76077744	145	ok	
train_mini	wl-tile-v1-11329	wl-pos-pos-es-pba-57805	pos-es-pba-57805	1	positive	train	ES	Castro A Ermida/A Costa	Trasmiras	Vilar de Lebres (San Salvador)	coastal_promontory_hint		0.73370560	159	ok	
train_mini	wl-tile-v1-11330	wl-pos-pos-es-pba-57806	pos-es-pba-57806	1	positive	train	ES	Castro A Igrexa de Zos	Trasmiras	Zos (Santa María)	generic_castro_hint		0.83093826	107	ok	
train_mini	wl-tile-v1-10035	wl-pos-pos-es-pba-6183	pos-es-pba-6183	1	positive	train	ES	Castro As Croas	Cedeira	Esteiro (San Fiz)	croa_top_ring_hint		0.73317061	160	ok	
train_mini	wl-tile-v1-10036	wl-pos-pos-es-pba-6217	pos-es-pba-6217	1	positive	train	ES	Castro As Croas	Cedeira	Esteiro (San Fiz)	croa_top_ring_hint		0.73590982	158	ok	
train_mini	wl-tile-v1-10344	wl-pos-pos-es-pba-19069	pos-es-pba-19069	1	positive	train	ES	Castro Barbudo	Rianxo	Taragoña (San Salvador)	generic_castro_hint		0.53545977	249	ok	
train_mini	wl-tile-v1-11575	wl-pos-pos-es-pba-76654	pos-es-pba-76654	1	positive	train	ES	Castro Barbudo	Ponte Caldelas	Castro Barbudo (Santa María)	generic_castro_hint		0.86456454	83	ok	
train_mini	wl-tile-v1-11241	wl-pos-pos-es-pba-51593	pos-es-pba-51593	1	positive	train	ES	Castro Cabanelas	Larouco	Seadur (Santa Mariña)	generic_castro_hint		0.61101137	217	ok	
train_mini	wl-tile-v1-11045	wl-pos-pos-es-pba-41244	pos-es-pba-41244	1	positive	train	ES	Castro Carboeiro	Taboada	Cerdeda (Santa Mariña)	generic_castro_hint		0.92467269	43	ok	
train_mini	wl-tile-v1-10815	wl-pos-pos-es-pba-35342	pos-es-pba-35342	1	positive	train	ES	Castro Cercio	Monterroso	Novelúa (San Cristovo)	generic_castro_hint		0.68951311	176	ok	
train_mini	wl-tile-v1-11315	wl-pos-pos-es-pba-58242	pos-es-pba-58242	1	positive	train	ES	Castro Costa dos Mouros	San Cibrao das Viñas	Soutopenedo (San Miguel)	coastal_promontory_hint		0.59027279	225	ok	
train_mini	wl-tile-v1-10018	wl-pos-pos-es-pba-27146	pos-es-pba-27146	1	positive	train	ES	Castro Croado	Cariño	A Pedra (Santa María)	croa_top_ring_hint		0.81631216	116	ok	
train_mini	wl-tile-v1-11071	wl-pos-pos-es-pba-43376	pos-es-pba-43376	1	positive	train	ES	Castro Curbel	Vilalba	Santaballa (San Pedro)	generic_castro_hint		0.47837055	275	ok	
train_mini	wl-tile-v1-11493	wl-pos-pos-es-pba-65425	pos-es-pba-65425	1	positive	train	ES	Castro Daquil Lado/Castro de Soutolongo	Lalín	Soutolongo (Santa María)	generic_castro_hint		0.86734812	81	ok	
train_mini	wl-tile-v1-10032	wl-pos-pos-es-pba-6571	pos-es-pba-6571	1	positive	train	ES	Castro Detorre	Carral	Quembre (San Pedro)	generic_castro_hint		0.88114172	74	ok	
train_mini	wl-tile-v1-10496	wl-pos-pos-es-pba-24466	pos-es-pba-24466	1	positive	train	ES	Castro Facho	Val do Dubra	Niveiro (San Vicente)	generic_castro_hint		0.34569404	351	ok	
train_mini	wl-tile-v1-11344	wl-pos-pos-es-pba-60251	pos-es-pba-60251	1	positive	train	ES	Castro Grande	Vilardevós	Vilarello da Cota (Santa María)	generic_castro_hint		0.88202692	72	ok	
train_mini	wl-tile-v1-09897	wl-pos-pos-es-pba-112	pos-es-pba-112	1	positive	train	ES	Castro Grande de Alcaiana	Abegondo	Vizoño (San Pedro)	earthwork_or_wall_hint		0.68639475	180	ok	
train_mini	wl-tile-v1-10371	wl-pos-pos-es-pba-20135	pos-es-pba-20135	1	positive	train	ES	Castro Laberco	Santa Comba	Cícere (San Pedro)	generic_castro_hint		0.73845011	157	ok	
train_mini	wl-tile-v1-11401	wl-pos-pos-es-pba-61547	pos-es-pba-61547	1	positive	train	ES	Castro Liboreiro e petróglifos	Bueu	Bueu (San Martiño)	generic_castro_hint		0.90258910	54	ok	
train_mini	wl-tile-v1-09898	wl-pos-pos-es-pba-113	pos-es-pba-113	1	positive	train	ES	Castro Maior	Abegondo	Vizoño (San Pedro)	earthwork_or_wall_hint		0.54048914	246	ok	
train_mini	wl-tile-v1-11314	wl-pos-pos-es-pba-58514	pos-es-pba-58514	1	positive	train	ES	Castro Martiño	San Amaro	Eiras (Santa Ouxea)	coastal_promontory_hint		0.83185773	106	ok	
train_mini	wl-tile-v1-11644	wl-pos-pos-es-pba-70413	pos-es-pba-70413	1	positive	train	ES	Castro Montaz	Silleda	Oleiros (San Miguel)	generic_castro_hint		0.82117711	112	ok	
train_mini	wl-tile-v1-11153	wl-pos-pos-es-pba-56198	pos-es-pba-56198	1	positive	train	ES	Castro Monte dos Castros	A Peroxa	A Peroxa (Santiago)	hilltop_hint		0.64610358	202	ok	
train_mini	wl-tile-v1-11331	wl-pos-pos-es-pba-57832	pos-es-pba-57832	1	positive	train	ES	Castro O Muro/Penedo do Mouro	Trasmiras	Vilaseca (San Román)	hilltop_hint		0.33316772	361	ok	
train_mini	wl-tile-v1-10040	wl-pos-pos-es-pba-6221	pos-es-pba-6221	1	positive	train	ES	Castro Os Castros	Cedeira	Montoxo (San Xiao)	generic_castro_hint		0.64314453	206	ok	
train_mini	wl-tile-v1-10041	wl-pos-pos-es-pba-6222	pos-es-pba-6222	1	positive	train	ES	Castro Os Castros	Cedeira	Cervo (Santaia)	generic_castro_hint		0.56735950	233	ok	
train_mini	wl-tile-v1-11332	wl-pos-pos-es-pba-57833	pos-es-pba-57833	1	positive	train	ES	Castro Outeiro do Castelo	Trasmiras	Vila de Rei (San Salvador)	hilltop_hint		0.95625669	22	ok	
train_mini	wl-tile-v1-10435	wl-pos-pos-es-pba-23982	pos-es-pba-23982	1	positive	train	ES	Castro Pazoi	Sobrado	Nogueira (San Xurxo)	generic_castro_hint		0.92911719	37	ok	
train_mini	wl-tile-v1-10451	wl-pos-pos-es-pba-24985	pos-es-pba-24985	1	positive	train	ES	Castro Pedro	Toques	Folladela (San Pedro) / Melide	generic_castro_hint		0.91504596	49	ok	
train_mini	wl-tile-v1-10818	wl-pos-pos-es-pba-35345	pos-es-pba-35345	1	positive	train	ES	Castro Penedo/Castro da Croa/O Castro	Monterroso	Satrexas (Santa Eufemia)	croa_top_ring_hint		0.96366723	17	ok	
train_mini	wl-tile-v1-11345	wl-pos-pos-es-pba-60252	pos-es-pba-60252	1	positive	train	ES	Castro Pequeno	Vilardevós	Vilarello da Cota (Santa María)	generic_castro_hint		0.12495521	493	ok	
train_mini	wl-tile-v1-09875	wl-pos-pos-es-pba-11057	pos-es-pba-11057	1	positive	train	ES	Castro Pequeno/Castro das Motas/A Mota	A Laracha	Vilaño (Santiago)	generic_castro_hint		0.71705016	167	ok	
train_mini	wl-tile-v1-10483	wl-pos-pos-es-pba-24732	pos-es-pba-24732	1	positive	train	ES	Castro Pereiro	Trazo	Chaián (Santa María)	generic_castro_hint		0.97939403	7	ok	
train_mini	wl-tile-v1-11451	wl-pos-pos-es-pba-64635	pos-es-pba-64635	1	positive	train	ES	Castro Piñeiro	Cuntis	Piñeiro (San Mamede)	generic_castro_hint		0.84334762	95	ok	
train_mini	wl-tile-v1-11692	wl-pos-pos-es-pba-75426	pos-es-pba-75426	1	positive	train	ES	Castro Piñeiro/Castro de Carbia/O Castro/Eira dos Mouros/Os Castros	Vila de Cruces	Ollares (Santa María)	generic_castro_hint		0.77830686	136	ok	
train_mini	wl-tile-v1-10372	wl-pos-pos-es-pba-20157	pos-es-pba-20157	1	positive	train	ES	Castro Pombo	Santa Comba	Freixeiro (San Fins)	generic_castro_hint		0.91526457	48	ok	
train_mini	wl-tile-v1-10711	wl-pos-pos-es-pba-29067	pos-es-pba-29067	1	positive	train	ES	Castro Portela	Folgoso do Courel	Vilamor (San Vicente)	generic_castro_hint		0.99710116	2	ok	
train_mini	wl-tile-v1-10136	wl-pos-pos-es-pba-11757	pos-es-pba-11757	1	positive	train	ES	Castro Redondo	Frades	Mesos (San Salvador)	generic_castro_hint		0.74100732	155	ok	
train_mini	wl-tile-v1-10076	wl-pos-pos-es-pba-5920	pos-es-pba-5920	1	positive	train	ES	Castro Redondo do Portal	Coristanco	Cereo (Santa María)	generic_castro_hint		0.49870402	266	ok	
train_mini	wl-tile-v1-10712	wl-pos-pos-es-pba-29068	pos-es-pba-29068	1	positive	train	ES	Castro Romeor	Folgoso do Courel	Esperante (San Pedro)	generic_castro_hint		0.93153037	35	ok	
train_mini	wl-tile-v1-11452	wl-pos-pos-es-pba-64636	pos-es-pba-64636	1	positive	train	ES	Castro Sebil	Cuntis	Cuntis (Santa María)	generic_castro_hint		0.94875816	26	ok	
train_mini	wl-tile-v1-11434	wl-pos-pos-es-pba-78765	pos-es-pba-78765	1	positive	train	ES	Castro Segón	Cerdedo-Cotobade	Cerdedo (San Xoán)	generic_castro_hint		0.59721404	223	ok	
train_mini	wl-tile-v1-10060	wl-pos-pos-es-pba-5561	pos-es-pba-5561	1	positive	train	ES	Castro Sete (San Martiño de Cerdido)	Cerdido	Cerdido (San Martiño)	coastal_promontory_hint		0.60963201	219	ok	
train_mini	wl-tile-v1-10320	wl-pos-pos-es-pba-16947	pos-es-pba-16947	1	positive	train	ES	Castro Valente/A Cerca	Padrón	Carcacía (San Pedro)	valley_or_river_edge_hint		0.09308004	519	ok	
train_mini	wl-tile-v1-10207	wl-pos-pos-es-pba-14196	pos-es-pba-14196	1	positive	train	ES	Castro da Aldea de Castro	Negreira	Campolongo (Santa Cruz)	generic_castro_hint		0.95852422	21	ok	
train_mini	wl-tile-v1-10116	wl-pos-pos-es-pba-11689	pos-es-pba-11689	1	positive	train	ES	Castro da Areda/Castro das Medorras	Frades	Céltigos (San Xulián)	generic_castro_hint		0.43874279	292	ok	
train_mini	wl-tile-v1-10339	wl-pos-pos-es-pba-18249	pos-es-pba-18249	1	positive	train	ES	Castro da Aurela	Pontedeume	Ombre (Santa María)	generic_castro_hint		0.73156122	163	ok	
train_mini	wl-tile-v1-10721	wl-pos-pos-es-pba-31122	pos-es-pba-31122	1	positive	train	ES	Castro da Aurela	Friol	San Cibrao da Pregación (San Cibrao)	generic_castro_hint		0.93335256	34	ok	
train_mini	wl-tile-v1-10327	wl-pos-pos-es-pba-18603	pos-es-pba-18603	1	positive	train	ES	Castro da Barda	Ponteceso	Corme Aldea (Santo Adrán)	generic_castro_hint		0.93441288	33	ok	
train_mini	wl-tile-v1-10328	wl-pos-pos-es-pba-18604	pos-es-pba-18604	1	positive	train	ES	Castro da Barda/Castelo	Ponteceso	Corme Aldea (Santo Adrán)	generic_castro_hint		0.46333301	281	ok	
train_mini	wl-tile-v1-11580	wl-pos-pos-es-pba-77727	pos-es-pba-77727	1	positive	train	ES	Castro da Barxa	Ponteareas	Guláns (San Xulián)	generic_castro_hint		0.84717402	91	ok	
train_mini	wl-tile-v1-09867	wl-pos-pos-es-pba-1187	pos-es-pba-1187	1	positive	train	ES	Castro da Baña	A Baña	A Baña (San Vicenzo)	generic_castro_hint		0.74723009	152	ok	
train_mini	wl-tile-v1-10910	wl-pos-pos-es-pba-41928	pos-es-pba-41928	1	positive	train	ES	Castro da Besta ou de Vilelos	O Saviñao	Vilelos (San Martiño)	generic_castro_hint		0.86288913	85	ok	
train_mini	wl-tile-v1-10161	wl-pos-pos-es-pba-12434	pos-es-pba-12434	1	positive	train	ES	Castro da Braña	Mesía	Visantoña (San Martiño)	earthwork_or_wall_hint		0.40465568	313	ok	
train_mini	wl-tile-v1-09990	wl-pos-pos-es-pba-3482	pos-es-pba-3482	1	positive	train	ES	Castro da Brea	Carballo	Ardaña (Santa María)	generic_castro_hint		0.27493005	396	ok	
train_mini	wl-tile-v1-11141	wl-pos-pos-es-pba-52855	pos-es-pba-52855	1	positive	train	ES	Castro da Cabeciña	A Mezquita	A Vilavella (Santa María da Cabeza)	generic_castro_hint		0.73234609	162	ok	
train_mini	wl-tile-v1-11142	wl-pos-pos-es-pba-52856	pos-es-pba-52856	1	positive	train	ES	Castro da Cabeciña do Souto	A Mezquita	Santigoso (San Simón)	generic_castro_hint		0.86907441	79	ok	
train_mini	wl-tile-v1-11143	wl-pos-pos-es-pba-52891	pos-es-pba-52891	1	positive	train	ES	Castro da Cabeza	A Mezquita	O Pereiro (San Pedro)	generic_castro_hint		0.41967149	303	ok	
train_mini	wl-tile-v1-11165	wl-pos-pos-es-pba-57711	pos-es-pba-57711	1	positive	train	ES	Castro da Cabeza	A Veiga	Santa Cristina (San Tirso)	generic_castro_hint		0.32291646	372	ok	
train_mini	wl-tile-v1-10381	wl-pos-pos-es-pba-20153	pos-es-pba-20153	1	positive	train	ES	Castro da Caluba	Santiago de Compostela	A Barciela (Santo André)	generic_castro_hint		0.90047804	57	ok	
train_mini	wl-tile-v1-10584	wl-pos-pos-es-pba-44400	pos-es-pba-44400	1	positive	train	ES	Castro da Calvela	Baralla	Ferreiros (San Pedro)	generic_castro_hint		0.76725998	141	ok	
train_mini	wl-tile-v1-10759	wl-pos-pos-es-pba-31552	pos-es-pba-31552	1	positive	train	ES	Castro da Capela	Láncara	Toirán (San Salvador)	generic_castro_hint		0.79694981	125	ok	
train_mini	wl-tile-v1-11385	wl-pos-pos-es-pba-60051	pos-es-pba-60051	1	positive	train	ES	Castro da Carabela/O Castro/A Penisa	Baiona	Baiona (Santa María de Forá)	generic_castro_hint		0.64063846	207	ok	
train_mini	wl-tile-v1-10760	wl-pos-pos-es-pba-31553	pos-es-pba-31553	1	positive	train	ES	Castro da Carballeda	Láncara	Neira de Cabaleiros (Santa María Madanela)	generic_castro_hint		0.86515443	82	ok	
train_mini	wl-tile-v1-10117	wl-pos-pos-es-pba-11690	pos-es-pba-11690	1	positive	train	ES	Castro da Carballeira	Frades	Gafoi (Santa Mariña)	generic_castro_hint		0.78930976	130	ok	
train_mini	wl-tile-v1-10139	wl-pos-pos-es-pba-11478	pos-es-pba-11478	1	positive	train	ES	Castro da Casagrande	Irixoa	Mántaras (Santa María)	generic_castro_hint		0.58323055	228	ok	
train_mini	wl-tile-v1-11005	wl-pos-pos-es-pba-41948	pos-es-pba-41948	1	positive	train	ES	Castro da Casilla	Sarria	Betote (San Vicenzo)	coastal_promontory_hint		0.63090408	209	ok	
train_mini	wl-tile-v1-10512	wl-pos-pos-es-pba-25968	pos-es-pba-25968	1	positive	train	ES	Castro da Cerca	Vimianzo	Serramo (San Sebastián)	generic_castro_hint		0.82007812	114	ok	
train_mini	wl-tile-v1-11416	wl-pos-pos-es-pba-78565	pos-es-pba-78565	1	positive	train	ES	Castro da Cerca	Cerdedo-Cotobade	Parada (San Pedro)	generic_castro_hint		0.69290440	173	ok	
train_mini	wl-tile-v1-11192	wl-pos-pos-es-pba-45105	pos-es-pba-45105	1	positive	train	ES	Castro da Ciadella	Baños de Molgas	Guamil (Santa María)	generic_castro_hint		0.68850455	177	ok	
train_mini	wl-tile-v1-11371	wl-pos-pos-es-pba-60104	pos-es-pba-60104	1	positive	train	ES	Castro da Cidade de Arbo	Arbo	Arbo (Santa María)	generic_castro_hint		0.32396261	371	ok	
train_mini	wl-tile-v1-10911	wl-pos-pos-es-pba-41929	pos-es-pba-41929	1	positive	train	ES	Castro da Cidá	O Saviñao	Xuvencos (Santiago)	generic_castro_hint		0.77030758	139	ok	
train_mini	wl-tile-v1-11208	wl-pos-pos-es-pba-46888	pos-es-pba-46888	1	positive	train	ES	Castro da Cidá de Pereda	Cartelle	Cartelle (Santa María)	generic_castro_hint		0.84230000	97	ok	
train_mini	wl-tile-v1-11161	wl-pos-pos-es-pba-55967	pos-es-pba-55967	1	positive	train	ES	Castro da Cigadoña	A Pobra de Trives	San Mamede de Trives (San Mamede)	generic_castro_hint		0.46275426	283	ok	
train_mini	wl-tile-v1-11193	wl-pos-pos-es-pba-45106	pos-es-pba-45106	1	positive	train	ES	Castro da Ciradella	Baños de Molgas	Presqueira (San Martiño)	generic_castro_hint		0.85766695	86	ok	
train_mini	wl-tile-v1-11542	wl-pos-pos-es-pba-67838	pos-es-pba-67838	1	positive	train	ES	Castro da Cividade/A Cidá	Mos	Louredo (San Salvador)	large_castrexo_civitas_hint		0.95125974	25	ok	
train_mini	wl-tile-v1-10572	wl-pos-pos-es-pba-35993	pos-es-pba-35993	1	positive	train	ES	Castro da Conca	As Nogais	Noceda (San Xoán)	generic_castro_hint		0.76714305	142	ok	
train_mini	wl-tile-v1-09991	wl-pos-pos-es-pba-3507	pos-es-pba-3507	1	positive	train	ES	Castro da Condesa/Bico do Castro	Carballo	Bértoa (Santa María)	generic_castro_hint		0.87358539	78	ok	
train_mini	wl-tile-v1-10585	wl-pos-pos-es-pba-44401	pos-es-pba-44401	1	positive	train	ES	Castro da Condomiña/O Castro	Baralla	San Martín de Neira de Rei (San Pedro)	generic_castro_hint		0.81338287	117	ok	
train_mini	wl-tile-v1-10382	wl-pos-pos-es-pba-20154	pos-es-pba-20154	1	positive	train	ES	Castro da Corela	Santiago de Compostela	A Barciela (Santo André)	generic_castro_hint		0.89253200	63	ok	
train_mini	wl-tile-v1-11147	wl-pos-pos-es-pba-56165	pos-es-pba-56165	1	positive	train	ES	Castro da Coroa	A Peroxa	San Xes (San Xes)	croa_top_ring_hint		0.77447499	138	ok	
train_mini	wl-tile-v1-11148	wl-pos-pos-es-pba-56166	pos-es-pba-56166	1	positive	train	ES	Castro da Coroa de Santa Baia	A Peroxa	Beacán (Santa María)	croa_top_ring_hint		0.88602447	68	ok	
train_mini	wl-tile-v1-10981	wl-pos-pos-es-pba-39496	pos-es-pba-39496	1	positive	train	ES	Castro da Coroa/A Coroa	Ribadeo	Arante (San Pedro)	croa_top_ring_hint		0.41991202	302	ok	
train_mini	wl-tile-v1-11528	wl-pos-pos-es-pba-68506	pos-es-pba-68506	1	positive	train	ES	Castro da Corte dos Cabalos	Mondariz	Mondariz (Santa Baia)	generic_castro_hint		0.69585264	172	ok	
train_mini	wl-tile-v1-10816	wl-pos-pos-es-pba-35343	pos-es-pba-35343	1	positive	train	ES	Castro da Cotela	Monterroso	San Breixo (San Salvador)	earthwork_or_wall_hint		0.89111445	64	ok	
train_mini	wl-tile-v1-10551	wl-pos-pos-es-pba-26867	pos-es-pba-26867	1	positive	train	ES	Castro da Croa	Alfoz do Castrodouro	O Pereiro (Santa Maria)	croa_top_ring_hint		0.92553735	41	ok	
train_mini	wl-tile-v1-10643	wl-pos-pos-es-pba-27868	pos-es-pba-27868	1	positive	train	ES	Castro da Croa	Castroverde	Pereiramá (San Xulián)	croa_top_ring_hint		0.80133666	122	ok	
train_mini	wl-tile-v1-11112	wl-pos-pos-es-pba-32084	pos-es-pba-32084	1	positive	train	ES	Castro da Croa	Xove	Xuances (San Pedro)	croa_top_ring_hint		0.96557626	14	ok	
train_mini	wl-tile-v1-10644	wl-pos-pos-es-pba-27869	pos-es-pba-27869	1	positive	train	ES	Castro da Croa de Xan da Torre	Castroverde	A Meda (Santiago)	croa_top_ring_hint		0.37908552	329	ok	
train_mini	wl-tile-v1-11372	wl-pos-pos-es-pba-60105	pos-es-pba-60105	1	positive	train	ES	Castro da Croa dos Castelos	Arbo	Sela (Santa María)	croa_top_ring_hint		0.40616797	312	ok	
train_mini	wl-tile-v1-10645	wl-pos-pos-es-pba-27870	pos-es-pba-27870	1	positive	train	ES	Castro da Croa ou de Folgosa	Castroverde	Agustín (Santa María)	croa_top_ring_hint		0.58242510	229	ok	
train_mini	wl-tile-v1-11529	wl-pos-pos-es-pba-68507	pos-es-pba-68507	1	positive	train	ES	Castro da Croa/A Croa de Lougares	Mondariz	Lougares (San Fiz)	croa_top_ring_hint		0.92631395	39	ok	
train_mini	wl-tile-v1-10646	wl-pos-pos-es-pba-27871	pos-es-pba-27871	1	positive	train	ES	Castro da Croa/Croa da Casiña	Castroverde	Furís (Santo Estevo)	croa_top_ring_hint		0.94493883	30	ok	
train_mini	wl-tile-v1-10476	wl-pos-pos-es-pba-24700	pos-es-pba-24700	1	positive	train	ES	Castro da Croela	Trazo	Castelo (Santa María)	generic_castro_hint		0.94752820	29	ok	
train_mini	wl-tile-v1-11653	wl-pos-pos-es-pba-70319	pos-es-pba-70319	1	positive	train	ES	Castro da Cruz/Os Castros	Tui	Malvas (Santiago)	generic_castro_hint		0.58172276	230	ok	
train_mini	wl-tile-v1-10145	wl-pos-pos-es-pba-12760	pos-es-pba-12760	1	positive	train	ES	Castro da Devesa	Malpica de Bergantiños	Cambre (San Martiño)	generic_castro_hint		0.70817144	170	ok	
train_mini	wl-tile-v1-10251	wl-pos-pos-es-pba-15625	pos-es-pba-15625	1	positive	train	ES	Castro da Devesa	Ordes	Barbeiros (Santa María)	generic_castro_hint		0.85581432	89	ok	
train_mini	wl-tile-v1-11006	wl-pos-pos-es-pba-41949	pos-es-pba-41949	1	positive	train	ES	Castro da Devesa	Sarria	Corvelle (Santa María)	generic_castro_hint		0.90169791	55	ok	
train_mini	wl-tile-v1-11648	wl-pos-pos-es-pba-71137	pos-es-pba-71137	1	positive	train	ES	Castro da Devesa de Rebadillo	Tomiño	Goián (San Cristovo)	generic_castro_hint		0.48262418	273	ok	
train_mini	wl-tile-v1-10383	wl-pos-pos-es-pba-20155	pos-es-pba-20155	1	positive	train	ES	Castro da Devesa do Carballal	Santiago de Compostela	O Carballal (San Xulián)	generic_castro_hint		0.35889506	344	ok	
train_mini	wl-tile-v1-10690	wl-pos-pos-es-pba-28882	pos-es-pba-28882	1	positive	train	ES	Castro da Devesa do Rei	Folgoso do Courel	Esperante (San Pedro)	generic_castro_hint		0.13700993	486	ok	
train_mini	wl-tile-v1-10761	wl-pos-pos-es-pba-31581	pos-es-pba-31581	1	positive	train	ES	Castro da Eirexa/Castro de San Xoán	Láncara	Muro (San Xoán)	generic_castro_hint		0.73974352	156	ok	
train_mini	wl-tile-v1-10647	wl-pos-pos-es-pba-27872	pos-es-pba-27872	1	positive	train	ES	Castro da Eirexe	Castroverde	Páramo (San Miguel)	generic_castro_hint		0.82769101	108	ok	
train_mini	wl-tile-v1-10762	wl-pos-pos-es-pba-31582	pos-es-pba-31582	1	positive	train	ES	Castro da Eirexe	Láncara	Neira de Cabaleiros (Santa María Madanela)	generic_castro_hint		0.58374886	226	ok	
train_mini	wl-tile-v1-10887	wl-pos-pos-es-pba-37199	pos-es-pba-37199	1	positive	train	ES	Castro da Eirexe/Aira do Castro/Castro de Moscá	O Páramo	Moscán (Santa María Madanela)	generic_castro_hint		0.60286319	220	ok	
train_mini	wl-tile-v1-11403	wl-pos-pos-es-pba-62905	pos-es-pba-62905	1	positive	train	ES	Castro da Eirexiña	Cangas	O Hío (Santo André)	generic_castro_hint		0.74832075	151	ok	
train_mini	wl-tile-v1-10763	wl-pos-pos-es-pba-31583	pos-es-pba-31583	1	positive	train	ES	Castro da Ermida	Láncara	Lama (Santa María)	generic_castro_hint		0.63881283	208	ok	
train_mini	wl-tile-v1-10764	wl-pos-pos-es-pba-31584	pos-es-pba-31584	1	positive	train	ES	Castro da Ermida	Láncara	Vilaleo (Santa María)	generic_castro_hint		0.32060396	374	ok	
train_mini	wl-tile-v1-10648	wl-pos-pos-es-pba-27873	pos-es-pba-27873	1	positive	train	ES	Castro da Ermida de Santa Cristina	Castroverde	A Pumarega (Santa Mariña)	generic_castro_hint		0.88640783	67	ok	
train_mini	wl-tile-v1-11242	wl-pos-pos-es-pba-51594	pos-es-pba-51594	1	positive	train	ES	Castro da Ermida/O Castro	Larouco	Larouco (Santa María)	generic_castro_hint		0.78651631	132	ok	
train_mini	wl-tile-v1-10953	wl-pos-pos-es-pba-37087	pos-es-pba-37087	1	positive	train	ES	Castro da Escrita/Tras do Castro	Pedrafita do Cebreiro	Pacios (San Lourenzo)	generic_castro_hint		0.95391303	24	ok	
train_mini	wl-tile-v1-11166	wl-pos-pos-es-pba-57712	pos-es-pba-57712	1	positive	train	ES	Castro da Espeñuca/A Peneda	A Veiga	Prada (Santo André)	generic_castro_hint		0.68508007	182	ok	
train_mini	wl-tile-v1-11561	wl-pos-pos-es-pba-71366	pos-es-pba-71366	1	positive	train	ES	Castro da Fonte do Ouro	O Rosal	O Rosal (Santa Mariña)	generic_castro_hint		0.34034151	356	ok	
train_mini	wl-tile-v1-11705	wl-pos-pos-es-pba-75451	pos-es-pba-75451	1	positive	train	ES	Castro da Fontenla	Vilanova de Arousa	Baión (San Xoán)	generic_castro_hint		0.35075794	347	ok	
train_mini	wl-tile-v1-09992	wl-pos-pos-es-pba-3508	pos-es-pba-3508	1	positive	train	ES	Castro da Forca/Castro de Antelo	Carballo	Rus (Santa María)	generic_castro_hint		0.52300409	253	ok	
train_mini	wl-tile-v1-11350	wl-pos-pos-es-pba-65293	pos-es-pba-65293	1	positive	train	ES	Castro da Forca/O Montiño	A Guarda	A Guarda (Santa María)	generic_castro_hint		0.72348575	164	ok	
train_mini	wl-tile-v1-11299	wl-pos-pos-es-pba-56746	pos-es-pba-56746	1	positive	train	ES	Castro da Fraga da Moura	Riós	Castrelo de Cima (Santa María)	generic_castro_hint		0.37926548	328	ok	
train_mini	wl-tile-v1-11654	wl-pos-pos-es-pba-70320	pos-es-pba-70320	1	positive	train	ES	Castro da Granxa	Tui	Rebordáns (San Bartolomeu)	generic_castro_hint		0.77905975	135	ok	
train_mini	wl-tile-v1-09945	wl-pos-pos-es-pba-1531	pos-es-pba-1531	1	positive	train	ES	Castro da Graña	Betanzos	Requián (Santiago)	generic_castro_hint		0.79525683	126	ok	
train_mini	wl-tile-v1-10441	wl-pos-pos-es-pba-24952	pos-es-pba-24952	1	positive	train	ES	Castro da Graña	Toques	A Capela (Santa María)	generic_castro_hint		0.93751049	32	ok	
train_mini	wl-tile-v1-10649	wl-pos-pos-es-pba-27874	pos-es-pba-27874	1	positive	train	ES	Castro da Graña	Castroverde	Montecubeiro (San Cibrao)	generic_castro_hint		0.78920330	131	ok	
train_mini	wl-tile-v1-11378	wl-pos-pos-es-pba-68601	pos-es-pba-68601	1	positive	train	ES	Castro da Graña	As Neves	As Neves (Santa María)	generic_castro_hint		0.68649616	179	ok	
train_mini	wl-tile-v1-11101	wl-pos-pos-es-pba-30224	pos-es-pba-30224	1	positive	train	ES	Castro da Graña/Os Castros	Xermade	Roupar (San Pedro Fiz)	generic_castro_hint		0.39971328	319	ok	
train_mini	wl-tile-v1-10442	wl-pos-pos-es-pba-24953	pos-es-pba-24953	1	positive	train	ES	Castro da Grela	Toques	San Xiao do Monte (San Xiao)	generic_castro_hint		0.47170222	278	ok	
train_mini	wl-tile-v1-10107	wl-pos-pos-es-pba-9620	pos-es-pba-9620	1	positive	train	ES	Castro da Grixa	Dumbría	Berdeogás (Santiago)	generic_castro_hint		0.49803466	267	ok	
train_mini	wl-tile-v1-10846	wl-pos-pos-es-pba-29948	pos-es-pba-29948	1	positive	train	ES	Castro da Grova	O Corgo	Paradela (San Fiz)	generic_castro_hint		0.39643063	320	ok	
train_mini	wl-tile-v1-11359	wl-pos-pos-es-pba-66198	pos-es-pba-66198	1	positive	train	ES	Castro da Gurobela	Agolada	O Sexo (Santiago)	generic_castro_hint		0.48728677	272	ok	
train_mini	wl-tile-v1-10586	wl-pos-pos-es-pba-44402	pos-es-pba-44402	1	positive	train	ES	Castro da Igrexa/A Cortiña da Igrexa	Baralla	Piñeira (San Salvador)	generic_castro_hint		0.88577533	69	ok	
train_mini	wl-tile-v1-10587	wl-pos-pos-es-pba-44431	pos-es-pba-44431	1	positive	train	ES	Castro da Igrexa/Castro de Lebruxo	Baralla	Lebruxo (San Tomé)	generic_castro_hint		0.84111952	100	ok	
train_mini	wl-tile-v1-11102	wl-pos-pos-es-pba-30225	pos-es-pba-30225	1	positive	train	ES	Castro da Igrexa/O Castro de Cazas	Xermade	Cazás (San Xulián)	generic_castro_hint		0.55522375	242	ok	
train_mini	wl-tile-v1-10329	wl-pos-pos-es-pba-18628	pos-es-pba-18628	1	positive	train	ES	Castro da Illa da Estrela	Ponteceso	Corme Aldea (Santo Adrán)	coastal_promontory_hint		0.90165701	56	ok	
train_mini	wl-tile-v1-10422	wl-pos-pos-es-pba-23921	pos-es-pba-23921	1	positive	train	ES	Castro da Lagoa/Os Castros de Muradelo	Sobrado	Codesoso (San Miguel)	generic_castro_hint		0.88909549	65	ok	
train_mini	wl-tile-v1-10832	wl-pos-pos-es-pba-35177	pos-es-pba-35177	1	positive	train	ES	Castro da Lagúa	Navia de Suarna	Mosteiro (San Salvador)	generic_castro_hint		0.84054150	102	ok	
train_mini	wl-tile-v1-10526	wl-pos-pos-es-pba-38417	pos-es-pba-38417	1	positive	train	ES	Castro da Lama	A Pobra do Brollón	Barxa de Lor (Santa Mariña)	generic_castro_hint		0.98221017	5	ok	
train_mini	wl-tile-v1-11354	wl-pos-pos-es-pba-67107	pos-es-pba-67107	1	positive	train	ES	Castro da Lama	A Lama	A Lama (San Salvador)	generic_castro_hint		0.97210711	9	ok	
train_mini	wl-tile-v1-11046	wl-pos-pos-es-pba-41245	pos-es-pba-41245	1	positive	train	ES	Castro da Laxa	Taboada	Sobrecedo (Santiago)	generic_castro_hint		0.88830722	66	ok	
train_mini	wl-tile-v1-11233	wl-pos-pos-es-pba-48059	pos-es-pba-48059	1	positive	train	ES	Castro da Madanela	Coles	Coles (San Xoán)	generic_castro_hint		0.98340952	3	ok	
train_mini	wl-tile-v1-10862	wl-pos-pos-es-pba-32296	pos-es-pba-32296	1	positive	train	ES	Castro da Margarida/A Ciudá	O Incio	Santa María do Mao (Santa María)	coastal_promontory_hint		0.71997545	165	ok	
train_mini	wl-tile-v1-11316	wl-pos-pos-es-pba-58046	pos-es-pba-58046	1	positive	train	ES	Castro da Martiña	San Cristovo de Cea	Oseira (Santa María a Real)	coastal_promontory_hint		0.84166715	99	ok	
train_mini	wl-tile-v1-11470	wl-pos-pos-es-pba-65785	pos-es-pba-65785	1	positive	train	ES	Castro da Matanza	Gondomar	Vincios (Santa Mariña)	generic_castro_hint		0.94101198	31	ok	
train_mini	wl-tile-v1-11155	wl-pos-pos-es-pba-55771	pos-es-pba-55771	1	positive	train	ES	Castro da Medorra	A Pobra de Trives	Mendoia (Nosa Señora da Concepción)	generic_castro_hint		0.26871638	403	ok	
train_mini	wl-tile-v1-10817	wl-pos-pos-es-pba-35344	pos-es-pba-35344	1	positive	train	ES	Castro da Morerira/Agro do Castro	Monterroso	Pedraza (Santa María)	generic_castro_hint		0.76640377	143	ok	
train_mini	wl-tile-v1-11460	wl-pos-pos-es-pba-64033	pos-es-pba-64033	1	positive	train	ES	Castro da Mota	Forcarei	Castrelo (Santa Mariña)	generic_castro_hint		0.65638395	193	ok	
train_mini	wl-tile-v1-10019	wl-pos-pos-es-pba-27147	pos-es-pba-27147	1	positive	train	ES	Castro da Moura	Cariño	A Pedra (Santa María)	generic_castro_hint		0.96878403	12	ok	
train_mini	wl-tile-v1-11461	wl-pos-pos-es-pba-64034	pos-es-pba-64034	1	positive	train	ES	Castro da Mouteira	Forcarei	Millarada (San Amedio)	generic_castro_hint		0.67888442	184	ok	
train_mini	wl-tile-v1-11124	wl-pos-pos-es-pba-47786	pos-es-pba-47786	1	positive	train	ES	Castro da Munía	A Bola	Sorga (San Mamede)	generic_castro_hint		0.62331026	213	ok	
train_mini	wl-tile-v1-10555	wl-pos-pos-es-pba-26987	pos-es-pba-26987	1	positive	train	ES	Castro da Orela	Antas de Ulla	Santo Estevo do Castro de Amarante (Santo Estevo)	generic_castro_hint		0.81061616	118	ok	
train_mini	wl-tile-v1-10373	wl-pos-pos-es-pba-20300	pos-es-pba-20300	1	positive	train	ES	Castro da Pallota	Santa Comba	Fontecada (San Martiño)	generic_castro_hint		0.76089287	144	ok	
train_mini	wl-tile-v1-10650	wl-pos-pos-es-pba-27875	pos-es-pba-27875	1	positive	train	ES	Castro da Pallota	Castroverde	Soutomerille (San Salvador)	generic_castro_hint		0.96633249	13	ok	
train_mini	wl-tile-v1-10556	wl-pos-pos-es-pba-26988	pos-es-pba-26988	1	positive	train	ES	Castro da Pena Grande	Antas de Ulla	Agela (San Mamede)	hilltop_hint		0.66578404	188	ok	
train_mini	wl-tile-v1-10540	wl-pos-pos-es-pba-38845	pos-es-pba-38845	1	positive	train	ES	Castro da Pena das Vellas	A Pontenova	Vilarmide (O Salvador)	hilltop_hint		0.33641457	359	ok	
train_mini	wl-tile-v1-09877	wl-pos-pos-es-pba-11223	pos-es-pba-11223	1	positive	train	ES	Castro da Pena/O Petón	A Laracha	Montemaior (Santa María Madanela)	hilltop_hint		0.79227008	128	ok	
train_mini	wl-tile-v1-11136	wl-pos-pos-es-pba-52998	pos-es-pba-52998	1	positive	train	ES	Castro da Peneda de Cebre	A Merca	A Merca (Santa María)	generic_castro_hint		0.74106099	154	ok	
train_mini	wl-tile-v1-11600	wl-pos-pos-es-pba-71332	pos-es-pba-71332	1	positive	train	ES	Castro da Peneda/Castrizán	Redondela	O Viso (Santa María)	castrel_toponym_hint		0.96910827	11	ok	
train_mini	wl-tile-v1-10557	wl-pos-pos-es-pba-26989	pos-es-pba-26989	1	positive	train	ES	Castro da Penela	Antas de Ulla	Reboredo (Santiago)	generic_castro_hint		0.61021496	218	ok	
train_mini	wl-tile-v1-10765	wl-pos-pos-es-pba-31585	pos-es-pba-31585	1	positive	train	ES	Castro da Penela	Láncara	Vilarello (San Pedro)	generic_castro_hint		0.65564902	194	ok	
train_mini	wl-tile-v1-11342	wl-pos-pos-es-pba-60249	pos-es-pba-60249	1	positive	train	ES	Castro da Plaza	Vilardevós	Santa María de Traseirexa (Santa María)	generic_castro_hint		0.68705212	178	ok	
train_mini	wl-tile-v1-10991	wl-pos-pos-es-pba-40973	pos-es-pba-40973	1	positive	train	ES	Castro da Portela	Ribas de Sil	Soutordei (Santiago)	generic_castro_hint		0.95966507	20	ok	
train_mini	wl-tile-v1-10162	wl-pos-pos-es-pba-12435	pos-es-pba-12435	1	positive	train	ES	Castro da Pousada	Mesía	Castro (San Sebastián)	earthwork_or_wall_hint		0.42709222	298	ok	
train_mini	wl-tile-v1-10912	wl-pos-pos-es-pba-41930	pos-es-pba-41930	1	positive	train	ES	Castro da Pousada	O Saviñao	Licín (Santalla)	generic_castro_hint		0.74885597	150	ok	
train_mini	wl-tile-v1-11591	wl-pos-pos-es-pba-69678	pos-es-pba-69678	1	positive	train	ES	Castro da Raxeira/Monte do Castro	Pontevedra	Mourente (Santa María)	hilltop_hint		0.82449774	110	ok	
train_mini	wl-tile-v1-11132	wl-pos-pos-es-pba-50677	pos-es-pba-50677	1	positive	train	ES	Castro da Ribeira	A Gudiña	A Gudiña (San Martiño e San Pedro)	valley_or_river_edge_hint		0.84577267	93	ok	
train_mini	wl-tile-v1-09993	wl-pos-pos-es-pba-3509	pos-es-pba-3509	1	positive	train	ES	Castro da Ribeira/Castro de Nogareda	Carballo	Rus (Santa María)	valley_or_river_edge_hint		0.97081947	10	ok	
val	wl-tile-v1-12402	wl-neg-neg-es-pba-30584	neg-es-pba-30584	0	hard_negative	val	ES	A Leira da Cova	Guitiriz	San Breixo de Parga (San Breixo)		rock_art_surface	0.27586088	935	ok	
val	wl-tile-v1-12633	wl-neg-neg-es-pba-35996	neg-es-pba-35996	0	hard_negative	val	ES	A Medorra	Outeiro de Rei	Sobrada de Aguiar (Santa María Madanela)		megalithic_mound	0.75530238	181	ok	
val	wl-tile-v1-12008	wl-neg-neg-es-pba-15476	neg-es-pba-15476	0	hard_negative	val	ES	A Medorra/O Petón/Mámoa do Petón 2	Oroso	Senra (Santa Eulalia)		megalithic_mound	0.68242550	237	ok	
val	wl-tile-v1-12317	wl-neg-neg-es-pba-29932	neg-es-pba-29932	0	hard_negative	val	ES	A Mina	Cervantes	Vilarello (Santa María)		mining_or_quarry	0.23519070	1052	ok	
val	wl-tile-v1-12881	wl-neg-neg-es-pba-64682	neg-es-pba-64682	0	hard_negative	val	ES	A Mina	A Estrada	Ouzande (San Lourenzo)		mining_or_quarry	0.12070759	1446	ok	
val	wl-tile-v1-12072	wl-neg-neg-es-pba-29142	neg-es-pba-29142	0	hard_negative	val	ES	A Mina de Allonquiña	A Fonsagrada	A Allonca (Santa María)		mining_or_quarry	0.02328079	1832	ok	
val	wl-tile-v1-12688	wl-neg-neg-es-pba-59291	neg-es-pba-59291	0	hard_negative	val	ES	A Mota Grande 2/Mámoas da Serra do Leboreiro	Verea	Bangueses (San Miguel)		megalithic_mound	0.18553732	1199	ok	
val	wl-tile-v1-12689	wl-neg-neg-es-pba-59292	neg-es-pba-59292	0	hard_negative	val	ES	A Mota Grande 3/Mámoas da Serra do Leboreiro	Verea	Bangueses (San Miguel)		megalithic_mound	0.07618234	1623	ok	
val	wl-tile-v1-12690	wl-neg-neg-es-pba-59293	neg-es-pba-59293	0	hard_negative	val	ES	A Mota Grande 4/Mámoas da Serra do Leboreiro	Verea	Bangueses (San Miguel)		megalithic_mound	0.05368918	1727	ok	
val	wl-tile-v1-12880	wl-neg-neg-es-pba-64681	neg-es-pba-64681	0	hard_negative	val	ES	A Mámoa/A Lagoa	A Estrada	Guimarei (San Xiao)		megalithic_mound	0.46447915	490	ok	
val	wl-tile-v1-12319	wl-neg-neg-es-pba-29198	neg-es-pba-29198	0	hard_negative	val	ES	A Pedra das Mentiras	Chantada	Santiago de Arriba (Santiago)		rock_art_surface	0.31377344	817	ok	
val	wl-tile-v1-12403	wl-neg-neg-es-pba-30586	neg-es-pba-30586	0	hard_negative	val	ES	Abrigo de Penas da Carballosa	Guitiriz	Lagostelle (San Xoán)		rock_art_surface	0.37104380	679	ok	
val	wl-tile-v1-12290	wl-neg-neg-es-pba-28383	neg-es-pba-28383	0	hard_negative	val	ES	Antiga capela e cemiterio de Santo Estevo do Ermo	Barreiros	Celeiro de Mariñaos (Santa Cristina)		necropolis_or_burial	0.00270866	1851	ok	
val	wl-tile-v1-12073	wl-neg-neg-es-pba-29146	neg-es-pba-29146	0	hard_negative	val	ES	Arqueira de Morocos 1	A Fonsagrada	A Trapa (San Cibrán)		megalithic_mound	0.32193160	796	ok	
val	wl-tile-v1-12067	wl-neg-neg-es-pba-28954	neg-es-pba-28954	0	hard_negative	val	ES	Arqueira de Morocos 2	A Fonsagrada	A Trapa (San Cibrán)		megalithic_mound	0.25741520	993	ok	
val	wl-tile-v1-12068	wl-neg-neg-es-pba-28955	neg-es-pba-28955	0	hard_negative	val	ES	Arqueira de Morocos 3	A Fonsagrada	A Trapa (San Cibrán)		megalithic_mound	0.39071618	634	ok	
val	wl-tile-v1-12069	wl-neg-neg-es-pba-28956	neg-es-pba-28956	0	hard_negative	val	ES	Arqueira de Morocos 4	A Fonsagrada	A Trapa (San Cibrán)		megalithic_mound	0.33606285	755	ok	
val	wl-tile-v1-12070	wl-neg-neg-es-pba-28957	neg-es-pba-28957	0	hard_negative	val	ES	Arqueira de Morocos 5	A Fonsagrada	A Trapa (San Cibrán)		megalithic_mound	0.29948059	873	ok	
val	wl-tile-v1-12071	wl-neg-neg-es-pba-28958	neg-es-pba-28958	0	hard_negative	val	ES	Arquela da Pruída	A Fonsagrada	A Trapa (San Cibrán)		megalithic_mound	0.41954381	563	ok	
val	wl-tile-v1-12882	wl-neg-neg-es-pba-64716	neg-es-pba-64716	0	hard_negative	val	ES	Artesa dos Mouros	A Estrada	Callobre (San Martiño)		megalithic_mound	0.92718412	56	ok	
val	wl-tile-v1-12634	wl-neg-neg-es-pba-36006	neg-es-pba-36006	0	hard_negative	val	ES	As Medorras 1	Outeiro de Rei	Guillar (San Martiño)		megalithic_mound	0.26428249	975	ok	
val	wl-tile-v1-12644	wl-neg-neg-es-pba-36033	neg-es-pba-36033	0	hard_negative	val	ES	As Medorras/Medorra de Penas de Rodas 1	Outeiro de Rei	Santiago de Gaioso (Santiago)		megalithic_mound	0.15688990	1304	ok	
val	wl-tile-v1-12645	wl-neg-neg-es-pba-36034	neg-es-pba-36034	0	hard_negative	val	ES	As Medorras/Medorra de Penas de Rodas 2	Outeiro de Rei	Santiago de Gaioso (Santiago)		megalithic_mound	0.13545337	1392	ok	
val	wl-tile-v1-13231	wl-neg-neg-es-pba-68982	neg-es-pba-68982	0	hard_negative	val	ES	As Moreiras	Oia	Viladesuso (San Miguel)		rock_art_surface	0.05413190	1724	ok	
val	wl-tile-v1-11999	wl-neg-neg-es-pba-16203	neg-es-pba-16203	0	hard_negative	val	ES	Batería de Punta Torrella	Oleiros	Dexo (Santa María)		historic_fortification	0.24315441	1023	ok	
val	wl-tile-v1-12883	wl-neg-neg-es-pba-64754	neg-es-pba-64754	0	hard_negative	val	ES	Campo das Tombas 6/Mámoa da Casa da Cruz 1	A Estrada	Matalobos (Santa Baia)		megalithic_mound	0.16536327	1266	ok	
val	wl-tile-v1-12560	wl-neg-neg-es-pba-35700	neg-es-pba-35700	0	hard_negative	val	ES	Castelo	Ourol	Miñotos (San Pedro)		historic_fortification	0.73981654	190	ok	
val	wl-tile-v1-13356	wl-neg-neg-es-pba-70806	neg-es-pba-70806	0	hard_negative	val	ES	Castelo de Coruxeiras	Salceda de Caselas	San Xurxo de Salceda (San Xurxo)		historic_fortification	0.64150262	281	ok	
val	wl-tile-v1-12652	wl-neg-neg-es-pba-36107	neg-es-pba-36107	0	hard_negative	val	ES	Castelo do Picato	Outeiro de Rei	San Fiz de Paz (San Pedro Fiz)		historic_fortification	0.51122120	416	ok	
val	wl-tile-v1-13286	wl-neg-neg-es-pba-69364	neg-es-pba-69364	0	hard_negative	val	ES	Corte das Cabras	Oia	Oia (Santa María)		rock_art_surface	0.05280955	1733	ok	
val	wl-tile-v1-12884	wl-neg-neg-es-pba-64761	neg-es-pba-64761	0	hard_negative	val	ES	Coto da Mámoa	A Estrada	Orazo (San Pedro)		megalithic_mound	0.82355366	139	ok	
val	wl-tile-v1-12937	wl-neg-neg-es-pba-63562	neg-es-pba-63562	0	hard_negative	val	ES	Cruces da Fonte da Pena Furada	Campo Lameiro	Moimenta (Santa María)		rock_art_surface	0.14439852	1361	ok	
val	wl-tile-v1-12728	wl-neg-neg-es-pba-63125	neg-es-pba-63125	0	hard_negative	val	ES	Dolmen da Cavada da Santa	A Cañiza	As Achas (San Sebastián)		megalithic_mound	0.18359285	1207	ok	
val	wl-tile-v1-12112	wl-neg-neg-es-pba-30797	neg-es-pba-30797	0	hard_negative	val	ES	Dolmen de Hospital Novo	A Fonsagrada	Vieiro (Santo Antonio)		megalithic_mound	0.18741684	1192	ok	
val	wl-tile-v1-12378	wl-neg-neg-es-pba-30279	neg-es-pba-30279	0	hard_negative	val	ES	Dolmen do Pino	Guitiriz	Parga (Santo Estevo)		megalithic_mound	0.48397249	455	ok	
val	wl-tile-v1-12346	wl-neg-neg-es-pba-30846	neg-es-pba-30846	0	hard_negative	val	ES	Explotación mineira Cano dos Mouros	Foz	San Martiño de Mondoñedo (San Marti¤o)		mining_or_quarry	0.14165827	1373	ok	
val	wl-tile-v1-12292	wl-neg-neg-es-pba-28623	neg-es-pba-28623	0	hard_negative	val	ES	Explotación mineira Forno dos Mouros/Cano dos Mouros	Barreiros	Cabarcos (San Xulián)		mining_or_quarry	0.40847626	588	ok	
val	wl-tile-v1-12347	wl-neg-neg-es-pba-30847	neg-es-pba-30847	0	hard_negative	val	ES	Explotación mineira da Espiñeira	Foz	Vilaronte (San Xoán)		mining_or_quarry	0.34812825	729	ok	
val	wl-tile-v1-12291	wl-neg-neg-es-pba-28622	neg-es-pba-28622	0	hard_negative	val	ES	Explotación mineira das Covas	Barreiros	San Cosme de Barreiros (San Cosme)		mining_or_quarry	0.19044242	1177	ok	
val	wl-tile-v1-12348	wl-neg-neg-es-pba-30848	neg-es-pba-30848	0	hard_negative	val	ES	Explotación mineira do Carreiro/Marzán	Foz	Foz (Santiago)		mining_or_quarry	0.28005467	919	ok	
val	wl-tile-v1-13133	wl-neg-neg-es-pba-65002	neg-es-pba-65002	0	hard_negative	val	ES	Explotación mineira dos Petoutos	Crecente	Filgueira (San Pedro)		mining_or_quarry	0.23405507	1058	ok	
val	wl-tile-v1-13297	wl-neg-neg-es-pba-69436	neg-es-pba-69436	0	hard_negative	val	ES	Fiales	Oia	Pedornes (San Mamede)		rock_art_surface	0.09356815	1552	ok	
val	wl-tile-v1-13298	wl-neg-neg-es-pba-69437	neg-es-pba-69437	0	hard_negative	val	ES	Finca do Bosque 1	Oia	Oia (Santa María)		rock_art_surface	0.04008923	1786	ok	
val	wl-tile-v1-13299	wl-neg-neg-es-pba-69438	neg-es-pba-69438	0	hard_negative	val	ES	Finca do Bosque 2	Oia	Oia (Santa María)		rock_art_surface	0.10570248	1494	ok	
val	wl-tile-v1-12896	wl-neg-neg-es-pba-62262	neg-es-pba-62262	0	hard_negative	val	ES	Gravado da Igrexa	Cambados	Corvillón (San Amedio)		rock_art_surface	0.22936652	1064	ok	
val	wl-tile-v1-12391	wl-neg-neg-es-pba-30401	neg-es-pba-30401	0	hard_negative	val	ES	Gravado de Paraños	Guitiriz	Parga (Santo Estevo)		rock_art_surface	0.20368174	1141	ok	
val	wl-tile-v1-12561	wl-neg-neg-es-pba-35816	neg-es-pba-35816	0	hard_negative	val	ES	Gravado do Monte Cristo dos Callós	Ourol	San Pantaleón de Cabanas (San Pantaleón)		rock_art_surface	0.15305067	1316	ok	
val	wl-tile-v1-12683	wl-neg-neg-es-pba-51539	neg-es-pba-51539	0	hard_negative	val	ES	Grupo de 18 Miliarios	Lobios	Río Caldo (Santa María)		roman_built_context	0.04837534	1759	ok	
val	wl-tile-v1-12366	wl-neg-neg-es-pba-30202	neg-es-pba-30202	0	hard_negative	val	ES	Igrexa de Pedrafita (Parroquial de San Mamede)	Guitiriz	Pedrafita (San Mamede)		megalithic_mound	0.40762695	592	ok	
val	wl-tile-v1-12318	wl-neg-neg-es-pba-29134	neg-es-pba-29134	0	hard_negative	val	ES	Igrexa de Pedrafita (Parroquial de Santa Baia)	Chantada	Pedrafita (Santa Baia)		megalithic_mound	0.40602144	596	ok	
val	wl-tile-v1-12590	wl-neg-neg-es-pba-35709	neg-es-pba-35709	0	hard_negative	val	ES	Madorra do Curro de Lerois	Outeiro de Rei	Taboi (San Pedro)		megalithic_mound	0.61745882	301	ok	
val	wl-tile-v1-12150	wl-neg-neg-es-pba-30905	neg-es-pba-30905	0	hard_negative	val	ES	Medorra 1 dos Chaos	A Fonsagrada	Vilabol de Suarna (Santa María)		megalithic_mound	0.50892228	420	ok	
val	wl-tile-v1-12151	wl-neg-neg-es-pba-30906	neg-es-pba-30906	0	hard_negative	val	ES	Medorra 2 dos Chaos	A Fonsagrada	Vilabol de Suarna (Santa María)		megalithic_mound	0.46962466	479	ok	
val	wl-tile-v1-12152	wl-neg-neg-es-pba-30907	neg-es-pba-30907	0	hard_negative	val	ES	Medorra da Campa das Penas de Monterriu 6	A Fonsagrada	San Pedro de Río (San Pedro)		megalithic_mound	0.16638436	1262	ok	
val	wl-tile-v1-12153	wl-neg-neg-es-pba-30908	neg-es-pba-30908	0	hard_negative	val	ES	Medorra da Campa das Penas de Monterriu 7	A Fonsagrada	San Pedro de Río (San Pedro)		megalithic_mound	0.15202736	1319	ok	
val	wl-tile-v1-12154	wl-neg-neg-es-pba-30909	neg-es-pba-30909	0	hard_negative	val	ES	Medorra da Campa do Searo	A Fonsagrada	Lamas de Moreira (Santa María)		megalithic_mound	0.71483259	211	ok	
val	wl-tile-v1-12155	wl-neg-neg-es-pba-30910	neg-es-pba-30910	0	hard_negative	val	ES	Medorra da Cruz da Graña 1	A Fonsagrada	Santo André de Logares (Santo Andr‚)		megalithic_mound	0.20549121	1137	ok	
val	wl-tile-v1-12156	wl-neg-neg-es-pba-30911	neg-es-pba-30911	0	hard_negative	val	ES	Medorra da Cruz da Graña 2	A Fonsagrada	Santo André de Logares (Santo Andr‚)		megalithic_mound	0.61110110	311	ok	
val	wl-tile-v1-12157	wl-neg-neg-es-pba-30912	neg-es-pba-30912	0	hard_negative	val	ES	Medorra da Cruz do Pito 01	A Fonsagrada	San Pedro de Neiro (San Pedro)		megalithic_mound	0.59185337	327	ok	
val	wl-tile-v1-12168	wl-neg-neg-es-pba-30943	neg-es-pba-30943	0	hard_negative	val	ES	Medorra da Cruz do Pito 02	A Fonsagrada	San Pedro de Neiro (San Pedro)		megalithic_mound	0.56200612	362	ok	
val	wl-tile-v1-12169	wl-neg-neg-es-pba-30944	neg-es-pba-30944	0	hard_negative	val	ES	Medorra da Cruz do Pito 03	A Fonsagrada	San Pedro de Neiro (San Pedro)		megalithic_mound	0.61402770	307	ok	
val	wl-tile-v1-12170	wl-neg-neg-es-pba-30945	neg-es-pba-30945	0	hard_negative	val	ES	Medorra da Cruz do Pito 04	A Fonsagrada	San Pedro de Neiro (San Pedro)		megalithic_mound	0.54636054	376	ok	
val	wl-tile-v1-12171	wl-neg-neg-es-pba-30946	neg-es-pba-30946	0	hard_negative	val	ES	Medorra da Cruz do Pito 05	A Fonsagrada	O Trobo (Santa María)		megalithic_mound	0.41838355	566	ok	
val	wl-tile-v1-12172	wl-neg-neg-es-pba-30947	neg-es-pba-30947	0	hard_negative	val	ES	Medorra da Cruz do Pito 06	A Fonsagrada	Maderne (San Pedro)		megalithic_mound	0.45352824	508	ok	
val	wl-tile-v1-12173	wl-neg-neg-es-pba-30948	neg-es-pba-30948	0	hard_negative	val	ES	Medorra da Cruz do Pito 07	A Fonsagrada	San Pedro de Neiro (San Pedro)		megalithic_mound	0.58033454	335	ok	
val	wl-tile-v1-12174	wl-neg-neg-es-pba-30949	neg-es-pba-30949	0	hard_negative	val	ES	Medorra da Cruz do Pito 08	A Fonsagrada	San Pedro de Neiro (San Pedro)		megalithic_mound	0.63119032	291	ok	
val	wl-tile-v1-12175	wl-neg-neg-es-pba-30950	neg-es-pba-30950	0	hard_negative	val	ES	Medorra da Cruz do Pito 09	A Fonsagrada	San Pedro de Neiro (San Pedro)		megalithic_mound	0.35531244	708	ok	
val	wl-tile-v1-12176	wl-neg-neg-es-pba-30951	neg-es-pba-30951	0	hard_negative	val	ES	Medorra da Cruz do Pito 10	A Fonsagrada	San Pedro de Neiro (San Pedro)		megalithic_mound	0.36960020	681	ok	
val	wl-tile-v1-12177	wl-neg-neg-es-pba-30952	neg-es-pba-30952	0	hard_negative	val	ES	Medorra da Cruz do Pito 11	A Fonsagrada	San Pedro de Neiro (San Pedro)		megalithic_mound	0.39513671	620	ok	
val	wl-tile-v1-12187	wl-neg-neg-es-pba-30981	neg-es-pba-30981	0	hard_negative	val	ES	Medorra da Cruz do Pito 12	A Fonsagrada	San Pedro de Neiro (San Pedro)		megalithic_mound	0.56759884	351	ok	
val	wl-tile-v1-12188	wl-neg-neg-es-pba-30982	neg-es-pba-30982	0	hard_negative	val	ES	Medorra da Grandiña 1	A Fonsagrada	Pacios (Santa María)		megalithic_mound	0.41065149	581	ok	
val	wl-tile-v1-12189	wl-neg-neg-es-pba-30983	neg-es-pba-30983	0	hard_negative	val	ES	Medorra da Grandiña 2	A Fonsagrada	Pacios (Santa María)		megalithic_mound	0.18162292	1213	ok	
val	wl-tile-v1-12190	wl-neg-neg-es-pba-30984	neg-es-pba-30984	0	hard_negative	val	ES	Medorra da Grandiña 3	A Fonsagrada	Pacios (Santa María)		megalithic_mound	0.49809257	439	ok	
val	wl-tile-v1-12191	wl-neg-neg-es-pba-30985	neg-es-pba-30985	0	hard_negative	val	ES	Medorra da Grandiña 4	A Fonsagrada	Pacios (Santa María)		megalithic_mound	0.29008227	894	ok	
val	wl-tile-v1-12192	wl-neg-neg-es-pba-30986	neg-es-pba-30986	0	hard_negative	val	ES	Medorra da Grandiña 5	A Fonsagrada	Pacios (Santa María)		megalithic_mound	0.40028672	608	ok	
val	wl-tile-v1-12437	wl-neg-neg-es-pba-31970	neg-es-pba-31970	0	hard_negative	val	ES	Medorra da Gándara 1	Guitiriz	Santa Locaia de Parga (Santa Locaia)		megalithic_mound	0.26604057	967	ok	
val	wl-tile-v1-12438	wl-neg-neg-es-pba-31971	neg-es-pba-31971	0	hard_negative	val	ES	Medorra da Gándara 2	Guitiriz	Santa Locaia de Parga (Santa Locaia)		megalithic_mound	0.18571842	1198	ok	
val	wl-tile-v1-12439	wl-neg-neg-es-pba-31972	neg-es-pba-31972	0	hard_negative	val	ES	Medorra da Lagoa 1	Guitiriz	As Negradas (San Vicenzo)		megalithic_mound	0.37657870	665	ok	
val	wl-tile-v1-12440	wl-neg-neg-es-pba-31973	neg-es-pba-31973	0	hard_negative	val	ES	Medorra da Lagoa 2	Guitiriz	As Negradas (San Vicenzo)		megalithic_mound	0.24574482	1016	ok	
val	wl-tile-v1-12193	wl-neg-neg-es-pba-30987	neg-es-pba-30987	0	hard_negative	val	ES	Medorra da Loma de Perulledo 6	A Fonsagrada	Vieiro (Santo Antonio)		megalithic_mound	0.41302810	576	ok	
val	wl-tile-v1-12339	wl-neg-neg-es-pba-29261	neg-es-pba-29261	0	hard_negative	val	ES	Medorra da Moura	Chantada	Arcos (Santa María)		megalithic_mound	0.19909996	1153	ok	
val	wl-tile-v1-12194	wl-neg-neg-es-pba-30988	neg-es-pba-30988	0	hard_negative	val	ES	Medorra da Peza	A Fonsagrada	Lamas de Moreira (Santa María)		megalithic_mound	0.20149788	1148	ok	
val	wl-tile-v1-12195	wl-neg-neg-es-pba-30989	neg-es-pba-30989	0	hard_negative	val	ES	Medorra da Regoa 2	A Fonsagrada	Monteseiro (San Bartolo)		megalithic_mound	0.43151162	546	ok	
val	wl-tile-v1-12196	wl-neg-neg-es-pba-30990	neg-es-pba-30990	0	hard_negative	val	ES	Medorra da Valiña 1	A Fonsagrada	Carballido (Santa María)		megalithic_mound	0.28851105	898	ok	
val	wl-tile-v1-12206	wl-neg-neg-es-pba-31018	neg-es-pba-31018	0	hard_negative	val	ES	Medorra da Valiña 2	A Fonsagrada	Carballido (Santa María)		megalithic_mound	0.35734213	701	ok	
val	wl-tile-v1-12207	wl-neg-neg-es-pba-31019	neg-es-pba-31019	0	hard_negative	val	ES	Medorra da Valiña 3	A Fonsagrada	Carballido (Santa María)		megalithic_mound	0.35639990	703	ok	
val	wl-tile-v1-12208	wl-neg-neg-es-pba-31020	neg-es-pba-31020	0	hard_negative	val	ES	Medorra da Valiña 4	A Fonsagrada	Carballido (Santa María)		megalithic_mound	0.40335114	600	ok	
val	wl-tile-v1-12209	wl-neg-neg-es-pba-31021	neg-es-pba-31021	0	hard_negative	val	ES	Medorra da Zarra do Pedro	A Fonsagrada	Carballido (Santa María)		megalithic_mound	0.27462638	938	ok	
val	wl-tile-v1-12210	wl-neg-neg-es-pba-31022	neg-es-pba-31022	0	hard_negative	val	ES	Medorra da Zarra do Pedro	A Fonsagrada	Carballido (Santa María)		megalithic_mound	0.36683977	684	ok	
val	wl-tile-v1-12441	wl-neg-neg-es-pba-31974	neg-es-pba-31974	0	hard_negative	val	ES	Medorra das Minas	Guitiriz	Pígara (San Pedro)		megalithic_mound	0.21903980	1098	ok	
val	wl-tile-v1-12211	wl-neg-neg-es-pba-31023	neg-es-pba-31023	0	hard_negative	val	ES	Medorra das Peneliñas 01	A Fonsagrada	San Martín de Arroxo (San Martín)		megalithic_mound	0.37642486	667	ok	
val	wl-tile-v1-12212	wl-neg-neg-es-pba-31024	neg-es-pba-31024	0	hard_negative	val	ES	Medorra das Peneliñas 02	A Fonsagrada	San Martín de Arroxo (San Martín)		megalithic_mound	0.16948921	1249	ok	
val	wl-tile-v1-12213	wl-neg-neg-es-pba-31025	neg-es-pba-31025	0	hard_negative	val	ES	Medorra das Peneliñas 03	A Fonsagrada	San Martín de Arroxo (San Martín)		megalithic_mound	0.16712526	1257	ok	
val	wl-tile-v1-12214	wl-neg-neg-es-pba-31026	neg-es-pba-31026	0	hard_negative	val	ES	Medorra das Peneliñas 04	A Fonsagrada	San Martín de Arroxo (San Martín)		megalithic_mound	0.18925332	1182	ok	
val	wl-tile-v1-12215	wl-neg-neg-es-pba-31027	neg-es-pba-31027	0	hard_negative	val	ES	Medorra das Peneliñas 05	A Fonsagrada	San Martín de Arroxo (San Martín)		megalithic_mound	0.18419500	1203	ok	
val	wl-tile-v1-12226	wl-neg-neg-es-pba-31058	neg-es-pba-31058	0	hard_negative	val	ES	Medorra das Peneliñas 06	A Fonsagrada	San Martín de Arroxo (San Martín)		megalithic_mound	0.26646564	964	ok	
val	wl-tile-v1-12227	wl-neg-neg-es-pba-31059	neg-es-pba-31059	0	hard_negative	val	ES	Medorra das Peneliñas 07	A Fonsagrada	San Martín de Arroxo (San Martín)		megalithic_mound	0.20452724	1140	ok	
val	wl-tile-v1-12228	wl-neg-neg-es-pba-31060	neg-es-pba-31060	0	hard_negative	val	ES	Medorra das Peneliñas 08	A Fonsagrada	Vilabol de Suarna (Santa María)		megalithic_mound	0.42332824	559	ok	
val	wl-tile-v1-12229	wl-neg-neg-es-pba-31061	neg-es-pba-31061	0	hard_negative	val	ES	Medorra das Peneliñas 09	A Fonsagrada	San Martín de Arroxo (San Martín)		megalithic_mound	0.31009000	833	ok	
val	wl-tile-v1-12230	wl-neg-neg-es-pba-31062	neg-es-pba-31062	0	hard_negative	val	ES	Medorra das Peneliñas 10	A Fonsagrada	San Martín de Arroxo (San Martín)		megalithic_mound	0.23467945	1054	ok	
val	wl-tile-v1-12231	wl-neg-neg-es-pba-31063	neg-es-pba-31063	0	hard_negative	val	ES	Medorra das Peneliñas 11	A Fonsagrada	San Martín de Arroxo (San Martín)		megalithic_mound	0.16302211	1272	ok	
val	wl-tile-v1-12232	wl-neg-neg-es-pba-31064	neg-es-pba-31064	0	hard_negative	val	ES	Medorra das Peneliñas 12	A Fonsagrada	San Martín de Arroxo (San Martín)		megalithic_mound	0.18417620	1204	ok	
val	wl-tile-v1-12233	wl-neg-neg-es-pba-31065	neg-es-pba-31065	0	hard_negative	val	ES	Medorra das Peneliñas 13	A Fonsagrada	San Martín de Arroxo (San Martín)		megalithic_mound	0.15428957	1312	ok	
val	wl-tile-v1-12234	wl-neg-neg-es-pba-31066	neg-es-pba-31066	0	hard_negative	val	ES	Medorra das Peneliñas 14	A Fonsagrada	Vilabol de Suarna (Santa María)		megalithic_mound	0.15771499	1298	ok	
val	wl-tile-v1-12235	wl-neg-neg-es-pba-31067	neg-es-pba-31067	0	hard_negative	val	ES	Medorra das Rebuqueiras	A Fonsagrada	Pacios (Santa María)		megalithic_mound	0.51443541	407	ok	
val	wl-tile-v1-12596	wl-neg-neg-es-pba-35743	neg-es-pba-35743	0	hard_negative	val	ES	Medorra de Acebedo 2	Outeiro de Rei	Parada (San Xoán)		megalithic_mound	0.32961079	772	ok	
val	wl-tile-v1-12597	wl-neg-neg-es-pba-35744	neg-es-pba-35744	0	hard_negative	val	ES	Medorra de Acebedo 3	Outeiro de Rei	Parada (San Xoán)		megalithic_mound	0.32790863	778	ok	
val	wl-tile-v1-12598	wl-neg-neg-es-pba-35745	neg-es-pba-35745	0	hard_negative	val	ES	Medorra de Acebedo 4	Outeiro de Rei	Parada (San Xoán)		megalithic_mound	0.16981033	1246	ok	
val	wl-tile-v1-12599	wl-neg-neg-es-pba-35746	neg-es-pba-35746	0	hard_negative	val	ES	Medorra de Acebedo 5	Outeiro de Rei	Martul (San Pedro)		megalithic_mound	0.33507272	760	ok	
val	wl-tile-v1-12600	wl-neg-neg-es-pba-35747	neg-es-pba-35747	0	hard_negative	val	ES	Medorra de Acebedo 6	Outeiro de Rei	Aspai (San Cibrao)		megalithic_mound	0.18255979	1209	ok	
val	wl-tile-v1-12601	wl-neg-neg-es-pba-35748	neg-es-pba-35748	0	hard_negative	val	ES	Medorra de Acebedo 7	Outeiro de Rei	Aspai (San Cibrao)		megalithic_mound	0.15093564	1324	ok	
val	wl-tile-v1-12602	wl-neg-neg-es-pba-35749	neg-es-pba-35749	0	hard_negative	val	ES	Medorra de Acebedo 7	Outeiro de Rei	Aspai (San Cibrao)		megalithic_mound	0.09519481	1543	ok	
val	wl-tile-v1-12603	wl-neg-neg-es-pba-35750	neg-es-pba-35750	0	hard_negative	val	ES	Medorra de Acebedo 8	Outeiro de Rei	Martul (San Pedro)		megalithic_mound	0.14747137	1340	ok	
val	wl-tile-v1-12442	wl-neg-neg-es-pba-31975	neg-es-pba-31975	0	hard_negative	val	ES	Medorra de Agra Branca	Guitiriz	Santa Locaia de Parga (Santa Locaia)		megalithic_mound	0.58536780	332	ok	
val	wl-tile-v1-12241	wl-neg-neg-es-pba-31098	neg-es-pba-31098	0	hard_negative	val	ES	Medorra de Albardón/Medorra da Bandeira	A Fonsagrada	Lamas de Moreira (Santa María)		megalithic_mound	0.50388320	432	ok	
val	wl-tile-v1-12242	wl-neg-neg-es-pba-31099	neg-es-pba-31099	0	hard_negative	val	ES	Medorra de Barbeitos 1	A Fonsagrada	Fonfría (Santa María Madanela)		megalithic_mound	0.31480092	812	ok	
val	wl-tile-v1-12243	wl-neg-neg-es-pba-31100	neg-es-pba-31100	0	hard_negative	val	ES	Medorra de Barbeitos 2	A Fonsagrada	Fonfría (Santa María Madanela)		megalithic_mound	0.28862171	897	ok	
val	wl-tile-v1-12244	wl-neg-neg-es-pba-31101	neg-es-pba-31101	0	hard_negative	val	ES	Medorra de Braña	A Fonsagrada	A Veiga de Logares (Santa María)		megalithic_mound	0.43645710	534	ok	
val	wl-tile-v1-12245	wl-neg-neg-es-pba-31102	neg-es-pba-31102	0	hard_negative	val	ES	Medorra de Brañela	A Fonsagrada	A Bastida (San Miguel)		megalithic_mound	0.38284213	650	ok	
val	wl-tile-v1-12246	wl-neg-neg-es-pba-31103	neg-es-pba-31103	0	hard_negative	val	ES	Medorra de Burón	A Fonsagrada	Santo André de Logares (Santo Andr‚)		megalithic_mound	0.49835882	438	ok	
val	wl-tile-v1-12615	wl-neg-neg-es-pba-35894	neg-es-pba-35894	0	hard_negative	val	ES	Medorra de Campo Frío	Outeiro de Rei	Vicinte (Santa María)		megalithic_mound	0.27370584	944	ok	
val	wl-tile-v1-12247	wl-neg-neg-es-pba-31104	neg-es-pba-31104	0	hard_negative	val	ES	Medorra de Casacabreira 1	A Fonsagrada	Monteseiro (San Bartolo)		megalithic_mound	0.22918953	1066	ok	
val	wl-tile-v1-12248	wl-neg-neg-es-pba-31105	neg-es-pba-31105	0	hard_negative	val	ES	Medorra de Casacabreira 2	A Fonsagrada	Monteseiro (San Bartolo)		megalithic_mound	0.67207808	242	ok	
val	wl-tile-v1-12249	wl-neg-neg-es-pba-31106	neg-es-pba-31106	0	hard_negative	val	ES	Medorra de Casacabreira 3	A Fonsagrada	Monteseiro (San Bartolo)		megalithic_mound	0.26775004	960	ok	
val	wl-tile-v1-12250	wl-neg-neg-es-pba-31107	neg-es-pba-31107	0	hard_negative	val	ES	Medorra de Casacabreira 4	A Fonsagrada	Monteseiro (San Bartolo)		megalithic_mound	0.19114832	1174	ok	
val	wl-tile-v1-12251	wl-neg-neg-es-pba-31139	neg-es-pba-31139	0	hard_negative	val	ES	Medorra de Casacabreira 5	A Fonsagrada	Monteseiro (San Bartolo)		megalithic_mound	0.75911639	178	ok	
val	wl-tile-v1-12252	wl-neg-neg-es-pba-31140	neg-es-pba-31140	0	hard_negative	val	ES	Medorra de Castañoso	A Fonsagrada	Maderne (San Pedro)		megalithic_mound	0.45934368	497	ok	
val	wl-tile-v1-12253	wl-neg-neg-es-pba-31141	neg-es-pba-31141	0	hard_negative	val	ES	Medorra de Chao da Cruz 1	A Fonsagrada	Pacios (Santa María)		megalithic_mound	0.07380313	1641	ok	
val	wl-tile-v1-12254	wl-neg-neg-es-pba-31142	neg-es-pba-31142	0	hard_negative	val	ES	Medorra de Chao da Cruz 2	A Fonsagrada	Pacios (Santa María)		megalithic_mound	0.19627256	1159	ok	
val	wl-tile-v1-12255	wl-neg-neg-es-pba-31143	neg-es-pba-31143	0	hard_negative	val	ES	Medorra de Chao da Cruz 3	A Fonsagrada	Pacios (Santa María)		megalithic_mound	0.24103151	1028	ok	
val	wl-tile-v1-12256	wl-neg-neg-es-pba-31144	neg-es-pba-31144	0	hard_negative	val	ES	Medorra de Chao da Cruz 4	A Fonsagrada	Pacios (Santa María)		megalithic_mound	0.23566103	1048	ok	
val	wl-tile-v1-12257	wl-neg-neg-es-pba-31145	neg-es-pba-31145	0	hard_negative	val	ES	Medorra de Chao da Pruida 1	A Fonsagrada	Pacios (Santa María)		megalithic_mound	0.44420633	524	ok	
val	wl-tile-v1-12258	wl-neg-neg-es-pba-31146	neg-es-pba-31146	0	hard_negative	val	ES	Medorra de Chao da Pruida 2	A Fonsagrada	Pacios (Santa María)		megalithic_mound	0.64060475	283	ok	
val	wl-tile-v1-12259	wl-neg-neg-es-pba-31147	neg-es-pba-31147	0	hard_negative	val	ES	Medorra de Chao da Pruida 3	A Fonsagrada	Pacios (Santa María)		megalithic_mound	0.44606582	520	ok	
val	wl-tile-v1-12261	wl-neg-neg-es-pba-31179	neg-es-pba-31179	0	hard_negative	val	ES	Medorra de Chao da Pruida 4	A Fonsagrada	Pacios (Santa María)		megalithic_mound	0.55057123	372	ok	
val	wl-tile-v1-12262	wl-neg-neg-es-pba-31180	neg-es-pba-31180	0	hard_negative	val	ES	Medorra de Chao da Pruida 5	A Fonsagrada	Pacios (Santa María)		megalithic_mound	0.38605761	644	ok	
val	wl-tile-v1-12263	wl-neg-neg-es-pba-31181	neg-es-pba-31181	0	hard_negative	val	ES	Medorra de Chao dos Fornos 1	A Fonsagrada	Maderne (San Pedro)		megalithic_mound	0.19248903	1169	ok	
val	wl-tile-v1-12264	wl-neg-neg-es-pba-31182	neg-es-pba-31182	0	hard_negative	val	ES	Medorra de Chao dos Fornos 2	A Fonsagrada	Maderne (San Pedro)		megalithic_mound	0.30085428	869	ok	
val	wl-tile-v1-12265	wl-neg-neg-es-pba-31183	neg-es-pba-31183	0	hard_negative	val	ES	Medorra de Chao dos Fornos 3	A Fonsagrada	Maderne (San Pedro)		megalithic_mound	0.23449697	1056	ok	
val	wl-tile-v1-12266	wl-neg-neg-es-pba-31184	neg-es-pba-31184	0	hard_negative	val	ES	Medorra de Coto dos Frades 3/Modornas de Chao da Lagoa	A Fonsagrada	Santo André de Logares (Santo Andr‚)		megalithic_mound	0.15892827	1294	ok	
val	wl-tile-v1-12267	wl-neg-neg-es-pba-31185	neg-es-pba-31185	0	hard_negative	val	ES	Medorra de Coto dos Frades 4/Modornas de Chao da Lagoa	A Fonsagrada	Santo André de Logares (Santo Andr‚)		megalithic_mound	0.09503007	1546	ok	
val	wl-tile-v1-12268	wl-neg-neg-es-pba-31186	neg-es-pba-31186	0	hard_negative	val	ES	Medorra de Demouco	A Fonsagrada	O Padrón (San Xoán)		megalithic_mound	0.64572398	276	ok	
val	wl-tile-v1-12269	wl-neg-neg-es-pba-31187	neg-es-pba-31187	0	hard_negative	val	ES	Medorra de Fonfría 1	A Fonsagrada	Fonfría (Santa María Madanela)		megalithic_mound	0.30843395	842	ok	
val	wl-tile-v1-12271	wl-neg-neg-es-pba-31219	neg-es-pba-31219	0	hard_negative	val	ES	Medorra de Fonfría 2	A Fonsagrada	Fonfría (Santa María Madanela)		megalithic_mound	0.25960356	987	ok	
val	wl-tile-v1-12443	wl-neg-neg-es-pba-31976	neg-es-pba-31976	0	hard_negative	val	ES	Medorra de Gandarón 2	Guitiriz	Becín (San Xiao)		megalithic_mound	0.68129912	238	ok	
val	wl-tile-v1-12272	wl-neg-neg-es-pba-31220	neg-es-pba-31220	0	hard_negative	val	ES	Medorra de Gavita 1	A Fonsagrada	A Veiga de Logares (Santa María)		megalithic_mound	0.50986138	418	ok	
val	wl-tile-v1-12273	wl-neg-neg-es-pba-31221	neg-es-pba-31221	0	hard_negative	val	ES	Medorra de Gavita 2	A Fonsagrada	A Veiga de Logares (Santa María)		megalithic_mound	0.53989156	384	ok	
val	wl-tile-v1-12274	wl-neg-neg-es-pba-31222	neg-es-pba-31222	0	hard_negative	val	ES	Medorra de Gavita 3	A Fonsagrada	A Veiga de Logares (Santa María)		megalithic_mound	0.35403021	713	ok	
val	wl-tile-v1-12275	wl-neg-neg-es-pba-31223	neg-es-pba-31223	0	hard_negative	val	ES	Medorra de Gavita 4	A Fonsagrada	A Veiga de Logares (Santa María)		megalithic_mound	0.53845424	385	ok	
val	wl-tile-v1-12276	wl-neg-neg-es-pba-31224	neg-es-pba-31224	0	hard_negative	val	ES	Medorra de Hospital Novo 1	A Fonsagrada	Bruicedo (Santiago)		megalithic_mound	0.28605372	905	ok	
val	wl-tile-v1-12277	wl-neg-neg-es-pba-31225	neg-es-pba-31225	0	hard_negative	val	ES	Medorra de Hospital Novo 2	A Fonsagrada	Bruicedo (Santiago)		megalithic_mound	0.12703968	1425	ok	
val	wl-tile-v1-12278	wl-neg-neg-es-pba-31226	neg-es-pba-31226	0	hard_negative	val	ES	Medorra de Hospital Novo 3	A Fonsagrada	Vieiro (Santo Antonio)		megalithic_mound	0.08311263	1593	ok	
val	wl-tile-v1-12279	wl-neg-neg-es-pba-31227	neg-es-pba-31227	0	hard_negative	val	ES	Medorra de Hospital Novo 4	A Fonsagrada	Bruicedo (Santiago)		megalithic_mound	0.33419479	762	ok	
val	wl-tile-v1-12280	wl-neg-neg-es-pba-31228	neg-es-pba-31228	0	hard_negative	val	ES	Medorra de Hospital Vello 1	A Fonsagrada	O Padrón (San Xoán)		megalithic_mound	0.62288894	297	ok	
val	wl-tile-v1-12281	wl-neg-neg-es-pba-31260	neg-es-pba-31260	0	hard_negative	val	ES	Medorra de Hospital Vello 2	A Fonsagrada	O Padrón (San Xoán)		megalithic_mound	0.10559760	1497	ok	
val	wl-tile-v1-12282	wl-neg-neg-es-pba-31261	neg-es-pba-31261	0	hard_negative	val	ES	Medorra de Hospital Vello 3	A Fonsagrada	O Padrón (San Xoán)		megalithic_mound	0.25221085	1005	ok	
val	wl-tile-v1-12283	wl-neg-neg-es-pba-31262	neg-es-pba-31262	0	hard_negative	val	ES	Medorra de Leguadereita	A Fonsagrada	Pacios (Santa María)		megalithic_mound	0.19599855	1161	ok	
val	wl-tile-v1-12284	wl-neg-neg-es-pba-31263	neg-es-pba-31263	0	hard_negative	val	ES	Medorra de Leguaseca	A Fonsagrada	Pacios (Santa María)		megalithic_mound	0.61658908	303	ok	
val	wl-tile-v1-12285	wl-neg-neg-es-pba-31264	neg-es-pba-31264	0	hard_negative	val	ES	Medorra de Loma de Perulledo 1	A Fonsagrada	Vieiro (Santo Antonio)		megalithic_mound	0.30989801	835	ok	
val	wl-tile-v1-12286	wl-neg-neg-es-pba-31265	neg-es-pba-31265	0	hard_negative	val	ES	Medorra de Loma de Perulledo 2	A Fonsagrada	Vieiro (Santo Antonio)		megalithic_mound	0.41061966	582	ok	
val	wl-tile-v1-12287	wl-neg-neg-es-pba-31266	neg-es-pba-31266	0	hard_negative	val	ES	Medorra de Loma de Perulledo 3	A Fonsagrada	Vieiro (Santo Antonio)		megalithic_mound	0.24111991	1027	ok	
val	wl-tile-v1-12288	wl-neg-neg-es-pba-31267	neg-es-pba-31267	0	hard_negative	val	ES	Medorra de Loma de Perulledo 4	A Fonsagrada	Vieiro (Santo Antonio)		megalithic_mound	0.22034734	1089	ok	
val	wl-tile-v1-12289	wl-neg-neg-es-pba-31268	neg-es-pba-31268	0	hard_negative	val	ES	Medorra de Loma de Perulledo 5	A Fonsagrada	Vieiro (Santo Antonio)		megalithic_mound	0.38039864	655	ok	
val	wl-tile-v1-12074	wl-neg-neg-es-pba-30638	neg-es-pba-30638	0	hard_negative	val	ES	Medorra de Louxas 1	A Fonsagrada	San Martín de Arroxo (San Martín)		megalithic_mound	0.10247557	1505	ok	
val	wl-tile-v1-12075	wl-neg-neg-es-pba-30639	neg-es-pba-30639	0	hard_negative	val	ES	Medorra de Louxas 2	A Fonsagrada	San Martín de Arroxo (San Martín)		megalithic_mound	0.17356459	1234	ok	
val	wl-tile-v1-12076	wl-neg-neg-es-pba-30640	neg-es-pba-30640	0	hard_negative	val	ES	Medorra de Louxas 3	A Fonsagrada	San Martín de Arroxo (San Martín)		megalithic_mound	0.11339326	1473	ok	
val	wl-tile-v1-12077	wl-neg-neg-es-pba-30641	neg-es-pba-30641	0	hard_negative	val	ES	Medorra de Louxas 4	A Fonsagrada	San Martín de Arroxo (San Martín)		megalithic_mound	0.18367825	1206	ok	
val	wl-tile-v1-12078	wl-neg-neg-es-pba-30642	neg-es-pba-30642	0	hard_negative	val	ES	Medorra de Louxas 4	A Fonsagrada	Lamas de Moreira (Santa María)		megalithic_mound	0.44219832	528	ok	
val	wl-tile-v1-12079	wl-neg-neg-es-pba-30643	neg-es-pba-30643	0	hard_negative	val	ES	Medorra de Louxas 5	A Fonsagrada	Lamas de Moreira (Santa María)		megalithic_mound	0.21933273	1095	ok	
val	wl-tile-v1-12080	wl-neg-neg-es-pba-30644	neg-es-pba-30644	0	hard_negative	val	ES	Medorra de Mesón Novo 1	A Fonsagrada	A Trapa (San Cibrán)		megalithic_mound	0.28067640	917	ok	
val	wl-tile-v1-12081	wl-neg-neg-es-pba-30645	neg-es-pba-30645	0	hard_negative	val	ES	Medorra de Mesón Novo 2	A Fonsagrada	A Trapa (San Cibrán)		megalithic_mound	0.30863165	839	ok	
val	wl-tile-v1-12082	wl-neg-neg-es-pba-30646	neg-es-pba-30646	0	hard_negative	val	ES	Medorra de Monte da Baga 1	A Fonsagrada	A Trapa (San Cibrán)		megalithic_mound	0.15961606	1287	ok	
val	wl-tile-v1-12083	wl-neg-neg-es-pba-30647	neg-es-pba-30647	0	hard_negative	val	ES	Medorra de Monte de Baga 2	A Fonsagrada	A Trapa (San Cibrán)		megalithic_mound	0.26844517	959	ok	
val	wl-tile-v1-12444	wl-neg-neg-es-pba-31977	neg-es-pba-31977	0	hard_negative	val	ES	Medorra de Montemeá	Guitiriz	Parga (Santo Estevo)		megalithic_mound	0.57281601	344	ok	
val	wl-tile-v1-12084	wl-neg-neg-es-pba-30680	neg-es-pba-30680	0	hard_negative	val	ES	Medorra de Muradal	A Fonsagrada	Piñeira (Santa María)		megalithic_mound	0.41078872	580	ok	
val	wl-tile-v1-12340	wl-neg-neg-es-pba-29290	neg-es-pba-29290	0	hard_negative	val	ES	Medorra de Nande	Chantada	Mouricios (San Cristovo)		megalithic_mound	0.30933135	837	ok	
val	wl-tile-v1-12445	wl-neg-neg-es-pba-32008	neg-es-pba-32008	0	hard_negative	val	ES	Medorra de Negradas	Guitiriz	As Negradas (San Vicenzo)		megalithic_mound	0.12975495	1415	ok	
val	wl-tile-v1-12446	wl-neg-neg-es-pba-32009	neg-es-pba-32009	0	hard_negative	val	ES	Medorra de Pegureiros 1	Guitiriz	As Negradas (San Vicenzo)		megalithic_mound	0.77180555	173	ok	
val	wl-tile-v1-12447	wl-neg-neg-es-pba-32010	neg-es-pba-32010	0	hard_negative	val	ES	Medorra de Pegureiros 2	Guitiriz	As Negradas (San Vicenzo)		megalithic_mound	0.47801427	466	ok	
val	wl-tile-v1-12085	wl-neg-neg-es-pba-30681	neg-es-pba-30681	0	hard_negative	val	ES	Medorra de Pena do Cargadoiro 1/Lomba das Modorras	A Fonsagrada	Pacios (Santa María)		megalithic_mound	0.59327940	326	ok	
val	wl-tile-v1-12086	wl-neg-neg-es-pba-30682	neg-es-pba-30682	0	hard_negative	val	ES	Medorra de Pena do Cargadoiro 2	A Fonsagrada	Pacios (Santa María)		megalithic_mound	0.61113829	310	ok	
val	wl-tile-v1-12087	wl-neg-neg-es-pba-30683	neg-es-pba-30683	0	hard_negative	val	ES	Medorra de Pena do Cargadoiro 3	A Fonsagrada	Pacios (Santa María)		megalithic_mound	0.45569807	503	ok	
val	wl-tile-v1-12088	wl-neg-neg-es-pba-30684	neg-es-pba-30684	0	hard_negative	val	ES	Medorra de Pena do Cargadoiro 4	A Fonsagrada	Pacios (Santa María)		megalithic_mound	0.32061679	800	ok	
val	wl-tile-v1-12089	wl-neg-neg-es-pba-30685	neg-es-pba-30685	0	hard_negative	val	ES	Medorra de Pena do Cargadoiro 5	A Fonsagrada	Pacios (Santa María)		megalithic_mound	0.37571986	668	ok	
val	wl-tile-v1-12090	wl-neg-neg-es-pba-30686	neg-es-pba-30686	0	hard_negative	val	ES	Medorra de Peredelo 1	A Fonsagrada	Lamas de Moreira (Santa María)		megalithic_mound	0.21394181	1114	ok	
val	wl-tile-v1-12091	wl-neg-neg-es-pba-30687	neg-es-pba-30687	0	hard_negative	val	ES	Medorra de Peredelo 2	A Fonsagrada	Lamas de Moreira (Santa María)		megalithic_mound	0.18502917	1201	ok	
val	wl-tile-v1-12092	wl-neg-neg-es-pba-30688	neg-es-pba-30688	0	hard_negative	val	ES	Medorra de Peredelo 3	A Fonsagrada	Lamas de Moreira (Santa María)		megalithic_mound	0.28418115	911	ok	
val	wl-tile-v1-12093	wl-neg-neg-es-pba-30720	neg-es-pba-30720	0	hard_negative	val	ES	Medorra de Pico Peniñas 1	A Fonsagrada	Pacios (Santa María)		megalithic_mound	0.38412169	649	ok	
val	wl-tile-v1-12094	wl-neg-neg-es-pba-30721	neg-es-pba-30721	0	hard_negative	val	ES	Medorra de Pico Peniñas 2	A Fonsagrada	Pacios (Santa María)		megalithic_mound	0.34459557	737	ok	
val	wl-tile-v1-12095	wl-neg-neg-es-pba-30722	neg-es-pba-30722	0	hard_negative	val	ES	Medorra de Pico Peniñas 3	A Fonsagrada	Pacios (Santa María)		megalithic_mound	0.48724423	452	ok	
val	wl-tile-v1-12096	wl-neg-neg-es-pba-30723	neg-es-pba-30723	0	hard_negative	val	ES	Medorra de Pico Peniñas 4	A Fonsagrada	Pacios (Santa María)		megalithic_mound	0.57291235	343	ok	
val	wl-tile-v1-12097	wl-neg-neg-es-pba-30724	neg-es-pba-30724	0	hard_negative	val	ES	Medorra de Pico Peniñas 5	A Fonsagrada	Pacios (Santa María)		megalithic_mound	0.61256876	309	ok	
val	wl-tile-v1-12098	wl-neg-neg-es-pba-30725	neg-es-pba-30725	0	hard_negative	val	ES	Medorra de Restrebe	A Fonsagrada	Lamas de Moreira (Santa María)		megalithic_mound	0.21241009	1121	ok	
val	wl-tile-v1-12099	wl-neg-neg-es-pba-30726	neg-es-pba-30726	0	hard_negative	val	ES	Medorra de Riba de Hortois 1	A Fonsagrada	Vieiro (Santo Antonio)		megalithic_mound	0.19178098	1170	ok	
val	wl-tile-v1-12100	wl-neg-neg-es-pba-30727	neg-es-pba-30727	0	hard_negative	val	ES	Medorra de Riba de Hortois 2	A Fonsagrada	Vieiro (Santo Antonio)		megalithic_mound	0.19997536	1150	ok	
val	wl-tile-v1-12101	wl-neg-neg-es-pba-30728	neg-es-pba-30728	0	hard_negative	val	ES	Medorra de Riba de Hortois 3	A Fonsagrada	Vieiro (Santo Antonio)		megalithic_mound	0.47795655	467	ok	
val	wl-tile-v1-12616	wl-neg-neg-es-pba-35895	neg-es-pba-35895	0	hard_negative	val	ES	Medorra de Roza de Aveas 1	Outeiro de Rei	Matela (Santa María Madanela)		megalithic_mound	0.36794337	683	ok	
val	wl-tile-v1-12617	wl-neg-neg-es-pba-35896	neg-es-pba-35896	0	hard_negative	val	ES	Medorra de Roza de Aveas 2	Outeiro de Rei	Matela (Santa María Madanela)		megalithic_mound	0.21836671	1102	ok	
val	wl-tile-v1-12618	wl-neg-neg-es-pba-35897	neg-es-pba-35897	0	hard_negative	val	ES	Medorra de Roza de Aveas 3	Outeiro de Rei	Matela (Santa María Madanela)		megalithic_mound	0.18835941	1187	ok	
val	wl-tile-v1-12619	wl-neg-neg-es-pba-35898	neg-es-pba-35898	0	hard_negative	val	ES	Medorra de Rozas/Rozas de Tumbo 1	Outeiro de Rei	Arcos (San Pedro)		megalithic_mound	0.30380765	861	ok	
val	wl-tile-v1-12620	wl-neg-neg-es-pba-35899	neg-es-pba-35899	0	hard_negative	val	ES	Medorra de Rozas/Rozas de Tumbo 2	Outeiro de Rei	Arcos (San Pedro)		megalithic_mound	0.47861614	464	ok	
val	wl-tile-v1-12621	wl-neg-neg-es-pba-35900	neg-es-pba-35900	0	hard_negative	val	ES	Medorra de Rozas/Rozas de Tumbo 3	Outeiro de Rei	Arcos (San Pedro)		megalithic_mound	0.73519209	196	ok	
val	wl-tile-v1-12622	wl-neg-neg-es-pba-35901	neg-es-pba-35901	0	hard_negative	val	ES	Medorra de Rozas/Rozas de Tumbo 4	Outeiro de Rei	Arcos (San Pedro)		megalithic_mound	0.40693753	594	ok	
val	wl-tile-v1-12635	wl-neg-neg-es-pba-36007	neg-es-pba-36007	0	hard_negative	val	ES	Medorra de Rozas/Rozas de Tumbo 6	Outeiro de Rei	Arcos (San Pedro)		megalithic_mound	0.40051849	605	ok	
val	wl-tile-v1-12636	wl-neg-neg-es-pba-36008	neg-es-pba-36008	0	hard_negative	val	ES	Medorra de Rozas/Rozas de Tumbo 7	Outeiro de Rei	Arcos (San Pedro)		megalithic_mound	0.32941046	773	ok	
val	wl-tile-v1-12637	wl-neg-neg-es-pba-36009	neg-es-pba-36009	0	hard_negative	val	ES	Medorra de Rozas/Rozas de Tumbo 8	Outeiro de Rei	Arcos (San Pedro)		megalithic_mound	0.59375541	325	ok	
val	wl-tile-v1-12341	wl-neg-neg-es-pba-29291	neg-es-pba-29291	0	hard_negative	val	ES	Medorra de San Roque	Chantada	Pedrafita (Santa Baia)		megalithic_mound	0.38447585	648	ok	
val	wl-tile-v1-12102	wl-neg-neg-es-pba-30758	neg-es-pba-30758	0	hard_negative	val	ES	Medorra de Silvela	A Fonsagrada	San Martín de Suarna (San Martín)		megalithic_mound	0.22475908	1081	ok	
val	wl-tile-v1-12448	wl-neg-neg-es-pba-32011	neg-es-pba-32011	0	hard_negative	val	ES	Medorra de Tolda	Guitiriz	Parga (Santo Estevo)		megalithic_mound	0.33491240	761	ok	
val	wl-tile-v1-12103	wl-neg-neg-es-pba-30759	neg-es-pba-30759	0	hard_negative	val	ES	Medorra de Torviso 1	A Fonsagrada	Carballido (Santa María)		megalithic_mound	0.18785651	1189	ok	
val	wl-tile-v1-12104	wl-neg-neg-es-pba-30760	neg-es-pba-30760	0	hard_negative	val	ES	Medorra de Torviso 2	A Fonsagrada	Carballido (Santa María)		megalithic_mound	0.54135059	380	ok	
val	wl-tile-v1-12105	wl-neg-neg-es-pba-30761	neg-es-pba-30761	0	hard_negative	val	ES	Medorra de Tras As Airas 08	A Fonsagrada	Santo André de Logares (Santo Andr‚)		megalithic_mound	0.18608413	1197	ok	
val	wl-tile-v1-12110	wl-neg-neg-es-pba-30766	neg-es-pba-30766	0	hard_negative	val	ES	Medorra de Tras As Airas 5	A Fonsagrada	A Veiga de Logares (Santa María)		megalithic_mound	0.35602449	705	ok	
val	wl-tile-v1-12111	wl-neg-neg-es-pba-30767	neg-es-pba-30767	0	hard_negative	val	ES	Medorra de Tras As Airas 6	A Fonsagrada	A Veiga de Logares (Santa María)		megalithic_mound	0.33001949	770	ok	
val	wl-tile-v1-12113	wl-neg-neg-es-pba-30798	neg-es-pba-30798	0	hard_negative	val	ES	Medorra de Tras As Airas 7	A Fonsagrada	A Veiga de Logares (Santa María)		megalithic_mound	0.33827577	749	ok	
val	wl-tile-v1-12106	wl-neg-neg-es-pba-30762	neg-es-pba-30762	0	hard_negative	val	ES	Medorra de Tras as Airas 1	A Fonsagrada	Carballido (Santa María)		megalithic_mound	0.30728728	847	ok	
val	wl-tile-v1-12107	wl-neg-neg-es-pba-30763	neg-es-pba-30763	0	hard_negative	val	ES	Medorra de Tras as Airas 2	A Fonsagrada	Carballido (Santa María)		megalithic_mound	0.30993278	834	ok	
val	wl-tile-v1-12108	wl-neg-neg-es-pba-30764	neg-es-pba-30764	0	hard_negative	val	ES	Medorra de Tras as Airas 3	A Fonsagrada	Carballido (Santa María)		megalithic_mound	0.59474167	323	ok	
val	wl-tile-v1-12109	wl-neg-neg-es-pba-30765	neg-es-pba-30765	0	hard_negative	val	ES	Medorra de Tras as Airas 4	A Fonsagrada	A Veiga de Logares (Santa María)		megalithic_mound	0.27385083	942	ok	
val	wl-tile-v1-12114	wl-neg-neg-es-pba-30799	neg-es-pba-30799	0	hard_negative	val	ES	Medorra de Ventorrillo 1	A Fonsagrada	A Veiga de Logares (Santa María)		megalithic_mound	0.59028637	329	ok	
val	wl-tile-v1-12115	wl-neg-neg-es-pba-30800	neg-es-pba-30800	0	hard_negative	val	ES	Medorra de Ventorrillo 2	A Fonsagrada	A Veiga de Logares (Santa María)		megalithic_mound	0.56358219	358	ok	
val	wl-tile-v1-12342	wl-neg-neg-es-pba-29292	neg-es-pba-29292	0	hard_negative	val	ES	Medorra de Vilanova	Chantada	San Salvador de Asma (San Salvador)		megalithic_mound	0.21906838	1097	ok	
val	wl-tile-v1-12116	wl-neg-neg-es-pba-30801	neg-es-pba-30801	0	hard_negative	val	ES	Medorra do Acebo 1	A Fonsagrada	Monteseiro (San Bartolo)		megalithic_mound	0.26277862	981	ok	
val	wl-tile-v1-12117	wl-neg-neg-es-pba-30802	neg-es-pba-30802	0	hard_negative	val	ES	Medorra do Acebo 2	A Fonsagrada	Monteseiro (San Bartolo)		megalithic_mound	0.38558494	645	ok	
val	wl-tile-v1-12118	wl-neg-neg-es-pba-30803	neg-es-pba-30803	0	hard_negative	val	ES	Medorra do Acebo 3	A Fonsagrada	Monteseiro (San Bartolo)		megalithic_mound	0.34206280	745	ok	
val	wl-tile-v1-12449	wl-neg-neg-es-pba-32012	neg-es-pba-32012	0	hard_negative	val	ES	Medorra do Alto da Cintinela 1	Guitiriz	Santa Locaia de Parga (Santa Locaia)		megalithic_mound	0.31813887	805	ok	
val	wl-tile-v1-12450	wl-neg-neg-es-pba-32013	neg-es-pba-32013	0	hard_negative	val	ES	Medorra do Alto da Cintinela 2	Guitiriz	Santa Locaia de Parga (Santa Locaia)		megalithic_mound	0.34484681	735	ok	
val	wl-tile-v1-12119	wl-neg-neg-es-pba-30804	neg-es-pba-30804	0	hard_negative	val	ES	Medorra do Bedro da Lagoa	A Fonsagrada	Carballido (Santa María)		megalithic_mound	0.55634921	367	ok	
val	wl-tile-v1-12125	wl-neg-neg-es-pba-30838	neg-es-pba-30838	0	hard_negative	val	ES	Medorra do Campo da Arca 1	A Fonsagrada	San Pedro de Neiro (San Pedro)		megalithic_mound	0.39172517	628	ok	
val	wl-tile-v1-12126	wl-neg-neg-es-pba-30839	neg-es-pba-30839	0	hard_negative	val	ES	Medorra do Campo da Arca 2	A Fonsagrada	San Pedro de Neiro (San Pedro)		megalithic_mound	0.34986021	722	ok	
val	wl-tile-v1-12127	wl-neg-neg-es-pba-30840	neg-es-pba-30840	0	hard_negative	val	ES	Medorra do Campo das Cruces 1	A Fonsagrada	Carballido (Santa María)		megalithic_mound	0.44730609	519	ok	
val	wl-tile-v1-12128	wl-neg-neg-es-pba-30841	neg-es-pba-30841	0	hard_negative	val	ES	Medorra do Campo das Cruces 2	A Fonsagrada	Carballido (Santa María)		megalithic_mound	0.41447771	573	ok	
val	wl-tile-v1-12129	wl-neg-neg-es-pba-30842	neg-es-pba-30842	0	hard_negative	val	ES	Medorra do Campo das Cruces 4	A Fonsagrada	Carballido (Santa María)		megalithic_mound	0.43679054	533	ok	
val	wl-tile-v1-12130	wl-neg-neg-es-pba-30843	neg-es-pba-30843	0	hard_negative	val	ES	Medorra do Campo das Cruces 5	A Fonsagrada	Carballido (Santa María)		megalithic_mound	0.57398766	340	ok	
val	wl-tile-v1-12120	wl-neg-neg-es-pba-30805	neg-es-pba-30805	0	hard_negative	val	ES	Medorra do Camín Grande 1	A Fonsagrada	Santo André de Logares (Santo Andr‚)		megalithic_mound	0.50616204	423	ok	
val	wl-tile-v1-12121	wl-neg-neg-es-pba-30806	neg-es-pba-30806	0	hard_negative	val	ES	Medorra do Camín Grande 2	A Fonsagrada	Santo André de Logares (Santo Andr‚)		megalithic_mound	0.27715457	928	ok	
val	wl-tile-v1-12122	wl-neg-neg-es-pba-30807	neg-es-pba-30807	0	hard_negative	val	ES	Medorra do Camín Grande 3	A Fonsagrada	Santo André de Logares (Santo Andr‚)		megalithic_mound	0.47022143	478	ok	
val	wl-tile-v1-12123	wl-neg-neg-es-pba-30836	neg-es-pba-30836	0	hard_negative	val	ES	Medorra do Camín Grande 4	A Fonsagrada	Santo André de Logares (Santo Andr‚)		megalithic_mound	0.47487577	471	ok	
val	wl-tile-v1-12124	wl-neg-neg-es-pba-30837	neg-es-pba-30837	0	hard_negative	val	ES	Medorra do Camín Grande 5	A Fonsagrada	Santo André de Logares (Santo Andr‚)		megalithic_mound	0.51841041	403	ok	
val	wl-tile-v1-12131	wl-neg-neg-es-pba-30844	neg-es-pba-30844	0	hard_negative	val	ES	Medorra do Carballín 1	A Fonsagrada	San Martín de Arroxo (San Martín)		megalithic_mound	0.26641366	965	ok	
val	wl-tile-v1-12132	wl-neg-neg-es-pba-30845	neg-es-pba-30845	0	hard_negative	val	ES	Medorra do Carballín 2	A Fonsagrada	Lamas de Moreira (Santa María)		megalithic_mound	0.64162684	280	ok	
val	wl-tile-v1-12139	wl-neg-neg-es-pba-30875	neg-es-pba-30875	0	hard_negative	val	ES	Medorra do Carballín 3	A Fonsagrada	Lamas de Moreira (Santa María)		megalithic_mound	0.50264079	435	ok	
val	wl-tile-v1-12140	wl-neg-neg-es-pba-30876	neg-es-pba-30876	0	hard_negative	val	ES	Medorra do Carballín 4	A Fonsagrada	Lamas de Moreira (Santa María)		megalithic_mound	0.41222297	577	ok	
val	wl-tile-v1-12141	wl-neg-neg-es-pba-30877	neg-es-pba-30877	0	hard_negative	val	ES	Medorra do Carballín 5	A Fonsagrada	San Martín de Arroxo (San Martín)		megalithic_mound	0.40058270	604	ok	
val	wl-tile-v1-12142	wl-neg-neg-es-pba-30878	neg-es-pba-30878	0	hard_negative	val	ES	Medorra do Carballín 6	A Fonsagrada	San Martín de Arroxo (San Martín)		megalithic_mound	0.45605374	501	ok	
val	wl-tile-v1-12143	wl-neg-neg-es-pba-30879	neg-es-pba-30879	0	hard_negative	val	ES	Medorra do Chao do Ventorrillo 1	A Fonsagrada	A Veiga de Logares (Santa María)		megalithic_mound	0.60895164	315	ok	
val	wl-tile-v1-12144	wl-neg-neg-es-pba-30880	neg-es-pba-30880	0	hard_negative	val	ES	Medorra do Chao do Ventorrillo 2	A Fonsagrada	A Veiga de Logares (Santa María)		megalithic_mound	0.70349911	219	ok	
val	wl-tile-v1-12145	wl-neg-neg-es-pba-30881	neg-es-pba-30881	0	hard_negative	val	ES	Medorra do Chao do Ventorrillo 3	A Fonsagrada	A Veiga de Logares (Santa María)		megalithic_mound	0.59540936	322	ok	
val	wl-tile-v1-12146	wl-neg-neg-es-pba-30882	neg-es-pba-30882	0	hard_negative	val	ES	Medorra do Chao do Ventorrillo 4	A Fonsagrada	A Veiga de Logares (Santa María)		megalithic_mound	0.57115924	349	ok	
val	wl-tile-v1-12147	wl-neg-neg-es-pba-30883	neg-es-pba-30883	0	hard_negative	val	ES	Medorra do Chao do Ventorrillo 5	A Fonsagrada	A Veiga de Logares (Santa María)		megalithic_mound	0.50472927	428	ok	
val	wl-tile-v1-12148	wl-neg-neg-es-pba-30884	neg-es-pba-30884	0	hard_negative	val	ES	Medorra do Chao do Ventorrillo 6	A Fonsagrada	A Veiga de Logares (Santa María)		megalithic_mound	0.60559814	319	ok	
val	wl-tile-v1-12158	wl-neg-neg-es-pba-30913	neg-es-pba-30913	0	hard_negative	val	ES	Medorra do Chao do Ventorrillo 7	A Fonsagrada	A Veiga de Logares (Santa María)		megalithic_mound	0.62989056	293	ok	
val	wl-tile-v1-12451	wl-neg-neg-es-pba-32014	neg-es-pba-32014	0	hard_negative	val	ES	Medorra do Cotarro 02	Guitiriz	As Negradas (San Vicenzo)		megalithic_mound	0.37666120	663	ok	
val	wl-tile-v1-12452	wl-neg-neg-es-pba-32015	neg-es-pba-32015	0	hard_negative	val	ES	Medorra do Cotarro 03	Guitiriz	As Negradas (San Vicenzo)		megalithic_mound	0.34232755	744	ok	
val	wl-tile-v1-12453	wl-neg-neg-es-pba-32016	neg-es-pba-32016	0	hard_negative	val	ES	Medorra do Cotarro 04	Guitiriz	As Negradas (San Vicenzo)		megalithic_mound	0.32385929	789	ok	
val	wl-tile-v1-12454	wl-neg-neg-es-pba-32017	neg-es-pba-32017	0	hard_negative	val	ES	Medorra do Cotarro 05	Guitiriz	As Negradas (San Vicenzo)		megalithic_mound	0.38975528	637	ok	
val	wl-tile-v1-12455	wl-neg-neg-es-pba-32018	neg-es-pba-32018	0	hard_negative	val	ES	Medorra do Cotarro 06	Guitiriz	As Negradas (San Vicenzo)		megalithic_mound	0.50573656	425	ok	
val	wl-tile-v1-12456	wl-neg-neg-es-pba-32048	neg-es-pba-32048	0	hard_negative	val	ES	Medorra do Cotarro 07	Guitiriz	As Negradas (San Vicenzo)		megalithic_mound	0.29965989	870	ok	
val	wl-tile-v1-12457	wl-neg-neg-es-pba-32049	neg-es-pba-32049	0	hard_negative	val	ES	Medorra do Cotarro 08	Guitiriz	As Negradas (San Vicenzo)		megalithic_mound	0.47508757	470	ok	
val	wl-tile-v1-12458	wl-neg-neg-es-pba-32050	neg-es-pba-32050	0	hard_negative	val	ES	Medorra do Cotarro 09	Guitiriz	As Negradas (San Vicenzo)		megalithic_mound	0.41455324	572	ok	
val	wl-tile-v1-12459	wl-neg-neg-es-pba-32051	neg-es-pba-32051	0	hard_negative	val	ES	Medorra do Cotarro 12	Guitiriz	As Negradas (San Vicenzo)		megalithic_mound	0.64657730	273	ok	
val	wl-tile-v1-12159	wl-neg-neg-es-pba-30914	neg-es-pba-30914	0	hard_negative	val	ES	Medorra do Coto	A Fonsagrada	Vieiro (Santo Antonio)		megalithic_mound	0.47074447	476	ok	
val	wl-tile-v1-12638	wl-neg-neg-es-pba-36010	neg-es-pba-36010	0	hard_negative	val	ES	Medorra do Coto 1	Outeiro de Rei	San Tomé de Gaioso (San Tom‚)		megalithic_mound	0.80427834	147	ok	
val	wl-tile-v1-12639	wl-neg-neg-es-pba-36011	neg-es-pba-36011	0	hard_negative	val	ES	Medorra do Coto 2	Outeiro de Rei	San Tomé de Gaioso (San Tom‚)		megalithic_mound	0.66649292	250	ok	
val	wl-tile-v1-12160	wl-neg-neg-es-pba-30915	neg-es-pba-30915	0	hard_negative	val	ES	Medorra do Coto dos Frades 6/Modornas de Chao da Lagoa	A Fonsagrada	Santo André de Logares (Santo Andr‚)		megalithic_mound	0.17328381	1235	ok	
val	wl-tile-v1-12460	wl-neg-neg-es-pba-32052	neg-es-pba-32052	0	hard_negative	val	ES	Medorra do Cotón	Guitiriz	Santa Locaia de Parga (Santa Locaia)		megalithic_mound	0.19001044	1179	ok	
val	wl-tile-v1-12640	wl-neg-neg-es-pba-36012	neg-es-pba-36012	0	hard_negative	val	ES	Medorra do Cotón de Francos 1	Outeiro de Rei	Francos (Santiago)		megalithic_mound	0.13613729	1389	ok	
val	wl-tile-v1-12641	wl-neg-neg-es-pba-36013	neg-es-pba-36013	0	hard_negative	val	ES	Medorra do Cotón de Francos 2	Outeiro de Rei	Francos (Santiago)		megalithic_mound	0.20069962	1149	ok	
val	wl-tile-v1-12642	wl-neg-neg-es-pba-36014	neg-es-pba-36014	0	hard_negative	val	ES	Medorra do Cotón de Francos 3	Outeiro de Rei	Francos (Santiago)		megalithic_mound	0.19874893	1155	ok	
val	wl-tile-v1-12643	wl-neg-neg-es-pba-36015	neg-es-pba-36015	0	hard_negative	val	ES	Medorra do Cotón de Paraños 1	Outeiro de Rei	Candai (San Vicente)		megalithic_mound	0.10198038	1511	ok	
val	wl-tile-v1-12605	wl-neg-neg-es-pba-35818	neg-es-pba-35818	0	hard_negative	val	ES	Medorra do Cotón de Paraños 2	Outeiro de Rei	Candai (San Vicente)		megalithic_mound	0.13564195	1391	ok	
val	wl-tile-v1-12606	wl-neg-neg-es-pba-35819	neg-es-pba-35819	0	hard_negative	val	ES	Medorra do Cotón dos Outeiros/Anta de Bravos	Outeiro de Rei	Vicinte (Santa María)		megalithic_mound	0.49282510	448	ok	
val	wl-tile-v1-12461	wl-neg-neg-es-pba-32053	neg-es-pba-32053	0	hard_negative	val	ES	Medorra do Curuto de Torguedo	Guitiriz	As Negradas (San Vicenzo)		megalithic_mound	0.40038905	606	ok	
val	wl-tile-v1-12161	wl-neg-neg-es-pba-30916	neg-es-pba-30916	0	hard_negative	val	ES	Medorra do Freixo	A Fonsagrada	Maderne (San Pedro)		megalithic_mound	0.30417554	858	ok	
val	wl-tile-v1-12462	wl-neg-neg-es-pba-32054	neg-es-pba-32054	0	hard_negative	val	ES	Medorra do Gandarón 1	Guitiriz	Parga (Santo Estevo)		megalithic_mound	0.33776701	752	ok	
val	wl-tile-v1-12463	wl-neg-neg-es-pba-32055	neg-es-pba-32055	0	hard_negative	val	ES	Medorra do Gandarón 2	Guitiriz	Becín (San Xiao)		megalithic_mound	0.58889513	331	ok	
val	wl-tile-v1-12162	wl-neg-neg-es-pba-30917	neg-es-pba-30917	0	hard_negative	val	ES	Medorra do Lomo das Marcadas	A Fonsagrada	O Padrón (San Xoán)		megalithic_mound	0.51147675	414	ok	
val	wl-tile-v1-12607	wl-neg-neg-es-pba-35820	neg-es-pba-35820	0	hard_negative	val	ES	Medorra do Monte	Outeiro de Rei	Bonxe (San Mamede)		megalithic_mound	0.24645642	1015	ok	
val	wl-tile-v1-12163	wl-neg-neg-es-pba-30918	neg-es-pba-30918	0	hard_negative	val	ES	Medorra do Monte Bidueiral 1	A Fonsagrada	San Pedro de Neiro (San Pedro)		megalithic_mound	0.41928114	565	ok	
val	wl-tile-v1-12164	wl-neg-neg-es-pba-30919	neg-es-pba-30919	0	hard_negative	val	ES	Medorra do Monte Bidueiral 2	A Fonsagrada	San Pedro de Neiro (San Pedro)		megalithic_mound	0.38008356	656	ok	
val	wl-tile-v1-12608	wl-neg-neg-es-pba-35821	neg-es-pba-35821	0	hard_negative	val	ES	Medorra do Monte Candai 1	Outeiro de Rei	Candai (San Vicente)		megalithic_mound	0.40953647	584	ok	
val	wl-tile-v1-12609	wl-neg-neg-es-pba-35822	neg-es-pba-35822	0	hard_negative	val	ES	Medorra do Monte Candai 2	Outeiro de Rei	Candai (San Vicente)		megalithic_mound	0.25655506	994	ok	
val	wl-tile-v1-12610	wl-neg-neg-es-pba-35823	neg-es-pba-35823	0	hard_negative	val	ES	Medorra do Monte Candai 3	Outeiro de Rei	Candai (San Vicente)		megalithic_mound	0.27699566	929	ok	
val	wl-tile-v1-12165	wl-neg-neg-es-pba-30920	neg-es-pba-30920	0	hard_negative	val	ES	Medorra do Monte Carballa 1	A Fonsagrada	Monteseiro (San Bartolo)		megalithic_mound	0.08705683	1580	ok	
val	wl-tile-v1-12166	wl-neg-neg-es-pba-30921	neg-es-pba-30921	0	hard_negative	val	ES	Medorra do Monte Carballa 2	A Fonsagrada	Monteseiro (San Bartolo)		megalithic_mound	0.09816969	1528	ok	
val	wl-tile-v1-12167	wl-neg-neg-es-pba-30922	neg-es-pba-30922	0	hard_negative	val	ES	Medorra do Monte Carballa 3	A Fonsagrada	Monteseiro (San Bartolo)		megalithic_mound	0.02411315	1830	ok	
val	wl-tile-v1-12178	wl-neg-neg-es-pba-30953	neg-es-pba-30953	0	hard_negative	val	ES	Medorra do Monte Carballa 4	A Fonsagrada	Monteseiro (San Bartolo)		megalithic_mound	0.09095215	1561	ok	
val	wl-tile-v1-12631	wl-neg-neg-es-pba-35938	neg-es-pba-35938	0	hard_negative	val	ES	Medorra do Monte Matela 1	Outeiro de Rei	Matela (Santa María Madanela)		megalithic_mound	0.34050237	748	ok	
val	wl-tile-v1-12632	wl-neg-neg-es-pba-35939	neg-es-pba-35939	0	hard_negative	val	ES	Medorra do Monte Matela 2	Outeiro de Rei	Matela (Santa María Madanela)		megalithic_mound	0.36194577	692	ok	
val	wl-tile-v1-12646	wl-neg-neg-es-pba-36043	neg-es-pba-36043	0	hard_negative	val	ES	Medorra do Monte Matela 3	Outeiro de Rei	Matela (Santa María Madanela)		megalithic_mound	0.42829221	551	ok	
val	wl-tile-v1-12647	wl-neg-neg-es-pba-36044	neg-es-pba-36044	0	hard_negative	val	ES	Medorra do Monte Matela 4	Outeiro de Rei	Matela (Santa María Madanela)		megalithic_mound	0.32864250	775	ok	
val	wl-tile-v1-12648	wl-neg-neg-es-pba-36045	neg-es-pba-36045	0	hard_negative	val	ES	Medorra do Monte Matela 5	Outeiro de Rei	Matela (Santa María Madanela)		megalithic_mound	0.31254147	824	ok	
val	wl-tile-v1-12649	wl-neg-neg-es-pba-36046	neg-es-pba-36046	0	hard_negative	val	ES	Medorra do Monte Porriño 1	Outeiro de Rei	Candai (San Vicente)		megalithic_mound	0.13790890	1385	ok	
val	wl-tile-v1-12650	wl-neg-neg-es-pba-36047	neg-es-pba-36047	0	hard_negative	val	ES	Medorra do Monte Porriño 2	Outeiro de Rei	San Tomé de Gaioso (San Tom‚)		megalithic_mound	0.13428835	1398	ok	
val	wl-tile-v1-12651	wl-neg-neg-es-pba-36048	neg-es-pba-36048	0	hard_negative	val	ES	Medorra do Monte Porriño 3	Outeiro de Rei	San Tomé de Gaioso (San Tom‚)		megalithic_mound	0.17426245	1230	ok	
val	wl-tile-v1-12611	wl-neg-neg-es-pba-35824	neg-es-pba-35824	0	hard_negative	val	ES	Medorra do Monte de Bravos/Medorra das Penas da	Outeiro de Rei	Vicinte (Santa María)		megalithic_mound	0.60610592	317	ok	
val	wl-tile-v1-12612	wl-neg-neg-es-pba-35825	neg-es-pba-35825	0	hard_negative	val	ES	Medorra do Monte de Santa Mariña 1	Outeiro de Rei	Santa Mariña (Santa María)		megalithic_mound	0.48128245	461	ok	
val	wl-tile-v1-12613	wl-neg-neg-es-pba-35826	neg-es-pba-35826	0	hard_negative	val	ES	Medorra do Monte de Santa Mariña 10	Outeiro de Rei	Outeiro de Rei (San Xoán)		megalithic_mound	0.43222879	545	ok	
val	wl-tile-v1-12614	wl-neg-neg-es-pba-35827	neg-es-pba-35827	0	hard_negative	val	ES	Medorra do Monte de Santa Mariña 11	Outeiro de Rei	Outeiro de Rei (San Xoán)		megalithic_mound	0.22123130	1087	ok	
val	wl-tile-v1-12623	wl-neg-neg-es-pba-35930	neg-es-pba-35930	0	hard_negative	val	ES	Medorra do Monte de Santa Mariña 2	Outeiro de Rei	Santa Mariña (Santa María)		megalithic_mound	0.44384922	525	ok	
val	wl-tile-v1-12624	wl-neg-neg-es-pba-35931	neg-es-pba-35931	0	hard_negative	val	ES	Medorra do Monte de Santa Mariña 3	Outeiro de Rei	Santa Mariña (Santa María)		megalithic_mound	0.64734947	270	ok	
val	wl-tile-v1-12625	wl-neg-neg-es-pba-35932	neg-es-pba-35932	0	hard_negative	val	ES	Medorra do Monte de Santa Mariña 4	Outeiro de Rei	Outeiro de Rei (San Xoán)		megalithic_mound	0.65822928	257	ok	
val	wl-tile-v1-12626	wl-neg-neg-es-pba-35933	neg-es-pba-35933	0	hard_negative	val	ES	Medorra do Monte de Santa Mariña 5	Outeiro de Rei	Outeiro de Rei (San Xoán)		megalithic_mound	0.66859486	247	ok	
val	wl-tile-v1-12627	wl-neg-neg-es-pba-35934	neg-es-pba-35934	0	hard_negative	val	ES	Medorra do Monte de Santa Mariña 6	Outeiro de Rei	Outeiro de Rei (San Xoán)		megalithic_mound	0.55550307	370	ok	
val	wl-tile-v1-12628	wl-neg-neg-es-pba-35935	neg-es-pba-35935	0	hard_negative	val	ES	Medorra do Monte de Santa Mariña 7	Outeiro de Rei	Outeiro de Rei (San Xoán)		megalithic_mound	0.59404233	324	ok	
val	wl-tile-v1-12629	wl-neg-neg-es-pba-35936	neg-es-pba-35936	0	hard_negative	val	ES	Medorra do Monte de Santa Mariña 8	Outeiro de Rei	Outeiro de Rei (San Xoán)		megalithic_mound	0.26741613	961	ok	
val	wl-tile-v1-12630	wl-neg-neg-es-pba-35937	neg-es-pba-35937	0	hard_negative	val	ES	Medorra do Monte de Santa Mariña 9	Outeiro de Rei	Santa Mariña (Santa María)		megalithic_mound	0.40014503	610	ok	
val	wl-tile-v1-12464	wl-neg-neg-es-pba-32057	neg-es-pba-32057	0	hard_negative	val	ES	Medorra do Monte de Vilar 1	Guitiriz	Vilar (Santa María)		megalithic_mound	0.17435520	1228	ok	
val	wl-tile-v1-12465	wl-neg-neg-es-pba-32058	neg-es-pba-32058	0	hard_negative	val	ES	Medorra do Monte de Vilar 2	Guitiriz	Vilar (Santa María)		megalithic_mound	0.12789115	1423	ok	
val	wl-tile-v1-12179	wl-neg-neg-es-pba-30954	neg-es-pba-30954	0	hard_negative	val	ES	Medorra do Pando 1	A Fonsagrada	Vieiro (Santo Antonio)		megalithic_mound	0.34420368	738	ok	
val	wl-tile-v1-12180	wl-neg-neg-es-pba-30955	neg-es-pba-30955	0	hard_negative	val	ES	Medorra do Pando 2	A Fonsagrada	Vieiro (Santo Antonio)		megalithic_mound	0.38102853	654	ok	
val	wl-tile-v1-12181	wl-neg-neg-es-pba-30956	neg-es-pba-30956	0	hard_negative	val	ES	Medorra do Pico de Provida 1	A Fonsagrada	A Bastida (San Miguel)		megalithic_mound	0.43128025	547	ok	
val	wl-tile-v1-12182	wl-neg-neg-es-pba-30957	neg-es-pba-30957	0	hard_negative	val	ES	Medorra do Pico de Provida 2	A Fonsagrada	A Bastida (San Miguel)		megalithic_mound	0.65718027	259	ok	
val	wl-tile-v1-12183	wl-neg-neg-es-pba-30958	neg-es-pba-30958	0	hard_negative	val	ES	Medorra do Pico do Guencio 1	A Fonsagrada	Cabanela (Santa María)		megalithic_mound	0.53628405	387	ok	
val	wl-tile-v1-12184	wl-neg-neg-es-pba-30959	neg-es-pba-30959	0	hard_negative	val	ES	Medorra do Pico do Guencio 2	A Fonsagrada	Lamas de Moreira (Santa María)		megalithic_mound	0.20901838	1127	ok	
val	wl-tile-v1-12185	wl-neg-neg-es-pba-30960	neg-es-pba-30960	0	hard_negative	val	ES	Medorra do Pico do Guencio 3	A Fonsagrada	Lamas de Moreira (Santa María)		megalithic_mound	0.18081803	1216	ok	
val	wl-tile-v1-12186	wl-neg-neg-es-pba-30961	neg-es-pba-30961	0	hard_negative	val	ES	Medorra do Pico do Guencio 4	A Fonsagrada	Lamas de Moreira (Santa María)		megalithic_mound	0.17551584	1227	ok	
val	wl-tile-v1-12197	wl-neg-neg-es-pba-30991	neg-es-pba-30991	0	hard_negative	val	ES	Medorra do Pico do Guencio 5	A Fonsagrada	Lamas de Moreira (Santa María)		megalithic_mound	0.20173998	1146	ok	
val	wl-tile-v1-12198	wl-neg-neg-es-pba-30992	neg-es-pba-30992	0	hard_negative	val	ES	Medorra do Picón	A Fonsagrada	Pacios (Santa María)		megalithic_mound	0.48225758	460	ok	
val	wl-tile-v1-12466	wl-neg-neg-es-pba-32087	neg-es-pba-32087	0	hard_negative	val	ES	Medorra do Semillero 1	Guitiriz	San Breixo de Parga (San Breixo)		megalithic_mound	0.22105047	1088	ok	
val	wl-tile-v1-12199	wl-neg-neg-es-pba-30993	neg-es-pba-30993	0	hard_negative	val	ES	Medorra do Teso da Puntilliña 1	A Fonsagrada	Pacios (Santa María)		megalithic_mound	0.33527813	759	ok	
val	wl-tile-v1-12200	wl-neg-neg-es-pba-30994	neg-es-pba-30994	0	hard_negative	val	ES	Medorra do Teso da Puntilliña 2	A Fonsagrada	Pacios (Santa María)		megalithic_mound	0.56733756	352	ok	
val	wl-tile-v1-12201	wl-neg-neg-es-pba-30995	neg-es-pba-30995	0	hard_negative	val	ES	Medorra do Teso da Puntilliña 3	A Fonsagrada	Pacios (Santa María)		megalithic_mound	0.45489205	505	ok	
val	wl-tile-v1-12202	wl-neg-neg-es-pba-30996	neg-es-pba-30996	0	hard_negative	val	ES	Medorra do Tombo	A Fonsagrada	Lamas de Moreira (Santa María)		megalithic_mound	0.21383734	1115	ok	
val	wl-tile-v1-12203	wl-neg-neg-es-pba-30997	neg-es-pba-30997	0	hard_negative	val	ES	Medorra dos Chaos 3	A Fonsagrada	San Martín de Arroxo (San Martín)		megalithic_mound	0.16822084	1254	ok	
val	wl-tile-v1-12204	wl-neg-neg-es-pba-30998	neg-es-pba-30998	0	hard_negative	val	ES	Medorra dos Piagos 1	A Fonsagrada	O Trobo (Santa María)		megalithic_mound	0.27588204	934	ok	
val	wl-tile-v1-12205	wl-neg-neg-es-pba-30999	neg-es-pba-30999	0	hard_negative	val	ES	Medorra dos Piagos 2	A Fonsagrada	O Trobo (Santa María)		megalithic_mound	0.49136274	449	ok	
val	wl-tile-v1-11995	wl-neg-neg-es-pba-13850	neg-es-pba-13850	0	hard_negative	val	ES	Medoña da Anta 3	Monfero	Taboada (Santa Mariña)		megalithic_mound	0.23532088	1051	ok	
val	wl-tile-v1-12501	wl-neg-neg-es-pba-32277	neg-es-pba-32277	0	hard_negative	val	ES	Medoña da Avieira	Guitiriz	Trasparga (Santiago)		megalithic_mound	0.37187831	676	ok	
val	wl-tile-v1-12502	wl-neg-neg-es-pba-32278	neg-es-pba-32278	0	hard_negative	val	ES	Medoña da Cova da Serpe	Guitiriz	As Negradas (San Vicenzo)		megalithic_mound	0.20659551	1133	ok	
val	wl-tile-v1-12503	wl-neg-neg-es-pba-32279	neg-es-pba-32279	0	hard_negative	val	ES	Medoña da Ermita de San Vitorio	Guitiriz	Labrada (Santa María)		megalithic_mound	0.38822900	640	ok	
val	wl-tile-v1-12504	wl-neg-neg-es-pba-32280	neg-es-pba-32280	0	hard_negative	val	ES	Medoña da Forca Vella	Guitiriz	Os Vilares (San Vicenzo)		megalithic_mound	0.50611084	424	ok	
val	wl-tile-v1-12505	wl-neg-neg-es-pba-32281	neg-es-pba-32281	0	hard_negative	val	ES	Medoña da Gándara 1	Guitiriz	Pedrafita (San Mamede)		megalithic_mound	0.46108361	493	ok	
val	wl-tile-v1-12506	wl-neg-neg-es-pba-32312	neg-es-pba-32312	0	hard_negative	val	ES	Medoña da Gándara 2	Guitiriz	Pedrafita (San Mamede)		megalithic_mound	0.35413194	712	ok	
val	wl-tile-v1-11996	wl-neg-neg-es-pba-13889	neg-es-pba-13889	0	hard_negative	val	ES	Medoña da Mámoa	Monfero	San Fiz de Monfero (San Fiz)		megalithic_mound	0.28592406	907	ok	
val	wl-tile-v1-12507	wl-neg-neg-es-pba-32313	neg-es-pba-32313	0	hard_negative	val	ES	Medoña da Pena das Portas Gallas 1	Guitiriz	O Buriz (San Pedro)		megalithic_mound	0.44443755	522	ok	
val	wl-tile-v1-12508	wl-neg-neg-es-pba-32314	neg-es-pba-32314	0	hard_negative	val	ES	Medoña da Pena das Portas Gallas 2	Guitiriz	O Buriz (San Pedro)		megalithic_mound	0.28599537	906	ok	
val	wl-tile-v1-12509	wl-neg-neg-es-pba-32315	neg-es-pba-32315	0	hard_negative	val	ES	Medoña da Pena dos Corvos	Guitiriz	Labrada (Santa María)		megalithic_mound	0.24974308	1010	ok	
val	wl-tile-v1-12510	wl-neg-neg-es-pba-32316	neg-es-pba-32316	0	hard_negative	val	ES	Medoña da Pena dos Nenos	Guitiriz	Labrada (Santa María)		megalithic_mound	0.35485101	711	ok	
val	wl-tile-v1-12511	wl-neg-neg-es-pba-32317	neg-es-pba-32317	0	hard_negative	val	ES	Medoña da Picota 1	Guitiriz	Santa Mariña de Lagostelle (Santa Mariña)		megalithic_mound	0.47720896	468	ok	
val	wl-tile-v1-12512	wl-neg-neg-es-pba-32318	neg-es-pba-32318	0	hard_negative	val	ES	Medoña da Picota 2	Guitiriz	Santa Mariña de Lagostelle (Santa Mariña)		megalithic_mound	0.53831895	386	ok	
val	wl-tile-v1-12513	wl-neg-neg-es-pba-32319	neg-es-pba-32319	0	hard_negative	val	ES	Medoña da Pingalleta (Portascoira)	Guitiriz	Mariz (Santa Eulalia)		megalithic_mound	0.48369090	456	ok	
val	wl-tile-v1-12514	wl-neg-neg-es-pba-32320	neg-es-pba-32320	0	hard_negative	val	ES	Medoña da Regina 1	Guitiriz	Pedrafita (San Mamede)		megalithic_mound	0.47242273	475	ok	
val	wl-tile-v1-12515	wl-neg-neg-es-pba-32321	neg-es-pba-32321	0	hard_negative	val	ES	Medoña da Regina 2	Guitiriz	Pedrafita (San Mamede)		megalithic_mound	0.54750845	374	ok	
val	wl-tile-v1-12516	wl-neg-neg-es-pba-32322	neg-es-pba-32322	0	hard_negative	val	ES	Medoña da Regina 3	Guitiriz	Pedrafita (San Mamede)		megalithic_mound	0.45995911	495	ok	
val	wl-tile-v1-12517	wl-neg-neg-es-pba-32351	neg-es-pba-32351	0	hard_negative	val	ES	Medoña da Retorta 1	Guitiriz	San Breixo de Parga (San Breixo)		megalithic_mound	0.22833911	1072	ok	
val	wl-tile-v1-12518	wl-neg-neg-es-pba-32352	neg-es-pba-32352	0	hard_negative	val	ES	Medoña da Retorta 2	Guitiriz	San Breixo de Parga (San Breixo)		megalithic_mound	0.13343770	1404	ok	
val	wl-tile-v1-12519	wl-neg-neg-es-pba-32353	neg-es-pba-32353	0	hard_negative	val	ES	Medoña da Roza da Modia Grande I-1	Guitiriz	O Buriz (San Pedro)		megalithic_mound	0.32940704	774	ok	
val	wl-tile-v1-12520	wl-neg-neg-es-pba-32354	neg-es-pba-32354	0	hard_negative	val	ES	Medoña da Roza da Modia Grande II-1	Guitiriz	O Buriz (San Pedro)		megalithic_mound	0.55673875	366	ok	
val	wl-tile-v1-12521	wl-neg-neg-es-pba-32355	neg-es-pba-32355	0	hard_negative	val	ES	Medoña da Roza da Modia Grande II-2	Guitiriz	O Buriz (San Pedro)		megalithic_mound	0.75354110	184	ok	
val	wl-tile-v1-12522	wl-neg-neg-es-pba-32356	neg-es-pba-32356	0	hard_negative	val	ES	Medoña da Serra da Loba 1	Guitiriz	Labrada (Santa María)		megalithic_mound	0.48084708	462	ok	
val	wl-tile-v1-12523	wl-neg-neg-es-pba-32357	neg-es-pba-32357	0	hard_negative	val	ES	Medoña da Serra da Loba 3	Guitiriz	Labrada (Santa María)		megalithic_mound	0.25976083	986	ok	
val	wl-tile-v1-12524	wl-neg-neg-es-pba-32358	neg-es-pba-32358	0	hard_negative	val	ES	Medoña da Serra da Loba 4	Guitiriz	Labrada (Santa María)		megalithic_mound	0.32147562	798	ok	
val	wl-tile-v1-12525	wl-neg-neg-es-pba-32359	neg-es-pba-32359	0	hard_negative	val	ES	Medoña das Casillas/Augas Longas	Guitiriz	Santa Mariña de Lagostelle (Santa Mariña)		megalithic_mound	0.76339119	177	ok	
val	wl-tile-v1-12526	wl-neg-neg-es-pba-32360	neg-es-pba-32360	0	hard_negative	val	ES	Medoña de Albardillas	Guitiriz	Pígara (San Pedro)		megalithic_mound	0.14496480	1356	ok	
val	wl-tile-v1-12527	wl-neg-neg-es-pba-32361	neg-es-pba-32361	0	hard_negative	val	ES	Medoña de Cabaliño 1	Guitiriz	Pedrafita (San Mamede)		megalithic_mound	0.18790317	1188	ok	
val	wl-tile-v1-12528	wl-neg-neg-es-pba-32389	neg-es-pba-32389	0	hard_negative	val	ES	Medoña de Cabaliño 2	Guitiriz	Pedrafita (San Mamede)		megalithic_mound	0.39308950	624	ok	
val	wl-tile-v1-12529	wl-neg-neg-es-pba-32390	neg-es-pba-32390	0	hard_negative	val	ES	Medoña de Cabaliño 3	Guitiriz	Pedrafita (San Mamede)		megalithic_mound	0.34261311	741	ok	
val	wl-tile-v1-12530	wl-neg-neg-es-pba-32391	neg-es-pba-32391	0	hard_negative	val	ES	Medoña de Candieiro/O Tumbelo 2	Guitiriz	Labrada (Santa María)		megalithic_mound	0.33418961	763	ok	
val	wl-tile-v1-12531	wl-neg-neg-es-pba-32392	neg-es-pba-32392	0	hard_negative	val	ES	Medoña de Fonte de Pedrasos	Guitiriz	Os Vilares (San Vicenzo)		megalithic_mound	0.19160288	1171	ok	
val	wl-tile-v1-12532	wl-neg-neg-es-pba-32393	neg-es-pba-32393	0	hard_negative	val	ES	Medoña de Formosa 1	Guitiriz	Labrada (Santa María)		megalithic_mound	0.40132485	603	ok	
val	wl-tile-v1-12533	wl-neg-neg-es-pba-32394	neg-es-pba-32394	0	hard_negative	val	ES	Medoña de Formosa 2	Guitiriz	Labrada (Santa María)		megalithic_mound	0.34266094	740	ok	
val	wl-tile-v1-12534	wl-neg-neg-es-pba-32395	neg-es-pba-32395	0	hard_negative	val	ES	Medoña de Formosa 3	Guitiriz	Labrada (Santa María)		megalithic_mound	0.44428984	523	ok	
val	wl-tile-v1-12535	wl-neg-neg-es-pba-32396	neg-es-pba-32396	0	hard_negative	val	ES	Medoña de Lavamás 1	Guitiriz	Trasparga (Santiago)		megalithic_mound	0.48250277	459	ok	
val	wl-tile-v1-12536	wl-neg-neg-es-pba-32397	neg-es-pba-32397	0	hard_negative	val	ES	Medoña de Lavamás 2	Guitiriz	Trasparga (Santiago)		megalithic_mound	0.39168382	629	ok	
val	wl-tile-v1-12537	wl-neg-neg-es-pba-32398	neg-es-pba-32398	0	hard_negative	val	ES	Medoña de Loma do Outeiro Queimado	Guitiriz	Santa Mariña de Lagostelle (Santa Mariña)		megalithic_mound	0.51755634	404	ok	
val	wl-tile-v1-12538	wl-neg-neg-es-pba-32399	neg-es-pba-32399	0	hard_negative	val	ES	Medoña de Marco do Portovello	Guitiriz	Santa Mariña de Lagostelle (Santa Mariña)		megalithic_mound	0.40021801	609	ok	
val	wl-tile-v1-12539	wl-neg-neg-es-pba-32428	neg-es-pba-32428	0	hard_negative	val	ES	Medoña de Monte do Lombo 1	Guitiriz	O Buriz (San Pedro)		megalithic_mound	0.31182955	826	ok	
val	wl-tile-v1-12540	wl-neg-neg-es-pba-32429	neg-es-pba-32429	0	hard_negative	val	ES	Medoña de Monte do Lombo 2	Guitiriz	O Buriz (San Pedro)		megalithic_mound	0.36292899	689	ok	
val	wl-tile-v1-12541	wl-neg-neg-es-pba-32430	neg-es-pba-32430	0	hard_negative	val	ES	Medoña de Pena Blanca 1	Guitiriz	Pígara (San Pedro)		megalithic_mound	0.69080342	232	ok	
val	wl-tile-v1-12542	wl-neg-neg-es-pba-32431	neg-es-pba-32431	0	hard_negative	val	ES	Medoña de Pena Blanca 2	Guitiriz	Pígara (San Pedro)		megalithic_mound	0.54121362	381	ok	
val	wl-tile-v1-12546	wl-neg-neg-es-pba-32435	neg-es-pba-32435	0	hard_negative	val	ES	Medoña de Pena Gallada	Guitiriz	Roca (San Xiao)		megalithic_mound	0.39929360	612	ok	
val	wl-tile-v1-12547	wl-neg-neg-es-pba-32436	neg-es-pba-32436	0	hard_negative	val	ES	Medoña de Pena Redonda	Guitiriz	Os Vilares (San Vicenzo)		megalithic_mound	0.71648085	209	ok	
val	wl-tile-v1-12543	wl-neg-neg-es-pba-32432	neg-es-pba-32432	0	hard_negative	val	ES	Medoña de Pena do Toxo 1	Guitiriz	O Buriz (San Pedro)		megalithic_mound	0.42869992	549	ok	
val	wl-tile-v1-12544	wl-neg-neg-es-pba-32433	neg-es-pba-32433	0	hard_negative	val	ES	Medoña de Pena do Toxo 2	Guitiriz	O Buriz (San Pedro)		megalithic_mound	0.21984755	1093	ok	
val	wl-tile-v1-12545	wl-neg-neg-es-pba-32434	neg-es-pba-32434	0	hard_negative	val	ES	Medoña de Pena do Toxo 3	Guitiriz	O Buriz (San Pedro)		megalithic_mound	0.24456681	1020	ok	
val	wl-tile-v1-12548	wl-neg-neg-es-pba-32437	neg-es-pba-32437	0	hard_negative	val	ES	Medoña de Penas do Fro	Guitiriz	San Breixo de Parga (San Breixo)		megalithic_mound	0.21301026	1119	ok	
val	wl-tile-v1-12549	wl-neg-neg-es-pba-32438	neg-es-pba-32438	0	hard_negative	val	ES	Medoña de Por Riba do Aro	Guitiriz	Pedrafita (San Mamede)		megalithic_mound	0.32710671	781	ok	
val	wl-tile-v1-12404	wl-neg-neg-es-pba-31846	neg-es-pba-31846	0	hard_negative	val	ES	Medoña de Porto Vilariño	Guitiriz	Lagostelle (San Xoán)		megalithic_mound	0.36087483	694	ok	
val	wl-tile-v1-12405	wl-neg-neg-es-pba-31847	neg-es-pba-31847	0	hard_negative	val	ES	Medoña de Tras os Curros 2	Guitiriz	Santa Cruz de Parga (Santa Cruz)		megalithic_mound	0.22262280	1084	ok	
val	wl-tile-v1-12406	wl-neg-neg-es-pba-31848	neg-es-pba-31848	0	hard_negative	val	ES	Medoña de Tras os Curros 3	Guitiriz	Santa Cruz de Parga (Santa Cruz)		megalithic_mound	0.38548233	646	ok	
val	wl-tile-v1-12407	wl-neg-neg-es-pba-31849	neg-es-pba-31849	0	hard_negative	val	ES	Medoña de Xur das Castiñeiras	Guitiriz	Lagostelle (San Xoán)		megalithic_mound	0.37438547	670	ok	
val	wl-tile-v1-12408	wl-neg-neg-es-pba-31850	neg-es-pba-31850	0	hard_negative	val	ES	Medoña debaixo do Pico Pequeno	Guitiriz	O Buriz (San Pedro)		megalithic_mound	0.22513140	1080	ok	
val	wl-tile-v1-12409	wl-neg-neg-es-pba-31852	neg-es-pba-31852	0	hard_negative	val	ES	Medoña do Cadaval (O Pilreo) 1	Guitiriz	O Buriz (San Pedro)		megalithic_mound	0.27872303	920	ok	
val	wl-tile-v1-12410	wl-neg-neg-es-pba-31853	neg-es-pba-31853	0	hard_negative	val	ES	Medoña do Cadaval (O Pilreo) 2	Guitiriz	O Buriz (San Pedro)		megalithic_mound	0.30694441	849	ok	
val	wl-tile-v1-12411	wl-neg-neg-es-pba-31854	neg-es-pba-31854	0	hard_negative	val	ES	Medoña do Cadaval (O Pilreo) 3	Guitiriz	O Buriz (San Pedro)		megalithic_mound	0.22693864	1076	ok	
val	wl-tile-v1-11997	wl-neg-neg-es-pba-14041	neg-es-pba-14041	0	hard_negative	val	ES	Medoña do Campo da Mama	Monfero	San Fiz de Monfero (San Fiz)		megalithic_mound	0.40517109	598	ok	
val	wl-tile-v1-12412	wl-neg-neg-es-pba-31856	neg-es-pba-31856	0	hard_negative	val	ES	Medoña do Cordal de Bernaldo	Guitiriz	Labrada (Santa María)		megalithic_mound	0.64593871	275	ok	
val	wl-tile-v1-12413	wl-neg-neg-es-pba-31885	neg-es-pba-31885	0	hard_negative	val	ES	Medoña do Cotón da Vixía	Guitiriz	Santa Mariña de Lagostelle (Santa Mariña)		megalithic_mound	0.31144655	829	ok	
val	wl-tile-v1-12414	wl-neg-neg-es-pba-31886	neg-es-pba-31886	0	hard_negative	val	ES	Medoña do Cruceiro de Riotorto	Guitiriz	O Buriz (San Pedro)		megalithic_mound	0.20961211	1125	ok	
val	wl-tile-v1-12415	wl-neg-neg-es-pba-31887	neg-es-pba-31887	0	hard_negative	val	ES	Medoña do Galiñeiro 1/Medo¤a de Caínzos	Guitiriz	Labrada (Santa María)		megalithic_mound	0.57189664	347	ok	
val	wl-tile-v1-12416	wl-neg-neg-es-pba-31888	neg-es-pba-31888	0	hard_negative	val	ES	Medoña do Galiñeiro 2	Guitiriz	Labrada (Santa María)		megalithic_mound	0.31661941	807	ok	
val	wl-tile-v1-12417	wl-neg-neg-es-pba-31889	neg-es-pba-31889	0	hard_negative	val	ES	Medoña do Galiñeiro 3	Guitiriz	Labrada (Santa María)		megalithic_mound	0.25180969	1006	ok	
val	wl-tile-v1-12418	wl-neg-neg-es-pba-31890	neg-es-pba-31890	0	hard_negative	val	ES	Medoña do Galiñeiro 4	Guitiriz	Labrada (Santa María)		megalithic_mound	0.27737516	927	ok	
val	wl-tile-v1-12419	wl-neg-neg-es-pba-31891	neg-es-pba-31891	0	hard_negative	val	ES	Medoña do Marco da Picota	Guitiriz	Santa Mariña de Lagostelle (Santa Mariña)		megalithic_mound	0.81119612	143	ok	
val	wl-tile-v1-12420	wl-neg-neg-es-pba-31892	neg-es-pba-31892	0	hard_negative	val	ES	Medoña do Monte de Fro 2	Guitiriz	San Breixo de Parga (San Breixo)		megalithic_mound	0.23734993	1041	ok	
val	wl-tile-v1-12421	wl-neg-neg-es-pba-31893	neg-es-pba-31893	0	hard_negative	val	ES	Medoña do Monte do Fro 1	Guitiriz	San Breixo de Parga (San Breixo)		megalithic_mound	0.19150065	1172	ok	
val	wl-tile-v1-12422	wl-neg-neg-es-pba-31894	neg-es-pba-31894	0	hard_negative	val	ES	Medoña do Monte do Fro 3	Guitiriz	San Breixo de Parga (San Breixo)		megalithic_mound	0.18074424	1217	ok	
val	wl-tile-v1-12423	wl-neg-neg-es-pba-31895	neg-es-pba-31895	0	hard_negative	val	ES	Medoña do Outeiro 1	Guitiriz	O Buriz (San Pedro)		megalithic_mound	0.30877554	838	ok	
val	wl-tile-v1-12424	wl-neg-neg-es-pba-31927	neg-es-pba-31927	0	hard_negative	val	ES	Medoña do Pico Grande	Guitiriz	Labrada (Santa María)		megalithic_mound	0.63172730	290	ok	
val	wl-tile-v1-11998	wl-neg-neg-es-pba-14149	neg-es-pba-14149	0	hard_negative	val	ES	Medoña do Pico da Meda 2	Monfero	O Alto de Xestoso (Santa María)		megalithic_mound	0.13884053	1382	ok	
val	wl-tile-v1-12425	wl-neg-neg-es-pba-31928	neg-es-pba-31928	0	hard_negative	val	ES	Medoña do Pilreo 2	Guitiriz	O Buriz (San Pedro)		megalithic_mound	0.26518026	971	ok	
val	wl-tile-v1-12426	wl-neg-neg-es-pba-31929	neg-es-pba-31929	0	hard_negative	val	ES	Medoña do Pilreo 3	Guitiriz	O Buriz (San Pedro)		megalithic_mound	0.36290218	690	ok	
val	wl-tile-v1-12427	wl-neg-neg-es-pba-31930	neg-es-pba-31930	0	hard_negative	val	ES	Medoña do Pilreo 4	Guitiriz	O Buriz (San Pedro)		megalithic_mound	0.40037174	607	ok	
val	wl-tile-v1-12428	wl-neg-neg-es-pba-31931	neg-es-pba-31931	0	hard_negative	val	ES	Medoña do Porco	Guitiriz	Labrada (Santa María)		megalithic_mound	0.26972825	952	ok	
val	wl-tile-v1-12429	wl-neg-neg-es-pba-31932	neg-es-pba-31932	0	hard_negative	val	ES	Medoña do Rego da Loba 1	Guitiriz	Santa Mariña de Lagostelle (Santa Mariña)		megalithic_mound	0.44308557	527	ok	
val	wl-tile-v1-12430	wl-neg-neg-es-pba-31933	neg-es-pba-31933	0	hard_negative	val	ES	Medoña do Rego da Loba 2	Guitiriz	Santa Mariña de Lagostelle (Santa Mariña)		megalithic_mound	0.32268037	793	ok	
val	wl-tile-v1-12431	wl-neg-neg-es-pba-31934	neg-es-pba-31934	0	hard_negative	val	ES	Medoña do Semillero 2	Guitiriz	San Breixo de Parga (San Breixo)		megalithic_mound	0.30839021	843	ok	
val	wl-tile-v1-12432	wl-neg-neg-es-pba-31935	neg-es-pba-31935	0	hard_negative	val	ES	Medoña do Vieiro 1	Guitiriz	Santa Cruz de Parga (Santa Cruz)		megalithic_mound	0.12828769	1420	ok	
val	wl-tile-v1-12433	wl-neg-neg-es-pba-31936	neg-es-pba-31936	0	hard_negative	val	ES	Medoña do Vieiro 2	Guitiriz	Santa Cruz de Parga (Santa Cruz)		megalithic_mound	0.16645207	1261	ok	
val	wl-tile-v1-12434	wl-neg-neg-es-pba-31967	neg-es-pba-31967	0	hard_negative	val	ES	Medoña dos Pedrazos	Guitiriz	Lagostelle (San Xoán)		megalithic_mound	0.64614573	274	ok	
val	wl-tile-v1-12435	wl-neg-neg-es-pba-31968	neg-es-pba-31968	0	hard_negative	val	ES	Medoña dos Penedos	Guitiriz	Santa Mariña de Lagostelle (Santa Mariña)		megalithic_mound	0.43264684	543	ok	
val	wl-tile-v1-12436	wl-neg-neg-es-pba-31969	neg-es-pba-31969	0	hard_negative	val	ES	Medoñas de Tras os Curros	Guitiriz	Santa Cruz de Parga (Santa Cruz)		megalithic_mound	0.27300967	945	ok	
val	wl-tile-v1-12216	wl-neg-neg-es-pba-31028	neg-es-pba-31028	0	hard_negative	val	ES	Menhir de Pedra Dereita	A Fonsagrada	O Padrón (San Xoán)		megalithic_mound	0.41404600	575	ok	
val	wl-tile-v1-12676	wl-neg-neg-es-pba-51071	neg-es-pba-51071	0	hard_negative	val	ES	Miliario da Lama do Picón	Lobios	Río Caldo (Santa María)		roman_built_context	0.06307061	1688	ok	
val	wl-tile-v1-12675	wl-neg-neg-es-pba-51070	neg-es-pba-51070	0	hard_negative	val	ES	Miliario da capela de Santa Lucía	Lobios	Río Caldo (Santa María)		roman_built_context	0.27576562	936	ok	
val	wl-tile-v1-12677	wl-neg-neg-es-pba-51072	neg-es-pba-51072	0	hard_negative	val	ES	Miliario das Mouruás	Lobios	Río Caldo (Santa María)		roman_built_context	0.26397113	976	ok	
val	wl-tile-v1-12678	wl-neg-neg-es-pba-51103	neg-es-pba-51103	0	hard_negative	val	ES	Miliario de Corgo do Outeiro do Porco	Lobios	Río Caldo (Santa María)		roman_built_context	0.01976540	1838	ok	
val	wl-tile-v1-12679	wl-neg-neg-es-pba-51104	neg-es-pba-51104	0	hard_negative	val	ES	Miliario de Torneiros	Lobios	Río Caldo (Santa María)		roman_built_context	0.29599081	884	ok	
val	wl-tile-v1-12680	wl-neg-neg-es-pba-51105	neg-es-pba-51105	0	hard_negative	val	ES	Miliario de Vilameá	Lobios	Río Caldo (Santa María)		roman_built_context	0.25551139	995	ok	
val	wl-tile-v1-12681	wl-neg-neg-es-pba-51106	neg-es-pba-51106	0	hard_negative	val	ES	Miliario de Xendive	Lobios	Torno (San Salvador)		roman_built_context	0.49343051	447	ok	
val	wl-tile-v1-12682	wl-neg-neg-es-pba-51107	neg-es-pba-51107	0	hard_negative	val	ES	Miliario do Chan dos Pasteroques	Lobios	Río Caldo (Santa María)		roman_built_context	0.00589454	1845	ok	
val	wl-tile-v1-12306	wl-neg-neg-es-pba-29677	neg-es-pba-29677	0	hard_negative	val	ES	Mina da Granda da Airiña	Cervantes	Cereixedo (Santiago)		mining_or_quarry	0.00414953	1848	ok	
val	wl-tile-v1-12894	wl-neg-neg-es-pba-62167	neg-es-pba-62167	0	hard_negative	val	ES	Mina da Senriña	Cambados	Castrelo (Santa Cruz)		mining_or_quarry	0.08851787	1573	ok	
val	wl-tile-v1-12217	wl-neg-neg-es-pba-31029	neg-es-pba-31029	0	hard_negative	val	ES	Mina da Veiga de Eirexa	A Fonsagrada	Maderne (San Pedro)		mining_or_quarry	0.11978514	1452	ok	
val	wl-tile-v1-12307	wl-neg-neg-es-pba-29678	neg-es-pba-29678	0	hard_negative	val	ES	Mina da Volta do Val	Cervantes	Cereixedo (Santiago)		mining_or_quarry	0.04890778	1753	ok	
val	wl-tile-v1-12218	wl-neg-neg-es-pba-31030	neg-es-pba-31030	0	hard_negative	val	ES	Mina de Casas de Penide/O Portalón	A Fonsagrada	O Trobo (Santa María)		mining_or_quarry	0.09762460	1531	ok	
val	wl-tile-v1-12219	wl-neg-neg-es-pba-31031	neg-es-pba-31031	0	hard_negative	val	ES	Mina de Foxo	A Fonsagrada	O Trobo (Santa María)		mining_or_quarry	0.00282410	1850	ok	
val	wl-tile-v1-12220	wl-neg-neg-es-pba-31032	neg-es-pba-31032	0	hard_negative	val	ES	Mina de Noceda	A Fonsagrada	O Trobo (Santa María)		mining_or_quarry	0.00375111	1849	ok	
val	wl-tile-v1-12221	wl-neg-neg-es-pba-31033	neg-es-pba-31033	0	hard_negative	val	ES	Mina de Pena da Cabana	A Fonsagrada	O Trobo (Santa María)		mining_or_quarry	0.09531213	1542	ok	
val	wl-tile-v1-12222	wl-neg-neg-es-pba-31034	neg-es-pba-31034	0	hard_negative	val	ES	Mina de Penedo da Granda	A Fonsagrada	O Trobo (Santa María)		mining_or_quarry	0.57752848	337	ok	
val	wl-tile-v1-12223	wl-neg-neg-es-pba-31035	neg-es-pba-31035	0	hard_negative	val	ES	Mina de Vilar de Vela	A Fonsagrada	O Trobo (Santa María)		mining_or_quarry	0.04655065	1768	ok	
val	wl-tile-v1-12308	wl-neg-neg-es-pba-29679	neg-es-pba-29679	0	hard_negative	val	ES	Mina do Casin	Cervantes	Cereixedo (Santiago)		mining_or_quarry	0.06092166	1697	ok	
val	wl-tile-v1-12309	wl-neg-neg-es-pba-29680	neg-es-pba-29680	0	hard_negative	val	ES	Mina do Fócaro	Cervantes	Cereixedo (Santiago)		mining_or_quarry	0.22753961	1074	ok	
val	wl-tile-v1-12224	wl-neg-neg-es-pba-31036	neg-es-pba-31036	0	hard_negative	val	ES	Mina do Monte da Redonda	A Fonsagrada	Lamas de Moreira (Santa María)		mining_or_quarry	0.07094045	1657	ok	
val	wl-tile-v1-12310	wl-neg-neg-es-pba-29681	neg-es-pba-29681	0	hard_negative	val	ES	Mina romana da Viña da Moura	Cervantes	O Castro (Santa María)		mining_or_quarry	0.09580888	1540	ok	
val	wl-tile-v1-12311	wl-neg-neg-es-pba-29682	neg-es-pba-29682	0	hard_negative	val	ES	Mina romana do Ribadón	Cervantes	O Castro (Santa María)		mining_or_quarry	0.32360914	790	ok	
val	wl-tile-v1-12662	wl-neg-neg-es-pba-46997	neg-es-pba-46997	0	hard_negative	val	ES	Minas de Covas Rubias/Os Barreiros	Castrelo do Val	Nocedo do Val (San Salvador)		mining_or_quarry	0.11159574	1481	ok	
val	wl-tile-v1-12312	wl-neg-neg-es-pba-29683	neg-es-pba-29683	0	hard_negative	val	ES	Minas do Calangrón	Cervantes	Cereixedo (Santiago)		mining_or_quarry	0.31462252	815	ok	
val	wl-tile-v1-12225	wl-neg-neg-es-pba-31037	neg-es-pba-31037	0	hard_negative	val	ES	Minas do Moural	A Fonsagrada	Lamas de Moreira (Santa María)		mining_or_quarry	0.23459540	1055	ok	
val	wl-tile-v1-12467	wl-neg-neg-es-pba-32088	neg-es-pba-32088	0	hard_negative	val	ES	Modia de Cordixobe	Guitiriz	Labrada (Santa María)		megalithic_mound	0.43612071	535	ok	
val	wl-tile-v1-12236	wl-neg-neg-es-pba-31068	neg-es-pba-31068	0	hard_negative	val	ES	Modorna da Cruz da Graña 1	A Fonsagrada	Santo André de Logares (Santo Andr‚)		megalithic_mound	0.22909576	1067	ok	
val	wl-tile-v1-12237	wl-neg-neg-es-pba-31069	neg-es-pba-31069	0	hard_negative	val	ES	Modorra da Campa do Gaiteiro 1	A Fonsagrada	San Pedro de Río (San Pedro)		megalithic_mound	0.33790471	751	ok	
val	wl-tile-v1-12238	wl-neg-neg-es-pba-31070	neg-es-pba-31070	0	hard_negative	val	ES	Modorra da Fonte das Bidueiras 1	A Fonsagrada	San Pedro de Río (San Pedro)		megalithic_mound	0.26558694	969	ok	
val	wl-tile-v1-12239	wl-neg-neg-es-pba-31071	neg-es-pba-31071	0	hard_negative	val	ES	Modorra da Fonte das Bidueiras 2	A Fonsagrada	San Pedro de Río (San Pedro)		megalithic_mound	0.21093579	1122	ok	
val	wl-tile-v1-13178	wl-neg-neg-es-pba-68554	neg-es-pba-68554	0	hard_negative	val	ES	Monte da Valga 1	Oia	Loureza (San Mamede)		rock_art_surface	0.08021747	1605	ok	
val	wl-tile-v1-13190	wl-neg-neg-es-pba-68620	neg-es-pba-68620	0	hard_negative	val	ES	Monte de Valga 2	Oia	Loureza (San Mamede)		rock_art_surface	0.13032961	1413	ok	
val	wl-tile-v1-13191	wl-neg-neg-es-pba-68621	neg-es-pba-68621	0	hard_negative	val	ES	Monte de Valga 3	Oia	Loureza (San Mamede)		rock_art_surface	0.06916723	1663	ok	
val	wl-tile-v1-13192	wl-neg-neg-es-pba-68622	neg-es-pba-68622	0	hard_negative	val	ES	Monte de Valga 4	Oia	Loureza (San Mamede)		rock_art_surface	0.02978502	1818	ok	
val	wl-tile-v1-13193	wl-neg-neg-es-pba-68623	neg-es-pba-68623	0	hard_negative	val	ES	Monte de Valga 5	Oia	Loureza (San Mamede)		rock_art_surface	0.27635338	932	ok	
val	wl-tile-v1-12782	wl-neg-neg-es-pba-64090	neg-es-pba-64090	0	hard_negative	val	ES	Moumiñas I	A Estrada	Baloira (San Salvador)		megalithic_mound	0.19807321	1156	ok	
val	wl-tile-v1-12783	wl-neg-neg-es-pba-64091	neg-es-pba-64091	0	hard_negative	val	ES	Moumiñas II	A Estrada	Baloira (San Salvador)		megalithic_mound	0.14333555	1362	ok	
val	wl-tile-v1-12669	wl-neg-neg-es-pba-51031	neg-es-pba-51031	0	hard_negative	val	ES	Mámoa 1 da Pesqueira	Lobios	Grou (San Mamede)		megalithic_mound	0.24170993	1026	ok	
val	wl-tile-v1-12066	wl-neg-neg-es-pba-26548	neg-es-pba-26548	0	hard_negative	val	ES	Mámoa 1 de Cimadevila	Vedra	San Miguel de Sarandón (San Miguel)		megalithic_mound	0.69287377	230	ok	
val	wl-tile-v1-12670	wl-neg-neg-es-pba-51032	neg-es-pba-51032	0	hard_negative	val	ES	Mámoa 1 do Monte de San Bieito	Lobios	Grou (San Mamede)		megalithic_mound	0.35666395	702	ok	
val	wl-tile-v1-12671	wl-neg-neg-es-pba-51033	neg-es-pba-51033	0	hard_negative	val	ES	Mámoa 2 da Pesqueira	Lobios	Grou (San Mamede)		megalithic_mound	0.30447754	856	ok	
val	wl-tile-v1-12055	wl-neg-neg-es-pba-25991	neg-es-pba-25991	0	hard_negative	val	ES	Mámoa 2 de Cimadevila	Vedra	San Miguel de Sarandón (San Miguel)		megalithic_mound	0.29024808	893	ok	
val	wl-tile-v1-12672	wl-neg-neg-es-pba-51065	neg-es-pba-51065	0	hard_negative	val	ES	Mámoa 2 do Monte de San Bieito	Lobios	Grou (San Mamede)		megalithic_mound	0.16215432	1277	ok	
val	wl-tile-v1-12673	wl-neg-neg-es-pba-51066	neg-es-pba-51066	0	hard_negative	val	ES	Mámoa 3 do Monte de San Bieito	Lobios	Grou (San Mamede)		megalithic_mound	0.32723843	780	ok	
val	wl-tile-v1-12550	wl-neg-neg-es-pba-43158	neg-es-pba-43158	0	hard_negative	val	ES	Mámoa Campo dos Lagos	O Vicedo	Cabanas (Santa María)		megalithic_mound	0.09490966	1547	ok	
val	wl-tile-v1-11957	wl-neg-neg-es-pba-13691	neg-es-pba-13691	0	hard_negative	val	ES	Mámoa da Armada	Monfero	O Alto de Xestoso (Santa María)		megalithic_mound	0.82370902	138	ok	
val	wl-tile-v1-13369	wl-neg-neg-es-pba-71833	neg-es-pba-71833	0	hard_negative	val	ES	Mámoa da Bouza da Mosca 1	Soutomaior	Soutomaior (San Salvador)		megalithic_mound	0.37237453	675	ok	
val	wl-tile-v1-13370	wl-neg-neg-es-pba-71834	neg-es-pba-71834	0	hard_negative	val	ES	Mámoa da Bouza da Mosca 2	Soutomaior	Soutomaior (San Salvador)		megalithic_mound	0.42833320	550	ok	
val	wl-tile-v1-12784	wl-neg-neg-es-pba-64146	neg-es-pba-64146	0	hard_negative	val	ES	Mámoa da Campenlos 2	A Estrada	Aguións (Santa María)		megalithic_mound	0.14749965	1339	ok	
val	wl-tile-v1-12349	wl-neg-neg-es-pba-30892	neg-es-pba-30892	0	hard_negative	val	ES	Mámoa da Carballeira	Foz	Cangas (San Pedro)		megalithic_mound	0.17193477	1238	ok	
val	wl-tile-v1-11958	wl-neg-neg-es-pba-13692	neg-es-pba-13692	0	hard_negative	val	ES	Mámoa da Cartelida 2	Monfero	Taboada (Santa Mariña)		megalithic_mound	0.63956401	284	ok	
val	wl-tile-v1-11959	wl-neg-neg-es-pba-13693	neg-es-pba-13693	0	hard_negative	val	ES	Mámoa da Cartelida 3	Monfero	Taboada (Santa Mariña)		megalithic_mound	0.29765398	877	ok	
val	wl-tile-v1-12785	wl-neg-neg-es-pba-64147	neg-es-pba-64147	0	hard_negative	val	ES	Mámoa da Casa da Cruz 2	A Estrada	Matalobos (Santa Baia)		megalithic_mound	0.30230789	865	ok	
val	wl-tile-v1-12966	wl-neg-neg-es-pba-63656	neg-es-pba-63656	0	hard_negative	val	ES	Mámoa da Casa de María Méndez 1	Campo Lameiro	Fragas (Santa Mariña)		megalithic_mound	0.35592297	706	ok	
val	wl-tile-v1-12967	wl-neg-neg-es-pba-63657	neg-es-pba-63657	0	hard_negative	val	ES	Mámoa da Casa de María Méndez 2	Campo Lameiro	Fragas (Santa Mariña)		megalithic_mound	0.19299587	1168	ok	
val	wl-tile-v1-12133	wl-neg-neg-es-pba-30869	neg-es-pba-30869	0	hard_negative	val	ES	Mámoa da Castañosa 1	A Fonsagrada	San Pedro de Río (San Pedro)		megalithic_mound	0.66094505	254	ok	
val	wl-tile-v1-12786	wl-neg-neg-es-pba-64148	neg-es-pba-64148	0	hard_negative	val	ES	Mámoa da Cerrada do Chan 1	A Estrada	Ouzande (San Lourenzo)		megalithic_mound	0.16073662	1282	ok	
val	wl-tile-v1-12787	wl-neg-neg-es-pba-64149	neg-es-pba-64149	0	hard_negative	val	ES	Mámoa da Cerrada do Chan 2	A Estrada	Ouzande (San Lourenzo)		megalithic_mound	0.31040708	832	ok	
val	wl-tile-v1-12788	wl-neg-neg-es-pba-64150	neg-es-pba-64150	0	hard_negative	val	ES	Mámoa da Cerrada do Chan 3	A Estrada	Ouzande (San Lourenzo)		megalithic_mound	0.19013837	1178	ok	
val	wl-tile-v1-12789	wl-neg-neg-es-pba-64151	neg-es-pba-64151	0	hard_negative	val	ES	Mámoa da Cerrada do Chan 4	A Estrada	Ouzande (San Lourenzo)		megalithic_mound	0.21870478	1099	ok	
val	wl-tile-v1-12729	wl-neg-neg-es-pba-63195	neg-es-pba-63195	0	hard_negative	val	ES	Mámoa da Chan da Igrexa 1	A Cañiza	Oroso (Santa María)		megalithic_mound	0.18996101	1180	ok	
val	wl-tile-v1-12730	wl-neg-neg-es-pba-63196	neg-es-pba-63196	0	hard_negative	val	ES	Mámoa da Chan da Igrexa 2	A Cañiza	Oroso (Santa María)		megalithic_mound	0.13877327	1383	ok	
val	wl-tile-v1-12731	wl-neg-neg-es-pba-63225	neg-es-pba-63225	0	hard_negative	val	ES	Mámoa da Chan de Valeixe	A Cañiza	Valeixe (Santa Cristina)		megalithic_mound	0.12280210	1438	ok	
val	wl-tile-v1-12732	wl-neg-neg-es-pba-63226	neg-es-pba-63226	0	hard_negative	val	ES	Mámoa da Chan do Marco 1	A Cañiza	Luneda (Santa María)		megalithic_mound	0.06431191	1681	ok	
val	wl-tile-v1-12733	wl-neg-neg-es-pba-63227	neg-es-pba-63227	0	hard_negative	val	ES	Mámoa da Chan do Marco 2	A Cañiza	Luneda (Santa María)		megalithic_mound	0.03670027	1797	ok	
val	wl-tile-v1-12734	wl-neg-neg-es-pba-63228	neg-es-pba-63228	0	hard_negative	val	ES	Mámoa da Chan do Marco 3	A Cañiza	Luneda (Santa María)		megalithic_mound	0.04913627	1751	ok	
val	wl-tile-v1-12735	wl-neg-neg-es-pba-63229	neg-es-pba-63229	0	hard_negative	val	ES	Mámoa da Chan do Marco 4	A Cañiza	Luneda (Santa María)		megalithic_mound	0.07870482	1611	ok	
val	wl-tile-v1-12736	wl-neg-neg-es-pba-63230	neg-es-pba-63230	0	hard_negative	val	ES	Mámoa da Chan do Marco 5	A Cañiza	Luneda (Santa María)		megalithic_mound	0.03233142	1810	ok	
val	wl-tile-v1-12737	wl-neg-neg-es-pba-63231	neg-es-pba-63231	0	hard_negative	val	ES	Mámoa da Chan dos Bidueiros 1	A Cañiza	Parada das Achas (Santiago)		megalithic_mound	0.17902465	1223	ok	
val	wl-tile-v1-12738	wl-neg-neg-es-pba-63232	neg-es-pba-63232	0	hard_negative	val	ES	Mámoa da Chan dos Bidueiros 2	A Cañiza	Parada das Achas (Santiago)		megalithic_mound	0.26204059	984	ok	
val	wl-tile-v1-12739	wl-neg-neg-es-pba-63265	neg-es-pba-63265	0	hard_negative	val	ES	Mámoa da Chan dos Bidueiros 3	A Cañiza	Parada das Achas (Santiago)		megalithic_mound	0.23745960	1040	ok	
val	wl-tile-v1-12010	wl-neg-neg-es-pba-15893	neg-es-pba-15893	0	hard_negative	val	ES	Mámoa da Chousa de Abaixo	Oroso	A Gándara (San Miguel)		megalithic_mound	0.32978488	771	ok	
val	wl-tile-v1-11941	wl-neg-neg-es-pba-12975	neg-es-pba-12975	0	hard_negative	val	ES	Mámoa da Corva 1	Mañón	As Grañas do Sor (San Mamede)		megalithic_mound	0.07637975	1620	ok	
val	wl-tile-v1-11942	wl-neg-neg-es-pba-12976	neg-es-pba-12976	0	hard_negative	val	ES	Mámoa da Corva 2	Mañón	As Grañas do Sor (San Mamede)		megalithic_mound	0.42052794	562	ok	
val	wl-tile-v1-11943	wl-neg-neg-es-pba-12977	neg-es-pba-12977	0	hard_negative	val	ES	Mámoa da Corva 3	Mañón	As Grañas do Sor (San Mamede)		megalithic_mound	0.12311454	1436	ok	
val	wl-tile-v1-11960	wl-neg-neg-es-pba-13694	neg-es-pba-13694	0	hard_negative	val	ES	Mámoa da Cota	Monfero	O Val de Xestoso (San Pedro)		megalithic_mound	0.66732874	249	ok	
val	wl-tile-v1-11944	wl-neg-neg-es-pba-12978	neg-es-pba-12978	0	hard_negative	val	ES	Mámoa da Cruz da Faladoira 5/A Panda da Serra	Mañón	As Grañas do Sor (San Mamede)		megalithic_mound	0.07650467	1619	ok	
val	wl-tile-v1-11945	wl-neg-neg-es-pba-12979	neg-es-pba-12979	0	hard_negative	val	ES	Mámoa da Cruz da Faladoira 8	Mañón	As Grañas do Sor (San Mamede)		megalithic_mound	0.05402335	1725	ok	
val	wl-tile-v1-11946	wl-neg-neg-es-pba-13007	neg-es-pba-13007	0	hard_negative	val	ES	Mámoa da Cruz da Faladoria 6	Mañón	As Grañas do Sor (San Mamede)		megalithic_mound	0.12206591	1441	ok	
val	wl-tile-v1-11961	wl-neg-neg-es-pba-13695	neg-es-pba-13695	0	hard_negative	val	ES	Mámoa da Cruz de Goente	Monfero	San Fiz de Monfero (San Fiz)		megalithic_mound	0.68612139	234	ok	
val	wl-tile-v1-12379	wl-neg-neg-es-pba-30320	neg-es-pba-30320	0	hard_negative	val	ES	Mámoa da Depuradora	Guitiriz	Lagostelle (San Xoán)		megalithic_mound	0.38224359	651	ok	
val	wl-tile-v1-12790	wl-neg-neg-es-pba-64152	neg-es-pba-64152	0	hard_negative	val	ES	Mámoa da Devesa do Rei 1	A Estrada	Toedo (San Pedro)		megalithic_mound	0.23890598	1036	ok	
val	wl-tile-v1-12792	wl-neg-neg-es-pba-64179	neg-es-pba-64179	0	hard_negative	val	ES	Mámoa da Devesa do Rei 2	A Estrada	Toedo (San Pedro)		megalithic_mound	0.30383156	860	ok	
val	wl-tile-v1-12793	wl-neg-neg-es-pba-64180	neg-es-pba-64180	0	hard_negative	val	ES	Mámoa da Devesa do Rei 3	A Estrada	Toedo (San Pedro)		megalithic_mound	0.23541549	1050	ok	
val	wl-tile-v1-12794	wl-neg-neg-es-pba-64181	neg-es-pba-64181	0	hard_negative	val	ES	Mámoa da Devesa do Rei 4	A Estrada	Toedo (San Pedro)		megalithic_mound	0.15180892	1321	ok	
val	wl-tile-v1-12795	wl-neg-neg-es-pba-64182	neg-es-pba-64182	0	hard_negative	val	ES	Mámoa da Devesa do Rei 5	A Estrada	Toedo (San Pedro)		megalithic_mound	0.27399474	941	ok	
val	wl-tile-v1-12796	wl-neg-neg-es-pba-64183	neg-es-pba-64183	0	hard_negative	val	ES	Mámoa da Devesa do Rei 6	A Estrada	Toedo (San Pedro)		megalithic_mound	0.15262285	1317	ok	
val	wl-tile-v1-12797	wl-neg-neg-es-pba-64184	neg-es-pba-64184	0	hard_negative	val	ES	Mámoa da Espiñeira 1	A Estrada	Codeseda (San Xurxo)		megalithic_mound	0.09851441	1524	ok	
val	wl-tile-v1-12798	wl-neg-neg-es-pba-64185	neg-es-pba-64185	0	hard_negative	val	ES	Mámoa da Espiñeira 2	A Estrada	Codeseda (San Xurxo)		megalithic_mound	0.07625751	1621	ok	
val	wl-tile-v1-12799	wl-neg-neg-es-pba-64186	neg-es-pba-64186	0	hard_negative	val	ES	Mámoa da Estivada	A Estrada	Santeles (San Xoán)		megalithic_mound	0.21838246	1101	ok	
val	wl-tile-v1-12011	wl-neg-neg-es-pba-15894	neg-es-pba-15894	0	hard_negative	val	ES	Mámoa da Estivada de Abaixo 1/Mámoa das Lamestras 1	Oroso	Marzoa (San Martiño)		megalithic_mound	0.30270444	864	ok	
val	wl-tile-v1-12012	wl-neg-neg-es-pba-15920	neg-es-pba-15920	0	hard_negative	val	ES	Mámoa da Estivada de Abaixo 2/Mámoa das Lamestras 2	Oroso	Marzoa (San Martiño)		megalithic_mound	0.37661515	664	ok	
val	wl-tile-v1-12013	wl-neg-neg-es-pba-15921	neg-es-pba-15921	0	hard_negative	val	ES	Mámoa da Estivada de Abaixo 3/Mámoa das Lamestras 3	Oroso	Marzoa (San Martiño)		megalithic_mound	0.36041926	696	ok	
val	wl-tile-v1-12392	wl-neg-neg-es-pba-30433	neg-es-pba-30433	0	hard_negative	val	ES	Mámoa da Fraga das Forcas 2	Guitiriz	Mariz (Santa Eulalia)		megalithic_mound	0.47311565	473	ok	
val	wl-tile-v1-12805	wl-neg-neg-es-pba-64213	neg-es-pba-64213	0	hard_negative	val	ES	Mámoa da Lagoa	A Estrada	Souto (Santo André)		megalithic_mound	0.06032792	1700	ok	
val	wl-tile-v1-12320	wl-neg-neg-es-pba-29210	neg-es-pba-29210	0	hard_negative	val	ES	Mámoa da Lagoa 1	Chantada	Vilaúxe (San Salvador)		megalithic_mound	0.23746525	1039	ok	
val	wl-tile-v1-12321	wl-neg-neg-es-pba-29211	neg-es-pba-29211	0	hard_negative	val	ES	Mámoa da Lagoa 2	Chantada	Vilaúxe (San Salvador)		megalithic_mound	0.40201516	602	ok	
val	wl-tile-v1-12322	wl-neg-neg-es-pba-29212	neg-es-pba-29212	0	hard_negative	val	ES	Mámoa da Lagoa 3	Chantada	Vilaúxe (San Salvador)		megalithic_mound	0.37713618	662	ok	
val	wl-tile-v1-12663	wl-neg-neg-es-pba-49465	neg-es-pba-49465	0	hard_negative	val	ES	Mámoa da Mallada da Cerveira	Chandrexa de Queixa	Forcadas (Santa María)		megalithic_mound	0.11046809	1483	ok	
val	wl-tile-v1-12684	wl-neg-neg-es-pba-47532	neg-es-pba-47532	0	hard_negative	val	ES	Mámoa da Mamuela 1	O Bolo	Paradela (San Sebastián)		megalithic_mound	0.11620646	1463	ok	
val	wl-tile-v1-11880	wl-neg-neg-es-pba-9243	neg-es-pba-9243	0	hard_negative	val	ES	Mámoa da Mina da Balouta 1	Dodro	Laíño (San Xián)		megalithic_mound	0.51705334	406	ok	
val	wl-tile-v1-11881	wl-neg-neg-es-pba-9244	neg-es-pba-9244	0	hard_negative	val	ES	Mámoa da Mina da Balouta 2	Dodro	Laíño (San Xián)		megalithic_mound	0.35550915	707	ok	
val	wl-tile-v1-12968	wl-neg-neg-es-pba-63658	neg-es-pba-63658	0	hard_negative	val	ES	Mámoa da Mina de Alende	Campo Lameiro	O Couso (San Cristovo)		megalithic_mound	0.39634814	617	ok	
val	wl-tile-v1-12702	wl-neg-neg-es-pba-50737	neg-es-pba-50737	0	hard_negative	val	ES	Mámoa da Moulla 1	Xinzo de Limia	Boado (San Pedro)		megalithic_mound	0.12062115	1448	ok	
val	wl-tile-v1-12703	wl-neg-neg-es-pba-50738	neg-es-pba-50738	0	hard_negative	val	ES	Mámoa da Moulla 2	Xinzo de Limia	Boado (San Pedro)		megalithic_mound	0.06084039	1699	ok	
val	wl-tile-v1-12704	wl-neg-neg-es-pba-50739	neg-es-pba-50739	0	hard_negative	val	ES	Mámoa da Moulla 2	Xinzo de Limia	Boado (San Pedro)		megalithic_mound	0.12860325	1417	ok	
val	wl-tile-v1-12393	wl-neg-neg-es-pba-30434	neg-es-pba-30434	0	hard_negative	val	ES	Mámoa da Pena dentre as Irmás	Guitiriz	Os Vilares (San Vicenzo)		megalithic_mound	0.46801017	481	ok	
val	wl-tile-v1-13134	wl-neg-neg-es-pba-65033	neg-es-pba-65033	0	hard_negative	val	ES	Mámoa da Picoña	Crecente	A Ameixeira (San Bernabeu)		megalithic_mound	0.21673556	1109	ok	
val	wl-tile-v1-13321	wl-neg-neg-es-pba-69586	neg-es-pba-69586	0	hard_negative	val	ES	Mámoa da Portela 1	Oia	Burgueira (San Pedro)		megalithic_mound	0.03066258	1816	ok	
val	wl-tile-v1-13322	wl-neg-neg-es-pba-69587	neg-es-pba-69587	0	hard_negative	val	ES	Mámoa da Portela 2	Oia	Burgueira (San Pedro)		megalithic_mound	0.04323020	1780	ok	
val	wl-tile-v1-11962	wl-neg-neg-es-pba-13724	neg-es-pba-13724	0	hard_negative	val	ES	Mámoa da Portela de Abelleira	Monfero	O Alto de Xestoso (Santa María)		megalithic_mound	0.21985945	1092	ok	
val	wl-tile-v1-12806	wl-neg-neg-es-pba-64214	neg-es-pba-64214	0	hard_negative	val	ES	Mámoa da Porteliña	A Estrada	Frades (Santa María)		megalithic_mound	0.09050959	1565	ok	
val	wl-tile-v1-12394	wl-neg-neg-es-pba-30435	neg-es-pba-30435	0	hard_negative	val	ES	Mámoa da Revolta Grande 3	Guitiriz	Santa Mariña de Lagostelle (Santa Mariña)		megalithic_mound	0.49670530	442	ok	
val	wl-tile-v1-12807	wl-neg-neg-es-pba-64215	neg-es-pba-64215	0	hard_negative	val	ES	Mámoa da Serra	A Estrada	Sabucedo (San Lourenzo)		megalithic_mound	0.08116198	1599	ok	
val	wl-tile-v1-12134	wl-neg-neg-es-pba-30870	neg-es-pba-30870	0	hard_negative	val	ES	Mámoa da Serra da Medorra	A Fonsagrada	Freixo (San Xulián)		megalithic_mound	0.32477541	784	ok	
val	wl-tile-v1-12395	wl-neg-neg-es-pba-30436	neg-es-pba-30436	0	hard_negative	val	ES	Mámoa da Serra de Montouto	Guitiriz	Santa Mariña de Lagostelle (Santa Mariña)		megalithic_mound	0.34870491	724	ok	
val	wl-tile-v1-12740	wl-neg-neg-es-pba-63266	neg-es-pba-63266	0	hard_negative	val	ES	Mámoa da Uceira 1	A Cañiza	Oroso (Santa María)		megalithic_mound	0.38883145	639	ok	
val	wl-tile-v1-12741	wl-neg-neg-es-pba-63267	neg-es-pba-63267	0	hard_negative	val	ES	Mámoa da Uceira 2	A Cañiza	Oroso (Santa María)		megalithic_mound	0.44037129	530	ok	
val	wl-tile-v1-12742	wl-neg-neg-es-pba-63268	neg-es-pba-63268	0	hard_negative	val	ES	Mámoa da Uceira 3	A Cañiza	Oroso (Santa María)		megalithic_mound	0.27185471	948	ok	
val	wl-tile-v1-13323	wl-neg-neg-es-pba-69588	neg-es-pba-69588	0	hard_negative	val	ES	Mámoa da Valga 1	Oia	Loureza (San Mamede)		megalithic_mound;rock_art_surface	0.08884059	1572	ok	
val	wl-tile-v1-13334	wl-neg-neg-es-pba-69648	neg-es-pba-69648	0	hard_negative	val	ES	Mámoa da Valga 2	Oia	Loureza (San Mamede)		megalithic_mound;rock_art_surface	0.15592243	1308	ok	
val	wl-tile-v1-13335	wl-neg-neg-es-pba-69649	neg-es-pba-69649	0	hard_negative	val	ES	Mámoa da Valga 3	Oia	Loureza (San Mamede)		megalithic_mound;rock_art_surface	0.16949733	1248	ok	
val	wl-tile-v1-13336	wl-neg-neg-es-pba-69650	neg-es-pba-69650	0	hard_negative	val	ES	Mámoa da Valga 4	Oia	Loureza (San Mamede)		megalithic_mound	0.05002653	1747	ok	
val	wl-tile-v1-12562	wl-neg-neg-es-pba-35853	neg-es-pba-35853	0	hard_negative	val	ES	Mámoa da Veiga 1	Ourol	Ambosores (Santa María)		megalithic_mound	0.16700821	1258	ok	
val	wl-tile-v1-12563	wl-neg-neg-es-pba-35854	neg-es-pba-35854	0	hard_negative	val	ES	Mámoa da Veiga 2	Ourol	Bravos (Santiago)		megalithic_mound	0.07072364	1658	ok	
val	wl-tile-v1-12564	wl-neg-neg-es-pba-35855	neg-es-pba-35855	0	hard_negative	val	ES	Mámoa da Veiga 3	Ourol	Bravos (Santiago)		megalithic_mound	0.23561957	1049	ok	
val	wl-tile-v1-12396	wl-neg-neg-es-pba-30437	neg-es-pba-30437	0	hard_negative	val	ES	Mámoa das Brañas de Parga 1	Guitiriz	Parga (Santo Estevo)		megalithic_mound	0.33761971	753	ok	
val	wl-tile-v1-12397	wl-neg-neg-es-pba-30438	neg-es-pba-30438	0	hard_negative	val	ES	Mámoa das Brañas de Parga 2	Guitiriz	Parga (Santo Estevo)		megalithic_mound	0.14880245	1334	ok	
val	wl-tile-v1-12293	wl-neg-neg-es-pba-28691	neg-es-pba-28691	0	hard_negative	val	ES	Mámoa das Fachas	Barreiros	San Xusto de Cabarcos (San Xusto)		megalithic_mound	0.03838113	1791	ok	
val	wl-tile-v1-12056	wl-neg-neg-es-pba-25992	neg-es-pba-25992	0	hard_negative	val	ES	Mámoa das Lagoas 1	Vedra	Trobe (Santo André)		megalithic_mound	0.29959345	871	ok	
val	wl-tile-v1-12057	wl-neg-neg-es-pba-25993	neg-es-pba-25993	0	hard_negative	val	ES	Mámoa das Lagoas 2	Vedra	Trobe (Santo André)		megalithic_mound	0.26890912	956	ok	
val	wl-tile-v1-12058	wl-neg-neg-es-pba-25994	neg-es-pba-25994	0	hard_negative	val	ES	Mámoa das Lagoas 3	Vedra	Trobe (Santo André)		megalithic_mound	0.77278600	170	ok	
val	wl-tile-v1-12037	wl-neg-neg-es-pba-24350	neg-es-pba-24350	0	hard_negative	val	ES	Mámoa das Medorras 1	Touro	San Fiz de Quión (San Fiz)		megalithic_mound	0.11227211	1480	ok	
val	wl-tile-v1-12038	wl-neg-neg-es-pba-24351	neg-es-pba-24351	0	hard_negative	val	ES	Mámoa das Medorras 2	Touro	San Fiz de Quión (San Fiz)		megalithic_mound	0.17427178	1229	ok	
val	wl-tile-v1-12039	wl-neg-neg-es-pba-24352	neg-es-pba-24352	0	hard_negative	val	ES	Mámoa das Medorras 3	Touro	San Fiz de Quión (San Fiz)		megalithic_mound	0.21995302	1091	ok	
val	wl-tile-v1-12040	wl-neg-neg-es-pba-24353	neg-es-pba-24353	0	hard_negative	val	ES	Mámoa das Medorras 4	Touro	San Fiz de Quión (San Fiz)		megalithic_mound	0.13846892	1384	ok	
val	wl-tile-v1-12041	wl-neg-neg-es-pba-24354	neg-es-pba-24354	0	hard_negative	val	ES	Mámoa das Medorras 5	Touro	San Fiz de Quión (San Fiz)		megalithic_mound	0.20517378	1138	ok	
val	wl-tile-v1-12398	wl-neg-neg-es-pba-30439	neg-es-pba-30439	0	hard_negative	val	ES	Mámoa das Medoñas 1	Guitiriz	Santa Mariña de Lagostelle (Santa Mariña)		megalithic_mound	0.37912947	658	ok	
val	wl-tile-v1-12399	wl-neg-neg-es-pba-30440	neg-es-pba-30440	0	hard_negative	val	ES	Mámoa das Medoñas 2	Guitiriz	Santa Mariña de Lagostelle (Santa Mariña)		megalithic_mound	0.65110945	264	ok	
val	wl-tile-v1-12400	wl-neg-neg-es-pba-30441	neg-es-pba-30441	0	hard_negative	val	ES	Mámoa das Medoñas 3	Guitiriz	Santa Mariña de Lagostelle (Santa Mariña)		megalithic_mound	0.48642900	454	ok	
val	wl-tile-v1-12401	wl-neg-neg-es-pba-30442	neg-es-pba-30442	0	hard_negative	val	ES	Mámoa das Medoñas do Cordal de Bernaldo 1	Guitiriz	Labrada (Santa María)		megalithic_mound	0.39624180	618	ok	
val	wl-tile-v1-12367	wl-neg-neg-es-pba-30235	neg-es-pba-30235	0	hard_negative	val	ES	Mámoa das Medoñas do Cordal de Bernaldo 2	Guitiriz	Labrada (Santa María)		megalithic_mound	0.43266406	542	ok	
val	wl-tile-v1-12368	wl-neg-neg-es-pba-30236	neg-es-pba-30236	0	hard_negative	val	ES	Mámoa das Modias 1	Guitiriz	Santa Cruz de Parga (Santa Cruz)		megalithic_mound	0.38213066	652	ok	
val	wl-tile-v1-12369	wl-neg-neg-es-pba-30237	neg-es-pba-30237	0	hard_negative	val	ES	Mámoa das Modias 2	Guitiriz	Santa Cruz de Parga (Santa Cruz)		megalithic_mound	0.30849647	841	ok	
val	wl-tile-v1-12370	wl-neg-neg-es-pba-30238	neg-es-pba-30238	0	hard_negative	val	ES	Mámoa das Modias 3	Guitiriz	Santa Cruz de Parga (Santa Cruz)		megalithic_mound	0.21835471	1103	ok	
val	wl-tile-v1-12371	wl-neg-neg-es-pba-30239	neg-es-pba-30239	0	hard_negative	val	ES	Mámoa das Modias 4	Guitiriz	Santa Cruz de Parga (Santa Cruz)		megalithic_mound	0.17218821	1236	ok	
val	wl-tile-v1-12655	wl-neg-neg-es-pba-41366	neg-es-pba-41366	0	hard_negative	val	ES	Mámoa das Pallaregas 2	Trabada	Vidal (San Mateo)		megalithic_mound	0.30499647	853	ok	
val	wl-tile-v1-12656	wl-neg-neg-es-pba-41367	neg-es-pba-41367	0	hard_negative	val	ES	Mámoa das Pallaregas 3	Trabada	Vidal (San Mateo)		megalithic_mound	0.12696842	1427	ok	
val	wl-tile-v1-12657	wl-neg-neg-es-pba-41368	neg-es-pba-41368	0	hard_negative	val	ES	Mámoa das Pallaregas 4	Trabada	Vidal (San Mateo)		megalithic_mound	0.11815447	1456	ok	
val	wl-tile-v1-11947	wl-neg-neg-es-pba-13008	neg-es-pba-13008	0	hard_negative	val	ES	Mámoa das Penas Verdes 2/A Pena Moura	Mañón	O Freixo (San Xoán)		megalithic_mound	0.15615655	1307	ok	
val	wl-tile-v1-11948	wl-neg-neg-es-pba-13009	neg-es-pba-13009	0	hard_negative	val	ES	Mámoa das Penas Verdes 3	Mañón	O Freixo (San Xoán)		megalithic_mound	0.16044291	1286	ok	
val	wl-tile-v1-12743	wl-neg-neg-es-pba-63269	neg-es-pba-63269	0	hard_negative	val	ES	Mámoa das Tapadas 1	A Cañiza	A Cañiza (Santa Teresa)		megalithic_mound	0.07346245	1644	ok	
val	wl-tile-v1-12744	wl-neg-neg-es-pba-63270	neg-es-pba-63270	0	hard_negative	val	ES	Mámoa das Tapadas 2	A Cañiza	A Cañiza (Santa Teresa)		megalithic_mound	0.19936987	1151	ok	
val	wl-tile-v1-12745	wl-neg-neg-es-pba-63271	neg-es-pba-63271	0	hard_negative	val	ES	Mámoa das Tapadas 3	A Cañiza	Matalobos (Santa Baia)		megalithic_mound	0.10832102	1487	ok	
val	wl-tile-v1-12746	wl-neg-neg-es-pba-63272	neg-es-pba-63272	0	hard_negative	val	ES	Mámoa das Tapadas 4	A Cañiza	A Cañiza (Santa Teresa)		megalithic_mound	0.26496349	973	ok	
val	wl-tile-v1-12747	wl-neg-neg-es-pba-63299	neg-es-pba-63299	0	hard_negative	val	ES	Mámoa das Tapadas 5	A Cañiza	Oroso (Santa María)		megalithic_mound	0.27119722	950	ok	
val	wl-tile-v1-12748	wl-neg-neg-es-pba-63300	neg-es-pba-63300	0	hard_negative	val	ES	Mámoa das Tapadas 6	A Cañiza	A Cañiza (Santa Teresa)		megalithic_mound	0.21854484	1100	ok	
val	wl-tile-v1-13145	wl-neg-neg-es-pba-66682	neg-es-pba-66682	0	hard_negative	val	ES	Mámoa das Toxeiras	Meis	A Armenteira (Santa María)		megalithic_mound	0.14498290	1355	ok	
val	wl-tile-v1-12808	wl-neg-neg-es-pba-64216	neg-es-pba-64216	0	hard_negative	val	ES	Mámoa das Urces 1	A Estrada	Souto (Santo André)		megalithic_mound	0.10564232	1496	ok	
val	wl-tile-v1-12809	wl-neg-neg-es-pba-64217	neg-es-pba-64217	0	hard_negative	val	ES	Mámoa das Urces 2	A Estrada	Souto (Santo André)		megalithic_mound	0.16475161	1269	ok	
val	wl-tile-v1-12810	wl-neg-neg-es-pba-64218	neg-es-pba-64218	0	hard_negative	val	ES	Mámoa das Xestas	A Estrada	A Estrada (San Paio)		megalithic_mound	0.42129437	561	ok	
val	wl-tile-v1-12014	wl-neg-neg-es-pba-15922	neg-es-pba-15922	0	hard_negative	val	ES	Mámoa de Acuarela	Oroso	Deixebre (Santa María)		megalithic_mound	0.56353707	359	ok	
val	wl-tile-v1-12811	wl-neg-neg-es-pba-64219	neg-es-pba-64219	0	hard_negative	val	ES	Mámoa de Agro do Lobo 1	A Estrada	Aguións (Santa María)		megalithic_mound	0.46733986	483	ok	
val	wl-tile-v1-12812	wl-neg-neg-es-pba-64220	neg-es-pba-64220	0	hard_negative	val	ES	Mámoa de Agro do Lobo 2	A Estrada	Aguións (Santa María)		megalithic_mound	0.46592067	486	ok	
val	wl-tile-v1-12674	wl-neg-neg-es-pba-51067	neg-es-pba-51067	0	hard_negative	val	ES	Mámoa de Anta do Couto	Lobios	Lobios (San Miguel)		megalithic_mound	0.30122808	868	ok	
val	wl-tile-v1-12749	wl-neg-neg-es-pba-63301	neg-es-pba-63301	0	hard_negative	val	ES	Mámoa de Arans	A Cañiza	Oroso (Santa María)		megalithic_mound	0.15909482	1291	ok	
val	wl-tile-v1-13337	wl-neg-neg-es-pba-69651	neg-es-pba-69651	0	hard_negative	val	ES	Mámoa de Areeiro 4	Oia	Viladesuso (San Miguel)		megalithic_mound	0.19044742	1176	ok	
val	wl-tile-v1-12323	wl-neg-neg-es-pba-29213	neg-es-pba-29213	0	hard_negative	val	ES	Mámoa de Aspai	Chantada	Santa Uxía de Asma (Santa Uxía)		megalithic_mound	0.35638826	704	ok	
val	wl-tile-v1-12813	wl-neg-neg-es-pba-64244	neg-es-pba-64244	0	hard_negative	val	ES	Mámoa de Boi Morto I	A Estrada	Olives (Santa María)		megalithic_mound	0.22932495	1065	ok	
val	wl-tile-v1-12814	wl-neg-neg-es-pba-64245	neg-es-pba-64245	0	hard_negative	val	ES	Mámoa de Boi Morto II	A Estrada	Olives (Santa María)		megalithic_mound	0.27839143	922	ok	
val	wl-tile-v1-13338	wl-neg-neg-es-pba-69652	neg-es-pba-69652	0	hard_negative	val	ES	Mámoa de Bonaval 1	Oia	Burgueira (San Pedro)		megalithic_mound	0.28231552	916	ok	
val	wl-tile-v1-13339	wl-neg-neg-es-pba-69653	neg-es-pba-69653	0	hard_negative	val	ES	Mámoa de Bonaval 2	Oia	Burgueira (San Pedro)		megalithic_mound	0.27773881	925	ok	
val	wl-tile-v1-12015	wl-neg-neg-es-pba-15923	neg-es-pba-15923	0	hard_negative	val	ES	Mámoa de Bouzalonga	Oroso	Deixebre (Santa María)		megalithic_mound	0.28688622	903	ok	
val	wl-tile-v1-13340	wl-neg-neg-es-pba-69654	neg-es-pba-69654	0	hard_negative	val	ES	Mámoa de Burgueira 1	Oia	Burgueira (San Pedro)		megalithic_mound	0.13245627	1406	ok	
val	wl-tile-v1-13341	wl-neg-neg-es-pba-69655	neg-es-pba-69655	0	hard_negative	val	ES	Mámoa de Burgueira 2	Oia	Burgueira (San Pedro)		megalithic_mound	0.15713034	1303	ok	
val	wl-tile-v1-13146	wl-neg-neg-es-pba-66683	neg-es-pba-66683	0	hard_negative	val	ES	Mámoa de Busto	Meis	A Armenteira (Santa María)		megalithic_mound	0.09413685	1550	ok	
val	wl-tile-v1-12815	wl-neg-neg-es-pba-64246	neg-es-pba-64246	0	hard_negative	val	ES	Mámoa de Cabalara I	A Estrada	A Somoza (Santo André)		megalithic_mound	0.31266465	822	ok	
val	wl-tile-v1-12816	wl-neg-neg-es-pba-64247	neg-es-pba-64247	0	hard_negative	val	ES	Mámoa de Calabara II	A Estrada	A Somoza (Santo André)		megalithic_mound	0.12092178	1445	ok	
val	wl-tile-v1-13147	wl-neg-neg-es-pba-66684	neg-es-pba-66684	0	hard_negative	val	ES	Mámoa de Calcova 1/Outeiro de Deus	Meis	A Armenteira (Santa María)		megalithic_mound	0.08554332	1585	ok	
val	wl-tile-v1-13148	wl-neg-neg-es-pba-66685	neg-es-pba-66685	0	hard_negative	val	ES	Mámoa de Calcova 2	Meis	A Armenteira (Santa María)		megalithic_mound	0.15944226	1288	ok	
val	wl-tile-v1-13149	wl-neg-neg-es-pba-66686	neg-es-pba-66686	0	hard_negative	val	ES	Mámoa de Calcova 3	Meis	A Armenteira (Santa María)		megalithic_mound	0.11344679	1472	ok	
val	wl-tile-v1-13150	wl-neg-neg-es-pba-66687	neg-es-pba-66687	0	hard_negative	val	ES	Mámoa de Calcova 4	Meis	A Armenteira (Santa María)		megalithic_mound	0.14920243	1333	ok	
val	wl-tile-v1-12817	wl-neg-neg-es-pba-64248	neg-es-pba-64248	0	hard_negative	val	ES	Mámoa de Campelos 1	A Estrada	Aguións (Santa María)		megalithic_mound	0.25773636	992	ok	
val	wl-tile-v1-12818	wl-neg-neg-es-pba-64249	neg-es-pba-64249	0	hard_negative	val	ES	Mámoa de Campelos 2	A Estrada	Aguións (Santa María)		megalithic_mound	0.23975225	1032	ok	
val	wl-tile-v1-12819	wl-neg-neg-es-pba-64250	neg-es-pba-64250	0	hard_negative	val	ES	Mámoa de Campenlo 3	A Estrada	Aguións (Santa María)		megalithic_mound	0.14074395	1379	ok	
val	wl-tile-v1-12969	wl-neg-neg-es-pba-63659	neg-es-pba-63659	0	hard_negative	val	ES	Mámoa de Campiños 1	Campo Lameiro	O Couso (San Cristovo)		megalithic_mound	0.12168378	1443	ok	
val	wl-tile-v1-12970	wl-neg-neg-es-pba-63660	neg-es-pba-63660	0	hard_negative	val	ES	Mámoa de Campiños 2	Campo Lameiro	O Campo (San Miguel)		megalithic_mound	0.14301718	1367	ok	
val	wl-tile-v1-12981	wl-neg-neg-es-pba-63687	neg-es-pba-63687	0	hard_negative	val	ES	Mámoa de Campiños 3	Campo Lameiro	O Campo (San Miguel)		megalithic_mound	0.16103837	1279	ok	
val	wl-tile-v1-12822	wl-neg-neg-es-pba-64277	neg-es-pba-64277	0	hard_negative	val	ES	Mámoa de Campo Redondo 1	A Estrada	San Tomé de Ancorados (San Tom‚)		megalithic_mound	0.23138881	1062	ok	
val	wl-tile-v1-12823	wl-neg-neg-es-pba-64278	neg-es-pba-64278	0	hard_negative	val	ES	Mámoa de Campo Redondo 2	A Estrada	San Tomé de Ancorados (San Tom‚)		megalithic_mound	0.35159786	717	ok	
val	wl-tile-v1-13342	wl-neg-neg-es-pba-69656	neg-es-pba-69656	0	hard_negative	val	ES	Mámoa de Campo das Barreiriñas 1	Oia	Burgueira (San Pedro)		megalithic_mound	0.10133319	1514	ok	
val	wl-tile-v1-13343	wl-neg-neg-es-pba-69657	neg-es-pba-69657	0	hard_negative	val	ES	Mámoa de Campo das Barreiriñas 2	Oia	Burgueira (San Pedro)		megalithic_mound	0.10815580	1488	ok	
val	wl-tile-v1-12820	wl-neg-neg-es-pba-64251	neg-es-pba-64251	0	hard_negative	val	ES	Mámoa de Campo das Cruces	A Estrada	Moreira (San Miguel)		megalithic_mound	0.39205762	627	ok	
val	wl-tile-v1-12821	wl-neg-neg-es-pba-64276	neg-es-pba-64276	0	hard_negative	val	ES	Mámoa de Campo de Chao	A Estrada	Vinseiro (Santa Cristina)		megalithic_mound	0.31469068	813	ok	
val	wl-tile-v1-11963	wl-neg-neg-es-pba-13725	neg-es-pba-13725	0	hard_negative	val	ES	Mámoa de Candieira	Monfero	O Alto de Xestoso (Santa María)		megalithic_mound	0.23683467	1043	ok	
val	wl-tile-v1-12982	wl-neg-neg-es-pba-63688	neg-es-pba-63688	0	hard_negative	val	ES	Mámoa de Casa de María Méndez 3	Campo Lameiro	Fragas (Santa Mariña)		megalithic_mound	0.29448082	885	ok	
val	wl-tile-v1-13357	wl-neg-neg-es-pba-71374	neg-es-pba-71374	0	hard_negative	val	ES	Mámoa de Cebreiros 1	Salceda de Caselas	A Picoña (San Martiño)		megalithic_mound	0.23991801	1030	ok	
val	wl-tile-v1-13358	wl-neg-neg-es-pba-71375	neg-es-pba-71375	0	hard_negative	val	ES	Mámoa de Cebreiros 2	Salceda de Caselas	A Picoña (San Martiño)		megalithic_mound	0.37272416	674	ok	
val	wl-tile-v1-13135	wl-neg-neg-es-pba-65034	neg-es-pba-65034	0	hard_negative	val	ES	Mámoa de Cerraque 1	Crecente	Albeos (San Xoán)		megalithic_mound	0.19442147	1165	ok	
val	wl-tile-v1-13136	wl-neg-neg-es-pba-65035	neg-es-pba-65035	0	hard_negative	val	ES	Mámoa de Cerraque 3	Crecente	Albeos (San Xoán)		megalithic_mound	0.35787656	700	ok	
val	wl-tile-v1-13137	wl-neg-neg-es-pba-65036	neg-es-pba-65036	0	hard_negative	val	ES	Mámoa de Cerraque 4	Crecente	Albeos (San Xoán)		megalithic_mound	0.50533710	426	ok	
val	wl-tile-v1-13151	wl-neg-neg-es-pba-66713	neg-es-pba-66713	0	hard_negative	val	ES	Mámoa de Chan da Cruz 1	Meis	A Armenteira (Santa María)		megalithic_mound	0.10237804	1508	ok	
val	wl-tile-v1-13152	wl-neg-neg-es-pba-66714	neg-es-pba-66714	0	hard_negative	val	ES	Mámoa de Chan da Cruz 2	Meis	A Armenteira (Santa María)		megalithic_mound	0.17173232	1239	ok	
val	wl-tile-v1-13153	wl-neg-neg-es-pba-66715	neg-es-pba-66715	0	hard_negative	val	ES	Mámoa de Chan da Cruz 3	Meis	A Armenteira (Santa María)		megalithic_mound	0.21378532	1117	ok	
val	wl-tile-v1-12824	wl-neg-neg-es-pba-64279	neg-es-pba-64279	0	hard_negative	val	ES	Mámoa de Chan da Quenlla 1	A Estrada	A Somoza (Santo André)		megalithic_mound	0.18263350	1208	ok	
val	wl-tile-v1-12825	wl-neg-neg-es-pba-64280	neg-es-pba-64280	0	hard_negative	val	ES	Mámoa de Chan da Quenlla 2	A Estrada	A Somoza (Santo André)		megalithic_mound	0.11620105	1464	ok	
val	wl-tile-v1-12826	wl-neg-neg-es-pba-64281	neg-es-pba-64281	0	hard_negative	val	ES	Mámoa de Chan da Quenlla 3	A Estrada	A Somoza (Santo André)		megalithic_mound	0.38660200	643	ok	
val	wl-tile-v1-12827	wl-neg-neg-es-pba-64282	neg-es-pba-64282	0	hard_negative	val	ES	Mámoa de Chan da Quenlla 4	A Estrada	A Somoza (Santo André)		megalithic_mound	0.15343983	1315	ok	
val	wl-tile-v1-12828	wl-neg-neg-es-pba-64283	neg-es-pba-64283	0	hard_negative	val	ES	Mámoa de Chan da Quenlla 5	A Estrada	A Somoza (Santo André)		megalithic_mound	0.16212295	1278	ok	
val	wl-tile-v1-12829	wl-neg-neg-es-pba-64308	neg-es-pba-64308	0	hard_negative	val	ES	Mámoa de Chan da Quenlla 6	A Estrada	A Somoza (Santo André)		megalithic_mound	0.12296831	1437	ok	
val	wl-tile-v1-12830	wl-neg-neg-es-pba-64309	neg-es-pba-64309	0	hard_negative	val	ES	Mámoa de Chan da Quenlla 7	A Estrada	A Somoza (Santo André)		megalithic_mound	0.11597238	1465	ok	
val	wl-tile-v1-12831	wl-neg-neg-es-pba-64310	neg-es-pba-64310	0	hard_negative	val	ES	Mámoa de Chan da Quenlla 8	A Estrada	A Somoza (Santo André)		megalithic_mound	0.03257736	1808	ok	
val	wl-tile-v1-12832	wl-neg-neg-es-pba-64311	neg-es-pba-64311	0	hard_negative	val	ES	Mámoa de Chan da Quenlla 9 (Posible)	A Estrada	A Somoza (Santo André)		megalithic_mound	0.14979702	1328	ok	
val	wl-tile-v1-12833	wl-neg-neg-es-pba-64312	neg-es-pba-64312	0	hard_negative	val	ES	Mámoa de Chan das Lamas	A Estrada	Souto (Santo André)		megalithic_mound	0.02210325	1835	ok	
val	wl-tile-v1-12834	wl-neg-neg-es-pba-64313	neg-es-pba-64313	0	hard_negative	val	ES	Mámoa de Chan de Bó	A Estrada	Codeseda (San Xurxo)		megalithic_mound	0.06398333	1684	ok	
val	wl-tile-v1-12835	wl-neg-neg-es-pba-64314	neg-es-pba-64314	0	hard_negative	val	ES	Mámoa de Chan do Curro	A Estrada	Arca (San Miguel)		megalithic_mound	0.08477666	1589	ok	
val	wl-tile-v1-13371	wl-neg-neg-es-pba-71835	neg-es-pba-71835	0	hard_negative	val	ES	Mámoa de Chan do Rego 3	Soutomaior	Soutomaior (San Salvador)		megalithic_mound	0.18510582	1200	ok	
val	wl-tile-v1-13344	wl-neg-neg-es-pba-69658	neg-es-pba-69658	0	hard_negative	val	ES	Mámoa de Chan dos Coellos	Oia	Burgueira (San Pedro)		megalithic_mound	0.11287225	1477	ok	
val	wl-tile-v1-11949	wl-neg-neg-es-pba-13010	neg-es-pba-13010	0	hard_negative	val	ES	Mámoa de Chao do Bidueiro 2	Mañón	O Freixo (San Xoán)		megalithic_mound	0.42378101	557	ok	
val	wl-tile-v1-13172	wl-neg-neg-es-pba-68546	neg-es-pba-68546	0	hard_negative	val	ES	Mámoa de Chavella	Oia	Oia (Santa María)		megalithic_mound	0.07403419	1639	ok	
val	wl-tile-v1-12021	wl-neg-neg-es-pba-20445	neg-es-pba-20445	0	hard_negative	val	ES	Mámoa de Codeso 1	Rois	Urdilde (Santa María)		megalithic_mound	0.31792605	806	ok	
val	wl-tile-v1-12022	wl-neg-neg-es-pba-20446	neg-es-pba-20446	0	hard_negative	val	ES	Mámoa de Codeso 2	Rois	Urdilde (Santa María)		megalithic_mound	0.36261377	691	ok	
val	wl-tile-v1-12023	wl-neg-neg-es-pba-20447	neg-es-pba-20447	0	hard_negative	val	ES	Mámoa de Codeso 3	Rois	Ermedelo (San Martiño)		megalithic_mound	0.27688133	931	ok	
val	wl-tile-v1-12024	wl-neg-neg-es-pba-20448	neg-es-pba-20448	0	hard_negative	val	ES	Mámoa de Codeso 4	Rois	Ermedelo (San Martiño)		megalithic_mound	0.31437546	816	ok	
val	wl-tile-v1-12025	wl-neg-neg-es-pba-20449	neg-es-pba-20449	0	hard_negative	val	ES	Mámoa de Codeso 5	Rois	Ermedelo (San Martiño)		megalithic_mound	0.20474296	1139	ok	
val	wl-tile-v1-12026	wl-neg-neg-es-pba-20450	neg-es-pba-20450	0	hard_negative	val	ES	Mámoa de Codeso 6	Rois	Ermedelo (San Martiño)		megalithic_mound	0.30181817	867	ok	
val	wl-tile-v1-12027	wl-neg-neg-es-pba-20451	neg-es-pba-20451	0	hard_negative	val	ES	Mámoa de Codeso 7	Rois	Ermedelo (San Martiño)		megalithic_mound	0.37488054	669	ok	
val	wl-tile-v1-12372	wl-neg-neg-es-pba-30240	neg-es-pba-30240	0	hard_negative	val	ES	Mámoa de Corvite	Guitiriz	Santa Mariña de Lagostelle (Santa Mariña)		megalithic_mound	0.47648522	469	ok	
val	wl-tile-v1-12016	wl-neg-neg-es-pba-15924	neg-es-pba-15924	0	hard_negative	val	ES	Mámoa de Costa 1	Oroso	Trasmonte (Santo Estevo)		megalithic_mound	0.49433438	446	ok	
val	wl-tile-v1-12017	wl-neg-neg-es-pba-15925	neg-es-pba-15925	0	hard_negative	val	ES	Mámoa de Costa 2	Oroso	Trasmonte (Santo Estevo)		megalithic_mound	0.53180909	390	ok	
val	wl-tile-v1-12018	wl-neg-neg-es-pba-15926	neg-es-pba-15926	0	hard_negative	val	ES	Mámoa de Costa 3	Oroso	Trasmonte (Santo Estevo)		megalithic_mound	0.56501559	357	ok	
val	wl-tile-v1-11950	wl-neg-neg-es-pba-13011	neg-es-pba-13011	0	hard_negative	val	ES	Mámoa de Coto Teixido 1	Mañón	As Grañas do Sor (San Mamede)		megalithic_mound	0.09987123	1518	ok	
val	wl-tile-v1-11951	wl-neg-neg-es-pba-13012	neg-es-pba-13012	0	hard_negative	val	ES	Mámoa de Coto Teixido 2	Mañón	As Grañas do Sor (San Mamede)		megalithic_mound	0.12881105	1416	ok	
val	wl-tile-v1-12838	wl-neg-neg-es-pba-64342	neg-es-pba-64342	0	hard_negative	val	ES	Mámoa de Coto Vello	A Estrada	Curantes (San Miguel)		megalithic_mound	0.20922001	1126	ok	
val	wl-tile-v1-12836	wl-neg-neg-es-pba-64315	neg-es-pba-64315	0	hard_negative	val	ES	Mámoa de Coto de Arca	A Estrada	Arca (San Miguel)		megalithic_mound	0.04889430	1754	ok	
val	wl-tile-v1-12750	wl-neg-neg-es-pba-63302	neg-es-pba-63302	0	hard_negative	val	ES	Mámoa de Coto de Xabriñas 1/Mámoa de Corzós	A Cañiza	Parada das Achas (Santiago)		megalithic_mound	0.46545324	488	ok	
val	wl-tile-v1-12751	wl-neg-neg-es-pba-63303	neg-es-pba-63303	0	hard_negative	val	ES	Mámoa de Coto de Xabriñas 2	A Cañiza	Parada das Achas (Santiago)		megalithic_mound	0.18869742	1186	ok	
val	wl-tile-v1-12752	wl-neg-neg-es-pba-63304	neg-es-pba-63304	0	hard_negative	val	ES	Mámoa de Coto de Xabriñas 3	A Cañiza	Parada das Achas (Santiago)		megalithic_mound	0.29397342	886	ok	
val	wl-tile-v1-12839	wl-neg-neg-es-pba-64343	neg-es-pba-64343	0	hard_negative	val	ES	Mámoa de Couto Alto	A Estrada	Sabucedo (San Lourenzo)		megalithic_mound	0.11274848	1478	ok	
val	wl-tile-v1-11952	wl-neg-neg-es-pba-13013	neg-es-pba-13013	0	hard_negative	val	ES	Mámoa de Cruz da Faladoira 2/Forno dos Mouros	Mañón	As Grañas do Sor (San Mamede)		megalithic_mound	0.18683330	1194	ok	
val	wl-tile-v1-11893	wl-neg-neg-es-pba-12500	neg-es-pba-12500	0	hard_negative	val	ES	Mámoa de Cruz da Faladoira 3	Mañón	As Grañas do Sor (San Mamede)		megalithic_mound	0.05032288	1743	ok	
val	wl-tile-v1-11894	wl-neg-neg-es-pba-12501	neg-es-pba-12501	0	hard_negative	val	ES	Mámoa de Cruz da Faladoira 4	Mañón	As Grañas do Sor (San Mamede)		megalithic_mound	0.33418848	764	ok	
val	wl-tile-v1-13154	wl-neg-neg-es-pba-66716	neg-es-pba-66716	0	hard_negative	val	ES	Mámoa de Cuchín	Meis	A Armenteira (Santa María)		megalithic_mound	0.21784767	1107	ok	
val	wl-tile-v1-11964	wl-neg-neg-es-pba-13726	neg-es-pba-13726	0	hard_negative	val	ES	Mámoa de Edreira 6	Monfero	Vilachá (Santa María)		megalithic_mound	0.17123732	1241	ok	
val	wl-tile-v1-11965	wl-neg-neg-es-pba-13727	neg-es-pba-13727	0	hard_negative	val	ES	Mámoa de Edreira 7	Monfero	Vilachá (Santa María)		megalithic_mound	0.20268695	1145	ok	
val	wl-tile-v1-11966	wl-neg-neg-es-pba-13728	neg-es-pba-13728	0	hard_negative	val	ES	Mámoa de Edreira 8	Monfero	Vilachá (Santa María)		megalithic_mound	0.25827416	989	ok	
val	wl-tile-v1-12840	wl-neg-neg-es-pba-64344	neg-es-pba-64344	0	hard_negative	val	ES	Mámoa de Fonte Cabaza	A Estrada	Curantes (San Miguel)		megalithic_mound	0.32346908	791	ok	
val	wl-tile-v1-12551	wl-neg-neg-es-pba-43159	neg-es-pba-43159	0	hard_negative	val	ES	Mámoa de Fonte Ferreiro	O Vicedo	Cabanas (Santa María)		megalithic_mound	0.31818032	804	ok	
val	wl-tile-v1-12374	wl-neg-neg-es-pba-30242	neg-es-pba-30242	0	hard_negative	val	ES	Mámoa de Fonte Garrida	Guitiriz	Santa Mariña de Lagostelle (Santa Mariña)		megalithic_mound	0.32187544	797	ok	
val	wl-tile-v1-12373	wl-neg-neg-es-pba-30241	neg-es-pba-30241	0	hard_negative	val	ES	Mámoa de Fonte de Pedrasos 2	Guitiriz	Os Vilares (San Vicenzo)		megalithic_mound	0.30801048	844	ok	
val	wl-tile-v1-13155	wl-neg-neg-es-pba-66717	neg-es-pba-66717	0	hard_negative	val	ES	Mámoa de Fonte do Lagarto 2	Meis	A Armenteira (Santa María)		megalithic_mound	0.02785923	1823	ok	
val	wl-tile-v1-13173	wl-neg-neg-es-pba-68547	neg-es-pba-68547	0	hard_negative	val	ES	Mámoa de Fonte do Toxo	Oia	Burgueira (San Pedro)		megalithic_mound	0.03812207	1794	ok	
val	wl-tile-v1-12753	wl-neg-neg-es-pba-63305	neg-es-pba-63305	0	hard_negative	val	ES	Mámoa de Fontefría	A Cañiza	Santiago de Covelo (Santiago)		megalithic_mound	0.28739048	902	ok	
val	wl-tile-v1-13156	wl-neg-neg-es-pba-66718	neg-es-pba-66718	0	hard_negative	val	ES	Mámoa de Fontefría	Meis	A Armenteira (Santa María)		megalithic_mound	0.23685013	1042	ok	
val	wl-tile-v1-13157	wl-neg-neg-es-pba-66719	neg-es-pba-66719	0	hard_negative	val	ES	Mámoa de Fonteseca	Meis	San Martiño de Meis (San Martiño)		megalithic_mound	0.07382171	1640	ok	
val	wl-tile-v1-12135	wl-neg-neg-es-pba-30871	neg-es-pba-30871	0	hard_negative	val	ES	Mámoa de Fornelos	A Fonsagrada	San Pedro de Río (San Pedro)		megalithic_mound	0.29167706	890	ok	
val	wl-tile-v1-12350	wl-neg-neg-es-pba-30923	neg-es-pba-30923	0	hard_negative	val	ES	Mámoa de Fornelos 1	Foz	San Martiño de Mondoñedo (San Marti¤o)		megalithic_mound	0.10940316	1484	ok	
val	wl-tile-v1-12351	wl-neg-neg-es-pba-30924	neg-es-pba-30924	0	hard_negative	val	ES	Mámoa de Fornelos 2	Foz	San Martiño de Mondoñedo (San Marti¤o)		megalithic_mound	0.09151648	1559	ok	
val	wl-tile-v1-12352	wl-neg-neg-es-pba-30925	neg-es-pba-30925	0	hard_negative	val	ES	Mámoa de Fornelos 3	Foz	San Martiño de Mondoñedo (San Marti¤o)		megalithic_mound	0.17374265	1232	ok	
val	wl-tile-v1-12353	wl-neg-neg-es-pba-30926	neg-es-pba-30926	0	hard_negative	val	ES	Mámoa de Fornelos 4	Foz	San Martiño de Mondoñedo (San Marti¤o)		megalithic_mound	0.07501301	1632	ok	
val	wl-tile-v1-12885	wl-neg-neg-es-pba-79912	neg-es-pba-79912	0	hard_negative	val	ES	Mámoa de Guidoiro Areoso 1	A Illa de Arousa	A Illa de Arousa (San Xulián)		megalithic_mound	0.46091201	494	ok	
val	wl-tile-v1-12886	wl-neg-neg-es-pba-80002	neg-es-pba-80002	0	hard_negative	val	ES	Mámoa de Guidoiro Areoso 2	A Illa de Arousa	A Illa de Arousa (San Xulián)		megalithic_mound	0.73816493	192	ok	
val	wl-tile-v1-12887	wl-neg-neg-es-pba-80003	neg-es-pba-80003	0	hard_negative	val	ES	Mámoa de Guidoiro Areoso 3	A Illa de Arousa	A Illa de Arousa (San Xulián)		megalithic_mound	0.59948498	321	ok	
val	wl-tile-v1-12888	wl-neg-neg-es-pba-80004	neg-es-pba-80004	0	hard_negative	val	ES	Mámoa de Guidoiro Areoso 4	A Illa de Arousa	A Illa de Arousa (San Xulián)		megalithic_mound	0.53515035	388	ok	
val	wl-tile-v1-12889	wl-neg-neg-es-pba-80005	neg-es-pba-80005	0	hard_negative	val	ES	Mámoa de Guidoiro Areoso 5	A Illa de Arousa	A Illa de Arousa (San Xulián)		megalithic_mound	0.72393571	203	ok	
val	wl-tile-v1-12754	wl-neg-neg-es-pba-63306	neg-es-pba-63306	0	hard_negative	val	ES	Mámoa de Guntín 1	A Cañiza	Oroso (Santa María)		megalithic_mound	0.40647152	595	ok	
val	wl-tile-v1-12755	wl-neg-neg-es-pba-63307	neg-es-pba-63307	0	hard_negative	val	ES	Mámoa de Guntín 2	A Cañiza	Oroso (Santa María)		megalithic_mound	0.44859163	518	ok	
val	wl-tile-v1-11895	wl-neg-neg-es-pba-12502	neg-es-pba-12502	0	hard_negative	val	ES	Mámoa de Maeda 1	Mañón	Mogor (Santa María)		megalithic_mound	0.26677853	963	ok	
val	wl-tile-v1-11896	wl-neg-neg-es-pba-12503	neg-es-pba-12503	0	hard_negative	val	ES	Mámoa de Maeda 2/Campo do Furco/Campo do Tesouro	Mañón	Mogor (Santa María)		megalithic_mound	0.05021319	1745	ok	
val	wl-tile-v1-11897	wl-neg-neg-es-pba-12504	neg-es-pba-12504	0	hard_negative	val	ES	Mámoa de Maeda 3/O Facho	Mañón	Bares (Santa María)		megalithic_mound	0.23432112	1057	ok	
val	wl-tile-v1-11898	wl-neg-neg-es-pba-12505	neg-es-pba-12505	0	hard_negative	val	ES	Mámoa de Maeda 4/O Facho	Mañón	Bares (Santa María)		megalithic_mound	0.27429340	940	ok	
val	wl-tile-v1-11899	wl-neg-neg-es-pba-12506	neg-es-pba-12506	0	hard_negative	val	ES	Mámoa de Maeda 5/Chao da Caldeira	Mañón	Bares (Santa María)		megalithic_mound	0.04947954	1750	ok	
val	wl-tile-v1-11900	wl-neg-neg-es-pba-12507	neg-es-pba-12507	0	hard_negative	val	ES	Mámoa de Maeda 6/Chao da Caldeira	Mañón	Bares (Santa María)		megalithic_mound	0.09211667	1557	ok	
val	wl-tile-v1-11901	wl-neg-neg-es-pba-12565	neg-es-pba-12565	0	hard_negative	val	ES	Mámoa de Maeda 7	Mañón	Bares (Santa María)		megalithic_mound	0.11361697	1471	ok	
val	wl-tile-v1-11902	wl-neg-neg-es-pba-12566	neg-es-pba-12566	0	hard_negative	val	ES	Mámoa de Maeda 8	Mañón	Mogor (Santa María)		megalithic_mound	0.09575555	1541	ok	
val	wl-tile-v1-11903	wl-neg-neg-es-pba-12567	neg-es-pba-12567	0	hard_negative	val	ES	Mámoa de Maeda 9	Mañón	Mogor (Santa María)		megalithic_mound	0.10749828	1490	ok	
val	wl-tile-v1-12756	wl-neg-neg-es-pba-63333	neg-es-pba-63333	0	hard_negative	val	ES	Mámoa de Marco Pedroso 01	A Cañiza	A Ameixeira (San Bernabeu)		megalithic_mound	0.38150962	653	ok	
val	wl-tile-v1-12757	wl-neg-neg-es-pba-63334	neg-es-pba-63334	0	hard_negative	val	ES	Mámoa de Marco Pedroso 02	A Cañiza	A Ameixeira (San Bernabeu)		megalithic_mound	0.45404745	507	ok	
val	wl-tile-v1-12758	wl-neg-neg-es-pba-63335	neg-es-pba-63335	0	hard_negative	val	ES	Mámoa de Marco Pedroso 03	A Cañiza	A Ameixeira (San Bernabeu)		megalithic_mound	0.47266966	474	ok	
val	wl-tile-v1-12759	wl-neg-neg-es-pba-63336	neg-es-pba-63336	0	hard_negative	val	ES	Mámoa de Marco Pedroso 04	A Cañiza	A Ameixeira (San Bernabeu)		megalithic_mound	0.67459730	240	ok	
val	wl-tile-v1-12760	wl-neg-neg-es-pba-63337	neg-es-pba-63337	0	hard_negative	val	ES	Mámoa de Marco Pedroso 05	A Cañiza	A Ameixeira (San Bernabeu)		megalithic_mound	0.53067539	393	ok	
val	wl-tile-v1-12761	wl-neg-neg-es-pba-63338	neg-es-pba-63338	0	hard_negative	val	ES	Mámoa de Marco Pedroso 06	A Cañiza	A Ameixeira (San Bernabeu)		megalithic_mound	0.45096319	514	ok	
val	wl-tile-v1-12762	wl-neg-neg-es-pba-63339	neg-es-pba-63339	0	hard_negative	val	ES	Mámoa de Marco Pedroso 07	A Cañiza	A Ameixeira (San Bernabeu)		megalithic_mound	0.39147185	631	ok	
val	wl-tile-v1-12763	wl-neg-neg-es-pba-63340	neg-es-pba-63340	0	hard_negative	val	ES	Mámoa de Marco Pedroso 08	A Cañiza	A Ameixeira (San Bernabeu)		megalithic_mound	0.34798140	730	ok	
val	wl-tile-v1-12764	wl-neg-neg-es-pba-63371	neg-es-pba-63371	0	hard_negative	val	ES	Mámoa de Marco Pedroso 09	A Cañiza	A Ameixeira (San Bernabeu)		megalithic_mound	0.34499733	732	ok	
val	wl-tile-v1-12765	wl-neg-neg-es-pba-63372	neg-es-pba-63372	0	hard_negative	val	ES	Mámoa de Marco Pedroso 10	A Cañiza	A Ameixeira (San Bernabeu)		megalithic_mound	0.32242842	794	ok	
val	wl-tile-v1-12766	wl-neg-neg-es-pba-63373	neg-es-pba-63373	0	hard_negative	val	ES	Mámoa de Marco Pedroso 11	A Cañiza	A Ameixeira (San Bernabeu)		megalithic_mound	0.24286711	1025	ok	
val	wl-tile-v1-12767	wl-neg-neg-es-pba-63374	neg-es-pba-63374	0	hard_negative	val	ES	Mámoa de Marco Pedroso 12	A Cañiza	A Ameixeira (San Bernabeu)		megalithic_mound	0.25422934	998	ok	
val	wl-tile-v1-12841	wl-neg-neg-es-pba-64345	neg-es-pba-64345	0	hard_negative	val	ES	Mámoa de Matalobos	A Estrada	Matalobos (Santa Baia)		megalithic_mound	0.34246453	743	ok	
val	wl-tile-v1-12983	wl-neg-neg-es-pba-63689	neg-es-pba-63689	0	hard_negative	val	ES	Mámoa de Monte Acibal 2/Casa de María Méndez 4	Campo Lameiro	Fragas (Santa Mariña)		megalithic_mound	0.10244146	1506	ok	
val	wl-tile-v1-12984	wl-neg-neg-es-pba-63690	neg-es-pba-63690	0	hard_negative	val	ES	Mámoa de Monte Acibal 3	Campo Lameiro	Fragas (Santa Mariña)		megalithic_mound	0.14580150	1346	ok	
val	wl-tile-v1-12985	wl-neg-neg-es-pba-63691	neg-es-pba-63691	0	hard_negative	val	ES	Mámoa de Monte Acibal 4	Campo Lameiro	Fragas (Santa Mariña)		megalithic_mound	0.24327334	1022	ok	
val	wl-tile-v1-12986	wl-neg-neg-es-pba-63692	neg-es-pba-63692	0	hard_negative	val	ES	Mámoa de Monte Acibal 5	Campo Lameiro	Fragas (Santa Mariña)		megalithic_mound	0.07369593	1642	ok	
val	wl-tile-v1-12987	wl-neg-neg-es-pba-63693	neg-es-pba-63693	0	hard_negative	val	ES	Mámoa de Monte Acibal 6	Campo Lameiro	Fragas (Santa Mariña)		megalithic_mound	0.06165125	1693	ok	
val	wl-tile-v1-12324	wl-neg-neg-es-pba-29214	neg-es-pba-29214	0	hard_negative	val	ES	Mámoa de Monte Cabeza 1	Chantada	O Monte (San Miguel)		megalithic_mound	0.17752895	1225	ok	
val	wl-tile-v1-12325	wl-neg-neg-es-pba-29215	neg-es-pba-29215	0	hard_negative	val	ES	Mámoa de Monte Cabeza 2	Chantada	O Monte (San Miguel)		megalithic_mound	0.15666775	1305	ok	
val	wl-tile-v1-12326	wl-neg-neg-es-pba-29216	neg-es-pba-29216	0	hard_negative	val	ES	Mámoa de Monte Cabeza 2	Chantada	O Monte (San Miguel)		megalithic_mound	0.15746793	1300	ok	
val	wl-tile-v1-12327	wl-neg-neg-es-pba-29217	neg-es-pba-29217	0	hard_negative	val	ES	Mámoa de Monte Cabeza 3	Chantada	O Monte (San Miguel)		megalithic_mound	0.16815990	1255	ok	
val	wl-tile-v1-12328	wl-neg-neg-es-pba-29218	neg-es-pba-29218	0	hard_negative	val	ES	Mámoa de Monte Cabeza 3	Chantada	O Monte (San Miguel)		megalithic_mound	0.16060243	1284	ok	
val	wl-tile-v1-11967	wl-neg-neg-es-pba-13729	neg-es-pba-13729	0	hard_negative	val	ES	Mámoa de Monte Cadaval	Monfero	O Alto de Xestoso (Santa María)		megalithic_mound	0.34823357	728	ok	
val	wl-tile-v1-12844	wl-neg-neg-es-pba-64348	neg-es-pba-64348	0	hard_negative	val	ES	Mámoa de Monte Fornadeiro	A Estrada	San Tomé de Ancorados (San Tom‚)		megalithic_mound	0.49772462	440	ok	
val	wl-tile-v1-12988	wl-neg-neg-es-pba-63694	neg-es-pba-63694	0	hard_negative	val	ES	Mámoa de Monte Laceira 6	Campo Lameiro	O Couso (San Cristovo)		megalithic_mound	0.10270937	1504	ok	
val	wl-tile-v1-11968	wl-neg-neg-es-pba-13730	neg-es-pba-13730	0	hard_negative	val	ES	Mámoa de Monte Novás	Monfero	Santa Xiá de Monfero (Santa Xiá)		megalithic_mound	0.32577815	782	ok	
val	wl-tile-v1-12691	wl-neg-neg-es-pba-59612	neg-es-pba-59612	0	hard_negative	val	ES	Mámoa de Monte Oural 1	Verea	Gontán (Santo André)		megalithic_mound	0.23667070	1045	ok	
val	wl-tile-v1-12692	wl-neg-neg-es-pba-59613	neg-es-pba-59613	0	hard_negative	val	ES	Mámoa de Monte Oural 2	Verea	Gontán (Santo André)		megalithic_mound	0.13074114	1412	ok	
val	wl-tile-v1-12693	wl-neg-neg-es-pba-59614	neg-es-pba-59614	0	hard_negative	val	ES	Mámoa de Monte Oural 3	Verea	Gontán (Santo André)		megalithic_mound	0.10037738	1516	ok	
val	wl-tile-v1-12552	wl-neg-neg-es-pba-43160	neg-es-pba-43160	0	hard_negative	val	ES	Mámoa de Monte Padró 1	O Vicedo	Cabanas (Santa María)		megalithic_mound	0.15902826	1293	ok	
val	wl-tile-v1-12553	wl-neg-neg-es-pba-43161	neg-es-pba-43161	0	hard_negative	val	ES	Mámoa de Monte Padró 2	O Vicedo	Cabanas (Santa María)		megalithic_mound	0.16273044	1273	ok	
val	wl-tile-v1-12554	wl-neg-neg-es-pba-43193	neg-es-pba-43193	0	hard_negative	val	ES	Mámoa de Monte Padró 3	O Vicedo	Cabanas (Santa María)		megalithic_mound	0.19475212	1164	ok	
val	wl-tile-v1-12845	wl-neg-neg-es-pba-64349	neg-es-pba-64349	0	hard_negative	val	ES	Mámoa de Monte Rosada 2	A Estrada	Frades (Santa María)		megalithic_mound	0.04698621	1766	ok	
val	wl-tile-v1-13158	wl-neg-neg-es-pba-66720	neg-es-pba-66720	0	hard_negative	val	ES	Mámoa de Monte San Paio/Mámoa do Monte da Caseta	Meis	San Tomé de Nogueira (San Tom‚)		megalithic_mound	0.03917005	1788	ok	
val	wl-tile-v1-12893	wl-neg-neg-es-pba-62166	neg-es-pba-62166	0	hard_negative	val	ES	Mámoa de Monte Treviscoso I-1	Cambados	Tremoedo (Santo Estevo)		megalithic_mound	0.04363812	1777	ok	
val	wl-tile-v1-12989	wl-neg-neg-es-pba-63695	neg-es-pba-63695	0	hard_negative	val	ES	Mámoa de Monte Xistalto 2	Campo Lameiro	O Campo (San Miguel)		megalithic_mound	0.05148314	1740	ok	
val	wl-tile-v1-12842	wl-neg-neg-es-pba-64346	neg-es-pba-64346	0	hard_negative	val	ES	Mámoa de Monte da Arca	A Estrada	Arca (San Miguel)		megalithic_mound	0.10748934	1491	ok	
val	wl-tile-v1-12136	wl-neg-neg-es-pba-30872	neg-es-pba-30872	0	hard_negative	val	ES	Mámoa de Monte de Filso	A Fonsagrada	Fonfría (Santa María Madanela)		megalithic_mound	0.38789018	641	ok	
val	wl-tile-v1-12375	wl-neg-neg-es-pba-30243	neg-es-pba-30243	0	hard_negative	val	ES	Mámoa de Monte de Ouzas	Guitiriz	As Negradas (San Vicenzo)		megalithic_mound	0.58079104	334	ok	
val	wl-tile-v1-12137	wl-neg-neg-es-pba-30873	neg-es-pba-30873	0	hard_negative	val	ES	Mámoa de Monte do Río 1	A Fonsagrada	Carballido (Santa María)		megalithic_mound	0.10042445	1515	ok	
val	wl-tile-v1-12138	wl-neg-neg-es-pba-30874	neg-es-pba-30874	0	hard_negative	val	ES	Mámoa de Monte do Río 2	A Fonsagrada	Carballido (Santa María)		megalithic_mound	0.15906167	1292	ok	
val	wl-tile-v1-12843	wl-neg-neg-es-pba-64347	neg-es-pba-64347	0	hard_negative	val	ES	Mámoa de Monte dos Corvos	A Estrada	Rubín (Santa María)		megalithic_mound	0.47364747	472	ok	
val	wl-tile-v1-12294	wl-neg-neg-es-pba-28692	neg-es-pba-28692	0	hard_negative	val	ES	Mámoa de Monte dos Trobos/Chivadoiro	Barreiros	Cabarcos (San Xulián)		megalithic_mound	0.14773362	1338	ok	
val	wl-tile-v1-12591	wl-neg-neg-es-pba-35710	neg-es-pba-35710	0	hard_negative	val	ES	Mámoa de Montemaior	Outeiro de Rei	San Fiz de Paz (San Pedro Fiz)		megalithic_mound	0.23206518	1061	ok	
val	wl-tile-v1-12555	wl-neg-neg-es-pba-43194	neg-es-pba-43194	0	hard_negative	val	ES	Mámoa de Moreiras	O Vicedo	San Román de Vale (San Román)		megalithic_mound	0.45170930	512	ok	
val	wl-tile-v1-11969	wl-neg-neg-es-pba-13731	neg-es-pba-13731	0	hard_negative	val	ES	Mámoa de Naveira 1	Monfero	Vilachá (Santa María)		megalithic_mound	0.45925755	498	ok	
val	wl-tile-v1-11970	wl-neg-neg-es-pba-13732	neg-es-pba-13732	0	hard_negative	val	ES	Mámoa de Naveira 2	Monfero	Vilachá (Santa María)		megalithic_mound	0.60606688	318	ok	
val	wl-tile-v1-11971	wl-neg-neg-es-pba-13733	neg-es-pba-13733	0	hard_negative	val	ES	Mámoa de Naveira 3	Monfero	Vilachá (Santa María)		megalithic_mound	0.47879011	463	ok	
val	wl-tile-v1-13159	wl-neg-neg-es-pba-66744	neg-es-pba-66744	0	hard_negative	val	ES	Mámoa de Outeiro	Meis	Meis (San Salvador)		megalithic_mound	0.93649696	52	ok	
val	wl-tile-v1-12852	wl-neg-neg-es-pba-64377	neg-es-pba-64377	0	hard_negative	val	ES	Mámoa de Outeiro Grande	A Estrada	Souto (Santo André)		megalithic_mound	0.16968577	1247	ok	
val	wl-tile-v1-12849	wl-neg-neg-es-pba-64374	neg-es-pba-64374	0	hard_negative	val	ES	Mámoa de Outeiro do Corno 1	A Estrada	Souto (Santo André)		megalithic_mound	0.07564189	1629	ok	
val	wl-tile-v1-12850	wl-neg-neg-es-pba-64375	neg-es-pba-64375	0	hard_negative	val	ES	Mámoa de Outeiro do Corno 2	A Estrada	Souto (Santo André)		megalithic_mound	0.04629980	1770	ok	
val	wl-tile-v1-12851	wl-neg-neg-es-pba-64376	neg-es-pba-64376	0	hard_negative	val	ES	Mámoa de Outeiro do Corno 3	A Estrada	Souto (Santo André)		megalithic_mound	0.03447548	1805	ok	
val	wl-tile-v1-12059	wl-neg-neg-es-pba-25995	neg-es-pba-25995	0	hard_negative	val	ES	Mámoa de Paizás1	Vedra	Trobe (Santo André)		megalithic_mound	0.56727727	354	ok	
val	wl-tile-v1-12060	wl-neg-neg-es-pba-25996	neg-es-pba-25996	0	hard_negative	val	ES	Mámoa de Paizás2	Vedra	Trobe (Santo André)		megalithic_mound	0.49556507	443	ok	
val	wl-tile-v1-12061	wl-neg-neg-es-pba-25997	neg-es-pba-25997	0	hard_negative	val	ES	Mámoa de Paizás3	Vedra	Trobe (Santo André)		megalithic_mound	0.41756448	569	ok	
val	wl-tile-v1-11882	wl-neg-neg-es-pba-9276	neg-es-pba-9276	0	hard_negative	val	ES	Mámoa de Paradegua 02	Dodro	San Xoán de Laíño (San Xoán)		megalithic_mound	0.23402966	1059	ok	
val	wl-tile-v1-12768	wl-neg-neg-es-pba-63375	neg-es-pba-63375	0	hard_negative	val	ES	Mámoa de Paredes	A Cañiza	Oroso (Santa María)		megalithic_mound	0.50402111	431	ok	
val	wl-tile-v1-12853	wl-neg-neg-es-pba-64378	neg-es-pba-64378	0	hard_negative	val	ES	Mámoa de Pedra Sobrado	A Estrada	Codeseda (San Xurxo)		megalithic_mound	0.10564644	1495	ok	
val	wl-tile-v1-12854	wl-neg-neg-es-pba-64379	neg-es-pba-64379	0	hard_negative	val	ES	Mámoa de Pedra Xestosa	A Estrada	Frades (Santa María)		megalithic_mound	0.24831859	1011	ok	
val	wl-tile-v1-12694	wl-neg-neg-es-pba-59615	neg-es-pba-59615	0	hard_negative	val	ES	Mámoa de Pedra da Arca 1	Verea	Cexo (Santo Adrao)		megalithic_mound	0.29228542	889	ok	
val	wl-tile-v1-12855	wl-neg-neg-es-pba-64380	neg-es-pba-64380	0	hard_negative	val	ES	Mámoa de Pedregal/Os Ramos	A Estrada	A Estrada (San Paio)		megalithic_mound	0.29825457	875	ok	
val	wl-tile-v1-11904	wl-neg-neg-es-pba-12568	neg-es-pba-12568	0	hard_negative	val	ES	Mámoa de Pedrón 1	Mañón	As Grañas do Sor (San Mamede)		megalithic_mound	0.14464468	1359	ok	
val	wl-tile-v1-11905	wl-neg-neg-es-pba-12569	neg-es-pba-12569	0	hard_negative	val	ES	Mámoa de Pedrón 2	Mañón	As Grañas do Sor (San Mamede)		megalithic_mound	0.33074912	768	ok	
val	wl-tile-v1-11906	wl-neg-neg-es-pba-12570	neg-es-pba-12570	0	hard_negative	val	ES	Mámoa de Pedrón 3	Mañón	As Grañas do Sor (San Mamede)		megalithic_mound	0.14465117	1358	ok	
val	wl-tile-v1-11907	wl-neg-neg-es-pba-12571	neg-es-pba-12571	0	hard_negative	val	ES	Mámoa de Pena Abelleira/Pena do Oso	Mañón	Bares (Santa María)		megalithic_mound	0.23975105	1033	ok	
val	wl-tile-v1-11908	wl-neg-neg-es-pba-12572	neg-es-pba-12572	0	hard_negative	val	ES	Mámoa de Pena Branca 1/Forno dos Mouros	Mañón	As Ribeiras do Sor (San Cristovo)		megalithic_mound	0.15467441	1311	ok	
val	wl-tile-v1-11909	wl-neg-neg-es-pba-12600	neg-es-pba-12600	0	hard_negative	val	ES	Mámoa de Pena Branca 1/Forno dos Mouros	Mañón	As Ribeiras do Sor (San Cristovo)		megalithic_mound	0.18096899	1215	ok	
val	wl-tile-v1-11910	wl-neg-neg-es-pba-12601	neg-es-pba-12601	0	hard_negative	val	ES	Mámoa de Pena Branca 2	Mañón	As Ribeiras do Sor (San Cristovo)		megalithic_mound	0.15713196	1302	ok	
val	wl-tile-v1-11911	wl-neg-neg-es-pba-12602	neg-es-pba-12602	0	hard_negative	val	ES	Mámoa de Pena Branca 3	Mañón	As Ribeiras do Sor (San Cristovo)		megalithic_mound	0.17981926	1221	ok	
val	wl-tile-v1-11912	wl-neg-neg-es-pba-12603	neg-es-pba-12603	0	hard_negative	val	ES	Mámoa de Pena Branca 4	Mañón	As Ribeiras do Sor (San Cristovo)		megalithic_mound	0.14929402	1332	ok	
val	wl-tile-v1-11913	wl-neg-neg-es-pba-12604	neg-es-pba-12604	0	hard_negative	val	ES	Mámoa de Pena Branca 6	Mañón	As Ribeiras do Sor (San Cristovo)		megalithic_mound	0.30972498	836	ok	
val	wl-tile-v1-11914	wl-neg-neg-es-pba-12605	neg-es-pba-12605	0	hard_negative	val	ES	Mámoa de Pena Branca 6	Mañón	As Ribeiras do Sor (San Cristovo)		megalithic_mound	0.31466990	814	ok	
val	wl-tile-v1-11915	wl-neg-neg-es-pba-12606	neg-es-pba-12606	0	hard_negative	val	ES	Mámoa de Pena Branca 7	Mañón	Loiba (San Xulián)		megalithic_mound	0.18017508	1219	ok	
val	wl-tile-v1-11916	wl-neg-neg-es-pba-12635	neg-es-pba-12635	0	hard_negative	val	ES	Mámoa de Pena Branca 8	Mañón	As Ribeiras do Sor (San Cristovo)		megalithic_mound	0.30609941	850	ok	
val	wl-tile-v1-12376	wl-neg-neg-es-pba-30244	neg-es-pba-30244	0	hard_negative	val	ES	Mámoa de Pena Carballosa	Guitiriz	Lagostelle (San Xoán)		megalithic_mound	0.39909575	613	ok	
val	wl-tile-v1-11917	wl-neg-neg-es-pba-12636	neg-es-pba-12636	0	hard_negative	val	ES	Mámoa de Pena Grande 1	Mañón	Mañón (Santa María)		megalithic_mound	0.06491806	1680	ok	
val	wl-tile-v1-11918	wl-neg-neg-es-pba-12637	neg-es-pba-12637	0	hard_negative	val	ES	Mámoa de Pena Grande 2	Mañón	Mañón (Santa María)		megalithic_mound	0.13608274	1390	ok	
val	wl-tile-v1-11919	wl-neg-neg-es-pba-12638	neg-es-pba-12638	0	hard_negative	val	ES	Mámoa de Pena Grande 2	Mañón	Mañón (Santa María)		megalithic_mound	0.15922336	1290	ok	
val	wl-tile-v1-11920	wl-neg-neg-es-pba-12639	neg-es-pba-12639	0	hard_negative	val	ES	Mámoa de Pena Grande 3	Mañón	Mañón (Santa María)		megalithic_mound	0.07129104	1654	ok	
val	wl-tile-v1-11921	wl-neg-neg-es-pba-12640	neg-es-pba-12640	0	hard_negative	val	ES	Mámoa de Pena Grande 4	Mañón	Mañón (Santa María)		megalithic_mound	0.16047751	1285	ok	
val	wl-tile-v1-11922	wl-neg-neg-es-pba-12641	neg-es-pba-12641	0	hard_negative	val	ES	Mámoa de Pena Grande 5	Mañón	Mañón (Santa María)		megalithic_mound	0.06349817	1686	ok	
val	wl-tile-v1-12380	wl-neg-neg-es-pba-30351	neg-es-pba-30351	0	hard_negative	val	ES	Mámoa de Pena María 1	Guitiriz	Parga (Santo Estevo)		megalithic_mound	0.26545779	970	ok	
val	wl-tile-v1-12381	wl-neg-neg-es-pba-30352	neg-es-pba-30352	0	hard_negative	val	ES	Mámoa de Pena María 2	Guitiriz	Parga (Santo Estevo)		megalithic_mound	0.26578527	968	ok	
val	wl-tile-v1-12382	wl-neg-neg-es-pba-30353	neg-es-pba-30353	0	hard_negative	val	ES	Mámoa de Pena María 3	Guitiriz	Parga (Santo Estevo)		megalithic_mound	0.36331901	688	ok	
val	wl-tile-v1-12383	wl-neg-neg-es-pba-30354	neg-es-pba-30354	0	hard_negative	val	ES	Mámoa de Pena María 4	Guitiriz	Parga (Santo Estevo)		megalithic_mound	0.35119030	719	ok	
val	wl-tile-v1-12384	wl-neg-neg-es-pba-30355	neg-es-pba-30355	0	hard_negative	val	ES	Mámoa de Pena María 5	Guitiriz	Parga (Santo Estevo)		megalithic_mound	0.21819558	1106	ok	
val	wl-tile-v1-12377	wl-neg-neg-es-pba-30245	neg-es-pba-30245	0	hard_negative	val	ES	Mámoa de Pena das Cruces	Guitiriz	Os Vilares (San Vicenzo)		megalithic_mound	0.77486085	168	ok	
val	wl-tile-v1-12565	wl-neg-neg-es-pba-35886	neg-es-pba-35886	0	hard_negative	val	ES	Mámoa de Pena do Toxo 1	Ourol	Bravos (Santiago)		megalithic_mound	0.15399522	1314	ok	
val	wl-tile-v1-12566	wl-neg-neg-es-pba-35887	neg-es-pba-35887	0	hard_negative	val	ES	Mámoa de Pena do Toxo 2	Ourol	Bravos (Santiago)		megalithic_mound	0.07528738	1631	ok	
val	wl-tile-v1-12556	wl-neg-neg-es-pba-43195	neg-es-pba-43195	0	hard_negative	val	ES	Mámoa de Pena dos Foles	O Vicedo	San Román de Vale (San Román)		megalithic_mound	0.42396167	556	ok	
val	wl-tile-v1-12300	wl-neg-neg-es-pba-29645	neg-es-pba-29645	0	hard_negative	val	ES	Mámoa de Pena dos Mouros 1	Cervantes	Quindous (San Xusto)		megalithic_mound	0.28938610	895	ok	
val	wl-tile-v1-12301	wl-neg-neg-es-pba-29646	neg-es-pba-29646	0	hard_negative	val	ES	Mámoa de Pena dos Mouros 2	Cervantes	Quindous (San Xusto)		megalithic_mound	0.27768059	926	ok	
val	wl-tile-v1-12302	wl-neg-neg-es-pba-29647	neg-es-pba-29647	0	hard_negative	val	ES	Mámoa de Pena dos Mouros 3	Cervantes	Quindous (San Xusto)		megalithic_mound	0.30705903	848	ok	
val	wl-tile-v1-12856	wl-neg-neg-es-pba-64381	neg-es-pba-64381	0	hard_negative	val	ES	Mámoa de Penas Abeleiras	A Estrada	Olives (Santa María)		megalithic_mound	0.19428877	1166	ok	
val	wl-tile-v1-11923	wl-neg-neg-es-pba-12642	neg-es-pba-12642	0	hard_negative	val	ES	Mámoa de Penas Grandes	Mañón	As Grañas do Sor (San Mamede)		megalithic_mound	0.57381372	341	ok	
val	wl-tile-v1-12385	wl-neg-neg-es-pba-30356	neg-es-pba-30356	0	hard_negative	val	ES	Mámoa de Penas Grandes	Guitiriz	Lagostelle (San Xoán)		megalithic_mound	0.59140392	328	ok	
val	wl-tile-v1-12062	wl-neg-neg-es-pba-25998	neg-es-pba-25998	0	hard_negative	val	ES	Mámoa de Penas Pardas	Vedra	San Pedro de Vilanova (San Pedro)		megalithic_mound	0.16090038	1280	ok	
val	wl-tile-v1-11972	wl-neg-neg-es-pba-13734	neg-es-pba-13734	0	hard_negative	val	ES	Mámoa de Penedo Mouro	Monfero	Santa Xiá de Monfero (Santa Xiá)		megalithic_mound	0.28742627	901	ok	
val	wl-tile-v1-12857	wl-neg-neg-es-pba-64405	neg-es-pba-64405	0	hard_negative	val	ES	Mámoa de Penedo Vello	A Estrada	Curantes (San Miguel)		megalithic_mound	0.08525920	1588	ok	
val	wl-tile-v1-11973	wl-neg-neg-es-pba-13766	neg-es-pba-13766	0	hard_negative	val	ES	Mámoa de Penedo Xoquín 1	Monfero	O Alto de Xestoso (Santa María)		megalithic_mound	0.28816137	899	ok	
val	wl-tile-v1-11974	wl-neg-neg-es-pba-13767	neg-es-pba-13767	0	hard_negative	val	ES	Mámoa de Penedo Xoquín 2	Monfero	O Alto de Xestoso (Santa María)		megalithic_mound	0.15008016	1327	ok	
val	wl-tile-v1-12592	wl-neg-neg-es-pba-35711	neg-es-pba-35711	0	hard_negative	val	ES	Mámoa de Penelas	Outeiro de Rei	Bonxe (San Mamede)		megalithic_mound	0.31893786	801	ok	
val	wl-tile-v1-12658	wl-neg-neg-es-pba-41369	neg-es-pba-41369	0	hard_negative	val	ES	Mámoa de Pico Grande	Trabada	Trabada (Santa María)		megalithic_mound	0.09458636	1548	ok	
val	wl-tile-v1-12593	wl-neg-neg-es-pba-35712	neg-es-pba-35712	0	hard_negative	val	ES	Mámoa de Pico das Mallas	Outeiro de Rei	Aspai (San Cibrao)		megalithic_mound	0.39083225	633	ok	
val	wl-tile-v1-12769	wl-neg-neg-es-pba-63376	neg-es-pba-63376	0	hard_negative	val	ES	Mámoa de Portela de Deva 1	A Cañiza	Petán (San Xián)		megalithic_mound	0.22570523	1079	ok	
val	wl-tile-v1-12770	wl-neg-neg-es-pba-63377	neg-es-pba-63377	0	hard_negative	val	ES	Mámoa de Portela de Deva 2	A Cañiza	Petán (San Xián)		megalithic_mound	0.24753572	1012	ok	
val	wl-tile-v1-12028	wl-neg-neg-es-pba-20452	neg-es-pba-20452	0	hard_negative	val	ES	Mámoa de Porto Espiño 1	Rois	Augasantas (San Vicente)		megalithic_mound	0.31885014	802	ok	
val	wl-tile-v1-12029	wl-neg-neg-es-pba-20453	neg-es-pba-20453	0	hard_negative	val	ES	Mámoa de Porto Espiño 2	Rois	Augasantas (San Vicente)		megalithic_mound	0.23588632	1047	ok	
val	wl-tile-v1-13160	wl-neg-neg-es-pba-66745	neg-es-pba-66745	0	hard_negative	val	ES	Mámoa de Poza da Balada 1	Meis	Meis (San Salvador)		megalithic_mound	0.17043207	1244	ok	
val	wl-tile-v1-13161	wl-neg-neg-es-pba-66746	neg-es-pba-66746	0	hard_negative	val	ES	Mámoa de Poza da Balada 2	Meis	Meis (San Salvador)		megalithic_mound	0.14945570	1329	ok	
val	wl-tile-v1-12329	wl-neg-neg-es-pba-29251	neg-es-pba-29251	0	hard_negative	val	ES	Mámoa de Prado Vello 1	Chantada	O Monte (San Miguel)		megalithic_mound	0.21563716	1110	ok	
val	wl-tile-v1-12330	wl-neg-neg-es-pba-29252	neg-es-pba-29252	0	hard_negative	val	ES	Mámoa de Prado Vello 2	Chantada	O Monte (San Miguel)		megalithic_mound	0.37319769	673	ok	
val	wl-tile-v1-13162	wl-neg-neg-es-pba-66747	neg-es-pba-66747	0	hard_negative	val	ES	Mámoa de Puzo da Salgueira	Meis	San Tomé de Nogueira (San Tom‚)		megalithic_mound	0.30587807	851	ok	
val	wl-tile-v1-12063	wl-neg-neg-es-pba-26027	neg-es-pba-26027	0	hard_negative	val	ES	Mámoa de Quenlla das Medas	Vedra	San Pedro de Vilanova (San Pedro)		megalithic_mound	0.14328220	1364	ok	
val	wl-tile-v1-12859	wl-neg-neg-es-pba-64407	neg-es-pba-64407	0	hard_negative	val	ES	Mámoa de Rego da Cruz 6	A Estrada	Ribela (Santa Mariña)		megalithic_mound	0.09685461	1533	ok	
val	wl-tile-v1-12858	wl-neg-neg-es-pba-64406	neg-es-pba-64406	0	hard_negative	val	ES	Mámoa de Rego da cruz 2	A Estrada	Pardemarín (Santa Baia)		megalithic_mound	0.09818257	1527	ok	
val	wl-tile-v1-12860	wl-neg-neg-es-pba-64408	neg-es-pba-64408	0	hard_negative	val	ES	Mámoa de Rego das Lamas	A Estrada	Codeseda (San Xurxo)		megalithic_mound	0.05249589	1735	ok	
val	wl-tile-v1-12295	wl-neg-neg-es-pba-28693	neg-es-pba-28693	0	hard_negative	val	ES	Mámoa de Regodemel	Barreiros	San Miguel de Reinante (San Miguel)		megalithic_mound	0.57664608	338	ok	
val	wl-tile-v1-12861	wl-neg-neg-es-pba-64409	neg-es-pba-64409	0	hard_negative	val	ES	Mámoa de Sabucedo	A Estrada	Sabucedo (San Lourenzo)		megalithic_mound	0.13614219	1388	ok	
val	wl-tile-v1-12303	wl-neg-neg-es-pba-29648	neg-es-pba-29648	0	hard_negative	val	ES	Mámoa de Savane 1	Cervantes	San Pedro de Cervantes (San Pedro)		megalithic_mound	0.41414444	574	ok	
val	wl-tile-v1-12304	wl-neg-neg-es-pba-29649	neg-es-pba-29649	0	hard_negative	val	ES	Mámoa de Savane 2	Cervantes	San Pedro de Cervantes (San Pedro)		megalithic_mound	0.20874591	1128	ok	
val	wl-tile-v1-12305	wl-neg-neg-es-pba-29676	neg-es-pba-29676	0	hard_negative	val	ES	Mámoa de Savane 3	Cervantes	San Pedro de Cervantes (San Pedro)		megalithic_mound	0.35158016	718	ok	
val	wl-tile-v1-12990	wl-neg-neg-es-pba-63696	neg-es-pba-63696	0	hard_negative	val	ES	Mámoa de Saídos de Rozas 1	Campo Lameiro	O Couso (San Cristovo)		megalithic_mound	0.39451228	622	ok	
val	wl-tile-v1-13001	wl-neg-neg-es-pba-63723	neg-es-pba-63723	0	hard_negative	val	ES	Mámoa de Saídos de Rozas 2	Campo Lameiro	O Couso (San Cristovo)		megalithic_mound	0.40768178	591	ok	
val	wl-tile-v1-13002	wl-neg-neg-es-pba-63724	neg-es-pba-63724	0	hard_negative	val	ES	Mámoa de Saídos de Rozas 3	Campo Lameiro	O Couso (San Cristovo)		megalithic_mound	0.19376860	1167	ok	
val	wl-tile-v1-13003	wl-neg-neg-es-pba-63725	neg-es-pba-63725	0	hard_negative	val	ES	Mámoa de Saídos de Rozas 4	Campo Lameiro	O Couso (San Cristovo)		megalithic_mound	0.18204778	1212	ok	
val	wl-tile-v1-13004	wl-neg-neg-es-pba-63726	neg-es-pba-63726	0	hard_negative	val	ES	Mámoa de Saídos de Rozas 5	Campo Lameiro	O Couso (San Cristovo)		megalithic_mound	0.15412168	1313	ok	
val	wl-tile-v1-13005	wl-neg-neg-es-pba-63727	neg-es-pba-63727	0	hard_negative	val	ES	Mámoa de Saídos de Rozas 6	Campo Lameiro	O Couso (San Cristovo)		megalithic_mound	0.16646138	1260	ok	
val	wl-tile-v1-13006	wl-neg-neg-es-pba-63728	neg-es-pba-63728	0	hard_negative	val	ES	Mámoa de Saídos de Rozas 7	Campo Lameiro	O Couso (San Cristovo)		megalithic_mound	0.15080814	1325	ok	
val	wl-tile-v1-13007	wl-neg-neg-es-pba-63729	neg-es-pba-63729	0	hard_negative	val	ES	Mámoa de Saídos de Rozas 8	Campo Lameiro	O Couso (San Cristovo)		megalithic_mound	0.15054763	1326	ok	
val	wl-tile-v1-13008	wl-neg-neg-es-pba-63730	neg-es-pba-63730	0	hard_negative	val	ES	Mámoa de Saídos de Rozas 9	Campo Lameiro	O Couso (San Cristovo)		megalithic_mound	0.09791824	1529	ok	
val	wl-tile-v1-12664	wl-neg-neg-es-pba-49466	neg-es-pba-49466	0	hard_negative	val	ES	Mámoa de Sistil Blanco	Chandrexa de Queixa	Forcadas (Santa María)		megalithic_mound	0.28239604	915	ok	
val	wl-tile-v1-13163	wl-neg-neg-es-pba-66748	neg-es-pba-66748	0	hard_negative	val	ES	Mámoa de Sobreiras do Vento	Meis	A Armenteira (Santa María)		megalithic_mound	0.04770822	1764	ok	
val	wl-tile-v1-12019	wl-neg-neg-es-pba-15927	neg-es-pba-15927	0	hard_negative	val	ES	Mámoa de Tras A Chousa	Oroso	Deixebre (Santa María)		megalithic_mound	0.26860429	957	ok	
val	wl-tile-v1-13009	wl-neg-neg-es-pba-63731	neg-es-pba-63731	0	hard_negative	val	ES	Mámoa de Tras da Roza	Campo Lameiro	O Couso (San Cristovo)		megalithic_mound	0.28577496	908	ok	
val	wl-tile-v1-13164	wl-neg-neg-es-pba-66749	neg-es-pba-66749	0	hard_negative	val	ES	Mámoa de Vila de Amigo	Meis	Romai (San Xián)		megalithic_mound	0.21028509	1124	ok	
val	wl-tile-v1-11975	wl-neg-neg-es-pba-13768	neg-es-pba-13768	0	hard_negative	val	ES	Mámoa de Vilachá 4	Monfero	O Alto de Xestoso (Santa María)		megalithic_mound	0.84076929	126	ok	
val	wl-tile-v1-12020	wl-neg-neg-es-pba-15928	neg-es-pba-15928	0	hard_negative	val	ES	Mámoa de Vilacide	Oroso	Oroso (San Martiño)		megalithic_mound	0.34494501	733	ok	
val	wl-tile-v1-12386	wl-neg-neg-es-pba-30357	neg-es-pba-30357	0	hard_negative	val	ES	Mámoa de Vilanova 2	Guitiriz	Trasparga (Santiago)		megalithic_mound	0.41777432	567	ok	
val	wl-tile-v1-12387	wl-neg-neg-es-pba-30358	neg-es-pba-30358	0	hard_negative	val	ES	Mámoa de Vilanova 3	Guitiriz	Trasparga (Santiago)		megalithic_mound	0.33798975	750	ok	
val	wl-tile-v1-12388	wl-neg-neg-es-pba-30359	neg-es-pba-30359	0	hard_negative	val	ES	Mámoa de Vilanova 4	Guitiriz	Trasparga (Santiago)		megalithic_mound	0.51396652	409	ok	
val	wl-tile-v1-12389	wl-neg-neg-es-pba-30360	neg-es-pba-30360	0	hard_negative	val	ES	Mámoa de Vilanova 5	Guitiriz	Trasparga (Santiago)		megalithic_mound	0.52109864	400	ok	
val	wl-tile-v1-12390	wl-neg-neg-es-pba-30361	neg-es-pba-30361	0	hard_negative	val	ES	Mámoa de Vilanova 6	Guitiriz	Trasparga (Santiago)		megalithic_mound	0.67169943	243	ok	
val	wl-tile-v1-12659	wl-neg-neg-es-pba-41370	neg-es-pba-41370	0	hard_negative	val	ES	Mámoa de Vilarbetote	Trabada	Sante (San Xiao)		megalithic_mound	0.46585761	487	ok	
val	wl-tile-v1-11976	wl-neg-neg-es-pba-13769	neg-es-pba-13769	0	hard_negative	val	ES	Mámoa de Xan Rei	Monfero	O Alto de Xestoso (Santa María)		megalithic_mound	0.32530625	783	ok	
val	wl-tile-v1-12000	wl-neg-neg-es-pba-15381	neg-es-pba-15381	0	hard_negative	val	ES	Mámoa de Xarrape	Oroso	Cardama (Santa María)		megalithic_mound	0.34255506	742	ok	
val	wl-tile-v1-12356	wl-neg-neg-es-pba-30157	neg-es-pba-30157	0	hard_negative	val	ES	Mámoa de Xea	Guitiriz	Santa Mariña de Lagostelle (Santa Mariña)		megalithic_mound	0.61567686	305	ok	
val	wl-tile-v1-11924	wl-neg-neg-es-pba-12672	neg-es-pba-12672	0	hard_negative	val	ES	Mámoa de Xuncos de Mouraz 1	Mañón	As Grañas do Sor (San Mamede)		megalithic_mound	0.14941827	1330	ok	
val	wl-tile-v1-11925	wl-neg-neg-es-pba-12673	neg-es-pba-12673	0	hard_negative	val	ES	Mámoa de Xuncos de Mouraz 2	Mañón	As Grañas do Sor (San Mamede)		megalithic_mound	0.04353757	1779	ok	
val	wl-tile-v1-11926	wl-neg-neg-es-pba-12674	neg-es-pba-12674	0	hard_negative	val	ES	Mámoa de Xuncos de Mouraz 3	Mañón	As Grañas do Sor (San Mamede)		megalithic_mound	0.03919033	1787	ok	
val	wl-tile-v1-11927	wl-neg-neg-es-pba-12675	neg-es-pba-12675	0	hard_negative	val	ES	Mámoa de Xuncos de Mouraz 4	Mañón	As Grañas do Sor (San Mamede)		megalithic_mound	0.29640690	882	ok	
val	wl-tile-v1-12149	wl-neg-neg-es-pba-30904	neg-es-pba-30904	0	hard_negative	val	ES	Mámoa de Xunto Cabanal	A Fonsagrada	Santo André de Logares (Santo Andr‚)		megalithic_mound	0.33557214	757	ok	
val	wl-tile-v1-12357	wl-neg-neg-es-pba-30158	neg-es-pba-30158	0	hard_negative	val	ES	Mámoa de Xur da Medoña 1	Guitiriz	Santa Mariña de Lagostelle (Santa Mariña)		megalithic_mound	0.49520496	444	ok	
val	wl-tile-v1-12358	wl-neg-neg-es-pba-30159	neg-es-pba-30159	0	hard_negative	val	ES	Mámoa de Xur da Medoña 2	Guitiriz	Santa Mariña de Lagostelle (Santa Mariña)		megalithic_mound	0.72691003	201	ok	
val	wl-tile-v1-12359	wl-neg-neg-es-pba-30160	neg-es-pba-30160	0	hard_negative	val	ES	Mámoa de Xur da Medoña 3	Guitiriz	Santa Mariña de Lagostelle (Santa Mariña)		megalithic_mound	0.26278045	980	ok	
val	wl-tile-v1-12862	wl-neg-neg-es-pba-64410	neg-es-pba-64410	0	hard_negative	val	ES	Mámoa de trasmonte	A Estrada	Barbude (San Martiño)		megalithic_mound	0.17373701	1233	ok	
val	wl-tile-v1-11928	wl-neg-neg-es-pba-12676	neg-es-pba-12676	0	hard_negative	val	ES	Mámoa do Alto da Coriscada 1/Coto dos Mouros	Mañón	Mañón (Santa María)		megalithic_mound	0.21821821	1105	ok	
val	wl-tile-v1-12771	wl-neg-neg-es-pba-63378	neg-es-pba-63378	0	hard_negative	val	ES	Mámoa do Alto da Cota 1	A Cañiza	Oroso (Santa María)		megalithic_mound	0.20571983	1135	ok	
val	wl-tile-v1-12772	wl-neg-neg-es-pba-63408	neg-es-pba-63408	0	hard_negative	val	ES	Mámoa do Alto da Cota 2	A Cañiza	Oroso (Santa María)		megalithic_mound	0.24398815	1021	ok	
val	wl-tile-v1-12773	wl-neg-neg-es-pba-63409	neg-es-pba-63409	0	hard_negative	val	ES	Mámoa do Alto da Cota 3	A Cañiza	Oroso (Santa María)		megalithic_mound	0.35901066	698	ok	
val	wl-tile-v1-12774	wl-neg-neg-es-pba-63410	neg-es-pba-63410	0	hard_negative	val	ES	Mámoa do Alto da Cota 4	A Cañiza	Oroso (Santa María)		megalithic_mound	0.21688574	1108	ok	
val	wl-tile-v1-12775	wl-neg-neg-es-pba-63411	neg-es-pba-63411	0	hard_negative	val	ES	Mámoa do Alto da Cota 5	A Cañiza	Oroso (Santa María)		megalithic_mound	0.14207148	1372	ok	
val	wl-tile-v1-11929	wl-neg-neg-es-pba-12677	neg-es-pba-12677	0	hard_negative	val	ES	Mámoa do Alto da Faladoira 1	Mañón	As Grañas do Sor (San Mamede)		megalithic_mound	0.20153525	1147	ok	
val	wl-tile-v1-11930	wl-neg-neg-es-pba-12678	neg-es-pba-12678	0	hard_negative	val	ES	Mámoa do Alto da Faladoira 2	Mañón	As Grañas do Sor (San Mamede)		megalithic_mound	0.25238444	1004	ok	
val	wl-tile-v1-11931	wl-neg-neg-es-pba-12705	neg-es-pba-12705	0	hard_negative	val	ES	Mámoa do Alto da Faladoira 3	Mañón	As Grañas do Sor (San Mamede)		megalithic_mound	0.14650772	1343	ok	
val	wl-tile-v1-11932	wl-neg-neg-es-pba-12706	neg-es-pba-12706	0	hard_negative	val	ES	Mámoa do Alto da Faladoira 4	Mañón	As Grañas do Sor (San Mamede)		megalithic_mound	0.05344641	1728	ok	
val	wl-tile-v1-11933	wl-neg-neg-es-pba-12707	neg-es-pba-12707	0	hard_negative	val	ES	Mámoa do Alto da Faladoira 5	Mañón	As Grañas do Sor (San Mamede)		megalithic_mound	0.12452670	1430	ok	
val	wl-tile-v1-11934	wl-neg-neg-es-pba-12708	neg-es-pba-12708	0	hard_negative	val	ES	Mámoa do Alto da Faladoira 6	Mañón	As Grañas do Sor (San Mamede)		megalithic_mound	0.29748942	878	ok	
val	wl-tile-v1-12685	wl-neg-neg-es-pba-47533	neg-es-pba-47533	0	hard_negative	val	ES	Mámoa do Alto da Peneirexa 1	O Bolo	Tuxe (San Pedro)		megalithic_mound	0.04206147	1781	ok	
val	wl-tile-v1-13165	wl-neg-neg-es-pba-66750	neg-es-pba-66750	0	hard_negative	val	ES	Mámoa do Alto da Vacariza 1	Meis	A Armenteira (Santa María)		megalithic_mound	0.30799691	845	ok	
val	wl-tile-v1-13166	wl-neg-neg-es-pba-66751	neg-es-pba-66751	0	hard_negative	val	ES	Mámoa do Alto da Vacariza 2	Meis	A Armenteira (Santa María)		megalithic_mound	0.04781636	1762	ok	
val	wl-tile-v1-12665	wl-neg-neg-es-pba-49467	neg-es-pba-49467	0	hard_negative	val	ES	Mámoa do Alto das Malladas	Chandrexa de Queixa	Requeixo (Santa María Madanela)		megalithic_mound	0.19635188	1158	ok	
val	wl-tile-v1-12776	wl-neg-neg-es-pba-63412	neg-es-pba-63412	0	hard_negative	val	ES	Mámoa do Alto de Fontefría 01	A Cañiza	Santiago de Covelo (Santiago)		megalithic_mound	0.36191696	693	ok	
val	wl-tile-v1-12777	wl-neg-neg-es-pba-63413	neg-es-pba-63413	0	hard_negative	val	ES	Mámoa do Alto de Fontefría 02	A Cañiza	Petán (San Xián)		megalithic_mound	0.31585500	809	ok	
val	wl-tile-v1-12778	wl-neg-neg-es-pba-63414	neg-es-pba-63414	0	hard_negative	val	ES	Mámoa do Alto de Fontefría 03	A Cañiza	Petán (San Xián)		megalithic_mound	0.40889752	586	ok	
val	wl-tile-v1-12779	wl-neg-neg-es-pba-63415	neg-es-pba-63415	0	hard_negative	val	ES	Mámoa do Alto de Fontefría 04	A Cañiza	Petán (San Xián)		megalithic_mound	0.19613992	1160	ok	
val	wl-tile-v1-12705	wl-neg-neg-es-pba-62884	neg-es-pba-62884	0	hard_negative	val	ES	Mámoa do Alto de Fontefría 05	A Cañiza	Petán (San Xián)		megalithic_mound	0.26852759	958	ok	
val	wl-tile-v1-12706	wl-neg-neg-es-pba-62885	neg-es-pba-62885	0	hard_negative	val	ES	Mámoa do Alto de Fontefría 06	A Cañiza	Petán (San Xián)		megalithic_mound	0.26503802	972	ok	
val	wl-tile-v1-12707	wl-neg-neg-es-pba-62886	neg-es-pba-62886	0	hard_negative	val	ES	Mámoa do Alto de Fontefría 07	A Cañiza	Petán (San Xián)		megalithic_mound	0.28305626	914	ok	
val	wl-tile-v1-12708	wl-neg-neg-es-pba-62887	neg-es-pba-62887	0	hard_negative	val	ES	Mámoa do Alto de Fontefría 08	A Cañiza	Godóns (Santa María)		megalithic_mound	0.35027272	721	ok	
val	wl-tile-v1-12709	wl-neg-neg-es-pba-62888	neg-es-pba-62888	0	hard_negative	val	ES	Mámoa do Alto de Fontefría 09	A Cañiza	Godóns (Santa María)		megalithic_mound	0.28397654	912	ok	
val	wl-tile-v1-12710	wl-neg-neg-es-pba-62889	neg-es-pba-62889	0	hard_negative	val	ES	Mámoa do Alto de Fontefría 10	A Cañiza	Godóns (Santa María)		megalithic_mound	0.14022633	1380	ok	
val	wl-tile-v1-12711	wl-neg-neg-es-pba-62890	neg-es-pba-62890	0	hard_negative	val	ES	Mámoa do Alto de Fontefría 11	A Cañiza	Godóns (Santa María)		megalithic_mound	0.09405000	1551	ok	
val	wl-tile-v1-12712	wl-neg-neg-es-pba-62891	neg-es-pba-62891	0	hard_negative	val	ES	Mámoa do Alto de Fontefría 12	A Cañiza	Petán (San Xián)		megalithic_mound	0.18723591	1193	ok	
val	wl-tile-v1-12713	wl-neg-neg-es-pba-62921	neg-es-pba-62921	0	hard_negative	val	ES	Mámoa do Alto de Montouto 1	A Cañiza	Parada das Achas (Santiago)		megalithic_mound	0.10681857	1492	ok	
val	wl-tile-v1-12714	wl-neg-neg-es-pba-62922	neg-es-pba-62922	0	hard_negative	val	ES	Mámoa do Alto de Montouto 2	A Cañiza	Parada das Achas (Santiago)		megalithic_mound	0.14557781	1348	ok	
val	wl-tile-v1-12715	wl-neg-neg-es-pba-62923	neg-es-pba-62923	0	hard_negative	val	ES	Mámoa do Alto de Montouto 3	A Cañiza	Parada das Achas (Santiago)		megalithic_mound	0.22806094	1073	ok	
val	wl-tile-v1-12863	wl-neg-neg-es-pba-64411	neg-es-pba-64411	0	hard_negative	val	ES	Mámoa do Alto de San Sebastián	A Estrada	Curantes (San Miguel)		megalithic_mound	0.45516537	504	ok	
val	wl-tile-v1-11935	wl-neg-neg-es-pba-12709	neg-es-pba-12709	0	hard_negative	val	ES	Mámoa do Alto do Carabelote 1	Mañón	Mañón (Santa María)		megalithic_mound	0.04843965	1757	ok	
val	wl-tile-v1-11936	wl-neg-neg-es-pba-12710	neg-es-pba-12710	0	hard_negative	val	ES	Mámoa do Alto do Carabelote 4	Mañón	Mañón (Santa María)		megalithic_mound	0.16071586	1283	ok	
val	wl-tile-v1-12716	wl-neg-neg-es-pba-62924	neg-es-pba-62924	0	hard_negative	val	ES	Mámoa do Alto do Couto	A Cañiza	Valeixe (Santa Cristina)		megalithic_mound	0.15820062	1296	ok	
val	wl-tile-v1-13174	wl-neg-neg-es-pba-68548	neg-es-pba-68548	0	hard_negative	val	ES	Mámoa do Areeiro 1	Oia	Viladesuso (San Miguel)		megalithic_mound	0.23964201	1035	ok	
val	wl-tile-v1-13175	wl-neg-neg-es-pba-68549	neg-es-pba-68549	0	hard_negative	val	ES	Mámoa do Areeiro 2	Oia	Burgueira (San Pedro)		megalithic_mound;rock_art_surface	0.34825343	727	ok	
val	wl-tile-v1-13176	wl-neg-neg-es-pba-68550	neg-es-pba-68550	0	hard_negative	val	ES	Mámoa do Areeiro 3	Oia	Burgueira (San Pedro)		megalithic_mound;rock_art_surface	0.08618185	1583	ok	
val	wl-tile-v1-12686	wl-neg-neg-es-pba-47534	neg-es-pba-47534	0	hard_negative	val	ES	Mámoa do Cabezo 1	O Bolo	Teixido (San Marcos)		megalithic_mound	0.39335378	623	ok	
val	wl-tile-v1-12666	wl-neg-neg-es-pba-49524	neg-es-pba-49524	0	hard_negative	val	ES	Mámoa do Campo de Torcebocas	Chandrexa de Queixa	Forcadas (Santa María)		megalithic_mound	0.16907612	1250	ok	
val	wl-tile-v1-11937	wl-neg-neg-es-pba-12711	neg-es-pba-12711	0	hard_negative	val	ES	Mámoa do Campo do Bidueiro 1	Mañón	As Grañas do Sor (San Mamede)		megalithic_mound	0.18620619	1196	ok	
val	wl-tile-v1-11938	wl-neg-neg-es-pba-12712	neg-es-pba-12712	0	hard_negative	val	ES	Mámoa do Campo do Bidueiro 2	Mañón	As Grañas do Sor (San Mamede)		megalithic_mound	0.34985210	723	ok	
val	wl-tile-v1-11939	wl-neg-neg-es-pba-12739	neg-es-pba-12739	0	hard_negative	val	ES	Mámoa do Campo do Bidueiro 3	Mañón	As Grañas do Sor (San Mamede)		megalithic_mound	0.13362601	1402	ok	
val	wl-tile-v1-12864	wl-neg-neg-es-pba-64412	neg-es-pba-64412	0	hard_negative	val	ES	Mámoa do Campo do Espiño	A Estrada	Ouzande (San Lourenzo)		megalithic_mound	0.20326965	1143	ok	
val	wl-tile-v1-11977	wl-neg-neg-es-pba-13770	neg-es-pba-13770	0	hard_negative	val	ES	Mámoa do Campo do Mulo 1	Monfero	Queixeiro (San Xurxo)		megalithic_mound	0.46930735	480	ok	
val	wl-tile-v1-11978	wl-neg-neg-es-pba-13771	neg-es-pba-13771	0	hard_negative	val	ES	Mámoa do Campo do Mulo 2	Monfero	Queixeiro (San Xurxo)		megalithic_mound	0.50474353	427	ok	
val	wl-tile-v1-11979	wl-neg-neg-es-pba-13772	neg-es-pba-13772	0	hard_negative	val	ES	Mámoa do Campo do Muniz 1	Monfero	Queixeiro (San Xurxo)		megalithic_mound	0.18907516	1183	ok	
val	wl-tile-v1-11980	wl-neg-neg-es-pba-13773	neg-es-pba-13773	0	hard_negative	val	ES	Mámoa do Campo do Muniz 2	Monfero	Queixeiro (San Xurxo)		megalithic_mound	0.18489140	1202	ok	
val	wl-tile-v1-12865	wl-neg-neg-es-pba-64435	neg-es-pba-64435	0	hard_negative	val	ES	Mámoa do Carballiño	A Estrada	Codeseda (San Xurxo)		megalithic_mound	0.09165137	1558	ok	
val	wl-tile-v1-12296	wl-neg-neg-es-pba-28694	neg-es-pba-28694	0	hard_negative	val	ES	Mámoa do Chao das Fachas 1	Barreiros	San Xusto de Cabarcos (San Xusto)		megalithic_mound	0.15761236	1299	ok	
val	wl-tile-v1-12297	wl-neg-neg-es-pba-28727	neg-es-pba-28727	0	hard_negative	val	ES	Mámoa do Chao das Fachas 2	Barreiros	San Xusto de Cabarcos (San Xusto)		megalithic_mound	0.18010052	1220	ok	
val	wl-tile-v1-11940	wl-neg-neg-es-pba-12740	neg-es-pba-12740	0	hard_negative	val	ES	Mámoa do Chao do Bidueiro 1	Mañón	As Grañas do Sor (San Mamede)		megalithic_mound	0.30432750	857	ok	
val	wl-tile-v1-12667	wl-neg-neg-es-pba-49525	neg-es-pba-49525	0	hard_negative	val	ES	Mámoa do Collado de Torcebocas	Chandrexa de Queixa	Forcadas (Santa María)		megalithic_mound	0.11980054	1451	ok	
val	wl-tile-v1-12360	wl-neg-neg-es-pba-30161	neg-es-pba-30161	0	hard_negative	val	ES	Mámoa do Colmeiro	Guitiriz	Pedrafita (San Mamede)		megalithic_mound	0.35295829	715	ok	
val	wl-tile-v1-12363	wl-neg-neg-es-pba-30164	neg-es-pba-30164	0	hard_negative	val	ES	Mámoa do Cordal Fieiro	Guitiriz	Parga (Santo Estevo)		megalithic_mound	0.36486889	686	ok	
val	wl-tile-v1-12361	wl-neg-neg-es-pba-30162	neg-es-pba-30162	0	hard_negative	val	ES	Mámoa do Cordal da Cova da Serpe 1	Guitiriz	As Negradas (San Vicenzo)		megalithic_mound	0.21069970	1123	ok	
val	wl-tile-v1-12362	wl-neg-neg-es-pba-30163	neg-es-pba-30163	0	hard_negative	val	ES	Mámoa do Cordal da Cova da Serpe 2	Guitiriz	As Negradas (San Vicenzo)		megalithic_mound	0.47813899	465	ok	
val	wl-tile-v1-12042	wl-neg-neg-es-pba-24355	neg-es-pba-24355	0	hard_negative	val	ES	Mámoa do Cotiño 1	Touro	Loxo (Santa María)		megalithic_mound	0.56897849	350	ok	
val	wl-tile-v1-12043	wl-neg-neg-es-pba-24356	neg-es-pba-24356	0	hard_negative	val	ES	Mámoa do Cotiño 2	Touro	Loxo (Santa María)		megalithic_mound	0.39148622	630	ok	
val	wl-tile-v1-12044	wl-neg-neg-es-pba-24357	neg-es-pba-24357	0	hard_negative	val	ES	Mámoa do Cotiño 3	Touro	Loxo (Santa María)		megalithic_mound	0.34200354	746	ok	
val	wl-tile-v1-12045	wl-neg-neg-es-pba-24384	neg-es-pba-24384	0	hard_negative	val	ES	Mámoa do Cotiño 4	Touro	Loxo (Santa María)		megalithic_mound	0.62003028	298	ok	
val	wl-tile-v1-12046	wl-neg-neg-es-pba-24385	neg-es-pba-24385	0	hard_negative	val	ES	Mámoa do Cotiño 5	Touro	Loxo (Santa María)		megalithic_mound	0.46529162	489	ok	
val	wl-tile-v1-12047	wl-neg-neg-es-pba-24386	neg-es-pba-24386	0	hard_negative	val	ES	Mámoa do Cotiño 6	Touro	Loxo (Santa María)		megalithic_mound	0.65361620	262	ok	
val	wl-tile-v1-12048	wl-neg-neg-es-pba-24387	neg-es-pba-24387	0	hard_negative	val	ES	Mámoa do Cotiño 7	Touro	Loxo (Santa María)		megalithic_mound	0.51877939	402	ok	
val	wl-tile-v1-12049	wl-neg-neg-es-pba-24388	neg-es-pba-24388	0	hard_negative	val	ES	Mámoa do Cotiño 8	Touro	Loxo (Santa María)		megalithic_mound	0.32226550	795	ok	
val	wl-tile-v1-12718	wl-neg-neg-es-pba-62926	neg-es-pba-62926	0	hard_negative	val	ES	Mámoa do Coto Redondo 1	A Cañiza	A Franqueira (Santa María)		megalithic_mound	0.11982514	1450	ok	
val	wl-tile-v1-12719	wl-neg-neg-es-pba-62927	neg-es-pba-62927	0	hard_negative	val	ES	Mámoa do Coto Redondo 2	A Cañiza	A Franqueira (Santa María)		megalithic_mound	0.10387501	1500	ok	
val	wl-tile-v1-12695	wl-neg-neg-es-pba-59616	neg-es-pba-59616	0	hard_negative	val	ES	Mámoa do Coto da Atalaia 1	Verea	Portela (Santa Baia)		megalithic_mound	0.42558424	553	ok	
val	wl-tile-v1-12696	wl-neg-neg-es-pba-59617	neg-es-pba-59617	0	hard_negative	val	ES	Mámoa do Coto da Atalaia 2	Verea	Portela (Santa Baia)		megalithic_mound	0.31854151	803	ok	
val	wl-tile-v1-12697	wl-neg-neg-es-pba-59645	neg-es-pba-59645	0	hard_negative	val	ES	Mámoa do Coto da Atalaia 3	Verea	Portela (Santa Baia)		megalithic_mound	0.54058822	383	ok	
val	wl-tile-v1-12698	wl-neg-neg-es-pba-59646	neg-es-pba-59646	0	hard_negative	val	ES	Mámoa do Coto da Atalaia 4	Verea	Portela (Santa Baia)		megalithic_mound	0.38456904	647	ok	
val	wl-tile-v1-12699	wl-neg-neg-es-pba-59647	neg-es-pba-59647	0	hard_negative	val	ES	Mámoa do Coto da Atalaia 5	Verea	Portela (Santa Baia)		megalithic_mound	0.11687158	1459	ok	
val	wl-tile-v1-13359	wl-neg-neg-es-pba-71376	neg-es-pba-71376	0	hard_negative	val	ES	Mámoa do Coto da Cruz 1	Salceda de Caselas	A Picoña (San Martiño)		megalithic_mound	0.82532299	137	ok	
val	wl-tile-v1-13360	wl-neg-neg-es-pba-71377	neg-es-pba-71377	0	hard_negative	val	ES	Mámoa do Coto da Cruz 2	Salceda de Caselas	Santa María de Salceda (Santa María)		megalithic_mound	0.54086994	382	ok	
val	wl-tile-v1-12717	wl-neg-neg-es-pba-62925	neg-es-pba-62925	0	hard_negative	val	ES	Mámoa do Coto da Ferradura	A Cañiza	Petán (San Xián)		megalithic_mound	0.12349408	1434	ok	
val	wl-tile-v1-12331	wl-neg-neg-es-pba-29253	neg-es-pba-29253	0	hard_negative	val	ES	Mámoa do Coto da Medela	Chantada	Santa Uxía de Asma (Santa Uxía)		megalithic_mound	0.17398930	1231	ok	
val	wl-tile-v1-12050	wl-neg-neg-es-pba-24389	neg-es-pba-24389	0	hard_negative	val	ES	Mámoa do Coto da Medorra 1	Touro	San Fiz de Quión (San Fiz)		megalithic_mound	0.26619750	966	ok	
val	wl-tile-v1-12051	wl-neg-neg-es-pba-24390	neg-es-pba-24390	0	hard_negative	val	ES	Mámoa do Coto da Medorra 2	Touro	San Fiz de Quión (San Fiz)		megalithic_mound	0.33591939	756	ok	
val	wl-tile-v1-13361	wl-neg-neg-es-pba-69722	neg-es-pba-69722	0	hard_negative	val	ES	Mámoa do Coto de Monzón	Soutomaior	Soutomaior (San Salvador)		megalithic_mound	0.57409648	339	ok	
val	wl-tile-v1-12332	wl-neg-neg-es-pba-29254	neg-es-pba-29254	0	hard_negative	val	ES	Mámoa do Coto do Home	Chantada	Argozón (San Vicente)		megalithic_mound	0.35379756	714	ok	
val	wl-tile-v1-12001	wl-neg-neg-es-pba-15382	neg-es-pba-15382	0	hard_negative	val	ES	Mámoa do Coto do Lobo 1	Oroso	Marzoa (San Martiño)		megalithic_mound	0.40416022	599	ok	
val	wl-tile-v1-12002	wl-neg-neg-es-pba-15383	neg-es-pba-15383	0	hard_negative	val	ES	Mámoa do Coto do Lobo 2	Oroso	Marzoa (San Martiño)		megalithic_mound	0.55907995	364	ok	
val	wl-tile-v1-12003	wl-neg-neg-es-pba-15384	neg-es-pba-15384	0	hard_negative	val	ES	Mámoa do Coto do Lobo 3	Oroso	Marzoa (San Martiño)		megalithic_mound	0.51267340	411	ok	
val	wl-tile-v1-12004	wl-neg-neg-es-pba-15385	neg-es-pba-15385	0	hard_negative	val	ES	Mámoa do Coto do Lobo 4	Oroso	Marzoa (San Martiño)		megalithic_mound	0.45861269	499	ok	
val	wl-tile-v1-12660	wl-neg-neg-es-pba-46991	neg-es-pba-46991	0	hard_negative	val	ES	Mámoa do Cotouto da Portela	Castrelo do Val	Piornedo (Santa Eufemia)		megalithic_mound	0.39943275	611	ok	
val	wl-tile-v1-12661	wl-neg-neg-es-pba-46992	neg-es-pba-46992	0	hard_negative	val	ES	Mámoa do Cotouto dos Penediños	Castrelo do Val	Servoi (Santa María)		megalithic_mound	0.31174647	827	ok	
val	wl-tile-v1-12052	wl-neg-neg-es-pba-24391	neg-es-pba-24391	0	hard_negative	val	ES	Mámoa do Cotón de Reina 1	Touro	Andeade (Santiago)		megalithic_mound	0.37410584	671	ok	
val	wl-tile-v1-12053	wl-neg-neg-es-pba-24416	neg-es-pba-24416	0	hard_negative	val	ES	Mámoa do Cotón de Reina 2	Touro	Andeade (Santiago)		megalithic_mound	0.23510833	1053	ok	
val	wl-tile-v1-12720	wl-neg-neg-es-pba-62928	neg-es-pba-62928	0	hard_negative	val	ES	Mámoa do Couto do Crego	A Cañiza	Valeixe (Santa Cristina)		megalithic_mound	0.15718733	1301	ok	
val	wl-tile-v1-12557	wl-neg-neg-es-pba-43196	neg-es-pba-43196	0	hard_negative	val	ES	Mámoa do Cristo da Portapena 1	O Vicedo	Cabanas (Santa María)		megalithic_mound	0.13779354	1386	ok	
val	wl-tile-v1-12558	wl-neg-neg-es-pba-43197	neg-es-pba-43197	0	hard_negative	val	ES	Mámoa do Cristo da Portapena 2	O Vicedo	Cabanas (Santa María)		megalithic_mound	0.12703719	1426	ok	
val	wl-tile-v1-12064	wl-neg-neg-es-pba-26028	neg-es-pba-26028	0	hard_negative	val	ES	Mámoa do Croto	Vedra	San Xián de Sales (San Xián)		megalithic_mound	0.45707243	500	ok	
val	wl-tile-v1-11981	wl-neg-neg-es-pba-13774	neg-es-pba-13774	0	hard_negative	val	ES	Mámoa do Cruceiro da Lobeta	Monfero	O Val de Xestoso (San Pedro)		megalithic_mound	0.66934952	246	ok	
val	wl-tile-v1-12866	wl-neg-neg-es-pba-64437	neg-es-pba-64437	0	hard_negative	val	ES	Mámoa do Foxo	A Estrada	San Pedro de Ancorados (San Pedro)		megalithic_mound	0.73110196	198	ok	
val	wl-tile-v1-12594	wl-neg-neg-es-pba-35741	neg-es-pba-35741	0	hard_negative	val	ES	Mámoa do Francés	Outeiro de Rei	Silvarrei (San Xoán)		megalithic_mound	0.31354521	819	ok	
val	wl-tile-v1-12364	wl-neg-neg-es-pba-30165	neg-es-pba-30165	0	hard_negative	val	ES	Mámoa do Golpe/Medorra das Campas	Guitiriz	As Negradas (San Vicenzo)		megalithic_mound	0.27689423	930	ok	
val	wl-tile-v1-12030	wl-neg-neg-es-pba-20454	neg-es-pba-20454	0	hard_negative	val	ES	Mámoa do Marco	Rois	Ermedelo (San Martiño)		megalithic_mound	0.11547243	1467	ok	
val	wl-tile-v1-12721	wl-neg-neg-es-pba-62957	neg-es-pba-62957	0	hard_negative	val	ES	Mámoa do Marco Pardo 1	A Cañiza	Parada das Achas (Santiago)		megalithic_mound	0.32424795	788	ok	
val	wl-tile-v1-12722	wl-neg-neg-es-pba-62958	neg-es-pba-62958	0	hard_negative	val	ES	Mámoa do Marco Pardo 2	A Cañiza	Parada das Achas (Santiago)		megalithic_mound	0.46321387	492	ok	
val	wl-tile-v1-12298	wl-neg-neg-es-pba-28728	neg-es-pba-28728	0	hard_negative	val	ES	Mámoa do Marco da Pena Verde	Barreiros	Vilamartín Pequeno (San Xoán Degolado)		megalithic_mound	0.46724518	484	ok	
val	wl-tile-v1-12653	wl-neg-neg-es-pba-41170	neg-es-pba-41170	0	hard_negative	val	ES	Mámoa do Monte 1	Trabada	Sante (San Xiao)		megalithic_mound	0.27223864	947	ok	
val	wl-tile-v1-12654	wl-neg-neg-es-pba-41171	neg-es-pba-41171	0	hard_negative	val	ES	Mámoa do Monte 2	Trabada	Sante (San Xiao)		megalithic_mound	0.21412337	1112	ok	
val	wl-tile-v1-13010	wl-neg-neg-es-pba-63732	neg-es-pba-63732	0	hard_negative	val	ES	Mámoa do Monte Acibal	Campo Lameiro	Fragas (Santa Mariña)		megalithic_mound	0.22430229	1082	ok	
val	wl-tile-v1-12567	wl-neg-neg-es-pba-35888	neg-es-pba-35888	0	hard_negative	val	ES	Mámoa do Monte Cristo dos Callós 1	Ourol	San Pantaleón de Cabanas (San Pantaleón)		megalithic_mound	0.04356375	1778	ok	
val	wl-tile-v1-12568	wl-neg-neg-es-pba-35889	neg-es-pba-35889	0	hard_negative	val	ES	Mámoa do Monte Cristo dos Callós 2	Ourol	San Pantaleón de Cabanas (San Pantaleón)		megalithic_mound	0.12421106	1431	ok	
val	wl-tile-v1-12569	wl-neg-neg-es-pba-35890	neg-es-pba-35890	0	hard_negative	val	ES	Mámoa do Monte Cristo dos Callós 3	Ourol	San Pantaleón de Cabanas (San Pantaleón)		megalithic_mound	0.14488544	1357	ok	
val	wl-tile-v1-12570	wl-neg-neg-es-pba-35891	neg-es-pba-35891	0	hard_negative	val	ES	Mámoa do Monte Cristo dos Callós 4	Ourol	San Pantaleón de Cabanas (San Pantaleón)		megalithic_mound	0.09824482	1526	ok	
val	wl-tile-v1-12571	wl-neg-neg-es-pba-35892	neg-es-pba-35892	0	hard_negative	val	ES	Mámoa do Monte Cristo dos Callós 5	Ourol	Bravos (Santiago)		megalithic_mound	0.13075906	1411	ok	
val	wl-tile-v1-12572	wl-neg-neg-es-pba-35893	neg-es-pba-35893	0	hard_negative	val	ES	Mámoa do Monte Cristo dos Callós 6	Ourol	Bravos (Santiago)		megalithic_mound	0.14628516	1344	ok	
val	wl-tile-v1-12573	wl-neg-neg-es-pba-35920	neg-es-pba-35920	0	hard_negative	val	ES	Mámoa do Monte Cristo dos Callós 7	Ourol	Bravos (Santiago)		megalithic_mound	0.20765405	1130	ok	
val	wl-tile-v1-13362	wl-neg-neg-es-pba-69723	neg-es-pba-69723	0	hard_negative	val	ES	Mámoa do Monte Espiñeiro 1	Soutomaior	Soutomaior (San Salvador)		megalithic_mound	0.25424331	997	ok	
val	wl-tile-v1-13363	wl-neg-neg-es-pba-69724	neg-es-pba-69724	0	hard_negative	val	ES	Mámoa do Monte Espiñeiro 2	Soutomaior	Soutomaior (San Salvador)		megalithic_mound	0.16339307	1270	ok	
val	wl-tile-v1-12701	wl-neg-neg-es-pba-60471	neg-es-pba-60471	0	hard_negative	val	ES	Mámoa do Monte Panamá 2	Vilar de Santos	Parada de Outeiro (Santa María)		megalithic_mound	0.33200248	766	ok	
val	wl-tile-v1-12595	wl-neg-neg-es-pba-35742	neg-es-pba-35742	0	hard_negative	val	ES	Mámoa do Monte Pascuais	Outeiro de Rei	Aspai (San Cibrao)		megalithic_mound	0.11920674	1454	ok	
val	wl-tile-v1-13021	wl-neg-neg-es-pba-63760	neg-es-pba-63760	0	hard_negative	val	ES	Mámoa do Monte Rendal	Campo Lameiro	O Campo (San Miguel)		megalithic_mound	0.03170060	1813	ok	
val	wl-tile-v1-13022	wl-neg-neg-es-pba-63761	neg-es-pba-63761	0	hard_negative	val	ES	Mámoa do Monte Rendal 2	Campo Lameiro	O Campo (San Miguel)		megalithic_mound	0.04199928	1782	ok	
val	wl-tile-v1-13023	wl-neg-neg-es-pba-63762	neg-es-pba-63762	0	hard_negative	val	ES	Mámoa do Monte Rendal 3	Campo Lameiro	O Campo (San Miguel)		megalithic_mound	0.03852253	1790	ok	
val	wl-tile-v1-13024	wl-neg-neg-es-pba-63763	neg-es-pba-63763	0	hard_negative	val	ES	Mámoa do Monte Xistalto 1/Campo dos Osos	Campo Lameiro	O Campo (San Miguel)		megalithic_mound	0.20757917	1131	ok	
val	wl-tile-v1-13025	wl-neg-neg-es-pba-63764	neg-es-pba-63764	0	hard_negative	val	ES	Mámoa do Monte Xistalto 3	Campo Lameiro	O Campo (San Miguel)		megalithic_mound	0.12607214	1428	ok	
val	wl-tile-v1-11982	wl-neg-neg-es-pba-13775	neg-es-pba-13775	0	hard_negative	val	ES	Mámoa do Monte da Anta 5	Monfero	Queixeiro (San Xurxo)		megalithic_mound	0.43554498	539	ok	
val	wl-tile-v1-11983	wl-neg-neg-es-pba-13776	neg-es-pba-13776	0	hard_negative	val	ES	Mámoa do Monte da Anta 6	Monfero	Taboada (Santa Mariña)		megalithic_mound	0.62434199	296	ok	
val	wl-tile-v1-11984	wl-neg-neg-es-pba-13807	neg-es-pba-13807	0	hard_negative	val	ES	Mámoa do Monte da Anta 7	Monfero	Taboada (Santa Mariña)		megalithic_mound	0.14836394	1336	ok	
val	wl-tile-v1-11985	wl-neg-neg-es-pba-13808	neg-es-pba-13808	0	hard_negative	val	ES	Mámoa do Monte da Anta 8	Monfero	Taboada (Santa Mariña)		megalithic_mound	0.30468488	855	ok	
val	wl-tile-v1-11986	wl-neg-neg-es-pba-13809	neg-es-pba-13809	0	hard_negative	val	ES	Mámoa do Monte da Anta 9	Monfero	Taboada (Santa Mariña)		megalithic_mound	0.29376146	887	ok	
val	wl-tile-v1-11987	wl-neg-neg-es-pba-13810	neg-es-pba-13810	0	hard_negative	val	ES	Mámoa do Monte da Capela 7	Monfero	San Fiz de Monfero (San Fiz)		megalithic_mound	0.26239751	983	ok	
val	wl-tile-v1-13167	wl-neg-neg-es-pba-66752	neg-es-pba-66752	0	hard_negative	val	ES	Mámoa do Monte da Cavada	Meis	San Tomé de Nogueira (San Tom‚)		megalithic_mound	0.13461725	1394	ok	
val	wl-tile-v1-13168	wl-neg-neg-es-pba-66777	neg-es-pba-66777	0	hard_negative	val	ES	Mámoa do Monte da Escusa	Meis	Poio (San Xoán)		megalithic_mound	0.34466534	736	ok	
val	wl-tile-v1-12365	wl-neg-neg-es-pba-30167	neg-es-pba-30167	0	hard_negative	val	ES	Mámoa do Monte da Parga	Guitiriz	Parga (Santo Estevo)		megalithic_mound	0.39526761	619	ok	
val	wl-tile-v1-12005	wl-neg-neg-es-pba-15386	neg-es-pba-15386	0	hard_negative	val	ES	Mámoa do Monte da Pena	Oroso	Oroso (San Martiño)		megalithic_mound	0.43263560	544	ok	
val	wl-tile-v1-12867	wl-neg-neg-es-pba-64438	neg-es-pba-64438	0	hard_negative	val	ES	Mámoa do Monte da Rosada	A Estrada	Frades (Santa María)		megalithic_mound	0.18750332	1191	ok	
val	wl-tile-v1-12473	wl-neg-neg-es-pba-32190	neg-es-pba-32190	0	hard_negative	val	ES	Mámoa do Monte das Modias 1	Guitiriz	Labrada (Santa María)		megalithic_mound	0.60750000	316	ok	
val	wl-tile-v1-12474	wl-neg-neg-es-pba-32191	neg-es-pba-32191	0	hard_negative	val	ES	Mámoa do Monte das Modias 2	Guitiriz	Labrada (Santa María)		megalithic_mound	0.59025485	330	ok	
val	wl-tile-v1-12475	wl-neg-neg-es-pba-32192	neg-es-pba-32192	0	hard_negative	val	ES	Mámoa do Monte das Modias 3	Guitiriz	Labrada (Santa María)		megalithic_mound	0.51240960	412	ok	
val	wl-tile-v1-12065	wl-neg-neg-es-pba-26029	neg-es-pba-26029	0	hard_negative	val	ES	Mámoa do Monte de San Roque	Vedra	Merín (San Cristovo)		megalithic_mound	0.64724033	272	ok	
val	wl-tile-v1-12333	wl-neg-neg-es-pba-29255	neg-es-pba-29255	0	hard_negative	val	ES	Mámoa do Monte de Seoane 1	Chantada	A Laxe (San Xoán)		megalithic_mound	0.26367278	979	ok	
val	wl-tile-v1-12334	wl-neg-neg-es-pba-29256	neg-es-pba-29256	0	hard_negative	val	ES	Mámoa do Monte de Seoane 2	Chantada	A Laxe (San Xoán)		megalithic_mound	0.26965884	953	ok	
val	wl-tile-v1-12700	wl-neg-neg-es-pba-60470	neg-es-pba-60470	0	hard_negative	val	ES	Mámoa do Monte dos Cervos	Vilar de Santos	Parada de Outeiro (Santa María)		megalithic_mound	0.14857481	1335	ok	
val	wl-tile-v1-12868	wl-neg-neg-es-pba-64439	neg-es-pba-64439	0	hard_negative	val	ES	Mámoa do Monte dos Escurros 1	A Estrada	Orazo (San Pedro)		megalithic_mound	0.05915029	1709	ok	
val	wl-tile-v1-12869	wl-neg-neg-es-pba-64440	neg-es-pba-64440	0	hard_negative	val	ES	Mámoa do Monte dos Escurros 2	A Estrada	Orazo (San Pedro)		megalithic_mound	0.42969234	548	ok	
val	wl-tile-v1-12870	wl-neg-neg-es-pba-64441	neg-es-pba-64441	0	hard_negative	val	ES	Mámoa do Monte dos Escurros 3	A Estrada	Orazo (San Pedro)		megalithic_mound	0.20653633	1134	ok	
val	wl-tile-v1-12871	wl-neg-neg-es-pba-64442	neg-es-pba-64442	0	hard_negative	val	ES	Mámoa do Monte dos Escurros 4	A Estrada	Orazo (San Pedro)		megalithic_mound	0.39466176	621	ok	
val	wl-tile-v1-12872	wl-neg-neg-es-pba-64466	neg-es-pba-64466	0	hard_negative	val	ES	Mámoa do Monte dos Escurros 5	A Estrada	Orazo (San Pedro)		megalithic_mound	0.43592424	537	ok	
val	wl-tile-v1-12873	wl-neg-neg-es-pba-64467	neg-es-pba-64467	0	hard_negative	val	ES	Mámoa do Parapeto	A Estrada	Arca (San Miguel)		megalithic_mound	0.30204160	866	ok	
val	wl-tile-v1-12054	wl-neg-neg-es-pba-24417	neg-es-pba-24417	0	hard_negative	val	ES	Mámoa do Pazo de Andeade	Touro	Andeade (Santiago)		megalithic_mound	0.40911452	585	ok	
val	wl-tile-v1-12476	wl-neg-neg-es-pba-32193	neg-es-pba-32193	0	hard_negative	val	ES	Mámoa do Pelegrín 01	Guitiriz	Parga (Santo Estevo)		megalithic_mound	0.50100246	436	ok	
val	wl-tile-v1-12477	wl-neg-neg-es-pba-32194	neg-es-pba-32194	0	hard_negative	val	ES	Mámoa do Pelegrín 02	Guitiriz	Parga (Santo Estevo)		megalithic_mound	0.55020530	373	ok	
val	wl-tile-v1-12478	wl-neg-neg-es-pba-32195	neg-es-pba-32195	0	hard_negative	val	ES	Mámoa do Pelegrín 03	Guitiriz	Parga (Santo Estevo)		megalithic_mound	0.56624943	356	ok	
val	wl-tile-v1-12479	wl-neg-neg-es-pba-32196	neg-es-pba-32196	0	hard_negative	val	ES	Mámoa do Pelegrín 04	Guitiriz	Parga (Santo Estevo)		megalithic_mound	0.39114498	632	ok	
val	wl-tile-v1-12480	wl-neg-neg-es-pba-32197	neg-es-pba-32197	0	hard_negative	val	ES	Mámoa do Pelegrín 05	Guitiriz	Parga (Santo Estevo)		megalithic_mound	0.39741087	615	ok	
val	wl-tile-v1-12481	wl-neg-neg-es-pba-32198	neg-es-pba-32198	0	hard_negative	val	ES	Mámoa do Pelegrín 06	Guitiriz	Parga (Santo Estevo)		megalithic_mound	0.28332539	913	ok	
val	wl-tile-v1-12482	wl-neg-neg-es-pba-32199	neg-es-pba-32199	0	hard_negative	val	ES	Mámoa do Pelegrín 07	Guitiriz	Parga (Santo Estevo)		megalithic_mound	0.23970428	1034	ok	
val	wl-tile-v1-12483	wl-neg-neg-es-pba-32200	neg-es-pba-32200	0	hard_negative	val	ES	Mámoa do Pelegrín 08	Guitiriz	Parga (Santo Estevo)		megalithic_mound	0.25059590	1008	ok	
val	wl-tile-v1-12484	wl-neg-neg-es-pba-32231	neg-es-pba-32231	0	hard_negative	val	ES	Mámoa do Pelegrín 09	Guitiriz	Parga (Santo Estevo)		megalithic_mound	0.21410287	1113	ok	
val	wl-tile-v1-12485	wl-neg-neg-es-pba-32232	neg-es-pba-32232	0	hard_negative	val	ES	Mámoa do Pelegrín 10	Guitiriz	Parga (Santo Estevo)		megalithic_mound	0.23805518	1038	ok	
val	wl-tile-v1-12486	wl-neg-neg-es-pba-32233	neg-es-pba-32233	0	hard_negative	val	ES	Mámoa do Pelegrín 11	Guitiriz	Parga (Santo Estevo)		megalithic_mound	0.31367258	818	ok	
val	wl-tile-v1-12487	wl-neg-neg-es-pba-32234	neg-es-pba-32234	0	hard_negative	val	ES	Mámoa do Pelegrín 12	Guitiriz	Parga (Santo Estevo)		megalithic_mound	0.22902246	1069	ok	
val	wl-tile-v1-12488	wl-neg-neg-es-pba-32235	neg-es-pba-32235	0	hard_negative	val	ES	Mámoa do Pelegrín 13	Guitiriz	Parga (Santo Estevo)		megalithic_mound	0.28800438	900	ok	
val	wl-tile-v1-12489	wl-neg-neg-es-pba-32236	neg-es-pba-32236	0	hard_negative	val	ES	Mámoa do Pelegrín 14	Guitiriz	Parga (Santo Estevo)		megalithic_mound	0.18992517	1181	ok	
val	wl-tile-v1-12490	wl-neg-neg-es-pba-32237	neg-es-pba-32237	0	hard_negative	val	ES	Mámoa do Pelegrín 15	Guitiriz	Parga (Santo Estevo)		megalithic_mound	0.46391203	491	ok	
val	wl-tile-v1-12491	wl-neg-neg-es-pba-32238	neg-es-pba-32238	0	hard_negative	val	ES	Mámoa do Pelegrín 16	Guitiriz	Parga (Santo Estevo)		megalithic_mound	0.36852067	682	ok	
val	wl-tile-v1-12492	wl-neg-neg-es-pba-32239	neg-es-pba-32239	0	hard_negative	val	ES	Mámoa do Pelegrín 17	Guitiriz	Parga (Santo Estevo)		megalithic_mound	0.26017492	985	ok	
val	wl-tile-v1-12493	wl-neg-neg-es-pba-32240	neg-es-pba-32240	0	hard_negative	val	ES	Mámoa do Pelegrín 18	Guitiriz	Parga (Santo Estevo)		megalithic_mound	0.29374505	888	ok	
val	wl-tile-v1-12494	wl-neg-neg-es-pba-32241	neg-es-pba-32241	0	hard_negative	val	ES	Mámoa do Pelegrín 19	Guitiriz	Parga (Santo Estevo)		megalithic_mound	0.26956715	954	ok	
val	wl-tile-v1-12495	wl-neg-neg-es-pba-32271	neg-es-pba-32271	0	hard_negative	val	ES	Mámoa do Pelegrín 20	Guitiriz	Parga (Santo Estevo)		megalithic_mound	0.24069863	1029	ok	
val	wl-tile-v1-12496	wl-neg-neg-es-pba-32272	neg-es-pba-32272	0	hard_negative	val	ES	Mámoa do Pelegrín 21	Guitiriz	Parga (Santo Estevo)		megalithic_mound	0.27041274	951	ok	
val	wl-tile-v1-12497	wl-neg-neg-es-pba-32273	neg-es-pba-32273	0	hard_negative	val	ES	Mámoa do Pelegrín 22	Guitiriz	Parga (Santo Estevo)		megalithic_mound	0.27566635	937	ok	
val	wl-tile-v1-12575	wl-neg-neg-es-pba-35922	neg-es-pba-35922	0	hard_negative	val	ES	Mámoa do Penido Vello 1	Ourol	Miñotos (San Pedro)		megalithic_mound	0.06230325	1691	ok	
val	wl-tile-v1-12576	wl-neg-neg-es-pba-35923	neg-es-pba-35923	0	hard_negative	val	ES	Mámoa do Penido Vello 2	Ourol	Miñotos (San Pedro)		megalithic_mound	0.04893658	1752	ok	
val	wl-tile-v1-12006	wl-neg-neg-es-pba-15387	neg-es-pba-15387	0	hard_negative	val	ES	Mámoa do Petón 1	Oroso	Senra (Santa Eulalia)		megalithic_mound	0.43598648	536	ok	
val	wl-tile-v1-12007	wl-neg-neg-es-pba-15388	neg-es-pba-15388	0	hard_negative	val	ES	Mámoa do Petón 3	Oroso	Senra (Santa Eulalia)		megalithic_mound	0.55606424	368	ok	
val	wl-tile-v1-12354	wl-neg-neg-es-pba-30927	neg-es-pba-30927	0	hard_negative	val	ES	Mámoa do Pico da Lebre	Foz	San Martiño de Mondoñedo (San Marti¤o)		megalithic_mound	0.22714166	1075	ok	
val	wl-tile-v1-13169	wl-neg-neg-es-pba-66778	neg-es-pba-66778	0	hard_negative	val	ES	Mámoa do Pino/Mámoa da Tomada do Pino	Meis	A Armenteira (Santa María)		megalithic_mound	0.14130379	1376	ok	
val	wl-tile-v1-12874	wl-neg-neg-es-pba-64468	neg-es-pba-64468	0	hard_negative	val	ES	Mámoa do Rego da Cruz 3	A Estrada	Pardemarín (Santa Baia)		megalithic_mound	0.07879334	1609	ok	
val	wl-tile-v1-12875	wl-neg-neg-es-pba-64469	neg-es-pba-64469	0	hard_negative	val	ES	Mámoa do Rego da Cruz 4	A Estrada	Ribela (Santa Mariña)		megalithic_mound	0.17027321	1245	ok	
val	wl-tile-v1-12876	wl-neg-neg-es-pba-64470	neg-es-pba-64470	0	hard_negative	val	ES	Mámoa do Rego da Cruz 5	A Estrada	Ribela (Santa Mariña)		megalithic_mound	0.16859088	1251	ok	
val	wl-tile-v1-12877	wl-neg-neg-es-pba-64471	neg-es-pba-64471	0	hard_negative	val	ES	Mámoa do Rego da Cruz 7	A Estrada	Ribela (Santa Mariña)		megalithic_mound	0.09341397	1554	ok	
val	wl-tile-v1-12878	wl-neg-neg-es-pba-64472	neg-es-pba-64472	0	hard_negative	val	ES	Mámoa do Rego da Cruz 8	A Estrada	Pardemarín (Santa Baia)		megalithic_mound	0.21379295	1116	ok	
val	wl-tile-v1-12879	wl-neg-neg-es-pba-64473	neg-es-pba-64473	0	hard_negative	val	ES	Mámoa do Regueiro	A Estrada	Aguións (Santa María)		megalithic_mound	0.45468991	506	ok	
val	wl-tile-v1-12780	wl-neg-neg-es-pba-63983	neg-es-pba-63983	0	hard_negative	val	ES	Mámoa do Rudeiro	A Estrada	Matalobos (Santa Baia)		megalithic_mound	0.43825590	532	ok	
val	wl-tile-v1-12723	wl-neg-neg-es-pba-62959	neg-es-pba-62959	0	hard_negative	val	ES	Mámoa do Santo Cristo de Miranda	A Cañiza	Valeixe (Santa Cristina)		megalithic_mound	0.16826304	1253	ok	
val	wl-tile-v1-11988	wl-neg-neg-es-pba-13811	neg-es-pba-13811	0	hard_negative	val	ES	Mámoa do Serrón do Lobo 3	Monfero	O Alto de Xestoso (Santa María)		megalithic_mound	0.42525899	554	ok	
val	wl-tile-v1-12781	wl-neg-neg-es-pba-63984	neg-es-pba-63984	0	hard_negative	val	ES	Mámoa do Soutiño (posible)	A Estrada	Toedo (San Pedro)		megalithic_mound	0.45584616	502	ok	
val	wl-tile-v1-12498	wl-neg-neg-es-pba-32274	neg-es-pba-32274	0	hard_negative	val	ES	Mámoa do Tarambolo	Guitiriz	O Buriz (San Pedro)		megalithic_mound	0.25822567	990	ok	
val	wl-tile-v1-11989	wl-neg-neg-es-pba-13812	neg-es-pba-13812	0	hard_negative	val	ES	Mámoa do Tesouro	Monfero	Vilachá (Santa María)		megalithic_mound	0.29644461	881	ok	
val	wl-tile-v1-12355	wl-neg-neg-es-pba-30928	neg-es-pba-30928	0	hard_negative	val	ES	Mámoa do Tesouro	Foz	Cordido (San Xiao)		megalithic_mound	0.51160236	413	ok	
val	wl-tile-v1-11990	wl-neg-neg-es-pba-13813	neg-es-pba-13813	0	hard_negative	val	ES	Mámoa do Xestal 1	Monfero	San Fiz de Monfero (San Fiz)		megalithic_mound	0.42356640	558	ok	
val	wl-tile-v1-11991	wl-neg-neg-es-pba-13814	neg-es-pba-13814	0	hard_negative	val	ES	Mámoa do Xestal 2	Monfero	San Fiz de Monfero (San Fiz)		megalithic_mound	0.29731346	879	ok	
val	wl-tile-v1-11992	wl-neg-neg-es-pba-13815	neg-es-pba-13815	0	hard_negative	val	ES	Mámoa do Xestal 3	Monfero	San Fiz de Monfero (San Fiz)		megalithic_mound	0.34307238	739	ok	
val	wl-tile-v1-11993	wl-neg-neg-es-pba-13816	neg-es-pba-13816	0	hard_negative	val	ES	Mámoa do Xestal 4	Monfero	San Fiz de Monfero (San Fiz)		megalithic_mound	0.69394935	228	ok	
val	wl-tile-v1-12574	wl-neg-neg-es-pba-35921	neg-es-pba-35921	0	hard_negative	val	ES	Mámoa do monte Cristo dos Callós 8	Ourol	San Pantaleón de Cabanas (San Pantaleón)		megalithic_mound	0.05414948	1723	ok	
val	wl-tile-v1-12335	wl-neg-neg-es-pba-29257	neg-es-pba-29257	0	hard_negative	val	ES	Mámoa dos Agros de Sandiás 1	Chantada	Vilaúxe (San Salvador)		megalithic_mound	0.30562124	852	ok	
val	wl-tile-v1-12336	wl-neg-neg-es-pba-29258	neg-es-pba-29258	0	hard_negative	val	ES	Mámoa dos Agros de Sandiás 2	Chantada	Vilaúxe (San Salvador)		megalithic_mound	0.40581570	597	ok	
val	wl-tile-v1-12337	wl-neg-neg-es-pba-29259	neg-es-pba-29259	0	hard_negative	val	ES	Mámoa dos Agros de Sandiás 3	Chantada	Vilaúxe (San Salvador)		megalithic_mound	0.48805862	450	ok	
val	wl-tile-v1-12338	wl-neg-neg-es-pba-29260	neg-es-pba-29260	0	hard_negative	val	ES	Mámoa dos Agros de Sandiás 4	Chantada	Vilaúxe (San Salvador)		megalithic_mound	0.50465130	429	ok	
val	wl-tile-v1-11994	wl-neg-neg-es-pba-13817	neg-es-pba-13817	0	hard_negative	val	ES	Mámoa dos Carreiros	Monfero	San Fiz de Monfero (San Fiz)		megalithic_mound	0.16664354	1259	ok	
val	wl-tile-v1-12724	wl-neg-neg-es-pba-62960	neg-es-pba-62960	0	hard_negative	val	ES	Mámoa dos Xestiños	A Cañiza	Petán (San Xián)		megalithic_mound	0.64900344	267	ok	
val	wl-tile-v1-13177	wl-neg-neg-es-pba-68551	neg-es-pba-68551	0	hard_negative	val	ES	Mámoa e petróglifo da ponte de Salgueiriños	Oia	Loureza (San Mamede)		megalithic_mound;rock_art_surface	0.18765823	1190	ok	
val	wl-tile-v1-13026	wl-neg-neg-es-pba-63765	neg-es-pba-63765	0	hard_negative	val	ES	Mámoa-Cista do Monte dos Cregos	Campo Lameiro	O Couso (San Cristovo)		megalithic_mound	0.10359314	1502	ok	
val	wl-tile-v1-12499	wl-neg-neg-es-pba-32275	neg-es-pba-32275	0	hard_negative	val	ES	Mámoas (Reboiras)	Guitiriz	Os Vilares (San Vicenzo)		megalithic_mound	0.68707982	233	ok	
val	wl-tile-v1-11883	wl-neg-neg-es-pba-9277	neg-es-pba-9277	0	hard_negative	val	ES	Mámoas de Paradegua 01	Dodro	San Xoán de Laíño (San Xoán)		megalithic_mound	0.10177534	1512	ok	
val	wl-tile-v1-11884	wl-neg-neg-es-pba-9278	neg-es-pba-9278	0	hard_negative	val	ES	Mámoas de Paradegua 03	Dodro	San Xoán de Laíño (San Xoán)		megalithic_mound	0.08159259	1597	ok	
val	wl-tile-v1-11885	wl-neg-neg-es-pba-9279	neg-es-pba-9279	0	hard_negative	val	ES	Mámoas de Paradegua 04	Dodro	San Xoán de Laíño (San Xoán)		megalithic_mound	0.03242859	1809	ok	
val	wl-tile-v1-12500	wl-neg-neg-es-pba-32276	neg-es-pba-32276	0	hard_negative	val	ES	Mámoas de Vilanova	Guitiriz	Trasparga (Santiago)		megalithic_mound	0.35042844	720	ok	
val	wl-tile-v1-12895	wl-neg-neg-es-pba-62232	neg-es-pba-62232	0	hard_negative	val	ES	Necrópole de Oubiña	Cambados	Oubiña (San Vicenzo)		necropolis_or_burial	0.51025095	417	ok	
val	wl-tile-v1-12299	wl-neg-neg-es-pba-28732	neg-es-pba-28732	0	hard_negative	val	ES	Necrópole de cistas de Campo das Fachas	Barreiros	San Xusto de Cabarcos (San Xusto)		necropolis_or_burial	0.06404084	1683	ok	
val	wl-tile-v1-12009	wl-neg-neg-es-pba-15605	neg-es-pba-15605	0	hard_negative	val	ES	O Cadabal/Mámoa do Prado de Figueira 1/Mámoa do Cadabal 1	Oroso	Marzoa (San Martiño)		megalithic_mound	0.27780581	924	ok	
val	wl-tile-v1-12343	wl-neg-neg-es-pba-29293	neg-es-pba-29293	0	hard_negative	val	ES	O Castelo	Chantada	Pedrafita (Santa Baia)		historic_fortification	0.92009952	64	ok	
val	wl-tile-v1-12468	wl-neg-neg-es-pba-32089	neg-es-pba-32089	0	hard_negative	val	ES	O Castelo	Guitiriz	Roca (San Xiao)		historic_fortification	0.32442129	786	ok	
val	wl-tile-v1-12559	wl-neg-neg-es-pba-43202	neg-es-pba-43202	0	hard_negative	val	ES	O Castelo	O Vicedo	San Román de Vale (San Román)		historic_fortification	0.95035334	43	ok	
val	wl-tile-v1-12240	wl-neg-neg-es-pba-31073	neg-es-pba-31073	0	hard_negative	val	ES	O Castelo/Castelo de Castañoso	A Fonsagrada	Maderne (San Pedro)		historic_fortification	0.65819049	258	ok	
val	wl-tile-v1-12469	wl-neg-neg-es-pba-32090	neg-es-pba-32090	0	hard_negative	val	ES	O Mollón/Medoña de Casanova	Guitiriz	Pígara (San Pedro)		megalithic_mound	0.31305091	821	ok	
val	wl-tile-v1-12800	wl-neg-neg-es-pba-64187	neg-es-pba-64187	0	hard_negative	val	ES	Pedra Santeira	A Estrada	San Xurxo de Vea (San Xurxo)		rock_art_surface	0.19089280	1175	ok	
val	wl-tile-v1-13037	wl-neg-neg-es-pba-63795	neg-es-pba-63795	0	hard_negative	val	ES	Pedra de San Francisco	Campo Lameiro	Fragas (Santa Mariña)		rock_art_surface	0.08542964	1586	ok	
val	wl-tile-v1-12791	wl-neg-neg-es-pba-64160	neg-es-pba-64160	0	hard_negative	val	ES	Pedra dos Cabalos	A Estrada	Frades (Santa María)		rock_art_surface	0.28869063	896	ok	
val	wl-tile-v1-12260	wl-neg-neg-es-pba-31155	neg-es-pba-31155	0	hard_negative	val	ES	Pena Castelo	A Fonsagrada	A Veiga de Logares (Santa María)		historic_fortification	0.03666259	1798	ok	
val	wl-tile-v1-12470	wl-neg-neg-es-pba-32097	neg-es-pba-32097	0	hard_negative	val	ES	Pena da Medoña	Guitiriz	Labrada (Santa María)		megalithic_mound	0.14506238	1354	ok	
val	wl-tile-v1-12890	wl-neg-neg-es-pba-61895	neg-es-pba-61895	0	hard_negative	val	ES	Petróglifo	Cambados	Vilariño (Santo Adrián)		rock_art_surface	0.30413783	859	ok	
val	wl-tile-v1-13038	wl-neg-neg-es-pba-63796	neg-es-pba-63796	0	hard_negative	val	ES	Petróglifo Campo Matabois 10	Campo Lameiro	Morillas (Santiago)		rock_art_surface	0.33080432	767	ok	
val	wl-tile-v1-13039	wl-neg-neg-es-pba-63797	neg-es-pba-63797	0	hard_negative	val	ES	Petróglifo da Barcia 1	Campo Lameiro	Montes (San Isidro)		rock_art_surface	0.16233345	1275	ok	
val	wl-tile-v1-13040	wl-neg-neg-es-pba-63798	neg-es-pba-63798	0	hard_negative	val	ES	Petróglifo da Barcia 2	Campo Lameiro	Montes (San Isidro)		rock_art_surface	0.15201886	1320	ok	
val	wl-tile-v1-13041	wl-neg-neg-es-pba-63799	neg-es-pba-63799	0	hard_negative	val	ES	Petróglifo da Bustarenga 1	Campo Lameiro	O Campo (San Miguel)		rock_art_surface	0.28451676	910	ok	
val	wl-tile-v1-13042	wl-neg-neg-es-pba-63800	neg-es-pba-63800	0	hard_negative	val	ES	Petróglifo da Bustarenga 2	Campo Lameiro	Fragas (Santa Mariña)		rock_art_surface	0.03315745	1807	ok	
val	wl-tile-v1-13043	wl-neg-neg-es-pba-63801	neg-es-pba-63801	0	hard_negative	val	ES	Petróglifo da Bustarenga 3	Campo Lameiro	O Campo (San Miguel)		rock_art_surface	0.19895131	1154	ok	
val	wl-tile-v1-13044	wl-neg-neg-es-pba-63802	neg-es-pba-63802	0	hard_negative	val	ES	Petróglifo da Bustarenga 4	Campo Lameiro	O Campo (San Miguel)		rock_art_surface	0.10211429	1510	ok	
val	wl-tile-v1-13045	wl-neg-neg-es-pba-63803	neg-es-pba-63803	0	hard_negative	val	ES	Petróglifo da Bustarenga 5	Campo Lameiro	O Campo (San Miguel)		rock_art_surface	0.11560486	1466	ok	
val	wl-tile-v1-13046	wl-neg-neg-es-pba-63804	neg-es-pba-63804	0	hard_negative	val	ES	Petróglifo da Bustarenga 6	Campo Lameiro	O Campo (San Miguel)		rock_art_surface	0.11623731	1462	ok	
val	wl-tile-v1-11886	wl-neg-neg-es-pba-9462	neg-es-pba-9462	0	hard_negative	val	ES	Petróglifo da Cabaña/Bouza Nova	Dodro	Laíño (San Xián)		rock_art_surface	0.27181121	949	ok	
val	wl-tile-v1-13200	wl-neg-neg-es-pba-68768	neg-es-pba-68768	0	hard_negative	val	ES	Petróglifo da Cabeciña 1	Oia	Mougás (Santa Uxía)		rock_art_surface	0.07136225	1653	ok	
val	wl-tile-v1-13201	wl-neg-neg-es-pba-68769	neg-es-pba-68769	0	hard_negative	val	ES	Petróglifo da Cabeciña 2	Oia	Mougás (Santa Uxía)		rock_art_surface	0.05308905	1732	ok	
val	wl-tile-v1-13202	wl-neg-neg-es-pba-68770	neg-es-pba-68770	0	hard_negative	val	ES	Petróglifo da Cabeciña 3	Oia	Mougás (Santa Uxía)		rock_art_surface	0.04975645	1748	ok	
val	wl-tile-v1-13056	wl-neg-neg-es-pba-63830	neg-es-pba-63830	0	hard_negative	val	ES	Petróglifo da Cachada de Pedro	Campo Lameiro	Fragas (Santa Mariña)		rock_art_surface	0.07008441	1660	ok	
val	wl-tile-v1-13057	wl-neg-neg-es-pba-63831	neg-es-pba-63831	0	hard_negative	val	ES	Petróglifo da Cachada de Tremesal	Campo Lameiro	Fragas (Santa Mariña)		rock_art_surface	0.01574744	1840	ok	
val	wl-tile-v1-13058	wl-neg-neg-es-pba-63832	neg-es-pba-63832	0	hard_negative	val	ES	Petróglifo da Cachediña	Campo Lameiro	Moimenta (Santa María)		rock_art_surface	0.05964225	1704	ok	
val	wl-tile-v1-13364	wl-neg-neg-es-pba-70156	neg-es-pba-70156	0	hard_negative	val	ES	Petróglifo da Cama do Vello 1	Soutomaior	Soutomaior (San Salvador)		rock_art_surface	0.43330803	541	ok	
val	wl-tile-v1-13365	wl-neg-neg-es-pba-70288	neg-es-pba-70288	0	hard_negative	val	ES	Petróglifo da Cama do Vello 2	Soutomaior	Soutomaior (San Salvador)		rock_art_surface	0.31556809	810	ok	
val	wl-tile-v1-12313	wl-neg-neg-es-pba-29796	neg-es-pba-29796	0	hard_negative	val	ES	Petróglifo da Campa de Barreiro	Cervantes	Cereixedo (Santiago)		rock_art_surface	0.07583861	1627	ok	
val	wl-tile-v1-12314	wl-neg-neg-es-pba-29797	neg-es-pba-29797	0	hard_negative	val	ES	Petróglifo da Campa do Campo Redondo	Cervantes	Donís (San Fiz)		rock_art_surface	0.06890148	1665	ok	
val	wl-tile-v1-11887	wl-neg-neg-es-pba-9463	neg-es-pba-9463	0	hard_negative	val	ES	Petróglifo da Carga	Dodro	Dodro (Santa María)		rock_art_surface	0.09343121	1553	ok	
val	wl-tile-v1-13203	wl-neg-neg-es-pba-68771	neg-es-pba-68771	0	hard_negative	val	ES	Petróglifo da Casa Forestal 1	Oia	Mougás (Santa Uxía)		rock_art_surface	0.03386344	1806	ok	
val	wl-tile-v1-13204	wl-neg-neg-es-pba-68772	neg-es-pba-68772	0	hard_negative	val	ES	Petróglifo da Casa Forestal 2	Oia	Mougás (Santa Uxía)		rock_art_surface	0.45056875	516	ok	
val	wl-tile-v1-13205	wl-neg-neg-es-pba-68773	neg-es-pba-68773	0	hard_negative	val	ES	Petróglifo da Cerradiña 1	Oia	Mougás (Santa Uxía)		rock_art_surface	0.07735195	1614	ok	
val	wl-tile-v1-13206	wl-neg-neg-es-pba-68774	neg-es-pba-68774	0	hard_negative	val	ES	Petróglifo da Cerradiña 2	Oia	Mougás (Santa Uxía)		rock_art_surface	0.06696685	1668	ok	
val	wl-tile-v1-13207	wl-neg-neg-es-pba-68775	neg-es-pba-68775	0	hard_negative	val	ES	Petróglifo da Cerradiña 3	Oia	Mougás (Santa Uxía)		rock_art_surface	0.12196552	1442	ok	
val	wl-tile-v1-13208	wl-neg-neg-es-pba-68776	neg-es-pba-68776	0	hard_negative	val	ES	Petróglifo da Cruciña	Oia	Loureza (San Mamede)		rock_art_surface	0.06190624	1692	ok	
val	wl-tile-v1-13209	wl-neg-neg-es-pba-68843	neg-es-pba-68843	0	hard_negative	val	ES	Petróglifo da Curuta 1	Oia	Loureza (San Mamede)		rock_art_surface	0.06015116	1701	ok	
val	wl-tile-v1-13210	wl-neg-neg-es-pba-68844	neg-es-pba-68844	0	hard_negative	val	ES	Petróglifo da Curuta 3	Oia	Loureza (San Mamede)		rock_art_surface	0.06951375	1662	ok	
val	wl-tile-v1-11953	wl-neg-neg-es-pba-13589	neg-es-pba-13589	0	hard_negative	val	ES	Petróglifo da Edreira 4	Monfero	Vilachá (Santa María)		rock_art_surface	0.35529821	709	ok	
val	wl-tile-v1-12725	wl-neg-neg-es-pba-63096	neg-es-pba-63096	0	hard_negative	val	ES	Petróglifo da Ferradura	A Cañiza	Petán (San Xián)		rock_art_surface	0.18876530	1184	ok	
val	wl-tile-v1-13211	wl-neg-neg-es-pba-68845	neg-es-pba-68845	0	hard_negative	val	ES	Petróglifo da Fonte	Oia	Burgueira (San Pedro)		rock_art_surface	0.48804464	451	ok	
val	wl-tile-v1-13059	wl-neg-neg-es-pba-63833	neg-es-pba-63833	0	hard_negative	val	ES	Petróglifo da Lagoa dos Patos 1	Campo Lameiro	Montes (San Isidro)		rock_art_surface	0.44476290	521	ok	
val	wl-tile-v1-13060	wl-neg-neg-es-pba-63834	neg-es-pba-63834	0	hard_negative	val	ES	Petróglifo da Lagoa dos Patos 2	Campo Lameiro	Montes (San Isidro)		rock_art_surface	0.53110728	392	ok	
val	wl-tile-v1-13061	wl-neg-neg-es-pba-63835	neg-es-pba-63835	0	hard_negative	val	ES	Petróglifo da Laxe dos Cabalos 5	Campo Lameiro	Moimenta (Santa María)		rock_art_surface	0.23292803	1060	ok	
val	wl-tile-v1-12726	wl-neg-neg-es-pba-63097	neg-es-pba-63097	0	hard_negative	val	ES	Petróglifo da Laxiña das Cruces	A Cañiza	Petán (San Xián)		rock_art_surface	0.34850875	725	ok	
val	wl-tile-v1-13212	wl-neg-neg-es-pba-68846	neg-es-pba-68846	0	hard_negative	val	ES	Petróglifo da Maceira	Oia	Burgueira (San Pedro)		rock_art_surface	0.31258532	823	ok	
val	wl-tile-v1-13062	wl-neg-neg-es-pba-63836	neg-es-pba-63836	0	hard_negative	val	ES	Petróglifo da Pedra da Escaleira 1	Campo Lameiro	Montes (San Isidro)		rock_art_surface	0.22392965	1083	ok	
val	wl-tile-v1-13063	wl-neg-neg-es-pba-63837	neg-es-pba-63837	0	hard_negative	val	ES	Petróglifo da Pedra da Escaleira 2	Campo Lameiro	Montes (San Isidro)		rock_art_surface	0.11057204	1482	ok	
val	wl-tile-v1-13064	wl-neg-neg-es-pba-63838	neg-es-pba-63838	0	hard_negative	val	ES	Petróglifo da Pedra da Escaleira 3	Campo Lameiro	Montes (San Isidro)		rock_art_surface	0.13447648	1396	ok	
val	wl-tile-v1-13065	wl-neg-neg-es-pba-63839	neg-es-pba-63839	0	hard_negative	val	ES	Petróglifo da Pedra da Escaleira4	Campo Lameiro	Montes (San Isidro)		rock_art_surface	0.12836970	1418	ok	
val	wl-tile-v1-13138	wl-neg-neg-es-pba-65070	neg-es-pba-65070	0	hard_negative	val	ES	Petróglifo da Picoña	Crecente	A Ameixeira (San Bernabeu)		rock_art_surface	0.41943906	564	ok	
val	wl-tile-v1-13076	wl-neg-neg-es-pba-63866	neg-es-pba-63866	0	hard_negative	val	ES	Petróglifo da Portela	Campo Lameiro	Moimenta (Santa María)		rock_art_surface	0.05742249	1716	ok	
val	wl-tile-v1-13213	wl-neg-neg-es-pba-68847	neg-es-pba-68847	0	hard_negative	val	ES	Petróglifo da Portela	Oia	Burgueira (San Pedro)		rock_art_surface	0.05644680	1718	ok	
val	wl-tile-v1-13214	wl-neg-neg-es-pba-68848	neg-es-pba-68848	0	hard_negative	val	ES	Petróglifo da Portela 10	Oia	Burgueira (San Pedro)		rock_art_surface	0.13387066	1399	ok	
val	wl-tile-v1-13215	wl-neg-neg-es-pba-68849	neg-es-pba-68849	0	hard_negative	val	ES	Petróglifo da Portela 10	Oia	Burgueira (San Pedro)		rock_art_surface	0.06852630	1667	ok	
val	wl-tile-v1-13216	wl-neg-neg-es-pba-68850	neg-es-pba-68850	0	hard_negative	val	ES	Petróglifo da Portela 11	Oia	Burgueira (San Pedro)		rock_art_surface	0.17205028	1237	ok	
val	wl-tile-v1-13077	wl-neg-neg-es-pba-63867	neg-es-pba-63867	0	hard_negative	val	ES	Petróglifo da Portela 2	Campo Lameiro	Moimenta (Santa María)		rock_art_surface	0.07294049	1645	ok	
val	wl-tile-v1-13217	wl-neg-neg-es-pba-68851	neg-es-pba-68851	0	hard_negative	val	ES	Petróglifo da Portela 2	Oia	Burgueira (San Pedro)		rock_art_surface	0.04492913	1773	ok	
val	wl-tile-v1-13218	wl-neg-neg-es-pba-68852	neg-es-pba-68852	0	hard_negative	val	ES	Petróglifo da Portela 3	Oia	Burgueira (San Pedro)		rock_art_surface	0.07244014	1647	ok	
val	wl-tile-v1-13219	wl-neg-neg-es-pba-68853	neg-es-pba-68853	0	hard_negative	val	ES	Petróglifo da Portela 4	Oia	Burgueira (San Pedro)		rock_art_surface	0.08887403	1571	ok	
val	wl-tile-v1-13220	wl-neg-neg-es-pba-68918	neg-es-pba-68918	0	hard_negative	val	ES	Petróglifo da Portela 5	Oia	Burgueira (San Pedro)		rock_art_surface	0.10366246	1501	ok	
val	wl-tile-v1-13221	wl-neg-neg-es-pba-68919	neg-es-pba-68919	0	hard_negative	val	ES	Petróglifo da Portela 6	Oia	Burgueira (San Pedro)		rock_art_surface	0.07408691	1638	ok	
val	wl-tile-v1-13222	wl-neg-neg-es-pba-68920	neg-es-pba-68920	0	hard_negative	val	ES	Petróglifo da Portela 7	Oia	Burgueira (San Pedro)		rock_art_surface	0.03227459	1811	ok	
val	wl-tile-v1-13223	wl-neg-neg-es-pba-68921	neg-es-pba-68921	0	hard_negative	val	ES	Petróglifo da Portela 8	Oia	Burgueira (San Pedro)		rock_art_surface	0.16543976	1265	ok	
val	wl-tile-v1-13224	wl-neg-neg-es-pba-68922	neg-es-pba-68922	0	hard_negative	val	ES	Petróglifo da Portela 9	Oia	Burgueira (San Pedro)		rock_art_surface	0.02405274	1831	ok	
val	wl-tile-v1-13225	wl-neg-neg-es-pba-68923	neg-es-pba-68923	0	hard_negative	val	ES	Petróglifo da Portela I-1	Oia	Loureza (San Mamede)		rock_art_surface	0.33660306	754	ok	
val	wl-tile-v1-13226	wl-neg-neg-es-pba-68924	neg-es-pba-68924	0	hard_negative	val	ES	Petróglifo da Portela I-2	Oia	Burgueira (San Pedro)		rock_art_surface	0.40866325	587	ok	
val	wl-tile-v1-13227	wl-neg-neg-es-pba-68925	neg-es-pba-68925	0	hard_negative	val	ES	Petróglifo da Portela I-3	Oia	Burgueira (San Pedro)		rock_art_surface	0.20561976	1136	ok	
val	wl-tile-v1-13228	wl-neg-neg-es-pba-68926	neg-es-pba-68926	0	hard_negative	val	ES	Petróglifo da Portela II-2	Oia	Burgueira (San Pedro)		rock_art_surface	0.16735478	1256	ok	
val	wl-tile-v1-13229	wl-neg-neg-es-pba-68927	neg-es-pba-68927	0	hard_negative	val	ES	Petróglifo da Portela II-3	Oia	Burgueira (San Pedro)		rock_art_surface	0.16223399	1276	ok	
val	wl-tile-v1-13078	wl-neg-neg-es-pba-63868	neg-es-pba-63868	0	hard_negative	val	ES	Petróglifo da Riba das Rozas 1	Campo Lameiro	O Campo (San Miguel)		rock_art_surface	0.61654626	304	ok	
val	wl-tile-v1-13079	wl-neg-neg-es-pba-63869	neg-es-pba-63869	0	hard_negative	val	ES	Petróglifo da Trincheira 1	Campo Lameiro	Montes (San Isidro)		rock_art_surface	0.02118396	1836	ok	
val	wl-tile-v1-13080	wl-neg-neg-es-pba-63870	neg-es-pba-63870	0	hard_negative	val	ES	Petróglifo da Trincheira 10	Campo Lameiro	Montes (San Isidro)		rock_art_surface	0.04564752	1771	ok	
val	wl-tile-v1-13081	wl-neg-neg-es-pba-63871	neg-es-pba-63871	0	hard_negative	val	ES	Petróglifo da Trincheira 11	Campo Lameiro	Montes (San Isidro)		rock_art_surface	0.05319056	1731	ok	
val	wl-tile-v1-13082	wl-neg-neg-es-pba-63872	neg-es-pba-63872	0	hard_negative	val	ES	Petróglifo da Trincheira 12	Campo Lameiro	Montes (San Isidro)		rock_art_surface	0.06247678	1690	ok	
val	wl-tile-v1-13083	wl-neg-neg-es-pba-63873	neg-es-pba-63873	0	hard_negative	val	ES	Petróglifo da Trincheira 13	Campo Lameiro	Montes (San Isidro)		rock_art_surface	0.04519527	1772	ok	
val	wl-tile-v1-13084	wl-neg-neg-es-pba-63874	neg-es-pba-63874	0	hard_negative	val	ES	Petróglifo da Trincheira 14	Campo Lameiro	Montes (San Isidro)		rock_art_surface	0.05048679	1742	ok	
val	wl-tile-v1-13085	wl-neg-neg-es-pba-63875	neg-es-pba-63875	0	hard_negative	val	ES	Petróglifo da Trincheira 15	Campo Lameiro	Montes (San Isidro)		rock_art_surface	0.07619949	1622	ok	
val	wl-tile-v1-13096	wl-neg-neg-es-pba-63902	neg-es-pba-63902	0	hard_negative	val	ES	Petróglifo da Trincheira 16	Campo Lameiro	Montes (San Isidro)		rock_art_surface	0.08541658	1587	ok	
val	wl-tile-v1-13097	wl-neg-neg-es-pba-63903	neg-es-pba-63903	0	hard_negative	val	ES	Petróglifo da Trincheira 17	Campo Lameiro	Montes (San Isidro)		rock_art_surface	0.07208050	1649	ok	
val	wl-tile-v1-13098	wl-neg-neg-es-pba-63904	neg-es-pba-63904	0	hard_negative	val	ES	Petróglifo da Trincheira 18	Campo Lameiro	Montes (San Isidro)		rock_art_surface	0.08072032	1602	ok	
val	wl-tile-v1-13099	wl-neg-neg-es-pba-63905	neg-es-pba-63905	0	hard_negative	val	ES	Petróglifo da Trincheira 19	Campo Lameiro	Montes (San Isidro)		rock_art_surface	0.07610310	1625	ok	
val	wl-tile-v1-13100	wl-neg-neg-es-pba-63906	neg-es-pba-63906	0	hard_negative	val	ES	Petróglifo da Trincheira 2	Campo Lameiro	Montes (San Isidro)		rock_art_surface	0.06870619	1666	ok	
val	wl-tile-v1-13101	wl-neg-neg-es-pba-63907	neg-es-pba-63907	0	hard_negative	val	ES	Petróglifo da Trincheira 20	Campo Lameiro	Montes (San Isidro)		rock_art_surface	0.08131795	1598	ok	
val	wl-tile-v1-13102	wl-neg-neg-es-pba-63908	neg-es-pba-63908	0	hard_negative	val	ES	Petróglifo da Trincheira 21	Campo Lameiro	Montes (San Isidro)		rock_art_surface	0.02530314	1828	ok	
val	wl-tile-v1-13103	wl-neg-neg-es-pba-63909	neg-es-pba-63909	0	hard_negative	val	ES	Petróglifo da Trincheira 22	Campo Lameiro	Montes (San Isidro)		rock_art_surface	0.02584500	1827	ok	
val	wl-tile-v1-13104	wl-neg-neg-es-pba-63910	neg-es-pba-63910	0	hard_negative	val	ES	Petróglifo da Trincheira 3	Campo Lameiro	Montes (San Isidro)		rock_art_surface	0.09253409	1555	ok	
val	wl-tile-v1-13105	wl-neg-neg-es-pba-63911	neg-es-pba-63911	0	hard_negative	val	ES	Petróglifo da Trincheira 4	Campo Lameiro	Montes (San Isidro)		rock_art_surface	0.11742295	1457	ok	
val	wl-tile-v1-13111	wl-neg-neg-es-pba-63937	neg-es-pba-63937	0	hard_negative	val	ES	Petróglifo da Trincheira 5	Campo Lameiro	Montes (San Isidro)		rock_art_surface	0.08401343	1591	ok	
val	wl-tile-v1-13112	wl-neg-neg-es-pba-63938	neg-es-pba-63938	0	hard_negative	val	ES	Petróglifo da Trincheira 6	Campo Lameiro	Montes (San Isidro)		rock_art_surface	0.07877812	1610	ok	
val	wl-tile-v1-13113	wl-neg-neg-es-pba-63939	neg-es-pba-63939	0	hard_negative	val	ES	Petróglifo da Trincheira 7	Campo Lameiro	Montes (San Isidro)		rock_art_surface	0.06992018	1661	ok	
val	wl-tile-v1-13114	wl-neg-neg-es-pba-63940	neg-es-pba-63940	0	hard_negative	val	ES	Petróglifo da Trincheira 8	Campo Lameiro	Montes (San Isidro)		rock_art_surface	0.07573706	1628	ok	
val	wl-tile-v1-13115	wl-neg-neg-es-pba-63941	neg-es-pba-63941	0	hard_negative	val	ES	Petróglifo da Trincheira 9	Campo Lameiro	Montes (San Isidro)		rock_art_surface	0.04871645	1756	ok	
val	wl-tile-v1-13366	wl-neg-neg-es-pba-70289	neg-es-pba-70289	0	hard_negative	val	ES	Petróglifo da Vela	Soutomaior	Soutomaior (San Salvador)		rock_art_surface	0.18646284	1195	ok	
val	wl-tile-v1-13230	wl-neg-neg-es-pba-68928	neg-es-pba-68928	0	hard_negative	val	ES	Petróglifo das Cabanillas 1	Oia	Burgueira (San Pedro)		rock_art_surface	0.03467423	1804	ok	
val	wl-tile-v1-13232	wl-neg-neg-es-pba-68994	neg-es-pba-68994	0	hard_negative	val	ES	Petróglifo das Cabanillas 2	Oia	Burgueira (San Pedro)		rock_art_surface	0.08109813	1600	ok	
val	wl-tile-v1-13233	wl-neg-neg-es-pba-68995	neg-es-pba-68995	0	hard_negative	val	ES	Petróglifo das Cachadas	Oia	Mougás (Santa Uxía)		rock_art_surface	0.04663702	1767	ok	
val	wl-tile-v1-13116	wl-neg-neg-es-pba-63942	neg-es-pba-63942	0	hard_negative	val	ES	Petróglifo das Canles 01	Campo Lameiro	Montes (San Isidro)		rock_art_surface	0.14512860	1352	ok	
val	wl-tile-v1-13117	wl-neg-neg-es-pba-63943	neg-es-pba-63943	0	hard_negative	val	ES	Petróglifo das Canles 02	Campo Lameiro	Montes (San Isidro)		rock_art_surface	0.17115606	1242	ok	
val	wl-tile-v1-13118	wl-neg-neg-es-pba-63944	neg-es-pba-63944	0	hard_negative	val	ES	Petróglifo das Canles 03	Campo Lameiro	Montes (San Isidro)		rock_art_surface	0.22016128	1090	ok	
val	wl-tile-v1-13119	wl-neg-neg-es-pba-63945	neg-es-pba-63945	0	hard_negative	val	ES	Petróglifo das Canles 04	Campo Lameiro	Montes (San Isidro)		rock_art_surface	0.14725008	1341	ok	
val	wl-tile-v1-13120	wl-neg-neg-es-pba-63946	neg-es-pba-63946	0	hard_negative	val	ES	Petróglifo das Canles 05	Campo Lameiro	Montes (San Isidro)		rock_art_surface	0.10238716	1507	ok	
val	wl-tile-v1-13121	wl-neg-neg-es-pba-63973	neg-es-pba-63973	0	hard_negative	val	ES	Petróglifo das Canles 06	Campo Lameiro	Montes (San Isidro)		rock_art_surface	0.12789442	1422	ok	
val	wl-tile-v1-13122	wl-neg-neg-es-pba-63974	neg-es-pba-63974	0	hard_negative	val	ES	Petróglifo das Canles 07	Campo Lameiro	Montes (San Isidro)		rock_art_surface	0.11329843	1474	ok	
val	wl-tile-v1-13123	wl-neg-neg-es-pba-63975	neg-es-pba-63975	0	hard_negative	val	ES	Petróglifo das Canles 08	Campo Lameiro	Montes (San Isidro)		rock_art_surface	0.21945591	1094	ok	
val	wl-tile-v1-13124	wl-neg-neg-es-pba-63976	neg-es-pba-63976	0	hard_negative	val	ES	Petróglifo das Canles 09	Campo Lameiro	Montes (San Isidro)		rock_art_surface	0.08049497	1604	ok	
val	wl-tile-v1-13125	wl-neg-neg-es-pba-63977	neg-es-pba-63977	0	hard_negative	val	ES	Petróglifo das Canles 10	Campo Lameiro	Montes (San Isidro)		rock_art_surface	0.08395560	1592	ok	
val	wl-tile-v1-13126	wl-neg-neg-es-pba-63978	neg-es-pba-63978	0	hard_negative	val	ES	Petróglifo das Canles 11	Campo Lameiro	Montes (San Isidro)		rock_art_surface	0.05968351	1702	ok	
val	wl-tile-v1-13127	wl-neg-neg-es-pba-63979	neg-es-pba-63979	0	hard_negative	val	ES	Petróglifo das Canles 12	Campo Lameiro	Montes (San Isidro)		rock_art_surface	0.09620770	1537	ok	
val	wl-tile-v1-13128	wl-neg-neg-es-pba-63980	neg-es-pba-63980	0	hard_negative	val	ES	Petróglifo das Canles 13	Campo Lameiro	Montes (San Isidro)		rock_art_surface	0.11637576	1461	ok	
val	wl-tile-v1-13234	wl-neg-neg-es-pba-68996	neg-es-pba-68996	0	hard_negative	val	ES	Petróglifo das Chans	Oia	Mougás (Santa Uxía)		rock_art_surface	0.09921252	1521	ok	
val	wl-tile-v1-13235	wl-neg-neg-es-pba-68997	neg-es-pba-68997	0	hard_negative	val	ES	Petróglifo das Fontes 1	Oia	Viladesuso (San Miguel)		rock_art_surface	0.27853232	921	ok	
val	wl-tile-v1-13236	wl-neg-neg-es-pba-68998	neg-es-pba-68998	0	hard_negative	val	ES	Petróglifo das Fontes 2	Oia	Viladesuso (San Miguel)		rock_art_surface	0.07743891	1613	ok	
val	wl-tile-v1-13237	wl-neg-neg-es-pba-68999	neg-es-pba-68999	0	hard_negative	val	ES	Petróglifo das Fontes 3	Oia	Viladesuso (San Miguel)		rock_art_surface	0.16075465	1281	ok	
val	wl-tile-v1-13238	wl-neg-neg-es-pba-69000	neg-es-pba-69000	0	hard_negative	val	ES	Petróglifo das Fontes 4	Oia	Viladesuso (San Miguel)		rock_art_surface	0.08850619	1574	ok	
val	wl-tile-v1-13239	wl-neg-neg-es-pba-69001	neg-es-pba-69001	0	hard_negative	val	ES	Petróglifo das Fontes 5	Oia	Viladesuso (San Miguel)		rock_art_surface	0.21834086	1104	ok	
val	wl-tile-v1-13240	wl-neg-neg-es-pba-69002	neg-es-pba-69002	0	hard_negative	val	ES	Petróglifo das Fontiñas	Oia	Loureza (San Mamede)		rock_art_surface	0.14300193	1368	ok	
val	wl-tile-v1-13241	wl-neg-neg-es-pba-69003	neg-es-pba-69003	0	hard_negative	val	ES	Petróglifo das Fontiñas 1	Oia	Loureza (San Mamede)		rock_art_surface	0.14584479	1345	ok	
val	wl-tile-v1-13242	wl-neg-neg-es-pba-69004	neg-es-pba-69004	0	hard_negative	val	ES	Petróglifo das Fontiñas 2	Oia	Loureza (San Mamede)		rock_art_surface	0.17782363	1224	ok	
val	wl-tile-v1-13243	wl-neg-neg-es-pba-69071	neg-es-pba-69071	0	hard_negative	val	ES	Petróglifo das Fontiñas 3	Oia	Loureza (San Mamede)		rock_art_surface	0.08171155	1596	ok	
val	wl-tile-v1-13244	wl-neg-neg-es-pba-69072	neg-es-pba-69072	0	hard_negative	val	ES	Petróglifo das Fontiñas 4	Oia	Loureza (San Mamede)		rock_art_surface	0.09018771	1566	ok	
val	wl-tile-v1-13245	wl-neg-neg-es-pba-69073	neg-es-pba-69073	0	hard_negative	val	ES	Petróglifo das Fontiñas 5	Oia	Loureza (San Mamede)		rock_art_surface	0.06089858	1698	ok	
val	wl-tile-v1-13246	wl-neg-neg-es-pba-69074	neg-es-pba-69074	0	hard_negative	val	ES	Petróglifo das Fontiñas II-2	Oia	Loureza (San Mamede)		rock_art_surface	0.15519473	1310	ok	
val	wl-tile-v1-13247	wl-neg-neg-es-pba-69075	neg-es-pba-69075	0	hard_negative	val	ES	Petróglifo das Fontiñas II-3	Oia	Loureza (San Mamede)		rock_art_surface	0.07150775	1652	ok	
val	wl-tile-v1-13248	wl-neg-neg-es-pba-69076	neg-es-pba-69076	0	hard_negative	val	ES	Petróglifo das Fontiñas II-4	Oia	Loureza (San Mamede)		rock_art_surface	0.08594092	1584	ok	
val	wl-tile-v1-13129	wl-neg-neg-es-pba-63981	neg-es-pba-63981	0	hard_negative	val	ES	Petróglifo das Martizas 1	Campo Lameiro	Fragas (Santa Mariña)		rock_art_surface	0.05854928	1710	ok	
val	wl-tile-v1-13130	wl-neg-neg-es-pba-63982	neg-es-pba-63982	0	hard_negative	val	ES	Petróglifo das Martizas 2	Campo Lameiro	Fragas (Santa Mariña)		rock_art_surface	0.03162849	1814	ok	
val	wl-tile-v1-12897	wl-neg-neg-es-pba-63426	neg-es-pba-63426	0	hard_negative	val	ES	Petróglifo das Quenllas 1	Campo Lameiro	Moimenta (Santa María)		rock_art_surface	0.12802827	1421	ok	
val	wl-tile-v1-12898	wl-neg-neg-es-pba-63427	neg-es-pba-63427	0	hard_negative	val	ES	Petróglifo das Quenllas 2	Campo Lameiro	Moimenta (Santa María)		rock_art_surface	0.07179321	1651	ok	
val	wl-tile-v1-12899	wl-neg-neg-es-pba-63428	neg-es-pba-63428	0	hard_negative	val	ES	Petróglifo das Quenllas 3	Campo Lameiro	Moimenta (Santa María)		rock_art_surface	0.10922119	1485	ok	
val	wl-tile-v1-12900	wl-neg-neg-es-pba-63429	neg-es-pba-63429	0	hard_negative	val	ES	Petróglifo das Rozas Vellas 5	Campo Lameiro	Morillas (Santiago)		rock_art_surface	0.06606081	1674	ok	
val	wl-tile-v1-12901	wl-neg-neg-es-pba-63430	neg-es-pba-63430	0	hard_negative	val	ES	Petróglifo de Acevedo 1	Campo Lameiro	Fragas (Santa Mariña)		rock_art_surface	0.09620401	1538	ok	
val	wl-tile-v1-12902	wl-neg-neg-es-pba-63431	neg-es-pba-63431	0	hard_negative	val	ES	Petróglifo de Ageiro	Campo Lameiro	O Campo (San Miguel)		rock_art_surface	0.24466308	1019	ok	
val	wl-tile-v1-12344	wl-neg-neg-es-pba-29365	neg-es-pba-29365	0	hard_negative	val	ES	Petróglifo de Airoá	Chantada	Pesqueiras (Santa María)		rock_art_surface	0.36044648	695	ok	
val	wl-tile-v1-12903	wl-neg-neg-es-pba-63432	neg-es-pba-63432	0	hard_negative	val	ES	Petróglifo de Alba Túnez	Campo Lameiro	Fragas (Santa Mariña)		rock_art_surface	0.03814730	1793	ok	
val	wl-tile-v1-12904	wl-neg-neg-es-pba-63433	neg-es-pba-63433	0	hard_negative	val	ES	Petróglifo de Albatunez 2	Campo Lameiro	Fragas (Santa Mariña)		rock_art_surface	0.38005829	657	ok	
val	wl-tile-v1-12905	wl-neg-neg-es-pba-63434	neg-es-pba-63434	0	hard_negative	val	ES	Petróglifo de Albatunez 3	Campo Lameiro	Fragas (Santa Mariña)		rock_art_surface	0.11818304	1455	ok	
val	wl-tile-v1-12906	wl-neg-neg-es-pba-63435	neg-es-pba-63435	0	hard_negative	val	ES	Petróglifo de Albatunez 4	Campo Lameiro	Fragas (Santa Mariña)		rock_art_surface	0.12410752	1432	ok	
val	wl-tile-v1-12907	wl-neg-neg-es-pba-63462	neg-es-pba-63462	0	hard_negative	val	ES	Petróglifo de Albatunez 5	Campo Lameiro	Fragas (Santa Mariña)		rock_art_surface	0.09714482	1532	ok	
val	wl-tile-v1-13249	wl-neg-neg-es-pba-69077	neg-es-pba-69077	0	hard_negative	val	ES	Petróglifo de Auga dos Cebros	Oia	Oia (Santa María)		rock_art_surface	0.07357070	1643	ok	
val	wl-tile-v1-13250	wl-neg-neg-es-pba-69078	neg-es-pba-69078	0	hard_negative	val	ES	Petróglifo de Bonaval	Oia	Burgueira (San Pedro)		rock_art_surface	0.03524419	1802	ok	
val	wl-tile-v1-13251	wl-neg-neg-es-pba-69079	neg-es-pba-69079	0	hard_negative	val	ES	Petróglifo de Bouza Fariña 1	Oia	Mougás (Santa Uxía)		rock_art_surface	0.08970958	1568	ok	
val	wl-tile-v1-13252	wl-neg-neg-es-pba-69080	neg-es-pba-69080	0	hard_negative	val	ES	Petróglifo de Bouza Fariña 2	Oia	Mougás (Santa Uxía)		rock_art_surface	0.05949503	1706	ok	
val	wl-tile-v1-13253	wl-neg-neg-es-pba-69081	neg-es-pba-69081	0	hard_negative	val	ES	Petróglifo de Bouza Fariña 3	Oia	Mougás (Santa Uxía)		rock_art_surface	0.06343240	1687	ok	
val	wl-tile-v1-13254	wl-neg-neg-es-pba-69148	neg-es-pba-69148	0	hard_negative	val	ES	Petróglifo de Bouza Fariña 4	Oia	Mougás (Santa Uxía)		rock_art_surface	0.05427694	1722	ok	
val	wl-tile-v1-13255	wl-neg-neg-es-pba-69149	neg-es-pba-69149	0	hard_negative	val	ES	Petróglifo de Bouza Fariña 5	Oia	Mougás (Santa Uxía)		rock_art_surface	0.06680427	1669	ok	
val	wl-tile-v1-13367	wl-neg-neg-es-pba-70290	neg-es-pba-70290	0	hard_negative	val	ES	Petróglifo de Bouza da Mosca 1/Petróglifo de Monte Pedroso 1	Soutomaior	Soutomaior (San Salvador)		rock_art_surface	0.29104202	891	ok	
val	wl-tile-v1-13368	wl-neg-neg-es-pba-70291	neg-es-pba-70291	0	hard_negative	val	ES	Petróglifo de Bouza da Mosca 2/Petróglifo de Monte Pedroso 2	Soutomaior	Soutomaior (San Salvador)		rock_art_surface	0.06640538	1673	ok	
val	wl-tile-v1-12908	wl-neg-neg-es-pba-63463	neg-es-pba-63463	0	hard_negative	val	ES	Petróglifo de Campo Lameiro 1	Campo Lameiro	Fragas (Santa Mariña)		rock_art_surface	0.39740024	616	ok	
val	wl-tile-v1-13256	wl-neg-neg-es-pba-69150	neg-es-pba-69150	0	hard_negative	val	ES	Petróglifo de Canto dos Mouros	Oia	Viladesuso (San Miguel)		rock_art_surface	0.15141673	1322	ok	
val	wl-tile-v1-13139	wl-neg-neg-es-pba-65071	neg-es-pba-65071	0	hard_negative	val	ES	Petróglifo de Cerraque	Crecente	A Ameixeira (San Bernabeu)		rock_art_surface	0.22903823	1068	ok	
val	wl-tile-v1-12909	wl-neg-neg-es-pba-63464	neg-es-pba-63464	0	hard_negative	val	ES	Petróglifo de Chan da Abelleira 2	Campo Lameiro	Montes (San Isidro)		rock_art_surface	0.09094456	1562	ok	
val	wl-tile-v1-12910	wl-neg-neg-es-pba-63465	neg-es-pba-63465	0	hard_negative	val	ES	Petróglifo de Chan da Abelleira 3	Campo Lameiro	Montes (San Isidro)		rock_art_surface	0.07553426	1630	ok	
val	wl-tile-v1-12911	wl-neg-neg-es-pba-63466	neg-es-pba-63466	0	hard_negative	val	ES	Petróglifo de Chan da Abelleira 4	Campo Lameiro	Montes (San Isidro)		rock_art_surface	0.65511561	260	ok	
val	wl-tile-v1-12912	wl-neg-neg-es-pba-63467	neg-es-pba-63467	0	hard_negative	val	ES	Petróglifo de Chan da Abelleira 5	Campo Lameiro	Montes (San Isidro)		rock_art_surface	0.22164885	1086	ok	
val	wl-tile-v1-12913	wl-neg-neg-es-pba-63468	neg-es-pba-63468	0	hard_negative	val	ES	Petróglifo de Chan da Abelleira 6	Campo Lameiro	Montes (San Isidro)		rock_art_surface	0.13521976	1393	ok	
val	wl-tile-v1-12914	wl-neg-neg-es-pba-63469	neg-es-pba-63469	0	hard_negative	val	ES	Petróglifo de Chan da Carballeda 2	Campo Lameiro	Moimenta (Santa María)		rock_art_surface	0.02788618	1822	ok	
val	wl-tile-v1-12915	wl-neg-neg-es-pba-63470	neg-es-pba-63470	0	hard_negative	val	ES	Petróglifo de Chan da Carballeda 3	Campo Lameiro	Moimenta (Santa María)		rock_art_surface	0.16590602	1264	ok	
val	wl-tile-v1-12916	wl-neg-neg-es-pba-63471	neg-es-pba-63471	0	hard_negative	val	ES	Petróglifo de Chan da Carballeda 4	Campo Lameiro	Moimenta (Santa María)		rock_art_surface	0.06678927	1670	ok	
val	wl-tile-v1-12917	wl-neg-neg-es-pba-63496	neg-es-pba-63496	0	hard_negative	val	ES	Petróglifo de Chan da Carballeda 5	Campo Lameiro	Moimenta (Santa María)		rock_art_surface	0.04376663	1776	ok	
val	wl-tile-v1-12918	wl-neg-neg-es-pba-63497	neg-es-pba-63497	0	hard_negative	val	ES	Petróglifo de Chan da Isca 3	Campo Lameiro	Moimenta (Santa María)		rock_art_surface	0.12214911	1440	ok	
val	wl-tile-v1-12919	wl-neg-neg-es-pba-63498	neg-es-pba-63498	0	hard_negative	val	ES	Petróglifo de Chan da Isca 4	Campo Lameiro	Moimenta (Santa María)		rock_art_surface	0.24683743	1014	ok	
val	wl-tile-v1-12920	wl-neg-neg-es-pba-63499	neg-es-pba-63499	0	hard_negative	val	ES	Petróglifo de Chan da Isca I-1	Campo Lameiro	Moimenta (Santa María)		rock_art_surface	0.12323433	1435	ok	
val	wl-tile-v1-12921	wl-neg-neg-es-pba-63500	neg-es-pba-63500	0	hard_negative	val	ES	Petróglifo de Chan da Isca I-2	Campo Lameiro	Moimenta (Santa María)		rock_art_surface	0.13158013	1408	ok	
val	wl-tile-v1-12922	wl-neg-neg-es-pba-63501	neg-es-pba-63501	0	hard_negative	val	ES	Petróglifo de Chan da Isca II-1	Campo Lameiro	Moimenta (Santa María)		rock_art_surface	0.11666822	1460	ok	
val	wl-tile-v1-12923	wl-neg-neg-es-pba-63502	neg-es-pba-63502	0	hard_negative	val	ES	Petróglifo de Chan da Isca II-2	Campo Lameiro	Moimenta (Santa María)		rock_art_surface	0.12357194	1433	ok	
val	wl-tile-v1-12924	wl-neg-neg-es-pba-63503	neg-es-pba-63503	0	hard_negative	val	ES	Petróglifo de Chan da Lagoa 1	Campo Lameiro	Montes (San Isidro)		rock_art_surface	0.08746780	1579	ok	
val	wl-tile-v1-12925	wl-neg-neg-es-pba-63504	neg-es-pba-63504	0	hard_negative	val	ES	Petróglifo de Chan da Lagoa 11	Campo Lameiro	Montes (San Isidro)		rock_art_surface	0.07882299	1608	ok	
val	wl-tile-v1-12926	wl-neg-neg-es-pba-63505	neg-es-pba-63505	0	hard_negative	val	ES	Petróglifo de Chan da Lagoa 12	Campo Lameiro	Montes (San Isidro)		rock_art_surface	0.11317781	1475	ok	
val	wl-tile-v1-12927	wl-neg-neg-es-pba-63530	neg-es-pba-63530	0	hard_negative	val	ES	Petróglifo de Chan da Lagoa 13	Campo Lameiro	Montes (San Isidro)		rock_art_surface	0.12834363	1419	ok	
val	wl-tile-v1-12928	wl-neg-neg-es-pba-63531	neg-es-pba-63531	0	hard_negative	val	ES	Petróglifo de Chan da Lagoa 14	Campo Lameiro	Montes (San Isidro)		rock_art_surface	0.08072651	1601	ok	
val	wl-tile-v1-12929	wl-neg-neg-es-pba-63532	neg-es-pba-63532	0	hard_negative	val	ES	Petróglifo de Chan da Lagoa 15	Campo Lameiro	Montes (San Isidro)		rock_art_surface	0.10228397	1509	ok	
val	wl-tile-v1-12930	wl-neg-neg-es-pba-63533	neg-es-pba-63533	0	hard_negative	val	ES	Petróglifo de Chan da Lagoa 2	Campo Lameiro	Montes (San Isidro)		rock_art_surface	0.09511439	1544	ok	
val	wl-tile-v1-12931	wl-neg-neg-es-pba-63534	neg-es-pba-63534	0	hard_negative	val	ES	Petróglifo de Chan da Lagoa 3	Campo Lameiro	Montes (San Isidro)		rock_art_surface	0.25330957	1001	ok	
val	wl-tile-v1-12932	wl-neg-neg-es-pba-63535	neg-es-pba-63535	0	hard_negative	val	ES	Petróglifo de Chan da Lagoa 4	Campo Lameiro	Montes (San Isidro)		rock_art_surface	0.08654725	1582	ok	
val	wl-tile-v1-12933	wl-neg-neg-es-pba-63536	neg-es-pba-63536	0	hard_negative	val	ES	Petróglifo de Chan da Lagoa 5	Campo Lameiro	Montes (San Isidro)		rock_art_surface	0.08056791	1603	ok	
val	wl-tile-v1-12934	wl-neg-neg-es-pba-63537	neg-es-pba-63537	0	hard_negative	val	ES	Petróglifo de Chan da Lagoa 6	Campo Lameiro	Montes (San Isidro)		rock_art_surface	0.07111955	1656	ok	
val	wl-tile-v1-12935	wl-neg-neg-es-pba-63538	neg-es-pba-63538	0	hard_negative	val	ES	Petróglifo de Chan da Lagoa 7	Campo Lameiro	Montes (San Isidro)		rock_art_surface	0.06904865	1664	ok	
val	wl-tile-v1-12936	wl-neg-neg-es-pba-63539	neg-es-pba-63539	0	hard_negative	val	ES	Petróglifo de Chan de Abelleira 7	Campo Lameiro	Montes (San Isidro)		rock_art_surface	0.21307651	1118	ok	
val	wl-tile-v1-12938	wl-neg-neg-es-pba-63564	neg-es-pba-63564	0	hard_negative	val	ES	Petróglifo de Chan de Abelleira 8	Campo Lameiro	Montes (San Isidro)		rock_art_surface	0.09845681	1525	ok	
val	wl-tile-v1-12939	wl-neg-neg-es-pba-63565	neg-es-pba-63565	0	hard_negative	val	ES	Petróglifo de Chan de Abelleira 9	Campo Lameiro	Montes (San Isidro)		rock_art_surface	0.07684227	1617	ok	
val	wl-tile-v1-13140	wl-neg-neg-es-pba-65072	neg-es-pba-65072	0	hard_negative	val	ES	Petróglifo de Chan de Moeiras	Crecente	Filgueira (San Pedro)		rock_art_surface	0.67071212	245	ok	
val	wl-tile-v1-13141	wl-neg-neg-es-pba-65073	neg-es-pba-65073	0	hard_negative	val	ES	Petróglifo de Chan de Moeiras 2	Crecente	Filgueira (San Pedro)		rock_art_surface	0.24494805	1018	ok	
val	wl-tile-v1-12940	wl-neg-neg-es-pba-63566	neg-es-pba-63566	0	hard_negative	val	ES	Petróglifo de Chan dos Salgueiriños 1	Campo Lameiro	Montes (San Isidro)		rock_art_surface	0.05967904	1703	ok	
val	wl-tile-v1-12941	wl-neg-neg-es-pba-63567	neg-es-pba-63567	0	hard_negative	val	ES	Petróglifo de Chan dos Salgueiriños 2	Campo Lameiro	Montes (San Isidro)		rock_art_surface	0.05486337	1720	ok	
val	wl-tile-v1-12577	wl-neg-neg-es-pba-35926	neg-es-pba-35926	0	hard_negative	val	ES	Petróglifo de Chao das Sinas 1	Ourol	Miñotos (San Pedro)		rock_art_surface	0.19691665	1157	ok	
val	wl-tile-v1-12578	wl-neg-neg-es-pba-35927	neg-es-pba-35927	0	hard_negative	val	ES	Petróglifo de Chao das Sinas 10	Ourol	Miñotos (San Pedro)		rock_art_surface	0.18126801	1214	ok	
val	wl-tile-v1-12579	wl-neg-neg-es-pba-35928	neg-es-pba-35928	0	hard_negative	val	ES	Petróglifo de Chao das Sinas 11	Ourol	Miñotos (San Pedro)		rock_art_surface	0.18233931	1211	ok	
val	wl-tile-v1-12580	wl-neg-neg-es-pba-35929	neg-es-pba-35929	0	hard_negative	val	ES	Petróglifo de Chao das Sinas 12	Ourol	Miñotos (San Pedro)		rock_art_surface	0.14302651	1366	ok	
val	wl-tile-v1-12581	wl-neg-neg-es-pba-35957	neg-es-pba-35957	0	hard_negative	val	ES	Petróglifo de Chao das Sinas 13	Ourol	Miñotos (San Pedro)		rock_art_surface	0.24979762	1009	ok	
val	wl-tile-v1-12582	wl-neg-neg-es-pba-35958	neg-es-pba-35958	0	hard_negative	val	ES	Petróglifo de Chao das Sinas 2	Ourol	Miñotos (San Pedro)		rock_art_surface	0.25297878	1002	ok	
val	wl-tile-v1-12583	wl-neg-neg-es-pba-35959	neg-es-pba-35959	0	hard_negative	val	ES	Petróglifo de Chao das Sinas 3	Ourol	Miñotos (San Pedro)		rock_art_surface	0.14544312	1350	ok	
val	wl-tile-v1-12584	wl-neg-neg-es-pba-35960	neg-es-pba-35960	0	hard_negative	val	ES	Petróglifo de Chao das Sinas 4	Ourol	Miñotos (San Pedro)		rock_art_surface	0.16630374	1263	ok	
val	wl-tile-v1-12585	wl-neg-neg-es-pba-35961	neg-es-pba-35961	0	hard_negative	val	ES	Petróglifo de Chao das Sinas 5	Ourol	Miñotos (San Pedro)		rock_art_surface	0.52127454	399	ok	
val	wl-tile-v1-12586	wl-neg-neg-es-pba-35962	neg-es-pba-35962	0	hard_negative	val	ES	Petróglifo de Chao das Sinas 6	Ourol	Miñotos (San Pedro)		rock_art_surface	0.11419187	1469	ok	
val	wl-tile-v1-12587	wl-neg-neg-es-pba-35963	neg-es-pba-35963	0	hard_negative	val	ES	Petróglifo de Chao das Sinas 7	Ourol	Miñotos (San Pedro)		rock_art_surface	0.06513141	1679	ok	
val	wl-tile-v1-12588	wl-neg-neg-es-pba-35964	neg-es-pba-35964	0	hard_negative	val	ES	Petróglifo de Chao das Sinas 8	Ourol	Miñotos (San Pedro)		rock_art_surface	0.15813681	1297	ok	
val	wl-tile-v1-12589	wl-neg-neg-es-pba-35965	neg-es-pba-35965	0	hard_negative	val	ES	Petróglifo de Chao das Sinas 9	Ourol	Miñotos (San Pedro)		rock_art_surface	0.14506418	1353	ok	
val	wl-tile-v1-13257	wl-neg-neg-es-pba-69151	neg-es-pba-69151	0	hard_negative	val	ES	Petróglifo de Corrubelo	Oia	Burgueira (San Pedro)		rock_art_surface	0.23597914	1046	ok	
val	wl-tile-v1-12801	wl-neg-neg-es-pba-64191	neg-es-pba-64191	0	hard_negative	val	ES	Petróglifo de Costa dos Cabalos	A Estrada	San Xurxo de Vea (San Xurxo)		rock_art_surface	0.13982808	1381	ok	
val	wl-tile-v1-13258	wl-neg-neg-es-pba-69152	neg-es-pba-69152	0	hard_negative	val	ES	Petróglifo de Cruz do Viveiro	Oia	Pedornes (San Mamede)		rock_art_surface	0.04392452	1775	ok	
val	wl-tile-v1-11954	wl-neg-neg-es-pba-13590	neg-es-pba-13590	0	hard_negative	val	ES	Petróglifo de Edreira 1	Monfero	Vilachá (Santa María)		rock_art_surface	0.22868645	1071	ok	
val	wl-tile-v1-11955	wl-neg-neg-es-pba-13591	neg-es-pba-13591	0	hard_negative	val	ES	Petróglifo de Edreira 2	Monfero	Vilachá (Santa María)		rock_art_surface	0.31630018	808	ok	
val	wl-tile-v1-11956	wl-neg-neg-es-pba-13592	neg-es-pba-13592	0	hard_negative	val	ES	Petróglifo de Edreira 3	Monfero	Vilachá (Santa María)		rock_art_surface	0.22682929	1077	ok	
val	wl-tile-v1-12942	wl-neg-neg-es-pba-63568	neg-es-pba-63568	0	hard_negative	val	ES	Petróglifo de Fermosa Carballa 1	Campo Lameiro	Fragas (Santa Mariña)		rock_art_surface	0.13445954	1397	ok	
val	wl-tile-v1-12943	wl-neg-neg-es-pba-63569	neg-es-pba-63569	0	hard_negative	val	ES	Petróglifo de Fermosa Carballa 2	Campo Lameiro	Fragas (Santa Mariña)		rock_art_surface	0.34487078	734	ok	
val	wl-tile-v1-12944	wl-neg-neg-es-pba-63570	neg-es-pba-63570	0	hard_negative	val	ES	Petróglifo de Fermosa Carballa 3	Campo Lameiro	Fragas (Santa Mariña)		rock_art_surface	0.38957923	638	ok	
val	wl-tile-v1-12945	wl-neg-neg-es-pba-63571	neg-es-pba-63571	0	hard_negative	val	ES	Petróglifo de Fermosa Carballa 4	Campo Lameiro	Fragas (Santa Mariña)		rock_art_surface	0.36556481	685	ok	
val	wl-tile-v1-12946	wl-neg-neg-es-pba-63572	neg-es-pba-63572	0	hard_negative	val	ES	Petróglifo de Fermosa Carballa 5	Campo Lameiro	Fragas (Santa Mariña)		rock_art_surface	0.41085263	579	ok	
val	wl-tile-v1-12947	wl-neg-neg-es-pba-63573	neg-es-pba-63573	0	hard_negative	val	ES	Petróglifo de Fermosa Carballa 6	Campo Lameiro	Fragas (Santa Mariña)		rock_art_surface	0.26392326	977	ok	
val	wl-tile-v1-13170	wl-neg-neg-es-pba-66849	neg-es-pba-66849	0	hard_negative	val	ES	Petróglifo de Fofán	Meis	A Armenteira (Santa María)		rock_art_surface	0.26436826	974	ok	
val	wl-tile-v1-12471	wl-neg-neg-es-pba-32125	neg-es-pba-32125	0	hard_negative	val	ES	Petróglifo de Fírveda	Guitiriz	Lagostelle (San Xoán)		rock_art_surface	0.61366151	308	ok	
val	wl-tile-v1-12948	wl-neg-neg-es-pba-63598	neg-es-pba-63598	0	hard_negative	val	ES	Petróglifo de Laxe dos Cabalos 1	Campo Lameiro	Moimenta (Santa María)		rock_art_surface	0.14118421	1377	ok	
val	wl-tile-v1-12949	wl-neg-neg-es-pba-63599	neg-es-pba-63599	0	hard_negative	val	ES	Petróglifo de Laxe dos Cabalos 2	Campo Lameiro	Moimenta (Santa María)		rock_art_surface	0.14131484	1375	ok	
val	wl-tile-v1-12950	wl-neg-neg-es-pba-63600	neg-es-pba-63600	0	hard_negative	val	ES	Petróglifo de Laxe dos Cabalos 3	Campo Lameiro	Moimenta (Santa María)		rock_art_surface	0.17715535	1226	ok	
val	wl-tile-v1-12951	wl-neg-neg-es-pba-63601	neg-es-pba-63601	0	hard_negative	val	ES	Petróglifo de Laxe dos Cabalos 4	Campo Lameiro	Moimenta (Santa María)		rock_art_surface	0.17087703	1243	ok	
val	wl-tile-v1-12952	wl-neg-neg-es-pba-63602	neg-es-pba-63602	0	hard_negative	val	ES	Petróglifo de Laxe dos Carballos	Campo Lameiro	O Campo (San Miguel)		rock_art_surface	0.05851800	1711	ok	
val	wl-tile-v1-11888	wl-neg-neg-es-pba-9464	neg-es-pba-9464	0	hard_negative	val	ES	Petróglifo de Lomba das Pozas 1	Dodro	San Xoán de Laíño (San Xoán)		rock_art_surface	0.53116756	391	ok	
val	wl-tile-v1-11889	wl-neg-neg-es-pba-9465	neg-es-pba-9465	0	hard_negative	val	ES	Petróglifo de Lomba das Pozas 2	Dodro	San Xoán de Laíño (San Xoán)		rock_art_surface	0.70920107	217	ok	
val	wl-tile-v1-13259	wl-neg-neg-es-pba-69153	neg-es-pba-69153	0	hard_negative	val	ES	Petróglifo de Marco do Castelo	Oia	Burgueira (San Pedro)		rock_art_surface	0.09941525	1520	ok	
val	wl-tile-v1-12953	wl-neg-neg-es-pba-63603	neg-es-pba-63603	0	hard_negative	val	ES	Petróglifo de Monte Paradela 1	Campo Lameiro	O Campo (San Miguel)		rock_art_surface	0.08931804	1569	ok	
val	wl-tile-v1-12954	wl-neg-neg-es-pba-63604	neg-es-pba-63604	0	hard_negative	val	ES	Petróglifo de Monte Paradela 2	Campo Lameiro	O Campo (San Miguel)		rock_art_surface	0.09125012	1560	ok	
val	wl-tile-v1-12955	wl-neg-neg-es-pba-63605	neg-es-pba-63605	0	hard_negative	val	ES	Petróglifo de Monte Paradela 3	Campo Lameiro	O Campo (San Miguel)		rock_art_surface	0.06536962	1676	ok	
val	wl-tile-v1-12956	wl-neg-neg-es-pba-63606	neg-es-pba-63606	0	hard_negative	val	ES	Petróglifo de Monte Paradela 4	Campo Lameiro	O Campo (San Miguel)		rock_art_surface	0.08973029	1567	ok	
val	wl-tile-v1-12957	wl-neg-neg-es-pba-63629	neg-es-pba-63629	0	hard_negative	val	ES	Petróglifo de Monte Paradela 5	Campo Lameiro	O Campo (San Miguel)		rock_art_surface	0.09897096	1522	ok	
val	wl-tile-v1-13260	wl-neg-neg-es-pba-69154	neg-es-pba-69154	0	hard_negative	val	ES	Petróglifo de Monte Valga	Oia	Loureza (San Mamede)		rock_art_surface	0.12784837	1424	ok	
val	wl-tile-v1-13261	wl-neg-neg-es-pba-69155	neg-es-pba-69155	0	hard_negative	val	ES	Petróglifo de Monte Valga 2	Oia	Loureza (San Mamede)		rock_art_surface	0.20341499	1142	ok	
val	wl-tile-v1-12958	wl-neg-neg-es-pba-63630	neg-es-pba-63630	0	hard_negative	val	ES	Petróglifo de Monte Vixante	Campo Lameiro	O Campo (San Miguel)		rock_art_surface	0.15099789	1323	ok	
val	wl-tile-v1-12959	wl-neg-neg-es-pba-63631	neg-es-pba-63631	0	hard_negative	val	ES	Petróglifo de Mosqueiriño 1	Campo Lameiro	Fragas (Santa Mariña)		rock_art_surface	0.03892787	1789	ok	
val	wl-tile-v1-12960	wl-neg-neg-es-pba-63632	neg-es-pba-63632	0	hard_negative	val	ES	Petróglifo de Mosqueiriño 2	Campo Lameiro	Fragas (Santa Mariña)		rock_art_surface	0.05847566	1712	ok	
val	wl-tile-v1-12961	wl-neg-neg-es-pba-63633	neg-es-pba-63633	0	hard_negative	val	ES	Petróglifo de Mosqueiriño 3	Campo Lameiro	Fragas (Santa Mariña)		rock_art_surface	0.04032666	1784	ok	
val	wl-tile-v1-12962	wl-neg-neg-es-pba-63634	neg-es-pba-63634	0	hard_negative	val	ES	Petróglifo de Mosqueiriño 4	Campo Lameiro	Fragas (Santa Mariña)		rock_art_surface	0.05027308	1744	ok	
val	wl-tile-v1-13262	wl-neg-neg-es-pba-69156	neg-es-pba-69156	0	hard_negative	val	ES	Petróglifo de Mouta	Oia	Burgueira (San Pedro)		rock_art_surface	0.31228264	825	ok	
val	wl-tile-v1-13263	wl-neg-neg-es-pba-69157	neg-es-pba-69157	0	hard_negative	val	ES	Petróglifo de Outeiro Negro 2	Oia	Burgueira (San Pedro)		rock_art_surface	0.01796255	1839	ok	
val	wl-tile-v1-13264	wl-neg-neg-es-pba-69158	neg-es-pba-69158	0	hard_negative	val	ES	Petróglifo de Outeiro Negro 3	Oia	Burgueira (San Pedro)		rock_art_surface	0.03776276	1795	ok	
val	wl-tile-v1-12963	wl-neg-neg-es-pba-63635	neg-es-pba-63635	0	hard_negative	val	ES	Petróglifo de Outeiro Redondo 1	Campo Lameiro	O Campo (San Miguel)		rock_art_surface	0.19140151	1173	ok	
val	wl-tile-v1-12964	wl-neg-neg-es-pba-63636	neg-es-pba-63636	0	hard_negative	val	ES	Petróglifo de Outeiro Redondo 2	Campo Lameiro	O Campo (San Miguel)		rock_art_surface	0.14563436	1347	ok	
val	wl-tile-v1-12965	wl-neg-neg-es-pba-63637	neg-es-pba-63637	0	hard_negative	val	ES	Petróglifo de Outeiro Redondo 3	Campo Lameiro	Fragas (Santa Mariña)		rock_art_surface	0.26260135	982	ok	
val	wl-tile-v1-11890	wl-neg-neg-es-pba-9466	neg-es-pba-9466	0	hard_negative	val	ES	Petróglifo de Padronelo 1	Dodro	San Xoán de Laíño (San Xoán)		rock_art_surface	0.13208031	1407	ok	
val	wl-tile-v1-11891	wl-neg-neg-es-pba-9467	neg-es-pba-9467	0	hard_negative	val	ES	Petróglifo de Padronelo 2	Dodro	San Xoán de Laíño (San Xoán)		rock_art_surface	0.38666660	642	ok	
val	wl-tile-v1-13142	wl-neg-neg-es-pba-65074	neg-es-pba-65074	0	hard_negative	val	ES	Petróglifo de Paradela	Crecente	Albeos (San Xoán)		rock_art_surface	0.16336059	1271	ok	
val	wl-tile-v1-12971	wl-neg-neg-es-pba-63661	neg-es-pba-63661	0	hard_negative	val	ES	Petróglifo de Paredes	Campo Lameiro	Moimenta (Santa María)		rock_art_surface	0.22653255	1078	ok	
val	wl-tile-v1-13265	wl-neg-neg-es-pba-69227	neg-es-pba-69227	0	hard_negative	val	ES	Petróglifo de Pedornes	Oia	Pedornes (San Mamede)		rock_art_surface	0.02744947	1824	ok	
val	wl-tile-v1-13266	wl-neg-neg-es-pba-69228	neg-es-pba-69228	0	hard_negative	val	ES	Petróglifo de Pedra Escrita	Oia	Burgueira (San Pedro)		rock_art_surface	0.04728567	1765	ok	
val	wl-tile-v1-12972	wl-neg-neg-es-pba-63662	neg-es-pba-63662	0	hard_negative	val	ES	Petróglifo de Pedroso 1	Campo Lameiro	O Campo (San Miguel)		rock_art_surface	0.24717309	1013	ok	
val	wl-tile-v1-12973	wl-neg-neg-es-pba-63663	neg-es-pba-63663	0	hard_negative	val	ES	Petróglifo de Pedroso 2	Campo Lameiro	O Campo (San Miguel)		rock_art_surface	0.17908814	1222	ok	
val	wl-tile-v1-12974	wl-neg-neg-es-pba-63664	neg-es-pba-63664	0	hard_negative	val	ES	Petróglifo de Pena Furada 4/1	Campo Lameiro	Morillas (Santiago)		rock_art_surface	0.15820908	1295	ok	
val	wl-tile-v1-12975	wl-neg-neg-es-pba-63665	neg-es-pba-63665	0	hard_negative	val	ES	Petróglifo de Pena Furada 4/2	Campo Lameiro	Morillas (Santiago)		rock_art_surface	0.14306184	1365	ok	
val	wl-tile-v1-12976	wl-neg-neg-es-pba-63666	neg-es-pba-63666	0	hard_negative	val	ES	Petróglifo de Pena Furada 4/3	Campo Lameiro	Morillas (Santiago)		rock_art_surface	0.13451189	1395	ok	
val	wl-tile-v1-12977	wl-neg-neg-es-pba-63667	neg-es-pba-63667	0	hard_negative	val	ES	Petróglifo de Pena Furada I-1	Campo Lameiro	Morillas (Santiago)		rock_art_surface	0.05102714	1741	ok	
val	wl-tile-v1-12978	wl-neg-neg-es-pba-63668	neg-es-pba-63668	0	hard_negative	val	ES	Petróglifo de Pena Furada I-2	Campo Lameiro	Morillas (Santiago)		rock_art_surface	0.04815391	1761	ok	
val	wl-tile-v1-12979	wl-neg-neg-es-pba-63669	neg-es-pba-63669	0	hard_negative	val	ES	Petróglifo de Pena Furada I-3	Campo Lameiro	Morillas (Santiago)		rock_art_surface	0.05199229	1738	ok	
val	wl-tile-v1-12980	wl-neg-neg-es-pba-63670	neg-es-pba-63670	0	hard_negative	val	ES	Petróglifo de Pena Furada I-4	Campo Lameiro	Morillas (Santiago)		rock_art_surface	0.04817161	1760	ok	
val	wl-tile-v1-12991	wl-neg-neg-es-pba-63697	neg-es-pba-63697	0	hard_negative	val	ES	Petróglifo de Pena Furada II-1	Campo Lameiro	Morillas (Santiago)		rock_art_surface	0.05236320	1736	ok	
val	wl-tile-v1-12992	wl-neg-neg-es-pba-63698	neg-es-pba-63698	0	hard_negative	val	ES	Petróglifo de Pena Furada II-2	Campo Lameiro	Morillas (Santiago)		rock_art_surface	0.04880838	1755	ok	
val	wl-tile-v1-12993	wl-neg-neg-es-pba-63699	neg-es-pba-63699	0	hard_negative	val	ES	Petróglifo de Pena Furada II-3	Campo Lameiro	Morillas (Santiago)		rock_art_surface	0.05201529	1737	ok	
val	wl-tile-v1-12994	wl-neg-neg-es-pba-63700	neg-es-pba-63700	0	hard_negative	val	ES	Petróglifo de Pena Furada II-4	Campo Lameiro	Morillas (Santiago)		rock_art_surface	0.06543942	1675	ok	
val	wl-tile-v1-12995	wl-neg-neg-es-pba-63701	neg-es-pba-63701	0	hard_negative	val	ES	Petróglifo de Pena Furada III-1	Campo Lameiro	Morillas (Santiago)		rock_art_surface	0.03672739	1796	ok	
val	wl-tile-v1-12996	wl-neg-neg-es-pba-63702	neg-es-pba-63702	0	hard_negative	val	ES	Petróglifo de Pena Furada III-2	Campo Lameiro	Morillas (Santiago)		rock_art_surface	0.03538556	1801	ok	
val	wl-tile-v1-12997	wl-neg-neg-es-pba-63703	neg-es-pba-63703	0	hard_negative	val	ES	Petróglifo de Pena Furada III-3	Campo Lameiro	Morillas (Santiago)		rock_art_surface	0.05445916	1721	ok	
val	wl-tile-v1-12998	wl-neg-neg-es-pba-63704	neg-es-pba-63704	0	hard_negative	val	ES	Petróglifo de Penalba 1	Campo Lameiro	O Campo (San Miguel)		rock_art_surface	0.16841939	1252	ok	
val	wl-tile-v1-12999	wl-neg-neg-es-pba-63705	neg-es-pba-63705	0	hard_negative	val	ES	Petróglifo de Penalba 2	Campo Lameiro	O Campo (San Miguel)		rock_art_surface	0.61904727	299	ok	
val	wl-tile-v1-13267	wl-neg-neg-es-pba-69229	neg-es-pba-69229	0	hard_negative	val	ES	Petróglifo de Pinar dePorros 4	Oia	Loureza (San Mamede)		rock_art_surface	0.07754536	1612	ok	
val	wl-tile-v1-13268	wl-neg-neg-es-pba-69230	neg-es-pba-69230	0	hard_negative	val	ES	Petróglifo de Pinar do Corvo	Oia	Mougás (Santa Uxía)		rock_art_surface	0.07121213	1655	ok	
val	wl-tile-v1-12802	wl-neg-neg-es-pba-64192	neg-es-pba-64192	0	hard_negative	val	ES	Petróglifo de Porcate	A Estrada	Codeseda (San Xurxo)		rock_art_surface	0.10623591	1493	ok	
val	wl-tile-v1-13000	wl-neg-neg-es-pba-63706	neg-es-pba-63706	0	hard_negative	val	ES	Petróglifo de Porta da Lagoa 2	Campo Lameiro	Montes (San Isidro)		rock_art_surface	0.37879523	660	ok	
val	wl-tile-v1-13011	wl-neg-neg-es-pba-63733	neg-es-pba-63733	0	hard_negative	val	ES	Petróglifo de Porta da Lagoa 3	Campo Lameiro	Montes (San Isidro)		rock_art_surface	0.37733847	661	ok	
val	wl-tile-v1-13012	wl-neg-neg-es-pba-63734	neg-es-pba-63734	0	hard_negative	val	ES	Petróglifo de Porta da Lagoa 4	Campo Lameiro	Montes (San Isidro)		rock_art_surface	0.14093126	1378	ok	
val	wl-tile-v1-13269	wl-neg-neg-es-pba-69231	neg-es-pba-69231	0	hard_negative	val	ES	Petróglifo de Pousadela 2	Oia	Pedornes (San Mamede)		rock_art_surface	0.02236532	1834	ok	
val	wl-tile-v1-13270	wl-neg-neg-es-pba-69232	neg-es-pba-69232	0	hard_negative	val	ES	Petróglifo de Pousadela 3	Oia	Pedornes (San Mamede)		rock_art_surface	0.06366572	1685	ok	
val	wl-tile-v1-13271	wl-neg-neg-es-pba-69233	neg-es-pba-69233	0	hard_negative	val	ES	Petróglifo de Pousadela I-1	Oia	Pedornes (San Mamede)		rock_art_surface	0.25858267	988	ok	
val	wl-tile-v1-13272	wl-neg-neg-es-pba-69234	neg-es-pba-69234	0	hard_negative	val	ES	Petróglifo de Pousadela I-2	Oia	Pedornes (San Mamede)		rock_art_surface	0.30476975	854	ok	
val	wl-tile-v1-13171	wl-neg-neg-es-pba-66850	neg-es-pba-66850	0	hard_negative	val	ES	Petróglifo de Poza de Queiro	Meis	A Armenteira (Santa María)		rock_art_surface	0.13156230	1409	ok	
val	wl-tile-v1-13013	wl-neg-neg-es-pba-63735	neg-es-pba-63735	0	hard_negative	val	ES	Petróglifo de Praderrei	Campo Lameiro	O Campo (San Miguel)		rock_art_surface	0.62614762	295	ok	
val	wl-tile-v1-13014	wl-neg-neg-es-pba-63736	neg-es-pba-63736	0	hard_negative	val	ES	Petróglifo de Roza de Mateo	Campo Lameiro	O Campo (San Miguel)		rock_art_surface	0.33530397	758	ok	
val	wl-tile-v1-13015	wl-neg-neg-es-pba-63737	neg-es-pba-63737	0	hard_negative	val	ES	Petróglifo de Rozas Vellas	Campo Lameiro	Morillas (Santiago)		rock_art_surface	0.07490273	1633	ok	
val	wl-tile-v1-13016	wl-neg-neg-es-pba-63738	neg-es-pba-63738	0	hard_negative	val	ES	Petróglifo de Rozas Vellas 2	Campo Lameiro	Morillas (Santiago)		rock_art_surface	0.07420693	1637	ok	
val	wl-tile-v1-13017	wl-neg-neg-es-pba-63739	neg-es-pba-63739	0	hard_negative	val	ES	Petróglifo de Rozas Vellas 3	Campo Lameiro	Morillas (Santiago)		rock_art_surface	0.07261450	1646	ok	
val	wl-tile-v1-13018	wl-neg-neg-es-pba-63740	neg-es-pba-63740	0	hard_negative	val	ES	Petróglifo de Seixiña 1	Campo Lameiro	Montes (San Isidro)		rock_art_surface	0.10514396	1498	ok	
val	wl-tile-v1-13019	wl-neg-neg-es-pba-63741	neg-es-pba-63741	0	hard_negative	val	ES	Petróglifo de Seixiña 2	Campo Lameiro	Montes (San Isidro)		rock_art_surface	0.07975321	1606	ok	
val	wl-tile-v1-13273	wl-neg-neg-es-pba-69235	neg-es-pba-69235	0	hard_negative	val	ES	Petróglifo de Senín 1	Oia	Viladesuso (San Miguel)		rock_art_surface	0.51742773	405	ok	
val	wl-tile-v1-13274	wl-neg-neg-es-pba-69236	neg-es-pba-69236	0	hard_negative	val	ES	Petróglifo de Senín 2	Oia	Mougás (Santa Uxía)		rock_art_surface	0.41723280	570	ok	
val	wl-tile-v1-13131	wl-neg-neg-es-pba-64521	neg-es-pba-64521	0	hard_negative	val	ES	Petróglifo de Sinada	Crecente	O Freixo (San Roque)		rock_art_surface	0.04446867	1774	ok	
val	wl-tile-v1-13027	wl-neg-neg-es-pba-63769	neg-es-pba-63769	0	hard_negative	val	ES	Petróglifo de Tras Gregorio 1	Campo Lameiro	Montes (San Isidro)		rock_art_surface	0.06654761	1672	ok	
val	wl-tile-v1-13028	wl-neg-neg-es-pba-63770	neg-es-pba-63770	0	hard_negative	val	ES	Petróglifo de Tras Gregorio 2	Campo Lameiro	Montes (San Isidro)		rock_art_surface	0.09062958	1564	ok	
val	wl-tile-v1-13029	wl-neg-neg-es-pba-63771	neg-es-pba-63771	0	hard_negative	val	ES	Petróglifo de Tras Gregorio 3	Campo Lameiro	Montes (San Isidro)		rock_art_surface	0.07205848	1650	ok	
val	wl-tile-v1-13020	wl-neg-neg-es-pba-63742	neg-es-pba-63742	0	hard_negative	val	ES	Petróglifo de Tras da Rasa 2	Campo Lameiro	Montes (San Isidro)		rock_art_surface	0.02818391	1821	ok	
val	wl-tile-v1-13275	wl-neg-neg-es-pba-69295	neg-es-pba-69295	0	hard_negative	val	ES	Petróglifo de Valiñacova	Oia	Loureza (San Mamede)		rock_art_surface	0.07916314	1607	ok	
val	wl-tile-v1-13030	wl-neg-neg-es-pba-63772	neg-es-pba-63772	0	hard_negative	val	ES	Petróglifo de Veigas Novas	Campo Lameiro	Moimenta (Santa María)		rock_art_surface	0.03034262	1817	ok	
val	wl-tile-v1-13276	wl-neg-neg-es-pba-69296	neg-es-pba-69296	0	hard_negative	val	ES	Petróglifo de Vilariño	Oia	Burgueira (San Pedro)		rock_art_surface	0.09766484	1530	ok	
val	wl-tile-v1-13277	wl-neg-neg-es-pba-69297	neg-es-pba-69297	0	hard_negative	val	ES	Petróglifo de Vilariño	Oia	Burgueira (San Pedro)		rock_art_surface	0.05322742	1730	ok	
val	wl-tile-v1-13278	wl-neg-neg-es-pba-69298	neg-es-pba-69298	0	hard_negative	val	ES	Petróglifo do Alto da Pedreira 2	Oia	Oia (Santa María)		rock_art_surface	0.45260997	510	ok	
val	wl-tile-v1-13279	wl-neg-neg-es-pba-69299	neg-es-pba-69299	0	hard_negative	val	ES	Petróglifo do Alto da Pedreira 3	Oia	Oia (Santa María)		rock_art_surface	0.41206802	578	ok	
val	wl-tile-v1-13280	wl-neg-neg-es-pba-69300	neg-es-pba-69300	0	hard_negative	val	ES	Petróglifo do Alto da Pedreira 5	Oia	Oia (Santa María)		rock_art_surface	0.14548720	1349	ok	
val	wl-tile-v1-13281	wl-neg-neg-es-pba-69301	neg-es-pba-69301	0	hard_negative	val	ES	Petróglifo do Alto da Pedreira 6	Oia	Oia (Santa María)		rock_art_surface	0.07694336	1615	ok	
val	wl-tile-v1-13282	wl-neg-neg-es-pba-69302	neg-es-pba-69302	0	hard_negative	val	ES	Petróglifo do Alto da Pedreira I-01	Oia	Oia (Santa María)		rock_art_surface	0.31521910	811	ok	
val	wl-tile-v1-13283	wl-neg-neg-es-pba-69303	neg-es-pba-69303	0	hard_negative	val	ES	Petróglifo do Alto da Pedreira I-02	Oia	Oia (Santa María)		rock_art_surface	0.32836728	776	ok	
val	wl-tile-v1-13284	wl-neg-neg-es-pba-69304	neg-es-pba-69304	0	hard_negative	val	ES	Petróglifo do Alto da Pedreira I-03	Oia	Oia (Santa María)		rock_art_surface	0.31124146	831	ok	
val	wl-tile-v1-13285	wl-neg-neg-es-pba-69305	neg-es-pba-69305	0	hard_negative	val	ES	Petróglifo do Alto da Pedreira I-04	Oia	Oia (Santa María)		rock_art_surface	0.28557001	909	ok	
val	wl-tile-v1-13287	wl-neg-neg-es-pba-69371	neg-es-pba-69371	0	hard_negative	val	ES	Petróglifo do Alto da Pedreira I-05	Oia	Oia (Santa María)		rock_art_surface	0.33203398	765	ok	
val	wl-tile-v1-13288	wl-neg-neg-es-pba-69372	neg-es-pba-69372	0	hard_negative	val	ES	Petróglifo do Alto da Pedreira I-06	Oia	Oia (Santa María)		rock_art_surface	0.27805500	923	ok	
val	wl-tile-v1-13289	wl-neg-neg-es-pba-69373	neg-es-pba-69373	0	hard_negative	val	ES	Petróglifo do Alto da Pedreira I-07	Oia	Oia (Santa María)		rock_art_surface	0.32283716	792	ok	
val	wl-tile-v1-13290	wl-neg-neg-es-pba-69374	neg-es-pba-69374	0	hard_negative	val	ES	Petróglifo do Alto da Pedreira I-08	Oia	Oia (Santa María)		rock_art_surface	0.39220190	626	ok	
val	wl-tile-v1-13291	wl-neg-neg-es-pba-69375	neg-es-pba-69375	0	hard_negative	val	ES	Petróglifo do Alto da Pedreira I-09	Oia	Oia (Santa María)		rock_art_surface	0.32754474	779	ok	
val	wl-tile-v1-13292	wl-neg-neg-es-pba-69376	neg-es-pba-69376	0	hard_negative	val	ES	Petróglifo do Alto da Pedreira I-10	Oia	Oia (Santa María)		rock_art_surface	0.25475753	996	ok	
val	wl-tile-v1-13293	wl-neg-neg-es-pba-69377	neg-es-pba-69377	0	hard_negative	val	ES	Petróglifo do Alto da Pedreira I-11	Oia	Oia (Santa María)		rock_art_surface	0.25290064	1003	ok	
val	wl-tile-v1-13294	wl-neg-neg-es-pba-69378	neg-es-pba-69378	0	hard_negative	val	ES	Petróglifo do Alto da Pedreira IV-1	Oia	Oia (Santa María)		rock_art_surface	0.07487508	1634	ok	
val	wl-tile-v1-13295	wl-neg-neg-es-pba-69379	neg-es-pba-69379	0	hard_negative	val	ES	Petróglifo do Alto da Pedreira IV-2	Oia	Oia (Santa María)		rock_art_surface	0.06532465	1678	ok	
val	wl-tile-v1-12803	wl-neg-neg-es-pba-64193	neg-es-pba-64193	0	hard_negative	val	ES	Petróglifo do Alto da Porteliña	A Estrada	Frades (Santa María)		rock_art_surface	0.13368540	1401	ok	
val	wl-tile-v1-13296	wl-neg-neg-es-pba-69380	neg-es-pba-69380	0	hard_negative	val	ES	Petróglifo do Alto das Veigas	Oia	Mougás (Santa Uxía)		rock_art_surface	0.14457904	1360	ok	
val	wl-tile-v1-13300	wl-neg-neg-es-pba-69442	neg-es-pba-69442	0	hard_negative	val	ES	Petróglifo do Alto do Corrubelo 10	Oia	Pedornes (San Mamede)		rock_art_surface	0.08421379	1590	ok	
val	wl-tile-v1-13301	wl-neg-neg-es-pba-69443	neg-es-pba-69443	0	hard_negative	val	ES	Petróglifo do Alto do Corrubelo 11	Oia	Burgueira (San Pedro)		rock_art_surface	0.07054074	1659	ok	
val	wl-tile-v1-13302	wl-neg-neg-es-pba-69444	neg-es-pba-69444	0	hard_negative	val	ES	Petróglifo do Alto do Corrubelo 2	Oia	Burgueira (San Pedro)		rock_art_surface	0.11999981	1449	ok	
val	wl-tile-v1-13303	wl-neg-neg-es-pba-69445	neg-es-pba-69445	0	hard_negative	val	ES	Petróglifo do Alto do Corrubelo 3	Oia	Burgueira (San Pedro)		rock_art_surface	0.13257995	1405	ok	
val	wl-tile-v1-13304	wl-neg-neg-es-pba-69446	neg-es-pba-69446	0	hard_negative	val	ES	Petróglifo do Alto do Corrubelo 4	Oia	Burgueira (San Pedro)		rock_art_surface	0.11414751	1470	ok	
val	wl-tile-v1-13305	wl-neg-neg-es-pba-69447	neg-es-pba-69447	0	hard_negative	val	ES	Petróglifo do Alto do Corrubelo 5	Oia	Pedornes (San Mamede)		rock_art_surface	0.05191075	1739	ok	
val	wl-tile-v1-13306	wl-neg-neg-es-pba-69448	neg-es-pba-69448	0	hard_negative	val	ES	Petróglifo do Alto do Corrubelo 6	Oia	Pedornes (San Mamede)		rock_art_surface	0.05267743	1734	ok	
val	wl-tile-v1-13307	wl-neg-neg-es-pba-69449	neg-es-pba-69449	0	hard_negative	val	ES	Petróglifo do Alto do Corrubelo 7	Oia	Pedornes (San Mamede)		rock_art_surface	0.15202763	1318	ok	
val	wl-tile-v1-13308	wl-neg-neg-es-pba-69450	neg-es-pba-69450	0	hard_negative	val	ES	Petróglifo do Alto do Corrubelo 8	Oia	Burgueira (San Pedro)		rock_art_surface	0.07684763	1616	ok	
val	wl-tile-v1-13309	wl-neg-neg-es-pba-69451	neg-es-pba-69451	0	hard_negative	val	ES	Petróglifo do Alto do Corrubelo 9	Oia	Burgueira (San Pedro)		rock_art_surface	0.11737223	1458	ok	
val	wl-tile-v1-13310	wl-neg-neg-es-pba-69452	neg-es-pba-69452	0	hard_negative	val	ES	Petróglifo do Alto do Lousado 1	Oia	Burgueira (San Pedro)		rock_art_surface	0.10274801	1503	ok	
val	wl-tile-v1-13311	wl-neg-neg-es-pba-69518	neg-es-pba-69518	0	hard_negative	val	ES	Petróglifo do Alto do Lousado 2	Oia	Burgueira (San Pedro)		rock_art_surface	0.16266203	1274	ok	
val	wl-tile-v1-13312	wl-neg-neg-es-pba-69519	neg-es-pba-69519	0	hard_negative	val	ES	Petróglifo do Alto do Lousado 3	Oia	Burgueira (San Pedro)		rock_art_surface	0.14329959	1363	ok	
val	wl-tile-v1-13313	wl-neg-neg-es-pba-69520	neg-es-pba-69520	0	hard_negative	val	ES	Petróglifo do Alto do Morouzo 1	Oia	Pedornes (San Mamede)		rock_art_surface	0.12546331	1429	ok	
val	wl-tile-v1-13314	wl-neg-neg-es-pba-69521	neg-es-pba-69521	0	hard_negative	val	ES	Petróglifo do Alto do Morouzo 2	Oia	Pedornes (San Mamede)		rock_art_surface	0.11935767	1453	ok	
val	wl-tile-v1-13315	wl-neg-neg-es-pba-69522	neg-es-pba-69522	0	hard_negative	val	ES	Petróglifo do Alto do Morouzo 3	Oia	Pedornes (San Mamede)		rock_art_surface	0.13353946	1403	ok	
val	wl-tile-v1-13316	wl-neg-neg-es-pba-69523	neg-es-pba-69523	0	hard_negative	val	ES	Petróglifo do Alto do Morouzo 4	Oia	Pedornes (San Mamede)		rock_art_surface	0.12264967	1439	ok	
val	wl-tile-v1-13317	wl-neg-neg-es-pba-69524	neg-es-pba-69524	0	hard_negative	val	ES	Petróglifo do Alto do Morouzo 5	Oia	Pedornes (San Mamede)		rock_art_surface	0.14225621	1370	ok	
val	wl-tile-v1-13318	wl-neg-neg-es-pba-69525	neg-es-pba-69525	0	hard_negative	val	ES	Petróglifo do Alto do Pousiño	Oia	Mougás (Santa Uxía)		rock_art_surface	0.09454210	1549	ok	
val	wl-tile-v1-13319	wl-neg-neg-es-pba-69526	neg-es-pba-69526	0	hard_negative	val	ES	Petróglifo do Alto do Touro Morto	Oia	Loureza (San Mamede)		rock_art_surface	0.10167949	1513	ok	
val	wl-tile-v1-13320	wl-neg-neg-es-pba-69527	neg-es-pba-69527	0	hard_negative	val	ES	Petróglifo do Bouza Fariña/Pilón de Mougás	Oia	Mougás (Santa Uxía)		rock_art_surface	0.15583299	1309	ok	
val	wl-tile-v1-13031	wl-neg-neg-es-pba-63773	neg-es-pba-63773	0	hard_negative	val	ES	Petróglifo do Campo das Eguas	Campo Lameiro	Morillas (Santiago)		rock_art_surface	0.07588416	1626	ok	
val	wl-tile-v1-13324	wl-neg-neg-es-pba-69589	neg-es-pba-69589	0	hard_negative	val	ES	Petróglifo do Campo do Ceno 1	Oia	Burgueira (San Pedro)		rock_art_surface	0.06097913	1696	ok	
val	wl-tile-v1-13325	wl-neg-neg-es-pba-69590	neg-es-pba-69590	0	hard_negative	val	ES	Petróglifo do Campo do Ceno 2	Oia	Burgueira (San Pedro)		rock_art_surface	0.05785704	1714	ok	
val	wl-tile-v1-13032	wl-neg-neg-es-pba-63774	neg-es-pba-63774	0	hard_negative	val	ES	Petróglifo do Campo dos Osos 1	Campo Lameiro	O Campo (San Miguel)		rock_art_surface	0.34840098	726	ok	
val	wl-tile-v1-13326	wl-neg-neg-es-pba-69591	neg-es-pba-69591	0	hard_negative	val	ES	Petróglifo do Castelo	Oia	Burgueira (San Pedro)		rock_art_surface	0.05778798	1715	ok	
val	wl-tile-v1-13033	wl-neg-neg-es-pba-63775	neg-es-pba-63775	0	hard_negative	val	ES	Petróglifo do Chan do Carbón 1	Campo Lameiro	Montes (San Isidro)		rock_art_surface	0.04092119	1783	ok	
val	wl-tile-v1-13034	wl-neg-neg-es-pba-63776	neg-es-pba-63776	0	hard_negative	val	ES	Petróglifo do Chan do Carbón 2	Campo Lameiro	Montes (San Isidro)		rock_art_surface	0.15932128	1289	ok	
val	wl-tile-v1-13035	wl-neg-neg-es-pba-63777	neg-es-pba-63777	0	hard_negative	val	ES	Petróglifo do Chan do Carbón 3	Campo Lameiro	Montes (San Isidro)		rock_art_surface	0.05385505	1726	ok	
val	wl-tile-v1-13036	wl-neg-neg-es-pba-63778	neg-es-pba-63778	0	hard_negative	val	ES	Petróglifo do Chan do Carbón 4	Campo Lameiro	Montes (San Isidro)		rock_art_surface	0.08806544	1576	ok	
val	wl-tile-v1-13047	wl-neg-neg-es-pba-63805	neg-es-pba-63805	0	hard_negative	val	ES	Petróglifo do Chan do Carbón 5	Campo Lameiro	Montes (San Isidro)		rock_art_surface	0.07446693	1635	ok	
val	wl-tile-v1-13327	wl-neg-neg-es-pba-69592	neg-es-pba-69592	0	hard_negative	val	ES	Petróglifo do Chan do Lobado	Oia	Mougás (Santa Uxía)		rock_art_surface	0.11309601	1476	ok	
val	wl-tile-v1-13328	wl-neg-neg-es-pba-69593	neg-es-pba-69593	0	hard_negative	val	ES	Petróglifo do Chozo do Monte das Fontiñas	Oia	Loureza (San Mamede)		rock_art_surface	0.14221848	1371	ok	
val	wl-tile-v1-12891	wl-neg-neg-es-pba-61896	neg-es-pba-61896	0	hard_negative	val	ES	Petróglifo do Con das Sete Pías	Cambados	Oubiña (San Vicenzo)		rock_art_surface	0.78433788	163	ok	
val	wl-tile-v1-13329	wl-neg-neg-es-pba-69594	neg-es-pba-69594	0	hard_negative	val	ES	Petróglifo do Coto	Oia	Burgueira (San Pedro)		rock_art_surface	0.03834222	1792	ok	
val	wl-tile-v1-13048	wl-neg-neg-es-pba-63806	neg-es-pba-63806	0	hard_negative	val	ES	Petróglifo do Coto do Chan da Isca 1	Campo Lameiro	O Campo (San Miguel)		rock_art_surface	0.13132036	1410	ok	
val	wl-tile-v1-13049	wl-neg-neg-es-pba-63807	neg-es-pba-63807	0	hard_negative	val	ES	Petróglifo do Coto do Rañadoiro	Campo Lameiro	Moimenta (Santa María)		rock_art_surface	0.01077327	1844	ok	
val	wl-tile-v1-13330	wl-neg-neg-es-pba-69595	neg-es-pba-69595	0	hard_negative	val	ES	Petróglifo do Couto 2	Oia	Burgueira (San Pedro)		rock_art_surface	0.21908860	1096	ok	
val	wl-tile-v1-13331	wl-neg-neg-es-pba-69596	neg-es-pba-69596	0	hard_negative	val	ES	Petróglifo do Feal	Oia	Burgueira (San Pedro)		rock_art_surface	0.10883804	1486	ok	
val	wl-tile-v1-13332	wl-neg-neg-es-pba-69597	neg-es-pba-69597	0	hard_negative	val	ES	Petróglifo do Marco do Castelo	Oia	Oia (Santa María)		rock_art_surface	0.56207669	361	ok	
val	wl-tile-v1-13333	wl-neg-neg-es-pba-69598	neg-es-pba-69598	0	hard_negative	val	ES	Petróglifo do Marco do Castelo 1	Oia	Loureza (San Mamede)		rock_art_surface	0.09603238	1539	ok	
val	wl-tile-v1-13345	wl-neg-neg-es-pba-69659	neg-es-pba-69659	0	hard_negative	val	ES	Petróglifo do Marco do Castelo 2	Oia	Loureza (San Mamede)		rock_art_surface	0.22211433	1085	ok	
val	wl-tile-v1-12892	wl-neg-neg-es-pba-61897	neg-es-pba-61897	0	hard_negative	val	ES	Petróglifo do Monte Castelo	Cambados	Castrelo (Santa Cruz)		rock_art_surface	0.86993465	98	ok	
val	wl-tile-v1-13132	wl-neg-neg-es-pba-64522	neg-es-pba-64522	0	hard_negative	val	ES	Petróglifo do Monte da Portela	Crecente	Sendelle (Santa Cruz)		rock_art_surface	0.26723657	962	ok	
val	wl-tile-v1-13050	wl-neg-neg-es-pba-63808	neg-es-pba-63808	0	hard_negative	val	ES	Petróglifo do Monte do Calvo 1	Campo Lameiro	Morillas (Santiago)		rock_art_surface	0.18398033	1205	ok	
val	wl-tile-v1-13051	wl-neg-neg-es-pba-63809	neg-es-pba-63809	0	hard_negative	val	ES	Petróglifo do Monte do Calvo 2	Campo Lameiro	Moimenta (Santa María)		rock_art_surface	0.19482237	1163	ok	
val	wl-tile-v1-12031	wl-neg-neg-es-pba-20514	neg-es-pba-20514	0	hard_negative	val	ES	Petróglifo do Monte do Pedregal 1	Rois	Buxán (San Xoán)		rock_art_surface	0.16478898	1268	ok	
val	wl-tile-v1-12032	wl-neg-neg-es-pba-20515	neg-es-pba-20515	0	hard_negative	val	ES	Petróglifo do Monte do Pedregal 2	Rois	Buxán (San Xoán)		rock_art_surface	0.20314409	1144	ok	
val	wl-tile-v1-12033	wl-neg-neg-es-pba-20516	neg-es-pba-20516	0	hard_negative	val	ES	Petróglifo do Monte do Pedregal 3	Rois	Buxán (San Xoán)		rock_art_surface	0.63657605	289	ok	
val	wl-tile-v1-12034	wl-neg-neg-es-pba-20517	neg-es-pba-20517	0	hard_negative	val	ES	Petróglifo do Monte do Pedregal 4	Rois	Buxán (San Xoán)		rock_art_surface	0.48277426	458	ok	
val	wl-tile-v1-12035	wl-neg-neg-es-pba-20518	neg-es-pba-20518	0	hard_negative	val	ES	Petróglifo do Monte do Pedregal 5	Rois	Buxán (San Xoán)		rock_art_surface	0.12147971	1444	ok	
val	wl-tile-v1-12315	wl-neg-neg-es-pba-29822	neg-es-pba-29822	0	hard_negative	val	ES	Petróglifo do Mostallar	Cervantes	Donís (San Fiz)		rock_art_surface	0.04838823	1758	ok	
val	wl-tile-v1-12727	wl-neg-neg-es-pba-63098	neg-es-pba-63098	0	hard_negative	val	ES	Petróglifo do Outeiro das Cruces	A Cañiza	Petán (San Xián)		rock_art_surface	0.70001865	221	ok	
val	wl-tile-v1-13052	wl-neg-neg-es-pba-63810	neg-es-pba-63810	0	hard_negative	val	ES	Petróglifo do Outeiro de Arroibar	Campo Lameiro	Montes (San Isidro)		rock_art_surface	0.03504205	1803	ok	
val	wl-tile-v1-13053	wl-neg-neg-es-pba-63811	neg-es-pba-63811	0	hard_negative	val	ES	Petróglifo do Outeiro de Pantrigo	Campo Lameiro	Morillas (Santiago)		rock_art_surface	0.05789562	1713	ok	
val	wl-tile-v1-13054	wl-neg-neg-es-pba-63812	neg-es-pba-63812	0	hard_negative	val	ES	Petróglifo do Outeiro do Carballiño 2	Campo Lameiro	Montes (San Isidro)		rock_art_surface	0.07610433	1624	ok	
val	wl-tile-v1-13055	wl-neg-neg-es-pba-63813	neg-es-pba-63813	0	hard_negative	val	ES	Petróglifo do Outeiro do Carballiño I-1	Campo Lameiro	Morillas (Santiago)		rock_art_surface	0.11232217	1479	ok	
val	wl-tile-v1-13066	wl-neg-neg-es-pba-63840	neg-es-pba-63840	0	hard_negative	val	ES	Petróglifo do Outeiro do Carballiño I-2	Campo Lameiro	Morillas (Santiago)		rock_art_surface	0.14708907	1342	ok	
val	wl-tile-v1-13067	wl-neg-neg-es-pba-63841	neg-es-pba-63841	0	hard_negative	val	ES	Petróglifo do Outeiro do Carballiño I-3	Campo Lameiro	Morillas (Santiago)		rock_art_surface	0.10446554	1499	ok	
val	wl-tile-v1-13068	wl-neg-neg-es-pba-63842	neg-es-pba-63842	0	hard_negative	val	ES	Petróglifo do Outeiro do Carballiño I-4	Campo Lameiro	Morillas (Santiago)		rock_art_surface	0.15664859	1306	ok	
val	wl-tile-v1-13069	wl-neg-neg-es-pba-63843	neg-es-pba-63843	0	hard_negative	val	ES	Petróglifo do Outeiro do Carballiño I-5	Campo Lameiro	Morillas (Santiago)		rock_art_surface	0.11472539	1468	ok	
val	wl-tile-v1-13070	wl-neg-neg-es-pba-63844	neg-es-pba-63844	0	hard_negative	val	ES	Petróglifo do Outeiro do Carballiño I-6	Campo Lameiro	Morillas (Santiago)		rock_art_surface	0.14813673	1337	ok	
val	wl-tile-v1-13071	wl-neg-neg-es-pba-63845	neg-es-pba-63845	0	hard_negative	val	ES	Petróglifo do Outeiro do Couto 1	Campo Lameiro	Montes (San Isidro)		rock_art_surface	0.64824114	269	ok	
val	wl-tile-v1-13072	wl-neg-neg-es-pba-63846	neg-es-pba-63846	0	hard_negative	val	ES	Petróglifo do Outeiro do Couto 2	Campo Lameiro	Montes (San Isidro)		rock_art_surface	0.13641365	1387	ok	
val	wl-tile-v1-13073	wl-neg-neg-es-pba-63847	neg-es-pba-63847	0	hard_negative	val	ES	Petróglifo do Outeiro do Couto 3	Campo Lameiro	Montes (San Isidro)		rock_art_surface	0.05919887	1708	ok	
val	wl-tile-v1-13074	wl-neg-neg-es-pba-63848	neg-es-pba-63848	0	hard_negative	val	ES	Petróglifo do Outeiro do Couto 4	Campo Lameiro	Montes (San Isidro)		rock_art_surface	0.05335735	1729	ok	
val	wl-tile-v1-13143	wl-neg-neg-es-pba-66354	neg-es-pba-66354	0	hard_negative	val	ES	Petróglifo do Outeiro do Cribo	Meis	A Armenteira (Santa María)		rock_art_surface	0.18069272	1218	ok	
val	wl-tile-v1-13075	wl-neg-neg-es-pba-63849	neg-es-pba-63849	0	hard_negative	val	ES	Petróglifo do Outeiro do Gallo	Campo Lameiro	Morillas (Santiago)		rock_art_surface	0.23870244	1037	ok	
val	wl-tile-v1-13144	wl-neg-neg-es-pba-66355	neg-es-pba-66355	0	hard_negative	val	ES	Petróglifo do Outeiro do Tronco	Meis	A Armenteira (Santa María)		rock_art_surface	0.27287402	946	ok	
val	wl-tile-v1-11892	wl-neg-neg-es-pba-9468	neg-es-pba-9468	0	hard_negative	val	ES	Petróglifo do Outeiro dos Corvos	Dodro	Dodro (Santa María)		rock_art_surface	0.23985893	1031	ok	
val	wl-tile-v1-12036	wl-neg-neg-es-pba-20519	neg-es-pba-20519	0	hard_negative	val	ES	Petróglifo do Pedregal	Rois	Buxán (San Xoán)		rock_art_surface	0.16489177	1267	ok	
val	wl-tile-v1-12316	wl-neg-neg-es-pba-29823	neg-es-pba-29823	0	hard_negative	val	ES	Petróglifo do Piornedo	Cervantes	Donís (San Fiz)		rock_art_surface	0.78691695	161	ok	
val	wl-tile-v1-13086	wl-neg-neg-es-pba-63876	neg-es-pba-63876	0	hard_negative	val	ES	Petróglifo do Pombal do Cerviño	Campo Lameiro	O Campo (San Miguel)		rock_art_surface	0.14931154	1331	ok	
val	wl-tile-v1-13087	wl-neg-neg-es-pba-63877	neg-es-pba-63877	0	hard_negative	val	ES	Petróglifo do Ramallal 1	Campo Lameiro	Moimenta (Santa María)		rock_art_surface	0.05957791	1705	ok	
val	wl-tile-v1-13088	wl-neg-neg-es-pba-63878	neg-es-pba-63878	0	hard_negative	val	ES	Petróglifo do Ramallal 2	Campo Lameiro	Moimenta (Santa María)		rock_art_surface	0.18871574	1185	ok	
val	wl-tile-v1-13089	wl-neg-neg-es-pba-63879	neg-es-pba-63879	0	hard_negative	val	ES	Petróglifo do Ramallal 3	Campo Lameiro	Moimenta (Santa María)		rock_art_surface	0.18253086	1210	ok	
val	wl-tile-v1-13090	wl-neg-neg-es-pba-63880	neg-es-pba-63880	0	hard_negative	val	ES	Petróglifo do Ramallal 4	Campo Lameiro	Moimenta (Santa María)		rock_art_surface	0.06254615	1689	ok	
val	wl-tile-v1-13091	wl-neg-neg-es-pba-63881	neg-es-pba-63881	0	hard_negative	val	ES	Petróglifo do Regueiro Ramil	Campo Lameiro	Moimenta (Santa María)		rock_art_surface	0.26949692	955	ok	
val	wl-tile-v1-13346	wl-neg-neg-es-pba-69660	neg-es-pba-69660	0	hard_negative	val	ES	Petróglifo do Regueiro de Breto 1	Oia	Burgueira (San Pedro)		rock_art_surface	0.02479706	1829	ok	
val	wl-tile-v1-13347	wl-neg-neg-es-pba-69661	neg-es-pba-69661	0	hard_negative	val	ES	Petróglifo do Regueiro de Breto 2	Oia	Burgueira (San Pedro)		rock_art_surface	0.12985348	1414	ok	
val	wl-tile-v1-13348	wl-neg-neg-es-pba-69662	neg-es-pba-69662	0	hard_negative	val	ES	Petróglifo do Regueiro de Breto 3	Oia	Burgueira (San Pedro)		rock_art_surface	0.09641299	1536	ok	
val	wl-tile-v1-13349	wl-neg-neg-es-pba-69663	neg-es-pba-69663	0	hard_negative	val	ES	Petróglifo do Reló	Oia	Loureza (San Mamede)		rock_art_surface	0.09893624	1523	ok	
val	wl-tile-v1-13351	wl-neg-neg-es-pba-69665	neg-es-pba-69665	0	hard_negative	val	ES	Petróglifo do Río de Vilar	Oia	Oia (Santa María)		rock_art_surface	0.19927127	1152	ok	
val	wl-tile-v1-13092	wl-neg-neg-es-pba-63882	neg-es-pba-63882	0	hard_negative	val	ES	Petróglifo do Río dos Fornos 1	Campo Lameiro	O Couso (San Cristovo)		rock_art_surface	0.00548831	1846	ok	
val	wl-tile-v1-13093	wl-neg-neg-es-pba-63883	neg-es-pba-63883	0	hard_negative	val	ES	Petróglifo do Río dos Fornos 2	Campo Lameiro	O Couso (San Cristovo)		rock_art_surface	0.22885292	1070	ok	
val	wl-tile-v1-13094	wl-neg-neg-es-pba-63884	neg-es-pba-63884	0	hard_negative	val	ES	Petróglifo do Soutiño 1	Campo Lameiro	Montes (San Isidro)		rock_art_surface	0.03556328	1800	ok	
val	wl-tile-v1-13095	wl-neg-neg-es-pba-63885	neg-es-pba-63885	0	hard_negative	val	ES	Petróglifo do Soutiño 2	Campo Lameiro	Montes (San Isidro)		rock_art_surface	0.17171283	1240	ok	
val	wl-tile-v1-13352	wl-neg-neg-es-pba-69666	neg-es-pba-69666	0	hard_negative	val	ES	Petróglifo do Viveiro 2	Oia	Pedornes (San Mamede)		rock_art_surface	0.14529709	1351	ok	
val	wl-tile-v1-13353	wl-neg-neg-es-pba-69667	neg-es-pba-69667	0	hard_negative	val	ES	Petróglifo do Viveiro 4	Oia	Pedornes (San Mamede)		rock_art_surface	0.00511796	1847	ok	
val	wl-tile-v1-13354	wl-neg-neg-es-pba-69668	neg-es-pba-69668	0	hard_negative	val	ES	Petróglifo do Viveiro 5	Oia	Pedornes (San Mamede)		rock_art_surface	0.02270947	1833	ok	
val	wl-tile-v1-13355	wl-neg-neg-es-pba-69669	neg-es-pba-69669	0	hard_negative	val	ES	Petróglifo do Viveiro 7	Oia	Pedornes (San Mamede)		rock_art_surface	0.05570345	1719	ok	
val	wl-tile-v1-13179	wl-neg-neg-es-pba-68557	neg-es-pba-68557	0	hard_negative	val	ES	Petróglifo do Viveiro I-2	Oia	Oia (Santa María)		rock_art_surface	0.07231445	1648	ok	
val	wl-tile-v1-13180	wl-neg-neg-es-pba-68558	neg-es-pba-68558	0	hard_negative	val	ES	Petróglifo do Viveiro I-3	Oia	Pedornes (San Mamede)		rock_art_surface	0.08923717	1570	ok	
val	wl-tile-v1-13181	wl-neg-neg-es-pba-68559	neg-es-pba-68559	0	hard_negative	val	ES	Petróglifo do Viveiro I-4	Oia	Pedornes (San Mamede)		rock_art_surface	0.10032202	1517	ok	
val	wl-tile-v1-13182	wl-neg-neg-es-pba-68560	neg-es-pba-68560	0	hard_negative	val	ES	Petróglifo do Viveiro II-1	Oia	Pedornes (San Mamede)		rock_art_surface	0.06411450	1682	ok	
val	wl-tile-v1-13183	wl-neg-neg-es-pba-68561	neg-es-pba-68561	0	hard_negative	val	ES	Petróglifo do Viveiro II-2	Oia	Pedornes (San Mamede)		rock_art_surface	0.05007159	1746	ok	
val	wl-tile-v1-13184	wl-neg-neg-es-pba-68562	neg-es-pba-68562	0	hard_negative	val	ES	Petróglifo do Viveiro II-3	Oia	Pedornes (San Mamede)		rock_art_surface	0.03641182	1799	ok	
val	wl-tile-v1-13185	wl-neg-neg-es-pba-68563	neg-es-pba-68563	0	hard_negative	val	ES	Petróglifo do Viveiro II-4	Oia	Pedornes (San Mamede)		rock_art_surface	0.03208978	1812	ok	
val	wl-tile-v1-13186	wl-neg-neg-es-pba-68564	neg-es-pba-68564	0	hard_negative	val	ES	Petróglifo do Viveiro II-5	Oia	Pedornes (San Mamede)		rock_art_surface	0.06137330	1694	ok	
val	wl-tile-v1-13187	wl-neg-neg-es-pba-68565	neg-es-pba-68565	0	hard_negative	val	ES	Petróglifo do Viveiro II-6	Oia	Pedornes (San Mamede)		rock_art_surface	0.06113259	1695	ok	
val	wl-tile-v1-13188	wl-neg-neg-es-pba-68566	neg-es-pba-68566	0	hard_negative	val	ES	Petróglifo do Viveiro III-1	Oia	Pedornes (San Mamede)		rock_art_surface	0.02836579	1819	ok	
val	wl-tile-v1-13189	wl-neg-neg-es-pba-68567	neg-es-pba-68567	0	hard_negative	val	ES	Petróglifo do Viveiro III-2	Oia	Pedornes (San Mamede)		rock_art_surface	0.02668154	1826	ok	
val	wl-tile-v1-13194	wl-neg-neg-es-pba-68630	neg-es-pba-68630	0	hard_negative	val	ES	Petróglifo do Viveiro III-3	Oia	Pedornes (San Mamede)		rock_art_surface	0.02827571	1820	ok	
val	wl-tile-v1-13195	wl-neg-neg-es-pba-68631	neg-es-pba-68631	0	hard_negative	val	ES	Petróglifo do Viveiro III-4	Oia	Pedornes (San Mamede)		rock_art_surface	0.03130370	1815	ok	
val	wl-tile-v1-13196	wl-neg-neg-es-pba-68632	neg-es-pba-68632	0	hard_negative	val	ES	Petróglifo do Viveiro III-5	Oia	Pedornes (San Mamede)		rock_art_surface	0.02082759	1837	ok	
val	wl-tile-v1-13197	wl-neg-neg-es-pba-68633	neg-es-pba-68633	0	hard_negative	val	ES	Petróglifo do Viveiro III-6	Oia	Pedornes (San Mamede)		rock_art_surface	0.08768468	1578	ok	
val	wl-tile-v1-13350	wl-neg-neg-es-pba-69664	neg-es-pba-69664	0	hard_negative	val	ES	Petróglifo do río da Ca/Petróglifo da Silva	Oia	Loureza (San Mamede)		rock_art_surface	0.08823216	1575	ok	
val	wl-tile-v1-13106	wl-neg-neg-es-pba-63912	neg-es-pba-63912	0	hard_negative	val	ES	Petróglifo dos Campiños 1	Campo Lameiro	O Campo (San Miguel)		rock_art_surface	0.04016430	1785	ok	
val	wl-tile-v1-13107	wl-neg-neg-es-pba-63913	neg-es-pba-63913	0	hard_negative	val	ES	Petróglifo dos Campiños 2	Campo Lameiro	O Campo (San Miguel)		rock_art_surface	0.06536080	1677	ok	
val	wl-tile-v1-13108	wl-neg-neg-es-pba-63914	neg-es-pba-63914	0	hard_negative	val	ES	Petróglifo dos Cogoludos 1	Campo Lameiro	O Campo (San Miguel)		rock_art_surface	0.09976537	1519	ok	
val	wl-tile-v1-13109	wl-neg-neg-es-pba-63915	neg-es-pba-63915	0	hard_negative	val	ES	Petróglifo dos Cogoludos 2	Campo Lameiro	O Campo (San Miguel)		rock_art_surface	0.09650288	1534	ok	
val	wl-tile-v1-13110	wl-neg-neg-es-pba-63916	neg-es-pba-63916	0	hard_negative	val	ES	Petróglifo dos Piñeiros	Campo Lameiro	Montes (San Isidro)		rock_art_surface	0.09645231	1535	ok	
val	wl-tile-v1-12804	wl-neg-neg-es-pba-64194	neg-es-pba-64194	0	hard_negative	val	ES	Petróglifos da Quenlla dos Castiñeiros	A Estrada	San Miguel de Barcala (San Miguel)		rock_art_surface	0.75138984	185	ok	
val	wl-tile-v1-13198	wl-neg-neg-es-pba-68634	neg-es-pba-68634	0	hard_negative	val	ES	Petróglifos de Santa Comba	Oia	Loureza (San Mamede)		rock_art_surface	0.07657937	1618	ok	
val	wl-tile-v1-12687	wl-neg-neg-es-pba-54570	neg-es-pba-54570	0	hard_negative	val	ES	Petróglifos dos Castelos	Paderne de Allariz	Figueiroá (San Xillao)		rock_art_surface	0.27439302	939	ok	
val	wl-tile-v1-12345	wl-neg-neg-es-pba-29370	neg-es-pba-29370	0	hard_negative	val	ES	Sartego de Fornas	Chantada	Fornas (San Cristovo)		necropolis_or_burial	0.54277340	378	ok	
val	wl-tile-v1-12604	wl-neg-neg-es-pba-35782	neg-es-pba-35782	0	hard_negative	val	ES	Torre do Bordón/Torre de Taboi	Outeiro de Rei	Taboi (San Pedro)		historic_fortification	0.45953865	496	ok	
val	wl-tile-v1-12270	wl-neg-neg-es-pba-31193	neg-es-pba-31193	0	hard_negative	val	ES	Túmulo da Casa do Camineiro 1	A Fonsagrada	A Trapa (San Cibrán)		megalithic_mound	0.60895444	314	ok	
val	wl-tile-v1-12837	wl-neg-neg-es-pba-64323	neg-es-pba-64323	0	hard_negative	val	ES	Túmulo da Serra 1	A Estrada	Liripio (San Xoán Bautista)		megalithic_mound	0.08796688	1577	ok	
val	wl-tile-v1-12846	wl-neg-neg-es-pba-64350	neg-es-pba-64350	0	hard_negative	val	ES	Túmulo da Serra 2	A Estrada	Liripio (San Xoán Bautista)		megalithic_mound	0.05719991	1717	ok	
val	wl-tile-v1-12847	wl-neg-neg-es-pba-64351	neg-es-pba-64351	0	hard_negative	val	ES	Túmulo da Serra 3	A Estrada	Liripio (San Xoán Bautista)		megalithic_mound	0.05924261	1707	ok	
val	wl-tile-v1-12848	wl-neg-neg-es-pba-64352	neg-es-pba-64352	0	hard_negative	val	ES	Túmulo da Serra 4	A Estrada	Liripio (San Xoán Bautista)		megalithic_mound	0.04653349	1769	ok	
val	wl-tile-v1-12668	wl-neg-neg-es-pba-49527	neg-es-pba-49527	0	hard_negative	val	ES	Túmulo de Marco Cavado	Chandrexa de Queixa	Forcadas (Santa María)		megalithic_mound	0.36387448	687	ok	
val	wl-tile-v1-12472	wl-neg-neg-es-pba-32132	neg-es-pba-32132	0	hard_negative	val	ES	Túmulo de Monte das Coutadas	Guitiriz	Mariz (Santa Eulalia)		megalithic_mound	0.30784179	846	ok	
val	wl-tile-v1-13199	wl-neg-neg-es-pba-68706	neg-es-pba-68706	0	hard_negative	val	ES	Xacemento de Choza/Cordadoiro	Oia	Mougás (Santa Uxía)		rock_art_surface	0.09233620	1556	ok	
val	wl-tile-v1-13760	wl-pos-pos-es-pba-50561	pos-es-pba-50561	1	positive	val	ES	A Cidá/O Castro/O Monte da Cidá	Xinzo de Limia	Morgade (San Tomé)	hilltop_hint		0.71292898	212	ok	
val	wl-tile-v1-13581	wl-pos-pos-es-pba-29035	pos-es-pba-29035	1	positive	val	ES	A Coroa do Castro	A Fonsagrada	Freixo (San Xulián)	croa_top_ring_hint		0.81589338	141	ok	
val	wl-tile-v1-13637	wl-pos-pos-es-pba-29895	pos-es-pba-29895	1	positive	val	ES	A Coroa do Castro	Cervantes	A Ribeira (San Martín)	croa_top_ring_hint		0.96865235	26	ok	
val	wl-tile-v1-13691	wl-pos-pos-es-pba-30583	pos-es-pba-30583	1	positive	val	ES	A Costa de Castro	Guitiriz	Pígara (San Pedro)	coastal_promontory_hint		0.39236340	625	ok	
val	wl-tile-v1-13572	wl-pos-pos-es-pba-25319	pos-es-pba-25319	1	positive	val	ES	A Croa	Touro	Foxás (San Breixo)	croa_top_ring_hint		0.89173764	85	ok	
val	wl-tile-v1-13582	wl-pos-pos-es-pba-29036	pos-es-pba-29036	1	positive	val	ES	A Croa	A Fonsagrada	Piñeira (Santa María)	croa_top_ring_hint		0.85480587	111	ok	
val	wl-tile-v1-13676	wl-pos-pos-es-pba-31194	pos-es-pba-31194	1	positive	val	ES	A Croa	Foz	Santa Cilla do Valadouro (Santa Cilla)	croa_top_ring_hint		0.77504891	167	ok	
val	wl-tile-v1-13583	wl-pos-pos-es-pba-29137	pos-es-pba-29137	1	positive	val	ES	A Croa de Aguiar	A Fonsagrada	San Pedro de Río (San Pedro)	croa_top_ring_hint		0.01521199	1841	ok	
val	wl-tile-v1-13584	wl-pos-pos-es-pba-29138	pos-es-pba-29138	1	positive	val	ES	A Croa do Arco	A Fonsagrada	Freixo (San Xulián)	croa_top_ring_hint		0.97397172	19	ok	
val	wl-tile-v1-13719	wl-pos-pos-es-pba-41017	pos-es-pba-41017	1	positive	val	ES	A Croa do Barreiro	Trabada	Sante (San Xiao)	croa_top_ring_hint		0.79354483	152	ok	
val	wl-tile-v1-13585	wl-pos-pos-es-pba-29139	pos-es-pba-29139	1	positive	val	ES	A Croa/A Coroa do Castro	A Fonsagrada	O Trobo (Santa María)	croa_top_ring_hint		0.88526556	91	ok	
val	wl-tile-v1-13586	wl-pos-pos-es-pba-29140	pos-es-pba-29140	1	positive	val	ES	A Croa/Os Castros	A Fonsagrada	Lamas de Moreira (Santa María)	croa_top_ring_hint		0.86353177	104	ok	
val	wl-tile-v1-13528	wl-pos-pos-es-pba-15447	pos-es-pba-15447	1	positive	val	ES	A Medorra de Rei/Castro Loureiro	Oroso	Senra (Santa Eulalia)	generic_castro_hint		0.64433033	278	ok	
val	wl-tile-v1-13529	wl-pos-pos-es-pba-15448	pos-es-pba-15448	1	positive	val	ES	A Medorra do Castro/Castro de Senra	Oroso	Senra (Santa Eulalia)	generic_castro_hint		0.65373390	261	ok	
val	wl-tile-v1-13524	wl-pos-pos-es-pba-16199	pos-es-pba-16199	1	positive	val	ES	Alto das Gobernas/Castro de Nós/Monte do Castro/Castro de Sarro/Castro Iñás	Oleiros	San Pedro de Nós (San Pedro)	hilltop_hint		0.65985339	256	ok	
val	wl-tile-v1-13692	wl-pos-pos-es-pba-30587	pos-es-pba-30587	1	positive	val	ES	Alto dos Castros	Guitiriz	Parga (Santo Estevo)	hilltop_hint		0.53472801	389	ok	
val	wl-tile-v1-13789	wl-pos-pos-es-pba-64717	pos-es-pba-64717	1	positive	val	ES	As Cercas/O Castro/Eira dos Mouros	A Estrada	Codeseda (San Xurxo)	generic_castro_hint		0.94760586	44	ok	
val	wl-tile-v1-13652	wl-pos-pos-es-pba-29200	pos-es-pba-29200	1	positive	val	ES	Cancela do Castro	Chantada	Vilaúxe (San Salvador)	generic_castro_hint		0.84331649	122	ok	
val	wl-tile-v1-13619	wl-pos-pos-es-pba-31176	pos-es-pba-31176	1	positive	val	ES	Capela de San Xoán Degolado en Castro	A Fonsagrada	Cuíñas (San Cristovo)	generic_castro_hint		0.28044059	918	ok	
val	wl-tile-v1-13806	wl-pos-pos-es-pba-63859	pos-es-pba-63859	1	positive	val	ES	Casa do Castro	Campo Lameiro	Morillas (Santiago)	generic_castro_hint		0.02670907	1825	ok	
val	wl-tile-v1-13807	wl-pos-pos-es-pba-63936	pos-es-pba-63936	1	positive	val	ES	Castriño/Castro de Couso	Campo Lameiro	O Couso (San Cristovo)	generic_castro_hint		0.37150643	677	ok	
val	wl-tile-v1-13494	wl-pos-pos-es-pba-9491	pos-es-pba-9491	1	positive	val	ES	Castro	Dodro	San Xoán de Laíño (San Xoán)	generic_castro_hint		0.24506523	1017	ok	
val	wl-tile-v1-13500	wl-pos-pos-es-pba-12801	pos-es-pba-12801	1	positive	val	ES	Castro	Mañón		generic_castro_hint		0.01470064	1842	ok	
val	wl-tile-v1-13504	wl-pos-pos-es-pba-13577	pos-es-pba-13577	1	positive	val	ES	Castro	Monfero	Queixeiro (San Xurxo)	generic_castro_hint		0.79153687	156	ok	
val	wl-tile-v1-13505	wl-pos-pos-es-pba-13578	pos-es-pba-13578	1	positive	val	ES	Castro	Monfero	O Val de Xestoso (San Pedro)	generic_castro_hint		0.71878524	207	ok	
val	wl-tile-v1-13587	wl-pos-pos-es-pba-30719	pos-es-pba-30719	1	positive	val	ES	Castro	A Fonsagrada	Vilabol de Suarna (Santa María)	generic_castro_hint		0.37380652	672	ok	
val	wl-tile-v1-13588	wl-pos-pos-es-pba-30748	pos-es-pba-30748	1	positive	val	ES	Castro	A Fonsagrada	Vilabol de Suarna (Santa María)	generic_castro_hint		0.33011606	769	ok	
val	wl-tile-v1-13551	wl-pos-pos-es-pba-20614	pos-es-pba-20614	1	positive	val	ES	Castro Lupario	Rois	Ribasar (Santa María)	valley_or_river_edge_hint		0.72131781	205	ok	
val	wl-tile-v1-13794	wl-pos-pos-es-pba-64727	pos-es-pba-64727	1	positive	val	ES	Castro Lóbrigo	A Estrada	Loimil (Santa María)	generic_castro_hint		0.39035187	636	ok	
val	wl-tile-v1-13697	wl-pos-pos-es-pba-43025	pos-es-pba-43025	1	positive	val	ES	Castro Pando/Praza de Armas	O Vicedo	O Vicedo (Santo Estevo)	generic_castro_hint		0.76643825	175	ok	
val	wl-tile-v1-13795	wl-pos-pos-es-pba-64728	pos-es-pba-64728	1	positive	val	ES	Castro Perita/Castro Perronio/Castro do Río	A Estrada	Souto (Santo André)	valley_or_river_edge_hint		0.94361586	47	ok	
val	wl-tile-v1-13650	wl-pos-pos-es-pba-28867	pos-es-pba-28867	1	positive	val	ES	Castro San Fiz	Chantada	San Fiz de Asma (San Fiz)	generic_castro_hint		0.91973064	65	ok	
val	wl-tile-v1-13651	wl-pos-pos-es-pba-28868	pos-es-pba-28868	1	positive	val	ES	Castro San Pedro	Chantada	Líncora (San Pedro)	generic_castro_hint		0.92058246	63	ok	
val	wl-tile-v1-13741	wl-pos-pos-es-pba-58764	pos-es-pba-58764	1	positive	val	ES	Castro da Cabeza	Viana do Bolo	Solbeira (Santo Adrao)	generic_castro_hint		0.96723749	29	ok	
val	wl-tile-v1-13816	wl-pos-pos-es-pba-64925	pos-es-pba-64925	1	positive	val	ES	Castro da Capela do Coto de San Sebastián	Crecente	Rebordechán (Santa María)	hilltop_hint		0.72659943	202	ok	
val	wl-tile-v1-13589	wl-pos-pos-es-pba-30749	pos-es-pba-30749	1	positive	val	ES	Castro da Castañosa	A Fonsagrada	Maderne (San Pedro)	generic_castro_hint		0.92122667	61	ok	
val	wl-tile-v1-13766	wl-pos-pos-es-pba-63087	pos-es-pba-63087	1	positive	val	ES	Castro da Cerquiña/Castro de Deva de Abaixo	A Cañiza	As Achas (San Sebastián)	generic_castro_hint		0.88958776	88	ok	
val	wl-tile-v1-13531	wl-pos-pos-es-pba-15668	pos-es-pba-15668	1	positive	val	ES	Castro da Chousa dos Cravo	Oroso	Cardama (Santa María)	generic_castro_hint		0.51282094	410	ok	
val	wl-tile-v1-13817	wl-pos-pos-es-pba-64926	pos-es-pba-64926	1	positive	val	ES	Castro da Cidade da Quintela/Recinto da Cidá	Crecente	Quintela (San Caetano)	generic_castro_hint		0.97745228	16	ok	
val	wl-tile-v1-13767	wl-pos-pos-es-pba-63088	pos-es-pba-63088	1	positive	val	ES	Castro da Cidade/Castro das Achas	A Cañiza	As Achas (San Sebastián)	generic_castro_hint		0.90821488	74	ok	
val	wl-tile-v1-13554	wl-pos-pos-es-pba-24978	pos-es-pba-24978	1	positive	val	ES	Castro da Copa	Touro	Loxo (Santa María)	generic_castro_hint		0.09063513	1563	ok	
val	wl-tile-v1-13717	wl-pos-pos-es-pba-40180	pos-es-pba-40180	1	positive	val	ES	Castro da Croa	Riotorto	Riotorto (San Pedro)	croa_top_ring_hint		0.93525094	53	ok	
val	wl-tile-v1-13555	wl-pos-pos-es-pba-24979	pos-es-pba-24979	1	positive	val	ES	Castro da Croa da Obra/A Croa do Castro	Touro	Foxás (San Breixo)	croa_top_ring_hint		0.49454294	445	ok	
val	wl-tile-v1-13831	wl-pos-pos-es-pba-69286	pos-es-pba-69286	1	positive	val	ES	Castro da Curuta	Oia	Viladesuso (San Miguel)	generic_castro_hint		0.85287813	115	ok	
val	wl-tile-v1-13677	wl-pos-pos-es-pba-30043	pos-es-pba-30043	1	positive	val	ES	Castro da Cuíña/A Aurela	Guitiriz	Mariz (Santa Eulalia)	generic_castro_hint		0.93886196	50	ok	
val	wl-tile-v1-13808	wl-pos-pos-es-pba-63965	pos-es-pba-63965	1	positive	val	ES	Castro da Devesiña	Campo Lameiro	O Campo (San Miguel)	generic_castro_hint		0.14131656	1374	ok	
val	wl-tile-v1-13654	wl-pos-pos-es-pba-29391	pos-es-pba-29391	1	positive	val	ES	Castro da Eirexa	Chantada	Líncora (San Pedro)	generic_castro_hint		0.86113244	105	ok	
val	wl-tile-v1-13742	wl-pos-pos-es-pba-58765	pos-es-pba-58765	1	positive	val	ES	Castro da Fraga do Castrillón	Viana do Bolo	Covelo (San Lourenzo)	castrel_toponym_hint		0.13379404	1400	ok	
val	wl-tile-v1-13678	wl-pos-pos-es-pba-30075	pos-es-pba-30075	1	positive	val	ES	Castro da Fraga do Pazo	Guitiriz	Pígara (San Pedro)	generic_castro_hint		0.54175107	379	ok	
val	wl-tile-v1-13776	wl-pos-pos-es-pba-64655	pos-es-pba-64655	1	positive	val	ES	Castro da Igrexa/Castro de Remesar	A Estrada	Remesar (San Cristovo)	generic_castro_hint		0.96763418	28	ok	
val	wl-tile-v1-13694	wl-pos-pos-es-pba-42988	pos-es-pba-42988	1	positive	val	ES	Castro da Insua	O Vicedo	San Miguel de Negradas (San Miguel)	generic_castro_hint		0.95079173	42	ok	
val	wl-tile-v1-13679	wl-pos-pos-es-pba-30076	pos-es-pba-30076	1	positive	val	ES	Castro da Modia da Fraga do Rei	Guitiriz	Santa Cruz de Parga (Santa Cruz)	generic_castro_hint		0.37109974	678	ok	
val	wl-tile-v1-13556	wl-pos-pos-es-pba-24980	pos-es-pba-24980	1	positive	val	ES	Castro da Moura/Castro do Tesouro/Castro de Barreiro/Castro de Quintás/O Castro	Touro	Prevediños (Santiago)	generic_castro_hint		0.83044916	132	ok	
val	wl-tile-v1-13800	wl-pos-pos-es-pba-62622	pos-es-pba-62622	1	positive	val	ES	Castro da Pastora	Cambados	Cambados (Santa Mariña)	generic_castro_hint		0.83517497	129	ok	
val	wl-tile-v1-13701	wl-pos-pos-es-pba-35701	pos-es-pba-35701	1	positive	val	ES	Castro da Peza do Viso	Ourol	Miñotos (San Pedro)	generic_castro_hint		0.39890512	614	ok	
val	wl-tile-v1-13680	wl-pos-pos-es-pba-30077	pos-es-pba-30077	1	positive	val	ES	Castro da Pobra de Parga	Guitiriz	Parga (Santo Estevo)	generic_castro_hint		0.95648118	39	ok	
val	wl-tile-v1-13730	wl-pos-pos-es-pba-49908	pos-es-pba-49908	1	positive	val	ES	Castro da Quintá	Chandrexa de Queixa	San Cristovo (San Cristovo)	generic_castro_hint		0.83970313	127	ok	
val	wl-tile-v1-13655	wl-pos-pos-es-pba-29392	pos-es-pba-29392	1	positive	val	ES	Castro da Ribada	Chantada	San Fiz de Asma (San Fiz)	generic_castro_hint		0.99368992	4	ok	
val	wl-tile-v1-13557	wl-pos-pos-es-pba-25004	pos-es-pba-25004	1	positive	val	ES	Castro da Roda	Touro	Bama (San Vicenzo)	generic_castro_hint		0.48645380	453	ok	
val	wl-tile-v1-13623	wl-pos-pos-es-pba-28584	pos-es-pba-28584	1	positive	val	ES	Castro da Roda	Barreiros	San Pedro de Benquerencia (San Pedro)	generic_castro_hint		0.37005762	680	ok	
val	wl-tile-v1-13558	wl-pos-pos-es-pba-25005	pos-es-pba-25005	1	positive	val	ES	Castro da Roda de Quintá	Touro	San Fiz de Quión (San Fiz)	generic_castro_hint		0.87769537	95	ok	
val	wl-tile-v1-13695	wl-pos-pos-es-pba-42989	pos-es-pba-42989	1	positive	val	ES	Castro da Tarroeira/Castro de Abeladal	O Vicedo	San Román de Vale (San Román)	generic_castro_hint		0.73785892	194	ok	
val	wl-tile-v1-13681	wl-pos-pos-es-pba-30078	pos-es-pba-30078	1	positive	val	ES	Castro da Torre	Guitiriz	Labrada (Santa María)	generic_castro_hint		0.66749368	248	ok	
val	wl-tile-v1-13743	wl-pos-pos-es-pba-58766	pos-es-pba-58766	1	positive	val	ES	Castro da Torre dos Mouros	Viana do Bolo	Pexeiros (Santa María)	generic_castro_hint		0.77947632	164	ok	
val	wl-tile-v1-13777	wl-pos-pos-es-pba-64656	pos-es-pba-64656	1	positive	val	ES	Castro da Torre/Castro de Viladafonso/O Castro	A Estrada	Pardemarín (Santa Baia)	generic_castro_hint		0.64063193	282	ok	
val	wl-tile-v1-13744	wl-pos-pos-es-pba-58767	pos-es-pba-58767	1	positive	val	ES	Castro da Vila da Sen	Viana do Bolo	Bembibre (Santo André)	generic_castro_hint		0.91030248	73	ok	
val	wl-tile-v1-13832	wl-pos-pos-es-pba-69287	pos-es-pba-69287	1	positive	val	ES	Castro das Chans	Oia	Mougás (Santa Uxía)	generic_castro_hint		0.69688065	224	ok	
val	wl-tile-v1-13506	wl-pos-pos-es-pba-13579	pos-es-pba-13579	1	positive	val	ES	Castro das Croas	Monfero	Queixeiro (San Xurxo)	croa_top_ring_hint		0.83514266	130	ok	
val	wl-tile-v1-13511	wl-pos-pos-es-pba-13820	pos-es-pba-13820	1	positive	val	ES	Castro das Escadas	Mugardos	Franza (Santiago)	generic_castro_hint		0.71025450	216	ok	
val	wl-tile-v1-13682	wl-pos-pos-es-pba-30079	pos-es-pba-30079	1	positive	val	ES	Castro das Modias	Guitiriz	O Buriz (San Pedro)	generic_castro_hint		0.79170842	155	ok	
val	wl-tile-v1-13683	wl-pos-pos-es-pba-30080	pos-es-pba-30080	1	positive	val	ES	Castro das Penas	Guitiriz	Labrada (Santa María)	hilltop_hint		0.91889545	66	ok	
val	wl-tile-v1-13684	wl-pos-pos-es-pba-30081	pos-es-pba-30081	1	positive	val	ES	Castro das Reixas	Guitiriz	Os Vilares (San Vicenzo)	generic_castro_hint		0.82873774	133	ok	
val	wl-tile-v1-13801	wl-pos-pos-es-pba-62623	pos-es-pba-62623	1	positive	val	ES	Castro das Sete Pias/O Con das Sete Pías	Cambados	Oubiña (San Vicenzo)	generic_castro_hint		0.93930798	49	ok	
val	wl-tile-v1-13778	wl-pos-pos-es-pba-64657	pos-es-pba-64657	1	positive	val	ES	Castro de Abaixo	A Estrada	San Xiao de Vea (San Xiao)	generic_castro_hint		0.66282553	253	ok	
val	wl-tile-v1-13559	wl-pos-pos-es-pba-25006	pos-es-pba-25006	1	positive	val	ES	Castro de Abelenda	Touro	San Fiz de Quión (San Fiz)	generic_castro_hint		0.45065030	515	ok	
val	wl-tile-v1-13507	wl-pos-pos-es-pba-13580	pos-es-pba-13580	1	positive	val	ES	Castro de Acea	Monfero	San Fiz de Monfero (San Fiz)	generic_castro_hint		0.74768521	187	ok	
val	wl-tile-v1-13573	wl-pos-pos-es-pba-24583	pos-es-pba-24583	1	positive	val	ES	Castro de Agronovo/Coto do Castro	Vedra	Santa Cruz de Ribadulla (Santa Cruz)	hilltop_hint		0.68390800	235	ok	
val	wl-tile-v1-13656	wl-pos-pos-es-pba-29393	pos-es-pba-29393	1	positive	val	ES	Castro de Airoá	Chantada	Pesqueiras (Santa María)	generic_castro_hint		0.84725988	118	ok	
val	wl-tile-v1-13779	wl-pos-pos-es-pba-64658	pos-es-pba-64658	1	positive	val	ES	Castro de Aldea Grande	A Estrada	Callobre (San Martiño)	generic_castro_hint		0.83748842	128	ok	
val	wl-tile-v1-13768	wl-pos-pos-es-pba-63089	pos-es-pba-63089	1	positive	val	ES	Castro de Alto da Veiguiña/Castro de Coto de Galos	A Cañiza	Petán (San Xián)	hilltop_hint		0.89404593	83	ok	
val	wl-tile-v1-13732	wl-pos-pos-es-pba-47494	pos-es-pba-47494	1	positive	val	ES	Castro de Anta	O Bolo	Chao de Castro (San Martiño)	generic_castro_hint		0.79947497	149	ok	
val	wl-tile-v1-13590	wl-pos-pos-es-pba-30750	pos-es-pba-30750	1	positive	val	ES	Castro de Antonia/Castro de San Pedro	A Fonsagrada	San Pedro de Río (San Pedro)	generic_castro_hint		0.89866121	80	ok	
val	wl-tile-v1-13657	wl-pos-pos-es-pba-29394	pos-es-pba-29394	1	positive	val	ES	Castro de Arosa	Chantada	Adá (Santa Baia)	generic_castro_hint		0.89730567	81	ok	
val	wl-tile-v1-13711	wl-pos-pos-es-pba-36108	pos-es-pba-36108	1	positive	val	ES	Castro de Aspai/O Castro	Outeiro de Rei	Aspai (San Cibrao)	generic_castro_hint		0.97318984	22	ok	
val	wl-tile-v1-13780	wl-pos-pos-es-pba-64659	pos-es-pba-64659	1	positive	val	ES	Castro de Avelino/Os Castros	A Estrada	Arnois (San Xiao)	generic_castro_hint		0.61508388	306	ok	
val	wl-tile-v1-13560	wl-pos-pos-es-pba-25007	pos-es-pba-25007	1	positive	val	ES	Castro de Baiobre de Branzá	Touro	Beseño (San Cristovo)	generic_castro_hint		0.82633487	136	ok	
val	wl-tile-v1-13685	wl-pos-pos-es-pba-30082	pos-es-pba-30082	1	positive	val	ES	Castro de Belote/O Castro	Guitiriz	Lagostelle (San Xoán)	generic_castro_hint		0.75502168	183	ok	
val	wl-tile-v1-13495	wl-pos-pos-es-pba-9492	pos-es-pba-9492	1	positive	val	ES	Castro de Bexo	Dodro	San Xoán de Laíño (San Xoán)	generic_castro_hint		0.56090872	363	ok	
val	wl-tile-v1-13532	wl-pos-pos-es-pba-15669	pos-es-pba-15669	1	positive	val	ES	Castro de Bouzalonga	Oroso	Deixebre (Santa María)	generic_castro_hint		0.86945330	99	ok	
val	wl-tile-v1-13658	wl-pos-pos-es-pba-29395	pos-es-pba-29395	1	positive	val	ES	Castro de Brigos	Chantada	Brigos (San Salvador)	generic_castro_hint		0.63018505	292	ok	
val	wl-tile-v1-13728	wl-pos-pos-es-pba-47216	pos-es-pba-47216	1	positive	val	ES	Castro de Cabanca	Castrelo do Val	Castrelo do Val (Santa María)	generic_castro_hint		0.70552323	218	ok	
val	wl-tile-v1-13659	wl-pos-pos-es-pba-29396	pos-es-pba-29396	1	positive	val	ES	Castro de Cabreiros	Chantada	Santiago de Arriba (Santiago)	generic_castro_hint		0.34723244	731	ok	
val	wl-tile-v1-13561	wl-pos-pos-es-pba-25008	pos-es-pba-25008	1	positive	val	ES	Castro de Calvos de Socamiño	Touro	Calvos de Socamiño (San Martiño)	generic_castro_hint		0.37901705	659	ok	
val	wl-tile-v1-13660	wl-pos-pos-es-pba-29397	pos-es-pba-29397	1	positive	val	ES	Castro de Candad	Chantada	Pedrafita (Santa Baia)	generic_castro_hint		0.10776018	1489	ok	
val	wl-tile-v1-13833	wl-pos-pos-es-pba-69288	pos-es-pba-69288	1	positive	val	ES	Castro de Canto dos Mouros	Oia	Mougás (Santa Uxía)	generic_castro_hint		0.77226751	172	ok	
val	wl-tile-v1-13809	wl-pos-pos-es-pba-63966	pos-es-pba-63966	1	positive	val	ES	Castro de Cardeiras	Campo Lameiro	Fragas (Santa Mariña)	generic_castro_hint		0.72211692	204	ok	
val	wl-tile-v1-13544	wl-pos-pos-es-pba-20583	pos-es-pba-20583	1	positive	val	ES	Castro de Casal do Poño	Rois	Urdilde (Santa María)	generic_castro_hint		0.92675927	58	ok	
val	wl-tile-v1-13834	wl-pos-pos-es-pba-69289	pos-es-pba-69289	1	positive	val	ES	Castro de Castelo Fariña	Oia	Mougás (Santa Uxía)	generic_castro_hint		0.77261595	171	ok	
val	wl-tile-v1-13802	wl-pos-pos-es-pba-62624	pos-es-pba-62624	1	positive	val	ES	Castro de Castrelo	Cambados	Castrelo (Santa Cruz)	castrel_toponym_hint		0.98242287	13	ok	
val	wl-tile-v1-13591	wl-pos-pos-es-pba-30751	pos-es-pba-30751	1	positive	val	ES	Castro de Castroceiro/Os Castrudeiros	A Fonsagrada	O Trobo (Santa María)	generic_castro_hint		0.97740146	17	ok	
val	wl-tile-v1-13821	wl-pos-pos-es-pba-66585	pos-es-pba-66585	1	positive	val	ES	Castro de Caxín	Meis	San Martiño de Meis (San Martiño)	generic_castro_hint		0.32452100	785	ok	
val	wl-tile-v1-13632	wl-pos-pos-es-pba-29487	pos-es-pba-29487	1	positive	val	ES	Castro de Cela	Cervantes	Cereixedo (Santiago)	generic_castro_hint		0.98977598	7	ok	
val	wl-tile-v1-13661	wl-pos-pos-es-pba-29398	pos-es-pba-29398	1	positive	val	ES	Castro de Centulle	Chantada	San Xurxo de Asma	generic_castro_hint		0.73849169	191	ok	
val	wl-tile-v1-13738	wl-pos-pos-es-pba-59358	pos-es-pba-59358	1	positive	val	ES	Castro de Cexo	Verea	Santa María de Cexo (Santa María)	generic_castro_hint		0.79247339	153	ok	
val	wl-tile-v1-13633	wl-pos-pos-es-pba-29488	pos-es-pba-29488	1	positive	val	ES	Castro de Chao	Cervantes	Dorna (Santa María)	generic_castro_hint		0.92815378	55	ok	
val	wl-tile-v1-13835	wl-pos-pos-es-pba-69290	pos-es-pba-69290	1	positive	val	ES	Castro de Chavella	Oia	Oia (Santa María)	generic_castro_hint		0.41771023	568	ok	
val	wl-tile-v1-13562	wl-pos-pos-es-pba-25009	pos-es-pba-25009	1	positive	val	ES	Castro de Cillobre	Touro	Cornado (Santiso)	generic_castro_hint		0.86018627	106	ok	
val	wl-tile-v1-13836	wl-pos-pos-es-pba-69291	pos-es-pba-69291	1	positive	val	ES	Castro de Cividade/Castro de Viladesuso	Oia	Viladesuso (San Miguel)	large_castrexo_civitas_hint		0.23679522	1044	ok	
val	wl-tile-v1-13634	wl-pos-pos-es-pba-29489	pos-es-pba-29489	1	positive	val	ES	Castro de Corneantes	Cervantes	Donís (San Fiz)	generic_castro_hint		0.92094405	62	ok	
val	wl-tile-v1-13781	wl-pos-pos-es-pba-64687	pos-es-pba-64687	1	positive	val	ES	Castro de Couso	A Estrada	Couso (Santa María)	generic_castro_hint		0.99323037	5	ok	
val	wl-tile-v1-13545	wl-pos-pos-es-pba-20608	pos-es-pba-20608	1	positive	val	ES	Castro de Duei	Rois	Augasantas (San Vicente)	generic_castro_hint		0.96796655	27	ok	
val	wl-tile-v1-13662	wl-pos-pos-es-pba-29399	pos-es-pba-29399	1	positive	val	ES	Castro de Esmoriz	Chantada	Esmoriz (San Xillao)	generic_castro_hint		0.86583407	103	ok	
val	wl-tile-v1-13592	wl-pos-pos-es-pba-30752	pos-es-pba-30752	1	positive	val	ES	Castro de Espiñeira	A Fonsagrada	O Vilar da Cuíña (Santa Bárbara)	generic_castro_hint		0.78652436	162	ok	
val	wl-tile-v1-13501	wl-pos-pos-es-pba-12802	pos-es-pba-12802	1	positive	val	ES	Castro de Estaca de Bares	Mañón	Bares (Santa María)	generic_castro_hint		0.99499535	3	ok	
val	wl-tile-v1-13563	wl-pos-pos-es-pba-25010	pos-es-pba-25010	1	positive	val	ES	Castro de Fao/A Croa do Castro	Touro	Fao (Santa Uxía)	croa_top_ring_hint		0.28607652	904	ok	
val	wl-tile-v1-13736	wl-pos-pos-es-pba-54469	pos-es-pba-54469	1	positive	val	ES	Castro de Figueiroa	Paderne de Allariz	Figueiroá (San Xillao)	generic_castro_hint		0.91807662	67	ok	
val	wl-tile-v1-13663	wl-pos-pos-es-pba-29400	pos-es-pba-29400	1	positive	val	ES	Castro de Fornas de Abaixo	Chantada	Fornas (San Cristovo)	generic_castro_hint		0.30347730	862	ok	
val	wl-tile-v1-13564	wl-pos-pos-es-pba-25011	pos-es-pba-25011	1	positive	val	ES	Castro de Foxás	Touro	Foxás (San Breixo)	generic_castro_hint		0.92709546	57	ok	
val	wl-tile-v1-13822	wl-pos-pos-es-pba-66586	pos-es-pba-66586	1	positive	val	ES	Castro de Gondes	Meis	A Armenteira (Santa María)	generic_castro_hint		0.83333578	131	ok	
val	wl-tile-v1-13782	wl-pos-pos-es-pba-64688	pos-es-pba-64688	1	positive	val	ES	Castro de Guimarei/O Castro	A Estrada	Guimarei (San Xiao)	coastal_promontory_hint		0.76491492	176	ok	
val	wl-tile-v1-13574	wl-pos-pos-es-pba-24584	pos-es-pba-24584	1	positive	val	ES	Castro de Illobre	Vedra	Illobre (Santo André)	generic_castro_hint		0.81955465	140	ok	
val	wl-tile-v1-13496	wl-pos-pos-es-pba-9493	pos-es-pba-9493	1	positive	val	ES	Castro de Imo	Dodro	San Xoán de Laíño (San Xoán)	generic_castro_hint		0.60965704	313	ok	
val	wl-tile-v1-13686	wl-pos-pos-es-pba-30083	pos-es-pba-30083	1	positive	val	ES	Castro de Labrada	Guitiriz	Labrada (Santa María)	generic_castro_hint		0.43349257	540	ok	
val	wl-tile-v1-13638	wl-pos-pos-es-pba-28825	pos-es-pba-28825	1	positive	val	ES	Castro de Lagariza	Chantada	Nogueira de Miño (Santa María)	generic_castro_hint		0.91327331	68	ok	
val	wl-tile-v1-13565	wl-pos-pos-es-pba-25035	pos-es-pba-25035	1	positive	val	ES	Castro de Lañas	Touro	San Fiz de Quión (San Fiz)	generic_castro_hint		0.78790691	159	ok	
val	wl-tile-v1-13497	wl-pos-pos-es-pba-9494	pos-es-pba-9494	1	positive	val	ES	Castro de Lestrobe	Dodro	Dodro (Santa María)	generic_castro_hint		0.32429507	787	ok	
val	wl-tile-v1-13593	wl-pos-pos-es-pba-30753	pos-es-pba-30753	1	positive	val	ES	Castro de Marful	A Fonsagrada	San Martín de Arroxo (San Martín)	coastal_promontory_hint		0.96354158	32	ok	
val	wl-tile-v1-13687	wl-pos-pos-es-pba-30084	pos-es-pba-30084	1	positive	val	ES	Castro de Margá	Guitiriz	Labrada (Santa María)	coastal_promontory_hint		0.71937592	206	ok	
val	wl-tile-v1-13639	wl-pos-pos-es-pba-28826	pos-es-pba-28826	1	positive	val	ES	Castro de Mariz	Chantada	Mariz (San Martiño)	coastal_promontory_hint		0.92270110	60	ok	
val	wl-tile-v1-13575	wl-pos-pos-es-pba-24689	pos-es-pba-24689	1	positive	val	ES	Castro de Marzán/Castro Alto/Monte do Castro	Vedra	Vedra (Santa Eulalia)	coastal_promontory_hint		0.79431702	151	ok	
val	wl-tile-v1-13594	wl-pos-pos-es-pba-30754	pos-es-pba-30754	1	positive	val	ES	Castro de Mazaeda/Llan de Castro	A Fonsagrada	San Pedro de Neiro (San Pedro)	generic_castro_hint		0.64480700	277	ok	
val	wl-tile-v1-13595	wl-pos-pos-es-pba-30755	pos-es-pba-30755	1	positive	val	ES	Castro de Mazo de Lagúas/Os Castros	A Fonsagrada	San Pedro de Neiro (San Pedro)	generic_castro_hint		0.98473737	11	ok	
val	wl-tile-v1-13512	wl-pos-pos-es-pba-13821	pos-es-pba-13821	1	positive	val	ES	Castro de Mehá	Mugardos	Meá (San Vicente)	generic_castro_hint		0.49735243	441	ok	
val	wl-tile-v1-13566	wl-pos-pos-es-pba-25036	pos-es-pba-25036	1	positive	val	ES	Castro de Millares	Touro	Bama (San Vicenzo)	coastal_promontory_hint		0.64860299	268	ok	
val	wl-tile-v1-13640	wl-pos-pos-es-pba-28827	pos-es-pba-28827	1	positive	val	ES	Castro de Mondín	Chantada	Vilaúxe (San Salvador)	generic_castro_hint		0.80224008	148	ok	
val	wl-tile-v1-13517	wl-pos-pos-es-pba-15397	pos-es-pba-15397	1	positive	val	ES	Castro de Montrove/O Castro	Oleiros	Liáns (Santaia)	generic_castro_hint		0.47049100	477	ok	
val	wl-tile-v1-13810	wl-pos-pos-es-pba-63967	pos-es-pba-63967	1	positive	val	ES	Castro de Morillas	Campo Lameiro	Morillas (Santiago)	coastal_promontory_hint		0.35518507	710	ok	
val	wl-tile-v1-13518	wl-pos-pos-es-pba-15424	pos-es-pba-15424	1	positive	val	ES	Castro de Morro Canide/Castrillón	Oleiros	Maianca (San Cosme)	castrel_toponym_hint		0.43581763	538	ok	
val	wl-tile-v1-13837	wl-pos-pos-es-pba-69292	pos-es-pba-69292	1	positive	val	ES	Castro de Mougás/O Crasto	Oia	Mougás (Santa Uxía)	generic_castro_hint		0.04772812	1763	ok	
val	wl-tile-v1-13513	wl-pos-pos-es-pba-13822	pos-es-pba-13822	1	positive	val	ES	Castro de Mugardos	Mugardos	Mugardos (San Xulián)	generic_castro_hint		0.56703841	355	ok	
val	wl-tile-v1-13567	wl-pos-pos-es-pba-25037	pos-es-pba-25037	1	positive	val	ES	Castro de Novefontes/Castro da Croa/O Castro	Touro	Novefontes (Santiago)	croa_top_ring_hint		0.97379853	20	ok	
val	wl-tile-v1-13765	wl-pos-pos-es-pba-50890	pos-es-pba-50890	1	positive	val	ES	Castro de Novás	Xinzo de Limia	Novás (San Nicolao)	generic_castro_hint		0.71854475	208	ok	
val	wl-tile-v1-13641	wl-pos-pos-es-pba-28828	pos-es-pba-28828	1	positive	val	ES	Castro de Noxilde	Chantada	A Laxe (San Xoán)	generic_castro_hint		0.77161562	174	ok	
val	wl-tile-v1-13811	wl-pos-pos-es-pba-63968	pos-es-pba-63968	1	positive	val	ES	Castro de Orto	Campo Lameiro	O Couso (San Cristovo)	generic_castro_hint		0.54353595	377	ok	
val	wl-tile-v1-13739	wl-pos-pos-es-pba-59359	pos-es-pba-59359	1	positive	val	ES	Castro de Ourille	Verea	Ourille (San Pedro)	generic_castro_hint		0.25335569	1000	ok	
val	wl-tile-v1-13783	wl-pos-pos-es-pba-64689	pos-es-pba-64689	1	positive	val	ES	Castro de Outeiro/O Castro	A Estrada	San Xurxo de Vea (San Xurxo)	hilltop_hint		0.95688017	38	ok	
val	wl-tile-v1-13546	wl-pos-pos-es-pba-20609	pos-es-pba-20609	1	positive	val	ES	Castro de Oín	Rois	Oín (Santa María)	generic_castro_hint		0.74125963	189	ok	
val	wl-tile-v1-13642	wl-pos-pos-es-pba-28829	pos-es-pba-28829	1	positive	val	ES	Castro de Pacio	Chantada	Requeixo (Santiago)	generic_castro_hint		0.55826320	365	ok	
val	wl-tile-v1-13643	wl-pos-pos-es-pba-28830	pos-es-pba-28830	1	positive	val	ES	Castro de Paderne	Chantada	Muradelle (San Paio)	generic_castro_hint		0.78715606	160	ok	
val	wl-tile-v1-13712	wl-pos-pos-es-pba-36109	pos-es-pba-36109	1	positive	val	ES	Castro de Parada	Outeiro de Rei	Parada (San Xoán)	generic_castro_hint		0.68388690	236	ok	
val	wl-tile-v1-13823	wl-pos-pos-es-pba-66587	pos-es-pba-66587	1	positive	val	ES	Castro de Paradela/A Croa/Monte do Castro	Meis	Paradela (Santa María)	croa_top_ring_hint		0.50766289	421	ok	
val	wl-tile-v1-13729	wl-pos-pos-es-pba-47217	pos-es-pba-47217	1	positive	val	ES	Castro de Pena Boeira	Castrelo do Val	Gondulfes (Santa Cruz)	hilltop_hint		0.77901914	165	ok	
val	wl-tile-v1-13702	wl-pos-pos-es-pba-35702	pos-es-pba-35702	1	positive	val	ES	Castro de Pena Gateira	Ourol	Bravos (Santiago)	hilltop_hint		0.20722190	1132	ok	
val	wl-tile-v1-13596	wl-pos-pos-es-pba-30756	pos-es-pba-30756	1	positive	val	ES	Castro de Pereirúa	A Fonsagrada	Freixo (San Xulián)	generic_castro_hint		0.84250674	123	ok	
val	wl-tile-v1-13803	wl-pos-pos-es-pba-62625	pos-es-pba-62625	1	positive	val	ES	Castro de Pinar do Rei	Cambados	Cambados (Santa Mariña)	generic_castro_hint		0.62688634	294	ok	
val	wl-tile-v1-13812	wl-pos-pos-es-pba-63969	pos-es-pba-63969	1	positive	val	ES	Castro de Praderrei/A Cerca/Monte do Castro	Campo Lameiro	O Campo (San Miguel)	hilltop_hint		0.87396770	97	ok	
val	wl-tile-v1-13784	wl-pos-pos-es-pba-64690	pos-es-pba-64690	1	positive	val	ES	Castro de Preguecido/O Castro	A Estrada	Aguións (Santa María)	generic_castro_hint		0.97323094	21	ok	
val	wl-tile-v1-13644	wl-pos-pos-es-pba-28831	pos-es-pba-28831	1	positive	val	ES	Castro de Pumar	Chantada	Merlán (San Tomé)	coastal_promontory_hint		0.71532469	210	ok	
val	wl-tile-v1-13519	wl-pos-pos-es-pba-15425	pos-es-pba-15425	1	positive	val	ES	Castro de Punta Roza	Oleiros	Dexo (Santa María)	coastal_promontory_hint		0.69881558	223	ok	
val	wl-tile-v1-13624	wl-pos-pos-es-pba-28585	pos-es-pba-28585	1	positive	val	ES	Castro de Punta de San Pedro	Barreiros	San Pedro de Benquerencia (San Pedro)	coastal_promontory_hint		0.29958041	872	ok	
val	wl-tile-v1-13688	wl-pos-pos-es-pba-30085	pos-es-pba-30085	1	positive	val	ES	Castro de Quenllas do Forno	Guitiriz	O Buriz (San Pedro)	generic_castro_hint		0.52268803	396	ok	
val	wl-tile-v1-13733	wl-pos-pos-es-pba-47495	pos-es-pba-47495	1	positive	val	ES	Castro de Rañalobos	O Bolo	Buxán (Santa María)	generic_castro_hint		0.85983434	107	ok	
val	wl-tile-v1-13533	wl-pos-pos-es-pba-15670	pos-es-pba-15670	1	positive	val	ES	Castro de Recouso	Oroso	Marzoa (San Martiño)	generic_castro_hint		0.35886071	699	ok	
val	wl-tile-v1-13813	wl-pos-pos-es-pba-63970	pos-es-pba-63970	1	positive	val	ES	Castro de Redonde/O Castro	Campo Lameiro	Fragas (Santa Mariña)	generic_castro_hint		0.85905528	108	ok	
val	wl-tile-v1-13502	wl-pos-pos-es-pba-12803	pos-es-pba-12803	1	positive	val	ES	Castro de Ribeiras de Sor	Mañón	As Ribeiras do Sor (San Cristovo)	valley_or_river_edge_hint		0.80801467	145	ok	
val	wl-tile-v1-13785	wl-pos-pos-es-pba-64691	pos-es-pba-64691	1	positive	val	ES	Castro de Ribela/O Castro/Eira dos Mouros	A Estrada	Codeseda (San Xurxo)	generic_castro_hint		0.89518049	82	ok	
val	wl-tile-v1-13664	wl-pos-pos-es-pba-30772	pos-es-pba-30772	1	positive	val	ES	Castro de Río/Castro de Caínzos	Foz	Foz (Santiago)	valley_or_river_edge_hint		0.77438961	169	ok	
val	wl-tile-v1-13645	wl-pos-pos-es-pba-28832	pos-es-pba-28832	1	positive	val	ES	Castro de San Amaro	Chantada	O Mato (San Xillao)	coastal_promontory_hint		0.93364341	54	ok	
val	wl-tile-v1-13625	wl-pos-pos-es-pba-28586	pos-es-pba-28586	1	positive	val	ES	Castro de San Bartolo	Barreiros	San Cosme de Barreiros (San Cosme)	generic_castro_hint		0.95441266	40	ok	
val	wl-tile-v1-13786	wl-pos-pos-es-pba-64692	pos-es-pba-64692	1	positive	val	ES	Castro de San Bartolomeu	A Estrada	San Xiao de Vea (San Xiao)	generic_castro_hint		0.94690822	45	ok	
val	wl-tile-v1-13568	wl-pos-pos-es-pba-25038	pos-es-pba-25038	1	positive	val	ES	Castro de San Fiz/O Coto	Touro	San Fiz de Quión (San Fiz)	hilltop_hint		0.66037236	255	ok	
val	wl-tile-v1-13814	wl-pos-pos-es-pba-63971	pos-es-pba-63971	1	positive	val	ES	Castro de San Isidro/Coto do Castro	Campo Lameiro	Montes (San Isidro)	hilltop_hint		0.80779433	146	ok	
val	wl-tile-v1-13597	wl-pos-pos-es-pba-30757	pos-es-pba-30757	1	positive	val	ES	Castro de San Martiño de Robledo/Cerro do Castro	A Fonsagrada	A Veiga de Logares (Santa María)	coastal_promontory_hint		0.97968981	15	ok	
val	wl-tile-v1-13787	wl-pos-pos-es-pba-64693	pos-es-pba-64693	1	positive	val	ES	Castro de San Martiño/Castro de Trasmonte	A Estrada	Barbude (San Martiño)	coastal_promontory_hint		0.63896113	286	ok	
val	wl-tile-v1-13824	wl-pos-pos-es-pba-66588	pos-es-pba-66588	1	positive	val	ES	Castro de San Paio	Meis	San Tomé de Nogueira (San Tom‚)	generic_castro_hint		0.69922546	222	ok	
val	wl-tile-v1-13569	wl-pos-pos-es-pba-25039	pos-es-pba-25039	1	positive	val	ES	Castro de San Sebastián	Touro	Fontes Rosas (San Xoán)	generic_castro_hint		0.67825800	239	ok	
val	wl-tile-v1-13646	wl-pos-pos-es-pba-28833	pos-es-pba-28833	1	positive	val	ES	Castro de San Sebastián	Chantada	San Salvador de Asma (San Salvador)	generic_castro_hint		0.54636858	375	ok	
val	wl-tile-v1-13737	wl-pos-pos-es-pba-54470	pos-es-pba-54470	1	positive	val	ES	Castro de San Vicente de Coucieiro	Paderne de Allariz	Coucieiro (San Vicente)	generic_castro_hint		0.29614857	883	ok	
val	wl-tile-v1-13514	wl-pos-pos-es-pba-13823	pos-es-pba-13823	1	positive	val	ES	Castro de San Victorio	Mugardos	Franza (Santiago)	valley_or_river_edge_hint		0.73523196	195	ok	
val	wl-tile-v1-13703	wl-pos-pos-es-pba-35703	pos-es-pba-35703	1	positive	val	ES	Castro de Santa Apolonia	Ourol	Xerdiz (Santa María)	generic_castro_hint		0.52087830	401	ok	
val	wl-tile-v1-13788	wl-pos-pos-es-pba-64694	pos-es-pba-64694	1	positive	val	ES	Castro de Santa Baia/Castro de Matalobos	A Estrada	Matalobos (Santa Baia)	generic_castro_hint		0.92312275	59	ok	
val	wl-tile-v1-13635	wl-pos-pos-es-pba-29490	pos-es-pba-29490	1	positive	val	ES	Castro de Santa Catalina/Pena Tallada	Cervantes	San Pedro de Cervantes (San Pedro)	hilltop_hint		0.96702145	30	ok	
val	wl-tile-v1-13520	wl-pos-pos-es-pba-15426	pos-es-pba-15426	1	positive	val	ES	Castro de Santa Cristina/Castro de Perillo	Oleiros	Perillo (Santa Locaia)	generic_castro_hint		0.30296752	863	ok	
val	wl-tile-v1-13576	wl-pos-pos-es-pba-24690	pos-es-pba-24690	1	positive	val	ES	Castro de Santa Eulalia de Vedra	Vedra	Vedra (Santa Eulalia)	generic_castro_hint		0.96667320	31	ok	
val	wl-tile-v1-13647	wl-pos-pos-es-pba-28834	pos-es-pba-28834	1	positive	val	ES	Castro de Santa Uxía	Chantada	Santa Uxía de Asma (Santa Uxía)	generic_castro_hint		0.98199617	14	ok	
val	wl-tile-v1-13720	wl-pos-pos-es-pba-41057	pos-es-pba-41057	1	positive	val	ES	Castro de Sante	Trabada	Sante (San Xiao)	generic_castro_hint		0.42817706	552	ok	
val	wl-tile-v1-13598	wl-pos-pos-es-pba-30788	pos-es-pba-30788	1	positive	val	ES	Castro de Santo Andrés	A Fonsagrada	Santo André de Logares (Santo Andr‚)	generic_castro_hint		0.35984049	697	ok	
val	wl-tile-v1-13818	wl-pos-pos-es-pba-64927	pos-es-pba-64927	1	positive	val	ES	Castro de Sendelle	Crecente	Sendelle (Santa Cruz)	generic_castro_hint		0.86888405	100	ok	
val	wl-tile-v1-13713	wl-pos-pos-es-pba-36110	pos-es-pba-36110	1	positive	val	ES	Castro de Sobrada/Os Castros	Outeiro de Rei	Sobrada de Aguiar (Santa María Madanela)	generic_castro_hint		0.56729263	353	ok	
val	wl-tile-v1-13547	wl-pos-pos-es-pba-20610	pos-es-pba-20610	1	positive	val	ES	Castro de Socastro	Rois	Herbogo (San Pedro)	generic_castro_hint		0.96240719	34	ok	
val	wl-tile-v1-13577	wl-pos-pos-es-pba-24691	pos-es-pba-24691	1	positive	val	ES	Castro de Socastro	Vedra	San Mamede de Ribadulla (San Mamede)	generic_castro_hint		0.91149702	72	ok	
val	wl-tile-v1-13696	wl-pos-pos-es-pba-43024	pos-es-pba-43024	1	positive	val	ES	Castro de Suaigrexa	O Vicedo	O Vicedo (Santo Estevo)	generic_castro_hint		0.74758644	188	ok	
val	wl-tile-v1-13521	wl-pos-pos-es-pba-15427	pos-es-pba-15427	1	positive	val	ES	Castro de Subiña/Vixía de Subiña/Atalaia de Subi¤a	Oleiros	Dexo (Santa María)	generic_castro_hint		0.75876761	179	ok	
val	wl-tile-v1-13790	wl-pos-pos-es-pba-64723	pos-es-pba-64723	1	positive	val	ES	Castro de Torre	A Estrada	Santeles (San Xoán)	generic_castro_hint		0.94043621	48	ok	
val	wl-tile-v1-13570	wl-pos-pos-es-pba-25040	pos-es-pba-25040	1	positive	val	ES	Castro de Touro	Touro	Touro (San Xoán)	generic_castro_hint		0.45215081	511	ok	
val	wl-tile-v1-13721	wl-pos-pos-es-pba-41058	pos-es-pba-41058	1	positive	val	ES	Castro de Trabada	Trabada	Trabada (Santa María)	generic_castro_hint		0.87607411	96	ok	
val	wl-tile-v1-13498	wl-pos-pos-es-pba-9495	pos-es-pba-9495	1	positive	val	ES	Castro de Traxeito	Dodro	Laíño (San Xián)	generic_castro_hint		0.51398675	408	ok	
val	wl-tile-v1-13799	wl-pos-pos-es-pba-62372	pos-es-pba-62372	1	positive	val	ES	Castro de Tremoedo	Cambados	Tremoedo (Santo Estevo)	generic_castro_hint		0.50640157	422	ok	
val	wl-tile-v1-13791	wl-pos-pos-es-pba-64724	pos-es-pba-64724	1	positive	val	ES	Castro de Vea/O Coto do Castro	A Estrada	Santa Cristina de Vea (Santa Cristina)	hilltop_hint		0.79175195	154	ok	
val	wl-tile-v1-13722	wl-pos-pos-es-pba-41059	pos-es-pba-41059	1	positive	val	ES	Castro de Vidal/Os Castros	Trabada	Vidal (San Mateo)	generic_castro_hint		0.40302474	601	ok	
val	wl-tile-v1-13689	wl-pos-pos-es-pba-30117	pos-es-pba-30117	1	positive	val	ES	Castro de Vigo	Guitiriz	San Salvador de Parga (San Salvador)	generic_castro_hint		0.86735888	102	ok	
val	wl-tile-v1-13792	wl-pos-pos-es-pba-64725	pos-es-pba-64725	1	positive	val	ES	Castro de Vila Criste	A Estrada	Cora (San Miguel)	generic_castro_hint		0.29049031	892	ok	
val	wl-tile-v1-13534	wl-pos-pos-es-pba-15671	pos-es-pba-15671	1	positive	val	ES	Castro de Vilacide	Oroso	Oroso (San Martiño)	generic_castro_hint		0.58238923	333	ok	
val	wl-tile-v1-13793	wl-pos-pos-es-pba-64726	pos-es-pba-64726	1	positive	val	ES	Castro de Vilagude/Chan do Castro	A Estrada	Moreira (San Miguel)	generic_castro_hint		0.97493502	18	ok	
val	wl-tile-v1-13626	wl-pos-pos-es-pba-28587	pos-es-pba-28587	1	positive	val	ES	Castro de Vilamar	Barreiros	San Xusto de Cabarcos (San Xusto)	coastal_promontory_hint		0.45158903	513	ok	
val	wl-tile-v1-13759	wl-pos-pos-es-pba-60338	pos-es-pba-60338	1	positive	val	ES	Castro de Vilar de Santos	Vilar de Santos	Vilar de Santos (San Xoán)	generic_castro_hint		0.55086310	371	ok	
val	wl-tile-v1-13535	wl-pos-pos-es-pba-15672	pos-es-pba-15672	1	positive	val	ES	Castro de Vilares/Castro de Oroso Pequeño	Oroso	Oroso (San Martiño)	generic_castro_hint		0.50982585	419	ok	
val	wl-tile-v1-13665	wl-pos-pos-es-pba-30773	pos-es-pba-30773	1	positive	val	ES	Castro de Vilaronte	Foz	Vilaronte (San Xoán)	generic_castro_hint		0.51140412	415	ok	
val	wl-tile-v1-13599	wl-pos-pos-es-pba-30789	pos-es-pba-30789	1	positive	val	ES	Castro de Vilarín de Arriba	A Fonsagrada	San Martín de Suarna (San Martín)	generic_castro_hint		0.01282522	1843	ok	
val	wl-tile-v1-13648	wl-pos-pos-es-pba-28835	pos-es-pba-28835	1	positive	val	ES	Castro de Vilaseco	Chantada	A Laxe (San Xoán)	generic_castro_hint		0.50355259	434	ok	
val	wl-tile-v1-13503	wl-pos-pos-es-pba-12804	pos-es-pba-12804	1	positive	val	ES	Castro de Vilela	Mañón	Mogor (Santa María)	generic_castro_hint		0.88930371	89	ok	
val	wl-tile-v1-13522	wl-pos-pos-es-pba-15428	pos-es-pba-15428	1	positive	val	ES	Castro de Xaz/Castro de Abeleiras/Os Redondos	Oleiros	Dorneda (San Martiño)	generic_castro_hint		0.73793608	193	ok	
val	wl-tile-v1-13600	wl-pos-pos-es-pba-30790	pos-es-pba-30790	1	positive	val	ES	Castro de Xegunde	A Fonsagrada	Vilabol de Suarna (Santa María)	generic_castro_hint		0.95397072	41	ok	
val	wl-tile-v1-13649	wl-pos-pos-es-pba-28866	pos-es-pba-28866	1	positive	val	ES	Castro de Xoanín	Chantada	A Laxe (San Xoán)	generic_castro_hint		0.63931089	285	ok	
val	wl-tile-v1-13523	wl-pos-pos-es-pba-15429	pos-es-pba-15429	1	positive	val	ES	Castro de Xoez/Castro das Grobas	Oleiros	Serantes (San Xián)	generic_castro_hint		0.40816677	590	ok	
val	wl-tile-v1-13819	wl-pos-pos-es-pba-64928	pos-es-pba-64928	1	positive	val	ES	Castro do Alto da Porteliña	Crecente	A Ameixeira (San Bernabeu)	hilltop_hint		0.52659369	395	ok	
val	wl-tile-v1-13627	wl-pos-pos-es-pba-28588	pos-es-pba-28588	1	positive	val	ES	Castro do Alto de Merille	Barreiros	San Cosme de Barreiros (San Cosme)	hilltop_hint		0.50361476	433	ok	
val	wl-tile-v1-13841	wl-pos-pos-es-pba-70807	pos-es-pba-70807	1	positive	val	ES	Castro do Alto de San Cibrán	Salceda de Caselas	A Picoña (San Martiño)	hilltop_hint		0.07422824	1636	ok	
val	wl-tile-v1-13838	wl-pos-pos-es-pba-69293	pos-es-pba-69293	1	positive	val	ES	Castro do Bosque	Oia	Oia (Santa María)	generic_castro_hint		0.08240084	1595	ok	
val	wl-tile-v1-13745	wl-pos-pos-es-pba-58768	pos-es-pba-58768	1	positive	val	ES	Castro do Buraco do Mouro	Viana do Bolo	Pexeiros (Santa María)	generic_castro_hint		0.97032805	24	ok	
val	wl-tile-v1-13690	wl-pos-pos-es-pba-30118	pos-es-pba-30118	1	positive	val	ES	Castro do Carelo	Guitiriz	O Buriz (San Pedro)	generic_castro_hint		0.91207267	70	ok	
val	wl-tile-v1-13704	wl-pos-pos-es-pba-35729	pos-es-pba-35729	1	positive	val	ES	Castro do Carrusco	Ourol	O Sisto (Santa María)	generic_castro_hint		0.71050574	215	ok	
val	wl-tile-v1-13746	wl-pos-pos-es-pba-58769	pos-es-pba-58769	1	positive	val	ES	Castro do Castelo	Viana do Bolo	Quintela de Umoso (Padre Eterno)	generic_castro_hint		0.09505612	1545	ok	
val	wl-tile-v1-13747	wl-pos-pos-es-pba-58770	pos-es-pba-58770	1	positive	val	ES	Castro do Castelo	Viana do Bolo	Covelo (San Lourenzo)	generic_castro_hint		0.40740255	593	ok	
val	wl-tile-v1-13748	wl-pos-pos-es-pba-58796	pos-es-pba-58796	1	positive	val	ES	Castro do Castelo	Viana do Bolo	Punxeiro (San Marcos)	generic_castro_hint		0.69096235	231	ok	
val	wl-tile-v1-13749	wl-pos-pos-es-pba-58797	pos-es-pba-58797	1	positive	val	ES	Castro do Castelo	Viana do Bolo	Pinza (Santa María)	generic_castro_hint		0.27633453	933	ok	
val	wl-tile-v1-13750	wl-pos-pos-es-pba-58798	pos-es-pba-58798	1	positive	val	ES	Castro do Castelo	Viana do Bolo	Punxeiro (San Marcos)	generic_castro_hint		0.22980224	1063	ok	
val	wl-tile-v1-13751	wl-pos-pos-es-pba-58799	pos-es-pba-58799	1	positive	val	ES	Castro do Castelo dos Mouros	Viana do Bolo	Mourisca (Santa María)	generic_castro_hint		0.35207982	716	ok	
val	wl-tile-v1-13752	wl-pos-pos-es-pba-58800	pos-es-pba-58800	1	positive	val	ES	Castro do Castillo	Viana do Bolo	Rubiais (San Cibrao)	generic_castro_hint		0.91177031	71	ok	
val	wl-tile-v1-13753	wl-pos-pos-es-pba-58801	pos-es-pba-58801	1	positive	val	ES	Castro do Castrillón	Viana do Bolo	Quintela de Hedroso (San Cosmede)	castrel_toponym_hint		0.31140615	830	ok	
val	wl-tile-v1-13769	wl-pos-pos-es-pba-63090	pos-es-pba-63090	1	positive	val	ES	Castro do Cerco/Castro das Bouzas	A Cañiza	A Ameixeira (San Bernabeu)	generic_castro_hint		0.89060887	86	ok	
val	wl-tile-v1-13734	wl-pos-pos-es-pba-47496	pos-es-pba-47496	1	positive	val	ES	Castro do Choutiso	O Bolo	Cambela (Santa María)	generic_castro_hint		0.66432935	251	ok	
val	wl-tile-v1-13754	wl-pos-pos-es-pba-58802	pos-es-pba-58802	1	positive	val	ES	Castro do Coto	Viana do Bolo	Tabazoa de Hedroso (Santa María)	hilltop_hint		0.12069130	1447	ok	
val	wl-tile-v1-13842	wl-pos-pos-es-pba-70808	pos-es-pba-70808	1	positive	val	ES	Castro do Coto das Caldeiriñas	Salceda de Caselas	Parderrubias (San Tomé)	hilltop_hint		0.69350677	229	ok	
val	wl-tile-v1-13548	wl-pos-pos-es-pba-20611	pos-es-pba-20611	1	positive	val	ES	Castro do Coto de Ferreira	Rois	Urdilde (Santa María)	hilltop_hint		0.85340835	114	ok	
val	wl-tile-v1-13815	wl-pos-pos-es-pba-63972	pos-es-pba-63972	1	positive	val	ES	Castro do Coto de Penalba	Campo Lameiro	O Campo (San Miguel)	hilltop_hint		0.77856339	166	ok	
val	wl-tile-v1-13770	wl-pos-pos-es-pba-63091	pos-es-pba-63091	1	positive	val	ES	Castro do Coto do Castro	A Cañiza	Valeixe (Santa Cristina)	hilltop_hint		0.94623073	46	ok	
val	wl-tile-v1-13771	wl-pos-pos-es-pba-63118	pos-es-pba-63118	1	positive	val	ES	Castro do Coto do Corvo	A Cañiza	Oroso (Santa María)	hilltop_hint		0.85008490	116	ok	
val	wl-tile-v1-13666	wl-pos-pos-es-pba-30774	pos-es-pba-30774	1	positive	val	ES	Castro do Coto do Pico	Foz	Cordido (San Xiao)	hilltop_hint		0.63665922	288	ok	
val	wl-tile-v1-13515	wl-pos-pos-es-pba-13824	pos-es-pba-13824	1	positive	val	ES	Castro do Eixo	Mugardos	Piñeiro (San Xoán)	generic_castro_hint		0.55560371	369	ok	
val	wl-tile-v1-13755	wl-pos-pos-es-pba-58803	pos-es-pba-58803	1	positive	val	ES	Castro do Froxancal	Viana do Bolo	Hedroso (San Román)	generic_castro_hint		0.21453366	1111	ok	
val	wl-tile-v1-13571	wl-pos-pos-es-pba-25041	pos-es-pba-25041	1	positive	val	ES	Castro do Loxo	Touro	Loxo (Santa María)	generic_castro_hint		0.69418329	227	ok	
val	wl-tile-v1-13601	wl-pos-pos-es-pba-30791	pos-es-pba-30791	1	positive	val	ES	Castro do Medio	A Fonsagrada	Lamas de Moreira (Santa María)	generic_castro_hint		0.21293360	1120	ok	
val	wl-tile-v1-13843	wl-pos-pos-es-pba-70809	pos-es-pba-70809	1	positive	val	ES	Castro do Monte Abeiró	Salceda de Caselas	Santa María de Salceda (Santa María)	hilltop_hint		0.85561311	110	ok	
val	wl-tile-v1-13828	wl-pos-pos-es-pba-65752	pos-es-pba-65752	1	positive	val	ES	Castro do Monte da Siradella	O Grove	San Vicente do Grove (San Vicente)	hilltop_hint		0.87857707	94	ok	
val	wl-tile-v1-13844	wl-pos-pos-es-pba-70947	pos-es-pba-70947	1	positive	val	ES	Castro do Monte das Coruxeiras	Salceda de Caselas	Santa María de Salceda (Santa María)	hilltop_hint		0.49840935	437	ok	
val	wl-tile-v1-13845	wl-pos-pos-es-pba-70948	pos-es-pba-70948	1	positive	val	ES	Castro do Monte do Faro	Salceda de Caselas	Entenza (Santos Xusto e Pastor)	hilltop_hint		0.85403959	113	ok	
val	wl-tile-v1-13839	wl-pos-pos-es-pba-70342	pos-es-pba-70342	1	positive	val	ES	Castro do Monte do Porto	Pontecesures	Pontecesures (San Xulián)	hilltop_hint		0.61717353	302	ok	
val	wl-tile-v1-13740	wl-pos-pos-es-pba-59360	pos-es-pba-59360	1	positive	val	ES	Castro do Outeiro	Verea	Sanguñedo (San Salvador)	hilltop_hint		0.81162172	142	ok	
val	wl-tile-v1-13714	wl-pos-pos-es-pba-36112	pos-es-pba-36112	1	positive	val	ES	Castro do Pazo	Outeiro de Rei	Parada (San Xoán)	earthwork_or_wall_hint		0.61823151	300	ok	
val	wl-tile-v1-13715	wl-pos-pos-es-pba-36113	pos-es-pba-36113	1	positive	val	ES	Castro do Pazo/O Castro	Outeiro de Rei	Parada (San Xoán)	generic_castro_hint		0.57338815	342	ok	
val	wl-tile-v1-13549	wl-pos-pos-es-pba-20612	pos-es-pba-20612	1	positive	val	ES	Castro do Picadizo	Rois	Buxán (San Xoán)	generic_castro_hint		0.65216263	263	ok	
val	wl-tile-v1-13508	wl-pos-pos-es-pba-13581	pos-es-pba-13581	1	positive	val	ES	Castro do Sixto	Monfero	O Alto de Xestoso (Santa María)	generic_castro_hint		0.79457264	150	ok	
val	wl-tile-v1-13550	wl-pos-pos-es-pba-20613	pos-es-pba-20613	1	positive	val	ES	Castro do Tremiñado	Rois	Buxán (San Xoán)	generic_castro_hint		0.57892193	336	ok	
val	wl-tile-v1-13731	wl-pos-pos-es-pba-49909	pos-es-pba-49909	1	positive	val	ES	Castro do Viso	Chandrexa de Queixa	Chaveán (San Bartolomeu)	generic_castro_hint		0.84409286	121	ok	
val	wl-tile-v1-13628	wl-pos-pos-es-pba-28589	pos-es-pba-28589	1	positive	val	ES	Castro dos Calixos	Barreiros	Vilamartín Pequeno (San Xoán Degolado)	generic_castro_hint		0.24304535	1024	ok	
val	wl-tile-v1-13718	wl-pos-pos-es-pba-40181	pos-es-pba-40181	1	positive	val	ES	Castro dos Castros	Riotorto	Galegos (Santa María)	generic_castro_hint		0.97240804	23	ok	
val	wl-tile-v1-13820	wl-pos-pos-es-pba-64957	pos-es-pba-64957	1	positive	val	ES	Castro dos Leiros	Crecente	Rebordechán (Santa María)	generic_castro_hint		0.84768903	117	ok	
val	wl-tile-v1-13756	wl-pos-pos-es-pba-58804	pos-es-pba-58804	1	positive	val	ES	Castro dos Touzois	Viana do Bolo	Froxais (San Brais)	generic_castro_hint		0.74870486	186	ok	
val	wl-tile-v1-13846	wl-pos-pos-es-pba-70949	pos-es-pba-70949	1	positive	val	ES	Castro e Castelo Pedra dos Mouros/Castro e Castelo de Entenza	Salceda de Caselas	Entenza (Santos Xusto e Pastor)	generic_castro_hint		0.87908481	93	ok	
val	wl-tile-v1-13847	wl-pos-pos-es-pba-70950	pos-es-pba-70950	1	positive	val	ES	Castro e torre do Coto de Condide	Salceda de Caselas	A Picoña (San Martiño)	hilltop_hint		0.75516856	182	ok	
val	wl-tile-v1-13796	wl-pos-pos-es-pba-64729	pos-es-pba-64729	1	positive	val	ES	Castrotión	A Estrada	Oca (Santo Estevo)	generic_castro_hint		0.90745481	76	ok	
val	wl-tile-v1-13602	wl-pos-pos-es-pba-30794	pos-es-pba-30794	1	positive	val	ES	Chao do Castro	A Fonsagrada	San Martín de Arroxo (San Martín)	generic_castro_hint		0.96930751	25	ok	
val	wl-tile-v1-13705	wl-pos-pos-es-pba-35730	pos-es-pba-35730	1	positive	val	ES	Chao do Castro	Ourol	Miñotos (San Pedro)	generic_castro_hint		0.29660582	880	ok	
val	wl-tile-v1-13499	wl-pos-pos-es-pba-9496	pos-es-pba-9496	1	positive	val	ES	Conxunto de Castro	Dodro	San Xoán de Laíño (San Xoán)	generic_castro_hint		0.26378646	978	ok	
val	wl-tile-v1-13797	wl-pos-pos-es-pba-64762	pos-es-pba-64762	1	positive	val	ES	Coto de Castrovite	A Estrada	Orazo (San Pedro)	hilltop_hint		0.95922492	37	ok	
val	wl-tile-v1-13723	wl-pos-pos-es-pba-46071	pos-es-pba-46071	1	positive	val	ES	Coto do Castro	Beade	Beade (Santa María)	hilltop_hint		0.25803663	991	ok	
val	wl-tile-v1-13798	wl-pos-pos-es-pba-64763	pos-es-pba-64763	1	positive	val	ES	Coto do Castro	A Estrada	Olives (Santa María)	hilltop_hint		0.91238440	69	ok	
val	wl-tile-v1-13667	wl-pos-pos-es-pba-30808	pos-es-pba-30808	1	positive	val	ES	Coto dos Castros	Foz	Santa Cilla do Valadouro (Santa Cilla)	hilltop_hint		0.84123325	124	ok	
val	wl-tile-v1-13804	wl-pos-pos-es-pba-63455	pos-es-pba-63455	1	positive	val	ES	Couto do Castro/O Castro	Campo Lameiro	Moimenta (Santa María)	hilltop_hint		0.27384607	943	ok	
val	wl-tile-v1-13825	wl-pos-pos-es-pba-66619	pos-es-pba-66619	1	positive	val	ES	Ermida e Castelo do Monte Castrove	Meis	A Armenteira (Santa María)	hilltop_hint		0.25339501	999	ok	
val	wl-tile-v1-13698	wl-pos-pos-es-pba-43198	pos-es-pba-43198	1	positive	val	ES	Medas do Castro	O Vicedo	Suegos (Santa María)	generic_castro_hint		0.99758112	1	ok	
val	wl-tile-v1-13552	wl-pos-pos-es-pba-24421	pos-es-pba-24421	1	positive	val	ES	Medorra de Lañas/O Castro Grande/A Medorra	Touro	San Fiz de Quión (San Fiz)	generic_castro_hint		0.31173728	828	ok	
val	wl-tile-v1-13525	wl-pos-pos-es-pba-15416	pos-es-pba-15416	1	positive	val	ES	Medorra do Castro	Oroso	Cardama (Santa María)	generic_castro_hint		0.34069569	747	ok	
val	wl-tile-v1-13526	wl-pos-pos-es-pba-15417	pos-es-pba-15417	1	positive	val	ES	Medorra do Castro	Oroso	Calvente (San Xoán)	generic_castro_hint		0.75588906	180	ok	
val	wl-tile-v1-13527	wl-pos-pos-es-pba-15418	pos-es-pba-15418	1	positive	val	ES	Medorra do Castro/Castro de San Román	Oroso	Pasarelos (San Román)	generic_castro_hint		0.44380065	526	ok	
val	wl-tile-v1-13492	wl-pos-pos-es-pba-9280	pos-es-pba-9280	1	positive	val	ES	Monte de Xián/Castro de San Xián	Dodro	Dodro (Santa María)	hilltop_hint		0.57216431	345	ok	
val	wl-tile-v1-13829	wl-pos-pos-es-pba-68624	pos-es-pba-68624	1	positive	val	ES	Monte do Castro	Oia	Pedornes (San Mamede)	hilltop_hint		0.08283888	1594	ok	
val	wl-tile-v1-13840	wl-pos-pos-es-pba-70906	pos-es-pba-70906	1	positive	val	ES	Monte do Castro (Castro Cesures)	Pontecesures	Pontecesures (San Xulián)	hilltop_hint		0.86778834	101	ok	
val	wl-tile-v1-13826	wl-pos-pos-es-pba-66779	pos-es-pba-66779	1	positive	val	ES	Monte do Castro de Arcos	Meis	San Tomé de Nogueira (San Tom‚)	hilltop_hint		0.25122459	1007	ok	
val	wl-tile-v1-13668	wl-pos-pos-es-pba-30929	pos-es-pba-30929	1	positive	val	ES	Monte dos Castros	Foz	Vilaronte (San Xoán)	hilltop_hint		0.48278001	457	ok	
val	wl-tile-v1-13850	wl-pos-pos-es-pba-70151	pos-es-pba-70151	1	positive	val	ES	O Castrillón/Coto da Moura	Soutomaior	Soutomaior (San Salvador)	castrel_toponym_hint		0.42525388	555	ok	
val	wl-tile-v1-13827	wl-pos-pos-es-pba-65613	pos-es-pba-65613	1	positive	val	ES	O Castriño	O Grove	San Vicente do Grove (San Vicente)	generic_castro_hint		0.39060475	635	ok	
val	wl-tile-v1-13516	wl-pos-pos-es-pba-13938	pos-es-pba-13938	1	positive	val	ES	O Castro	Mugardos	Meá (San Vicente)	generic_castro_hint		0.32818323	777	ok	
val	wl-tile-v1-13530	wl-pos-pos-es-pba-15606	pos-es-pba-15606	1	positive	val	ES	O Castro	Oroso	Vilarromaris (San Tomé)	generic_castro_hint		0.46777754	482	ok	
val	wl-tile-v1-13536	wl-pos-pos-es-pba-15714	pos-es-pba-15714	1	positive	val	ES	O Castro	Oroso	Marzoa (San Martiño)	generic_castro_hint		0.71256311	213	ok	
val	wl-tile-v1-13537	wl-pos-pos-es-pba-15715	pos-es-pba-15715	1	positive	val	ES	O Castro	Oroso	Cardama (Santa María)	generic_castro_hint		0.64199597	279	ok	
val	wl-tile-v1-13578	wl-pos-pos-es-pba-26175	pos-es-pba-26175	1	positive	val	ES	O Castro	Vedra	A Ponte Ulla (Santa María Madanela)	generic_castro_hint		0.52828144	394	ok	
val	wl-tile-v1-13603	wl-pos-pos-es-pba-31076	pos-es-pba-31076	1	positive	val	ES	O Castro	A Fonsagrada	O Trobo (Santa María)	generic_castro_hint		0.57168987	348	ok	
val	wl-tile-v1-13604	wl-pos-pos-es-pba-31108	pos-es-pba-31108	1	positive	val	ES	O Castro	A Fonsagrada	A Veiga de Logares (Santa María)	generic_castro_hint		0.98567570	9	ok	
val	wl-tile-v1-13605	wl-pos-pos-es-pba-31109	pos-es-pba-31109	1	positive	val	ES	O Castro	A Fonsagrada	O Trobo (Santa María)	generic_castro_hint		0.98265430	12	ok	
val	wl-tile-v1-13606	wl-pos-pos-es-pba-31110	pos-es-pba-31110	1	positive	val	ES	O Castro	A Fonsagrada	Cuíñas (San Cristovo)	generic_castro_hint		0.99525416	2	ok	
val	wl-tile-v1-13607	wl-pos-pos-es-pba-31111	pos-es-pba-31111	1	positive	val	ES	O Castro	A Fonsagrada	O Trobo (Santa María)	generic_castro_hint		0.69492342	226	ok	
val	wl-tile-v1-13608	wl-pos-pos-es-pba-31112	pos-es-pba-31112	1	positive	val	ES	O Castro	A Fonsagrada	Santo André de Logares (Santo Andr‚)	generic_castro_hint		0.96028701	36	ok	
val	wl-tile-v1-13609	wl-pos-pos-es-pba-31113	pos-es-pba-31113	1	positive	val	ES	O Castro	A Fonsagrada	Cuíñas (San Cristovo)	generic_castro_hint		0.96289475	33	ok	
val	wl-tile-v1-13610	wl-pos-pos-es-pba-31114	pos-es-pba-31114	1	positive	val	ES	O Castro	A Fonsagrada	Pacios (Santa María)	generic_castro_hint		0.52207865	397	ok	
val	wl-tile-v1-13611	wl-pos-pos-es-pba-31115	pos-es-pba-31115	1	positive	val	ES	O Castro	A Fonsagrada	Cereixido (Santiago)	generic_castro_hint		0.93676984	51	ok	
val	wl-tile-v1-13612	wl-pos-pos-es-pba-31116	pos-es-pba-31116	1	positive	val	ES	O Castro	A Fonsagrada	San Martín de Arroxo (San Martín)	generic_castro_hint		0.80858148	144	ok	
val	wl-tile-v1-13613	wl-pos-pos-es-pba-31117	pos-es-pba-31117	1	positive	val	ES	O Castro	A Fonsagrada	O Trobo (Santa María)	generic_castro_hint		0.44193176	529	ok	
val	wl-tile-v1-13629	wl-pos-pos-es-pba-28733	pos-es-pba-28733	1	positive	val	ES	O Castro	Barreiros	Cabarcos (San Xulián)	generic_castro_hint		0.04952022	1749	ok	
val	wl-tile-v1-13699	wl-pos-pos-es-pba-43235	pos-es-pba-43235	1	positive	val	ES	O Castro	O Vicedo	Suegos (Santa María)	generic_castro_hint		0.85596487	109	ok	
val	wl-tile-v1-13706	wl-pos-pos-es-pba-35924	pos-es-pba-35924	1	positive	val	ES	O Castro	Ourol	Ourol (Santa María)	generic_castro_hint		0.84453212	120	ok	
val	wl-tile-v1-13735	wl-pos-pos-es-pba-47561	pos-es-pba-47561	1	positive	val	ES	O Castro	O Bolo	Paradela (San Sebastián)	generic_castro_hint		0.41641774	571	ok	
val	wl-tile-v1-13772	wl-pos-pos-es-pba-64122	pos-es-pba-64122	1	positive	val	ES	O Castro	A Estrada	San Miguel de Castro (San Miguel)	generic_castro_hint		0.98851136	8	ok	
val	wl-tile-v1-13773	wl-pos-pos-es-pba-64123	pos-es-pba-64123	1	positive	val	ES	O Castro	A Estrada	Ouzande (San Lourenzo)	generic_castro_hint		0.88549496	90	ok	
val	wl-tile-v1-13830	wl-pos-pos-es-pba-68699	pos-es-pba-68699	1	positive	val	ES	O Castro	Oia	Pedornes (San Mamede)	generic_castro_hint		0.06670480	1671	ok	
val	wl-tile-v1-13848	wl-pos-pos-es-pba-71382	pos-es-pba-71382	1	positive	val	ES	O Castro	Salceda de Caselas	A Picoña (San Martiño)	generic_castro_hint		0.61001353	312	ok	
val	wl-tile-v1-13614	wl-pos-pos-es-pba-31118	pos-es-pba-31118	1	positive	val	ES	O Castro Vello	A Fonsagrada	Carballido (Santa María)	generic_castro_hint		0.99091668	6	ok	
val	wl-tile-v1-13543	wl-pos-pos-es-pba-20483	pos-es-pba-20483	1	positive	val	ES	O Castro de Agrafoxo	Rois	Urdilde (Santa María)	earthwork_or_wall_hint		0.90658355	77	ok	
val	wl-tile-v1-13510	wl-pos-pos-es-pba-14158	pos-es-pba-14158	1	positive	val	ES	O Castro de Carballo	Monfero	San Fiz de Monfero (San Fiz)	generic_castro_hint		0.84120382	125	ok	
val	wl-tile-v1-13509	wl-pos-pos-es-pba-13583	pos-es-pba-13583	1	positive	val	ES	O Castro de Currás	Monfero	Taboada (Santa Mariña)	generic_castro_hint		0.90764838	75	ok	
val	wl-tile-v1-13757	wl-pos-pos-es-pba-58938	pos-es-pba-58938	1	positive	val	ES	O Castro de Grixoa	Viana do Bolo	Grixoa (San Pedro)	generic_castro_hint		0.44884567	517	ok	
val	wl-tile-v1-13761	wl-pos-pos-es-pba-50767	pos-es-pba-50767	1	positive	val	ES	O Castro de Parada de Ribeira	Xinzo de Limia	Parada de Ribeira (San Salvador)	valley_or_river_edge_hint		0.70047216	220	ok	
val	wl-tile-v1-13762	wl-pos-pos-es-pba-50768	pos-es-pba-50768	1	positive	val	ES	O Castro/A Cidá/Os Netos/O Regueiral	Xinzo de Limia	Mosteiro de Ribeira (Santa María)	generic_castro_hint		0.85449071	112	ok	
val	wl-tile-v1-13615	wl-pos-pos-es-pba-31148	pos-es-pba-31148	1	positive	val	ES	O Castro/A Croa/Estivo do Castro	A Fonsagrada	Maderne (San Pedro)	croa_top_ring_hint		0.56344333	360	ok	
val	wl-tile-v1-13724	wl-pos-pos-es-pba-46138	pos-es-pba-46138	1	positive	val	ES	O Castro/A Forxa/Posible asentamento castrexo A Forxa	Beade	Beade (Santa María)	generic_castro_hint		0.42133906	560	ok	
val	wl-tile-v1-13725	wl-pos-pos-es-pba-46139	pos-es-pba-46139	1	positive	val	ES	O Castro/A Mourisca/Xacemento do Castro de Beade	Beade	Beade (Santa María)	generic_castro_hint		0.08679289	1581	ok	
val	wl-tile-v1-13538	wl-pos-pos-es-pba-15716	pos-es-pba-15716	1	positive	val	ES	O Castro/A Santiña/O Castro de Deixebre	Oroso	Deixebre (Santa María)	generic_castro_hint		0.31310376	820	ok	
val	wl-tile-v1-13539	wl-pos-pos-es-pba-15717	pos-es-pba-15717	1	positive	val	ES	O Castro/Castro da Alcaiana	Oroso	Os Ánxeles (San Mamede)	generic_castro_hint		0.57206648	346	ok	
val	wl-tile-v1-13540	wl-pos-pos-es-pba-15718	pos-es-pba-15718	1	positive	val	ES	O Castro/Castro de Meixede	Oroso	Oroso (San Martiño)	generic_castro_hint		0.87915077	92	ok	
val	wl-tile-v1-13579	wl-pos-pos-es-pba-26203	pos-es-pba-26203	1	positive	val	ES	O Castro/Castro de Merín	Vedra	Merín (San Cristovo)	generic_castro_hint		0.67168591	244	ok	
val	wl-tile-v1-13541	wl-pos-pos-es-pba-15719	pos-es-pba-15719	1	positive	val	ES	O Castro/O Castro de Piñeirón	Oroso	A Gándara (San Miguel)	generic_castro_hint		0.52142285	398	ok	
val	wl-tile-v1-13542	wl-pos-pos-es-pba-15720	pos-es-pba-15720	1	positive	val	ES	O Castro/Os Castros/O Castro	Oroso	Trasmonte (Santo Estevo)	generic_castro_hint		0.71253648	214	ok	
val	wl-tile-v1-13669	wl-pos-pos-es-pba-30962	pos-es-pba-30962	1	positive	val	ES	O Castro/Pico do Castro/Cu do Castro de Marzán	Foz	Foz (Santiago)	coastal_promontory_hint		0.73229938	197	ok	
val	wl-tile-v1-13726	wl-pos-pos-es-pba-46140	pos-es-pba-46140	1	positive	val	ES	O Castro/Sartego antropomorfo do Castro	Beade	Beade (Santa María)	generic_castro_hint		0.14262395	1369	ok	
val	wl-tile-v1-13849	wl-pos-pos-es-pba-71515	pos-es-pba-71515	1	positive	val	ES	O Coto do Castro	Salceda de Caselas	Parderrubias (San Tomé)	hilltop_hint		0.90501667	78	ok	
val	wl-tile-v1-13758	wl-pos-pos-es-pba-58939	pos-es-pba-58939	1	positive	val	ES	O Tumbeiro do Castro	Viana do Bolo	Santa Mariña da Ponte (Santa Mariña)	generic_castro_hint		0.50435735	430	ok	
val	wl-tile-v1-13616	wl-pos-pos-es-pba-31151	pos-es-pba-31151	1	positive	val	ES	Os Castros	A Fonsagrada	Carballido (Santa María)	generic_castro_hint		0.90455152	79	ok	
val	wl-tile-v1-13617	wl-pos-pos-es-pba-31152	pos-es-pba-31152	1	positive	val	ES	Os Castros	A Fonsagrada	Lamas de Moreira (Santa María)	generic_castro_hint		0.96210149	35	ok	
val	wl-tile-v1-13630	wl-pos-pos-es-pba-28734	pos-es-pba-28734	1	positive	val	ES	Os Castros	Barreiros	Celeiro de Mariñaos (Santa Cristina)	generic_castro_hint		0.65015010	265	ok	
val	wl-tile-v1-13631	wl-pos-pos-es-pba-28735	pos-es-pba-28735	1	positive	val	ES	Os Castros	Barreiros	Cabarcos (San Xulián)	generic_castro_hint		0.45264636	509	ok	
val	wl-tile-v1-13636	wl-pos-pos-es-pba-29720	pos-es-pba-29720	1	positive	val	ES	Os Castros	Cervantes	San Tomé de Cancelada (San Tom‚)	generic_castro_hint		0.69583547	225	ok	
val	wl-tile-v1-13653	wl-pos-pos-es-pba-29296	pos-es-pba-29296	1	positive	val	ES	Os Castros	Chantada	San Salvador de Asma (San Salvador)	earthwork_or_wall_hint		0.72899013	200	ok	
val	wl-tile-v1-13670	wl-pos-pos-es-pba-30964	pos-es-pba-30964	1	positive	val	ES	Os Castros	Foz	Nois (San Xiao)	generic_castro_hint		0.46666696	485	ok	
val	wl-tile-v1-13671	wl-pos-pos-es-pba-30965	pos-es-pba-30965	1	positive	val	ES	Os Castros	Foz	Santo Acisclo do Valadouro (Santo Acisclo)	generic_castro_hint		0.67412252	241	ok	
val	wl-tile-v1-13707	wl-pos-pos-es-pba-35863	pos-es-pba-35863	1	positive	val	ES	Os Castros	Outeiro de Rei	Santiago de Gaioso (Santiago)	generic_castro_hint		0.60120439	320	ok	
val	wl-tile-v1-13708	wl-pos-pos-es-pba-35864	pos-es-pba-35864	1	positive	val	ES	Os Castros	Outeiro de Rei	Guillar (San Martiño)	generic_castro_hint		0.82773970	134	ok	
val	wl-tile-v1-13763	wl-pos-pos-es-pba-50798	pos-es-pba-50798	1	positive	val	ES	Os Castros	Xinzo de Limia	Boado (San Pedro)	generic_castro_hint		0.40970807	583	ok	
val	wl-tile-v1-13805	wl-pos-pos-es-pba-63767	pos-es-pba-63767	1	positive	val	ES	Os Castros	Campo Lameiro	O Campo (San Miguel)	generic_castro_hint		0.65012483	266	ok	
val	wl-tile-v1-13672	wl-pos-pos-es-pba-30966	pos-es-pba-30966	1	positive	val	ES	Os Castros das Engrobias/Castros de Lelle	Foz	San Martiño de Mondoñedo (San Marti¤o)	generic_castro_hint		0.30856520	840	ok	
val	wl-tile-v1-13693	wl-pos-pos-es-pba-32093	pos-es-pba-32093	1	positive	val	ES	Os Castros de Quintán	Guitiriz	Roca (San Xiao)	generic_castro_hint		0.66293660	252	ok	
val	wl-tile-v1-13709	wl-pos-pos-es-pba-35865	pos-es-pba-35865	1	positive	val	ES	Os Castros de Vilanova	Outeiro de Rei	Vilela (Santiago)	generic_castro_hint		0.43828952	531	ok	
val	wl-tile-v1-13710	wl-pos-pos-es-pba-35866	pos-es-pba-35866	1	positive	val	ES	Os Castros/Tras Os Castros	Outeiro de Rei	Castelo de Rei (San Salvador)	generic_castro_hint		0.29772966	876	ok	
val	wl-tile-v1-13673	wl-pos-pos-es-pba-30967	pos-es-pba-30967	1	positive	val	ES	Os Castros/Veiga dos Castros	Foz	San Martiño de Mondoñedo (San Marti¤o)	valley_or_river_edge_hint		0.63726933	287	ok	
val	wl-tile-v1-13764	wl-pos-pos-es-pba-50829	pos-es-pba-50829	1	positive	val	ES	Outeiro dos Castros/Os Castros	Xinzo de Limia	Xinzo de Limia (Santa Mariña)	hilltop_hint		0.37652482	666	ok	
val	wl-tile-v1-13618	wl-pos-pos-es-pba-31156	pos-es-pba-31156	1	positive	val	ES	Pena do Castro	A Fonsagrada	San Martín de Suarna (San Martín)	hilltop_hint		0.89023138	87	ok	
val	wl-tile-v1-13620	wl-pos-pos-es-pba-31188	pos-es-pba-31188	1	positive	val	ES	Penas do Castro	A Fonsagrada	A Allonca (Santa María)	hilltop_hint		0.82714484	135	ok	
val	wl-tile-v1-13621	wl-pos-pos-es-pba-31189	pos-es-pba-31189	1	positive	val	ES	Pico do Castro/O Tesouro	A Fonsagrada	Piñeira (Santa María)	hilltop_hint		0.84715770	119	ok	
val	wl-tile-v1-13493	wl-pos-pos-es-pba-9469	pos-es-pba-9469	1	positive	val	ES	Pombal cadrado en Castro	Dodro	San Xoán de Laíño (San Xoán)	generic_castro_hint		0.32147001	799	ok	
val	wl-tile-v1-13553	wl-pos-pos-es-pba-24554	pos-es-pba-24554	1	positive	val	ES	Pombal no Castro	Touro	Prevediños (Santiago)	generic_castro_hint		0.20852133	1129	ok	
val	wl-tile-v1-13716	wl-pos-pos-es-pba-36958	pos-es-pba-36958	1	positive	val	ES	Pozo no Castro	Pastoriza	Crecente (O Salvador)	generic_castro_hint		0.40831217	589	ok	
val	wl-tile-v1-13622	wl-pos-pos-es-pba-28234	pos-es-pba-28234	1	positive	val	ES	Punta do Castro	Barreiros	San Pedro de Benquerencia (San Pedro)	coastal_promontory_hint		0.78960057	158	ok	
val	wl-tile-v1-13700	wl-pos-pos-es-pba-43237	pos-es-pba-43237	1	positive	val	ES	Punta do Castro	O Vicedo	O Vicedo (Santo Estevo)	coastal_promontory_hint		0.89306700	84	ok	
val	wl-tile-v1-13674	wl-pos-pos-es-pba-31001	pos-es-pba-31001	1	positive	val	ES	Punta dos Bois/Castro de Llas/Cu do Castro	Foz	Foz (Santiago)	coastal_promontory_hint		0.64729250	271	ok	
val	wl-tile-v1-13675	wl-pos-pos-es-pba-31002	pos-es-pba-31002	1	positive	val	ES	Punta dos Castros	Foz	Cangas (San Pedro)	coastal_promontory_hint		0.98529183	10	ok	
val	wl-tile-v1-13774	wl-pos-pos-es-pba-64259	pos-es-pba-64259	1	positive	val	ES	Roda do Outeiro/O Castro	A Estrada	San Tomé de Ancorados (San Tom‚)	hilltop_hint		0.78991806	157	ok	
val	wl-tile-v1-13775	wl-pos-pos-es-pba-64417	pos-es-pba-64417	1	positive	val	ES	Xacemento arqueolóxico da igrexa de San Miguel de Castro	A Estrada	San Miguel de Castro (San Miguel)	valley_or_river_edge_hint		0.73005989	199	ok	
val	wl-tile-v1-13580	wl-pos-pos-es-pba-26452	pos-es-pba-26452	1	positive	val	ES	Xacemento do Peto/Castro Pequeno	Vedra	Merín (San Cristovo)	generic_castro_hint		0.29947497	874	ok	
val	wl-tile-v1-13727	wl-pos-pos-es-pba-47185	pos-es-pba-47185	1	positive	val	ES	Xacemento romano do Castro	Castrelo do Val	Castrelo do Val (Santa María)	generic_castro_hint		0.19485620	1162	ok	
holdouts	wl-tile-v1-02661	wl-neg-neg-es-pba-24808	neg-es-pba-24808	0	hard_negative	test_trasancos	ES	Igrexa de San Martiño de Valdetires	Valdoviño	Meirás (San Vicente)		megalithic_mound	0.19584418	126	ok	
holdouts	wl-tile-v1-02650	wl-neg-neg-es-pba-20404	neg-es-pba-20404	0	hard_negative	test_trasancos	ES	Mámoa da Ermida	San Sadurniño	Igrexafeita (Santa María)		megalithic_mound	0.08419414	188	ok	
holdouts	wl-tile-v1-02651	wl-neg-neg-es-pba-20405	neg-es-pba-20405	0	hard_negative	test_trasancos	ES	Mámoa da Pena do Cabalo	San Sadurniño	Igrexafeita (Santa María)		megalithic_mound	0.20924130	119	ok	
holdouts	wl-tile-v1-02652	wl-neg-neg-es-pba-20406	neg-es-pba-20406	0	hard_negative	test_trasancos	ES	Mámoa de Bardaos	San Sadurniño	Bardaos (Santa María)		megalithic_mound	0.47516969	53	ok	
holdouts	wl-tile-v1-02599	wl-neg-neg-es-pba-9906	neg-es-pba-9906	0	hard_negative	test_trasancos	ES	Mámoa de Campaíñas 01/Mámoa de Chao de Castelo 01	Ferrol	Doniños (San Román)		megalithic_mound	0.18933922	129	ok	
holdouts	wl-tile-v1-02600	wl-neg-neg-es-pba-9907	neg-es-pba-9907	0	hard_negative	test_trasancos	ES	Mámoa de Campaíñas 02/Mámoa de Chao de Castelo 02	Ferrol	Doniños (San Román)		megalithic_mound	0.22425629	112	ok	
holdouts	wl-tile-v1-02601	wl-neg-neg-es-pba-9908	neg-es-pba-9908	0	hard_negative	test_trasancos	ES	Mámoa de Campaíñas 03	Ferrol	Doniños (San Román)		megalithic_mound	0.29275257	83	ok	
holdouts	wl-tile-v1-02602	wl-neg-neg-es-pba-9909	neg-es-pba-9909	0	hard_negative	test_trasancos	ES	Mámoa de Campaíñas 04	Ferrol	Doniños (San Román)		megalithic_mound	0.17465851	136	ok	
holdouts	wl-tile-v1-02603	wl-neg-neg-es-pba-9910	neg-es-pba-9910	0	hard_negative	test_trasancos	ES	Mámoa de Campaíñas 05	Ferrol	Doniños (San Román)		megalithic_mound	0.17092152	140	ok	
holdouts	wl-tile-v1-02604	wl-neg-neg-es-pba-9911	neg-es-pba-9911	0	hard_negative	test_trasancos	ES	Mámoa de Campaíñas 06	Ferrol	Doniños (San Román)		megalithic_mound	0.16332192	144	ok	
holdouts	wl-tile-v1-02605	wl-neg-neg-es-pba-9912	neg-es-pba-9912	0	hard_negative	test_trasancos	ES	Mámoa de Campaíñas 07	Ferrol	Doniños (San Román)		megalithic_mound	0.14620645	157	ok	
holdouts	wl-tile-v1-02606	wl-neg-neg-es-pba-9913	neg-es-pba-9913	0	hard_negative	test_trasancos	ES	Mámoa de Campaíñas 08	Ferrol	Doniños (San Román)		megalithic_mound	0.18936101	128	ok	
holdouts	wl-tile-v1-02607	wl-neg-neg-es-pba-9914	neg-es-pba-9914	0	hard_negative	test_trasancos	ES	Mámoa de Campaíñas 09	Ferrol	Doniños (San Román)		megalithic_mound	0.18302310	135	ok	
holdouts	wl-tile-v1-02608	wl-neg-neg-es-pba-9939	neg-es-pba-9939	0	hard_negative	test_trasancos	ES	Mámoa de Campaíñas 10	Ferrol	Doniños (San Román)		megalithic_mound	0.27859349	88	ok	
holdouts	wl-tile-v1-02609	wl-neg-neg-es-pba-9940	neg-es-pba-9940	0	hard_negative	test_trasancos	ES	Mámoa de Campaíñas 11	Ferrol	Doniños (San Román)		megalithic_mound	0.11736634	169	ok	
holdouts	wl-tile-v1-02610	wl-neg-neg-es-pba-9941	neg-es-pba-9941	0	hard_negative	test_trasancos	ES	Mámoa de Campaíñas 12	Ferrol	Doniños (San Román)		megalithic_mound	0.12686092	165	ok	
holdouts	wl-tile-v1-02611	wl-neg-neg-es-pba-9942	neg-es-pba-9942	0	hard_negative	test_trasancos	ES	Mámoa de Campaíñas 13	Ferrol	Doniños (San Román)		megalithic_mound	0.16300362	145	ok	
holdouts	wl-tile-v1-02653	wl-neg-neg-es-pba-20407	neg-es-pba-20407	0	hard_negative	test_trasancos	ES	Mámoa de Campo da Cruz 2	San Sadurniño	Igrexafeita (Santa María)		megalithic_mound	0.22514894	109	ok	
holdouts	wl-tile-v1-02612	wl-neg-neg-es-pba-9943	neg-es-pba-9943	0	hard_negative	test_trasancos	ES	Mámoa de Catabois	Ferrol	Serantes (San Salvador)		megalithic_mound	0.21321237	116	ok	
holdouts	wl-tile-v1-02662	wl-neg-neg-es-pba-24842	neg-es-pba-24842	0	hard_negative	test_trasancos	ES	Mámoa de Coto da Fraga 1	Valdoviño	Pantín (Santiago)		megalithic_mound	0.19268360	127	ok	
holdouts	wl-tile-v1-02663	wl-neg-neg-es-pba-24843	neg-es-pba-24843	0	hard_negative	test_trasancos	ES	Mámoa de Coto da Fraga 2	Valdoviño	Pantín (Santiago)		megalithic_mound	0.44129649	56	ok	
holdouts	wl-tile-v1-02613	wl-neg-neg-es-pba-9944	neg-es-pba-9944	0	hard_negative	test_trasancos	ES	Mámoa de Espadanido 1	Ferrol	Marmancón (San Pedro)		megalithic_mound	0.12302721	167	ok	
holdouts	wl-tile-v1-02614	wl-neg-neg-es-pba-9945	neg-es-pba-9945	0	hard_negative	test_trasancos	ES	Mámoa de Espadanido 2	Ferrol	Marmancón (San Pedro)		megalithic_mound	0.08804083	186	ok	
holdouts	wl-tile-v1-02615	wl-neg-neg-es-pba-9946	neg-es-pba-9946	0	hard_negative	test_trasancos	ES	Mámoa de Ferreiros	Ferrol	Brión (Santa María)		megalithic_mound	0.10411062	178	ok	
holdouts	wl-tile-v1-02616	wl-neg-neg-es-pba-9947	neg-es-pba-9947	0	hard_negative	test_trasancos	ES	Mámoa de Leixa 1	Ferrol	Leixa (San Pedro)		megalithic_mound	0.32482753	77	ok	
holdouts	wl-tile-v1-02617	wl-neg-neg-es-pba-9974	neg-es-pba-9974	0	hard_negative	test_trasancos	ES	Mámoa de Leixa 2	Ferrol	Leixa (San Pedro)		megalithic_mound	0.37433017	67	ok	
holdouts	wl-tile-v1-02627	wl-neg-neg-es-pba-14222	neg-es-pba-14222	0	hard_negative	test_trasancos	ES	Mámoa de Leixa 3/Mámoa de Trasancos	Narón	Trasancos (San Mateo)		megalithic_mound	0.37254851	68	ok	
holdouts	wl-tile-v1-02664	wl-neg-neg-es-pba-24844	neg-es-pba-24844	0	hard_negative	test_trasancos	ES	Mámoa de Liñeiro	Valdoviño	Vilarrube (San Martiño)		megalithic_mound	0.27462991	91	ok	
holdouts	wl-tile-v1-02665	wl-neg-neg-es-pba-24845	neg-es-pba-24845	0	hard_negative	test_trasancos	ES	Mámoa de Loira	Valdoviño	Loira (San Pedro)		megalithic_mound	0.35506574	74	ok	
holdouts	wl-tile-v1-02654	wl-neg-neg-es-pba-20408	neg-es-pba-20408	0	hard_negative	test_trasancos	ES	Mámoa de Moimentos 1	San Sadurniño	Santa Mariña do Monte (Santa Mariña)		megalithic_mound	0.19855168	125	ok	
holdouts	wl-tile-v1-02655	wl-neg-neg-es-pba-20409	neg-es-pba-20409	0	hard_negative	test_trasancos	ES	Mámoa de Moimentos 2	San Sadurniño	Santa Mariña do Monte (Santa Mariña)		megalithic_mound	0.25150041	98	ok	
holdouts	wl-tile-v1-02618	wl-neg-neg-es-pba-9975	neg-es-pba-9975	0	hard_negative	test_trasancos	ES	Mámoa de Monteventoso	Ferrol	Doniños (San Román)		megalithic_mound	0.09756881	181	ok	
holdouts	wl-tile-v1-02619	wl-neg-neg-es-pba-9976	neg-es-pba-9976	0	hard_negative	test_trasancos	ES	Mámoa de Mougá 1	Ferrol	Doniños (San Román)		megalithic_mound	0.17429346	137	ok	
holdouts	wl-tile-v1-02620	wl-neg-neg-es-pba-9977	neg-es-pba-9977	0	hard_negative	test_trasancos	ES	Mámoa de Mougá 2	Ferrol	Doniños (San Román)		megalithic_mound	0.25536399	97	ok	
holdouts	wl-tile-v1-02621	wl-neg-neg-es-pba-9978	neg-es-pba-9978	0	hard_negative	test_trasancos	ES	Mámoa de Mougá 3	Ferrol	Doniños (San Román)		megalithic_mound	0.07748949	193	ok	
holdouts	wl-tile-v1-02622	wl-neg-neg-es-pba-9979	neg-es-pba-9979	0	hard_negative	test_trasancos	ES	Mámoa de Mougá 4	Ferrol	Doniños (San Román)		megalithic_mound	0.06323920	198	ok	
holdouts	wl-tile-v1-02623	wl-neg-neg-es-pba-9980	neg-es-pba-9980	0	hard_negative	test_trasancos	ES	Mámoa de Mougá 5	Ferrol	Doniños (San Román)		megalithic_mound	0.28664222	87	ok	
holdouts	wl-tile-v1-02624	wl-neg-neg-es-pba-9981	neg-es-pba-9981	0	hard_negative	test_trasancos	ES	Mámoa de Mougá 6	Ferrol	Doniños (San Román)		megalithic_mound	0.38321919	64	ok	
holdouts	wl-tile-v1-02628	wl-neg-neg-es-pba-14223	neg-es-pba-14223	0	hard_negative	test_trasancos	ES	Mámoa de Muíño do Vento	Narón	Trasancos (San Mateo)		megalithic_mound	0.55826249	44	ok	
holdouts	wl-tile-v1-02656	wl-neg-neg-es-pba-20435	neg-es-pba-20435	0	hard_negative	test_trasancos	ES	Mámoa de Pena Escrita	San Sadurniño	Lamas (San Xiao)		megalithic_mound	0.36044579	69	ok	
holdouts	wl-tile-v1-02666	wl-neg-neg-es-pba-24846	neg-es-pba-24846	0	hard_negative	test_trasancos	ES	Mámoa de Pena Moura	Valdoviño	Vilarrube (San Martiño)		megalithic_mound	0.42819688	58	ok	
holdouts	wl-tile-v1-02667	wl-neg-neg-es-pba-24847	neg-es-pba-24847	0	hard_negative	test_trasancos	ES	Mámoa de Portonovo 1	Valdoviño	Valdoviño (Santaia)		megalithic_mound	0.13105061	163	ok	
holdouts	wl-tile-v1-02668	wl-neg-neg-es-pba-24848	neg-es-pba-24848	0	hard_negative	test_trasancos	ES	Mámoa de Portonovo 2	Valdoviño	Valdoviño (Santaia)		megalithic_mound	0.14866080	154	ok	
holdouts	wl-tile-v1-02669	wl-neg-neg-es-pba-24849	neg-es-pba-24849	0	hard_negative	test_trasancos	ES	Mámoa de Rioboo 1/Mámoa de Canteiros 1	Valdoviño	Meirás (San Vicente)		megalithic_mound	0.57929205	37	ok	
holdouts	wl-tile-v1-02670	wl-neg-neg-es-pba-24850	neg-es-pba-24850	0	hard_negative	test_trasancos	ES	Mámoa de Rioboo 2/Mámoa de Canteiros 2/M moas do Val	Valdoviño	Meirás (San Vicente)		megalithic_mound	0.32378712	78	ok	
holdouts	wl-tile-v1-02629	wl-neg-neg-es-pba-14224	neg-es-pba-14224	0	hard_negative	test_trasancos	ES	Mámoa de Sequeiro	Narón	San Xiao de Narón (San Xiao)		megalithic_mound	0.23661783	102	ok	
holdouts	wl-tile-v1-02630	wl-neg-neg-es-pba-14225	neg-es-pba-14225	0	hard_negative	test_trasancos	ES	Mámoa de Vespasante/Arca de Vespasante	Narón	Trasancos (San Mateo)		megalithic_mound	0.26515977	95	ok	
holdouts	wl-tile-v1-02631	wl-neg-neg-es-pba-14226	neg-es-pba-14226	0	hard_negative	test_trasancos	ES	Mámoa do Calvario	Narón	Trasancos (San Mateo)		megalithic_mound	0.28948585	86	ok	
holdouts	wl-tile-v1-02657	wl-neg-neg-es-pba-20436	neg-es-pba-20436	0	hard_negative	test_trasancos	ES	Mámoa do Campo da Cruz 1	San Sadurniño	Igrexafeita (Santa María)		megalithic_mound	0.21525890	115	ok	
holdouts	wl-tile-v1-02648	wl-neg-neg-es-pba-14636	neg-es-pba-14636	0	hard_negative	test_trasancos	ES	Mámoa do Inglés	Neda	Viladonelle (Santo André)		megalithic_mound	0.09021007	184	ok	
holdouts	wl-tile-v1-02649	wl-neg-neg-es-pba-14637	neg-es-pba-14637	0	hard_negative	test_trasancos	ES	Mámoa do Monte Marraxón	Neda	Santa María de Neda (Santa María)		megalithic_mound	0.26989204	92	ok	
holdouts	wl-tile-v1-02548	wl-neg-neg-es-pba-9173	neg-es-pba-9173	0	hard_negative	test_trasancos	ES	Mámoa do Monte Marraxón I-1	Fene	Sillobre (Santa Mariña)		megalithic_mound	0.04243938	204	ok	
holdouts	wl-tile-v1-02549	wl-neg-neg-es-pba-9201	neg-es-pba-9201	0	hard_negative	test_trasancos	ES	Mámoa do Monte Marraxón I-2	Fene	Sillobre (Santa Mariña)		megalithic_mound	0.22757028	107	ok	
holdouts	wl-tile-v1-02550	wl-neg-neg-es-pba-9202	neg-es-pba-9202	0	hard_negative	test_trasancos	ES	Mámoa do Monte Marraxón I-3	Fene	Sillobre (Santa Mariña)		megalithic_mound	0.23072579	105	ok	
holdouts	wl-tile-v1-02551	wl-neg-neg-es-pba-9203	neg-es-pba-9203	0	hard_negative	test_trasancos	ES	Mámoa do Monte Marraxón I-4	Fene	Sillobre (Santa Mariña)		megalithic_mound	0.08724331	187	ok	
holdouts	wl-tile-v1-02552	wl-neg-neg-es-pba-9204	neg-es-pba-9204	0	hard_negative	test_trasancos	ES	Mámoa do Monte Marraxón I-5	Fene	Sillobre (Santa Mariña)		megalithic_mound	0.07903398	191	ok	
holdouts	wl-tile-v1-02553	wl-neg-neg-es-pba-9205	neg-es-pba-9205	0	hard_negative	test_trasancos	ES	Mámoa do Monte Marraxón I-6	Fene	Sillobre (Santa Mariña)		megalithic_mound	0.11174126	173	ok	
holdouts	wl-tile-v1-02554	wl-neg-neg-es-pba-9206	neg-es-pba-9206	0	hard_negative	test_trasancos	ES	Mámoa do Monte Marraxón II-1	Fene	Sillobre (Santa Mariña)		megalithic_mound	0.09310245	182	ok	
holdouts	wl-tile-v1-02555	wl-neg-neg-es-pba-9207	neg-es-pba-9207	0	hard_negative	test_trasancos	ES	Mámoa do Monte Marraxón III-1	Fene	Sillobre (Santa Mariña)		megalithic_mound	0.21859341	113	ok	
holdouts	wl-tile-v1-02556	wl-neg-neg-es-pba-9208	neg-es-pba-9208	0	hard_negative	test_trasancos	ES	Mámoa do Monte Marraxón III-2	Fene	Sillobre (Santa Mariña)		megalithic_mound	0.15231517	151	ok	
holdouts	wl-tile-v1-02536	wl-neg-neg-es-pba-8678	neg-es-pba-8678	0	hard_negative	test_trasancos	ES	Mámoa do Monte Marraxón III-3	Fene	Sillobre (Santa Mariña)		megalithic_mound	0.11683967	170	ok	
holdouts	wl-tile-v1-02537	wl-neg-neg-es-pba-8679	neg-es-pba-8679	0	hard_negative	test_trasancos	ES	Mámoa do Monte Marraxón III-4	Fene	Sillobre (Santa Mariña)		megalithic_mound	0.14625448	156	ok	
holdouts	wl-tile-v1-02538	wl-neg-neg-es-pba-8680	neg-es-pba-8680	0	hard_negative	test_trasancos	ES	Mámoa do Monte Marraxón III-5	Fene	Sillobre (Santa Mariña)		megalithic_mound	0.27628941	89	ok	
holdouts	wl-tile-v1-02539	wl-neg-neg-es-pba-8681	neg-es-pba-8681	0	hard_negative	test_trasancos	ES	Mámoa do Monte Marraxón III-6	Fene	Sillobre (Santa Mariña)		megalithic_mound	0.29043520	85	ok	
holdouts	wl-tile-v1-02540	wl-neg-neg-es-pba-8682	neg-es-pba-8682	0	hard_negative	test_trasancos	ES	Mámoa do Monte Marraxón IV-1	Fene	Sillobre (Santa Mariña)		megalithic_mound	0.63027339	34	ok	
holdouts	wl-tile-v1-02541	wl-neg-neg-es-pba-8683	neg-es-pba-8683	0	hard_negative	test_trasancos	ES	Mámoa do Monte Marraxón IV-2	Fene	Sillobre (Santa Mariña)		megalithic_mound	0.24183828	99	ok	
holdouts	wl-tile-v1-02542	wl-neg-neg-es-pba-8684	neg-es-pba-8684	0	hard_negative	test_trasancos	ES	Mámoa do Monte Marraxón IV-3	Fene	Sillobre (Santa Mariña)		megalithic_mound	0.23539714	103	ok	
holdouts	wl-tile-v1-02543	wl-neg-neg-es-pba-8685	neg-es-pba-8685	0	hard_negative	test_trasancos	ES	Mámoa do Monte Marraxón IV-4	Fene	Sillobre (Santa Mariña)		megalithic_mound	0.12527799	166	ok	
holdouts	wl-tile-v1-02544	wl-neg-neg-es-pba-8713	neg-es-pba-8713	0	hard_negative	test_trasancos	ES	Mámoa do Monte Marraxón IV-5	Fene	Sillobre (Santa Mariña)		megalithic_mound	0.23824621	100	ok	
holdouts	wl-tile-v1-02545	wl-neg-neg-es-pba-8714	neg-es-pba-8714	0	hard_negative	test_trasancos	ES	Mámoa do Monte Marraxón IV-6	Fene	Sillobre (Santa Mariña)		megalithic_mound	0.08031460	190	ok	
holdouts	wl-tile-v1-02658	wl-neg-neg-es-pba-24330	neg-es-pba-24330	0	hard_negative	test_trasancos	ES	Mámoa do Monte de Pena Moura 1	Valdoviño	Valdoviño (Santaia)		megalithic_mound	0.04789756	203	ok	
holdouts	wl-tile-v1-02659	wl-neg-neg-es-pba-24331	neg-es-pba-24331	0	hard_negative	test_trasancos	ES	Mámoa do Monte de Pena Moura 2	Valdoviño	Valdoviño (Santaia)		megalithic_mound	0.29733955	82	ok	
holdouts	wl-tile-v1-02660	wl-neg-neg-es-pba-24332	neg-es-pba-24332	0	hard_negative	test_trasancos	ES	Mámoa do Monte de Pena Moura 3	Valdoviño	Valdoviño (Santaia)		megalithic_mound	0.45368295	55	ok	
holdouts	wl-tile-v1-02632	wl-neg-neg-es-pba-14255	neg-es-pba-14255	0	hard_negative	test_trasancos	ES	Mámoa do Monte dos Niños 01	Narón	Sedes (Santo Estevo)		megalithic_mound	0.22496837	110	ok	
holdouts	wl-tile-v1-02633	wl-neg-neg-es-pba-14256	neg-es-pba-14256	0	hard_negative	test_trasancos	ES	Mámoa do Monte dos Niños 02	Narón	Sedes (Santo Estevo)		megalithic_mound	0.18322418	134	ok	
holdouts	wl-tile-v1-02634	wl-neg-neg-es-pba-14257	neg-es-pba-14257	0	hard_negative	test_trasancos	ES	Mámoa do Monte dos Niños 03	Narón	Sedes (Santo Estevo)		megalithic_mound	0.15584656	150	ok	
holdouts	wl-tile-v1-02635	wl-neg-neg-es-pba-14258	neg-es-pba-14258	0	hard_negative	test_trasancos	ES	Mámoa do Monte dos Niños 04	Narón	Sedes (Santo Estevo)		megalithic_mound	0.07322388	196	ok	
holdouts	wl-tile-v1-02636	wl-neg-neg-es-pba-14259	neg-es-pba-14259	0	hard_negative	test_trasancos	ES	Mámoa do Monte dos Niños 05	Narón	Sedes (Santo Estevo)		megalithic_mound	0.57631836	38	ok	
holdouts	wl-tile-v1-02637	wl-neg-neg-es-pba-14260	neg-es-pba-14260	0	hard_negative	test_trasancos	ES	Mámoa do Monte dos Niños 06	Narón	Sedes (Santo Estevo)		megalithic_mound	0.15737274	148	ok	
holdouts	wl-tile-v1-02638	wl-neg-neg-es-pba-14261	neg-es-pba-14261	0	hard_negative	test_trasancos	ES	Mámoa do Monte dos Niños 07	Narón	Sedes (Santo Estevo)		megalithic_mound	0.17282728	139	ok	
holdouts	wl-tile-v1-02639	wl-neg-neg-es-pba-14262	neg-es-pba-14262	0	hard_negative	test_trasancos	ES	Mámoa do Monte dos Niños 08	Narón	Sedes (Santo Estevo)		megalithic_mound	0.20879902	121	ok	
holdouts	wl-tile-v1-02640	wl-neg-neg-es-pba-14291	neg-es-pba-14291	0	hard_negative	test_trasancos	ES	Mámoa do Monte dos Niños 09	Narón	Sedes (Santo Estevo)		megalithic_mound	0.15845571	146	ok	
holdouts	wl-tile-v1-02641	wl-neg-neg-es-pba-14292	neg-es-pba-14292	0	hard_negative	test_trasancos	ES	Mámoa do Monte dos Niños 10	Narón	Sedes (Santo Estevo)		megalithic_mound	0.18924427	130	ok	
holdouts	wl-tile-v1-02642	wl-neg-neg-es-pba-14293	neg-es-pba-14293	0	hard_negative	test_trasancos	ES	Mámoa do Monte dos Niños 11	Narón	Sedes (Santo Estevo)		megalithic_mound	0.15613268	149	ok	
holdouts	wl-tile-v1-02643	wl-neg-neg-es-pba-14294	neg-es-pba-14294	0	hard_negative	test_trasancos	ES	Mámoa do Monte dos Niños 12	Narón	Sedes (Santo Estevo)		megalithic_mound	0.22442308	111	ok	
holdouts	wl-tile-v1-02644	wl-neg-neg-es-pba-14295	neg-es-pba-14295	0	hard_negative	test_trasancos	ES	Mámoa do Monte dos Niños 13	Narón	Sedes (Santo Estevo)		megalithic_mound	0.20448959	122	ok	
holdouts	wl-tile-v1-02645	wl-neg-neg-es-pba-14296	neg-es-pba-14296	0	hard_negative	test_trasancos	ES	Mámoa do Monte dos Niños 14	Narón	Sedes (Santo Estevo)		megalithic_mound	0.07572481	195	ok	
holdouts	wl-tile-v1-02646	wl-neg-neg-es-pba-14297	neg-es-pba-14297	0	hard_negative	test_trasancos	ES	Mámoa do Monte dos Niños 15	Narón	Sedes (Santo Estevo)		megalithic_mound	0.11226827	171	ok	
holdouts	wl-tile-v1-02647	wl-neg-neg-es-pba-14298	neg-es-pba-14298	0	hard_negative	test_trasancos	ES	Mámoa do Monte dos Niños 16	Narón	Sedes (Santo Estevo)		megalithic_mound	0.27584657	90	ok	
holdouts	wl-tile-v1-02625	wl-neg-neg-es-pba-9982	neg-es-pba-9982	0	hard_negative	test_trasancos	ES	Mámoa do Pico de Ouro	Ferrol	Mandiá (Santa Uxía)		megalithic_mound	0.16482898	143	ok	
holdouts	wl-tile-v1-02546	wl-neg-neg-es-pba-8715	neg-es-pba-8715	0	hard_negative	test_trasancos	ES	Mámoa do Rego da Moa	Fene	Barallobre (Santiago)		megalithic_mound	0.61573051	35	ok	
holdouts	wl-tile-v1-02626	wl-neg-neg-es-pba-9983	neg-es-pba-9983	0	hard_negative	test_trasancos	ES	Mámoa dos Montes de Brión I-1	Ferrol	Doniños (San Román)		megalithic_mound	0.36018193	70	ok	
holdouts	wl-tile-v1-02557	wl-neg-neg-es-pba-10008	neg-es-pba-10008	0	hard_negative	test_trasancos	ES	Mámoa dos Montes de Brión I-10	Ferrol	Brión (Santa María)		megalithic_mound	0.32286611	79	ok	
holdouts	wl-tile-v1-02558	wl-neg-neg-es-pba-10009	neg-es-pba-10009	0	hard_negative	test_trasancos	ES	Mámoa dos Montes de Brión I-2	Ferrol	Brión (Santa María)		megalithic_mound	0.18693988	131	ok	
holdouts	wl-tile-v1-02559	wl-neg-neg-es-pba-10010	neg-es-pba-10010	0	hard_negative	test_trasancos	ES	Mámoa dos Montes de Brión I-3	Ferrol	Doniños (San Román)		megalithic_mound	0.10581019	177	ok	
holdouts	wl-tile-v1-02560	wl-neg-neg-es-pba-10011	neg-es-pba-10011	0	hard_negative	test_trasancos	ES	Mámoa dos Montes de Brión I-4	Ferrol	Doniños (San Román)		megalithic_mound	0.10782364	176	ok	
holdouts	wl-tile-v1-02561	wl-neg-neg-es-pba-10012	neg-es-pba-10012	0	hard_negative	test_trasancos	ES	Mámoa dos Montes de Brión I-5	Ferrol	Doniños (San Román)		megalithic_mound	0.18475245	133	ok	
holdouts	wl-tile-v1-02562	wl-neg-neg-es-pba-10013	neg-es-pba-10013	0	hard_negative	test_trasancos	ES	Mámoa dos Montes de Brión I-6	Ferrol	Brión (Santa María)		megalithic_mound	0.30532703	81	ok	
holdouts	wl-tile-v1-02563	wl-neg-neg-es-pba-10014	neg-es-pba-10014	0	hard_negative	test_trasancos	ES	Mámoa dos Montes de Brión I-7	Ferrol	Brión (Santa María)		megalithic_mound	0.37839992	66	ok	
holdouts	wl-tile-v1-02564	wl-neg-neg-es-pba-10015	neg-es-pba-10015	0	hard_negative	test_trasancos	ES	Mámoa dos Montes de Brión I-8	Ferrol	Brión (Santa María)		megalithic_mound	0.20908446	120	ok	
holdouts	wl-tile-v1-02565	wl-neg-neg-es-pba-10039	neg-es-pba-10039	0	hard_negative	test_trasancos	ES	Mámoa dos Montes de Brión I-9	Ferrol	Brión (Santa María)		megalithic_mound	0.22685864	108	ok	
holdouts	wl-tile-v1-02566	wl-neg-neg-es-pba-10040	neg-es-pba-10040	0	hard_negative	test_trasancos	ES	Mámoa dos Montes de Brión II-1	Ferrol	Brión (Santa María)		megalithic_mound	0.05581026	201	ok	
holdouts	wl-tile-v1-02567	wl-neg-neg-es-pba-10041	neg-es-pba-10041	0	hard_negative	test_trasancos	ES	Mámoa dos Montes de Brión II-2	Ferrol	Doniños (San Román)		megalithic_mound	0.09239417	183	ok	
holdouts	wl-tile-v1-02568	wl-neg-neg-es-pba-10042	neg-es-pba-10042	0	hard_negative	test_trasancos	ES	Mámoa dos Montes de Brión III-1	Ferrol	Doniños (San Román)		megalithic_mound	0.08894303	185	ok	
holdouts	wl-tile-v1-02569	wl-neg-neg-es-pba-10043	neg-es-pba-10043	0	hard_negative	test_trasancos	ES	Mámoa dos Montes de Brión III-2	Ferrol	Doniños (San Román)		megalithic_mound	0.11872325	168	ok	
holdouts	wl-tile-v1-02570	wl-neg-neg-es-pba-10044	neg-es-pba-10044	0	hard_negative	test_trasancos	ES	Mámoa dos Montes de Brión III-3	Ferrol	Doniños (San Román)		megalithic_mound	0.16701968	142	ok	
holdouts	wl-tile-v1-02571	wl-neg-neg-es-pba-10045	neg-es-pba-10045	0	hard_negative	test_trasancos	ES	Mámoa dos Montes de Brión III-4	Ferrol	Doniños (San Román)		megalithic_mound	0.06118531	200	ok	
holdouts	wl-tile-v1-02572	wl-neg-neg-es-pba-10046	neg-es-pba-10046	0	hard_negative	test_trasancos	ES	Mámoa dos Montes de Brión III-5	Ferrol	Doniños (San Román)		megalithic_mound	0.13350682	162	ok	
holdouts	wl-tile-v1-02573	wl-neg-neg-es-pba-10069	neg-es-pba-10069	0	hard_negative	test_trasancos	ES	Mámoa dos Montes de Brión III-6	Ferrol	Doniños (San Román)		megalithic_mound	0.11151465	174	ok	
holdouts	wl-tile-v1-02574	wl-neg-neg-es-pba-10070	neg-es-pba-10070	0	hard_negative	test_trasancos	ES	Mámoa dos Montes de Brión III-7	Ferrol	Doniños (San Román)		megalithic_mound	0.05487626	202	ok	
holdouts	wl-tile-v1-02575	wl-neg-neg-es-pba-10071	neg-es-pba-10071	0	hard_negative	test_trasancos	ES	Mámoa dos Montes de Brión III-8	Ferrol	Doniños (San Román)		megalithic_mound	0.40880619	60	ok	
holdouts	wl-tile-v1-02576	wl-neg-neg-es-pba-10072	neg-es-pba-10072	0	hard_negative	test_trasancos	ES	Mámoa dos Montes de Brión IV-1	Ferrol	Doniños (San Román)		megalithic_mound	0.21036991	117	ok	
holdouts	wl-tile-v1-02577	wl-neg-neg-es-pba-10073	neg-es-pba-10073	0	hard_negative	test_trasancos	ES	Mámoa dos Montes de Brión IV-10	Ferrol	Doniños (San Román)		megalithic_mound	0.10833317	175	ok	
holdouts	wl-tile-v1-02578	wl-neg-neg-es-pba-10074	neg-es-pba-10074	0	hard_negative	test_trasancos	ES	Mámoa dos Montes de Brión IV-11	Ferrol	Doniños (San Román)		megalithic_mound	0.14079211	158	ok	
holdouts	wl-tile-v1-02579	wl-neg-neg-es-pba-10075	neg-es-pba-10075	0	hard_negative	test_trasancos	ES	Mámoa dos Montes de Brión IV-12	Ferrol	Doniños (San Román)		megalithic_mound	0.15230664	152	ok	
holdouts	wl-tile-v1-02580	wl-neg-neg-es-pba-10076	neg-es-pba-10076	0	hard_negative	test_trasancos	ES	Mámoa dos Montes de Brión IV-2	Ferrol	Doniños (San Román)		megalithic_mound	0.20271778	123	ok	
holdouts	wl-tile-v1-02581	wl-neg-neg-es-pba-10098	neg-es-pba-10098	0	hard_negative	test_trasancos	ES	Mámoa dos Montes de Brión IV-3	Ferrol	Doniños (San Román)		megalithic_mound	0.13354013	161	ok	
holdouts	wl-tile-v1-02582	wl-neg-neg-es-pba-10099	neg-es-pba-10099	0	hard_negative	test_trasancos	ES	Mámoa dos Montes de Brión IV-4	Ferrol	Doniños (San Román)		megalithic_mound	0.09941087	180	ok	
holdouts	wl-tile-v1-02583	wl-neg-neg-es-pba-10100	neg-es-pba-10100	0	hard_negative	test_trasancos	ES	Mámoa dos Montes de Brión IV-5	Ferrol	Doniños (San Román)		megalithic_mound	0.23721480	101	ok	
holdouts	wl-tile-v1-02584	wl-neg-neg-es-pba-10101	neg-es-pba-10101	0	hard_negative	test_trasancos	ES	Mámoa dos Montes de Brión IV-6	Ferrol	Doniños (San Román)		megalithic_mound	0.21855450	114	ok	
holdouts	wl-tile-v1-02585	wl-neg-neg-es-pba-10102	neg-es-pba-10102	0	hard_negative	test_trasancos	ES	Mámoa dos Montes de Brión IV-7	Ferrol	Brión (Santa María)		megalithic_mound	0.35708707	71	ok	
holdouts	wl-tile-v1-02586	wl-neg-neg-es-pba-10103	neg-es-pba-10103	0	hard_negative	test_trasancos	ES	Mámoa dos Montes de Brión IV-8	Ferrol	Doniños (San Román)		megalithic_mound	0.13817030	159	ok	
holdouts	wl-tile-v1-02587	wl-neg-neg-es-pba-10104	neg-es-pba-10104	0	hard_negative	test_trasancos	ES	Mámoa dos Montes de Brión IV-9	Ferrol	Doniños (San Román)		megalithic_mound	0.18663485	132	ok	
holdouts	wl-tile-v1-02588	wl-neg-neg-es-pba-10105	neg-es-pba-10105	0	hard_negative	test_trasancos	ES	Mámoa dos Montes de Brión V-1	Ferrol	Brión (Santa María)		megalithic_mound	0.23257147	104	ok	
holdouts	wl-tile-v1-02589	wl-neg-neg-es-pba-10130	neg-es-pba-10130	0	hard_negative	test_trasancos	ES	Mámoa dos Montes de Brión V-2	Ferrol	Brión (Santa María)		megalithic_mound	0.15782082	147	ok	
holdouts	wl-tile-v1-02590	wl-neg-neg-es-pba-10131	neg-es-pba-10131	0	hard_negative	test_trasancos	ES	Mámoa dos Montes de Brión VI-1	Ferrol	Brión (Santa María)		megalithic_mound	0.38900115	63	ok	
holdouts	wl-tile-v1-02591	wl-neg-neg-es-pba-10132	neg-es-pba-10132	0	hard_negative	test_trasancos	ES	Mámoa dos Montes de Brión VI-2	Ferrol	Brión (Santa María)		megalithic_mound	0.10170131	179	ok	
holdouts	wl-tile-v1-02592	wl-neg-neg-es-pba-10133	neg-es-pba-10133	0	hard_negative	test_trasancos	ES	Mámoa dos Montes de Brión VI-3	Ferrol	Brión (Santa María)		megalithic_mound	0.07694791	194	ok	
holdouts	wl-tile-v1-02593	wl-neg-neg-es-pba-10134	neg-es-pba-10134	0	hard_negative	test_trasancos	ES	Mámoa dos Montes de Brión VI-4	Ferrol	Brión (Santa María)		megalithic_mound	0.15191905	153	ok	
holdouts	wl-tile-v1-02594	wl-neg-neg-es-pba-10135	neg-es-pba-10135	0	hard_negative	test_trasancos	ES	Mámoa dos Montes de Brión VI-5	Ferrol	Brión (Santa María)		megalithic_mound	0.20017412	124	ok	
holdouts	wl-tile-v1-02595	wl-neg-neg-es-pba-10136	neg-es-pba-10136	0	hard_negative	test_trasancos	ES	Mámoas de Brión	Ferrol	Brión (Santa María)		megalithic_mound	0.06729896	197	ok	
holdouts	wl-tile-v1-02596	wl-neg-neg-es-pba-10137	neg-es-pba-10137	0	hard_negative	test_trasancos	ES	Mámoas do Monte Ventoso	Ferrol	Doniños (San Román)		megalithic_mound	0.07865321	192	ok	
holdouts	wl-tile-v1-02597	wl-neg-neg-es-pba-9852	neg-es-pba-9852	0	hard_negative	test_trasancos	ES	Petróglifo de Chamorro	Ferrol	Serantes (San Salvador)		rock_art_surface	0.21001169	118	ok	
holdouts	wl-tile-v1-02547	wl-neg-neg-es-pba-8755	neg-es-pba-8755	0	hard_negative	test_trasancos	ES	Petróglifo do Monte Marraxón	Fene	Sillobre (Santa Mariña)		rock_art_surface	0.08088539	189	ok	
holdouts	wl-tile-v1-02598	wl-neg-neg-es-pba-9853	neg-es-pba-9853	0	hard_negative	test_trasancos	ES	Petróglifo do coto de San Xurxo	Ferrol	San Xurxo da Mariña (San Xurxo)		rock_art_surface	0.35525190	73	ok	
holdouts	wl-tile-v1-02709	wl-pos-pos-es-pba-20704	pos-es-pba-20704	1	positive	test_trasancos	ES	A Croa	San Sadurniño	Naraío (Santa María)	croa_top_ring_hint		0.14655968	155	ok	
holdouts	wl-tile-v1-02710	wl-pos-pos-es-pba-20705	pos-es-pba-20705	1	positive	test_trasancos	ES	A Croa do Castro	San Sadurniño	Santa Mariña do Monte (Santa Mariña)	croa_top_ring_hint		0.88221228	12	ok	
holdouts	wl-tile-v1-02711	wl-pos-pos-es-pba-20706	pos-es-pba-20706	1	positive	test_trasancos	ES	A Croa do Redo	San Sadurniño	Lamas (San Xiao)	croa_top_ring_hint		0.93335102	8	ok	
holdouts	wl-tile-v1-02680	wl-pos-pos-es-pba-9072	pos-es-pba-9072	1	positive	test_trasancos	ES	A Croa/Castro da Croa de Fontá	Ferrol	Doniños (San Román)	croa_top_ring_hint		0.60680195	36	ok	
holdouts	wl-tile-v1-02691	wl-pos-pos-es-pba-14210	pos-es-pba-14210	1	positive	test_trasancos	ES	As Croas	Narón	Trasancos (San Mateo)	croa_top_ring_hint		0.53571110	48	ok	
holdouts	wl-tile-v1-02719	wl-pos-pos-es-pba-24673	pos-es-pba-24673	1	positive	test_trasancos	ES	Castro	Valdoviño	Vilarrube (San Martiño)	generic_castro_hint		0.89405217	11	ok	
holdouts	wl-tile-v1-02712	wl-pos-pos-es-pba-20782	pos-es-pba-20782	1	positive	test_trasancos	ES	Castro Das Croas	San Sadurniño	San Sadurniño (Santa María)	croa_top_ring_hint		0.79456520	19	ok	
holdouts	wl-tile-v1-02693	wl-pos-pos-es-pba-14552	pos-es-pba-14552	1	positive	test_trasancos	ES	Castro da Ermida	Narón	Pedroso (San Salvador)	generic_castro_hint		0.70194814	27	ok	
holdouts	wl-tile-v1-02694	wl-pos-pos-es-pba-14554	pos-es-pba-14554	1	positive	test_trasancos	ES	Castro da Pereiruga	Narón	Pedroso (San Salvador)	generic_castro_hint		0.82467238	16	ok	
holdouts	wl-tile-v1-02720	wl-pos-pos-es-pba-24674	pos-es-pba-24674	1	positive	test_trasancos	ES	Castro da Punta do Vico	Valdoviño	Valdoviño (Santaia)	coastal_promontory_hint		0.26762530	93	ok	
holdouts	wl-tile-v1-02695	wl-pos-pos-es-pba-14555	pos-es-pba-14555	1	positive	test_trasancos	ES	Castro da Revolta	Narón	Sedes (Santo Estevo)	generic_castro_hint		0.93632906	6	ok	
holdouts	wl-tile-v1-02671	wl-pos-pos-es-pba-8704	pos-es-pba-8704	1	positive	test_trasancos	ES	Castro das Pías/Castro de Cardoeiro	Fene	Perlío (Santo Estevo)	generic_castro_hint		0.93746364	5	ok	
holdouts	wl-tile-v1-02703	wl-pos-pos-es-pba-14488	pos-es-pba-14488	1	positive	test_trasancos	ES	Castro de Ancos	Neda	Santa María de Neda (Santa María)	generic_castro_hint		0.26730012	94	ok	
holdouts	wl-tile-v1-02721	wl-pos-pos-es-pba-24675	pos-es-pba-24675	1	positive	test_trasancos	ES	Castro de Aviño	Valdoviño	Valdoviño (Santaia)	generic_castro_hint		0.73926649	23	ok	
holdouts	wl-tile-v1-02672	wl-pos-pos-es-pba-8705	pos-es-pba-8705	1	positive	test_trasancos	ES	Castro de Barallobre	Fene	Barallobre (Santiago)	generic_castro_hint		0.25615015	96	ok	
holdouts	wl-tile-v1-02681	wl-pos-pos-es-pba-9152	pos-es-pba-9152	1	positive	test_trasancos	ES	Castro de Canido	Ferrol	Ferrol	generic_castro_hint		0.29191905	84	ok	
holdouts	wl-tile-v1-02722	wl-pos-pos-es-pba-24676	pos-es-pba-24676	1	positive	test_trasancos	ES	Castro de Carreira de Abaixo	Valdoviño	O Sequeiro (Santa María)	generic_castro_hint		0.67376283	30	ok	
holdouts	wl-tile-v1-02723	wl-pos-pos-es-pba-24677	pos-es-pba-24677	1	positive	test_trasancos	ES	Castro de Casianes	Valdoviño	Pantín (Santiago)	generic_castro_hint		0.17325151	138	ok	
holdouts	wl-tile-v1-02713	wl-pos-pos-es-pba-20783	pos-es-pba-20783	1	positive	test_trasancos	ES	Castro de Castrelo	San Sadurniño	Santa Mariña do Monte (Santa Mariña)	castrel_toponym_hint		0.57497994	39	ok	
holdouts	wl-tile-v1-02724	wl-pos-pos-es-pba-24678	pos-es-pba-24678	1	positive	test_trasancos	ES	Castro de Coto Redondo	Valdoviño	Pantín (Santiago)	hilltop_hint		0.47510947	54	ok	
holdouts	wl-tile-v1-02725	wl-pos-pos-es-pba-24679	pos-es-pba-24679	1	positive	test_trasancos	ES	Castro de Crecente	Valdoviño	Loira (San Pedro)	generic_castro_hint		0.73310110	25	ok	
holdouts	wl-tile-v1-02696	wl-pos-pos-es-pba-14556	pos-es-pba-14556	1	positive	test_trasancos	ES	Castro de Eiravedra	Narón	Sedes (Santo Estevo)	generic_castro_hint		0.55823971	45	ok	
holdouts	wl-tile-v1-02682	wl-pos-pos-es-pba-9153	pos-es-pba-9153	1	positive	test_trasancos	ES	Castro de Ferrol Vello	Ferrol	Ferrol	generic_castro_hint		0.52383388	49	ok	
holdouts	wl-tile-v1-02726	wl-pos-pos-es-pba-24705	pos-es-pba-24705	1	positive	test_trasancos	ES	Castro de Lagoa	Valdoviño	Pantín (Santiago)	generic_castro_hint		0.40149863	61	ok	
holdouts	wl-tile-v1-02683	wl-pos-pos-es-pba-9154	pos-es-pba-9154	1	positive	test_trasancos	ES	Castro de Leixa/A Croa de Leixa	Ferrol	Leixa (San Pedro)	croa_top_ring_hint		0.48876775	51	ok	
holdouts	wl-tile-v1-02684	wl-pos-pos-es-pba-9155	pos-es-pba-9155	1	positive	test_trasancos	ES	Castro de Lobariz	Ferrol	San Xurxo da Mariña (San Xurxo)	generic_castro_hint		0.99791519	1	ok	
holdouts	wl-tile-v1-02727	wl-pos-pos-es-pba-24706	pos-es-pba-24706	1	positive	test_trasancos	ES	Castro de Lodeiro	Valdoviño	O Sequeiro (Santa María)	generic_castro_hint		0.64126899	33	ok	
holdouts	wl-tile-v1-02728	wl-pos-pos-es-pba-24707	pos-es-pba-24707	1	positive	test_trasancos	ES	Castro de Lousada	Valdoviño	Loira (San Pedro)	generic_castro_hint		0.77614246	21	ok	
holdouts	wl-tile-v1-02673	wl-pos-pos-es-pba-8706	pos-es-pba-8706	1	positive	test_trasancos	ES	Castro de Magalofes	Fene	Magalofes (San Xurxo)	generic_castro_hint		0.56190066	42	ok	
holdouts	wl-tile-v1-02685	wl-pos-pos-es-pba-9183	pos-es-pba-9183	1	positive	test_trasancos	ES	Castro de Marmancón/Castro de Papoi	Ferrol	Marmancón (San Pedro)	coastal_promontory_hint		0.37927244	65	ok	
holdouts	wl-tile-v1-02674	wl-pos-pos-es-pba-8707	pos-es-pba-8707	1	positive	test_trasancos	ES	Castro de Orra	Fene	Sillobre (Santa Mariña)	generic_castro_hint		0.82087252	17	ok	
holdouts	wl-tile-v1-02697	wl-pos-pos-es-pba-14589	pos-es-pba-14589	1	positive	test_trasancos	ES	Castro de Petouzal/Castro da Croa	Narón	Narón	croa_top_ring_hint		0.34422154	75	ok	
holdouts	wl-tile-v1-02729	wl-pos-pos-es-pba-24708	pos-es-pba-24708	1	positive	test_trasancos	ES	Castro de Poulo	Valdoviño	Valdoviño (Santaia)	generic_castro_hint		0.56245529	41	ok	
holdouts	wl-tile-v1-02675	wl-pos-pos-es-pba-8708	pos-es-pba-8708	1	positive	test_trasancos	ES	Castro de Prismos	Fene	Maniños (San Salvador)	generic_castro_hint		0.67674326	29	ok	
holdouts	wl-tile-v1-02730	wl-pos-pos-es-pba-24709	pos-es-pba-24709	1	positive	test_trasancos	ES	Castro de Punta Frouxeira	Valdoviño	Valdoviño (Santaia)	coastal_promontory_hint		0.93602800	7	ok	
holdouts	wl-tile-v1-02731	wl-pos-pos-es-pba-24710	pos-es-pba-24710	1	positive	test_trasancos	ES	Castro de Punta Taraza	Valdoviño	Meirás (San Vicente)	coastal_promontory_hint		0.96686012	4	ok	
holdouts	wl-tile-v1-02706	wl-pos-pos-es-pba-20260	pos-es-pba-20260	1	positive	test_trasancos	ES	Castro de Riboira	San Sadurniño	Lamas (San Xiao)	generic_castro_hint		0.78186981	20	ok	
holdouts	wl-tile-v1-02707	wl-pos-pos-es-pba-20261	pos-es-pba-20261	1	positive	test_trasancos	ES	Castro de Rupiallo	San Sadurniño	San Sadurniño (Santa María)	generic_castro_hint		0.74641926	22	ok	
holdouts	wl-tile-v1-02686	wl-pos-pos-es-pba-9184	pos-es-pba-9184	1	positive	test_trasancos	ES	Castro de Santa Cecilia	Ferrol	Santa Cecilia de Trasancos (Santa Cecilia)	generic_castro_hint		0.51840315	50	ok	
holdouts	wl-tile-v1-02687	wl-pos-pos-es-pba-9185	pos-es-pba-9185	1	positive	test_trasancos	ES	Castro de Santa Mariña/Os Castros Altos	Ferrol	Ferrol	coastal_promontory_hint		0.55836392	43	ok	
holdouts	wl-tile-v1-02698	wl-pos-pos-es-pba-14590	pos-es-pba-14590	1	positive	test_trasancos	ES	Castro de Santo Estevo	Narón	Sedes (Santo Estevo)	generic_castro_hint		0.13038397	164	ok	
holdouts	wl-tile-v1-02699	wl-pos-pos-es-pba-14591	pos-es-pba-14591	1	positive	test_trasancos	ES	Castro de Sedes/Castro de Eiravedra	Narón	Sedes (Santo Estevo)	generic_castro_hint		0.57306042	40	ok	
holdouts	wl-tile-v1-02700	wl-pos-pos-es-pba-14592	pos-es-pba-14592	1	positive	test_trasancos	ES	Castro de Sequeiro/Castro de Narón	Narón	San Xiao de Narón (San Xiao)	generic_castro_hint		0.47687365	52	ok	
holdouts	wl-tile-v1-02688	wl-pos-pos-es-pba-9186	pos-es-pba-9186	1	positive	test_trasancos	ES	Castro de Tralocastro	Ferrol	Esmelle (San Xoán)	generic_castro_hint		0.92144921	9	ok	
holdouts	wl-tile-v1-02701	wl-pos-pos-es-pba-14593	pos-es-pba-14593	1	positive	test_trasancos	ES	Castro de Trasancos	Narón	Trasancos (San Mateo)	generic_castro_hint		0.33627011	76	ok	
holdouts	wl-tile-v1-02702	wl-pos-pos-es-pba-14594	pos-es-pba-14594	1	positive	test_trasancos	ES	Castro de Vicás	Narón	San Xiao de Narón (San Xiao)	generic_castro_hint		0.55228234	46	ok	
holdouts	wl-tile-v1-02732	wl-pos-pos-es-pba-24711	pos-es-pba-24711	1	positive	test_trasancos	ES	Castro de Vidueiros	Valdoviño	Vilaboa (San Vicente)	generic_castro_hint		0.79599717	18	ok	
holdouts	wl-tile-v1-02704	wl-pos-pos-es-pba-14518	pos-es-pba-14518	1	positive	test_trasancos	ES	Castro de Viladonelle	Neda	Viladonelle (Santo André)	generic_castro_hint		0.89929620	10	ok	
holdouts	wl-tile-v1-02733	wl-pos-pos-es-pba-24712	pos-es-pba-24712	1	positive	test_trasancos	ES	Castro de Vilarrube/Os Castros de Ferreirías	Valdoviño	Pantín (Santiago)	generic_castro_hint		0.67035158	31	ok	
holdouts	wl-tile-v1-02689	wl-pos-pos-es-pba-9187	pos-es-pba-9187	1	positive	test_trasancos	ES	Castro de Vilasanche	Ferrol	Doniños (San Román)	generic_castro_hint		0.97400317	2	ok	
holdouts	wl-tile-v1-02714	wl-pos-pos-es-pba-20784	pos-es-pba-20784	1	positive	test_trasancos	ES	Castro de croas de Ramil	San Sadurniño	Lamas (San Xiao)	croa_top_ring_hint		0.39220577	62	ok	
holdouts	wl-tile-v1-02676	wl-pos-pos-es-pba-8709	pos-es-pba-8709	1	positive	test_trasancos	ES	Castro do Río Castro	Fene	Limodre (Santa Baia)	valley_or_river_edge_hint		0.16775494	141	ok	
holdouts	wl-tile-v1-02734	wl-pos-pos-es-pba-24738	pos-es-pba-24738	1	positive	test_trasancos	ES	Castro e Mina do Pereiro	Valdoviño	Valdoviño (Santaia)	generic_castro_hint		0.23039334	106	ok	
holdouts	wl-tile-v1-02705	wl-pos-pos-es-pba-14519	pos-es-pba-14519	1	positive	test_trasancos	ES	Castros	Neda	Santa María de Neda (Santa María)	generic_castro_hint		0.85008031	15	ok	
holdouts	wl-tile-v1-02708	wl-pos-pos-es-pba-20265	pos-es-pba-20265	1	positive	test_trasancos	ES	Coto da Croa	San Sadurniño	Bardaos (Santa María)	croa_top_ring_hint		0.87987833	13	ok	
holdouts	wl-tile-v1-02677	wl-pos-pos-es-pba-10165	pos-es-pba-10165	1	positive	test_trasancos	ES	Monte do Castro/Castro de Vilela	Ferrol	Mandiá (Santa Uxía)	hilltop_hint		0.11178112	172	ok	
holdouts	wl-tile-v1-02678	wl-pos-pos-es-pba-10262	pos-es-pba-10262	1	positive	test_trasancos	ES	Necrópole de Santa Comba/Castro de Santa Comba	Ferrol	Covas (San Martiño)	generic_castro_hint		0.97212417	3	ok	
holdouts	wl-tile-v1-02715	wl-pos-pos-es-pba-24334	pos-es-pba-24334	1	positive	test_trasancos	ES	O Castrillón	Valdoviño	Meirás (San Vicente)	castrel_toponym_hint		0.67862786	28	ok	
holdouts	wl-tile-v1-02692	wl-pos-pos-es-pba-14336	pos-es-pba-14336	1	positive	test_trasancos	ES	O Castro	Narón	Castro (Santa María)	generic_castro_hint		0.43335312	57	ok	
holdouts	wl-tile-v1-02716	wl-pos-pos-es-pba-24335	pos-es-pba-24335	1	positive	test_trasancos	ES	O Castro	Valdoviño	Lago (Santiago)	generic_castro_hint		0.35609470	72	ok	
holdouts	wl-tile-v1-02717	wl-pos-pos-es-pba-24337	pos-es-pba-24337	1	positive	test_trasancos	ES	Os Castros	Valdoviño	Pantín (Santiago)	generic_castro_hint		0.13453320	160	ok	
holdouts	wl-tile-v1-02679	wl-pos-pos-es-pba-10266	pos-es-pba-10266	1	positive	test_trasancos	ES	Os Castros de Mandiá	Ferrol	Serantes (San Salvador)	generic_castro_hint		0.73319465	24	ok	
holdouts	wl-tile-v1-02690	wl-pos-pos-es-pba-9886	pos-es-pba-9886	1	positive	test_trasancos	ES	Porta do Castro/Arco do Cristo	Ferrol	Ferrol	generic_castro_hint		0.40925940	59	ok	
holdouts	wl-tile-v1-02718	wl-pos-pos-es-pba-24370	pos-es-pba-24370	1	positive	test_trasancos	ES	Zona arqueolóxica da Igrexa e Castro de Santo Tomás de Taraza	Valdoviño	Meirás (San Vicente)	generic_castro_hint		0.54495885	47	ok	
holdouts	wl-tile-v1-02531	wl-neg-neg-es-pba-14299	neg-es-pba-14299	0	hard_negative	test_o_val	ES	Mámoa do Val/Mámoa de Santa Margarida	Narón	O Val (Santa María A Maior)		megalithic_mound	0.32277415	80	ok	
holdouts	wl-tile-v1-02534	wl-pos-pos-es-pba-14553	pos-es-pba-14553	1	positive	test_o_val	ES	Castro da Pedreira	Narón	O Val (Santa María A Maior)	generic_castro_hint		0.73214328	26	ok	
holdouts	wl-tile-v1-02535	wl-pos-pos-es-pba-14588	pos-es-pba-14588	1	positive	test_o_val	ES	Castro de Pena Lopesa	Narón	O Val (Santa María A Maior)	hilltop_hint		0.06230073	199	ok	
holdouts	wl-tile-v1-02532	wl-pos-pos-es-pba-14328	pos-es-pba-14328	1	positive	test_o_val	ES	Monte do Castro (Castro de Vilasuso)	Narón	O Val (Santa María A Maior)	hilltop_hint		0.64752202	32	ok	
holdouts	wl-tile-v1-02533	wl-pos-pos-es-pba-14367	pos-es-pba-14367	1	positive	test_o_val	ES	O Castro (Castro de Quintá)	Narón	O Val (Santa María A Maior)	generic_castro_hint		0.87463272	14	ok	
