{
  "type": "FeatureCollection",
  "features": [
    {
      "type": "Feature",
      "geometry": {
        "type": "Point",
        "coordinates": [
          -8.175129668390355,
          43.450897497780126
        ]
      },
      "properties": {
        "queue": "holdout_top_false_positives",
        "priority_order": "1",
        "dataset": "holdouts",
        "final_split": "test_trasancos",
        "sample_id": "wl-neg-neg-es-pba-8715",
        "bank_id": "neg-es-pba-8715",
        "label_class": "0",
        "label_role": "hard_negative",
        "name": "Mámoa do Rego da Moa",
        "municipality": "Fene",
        "parish": "Barallobre (Santiago)",
        "country": "ES",
        "fusion_probability": "0.90003359",
        "fusion_rank": "21",
        "max_safety_rank": "24",
        "archetype_only_rank": "21",
        "specialist_probability": "0.92221855",
        "specialist_rank": "28",
        "specialist_mean_rank": "25",
        "rank_delta_fusion_to_max": "-3",
        "negative_type": "megalithic_mound",
        "morphology_proxy": "",
        "review_lane": "mamoa_false_positive_review",
        "review_reason": "Known hard negative ranked high by the main fusion model; inspect as false-positive pattern."
      }
    },
    {
      "type": "Feature",
      "geometry": {
        "type": "Point",
        "coordinates": [
          -8.050266230012467,
          43.6232429879672
        ]
      },
      "properties": {
        "queue": "holdout_top_false_positives",
        "priority_order": "2",
        "dataset": "holdouts",
        "final_split": "test_trasancos",
        "sample_id": "wl-neg-neg-es-pba-24846",
        "bank_id": "neg-es-pba-24846",
        "label_class": "0",
        "label_role": "hard_negative",
        "name": "Mámoa de Pena Moura",
        "municipality": "Valdoviño",
        "parish": "Vilarrube (San Martiño)",
        "country": "ES",
        "fusion_probability": "0.82388962",
        "fusion_rank": "30",
        "max_safety_rank": "28",
        "archetype_only_rank": "26",
        "specialist_probability": "0.94737242",
        "specialist_rank": "22",
        "specialist_mean_rank": "29",
        "rank_delta_fusion_to_max": "2",
        "negative_type": "megalithic_mound",
        "morphology_proxy": "",
        "review_lane": "mamoa_false_positive_review",
        "review_reason": "Known hard negative ranked high by the main fusion model; inspect as false-positive pattern."
      }
    },
    {
      "type": "Feature",
      "geometry": {
        "type": "Point",
        "coordinates": [
          -8.2207321781512,
          43.5237064246763
        ]
      },
      "properties": {
        "queue": "holdout_top_false_positives",
        "priority_order": "3",
        "dataset": "holdouts",
        "final_split": "test_trasancos",
        "sample_id": "wl-neg-neg-es-pba-14223",
        "bank_id": "neg-es-pba-14223",
        "label_class": "0",
        "label_role": "hard_negative",
        "name": "Mámoa de Muíño do Vento",
        "municipality": "Narón",
        "parish": "Trasancos (San Mateo)",
        "country": "ES",
        "fusion_probability": "0.64233097",
        "fusion_rank": "42",
        "max_safety_rank": "66",
        "archetype_only_rank": "102",
        "specialist_probability": "0.65392542",
        "specialist_rank": "57",
        "specialist_mean_rank": "49",
        "rank_delta_fusion_to_max": "-24",
        "negative_type": "megalithic_mound",
        "morphology_proxy": "",
        "review_lane": "mamoa_false_positive_review",
        "review_reason": "Known hard negative ranked high by the main fusion model; inspect as false-positive pattern."
      }
    },
    {
      "type": "Feature",
      "geometry": {
        "type": "Point",
        "coordinates": [
          -8.20129105753339,
          43.572014263769375
        ]
      },
      "properties": {
        "queue": "holdout_top_false_positives",
        "priority_order": "4",
        "dataset": "holdouts",
        "final_split": "test_trasancos",
        "sample_id": "wl-neg-neg-es-pba-24849",
        "bank_id": "neg-es-pba-24849",
        "label_class": "0",
        "label_role": "hard_negative",
        "name": "Mámoa de Rioboo 1/Mámoa de Canteiros 1",
        "municipality": "Valdoviño",
        "parish": "Meirás (San Vicente)",
        "country": "ES",
        "fusion_probability": "0.64023426",
        "fusion_rank": "43",
        "max_safety_rank": "67",
        "archetype_only_rank": "123",
        "specialist_probability": "0.63210315",
        "specialist_rank": "58",
        "specialist_mean_rank": "51",
        "rank_delta_fusion_to_max": "-24",
        "negative_type": "megalithic_mound",
        "morphology_proxy": "",
        "review_lane": "mamoa_false_positive_review",
        "review_reason": "Known hard negative ranked high by the main fusion model; inspect as false-positive pattern."
      }
    },
    {
      "type": "Feature",
      "geometry": {
        "type": "Point",
        "coordinates": [
          -8.128966079674703,
          43.47352701685848
        ]
      },
      "properties": {
        "queue": "holdout_top_false_positives",
        "priority_order": "5",
        "dataset": "holdouts",
        "final_split": "test_trasancos",
        "sample_id": "wl-neg-neg-es-pba-9202",
        "bank_id": "neg-es-pba-9202",
        "label_class": "0",
        "label_role": "hard_negative",
        "name": "Mámoa do Monte Marraxón I-3",
        "municipality": "Fene",
        "parish": "Sillobre (Santa Mariña)",
        "country": "ES",
        "fusion_probability": "0.63973671",
        "fusion_rank": "44",
        "max_safety_rank": "31",
        "archetype_only_rank": "29",
        "specialist_probability": "0.80379827",
        "specialist_rank": "38",
        "specialist_mean_rank": "40",
        "rank_delta_fusion_to_max": "13",
        "negative_type": "megalithic_mound",
        "morphology_proxy": "",
        "review_lane": "mamoa_false_positive_review",
        "review_reason": "Known hard negative ranked high by the main fusion model; inspect as false-positive pattern."
      }
    },
    {
      "type": "Feature",
      "geometry": {
        "type": "Point",
        "coordinates": [
          -8.126671560495467,
          43.47049961431615
        ]
      },
      "properties": {
        "queue": "holdout_top_false_positives",
        "priority_order": "6",
        "dataset": "holdouts",
        "final_split": "test_trasancos",
        "sample_id": "wl-neg-neg-es-pba-8681",
        "bank_id": "neg-es-pba-8681",
        "label_class": "0",
        "label_role": "hard_negative",
        "name": "Mámoa do Monte Marraxón III-6",
        "municipality": "Fene",
        "parish": "Sillobre (Santa Mariña)",
        "country": "ES",
        "fusion_probability": "0.62007699",
        "fusion_rank": "45",
        "max_safety_rank": "68",
        "archetype_only_rank": "81",
        "specialist_probability": "0.71283333",
        "specialist_rank": "50",
        "specialist_mean_rank": "48",
        "rank_delta_fusion_to_max": "-23",
        "negative_type": "megalithic_mound",
        "morphology_proxy": "",
        "review_lane": "mamoa_false_positive_review",
        "review_reason": "Known hard negative ranked high by the main fusion model; inspect as false-positive pattern."
      }
    },
    {
      "type": "Feature",
      "geometry": {
        "type": "Point",
        "coordinates": [
          -8.127852254162555,
          43.47115125074126
        ]
      },
      "properties": {
        "queue": "holdout_top_false_positives",
        "priority_order": "7",
        "dataset": "holdouts",
        "final_split": "test_trasancos",
        "sample_id": "wl-neg-neg-es-pba-9207",
        "bank_id": "neg-es-pba-9207",
        "label_class": "0",
        "label_role": "hard_negative",
        "name": "Mámoa do Monte Marraxón III-1",
        "municipality": "Fene",
        "parish": "Sillobre (Santa Mariña)",
        "country": "ES",
        "fusion_probability": "0.58442690",
        "fusion_rank": "51",
        "max_safety_rank": "36",
        "archetype_only_rank": "34",
        "specialist_probability": "0.76791052",
        "specialist_rank": "44",
        "specialist_mean_rank": "47",
        "rank_delta_fusion_to_max": "15",
        "negative_type": "megalithic_mound",
        "morphology_proxy": "",
        "review_lane": "mamoa_false_positive_review",
        "review_reason": "Known hard negative ranked high by the main fusion model; inspect as false-positive pattern."
      }
    },
    {
      "type": "Feature",
      "geometry": {
        "type": "Point",
        "coordinates": [
          -8.12669761732147,
          43.47070311758196
        ]
      },
      "properties": {
        "queue": "holdout_top_false_positives",
        "priority_order": "8",
        "dataset": "holdouts",
        "final_split": "test_trasancos",
        "sample_id": "wl-neg-neg-es-pba-8680",
        "bank_id": "neg-es-pba-8680",
        "label_class": "0",
        "label_role": "hard_negative",
        "name": "Mámoa do Monte Marraxón III-5",
        "municipality": "Fene",
        "parish": "Sillobre (Santa Mariña)",
        "country": "ES",
        "fusion_probability": "0.57411987",
        "fusion_rank": "53",
        "max_safety_rank": "74",
        "archetype_only_rank": "83",
        "specialist_probability": "0.67621131",
        "specialist_rank": "52",
        "specialist_mean_rank": "54",
        "rank_delta_fusion_to_max": "-21",
        "negative_type": "megalithic_mound",
        "morphology_proxy": "",
        "review_lane": "mamoa_false_positive_review",
        "review_reason": "Known hard negative ranked high by the main fusion model; inspect as false-positive pattern."
      }
    },
    {
      "type": "Feature",
      "geometry": {
        "type": "Point",
        "coordinates": [
          -8.250116109294842,
          43.51197345075792
        ]
      },
      "properties": {
        "queue": "holdout_top_false_positives",
        "priority_order": "9",
        "dataset": "holdouts",
        "final_split": "test_trasancos",
        "sample_id": "wl-neg-neg-es-pba-9982",
        "bank_id": "neg-es-pba-9982",
        "label_class": "0",
        "label_role": "hard_negative",
        "name": "Mámoa do Pico de Ouro",
        "municipality": "Ferrol",
        "parish": "Mandiá (Santa Uxía)",
        "country": "ES",
        "fusion_probability": "0.53808712",
        "fusion_rank": "55",
        "max_safety_rank": "44",
        "archetype_only_rank": "38",
        "specialist_probability": "0.82822698",
        "specialist_rank": "35",
        "specialist_mean_rank": "45",
        "rank_delta_fusion_to_max": "11",
        "negative_type": "megalithic_mound",
        "morphology_proxy": "",
        "review_lane": "mamoa_false_positive_review",
        "review_reason": "Known hard negative ranked high by the main fusion model; inspect as false-positive pattern."
      }
    },
    {
      "type": "Feature",
      "geometry": {
        "type": "Point",
        "coordinates": [
          -8.127513934804407,
          43.4710800875912
        ]
      },
      "properties": {
        "queue": "holdout_top_false_positives",
        "priority_order": "10",
        "dataset": "holdouts",
        "final_split": "test_trasancos",
        "sample_id": "wl-neg-neg-es-pba-9208",
        "bank_id": "neg-es-pba-9208",
        "label_class": "0",
        "label_role": "hard_negative",
        "name": "Mámoa do Monte Marraxón III-2",
        "municipality": "Fene",
        "parish": "Sillobre (Santa Mariña)",
        "country": "ES",
        "fusion_probability": "0.48466124",
        "fusion_rank": "59",
        "max_safety_rank": "64",
        "archetype_only_rank": "53",
        "specialist_probability": "0.62492831",
        "specialist_rank": "59",
        "specialist_mean_rank": "59",
        "rank_delta_fusion_to_max": "-5",
        "negative_type": "megalithic_mound",
        "morphology_proxy": "",
        "review_lane": "mamoa_false_positive_review",
        "review_reason": "Known hard negative ranked high by the main fusion model; inspect as false-positive pattern."
      }
    },
    {
      "type": "Feature",
      "geometry": {
        "type": "Point",
        "coordinates": [
          -8.271862778359397,
          43.47905394680505
        ]
      },
      "properties": {
        "queue": "holdout_top_false_positives",
        "priority_order": "11",
        "dataset": "holdouts",
        "final_split": "test_trasancos",
        "sample_id": "wl-neg-neg-es-pba-10131",
        "bank_id": "neg-es-pba-10131",
        "label_class": "0",
        "label_role": "hard_negative",
        "name": "Mámoa dos Montes de Brión VI-1",
        "municipality": "Ferrol",
        "parish": "Brión (Santa María)",
        "country": "ES",
        "fusion_probability": "0.47996000",
        "fusion_rank": "60",
        "max_safety_rank": "57",
        "archetype_only_rank": "48",
        "specialist_probability": "0.59201347",
        "specialist_rank": "63",
        "specialist_mean_rank": "62",
        "rank_delta_fusion_to_max": "3",
        "negative_type": "megalithic_mound",
        "morphology_proxy": "",
        "review_lane": "mamoa_false_positive_review",
        "review_reason": "Known hard negative ranked high by the main fusion model; inspect as false-positive pattern."
      }
    },
    {
      "type": "Feature",
      "geometry": {
        "type": "Point",
        "coordinates": [
          -8.277452964183873,
          43.497885728556625
        ]
      },
      "properties": {
        "queue": "holdout_top_false_positives",
        "priority_order": "12",
        "dataset": "holdouts",
        "final_split": "test_trasancos",
        "sample_id": "wl-neg-neg-es-pba-9977",
        "bank_id": "neg-es-pba-9977",
        "label_class": "0",
        "label_role": "hard_negative",
        "name": "Mámoa de Mougá 2",
        "municipality": "Ferrol",
        "parish": "Doniños (San Román)",
        "country": "ES",
        "fusion_probability": "0.47867828",
        "fusion_rank": "61",
        "max_safety_rank": "80",
        "archetype_only_rank": "93",
        "specialist_probability": "0.68139740",
        "specialist_rank": "51",
        "specialist_mean_rank": "58",
        "rank_delta_fusion_to_max": "-19",
        "negative_type": "megalithic_mound",
        "morphology_proxy": "",
        "review_lane": "mamoa_false_positive_review",
        "review_reason": "Known hard negative ranked high by the main fusion model; inspect as false-positive pattern."
      }
    },
    {
      "type": "Feature",
      "geometry": {
        "type": "Point",
        "coordinates": [
          -8.132051265443264,
          43.4784901008791
        ]
      },
      "properties": {
        "queue": "holdout_top_false_positives",
        "priority_order": "13",
        "dataset": "holdouts",
        "final_split": "test_trasancos",
        "sample_id": "wl-neg-neg-es-pba-8682",
        "bank_id": "neg-es-pba-8682",
        "label_class": "0",
        "label_role": "hard_negative",
        "name": "Mámoa do Monte Marraxón IV-1",
        "municipality": "Fene",
        "parish": "Sillobre (Santa Mariña)",
        "country": "ES",
        "fusion_probability": "0.45819259",
        "fusion_rank": "63",
        "max_safety_rank": "30",
        "archetype_only_rank": "28",
        "specialist_probability": "0.49668358",
        "specialist_rank": "67",
        "specialist_mean_rank": "66",
        "rank_delta_fusion_to_max": "33",
        "negative_type": "megalithic_mound",
        "morphology_proxy": "",
        "review_lane": "mamoa_false_positive_review",
        "review_reason": "Known hard negative ranked high by the main fusion model; inspect as false-positive pattern."
      }
    },
    {
      "type": "Feature",
      "geometry": {
        "type": "Point",
        "coordinates": [
          -8.245373920147154,
          43.50760263509735
        ]
      },
      "properties": {
        "queue": "holdout_top_false_positives",
        "priority_order": "14",
        "dataset": "holdouts",
        "final_split": "test_trasancos",
        "sample_id": "wl-neg-neg-es-pba-9852",
        "bank_id": "neg-es-pba-9852",
        "label_class": "0",
        "label_role": "hard_negative",
        "name": "Petróglifo de Chamorro",
        "municipality": "Ferrol",
        "parish": "Serantes (San Salvador)",
        "country": "ES",
        "fusion_probability": "0.44274330",
        "fusion_rank": "65",
        "max_safety_rank": "61",
        "archetype_only_rank": "51",
        "specialist_probability": "0.74253723",
        "specialist_rank": "48",
        "specialist_mean_rank": "57",
        "rank_delta_fusion_to_max": "4",
        "negative_type": "rock_art_surface",
        "morphology_proxy": "",
        "review_lane": "weak_negative_review",
        "review_reason": "Known hard negative ranked high by the main fusion model; inspect as false-positive pattern."
      }
    },
    {
      "type": "Feature",
      "geometry": {
        "type": "Point",
        "coordinates": [
          -8.270074776662353,
          43.50536423132985
        ]
      },
      "properties": {
        "queue": "holdout_top_false_positives",
        "priority_order": "15",
        "dataset": "holdouts",
        "final_split": "test_trasancos",
        "sample_id": "wl-neg-neg-es-pba-9981",
        "bank_id": "neg-es-pba-9981",
        "label_class": "0",
        "label_role": "hard_negative",
        "name": "Mámoa de Mougá 6",
        "municipality": "Ferrol",
        "parish": "Doniños (San Román)",
        "country": "ES",
        "fusion_probability": "0.42735168",
        "fusion_rank": "68",
        "max_safety_rank": "34",
        "archetype_only_rank": "32",
        "specialist_probability": "0.49677853",
        "specialist_rank": "66",
        "specialist_mean_rank": "67",
        "rank_delta_fusion_to_max": "34",
        "negative_type": "megalithic_mound",
        "morphology_proxy": "",
        "review_lane": "mamoa_false_positive_review",
        "review_reason": "Known hard negative ranked high by the main fusion model; inspect as false-positive pattern."
      }
    },
    {
      "type": "Feature",
      "geometry": {
        "type": "Point",
        "coordinates": [
          -8.127868081506296,
          43.47140653859354
        ]
      },
      "properties": {
        "queue": "holdout_top_false_positives",
        "priority_order": "16",
        "dataset": "holdouts",
        "final_split": "test_trasancos",
        "sample_id": "wl-neg-neg-es-pba-8679",
        "bank_id": "neg-es-pba-8679",
        "label_class": "0",
        "label_role": "hard_negative",
        "name": "Mámoa do Monte Marraxón III-4",
        "municipality": "Fene",
        "parish": "Sillobre (Santa Mariña)",
        "country": "ES",
        "fusion_probability": "0.42476464",
        "fusion_rank": "69",
        "max_safety_rank": "43",
        "archetype_only_rank": "37",
        "specialist_probability": "0.60745789",
        "specialist_rank": "62",
        "specialist_mean_rank": "63",
        "rank_delta_fusion_to_max": "26",
        "negative_type": "megalithic_mound",
        "morphology_proxy": "",
        "review_lane": "mamoa_false_positive_review",
        "review_reason": "Known hard negative ranked high by the main fusion model; inspect as false-positive pattern."
      }
    },
    {
      "type": "Feature",
      "geometry": {
        "type": "Point",
        "coordinates": [
          -8.096261067263583,
          43.625262213712574
        ]
      },
      "properties": {
        "queue": "holdout_top_false_positives",
        "priority_order": "17",
        "dataset": "holdouts",
        "final_split": "test_trasancos",
        "sample_id": "wl-neg-neg-es-pba-24843",
        "bank_id": "neg-es-pba-24843",
        "label_class": "0",
        "label_role": "hard_negative",
        "name": "Mámoa de Coto da Fraga 2",
        "municipality": "Valdoviño",
        "parish": "Pantín (Santiago)",
        "country": "ES",
        "fusion_probability": "0.42403535",
        "fusion_rank": "70",
        "max_safety_rank": "49",
        "archetype_only_rank": "42",
        "specialist_probability": "0.57077016",
        "specialist_rank": "64",
        "specialist_mean_rank": "65",
        "rank_delta_fusion_to_max": "21",
        "negative_type": "megalithic_mound",
        "morphology_proxy": "",
        "review_lane": "mamoa_false_positive_review",
        "review_reason": "Known hard negative ranked high by the main fusion model; inspect as false-positive pattern."
      }
    },
    {
      "type": "Feature",
      "geometry": {
        "type": "Point",
        "coordinates": [
          -8.127409775048788,
          43.471412463118476
        ]
      },
      "properties": {
        "queue": "holdout_top_false_positives",
        "priority_order": "18",
        "dataset": "holdouts",
        "final_split": "test_trasancos",
        "sample_id": "wl-neg-neg-es-pba-8678",
        "bank_id": "neg-es-pba-8678",
        "label_class": "0",
        "label_role": "hard_negative",
        "name": "Mámoa do Monte Marraxón III-3",
        "municipality": "Fene",
        "parish": "Sillobre (Santa Mariña)",
        "country": "ES",
        "fusion_probability": "0.36159120",
        "fusion_rank": "74",
        "max_safety_rank": "76",
        "archetype_only_rank": "57",
        "specialist_probability": "0.45232945",
        "specialist_rank": "70",
        "specialist_mean_rank": "72",
        "rank_delta_fusion_to_max": "-2",
        "negative_type": "megalithic_mound",
        "morphology_proxy": "",
        "review_lane": "mamoa_false_positive_review",
        "review_reason": "Known hard negative ranked high by the main fusion model; inspect as false-positive pattern."
      }
    },
    {
      "type": "Feature",
      "geometry": {
        "type": "Point",
        "coordinates": [
          -8.129390539583051,
          43.473496113438
        ]
      },
      "properties": {
        "queue": "holdout_top_false_positives",
        "priority_order": "19",
        "dataset": "holdouts",
        "final_split": "test_trasancos",
        "sample_id": "wl-neg-neg-es-pba-8714",
        "bank_id": "neg-es-pba-8714",
        "label_class": "0",
        "label_role": "hard_negative",
        "name": "Mámoa do Monte Marraxón IV-6",
        "municipality": "Fene",
        "parish": "Sillobre (Santa Mariña)",
        "country": "ES",
        "fusion_probability": "0.31338339",
        "fusion_rank": "78",
        "max_safety_rank": "79",
        "archetype_only_rank": "58",
        "specialist_probability": "0.47127983",
        "specialist_rank": "69",
        "specialist_mean_rank": "74",
        "rank_delta_fusion_to_max": "-1",
        "negative_type": "megalithic_mound",
        "morphology_proxy": "",
        "review_lane": "mamoa_false_positive_review",
        "review_reason": "Known hard negative ranked high by the main fusion model; inspect as false-positive pattern."
      }
    },
    {
      "type": "Feature",
      "geometry": {
        "type": "Point",
        "coordinates": [
          -8.277101614563852,
          43.49808824486723
        ]
      },
      "properties": {
        "queue": "holdout_top_false_positives",
        "priority_order": "20",
        "dataset": "holdouts",
        "final_split": "test_trasancos",
        "sample_id": "wl-neg-neg-es-pba-9976",
        "bank_id": "neg-es-pba-9976",
        "label_class": "0",
        "label_role": "hard_negative",
        "name": "Mámoa de Mougá 1",
        "municipality": "Ferrol",
        "parish": "Doniños (San Román)",
        "country": "ES",
        "fusion_probability": "0.30060691",
        "fusion_rank": "79",
        "max_safety_rank": "104",
        "archetype_only_rank": "129",
        "specialist_probability": "0.49213136",
        "specialist_rank": "68",
        "specialist_mean_rank": "73",
        "rank_delta_fusion_to_max": "-25",
        "negative_type": "megalithic_mound",
        "morphology_proxy": "",
        "review_lane": "mamoa_false_positive_review",
        "review_reason": "Known hard negative ranked high by the main fusion model; inspect as false-positive pattern."
      }
    },
    {
      "type": "Feature",
      "geometry": {
        "type": "Point",
        "coordinates": [
          -8.000903530397089,
          43.49619374229235
        ]
      },
      "properties": {
        "queue": "holdout_top_false_positives",
        "priority_order": "21",
        "dataset": "holdouts",
        "final_split": "test_trasancos",
        "sample_id": "wl-neg-neg-es-pba-20405",
        "bank_id": "neg-es-pba-20405",
        "label_class": "0",
        "label_role": "hard_negative",
        "name": "Mámoa da Pena do Cabalo",
        "municipality": "San Sadurniño",
        "parish": "Igrexafeita (Santa María)",
        "country": "ES",
        "fusion_probability": "0.29927041",
        "fusion_rank": "80",
        "max_safety_rank": "105",
        "archetype_only_rank": "108",
        "specialist_probability": "0.39373098",
        "specialist_rank": "78",
        "specialist_mean_rank": "78",
        "rank_delta_fusion_to_max": "-25",
        "negative_type": "megalithic_mound",
        "morphology_proxy": "",
        "review_lane": "mamoa_false_positive_review",
        "review_reason": "Known hard negative ranked high by the main fusion model; inspect as false-positive pattern."
      }
    },
    {
      "type": "Feature",
      "geometry": {
        "type": "Point",
        "coordinates": [
          -8.270409463814001,
          43.505325632254284
        ]
      },
      "properties": {
        "queue": "holdout_top_false_positives",
        "priority_order": "22",
        "dataset": "holdouts",
        "final_split": "test_trasancos",
        "sample_id": "wl-neg-neg-es-pba-9980",
        "bank_id": "neg-es-pba-9980",
        "label_class": "0",
        "label_role": "hard_negative",
        "name": "Mámoa de Mougá 5",
        "municipality": "Ferrol",
        "parish": "Doniños (San Román)",
        "country": "ES",
        "fusion_probability": "0.28365703",
        "fusion_rank": "81",
        "max_safety_rank": "45",
        "archetype_only_rank": "40",
        "specialist_probability": "0.32533576",
        "specialist_rank": "86",
        "specialist_mean_rank": "84",
        "rank_delta_fusion_to_max": "36",
        "negative_type": "megalithic_mound",
        "morphology_proxy": "",
        "review_lane": "mamoa_false_positive_review",
        "review_reason": "Known hard negative ranked high by the main fusion model; inspect as false-positive pattern."
      }
    },
    {
      "type": "Feature",
      "geometry": {
        "type": "Point",
        "coordinates": [
          -8.296676405945123,
          43.484912722428156
        ]
      },
      "properties": {
        "queue": "holdout_top_false_positives",
        "priority_order": "23",
        "dataset": "holdouts",
        "final_split": "test_trasancos",
        "sample_id": "wl-neg-neg-es-pba-10071",
        "bank_id": "neg-es-pba-10071",
        "label_class": "0",
        "label_role": "hard_negative",
        "name": "Mámoa dos Montes de Brión III-8",
        "municipality": "Ferrol",
        "parish": "Doniños (San Román)",
        "country": "ES",
        "fusion_probability": "0.27381335",
        "fusion_rank": "82",
        "max_safety_rank": "41",
        "archetype_only_rank": "35",
        "specialist_probability": "0.33705723",
        "specialist_rank": "82",
        "specialist_mean_rank": "82",
        "rank_delta_fusion_to_max": "41",
        "negative_type": "megalithic_mound",
        "morphology_proxy": "",
        "review_lane": "mamoa_false_positive_review",
        "review_reason": "Known hard negative ranked high by the main fusion model; inspect as false-positive pattern."
      }
    },
    {
      "type": "Feature",
      "geometry": {
        "type": "Point",
        "coordinates": [
          -8.288881663066935,
          43.51388427158965
        ]
      },
      "properties": {
        "queue": "holdout_top_false_positives",
        "priority_order": "24",
        "dataset": "holdouts",
        "final_split": "test_trasancos",
        "sample_id": "wl-neg-neg-es-pba-9853",
        "bank_id": "neg-es-pba-9853",
        "label_class": "0",
        "label_role": "hard_negative",
        "name": "Petróglifo do coto de San Xurxo",
        "municipality": "Ferrol",
        "parish": "San Xurxo da Mariña (San Xurxo)",
        "country": "ES",
        "fusion_probability": "0.27136475",
        "fusion_rank": "83",
        "max_safety_rank": "98",
        "archetype_only_rank": "77",
        "specialist_probability": "0.29394122",
        "specialist_rank": "94",
        "specialist_mean_rank": "90",
        "rank_delta_fusion_to_max": "-15",
        "negative_type": "rock_art_surface",
        "morphology_proxy": "",
        "review_lane": "weak_negative_review",
        "review_reason": "Known hard negative ranked high by the main fusion model; inspect as false-positive pattern."
      }
    },
    {
      "type": "Feature",
      "geometry": {
        "type": "Point",
        "coordinates": [
          -8.123356750541028,
          43.56133110666142
        ]
      },
      "properties": {
        "queue": "holdout_top_false_positives",
        "priority_order": "25",
        "dataset": "holdouts",
        "final_split": "test_trasancos",
        "sample_id": "wl-neg-neg-es-pba-14259",
        "bank_id": "neg-es-pba-14259",
        "label_class": "0",
        "label_role": "hard_negative",
        "name": "Mámoa do Monte dos Niños 05",
        "municipality": "Narón",
        "parish": "Sedes (Santo Estevo)",
        "country": "ES",
        "fusion_probability": "0.26942426",
        "fusion_rank": "84",
        "max_safety_rank": "96",
        "archetype_only_rank": "75",
        "specialist_probability": "0.24682969",
        "specialist_rank": "98",
        "specialist_mean_rank": "96",
        "rank_delta_fusion_to_max": "-12",
        "negative_type": "megalithic_mound",
        "morphology_proxy": "",
        "review_lane": "mamoa_false_positive_review",
        "review_reason": "Known hard negative ranked high by the main fusion model; inspect as false-positive pattern."
      }
    },
    {
      "type": "Feature",
      "geometry": {
        "type": "Point",
        "coordinates": [
          -8.22594601477777,
          43.57701844556937
        ]
      },
      "properties": {
        "queue": "holdout_low_rank_positives",
        "priority_order": "1",
        "dataset": "holdouts",
        "final_split": "test_o_val",
        "sample_id": "wl-pos-pos-es-pba-14588",
        "bank_id": "pos-es-pba-14588",
        "label_class": "1",
        "label_role": "positive",
        "name": "Castro de Pena Lopesa",
        "municipality": "Narón",
        "parish": "O Val (Santa María A Maior)",
        "country": "ES",
        "fusion_probability": "0.01961880",
        "fusion_rank": "201",
        "max_safety_rank": "55",
        "archetype_only_rank": "46",
        "specialist_probability": "0.06225647",
        "specialist_rank": "156",
        "specialist_mean_rank": "176",
        "rank_delta_fusion_to_max": "146",
        "negative_type": "",
        "morphology_proxy": "hilltop_hint",
        "review_lane": "morphology_rescue_review",
        "review_reason": "Known positive ranked low by the main fusion model; inspect as false-negative morphology."
      }
    },
    {
      "type": "Feature",
      "geometry": {
        "type": "Point",
        "coordinates": [
          -8.20836441392536,
          43.522706975089974
        ]
      },
      "properties": {
        "queue": "holdout_low_rank_positives",
        "priority_order": "2",
        "dataset": "holdouts",
        "final_split": "test_trasancos",
        "sample_id": "wl-pos-pos-es-pba-9154",
        "bank_id": "pos-es-pba-9154",
        "label_class": "1",
        "label_role": "positive",
        "name": "Castro de Leixa/A Croa de Leixa",
        "municipality": "Ferrol",
        "parish": "Leixa (San Pedro)",
        "country": "ES",
        "fusion_probability": "0.10703517",
        "fusion_rank": "132",
        "max_safety_rank": "145",
        "archetype_only_rank": "120",
        "specialist_probability": "0.10642979",
        "specialist_rank": "136",
        "specialist_mean_rank": "133",
        "rank_delta_fusion_to_max": "-13",
        "negative_type": "",
        "morphology_proxy": "croa_top_ring_hint",
        "review_lane": "low_positive_review",
        "review_reason": "Known positive ranked low by the main fusion model; inspect as false-negative morphology."
      }
    },
    {
      "type": "Feature",
      "geometry": {
        "type": "Point",
        "coordinates": [
          -8.220621570398505,
          43.54366705275839
        ]
      },
      "properties": {
        "queue": "holdout_low_rank_positives",
        "priority_order": "3",
        "dataset": "holdouts",
        "final_split": "test_trasancos",
        "sample_id": "wl-pos-pos-es-pba-14593",
        "bank_id": "pos-es-pba-14593",
        "label_class": "1",
        "label_role": "positive",
        "name": "Castro de Trasancos",
        "municipality": "Narón",
        "parish": "Trasancos (San Mateo)",
        "country": "ES",
        "fusion_probability": "0.16432834",
        "fusion_rank": "110",
        "max_safety_rank": "86",
        "archetype_only_rank": "66",
        "specialist_probability": "0.18853937",
        "specialist_rank": "109",
        "specialist_mean_rank": "108",
        "rank_delta_fusion_to_max": "24",
        "negative_type": "",
        "morphology_proxy": "generic_castro_hint",
        "review_lane": "morphology_rescue_review",
        "review_reason": "Known positive ranked low by the main fusion model; inspect as false-negative morphology."
      }
    },
    {
      "type": "Feature",
      "geometry": {
        "type": "Point",
        "coordinates": [
          -8.093620081527554,
          43.639579102678184
        ]
      },
      "properties": {
        "queue": "holdout_low_rank_positives",
        "priority_order": "4",
        "dataset": "holdouts",
        "final_split": "test_trasancos",
        "sample_id": "wl-pos-pos-es-pba-24337",
        "bank_id": "pos-es-pba-24337",
        "label_class": "1",
        "label_role": "positive",
        "name": "Os Castros",
        "municipality": "Valdoviño",
        "parish": "Pantín (Santiago)",
        "country": "ES",
        "fusion_probability": "0.17824633",
        "fusion_rank": "106",
        "max_safety_rank": "102",
        "archetype_only_rank": "82",
        "specialist_probability": "0.26421213",
        "specialist_rank": "97",
        "specialist_mean_rank": "102",
        "rank_delta_fusion_to_max": "4",
        "negative_type": "",
        "morphology_proxy": "generic_castro_hint",
        "review_lane": "morphology_rescue_review",
        "review_reason": "Known positive ranked low by the main fusion model; inspect as false-negative morphology."
      }
    },
    {
      "type": "Feature",
      "geometry": {
        "type": "Point",
        "coordinates": [
          -8.136844261989637,
          43.55153816561511
        ]
      },
      "properties": {
        "queue": "holdout_low_rank_positives",
        "priority_order": "5",
        "dataset": "holdouts",
        "final_split": "test_trasancos",
        "sample_id": "wl-pos-pos-es-pba-14590",
        "bank_id": "pos-es-pba-14590",
        "label_class": "1",
        "label_role": "positive",
        "name": "Castro de Santo Estevo",
        "municipality": "Narón",
        "parish": "Sedes (Santo Estevo)",
        "country": "ES",
        "fusion_probability": "0.21368139",
        "fusion_rank": "99",
        "max_safety_rank": "121",
        "archetype_only_rank": "151",
        "specialist_probability": "0.32911777",
        "specialist_rank": "84",
        "specialist_mean_rank": "92",
        "rank_delta_fusion_to_max": "-22",
        "negative_type": "",
        "morphology_proxy": "generic_castro_hint",
        "review_lane": "low_positive_review",
        "review_reason": "Known positive ranked low by the main fusion model; inspect as false-negative morphology."
      }
    },
    {
      "type": "Feature",
      "geometry": {
        "type": "Point",
        "coordinates": [
          -8.17116511354815,
          43.59217497513028
        ]
      },
      "properties": {
        "queue": "holdout_low_rank_positives",
        "priority_order": "6",
        "dataset": "holdouts",
        "final_split": "test_trasancos",
        "sample_id": "wl-pos-pos-es-pba-24335",
        "bank_id": "pos-es-pba-24335",
        "label_class": "1",
        "label_role": "positive",
        "name": "O Castro",
        "municipality": "Valdoviño",
        "parish": "Lago (Santiago)",
        "country": "ES",
        "fusion_probability": "0.24462983",
        "fusion_rank": "94",
        "max_safety_rank": "114",
        "archetype_only_rank": "132",
        "specialist_probability": "0.19898974",
        "specialist_rank": "106",
        "specialist_mean_rank": "101",
        "rank_delta_fusion_to_max": "-20",
        "negative_type": "",
        "morphology_proxy": "generic_castro_hint",
        "review_lane": "low_positive_review",
        "review_reason": "Known positive ranked low by the main fusion model; inspect as false-negative morphology."
      }
    },
    {
      "type": "Feature",
      "geometry": {
        "type": "Point",
        "coordinates": [
          -8.186321260418124,
          43.42396916091138
        ]
      },
      "properties": {
        "queue": "holdout_low_rank_positives",
        "priority_order": "7",
        "dataset": "holdouts",
        "final_split": "test_trasancos",
        "sample_id": "wl-pos-pos-es-pba-8709",
        "bank_id": "pos-es-pba-8709",
        "label_class": "1",
        "label_role": "positive",
        "name": "Castro do Río Castro",
        "municipality": "Fene",
        "parish": "Limodre (Santa Baia)",
        "country": "ES",
        "fusion_probability": "0.25585124",
        "fusion_rank": "91",
        "max_safety_rank": "88",
        "archetype_only_rank": "69",
        "specialist_probability": "0.31911095",
        "specialist_rank": "88",
        "specialist_mean_rank": "88",
        "rank_delta_fusion_to_max": "3",
        "negative_type": "",
        "morphology_proxy": "valley_or_river_edge_hint",
        "review_lane": "morphology_rescue_review",
        "review_reason": "Known positive ranked low by the main fusion model; inspect as false-negative morphology."
      }
    },
    {
      "type": "Feature",
      "geometry": {
        "type": "Point",
        "coordinates": [
          -8.147683735016127,
          43.62230830936563
        ]
      },
      "properties": {
        "queue": "holdout_low_rank_positives",
        "priority_order": "8",
        "dataset": "holdouts",
        "final_split": "test_trasancos",
        "sample_id": "wl-pos-pos-es-pba-24674",
        "bank_id": "pos-es-pba-24674",
        "label_class": "1",
        "label_role": "positive",
        "name": "Castro da Punta do Vico",
        "municipality": "Valdoviño",
        "parish": "Valdoviño (Santaia)",
        "country": "ES",
        "fusion_probability": "0.26102812",
        "fusion_rank": "88",
        "max_safety_rank": "25",
        "archetype_only_rank": "22",
        "specialist_probability": "0.42105042",
        "specialist_rank": "75",
        "specialist_mean_rank": "79",
        "rank_delta_fusion_to_max": "63",
        "negative_type": "",
        "morphology_proxy": "coastal_promontory_hint",
        "review_lane": "morphology_rescue_review",
        "review_reason": "Known positive ranked low by the main fusion model; inspect as false-negative morphology."
      }
    },
    {
      "type": "Feature",
      "geometry": {
        "type": "Point",
        "coordinates": [
          -8.178759499653474,
          43.46407350807626
        ]
      },
      "properties": {
        "queue": "holdout_low_rank_positives",
        "priority_order": "9",
        "dataset": "holdouts",
        "final_split": "test_trasancos",
        "sample_id": "wl-pos-pos-es-pba-8705",
        "bank_id": "pos-es-pba-8705",
        "label_class": "1",
        "label_role": "positive",
        "name": "Castro de Barallobre",
        "municipality": "Fene",
        "parish": "Barallobre (Santiago)",
        "country": "ES",
        "fusion_probability": "0.26832227",
        "fusion_rank": "86",
        "max_safety_rank": "111",
        "archetype_only_rank": "113",
        "specialist_probability": "0.31441909",
        "specialist_rank": "89",
        "specialist_mean_rank": "87",
        "rank_delta_fusion_to_max": "-25",
        "negative_type": "",
        "morphology_proxy": "generic_castro_hint",
        "review_lane": "low_positive_review",
        "review_reason": "Known positive ranked low by the main fusion model; inspect as false-negative morphology."
      }
    },
    {
      "type": "Feature",
      "geometry": {
        "type": "Point",
        "coordinates": [
          -8.147308718619547,
          43.45066167519628
        ]
      },
      "properties": {
        "queue": "holdout_low_rank_positives",
        "priority_order": "10",
        "dataset": "holdouts",
        "final_split": "test_trasancos",
        "sample_id": "wl-pos-pos-es-pba-8706",
        "bank_id": "pos-es-pba-8706",
        "label_class": "1",
        "label_role": "positive",
        "name": "Castro de Magalofes",
        "municipality": "Fene",
        "parish": "Magalofes (San Xurxo)",
        "country": "ES",
        "fusion_probability": "0.31705270",
        "fusion_rank": "77",
        "max_safety_rank": "95",
        "archetype_only_rank": "74",
        "specialist_probability": "0.31152307",
        "specialist_rank": "91",
        "specialist_mean_rank": "81",
        "rank_delta_fusion_to_max": "-18",
        "negative_type": "",
        "morphology_proxy": "generic_castro_hint",
        "review_lane": "low_positive_review",
        "review_reason": "Known positive ranked low by the main fusion model; inspect as false-negative morphology."
      }
    },
    {
      "type": "Feature",
      "geometry": {
        "type": "Point",
        "coordinates": [
          -8.14047244366622,
          43.52154202964775
        ]
      },
      "properties": {
        "queue": "holdout_low_rank_positives",
        "priority_order": "11",
        "dataset": "holdouts",
        "final_split": "test_trasancos",
        "sample_id": "wl-pos-pos-es-pba-14488",
        "bank_id": "pos-es-pba-14488",
        "label_class": "1",
        "label_role": "positive",
        "name": "Castro de Ancos",
        "municipality": "Neda",
        "parish": "Santa María de Neda (Santa María)",
        "country": "ES",
        "fusion_probability": "0.31872713",
        "fusion_rank": "76",
        "max_safety_rank": "23",
        "archetype_only_rank": "20",
        "specialist_probability": "0.44329214",
        "specialist_rank": "71",
        "specialist_mean_rank": "77",
        "rank_delta_fusion_to_max": "53",
        "negative_type": "",
        "morphology_proxy": "generic_castro_hint",
        "review_lane": "morphology_rescue_review",
        "review_reason": "Known positive ranked low by the main fusion model; inspect as false-negative morphology."
      }
    },
    {
      "type": "Feature",
      "geometry": {
        "type": "Point",
        "coordinates": [
          -8.199972868867611,
          43.51103121295041
        ]
      },
      "properties": {
        "queue": "holdout_low_rank_positives",
        "priority_order": "12",
        "dataset": "holdouts",
        "final_split": "test_trasancos",
        "sample_id": "wl-pos-pos-es-pba-9184",
        "bank_id": "pos-es-pba-9184",
        "label_class": "1",
        "label_role": "positive",
        "name": "Castro de Santa Cecilia",
        "municipality": "Ferrol",
        "parish": "Santa Cecilia de Trasancos (Santa Cecilia)",
        "country": "ES",
        "fusion_probability": "0.34258927",
        "fusion_rank": "75",
        "max_safety_rank": "99",
        "archetype_only_rank": "92",
        "specialist_probability": "0.26782810",
        "specialist_rank": "96",
        "specialist_mean_rank": "83",
        "rank_delta_fusion_to_max": "-24",
        "negative_type": "",
        "morphology_proxy": "generic_castro_hint",
        "review_lane": "low_positive_review",
        "review_reason": "Known positive ranked low by the main fusion model; inspect as false-negative morphology."
      }
    },
    {
      "type": "Feature",
      "geometry": {
        "type": "Point",
        "coordinates": [
          -8.110405528230721,
          43.64384397902806
        ]
      },
      "properties": {
        "queue": "holdout_low_rank_positives",
        "priority_order": "13",
        "dataset": "holdouts",
        "final_split": "test_trasancos",
        "sample_id": "wl-pos-pos-es-pba-24678",
        "bank_id": "pos-es-pba-24678",
        "label_class": "1",
        "label_role": "positive",
        "name": "Castro de Coto Redondo",
        "municipality": "Valdoviño",
        "parish": "Pantín (Santiago)",
        "country": "ES",
        "fusion_probability": "0.36615292",
        "fusion_rank": "73",
        "max_safety_rank": "97",
        "archetype_only_rank": "122",
        "specialist_probability": "0.40367254",
        "specialist_rank": "77",
        "specialist_mean_rank": "75",
        "rank_delta_fusion_to_max": "-24",
        "negative_type": "",
        "morphology_proxy": "hilltop_hint",
        "review_lane": "low_positive_review",
        "review_reason": "Known positive ranked low by the main fusion model; inspect as false-negative morphology."
      }
    },
    {
      "type": "Feature",
      "geometry": {
        "type": "Point",
        "coordinates": [
          -8.170071095103031,
          43.57590727862178
        ]
      },
      "properties": {
        "queue": "holdout_low_rank_positives",
        "priority_order": "14",
        "dataset": "holdouts",
        "final_split": "test_trasancos",
        "sample_id": "wl-pos-pos-es-pba-24706",
        "bank_id": "pos-es-pba-24706",
        "label_class": "1",
        "label_role": "positive",
        "name": "Castro de Lodeiro",
        "municipality": "Valdoviño",
        "parish": "O Sequeiro (Santa María)",
        "country": "ES",
        "fusion_probability": "0.40465456",
        "fusion_rank": "72",
        "max_safety_rank": "94",
        "archetype_only_rank": "100",
        "specialist_probability": "0.35816790",
        "specialist_rank": "80",
        "specialist_mean_rank": "76",
        "rank_delta_fusion_to_max": "-22",
        "negative_type": "",
        "morphology_proxy": "generic_castro_hint",
        "review_lane": "low_positive_review",
        "review_reason": "Known positive ranked low by the main fusion model; inspect as false-negative morphology."
      }
    },
    {
      "type": "Feature",
      "geometry": {
        "type": "Point",
        "coordinates": [
          -8.09873394334149,
          43.6341480312583
        ]
      },
      "properties": {
        "queue": "holdout_low_rank_positives",
        "priority_order": "15",
        "dataset": "holdouts",
        "final_split": "test_trasancos",
        "sample_id": "wl-pos-pos-es-pba-24677",
        "bank_id": "pos-es-pba-24677",
        "label_class": "1",
        "label_role": "positive",
        "name": "Castro de Casianes",
        "municipality": "Valdoviño",
        "parish": "Pantín (Santiago)",
        "country": "ES",
        "fusion_probability": "0.41656984",
        "fusion_rank": "71",
        "max_safety_rank": "93",
        "archetype_only_rank": "147",
        "specialist_probability": "0.67378610",
        "specialist_rank": "54",
        "specialist_mean_rank": "61",
        "rank_delta_fusion_to_max": "-22",
        "negative_type": "",
        "morphology_proxy": "generic_castro_hint",
        "review_lane": "low_positive_review",
        "review_reason": "Known positive ranked low by the main fusion model; inspect as false-negative morphology."
      }
    },
    {
      "type": "Feature",
      "geometry": {
        "type": "Point",
        "coordinates": [
          -8.172870217067269,
          43.53362624920575
        ]
      },
      "properties": {
        "queue": "holdout_low_rank_positives",
        "priority_order": "16",
        "dataset": "holdouts",
        "final_split": "test_trasancos",
        "sample_id": "wl-pos-pos-es-pba-14592",
        "bank_id": "pos-es-pba-14592",
        "label_class": "1",
        "label_role": "positive",
        "name": "Castro de Sequeiro/Castro de Narón",
        "municipality": "Narón",
        "parish": "San Xiao de Narón (San Xiao)",
        "country": "ES",
        "fusion_probability": "0.42859709",
        "fusion_rank": "67",
        "max_safety_rank": "91",
        "archetype_only_rank": "193",
        "specialist_probability": "0.41043739",
        "specialist_rank": "76",
        "specialist_mean_rank": "71",
        "rank_delta_fusion_to_max": "-24",
        "negative_type": "",
        "morphology_proxy": "generic_castro_hint",
        "review_lane": "low_positive_review",
        "review_reason": "Known positive ranked low by the main fusion model; inspect as false-negative morphology."
      }
    },
    {
      "type": "Feature",
      "geometry": {
        "type": "Point",
        "coordinates": [
          -8.042097773882631,
          43.54078893976058
        ]
      },
      "properties": {
        "queue": "holdout_low_rank_positives",
        "priority_order": "17",
        "dataset": "holdouts",
        "final_split": "test_trasancos",
        "sample_id": "wl-pos-pos-es-pba-20784",
        "bank_id": "pos-es-pba-20784",
        "label_class": "1",
        "label_role": "positive",
        "name": "Castro de croas de Ramil",
        "municipality": "San Sadurniño",
        "parish": "Lamas (San Xiao)",
        "country": "ES",
        "fusion_probability": "0.43386532",
        "fusion_rank": "66",
        "max_safety_rank": "90",
        "archetype_only_rank": "141",
        "specialist_probability": "0.42625805",
        "specialist_rank": "73",
        "specialist_mean_rank": "70",
        "rank_delta_fusion_to_max": "-24",
        "negative_type": "",
        "morphology_proxy": "croa_top_ring_hint",
        "review_lane": "low_positive_review",
        "review_reason": "Known positive ranked low by the main fusion model; inspect as false-negative morphology."
      }
    },
    {
      "type": "Feature",
      "geometry": {
        "type": "Point",
        "coordinates": [
          -8.1781798324184,
          43.544581317028644
        ]
      },
      "properties": {
        "queue": "holdout_low_rank_positives",
        "priority_order": "18",
        "dataset": "holdouts",
        "final_split": "test_trasancos",
        "sample_id": "wl-pos-pos-es-pba-14336",
        "bank_id": "pos-es-pba-14336",
        "label_class": "1",
        "label_role": "positive",
        "name": "O Castro",
        "municipality": "Narón",
        "parish": "Castro (Santa María)",
        "country": "ES",
        "fusion_probability": "0.45671697",
        "fusion_rank": "64",
        "max_safety_rank": "83",
        "archetype_only_rank": "182",
        "specialist_probability": "0.43088490",
        "specialist_rank": "72",
        "specialist_mean_rank": "69",
        "rank_delta_fusion_to_max": "-19",
        "negative_type": "",
        "morphology_proxy": "generic_castro_hint",
        "review_lane": "low_positive_review",
        "review_reason": "Known positive ranked low by the main fusion model; inspect as false-negative morphology."
      }
    },
    {
      "type": "Feature",
      "geometry": {
        "type": "Point",
        "coordinates": [
          -8.17901516416762,
          43.501629521149226
        ]
      },
      "properties": {
        "queue": "holdout_low_rank_positives",
        "priority_order": "19",
        "dataset": "holdouts",
        "final_split": "test_trasancos",
        "sample_id": "wl-pos-pos-es-pba-14589",
        "bank_id": "pos-es-pba-14589",
        "label_class": "1",
        "label_role": "positive",
        "name": "Castro de Petouzal/Castro da Croa",
        "municipality": "Narón",
        "parish": "Narón",
        "country": "ES",
        "fusion_probability": "0.45986870",
        "fusion_rank": "62",
        "max_safety_rank": "81",
        "archetype_only_rank": "145",
        "specialist_probability": "0.55212104",
        "specialist_rank": "65",
        "specialist_mean_rank": "64",
        "rank_delta_fusion_to_max": "-19",
        "negative_type": "",
        "morphology_proxy": "croa_top_ring_hint",
        "review_lane": "low_positive_review",
        "review_reason": "Known positive ranked low by the main fusion model; inspect as false-negative morphology."
      }
    },
    {
      "type": "Feature",
      "geometry": {
        "type": "Point",
        "coordinates": [
          -8.242723079720715,
          43.48378570961132
        ]
      },
      "properties": {
        "queue": "holdout_low_rank_positives",
        "priority_order": "20",
        "dataset": "holdouts",
        "final_split": "test_trasancos",
        "sample_id": "wl-pos-pos-es-pba-9152",
        "bank_id": "pos-es-pba-9152",
        "label_class": "1",
        "label_role": "positive",
        "name": "Castro de Canido",
        "municipality": "Ferrol",
        "parish": "Ferrol",
        "country": "ES",
        "fusion_probability": "0.48607673",
        "fusion_rank": "58",
        "max_safety_rank": "78",
        "archetype_only_rank": "146",
        "specialist_probability": "0.62079604",
        "specialist_rank": "60",
        "specialist_mean_rank": "60",
        "rank_delta_fusion_to_max": "-20",
        "negative_type": "",
        "morphology_proxy": "generic_castro_hint",
        "review_lane": "low_positive_review",
        "review_reason": "Known positive ranked low by the main fusion model; inspect as false-negative morphology."
      }
    },
    {
      "type": "Feature",
      "geometry": {
        "type": "Point",
        "coordinates": [
          -8.187677498290292,
          43.59215509043921
        ]
      },
      "properties": {
        "queue": "holdout_low_rank_positives",
        "priority_order": "21",
        "dataset": "holdouts",
        "final_split": "test_trasancos",
        "sample_id": "wl-pos-pos-es-pba-24370",
        "bank_id": "pos-es-pba-24370",
        "label_class": "1",
        "label_role": "positive",
        "name": "Zona arqueolóxica da Igrexa e Castro de Santo Tomás de Taraza",
        "municipality": "Valdoviño",
        "parish": "Meirás (San Vicente)",
        "country": "ES",
        "fusion_probability": "0.49232659",
        "fusion_rank": "57",
        "max_safety_rank": "77",
        "archetype_only_rank": "143",
        "specialist_probability": "0.42153700",
        "specialist_rank": "74",
        "specialist_mean_rank": "68",
        "rank_delta_fusion_to_max": "-20",
        "negative_type": "",
        "morphology_proxy": "generic_castro_hint",
        "review_lane": "low_positive_review",
        "review_reason": "Known positive ranked low by the main fusion model; inspect as false-negative morphology."
      }
    },
    {
      "type": "Feature",
      "geometry": {
        "type": "Point",
        "coordinates": [
          -8.135936419804226,
          43.61914947103172
        ]
      },
      "properties": {
        "queue": "holdout_low_rank_positives",
        "priority_order": "22",
        "dataset": "holdouts",
        "final_split": "test_trasancos",
        "sample_id": "wl-pos-pos-es-pba-24738",
        "bank_id": "pos-es-pba-24738",
        "label_class": "1",
        "label_role": "positive",
        "name": "Castro e Mina do Pereiro",
        "municipality": "Valdoviño",
        "parish": "Valdoviño (Santaia)",
        "country": "ES",
        "fusion_probability": "0.51517850",
        "fusion_rank": "56",
        "max_safety_rank": "75",
        "archetype_only_rank": "160",
        "specialist_probability": "0.71337095",
        "specialist_rank": "49",
        "specialist_mean_rank": "55",
        "rank_delta_fusion_to_max": "-19",
        "negative_type": "",
        "morphology_proxy": "generic_castro_hint",
        "review_lane": "low_positive_review",
        "review_reason": "Known positive ranked low by the main fusion model; inspect as false-negative morphology."
      }
    },
    {
      "type": "Feature",
      "geometry": {
        "type": "Point",
        "coordinates": [
          -8.081000277632068,
          43.48946910625164
        ]
      },
      "properties": {
        "queue": "holdout_low_rank_positives",
        "priority_order": "23",
        "dataset": "holdouts",
        "final_split": "test_trasancos",
        "sample_id": "wl-pos-pos-es-pba-20704",
        "bank_id": "pos-es-pba-20704",
        "label_class": "1",
        "label_role": "positive",
        "name": "A Croa",
        "municipality": "San Sadurniño",
        "parish": "Naraío (Santa María)",
        "country": "ES",
        "fusion_probability": "0.57241064",
        "fusion_rank": "54",
        "max_safety_rank": "59",
        "archetype_only_rank": "49",
        "specialist_probability": "0.84779922",
        "specialist_rank": "33",
        "specialist_mean_rank": "42",
        "rank_delta_fusion_to_max": "-5",
        "negative_type": "",
        "morphology_proxy": "croa_top_ring_hint",
        "review_lane": "low_positive_review",
        "review_reason": "Known positive ranked low by the main fusion model; inspect as false-negative morphology."
      }
    },
    {
      "type": "Feature",
      "geometry": {
        "type": "Point",
        "coordinates": [
          -8.239830294287893,
          43.524029972263946
        ]
      },
      "properties": {
        "queue": "holdout_low_rank_positives",
        "priority_order": "24",
        "dataset": "holdouts",
        "final_split": "test_trasancos",
        "sample_id": "wl-pos-pos-es-pba-10165",
        "bank_id": "pos-es-pba-10165",
        "label_class": "1",
        "label_role": "positive",
        "name": "Monte do Castro/Castro de Vilela",
        "municipality": "Ferrol",
        "parish": "Mandiá (Santa Uxía)",
        "country": "ES",
        "fusion_probability": "0.57870076",
        "fusion_rank": "52",
        "max_safety_rank": "73",
        "archetype_only_rank": "87",
        "specialist_probability": "0.79430548",
        "specialist_rank": "39",
        "specialist_mean_rank": "44",
        "rank_delta_fusion_to_max": "-21",
        "negative_type": "",
        "morphology_proxy": "hilltop_hint",
        "review_lane": "low_positive_review",
        "review_reason": "Known positive ranked low by the main fusion model; inspect as false-negative morphology."
      }
    },
    {
      "type": "Feature",
      "geometry": {
        "type": "Point",
        "coordinates": [
          -8.225129699872348,
          43.49736219822805
        ]
      },
      "properties": {
        "queue": "holdout_low_rank_positives",
        "priority_order": "25",
        "dataset": "holdouts",
        "final_split": "test_trasancos",
        "sample_id": "wl-pos-pos-es-pba-9185",
        "bank_id": "pos-es-pba-9185",
        "label_class": "1",
        "label_role": "positive",
        "name": "Castro de Santa Mariña/Os Castros Altos",
        "municipality": "Ferrol",
        "parish": "Ferrol",
        "country": "ES",
        "fusion_probability": "0.58458333",
        "fusion_rank": "50",
        "max_safety_rank": "72",
        "archetype_only_rank": "144",
        "specialist_probability": "0.66791746",
        "specialist_rank": "55",
        "specialist_mean_rank": "53",
        "rank_delta_fusion_to_max": "-22",
        "negative_type": "",
        "morphology_proxy": "coastal_promontory_hint",
        "review_lane": "low_positive_review",
        "review_reason": "Known positive ranked low by the main fusion model; inspect as false-negative morphology."
      }
    },
    {
      "type": "Feature",
      "geometry": {
        "type": "Point",
        "coordinates": [
          -8.22594601477777,
          43.57701844556937
        ]
      },
      "properties": {
        "queue": "holdout_morphology_rescues",
        "priority_order": "1",
        "dataset": "holdouts",
        "final_split": "test_o_val",
        "sample_id": "wl-pos-pos-es-pba-14588",
        "bank_id": "pos-es-pba-14588",
        "label_class": "1",
        "label_role": "positive",
        "name": "Castro de Pena Lopesa",
        "municipality": "Narón",
        "parish": "O Val (Santa María A Maior)",
        "country": "ES",
        "fusion_probability": "0.01961880",
        "fusion_rank": "201",
        "max_safety_rank": "55",
        "archetype_only_rank": "46",
        "specialist_probability": "0.06225647",
        "specialist_rank": "156",
        "specialist_mean_rank": "176",
        "rank_delta_fusion_to_max": "146",
        "negative_type": "",
        "morphology_proxy": "hilltop_hint",
        "review_lane": "morphology_rescue_review",
        "review_reason": "Known positive moved upward by max_safety; inspect morphology archetype missed by the main model."
      }
    },
    {
      "type": "Feature",
      "geometry": {
        "type": "Point",
        "coordinates": [
          -8.147683735016127,
          43.62230830936563
        ]
      },
      "properties": {
        "queue": "holdout_morphology_rescues",
        "priority_order": "2",
        "dataset": "holdouts",
        "final_split": "test_trasancos",
        "sample_id": "wl-pos-pos-es-pba-24674",
        "bank_id": "pos-es-pba-24674",
        "label_class": "1",
        "label_role": "positive",
        "name": "Castro da Punta do Vico",
        "municipality": "Valdoviño",
        "parish": "Valdoviño (Santaia)",
        "country": "ES",
        "fusion_probability": "0.26102812",
        "fusion_rank": "88",
        "max_safety_rank": "25",
        "archetype_only_rank": "22",
        "specialist_probability": "0.42105042",
        "specialist_rank": "75",
        "specialist_mean_rank": "79",
        "rank_delta_fusion_to_max": "63",
        "negative_type": "",
        "morphology_proxy": "coastal_promontory_hint",
        "review_lane": "morphology_rescue_review",
        "review_reason": "Known positive moved upward by max_safety; inspect morphology archetype missed by the main model."
      }
    },
    {
      "type": "Feature",
      "geometry": {
        "type": "Point",
        "coordinates": [
          -8.14047244366622,
          43.52154202964775
        ]
      },
      "properties": {
        "queue": "holdout_morphology_rescues",
        "priority_order": "3",
        "dataset": "holdouts",
        "final_split": "test_trasancos",
        "sample_id": "wl-pos-pos-es-pba-14488",
        "bank_id": "pos-es-pba-14488",
        "label_class": "1",
        "label_role": "positive",
        "name": "Castro de Ancos",
        "municipality": "Neda",
        "parish": "Santa María de Neda (Santa María)",
        "country": "ES",
        "fusion_probability": "0.31872713",
        "fusion_rank": "76",
        "max_safety_rank": "23",
        "archetype_only_rank": "20",
        "specialist_probability": "0.44329214",
        "specialist_rank": "71",
        "specialist_mean_rank": "77",
        "rank_delta_fusion_to_max": "53",
        "negative_type": "",
        "morphology_proxy": "generic_castro_hint",
        "review_lane": "morphology_rescue_review",
        "review_reason": "Known positive moved upward by max_safety; inspect morphology archetype missed by the main model."
      }
    },
    {
      "type": "Feature",
      "geometry": {
        "type": "Point",
        "coordinates": [
          -8.220621570398505,
          43.54366705275839
        ]
      },
      "properties": {
        "queue": "holdout_morphology_rescues",
        "priority_order": "4",
        "dataset": "holdouts",
        "final_split": "test_trasancos",
        "sample_id": "wl-pos-pos-es-pba-14593",
        "bank_id": "pos-es-pba-14593",
        "label_class": "1",
        "label_role": "positive",
        "name": "Castro de Trasancos",
        "municipality": "Narón",
        "parish": "Trasancos (San Mateo)",
        "country": "ES",
        "fusion_probability": "0.16432834",
        "fusion_rank": "110",
        "max_safety_rank": "86",
        "archetype_only_rank": "66",
        "specialist_probability": "0.18853937",
        "specialist_rank": "109",
        "specialist_mean_rank": "108",
        "rank_delta_fusion_to_max": "24",
        "negative_type": "",
        "morphology_proxy": "generic_castro_hint",
        "review_lane": "morphology_rescue_review",
        "review_reason": "Known positive moved upward by max_safety; inspect morphology archetype missed by the main model."
      }
    },
    {
      "type": "Feature",
      "geometry": {
        "type": "Point",
        "coordinates": [
          -8.133661544730217,
          43.551023008990136
        ]
      },
      "properties": {
        "queue": "holdout_morphology_rescues",
        "priority_order": "5",
        "dataset": "holdouts",
        "final_split": "test_trasancos",
        "sample_id": "wl-pos-pos-es-pba-14591",
        "bank_id": "pos-es-pba-14591",
        "label_class": "1",
        "label_role": "positive",
        "name": "Castro de Sedes/Castro de Eiravedra",
        "municipality": "Narón",
        "parish": "Sedes (Santo Estevo)",
        "country": "ES",
        "fusion_probability": "0.61901688",
        "fusion_rank": "46",
        "max_safety_rank": "33",
        "archetype_only_rank": "31",
        "specialist_probability": "0.67404366",
        "specialist_rank": "53",
        "specialist_mean_rank": "50",
        "rank_delta_fusion_to_max": "13",
        "negative_type": "",
        "morphology_proxy": "generic_castro_hint",
        "review_lane": "morphology_rescue_review",
        "review_reason": "Known positive moved upward by max_safety; inspect morphology archetype missed by the main model."
      }
    },
    {
      "type": "Feature",
      "geometry": {
        "type": "Point",
        "coordinates": [
          -8.11927005988558,
          43.5435880296391
        ]
      },
      "properties": {
        "queue": "holdout_morphology_rescues",
        "priority_order": "6",
        "dataset": "holdouts",
        "final_split": "test_trasancos",
        "sample_id": "wl-pos-pos-es-pba-14554",
        "bank_id": "pos-es-pba-14554",
        "label_class": "1",
        "label_role": "positive",
        "name": "Castro da Pereiruga",
        "municipality": "Narón",
        "parish": "Pedroso (San Salvador)",
        "country": "ES",
        "fusion_probability": "0.88904681",
        "fusion_rank": "23",
        "max_safety_rank": "12",
        "archetype_only_rank": "11",
        "specialist_probability": "0.94758557",
        "specialist_rank": "20",
        "specialist_mean_rank": "23",
        "rank_delta_fusion_to_max": "11",
        "negative_type": "",
        "morphology_proxy": "generic_castro_hint",
        "review_lane": "mamoa_specialist_positive_review",
        "review_reason": "Known positive moved upward by max_safety; inspect morphology archetype missed by the main model."
      }
    },
    {
      "type": "Feature",
      "geometry": {
        "type": "Point",
        "coordinates": [
          -8.08589185535877,
          43.637237042304854
        ]
      },
      "properties": {
        "queue": "holdout_morphology_rescues",
        "priority_order": "7",
        "dataset": "holdouts",
        "final_split": "test_trasancos",
        "sample_id": "wl-pos-pos-es-pba-24712",
        "bank_id": "pos-es-pba-24712",
        "label_class": "1",
        "label_role": "positive",
        "name": "Castro de Vilarrube/Os Castros de Ferreirías",
        "municipality": "Valdoviño",
        "parish": "Pantín (Santiago)",
        "country": "ES",
        "fusion_probability": "0.91705881",
        "fusion_rank": "19",
        "max_safety_rank": "8",
        "archetype_only_rank": "8",
        "specialist_probability": "0.97379357",
        "specialist_rank": "12",
        "specialist_mean_rank": "17",
        "rank_delta_fusion_to_max": "11",
        "negative_type": "",
        "morphology_proxy": "generic_castro_hint",
        "review_lane": "mamoa_specialist_positive_review",
        "review_reason": "Known positive moved upward by max_safety; inspect morphology archetype missed by the main model."
      }
    },
    {
      "type": "Feature",
      "geometry": {
        "type": "Point",
        "coordinates": [
          -8.08926923552419,
          43.61891345626826
        ]
      },
      "properties": {
        "queue": "holdout_morphology_rescues",
        "priority_order": "8",
        "dataset": "holdouts",
        "final_split": "test_trasancos",
        "sample_id": "wl-pos-pos-es-pba-24707",
        "bank_id": "pos-es-pba-24707",
        "label_class": "1",
        "label_role": "positive",
        "name": "Castro de Lousada",
        "municipality": "Valdoviño",
        "parish": "Loira (San Pedro)",
        "country": "ES",
        "fusion_probability": "0.86429104",
        "fusion_rank": "26",
        "max_safety_rank": "17",
        "archetype_only_rank": "16",
        "specialist_probability": "0.96262376",
        "specialist_rank": "19",
        "specialist_mean_rank": "24",
        "rank_delta_fusion_to_max": "9",
        "negative_type": "",
        "morphology_proxy": "generic_castro_hint",
        "review_lane": "mamoa_specialist_positive_review",
        "review_reason": "Known positive moved upward by max_safety; inspect morphology archetype missed by the main model."
      }
    },
    {
      "type": "Feature",
      "geometry": {
        "type": "Point",
        "coordinates": [
          -8.181906273273144,
          43.445376672260515
        ]
      },
      "properties": {
        "queue": "holdout_morphology_rescues",
        "priority_order": "9",
        "dataset": "holdouts",
        "final_split": "test_trasancos",
        "sample_id": "wl-pos-pos-es-pba-8708",
        "bank_id": "pos-es-pba-8708",
        "label_class": "1",
        "label_role": "positive",
        "name": "Castro de Prismos",
        "municipality": "Fene",
        "parish": "Maniños (San Salvador)",
        "country": "ES",
        "fusion_probability": "0.69220461",
        "fusion_rank": "38",
        "max_safety_rank": "29",
        "archetype_only_rank": "27",
        "specialist_probability": "0.82539091",
        "specialist_rank": "36",
        "specialist_mean_rank": "38",
        "rank_delta_fusion_to_max": "9",
        "negative_type": "",
        "morphology_proxy": "generic_castro_hint",
        "review_lane": "morphology_rescue_review",
        "review_reason": "Known positive moved upward by max_safety; inspect morphology archetype missed by the main model."
      }
    },
    {
      "type": "Feature",
      "geometry": {
        "type": "Point",
        "coordinates": [
          -8.149740461365019,
          43.50786201500216
        ]
      },
      "properties": {
        "queue": "holdout_morphology_rescues",
        "priority_order": "10",
        "dataset": "holdouts",
        "final_split": "test_trasancos",
        "sample_id": "wl-pos-pos-es-pba-14519",
        "bank_id": "pos-es-pba-14519",
        "label_class": "1",
        "label_role": "positive",
        "name": "Castros",
        "municipality": "Neda",
        "parish": "Santa María de Neda (Santa María)",
        "country": "ES",
        "fusion_probability": "0.94118176",
        "fusion_rank": "14",
        "max_safety_rank": "5",
        "archetype_only_rank": "5",
        "specialist_probability": "0.97373346",
        "specialist_rank": "13",
        "specialist_mean_rank": "13",
        "rank_delta_fusion_to_max": "9",
        "negative_type": "",
        "morphology_proxy": "generic_castro_hint",
        "review_lane": "mamoa_specialist_positive_review",
        "review_reason": "Known positive moved upward by max_safety; inspect morphology archetype missed by the main model."
      }
    },
    {
      "type": "Feature",
      "geometry": {
        "type": "Point",
        "coordinates": [
          -8.148872875517807,
          43.618480398789906
        ]
      },
      "properties": {
        "queue": "holdout_morphology_rescues",
        "priority_order": "11",
        "dataset": "holdouts",
        "final_split": "test_trasancos",
        "sample_id": "wl-pos-pos-es-pba-24709",
        "bank_id": "pos-es-pba-24709",
        "label_class": "1",
        "label_role": "positive",
        "name": "Castro de Punta Frouxeira",
        "municipality": "Valdoviño",
        "parish": "Valdoviño (Santaia)",
        "country": "ES",
        "fusion_probability": "0.94713577",
        "fusion_rank": "12",
        "max_safety_rank": "4",
        "archetype_only_rank": "4",
        "specialist_probability": "0.97388893",
        "specialist_rank": "11",
        "specialist_mean_rank": "12",
        "rank_delta_fusion_to_max": "8",
        "negative_type": "",
        "morphology_proxy": "coastal_promontory_hint",
        "review_lane": "mamoa_specialist_positive_review",
        "review_reason": "Known positive moved upward by max_safety; inspect morphology archetype missed by the main model."
      }
    },
    {
      "type": "Feature",
      "geometry": {
        "type": "Point",
        "coordinates": [
          -8.06556223656323,
          43.54359118222014
        ]
      },
      "properties": {
        "queue": "holdout_morphology_rescues",
        "priority_order": "12",
        "dataset": "holdouts",
        "final_split": "test_trasancos",
        "sample_id": "wl-pos-pos-es-pba-20782",
        "bank_id": "pos-es-pba-20782",
        "label_class": "1",
        "label_role": "positive",
        "name": "Castro Das Croas",
        "municipality": "San Sadurniño",
        "parish": "San Sadurniño (Santa María)",
        "country": "ES",
        "fusion_probability": "0.93614295",
        "fusion_rank": "15",
        "max_safety_rank": "10",
        "archetype_only_rank": "10",
        "specialist_probability": "0.96782437",
        "specialist_rank": "15",
        "specialist_mean_rank": "15",
        "rank_delta_fusion_to_max": "5",
        "negative_type": "",
        "morphology_proxy": "croa_top_ring_hint",
        "review_lane": "mamoa_specialist_positive_review",
        "review_reason": "Known positive moved upward by max_safety; inspect morphology archetype missed by the main model."
      }
    },
    {
      "type": "Feature",
      "geometry": {
        "type": "Point",
        "coordinates": [
          -8.066000016189715,
          43.62601595138847
        ]
      },
      "properties": {
        "queue": "holdout_morphology_rescues",
        "priority_order": "13",
        "dataset": "holdouts",
        "final_split": "test_trasancos",
        "sample_id": "wl-pos-pos-es-pba-24673",
        "bank_id": "pos-es-pba-24673",
        "label_class": "1",
        "label_role": "positive",
        "name": "Castro",
        "municipality": "Valdoviño",
        "parish": "Vilarrube (San Martiño)",
        "country": "ES",
        "fusion_probability": "0.91356826",
        "fusion_rank": "20",
        "max_safety_rank": "16",
        "archetype_only_rank": "14",
        "specialist_probability": "0.94277337",
        "specialist_rank": "24",
        "specialist_mean_rank": "20",
        "rank_delta_fusion_to_max": "4",
        "negative_type": "",
        "morphology_proxy": "generic_castro_hint",
        "review_lane": "mamoa_specialist_positive_review",
        "review_reason": "Known positive moved upward by max_safety; inspect morphology archetype missed by the main model."
      }
    },
    {
      "type": "Feature",
      "geometry": {
        "type": "Point",
        "coordinates": [
          -8.093620081527554,
          43.639579102678184
        ]
      },
      "properties": {
        "queue": "holdout_morphology_rescues",
        "priority_order": "14",
        "dataset": "holdouts",
        "final_split": "test_trasancos",
        "sample_id": "wl-pos-pos-es-pba-24337",
        "bank_id": "pos-es-pba-24337",
        "label_class": "1",
        "label_role": "positive",
        "name": "Os Castros",
        "municipality": "Valdoviño",
        "parish": "Pantín (Santiago)",
        "country": "ES",
        "fusion_probability": "0.17824633",
        "fusion_rank": "106",
        "max_safety_rank": "102",
        "archetype_only_rank": "82",
        "specialist_probability": "0.26421213",
        "specialist_rank": "97",
        "specialist_mean_rank": "102",
        "rank_delta_fusion_to_max": "4",
        "negative_type": "",
        "morphology_proxy": "generic_castro_hint",
        "review_lane": "morphology_rescue_review",
        "review_reason": "Known positive moved upward by max_safety; inspect morphology archetype missed by the main model."
      }
    },
    {
      "type": "Feature",
      "geometry": {
        "type": "Point",
        "coordinates": [
          -8.186321260418124,
          43.42396916091138
        ]
      },
      "properties": {
        "queue": "holdout_morphology_rescues",
        "priority_order": "15",
        "dataset": "holdouts",
        "final_split": "test_trasancos",
        "sample_id": "wl-pos-pos-es-pba-8709",
        "bank_id": "pos-es-pba-8709",
        "label_class": "1",
        "label_role": "positive",
        "name": "Castro do Río Castro",
        "municipality": "Fene",
        "parish": "Limodre (Santa Baia)",
        "country": "ES",
        "fusion_probability": "0.25585124",
        "fusion_rank": "91",
        "max_safety_rank": "88",
        "archetype_only_rank": "69",
        "specialist_probability": "0.31911095",
        "specialist_rank": "88",
        "specialist_mean_rank": "88",
        "rank_delta_fusion_to_max": "3",
        "negative_type": "",
        "morphology_proxy": "valley_or_river_edge_hint",
        "review_lane": "morphology_rescue_review",
        "review_reason": "Known positive moved upward by max_safety; inspect morphology archetype missed by the main model."
      }
    },
    {
      "type": "Feature",
      "geometry": {
        "type": "Point",
        "coordinates": [
          -8.214396988420809,
          43.55274573295716
        ]
      },
      "properties": {
        "queue": "holdout_morphology_rescues",
        "priority_order": "16",
        "dataset": "holdouts",
        "final_split": "test_o_val",
        "sample_id": "wl-pos-pos-es-pba-14367",
        "bank_id": "pos-es-pba-14367",
        "label_class": "1",
        "label_role": "positive",
        "name": "O Castro (Castro de Quintá)",
        "municipality": "Narón",
        "parish": "O Val (Santa María A Maior)",
        "country": "ES",
        "fusion_probability": "0.93484924",
        "fusion_rank": "16",
        "max_safety_rank": "13",
        "archetype_only_rank": "12",
        "specialist_probability": "0.93221491",
        "specialist_rank": "27",
        "specialist_mean_rank": "19",
        "rank_delta_fusion_to_max": "3",
        "negative_type": "",
        "morphology_proxy": "generic_castro_hint",
        "review_lane": "morphology_rescue_review",
        "review_reason": "Known positive moved upward by max_safety; inspect morphology archetype missed by the main model."
      }
    },
    {
      "type": "Feature",
      "geometry": {
        "type": "Point",
        "coordinates": [
          -8.282642845995516,
          43.559082757693524
        ]
      },
      "properties": {
        "queue": "holdout_morphology_rescues",
        "priority_order": "17",
        "dataset": "holdouts",
        "final_split": "test_trasancos",
        "sample_id": "wl-pos-pos-es-pba-10262",
        "bank_id": "pos-es-pba-10262",
        "label_class": "1",
        "label_role": "positive",
        "name": "Necrópole de Santa Comba/Castro de Santa Comba",
        "municipality": "Ferrol",
        "parish": "Covas (San Martiño)",
        "country": "ES",
        "fusion_probability": "0.99113103",
        "fusion_rank": "4",
        "max_safety_rank": "2",
        "archetype_only_rank": "2",
        "specialist_probability": "0.99778768",
        "specialist_rank": "4",
        "specialist_mean_rank": "4",
        "rank_delta_fusion_to_max": "2",
        "negative_type": "",
        "morphology_proxy": "generic_castro_hint",
        "review_lane": "mamoa_specialist_positive_review",
        "review_reason": "Known positive moved upward by max_safety; inspect morphology archetype missed by the main model."
      }
    },
    {
      "type": "Feature",
      "geometry": {
        "type": "Point",
        "coordinates": [
          -7.135345166845082,
          43.17117388616058
        ]
      },
      "properties": {
        "queue": "val_top_weak_negatives",
        "priority_order": "1",
        "dataset": "val",
        "final_split": "val",
        "sample_id": "wl-neg-neg-es-pba-31073",
        "bank_id": "neg-es-pba-31073",
        "label_class": "0",
        "label_role": "hard_negative",
        "name": "O Castelo/Castelo de Castañoso",
        "municipality": "A Fonsagrada",
        "parish": "Maderne (San Pedro)",
        "country": "ES",
        "fusion_probability": "0.99842427",
        "fusion_rank": "17",
        "max_safety_rank": "4",
        "archetype_only_rank": "4",
        "specialist_probability": "0.99996338",
        "specialist_rank": "8",
        "specialist_mean_rank": "14",
        "rank_delta_fusion_to_max": "13",
        "negative_type": "historic_fortification",
        "morphology_proxy": "",
        "review_lane": "weak_negative_review",
        "review_reason": "Weak-label negative ranked high on validation; inspect before treating it as true absence."
      }
    },
    {
      "type": "Feature",
      "geometry": {
        "type": "Point",
        "coordinates": [
          -7.744165519059862,
          42.66039310678573
        ]
      },
      "properties": {
        "queue": "val_top_weak_negatives",
        "priority_order": "2",
        "dataset": "val",
        "final_split": "val",
        "sample_id": "wl-neg-neg-es-pba-29293",
        "bank_id": "neg-es-pba-29293",
        "label_class": "0",
        "label_role": "hard_negative",
        "name": "O Castelo",
        "municipality": "Chantada",
        "parish": "Pedrafita (Santa Baia)",
        "country": "ES",
        "fusion_probability": "0.99443234",
        "fusion_rank": "33",
        "max_safety_rank": "71",
        "archetype_only_rank": "144",
        "specialist_probability": "0.99897998",
        "specialist_rank": "32",
        "specialist_mean_rank": "33",
        "rank_delta_fusion_to_max": "-38",
        "negative_type": "historic_fortification",
        "morphology_proxy": "",
        "review_lane": "weak_negative_review",
        "review_reason": "Weak-label negative ranked high on validation; inspect before treating it as true absence."
      }
    },
    {
      "type": "Feature",
      "geometry": {
        "type": "Point",
        "coordinates": [
          -6.875323294454912,
          42.85556027213712
        ]
      },
      "properties": {
        "queue": "val_top_weak_negatives",
        "priority_order": "3",
        "dataset": "val",
        "final_split": "val",
        "sample_id": "wl-neg-neg-es-pba-29823",
        "bank_id": "neg-es-pba-29823",
        "label_class": "0",
        "label_role": "hard_negative",
        "name": "Petróglifo do Piornedo",
        "municipality": "Cervantes",
        "parish": "Donís (San Fiz)",
        "country": "ES",
        "fusion_probability": "0.99014503",
        "fusion_rank": "42",
        "max_safety_rank": "94",
        "archetype_only_rank": "232",
        "specialist_probability": "0.99808730",
        "specialist_rank": "39",
        "specialist_mean_rank": "41",
        "rank_delta_fusion_to_max": "-52",
        "negative_type": "rock_art_surface",
        "morphology_proxy": "",
        "review_lane": "weak_negative_review",
        "review_reason": "Weak-label negative ranked high on validation; inspect before treating it as true absence."
      }
    },
    {
      "type": "Feature",
      "geometry": {
        "type": "Point",
        "coordinates": [
          -7.649716659791161,
          43.73979523101907
        ]
      },
      "properties": {
        "queue": "val_top_weak_negatives",
        "priority_order": "4",
        "dataset": "val",
        "final_split": "val",
        "sample_id": "wl-neg-neg-es-pba-43202",
        "bank_id": "neg-es-pba-43202",
        "label_class": "0",
        "label_role": "hard_negative",
        "name": "O Castelo",
        "municipality": "O Vicedo",
        "parish": "San Román de Vale (San Román)",
        "country": "ES",
        "fusion_probability": "0.98448503",
        "fusion_rank": "58",
        "max_safety_rank": "122",
        "archetype_only_rank": "199",
        "specialist_probability": "0.99412556",
        "specialist_rank": "64",
        "specialist_mean_rank": "55",
        "rank_delta_fusion_to_max": "-64",
        "negative_type": "historic_fortification",
        "morphology_proxy": "",
        "review_lane": "weak_negative_review",
        "review_reason": "Weak-label negative ranked high on validation; inspect before treating it as true absence."
      }
    },
    {
      "type": "Feature",
      "geometry": {
        "type": "Point",
        "coordinates": [
          -7.055452330427284,
          43.1902759857497
        ]
      },
      "properties": {
        "queue": "val_top_weak_negatives",
        "priority_order": "5",
        "dataset": "val",
        "final_split": "val",
        "sample_id": "wl-neg-neg-es-pba-31034",
        "bank_id": "neg-es-pba-31034",
        "label_class": "0",
        "label_role": "hard_negative",
        "name": "Mina de Penedo da Granda",
        "municipality": "A Fonsagrada",
        "parish": "O Trobo (Santa María)",
        "country": "ES",
        "fusion_probability": "0.98225770",
        "fusion_rank": "62",
        "max_safety_rank": "128",
        "archetype_only_rank": "173",
        "specialist_probability": "0.99504995",
        "specialist_rank": "58",
        "specialist_mean_rank": "60",
        "rank_delta_fusion_to_max": "-66",
        "negative_type": "mining_or_quarry",
        "morphology_proxy": "",
        "review_lane": "weak_negative_review",
        "review_reason": "Weak-label negative ranked high on validation; inspect before treating it as true absence."
      }
    },
    {
      "type": "Feature",
      "geometry": {
        "type": "Point",
        "coordinates": [
          -7.1291524364639365,
          43.096809047039315
        ]
      },
      "properties": {
        "queue": "val_top_weak_negatives",
        "priority_order": "6",
        "dataset": "val",
        "final_split": "val",
        "sample_id": "wl-neg-neg-es-pba-31186",
        "bank_id": "neg-es-pba-31186",
        "label_class": "0",
        "label_role": "hard_negative",
        "name": "Medorra de Demouco",
        "municipality": "A Fonsagrada",
        "parish": "O Padrón (San Xoán)",
        "country": "ES",
        "fusion_probability": "0.97818870",
        "fusion_rank": "71",
        "max_safety_rank": "138",
        "archetype_only_rank": "267",
        "specialist_probability": "0.99284442",
        "specialist_rank": "78",
        "specialist_mean_rank": "71",
        "rank_delta_fusion_to_max": "-67",
        "negative_type": "megalithic_mound",
        "morphology_proxy": "",
        "review_lane": "mamoa_false_positive_review",
        "review_reason": "Weak-label negative ranked high on validation; inspect before treating it as true absence."
      }
    },
    {
      "type": "Feature",
      "geometry": {
        "type": "Point",
        "coordinates": [
          -6.918005473170026,
          42.79665769748439
        ]
      },
      "properties": {
        "queue": "val_top_weak_negatives",
        "priority_order": "7",
        "dataset": "val",
        "final_split": "val",
        "sample_id": "wl-neg-neg-es-pba-29683",
        "bank_id": "neg-es-pba-29683",
        "label_class": "0",
        "label_role": "hard_negative",
        "name": "Minas do Calangrón",
        "municipality": "Cervantes",
        "parish": "Cereixedo (Santiago)",
        "country": "ES",
        "fusion_probability": "0.97478521",
        "fusion_rank": "78",
        "max_safety_rank": "47",
        "archetype_only_rank": "42",
        "specialist_probability": "0.99853604",
        "specialist_rank": "37",
        "specialist_mean_rank": "67",
        "rank_delta_fusion_to_max": "31",
        "negative_type": "mining_or_quarry",
        "morphology_proxy": "",
        "review_lane": "weak_negative_review",
        "review_reason": "Weak-label negative ranked high on validation; inspect before treating it as true absence."
      }
    },
    {
      "type": "Feature",
      "geometry": {
        "type": "Point",
        "coordinates": [
          -8.728320622467985,
          42.502223980991474
        ]
      },
      "properties": {
        "queue": "val_top_weak_negatives",
        "priority_order": "8",
        "dataset": "val",
        "final_split": "val",
        "sample_id": "wl-neg-neg-es-pba-66744",
        "bank_id": "neg-es-pba-66744",
        "label_class": "0",
        "label_role": "hard_negative",
        "name": "Mámoa de Outeiro",
        "municipality": "Meis",
        "parish": "Meis (San Salvador)",
        "country": "ES",
        "fusion_probability": "0.96945850",
        "fusion_rank": "86",
        "max_safety_rank": "134",
        "archetype_only_rank": "116",
        "specialist_probability": "0.98696197",
        "specialist_rank": "93",
        "specialist_mean_rank": "87",
        "rank_delta_fusion_to_max": "-48",
        "negative_type": "megalithic_mound",
        "morphology_proxy": "",
        "review_lane": "mamoa_false_positive_review",
        "review_reason": "Weak-label negative ranked high on validation; inspect before treating it as true absence."
      }
    },
    {
      "type": "Feature",
      "geometry": {
        "type": "Point",
        "coordinates": [
          -7.119835761787136,
          43.21363333525459
        ]
      },
      "properties": {
        "queue": "val_top_weak_negatives",
        "priority_order": "9",
        "dataset": "val",
        "final_split": "val",
        "sample_id": "wl-neg-neg-es-pba-31155",
        "bank_id": "neg-es-pba-31155",
        "label_class": "0",
        "label_role": "hard_negative",
        "name": "Pena Castelo",
        "municipality": "A Fonsagrada",
        "parish": "A Veiga de Logares (Santa María)",
        "country": "ES",
        "fusion_probability": "0.95705596",
        "fusion_rank": "110",
        "max_safety_rank": "2",
        "archetype_only_rank": "2",
        "specialist_probability": "0.99891083",
        "specialist_rank": "33",
        "specialist_mean_rank": "88",
        "rank_delta_fusion_to_max": "108",
        "negative_type": "historic_fortification",
        "morphology_proxy": "",
        "review_lane": "weak_negative_review",
        "review_reason": "Weak-label negative ranked high on validation; inspect before treating it as true absence."
      }
    },
    {
      "type": "Feature",
      "geometry": {
        "type": "Point",
        "coordinates": [
          -7.124144152830854,
          42.99843514533548
        ]
      },
      "properties": {
        "queue": "val_top_weak_negatives",
        "priority_order": "10",
        "dataset": "val",
        "final_split": "val",
        "sample_id": "wl-neg-neg-es-pba-30869",
        "bank_id": "neg-es-pba-30869",
        "label_class": "0",
        "label_role": "hard_negative",
        "name": "Mámoa da Castañosa 1",
        "municipality": "A Fonsagrada",
        "parish": "San Pedro de Río (San Pedro)",
        "country": "ES",
        "fusion_probability": "0.95205577",
        "fusion_rank": "115",
        "max_safety_rank": "151",
        "archetype_only_rank": "127",
        "specialist_probability": "0.93339736",
        "specialist_rank": "193",
        "specialist_mean_rank": "151",
        "rank_delta_fusion_to_max": "-36",
        "negative_type": "megalithic_mound",
        "morphology_proxy": "",
        "review_lane": "mamoa_false_positive_review",
        "review_reason": "Weak-label negative ranked high on validation; inspect before treating it as true absence."
      }
    },
    {
      "type": "Feature",
      "geometry": {
        "type": "Point",
        "coordinates": [
          -6.913440310711644,
          42.7954118806087
        ]
      },
      "properties": {
        "queue": "val_top_weak_negatives",
        "priority_order": "11",
        "dataset": "val",
        "final_split": "val",
        "sample_id": "wl-neg-neg-es-pba-29680",
        "bank_id": "neg-es-pba-29680",
        "label_class": "0",
        "label_role": "hard_negative",
        "name": "Mina do Fócaro",
        "municipality": "Cervantes",
        "parish": "Cereixedo (Santiago)",
        "country": "ES",
        "fusion_probability": "0.94533138",
        "fusion_rank": "122",
        "max_safety_rank": "207",
        "archetype_only_rank": "180",
        "specialist_probability": "0.99460261",
        "specialist_rank": "61",
        "specialist_mean_rank": "107",
        "rank_delta_fusion_to_max": "-85",
        "negative_type": "mining_or_quarry",
        "morphology_proxy": "",
        "review_lane": "weak_negative_review",
        "review_reason": "Weak-label negative ranked high on validation; inspect before treating it as true absence."
      }
    },
    {
      "type": "Feature",
      "geometry": {
        "type": "Point",
        "coordinates": [
          -6.992004205562121,
          42.753159689133554
        ]
      },
      "properties": {
        "queue": "val_top_weak_negatives",
        "priority_order": "12",
        "dataset": "val",
        "final_split": "val",
        "sample_id": "wl-neg-neg-es-pba-29932",
        "bank_id": "neg-es-pba-29932",
        "label_class": "0",
        "label_role": "hard_negative",
        "name": "A Mina",
        "municipality": "Cervantes",
        "parish": "Vilarello (Santa María)",
        "country": "ES",
        "fusion_probability": "0.94094992",
        "fusion_rank": "128",
        "max_safety_rank": "91",
        "archetype_only_rank": "80",
        "specialist_probability": "0.99071901",
        "specialist_rank": "86",
        "specialist_mean_rank": "115",
        "rank_delta_fusion_to_max": "37",
        "negative_type": "mining_or_quarry",
        "morphology_proxy": "",
        "review_lane": "weak_negative_review",
        "review_reason": "Weak-label negative ranked high on validation; inspect before treating it as true absence."
      }
    },
    {
      "type": "Feature",
      "geometry": {
        "type": "Point",
        "coordinates": [
          -8.781004818344071,
          42.524376037427814
        ]
      },
      "properties": {
        "queue": "val_top_weak_negatives",
        "priority_order": "13",
        "dataset": "val",
        "final_split": "val",
        "sample_id": "wl-neg-neg-es-pba-61896",
        "bank_id": "neg-es-pba-61896",
        "label_class": "0",
        "label_role": "hard_negative",
        "name": "Petróglifo do Con das Sete Pías",
        "municipality": "Cambados",
        "parish": "Oubiña (San Vicenzo)",
        "country": "ES",
        "fusion_probability": "0.93548139",
        "fusion_rank": "137",
        "max_safety_rank": "139",
        "archetype_only_rank": "119",
        "specialist_probability": "0.97775164",
        "specialist_rank": "121",
        "specialist_mean_rank": "129",
        "rank_delta_fusion_to_max": "-2",
        "negative_type": "rock_art_surface",
        "morphology_proxy": "",
        "review_lane": "weak_negative_review",
        "review_reason": "Weak-label negative ranked high on validation; inspect before treating it as true absence."
      }
    },
    {
      "type": "Feature",
      "geometry": {
        "type": "Point",
        "coordinates": [
          -8.550010560347589,
          42.12694262148482
        ]
      },
      "properties": {
        "queue": "val_top_weak_negatives",
        "priority_order": "14",
        "dataset": "val",
        "final_split": "val",
        "sample_id": "wl-neg-neg-es-pba-71376",
        "bank_id": "neg-es-pba-71376",
        "label_class": "0",
        "label_role": "hard_negative",
        "name": "Mámoa do Coto da Cruz 1",
        "municipality": "Salceda de Caselas",
        "parish": "A Picoña (San Martiño)",
        "country": "ES",
        "fusion_probability": "0.92876281",
        "fusion_rank": "151",
        "max_safety_rank": "80",
        "archetype_only_rank": "70",
        "specialist_probability": "0.97506030",
        "specialist_rank": "129",
        "specialist_mean_rank": "135",
        "rank_delta_fusion_to_max": "71",
        "negative_type": "megalithic_mound",
        "morphology_proxy": "",
        "review_lane": "mamoa_false_positive_review",
        "review_reason": "Weak-label negative ranked high on validation; inspect before treating it as true absence."
      }
    },
    {
      "type": "Feature",
      "geometry": {
        "type": "Point",
        "coordinates": [
          -7.585296375774332,
          43.57672543262465
        ]
      },
      "properties": {
        "queue": "val_top_weak_negatives",
        "priority_order": "15",
        "dataset": "val",
        "final_split": "val",
        "sample_id": "wl-neg-neg-es-pba-35700",
        "bank_id": "neg-es-pba-35700",
        "label_class": "0",
        "label_role": "hard_negative",
        "name": "Castelo",
        "municipality": "Ourol",
        "parish": "Miñotos (San Pedro)",
        "country": "ES",
        "fusion_probability": "0.92788238",
        "fusion_rank": "153",
        "max_safety_rank": "79",
        "archetype_only_rank": "69",
        "specialist_probability": "0.96681159",
        "specialist_rank": "142",
        "specialist_mean_rank": "145",
        "rank_delta_fusion_to_max": "74",
        "negative_type": "historic_fortification",
        "morphology_proxy": "",
        "review_lane": "weak_negative_review",
        "review_reason": "Weak-label negative ranked high on validation; inspect before treating it as true absence."
      }
    },
    {
      "type": "Feature",
      "geometry": {
        "type": "Point",
        "coordinates": [
          -7.047195173650984,
          43.04538019425965
        ]
      },
      "properties": {
        "queue": "val_top_weak_negatives",
        "priority_order": "16",
        "dataset": "val",
        "final_split": "val",
        "sample_id": "wl-neg-neg-es-pba-30845",
        "bank_id": "neg-es-pba-30845",
        "label_class": "0",
        "label_role": "hard_negative",
        "name": "Medorra do Carballín 2",
        "municipality": "A Fonsagrada",
        "parish": "Lamas de Moreira (Santa María)",
        "country": "ES",
        "fusion_probability": "0.91451661",
        "fusion_rank": "166",
        "max_safety_rank": "194",
        "archetype_only_rank": "164",
        "specialist_probability": "0.96355902",
        "specialist_rank": "146",
        "specialist_mean_rank": "157",
        "rank_delta_fusion_to_max": "-28",
        "negative_type": "megalithic_mound",
        "morphology_proxy": "",
        "review_lane": "mamoa_false_positive_review",
        "review_reason": "Weak-label negative ranked high on validation; inspect before treating it as true absence."
      }
    },
    {
      "type": "Feature",
      "geometry": {
        "type": "Point",
        "coordinates": [
          -8.439322851707587,
          42.70877689915728
        ]
      },
      "properties": {
        "queue": "val_top_weak_negatives",
        "priority_order": "17",
        "dataset": "val",
        "final_split": "val",
        "sample_id": "wl-neg-neg-es-pba-64716",
        "bank_id": "neg-es-pba-64716",
        "label_class": "0",
        "label_role": "hard_negative",
        "name": "Artesa dos Mouros",
        "municipality": "A Estrada",
        "parish": "Callobre (San Martiño)",
        "country": "ES",
        "fusion_probability": "0.91183050",
        "fusion_rank": "169",
        "max_safety_rank": "253",
        "archetype_only_rank": "235",
        "specialist_probability": "0.93417685",
        "specialist_rank": "189",
        "specialist_mean_rank": "175",
        "rank_delta_fusion_to_max": "-84",
        "negative_type": "megalithic_mound",
        "morphology_proxy": "",
        "review_lane": "mamoa_false_positive_review",
        "review_reason": "Weak-label negative ranked high on validation; inspect before treating it as true absence."
      }
    },
    {
      "type": "Feature",
      "geometry": {
        "type": "Point",
        "coordinates": [
          -7.049171673833939,
          43.19259256708316
        ]
      },
      "properties": {
        "queue": "val_top_weak_negatives",
        "priority_order": "18",
        "dataset": "val",
        "final_split": "val",
        "sample_id": "wl-neg-neg-es-pba-31030",
        "bank_id": "neg-es-pba-31030",
        "label_class": "0",
        "label_role": "hard_negative",
        "name": "Mina de Casas de Penide/O Portalón",
        "municipality": "A Fonsagrada",
        "parish": "O Trobo (Santa María)",
        "country": "ES",
        "fusion_probability": "0.91067671",
        "fusion_rank": "171",
        "max_safety_rank": "61",
        "archetype_only_rank": "54",
        "specialist_probability": "0.99111489",
        "specialist_rank": "84",
        "specialist_mean_rank": "137",
        "rank_delta_fusion_to_max": "110",
        "negative_type": "mining_or_quarry",
        "morphology_proxy": "",
        "review_lane": "weak_negative_review",
        "review_reason": "Weak-label negative ranked high on validation; inspect before treating it as true absence."
      }
    },
    {
      "type": "Feature",
      "geometry": {
        "type": "Point",
        "coordinates": [
          -8.81471825153696,
          42.47067040256831
        ]
      },
      "properties": {
        "queue": "val_top_weak_negatives",
        "priority_order": "19",
        "dataset": "val",
        "final_split": "val",
        "sample_id": "wl-neg-neg-es-pba-61897",
        "bank_id": "neg-es-pba-61897",
        "label_class": "0",
        "label_role": "hard_negative",
        "name": "Petróglifo do Monte Castelo",
        "municipality": "Cambados",
        "parish": "Castrelo (Santa Cruz)",
        "country": "ES",
        "fusion_probability": "0.90444097",
        "fusion_rank": "174",
        "max_safety_rank": "252",
        "archetype_only_rank": "215",
        "specialist_probability": "0.91286095",
        "specialist_rank": "214",
        "specialist_mean_rank": "184",
        "rank_delta_fusion_to_max": "-78",
        "negative_type": "rock_art_surface",
        "morphology_proxy": "",
        "review_lane": "weak_negative_review",
        "review_reason": "Weak-label negative ranked high on validation; inspect before treating it as true absence."
      }
    },
    {
      "type": "Feature",
      "geometry": {
        "type": "Point",
        "coordinates": [
          -8.356431499157418,
          42.74199468035481
        ]
      },
      "properties": {
        "queue": "val_top_weak_negatives",
        "priority_order": "20",
        "dataset": "val",
        "final_split": "val",
        "sample_id": "wl-neg-neg-es-pba-64761",
        "bank_id": "neg-es-pba-64761",
        "label_class": "0",
        "label_role": "hard_negative",
        "name": "Coto da Mámoa",
        "municipality": "A Estrada",
        "parish": "Orazo (San Pedro)",
        "country": "ES",
        "fusion_probability": "0.89536087",
        "fusion_rank": "177",
        "max_safety_rank": "268",
        "archetype_only_rank": "463",
        "specialist_probability": "0.89484035",
        "specialist_rank": "233",
        "specialist_mean_rank": "193",
        "rank_delta_fusion_to_max": "-91",
        "negative_type": "megalithic_mound",
        "morphology_proxy": "",
        "review_lane": "mamoa_false_positive_review",
        "review_reason": "Weak-label negative ranked high on validation; inspect before treating it as true absence."
      }
    },
    {
      "type": "Feature",
      "geometry": {
        "type": "Point",
        "coordinates": [
          -8.550358160512626,
          42.12555999054992
        ]
      },
      "properties": {
        "queue": "val_top_weak_negatives",
        "priority_order": "21",
        "dataset": "val",
        "final_split": "val",
        "sample_id": "wl-neg-neg-es-pba-71377",
        "bank_id": "neg-es-pba-71377",
        "label_class": "0",
        "label_role": "hard_negative",
        "name": "Mámoa do Coto da Cruz 2",
        "municipality": "Salceda de Caselas",
        "parish": "Santa María de Salceda (Santa María)",
        "country": "ES",
        "fusion_probability": "0.89201780",
        "fusion_rank": "182",
        "max_safety_rank": "78",
        "archetype_only_rank": "67",
        "specialist_probability": "0.96253259",
        "specialist_rank": "150",
        "specialist_mean_rank": "173",
        "rank_delta_fusion_to_max": "104",
        "negative_type": "megalithic_mound",
        "morphology_proxy": "",
        "review_lane": "mamoa_false_positive_review",
        "review_reason": "Weak-label negative ranked high on validation; inspect before treating it as true absence."
      }
    },
    {
      "type": "Feature",
      "geometry": {
        "type": "Point",
        "coordinates": [
          -7.0492821905353065,
          42.87088315921167
        ]
      },
      "properties": {
        "queue": "val_top_weak_negatives",
        "priority_order": "22",
        "dataset": "val",
        "final_split": "val",
        "sample_id": "wl-neg-neg-es-pba-29682",
        "bank_id": "neg-es-pba-29682",
        "label_class": "0",
        "label_role": "hard_negative",
        "name": "Mina romana do Ribadón",
        "municipality": "Cervantes",
        "parish": "O Castro (Santa María)",
        "country": "ES",
        "fusion_probability": "0.88917302",
        "fusion_rank": "183",
        "max_safety_rank": "213",
        "archetype_only_rank": "182",
        "specialist_probability": "0.98468695",
        "specialist_rank": "105",
        "specialist_mean_rank": "161",
        "rank_delta_fusion_to_max": "-30",
        "negative_type": "mining_or_quarry",
        "morphology_proxy": "",
        "review_lane": "weak_negative_review",
        "review_reason": "Weak-label negative ranked high on validation; inspect before treating it as true absence."
      }
    },
    {
      "type": "Feature",
      "geometry": {
        "type": "Point",
        "coordinates": [
          -7.115432110287836,
          43.097688251825865
        ]
      },
      "properties": {
        "queue": "val_top_weak_negatives",
        "priority_order": "23",
        "dataset": "val",
        "final_split": "val",
        "sample_id": "wl-neg-neg-es-pba-30728",
        "bank_id": "neg-es-pba-30728",
        "label_class": "0",
        "label_role": "hard_negative",
        "name": "Medorra de Riba de Hortois 3",
        "municipality": "A Fonsagrada",
        "parish": "Vieiro (Santo Antonio)",
        "country": "ES",
        "fusion_probability": "0.88404131",
        "fusion_rank": "186",
        "max_safety_rank": "279",
        "archetype_only_rank": "445",
        "specialist_probability": "0.94333396",
        "specialist_rank": "180",
        "specialist_mean_rank": "181",
        "rank_delta_fusion_to_max": "-93",
        "negative_type": "megalithic_mound",
        "morphology_proxy": "",
        "review_lane": "mamoa_false_positive_review",
        "review_reason": "Weak-label negative ranked high on validation; inspect before treating it as true absence."
      }
    },
    {
      "type": "Feature",
      "geometry": {
        "type": "Point",
        "coordinates": [
          -7.909246495526192,
          43.16321221370648
        ]
      },
      "properties": {
        "queue": "val_top_weak_negatives",
        "priority_order": "24",
        "dataset": "val",
        "final_split": "val",
        "sample_id": "wl-neg-neg-es-pba-31891",
        "bank_id": "neg-es-pba-31891",
        "label_class": "0",
        "label_role": "hard_negative",
        "name": "Medoña do Marco da Picota",
        "municipality": "Guitiriz",
        "parish": "Santa Mariña de Lagostelle (Santa Mariña)",
        "country": "ES",
        "fusion_probability": "0.88310713",
        "fusion_rank": "187",
        "max_safety_rank": "281",
        "archetype_only_rank": "330",
        "specialist_probability": "0.88727935",
        "specialist_rank": "244",
        "specialist_mean_rank": "201",
        "rank_delta_fusion_to_max": "-94",
        "negative_type": "megalithic_mound",
        "morphology_proxy": "",
        "review_lane": "mamoa_false_positive_review",
        "review_reason": "Weak-label negative ranked high on validation; inspect before treating it as true absence."
      }
    },
    {
      "type": "Feature",
      "geometry": {
        "type": "Point",
        "coordinates": [
          -8.561764649747056,
          42.11424497142879
        ]
      },
      "properties": {
        "queue": "val_top_weak_negatives",
        "priority_order": "25",
        "dataset": "val",
        "final_split": "val",
        "sample_id": "wl-neg-neg-es-pba-70806",
        "bank_id": "neg-es-pba-70806",
        "label_class": "0",
        "label_role": "hard_negative",
        "name": "Castelo de Coruxeiras",
        "municipality": "Salceda de Caselas",
        "parish": "San Xurxo de Salceda (San Xurxo)",
        "country": "ES",
        "fusion_probability": "0.87645632",
        "fusion_rank": "193",
        "max_safety_rank": "230",
        "archetype_only_rank": "195",
        "specialist_probability": "0.95845361",
        "specialist_rank": "154",
        "specialist_mean_rank": "177",
        "rank_delta_fusion_to_max": "-37",
        "negative_type": "historic_fortification",
        "morphology_proxy": "",
        "review_lane": "weak_negative_review",
        "review_reason": "Weak-label negative ranked high on validation; inspect before treating it as true absence."
      }
    },
    {
      "type": "Feature",
      "geometry": {
        "type": "Point",
        "coordinates": [
          -8.267197113271848,
          42.2348283830606
        ]
      },
      "properties": {
        "queue": "val_top_weak_negatives",
        "priority_order": "26",
        "dataset": "val",
        "final_split": "val",
        "sample_id": "wl-neg-neg-es-pba-62960",
        "bank_id": "neg-es-pba-62960",
        "label_class": "0",
        "label_role": "hard_negative",
        "name": "Mámoa dos Xestiños",
        "municipality": "A Cañiza",
        "parish": "Petán (San Xián)",
        "country": "ES",
        "fusion_probability": "0.85600204",
        "fusion_rank": "198",
        "max_safety_rank": "171",
        "archetype_only_rank": "140",
        "specialist_probability": "0.91926800",
        "specialist_rank": "205",
        "specialist_mean_rank": "198",
        "rank_delta_fusion_to_max": "27",
        "negative_type": "megalithic_mound",
        "morphology_proxy": "",
        "review_lane": "mamoa_false_positive_review",
        "review_reason": "Weak-label negative ranked high on validation; inspect before treating it as true absence."
      }
    },
    {
      "type": "Feature",
      "geometry": {
        "type": "Point",
        "coordinates": [
          -8.530595277272461,
          42.53782668922602
        ]
      },
      "properties": {
        "queue": "val_top_weak_negatives",
        "priority_order": "27",
        "dataset": "val",
        "final_split": "val",
        "sample_id": "wl-neg-neg-es-pba-63868",
        "bank_id": "neg-es-pba-63868",
        "label_class": "0",
        "label_role": "hard_negative",
        "name": "Petróglifo da Riba das Rozas 1",
        "municipality": "Campo Lameiro",
        "parish": "O Campo (San Miguel)",
        "country": "ES",
        "fusion_probability": "0.83867481",
        "fusion_rank": "212",
        "max_safety_rank": "315",
        "archetype_only_rank": "374",
        "specialist_probability": "0.91999095",
        "specialist_rank": "204",
        "specialist_mean_rank": "208",
        "rank_delta_fusion_to_max": "-103",
        "negative_type": "rock_art_surface",
        "morphology_proxy": "",
        "review_lane": "weak_negative_review",
        "review_reason": "Weak-label negative ranked high on validation; inspect before treating it as true absence."
      }
    },
    {
      "type": "Feature",
      "geometry": {
        "type": "Point",
        "coordinates": [
          -8.27812291767691,
          42.26108218098405
        ]
      },
      "properties": {
        "queue": "val_top_weak_negatives",
        "priority_order": "28",
        "dataset": "val",
        "final_split": "val",
        "sample_id": "wl-neg-neg-es-pba-63098",
        "bank_id": "neg-es-pba-63098",
        "label_class": "0",
        "label_role": "hard_negative",
        "name": "Petróglifo do Outeiro das Cruces",
        "municipality": "A Cañiza",
        "parish": "Petán (San Xián)",
        "country": "ES",
        "fusion_probability": "0.83201135",
        "fusion_rank": "215",
        "max_safety_rank": "319",
        "archetype_only_rank": "473",
        "specialist_probability": "0.93677408",
        "specialist_rank": "187",
        "specialist_mean_rank": "203",
        "rank_delta_fusion_to_max": "-104",
        "negative_type": "rock_art_surface",
        "morphology_proxy": "",
        "review_lane": "weak_negative_review",
        "review_reason": "Weak-label negative ranked high on validation; inspect before treating it as true absence."
      }
    },
    {
      "type": "Feature",
      "geometry": {
        "type": "Point",
        "coordinates": [
          -7.59543124775862,
          43.10767951370981
        ]
      },
      "properties": {
        "queue": "val_top_weak_negatives",
        "priority_order": "29",
        "dataset": "val",
        "final_split": "val",
        "sample_id": "wl-neg-neg-es-pba-35933",
        "bank_id": "neg-es-pba-35933",
        "label_class": "0",
        "label_role": "hard_negative",
        "name": "Medorra do Monte de Santa Mariña 5",
        "municipality": "Outeiro de Rei",
        "parish": "Outeiro de Rei (San Xoán)",
        "country": "ES",
        "fusion_probability": "0.82898712",
        "fusion_rank": "216",
        "max_safety_rank": "107",
        "archetype_only_rank": "95",
        "specialist_probability": "0.81996092",
        "specialist_rank": "306",
        "specialist_mean_rank": "249",
        "rank_delta_fusion_to_max": "109",
        "negative_type": "megalithic_mound",
        "morphology_proxy": "",
        "review_lane": "mamoa_false_positive_review",
        "review_reason": "Weak-label negative ranked high on validation; inspect before treating it as true absence."
      }
    },
    {
      "type": "Feature",
      "geometry": {
        "type": "Point",
        "coordinates": [
          -7.595728745144799,
          43.10773438009708
        ]
      },
      "properties": {
        "queue": "val_top_weak_negatives",
        "priority_order": "30",
        "dataset": "val",
        "final_split": "val",
        "sample_id": "wl-neg-neg-es-pba-35932",
        "bank_id": "neg-es-pba-35932",
        "label_class": "0",
        "label_role": "hard_negative",
        "name": "Medorra do Monte de Santa Mariña 4",
        "municipality": "Outeiro de Rei",
        "parish": "Outeiro de Rei (San Xoán)",
        "country": "ES",
        "fusion_probability": "0.82795999",
        "fusion_rank": "217",
        "max_safety_rank": "102",
        "archetype_only_rank": "90",
        "specialist_probability": "0.82517056",
        "specialist_rank": "301",
        "specialist_mean_rank": "246",
        "rank_delta_fusion_to_max": "115",
        "negative_type": "megalithic_mound",
        "morphology_proxy": "",
        "review_lane": "mamoa_false_positive_review",
        "review_reason": "Weak-label negative ranked high on validation; inspect before treating it as true absence."
      }
    },
    {
      "type": "Feature",
      "geometry": {
        "type": "Point",
        "coordinates": [
          -7.10500769232416,
          43.09716368507587
        ]
      },
      "properties": {
        "queue": "val_top_weak_negatives",
        "priority_order": "31",
        "dataset": "val",
        "final_split": "val",
        "sample_id": "wl-neg-neg-es-pba-31265",
        "bank_id": "neg-es-pba-31265",
        "label_class": "0",
        "label_role": "hard_negative",
        "name": "Medorra de Loma de Perulledo 2",
        "municipality": "A Fonsagrada",
        "parish": "Vieiro (Santo Antonio)",
        "country": "ES",
        "fusion_probability": "0.82724419",
        "fusion_rank": "218",
        "max_safety_rank": "275",
        "archetype_only_rank": "239",
        "specialist_probability": "0.94606855",
        "specialist_rank": "174",
        "specialist_mean_rank": "199",
        "rank_delta_fusion_to_max": "-57",
        "negative_type": "megalithic_mound",
        "morphology_proxy": "",
        "review_lane": "mamoa_false_positive_review",
        "review_reason": "Weak-label negative ranked high on validation; inspect before treating it as true absence."
      }
    },
    {
      "type": "Feature",
      "geometry": {
        "type": "Point",
        "coordinates": [
          -8.559739736542484,
          42.31313377089732
        ]
      },
      "properties": {
        "queue": "val_top_weak_negatives",
        "priority_order": "32",
        "dataset": "val",
        "final_split": "val",
        "sample_id": "wl-neg-neg-es-pba-69722",
        "bank_id": "neg-es-pba-69722",
        "label_class": "0",
        "label_role": "hard_negative",
        "name": "Mámoa do Coto de Monzón",
        "municipality": "Soutomaior",
        "parish": "Soutomaior (San Salvador)",
        "country": "ES",
        "fusion_probability": "0.82616460",
        "fusion_rank": "219",
        "max_safety_rank": "115",
        "archetype_only_rank": "100",
        "specialist_probability": "0.89364931",
        "specialist_rank": "236",
        "specialist_mean_rank": "222",
        "rank_delta_fusion_to_max": "104",
        "negative_type": "megalithic_mound",
        "morphology_proxy": "",
        "review_lane": "mamoa_false_positive_review",
        "review_reason": "Weak-label negative ranked high on validation; inspect before treating it as true absence."
      }
    },
    {
      "type": "Feature",
      "geometry": {
        "type": "Point",
        "coordinates": [
          -7.142198115362116,
          43.13175726366321
        ]
      },
      "properties": {
        "queue": "val_top_weak_negatives",
        "priority_order": "33",
        "dataset": "val",
        "final_split": "val",
        "sample_id": "wl-neg-neg-es-pba-31146",
        "bank_id": "neg-es-pba-31146",
        "label_class": "0",
        "label_role": "hard_negative",
        "name": "Medorra de Chao da Pruida 2",
        "municipality": "A Fonsagrada",
        "parish": "Pacios (Santa María)",
        "country": "ES",
        "fusion_probability": "0.82566484",
        "fusion_rank": "221",
        "max_safety_rank": "327",
        "archetype_only_rank": "501",
        "specialist_probability": "0.86566675",
        "specialist_rank": "262",
        "specialist_mean_rank": "232",
        "rank_delta_fusion_to_max": "-106",
        "negative_type": "megalithic_mound",
        "morphology_proxy": "",
        "review_lane": "mamoa_false_positive_review",
        "review_reason": "Weak-label negative ranked high on validation; inspect before treating it as true absence."
      }
    },
    {
      "type": "Feature",
      "geometry": {
        "type": "Point",
        "coordinates": [
          -6.844128575106219,
          42.82408048689396
        ]
      },
      "properties": {
        "queue": "val_top_weak_negatives",
        "priority_order": "34",
        "dataset": "val",
        "final_split": "val",
        "sample_id": "wl-neg-neg-es-pba-29822",
        "bank_id": "neg-es-pba-29822",
        "label_class": "0",
        "label_role": "hard_negative",
        "name": "Petróglifo do Mostallar",
        "municipality": "Cervantes",
        "parish": "Donís (San Fiz)",
        "country": "ES",
        "fusion_probability": "0.82382922",
        "fusion_rank": "224",
        "max_safety_rank": "332",
        "archetype_only_rank": "462",
        "specialist_probability": "0.94190284",
        "specialist_rank": "182",
        "specialist_mean_rank": "207",
        "rank_delta_fusion_to_max": "-108",
        "negative_type": "rock_art_surface",
        "morphology_proxy": "",
        "review_lane": "weak_negative_review",
        "review_reason": "Weak-label negative ranked high on validation; inspect before treating it as true absence."
      }
    },
    {
      "type": "Feature",
      "geometry": {
        "type": "Point",
        "coordinates": [
          -7.6341089709388905,
          43.72917176840327
        ]
      },
      "properties": {
        "queue": "val_top_weak_negatives",
        "priority_order": "35",
        "dataset": "val",
        "final_split": "val",
        "sample_id": "wl-neg-neg-es-pba-43194",
        "bank_id": "neg-es-pba-43194",
        "label_class": "0",
        "label_role": "hard_negative",
        "name": "Mámoa de Moreiras",
        "municipality": "O Vicedo",
        "parish": "San Román de Vale (San Román)",
        "country": "ES",
        "fusion_probability": "0.81497982",
        "fusion_rank": "227",
        "max_safety_rank": "338",
        "archetype_only_rank": "728",
        "specialist_probability": "0.90201107",
        "specialist_rank": "225",
        "specialist_mean_rank": "223",
        "rank_delta_fusion_to_max": "-111",
        "negative_type": "megalithic_mound",
        "morphology_proxy": "",
        "review_lane": "mamoa_false_positive_review",
        "review_reason": "Weak-label negative ranked high on validation; inspect before treating it as true absence."
      }
    },
    {
      "type": "Feature",
      "geometry": {
        "type": "Point",
        "coordinates": [
          -8.55223853888437,
          42.5425063092309
        ]
      },
      "properties": {
        "queue": "val_top_weak_negatives",
        "priority_order": "36",
        "dataset": "val",
        "final_split": "val",
        "sample_id": "wl-neg-neg-es-pba-63705",
        "bank_id": "neg-es-pba-63705",
        "label_class": "0",
        "label_role": "hard_negative",
        "name": "Petróglifo de Penalba 2",
        "municipality": "Campo Lameiro",
        "parish": "O Campo (San Miguel)",
        "country": "ES",
        "fusion_probability": "0.81488843",
        "fusion_rank": "228",
        "max_safety_rank": "96",
        "archetype_only_rank": "83",
        "specialist_probability": "0.92946551",
        "specialist_rank": "200",
        "specialist_mean_rank": "211",
        "rank_delta_fusion_to_max": "132",
        "negative_type": "rock_art_surface",
        "morphology_proxy": "",
        "review_lane": "weak_negative_review",
        "review_reason": "Weak-label negative ranked high on validation; inspect before treating it as true absence."
      }
    },
    {
      "type": "Feature",
      "geometry": {
        "type": "Point",
        "coordinates": [
          -7.711660523297318,
          43.10754875115939
        ]
      },
      "properties": {
        "queue": "val_top_weak_negatives",
        "priority_order": "37",
        "dataset": "val",
        "final_split": "val",
        "sample_id": "wl-neg-neg-es-pba-36010",
        "bank_id": "neg-es-pba-36010",
        "label_class": "0",
        "label_role": "hard_negative",
        "name": "Medorra do Coto 1",
        "municipality": "Outeiro de Rei",
        "parish": "San Tomé de Gaioso (San Tom‚)",
        "country": "ES",
        "fusion_probability": "0.81007009",
        "fusion_rank": "231",
        "max_safety_rank": "289",
        "archetype_only_rank": "248",
        "specialist_probability": "0.86122046",
        "specialist_rank": "264",
        "specialist_mean_rank": "241",
        "rank_delta_fusion_to_max": "-58",
        "negative_type": "megalithic_mound",
        "morphology_proxy": "",
        "review_lane": "mamoa_false_positive_review",
        "review_reason": "Weak-label negative ranked high on validation; inspect before treating it as true absence."
      }
    },
    {
      "type": "Feature",
      "geometry": {
        "type": "Point",
        "coordinates": [
          -7.133576098641973,
          43.25734370576121
        ]
      },
      "properties": {
        "queue": "val_top_weak_negatives",
        "priority_order": "38",
        "dataset": "val",
        "final_split": "val",
        "sample_id": "wl-neg-neg-es-pba-30843",
        "bank_id": "neg-es-pba-30843",
        "label_class": "0",
        "label_role": "hard_negative",
        "name": "Medorra do Campo das Cruces 5",
        "municipality": "A Fonsagrada",
        "parish": "Carballido (Santa María)",
        "country": "ES",
        "fusion_probability": "0.80354639",
        "fusion_rank": "239",
        "max_safety_rank": "350",
        "archetype_only_rank": "1138",
        "specialist_probability": "0.76640767",
        "specialist_rank": "352",
        "specialist_mean_rank": "290",
        "rank_delta_fusion_to_max": "-111",
        "negative_type": "megalithic_mound",
        "morphology_proxy": "",
        "review_lane": "mamoa_false_positive_review",
        "review_reason": "Weak-label negative ranked high on validation; inspect before treating it as true absence."
      }
    },
    {
      "type": "Feature",
      "geometry": {
        "type": "Point",
        "coordinates": [
          -7.06827325699685,
          43.01844401405456
        ]
      },
      "properties": {
        "queue": "val_top_weak_negatives",
        "priority_order": "39",
        "dataset": "val",
        "final_split": "val",
        "sample_id": "wl-neg-neg-es-pba-30909",
        "bank_id": "neg-es-pba-30909",
        "label_class": "0",
        "label_role": "hard_negative",
        "name": "Medorra da Campa do Searo",
        "municipality": "A Fonsagrada",
        "parish": "Lamas de Moreira (Santa María)",
        "country": "ES",
        "fusion_probability": "0.80196712",
        "fusion_rank": "241",
        "max_safety_rank": "351",
        "archetype_only_rank": "602",
        "specialist_probability": "0.83153175",
        "specialist_rank": "296",
        "specialist_mean_rank": "265",
        "rank_delta_fusion_to_max": "-110",
        "negative_type": "megalithic_mound",
        "morphology_proxy": "",
        "review_lane": "mamoa_false_positive_review",
        "review_reason": "Weak-label negative ranked high on validation; inspect before treating it as true absence."
      }
    },
    {
      "type": "Feature",
      "geometry": {
        "type": "Point",
        "coordinates": [
          -7.899188895191932,
          43.1181709476038
        ]
      },
      "properties": {
        "queue": "val_top_weak_negatives",
        "priority_order": "40",
        "dataset": "val",
        "final_split": "val",
        "sample_id": "wl-neg-neg-es-pba-32009",
        "bank_id": "neg-es-pba-32009",
        "label_class": "0",
        "label_role": "hard_negative",
        "name": "Medorra de Pegureiros 1",
        "municipality": "Guitiriz",
        "parish": "As Negradas (San Vicenzo)",
        "country": "ES",
        "fusion_probability": "0.79888826",
        "fusion_rank": "244",
        "max_safety_rank": "355",
        "archetype_only_rank": "623",
        "specialist_probability": "0.84694494",
        "specialist_rank": "273",
        "specialist_mean_rank": "252",
        "rank_delta_fusion_to_max": "-111",
        "negative_type": "megalithic_mound",
        "morphology_proxy": "",
        "review_lane": "mamoa_false_positive_review",
        "review_reason": "Weak-label negative ranked high on validation; inspect before treating it as true absence."
      }
    },
    {
      "type": "Feature",
      "geometry": {
        "type": "Point",
        "coordinates": [
          -8.207254928279895,
          42.24221909970552
        ]
      },
      "properties": {
        "queue": "val_top_weak_negatives",
        "priority_order": "41",
        "dataset": "val",
        "final_split": "val",
        "sample_id": "wl-neg-neg-es-pba-65072",
        "bank_id": "neg-es-pba-65072",
        "label_class": "0",
        "label_role": "hard_negative",
        "name": "Petróglifo de Chan de Moeiras",
        "municipality": "Crecente",
        "parish": "Filgueira (San Pedro)",
        "country": "ES",
        "fusion_probability": "0.79732186",
        "fusion_rank": "245",
        "max_safety_rank": "243",
        "archetype_only_rank": "203",
        "specialist_probability": "0.88433123",
        "specialist_rank": "246",
        "specialist_mean_rank": "237",
        "rank_delta_fusion_to_max": "2",
        "negative_type": "rock_art_surface",
        "morphology_proxy": "",
        "review_lane": "weak_negative_review",
        "review_reason": "Weak-label negative ranked high on validation; inspect before treating it as true absence."
      }
    },
    {
      "type": "Feature",
      "geometry": {
        "type": "Point",
        "coordinates": [
          -7.081170158600008,
          43.00619875882421
        ]
      },
      "properties": {
        "queue": "val_top_weak_negatives",
        "priority_order": "42",
        "dataset": "val",
        "final_split": "val",
        "sample_id": "wl-neg-neg-es-pba-30958",
        "bank_id": "neg-es-pba-30958",
        "label_class": "0",
        "label_role": "hard_negative",
        "name": "Medorra do Pico do Guencio 1",
        "municipality": "A Fonsagrada",
        "parish": "Cabanela (Santa María)",
        "country": "ES",
        "fusion_probability": "0.79709194",
        "fusion_rank": "246",
        "max_safety_rank": "330",
        "archetype_only_rank": "281",
        "specialist_probability": "0.85595249",
        "specialist_rank": "268",
        "specialist_mean_rank": "247",
        "rank_delta_fusion_to_max": "-84",
        "negative_type": "megalithic_mound",
        "morphology_proxy": "",
        "review_lane": "mamoa_false_positive_review",
        "review_reason": "Weak-label negative ranked high on validation; inspect before treating it as true absence."
      }
    },
    {
      "type": "Feature",
      "geometry": {
        "type": "Point",
        "coordinates": [
          -7.752008687304016,
          42.553618697907616
        ]
      },
      "properties": {
        "queue": "val_top_weak_negatives",
        "priority_order": "43",
        "dataset": "val",
        "final_split": "val",
        "sample_id": "wl-neg-neg-es-pba-29260",
        "bank_id": "neg-es-pba-29260",
        "label_class": "0",
        "label_role": "hard_negative",
        "name": "Mámoa dos Agros de Sandiás 4",
        "municipality": "Chantada",
        "parish": "Vilaúxe (San Salvador)",
        "country": "ES",
        "fusion_probability": "0.79206705",
        "fusion_rank": "248",
        "max_safety_rank": "363",
        "archetype_only_rank": "1409",
        "specialist_probability": "0.80697664",
        "specialist_rank": "314",
        "specialist_mean_rank": "277",
        "rank_delta_fusion_to_max": "-115",
        "negative_type": "megalithic_mound",
        "morphology_proxy": "",
        "review_lane": "mamoa_false_positive_review",
        "review_reason": "Weak-label negative ranked high on validation; inspect before treating it as true absence."
      }
    },
    {
      "type": "Feature",
      "geometry": {
        "type": "Point",
        "coordinates": [
          -8.87134837513414,
          42.00946997838491
        ]
      },
      "properties": {
        "queue": "val_top_weak_negatives",
        "priority_order": "44",
        "dataset": "val",
        "final_split": "val",
        "sample_id": "wl-neg-neg-es-pba-69298",
        "bank_id": "neg-es-pba-69298",
        "label_class": "0",
        "label_role": "hard_negative",
        "name": "Petróglifo do Alto da Pedreira 2",
        "municipality": "Oia",
        "parish": "Oia (Santa María)",
        "country": "ES",
        "fusion_probability": "0.79105850",
        "fusion_rank": "249",
        "max_safety_rank": "360",
        "archetype_only_rank": "302",
        "specialist_probability": "0.93302500",
        "specialist_rank": "194",
        "specialist_mean_rank": "218",
        "rank_delta_fusion_to_max": "-111",
        "negative_type": "rock_art_surface",
        "morphology_proxy": "",
        "review_lane": "weak_negative_review",
        "review_reason": "Weak-label negative ranked high on validation; inspect before treating it as true absence."
      }
    },
    {
      "type": "Feature",
      "geometry": {
        "type": "Point",
        "coordinates": [
          -7.531829204219744,
          43.12087868618973
        ]
      },
      "properties": {
        "queue": "val_top_weak_negatives",
        "priority_order": "45",
        "dataset": "val",
        "final_split": "val",
        "sample_id": "wl-neg-neg-es-pba-35996",
        "bank_id": "neg-es-pba-35996",
        "label_class": "0",
        "label_role": "hard_negative",
        "name": "A Medorra",
        "municipality": "Outeiro de Rei",
        "parish": "Sobrada de Aguiar (Santa María Madanela)",
        "country": "ES",
        "fusion_probability": "0.79090114",
        "fusion_rank": "250",
        "max_safety_rank": "364",
        "archetype_only_rank": "950",
        "specialist_probability": "0.71759925",
        "specialist_rank": "396",
        "specialist_mean_rank": "316",
        "rank_delta_fusion_to_max": "-114",
        "negative_type": "megalithic_mound",
        "morphology_proxy": "",
        "review_lane": "mamoa_false_positive_review",
        "review_reason": "Weak-label negative ranked high on validation; inspect before treating it as true absence."
      }
    },
    {
      "type": "Feature",
      "geometry": {
        "type": "Point",
        "coordinates": [
          -8.406332823630136,
          42.708234080468785
        ]
      },
      "properties": {
        "queue": "val_top_weak_negatives",
        "priority_order": "46",
        "dataset": "val",
        "final_split": "val",
        "sample_id": "wl-neg-neg-es-pba-64437",
        "bank_id": "neg-es-pba-64437",
        "label_class": "0",
        "label_role": "hard_negative",
        "name": "Mámoa do Foxo",
        "municipality": "A Estrada",
        "parish": "San Pedro de Ancorados (San Pedro)",
        "country": "ES",
        "fusion_probability": "0.78875499",
        "fusion_rank": "253",
        "max_safety_rank": "309",
        "archetype_only_rank": "266",
        "specialist_probability": "0.80063122",
        "specialist_rank": "320",
        "specialist_mean_rank": "285",
        "rank_delta_fusion_to_max": "-56",
        "negative_type": "megalithic_mound",
        "morphology_proxy": "",
        "review_lane": "mamoa_false_positive_review",
        "review_reason": "Weak-label negative ranked high on validation; inspect before treating it as true absence."
      }
    },
    {
      "type": "Feature",
      "geometry": {
        "type": "Point",
        "coordinates": [
          -7.9250203313299945,
          43.182760279517744
        ]
      },
      "properties": {
        "queue": "val_top_weak_negatives",
        "priority_order": "47",
        "dataset": "val",
        "final_split": "val",
        "sample_id": "wl-neg-neg-es-pba-32359",
        "bank_id": "neg-es-pba-32359",
        "label_class": "0",
        "label_role": "hard_negative",
        "name": "Medoña das Casillas/Augas Longas",
        "municipality": "Guitiriz",
        "parish": "Santa Mariña de Lagostelle (Santa Mariña)",
        "country": "ES",
        "fusion_probability": "0.78366071",
        "fusion_rank": "255",
        "max_safety_rank": "324",
        "archetype_only_rank": "277",
        "specialist_probability": "0.79963741",
        "specialist_rank": "321",
        "specialist_mean_rank": "286",
        "rank_delta_fusion_to_max": "-69",
        "negative_type": "megalithic_mound",
        "morphology_proxy": "",
        "review_lane": "mamoa_false_positive_review",
        "review_reason": "Weak-label negative ranked high on validation; inspect before treating it as true absence."
      }
    },
    {
      "type": "Feature",
      "geometry": {
        "type": "Point",
        "coordinates": [
          -7.111886320762671,
          43.03252104687666
        ]
      },
      "properties": {
        "queue": "val_top_weak_negatives",
        "priority_order": "48",
        "dataset": "val",
        "final_split": "val",
        "sample_id": "wl-neg-neg-es-pba-30871",
        "bank_id": "neg-es-pba-30871",
        "label_class": "0",
        "label_role": "hard_negative",
        "name": "Mámoa de Fornelos",
        "municipality": "A Fonsagrada",
        "parish": "San Pedro de Río (San Pedro)",
        "country": "ES",
        "fusion_probability": "0.78360810",
        "fusion_rank": "256",
        "max_safety_rank": "241",
        "archetype_only_rank": "202",
        "specialist_probability": "0.89967327",
        "specialist_rank": "228",
        "specialist_mean_rank": "235",
        "rank_delta_fusion_to_max": "15",
        "negative_type": "megalithic_mound",
        "morphology_proxy": "",
        "review_lane": "mamoa_false_positive_review",
        "review_reason": "Weak-label negative ranked high on validation; inspect before treating it as true absence."
      }
    },
    {
      "type": "Feature",
      "geometry": {
        "type": "Point",
        "coordinates": [
          -8.87080227518098,
          42.00914593622374
        ]
      },
      "properties": {
        "queue": "val_top_weak_negatives",
        "priority_order": "49",
        "dataset": "val",
        "final_split": "val",
        "sample_id": "wl-neg-neg-es-pba-69299",
        "bank_id": "neg-es-pba-69299",
        "label_class": "0",
        "label_role": "hard_negative",
        "name": "Petróglifo do Alto da Pedreira 3",
        "municipality": "Oia",
        "parish": "Oia (Santa María)",
        "country": "ES",
        "fusion_probability": "0.77773914",
        "fusion_rank": "257",
        "max_safety_rank": "358",
        "archetype_only_rank": "300",
        "specialist_probability": "0.93390868",
        "specialist_rank": "190",
        "specialist_mean_rank": "224",
        "rank_delta_fusion_to_max": "-101",
        "negative_type": "rock_art_surface",
        "morphology_proxy": "",
        "review_lane": "weak_negative_review",
        "review_reason": "Weak-label negative ranked high on validation; inspect before treating it as true absence."
      }
    },
    {
      "type": "Feature",
      "geometry": {
        "type": "Point",
        "coordinates": [
          -8.53547428586847,
          42.52681187068434
        ]
      },
      "properties": {
        "queue": "val_top_weak_negatives",
        "priority_order": "50",
        "dataset": "val",
        "final_split": "val",
        "sample_id": "wl-neg-neg-es-pba-63735",
        "bank_id": "neg-es-pba-63735",
        "label_class": "0",
        "label_role": "hard_negative",
        "name": "Petróglifo de Praderrei",
        "municipality": "Campo Lameiro",
        "parish": "O Campo (San Miguel)",
        "country": "ES",
        "fusion_probability": "0.77746716",
        "fusion_rank": "258",
        "max_safety_rank": "199",
        "archetype_only_rank": "169",
        "specialist_probability": "0.92048955",
        "specialist_rank": "203",
        "specialist_mean_rank": "228",
        "rank_delta_fusion_to_max": "59",
        "negative_type": "rock_art_surface",
        "morphology_proxy": "",
        "review_lane": "weak_negative_review",
        "review_reason": "Weak-label negative ranked high on validation; inspect before treating it as true absence."
      }
    },
    {
      "type": "Feature",
      "geometry": {
        "type": "Point",
        "coordinates": [
          -7.73630430123401,
          42.65948803776814
        ]
      },
      "properties": {
        "queue": "val_low_rank_weak_positives",
        "priority_order": "1",
        "dataset": "val",
        "final_split": "val",
        "sample_id": "wl-pos-pos-es-pba-29397",
        "bank_id": "pos-es-pba-29397",
        "label_class": "1",
        "label_role": "positive",
        "name": "Castro de Candad",
        "municipality": "Chantada",
        "parish": "Pedrafita (Santa Baia)",
        "country": "ES",
        "fusion_probability": "0.01810499",
        "fusion_rank": "1809",
        "max_safety_rank": "1847",
        "archetype_only_rank": "1851",
        "specialist_probability": "0.00752355",
        "specialist_rank": "1845",
        "specialist_mean_rank": "1833",
        "rank_delta_fusion_to_max": "-38",
        "negative_type": "",
        "morphology_proxy": "generic_castro_hint",
        "review_lane": "low_positive_review",
        "review_reason": "Weak positive ranked low on validation; inspect label noise, morphology and imagery quality."
      }
    },
    {
      "type": "Feature",
      "geometry": {
        "type": "Point",
        "coordinates": [
          -8.498408357336032,
          42.555050382391805
        ]
      },
      "properties": {
        "queue": "val_low_rank_weak_positives",
        "priority_order": "2",
        "dataset": "val",
        "final_split": "val",
        "sample_id": "wl-pos-pos-es-pba-63859",
        "bank_id": "pos-es-pba-63859",
        "label_class": "1",
        "label_role": "positive",
        "name": "Casa do Castro",
        "municipality": "Campo Lameiro",
        "parish": "Morillas (Santiago)",
        "country": "ES",
        "fusion_probability": "0.03913724",
        "fusion_rank": "1662",
        "max_safety_rank": "1462",
        "archetype_only_rank": "1142",
        "specialist_probability": "0.08602808",
        "specialist_rank": "1449",
        "specialist_mean_rank": "1537",
        "rank_delta_fusion_to_max": "200",
        "negative_type": "",
        "morphology_proxy": "generic_castro_hint",
        "review_lane": "morphology_rescue_review",
        "review_reason": "Weak positive ranked low on validation; inspect label noise, morphology and imagery quality."
      }
    },
    {
      "type": "Feature",
      "geometry": {
        "type": "Point",
        "coordinates": [
          -7.22652655882318,
          43.49768971762742
        ]
      },
      "properties": {
        "queue": "val_low_rank_weak_positives",
        "priority_order": "3",
        "dataset": "val",
        "final_split": "val",
        "sample_id": "wl-pos-pos-es-pba-28733",
        "bank_id": "pos-es-pba-28733",
        "label_class": "1",
        "label_role": "positive",
        "name": "O Castro",
        "municipality": "Barreiros",
        "parish": "Cabarcos (San Xulián)",
        "country": "ES",
        "fusion_probability": "0.04129379",
        "fusion_rank": "1649",
        "max_safety_rank": "1798",
        "archetype_only_rank": "1715",
        "specialist_probability": "0.04526121",
        "specialist_rank": "1637",
        "specialist_mean_rank": "1650",
        "rank_delta_fusion_to_max": "-149",
        "negative_type": "",
        "morphology_proxy": "generic_castro_hint",
        "review_lane": "low_positive_review",
        "review_reason": "Weak positive ranked low on validation; inspect label noise, morphology and imagery quality."
      }
    },
    {
      "type": "Feature",
      "geometry": {
        "type": "Point",
        "coordinates": [
          -7.430037611209077,
          41.983278496802875
        ]
      },
      "properties": {
        "queue": "val_low_rank_weak_positives",
        "priority_order": "4",
        "dataset": "val",
        "final_split": "val",
        "sample_id": "wl-pos-pos-es-pba-47185",
        "bank_id": "pos-es-pba-47185",
        "label_class": "1",
        "label_role": "positive",
        "name": "Xacemento romano do Castro",
        "municipality": "Castrelo do Val",
        "parish": "Castrelo do Val (Santa María)",
        "country": "ES",
        "fusion_probability": "0.07739268",
        "fusion_rank": "1436",
        "max_safety_rank": "1700",
        "archetype_only_rank": "1747",
        "specialist_probability": "0.04189936",
        "specialist_rank": "1663",
        "specialist_mean_rank": "1554",
        "rank_delta_fusion_to_max": "-264",
        "negative_type": "",
        "morphology_proxy": "generic_castro_hint",
        "review_lane": "low_positive_review",
        "review_reason": "Weak positive ranked low on validation; inspect label noise, morphology and imagery quality."
      }
    },
    {
      "type": "Feature",
      "geometry": {
        "type": "Point",
        "coordinates": [
          -8.292134315507132,
          42.85166278030645
        ]
      },
      "properties": {
        "queue": "val_low_rank_weak_positives",
        "priority_order": "5",
        "dataset": "val",
        "final_split": "val",
        "sample_id": "wl-pos-pos-es-pba-25010",
        "bank_id": "pos-es-pba-25010",
        "label_class": "1",
        "label_role": "positive",
        "name": "Castro de Fao/A Croa do Castro",
        "municipality": "Touro",
        "parish": "Fao (Santa Uxía)",
        "country": "ES",
        "fusion_probability": "0.08539632",
        "fusion_rank": "1396",
        "max_safety_rank": "1689",
        "archetype_only_rank": "1505",
        "specialist_probability": "0.06784824",
        "specialist_rank": "1523",
        "specialist_mean_rank": "1477",
        "rank_delta_fusion_to_max": "-293",
        "negative_type": "",
        "morphology_proxy": "croa_top_ring_hint",
        "review_lane": "low_positive_review",
        "review_reason": "Weak positive ranked low on validation; inspect label noise, morphology and imagery quality."
      }
    },
    {
      "type": "Feature",
      "geometry": {
        "type": "Point",
        "coordinates": [
          -8.873630702842346,
          42.04729664956693
        ]
      },
      "properties": {
        "queue": "val_low_rank_weak_positives",
        "priority_order": "6",
        "dataset": "val",
        "final_split": "val",
        "sample_id": "wl-pos-pos-es-pba-69292",
        "bank_id": "pos-es-pba-69292",
        "label_class": "1",
        "label_role": "positive",
        "name": "Castro de Mougás/O Crasto",
        "municipality": "Oia",
        "parish": "Mougás (Santa Uxía)",
        "country": "ES",
        "fusion_probability": "0.09069705",
        "fusion_rank": "1379",
        "max_safety_rank": "1129",
        "archetype_only_rank": "840",
        "specialist_probability": "0.16786066",
        "specialist_rank": "1132",
        "specialist_mean_rank": "1246",
        "rank_delta_fusion_to_max": "250",
        "negative_type": "",
        "morphology_proxy": "generic_castro_hint",
        "review_lane": "morphology_rescue_review",
        "review_reason": "Weak positive ranked low on validation; inspect label noise, morphology and imagery quality."
      }
    },
    {
      "type": "Feature",
      "geometry": {
        "type": "Point",
        "coordinates": [
          -8.870525020034952,
          42.00168284674323
        ]
      },
      "properties": {
        "queue": "val_low_rank_weak_positives",
        "priority_order": "7",
        "dataset": "val",
        "final_split": "val",
        "sample_id": "wl-pos-pos-es-pba-69293",
        "bank_id": "pos-es-pba-69293",
        "label_class": "1",
        "label_role": "positive",
        "name": "Castro do Bosque",
        "municipality": "Oia",
        "parish": "Oia (Santa María)",
        "country": "ES",
        "fusion_probability": "0.11367415",
        "fusion_rank": "1276",
        "max_safety_rank": "682",
        "archetype_only_rank": "527",
        "specialist_probability": "0.20739888",
        "specialist_rank": "1018",
        "specialist_mean_rank": "1134",
        "rank_delta_fusion_to_max": "594",
        "negative_type": "",
        "morphology_proxy": "generic_castro_hint",
        "review_lane": "morphology_rescue_review",
        "review_reason": "Weak positive ranked low on validation; inspect label noise, morphology and imagery quality."
      }
    },
    {
      "type": "Feature",
      "geometry": {
        "type": "Point",
        "coordinates": [
          -7.7831353652966575,
          42.62972719004807
        ]
      },
      "properties": {
        "queue": "val_low_rank_weak_positives",
        "priority_order": "8",
        "dataset": "val",
        "final_split": "val",
        "sample_id": "wl-pos-pos-es-pba-29400",
        "bank_id": "pos-es-pba-29400",
        "label_class": "1",
        "label_role": "positive",
        "name": "Castro de Fornas de Abaixo",
        "municipality": "Chantada",
        "parish": "Fornas (San Cristovo)",
        "country": "ES",
        "fusion_probability": "0.11639624",
        "fusion_rank": "1271",
        "max_safety_rank": "1600",
        "archetype_only_rank": "1771",
        "specialist_probability": "0.07900962",
        "specialist_rank": "1483",
        "specialist_mean_rank": "1384",
        "rank_delta_fusion_to_max": "-329",
        "negative_type": "",
        "morphology_proxy": "generic_castro_hint",
        "review_lane": "low_positive_review",
        "review_reason": "Weak positive ranked low on validation; inspect label noise, morphology and imagery quality."
      }
    },
    {
      "type": "Feature",
      "geometry": {
        "type": "Point",
        "coordinates": [
          -7.691766418642054,
          42.06769143866022
        ]
      },
      "properties": {
        "queue": "val_low_rank_weak_positives",
        "priority_order": "9",
        "dataset": "val",
        "final_split": "val",
        "sample_id": "wl-pos-pos-es-pba-50798",
        "bank_id": "pos-es-pba-50798",
        "label_class": "1",
        "label_role": "positive",
        "name": "Os Castros",
        "municipality": "Xinzo de Limia",
        "parish": "Boado (San Pedro)",
        "country": "ES",
        "fusion_probability": "0.11805206",
        "fusion_rank": "1262",
        "max_safety_rank": "1088",
        "archetype_only_rank": "802",
        "specialist_probability": "0.08753986",
        "specialist_rank": "1440",
        "specialist_mean_rank": "1359",
        "rank_delta_fusion_to_max": "174",
        "negative_type": "",
        "morphology_proxy": "generic_castro_hint",
        "review_lane": "morphology_rescue_review",
        "review_reason": "Weak positive ranked low on validation; inspect label noise, morphology and imagery quality."
      }
    },
    {
      "type": "Feature",
      "geometry": {
        "type": "Point",
        "coordinates": [
          -8.371981855979755,
          43.03783465326497
        ]
      },
      "properties": {
        "queue": "val_low_rank_weak_positives",
        "priority_order": "10",
        "dataset": "val",
        "final_split": "val",
        "sample_id": "wl-pos-pos-es-pba-15670",
        "bank_id": "pos-es-pba-15670",
        "label_class": "1",
        "label_role": "positive",
        "name": "Castro de Recouso",
        "municipality": "Oroso",
        "parish": "Marzoa (San Martiño)",
        "country": "ES",
        "fusion_probability": "0.12385128",
        "fusion_rank": "1232",
        "max_safety_rank": "1572",
        "archetype_only_rank": "1529",
        "specialist_probability": "0.06152272",
        "specialist_rank": "1549",
        "specialist_mean_rank": "1407",
        "rank_delta_fusion_to_max": "-340",
        "negative_type": "",
        "morphology_proxy": "generic_castro_hint",
        "review_lane": "low_positive_review",
        "review_reason": "Weak positive ranked low on validation; inspect label noise, morphology and imagery quality."
      }
    },
    {
      "type": "Feature",
      "geometry": {
        "type": "Point",
        "coordinates": [
          -8.93655550311836,
          42.47882860854801
        ]
      },
      "properties": {
        "queue": "val_low_rank_weak_positives",
        "priority_order": "11",
        "dataset": "val",
        "final_split": "val",
        "sample_id": "wl-pos-pos-es-pba-65613",
        "bank_id": "pos-es-pba-65613",
        "label_class": "1",
        "label_role": "positive",
        "name": "O Castriño",
        "municipality": "O Grove",
        "parish": "San Vicente do Grove (San Vicente)",
        "country": "ES",
        "fusion_probability": "0.13708068",
        "fusion_rank": "1187",
        "max_safety_rank": "387",
        "archetype_only_rank": "319",
        "specialist_probability": "0.10524068",
        "specialist_rank": "1362",
        "specialist_mean_rank": "1277",
        "rank_delta_fusion_to_max": "800",
        "negative_type": "",
        "morphology_proxy": "generic_castro_hint",
        "review_lane": "morphology_rescue_review",
        "review_reason": "Weak positive ranked low on validation; inspect label noise, morphology and imagery quality."
      }
    },
    {
      "type": "Feature",
      "geometry": {
        "type": "Point",
        "coordinates": [
          -8.349194247384062,
          42.87484630800282
        ]
      },
      "properties": {
        "queue": "val_low_rank_weak_positives",
        "priority_order": "12",
        "dataset": "val",
        "final_split": "val",
        "sample_id": "wl-pos-pos-es-pba-24978",
        "bank_id": "pos-es-pba-24978",
        "label_class": "1",
        "label_role": "positive",
        "name": "Castro da Copa",
        "municipality": "Touro",
        "parish": "Loxo (Santa María)",
        "country": "ES",
        "fusion_probability": "0.16008421",
        "fusion_rank": "1105",
        "max_safety_rank": "1346",
        "archetype_only_rank": "1024",
        "specialist_probability": "0.19678545",
        "specialist_rank": "1045",
        "specialist_mean_rank": "1085",
        "rank_delta_fusion_to_max": "-241",
        "negative_type": "",
        "morphology_proxy": "generic_castro_hint",
        "review_lane": "low_positive_review",
        "review_reason": "Weak positive ranked low on validation; inspect label noise, morphology and imagery quality."
      }
    },
    {
      "type": "Feature",
      "geometry": {
        "type": "Point",
        "coordinates": [
          -7.58788984405704,
          43.55460111284514
        ]
      },
      "properties": {
        "queue": "val_low_rank_weak_positives",
        "priority_order": "13",
        "dataset": "val",
        "final_split": "val",
        "sample_id": "wl-pos-pos-es-pba-35730",
        "bank_id": "pos-es-pba-35730",
        "label_class": "1",
        "label_role": "positive",
        "name": "Chao do Castro",
        "municipality": "Ourol",
        "parish": "Miñotos (San Pedro)",
        "country": "ES",
        "fusion_probability": "0.17160347",
        "fusion_rank": "1075",
        "max_safety_rank": "1404",
        "archetype_only_rank": "1084",
        "specialist_probability": "0.23809910",
        "specialist_rank": "948",
        "specialist_mean_rank": "1016",
        "rank_delta_fusion_to_max": "-329",
        "negative_type": "",
        "morphology_proxy": "generic_castro_hint",
        "review_lane": "low_positive_review",
        "review_reason": "Weak positive ranked low on validation; inspect label noise, morphology and imagery quality."
      }
    },
    {
      "type": "Feature",
      "geometry": {
        "type": "Point",
        "coordinates": [
          -8.34820096675144,
          42.75364922746449
        ]
      },
      "properties": {
        "queue": "val_low_rank_weak_positives",
        "priority_order": "14",
        "dataset": "val",
        "final_split": "val",
        "sample_id": "wl-pos-pos-es-pba-64727",
        "bank_id": "pos-es-pba-64727",
        "label_class": "1",
        "label_role": "positive",
        "name": "Castro Lóbrigo",
        "municipality": "A Estrada",
        "parish": "Loimil (Santa María)",
        "country": "ES",
        "fusion_probability": "0.17730052",
        "fusion_rank": "1058",
        "max_safety_rank": "628",
        "archetype_only_rank": "477",
        "specialist_probability": "0.15677144",
        "specialist_rank": "1161",
        "specialist_mean_rank": "1115",
        "rank_delta_fusion_to_max": "430",
        "negative_type": "",
        "morphology_proxy": "generic_castro_hint",
        "review_lane": "morphology_rescue_review",
        "review_reason": "Weak positive ranked low on validation; inspect label noise, morphology and imagery quality."
      }
    },
    {
      "type": "Feature",
      "geometry": {
        "type": "Point",
        "coordinates": [
          -8.287074011014816,
          42.91695125651633
        ]
      },
      "properties": {
        "queue": "val_low_rank_weak_positives",
        "priority_order": "15",
        "dataset": "val",
        "final_split": "val",
        "sample_id": "wl-pos-pos-es-pba-25006",
        "bank_id": "pos-es-pba-25006",
        "label_class": "1",
        "label_role": "positive",
        "name": "Castro de Abelenda",
        "municipality": "Touro",
        "parish": "San Fiz de Quión (San Fiz)",
        "country": "ES",
        "fusion_probability": "0.18670969",
        "fusion_rank": "1033",
        "max_safety_rank": "1338",
        "archetype_only_rank": "1016",
        "specialist_probability": "0.12389637",
        "specialist_rank": "1277",
        "specialist_mean_rank": "1151",
        "rank_delta_fusion_to_max": "-305",
        "negative_type": "",
        "morphology_proxy": "generic_castro_hint",
        "review_lane": "low_positive_review",
        "review_reason": "Weak positive ranked low on validation; inspect label noise, morphology and imagery quality."
      }
    },
    {
      "type": "Feature",
      "geometry": {
        "type": "Point",
        "coordinates": [
          -7.697013324407993,
          42.06697407025712
        ]
      },
      "properties": {
        "queue": "val_low_rank_weak_positives",
        "priority_order": "16",
        "dataset": "val",
        "final_split": "val",
        "sample_id": "wl-pos-pos-es-pba-50829",
        "bank_id": "pos-es-pba-50829",
        "label_class": "1",
        "label_role": "positive",
        "name": "Outeiro dos Castros/Os Castros",
        "municipality": "Xinzo de Limia",
        "parish": "Xinzo de Limia (Santa Mariña)",
        "country": "ES",
        "fusion_probability": "0.18756194",
        "fusion_rank": "1028",
        "max_safety_rank": "966",
        "archetype_only_rank": "712",
        "specialist_probability": "0.20498146",
        "specialist_rank": "1023",
        "specialist_mean_rank": "1036",
        "rank_delta_fusion_to_max": "62",
        "negative_type": "",
        "morphology_proxy": "hilltop_hint",
        "review_lane": "morphology_rescue_review",
        "review_reason": "Weak positive ranked low on validation; inspect label noise, morphology and imagery quality."
      }
    },
    {
      "type": "Feature",
      "geometry": {
        "type": "Point",
        "coordinates": [
          -7.642458623171671,
          43.593659855605146
        ]
      },
      "properties": {
        "queue": "val_low_rank_weak_positives",
        "priority_order": "17",
        "dataset": "val",
        "final_split": "val",
        "sample_id": "wl-pos-pos-es-pba-35702",
        "bank_id": "pos-es-pba-35702",
        "label_class": "1",
        "label_role": "positive",
        "name": "Castro de Pena Gateira",
        "municipality": "Ourol",
        "parish": "Bravos (Santiago)",
        "country": "ES",
        "fusion_probability": "0.18814931",
        "fusion_rank": "1025",
        "max_safety_rank": "991",
        "archetype_only_rank": "735",
        "specialist_probability": "0.29568269",
        "specialist_rank": "848",
        "specialist_mean_rank": "926",
        "rank_delta_fusion_to_max": "34",
        "negative_type": "",
        "morphology_proxy": "hilltop_hint",
        "review_lane": "morphology_rescue_review",
        "review_reason": "Weak positive ranked low on validation; inspect label noise, morphology and imagery quality."
      }
    },
    {
      "type": "Feature",
      "geometry": {
        "type": "Point",
        "coordinates": [
          -8.420101521238182,
          43.01045645925417
        ]
      },
      "properties": {
        "queue": "val_low_rank_weak_positives",
        "priority_order": "18",
        "dataset": "val",
        "final_split": "val",
        "sample_id": "wl-pos-pos-es-pba-15716",
        "bank_id": "pos-es-pba-15716",
        "label_class": "1",
        "label_role": "positive",
        "name": "O Castro/A Santiña/O Castro de Deixebre",
        "municipality": "Oroso",
        "parish": "Deixebre (Santa María)",
        "country": "ES",
        "fusion_probability": "0.19669625",
        "fusion_rank": "1002",
        "max_safety_rank": "1326",
        "archetype_only_rank": "1768",
        "specialist_probability": "0.12129720",
        "specialist_rank": "1284",
        "specialist_mean_rank": "1142",
        "rank_delta_fusion_to_max": "-324",
        "negative_type": "",
        "morphology_proxy": "generic_castro_hint",
        "review_lane": "low_positive_review",
        "review_reason": "Weak positive ranked low on validation; inspect label noise, morphology and imagery quality."
      }
    },
    {
      "type": "Feature",
      "geometry": {
        "type": "Point",
        "coordinates": [
          -7.7402667374304945,
          43.22670677229095
        ]
      },
      "properties": {
        "queue": "val_low_rank_weak_positives",
        "priority_order": "19",
        "dataset": "val",
        "final_split": "val",
        "sample_id": "wl-pos-pos-es-pba-30583",
        "bank_id": "pos-es-pba-30583",
        "label_class": "1",
        "label_role": "positive",
        "name": "A Costa de Castro",
        "municipality": "Guitiriz",
        "parish": "Pígara (San Pedro)",
        "country": "ES",
        "fusion_probability": "0.21743593",
        "fusion_rank": "958",
        "max_safety_rank": "1186",
        "archetype_only_rank": "888",
        "specialist_probability": "0.17414832",
        "specialist_rank": "1111",
        "specialist_mean_rank": "1037",
        "rank_delta_fusion_to_max": "-228",
        "negative_type": "",
        "morphology_proxy": "coastal_promontory_hint",
        "review_lane": "low_positive_review",
        "review_reason": "Weak positive ranked low on validation; inspect label noise, morphology and imagery quality."
      }
    },
    {
      "type": "Feature",
      "geometry": {
        "type": "Point",
        "coordinates": [
          -8.876937344097318,
          42.02372556074861
        ]
      },
      "properties": {
        "queue": "val_low_rank_weak_positives",
        "priority_order": "20",
        "dataset": "val",
        "final_split": "val",
        "sample_id": "wl-pos-pos-es-pba-68699",
        "bank_id": "pos-es-pba-68699",
        "label_class": "1",
        "label_role": "positive",
        "name": "O Castro",
        "municipality": "Oia",
        "parish": "Pedornes (San Mamede)",
        "country": "ES",
        "fusion_probability": "0.21771821",
        "fusion_rank": "957",
        "max_safety_rank": "872",
        "archetype_only_rank": "650",
        "specialist_probability": "0.47178881",
        "specialist_rank": "625",
        "specialist_mean_rank": "753",
        "rank_delta_fusion_to_max": "85",
        "negative_type": "",
        "morphology_proxy": "generic_castro_hint",
        "review_lane": "morphology_rescue_review",
        "review_reason": "Weak positive ranked low on validation; inspect label noise, morphology and imagery quality."
      }
    },
    {
      "type": "Feature",
      "geometry": {
        "type": "Point",
        "coordinates": [
          -8.454175784409403,
          42.7674220877566
        ]
      },
      "properties": {
        "queue": "val_low_rank_weak_positives",
        "priority_order": "21",
        "dataset": "val",
        "final_split": "val",
        "sample_id": "wl-pos-pos-es-pba-26452",
        "bank_id": "pos-es-pba-26452",
        "label_class": "1",
        "label_role": "positive",
        "name": "Xacemento do Peto/Castro Pequeno",
        "municipality": "Vedra",
        "parish": "Merín (San Cristovo)",
        "country": "ES",
        "fusion_probability": "0.21974482",
        "fusion_rank": "950",
        "max_safety_rank": "965",
        "archetype_only_rank": "711",
        "specialist_probability": "0.27782530",
        "specialist_rank": "866",
        "specialist_mean_rank": "911",
        "rank_delta_fusion_to_max": "-15",
        "negative_type": "",
        "morphology_proxy": "generic_castro_hint",
        "review_lane": "low_positive_review",
        "review_reason": "Weak positive ranked low on validation; inspect label noise, morphology and imagery quality."
      }
    },
    {
      "type": "Feature",
      "geometry": {
        "type": "Point",
        "coordinates": [
          -8.371934625986794,
          42.85362862119057
        ]
      },
      "properties": {
        "queue": "val_low_rank_weak_positives",
        "priority_order": "22",
        "dataset": "val",
        "final_split": "val",
        "sample_id": "wl-pos-pos-es-pba-24554",
        "bank_id": "pos-es-pba-24554",
        "label_class": "1",
        "label_role": "positive",
        "name": "Pombal no Castro",
        "municipality": "Touro",
        "parish": "Prevediños (Santiago)",
        "country": "ES",
        "fusion_probability": "0.22210008",
        "fusion_rank": "948",
        "max_safety_rank": "1262",
        "archetype_only_rank": "1365",
        "specialist_probability": "0.23127594",
        "specialist_rank": "962",
        "specialist_mean_rank": "962",
        "rank_delta_fusion_to_max": "-314",
        "negative_type": "",
        "morphology_proxy": "generic_castro_hint",
        "review_lane": "low_positive_review",
        "review_reason": "Weak positive ranked low on validation; inspect label noise, morphology and imagery quality."
      }
    },
    {
      "type": "Feature",
      "geometry": {
        "type": "Point",
        "coordinates": [
          -8.271432385030025,
          42.88926127313282
        ]
      },
      "properties": {
        "queue": "val_low_rank_weak_positives",
        "priority_order": "23",
        "dataset": "val",
        "final_split": "val",
        "sample_id": "wl-pos-pos-es-pba-24421",
        "bank_id": "pos-es-pba-24421",
        "label_class": "1",
        "label_role": "positive",
        "name": "Medorra de Lañas/O Castro Grande/A Medorra",
        "municipality": "Touro",
        "parish": "San Fiz de Quión (San Fiz)",
        "country": "ES",
        "fusion_probability": "0.24217846",
        "fusion_rank": "903",
        "max_safety_rank": "774",
        "archetype_only_rank": "583",
        "specialist_probability": "0.19764607",
        "specialist_rank": "1044",
        "specialist_mean_rank": "972",
        "rank_delta_fusion_to_max": "129",
        "negative_type": "",
        "morphology_proxy": "generic_castro_hint",
        "review_lane": "morphology_rescue_review",
        "review_reason": "Weak positive ranked low on validation; inspect label noise, morphology and imagery quality."
      }
    },
    {
      "type": "Feature",
      "geometry": {
        "type": "Point",
        "coordinates": [
          -8.875610947222055,
          42.01591313556622
        ]
      },
      "properties": {
        "queue": "val_low_rank_weak_positives",
        "priority_order": "24",
        "dataset": "val",
        "final_split": "val",
        "sample_id": "wl-pos-pos-es-pba-68624",
        "bank_id": "pos-es-pba-68624",
        "label_class": "1",
        "label_role": "positive",
        "name": "Monte do Castro",
        "municipality": "Oia",
        "parish": "Pedornes (San Mamede)",
        "country": "ES",
        "fusion_probability": "0.25952481",
        "fusion_rank": "864",
        "max_safety_rank": "1151",
        "archetype_only_rank": "858",
        "specialist_probability": "0.48222282",
        "specialist_rank": "612",
        "specialist_mean_rank": "716",
        "rank_delta_fusion_to_max": "-287",
        "negative_type": "",
        "morphology_proxy": "hilltop_hint",
        "review_lane": "low_positive_review",
        "review_reason": "Weak positive ranked low on validation; inspect label noise, morphology and imagery quality."
      }
    },
    {
      "type": "Feature",
      "geometry": {
        "type": "Point",
        "coordinates": [
          -8.383465351303979,
          42.97393155305773
        ]
      },
      "properties": {
        "queue": "val_low_rank_weak_positives",
        "priority_order": "25",
        "dataset": "val",
        "final_split": "val",
        "sample_id": "wl-pos-pos-es-pba-15416",
        "bank_id": "pos-es-pba-15416",
        "label_class": "1",
        "label_role": "positive",
        "name": "Medorra do Castro",
        "municipality": "Oroso",
        "parish": "Cardama (Santa María)",
        "country": "ES",
        "fusion_probability": "0.26274019",
        "fusion_rank": "858",
        "max_safety_rank": "1157",
        "archetype_only_rank": "1490",
        "specialist_probability": "0.25342668",
        "specialist_rank": "915",
        "specialist_mean_rank": "892",
        "rank_delta_fusion_to_max": "-299",
        "negative_type": "",
        "morphology_proxy": "generic_castro_hint",
        "review_lane": "low_positive_review",
        "review_reason": "Weak positive ranked low on validation; inspect label noise, morphology and imagery quality."
      }
    },
    {
      "type": "Feature",
      "geometry": {
        "type": "Point",
        "coordinates": [
          -7.8318405350245,
          43.24914822251713
        ]
      },
      "properties": {
        "queue": "val_low_rank_weak_positives",
        "priority_order": "26",
        "dataset": "val",
        "final_split": "val",
        "sample_id": "wl-pos-pos-es-pba-30085",
        "bank_id": "pos-es-pba-30085",
        "label_class": "1",
        "label_role": "positive",
        "name": "Castro de Quenllas do Forno",
        "municipality": "Guitiriz",
        "parish": "O Buriz (San Pedro)",
        "country": "ES",
        "fusion_probability": "0.27901869",
        "fusion_rank": "834",
        "max_safety_rank": "1114",
        "archetype_only_rank": "1065",
        "specialist_probability": "0.25451653",
        "specialist_rank": "911",
        "specialist_mean_rank": "872",
        "rank_delta_fusion_to_max": "-280",
        "negative_type": "",
        "morphology_proxy": "generic_castro_hint",
        "review_lane": "low_positive_review",
        "review_reason": "Weak positive ranked low on validation; inspect label noise, morphology and imagery quality."
      }
    },
    {
      "type": "Feature",
      "geometry": {
        "type": "Point",
        "coordinates": [
          -7.2715826890786825,
          43.49270929042292
        ]
      },
      "properties": {
        "queue": "val_low_rank_weak_positives",
        "priority_order": "27",
        "dataset": "val",
        "final_split": "val",
        "sample_id": "wl-pos-pos-es-pba-28587",
        "bank_id": "pos-es-pba-28587",
        "label_class": "1",
        "label_role": "positive",
        "name": "Castro de Vilamar",
        "municipality": "Barreiros",
        "parish": "San Xusto de Cabarcos (San Xusto)",
        "country": "ES",
        "fusion_probability": "0.28112437",
        "fusion_rank": "831",
        "max_safety_rank": "598",
        "archetype_only_rank": "457",
        "specialist_probability": "0.29449021",
        "specialist_rank": "850",
        "specialist_mean_rank": "837",
        "rank_delta_fusion_to_max": "233",
        "negative_type": "",
        "morphology_proxy": "coastal_promontory_hint",
        "review_lane": "morphology_rescue_review",
        "review_reason": "Weak positive ranked low on validation; inspect label noise, morphology and imagery quality."
      }
    },
    {
      "type": "Feature",
      "geometry": {
        "type": "Point",
        "coordinates": [
          -8.130357357032018,
          42.32512330754117
        ]
      },
      "properties": {
        "queue": "val_low_rank_weak_positives",
        "priority_order": "28",
        "dataset": "val",
        "final_split": "val",
        "sample_id": "wl-pos-pos-es-pba-46139",
        "bank_id": "pos-es-pba-46139",
        "label_class": "1",
        "label_role": "positive",
        "name": "O Castro/A Mourisca/Xacemento do Castro de Beade",
        "municipality": "Beade",
        "parish": "Beade (Santa María)",
        "country": "ES",
        "fusion_probability": "0.28315391",
        "fusion_rank": "826",
        "max_safety_rank": "449",
        "archetype_only_rank": "359",
        "specialist_probability": "0.50110759",
        "specialist_rank": "590",
        "specialist_mean_rank": "690",
        "rank_delta_fusion_to_max": "377",
        "negative_type": "",
        "morphology_proxy": "generic_castro_hint",
        "review_lane": "morphology_rescue_review",
        "review_reason": "Weak positive ranked low on validation; inspect label noise, morphology and imagery quality."
      }
    },
    {
      "type": "Feature",
      "geometry": {
        "type": "Point",
        "coordinates": [
          -8.399734857426045,
          42.99207149878521
        ]
      },
      "properties": {
        "queue": "val_low_rank_weak_positives",
        "priority_order": "29",
        "dataset": "val",
        "final_split": "val",
        "sample_id": "wl-pos-pos-es-pba-15606",
        "bank_id": "pos-es-pba-15606",
        "label_class": "1",
        "label_role": "positive",
        "name": "O Castro",
        "municipality": "Oroso",
        "parish": "Vilarromaris (San Tomé)",
        "country": "ES",
        "fusion_probability": "0.29308310",
        "fusion_rank": "806",
        "max_safety_rank": "1080",
        "archetype_only_rank": "1482",
        "specialist_probability": "0.26240548",
        "specialist_rank": "897",
        "specialist_mean_rank": "859",
        "rank_delta_fusion_to_max": "-274",
        "negative_type": "",
        "morphology_proxy": "generic_castro_hint",
        "review_lane": "low_positive_review",
        "review_reason": "Weak positive ranked low on validation; inspect label noise, morphology and imagery quality."
      }
    },
    {
      "type": "Feature",
      "geometry": {
        "type": "Point",
        "coordinates": [
          -8.793996969826145,
          42.540704210406204
        ]
      },
      "properties": {
        "queue": "val_low_rank_weak_positives",
        "priority_order": "30",
        "dataset": "val",
        "final_split": "val",
        "sample_id": "wl-pos-pos-es-pba-62372",
        "bank_id": "pos-es-pba-62372",
        "label_class": "1",
        "label_role": "positive",
        "name": "Castro de Tremoedo",
        "municipality": "Cambados",
        "parish": "Tremoedo (Santo Estevo)",
        "country": "ES",
        "fusion_probability": "0.29746573",
        "fusion_rank": "799",
        "max_safety_rank": "1070",
        "archetype_only_rank": "796",
        "specialist_probability": "0.26551237",
        "specialist_rank": "891",
        "specialist_mean_rank": "853",
        "rank_delta_fusion_to_max": "-271",
        "negative_type": "",
        "morphology_proxy": "generic_castro_hint",
        "review_lane": "low_positive_review",
        "review_reason": "Weak positive ranked low on validation; inspect label noise, morphology and imagery quality."
      }
    },
    {
      "type": "Feature",
      "geometry": {
        "type": "Point",
        "coordinates": [
          -7.791240455574418,
          42.09668699855397
        ]
      },
      "properties": {
        "queue": "val_low_rank_weak_positives",
        "priority_order": "31",
        "dataset": "val",
        "final_split": "val",
        "sample_id": "wl-pos-pos-es-pba-60338",
        "bank_id": "pos-es-pba-60338",
        "label_class": "1",
        "label_role": "positive",
        "name": "Castro de Vilar de Santos",
        "municipality": "Vilar de Santos",
        "parish": "Vilar de Santos (San Xoán)",
        "country": "ES",
        "fusion_probability": "0.30285307",
        "fusion_rank": "786",
        "max_safety_rank": "641",
        "archetype_only_rank": "483",
        "specialist_probability": "0.33924276",
        "specialist_rank": "775",
        "specialist_mean_rank": "792",
        "rank_delta_fusion_to_max": "145",
        "negative_type": "",
        "morphology_proxy": "generic_castro_hint",
        "review_lane": "morphology_rescue_review",
        "review_reason": "Weak positive ranked low on validation; inspect label noise, morphology and imagery quality."
      }
    },
    {
      "type": "Feature",
      "geometry": {
        "type": "Point",
        "coordinates": [
          -8.310139112072964,
          43.00550370826371
        ]
      },
      "properties": {
        "queue": "val_low_rank_weak_positives",
        "priority_order": "32",
        "dataset": "val",
        "final_split": "val",
        "sample_id": "wl-pos-pos-es-pba-15418",
        "bank_id": "pos-es-pba-15418",
        "label_class": "1",
        "label_role": "positive",
        "name": "Medorra do Castro/Castro de San Román",
        "municipality": "Oroso",
        "parish": "Pasarelos (San Román)",
        "country": "ES",
        "fusion_probability": "0.30871277",
        "fusion_rank": "774",
        "max_safety_rank": "1041",
        "archetype_only_rank": "1810",
        "specialist_probability": "0.19396114",
        "specialist_rank": "1052",
        "specialist_mean_rank": "908",
        "rank_delta_fusion_to_max": "-267",
        "negative_type": "",
        "morphology_proxy": "generic_castro_hint",
        "review_lane": "low_positive_review",
        "review_reason": "Weak positive ranked low on validation; inspect label noise, morphology and imagery quality."
      }
    },
    {
      "type": "Feature",
      "geometry": {
        "type": "Point",
        "coordinates": [
          -7.664325532601797,
          43.125007095133654
        ]
      },
      "properties": {
        "queue": "val_low_rank_weak_positives",
        "priority_order": "33",
        "dataset": "val",
        "final_split": "val",
        "sample_id": "wl-pos-pos-es-pba-35863",
        "bank_id": "pos-es-pba-35863",
        "label_class": "1",
        "label_role": "positive",
        "name": "Os Castros",
        "municipality": "Outeiro de Rei",
        "parish": "Santiago de Gaioso (Santiago)",
        "country": "ES",
        "fusion_probability": "0.30930024",
        "fusion_rank": "773",
        "max_safety_rank": "1040",
        "archetype_only_rank": "1021",
        "specialist_probability": "0.31551075",
        "specialist_rank": "813",
        "specialist_mean_rank": "807",
        "rank_delta_fusion_to_max": "-267",
        "negative_type": "",
        "morphology_proxy": "generic_castro_hint",
        "review_lane": "low_positive_review",
        "review_reason": "Weak positive ranked low on validation; inspect label noise, morphology and imagery quality."
      }
    },
    {
      "type": "Feature",
      "geometry": {
        "type": "Point",
        "coordinates": [
          -8.334945558170679,
          42.98969361010969
        ]
      },
      "properties": {
        "queue": "val_low_rank_weak_positives",
        "priority_order": "34",
        "dataset": "val",
        "final_split": "val",
        "sample_id": "wl-pos-pos-es-pba-15717",
        "bank_id": "pos-es-pba-15717",
        "label_class": "1",
        "label_role": "positive",
        "name": "O Castro/Castro da Alcaiana",
        "municipality": "Oroso",
        "parish": "Os Ánxeles (San Mamede)",
        "country": "ES",
        "fusion_probability": "0.30934317",
        "fusion_rank": "772",
        "max_safety_rank": "1039",
        "archetype_only_rank": "1550",
        "specialist_probability": "0.21359480",
        "specialist_rank": "1004",
        "specialist_mean_rank": "886",
        "rank_delta_fusion_to_max": "-267",
        "negative_type": "",
        "morphology_proxy": "generic_castro_hint",
        "review_lane": "low_positive_review",
        "review_reason": "Weak positive ranked low on validation; inspect label noise, morphology and imagery quality."
      }
    },
    {
      "type": "Feature",
      "geometry": {
        "type": "Point",
        "coordinates": [
          -7.787998531461805,
          42.58712268626072
        ]
      },
      "properties": {
        "queue": "val_low_rank_weak_positives",
        "priority_order": "35",
        "dataset": "val",
        "final_split": "val",
        "sample_id": "wl-pos-pos-es-pba-28833",
        "bank_id": "pos-es-pba-28833",
        "label_class": "1",
        "label_role": "positive",
        "name": "Castro de San Sebastián",
        "municipality": "Chantada",
        "parish": "San Salvador de Asma (San Salvador)",
        "country": "ES",
        "fusion_probability": "0.31010394",
        "fusion_rank": "770",
        "max_safety_rank": "713",
        "archetype_only_rank": "550",
        "specialist_probability": "0.29497120",
        "specialist_rank": "849",
        "specialist_mean_rank": "819",
        "rank_delta_fusion_to_max": "57",
        "negative_type": "",
        "morphology_proxy": "generic_castro_hint",
        "review_lane": "morphology_rescue_review",
        "review_reason": "Weak positive ranked low on validation; inspect label noise, morphology and imagery quality."
      }
    },
    {
      "type": "Feature",
      "geometry": {
        "type": "Point",
        "coordinates": [
          -8.702819451305215,
          42.48248479801781
        ]
      },
      "properties": {
        "queue": "val_low_rank_weak_positives",
        "priority_order": "36",
        "dataset": "val",
        "final_split": "val",
        "sample_id": "wl-pos-pos-es-pba-66619",
        "bank_id": "pos-es-pba-66619",
        "label_class": "1",
        "label_role": "positive",
        "name": "Ermida e Castelo do Monte Castrove",
        "municipality": "Meis",
        "parish": "A Armenteira (Santa María)",
        "country": "ES",
        "fusion_probability": "0.31381245",
        "fusion_rank": "766",
        "max_safety_rank": "404",
        "archetype_only_rank": "333",
        "specialist_probability": "0.40053267",
        "specialist_rank": "705",
        "specialist_mean_rank": "737",
        "rank_delta_fusion_to_max": "362",
        "negative_type": "",
        "morphology_proxy": "hilltop_hint",
        "review_lane": "morphology_rescue_review",
        "review_reason": "Weak positive ranked low on validation; inspect label noise, morphology and imagery quality."
      }
    },
    {
      "type": "Feature",
      "geometry": {
        "type": "Point",
        "coordinates": [
          -8.130668145915354,
          42.32378210273757
        ]
      },
      "properties": {
        "queue": "val_low_rank_weak_positives",
        "priority_order": "37",
        "dataset": "val",
        "final_split": "val",
        "sample_id": "wl-pos-pos-es-pba-46140",
        "bank_id": "pos-es-pba-46140",
        "label_class": "1",
        "label_role": "positive",
        "name": "O Castro/Sartego antropomorfo do Castro",
        "municipality": "Beade",
        "parish": "Beade (Santa María)",
        "country": "ES",
        "fusion_probability": "0.32044079",
        "fusion_rank": "759",
        "max_safety_rank": "1002",
        "archetype_only_rank": "743",
        "specialist_probability": "0.49630803",
        "specialist_rank": "596",
        "specialist_mean_rank": "669",
        "rank_delta_fusion_to_max": "-243",
        "negative_type": "",
        "morphology_proxy": "generic_castro_hint",
        "review_lane": "low_positive_review",
        "review_reason": "Weak positive ranked low on validation; inspect label noise, morphology and imagery quality."
      }
    },
    {
      "type": "Feature",
      "geometry": {
        "type": "Point",
        "coordinates": [
          -8.536652972635391,
          42.74668291363823
        ]
      },
      "properties": {
        "queue": "val_low_rank_weak_positives",
        "priority_order": "38",
        "dataset": "val",
        "final_split": "val",
        "sample_id": "wl-pos-pos-es-pba-64725",
        "bank_id": "pos-es-pba-64725",
        "label_class": "1",
        "label_role": "positive",
        "name": "Castro de Vila Criste",
        "municipality": "A Estrada",
        "parish": "Cora (San Miguel)",
        "country": "ES",
        "fusion_probability": "0.32509818",
        "fusion_rank": "748",
        "max_safety_rank": "567",
        "archetype_only_rank": "446",
        "specialist_probability": "0.45964074",
        "specialist_rank": "638",
        "specialist_mean_rank": "689",
        "rank_delta_fusion_to_max": "181",
        "negative_type": "",
        "morphology_proxy": "generic_castro_hint",
        "review_lane": "morphology_rescue_review",
        "review_reason": "Weak positive ranked low on validation; inspect label noise, morphology and imagery quality."
      }
    },
    {
      "type": "Feature",
      "geometry": {
        "type": "Point",
        "coordinates": [
          -8.72071779148683,
          42.719812282778975
        ]
      },
      "properties": {
        "queue": "val_low_rank_weak_positives",
        "priority_order": "39",
        "dataset": "val",
        "final_split": "val",
        "sample_id": "wl-pos-pos-es-pba-9496",
        "bank_id": "pos-es-pba-9496",
        "label_class": "1",
        "label_role": "positive",
        "name": "Conxunto de Castro",
        "municipality": "Dodro",
        "parish": "San Xoán de Laíño (San Xoán)",
        "country": "ES",
        "fusion_probability": "0.34056786",
        "fusion_rank": "734",
        "max_safety_rank": "985",
        "archetype_only_rank": "1644",
        "specialist_probability": "0.48121280",
        "specialist_rank": "613",
        "specialist_mean_rank": "663",
        "rank_delta_fusion_to_max": "-251",
        "negative_type": "",
        "morphology_proxy": "generic_castro_hint",
        "review_lane": "low_positive_review",
        "review_reason": "Weak positive ranked low on validation; inspect label noise, morphology and imagery quality."
      }
    },
    {
      "type": "Feature",
      "geometry": {
        "type": "Point",
        "coordinates": [
          -7.7678187971804125,
          42.247867507663656
        ]
      },
      "properties": {
        "queue": "val_low_rank_weak_positives",
        "priority_order": "40",
        "dataset": "val",
        "final_split": "val",
        "sample_id": "wl-pos-pos-es-pba-54470",
        "bank_id": "pos-es-pba-54470",
        "label_class": "1",
        "label_role": "positive",
        "name": "Castro de San Vicente de Coucieiro",
        "municipality": "Paderne de Allariz",
        "parish": "Coucieiro (San Vicente)",
        "country": "ES",
        "fusion_probability": "0.34380682",
        "fusion_rank": "727",
        "max_safety_rank": "980",
        "archetype_only_rank": "973",
        "specialist_probability": "0.48317890",
        "specialist_rank": "610",
        "specialist_mean_rank": "658",
        "rank_delta_fusion_to_max": "-253",
        "negative_type": "",
        "morphology_proxy": "generic_castro_hint",
        "review_lane": "low_positive_review",
        "review_reason": "Weak positive ranked low on validation; inspect label noise, morphology and imagery quality."
      }
    },
    {
      "type": "Feature",
      "geometry": {
        "type": "Point",
        "coordinates": [
          -8.674319349813626,
          42.734636908986175
        ]
      },
      "properties": {
        "queue": "val_low_rank_weak_positives",
        "priority_order": "41",
        "dataset": "val",
        "final_split": "val",
        "sample_id": "wl-pos-pos-es-pba-9494",
        "bank_id": "pos-es-pba-9494",
        "label_class": "1",
        "label_role": "positive",
        "name": "Castro de Lestrobe",
        "municipality": "Dodro",
        "parish": "Dodro (Santa María)",
        "country": "ES",
        "fusion_probability": "0.35543322",
        "fusion_rank": "717",
        "max_safety_rank": "399",
        "archetype_only_rank": "327",
        "specialist_probability": "0.59519392",
        "specialist_rank": "499",
        "specialist_mean_rank": "574",
        "rank_delta_fusion_to_max": "318",
        "negative_type": "",
        "morphology_proxy": "generic_castro_hint",
        "review_lane": "morphology_rescue_review",
        "review_reason": "Weak positive ranked low on validation; inspect label noise, morphology and imagery quality."
      }
    },
    {
      "type": "Feature",
      "geometry": {
        "type": "Point",
        "coordinates": [
          -7.079411492299075,
          42.205935551801176
        ]
      },
      "properties": {
        "queue": "val_low_rank_weak_positives",
        "priority_order": "42",
        "dataset": "val",
        "final_split": "val",
        "sample_id": "wl-pos-pos-es-pba-58803",
        "bank_id": "pos-es-pba-58803",
        "label_class": "1",
        "label_role": "positive",
        "name": "Castro do Froxancal",
        "municipality": "Viana do Bolo",
        "parish": "Hedroso (San Román)",
        "country": "ES",
        "fusion_probability": "0.35583984",
        "fusion_rank": "715",
        "max_safety_rank": "963",
        "archetype_only_rank": "1038",
        "specialist_probability": "0.60625677",
        "specialist_rank": "486",
        "specialist_mean_rank": "571",
        "rank_delta_fusion_to_max": "-248",
        "negative_type": "",
        "morphology_proxy": "generic_castro_hint",
        "review_lane": "low_positive_review",
        "review_reason": "Weak positive ranked low on validation; inspect label noise, morphology and imagery quality."
      }
    },
    {
      "type": "Feature",
      "geometry": {
        "type": "Point",
        "coordinates": [
          -8.720640967088528,
          42.72023104050819
        ]
      },
      "properties": {
        "queue": "val_low_rank_weak_positives",
        "priority_order": "43",
        "dataset": "val",
        "final_split": "val",
        "sample_id": "wl-pos-pos-es-pba-9491",
        "bank_id": "pos-es-pba-9491",
        "label_class": "1",
        "label_role": "positive",
        "name": "Castro",
        "municipality": "Dodro",
        "parish": "San Xoán de Laíño (San Xoán)",
        "country": "ES",
        "fusion_probability": "0.36011097",
        "fusion_rank": "708",
        "max_safety_rank": "952",
        "archetype_only_rank": "1435",
        "specialist_probability": "0.52962764",
        "specialist_rank": "558",
        "specialist_mean_rank": "613",
        "rank_delta_fusion_to_max": "-244",
        "negative_type": "",
        "morphology_proxy": "generic_castro_hint",
        "review_lane": "low_positive_review",
        "review_reason": "Weak positive ranked low on validation; inspect label noise, morphology and imagery quality."
      }
    },
    {
      "type": "Feature",
      "geometry": {
        "type": "Point",
        "coordinates": [
          -7.55843068307333,
          43.14166617788986
        ]
      },
      "properties": {
        "queue": "val_low_rank_weak_positives",
        "priority_order": "44",
        "dataset": "val",
        "final_split": "val",
        "sample_id": "wl-pos-pos-es-pba-35866",
        "bank_id": "pos-es-pba-35866",
        "label_class": "1",
        "label_role": "positive",
        "name": "Os Castros/Tras Os Castros",
        "municipality": "Outeiro de Rei",
        "parish": "Castelo de Rei (San Salvador)",
        "country": "ES",
        "fusion_probability": "0.36122857",
        "fusion_rank": "705",
        "max_safety_rank": "951",
        "archetype_only_rank": "1677",
        "specialist_probability": "0.31883387",
        "specialist_rank": "805",
        "specialist_mean_rank": "761",
        "rank_delta_fusion_to_max": "-246",
        "negative_type": "",
        "morphology_proxy": "generic_castro_hint",
        "review_lane": "low_positive_review",
        "review_reason": "Weak positive ranked low on validation; inspect label noise, morphology and imagery quality."
      }
    },
    {
      "type": "Feature",
      "geometry": {
        "type": "Point",
        "coordinates": [
          -8.557546992275057,
          42.561927714400476
        ]
      },
      "properties": {
        "queue": "val_low_rank_weak_positives",
        "priority_order": "45",
        "dataset": "val",
        "final_split": "val",
        "sample_id": "wl-pos-pos-es-pba-63936",
        "bank_id": "pos-es-pba-63936",
        "label_class": "1",
        "label_role": "positive",
        "name": "Castriño/Castro de Couso",
        "municipality": "Campo Lameiro",
        "parish": "O Couso (San Cristovo)",
        "country": "ES",
        "fusion_probability": "0.36127852",
        "fusion_rank": "704",
        "max_safety_rank": "950",
        "archetype_only_rank": "1029",
        "specialist_probability": "0.44601614",
        "specialist_rank": "659",
        "specialist_mean_rank": "672",
        "rank_delta_fusion_to_max": "-246",
        "negative_type": "",
        "morphology_proxy": "generic_castro_hint",
        "review_lane": "low_positive_review",
        "review_reason": "Weak positive ranked low on validation; inspect label noise, morphology and imagery quality."
      }
    },
    {
      "type": "Feature",
      "geometry": {
        "type": "Point",
        "coordinates": [
          -7.808107910388454,
          43.22323440997849
        ]
      },
      "properties": {
        "queue": "val_low_rank_weak_positives",
        "priority_order": "46",
        "dataset": "val",
        "final_split": "val",
        "sample_id": "wl-pos-pos-es-pba-30076",
        "bank_id": "pos-es-pba-30076",
        "label_class": "1",
        "label_role": "positive",
        "name": "Castro da Modia da Fraga do Rei",
        "municipality": "Guitiriz",
        "parish": "Santa Cruz de Parga (Santa Cruz)",
        "country": "ES",
        "fusion_probability": "0.37389349",
        "fusion_rank": "684",
        "max_safety_rank": "921",
        "archetype_only_rank": "1515",
        "specialist_probability": "0.30173730",
        "specialist_rank": "834",
        "specialist_mean_rank": "772",
        "rank_delta_fusion_to_max": "-237",
        "negative_type": "",
        "morphology_proxy": "generic_castro_hint",
        "review_lane": "low_positive_review",
        "review_reason": "Weak positive ranked low on validation; inspect label noise, morphology and imagery quality."
      }
    },
    {
      "type": "Feature",
      "geometry": {
        "type": "Point",
        "coordinates": [
          -7.332359619751591,
          43.26283529373789
        ]
      },
      "properties": {
        "queue": "val_low_rank_weak_positives",
        "priority_order": "47",
        "dataset": "val",
        "final_split": "val",
        "sample_id": "wl-pos-pos-es-pba-36958",
        "bank_id": "pos-es-pba-36958",
        "label_class": "1",
        "label_role": "positive",
        "name": "Pozo no Castro",
        "municipality": "Pastoriza",
        "parish": "Crecente (O Salvador)",
        "country": "ES",
        "fusion_probability": "0.37511767",
        "fusion_rank": "682",
        "max_safety_rank": "919",
        "archetype_only_rank": "1357",
        "specialist_probability": "0.22906438",
        "specialist_rank": "966",
        "specialist_mean_rank": "820",
        "rank_delta_fusion_to_max": "-237",
        "negative_type": "",
        "morphology_proxy": "generic_castro_hint",
        "review_lane": "low_positive_review",
        "review_reason": "Weak positive ranked low on validation; inspect label noise, morphology and imagery quality."
      }
    },
    {
      "type": "Feature",
      "geometry": {
        "type": "Point",
        "coordinates": [
          -8.870150879042841,
          42.0350447939914
        ]
      },
      "properties": {
        "queue": "val_low_rank_weak_positives",
        "priority_order": "48",
        "dataset": "val",
        "final_split": "val",
        "sample_id": "wl-pos-pos-es-pba-69291",
        "bank_id": "pos-es-pba-69291",
        "label_class": "1",
        "label_role": "positive",
        "name": "Castro de Cividade/Castro de Viladesuso",
        "municipality": "Oia",
        "parish": "Viladesuso (San Miguel)",
        "country": "ES",
        "fusion_probability": "0.37864594",
        "fusion_rank": "676",
        "max_safety_rank": "492",
        "archetype_only_rank": "391",
        "specialist_probability": "0.65431030",
        "specialist_rank": "455",
        "specialist_mean_rank": "536",
        "rank_delta_fusion_to_max": "184",
        "negative_type": "",
        "morphology_proxy": "large_castrexo_civitas_hint",
        "review_lane": "morphology_rescue_review",
        "review_reason": "Weak positive ranked low on validation; inspect label noise, morphology and imagery quality."
      }
    },
    {
      "type": "Feature",
      "geometry": {
        "type": "Point",
        "coordinates": [
          -8.318826260361526,
          42.86627275761193
        ]
      },
      "properties": {
        "queue": "val_low_rank_weak_positives",
        "priority_order": "49",
        "dataset": "val",
        "final_split": "val",
        "sample_id": "wl-pos-pos-es-pba-25040",
        "bank_id": "pos-es-pba-25040",
        "label_class": "1",
        "label_role": "positive",
        "name": "Castro de Touro",
        "municipality": "Touro",
        "parish": "Touro (San Xoán)",
        "country": "ES",
        "fusion_probability": "0.38972548",
        "fusion_rank": "665",
        "max_safety_rank": "887",
        "archetype_only_rank": "1302",
        "specialist_probability": "0.35065234",
        "specialist_rank": "757",
        "specialist_mean_rank": "717",
        "rank_delta_fusion_to_max": "-222",
        "negative_type": "",
        "morphology_proxy": "generic_castro_hint",
        "review_lane": "low_positive_review",
        "review_reason": "Weak positive ranked low on validation; inspect label noise, morphology and imagery quality."
      }
    },
    {
      "type": "Feature",
      "geometry": {
        "type": "Point",
        "coordinates": [
          -8.37314680950039,
          43.34327889223413
        ]
      },
      "properties": {
        "queue": "val_low_rank_weak_positives",
        "priority_order": "50",
        "dataset": "val",
        "final_split": "val",
        "sample_id": "wl-pos-pos-es-pba-15426",
        "bank_id": "pos-es-pba-15426",
        "label_class": "1",
        "label_role": "positive",
        "name": "Castro de Santa Cristina/Castro de Perillo",
        "municipality": "Oleiros",
        "parish": "Perillo (Santa Locaia)",
        "country": "ES",
        "fusion_probability": "0.39274536",
        "fusion_rank": "663",
        "max_safety_rank": "881",
        "archetype_only_rank": "1282",
        "specialist_probability": "0.26529401",
        "specialist_rank": "892",
        "specialist_mean_rank": "781",
        "rank_delta_fusion_to_max": "-218",
        "negative_type": "",
        "morphology_proxy": "generic_castro_hint",
        "review_lane": "low_positive_review",
        "review_reason": "Weak positive ranked low on validation; inspect label noise, morphology and imagery quality."
      }
    },
    {
      "type": "Feature",
      "geometry": {
        "type": "Point",
        "coordinates": [
          -8.93655550311836,
          42.47882860854801
        ]
      },
      "properties": {
        "queue": "val_morphology_rescues",
        "priority_order": "1",
        "dataset": "val",
        "final_split": "val",
        "sample_id": "wl-pos-pos-es-pba-65613",
        "bank_id": "pos-es-pba-65613",
        "label_class": "1",
        "label_role": "positive",
        "name": "O Castriño",
        "municipality": "O Grove",
        "parish": "San Vicente do Grove (San Vicente)",
        "country": "ES",
        "fusion_probability": "0.13708068",
        "fusion_rank": "1187",
        "max_safety_rank": "387",
        "archetype_only_rank": "319",
        "specialist_probability": "0.10524068",
        "specialist_rank": "1362",
        "specialist_mean_rank": "1277",
        "rank_delta_fusion_to_max": "800",
        "negative_type": "",
        "morphology_proxy": "generic_castro_hint",
        "review_lane": "morphology_rescue_review",
        "review_reason": "Weak positive moved upward by max_safety; inspect as morphology-aware training evidence."
      }
    },
    {
      "type": "Feature",
      "geometry": {
        "type": "Point",
        "coordinates": [
          -8.870525020034952,
          42.00168284674323
        ]
      },
      "properties": {
        "queue": "val_morphology_rescues",
        "priority_order": "2",
        "dataset": "val",
        "final_split": "val",
        "sample_id": "wl-pos-pos-es-pba-69293",
        "bank_id": "pos-es-pba-69293",
        "label_class": "1",
        "label_role": "positive",
        "name": "Castro do Bosque",
        "municipality": "Oia",
        "parish": "Oia (Santa María)",
        "country": "ES",
        "fusion_probability": "0.11367415",
        "fusion_rank": "1276",
        "max_safety_rank": "682",
        "archetype_only_rank": "527",
        "specialist_probability": "0.20739888",
        "specialist_rank": "1018",
        "specialist_mean_rank": "1134",
        "rank_delta_fusion_to_max": "594",
        "negative_type": "",
        "morphology_proxy": "generic_castro_hint",
        "review_lane": "morphology_rescue_review",
        "review_reason": "Weak positive moved upward by max_safety; inspect as morphology-aware training evidence."
      }
    },
    {
      "type": "Feature",
      "geometry": {
        "type": "Point",
        "coordinates": [
          -7.7000687773603875,
          43.66571995489202
        ]
      },
      "properties": {
        "queue": "val_morphology_rescues",
        "priority_order": "3",
        "dataset": "val",
        "final_split": "val",
        "sample_id": "wl-pos-pos-es-pba-12801",
        "bank_id": "pos-es-pba-12801",
        "label_class": "1",
        "label_role": "positive",
        "name": "Castro",
        "municipality": "Mañón",
        "parish": "",
        "country": "ES",
        "fusion_probability": "0.40690751",
        "fusion_rank": "636",
        "max_safety_rank": "64",
        "archetype_only_rank": "57",
        "specialist_probability": "0.89605650",
        "specialist_rank": "232",
        "specialist_mean_rank": "410",
        "rank_delta_fusion_to_max": "572",
        "negative_type": "",
        "morphology_proxy": "generic_castro_hint",
        "review_lane": "morphology_rescue_review",
        "review_reason": "Weak positive moved upward by max_safety; inspect as morphology-aware training evidence."
      }
    },
    {
      "type": "Feature",
      "geometry": {
        "type": "Point",
        "coordinates": [
          -8.34820096675144,
          42.75364922746449
        ]
      },
      "properties": {
        "queue": "val_morphology_rescues",
        "priority_order": "4",
        "dataset": "val",
        "final_split": "val",
        "sample_id": "wl-pos-pos-es-pba-64727",
        "bank_id": "pos-es-pba-64727",
        "label_class": "1",
        "label_role": "positive",
        "name": "Castro Lóbrigo",
        "municipality": "A Estrada",
        "parish": "Loimil (Santa María)",
        "country": "ES",
        "fusion_probability": "0.17730052",
        "fusion_rank": "1058",
        "max_safety_rank": "628",
        "archetype_only_rank": "477",
        "specialist_probability": "0.15677144",
        "specialist_rank": "1161",
        "specialist_mean_rank": "1115",
        "rank_delta_fusion_to_max": "430",
        "negative_type": "",
        "morphology_proxy": "generic_castro_hint",
        "review_lane": "morphology_rescue_review",
        "review_reason": "Weak positive moved upward by max_safety; inspect as morphology-aware training evidence."
      }
    },
    {
      "type": "Feature",
      "geometry": {
        "type": "Point",
        "coordinates": [
          -7.125881702664306,
          43.022003717529316
        ]
      },
      "properties": {
        "queue": "val_morphology_rescues",
        "priority_order": "5",
        "dataset": "val",
        "final_split": "val",
        "sample_id": "wl-pos-pos-es-pba-29137",
        "bank_id": "pos-es-pba-29137",
        "label_class": "1",
        "label_role": "positive",
        "name": "A Croa de Aguiar",
        "municipality": "A Fonsagrada",
        "parish": "San Pedro de Río (San Pedro)",
        "country": "ES",
        "fusion_probability": "0.58232301",
        "fusion_rank": "446",
        "max_safety_rank": "54",
        "archetype_only_rank": "48",
        "specialist_probability": "0.93057515",
        "specialist_rank": "198",
        "specialist_mean_rank": "314",
        "rank_delta_fusion_to_max": "392",
        "negative_type": "",
        "morphology_proxy": "croa_top_ring_hint",
        "review_lane": "morphology_rescue_review",
        "review_reason": "Weak positive moved upward by max_safety; inspect as morphology-aware training evidence."
      }
    },
    {
      "type": "Feature",
      "geometry": {
        "type": "Point",
        "coordinates": [
          -7.073537835454599,
          42.1504903481179
        ]
      },
      "properties": {
        "queue": "val_morphology_rescues",
        "priority_order": "6",
        "dataset": "val",
        "final_split": "val",
        "sample_id": "wl-pos-pos-es-pba-58769",
        "bank_id": "pos-es-pba-58769",
        "label_class": "1",
        "label_role": "positive",
        "name": "Castro do Castelo",
        "municipality": "Viana do Bolo",
        "parish": "Quintela de Umoso (Padre Eterno)",
        "country": "ES",
        "fusion_probability": "0.53223780",
        "fusion_rank": "490",
        "max_safety_rank": "104",
        "archetype_only_rank": "92",
        "specialist_probability": "0.89399574",
        "specialist_rank": "235",
        "specialist_mean_rank": "345",
        "rank_delta_fusion_to_max": "386",
        "negative_type": "",
        "morphology_proxy": "generic_castro_hint",
        "review_lane": "morphology_rescue_review",
        "review_reason": "Weak positive moved upward by max_safety; inspect as morphology-aware training evidence."
      }
    },
    {
      "type": "Feature",
      "geometry": {
        "type": "Point",
        "coordinates": [
          -8.130357357032018,
          42.32512330754117
        ]
      },
      "properties": {
        "queue": "val_morphology_rescues",
        "priority_order": "7",
        "dataset": "val",
        "final_split": "val",
        "sample_id": "wl-pos-pos-es-pba-46139",
        "bank_id": "pos-es-pba-46139",
        "label_class": "1",
        "label_role": "positive",
        "name": "O Castro/A Mourisca/Xacemento do Castro de Beade",
        "municipality": "Beade",
        "parish": "Beade (Santa María)",
        "country": "ES",
        "fusion_probability": "0.28315391",
        "fusion_rank": "826",
        "max_safety_rank": "449",
        "archetype_only_rank": "359",
        "specialist_probability": "0.50110759",
        "specialist_rank": "590",
        "specialist_mean_rank": "690",
        "rank_delta_fusion_to_max": "377",
        "negative_type": "",
        "morphology_proxy": "generic_castro_hint",
        "review_lane": "morphology_rescue_review",
        "review_reason": "Weak positive moved upward by max_safety; inspect as morphology-aware training evidence."
      }
    },
    {
      "type": "Feature",
      "geometry": {
        "type": "Point",
        "coordinates": [
          -8.702819451305215,
          42.48248479801781
        ]
      },
      "properties": {
        "queue": "val_morphology_rescues",
        "priority_order": "8",
        "dataset": "val",
        "final_split": "val",
        "sample_id": "wl-pos-pos-es-pba-66619",
        "bank_id": "pos-es-pba-66619",
        "label_class": "1",
        "label_role": "positive",
        "name": "Ermida e Castelo do Monte Castrove",
        "municipality": "Meis",
        "parish": "A Armenteira (Santa María)",
        "country": "ES",
        "fusion_probability": "0.31381245",
        "fusion_rank": "766",
        "max_safety_rank": "404",
        "archetype_only_rank": "333",
        "specialist_probability": "0.40053267",
        "specialist_rank": "705",
        "specialist_mean_rank": "737",
        "rank_delta_fusion_to_max": "362",
        "negative_type": "",
        "morphology_proxy": "hilltop_hint",
        "review_lane": "morphology_rescue_review",
        "review_reason": "Weak positive moved upward by max_safety; inspect as morphology-aware training evidence."
      }
    },
    {
      "type": "Feature",
      "geometry": {
        "type": "Point",
        "coordinates": [
          -7.193713469296093,
          43.561334246470715
        ]
      },
      "properties": {
        "queue": "val_morphology_rescues",
        "priority_order": "9",
        "dataset": "val",
        "final_split": "val",
        "sample_id": "wl-pos-pos-es-pba-28584",
        "bank_id": "pos-es-pba-28584",
        "label_class": "1",
        "label_role": "positive",
        "name": "Castro da Roda",
        "municipality": "Barreiros",
        "parish": "San Pedro de Benquerencia (San Pedro)",
        "country": "ES",
        "fusion_probability": "0.45732285",
        "fusion_rank": "573",
        "max_safety_rank": "227",
        "archetype_only_rank": "193",
        "specialist_probability": "0.51897778",
        "specialist_rank": "572",
        "specialist_mean_rank": "565",
        "rank_delta_fusion_to_max": "346",
        "negative_type": "",
        "morphology_proxy": "generic_castro_hint",
        "review_lane": "morphology_rescue_review",
        "review_reason": "Weak positive moved upward by max_safety; inspect as morphology-aware training evidence."
      }
    },
    {
      "type": "Feature",
      "geometry": {
        "type": "Point",
        "coordinates": [
          -7.307847458782912,
          43.6103592734137
        ]
      },
      "properties": {
        "queue": "val_morphology_rescues",
        "priority_order": "10",
        "dataset": "val",
        "final_split": "val",
        "sample_id": "wl-pos-pos-es-pba-30964",
        "bank_id": "pos-es-pba-30964",
        "label_class": "1",
        "label_role": "positive",
        "name": "Os Castros",
        "municipality": "Foz",
        "parish": "Nois (San Xiao)",
        "country": "ES",
        "fusion_probability": "0.42704203",
        "fusion_rank": "610",
        "max_safety_rank": "280",
        "archetype_only_rank": "242",
        "specialist_probability": "0.35351076",
        "specialist_rank": "752",
        "specialist_mean_rank": "691",
        "rank_delta_fusion_to_max": "330",
        "negative_type": "",
        "morphology_proxy": "generic_castro_hint",
        "review_lane": "morphology_rescue_review",
        "review_reason": "Weak positive moved upward by max_safety; inspect as morphology-aware training evidence."
      }
    },
    {
      "type": "Feature",
      "geometry": {
        "type": "Point",
        "coordinates": [
          -7.0662139779726845,
          42.217181531255015
        ]
      },
      "properties": {
        "queue": "val_morphology_rescues",
        "priority_order": "11",
        "dataset": "val",
        "final_split": "val",
        "sample_id": "wl-pos-pos-es-pba-58802",
        "bank_id": "pos-es-pba-58802",
        "label_class": "1",
        "label_role": "positive",
        "name": "Castro do Coto",
        "municipality": "Viana do Bolo",
        "parish": "Tabazoa de Hedroso (Santa María)",
        "country": "ES",
        "fusion_probability": "0.44293438",
        "fusion_rank": "591",
        "max_safety_rank": "269",
        "archetype_only_rank": "233",
        "specialist_probability": "0.71930859",
        "specialist_rank": "393",
        "specialist_mean_rank": "482",
        "rank_delta_fusion_to_max": "322",
        "negative_type": "",
        "morphology_proxy": "hilltop_hint",
        "review_lane": "morphology_rescue_review",
        "review_reason": "Weak positive moved upward by max_safety; inspect as morphology-aware training evidence."
      }
    },
    {
      "type": "Feature",
      "geometry": {
        "type": "Point",
        "coordinates": [
          -8.674319349813626,
          42.734636908986175
        ]
      },
      "properties": {
        "queue": "val_morphology_rescues",
        "priority_order": "12",
        "dataset": "val",
        "final_split": "val",
        "sample_id": "wl-pos-pos-es-pba-9494",
        "bank_id": "pos-es-pba-9494",
        "label_class": "1",
        "label_role": "positive",
        "name": "Castro de Lestrobe",
        "municipality": "Dodro",
        "parish": "Dodro (Santa María)",
        "country": "ES",
        "fusion_probability": "0.35543322",
        "fusion_rank": "717",
        "max_safety_rank": "399",
        "archetype_only_rank": "327",
        "specialist_probability": "0.59519392",
        "specialist_rank": "499",
        "specialist_mean_rank": "574",
        "rank_delta_fusion_to_max": "318",
        "negative_type": "",
        "morphology_proxy": "generic_castro_hint",
        "review_lane": "morphology_rescue_review",
        "review_reason": "Weak positive moved upward by max_safety; inspect as morphology-aware training evidence."
      }
    },
    {
      "type": "Feature",
      "geometry": {
        "type": "Point",
        "coordinates": [
          -8.562686598016521,
          42.14309059603565
        ]
      },
      "properties": {
        "queue": "val_morphology_rescues",
        "priority_order": "13",
        "dataset": "val",
        "final_split": "val",
        "sample_id": "wl-pos-pos-es-pba-70807",
        "bank_id": "pos-es-pba-70807",
        "label_class": "1",
        "label_role": "positive",
        "name": "Castro do Alto de San Cibrán",
        "municipality": "Salceda de Caselas",
        "parish": "A Picoña (San Martiño)",
        "country": "ES",
        "fusion_probability": "0.45926850",
        "fusion_rank": "567",
        "max_safety_rank": "257",
        "archetype_only_rank": "218",
        "specialist_probability": "0.72217541",
        "specialist_rank": "387",
        "specialist_mean_rank": "467",
        "rank_delta_fusion_to_max": "310",
        "negative_type": "",
        "morphology_proxy": "hilltop_hint",
        "review_lane": "morphology_rescue_review",
        "review_reason": "Weak positive moved upward by max_safety; inspect as morphology-aware training evidence."
      }
    },
    {
      "type": "Feature",
      "geometry": {
        "type": "Point",
        "coordinates": [
          -7.015414525821192,
          43.13988676353711
        ]
      },
      "properties": {
        "queue": "val_morphology_rescues",
        "priority_order": "14",
        "dataset": "val",
        "final_split": "val",
        "sample_id": "wl-pos-pos-es-pba-30789",
        "bank_id": "pos-es-pba-30789",
        "label_class": "1",
        "label_role": "positive",
        "name": "Castro de Vilarín de Arriba",
        "municipality": "A Fonsagrada",
        "parish": "San Martín de Suarna (San Martín)",
        "country": "ES",
        "fusion_probability": "0.72146020",
        "fusion_rank": "314",
        "max_safety_rank": "35",
        "archetype_only_rank": "33",
        "specialist_probability": "0.97259581",
        "specialist_rank": "132",
        "specialist_mean_rank": "230",
        "rank_delta_fusion_to_max": "279",
        "negative_type": "",
        "morphology_proxy": "generic_castro_hint",
        "review_lane": "morphology_rescue_review",
        "review_reason": "Weak positive moved upward by max_safety; inspect as morphology-aware training evidence."
      }
    },
    {
      "type": "Feature",
      "geometry": {
        "type": "Point",
        "coordinates": [
          -7.690935175991989,
          42.08279620584452
        ]
      },
      "properties": {
        "queue": "val_morphology_rescues",
        "priority_order": "15",
        "dataset": "val",
        "final_split": "val",
        "sample_id": "wl-pos-pos-es-pba-50561",
        "bank_id": "pos-es-pba-50561",
        "label_class": "1",
        "label_role": "positive",
        "name": "A Cidá/O Castro/O Monte da Cidá",
        "municipality": "Xinzo de Limia",
        "parish": "Morgade (San Tomé)",
        "country": "ES",
        "fusion_probability": "0.67576757",
        "fusion_rank": "345",
        "max_safety_rank": "90",
        "archetype_only_rank": "79",
        "specialist_probability": "0.72504113",
        "specialist_rank": "385",
        "specialist_mean_rank": "354",
        "rank_delta_fusion_to_max": "255",
        "negative_type": "",
        "morphology_proxy": "hilltop_hint",
        "review_lane": "morphology_rescue_review",
        "review_reason": "Weak positive moved upward by max_safety; inspect as morphology-aware training evidence."
      }
    },
    {
      "type": "Feature",
      "geometry": {
        "type": "Point",
        "coordinates": [
          -8.873630702842346,
          42.04729664956693
        ]
      },
      "properties": {
        "queue": "val_morphology_rescues",
        "priority_order": "16",
        "dataset": "val",
        "final_split": "val",
        "sample_id": "wl-pos-pos-es-pba-69292",
        "bank_id": "pos-es-pba-69292",
        "label_class": "1",
        "label_role": "positive",
        "name": "Castro de Mougás/O Crasto",
        "municipality": "Oia",
        "parish": "Mougás (Santa Uxía)",
        "country": "ES",
        "fusion_probability": "0.09069705",
        "fusion_rank": "1379",
        "max_safety_rank": "1129",
        "archetype_only_rank": "840",
        "specialist_probability": "0.16786066",
        "specialist_rank": "1132",
        "specialist_mean_rank": "1246",
        "rank_delta_fusion_to_max": "250",
        "negative_type": "",
        "morphology_proxy": "generic_castro_hint",
        "review_lane": "morphology_rescue_review",
        "review_reason": "Weak positive moved upward by max_safety; inspect as morphology-aware training evidence."
      }
    },
    {
      "type": "Feature",
      "geometry": {
        "type": "Point",
        "coordinates": [
          -8.750383933374424,
          42.700098938817575
        ]
      },
      "properties": {
        "queue": "val_morphology_rescues",
        "priority_order": "17",
        "dataset": "val",
        "final_split": "val",
        "sample_id": "wl-pos-pos-es-pba-9492",
        "bank_id": "pos-es-pba-9492",
        "label_class": "1",
        "label_role": "positive",
        "name": "Castro de Bexo",
        "municipality": "Dodro",
        "parish": "San Xoán de Laíño (San Xoán)",
        "country": "ES",
        "fusion_probability": "0.60886546",
        "fusion_rank": "414",
        "max_safety_rank": "174",
        "archetype_only_rank": "142",
        "specialist_probability": "0.72066771",
        "specialist_rank": "389",
        "specialist_mean_rank": "395",
        "rank_delta_fusion_to_max": "240",
        "negative_type": "",
        "morphology_proxy": "generic_castro_hint",
        "review_lane": "morphology_rescue_review",
        "review_reason": "Weak positive moved upward by max_safety; inspect as morphology-aware training evidence."
      }
    },
    {
      "type": "Feature",
      "geometry": {
        "type": "Point",
        "coordinates": [
          -7.2715826890786825,
          43.49270929042292
        ]
      },
      "properties": {
        "queue": "val_morphology_rescues",
        "priority_order": "18",
        "dataset": "val",
        "final_split": "val",
        "sample_id": "wl-pos-pos-es-pba-28587",
        "bank_id": "pos-es-pba-28587",
        "label_class": "1",
        "label_role": "positive",
        "name": "Castro de Vilamar",
        "municipality": "Barreiros",
        "parish": "San Xusto de Cabarcos (San Xusto)",
        "country": "ES",
        "fusion_probability": "0.28112437",
        "fusion_rank": "831",
        "max_safety_rank": "598",
        "archetype_only_rank": "457",
        "specialist_probability": "0.29449021",
        "specialist_rank": "850",
        "specialist_mean_rank": "837",
        "rank_delta_fusion_to_max": "233",
        "negative_type": "",
        "morphology_proxy": "coastal_promontory_hint",
        "review_lane": "morphology_rescue_review",
        "review_reason": "Weak positive moved upward by max_safety; inspect as morphology-aware training evidence."
      }
    },
    {
      "type": "Feature",
      "geometry": {
        "type": "Point",
        "coordinates": [
          -7.1105458404691495,
          42.21407681932817
        ]
      },
      "properties": {
        "queue": "val_morphology_rescues",
        "priority_order": "19",
        "dataset": "val",
        "final_split": "val",
        "sample_id": "wl-pos-pos-es-pba-58770",
        "bank_id": "pos-es-pba-58770",
        "label_class": "1",
        "label_role": "positive",
        "name": "Castro do Castelo",
        "municipality": "Viana do Bolo",
        "parish": "Covelo (San Lourenzo)",
        "country": "ES",
        "fusion_probability": "0.53614723",
        "fusion_rank": "484",
        "max_safety_rank": "255",
        "archetype_only_rank": "216",
        "specialist_probability": "0.67004517",
        "specialist_rank": "441",
        "specialist_mean_rank": "458",
        "rank_delta_fusion_to_max": "229",
        "negative_type": "",
        "morphology_proxy": "generic_castro_hint",
        "review_lane": "morphology_rescue_review",
        "review_reason": "Weak positive moved upward by max_safety; inspect as morphology-aware training evidence."
      }
    },
    {
      "type": "Feature",
      "geometry": {
        "type": "Point",
        "coordinates": [
          -7.1398942217230665,
          43.44761649145048
        ]
      },
      "properties": {
        "queue": "val_morphology_rescues",
        "priority_order": "20",
        "dataset": "val",
        "final_split": "val",
        "sample_id": "wl-pos-pos-es-pba-41057",
        "bank_id": "pos-es-pba-41057",
        "label_class": "1",
        "label_role": "positive",
        "name": "Castro de Sante",
        "municipality": "Trabada",
        "parish": "Sante (San Xiao)",
        "country": "ES",
        "fusion_probability": "0.53440459",
        "fusion_rank": "485",
        "max_safety_rank": "272",
        "archetype_only_rank": "236",
        "specialist_probability": "0.60362863",
        "specialist_rank": "488",
        "specialist_mean_rank": "491",
        "rank_delta_fusion_to_max": "213",
        "negative_type": "",
        "morphology_proxy": "generic_castro_hint",
        "review_lane": "morphology_rescue_review",
        "review_reason": "Weak positive moved upward by max_safety; inspect as morphology-aware training evidence."
      }
    },
    {
      "type": "Feature",
      "geometry": {
        "type": "Point",
        "coordinates": [
          -8.208733854064741,
          43.45940513929263
        ]
      },
      "properties": {
        "queue": "val_morphology_rescues",
        "priority_order": "21",
        "dataset": "val",
        "final_split": "val",
        "sample_id": "wl-pos-pos-es-pba-13820",
        "bank_id": "pos-es-pba-13820",
        "label_class": "1",
        "label_role": "positive",
        "name": "Castro das Escadas",
        "municipality": "Mugardos",
        "parish": "Franza (Santiago)",
        "country": "ES",
        "fusion_probability": "0.67169378",
        "fusion_rank": "351",
        "max_safety_rank": "142",
        "archetype_only_rank": "121",
        "specialist_probability": "0.71074349",
        "specialist_rank": "402",
        "specialist_mean_rank": "367",
        "rank_delta_fusion_to_max": "209",
        "negative_type": "",
        "morphology_proxy": "generic_castro_hint",
        "review_lane": "morphology_rescue_review",
        "review_reason": "Weak positive moved upward by max_safety; inspect as morphology-aware training evidence."
      }
    },
    {
      "type": "Feature",
      "geometry": {
        "type": "Point",
        "coordinates": [
          -7.177577887572078,
          43.562789112381324
        ]
      },
      "properties": {
        "queue": "val_morphology_rescues",
        "priority_order": "22",
        "dataset": "val",
        "final_split": "val",
        "sample_id": "wl-pos-pos-es-pba-28234",
        "bank_id": "pos-es-pba-28234",
        "label_class": "1",
        "label_role": "positive",
        "name": "Punta do Castro",
        "municipality": "Barreiros",
        "parish": "San Pedro de Benquerencia (San Pedro)",
        "country": "ES",
        "fusion_probability": "0.81739068",
        "fusion_rank": "225",
        "max_safety_rank": "23",
        "archetype_only_rank": "22",
        "specialist_probability": "0.82232567",
        "specialist_rank": "305",
        "specialist_mean_rank": "259",
        "rank_delta_fusion_to_max": "202",
        "negative_type": "",
        "morphology_proxy": "coastal_promontory_hint",
        "review_lane": "morphology_rescue_review",
        "review_reason": "Weak positive moved upward by max_safety; inspect as morphology-aware training evidence."
      }
    },
    {
      "type": "Feature",
      "geometry": {
        "type": "Point",
        "coordinates": [
          -8.498408357336032,
          42.555050382391805
        ]
      },
      "properties": {
        "queue": "val_morphology_rescues",
        "priority_order": "23",
        "dataset": "val",
        "final_split": "val",
        "sample_id": "wl-pos-pos-es-pba-63859",
        "bank_id": "pos-es-pba-63859",
        "label_class": "1",
        "label_role": "positive",
        "name": "Casa do Castro",
        "municipality": "Campo Lameiro",
        "parish": "Morillas (Santiago)",
        "country": "ES",
        "fusion_probability": "0.03913724",
        "fusion_rank": "1662",
        "max_safety_rank": "1462",
        "archetype_only_rank": "1142",
        "specialist_probability": "0.08602808",
        "specialist_rank": "1449",
        "specialist_mean_rank": "1537",
        "rank_delta_fusion_to_max": "200",
        "negative_type": "",
        "morphology_proxy": "generic_castro_hint",
        "review_lane": "morphology_rescue_review",
        "review_reason": "Weak positive moved upward by max_safety; inspect as morphology-aware training evidence."
      }
    },
    {
      "type": "Feature",
      "geometry": {
        "type": "Point",
        "coordinates": [
          -8.870150879042841,
          42.0350447939914
        ]
      },
      "properties": {
        "queue": "val_morphology_rescues",
        "priority_order": "24",
        "dataset": "val",
        "final_split": "val",
        "sample_id": "wl-pos-pos-es-pba-69291",
        "bank_id": "pos-es-pba-69291",
        "label_class": "1",
        "label_role": "positive",
        "name": "Castro de Cividade/Castro de Viladesuso",
        "municipality": "Oia",
        "parish": "Viladesuso (San Miguel)",
        "country": "ES",
        "fusion_probability": "0.37864594",
        "fusion_rank": "676",
        "max_safety_rank": "492",
        "archetype_only_rank": "391",
        "specialist_probability": "0.65431030",
        "specialist_rank": "455",
        "specialist_mean_rank": "536",
        "rank_delta_fusion_to_max": "184",
        "negative_type": "",
        "morphology_proxy": "large_castrexo_civitas_hint",
        "review_lane": "morphology_rescue_review",
        "review_reason": "Weak positive moved upward by max_safety; inspect as morphology-aware training evidence."
      }
    },
    {
      "type": "Feature",
      "geometry": {
        "type": "Point",
        "coordinates": [
          -8.536652972635391,
          42.74668291363823
        ]
      },
      "properties": {
        "queue": "val_morphology_rescues",
        "priority_order": "25",
        "dataset": "val",
        "final_split": "val",
        "sample_id": "wl-pos-pos-es-pba-64725",
        "bank_id": "pos-es-pba-64725",
        "label_class": "1",
        "label_role": "positive",
        "name": "Castro de Vila Criste",
        "municipality": "A Estrada",
        "parish": "Cora (San Miguel)",
        "country": "ES",
        "fusion_probability": "0.32509818",
        "fusion_rank": "748",
        "max_safety_rank": "567",
        "archetype_only_rank": "446",
        "specialist_probability": "0.45964074",
        "specialist_rank": "638",
        "specialist_mean_rank": "689",
        "rank_delta_fusion_to_max": "181",
        "negative_type": "",
        "morphology_proxy": "generic_castro_hint",
        "review_lane": "morphology_rescue_review",
        "review_reason": "Weak positive moved upward by max_safety; inspect as morphology-aware training evidence."
      }
    },
    {
      "type": "Feature",
      "geometry": {
        "type": "Point",
        "coordinates": [
          -7.691766418642054,
          42.06769143866022
        ]
      },
      "properties": {
        "queue": "val_morphology_rescues",
        "priority_order": "26",
        "dataset": "val",
        "final_split": "val",
        "sample_id": "wl-pos-pos-es-pba-50798",
        "bank_id": "pos-es-pba-50798",
        "label_class": "1",
        "label_role": "positive",
        "name": "Os Castros",
        "municipality": "Xinzo de Limia",
        "parish": "Boado (San Pedro)",
        "country": "ES",
        "fusion_probability": "0.11805206",
        "fusion_rank": "1262",
        "max_safety_rank": "1088",
        "archetype_only_rank": "802",
        "specialist_probability": "0.08753986",
        "specialist_rank": "1440",
        "specialist_mean_rank": "1359",
        "rank_delta_fusion_to_max": "174",
        "negative_type": "",
        "morphology_proxy": "generic_castro_hint",
        "review_lane": "morphology_rescue_review",
        "review_reason": "Weak positive moved upward by max_safety; inspect as morphology-aware training evidence."
      }
    },
    {
      "type": "Feature",
      "geometry": {
        "type": "Point",
        "coordinates": [
          -8.631749241499511,
          42.814394474952714
        ]
      },
      "properties": {
        "queue": "val_morphology_rescues",
        "priority_order": "27",
        "dataset": "val",
        "final_split": "val",
        "sample_id": "wl-pos-pos-es-pba-20614",
        "bank_id": "pos-es-pba-20614",
        "label_class": "1",
        "label_role": "positive",
        "name": "Castro Lupario",
        "municipality": "Rois",
        "parish": "Ribasar (Santa María)",
        "country": "ES",
        "fusion_probability": "0.75261510",
        "fusion_rank": "283",
        "max_safety_rank": "113",
        "archetype_only_rank": "99",
        "specialist_probability": "0.86759159",
        "specialist_rank": "260",
        "specialist_mean_rank": "268",
        "rank_delta_fusion_to_max": "170",
        "negative_type": "",
        "morphology_proxy": "valley_or_river_edge_hint",
        "review_lane": "morphology_rescue_review",
        "review_reason": "Weak positive moved upward by max_safety; inspect as morphology-aware training evidence."
      }
    },
    {
      "type": "Feature",
      "geometry": {
        "type": "Point",
        "coordinates": [
          -7.359339565629888,
          43.55947540129959
        ]
      },
      "properties": {
        "queue": "val_morphology_rescues",
        "priority_order": "28",
        "dataset": "val",
        "final_split": "val",
        "sample_id": "wl-pos-pos-es-pba-31194",
        "bank_id": "pos-es-pba-31194",
        "label_class": "1",
        "label_role": "positive",
        "name": "A Croa",
        "municipality": "Foz",
        "parish": "Santa Cilla do Valadouro (Santa Cilla)",
        "country": "ES",
        "fusion_probability": "0.70640580",
        "fusion_rank": "325",
        "max_safety_rank": "170",
        "archetype_only_rank": "138",
        "specialist_probability": "0.77745464",
        "specialist_rank": "342",
        "specialist_mean_rank": "324",
        "rank_delta_fusion_to_max": "155",
        "negative_type": "",
        "morphology_proxy": "croa_top_ring_hint",
        "review_lane": "morphology_rescue_review",
        "review_reason": "Weak positive moved upward by max_safety; inspect as morphology-aware training evidence."
      }
    },
    {
      "type": "Feature",
      "geometry": {
        "type": "Point",
        "coordinates": [
          -8.483543611143975,
          42.57577208588973
        ]
      },
      "properties": {
        "queue": "val_morphology_rescues",
        "priority_order": "29",
        "dataset": "val",
        "final_split": "val",
        "sample_id": "wl-pos-pos-es-pba-63455",
        "bank_id": "pos-es-pba-63455",
        "label_class": "1",
        "label_role": "positive",
        "name": "Couto do Castro/O Castro",
        "municipality": "Campo Lameiro",
        "parish": "Moimenta (Santa María)",
        "country": "ES",
        "fusion_probability": "0.45524503",
        "fusion_rank": "580",
        "max_safety_rank": "429",
        "archetype_only_rank": "347",
        "specialist_probability": "0.69207457",
        "specialist_rank": "414",
        "specialist_mean_rank": "488",
        "rank_delta_fusion_to_max": "151",
        "negative_type": "",
        "morphology_proxy": "hilltop_hint",
        "review_lane": "morphology_rescue_review",
        "review_reason": "Weak positive moved upward by max_safety; inspect as morphology-aware training evidence."
      }
    },
    {
      "type": "Feature",
      "geometry": {
        "type": "Point",
        "coordinates": [
          -8.866182191051914,
          41.99444455984168
        ]
      },
      "properties": {
        "queue": "val_morphology_rescues",
        "priority_order": "30",
        "dataset": "val",
        "final_split": "val",
        "sample_id": "wl-pos-pos-es-pba-69290",
        "bank_id": "pos-es-pba-69290",
        "label_class": "1",
        "label_role": "positive",
        "name": "Castro de Chavella",
        "municipality": "Oia",
        "parish": "Oia (Santa María)",
        "country": "ES",
        "fusion_probability": "0.84657543",
        "fusion_rank": "208",
        "max_safety_rank": "63",
        "archetype_only_rank": "56",
        "specialist_probability": "0.93349339",
        "specialist_rank": "192",
        "specialist_mean_rank": "197",
        "rank_delta_fusion_to_max": "145",
        "negative_type": "",
        "morphology_proxy": "generic_castro_hint",
        "review_lane": "morphology_rescue_review",
        "review_reason": "Weak positive moved upward by max_safety; inspect as morphology-aware training evidence."
      }
    },
    {
      "type": "Feature",
      "geometry": {
        "type": "Point",
        "coordinates": [
          -7.791240455574418,
          42.09668699855397
        ]
      },
      "properties": {
        "queue": "val_morphology_rescues",
        "priority_order": "31",
        "dataset": "val",
        "final_split": "val",
        "sample_id": "wl-pos-pos-es-pba-60338",
        "bank_id": "pos-es-pba-60338",
        "label_class": "1",
        "label_role": "positive",
        "name": "Castro de Vilar de Santos",
        "municipality": "Vilar de Santos",
        "parish": "Vilar de Santos (San Xoán)",
        "country": "ES",
        "fusion_probability": "0.30285307",
        "fusion_rank": "786",
        "max_safety_rank": "641",
        "archetype_only_rank": "483",
        "specialist_probability": "0.33924276",
        "specialist_rank": "775",
        "specialist_mean_rank": "792",
        "rank_delta_fusion_to_max": "145",
        "negative_type": "",
        "morphology_proxy": "generic_castro_hint",
        "review_lane": "morphology_rescue_review",
        "review_reason": "Weak positive moved upward by max_safety; inspect as morphology-aware training evidence."
      }
    },
    {
      "type": "Feature",
      "geometry": {
        "type": "Point",
        "coordinates": [
          -7.805957652047091,
          43.187369822622884
        ]
      },
      "properties": {
        "queue": "val_morphology_rescues",
        "priority_order": "32",
        "dataset": "val",
        "final_split": "val",
        "sample_id": "wl-pos-pos-es-pba-32093",
        "bank_id": "pos-es-pba-32093",
        "label_class": "1",
        "label_role": "positive",
        "name": "Os Castros de Quintán",
        "municipality": "Guitiriz",
        "parish": "Roca (San Xiao)",
        "country": "ES",
        "fusion_probability": "0.64976355",
        "fusion_rank": "371",
        "max_safety_rank": "228",
        "archetype_only_rank": "194",
        "specialist_probability": "0.75784494",
        "specialist_rank": "360",
        "specialist_mean_rank": "351",
        "rank_delta_fusion_to_max": "143",
        "negative_type": "",
        "morphology_proxy": "generic_castro_hint",
        "review_lane": "morphology_rescue_review",
        "review_reason": "Weak positive moved upward by max_safety; inspect as morphology-aware training evidence."
      }
    },
    {
      "type": "Feature",
      "geometry": {
        "type": "Point",
        "coordinates": [
          -7.266125604799842,
          43.58182272503391
        ]
      },
      "properties": {
        "queue": "val_morphology_rescues",
        "priority_order": "33",
        "dataset": "val",
        "final_split": "val",
        "sample_id": "wl-pos-pos-es-pba-31001",
        "bank_id": "pos-es-pba-31001",
        "label_class": "1",
        "label_role": "positive",
        "name": "Punta dos Bois/Castro de Llas/Cu do Castro",
        "municipality": "Foz",
        "parish": "Foz (Santiago)",
        "country": "ES",
        "fusion_probability": "0.80406844",
        "fusion_rank": "238",
        "max_safety_rank": "99",
        "archetype_only_rank": "85",
        "specialist_probability": "0.79799359",
        "specialist_rank": "323",
        "specialist_mean_rank": "276",
        "rank_delta_fusion_to_max": "139",
        "negative_type": "",
        "morphology_proxy": "coastal_promontory_hint",
        "review_lane": "morphology_rescue_review",
        "review_reason": "Weak positive moved upward by max_safety; inspect as morphology-aware training evidence."
      }
    },
    {
      "type": "Feature",
      "geometry": {
        "type": "Point",
        "coordinates": [
          -8.351954943381893,
          42.86311355817577
        ]
      },
      "properties": {
        "queue": "val_morphology_rescues",
        "priority_order": "34",
        "dataset": "val",
        "final_split": "val",
        "sample_id": "wl-pos-pos-es-pba-25039",
        "bank_id": "pos-es-pba-25039",
        "label_class": "1",
        "label_role": "positive",
        "name": "Castro de San Sebastián",
        "municipality": "Touro",
        "parish": "Fontes Rosas (San Xoán)",
        "country": "ES",
        "fusion_probability": "0.75552715",
        "fusion_rank": "280",
        "max_safety_rank": "145",
        "archetype_only_rank": "123",
        "specialist_probability": "0.80611091",
        "specialist_rank": "315",
        "specialist_mean_rank": "295",
        "rank_delta_fusion_to_max": "135",
        "negative_type": "",
        "morphology_proxy": "generic_castro_hint",
        "review_lane": "morphology_rescue_review",
        "review_reason": "Weak positive moved upward by max_safety; inspect as morphology-aware training evidence."
      }
    },
    {
      "type": "Feature",
      "geometry": {
        "type": "Point",
        "coordinates": [
          -7.692917791546801,
          43.71219704046882
        ]
      },
      "properties": {
        "queue": "val_morphology_rescues",
        "priority_order": "35",
        "dataset": "val",
        "final_split": "val",
        "sample_id": "wl-pos-pos-es-pba-42988",
        "bank_id": "pos-es-pba-42988",
        "label_class": "1",
        "label_role": "positive",
        "name": "Castro da Insua",
        "municipality": "O Vicedo",
        "parish": "San Miguel de Negradas (San Miguel)",
        "country": "ES",
        "fusion_probability": "0.93028496",
        "fusion_rank": "147",
        "max_safety_rank": "13",
        "archetype_only_rank": "13",
        "specialist_probability": "0.93946653",
        "specialist_rank": "185",
        "specialist_mean_rank": "164",
        "rank_delta_fusion_to_max": "134",
        "negative_type": "",
        "morphology_proxy": "generic_castro_hint",
        "review_lane": "morphology_rescue_review",
        "review_reason": "Weak positive moved upward by max_safety; inspect as morphology-aware training evidence."
      }
    },
    {
      "type": "Feature",
      "geometry": {
        "type": "Point",
        "coordinates": [
          -8.756974959926215,
          42.477641071230416
        ]
      },
      "properties": {
        "queue": "val_morphology_rescues",
        "priority_order": "36",
        "dataset": "val",
        "final_split": "val",
        "sample_id": "wl-pos-pos-es-pba-66586",
        "bank_id": "pos-es-pba-66586",
        "label_class": "1",
        "label_role": "positive",
        "name": "Castro de Gondes",
        "municipality": "Meis",
        "parish": "A Armenteira (Santa María)",
        "country": "ES",
        "fusion_probability": "0.73449170",
        "fusion_rank": "301",
        "max_safety_rank": "167",
        "archetype_only_rank": "136",
        "specialist_probability": "0.78015010",
        "specialist_rank": "339",
        "specialist_mean_rank": "313",
        "rank_delta_fusion_to_max": "134",
        "negative_type": "",
        "morphology_proxy": "generic_castro_hint",
        "review_lane": "morphology_rescue_review",
        "review_reason": "Weak positive moved upward by max_safety; inspect as morphology-aware training evidence."
      }
    },
    {
      "type": "Feature",
      "geometry": {
        "type": "Point",
        "coordinates": [
          -7.106022830583882,
          42.20017242988406
        ]
      },
      "properties": {
        "queue": "val_morphology_rescues",
        "priority_order": "37",
        "dataset": "val",
        "final_split": "val",
        "sample_id": "wl-pos-pos-es-pba-58799",
        "bank_id": "pos-es-pba-58799",
        "label_class": "1",
        "label_role": "positive",
        "name": "Castro do Castelo dos Mouros",
        "municipality": "Viana do Bolo",
        "parish": "Mourisca (Santa María)",
        "country": "ES",
        "fusion_probability": "0.82606775",
        "fusion_rank": "220",
        "max_safety_rank": "87",
        "archetype_only_rank": "76",
        "specialist_probability": "0.96955255",
        "specialist_rank": "139",
        "specialist_mean_rank": "188",
        "rank_delta_fusion_to_max": "133",
        "negative_type": "",
        "morphology_proxy": "generic_castro_hint",
        "review_lane": "morphology_rescue_review",
        "review_reason": "Weak positive moved upward by max_safety; inspect as morphology-aware training evidence."
      }
    },
    {
      "type": "Feature",
      "geometry": {
        "type": "Point",
        "coordinates": [
          -8.271432385030025,
          42.88926127313282
        ]
      },
      "properties": {
        "queue": "val_morphology_rescues",
        "priority_order": "38",
        "dataset": "val",
        "final_split": "val",
        "sample_id": "wl-pos-pos-es-pba-24421",
        "bank_id": "pos-es-pba-24421",
        "label_class": "1",
        "label_role": "positive",
        "name": "Medorra de Lañas/O Castro Grande/A Medorra",
        "municipality": "Touro",
        "parish": "San Fiz de Quión (San Fiz)",
        "country": "ES",
        "fusion_probability": "0.24217846",
        "fusion_rank": "903",
        "max_safety_rank": "774",
        "archetype_only_rank": "583",
        "specialist_probability": "0.19764607",
        "specialist_rank": "1044",
        "specialist_mean_rank": "972",
        "rank_delta_fusion_to_max": "129",
        "negative_type": "",
        "morphology_proxy": "generic_castro_hint",
        "review_lane": "morphology_rescue_review",
        "review_reason": "Weak positive moved upward by max_safety; inspect as morphology-aware training evidence."
      }
    },
    {
      "type": "Feature",
      "geometry": {
        "type": "Point",
        "coordinates": [
          -8.389353444232349,
          42.68221876519466
        ]
      },
      "properties": {
        "queue": "val_morphology_rescues",
        "priority_order": "39",
        "dataset": "val",
        "final_split": "val",
        "sample_id": "wl-pos-pos-es-pba-64656",
        "bank_id": "pos-es-pba-64656",
        "label_class": "1",
        "label_role": "positive",
        "name": "Castro da Torre/Castro de Viladafonso/O Castro",
        "municipality": "A Estrada",
        "parish": "Pardemarín (Santa Baia)",
        "country": "ES",
        "fusion_probability": "0.63540505",
        "fusion_rank": "387",
        "max_safety_rank": "265",
        "archetype_only_rank": "228",
        "specialist_probability": "0.78548269",
        "specialist_rank": "334",
        "specialist_mean_rank": "347",
        "rank_delta_fusion_to_max": "122",
        "negative_type": "",
        "morphology_proxy": "generic_castro_hint",
        "review_lane": "morphology_rescue_review",
        "review_reason": "Weak positive moved upward by max_safety; inspect as morphology-aware training evidence."
      }
    },
    {
      "type": "Feature",
      "geometry": {
        "type": "Point",
        "coordinates": [
          -7.936333664358758,
          42.10723733350916
        ]
      },
      "properties": {
        "queue": "val_morphology_rescues",
        "priority_order": "40",
        "dataset": "val",
        "final_split": "val",
        "sample_id": "wl-pos-pos-es-pba-59359",
        "bank_id": "pos-es-pba-59359",
        "label_class": "1",
        "label_role": "positive",
        "name": "Castro de Ourille",
        "municipality": "Verea",
        "parish": "Ourille (San Pedro)",
        "country": "ES",
        "fusion_probability": "0.84307543",
        "fusion_rank": "211",
        "max_safety_rank": "100",
        "archetype_only_rank": "86",
        "specialist_probability": "0.96274042",
        "specialist_rank": "149",
        "specialist_mean_rank": "186",
        "rank_delta_fusion_to_max": "111",
        "negative_type": "",
        "morphology_proxy": "generic_castro_hint",
        "review_lane": "morphology_rescue_review",
        "review_reason": "Weak positive moved upward by max_safety; inspect as morphology-aware training evidence."
      }
    },
    {
      "type": "Feature",
      "geometry": {
        "type": "Point",
        "coordinates": [
          -7.202031945388303,
          43.56144384275869
        ]
      },
      "properties": {
        "queue": "val_morphology_rescues",
        "priority_order": "41",
        "dataset": "val",
        "final_split": "val",
        "sample_id": "wl-pos-pos-es-pba-28585",
        "bank_id": "pos-es-pba-28585",
        "label_class": "1",
        "label_role": "positive",
        "name": "Castro de Punta de San Pedro",
        "municipality": "Barreiros",
        "parish": "San Pedro de Benquerencia (San Pedro)",
        "country": "ES",
        "fusion_probability": "0.39569174",
        "fusion_rank": "655",
        "max_safety_rank": "546",
        "archetype_only_rank": "427",
        "specialist_probability": "0.40265982",
        "specialist_rank": "699",
        "specialist_mean_rank": "679",
        "rank_delta_fusion_to_max": "109",
        "negative_type": "",
        "morphology_proxy": "coastal_promontory_hint",
        "review_lane": "morphology_rescue_review",
        "review_reason": "Weak positive moved upward by max_safety; inspect as morphology-aware training evidence."
      }
    },
    {
      "type": "Feature",
      "geometry": {
        "type": "Point",
        "coordinates": [
          -8.554475451659577,
          42.493500934507544
        ]
      },
      "properties": {
        "queue": "val_morphology_rescues",
        "priority_order": "42",
        "dataset": "val",
        "final_split": "val",
        "sample_id": "wl-pos-pos-es-pba-63970",
        "bank_id": "pos-es-pba-63970",
        "label_class": "1",
        "label_role": "positive",
        "name": "Castro de Redonde/O Castro",
        "municipality": "Campo Lameiro",
        "parish": "Fragas (Santa Mariña)",
        "country": "ES",
        "fusion_probability": "0.91207301",
        "fusion_rank": "168",
        "max_safety_rank": "62",
        "archetype_only_rank": "55",
        "specialist_probability": "0.97025268",
        "specialist_rank": "138",
        "specialist_mean_rank": "154",
        "rank_delta_fusion_to_max": "106",
        "negative_type": "",
        "morphology_proxy": "generic_castro_hint",
        "review_lane": "morphology_rescue_review",
        "review_reason": "Weak positive moved upward by max_safety; inspect as morphology-aware training evidence."
      }
    },
    {
      "type": "Feature",
      "geometry": {
        "type": "Point",
        "coordinates": [
          -7.36644219003907,
          41.988839845033795
        ]
      },
      "properties": {
        "queue": "val_morphology_rescues",
        "priority_order": "43",
        "dataset": "val",
        "final_split": "val",
        "sample_id": "wl-pos-pos-es-pba-47217",
        "bank_id": "pos-es-pba-47217",
        "label_class": "1",
        "label_role": "positive",
        "name": "Castro de Pena Boeira",
        "municipality": "Castrelo do Val",
        "parish": "Gondulfes (Santa Cruz)",
        "country": "ES",
        "fusion_probability": "0.92145478",
        "fusion_rank": "162",
        "max_safety_rank": "57",
        "archetype_only_rank": "50",
        "specialist_probability": "0.96098181",
        "specialist_rank": "152",
        "specialist_mean_rank": "153",
        "rank_delta_fusion_to_max": "105",
        "negative_type": "",
        "morphology_proxy": "hilltop_hint",
        "review_lane": "morphology_rescue_review",
        "review_reason": "Weak positive moved upward by max_safety; inspect as morphology-aware training evidence."
      }
    },
    {
      "type": "Feature",
      "geometry": {
        "type": "Point",
        "coordinates": [
          -8.31830696844109,
          43.40101205296719
        ]
      },
      "properties": {
        "queue": "val_morphology_rescues",
        "priority_order": "44",
        "dataset": "val",
        "final_split": "val",
        "sample_id": "wl-pos-pos-es-pba-15425",
        "bank_id": "pos-es-pba-15425",
        "label_class": "1",
        "label_role": "positive",
        "name": "Castro de Punta Roza",
        "municipality": "Oleiros",
        "parish": "Dexo (Santa María)",
        "country": "ES",
        "fusion_probability": "0.93524582",
        "fusion_rank": "139",
        "max_safety_rank": "34",
        "archetype_only_rank": "32",
        "specialist_probability": "0.98976471",
        "specialist_rank": "89",
        "specialist_mean_rank": "119",
        "rank_delta_fusion_to_max": "105",
        "negative_type": "",
        "morphology_proxy": "coastal_promontory_hint",
        "review_lane": "morphology_rescue_review",
        "review_reason": "Weak positive moved upward by max_safety; inspect as morphology-aware training evidence."
      }
    },
    {
      "type": "Feature",
      "geometry": {
        "type": "Point",
        "coordinates": [
          -8.700718705561322,
          42.50856477021922
        ]
      },
      "properties": {
        "queue": "val_morphology_rescues",
        "priority_order": "45",
        "dataset": "val",
        "final_split": "val",
        "sample_id": "wl-pos-pos-es-pba-66779",
        "bank_id": "pos-es-pba-66779",
        "label_class": "1",
        "label_role": "positive",
        "name": "Monte do Castro de Arcos",
        "municipality": "Meis",
        "parish": "San Tomé de Nogueira (San Tom‚)",
        "country": "ES",
        "fusion_probability": "0.53361963",
        "fusion_rank": "486",
        "max_safety_rank": "385",
        "archetype_only_rank": "318",
        "specialist_probability": "0.80570981",
        "specialist_rank": "316",
        "specialist_mean_rank": "387",
        "rank_delta_fusion_to_max": "101",
        "negative_type": "",
        "morphology_proxy": "hilltop_hint",
        "review_lane": "morphology_rescue_review",
        "review_reason": "Weak positive moved upward by max_safety; inspect as morphology-aware training evidence."
      }
    },
    {
      "type": "Feature",
      "geometry": {
        "type": "Point",
        "coordinates": [
          -8.552553449091684,
          42.54272463371982
        ]
      },
      "properties": {
        "queue": "val_morphology_rescues",
        "priority_order": "46",
        "dataset": "val",
        "final_split": "val",
        "sample_id": "wl-pos-pos-es-pba-63972",
        "bank_id": "pos-es-pba-63972",
        "label_class": "1",
        "label_role": "positive",
        "name": "Castro do Coto de Penalba",
        "municipality": "Campo Lameiro",
        "parish": "O Campo (San Miguel)",
        "country": "ES",
        "fusion_probability": "0.88049596",
        "fusion_rank": "188",
        "max_safety_rank": "101",
        "archetype_only_rank": "87",
        "specialist_probability": "0.94813818",
        "specialist_rank": "171",
        "specialist_mean_rank": "179",
        "rank_delta_fusion_to_max": "87",
        "negative_type": "",
        "morphology_proxy": "hilltop_hint",
        "review_lane": "morphology_rescue_review",
        "review_reason": "Weak positive moved upward by max_safety; inspect as morphology-aware training evidence."
      }
    },
    {
      "type": "Feature",
      "geometry": {
        "type": "Point",
        "coordinates": [
          -7.075210586502403,
          43.0653069523313
        ]
      },
      "properties": {
        "queue": "val_morphology_rescues",
        "priority_order": "47",
        "dataset": "val",
        "final_split": "val",
        "sample_id": "wl-pos-pos-es-pba-30791",
        "bank_id": "pos-es-pba-30791",
        "label_class": "1",
        "label_role": "positive",
        "name": "Castro do Medio",
        "municipality": "A Fonsagrada",
        "parish": "Lamas de Moreira (Santa María)",
        "country": "ES",
        "fusion_probability": "0.93919837",
        "fusion_rank": "132",
        "max_safety_rank": "45",
        "archetype_only_rank": "40",
        "specialist_probability": "0.99391098",
        "specialist_rank": "65",
        "specialist_mean_rank": "114",
        "rank_delta_fusion_to_max": "87",
        "negative_type": "",
        "morphology_proxy": "generic_castro_hint",
        "review_lane": "morphology_rescue_review",
        "review_reason": "Weak positive moved upward by max_safety; inspect as morphology-aware training evidence."
      }
    },
    {
      "type": "Feature",
      "geometry": {
        "type": "Point",
        "coordinates": [
          -8.460777730986234,
          42.73131670967531
        ]
      },
      "properties": {
        "queue": "val_morphology_rescues",
        "priority_order": "48",
        "dataset": "val",
        "final_split": "val",
        "sample_id": "wl-pos-pos-es-pba-64693",
        "bank_id": "pos-es-pba-64693",
        "label_class": "1",
        "label_role": "positive",
        "name": "Castro de San Martiño/Castro de Trasmonte",
        "municipality": "A Estrada",
        "parish": "Barbude (San Martiño)",
        "country": "ES",
        "fusion_probability": "0.56511109",
        "fusion_rank": "460",
        "max_safety_rank": "375",
        "archetype_only_rank": "314",
        "specialist_probability": "0.66127039",
        "specialist_rank": "449",
        "specialist_mean_rank": "447",
        "rank_delta_fusion_to_max": "85",
        "negative_type": "",
        "morphology_proxy": "coastal_promontory_hint",
        "review_lane": "morphology_rescue_review",
        "review_reason": "Weak positive moved upward by max_safety; inspect as morphology-aware training evidence."
      }
    },
    {
      "type": "Feature",
      "geometry": {
        "type": "Point",
        "coordinates": [
          -8.876937344097318,
          42.02372556074861
        ]
      },
      "properties": {
        "queue": "val_morphology_rescues",
        "priority_order": "49",
        "dataset": "val",
        "final_split": "val",
        "sample_id": "wl-pos-pos-es-pba-68699",
        "bank_id": "pos-es-pba-68699",
        "label_class": "1",
        "label_role": "positive",
        "name": "O Castro",
        "municipality": "Oia",
        "parish": "Pedornes (San Mamede)",
        "country": "ES",
        "fusion_probability": "0.21771821",
        "fusion_rank": "957",
        "max_safety_rank": "872",
        "archetype_only_rank": "650",
        "specialist_probability": "0.47178881",
        "specialist_rank": "625",
        "specialist_mean_rank": "753",
        "rank_delta_fusion_to_max": "85",
        "negative_type": "",
        "morphology_proxy": "generic_castro_hint",
        "review_lane": "morphology_rescue_review",
        "review_reason": "Weak positive moved upward by max_safety; inspect as morphology-aware training evidence."
      }
    },
    {
      "type": "Feature",
      "geometry": {
        "type": "Point",
        "coordinates": [
          -7.764894636969086,
          42.014380950334164
        ]
      },
      "properties": {
        "queue": "val_morphology_rescues",
        "priority_order": "50",
        "dataset": "val",
        "final_split": "val",
        "sample_id": "wl-pos-pos-es-pba-50768",
        "bank_id": "pos-es-pba-50768",
        "label_class": "1",
        "label_role": "positive",
        "name": "O Castro/A Cidá/Os Netos/O Regueiral",
        "municipality": "Xinzo de Limia",
        "parish": "Mosteiro de Ribeira (Santa María)",
        "country": "ES",
        "fusion_probability": "0.93116218",
        "fusion_rank": "144",
        "max_safety_rank": "60",
        "archetype_only_rank": "52",
        "specialist_probability": "0.96418669",
        "specialist_rank": "144",
        "specialist_mean_rank": "144",
        "rank_delta_fusion_to_max": "84",
        "negative_type": "",
        "morphology_proxy": "generic_castro_hint",
        "review_lane": "morphology_rescue_review",
        "review_reason": "Weak positive moved upward by max_safety; inspect as morphology-aware training evidence."
      }
    }
  ]
}
