{
  "type": "FeatureCollection",
  "features": [
    {
      "type": "Feature",
      "geometry": {
        "type": "Point",
        "coordinates": [
          -8.175129668390355,
          43.450897497780126
        ]
      },
      "properties": {
        "queue": "holdout_top_false_positives",
        "priority_order": "1",
        "dataset": "holdouts",
        "final_split": "test_trasancos",
        "sample_id": "wl-neg-neg-es-pba-8715",
        "bank_id": "neg-es-pba-8715",
        "label_class": "0",
        "label_role": "hard_negative",
        "name": "Mámoa do Rego da Moa",
        "municipality": "Fene",
        "parish": "Barallobre (Santiago)",
        "country": "ES",
        "fusion_probability": "0.80936223",
        "fusion_rank": "34",
        "max_safety_rank": "26",
        "archetype_only_rank": "21",
        "specialist_probability": "0.92221855",
        "specialist_rank": "28",
        "specialist_mean_rank": "31",
        "rank_delta_fusion_to_max": "8",
        "negative_type": "megalithic_mound",
        "morphology_proxy": "",
        "review_lane": "mamoa_false_positive_review",
        "review_reason": "Known hard negative ranked high by the main fusion model; inspect as false-positive pattern."
      }
    },
    {
      "type": "Feature",
      "geometry": {
        "type": "Point",
        "coordinates": [
          -8.20129105753339,
          43.572014263769375
        ]
      },
      "properties": {
        "queue": "holdout_top_false_positives",
        "priority_order": "2",
        "dataset": "holdouts",
        "final_split": "test_trasancos",
        "sample_id": "wl-neg-neg-es-pba-24849",
        "bank_id": "neg-es-pba-24849",
        "label_class": "0",
        "label_role": "hard_negative",
        "name": "Mámoa de Rioboo 1/Mámoa de Canteiros 1",
        "municipality": "Valdoviño",
        "parish": "Meirás (San Vicente)",
        "country": "ES",
        "fusion_probability": "0.72445067",
        "fusion_rank": "41",
        "max_safety_rank": "58",
        "archetype_only_rank": "123",
        "specialist_probability": "0.63210315",
        "specialist_rank": "58",
        "specialist_mean_rank": "45",
        "rank_delta_fusion_to_max": "-17",
        "negative_type": "megalithic_mound",
        "morphology_proxy": "",
        "review_lane": "mamoa_false_positive_review",
        "review_reason": "Known hard negative ranked high by the main fusion model; inspect as false-positive pattern."
      }
    },
    {
      "type": "Feature",
      "geometry": {
        "type": "Point",
        "coordinates": [
          -8.250116109294842,
          43.51197345075792
        ]
      },
      "properties": {
        "queue": "holdout_top_false_positives",
        "priority_order": "3",
        "dataset": "holdouts",
        "final_split": "test_trasancos",
        "sample_id": "wl-neg-neg-es-pba-9982",
        "bank_id": "neg-es-pba-9982",
        "label_class": "0",
        "label_role": "hard_negative",
        "name": "Mámoa do Pico de Ouro",
        "municipality": "Ferrol",
        "parish": "Mandiá (Santa Uxía)",
        "country": "ES",
        "fusion_probability": "0.69191766",
        "fusion_rank": "44",
        "max_safety_rank": "48",
        "archetype_only_rank": "38",
        "specialist_probability": "0.82822698",
        "specialist_rank": "35",
        "specialist_mean_rank": "38",
        "rank_delta_fusion_to_max": "-4",
        "negative_type": "megalithic_mound",
        "morphology_proxy": "",
        "review_lane": "mamoa_false_positive_review",
        "review_reason": "Known hard negative ranked high by the main fusion model; inspect as false-positive pattern."
      }
    },
    {
      "type": "Feature",
      "geometry": {
        "type": "Point",
        "coordinates": [
          -8.132051265443264,
          43.4784901008791
        ]
      },
      "properties": {
        "queue": "holdout_top_false_positives",
        "priority_order": "4",
        "dataset": "holdouts",
        "final_split": "test_trasancos",
        "sample_id": "wl-neg-neg-es-pba-8682",
        "bank_id": "neg-es-pba-8682",
        "label_class": "0",
        "label_role": "hard_negative",
        "name": "Mámoa do Monte Marraxón IV-1",
        "municipality": "Fene",
        "parish": "Sillobre (Santa Mariña)",
        "country": "ES",
        "fusion_probability": "0.63102795",
        "fusion_rank": "47",
        "max_safety_rank": "34",
        "archetype_only_rank": "28",
        "specialist_probability": "0.49668358",
        "specialist_rank": "67",
        "specialist_mean_rank": "56",
        "rank_delta_fusion_to_max": "13",
        "negative_type": "megalithic_mound",
        "morphology_proxy": "",
        "review_lane": "mamoa_false_positive_review",
        "review_reason": "Known hard negative ranked high by the main fusion model; inspect as false-positive pattern."
      }
    },
    {
      "type": "Feature",
      "geometry": {
        "type": "Point",
        "coordinates": [
          -8.050266230012467,
          43.6232429879672
        ]
      },
      "properties": {
        "queue": "holdout_top_false_positives",
        "priority_order": "5",
        "dataset": "holdouts",
        "final_split": "test_trasancos",
        "sample_id": "wl-neg-neg-es-pba-24846",
        "bank_id": "neg-es-pba-24846",
        "label_class": "0",
        "label_role": "hard_negative",
        "name": "Mámoa de Pena Moura",
        "municipality": "Valdoviño",
        "parish": "Vilarrube (San Martiño)",
        "country": "ES",
        "fusion_probability": "0.62108496",
        "fusion_rank": "49",
        "max_safety_rank": "30",
        "archetype_only_rank": "26",
        "specialist_probability": "0.94737242",
        "specialist_rank": "22",
        "specialist_mean_rank": "36",
        "rank_delta_fusion_to_max": "19",
        "negative_type": "megalithic_mound",
        "morphology_proxy": "",
        "review_lane": "mamoa_false_positive_review",
        "review_reason": "Known hard negative ranked high by the main fusion model; inspect as false-positive pattern."
      }
    },
    {
      "type": "Feature",
      "geometry": {
        "type": "Point",
        "coordinates": [
          -8.2207321781512,
          43.5237064246763
        ]
      },
      "properties": {
        "queue": "holdout_top_false_positives",
        "priority_order": "6",
        "dataset": "holdouts",
        "final_split": "test_trasancos",
        "sample_id": "wl-neg-neg-es-pba-14223",
        "bank_id": "neg-es-pba-14223",
        "label_class": "0",
        "label_role": "hard_negative",
        "name": "Mámoa de Muíño do Vento",
        "municipality": "Narón",
        "parish": "Trasancos (San Mateo)",
        "country": "ES",
        "fusion_probability": "0.59412460",
        "fusion_rank": "51",
        "max_safety_rank": "71",
        "archetype_only_rank": "102",
        "specialist_probability": "0.65392542",
        "specialist_rank": "57",
        "specialist_mean_rank": "48",
        "rank_delta_fusion_to_max": "-20",
        "negative_type": "megalithic_mound",
        "morphology_proxy": "",
        "review_lane": "mamoa_false_positive_review",
        "review_reason": "Known hard negative ranked high by the main fusion model; inspect as false-positive pattern."
      }
    },
    {
      "type": "Feature",
      "geometry": {
        "type": "Point",
        "coordinates": [
          -8.296676405945123,
          43.484912722428156
        ]
      },
      "properties": {
        "queue": "holdout_top_false_positives",
        "priority_order": "7",
        "dataset": "holdouts",
        "final_split": "test_trasancos",
        "sample_id": "wl-neg-neg-es-pba-10071",
        "bank_id": "neg-es-pba-10071",
        "label_class": "0",
        "label_role": "hard_negative",
        "name": "Mámoa dos Montes de Brión III-8",
        "municipality": "Ferrol",
        "parish": "Doniños (San Román)",
        "country": "ES",
        "fusion_probability": "0.55767896",
        "fusion_rank": "54",
        "max_safety_rank": "45",
        "archetype_only_rank": "35",
        "specialist_probability": "0.33705723",
        "specialist_rank": "82",
        "specialist_mean_rank": "71",
        "rank_delta_fusion_to_max": "9",
        "negative_type": "megalithic_mound",
        "morphology_proxy": "",
        "review_lane": "mamoa_false_positive_review",
        "review_reason": "Known hard negative ranked high by the main fusion model; inspect as false-positive pattern."
      }
    },
    {
      "type": "Feature",
      "geometry": {
        "type": "Point",
        "coordinates": [
          -8.245373920147154,
          43.50760263509735
        ]
      },
      "properties": {
        "queue": "holdout_top_false_positives",
        "priority_order": "8",
        "dataset": "holdouts",
        "final_split": "test_trasancos",
        "sample_id": "wl-neg-neg-es-pba-9852",
        "bank_id": "neg-es-pba-9852",
        "label_class": "0",
        "label_role": "hard_negative",
        "name": "Petróglifo de Chamorro",
        "municipality": "Ferrol",
        "parish": "Serantes (San Salvador)",
        "country": "ES",
        "fusion_probability": "0.49364880",
        "fusion_rank": "57",
        "max_safety_rank": "65",
        "archetype_only_rank": "51",
        "specialist_probability": "0.74253723",
        "specialist_rank": "48",
        "specialist_mean_rank": "49",
        "rank_delta_fusion_to_max": "-8",
        "negative_type": "rock_art_surface",
        "morphology_proxy": "",
        "review_lane": "weak_negative_review",
        "review_reason": "Known hard negative ranked high by the main fusion model; inspect as false-positive pattern."
      }
    },
    {
      "type": "Feature",
      "geometry": {
        "type": "Point",
        "coordinates": [
          -8.096261067263583,
          43.625262213712574
        ]
      },
      "properties": {
        "queue": "holdout_top_false_positives",
        "priority_order": "9",
        "dataset": "holdouts",
        "final_split": "test_trasancos",
        "sample_id": "wl-neg-neg-es-pba-24843",
        "bank_id": "neg-es-pba-24843",
        "label_class": "0",
        "label_role": "hard_negative",
        "name": "Mámoa de Coto da Fraga 2",
        "municipality": "Valdoviño",
        "parish": "Pantín (Santiago)",
        "country": "ES",
        "fusion_probability": "0.45696735",
        "fusion_rank": "60",
        "max_safety_rank": "51",
        "archetype_only_rank": "42",
        "specialist_probability": "0.57077016",
        "specialist_rank": "64",
        "specialist_mean_rank": "61",
        "rank_delta_fusion_to_max": "9",
        "negative_type": "megalithic_mound",
        "morphology_proxy": "",
        "review_lane": "mamoa_false_positive_review",
        "review_reason": "Known hard negative ranked high by the main fusion model; inspect as false-positive pattern."
      }
    },
    {
      "type": "Feature",
      "geometry": {
        "type": "Point",
        "coordinates": [
          -8.271862778359397,
          43.47905394680505
        ]
      },
      "properties": {
        "queue": "holdout_top_false_positives",
        "priority_order": "10",
        "dataset": "holdouts",
        "final_split": "test_trasancos",
        "sample_id": "wl-neg-neg-es-pba-10131",
        "bank_id": "neg-es-pba-10131",
        "label_class": "0",
        "label_role": "hard_negative",
        "name": "Mámoa dos Montes de Brión VI-1",
        "municipality": "Ferrol",
        "parish": "Brión (Santa María)",
        "country": "ES",
        "fusion_probability": "0.43240185",
        "fusion_rank": "62",
        "max_safety_rank": "63",
        "archetype_only_rank": "48",
        "specialist_probability": "0.59201347",
        "specialist_rank": "63",
        "specialist_mean_rank": "63",
        "rank_delta_fusion_to_max": "-1",
        "negative_type": "megalithic_mound",
        "morphology_proxy": "",
        "review_lane": "mamoa_false_positive_review",
        "review_reason": "Known hard negative ranked high by the main fusion model; inspect as false-positive pattern."
      }
    },
    {
      "type": "Feature",
      "geometry": {
        "type": "Point",
        "coordinates": [
          -8.127513934804407,
          43.4710800875912
        ]
      },
      "properties": {
        "queue": "holdout_top_false_positives",
        "priority_order": "11",
        "dataset": "holdouts",
        "final_split": "test_trasancos",
        "sample_id": "wl-neg-neg-es-pba-9208",
        "bank_id": "neg-es-pba-9208",
        "label_class": "0",
        "label_role": "hard_negative",
        "name": "Mámoa do Monte Marraxón III-2",
        "municipality": "Fene",
        "parish": "Sillobre (Santa Mariña)",
        "country": "ES",
        "fusion_probability": "0.42516090",
        "fusion_rank": "63",
        "max_safety_rank": "67",
        "archetype_only_rank": "53",
        "specialist_probability": "0.62492831",
        "specialist_rank": "59",
        "specialist_mean_rank": "60",
        "rank_delta_fusion_to_max": "-4",
        "negative_type": "megalithic_mound",
        "morphology_proxy": "",
        "review_lane": "mamoa_false_positive_review",
        "review_reason": "Known hard negative ranked high by the main fusion model; inspect as false-positive pattern."
      }
    },
    {
      "type": "Feature",
      "geometry": {
        "type": "Point",
        "coordinates": [
          -8.126671560495467,
          43.47049961431615
        ]
      },
      "properties": {
        "queue": "holdout_top_false_positives",
        "priority_order": "12",
        "dataset": "holdouts",
        "final_split": "test_trasancos",
        "sample_id": "wl-neg-neg-es-pba-8681",
        "bank_id": "neg-es-pba-8681",
        "label_class": "0",
        "label_role": "hard_negative",
        "name": "Mámoa do Monte Marraxón III-6",
        "municipality": "Fene",
        "parish": "Sillobre (Santa Mariña)",
        "country": "ES",
        "fusion_probability": "0.42286098",
        "fusion_rank": "64",
        "max_safety_rank": "84",
        "archetype_only_rank": "81",
        "specialist_probability": "0.71283333",
        "specialist_rank": "50",
        "specialist_mean_rank": "55",
        "rank_delta_fusion_to_max": "-20",
        "negative_type": "megalithic_mound",
        "morphology_proxy": "",
        "review_lane": "mamoa_false_positive_review",
        "review_reason": "Known hard negative ranked high by the main fusion model; inspect as false-positive pattern."
      }
    },
    {
      "type": "Feature",
      "geometry": {
        "type": "Point",
        "coordinates": [
          -8.045691218805501,
          43.56779596584658
        ]
      },
      "properties": {
        "queue": "holdout_top_false_positives",
        "priority_order": "13",
        "dataset": "holdouts",
        "final_split": "test_trasancos",
        "sample_id": "wl-neg-neg-es-pba-20406",
        "bank_id": "neg-es-pba-20406",
        "label_class": "0",
        "label_role": "hard_negative",
        "name": "Mámoa de Bardaos",
        "municipality": "San Sadurniño",
        "parish": "Bardaos (Santa María)",
        "country": "ES",
        "fusion_probability": "0.39572436",
        "fusion_rank": "67",
        "max_safety_rank": "59",
        "archetype_only_rank": "45",
        "specialist_probability": "0.20658219",
        "specialist_rank": "104",
        "specialist_mean_rank": "86",
        "rank_delta_fusion_to_max": "8",
        "negative_type": "megalithic_mound",
        "morphology_proxy": "",
        "review_lane": "mamoa_false_positive_review",
        "review_reason": "Known hard negative ranked high by the main fusion model; inspect as false-positive pattern."
      }
    },
    {
      "type": "Feature",
      "geometry": {
        "type": "Point",
        "coordinates": [
          -8.128966079674703,
          43.47352701685848
        ]
      },
      "properties": {
        "queue": "holdout_top_false_positives",
        "priority_order": "14",
        "dataset": "holdouts",
        "final_split": "test_trasancos",
        "sample_id": "wl-neg-neg-es-pba-9202",
        "bank_id": "neg-es-pba-9202",
        "label_class": "0",
        "label_role": "hard_negative",
        "name": "Mámoa do Monte Marraxón I-3",
        "municipality": "Fene",
        "parish": "Sillobre (Santa Mariña)",
        "country": "ES",
        "fusion_probability": "0.38702555",
        "fusion_rank": "69",
        "max_safety_rank": "36",
        "archetype_only_rank": "29",
        "specialist_probability": "0.80379827",
        "specialist_rank": "38",
        "specialist_mean_rank": "51",
        "rank_delta_fusion_to_max": "33",
        "negative_type": "megalithic_mound",
        "morphology_proxy": "",
        "review_lane": "mamoa_false_positive_review",
        "review_reason": "Known hard negative ranked high by the main fusion model; inspect as false-positive pattern."
      }
    },
    {
      "type": "Feature",
      "geometry": {
        "type": "Point",
        "coordinates": [
          -8.270409463814001,
          43.505325632254284
        ]
      },
      "properties": {
        "queue": "holdout_top_false_positives",
        "priority_order": "15",
        "dataset": "holdouts",
        "final_split": "test_trasancos",
        "sample_id": "wl-neg-neg-es-pba-9980",
        "bank_id": "neg-es-pba-9980",
        "label_class": "0",
        "label_role": "hard_negative",
        "name": "Mámoa de Mougá 5",
        "municipality": "Ferrol",
        "parish": "Doniños (San Román)",
        "country": "ES",
        "fusion_probability": "0.37606487",
        "fusion_rank": "70",
        "max_safety_rank": "49",
        "archetype_only_rank": "40",
        "specialist_probability": "0.32533576",
        "specialist_rank": "86",
        "specialist_mean_rank": "79",
        "rank_delta_fusion_to_max": "21",
        "negative_type": "megalithic_mound",
        "morphology_proxy": "",
        "review_lane": "mamoa_false_positive_review",
        "review_reason": "Known hard negative ranked high by the main fusion model; inspect as false-positive pattern."
      }
    },
    {
      "type": "Feature",
      "geometry": {
        "type": "Point",
        "coordinates": [
          -8.127409775048788,
          43.471412463118476
        ]
      },
      "properties": {
        "queue": "holdout_top_false_positives",
        "priority_order": "16",
        "dataset": "holdouts",
        "final_split": "test_trasancos",
        "sample_id": "wl-neg-neg-es-pba-8678",
        "bank_id": "neg-es-pba-8678",
        "label_class": "0",
        "label_role": "hard_negative",
        "name": "Mámoa do Monte Marraxón III-3",
        "municipality": "Fene",
        "parish": "Sillobre (Santa Mariña)",
        "country": "ES",
        "fusion_probability": "0.36177659",
        "fusion_rank": "72",
        "max_safety_rank": "76",
        "archetype_only_rank": "57",
        "specialist_probability": "0.45232945",
        "specialist_rank": "70",
        "specialist_mean_rank": "75",
        "rank_delta_fusion_to_max": "-4",
        "negative_type": "megalithic_mound",
        "morphology_proxy": "",
        "review_lane": "mamoa_false_positive_review",
        "review_reason": "Known hard negative ranked high by the main fusion model; inspect as false-positive pattern."
      }
    },
    {
      "type": "Feature",
      "geometry": {
        "type": "Point",
        "coordinates": [
          -8.270074776662353,
          43.50536423132985
        ]
      },
      "properties": {
        "queue": "holdout_top_false_positives",
        "priority_order": "17",
        "dataset": "holdouts",
        "final_split": "test_trasancos",
        "sample_id": "wl-neg-neg-es-pba-9981",
        "bank_id": "neg-es-pba-9981",
        "label_class": "0",
        "label_role": "hard_negative",
        "name": "Mámoa de Mougá 6",
        "municipality": "Ferrol",
        "parish": "Doniños (San Román)",
        "country": "ES",
        "fusion_probability": "0.35605512",
        "fusion_rank": "73",
        "max_safety_rank": "39",
        "archetype_only_rank": "32",
        "specialist_probability": "0.49677853",
        "specialist_rank": "66",
        "specialist_mean_rank": "73",
        "rank_delta_fusion_to_max": "34",
        "negative_type": "megalithic_mound",
        "morphology_proxy": "",
        "review_lane": "mamoa_false_positive_review",
        "review_reason": "Known hard negative ranked high by the main fusion model; inspect as false-positive pattern."
      }
    },
    {
      "type": "Feature",
      "geometry": {
        "type": "Point",
        "coordinates": [
          -8.277452964183873,
          43.497885728556625
        ]
      },
      "properties": {
        "queue": "holdout_top_false_positives",
        "priority_order": "18",
        "dataset": "holdouts",
        "final_split": "test_trasancos",
        "sample_id": "wl-neg-neg-es-pba-9977",
        "bank_id": "neg-es-pba-9977",
        "label_class": "0",
        "label_role": "hard_negative",
        "name": "Mámoa de Mougá 2",
        "municipality": "Ferrol",
        "parish": "Doniños (San Román)",
        "country": "ES",
        "fusion_probability": "0.34483093",
        "fusion_rank": "74",
        "max_safety_rank": "92",
        "archetype_only_rank": "93",
        "specialist_probability": "0.68139740",
        "specialist_rank": "51",
        "specialist_mean_rank": "62",
        "rank_delta_fusion_to_max": "-18",
        "negative_type": "megalithic_mound",
        "morphology_proxy": "",
        "review_lane": "mamoa_false_positive_review",
        "review_reason": "Known hard negative ranked high by the main fusion model; inspect as false-positive pattern."
      }
    },
    {
      "type": "Feature",
      "geometry": {
        "type": "Point",
        "coordinates": [
          -8.127852254162555,
          43.47115125074126
        ]
      },
      "properties": {
        "queue": "holdout_top_false_positives",
        "priority_order": "19",
        "dataset": "holdouts",
        "final_split": "test_trasancos",
        "sample_id": "wl-neg-neg-es-pba-9207",
        "bank_id": "neg-es-pba-9207",
        "label_class": "0",
        "label_role": "hard_negative",
        "name": "Mámoa do Monte Marraxón III-1",
        "municipality": "Fene",
        "parish": "Sillobre (Santa Mariña)",
        "country": "ES",
        "fusion_probability": "0.34295228",
        "fusion_rank": "75",
        "max_safety_rank": "42",
        "archetype_only_rank": "34",
        "specialist_probability": "0.76791052",
        "specialist_rank": "44",
        "specialist_mean_rank": "59",
        "rank_delta_fusion_to_max": "33",
        "negative_type": "megalithic_mound",
        "morphology_proxy": "",
        "review_lane": "mamoa_false_positive_review",
        "review_reason": "Known hard negative ranked high by the main fusion model; inspect as false-positive pattern."
      }
    },
    {
      "type": "Feature",
      "geometry": {
        "type": "Point",
        "coordinates": [
          -8.290038696201908,
          43.50167498769244
        ]
      },
      "properties": {
        "queue": "holdout_top_false_positives",
        "priority_order": "20",
        "dataset": "holdouts",
        "final_split": "test_trasancos",
        "sample_id": "wl-neg-neg-es-pba-9908",
        "bank_id": "neg-es-pba-9908",
        "label_class": "0",
        "label_role": "hard_negative",
        "name": "Mámoa de Campaíñas 03",
        "municipality": "Ferrol",
        "parish": "Doniños (San Román)",
        "country": "ES",
        "fusion_probability": "0.33801825",
        "fusion_rank": "76",
        "max_safety_rank": "64",
        "archetype_only_rank": "50",
        "specialist_probability": "0.30596837",
        "specialist_rank": "92",
        "specialist_mean_rank": "84",
        "rank_delta_fusion_to_max": "12",
        "negative_type": "megalithic_mound",
        "morphology_proxy": "",
        "review_lane": "mamoa_false_positive_review",
        "review_reason": "Known hard negative ranked high by the main fusion model; inspect as false-positive pattern."
      }
    },
    {
      "type": "Feature",
      "geometry": {
        "type": "Point",
        "coordinates": [
          -8.127868081506296,
          43.47140653859354
        ]
      },
      "properties": {
        "queue": "holdout_top_false_positives",
        "priority_order": "21",
        "dataset": "holdouts",
        "final_split": "test_trasancos",
        "sample_id": "wl-neg-neg-es-pba-8679",
        "bank_id": "neg-es-pba-8679",
        "label_class": "0",
        "label_role": "hard_negative",
        "name": "Mámoa do Monte Marraxón III-4",
        "municipality": "Fene",
        "parish": "Sillobre (Santa Mariña)",
        "country": "ES",
        "fusion_probability": "0.33707617",
        "fusion_rank": "77",
        "max_safety_rank": "47",
        "archetype_only_rank": "37",
        "specialist_probability": "0.60745789",
        "specialist_rank": "62",
        "specialist_mean_rank": "70",
        "rank_delta_fusion_to_max": "30",
        "negative_type": "megalithic_mound",
        "morphology_proxy": "",
        "review_lane": "mamoa_false_positive_review",
        "review_reason": "Known hard negative ranked high by the main fusion model; inspect as false-positive pattern."
      }
    },
    {
      "type": "Feature",
      "geometry": {
        "type": "Point",
        "coordinates": [
          -8.128269502838254,
          43.57801699616052
        ]
      },
      "properties": {
        "queue": "holdout_top_false_positives",
        "priority_order": "22",
        "dataset": "holdouts",
        "final_split": "test_trasancos",
        "sample_id": "wl-neg-neg-es-pba-24332",
        "bank_id": "neg-es-pba-24332",
        "label_class": "0",
        "label_role": "hard_negative",
        "name": "Mámoa do Monte de Pena Moura 3",
        "municipality": "Valdoviño",
        "parish": "Valdoviño (Santaia)",
        "country": "ES",
        "fusion_probability": "0.32414383",
        "fusion_rank": "79",
        "max_safety_rank": "62",
        "archetype_only_rank": "47",
        "specialist_probability": "0.32944601",
        "specialist_rank": "83",
        "specialist_mean_rank": "81",
        "rank_delta_fusion_to_max": "17",
        "negative_type": "megalithic_mound",
        "morphology_proxy": "",
        "review_lane": "mamoa_false_positive_review",
        "review_reason": "Known hard negative ranked high by the main fusion model; inspect as false-positive pattern."
      }
    },
    {
      "type": "Feature",
      "geometry": {
        "type": "Point",
        "coordinates": [
          -8.291693642023777,
          43.477408326571705
        ]
      },
      "properties": {
        "queue": "holdout_top_false_positives",
        "priority_order": "23",
        "dataset": "holdouts",
        "final_split": "test_trasancos",
        "sample_id": "wl-neg-neg-es-pba-10102",
        "bank_id": "neg-es-pba-10102",
        "label_class": "0",
        "label_role": "hard_negative",
        "name": "Mámoa dos Montes de Brión IV-7",
        "municipality": "Ferrol",
        "parish": "Brión (Santa María)",
        "country": "ES",
        "fusion_probability": "0.31024988",
        "fusion_rank": "82",
        "max_safety_rank": "82",
        "archetype_only_rank": "63",
        "specialist_probability": "0.33772570",
        "specialist_rank": "81",
        "specialist_mean_rank": "82",
        "rank_delta_fusion_to_max": "0",
        "negative_type": "megalithic_mound",
        "morphology_proxy": "",
        "review_lane": "mamoa_false_positive_review",
        "review_reason": "Known hard negative ranked high by the main fusion model; inspect as false-positive pattern."
      }
    },
    {
      "type": "Feature",
      "geometry": {
        "type": "Point",
        "coordinates": [
          -8.12669761732147,
          43.47070311758196
        ]
      },
      "properties": {
        "queue": "holdout_top_false_positives",
        "priority_order": "24",
        "dataset": "holdouts",
        "final_split": "test_trasancos",
        "sample_id": "wl-neg-neg-es-pba-8680",
        "bank_id": "neg-es-pba-8680",
        "label_class": "0",
        "label_role": "hard_negative",
        "name": "Mámoa do Monte Marraxón III-5",
        "municipality": "Fene",
        "parish": "Sillobre (Santa Mariña)",
        "country": "ES",
        "fusion_probability": "0.29416108",
        "fusion_rank": "84",
        "max_safety_rank": "99",
        "archetype_only_rank": "83",
        "specialist_probability": "0.67621131",
        "specialist_rank": "52",
        "specialist_mean_rank": "69",
        "rank_delta_fusion_to_max": "-15",
        "negative_type": "megalithic_mound",
        "morphology_proxy": "",
        "review_lane": "mamoa_false_positive_review",
        "review_reason": "Known hard negative ranked high by the main fusion model; inspect as false-positive pattern."
      }
    },
    {
      "type": "Feature",
      "geometry": {
        "type": "Point",
        "coordinates": [
          -8.123356750541028,
          43.56133110666142
        ]
      },
      "properties": {
        "queue": "holdout_top_false_positives",
        "priority_order": "25",
        "dataset": "holdouts",
        "final_split": "test_trasancos",
        "sample_id": "wl-neg-neg-es-pba-14259",
        "bank_id": "neg-es-pba-14259",
        "label_class": "0",
        "label_role": "hard_negative",
        "name": "Mámoa do Monte dos Niños 05",
        "municipality": "Narón",
        "parish": "Sedes (Santo Estevo)",
        "country": "ES",
        "fusion_probability": "0.27151098",
        "fusion_rank": "86",
        "max_safety_rank": "93",
        "archetype_only_rank": "75",
        "specialist_probability": "0.24682969",
        "specialist_rank": "98",
        "specialist_mean_rank": "90",
        "rank_delta_fusion_to_max": "-7",
        "negative_type": "megalithic_mound",
        "morphology_proxy": "",
        "review_lane": "mamoa_false_positive_review",
        "review_reason": "Known hard negative ranked high by the main fusion model; inspect as false-positive pattern."
      }
    },
    {
      "type": "Feature",
      "geometry": {
        "type": "Point",
        "coordinates": [
          -8.22594601477777,
          43.57701844556937
        ]
      },
      "properties": {
        "queue": "holdout_low_rank_positives",
        "priority_order": "1",
        "dataset": "holdouts",
        "final_split": "test_o_val",
        "sample_id": "wl-pos-pos-es-pba-14588",
        "bank_id": "pos-es-pba-14588",
        "label_class": "1",
        "label_role": "positive",
        "name": "Castro de Pena Lopesa",
        "municipality": "Narón",
        "parish": "O Val (Santa María A Maior)",
        "country": "ES",
        "fusion_probability": "0.07690272",
        "fusion_rank": "131",
        "max_safety_rank": "61",
        "archetype_only_rank": "46",
        "specialist_probability": "0.06225647",
        "specialist_rank": "156",
        "specialist_mean_rank": "146",
        "rank_delta_fusion_to_max": "70",
        "negative_type": "",
        "morphology_proxy": "hilltop_hint",
        "review_lane": "morphology_rescue_review",
        "review_reason": "Known positive ranked low by the main fusion model; inspect as false-negative morphology."
      }
    },
    {
      "type": "Feature",
      "geometry": {
        "type": "Point",
        "coordinates": [
          -8.136844261989637,
          43.55153816561511
        ]
      },
      "properties": {
        "queue": "holdout_low_rank_positives",
        "priority_order": "2",
        "dataset": "holdouts",
        "final_split": "test_trasancos",
        "sample_id": "wl-pos-pos-es-pba-14590",
        "bank_id": "pos-es-pba-14590",
        "label_class": "1",
        "label_role": "positive",
        "name": "Castro de Santo Estevo",
        "municipality": "Narón",
        "parish": "Sedes (Santo Estevo)",
        "country": "ES",
        "fusion_probability": "0.09512776",
        "fusion_rank": "126",
        "max_safety_rank": "148",
        "archetype_only_rank": "151",
        "specialist_probability": "0.32911777",
        "specialist_rank": "84",
        "specialist_mean_rank": "100",
        "rank_delta_fusion_to_max": "-22",
        "negative_type": "",
        "morphology_proxy": "generic_castro_hint",
        "review_lane": "low_positive_review",
        "review_reason": "Known positive ranked low by the main fusion model; inspect as false-negative morphology."
      }
    },
    {
      "type": "Feature",
      "geometry": {
        "type": "Point",
        "coordinates": [
          -8.093620081527554,
          43.639579102678184
        ]
      },
      "properties": {
        "queue": "holdout_low_rank_positives",
        "priority_order": "3",
        "dataset": "holdouts",
        "final_split": "test_trasancos",
        "sample_id": "wl-pos-pos-es-pba-24337",
        "bank_id": "pos-es-pba-24337",
        "label_class": "1",
        "label_role": "positive",
        "name": "Os Castros",
        "municipality": "Valdoviño",
        "parish": "Pantín (Santiago)",
        "country": "ES",
        "fusion_probability": "0.13976264",
        "fusion_rank": "111",
        "max_safety_rank": "103",
        "archetype_only_rank": "82",
        "specialist_probability": "0.26421213",
        "specialist_rank": "97",
        "specialist_mean_rank": "103",
        "rank_delta_fusion_to_max": "8",
        "negative_type": "",
        "morphology_proxy": "generic_castro_hint",
        "review_lane": "morphology_rescue_review",
        "review_reason": "Known positive ranked low by the main fusion model; inspect as false-negative morphology."
      }
    },
    {
      "type": "Feature",
      "geometry": {
        "type": "Point",
        "coordinates": [
          -8.199972868867611,
          43.51103121295041
        ]
      },
      "properties": {
        "queue": "holdout_low_rank_positives",
        "priority_order": "4",
        "dataset": "holdouts",
        "final_split": "test_trasancos",
        "sample_id": "wl-pos-pos-es-pba-9184",
        "bank_id": "pos-es-pba-9184",
        "label_class": "1",
        "label_role": "positive",
        "name": "Castro de Santa Cecilia",
        "municipality": "Ferrol",
        "parish": "Santa Cecilia de Trasancos (Santa Cecilia)",
        "country": "ES",
        "fusion_probability": "0.18634847",
        "fusion_rank": "95",
        "max_safety_rank": "111",
        "archetype_only_rank": "92",
        "specialist_probability": "0.26782810",
        "specialist_rank": "96",
        "specialist_mean_rank": "95",
        "rank_delta_fusion_to_max": "-16",
        "negative_type": "",
        "morphology_proxy": "generic_castro_hint",
        "review_lane": "low_positive_review",
        "review_reason": "Known positive ranked low by the main fusion model; inspect as false-negative morphology."
      }
    },
    {
      "type": "Feature",
      "geometry": {
        "type": "Point",
        "coordinates": [
          -8.14047244366622,
          43.52154202964775
        ]
      },
      "properties": {
        "queue": "holdout_low_rank_positives",
        "priority_order": "5",
        "dataset": "holdouts",
        "final_split": "test_trasancos",
        "sample_id": "wl-pos-pos-es-pba-14488",
        "bank_id": "pos-es-pba-14488",
        "label_class": "1",
        "label_role": "positive",
        "name": "Castro de Ancos",
        "municipality": "Neda",
        "parish": "Santa María de Neda (Santa María)",
        "country": "ES",
        "fusion_probability": "0.20348617",
        "fusion_rank": "92",
        "max_safety_rank": "25",
        "archetype_only_rank": "20",
        "specialist_probability": "0.44329214",
        "specialist_rank": "71",
        "specialist_mean_rank": "83",
        "rank_delta_fusion_to_max": "67",
        "negative_type": "",
        "morphology_proxy": "generic_castro_hint",
        "review_lane": "morphology_rescue_review",
        "review_reason": "Known positive ranked low by the main fusion model; inspect as false-negative morphology."
      }
    },
    {
      "type": "Feature",
      "geometry": {
        "type": "Point",
        "coordinates": [
          -8.220621570398505,
          43.54366705275839
        ]
      },
      "properties": {
        "queue": "holdout_low_rank_positives",
        "priority_order": "6",
        "dataset": "holdouts",
        "final_split": "test_trasancos",
        "sample_id": "wl-pos-pos-es-pba-14593",
        "bank_id": "pos-es-pba-14593",
        "label_class": "1",
        "label_role": "positive",
        "name": "Castro de Trasancos",
        "municipality": "Narón",
        "parish": "Trasancos (San Mateo)",
        "country": "ES",
        "fusion_probability": "0.23859783",
        "fusion_rank": "88",
        "max_safety_rank": "85",
        "archetype_only_rank": "66",
        "specialist_probability": "0.18853937",
        "specialist_rank": "109",
        "specialist_mean_rank": "99",
        "rank_delta_fusion_to_max": "3",
        "negative_type": "",
        "morphology_proxy": "generic_castro_hint",
        "review_lane": "morphology_rescue_review",
        "review_reason": "Known positive ranked low by the main fusion model; inspect as false-negative morphology."
      }
    },
    {
      "type": "Feature",
      "geometry": {
        "type": "Point",
        "coordinates": [
          -8.178759499653474,
          43.46407350807626
        ]
      },
      "properties": {
        "queue": "holdout_low_rank_positives",
        "priority_order": "7",
        "dataset": "holdouts",
        "final_split": "test_trasancos",
        "sample_id": "wl-pos-pos-es-pba-8705",
        "bank_id": "pos-es-pba-8705",
        "label_class": "1",
        "label_role": "positive",
        "name": "Castro de Barallobre",
        "municipality": "Fene",
        "parish": "Barallobre (Santiago)",
        "country": "ES",
        "fusion_probability": "0.25135522",
        "fusion_rank": "87",
        "max_safety_rank": "107",
        "archetype_only_rank": "113",
        "specialist_probability": "0.31441909",
        "specialist_rank": "89",
        "specialist_mean_rank": "88",
        "rank_delta_fusion_to_max": "-20",
        "negative_type": "",
        "morphology_proxy": "generic_castro_hint",
        "review_lane": "low_positive_review",
        "review_reason": "Known positive ranked low by the main fusion model; inspect as false-negative morphology."
      }
    },
    {
      "type": "Feature",
      "geometry": {
        "type": "Point",
        "coordinates": [
          -8.17116511354815,
          43.59217497513028
        ]
      },
      "properties": {
        "queue": "holdout_low_rank_positives",
        "priority_order": "8",
        "dataset": "holdouts",
        "final_split": "test_trasancos",
        "sample_id": "wl-pos-pos-es-pba-24335",
        "bank_id": "pos-es-pba-24335",
        "label_class": "1",
        "label_role": "positive",
        "name": "O Castro",
        "municipality": "Valdoviño",
        "parish": "Lago (Santiago)",
        "country": "ES",
        "fusion_probability": "0.28134803",
        "fusion_rank": "85",
        "max_safety_rank": "102",
        "archetype_only_rank": "132",
        "specialist_probability": "0.19898974",
        "specialist_rank": "106",
        "specialist_mean_rank": "93",
        "rank_delta_fusion_to_max": "-17",
        "negative_type": "",
        "morphology_proxy": "generic_castro_hint",
        "review_lane": "low_positive_review",
        "review_reason": "Known positive ranked low by the main fusion model; inspect as false-negative morphology."
      }
    },
    {
      "type": "Feature",
      "geometry": {
        "type": "Point",
        "coordinates": [
          -8.135936419804226,
          43.61914947103172
        ]
      },
      "properties": {
        "queue": "holdout_low_rank_positives",
        "priority_order": "9",
        "dataset": "holdouts",
        "final_split": "test_trasancos",
        "sample_id": "wl-pos-pos-es-pba-24738",
        "bank_id": "pos-es-pba-24738",
        "label_class": "1",
        "label_role": "positive",
        "name": "Castro e Mina do Pereiro",
        "municipality": "Valdoviño",
        "parish": "Valdoviño (Santaia)",
        "country": "ES",
        "fusion_probability": "0.29848791",
        "fusion_rank": "83",
        "max_safety_rank": "98",
        "archetype_only_rank": "160",
        "specialist_probability": "0.71337095",
        "specialist_rank": "49",
        "specialist_mean_rank": "64",
        "rank_delta_fusion_to_max": "-15",
        "negative_type": "",
        "morphology_proxy": "generic_castro_hint",
        "review_lane": "low_positive_review",
        "review_reason": "Known positive ranked low by the main fusion model; inspect as false-negative morphology."
      }
    },
    {
      "type": "Feature",
      "geometry": {
        "type": "Point",
        "coordinates": [
          -8.242394964840896,
          43.47839760085566
        ]
      },
      "properties": {
        "queue": "holdout_low_rank_positives",
        "priority_order": "10",
        "dataset": "holdouts",
        "final_split": "test_trasancos",
        "sample_id": "wl-pos-pos-es-pba-9886",
        "bank_id": "pos-es-pba-9886",
        "label_class": "1",
        "label_role": "positive",
        "name": "Porta do Castro/Arco do Cristo",
        "municipality": "Ferrol",
        "parish": "Ferrol",
        "country": "ES",
        "fusion_probability": "0.31220483",
        "fusion_rank": "81",
        "max_safety_rank": "96",
        "archetype_only_rank": "186",
        "specialist_probability": "0.80728447",
        "specialist_rank": "37",
        "specialist_mean_rank": "58",
        "rank_delta_fusion_to_max": "-15",
        "negative_type": "",
        "morphology_proxy": "generic_castro_hint",
        "review_lane": "low_positive_review",
        "review_reason": "Known positive ranked low by the main fusion model; inspect as false-negative morphology."
      }
    },
    {
      "type": "Feature",
      "geometry": {
        "type": "Point",
        "coordinates": [
          -8.09873394334149,
          43.6341480312583
        ]
      },
      "properties": {
        "queue": "holdout_low_rank_positives",
        "priority_order": "11",
        "dataset": "holdouts",
        "final_split": "test_trasancos",
        "sample_id": "wl-pos-pos-es-pba-24677",
        "bank_id": "pos-es-pba-24677",
        "label_class": "1",
        "label_role": "positive",
        "name": "Castro de Casianes",
        "municipality": "Valdoviño",
        "parish": "Pantín (Santiago)",
        "country": "ES",
        "fusion_probability": "0.31684407",
        "fusion_rank": "80",
        "max_safety_rank": "95",
        "archetype_only_rank": "147",
        "specialist_probability": "0.67378610",
        "specialist_rank": "54",
        "specialist_mean_rank": "68",
        "rank_delta_fusion_to_max": "-15",
        "negative_type": "",
        "morphology_proxy": "generic_castro_hint",
        "review_lane": "low_positive_review",
        "review_reason": "Known positive ranked low by the main fusion model; inspect as false-negative morphology."
      }
    },
    {
      "type": "Feature",
      "geometry": {
        "type": "Point",
        "coordinates": [
          -8.20836441392536,
          43.522706975089974
        ]
      },
      "properties": {
        "queue": "holdout_low_rank_positives",
        "priority_order": "12",
        "dataset": "holdouts",
        "final_split": "test_trasancos",
        "sample_id": "wl-pos-pos-es-pba-9154",
        "bank_id": "pos-es-pba-9154",
        "label_class": "1",
        "label_role": "positive",
        "name": "Castro de Leixa/A Croa de Leixa",
        "municipality": "Ferrol",
        "parish": "Leixa (San Pedro)",
        "country": "ES",
        "fusion_probability": "0.32800394",
        "fusion_rank": "78",
        "max_safety_rank": "94",
        "archetype_only_rank": "120",
        "specialist_probability": "0.10642979",
        "specialist_rank": "136",
        "specialist_mean_rank": "98",
        "rank_delta_fusion_to_max": "-16",
        "negative_type": "",
        "morphology_proxy": "croa_top_ring_hint",
        "review_lane": "low_positive_review",
        "review_reason": "Known positive ranked low by the main fusion model; inspect as false-negative morphology."
      }
    },
    {
      "type": "Feature",
      "geometry": {
        "type": "Point",
        "coordinates": [
          -8.239830294287893,
          43.524029972263946
        ]
      },
      "properties": {
        "queue": "holdout_low_rank_positives",
        "priority_order": "13",
        "dataset": "holdouts",
        "final_split": "test_trasancos",
        "sample_id": "wl-pos-pos-es-pba-10165",
        "bank_id": "pos-es-pba-10165",
        "label_class": "1",
        "label_role": "positive",
        "name": "Monte do Castro/Castro de Vilela",
        "municipality": "Ferrol",
        "parish": "Mandiá (Santa Uxía)",
        "country": "ES",
        "fusion_probability": "0.36901569",
        "fusion_rank": "71",
        "max_safety_rank": "91",
        "archetype_only_rank": "87",
        "specialist_probability": "0.79430548",
        "specialist_rank": "39",
        "specialist_mean_rank": "52",
        "rank_delta_fusion_to_max": "-20",
        "negative_type": "",
        "morphology_proxy": "hilltop_hint",
        "review_lane": "low_positive_review",
        "review_reason": "Known positive ranked low by the main fusion model; inspect as false-negative morphology."
      }
    },
    {
      "type": "Feature",
      "geometry": {
        "type": "Point",
        "coordinates": [
          -8.110405528230721,
          43.64384397902806
        ]
      },
      "properties": {
        "queue": "holdout_low_rank_positives",
        "priority_order": "14",
        "dataset": "holdouts",
        "final_split": "test_trasancos",
        "sample_id": "wl-pos-pos-es-pba-24678",
        "bank_id": "pos-es-pba-24678",
        "label_class": "1",
        "label_role": "positive",
        "name": "Castro de Coto Redondo",
        "municipality": "Valdoviño",
        "parish": "Pantín (Santiago)",
        "country": "ES",
        "fusion_probability": "0.38890040",
        "fusion_rank": "68",
        "max_safety_rank": "90",
        "archetype_only_rank": "122",
        "specialist_probability": "0.40367254",
        "specialist_rank": "77",
        "specialist_mean_rank": "76",
        "rank_delta_fusion_to_max": "-22",
        "negative_type": "",
        "morphology_proxy": "hilltop_hint",
        "review_lane": "low_positive_review",
        "review_reason": "Known positive ranked low by the main fusion model; inspect as false-negative morphology."
      }
    },
    {
      "type": "Feature",
      "geometry": {
        "type": "Point",
        "coordinates": [
          -8.186321260418124,
          43.42396916091138
        ]
      },
      "properties": {
        "queue": "holdout_low_rank_positives",
        "priority_order": "15",
        "dataset": "holdouts",
        "final_split": "test_trasancos",
        "sample_id": "wl-pos-pos-es-pba-8709",
        "bank_id": "pos-es-pba-8709",
        "label_class": "1",
        "label_role": "positive",
        "name": "Castro do Río Castro",
        "municipality": "Fene",
        "parish": "Limodre (Santa Baia)",
        "country": "ES",
        "fusion_probability": "0.40577524",
        "fusion_rank": "66",
        "max_safety_rank": "87",
        "archetype_only_rank": "69",
        "specialist_probability": "0.31911095",
        "specialist_rank": "88",
        "specialist_mean_rank": "78",
        "rank_delta_fusion_to_max": "-21",
        "negative_type": "",
        "morphology_proxy": "valley_or_river_edge_hint",
        "review_lane": "low_positive_review",
        "review_reason": "Known positive ranked low by the main fusion model; inspect as false-negative morphology."
      }
    },
    {
      "type": "Feature",
      "geometry": {
        "type": "Point",
        "coordinates": [
          -8.147683735016127,
          43.62230830936563
        ]
      },
      "properties": {
        "queue": "holdout_low_rank_positives",
        "priority_order": "16",
        "dataset": "holdouts",
        "final_split": "test_trasancos",
        "sample_id": "wl-pos-pos-es-pba-24674",
        "bank_id": "pos-es-pba-24674",
        "label_class": "1",
        "label_role": "positive",
        "name": "Castro da Punta do Vico",
        "municipality": "Valdoviño",
        "parish": "Valdoviño (Santaia)",
        "country": "ES",
        "fusion_probability": "0.41650056",
        "fusion_rank": "65",
        "max_safety_rank": "27",
        "archetype_only_rank": "22",
        "specialist_probability": "0.42105042",
        "specialist_rank": "75",
        "specialist_mean_rank": "74",
        "rank_delta_fusion_to_max": "38",
        "negative_type": "",
        "morphology_proxy": "coastal_promontory_hint",
        "review_lane": "morphology_rescue_review",
        "review_reason": "Known positive ranked low by the main fusion model; inspect as false-negative morphology."
      }
    },
    {
      "type": "Feature",
      "geometry": {
        "type": "Point",
        "coordinates": [
          -8.17901516416762,
          43.501629521149226
        ]
      },
      "properties": {
        "queue": "holdout_low_rank_positives",
        "priority_order": "17",
        "dataset": "holdouts",
        "final_split": "test_trasancos",
        "sample_id": "wl-pos-pos-es-pba-14589",
        "bank_id": "pos-es-pba-14589",
        "label_class": "1",
        "label_role": "positive",
        "name": "Castro de Petouzal/Castro da Croa",
        "municipality": "Narón",
        "parish": "Narón",
        "country": "ES",
        "fusion_probability": "0.44918185",
        "fusion_rank": "61",
        "max_safety_rank": "80",
        "archetype_only_rank": "145",
        "specialist_probability": "0.55212104",
        "specialist_rank": "65",
        "specialist_mean_rank": "66",
        "rank_delta_fusion_to_max": "-19",
        "negative_type": "",
        "morphology_proxy": "croa_top_ring_hint",
        "review_lane": "low_positive_review",
        "review_reason": "Known positive ranked low by the main fusion model; inspect as false-negative morphology."
      }
    },
    {
      "type": "Feature",
      "geometry": {
        "type": "Point",
        "coordinates": [
          -8.147308718619547,
          43.45066167519628
        ]
      },
      "properties": {
        "queue": "holdout_low_rank_positives",
        "priority_order": "18",
        "dataset": "holdouts",
        "final_split": "test_trasancos",
        "sample_id": "wl-pos-pos-es-pba-8706",
        "bank_id": "pos-es-pba-8706",
        "label_class": "1",
        "label_role": "positive",
        "name": "Castro de Magalofes",
        "municipality": "Fene",
        "parish": "Magalofes (San Xurxo)",
        "country": "ES",
        "fusion_probability": "0.46393974",
        "fusion_rank": "59",
        "max_safety_rank": "78",
        "archetype_only_rank": "74",
        "specialist_probability": "0.31152307",
        "specialist_rank": "91",
        "specialist_mean_rank": "77",
        "rank_delta_fusion_to_max": "-19",
        "negative_type": "",
        "morphology_proxy": "generic_castro_hint",
        "review_lane": "low_positive_review",
        "review_reason": "Known positive ranked low by the main fusion model; inspect as false-negative morphology."
      }
    },
    {
      "type": "Feature",
      "geometry": {
        "type": "Point",
        "coordinates": [
          -8.249128691469277,
          43.539632953340096
        ]
      },
      "properties": {
        "queue": "holdout_low_rank_positives",
        "priority_order": "19",
        "dataset": "holdouts",
        "final_split": "test_trasancos",
        "sample_id": "wl-pos-pos-es-pba-9183",
        "bank_id": "pos-es-pba-9183",
        "label_class": "1",
        "label_role": "positive",
        "name": "Castro de Marmancón/Castro de Papoi",
        "municipality": "Ferrol",
        "parish": "Marmancón (San Pedro)",
        "country": "ES",
        "fusion_probability": "0.47226293",
        "fusion_rank": "58",
        "max_safety_rank": "77",
        "archetype_only_rank": "80",
        "specialist_probability": "0.74308249",
        "specialist_rank": "47",
        "specialist_mean_rank": "50",
        "rank_delta_fusion_to_max": "-19",
        "negative_type": "",
        "morphology_proxy": "coastal_promontory_hint",
        "review_lane": "low_positive_review",
        "review_reason": "Known positive ranked low by the main fusion model; inspect as false-negative morphology."
      }
    },
    {
      "type": "Feature",
      "geometry": {
        "type": "Point",
        "coordinates": [
          -8.142725393719834,
          43.603889598179116
        ]
      },
      "properties": {
        "queue": "holdout_low_rank_positives",
        "priority_order": "20",
        "dataset": "holdouts",
        "final_split": "test_trasancos",
        "sample_id": "wl-pos-pos-es-pba-24708",
        "bank_id": "pos-es-pba-24708",
        "label_class": "1",
        "label_role": "positive",
        "name": "Castro de Poulo",
        "municipality": "Valdoviño",
        "parish": "Valdoviño (Santaia)",
        "country": "ES",
        "fusion_probability": "0.50853211",
        "fusion_rank": "56",
        "max_safety_rank": "75",
        "archetype_only_rank": "73",
        "specialist_probability": "0.61835268",
        "specialist_rank": "61",
        "specialist_mean_rank": "57",
        "rank_delta_fusion_to_max": "-19",
        "negative_type": "",
        "morphology_proxy": "generic_castro_hint",
        "review_lane": "low_positive_review",
        "review_reason": "Known positive ranked low by the main fusion model; inspect as false-negative morphology."
      }
    },
    {
      "type": "Feature",
      "geometry": {
        "type": "Point",
        "coordinates": [
          -8.170071095103031,
          43.57590727862178
        ]
      },
      "properties": {
        "queue": "holdout_low_rank_positives",
        "priority_order": "21",
        "dataset": "holdouts",
        "final_split": "test_trasancos",
        "sample_id": "wl-pos-pos-es-pba-24706",
        "bank_id": "pos-es-pba-24706",
        "label_class": "1",
        "label_role": "positive",
        "name": "Castro de Lodeiro",
        "municipality": "Valdoviño",
        "parish": "O Sequeiro (Santa María)",
        "country": "ES",
        "fusion_probability": "0.51790409",
        "fusion_rank": "55",
        "max_safety_rank": "74",
        "archetype_only_rank": "100",
        "specialist_probability": "0.35816790",
        "specialist_rank": "80",
        "specialist_mean_rank": "72",
        "rank_delta_fusion_to_max": "-19",
        "negative_type": "",
        "morphology_proxy": "generic_castro_hint",
        "review_lane": "low_positive_review",
        "review_reason": "Known positive ranked low by the main fusion model; inspect as false-negative morphology."
      }
    },
    {
      "type": "Feature",
      "geometry": {
        "type": "Point",
        "coordinates": [
          -8.042097773882631,
          43.54078893976058
        ]
      },
      "properties": {
        "queue": "holdout_low_rank_positives",
        "priority_order": "22",
        "dataset": "holdouts",
        "final_split": "test_trasancos",
        "sample_id": "wl-pos-pos-es-pba-20784",
        "bank_id": "pos-es-pba-20784",
        "label_class": "1",
        "label_role": "positive",
        "name": "Castro de croas de Ramil",
        "municipality": "San Sadurniño",
        "parish": "Lamas (San Xiao)",
        "country": "ES",
        "fusion_probability": "0.56531740",
        "fusion_rank": "53",
        "max_safety_rank": "73",
        "archetype_only_rank": "141",
        "specialist_probability": "0.42625805",
        "specialist_rank": "73",
        "specialist_mean_rank": "67",
        "rank_delta_fusion_to_max": "-20",
        "negative_type": "",
        "morphology_proxy": "croa_top_ring_hint",
        "review_lane": "low_positive_review",
        "review_reason": "Known positive ranked low by the main fusion model; inspect as false-negative morphology."
      }
    },
    {
      "type": "Feature",
      "geometry": {
        "type": "Point",
        "coordinates": [
          -8.1781798324184,
          43.544581317028644
        ]
      },
      "properties": {
        "queue": "holdout_low_rank_positives",
        "priority_order": "23",
        "dataset": "holdouts",
        "final_split": "test_trasancos",
        "sample_id": "wl-pos-pos-es-pba-14336",
        "bank_id": "pos-es-pba-14336",
        "label_class": "1",
        "label_role": "positive",
        "name": "O Castro",
        "municipality": "Narón",
        "parish": "Castro (Santa María)",
        "country": "ES",
        "fusion_probability": "0.57357064",
        "fusion_rank": "52",
        "max_safety_rank": "72",
        "archetype_only_rank": "182",
        "specialist_probability": "0.43088490",
        "specialist_rank": "72",
        "specialist_mean_rank": "65",
        "rank_delta_fusion_to_max": "-20",
        "negative_type": "",
        "morphology_proxy": "generic_castro_hint",
        "review_lane": "low_positive_review",
        "review_reason": "Known positive ranked low by the main fusion model; inspect as false-negative morphology."
      }
    },
    {
      "type": "Feature",
      "geometry": {
        "type": "Point",
        "coordinates": [
          -8.196140240247656,
          43.57563888498038
        ]
      },
      "properties": {
        "queue": "holdout_low_rank_positives",
        "priority_order": "24",
        "dataset": "holdouts",
        "final_split": "test_trasancos",
        "sample_id": "wl-pos-pos-es-pba-24334",
        "bank_id": "pos-es-pba-24334",
        "label_class": "1",
        "label_role": "positive",
        "name": "O Castrillón",
        "municipality": "Valdoviño",
        "parish": "Meirás (San Vicente)",
        "country": "ES",
        "fusion_probability": "0.60664100",
        "fusion_rank": "50",
        "max_safety_rank": "70",
        "archetype_only_rank": "59",
        "specialist_probability": "0.78358548",
        "specialist_rank": "42",
        "specialist_mean_rank": "44",
        "rank_delta_fusion_to_max": "-20",
        "negative_type": "",
        "morphology_proxy": "castrel_toponym_hint",
        "review_lane": "low_positive_review",
        "review_reason": "Known positive ranked low by the main fusion model; inspect as false-negative morphology."
      }
    },
    {
      "type": "Feature",
      "geometry": {
        "type": "Point",
        "coordinates": [
          -8.242683156451365,
          43.47962400888347
        ]
      },
      "properties": {
        "queue": "holdout_low_rank_positives",
        "priority_order": "25",
        "dataset": "holdouts",
        "final_split": "test_trasancos",
        "sample_id": "wl-pos-pos-es-pba-9153",
        "bank_id": "pos-es-pba-9153",
        "label_class": "1",
        "label_role": "positive",
        "name": "Castro de Ferrol Vello",
        "municipality": "Ferrol",
        "parish": "Ferrol",
        "country": "ES",
        "fusion_probability": "0.62803931",
        "fusion_rank": "48",
        "max_safety_rank": "69",
        "archetype_only_rank": "60",
        "specialist_probability": "0.94143722",
        "specialist_rank": "25",
        "specialist_mean_rank": "35",
        "rank_delta_fusion_to_max": "-21",
        "negative_type": "",
        "morphology_proxy": "generic_castro_hint",
        "review_lane": "mamoa_specialist_positive_review",
        "review_reason": "Known positive ranked low by the main fusion model; inspect as false-negative morphology."
      }
    },
    {
      "type": "Feature",
      "geometry": {
        "type": "Point",
        "coordinates": [
          -8.22594601477777,
          43.57701844556937
        ]
      },
      "properties": {
        "queue": "holdout_morphology_rescues",
        "priority_order": "1",
        "dataset": "holdouts",
        "final_split": "test_o_val",
        "sample_id": "wl-pos-pos-es-pba-14588",
        "bank_id": "pos-es-pba-14588",
        "label_class": "1",
        "label_role": "positive",
        "name": "Castro de Pena Lopesa",
        "municipality": "Narón",
        "parish": "O Val (Santa María A Maior)",
        "country": "ES",
        "fusion_probability": "0.07690272",
        "fusion_rank": "131",
        "max_safety_rank": "61",
        "archetype_only_rank": "46",
        "specialist_probability": "0.06225647",
        "specialist_rank": "156",
        "specialist_mean_rank": "146",
        "rank_delta_fusion_to_max": "70",
        "negative_type": "",
        "morphology_proxy": "hilltop_hint",
        "review_lane": "morphology_rescue_review",
        "review_reason": "Known positive moved upward by max_safety; inspect morphology archetype missed by the main model."
      }
    },
    {
      "type": "Feature",
      "geometry": {
        "type": "Point",
        "coordinates": [
          -8.14047244366622,
          43.52154202964775
        ]
      },
      "properties": {
        "queue": "holdout_morphology_rescues",
        "priority_order": "2",
        "dataset": "holdouts",
        "final_split": "test_trasancos",
        "sample_id": "wl-pos-pos-es-pba-14488",
        "bank_id": "pos-es-pba-14488",
        "label_class": "1",
        "label_role": "positive",
        "name": "Castro de Ancos",
        "municipality": "Neda",
        "parish": "Santa María de Neda (Santa María)",
        "country": "ES",
        "fusion_probability": "0.20348617",
        "fusion_rank": "92",
        "max_safety_rank": "25",
        "archetype_only_rank": "20",
        "specialist_probability": "0.44329214",
        "specialist_rank": "71",
        "specialist_mean_rank": "83",
        "rank_delta_fusion_to_max": "67",
        "negative_type": "",
        "morphology_proxy": "generic_castro_hint",
        "review_lane": "morphology_rescue_review",
        "review_reason": "Known positive moved upward by max_safety; inspect morphology archetype missed by the main model."
      }
    },
    {
      "type": "Feature",
      "geometry": {
        "type": "Point",
        "coordinates": [
          -8.147683735016127,
          43.62230830936563
        ]
      },
      "properties": {
        "queue": "holdout_morphology_rescues",
        "priority_order": "3",
        "dataset": "holdouts",
        "final_split": "test_trasancos",
        "sample_id": "wl-pos-pos-es-pba-24674",
        "bank_id": "pos-es-pba-24674",
        "label_class": "1",
        "label_role": "positive",
        "name": "Castro da Punta do Vico",
        "municipality": "Valdoviño",
        "parish": "Valdoviño (Santaia)",
        "country": "ES",
        "fusion_probability": "0.41650056",
        "fusion_rank": "65",
        "max_safety_rank": "27",
        "archetype_only_rank": "22",
        "specialist_probability": "0.42105042",
        "specialist_rank": "75",
        "specialist_mean_rank": "74",
        "rank_delta_fusion_to_max": "38",
        "negative_type": "",
        "morphology_proxy": "coastal_promontory_hint",
        "review_lane": "morphology_rescue_review",
        "review_reason": "Known positive moved upward by max_safety; inspect morphology archetype missed by the main model."
      }
    },
    {
      "type": "Feature",
      "geometry": {
        "type": "Point",
        "coordinates": [
          -8.11927005988558,
          43.5435880296391
        ]
      },
      "properties": {
        "queue": "holdout_morphology_rescues",
        "priority_order": "4",
        "dataset": "holdouts",
        "final_split": "test_trasancos",
        "sample_id": "wl-pos-pos-es-pba-14554",
        "bank_id": "pos-es-pba-14554",
        "label_class": "1",
        "label_role": "positive",
        "name": "Castro da Pereiruga",
        "municipality": "Narón",
        "parish": "Pedroso (San Salvador)",
        "country": "ES",
        "fusion_probability": "0.80023293",
        "fusion_rank": "35",
        "max_safety_rank": "13",
        "archetype_only_rank": "11",
        "specialist_probability": "0.94758557",
        "specialist_rank": "20",
        "specialist_mean_rank": "29",
        "rank_delta_fusion_to_max": "22",
        "negative_type": "",
        "morphology_proxy": "generic_castro_hint",
        "review_lane": "mamoa_specialist_positive_review",
        "review_reason": "Known positive moved upward by max_safety; inspect morphology archetype missed by the main model."
      }
    },
    {
      "type": "Feature",
      "geometry": {
        "type": "Point",
        "coordinates": [
          -8.148872875517807,
          43.618480398789906
        ]
      },
      "properties": {
        "queue": "holdout_morphology_rescues",
        "priority_order": "5",
        "dataset": "holdouts",
        "final_split": "test_trasancos",
        "sample_id": "wl-pos-pos-es-pba-24709",
        "bank_id": "pos-es-pba-24709",
        "label_class": "1",
        "label_role": "positive",
        "name": "Castro de Punta Frouxeira",
        "municipality": "Valdoviño",
        "parish": "Valdoviño (Santaia)",
        "country": "ES",
        "fusion_probability": "0.90309521",
        "fusion_rank": "26",
        "max_safety_rank": "4",
        "archetype_only_rank": "4",
        "specialist_probability": "0.97388893",
        "specialist_rank": "11",
        "specialist_mean_rank": "20",
        "rank_delta_fusion_to_max": "22",
        "negative_type": "",
        "morphology_proxy": "coastal_promontory_hint",
        "review_lane": "mamoa_specialist_positive_review",
        "review_reason": "Known positive moved upward by max_safety; inspect morphology archetype missed by the main model."
      }
    },
    {
      "type": "Feature",
      "geometry": {
        "type": "Point",
        "coordinates": [
          -8.181906273273144,
          43.445376672260515
        ]
      },
      "properties": {
        "queue": "holdout_morphology_rescues",
        "priority_order": "6",
        "dataset": "holdouts",
        "final_split": "test_trasancos",
        "sample_id": "wl-pos-pos-es-pba-8708",
        "bank_id": "pos-es-pba-8708",
        "label_class": "1",
        "label_role": "positive",
        "name": "Castro de Prismos",
        "municipality": "Fene",
        "parish": "Maniños (San Salvador)",
        "country": "ES",
        "fusion_probability": "0.66513973",
        "fusion_rank": "45",
        "max_safety_rank": "32",
        "archetype_only_rank": "27",
        "specialist_probability": "0.82539091",
        "specialist_rank": "36",
        "specialist_mean_rank": "41",
        "rank_delta_fusion_to_max": "13",
        "negative_type": "",
        "morphology_proxy": "generic_castro_hint",
        "review_lane": "morphology_rescue_review",
        "review_reason": "Known positive moved upward by max_safety; inspect morphology archetype missed by the main model."
      }
    },
    {
      "type": "Feature",
      "geometry": {
        "type": "Point",
        "coordinates": [
          -8.119504115401668,
          43.484762875184245
        ]
      },
      "properties": {
        "queue": "holdout_morphology_rescues",
        "priority_order": "7",
        "dataset": "holdouts",
        "final_split": "test_trasancos",
        "sample_id": "wl-pos-pos-es-pba-14518",
        "bank_id": "pos-es-pba-14518",
        "label_class": "1",
        "label_role": "positive",
        "name": "Castro de Viladonelle",
        "municipality": "Neda",
        "parish": "Viladonelle (Santo André)",
        "country": "ES",
        "fusion_probability": "0.92910283",
        "fusion_rank": "19",
        "max_safety_rank": "6",
        "archetype_only_rank": "6",
        "specialist_probability": "0.99515525",
        "specialist_rank": "6",
        "specialist_mean_rank": "13",
        "rank_delta_fusion_to_max": "13",
        "negative_type": "",
        "morphology_proxy": "generic_castro_hint",
        "review_lane": "mamoa_specialist_positive_review",
        "review_reason": "Known positive moved upward by max_safety; inspect morphology archetype missed by the main model."
      }
    },
    {
      "type": "Feature",
      "geometry": {
        "type": "Point",
        "coordinates": [
          -8.06556223656323,
          43.54359118222014
        ]
      },
      "properties": {
        "queue": "holdout_morphology_rescues",
        "priority_order": "8",
        "dataset": "holdouts",
        "final_split": "test_trasancos",
        "sample_id": "wl-pos-pos-es-pba-20782",
        "bank_id": "pos-es-pba-20782",
        "label_class": "1",
        "label_role": "positive",
        "name": "Castro Das Croas",
        "municipality": "San Sadurniño",
        "parish": "San Sadurniño (Santa María)",
        "country": "ES",
        "fusion_probability": "0.91959820",
        "fusion_rank": "22",
        "max_safety_rank": "10",
        "archetype_only_rank": "10",
        "specialist_probability": "0.96782437",
        "specialist_rank": "15",
        "specialist_mean_rank": "18",
        "rank_delta_fusion_to_max": "12",
        "negative_type": "",
        "morphology_proxy": "croa_top_ring_hint",
        "review_lane": "mamoa_specialist_positive_review",
        "review_reason": "Known positive moved upward by max_safety; inspect morphology archetype missed by the main model."
      }
    },
    {
      "type": "Feature",
      "geometry": {
        "type": "Point",
        "coordinates": [
          -8.08589185535877,
          43.637237042304854
        ]
      },
      "properties": {
        "queue": "holdout_morphology_rescues",
        "priority_order": "9",
        "dataset": "holdouts",
        "final_split": "test_trasancos",
        "sample_id": "wl-pos-pos-es-pba-24712",
        "bank_id": "pos-es-pba-24712",
        "label_class": "1",
        "label_role": "positive",
        "name": "Castro de Vilarrube/Os Castros de Ferreirías",
        "municipality": "Valdoviño",
        "parish": "Pantín (Santiago)",
        "country": "ES",
        "fusion_probability": "0.94048097",
        "fusion_rank": "17",
        "max_safety_rank": "8",
        "archetype_only_rank": "8",
        "specialist_probability": "0.97379357",
        "specialist_rank": "12",
        "specialist_mean_rank": "15",
        "rank_delta_fusion_to_max": "9",
        "negative_type": "",
        "morphology_proxy": "generic_castro_hint",
        "review_lane": "mamoa_specialist_positive_review",
        "review_reason": "Known positive moved upward by max_safety; inspect morphology archetype missed by the main model."
      }
    },
    {
      "type": "Feature",
      "geometry": {
        "type": "Point",
        "coordinates": [
          -8.149740461365019,
          43.50786201500216
        ]
      },
      "properties": {
        "queue": "holdout_morphology_rescues",
        "priority_order": "10",
        "dataset": "holdouts",
        "final_split": "test_trasancos",
        "sample_id": "wl-pos-pos-es-pba-14519",
        "bank_id": "pos-es-pba-14519",
        "label_class": "1",
        "label_role": "positive",
        "name": "Castros",
        "municipality": "Neda",
        "parish": "Santa María de Neda (Santa María)",
        "country": "ES",
        "fusion_probability": "0.95715968",
        "fusion_rank": "13",
        "max_safety_rank": "5",
        "archetype_only_rank": "5",
        "specialist_probability": "0.97373346",
        "specialist_rank": "13",
        "specialist_mean_rank": "11",
        "rank_delta_fusion_to_max": "8",
        "negative_type": "",
        "morphology_proxy": "generic_castro_hint",
        "review_lane": "mamoa_specialist_positive_review",
        "review_reason": "Known positive moved upward by max_safety; inspect morphology archetype missed by the main model."
      }
    },
    {
      "type": "Feature",
      "geometry": {
        "type": "Point",
        "coordinates": [
          -8.093620081527554,
          43.639579102678184
        ]
      },
      "properties": {
        "queue": "holdout_morphology_rescues",
        "priority_order": "11",
        "dataset": "holdouts",
        "final_split": "test_trasancos",
        "sample_id": "wl-pos-pos-es-pba-24337",
        "bank_id": "pos-es-pba-24337",
        "label_class": "1",
        "label_role": "positive",
        "name": "Os Castros",
        "municipality": "Valdoviño",
        "parish": "Pantín (Santiago)",
        "country": "ES",
        "fusion_probability": "0.13976264",
        "fusion_rank": "111",
        "max_safety_rank": "103",
        "archetype_only_rank": "82",
        "specialist_probability": "0.26421213",
        "specialist_rank": "97",
        "specialist_mean_rank": "103",
        "rank_delta_fusion_to_max": "8",
        "negative_type": "",
        "morphology_proxy": "generic_castro_hint",
        "review_lane": "morphology_rescue_review",
        "review_reason": "Known positive moved upward by max_safety; inspect morphology archetype missed by the main model."
      }
    },
    {
      "type": "Feature",
      "geometry": {
        "type": "Point",
        "coordinates": [
          -8.171572505093756,
          43.47427554901182
        ]
      },
      "properties": {
        "queue": "holdout_morphology_rescues",
        "priority_order": "12",
        "dataset": "holdouts",
        "final_split": "test_trasancos",
        "sample_id": "wl-pos-pos-es-pba-8704",
        "bank_id": "pos-es-pba-8704",
        "label_class": "1",
        "label_role": "positive",
        "name": "Castro das Pías/Castro de Cardoeiro",
        "municipality": "Fene",
        "parish": "Perlío (Santo Estevo)",
        "country": "ES",
        "fusion_probability": "0.95289257",
        "fusion_rank": "15",
        "max_safety_rank": "9",
        "archetype_only_rank": "9",
        "specialist_probability": "0.99379223",
        "specialist_rank": "7",
        "specialist_mean_rank": "9",
        "rank_delta_fusion_to_max": "6",
        "negative_type": "",
        "morphology_proxy": "generic_castro_hint",
        "review_lane": "mamoa_specialist_positive_review",
        "review_reason": "Known positive moved upward by max_safety; inspect morphology archetype missed by the main model."
      }
    },
    {
      "type": "Feature",
      "geometry": {
        "type": "Point",
        "coordinates": [
          -8.08926923552419,
          43.61891345626826
        ]
      },
      "properties": {
        "queue": "holdout_morphology_rescues",
        "priority_order": "13",
        "dataset": "holdouts",
        "final_split": "test_trasancos",
        "sample_id": "wl-pos-pos-es-pba-24707",
        "bank_id": "pos-es-pba-24707",
        "label_class": "1",
        "label_role": "positive",
        "name": "Castro de Lousada",
        "municipality": "Valdoviño",
        "parish": "Loira (San Pedro)",
        "country": "ES",
        "fusion_probability": "0.90722935",
        "fusion_rank": "25",
        "max_safety_rank": "19",
        "archetype_only_rank": "16",
        "specialist_probability": "0.96262376",
        "specialist_rank": "19",
        "specialist_mean_rank": "21",
        "rank_delta_fusion_to_max": "6",
        "negative_type": "",
        "morphology_proxy": "generic_castro_hint",
        "review_lane": "mamoa_specialist_positive_review",
        "review_reason": "Known positive moved upward by max_safety; inspect morphology archetype missed by the main model."
      }
    },
    {
      "type": "Feature",
      "geometry": {
        "type": "Point",
        "coordinates": [
          -8.198712287595123,
          43.60215405961929
        ]
      },
      "properties": {
        "queue": "holdout_morphology_rescues",
        "priority_order": "14",
        "dataset": "holdouts",
        "final_split": "test_trasancos",
        "sample_id": "wl-pos-pos-es-pba-24710",
        "bank_id": "pos-es-pba-24710",
        "label_class": "1",
        "label_role": "positive",
        "name": "Castro de Punta Taraza",
        "municipality": "Valdoviño",
        "parish": "Meirás (San Vicente)",
        "country": "ES",
        "fusion_probability": "0.98361153",
        "fusion_rank": "8",
        "max_safety_rank": "3",
        "archetype_only_rank": "3",
        "specialist_probability": "0.99968172",
        "specialist_rank": "2",
        "specialist_mean_rank": "5",
        "rank_delta_fusion_to_max": "5",
        "negative_type": "",
        "morphology_proxy": "coastal_promontory_hint",
        "review_lane": "mamoa_specialist_positive_review",
        "review_reason": "Known positive moved upward by max_safety; inspect morphology archetype missed by the main model."
      }
    },
    {
      "type": "Feature",
      "geometry": {
        "type": "Point",
        "coordinates": [
          -8.104051749616847,
          43.53377786336151
        ]
      },
      "properties": {
        "queue": "holdout_morphology_rescues",
        "priority_order": "15",
        "dataset": "holdouts",
        "final_split": "test_trasancos",
        "sample_id": "wl-pos-pos-es-pba-14552",
        "bank_id": "pos-es-pba-14552",
        "label_class": "1",
        "label_role": "positive",
        "name": "Castro da Ermida",
        "municipality": "Narón",
        "parish": "Pedroso (San Salvador)",
        "country": "ES",
        "fusion_probability": "0.69543251",
        "fusion_rank": "43",
        "max_safety_rank": "40",
        "archetype_only_rank": "33",
        "specialist_probability": "0.83137508",
        "specialist_rank": "34",
        "specialist_mean_rank": "37",
        "rank_delta_fusion_to_max": "3",
        "negative_type": "",
        "morphology_proxy": "generic_castro_hint",
        "review_lane": "morphology_rescue_review",
        "review_reason": "Known positive moved upward by max_safety; inspect morphology archetype missed by the main model."
      }
    },
    {
      "type": "Feature",
      "geometry": {
        "type": "Point",
        "coordinates": [
          -8.220621570398505,
          43.54366705275839
        ]
      },
      "properties": {
        "queue": "holdout_morphology_rescues",
        "priority_order": "16",
        "dataset": "holdouts",
        "final_split": "test_trasancos",
        "sample_id": "wl-pos-pos-es-pba-14593",
        "bank_id": "pos-es-pba-14593",
        "label_class": "1",
        "label_role": "positive",
        "name": "Castro de Trasancos",
        "municipality": "Narón",
        "parish": "Trasancos (San Mateo)",
        "country": "ES",
        "fusion_probability": "0.23859783",
        "fusion_rank": "88",
        "max_safety_rank": "85",
        "archetype_only_rank": "66",
        "specialist_probability": "0.18853937",
        "specialist_rank": "109",
        "specialist_mean_rank": "99",
        "rank_delta_fusion_to_max": "3",
        "negative_type": "",
        "morphology_proxy": "generic_castro_hint",
        "review_lane": "morphology_rescue_review",
        "review_reason": "Known positive moved upward by max_safety; inspect morphology archetype missed by the main model."
      }
    },
    {
      "type": "Feature",
      "geometry": {
        "type": "Point",
        "coordinates": [
          -7.135345166845082,
          43.17117388616058
        ]
      },
      "properties": {
        "queue": "val_top_weak_negatives",
        "priority_order": "1",
        "dataset": "val",
        "final_split": "val",
        "sample_id": "wl-neg-neg-es-pba-31073",
        "bank_id": "neg-es-pba-31073",
        "label_class": "0",
        "label_role": "hard_negative",
        "name": "O Castelo/Castelo de Castañoso",
        "municipality": "A Fonsagrada",
        "parish": "Maderne (San Pedro)",
        "country": "ES",
        "fusion_probability": "0.99789230",
        "fusion_rank": "15",
        "max_safety_rank": "4",
        "archetype_only_rank": "4",
        "specialist_probability": "0.99996338",
        "specialist_rank": "8",
        "specialist_mean_rank": "14",
        "rank_delta_fusion_to_max": "11",
        "negative_type": "historic_fortification",
        "morphology_proxy": "",
        "review_lane": "weak_negative_review",
        "review_reason": "Weak-label negative ranked high on validation; inspect before treating it as true absence."
      }
    },
    {
      "type": "Feature",
      "geometry": {
        "type": "Point",
        "coordinates": [
          -7.744165519059862,
          42.66039310678573
        ]
      },
      "properties": {
        "queue": "val_top_weak_negatives",
        "priority_order": "2",
        "dataset": "val",
        "final_split": "val",
        "sample_id": "wl-neg-neg-es-pba-29293",
        "bank_id": "neg-es-pba-29293",
        "label_class": "0",
        "label_role": "hard_negative",
        "name": "O Castelo",
        "municipality": "Chantada",
        "parish": "Pedrafita (Santa Baia)",
        "country": "ES",
        "fusion_probability": "0.99665089",
        "fusion_rank": "18",
        "max_safety_rank": "67",
        "archetype_only_rank": "144",
        "specialist_probability": "0.99897998",
        "specialist_rank": "32",
        "specialist_mean_rank": "18",
        "rank_delta_fusion_to_max": "-49",
        "negative_type": "historic_fortification",
        "morphology_proxy": "",
        "review_lane": "weak_negative_review",
        "review_reason": "Weak-label negative ranked high on validation; inspect before treating it as true absence."
      }
    },
    {
      "type": "Feature",
      "geometry": {
        "type": "Point",
        "coordinates": [
          -7.119835761787136,
          43.21363333525459
        ]
      },
      "properties": {
        "queue": "val_top_weak_negatives",
        "priority_order": "3",
        "dataset": "val",
        "final_split": "val",
        "sample_id": "wl-neg-neg-es-pba-31155",
        "bank_id": "neg-es-pba-31155",
        "label_class": "0",
        "label_role": "hard_negative",
        "name": "Pena Castelo",
        "municipality": "A Fonsagrada",
        "parish": "A Veiga de Logares (Santa María)",
        "country": "ES",
        "fusion_probability": "0.98988121",
        "fusion_rank": "53",
        "max_safety_rank": "2",
        "archetype_only_rank": "2",
        "specialist_probability": "0.99891083",
        "specialist_rank": "33",
        "specialist_mean_rank": "39",
        "rank_delta_fusion_to_max": "51",
        "negative_type": "historic_fortification",
        "morphology_proxy": "",
        "review_lane": "weak_negative_review",
        "review_reason": "Weak-label negative ranked high on validation; inspect before treating it as true absence."
      }
    },
    {
      "type": "Feature",
      "geometry": {
        "type": "Point",
        "coordinates": [
          -6.875323294454912,
          42.85556027213712
        ]
      },
      "properties": {
        "queue": "val_top_weak_negatives",
        "priority_order": "4",
        "dataset": "val",
        "final_split": "val",
        "sample_id": "wl-neg-neg-es-pba-29823",
        "bank_id": "neg-es-pba-29823",
        "label_class": "0",
        "label_role": "hard_negative",
        "name": "Petróglifo do Piornedo",
        "municipality": "Cervantes",
        "parish": "Donís (San Fiz)",
        "country": "ES",
        "fusion_probability": "0.98024324",
        "fusion_rank": "87",
        "max_safety_rank": "158",
        "archetype_only_rank": "232",
        "specialist_probability": "0.99808730",
        "specialist_rank": "39",
        "specialist_mean_rank": "59",
        "rank_delta_fusion_to_max": "-71",
        "negative_type": "rock_art_surface",
        "morphology_proxy": "",
        "review_lane": "weak_negative_review",
        "review_reason": "Weak-label negative ranked high on validation; inspect before treating it as true absence."
      }
    },
    {
      "type": "Feature",
      "geometry": {
        "type": "Point",
        "coordinates": [
          -6.918005473170026,
          42.79665769748439
        ]
      },
      "properties": {
        "queue": "val_top_weak_negatives",
        "priority_order": "5",
        "dataset": "val",
        "final_split": "val",
        "sample_id": "wl-neg-neg-es-pba-29683",
        "bank_id": "neg-es-pba-29683",
        "label_class": "0",
        "label_role": "hard_negative",
        "name": "Minas do Calangrón",
        "municipality": "Cervantes",
        "parish": "Cereixedo (Santiago)",
        "country": "ES",
        "fusion_probability": "0.98000023",
        "fusion_rank": "88",
        "max_safety_rank": "43",
        "archetype_only_rank": "42",
        "specialist_probability": "0.99853604",
        "specialist_rank": "37",
        "specialist_mean_rank": "57",
        "rank_delta_fusion_to_max": "45",
        "negative_type": "mining_or_quarry",
        "morphology_proxy": "",
        "review_lane": "weak_negative_review",
        "review_reason": "Weak-label negative ranked high on validation; inspect before treating it as true absence."
      }
    },
    {
      "type": "Feature",
      "geometry": {
        "type": "Point",
        "coordinates": [
          -7.649716659791161,
          43.73979523101907
        ]
      },
      "properties": {
        "queue": "val_top_weak_negatives",
        "priority_order": "6",
        "dataset": "val",
        "final_split": "val",
        "sample_id": "wl-neg-neg-es-pba-43202",
        "bank_id": "neg-es-pba-43202",
        "label_class": "0",
        "label_role": "hard_negative",
        "name": "O Castelo",
        "municipality": "O Vicedo",
        "parish": "San Román de Vale (San Román)",
        "country": "ES",
        "fusion_probability": "0.97367955",
        "fusion_rank": "100",
        "max_safety_rank": "176",
        "archetype_only_rank": "199",
        "specialist_probability": "0.99412556",
        "specialist_rank": "64",
        "specialist_mean_rank": "71",
        "rank_delta_fusion_to_max": "-76",
        "negative_type": "historic_fortification",
        "morphology_proxy": "",
        "review_lane": "weak_negative_review",
        "review_reason": "Weak-label negative ranked high on validation; inspect before treating it as true absence."
      }
    },
    {
      "type": "Feature",
      "geometry": {
        "type": "Point",
        "coordinates": [
          -8.81471825153696,
          42.47067040256831
        ]
      },
      "properties": {
        "queue": "val_top_weak_negatives",
        "priority_order": "7",
        "dataset": "val",
        "final_split": "val",
        "sample_id": "wl-neg-neg-es-pba-61897",
        "bank_id": "neg-es-pba-61897",
        "label_class": "0",
        "label_role": "hard_negative",
        "name": "Petróglifo do Monte Castelo",
        "municipality": "Cambados",
        "parish": "Castrelo (Santa Cruz)",
        "country": "ES",
        "fusion_probability": "0.96992597",
        "fusion_rank": "111",
        "max_safety_rank": "192",
        "archetype_only_rank": "215",
        "specialist_probability": "0.91286095",
        "specialist_rank": "214",
        "specialist_mean_rank": "161",
        "rank_delta_fusion_to_max": "-81",
        "negative_type": "rock_art_surface",
        "morphology_proxy": "",
        "review_lane": "weak_negative_review",
        "review_reason": "Weak-label negative ranked high on validation; inspect before treating it as true absence."
      }
    },
    {
      "type": "Feature",
      "geometry": {
        "type": "Point",
        "coordinates": [
          -6.992004205562121,
          42.753159689133554
        ]
      },
      "properties": {
        "queue": "val_top_weak_negatives",
        "priority_order": "8",
        "dataset": "val",
        "final_split": "val",
        "sample_id": "wl-neg-neg-es-pba-29932",
        "bank_id": "neg-es-pba-29932",
        "label_class": "0",
        "label_role": "hard_negative",
        "name": "A Mina",
        "municipality": "Cervantes",
        "parish": "Vilarello (Santa María)",
        "country": "ES",
        "fusion_probability": "0.96388694",
        "fusion_rank": "122",
        "max_safety_rank": "95",
        "archetype_only_rank": "80",
        "specialist_probability": "0.99071901",
        "specialist_rank": "86",
        "specialist_mean_rank": "91",
        "rank_delta_fusion_to_max": "27",
        "negative_type": "mining_or_quarry",
        "morphology_proxy": "",
        "review_lane": "weak_negative_review",
        "review_reason": "Weak-label negative ranked high on validation; inspect before treating it as true absence."
      }
    },
    {
      "type": "Feature",
      "geometry": {
        "type": "Point",
        "coordinates": [
          -7.1291524364639365,
          43.096809047039315
        ]
      },
      "properties": {
        "queue": "val_top_weak_negatives",
        "priority_order": "9",
        "dataset": "val",
        "final_split": "val",
        "sample_id": "wl-neg-neg-es-pba-31186",
        "bank_id": "neg-es-pba-31186",
        "label_class": "0",
        "label_role": "hard_negative",
        "name": "Medorra de Demouco",
        "municipality": "A Fonsagrada",
        "parish": "O Padrón (San Xoán)",
        "country": "ES",
        "fusion_probability": "0.96246215",
        "fusion_rank": "124",
        "max_safety_rank": "204",
        "archetype_only_rank": "267",
        "specialist_probability": "0.99284442",
        "specialist_rank": "78",
        "specialist_mean_rank": "88",
        "rank_delta_fusion_to_max": "-80",
        "negative_type": "megalithic_mound",
        "morphology_proxy": "",
        "review_lane": "mamoa_false_positive_review",
        "review_reason": "Weak-label negative ranked high on validation; inspect before treating it as true absence."
      }
    },
    {
      "type": "Feature",
      "geometry": {
        "type": "Point",
        "coordinates": [
          -7.124144152830854,
          42.99843514533548
        ]
      },
      "properties": {
        "queue": "val_top_weak_negatives",
        "priority_order": "10",
        "dataset": "val",
        "final_split": "val",
        "sample_id": "wl-neg-neg-es-pba-30869",
        "bank_id": "neg-es-pba-30869",
        "label_class": "0",
        "label_role": "hard_negative",
        "name": "Mámoa da Castañosa 1",
        "municipality": "A Fonsagrada",
        "parish": "San Pedro de Río (San Pedro)",
        "country": "ES",
        "fusion_probability": "0.96182037",
        "fusion_rank": "126",
        "max_safety_rank": "167",
        "archetype_only_rank": "127",
        "specialist_probability": "0.93339736",
        "specialist_rank": "193",
        "specialist_mean_rank": "155",
        "rank_delta_fusion_to_max": "-41",
        "negative_type": "megalithic_mound",
        "morphology_proxy": "",
        "review_lane": "mamoa_false_positive_review",
        "review_reason": "Weak-label negative ranked high on validation; inspect before treating it as true absence."
      }
    },
    {
      "type": "Feature",
      "geometry": {
        "type": "Point",
        "coordinates": [
          -8.356431499157418,
          42.74199468035481
        ]
      },
      "properties": {
        "queue": "val_top_weak_negatives",
        "priority_order": "11",
        "dataset": "val",
        "final_split": "val",
        "sample_id": "wl-neg-neg-es-pba-64761",
        "bank_id": "neg-es-pba-64761",
        "label_class": "0",
        "label_role": "hard_negative",
        "name": "Coto da Mámoa",
        "municipality": "A Estrada",
        "parish": "Orazo (San Pedro)",
        "country": "ES",
        "fusion_probability": "0.95575102",
        "fusion_rank": "131",
        "max_safety_rank": "220",
        "archetype_only_rank": "463",
        "specialist_probability": "0.89484035",
        "specialist_rank": "233",
        "specialist_mean_rank": "170",
        "rank_delta_fusion_to_max": "-89",
        "negative_type": "megalithic_mound",
        "morphology_proxy": "",
        "review_lane": "mamoa_false_positive_review",
        "review_reason": "Weak-label negative ranked high on validation; inspect before treating it as true absence."
      }
    },
    {
      "type": "Feature",
      "geometry": {
        "type": "Point",
        "coordinates": [
          -6.913440310711644,
          42.7954118806087
        ]
      },
      "properties": {
        "queue": "val_top_weak_negatives",
        "priority_order": "12",
        "dataset": "val",
        "final_split": "val",
        "sample_id": "wl-neg-neg-es-pba-29680",
        "bank_id": "neg-es-pba-29680",
        "label_class": "0",
        "label_role": "hard_negative",
        "name": "Mina do Fócaro",
        "municipality": "Cervantes",
        "parish": "Cereixedo (Santiago)",
        "country": "ES",
        "fusion_probability": "0.95471815",
        "fusion_rank": "134",
        "max_safety_rank": "222",
        "archetype_only_rank": "180",
        "specialist_probability": "0.99460261",
        "specialist_rank": "61",
        "specialist_mean_rank": "96",
        "rank_delta_fusion_to_max": "-88",
        "negative_type": "mining_or_quarry",
        "morphology_proxy": "",
        "review_lane": "weak_negative_review",
        "review_reason": "Weak-label negative ranked high on validation; inspect before treating it as true absence."
      }
    },
    {
      "type": "Feature",
      "geometry": {
        "type": "Point",
        "coordinates": [
          -8.406332823630136,
          42.708234080468785
        ]
      },
      "properties": {
        "queue": "val_top_weak_negatives",
        "priority_order": "13",
        "dataset": "val",
        "final_split": "val",
        "sample_id": "wl-neg-neg-es-pba-64437",
        "bank_id": "neg-es-pba-64437",
        "label_class": "0",
        "label_role": "hard_negative",
        "name": "Mámoa do Foxo",
        "municipality": "A Estrada",
        "parish": "San Pedro de Ancorados (San Pedro)",
        "country": "ES",
        "fusion_probability": "0.94193997",
        "fusion_rank": "155",
        "max_safety_rank": "248",
        "archetype_only_rank": "266",
        "specialist_probability": "0.80063122",
        "specialist_rank": "320",
        "specialist_mean_rank": "232",
        "rank_delta_fusion_to_max": "-93",
        "negative_type": "megalithic_mound",
        "morphology_proxy": "",
        "review_lane": "mamoa_false_positive_review",
        "review_reason": "Weak-label negative ranked high on validation; inspect before treating it as true absence."
      }
    },
    {
      "type": "Feature",
      "geometry": {
        "type": "Point",
        "coordinates": [
          -8.870582126058139,
          42.00963759455879
        ]
      },
      "properties": {
        "queue": "val_top_weak_negatives",
        "priority_order": "14",
        "dataset": "val",
        "final_split": "val",
        "sample_id": "wl-neg-neg-es-pba-69304",
        "bank_id": "neg-es-pba-69304",
        "label_class": "0",
        "label_role": "hard_negative",
        "name": "Petróglifo do Alto da Pedreira I-03",
        "municipality": "Oia",
        "parish": "Oia (Santa María)",
        "country": "ES",
        "fusion_probability": "0.94183039",
        "fusion_rank": "156",
        "max_safety_rank": "250",
        "archetype_only_rank": "341",
        "specialist_probability": "0.89300416",
        "specialist_rank": "237",
        "specialist_mean_rank": "181",
        "rank_delta_fusion_to_max": "-94",
        "negative_type": "rock_art_surface",
        "morphology_proxy": "",
        "review_lane": "weak_negative_review",
        "review_reason": "Weak-label negative ranked high on validation; inspect before treating it as true absence."
      }
    },
    {
      "type": "Feature",
      "geometry": {
        "type": "Point",
        "coordinates": [
          -7.049171673833939,
          43.19259256708316
        ]
      },
      "properties": {
        "queue": "val_top_weak_negatives",
        "priority_order": "15",
        "dataset": "val",
        "final_split": "val",
        "sample_id": "wl-neg-neg-es-pba-31030",
        "bank_id": "neg-es-pba-31030",
        "label_class": "0",
        "label_role": "hard_negative",
        "name": "Mina de Casas de Penide/O Portalón",
        "municipality": "A Fonsagrada",
        "parish": "O Trobo (Santa María)",
        "country": "ES",
        "fusion_probability": "0.93304008",
        "fusion_rank": "168",
        "max_safety_rank": "58",
        "archetype_only_rank": "54",
        "specialist_probability": "0.99111489",
        "specialist_rank": "84",
        "specialist_mean_rank": "119",
        "rank_delta_fusion_to_max": "110",
        "negative_type": "mining_or_quarry",
        "morphology_proxy": "",
        "review_lane": "weak_negative_review",
        "review_reason": "Weak-label negative ranked high on validation; inspect before treating it as true absence."
      }
    },
    {
      "type": "Feature",
      "geometry": {
        "type": "Point",
        "coordinates": [
          -8.728320622467985,
          42.502223980991474
        ]
      },
      "properties": {
        "queue": "val_top_weak_negatives",
        "priority_order": "16",
        "dataset": "val",
        "final_split": "val",
        "sample_id": "wl-neg-neg-es-pba-66744",
        "bank_id": "neg-es-pba-66744",
        "label_class": "0",
        "label_role": "hard_negative",
        "name": "Mámoa de Outeiro",
        "municipality": "Meis",
        "parish": "Meis (San Salvador)",
        "country": "ES",
        "fusion_probability": "0.93227669",
        "fusion_rank": "170",
        "max_safety_rank": "150",
        "archetype_only_rank": "116",
        "specialist_probability": "0.98696197",
        "specialist_rank": "93",
        "specialist_mean_rank": "125",
        "rank_delta_fusion_to_max": "20",
        "negative_type": "megalithic_mound",
        "morphology_proxy": "",
        "review_lane": "mamoa_false_positive_review",
        "review_reason": "Weak-label negative ranked high on validation; inspect before treating it as true absence."
      }
    },
    {
      "type": "Feature",
      "geometry": {
        "type": "Point",
        "coordinates": [
          -8.870504044905939,
          42.0096597520272
        ]
      },
      "properties": {
        "queue": "val_top_weak_negatives",
        "priority_order": "17",
        "dataset": "val",
        "final_split": "val",
        "sample_id": "wl-neg-neg-es-pba-69374",
        "bank_id": "neg-es-pba-69374",
        "label_class": "0",
        "label_role": "hard_negative",
        "name": "Petróglifo do Alto da Pedreira I-08",
        "municipality": "Oia",
        "parish": "Oia (Santa María)",
        "country": "ES",
        "fusion_probability": "0.92752625",
        "fusion_rank": "181",
        "max_safety_rank": "268",
        "archetype_only_rank": "355",
        "specialist_probability": "0.90794637",
        "specialist_rank": "223",
        "specialist_mean_rank": "180",
        "rank_delta_fusion_to_max": "-87",
        "negative_type": "rock_art_surface",
        "morphology_proxy": "",
        "review_lane": "weak_negative_review",
        "review_reason": "Weak-label negative ranked high on validation; inspect before treating it as true absence."
      }
    },
    {
      "type": "Feature",
      "geometry": {
        "type": "Point",
        "coordinates": [
          -7.532675574563669,
          43.10124901506502
        ]
      },
      "properties": {
        "queue": "val_top_weak_negatives",
        "priority_order": "18",
        "dataset": "val",
        "final_split": "val",
        "sample_id": "wl-neg-neg-es-pba-36107",
        "bank_id": "neg-es-pba-36107",
        "label_class": "0",
        "label_role": "hard_negative",
        "name": "Castelo do Picato",
        "municipality": "Outeiro de Rei",
        "parish": "San Fiz de Paz (San Pedro Fiz)",
        "country": "ES",
        "fusion_probability": "0.91813136",
        "fusion_rank": "192",
        "max_safety_rank": "280",
        "archetype_only_rank": "918",
        "specialist_probability": "0.59818961",
        "specialist_rank": "494",
        "specialist_mean_rank": "307",
        "rank_delta_fusion_to_max": "-88",
        "negative_type": "historic_fortification",
        "morphology_proxy": "",
        "review_lane": "weak_negative_review",
        "review_reason": "Weak-label negative ranked high on validation; inspect before treating it as true absence."
      }
    },
    {
      "type": "Feature",
      "geometry": {
        "type": "Point",
        "coordinates": [
          -8.870542945220384,
          42.009707728394886
        ]
      },
      "properties": {
        "queue": "val_top_weak_negatives",
        "priority_order": "19",
        "dataset": "val",
        "final_split": "val",
        "sample_id": "wl-neg-neg-es-pba-69303",
        "bank_id": "neg-es-pba-69303",
        "label_class": "0",
        "label_role": "hard_negative",
        "name": "Petróglifo do Alto da Pedreira I-02",
        "municipality": "Oia",
        "parish": "Oia (Santa María)",
        "country": "ES",
        "fusion_probability": "0.91770724",
        "fusion_rank": "193",
        "max_safety_rank": "281",
        "archetype_only_rank": "329",
        "specialist_probability": "0.90483541",
        "specialist_rank": "224",
        "specialist_mean_rank": "190",
        "rank_delta_fusion_to_max": "-88",
        "negative_type": "rock_art_surface",
        "morphology_proxy": "",
        "review_lane": "weak_negative_review",
        "review_reason": "Weak-label negative ranked high on validation; inspect before treating it as true absence."
      }
    },
    {
      "type": "Feature",
      "geometry": {
        "type": "Point",
        "coordinates": [
          -8.870654949729493,
          42.0096633789158
        ]
      },
      "properties": {
        "queue": "val_top_weak_negatives",
        "priority_order": "20",
        "dataset": "val",
        "final_split": "val",
        "sample_id": "wl-neg-neg-es-pba-69375",
        "bank_id": "neg-es-pba-69375",
        "label_class": "0",
        "label_role": "hard_negative",
        "name": "Petróglifo do Alto da Pedreira I-09",
        "municipality": "Oia",
        "parish": "Oia (Santa María)",
        "country": "ES",
        "fusion_probability": "0.91552308",
        "fusion_rank": "194",
        "max_safety_rank": "284",
        "archetype_only_rank": "332",
        "specialist_probability": "0.89882908",
        "specialist_rank": "231",
        "specialist_mean_rank": "196",
        "rank_delta_fusion_to_max": "-90",
        "negative_type": "rock_art_surface",
        "morphology_proxy": "",
        "review_lane": "weak_negative_review",
        "review_reason": "Weak-label negative ranked high on validation; inspect before treating it as true absence."
      }
    },
    {
      "type": "Feature",
      "geometry": {
        "type": "Point",
        "coordinates": [
          -7.047195173650984,
          43.04538019425965
        ]
      },
      "properties": {
        "queue": "val_top_weak_negatives",
        "priority_order": "21",
        "dataset": "val",
        "final_split": "val",
        "sample_id": "wl-neg-neg-es-pba-30845",
        "bank_id": "neg-es-pba-30845",
        "label_class": "0",
        "label_role": "hard_negative",
        "name": "Medorra do Carballín 2",
        "municipality": "A Fonsagrada",
        "parish": "Lamas de Moreira (Santa María)",
        "country": "ES",
        "fusion_probability": "0.90131198",
        "fusion_rank": "203",
        "max_safety_rank": "216",
        "archetype_only_rank": "164",
        "specialist_probability": "0.96355902",
        "specialist_rank": "146",
        "specialist_mean_rank": "164",
        "rank_delta_fusion_to_max": "-13",
        "negative_type": "megalithic_mound",
        "morphology_proxy": "",
        "review_lane": "mamoa_false_positive_review",
        "review_reason": "Weak-label negative ranked high on validation; inspect before treating it as true absence."
      }
    },
    {
      "type": "Feature",
      "geometry": {
        "type": "Point",
        "coordinates": [
          -7.055452330427284,
          43.1902759857497
        ]
      },
      "properties": {
        "queue": "val_top_weak_negatives",
        "priority_order": "22",
        "dataset": "val",
        "final_split": "val",
        "sample_id": "wl-neg-neg-es-pba-31034",
        "bank_id": "neg-es-pba-31034",
        "label_class": "0",
        "label_role": "hard_negative",
        "name": "Mina de Penedo da Granda",
        "municipality": "A Fonsagrada",
        "parish": "O Trobo (Santa María)",
        "country": "ES",
        "fusion_probability": "0.90076621",
        "fusion_rank": "204",
        "max_safety_rank": "227",
        "archetype_only_rank": "173",
        "specialist_probability": "0.99504995",
        "specialist_rank": "58",
        "specialist_mean_rank": "154",
        "rank_delta_fusion_to_max": "-23",
        "negative_type": "mining_or_quarry",
        "morphology_proxy": "",
        "review_lane": "weak_negative_review",
        "review_reason": "Weak-label negative ranked high on validation; inspect before treating it as true absence."
      }
    },
    {
      "type": "Feature",
      "geometry": {
        "type": "Point",
        "coordinates": [
          -7.909246495526192,
          43.16321221370648
        ]
      },
      "properties": {
        "queue": "val_top_weak_negatives",
        "priority_order": "23",
        "dataset": "val",
        "final_split": "val",
        "sample_id": "wl-neg-neg-es-pba-31891",
        "bank_id": "neg-es-pba-31891",
        "label_class": "0",
        "label_role": "hard_negative",
        "name": "Medoña do Marco da Picota",
        "municipality": "Guitiriz",
        "parish": "Santa Mariña de Lagostelle (Santa Mariña)",
        "country": "ES",
        "fusion_probability": "0.89974817",
        "fusion_rank": "205",
        "max_safety_rank": "299",
        "archetype_only_rank": "330",
        "specialist_probability": "0.88727935",
        "specialist_rank": "244",
        "specialist_mean_rank": "211",
        "rank_delta_fusion_to_max": "-94",
        "negative_type": "megalithic_mound",
        "morphology_proxy": "",
        "review_lane": "mamoa_false_positive_review",
        "review_reason": "Weak-label negative ranked high on validation; inspect before treating it as true absence."
      }
    },
    {
      "type": "Feature",
      "geometry": {
        "type": "Point",
        "coordinates": [
          -7.067435811053884,
          43.17629469191855
        ]
      },
      "properties": {
        "queue": "val_top_weak_negatives",
        "priority_order": "24",
        "dataset": "val",
        "final_split": "val",
        "sample_id": "wl-neg-neg-es-pba-31032",
        "bank_id": "neg-es-pba-31032",
        "label_class": "0",
        "label_role": "hard_negative",
        "name": "Mina de Noceda",
        "municipality": "A Fonsagrada",
        "parish": "O Trobo (Santa María)",
        "country": "ES",
        "fusion_probability": "0.89973185",
        "fusion_rank": "206",
        "max_safety_rank": "42",
        "archetype_only_rank": "41",
        "specialist_probability": "0.72944940",
        "specialist_rank": "380",
        "specialist_mean_rank": "263",
        "rank_delta_fusion_to_max": "164",
        "negative_type": "mining_or_quarry",
        "morphology_proxy": "",
        "review_lane": "weak_negative_review",
        "review_reason": "Weak-label negative ranked high on validation; inspect before treating it as true absence."
      }
    },
    {
      "type": "Feature",
      "geometry": {
        "type": "Point",
        "coordinates": [
          -8.870501583329652,
          42.00969209032933
        ]
      },
      "properties": {
        "queue": "val_top_weak_negatives",
        "priority_order": "25",
        "dataset": "val",
        "final_split": "val",
        "sample_id": "wl-neg-neg-es-pba-69302",
        "bank_id": "neg-es-pba-69302",
        "label_class": "0",
        "label_role": "hard_negative",
        "name": "Petróglifo do Alto da Pedreira I-01",
        "municipality": "Oia",
        "parish": "Oia (Santa María)",
        "country": "ES",
        "fusion_probability": "0.89958396",
        "fusion_rank": "207",
        "max_safety_rank": "300",
        "archetype_only_rank": "369",
        "specialist_probability": "0.89286713",
        "specialist_rank": "238",
        "specialist_mean_rank": "207",
        "rank_delta_fusion_to_max": "-93",
        "negative_type": "rock_art_surface",
        "morphology_proxy": "",
        "review_lane": "weak_negative_review",
        "review_reason": "Weak-label negative ranked high on validation; inspect before treating it as true absence."
      }
    },
    {
      "type": "Feature",
      "geometry": {
        "type": "Point",
        "coordinates": [
          -7.06371068663599,
          43.18984183672987
        ]
      },
      "properties": {
        "queue": "val_top_weak_negatives",
        "priority_order": "26",
        "dataset": "val",
        "final_split": "val",
        "sample_id": "wl-neg-neg-es-pba-31035",
        "bank_id": "neg-es-pba-31035",
        "label_class": "0",
        "label_role": "hard_negative",
        "name": "Mina de Vilar de Vela",
        "municipality": "A Fonsagrada",
        "parish": "O Trobo (Santa María)",
        "country": "ES",
        "fusion_probability": "0.89420596",
        "fusion_rank": "209",
        "max_safety_rank": "215",
        "archetype_only_rank": "163",
        "specialist_probability": "0.94050410",
        "specialist_rank": "184",
        "specialist_mean_rank": "182",
        "rank_delta_fusion_to_max": "-6",
        "negative_type": "mining_or_quarry",
        "morphology_proxy": "",
        "review_lane": "weak_negative_review",
        "review_reason": "Weak-label negative ranked high on validation; inspect before treating it as true absence."
      }
    },
    {
      "type": "Feature",
      "geometry": {
        "type": "Point",
        "coordinates": [
          -8.267197113271848,
          42.2348283830606
        ]
      },
      "properties": {
        "queue": "val_top_weak_negatives",
        "priority_order": "27",
        "dataset": "val",
        "final_split": "val",
        "sample_id": "wl-neg-neg-es-pba-62960",
        "bank_id": "neg-es-pba-62960",
        "label_class": "0",
        "label_role": "hard_negative",
        "name": "Mámoa dos Xestiños",
        "municipality": "A Cañiza",
        "parish": "Petán (San Xián)",
        "country": "ES",
        "fusion_probability": "0.88384576",
        "fusion_rank": "213",
        "max_safety_rank": "190",
        "archetype_only_rank": "140",
        "specialist_probability": "0.91926800",
        "specialist_rank": "205",
        "specialist_mean_rank": "203",
        "rank_delta_fusion_to_max": "23",
        "negative_type": "megalithic_mound",
        "morphology_proxy": "",
        "review_lane": "mamoa_false_positive_review",
        "review_reason": "Weak-label negative ranked high on validation; inspect before treating it as true absence."
      }
    },
    {
      "type": "Feature",
      "geometry": {
        "type": "Point",
        "coordinates": [
          -8.870675040215277,
          42.009713492035914
        ]
      },
      "properties": {
        "queue": "val_top_weak_negatives",
        "priority_order": "28",
        "dataset": "val",
        "final_split": "val",
        "sample_id": "wl-neg-neg-es-pba-69373",
        "bank_id": "neg-es-pba-69373",
        "label_class": "0",
        "label_role": "hard_negative",
        "name": "Petróglifo do Alto da Pedreira I-07",
        "municipality": "Oia",
        "parish": "Oia (Santa María)",
        "country": "ES",
        "fusion_probability": "0.88254318",
        "fusion_rank": "214",
        "max_safety_rank": "317",
        "archetype_only_rank": "361",
        "specialist_probability": "0.89173869",
        "specialist_rank": "241",
        "specialist_mean_rank": "219",
        "rank_delta_fusion_to_max": "-103",
        "negative_type": "rock_art_surface",
        "morphology_proxy": "",
        "review_lane": "weak_negative_review",
        "review_reason": "Weak-label negative ranked high on validation; inspect before treating it as true absence."
      }
    },
    {
      "type": "Feature",
      "geometry": {
        "type": "Point",
        "coordinates": [
          -8.439322851707587,
          42.70877689915728
        ]
      },
      "properties": {
        "queue": "val_top_weak_negatives",
        "priority_order": "29",
        "dataset": "val",
        "final_split": "val",
        "sample_id": "wl-neg-neg-es-pba-64716",
        "bank_id": "neg-es-pba-64716",
        "label_class": "0",
        "label_role": "hard_negative",
        "name": "Artesa dos Mouros",
        "municipality": "A Estrada",
        "parish": "Callobre (San Martiño)",
        "country": "ES",
        "fusion_probability": "0.88063877",
        "fusion_rank": "215",
        "max_safety_rank": "305",
        "archetype_only_rank": "235",
        "specialist_probability": "0.93417685",
        "specialist_rank": "189",
        "specialist_mean_rank": "195",
        "rank_delta_fusion_to_max": "-90",
        "negative_type": "megalithic_mound",
        "morphology_proxy": "",
        "review_lane": "mamoa_false_positive_review",
        "review_reason": "Weak-label negative ranked high on validation; inspect before treating it as true absence."
      }
    },
    {
      "type": "Feature",
      "geometry": {
        "type": "Point",
        "coordinates": [
          -8.550010560347589,
          42.12694262148482
        ]
      },
      "properties": {
        "queue": "val_top_weak_negatives",
        "priority_order": "30",
        "dataset": "val",
        "final_split": "val",
        "sample_id": "wl-neg-neg-es-pba-71376",
        "bank_id": "neg-es-pba-71376",
        "label_class": "0",
        "label_role": "hard_negative",
        "name": "Mámoa do Coto da Cruz 1",
        "municipality": "Salceda de Caselas",
        "parish": "A Picoña (San Martiño)",
        "country": "ES",
        "fusion_probability": "0.88006842",
        "fusion_rank": "216",
        "max_safety_rank": "82",
        "archetype_only_rank": "70",
        "specialist_probability": "0.97506030",
        "specialist_rank": "129",
        "specialist_mean_rank": "167",
        "rank_delta_fusion_to_max": "134",
        "negative_type": "megalithic_mound",
        "morphology_proxy": "",
        "review_lane": "mamoa_false_positive_review",
        "review_reason": "Weak-label negative ranked high on validation; inspect before treating it as true absence."
      }
    },
    {
      "type": "Feature",
      "geometry": {
        "type": "Point",
        "coordinates": [
          -7.846160934893224,
          43.17148198560932
        ]
      },
      "properties": {
        "queue": "val_top_weak_negatives",
        "priority_order": "31",
        "dataset": "val",
        "final_split": "val",
        "sample_id": "wl-neg-neg-es-pba-30353",
        "bank_id": "neg-es-pba-30353",
        "label_class": "0",
        "label_role": "hard_negative",
        "name": "Mámoa de Pena María 3",
        "municipality": "Guitiriz",
        "parish": "Parga (Santo Estevo)",
        "country": "ES",
        "fusion_probability": "0.87774908",
        "fusion_rank": "218",
        "max_safety_rank": "324",
        "archetype_only_rank": "1575",
        "specialist_probability": "0.38576238",
        "specialist_rank": "719",
        "specialist_mean_rank": "429",
        "rank_delta_fusion_to_max": "-106",
        "negative_type": "megalithic_mound",
        "morphology_proxy": "",
        "review_lane": "mamoa_false_positive_review",
        "review_reason": "Weak-label negative ranked high on validation; inspect before treating it as true absence."
      }
    },
    {
      "type": "Feature",
      "geometry": {
        "type": "Point",
        "coordinates": [
          -7.899188895191932,
          43.1181709476038
        ]
      },
      "properties": {
        "queue": "val_top_weak_negatives",
        "priority_order": "32",
        "dataset": "val",
        "final_split": "val",
        "sample_id": "wl-neg-neg-es-pba-32009",
        "bank_id": "neg-es-pba-32009",
        "label_class": "0",
        "label_role": "hard_negative",
        "name": "Medorra de Pegureiros 1",
        "municipality": "Guitiriz",
        "parish": "As Negradas (San Vicenzo)",
        "country": "ES",
        "fusion_probability": "0.87449345",
        "fusion_rank": "219",
        "max_safety_rank": "326",
        "archetype_only_rank": "623",
        "specialist_probability": "0.84694494",
        "specialist_rank": "273",
        "specialist_mean_rank": "240",
        "rank_delta_fusion_to_max": "-107",
        "negative_type": "megalithic_mound",
        "morphology_proxy": "",
        "review_lane": "mamoa_false_positive_review",
        "review_reason": "Weak-label negative ranked high on validation; inspect before treating it as true absence."
      }
    },
    {
      "type": "Feature",
      "geometry": {
        "type": "Point",
        "coordinates": [
          -7.711660523297318,
          43.10754875115939
        ]
      },
      "properties": {
        "queue": "val_top_weak_negatives",
        "priority_order": "33",
        "dataset": "val",
        "final_split": "val",
        "sample_id": "wl-neg-neg-es-pba-36010",
        "bank_id": "neg-es-pba-36010",
        "label_class": "0",
        "label_role": "hard_negative",
        "name": "Medorra do Coto 1",
        "municipality": "Outeiro de Rei",
        "parish": "San Tomé de Gaioso (San Tom‚)",
        "country": "ES",
        "fusion_probability": "0.87030637",
        "fusion_rank": "222",
        "max_safety_rank": "321",
        "archetype_only_rank": "248",
        "specialist_probability": "0.86122046",
        "specialist_rank": "264",
        "specialist_mean_rank": "237",
        "rank_delta_fusion_to_max": "-99",
        "negative_type": "megalithic_mound",
        "morphology_proxy": "",
        "review_lane": "mamoa_false_positive_review",
        "review_reason": "Weak-label negative ranked high on validation; inspect before treating it as true absence."
      }
    },
    {
      "type": "Feature",
      "geometry": {
        "type": "Point",
        "coordinates": [
          -7.585296375774332,
          43.57672543262465
        ]
      },
      "properties": {
        "queue": "val_top_weak_negatives",
        "priority_order": "34",
        "dataset": "val",
        "final_split": "val",
        "sample_id": "wl-neg-neg-es-pba-35700",
        "bank_id": "neg-es-pba-35700",
        "label_class": "0",
        "label_role": "hard_negative",
        "name": "Castelo",
        "municipality": "Ourol",
        "parish": "Miñotos (San Pedro)",
        "country": "ES",
        "fusion_probability": "0.87001303",
        "fusion_rank": "224",
        "max_safety_rank": "81",
        "archetype_only_rank": "69",
        "specialist_probability": "0.96681159",
        "specialist_rank": "142",
        "specialist_mean_rank": "178",
        "rank_delta_fusion_to_max": "143",
        "negative_type": "historic_fortification",
        "morphology_proxy": "",
        "review_lane": "weak_negative_review",
        "review_reason": "Weak-label negative ranked high on validation; inspect before treating it as true absence."
      }
    },
    {
      "type": "Feature",
      "geometry": {
        "type": "Point",
        "coordinates": [
          -8.90197271317079,
          42.540075125345126
        ]
      },
      "properties": {
        "queue": "val_top_weak_negatives",
        "priority_order": "35",
        "dataset": "val",
        "final_split": "val",
        "sample_id": "wl-neg-neg-es-pba-80002",
        "bank_id": "neg-es-pba-80002",
        "label_class": "0",
        "label_role": "hard_negative",
        "name": "Mámoa de Guidoiro Areoso 2",
        "municipality": "A Illa de Arousa",
        "parish": "A Illa de Arousa (San Xulián)",
        "country": "ES",
        "fusion_probability": "0.86513677",
        "fusion_rank": "231",
        "max_safety_rank": "9",
        "archetype_only_rank": "9",
        "specialist_probability": "0.44297851",
        "specialist_rank": "661",
        "specialist_mean_rank": "410",
        "rank_delta_fusion_to_max": "222",
        "negative_type": "megalithic_mound",
        "morphology_proxy": "",
        "review_lane": "mamoa_false_positive_review",
        "review_reason": "Weak-label negative ranked high on validation; inspect before treating it as true absence."
      }
    },
    {
      "type": "Feature",
      "geometry": {
        "type": "Point",
        "coordinates": [
          -8.781004818344071,
          42.524376037427814
        ]
      },
      "properties": {
        "queue": "val_top_weak_negatives",
        "priority_order": "36",
        "dataset": "val",
        "final_split": "val",
        "sample_id": "wl-neg-neg-es-pba-61896",
        "bank_id": "neg-es-pba-61896",
        "label_class": "0",
        "label_role": "hard_negative",
        "name": "Petróglifo do Con das Sete Pías",
        "municipality": "Cambados",
        "parish": "Oubiña (San Vicenzo)",
        "country": "ES",
        "fusion_probability": "0.86229709",
        "fusion_rank": "232",
        "max_safety_rank": "152",
        "archetype_only_rank": "119",
        "specialist_probability": "0.97775164",
        "specialist_rank": "121",
        "specialist_mean_rank": "175",
        "rank_delta_fusion_to_max": "80",
        "negative_type": "rock_art_surface",
        "morphology_proxy": "",
        "review_lane": "weak_negative_review",
        "review_reason": "Weak-label negative ranked high on validation; inspect before treating it as true absence."
      }
    },
    {
      "type": "Feature",
      "geometry": {
        "type": "Point",
        "coordinates": [
          -8.188333573865076,
          42.16396745998242
        ]
      },
      "properties": {
        "queue": "val_top_weak_negatives",
        "priority_order": "37",
        "dataset": "val",
        "final_split": "val",
        "sample_id": "wl-neg-neg-es-pba-64522",
        "bank_id": "neg-es-pba-64522",
        "label_class": "0",
        "label_role": "hard_negative",
        "name": "Petróglifo do Monte da Portela",
        "municipality": "Crecente",
        "parish": "Sendelle (Santa Cruz)",
        "country": "ES",
        "fusion_probability": "0.85035252",
        "fusion_rank": "240",
        "max_safety_rank": "291",
        "archetype_only_rank": "221",
        "specialist_probability": "0.90952393",
        "specialist_rank": "218",
        "specialist_mean_rank": "226",
        "rank_delta_fusion_to_max": "-51",
        "negative_type": "rock_art_surface",
        "morphology_proxy": "",
        "review_lane": "weak_negative_review",
        "review_reason": "Weak-label negative ranked high on validation; inspect before treating it as true absence."
      }
    },
    {
      "type": "Feature",
      "geometry": {
        "type": "Point",
        "coordinates": [
          -6.916981490213369,
          42.79747772973674
        ]
      },
      "properties": {
        "queue": "val_top_weak_negatives",
        "priority_order": "38",
        "dataset": "val",
        "final_split": "val",
        "sample_id": "wl-neg-neg-es-pba-29678",
        "bank_id": "neg-es-pba-29678",
        "label_class": "0",
        "label_role": "hard_negative",
        "name": "Mina da Volta do Val",
        "municipality": "Cervantes",
        "parish": "Cereixedo (Santiago)",
        "country": "ES",
        "fusion_probability": "0.83569526",
        "fusion_rank": "253",
        "max_safety_rank": "200",
        "archetype_only_rank": "148",
        "specialist_probability": "0.97230732",
        "specialist_rank": "134",
        "specialist_mean_rank": "200",
        "rank_delta_fusion_to_max": "53",
        "negative_type": "mining_or_quarry",
        "morphology_proxy": "",
        "review_lane": "weak_negative_review",
        "review_reason": "Weak-label negative ranked high on validation; inspect before treating it as true absence."
      }
    },
    {
      "type": "Feature",
      "geometry": {
        "type": "Point",
        "coordinates": [
          -8.344092292802669,
          42.73170665907649
        ]
      },
      "properties": {
        "queue": "val_top_weak_negatives",
        "priority_order": "39",
        "dataset": "val",
        "final_split": "val",
        "sample_id": "wl-neg-neg-es-pba-64440",
        "bank_id": "neg-es-pba-64440",
        "label_class": "0",
        "label_role": "hard_negative",
        "name": "Mámoa do Monte dos Escurros 2",
        "municipality": "A Estrada",
        "parish": "Orazo (San Pedro)",
        "country": "ES",
        "fusion_probability": "0.83006468",
        "fusion_rank": "256",
        "max_safety_rank": "36",
        "archetype_only_rank": "35",
        "specialist_probability": "0.83862228",
        "specialist_rank": "283",
        "specialist_mean_rank": "252",
        "rank_delta_fusion_to_max": "220",
        "negative_type": "megalithic_mound",
        "morphology_proxy": "",
        "review_lane": "mamoa_false_positive_review",
        "review_reason": "Weak-label negative ranked high on validation; inspect before treating it as true absence."
      }
    },
    {
      "type": "Feature",
      "geometry": {
        "type": "Point",
        "coordinates": [
          -7.92308469670636,
          43.350970054874345
        ]
      },
      "properties": {
        "queue": "val_top_weak_negatives",
        "priority_order": "40",
        "dataset": "val",
        "final_split": "val",
        "sample_id": "wl-neg-neg-es-pba-13691",
        "bank_id": "neg-es-pba-13691",
        "label_class": "0",
        "label_role": "hard_negative",
        "name": "Mámoa da Armada",
        "municipality": "Monfero",
        "parish": "O Alto de Xestoso (Santa María)",
        "country": "ES",
        "fusion_probability": "0.82824855",
        "fusion_rank": "257",
        "max_safety_rank": "357",
        "archetype_only_rank": "1089",
        "specialist_probability": "0.58198675",
        "specialist_rank": "509",
        "specialist_mean_rank": "356",
        "rank_delta_fusion_to_max": "-100",
        "negative_type": "megalithic_mound",
        "morphology_proxy": "",
        "review_lane": "mamoa_false_positive_review",
        "review_reason": "Weak-label negative ranked high on validation; inspect before treating it as true absence."
      }
    },
    {
      "type": "Feature",
      "geometry": {
        "type": "Point",
        "coordinates": [
          -8.561764649747056,
          42.11424497142879
        ]
      },
      "properties": {
        "queue": "val_top_weak_negatives",
        "priority_order": "41",
        "dataset": "val",
        "final_split": "val",
        "sample_id": "wl-neg-neg-es-pba-70806",
        "bank_id": "neg-es-pba-70806",
        "label_class": "0",
        "label_role": "hard_negative",
        "name": "Castelo de Coruxeiras",
        "municipality": "Salceda de Caselas",
        "parish": "San Xurxo de Salceda (San Xurxo)",
        "country": "ES",
        "fusion_probability": "0.82563766",
        "fusion_rank": "259",
        "max_safety_rank": "256",
        "archetype_only_rank": "195",
        "specialist_probability": "0.95845361",
        "specialist_rank": "154",
        "specialist_mean_rank": "212",
        "rank_delta_fusion_to_max": "3",
        "negative_type": "historic_fortification",
        "morphology_proxy": "",
        "review_lane": "weak_negative_review",
        "review_reason": "Weak-label negative ranked high on validation; inspect before treating it as true absence."
      }
    },
    {
      "type": "Feature",
      "geometry": {
        "type": "Point",
        "coordinates": [
          -7.0492821905353065,
          42.87088315921167
        ]
      },
      "properties": {
        "queue": "val_top_weak_negatives",
        "priority_order": "42",
        "dataset": "val",
        "final_split": "val",
        "sample_id": "wl-neg-neg-es-pba-29682",
        "bank_id": "neg-es-pba-29682",
        "label_class": "0",
        "label_role": "hard_negative",
        "name": "Mina romana do Ribadón",
        "municipality": "Cervantes",
        "parish": "O Castro (Santa María)",
        "country": "ES",
        "fusion_probability": "0.82029667",
        "fusion_rank": "265",
        "max_safety_rank": "237",
        "archetype_only_rank": "182",
        "specialist_probability": "0.98468695",
        "specialist_rank": "105",
        "specialist_mean_rank": "201",
        "rank_delta_fusion_to_max": "28",
        "negative_type": "mining_or_quarry",
        "morphology_proxy": "",
        "review_lane": "weak_negative_review",
        "review_reason": "Weak-label negative ranked high on validation; inspect before treating it as true absence."
      }
    },
    {
      "type": "Feature",
      "geometry": {
        "type": "Point",
        "coordinates": [
          -7.150687094264465,
          43.151327699401996
        ]
      },
      "properties": {
        "queue": "val_top_weak_negatives",
        "priority_order": "43",
        "dataset": "val",
        "final_split": "val",
        "sample_id": "wl-neg-neg-es-pba-30723",
        "bank_id": "neg-es-pba-30723",
        "label_class": "0",
        "label_role": "hard_negative",
        "name": "Medorra de Pico Peniñas 4",
        "municipality": "A Fonsagrada",
        "parish": "Pacios (Santa María)",
        "country": "ES",
        "fusion_probability": "0.81948598",
        "fusion_rank": "266",
        "max_safety_rank": "366",
        "archetype_only_rank": "742",
        "specialist_probability": "0.67241082",
        "specialist_rank": "439",
        "specialist_mean_rank": "320",
        "rank_delta_fusion_to_max": "-100",
        "negative_type": "megalithic_mound",
        "morphology_proxy": "",
        "review_lane": "mamoa_false_positive_review",
        "review_reason": "Weak-label negative ranked high on validation; inspect before treating it as true absence."
      }
    },
    {
      "type": "Feature",
      "geometry": {
        "type": "Point",
        "coordinates": [
          -8.566589202207755,
          42.7397757840612
        ]
      },
      "properties": {
        "queue": "val_top_weak_negatives",
        "priority_order": "44",
        "dataset": "val",
        "final_split": "val",
        "sample_id": "wl-neg-neg-es-pba-64194",
        "bank_id": "neg-es-pba-64194",
        "label_class": "0",
        "label_role": "hard_negative",
        "name": "Petróglifos da Quenlla dos Castiñeiros",
        "municipality": "A Estrada",
        "parish": "San Miguel de Barcala (San Miguel)",
        "country": "ES",
        "fusion_probability": "0.81199844",
        "fusion_rank": "267",
        "max_safety_rank": "358",
        "archetype_only_rank": "273",
        "specialist_probability": "0.85865156",
        "specialist_rank": "265",
        "specialist_mean_rank": "251",
        "rank_delta_fusion_to_max": "-91",
        "negative_type": "rock_art_surface",
        "morphology_proxy": "",
        "review_lane": "weak_negative_review",
        "review_reason": "Weak-label negative ranked high on validation; inspect before treating it as true absence."
      }
    },
    {
      "type": "Feature",
      "geometry": {
        "type": "Point",
        "coordinates": [
          -8.530595277272461,
          42.53782668922602
        ]
      },
      "properties": {
        "queue": "val_top_weak_negatives",
        "priority_order": "45",
        "dataset": "val",
        "final_split": "val",
        "sample_id": "wl-neg-neg-es-pba-63868",
        "bank_id": "neg-es-pba-63868",
        "label_class": "0",
        "label_role": "hard_negative",
        "name": "Petróglifo da Riba das Rozas 1",
        "municipality": "Campo Lameiro",
        "parish": "O Campo (San Miguel)",
        "country": "ES",
        "fusion_probability": "0.81179516",
        "fusion_rank": "268",
        "max_safety_rank": "371",
        "archetype_only_rank": "374",
        "specialist_probability": "0.91999095",
        "specialist_rank": "204",
        "specialist_mean_rank": "236",
        "rank_delta_fusion_to_max": "-103",
        "negative_type": "rock_art_surface",
        "morphology_proxy": "",
        "review_lane": "weak_negative_review",
        "review_reason": "Weak-label negative ranked high on validation; inspect before treating it as true absence."
      }
    },
    {
      "type": "Feature",
      "geometry": {
        "type": "Point",
        "coordinates": [
          -8.87134837513414,
          42.00946997838491
        ]
      },
      "properties": {
        "queue": "val_top_weak_negatives",
        "priority_order": "46",
        "dataset": "val",
        "final_split": "val",
        "sample_id": "wl-neg-neg-es-pba-69298",
        "bank_id": "neg-es-pba-69298",
        "label_class": "0",
        "label_role": "hard_negative",
        "name": "Petróglifo do Alto da Pedreira 2",
        "municipality": "Oia",
        "parish": "Oia (Santa María)",
        "country": "ES",
        "fusion_probability": "0.80022035",
        "fusion_rank": "274",
        "max_safety_rank": "379",
        "archetype_only_rank": "302",
        "specialist_probability": "0.93302500",
        "specialist_rank": "194",
        "specialist_mean_rank": "235",
        "rank_delta_fusion_to_max": "-105",
        "negative_type": "rock_art_surface",
        "morphology_proxy": "",
        "review_lane": "weak_negative_review",
        "review_reason": "Weak-label negative ranked high on validation; inspect before treating it as true absence."
      }
    },
    {
      "type": "Feature",
      "geometry": {
        "type": "Point",
        "coordinates": [
          -7.06827325699685,
          43.01844401405456
        ]
      },
      "properties": {
        "queue": "val_top_weak_negatives",
        "priority_order": "47",
        "dataset": "val",
        "final_split": "val",
        "sample_id": "wl-neg-neg-es-pba-30909",
        "bank_id": "neg-es-pba-30909",
        "label_class": "0",
        "label_role": "hard_negative",
        "name": "Medorra da Campa do Searo",
        "municipality": "A Fonsagrada",
        "parish": "Lamas de Moreira (Santa María)",
        "country": "ES",
        "fusion_probability": "0.79902304",
        "fusion_rank": "276",
        "max_safety_rank": "381",
        "archetype_only_rank": "602",
        "specialist_probability": "0.83153175",
        "specialist_rank": "296",
        "specialist_mean_rank": "262",
        "rank_delta_fusion_to_max": "-105",
        "negative_type": "megalithic_mound",
        "morphology_proxy": "",
        "review_lane": "mamoa_false_positive_review",
        "review_reason": "Weak-label negative ranked high on validation; inspect before treating it as true absence."
      }
    },
    {
      "type": "Feature",
      "geometry": {
        "type": "Point",
        "coordinates": [
          -8.869131406844138,
          42.048934157368315
        ]
      },
      "properties": {
        "queue": "val_top_weak_negatives",
        "priority_order": "48",
        "dataset": "val",
        "final_split": "val",
        "sample_id": "wl-neg-neg-es-pba-68772",
        "bank_id": "neg-es-pba-68772",
        "label_class": "0",
        "label_role": "hard_negative",
        "name": "Petróglifo da Casa Forestal 2",
        "municipality": "Oia",
        "parish": "Mougás (Santa Uxía)",
        "country": "ES",
        "fusion_probability": "0.79896677",
        "fusion_rank": "277",
        "max_safety_rank": "337",
        "archetype_only_rank": "260",
        "specialist_probability": "0.90865824",
        "specialist_rank": "220",
        "specialist_mean_rank": "244",
        "rank_delta_fusion_to_max": "-60",
        "negative_type": "rock_art_surface",
        "morphology_proxy": "",
        "review_lane": "weak_negative_review",
        "review_reason": "Weak-label negative ranked high on validation; inspect before treating it as true absence."
      }
    },
    {
      "type": "Feature",
      "geometry": {
        "type": "Point",
        "coordinates": [
          -7.929725982849318,
          43.23601523050398
        ]
      },
      "properties": {
        "queue": "val_top_weak_negatives",
        "priority_order": "49",
        "dataset": "val",
        "final_split": "val",
        "sample_id": "wl-neg-neg-es-pba-30245",
        "bank_id": "neg-es-pba-30245",
        "label_class": "0",
        "label_role": "hard_negative",
        "name": "Mámoa de Pena das Cruces",
        "municipality": "Guitiriz",
        "parish": "Os Vilares (San Vicenzo)",
        "country": "ES",
        "fusion_probability": "0.79879326",
        "fusion_rank": "278",
        "max_safety_rank": "362",
        "archetype_only_rank": "278",
        "specialist_probability": "0.82338884",
        "specialist_rank": "304",
        "specialist_mean_rank": "268",
        "rank_delta_fusion_to_max": "-84",
        "negative_type": "megalithic_mound",
        "morphology_proxy": "",
        "review_lane": "mamoa_false_positive_review",
        "review_reason": "Weak-label negative ranked high on validation; inspect before treating it as true absence."
      }
    },
    {
      "type": "Feature",
      "geometry": {
        "type": "Point",
        "coordinates": [
          -7.06765968969334,
          43.15163847118325
        ]
      },
      "properties": {
        "queue": "val_top_weak_negatives",
        "priority_order": "50",
        "dataset": "val",
        "final_split": "val",
        "sample_id": "wl-neg-neg-es-pba-30957",
        "bank_id": "neg-es-pba-30957",
        "label_class": "0",
        "label_role": "hard_negative",
        "name": "Medorra do Pico de Provida 2",
        "municipality": "A Fonsagrada",
        "parish": "A Bastida (San Miguel)",
        "country": "ES",
        "fusion_probability": "0.79861837",
        "fusion_rank": "280",
        "max_safety_rank": "383",
        "archetype_only_rank": "437",
        "specialist_probability": "0.76893561",
        "specialist_rank": "350",
        "specialist_mean_rank": "286",
        "rank_delta_fusion_to_max": "-103",
        "negative_type": "megalithic_mound",
        "morphology_proxy": "",
        "review_lane": "mamoa_false_positive_review",
        "review_reason": "Weak-label negative ranked high on validation; inspect before treating it as true absence."
      }
    },
    {
      "type": "Feature",
      "geometry": {
        "type": "Point",
        "coordinates": [
          -8.498408357336032,
          42.555050382391805
        ]
      },
      "properties": {
        "queue": "val_low_rank_weak_positives",
        "priority_order": "1",
        "dataset": "val",
        "final_split": "val",
        "sample_id": "wl-pos-pos-es-pba-63859",
        "bank_id": "pos-es-pba-63859",
        "label_class": "1",
        "label_role": "positive",
        "name": "Casa do Castro",
        "municipality": "Campo Lameiro",
        "parish": "Morillas (Santiago)",
        "country": "ES",
        "fusion_probability": "0.03106014",
        "fusion_rank": "1616",
        "max_safety_rank": "1437",
        "archetype_only_rank": "1142",
        "specialist_probability": "0.08602808",
        "specialist_rank": "1449",
        "specialist_mean_rank": "1536",
        "rank_delta_fusion_to_max": "179",
        "negative_type": "",
        "morphology_proxy": "generic_castro_hint",
        "review_lane": "morphology_rescue_review",
        "review_reason": "Weak positive ranked low on validation; inspect label noise, morphology and imagery quality."
      }
    },
    {
      "type": "Feature",
      "geometry": {
        "type": "Point",
        "coordinates": [
          -7.22652655882318,
          43.49768971762742
        ]
      },
      "properties": {
        "queue": "val_low_rank_weak_positives",
        "priority_order": "2",
        "dataset": "val",
        "final_split": "val",
        "sample_id": "wl-pos-pos-es-pba-28733",
        "bank_id": "pos-es-pba-28733",
        "label_class": "1",
        "label_role": "positive",
        "name": "O Castro",
        "municipality": "Barreiros",
        "parish": "Cabarcos (San Xulián)",
        "country": "ES",
        "fusion_probability": "0.04195658",
        "fusion_rank": "1535",
        "max_safety_rank": "1730",
        "archetype_only_rank": "1715",
        "specialist_probability": "0.04526121",
        "specialist_rank": "1637",
        "specialist_mean_rank": "1615",
        "rank_delta_fusion_to_max": "-195",
        "negative_type": "",
        "morphology_proxy": "generic_castro_hint",
        "review_lane": "low_positive_review",
        "review_reason": "Weak positive ranked low on validation; inspect label noise, morphology and imagery quality."
      }
    },
    {
      "type": "Feature",
      "geometry": {
        "type": "Point",
        "coordinates": [
          -8.292134315507132,
          42.85166278030645
        ]
      },
      "properties": {
        "queue": "val_low_rank_weak_positives",
        "priority_order": "3",
        "dataset": "val",
        "final_split": "val",
        "sample_id": "wl-pos-pos-es-pba-25010",
        "bank_id": "pos-es-pba-25010",
        "label_class": "1",
        "label_role": "positive",
        "name": "Castro de Fao/A Croa do Castro",
        "municipality": "Touro",
        "parish": "Fao (Santa Uxía)",
        "country": "ES",
        "fusion_probability": "0.08094196",
        "fusion_rank": "1288",
        "max_safety_rank": "1578",
        "archetype_only_rank": "1505",
        "specialist_probability": "0.06784824",
        "specialist_rank": "1523",
        "specialist_mean_rank": "1447",
        "rank_delta_fusion_to_max": "-290",
        "negative_type": "",
        "morphology_proxy": "croa_top_ring_hint",
        "review_lane": "low_positive_review",
        "review_reason": "Weak positive ranked low on validation; inspect label noise, morphology and imagery quality."
      }
    },
    {
      "type": "Feature",
      "geometry": {
        "type": "Point",
        "coordinates": [
          -8.420101521238182,
          43.01045645925417
        ]
      },
      "properties": {
        "queue": "val_low_rank_weak_positives",
        "priority_order": "4",
        "dataset": "val",
        "final_split": "val",
        "sample_id": "wl-pos-pos-es-pba-15716",
        "bank_id": "pos-es-pba-15716",
        "label_class": "1",
        "label_role": "positive",
        "name": "O Castro/A Santiña/O Castro de Deixebre",
        "municipality": "Oroso",
        "parish": "Deixebre (Santa María)",
        "country": "ES",
        "fusion_probability": "0.08924586",
        "fusion_rank": "1245",
        "max_safety_rank": "1540",
        "archetype_only_rank": "1768",
        "specialist_probability": "0.12129720",
        "specialist_rank": "1284",
        "specialist_mean_rank": "1292",
        "rank_delta_fusion_to_max": "-295",
        "negative_type": "",
        "morphology_proxy": "generic_castro_hint",
        "review_lane": "low_positive_review",
        "review_reason": "Weak positive ranked low on validation; inspect label noise, morphology and imagery quality."
      }
    },
    {
      "type": "Feature",
      "geometry": {
        "type": "Point",
        "coordinates": [
          -8.349194247384062,
          42.87484630800282
        ]
      },
      "properties": {
        "queue": "val_low_rank_weak_positives",
        "priority_order": "5",
        "dataset": "val",
        "final_split": "val",
        "sample_id": "wl-pos-pos-es-pba-24978",
        "bank_id": "pos-es-pba-24978",
        "label_class": "1",
        "label_role": "positive",
        "name": "Castro da Copa",
        "municipality": "Touro",
        "parish": "Loxo (Santa María)",
        "country": "ES",
        "fusion_probability": "0.09560089",
        "fusion_rank": "1213",
        "max_safety_rank": "1312",
        "archetype_only_rank": "1024",
        "specialist_probability": "0.19678545",
        "specialist_rank": "1045",
        "specialist_mean_rank": "1127",
        "rank_delta_fusion_to_max": "-99",
        "negative_type": "",
        "morphology_proxy": "generic_castro_hint",
        "review_lane": "low_positive_review",
        "review_reason": "Weak positive ranked low on validation; inspect label noise, morphology and imagery quality."
      }
    },
    {
      "type": "Feature",
      "geometry": {
        "type": "Point",
        "coordinates": [
          -8.310139112072964,
          43.00550370826371
        ]
      },
      "properties": {
        "queue": "val_low_rank_weak_positives",
        "priority_order": "6",
        "dataset": "val",
        "final_split": "val",
        "sample_id": "wl-pos-pos-es-pba-15418",
        "bank_id": "pos-es-pba-15418",
        "label_class": "1",
        "label_role": "positive",
        "name": "Medorra do Castro/Castro de San Román",
        "municipality": "Oroso",
        "parish": "Pasarelos (San Román)",
        "country": "ES",
        "fusion_probability": "0.11652738",
        "fusion_rank": "1134",
        "max_safety_rank": "1436",
        "archetype_only_rank": "1810",
        "specialist_probability": "0.19396114",
        "specialist_rank": "1052",
        "specialist_mean_rank": "1096",
        "rank_delta_fusion_to_max": "-302",
        "negative_type": "",
        "morphology_proxy": "generic_castro_hint",
        "review_lane": "low_positive_review",
        "review_reason": "Weak positive ranked low on validation; inspect label noise, morphology and imagery quality."
      }
    },
    {
      "type": "Feature",
      "geometry": {
        "type": "Point",
        "coordinates": [
          -8.271432385030025,
          42.88926127313282
        ]
      },
      "properties": {
        "queue": "val_low_rank_weak_positives",
        "priority_order": "7",
        "dataset": "val",
        "final_split": "val",
        "sample_id": "wl-pos-pos-es-pba-24421",
        "bank_id": "pos-es-pba-24421",
        "label_class": "1",
        "label_role": "positive",
        "name": "Medorra de Lañas/O Castro Grande/A Medorra",
        "municipality": "Touro",
        "parish": "San Fiz de Quión (San Fiz)",
        "country": "ES",
        "fusion_probability": "0.11938384",
        "fusion_rank": "1120",
        "max_safety_rank": "781",
        "archetype_only_rank": "583",
        "specialist_probability": "0.19764607",
        "specialist_rank": "1044",
        "specialist_mean_rank": "1086",
        "rank_delta_fusion_to_max": "339",
        "negative_type": "",
        "morphology_proxy": "generic_castro_hint",
        "review_lane": "morphology_rescue_review",
        "review_reason": "Weak positive ranked low on validation; inspect label noise, morphology and imagery quality."
      }
    },
    {
      "type": "Feature",
      "geometry": {
        "type": "Point",
        "coordinates": [
          -7.58788984405704,
          43.55460111284514
        ]
      },
      "properties": {
        "queue": "val_low_rank_weak_positives",
        "priority_order": "8",
        "dataset": "val",
        "final_split": "val",
        "sample_id": "wl-pos-pos-es-pba-35730",
        "bank_id": "pos-es-pba-35730",
        "label_class": "1",
        "label_role": "positive",
        "name": "Chao do Castro",
        "municipality": "Ourol",
        "parish": "Miñotos (San Pedro)",
        "country": "ES",
        "fusion_probability": "0.11945231",
        "fusion_rank": "1118",
        "max_safety_rank": "1378",
        "archetype_only_rank": "1084",
        "specialist_probability": "0.23809910",
        "specialist_rank": "948",
        "specialist_mean_rank": "1031",
        "rank_delta_fusion_to_max": "-260",
        "negative_type": "",
        "morphology_proxy": "generic_castro_hint",
        "review_lane": "low_positive_review",
        "review_reason": "Weak positive ranked low on validation; inspect label noise, morphology and imagery quality."
      }
    },
    {
      "type": "Feature",
      "geometry": {
        "type": "Point",
        "coordinates": [
          -8.34820096675144,
          42.75364922746449
        ]
      },
      "properties": {
        "queue": "val_low_rank_weak_positives",
        "priority_order": "9",
        "dataset": "val",
        "final_split": "val",
        "sample_id": "wl-pos-pos-es-pba-64727",
        "bank_id": "pos-es-pba-64727",
        "label_class": "1",
        "label_role": "positive",
        "name": "Castro Lóbrigo",
        "municipality": "A Estrada",
        "parish": "Loimil (Santa María)",
        "country": "ES",
        "fusion_probability": "0.12100363",
        "fusion_rank": "1103",
        "max_safety_rank": "628",
        "archetype_only_rank": "477",
        "specialist_probability": "0.15677144",
        "specialist_rank": "1161",
        "specialist_mean_rank": "1150",
        "rank_delta_fusion_to_max": "475",
        "negative_type": "",
        "morphology_proxy": "generic_castro_hint",
        "review_lane": "morphology_rescue_review",
        "review_reason": "Weak positive ranked low on validation; inspect label noise, morphology and imagery quality."
      }
    },
    {
      "type": "Feature",
      "geometry": {
        "type": "Point",
        "coordinates": [
          -7.73630430123401,
          42.65948803776814
        ]
      },
      "properties": {
        "queue": "val_low_rank_weak_positives",
        "priority_order": "10",
        "dataset": "val",
        "final_split": "val",
        "sample_id": "wl-pos-pos-es-pba-29397",
        "bank_id": "pos-es-pba-29397",
        "label_class": "1",
        "label_role": "positive",
        "name": "Castro de Candad",
        "municipality": "Chantada",
        "parish": "Pedrafita (Santa Baia)",
        "country": "ES",
        "fusion_probability": "0.12238323",
        "fusion_rank": "1099",
        "max_safety_rank": "1405",
        "archetype_only_rank": "1851",
        "specialist_probability": "0.00752355",
        "specialist_rank": "1845",
        "specialist_mean_rank": "1499",
        "rank_delta_fusion_to_max": "-306",
        "negative_type": "",
        "morphology_proxy": "generic_castro_hint",
        "review_lane": "low_positive_review",
        "review_reason": "Weak positive ranked low on validation; inspect label noise, morphology and imagery quality."
      }
    },
    {
      "type": "Feature",
      "geometry": {
        "type": "Point",
        "coordinates": [
          -8.371934625986794,
          42.85362862119057
        ]
      },
      "properties": {
        "queue": "val_low_rank_weak_positives",
        "priority_order": "11",
        "dataset": "val",
        "final_split": "val",
        "sample_id": "wl-pos-pos-es-pba-24554",
        "bank_id": "pos-es-pba-24554",
        "label_class": "1",
        "label_role": "positive",
        "name": "Pombal no Castro",
        "municipality": "Touro",
        "parish": "Prevediños (Santiago)",
        "country": "ES",
        "fusion_probability": "0.13105445",
        "fusion_rank": "1070",
        "max_safety_rank": "1377",
        "archetype_only_rank": "1365",
        "specialist_probability": "0.23127594",
        "specialist_rank": "962",
        "specialist_mean_rank": "1024",
        "rank_delta_fusion_to_max": "-307",
        "negative_type": "",
        "morphology_proxy": "generic_castro_hint",
        "review_lane": "low_positive_review",
        "review_reason": "Weak positive ranked low on validation; inspect label noise, morphology and imagery quality."
      }
    },
    {
      "type": "Feature",
      "geometry": {
        "type": "Point",
        "coordinates": [
          -7.430037611209077,
          41.983278496802875
        ]
      },
      "properties": {
        "queue": "val_low_rank_weak_positives",
        "priority_order": "12",
        "dataset": "val",
        "final_split": "val",
        "sample_id": "wl-pos-pos-es-pba-47185",
        "bank_id": "pos-es-pba-47185",
        "label_class": "1",
        "label_role": "positive",
        "name": "Xacemento romano do Castro",
        "municipality": "Castrelo do Val",
        "parish": "Castrelo do Val (Santa María)",
        "country": "ES",
        "fusion_probability": "0.14483059",
        "fusion_rank": "1023",
        "max_safety_rank": "1320",
        "archetype_only_rank": "1747",
        "specialist_probability": "0.04189936",
        "specialist_rank": "1663",
        "specialist_mean_rank": "1356",
        "rank_delta_fusion_to_max": "-297",
        "negative_type": "",
        "morphology_proxy": "generic_castro_hint",
        "review_lane": "low_positive_review",
        "review_reason": "Weak positive ranked low on validation; inspect label noise, morphology and imagery quality."
      }
    },
    {
      "type": "Feature",
      "geometry": {
        "type": "Point",
        "coordinates": [
          -8.383465351303979,
          42.97393155305773
        ]
      },
      "properties": {
        "queue": "val_low_rank_weak_positives",
        "priority_order": "13",
        "dataset": "val",
        "final_split": "val",
        "sample_id": "wl-pos-pos-es-pba-15416",
        "bank_id": "pos-es-pba-15416",
        "label_class": "1",
        "label_role": "positive",
        "name": "Medorra do Castro",
        "municipality": "Oroso",
        "parish": "Cardama (Santa María)",
        "country": "ES",
        "fusion_probability": "0.15908389",
        "fusion_rank": "991",
        "max_safety_rank": "1287",
        "archetype_only_rank": "1490",
        "specialist_probability": "0.25342668",
        "specialist_rank": "915",
        "specialist_mean_rank": "965",
        "rank_delta_fusion_to_max": "-296",
        "negative_type": "",
        "morphology_proxy": "generic_castro_hint",
        "review_lane": "low_positive_review",
        "review_reason": "Weak positive ranked low on validation; inspect label noise, morphology and imagery quality."
      }
    },
    {
      "type": "Feature",
      "geometry": {
        "type": "Point",
        "coordinates": [
          -7.8318405350245,
          43.24914822251713
        ]
      },
      "properties": {
        "queue": "val_low_rank_weak_positives",
        "priority_order": "14",
        "dataset": "val",
        "final_split": "val",
        "sample_id": "wl-pos-pos-es-pba-30085",
        "bank_id": "pos-es-pba-30085",
        "label_class": "1",
        "label_role": "positive",
        "name": "Castro de Quenllas do Forno",
        "municipality": "Guitiriz",
        "parish": "O Buriz (San Pedro)",
        "country": "ES",
        "fusion_probability": "0.16717284",
        "fusion_rank": "976",
        "max_safety_rank": "1273",
        "archetype_only_rank": "1065",
        "specialist_probability": "0.25451653",
        "specialist_rank": "911",
        "specialist_mean_rank": "954",
        "rank_delta_fusion_to_max": "-297",
        "negative_type": "",
        "morphology_proxy": "generic_castro_hint",
        "review_lane": "low_positive_review",
        "review_reason": "Weak positive ranked low on validation; inspect label noise, morphology and imagery quality."
      }
    },
    {
      "type": "Feature",
      "geometry": {
        "type": "Point",
        "coordinates": [
          -7.642458623171671,
          43.593659855605146
        ]
      },
      "properties": {
        "queue": "val_low_rank_weak_positives",
        "priority_order": "15",
        "dataset": "val",
        "final_split": "val",
        "sample_id": "wl-pos-pos-es-pba-35702",
        "bank_id": "pos-es-pba-35702",
        "label_class": "1",
        "label_role": "positive",
        "name": "Castro de Pena Gateira",
        "municipality": "Ourol",
        "parish": "Bravos (Santiago)",
        "country": "ES",
        "fusion_probability": "0.17107391",
        "fusion_rank": "969",
        "max_safety_rank": "969",
        "archetype_only_rank": "735",
        "specialist_probability": "0.29568269",
        "specialist_rank": "848",
        "specialist_mean_rank": "900",
        "rank_delta_fusion_to_max": "0",
        "negative_type": "",
        "morphology_proxy": "hilltop_hint",
        "review_lane": "low_positive_review",
        "review_reason": "Weak positive ranked low on validation; inspect label noise, morphology and imagery quality."
      }
    },
    {
      "type": "Feature",
      "geometry": {
        "type": "Point",
        "coordinates": [
          -8.40788503165724,
          42.77514047635424
        ]
      },
      "properties": {
        "queue": "val_low_rank_weak_positives",
        "priority_order": "16",
        "dataset": "val",
        "final_split": "val",
        "sample_id": "wl-pos-pos-es-pba-26175",
        "bank_id": "pos-es-pba-26175",
        "label_class": "1",
        "label_role": "positive",
        "name": "O Castro",
        "municipality": "Vedra",
        "parish": "A Ponte Ulla (Santa María Madanela)",
        "country": "ES",
        "fusion_probability": "0.18259624",
        "fusion_rank": "938",
        "max_safety_rank": "1229",
        "archetype_only_rank": "1162",
        "specialist_probability": "0.59132252",
        "specialist_rank": "501",
        "specialist_mean_rank": "657",
        "rank_delta_fusion_to_max": "-291",
        "negative_type": "",
        "morphology_proxy": "generic_castro_hint",
        "review_lane": "low_positive_review",
        "review_reason": "Weak positive ranked low on validation; inspect label noise, morphology and imagery quality."
      }
    },
    {
      "type": "Feature",
      "geometry": {
        "type": "Point",
        "coordinates": [
          -8.37314680950039,
          43.34327889223413
        ]
      },
      "properties": {
        "queue": "val_low_rank_weak_positives",
        "priority_order": "17",
        "dataset": "val",
        "final_split": "val",
        "sample_id": "wl-pos-pos-es-pba-15426",
        "bank_id": "pos-es-pba-15426",
        "label_class": "1",
        "label_role": "positive",
        "name": "Castro de Santa Cristina/Castro de Perillo",
        "municipality": "Oleiros",
        "parish": "Perillo (Santa Locaia)",
        "country": "ES",
        "fusion_probability": "0.18706196",
        "fusion_rank": "930",
        "max_safety_rank": "1219",
        "archetype_only_rank": "1282",
        "specialist_probability": "0.26529401",
        "specialist_rank": "892",
        "specialist_mean_rank": "920",
        "rank_delta_fusion_to_max": "-289",
        "negative_type": "",
        "morphology_proxy": "generic_castro_hint",
        "review_lane": "low_positive_review",
        "review_reason": "Weak positive ranked low on validation; inspect label noise, morphology and imagery quality."
      }
    },
    {
      "type": "Feature",
      "geometry": {
        "type": "Point",
        "coordinates": [
          -8.371981855979755,
          43.03783465326497
        ]
      },
      "properties": {
        "queue": "val_low_rank_weak_positives",
        "priority_order": "18",
        "dataset": "val",
        "final_split": "val",
        "sample_id": "wl-pos-pos-es-pba-15670",
        "bank_id": "pos-es-pba-15670",
        "label_class": "1",
        "label_role": "positive",
        "name": "Castro de Recouso",
        "municipality": "Oroso",
        "parish": "Marzoa (San Martiño)",
        "country": "ES",
        "fusion_probability": "0.19037723",
        "fusion_rank": "916",
        "max_safety_rank": "1204",
        "archetype_only_rank": "1529",
        "specialist_probability": "0.06152272",
        "specialist_rank": "1549",
        "specialist_mean_rank": "1197",
        "rank_delta_fusion_to_max": "-288",
        "negative_type": "",
        "morphology_proxy": "generic_castro_hint",
        "review_lane": "low_positive_review",
        "review_reason": "Weak positive ranked low on validation; inspect label noise, morphology and imagery quality."
      }
    },
    {
      "type": "Feature",
      "geometry": {
        "type": "Point",
        "coordinates": [
          -8.873630702842346,
          42.04729664956693
        ]
      },
      "properties": {
        "queue": "val_low_rank_weak_positives",
        "priority_order": "19",
        "dataset": "val",
        "final_split": "val",
        "sample_id": "wl-pos-pos-es-pba-69292",
        "bank_id": "pos-es-pba-69292",
        "label_class": "1",
        "label_role": "positive",
        "name": "Castro de Mougás/O Crasto",
        "municipality": "Oia",
        "parish": "Mougás (Santa Uxía)",
        "country": "ES",
        "fusion_probability": "0.19049699",
        "fusion_rank": "915",
        "max_safety_rank": "1109",
        "archetype_only_rank": "840",
        "specialist_probability": "0.16786066",
        "specialist_rank": "1132",
        "specialist_mean_rank": "1028",
        "rank_delta_fusion_to_max": "-194",
        "negative_type": "",
        "morphology_proxy": "generic_castro_hint",
        "review_lane": "low_positive_review",
        "review_reason": "Weak positive ranked low on validation; inspect label noise, morphology and imagery quality."
      }
    },
    {
      "type": "Feature",
      "geometry": {
        "type": "Point",
        "coordinates": [
          -8.399734857426045,
          42.99207149878521
        ]
      },
      "properties": {
        "queue": "val_low_rank_weak_positives",
        "priority_order": "20",
        "dataset": "val",
        "final_split": "val",
        "sample_id": "wl-pos-pos-es-pba-15606",
        "bank_id": "pos-es-pba-15606",
        "label_class": "1",
        "label_role": "positive",
        "name": "O Castro",
        "municipality": "Oroso",
        "parish": "Vilarromaris (San Tomé)",
        "country": "ES",
        "fusion_probability": "0.19307532",
        "fusion_rank": "909",
        "max_safety_rank": "1196",
        "archetype_only_rank": "1482",
        "specialist_probability": "0.26240548",
        "specialist_rank": "897",
        "specialist_mean_rank": "914",
        "rank_delta_fusion_to_max": "-287",
        "negative_type": "",
        "morphology_proxy": "generic_castro_hint",
        "review_lane": "low_positive_review",
        "review_reason": "Weak positive ranked low on validation; inspect label noise, morphology and imagery quality."
      }
    },
    {
      "type": "Feature",
      "geometry": {
        "type": "Point",
        "coordinates": [
          -7.7831353652966575,
          42.62972719004807
        ]
      },
      "properties": {
        "queue": "val_low_rank_weak_positives",
        "priority_order": "21",
        "dataset": "val",
        "final_split": "val",
        "sample_id": "wl-pos-pos-es-pba-29400",
        "bank_id": "pos-es-pba-29400",
        "label_class": "1",
        "label_role": "positive",
        "name": "Castro de Fornas de Abaixo",
        "municipality": "Chantada",
        "parish": "Fornas (San Cristovo)",
        "country": "ES",
        "fusion_probability": "0.21820273",
        "fusion_rank": "858",
        "max_safety_rank": "1134",
        "archetype_only_rank": "1771",
        "specialist_probability": "0.07900962",
        "specialist_rank": "1483",
        "specialist_mean_rank": "1117",
        "rank_delta_fusion_to_max": "-276",
        "negative_type": "",
        "morphology_proxy": "generic_castro_hint",
        "review_lane": "low_positive_review",
        "review_reason": "Weak positive ranked low on validation; inspect label noise, morphology and imagery quality."
      }
    },
    {
      "type": "Feature",
      "geometry": {
        "type": "Point",
        "coordinates": [
          -7.664325532601797,
          43.125007095133654
        ]
      },
      "properties": {
        "queue": "val_low_rank_weak_positives",
        "priority_order": "22",
        "dataset": "val",
        "final_split": "val",
        "sample_id": "wl-pos-pos-es-pba-35863",
        "bank_id": "pos-es-pba-35863",
        "label_class": "1",
        "label_role": "positive",
        "name": "Os Castros",
        "municipality": "Outeiro de Rei",
        "parish": "Santiago de Gaioso (Santiago)",
        "country": "ES",
        "fusion_probability": "0.24578985",
        "fusion_rank": "807",
        "max_safety_rank": "1056",
        "archetype_only_rank": "1021",
        "specialist_probability": "0.31551075",
        "specialist_rank": "813",
        "specialist_mean_rank": "826",
        "rank_delta_fusion_to_max": "-249",
        "negative_type": "",
        "morphology_proxy": "generic_castro_hint",
        "review_lane": "low_positive_review",
        "review_reason": "Weak positive ranked low on validation; inspect label noise, morphology and imagery quality."
      }
    },
    {
      "type": "Feature",
      "geometry": {
        "type": "Point",
        "coordinates": [
          -8.557546992275057,
          42.561927714400476
        ]
      },
      "properties": {
        "queue": "val_low_rank_weak_positives",
        "priority_order": "23",
        "dataset": "val",
        "final_split": "val",
        "sample_id": "wl-pos-pos-es-pba-63936",
        "bank_id": "pos-es-pba-63936",
        "label_class": "1",
        "label_role": "positive",
        "name": "Castriño/Castro de Couso",
        "municipality": "Campo Lameiro",
        "parish": "O Couso (San Cristovo)",
        "country": "ES",
        "fusion_probability": "0.25926043",
        "fusion_rank": "785",
        "max_safety_rank": "1028",
        "archetype_only_rank": "1029",
        "specialist_probability": "0.44601614",
        "specialist_rank": "659",
        "specialist_mean_rank": "709",
        "rank_delta_fusion_to_max": "-243",
        "negative_type": "",
        "morphology_proxy": "generic_castro_hint",
        "review_lane": "low_positive_review",
        "review_reason": "Weak positive ranked low on validation; inspect label noise, morphology and imagery quality."
      }
    },
    {
      "type": "Feature",
      "geometry": {
        "type": "Point",
        "coordinates": [
          -7.7402667374304945,
          43.22670677229095
        ]
      },
      "properties": {
        "queue": "val_low_rank_weak_positives",
        "priority_order": "24",
        "dataset": "val",
        "final_split": "val",
        "sample_id": "wl-pos-pos-es-pba-30583",
        "bank_id": "pos-es-pba-30583",
        "label_class": "1",
        "label_role": "positive",
        "name": "A Costa de Castro",
        "municipality": "Guitiriz",
        "parish": "Pígara (San Pedro)",
        "country": "ES",
        "fusion_probability": "0.25971966",
        "fusion_rank": "783",
        "max_safety_rank": "1026",
        "archetype_only_rank": "888",
        "specialist_probability": "0.17414832",
        "specialist_rank": "1111",
        "specialist_mean_rank": "937",
        "rank_delta_fusion_to_max": "-243",
        "negative_type": "",
        "morphology_proxy": "coastal_promontory_hint",
        "review_lane": "low_positive_review",
        "review_reason": "Weak positive ranked low on validation; inspect label noise, morphology and imagery quality."
      }
    },
    {
      "type": "Feature",
      "geometry": {
        "type": "Point",
        "coordinates": [
          -8.536652972635391,
          42.74668291363823
        ]
      },
      "properties": {
        "queue": "val_low_rank_weak_positives",
        "priority_order": "25",
        "dataset": "val",
        "final_split": "val",
        "sample_id": "wl-pos-pos-es-pba-64725",
        "bank_id": "pos-es-pba-64725",
        "label_class": "1",
        "label_role": "positive",
        "name": "Castro de Vila Criste",
        "municipality": "A Estrada",
        "parish": "Cora (San Miguel)",
        "country": "ES",
        "fusion_probability": "0.27115886",
        "fusion_rank": "763",
        "max_safety_rank": "577",
        "archetype_only_rank": "446",
        "specialist_probability": "0.45964074",
        "specialist_rank": "638",
        "specialist_mean_rank": "691",
        "rank_delta_fusion_to_max": "186",
        "negative_type": "",
        "morphology_proxy": "generic_castro_hint",
        "review_lane": "morphology_rescue_review",
        "review_reason": "Weak positive ranked low on validation; inspect label noise, morphology and imagery quality."
      }
    },
    {
      "type": "Feature",
      "geometry": {
        "type": "Point",
        "coordinates": [
          -8.72071779148683,
          42.719812282778975
        ]
      },
      "properties": {
        "queue": "val_low_rank_weak_positives",
        "priority_order": "26",
        "dataset": "val",
        "final_split": "val",
        "sample_id": "wl-pos-pos-es-pba-9496",
        "bank_id": "pos-es-pba-9496",
        "label_class": "1",
        "label_role": "positive",
        "name": "Conxunto de Castro",
        "municipality": "Dodro",
        "parish": "San Xoán de Laíño (San Xoán)",
        "country": "ES",
        "fusion_probability": "0.27328085",
        "fusion_rank": "760",
        "max_safety_rank": "994",
        "archetype_only_rank": "1644",
        "specialist_probability": "0.48121280",
        "specialist_rank": "613",
        "specialist_mean_rank": "672",
        "rank_delta_fusion_to_max": "-234",
        "negative_type": "",
        "morphology_proxy": "generic_castro_hint",
        "review_lane": "low_positive_review",
        "review_reason": "Weak positive ranked low on validation; inspect label noise, morphology and imagery quality."
      }
    },
    {
      "type": "Feature",
      "geometry": {
        "type": "Point",
        "coordinates": [
          -8.702819451305215,
          42.48248479801781
        ]
      },
      "properties": {
        "queue": "val_low_rank_weak_positives",
        "priority_order": "27",
        "dataset": "val",
        "final_split": "val",
        "sample_id": "wl-pos-pos-es-pba-66619",
        "bank_id": "pos-es-pba-66619",
        "label_class": "1",
        "label_role": "positive",
        "name": "Ermida e Castelo do Monte Castrove",
        "municipality": "Meis",
        "parish": "A Armenteira (Santa María)",
        "country": "ES",
        "fusion_probability": "0.27459471",
        "fusion_rank": "758",
        "max_safety_rank": "433",
        "archetype_only_rank": "333",
        "specialist_probability": "0.40053267",
        "specialist_rank": "705",
        "specialist_mean_rank": "731",
        "rank_delta_fusion_to_max": "325",
        "negative_type": "",
        "morphology_proxy": "hilltop_hint",
        "review_lane": "morphology_rescue_review",
        "review_reason": "Weak positive ranked low on validation; inspect label noise, morphology and imagery quality."
      }
    },
    {
      "type": "Feature",
      "geometry": {
        "type": "Point",
        "coordinates": [
          -8.287074011014816,
          42.91695125651633
        ]
      },
      "properties": {
        "queue": "val_low_rank_weak_positives",
        "priority_order": "28",
        "dataset": "val",
        "final_split": "val",
        "sample_id": "wl-pos-pos-es-pba-25006",
        "bank_id": "pos-es-pba-25006",
        "label_class": "1",
        "label_role": "positive",
        "name": "Castro de Abelenda",
        "municipality": "Touro",
        "parish": "San Fiz de Quión (San Fiz)",
        "country": "ES",
        "fusion_probability": "0.27497398",
        "fusion_rank": "756",
        "max_safety_rank": "989",
        "archetype_only_rank": "1016",
        "specialist_probability": "0.12389637",
        "specialist_rank": "1277",
        "specialist_mean_rank": "979",
        "rank_delta_fusion_to_max": "-233",
        "negative_type": "",
        "morphology_proxy": "generic_castro_hint",
        "review_lane": "low_positive_review",
        "review_reason": "Weak positive ranked low on validation; inspect label noise, morphology and imagery quality."
      }
    },
    {
      "type": "Feature",
      "geometry": {
        "type": "Point",
        "coordinates": [
          -8.500281023773365,
          42.54635340620573
        ]
      },
      "properties": {
        "queue": "val_low_rank_weak_positives",
        "priority_order": "29",
        "dataset": "val",
        "final_split": "val",
        "sample_id": "wl-pos-pos-es-pba-63967",
        "bank_id": "pos-es-pba-63967",
        "label_class": "1",
        "label_role": "positive",
        "name": "Castro de Morillas",
        "municipality": "Campo Lameiro",
        "parish": "Morillas (Santiago)",
        "country": "ES",
        "fusion_probability": "0.28158422",
        "fusion_rank": "746",
        "max_safety_rank": "803",
        "archetype_only_rank": "596",
        "specialist_probability": "0.64892098",
        "specialist_rank": "459",
        "specialist_mean_rank": "576",
        "rank_delta_fusion_to_max": "-57",
        "negative_type": "",
        "morphology_proxy": "coastal_promontory_hint",
        "review_lane": "low_positive_review",
        "review_reason": "Weak positive ranked low on validation; inspect label noise, morphology and imagery quality."
      }
    },
    {
      "type": "Feature",
      "geometry": {
        "type": "Point",
        "coordinates": [
          -8.720640967088528,
          42.72023104050819
        ]
      },
      "properties": {
        "queue": "val_low_rank_weak_positives",
        "priority_order": "30",
        "dataset": "val",
        "final_split": "val",
        "sample_id": "wl-pos-pos-es-pba-9491",
        "bank_id": "pos-es-pba-9491",
        "label_class": "1",
        "label_role": "positive",
        "name": "Castro",
        "municipality": "Dodro",
        "parish": "San Xoán de Laíño (San Xoán)",
        "country": "ES",
        "fusion_probability": "0.30593424",
        "fusion_rank": "703",
        "max_safety_rank": "942",
        "archetype_only_rank": "1435",
        "specialist_probability": "0.52962764",
        "specialist_rank": "558",
        "specialist_mean_rank": "624",
        "rank_delta_fusion_to_max": "-239",
        "negative_type": "",
        "morphology_proxy": "generic_castro_hint",
        "review_lane": "low_positive_review",
        "review_reason": "Weak positive ranked low on validation; inspect label noise, morphology and imagery quality."
      }
    },
    {
      "type": "Feature",
      "geometry": {
        "type": "Point",
        "coordinates": [
          -8.318826260361526,
          42.86627275761193
        ]
      },
      "properties": {
        "queue": "val_low_rank_weak_positives",
        "priority_order": "31",
        "dataset": "val",
        "final_split": "val",
        "sample_id": "wl-pos-pos-es-pba-25040",
        "bank_id": "pos-es-pba-25040",
        "label_class": "1",
        "label_role": "positive",
        "name": "Castro de Touro",
        "municipality": "Touro",
        "parish": "Touro (San Xoán)",
        "country": "ES",
        "fusion_probability": "0.30942196",
        "fusion_rank": "697",
        "max_safety_rank": "931",
        "archetype_only_rank": "1302",
        "specialist_probability": "0.35065234",
        "specialist_rank": "757",
        "specialist_mean_rank": "748",
        "rank_delta_fusion_to_max": "-234",
        "negative_type": "",
        "morphology_proxy": "generic_castro_hint",
        "review_lane": "low_positive_review",
        "review_reason": "Weak positive ranked low on validation; inspect label noise, morphology and imagery quality."
      }
    },
    {
      "type": "Feature",
      "geometry": {
        "type": "Point",
        "coordinates": [
          -7.55843068307333,
          43.14166617788986
        ]
      },
      "properties": {
        "queue": "val_low_rank_weak_positives",
        "priority_order": "32",
        "dataset": "val",
        "final_split": "val",
        "sample_id": "wl-pos-pos-es-pba-35866",
        "bank_id": "pos-es-pba-35866",
        "label_class": "1",
        "label_role": "positive",
        "name": "Os Castros/Tras Os Castros",
        "municipality": "Outeiro de Rei",
        "parish": "Castelo de Rei (San Salvador)",
        "country": "ES",
        "fusion_probability": "0.31709494",
        "fusion_rank": "689",
        "max_safety_rank": "918",
        "archetype_only_rank": "1677",
        "specialist_probability": "0.31883387",
        "specialist_rank": "805",
        "specialist_mean_rank": "766",
        "rank_delta_fusion_to_max": "-229",
        "negative_type": "",
        "morphology_proxy": "generic_castro_hint",
        "review_lane": "low_positive_review",
        "review_reason": "Weak positive ranked low on validation; inspect label noise, morphology and imagery quality."
      }
    },
    {
      "type": "Feature",
      "geometry": {
        "type": "Point",
        "coordinates": [
          -7.202031945388303,
          43.56144384275869
        ]
      },
      "properties": {
        "queue": "val_low_rank_weak_positives",
        "priority_order": "33",
        "dataset": "val",
        "final_split": "val",
        "sample_id": "wl-pos-pos-es-pba-28585",
        "bank_id": "pos-es-pba-28585",
        "label_class": "1",
        "label_role": "positive",
        "name": "Castro de Punta de San Pedro",
        "municipality": "Barreiros",
        "parish": "San Pedro de Benquerencia (San Pedro)",
        "country": "ES",
        "fusion_probability": "0.32294934",
        "fusion_rank": "680",
        "max_safety_rank": "558",
        "archetype_only_rank": "427",
        "specialist_probability": "0.40265982",
        "specialist_rank": "699",
        "specialist_mean_rank": "695",
        "rank_delta_fusion_to_max": "122",
        "negative_type": "",
        "morphology_proxy": "coastal_promontory_hint",
        "review_lane": "morphology_rescue_review",
        "review_reason": "Weak positive ranked low on validation; inspect label noise, morphology and imagery quality."
      }
    },
    {
      "type": "Feature",
      "geometry": {
        "type": "Point",
        "coordinates": [
          -8.340355656311239,
          43.38663054254132
        ]
      },
      "properties": {
        "queue": "val_low_rank_weak_positives",
        "priority_order": "34",
        "dataset": "val",
        "final_split": "val",
        "sample_id": "wl-pos-pos-es-pba-15429",
        "bank_id": "pos-es-pba-15429",
        "label_class": "1",
        "label_role": "positive",
        "name": "Castro de Xoez/Castro das Grobas",
        "municipality": "Oleiros",
        "parish": "Serantes (San Xián)",
        "country": "ES",
        "fusion_probability": "0.34116932",
        "fusion_rank": "664",
        "max_safety_rank": "882",
        "archetype_only_rank": "1333",
        "specialist_probability": "0.59675636",
        "specialist_rank": "496",
        "specialist_mean_rank": "571",
        "rank_delta_fusion_to_max": "-218",
        "negative_type": "",
        "morphology_proxy": "generic_castro_hint",
        "review_lane": "low_positive_review",
        "review_reason": "Weak positive ranked low on validation; inspect label noise, morphology and imagery quality."
      }
    },
    {
      "type": "Feature",
      "geometry": {
        "type": "Point",
        "coordinates": [
          -7.332359619751591,
          43.26283529373789
        ]
      },
      "properties": {
        "queue": "val_low_rank_weak_positives",
        "priority_order": "35",
        "dataset": "val",
        "final_split": "val",
        "sample_id": "wl-pos-pos-es-pba-36958",
        "bank_id": "pos-es-pba-36958",
        "label_class": "1",
        "label_role": "positive",
        "name": "Pozo no Castro",
        "municipality": "Pastoriza",
        "parish": "Crecente (O Salvador)",
        "country": "ES",
        "fusion_probability": "0.34408414",
        "fusion_rank": "663",
        "max_safety_rank": "876",
        "archetype_only_rank": "1357",
        "specialist_probability": "0.22906438",
        "specialist_rank": "966",
        "specialist_mean_rank": "817",
        "rank_delta_fusion_to_max": "-213",
        "negative_type": "",
        "morphology_proxy": "generic_castro_hint",
        "review_lane": "low_positive_review",
        "review_reason": "Weak positive ranked low on validation; inspect label noise, morphology and imagery quality."
      }
    },
    {
      "type": "Feature",
      "geometry": {
        "type": "Point",
        "coordinates": [
          -8.453077371433846,
          42.769022415303134
        ]
      },
      "properties": {
        "queue": "val_low_rank_weak_positives",
        "priority_order": "36",
        "dataset": "val",
        "final_split": "val",
        "sample_id": "wl-pos-pos-es-pba-26203",
        "bank_id": "pos-es-pba-26203",
        "label_class": "1",
        "label_role": "positive",
        "name": "O Castro/Castro de Merín",
        "municipality": "Vedra",
        "parish": "Merín (San Cristovo)",
        "country": "ES",
        "fusion_probability": "0.37100028",
        "fusion_rank": "635",
        "max_safety_rank": "831",
        "archetype_only_rank": "655",
        "specialist_probability": "0.63590387",
        "specialist_rank": "469",
        "specialist_mean_rank": "538",
        "rank_delta_fusion_to_max": "-196",
        "negative_type": "",
        "morphology_proxy": "generic_castro_hint",
        "review_lane": "low_positive_review",
        "review_reason": "Weak positive ranked low on validation; inspect label noise, morphology and imagery quality."
      }
    },
    {
      "type": "Feature",
      "geometry": {
        "type": "Point",
        "coordinates": [
          -8.36505644237249,
          42.988416152790734
        ]
      },
      "properties": {
        "queue": "val_low_rank_weak_positives",
        "priority_order": "37",
        "dataset": "val",
        "final_split": "val",
        "sample_id": "wl-pos-pos-es-pba-15448",
        "bank_id": "pos-es-pba-15448",
        "label_class": "1",
        "label_role": "positive",
        "name": "A Medorra do Castro/Castro de Senra",
        "municipality": "Oroso",
        "parish": "Senra (Santa Eulalia)",
        "country": "ES",
        "fusion_probability": "0.37130767",
        "fusion_rank": "634",
        "max_safety_rank": "829",
        "archetype_only_rank": "1211",
        "specialist_probability": "0.31839045",
        "specialist_rank": "807",
        "specialist_mean_rank": "723",
        "rank_delta_fusion_to_max": "-195",
        "negative_type": "",
        "morphology_proxy": "generic_castro_hint",
        "review_lane": "low_positive_review",
        "review_reason": "Weak positive ranked low on validation; inspect label noise, morphology and imagery quality."
      }
    },
    {
      "type": "Feature",
      "geometry": {
        "type": "Point",
        "coordinates": [
          -7.787998531461805,
          42.58712268626072
        ]
      },
      "properties": {
        "queue": "val_low_rank_weak_positives",
        "priority_order": "38",
        "dataset": "val",
        "final_split": "val",
        "sample_id": "wl-pos-pos-es-pba-28833",
        "bank_id": "pos-es-pba-28833",
        "label_class": "1",
        "label_role": "positive",
        "name": "Castro de San Sebastián",
        "municipality": "Chantada",
        "parish": "San Salvador de Asma (San Salvador)",
        "country": "ES",
        "fusion_probability": "0.37321394",
        "fusion_rank": "633",
        "max_safety_rank": "729",
        "archetype_only_rank": "550",
        "specialist_probability": "0.29497120",
        "specialist_rank": "849",
        "specialist_mean_rank": "740",
        "rank_delta_fusion_to_max": "-96",
        "negative_type": "",
        "morphology_proxy": "generic_castro_hint",
        "review_lane": "low_positive_review",
        "review_reason": "Weak positive ranked low on validation; inspect label noise, morphology and imagery quality."
      }
    },
    {
      "type": "Feature",
      "geometry": {
        "type": "Point",
        "coordinates": [
          -8.520066752923546,
          42.57932018890629
        ]
      },
      "properties": {
        "queue": "val_low_rank_weak_positives",
        "priority_order": "39",
        "dataset": "val",
        "final_split": "val",
        "sample_id": "wl-pos-pos-es-pba-63968",
        "bank_id": "pos-es-pba-63968",
        "label_class": "1",
        "label_role": "positive",
        "name": "Castro de Orto",
        "municipality": "Campo Lameiro",
        "parish": "O Couso (San Cristovo)",
        "country": "ES",
        "fusion_probability": "0.37731892",
        "fusion_rank": "629",
        "max_safety_rank": "467",
        "archetype_only_rank": "354",
        "specialist_probability": "0.75288518",
        "specialist_rank": "361",
        "specialist_mean_rank": "488",
        "rank_delta_fusion_to_max": "162",
        "negative_type": "",
        "morphology_proxy": "generic_castro_hint",
        "review_lane": "morphology_rescue_review",
        "review_reason": "Weak positive ranked low on validation; inspect label noise, morphology and imagery quality."
      }
    },
    {
      "type": "Feature",
      "geometry": {
        "type": "Point",
        "coordinates": [
          -7.697013324407993,
          42.06697407025712
        ]
      },
      "properties": {
        "queue": "val_low_rank_weak_positives",
        "priority_order": "40",
        "dataset": "val",
        "final_split": "val",
        "sample_id": "wl-pos-pos-es-pba-50829",
        "bank_id": "pos-es-pba-50829",
        "label_class": "1",
        "label_role": "positive",
        "name": "Outeiro dos Castros/Os Castros",
        "municipality": "Xinzo de Limia",
        "parish": "Xinzo de Limia (Santa Mariña)",
        "country": "ES",
        "fusion_probability": "0.37800746",
        "fusion_rank": "628",
        "max_safety_rank": "820",
        "archetype_only_rank": "712",
        "specialist_probability": "0.20498146",
        "specialist_rank": "1023",
        "specialist_mean_rank": "813",
        "rank_delta_fusion_to_max": "-192",
        "negative_type": "",
        "morphology_proxy": "hilltop_hint",
        "review_lane": "low_positive_review",
        "review_reason": "Weak positive ranked low on validation; inspect label noise, morphology and imagery quality."
      }
    },
    {
      "type": "Feature",
      "geometry": {
        "type": "Point",
        "coordinates": [
          -8.130357357032018,
          42.32512330754117
        ]
      },
      "properties": {
        "queue": "val_low_rank_weak_positives",
        "priority_order": "41",
        "dataset": "val",
        "final_split": "val",
        "sample_id": "wl-pos-pos-es-pba-46139",
        "bank_id": "pos-es-pba-46139",
        "label_class": "1",
        "label_role": "positive",
        "name": "O Castro/A Mourisca/Xacemento do Castro de Beade",
        "municipality": "Beade",
        "parish": "Beade (Santa María)",
        "country": "ES",
        "fusion_probability": "0.39042670",
        "fusion_rank": "612",
        "max_safety_rank": "474",
        "archetype_only_rank": "359",
        "specialist_probability": "0.50110759",
        "specialist_rank": "590",
        "specialist_mean_rank": "589",
        "rank_delta_fusion_to_max": "138",
        "negative_type": "",
        "morphology_proxy": "generic_castro_hint",
        "review_lane": "morphology_rescue_review",
        "review_reason": "Weak positive ranked low on validation; inspect label noise, morphology and imagery quality."
      }
    },
    {
      "type": "Feature",
      "geometry": {
        "type": "Point",
        "coordinates": [
          -8.372273387187299,
          42.97805609158682
        ]
      },
      "properties": {
        "queue": "val_low_rank_weak_positives",
        "priority_order": "42",
        "dataset": "val",
        "final_split": "val",
        "sample_id": "wl-pos-pos-es-pba-15668",
        "bank_id": "pos-es-pba-15668",
        "label_class": "1",
        "label_role": "positive",
        "name": "Castro da Chousa dos Cravo",
        "municipality": "Oroso",
        "parish": "Cardama (Santa María)",
        "country": "ES",
        "fusion_probability": "0.39350540",
        "fusion_rank": "607",
        "max_safety_rank": "804",
        "archetype_only_rank": "1308",
        "specialist_probability": "0.34747548",
        "specialist_rank": "764",
        "specialist_mean_rank": "683",
        "rank_delta_fusion_to_max": "-197",
        "negative_type": "",
        "morphology_proxy": "generic_castro_hint",
        "review_lane": "low_positive_review",
        "review_reason": "Weak positive ranked low on validation; inspect label noise, morphology and imagery quality."
      }
    },
    {
      "type": "Feature",
      "geometry": {
        "type": "Point",
        "coordinates": [
          -7.1536984353088044,
          42.178137255416466
        ]
      },
      "properties": {
        "queue": "val_low_rank_weak_positives",
        "priority_order": "43",
        "dataset": "val",
        "final_split": "val",
        "sample_id": "wl-pos-pos-es-pba-58939",
        "bank_id": "pos-es-pba-58939",
        "label_class": "1",
        "label_role": "positive",
        "name": "O Tumbeiro do Castro",
        "municipality": "Viana do Bolo",
        "parish": "Santa Mariña da Ponte (Santa Mariña)",
        "country": "ES",
        "fusion_probability": "0.39814349",
        "fusion_rank": "604",
        "max_safety_rank": "642",
        "archetype_only_rank": "488",
        "specialist_probability": "0.79236170",
        "specialist_rank": "329",
        "specialist_mean_rank": "457",
        "rank_delta_fusion_to_max": "-38",
        "negative_type": "",
        "morphology_proxy": "generic_castro_hint",
        "review_lane": "low_positive_review",
        "review_reason": "Weak positive ranked low on validation; inspect label noise, morphology and imagery quality."
      }
    },
    {
      "type": "Feature",
      "geometry": {
        "type": "Point",
        "coordinates": [
          -8.334945558170679,
          42.98969361010969
        ]
      },
      "properties": {
        "queue": "val_low_rank_weak_positives",
        "priority_order": "44",
        "dataset": "val",
        "final_split": "val",
        "sample_id": "wl-pos-pos-es-pba-15717",
        "bank_id": "pos-es-pba-15717",
        "label_class": "1",
        "label_role": "positive",
        "name": "O Castro/Castro da Alcaiana",
        "municipality": "Oroso",
        "parish": "Os Ánxeles (San Mamede)",
        "country": "ES",
        "fusion_probability": "0.40837154",
        "fusion_rank": "592",
        "max_safety_rank": "785",
        "archetype_only_rank": "1550",
        "specialist_probability": "0.21359480",
        "specialist_rank": "1004",
        "specialist_mean_rank": "780",
        "rank_delta_fusion_to_max": "-193",
        "negative_type": "",
        "morphology_proxy": "generic_castro_hint",
        "review_lane": "low_positive_review",
        "review_reason": "Weak positive ranked low on validation; inspect label noise, morphology and imagery quality."
      }
    },
    {
      "type": "Feature",
      "geometry": {
        "type": "Point",
        "coordinates": [
          -7.034424673077542,
          43.07493809539006
        ]
      },
      "properties": {
        "queue": "val_low_rank_weak_positives",
        "priority_order": "45",
        "dataset": "val",
        "final_split": "val",
        "sample_id": "wl-pos-pos-es-pba-30719",
        "bank_id": "pos-es-pba-30719",
        "label_class": "1",
        "label_role": "positive",
        "name": "Castro",
        "municipality": "A Fonsagrada",
        "parish": "Vilabol de Suarna (Santa María)",
        "country": "ES",
        "fusion_probability": "0.41543354",
        "fusion_rank": "584",
        "max_safety_rank": "399",
        "archetype_only_rank": "311",
        "specialist_probability": "0.73993968",
        "specialist_rank": "370",
        "specialist_mean_rank": "472",
        "rank_delta_fusion_to_max": "185",
        "negative_type": "",
        "morphology_proxy": "generic_castro_hint",
        "review_lane": "morphology_rescue_review",
        "review_reason": "Weak positive ranked low on validation; inspect label noise, morphology and imagery quality."
      }
    },
    {
      "type": "Feature",
      "geometry": {
        "type": "Point",
        "coordinates": [
          -8.562686598016521,
          42.14309059603565
        ]
      },
      "properties": {
        "queue": "val_low_rank_weak_positives",
        "priority_order": "46",
        "dataset": "val",
        "final_split": "val",
        "sample_id": "wl-pos-pos-es-pba-70807",
        "bank_id": "pos-es-pba-70807",
        "label_class": "1",
        "label_role": "positive",
        "name": "Castro do Alto de San Cibrán",
        "municipality": "Salceda de Caselas",
        "parish": "A Picoña (San Martiño)",
        "country": "ES",
        "fusion_probability": "0.43014528",
        "fusion_rank": "574",
        "max_safety_rank": "289",
        "archetype_only_rank": "218",
        "specialist_probability": "0.72217541",
        "specialist_rank": "387",
        "specialist_mean_rank": "475",
        "rank_delta_fusion_to_max": "285",
        "negative_type": "",
        "morphology_proxy": "hilltop_hint",
        "review_lane": "morphology_rescue_review",
        "review_reason": "Weak positive ranked low on validation; inspect label noise, morphology and imagery quality."
      }
    },
    {
      "type": "Feature",
      "geometry": {
        "type": "Point",
        "coordinates": [
          -8.248603886432859,
          42.84116321487856
        ]
      },
      "properties": {
        "queue": "val_low_rank_weak_positives",
        "priority_order": "47",
        "dataset": "val",
        "final_split": "val",
        "sample_id": "wl-pos-pos-es-pba-25008",
        "bank_id": "pos-es-pba-25008",
        "label_class": "1",
        "label_role": "positive",
        "name": "Castro de Calvos de Socamiño",
        "municipality": "Touro",
        "parish": "Calvos de Socamiño (San Martiño)",
        "country": "ES",
        "fusion_probability": "0.43476834",
        "fusion_rank": "566",
        "max_safety_rank": "750",
        "archetype_only_rank": "848",
        "specialist_probability": "0.44734748",
        "specialist_rank": "656",
        "specialist_mean_rank": "595",
        "rank_delta_fusion_to_max": "-184",
        "negative_type": "",
        "morphology_proxy": "generic_castro_hint",
        "review_lane": "low_positive_review",
        "review_reason": "Weak positive ranked low on validation; inspect label noise, morphology and imagery quality."
      }
    },
    {
      "type": "Feature",
      "geometry": {
        "type": "Point",
        "coordinates": [
          -8.674319349813626,
          42.734636908986175
        ]
      },
      "properties": {
        "queue": "val_low_rank_weak_positives",
        "priority_order": "48",
        "dataset": "val",
        "final_split": "val",
        "sample_id": "wl-pos-pos-es-pba-9494",
        "bank_id": "pos-es-pba-9494",
        "label_class": "1",
        "label_role": "positive",
        "name": "Castro de Lestrobe",
        "municipality": "Dodro",
        "parish": "Dodro (Santa María)",
        "country": "ES",
        "fusion_probability": "0.44613383",
        "fusion_rank": "562",
        "max_safety_rank": "428",
        "archetype_only_rank": "327",
        "specialist_probability": "0.59519392",
        "specialist_rank": "499",
        "specialist_mean_rank": "519",
        "rank_delta_fusion_to_max": "134",
        "negative_type": "",
        "morphology_proxy": "generic_castro_hint",
        "review_lane": "morphology_rescue_review",
        "review_reason": "Weak positive ranked low on validation; inspect label noise, morphology and imagery quality."
      }
    },
    {
      "type": "Feature",
      "geometry": {
        "type": "Point",
        "coordinates": [
          -7.791240455574418,
          42.09668699855397
        ]
      },
      "properties": {
        "queue": "val_low_rank_weak_positives",
        "priority_order": "49",
        "dataset": "val",
        "final_split": "val",
        "sample_id": "wl-pos-pos-es-pba-60338",
        "bank_id": "pos-es-pba-60338",
        "label_class": "1",
        "label_role": "positive",
        "name": "Castro de Vilar de Santos",
        "municipality": "Vilar de Santos",
        "parish": "Vilar de Santos (San Xoán)",
        "country": "ES",
        "fusion_probability": "0.45233355",
        "fusion_rank": "555",
        "max_safety_rank": "638",
        "archetype_only_rank": "483",
        "specialist_probability": "0.33924276",
        "specialist_rank": "775",
        "specialist_mean_rank": "647",
        "rank_delta_fusion_to_max": "-83",
        "negative_type": "",
        "morphology_proxy": "generic_castro_hint",
        "review_lane": "low_positive_review",
        "review_reason": "Weak positive ranked low on validation; inspect label noise, morphology and imagery quality."
      }
    },
    {
      "type": "Feature",
      "geometry": {
        "type": "Point",
        "coordinates": [
          -8.870525020034952,
          42.00168284674323
        ]
      },
      "properties": {
        "queue": "val_low_rank_weak_positives",
        "priority_order": "50",
        "dataset": "val",
        "final_split": "val",
        "sample_id": "wl-pos-pos-es-pba-69293",
        "bank_id": "pos-es-pba-69293",
        "label_class": "1",
        "label_role": "positive",
        "name": "Castro do Bosque",
        "municipality": "Oia",
        "parish": "Oia (Santa María)",
        "country": "ES",
        "fusion_probability": "0.45558896",
        "fusion_rank": "551",
        "max_safety_rank": "690",
        "archetype_only_rank": "527",
        "specialist_probability": "0.20739888",
        "specialist_rank": "1018",
        "specialist_mean_rank": "744",
        "rank_delta_fusion_to_max": "-139",
        "negative_type": "",
        "morphology_proxy": "generic_castro_hint",
        "review_lane": "low_positive_review",
        "review_reason": "Weak positive ranked low on validation; inspect label noise, morphology and imagery quality."
      }
    },
    {
      "type": "Feature",
      "geometry": {
        "type": "Point",
        "coordinates": [
          -8.34820096675144,
          42.75364922746449
        ]
      },
      "properties": {
        "queue": "val_morphology_rescues",
        "priority_order": "1",
        "dataset": "val",
        "final_split": "val",
        "sample_id": "wl-pos-pos-es-pba-64727",
        "bank_id": "pos-es-pba-64727",
        "label_class": "1",
        "label_role": "positive",
        "name": "Castro Lóbrigo",
        "municipality": "A Estrada",
        "parish": "Loimil (Santa María)",
        "country": "ES",
        "fusion_probability": "0.12100363",
        "fusion_rank": "1103",
        "max_safety_rank": "628",
        "archetype_only_rank": "477",
        "specialist_probability": "0.15677144",
        "specialist_rank": "1161",
        "specialist_mean_rank": "1150",
        "rank_delta_fusion_to_max": "475",
        "negative_type": "",
        "morphology_proxy": "generic_castro_hint",
        "review_lane": "morphology_rescue_review",
        "review_reason": "Weak positive moved upward by max_safety; inspect as morphology-aware training evidence."
      }
    },
    {
      "type": "Feature",
      "geometry": {
        "type": "Point",
        "coordinates": [
          -8.271432385030025,
          42.88926127313282
        ]
      },
      "properties": {
        "queue": "val_morphology_rescues",
        "priority_order": "2",
        "dataset": "val",
        "final_split": "val",
        "sample_id": "wl-pos-pos-es-pba-24421",
        "bank_id": "pos-es-pba-24421",
        "label_class": "1",
        "label_role": "positive",
        "name": "Medorra de Lañas/O Castro Grande/A Medorra",
        "municipality": "Touro",
        "parish": "San Fiz de Quión (San Fiz)",
        "country": "ES",
        "fusion_probability": "0.11938384",
        "fusion_rank": "1120",
        "max_safety_rank": "781",
        "archetype_only_rank": "583",
        "specialist_probability": "0.19764607",
        "specialist_rank": "1044",
        "specialist_mean_rank": "1086",
        "rank_delta_fusion_to_max": "339",
        "negative_type": "",
        "morphology_proxy": "generic_castro_hint",
        "review_lane": "morphology_rescue_review",
        "review_reason": "Weak positive moved upward by max_safety; inspect as morphology-aware training evidence."
      }
    },
    {
      "type": "Feature",
      "geometry": {
        "type": "Point",
        "coordinates": [
          -7.7000687773603875,
          43.66571995489202
        ]
      },
      "properties": {
        "queue": "val_morphology_rescues",
        "priority_order": "3",
        "dataset": "val",
        "final_split": "val",
        "sample_id": "wl-pos-pos-es-pba-12801",
        "bank_id": "pos-es-pba-12801",
        "label_class": "1",
        "label_role": "positive",
        "name": "Castro",
        "municipality": "Mañón",
        "parish": "",
        "country": "ES",
        "fusion_probability": "0.63793252",
        "fusion_rank": "391",
        "max_safety_rank": "61",
        "archetype_only_rank": "57",
        "specialist_probability": "0.89605650",
        "specialist_rank": "232",
        "specialist_mean_rank": "300",
        "rank_delta_fusion_to_max": "330",
        "negative_type": "",
        "morphology_proxy": "generic_castro_hint",
        "review_lane": "morphology_rescue_review",
        "review_reason": "Weak positive moved upward by max_safety; inspect as morphology-aware training evidence."
      }
    },
    {
      "type": "Feature",
      "geometry": {
        "type": "Point",
        "coordinates": [
          -8.702819451305215,
          42.48248479801781
        ]
      },
      "properties": {
        "queue": "val_morphology_rescues",
        "priority_order": "4",
        "dataset": "val",
        "final_split": "val",
        "sample_id": "wl-pos-pos-es-pba-66619",
        "bank_id": "pos-es-pba-66619",
        "label_class": "1",
        "label_role": "positive",
        "name": "Ermida e Castelo do Monte Castrove",
        "municipality": "Meis",
        "parish": "A Armenteira (Santa María)",
        "country": "ES",
        "fusion_probability": "0.27459471",
        "fusion_rank": "758",
        "max_safety_rank": "433",
        "archetype_only_rank": "333",
        "specialist_probability": "0.40053267",
        "specialist_rank": "705",
        "specialist_mean_rank": "731",
        "rank_delta_fusion_to_max": "325",
        "negative_type": "",
        "morphology_proxy": "hilltop_hint",
        "review_lane": "morphology_rescue_review",
        "review_reason": "Weak positive moved upward by max_safety; inspect as morphology-aware training evidence."
      }
    },
    {
      "type": "Feature",
      "geometry": {
        "type": "Point",
        "coordinates": [
          -8.562686598016521,
          42.14309059603565
        ]
      },
      "properties": {
        "queue": "val_morphology_rescues",
        "priority_order": "5",
        "dataset": "val",
        "final_split": "val",
        "sample_id": "wl-pos-pos-es-pba-70807",
        "bank_id": "pos-es-pba-70807",
        "label_class": "1",
        "label_role": "positive",
        "name": "Castro do Alto de San Cibrán",
        "municipality": "Salceda de Caselas",
        "parish": "A Picoña (San Martiño)",
        "country": "ES",
        "fusion_probability": "0.43014528",
        "fusion_rank": "574",
        "max_safety_rank": "289",
        "archetype_only_rank": "218",
        "specialist_probability": "0.72217541",
        "specialist_rank": "387",
        "specialist_mean_rank": "475",
        "rank_delta_fusion_to_max": "285",
        "negative_type": "",
        "morphology_proxy": "hilltop_hint",
        "review_lane": "morphology_rescue_review",
        "review_reason": "Weak positive moved upward by max_safety; inspect as morphology-aware training evidence."
      }
    },
    {
      "type": "Feature",
      "geometry": {
        "type": "Point",
        "coordinates": [
          -7.177577887572078,
          43.562789112381324
        ]
      },
      "properties": {
        "queue": "val_morphology_rescues",
        "priority_order": "6",
        "dataset": "val",
        "final_split": "val",
        "sample_id": "wl-pos-pos-es-pba-28234",
        "bank_id": "pos-es-pba-28234",
        "label_class": "1",
        "label_role": "positive",
        "name": "Punta do Castro",
        "municipality": "Barreiros",
        "parish": "San Pedro de Benquerencia (San Pedro)",
        "country": "ES",
        "fusion_probability": "0.76220975",
        "fusion_rank": "300",
        "max_safety_rank": "22",
        "archetype_only_rank": "22",
        "specialist_probability": "0.82232567",
        "specialist_rank": "305",
        "specialist_mean_rank": "281",
        "rank_delta_fusion_to_max": "278",
        "negative_type": "",
        "morphology_proxy": "coastal_promontory_hint",
        "review_lane": "morphology_rescue_review",
        "review_reason": "Weak positive moved upward by max_safety; inspect as morphology-aware training evidence."
      }
    },
    {
      "type": "Feature",
      "geometry": {
        "type": "Point",
        "coordinates": [
          -7.690935175991989,
          42.08279620584452
        ]
      },
      "properties": {
        "queue": "val_morphology_rescues",
        "priority_order": "7",
        "dataset": "val",
        "final_split": "val",
        "sample_id": "wl-pos-pos-es-pba-50561",
        "bank_id": "pos-es-pba-50561",
        "label_class": "1",
        "label_role": "positive",
        "name": "A Cidá/O Castro/O Monte da Cidá",
        "municipality": "Xinzo de Limia",
        "parish": "Morgade (San Tomé)",
        "country": "ES",
        "fusion_probability": "0.68907899",
        "fusion_rank": "351",
        "max_safety_rank": "94",
        "archetype_only_rank": "79",
        "specialist_probability": "0.72504113",
        "specialist_rank": "385",
        "specialist_mean_rank": "354",
        "rank_delta_fusion_to_max": "257",
        "negative_type": "",
        "morphology_proxy": "hilltop_hint",
        "review_lane": "morphology_rescue_review",
        "review_reason": "Weak positive moved upward by max_safety; inspect as morphology-aware training evidence."
      }
    },
    {
      "type": "Feature",
      "geometry": {
        "type": "Point",
        "coordinates": [
          -8.631749241499511,
          42.814394474952714
        ]
      },
      "properties": {
        "queue": "val_morphology_rescues",
        "priority_order": "8",
        "dataset": "val",
        "final_split": "val",
        "sample_id": "wl-pos-pos-es-pba-20614",
        "bank_id": "pos-es-pba-20614",
        "label_class": "1",
        "label_role": "positive",
        "name": "Castro Lupario",
        "municipality": "Rois",
        "parish": "Ribasar (Santa María)",
        "country": "ES",
        "fusion_probability": "0.68807282",
        "fusion_rank": "352",
        "max_safety_rank": "118",
        "archetype_only_rank": "99",
        "specialist_probability": "0.86759159",
        "specialist_rank": "260",
        "specialist_mean_rank": "292",
        "rank_delta_fusion_to_max": "234",
        "negative_type": "",
        "morphology_proxy": "valley_or_river_edge_hint",
        "review_lane": "morphology_rescue_review",
        "review_reason": "Weak positive moved upward by max_safety; inspect as morphology-aware training evidence."
      }
    },
    {
      "type": "Feature",
      "geometry": {
        "type": "Point",
        "coordinates": [
          -8.554475451659577,
          42.493500934507544
        ]
      },
      "properties": {
        "queue": "val_morphology_rescues",
        "priority_order": "9",
        "dataset": "val",
        "final_split": "val",
        "sample_id": "wl-pos-pos-es-pba-63970",
        "bank_id": "pos-es-pba-63970",
        "label_class": "1",
        "label_role": "positive",
        "name": "Castro de Redonde/O Castro",
        "municipality": "Campo Lameiro",
        "parish": "Fragas (Santa Mariña)",
        "country": "ES",
        "fusion_probability": "0.80412157",
        "fusion_rank": "272",
        "max_safety_rank": "59",
        "archetype_only_rank": "55",
        "specialist_probability": "0.97025268",
        "specialist_rank": "138",
        "specialist_mean_rank": "218",
        "rank_delta_fusion_to_max": "213",
        "negative_type": "",
        "morphology_proxy": "generic_castro_hint",
        "review_lane": "morphology_rescue_review",
        "review_reason": "Weak positive moved upward by max_safety; inspect as morphology-aware training evidence."
      }
    },
    {
      "type": "Feature",
      "geometry": {
        "type": "Point",
        "coordinates": [
          -8.389353444232349,
          42.68221876519466
        ]
      },
      "properties": {
        "queue": "val_morphology_rescues",
        "priority_order": "10",
        "dataset": "val",
        "final_split": "val",
        "sample_id": "wl-pos-pos-es-pba-64656",
        "bank_id": "pos-es-pba-64656",
        "label_class": "1",
        "label_role": "positive",
        "name": "Castro da Torre/Castro de Viladafonso/O Castro",
        "municipality": "A Estrada",
        "parish": "Pardemarín (Santa Baia)",
        "country": "ES",
        "fusion_probability": "0.50016880",
        "fusion_rank": "503",
        "max_safety_rank": "298",
        "archetype_only_rank": "228",
        "specialist_probability": "0.78548269",
        "specialist_rank": "334",
        "specialist_mean_rank": "416",
        "rank_delta_fusion_to_max": "205",
        "negative_type": "",
        "morphology_proxy": "generic_castro_hint",
        "review_lane": "morphology_rescue_review",
        "review_reason": "Weak positive moved upward by max_safety; inspect as morphology-aware training evidence."
      }
    },
    {
      "type": "Feature",
      "geometry": {
        "type": "Point",
        "coordinates": [
          -8.875821230854493,
          42.047052408457645
        ]
      },
      "properties": {
        "queue": "val_morphology_rescues",
        "priority_order": "11",
        "dataset": "val",
        "final_split": "val",
        "sample_id": "wl-pos-pos-es-pba-69287",
        "bank_id": "pos-es-pba-69287",
        "label_class": "1",
        "label_role": "positive",
        "name": "Castro das Chans",
        "municipality": "Oia",
        "parish": "Mougás (Santa Uxía)",
        "country": "ES",
        "fusion_probability": "0.72963377",
        "fusion_rank": "325",
        "max_safety_rank": "121",
        "archetype_only_rank": "101",
        "specialist_probability": "0.94723056",
        "specialist_rank": "172",
        "specialist_mean_rank": "248",
        "rank_delta_fusion_to_max": "204",
        "negative_type": "",
        "morphology_proxy": "generic_castro_hint",
        "review_lane": "morphology_rescue_review",
        "review_reason": "Weak positive moved upward by max_safety; inspect as morphology-aware training evidence."
      }
    },
    {
      "type": "Feature",
      "geometry": {
        "type": "Point",
        "coordinates": [
          -8.866182191051914,
          41.99444455984168
        ]
      },
      "properties": {
        "queue": "val_morphology_rescues",
        "priority_order": "12",
        "dataset": "val",
        "final_split": "val",
        "sample_id": "wl-pos-pos-es-pba-69290",
        "bank_id": "pos-es-pba-69290",
        "label_class": "1",
        "label_role": "positive",
        "name": "Castro de Chavella",
        "municipality": "Oia",
        "parish": "Oia (Santa María)",
        "country": "ES",
        "fusion_probability": "0.82104226",
        "fusion_rank": "264",
        "max_safety_rank": "60",
        "archetype_only_rank": "56",
        "specialist_probability": "0.93349339",
        "specialist_rank": "192",
        "specialist_mean_rank": "228",
        "rank_delta_fusion_to_max": "204",
        "negative_type": "",
        "morphology_proxy": "generic_castro_hint",
        "review_lane": "morphology_rescue_review",
        "review_reason": "Weak positive moved upward by max_safety; inspect as morphology-aware training evidence."
      }
    },
    {
      "type": "Feature",
      "geometry": {
        "type": "Point",
        "coordinates": [
          -7.764894636969086,
          42.014380950334164
        ]
      },
      "properties": {
        "queue": "val_morphology_rescues",
        "priority_order": "13",
        "dataset": "val",
        "final_split": "val",
        "sample_id": "wl-pos-pos-es-pba-50768",
        "bank_id": "pos-es-pba-50768",
        "label_class": "1",
        "label_role": "positive",
        "name": "O Castro/A Cidá/Os Netos/O Regueiral",
        "municipality": "Xinzo de Limia",
        "parish": "Mosteiro de Ribeira (Santa María)",
        "country": "ES",
        "fusion_probability": "0.84430822",
        "fusion_rank": "246",
        "max_safety_rank": "56",
        "archetype_only_rank": "52",
        "specialist_probability": "0.96418669",
        "specialist_rank": "144",
        "specialist_mean_rank": "199",
        "rank_delta_fusion_to_max": "190",
        "negative_type": "",
        "morphology_proxy": "generic_castro_hint",
        "review_lane": "morphology_rescue_review",
        "review_reason": "Weak positive moved upward by max_safety; inspect as morphology-aware training evidence."
      }
    },
    {
      "type": "Feature",
      "geometry": {
        "type": "Point",
        "coordinates": [
          -8.536652972635391,
          42.74668291363823
        ]
      },
      "properties": {
        "queue": "val_morphology_rescues",
        "priority_order": "14",
        "dataset": "val",
        "final_split": "val",
        "sample_id": "wl-pos-pos-es-pba-64725",
        "bank_id": "pos-es-pba-64725",
        "label_class": "1",
        "label_role": "positive",
        "name": "Castro de Vila Criste",
        "municipality": "A Estrada",
        "parish": "Cora (San Miguel)",
        "country": "ES",
        "fusion_probability": "0.27115886",
        "fusion_rank": "763",
        "max_safety_rank": "577",
        "archetype_only_rank": "446",
        "specialist_probability": "0.45964074",
        "specialist_rank": "638",
        "specialist_mean_rank": "691",
        "rank_delta_fusion_to_max": "186",
        "negative_type": "",
        "morphology_proxy": "generic_castro_hint",
        "review_lane": "morphology_rescue_review",
        "review_reason": "Weak positive moved upward by max_safety; inspect as morphology-aware training evidence."
      }
    },
    {
      "type": "Feature",
      "geometry": {
        "type": "Point",
        "coordinates": [
          -7.034424673077542,
          43.07493809539006
        ]
      },
      "properties": {
        "queue": "val_morphology_rescues",
        "priority_order": "15",
        "dataset": "val",
        "final_split": "val",
        "sample_id": "wl-pos-pos-es-pba-30719",
        "bank_id": "pos-es-pba-30719",
        "label_class": "1",
        "label_role": "positive",
        "name": "Castro",
        "municipality": "A Fonsagrada",
        "parish": "Vilabol de Suarna (Santa María)",
        "country": "ES",
        "fusion_probability": "0.41543354",
        "fusion_rank": "584",
        "max_safety_rank": "399",
        "archetype_only_rank": "311",
        "specialist_probability": "0.73993968",
        "specialist_rank": "370",
        "specialist_mean_rank": "472",
        "rank_delta_fusion_to_max": "185",
        "negative_type": "",
        "morphology_proxy": "generic_castro_hint",
        "review_lane": "morphology_rescue_review",
        "review_reason": "Weak positive moved upward by max_safety; inspect as morphology-aware training evidence."
      }
    },
    {
      "type": "Feature",
      "geometry": {
        "type": "Point",
        "coordinates": [
          -7.307847458782912,
          43.6103592734137
        ]
      },
      "properties": {
        "queue": "val_morphology_rescues",
        "priority_order": "16",
        "dataset": "val",
        "final_split": "val",
        "sample_id": "wl-pos-pos-es-pba-30964",
        "bank_id": "pos-es-pba-30964",
        "label_class": "1",
        "label_role": "positive",
        "name": "Os Castros",
        "municipality": "Foz",
        "parish": "Nois (San Xiao)",
        "country": "ES",
        "fusion_probability": "0.50493707",
        "fusion_rank": "497",
        "max_safety_rank": "314",
        "archetype_only_rank": "242",
        "specialist_probability": "0.35351076",
        "specialist_rank": "752",
        "specialist_mean_rank": "612",
        "rank_delta_fusion_to_max": "183",
        "negative_type": "",
        "morphology_proxy": "generic_castro_hint",
        "review_lane": "morphology_rescue_review",
        "review_reason": "Weak positive moved upward by max_safety; inspect as morphology-aware training evidence."
      }
    },
    {
      "type": "Feature",
      "geometry": {
        "type": "Point",
        "coordinates": [
          -8.498408357336032,
          42.555050382391805
        ]
      },
      "properties": {
        "queue": "val_morphology_rescues",
        "priority_order": "17",
        "dataset": "val",
        "final_split": "val",
        "sample_id": "wl-pos-pos-es-pba-63859",
        "bank_id": "pos-es-pba-63859",
        "label_class": "1",
        "label_role": "positive",
        "name": "Casa do Castro",
        "municipality": "Campo Lameiro",
        "parish": "Morillas (Santiago)",
        "country": "ES",
        "fusion_probability": "0.03106014",
        "fusion_rank": "1616",
        "max_safety_rank": "1437",
        "archetype_only_rank": "1142",
        "specialist_probability": "0.08602808",
        "specialist_rank": "1449",
        "specialist_mean_rank": "1536",
        "rank_delta_fusion_to_max": "179",
        "negative_type": "",
        "morphology_proxy": "generic_castro_hint",
        "review_lane": "morphology_rescue_review",
        "review_reason": "Weak positive moved upward by max_safety; inspect as morphology-aware training evidence."
      }
    },
    {
      "type": "Feature",
      "geometry": {
        "type": "Point",
        "coordinates": [
          -8.885609255227415,
          42.05949091742457
        ]
      },
      "properties": {
        "queue": "val_morphology_rescues",
        "priority_order": "18",
        "dataset": "val",
        "final_split": "val",
        "sample_id": "wl-pos-pos-es-pba-69289",
        "bank_id": "pos-es-pba-69289",
        "label_class": "1",
        "label_role": "positive",
        "name": "Castro de Castelo Fariña",
        "municipality": "Oia",
        "parish": "Mougás (Santa Uxía)",
        "country": "ES",
        "fusion_probability": "0.82289576",
        "fusion_rank": "261",
        "max_safety_rank": "84",
        "archetype_only_rank": "72",
        "specialist_probability": "0.99361843",
        "specialist_rank": "70",
        "specialist_mean_rank": "194",
        "rank_delta_fusion_to_max": "177",
        "negative_type": "",
        "morphology_proxy": "generic_castro_hint",
        "review_lane": "morphology_rescue_review",
        "review_reason": "Weak positive moved upward by max_safety; inspect as morphology-aware training evidence."
      }
    },
    {
      "type": "Feature",
      "geometry": {
        "type": "Point",
        "coordinates": [
          -7.106022830583882,
          42.20017242988406
        ]
      },
      "properties": {
        "queue": "val_morphology_rescues",
        "priority_order": "19",
        "dataset": "val",
        "final_split": "val",
        "sample_id": "wl-pos-pos-es-pba-58799",
        "bank_id": "pos-es-pba-58799",
        "label_class": "1",
        "label_role": "positive",
        "name": "Castro do Castelo dos Mouros",
        "municipality": "Viana do Bolo",
        "parish": "Mourisca (Santa María)",
        "country": "ES",
        "fusion_probability": "0.82417299",
        "fusion_rank": "260",
        "max_safety_rank": "88",
        "archetype_only_rank": "76",
        "specialist_probability": "0.96955255",
        "specialist_rank": "139",
        "specialist_mean_rank": "206",
        "rank_delta_fusion_to_max": "172",
        "negative_type": "",
        "morphology_proxy": "generic_castro_hint",
        "review_lane": "morphology_rescue_review",
        "review_reason": "Weak positive moved upward by max_safety; inspect as morphology-aware training evidence."
      }
    },
    {
      "type": "Feature",
      "geometry": {
        "type": "Point",
        "coordinates": [
          -8.351954943381893,
          42.86311355817577
        ]
      },
      "properties": {
        "queue": "val_morphology_rescues",
        "priority_order": "20",
        "dataset": "val",
        "final_split": "val",
        "sample_id": "wl-pos-pos-es-pba-25039",
        "bank_id": "pos-es-pba-25039",
        "label_class": "1",
        "label_role": "positive",
        "name": "Castro de San Sebastián",
        "municipality": "Touro",
        "parish": "Fontes Rosas (San Xoán)",
        "country": "ES",
        "fusion_probability": "0.72488623",
        "fusion_rank": "329",
        "max_safety_rank": "161",
        "archetype_only_rank": "123",
        "specialist_probability": "0.80611091",
        "specialist_rank": "315",
        "specialist_mean_rank": "301",
        "rank_delta_fusion_to_max": "168",
        "negative_type": "",
        "morphology_proxy": "generic_castro_hint",
        "review_lane": "morphology_rescue_review",
        "review_reason": "Weak positive moved upward by max_safety; inspect as morphology-aware training evidence."
      }
    },
    {
      "type": "Feature",
      "geometry": {
        "type": "Point",
        "coordinates": [
          -8.520066752923546,
          42.57932018890629
        ]
      },
      "properties": {
        "queue": "val_morphology_rescues",
        "priority_order": "21",
        "dataset": "val",
        "final_split": "val",
        "sample_id": "wl-pos-pos-es-pba-63968",
        "bank_id": "pos-es-pba-63968",
        "label_class": "1",
        "label_role": "positive",
        "name": "Castro de Orto",
        "municipality": "Campo Lameiro",
        "parish": "O Couso (San Cristovo)",
        "country": "ES",
        "fusion_probability": "0.37731892",
        "fusion_rank": "629",
        "max_safety_rank": "467",
        "archetype_only_rank": "354",
        "specialist_probability": "0.75288518",
        "specialist_rank": "361",
        "specialist_mean_rank": "488",
        "rank_delta_fusion_to_max": "162",
        "negative_type": "",
        "morphology_proxy": "generic_castro_hint",
        "review_lane": "morphology_rescue_review",
        "review_reason": "Weak positive moved upward by max_safety; inspect as morphology-aware training evidence."
      }
    },
    {
      "type": "Feature",
      "geometry": {
        "type": "Point",
        "coordinates": [
          -7.060991404381003,
          42.149244085730636
        ]
      },
      "properties": {
        "queue": "val_morphology_rescues",
        "priority_order": "22",
        "dataset": "val",
        "final_split": "val",
        "sample_id": "wl-pos-pos-es-pba-58800",
        "bank_id": "pos-es-pba-58800",
        "label_class": "1",
        "label_role": "positive",
        "name": "Castro do Castillo",
        "municipality": "Viana do Bolo",
        "parish": "Rubiais (San Cibrao)",
        "country": "ES",
        "fusion_probability": "0.86056269",
        "fusion_rank": "234",
        "max_safety_rank": "78",
        "archetype_only_rank": "65",
        "specialist_probability": "0.97064503",
        "specialist_rank": "136",
        "specialist_mean_rank": "185",
        "rank_delta_fusion_to_max": "156",
        "negative_type": "",
        "morphology_proxy": "generic_castro_hint",
        "review_lane": "morphology_rescue_review",
        "review_reason": "Weak positive moved upward by max_safety; inspect as morphology-aware training evidence."
      }
    },
    {
      "type": "Feature",
      "geometry": {
        "type": "Point",
        "coordinates": [
          -7.0864525905312,
          43.06918331358694
        ]
      },
      "properties": {
        "queue": "val_morphology_rescues",
        "priority_order": "23",
        "dataset": "val",
        "final_split": "val",
        "sample_id": "wl-pos-pos-es-pba-29140",
        "bank_id": "pos-es-pba-29140",
        "label_class": "1",
        "label_role": "positive",
        "name": "A Croa/Os Castros",
        "municipality": "A Fonsagrada",
        "parish": "Lamas de Moreira (Santa María)",
        "country": "ES",
        "fusion_probability": "0.80765218",
        "fusion_rank": "269",
        "max_safety_rank": "117",
        "archetype_only_rank": "97",
        "specialist_probability": "0.97984274",
        "specialist_rank": "114",
        "specialist_mean_rank": "210",
        "rank_delta_fusion_to_max": "152",
        "negative_type": "",
        "morphology_proxy": "croa_top_ring_hint",
        "review_lane": "morphology_rescue_review",
        "review_reason": "Weak positive moved upward by max_safety; inspect as morphology-aware training evidence."
      }
    },
    {
      "type": "Feature",
      "geometry": {
        "type": "Point",
        "coordinates": [
          -7.125881702664306,
          43.022003717529316
        ]
      },
      "properties": {
        "queue": "val_morphology_rescues",
        "priority_order": "24",
        "dataset": "val",
        "final_split": "val",
        "sample_id": "wl-pos-pos-es-pba-29137",
        "bank_id": "pos-es-pba-29137",
        "label_class": "1",
        "label_role": "positive",
        "name": "A Croa de Aguiar",
        "municipality": "A Fonsagrada",
        "parish": "San Pedro de Río (San Pedro)",
        "country": "ES",
        "fusion_probability": "0.90977674",
        "fusion_rank": "198",
        "max_safety_rank": "51",
        "archetype_only_rank": "48",
        "specialist_probability": "0.93057515",
        "specialist_rank": "198",
        "specialist_mean_rank": "174",
        "rank_delta_fusion_to_max": "147",
        "negative_type": "",
        "morphology_proxy": "croa_top_ring_hint",
        "review_lane": "morphology_rescue_review",
        "review_reason": "Weak positive moved upward by max_safety; inspect as morphology-aware training evidence."
      }
    },
    {
      "type": "Feature",
      "geometry": {
        "type": "Point",
        "coordinates": [
          -7.918693871277133,
          42.08188050280809
        ]
      },
      "properties": {
        "queue": "val_morphology_rescues",
        "priority_order": "25",
        "dataset": "val",
        "final_split": "val",
        "sample_id": "wl-pos-pos-es-pba-59360",
        "bank_id": "pos-es-pba-59360",
        "label_class": "1",
        "label_role": "positive",
        "name": "Castro do Outeiro",
        "municipality": "Verea",
        "parish": "Sanguñedo (San Salvador)",
        "country": "ES",
        "fusion_probability": "0.61577577",
        "fusion_rank": "404",
        "max_safety_rank": "258",
        "archetype_only_rank": "197",
        "specialist_probability": "0.84270765",
        "specialist_rank": "279",
        "specialist_mean_rank": "337",
        "rank_delta_fusion_to_max": "146",
        "negative_type": "",
        "morphology_proxy": "hilltop_hint",
        "review_lane": "morphology_rescue_review",
        "review_reason": "Weak positive moved upward by max_safety; inspect as morphology-aware training evidence."
      }
    },
    {
      "type": "Feature",
      "geometry": {
        "type": "Point",
        "coordinates": [
          -7.266125604799842,
          43.58182272503391
        ]
      },
      "properties": {
        "queue": "val_morphology_rescues",
        "priority_order": "26",
        "dataset": "val",
        "final_split": "val",
        "sample_id": "wl-pos-pos-es-pba-31001",
        "bank_id": "pos-es-pba-31001",
        "label_class": "1",
        "label_role": "positive",
        "name": "Punta dos Bois/Castro de Llas/Cu do Castro",
        "municipality": "Foz",
        "parish": "Foz (Santiago)",
        "country": "ES",
        "fusion_probability": "0.84327319",
        "fusion_rank": "247",
        "max_safety_rank": "101",
        "archetype_only_rank": "85",
        "specialist_probability": "0.79799359",
        "specialist_rank": "323",
        "specialist_mean_rank": "259",
        "rank_delta_fusion_to_max": "146",
        "negative_type": "",
        "morphology_proxy": "coastal_promontory_hint",
        "review_lane": "morphology_rescue_review",
        "review_reason": "Weak positive moved upward by max_safety; inspect as morphology-aware training evidence."
      }
    },
    {
      "type": "Feature",
      "geometry": {
        "type": "Point",
        "coordinates": [
          -7.1105458404691495,
          42.21407681932817
        ]
      },
      "properties": {
        "queue": "val_morphology_rescues",
        "priority_order": "27",
        "dataset": "val",
        "final_split": "val",
        "sample_id": "wl-pos-pos-es-pba-58770",
        "bank_id": "pos-es-pba-58770",
        "label_class": "1",
        "label_role": "positive",
        "name": "Castro do Castelo",
        "municipality": "Viana do Bolo",
        "parish": "Covelo (San Lourenzo)",
        "country": "ES",
        "fusion_probability": "0.57573968",
        "fusion_rank": "432",
        "max_safety_rank": "287",
        "archetype_only_rank": "216",
        "specialist_probability": "0.67004517",
        "specialist_rank": "441",
        "specialist_mean_rank": "434",
        "rank_delta_fusion_to_max": "145",
        "negative_type": "",
        "morphology_proxy": "generic_castro_hint",
        "review_lane": "morphology_rescue_review",
        "review_reason": "Weak positive moved upward by max_safety; inspect as morphology-aware training evidence."
      }
    },
    {
      "type": "Feature",
      "geometry": {
        "type": "Point",
        "coordinates": [
          -8.552553449091684,
          42.54272463371982
        ]
      },
      "properties": {
        "queue": "val_morphology_rescues",
        "priority_order": "28",
        "dataset": "val",
        "final_split": "val",
        "sample_id": "wl-pos-pos-es-pba-63972",
        "bank_id": "pos-es-pba-63972",
        "label_class": "1",
        "label_role": "positive",
        "name": "Castro do Coto de Penalba",
        "municipality": "Campo Lameiro",
        "parish": "O Campo (San Miguel)",
        "country": "ES",
        "fusion_probability": "0.84611141",
        "fusion_rank": "244",
        "max_safety_rank": "103",
        "archetype_only_rank": "87",
        "specialist_probability": "0.94813818",
        "specialist_rank": "171",
        "specialist_mean_rank": "205",
        "rank_delta_fusion_to_max": "141",
        "negative_type": "",
        "morphology_proxy": "hilltop_hint",
        "review_lane": "morphology_rescue_review",
        "review_reason": "Weak positive moved upward by max_safety; inspect as morphology-aware training evidence."
      }
    },
    {
      "type": "Feature",
      "geometry": {
        "type": "Point",
        "coordinates": [
          -8.130357357032018,
          42.32512330754117
        ]
      },
      "properties": {
        "queue": "val_morphology_rescues",
        "priority_order": "29",
        "dataset": "val",
        "final_split": "val",
        "sample_id": "wl-pos-pos-es-pba-46139",
        "bank_id": "pos-es-pba-46139",
        "label_class": "1",
        "label_role": "positive",
        "name": "O Castro/A Mourisca/Xacemento do Castro de Beade",
        "municipality": "Beade",
        "parish": "Beade (Santa María)",
        "country": "ES",
        "fusion_probability": "0.39042670",
        "fusion_rank": "612",
        "max_safety_rank": "474",
        "archetype_only_rank": "359",
        "specialist_probability": "0.50110759",
        "specialist_rank": "590",
        "specialist_mean_rank": "589",
        "rank_delta_fusion_to_max": "138",
        "negative_type": "",
        "morphology_proxy": "generic_castro_hint",
        "review_lane": "morphology_rescue_review",
        "review_reason": "Weak positive moved upward by max_safety; inspect as morphology-aware training evidence."
      }
    },
    {
      "type": "Feature",
      "geometry": {
        "type": "Point",
        "coordinates": [
          -7.073537835454599,
          42.1504903481179
        ]
      },
      "properties": {
        "queue": "val_morphology_rescues",
        "priority_order": "30",
        "dataset": "val",
        "final_split": "val",
        "sample_id": "wl-pos-pos-es-pba-58769",
        "bank_id": "pos-es-pba-58769",
        "label_class": "1",
        "label_role": "positive",
        "name": "Castro do Castelo",
        "municipality": "Viana do Bolo",
        "parish": "Quintela de Umoso (Padre Eterno)",
        "country": "ES",
        "fusion_probability": "0.84578302",
        "fusion_rank": "245",
        "max_safety_rank": "108",
        "archetype_only_rank": "92",
        "specialist_probability": "0.89399574",
        "specialist_rank": "235",
        "specialist_mean_rank": "233",
        "rank_delta_fusion_to_max": "137",
        "negative_type": "",
        "morphology_proxy": "generic_castro_hint",
        "review_lane": "morphology_rescue_review",
        "review_reason": "Weak positive moved upward by max_safety; inspect as morphology-aware training evidence."
      }
    },
    {
      "type": "Feature",
      "geometry": {
        "type": "Point",
        "coordinates": [
          -7.654286180651478,
          41.986971232931566
        ]
      },
      "properties": {
        "queue": "val_morphology_rescues",
        "priority_order": "31",
        "dataset": "val",
        "final_split": "val",
        "sample_id": "wl-pos-pos-es-pba-50890",
        "bank_id": "pos-es-pba-50890",
        "label_class": "1",
        "label_role": "positive",
        "name": "Castro de Novás",
        "municipality": "Xinzo de Limia",
        "parish": "Novás (San Nicolao)",
        "country": "ES",
        "fusion_probability": "0.65744879",
        "fusion_rank": "376",
        "max_safety_rank": "240",
        "archetype_only_rank": "185",
        "specialist_probability": "0.91431977",
        "specialist_rank": "210",
        "specialist_mean_rank": "285",
        "rank_delta_fusion_to_max": "136",
        "negative_type": "",
        "morphology_proxy": "generic_castro_hint",
        "review_lane": "morphology_rescue_review",
        "review_reason": "Weak positive moved upward by max_safety; inspect as morphology-aware training evidence."
      }
    },
    {
      "type": "Feature",
      "geometry": {
        "type": "Point",
        "coordinates": [
          -7.193713469296093,
          43.561334246470715
        ]
      },
      "properties": {
        "queue": "val_morphology_rescues",
        "priority_order": "32",
        "dataset": "val",
        "final_split": "val",
        "sample_id": "wl-pos-pos-es-pba-28584",
        "bank_id": "pos-es-pba-28584",
        "label_class": "1",
        "label_role": "positive",
        "name": "Castro da Roda",
        "municipality": "Barreiros",
        "parish": "San Pedro de Benquerencia (San Pedro)",
        "country": "ES",
        "fusion_probability": "0.63934041",
        "fusion_rank": "388",
        "max_safety_rank": "253",
        "archetype_only_rank": "193",
        "specialist_probability": "0.51897778",
        "specialist_rank": "572",
        "specialist_mean_rank": "469",
        "rank_delta_fusion_to_max": "135",
        "negative_type": "",
        "morphology_proxy": "generic_castro_hint",
        "review_lane": "morphology_rescue_review",
        "review_reason": "Weak positive moved upward by max_safety; inspect as morphology-aware training evidence."
      }
    },
    {
      "type": "Feature",
      "geometry": {
        "type": "Point",
        "coordinates": [
          -7.151597338111722,
          42.24090970056
        ]
      },
      "properties": {
        "queue": "val_morphology_rescues",
        "priority_order": "33",
        "dataset": "val",
        "final_split": "val",
        "sample_id": "wl-pos-pos-es-pba-47495",
        "bank_id": "pos-es-pba-47495",
        "label_class": "1",
        "label_role": "positive",
        "name": "Castro de Rañalobos",
        "municipality": "O Bolo",
        "parish": "Buxán (Santa María)",
        "country": "ES",
        "fusion_probability": "0.92744759",
        "fusion_rank": "182",
        "max_safety_rank": "47",
        "archetype_only_rank": "46",
        "specialist_probability": "0.98671054",
        "specialist_rank": "95",
        "specialist_mean_rank": "130",
        "rank_delta_fusion_to_max": "135",
        "negative_type": "",
        "morphology_proxy": "generic_castro_hint",
        "review_lane": "morphology_rescue_review",
        "review_reason": "Weak positive moved upward by max_safety; inspect as morphology-aware training evidence."
      }
    },
    {
      "type": "Feature",
      "geometry": {
        "type": "Point",
        "coordinates": [
          -8.674319349813626,
          42.734636908986175
        ]
      },
      "properties": {
        "queue": "val_morphology_rescues",
        "priority_order": "34",
        "dataset": "val",
        "final_split": "val",
        "sample_id": "wl-pos-pos-es-pba-9494",
        "bank_id": "pos-es-pba-9494",
        "label_class": "1",
        "label_role": "positive",
        "name": "Castro de Lestrobe",
        "municipality": "Dodro",
        "parish": "Dodro (Santa María)",
        "country": "ES",
        "fusion_probability": "0.44613383",
        "fusion_rank": "562",
        "max_safety_rank": "428",
        "archetype_only_rank": "327",
        "specialist_probability": "0.59519392",
        "specialist_rank": "499",
        "specialist_mean_rank": "519",
        "rank_delta_fusion_to_max": "134",
        "negative_type": "",
        "morphology_proxy": "generic_castro_hint",
        "review_lane": "morphology_rescue_review",
        "review_reason": "Weak positive moved upward by max_safety; inspect as morphology-aware training evidence."
      }
    },
    {
      "type": "Feature",
      "geometry": {
        "type": "Point",
        "coordinates": [
          -7.70690372429757,
          43.53541670805242
        ]
      },
      "properties": {
        "queue": "val_morphology_rescues",
        "priority_order": "35",
        "dataset": "val",
        "final_split": "val",
        "sample_id": "wl-pos-pos-es-pba-35729",
        "bank_id": "pos-es-pba-35729",
        "label_class": "1",
        "label_role": "positive",
        "name": "Castro do Carrusco",
        "municipality": "Ourol",
        "parish": "O Sisto (Santa María)",
        "country": "ES",
        "fusion_probability": "0.91307662",
        "fusion_rank": "197",
        "max_safety_rank": "64",
        "archetype_only_rank": "59",
        "specialist_probability": "0.99386136",
        "specialist_rank": "66",
        "specialist_mean_rank": "141",
        "rank_delta_fusion_to_max": "133",
        "negative_type": "",
        "morphology_proxy": "generic_castro_hint",
        "review_lane": "morphology_rescue_review",
        "review_reason": "Weak positive moved upward by max_safety; inspect as morphology-aware training evidence."
      }
    },
    {
      "type": "Feature",
      "geometry": {
        "type": "Point",
        "coordinates": [
          -8.756974959926215,
          42.477641071230416
        ]
      },
      "properties": {
        "queue": "val_morphology_rescues",
        "priority_order": "36",
        "dataset": "val",
        "final_split": "val",
        "sample_id": "wl-pos-pos-es-pba-66586",
        "bank_id": "pos-es-pba-66586",
        "label_class": "1",
        "label_role": "positive",
        "name": "Castro de Gondes",
        "municipality": "Meis",
        "parish": "A Armenteira (Santa María)",
        "country": "ES",
        "fusion_probability": "0.74079957",
        "fusion_rank": "315",
        "max_safety_rank": "185",
        "archetype_only_rank": "136",
        "specialist_probability": "0.78015010",
        "specialist_rank": "339",
        "specialist_mean_rank": "304",
        "rank_delta_fusion_to_max": "130",
        "negative_type": "",
        "morphology_proxy": "generic_castro_hint",
        "review_lane": "morphology_rescue_review",
        "review_reason": "Weak positive moved upward by max_safety; inspect as morphology-aware training evidence."
      }
    },
    {
      "type": "Feature",
      "geometry": {
        "type": "Point",
        "coordinates": [
          -7.1398942217230665,
          43.44761649145048
        ]
      },
      "properties": {
        "queue": "val_morphology_rescues",
        "priority_order": "37",
        "dataset": "val",
        "final_split": "val",
        "sample_id": "wl-pos-pos-es-pba-41057",
        "bank_id": "pos-es-pba-41057",
        "label_class": "1",
        "label_role": "positive",
        "name": "Castro de Sante",
        "municipality": "Trabada",
        "parish": "Sante (San Xiao)",
        "country": "ES",
        "fusion_probability": "0.57015009",
        "fusion_rank": "436",
        "max_safety_rank": "306",
        "archetype_only_rank": "236",
        "specialist_probability": "0.60362863",
        "specialist_rank": "488",
        "specialist_mean_rank": "464",
        "rank_delta_fusion_to_max": "130",
        "negative_type": "",
        "morphology_proxy": "generic_castro_hint",
        "review_lane": "morphology_rescue_review",
        "review_reason": "Weak positive moved upward by max_safety; inspect as morphology-aware training evidence."
      }
    },
    {
      "type": "Feature",
      "geometry": {
        "type": "Point",
        "coordinates": [
          -7.726249851194351,
          42.27580093518248
        ]
      },
      "properties": {
        "queue": "val_morphology_rescues",
        "priority_order": "38",
        "dataset": "val",
        "final_split": "val",
        "sample_id": "wl-pos-pos-es-pba-54469",
        "bank_id": "pos-es-pba-54469",
        "label_class": "1",
        "label_role": "positive",
        "name": "Castro de Figueiroa",
        "municipality": "Paderne de Allariz",
        "parish": "Figueiroá (San Xillao)",
        "country": "ES",
        "fusion_probability": "0.82262036",
        "fusion_rank": "263",
        "max_safety_rank": "138",
        "archetype_only_rank": "111",
        "specialist_probability": "0.94532427",
        "specialist_rank": "177",
        "specialist_mean_rank": "223",
        "rank_delta_fusion_to_max": "125",
        "negative_type": "",
        "morphology_proxy": "generic_castro_hint",
        "review_lane": "morphology_rescue_review",
        "review_reason": "Weak positive moved upward by max_safety; inspect as morphology-aware training evidence."
      }
    },
    {
      "type": "Feature",
      "geometry": {
        "type": "Point",
        "coordinates": [
          -7.0662139779726845,
          42.217181531255015
        ]
      },
      "properties": {
        "queue": "val_morphology_rescues",
        "priority_order": "39",
        "dataset": "val",
        "final_split": "val",
        "sample_id": "wl-pos-pos-es-pba-58802",
        "bank_id": "pos-es-pba-58802",
        "label_class": "1",
        "label_role": "positive",
        "name": "Castro do Coto",
        "municipality": "Viana do Bolo",
        "parish": "Tabazoa de Hedroso (Santa María)",
        "country": "ES",
        "fusion_probability": "0.58207368",
        "fusion_rank": "427",
        "max_safety_rank": "302",
        "archetype_only_rank": "233",
        "specialist_probability": "0.71930859",
        "specialist_rank": "393",
        "specialist_mean_rank": "412",
        "rank_delta_fusion_to_max": "125",
        "negative_type": "",
        "morphology_proxy": "hilltop_hint",
        "review_lane": "morphology_rescue_review",
        "review_reason": "Weak positive moved upward by max_safety; inspect as morphology-aware training evidence."
      }
    },
    {
      "type": "Feature",
      "geometry": {
        "type": "Point",
        "coordinates": [
          -7.015414525821192,
          43.13988676353711
        ]
      },
      "properties": {
        "queue": "val_morphology_rescues",
        "priority_order": "40",
        "dataset": "val",
        "final_split": "val",
        "sample_id": "wl-pos-pos-es-pba-30789",
        "bank_id": "pos-es-pba-30789",
        "label_class": "1",
        "label_role": "positive",
        "name": "Castro de Vilarín de Arriba",
        "municipality": "A Fonsagrada",
        "parish": "San Martín de Suarna (San Martín)",
        "country": "ES",
        "fusion_probability": "0.94083553",
        "fusion_rank": "157",
        "max_safety_rank": "34",
        "archetype_only_rank": "33",
        "specialist_probability": "0.97259581",
        "specialist_rank": "132",
        "specialist_mean_rank": "131",
        "rank_delta_fusion_to_max": "123",
        "negative_type": "",
        "morphology_proxy": "generic_castro_hint",
        "review_lane": "morphology_rescue_review",
        "review_reason": "Weak positive moved upward by max_safety; inspect as morphology-aware training evidence."
      }
    },
    {
      "type": "Feature",
      "geometry": {
        "type": "Point",
        "coordinates": [
          -7.202031945388303,
          43.56144384275869
        ]
      },
      "properties": {
        "queue": "val_morphology_rescues",
        "priority_order": "41",
        "dataset": "val",
        "final_split": "val",
        "sample_id": "wl-pos-pos-es-pba-28585",
        "bank_id": "pos-es-pba-28585",
        "label_class": "1",
        "label_role": "positive",
        "name": "Castro de Punta de San Pedro",
        "municipality": "Barreiros",
        "parish": "San Pedro de Benquerencia (San Pedro)",
        "country": "ES",
        "fusion_probability": "0.32294934",
        "fusion_rank": "680",
        "max_safety_rank": "558",
        "archetype_only_rank": "427",
        "specialist_probability": "0.40265982",
        "specialist_rank": "699",
        "specialist_mean_rank": "695",
        "rank_delta_fusion_to_max": "122",
        "negative_type": "",
        "morphology_proxy": "coastal_promontory_hint",
        "review_lane": "morphology_rescue_review",
        "review_reason": "Weak positive moved upward by max_safety; inspect as morphology-aware training evidence."
      }
    },
    {
      "type": "Feature",
      "geometry": {
        "type": "Point",
        "coordinates": [
          -8.536542386612906,
          42.121354972557874
        ]
      },
      "properties": {
        "queue": "val_morphology_rescues",
        "priority_order": "42",
        "dataset": "val",
        "final_split": "val",
        "sample_id": "wl-pos-pos-es-pba-70809",
        "bank_id": "pos-es-pba-70809",
        "label_class": "1",
        "label_role": "positive",
        "name": "Castro do Monte Abeiró",
        "municipality": "Salceda de Caselas",
        "parish": "Santa María de Salceda (Santa María)",
        "country": "ES",
        "fusion_probability": "0.90352191",
        "fusion_rank": "201",
        "max_safety_rank": "83",
        "archetype_only_rank": "71",
        "specialist_probability": "0.98694555",
        "specialist_rank": "94",
        "specialist_mean_rank": "159",
        "rank_delta_fusion_to_max": "118",
        "negative_type": "",
        "morphology_proxy": "hilltop_hint",
        "review_lane": "morphology_rescue_review",
        "review_reason": "Weak positive moved upward by max_safety; inspect as morphology-aware training evidence."
      }
    },
    {
      "type": "Feature",
      "geometry": {
        "type": "Point",
        "coordinates": [
          -8.750383933374424,
          42.700098938817575
        ]
      },
      "properties": {
        "queue": "val_morphology_rescues",
        "priority_order": "43",
        "dataset": "val",
        "final_split": "val",
        "sample_id": "wl-pos-pos-es-pba-9492",
        "bank_id": "pos-es-pba-9492",
        "label_class": "1",
        "label_role": "positive",
        "name": "Castro de Bexo",
        "municipality": "Dodro",
        "parish": "San Xoán de Laíño (San Xoán)",
        "country": "ES",
        "fusion_probability": "0.74743147",
        "fusion_rank": "309",
        "max_safety_rank": "193",
        "archetype_only_rank": "142",
        "specialist_probability": "0.72066771",
        "specialist_rank": "389",
        "specialist_mean_rank": "334",
        "rank_delta_fusion_to_max": "116",
        "negative_type": "",
        "morphology_proxy": "generic_castro_hint",
        "review_lane": "morphology_rescue_review",
        "review_reason": "Weak positive moved upward by max_safety; inspect as morphology-aware training evidence."
      }
    },
    {
      "type": "Feature",
      "geometry": {
        "type": "Point",
        "coordinates": [
          -8.208733854064741,
          43.45940513929263
        ]
      },
      "properties": {
        "queue": "val_morphology_rescues",
        "priority_order": "44",
        "dataset": "val",
        "final_split": "val",
        "sample_id": "wl-pos-pos-es-pba-13820",
        "bank_id": "pos-es-pba-13820",
        "label_class": "1",
        "label_role": "positive",
        "name": "Castro das Escadas",
        "municipality": "Mugardos",
        "parish": "Franza (Santiago)",
        "country": "ES",
        "fusion_probability": "0.80431767",
        "fusion_rank": "271",
        "max_safety_rank": "156",
        "archetype_only_rank": "121",
        "specialist_probability": "0.71074349",
        "specialist_rank": "402",
        "specialist_mean_rank": "308",
        "rank_delta_fusion_to_max": "115",
        "negative_type": "",
        "morphology_proxy": "generic_castro_hint",
        "review_lane": "morphology_rescue_review",
        "review_reason": "Weak positive moved upward by max_safety; inspect as morphology-aware training evidence."
      }
    },
    {
      "type": "Feature",
      "geometry": {
        "type": "Point",
        "coordinates": [
          -8.003847766884505,
          42.10832016898525
        ]
      },
      "properties": {
        "queue": "val_morphology_rescues",
        "priority_order": "45",
        "dataset": "val",
        "final_split": "val",
        "sample_id": "wl-pos-pos-es-pba-59358",
        "bank_id": "pos-es-pba-59358",
        "label_class": "1",
        "label_role": "positive",
        "name": "Castro de Cexo",
        "municipality": "Verea",
        "parish": "Santa María de Cexo (Santa María)",
        "country": "ES",
        "fusion_probability": "0.84624853",
        "fusion_rank": "243",
        "max_safety_rank": "132",
        "archetype_only_rank": "109",
        "specialist_probability": "0.97926869",
        "specialist_rank": "117",
        "specialist_mean_rank": "188",
        "rank_delta_fusion_to_max": "111",
        "negative_type": "",
        "morphology_proxy": "generic_castro_hint",
        "review_lane": "morphology_rescue_review",
        "review_reason": "Weak positive moved upward by max_safety; inspect as morphology-aware training evidence."
      }
    },
    {
      "type": "Feature",
      "geometry": {
        "type": "Point",
        "coordinates": [
          -7.692917791546801,
          43.71219704046882
        ]
      },
      "properties": {
        "queue": "val_morphology_rescues",
        "priority_order": "46",
        "dataset": "val",
        "final_split": "val",
        "sample_id": "wl-pos-pos-es-pba-42988",
        "bank_id": "pos-es-pba-42988",
        "label_class": "1",
        "label_role": "positive",
        "name": "Castro da Insua",
        "municipality": "O Vicedo",
        "parish": "San Miguel de Negradas (San Miguel)",
        "country": "ES",
        "fusion_probability": "0.96398300",
        "fusion_rank": "121",
        "max_safety_rank": "13",
        "archetype_only_rank": "13",
        "specialist_probability": "0.93946653",
        "specialist_rank": "185",
        "specialist_mean_rank": "149",
        "rank_delta_fusion_to_max": "108",
        "negative_type": "",
        "morphology_proxy": "generic_castro_hint",
        "review_lane": "morphology_rescue_review",
        "review_reason": "Weak positive moved upward by max_safety; inspect as morphology-aware training evidence."
      }
    },
    {
      "type": "Feature",
      "geometry": {
        "type": "Point",
        "coordinates": [
          -8.47758745015811,
          42.526601393825565
        ]
      },
      "properties": {
        "queue": "val_morphology_rescues",
        "priority_order": "47",
        "dataset": "val",
        "final_split": "val",
        "sample_id": "wl-pos-pos-es-pba-63971",
        "bank_id": "pos-es-pba-63971",
        "label_class": "1",
        "label_role": "positive",
        "name": "Castro de San Isidro/Coto do Castro",
        "municipality": "Campo Lameiro",
        "parish": "Montes (San Isidro)",
        "country": "ES",
        "fusion_probability": "0.79963317",
        "fusion_rank": "275",
        "max_safety_rank": "168",
        "archetype_only_rank": "128",
        "specialist_probability": "0.94362773",
        "specialist_rank": "179",
        "specialist_mean_rank": "231",
        "rank_delta_fusion_to_max": "107",
        "negative_type": "",
        "morphology_proxy": "hilltop_hint",
        "review_lane": "morphology_rescue_review",
        "review_reason": "Weak positive moved upward by max_safety; inspect as morphology-aware training evidence."
      }
    },
    {
      "type": "Feature",
      "geometry": {
        "type": "Point",
        "coordinates": [
          -8.700718705561322,
          42.50856477021922
        ]
      },
      "properties": {
        "queue": "val_morphology_rescues",
        "priority_order": "48",
        "dataset": "val",
        "final_split": "val",
        "sample_id": "wl-pos-pos-es-pba-66779",
        "bank_id": "pos-es-pba-66779",
        "label_class": "1",
        "label_role": "positive",
        "name": "Monte do Castro de Arcos",
        "municipality": "Meis",
        "parish": "San Tomé de Nogueira (San Tom‚)",
        "country": "ES",
        "fusion_probability": "0.47502046",
        "fusion_rank": "524",
        "max_safety_rank": "417",
        "archetype_only_rank": "318",
        "specialist_probability": "0.80570981",
        "specialist_rank": "316",
        "specialist_mean_rank": "419",
        "rank_delta_fusion_to_max": "107",
        "negative_type": "",
        "morphology_proxy": "hilltop_hint",
        "review_lane": "morphology_rescue_review",
        "review_reason": "Weak positive moved upward by max_safety; inspect as morphology-aware training evidence."
      }
    },
    {
      "type": "Feature",
      "geometry": {
        "type": "Point",
        "coordinates": [
          -7.183923258509097,
          43.13233413807998
        ]
      },
      "properties": {
        "queue": "val_morphology_rescues",
        "priority_order": "49",
        "dataset": "val",
        "final_split": "val",
        "sample_id": "wl-pos-pos-es-pba-31189",
        "bank_id": "pos-es-pba-31189",
        "label_class": "1",
        "label_role": "positive",
        "name": "Pico do Castro/O Tesouro",
        "municipality": "A Fonsagrada",
        "parish": "Piñeira (Santa María)",
        "country": "ES",
        "fusion_probability": "0.93239203",
        "fusion_rank": "169",
        "max_safety_rank": "62",
        "archetype_only_rank": "58",
        "specialist_probability": "0.97874573",
        "specialist_rank": "120",
        "specialist_mean_rank": "135",
        "rank_delta_fusion_to_max": "107",
        "negative_type": "",
        "morphology_proxy": "hilltop_hint",
        "review_lane": "morphology_rescue_review",
        "review_reason": "Weak positive moved upward by max_safety; inspect as morphology-aware training evidence."
      }
    },
    {
      "type": "Feature",
      "geometry": {
        "type": "Point",
        "coordinates": [
          -8.878818705541855,
          42.469738205905834
        ]
      },
      "properties": {
        "queue": "val_morphology_rescues",
        "priority_order": "50",
        "dataset": "val",
        "final_split": "val",
        "sample_id": "wl-pos-pos-es-pba-65752",
        "bank_id": "pos-es-pba-65752",
        "label_class": "1",
        "label_role": "positive",
        "name": "Castro do Monte da Siradella",
        "municipality": "O Grove",
        "parish": "San Vicente do Grove (San Vicente)",
        "country": "ES",
        "fusion_probability": "0.91971574",
        "fusion_rank": "191",
        "max_safety_rank": "86",
        "archetype_only_rank": "74",
        "specialist_probability": "0.98554386",
        "specialist_rank": "102",
        "specialist_mean_rank": "147",
        "rank_delta_fusion_to_max": "105",
        "negative_type": "",
        "morphology_proxy": "hilltop_hint",
        "review_lane": "morphology_rescue_review",
        "review_reason": "Weak positive moved upward by max_safety; inspect as morphology-aware training evidence."
      }
    }
  ]
}
