{
  "type": "FeatureCollection",
  "name": "positive_seed_buffers_120m",
  "crs": {
    "type": "name",
    "properties": {
      "name": "EPSG:4326"
    }
  },
  "features": [
    {
      "type": "Feature",
      "geometry": {
        "type": "Polygon",
        "coordinates": [
          [
            [
              -8.09129918,
              43.661833118340944
            ],
            [
              -8.091169309301932,
              43.66182901623441
            ],
            [
              -8.091040427051201,
              43.66181674113592
            ],
            [
              -8.090913514170849,
              43.66179638647143
            ],
            [
              -8.090789536592657,
              43.66176810716029
            ],
            [
              -8.09066943790436,
              43.661732118436184
            ],
            [
              -8.090554132167041,
              43.6616886942086
            ],
            [
              -8.090444496957444,
              43.66163816497786
            ],
            [
              -8.090341366688158,
              43.661580915319355
            ],
            [
              -8.090245526256542,
              43.661517380956084
            ],
            [
              -8.09015770507078,
              43.661448045442064
            ],
            [
              -8.090078571498493,
              43.66137343648157
            ],
            [
              -8.0900087277802,
              43.66129412191236
            ],
            [
              -8.089948705446325,
              43.66121070538363
            ],
            [
              -8.089898961272612,
              43.66112382176127
            ],
            [
              -8.089859873804702,
              43.66103413229568
            ],
            [
              -8.089831740478328,
              43.66094231958888
            ],
            [
              -8.089814775356963,
              43.660849082399096
            ],
            [
              -8.089809107504129,
              43.660755130322634
            ],
            [
              -8.089814780002705,
              43.66066117839319
            ],
            [
              -8.089831749628653,
              43.66056794164001
            ],
            [
              -8.08985988718158,
              43.660476129646106
            ],
            [
              -8.089898978469595,
              43.66038644114808
            ],
            [
              -8.089948725940893,
              43.66029955871851
            ],
            [
              -8.090008750949634,
              43.66021614357159
            ],
            [
              -8.0900785966388,
              43.66013683053122
            ],
            [
              -8.090157731418088,
              43.66006222320011
            ],
            [
              -8.0902455530103,
              43.659992889366556
            ],
            [
              -8.090341393035464,
              43.65992935668374
            ],
            [
              -8.090444522097753,
              43.65987210865463
            ],
            [
              -8.090554155336475,
              43.65982158095272
            ],
            [
              -8.090669458398928,
              43.65977815810695
            ],
            [
              -8.090789553789643,
              43.65974217057564
            ],
            [
              -8.090913527547727,
              43.65971389223206
            ],
            [
              -8.091040436201524,
              43.659693538280465
            ],
            [
              -8.091169313947676,
              43.65968126361859
            ],
            [
              -8.09129918,
              43.65967716165907
            ],
            [
              -8.091429046052326,
              43.65968126361859
            ],
            [
              -8.091557923798476,
              43.659693538280465
            ],
            [
              -8.091684832452275,
              43.65971389223206
            ],
            [
              -8.09180880621036,
              43.65974217057564
            ],
            [
              -8.091928901601074,
              43.65977815810695
            ],
            [
              -8.092044204663527,
              43.65982158095272
            ],
            [
              -8.092153837902247,
              43.65987210865463
            ],
            [
              -8.092256966964536,
              43.65992935668374
            ],
            [
              -8.092352806989702,
              43.659992889366556
            ],
            [
              -8.092440628581912,
              43.66006222320011
            ],
            [
              -8.0925197633612,
              43.66013683053122
            ],
            [
              -8.092589609050366,
              43.66021614357159
            ],
            [
              -8.092649634059107,
              43.66029955871851
            ],
            [
              -8.092699381530405,
              43.66038644114808
            ],
            [
              -8.092738472818422,
              43.660476129646106
            ],
            [
              -8.092766610371347,
              43.66056794164001
            ],
            [
              -8.092783579997295,
              43.66066117839319
            ],
            [
              -8.092789252495873,
              43.660755130322634
            ],
            [
              -8.092783584643039,
              43.660849082399096
            ],
            [
              -8.092766619521674,
              43.66094231958888
            ],
            [
              -8.0927384861953,
              43.66103413229568
            ],
            [
              -8.09269939872739,
              43.66112382176127
            ],
            [
              -8.092649654553675,
              43.66121070538363
            ],
            [
              -8.0925896322198,
              43.66129412191236
            ],
            [
              -8.092519788501507,
              43.66137343648157
            ],
            [
              -8.092440654929222,
              43.661448045442064
            ],
            [
              -8.09235283374346,
              43.661517380956084
            ],
            [
              -8.092256993311844,
              43.661580915319355
            ],
            [
              -8.092153863042556,
              43.66163816497786
            ],
            [
              -8.092044227832961,
              43.6616886942086
            ],
            [
              -8.091928922095642,
              43.661732118436184
            ],
            [
              -8.091808823407343,
              43.66176810716029
            ],
            [
              -8.091684845829153,
              43.66179638647143
            ],
            [
              -8.091557932948799,
              43.66181674113592
            ],
            [
              -8.091429050698068,
              43.66182901623441
            ],
            [
              -8.09129918,
              43.661833118340944
            ]
          ]
        ]
      },
      "properties": {
        "site_id": "tra-ferrol-ga15036001",
        "primary_name": "Castro de Lobariz / Lobadiz",
        "municipality": "Ferrol",
        "parish": "San Xurxo da Mariña",
        "place": "Punta do Castro",
        "ga_code": "GA15036001",
        "record_type": "official_castro",
        "confidence": "high",
        "dataset_use": "train_positive_candidate",
        "split": "train",
        "coord_source": "Patrimonio Galego",
        "review_priority": "P1",
        "qgis_action": "Verificar coordenada y dibujar polígono/buffer entrenable.",
        "suggested_decision": "draw_training_polygon",
        "notes": "catálogo Ferrol; otros nombres Punta do Castro | Presente en lista clásica Pena/Calaméo nº 1. | 3 coordenadas candidatas en fuentes; se eligió Patrimonio Galego por prioridad.",
        "buffer_radius_m": "120",
        "label_status": "seed_buffer_requires_visual_adjustment"
      }
    },
    {
      "type": "Feature",
      "geometry": {
        "type": "Polygon",
        "coordinates": [
          [
            [
              -8.267298070000002,
              43.53299794834095
            ],
            [
              -8.26716847707306,
              43.532993846234724
            ],
            [
              -8.267039870479095,
              43.532981571137235
            ],
            [
              -8.2669132290429,
              43.532961216474334
            ],
            [
              -8.266789516630086,
              43.53293293716537
            ],
            [
              -8.266669674810021,
              43.53289694844394
            ],
            [
              -8.266554615688626,
              43.53285352421946
            ],
            [
              -8.266445214965547,
              43.53280299499216
            ],
            [
              -8.266342305268633,
              43.53274574533731
            ],
            [
              -8.266246669816471,
              43.53268221097782
            ],
            [
              -8.266159036457195,
              43.53261287546757
            ],
            [
              -8.266080072128982,
              43.53253826651073
            ],
            [
              -8.266010377784392,
              43.53245895194496
            ],
            [
              -8.265950483817173,
              43.532375535419334
            ],
            [
              -8.265900846026327,
              43.53228865179965
            ],
            [
              -8.265861842148103,
              43.53219896233624
            ],
            [
              -8.265833768982354,
              43.53210714963103
            ],
            [
              -8.265816840135013,
              43.53201391244223
            ],
            [
              -8.265811184393874,
              43.5319199603661
            ],
            [
              -8.265816844749992,
              43.53182600843633
            ],
            [
              -8.26583377807209,
              43.531732771682165
            ],
            [
              -8.265861855436404,
              43.53164095968666
            ],
            [
              -8.265900863109438,
              43.53155127118645
            ],
            [
              -8.265950504176034,
              43.531464388754216
            ],
            [
              -8.266010400800406,
              43.53138097360419
            ],
            [
              -8.26608009710282,
              43.53130166056039
            ],
            [
              -8.266159062630042,
              43.531227053225614
            ],
            [
              -8.266246696393077,
              43.53115771938829
            ],
            [
              -8.26634233144148,
              43.5310941867017
            ],
            [
              -8.266445239939387,
              43.53103693866893
            ],
            [
              -8.266554638704642,
              43.53098641096359
            ],
            [
              -8.266669695168883,
              43.53094298811472
            ],
            [
              -8.266789533713197,
              43.53090700058072
            ],
            [
              -8.266913242331203,
              43.53087872223497
            ],
            [
              -8.267039879568829,
              43.53085836828178
            ],
            [
              -8.267168481688039,
              43.53084609361891
            ],
            [
              -8.267298070000002,
              43.53084199165905
            ],
            [
              -8.267427658311965,
              43.53084609361891
            ],
            [
              -8.267556260431174,
              43.53085836828178
            ],
            [
              -8.2676828976688,
              43.53087872223497
            ],
            [
              -8.267806606286806,
              43.53090700058072
            ],
            [
              -8.26792644483112,
              43.53094298811472
            ],
            [
              -8.268041501295361,
              43.53098641096359
            ],
            [
              -8.268150900060618,
              43.53103693866893
            ],
            [
              -8.268253808558523,
              43.5310941867017
            ],
            [
              -8.268349443606926,
              43.53115771938829
            ],
            [
              -8.268437077369962,
              43.531227053225614
            ],
            [
              -8.268516042897183,
              43.53130166056039
            ],
            [
              -8.268585739199597,
              43.53138097360419
            ],
            [
              -8.268645635823969,
              43.531464388754216
            ],
            [
              -8.268695276890565,
              43.53155127118645
            ],
            [
              -8.2687342845636,
              43.53164095968666
            ],
            [
              -8.268762361927914,
              43.531732771682165
            ],
            [
              -8.268779295250011,
              43.53182600843633
            ],
            [
              -8.26878495560613,
              43.5319199603661
            ],
            [
              -8.26877929986499,
              43.53201391244223
            ],
            [
              -8.26876237101765,
              43.53210714963103
            ],
            [
              -8.2687342978519,
              43.53219896233624
            ],
            [
              -8.268695293973677,
              43.53228865179965
            ],
            [
              -8.26864565618283,
              43.532375535419334
            ],
            [
              -8.268585762215613,
              43.53245895194496
            ],
            [
              -8.26851606787102,
              43.53253826651073
            ],
            [
              -8.268437103542809,
              43.53261287546757
            ],
            [
              -8.268349470183532,
              43.53268221097782
            ],
            [
              -8.26825383473137,
              43.53274574533731
            ],
            [
              -8.268150925034456,
              43.53280299499216
            ],
            [
              -8.268041524311377,
              43.53285352421946
            ],
            [
              -8.267926465189982,
              43.53289694844394
            ],
            [
              -8.267806623369918,
              43.53293293716537
            ],
            [
              -8.267682910957102,
              43.532961216474334
            ],
            [
              -8.267556269520908,
              43.532981571137235
            ],
            [
              -8.267427662926943,
              43.532993846234724
            ],
            [
              -8.267298070000002,
              43.53299794834095
            ]
          ]
        ]
      },
      "properties": {
        "site_id": "tra-ferrol-ga15036002",
        "primary_name": "Castro de Tralocastro / Esmelle",
        "municipality": "Ferrol",
        "parish": "Esmelle",
        "place": "Tralocastro",
        "ga_code": "GA15036002",
        "record_type": "official_castro",
        "confidence": "high",
        "dataset_use": "train_positive_candidate",
        "split": "train",
        "coord_source": "Patrimonio Galego",
        "review_priority": "P1",
        "qgis_action": "Verificar coordenada y dibujar polígono/buffer entrenable.",
        "suggested_decision": "draw_training_polygon",
        "notes": "catálogo Ferrol | Presente en lista clásica Pena/Calaméo nº 5. | 3 coordenadas candidatas en fuentes; se eligió Patrimonio Galego por prioridad.",
        "buffer_radius_m": "120",
        "label_status": "seed_buffer_requires_visual_adjustment"
      }
    },
    {
      "type": "Feature",
      "geometry": {
        "type": "Polygon",
        "coordinates": [
          [
            [
              -8.24894103,
              43.540876868340945
            ],
            [
              -8.248811420138868,
              43.540872766234706
            ],
            [
              -8.248682796739617,
              43.54086049113715
            ],
            [
              -8.248556138754955,
              43.54084013647416
            ],
            [
              -8.248432410176454,
              43.54081185716507
            ],
            [
              -8.24831255269654,
              43.54077586844347
            ],
            [
              -8.248197478540318,
              43.540732444218804
            ],
            [
              -8.248088063521875,
              43.540681914991296
            ],
            [
              -8.24798514037787,
              43.54062466533622
            ],
            [
              -8.24788949242923,
              43.5405611309765
            ],
            [
              -8.247801847619199,
              43.540491795466025
            ],
            [
              -8.247722872973098,
              43.540417186508954
            ],
            [
              -8.247653169522007,
              43.54033787194297
            ],
            [
              -8.247593267728977,
              43.54025445541716
            ],
            [
              -8.247543623452545,
              43.54016757179732
            ],
            [
              -8.247504614478315,
              43.54007788233377
            ],
            [
              -8.2474765376449,
              43.53998606962846
            ],
            [
              -8.247459606586132,
              43.5398928324396
            ],
            [
              -8.247453950106607,
              43.53979888036345
            ],
            [
              -8.247459611202984,
              43.53970492843371
            ],
            [
              -8.247476546738328,
              43.539611691679596
            ],
            [
              -8.247504627772013,
              43.53951987968419
            ],
            [
              -8.247543640542595,
              43.53943019118412
            ],
            [
              -8.247593288096105,
              43.53934330875204
            ],
            [
              -8.24765319254737,
              43.53925989360221
            ],
            [
              -8.247722897957079,
              43.53918058055861
            ],
            [
              -8.247801873802674,
              43.53910597322407
            ],
            [
              -8.247889519016628,
              43.53903663938696
            ],
            [
              -8.247985166561346,
              43.5389731067006
            ],
            [
              -8.248088088505858,
              43.538915858668055
            ],
            [
              -8.24819750156568,
              43.53886533096293
            ],
            [
              -8.248312573063668,
              43.53882190811424
            ],
            [
              -8.248432427266504,
              43.538785920580416
            ],
            [
              -8.248556152048653,
              43.53875764223479
            ],
            [
              -8.248682805833043,
              43.538737288281695
            ],
            [
              -8.24881142475572,
              43.5387250136189
            ],
            [
              -8.24894103,
              43.538720911659055
            ],
            [
              -8.249070635244276,
              43.5387250136189
            ],
            [
              -8.249199254166955,
              43.538737288281695
            ],
            [
              -8.249325907951343,
              43.53875764223479
            ],
            [
              -8.249449632733493,
              43.538785920580416
            ],
            [
              -8.249569486936329,
              43.53882190811424
            ],
            [
              -8.249684558434316,
              43.53886533096293
            ],
            [
              -8.24979397149414,
              43.538915858668055
            ],
            [
              -8.249896893438653,
              43.5389731067006
            ],
            [
              -8.249992540983369,
              43.53903663938696
            ],
            [
              -8.250080186197323,
              43.53910597322407
            ],
            [
              -8.250159162042918,
              43.53918058055861
            ],
            [
              -8.250228867452627,
              43.53925989360221
            ],
            [
              -8.250288771903891,
              43.53934330875204
            ],
            [
              -8.250338419457401,
              43.53943019118412
            ],
            [
              -8.250377432227983,
              43.53951987968419
            ],
            [
              -8.25040551326167,
              43.539611691679596
            ],
            [
              -8.250422448797012,
              43.53970492843371
            ],
            [
              -8.25042810989339,
              43.53979888036345
            ],
            [
              -8.250422453413867,
              43.5398928324396
            ],
            [
              -8.250405522355097,
              43.53998606962846
            ],
            [
              -8.250377445521682,
              43.54007788233377
            ],
            [
              -8.250338436547452,
              43.54016757179732
            ],
            [
              -8.250288792271022,
              43.54025445541716
            ],
            [
              -8.25022889047799,
              43.54033787194297
            ],
            [
              -8.2501591870269,
              43.540417186508954
            ],
            [
              -8.2500802123808,
              43.540491795466025
            ],
            [
              -8.249992567570768,
              43.5405611309765
            ],
            [
              -8.249896919622127,
              43.54062466533622
            ],
            [
              -8.249793996478124,
              43.540681914991296
            ],
            [
              -8.249684581459679,
              43.540732444218804
            ],
            [
              -8.249569507303459,
              43.54077586844347
            ],
            [
              -8.249449649823545,
              43.54081185716507
            ],
            [
              -8.249325921245044,
              43.54084013647416
            ],
            [
              -8.24919926326038,
              43.54086049113715
            ],
            [
              -8.249070639861129,
              43.540872766234706
            ],
            [
              -8.24894103,
              43.540876868340945
            ]
          ]
        ]
      },
      "properties": {
        "site_id": "tra-ferrol-ga15036003",
        "primary_name": "Castro de Marmancón / Papoi",
        "municipality": "Ferrol",
        "parish": "Marmancón",
        "place": "Papoi",
        "ga_code": "GA15036003",
        "record_type": "official_castro",
        "confidence": "high",
        "dataset_use": "train_positive_candidate",
        "split": "train",
        "coord_source": "Patrimonio Galego",
        "review_priority": "P1",
        "qgis_action": "Verificar coordenada y dibujar polígono/buffer entrenable.",
        "suggested_decision": "draw_training_polygon",
        "notes": "catálogo Ferrol; otros nombres Castro de Papoi | 3 coordenadas candidatas en fuentes; se eligió Patrimonio Galego por prioridad.",
        "buffer_radius_m": "120",
        "label_status": "seed_buffer_requires_visual_adjustment"
      }
    },
    {
      "type": "Feature",
      "geometry": {
        "type": "Polygon",
        "coordinates": [
          [
            [
              -8.240064,
              43.52544397834094
            ],
            [
              -8.239934423302374,
              43.52543987623474
            ],
            [
              -8.239805832814191,
              43.5254276011373
            ],
            [
              -8.23967920723765,
              43.52540724647451
            ],
            [
              -8.239555510317635,
              43.525378967165665
            ],
            [
              -8.239435683505597,
              43.52534297844439
            ],
            [
              -8.239320638793215,
              43.5252995542201
            ],
            [
              -8.239211251770465,
              43.525249024992995
            ],
            [
              -8.239108354960921,
              43.525191775338364
            ],
            [
              -8.239012731485083,
              43.525128240979086
            ],
            [
              -8.238925109099933,
              43.525058905469066
            ],
            [
              -8.238846154660134,
              43.524984296512436
            ],
            [
              -8.238776469042993,
              43.52490498194687
            ],
            [
              -8.238716582575847,
              43.524821565421426
            ],
            [
              -8.238666951000624,
              43.524734681801895
            ],
            [
              -8.238627952006292,
              43.52464499233861
            ],
            [
              -8.238599882355546,
              43.524553179633486
            ],
            [
              -8.238582955627585,
              43.52445994244476
            ],
            [
              -8.238577300594097,
              43.524365990368636
            ],
            [
              -8.238582960240768,
              43.524272038438845
            ],
            [
              -8.23859989144174,
              43.524178801684634
            ],
            [
              -8.238627965289423,
              43.52408698968904
            ],
            [
              -8.238666968077089,
              43.5239973011887
            ],
            [
              -8.238716602926784,
              43.5239104187563
            ],
            [
              -8.23877649205005,
              43.523827003606094
            ],
            [
              -8.238846179624254,
              43.52374769056209
            ],
            [
              -8.238925135262594,
              43.5236730832271
            ],
            [
              -8.239012758051345,
              43.52360374938955
            ],
            [
              -8.239108381123582,
              43.52354021670274
            ],
            [
              -8.239211276734586,
              43.52348296866977
            ],
            [
              -8.239320661800273,
              43.523432440964214
            ],
            [
              -8.239435703856534,
              43.52338901811516
            ],
            [
              -8.239555527394097,
              43.52335303058102
            ],
            [
              -8.23967922052078,
              43.523324752235126
            ],
            [
              -8.239805841900388,
              43.523304398281844
            ],
            [
              -8.239934427915557,
              43.52329212361893
            ],
            [
              -8.240064,
              43.52328802165905
            ],
            [
              -8.240193572084442,
              43.52329212361893
            ],
            [
              -8.24032215809961,
              43.523304398281844
            ],
            [
              -8.24044877947922,
              43.523324752235126
            ],
            [
              -8.240572472605901,
              43.52335303058102
            ],
            [
              -8.240692296143465,
              43.52338901811516
            ],
            [
              -8.240807338199726,
              43.523432440964214
            ],
            [
              -8.240916723265414,
              43.52348296866977
            ],
            [
              -8.241019618876418,
              43.52354021670274
            ],
            [
              -8.241115241948654,
              43.52360374938955
            ],
            [
              -8.241202864737405,
              43.5236730832271
            ],
            [
              -8.241281820375747,
              43.52374769056209
            ],
            [
              -8.241351507949949,
              43.523827003606094
            ],
            [
              -8.241411397073215,
              43.5239104187563
            ],
            [
              -8.241461031922912,
              43.5239973011887
            ],
            [
              -8.241500034710576,
              43.52408698968904
            ],
            [
              -8.241528108558258,
              43.524178801684634
            ],
            [
              -8.241545039759231,
              43.524272038438845
            ],
            [
              -8.241550699405902,
              43.524365990368636
            ],
            [
              -8.241545044372415,
              43.52445994244476
            ],
            [
              -8.241528117644453,
              43.524553179633486
            ],
            [
              -8.241500047993709,
              43.52464499233861
            ],
            [
              -8.241461048999374,
              43.524734681801895
            ],
            [
              -8.241411417424153,
              43.524821565421426
            ],
            [
              -8.241351530957006,
              43.52490498194687
            ],
            [
              -8.241281845339866,
              43.524984296512436
            ],
            [
              -8.241202890900066,
              43.525058905469066
            ],
            [
              -8.241115268514916,
              43.525128240979086
            ],
            [
              -8.241019645039078,
              43.525191775338364
            ],
            [
              -8.240916748229536,
              43.525249024992995
            ],
            [
              -8.240807361206784,
              43.5252995542201
            ],
            [
              -8.240692316494403,
              43.52534297844439
            ],
            [
              -8.240572489682366,
              43.525378967165665
            ],
            [
              -8.24044879276235,
              43.52540724647451
            ],
            [
              -8.240322167185807,
              43.5254276011373
            ],
            [
              -8.240193576697626,
              43.52543987623474
            ],
            [
              -8.240064,
              43.52544397834094
            ]
          ]
        ]
      },
      "properties": {
        "site_id": "tra-ferrol-ga15036004",
        "primary_name": "Monte do Castro / Castro de Vilela",
        "municipality": "Ferrol",
        "parish": "Mandiá",
        "place": "Vilela",
        "ga_code": "GA15036004",
        "record_type": "official_castro",
        "confidence": "high",
        "dataset_use": "train_positive_candidate",
        "split": "train",
        "coord_source": "Artabro",
        "review_priority": "P1",
        "qgis_action": "Verificar coordenada y dibujar polígono/buffer entrenable.",
        "suggested_decision": "draw_training_polygon",
        "notes": "catálogo Ferrol; OCR lee Vuela/Vilela | Presente en lista clásica Pena/Calaméo nº 7. | 2 coordenadas candidatas en fuentes; se eligió Artabro por prioridad.",
        "buffer_radius_m": "120",
        "label_status": "seed_buffer_requires_visual_adjustment"
      }
    },
    {
      "type": "Feature",
      "geometry": {
        "type": "Polygon",
        "coordinates": [
          [
            [
              -8.23112044,
              43.51564983834095
            ],
            [
              -8.23099088433518,
              43.51564573623477
            ],
            [
              -8.230862314719701,
              43.51563346113741
            ],
            [
              -8.230735709696885,
              43.51561310647472
            ],
            [
              -8.23061203285517,
              43.51558482716606
            ],
            [
              -8.23049222549317,
              43.51554883844499
            ],
            [
              -8.230377199454525,
              43.515505414220925
            ],
            [
              -8.230267830187072,
              43.51545488499409
            ],
            [
              -8.23016495007925,
              43.515397635339724
            ],
            [
              -8.230069342124436,
              43.515334100980745
            ],
            [
              -8.229981733961491,
              43.51526476547101
            ],
            [
              -8.229902792336837,
              43.51519015651465
            ],
            [
              -8.229833118030262,
              43.51511084194935
            ],
            [
              -8.229773241283029,
              43.51502742542413
            ],
            [
              -8.229723617763108,
              43.51494054180481
            ],
            [
              -8.229684625098178,
              43.514850852341695
            ],
            [
              -8.229656560002791,
              43.5147590396367
            ],
            [
              -8.2296396360215,
              43.51466580244803
            ],
            [
              -8.229633981905108,
              43.514571850371944
            ],
            [
              -8.229639640632353,
              43.51447789844213
            ],
            [
              -8.229656569084403,
              43.514384661687835
            ],
            [
              -8.229684638374607,
              43.51429284969211
            ],
            [
              -8.229723634830956,
              43.51420316119161
            ],
            [
              -8.229773261623698,
              43.51411627875901
            ],
            [
              -8.229833141025711,
              43.51403286360857
            ],
            [
              -8.229902817288362,
              43.51395355056431
            ],
            [
              -8.229981760110952,
              43.513878943229045
            ],
            [
              -8.230069368677295,
              43.5138096093912
            ],
            [
              -8.23016497622871,
              43.513746076704116
            ],
            [
              -8.230267855138598,
              43.513688828670844
            ],
            [
              -8.230377222449976,
              43.51363830096505
            ],
            [
              -8.23049224583384,
              43.513594878115754
            ],
            [
              -8.230612049923018,
              43.51355889058141
            ],
            [
              -8.230735722973314,
              43.513530612235364
            ],
            [
              -8.230862323801315,
              43.51351025828195
            ],
            [
              -8.230990888946033,
              43.51349798361896
            ],
            [
              -8.23112044,
              43.51349388165906
            ],
            [
              -8.231249991053966,
              43.51349798361896
            ],
            [
              -8.231378556198687,
              43.51351025828195
            ],
            [
              -8.231505157026687,
              43.513530612235364
            ],
            [
              -8.231628830076982,
              43.51355889058141
            ],
            [
              -8.23174863416616,
              43.513594878115754
            ],
            [
              -8.231863657550026,
              43.51363830096505
            ],
            [
              -8.231973024861404,
              43.513688828670844
            ],
            [
              -8.23207590377129,
              43.513746076704116
            ],
            [
              -8.232171511322704,
              43.5138096093912
            ],
            [
              -8.232259119889047,
              43.513878943229045
            ],
            [
              -8.232338062711637,
              43.51395355056431
            ],
            [
              -8.232407738974288,
              43.51403286360857
            ],
            [
              -8.232467618376301,
              43.51411627875901
            ],
            [
              -8.232517245169044,
              43.51420316119161
            ],
            [
              -8.232556241625392,
              43.51429284969211
            ],
            [
              -8.232584310915597,
              43.514384661687835
            ],
            [
              -8.232601239367646,
              43.51447789844213
            ],
            [
              -8.232606898094893,
              43.514571850371944
            ],
            [
              -8.232601243978502,
              43.51466580244803
            ],
            [
              -8.232584319997208,
              43.5147590396367
            ],
            [
              -8.232556254901821,
              43.514850852341695
            ],
            [
              -8.232517262236891,
              43.51494054180481
            ],
            [
              -8.23246763871697,
              43.51502742542413
            ],
            [
              -8.23240776196974,
              43.51511084194935
            ],
            [
              -8.232338087663162,
              43.51519015651465
            ],
            [
              -8.232259146038508,
              43.51526476547101
            ],
            [
              -8.232171537875564,
              43.515334100980745
            ],
            [
              -8.23207592992075,
              43.515397635339724
            ],
            [
              -8.231973049812927,
              43.51545488499409
            ],
            [
              -8.231863680545475,
              43.515505414220925
            ],
            [
              -8.231748654506829,
              43.51554883844499
            ],
            [
              -8.231628847144831,
              43.51558482716606
            ],
            [
              -8.231505170303116,
              43.51561310647472
            ],
            [
              -8.231378565280298,
              43.51563346113741
            ],
            [
              -8.231249995664822,
              43.51564573623477
            ],
            [
              -8.23112044,
              43.51564983834095
            ]
          ]
        ]
      },
      "properties": {
        "site_id": "tra-ferrol-ga15036005",
        "primary_name": "Os Castros de Mandiá",
        "municipality": "Ferrol",
        "parish": "Mandiá",
        "place": "Fraga",
        "ga_code": "GA15036005",
        "record_type": "official_castro",
        "confidence": "high",
        "dataset_use": "train_positive_candidate",
        "split": "train",
        "coord_source": "Patrimonio Galego",
        "review_priority": "P1",
        "qgis_action": "Verificar coordenada y dibujar polígono/buffer entrenable.",
        "suggested_decision": "draw_training_polygon",
        "notes": "catálogo Ferrol",
        "buffer_radius_m": "120",
        "label_status": "seed_buffer_requires_visual_adjustment"
      }
    },
    {
      "type": "Feature",
      "geometry": {
        "type": "Polygon",
        "coordinates": [
          [
            [
              -8.19999608,
              43.512218518340944
            ],
            [
              -8.199866531701389,
              43.512214416234784
            ],
            [
              -8.19973796939605,
              43.51220214113744
            ],
            [
              -8.19961137157166,
              43.512181786474805
            ],
            [
              -8.199487701761862,
              43.51215350716618
            ],
            [
              -8.199367901211751,
              43.51211751844519
            ],
            [
              -8.199252881713113,
              43.512074094221205
            ],
            [
              -8.199143518664005,
              43.512023564994465
            ],
            [
              -8.199040644405539,
              43.5119663153402
            ],
            [
              -8.198945041886574,
              43.51190278098132
            ],
            [
              -8.1988574387046,
              43.51183344547167
            ],
            [
              -8.198778501568128,
              43.51175883651542
            ],
            [
              -8.198708831222792,
              43.5116795219502
            ],
            [
              -8.198648957879714,
              43.51159610542508
            ],
            [
              -8.19859933718096,
              43.51150922180583
            ],
            [
              -8.198560346732746,
              43.511419532342764
            ],
            [
              -8.198532283232757,
              43.51132771963781
            ],
            [
              -8.198515360213415,
              43.51123448244917
            ],
            [
              -8.198509706418214,
              43.5111405303731
            ],
            [
              -8.198515364823454,
              43.51104657844327
            ],
            [
              -8.198532292312764,
              43.51095334168895
            ],
            [
              -8.198560360006827,
              43.510861529693194
            ],
            [
              -8.198599354245792,
              43.51077184119263
            ],
            [
              -8.198648978216786,
              43.51068495875996
            ],
            [
              -8.198708854214177,
              43.51060154360944
            ],
            [
              -8.198778526515241,
              43.51052223056508
            ],
            [
              -8.198857464849436,
              43.51044762322972
            ],
            [
              -8.198945068434739,
              43.51037828939178
            ],
            [
              -8.199040670550376,
              43.51031475670459
            ],
            [
              -8.199143543611118,
              43.51025750867122
            ],
            [
              -8.199252904704496,
              43.510206980965336
            ],
            [
              -8.199367921548825,
              43.51016355811596
            ],
            [
              -8.199487718826692,
              43.510127570581545
            ],
            [
              -8.199611384845742,
              43.51009929223543
            ],
            [
              -8.199737978476056,
              43.510078938281985
            ],
            [
              -8.199866536311427,
              43.510066663618964
            ],
            [
              -8.19999608,
              43.510062561659055
            ],
            [
              -8.200125623688571,
              43.510066663618964
            ],
            [
              -8.200254181523942,
              43.510078938281985
            ],
            [
              -8.200380775154256,
              43.51009929223543
            ],
            [
              -8.200504441173306,
              43.510127570581545
            ],
            [
              -8.200624238451175,
              43.51016355811596
            ],
            [
              -8.200739255295503,
              43.510206980965336
            ],
            [
              -8.20084861638888,
              43.51025750867122
            ],
            [
              -8.200951489449624,
              43.51031475670459
            ],
            [
              -8.20104709156526,
              43.51037828939178
            ],
            [
              -8.201134695150563,
              43.51044762322972
            ],
            [
              -8.201213633484757,
              43.51052223056508
            ],
            [
              -8.201283305785822,
              43.51060154360944
            ],
            [
              -8.201343181783212,
              43.51068495875996
            ],
            [
              -8.201392805754208,
              43.51077184119263
            ],
            [
              -8.201431799993172,
              43.510861529693194
            ],
            [
              -8.201459867687236,
              43.51095334168895
            ],
            [
              -8.201476795176545,
              43.51104657844327
            ],
            [
              -8.201482453581784,
              43.5111405303731
            ],
            [
              -8.201476799786583,
              43.51123448244917
            ],
            [
              -8.201459876767242,
              43.51132771963781
            ],
            [
              -8.201431813267254,
              43.511419532342764
            ],
            [
              -8.201392822819038,
              43.51150922180583
            ],
            [
              -8.201343202120285,
              43.51159610542508
            ],
            [
              -8.201283328777208,
              43.5116795219502
            ],
            [
              -8.20121365843187,
              43.51175883651542
            ],
            [
              -8.2011347212954,
              43.51183344547167
            ],
            [
              -8.201047118113424,
              43.51190278098132
            ],
            [
              -8.20095151559446,
              43.5119663153402
            ],
            [
              -8.200848641335995,
              43.512023564994465
            ],
            [
              -8.200739278286887,
              43.512074094221205
            ],
            [
              -8.200624258788249,
              43.51211751844519
            ],
            [
              -8.200504458238136,
              43.51215350716618
            ],
            [
              -8.200380788428339,
              43.512181786474805
            ],
            [
              -8.200254190603948,
              43.51220214113744
            ],
            [
              -8.20012562829861,
              43.512214416234784
            ],
            [
              -8.19999608,
              43.512218518340944
            ]
          ]
        ]
      },
      "properties": {
        "site_id": "tra-ferrol-ga15036007",
        "primary_name": "Castro de Santa Cecilia",
        "municipality": "Ferrol",
        "parish": "Santa Icía de Trasancos",
        "place": "Castro",
        "ga_code": "GA15036007",
        "record_type": "official_castro",
        "confidence": "high",
        "dataset_use": "train_positive_candidate",
        "split": "train",
        "coord_source": "Patrimonio Galego",
        "review_priority": "P1",
        "qgis_action": "Verificar coordenada y dibujar polígono/buffer entrenable.",
        "suggested_decision": "draw_training_polygon",
        "notes": "catálogo Ferrol | 2 coordenadas candidatas en fuentes; se eligió Patrimonio Galego por prioridad.",
        "buffer_radius_m": "120",
        "label_status": "seed_buffer_requires_visual_adjustment"
      }
    },
    {
      "type": "Feature",
      "geometry": {
        "type": "Polygon",
        "coordinates": [
          [
            [
              -8.263233000000001,
              43.501167978340945
            ],
            [
              -8.263103475415365,
              43.501163876234806
            ],
            [
              -8.262974936643495,
              43.50115160113756
            ],
            [
              -8.262848361992932,
              43.50113124647505
            ],
            [
              -8.262724714820928,
              43.501102967166624
            ],
            [
              -8.262604936200264,
              43.501066978445856
            ],
            [
              -8.262489937755808,
              43.50102355422214
            ],
            [
              -8.262380594725368,
              43.50097302499569
            ],
            [
              -8.262277739297687,
              43.50091577534174
            ],
            [
              -8.262182154278303,
              43.50085224098318
            ],
            [
              -8.262094567131518,
              43.50078290547386
            ],
            [
              -8.262015644443814,
              43.50070829651792
            ],
            [
              -8.261945986850863,
              43.50062898195299
            ],
            [
              -8.261886124466752,
              43.50054556542814
            ],
            [
              -8.261836512850156,
              43.500458681809114
            ],
            [
              -8.26179752953819,
              43.50036899234623
            ],
            [
              -8.261769471174258,
              43.50027717964142
            ],
            [
              -8.261752551251716,
              43.500183942452864
            ],
            [
              -8.26174689849052,
              43.500089990376814
            ],
            [
              -8.261752555859132,
              43.499996038446966
            ],
            [
              -8.261769480249097,
              43.499902801692556
            ],
            [
              -8.261797542804718,
              43.49981098969666
            ],
            [
              -8.261836529905274,
              43.49972130119591
            ],
            [
              -8.26188614479225,
              43.499634418763016
            ],
            [
              -8.261946009829163,
              43.49955100361223
            ],
            [
              -8.26201566937673,
              43.499471690567574
            ],
            [
              -8.262094593261475,
              43.499397083231905
            ],
            [
              -8.262182180811356,
              43.499327749393636
            ],
            [
              -8.262277765427646,
              43.49926421670613
            ],
            [
              -8.262380619658284,
              43.499206968672446
            ],
            [
              -8.262489960734108,
              43.49915644096627
            ],
            [
              -8.262604956525763,
              43.49911301811662
            ],
            [
              -8.262724731876048,
              43.49907703058198
            ],
            [
              -8.26284837525946,
              43.49904875223569
            ],
            [
              -8.262974945718335,
              43.49902839828209
            ],
            [
              -8.263103480022782,
              43.499016123619
            ],
            [
              -8.263233000000001,
              43.499012021659055
            ],
            [
              -8.26336251997722,
              43.499016123619
            ],
            [
              -8.263491054281666,
              43.49902839828209
            ],
            [
              -8.26361762474054,
              43.49904875223569
            ],
            [
              -8.263741268123953,
              43.49907703058198
            ],
            [
              -8.263861043474238,
              43.49911301811662
            ],
            [
              -8.263976039265893,
              43.49915644096627
            ],
            [
              -8.264085380341717,
              43.499206968672446
            ],
            [
              -8.264188234572355,
              43.49926421670613
            ],
            [
              -8.264283819188645,
              43.499327749393636
            ],
            [
              -8.264371406738526,
              43.499397083231905
            ],
            [
              -8.264450330623271,
              43.499471690567574
            ],
            [
              -8.264519990170838,
              43.49955100361223
            ],
            [
              -8.264579855207751,
              43.499634418763016
            ],
            [
              -8.264629470094727,
              43.49972130119591
            ],
            [
              -8.264668457195283,
              43.49981098969666
            ],
            [
              -8.264696519750904,
              43.499902801692556
            ],
            [
              -8.264713444140869,
              43.499996038446966
            ],
            [
              -8.264719101509481,
              43.500089990376814
            ],
            [
              -8.264713448748285,
              43.500183942452864
            ],
            [
              -8.264696528825743,
              43.50027717964142
            ],
            [
              -8.26466847046181,
              43.50036899234623
            ],
            [
              -8.264629487149845,
              43.500458681809114
            ],
            [
              -8.264579875533249,
              43.50054556542814
            ],
            [
              -8.264520013149138,
              43.50062898195299
            ],
            [
              -8.264450355556187,
              43.50070829651792
            ],
            [
              -8.264371432868483,
              43.50078290547386
            ],
            [
              -8.264283845721698,
              43.50085224098318
            ],
            [
              -8.264188260702314,
              43.50091577534174
            ],
            [
              -8.264085405274633,
              43.50097302499569
            ],
            [
              -8.263976062244193,
              43.50102355422214
            ],
            [
              -8.263861063799737,
              43.501066978445856
            ],
            [
              -8.263741285179073,
              43.501102967166624
            ],
            [
              -8.26361763800707,
              43.50113124647505
            ],
            [
              -8.263491063356506,
              43.50115160113756
            ],
            [
              -8.263362524584636,
              43.501163876234806
            ],
            [
              -8.263233000000001,
              43.501167978340945
            ]
          ]
        ]
      },
      "properties": {
        "site_id": "tra-ferrol-ga15036008",
        "primary_name": "Castro de Vilasanche",
        "municipality": "Ferrol",
        "parish": "Serantes",
        "place": "Vilasanche",
        "ga_code": "GA15036008",
        "record_type": "official_castro",
        "confidence": "high",
        "dataset_use": "train_positive_candidate",
        "split": "train",
        "coord_source": "Artabro",
        "review_priority": "P1",
        "qgis_action": "Verificar coordenada y dibujar polígono/buffer entrenable.",
        "suggested_decision": "draw_training_polygon",
        "notes": "catálogo Ferrol | Presente en lista clásica Pena/Calaméo nº 8. | 2 coordenadas candidatas en fuentes; se eligió Artabro por prioridad.",
        "buffer_radius_m": "120",
        "label_status": "seed_buffer_requires_visual_adjustment"
      }
    },
    {
      "type": "Feature",
      "geometry": {
        "type": "Polygon",
        "coordinates": [
          [
            [
              -8.27676091,
              43.494957818340936
            ],
            [
              -8.276631398736171,
              43.49495371623482
            ],
            [
              -8.276502873183714,
              43.49494144113761
            ],
            [
              -8.276376311550543,
              43.49492108647519
            ],
            [
              -8.276252677094824,
              43.49489280716686
            ],
            [
              -8.27613291079255,
              43.49485681844622
            ],
            [
              -8.27601792417482,
              43.49481339422265
            ],
            [
              -8.27590859238943,
              43.49476286499637
            ],
            [
              -8.275805747539529,
              43.494705615342596
            ],
            [
              -8.275710172350152,
              43.494642080984214
            ],
            [
              -8.275622594210786,
              43.49457274547508
            ],
            [
              -8.275543679639359,
              43.49449813651931
            ],
            [
              -8.275474029209784,
              43.494418821954554
            ],
            [
              -8.275414172981632,
              43.49433540542985
            ],
            [
              -8.275364566466738,
              43.49424852181095
            ],
            [
              -8.275325587163406,
              43.49415883234817
            ],
            [
              -8.275297531684542,
              43.49406701964344
            ],
            [
              -8.27528061350156,
              43.49397378245493
            ],
            [
              -8.275274961321193,
              43.493879830378894
            ],
            [
              -8.275280618107502,
              43.49378587844903
            ],
            [
              -8.275297540756476,
              43.49369264169458
            ],
            [
              -8.275325600425688,
              43.49360082969861
            ],
            [
              -8.275364583516403,
              43.49351114119775
            ],
            [
              -8.275414193300628,
              43.49342425876472
            ],
            [
              -8.275474052180734,
              43.49334084361379
            ],
            [
              -8.2755437045643,
              43.49326153056897
            ],
            [
              -8.275622620332385,
              43.493186923233125
            ],
            [
              -8.275710198874718,
              43.49311758939468
            ],
            [
              -8.275805773661128,
              43.49305405670698
            ],
            [
              -8.275908617314368,
              43.492996808673134
            ],
            [
              -8.27601794714577,
              43.49294628096678
            ],
            [
              -8.276132931111544,
              43.49290285811699
            ],
            [
              -8.276252694144487,
              43.49286687058221
            ],
            [
              -8.276376324812826,
              43.49283859223582
            ],
            [
              -8.27650288225565,
              43.492818238282155
            ],
            [
              -8.276631403342114,
              43.492805963619006
            ],
            [
              -8.27676091,
              43.492801861659046
            ],
            [
              -8.276890416657885,
              43.492805963619006
            ],
            [
              -8.27701893774435,
              43.492818238282155
            ],
            [
              -8.277145495187174,
              43.49283859223582
            ],
            [
              -8.277269125855513,
              43.49286687058221
            ],
            [
              -8.277388888888455,
              43.49290285811699
            ],
            [
              -8.277503872854231,
              43.49294628096678
            ],
            [
              -8.27761320268563,
              43.492996808673134
            ],
            [
              -8.27771604633887,
              43.49305405670698
            ],
            [
              -8.27781162112528,
              43.49311758939468
            ],
            [
              -8.277899199667615,
              43.493186923233125
            ],
            [
              -8.2779781154357,
              43.49326153056897
            ],
            [
              -8.278047767819267,
              43.49334084361379
            ],
            [
              -8.27810762669937,
              43.49342425876472
            ],
            [
              -8.278157236483597,
              43.49351114119775
            ],
            [
              -8.27819621957431,
              43.49360082969861
            ],
            [
              -8.278224279243522,
              43.49369264169458
            ],
            [
              -8.278241201892499,
              43.49378587844903
            ],
            [
              -8.278246858678806,
              43.493879830378894
            ],
            [
              -8.278241206498441,
              43.49397378245493
            ],
            [
              -8.278224288315458,
              43.49406701964344
            ],
            [
              -8.278196232836594,
              43.49415883234817
            ],
            [
              -8.278157253533262,
              43.49424852181095
            ],
            [
              -8.278107647018368,
              43.49433540542985
            ],
            [
              -8.278047790790215,
              43.494418821954554
            ],
            [
              -8.27797814036064,
              43.49449813651931
            ],
            [
              -8.277899225789215,
              43.49457274547508
            ],
            [
              -8.277811647649848,
              43.494642080984214
            ],
            [
              -8.277716072460471,
              43.494705615342596
            ],
            [
              -8.277613227610571,
              43.49476286499637
            ],
            [
              -8.277503895825179,
              43.49481339422265
            ],
            [
              -8.27738890920745,
              43.49485681844622
            ],
            [
              -8.277269142905174,
              43.49489280716686
            ],
            [
              -8.277145508449456,
              43.49492108647519
            ],
            [
              -8.277018946816286,
              43.49494144113761
            ],
            [
              -8.276890421263827,
              43.49495371623482
            ],
            [
              -8.27676091,
              43.494957818340936
            ]
          ]
        ]
      },
      "properties": {
        "site_id": "tra-ferrol-ga15036010",
        "primary_name": "Coto dos Mouros / Castro de Vilabuíde",
        "municipality": "Ferrol",
        "parish": "Doniños",
        "place": "Vilabuíde",
        "ga_code": "GA15036010",
        "record_type": "official_castro",
        "confidence": "high",
        "dataset_use": "train_positive_candidate",
        "split": "train",
        "coord_source": "Patrimonio Galego",
        "review_priority": "P1",
        "qgis_action": "Verificar coordenada y dibujar polígono/buffer entrenable.",
        "suggested_decision": "draw_training_polygon",
        "notes": "catálogo Ferrol; otros nombres Castelo dos Mouros/Castro de Vilabuíde | Presente en lista clásica Pena/Calaméo nº 3. | 2 coordenadas candidatas en fuentes; se eligió Patrimonio Galego por prioridad.",
        "buffer_radius_m": "120",
        "label_status": "seed_buffer_requires_visual_adjustment"
      }
    },
    {
      "type": "Feature",
      "geometry": {
        "type": "Polygon",
        "coordinates": [
          [
            [
              -8.28390598,
              43.56141670834095
            ],
            [
              -8.283776325960183,
              43.561412606234654
            ],
            [
              -8.283647658718523,
              43.56140033113695
            ],
            [
              -8.283520957561459,
              43.56137997647369
            ],
            [
              -8.283397186809179,
              43.561351697164255
            ],
            [
              -8.283277288475118,
              43.561315708442244
            ],
            [
              -8.283162175095352,
              43.561272284217075
            ],
            [
              -8.28305272278251,
              43.56122175498901
            ],
            [
              -8.282949764557111,
              43.561164505333366
            ],
            [
              -8.282854084007086,
              43.56110097097304
            ],
            [
              -8.282766409323798,
              43.561031635461966
            ],
            [
              -8.282687407759918,
              43.560957026504305
            ],
            [
              -8.282617680551377,
              43.560877711937785
            ],
            [
              -8.282557758342001,
              43.56079429541148
            ],
            [
              -8.282508097145682,
              43.5607074117912
            ],
            [
              -8.282469074876754,
              43.56061772232731
            ],
            [
              -8.282440988474969,
              43.56052590962175
            ],
            [
              -8.282424051646917,
              43.56043267243273
            ],
            [
              -8.282418393241063,
              43.56033872035653
            ],
            [
              -8.282424056268662,
              43.560244768426834
            ],
            [
              -8.282440997578025,
              43.560151531672894
            ],
            [
              -8.282469088184534,
              43.56005971967774
            ],
            [
              -8.282508114253835,
              43.559970031178004
            ],
            [
              -8.282557778730704,
              43.55988314874635
            ],
            [
              -8.282617703601128,
              43.55979973359702
            ],
            [
              -8.282687432770365,
              43.55972042055397
            ],
            [
              -8.282766435535008,
              43.55964581322001
            ],
            [
              -8.282854110622647,
              43.5595764793835
            ],
            [
              -8.282949790768322,
              43.559512946697744
            ],
            [
              -8.283052747792958,
              43.55945569866578
            ],
            [
              -8.283162198145105,
              43.5594051709612
            ],
            [
              -8.283277308863822,
              43.559361748113005
            ],
            [
              -8.283397203917332,
              43.559325760579604
            ],
            [
              -8.28352097086924,
              43.559297482234335
            ],
            [
              -8.283647667821583,
              43.55927712828149
            ],
            [
              -8.283776330581926,
              43.55926485361885
            ],
            [
              -8.28390598,
              43.55926075165906
            ],
            [
              -8.284035629418076,
              43.55926485361885
            ],
            [
              -8.284164292178419,
              43.55927712828149
            ],
            [
              -8.284290989130762,
              43.559297482234335
            ],
            [
              -8.28441475608267,
              43.559325760579604
            ],
            [
              -8.28453465113618,
              43.559361748113005
            ],
            [
              -8.284649761854897,
              43.5594051709612
            ],
            [
              -8.284759212207044,
              43.55945569866578
            ],
            [
              -8.28486216923168,
              43.559512946697744
            ],
            [
              -8.284957849377355,
              43.5595764793835
            ],
            [
              -8.285045524464994,
              43.55964581322001
            ],
            [
              -8.285124527229637,
              43.55972042055397
            ],
            [
              -8.285194256398874,
              43.55979973359702
            ],
            [
              -8.285254181269298,
              43.55988314874635
            ],
            [
              -8.285303845746167,
              43.559970031178004
            ],
            [
              -8.285342871815468,
              43.56005971967774
            ],
            [
              -8.285370962421975,
              43.560151531672894
            ],
            [
              -8.28538790373134,
              43.560244768426834
            ],
            [
              -8.285393566758938,
              43.56033872035653
            ],
            [
              -8.285387908353085,
              43.56043267243273
            ],
            [
              -8.285370971525033,
              43.56052590962175
            ],
            [
              -8.285342885123248,
              43.56061772232731
            ],
            [
              -8.28530386285432,
              43.5607074117912
            ],
            [
              -8.285254201658,
              43.56079429541148
            ],
            [
              -8.285194279448625,
              43.560877711937785
            ],
            [
              -8.285124552240083,
              43.560957026504305
            ],
            [
              -8.285045550676204,
              43.561031635461966
            ],
            [
              -8.284957875992916,
              43.56110097097304
            ],
            [
              -8.28486219544289,
              43.561164505333366
            ],
            [
              -8.284759237217491,
              43.56122175498901
            ],
            [
              -8.28464978490465,
              43.561272284217075
            ],
            [
              -8.284534671524884,
              43.561315708442244
            ],
            [
              -8.284414773190823,
              43.561351697164255
            ],
            [
              -8.284291002438543,
              43.56137997647369
            ],
            [
              -8.284164301281479,
              43.56140033113695
            ],
            [
              -8.28403563403982,
              43.561412606234654
            ],
            [
              -8.28390598,
              43.56141670834095
            ]
          ]
        ]
      },
      "properties": {
        "site_id": "tra-ferrol-ga15036014",
        "primary_name": "Necrópolis de Santa Comba",
        "municipality": "Ferrol",
        "parish": "Covas",
        "place": "Santa Comba",
        "ga_code": "GA15036014",
        "record_type": "official_castro",
        "confidence": "high",
        "dataset_use": "train_positive_candidate",
        "split": "train",
        "coord_source": "Patrimonio Galego",
        "review_priority": "P1",
        "qgis_action": "Verificar coordenada y dibujar polígono/buffer entrenable.",
        "suggested_decision": "draw_training_polygon",
        "notes": "el catálogo la tipa como castro/asentamiento fortificado y necrópolis | 2 coordenadas candidatas en fuentes; se eligió Patrimonio Galego por prioridad.",
        "buffer_radius_m": "120",
        "label_status": "seed_buffer_requires_visual_adjustment"
      }
    },
    {
      "type": "Feature",
      "geometry": {
        "type": "Polygon",
        "coordinates": [
          [
            [
              -8.21425471,
              43.55384021834094
            ],
            [
              -8.214125072261732,
              43.55383611623466
            ],
            [
              -8.213996421197539,
              43.55382384113702
            ],
            [
              -8.213869735970713,
              43.55380348647386
            ],
            [
              -8.213745980780187,
              43.55377520716454
            ],
            [
              -8.21362609752095,
              43.553739218442686
            ],
            [
              -8.213510998614328,
              43.5536957942177
            ],
            [
              -8.213401560062794,
              43.553645264989854
            ],
            [
              -8.213298614782122,
              43.553588015334405
            ],
            [
              -8.213202946261722,
              43.5535244809743
            ],
            [
              -8.213115282601406,
              43.55345514546345
            ],
            [
              -8.21303629096995,
              43.55338053650601
            ],
            [
              -8.2129665725277,
              43.55330122193969
            ],
            [
              -8.212906657851777,
              43.55321780541357
            ],
            [
              -8.212857002898751,
              43.55313092179346
            ],
            [
              -8.212817985535448,
              43.55304123232969
            ],
            [
              -8.212789902664309,
              43.55294941962421
            ],
            [
              -8.212772967965071,
              43.552856182435264
            ],
            [
              -8.212767310270017,
              43.55276223035908
            ],
            [
              -8.212772972585011,
              43.55266827842936
            ],
            [
              -8.212789911763812,
              43.55257504167536
            ],
            [
              -8.212817998838032,
              43.55248322968011
            ],
            [
              -8.212857020000222,
              43.552393541180244
            ],
            [
              -8.21290667823252,
              43.55230665874844
            ],
            [
              -8.212966595568453,
              43.552223243598924
            ],
            [
              -8.213036315970632,
              43.55214393055567
            ],
            [
              -8.213115308802381,
              43.552069323221495
            ],
            [
              -8.213202972866892,
              43.55199998938477
            ],
            [
              -8.213298640983098,
              43.5519364566988
            ],
            [
              -8.213401585063476,
              43.551879208666605
            ],
            [
              -8.213511021655082,
              43.55182868096183
            ],
            [
              -8.21362611790169,
              43.55178525811345
            ],
            [
              -8.21374599788166,
              43.551749270579904
            ],
            [
              -8.213869749273297,
              43.5517209922345
            ],
            [
              -8.213996430297042,
              43.55170063828155
            ],
            [
              -8.21412507688167,
              43.55168836361886
            ],
            [
              -8.21425471,
              43.55168426165905
            ],
            [
              -8.21438434311833,
              43.55168836361886
            ],
            [
              -8.214512989702959,
              43.55170063828155
            ],
            [
              -8.214639670726704,
              43.5517209922345
            ],
            [
              -8.21476342211834,
              43.551749270579904
            ],
            [
              -8.21488330209831,
              43.55178525811345
            ],
            [
              -8.21499839834492,
              43.55182868096183
            ],
            [
              -8.215107834936525,
              43.551879208666605
            ],
            [
              -8.215210779016903,
              43.5519364566988
            ],
            [
              -8.21530644713311,
              43.55199998938477
            ],
            [
              -8.21539411119762,
              43.552069323221495
            ],
            [
              -8.21547310402937,
              43.55214393055567
            ],
            [
              -8.215542824431548,
              43.552223243598924
            ],
            [
              -8.215602741767482,
              43.55230665874844
            ],
            [
              -8.215652399999778,
              43.552393541180244
            ],
            [
              -8.215691421161967,
              43.55248322968011
            ],
            [
              -8.21571950823619,
              43.55257504167536
            ],
            [
              -8.215736447414988,
              43.55266827842936
            ],
            [
              -8.215742109729984,
              43.55276223035908
            ],
            [
              -8.21573645203493,
              43.552856182435264
            ],
            [
              -8.215719517335693,
              43.55294941962421
            ],
            [
              -8.215691434464551,
              43.55304123232969
            ],
            [
              -8.21565241710125,
              43.55313092179346
            ],
            [
              -8.215602762148222,
              43.55321780541357
            ],
            [
              -8.2155428474723,
              43.55330122193969
            ],
            [
              -8.21547312903005,
              43.55338053650601
            ],
            [
              -8.215394137398595,
              43.55345514546345
            ],
            [
              -8.215306473738277,
              43.5535244809743
            ],
            [
              -8.215210805217879,
              43.553588015334405
            ],
            [
              -8.215107859937206,
              43.553645264989854
            ],
            [
              -8.21499842138567,
              43.5536957942177
            ],
            [
              -8.214883322479052,
              43.553739218442686
            ],
            [
              -8.214763439219812,
              43.55377520716454
            ],
            [
              -8.214639684029288,
              43.55380348647386
            ],
            [
              -8.214512998802462,
              43.55382384113702
            ],
            [
              -8.21438434773827,
              43.55383611623466
            ],
            [
              -8.21425471,
              43.55384021834094
            ]
          ]
        ]
      },
      "properties": {
        "site_id": "tra-naron-ga15054002",
        "primary_name": "X-41 Castro de Quintá",
        "municipality": "Narón",
        "parish": "O Val",
        "place": "Quintá",
        "ga_code": "GA15054002",
        "record_type": "official_castro",
        "confidence": "high",
        "dataset_use": "positive_o_val_holdout",
        "split": "test_o_val",
        "coord_source": "Patrimonio Galego",
        "review_priority": "P0",
        "qgis_action": "Verificar coordenada y dibujar polígono/buffer; mantener fuera de entrenamiento.",
        "suggested_decision": "verify_holdout_polygon",
        "notes": "Presente en lista clásica Pena/Calaméo nº 14. | 3 coordenadas candidatas en fuentes; se eligió Patrimonio Galego por prioridad.",
        "buffer_radius_m": "120",
        "label_status": "seed_buffer_requires_visual_adjustment"
      }
    },
    {
      "type": "Feature",
      "geometry": {
        "type": "Polygon",
        "coordinates": [
          [
            [
              -8.22206,
              43.544927978340944
            ],
            [
              -8.221930381429129,
              43.54492387623469
            ],
            [
              -8.221801749386435,
              43.54491160113711
            ],
            [
              -8.22167508289042,
              43.544891246474066
            ],
            [
              -8.22155134599744,
              43.5448629671649
            ],
            [
              -8.221431480463211,
              43.544826978443226
            ],
            [
              -8.221316398574146,
              43.544783554218455
            ],
            [
              -8.221206976203188,
              43.54473302499085
            ],
            [
              -8.221104046142953,
              43.544675775335655
            ],
            [
              -8.221008391767015,
              43.54461224097581
            ],
            [
              -8.22092074106753,
              43.54454290546522
            ],
            [
              -8.220841761114643,
              43.544468296508036
            ],
            [
              -8.22077205297982,
              43.54438898194194
            ],
            [
              -8.220712147161747,
              43.54430556541604
            ],
            [
              -8.220662499549594,
              43.5442186817961
            ],
            [
              -8.220623487954338,
              43.54412899233249
            ],
            [
              -8.220595409234539,
              43.544037179627125
            ],
            [
              -8.220578477038368,
              43.54394394243825
            ],
            [
              -8.220572820179072,
              43.543849990362084
            ],
            [
              -8.220578481656185,
              43.54375603843235
            ],
            [
              -8.220595418329864,
              43.54366280167827
            ],
            [
              -8.220623501250815,
              43.54357098968291
            ],
            [
              -8.220662516643213,
              43.543481301182915
            ],
            [
              -8.22071216753313,
              43.543394418750914
            ],
            [
              -8.22077207600999,
              43.543311003601175
            ],
            [
              -8.220841786103843,
              43.54323169055768
            ],
            [
              -8.220920767256475,
              43.54315708322326
            ],
            [
              -8.221008418359967,
              43.543087749386274
            ],
            [
              -8.221104072331899,
              43.54302421670003
            ],
            [
              -8.221207001192386,
              43.54296696866759
            ],
            [
              -8.221316421604318,
              43.542916440962586
            ],
            [
              -8.221431500834592,
              43.542873018113994
            ],
            [
              -8.22155136309106,
              43.54283703058025
            ],
            [
              -8.221675096186894,
              43.5428087522347
            ],
            [
              -8.221801758481758,
              43.542788398281644
            ],
            [
              -8.221930386046948,
              43.542776123618886
            ],
            [
              -8.22206,
              43.542772021659054
            ],
            [
              -8.222189613953054,
              43.542776123618886
            ],
            [
              -8.222318241518241,
              43.542788398281644
            ],
            [
              -8.222444903813107,
              43.5428087522347
            ],
            [
              -8.22256863690894,
              43.54283703058025
            ],
            [
              -8.222688499165407,
              43.542873018113994
            ],
            [
              -8.222803578395684,
              43.542916440962586
            ],
            [
              -8.222912998807615,
              43.54296696866759
            ],
            [
              -8.223015927668103,
              43.54302421670003
            ],
            [
              -8.223111581640033,
              43.543087749386274
            ],
            [
              -8.223199232743527,
              43.54315708322326
            ],
            [
              -8.223278213896158,
              43.54323169055768
            ],
            [
              -8.223347923990012,
              43.543311003601175
            ],
            [
              -8.223407832466872,
              43.543394418750914
            ],
            [
              -8.223457483356789,
              43.543481301182915
            ],
            [
              -8.223496498749187,
              43.54357098968291
            ],
            [
              -8.223524581670135,
              43.54366280167827
            ],
            [
              -8.223541518343817,
              43.54375603843235
            ],
            [
              -8.22354717982093,
              43.543849990362084
            ],
            [
              -8.223541522961634,
              43.54394394243825
            ],
            [
              -8.223524590765463,
              43.544037179627125
            ],
            [
              -8.223496512045662,
              43.54412899233249
            ],
            [
              -8.223457500450408,
              43.5442186817961
            ],
            [
              -8.223407852838255,
              43.54430556541604
            ],
            [
              -8.223347947020182,
              43.54438898194194
            ],
            [
              -8.223278238885358,
              43.544468296508036
            ],
            [
              -8.22319925893247,
              43.54454290546522
            ],
            [
              -8.223111608232985,
              43.54461224097581
            ],
            [
              -8.223015953857047,
              43.544675775335655
            ],
            [
              -8.222913023796814,
              43.54473302499085
            ],
            [
              -8.222803601425856,
              43.544783554218455
            ],
            [
              -8.22268851953679,
              43.544826978443226
            ],
            [
              -8.222568654002561,
              43.5448629671649
            ],
            [
              -8.222444917109582,
              43.544891246474066
            ],
            [
              -8.222318250613567,
              43.54491160113711
            ],
            [
              -8.222189618570873,
              43.54492387623469
            ],
            [
              -8.22206,
              43.544927978340944
            ]
          ]
        ]
      },
      "properties": {
        "site_id": "tra-naron-ga15054003",
        "primary_name": "X-14 Castro de San Mateo",
        "municipality": "Narón",
        "parish": "Trasancos / San Mateo",
        "place": "O Vilar",
        "ga_code": "GA15054003",
        "record_type": "official_castro",
        "confidence": "high",
        "dataset_use": "test_positive_candidate",
        "split": "test",
        "coord_source": "Galipedia",
        "review_priority": "P1",
        "qgis_action": "Verificar coordenada y dibujar polígono/buffer entrenable.",
        "suggested_decision": "draw_training_polygon",
        "notes": "Presente en lista clásica Pena/Calaméo nº 15.",
        "buffer_radius_m": "120",
        "label_status": "seed_buffer_requires_visual_adjustment"
      }
    },
    {
      "type": "Feature",
      "geometry": {
        "type": "Polygon",
        "coordinates": [
          [
            [
              -8.13361678,
              43.55214510834095
            ],
            [
              -8.133487145908052,
              43.55214100623469
            ],
            [
              -8.133358498462426,
              43.552128731137046
            ],
            [
              -8.133231816798867,
              43.55210837647392
            ],
            [
              -8.133108065089187,
              43.55208009716463
            ],
            [
              -8.132988185201876,
              43.55204410844281
            ],
            [
              -8.1328730895326,
              43.552000684217866
            ],
            [
              -8.132763654059188,
              43.551950154990045
            ],
            [
              -8.132660711673985,
              43.55189290533466
            ],
            [
              -8.132565045844364,
              43.55182937097461
            ],
            [
              -8.13247738464966,
              43.5517600354638
            ],
            [
              -8.132398395239886,
              43.55168542650641
            ],
            [
              -8.132328678758475,
              43.55160611194013
            ],
            [
              -8.132268765767629,
              43.55152269541405
            ],
            [
              -8.132219112211097,
              43.55143581179397
            ],
            [
              -8.132180095945083,
              43.55134612233022
            ],
            [
              -8.132152013863676,
              43.55125430962478
            ],
            [
              -8.13213507964061,
              43.55116107243584
            ],
            [
              -8.132129422104546,
              43.55106712035967
            ],
            [
              -8.132135084260145,
              43.55097316842994
            ],
            [
              -8.132152022962385,
              43.55087993167593
            ],
            [
              -8.132180109246505,
              43.55078811968066
            ],
            [
              -8.132219129311077,
              43.55069843118077
            ],
            [
              -8.132268786146591,
              43.550611548748925
            ],
            [
              -8.132328701797212,
              43.550528133599364
            ],
            [
              -8.13239842023838,
              43.55044882055607
            ],
            [
              -8.132477410848345,
              43.55037421322184
            ],
            [
              -8.13256507244721,
              43.55030487938507
            ],
            [
              -8.132660737872671,
              43.55024134669904
            ],
            [
              -8.132763679057684,
              43.55018409866682
            ],
            [
              -8.132873112571339,
              43.55013357096199
            ],
            [
              -8.132988205580837,
              43.55009014811357
            ],
            [
              -8.133108082189166,
              43.550054160579975
            ],
            [
              -8.13323183010029,
              43.55002588223454
            ],
            [
              -8.133358507561136,
              43.55000552828159
            ],
            [
              -8.13348715052759,
              43.54999325361887
            ],
            [
              -8.13361678,
              43.54998915165906
            ],
            [
              -8.133746409472414,
              43.54999325361887
            ],
            [
              -8.133875052438867,
              43.55000552828159
            ],
            [
              -8.134001729899714,
              43.55002588223454
            ],
            [
              -8.134125477810835,
              43.550054160579975
            ],
            [
              -8.134245354419164,
              43.55009014811357
            ],
            [
              -8.134360447428662,
              43.55013357096199
            ],
            [
              -8.134469880942317,
              43.55018409866682
            ],
            [
              -8.13457282212733,
              43.55024134669904
            ],
            [
              -8.134668487552792,
              43.55030487938507
            ],
            [
              -8.134756149151656,
              43.55037421322184
            ],
            [
              -8.134835139761622,
              43.55044882055607
            ],
            [
              -8.13490485820279,
              43.550528133599364
            ],
            [
              -8.134964773853412,
              43.550611548748925
            ],
            [
              -8.135014430688926,
              43.55069843118077
            ],
            [
              -8.135053450753496,
              43.55078811968066
            ],
            [
              -8.135081537037617,
              43.55087993167593
            ],
            [
              -8.135098475739856,
              43.55097316842994
            ],
            [
              -8.135104137895455,
              43.55106712035967
            ],
            [
              -8.13509848035939,
              43.55116107243584
            ],
            [
              -8.135081546136325,
              43.55125430962478
            ],
            [
              -8.135053464054918,
              43.55134612233022
            ],
            [
              -8.135014447788905,
              43.55143581179397
            ],
            [
              -8.134964794232374,
              43.55152269541405
            ],
            [
              -8.134904881241527,
              43.55160611194013
            ],
            [
              -8.134835164760117,
              43.55168542650641
            ],
            [
              -8.134756175350342,
              43.5517600354638
            ],
            [
              -8.134668514155637,
              43.55182937097461
            ],
            [
              -8.134572848326018,
              43.55189290533466
            ],
            [
              -8.134469905940813,
              43.551950154990045
            ],
            [
              -8.134360470467401,
              43.552000684217866
            ],
            [
              -8.134245374798127,
              43.55204410844281
            ],
            [
              -8.134125494910814,
              43.55208009716463
            ],
            [
              -8.134001743201134,
              43.55210837647392
            ],
            [
              -8.133875061537575,
              43.552128731137046
            ],
            [
              -8.133746414091949,
              43.55214100623469
            ],
            [
              -8.13361678,
              43.55214510834095
            ]
          ]
        ]
      },
      "properties": {
        "site_id": "tra-naron-ga15054005",
        "primary_name": "X-10 Castro de Eiravedra",
        "municipality": "Narón",
        "parish": "Sedes",
        "place": "Eiravedra",
        "ga_code": "GA15054005",
        "record_type": "official_castro",
        "confidence": "high",
        "dataset_use": "test_positive_candidate",
        "split": "test",
        "coord_source": "Patrimonio Galego",
        "review_priority": "P1",
        "qgis_action": "Verificar coordenada y dibujar polígono/buffer entrenable.",
        "suggested_decision": "draw_training_polygon",
        "notes": "Presente en lista clásica Pena/Calaméo nº 18. | 2 coordenadas candidatas en fuentes; se eligió Patrimonio Galego por prioridad.",
        "buffer_radius_m": "120",
        "label_status": "seed_buffer_requires_visual_adjustment"
      }
    },
    {
      "type": "Feature",
      "geometry": {
        "type": "Polygon",
        "coordinates": [
          [
            [
              -8.179167,
              43.502744978340935
            ],
            [
              -8.179037472032018,
              43.502740876234796
            ],
            [
              -8.178908929902553,
              43.502728601137534
            ],
            [
              -8.178782351945708,
              43.50270824647501
            ],
            [
              -8.1786587015439,
              43.502679967166564
            ],
            [
              -8.178538919794493,
              43.502643978445754
            ],
            [
              -8.17842391834617,
              43.502600554222
            ],
            [
              -8.178314572459604,
              43.50255002499551
            ],
            [
              -8.178211714345275,
              43.502492775341516
            ],
            [
              -8.178116126829172,
              43.502429240982906
            ],
            [
              -8.178028537394596,
              43.50235990547355
            ],
            [
              -8.17794961264544,
              43.502285296517556
            ],
            [
              -8.177879953233068,
              43.50220598195259
            ],
            [
              -8.177820089285404,
              43.50212256542769
            ],
            [
              -8.177770476373029,
              43.50203568180865
            ],
            [
              -8.177731492042913,
              43.50194599234574
            ],
            [
              -8.177703432946204,
              43.501854179640894
            ],
            [
              -8.177686512581833,
              43.50176094245233
            ],
            [
              -8.17768085967311,
              43.501666990376286
            ],
            [
              -8.177686517189622,
              43.50157303844644
            ],
            [
              -8.17770344202178,
              43.50147980169204
            ],
            [
              -8.177731505310518,
              43.50138798969616
            ],
            [
              -8.177770493429533,
              43.50129830119543
            ],
            [
              -8.177820109612556,
              43.50121141876257
            ],
            [
              -8.177879976213234,
              43.501128003611825
            ],
            [
              -8.177949637580381,
              43.50104869056722
            ],
            [
              -8.178028563526675,
              43.50097408323158
            ],
            [
              -8.17811615336438,
              43.50090474939337
            ],
            [
              -8.178211740477355,
              43.5008412167059
            ],
            [
              -8.178314597394545,
              43.50078396867227
            ],
            [
              -8.178423941326335,
              43.50073344096614
            ],
            [
              -8.178538940121642,
              43.50069001811652
            ],
            [
              -8.178658718600404,
              43.500654030581906
            ],
            [
              -8.178782365213314,
              43.50062575223565
            ],
            [
              -8.17890893897813,
              43.500605398282076
            ],
            [
              -8.179037476639808,
              43.50059312361899
            ],
            [
              -8.179167,
              43.50058902165905
            ],
            [
              -8.179296523360192,
              43.50059312361899
            ],
            [
              -8.17942506102187,
              43.500605398282076
            ],
            [
              -8.179551634786687,
              43.50062575223565
            ],
            [
              -8.179675281399597,
              43.500654030581906
            ],
            [
              -8.179795059878357,
              43.50069001811652
            ],
            [
              -8.179910058673665,
              43.50073344096614
            ],
            [
              -8.180019402605454,
              43.50078396867227
            ],
            [
              -8.180122259522644,
              43.5008412167059
            ],
            [
              -8.18021784663562,
              43.50090474939337
            ],
            [
              -8.180305436473324,
              43.50097408323158
            ],
            [
              -8.180384362419618,
              43.50104869056722
            ],
            [
              -8.180454023786766,
              43.501128003611825
            ],
            [
              -8.180513890387443,
              43.50121141876257
            ],
            [
              -8.180563506570467,
              43.50129830119543
            ],
            [
              -8.18060249468948,
              43.50138798969616
            ],
            [
              -8.180630557978219,
              43.50147980169204
            ],
            [
              -8.180647482810377,
              43.50157303844644
            ],
            [
              -8.18065314032689,
              43.501666990376286
            ],
            [
              -8.180647487418168,
              43.50176094245233
            ],
            [
              -8.180630567053795,
              43.501854179640894
            ],
            [
              -8.180602507957087,
              43.50194599234574
            ],
            [
              -8.18056352362697,
              43.50203568180865
            ],
            [
              -8.180513910714595,
              43.50212256542769
            ],
            [
              -8.18045404676693,
              43.50220598195259
            ],
            [
              -8.18038438735456,
              43.502285296517556
            ],
            [
              -8.180305462605403,
              43.50235990547355
            ],
            [
              -8.180217873170827,
              43.502429240982906
            ],
            [
              -8.180122285654724,
              43.502492775341516
            ],
            [
              -8.180019427540396,
              43.50255002499551
            ],
            [
              -8.17991008165383,
              43.502600554222
            ],
            [
              -8.179795080205508,
              43.502643978445754
            ],
            [
              -8.1796752984561,
              43.502679967166564
            ],
            [
              -8.179551648054291,
              43.50270824647501
            ],
            [
              -8.179425070097446,
              43.502728601137534
            ],
            [
              -8.179296527967981,
              43.502740876234796
            ],
            [
              -8.179167,
              43.502744978340935
            ]
          ]
        ]
      },
      "properties": {
        "site_id": "tra-naron-ga15054006",
        "primary_name": "X-09 Castro de Couto / O Petouzal",
        "municipality": "Narón",
        "parish": "O Couto",
        "place": "",
        "ga_code": "GA15054006",
        "record_type": "official_castro",
        "confidence": "high",
        "dataset_use": "test_positive_candidate",
        "split": "test",
        "coord_source": "Artabro",
        "review_priority": "P1",
        "qgis_action": "Verificar coordenada y dibujar polígono/buffer entrenable.",
        "suggested_decision": "draw_training_polygon",
        "notes": "2 coordenadas candidatas en fuentes; se eligió Artabro por prioridad.",
        "buffer_radius_m": "120",
        "label_status": "seed_buffer_requires_visual_adjustment"
      }
    },
    {
      "type": "Feature",
      "geometry": {
        "type": "Polygon",
        "coordinates": [
          [
            [
              -8.17290577,
              43.534670268340946
            ],
            [
              -8.172776173479308,
              43.53466616623472
            ],
            [
              -8.172647563318952,
              43.534653891137225
            ],
            [
              -8.172520918370866,
              43.534633536474296
            ],
            [
              -8.172397202527394,
              43.53460525716531
            ],
            [
              -8.17227735738402,
              43.534569268443846
            ],
            [
              -8.172162295071958,
              43.53452584421932
            ],
            [
              -8.172052891315136,
              43.53447531499198
            ],
            [
              -8.171949978764502,
              43.534418065337086
            ],
            [
              -8.171854340660357,
              43.53435453097754
            ],
            [
              -8.171766704871018,
              43.53428519546725
            ],
            [
              -8.171687738353157,
              43.534210586510355
            ],
            [
              -8.171618042075998,
              43.53413127194453
            ],
            [
              -8.171558146448,
              43.534047855418876
            ],
            [
              -8.171508507280791,
              43.533960971799154
            ],
            [
              -8.1714695023211,
              43.53387128233571
            ],
            [
              -8.171441428377006,
              43.53377946963049
            ],
            [
              -8.171424499060358,
              43.533686232441674
            ],
            [
              -8.17141884316252,
              43.53359228036554
            ],
            [
              -8.171424503675736,
              43.53349832843577
            ],
            [
              -8.171441437467523,
              43.533405091681615
            ],
            [
              -8.171469515610548,
              43.53331327968614
            ],
            [
              -8.171508524365375,
              43.533223591185966
            ],
            [
              -8.171558166808616,
              43.53313670875375
            ],
            [
              -8.171618065094,
              43.53305329360378
            ],
            [
              -8.17168776332915,
              43.53297398056001
            ],
            [
              -8.17176673104612,
              43.53289937322529
            ],
            [
              -8.171854367239252,
              43.532830039387996
            ],
            [
              -8.171950004939605,
              43.53276650670146
            ],
            [
              -8.172052916291129,
              43.53270925866874
            ],
            [
              -8.172162318089956,
              43.532658730963455
            ],
            [
              -8.172277377744635,
              43.532615308114615
            ],
            [
              -8.172397219611979,
              43.53257932058065
            ],
            [
              -8.172520931660314,
              43.53255104223493
            ],
            [
              -8.17264757240947,
              43.53253068828175
            ],
            [
              -8.172776178094686,
              43.53251841361892
            ],
            [
              -8.17290577,
              43.53251431165906
            ],
            [
              -8.173035361905312,
              43.53251841361892
            ],
            [
              -8.17316396759053,
              43.53253068828175
            ],
            [
              -8.173290608339684,
              43.53255104223493
            ],
            [
              -8.17341432038802,
              43.53257932058065
            ],
            [
              -8.173534162255363,
              43.532615308114615
            ],
            [
              -8.173649221910042,
              43.532658730963455
            ],
            [
              -8.173758623708869,
              43.53270925866874
            ],
            [
              -8.173861535060393,
              43.53276650670146
            ],
            [
              -8.173957172760746,
              43.532830039387996
            ],
            [
              -8.174044808953878,
              43.53289937322529
            ],
            [
              -8.174123776670848,
              43.53297398056001
            ],
            [
              -8.174193474906,
              43.53305329360378
            ],
            [
              -8.174253373191382,
              43.53313670875375
            ],
            [
              -8.174303015634623,
              43.533223591185966
            ],
            [
              -8.174342024389452,
              43.53331327968614
            ],
            [
              -8.174370102532475,
              43.533405091681615
            ],
            [
              -8.174387036324262,
              43.53349832843577
            ],
            [
              -8.174392696837478,
              43.53359228036554
            ],
            [
              -8.17438704093964,
              43.533686232441674
            ],
            [
              -8.174370111622993,
              43.53377946963049
            ],
            [
              -8.174342037678898,
              43.53387128233571
            ],
            [
              -8.174303032719207,
              43.533960971799154
            ],
            [
              -8.174253393551998,
              43.534047855418876
            ],
            [
              -8.174193497924,
              43.53413127194453
            ],
            [
              -8.174123801646841,
              43.534210586510355
            ],
            [
              -8.174044835128981,
              43.53428519546725
            ],
            [
              -8.173957199339643,
              43.53435453097754
            ],
            [
              -8.173861561235498,
              43.534418065337086
            ],
            [
              -8.173758648684862,
              43.53447531499198
            ],
            [
              -8.173649244928042,
              43.53452584421932
            ],
            [
              -8.173534182615978,
              43.534569268443846
            ],
            [
              -8.173414337472606,
              43.53460525716531
            ],
            [
              -8.173290621629132,
              43.534633536474296
            ],
            [
              -8.173163976681046,
              43.534653891137225
            ],
            [
              -8.17303536652069,
              43.53466616623472
            ],
            [
              -8.17290577,
              43.534670268340946
            ]
          ]
        ]
      },
      "properties": {
        "site_id": "tra-naron-ga15054007",
        "primary_name": "X-11 Castro de Sequeiro",
        "municipality": "Narón",
        "parish": "San Xiao de Narón",
        "place": "Sequeiro",
        "ga_code": "GA15054007",
        "record_type": "official_castro",
        "confidence": "high",
        "dataset_use": "test_positive_candidate",
        "split": "test",
        "coord_source": "Patrimonio Galego",
        "review_priority": "P1",
        "qgis_action": "Verificar coordenada y dibujar polígono/buffer entrenable.",
        "suggested_decision": "draw_training_polygon",
        "notes": "Presente en lista clásica Pena/Calaméo nº 16. | 3 coordenadas candidatas en fuentes; se eligió Patrimonio Galego por prioridad.",
        "buffer_radius_m": "120",
        "label_status": "seed_buffer_requires_visual_adjustment"
      }
    },
    {
      "type": "Feature",
      "geometry": {
        "type": "Polygon",
        "coordinates": [
          [
            [
              -8.15872225,
              43.53544028834094
            ],
            [
              -8.158592651824463,
              43.53543618623472
            ],
            [
              -8.158464040021858,
              43.53542391113721
            ],
            [
              -8.158337393456618,
              43.53540355647428
            ],
            [
              -8.1582136760334,
              43.53537527716528
            ],
            [
              -8.158093829359713,
              43.535339288443794
            ],
            [
              -8.157978765578413,
              43.53529586421925
            ],
            [
              -8.157869360424618,
              43.53524533499189
            ],
            [
              -8.157766446559902,
              43.53518808533697
            ],
            [
              -8.157670807234576,
              43.53512455097741
            ],
            [
              -8.157583170326243,
              43.53505521546709
            ],
            [
              -8.157504202800096,
              43.534980606510175
            ],
            [
              -8.157434505633033,
              43.534901291944344
            ],
            [
              -8.157374609240277,
              43.53481787541866
            ],
            [
              -8.157324969439282,
              43.534730991798924
            ],
            [
              -8.157285963981598,
              43.53464130233547
            ],
            [
              -8.15725788967909,
              43.53454948963024
            ],
            [
              -8.15724096014634,
              43.534456252441416
            ],
            [
              -8.157235304176345,
              43.53436230036528
            ],
            [
              -8.157240964761899,
              43.53426834843551
            ],
            [
              -8.15725789876997,
              43.53417511168137
            ],
            [
              -8.157285977271576,
              43.53408329968589
            ],
            [
              -8.157324986524545,
              43.53399361118573
            ],
            [
              -8.1573746296017,
              43.533906728753536
            ],
            [
              -8.157434528651944,
              43.53382331360358
            ],
            [
              -8.157504227777078,
              43.533744000559835
            ],
            [
              -8.157583196502385,
              43.53366939322514
            ],
            [
              -8.157670833814525,
              43.533600059387865
            ],
            [
              -8.157766472736045,
              43.53353652670136
            ],
            [
              -8.1578693854016,
              43.53347927866865
            ],
            [
              -8.157978788597324,
              43.53342875096338
            ],
            [
              -8.158093849721135,
              43.53338532811456
            ],
            [
              -8.158213693118663,
              43.53334934058062
            ],
            [
              -8.158337406746595,
              43.53332106223491
            ],
            [
              -8.158464049112736,
              43.53330070828174
            ],
            [
              -8.158592656440025,
              43.53328843361891
            ],
            [
              -8.15872225,
              43.53328433165905
            ],
            [
              -8.158851843559976,
              43.53328843361891
            ],
            [
              -8.158980450887265,
              43.53330070828174
            ],
            [
              -8.159107093253404,
              43.53332106223491
            ],
            [
              -8.159230806881336,
              43.53334934058062
            ],
            [
              -8.159350650278865,
              43.53338532811456
            ],
            [
              -8.159465711402675,
              43.53342875096338
            ],
            [
              -8.159575114598399,
              43.53347927866865
            ],
            [
              -8.159678027263956,
              43.53353652670136
            ],
            [
              -8.159773666185474,
              43.533600059387865
            ],
            [
              -8.159861303497616,
              43.53366939322514
            ],
            [
              -8.15994027222292,
              43.533744000559835
            ],
            [
              -8.160009971348055,
              43.53382331360358
            ],
            [
              -8.1600698703983,
              43.533906728753536
            ],
            [
              -8.160119513475456,
              43.53399361118573
            ],
            [
              -8.160158522728425,
              43.53408329968589
            ],
            [
              -8.160186601230029,
              43.53417511168137
            ],
            [
              -8.160203535238102,
              43.53426834843551
            ],
            [
              -8.160209195823654,
              43.53436230036528
            ],
            [
              -8.16020353985366,
              43.534456252441416
            ],
            [
              -8.160186610320908,
              43.53454948963024
            ],
            [
              -8.160158536018402,
              43.53464130233547
            ],
            [
              -8.160119530560717,
              43.534730991798924
            ],
            [
              -8.160069890759722,
              43.53481787541866
            ],
            [
              -8.160009994366966,
              43.534901291944344
            ],
            [
              -8.159940297199904,
              43.534980606510175
            ],
            [
              -8.159861329673756,
              43.53505521546709
            ],
            [
              -8.159773692765425,
              43.53512455097741
            ],
            [
              -8.159678053440096,
              43.53518808533697
            ],
            [
              -8.159575139575383,
              43.53524533499189
            ],
            [
              -8.159465734421588,
              43.53529586421925
            ],
            [
              -8.159350670640288,
              43.535339288443794
            ],
            [
              -8.1592308239666,
              43.53537527716528
            ],
            [
              -8.159107106543381,
              43.53540355647428
            ],
            [
              -8.158980459978142,
              43.53542391113721
            ],
            [
              -8.158851848175535,
              43.53543618623472
            ],
            [
              -8.15872225,
              43.53544028834094
            ]
          ]
        ]
      },
      "properties": {
        "site_id": "tra-naron-ga15054009",
        "primary_name": "X-15 Castro de Vicás",
        "municipality": "Narón",
        "parish": "San Xiao de Narón",
        "place": "Vicás",
        "ga_code": "GA15054009",
        "record_type": "official_castro",
        "confidence": "high",
        "dataset_use": "test_positive_candidate",
        "split": "test",
        "coord_source": "Patrimonio Galego",
        "review_priority": "P1",
        "qgis_action": "Verificar coordenada y dibujar polígono/buffer entrenable.",
        "suggested_decision": "draw_training_polygon",
        "notes": "Presente en lista clásica Pena/Calaméo nº 19.",
        "buffer_radius_m": "120",
        "label_status": "seed_buffer_requires_visual_adjustment"
      }
    },
    {
      "type": "Feature",
      "geometry": {
        "type": "Polygon",
        "coordinates": [
          [
            [
              -8.103889,
              43.53478297834094
            ],
            [
              -8.10375940323709,
              43.53477887623472
            ],
            [
              -8.103630792836357,
              43.534766601137214
            ],
            [
              -8.103504147651568,
              43.53474624647429
            ],
            [
              -8.103380431576868,
              43.53471796716531
            ],
            [
              -8.103260586209501,
              43.534681978443835
            ],
            [
              -8.103145523682386,
              43.534638554219306
            ],
            [
              -8.10303611972109,
              43.53458802499196
            ],
            [
              -8.102933206978111,
              43.53453077533707
            ],
            [
              -8.102837568695222,
              43.53446724097752
            ],
            [
              -8.102749932742094,
              43.53439790546723
            ],
            [
              -8.102670966076651,
              43.53432329651033
            ],
            [
              -8.102601269669238,
              43.53424398194451
            ],
            [
              -8.1025413739293,
              43.534160565418844
            ],
            [
              -8.102491734669325,
              43.53407368179913
            ],
            [
              -8.102452729636743,
              43.533983992335685
            ],
            [
              -8.102424655640188,
              43.53389217963045
            ],
            [
              -8.102407726291908,
              43.533798942441635
            ],
            [
              -8.10240207038351,
              43.53370499036551
            ],
            [
              -8.102407730907313,
              43.53361103843574
            ],
            [
              -8.102424664730759,
              43.53351780168158
            ],
            [
              -8.102452742926268,
              43.5334259896861
            ],
            [
              -8.102491751754009,
              43.53333630118592
            ],
            [
              -8.102541394290036,
              43.533249418753726
            ],
            [
              -8.102601292687371,
              43.53316600360374
            ],
            [
              -8.102670991052788,
              43.53308669055998
            ],
            [
              -8.10274995891735,
              43.53301208322526
            ],
            [
              -8.102837595274272,
              43.532942749387985
            ],
            [
              -8.102933233153367,
              43.53287921670145
            ],
            [
              -8.103036144697226,
              43.53282196866873
            ],
            [
              -8.10314554670052,
              43.532771440963444
            ],
            [
              -8.103260606570235,
              43.53272801811461
            ],
            [
              -8.10338044866155,
              43.53269203058065
            ],
            [
              -8.103504160941092,
              43.532663752234924
            ],
            [
              -8.103630801926927,
              43.532643398281756
            ],
            [
              -8.103759407852493,
              43.53263112361891
            ],
            [
              -8.103889,
              43.53262702165906
            ],
            [
              -8.104018592147508,
              43.53263112361891
            ],
            [
              -8.104147198073074,
              43.532643398281756
            ],
            [
              -8.104273839058909,
              43.532663752234924
            ],
            [
              -8.104397551338451,
              43.53269203058065
            ],
            [
              -8.104517393429767,
              43.53272801811461
            ],
            [
              -8.104632453299484,
              43.532771440963444
            ],
            [
              -8.104741855302775,
              43.53282196866873
            ],
            [
              -8.104844766846634,
              43.53287921670145
            ],
            [
              -8.104940404725731,
              43.532942749387985
            ],
            [
              -8.105028041082651,
              43.53301208322526
            ],
            [
              -8.105107008947213,
              43.53308669055998
            ],
            [
              -8.105176707312632,
              43.53316600360374
            ],
            [
              -8.105236605709967,
              43.533249418753726
            ],
            [
              -8.105286248245994,
              43.53333630118592
            ],
            [
              -8.105325257073734,
              43.5334259896861
            ],
            [
              -8.105353335269243,
              43.53351780168158
            ],
            [
              -8.10537026909269,
              43.53361103843574
            ],
            [
              -8.105375929616493,
              43.53370499036551
            ],
            [
              -8.105370273708093,
              43.533798942441635
            ],
            [
              -8.105353344359814,
              43.53389217963045
            ],
            [
              -8.10532527036326,
              43.533983992335685
            ],
            [
              -8.105286265330678,
              43.53407368179913
            ],
            [
              -8.1052366260707,
              43.534160565418844
            ],
            [
              -8.105176730330763,
              43.53424398194451
            ],
            [
              -8.105107033923352,
              43.53432329651033
            ],
            [
              -8.105028067257907,
              43.53439790546723
            ],
            [
              -8.10494043130478,
              43.53446724097752
            ],
            [
              -8.10484479302189,
              43.53453077533707
            ],
            [
              -8.104741880278914,
              43.53458802499196
            ],
            [
              -8.104632476317615,
              43.534638554219306
            ],
            [
              -8.104517413790502,
              43.534681978443835
            ],
            [
              -8.104397568423135,
              43.53471796716531
            ],
            [
              -8.104273852348435,
              43.53474624647429
            ],
            [
              -8.104147207163646,
              43.534766601137214
            ],
            [
              -8.104018596762911,
              43.53477887623472
            ],
            [
              -8.103889,
              43.53478297834094
            ]
          ]
        ]
      },
      "properties": {
        "site_id": "tra-naron-ga15054010",
        "primary_name": "X-04 Castro da Ermida",
        "municipality": "Narón",
        "parish": "Pedroso",
        "place": "",
        "ga_code": "GA15054010",
        "record_type": "official_castro",
        "confidence": "high",
        "dataset_use": "test_positive_candidate",
        "split": "test",
        "coord_source": "Artabro",
        "review_priority": "P1",
        "qgis_action": "Verificar coordenada y dibujar polígono/buffer entrenable.",
        "suggested_decision": "draw_training_polygon",
        "notes": "Presente en lista clásica Pena/Calaméo nº 20. | 2 coordenadas candidatas en fuentes; se eligió Artabro por prioridad.",
        "buffer_radius_m": "120",
        "label_status": "seed_buffer_requires_visual_adjustment"
      }
    },
    {
      "type": "Feature",
      "geometry": {
        "type": "Polygon",
        "coordinates": [
          [
            [
              -8.22899613,
              43.56192631834094
            ],
            [
              -8.228866474863478,
              43.56192221623464
            ],
            [
              -8.228737806533465,
              43.56190994113693
            ],
            [
              -8.228611104304676,
              43.561889586473676
            ],
            [
              -8.22848733250546,
              43.56186130716422
            ],
            [
              -8.228367433157228,
              43.561825318442196
            ],
            [
              -8.228252318803765,
              43.56178189421701
            ],
            [
              -8.22814286556512,
              43.56173136498895
            ],
            [
              -8.228039906468847,
              43.561674115333275
            ],
            [
              -8.227944225109518,
              43.56161058097294
            ],
            [
              -8.227856549684647,
              43.561541245461854
            ],
            [
              -8.227777547452554,
              43.56146663650418
            ],
            [
              -8.22770781965425,
              43.561387321937644
            ],
            [
              -8.227647896938054,
              43.56130390541133
            ],
            [
              -8.227598235321713,
              43.561217021791045
            ],
            [
              -8.227559212722753,
              43.56112733232714
            ],
            [
              -8.22753112608344,
              43.56103551962157
            ],
            [
              -8.22751418911217,
              43.560942282432556
            ],
            [
              -8.227508530658497,
              43.56084833035635
            ],
            [
              -8.227514193734036,
              43.56075437842665
            ],
            [
              -8.227531135186736,
              43.5606611416727
            ],
            [
              -8.227559226030884,
              43.56056932967756
            ],
            [
              -8.227598252430315,
              43.560479641177835
            ],
            [
              -8.227647917327293,
              43.560392758746204
            ],
            [
              -8.227707842704609,
              43.560309343596884
            ],
            [
              -8.227777572463657,
              43.56023003055384
            ],
            [
              -8.227856575896547,
              43.56015542321989
            ],
            [
              -8.227944251725779,
              43.5600860893834
            ],
            [
              -8.228039932680748,
              43.56002255669766
            ],
            [
              -8.228142890576223,
              43.55996530866571
            ],
            [
              -8.228252341854123,
              43.55991478096115
            ],
            [
              -8.228367453546467,
              43.559871358112964
            ],
            [
              -8.228487349614065,
              43.55983537057958
            ],
            [
              -8.228611117612807,
              43.55980709223431
            ],
            [
              -8.22873781563676,
              43.55978673828147
            ],
            [
              -8.228866479485344,
              43.55977446361884
            ],
            [
              -8.22899613,
              43.55977036165905
            ],
            [
              -8.229125780514657,
              43.55977446361884
            ],
            [
              -8.22925444436324,
              43.55978673828147
            ],
            [
              -8.229381142387194,
              43.55980709223431
            ],
            [
              -8.229504910385938,
              43.55983537057958
            ],
            [
              -8.229624806453536,
              43.559871358112964
            ],
            [
              -8.229739918145878,
              43.55991478096115
            ],
            [
              -8.229849369423778,
              43.55996530866571
            ],
            [
              -8.229952327319253,
              43.56002255669766
            ],
            [
              -8.230048008274224,
              43.5600860893834
            ],
            [
              -8.230135684103455,
              43.56015542321989
            ],
            [
              -8.230214687536344,
              43.56023003055384
            ],
            [
              -8.230284417295394,
              43.560309343596884
            ],
            [
              -8.230344342672709,
              43.560392758746204
            ],
            [
              -8.230394007569686,
              43.560479641177835
            ],
            [
              -8.230433033969117,
              43.56056932967756
            ],
            [
              -8.230461124813266,
              43.5606611416727
            ],
            [
              -8.230478066265965,
              43.56075437842665
            ],
            [
              -8.230483729341506,
              43.56084833035635
            ],
            [
              -8.230478070887832,
              43.560942282432556
            ],
            [
              -8.230461133916561,
              43.56103551962157
            ],
            [
              -8.230433047277248,
              43.56112733232714
            ],
            [
              -8.230394024678288,
              43.561217021791045
            ],
            [
              -8.230344363061947,
              43.56130390541133
            ],
            [
              -8.23028444034575,
              43.561387321937644
            ],
            [
              -8.230214712547447,
              43.56146663650418
            ],
            [
              -8.230135710315354,
              43.561541245461854
            ],
            [
              -8.230048034890483,
              43.56161058097294
            ],
            [
              -8.229952353531154,
              43.561674115333275
            ],
            [
              -8.229849394434883,
              43.56173136498895
            ],
            [
              -8.229739941196236,
              43.56178189421701
            ],
            [
              -8.229624826842773,
              43.561825318442196
            ],
            [
              -8.22950492749454,
              43.56186130716422
            ],
            [
              -8.229381155695325,
              43.561889586473676
            ],
            [
              -8.229254453466536,
              43.56190994113693
            ],
            [
              -8.229125785136523,
              43.56192221623464
            ],
            [
              -8.22899613,
              43.56192631834094
            ]
          ]
        ]
      },
      "properties": {
        "site_id": "tra-naron-ga15054037",
        "primary_name": "X-07 Castro de A Pedreira",
        "municipality": "Narón",
        "parish": "O Val",
        "place": "Pedreira",
        "ga_code": "GA15054037",
        "record_type": "official_castro",
        "confidence": "high",
        "dataset_use": "positive_o_val_holdout",
        "split": "test_o_val",
        "coord_source": "Patrimonio Galego",
        "review_priority": "P0",
        "qgis_action": "Verificar coordenada y dibujar polígono/buffer; mantener fuera de entrenamiento.",
        "suggested_decision": "verify_holdout_polygon",
        "notes": "3 coordenadas candidatas en fuentes; se eligió Patrimonio Galego por prioridad.",
        "buffer_radius_m": "120",
        "label_status": "seed_buffer_requires_visual_adjustment"
      }
    },
    {
      "type": "Feature",
      "geometry": {
        "type": "Polygon",
        "coordinates": [
          [
            [
              -8.22056326,
              43.56813010834095
            ],
            [
              -8.220433591510332,
              43.56812600623464
            ],
            [
              -8.220304909928815,
              43.56811373113688
            ],
            [
              -8.220178194651034,
              43.56809337647354
            ],
            [
              -8.220054410104664,
              43.568065097163995
            ],
            [
              -8.219934498408136,
              43.568029108441834
            ],
            [
              -8.219819372199238,
              43.56798568421651
            ],
            [
              -8.219709907688243,
              43.56793515498827
            ],
            [
              -8.219606937988512,
              43.56787790533243
            ],
            [
              -8.219511246775312,
              43.56781437097191
            ],
            [
              -8.219423562321158,
              43.56774503546063
            ],
            [
              -8.219344551953084,
              43.567670426502794
            ],
            [
              -8.219274816974016,
              43.567591111936096
            ],
            [
              -8.219214888086917,
              43.567507695409624
            ],
            [
              -8.219165221356485,
              43.567420811789205
            ],
            [
              -8.219126194739163,
              43.56733112232519
            ],
            [
              -8.219098105207777,
              43.56723930961955
            ],
            [
              -8.219081166492728,
              43.56714607243049
            ],
            [
              -8.219075507456813,
              43.56705212035427
            ],
            [
              -8.21908117111607,
              43.56695816842459
            ],
            [
              -8.219098114313987,
              43.5668649316707
            ],
            [
              -8.21912620805155,
              43.56677311967563
            ],
            [
              -8.219165238470561,
              43.56668343117601
            ],
            [
              -8.219214908482677,
              43.5665965487445
            ],
            [
              -8.219274840031746,
              43.566513133595315
            ],
            [
              -8.219344576972187,
              43.566433820552454
            ],
            [
              -8.21942358854144,
              43.566359213218675
            ],
            [
              -8.219511273400085,
              43.56628987938237
            ],
            [
              -8.219606964208795,
              43.566226346696816
            ],
            [
              -8.219709932707346,
              43.56616909866504
            ],
            [
              -8.219819395256968,
              43.56611857096063
            ],
            [
              -8.219934518803896,
              43.5660751481126
            ],
            [
              -8.22005442721874,
              43.56603916057935
            ],
            [
              -8.220178207963423,
              43.56601088223418
            ],
            [
              -8.220304919035025,
              43.56599052828142
            ],
            [
              -8.220433596133676,
              43.56597825361883
            ],
            [
              -8.22056326,
              43.56597415165906
            ],
            [
              -8.220692923866325,
              43.56597825361883
            ],
            [
              -8.220821600964976,
              43.56599052828142
            ],
            [
              -8.22094831203658,
              43.56601088223418
            ],
            [
              -8.221072092781263,
              43.56603916057935
            ],
            [
              -8.221192001196105,
              43.5660751481126
            ],
            [
              -8.221307124743035,
              43.56611857096063
            ],
            [
              -8.221416587292655,
              43.56616909866504
            ],
            [
              -8.221519555791206,
              43.566226346696816
            ],
            [
              -8.221615246599917,
              43.56628987938237
            ],
            [
              -8.22170293145856,
              43.566359213218675
            ],
            [
              -8.221781943027816,
              43.566433820552454
            ],
            [
              -8.221851679968257,
              43.566513133595315
            ],
            [
              -8.221911611517326,
              43.5665965487445
            ],
            [
              -8.221961281529442,
              43.56668343117601
            ],
            [
              -8.222000311948452,
              43.56677311967563
            ],
            [
              -8.222028405686014,
              43.5668649316707
            ],
            [
              -8.222045348883931,
              43.56695816842459
            ],
            [
              -8.222051012543188,
              43.56705212035427
            ],
            [
              -8.222045353507275,
              43.56714607243049
            ],
            [
              -8.222028414792225,
              43.56723930961955
            ],
            [
              -8.222000325260838,
              43.56733112232519
            ],
            [
              -8.221961298643516,
              43.567420811789205
            ],
            [
              -8.221911631913086,
              43.567507695409624
            ],
            [
              -8.221851703025987,
              43.567591111936096
            ],
            [
              -8.221781968046919,
              43.567670426502794
            ],
            [
              -8.221702957678843,
              43.56774503546063
            ],
            [
              -8.221615273224689,
              43.56781437097191
            ],
            [
              -8.221519582011489,
              43.56787790533243
            ],
            [
              -8.221416612311758,
              43.56793515498827
            ],
            [
              -8.221307147800765,
              43.56798568421651
            ],
            [
              -8.221192021591865,
              43.568029108441834
            ],
            [
              -8.221072109895339,
              43.568065097163995
            ],
            [
              -8.220948325348967,
              43.56809337647354
            ],
            [
              -8.220821610071186,
              43.56811373113688
            ],
            [
              -8.220692928489669,
              43.56812600623464
            ],
            [
              -8.22056326,
              43.56813010834095
            ]
          ]
        ]
      },
      "properties": {
        "site_id": "tra-naron-vilasuso",
        "primary_name": "Castro de Vilasuso",
        "municipality": "Narón",
        "parish": "Santa María Maior do Val",
        "place": "",
        "ga_code": "GA150054001",
        "record_type": "classical_catalog_reference",
        "confidence": "medium_low",
        "dataset_use": "positive_o_val_holdout",
        "split": "test_o_val",
        "coord_source": "Patrimonio Galego",
        "review_priority": "P0",
        "qgis_action": "Verificar coordenada y dibujar polígono/buffer; mantener fuera de entrenamiento.",
        "suggested_decision": "verify_holdout_polygon",
        "notes": "Entrada de la lista clásica Pena/Calaméo pendiente de reconciliación con catálogo oficial. | 3 coordenadas candidatas en fuentes; se eligió Patrimonio Galego por prioridad.",
        "buffer_radius_m": "120",
        "label_status": "seed_buffer_requires_visual_adjustment"
      }
    },
    {
      "type": "Feature",
      "geometry": {
        "type": "Polygon",
        "coordinates": [
          [
            [
              -8.119167,
              43.54468897834095
            ],
            [
              -8.119037381943018,
              43.5446848762347
            ],
            [
              -8.118908750410304,
              43.544672601137115
            ],
            [
              -8.118782084416475,
              43.54465224647407
            ],
            [
              -8.118658348014069,
              43.54462396716492
            ],
            [
              -8.11853848295506,
              43.54458797844324
            ],
            [
              -8.118423401522248,
              43.544544554218476
            ],
            [
              -8.118313979585102,
              43.544494024990875
            ],
            [
              -8.118211049932938,
              43.54443677533569
            ],
            [
              -8.118115395936226,
              43.54437324097585
            ],
            [
              -8.118027745584229,
              43.54430390546527
            ],
            [
              -8.117948765944451,
              43.54422929650809
            ],
            [
              -8.117879058085977,
              43.544149981942006
            ],
            [
              -8.11781915250539,
              43.54406656541611
            ],
            [
              -8.11776950509005,
              43.54397968179618
            ],
            [
              -8.117730493649441,
              43.54388999233256
            ],
            [
              -8.117702415040943,
              43.54379817962722
            ],
            [
              -8.11768548291188,
              43.543704942438325
            ],
            [
              -8.117679826074992,
              43.54361099036217
            ],
            [
              -8.11768548752964,
              43.543517038432434
            ],
            [
              -8.117702424136157,
              43.54342380167836
            ],
            [
              -8.117730506945753,
              43.543331989683
            ],
            [
              -8.117769522183458,
              43.543242301182985
            ],
            [
              -8.117819172876521,
              43.543155418750985
            ],
            [
              -8.117879081115865,
              43.543072003601246
            ],
            [
              -8.117948790933344,
              43.542992690557746
            ],
            [
              -8.11802777177285,
              43.54291808322331
            ],
            [
              -8.118115422528847,
              43.54284874938631
            ],
            [
              -8.11821107612156,
              43.542785216700075
            ],
            [
              -8.118314004573993,
              43.54272796866763
            ],
            [
              -8.118423424552134,
              43.54267744096261
            ],
            [
              -8.11853850332619,
              43.542634018114015
            ],
            [
              -8.118658365107477,
              43.542598030580265
            ],
            [
              -8.118782097712788,
              43.542569752234705
            ],
            [
              -8.118908759505517,
              43.54254939828166
            ],
            [
              -8.11903738656078,
              43.54253712361888
            ],
            [
              -8.119167,
              43.542533021659054
            ],
            [
              -8.119296613439218,
              43.54253712361888
            ],
            [
              -8.119425240494481,
              43.54254939828166
            ],
            [
              -8.11955190228721,
              43.542569752234705
            ],
            [
              -8.11967563489252,
              43.542598030580265
            ],
            [
              -8.119795496673808,
              43.542634018114015
            ],
            [
              -8.119910575447863,
              43.54267744096261
            ],
            [
              -8.120019995426004,
              43.54272796866763
            ],
            [
              -8.120122923878439,
              43.542785216700075
            ],
            [
              -8.120218577471151,
              43.54284874938631
            ],
            [
              -8.120306228227149,
              43.54291808322331
            ],
            [
              -8.120385209066654,
              43.542992690557746
            ],
            [
              -8.120454918884134,
              43.543072003601246
            ],
            [
              -8.120514827123477,
              43.543155418750985
            ],
            [
              -8.120564477816538,
              43.543242301182985
            ],
            [
              -8.120603493054244,
              43.543331989683
            ],
            [
              -8.120631575863841,
              43.54342380167836
            ],
            [
              -8.120648512470359,
              43.543517038432434
            ],
            [
              -8.120654173925006,
              43.54361099036217
            ],
            [
              -8.120648517088117,
              43.543704942438325
            ],
            [
              -8.120631584959053,
              43.54379817962722
            ],
            [
              -8.120603506350555,
              43.54388999233256
            ],
            [
              -8.120564494909948,
              43.54397968179618
            ],
            [
              -8.120514847494606,
              43.54406656541611
            ],
            [
              -8.120454941914021,
              43.544149981942006
            ],
            [
              -8.120385234055545,
              43.54422929650809
            ],
            [
              -8.12030625441577,
              43.54430390546527
            ],
            [
              -8.120218604063773,
              43.54437324097585
            ],
            [
              -8.120122950067058,
              43.54443677533569
            ],
            [
              -8.120020020414897,
              43.544494024990875
            ],
            [
              -8.11991059847775,
              43.544544554218476
            ],
            [
              -8.119795517044938,
              43.54458797844324
            ],
            [
              -8.119675651985927,
              43.54462396716492
            ],
            [
              -8.119551915583521,
              43.54465224647407
            ],
            [
              -8.119425249589693,
              43.544672601137115
            ],
            [
              -8.119296618056978,
              43.5446848762347
            ],
            [
              -8.119167,
              43.54468897834095
            ]
          ]
        ]
      },
      "properties": {
        "site_id": "tra-naron-x-05-castro-da-pereiruga",
        "primary_name": "X-05 Castro da Pereiruga",
        "municipality": "Narón",
        "parish": "Pedroso",
        "place": "",
        "ga_code": "GA15054016",
        "record_type": "official_uncoded_castro",
        "confidence": "medium_high",
        "dataset_use": "test_positive_candidate",
        "split": "test",
        "coord_source": "Artabro",
        "review_priority": "P1",
        "qgis_action": "Verificar coordenada y dibujar polígono/buffer entrenable.",
        "suggested_decision": "draw_training_polygon",
        "notes": "Presente en lista clásica Pena/Calaméo nº 24. | 2 coordenadas candidatas en fuentes; se eligió Artabro por prioridad.",
        "buffer_radius_m": "120",
        "label_status": "seed_buffer_requires_visual_adjustment"
      }
    },
    {
      "type": "Feature",
      "geometry": {
        "type": "Polygon",
        "coordinates": [
          [
            [
              -8.156944,
              43.540382978340936
            ],
            [
              -8.156814391200589,
              43.54037887623471
            ],
            [
              -8.15668576885498,
              43.54036660113716
            ],
            [
              -8.156559111907855,
              43.540346246474165
            ],
            [
              -8.156435384342892,
              43.54031796716508
            ],
            [
              -8.156315527844802,
              43.540281978443495
            ],
            [
              -8.156200454631218,
              43.54023855421884
            ],
            [
              -8.15609104050905,
              43.540188024991345
            ],
            [
              -8.155988118208136,
              43.54013077533628
            ],
            [
              -8.155892471042987,
              43.540067240976576
            ],
            [
              -8.155804826950883,
              43.53999790546612
            ],
            [
              -8.155725852951681,
              43.53992329650906
            ],
            [
              -8.15565615007154,
              43.53984398194309
            ],
            [
              -8.155596248769164,
              43.539760565417296
            ],
            [
              -8.155546604899358,
              43.53967368179746
            ],
            [
              -8.155507596244632,
              43.53958399233392
            ],
            [
              -8.155479519641169,
              43.539492179628624
            ],
            [
              -8.155462588721049,
              43.53939894243976
            ],
            [
              -8.15545693228782,
              43.53930499036361
            ],
            [
              -8.155462593337786,
              43.53921103843387
            ],
            [
              -8.155479528734364,
              43.53911780167976
            ],
            [
              -8.155507609537993,
              43.53902598968435
            ],
            [
              -8.155546621988973,
              43.53893630118426
            ],
            [
              -8.155596269135774,
              43.53884941875217
            ],
            [
              -8.155656173096318,
              43.538766003602326
            ],
            [
              -8.155725877935026,
              43.53868669055872
            ],
            [
              -8.155804853133692,
              43.53861208322415
            ],
            [
              -8.15589249762971,
              43.53854274938704
            ],
            [
              -8.155988144390944,
              43.53847921670067
            ],
            [
              -8.156091065492395,
              43.53842196866811
            ],
            [
              -8.156200477655995,
              43.53837144096297
            ],
            [
              -8.156315548211412,
              43.53832801811427
            ],
            [
              -8.156435401432509,
              43.53829203058043
            ],
            [
              -8.156559125201216,
              43.538263752234805
            ],
            [
              -8.156685777948173,
              43.5382433982817
            ],
            [
              -8.156814395817326,
              43.5382311236189
            ],
            [
              -8.156944,
              43.53822702165906
            ],
            [
              -8.157073604182672,
              43.5382311236189
            ],
            [
              -8.157202222051826,
              43.5382433982817
            ],
            [
              -8.157328874798782,
              43.538263752234805
            ],
            [
              -8.15745259856749,
              43.53829203058043
            ],
            [
              -8.157572451788587,
              43.53832801811427
            ],
            [
              -8.157687522344004,
              43.53837144096297
            ],
            [
              -8.157796934507603,
              43.53842196866811
            ],
            [
              -8.157899855609054,
              43.53847921670067
            ],
            [
              -8.157995502370289,
              43.53854274938704
            ],
            [
              -8.158083146866307,
              43.53861208322415
            ],
            [
              -8.158162122064972,
              43.53868669055872
            ],
            [
              -8.15823182690368,
              43.538766003602326
            ],
            [
              -8.158291730864224,
              43.53884941875217
            ],
            [
              -8.158341378011025,
              43.53893630118426
            ],
            [
              -8.158380390462005,
              43.53902598968435
            ],
            [
              -8.158408471265634,
              43.53911780167976
            ],
            [
              -8.158425406662213,
              43.53921103843387
            ],
            [
              -8.15843106771218,
              43.53930499036361
            ],
            [
              -8.158425411278948,
              43.53939894243976
            ],
            [
              -8.15840848035883,
              43.539492179628624
            ],
            [
              -8.158380403755366,
              43.53958399233392
            ],
            [
              -8.15834139510064,
              43.53967368179746
            ],
            [
              -8.158291751230834,
              43.539760565417296
            ],
            [
              -8.158231849928459,
              43.53984398194309
            ],
            [
              -8.158162147048317,
              43.53992329650906
            ],
            [
              -8.158083173049116,
              43.53999790546612
            ],
            [
              -8.157995528957011,
              43.540067240976576
            ],
            [
              -8.157899881791863,
              43.54013077533628
            ],
            [
              -8.157796959490948,
              43.540188024991345
            ],
            [
              -8.15768754536878,
              43.54023855421884
            ],
            [
              -8.157572472155197,
              43.540281978443495
            ],
            [
              -8.157452615657107,
              43.54031796716508
            ],
            [
              -8.157328888092144,
              43.540346246474165
            ],
            [
              -8.15720223114502,
              43.54036660113716
            ],
            [
              -8.15707360879941,
              43.54037887623471
            ],
            [
              -8.156944,
              43.540382978340936
            ]
          ]
        ]
      },
      "properties": {
        "site_id": "tra-naron-x-06-castro-da-revolta",
        "primary_name": "X-06 Castro da Revolta",
        "municipality": "Narón",
        "parish": "Sedes",
        "place": "A Revolta",
        "ga_code": "GA15054008",
        "record_type": "official_uncoded_castro",
        "confidence": "medium_high",
        "dataset_use": "test_positive_candidate",
        "split": "test",
        "coord_source": "Artabro",
        "review_priority": "P1",
        "qgis_action": "Verificar coordenada y dibujar polígono/buffer entrenable.",
        "suggested_decision": "draw_training_polygon",
        "notes": "Presente en lista clásica Pena/Calaméo nº 17. | 2 coordenadas candidatas en fuentes; se eligió Artabro por prioridad.",
        "buffer_radius_m": "120",
        "label_status": "seed_buffer_requires_visual_adjustment"
      }
    },
    {
      "type": "Feature",
      "geometry": {
        "type": "Polygon",
        "coordinates": [
          [
            [
              -8.14037,
              43.523037978340945
            ],
            [
              -8.140240428470216,
              43.52303387623474
            ],
            [
              -8.140111843110539,
              43.52302160113734
            ],
            [
              -8.139985222584126,
              43.52300124647455
            ],
            [
              -8.139861530597427,
              43.522972967165764
            ],
            [
              -8.139741708564339,
              43.522936978444534
            ],
            [
              -8.139626668440167,
              43.522893554220296
            ],
            [
              -8.139517285779961,
              43.522843024993264
            ],
            [
              -8.139414393074095,
              43.52278577533869
            ],
            [
              -8.139318773411832,
              43.52272224097949
            ],
            [
              -8.139231154521132,
              43.52265290546954
            ],
            [
              -8.139152203230063,
              43.52257829651298
            ],
            [
              -8.139082520391973,
              43.52249898194748
            ],
            [
              -8.139022636313047,
              43.52241556542209
            ],
            [
              -8.138973006717045,
              43.52232868180262
            ],
            [
              -8.13893400927787,
              43.52223899233936
            ],
            [
              -8.13890594074639,
              43.52214717963428
            ],
            [
              -8.138889014693298,
              43.52205394244555
            ],
            [
              -8.138883359885144,
              43.52195999036945
            ],
            [
              -8.138889019305909,
              43.52186603843966
            ],
            [
              -8.13890594983146,
              43.521772801685415
            ],
            [
              -8.138934022559352,
              43.52168098968979
            ],
            [
              -8.13897302379139,
              43.52159130118941
            ],
            [
              -8.13902265666146,
              43.52150441875696
            ],
            [
              -8.139082543396178,
              43.521421003606704
            ],
            [
              -8.139152228191088,
              43.52134169056263
            ],
            [
              -8.139231180680548,
              43.52126708322758
            ],
            [
              -8.1393187999748,
              43.521197749389955
            ],
            [
              -8.13941441923351,
              43.52113421670308
            ],
            [
              -8.139517310740986,
              43.52107696867002
            ],
            [
              -8.139626691444372,
              43.52102644096443
            ],
            [
              -8.139741728912753,
              43.5209830181153
            ],
            [
              -8.139861547671773,
              43.52094703058111
            ],
            [
              -8.13998523586561,
              43.5209187522352
            ],
            [
              -8.14011185219561,
              43.52089839828186
            ],
            [
              -8.140240433082827,
              43.52088612361894
            ],
            [
              -8.14037,
              43.52088202165905
            ],
            [
              -8.140499566917175,
              43.52088612361894
            ],
            [
              -8.140628147804394,
              43.52089839828186
            ],
            [
              -8.140754764134392,
              43.5209187522352
            ],
            [
              -8.140878452328229,
              43.52094703058111
            ],
            [
              -8.140998271087248,
              43.5209830181153
            ],
            [
              -8.14111330855563,
              43.52102644096443
            ],
            [
              -8.141222689259015,
              43.52107696867002
            ],
            [
              -8.141325580766491,
              43.52113421670308
            ],
            [
              -8.141421200025201,
              43.521197749389955
            ],
            [
              -8.141508819319453,
              43.52126708322758
            ],
            [
              -8.141587771808913,
              43.52134169056263
            ],
            [
              -8.141657456603825,
              43.521421003606704
            ],
            [
              -8.141717343338541,
              43.52150441875696
            ],
            [
              -8.141766976208611,
              43.52159130118941
            ],
            [
              -8.141805977440649,
              43.52168098968979
            ],
            [
              -8.14183405016854,
              43.521772801685415
            ],
            [
              -8.141850980694093,
              43.52186603843966
            ],
            [
              -8.141856640114858,
              43.52195999036945
            ],
            [
              -8.141850985306704,
              43.52205394244555
            ],
            [
              -8.141834059253611,
              43.52214717963428
            ],
            [
              -8.141805990722133,
              43.52223899233936
            ],
            [
              -8.141766993282959,
              43.52232868180262
            ],
            [
              -8.141717363686954,
              43.52241556542209
            ],
            [
              -8.141657479608028,
              43.52249898194748
            ],
            [
              -8.141587796769938,
              43.52257829651298
            ],
            [
              -8.141508845478869,
              43.52265290546954
            ],
            [
              -8.14142122658817,
              43.52272224097949
            ],
            [
              -8.141325606925907,
              43.52278577533869
            ],
            [
              -8.141222714220042,
              43.522843024993264
            ],
            [
              -8.141113331559835,
              43.522893554220296
            ],
            [
              -8.140998291435663,
              43.522936978444534
            ],
            [
              -8.140878469402576,
              43.522972967165764
            ],
            [
              -8.140754777415877,
              43.52300124647455
            ],
            [
              -8.140628156889463,
              43.52302160113734
            ],
            [
              -8.140499571529785,
              43.52303387623474
            ],
            [
              -8.14037,
              43.523037978340945
            ]
          ]
        ]
      },
      "properties": {
        "site_id": "tra-neda-castro-de-ancos",
        "primary_name": "Castro de Ancos",
        "municipality": "Neda",
        "parish": "Santa María de Neda",
        "place": "Alto de Ancos",
        "ga_code": "",
        "record_type": "official_uncoded_castro",
        "confidence": "medium_high",
        "dataset_use": "train_positive_candidate",
        "split": "train",
        "coord_source": "Galipedia",
        "review_priority": "P1",
        "qgis_action": "Verificar coordenada y dibujar polígono/buffer entrenable.",
        "suggested_decision": "draw_training_polygon",
        "notes": "catálogo NNSS Neda, ficha 42 | Presente en lista clásica Pena/Calaméo nº 46.",
        "buffer_radius_m": "120",
        "label_status": "seed_buffer_requires_visual_adjustment"
      }
    },
    {
      "type": "Feature",
      "geometry": {
        "type": "Polygon",
        "coordinates": [
          [
            [
              -8.1200803,
              43.486273178340944
            ],
            [
              -8.1199508073576,
              43.486269076234855
            ],
            [
              -8.119822300284826,
              43.48625680113771
            ],
            [
              -8.119695756848932,
              43.48623644647539
            ],
            [
              -8.119572140169568,
              43.48620816716722
            ],
            [
              -8.119452391087416,
              43.48617217844676
            ],
            [
              -8.119337421002509,
              43.4861287542234
            ],
            [
              -8.119228104936802,
              43.48607822499735
            ],
            [
              -8.119125274873797,
              43.48602097534381
            ],
            [
              -8.119029713425986,
              43.485957440985686
            ],
            [
              -8.118942147878272,
              43.48588810547681
            ],
            [
              -8.118863244652758,
              43.48581349652129
            ],
            [
              -8.118793604237009,
              43.48573418195676
            ],
            [
              -8.118733756614398,
              43.485650765432254
            ],
            [
              -8.11868415723128,
              43.48556388181355
            ],
            [
              -8.118645183531697,
              43.485474192350914
            ],
            [
              -8.118617132085927,
              43.48538237964629
            ],
            [
              -8.118600216334709,
              43.485289142457844
            ],
            [
              -8.1185945649663,
              43.48519519038183
            ],
            [
              -8.118600220938593,
              43.485101238451946
            ],
            [
              -8.118617141153804,
              43.48500800169742
            ],
            [
              -8.11864519678805,
              43.48491618970134
            ],
            [
              -8.118684174273318,
              43.48482650120034
            ],
            [
              -8.118733776924307,
              43.48473961876714
            ],
            [
              -8.118793627197686,
              43.484656203615984
            ],
            [
              -8.11886326956655,
              43.48457689057094
            ],
            [
              -8.118942173988188,
              43.48450228323485
            ],
            [
              -8.119029739938691,
              43.48443294939615
            ],
            [
              -8.119125300983713,
              43.4843694167082
            ],
            [
              -8.119228129850592,
              43.4843121686741
            ],
            [
              -8.119337443963184,
              43.484261640967524
            ],
            [
              -8.119452411397324,
              43.48421821811752
            ],
            [
              -8.119572157211604,
              43.48418223058257
            ],
            [
              -8.119695770105283,
              43.484153952236035
            ],
            [
              -8.119822309352706,
              43.48413359828225
            ],
            [
              -8.119950811961482,
              43.484121323619036
            ],
            [
              -8.1200803,
              43.48411722165906
            ],
            [
              -8.120209788038517,
              43.484121323619036
            ],
            [
              -8.120338290647295,
              43.48413359828225
            ],
            [
              -8.120464829894718,
              43.484153952236035
            ],
            [
              -8.120588442788396,
              43.48418223058257
            ],
            [
              -8.120708188602677,
              43.48421821811752
            ],
            [
              -8.120823156036817,
              43.484261640967524
            ],
            [
              -8.120932470149407,
              43.4843121686741
            ],
            [
              -8.121035299016288,
              43.4843694167082
            ],
            [
              -8.12113086006131,
              43.48443294939615
            ],
            [
              -8.121218426011813,
              43.48450228323485
            ],
            [
              -8.121297330433451,
              43.48457689057094
            ],
            [
              -8.121366972802315,
              43.484656203615984
            ],
            [
              -8.121426823075694,
              43.48473961876714
            ],
            [
              -8.121476425726684,
              43.48482650120034
            ],
            [
              -8.121515403211951,
              43.48491618970134
            ],
            [
              -8.121543458846197,
              43.48500800169742
            ],
            [
              -8.121560379061409,
              43.485101238451946
            ],
            [
              -8.121566035033702,
              43.48519519038183
            ],
            [
              -8.12156038366529,
              43.485289142457844
            ],
            [
              -8.121543467914075,
              43.48538237964629
            ],
            [
              -8.121515416468304,
              43.485474192350914
            ],
            [
              -8.121476442768719,
              43.48556388181355
            ],
            [
              -8.121426843385603,
              43.485650765432254
            ],
            [
              -8.12136699576299,
              43.48573418195676
            ],
            [
              -8.121297355347243,
              43.48581349652129
            ],
            [
              -8.12121845212173,
              43.48588810547681
            ],
            [
              -8.121130886574015,
              43.485957440985686
            ],
            [
              -8.121035325126204,
              43.48602097534381
            ],
            [
              -8.1209324950632,
              43.48607822499735
            ],
            [
              -8.120823178997492,
              43.4861287542234
            ],
            [
              -8.120708208912585,
              43.48617217844676
            ],
            [
              -8.120588459830433,
              43.48620816716722
            ],
            [
              -8.120464843151069,
              43.48623644647539
            ],
            [
              -8.120338299715174,
              43.48625680113771
            ],
            [
              -8.120209792642399,
              43.486269076234855
            ],
            [
              -8.1200803,
              43.486273178340944
            ]
          ]
        ]
      },
      "properties": {
        "site_id": "tra-neda-castro-de-viladonelle",
        "primary_name": "Castro de Viladonelle",
        "municipality": "Neda",
        "parish": "Viladonelle",
        "place": "Monte da Croa",
        "ga_code": "",
        "record_type": "official_uncoded_castro",
        "confidence": "medium_high",
        "dataset_use": "train_positive_candidate",
        "split": "train",
        "coord_source": "Galipedia",
        "review_priority": "P1",
        "qgis_action": "Verificar coordenada y dibujar polígono/buffer entrenable.",
        "suggested_decision": "draw_training_polygon",
        "notes": "catálogo NNSS Neda, ficha 43 | Presente en lista clásica Pena/Calaméo nº 47.",
        "buffer_radius_m": "120",
        "label_status": "seed_buffer_requires_visual_adjustment"
      }
    },
    {
      "type": "Feature",
      "geometry": {
        "type": "Polygon",
        "coordinates": [
          [
            [
              -8.0346941,
              43.547873878340944
            ],
            [
              -8.034564475094408,
              43.547869776234684
            ],
            [
              -8.03443583676521,
              43.54785750113709
            ],
            [
              -8.034309164078763,
              43.547837146473995
            ],
            [
              -8.034185421138545,
              43.54780886716478
            ],
            [
              -8.034065549746296,
              43.54777287844305
            ],
            [
              -8.03395046223302,
              43.54772945421821
            ],
            [
              -8.03384103451447,
              43.547678924990514
            ],
            [
              -8.033738099423962,
              43.547621675335236
            ],
            [
              -8.033642440373358,
              43.54755814097531
            ],
            [
              -8.033554785390388,
              43.54748880546464
            ],
            [
              -8.033475801577797,
              43.54741419650737
            ],
            [
              -8.033406090036424,
              43.547334881941204
            ],
            [
              -8.033346181290879,
              43.54725146541522
            ],
            [
              -8.033296531252608,
              43.54716458179523
            ],
            [
              -8.033257517751045,
              43.54707489233156
            ],
            [
              -8.03322943765925,
              43.54698307962617
            ],
            [
              -8.033212504635827,
              43.54688984243727
            ],
            [
              -8.033206847500319,
              43.546795890361096
            ],
            [
              -8.033212509254346,
              43.546701938431355
            ],
            [
              -8.033229446755955,
              43.54660870167731
            ],
            [
              -8.03325753104954,
              43.54651688968199
            ],
            [
              -8.033296548348822,
              43.546427201182034
            ],
            [
              -8.033346201665355,
              43.546340318750104
            ],
            [
              -8.033406113070091,
              43.54625690360044
            ],
            [
              -8.03347582657079,
              43.54617759055702
            ],
            [
              -8.033554811583308,
              43.546102983222674
            ],
            [
              -8.033642466970345,
              43.54603364938577
            ],
            [
              -8.033738125616884,
              43.54597011669963
            ],
            [
              -8.033841059507463,
              43.54591286866728
            ],
            [
              -8.033950485266688,
              43.54586234096234
            ],
            [
              -8.034065570120772,
              43.54581891811382
            ],
            [
              -8.03418543823476,
              43.54578293058014
            ],
            [
              -8.034309177377256,
              43.545754652234635
            ],
            [
              -8.034435845861916,
              43.545734298281616
            ],
            [
              -8.034564479712925,
              43.54572202361887
            ],
            [
              -8.0346941,
              43.545717921659055
            ],
            [
              -8.034823720287072,
              43.54572202361887
            ],
            [
              -8.034952354138083,
              43.545734298281616
            ],
            [
              -8.035079022622742,
              43.545754652234635
            ],
            [
              -8.03520276176524,
              43.54578293058014
            ],
            [
              -8.035322629879227,
              43.54581891811382
            ],
            [
              -8.03543771473331,
              43.54586234096234
            ],
            [
              -8.035547140492536,
              43.54591286866728
            ],
            [
              -8.035650074383115,
              43.54597011669963
            ],
            [
              -8.035745733029653,
              43.54603364938577
            ],
            [
              -8.035833388416691,
              43.546102983222674
            ],
            [
              -8.035912373429209,
              43.54617759055702
            ],
            [
              -8.035982086929906,
              43.54625690360044
            ],
            [
              -8.036041998334642,
              43.546340318750104
            ],
            [
              -8.036091651651176,
              43.546427201182034
            ],
            [
              -8.03613066895046,
              43.54651688968199
            ],
            [
              -8.036158753244043,
              43.54660870167731
            ],
            [
              -8.036175690745653,
              43.546701938431355
            ],
            [
              -8.03618135249968,
              43.546795890361096
            ],
            [
              -8.036175695364172,
              43.54688984243727
            ],
            [
              -8.036158762340749,
              43.54698307962617
            ],
            [
              -8.036130682248954,
              43.54707489233156
            ],
            [
              -8.03609166874739,
              43.54716458179523
            ],
            [
              -8.03604201870912,
              43.54725146541522
            ],
            [
              -8.035982109963575,
              43.547334881941204
            ],
            [
              -8.035912398422202,
              43.54741419650737
            ],
            [
              -8.03583341460961,
              43.54748880546464
            ],
            [
              -8.035745759626641,
              43.54755814097531
            ],
            [
              -8.035650100576035,
              43.547621675335236
            ],
            [
              -8.035547165485529,
              43.547678924990514
            ],
            [
              -8.035437737766978,
              43.54772945421821
            ],
            [
              -8.035322650253702,
              43.54777287844305
            ],
            [
              -8.035202778861454,
              43.54780886716478
            ],
            [
              -8.035079035921235,
              43.547837146473995
            ],
            [
              -8.034952363234789,
              43.54785750113709
            ],
            [
              -8.034823724905591,
              43.547869776234684
            ],
            [
              -8.0346941,
              43.547873878340944
            ]
          ]
        ]
      },
      "properties": {
        "site_id": "tra-san-sadurnino-castro-da-croa-do-redo",
        "primary_name": "Castro da Croa do Redo",
        "municipality": "San Sadurniño",
        "parish": "Lamas",
        "place": "Lugar de Redo",
        "ga_code": "GA15076008",
        "record_type": "official_uncoded_castro",
        "confidence": "medium_high",
        "dataset_use": "val_positive_candidate",
        "split": "val",
        "coord_source": "Galipedia",
        "review_priority": "P1",
        "qgis_action": "Verificar coordenada y dibujar polígono/buffer entrenable.",
        "suggested_decision": "draw_training_polygon",
        "notes": "OCR lee Retío; Fálame/Galipedia leen Redo | Presente en lista clásica Pena/Calaméo nº 73. | parte del sistema de cinco castros del Val do Xuvia",
        "buffer_radius_m": "120",
        "label_status": "seed_buffer_requires_visual_adjustment"
      }
    },
    {
      "type": "Feature",
      "geometry": {
        "type": "Polygon",
        "coordinates": [
          [
            [
              -8.08040294,
              43.53811889834094
            ],
            [
              -8.080273336067368,
              43.538114796234716
            ],
            [
              -8.080144718551484,
              43.53810252113719
            ],
            [
              -8.080018066360282,
              43.53808216647422
            ],
            [
              -8.079894343441232,
              43.53805388716517
            ],
            [
              -8.079774491443679,
              43.538017898443634
            ],
            [
              -8.079659422551007,
              43.53797447421903
            ],
            [
              -8.079550012537231,
              43.53792394499159
            ],
            [
              -8.079447094100923,
              43.53786669533661
            ],
            [
              -8.07935145052718,
              43.537803160976964
            ],
            [
              -8.079263809725948,
              43.53773382546657
            ],
            [
              -8.07918483869204,
              43.537659216509574
            ],
            [
              -8.079115138429048,
              43.53757990194367
            ],
            [
              -8.079055239375759,
              43.53749648541792
            ],
            [
              -8.079005597369868,
              43.53740960179813
            ],
            [
              -8.0789665901797,
              43.53731991233463
            ],
            [
              -8.078938514630302,
              43.53722809962936
            ],
            [
              -8.07892158434573,
              43.537134862440524
            ],
            [
              -8.078915928124708,
              43.53704091036438
            ],
            [
              -8.078921588961927,
              43.536946958434626
            ],
            [
              -8.078938523722433,
              43.5368537216805
            ],
            [
              -8.07896660347151,
              43.53676190968506
            ],
            [
              -8.07900561445749,
              43.536672221184936
            ],
            [
              -8.079055259739993,
              43.5365853387528
            ],
            [
              -8.079115161451139,
              43.5365019236029
            ],
            [
              -8.07918486367247,
              43.536422610559235
            ],
            [
              -8.079263835905703,
              43.5363480032246
            ],
            [
              -8.0793514771108,
              43.536278669387414
            ],
            [
              -8.07944712028068,
              43.53621513670099
            ],
            [
              -8.079550037517665,
              43.53615788866837
            ],
            [
              -8.079659445573098,
              43.536107360963165
            ],
            [
              -8.079774511807914,
              43.5360639381144
            ],
            [
              -8.079894360528854,
              43.536027950580525
            ],
            [
              -8.080018079652092,
              43.53599967223486
            ],
            [
              -8.080144727643619,
              43.53597931828172
            ],
            [
              -8.080273340683563,
              43.535967043618896
            ],
            [
              -8.08040294,
              43.53596294165906
            ],
            [
              -8.08053253931644,
              43.535967043618896
            ],
            [
              -8.080661152356384,
              43.53597931828172
            ],
            [
              -8.080787800347911,
              43.53599967223486
            ],
            [
              -8.08091151947115,
              43.536027950580525
            ],
            [
              -8.08103136819209,
              43.5360639381144
            ],
            [
              -8.081146434426906,
              43.536107360963165
            ],
            [
              -8.081255842482339,
              43.53615788866837
            ],
            [
              -8.081358759719324,
              43.53621513670099
            ],
            [
              -8.081454402889202,
              43.536278669387414
            ],
            [
              -8.0815420440943,
              43.5363480032246
            ],
            [
              -8.081621016327531,
              43.536422610559235
            ],
            [
              -8.081690718548865,
              43.5365019236029
            ],
            [
              -8.08175062026001,
              43.5365853387528
            ],
            [
              -8.081800265542514,
              43.536672221184936
            ],
            [
              -8.081839276528493,
              43.53676190968506
            ],
            [
              -8.08186735627757,
              43.5368537216805
            ],
            [
              -8.081884291038076,
              43.536946958434626
            ],
            [
              -8.081889951875295,
              43.53704091036438
            ],
            [
              -8.081884295654273,
              43.537134862440524
            ],
            [
              -8.081867365369702,
              43.53722809962936
            ],
            [
              -8.081839289820303,
              43.53731991233463
            ],
            [
              -8.081800282630136,
              43.53740960179813
            ],
            [
              -8.081750640624243,
              43.53749648541792
            ],
            [
              -8.081690741570956,
              43.53757990194367
            ],
            [
              -8.081621041307963,
              43.537659216509574
            ],
            [
              -8.081542070274056,
              43.53773382546657
            ],
            [
              -8.081454429472823,
              43.537803160976964
            ],
            [
              -8.08135878589908,
              43.53786669533661
            ],
            [
              -8.081255867462772,
              43.53792394499159
            ],
            [
              -8.081146457448996,
              43.53797447421903
            ],
            [
              -8.081031388556324,
              43.538017898443634
            ],
            [
              -8.080911536558771,
              43.53805388716517
            ],
            [
              -8.080787813639722,
              43.53808216647422
            ],
            [
              -8.080661161448518,
              43.53810252113719
            ],
            [
              -8.080532543932636,
              43.538114796234716
            ],
            [
              -8.08040294,
              43.53811889834094
            ]
          ]
        ]
      },
      "properties": {
        "site_id": "tra-san-sadurnino-castro-da-croa-ou-castro-de-rupiallo",
        "primary_name": "Castro da Croa ou Castro de Rupiallo",
        "municipality": "San Sadurniño",
        "parish": "San Sadurniño",
        "place": "Lugar de Rupiallo",
        "ga_code": "GA15076009",
        "record_type": "official_uncoded_castro",
        "confidence": "medium_high",
        "dataset_use": "val_positive_candidate",
        "split": "val",
        "coord_source": "Patrimonio Galego",
        "review_priority": "P1",
        "qgis_action": "Verificar coordenada y dibujar polígono/buffer entrenable.",
        "suggested_decision": "draw_training_polygon",
        "notes": "catálogo NNSS San Sadurniño | flanco suroeste del sistema; junto a A Portela | 2 coordenadas candidatas en fuentes; se eligió Patrimonio Galego por prioridad.",
        "buffer_radius_m": "120",
        "label_status": "seed_buffer_requires_visual_adjustment"
      }
    },
    {
      "type": "Feature",
      "geometry": {
        "type": "Polygon",
        "coordinates": [
          [
            [
              -8.0751767,
              43.58476547834095
            ],
            [
              -8.075046995682985,
              43.58476137623459
            ],
            [
              -8.074918278546834,
              43.584749101136715
            ],
            [
              -8.074791528257766,
              43.58472874647317
            ],
            [
              -8.074667709509958,
              43.58470046716334
            ],
            [
              -8.074547764682169,
              43.58466447844083
            ],
            [
              -8.074432606664368,
              43.584621054215106
            ],
            [
              -8.074323111908942,
              43.58457052498643
            ],
            [
              -8.074220113759448,
              43.58451327533011
            ],
            [
              -8.074124396107681,
              43.584449740969106
            ],
            [
              -8.074036687427377,
              43.584380405457345
            ],
            [
              -8.07395765522994,
              43.584305796499024
            ],
            [
              -8.073887900984422,
              43.58422648193188
            ],
            [
              -8.073827955540393,
              43.58414306540501
            ],
            [
              -8.073778275088538,
              43.584056181784256
            ],
            [
              -8.073739237689688,
              43.583966492319966
            ],
            [
              -8.073711140398691,
              43.58387467961412
            ],
            [
              -8.073694197004961,
              43.58378144242492
            ],
            [
              -8.073688536406863,
              43.583687490348666
            ],
            [
              -8.073694201632271,
              43.58359353841903
            ],
            [
              -8.073711149512715,
              43.583500301665254
            ],
            [
              -8.073739251013496,
              43.58340848967039
            ],
            [
              -8.073778292217295,
              43.58331880117105
            ],
            [
              -8.073827975953652,
              43.58323191873989
            ],
            [
              -8.073887924061935,
              43.58314850359112
            ],
            [
              -8.073957680270512,
              43.58306919054869
            ],
            [
              -8.074036713670157,
              43.58299458321539
            ],
            [
              -8.074124422755299,
              43.582925249379564
            ],
            [
              -8.074220140002229,
              43.582861716694495
            ],
            [
              -8.074323136949513,
              43.58280446866319
            ],
            [
              -8.074432629741883,
              43.582753940959236
            ],
            [
              -8.074547785095431,
              43.582710518111604
            ],
            [
              -8.074667726638717,
              43.582674530578686
            ],
            [
              -8.074791541581575,
              43.58264625223381
            ],
            [
              -8.074918287660855,
              43.58262589828125
            ],
            [
              -8.075047000310295,
              43.58261362361879
            ],
            [
              -8.0751767,
              43.58260952165906
            ],
            [
              -8.075306399689707,
              43.58261362361879
            ],
            [
              -8.075435112339145,
              43.58262589828125
            ],
            [
              -8.075561858418425,
              43.58264625223381
            ],
            [
              -8.075685673361283,
              43.582674530578686
            ],
            [
              -8.07580561490457,
              43.582710518111604
            ],
            [
              -8.075920770258117,
              43.582753940959236
            ],
            [
              -8.076030263050487,
              43.58280446866319
            ],
            [
              -8.076133259997773,
              43.582861716694495
            ],
            [
              -8.076228977244702,
              43.582925249379564
            ],
            [
              -8.076316686329843,
              43.58299458321539
            ],
            [
              -8.07639571972949,
              43.58306919054869
            ],
            [
              -8.076465475938065,
              43.58314850359112
            ],
            [
              -8.076525424046348,
              43.58323191873989
            ],
            [
              -8.076575107782705,
              43.58331880117105
            ],
            [
              -8.076614148986506,
              43.58340848967039
            ],
            [
              -8.076642250487287,
              43.583500301665254
            ],
            [
              -8.07665919836773,
              43.58359353841903
            ],
            [
              -8.07666486359314,
              43.583687490348666
            ],
            [
              -8.07665920299504,
              43.58378144242492
            ],
            [
              -8.076642259601309,
              43.58387467961412
            ],
            [
              -8.076614162310314,
              43.583966492319966
            ],
            [
              -8.076575124911464,
              43.584056181784256
            ],
            [
              -8.076525444459609,
              43.58414306540501
            ],
            [
              -8.076465499015578,
              43.58422648193188
            ],
            [
              -8.07639574477006,
              43.584305796499024
            ],
            [
              -8.076316712572623,
              43.584380405457345
            ],
            [
              -8.076229003892319,
              43.584449740969106
            ],
            [
              -8.076133286240553,
              43.58451327533011
            ],
            [
              -8.076030288091058,
              43.58457052498643
            ],
            [
              -8.075920793335632,
              43.584621054215106
            ],
            [
              -8.075805635317831,
              43.58466447844083
            ],
            [
              -8.075685690490042,
              43.58470046716334
            ],
            [
              -8.075561871742234,
              43.58472874647317
            ],
            [
              -8.075435121453168,
              43.584749101136715
            ],
            [
              -8.075306404317015,
              43.58476137623459
            ],
            [
              -8.0751767,
              43.58476547834095
            ]
          ]
        ]
      },
      "properties": {
        "site_id": "tra-san-sadurnino-castro-de-castrelo",
        "primary_name": "Castro de Castrelo",
        "municipality": "San Sadurniño",
        "parish": "Monte",
        "place": "Lugar de Castrelo",
        "ga_code": "GA15076003",
        "record_type": "official_uncoded_castro",
        "confidence": "medium_high",
        "dataset_use": "val_positive_candidate",
        "split": "val",
        "coord_source": "Galipedia",
        "review_priority": "P1",
        "qgis_action": "Verificar coordenada y dibujar polígono/buffer entrenable.",
        "suggested_decision": "draw_training_polygon",
        "notes": "catálogo NNSS San Sadurniño | Presente en lista clásica Pena/Calaméo nº 69. | Presente en lista clásica Pena/Calaméo nº 70. | apoyo norte; deteriorado; fuente en Fálame y Ateneo 1987 | solo pista nominal Galipedia/O Noso Patrimonio; confirmar",
        "buffer_radius_m": "120",
        "label_status": "seed_buffer_requires_visual_adjustment"
      }
    },
    {
      "type": "Feature",
      "geometry": {
        "type": "Polygon",
        "coordinates": [
          [
            [
              -8.042156,
              43.54223187834093
            ],
            [
              -8.04202638722585,
              43.54222777623469
            ],
            [
              -8.04189776093575,
              43.542215501137136
            ],
            [
              -8.04177110010442,
              43.542195146474114
            ],
            [
              -8.041647368745098,
              43.542166867165
            ],
            [
              -8.041527508571374,
              43.54213087844339
            ],
            [
              -8.04141243182886,
              43.542087454218674
            ],
            [
              -8.041303014351328,
              43.54203692499113
            ],
            [
              -8.041200088894152,
              43.54197967533602
            ],
            [
              -8.041104438795866,
              43.541916140976255
            ],
            [
              -8.041016792016077,
              43.541846805465745
            ],
            [
              -8.04093781559509,
              43.54177219650864
            ],
            [
              -8.0408681105775,
              43.54169288194262
            ],
            [
              -8.040808207438273,
              43.54160946541677
            ],
            [
              -8.040758562046191,
              43.5415225817969
            ],
            [
              -8.040719552195345,
              43.54143289233333
            ],
            [
              -8.04069147473102,
              43.54134107962801
            ],
            [
              -8.040674543291837,
              43.54124784243914
            ],
            [
              -8.040668886685298,
              43.541153890362985
            ],
            [
              -8.040674547909013,
              43.54105993843324
            ],
            [
              -8.04069148382508,
              43.540966701679146
            ],
            [
              -8.040719565489972,
              43.54087488968376
            ],
            [
              -8.040758579137435,
              43.5407852011837
            ],
            [
              -8.040808227806824,
              43.54069831875165
            ],
            [
              -8.040868133604473,
              43.54061490360185
            ],
            [
              -8.040937840580817,
              43.54053559055829
            ],
            [
              -8.041016818201381,
              43.54046098322378
            ],
            [
              -8.041104465385123,
              43.54039164938672
            ],
            [
              -8.041200115079457,
              43.54032811670041
            ],
            [
              -8.041303039337054,
              43.540270868667896
            ],
            [
              -8.04141245485583,
              43.540220340962804
            ],
            [
              -8.041527528939923,
              43.54017691811414
            ],
            [
              -8.041647385836342,
              43.54014093058035
            ],
            [
              -8.041771113399047,
              43.540112652234754
            ],
            [
              -8.041897770029811,
              43.54009229828167
            ],
            [
              -8.042026391843025,
              43.54008002361889
            ],
            [
              -8.042156,
              43.540075921659046
            ],
            [
              -8.042285608156975,
              43.54008002361889
            ],
            [
              -8.042414229970188,
              43.54009229828167
            ],
            [
              -8.042540886600952,
              43.540112652234754
            ],
            [
              -8.042664614163659,
              43.54014093058035
            ],
            [
              -8.042784471060077,
              43.54017691811414
            ],
            [
              -8.04289954514417,
              43.540220340962804
            ],
            [
              -8.043008960662945,
              43.540270868667896
            ],
            [
              -8.043111884920544,
              43.54032811670041
            ],
            [
              -8.043207534614877,
              43.54039164938672
            ],
            [
              -8.04329518179862,
              43.54046098322378
            ],
            [
              -8.043374159419184,
              43.54053559055829
            ],
            [
              -8.043443866395528,
              43.54061490360185
            ],
            [
              -8.043503772193176,
              43.54069831875165
            ],
            [
              -8.043553420862565,
              43.5407852011837
            ],
            [
              -8.043592434510028,
              43.54087488968376
            ],
            [
              -8.04362051617492,
              43.540966701679146
            ],
            [
              -8.043637452090985,
              43.54105993843324
            ],
            [
              -8.043643113314703,
              43.541153890362985
            ],
            [
              -8.043637456708163,
              43.54124784243914
            ],
            [
              -8.043620525268981,
              43.54134107962801
            ],
            [
              -8.043592447804656,
              43.54143289233333
            ],
            [
              -8.04355343795381,
              43.5415225817969
            ],
            [
              -8.043503792561728,
              43.54160946541677
            ],
            [
              -8.0434438894225,
              43.54169288194262
            ],
            [
              -8.04337418440491,
              43.54177219650864
            ],
            [
              -8.043295207983924,
              43.541846805465745
            ],
            [
              -8.043207561204133,
              43.541916140976255
            ],
            [
              -8.043111911105848,
              43.54197967533602
            ],
            [
              -8.043008985648672,
              43.54203692499113
            ],
            [
              -8.04289956817114,
              43.542087454218674
            ],
            [
              -8.042784491428627,
              43.54213087844339
            ],
            [
              -8.042664631254903,
              43.542166867165
            ],
            [
              -8.042540899895581,
              43.542195146474114
            ],
            [
              -8.04241423906425,
              43.542215501137136
            ],
            [
              -8.042285612774151,
              43.54222777623469
            ],
            [
              -8.042156,
              43.54223187834093
            ]
          ]
        ]
      },
      "properties": {
        "site_id": "tra-san-sadurnino-castro-de-croas-de-ramil",
        "primary_name": "Castro de Croas de Ramil",
        "municipality": "San Sadurniño",
        "parish": "Lamas",
        "place": "Lugar de Ramil",
        "ga_code": "",
        "record_type": "official_uncoded_castro",
        "confidence": "medium_high",
        "dataset_use": "val_positive_candidate",
        "split": "val",
        "coord_source": "Galipedia",
        "review_priority": "P1",
        "qgis_action": "Verificar coordenada y dibujar polígono/buffer entrenable.",
        "suggested_decision": "draw_training_polygon",
        "notes": "catálogo NNSS San Sadurniño | Presente en lista clásica Pena/Calaméo nº 72. | flanco sureste del sistema según Fálame",
        "buffer_radius_m": "120",
        "label_status": "seed_buffer_requires_visual_adjustment"
      }
    },
    {
      "type": "Feature",
      "geometry": {
        "type": "Polygon",
        "coordinates": [
          [
            [
              -8.05528846,
              43.54454271834094
            ],
            [
              -8.055158842257502,
              43.544538616234696
            ],
            [
              -8.055030211036874,
              43.544526341137114
            ],
            [
              -8.054903545350363,
              43.54450598647408
            ],
            [
              -8.054779809248167,
              43.54447770716492
            ],
            [
              -8.054659944479972,
              43.544441718443245
            ],
            [
              -8.05454486332637,
              43.54439829421849
            ],
            [
              -8.0544354416547,
              43.54434776499088
            ],
            [
              -8.054332512252262,
              43.54429051533571
            ],
            [
              -8.054236858487617,
              43.54422698097587
            ],
            [
              -8.05414920834827,
              43.54415764546529
            ],
            [
              -8.054070228900105,
              43.54408303650812
            ],
            [
              -8.054000521210746,
              43.54400372194203
            ],
            [
              -8.05394061577549,
              43.54392030541614
            ],
            [
              -8.053890968480593,
              43.54383342179622
            ],
            [
              -8.053851957134622,
              43.543743732332615
            ],
            [
              -8.053823878594235,
              43.54365191962726
            ],
            [
              -8.053806946506239,
              43.54355868243837
            ],
            [
              -8.053801289683063,
              43.54346473036221
            ],
            [
              -8.053806951123963,
              43.543370778432475
            ],
            [
              -8.05382388768938,
              43.5432775416784
            ],
            [
              -8.053851970430832,
              43.54318572968303
            ],
            [
              -8.053890985573872,
              43.54309604118301
            ],
            [
              -8.053940636146466,
              43.543009158751026
            ],
            [
              -8.05400054424046,
              43.54292574360128
            ],
            [
              -8.054070253888808,
              43.54284643055777
            ],
            [
              -8.054149234536695,
              43.54277182322333
            ],
            [
              -8.054236885080039,
              43.542702489386336
            ],
            [
              -8.054332538440685,
              43.54263895670009
            ],
            [
              -8.054435466643405,
              43.54258170866765
            ],
            [
              -8.054544886356084,
              43.54253118096262
            ],
            [
              -8.054659964850952,
              43.54248775811402
            ],
            [
              -8.054779826341445,
              43.542451770580264
            ],
            [
              -8.054903558646576,
              43.542423492234704
            ],
            [
              -8.055030220132018,
              43.54240313828165
            ],
            [
              -8.055158846875228,
              43.54239086361888
            ],
            [
              -8.05528846,
              43.54238676165905
            ],
            [
              -8.055418073124772,
              43.54239086361888
            ],
            [
              -8.05554669986798,
              43.54240313828165
            ],
            [
              -8.055673361353424,
              43.542423492234704
            ],
            [
              -8.055797093658553,
              43.542451770580264
            ],
            [
              -8.055916955149048,
              43.54248775811402
            ],
            [
              -8.056032033643914,
              43.54253118096262
            ],
            [
              -8.056141453356595,
              43.54258170866765
            ],
            [
              -8.056244381559313,
              43.54263895670009
            ],
            [
              -8.056340034919959,
              43.542702489386336
            ],
            [
              -8.056427685463305,
              43.54277182322333
            ],
            [
              -8.056506666111192,
              43.54284643055777
            ],
            [
              -8.056576375759539,
              43.54292574360128
            ],
            [
              -8.056636283853532,
              43.543009158751026
            ],
            [
              -8.056685934426126,
              43.54309604118301
            ],
            [
              -8.056724949569166,
              43.54318572968303
            ],
            [
              -8.05675303231062,
              43.5432775416784
            ],
            [
              -8.056769968876035,
              43.543370778432475
            ],
            [
              -8.056775630316936,
              43.54346473036221
            ],
            [
              -8.05676997349376,
              43.54355868243837
            ],
            [
              -8.056753041405765,
              43.54365191962726
            ],
            [
              -8.056724962865376,
              43.543743732332615
            ],
            [
              -8.056685951519405,
              43.54383342179622
            ],
            [
              -8.05663630422451,
              43.54392030541614
            ],
            [
              -8.056576398789252,
              43.54400372194203
            ],
            [
              -8.056506691099894,
              43.54408303650812
            ],
            [
              -8.056427711651727,
              43.54415764546529
            ],
            [
              -8.056340061512381,
              43.54422698097587
            ],
            [
              -8.056244407747737,
              43.54429051533571
            ],
            [
              -8.056141478345298,
              43.54434776499088
            ],
            [
              -8.056032056673628,
              43.54439829421849
            ],
            [
              -8.055916975520026,
              43.544441718443245
            ],
            [
              -8.055797110751833,
              43.54447770716492
            ],
            [
              -8.055673374649635,
              43.54450598647408
            ],
            [
              -8.055546708963124,
              43.544526341137114
            ],
            [
              -8.055418077742496,
              43.544538616234696
            ],
            [
              -8.05528846,
              43.54454271834094
            ]
          ]
        ]
      },
      "properties": {
        "site_id": "tra-san-sadurnino-castro-de-riboira",
        "primary_name": "Castro de Riboira",
        "municipality": "San Sadurniño",
        "parish": "Lamas",
        "place": "Lugar de Riboira",
        "ga_code": "GA15076007",
        "record_type": "official_uncoded_castro",
        "confidence": "medium_high",
        "dataset_use": "val_positive_candidate",
        "split": "val",
        "coord_source": "Patrimonio Galego",
        "review_priority": "P1",
        "qgis_action": "Verificar coordenada y dibujar polígono/buffer entrenable.",
        "suggested_decision": "draw_training_polygon",
        "notes": "catálogo NNSS San Sadurniño | Presente en lista clásica Pena/Calaméo nº 67. | parte del sistema de cinco castros del Val do Xuvia | 2 coordenadas candidatas en fuentes; se eligió Patrimonio Galego por prioridad.",
        "buffer_radius_m": "120",
        "label_status": "seed_buffer_requires_visual_adjustment"
      }
    },
    {
      "type": "Feature",
      "geometry": {
        "type": "Polygon",
        "coordinates": [
          [
            [
              -8.0330311,
              43.578932578340954
            ],
            [
              -8.032901408248714,
              43.578928476234616
            ],
            [
              -8.03277270358264,
              43.578916201136785
            ],
            [
              -8.032645965573085,
              43.57889584647331
            ],
            [
              -8.032522158820749,
              43.57886756716357
            ],
            [
              -8.03240222561309,
              43.57883157844118
            ],
            [
              -8.032287078751628,
              43.578788154215594
            ],
            [
              -8.032177594603832,
              43.57873762498708
            ],
            [
              -8.032074606432525,
              43.578680375330926
            ],
            [
              -8.031978898053557,
              43.578616840970085
            ],
            [
              -8.031891197870092,
              43.57854750545851
            ],
            [
              -8.03181217332887,
              43.578472896500344
            ],
            [
              -8.031742425840676,
              43.57839358193337
            ],
            [
              -8.031682486203659,
              43.578310165406634
            ],
            [
              -8.031632810564318,
              43.578223281785995
            ],
            [
              -8.031593776946876,
              43.57813359232181
            ],
            [
              -8.031565682377408,
              43.57804177961603
            ],
            [
              -8.03154874062463,
              43.57794854242688
            ],
            [
              -8.031543080574437,
              43.57785459035063
            ],
            [
              -8.03154874525055,
              43.57776063842098
            ],
            [
              -8.03156569148869,
              43.57766740166716
            ],
            [
              -8.031593790266678,
              43.57757558967223
            ],
            [
              -8.031632827687927,
              43.57748590117279
            ],
            [
              -8.03168250661078,
              43.57739901874151
            ],
            [
              -8.03174244891125,
              43.57731560359259
            ],
            [
              -8.03181219836191,
              43.57723629055001
            ],
            [
              -8.031891224104983,
              43.577161683216545
            ],
            [
              -8.031978924693163,
              43.57709234938056
            ],
            [
              -8.032074632667415,
              43.57702881669532
            ],
            [
              -8.032177619636872,
              43.57697156866384
            ],
            [
              -8.032287101822202,
              43.57692104095973
            ],
            [
              -8.032402246020213,
              43.57687761811196
            ],
            [
              -8.032522175944358,
              43.576841630578926
            ],
            [
              -8.032645978892887,
              43.57681335223394
            ],
            [
              -8.032772712693925,
              43.576792998281306
            ],
            [
              -8.032901412874633,
              43.57678072361881
            ],
            [
              -8.0330311,
              43.576776621659064
            ],
            [
              -8.03316078712537,
              43.57678072361881
            ],
            [
              -8.033289487306078,
              43.576792998281306
            ],
            [
              -8.033416221107114,
              43.57681335223394
            ],
            [
              -8.033540024055645,
              43.576841630578926
            ],
            [
              -8.03365995397979,
              43.57687761811196
            ],
            [
              -8.033775098177799,
              43.57692104095973
            ],
            [
              -8.033884580363129,
              43.57697156866384
            ],
            [
              -8.033987567332588,
              43.57702881669532
            ],
            [
              -8.03408327530684,
              43.57709234938056
            ],
            [
              -8.03417097589502,
              43.577161683216545
            ],
            [
              -8.034250001638092,
              43.57723629055001
            ],
            [
              -8.034319751088752,
              43.57731560359259
            ],
            [
              -8.034379693389223,
              43.57739901874151
            ],
            [
              -8.034429372312076,
              43.57748590117279
            ],
            [
              -8.034468409733325,
              43.57757558967223
            ],
            [
              -8.034496508511312,
              43.57766740166716
            ],
            [
              -8.034513454749453,
              43.57776063842098
            ],
            [
              -8.034519119425566,
              43.57785459035063
            ],
            [
              -8.034513459375372,
              43.57794854242688
            ],
            [
              -8.034496517622594,
              43.57804177961603
            ],
            [
              -8.034468423053127,
              43.57813359232181
            ],
            [
              -8.034429389435683,
              43.578223281785995
            ],
            [
              -8.034379713796342,
              43.578310165406634
            ],
            [
              -8.034319774159327,
              43.57839358193337
            ],
            [
              -8.034250026671133,
              43.578472896500344
            ],
            [
              -8.03417100212991,
              43.57854750545851
            ],
            [
              -8.034083301946445,
              43.578616840970085
            ],
            [
              -8.033987593567478,
              43.578680375330926
            ],
            [
              -8.033884605396171,
              43.57873762498708
            ],
            [
              -8.033775121248375,
              43.578788154215594
            ],
            [
              -8.033659974386913,
              43.57883157844118
            ],
            [
              -8.033540041179252,
              43.57886756716357
            ],
            [
              -8.033416234426916,
              43.57889584647331
            ],
            [
              -8.03328949641736,
              43.578916201136785
            ],
            [
              -8.033160791751289,
              43.578928476234616
            ],
            [
              -8.0330311,
              43.578932578340954
            ]
          ]
        ]
      },
      "properties": {
        "site_id": "tra-san-sadurnino-coto-da-croa-ou-a-croa-do-castro-2",
        "primary_name": "Coto da Croa ou A Croa do Castro",
        "municipality": "San Sadurniño",
        "parish": "Monte",
        "place": "Lugar de Castrelo",
        "ga_code": "",
        "record_type": "official_uncoded_castro",
        "confidence": "medium_high",
        "dataset_use": "val_positive_candidate",
        "split": "val",
        "coord_source": "Galipedia",
        "review_priority": "P1",
        "qgis_action": "Verificar coordenada y dibujar polígono/buffer entrenable.",
        "suggested_decision": "draw_training_polygon",
        "notes": "posible Escoitadoira/A Croa do Castro; distinguir de Bardaos",
        "buffer_radius_m": "120",
        "label_status": "seed_buffer_requires_visual_adjustment"
      }
    },
    {
      "type": "Feature",
      "geometry": {
        "type": "Polygon",
        "coordinates": [
          [
            [
              -8.198888,
              43.60274397834095
            ],
            [
              -8.198758256928391,
              43.60273987623455
            ],
            [
              -8.19862950133264,
              43.602727601136536
            ],
            [
              -8.198502713171717,
              43.60270724647276
            ],
            [
              -8.198378857428066,
              43.60267896716263
            ],
            [
              -8.198258876762052,
              43.60264297843975
            ],
            [
              -8.198143684336426,
              43.60259955421359
            ],
            [
              -8.19803415686547,
              43.602549024984434
            ],
            [
              -8.197931127941741,
              43.60249177532761
            ],
            [
              -8.197835381691265,
              43.60242824096607
            ],
            [
              -8.197747646805434,
              43.60235890545379
            ],
            [
              -8.197668590995082,
              43.60228429649496
            ],
            [
              -8.197598815908965,
              43.602204981927336
            ],
            [
              -8.197538852555235,
              43.60212156540004
            ],
            [
              -8.197489157260854,
              43.602034681778896
            ],
            [
              -8.19745010819958,
              43.60194499231431
            ],
            [
              -8.197422002514982,
              43.60185317960823
            ],
            [
              -8.197405054060303,
              43.60175994241891
            ],
            [
              -8.19739939177238,
              43.601665990342596
            ],
            [
              -8.197405058691905,
              43.60157203841301
            ],
            [
              -8.197422011637457,
              43.601478801659376
            ],
            [
              -8.197450121535747,
              43.60138698966473
            ],
            [
              -8.197489174405499,
              43.6012973011657
            ],
            [
              -8.197538872987426,
              43.60121041873491
            ],
            [
              -8.197598839007883,
              43.60112700358657
            ],
            [
              -8.19766861605888,
              43.60104769054461
            ],
            [
              -8.197747673072554,
              43.60097308321183
            ],
            [
              -8.1978354083636,
              43.600903749376535
            ],
            [
              -8.197931154208863,
              43.60084021669199
            ],
            [
              -8.198034181929264,
              43.60078296866119
            ],
            [
              -8.198143707435346,
              43.60073244095772
            ],
            [
              -8.198258897194245,
              43.600689018110515
            ],
            [
              -8.198378874572713,
              43.60065303057798
            ],
            [
              -8.198502726507883,
              43.6006247522334
            ],
            [
              -8.198629510455115,
              43.600604398281064
            ],
            [
              -8.198758261559993,
              43.60059212361874
            ],
            [
              -8.198888,
              43.600588021659064
            ],
            [
              -8.19901773844001,
              43.60059212361874
            ],
            [
              -8.199146489544885,
              43.600604398281064
            ],
            [
              -8.199273273492118,
              43.6006247522334
            ],
            [
              -8.19939712542729,
              43.60065303057798
            ],
            [
              -8.199517102805757,
              43.600689018110515
            ],
            [
              -8.199632292564656,
              43.60073244095772
            ],
            [
              -8.199741818070738,
              43.60078296866119
            ],
            [
              -8.199844845791139,
              43.60084021669199
            ],
            [
              -8.1999405916364,
              43.600903749376535
            ],
            [
              -8.200028326927447,
              43.60097308321183
            ],
            [
              -8.200107383941122,
              43.60104769054461
            ],
            [
              -8.20017716099212,
              43.60112700358657
            ],
            [
              -8.200237127012576,
              43.60121041873491
            ],
            [
              -8.200286825594503,
              43.6012973011657
            ],
            [
              -8.200325878464255,
              43.60138698966473
            ],
            [
              -8.200353988362545,
              43.601478801659376
            ],
            [
              -8.200370941308096,
              43.60157203841301
            ],
            [
              -8.200376608227621,
              43.601665990342596
            ],
            [
              -8.200370945939698,
              43.60175994241891
            ],
            [
              -8.20035399748502,
              43.60185317960823
            ],
            [
              -8.200325891800421,
              43.60194499231431
            ],
            [
              -8.200286842739148,
              43.602034681778896
            ],
            [
              -8.200237147444767,
              43.60212156540004
            ],
            [
              -8.200177184091036,
              43.602204981927336
            ],
            [
              -8.200107409004918,
              43.60228429649496
            ],
            [
              -8.200028353194568,
              43.60235890545379
            ],
            [
              -8.199940618308736,
              43.60242824096607
            ],
            [
              -8.199844872058259,
              43.60249177532761
            ],
            [
              -8.199741843134532,
              43.602549024984434
            ],
            [
              -8.199632315663575,
              43.60259955421359
            ],
            [
              -8.199517123237948,
              43.60264297843975
            ],
            [
              -8.199397142571936,
              43.60267896716263
            ],
            [
              -8.199273286828284,
              43.60270724647276
            ],
            [
              -8.199146498667362,
              43.602727601136536
            ],
            [
              -8.199017743071611,
              43.60273987623455
            ],
            [
              -8.198888,
              43.60274397834095
            ]
          ]
        ]
      },
      "properties": {
        "site_id": "tra-valdovino-ga15087001",
        "primary_name": "Castro de Punta Taraza",
        "municipality": "Valdoviño",
        "parish": "Meirás",
        "place": "Lavacerido",
        "ga_code": "GA15087001",
        "record_type": "official_castro",
        "confidence": "high",
        "dataset_use": "train_positive_candidate",
        "split": "train",
        "coord_source": "Artabro",
        "review_priority": "P1",
        "qgis_action": "Verificar coordenada y dibujar polígono/buffer entrenable.",
        "suggested_decision": "draw_training_polygon",
        "notes": "tabla ID_IPAGA 2021 | Presente en lista clásica Pena/Calaméo nº 52. | 2 coordenadas candidatas en fuentes; se eligió Artabro por prioridad.",
        "buffer_radius_m": "120",
        "label_status": "seed_buffer_requires_visual_adjustment"
      }
    },
    {
      "type": "Feature",
      "geometry": {
        "type": "Polygon",
        "coordinates": [
          [
            [
              -8.196388,
              43.576632978340946
            ],
            [
              -8.19625831320167,
              43.5766288762346
            ],
            [
              -8.19612961345085,
              43.57661660113679
            ],
            [
              -8.196002880281432,
              43.57659624647335
            ],
            [
              -8.195879078257276,
              43.576567967163655
            ],
            [
              -8.19575914962985,
              43.57653197844131
            ],
            [
              -8.195644007165813,
              43.57648855421578
            ],
            [
              -8.195534527199163,
              43.576438024987326
            ],
            [
              -8.195431542960895,
              43.57638077533124
            ],
            [
              -8.19533583823693,
              43.57631724097046
            ],
            [
              -8.195248141402612,
              43.57624790545894
            ],
            [
              -8.19516911987919,
              43.57617329650086
            ],
            [
              -8.195099375054488,
              43.57609398193393
            ],
            [
              -8.195039437706386,
              43.57601056540726
            ],
            [
              -8.194989763963966,
              43.57592368178666
            ],
            [
              -8.194950731837015,
              43.575833992322515
            ],
            [
              -8.194922638340275,
              43.57574217961677
            ],
            [
              -8.194905697234304,
              43.575648942427634
            ],
            [
              -8.194900037400075,
              43.5755549903514
            ],
            [
              -8.194905701859673,
              43.57546103842174
            ],
            [
              -8.194922647450477,
              43.5753678016679
            ],
            [
              -8.194950745155237,
              43.575275989672946
            ],
            [
              -8.194989781085544,
              43.57518630117347
            ],
            [
              -8.195039458111088,
              43.575099418742134
            ],
            [
              -8.195099398122327,
              43.57501600359317
            ],
            [
              -8.195169144909263,
              43.574936690550516
            ],
            [
              -8.195248167634391,
              43.574862083216985
            ],
            [
              -8.195335864873377,
              43.57479274938093
            ],
            [
              -8.195431569192674,
              43.57472921669562
            ],
            [
              -8.195534552229237,
              43.574671968664084
            ],
            [
              -8.195644030233652,
              43.574621440959916
            ],
            [
              -8.195759170034554,
              43.57457801811208
            ],
            [
              -8.195879095378855,
              43.57454203057899
            ],
            [
              -8.196002893599655,
              43.574513752233976
            ],
            [
              -8.19612962256105,
              43.57449339828132
            ],
            [
              -8.196258317827038,
              43.5744811236188
            ],
            [
              -8.196388,
              43.57447702165905
            ],
            [
              -8.196517682172964,
              43.5744811236188
            ],
            [
              -8.19664637743895,
              43.57449339828132
            ],
            [
              -8.196773106400347,
              43.574513752233976
            ],
            [
              -8.196896904621147,
              43.57454203057899
            ],
            [
              -8.197016829965449,
              43.57457801811208
            ],
            [
              -8.19713196976635,
              43.574621440959916
            ],
            [
              -8.197241447770766,
              43.574671968664084
            ],
            [
              -8.197344430807327,
              43.57472921669562
            ],
            [
              -8.197440135126625,
              43.57479274938093
            ],
            [
              -8.19752783236561,
              43.574862083216985
            ],
            [
              -8.19760685509074,
              43.574936690550516
            ],
            [
              -8.197676601877674,
              43.57501600359317
            ],
            [
              -8.197736541888913,
              43.575099418742134
            ],
            [
              -8.197786218914457,
              43.57518630117347
            ],
            [
              -8.197825254844764,
              43.575275989672946
            ],
            [
              -8.197853352549526,
              43.5753678016679
            ],
            [
              -8.197870298140328,
              43.57546103842174
            ],
            [
              -8.197875962599928,
              43.5755549903514
            ],
            [
              -8.197870302765699,
              43.575648942427634
            ],
            [
              -8.197853361659726,
              43.57574217961677
            ],
            [
              -8.197825268162987,
              43.575833992322515
            ],
            [
              -8.197786236036036,
              43.57592368178666
            ],
            [
              -8.197736562293617,
              43.57601056540726
            ],
            [
              -8.197676624945515,
              43.57609398193393
            ],
            [
              -8.197606880120812,
              43.57617329650086
            ],
            [
              -8.197527858597391,
              43.57624790545894
            ],
            [
              -8.197440161763073,
              43.57631724097046
            ],
            [
              -8.197344457039108,
              43.57638077533124
            ],
            [
              -8.197241472800838,
              43.576438024987326
            ],
            [
              -8.197131992834189,
              43.57648855421578
            ],
            [
              -8.19701685037015,
              43.57653197844131
            ],
            [
              -8.196896921742725,
              43.576567967163655
            ],
            [
              -8.19677311971857,
              43.57659624647335
            ],
            [
              -8.196646386549153,
              43.57661660113679
            ],
            [
              -8.196517686798334,
              43.5766288762346
            ],
            [
              -8.196388,
              43.576632978340946
            ]
          ]
        ]
      },
      "properties": {
        "site_id": "tra-valdovino-ga15087002",
        "primary_name": "O Castrillón",
        "municipality": "Valdoviño",
        "parish": "Meirás",
        "place": "Riobó",
        "ga_code": "GA15087002",
        "record_type": "official_castro",
        "confidence": "high",
        "dataset_use": "train_positive_candidate",
        "split": "train",
        "coord_source": "Artabro",
        "review_priority": "P1",
        "qgis_action": "Verificar coordenada y dibujar polígono/buffer entrenable.",
        "suggested_decision": "draw_training_polygon",
        "notes": "tabla ID_IPAGA 2021 | 2 coordenadas candidatas en fuentes; se eligió Artabro por prioridad.",
        "buffer_radius_m": "120",
        "label_status": "seed_buffer_requires_visual_adjustment"
      }
    },
    {
      "type": "Feature",
      "geometry": {
        "type": "Polygon",
        "coordinates": [
          [
            [
              -8.119444,
              43.63274397834095
            ],
            [
              -8.119314192180095,
              43.63273987623447
            ],
            [
              -8.119185372328909,
              43.63272760113623
            ],
            [
              -8.119058520894503,
              43.632707246472094
            ],
            [
              -8.118934603340954,
              43.632678967161446
            ],
            [
              -8.118814562799098,
              43.63264297843794
            ],
            [
              -8.118699312887438,
              43.63259955421106
            ],
            [
              -8.118589730757806,
              43.6325490249811
            ],
            [
              -8.118486650418783,
              43.632491775323416
            ],
            [
              -8.11839085638771,
              43.632428240961005
            ],
            [
              -8.11830307771963,
              43.63235890544784
            ],
            [
              -8.118223982458584,
              43.63228429648816
            ],
            [
              -8.118154172553538,
              43.632204981919735
            ],
            [
              -8.118094179277612,
              43.632121565391714
            ],
            [
              -8.118044459185446,
              43.63203468176996
            ],
            [
              -8.118005390639464,
              43.63194499230485
            ],
            [
              -8.11797727093146,
              43.63185317959841
            ],
            [
              -8.117960314021326,
              43.63175994240885
            ],
            [
              -8.117954648910176,
              43.631665990332465
            ],
            [
              -8.117960318660101,
              43.63157203840296
            ],
            [
              -8.117977280068061,
              43.63147880164955
            ],
            [
              -8.118005403996284,
              43.63138698965528
            ],
            [
              -8.11804447635664,
              43.63129730115675
            ],
            [
              -8.118094199741446,
              43.63121041872659
            ],
            [
              -8.118154195688227,
              43.63112700357897
            ],
            [
              -8.11822400756119,
              43.63104769053782
            ],
            [
              -8.118303104027428,
              43.63097308320588
            ],
            [
              -8.118390883101348,
              43.63090374937146
            ],
            [
              -8.118486676726578,
              43.6308402166878
            ],
            [
              -8.118589755860414,
              43.63078296865787
            ],
            [
              -8.118699336022127,
              43.630732440955185
            ],
            [
              -8.118814583262932,
              43.63068901810871
            ],
            [
              -8.118934620512148,
              43.630653030576795
            ],
            [
              -8.119058534251323,
              43.63062475223272
            ],
            [
              -8.11918538146551,
              43.63060439828076
            ],
            [
              -8.119314196818872,
              43.63059212361867
            ],
            [
              -8.119444,
              43.63058802165906
            ],
            [
              -8.119573803181128,
              43.63059212361867
            ],
            [
              -8.119702618534491,
              43.63060439828076
            ],
            [
              -8.119829465748678,
              43.63062475223272
            ],
            [
              -8.119953379487853,
              43.630653030576795
            ],
            [
              -8.12007341673707,
              43.63068901810871
            ],
            [
              -8.120188663977872,
              43.630732440955185
            ],
            [
              -8.120298244139587,
              43.63078296865787
            ],
            [
              -8.120401323273422,
              43.6308402166878
            ],
            [
              -8.120497116898653,
              43.63090374937146
            ],
            [
              -8.120584895972572,
              43.63097308320588
            ],
            [
              -8.120663992438809,
              43.63104769053782
            ],
            [
              -8.120733804311772,
              43.63112700357897
            ],
            [
              -8.120793800258554,
              43.63121041872659
            ],
            [
              -8.120843523643359,
              43.63129730115675
            ],
            [
              -8.120882596003716,
              43.63138698965528
            ],
            [
              -8.120910719931938,
              43.63147880164955
            ],
            [
              -8.120927681339898,
              43.63157203840296
            ],
            [
              -8.120933351089825,
              43.631665990332465
            ],
            [
              -8.120927685978673,
              43.63175994240885
            ],
            [
              -8.120910729068541,
              43.63185317959841
            ],
            [
              -8.120882609360535,
              43.63194499230485
            ],
            [
              -8.120843540814553,
              43.63203468176996
            ],
            [
              -8.120793820722387,
              43.632121565391714
            ],
            [
              -8.120733827446461,
              43.632204981919735
            ],
            [
              -8.120664017541417,
              43.63228429648816
            ],
            [
              -8.12058492228037,
              43.63235890544784
            ],
            [
              -8.120497143612289,
              43.632428240961005
            ],
            [
              -8.120401349581217,
              43.632491775323416
            ],
            [
              -8.120298269242193,
              43.6325490249811
            ],
            [
              -8.120188687112561,
              43.63259955421106
            ],
            [
              -8.120073437200903,
              43.63264297843794
            ],
            [
              -8.119953396659048,
              43.632678967161446
            ],
            [
              -8.119829479105496,
              43.632707246472094
            ],
            [
              -8.119702627671092,
              43.63272760113623
            ],
            [
              -8.119573807819904,
              43.63273987623447
            ],
            [
              -8.119444,
              43.63274397834095
            ]
          ]
        ]
      },
      "properties": {
        "site_id": "tra-valdovino-ga15087004",
        "primary_name": "Castro de Lagoa",
        "municipality": "Valdoviño",
        "parish": "Pantín",
        "place": "O Castro",
        "ga_code": "GA15087004",
        "record_type": "official_castro",
        "confidence": "high",
        "dataset_use": "train_positive_candidate",
        "split": "train",
        "coord_source": "Artabro",
        "review_priority": "P1",
        "qgis_action": "Verificar coordenada y dibujar polígono/buffer entrenable.",
        "suggested_decision": "draw_training_polygon",
        "notes": "tabla ID_IPAGA 2021 | 4 coordenadas candidatas en fuentes; se eligió Artabro por prioridad.",
        "buffer_radius_m": "120",
        "label_status": "seed_buffer_requires_visual_adjustment"
      }
    },
    {
      "type": "Feature",
      "geometry": {
        "type": "Polygon",
        "coordinates": [
          [
            [
              -8.093611,
              43.64079997834095
            ],
            [
              -8.093481174775949,
              43.64079587623445
            ],
            [
              -8.09335233765309,
              43.640783601136135
            ],
            [
              -8.093225469210964,
              43.6407632464719
            ],
            [
              -8.093101535043097,
              43.64073496716112
            ],
            [
              -8.092981478406795,
              43.64069897843745
            ],
            [
              -8.092866213043063,
              43.640655554210376
            ],
            [
              -8.092756616221342,
              43.6406050249802
            ],
            [
              -8.092653522062042,
              43.64054777532229
            ],
            [
              -8.09255771518769,
              43.640484240959644
            ],
            [
              -8.092469924751072,
              43.64041490544624
            ],
            [
              -8.092390818885795,
              43.64034029648633
            ],
            [
              -8.092320999621528,
              43.64026098191769
            ],
            [
              -8.092260998302606,
              43.64017756538947
            ],
            [
              -8.092211271544869,
              43.640090681767546
            ],
            [
              -8.092172197761458,
              43.640000992302305
            ],
            [
              -8.092144074284002,
              43.63990917959576
            ],
            [
              -8.092127115101068,
              43.639815942406145
            ],
            [
              -8.092121449231042,
              43.63972199032974
            ],
            [
              -8.092127119741772,
              43.63962803840025
            ],
            [
              -8.092144083424401,
              43.63953480164691
            ],
            [
              -8.092172211123827,
              43.63944298965274
            ],
            [
              -8.092211288723203,
              43.63935330115435
            ],
            [
              -8.092261018774945,
              43.63926641872434
            ],
            [
              -8.092321022765832,
              43.63918300357692
            ],
            [
              -8.092390843998839,
              43.63910369053599
            ],
            [
              -8.092469951069804,
              43.639029083204285
            ],
            [
              -8.09255774191243,
              43.6389597493701
            ],
            [
              -8.092653548380774,
              43.63889621668668
            ],
            [
              -8.092756641334384,
              43.63883896865697
            ],
            [
              -8.092866236187367,
              43.6387884409545
            ],
            [
              -8.092981498879135,
              43.638745018108224
            ],
            [
              -8.09310155222143,
              43.63870903057647
            ],
            [
              -8.093225482573335,
              43.63868075223254
            ],
            [
              -8.093352346793491,
              43.63866039828068
            ],
            [
              -8.093481179416653,
              43.63864812361864
            ],
            [
              -8.093611,
              43.63864402165906
            ],
            [
              -8.093740820583347,
              43.63864812361864
            ],
            [
              -8.093869653206509,
              43.63866039828068
            ],
            [
              -8.093996517426666,
              43.63868075223254
            ],
            [
              -8.094120447778568,
              43.63870903057647
            ],
            [
              -8.094240501120865,
              43.638745018108224
            ],
            [
              -8.094355763812631,
              43.6387884409545
            ],
            [
              -8.094465358665614,
              43.63883896865697
            ],
            [
              -8.094568451619226,
              43.63889621668668
            ],
            [
              -8.094664258087569,
              43.6389597493701
            ],
            [
              -8.094752048930195,
              43.639029083204285
            ],
            [
              -8.094831156001161,
              43.63910369053599
            ],
            [
              -8.094900977234166,
              43.63918300357692
            ],
            [
              -8.094960981225054,
              43.63926641872434
            ],
            [
              -8.095010711276798,
              43.63935330115435
            ],
            [
              -8.095049788876171,
              43.63944298965274
            ],
            [
              -8.0950779165756,
              43.63953480164691
            ],
            [
              -8.095094880258229,
              43.63962803840025
            ],
            [
              -8.095100550768958,
              43.63972199032974
            ],
            [
              -8.09509488489893,
              43.639815942406145
            ],
            [
              -8.095077925715998,
              43.63990917959576
            ],
            [
              -8.095049802238542,
              43.640000992302305
            ],
            [
              -8.095010728455131,
              43.640090681767546
            ],
            [
              -8.094961001697392,
              43.64017756538947
            ],
            [
              -8.094901000378472,
              43.64026098191769
            ],
            [
              -8.094831181114204,
              43.64034029648633
            ],
            [
              -8.094752075248927,
              43.64041490544624
            ],
            [
              -8.094664284812309,
              43.640484240959644
            ],
            [
              -8.094568477937958,
              43.64054777532229
            ],
            [
              -8.094465383778656,
              43.6406050249802
            ],
            [
              -8.094355786956935,
              43.640655554210376
            ],
            [
              -8.094240521593203,
              43.64069897843745
            ],
            [
              -8.094120464956902,
              43.64073496716112
            ],
            [
              -8.093996530789036,
              43.6407632464719
            ],
            [
              -8.09386966234691,
              43.640783601136135
            ],
            [
              -8.09374082522405,
              43.64079587623445
            ],
            [
              -8.093611,
              43.64079997834095
            ]
          ]
        ]
      },
      "properties": {
        "site_id": "tra-valdovino-ga15087005",
        "primary_name": "Os Castros",
        "municipality": "Valdoviño",
        "parish": "Pantín",
        "place": "A Loira",
        "ga_code": "GA15087005",
        "record_type": "official_castro",
        "confidence": "high",
        "dataset_use": "train_positive_candidate",
        "split": "train",
        "coord_source": "Artabro",
        "review_priority": "P1",
        "qgis_action": "Verificar coordenada y dibujar polígono/buffer entrenable.",
        "suggested_decision": "draw_training_polygon",
        "notes": "tabla ID_IPAGA 2021 | Presente en lista clásica Pena/Calaméo nº 55. | 4 coordenadas candidatas en fuentes; se eligió Artabro por prioridad.",
        "buffer_radius_m": "120",
        "label_status": "seed_buffer_requires_visual_adjustment"
      }
    },
    {
      "type": "Feature",
      "geometry": {
        "type": "Polygon",
        "coordinates": [
          [
            [
              -8.065986,
              43.62710597834095
            ],
            [
              -8.065856204356106,
              43.62710187623448
            ],
            [
              -8.065727396588244,
              43.62708960113628
            ],
            [
              -8.065600557052507,
              43.6270692464722
            ],
            [
              -8.065476651122397,
              43.627040967161655
            ],
            [
              -8.06535662184028,
              43.627004978438265
            ],
            [
              -8.065241382738952,
              43.62696155421152
            ],
            [
              -8.065131810887962,
              43.626911024981716
            ],
            [
              -8.065028740217658,
              43.62685377532419
            ],
            [
              -8.064932955171797,
              43.62679024096195
            ],
            [
              -8.06484518473703,
              43.62672090544895
            ],
            [
              -8.064766096894742,
              43.62664629648943
            ],
            [
              -8.064696293537445,
              43.62656698192115
            ],
            [
              -8.064636305888431,
              43.626483565393265
            ],
            [
              -8.064586590459523,
              43.62639668177163
            ],
            [
              -8.06454752557767,
              43.626306992306624
            ],
            [
              -8.064519408506785,
              43.626215179600244
            ],
            [
              -8.064502453186712,
              43.626121942410734
            ],
            [
              -8.064496788606474,
              43.626027990334364
            ],
            [
              -8.064502457824139,
              43.625934038404836
            ],
            [
              -8.06451941764073,
              43.625840801651385
            ],
            [
              -8.064547538930604,
              43.625748989657055
            ],
            [
              -8.064586607625724,
              43.62565930115843
            ],
            [
              -8.064636326346314,
              43.62557241872815
            ],
            [
              -8.064696316665406,
              43.62548900358039
            ],
            [
              -8.06476612199005,
              43.62540969053909
            ],
            [
              -8.064845211037175,
              43.62533508320699
            ],
            [
              -8.064932981877664,
              43.62526574937241
            ],
            [
              -8.065028766517804,
              43.625202216688585
            ],
            [
              -8.065131835983268,
              43.62514496865849
            ],
            [
              -8.065241405866912,
              43.62509444095566
            ],
            [
              -8.065356642298163,
              43.62505101810904
            ],
            [
              -8.065476668288598,
              43.62501503057701
            ],
            [
              -8.065600570405444,
              43.62498675223284
            ],
            [
              -8.065727405722189,
              43.624966398280804
            ],
            [
              -8.06585620899353,
              43.62495412361867
            ],
            [
              -8.065986,
              43.62495002165905
            ],
            [
              -8.06611579100647,
              43.62495412361867
            ],
            [
              -8.06624459427781,
              43.624966398280804
            ],
            [
              -8.066371429594557,
              43.62498675223284
            ],
            [
              -8.066495331711401,
              43.62501503057701
            ],
            [
              -8.066615357701838,
              43.62505101810904
            ],
            [
              -8.066730594133087,
              43.62509444095566
            ],
            [
              -8.066840164016732,
              43.62514496865849
            ],
            [
              -8.066943233482197,
              43.625202216688585
            ],
            [
              -8.067039018122337,
              43.62526574937241
            ],
            [
              -8.067126788962824,
              43.62533508320699
            ],
            [
              -8.06720587800995,
              43.62540969053909
            ],
            [
              -8.067275683334595,
              43.62548900358039
            ],
            [
              -8.067335673653687,
              43.62557241872815
            ],
            [
              -8.067385392374275,
              43.62565930115843
            ],
            [
              -8.067424461069397,
              43.625748989657055
            ],
            [
              -8.06745258235927,
              43.625840801651385
            ],
            [
              -8.06746954217586,
              43.625934038404836
            ],
            [
              -8.067475211393525,
              43.626027990334364
            ],
            [
              -8.067469546813287,
              43.626121942410734
            ],
            [
              -8.067452591493215,
              43.626215179600244
            ],
            [
              -8.06742447442233,
              43.626306992306624
            ],
            [
              -8.067385409540476,
              43.62639668177163
            ],
            [
              -8.067335694111568,
              43.626483565393265
            ],
            [
              -8.067275706462556,
              43.62656698192115
            ],
            [
              -8.067205903105258,
              43.62664629648943
            ],
            [
              -8.067126815262972,
              43.62672090544895
            ],
            [
              -8.067039044828205,
              43.62679024096195
            ],
            [
              -8.066943259782343,
              43.62685377532419
            ],
            [
              -8.066840189112039,
              43.626911024981716
            ],
            [
              -8.066730617261047,
              43.62696155421152
            ],
            [
              -8.066615378159721,
              43.627004978438265
            ],
            [
              -8.066495348877602,
              43.627040967161655
            ],
            [
              -8.066371442947492,
              43.6270692464722
            ],
            [
              -8.066244603411757,
              43.62708960113628
            ],
            [
              -8.066115795643896,
              43.62710187623448
            ],
            [
              -8.065986,
              43.62710597834095
            ]
          ]
        ]
      },
      "properties": {
        "site_id": "tra-valdovino-ga15087006",
        "primary_name": "Castro de Vilarrube / Os Castros de Ferreirías",
        "municipality": "Valdoviño",
        "parish": "Pantín",
        "place": "Frádegas",
        "ga_code": "GA15087006",
        "record_type": "official_castro",
        "confidence": "high",
        "dataset_use": "train_positive_candidate",
        "split": "train",
        "coord_source": "Galipedia",
        "review_priority": "P1",
        "qgis_action": "Verificar coordenada y dibujar polígono/buffer entrenable.",
        "suggested_decision": "draw_training_polygon",
        "notes": "tabla ID_IPAGA 2021",
        "buffer_radius_m": "120",
        "label_status": "seed_buffer_requires_visual_adjustment"
      }
    },
    {
      "type": "Feature",
      "geometry": {
        "type": "Polygon",
        "coordinates": [
          [
            [
              -8.149004,
              43.61958797834094
            ],
            [
              -8.148874220586716,
              43.61958387623449
            ],
            [
              -8.148745428925919,
              43.61957160113636
            ],
            [
              -8.148618605251098,
              43.619551246472376
            ],
            [
              -8.148494714815026,
              43.619522967161956
            ],
            [
              -8.148374700542128,
              43.61948697843872
            ],
            [
              -8.148259475850962,
              43.619443554212154
            ],
            [
              -8.148149917701394,
              43.61939302498255
            ],
            [
              -8.148046859919486,
              43.61933577532525
            ],
            [
              -8.1479510868509,
              43.61927224096322
            ],
            [
              -8.147863327391136,
              43.619202905450436
            ],
            [
              -8.14778424943805,
              43.619128296491134
            ],
            [
              -8.147714454808897,
              43.61904898192306
            ],
            [
              -8.147654474660552,
              43.61896556539535
            ],
            [
              -8.147604765447765,
              43.618878681773865
            ],
            [
              -8.147565705450189,
              43.618788992309
            ],
            [
              -8.147537591894586,
              43.618697179602705
            ],
            [
              -8.147520638694061,
              43.61860394241326
            ],
            [
              -8.14751497482153,
              43.6185099903369
            ],
            [
              -8.14752064332969,
              43.61841603840735
            ],
            [
              -8.14753760102499,
              43.61832280165385
            ],
            [
              -8.147565718797948,
              43.618230989659416
            ],
            [
              -8.14760478260731,
              43.61814130116068
            ],
            [
              -8.147654495110503,
              43.618054418730225
            ],
            [
              -8.14771447792789,
              43.617971003582284
            ],
            [
              -8.147784274523627,
              43.61789169054079
            ],
            [
              -8.147863353681085,
              43.617817083208486
            ],
            [
              -8.147951113546416,
              43.617747749373684
            ],
            [
              -8.148046886209436,
              43.61768421668963
            ],
            [
              -8.148149942786972,
              43.61762696865932
            ],
            [
              -8.148259498969956,
              43.617576440956285
            ],
            [
              -8.148374720992079,
              43.61753301810949
            ],
            [
              -8.148494731974571,
              43.617497030577304
            ],
            [
              -8.148618618598857,
              43.61746875223301
            ],
            [
              -8.148745438056324,
              43.617448398280885
            ],
            [
              -8.148874225222343,
              43.617436123618695
            ],
            [
              -8.149004,
              43.617432021659056
            ],
            [
              -8.149133774777656,
              43.617436123618695
            ],
            [
              -8.149262561943676,
              43.617448398280885
            ],
            [
              -8.149389381401143,
              43.61746875223301
            ],
            [
              -8.149513268025428,
              43.617497030577304
            ],
            [
              -8.14963327900792,
              43.61753301810949
            ],
            [
              -8.149748501030043,
              43.617576440956285
            ],
            [
              -8.149858057213027,
              43.61762696865932
            ],
            [
              -8.149961113790564,
              43.61768421668963
            ],
            [
              -8.150056886453584,
              43.617747749373684
            ],
            [
              -8.150144646318914,
              43.617817083208486
            ],
            [
              -8.150223725476373,
              43.61789169054079
            ],
            [
              -8.15029352207211,
              43.617971003582284
            ],
            [
              -8.150353504889496,
              43.618054418730225
            ],
            [
              -8.15040321739269,
              43.61814130116068
            ],
            [
              -8.150442281202052,
              43.618230989659416
            ],
            [
              -8.15047039897501,
              43.61832280165385
            ],
            [
              -8.15048735667031,
              43.61841603840735
            ],
            [
              -8.15049302517847,
              43.6185099903369
            ],
            [
              -8.150487361305938,
              43.61860394241326
            ],
            [
              -8.150470408105413,
              43.618697179602705
            ],
            [
              -8.15044229454981,
              43.618788992309
            ],
            [
              -8.150403234552234,
              43.618878681773865
            ],
            [
              -8.150353525339447,
              43.61896556539535
            ],
            [
              -8.150293545191102,
              43.61904898192306
            ],
            [
              -8.150223750561949,
              43.619128296491134
            ],
            [
              -8.150144672608864,
              43.619202905450436
            ],
            [
              -8.150056913149099,
              43.61927224096322
            ],
            [
              -8.149961140080514,
              43.61933577532525
            ],
            [
              -8.149858082298605,
              43.61939302498255
            ],
            [
              -8.149748524149038,
              43.619443554212154
            ],
            [
              -8.149633299457872,
              43.61948697843872
            ],
            [
              -8.149513285184973,
              43.619522967161956
            ],
            [
              -8.149389394748901,
              43.619551246472376
            ],
            [
              -8.14926257107408,
              43.61957160113636
            ],
            [
              -8.149133779413283,
              43.61958387623449
            ],
            [
              -8.149004,
              43.61958797834094
            ]
          ]
        ]
      },
      "properties": {
        "site_id": "tra-valdovino-ga15087009",
        "primary_name": "Castro de Punta Frouxeira",
        "municipality": "Valdoviño",
        "parish": "Valdoviño",
        "place": "A Saíña",
        "ga_code": "GA15087009",
        "record_type": "official_castro",
        "confidence": "high",
        "dataset_use": "train_positive_candidate",
        "split": "train",
        "coord_source": "Artabro",
        "review_priority": "P1",
        "qgis_action": "Verificar coordenada y dibujar polígono/buffer entrenable.",
        "suggested_decision": "draw_training_polygon",
        "notes": "tabla ID_IPAGA 2021 | 2 coordenadas candidatas en fuentes; se eligió Artabro por prioridad.",
        "buffer_radius_m": "120",
        "label_status": "seed_buffer_requires_visual_adjustment"
      }
    },
    {
      "type": "Feature",
      "geometry": {
        "type": "Polygon",
        "coordinates": [
          [
            [
              -8.142778,
              43.60524297834094
            ],
            [
              -8.14264825153868,
              43.60523887623454
            ],
            [
              -8.142519490594248,
              43.6052266011365
            ],
            [
              -8.142392697166379,
              43.605206246472704
            ],
            [
              -8.142268836277616,
              43.60517796716252
            ],
            [
              -8.14214885062748,
              43.60514197843959
            ],
            [
              -8.142033653416664,
              43.60509855421338
            ],
            [
              -8.141924121395867,
              43.60504802498414
            ],
            [
              -8.141821088192282,
              43.604990775327245
            ],
            [
              -8.141725337964505,
              43.604927240965644
            ],
            [
              -8.141637599434196,
              43.60485790545329
            ],
            [
              -8.141558540339933,
              43.60478329649439
            ],
            [
              -8.141488762355454,
              43.60470398192669
            ],
            [
              -8.141428796510972,
              43.60462056539933
            ],
            [
              -8.1413790991524,
              43.60453368177815
            ],
            [
              -8.141340048469203,
              43.60444399231351
            ],
            [
              -8.141311941617282,
              43.6043521796074
            ],
            [
              -8.141294992458764,
              43.60425894241807
            ],
            [
              -8.141289329935834,
              43.604164990341744
            ],
            [
              -8.141294997090961,
              43.60407103841216
            ],
            [
              -8.141311950740933,
              43.60397780165855
            ],
            [
              -8.141340061807089,
              43.603885989663944
            ],
            [
              -8.141379116299257,
              43.60379630116495
            ],
            [
              -8.1414288169458,
              43.60370941873421
            ],
            [
              -8.14148878545735,
              43.60362600358593
            ],
            [
              -8.14155856540696,
              43.60354669054404
            ],
            [
              -8.141637625704703,
              43.60347208321132
            ],
            [
              -8.141725364640276,
              43.6034027493761
            ],
            [
              -8.141821114462788,
              43.60333921669164
            ],
            [
              -8.141924146462893,
              43.603281968660916
            ],
            [
              -8.14203367651856,
              43.6032314409575
            ],
            [
              -8.142148871062307,
              43.60318801811036
            ],
            [
              -8.142268853424472,
              43.603152030577874
            ],
            [
              -8.142392710504266,
              43.60312375223334
            ],
            [
              -8.1425194997179,
              43.60310339828103
            ],
            [
              -8.142648256170881,
              43.603091123618725
            ],
            [
              -8.142778,
              43.60308702165906
            ],
            [
              -8.142907743829118,
              43.603091123618725
            ],
            [
              -8.1430365002821,
              43.60310339828103
            ],
            [
              -8.143163289495734,
              43.60312375223334
            ],
            [
              -8.143287146575528,
              43.603152030577874
            ],
            [
              -8.143407128937692,
              43.60318801811036
            ],
            [
              -8.14352232348144,
              43.6032314409575
            ],
            [
              -8.143631853537107,
              43.603281968660916
            ],
            [
              -8.14373488553721,
              43.60333921669164
            ],
            [
              -8.143830635359723,
              43.6034027493761
            ],
            [
              -8.143918374295296,
              43.60347208321132
            ],
            [
              -8.14399743459304,
              43.60354669054404
            ],
            [
              -8.144067214542648,
              43.60362600358593
            ],
            [
              -8.1441271830542,
              43.60370941873421
            ],
            [
              -8.144176883700743,
              43.60379630116495
            ],
            [
              -8.144215938192911,
              43.603885989663944
            ],
            [
              -8.144244049259067,
              43.60397780165855
            ],
            [
              -8.144261002909037,
              43.60407103841216
            ],
            [
              -8.144266670064166,
              43.604164990341744
            ],
            [
              -8.144261007541235,
              43.60425894241807
            ],
            [
              -8.144244058382718,
              43.6043521796074
            ],
            [
              -8.144215951530796,
              43.60444399231351
            ],
            [
              -8.144176900847597,
              43.60453368177815
            ],
            [
              -8.144127203489028,
              43.60462056539933
            ],
            [
              -8.144067237644544,
              43.60470398192669
            ],
            [
              -8.143997459660065,
              43.60478329649439
            ],
            [
              -8.143918400565802,
              43.60485790545329
            ],
            [
              -8.143830662035493,
              43.604927240965644
            ],
            [
              -8.143734911807716,
              43.604990775327245
            ],
            [
              -8.143631878604133,
              43.60504802498414
            ],
            [
              -8.143522346583335,
              43.60509855421338
            ],
            [
              -8.14340714937252,
              43.60514197843959
            ],
            [
              -8.143287163722384,
              43.60517796716252
            ],
            [
              -8.143163302833619,
              43.605206246472704
            ],
            [
              -8.143036509405752,
              43.6052266011365
            ],
            [
              -8.142907748461319,
              43.60523887623454
            ],
            [
              -8.142778,
              43.60524297834094
            ]
          ]
        ]
      },
      "properties": {
        "site_id": "tra-valdovino-ga15087010",
        "primary_name": "Castro de Poulo",
        "municipality": "Valdoviño",
        "parish": "Valdoviño",
        "place": "Piñeiros",
        "ga_code": "GA15087010",
        "record_type": "official_castro",
        "confidence": "high",
        "dataset_use": "train_positive_candidate",
        "split": "train",
        "coord_source": "Artabro",
        "review_priority": "P1",
        "qgis_action": "Verificar coordenada y dibujar polígono/buffer entrenable.",
        "suggested_decision": "draw_training_polygon",
        "notes": "tabla ID_IPAGA 2021 | Presente en lista clásica Pena/Calaméo nº 51. | 2 coordenadas candidatas en fuentes; se eligió Artabro por prioridad.",
        "buffer_radius_m": "120",
        "label_status": "seed_buffer_requires_visual_adjustment"
      }
    },
    {
      "type": "Feature",
      "geometry": {
        "type": "Polygon",
        "coordinates": [
          [
            [
              -8.093333,
              43.59746597834094
            ],
            [
              -8.093203268309413,
              43.59746187623456
            ],
            [
              -8.093074524008056,
              43.597449601136574
            ],
            [
              -8.092947746968923,
              43.59742924647288
            ],
            [
              -8.092823902089805,
              43.59740096716283
            ],
            [
              -8.092703931948368,
              43.597364978440055
            ],
            [
              -8.092588749627254,
              43.59732155421403
            ],
            [
              -8.092479231763834,
              43.597271024985005
            ],
            [
              -8.092376211877545,
              43.59721377532834
            ],
            [
              -8.092280474025625,
              43.597150240966954
            ],
            [
              -8.092192746835543,
              43.59708090545482
            ],
            [
              -8.092113697959576,
              43.59700629649615
            ],
            [
              -8.092043928993693,
              43.59692698192866
            ],
            [
              -8.091983970899488,
              43.59684356540149
            ],
            [
              -8.091934279963898,
              43.59675668178046
            ],
            [
              -8.091895234327517,
              43.59666699231597
            ],
            [
              -8.09186713110786,
              43.59657517960995
            ],
            [
              -8.091850184139425,
              43.59648194242066
            ],
            [
              -8.09184452234775,
              43.596387990344375
            ],
            [
              -8.091850188769767,
              43.59629403841477
            ],
            [
              -8.091867140227851,
              43.5962008016611
            ],
            [
              -8.091895247660055,
              43.59610898966639
            ],
            [
              -8.091934297103876,
              43.59601930116727
            ],
            [
              -8.09198399132612,
              43.59593241873636
            ],
            [
              -8.092043952086327,
              43.5958490035879
            ],
            [
              -8.09211372301655,
              43.5957696905458
            ],
            [
              -8.092192773095515,
              43.59569508321286
            ],
            [
              -8.0922805006907,
              43.59562574937741
            ],
            [
              -8.092376238137518,
              43.59556221669271
            ],
            [
              -8.092479256820809,
              43.59550496866178
            ],
            [
              -8.092588772719887,
              43.59545444095816
            ],
            [
              -8.092703952375,
              43.59541101811083
            ],
            [
              -8.092823919229785,
              43.595375030578175
            ],
            [
              -8.09294776030146,
              43.59534675223351
            ],
            [
              -8.093074533128048,
              43.59532639828112
            ],
            [
              -8.093203272939755,
              43.59531412361874
            ],
            [
              -8.093333,
              43.59531002165906
            ],
            [
              -8.093462727060244,
              43.59531412361874
            ],
            [
              -8.09359146687195,
              43.59532639828112
            ],
            [
              -8.09371823969854,
              43.59534675223351
            ],
            [
              -8.093842080770214,
              43.595375030578175
            ],
            [
              -8.093962047624998,
              43.59541101811083
            ],
            [
              -8.094077227280112,
              43.59545444095816
            ],
            [
              -8.09418674317919,
              43.59550496866178
            ],
            [
              -8.09428976186248,
              43.59556221669271
            ],
            [
              -8.094385499309299,
              43.59562574937741
            ],
            [
              -8.094473226904483,
              43.59569508321286
            ],
            [
              -8.09455227698345,
              43.5957696905458
            ],
            [
              -8.094622047913672,
              43.5958490035879
            ],
            [
              -8.094682008673878,
              43.59593241873636
            ],
            [
              -8.094731702896123,
              43.59601930116727
            ],
            [
              -8.094770752339944,
              43.59610898966639
            ],
            [
              -8.094798859772148,
              43.5962008016611
            ],
            [
              -8.094815811230232,
              43.59629403841477
            ],
            [
              -8.094821477652248,
              43.596387990344375
            ],
            [
              -8.094815815860574,
              43.59648194242066
            ],
            [
              -8.09479886889214,
              43.59657517960995
            ],
            [
              -8.094770765672482,
              43.59666699231597
            ],
            [
              -8.094731720036101,
              43.59675668178046
            ],
            [
              -8.09468202910051,
              43.59684356540149
            ],
            [
              -8.094622071006306,
              43.59692698192866
            ],
            [
              -8.094552302040423,
              43.59700629649615
            ],
            [
              -8.094473253164455,
              43.59708090545482
            ],
            [
              -8.094385525974374,
              43.597150240966954
            ],
            [
              -8.094289788122454,
              43.59721377532834
            ],
            [
              -8.094186768236163,
              43.597271024985005
            ],
            [
              -8.094077250372745,
              43.59732155421403
            ],
            [
              -8.093962068051631,
              43.597364978440055
            ],
            [
              -8.093842097910194,
              43.59740096716283
            ],
            [
              -8.093718253031076,
              43.59742924647288
            ],
            [
              -8.093591475991943,
              43.597449601136574
            ],
            [
              -8.093462731690586,
              43.59746187623456
            ],
            [
              -8.093333,
              43.59746597834094
            ]
          ]
        ]
      },
      "properties": {
        "site_id": "tra-valdovino-ga15087013",
        "primary_name": "Castro de Crecente",
        "municipality": "Valdoviño",
        "parish": "Loira",
        "place": "A Furada",
        "ga_code": "GA15087013",
        "record_type": "official_castro",
        "confidence": "high",
        "dataset_use": "train_positive_candidate",
        "split": "train",
        "coord_source": "Artabro",
        "review_priority": "P1",
        "qgis_action": "Verificar coordenada y dibujar polígono/buffer entrenable.",
        "suggested_decision": "draw_training_polygon",
        "notes": "tabla ID_IPAGA 2021 | Presente en lista clásica Pena/Calaméo nº 50. | 2 coordenadas candidatas en fuentes; se eligió Artabro por prioridad.",
        "buffer_radius_m": "120",
        "label_status": "seed_buffer_requires_visual_adjustment"
      }
    },
    {
      "type": "Feature",
      "geometry": {
        "type": "Polygon",
        "coordinates": [
          [
            [
              -8.048055,
              43.59913297834095
            ],
            [
              -8.047925264715174,
              43.59912887623456
            ],
            [
              -8.047796516846935,
              43.599116601136565
            ],
            [
              -8.047669736295429,
              43.59909624647284
            ],
            [
              -8.047545887985184,
              43.599067967162775
            ],
            [
              -8.047425914519982,
              43.59903197843996
            ],
            [
              -8.047310729007762,
              43.598988554213896
            ],
            [
              -8.047201208110188,
              43.59893802498483
            ],
            [
              -8.047098185369785,
              43.5988807753281
            ],
            [
              -8.047002444865518,
              43.598817240966675
            ],
            [
              -8.046914715245043,
              43.598747905454495
            ],
            [
              -8.046835664179127,
              43.59867329649577
            ],
            [
              -8.046765893280414,
              43.59859398192824
            ],
            [
              -8.046705933525198,
              43.59851056540103
            ],
            [
              -8.046656241213059,
              43.59842368177997
            ],
            [
              -8.046617194495063,
              43.598333992315446
            ],
            [
              -8.046589090496953,
              43.59824217960941
            ],
            [
              -8.046572143059146,
              43.59814894242012
            ],
            [
              -8.046566481110753,
              43.59805499034381
            ],
            [
              -8.046572147689886,
              43.597961038414205
            ],
            [
              -8.046589099617728,
              43.597867801660556
            ],
            [
              -8.046617207828746,
              43.59777598966586
            ],
            [
              -8.046656258354512,
              43.59768630116677
            ],
            [
              -8.046705953953586,
              43.59759941873591
            ],
            [
              -8.046765916375033,
              43.59751600358748
            ],
            [
              -8.046835689238256,
              43.59743669054543
            ],
            [
              -8.046914741507273,
              43.59736208321253
            ],
            [
              -8.047002471532887,
              43.59729274937714
            ],
            [
              -8.047098211632017,
              43.5972292166925
            ],
            [
              -8.047201233169316,
              43.59717196866159
            ],
            [
              -8.047310752102382,
              43.59712144095802
            ],
            [
              -8.04742593494837,
              43.597078018110736
            ],
            [
              -8.047545905126638,
              43.597042030578116
            ],
            [
              -8.047669749629115,
              43.59701375223348
            ],
            [
              -8.04779652596771,
              43.59699339828109
            ],
            [
              -8.047925269345914,
              43.59698112361875
            ],
            [
              -8.048055,
              43.59697702165905
            ],
            [
              -8.048184730654086,
              43.59698112361875
            ],
            [
              -8.04831347403229,
              43.59699339828109
            ],
            [
              -8.048440250370886,
              43.59701375223348
            ],
            [
              -8.048564094873363,
              43.597042030578116
            ],
            [
              -8.048684065051631,
              43.597078018110736
            ],
            [
              -8.04879924789762,
              43.59712144095802
            ],
            [
              -8.048908766830683,
              43.59717196866159
            ],
            [
              -8.049011788367984,
              43.5972292166925
            ],
            [
              -8.049107528467115,
              43.59729274937714
            ],
            [
              -8.049195258492729,
              43.59736208321253
            ],
            [
              -8.049274310761746,
              43.59743669054543
            ],
            [
              -8.049344083624968,
              43.59751600358748
            ],
            [
              -8.049404046046414,
              43.59759941873591
            ],
            [
              -8.04945374164549,
              43.59768630116677
            ],
            [
              -8.049492792171254,
              43.59777598966586
            ],
            [
              -8.049520900382271,
              43.597867801660556
            ],
            [
              -8.049537852310113,
              43.597961038414205
            ],
            [
              -8.049543518889248,
              43.59805499034381
            ],
            [
              -8.049537856940853,
              43.59814894242012
            ],
            [
              -8.049520909503048,
              43.59824217960941
            ],
            [
              -8.049492805504938,
              43.598333992315446
            ],
            [
              -8.049453758786942,
              43.59842368177997
            ],
            [
              -8.049404066474802,
              43.59851056540103
            ],
            [
              -8.049344106719586,
              43.59859398192824
            ],
            [
              -8.049274335820874,
              43.59867329649577
            ],
            [
              -8.049195284754958,
              43.598747905454495
            ],
            [
              -8.049107555134484,
              43.598817240966675
            ],
            [
              -8.049011814630214,
              43.5988807753281
            ],
            [
              -8.048908791889813,
              43.59893802498483
            ],
            [
              -8.048799270992237,
              43.598988554213896
            ],
            [
              -8.04868408548002,
              43.59903197843996
            ],
            [
              -8.048564112014816,
              43.599067967162775
            ],
            [
              -8.04844026370457,
              43.59909624647284
            ],
            [
              -8.048313483153066,
              43.599116601136565
            ],
            [
              -8.048184735284826,
              43.59912887623456
            ],
            [
              -8.048055,
              43.59913297834095
            ]
          ]
        ]
      },
      "properties": {
        "site_id": "tra-valdovino-ga15087014",
        "primary_name": "Castro de Vidueiros",
        "municipality": "Valdoviño",
        "parish": "Vilaboa",
        "place": "Morgadelle",
        "ga_code": "GA15087014",
        "record_type": "official_castro",
        "confidence": "high",
        "dataset_use": "train_positive_candidate",
        "split": "train",
        "coord_source": "Artabro",
        "review_priority": "P1",
        "qgis_action": "Verificar coordenada y dibujar polígono/buffer entrenable.",
        "suggested_decision": "draw_training_polygon",
        "notes": "tabla ID_IPAGA 2021 | Presente en lista clásica Pena/Calaméo nº 56. | 2 coordenadas candidatas en fuentes; se eligió Artabro por prioridad.",
        "buffer_radius_m": "120",
        "label_status": "seed_buffer_requires_visual_adjustment"
      }
    },
    {
      "type": "Feature",
      "geometry": {
        "type": "Polygon",
        "coordinates": [
          [
            [
              -8.170056,
              43.576995978340946
            ],
            [
              -8.169926312419866,
              43.576991876234615
            ],
            [
              -8.169797611893195,
              43.57697960113679
            ],
            [
              -8.169670877959783,
              43.57695924647334
            ],
            [
              -8.169547075189305,
              43.57693096716364
            ],
            [
              -8.16942714583891,
              43.57689497844129
            ],
            [
              -8.169312002680757,
              43.57685155421576
            ],
            [
              -8.16920252205413,
              43.57680102498728
            ],
            [
              -8.16909953719505,
              43.57674377533119
            ],
            [
              -8.16900383189416,
              43.576680240970404
            ],
            [
              -8.168916134531193,
              43.57661090545888
            ],
            [
              -8.168837112531424,
              43.57653629650078
            ],
            [
              -8.1687673672863,
              43.576456981933845
            ],
            [
              -8.168707429576903,
              43.57637356540717
            ],
            [
              -8.168657755535063,
              43.57628668178656
            ],
            [
              -8.168618723172845,
              43.57619699232241
            ],
            [
              -8.16859062950678,
              43.57610517961665
            ],
            [
              -8.168573688298713,
              43.57601194242752
            ],
            [
              -8.168568028430393,
              43.57591799035128
            ],
            [
              -8.16857369292417,
              43.57582403842162
            ],
            [
              -8.168590638617152,
              43.5757308016678
            ],
            [
              -8.168618736491318,
              43.57563898967283
            ],
            [
              -8.168657772656962,
              43.57554930117337
            ],
            [
              -8.168707449981987,
              43.57546241874204
            ],
            [
              -8.168767390354573,
              43.575379003593085
            ],
            [
              -8.168837137561965,
              43.575299690550445
            ],
            [
              -8.168916160763464,
              43.57522508321692
            ],
            [
              -8.169003858531106,
              43.57515574938087
            ],
            [
              -8.16909956342732,
              43.57509221669557
            ],
            [
              -8.169202547084673,
              43.575034968664056
            ],
            [
              -8.16931202574903,
              43.57498444095989
            ],
            [
              -8.169427166243993,
              43.57494101811207
            ],
            [
              -8.169547092311204,
              43.57490503057899
            ],
            [
              -8.169670891278255,
              43.574876752233976
            ],
            [
              -8.169797621003568,
              43.57485639828133
            ],
            [
              -8.169926317045324,
              43.5748441236188
            ],
            [
              -8.170056,
              43.57484002165905
            ],
            [
              -8.17018568295468,
              43.5748441236188
            ],
            [
              -8.170314378996434,
              43.57485639828133
            ],
            [
              -8.170441108721747,
              43.574876752233976
            ],
            [
              -8.170564907688798,
              43.57490503057899
            ],
            [
              -8.170684833756008,
              43.57494101811207
            ],
            [
              -8.170799974250972,
              43.57498444095989
            ],
            [
              -8.170909452915328,
              43.575034968664056
            ],
            [
              -8.171012436572681,
              43.57509221669557
            ],
            [
              -8.171108141468897,
              43.57515574938087
            ],
            [
              -8.171195839236539,
              43.57522508321692
            ],
            [
              -8.171274862438038,
              43.575299690550445
            ],
            [
              -8.17134460964543,
              43.575379003593085
            ],
            [
              -8.171404550018014,
              43.57546241874204
            ],
            [
              -8.171454227343041,
              43.57554930117337
            ],
            [
              -8.171493263508685,
              43.57563898967283
            ],
            [
              -8.17152136138285,
              43.5757308016678
            ],
            [
              -8.171538307075833,
              43.57582403842162
            ],
            [
              -8.171543971569609,
              43.57591799035128
            ],
            [
              -8.17153831170129,
              43.57601194242752
            ],
            [
              -8.171521370493222,
              43.57610517961665
            ],
            [
              -8.171493276827157,
              43.57619699232241
            ],
            [
              -8.171454244464938,
              43.57628668178656
            ],
            [
              -8.171404570423098,
              43.57637356540717
            ],
            [
              -8.171344632713701,
              43.576456981933845
            ],
            [
              -8.171274887468577,
              43.57653629650078
            ],
            [
              -8.171195865468809,
              43.57661090545888
            ],
            [
              -8.171108168105842,
              43.576680240970404
            ],
            [
              -8.171012462804953,
              43.57674377533119
            ],
            [
              -8.170909477945871,
              43.57680102498728
            ],
            [
              -8.170799997319245,
              43.57685155421576
            ],
            [
              -8.170684854161092,
              43.57689497844129
            ],
            [
              -8.170564924810696,
              43.57693096716364
            ],
            [
              -8.17044112204022,
              43.57695924647334
            ],
            [
              -8.170314388106807,
              43.57697960113679
            ],
            [
              -8.170185687580135,
              43.576991876234615
            ],
            [
              -8.170056,
              43.576995978340946
            ]
          ]
        ]
      },
      "properties": {
        "site_id": "tra-valdovino-ga15087015",
        "primary_name": "Castro de Lodeiro",
        "municipality": "Valdoviño",
        "parish": "O Sequeiro",
        "place": "O Lodeiro",
        "ga_code": "GA15087015",
        "record_type": "official_castro",
        "confidence": "high",
        "dataset_use": "train_positive_candidate",
        "split": "train",
        "coord_source": "Artabro",
        "review_priority": "P1",
        "qgis_action": "Verificar coordenada y dibujar polígono/buffer entrenable.",
        "suggested_decision": "draw_training_polygon",
        "notes": "tabla ID_IPAGA 2021 | Presente en lista clásica Pena/Calaméo nº 57. | 2 coordenadas candidatas en fuentes; se eligió Artabro por prioridad.",
        "buffer_radius_m": "120",
        "label_status": "seed_buffer_requires_visual_adjustment"
      }
    },
    {
      "type": "Feature",
      "geometry": {
        "type": "Polygon",
        "coordinates": [
          [
            [
              -8.175555,
              43.55829997834094
            ],
            [
              -8.175425352666897,
              43.55829587623465
            ],
            [
              -8.175296692080904,
              43.55828360113698
            ],
            [
              -8.175169997477793,
              43.55826324647376
            ],
            [
              -8.175046233127865,
              43.558234967164374
            ],
            [
              -8.174926340995825,
              43.55819897844241
            ],
            [
              -8.17481123357054,
              43.55815555421733
            ],
            [
              -8.17470178691932,
              43.55810502498935
            ],
            [
              -8.174598834019587,
              43.55804777533379
            ],
            [
              -8.17450315841874,
              43.55798424097356
            ],
            [
              -8.174415488270476,
              43.557914905462574
            ],
            [
              -8.174336490792955,
              43.557840296505006
            ],
            [
              -8.174266767191005,
              43.557760981938564
            ],
            [
              -8.174206848081012,
              43.557677565412334
            ],
            [
              -8.17415718945328,
              43.55759068179213
            ],
            [
              -8.174118169202607,
              43.55750099232828
            ],
            [
              -8.174090084253384,
              43.55740917962276
            ],
            [
              -8.174073148301161,
              43.557315942433775
            ],
            [
              -8.174067490187742,
              43.557221990357576
            ],
            [
              -8.174073152922162,
              43.55712803842787
            ],
            [
              -8.174090093354978,
              43.55703480167391
            ],
            [
              -8.17411818250825,
              43.55694298967871
            ],
            [
              -8.174157206558686,
              43.556853301178926
            ],
            [
              -8.174206868466438,
              43.55676641874721
            ],
            [
              -8.174266790237054,
              43.5566830035978
            ],
            [
              -8.174336515799384,
              43.55660369055466
            ],
            [
              -8.174415514477477,
              43.55652908322062
            ],
            [
              -8.174503185030026,
              43.55645974938401
            ],
            [
              -8.174598860226588,
              43.556396216698175
            ],
            [
              -8.174701811925749,
              43.55633896866612
            ],
            [
              -8.174811256616591,
              43.55628844096146
            ],
            [
              -8.174926361381253,
              43.55624501811318
            ],
            [
              -8.17504625023327,
              43.55620903057973
            ],
            [
              -8.175170010783436,
              43.5561807522344
            ],
            [
              -8.1752967011825,
              43.556160398281506
            ],
            [
              -8.175425357287898,
              43.556148123618854
            ],
            [
              -8.175555,
              43.55614402165905
            ],
            [
              -8.175684642712099,
              43.556148123618854
            ],
            [
              -8.175813298817499,
              43.556160398281506
            ],
            [
              -8.175939989216563,
              43.5561807522344
            ],
            [
              -8.176063749766728,
              43.55620903057973
            ],
            [
              -8.176183638618744,
              43.55624501811318
            ],
            [
              -8.176298743383407,
              43.55628844096146
            ],
            [
              -8.176408188074248,
              43.55633896866612
            ],
            [
              -8.17651113977341,
              43.556396216698175
            ],
            [
              -8.176606814969972,
              43.55645974938401
            ],
            [
              -8.17669448552252,
              43.55652908322062
            ],
            [
              -8.176773484200613,
              43.55660369055466
            ],
            [
              -8.176843209762943,
              43.5566830035978
            ],
            [
              -8.176903131533559,
              43.55676641874721
            ],
            [
              -8.17695279344131,
              43.556853301178926
            ],
            [
              -8.176991817491748,
              43.55694298967871
            ],
            [
              -8.177019906645018,
              43.55703480167391
            ],
            [
              -8.177036847077835,
              43.55712803842787
            ],
            [
              -8.177042509812255,
              43.557221990357576
            ],
            [
              -8.177036851698835,
              43.557315942433775
            ],
            [
              -8.177019915746612,
              43.55740917962276
            ],
            [
              -8.176991830797391,
              43.55750099232828
            ],
            [
              -8.176952810546716,
              43.55759068179213
            ],
            [
              -8.176903151918985,
              43.557677565412334
            ],
            [
              -8.176843232808993,
              43.557760981938564
            ],
            [
              -8.176773509207042,
              43.557840296505006
            ],
            [
              -8.17669451172952,
              43.557914905462574
            ],
            [
              -8.176606841581256,
              43.55798424097356
            ],
            [
              -8.176511165980411,
              43.55804777533379
            ],
            [
              -8.176408213080677,
              43.55810502498935
            ],
            [
              -8.176298766429456,
              43.55815555421733
            ],
            [
              -8.176183659004172,
              43.55819897844241
            ],
            [
              -8.176063766872131,
              43.558234967164374
            ],
            [
              -8.175940002522204,
              43.55826324647376
            ],
            [
              -8.175813307919094,
              43.55828360113698
            ],
            [
              -8.1756846473331,
              43.55829587623465
            ],
            [
              -8.175555,
              43.55829997834094
            ]
          ]
        ]
      },
      "properties": {
        "site_id": "tra-valdovino-ga15087016",
        "primary_name": "Castro de Carreira de Abaixo",
        "municipality": "Valdoviño",
        "parish": "O Sequeiro",
        "place": "A Mata",
        "ga_code": "GA15087016",
        "record_type": "official_castro",
        "confidence": "high",
        "dataset_use": "train_positive_candidate",
        "split": "train",
        "coord_source": "Artabro",
        "review_priority": "P1",
        "qgis_action": "Verificar coordenada y dibujar polígono/buffer entrenable.",
        "suggested_decision": "draw_training_polygon",
        "notes": "tabla ID_IPAGA 2021 | Presente en lista clásica Pena/Calaméo nº 64. | 2 coordenadas candidatas en fuentes; se eligió Artabro por prioridad.",
        "buffer_radius_m": "120",
        "label_status": "seed_buffer_requires_visual_adjustment"
      }
    },
    {
      "type": "Feature",
      "geometry": {
        "type": "Polygon",
        "coordinates": [
          [
            [
              -8.1875,
              43.593299978340944
            ],
            [
              -8.187370277290428,
              43.59329587623457
            ],
            [
              -8.187241541901725,
              43.593283601136626
            ],
            [
              -8.187114773639042,
              43.59326324647297
            ],
            [
              -8.186990937333364,
              43.593234967163006
            ],
            [
              -8.186870975497103,
              43.59319897844032
            ],
            [
              -8.186755801149681,
              43.593155554214384
            ],
            [
              -8.186646290867781,
              43.59310502498548
            ],
            [
              -8.186543278113133,
              43.59304777532892
            ],
            [
              -8.186447546888695,
              43.59298424096765
            ],
            [
              -8.186359825771502,
              43.59291490545565
            ],
            [
              -8.186280782367605,
              43.59284029649709
            ],
            [
              -8.186211018231338,
              43.592760981929715
            ],
            [
              -8.186151064287538,
              43.592677565402646
            ],
            [
              -8.186101376791564,
              43.592590681781715
            ],
            [
              -8.186062333857842,
              43.592500992317284
            ],
            [
              -8.186034232583323,
              43.592409179611316
            ],
            [
              -8.186017286787715,
              43.59231594242206
            ],
            [
              -8.186011625387643,
              43.592221990345784
            ],
            [
              -8.186017291417063,
              43.59212803841617
            ],
            [
              -8.186034241701357,
              43.59203480166246
            ],
            [
              -8.186062347187516,
              43.59194298966771
            ],
            [
              -8.186101393927864,
              43.591853301168506
            ],
            [
              -8.186151084709785,
              43.59176641873753
            ],
            [
              -8.186211041319012,
              43.591683003588955
            ],
            [
              -8.186280807419196,
              43.591603690546755
            ],
            [
              -8.186359852025832,
              43.5915290832137
            ],
            [
              -8.186447573548044,
              43.591459749378124
            ],
            [
              -8.186543304367465,
              43.5913962166933
            ],
            [
              -8.186646315919372,
              43.59133896866224
            ],
            [
              -8.186755824237352,
              43.591288440958515
            ],
            [
              -8.186870995919346,
              43.59124501811108
            ],
            [
              -8.186990954469664,
              43.59120903057834
            ],
            [
              -8.187114786968715,
              43.59118075223361
            ],
            [
              -8.187241551019758,
              43.59116039828116
            ],
            [
              -8.187370281919776,
              43.591148123618765
            ],
            [
              -8.1875,
              43.59114402165906
            ],
            [
              -8.187629718080222,
              43.591148123618765
            ],
            [
              -8.187758448980242,
              43.59116039828116
            ],
            [
              -8.187885213031283,
              43.59118075223361
            ],
            [
              -8.188009045530336,
              43.59120903057834
            ],
            [
              -8.188129004080652,
              43.59124501811108
            ],
            [
              -8.188244175762646,
              43.591288440958515
            ],
            [
              -8.188353684080628,
              43.59133896866224
            ],
            [
              -8.188456695632535,
              43.5913962166933
            ],
            [
              -8.188552426451956,
              43.591459749378124
            ],
            [
              -8.188640147974168,
              43.5915290832137
            ],
            [
              -8.188719192580802,
              43.591603690546755
            ],
            [
              -8.188788958680988,
              43.591683003588955
            ],
            [
              -8.188848915290215,
              43.59176641873753
            ],
            [
              -8.188898606072136,
              43.591853301168506
            ],
            [
              -8.188937652812482,
              43.59194298966771
            ],
            [
              -8.188965758298643,
              43.59203480166246
            ],
            [
              -8.188982708582937,
              43.59212803841617
            ],
            [
              -8.188988374612356,
              43.592221990345784
            ],
            [
              -8.188982713212283,
              43.59231594242206
            ],
            [
              -8.188965767416676,
              43.592409179611316
            ],
            [
              -8.188937666142158,
              43.592500992317284
            ],
            [
              -8.188898623208436,
              43.592590681781715
            ],
            [
              -8.18884893571246,
              43.592677565402646
            ],
            [
              -8.188788981768662,
              43.592760981929715
            ],
            [
              -8.188719217632395,
              43.59284029649709
            ],
            [
              -8.188640174228498,
              43.59291490545565
            ],
            [
              -8.188552453111303,
              43.59298424096765
            ],
            [
              -8.188456721886867,
              43.59304777532892
            ],
            [
              -8.188353709132219,
              43.59310502498548
            ],
            [
              -8.188244198850319,
              43.593155554214384
            ],
            [
              -8.188129024502897,
              43.59319897844032
            ],
            [
              -8.188009062666636,
              43.593234967163006
            ],
            [
              -8.187885226360958,
              43.59326324647297
            ],
            [
              -8.187758458098275,
              43.593283601136626
            ],
            [
              -8.187629722709572,
              43.59329587623457
            ],
            [
              -8.1875,
              43.593299978340944
            ]
          ]
        ]
      },
      "properties": {
        "site_id": "tra-valdovino-ga15087020",
        "primary_name": "Zona arqueológica de la Iglesia y Castro Sto. Tomás de Taraza",
        "municipality": "Valdoviño",
        "parish": "Meirás",
        "place": "Padín",
        "ga_code": "GA15087020",
        "record_type": "official_castro",
        "confidence": "high",
        "dataset_use": "train_positive_candidate",
        "split": "train",
        "coord_source": "Artabro",
        "review_priority": "P1",
        "qgis_action": "Verificar coordenada y dibujar polígono/buffer entrenable.",
        "suggested_decision": "draw_training_polygon",
        "notes": "tabla ID_IPAGA 2021",
        "buffer_radius_m": "120",
        "label_status": "seed_buffer_requires_visual_adjustment"
      }
    },
    {
      "type": "Feature",
      "geometry": {
        "type": "Polygon",
        "coordinates": [
          [
            [
              -8.08928626,
              43.620266738340945
            ],
            [
              -8.089156479121598,
              43.6202626362345
            ],
            [
              -8.089027686006839,
              43.62025036113636
            ],
            [
              -8.088900860900273,
              43.62023000647237
            ],
            [
              -8.088776969065572,
              43.620201727161934
            ],
            [
              -8.088656953437813,
              43.620165738438686
            ],
            [
              -8.08854172744586,
              43.62012231421211
            ],
            [
              -8.08843216805948,
              43.620071784982485
            ],
            [
              -8.088329109114154,
              43.62001453532516
            ],
            [
              -8.088233334964396,
              43.61995100096311
            ],
            [
              -8.08814557451393,
              43.61988166545031
            ],
            [
              -8.08806649566816,
              43.619807056490984
            ],
            [
              -8.087996700251129,
              43.619727741922894
            ],
            [
              -8.087936719425707,
              43.61964432539517
            ],
            [
              -8.087887009651798,
              43.619557441773665
            ],
            [
              -8.087847949213327,
              43.619467752308786
            ],
            [
              -8.087819835340403,
              43.61937593960249
            ],
            [
              -8.08780288194855,
              43.61928270241303
            ],
            [
              -8.087797218012135,
              43.619188750336676
            ],
            [
              -8.08780288658434,
              43.61909479840713
            ],
            [
              -8.087819844471126,
              43.61900156165363
            ],
            [
              -8.08784796256155,
              43.61890974965921
            ],
            [
              -8.087887026811945,
              43.61882006116048
            ],
            [
              -8.087936739876373,
              43.61873317873005
            ],
            [
              -8.087996723370932,
              43.61864976358212
            ],
            [
              -8.088066520754616,
              43.618570450540645
            ],
            [
              -8.088145600804802,
              43.61849584320835
            ],
            [
              -8.088233361660844,
              43.61842650937358
            ],
            [
              -8.088329135405024,
              43.61836297668954
            ],
            [
              -8.088432193145938,
              43.618305728659244
            ],
            [
              -8.088541750565662,
              43.618255200956234
            ],
            [
              -8.08865697388848,
              43.618211778109455
            ],
            [
              -8.088776986225719,
              43.61817579057728
            ],
            [
              -8.088900874248498,
              43.618147512233
            ],
            [
              -8.089027695137561,
              43.618127158280885
            ],
            [
              -8.089156483757389,
              43.618114883618695
            ],
            [
              -8.08928626,
              43.618110781659055
            ],
            [
              -8.089416036242609,
              43.618114883618695
            ],
            [
              -8.089544824862438,
              43.618127158280885
            ],
            [
              -8.089671645751501,
              43.618147512233
            ],
            [
              -8.08979553377428,
              43.61817579057728
            ],
            [
              -8.089915546111518,
              43.618211778109455
            ],
            [
              -8.090030769434335,
              43.618255200956234
            ],
            [
              -8.090140326854062,
              43.618305728659244
            ],
            [
              -8.090243384594974,
              43.61836297668954
            ],
            [
              -8.090339158339154,
              43.61842650937358
            ],
            [
              -8.090426919195197,
              43.61849584320835
            ],
            [
              -8.090505999245382,
              43.618570450540645
            ],
            [
              -8.090575796629068,
              43.61864976358212
            ],
            [
              -8.090635780123625,
              43.61873317873005
            ],
            [
              -8.090685493188053,
              43.61882006116048
            ],
            [
              -8.090724557438447,
              43.61890974965921
            ],
            [
              -8.090752675528872,
              43.61900156165363
            ],
            [
              -8.09076963341566,
              43.61909479840713
            ],
            [
              -8.090775301987865,
              43.619188750336676
            ],
            [
              -8.09076963805145,
              43.61928270241303
            ],
            [
              -8.090752684659597,
              43.61937593960249
            ],
            [
              -8.090724570786673,
              43.619467752308786
            ],
            [
              -8.0906855103482,
              43.619557441773665
            ],
            [
              -8.090635800574292,
              43.61964432539517
            ],
            [
              -8.09057581974887,
              43.619727741922894
            ],
            [
              -8.09050602433184,
              43.619807056490984
            ],
            [
              -8.090426945486067,
              43.61988166545031
            ],
            [
              -8.090339185035603,
              43.61995100096311
            ],
            [
              -8.090243410885845,
              43.62001453532516
            ],
            [
              -8.090140351940518,
              43.620071784982485
            ],
            [
              -8.090030792554138,
              43.62012231421211
            ],
            [
              -8.089915566562187,
              43.620165738438686
            ],
            [
              -8.089795550934427,
              43.620201727161934
            ],
            [
              -8.089671659099725,
              43.62023000647237
            ],
            [
              -8.08954483399316,
              43.62025036113636
            ],
            [
              -8.0894160408784,
              43.6202626362345
            ],
            [
              -8.08928626,
              43.620266738340945
            ]
          ]
        ]
      },
      "properties": {
        "site_id": "tra-valdovino-ga15087024",
        "primary_name": "Castro de Lousada",
        "municipality": "Valdoviño",
        "parish": "Loira",
        "place": "Lousada",
        "ga_code": "GA15087024",
        "record_type": "official_castro",
        "confidence": "high",
        "dataset_use": "train_positive_candidate",
        "split": "train",
        "coord_source": "Patrimonio Galego",
        "review_priority": "P1",
        "qgis_action": "Verificar coordenada y dibujar polígono/buffer entrenable.",
        "suggested_decision": "draw_training_polygon",
        "notes": "tabla ID_IPAGA 2021 | Presente en lista clásica Pena/Calaméo nº 65. | 3 coordenadas candidatas en fuentes; se eligió Patrimonio Galego por prioridad.",
        "buffer_radius_m": "120",
        "label_status": "seed_buffer_requires_visual_adjustment"
      }
    },
    {
      "type": "Feature",
      "geometry": {
        "type": "Polygon",
        "coordinates": [
          [
            [
              -8.133055,
              43.58524397834094
            ],
            [
              -8.132925294651994,
              43.58523987623459
            ],
            [
              -8.132796576492696,
              43.5852276011367
            ],
            [
              -8.132669825196121,
              43.58520724647315
            ],
            [
              -8.132546005464107,
              43.58517896716331
            ],
            [
              -8.13242605968291,
              43.58514297844079
            ],
            [
              -8.132310900749754,
              43.585099554215056
            ],
            [
              -8.132201405123993,
              43.58504902498637
            ],
            [
              -8.132098406155807,
              43.58499177533004
            ],
            [
              -8.132002687743226,
              43.58492824096901
            ],
            [
              -8.131914978365772,
              43.584858905457246
            ],
            [
              -8.131835945540159,
              43.58478429649891
            ],
            [
              -8.131766190740214,
              43.58470498193175
            ],
            [
              -8.131706244819732,
              43.58462156540487
            ],
            [
              -8.131656563973019,
              43.584534681784106
            ],
            [
              -8.131617526263911,
              43.58444499231981
            ],
            [
              -8.13158942874962,
              43.58435317961395
            ],
            [
              -8.131572485221254,
              43.58425994242475
            ],
            [
              -8.131566824578199,
              43.584165990348495
            ],
            [
              -8.131572489848677,
              43.58407203841885
            ],
            [
              -8.131589437863868,
              43.5839788016651
            ],
            [
              -8.131617539588051,
              43.58388698967023
            ],
            [
              -8.1316565811022,
              43.583797301170904
            ],
            [
              -8.131706265233497,
              43.58371041873975
            ],
            [
              -8.131766213818299,
              43.58362700359099
            ],
            [
              -8.131835970581346,
              43.58354769054856
            ],
            [
              -8.131915004609201,
              43.58347308321528
            ],
            [
              -8.1320027143915,
              43.58340374937948
            ],
            [
              -8.132098432399236,
              43.583340216694424
            ],
            [
              -8.13220143016518,
              43.58328296866313
            ],
            [
              -8.132310923827838,
              43.583232440959186
            ],
            [
              -8.132426080096673,
              43.58318901811156
            ],
            [
              -8.132546022593289,
              43.583153030578664
            ],
            [
              -8.132669838520258,
              43.583124752233786
            ],
            [
              -8.132796585606943,
              43.58310439828124
            ],
            [
              -8.132925299279417,
              43.58309212361878
            ],
            [
              -8.133055,
              43.58308802165905
            ],
            [
              -8.133184700720586,
              43.58309212361878
            ],
            [
              -8.13331341439306,
              43.58310439828124
            ],
            [
              -8.133440161479745,
              43.583124752233786
            ],
            [
              -8.133563977406714,
              43.583153030578664
            ],
            [
              -8.13368391990333,
              43.58318901811156
            ],
            [
              -8.133799076172163,
              43.583232440959186
            ],
            [
              -8.133908569834823,
              43.58328296866313
            ],
            [
              -8.134011567600767,
              43.583340216694424
            ],
            [
              -8.1341072856085,
              43.58340374937948
            ],
            [
              -8.134194995390802,
              43.58347308321528
            ],
            [
              -8.134274029418656,
              43.58354769054856
            ],
            [
              -8.134343786181704,
              43.58362700359099
            ],
            [
              -8.134403734766506,
              43.58371041873975
            ],
            [
              -8.134453418897802,
              43.583797301170904
            ],
            [
              -8.134492460411952,
              43.58388698967023
            ],
            [
              -8.134520562136135,
              43.5839788016651
            ],
            [
              -8.134537510151326,
              43.58407203841885
            ],
            [
              -8.134543175421804,
              43.584165990348495
            ],
            [
              -8.13453751477875,
              43.58425994242475
            ],
            [
              -8.13452057125038,
              43.58435317961395
            ],
            [
              -8.13449247373609,
              43.58444499231981
            ],
            [
              -8.134453436026984,
              43.584534681784106
            ],
            [
              -8.13440375518027,
              43.58462156540487
            ],
            [
              -8.134343809259788,
              43.58470498193175
            ],
            [
              -8.134274054459844,
              43.58478429649891
            ],
            [
              -8.13419502163423,
              43.584858905457246
            ],
            [
              -8.134107312256777,
              43.58492824096901
            ],
            [
              -8.134011593844196,
              43.58499177533004
            ],
            [
              -8.13390859487601,
              43.58504902498637
            ],
            [
              -8.133799099250249,
              43.585099554215056
            ],
            [
              -8.133683940317093,
              43.58514297844079
            ],
            [
              -8.133563994535896,
              43.58517896716331
            ],
            [
              -8.133440174803882,
              43.58520724647315
            ],
            [
              -8.133313423507307,
              43.5852276011367
            ],
            [
              -8.13318470534801,
              43.58523987623459
            ],
            [
              -8.133055,
              43.58524397834094
            ]
          ]
        ]
      },
      "properties": {
        "site_id": "tra-valdovino-ga15087032",
        "primary_name": "O Foro",
        "municipality": "Valdoviño",
        "parish": "Valdoviño",
        "place": "A Espiñuda | As Casas Novas",
        "ga_code": "GA15087032",
        "record_type": "official_castro",
        "confidence": "high",
        "dataset_use": "train_positive_candidate",
        "split": "train",
        "coord_source": "Artabro",
        "review_priority": "P1",
        "qgis_action": "Verificar coordenada y dibujar polígono/buffer entrenable.",
        "suggested_decision": "draw_training_polygon",
        "notes": "tabla ID_IPAGA 2021 | 2 coordenadas candidatas en fuentes; se eligió Artabro por prioridad.",
        "buffer_radius_m": "120",
        "label_status": "seed_buffer_requires_visual_adjustment"
      }
    }
  ]
}