{
  "type": "FeatureCollection",
  "features": [
    {
      "type": "Feature",
      "geometry": {
        "type": "Point",
        "coordinates": [
          -8.132051265443264,
          43.4784901008791
        ]
      },
      "properties": {
        "review_id": "err-review-0001",
        "sample_review_key": "wl-neg-neg-es-pba-8682",
        "duplicate_count": "1",
        "duplicate_queues": "holdout_top_false_positives",
        "review_priority": "P0",
        "queue": "holdout_top_false_positives",
        "priority_order": "1",
        "review_lane": "mamoa_false_positive_review",
        "dataset": "holdouts",
        "final_split": "test_trasancos",
        "sample_id": "wl-neg-neg-es-pba-8682",
        "bank_id": "neg-es-pba-8682",
        "label_class": "0",
        "label_role": "hard_negative",
        "suggested_taxonomy": "mamoa",
        "suggested_decision": "confirm_non_castro_archaeological_hard_negative",
        "boundary_action": "Confirm mound/non-castro; do not treat as generic absence.",
        "review_status": "pending",
        "final_taxonomy": "",
        "final_decision": "",
        "name": "Mámoa do Monte Marraxón IV-1",
        "municipality": "Fene",
        "parish": "Sillobre (Santa Mariña)",
        "country": "ES",
        "fusion_probability": "0.63027339",
        "fusion_rank": "34",
        "max_safety_rank": "37",
        "archetype_only_rank": "34",
        "specialist_probability": "0.59351267",
        "specialist_rank": "47",
        "specialist_mean_rank": "40",
        "rank_delta_fusion_to_max": "-3",
        "negative_type": "megalithic_mound",
        "morphology_proxy": "",
        "visual_sheet": "reports/figures/weak_label_error_review_v1/holdout-top-false-positives.png",
        "review_reason": "Known hard negative ranked high by the main fusion model; inspect as false-positive pattern.",
        "review_notes": ""
      }
    },
    {
      "type": "Feature",
      "geometry": {
        "type": "Point",
        "coordinates": [
          -8.175129668390355,
          43.450897497780126
        ]
      },
      "properties": {
        "review_id": "err-review-0002",
        "sample_review_key": "wl-neg-neg-es-pba-8715",
        "duplicate_count": "1",
        "duplicate_queues": "holdout_top_false_positives",
        "review_priority": "P0",
        "queue": "holdout_top_false_positives",
        "priority_order": "2",
        "review_lane": "mamoa_false_positive_review",
        "dataset": "holdouts",
        "final_split": "test_trasancos",
        "sample_id": "wl-neg-neg-es-pba-8715",
        "bank_id": "neg-es-pba-8715",
        "label_class": "0",
        "label_role": "hard_negative",
        "suggested_taxonomy": "mamoa",
        "suggested_decision": "confirm_non_castro_archaeological_hard_negative",
        "boundary_action": "Confirm mound/non-castro; do not treat as generic absence.",
        "review_status": "pending",
        "final_taxonomy": "",
        "final_decision": "",
        "name": "Mámoa do Rego da Moa",
        "municipality": "Fene",
        "parish": "Barallobre (Santiago)",
        "country": "ES",
        "fusion_probability": "0.61573051",
        "fusion_rank": "35",
        "max_safety_rank": "24",
        "archetype_only_rank": "12",
        "specialist_probability": "0.95558477",
        "specialist_rank": "18",
        "specialist_mean_rank": "27",
        "rank_delta_fusion_to_max": "11",
        "negative_type": "megalithic_mound",
        "morphology_proxy": "",
        "visual_sheet": "reports/figures/weak_label_error_review_v1/holdout-top-false-positives.png",
        "review_reason": "Known hard negative ranked high by the main fusion model; inspect as false-positive pattern.",
        "review_notes": ""
      }
    },
    {
      "type": "Feature",
      "geometry": {
        "type": "Point",
        "coordinates": [
          -8.20129105753339,
          43.572014263769375
        ]
      },
      "properties": {
        "review_id": "err-review-0003",
        "sample_review_key": "wl-neg-neg-es-pba-24849",
        "duplicate_count": "1",
        "duplicate_queues": "holdout_top_false_positives",
        "review_priority": "P0",
        "queue": "holdout_top_false_positives",
        "priority_order": "3",
        "review_lane": "mamoa_false_positive_review",
        "dataset": "holdouts",
        "final_split": "test_trasancos",
        "sample_id": "wl-neg-neg-es-pba-24849",
        "bank_id": "neg-es-pba-24849",
        "label_class": "0",
        "label_role": "hard_negative",
        "suggested_taxonomy": "mamoa",
        "suggested_decision": "confirm_non_castro_archaeological_hard_negative",
        "boundary_action": "Confirm mound/non-castro; do not treat as generic absence.",
        "review_status": "pending",
        "final_taxonomy": "",
        "final_decision": "",
        "name": "Mámoa de Rioboo 1/Mámoa de Canteiros 1",
        "municipality": "Valdoviño",
        "parish": "Meirás (San Vicente)",
        "country": "ES",
        "fusion_probability": "0.57929205",
        "fusion_rank": "37",
        "max_safety_rank": "41",
        "archetype_only_rank": "112",
        "specialist_probability": "0.51304754",
        "specialist_rank": "59",
        "specialist_mean_rank": "49",
        "rank_delta_fusion_to_max": "-4",
        "negative_type": "megalithic_mound",
        "morphology_proxy": "",
        "visual_sheet": "reports/figures/weak_label_error_review_v1/holdout-top-false-positives.png",
        "review_reason": "Known hard negative ranked high by the main fusion model; inspect as false-positive pattern.",
        "review_notes": ""
      }
    },
    {
      "type": "Feature",
      "geometry": {
        "type": "Point",
        "coordinates": [
          -8.123356750541028,
          43.56133110666142
        ]
      },
      "properties": {
        "review_id": "err-review-0004",
        "sample_review_key": "wl-neg-neg-es-pba-14259",
        "duplicate_count": "1",
        "duplicate_queues": "holdout_top_false_positives",
        "review_priority": "P0",
        "queue": "holdout_top_false_positives",
        "priority_order": "4",
        "review_lane": "mamoa_false_positive_review",
        "dataset": "holdouts",
        "final_split": "test_trasancos",
        "sample_id": "wl-neg-neg-es-pba-14259",
        "bank_id": "neg-es-pba-14259",
        "label_class": "0",
        "label_role": "hard_negative",
        "suggested_taxonomy": "mamoa",
        "suggested_decision": "confirm_non_castro_archaeological_hard_negative",
        "boundary_action": "Confirm mound/non-castro; do not treat as generic absence.",
        "review_status": "pending",
        "final_taxonomy": "",
        "final_decision": "",
        "name": "Mámoa do Monte dos Niños 05",
        "municipality": "Narón",
        "parish": "Sedes (Santo Estevo)",
        "country": "ES",
        "fusion_probability": "0.57631836",
        "fusion_rank": "38",
        "max_safety_rank": "42",
        "archetype_only_rank": "58",
        "specialist_probability": "0.53494045",
        "specialist_rank": "55",
        "specialist_mean_rank": "48",
        "rank_delta_fusion_to_max": "-4",
        "negative_type": "megalithic_mound",
        "morphology_proxy": "",
        "visual_sheet": "reports/figures/weak_label_error_review_v1/holdout-top-false-positives.png",
        "review_reason": "Known hard negative ranked high by the main fusion model; inspect as false-positive pattern.",
        "review_notes": ""
      }
    },
    {
      "type": "Feature",
      "geometry": {
        "type": "Point",
        "coordinates": [
          -8.2207321781512,
          43.5237064246763
        ]
      },
      "properties": {
        "review_id": "err-review-0005",
        "sample_review_key": "wl-neg-neg-es-pba-14223",
        "duplicate_count": "1",
        "duplicate_queues": "holdout_top_false_positives",
        "review_priority": "P0",
        "queue": "holdout_top_false_positives",
        "priority_order": "5",
        "review_lane": "mamoa_false_positive_review",
        "dataset": "holdouts",
        "final_split": "test_trasancos",
        "sample_id": "wl-neg-neg-es-pba-14223",
        "bank_id": "neg-es-pba-14223",
        "label_class": "0",
        "label_role": "hard_negative",
        "suggested_taxonomy": "mamoa",
        "suggested_decision": "confirm_non_castro_archaeological_hard_negative",
        "boundary_action": "Confirm mound/non-castro; do not treat as generic absence.",
        "review_status": "pending",
        "final_taxonomy": "",
        "final_decision": "",
        "name": "Mámoa de Muíño do Vento",
        "municipality": "Narón",
        "parish": "Trasancos (San Mateo)",
        "country": "ES",
        "fusion_probability": "0.55826249",
        "fusion_rank": "44",
        "max_safety_rank": "48",
        "archetype_only_rank": "84",
        "specialist_probability": "0.44488268",
        "specialist_rank": "66",
        "specialist_mean_rank": "55",
        "rank_delta_fusion_to_max": "-4",
        "negative_type": "megalithic_mound",
        "morphology_proxy": "",
        "visual_sheet": "reports/figures/weak_label_error_review_v1/holdout-top-false-positives.png",
        "review_reason": "Known hard negative ranked high by the main fusion model; inspect as false-positive pattern.",
        "review_notes": ""
      }
    },
    {
      "type": "Feature",
      "geometry": {
        "type": "Point",
        "coordinates": [
          -8.045691218805501,
          43.56779596584658
        ]
      },
      "properties": {
        "review_id": "err-review-0006",
        "sample_review_key": "wl-neg-neg-es-pba-20406",
        "duplicate_count": "1",
        "duplicate_queues": "holdout_top_false_positives",
        "review_priority": "P0",
        "queue": "holdout_top_false_positives",
        "priority_order": "6",
        "review_lane": "mamoa_false_positive_review",
        "dataset": "holdouts",
        "final_split": "test_trasancos",
        "sample_id": "wl-neg-neg-es-pba-20406",
        "bank_id": "neg-es-pba-20406",
        "label_class": "0",
        "label_role": "hard_negative",
        "suggested_taxonomy": "mamoa",
        "suggested_decision": "confirm_non_castro_archaeological_hard_negative",
        "boundary_action": "Confirm mound/non-castro; do not treat as generic absence.",
        "review_status": "pending",
        "final_taxonomy": "",
        "final_decision": "",
        "name": "Mámoa de Bardaos",
        "municipality": "San Sadurniño",
        "parish": "Bardaos (Santa María)",
        "country": "ES",
        "fusion_probability": "0.47516969",
        "fusion_rank": "53",
        "max_safety_rank": "63",
        "archetype_only_rank": "53",
        "specialist_probability": "0.51674851",
        "specialist_rank": "58",
        "specialist_mean_rank": "56",
        "rank_delta_fusion_to_max": "-10",
        "negative_type": "megalithic_mound",
        "morphology_proxy": "",
        "visual_sheet": "reports/figures/weak_label_error_review_v1/holdout-top-false-positives.png",
        "review_reason": "Known hard negative ranked high by the main fusion model; inspect as false-positive pattern.",
        "review_notes": ""
      }
    },
    {
      "type": "Feature",
      "geometry": {
        "type": "Point",
        "coordinates": [
          -8.128269502838254,
          43.57801699616052
        ]
      },
      "properties": {
        "review_id": "err-review-0007",
        "sample_review_key": "wl-neg-neg-es-pba-24332",
        "duplicate_count": "1",
        "duplicate_queues": "holdout_top_false_positives",
        "review_priority": "P0",
        "queue": "holdout_top_false_positives",
        "priority_order": "7",
        "review_lane": "mamoa_false_positive_review",
        "dataset": "holdouts",
        "final_split": "test_trasancos",
        "sample_id": "wl-neg-neg-es-pba-24332",
        "bank_id": "neg-es-pba-24332",
        "label_class": "0",
        "label_role": "hard_negative",
        "suggested_taxonomy": "mamoa",
        "suggested_decision": "confirm_non_castro_archaeological_hard_negative",
        "boundary_action": "Confirm mound/non-castro; do not treat as generic absence.",
        "review_status": "pending",
        "final_taxonomy": "",
        "final_decision": "",
        "name": "Mámoa do Monte de Pena Moura 3",
        "municipality": "Valdoviño",
        "parish": "Valdoviño (Santaia)",
        "country": "ES",
        "fusion_probability": "0.45368295",
        "fusion_rank": "55",
        "max_safety_rank": "66",
        "archetype_only_rank": "51",
        "specialist_probability": "0.56808626",
        "specialist_rank": "52",
        "specialist_mean_rank": "53",
        "rank_delta_fusion_to_max": "-11",
        "negative_type": "megalithic_mound",
        "morphology_proxy": "",
        "visual_sheet": "reports/figures/weak_label_error_review_v1/holdout-top-false-positives.png",
        "review_reason": "Known hard negative ranked high by the main fusion model; inspect as false-positive pattern.",
        "review_notes": ""
      }
    },
    {
      "type": "Feature",
      "geometry": {
        "type": "Point",
        "coordinates": [
          -8.096261067263583,
          43.625262213712574
        ]
      },
      "properties": {
        "review_id": "err-review-0008",
        "sample_review_key": "wl-neg-neg-es-pba-24843",
        "duplicate_count": "1",
        "duplicate_queues": "holdout_top_false_positives",
        "review_priority": "P0",
        "queue": "holdout_top_false_positives",
        "priority_order": "8",
        "review_lane": "mamoa_false_positive_review",
        "dataset": "holdouts",
        "final_split": "test_trasancos",
        "sample_id": "wl-neg-neg-es-pba-24843",
        "bank_id": "neg-es-pba-24843",
        "label_class": "0",
        "label_role": "hard_negative",
        "suggested_taxonomy": "mamoa",
        "suggested_decision": "confirm_non_castro_archaeological_hard_negative",
        "boundary_action": "Confirm mound/non-castro; do not treat as generic absence.",
        "review_status": "pending",
        "final_taxonomy": "",
        "final_decision": "",
        "name": "Mámoa de Coto da Fraga 2",
        "municipality": "Valdoviño",
        "parish": "Pantín (Santiago)",
        "country": "ES",
        "fusion_probability": "0.44129649",
        "fusion_rank": "56",
        "max_safety_rank": "51",
        "archetype_only_rank": "26",
        "specialist_probability": "0.57147575",
        "specialist_rank": "51",
        "specialist_mean_rank": "54",
        "rank_delta_fusion_to_max": "5",
        "negative_type": "megalithic_mound",
        "morphology_proxy": "",
        "visual_sheet": "reports/figures/weak_label_error_review_v1/holdout-top-false-positives.png",
        "review_reason": "Known hard negative ranked high by the main fusion model; inspect as false-positive pattern.",
        "review_notes": ""
      }
    },
    {
      "type": "Feature",
      "geometry": {
        "type": "Point",
        "coordinates": [
          -8.050266230012467,
          43.6232429879672
        ]
      },
      "properties": {
        "review_id": "err-review-0009",
        "sample_review_key": "wl-neg-neg-es-pba-24846",
        "duplicate_count": "1",
        "duplicate_queues": "holdout_top_false_positives",
        "review_priority": "P0",
        "queue": "holdout_top_false_positives",
        "priority_order": "9",
        "review_lane": "mamoa_false_positive_review",
        "dataset": "holdouts",
        "final_split": "test_trasancos",
        "sample_id": "wl-neg-neg-es-pba-24846",
        "bank_id": "neg-es-pba-24846",
        "label_class": "0",
        "label_role": "hard_negative",
        "suggested_taxonomy": "mamoa",
        "suggested_decision": "confirm_non_castro_archaeological_hard_negative",
        "boundary_action": "Confirm mound/non-castro; do not treat as generic absence.",
        "review_status": "pending",
        "final_taxonomy": "",
        "final_decision": "",
        "name": "Mámoa de Pena Moura",
        "municipality": "Valdoviño",
        "parish": "Vilarrube (San Martiño)",
        "country": "ES",
        "fusion_probability": "0.42819688",
        "fusion_rank": "58",
        "max_safety_rank": "38",
        "archetype_only_rank": "21",
        "specialist_probability": "0.82864178",
        "specialist_rank": "34",
        "specialist_mean_rank": "38",
        "rank_delta_fusion_to_max": "20",
        "negative_type": "megalithic_mound",
        "morphology_proxy": "",
        "visual_sheet": "reports/figures/weak_label_error_review_v1/holdout-top-false-positives.png",
        "review_reason": "Known hard negative ranked high by the main fusion model; inspect as false-positive pattern.",
        "review_notes": ""
      }
    },
    {
      "type": "Feature",
      "geometry": {
        "type": "Point",
        "coordinates": [
          -8.296676405945123,
          43.484912722428156
        ]
      },
      "properties": {
        "review_id": "err-review-0010",
        "sample_review_key": "wl-neg-neg-es-pba-10071",
        "duplicate_count": "1",
        "duplicate_queues": "holdout_top_false_positives",
        "review_priority": "P0",
        "queue": "holdout_top_false_positives",
        "priority_order": "10",
        "review_lane": "mamoa_false_positive_review",
        "dataset": "holdouts",
        "final_split": "test_trasancos",
        "sample_id": "wl-neg-neg-es-pba-10071",
        "bank_id": "neg-es-pba-10071",
        "label_class": "0",
        "label_role": "hard_negative",
        "suggested_taxonomy": "mamoa",
        "suggested_decision": "confirm_non_castro_archaeological_hard_negative",
        "boundary_action": "Confirm mound/non-castro; do not treat as generic absence.",
        "review_status": "pending",
        "final_taxonomy": "",
        "final_decision": "",
        "name": "Mámoa dos Montes de Brión III-8",
        "municipality": "Ferrol",
        "parish": "Doniños (San Román)",
        "country": "ES",
        "fusion_probability": "0.40880619",
        "fusion_rank": "60",
        "max_safety_rank": "67",
        "archetype_only_rank": "40",
        "specialist_probability": "0.49869196",
        "specialist_rank": "60",
        "specialist_mean_rank": "58",
        "rank_delta_fusion_to_max": "-7",
        "negative_type": "megalithic_mound",
        "morphology_proxy": "",
        "visual_sheet": "reports/figures/weak_label_error_review_v1/holdout-top-false-positives.png",
        "review_reason": "Known hard negative ranked high by the main fusion model; inspect as false-positive pattern.",
        "review_notes": ""
      }
    },
    {
      "type": "Feature",
      "geometry": {
        "type": "Point",
        "coordinates": [
          -8.271862778359397,
          43.47905394680505
        ]
      },
      "properties": {
        "review_id": "err-review-0011",
        "sample_review_key": "wl-neg-neg-es-pba-10131",
        "duplicate_count": "1",
        "duplicate_queues": "holdout_top_false_positives",
        "review_priority": "P0",
        "queue": "holdout_top_false_positives",
        "priority_order": "11",
        "review_lane": "mamoa_false_positive_review",
        "dataset": "holdouts",
        "final_split": "test_trasancos",
        "sample_id": "wl-neg-neg-es-pba-10131",
        "bank_id": "neg-es-pba-10131",
        "label_class": "0",
        "label_role": "hard_negative",
        "suggested_taxonomy": "mamoa",
        "suggested_decision": "confirm_non_castro_archaeological_hard_negative",
        "boundary_action": "Confirm mound/non-castro; do not treat as generic absence.",
        "review_status": "pending",
        "final_taxonomy": "",
        "final_decision": "",
        "name": "Mámoa dos Montes de Brión VI-1",
        "municipality": "Ferrol",
        "parish": "Brión (Santa María)",
        "country": "ES",
        "fusion_probability": "0.38900115",
        "fusion_rank": "63",
        "max_safety_rank": "76",
        "archetype_only_rank": "57",
        "specialist_probability": "0.46133309",
        "specialist_rank": "64",
        "specialist_mean_rank": "61",
        "rank_delta_fusion_to_max": "-13",
        "negative_type": "megalithic_mound",
        "morphology_proxy": "",
        "visual_sheet": "reports/figures/weak_label_error_review_v1/holdout-top-false-positives.png",
        "review_reason": "Known hard negative ranked high by the main fusion model; inspect as false-positive pattern.",
        "review_notes": ""
      }
    },
    {
      "type": "Feature",
      "geometry": {
        "type": "Point",
        "coordinates": [
          -8.270074776662353,
          43.50536423132985
        ]
      },
      "properties": {
        "review_id": "err-review-0012",
        "sample_review_key": "wl-neg-neg-es-pba-9981",
        "duplicate_count": "1",
        "duplicate_queues": "holdout_top_false_positives",
        "review_priority": "P0",
        "queue": "holdout_top_false_positives",
        "priority_order": "12",
        "review_lane": "mamoa_false_positive_review",
        "dataset": "holdouts",
        "final_split": "test_trasancos",
        "sample_id": "wl-neg-neg-es-pba-9981",
        "bank_id": "neg-es-pba-9981",
        "label_class": "0",
        "label_role": "hard_negative",
        "suggested_taxonomy": "mamoa",
        "suggested_decision": "confirm_non_castro_archaeological_hard_negative",
        "boundary_action": "Confirm mound/non-castro; do not treat as generic absence.",
        "review_status": "pending",
        "final_taxonomy": "",
        "final_decision": "",
        "name": "Mámoa de Mougá 6",
        "municipality": "Ferrol",
        "parish": "Doniños (San Román)",
        "country": "ES",
        "fusion_probability": "0.38321919",
        "fusion_rank": "64",
        "max_safety_rank": "59",
        "archetype_only_rank": "36",
        "specialist_probability": "0.39108186",
        "specialist_rank": "75",
        "specialist_mean_rank": "71",
        "rank_delta_fusion_to_max": "5",
        "negative_type": "megalithic_mound",
        "morphology_proxy": "",
        "visual_sheet": "reports/figures/weak_label_error_review_v1/holdout-top-false-positives.png",
        "review_reason": "Known hard negative ranked high by the main fusion model; inspect as false-positive pattern.",
        "review_notes": ""
      }
    },
    {
      "type": "Feature",
      "geometry": {
        "type": "Point",
        "coordinates": [
          -8.285559472887922,
          43.4827670044632
        ]
      },
      "properties": {
        "review_id": "err-review-0013",
        "sample_review_key": "wl-neg-neg-es-pba-10014",
        "duplicate_count": "1",
        "duplicate_queues": "holdout_top_false_positives",
        "review_priority": "P0",
        "queue": "holdout_top_false_positives",
        "priority_order": "13",
        "review_lane": "mamoa_false_positive_review",
        "dataset": "holdouts",
        "final_split": "test_trasancos",
        "sample_id": "wl-neg-neg-es-pba-10014",
        "bank_id": "neg-es-pba-10014",
        "label_class": "0",
        "label_role": "hard_negative",
        "suggested_taxonomy": "mamoa",
        "suggested_decision": "confirm_non_castro_archaeological_hard_negative",
        "boundary_action": "Confirm mound/non-castro; do not treat as generic absence.",
        "review_status": "pending",
        "final_taxonomy": "",
        "final_decision": "",
        "name": "Mámoa dos Montes de Brión I-7",
        "municipality": "Ferrol",
        "parish": "Brión (Santa María)",
        "country": "ES",
        "fusion_probability": "0.37839992",
        "fusion_rank": "66",
        "max_safety_rank": "79",
        "archetype_only_rank": "65",
        "specialist_probability": "0.34653576",
        "specialist_rank": "82",
        "specialist_mean_rank": "75",
        "rank_delta_fusion_to_max": "-13",
        "negative_type": "megalithic_mound",
        "morphology_proxy": "",
        "visual_sheet": "reports/figures/weak_label_error_review_v1/holdout-top-false-positives.png",
        "review_reason": "Known hard negative ranked high by the main fusion model; inspect as false-positive pattern.",
        "review_notes": ""
      }
    },
    {
      "type": "Feature",
      "geometry": {
        "type": "Point",
        "coordinates": [
          -8.197523939371287,
          43.52116200826383
        ]
      },
      "properties": {
        "review_id": "err-review-0014",
        "sample_review_key": "wl-neg-neg-es-pba-9974",
        "duplicate_count": "1",
        "duplicate_queues": "holdout_top_false_positives",
        "review_priority": "P0",
        "queue": "holdout_top_false_positives",
        "priority_order": "14",
        "review_lane": "mamoa_false_positive_review",
        "dataset": "holdouts",
        "final_split": "test_trasancos",
        "sample_id": "wl-neg-neg-es-pba-9974",
        "bank_id": "neg-es-pba-9974",
        "label_class": "0",
        "label_role": "hard_negative",
        "suggested_taxonomy": "mamoa",
        "suggested_decision": "confirm_non_castro_archaeological_hard_negative",
        "boundary_action": "Confirm mound/non-castro; do not treat as generic absence.",
        "review_status": "pending",
        "final_taxonomy": "",
        "final_decision": "",
        "name": "Mámoa de Leixa 2",
        "municipality": "Ferrol",
        "parish": "Leixa (San Pedro)",
        "country": "ES",
        "fusion_probability": "0.37433017",
        "fusion_rank": "67",
        "max_safety_rank": "81",
        "archetype_only_rank": "144",
        "specialist_probability": "0.16740709",
        "specialist_rank": "115",
        "specialist_mean_rank": "93",
        "rank_delta_fusion_to_max": "-14",
        "negative_type": "megalithic_mound",
        "morphology_proxy": "",
        "visual_sheet": "reports/figures/weak_label_error_review_v1/holdout-top-false-positives.png",
        "review_reason": "Known hard negative ranked high by the main fusion model; inspect as false-positive pattern.",
        "review_notes": ""
      }
    },
    {
      "type": "Feature",
      "geometry": {
        "type": "Point",
        "coordinates": [
          -8.198459950939915,
          43.52249373946746
        ]
      },
      "properties": {
        "review_id": "err-review-0015",
        "sample_review_key": "wl-neg-neg-es-pba-14222",
        "duplicate_count": "1",
        "duplicate_queues": "holdout_top_false_positives",
        "review_priority": "P0",
        "queue": "holdout_top_false_positives",
        "priority_order": "15",
        "review_lane": "mamoa_false_positive_review",
        "dataset": "holdouts",
        "final_split": "test_trasancos",
        "sample_id": "wl-neg-neg-es-pba-14222",
        "bank_id": "neg-es-pba-14222",
        "label_class": "0",
        "label_role": "hard_negative",
        "suggested_taxonomy": "mamoa",
        "suggested_decision": "confirm_non_castro_archaeological_hard_negative",
        "boundary_action": "Confirm mound/non-castro; do not treat as generic absence.",
        "review_status": "pending",
        "final_taxonomy": "",
        "final_decision": "",
        "name": "Mámoa de Leixa 3/Mámoa de Trasancos",
        "municipality": "Narón",
        "parish": "Trasancos (San Mateo)",
        "country": "ES",
        "fusion_probability": "0.37254851",
        "fusion_rank": "68",
        "max_safety_rank": "82",
        "archetype_only_rank": "96",
        "specialist_probability": "0.13321068",
        "specialist_rank": "133",
        "specialist_mean_rank": "98",
        "rank_delta_fusion_to_max": "-14",
        "negative_type": "megalithic_mound",
        "morphology_proxy": "",
        "visual_sheet": "reports/figures/weak_label_error_review_v1/holdout-top-false-positives.png",
        "review_reason": "Known hard negative ranked high by the main fusion model; inspect as false-positive pattern.",
        "review_notes": ""
      }
    },
    {
      "type": "Feature",
      "geometry": {
        "type": "Point",
        "coordinates": [
          -8.033552435280814,
          43.564559061061054
        ]
      },
      "properties": {
        "review_id": "err-review-0016",
        "sample_review_key": "wl-neg-neg-es-pba-20435",
        "duplicate_count": "1",
        "duplicate_queues": "holdout_top_false_positives",
        "review_priority": "P0",
        "queue": "holdout_top_false_positives",
        "priority_order": "16",
        "review_lane": "mamoa_false_positive_review",
        "dataset": "holdouts",
        "final_split": "test_trasancos",
        "sample_id": "wl-neg-neg-es-pba-20435",
        "bank_id": "neg-es-pba-20435",
        "label_class": "0",
        "label_role": "hard_negative",
        "suggested_taxonomy": "mamoa",
        "suggested_decision": "confirm_non_castro_archaeological_hard_negative",
        "boundary_action": "Confirm mound/non-castro; do not treat as generic absence.",
        "review_status": "pending",
        "final_taxonomy": "",
        "final_decision": "",
        "name": "Mámoa de Pena Escrita",
        "municipality": "San Sadurniño",
        "parish": "Lamas (San Xiao)",
        "country": "ES",
        "fusion_probability": "0.36044579",
        "fusion_rank": "69",
        "max_safety_rank": "84",
        "archetype_only_rank": "151",
        "specialist_probability": "0.20837475",
        "specialist_rank": "109",
        "specialist_mean_rank": "91",
        "rank_delta_fusion_to_max": "-15",
        "negative_type": "megalithic_mound",
        "morphology_proxy": "",
        "visual_sheet": "reports/figures/weak_label_error_review_v1/holdout-top-false-positives.png",
        "review_reason": "Known hard negative ranked high by the main fusion model; inspect as false-positive pattern.",
        "review_notes": ""
      }
    },
    {
      "type": "Feature",
      "geometry": {
        "type": "Point",
        "coordinates": [
          -8.289157188370986,
          43.48425883479058
        ]
      },
      "properties": {
        "review_id": "err-review-0017",
        "sample_review_key": "wl-neg-neg-es-pba-9983",
        "duplicate_count": "1",
        "duplicate_queues": "holdout_top_false_positives",
        "review_priority": "P0",
        "queue": "holdout_top_false_positives",
        "priority_order": "17",
        "review_lane": "mamoa_false_positive_review",
        "dataset": "holdouts",
        "final_split": "test_trasancos",
        "sample_id": "wl-neg-neg-es-pba-9983",
        "bank_id": "neg-es-pba-9983",
        "label_class": "0",
        "label_role": "hard_negative",
        "suggested_taxonomy": "mamoa",
        "suggested_decision": "confirm_non_castro_archaeological_hard_negative",
        "boundary_action": "Confirm mound/non-castro; do not treat as generic absence.",
        "review_status": "pending",
        "final_taxonomy": "",
        "final_decision": "",
        "name": "Mámoa dos Montes de Brión I-1",
        "municipality": "Ferrol",
        "parish": "Doniños (San Román)",
        "country": "ES",
        "fusion_probability": "0.36018193",
        "fusion_rank": "70",
        "max_safety_rank": "39",
        "archetype_only_rank": "23",
        "specialist_probability": "0.33566896",
        "specialist_rank": "84",
        "specialist_mean_rank": "80",
        "rank_delta_fusion_to_max": "31",
        "negative_type": "megalithic_mound",
        "morphology_proxy": "",
        "visual_sheet": "reports/figures/weak_label_error_review_v1/holdout-top-false-positives.png",
        "review_reason": "Known hard negative ranked high by the main fusion model; inspect as false-positive pattern.",
        "review_notes": ""
      }
    },
    {
      "type": "Feature",
      "geometry": {
        "type": "Point",
        "coordinates": [
          -8.291693642023777,
          43.477408326571705
        ]
      },
      "properties": {
        "review_id": "err-review-0018",
        "sample_review_key": "wl-neg-neg-es-pba-10102",
        "duplicate_count": "1",
        "duplicate_queues": "holdout_top_false_positives",
        "review_priority": "P0",
        "queue": "holdout_top_false_positives",
        "priority_order": "18",
        "review_lane": "mamoa_false_positive_review",
        "dataset": "holdouts",
        "final_split": "test_trasancos",
        "sample_id": "wl-neg-neg-es-pba-10102",
        "bank_id": "neg-es-pba-10102",
        "label_class": "0",
        "label_role": "hard_negative",
        "suggested_taxonomy": "mamoa",
        "suggested_decision": "confirm_non_castro_archaeological_hard_negative",
        "boundary_action": "Confirm mound/non-castro; do not treat as generic absence.",
        "review_status": "pending",
        "final_taxonomy": "",
        "final_decision": "",
        "name": "Mámoa dos Montes de Brión IV-7",
        "municipality": "Ferrol",
        "parish": "Brión (Santa María)",
        "country": "ES",
        "fusion_probability": "0.35708707",
        "fusion_rank": "71",
        "max_safety_rank": "85",
        "archetype_only_rank": "81",
        "specialist_probability": "0.47058642",
        "specialist_rank": "63",
        "specialist_mean_rank": "63",
        "rank_delta_fusion_to_max": "-14",
        "negative_type": "megalithic_mound",
        "morphology_proxy": "",
        "visual_sheet": "reports/figures/weak_label_error_review_v1/holdout-top-false-positives.png",
        "review_reason": "Known hard negative ranked high by the main fusion model; inspect as false-positive pattern.",
        "review_notes": ""
      }
    },
    {
      "type": "Feature",
      "geometry": {
        "type": "Point",
        "coordinates": [
          -8.096451014104767,
          43.60704957345368
        ]
      },
      "properties": {
        "review_id": "err-review-0019",
        "sample_review_key": "wl-neg-neg-es-pba-24845",
        "duplicate_count": "1",
        "duplicate_queues": "holdout_top_false_positives",
        "review_priority": "P0",
        "queue": "holdout_top_false_positives",
        "priority_order": "20",
        "review_lane": "mamoa_false_positive_review",
        "dataset": "holdouts",
        "final_split": "test_trasancos",
        "sample_id": "wl-neg-neg-es-pba-24845",
        "bank_id": "neg-es-pba-24845",
        "label_class": "0",
        "label_role": "hard_negative",
        "suggested_taxonomy": "mamoa",
        "suggested_decision": "confirm_non_castro_archaeological_hard_negative",
        "boundary_action": "Confirm mound/non-castro; do not treat as generic absence.",
        "review_status": "pending",
        "final_taxonomy": "",
        "final_decision": "",
        "name": "Mámoa de Loira",
        "municipality": "Valdoviño",
        "parish": "Loira (San Pedro)",
        "country": "ES",
        "fusion_probability": "0.35506574",
        "fusion_rank": "74",
        "max_safety_rank": "89",
        "archetype_only_rank": "71",
        "specialist_probability": "0.41277697",
        "specialist_rank": "71",
        "specialist_mean_rank": "72",
        "rank_delta_fusion_to_max": "-15",
        "negative_type": "megalithic_mound",
        "morphology_proxy": "",
        "visual_sheet": "reports/figures/weak_label_error_review_v1/holdout-top-false-positives.png",
        "review_reason": "Known hard negative ranked high by the main fusion model; inspect as false-positive pattern.",
        "review_notes": ""
      }
    },
    {
      "type": "Feature",
      "geometry": {
        "type": "Point",
        "coordinates": [
          -8.198684457741432,
          43.52031757782413
        ]
      },
      "properties": {
        "review_id": "err-review-0020",
        "sample_review_key": "wl-neg-neg-es-pba-9947",
        "duplicate_count": "1",
        "duplicate_queues": "holdout_top_false_positives",
        "review_priority": "P0",
        "queue": "holdout_top_false_positives",
        "priority_order": "21",
        "review_lane": "mamoa_false_positive_review",
        "dataset": "holdouts",
        "final_split": "test_trasancos",
        "sample_id": "wl-neg-neg-es-pba-9947",
        "bank_id": "neg-es-pba-9947",
        "label_class": "0",
        "label_role": "hard_negative",
        "suggested_taxonomy": "mamoa",
        "suggested_decision": "confirm_non_castro_archaeological_hard_negative",
        "boundary_action": "Confirm mound/non-castro; do not treat as generic absence.",
        "review_status": "pending",
        "final_taxonomy": "",
        "final_decision": "",
        "name": "Mámoa de Leixa 1",
        "municipality": "Ferrol",
        "parish": "Leixa (San Pedro)",
        "country": "ES",
        "fusion_probability": "0.32482753",
        "fusion_rank": "77",
        "max_safety_rank": "97",
        "archetype_only_rank": "171",
        "specialist_probability": "0.11844492",
        "specialist_rank": "142",
        "specialist_mean_rank": "111",
        "rank_delta_fusion_to_max": "-20",
        "negative_type": "megalithic_mound",
        "morphology_proxy": "",
        "visual_sheet": "reports/figures/weak_label_error_review_v1/holdout-top-false-positives.png",
        "review_reason": "Known hard negative ranked high by the main fusion model; inspect as false-positive pattern.",
        "review_notes": ""
      }
    },
    {
      "type": "Feature",
      "geometry": {
        "type": "Point",
        "coordinates": [
          -8.199558404399172,
          43.572796295406846
        ]
      },
      "properties": {
        "review_id": "err-review-0021",
        "sample_review_key": "wl-neg-neg-es-pba-24850",
        "duplicate_count": "1",
        "duplicate_queues": "holdout_top_false_positives",
        "review_priority": "P0",
        "queue": "holdout_top_false_positives",
        "priority_order": "22",
        "review_lane": "mamoa_false_positive_review",
        "dataset": "holdouts",
        "final_split": "test_trasancos",
        "sample_id": "wl-neg-neg-es-pba-24850",
        "bank_id": "neg-es-pba-24850",
        "label_class": "0",
        "label_role": "hard_negative",
        "suggested_taxonomy": "mamoa",
        "suggested_decision": "confirm_non_castro_archaeological_hard_negative",
        "boundary_action": "Confirm mound/non-castro; do not treat as generic absence.",
        "review_status": "pending",
        "final_taxonomy": "",
        "final_decision": "",
        "name": "Mámoa de Rioboo 2/Mámoa de Canteiros 2/M moas do Val",
        "municipality": "Valdoviño",
        "parish": "Meirás (San Vicente)",
        "country": "ES",
        "fusion_probability": "0.32378712",
        "fusion_rank": "78",
        "max_safety_rank": "98",
        "archetype_only_rank": "202",
        "specialist_probability": "0.20227197",
        "specialist_rank": "110",
        "specialist_mean_rank": "96",
        "rank_delta_fusion_to_max": "-20",
        "negative_type": "megalithic_mound",
        "morphology_proxy": "",
        "visual_sheet": "reports/figures/weak_label_error_review_v1/holdout-top-false-positives.png",
        "review_reason": "Known hard negative ranked high by the main fusion model; inspect as false-positive pattern.",
        "review_notes": ""
      }
    },
    {
      "type": "Feature",
      "geometry": {
        "type": "Point",
        "coordinates": [
          -8.28682938315165,
          43.480979979060415
        ]
      },
      "properties": {
        "review_id": "err-review-0022",
        "sample_review_key": "wl-neg-neg-es-pba-10008",
        "duplicate_count": "1",
        "duplicate_queues": "holdout_top_false_positives",
        "review_priority": "P0",
        "queue": "holdout_top_false_positives",
        "priority_order": "23",
        "review_lane": "mamoa_false_positive_review",
        "dataset": "holdouts",
        "final_split": "test_trasancos",
        "sample_id": "wl-neg-neg-es-pba-10008",
        "bank_id": "neg-es-pba-10008",
        "label_class": "0",
        "label_role": "hard_negative",
        "suggested_taxonomy": "mamoa",
        "suggested_decision": "confirm_non_castro_archaeological_hard_negative",
        "boundary_action": "Confirm mound/non-castro; do not treat as generic absence.",
        "review_status": "pending",
        "final_taxonomy": "",
        "final_decision": "",
        "name": "Mámoa dos Montes de Brión I-10",
        "municipality": "Ferrol",
        "parish": "Brión (Santa María)",
        "country": "ES",
        "fusion_probability": "0.32286611",
        "fusion_rank": "79",
        "max_safety_rank": "87",
        "archetype_only_rank": "60",
        "specialist_probability": "0.45650043",
        "specialist_rank": "65",
        "specialist_mean_rank": "70",
        "rank_delta_fusion_to_max": "-8",
        "negative_type": "megalithic_mound",
        "morphology_proxy": "",
        "visual_sheet": "reports/figures/weak_label_error_review_v1/holdout-top-false-positives.png",
        "review_reason": "Known hard negative ranked high by the main fusion model; inspect as false-positive pattern.",
        "review_notes": ""
      }
    },
    {
      "type": "Feature",
      "geometry": {
        "type": "Point",
        "coordinates": [
          -8.20522866984784,
          43.546610330164974
        ]
      },
      "properties": {
        "review_id": "err-review-0023",
        "sample_review_key": "wl-neg-neg-es-pba-14299",
        "duplicate_count": "1",
        "duplicate_queues": "holdout_top_false_positives",
        "review_priority": "P0",
        "queue": "holdout_top_false_positives",
        "priority_order": "24",
        "review_lane": "mamoa_false_positive_review",
        "dataset": "holdouts",
        "final_split": "test_o_val",
        "sample_id": "wl-neg-neg-es-pba-14299",
        "bank_id": "neg-es-pba-14299",
        "label_class": "0",
        "label_role": "hard_negative",
        "suggested_taxonomy": "mamoa",
        "suggested_decision": "confirm_non_castro_archaeological_hard_negative",
        "boundary_action": "Confirm mound/non-castro; do not treat as generic absence.",
        "review_status": "pending",
        "final_taxonomy": "",
        "final_decision": "",
        "name": "Mámoa do Val/Mámoa de Santa Margarida",
        "municipality": "Narón",
        "parish": "O Val (Santa María A Maior)",
        "country": "ES",
        "fusion_probability": "0.32277415",
        "fusion_rank": "80",
        "max_safety_rank": "99",
        "archetype_only_rank": "83",
        "specialist_probability": "0.25713143",
        "specialist_rank": "95",
        "specialist_mean_rank": "90",
        "rank_delta_fusion_to_max": "-19",
        "negative_type": "megalithic_mound",
        "morphology_proxy": "",
        "visual_sheet": "reports/figures/weak_label_error_review_v1/holdout-top-false-positives.png",
        "review_reason": "Known hard negative ranked high by the main fusion model; inspect as false-positive pattern.",
        "review_notes": ""
      }
    },
    {
      "type": "Feature",
      "geometry": {
        "type": "Point",
        "coordinates": [
          -8.28604813778096,
          43.48276680801758
        ]
      },
      "properties": {
        "review_id": "err-review-0024",
        "sample_review_key": "wl-neg-neg-es-pba-10013",
        "duplicate_count": "1",
        "duplicate_queues": "holdout_top_false_positives",
        "review_priority": "P0",
        "queue": "holdout_top_false_positives",
        "priority_order": "25",
        "review_lane": "mamoa_false_positive_review",
        "dataset": "holdouts",
        "final_split": "test_trasancos",
        "sample_id": "wl-neg-neg-es-pba-10013",
        "bank_id": "neg-es-pba-10013",
        "label_class": "0",
        "label_role": "hard_negative",
        "suggested_taxonomy": "mamoa",
        "suggested_decision": "confirm_non_castro_archaeological_hard_negative",
        "boundary_action": "Confirm mound/non-castro; do not treat as generic absence.",
        "review_status": "pending",
        "final_taxonomy": "",
        "final_decision": "",
        "name": "Mámoa dos Montes de Brión I-6",
        "municipality": "Ferrol",
        "parish": "Brión (Santa María)",
        "country": "ES",
        "fusion_probability": "0.30532703",
        "fusion_rank": "81",
        "max_safety_rank": "100",
        "archetype_only_rank": "73",
        "specialist_probability": "0.28156299",
        "specialist_rank": "92",
        "specialist_mean_rank": "89",
        "rank_delta_fusion_to_max": "-19",
        "negative_type": "megalithic_mound",
        "morphology_proxy": "",
        "visual_sheet": "reports/figures/weak_label_error_review_v1/holdout-top-false-positives.png",
        "review_reason": "Known hard negative ranked high by the main fusion model; inspect as false-positive pattern.",
        "review_notes": ""
      }
    },
    {
      "type": "Feature",
      "geometry": {
        "type": "Point",
        "coordinates": [
          -8.728320622467985,
          42.502223980991474
        ]
      },
      "properties": {
        "review_id": "err-review-0164",
        "sample_review_key": "wl-neg-neg-es-pba-66744",
        "duplicate_count": "1",
        "duplicate_queues": "val_top_weak_negatives",
        "review_priority": "P2",
        "queue": "val_top_weak_negatives",
        "priority_order": "2",
        "review_lane": "mamoa_false_positive_review",
        "dataset": "val",
        "final_split": "val",
        "sample_id": "wl-neg-neg-es-pba-66744",
        "bank_id": "neg-es-pba-66744",
        "label_class": "0",
        "label_role": "hard_negative",
        "suggested_taxonomy": "mamoa",
        "suggested_decision": "confirm_non_castro_archaeological_hard_negative",
        "boundary_action": "Confirm mound/non-castro; do not treat as generic absence.",
        "review_status": "pending",
        "final_taxonomy": "",
        "final_decision": "",
        "name": "Mámoa de Outeiro",
        "municipality": "Meis",
        "parish": "Meis (San Salvador)",
        "country": "ES",
        "fusion_probability": "0.93649696",
        "fusion_rank": "52",
        "max_safety_rank": "106",
        "archetype_only_rank": "148",
        "specialist_probability": "0.98400962",
        "specialist_rank": "69",
        "specialist_mean_rank": "51",
        "rank_delta_fusion_to_max": "-54",
        "negative_type": "megalithic_mound",
        "morphology_proxy": "",
        "visual_sheet": "reports/figures/weak_label_error_review_v1/val-top-weak-negatives.png",
        "review_reason": "Weak-label negative ranked high on validation; inspect before treating it as true absence.",
        "review_notes": ""
      }
    },
    {
      "type": "Feature",
      "geometry": {
        "type": "Point",
        "coordinates": [
          -8.439322851707587,
          42.70877689915728
        ]
      },
      "properties": {
        "review_id": "err-review-0165",
        "sample_review_key": "wl-neg-neg-es-pba-64716",
        "duplicate_count": "1",
        "duplicate_queues": "val_top_weak_negatives",
        "review_priority": "P2",
        "queue": "val_top_weak_negatives",
        "priority_order": "3",
        "review_lane": "mamoa_false_positive_review",
        "dataset": "val",
        "final_split": "val",
        "sample_id": "wl-neg-neg-es-pba-64716",
        "bank_id": "neg-es-pba-64716",
        "label_class": "0",
        "label_role": "hard_negative",
        "suggested_taxonomy": "mamoa",
        "suggested_decision": "confirm_non_castro_archaeological_hard_negative",
        "boundary_action": "Confirm mound/non-castro; do not treat as generic absence.",
        "review_status": "pending",
        "final_taxonomy": "",
        "final_decision": "",
        "name": "Artesa dos Mouros",
        "municipality": "A Estrada",
        "parish": "Callobre (San Martiño)",
        "country": "ES",
        "fusion_probability": "0.92718412",
        "fusion_rank": "56",
        "max_safety_rank": "117",
        "archetype_only_rank": "156",
        "specialist_probability": "0.94920313",
        "specialist_rank": "123",
        "specialist_mean_rank": "75",
        "rank_delta_fusion_to_max": "-61",
        "negative_type": "megalithic_mound",
        "morphology_proxy": "",
        "visual_sheet": "reports/figures/weak_label_error_review_v1/val-top-weak-negatives.png",
        "review_reason": "Weak-label negative ranked high on validation; inspect before treating it as true absence.",
        "review_notes": ""
      }
    },
    {
      "type": "Feature",
      "geometry": {
        "type": "Point",
        "coordinates": [
          -7.933047075263257,
          43.364297501829014
        ]
      },
      "properties": {
        "review_id": "err-review-0166",
        "sample_review_key": "wl-neg-neg-es-pba-13768",
        "duplicate_count": "1",
        "duplicate_queues": "val_top_weak_negatives",
        "review_priority": "P2",
        "queue": "val_top_weak_negatives",
        "priority_order": "6",
        "review_lane": "mamoa_false_positive_review",
        "dataset": "val",
        "final_split": "val",
        "sample_id": "wl-neg-neg-es-pba-13768",
        "bank_id": "neg-es-pba-13768",
        "label_class": "0",
        "label_role": "hard_negative",
        "suggested_taxonomy": "mamoa",
        "suggested_decision": "confirm_non_castro_archaeological_hard_negative",
        "boundary_action": "Confirm mound/non-castro; do not treat as generic absence.",
        "review_status": "pending",
        "final_taxonomy": "",
        "final_decision": "",
        "name": "Mámoa de Vilachá 4",
        "municipality": "Monfero",
        "parish": "O Alto de Xestoso (Santa María)",
        "country": "ES",
        "fusion_probability": "0.84076929",
        "fusion_rank": "126",
        "max_safety_rank": "221",
        "archetype_only_rank": "1721",
        "specialist_probability": "0.65281704",
        "specialist_rank": "343",
        "specialist_mean_rank": "230",
        "rank_delta_fusion_to_max": "-95",
        "negative_type": "megalithic_mound",
        "morphology_proxy": "",
        "visual_sheet": "reports/figures/weak_label_error_review_v1/val-top-weak-negatives.png",
        "review_reason": "Weak-label negative ranked high on validation; inspect before treating it as true absence.",
        "review_notes": ""
      }
    },
    {
      "type": "Feature",
      "geometry": {
        "type": "Point",
        "coordinates": [
          -8.550010560347589,
          42.12694262148482
        ]
      },
      "properties": {
        "review_id": "err-review-0167",
        "sample_review_key": "wl-neg-neg-es-pba-71376",
        "duplicate_count": "1",
        "duplicate_queues": "val_top_weak_negatives",
        "review_priority": "P2",
        "queue": "val_top_weak_negatives",
        "priority_order": "7",
        "review_lane": "mamoa_false_positive_review",
        "dataset": "val",
        "final_split": "val",
        "sample_id": "wl-neg-neg-es-pba-71376",
        "bank_id": "neg-es-pba-71376",
        "label_class": "0",
        "label_role": "hard_negative",
        "suggested_taxonomy": "mamoa",
        "suggested_decision": "confirm_non_castro_archaeological_hard_negative",
        "boundary_action": "Confirm mound/non-castro; do not treat as generic absence.",
        "review_status": "pending",
        "final_taxonomy": "",
        "final_decision": "",
        "name": "Mámoa do Coto da Cruz 1",
        "municipality": "Salceda de Caselas",
        "parish": "A Picoña (San Martiño)",
        "country": "ES",
        "fusion_probability": "0.82532299",
        "fusion_rank": "137",
        "max_safety_rank": "162",
        "archetype_only_rank": "129",
        "specialist_probability": "0.98102934",
        "specialist_rank": "76",
        "specialist_mean_rank": "111",
        "rank_delta_fusion_to_max": "-25",
        "negative_type": "megalithic_mound",
        "morphology_proxy": "",
        "visual_sheet": "reports/figures/weak_label_error_review_v1/val-top-weak-negatives.png",
        "review_reason": "Weak-label negative ranked high on validation; inspect before treating it as true absence.",
        "review_notes": ""
      }
    },
    {
      "type": "Feature",
      "geometry": {
        "type": "Point",
        "coordinates": [
          -7.92308469670636,
          43.350970054874345
        ]
      },
      "properties": {
        "review_id": "err-review-0168",
        "sample_review_key": "wl-neg-neg-es-pba-13691",
        "duplicate_count": "1",
        "duplicate_queues": "val_top_weak_negatives",
        "review_priority": "P2",
        "queue": "val_top_weak_negatives",
        "priority_order": "8",
        "review_lane": "mamoa_false_positive_review",
        "dataset": "val",
        "final_split": "val",
        "sample_id": "wl-neg-neg-es-pba-13691",
        "bank_id": "neg-es-pba-13691",
        "label_class": "0",
        "label_role": "hard_negative",
        "suggested_taxonomy": "mamoa",
        "suggested_decision": "confirm_non_castro_archaeological_hard_negative",
        "boundary_action": "Confirm mound/non-castro; do not treat as generic absence.",
        "review_status": "pending",
        "final_taxonomy": "",
        "final_decision": "",
        "name": "Mámoa da Armada",
        "municipality": "Monfero",
        "parish": "O Alto de Xestoso (Santa María)",
        "country": "ES",
        "fusion_probability": "0.82370902",
        "fusion_rank": "138",
        "max_safety_rank": "237",
        "archetype_only_rank": "904",
        "specialist_probability": "0.72159683",
        "specialist_rank": "296",
        "specialist_mean_rank": "208",
        "rank_delta_fusion_to_max": "-99",
        "negative_type": "megalithic_mound",
        "morphology_proxy": "",
        "visual_sheet": "reports/figures/weak_label_error_review_v1/val-top-weak-negatives.png",
        "review_reason": "Weak-label negative ranked high on validation; inspect before treating it as true absence.",
        "review_notes": ""
      }
    },
    {
      "type": "Feature",
      "geometry": {
        "type": "Point",
        "coordinates": [
          -8.356431499157418,
          42.74199468035481
        ]
      },
      "properties": {
        "review_id": "err-review-0169",
        "sample_review_key": "wl-neg-neg-es-pba-64761",
        "duplicate_count": "1",
        "duplicate_queues": "val_top_weak_negatives",
        "review_priority": "P2",
        "queue": "val_top_weak_negatives",
        "priority_order": "9",
        "review_lane": "mamoa_false_positive_review",
        "dataset": "val",
        "final_split": "val",
        "sample_id": "wl-neg-neg-es-pba-64761",
        "bank_id": "neg-es-pba-64761",
        "label_class": "0",
        "label_role": "hard_negative",
        "suggested_taxonomy": "mamoa",
        "suggested_decision": "confirm_non_castro_archaeological_hard_negative",
        "boundary_action": "Confirm mound/non-castro; do not treat as generic absence.",
        "review_status": "pending",
        "final_taxonomy": "",
        "final_decision": "",
        "name": "Coto da Mámoa",
        "municipality": "A Estrada",
        "parish": "Orazo (San Pedro)",
        "country": "ES",
        "fusion_probability": "0.82355366",
        "fusion_rank": "139",
        "max_safety_rank": "238",
        "archetype_only_rank": "528",
        "specialist_probability": "0.83084586",
        "specialist_rank": "231",
        "specialist_mean_rank": "176",
        "rank_delta_fusion_to_max": "-99",
        "negative_type": "megalithic_mound",
        "morphology_proxy": "",
        "visual_sheet": "reports/figures/weak_label_error_review_v1/val-top-weak-negatives.png",
        "review_reason": "Weak-label negative ranked high on validation; inspect before treating it as true absence.",
        "review_notes": ""
      }
    },
    {
      "type": "Feature",
      "geometry": {
        "type": "Point",
        "coordinates": [
          -7.909246495526192,
          43.16321221370648
        ]
      },
      "properties": {
        "review_id": "err-review-0170",
        "sample_review_key": "wl-neg-neg-es-pba-31891",
        "duplicate_count": "1",
        "duplicate_queues": "val_top_weak_negatives",
        "review_priority": "P2",
        "queue": "val_top_weak_negatives",
        "priority_order": "10",
        "review_lane": "mamoa_false_positive_review",
        "dataset": "val",
        "final_split": "val",
        "sample_id": "wl-neg-neg-es-pba-31891",
        "bank_id": "neg-es-pba-31891",
        "label_class": "0",
        "label_role": "hard_negative",
        "suggested_taxonomy": "mamoa",
        "suggested_decision": "confirm_non_castro_archaeological_hard_negative",
        "boundary_action": "Confirm mound/non-castro; do not treat as generic absence.",
        "review_status": "pending",
        "final_taxonomy": "",
        "final_decision": "",
        "name": "Medoña do Marco da Picota",
        "municipality": "Guitiriz",
        "parish": "Santa Mariña de Lagostelle (Santa Mariña)",
        "country": "ES",
        "fusion_probability": "0.81119612",
        "fusion_rank": "143",
        "max_safety_rank": "246",
        "archetype_only_rank": "231",
        "specialist_probability": "0.85253813",
        "specialist_rank": "212",
        "specialist_mean_rank": "170",
        "rank_delta_fusion_to_max": "-103",
        "negative_type": "megalithic_mound",
        "morphology_proxy": "",
        "visual_sheet": "reports/figures/weak_label_error_review_v1/val-top-weak-negatives.png",
        "review_reason": "Weak-label negative ranked high on validation; inspect before treating it as true absence.",
        "review_notes": ""
      }
    },
    {
      "type": "Feature",
      "geometry": {
        "type": "Point",
        "coordinates": [
          -7.711660523297318,
          43.10754875115939
        ]
      },
      "properties": {
        "review_id": "err-review-0171",
        "sample_review_key": "wl-neg-neg-es-pba-36010",
        "duplicate_count": "1",
        "duplicate_queues": "val_top_weak_negatives",
        "review_priority": "P2",
        "queue": "val_top_weak_negatives",
        "priority_order": "11",
        "review_lane": "mamoa_false_positive_review",
        "dataset": "val",
        "final_split": "val",
        "sample_id": "wl-neg-neg-es-pba-36010",
        "bank_id": "neg-es-pba-36010",
        "label_class": "0",
        "label_role": "hard_negative",
        "suggested_taxonomy": "mamoa",
        "suggested_decision": "confirm_non_castro_archaeological_hard_negative",
        "boundary_action": "Confirm mound/non-castro; do not treat as generic absence.",
        "review_status": "pending",
        "final_taxonomy": "",
        "final_decision": "",
        "name": "Medorra do Coto 1",
        "municipality": "Outeiro de Rei",
        "parish": "San Tomé de Gaioso (San Tom‚)",
        "country": "ES",
        "fusion_probability": "0.80427834",
        "fusion_rank": "147",
        "max_safety_rank": "253",
        "archetype_only_rank": "295",
        "specialist_probability": "0.89893992",
        "specialist_rank": "181",
        "specialist_mean_rank": "160",
        "rank_delta_fusion_to_max": "-106",
        "negative_type": "megalithic_mound",
        "morphology_proxy": "",
        "visual_sheet": "reports/figures/weak_label_error_review_v1/val-top-weak-negatives.png",
        "review_reason": "Weak-label negative ranked high on validation; inspect before treating it as true absence.",
        "review_notes": ""
      }
    },
    {
      "type": "Feature",
      "geometry": {
        "type": "Point",
        "coordinates": [
          -7.929725982849318,
          43.23601523050398
        ]
      },
      "properties": {
        "review_id": "err-review-0172",
        "sample_review_key": "wl-neg-neg-es-pba-30245",
        "duplicate_count": "1",
        "duplicate_queues": "val_top_weak_negatives",
        "review_priority": "P2",
        "queue": "val_top_weak_negatives",
        "priority_order": "14",
        "review_lane": "mamoa_false_positive_review",
        "dataset": "val",
        "final_split": "val",
        "sample_id": "wl-neg-neg-es-pba-30245",
        "bank_id": "neg-es-pba-30245",
        "label_class": "0",
        "label_role": "hard_negative",
        "suggested_taxonomy": "mamoa",
        "suggested_decision": "confirm_non_castro_archaeological_hard_negative",
        "boundary_action": "Confirm mound/non-castro; do not treat as generic absence.",
        "review_status": "pending",
        "final_taxonomy": "",
        "final_decision": "",
        "name": "Mámoa de Pena das Cruces",
        "municipality": "Guitiriz",
        "parish": "Os Vilares (San Vicenzo)",
        "country": "ES",
        "fusion_probability": "0.77486085",
        "fusion_rank": "168",
        "max_safety_rank": "280",
        "archetype_only_rank": "324",
        "specialist_probability": "0.90976483",
        "specialist_rank": "169",
        "specialist_mean_rank": "164",
        "rank_delta_fusion_to_max": "-112",
        "negative_type": "megalithic_mound",
        "morphology_proxy": "",
        "visual_sheet": "",
        "review_reason": "Weak-label negative ranked high on validation; inspect before treating it as true absence.",
        "review_notes": ""
      }
    },
    {
      "type": "Feature",
      "geometry": {
        "type": "Point",
        "coordinates": [
          -8.493886755582128,
          42.767404724121135
        ]
      },
      "properties": {
        "review_id": "err-review-0173",
        "sample_review_key": "wl-neg-neg-es-pba-25994",
        "duplicate_count": "1",
        "duplicate_queues": "val_top_weak_negatives",
        "review_priority": "P2",
        "queue": "val_top_weak_negatives",
        "priority_order": "15",
        "review_lane": "mamoa_false_positive_review",
        "dataset": "val",
        "final_split": "val",
        "sample_id": "wl-neg-neg-es-pba-25994",
        "bank_id": "neg-es-pba-25994",
        "label_class": "0",
        "label_role": "hard_negative",
        "suggested_taxonomy": "mamoa",
        "suggested_decision": "confirm_non_castro_archaeological_hard_negative",
        "boundary_action": "Confirm mound/non-castro; do not treat as generic absence.",
        "review_status": "pending",
        "final_taxonomy": "",
        "final_decision": "",
        "name": "Mámoa das Lagoas 3",
        "municipality": "Vedra",
        "parish": "Trobe (Santo André)",
        "country": "ES",
        "fusion_probability": "0.77278600",
        "fusion_rank": "170",
        "max_safety_rank": "91",
        "archetype_only_rank": "71",
        "specialist_probability": "0.65936932",
        "specialist_rank": "337",
        "specialist_mean_rank": "248",
        "rank_delta_fusion_to_max": "79",
        "negative_type": "megalithic_mound",
        "morphology_proxy": "",
        "visual_sheet": "",
        "review_reason": "Weak-label negative ranked high on validation; inspect before treating it as true absence.",
        "review_notes": ""
      }
    },
    {
      "type": "Feature",
      "geometry": {
        "type": "Point",
        "coordinates": [
          -7.899188895191932,
          43.1181709476038
        ]
      },
      "properties": {
        "review_id": "err-review-0174",
        "sample_review_key": "wl-neg-neg-es-pba-32009",
        "duplicate_count": "1",
        "duplicate_queues": "val_top_weak_negatives",
        "review_priority": "P2",
        "queue": "val_top_weak_negatives",
        "priority_order": "16",
        "review_lane": "mamoa_false_positive_review",
        "dataset": "val",
        "final_split": "val",
        "sample_id": "wl-neg-neg-es-pba-32009",
        "bank_id": "neg-es-pba-32009",
        "label_class": "0",
        "label_role": "hard_negative",
        "suggested_taxonomy": "mamoa",
        "suggested_decision": "confirm_non_castro_archaeological_hard_negative",
        "boundary_action": "Confirm mound/non-castro; do not treat as generic absence.",
        "review_status": "pending",
        "final_taxonomy": "",
        "final_decision": "",
        "name": "Medorra de Pegureiros 1",
        "municipality": "Guitiriz",
        "parish": "As Negradas (San Vicenzo)",
        "country": "ES",
        "fusion_probability": "0.77180555",
        "fusion_rank": "173",
        "max_safety_rank": "283",
        "archetype_only_rank": "553",
        "specialist_probability": "0.82963096",
        "specialist_rank": "232",
        "specialist_mean_rank": "191",
        "rank_delta_fusion_to_max": "-110",
        "negative_type": "megalithic_mound",
        "morphology_proxy": "",
        "visual_sheet": "",
        "review_reason": "Weak-label negative ranked high on validation; inspect before treating it as true absence.",
        "review_notes": ""
      }
    },
    {
      "type": "Feature",
      "geometry": {
        "type": "Point",
        "coordinates": [
          -7.9250203313299945,
          43.182760279517744
        ]
      },
      "properties": {
        "review_id": "err-review-0175",
        "sample_review_key": "wl-neg-neg-es-pba-32359",
        "duplicate_count": "1",
        "duplicate_queues": "val_top_weak_negatives",
        "review_priority": "P2",
        "queue": "val_top_weak_negatives",
        "priority_order": "17",
        "review_lane": "mamoa_false_positive_review",
        "dataset": "val",
        "final_split": "val",
        "sample_id": "wl-neg-neg-es-pba-32359",
        "bank_id": "neg-es-pba-32359",
        "label_class": "0",
        "label_role": "hard_negative",
        "suggested_taxonomy": "mamoa",
        "suggested_decision": "confirm_non_castro_archaeological_hard_negative",
        "boundary_action": "Confirm mound/non-castro; do not treat as generic absence.",
        "review_status": "pending",
        "final_taxonomy": "",
        "final_decision": "",
        "name": "Medoña das Casillas/Augas Longas",
        "municipality": "Guitiriz",
        "parish": "Santa Mariña de Lagostelle (Santa Mariña)",
        "country": "ES",
        "fusion_probability": "0.76339119",
        "fusion_rank": "177",
        "max_safety_rank": "239",
        "archetype_only_rank": "187",
        "specialist_probability": "0.85779022",
        "specialist_rank": "209",
        "specialist_mean_rank": "185",
        "rank_delta_fusion_to_max": "-62",
        "negative_type": "megalithic_mound",
        "morphology_proxy": "",
        "visual_sheet": "",
        "review_reason": "Weak-label negative ranked high on validation; inspect before treating it as true absence.",
        "review_notes": ""
      }
    },
    {
      "type": "Feature",
      "geometry": {
        "type": "Point",
        "coordinates": [
          -6.9875412685714835,
          43.13781590194546
        ]
      },
      "properties": {
        "review_id": "err-review-0176",
        "sample_review_key": "wl-neg-neg-es-pba-31139",
        "duplicate_count": "1",
        "duplicate_queues": "val_top_weak_negatives",
        "review_priority": "P2",
        "queue": "val_top_weak_negatives",
        "priority_order": "18",
        "review_lane": "mamoa_false_positive_review",
        "dataset": "val",
        "final_split": "val",
        "sample_id": "wl-neg-neg-es-pba-31139",
        "bank_id": "neg-es-pba-31139",
        "label_class": "0",
        "label_role": "hard_negative",
        "suggested_taxonomy": "mamoa",
        "suggested_decision": "confirm_non_castro_archaeological_hard_negative",
        "boundary_action": "Confirm mound/non-castro; do not treat as generic absence.",
        "review_status": "pending",
        "final_taxonomy": "",
        "final_decision": "",
        "name": "Medorra de Casacabreira 5",
        "municipality": "A Fonsagrada",
        "parish": "Monteseiro (San Bartolo)",
        "country": "ES",
        "fusion_probability": "0.75911639",
        "fusion_rank": "178",
        "max_safety_rank": "293",
        "archetype_only_rank": "434",
        "specialist_probability": "0.87167827",
        "specialist_rank": "199",
        "specialist_mean_rank": "179",
        "rank_delta_fusion_to_max": "-115",
        "negative_type": "megalithic_mound",
        "morphology_proxy": "",
        "visual_sheet": "",
        "review_reason": "Weak-label negative ranked high on validation; inspect before treating it as true absence.",
        "review_notes": ""
      }
    },
    {
      "type": "Feature",
      "geometry": {
        "type": "Point",
        "coordinates": [
          -7.531829204219744,
          43.12087868618973
        ]
      },
      "properties": {
        "review_id": "err-review-0177",
        "sample_review_key": "wl-neg-neg-es-pba-35996",
        "duplicate_count": "1",
        "duplicate_queues": "val_top_weak_negatives",
        "review_priority": "P2",
        "queue": "val_top_weak_negatives",
        "priority_order": "19",
        "review_lane": "mamoa_false_positive_review",
        "dataset": "val",
        "final_split": "val",
        "sample_id": "wl-neg-neg-es-pba-35996",
        "bank_id": "neg-es-pba-35996",
        "label_class": "0",
        "label_role": "hard_negative",
        "suggested_taxonomy": "mamoa",
        "suggested_decision": "confirm_non_castro_archaeological_hard_negative",
        "boundary_action": "Confirm mound/non-castro; do not treat as generic absence.",
        "review_status": "pending",
        "final_taxonomy": "",
        "final_decision": "",
        "name": "A Medorra",
        "municipality": "Outeiro de Rei",
        "parish": "Sobrada de Aguiar (Santa María Madanela)",
        "country": "ES",
        "fusion_probability": "0.75530238",
        "fusion_rank": "181",
        "max_safety_rank": "297",
        "archetype_only_rank": "761",
        "specialist_probability": "0.58172379",
        "specialist_rank": "398",
        "specialist_mean_rank": "277",
        "rank_delta_fusion_to_max": "-116",
        "negative_type": "megalithic_mound",
        "morphology_proxy": "",
        "visual_sheet": "",
        "review_reason": "Weak-label negative ranked high on validation; inspect before treating it as true absence.",
        "review_notes": ""
      }
    },
    {
      "type": "Feature",
      "geometry": {
        "type": "Point",
        "coordinates": [
          -7.867486695481756,
          43.27278766875673
        ]
      },
      "properties": {
        "review_id": "err-review-0178",
        "sample_review_key": "wl-neg-neg-es-pba-32355",
        "duplicate_count": "1",
        "duplicate_queues": "val_top_weak_negatives",
        "review_priority": "P2",
        "queue": "val_top_weak_negatives",
        "priority_order": "20",
        "review_lane": "mamoa_false_positive_review",
        "dataset": "val",
        "final_split": "val",
        "sample_id": "wl-neg-neg-es-pba-32355",
        "bank_id": "neg-es-pba-32355",
        "label_class": "0",
        "label_role": "hard_negative",
        "suggested_taxonomy": "mamoa",
        "suggested_decision": "confirm_non_castro_archaeological_hard_negative",
        "boundary_action": "Confirm mound/non-castro; do not treat as generic absence.",
        "review_status": "pending",
        "final_taxonomy": "",
        "final_decision": "",
        "name": "Medoña da Roza da Modia Grande II-2",
        "municipality": "Guitiriz",
        "parish": "O Buriz (San Pedro)",
        "country": "ES",
        "fusion_probability": "0.75354110",
        "fusion_rank": "184",
        "max_safety_rank": "300",
        "archetype_only_rank": "1454",
        "specialist_probability": "0.74750594",
        "specialist_rank": "278",
        "specialist_mean_rank": "227",
        "rank_delta_fusion_to_max": "-116",
        "negative_type": "megalithic_mound",
        "morphology_proxy": "",
        "visual_sheet": "",
        "review_reason": "Weak-label negative ranked high on validation; inspect before treating it as true absence.",
        "review_notes": ""
      }
    },
    {
      "type": "Feature",
      "geometry": {
        "type": "Point",
        "coordinates": [
          -8.90197271317079,
          42.540075125345126
        ]
      },
      "properties": {
        "review_id": "err-review-0179",
        "sample_review_key": "wl-neg-neg-es-pba-80002",
        "duplicate_count": "1",
        "duplicate_queues": "val_top_weak_negatives",
        "review_priority": "P2",
        "queue": "val_top_weak_negatives",
        "priority_order": "23",
        "review_lane": "mamoa_false_positive_review",
        "dataset": "val",
        "final_split": "val",
        "sample_id": "wl-neg-neg-es-pba-80002",
        "bank_id": "neg-es-pba-80002",
        "label_class": "0",
        "label_role": "hard_negative",
        "suggested_taxonomy": "mamoa",
        "suggested_decision": "confirm_non_castro_archaeological_hard_negative",
        "boundary_action": "Confirm mound/non-castro; do not treat as generic absence.",
        "review_status": "pending",
        "final_taxonomy": "",
        "final_decision": "",
        "name": "Mámoa de Guidoiro Areoso 2",
        "municipality": "A Illa de Arousa",
        "parish": "A Illa de Arousa (San Xulián)",
        "country": "ES",
        "fusion_probability": "0.73816493",
        "fusion_rank": "192",
        "max_safety_rank": "4",
        "archetype_only_rank": "4",
        "specialist_probability": "0.50542400",
        "specialist_rank": "477",
        "specialist_mean_rank": "320",
        "rank_delta_fusion_to_max": "188",
        "negative_type": "megalithic_mound",
        "morphology_proxy": "",
        "visual_sheet": "",
        "review_reason": "Weak-label negative ranked high on validation; inspect before treating it as true absence.",
        "review_notes": ""
      }
    },
    {
      "type": "Feature",
      "geometry": {
        "type": "Point",
        "coordinates": [
          -7.50598279378342,
          43.13254542210238
        ]
      },
      "properties": {
        "review_id": "err-review-0180",
        "sample_review_key": "wl-neg-neg-es-pba-35900",
        "duplicate_count": "1",
        "duplicate_queues": "val_top_weak_negatives",
        "review_priority": "P2",
        "queue": "val_top_weak_negatives",
        "priority_order": "24",
        "review_lane": "mamoa_false_positive_review",
        "dataset": "val",
        "final_split": "val",
        "sample_id": "wl-neg-neg-es-pba-35900",
        "bank_id": "neg-es-pba-35900",
        "label_class": "0",
        "label_role": "hard_negative",
        "suggested_taxonomy": "mamoa",
        "suggested_decision": "confirm_non_castro_archaeological_hard_negative",
        "boundary_action": "Confirm mound/non-castro; do not treat as generic absence.",
        "review_status": "pending",
        "final_taxonomy": "",
        "final_decision": "",
        "name": "Medorra de Rozas/Rozas de Tumbo 3",
        "municipality": "Outeiro de Rei",
        "parish": "Arcos (San Pedro)",
        "country": "ES",
        "fusion_probability": "0.73519209",
        "fusion_rank": "196",
        "max_safety_rank": "103",
        "archetype_only_rank": "84",
        "specialist_probability": "0.68993650",
        "specialist_rank": "316",
        "specialist_mean_rank": "251",
        "rank_delta_fusion_to_max": "93",
        "negative_type": "megalithic_mound",
        "morphology_proxy": "",
        "visual_sheet": "",
        "review_reason": "Weak-label negative ranked high on validation; inspect before treating it as true absence.",
        "review_notes": ""
      }
    },
    {
      "type": "Feature",
      "geometry": {
        "type": "Point",
        "coordinates": [
          -8.406332823630136,
          42.708234080468785
        ]
      },
      "properties": {
        "review_id": "err-review-0181",
        "sample_review_key": "wl-neg-neg-es-pba-64437",
        "duplicate_count": "1",
        "duplicate_queues": "val_top_weak_negatives",
        "review_priority": "P2",
        "queue": "val_top_weak_negatives",
        "priority_order": "25",
        "review_lane": "mamoa_false_positive_review",
        "dataset": "val",
        "final_split": "val",
        "sample_id": "wl-neg-neg-es-pba-64437",
        "bank_id": "neg-es-pba-64437",
        "label_class": "0",
        "label_role": "hard_negative",
        "suggested_taxonomy": "mamoa",
        "suggested_decision": "confirm_non_castro_archaeological_hard_negative",
        "boundary_action": "Confirm mound/non-castro; do not treat as generic absence.",
        "review_status": "pending",
        "final_taxonomy": "",
        "final_decision": "",
        "name": "Mámoa do Foxo",
        "municipality": "A Estrada",
        "parish": "San Pedro de Ancorados (San Pedro)",
        "country": "ES",
        "fusion_probability": "0.73110196",
        "fusion_rank": "198",
        "max_safety_rank": "216",
        "archetype_only_rank": "173",
        "specialist_probability": "0.74161111",
        "specialist_rank": "283",
        "specialist_mean_rank": "235",
        "rank_delta_fusion_to_max": "-18",
        "negative_type": "megalithic_mound",
        "morphology_proxy": "",
        "visual_sheet": "",
        "review_reason": "Weak-label negative ranked high on validation; inspect before treating it as true absence.",
        "review_notes": ""
      }
    },
    {
      "type": "Feature",
      "geometry": {
        "type": "Point",
        "coordinates": [
          -7.937343721782106,
          43.17452091215594
        ]
      },
      "properties": {
        "review_id": "err-review-0182",
        "sample_review_key": "wl-neg-neg-es-pba-30159",
        "duplicate_count": "1",
        "duplicate_queues": "val_top_weak_negatives",
        "review_priority": "P2",
        "queue": "val_top_weak_negatives",
        "priority_order": "26",
        "review_lane": "mamoa_false_positive_review",
        "dataset": "val",
        "final_split": "val",
        "sample_id": "wl-neg-neg-es-pba-30159",
        "bank_id": "neg-es-pba-30159",
        "label_class": "0",
        "label_role": "hard_negative",
        "suggested_taxonomy": "mamoa",
        "suggested_decision": "confirm_non_castro_archaeological_hard_negative",
        "boundary_action": "Confirm mound/non-castro; do not treat as generic absence.",
        "review_status": "pending",
        "final_taxonomy": "",
        "final_decision": "",
        "name": "Mámoa de Xur da Medoña 2",
        "municipality": "Guitiriz",
        "parish": "Santa Mariña de Lagostelle (Santa Mariña)",
        "country": "ES",
        "fusion_probability": "0.72691003",
        "fusion_rank": "201",
        "max_safety_rank": "322",
        "archetype_only_rank": "424",
        "specialist_probability": "0.73546165",
        "specialist_rank": "288",
        "specialist_mean_rank": "241",
        "rank_delta_fusion_to_max": "-121",
        "negative_type": "megalithic_mound",
        "morphology_proxy": "",
        "visual_sheet": "",
        "review_reason": "Weak-label negative ranked high on validation; inspect before treating it as true absence.",
        "review_notes": ""
      }
    },
    {
      "type": "Feature",
      "geometry": {
        "type": "Point",
        "coordinates": [
          -8.900351310780719,
          42.54113641391665
        ]
      },
      "properties": {
        "review_id": "err-review-0183",
        "sample_review_key": "wl-neg-neg-es-pba-80005",
        "duplicate_count": "1",
        "duplicate_queues": "val_top_weak_negatives",
        "review_priority": "P2",
        "queue": "val_top_weak_negatives",
        "priority_order": "27",
        "review_lane": "mamoa_false_positive_review",
        "dataset": "val",
        "final_split": "val",
        "sample_id": "wl-neg-neg-es-pba-80005",
        "bank_id": "neg-es-pba-80005",
        "label_class": "0",
        "label_role": "hard_negative",
        "suggested_taxonomy": "mamoa",
        "suggested_decision": "confirm_non_castro_archaeological_hard_negative",
        "boundary_action": "Confirm mound/non-castro; do not treat as generic absence.",
        "review_status": "pending",
        "final_taxonomy": "",
        "final_decision": "",
        "name": "Mámoa de Guidoiro Areoso 5",
        "municipality": "A Illa de Arousa",
        "parish": "A Illa de Arousa (San Xulián)",
        "country": "ES",
        "fusion_probability": "0.72393571",
        "fusion_rank": "203",
        "max_safety_rank": "15",
        "archetype_only_rank": "15",
        "specialist_probability": "0.77331988",
        "specialist_rank": "262",
        "specialist_mean_rank": "229",
        "rank_delta_fusion_to_max": "188",
        "negative_type": "megalithic_mound",
        "morphology_proxy": "",
        "visual_sheet": "",
        "review_reason": "Weak-label negative ranked high on validation; inspect before treating it as true absence.",
        "review_notes": ""
      }
    },
    {
      "type": "Feature",
      "geometry": {
        "type": "Point",
        "coordinates": [
          -7.891449794843485,
          43.24239452816248
        ]
      },
      "properties": {
        "review_id": "err-review-0184",
        "sample_review_key": "wl-neg-neg-es-pba-32436",
        "duplicate_count": "1",
        "duplicate_queues": "val_top_weak_negatives",
        "review_priority": "P2",
        "queue": "val_top_weak_negatives",
        "priority_order": "28",
        "review_lane": "mamoa_false_positive_review",
        "dataset": "val",
        "final_split": "val",
        "sample_id": "wl-neg-neg-es-pba-32436",
        "bank_id": "neg-es-pba-32436",
        "label_class": "0",
        "label_role": "hard_negative",
        "suggested_taxonomy": "mamoa",
        "suggested_decision": "confirm_non_castro_archaeological_hard_negative",
        "boundary_action": "Confirm mound/non-castro; do not treat as generic absence.",
        "review_status": "pending",
        "final_taxonomy": "",
        "final_decision": "",
        "name": "Medoña de Pena Redonda",
        "municipality": "Guitiriz",
        "parish": "Os Vilares (San Vicenzo)",
        "country": "ES",
        "fusion_probability": "0.71648085",
        "fusion_rank": "209",
        "max_safety_rank": "338",
        "archetype_only_rank": "679",
        "specialist_probability": "0.53098677",
        "specialist_rank": "452",
        "specialist_mean_rank": "316",
        "rank_delta_fusion_to_max": "-129",
        "negative_type": "megalithic_mound",
        "morphology_proxy": "",
        "visual_sheet": "",
        "review_reason": "Weak-label negative ranked high on validation; inspect before treating it as true absence.",
        "review_notes": ""
      }
    },
    {
      "type": "Feature",
      "geometry": {
        "type": "Point",
        "coordinates": [
          -7.06827325699685,
          43.01844401405456
        ]
      },
      "properties": {
        "review_id": "err-review-0185",
        "sample_review_key": "wl-neg-neg-es-pba-30909",
        "duplicate_count": "1",
        "duplicate_queues": "val_top_weak_negatives",
        "review_priority": "P2",
        "queue": "val_top_weak_negatives",
        "priority_order": "29",
        "review_lane": "mamoa_false_positive_review",
        "dataset": "val",
        "final_split": "val",
        "sample_id": "wl-neg-neg-es-pba-30909",
        "bank_id": "neg-es-pba-30909",
        "label_class": "0",
        "label_role": "hard_negative",
        "suggested_taxonomy": "mamoa",
        "suggested_decision": "confirm_non_castro_archaeological_hard_negative",
        "boundary_action": "Confirm mound/non-castro; do not treat as generic absence.",
        "review_status": "pending",
        "final_taxonomy": "",
        "final_decision": "",
        "name": "Medorra da Campa do Searo",
        "municipality": "A Fonsagrada",
        "parish": "Lamas de Moreira (Santa María)",
        "country": "ES",
        "fusion_probability": "0.71483259",
        "fusion_rank": "211",
        "max_safety_rank": "341",
        "archetype_only_rank": "736",
        "specialist_probability": "0.70709184",
        "specialist_rank": "300",
        "specialist_mean_rank": "254",
        "rank_delta_fusion_to_max": "-130",
        "negative_type": "megalithic_mound",
        "morphology_proxy": "",
        "visual_sheet": "",
        "review_reason": "Weak-label negative ranked high on validation; inspect before treating it as true absence.",
        "review_notes": ""
      }
    },
    {
      "type": "Feature",
      "geometry": {
        "type": "Point",
        "coordinates": [
          -7.071120611540378,
          43.257955505476644
        ]
      },
      "properties": {
        "review_id": "err-review-0186",
        "sample_review_key": "wl-neg-neg-es-pba-30880",
        "duplicate_count": "1",
        "duplicate_queues": "val_top_weak_negatives",
        "review_priority": "P2",
        "queue": "val_top_weak_negatives",
        "priority_order": "31",
        "review_lane": "mamoa_false_positive_review",
        "dataset": "val",
        "final_split": "val",
        "sample_id": "wl-neg-neg-es-pba-30880",
        "bank_id": "neg-es-pba-30880",
        "label_class": "0",
        "label_role": "hard_negative",
        "suggested_taxonomy": "mamoa",
        "suggested_decision": "confirm_non_castro_archaeological_hard_negative",
        "boundary_action": "Confirm mound/non-castro; do not treat as generic absence.",
        "review_status": "pending",
        "final_taxonomy": "",
        "final_decision": "",
        "name": "Medorra do Chao do Ventorrillo 2",
        "municipality": "A Fonsagrada",
        "parish": "A Veiga de Logares (Santa María)",
        "country": "ES",
        "fusion_probability": "0.70349911",
        "fusion_rank": "219",
        "max_safety_rank": "353",
        "archetype_only_rank": "1725",
        "specialist_probability": "0.40378429",
        "specialist_rank": "591",
        "specialist_mean_rank": "381",
        "rank_delta_fusion_to_max": "-134",
        "negative_type": "megalithic_mound",
        "morphology_proxy": "",
        "visual_sheet": "",
        "review_reason": "Weak-label negative ranked high on validation; inspect before treating it as true absence.",
        "review_notes": ""
      }
    },
    {
      "type": "Feature",
      "geometry": {
        "type": "Point",
        "coordinates": [
          -8.030889164536855,
          43.3091116271125
        ]
      },
      "properties": {
        "review_id": "err-review-0187",
        "sample_review_key": "wl-neg-neg-es-pba-13816",
        "duplicate_count": "1",
        "duplicate_queues": "val_top_weak_negatives",
        "review_priority": "P2",
        "queue": "val_top_weak_negatives",
        "priority_order": "33",
        "review_lane": "mamoa_false_positive_review",
        "dataset": "val",
        "final_split": "val",
        "sample_id": "wl-neg-neg-es-pba-13816",
        "bank_id": "neg-es-pba-13816",
        "label_class": "0",
        "label_role": "hard_negative",
        "suggested_taxonomy": "mamoa",
        "suggested_decision": "confirm_non_castro_archaeological_hard_negative",
        "boundary_action": "Confirm mound/non-castro; do not treat as generic absence.",
        "review_status": "pending",
        "final_taxonomy": "",
        "final_decision": "",
        "name": "Mámoa do Xestal 4",
        "municipality": "Monfero",
        "parish": "San Fiz de Monfero (San Fiz)",
        "country": "ES",
        "fusion_probability": "0.69394935",
        "fusion_rank": "228",
        "max_safety_rank": "361",
        "archetype_only_rank": "358",
        "specialist_probability": "0.77637012",
        "specialist_rank": "260",
        "specialist_mean_rank": "237",
        "rank_delta_fusion_to_max": "-133",
        "negative_type": "megalithic_mound",
        "morphology_proxy": "",
        "visual_sheet": "",
        "review_reason": "Weak-label negative ranked high on validation; inspect before treating it as true absence.",
        "review_notes": ""
      }
    },
    {
      "type": "Feature",
      "geometry": {
        "type": "Point",
        "coordinates": [
          -8.466344549600262,
          42.76531432369038
        ]
      },
      "properties": {
        "review_id": "err-review-0188",
        "sample_review_key": "wl-neg-neg-es-pba-26548",
        "duplicate_count": "1",
        "duplicate_queues": "val_top_weak_negatives",
        "review_priority": "P2",
        "queue": "val_top_weak_negatives",
        "priority_order": "34",
        "review_lane": "mamoa_false_positive_review",
        "dataset": "val",
        "final_split": "val",
        "sample_id": "wl-neg-neg-es-pba-26548",
        "bank_id": "neg-es-pba-26548",
        "label_class": "0",
        "label_role": "hard_negative",
        "suggested_taxonomy": "mamoa",
        "suggested_decision": "confirm_non_castro_archaeological_hard_negative",
        "boundary_action": "Confirm mound/non-castro; do not treat as generic absence.",
        "review_status": "pending",
        "final_taxonomy": "",
        "final_decision": "",
        "name": "Mámoa 1 de Cimadevila",
        "municipality": "Vedra",
        "parish": "San Miguel de Sarandón (San Miguel)",
        "country": "ES",
        "fusion_probability": "0.69287377",
        "fusion_rank": "230",
        "max_safety_rank": "362",
        "archetype_only_rank": "1038",
        "specialist_probability": "0.64363671",
        "specialist_rank": "350",
        "specialist_mean_rank": "279",
        "rank_delta_fusion_to_max": "-132",
        "negative_type": "megalithic_mound",
        "morphology_proxy": "",
        "visual_sheet": "",
        "review_reason": "Weak-label negative ranked high on validation; inspect before treating it as true absence.",
        "review_notes": ""
      }
    },
    {
      "type": "Feature",
      "geometry": {
        "type": "Point",
        "coordinates": [
          -7.75978933722244,
          43.208866326831306
        ]
      },
      "properties": {
        "review_id": "err-review-0189",
        "sample_review_key": "wl-neg-neg-es-pba-32430",
        "duplicate_count": "1",
        "duplicate_queues": "val_top_weak_negatives",
        "review_priority": "P2",
        "queue": "val_top_weak_negatives",
        "priority_order": "35",
        "review_lane": "mamoa_false_positive_review",
        "dataset": "val",
        "final_split": "val",
        "sample_id": "wl-neg-neg-es-pba-32430",
        "bank_id": "neg-es-pba-32430",
        "label_class": "0",
        "label_role": "hard_negative",
        "suggested_taxonomy": "mamoa",
        "suggested_decision": "confirm_non_castro_archaeological_hard_negative",
        "boundary_action": "Confirm mound/non-castro; do not treat as generic absence.",
        "review_status": "pending",
        "final_taxonomy": "",
        "final_decision": "",
        "name": "Medoña de Pena Blanca 1",
        "municipality": "Guitiriz",
        "parish": "Pígara (San Pedro)",
        "country": "ES",
        "fusion_probability": "0.69080342",
        "fusion_rank": "232",
        "max_safety_rank": "364",
        "archetype_only_rank": "319",
        "specialist_probability": "0.82657841",
        "specialist_rank": "234",
        "specialist_mean_rank": "220",
        "rank_delta_fusion_to_max": "-132",
        "negative_type": "megalithic_mound",
        "morphology_proxy": "",
        "visual_sheet": "",
        "review_reason": "Weak-label negative ranked high on validation; inspect before treating it as true absence.",
        "review_notes": ""
      }
    },
    {
      "type": "Feature",
      "geometry": {
        "type": "Point",
        "coordinates": [
          -7.883610097690049,
          43.244976494365645
        ]
      },
      "properties": {
        "review_id": "err-review-0190",
        "sample_review_key": "wl-neg-neg-es-pba-32275",
        "duplicate_count": "1",
        "duplicate_queues": "val_top_weak_negatives",
        "review_priority": "P2",
        "queue": "val_top_weak_negatives",
        "priority_order": "36",
        "review_lane": "mamoa_false_positive_review",
        "dataset": "val",
        "final_split": "val",
        "sample_id": "wl-neg-neg-es-pba-32275",
        "bank_id": "neg-es-pba-32275",
        "label_class": "0",
        "label_role": "hard_negative",
        "suggested_taxonomy": "mamoa",
        "suggested_decision": "confirm_non_castro_archaeological_hard_negative",
        "boundary_action": "Confirm mound/non-castro; do not treat as generic absence.",
        "review_status": "pending",
        "final_taxonomy": "",
        "final_decision": "",
        "name": "Mámoas (Reboiras)",
        "municipality": "Guitiriz",
        "parish": "Os Vilares (San Vicenzo)",
        "country": "ES",
        "fusion_probability": "0.68707982",
        "fusion_rank": "233",
        "max_safety_rank": "368",
        "archetype_only_rank": "1257",
        "specialist_probability": "0.43989777",
        "specialist_rank": "539",
        "specialist_mean_rank": "369",
        "rank_delta_fusion_to_max": "-135",
        "negative_type": "megalithic_mound",
        "morphology_proxy": "",
        "visual_sheet": "",
        "review_reason": "Weak-label negative ranked high on validation; inspect before treating it as true absence.",
        "review_notes": ""
      }
    },
    {
      "type": "Feature",
      "geometry": {
        "type": "Point",
        "coordinates": [
          -8.074840109067422,
          43.347014172107265
        ]
      },
      "properties": {
        "review_id": "err-review-0191",
        "sample_review_key": "wl-neg-neg-es-pba-13695",
        "duplicate_count": "1",
        "duplicate_queues": "val_top_weak_negatives",
        "review_priority": "P2",
        "queue": "val_top_weak_negatives",
        "priority_order": "37",
        "review_lane": "mamoa_false_positive_review",
        "dataset": "val",
        "final_split": "val",
        "sample_id": "wl-neg-neg-es-pba-13695",
        "bank_id": "neg-es-pba-13695",
        "label_class": "0",
        "label_role": "hard_negative",
        "suggested_taxonomy": "mamoa",
        "suggested_decision": "confirm_non_castro_archaeological_hard_negative",
        "boundary_action": "Confirm mound/non-castro; do not treat as generic absence.",
        "review_status": "pending",
        "final_taxonomy": "",
        "final_decision": "",
        "name": "Mámoa da Cruz de Goente",
        "municipality": "Monfero",
        "parish": "San Fiz de Monfero (San Fiz)",
        "country": "ES",
        "fusion_probability": "0.68612139",
        "fusion_rank": "234",
        "max_safety_rank": "370",
        "archetype_only_rank": "659",
        "specialist_probability": "0.68774869",
        "specialist_rank": "319",
        "specialist_mean_rank": "265",
        "rank_delta_fusion_to_max": "-136",
        "negative_type": "megalithic_mound",
        "morphology_proxy": "",
        "visual_sheet": "",
        "review_reason": "Weak-label negative ranked high on validation; inspect before treating it as true absence.",
        "review_notes": ""
      }
    },
    {
      "type": "Feature",
      "geometry": {
        "type": "Point",
        "coordinates": [
          -8.366643637168874,
          43.004501975218005
        ]
      },
      "properties": {
        "review_id": "err-review-0192",
        "sample_review_key": "wl-neg-neg-es-pba-15476",
        "duplicate_count": "1",
        "duplicate_queues": "val_top_weak_negatives",
        "review_priority": "P2",
        "queue": "val_top_weak_negatives",
        "priority_order": "38",
        "review_lane": "mamoa_false_positive_review",
        "dataset": "val",
        "final_split": "val",
        "sample_id": "wl-neg-neg-es-pba-15476",
        "bank_id": "neg-es-pba-15476",
        "label_class": "0",
        "label_role": "hard_negative",
        "suggested_taxonomy": "mamoa",
        "suggested_decision": "confirm_non_castro_archaeological_hard_negative",
        "boundary_action": "Confirm mound/non-castro; do not treat as generic absence.",
        "review_status": "pending",
        "final_taxonomy": "",
        "final_decision": "",
        "name": "A Medorra/O Petón/Mámoa do Petón 2",
        "municipality": "Oroso",
        "parish": "Senra (Santa Eulalia)",
        "country": "ES",
        "fusion_probability": "0.68242550",
        "fusion_rank": "237",
        "max_safety_rank": "375",
        "archetype_only_rank": "816",
        "specialist_probability": "0.63486464",
        "specialist_rank": "360",
        "specialist_mean_rank": "286",
        "rank_delta_fusion_to_max": "-138",
        "negative_type": "megalithic_mound",
        "morphology_proxy": "",
        "visual_sheet": "",
        "review_reason": "Weak-label negative ranked high on validation; inspect before treating it as true absence.",
        "review_notes": ""
      }
    },
    {
      "type": "Feature",
      "geometry": {
        "type": "Point",
        "coordinates": [
          -7.855481675011344,
          43.15375852972732
        ]
      },
      "properties": {
        "review_id": "err-review-0193",
        "sample_review_key": "wl-neg-neg-es-pba-31976",
        "duplicate_count": "1",
        "duplicate_queues": "val_top_weak_negatives",
        "review_priority": "P2",
        "queue": "val_top_weak_negatives",
        "priority_order": "39",
        "review_lane": "mamoa_false_positive_review",
        "dataset": "val",
        "final_split": "val",
        "sample_id": "wl-neg-neg-es-pba-31976",
        "bank_id": "neg-es-pba-31976",
        "label_class": "0",
        "label_role": "hard_negative",
        "suggested_taxonomy": "mamoa",
        "suggested_decision": "confirm_non_castro_archaeological_hard_negative",
        "boundary_action": "Confirm mound/non-castro; do not treat as generic absence.",
        "review_status": "pending",
        "final_taxonomy": "",
        "final_decision": "",
        "name": "Medorra de Gandarón 2",
        "municipality": "Guitiriz",
        "parish": "Becín (San Xiao)",
        "country": "ES",
        "fusion_probability": "0.68129912",
        "fusion_rank": "238",
        "max_safety_rank": "378",
        "archetype_only_rank": "686",
        "specialist_probability": "0.52039740",
        "specialist_rank": "460",
        "specialist_mean_rank": "335",
        "rank_delta_fusion_to_max": "-140",
        "negative_type": "megalithic_mound",
        "morphology_proxy": "",
        "visual_sheet": "",
        "review_reason": "Weak-label negative ranked high on validation; inspect before treating it as true absence.",
        "review_notes": ""
      }
    },
    {
      "type": "Feature",
      "geometry": {
        "type": "Point",
        "coordinates": [
          -8.220496341937512,
          42.23069313705975
        ]
      },
      "properties": {
        "review_id": "err-review-0194",
        "sample_review_key": "wl-neg-neg-es-pba-63336",
        "duplicate_count": "1",
        "duplicate_queues": "val_top_weak_negatives",
        "review_priority": "P2",
        "queue": "val_top_weak_negatives",
        "priority_order": "40",
        "review_lane": "mamoa_false_positive_review",
        "dataset": "val",
        "final_split": "val",
        "sample_id": "wl-neg-neg-es-pba-63336",
        "bank_id": "neg-es-pba-63336",
        "label_class": "0",
        "label_role": "hard_negative",
        "suggested_taxonomy": "mamoa",
        "suggested_decision": "confirm_non_castro_archaeological_hard_negative",
        "boundary_action": "Confirm mound/non-castro; do not treat as generic absence.",
        "review_status": "pending",
        "final_taxonomy": "",
        "final_decision": "",
        "name": "Mámoa de Marco Pedroso 04",
        "municipality": "A Cañiza",
        "parish": "A Ameixeira (San Bernabeu)",
        "country": "ES",
        "fusion_probability": "0.67459730",
        "fusion_rank": "240",
        "max_safety_rank": "383",
        "archetype_only_rank": "629",
        "specialist_probability": "0.66493655",
        "specialist_rank": "334",
        "specialist_mean_rank": "276",
        "rank_delta_fusion_to_max": "-143",
        "negative_type": "megalithic_mound",
        "morphology_proxy": "",
        "visual_sheet": "",
        "review_reason": "Weak-label negative ranked high on validation; inspect before treating it as true absence.",
        "review_notes": ""
      }
    },
    {
      "type": "Feature",
      "geometry": {
        "type": "Point",
        "coordinates": [
          -6.987870223767931,
          43.138015844567306
        ]
      },
      "properties": {
        "review_id": "err-review-0195",
        "sample_review_key": "wl-neg-neg-es-pba-31105",
        "duplicate_count": "1",
        "duplicate_queues": "val_top_weak_negatives",
        "review_priority": "P2",
        "queue": "val_top_weak_negatives",
        "priority_order": "41",
        "review_lane": "mamoa_false_positive_review",
        "dataset": "val",
        "final_split": "val",
        "sample_id": "wl-neg-neg-es-pba-31105",
        "bank_id": "neg-es-pba-31105",
        "label_class": "0",
        "label_role": "hard_negative",
        "suggested_taxonomy": "mamoa",
        "suggested_decision": "confirm_non_castro_archaeological_hard_negative",
        "boundary_action": "Confirm mound/non-castro; do not treat as generic absence.",
        "review_status": "pending",
        "final_taxonomy": "",
        "final_decision": "",
        "name": "Medorra de Casacabreira 2",
        "municipality": "A Fonsagrada",
        "parish": "Monteseiro (San Bartolo)",
        "country": "ES",
        "fusion_probability": "0.67207808",
        "fusion_rank": "242",
        "max_safety_rank": "387",
        "archetype_only_rank": "646",
        "specialist_probability": "0.84059146",
        "specialist_rank": "222",
        "specialist_mean_rank": "223",
        "rank_delta_fusion_to_max": "-145",
        "negative_type": "megalithic_mound",
        "morphology_proxy": "",
        "visual_sheet": "",
        "review_reason": "Weak-label negative ranked high on validation; inspect before treating it as true absence.",
        "review_notes": ""
      }
    },
    {
      "type": "Feature",
      "geometry": {
        "type": "Point",
        "coordinates": [
          -7.824331842787302,
          43.187886383018395
        ]
      },
      "properties": {
        "review_id": "err-review-0196",
        "sample_review_key": "wl-neg-neg-es-pba-30361",
        "duplicate_count": "1",
        "duplicate_queues": "val_top_weak_negatives",
        "review_priority": "P2",
        "queue": "val_top_weak_negatives",
        "priority_order": "42",
        "review_lane": "mamoa_false_positive_review",
        "dataset": "val",
        "final_split": "val",
        "sample_id": "wl-neg-neg-es-pba-30361",
        "bank_id": "neg-es-pba-30361",
        "label_class": "0",
        "label_role": "hard_negative",
        "suggested_taxonomy": "mamoa",
        "suggested_decision": "confirm_non_castro_archaeological_hard_negative",
        "boundary_action": "Confirm mound/non-castro; do not treat as generic absence.",
        "review_status": "pending",
        "final_taxonomy": "",
        "final_decision": "",
        "name": "Mámoa de Vilanova 6",
        "municipality": "Guitiriz",
        "parish": "Trasparga (Santiago)",
        "country": "ES",
        "fusion_probability": "0.67169943",
        "fusion_rank": "243",
        "max_safety_rank": "388",
        "archetype_only_rank": "592",
        "specialist_probability": "0.90996344",
        "specialist_rank": "168",
        "specialist_mean_rank": "199",
        "rank_delta_fusion_to_max": "-145",
        "negative_type": "megalithic_mound",
        "morphology_proxy": "",
        "visual_sheet": "",
        "review_reason": "Weak-label negative ranked high on validation; inspect before treating it as true absence.",
        "review_notes": ""
      }
    },
    {
      "type": "Feature",
      "geometry": {
        "type": "Point",
        "coordinates": [
          -7.969839278131716,
          43.3229190663494
        ]
      },
      "properties": {
        "review_id": "err-review-0197",
        "sample_review_key": "wl-neg-neg-es-pba-13774",
        "duplicate_count": "1",
        "duplicate_queues": "val_top_weak_negatives",
        "review_priority": "P2",
        "queue": "val_top_weak_negatives",
        "priority_order": "44",
        "review_lane": "mamoa_false_positive_review",
        "dataset": "val",
        "final_split": "val",
        "sample_id": "wl-neg-neg-es-pba-13774",
        "bank_id": "neg-es-pba-13774",
        "label_class": "0",
        "label_role": "hard_negative",
        "suggested_taxonomy": "mamoa",
        "suggested_decision": "confirm_non_castro_archaeological_hard_negative",
        "boundary_action": "Confirm mound/non-castro; do not treat as generic absence.",
        "review_status": "pending",
        "final_taxonomy": "",
        "final_decision": "",
        "name": "Mámoa do Cruceiro da Lobeta",
        "municipality": "Monfero",
        "parish": "O Val de Xestoso (San Pedro)",
        "country": "ES",
        "fusion_probability": "0.66934952",
        "fusion_rank": "246",
        "max_safety_rank": "391",
        "archetype_only_rank": "921",
        "specialist_probability": "0.76860823",
        "specialist_rank": "264",
        "specialist_mean_rank": "244",
        "rank_delta_fusion_to_max": "-145",
        "negative_type": "megalithic_mound",
        "morphology_proxy": "",
        "visual_sheet": "",
        "review_reason": "Weak-label negative ranked high on validation; inspect before treating it as true absence.",
        "review_notes": ""
      }
    },
    {
      "type": "Feature",
      "geometry": {
        "type": "Point",
        "coordinates": [
          -7.59543124775862,
          43.10767951370981
        ]
      },
      "properties": {
        "review_id": "err-review-0198",
        "sample_review_key": "wl-neg-neg-es-pba-35933",
        "duplicate_count": "1",
        "duplicate_queues": "val_top_weak_negatives",
        "review_priority": "P2",
        "queue": "val_top_weak_negatives",
        "priority_order": "45",
        "review_lane": "mamoa_false_positive_review",
        "dataset": "val",
        "final_split": "val",
        "sample_id": "wl-neg-neg-es-pba-35933",
        "bank_id": "neg-es-pba-35933",
        "label_class": "0",
        "label_role": "hard_negative",
        "suggested_taxonomy": "mamoa",
        "suggested_decision": "confirm_non_castro_archaeological_hard_negative",
        "boundary_action": "Confirm mound/non-castro; do not treat as generic absence.",
        "review_status": "pending",
        "final_taxonomy": "",
        "final_decision": "",
        "name": "Medorra do Monte de Santa Mariña 5",
        "municipality": "Outeiro de Rei",
        "parish": "Outeiro de Rei (San Xoán)",
        "country": "ES",
        "fusion_probability": "0.66859486",
        "fusion_rank": "247",
        "max_safety_rank": "50",
        "archetype_only_rank": "43",
        "specialist_probability": "0.67583732",
        "specialist_rank": "325",
        "specialist_mean_rank": "274",
        "rank_delta_fusion_to_max": "197",
        "negative_type": "megalithic_mound",
        "morphology_proxy": "",
        "visual_sheet": "",
        "review_reason": "Weak-label negative ranked high on validation; inspect before treating it as true absence.",
        "review_notes": ""
      }
    },
    {
      "type": "Feature",
      "geometry": {
        "type": "Point",
        "coordinates": [
          -7.971372197039102,
          43.32288230171318
        ]
      },
      "properties": {
        "review_id": "err-review-0199",
        "sample_review_key": "wl-neg-neg-es-pba-13694",
        "duplicate_count": "1",
        "duplicate_queues": "val_top_weak_negatives",
        "review_priority": "P2",
        "queue": "val_top_weak_negatives",
        "priority_order": "46",
        "review_lane": "mamoa_false_positive_review",
        "dataset": "val",
        "final_split": "val",
        "sample_id": "wl-neg-neg-es-pba-13694",
        "bank_id": "neg-es-pba-13694",
        "label_class": "0",
        "label_role": "hard_negative",
        "suggested_taxonomy": "mamoa",
        "suggested_decision": "confirm_non_castro_archaeological_hard_negative",
        "boundary_action": "Confirm mound/non-castro; do not treat as generic absence.",
        "review_status": "pending",
        "final_taxonomy": "",
        "final_decision": "",
        "name": "Mámoa da Cota",
        "municipality": "Monfero",
        "parish": "O Val de Xestoso (San Pedro)",
        "country": "ES",
        "fusion_probability": "0.66732874",
        "fusion_rank": "249",
        "max_safety_rank": "395",
        "archetype_only_rank": "1222",
        "specialist_probability": "0.81057429",
        "specialist_rank": "242",
        "specialist_mean_rank": "234",
        "rank_delta_fusion_to_max": "-146",
        "negative_type": "megalithic_mound",
        "morphology_proxy": "",
        "visual_sheet": "",
        "review_reason": "Weak-label negative ranked high on validation; inspect before treating it as true absence.",
        "review_notes": ""
      }
    },
    {
      "type": "Feature",
      "geometry": {
        "type": "Point",
        "coordinates": [
          -7.713121400356126,
          43.10649094317678
        ]
      },
      "properties": {
        "review_id": "err-review-0200",
        "sample_review_key": "wl-neg-neg-es-pba-36011",
        "duplicate_count": "1",
        "duplicate_queues": "val_top_weak_negatives",
        "review_priority": "P2",
        "queue": "val_top_weak_negatives",
        "priority_order": "47",
        "review_lane": "mamoa_false_positive_review",
        "dataset": "val",
        "final_split": "val",
        "sample_id": "wl-neg-neg-es-pba-36011",
        "bank_id": "neg-es-pba-36011",
        "label_class": "0",
        "label_role": "hard_negative",
        "suggested_taxonomy": "mamoa",
        "suggested_decision": "confirm_non_castro_archaeological_hard_negative",
        "boundary_action": "Confirm mound/non-castro; do not treat as generic absence.",
        "review_status": "pending",
        "final_taxonomy": "",
        "final_decision": "",
        "name": "Medorra do Coto 2",
        "municipality": "Outeiro de Rei",
        "parish": "San Tomé de Gaioso (San Tom‚)",
        "country": "ES",
        "fusion_probability": "0.66649292",
        "fusion_rank": "250",
        "max_safety_rank": "396",
        "archetype_only_rank": "340",
        "specialist_probability": "0.82231732",
        "specialist_rank": "237",
        "specialist_mean_rank": "231",
        "rank_delta_fusion_to_max": "-146",
        "negative_type": "megalithic_mound",
        "morphology_proxy": "",
        "visual_sheet": "",
        "review_reason": "Weak-label negative ranked high on validation; inspect before treating it as true absence.",
        "review_notes": ""
      }
    },
    {
      "type": "Feature",
      "geometry": {
        "type": "Point",
        "coordinates": [
          -7.124144152830854,
          42.99843514533548
        ]
      },
      "properties": {
        "review_id": "err-review-0201",
        "sample_review_key": "wl-neg-neg-es-pba-30869",
        "duplicate_count": "1",
        "duplicate_queues": "val_top_weak_negatives",
        "review_priority": "P2",
        "queue": "val_top_weak_negatives",
        "priority_order": "48",
        "review_lane": "mamoa_false_positive_review",
        "dataset": "val",
        "final_split": "val",
        "sample_id": "wl-neg-neg-es-pba-30869",
        "bank_id": "neg-es-pba-30869",
        "label_class": "0",
        "label_role": "hard_negative",
        "suggested_taxonomy": "mamoa",
        "suggested_decision": "confirm_non_castro_archaeological_hard_negative",
        "boundary_action": "Confirm mound/non-castro; do not treat as generic absence.",
        "review_status": "pending",
        "final_taxonomy": "",
        "final_decision": "",
        "name": "Mámoa da Castañosa 1",
        "municipality": "A Fonsagrada",
        "parish": "San Pedro de Río (San Pedro)",
        "country": "ES",
        "fusion_probability": "0.66094505",
        "fusion_rank": "254",
        "max_safety_rank": "223",
        "archetype_only_rank": "177",
        "specialist_probability": "0.64104176",
        "specialist_rank": "354",
        "specialist_mean_rank": "296",
        "rank_delta_fusion_to_max": "31",
        "negative_type": "megalithic_mound",
        "morphology_proxy": "",
        "visual_sheet": "",
        "review_reason": "Weak-label negative ranked high on validation; inspect before treating it as true absence.",
        "review_notes": ""
      }
    },
    {
      "type": "Feature",
      "geometry": {
        "type": "Point",
        "coordinates": [
          -7.595728745144799,
          43.10773438009708
        ]
      },
      "properties": {
        "review_id": "err-review-0202",
        "sample_review_key": "wl-neg-neg-es-pba-35932",
        "duplicate_count": "1",
        "duplicate_queues": "val_top_weak_negatives",
        "review_priority": "P2",
        "queue": "val_top_weak_negatives",
        "priority_order": "49",
        "review_lane": "mamoa_false_positive_review",
        "dataset": "val",
        "final_split": "val",
        "sample_id": "wl-neg-neg-es-pba-35932",
        "bank_id": "neg-es-pba-35932",
        "label_class": "0",
        "label_role": "hard_negative",
        "suggested_taxonomy": "mamoa",
        "suggested_decision": "confirm_non_castro_archaeological_hard_negative",
        "boundary_action": "Confirm mound/non-castro; do not treat as generic absence.",
        "review_status": "pending",
        "final_taxonomy": "",
        "final_decision": "",
        "name": "Medorra do Monte de Santa Mariña 4",
        "municipality": "Outeiro de Rei",
        "parish": "Outeiro de Rei (San Xoán)",
        "country": "ES",
        "fusion_probability": "0.65822928",
        "fusion_rank": "257",
        "max_safety_rank": "42",
        "archetype_only_rank": "37",
        "specialist_probability": "0.66669915",
        "specialist_rank": "333",
        "specialist_mean_rank": "282",
        "rank_delta_fusion_to_max": "215",
        "negative_type": "megalithic_mound",
        "morphology_proxy": "",
        "visual_sheet": "",
        "review_reason": "Weak-label negative ranked high on validation; inspect before treating it as true absence.",
        "review_notes": ""
      }
    }
  ]
}
