{
  "type": "FeatureCollection",
  "features": [
    {
      "type": "Feature",
      "geometry": {
        "type": "Point",
        "coordinates": [
          -8.239830294287893,
          43.524029972263946
        ]
      },
      "properties": {
        "review_id": "err-review-0049",
        "sample_review_key": "wl-pos-pos-es-pba-10165",
        "duplicate_count": "2",
        "duplicate_queues": "holdout_low_rank_positives;holdout_morphology_rescues",
        "review_priority": "P1",
        "queue": "holdout_low_rank_positives",
        "priority_order": "2",
        "review_lane": "morphology_rescue_review",
        "dataset": "holdouts",
        "final_split": "test_trasancos",
        "sample_id": "wl-pos-pos-es-pba-10165",
        "bank_id": "pos-es-pba-10165",
        "label_class": "1",
        "label_role": "positive",
        "suggested_taxonomy": "castro",
        "suggested_decision": "inspect_morphology_rescue",
        "boundary_action": "If visible, draw croa/muralla/recinto polygon; otherwise mark needs_followup.",
        "review_status": "pending",
        "review_notes": "",
        "final_taxonomy": "",
        "final_decision": "",
        "pretriage_order": "",
        "pretriage_group": "morphology_rescue",
        "pretriage_decision": "morphology_boundary_review",
        "pretriage_confidence": "medium_morphology_signal_boundary_needed",
        "training_use_after_review": "positive_candidate_after_boundary_review",
        "do_not_use_as": "new_discovery_claim_without_review",
        "visual_reading": "Morphology channel raises the point; inspect whether slope/LRM expresses a real enclosure or only terrain edge.",
        "name": "Monte do Castro/Castro de Vilela",
        "municipality": "Ferrol",
        "parish": "Mandiá (Santa Uxía)",
        "country": "ES",
        "fusion_probability": "0.11178112",
        "fusion_rank": "172",
        "max_safety_rank": "123",
        "archetype_only_rank": "99",
        "specialist_probability": "0.23111581",
        "specialist_rank": "103",
        "specialist_mean_rank": "127",
        "rank_delta_fusion_to_max": "49",
        "negative_type": "",
        "morphology_proxy": "hilltop_hint",
        "visual_sheet": "reports/figures/weak_label_error_review_v1/holdout-low-rank-positives.png",
        "review_reason": "Known positive ranked low by the main fusion model; inspect as false-negative morphology."
      }
    },
    {
      "type": "Feature",
      "geometry": {
        "type": "Point",
        "coordinates": [
          -8.093620081527554,
          43.639579102678184
        ]
      },
      "properties": {
        "review_id": "err-review-0050",
        "sample_review_key": "wl-pos-pos-es-pba-24337",
        "duplicate_count": "2",
        "duplicate_queues": "holdout_low_rank_positives;holdout_morphology_rescues",
        "review_priority": "P1",
        "queue": "holdout_low_rank_positives",
        "priority_order": "4",
        "review_lane": "morphology_rescue_review",
        "dataset": "holdouts",
        "final_split": "test_trasancos",
        "sample_id": "wl-pos-pos-es-pba-24337",
        "bank_id": "pos-es-pba-24337",
        "label_class": "1",
        "label_role": "positive",
        "suggested_taxonomy": "castro",
        "suggested_decision": "inspect_morphology_rescue",
        "boundary_action": "If visible, draw croa/muralla/recinto polygon; otherwise mark needs_followup.",
        "review_status": "pending",
        "review_notes": "",
        "final_taxonomy": "",
        "final_decision": "",
        "pretriage_order": "",
        "pretriage_group": "morphology_rescue",
        "pretriage_decision": "morphology_boundary_review",
        "pretriage_confidence": "medium_morphology_signal_boundary_needed",
        "training_use_after_review": "positive_candidate_after_boundary_review",
        "do_not_use_as": "new_discovery_claim_without_review",
        "visual_reading": "Morphology channel raises the point; inspect whether slope/LRM expresses a real enclosure or only terrain edge.",
        "name": "Os Castros",
        "municipality": "Valdoviño",
        "parish": "Pantín (Santiago)",
        "country": "ES",
        "fusion_probability": "0.13453320",
        "fusion_rank": "160",
        "max_safety_rank": "90",
        "archetype_only_rank": "62",
        "specialist_probability": "0.12112084",
        "specialist_rank": "139",
        "specialist_mean_rank": "155",
        "rank_delta_fusion_to_max": "70",
        "negative_type": "",
        "morphology_proxy": "generic_castro_hint",
        "visual_sheet": "reports/figures/weak_label_error_review_v1/holdout-low-rank-positives.png",
        "review_reason": "Known positive ranked low by the main fusion model; inspect as false-negative morphology."
      }
    },
    {
      "type": "Feature",
      "geometry": {
        "type": "Point",
        "coordinates": [
          -8.081000277632068,
          43.48946910625164
        ]
      },
      "properties": {
        "review_id": "err-review-0051",
        "sample_review_key": "wl-pos-pos-es-pba-20704",
        "duplicate_count": "2",
        "duplicate_queues": "holdout_low_rank_positives;holdout_morphology_rescues",
        "review_priority": "P1",
        "queue": "holdout_low_rank_positives",
        "priority_order": "5",
        "review_lane": "morphology_rescue_review",
        "dataset": "holdouts",
        "final_split": "test_trasancos",
        "sample_id": "wl-pos-pos-es-pba-20704",
        "bank_id": "pos-es-pba-20704",
        "label_class": "1",
        "label_role": "positive",
        "suggested_taxonomy": "castro",
        "suggested_decision": "inspect_morphology_rescue",
        "boundary_action": "If visible, draw croa/muralla/recinto polygon; otherwise mark needs_followup.",
        "review_status": "pending",
        "review_notes": "",
        "final_taxonomy": "",
        "final_decision": "",
        "pretriage_order": "",
        "pretriage_group": "morphology_rescue",
        "pretriage_decision": "morphology_boundary_review",
        "pretriage_confidence": "medium_morphology_signal_boundary_needed",
        "training_use_after_review": "positive_candidate_after_boundary_review",
        "do_not_use_as": "new_discovery_claim_without_review",
        "visual_reading": "Morphology channel raises the point; inspect whether slope/LRM expresses a real enclosure or only terrain edge.",
        "name": "A Croa",
        "municipality": "San Sadurniño",
        "parish": "Naraío (Santa María)",
        "country": "ES",
        "fusion_probability": "0.14655968",
        "fusion_rank": "155",
        "max_safety_rank": "71",
        "archetype_only_rank": "46",
        "specialist_probability": "0.35083792",
        "specialist_rank": "79",
        "specialist_mean_rank": "102",
        "rank_delta_fusion_to_max": "84",
        "negative_type": "",
        "morphology_proxy": "croa_top_ring_hint",
        "visual_sheet": "reports/figures/weak_label_error_review_v1/holdout-low-rank-positives.png",
        "review_reason": "Known positive ranked low by the main fusion model; inspect as false-negative morphology."
      }
    },
    {
      "type": "Feature",
      "geometry": {
        "type": "Point",
        "coordinates": [
          -8.186321260418124,
          43.42396916091138
        ]
      },
      "properties": {
        "review_id": "err-review-0052",
        "sample_review_key": "wl-pos-pos-es-pba-8709",
        "duplicate_count": "2",
        "duplicate_queues": "holdout_low_rank_positives;holdout_morphology_rescues",
        "review_priority": "P1",
        "queue": "holdout_low_rank_positives",
        "priority_order": "6",
        "review_lane": "morphology_rescue_review",
        "dataset": "holdouts",
        "final_split": "test_trasancos",
        "sample_id": "wl-pos-pos-es-pba-8709",
        "bank_id": "pos-es-pba-8709",
        "label_class": "1",
        "label_role": "positive",
        "suggested_taxonomy": "castro",
        "suggested_decision": "inspect_morphology_rescue",
        "boundary_action": "If visible, draw croa/muralla/recinto polygon; otherwise mark needs_followup.",
        "review_status": "pending",
        "review_notes": "",
        "final_taxonomy": "",
        "final_decision": "",
        "pretriage_order": "",
        "pretriage_group": "morphology_rescue",
        "pretriage_decision": "morphology_boundary_review",
        "pretriage_confidence": "medium_morphology_signal_boundary_needed",
        "training_use_after_review": "positive_candidate_after_boundary_review",
        "do_not_use_as": "new_discovery_claim_without_review",
        "visual_reading": "Morphology channel raises the point; inspect whether slope/LRM expresses a real enclosure or only terrain edge.",
        "name": "Castro do Río Castro",
        "municipality": "Fene",
        "parish": "Limodre (Santa Baia)",
        "country": "ES",
        "fusion_probability": "0.16775494",
        "fusion_rank": "141",
        "max_safety_rank": "69",
        "archetype_only_rank": "44",
        "specialist_probability": "0.12025498",
        "specialist_rank": "140",
        "specialist_mean_rank": "142",
        "rank_delta_fusion_to_max": "72",
        "negative_type": "",
        "morphology_proxy": "valley_or_river_edge_hint",
        "visual_sheet": "reports/figures/weak_label_error_review_v1/holdout-low-rank-positives.png",
        "review_reason": "Known positive ranked low by the main fusion model; inspect as false-negative morphology."
      }
    },
    {
      "type": "Feature",
      "geometry": {
        "type": "Point",
        "coordinates": [
          -8.14047244366622,
          43.52154202964775
        ]
      },
      "properties": {
        "review_id": "err-review-0053",
        "sample_review_key": "wl-pos-pos-es-pba-14488",
        "duplicate_count": "2",
        "duplicate_queues": "holdout_low_rank_positives;holdout_morphology_rescues",
        "review_priority": "P1",
        "queue": "holdout_low_rank_positives",
        "priority_order": "10",
        "review_lane": "morphology_rescue_review",
        "dataset": "holdouts",
        "final_split": "test_trasancos",
        "sample_id": "wl-pos-pos-es-pba-14488",
        "bank_id": "pos-es-pba-14488",
        "label_class": "1",
        "label_role": "positive",
        "suggested_taxonomy": "castro",
        "suggested_decision": "inspect_morphology_rescue",
        "boundary_action": "If visible, draw croa/muralla/recinto polygon; otherwise mark needs_followup.",
        "review_status": "pending",
        "review_notes": "",
        "final_taxonomy": "",
        "final_decision": "",
        "pretriage_order": "",
        "pretriage_group": "morphology_rescue",
        "pretriage_decision": "morphology_boundary_review",
        "pretriage_confidence": "medium_morphology_signal_boundary_needed",
        "training_use_after_review": "positive_candidate_after_boundary_review",
        "do_not_use_as": "new_discovery_claim_without_review",
        "visual_reading": "Morphology channel raises the point; inspect whether slope/LRM expresses a real enclosure or only terrain edge.",
        "name": "Castro de Ancos",
        "municipality": "Neda",
        "parish": "Santa María de Neda (Santa María)",
        "country": "ES",
        "fusion_probability": "0.26730012",
        "fusion_rank": "94",
        "max_safety_rank": "53",
        "archetype_only_rank": "28",
        "specialist_probability": "0.44184615",
        "specialist_rank": "67",
        "specialist_mean_rank": "78",
        "rank_delta_fusion_to_max": "41",
        "negative_type": "",
        "morphology_proxy": "generic_castro_hint",
        "visual_sheet": "reports/figures/weak_label_error_review_v1/holdout-low-rank-positives.png",
        "review_reason": "Known positive ranked low by the main fusion model; inspect as false-negative morphology."
      }
    },
    {
      "type": "Feature",
      "geometry": {
        "type": "Point",
        "coordinates": [
          -8.119373302895987,
          43.63140985564435
        ]
      },
      "properties": {
        "review_id": "err-review-0054",
        "sample_review_key": "wl-pos-pos-es-pba-24705",
        "duplicate_count": "2",
        "duplicate_queues": "holdout_low_rank_positives;holdout_morphology_rescues",
        "review_priority": "P1",
        "queue": "holdout_low_rank_positives",
        "priority_order": "18",
        "review_lane": "morphology_rescue_review",
        "dataset": "holdouts",
        "final_split": "test_trasancos",
        "sample_id": "wl-pos-pos-es-pba-24705",
        "bank_id": "pos-es-pba-24705",
        "label_class": "1",
        "label_role": "positive",
        "suggested_taxonomy": "castro",
        "suggested_decision": "inspect_morphology_rescue",
        "boundary_action": "If visible, draw croa/muralla/recinto polygon; otherwise mark needs_followup.",
        "review_status": "pending",
        "review_notes": "",
        "final_taxonomy": "",
        "final_decision": "",
        "pretriage_order": "",
        "pretriage_group": "morphology_rescue",
        "pretriage_decision": "morphology_boundary_review",
        "pretriage_confidence": "medium_morphology_signal_boundary_needed",
        "training_use_after_review": "positive_candidate_after_boundary_review",
        "do_not_use_as": "new_discovery_claim_without_review",
        "visual_reading": "Morphology channel raises the point; inspect whether slope/LRM expresses a real enclosure or only terrain edge.",
        "name": "Castro de Lagoa",
        "municipality": "Valdoviño",
        "parish": "Pantín (Santiago)",
        "country": "ES",
        "fusion_probability": "0.40149863",
        "fusion_rank": "61",
        "max_safety_rank": "58",
        "archetype_only_rank": "35",
        "specialist_probability": "0.53382290",
        "specialist_rank": "56",
        "specialist_mean_rank": "57",
        "rank_delta_fusion_to_max": "3",
        "negative_type": "",
        "morphology_proxy": "generic_castro_hint",
        "visual_sheet": "reports/figures/weak_label_error_review_v1/holdout-low-rank-positives.png",
        "review_reason": "Known positive ranked low by the main fusion model; inspect as false-negative morphology."
      }
    },
    {
      "type": "Feature",
      "geometry": {
        "type": "Point",
        "coordinates": [
          -8.081000277632068,
          43.48946910625164
        ]
      },
      "properties": {
        "review_id": "err-review-0055",
        "sample_review_key": "wl-pos-pos-es-pba-20704",
        "duplicate_count": "2",
        "duplicate_queues": "holdout_low_rank_positives;holdout_morphology_rescues",
        "review_priority": "P1",
        "queue": "holdout_morphology_rescues",
        "priority_order": "2",
        "review_lane": "morphology_rescue_review",
        "dataset": "holdouts",
        "final_split": "test_trasancos",
        "sample_id": "wl-pos-pos-es-pba-20704",
        "bank_id": "pos-es-pba-20704",
        "label_class": "1",
        "label_role": "positive",
        "suggested_taxonomy": "castro",
        "suggested_decision": "inspect_morphology_rescue",
        "boundary_action": "If visible, draw croa/muralla/recinto polygon; otherwise mark needs_followup.",
        "review_status": "pending",
        "review_notes": "",
        "final_taxonomy": "",
        "final_decision": "",
        "pretriage_order": "",
        "pretriage_group": "morphology_rescue",
        "pretriage_decision": "morphology_boundary_review",
        "pretriage_confidence": "medium_morphology_signal_boundary_needed",
        "training_use_after_review": "positive_candidate_after_boundary_review",
        "do_not_use_as": "new_discovery_claim_without_review",
        "visual_reading": "Morphology channel raises the point; inspect whether slope/LRM expresses a real enclosure or only terrain edge.",
        "name": "A Croa",
        "municipality": "San Sadurniño",
        "parish": "Naraío (Santa María)",
        "country": "ES",
        "fusion_probability": "0.14655968",
        "fusion_rank": "155",
        "max_safety_rank": "71",
        "archetype_only_rank": "46",
        "specialist_probability": "0.35083792",
        "specialist_rank": "79",
        "specialist_mean_rank": "102",
        "rank_delta_fusion_to_max": "84",
        "negative_type": "",
        "morphology_proxy": "croa_top_ring_hint",
        "visual_sheet": "reports/figures/weak_label_error_review_v1/holdout-morphology-rescues.png",
        "review_reason": "Known positive moved upward by max_safety; inspect morphology archetype missed by the main model."
      }
    },
    {
      "type": "Feature",
      "geometry": {
        "type": "Point",
        "coordinates": [
          -8.186321260418124,
          43.42396916091138
        ]
      },
      "properties": {
        "review_id": "err-review-0056",
        "sample_review_key": "wl-pos-pos-es-pba-8709",
        "duplicate_count": "2",
        "duplicate_queues": "holdout_low_rank_positives;holdout_morphology_rescues",
        "review_priority": "P1",
        "queue": "holdout_morphology_rescues",
        "priority_order": "3",
        "review_lane": "morphology_rescue_review",
        "dataset": "holdouts",
        "final_split": "test_trasancos",
        "sample_id": "wl-pos-pos-es-pba-8709",
        "bank_id": "pos-es-pba-8709",
        "label_class": "1",
        "label_role": "positive",
        "suggested_taxonomy": "castro",
        "suggested_decision": "inspect_morphology_rescue",
        "boundary_action": "If visible, draw croa/muralla/recinto polygon; otherwise mark needs_followup.",
        "review_status": "pending",
        "review_notes": "",
        "final_taxonomy": "",
        "final_decision": "",
        "pretriage_order": "",
        "pretriage_group": "morphology_rescue",
        "pretriage_decision": "morphology_boundary_review",
        "pretriage_confidence": "medium_morphology_signal_boundary_needed",
        "training_use_after_review": "positive_candidate_after_boundary_review",
        "do_not_use_as": "new_discovery_claim_without_review",
        "visual_reading": "Morphology channel raises the point; inspect whether slope/LRM expresses a real enclosure or only terrain edge.",
        "name": "Castro do Río Castro",
        "municipality": "Fene",
        "parish": "Limodre (Santa Baia)",
        "country": "ES",
        "fusion_probability": "0.16775494",
        "fusion_rank": "141",
        "max_safety_rank": "69",
        "archetype_only_rank": "44",
        "specialist_probability": "0.12025498",
        "specialist_rank": "140",
        "specialist_mean_rank": "142",
        "rank_delta_fusion_to_max": "72",
        "negative_type": "",
        "morphology_proxy": "valley_or_river_edge_hint",
        "visual_sheet": "reports/figures/weak_label_error_review_v1/holdout-morphology-rescues.png",
        "review_reason": "Known positive moved upward by max_safety; inspect morphology archetype missed by the main model."
      }
    },
    {
      "type": "Feature",
      "geometry": {
        "type": "Point",
        "coordinates": [
          -8.093620081527554,
          43.639579102678184
        ]
      },
      "properties": {
        "review_id": "err-review-0057",
        "sample_review_key": "wl-pos-pos-es-pba-24337",
        "duplicate_count": "2",
        "duplicate_queues": "holdout_low_rank_positives;holdout_morphology_rescues",
        "review_priority": "P1",
        "queue": "holdout_morphology_rescues",
        "priority_order": "4",
        "review_lane": "morphology_rescue_review",
        "dataset": "holdouts",
        "final_split": "test_trasancos",
        "sample_id": "wl-pos-pos-es-pba-24337",
        "bank_id": "pos-es-pba-24337",
        "label_class": "1",
        "label_role": "positive",
        "suggested_taxonomy": "castro",
        "suggested_decision": "inspect_morphology_rescue",
        "boundary_action": "If visible, draw croa/muralla/recinto polygon; otherwise mark needs_followup.",
        "review_status": "pending",
        "review_notes": "",
        "final_taxonomy": "",
        "final_decision": "",
        "pretriage_order": "",
        "pretriage_group": "morphology_rescue",
        "pretriage_decision": "morphology_boundary_review",
        "pretriage_confidence": "medium_morphology_signal_boundary_needed",
        "training_use_after_review": "positive_candidate_after_boundary_review",
        "do_not_use_as": "new_discovery_claim_without_review",
        "visual_reading": "Morphology channel raises the point; inspect whether slope/LRM expresses a real enclosure or only terrain edge.",
        "name": "Os Castros",
        "municipality": "Valdoviño",
        "parish": "Pantín (Santiago)",
        "country": "ES",
        "fusion_probability": "0.13453320",
        "fusion_rank": "160",
        "max_safety_rank": "90",
        "archetype_only_rank": "62",
        "specialist_probability": "0.12112084",
        "specialist_rank": "139",
        "specialist_mean_rank": "155",
        "rank_delta_fusion_to_max": "70",
        "negative_type": "",
        "morphology_proxy": "generic_castro_hint",
        "visual_sheet": "reports/figures/weak_label_error_review_v1/holdout-morphology-rescues.png",
        "review_reason": "Known positive moved upward by max_safety; inspect morphology archetype missed by the main model."
      }
    },
    {
      "type": "Feature",
      "geometry": {
        "type": "Point",
        "coordinates": [
          -8.239830294287893,
          43.524029972263946
        ]
      },
      "properties": {
        "review_id": "err-review-0058",
        "sample_review_key": "wl-pos-pos-es-pba-10165",
        "duplicate_count": "2",
        "duplicate_queues": "holdout_low_rank_positives;holdout_morphology_rescues",
        "review_priority": "P1",
        "queue": "holdout_morphology_rescues",
        "priority_order": "6",
        "review_lane": "morphology_rescue_review",
        "dataset": "holdouts",
        "final_split": "test_trasancos",
        "sample_id": "wl-pos-pos-es-pba-10165",
        "bank_id": "pos-es-pba-10165",
        "label_class": "1",
        "label_role": "positive",
        "suggested_taxonomy": "castro",
        "suggested_decision": "inspect_morphology_rescue",
        "boundary_action": "If visible, draw croa/muralla/recinto polygon; otherwise mark needs_followup.",
        "review_status": "pending",
        "review_notes": "",
        "final_taxonomy": "",
        "final_decision": "",
        "pretriage_order": "",
        "pretriage_group": "morphology_rescue",
        "pretriage_decision": "morphology_boundary_review",
        "pretriage_confidence": "medium_morphology_signal_boundary_needed",
        "training_use_after_review": "positive_candidate_after_boundary_review",
        "do_not_use_as": "new_discovery_claim_without_review",
        "visual_reading": "Morphology channel raises the point; inspect whether slope/LRM expresses a real enclosure or only terrain edge.",
        "name": "Monte do Castro/Castro de Vilela",
        "municipality": "Ferrol",
        "parish": "Mandiá (Santa Uxía)",
        "country": "ES",
        "fusion_probability": "0.11178112",
        "fusion_rank": "172",
        "max_safety_rank": "123",
        "archetype_only_rank": "99",
        "specialist_probability": "0.23111581",
        "specialist_rank": "103",
        "specialist_mean_rank": "127",
        "rank_delta_fusion_to_max": "49",
        "negative_type": "",
        "morphology_proxy": "hilltop_hint",
        "visual_sheet": "reports/figures/weak_label_error_review_v1/holdout-morphology-rescues.png",
        "review_reason": "Known positive moved upward by max_safety; inspect morphology archetype missed by the main model."
      }
    },
    {
      "type": "Feature",
      "geometry": {
        "type": "Point",
        "coordinates": [
          -8.14047244366622,
          43.52154202964775
        ]
      },
      "properties": {
        "review_id": "err-review-0059",
        "sample_review_key": "wl-pos-pos-es-pba-14488",
        "duplicate_count": "2",
        "duplicate_queues": "holdout_low_rank_positives;holdout_morphology_rescues",
        "review_priority": "P1",
        "queue": "holdout_morphology_rescues",
        "priority_order": "7",
        "review_lane": "morphology_rescue_review",
        "dataset": "holdouts",
        "final_split": "test_trasancos",
        "sample_id": "wl-pos-pos-es-pba-14488",
        "bank_id": "pos-es-pba-14488",
        "label_class": "1",
        "label_role": "positive",
        "suggested_taxonomy": "castro",
        "suggested_decision": "inspect_morphology_rescue",
        "boundary_action": "If visible, draw croa/muralla/recinto polygon; otherwise mark needs_followup.",
        "review_status": "pending",
        "review_notes": "",
        "final_taxonomy": "",
        "final_decision": "",
        "pretriage_order": "",
        "pretriage_group": "morphology_rescue",
        "pretriage_decision": "morphology_boundary_review",
        "pretriage_confidence": "medium_morphology_signal_boundary_needed",
        "training_use_after_review": "positive_candidate_after_boundary_review",
        "do_not_use_as": "new_discovery_claim_without_review",
        "visual_reading": "Morphology channel raises the point; inspect whether slope/LRM expresses a real enclosure or only terrain edge.",
        "name": "Castro de Ancos",
        "municipality": "Neda",
        "parish": "Santa María de Neda (Santa María)",
        "country": "ES",
        "fusion_probability": "0.26730012",
        "fusion_rank": "94",
        "max_safety_rank": "53",
        "archetype_only_rank": "28",
        "specialist_probability": "0.44184615",
        "specialist_rank": "67",
        "specialist_mean_rank": "78",
        "rank_delta_fusion_to_max": "41",
        "negative_type": "",
        "morphology_proxy": "generic_castro_hint",
        "visual_sheet": "reports/figures/weak_label_error_review_v1/holdout-morphology-rescues.png",
        "review_reason": "Known positive moved upward by max_safety; inspect morphology archetype missed by the main model."
      }
    },
    {
      "type": "Feature",
      "geometry": {
        "type": "Point",
        "coordinates": [
          -8.08589185535877,
          43.637237042304854
        ]
      },
      "properties": {
        "review_id": "err-review-0060",
        "sample_review_key": "wl-pos-pos-es-pba-24712",
        "duplicate_count": "1",
        "duplicate_queues": "holdout_morphology_rescues",
        "review_priority": "P1",
        "queue": "holdout_morphology_rescues",
        "priority_order": "8",
        "review_lane": "morphology_rescue_review",
        "dataset": "holdouts",
        "final_split": "test_trasancos",
        "sample_id": "wl-pos-pos-es-pba-24712",
        "bank_id": "pos-es-pba-24712",
        "label_class": "1",
        "label_role": "positive",
        "suggested_taxonomy": "castro",
        "suggested_decision": "inspect_morphology_rescue",
        "boundary_action": "If visible, draw croa/muralla/recinto polygon; otherwise mark needs_followup.",
        "review_status": "pending",
        "review_notes": "",
        "final_taxonomy": "",
        "final_decision": "",
        "pretriage_order": "",
        "pretriage_group": "morphology_rescue",
        "pretriage_decision": "morphology_boundary_review",
        "pretriage_confidence": "medium_morphology_signal_boundary_needed",
        "training_use_after_review": "positive_candidate_after_boundary_review",
        "do_not_use_as": "new_discovery_claim_without_review",
        "visual_reading": "Morphology channel raises the point; inspect whether slope/LRM expresses a real enclosure or only terrain edge.",
        "name": "Castro de Vilarrube/Os Castros de Ferreirías",
        "municipality": "Valdoviño",
        "parish": "Pantín (Santiago)",
        "country": "ES",
        "fusion_probability": "0.67035158",
        "fusion_rank": "31",
        "max_safety_rank": "7",
        "archetype_only_rank": "7",
        "specialist_probability": "0.86479728",
        "specialist_rank": "32",
        "specialist_mean_rank": "28",
        "rank_delta_fusion_to_max": "24",
        "negative_type": "",
        "morphology_proxy": "generic_castro_hint",
        "visual_sheet": "reports/figures/weak_label_error_review_v1/holdout-morphology-rescues.png",
        "review_reason": "Known positive moved upward by max_safety; inspect morphology archetype missed by the main model."
      }
    },
    {
      "type": "Feature",
      "geometry": {
        "type": "Point",
        "coordinates": [
          -8.149740461365019,
          43.50786201500216
        ]
      },
      "properties": {
        "review_id": "err-review-0061",
        "sample_review_key": "wl-pos-pos-es-pba-14519",
        "duplicate_count": "1",
        "duplicate_queues": "holdout_morphology_rescues",
        "review_priority": "P1",
        "queue": "holdout_morphology_rescues",
        "priority_order": "9",
        "review_lane": "morphology_rescue_review",
        "dataset": "holdouts",
        "final_split": "test_trasancos",
        "sample_id": "wl-pos-pos-es-pba-14519",
        "bank_id": "pos-es-pba-14519",
        "label_class": "1",
        "label_role": "positive",
        "suggested_taxonomy": "castro",
        "suggested_decision": "inspect_morphology_rescue",
        "boundary_action": "If visible, draw croa/muralla/recinto polygon; otherwise mark needs_followup.",
        "review_status": "pending",
        "review_notes": "",
        "final_taxonomy": "",
        "final_decision": "",
        "pretriage_order": "",
        "pretriage_group": "morphology_rescue",
        "pretriage_decision": "morphology_boundary_review",
        "pretriage_confidence": "medium_morphology_signal_boundary_needed",
        "training_use_after_review": "positive_candidate_after_boundary_review",
        "do_not_use_as": "new_discovery_claim_without_review",
        "visual_reading": "Morphology channel raises the point; inspect whether slope/LRM expresses a real enclosure or only terrain edge.",
        "name": "Castros",
        "municipality": "Neda",
        "parish": "Santa María de Neda (Santa María)",
        "country": "ES",
        "fusion_probability": "0.85008031",
        "fusion_rank": "15",
        "max_safety_rank": "5",
        "archetype_only_rank": "5",
        "specialist_probability": "0.91474445",
        "specialist_rank": "26",
        "specialist_mean_rank": "14",
        "rank_delta_fusion_to_max": "10",
        "negative_type": "",
        "morphology_proxy": "generic_castro_hint",
        "visual_sheet": "reports/figures/weak_label_error_review_v1/holdout-morphology-rescues.png",
        "review_reason": "Known positive moved upward by max_safety; inspect morphology archetype missed by the main model."
      }
    },
    {
      "type": "Feature",
      "geometry": {
        "type": "Point",
        "coordinates": [
          -8.119373302895987,
          43.63140985564435
        ]
      },
      "properties": {
        "review_id": "err-review-0062",
        "sample_review_key": "wl-pos-pos-es-pba-24705",
        "duplicate_count": "2",
        "duplicate_queues": "holdout_low_rank_positives;holdout_morphology_rescues",
        "review_priority": "P1",
        "queue": "holdout_morphology_rescues",
        "priority_order": "10",
        "review_lane": "morphology_rescue_review",
        "dataset": "holdouts",
        "final_split": "test_trasancos",
        "sample_id": "wl-pos-pos-es-pba-24705",
        "bank_id": "pos-es-pba-24705",
        "label_class": "1",
        "label_role": "positive",
        "suggested_taxonomy": "castro",
        "suggested_decision": "inspect_morphology_rescue",
        "boundary_action": "If visible, draw croa/muralla/recinto polygon; otherwise mark needs_followup.",
        "review_status": "pending",
        "review_notes": "",
        "final_taxonomy": "",
        "final_decision": "",
        "pretriage_order": "",
        "pretriage_group": "morphology_rescue",
        "pretriage_decision": "morphology_boundary_review",
        "pretriage_confidence": "medium_morphology_signal_boundary_needed",
        "training_use_after_review": "positive_candidate_after_boundary_review",
        "do_not_use_as": "new_discovery_claim_without_review",
        "visual_reading": "Morphology channel raises the point; inspect whether slope/LRM expresses a real enclosure or only terrain edge.",
        "name": "Castro de Lagoa",
        "municipality": "Valdoviño",
        "parish": "Pantín (Santiago)",
        "country": "ES",
        "fusion_probability": "0.40149863",
        "fusion_rank": "61",
        "max_safety_rank": "58",
        "archetype_only_rank": "35",
        "specialist_probability": "0.53382290",
        "specialist_rank": "56",
        "specialist_mean_rank": "57",
        "rank_delta_fusion_to_max": "3",
        "negative_type": "",
        "morphology_proxy": "generic_castro_hint",
        "visual_sheet": "reports/figures/weak_label_error_review_v1/holdout-morphology-rescues.png",
        "review_reason": "Known positive moved upward by max_safety; inspect morphology archetype missed by the main model."
      }
    },
    {
      "type": "Feature",
      "geometry": {
        "type": "Point",
        "coordinates": [
          -7.015414525821192,
          43.13988676353711
        ]
      },
      "properties": {
        "review_id": "err-review-0063",
        "sample_review_key": "wl-pos-pos-es-pba-30789",
        "duplicate_count": "2",
        "duplicate_queues": "val_low_rank_weak_positives;val_morphology_rescues",
        "review_priority": "P1",
        "queue": "val_low_rank_weak_positives",
        "priority_order": "1",
        "review_lane": "morphology_rescue_review",
        "dataset": "val",
        "final_split": "val",
        "sample_id": "wl-pos-pos-es-pba-30789",
        "bank_id": "pos-es-pba-30789",
        "label_class": "1",
        "label_role": "positive",
        "suggested_taxonomy": "castro",
        "suggested_decision": "inspect_morphology_rescue",
        "boundary_action": "If visible, draw croa/muralla/recinto polygon; otherwise mark needs_followup.",
        "review_status": "pending",
        "review_notes": "",
        "final_taxonomy": "",
        "final_decision": "",
        "pretriage_order": "",
        "pretriage_group": "morphology_rescue",
        "pretriage_decision": "morphology_boundary_review",
        "pretriage_confidence": "medium_morphology_signal_boundary_needed",
        "training_use_after_review": "positive_candidate_after_boundary_review",
        "do_not_use_as": "new_discovery_claim_without_review",
        "visual_reading": "Morphology channel raises the point; inspect whether slope/LRM expresses a real enclosure or only terrain edge.",
        "name": "Castro de Vilarín de Arriba",
        "municipality": "A Fonsagrada",
        "parish": "San Martín de Suarna (San Martín)",
        "country": "ES",
        "fusion_probability": "0.01282522",
        "fusion_rank": "1843",
        "max_safety_rank": "33",
        "archetype_only_rank": "29",
        "specialist_probability": "0.07845831",
        "specialist_rank": "1518",
        "specialist_mean_rank": "1747",
        "rank_delta_fusion_to_max": "1810",
        "negative_type": "",
        "morphology_proxy": "generic_castro_hint",
        "visual_sheet": "reports/figures/weak_label_error_review_v1/val-low-rank-weak-positives.png",
        "review_reason": "Weak positive ranked low on validation; inspect label noise, morphology and imagery quality."
      }
    },
    {
      "type": "Feature",
      "geometry": {
        "type": "Point",
        "coordinates": [
          -7.7000687773603875,
          43.66571995489202
        ]
      },
      "properties": {
        "review_id": "err-review-0064",
        "sample_review_key": "wl-pos-pos-es-pba-12801",
        "duplicate_count": "2",
        "duplicate_queues": "val_low_rank_weak_positives;val_morphology_rescues",
        "review_priority": "P1",
        "queue": "val_low_rank_weak_positives",
        "priority_order": "2",
        "review_lane": "morphology_rescue_review",
        "dataset": "val",
        "final_split": "val",
        "sample_id": "wl-pos-pos-es-pba-12801",
        "bank_id": "pos-es-pba-12801",
        "label_class": "1",
        "label_role": "positive",
        "suggested_taxonomy": "castro",
        "suggested_decision": "inspect_morphology_rescue",
        "boundary_action": "If visible, draw croa/muralla/recinto polygon; otherwise mark needs_followup.",
        "review_status": "pending",
        "review_notes": "",
        "final_taxonomy": "",
        "final_decision": "",
        "pretriage_order": "",
        "pretriage_group": "morphology_rescue",
        "pretriage_decision": "morphology_boundary_review",
        "pretriage_confidence": "medium_morphology_signal_boundary_needed",
        "training_use_after_review": "positive_candidate_after_boundary_review",
        "do_not_use_as": "new_discovery_claim_without_review",
        "visual_reading": "Morphology channel raises the point; inspect whether slope/LRM expresses a real enclosure or only terrain edge.",
        "name": "Castro",
        "municipality": "Mañón",
        "parish": "",
        "country": "ES",
        "fusion_probability": "0.01470064",
        "fusion_rank": "1842",
        "max_safety_rank": "68",
        "archetype_only_rank": "53",
        "specialist_probability": "0.15178585",
        "specialist_rank": "1197",
        "specialist_mean_rank": "1587",
        "rank_delta_fusion_to_max": "1774",
        "negative_type": "",
        "morphology_proxy": "generic_castro_hint",
        "visual_sheet": "reports/figures/weak_label_error_review_v1/val-low-rank-weak-positives.png",
        "review_reason": "Weak positive ranked low on validation; inspect label noise, morphology and imagery quality."
      }
    },
    {
      "type": "Feature",
      "geometry": {
        "type": "Point",
        "coordinates": [
          -7.125881702664306,
          43.022003717529316
        ]
      },
      "properties": {
        "review_id": "err-review-0065",
        "sample_review_key": "wl-pos-pos-es-pba-29137",
        "duplicate_count": "2",
        "duplicate_queues": "val_low_rank_weak_positives;val_morphology_rescues",
        "review_priority": "P1",
        "queue": "val_low_rank_weak_positives",
        "priority_order": "3",
        "review_lane": "morphology_rescue_review",
        "dataset": "val",
        "final_split": "val",
        "sample_id": "wl-pos-pos-es-pba-29137",
        "bank_id": "pos-es-pba-29137",
        "label_class": "1",
        "label_role": "positive",
        "suggested_taxonomy": "castro",
        "suggested_decision": "inspect_morphology_rescue",
        "boundary_action": "If visible, draw croa/muralla/recinto polygon; otherwise mark needs_followup.",
        "review_status": "pending",
        "review_notes": "",
        "final_taxonomy": "",
        "final_decision": "",
        "pretriage_order": "",
        "pretriage_group": "morphology_rescue",
        "pretriage_decision": "morphology_boundary_review",
        "pretriage_confidence": "medium_morphology_signal_boundary_needed",
        "training_use_after_review": "positive_candidate_after_boundary_review",
        "do_not_use_as": "new_discovery_claim_without_review",
        "visual_reading": "Morphology channel raises the point; inspect whether slope/LRM expresses a real enclosure or only terrain edge.",
        "name": "A Croa de Aguiar",
        "municipality": "A Fonsagrada",
        "parish": "San Pedro de Río (San Pedro)",
        "country": "ES",
        "fusion_probability": "0.01521199",
        "fusion_rank": "1841",
        "max_safety_rank": "52",
        "archetype_only_rank": "45",
        "specialist_probability": "0.06580545",
        "specialist_rank": "1590",
        "specialist_mean_rank": "1760",
        "rank_delta_fusion_to_max": "1789",
        "negative_type": "",
        "morphology_proxy": "croa_top_ring_hint",
        "visual_sheet": "reports/figures/weak_label_error_review_v1/val-low-rank-weak-positives.png",
        "review_reason": "Weak positive ranked low on validation; inspect label noise, morphology and imagery quality."
      }
    },
    {
      "type": "Feature",
      "geometry": {
        "type": "Point",
        "coordinates": [
          -8.498408357336032,
          42.555050382391805
        ]
      },
      "properties": {
        "review_id": "err-review-0066",
        "sample_review_key": "wl-pos-pos-es-pba-63859",
        "duplicate_count": "2",
        "duplicate_queues": "val_low_rank_weak_positives;val_morphology_rescues",
        "review_priority": "P1",
        "queue": "val_low_rank_weak_positives",
        "priority_order": "4",
        "review_lane": "morphology_rescue_review",
        "dataset": "val",
        "final_split": "val",
        "sample_id": "wl-pos-pos-es-pba-63859",
        "bank_id": "pos-es-pba-63859",
        "label_class": "1",
        "label_role": "positive",
        "suggested_taxonomy": "castro",
        "suggested_decision": "inspect_morphology_rescue",
        "boundary_action": "If visible, draw croa/muralla/recinto polygon; otherwise mark needs_followup.",
        "review_status": "pending",
        "review_notes": "",
        "final_taxonomy": "",
        "final_decision": "",
        "pretriage_order": "",
        "pretriage_group": "morphology_rescue",
        "pretriage_decision": "morphology_boundary_review",
        "pretriage_confidence": "medium_morphology_signal_boundary_needed",
        "training_use_after_review": "positive_candidate_after_boundary_review",
        "do_not_use_as": "new_discovery_claim_without_review",
        "visual_reading": "Morphology channel raises the point; inspect whether slope/LRM expresses a real enclosure or only terrain edge.",
        "name": "Casa do Castro",
        "municipality": "Campo Lameiro",
        "parish": "Morillas (Santiago)",
        "country": "ES",
        "fusion_probability": "0.02670907",
        "fusion_rank": "1825",
        "max_safety_rank": "1613",
        "archetype_only_rank": "1269",
        "specialist_probability": "0.03113617",
        "specialist_rank": "1770",
        "specialist_mean_rank": "1815",
        "rank_delta_fusion_to_max": "212",
        "negative_type": "",
        "morphology_proxy": "generic_castro_hint",
        "visual_sheet": "reports/figures/weak_label_error_review_v1/val-low-rank-weak-positives.png",
        "review_reason": "Weak positive ranked low on validation; inspect label noise, morphology and imagery quality."
      }
    },
    {
      "type": "Feature",
      "geometry": {
        "type": "Point",
        "coordinates": [
          -8.873630702842346,
          42.04729664956693
        ]
      },
      "properties": {
        "review_id": "err-review-0067",
        "sample_review_key": "wl-pos-pos-es-pba-69292",
        "duplicate_count": "2",
        "duplicate_queues": "val_low_rank_weak_positives;val_morphology_rescues",
        "review_priority": "P1",
        "queue": "val_low_rank_weak_positives",
        "priority_order": "5",
        "review_lane": "morphology_rescue_review",
        "dataset": "val",
        "final_split": "val",
        "sample_id": "wl-pos-pos-es-pba-69292",
        "bank_id": "pos-es-pba-69292",
        "label_class": "1",
        "label_role": "positive",
        "suggested_taxonomy": "castro",
        "suggested_decision": "inspect_morphology_rescue",
        "boundary_action": "If visible, draw croa/muralla/recinto polygon; otherwise mark needs_followup.",
        "review_status": "pending",
        "review_notes": "",
        "final_taxonomy": "",
        "final_decision": "",
        "pretriage_order": "",
        "pretriage_group": "morphology_rescue",
        "pretriage_decision": "morphology_boundary_review",
        "pretriage_confidence": "medium_morphology_signal_boundary_needed",
        "training_use_after_review": "positive_candidate_after_boundary_review",
        "do_not_use_as": "new_discovery_claim_without_review",
        "visual_reading": "Morphology channel raises the point; inspect whether slope/LRM expresses a real enclosure or only terrain edge.",
        "name": "Castro de Mougás/O Crasto",
        "municipality": "Oia",
        "parish": "Mougás (Santa Uxía)",
        "country": "ES",
        "fusion_probability": "0.04772812",
        "fusion_rank": "1763",
        "max_safety_rank": "1310",
        "archetype_only_rank": "936",
        "specialist_probability": "0.04119979",
        "specialist_rank": "1722",
        "specialist_mean_rank": "1750",
        "rank_delta_fusion_to_max": "453",
        "negative_type": "",
        "morphology_proxy": "generic_castro_hint",
        "visual_sheet": "reports/figures/weak_label_error_review_v1/val-low-rank-weak-positives.png",
        "review_reason": "Weak positive ranked low on validation; inspect label noise, morphology and imagery quality."
      }
    },
    {
      "type": "Feature",
      "geometry": {
        "type": "Point",
        "coordinates": [
          -8.876937344097318,
          42.02372556074861
        ]
      },
      "properties": {
        "review_id": "err-review-0068",
        "sample_review_key": "wl-pos-pos-es-pba-68699",
        "duplicate_count": "2",
        "duplicate_queues": "val_low_rank_weak_positives;val_morphology_rescues",
        "review_priority": "P1",
        "queue": "val_low_rank_weak_positives",
        "priority_order": "7",
        "review_lane": "morphology_rescue_review",
        "dataset": "val",
        "final_split": "val",
        "sample_id": "wl-pos-pos-es-pba-68699",
        "bank_id": "pos-es-pba-68699",
        "label_class": "1",
        "label_role": "positive",
        "suggested_taxonomy": "castro",
        "suggested_decision": "inspect_morphology_rescue",
        "boundary_action": "If visible, draw croa/muralla/recinto polygon; otherwise mark needs_followup.",
        "review_status": "pending",
        "review_notes": "",
        "final_taxonomy": "",
        "final_decision": "",
        "pretriage_order": "",
        "pretriage_group": "morphology_rescue",
        "pretriage_decision": "morphology_boundary_review",
        "pretriage_confidence": "medium_morphology_signal_boundary_needed",
        "training_use_after_review": "positive_candidate_after_boundary_review",
        "do_not_use_as": "new_discovery_claim_without_review",
        "visual_reading": "Morphology channel raises the point; inspect whether slope/LRM expresses a real enclosure or only terrain edge.",
        "name": "O Castro",
        "municipality": "Oia",
        "parish": "Pedornes (San Mamede)",
        "country": "ES",
        "fusion_probability": "0.06670480",
        "fusion_rank": "1671",
        "max_safety_rank": "686",
        "archetype_only_rank": "502",
        "specialist_probability": "0.10886848",
        "specialist_rank": "1366",
        "specialist_mean_rank": "1565",
        "rank_delta_fusion_to_max": "985",
        "negative_type": "",
        "morphology_proxy": "generic_castro_hint",
        "visual_sheet": "reports/figures/weak_label_error_review_v1/val-low-rank-weak-positives.png",
        "review_reason": "Weak positive ranked low on validation; inspect label noise, morphology and imagery quality."
      }
    },
    {
      "type": "Feature",
      "geometry": {
        "type": "Point",
        "coordinates": [
          -8.562686598016521,
          42.14309059603565
        ]
      },
      "properties": {
        "review_id": "err-review-0069",
        "sample_review_key": "wl-pos-pos-es-pba-70807",
        "duplicate_count": "2",
        "duplicate_queues": "val_low_rank_weak_positives;val_morphology_rescues",
        "review_priority": "P1",
        "queue": "val_low_rank_weak_positives",
        "priority_order": "8",
        "review_lane": "morphology_rescue_review",
        "dataset": "val",
        "final_split": "val",
        "sample_id": "wl-pos-pos-es-pba-70807",
        "bank_id": "pos-es-pba-70807",
        "label_class": "1",
        "label_role": "positive",
        "suggested_taxonomy": "castro",
        "suggested_decision": "inspect_morphology_rescue",
        "boundary_action": "If visible, draw croa/muralla/recinto polygon; otherwise mark needs_followup.",
        "review_status": "pending",
        "review_notes": "",
        "final_taxonomy": "",
        "final_decision": "",
        "pretriage_order": "",
        "pretriage_group": "morphology_rescue",
        "pretriage_decision": "morphology_boundary_review",
        "pretriage_confidence": "medium_morphology_signal_boundary_needed",
        "training_use_after_review": "positive_candidate_after_boundary_review",
        "do_not_use_as": "new_discovery_claim_without_review",
        "visual_reading": "Morphology channel raises the point; inspect whether slope/LRM expresses a real enclosure or only terrain edge.",
        "name": "Castro do Alto de San Cibrán",
        "municipality": "Salceda de Caselas",
        "parish": "A Picoña (San Martiño)",
        "country": "ES",
        "fusion_probability": "0.07422824",
        "fusion_rank": "1636",
        "max_safety_rank": "262",
        "archetype_only_rank": "210",
        "specialist_probability": "0.21222451",
        "specialist_rank": "995",
        "specialist_mean_rank": "1324",
        "rank_delta_fusion_to_max": "1374",
        "negative_type": "",
        "morphology_proxy": "hilltop_hint",
        "visual_sheet": "reports/figures/weak_label_error_review_v1/val-low-rank-weak-positives.png",
        "review_reason": "Weak positive ranked low on validation; inspect label noise, morphology and imagery quality."
      }
    },
    {
      "type": "Feature",
      "geometry": {
        "type": "Point",
        "coordinates": [
          -8.870525020034952,
          42.00168284674323
        ]
      },
      "properties": {
        "review_id": "err-review-0070",
        "sample_review_key": "wl-pos-pos-es-pba-69293",
        "duplicate_count": "2",
        "duplicate_queues": "val_low_rank_weak_positives;val_morphology_rescues",
        "review_priority": "P1",
        "queue": "val_low_rank_weak_positives",
        "priority_order": "9",
        "review_lane": "morphology_rescue_review",
        "dataset": "val",
        "final_split": "val",
        "sample_id": "wl-pos-pos-es-pba-69293",
        "bank_id": "pos-es-pba-69293",
        "label_class": "1",
        "label_role": "positive",
        "suggested_taxonomy": "castro",
        "suggested_decision": "inspect_morphology_rescue",
        "boundary_action": "If visible, draw croa/muralla/recinto polygon; otherwise mark needs_followup.",
        "review_status": "pending",
        "review_notes": "",
        "final_taxonomy": "",
        "final_decision": "",
        "pretriage_order": "",
        "pretriage_group": "morphology_rescue",
        "pretriage_decision": "morphology_boundary_review",
        "pretriage_confidence": "medium_morphology_signal_boundary_needed",
        "training_use_after_review": "positive_candidate_after_boundary_review",
        "do_not_use_as": "new_discovery_claim_without_review",
        "visual_reading": "Morphology channel raises the point; inspect whether slope/LRM expresses a real enclosure or only terrain edge.",
        "name": "Castro do Bosque",
        "municipality": "Oia",
        "parish": "Oia (Santa María)",
        "country": "ES",
        "fusion_probability": "0.08240084",
        "fusion_rank": "1595",
        "max_safety_rank": "477",
        "archetype_only_rank": "366",
        "specialist_probability": "0.08242945",
        "specialist_rank": "1501",
        "specialist_mean_rank": "1589",
        "rank_delta_fusion_to_max": "1118",
        "negative_type": "",
        "morphology_proxy": "generic_castro_hint",
        "visual_sheet": "reports/figures/weak_label_error_review_v1/val-low-rank-weak-positives.png",
        "review_reason": "Weak positive ranked low on validation; inspect label noise, morphology and imagery quality."
      }
    },
    {
      "type": "Feature",
      "geometry": {
        "type": "Point",
        "coordinates": [
          -8.875610947222055,
          42.01591313556622
        ]
      },
      "properties": {
        "review_id": "err-review-0071",
        "sample_review_key": "wl-pos-pos-es-pba-68624",
        "duplicate_count": "2",
        "duplicate_queues": "val_low_rank_weak_positives;val_morphology_rescues",
        "review_priority": "P1",
        "queue": "val_low_rank_weak_positives",
        "priority_order": "10",
        "review_lane": "morphology_rescue_review",
        "dataset": "val",
        "final_split": "val",
        "sample_id": "wl-pos-pos-es-pba-68624",
        "bank_id": "pos-es-pba-68624",
        "label_class": "1",
        "label_role": "positive",
        "suggested_taxonomy": "castro",
        "suggested_decision": "inspect_morphology_rescue",
        "boundary_action": "If visible, draw croa/muralla/recinto polygon; otherwise mark needs_followup.",
        "review_status": "pending",
        "review_notes": "",
        "final_taxonomy": "",
        "final_decision": "",
        "pretriage_order": "",
        "pretriage_group": "morphology_rescue",
        "pretriage_decision": "morphology_boundary_review",
        "pretriage_confidence": "medium_morphology_signal_boundary_needed",
        "training_use_after_review": "positive_candidate_after_boundary_review",
        "do_not_use_as": "new_discovery_claim_without_review",
        "visual_reading": "Morphology channel raises the point; inspect whether slope/LRM expresses a real enclosure or only terrain edge.",
        "name": "Monte do Castro",
        "municipality": "Oia",
        "parish": "Pedornes (San Mamede)",
        "country": "ES",
        "fusion_probability": "0.08283888",
        "fusion_rank": "1594",
        "max_safety_rank": "923",
        "archetype_only_rank": "655",
        "specialist_probability": "0.09781262",
        "specialist_rank": "1430",
        "specialist_mean_rank": "1553",
        "rank_delta_fusion_to_max": "671",
        "negative_type": "",
        "morphology_proxy": "hilltop_hint",
        "visual_sheet": "reports/figures/weak_label_error_review_v1/val-low-rank-weak-positives.png",
        "review_reason": "Weak positive ranked low on validation; inspect label noise, morphology and imagery quality."
      }
    },
    {
      "type": "Feature",
      "geometry": {
        "type": "Point",
        "coordinates": [
          -8.130357357032018,
          42.32512330754117
        ]
      },
      "properties": {
        "review_id": "err-review-0072",
        "sample_review_key": "wl-pos-pos-es-pba-46139",
        "duplicate_count": "2",
        "duplicate_queues": "val_low_rank_weak_positives;val_morphology_rescues",
        "review_priority": "P1",
        "queue": "val_low_rank_weak_positives",
        "priority_order": "11",
        "review_lane": "morphology_rescue_review",
        "dataset": "val",
        "final_split": "val",
        "sample_id": "wl-pos-pos-es-pba-46139",
        "bank_id": "pos-es-pba-46139",
        "label_class": "1",
        "label_role": "positive",
        "suggested_taxonomy": "castro",
        "suggested_decision": "inspect_morphology_rescue",
        "boundary_action": "If visible, draw croa/muralla/recinto polygon; otherwise mark needs_followup.",
        "review_status": "pending",
        "review_notes": "",
        "final_taxonomy": "",
        "final_decision": "",
        "pretriage_order": "",
        "pretriage_group": "morphology_rescue",
        "pretriage_decision": "morphology_boundary_review",
        "pretriage_confidence": "medium_morphology_signal_boundary_needed",
        "training_use_after_review": "positive_candidate_after_boundary_review",
        "do_not_use_as": "new_discovery_claim_without_review",
        "visual_reading": "Morphology channel raises the point; inspect whether slope/LRM expresses a real enclosure or only terrain edge.",
        "name": "O Castro/A Mourisca/Xacemento do Castro de Beade",
        "municipality": "Beade",
        "parish": "Beade (Santa María)",
        "country": "ES",
        "fusion_probability": "0.08679289",
        "fusion_rank": "1581",
        "max_safety_rank": "428",
        "archetype_only_rank": "336",
        "specialist_probability": "0.24772671",
        "specialist_rank": "901",
        "specialist_mean_rank": "1227",
        "rank_delta_fusion_to_max": "1153",
        "negative_type": "",
        "morphology_proxy": "generic_castro_hint",
        "visual_sheet": "reports/figures/weak_label_error_review_v1/val-low-rank-weak-positives.png",
        "review_reason": "Weak positive ranked low on validation; inspect label noise, morphology and imagery quality."
      }
    },
    {
      "type": "Feature",
      "geometry": {
        "type": "Point",
        "coordinates": [
          -8.349194247384062,
          42.87484630800282
        ]
      },
      "properties": {
        "review_id": "err-review-0073",
        "sample_review_key": "wl-pos-pos-es-pba-24978",
        "duplicate_count": "1",
        "duplicate_queues": "val_low_rank_weak_positives",
        "review_priority": "P1",
        "queue": "val_low_rank_weak_positives",
        "priority_order": "12",
        "review_lane": "morphology_rescue_review",
        "dataset": "val",
        "final_split": "val",
        "sample_id": "wl-pos-pos-es-pba-24978",
        "bank_id": "pos-es-pba-24978",
        "label_class": "1",
        "label_role": "positive",
        "suggested_taxonomy": "castro",
        "suggested_decision": "inspect_morphology_rescue",
        "boundary_action": "If visible, draw croa/muralla/recinto polygon; otherwise mark needs_followup.",
        "review_status": "pending",
        "review_notes": "",
        "final_taxonomy": "",
        "final_decision": "",
        "pretriage_order": "",
        "pretriage_group": "morphology_rescue",
        "pretriage_decision": "morphology_boundary_review",
        "pretriage_confidence": "medium_morphology_signal_boundary_needed",
        "training_use_after_review": "positive_candidate_after_boundary_review",
        "do_not_use_as": "new_discovery_claim_without_review",
        "visual_reading": "Morphology channel raises the point; inspect whether slope/LRM expresses a real enclosure or only terrain edge.",
        "name": "Castro da Copa",
        "municipality": "Touro",
        "parish": "Loxo (Santa María)",
        "country": "ES",
        "fusion_probability": "0.09063513",
        "fusion_rank": "1563",
        "max_safety_rank": "1503",
        "archetype_only_rank": "1127",
        "specialist_probability": "0.09148301",
        "specialist_rank": "1458",
        "specialist_mean_rank": "1551",
        "rank_delta_fusion_to_max": "60",
        "negative_type": "",
        "morphology_proxy": "generic_castro_hint",
        "visual_sheet": "reports/figures/weak_label_error_review_v1/val-low-rank-weak-positives.png",
        "review_reason": "Weak positive ranked low on validation; inspect label noise, morphology and imagery quality."
      }
    },
    {
      "type": "Feature",
      "geometry": {
        "type": "Point",
        "coordinates": [
          -7.073537835454599,
          42.1504903481179
        ]
      },
      "properties": {
        "review_id": "err-review-0074",
        "sample_review_key": "wl-pos-pos-es-pba-58769",
        "duplicate_count": "2",
        "duplicate_queues": "val_low_rank_weak_positives;val_morphology_rescues",
        "review_priority": "P1",
        "queue": "val_low_rank_weak_positives",
        "priority_order": "13",
        "review_lane": "morphology_rescue_review",
        "dataset": "val",
        "final_split": "val",
        "sample_id": "wl-pos-pos-es-pba-58769",
        "bank_id": "pos-es-pba-58769",
        "label_class": "1",
        "label_role": "positive",
        "suggested_taxonomy": "castro",
        "suggested_decision": "inspect_morphology_rescue",
        "boundary_action": "If visible, draw croa/muralla/recinto polygon; otherwise mark needs_followup.",
        "review_status": "pending",
        "review_notes": "",
        "final_taxonomy": "",
        "final_decision": "",
        "pretriage_order": "",
        "pretriage_group": "morphology_rescue",
        "pretriage_decision": "morphology_boundary_review",
        "pretriage_confidence": "medium_morphology_signal_boundary_needed",
        "training_use_after_review": "positive_candidate_after_boundary_review",
        "do_not_use_as": "new_discovery_claim_without_review",
        "visual_reading": "Morphology channel raises the point; inspect whether slope/LRM expresses a real enclosure or only terrain edge.",
        "name": "Castro do Castelo",
        "municipality": "Viana do Bolo",
        "parish": "Quintela de Umoso (Padre Eterno)",
        "country": "ES",
        "fusion_probability": "0.09505612",
        "fusion_rank": "1545",
        "max_safety_rank": "111",
        "archetype_only_rank": "89",
        "specialist_probability": "0.29588960",
        "specialist_rank": "795",
        "specialist_mean_rank": "1128",
        "rank_delta_fusion_to_max": "1434",
        "negative_type": "",
        "morphology_proxy": "generic_castro_hint",
        "visual_sheet": "",
        "review_reason": "Weak positive ranked low on validation; inspect label noise, morphology and imagery quality."
      }
    },
    {
      "type": "Feature",
      "geometry": {
        "type": "Point",
        "coordinates": [
          -7.0662139779726845,
          42.217181531255015
        ]
      },
      "properties": {
        "review_id": "err-review-0075",
        "sample_review_key": "wl-pos-pos-es-pba-58802",
        "duplicate_count": "2",
        "duplicate_queues": "val_low_rank_weak_positives;val_morphology_rescues",
        "review_priority": "P1",
        "queue": "val_low_rank_weak_positives",
        "priority_order": "15",
        "review_lane": "morphology_rescue_review",
        "dataset": "val",
        "final_split": "val",
        "sample_id": "wl-pos-pos-es-pba-58802",
        "bank_id": "pos-es-pba-58802",
        "label_class": "1",
        "label_role": "positive",
        "suggested_taxonomy": "castro",
        "suggested_decision": "inspect_morphology_rescue",
        "boundary_action": "If visible, draw croa/muralla/recinto polygon; otherwise mark needs_followup.",
        "review_status": "pending",
        "review_notes": "",
        "final_taxonomy": "",
        "final_decision": "",
        "pretriage_order": "",
        "pretriage_group": "morphology_rescue",
        "pretriage_decision": "morphology_boundary_review",
        "pretriage_confidence": "medium_morphology_signal_boundary_needed",
        "training_use_after_review": "positive_candidate_after_boundary_review",
        "do_not_use_as": "new_discovery_claim_without_review",
        "visual_reading": "Morphology channel raises the point; inspect whether slope/LRM expresses a real enclosure or only terrain edge.",
        "name": "Castro do Coto",
        "municipality": "Viana do Bolo",
        "parish": "Tabazoa de Hedroso (Santa María)",
        "country": "ES",
        "fusion_probability": "0.12069130",
        "fusion_rank": "1447",
        "max_safety_rank": "284",
        "archetype_only_rank": "228",
        "specialist_probability": "0.21063325",
        "specialist_rank": "999",
        "specialist_mean_rank": "1233",
        "rank_delta_fusion_to_max": "1163",
        "negative_type": "",
        "morphology_proxy": "hilltop_hint",
        "visual_sheet": "",
        "review_reason": "Weak positive ranked low on validation; inspect label noise, morphology and imagery quality."
      }
    },
    {
      "type": "Feature",
      "geometry": {
        "type": "Point",
        "coordinates": [
          -7.119429153895029,
          42.22680934751982
        ]
      },
      "properties": {
        "review_id": "err-review-0076",
        "sample_review_key": "wl-pos-pos-es-pba-58765",
        "duplicate_count": "2",
        "duplicate_queues": "val_low_rank_weak_positives;val_morphology_rescues",
        "review_priority": "P1",
        "queue": "val_low_rank_weak_positives",
        "priority_order": "16",
        "review_lane": "morphology_rescue_review",
        "dataset": "val",
        "final_split": "val",
        "sample_id": "wl-pos-pos-es-pba-58765",
        "bank_id": "pos-es-pba-58765",
        "label_class": "1",
        "label_role": "positive",
        "suggested_taxonomy": "castro",
        "suggested_decision": "inspect_morphology_rescue",
        "boundary_action": "If visible, draw croa/muralla/recinto polygon; otherwise mark needs_followup.",
        "review_status": "pending",
        "review_notes": "",
        "final_taxonomy": "",
        "final_decision": "",
        "pretriage_order": "",
        "pretriage_group": "morphology_rescue",
        "pretriage_decision": "morphology_boundary_review",
        "pretriage_confidence": "medium_morphology_signal_boundary_needed",
        "training_use_after_review": "positive_candidate_after_boundary_review",
        "do_not_use_as": "new_discovery_claim_without_review",
        "visual_reading": "Morphology channel raises the point; inspect whether slope/LRM expresses a real enclosure or only terrain edge.",
        "name": "Castro da Fraga do Castrillón",
        "municipality": "Viana do Bolo",
        "parish": "Covelo (San Lourenzo)",
        "country": "ES",
        "fusion_probability": "0.13379404",
        "fusion_rank": "1400",
        "max_safety_rank": "892",
        "archetype_only_rank": "633",
        "specialist_probability": "0.34009741",
        "specialist_rank": "706",
        "specialist_mean_rank": "999",
        "rank_delta_fusion_to_max": "508",
        "negative_type": "",
        "morphology_proxy": "castrel_toponym_hint",
        "visual_sheet": "",
        "review_reason": "Weak positive ranked low on validation; inspect label noise, morphology and imagery quality."
      }
    },
    {
      "type": "Feature",
      "geometry": {
        "type": "Point",
        "coordinates": [
          -8.553165205254059,
          42.53525283476263
        ]
      },
      "properties": {
        "review_id": "err-review-0077",
        "sample_review_key": "wl-pos-pos-es-pba-63965",
        "duplicate_count": "2",
        "duplicate_queues": "val_low_rank_weak_positives;val_morphology_rescues",
        "review_priority": "P1",
        "queue": "val_low_rank_weak_positives",
        "priority_order": "17",
        "review_lane": "morphology_rescue_review",
        "dataset": "val",
        "final_split": "val",
        "sample_id": "wl-pos-pos-es-pba-63965",
        "bank_id": "pos-es-pba-63965",
        "label_class": "1",
        "label_role": "positive",
        "suggested_taxonomy": "castro",
        "suggested_decision": "inspect_morphology_rescue",
        "boundary_action": "If visible, draw croa/muralla/recinto polygon; otherwise mark needs_followup.",
        "review_status": "pending",
        "review_notes": "",
        "final_taxonomy": "",
        "final_decision": "",
        "pretriage_order": "",
        "pretriage_group": "morphology_rescue",
        "pretriage_decision": "morphology_boundary_review",
        "pretriage_confidence": "medium_morphology_signal_boundary_needed",
        "training_use_after_review": "positive_candidate_after_boundary_review",
        "do_not_use_as": "new_discovery_claim_without_review",
        "visual_reading": "Morphology channel raises the point; inspect whether slope/LRM expresses a real enclosure or only terrain edge.",
        "name": "Castro da Devesiña",
        "municipality": "Campo Lameiro",
        "parish": "O Campo (San Miguel)",
        "country": "ES",
        "fusion_probability": "0.14131656",
        "fusion_rank": "1374",
        "max_safety_rank": "994",
        "archetype_only_rank": "701",
        "specialist_probability": "0.27372529",
        "specialist_rank": "837",
        "specialist_mean_rank": "1090",
        "rank_delta_fusion_to_max": "380",
        "negative_type": "",
        "morphology_proxy": "generic_castro_hint",
        "visual_sheet": "",
        "review_reason": "Weak positive ranked low on validation; inspect label noise, morphology and imagery quality."
      }
    },
    {
      "type": "Feature",
      "geometry": {
        "type": "Point",
        "coordinates": [
          -8.130668145915354,
          42.32378210273757
        ]
      },
      "properties": {
        "review_id": "err-review-0078",
        "sample_review_key": "wl-pos-pos-es-pba-46140",
        "duplicate_count": "2",
        "duplicate_queues": "val_low_rank_weak_positives;val_morphology_rescues",
        "review_priority": "P1",
        "queue": "val_low_rank_weak_positives",
        "priority_order": "18",
        "review_lane": "morphology_rescue_review",
        "dataset": "val",
        "final_split": "val",
        "sample_id": "wl-pos-pos-es-pba-46140",
        "bank_id": "pos-es-pba-46140",
        "label_class": "1",
        "label_role": "positive",
        "suggested_taxonomy": "castro",
        "suggested_decision": "inspect_morphology_rescue",
        "boundary_action": "If visible, draw croa/muralla/recinto polygon; otherwise mark needs_followup.",
        "review_status": "pending",
        "review_notes": "",
        "final_taxonomy": "",
        "final_decision": "",
        "pretriage_order": "",
        "pretriage_group": "morphology_rescue",
        "pretriage_decision": "morphology_boundary_review",
        "pretriage_confidence": "medium_morphology_signal_boundary_needed",
        "training_use_after_review": "positive_candidate_after_boundary_review",
        "do_not_use_as": "new_discovery_claim_without_review",
        "visual_reading": "Morphology channel raises the point; inspect whether slope/LRM expresses a real enclosure or only terrain edge.",
        "name": "O Castro/Sartego antropomorfo do Castro",
        "municipality": "Beade",
        "parish": "Beade (Santa María)",
        "country": "ES",
        "fusion_probability": "0.14262395",
        "fusion_rank": "1369",
        "max_safety_rank": "1032",
        "archetype_only_rank": "724",
        "specialist_probability": "0.23937453",
        "specialist_rank": "923",
        "specialist_mean_rank": "1147",
        "rank_delta_fusion_to_max": "337",
        "negative_type": "",
        "morphology_proxy": "generic_castro_hint",
        "visual_sheet": "",
        "review_reason": "Weak positive ranked low on validation; inspect label noise, morphology and imagery quality."
      }
    },
    {
      "type": "Feature",
      "geometry": {
        "type": "Point",
        "coordinates": [
          -7.075210586502403,
          43.0653069523313
        ]
      },
      "properties": {
        "review_id": "err-review-0079",
        "sample_review_key": "wl-pos-pos-es-pba-30791",
        "duplicate_count": "2",
        "duplicate_queues": "val_low_rank_weak_positives;val_morphology_rescues",
        "review_priority": "P1",
        "queue": "val_low_rank_weak_positives",
        "priority_order": "22",
        "review_lane": "morphology_rescue_review",
        "dataset": "val",
        "final_split": "val",
        "sample_id": "wl-pos-pos-es-pba-30791",
        "bank_id": "pos-es-pba-30791",
        "label_class": "1",
        "label_role": "positive",
        "suggested_taxonomy": "castro",
        "suggested_decision": "inspect_morphology_rescue",
        "boundary_action": "If visible, draw croa/muralla/recinto polygon; otherwise mark needs_followup.",
        "review_status": "pending",
        "review_notes": "",
        "final_taxonomy": "",
        "final_decision": "",
        "pretriage_order": "",
        "pretriage_group": "morphology_rescue",
        "pretriage_decision": "morphology_boundary_review",
        "pretriage_confidence": "medium_morphology_signal_boundary_needed",
        "training_use_after_review": "positive_candidate_after_boundary_review",
        "do_not_use_as": "new_discovery_claim_without_review",
        "visual_reading": "Morphology channel raises the point; inspect whether slope/LRM expresses a real enclosure or only terrain edge.",
        "name": "Castro do Medio",
        "municipality": "A Fonsagrada",
        "parish": "Lamas de Moreira (Santa María)",
        "country": "ES",
        "fusion_probability": "0.21293360",
        "fusion_rank": "1120",
        "max_safety_rank": "41",
        "archetype_only_rank": "36",
        "specialist_probability": "0.80601749",
        "specialist_rank": "247",
        "specialist_mean_rank": "433",
        "rank_delta_fusion_to_max": "1079",
        "negative_type": "",
        "morphology_proxy": "generic_castro_hint",
        "visual_sheet": "",
        "review_reason": "Weak positive ranked low on validation; inspect label noise, morphology and imagery quality."
      }
    },
    {
      "type": "Feature",
      "geometry": {
        "type": "Point",
        "coordinates": [
          -7.083157063356173,
          42.17225861589847
        ]
      },
      "properties": {
        "review_id": "err-review-0080",
        "sample_review_key": "wl-pos-pos-es-pba-58798",
        "duplicate_count": "2",
        "duplicate_queues": "val_low_rank_weak_positives;val_morphology_rescues",
        "review_priority": "P1",
        "queue": "val_low_rank_weak_positives",
        "priority_order": "24",
        "review_lane": "morphology_rescue_review",
        "dataset": "val",
        "final_split": "val",
        "sample_id": "wl-pos-pos-es-pba-58798",
        "bank_id": "pos-es-pba-58798",
        "label_class": "1",
        "label_role": "positive",
        "suggested_taxonomy": "castro",
        "suggested_decision": "inspect_morphology_rescue",
        "boundary_action": "If visible, draw croa/muralla/recinto polygon; otherwise mark needs_followup.",
        "review_status": "pending",
        "review_notes": "",
        "final_taxonomy": "",
        "final_decision": "",
        "pretriage_order": "",
        "pretriage_group": "morphology_rescue",
        "pretriage_decision": "morphology_boundary_review",
        "pretriage_confidence": "medium_morphology_signal_boundary_needed",
        "training_use_after_review": "positive_candidate_after_boundary_review",
        "do_not_use_as": "new_discovery_claim_without_review",
        "visual_reading": "Morphology channel raises the point; inspect whether slope/LRM expresses a real enclosure or only terrain edge.",
        "name": "Castro do Castelo",
        "municipality": "Viana do Bolo",
        "parish": "Punxeiro (San Marcos)",
        "country": "ES",
        "fusion_probability": "0.22980224",
        "fusion_rank": "1063",
        "max_safety_rank": "26",
        "archetype_only_rank": "23",
        "specialist_probability": "0.72119453",
        "specialist_rank": "297",
        "specialist_mean_rank": "485",
        "rank_delta_fusion_to_max": "1037",
        "negative_type": "",
        "morphology_proxy": "generic_castro_hint",
        "visual_sheet": "",
        "review_reason": "Weak positive ranked low on validation; inspect label noise, morphology and imagery quality."
      }
    },
    {
      "type": "Feature",
      "geometry": {
        "type": "Point",
        "coordinates": [
          -8.870150879042841,
          42.0350447939914
        ]
      },
      "properties": {
        "review_id": "err-review-0081",
        "sample_review_key": "wl-pos-pos-es-pba-69291",
        "duplicate_count": "2",
        "duplicate_queues": "val_low_rank_weak_positives;val_morphology_rescues",
        "review_priority": "P1",
        "queue": "val_low_rank_weak_positives",
        "priority_order": "25",
        "review_lane": "morphology_rescue_review",
        "dataset": "val",
        "final_split": "val",
        "sample_id": "wl-pos-pos-es-pba-69291",
        "bank_id": "pos-es-pba-69291",
        "label_class": "1",
        "label_role": "positive",
        "suggested_taxonomy": "castro",
        "suggested_decision": "inspect_morphology_rescue",
        "boundary_action": "If visible, draw croa/muralla/recinto polygon; otherwise mark needs_followup.",
        "review_status": "pending",
        "review_notes": "",
        "final_taxonomy": "",
        "final_decision": "",
        "pretriage_order": "",
        "pretriage_group": "morphology_rescue",
        "pretriage_decision": "morphology_boundary_review",
        "pretriage_confidence": "medium_morphology_signal_boundary_needed",
        "training_use_after_review": "positive_candidate_after_boundary_review",
        "do_not_use_as": "new_discovery_claim_without_review",
        "visual_reading": "Morphology channel raises the point; inspect whether slope/LRM expresses a real enclosure or only terrain edge.",
        "name": "Castro de Cividade/Castro de Viladesuso",
        "municipality": "Oia",
        "parish": "Viladesuso (San Miguel)",
        "country": "ES",
        "fusion_probability": "0.23679522",
        "fusion_rank": "1044",
        "max_safety_rank": "367",
        "archetype_only_rank": "293",
        "specialist_probability": "0.34240500",
        "specialist_rank": "698",
        "specialist_mean_rank": "853",
        "rank_delta_fusion_to_max": "677",
        "negative_type": "",
        "morphology_proxy": "large_castrexo_civitas_hint",
        "visual_sheet": "",
        "review_reason": "Weak positive ranked low on validation; inspect label noise, morphology and imagery quality."
      }
    },
    {
      "type": "Feature",
      "geometry": {
        "type": "Point",
        "coordinates": [
          -8.700718705561322,
          42.50856477021922
        ]
      },
      "properties": {
        "review_id": "err-review-0082",
        "sample_review_key": "wl-pos-pos-es-pba-66779",
        "duplicate_count": "2",
        "duplicate_queues": "val_low_rank_weak_positives;val_morphology_rescues",
        "review_priority": "P1",
        "queue": "val_low_rank_weak_positives",
        "priority_order": "28",
        "review_lane": "morphology_rescue_review",
        "dataset": "val",
        "final_split": "val",
        "sample_id": "wl-pos-pos-es-pba-66779",
        "bank_id": "pos-es-pba-66779",
        "label_class": "1",
        "label_role": "positive",
        "suggested_taxonomy": "castro",
        "suggested_decision": "inspect_morphology_rescue",
        "boundary_action": "If visible, draw croa/muralla/recinto polygon; otherwise mark needs_followup.",
        "review_status": "pending",
        "review_notes": "",
        "final_taxonomy": "",
        "final_decision": "",
        "pretriage_order": "",
        "pretriage_group": "morphology_rescue",
        "pretriage_decision": "morphology_boundary_review",
        "pretriage_confidence": "medium_morphology_signal_boundary_needed",
        "training_use_after_review": "positive_candidate_after_boundary_review",
        "do_not_use_as": "new_discovery_claim_without_review",
        "visual_reading": "Morphology channel raises the point; inspect whether slope/LRM expresses a real enclosure or only terrain edge.",
        "name": "Monte do Castro de Arcos",
        "municipality": "Meis",
        "parish": "San Tomé de Nogueira (San Tom‚)",
        "country": "ES",
        "fusion_probability": "0.25122459",
        "fusion_rank": "1007",
        "max_safety_rank": "423",
        "archetype_only_rank": "332",
        "specialist_probability": "0.66256617",
        "specialist_rank": "335",
        "specialist_mean_rank": "508",
        "rank_delta_fusion_to_max": "584",
        "negative_type": "",
        "morphology_proxy": "hilltop_hint",
        "visual_sheet": "",
        "review_reason": "Weak positive ranked low on validation; inspect label noise, morphology and imagery quality."
      }
    },
    {
      "type": "Feature",
      "geometry": {
        "type": "Point",
        "coordinates": [
          -7.936333664358758,
          42.10723733350916
        ]
      },
      "properties": {
        "review_id": "err-review-0083",
        "sample_review_key": "wl-pos-pos-es-pba-59359",
        "duplicate_count": "2",
        "duplicate_queues": "val_low_rank_weak_positives;val_morphology_rescues",
        "review_priority": "P1",
        "queue": "val_low_rank_weak_positives",
        "priority_order": "29",
        "review_lane": "morphology_rescue_review",
        "dataset": "val",
        "final_split": "val",
        "sample_id": "wl-pos-pos-es-pba-59359",
        "bank_id": "pos-es-pba-59359",
        "label_class": "1",
        "label_role": "positive",
        "suggested_taxonomy": "castro",
        "suggested_decision": "inspect_morphology_rescue",
        "boundary_action": "If visible, draw croa/muralla/recinto polygon; otherwise mark needs_followup.",
        "review_status": "pending",
        "review_notes": "",
        "final_taxonomy": "",
        "final_decision": "",
        "pretriage_order": "",
        "pretriage_group": "morphology_rescue",
        "pretriage_decision": "morphology_boundary_review",
        "pretriage_confidence": "medium_morphology_signal_boundary_needed",
        "training_use_after_review": "positive_candidate_after_boundary_review",
        "do_not_use_as": "new_discovery_claim_without_review",
        "visual_reading": "Morphology channel raises the point; inspect whether slope/LRM expresses a real enclosure or only terrain edge.",
        "name": "Castro de Ourille",
        "municipality": "Verea",
        "parish": "Ourille (San Pedro)",
        "country": "ES",
        "fusion_probability": "0.25335569",
        "fusion_rank": "1000",
        "max_safety_rank": "102",
        "archetype_only_rank": "83",
        "specialist_probability": "0.54223752",
        "specialist_rank": "440",
        "specialist_mean_rank": "601",
        "rank_delta_fusion_to_max": "898",
        "negative_type": "",
        "morphology_proxy": "generic_castro_hint",
        "visual_sheet": "",
        "review_reason": "Weak positive ranked low on validation; inspect label noise, morphology and imagery quality."
      }
    },
    {
      "type": "Feature",
      "geometry": {
        "type": "Point",
        "coordinates": [
          -8.702819451305215,
          42.48248479801781
        ]
      },
      "properties": {
        "review_id": "err-review-0084",
        "sample_review_key": "wl-pos-pos-es-pba-66619",
        "duplicate_count": "2",
        "duplicate_queues": "val_low_rank_weak_positives;val_morphology_rescues",
        "review_priority": "P1",
        "queue": "val_low_rank_weak_positives",
        "priority_order": "30",
        "review_lane": "morphology_rescue_review",
        "dataset": "val",
        "final_split": "val",
        "sample_id": "wl-pos-pos-es-pba-66619",
        "bank_id": "pos-es-pba-66619",
        "label_class": "1",
        "label_role": "positive",
        "suggested_taxonomy": "castro",
        "suggested_decision": "inspect_morphology_rescue",
        "boundary_action": "If visible, draw croa/muralla/recinto polygon; otherwise mark needs_followup.",
        "review_status": "pending",
        "review_notes": "",
        "final_taxonomy": "",
        "final_decision": "",
        "pretriage_order": "",
        "pretriage_group": "morphology_rescue",
        "pretriage_decision": "morphology_boundary_review",
        "pretriage_confidence": "medium_morphology_signal_boundary_needed",
        "training_use_after_review": "positive_candidate_after_boundary_review",
        "do_not_use_as": "new_discovery_claim_without_review",
        "visual_reading": "Morphology channel raises the point; inspect whether slope/LRM expresses a real enclosure or only terrain edge.",
        "name": "Ermida e Castelo do Monte Castrove",
        "municipality": "Meis",
        "parish": "A Armenteira (Santa María)",
        "country": "ES",
        "fusion_probability": "0.25339501",
        "fusion_rank": "999",
        "max_safety_rank": "565",
        "archetype_only_rank": "426",
        "specialist_probability": "0.29259366",
        "specialist_rank": "801",
        "specialist_mean_rank": "902",
        "rank_delta_fusion_to_max": "434",
        "negative_type": "",
        "morphology_proxy": "hilltop_hint",
        "visual_sheet": "",
        "review_reason": "Weak positive ranked low on validation; inspect label noise, morphology and imagery quality."
      }
    },
    {
      "type": "Feature",
      "geometry": {
        "type": "Point",
        "coordinates": [
          -8.483543611143975,
          42.57577208588973
        ]
      },
      "properties": {
        "review_id": "err-review-0085",
        "sample_review_key": "wl-pos-pos-es-pba-63455",
        "duplicate_count": "2",
        "duplicate_queues": "val_low_rank_weak_positives;val_morphology_rescues",
        "review_priority": "P1",
        "queue": "val_low_rank_weak_positives",
        "priority_order": "33",
        "review_lane": "morphology_rescue_review",
        "dataset": "val",
        "final_split": "val",
        "sample_id": "wl-pos-pos-es-pba-63455",
        "bank_id": "pos-es-pba-63455",
        "label_class": "1",
        "label_role": "positive",
        "suggested_taxonomy": "castro",
        "suggested_decision": "inspect_morphology_rescue",
        "boundary_action": "If visible, draw croa/muralla/recinto polygon; otherwise mark needs_followup.",
        "review_status": "pending",
        "review_notes": "",
        "final_taxonomy": "",
        "final_decision": "",
        "pretriage_order": "",
        "pretriage_group": "morphology_rescue",
        "pretriage_decision": "morphology_boundary_review",
        "pretriage_confidence": "medium_morphology_signal_boundary_needed",
        "training_use_after_review": "positive_candidate_after_boundary_review",
        "do_not_use_as": "new_discovery_claim_without_review",
        "visual_reading": "Morphology channel raises the point; inspect whether slope/LRM expresses a real enclosure or only terrain edge.",
        "name": "Couto do Castro/O Castro",
        "municipality": "Campo Lameiro",
        "parish": "Moimenta (Santa María)",
        "country": "ES",
        "fusion_probability": "0.27384607",
        "fusion_rank": "943",
        "max_safety_rank": "308",
        "archetype_only_rank": "249",
        "specialist_probability": "0.47915719",
        "specialist_rank": "506",
        "specialist_mean_rank": "655",
        "rank_delta_fusion_to_max": "635",
        "negative_type": "",
        "morphology_proxy": "hilltop_hint",
        "visual_sheet": "",
        "review_reason": "Weak positive ranked low on validation; inspect label noise, morphology and imagery quality."
      }
    },
    {
      "type": "Feature",
      "geometry": {
        "type": "Point",
        "coordinates": [
          -8.536652972635391,
          42.74668291363823
        ]
      },
      "properties": {
        "review_id": "err-review-0086",
        "sample_review_key": "wl-pos-pos-es-pba-64725",
        "duplicate_count": "2",
        "duplicate_queues": "val_low_rank_weak_positives;val_morphology_rescues",
        "review_priority": "P1",
        "queue": "val_low_rank_weak_positives",
        "priority_order": "37",
        "review_lane": "morphology_rescue_review",
        "dataset": "val",
        "final_split": "val",
        "sample_id": "wl-pos-pos-es-pba-64725",
        "bank_id": "pos-es-pba-64725",
        "label_class": "1",
        "label_role": "positive",
        "suggested_taxonomy": "castro",
        "suggested_decision": "inspect_morphology_rescue",
        "boundary_action": "If visible, draw croa/muralla/recinto polygon; otherwise mark needs_followup.",
        "review_status": "pending",
        "review_notes": "",
        "final_taxonomy": "",
        "final_decision": "",
        "pretriage_order": "",
        "pretriage_group": "morphology_rescue",
        "pretriage_decision": "morphology_boundary_review",
        "pretriage_confidence": "medium_morphology_signal_boundary_needed",
        "training_use_after_review": "positive_candidate_after_boundary_review",
        "do_not_use_as": "new_discovery_claim_without_review",
        "visual_reading": "Morphology channel raises the point; inspect whether slope/LRM expresses a real enclosure or only terrain edge.",
        "name": "Castro de Vila Criste",
        "municipality": "A Estrada",
        "parish": "Cora (San Miguel)",
        "country": "ES",
        "fusion_probability": "0.29049031",
        "fusion_rank": "892",
        "max_safety_rank": "532",
        "archetype_only_rank": "402",
        "specialist_probability": "0.36450837",
        "specialist_rank": "660",
        "specialist_mean_rank": "754",
        "rank_delta_fusion_to_max": "360",
        "negative_type": "",
        "morphology_proxy": "generic_castro_hint",
        "visual_sheet": "",
        "review_reason": "Weak positive ranked low on validation; inspect label noise, morphology and imagery quality."
      }
    },
    {
      "type": "Feature",
      "geometry": {
        "type": "Point",
        "coordinates": [
          -8.454175784409403,
          42.7674220877566
        ]
      },
      "properties": {
        "review_id": "err-review-0087",
        "sample_review_key": "wl-pos-pos-es-pba-26452",
        "duplicate_count": "2",
        "duplicate_queues": "val_low_rank_weak_positives;val_morphology_rescues",
        "review_priority": "P1",
        "queue": "val_low_rank_weak_positives",
        "priority_order": "41",
        "review_lane": "morphology_rescue_review",
        "dataset": "val",
        "final_split": "val",
        "sample_id": "wl-pos-pos-es-pba-26452",
        "bank_id": "pos-es-pba-26452",
        "label_class": "1",
        "label_role": "positive",
        "suggested_taxonomy": "castro",
        "suggested_decision": "inspect_morphology_rescue",
        "boundary_action": "If visible, draw croa/muralla/recinto polygon; otherwise mark needs_followup.",
        "review_status": "pending",
        "review_notes": "",
        "final_taxonomy": "",
        "final_decision": "",
        "pretriage_order": "",
        "pretriage_group": "morphology_rescue",
        "pretriage_decision": "morphology_boundary_review",
        "pretriage_confidence": "medium_morphology_signal_boundary_needed",
        "training_use_after_review": "positive_candidate_after_boundary_review",
        "do_not_use_as": "new_discovery_claim_without_review",
        "visual_reading": "Morphology channel raises the point; inspect whether slope/LRM expresses a real enclosure or only terrain edge.",
        "name": "Xacemento do Peto/Castro Pequeno",
        "municipality": "Vedra",
        "parish": "Merín (San Cristovo)",
        "country": "ES",
        "fusion_probability": "0.29947497",
        "fusion_rank": "874",
        "max_safety_rank": "739",
        "archetype_only_rank": "531",
        "specialist_probability": "0.33638880",
        "specialist_rank": "709",
        "specialist_mean_rank": "780",
        "rank_delta_fusion_to_max": "135",
        "negative_type": "",
        "morphology_proxy": "generic_castro_hint",
        "visual_sheet": "",
        "review_reason": "Weak positive ranked low on validation; inspect label noise, morphology and imagery quality."
      }
    },
    {
      "type": "Feature",
      "geometry": {
        "type": "Point",
        "coordinates": [
          -7.202031945388303,
          43.56144384275869
        ]
      },
      "properties": {
        "review_id": "err-review-0088",
        "sample_review_key": "wl-pos-pos-es-pba-28585",
        "duplicate_count": "2",
        "duplicate_queues": "val_low_rank_weak_positives;val_morphology_rescues",
        "review_priority": "P1",
        "queue": "val_low_rank_weak_positives",
        "priority_order": "42",
        "review_lane": "morphology_rescue_review",
        "dataset": "val",
        "final_split": "val",
        "sample_id": "wl-pos-pos-es-pba-28585",
        "bank_id": "pos-es-pba-28585",
        "label_class": "1",
        "label_role": "positive",
        "suggested_taxonomy": "castro",
        "suggested_decision": "inspect_morphology_rescue",
        "boundary_action": "If visible, draw croa/muralla/recinto polygon; otherwise mark needs_followup.",
        "review_status": "pending",
        "review_notes": "",
        "final_taxonomy": "",
        "final_decision": "",
        "pretriage_order": "",
        "pretriage_group": "morphology_rescue",
        "pretriage_decision": "morphology_boundary_review",
        "pretriage_confidence": "medium_morphology_signal_boundary_needed",
        "training_use_after_review": "positive_candidate_after_boundary_review",
        "do_not_use_as": "new_discovery_claim_without_review",
        "visual_reading": "Morphology channel raises the point; inspect whether slope/LRM expresses a real enclosure or only terrain edge.",
        "name": "Castro de Punta de San Pedro",
        "municipality": "Barreiros",
        "parish": "San Pedro de Benquerencia (San Pedro)",
        "country": "ES",
        "fusion_probability": "0.29958041",
        "fusion_rank": "872",
        "max_safety_rank": "373",
        "archetype_only_rank": "298",
        "specialist_probability": "0.28870568",
        "specialist_rank": "809",
        "specialist_mean_rank": "844",
        "rank_delta_fusion_to_max": "499",
        "negative_type": "",
        "morphology_proxy": "coastal_promontory_hint",
        "visual_sheet": "",
        "review_reason": "Weak positive ranked low on validation; inspect label noise, morphology and imagery quality."
      }
    },
    {
      "type": "Feature",
      "geometry": {
        "type": "Point",
        "coordinates": [
          -7.311971413888005,
          43.55486841672692
        ]
      },
      "properties": {
        "review_id": "err-review-0089",
        "sample_review_key": "wl-pos-pos-es-pba-30966",
        "duplicate_count": "2",
        "duplicate_queues": "val_low_rank_weak_positives;val_morphology_rescues",
        "review_priority": "P1",
        "queue": "val_low_rank_weak_positives",
        "priority_order": "45",
        "review_lane": "morphology_rescue_review",
        "dataset": "val",
        "final_split": "val",
        "sample_id": "wl-pos-pos-es-pba-30966",
        "bank_id": "pos-es-pba-30966",
        "label_class": "1",
        "label_role": "positive",
        "suggested_taxonomy": "castro",
        "suggested_decision": "inspect_morphology_rescue",
        "boundary_action": "If visible, draw croa/muralla/recinto polygon; otherwise mark needs_followup.",
        "review_status": "pending",
        "review_notes": "",
        "final_taxonomy": "",
        "final_decision": "",
        "pretriage_order": "",
        "pretriage_group": "morphology_rescue",
        "pretriage_decision": "morphology_boundary_review",
        "pretriage_confidence": "medium_morphology_signal_boundary_needed",
        "training_use_after_review": "positive_candidate_after_boundary_review",
        "do_not_use_as": "new_discovery_claim_without_review",
        "visual_reading": "Morphology channel raises the point; inspect whether slope/LRM expresses a real enclosure or only terrain edge.",
        "name": "Os Castros das Engrobias/Castros de Lelle",
        "municipality": "Foz",
        "parish": "San Martiño de Mondoñedo (San Marti¤o)",
        "country": "ES",
        "fusion_probability": "0.30856520",
        "fusion_rank": "840",
        "max_safety_rank": "448",
        "archetype_only_rank": "351",
        "specialist_probability": "0.39970530",
        "specialist_rank": "597",
        "specialist_mean_rank": "692",
        "rank_delta_fusion_to_max": "392",
        "negative_type": "",
        "morphology_proxy": "generic_castro_hint",
        "visual_sheet": "",
        "review_reason": "Weak positive ranked low on validation; inspect label noise, morphology and imagery quality."
      }
    },
    {
      "type": "Feature",
      "geometry": {
        "type": "Point",
        "coordinates": [
          -7.06688779577472,
          42.19264994377633
        ]
      },
      "properties": {
        "review_id": "err-review-0090",
        "sample_review_key": "wl-pos-pos-es-pba-58801",
        "duplicate_count": "1",
        "duplicate_queues": "val_low_rank_weak_positives",
        "review_priority": "P1",
        "queue": "val_low_rank_weak_positives",
        "priority_order": "46",
        "review_lane": "morphology_rescue_review",
        "dataset": "val",
        "final_split": "val",
        "sample_id": "wl-pos-pos-es-pba-58801",
        "bank_id": "pos-es-pba-58801",
        "label_class": "1",
        "label_role": "positive",
        "suggested_taxonomy": "castro",
        "suggested_decision": "inspect_morphology_rescue",
        "boundary_action": "If visible, draw croa/muralla/recinto polygon; otherwise mark needs_followup.",
        "review_status": "pending",
        "review_notes": "",
        "final_taxonomy": "",
        "final_decision": "",
        "pretriage_order": "",
        "pretriage_group": "morphology_rescue",
        "pretriage_decision": "morphology_boundary_review",
        "pretriage_confidence": "medium_morphology_signal_boundary_needed",
        "training_use_after_review": "positive_candidate_after_boundary_review",
        "do_not_use_as": "new_discovery_claim_without_review",
        "visual_reading": "Morphology channel raises the point; inspect whether slope/LRM expresses a real enclosure or only terrain edge.",
        "name": "Castro do Castrillón",
        "municipality": "Viana do Bolo",
        "parish": "Quintela de Hedroso (San Cosmede)",
        "country": "ES",
        "fusion_probability": "0.31140615",
        "fusion_rank": "830",
        "max_safety_rank": "808",
        "archetype_only_rank": "580",
        "specialist_probability": "0.38124555",
        "specialist_rank": "632",
        "specialist_mean_rank": "712",
        "rank_delta_fusion_to_max": "22",
        "negative_type": "",
        "morphology_proxy": "castrel_toponym_hint",
        "visual_sheet": "",
        "review_reason": "Weak positive ranked low on validation; inspect label noise, morphology and imagery quality."
      }
    },
    {
      "type": "Feature",
      "geometry": {
        "type": "Point",
        "coordinates": [
          -8.271432385030025,
          42.88926127313282
        ]
      },
      "properties": {
        "review_id": "err-review-0091",
        "sample_review_key": "wl-pos-pos-es-pba-24421",
        "duplicate_count": "2",
        "duplicate_queues": "val_low_rank_weak_positives;val_morphology_rescues",
        "review_priority": "P1",
        "queue": "val_low_rank_weak_positives",
        "priority_order": "47",
        "review_lane": "morphology_rescue_review",
        "dataset": "val",
        "final_split": "val",
        "sample_id": "wl-pos-pos-es-pba-24421",
        "bank_id": "pos-es-pba-24421",
        "label_class": "1",
        "label_role": "positive",
        "suggested_taxonomy": "castro",
        "suggested_decision": "inspect_morphology_rescue",
        "boundary_action": "If visible, draw croa/muralla/recinto polygon; otherwise mark needs_followup.",
        "review_status": "pending",
        "review_notes": "",
        "final_taxonomy": "",
        "final_decision": "",
        "pretriage_order": "",
        "pretriage_group": "morphology_rescue",
        "pretriage_decision": "morphology_boundary_review",
        "pretriage_confidence": "medium_morphology_signal_boundary_needed",
        "training_use_after_review": "positive_candidate_after_boundary_review",
        "do_not_use_as": "new_discovery_claim_without_review",
        "visual_reading": "Morphology channel raises the point; inspect whether slope/LRM expresses a real enclosure or only terrain edge.",
        "name": "Medorra de Lañas/O Castro Grande/A Medorra",
        "municipality": "Touro",
        "parish": "San Fiz de Quión (San Fiz)",
        "country": "ES",
        "fusion_probability": "0.31173728",
        "fusion_rank": "828",
        "max_safety_rank": "557",
        "archetype_only_rank": "420",
        "specialist_probability": "0.14180355",
        "specialist_rank": "1231",
        "specialist_mean_rank": "1026",
        "rank_delta_fusion_to_max": "271",
        "negative_type": "",
        "morphology_proxy": "generic_castro_hint",
        "visual_sheet": "",
        "review_reason": "Weak positive ranked low on validation; inspect label noise, morphology and imagery quality."
      }
    },
    {
      "type": "Feature",
      "geometry": {
        "type": "Point",
        "coordinates": [
          -8.674319349813626,
          42.734636908986175
        ]
      },
      "properties": {
        "review_id": "err-review-0092",
        "sample_review_key": "wl-pos-pos-es-pba-9494",
        "duplicate_count": "2",
        "duplicate_queues": "val_low_rank_weak_positives;val_morphology_rescues",
        "review_priority": "P1",
        "queue": "val_low_rank_weak_positives",
        "priority_order": "50",
        "review_lane": "morphology_rescue_review",
        "dataset": "val",
        "final_split": "val",
        "sample_id": "wl-pos-pos-es-pba-9494",
        "bank_id": "pos-es-pba-9494",
        "label_class": "1",
        "label_role": "positive",
        "suggested_taxonomy": "castro",
        "suggested_decision": "inspect_morphology_rescue",
        "boundary_action": "If visible, draw croa/muralla/recinto polygon; otherwise mark needs_followup.",
        "review_status": "pending",
        "review_notes": "",
        "final_taxonomy": "",
        "final_decision": "",
        "pretriage_order": "",
        "pretriage_group": "morphology_rescue",
        "pretriage_decision": "morphology_boundary_review",
        "pretriage_confidence": "medium_morphology_signal_boundary_needed",
        "training_use_after_review": "positive_candidate_after_boundary_review",
        "do_not_use_as": "new_discovery_claim_without_review",
        "visual_reading": "Morphology channel raises the point; inspect whether slope/LRM expresses a real enclosure or only terrain edge.",
        "name": "Castro de Lestrobe",
        "municipality": "Dodro",
        "parish": "Dodro (Santa María)",
        "country": "ES",
        "fusion_probability": "0.32429507",
        "fusion_rank": "787",
        "max_safety_rank": "398",
        "archetype_only_rank": "316",
        "specialist_probability": "0.53231845",
        "specialist_rank": "449",
        "specialist_mean_rank": "552",
        "rank_delta_fusion_to_max": "389",
        "negative_type": "",
        "morphology_proxy": "generic_castro_hint",
        "visual_sheet": "",
        "review_reason": "Weak positive ranked low on validation; inspect label noise, morphology and imagery quality."
      }
    },
    {
      "type": "Feature",
      "geometry": {
        "type": "Point",
        "coordinates": [
          -7.015414525821192,
          43.13988676353711
        ]
      },
      "properties": {
        "review_id": "err-review-0093",
        "sample_review_key": "wl-pos-pos-es-pba-30789",
        "duplicate_count": "2",
        "duplicate_queues": "val_low_rank_weak_positives;val_morphology_rescues",
        "review_priority": "P1",
        "queue": "val_morphology_rescues",
        "priority_order": "1",
        "review_lane": "morphology_rescue_review",
        "dataset": "val",
        "final_split": "val",
        "sample_id": "wl-pos-pos-es-pba-30789",
        "bank_id": "pos-es-pba-30789",
        "label_class": "1",
        "label_role": "positive",
        "suggested_taxonomy": "castro",
        "suggested_decision": "inspect_morphology_rescue",
        "boundary_action": "If visible, draw croa/muralla/recinto polygon; otherwise mark needs_followup.",
        "review_status": "pending",
        "review_notes": "",
        "final_taxonomy": "",
        "final_decision": "",
        "pretriage_order": "",
        "pretriage_group": "morphology_rescue",
        "pretriage_decision": "morphology_boundary_review",
        "pretriage_confidence": "medium_morphology_signal_boundary_needed",
        "training_use_after_review": "positive_candidate_after_boundary_review",
        "do_not_use_as": "new_discovery_claim_without_review",
        "visual_reading": "Morphology channel raises the point; inspect whether slope/LRM expresses a real enclosure or only terrain edge.",
        "name": "Castro de Vilarín de Arriba",
        "municipality": "A Fonsagrada",
        "parish": "San Martín de Suarna (San Martín)",
        "country": "ES",
        "fusion_probability": "0.01282522",
        "fusion_rank": "1843",
        "max_safety_rank": "33",
        "archetype_only_rank": "29",
        "specialist_probability": "0.07845831",
        "specialist_rank": "1518",
        "specialist_mean_rank": "1747",
        "rank_delta_fusion_to_max": "1810",
        "negative_type": "",
        "morphology_proxy": "generic_castro_hint",
        "visual_sheet": "reports/figures/weak_label_error_review_v1/val-morphology-rescues.png",
        "review_reason": "Weak positive moved upward by max_safety; inspect as morphology-aware training evidence."
      }
    },
    {
      "type": "Feature",
      "geometry": {
        "type": "Point",
        "coordinates": [
          -7.125881702664306,
          43.022003717529316
        ]
      },
      "properties": {
        "review_id": "err-review-0094",
        "sample_review_key": "wl-pos-pos-es-pba-29137",
        "duplicate_count": "2",
        "duplicate_queues": "val_low_rank_weak_positives;val_morphology_rescues",
        "review_priority": "P1",
        "queue": "val_morphology_rescues",
        "priority_order": "2",
        "review_lane": "morphology_rescue_review",
        "dataset": "val",
        "final_split": "val",
        "sample_id": "wl-pos-pos-es-pba-29137",
        "bank_id": "pos-es-pba-29137",
        "label_class": "1",
        "label_role": "positive",
        "suggested_taxonomy": "castro",
        "suggested_decision": "inspect_morphology_rescue",
        "boundary_action": "If visible, draw croa/muralla/recinto polygon; otherwise mark needs_followup.",
        "review_status": "pending",
        "review_notes": "",
        "final_taxonomy": "",
        "final_decision": "",
        "pretriage_order": "",
        "pretriage_group": "morphology_rescue",
        "pretriage_decision": "morphology_boundary_review",
        "pretriage_confidence": "medium_morphology_signal_boundary_needed",
        "training_use_after_review": "positive_candidate_after_boundary_review",
        "do_not_use_as": "new_discovery_claim_without_review",
        "visual_reading": "Morphology channel raises the point; inspect whether slope/LRM expresses a real enclosure or only terrain edge.",
        "name": "A Croa de Aguiar",
        "municipality": "A Fonsagrada",
        "parish": "San Pedro de Río (San Pedro)",
        "country": "ES",
        "fusion_probability": "0.01521199",
        "fusion_rank": "1841",
        "max_safety_rank": "52",
        "archetype_only_rank": "45",
        "specialist_probability": "0.06580545",
        "specialist_rank": "1590",
        "specialist_mean_rank": "1760",
        "rank_delta_fusion_to_max": "1789",
        "negative_type": "",
        "morphology_proxy": "croa_top_ring_hint",
        "visual_sheet": "reports/figures/weak_label_error_review_v1/val-morphology-rescues.png",
        "review_reason": "Weak positive moved upward by max_safety; inspect as morphology-aware training evidence."
      }
    },
    {
      "type": "Feature",
      "geometry": {
        "type": "Point",
        "coordinates": [
          -7.7000687773603875,
          43.66571995489202
        ]
      },
      "properties": {
        "review_id": "err-review-0095",
        "sample_review_key": "wl-pos-pos-es-pba-12801",
        "duplicate_count": "2",
        "duplicate_queues": "val_low_rank_weak_positives;val_morphology_rescues",
        "review_priority": "P1",
        "queue": "val_morphology_rescues",
        "priority_order": "3",
        "review_lane": "morphology_rescue_review",
        "dataset": "val",
        "final_split": "val",
        "sample_id": "wl-pos-pos-es-pba-12801",
        "bank_id": "pos-es-pba-12801",
        "label_class": "1",
        "label_role": "positive",
        "suggested_taxonomy": "castro",
        "suggested_decision": "inspect_morphology_rescue",
        "boundary_action": "If visible, draw croa/muralla/recinto polygon; otherwise mark needs_followup.",
        "review_status": "pending",
        "review_notes": "",
        "final_taxonomy": "",
        "final_decision": "",
        "pretriage_order": "",
        "pretriage_group": "morphology_rescue",
        "pretriage_decision": "morphology_boundary_review",
        "pretriage_confidence": "medium_morphology_signal_boundary_needed",
        "training_use_after_review": "positive_candidate_after_boundary_review",
        "do_not_use_as": "new_discovery_claim_without_review",
        "visual_reading": "Morphology channel raises the point; inspect whether slope/LRM expresses a real enclosure or only terrain edge.",
        "name": "Castro",
        "municipality": "Mañón",
        "parish": "",
        "country": "ES",
        "fusion_probability": "0.01470064",
        "fusion_rank": "1842",
        "max_safety_rank": "68",
        "archetype_only_rank": "53",
        "specialist_probability": "0.15178585",
        "specialist_rank": "1197",
        "specialist_mean_rank": "1587",
        "rank_delta_fusion_to_max": "1774",
        "negative_type": "",
        "morphology_proxy": "generic_castro_hint",
        "visual_sheet": "reports/figures/weak_label_error_review_v1/val-morphology-rescues.png",
        "review_reason": "Weak positive moved upward by max_safety; inspect as morphology-aware training evidence."
      }
    },
    {
      "type": "Feature",
      "geometry": {
        "type": "Point",
        "coordinates": [
          -7.073537835454599,
          42.1504903481179
        ]
      },
      "properties": {
        "review_id": "err-review-0096",
        "sample_review_key": "wl-pos-pos-es-pba-58769",
        "duplicate_count": "2",
        "duplicate_queues": "val_low_rank_weak_positives;val_morphology_rescues",
        "review_priority": "P1",
        "queue": "val_morphology_rescues",
        "priority_order": "4",
        "review_lane": "morphology_rescue_review",
        "dataset": "val",
        "final_split": "val",
        "sample_id": "wl-pos-pos-es-pba-58769",
        "bank_id": "pos-es-pba-58769",
        "label_class": "1",
        "label_role": "positive",
        "suggested_taxonomy": "castro",
        "suggested_decision": "inspect_morphology_rescue",
        "boundary_action": "If visible, draw croa/muralla/recinto polygon; otherwise mark needs_followup.",
        "review_status": "pending",
        "review_notes": "",
        "final_taxonomy": "",
        "final_decision": "",
        "pretriage_order": "",
        "pretriage_group": "morphology_rescue",
        "pretriage_decision": "morphology_boundary_review",
        "pretriage_confidence": "medium_morphology_signal_boundary_needed",
        "training_use_after_review": "positive_candidate_after_boundary_review",
        "do_not_use_as": "new_discovery_claim_without_review",
        "visual_reading": "Morphology channel raises the point; inspect whether slope/LRM expresses a real enclosure or only terrain edge.",
        "name": "Castro do Castelo",
        "municipality": "Viana do Bolo",
        "parish": "Quintela de Umoso (Padre Eterno)",
        "country": "ES",
        "fusion_probability": "0.09505612",
        "fusion_rank": "1545",
        "max_safety_rank": "111",
        "archetype_only_rank": "89",
        "specialist_probability": "0.29588960",
        "specialist_rank": "795",
        "specialist_mean_rank": "1128",
        "rank_delta_fusion_to_max": "1434",
        "negative_type": "",
        "morphology_proxy": "generic_castro_hint",
        "visual_sheet": "reports/figures/weak_label_error_review_v1/val-morphology-rescues.png",
        "review_reason": "Weak positive moved upward by max_safety; inspect as morphology-aware training evidence."
      }
    },
    {
      "type": "Feature",
      "geometry": {
        "type": "Point",
        "coordinates": [
          -8.562686598016521,
          42.14309059603565
        ]
      },
      "properties": {
        "review_id": "err-review-0097",
        "sample_review_key": "wl-pos-pos-es-pba-70807",
        "duplicate_count": "2",
        "duplicate_queues": "val_low_rank_weak_positives;val_morphology_rescues",
        "review_priority": "P1",
        "queue": "val_morphology_rescues",
        "priority_order": "5",
        "review_lane": "morphology_rescue_review",
        "dataset": "val",
        "final_split": "val",
        "sample_id": "wl-pos-pos-es-pba-70807",
        "bank_id": "pos-es-pba-70807",
        "label_class": "1",
        "label_role": "positive",
        "suggested_taxonomy": "castro",
        "suggested_decision": "inspect_morphology_rescue",
        "boundary_action": "If visible, draw croa/muralla/recinto polygon; otherwise mark needs_followup.",
        "review_status": "pending",
        "review_notes": "",
        "final_taxonomy": "",
        "final_decision": "",
        "pretriage_order": "",
        "pretriage_group": "morphology_rescue",
        "pretriage_decision": "morphology_boundary_review",
        "pretriage_confidence": "medium_morphology_signal_boundary_needed",
        "training_use_after_review": "positive_candidate_after_boundary_review",
        "do_not_use_as": "new_discovery_claim_without_review",
        "visual_reading": "Morphology channel raises the point; inspect whether slope/LRM expresses a real enclosure or only terrain edge.",
        "name": "Castro do Alto de San Cibrán",
        "municipality": "Salceda de Caselas",
        "parish": "A Picoña (San Martiño)",
        "country": "ES",
        "fusion_probability": "0.07422824",
        "fusion_rank": "1636",
        "max_safety_rank": "262",
        "archetype_only_rank": "210",
        "specialist_probability": "0.21222451",
        "specialist_rank": "995",
        "specialist_mean_rank": "1324",
        "rank_delta_fusion_to_max": "1374",
        "negative_type": "",
        "morphology_proxy": "hilltop_hint",
        "visual_sheet": "reports/figures/weak_label_error_review_v1/val-morphology-rescues.png",
        "review_reason": "Weak positive moved upward by max_safety; inspect as morphology-aware training evidence."
      }
    },
    {
      "type": "Feature",
      "geometry": {
        "type": "Point",
        "coordinates": [
          -7.0662139779726845,
          42.217181531255015
        ]
      },
      "properties": {
        "review_id": "err-review-0098",
        "sample_review_key": "wl-pos-pos-es-pba-58802",
        "duplicate_count": "2",
        "duplicate_queues": "val_low_rank_weak_positives;val_morphology_rescues",
        "review_priority": "P1",
        "queue": "val_morphology_rescues",
        "priority_order": "6",
        "review_lane": "morphology_rescue_review",
        "dataset": "val",
        "final_split": "val",
        "sample_id": "wl-pos-pos-es-pba-58802",
        "bank_id": "pos-es-pba-58802",
        "label_class": "1",
        "label_role": "positive",
        "suggested_taxonomy": "castro",
        "suggested_decision": "inspect_morphology_rescue",
        "boundary_action": "If visible, draw croa/muralla/recinto polygon; otherwise mark needs_followup.",
        "review_status": "pending",
        "review_notes": "",
        "final_taxonomy": "",
        "final_decision": "",
        "pretriage_order": "",
        "pretriage_group": "morphology_rescue",
        "pretriage_decision": "morphology_boundary_review",
        "pretriage_confidence": "medium_morphology_signal_boundary_needed",
        "training_use_after_review": "positive_candidate_after_boundary_review",
        "do_not_use_as": "new_discovery_claim_without_review",
        "visual_reading": "Morphology channel raises the point; inspect whether slope/LRM expresses a real enclosure or only terrain edge.",
        "name": "Castro do Coto",
        "municipality": "Viana do Bolo",
        "parish": "Tabazoa de Hedroso (Santa María)",
        "country": "ES",
        "fusion_probability": "0.12069130",
        "fusion_rank": "1447",
        "max_safety_rank": "284",
        "archetype_only_rank": "228",
        "specialist_probability": "0.21063325",
        "specialist_rank": "999",
        "specialist_mean_rank": "1233",
        "rank_delta_fusion_to_max": "1163",
        "negative_type": "",
        "morphology_proxy": "hilltop_hint",
        "visual_sheet": "reports/figures/weak_label_error_review_v1/val-morphology-rescues.png",
        "review_reason": "Weak positive moved upward by max_safety; inspect as morphology-aware training evidence."
      }
    },
    {
      "type": "Feature",
      "geometry": {
        "type": "Point",
        "coordinates": [
          -8.130357357032018,
          42.32512330754117
        ]
      },
      "properties": {
        "review_id": "err-review-0099",
        "sample_review_key": "wl-pos-pos-es-pba-46139",
        "duplicate_count": "2",
        "duplicate_queues": "val_low_rank_weak_positives;val_morphology_rescues",
        "review_priority": "P1",
        "queue": "val_morphology_rescues",
        "priority_order": "7",
        "review_lane": "morphology_rescue_review",
        "dataset": "val",
        "final_split": "val",
        "sample_id": "wl-pos-pos-es-pba-46139",
        "bank_id": "pos-es-pba-46139",
        "label_class": "1",
        "label_role": "positive",
        "suggested_taxonomy": "castro",
        "suggested_decision": "inspect_morphology_rescue",
        "boundary_action": "If visible, draw croa/muralla/recinto polygon; otherwise mark needs_followup.",
        "review_status": "pending",
        "review_notes": "",
        "final_taxonomy": "",
        "final_decision": "",
        "pretriage_order": "",
        "pretriage_group": "morphology_rescue",
        "pretriage_decision": "morphology_boundary_review",
        "pretriage_confidence": "medium_morphology_signal_boundary_needed",
        "training_use_after_review": "positive_candidate_after_boundary_review",
        "do_not_use_as": "new_discovery_claim_without_review",
        "visual_reading": "Morphology channel raises the point; inspect whether slope/LRM expresses a real enclosure or only terrain edge.",
        "name": "O Castro/A Mourisca/Xacemento do Castro de Beade",
        "municipality": "Beade",
        "parish": "Beade (Santa María)",
        "country": "ES",
        "fusion_probability": "0.08679289",
        "fusion_rank": "1581",
        "max_safety_rank": "428",
        "archetype_only_rank": "336",
        "specialist_probability": "0.24772671",
        "specialist_rank": "901",
        "specialist_mean_rank": "1227",
        "rank_delta_fusion_to_max": "1153",
        "negative_type": "",
        "morphology_proxy": "generic_castro_hint",
        "visual_sheet": "reports/figures/weak_label_error_review_v1/val-morphology-rescues.png",
        "review_reason": "Weak positive moved upward by max_safety; inspect as morphology-aware training evidence."
      }
    },
    {
      "type": "Feature",
      "geometry": {
        "type": "Point",
        "coordinates": [
          -8.870525020034952,
          42.00168284674323
        ]
      },
      "properties": {
        "review_id": "err-review-0100",
        "sample_review_key": "wl-pos-pos-es-pba-69293",
        "duplicate_count": "2",
        "duplicate_queues": "val_low_rank_weak_positives;val_morphology_rescues",
        "review_priority": "P1",
        "queue": "val_morphology_rescues",
        "priority_order": "8",
        "review_lane": "morphology_rescue_review",
        "dataset": "val",
        "final_split": "val",
        "sample_id": "wl-pos-pos-es-pba-69293",
        "bank_id": "pos-es-pba-69293",
        "label_class": "1",
        "label_role": "positive",
        "suggested_taxonomy": "castro",
        "suggested_decision": "inspect_morphology_rescue",
        "boundary_action": "If visible, draw croa/muralla/recinto polygon; otherwise mark needs_followup.",
        "review_status": "pending",
        "review_notes": "",
        "final_taxonomy": "",
        "final_decision": "",
        "pretriage_order": "",
        "pretriage_group": "morphology_rescue",
        "pretriage_decision": "morphology_boundary_review",
        "pretriage_confidence": "medium_morphology_signal_boundary_needed",
        "training_use_after_review": "positive_candidate_after_boundary_review",
        "do_not_use_as": "new_discovery_claim_without_review",
        "visual_reading": "Morphology channel raises the point; inspect whether slope/LRM expresses a real enclosure or only terrain edge.",
        "name": "Castro do Bosque",
        "municipality": "Oia",
        "parish": "Oia (Santa María)",
        "country": "ES",
        "fusion_probability": "0.08240084",
        "fusion_rank": "1595",
        "max_safety_rank": "477",
        "archetype_only_rank": "366",
        "specialist_probability": "0.08242945",
        "specialist_rank": "1501",
        "specialist_mean_rank": "1589",
        "rank_delta_fusion_to_max": "1118",
        "negative_type": "",
        "morphology_proxy": "generic_castro_hint",
        "visual_sheet": "reports/figures/weak_label_error_review_v1/val-morphology-rescues.png",
        "review_reason": "Weak positive moved upward by max_safety; inspect as morphology-aware training evidence."
      }
    },
    {
      "type": "Feature",
      "geometry": {
        "type": "Point",
        "coordinates": [
          -7.075210586502403,
          43.0653069523313
        ]
      },
      "properties": {
        "review_id": "err-review-0101",
        "sample_review_key": "wl-pos-pos-es-pba-30791",
        "duplicate_count": "2",
        "duplicate_queues": "val_low_rank_weak_positives;val_morphology_rescues",
        "review_priority": "P1",
        "queue": "val_morphology_rescues",
        "priority_order": "9",
        "review_lane": "morphology_rescue_review",
        "dataset": "val",
        "final_split": "val",
        "sample_id": "wl-pos-pos-es-pba-30791",
        "bank_id": "pos-es-pba-30791",
        "label_class": "1",
        "label_role": "positive",
        "suggested_taxonomy": "castro",
        "suggested_decision": "inspect_morphology_rescue",
        "boundary_action": "If visible, draw croa/muralla/recinto polygon; otherwise mark needs_followup.",
        "review_status": "pending",
        "review_notes": "",
        "final_taxonomy": "",
        "final_decision": "",
        "pretriage_order": "",
        "pretriage_group": "morphology_rescue",
        "pretriage_decision": "morphology_boundary_review",
        "pretriage_confidence": "medium_morphology_signal_boundary_needed",
        "training_use_after_review": "positive_candidate_after_boundary_review",
        "do_not_use_as": "new_discovery_claim_without_review",
        "visual_reading": "Morphology channel raises the point; inspect whether slope/LRM expresses a real enclosure or only terrain edge.",
        "name": "Castro do Medio",
        "municipality": "A Fonsagrada",
        "parish": "Lamas de Moreira (Santa María)",
        "country": "ES",
        "fusion_probability": "0.21293360",
        "fusion_rank": "1120",
        "max_safety_rank": "41",
        "archetype_only_rank": "36",
        "specialist_probability": "0.80601749",
        "specialist_rank": "247",
        "specialist_mean_rank": "433",
        "rank_delta_fusion_to_max": "1079",
        "negative_type": "",
        "morphology_proxy": "generic_castro_hint",
        "visual_sheet": "reports/figures/weak_label_error_review_v1/val-morphology-rescues.png",
        "review_reason": "Weak positive moved upward by max_safety; inspect as morphology-aware training evidence."
      }
    },
    {
      "type": "Feature",
      "geometry": {
        "type": "Point",
        "coordinates": [
          -7.083157063356173,
          42.17225861589847
        ]
      },
      "properties": {
        "review_id": "err-review-0102",
        "sample_review_key": "wl-pos-pos-es-pba-58798",
        "duplicate_count": "2",
        "duplicate_queues": "val_low_rank_weak_positives;val_morphology_rescues",
        "review_priority": "P1",
        "queue": "val_morphology_rescues",
        "priority_order": "10",
        "review_lane": "morphology_rescue_review",
        "dataset": "val",
        "final_split": "val",
        "sample_id": "wl-pos-pos-es-pba-58798",
        "bank_id": "pos-es-pba-58798",
        "label_class": "1",
        "label_role": "positive",
        "suggested_taxonomy": "castro",
        "suggested_decision": "inspect_morphology_rescue",
        "boundary_action": "If visible, draw croa/muralla/recinto polygon; otherwise mark needs_followup.",
        "review_status": "pending",
        "review_notes": "",
        "final_taxonomy": "",
        "final_decision": "",
        "pretriage_order": "",
        "pretriage_group": "morphology_rescue",
        "pretriage_decision": "morphology_boundary_review",
        "pretriage_confidence": "medium_morphology_signal_boundary_needed",
        "training_use_after_review": "positive_candidate_after_boundary_review",
        "do_not_use_as": "new_discovery_claim_without_review",
        "visual_reading": "Morphology channel raises the point; inspect whether slope/LRM expresses a real enclosure or only terrain edge.",
        "name": "Castro do Castelo",
        "municipality": "Viana do Bolo",
        "parish": "Punxeiro (San Marcos)",
        "country": "ES",
        "fusion_probability": "0.22980224",
        "fusion_rank": "1063",
        "max_safety_rank": "26",
        "archetype_only_rank": "23",
        "specialist_probability": "0.72119453",
        "specialist_rank": "297",
        "specialist_mean_rank": "485",
        "rank_delta_fusion_to_max": "1037",
        "negative_type": "",
        "morphology_proxy": "generic_castro_hint",
        "visual_sheet": "reports/figures/weak_label_error_review_v1/val-morphology-rescues.png",
        "review_reason": "Weak positive moved upward by max_safety; inspect as morphology-aware training evidence."
      }
    },
    {
      "type": "Feature",
      "geometry": {
        "type": "Point",
        "coordinates": [
          -8.876937344097318,
          42.02372556074861
        ]
      },
      "properties": {
        "review_id": "err-review-0103",
        "sample_review_key": "wl-pos-pos-es-pba-68699",
        "duplicate_count": "2",
        "duplicate_queues": "val_low_rank_weak_positives;val_morphology_rescues",
        "review_priority": "P1",
        "queue": "val_morphology_rescues",
        "priority_order": "11",
        "review_lane": "morphology_rescue_review",
        "dataset": "val",
        "final_split": "val",
        "sample_id": "wl-pos-pos-es-pba-68699",
        "bank_id": "pos-es-pba-68699",
        "label_class": "1",
        "label_role": "positive",
        "suggested_taxonomy": "castro",
        "suggested_decision": "inspect_morphology_rescue",
        "boundary_action": "If visible, draw croa/muralla/recinto polygon; otherwise mark needs_followup.",
        "review_status": "pending",
        "review_notes": "",
        "final_taxonomy": "",
        "final_decision": "",
        "pretriage_order": "",
        "pretriage_group": "morphology_rescue",
        "pretriage_decision": "morphology_boundary_review",
        "pretriage_confidence": "medium_morphology_signal_boundary_needed",
        "training_use_after_review": "positive_candidate_after_boundary_review",
        "do_not_use_as": "new_discovery_claim_without_review",
        "visual_reading": "Morphology channel raises the point; inspect whether slope/LRM expresses a real enclosure or only terrain edge.",
        "name": "O Castro",
        "municipality": "Oia",
        "parish": "Pedornes (San Mamede)",
        "country": "ES",
        "fusion_probability": "0.06670480",
        "fusion_rank": "1671",
        "max_safety_rank": "686",
        "archetype_only_rank": "502",
        "specialist_probability": "0.10886848",
        "specialist_rank": "1366",
        "specialist_mean_rank": "1565",
        "rank_delta_fusion_to_max": "985",
        "negative_type": "",
        "morphology_proxy": "generic_castro_hint",
        "visual_sheet": "reports/figures/weak_label_error_review_v1/val-morphology-rescues.png",
        "review_reason": "Weak positive moved upward by max_safety; inspect as morphology-aware training evidence."
      }
    },
    {
      "type": "Feature",
      "geometry": {
        "type": "Point",
        "coordinates": [
          -7.936333664358758,
          42.10723733350916
        ]
      },
      "properties": {
        "review_id": "err-review-0104",
        "sample_review_key": "wl-pos-pos-es-pba-59359",
        "duplicate_count": "2",
        "duplicate_queues": "val_low_rank_weak_positives;val_morphology_rescues",
        "review_priority": "P1",
        "queue": "val_morphology_rescues",
        "priority_order": "12",
        "review_lane": "morphology_rescue_review",
        "dataset": "val",
        "final_split": "val",
        "sample_id": "wl-pos-pos-es-pba-59359",
        "bank_id": "pos-es-pba-59359",
        "label_class": "1",
        "label_role": "positive",
        "suggested_taxonomy": "castro",
        "suggested_decision": "inspect_morphology_rescue",
        "boundary_action": "If visible, draw croa/muralla/recinto polygon; otherwise mark needs_followup.",
        "review_status": "pending",
        "review_notes": "",
        "final_taxonomy": "",
        "final_decision": "",
        "pretriage_order": "",
        "pretriage_group": "morphology_rescue",
        "pretriage_decision": "morphology_boundary_review",
        "pretriage_confidence": "medium_morphology_signal_boundary_needed",
        "training_use_after_review": "positive_candidate_after_boundary_review",
        "do_not_use_as": "new_discovery_claim_without_review",
        "visual_reading": "Morphology channel raises the point; inspect whether slope/LRM expresses a real enclosure or only terrain edge.",
        "name": "Castro de Ourille",
        "municipality": "Verea",
        "parish": "Ourille (San Pedro)",
        "country": "ES",
        "fusion_probability": "0.25335569",
        "fusion_rank": "1000",
        "max_safety_rank": "102",
        "archetype_only_rank": "83",
        "specialist_probability": "0.54223752",
        "specialist_rank": "440",
        "specialist_mean_rank": "601",
        "rank_delta_fusion_to_max": "898",
        "negative_type": "",
        "morphology_proxy": "generic_castro_hint",
        "visual_sheet": "reports/figures/weak_label_error_review_v1/val-morphology-rescues.png",
        "review_reason": "Weak positive moved upward by max_safety; inspect as morphology-aware training evidence."
      }
    },
    {
      "type": "Feature",
      "geometry": {
        "type": "Point",
        "coordinates": [
          -8.870150879042841,
          42.0350447939914
        ]
      },
      "properties": {
        "review_id": "err-review-0105",
        "sample_review_key": "wl-pos-pos-es-pba-69291",
        "duplicate_count": "2",
        "duplicate_queues": "val_low_rank_weak_positives;val_morphology_rescues",
        "review_priority": "P1",
        "queue": "val_morphology_rescues",
        "priority_order": "13",
        "review_lane": "morphology_rescue_review",
        "dataset": "val",
        "final_split": "val",
        "sample_id": "wl-pos-pos-es-pba-69291",
        "bank_id": "pos-es-pba-69291",
        "label_class": "1",
        "label_role": "positive",
        "suggested_taxonomy": "castro",
        "suggested_decision": "inspect_morphology_rescue",
        "boundary_action": "If visible, draw croa/muralla/recinto polygon; otherwise mark needs_followup.",
        "review_status": "pending",
        "review_notes": "",
        "final_taxonomy": "",
        "final_decision": "",
        "pretriage_order": "",
        "pretriage_group": "morphology_rescue",
        "pretriage_decision": "morphology_boundary_review",
        "pretriage_confidence": "medium_morphology_signal_boundary_needed",
        "training_use_after_review": "positive_candidate_after_boundary_review",
        "do_not_use_as": "new_discovery_claim_without_review",
        "visual_reading": "Morphology channel raises the point; inspect whether slope/LRM expresses a real enclosure or only terrain edge.",
        "name": "Castro de Cividade/Castro de Viladesuso",
        "municipality": "Oia",
        "parish": "Viladesuso (San Miguel)",
        "country": "ES",
        "fusion_probability": "0.23679522",
        "fusion_rank": "1044",
        "max_safety_rank": "367",
        "archetype_only_rank": "293",
        "specialist_probability": "0.34240500",
        "specialist_rank": "698",
        "specialist_mean_rank": "853",
        "rank_delta_fusion_to_max": "677",
        "negative_type": "",
        "morphology_proxy": "large_castrexo_civitas_hint",
        "visual_sheet": "",
        "review_reason": "Weak positive moved upward by max_safety; inspect as morphology-aware training evidence."
      }
    },
    {
      "type": "Feature",
      "geometry": {
        "type": "Point",
        "coordinates": [
          -8.875610947222055,
          42.01591313556622
        ]
      },
      "properties": {
        "review_id": "err-review-0106",
        "sample_review_key": "wl-pos-pos-es-pba-68624",
        "duplicate_count": "2",
        "duplicate_queues": "val_low_rank_weak_positives;val_morphology_rescues",
        "review_priority": "P1",
        "queue": "val_morphology_rescues",
        "priority_order": "14",
        "review_lane": "morphology_rescue_review",
        "dataset": "val",
        "final_split": "val",
        "sample_id": "wl-pos-pos-es-pba-68624",
        "bank_id": "pos-es-pba-68624",
        "label_class": "1",
        "label_role": "positive",
        "suggested_taxonomy": "castro",
        "suggested_decision": "inspect_morphology_rescue",
        "boundary_action": "If visible, draw croa/muralla/recinto polygon; otherwise mark needs_followup.",
        "review_status": "pending",
        "review_notes": "",
        "final_taxonomy": "",
        "final_decision": "",
        "pretriage_order": "",
        "pretriage_group": "morphology_rescue",
        "pretriage_decision": "morphology_boundary_review",
        "pretriage_confidence": "medium_morphology_signal_boundary_needed",
        "training_use_after_review": "positive_candidate_after_boundary_review",
        "do_not_use_as": "new_discovery_claim_without_review",
        "visual_reading": "Morphology channel raises the point; inspect whether slope/LRM expresses a real enclosure or only terrain edge.",
        "name": "Monte do Castro",
        "municipality": "Oia",
        "parish": "Pedornes (San Mamede)",
        "country": "ES",
        "fusion_probability": "0.08283888",
        "fusion_rank": "1594",
        "max_safety_rank": "923",
        "archetype_only_rank": "655",
        "specialist_probability": "0.09781262",
        "specialist_rank": "1430",
        "specialist_mean_rank": "1553",
        "rank_delta_fusion_to_max": "671",
        "negative_type": "",
        "morphology_proxy": "hilltop_hint",
        "visual_sheet": "",
        "review_reason": "Weak positive moved upward by max_safety; inspect as morphology-aware training evidence."
      }
    },
    {
      "type": "Feature",
      "geometry": {
        "type": "Point",
        "coordinates": [
          -8.483543611143975,
          42.57577208588973
        ]
      },
      "properties": {
        "review_id": "err-review-0107",
        "sample_review_key": "wl-pos-pos-es-pba-63455",
        "duplicate_count": "2",
        "duplicate_queues": "val_low_rank_weak_positives;val_morphology_rescues",
        "review_priority": "P1",
        "queue": "val_morphology_rescues",
        "priority_order": "15",
        "review_lane": "morphology_rescue_review",
        "dataset": "val",
        "final_split": "val",
        "sample_id": "wl-pos-pos-es-pba-63455",
        "bank_id": "pos-es-pba-63455",
        "label_class": "1",
        "label_role": "positive",
        "suggested_taxonomy": "castro",
        "suggested_decision": "inspect_morphology_rescue",
        "boundary_action": "If visible, draw croa/muralla/recinto polygon; otherwise mark needs_followup.",
        "review_status": "pending",
        "review_notes": "",
        "final_taxonomy": "",
        "final_decision": "",
        "pretriage_order": "",
        "pretriage_group": "morphology_rescue",
        "pretriage_decision": "morphology_boundary_review",
        "pretriage_confidence": "medium_morphology_signal_boundary_needed",
        "training_use_after_review": "positive_candidate_after_boundary_review",
        "do_not_use_as": "new_discovery_claim_without_review",
        "visual_reading": "Morphology channel raises the point; inspect whether slope/LRM expresses a real enclosure or only terrain edge.",
        "name": "Couto do Castro/O Castro",
        "municipality": "Campo Lameiro",
        "parish": "Moimenta (Santa María)",
        "country": "ES",
        "fusion_probability": "0.27384607",
        "fusion_rank": "943",
        "max_safety_rank": "308",
        "archetype_only_rank": "249",
        "specialist_probability": "0.47915719",
        "specialist_rank": "506",
        "specialist_mean_rank": "655",
        "rank_delta_fusion_to_max": "635",
        "negative_type": "",
        "morphology_proxy": "hilltop_hint",
        "visual_sheet": "",
        "review_reason": "Weak positive moved upward by max_safety; inspect as morphology-aware training evidence."
      }
    },
    {
      "type": "Feature",
      "geometry": {
        "type": "Point",
        "coordinates": [
          -7.106022830583882,
          42.20017242988406
        ]
      },
      "properties": {
        "review_id": "err-review-0108",
        "sample_review_key": "wl-pos-pos-es-pba-58799",
        "duplicate_count": "1",
        "duplicate_queues": "val_morphology_rescues",
        "review_priority": "P1",
        "queue": "val_morphology_rescues",
        "priority_order": "16",
        "review_lane": "morphology_rescue_review",
        "dataset": "val",
        "final_split": "val",
        "sample_id": "wl-pos-pos-es-pba-58799",
        "bank_id": "pos-es-pba-58799",
        "label_class": "1",
        "label_role": "positive",
        "suggested_taxonomy": "castro",
        "suggested_decision": "inspect_morphology_rescue",
        "boundary_action": "If visible, draw croa/muralla/recinto polygon; otherwise mark needs_followup.",
        "review_status": "pending",
        "review_notes": "",
        "final_taxonomy": "",
        "final_decision": "",
        "pretriage_order": "",
        "pretriage_group": "morphology_rescue",
        "pretriage_decision": "morphology_boundary_review",
        "pretriage_confidence": "medium_morphology_signal_boundary_needed",
        "training_use_after_review": "positive_candidate_after_boundary_review",
        "do_not_use_as": "new_discovery_claim_without_review",
        "visual_reading": "Morphology channel raises the point; inspect whether slope/LRM expresses a real enclosure or only terrain edge.",
        "name": "Castro do Castelo dos Mouros",
        "municipality": "Viana do Bolo",
        "parish": "Mourisca (Santa María)",
        "country": "ES",
        "fusion_probability": "0.35207982",
        "fusion_rank": "716",
        "max_safety_rank": "83",
        "archetype_only_rank": "63",
        "specialist_probability": "0.79598377",
        "specialist_rank": "249",
        "specialist_mean_rank": "358",
        "rank_delta_fusion_to_max": "633",
        "negative_type": "",
        "morphology_proxy": "generic_castro_hint",
        "visual_sheet": "",
        "review_reason": "Weak positive moved upward by max_safety; inspect as morphology-aware training evidence."
      }
    },
    {
      "type": "Feature",
      "geometry": {
        "type": "Point",
        "coordinates": [
          -8.700718705561322,
          42.50856477021922
        ]
      },
      "properties": {
        "review_id": "err-review-0109",
        "sample_review_key": "wl-pos-pos-es-pba-66779",
        "duplicate_count": "2",
        "duplicate_queues": "val_low_rank_weak_positives;val_morphology_rescues",
        "review_priority": "P1",
        "queue": "val_morphology_rescues",
        "priority_order": "17",
        "review_lane": "morphology_rescue_review",
        "dataset": "val",
        "final_split": "val",
        "sample_id": "wl-pos-pos-es-pba-66779",
        "bank_id": "pos-es-pba-66779",
        "label_class": "1",
        "label_role": "positive",
        "suggested_taxonomy": "castro",
        "suggested_decision": "inspect_morphology_rescue",
        "boundary_action": "If visible, draw croa/muralla/recinto polygon; otherwise mark needs_followup.",
        "review_status": "pending",
        "review_notes": "",
        "final_taxonomy": "",
        "final_decision": "",
        "pretriage_order": "",
        "pretriage_group": "morphology_rescue",
        "pretriage_decision": "morphology_boundary_review",
        "pretriage_confidence": "medium_morphology_signal_boundary_needed",
        "training_use_after_review": "positive_candidate_after_boundary_review",
        "do_not_use_as": "new_discovery_claim_without_review",
        "visual_reading": "Morphology channel raises the point; inspect whether slope/LRM expresses a real enclosure or only terrain edge.",
        "name": "Monte do Castro de Arcos",
        "municipality": "Meis",
        "parish": "San Tomé de Nogueira (San Tom‚)",
        "country": "ES",
        "fusion_probability": "0.25122459",
        "fusion_rank": "1007",
        "max_safety_rank": "423",
        "archetype_only_rank": "332",
        "specialist_probability": "0.66256617",
        "specialist_rank": "335",
        "specialist_mean_rank": "508",
        "rank_delta_fusion_to_max": "584",
        "negative_type": "",
        "morphology_proxy": "hilltop_hint",
        "visual_sheet": "",
        "review_reason": "Weak positive moved upward by max_safety; inspect as morphology-aware training evidence."
      }
    },
    {
      "type": "Feature",
      "geometry": {
        "type": "Point",
        "coordinates": [
          -7.193713469296093,
          43.561334246470715
        ]
      },
      "properties": {
        "review_id": "err-review-0110",
        "sample_review_key": "wl-pos-pos-es-pba-28584",
        "duplicate_count": "1",
        "duplicate_queues": "val_morphology_rescues",
        "review_priority": "P1",
        "queue": "val_morphology_rescues",
        "priority_order": "18",
        "review_lane": "morphology_rescue_review",
        "dataset": "val",
        "final_split": "val",
        "sample_id": "wl-pos-pos-es-pba-28584",
        "bank_id": "pos-es-pba-28584",
        "label_class": "1",
        "label_role": "positive",
        "suggested_taxonomy": "castro",
        "suggested_decision": "inspect_morphology_rescue",
        "boundary_action": "If visible, draw croa/muralla/recinto polygon; otherwise mark needs_followup.",
        "review_status": "pending",
        "review_notes": "",
        "final_taxonomy": "",
        "final_decision": "",
        "pretriage_order": "",
        "pretriage_group": "morphology_rescue",
        "pretriage_decision": "morphology_boundary_review",
        "pretriage_confidence": "medium_morphology_signal_boundary_needed",
        "training_use_after_review": "positive_candidate_after_boundary_review",
        "do_not_use_as": "new_discovery_claim_without_review",
        "visual_reading": "Morphology channel raises the point; inspect whether slope/LRM expresses a real enclosure or only terrain edge.",
        "name": "Castro da Roda",
        "municipality": "Barreiros",
        "parish": "San Pedro de Benquerencia (San Pedro)",
        "country": "ES",
        "fusion_probability": "0.37005762",
        "fusion_rank": "680",
        "max_safety_rank": "136",
        "archetype_only_rank": "109",
        "specialist_probability": "0.41470591",
        "specialist_rank": "578",
        "specialist_mean_rank": "622",
        "rank_delta_fusion_to_max": "544",
        "negative_type": "",
        "morphology_proxy": "generic_castro_hint",
        "visual_sheet": "",
        "review_reason": "Weak positive moved upward by max_safety; inspect as morphology-aware training evidence."
      }
    },
    {
      "type": "Feature",
      "geometry": {
        "type": "Point",
        "coordinates": [
          -7.119429153895029,
          42.22680934751982
        ]
      },
      "properties": {
        "review_id": "err-review-0111",
        "sample_review_key": "wl-pos-pos-es-pba-58765",
        "duplicate_count": "2",
        "duplicate_queues": "val_low_rank_weak_positives;val_morphology_rescues",
        "review_priority": "P1",
        "queue": "val_morphology_rescues",
        "priority_order": "19",
        "review_lane": "morphology_rescue_review",
        "dataset": "val",
        "final_split": "val",
        "sample_id": "wl-pos-pos-es-pba-58765",
        "bank_id": "pos-es-pba-58765",
        "label_class": "1",
        "label_role": "positive",
        "suggested_taxonomy": "castro",
        "suggested_decision": "inspect_morphology_rescue",
        "boundary_action": "If visible, draw croa/muralla/recinto polygon; otherwise mark needs_followup.",
        "review_status": "pending",
        "review_notes": "",
        "final_taxonomy": "",
        "final_decision": "",
        "pretriage_order": "",
        "pretriage_group": "morphology_rescue",
        "pretriage_decision": "morphology_boundary_review",
        "pretriage_confidence": "medium_morphology_signal_boundary_needed",
        "training_use_after_review": "positive_candidate_after_boundary_review",
        "do_not_use_as": "new_discovery_claim_without_review",
        "visual_reading": "Morphology channel raises the point; inspect whether slope/LRM expresses a real enclosure or only terrain edge.",
        "name": "Castro da Fraga do Castrillón",
        "municipality": "Viana do Bolo",
        "parish": "Covelo (San Lourenzo)",
        "country": "ES",
        "fusion_probability": "0.13379404",
        "fusion_rank": "1400",
        "max_safety_rank": "892",
        "archetype_only_rank": "633",
        "specialist_probability": "0.34009741",
        "specialist_rank": "706",
        "specialist_mean_rank": "999",
        "rank_delta_fusion_to_max": "508",
        "negative_type": "",
        "morphology_proxy": "castrel_toponym_hint",
        "visual_sheet": "",
        "review_reason": "Weak positive moved upward by max_safety; inspect as morphology-aware training evidence."
      }
    },
    {
      "type": "Feature",
      "geometry": {
        "type": "Point",
        "coordinates": [
          -7.067693693213788,
          43.17513814853288
        ]
      },
      "properties": {
        "review_id": "err-review-0112",
        "sample_review_key": "wl-pos-pos-es-pba-31117",
        "duplicate_count": "1",
        "duplicate_queues": "val_morphology_rescues",
        "review_priority": "P1",
        "queue": "val_morphology_rescues",
        "priority_order": "20",
        "review_lane": "morphology_rescue_review",
        "dataset": "val",
        "final_split": "val",
        "sample_id": "wl-pos-pos-es-pba-31117",
        "bank_id": "pos-es-pba-31117",
        "label_class": "1",
        "label_role": "positive",
        "suggested_taxonomy": "castro",
        "suggested_decision": "inspect_morphology_rescue",
        "boundary_action": "If visible, draw croa/muralla/recinto polygon; otherwise mark needs_followup.",
        "review_status": "pending",
        "review_notes": "",
        "final_taxonomy": "",
        "final_decision": "",
        "pretriage_order": "",
        "pretriage_group": "morphology_rescue",
        "pretriage_decision": "morphology_boundary_review",
        "pretriage_confidence": "medium_morphology_signal_boundary_needed",
        "training_use_after_review": "positive_candidate_after_boundary_review",
        "do_not_use_as": "new_discovery_claim_without_review",
        "visual_reading": "Morphology channel raises the point; inspect whether slope/LRM expresses a real enclosure or only terrain edge.",
        "name": "O Castro",
        "municipality": "A Fonsagrada",
        "parish": "O Trobo (Santa María)",
        "country": "ES",
        "fusion_probability": "0.44193176",
        "fusion_rank": "529",
        "max_safety_rank": "22",
        "archetype_only_rank": "21",
        "specialist_probability": "0.92441318",
        "specialist_rank": "155",
        "specialist_mean_rank": "269",
        "rank_delta_fusion_to_max": "507",
        "negative_type": "",
        "morphology_proxy": "generic_castro_hint",
        "visual_sheet": "",
        "review_reason": "Weak positive moved upward by max_safety; inspect as morphology-aware training evidence."
      }
    },
    {
      "type": "Feature",
      "geometry": {
        "type": "Point",
        "coordinates": [
          -7.202031945388303,
          43.56144384275869
        ]
      },
      "properties": {
        "review_id": "err-review-0113",
        "sample_review_key": "wl-pos-pos-es-pba-28585",
        "duplicate_count": "2",
        "duplicate_queues": "val_low_rank_weak_positives;val_morphology_rescues",
        "review_priority": "P1",
        "queue": "val_morphology_rescues",
        "priority_order": "21",
        "review_lane": "morphology_rescue_review",
        "dataset": "val",
        "final_split": "val",
        "sample_id": "wl-pos-pos-es-pba-28585",
        "bank_id": "pos-es-pba-28585",
        "label_class": "1",
        "label_role": "positive",
        "suggested_taxonomy": "castro",
        "suggested_decision": "inspect_morphology_rescue",
        "boundary_action": "If visible, draw croa/muralla/recinto polygon; otherwise mark needs_followup.",
        "review_status": "pending",
        "review_notes": "",
        "final_taxonomy": "",
        "final_decision": "",
        "pretriage_order": "",
        "pretriage_group": "morphology_rescue",
        "pretriage_decision": "morphology_boundary_review",
        "pretriage_confidence": "medium_morphology_signal_boundary_needed",
        "training_use_after_review": "positive_candidate_after_boundary_review",
        "do_not_use_as": "new_discovery_claim_without_review",
        "visual_reading": "Morphology channel raises the point; inspect whether slope/LRM expresses a real enclosure or only terrain edge.",
        "name": "Castro de Punta de San Pedro",
        "municipality": "Barreiros",
        "parish": "San Pedro de Benquerencia (San Pedro)",
        "country": "ES",
        "fusion_probability": "0.29958041",
        "fusion_rank": "872",
        "max_safety_rank": "373",
        "archetype_only_rank": "298",
        "specialist_probability": "0.28870568",
        "specialist_rank": "809",
        "specialist_mean_rank": "844",
        "rank_delta_fusion_to_max": "499",
        "negative_type": "",
        "morphology_proxy": "coastal_promontory_hint",
        "visual_sheet": "",
        "review_reason": "Weak positive moved upward by max_safety; inspect as morphology-aware training evidence."
      }
    },
    {
      "type": "Feature",
      "geometry": {
        "type": "Point",
        "coordinates": [
          -8.873630702842346,
          42.04729664956693
        ]
      },
      "properties": {
        "review_id": "err-review-0114",
        "sample_review_key": "wl-pos-pos-es-pba-69292",
        "duplicate_count": "2",
        "duplicate_queues": "val_low_rank_weak_positives;val_morphology_rescues",
        "review_priority": "P1",
        "queue": "val_morphology_rescues",
        "priority_order": "22",
        "review_lane": "morphology_rescue_review",
        "dataset": "val",
        "final_split": "val",
        "sample_id": "wl-pos-pos-es-pba-69292",
        "bank_id": "pos-es-pba-69292",
        "label_class": "1",
        "label_role": "positive",
        "suggested_taxonomy": "castro",
        "suggested_decision": "inspect_morphology_rescue",
        "boundary_action": "If visible, draw croa/muralla/recinto polygon; otherwise mark needs_followup.",
        "review_status": "pending",
        "review_notes": "",
        "final_taxonomy": "",
        "final_decision": "",
        "pretriage_order": "",
        "pretriage_group": "morphology_rescue",
        "pretriage_decision": "morphology_boundary_review",
        "pretriage_confidence": "medium_morphology_signal_boundary_needed",
        "training_use_after_review": "positive_candidate_after_boundary_review",
        "do_not_use_as": "new_discovery_claim_without_review",
        "visual_reading": "Morphology channel raises the point; inspect whether slope/LRM expresses a real enclosure or only terrain edge.",
        "name": "Castro de Mougás/O Crasto",
        "municipality": "Oia",
        "parish": "Mougás (Santa Uxía)",
        "country": "ES",
        "fusion_probability": "0.04772812",
        "fusion_rank": "1763",
        "max_safety_rank": "1310",
        "archetype_only_rank": "936",
        "specialist_probability": "0.04119979",
        "specialist_rank": "1722",
        "specialist_mean_rank": "1750",
        "rank_delta_fusion_to_max": "453",
        "negative_type": "",
        "morphology_proxy": "generic_castro_hint",
        "visual_sheet": "",
        "review_reason": "Weak positive moved upward by max_safety; inspect as morphology-aware training evidence."
      }
    },
    {
      "type": "Feature",
      "geometry": {
        "type": "Point",
        "coordinates": [
          -8.866182191051914,
          41.99444455984168
        ]
      },
      "properties": {
        "review_id": "err-review-0115",
        "sample_review_key": "wl-pos-pos-es-pba-69290",
        "duplicate_count": "1",
        "duplicate_queues": "val_morphology_rescues",
        "review_priority": "P1",
        "queue": "val_morphology_rescues",
        "priority_order": "23",
        "review_lane": "morphology_rescue_review",
        "dataset": "val",
        "final_split": "val",
        "sample_id": "wl-pos-pos-es-pba-69290",
        "bank_id": "pos-es-pba-69290",
        "label_class": "1",
        "label_role": "positive",
        "suggested_taxonomy": "castro",
        "suggested_decision": "inspect_morphology_rescue",
        "boundary_action": "If visible, draw croa/muralla/recinto polygon; otherwise mark needs_followup.",
        "review_status": "pending",
        "review_notes": "",
        "final_taxonomy": "",
        "final_decision": "",
        "pretriage_order": "",
        "pretriage_group": "morphology_rescue",
        "pretriage_decision": "morphology_boundary_review",
        "pretriage_confidence": "medium_morphology_signal_boundary_needed",
        "training_use_after_review": "positive_candidate_after_boundary_review",
        "do_not_use_as": "new_discovery_claim_without_review",
        "visual_reading": "Morphology channel raises the point; inspect whether slope/LRM expresses a real enclosure or only terrain edge.",
        "name": "Castro de Chavella",
        "municipality": "Oia",
        "parish": "Oia (Santa María)",
        "country": "ES",
        "fusion_probability": "0.41771023",
        "fusion_rank": "568",
        "max_safety_rank": "121",
        "archetype_only_rank": "100",
        "specialist_probability": "0.69514917",
        "specialist_rank": "308",
        "specialist_mean_rank": "377",
        "rank_delta_fusion_to_max": "447",
        "negative_type": "",
        "morphology_proxy": "generic_castro_hint",
        "visual_sheet": "",
        "review_reason": "Weak positive moved upward by max_safety; inspect as morphology-aware training evidence."
      }
    },
    {
      "type": "Feature",
      "geometry": {
        "type": "Point",
        "coordinates": [
          -8.702819451305215,
          42.48248479801781
        ]
      },
      "properties": {
        "review_id": "err-review-0116",
        "sample_review_key": "wl-pos-pos-es-pba-66619",
        "duplicate_count": "2",
        "duplicate_queues": "val_low_rank_weak_positives;val_morphology_rescues",
        "review_priority": "P1",
        "queue": "val_morphology_rescues",
        "priority_order": "24",
        "review_lane": "morphology_rescue_review",
        "dataset": "val",
        "final_split": "val",
        "sample_id": "wl-pos-pos-es-pba-66619",
        "bank_id": "pos-es-pba-66619",
        "label_class": "1",
        "label_role": "positive",
        "suggested_taxonomy": "castro",
        "suggested_decision": "inspect_morphology_rescue",
        "boundary_action": "If visible, draw croa/muralla/recinto polygon; otherwise mark needs_followup.",
        "review_status": "pending",
        "review_notes": "",
        "final_taxonomy": "",
        "final_decision": "",
        "pretriage_order": "",
        "pretriage_group": "morphology_rescue",
        "pretriage_decision": "morphology_boundary_review",
        "pretriage_confidence": "medium_morphology_signal_boundary_needed",
        "training_use_after_review": "positive_candidate_after_boundary_review",
        "do_not_use_as": "new_discovery_claim_without_review",
        "visual_reading": "Morphology channel raises the point; inspect whether slope/LRM expresses a real enclosure or only terrain edge.",
        "name": "Ermida e Castelo do Monte Castrove",
        "municipality": "Meis",
        "parish": "A Armenteira (Santa María)",
        "country": "ES",
        "fusion_probability": "0.25339501",
        "fusion_rank": "999",
        "max_safety_rank": "565",
        "archetype_only_rank": "426",
        "specialist_probability": "0.29259366",
        "specialist_rank": "801",
        "specialist_mean_rank": "902",
        "rank_delta_fusion_to_max": "434",
        "negative_type": "",
        "morphology_proxy": "hilltop_hint",
        "visual_sheet": "",
        "review_reason": "Weak positive moved upward by max_safety; inspect as morphology-aware training evidence."
      }
    },
    {
      "type": "Feature",
      "geometry": {
        "type": "Point",
        "coordinates": [
          -7.311971413888005,
          43.55486841672692
        ]
      },
      "properties": {
        "review_id": "err-review-0117",
        "sample_review_key": "wl-pos-pos-es-pba-30966",
        "duplicate_count": "2",
        "duplicate_queues": "val_low_rank_weak_positives;val_morphology_rescues",
        "review_priority": "P1",
        "queue": "val_morphology_rescues",
        "priority_order": "25",
        "review_lane": "morphology_rescue_review",
        "dataset": "val",
        "final_split": "val",
        "sample_id": "wl-pos-pos-es-pba-30966",
        "bank_id": "pos-es-pba-30966",
        "label_class": "1",
        "label_role": "positive",
        "suggested_taxonomy": "castro",
        "suggested_decision": "inspect_morphology_rescue",
        "boundary_action": "If visible, draw croa/muralla/recinto polygon; otherwise mark needs_followup.",
        "review_status": "pending",
        "review_notes": "",
        "final_taxonomy": "",
        "final_decision": "",
        "pretriage_order": "",
        "pretriage_group": "morphology_rescue",
        "pretriage_decision": "morphology_boundary_review",
        "pretriage_confidence": "medium_morphology_signal_boundary_needed",
        "training_use_after_review": "positive_candidate_after_boundary_review",
        "do_not_use_as": "new_discovery_claim_without_review",
        "visual_reading": "Morphology channel raises the point; inspect whether slope/LRM expresses a real enclosure or only terrain edge.",
        "name": "Os Castros das Engrobias/Castros de Lelle",
        "municipality": "Foz",
        "parish": "San Martiño de Mondoñedo (San Marti¤o)",
        "country": "ES",
        "fusion_probability": "0.30856520",
        "fusion_rank": "840",
        "max_safety_rank": "448",
        "archetype_only_rank": "351",
        "specialist_probability": "0.39970530",
        "specialist_rank": "597",
        "specialist_mean_rank": "692",
        "rank_delta_fusion_to_max": "392",
        "negative_type": "",
        "morphology_proxy": "generic_castro_hint",
        "visual_sheet": "",
        "review_reason": "Weak positive moved upward by max_safety; inspect as morphology-aware training evidence."
      }
    },
    {
      "type": "Feature",
      "geometry": {
        "type": "Point",
        "coordinates": [
          -8.674319349813626,
          42.734636908986175
        ]
      },
      "properties": {
        "review_id": "err-review-0118",
        "sample_review_key": "wl-pos-pos-es-pba-9494",
        "duplicate_count": "2",
        "duplicate_queues": "val_low_rank_weak_positives;val_morphology_rescues",
        "review_priority": "P1",
        "queue": "val_morphology_rescues",
        "priority_order": "26",
        "review_lane": "morphology_rescue_review",
        "dataset": "val",
        "final_split": "val",
        "sample_id": "wl-pos-pos-es-pba-9494",
        "bank_id": "pos-es-pba-9494",
        "label_class": "1",
        "label_role": "positive",
        "suggested_taxonomy": "castro",
        "suggested_decision": "inspect_morphology_rescue",
        "boundary_action": "If visible, draw croa/muralla/recinto polygon; otherwise mark needs_followup.",
        "review_status": "pending",
        "review_notes": "",
        "final_taxonomy": "",
        "final_decision": "",
        "pretriage_order": "",
        "pretriage_group": "morphology_rescue",
        "pretriage_decision": "morphology_boundary_review",
        "pretriage_confidence": "medium_morphology_signal_boundary_needed",
        "training_use_after_review": "positive_candidate_after_boundary_review",
        "do_not_use_as": "new_discovery_claim_without_review",
        "visual_reading": "Morphology channel raises the point; inspect whether slope/LRM expresses a real enclosure or only terrain edge.",
        "name": "Castro de Lestrobe",
        "municipality": "Dodro",
        "parish": "Dodro (Santa María)",
        "country": "ES",
        "fusion_probability": "0.32429507",
        "fusion_rank": "787",
        "max_safety_rank": "398",
        "archetype_only_rank": "316",
        "specialist_probability": "0.53231845",
        "specialist_rank": "449",
        "specialist_mean_rank": "552",
        "rank_delta_fusion_to_max": "389",
        "negative_type": "",
        "morphology_proxy": "generic_castro_hint",
        "visual_sheet": "",
        "review_reason": "Weak positive moved upward by max_safety; inspect as morphology-aware training evidence."
      }
    },
    {
      "type": "Feature",
      "geometry": {
        "type": "Point",
        "coordinates": [
          -8.553165205254059,
          42.53525283476263
        ]
      },
      "properties": {
        "review_id": "err-review-0119",
        "sample_review_key": "wl-pos-pos-es-pba-63965",
        "duplicate_count": "2",
        "duplicate_queues": "val_low_rank_weak_positives;val_morphology_rescues",
        "review_priority": "P1",
        "queue": "val_morphology_rescues",
        "priority_order": "27",
        "review_lane": "morphology_rescue_review",
        "dataset": "val",
        "final_split": "val",
        "sample_id": "wl-pos-pos-es-pba-63965",
        "bank_id": "pos-es-pba-63965",
        "label_class": "1",
        "label_role": "positive",
        "suggested_taxonomy": "castro",
        "suggested_decision": "inspect_morphology_rescue",
        "boundary_action": "If visible, draw croa/muralla/recinto polygon; otherwise mark needs_followup.",
        "review_status": "pending",
        "review_notes": "",
        "final_taxonomy": "",
        "final_decision": "",
        "pretriage_order": "",
        "pretriage_group": "morphology_rescue",
        "pretriage_decision": "morphology_boundary_review",
        "pretriage_confidence": "medium_morphology_signal_boundary_needed",
        "training_use_after_review": "positive_candidate_after_boundary_review",
        "do_not_use_as": "new_discovery_claim_without_review",
        "visual_reading": "Morphology channel raises the point; inspect whether slope/LRM expresses a real enclosure or only terrain edge.",
        "name": "Castro da Devesiña",
        "municipality": "Campo Lameiro",
        "parish": "O Campo (San Miguel)",
        "country": "ES",
        "fusion_probability": "0.14131656",
        "fusion_rank": "1374",
        "max_safety_rank": "994",
        "archetype_only_rank": "701",
        "specialist_probability": "0.27372529",
        "specialist_rank": "837",
        "specialist_mean_rank": "1090",
        "rank_delta_fusion_to_max": "380",
        "negative_type": "",
        "morphology_proxy": "generic_castro_hint",
        "visual_sheet": "",
        "review_reason": "Weak positive moved upward by max_safety; inspect as morphology-aware training evidence."
      }
    },
    {
      "type": "Feature",
      "geometry": {
        "type": "Point",
        "coordinates": [
          -8.93655550311836,
          42.47882860854801
        ]
      },
      "properties": {
        "review_id": "err-review-0120",
        "sample_review_key": "wl-pos-pos-es-pba-65613",
        "duplicate_count": "1",
        "duplicate_queues": "val_morphology_rescues",
        "review_priority": "P1",
        "queue": "val_morphology_rescues",
        "priority_order": "28",
        "review_lane": "morphology_rescue_review",
        "dataset": "val",
        "final_split": "val",
        "sample_id": "wl-pos-pos-es-pba-65613",
        "bank_id": "pos-es-pba-65613",
        "label_class": "1",
        "label_role": "positive",
        "suggested_taxonomy": "castro",
        "suggested_decision": "inspect_morphology_rescue",
        "boundary_action": "If visible, draw croa/muralla/recinto polygon; otherwise mark needs_followup.",
        "review_status": "pending",
        "review_notes": "",
        "final_taxonomy": "",
        "final_decision": "",
        "pretriage_order": "",
        "pretriage_group": "morphology_rescue",
        "pretriage_decision": "morphology_boundary_review",
        "pretriage_confidence": "medium_morphology_signal_boundary_needed",
        "training_use_after_review": "positive_candidate_after_boundary_review",
        "do_not_use_as": "new_discovery_claim_without_review",
        "visual_reading": "Morphology channel raises the point; inspect whether slope/LRM expresses a real enclosure or only terrain edge.",
        "name": "O Castriño",
        "municipality": "O Grove",
        "parish": "San Vicente do Grove (San Vicente)",
        "country": "ES",
        "fusion_probability": "0.39060475",
        "fusion_rank": "635",
        "max_safety_rank": "266",
        "archetype_only_rank": "212",
        "specialist_probability": "0.26228156",
        "specialist_rank": "867",
        "specialist_mean_rank": "758",
        "rank_delta_fusion_to_max": "369",
        "negative_type": "",
        "morphology_proxy": "generic_castro_hint",
        "visual_sheet": "",
        "review_reason": "Weak positive moved upward by max_safety; inspect as morphology-aware training evidence."
      }
    },
    {
      "type": "Feature",
      "geometry": {
        "type": "Point",
        "coordinates": [
          -8.536652972635391,
          42.74668291363823
        ]
      },
      "properties": {
        "review_id": "err-review-0121",
        "sample_review_key": "wl-pos-pos-es-pba-64725",
        "duplicate_count": "2",
        "duplicate_queues": "val_low_rank_weak_positives;val_morphology_rescues",
        "review_priority": "P1",
        "queue": "val_morphology_rescues",
        "priority_order": "29",
        "review_lane": "morphology_rescue_review",
        "dataset": "val",
        "final_split": "val",
        "sample_id": "wl-pos-pos-es-pba-64725",
        "bank_id": "pos-es-pba-64725",
        "label_class": "1",
        "label_role": "positive",
        "suggested_taxonomy": "castro",
        "suggested_decision": "inspect_morphology_rescue",
        "boundary_action": "If visible, draw croa/muralla/recinto polygon; otherwise mark needs_followup.",
        "review_status": "pending",
        "review_notes": "",
        "final_taxonomy": "",
        "final_decision": "",
        "pretriage_order": "",
        "pretriage_group": "morphology_rescue",
        "pretriage_decision": "morphology_boundary_review",
        "pretriage_confidence": "medium_morphology_signal_boundary_needed",
        "training_use_after_review": "positive_candidate_after_boundary_review",
        "do_not_use_as": "new_discovery_claim_without_review",
        "visual_reading": "Morphology channel raises the point; inspect whether slope/LRM expresses a real enclosure or only terrain edge.",
        "name": "Castro de Vila Criste",
        "municipality": "A Estrada",
        "parish": "Cora (San Miguel)",
        "country": "ES",
        "fusion_probability": "0.29049031",
        "fusion_rank": "892",
        "max_safety_rank": "532",
        "archetype_only_rank": "402",
        "specialist_probability": "0.36450837",
        "specialist_rank": "660",
        "specialist_mean_rank": "754",
        "rank_delta_fusion_to_max": "360",
        "negative_type": "",
        "morphology_proxy": "generic_castro_hint",
        "visual_sheet": "",
        "review_reason": "Weak positive moved upward by max_safety; inspect as morphology-aware training evidence."
      }
    },
    {
      "type": "Feature",
      "geometry": {
        "type": "Point",
        "coordinates": [
          -8.130668145915354,
          42.32378210273757
        ]
      },
      "properties": {
        "review_id": "err-review-0122",
        "sample_review_key": "wl-pos-pos-es-pba-46140",
        "duplicate_count": "2",
        "duplicate_queues": "val_low_rank_weak_positives;val_morphology_rescues",
        "review_priority": "P1",
        "queue": "val_morphology_rescues",
        "priority_order": "30",
        "review_lane": "morphology_rescue_review",
        "dataset": "val",
        "final_split": "val",
        "sample_id": "wl-pos-pos-es-pba-46140",
        "bank_id": "pos-es-pba-46140",
        "label_class": "1",
        "label_role": "positive",
        "suggested_taxonomy": "castro",
        "suggested_decision": "inspect_morphology_rescue",
        "boundary_action": "If visible, draw croa/muralla/recinto polygon; otherwise mark needs_followup.",
        "review_status": "pending",
        "review_notes": "",
        "final_taxonomy": "",
        "final_decision": "",
        "pretriage_order": "",
        "pretriage_group": "morphology_rescue",
        "pretriage_decision": "morphology_boundary_review",
        "pretriage_confidence": "medium_morphology_signal_boundary_needed",
        "training_use_after_review": "positive_candidate_after_boundary_review",
        "do_not_use_as": "new_discovery_claim_without_review",
        "visual_reading": "Morphology channel raises the point; inspect whether slope/LRM expresses a real enclosure or only terrain edge.",
        "name": "O Castro/Sartego antropomorfo do Castro",
        "municipality": "Beade",
        "parish": "Beade (Santa María)",
        "country": "ES",
        "fusion_probability": "0.14262395",
        "fusion_rank": "1369",
        "max_safety_rank": "1032",
        "archetype_only_rank": "724",
        "specialist_probability": "0.23937453",
        "specialist_rank": "923",
        "specialist_mean_rank": "1147",
        "rank_delta_fusion_to_max": "337",
        "negative_type": "",
        "morphology_proxy": "generic_castro_hint",
        "visual_sheet": "",
        "review_reason": "Weak positive moved upward by max_safety; inspect as morphology-aware training evidence."
      }
    },
    {
      "type": "Feature",
      "geometry": {
        "type": "Point",
        "coordinates": [
          -7.307847458782912,
          43.6103592734137
        ]
      },
      "properties": {
        "review_id": "err-review-0123",
        "sample_review_key": "wl-pos-pos-es-pba-30964",
        "duplicate_count": "1",
        "duplicate_queues": "val_morphology_rescues",
        "review_priority": "P1",
        "queue": "val_morphology_rescues",
        "priority_order": "31",
        "review_lane": "morphology_rescue_review",
        "dataset": "val",
        "final_split": "val",
        "sample_id": "wl-pos-pos-es-pba-30964",
        "bank_id": "pos-es-pba-30964",
        "label_class": "1",
        "label_role": "positive",
        "suggested_taxonomy": "castro",
        "suggested_decision": "inspect_morphology_rescue",
        "boundary_action": "If visible, draw croa/muralla/recinto polygon; otherwise mark needs_followup.",
        "review_status": "pending",
        "review_notes": "",
        "final_taxonomy": "",
        "final_decision": "",
        "pretriage_order": "",
        "pretriage_group": "morphology_rescue",
        "pretriage_decision": "morphology_boundary_review",
        "pretriage_confidence": "medium_morphology_signal_boundary_needed",
        "training_use_after_review": "positive_candidate_after_boundary_review",
        "do_not_use_as": "new_discovery_claim_without_review",
        "visual_reading": "Morphology channel raises the point; inspect whether slope/LRM expresses a real enclosure or only terrain edge.",
        "name": "Os Castros",
        "municipality": "Foz",
        "parish": "Nois (San Xiao)",
        "country": "ES",
        "fusion_probability": "0.46666696",
        "fusion_rank": "485",
        "max_safety_rank": "185",
        "archetype_only_rank": "151",
        "specialist_probability": "0.42431973",
        "specialist_rank": "566",
        "specialist_mean_rank": "527",
        "rank_delta_fusion_to_max": "300",
        "negative_type": "",
        "morphology_proxy": "generic_castro_hint",
        "visual_sheet": "",
        "review_reason": "Weak positive moved upward by max_safety; inspect as morphology-aware training evidence."
      }
    },
    {
      "type": "Feature",
      "geometry": {
        "type": "Point",
        "coordinates": [
          -7.108581133390804,
          43.19977698989687
        ]
      },
      "properties": {
        "review_id": "err-review-0124",
        "sample_review_key": "wl-pos-pos-es-pba-31148",
        "duplicate_count": "1",
        "duplicate_queues": "val_morphology_rescues",
        "review_priority": "P1",
        "queue": "val_morphology_rescues",
        "priority_order": "32",
        "review_lane": "morphology_rescue_review",
        "dataset": "val",
        "final_split": "val",
        "sample_id": "wl-pos-pos-es-pba-31148",
        "bank_id": "pos-es-pba-31148",
        "label_class": "1",
        "label_role": "positive",
        "suggested_taxonomy": "castro",
        "suggested_decision": "inspect_morphology_rescue",
        "boundary_action": "If visible, draw croa/muralla/recinto polygon; otherwise mark needs_followup.",
        "review_status": "pending",
        "review_notes": "",
        "final_taxonomy": "",
        "final_decision": "",
        "pretriage_order": "",
        "pretriage_group": "morphology_rescue",
        "pretriage_decision": "morphology_boundary_review",
        "pretriage_confidence": "medium_morphology_signal_boundary_needed",
        "training_use_after_review": "positive_candidate_after_boundary_review",
        "do_not_use_as": "new_discovery_claim_without_review",
        "visual_reading": "Morphology channel raises the point; inspect whether slope/LRM expresses a real enclosure or only terrain edge.",
        "name": "O Castro/A Croa/Estivo do Castro",
        "municipality": "A Fonsagrada",
        "parish": "Maderne (San Pedro)",
        "country": "ES",
        "fusion_probability": "0.56344333",
        "fusion_rank": "360",
        "max_safety_rank": "85",
        "archetype_only_rank": "64",
        "specialist_probability": "0.98384263",
        "specialist_rank": "71",
        "specialist_mean_rank": "207",
        "rank_delta_fusion_to_max": "275",
        "negative_type": "",
        "morphology_proxy": "croa_top_ring_hint",
        "visual_sheet": "",
        "review_reason": "Weak positive moved upward by max_safety; inspect as morphology-aware training evidence."
      }
    },
    {
      "type": "Feature",
      "geometry": {
        "type": "Point",
        "coordinates": [
          -8.271432385030025,
          42.88926127313282
        ]
      },
      "properties": {
        "review_id": "err-review-0125",
        "sample_review_key": "wl-pos-pos-es-pba-24421",
        "duplicate_count": "2",
        "duplicate_queues": "val_low_rank_weak_positives;val_morphology_rescues",
        "review_priority": "P1",
        "queue": "val_morphology_rescues",
        "priority_order": "33",
        "review_lane": "morphology_rescue_review",
        "dataset": "val",
        "final_split": "val",
        "sample_id": "wl-pos-pos-es-pba-24421",
        "bank_id": "pos-es-pba-24421",
        "label_class": "1",
        "label_role": "positive",
        "suggested_taxonomy": "castro",
        "suggested_decision": "inspect_morphology_rescue",
        "boundary_action": "If visible, draw croa/muralla/recinto polygon; otherwise mark needs_followup.",
        "review_status": "pending",
        "review_notes": "",
        "final_taxonomy": "",
        "final_decision": "",
        "pretriage_order": "",
        "pretriage_group": "morphology_rescue",
        "pretriage_decision": "morphology_boundary_review",
        "pretriage_confidence": "medium_morphology_signal_boundary_needed",
        "training_use_after_review": "positive_candidate_after_boundary_review",
        "do_not_use_as": "new_discovery_claim_without_review",
        "visual_reading": "Morphology channel raises the point; inspect whether slope/LRM expresses a real enclosure or only terrain edge.",
        "name": "Medorra de Lañas/O Castro Grande/A Medorra",
        "municipality": "Touro",
        "parish": "San Fiz de Quión (San Fiz)",
        "country": "ES",
        "fusion_probability": "0.31173728",
        "fusion_rank": "828",
        "max_safety_rank": "557",
        "archetype_only_rank": "420",
        "specialist_probability": "0.14180355",
        "specialist_rank": "1231",
        "specialist_mean_rank": "1026",
        "rank_delta_fusion_to_max": "271",
        "negative_type": "",
        "morphology_proxy": "generic_castro_hint",
        "visual_sheet": "",
        "review_reason": "Weak positive moved upward by max_safety; inspect as morphology-aware training evidence."
      }
    },
    {
      "type": "Feature",
      "geometry": {
        "type": "Point",
        "coordinates": [
          -7.1105458404691495,
          42.21407681932817
        ]
      },
      "properties": {
        "review_id": "err-review-0126",
        "sample_review_key": "wl-pos-pos-es-pba-58770",
        "duplicate_count": "1",
        "duplicate_queues": "val_morphology_rescues",
        "review_priority": "P1",
        "queue": "val_morphology_rescues",
        "priority_order": "34",
        "review_lane": "morphology_rescue_review",
        "dataset": "val",
        "final_split": "val",
        "sample_id": "wl-pos-pos-es-pba-58770",
        "bank_id": "pos-es-pba-58770",
        "label_class": "1",
        "label_role": "positive",
        "suggested_taxonomy": "castro",
        "suggested_decision": "inspect_morphology_rescue",
        "boundary_action": "If visible, draw croa/muralla/recinto polygon; otherwise mark needs_followup.",
        "review_status": "pending",
        "review_notes": "",
        "final_taxonomy": "",
        "final_decision": "",
        "pretriage_order": "",
        "pretriage_group": "morphology_rescue",
        "pretriage_decision": "morphology_boundary_review",
        "pretriage_confidence": "medium_morphology_signal_boundary_needed",
        "training_use_after_review": "positive_candidate_after_boundary_review",
        "do_not_use_as": "new_discovery_claim_without_review",
        "visual_reading": "Morphology channel raises the point; inspect whether slope/LRM expresses a real enclosure or only terrain edge.",
        "name": "Castro do Castelo",
        "municipality": "Viana do Bolo",
        "parish": "Covelo (San Lourenzo)",
        "country": "ES",
        "fusion_probability": "0.40740255",
        "fusion_rank": "593",
        "max_safety_rank": "343",
        "archetype_only_rank": "272",
        "specialist_probability": "0.55070327",
        "specialist_rank": "429",
        "specialist_mean_rank": "475",
        "rank_delta_fusion_to_max": "250",
        "negative_type": "",
        "morphology_proxy": "generic_castro_hint",
        "visual_sheet": "",
        "review_reason": "Weak positive moved upward by max_safety; inspect as morphology-aware training evidence."
      }
    },
    {
      "type": "Feature",
      "geometry": {
        "type": "Point",
        "coordinates": [
          -7.166436692701856,
          42.22518309677026
        ]
      },
      "properties": {
        "review_id": "err-review-0127",
        "sample_review_key": "wl-pos-pos-es-pba-58938",
        "duplicate_count": "1",
        "duplicate_queues": "val_morphology_rescues",
        "review_priority": "P1",
        "queue": "val_morphology_rescues",
        "priority_order": "35",
        "review_lane": "morphology_rescue_review",
        "dataset": "val",
        "final_split": "val",
        "sample_id": "wl-pos-pos-es-pba-58938",
        "bank_id": "pos-es-pba-58938",
        "label_class": "1",
        "label_role": "positive",
        "suggested_taxonomy": "castro",
        "suggested_decision": "inspect_morphology_rescue",
        "boundary_action": "If visible, draw croa/muralla/recinto polygon; otherwise mark needs_followup.",
        "review_status": "pending",
        "review_notes": "",
        "final_taxonomy": "",
        "final_decision": "",
        "pretriage_order": "",
        "pretriage_group": "morphology_rescue",
        "pretriage_decision": "morphology_boundary_review",
        "pretriage_confidence": "medium_morphology_signal_boundary_needed",
        "training_use_after_review": "positive_candidate_after_boundary_review",
        "do_not_use_as": "new_discovery_claim_without_review",
        "visual_reading": "Morphology channel raises the point; inspect whether slope/LRM expresses a real enclosure or only terrain edge.",
        "name": "O Castro de Grixoa",
        "municipality": "Viana do Bolo",
        "parish": "Grixoa (San Pedro)",
        "country": "ES",
        "fusion_probability": "0.44884567",
        "fusion_rank": "517",
        "max_safety_rank": "275",
        "archetype_only_rank": "220",
        "specialist_probability": "0.86546890",
        "specialist_rank": "203",
        "specialist_mean_rank": "287",
        "rank_delta_fusion_to_max": "242",
        "negative_type": "",
        "morphology_proxy": "generic_castro_hint",
        "visual_sheet": "",
        "review_reason": "Weak positive moved upward by max_safety; inspect as morphology-aware training evidence."
      }
    },
    {
      "type": "Feature",
      "geometry": {
        "type": "Point",
        "coordinates": [
          -7.266125604799842,
          43.58182272503391
        ]
      },
      "properties": {
        "review_id": "err-review-0128",
        "sample_review_key": "wl-pos-pos-es-pba-31001",
        "duplicate_count": "1",
        "duplicate_queues": "val_morphology_rescues",
        "review_priority": "P1",
        "queue": "val_morphology_rescues",
        "priority_order": "36",
        "review_lane": "morphology_rescue_review",
        "dataset": "val",
        "final_split": "val",
        "sample_id": "wl-pos-pos-es-pba-31001",
        "bank_id": "pos-es-pba-31001",
        "label_class": "1",
        "label_role": "positive",
        "suggested_taxonomy": "castro",
        "suggested_decision": "inspect_morphology_rescue",
        "boundary_action": "If visible, draw croa/muralla/recinto polygon; otherwise mark needs_followup.",
        "review_status": "pending",
        "review_notes": "",
        "final_taxonomy": "",
        "final_decision": "",
        "pretriage_order": "",
        "pretriage_group": "morphology_rescue",
        "pretriage_decision": "morphology_boundary_review",
        "pretriage_confidence": "medium_morphology_signal_boundary_needed",
        "training_use_after_review": "positive_candidate_after_boundary_review",
        "do_not_use_as": "new_discovery_claim_without_review",
        "visual_reading": "Morphology channel raises the point; inspect whether slope/LRM expresses a real enclosure or only terrain edge.",
        "name": "Punta dos Bois/Castro de Llas/Cu do Castro",
        "municipality": "Foz",
        "parish": "Foz (Santiago)",
        "country": "ES",
        "fusion_probability": "0.64729250",
        "fusion_rank": "271",
        "max_safety_rank": "40",
        "archetype_only_rank": "34",
        "specialist_probability": "0.58456270",
        "specialist_rank": "393",
        "specialist_mean_rank": "328",
        "rank_delta_fusion_to_max": "231",
        "negative_type": "",
        "morphology_proxy": "coastal_promontory_hint",
        "visual_sheet": "",
        "review_reason": "Weak positive moved upward by max_safety; inspect as morphology-aware training evidence."
      }
    },
    {
      "type": "Feature",
      "geometry": {
        "type": "Point",
        "coordinates": [
          -8.498408357336032,
          42.555050382391805
        ]
      },
      "properties": {
        "review_id": "err-review-0129",
        "sample_review_key": "wl-pos-pos-es-pba-63859",
        "duplicate_count": "2",
        "duplicate_queues": "val_low_rank_weak_positives;val_morphology_rescues",
        "review_priority": "P1",
        "queue": "val_morphology_rescues",
        "priority_order": "37",
        "review_lane": "morphology_rescue_review",
        "dataset": "val",
        "final_split": "val",
        "sample_id": "wl-pos-pos-es-pba-63859",
        "bank_id": "pos-es-pba-63859",
        "label_class": "1",
        "label_role": "positive",
        "suggested_taxonomy": "castro",
        "suggested_decision": "inspect_morphology_rescue",
        "boundary_action": "If visible, draw croa/muralla/recinto polygon; otherwise mark needs_followup.",
        "review_status": "pending",
        "review_notes": "",
        "final_taxonomy": "",
        "final_decision": "",
        "pretriage_order": "",
        "pretriage_group": "morphology_rescue",
        "pretriage_decision": "morphology_boundary_review",
        "pretriage_confidence": "medium_morphology_signal_boundary_needed",
        "training_use_after_review": "positive_candidate_after_boundary_review",
        "do_not_use_as": "new_discovery_claim_without_review",
        "visual_reading": "Morphology channel raises the point; inspect whether slope/LRM expresses a real enclosure or only terrain edge.",
        "name": "Casa do Castro",
        "municipality": "Campo Lameiro",
        "parish": "Morillas (Santiago)",
        "country": "ES",
        "fusion_probability": "0.02670907",
        "fusion_rank": "1825",
        "max_safety_rank": "1613",
        "archetype_only_rank": "1269",
        "specialist_probability": "0.03113617",
        "specialist_rank": "1770",
        "specialist_mean_rank": "1815",
        "rank_delta_fusion_to_max": "212",
        "negative_type": "",
        "morphology_proxy": "generic_castro_hint",
        "visual_sheet": "",
        "review_reason": "Weak positive moved upward by max_safety; inspect as morphology-aware training evidence."
      }
    },
    {
      "type": "Feature",
      "geometry": {
        "type": "Point",
        "coordinates": [
          -8.31830696844109,
          43.40101205296719
        ]
      },
      "properties": {
        "review_id": "err-review-0130",
        "sample_review_key": "wl-pos-pos-es-pba-15425",
        "duplicate_count": "1",
        "duplicate_queues": "val_morphology_rescues",
        "review_priority": "P1",
        "queue": "val_morphology_rescues",
        "priority_order": "38",
        "review_lane": "morphology_rescue_review",
        "dataset": "val",
        "final_split": "val",
        "sample_id": "wl-pos-pos-es-pba-15425",
        "bank_id": "pos-es-pba-15425",
        "label_class": "1",
        "label_role": "positive",
        "suggested_taxonomy": "castro",
        "suggested_decision": "inspect_morphology_rescue",
        "boundary_action": "If visible, draw croa/muralla/recinto polygon; otherwise mark needs_followup.",
        "review_status": "pending",
        "review_notes": "",
        "final_taxonomy": "",
        "final_decision": "",
        "pretriage_order": "",
        "pretriage_group": "morphology_rescue",
        "pretriage_decision": "morphology_boundary_review",
        "pretriage_confidence": "medium_morphology_signal_boundary_needed",
        "training_use_after_review": "positive_candidate_after_boundary_review",
        "do_not_use_as": "new_discovery_claim_without_review",
        "visual_reading": "Morphology channel raises the point; inspect whether slope/LRM expresses a real enclosure or only terrain edge.",
        "name": "Castro de Punta Roza",
        "municipality": "Oleiros",
        "parish": "Dexo (Santa María)",
        "country": "ES",
        "fusion_probability": "0.69881558",
        "fusion_rank": "223",
        "max_safety_rank": "17",
        "archetype_only_rank": "17",
        "specialist_probability": "0.99659370",
        "specialist_rank": "35",
        "specialist_mean_rank": "161",
        "rank_delta_fusion_to_max": "206",
        "negative_type": "",
        "morphology_proxy": "coastal_promontory_hint",
        "visual_sheet": "",
        "review_reason": "Weak positive moved upward by max_safety; inspect as morphology-aware training evidence."
      }
    },
    {
      "type": "Feature",
      "geometry": {
        "type": "Point",
        "coordinates": [
          -8.34820096675144,
          42.75364922746449
        ]
      },
      "properties": {
        "review_id": "err-review-0131",
        "sample_review_key": "wl-pos-pos-es-pba-64727",
        "duplicate_count": "1",
        "duplicate_queues": "val_morphology_rescues",
        "review_priority": "P1",
        "queue": "val_morphology_rescues",
        "priority_order": "39",
        "review_lane": "morphology_rescue_review",
        "dataset": "val",
        "final_split": "val",
        "sample_id": "wl-pos-pos-es-pba-64727",
        "bank_id": "pos-es-pba-64727",
        "label_class": "1",
        "label_role": "positive",
        "suggested_taxonomy": "castro",
        "suggested_decision": "inspect_morphology_rescue",
        "boundary_action": "If visible, draw croa/muralla/recinto polygon; otherwise mark needs_followup.",
        "review_status": "pending",
        "review_notes": "",
        "final_taxonomy": "",
        "final_decision": "",
        "pretriage_order": "",
        "pretriage_group": "morphology_rescue",
        "pretriage_decision": "morphology_boundary_review",
        "pretriage_confidence": "medium_morphology_signal_boundary_needed",
        "training_use_after_review": "positive_candidate_after_boundary_review",
        "do_not_use_as": "new_discovery_claim_without_review",
        "visual_reading": "Morphology channel raises the point; inspect whether slope/LRM expresses a real enclosure or only terrain edge.",
        "name": "Castro Lóbrigo",
        "municipality": "A Estrada",
        "parish": "Loimil (Santa María)",
        "country": "ES",
        "fusion_probability": "0.39035187",
        "fusion_rank": "636",
        "max_safety_rank": "440",
        "archetype_only_rank": "347",
        "specialist_probability": "0.28002483",
        "specialist_rank": "829",
        "specialist_mean_rank": "735",
        "rank_delta_fusion_to_max": "196",
        "negative_type": "",
        "morphology_proxy": "generic_castro_hint",
        "visual_sheet": "",
        "review_reason": "Weak positive moved upward by max_safety; inspect as morphology-aware training evidence."
      }
    },
    {
      "type": "Feature",
      "geometry": {
        "type": "Point",
        "coordinates": [
          -7.065621556896318,
          43.191466131041224
        ]
      },
      "properties": {
        "review_id": "err-review-0132",
        "sample_review_key": "wl-pos-pos-es-pba-31076",
        "duplicate_count": "1",
        "duplicate_queues": "val_morphology_rescues",
        "review_priority": "P1",
        "queue": "val_morphology_rescues",
        "priority_order": "40",
        "review_lane": "morphology_rescue_review",
        "dataset": "val",
        "final_split": "val",
        "sample_id": "wl-pos-pos-es-pba-31076",
        "bank_id": "pos-es-pba-31076",
        "label_class": "1",
        "label_role": "positive",
        "suggested_taxonomy": "castro",
        "suggested_decision": "inspect_morphology_rescue",
        "boundary_action": "If visible, draw croa/muralla/recinto polygon; otherwise mark needs_followup.",
        "review_status": "pending",
        "review_notes": "",
        "final_taxonomy": "",
        "final_decision": "",
        "pretriage_order": "",
        "pretriage_group": "morphology_rescue",
        "pretriage_decision": "morphology_boundary_review",
        "pretriage_confidence": "medium_morphology_signal_boundary_needed",
        "training_use_after_review": "positive_candidate_after_boundary_review",
        "do_not_use_as": "new_discovery_claim_without_review",
        "visual_reading": "Morphology channel raises the point; inspect whether slope/LRM expresses a real enclosure or only terrain edge.",
        "name": "O Castro",
        "municipality": "A Fonsagrada",
        "parish": "O Trobo (Santa María)",
        "country": "ES",
        "fusion_probability": "0.57168987",
        "fusion_rank": "348",
        "max_safety_rank": "166",
        "archetype_only_rank": "131",
        "specialist_probability": "0.92790170",
        "specialist_rank": "148",
        "specialist_mean_rank": "228",
        "rank_delta_fusion_to_max": "182",
        "negative_type": "",
        "morphology_proxy": "generic_castro_hint",
        "visual_sheet": "",
        "review_reason": "Weak positive moved upward by max_safety; inspect as morphology-aware training evidence."
      }
    },
    {
      "type": "Feature",
      "geometry": {
        "type": "Point",
        "coordinates": [
          -7.70690372429757,
          43.53541670805242
        ]
      },
      "properties": {
        "review_id": "err-review-0133",
        "sample_review_key": "wl-pos-pos-es-pba-35729",
        "duplicate_count": "1",
        "duplicate_queues": "val_morphology_rescues",
        "review_priority": "P1",
        "queue": "val_morphology_rescues",
        "priority_order": "41",
        "review_lane": "morphology_rescue_review",
        "dataset": "val",
        "final_split": "val",
        "sample_id": "wl-pos-pos-es-pba-35729",
        "bank_id": "pos-es-pba-35729",
        "label_class": "1",
        "label_role": "positive",
        "suggested_taxonomy": "castro",
        "suggested_decision": "inspect_morphology_rescue",
        "boundary_action": "If visible, draw croa/muralla/recinto polygon; otherwise mark needs_followup.",
        "review_status": "pending",
        "review_notes": "",
        "final_taxonomy": "",
        "final_decision": "",
        "pretriage_order": "",
        "pretriage_group": "morphology_rescue",
        "pretriage_decision": "morphology_boundary_review",
        "pretriage_confidence": "medium_morphology_signal_boundary_needed",
        "training_use_after_review": "positive_candidate_after_boundary_review",
        "do_not_use_as": "new_discovery_claim_without_review",
        "visual_reading": "Morphology channel raises the point; inspect whether slope/LRM expresses a real enclosure or only terrain edge.",
        "name": "Castro do Carrusco",
        "municipality": "Ourol",
        "parish": "O Sisto (Santa María)",
        "country": "ES",
        "fusion_probability": "0.71050574",
        "fusion_rank": "215",
        "max_safety_rank": "64",
        "archetype_only_rank": "52",
        "specialist_probability": "0.95434089",
        "specialist_rank": "118",
        "specialist_mean_rank": "169",
        "rank_delta_fusion_to_max": "151",
        "negative_type": "",
        "morphology_proxy": "generic_castro_hint",
        "visual_sheet": "",
        "review_reason": "Weak positive moved upward by max_safety; inspect as morphology-aware training evidence."
      }
    },
    {
      "type": "Feature",
      "geometry": {
        "type": "Point",
        "coordinates": [
          -7.177577887572078,
          43.562789112381324
        ]
      },
      "properties": {
        "review_id": "err-review-0134",
        "sample_review_key": "wl-pos-pos-es-pba-28234",
        "duplicate_count": "1",
        "duplicate_queues": "val_morphology_rescues",
        "review_priority": "P1",
        "queue": "val_morphology_rescues",
        "priority_order": "42",
        "review_lane": "morphology_rescue_review",
        "dataset": "val",
        "final_split": "val",
        "sample_id": "wl-pos-pos-es-pba-28234",
        "bank_id": "pos-es-pba-28234",
        "label_class": "1",
        "label_role": "positive",
        "suggested_taxonomy": "castro",
        "suggested_decision": "inspect_morphology_rescue",
        "boundary_action": "If visible, draw croa/muralla/recinto polygon; otherwise mark needs_followup.",
        "review_status": "pending",
        "review_notes": "",
        "final_taxonomy": "",
        "final_decision": "",
        "pretriage_order": "",
        "pretriage_group": "morphology_rescue",
        "pretriage_decision": "morphology_boundary_review",
        "pretriage_confidence": "medium_morphology_signal_boundary_needed",
        "training_use_after_review": "positive_candidate_after_boundary_review",
        "do_not_use_as": "new_discovery_claim_without_review",
        "visual_reading": "Morphology channel raises the point; inspect whether slope/LRM expresses a real enclosure or only terrain edge.",
        "name": "Punta do Castro",
        "municipality": "Barreiros",
        "parish": "San Pedro de Benquerencia (San Pedro)",
        "country": "ES",
        "fusion_probability": "0.78960057",
        "fusion_rank": "158",
        "max_safety_rank": "12",
        "archetype_only_rank": "12",
        "specialist_probability": "0.87056269",
        "specialist_rank": "201",
        "specialist_mean_rank": "173",
        "rank_delta_fusion_to_max": "146",
        "negative_type": "",
        "morphology_proxy": "coastal_promontory_hint",
        "visual_sheet": "",
        "review_reason": "Weak positive moved upward by max_safety; inspect as morphology-aware training evidence."
      }
    },
    {
      "type": "Feature",
      "geometry": {
        "type": "Point",
        "coordinates": [
          -7.034424673077542,
          43.07493809539006
        ]
      },
      "properties": {
        "review_id": "err-review-0135",
        "sample_review_key": "wl-pos-pos-es-pba-30719",
        "duplicate_count": "1",
        "duplicate_queues": "val_morphology_rescues",
        "review_priority": "P1",
        "queue": "val_morphology_rescues",
        "priority_order": "43",
        "review_lane": "morphology_rescue_review",
        "dataset": "val",
        "final_split": "val",
        "sample_id": "wl-pos-pos-es-pba-30719",
        "bank_id": "pos-es-pba-30719",
        "label_class": "1",
        "label_role": "positive",
        "suggested_taxonomy": "castro",
        "suggested_decision": "inspect_morphology_rescue",
        "boundary_action": "If visible, draw croa/muralla/recinto polygon; otherwise mark needs_followup.",
        "review_status": "pending",
        "review_notes": "",
        "final_taxonomy": "",
        "final_decision": "",
        "pretriage_order": "",
        "pretriage_group": "morphology_rescue",
        "pretriage_decision": "morphology_boundary_review",
        "pretriage_confidence": "medium_morphology_signal_boundary_needed",
        "training_use_after_review": "positive_candidate_after_boundary_review",
        "do_not_use_as": "new_discovery_claim_without_review",
        "visual_reading": "Morphology channel raises the point; inspect whether slope/LRM expresses a real enclosure or only terrain edge.",
        "name": "Castro",
        "municipality": "A Fonsagrada",
        "parish": "Vilabol de Suarna (Santa María)",
        "country": "ES",
        "fusion_probability": "0.37380652",
        "fusion_rank": "672",
        "max_safety_rank": "528",
        "archetype_only_rank": "399",
        "specialist_probability": "0.50708887",
        "specialist_rank": "474",
        "specialist_mean_rank": "538",
        "rank_delta_fusion_to_max": "144",
        "negative_type": "",
        "morphology_proxy": "generic_castro_hint",
        "visual_sheet": "",
        "review_reason": "Weak positive moved upward by max_safety; inspect as morphology-aware training evidence."
      }
    },
    {
      "type": "Feature",
      "geometry": {
        "type": "Point",
        "coordinates": [
          -8.208733854064741,
          43.45940513929263
        ]
      },
      "properties": {
        "review_id": "err-review-0136",
        "sample_review_key": "wl-pos-pos-es-pba-13820",
        "duplicate_count": "1",
        "duplicate_queues": "val_morphology_rescues",
        "review_priority": "P1",
        "queue": "val_morphology_rescues",
        "priority_order": "44",
        "review_lane": "morphology_rescue_review",
        "dataset": "val",
        "final_split": "val",
        "sample_id": "wl-pos-pos-es-pba-13820",
        "bank_id": "pos-es-pba-13820",
        "label_class": "1",
        "label_role": "positive",
        "suggested_taxonomy": "castro",
        "suggested_decision": "inspect_morphology_rescue",
        "boundary_action": "If visible, draw croa/muralla/recinto polygon; otherwise mark needs_followup.",
        "review_status": "pending",
        "review_notes": "",
        "final_taxonomy": "",
        "final_decision": "",
        "pretriage_order": "",
        "pretriage_group": "morphology_rescue",
        "pretriage_decision": "morphology_boundary_review",
        "pretriage_confidence": "medium_morphology_signal_boundary_needed",
        "training_use_after_review": "positive_candidate_after_boundary_review",
        "do_not_use_as": "new_discovery_claim_without_review",
        "visual_reading": "Morphology channel raises the point; inspect whether slope/LRM expresses a real enclosure or only terrain edge.",
        "name": "Castro das Escadas",
        "municipality": "Mugardos",
        "parish": "Franza (Santiago)",
        "country": "ES",
        "fusion_probability": "0.71025450",
        "fusion_rank": "216",
        "max_safety_rank": "74",
        "archetype_only_rank": "57",
        "specialist_probability": "0.82602704",
        "specialist_rank": "235",
        "specialist_mean_rank": "213",
        "rank_delta_fusion_to_max": "142",
        "negative_type": "",
        "morphology_proxy": "generic_castro_hint",
        "visual_sheet": "",
        "review_reason": "Weak positive moved upward by max_safety; inspect as morphology-aware training evidence."
      }
    },
    {
      "type": "Feature",
      "geometry": {
        "type": "Point",
        "coordinates": [
          -8.454175784409403,
          42.7674220877566
        ]
      },
      "properties": {
        "review_id": "err-review-0137",
        "sample_review_key": "wl-pos-pos-es-pba-26452",
        "duplicate_count": "2",
        "duplicate_queues": "val_low_rank_weak_positives;val_morphology_rescues",
        "review_priority": "P1",
        "queue": "val_morphology_rescues",
        "priority_order": "45",
        "review_lane": "morphology_rescue_review",
        "dataset": "val",
        "final_split": "val",
        "sample_id": "wl-pos-pos-es-pba-26452",
        "bank_id": "pos-es-pba-26452",
        "label_class": "1",
        "label_role": "positive",
        "suggested_taxonomy": "castro",
        "suggested_decision": "inspect_morphology_rescue",
        "boundary_action": "If visible, draw croa/muralla/recinto polygon; otherwise mark needs_followup.",
        "review_status": "pending",
        "review_notes": "",
        "final_taxonomy": "",
        "final_decision": "",
        "pretriage_order": "",
        "pretriage_group": "morphology_rescue",
        "pretriage_decision": "morphology_boundary_review",
        "pretriage_confidence": "medium_morphology_signal_boundary_needed",
        "training_use_after_review": "positive_candidate_after_boundary_review",
        "do_not_use_as": "new_discovery_claim_without_review",
        "visual_reading": "Morphology channel raises the point; inspect whether slope/LRM expresses a real enclosure or only terrain edge.",
        "name": "Xacemento do Peto/Castro Pequeno",
        "municipality": "Vedra",
        "parish": "Merín (San Cristovo)",
        "country": "ES",
        "fusion_probability": "0.29947497",
        "fusion_rank": "874",
        "max_safety_rank": "739",
        "archetype_only_rank": "531",
        "specialist_probability": "0.33638880",
        "specialist_rank": "709",
        "specialist_mean_rank": "780",
        "rank_delta_fusion_to_max": "135",
        "negative_type": "",
        "morphology_proxy": "generic_castro_hint",
        "visual_sheet": "",
        "review_reason": "Weak positive moved upward by max_safety; inspect as morphology-aware training evidence."
      }
    },
    {
      "type": "Feature",
      "geometry": {
        "type": "Point",
        "coordinates": [
          -7.805957652047091,
          43.187369822622884
        ]
      },
      "properties": {
        "review_id": "err-review-0138",
        "sample_review_key": "wl-pos-pos-es-pba-32093",
        "duplicate_count": "1",
        "duplicate_queues": "val_morphology_rescues",
        "review_priority": "P1",
        "queue": "val_morphology_rescues",
        "priority_order": "46",
        "review_lane": "morphology_rescue_review",
        "dataset": "val",
        "final_split": "val",
        "sample_id": "wl-pos-pos-es-pba-32093",
        "bank_id": "pos-es-pba-32093",
        "label_class": "1",
        "label_role": "positive",
        "suggested_taxonomy": "castro",
        "suggested_decision": "inspect_morphology_rescue",
        "boundary_action": "If visible, draw croa/muralla/recinto polygon; otherwise mark needs_followup.",
        "review_status": "pending",
        "review_notes": "",
        "final_taxonomy": "",
        "final_decision": "",
        "pretriage_order": "",
        "pretriage_group": "morphology_rescue",
        "pretriage_decision": "morphology_boundary_review",
        "pretriage_confidence": "medium_morphology_signal_boundary_needed",
        "training_use_after_review": "positive_candidate_after_boundary_review",
        "do_not_use_as": "new_discovery_claim_without_review",
        "visual_reading": "Morphology channel raises the point; inspect whether slope/LRM expresses a real enclosure or only terrain edge.",
        "name": "Os Castros de Quintán",
        "municipality": "Guitiriz",
        "parish": "Roca (San Xiao)",
        "country": "ES",
        "fusion_probability": "0.66293660",
        "fusion_rank": "252",
        "max_safety_rank": "126",
        "archetype_only_rank": "104",
        "specialist_probability": "0.71039124",
        "specialist_rank": "299",
        "specialist_mean_rank": "266",
        "rank_delta_fusion_to_max": "126",
        "negative_type": "",
        "morphology_proxy": "generic_castro_hint",
        "visual_sheet": "",
        "review_reason": "Weak positive moved upward by max_safety; inspect as morphology-aware training evidence."
      }
    },
    {
      "type": "Feature",
      "geometry": {
        "type": "Point",
        "coordinates": [
          -7.1398942217230665,
          43.44761649145048
        ]
      },
      "properties": {
        "review_id": "err-review-0139",
        "sample_review_key": "wl-pos-pos-es-pba-41057",
        "duplicate_count": "1",
        "duplicate_queues": "val_morphology_rescues",
        "review_priority": "P1",
        "queue": "val_morphology_rescues",
        "priority_order": "47",
        "review_lane": "morphology_rescue_review",
        "dataset": "val",
        "final_split": "val",
        "sample_id": "wl-pos-pos-es-pba-41057",
        "bank_id": "pos-es-pba-41057",
        "label_class": "1",
        "label_role": "positive",
        "suggested_taxonomy": "castro",
        "suggested_decision": "inspect_morphology_rescue",
        "boundary_action": "If visible, draw croa/muralla/recinto polygon; otherwise mark needs_followup.",
        "review_status": "pending",
        "review_notes": "",
        "final_taxonomy": "",
        "final_decision": "",
        "pretriage_order": "",
        "pretriage_group": "morphology_rescue",
        "pretriage_decision": "morphology_boundary_review",
        "pretriage_confidence": "medium_morphology_signal_boundary_needed",
        "training_use_after_review": "positive_candidate_after_boundary_review",
        "do_not_use_as": "new_discovery_claim_without_review",
        "visual_reading": "Morphology channel raises the point; inspect whether slope/LRM expresses a real enclosure or only terrain edge.",
        "name": "Castro de Sante",
        "municipality": "Trabada",
        "parish": "Sante (San Xiao)",
        "country": "ES",
        "fusion_probability": "0.42817706",
        "fusion_rank": "552",
        "max_safety_rank": "429",
        "archetype_only_rank": "337",
        "specialist_probability": "0.67109452",
        "specialist_rank": "329",
        "specialist_mean_rank": "383",
        "rank_delta_fusion_to_max": "123",
        "negative_type": "",
        "morphology_proxy": "generic_castro_hint",
        "visual_sheet": "",
        "review_reason": "Weak positive moved upward by max_safety; inspect as morphology-aware training evidence."
      }
    },
    {
      "type": "Feature",
      "geometry": {
        "type": "Point",
        "coordinates": [
          -8.568519004218278,
          42.08815965745929
        ]
      },
      "properties": {
        "review_id": "err-review-0140",
        "sample_review_key": "wl-pos-pos-es-pba-70808",
        "duplicate_count": "1",
        "duplicate_queues": "val_morphology_rescues",
        "review_priority": "P1",
        "queue": "val_morphology_rescues",
        "priority_order": "48",
        "review_lane": "morphology_rescue_review",
        "dataset": "val",
        "final_split": "val",
        "sample_id": "wl-pos-pos-es-pba-70808",
        "bank_id": "pos-es-pba-70808",
        "label_class": "1",
        "label_role": "positive",
        "suggested_taxonomy": "castro",
        "suggested_decision": "inspect_morphology_rescue",
        "boundary_action": "If visible, draw croa/muralla/recinto polygon; otherwise mark needs_followup.",
        "review_status": "pending",
        "review_notes": "",
        "final_taxonomy": "",
        "final_decision": "",
        "pretriage_order": "",
        "pretriage_group": "morphology_rescue",
        "pretriage_decision": "morphology_boundary_review",
        "pretriage_confidence": "medium_morphology_signal_boundary_needed",
        "training_use_after_review": "positive_candidate_after_boundary_review",
        "do_not_use_as": "new_discovery_claim_without_review",
        "visual_reading": "Morphology channel raises the point; inspect whether slope/LRM expresses a real enclosure or only terrain edge.",
        "name": "Castro do Coto das Caldeiriñas",
        "municipality": "Salceda de Caselas",
        "parish": "Parderrubias (San Tomé)",
        "country": "ES",
        "fusion_probability": "0.69350677",
        "fusion_rank": "229",
        "max_safety_rank": "122",
        "archetype_only_rank": "101",
        "specialist_probability": "0.97318041",
        "specialist_rank": "96",
        "specialist_mean_rank": "168",
        "rank_delta_fusion_to_max": "107",
        "negative_type": "",
        "morphology_proxy": "hilltop_hint",
        "visual_sheet": "",
        "review_reason": "Weak positive moved upward by max_safety; inspect as morphology-aware training evidence."
      }
    },
    {
      "type": "Feature",
      "geometry": {
        "type": "Point",
        "coordinates": [
          -8.575609516425695,
          42.08231074599328
        ]
      },
      "properties": {
        "review_id": "err-review-0141",
        "sample_review_key": "wl-pos-pos-es-pba-70948",
        "duplicate_count": "1",
        "duplicate_queues": "val_morphology_rescues",
        "review_priority": "P1",
        "queue": "val_morphology_rescues",
        "priority_order": "49",
        "review_lane": "morphology_rescue_review",
        "dataset": "val",
        "final_split": "val",
        "sample_id": "wl-pos-pos-es-pba-70948",
        "bank_id": "pos-es-pba-70948",
        "label_class": "1",
        "label_role": "positive",
        "suggested_taxonomy": "castro",
        "suggested_decision": "inspect_morphology_rescue",
        "boundary_action": "If visible, draw croa/muralla/recinto polygon; otherwise mark needs_followup.",
        "review_status": "pending",
        "review_notes": "",
        "final_taxonomy": "",
        "final_decision": "",
        "pretriage_order": "",
        "pretriage_group": "morphology_rescue",
        "pretriage_decision": "morphology_boundary_review",
        "pretriage_confidence": "medium_morphology_signal_boundary_needed",
        "training_use_after_review": "positive_candidate_after_boundary_review",
        "do_not_use_as": "new_discovery_claim_without_review",
        "visual_reading": "Morphology channel raises the point; inspect whether slope/LRM expresses a real enclosure or only terrain edge.",
        "name": "Castro do Monte do Faro",
        "municipality": "Salceda de Caselas",
        "parish": "Entenza (Santos Xusto e Pastor)",
        "country": "ES",
        "fusion_probability": "0.85403959",
        "fusion_rank": "113",
        "max_safety_rank": "29",
        "archetype_only_rank": "26",
        "specialist_probability": "0.99588773",
        "specialist_rank": "42",
        "specialist_mean_rank": "88",
        "rank_delta_fusion_to_max": "84",
        "negative_type": "",
        "morphology_proxy": "hilltop_hint",
        "visual_sheet": "",
        "review_reason": "Weak positive moved upward by max_safety; inspect as morphology-aware training evidence."
      }
    },
    {
      "type": "Feature",
      "geometry": {
        "type": "Point",
        "coordinates": [
          -8.750383933374424,
          42.700098938817575
        ]
      },
      "properties": {
        "review_id": "err-review-0142",
        "sample_review_key": "wl-pos-pos-es-pba-9492",
        "duplicate_count": "1",
        "duplicate_queues": "val_morphology_rescues",
        "review_priority": "P1",
        "queue": "val_morphology_rescues",
        "priority_order": "50",
        "review_lane": "morphology_rescue_review",
        "dataset": "val",
        "final_split": "val",
        "sample_id": "wl-pos-pos-es-pba-9492",
        "bank_id": "pos-es-pba-9492",
        "label_class": "1",
        "label_role": "positive",
        "suggested_taxonomy": "castro",
        "suggested_decision": "inspect_morphology_rescue",
        "boundary_action": "If visible, draw croa/muralla/recinto polygon; otherwise mark needs_followup.",
        "review_status": "pending",
        "review_notes": "",
        "final_taxonomy": "",
        "final_decision": "",
        "pretriage_order": "",
        "pretriage_group": "morphology_rescue",
        "pretriage_decision": "morphology_boundary_review",
        "pretriage_confidence": "medium_morphology_signal_boundary_needed",
        "training_use_after_review": "positive_candidate_after_boundary_review",
        "do_not_use_as": "new_discovery_claim_without_review",
        "visual_reading": "Morphology channel raises the point; inspect whether slope/LRM expresses a real enclosure or only terrain edge.",
        "name": "Castro de Bexo",
        "municipality": "Dodro",
        "parish": "San Xoán de Laíño (San Xoán)",
        "country": "ES",
        "fusion_probability": "0.56090872",
        "fusion_rank": "363",
        "max_safety_rank": "282",
        "archetype_only_rank": "227",
        "specialist_probability": "0.76842607",
        "specialist_rank": "265",
        "specialist_mean_rank": "281",
        "rank_delta_fusion_to_max": "81",
        "negative_type": "",
        "morphology_proxy": "generic_castro_hint",
        "visual_sheet": "",
        "review_reason": "Weak positive moved upward by max_safety; inspect as morphology-aware training evidence."
      }
    }
  ]
}
