{
  "type": "FeatureCollection",
  "features": [
    {
      "type": "Feature",
      "geometry": {
        "type": "Point",
        "coordinates": [
          -8.132051265443264,
          43.4784901008791
        ]
      },
      "properties": {
        "review_id": "err-review-0001",
        "sample_review_key": "wl-neg-neg-es-pba-8682",
        "duplicate_count": "1",
        "duplicate_queues": "holdout_top_false_positives",
        "review_priority": "P0",
        "queue": "holdout_top_false_positives",
        "priority_order": "1",
        "review_lane": "mamoa_false_positive_review",
        "dataset": "holdouts",
        "final_split": "test_trasancos",
        "sample_id": "wl-neg-neg-es-pba-8682",
        "bank_id": "neg-es-pba-8682",
        "label_class": "0",
        "label_role": "hard_negative",
        "suggested_taxonomy": "mamoa",
        "suggested_decision": "confirm_non_castro_archaeological_hard_negative",
        "boundary_action": "Confirm mound/non-castro; do not treat as generic absence.",
        "review_status": "pending",
        "final_taxonomy": "",
        "final_decision": "",
        "name": "Mámoa do Monte Marraxón IV-1",
        "municipality": "Fene",
        "parish": "Sillobre (Santa Mariña)",
        "country": "ES",
        "fusion_probability": "0.63027339",
        "fusion_rank": "34",
        "max_safety_rank": "37",
        "archetype_only_rank": "34",
        "specialist_probability": "0.59351267",
        "specialist_rank": "47",
        "specialist_mean_rank": "40",
        "rank_delta_fusion_to_max": "-3",
        "negative_type": "megalithic_mound",
        "morphology_proxy": "",
        "visual_sheet": "reports/figures/weak_label_error_review_v1/holdout-top-false-positives.png",
        "review_reason": "Known hard negative ranked high by the main fusion model; inspect as false-positive pattern.",
        "review_notes": ""
      }
    },
    {
      "type": "Feature",
      "geometry": {
        "type": "Point",
        "coordinates": [
          -8.175129668390355,
          43.450897497780126
        ]
      },
      "properties": {
        "review_id": "err-review-0002",
        "sample_review_key": "wl-neg-neg-es-pba-8715",
        "duplicate_count": "1",
        "duplicate_queues": "holdout_top_false_positives",
        "review_priority": "P0",
        "queue": "holdout_top_false_positives",
        "priority_order": "2",
        "review_lane": "mamoa_false_positive_review",
        "dataset": "holdouts",
        "final_split": "test_trasancos",
        "sample_id": "wl-neg-neg-es-pba-8715",
        "bank_id": "neg-es-pba-8715",
        "label_class": "0",
        "label_role": "hard_negative",
        "suggested_taxonomy": "mamoa",
        "suggested_decision": "confirm_non_castro_archaeological_hard_negative",
        "boundary_action": "Confirm mound/non-castro; do not treat as generic absence.",
        "review_status": "pending",
        "final_taxonomy": "",
        "final_decision": "",
        "name": "Mámoa do Rego da Moa",
        "municipality": "Fene",
        "parish": "Barallobre (Santiago)",
        "country": "ES",
        "fusion_probability": "0.61573051",
        "fusion_rank": "35",
        "max_safety_rank": "24",
        "archetype_only_rank": "12",
        "specialist_probability": "0.95558477",
        "specialist_rank": "18",
        "specialist_mean_rank": "27",
        "rank_delta_fusion_to_max": "11",
        "negative_type": "megalithic_mound",
        "morphology_proxy": "",
        "visual_sheet": "reports/figures/weak_label_error_review_v1/holdout-top-false-positives.png",
        "review_reason": "Known hard negative ranked high by the main fusion model; inspect as false-positive pattern.",
        "review_notes": ""
      }
    },
    {
      "type": "Feature",
      "geometry": {
        "type": "Point",
        "coordinates": [
          -8.20129105753339,
          43.572014263769375
        ]
      },
      "properties": {
        "review_id": "err-review-0003",
        "sample_review_key": "wl-neg-neg-es-pba-24849",
        "duplicate_count": "1",
        "duplicate_queues": "holdout_top_false_positives",
        "review_priority": "P0",
        "queue": "holdout_top_false_positives",
        "priority_order": "3",
        "review_lane": "mamoa_false_positive_review",
        "dataset": "holdouts",
        "final_split": "test_trasancos",
        "sample_id": "wl-neg-neg-es-pba-24849",
        "bank_id": "neg-es-pba-24849",
        "label_class": "0",
        "label_role": "hard_negative",
        "suggested_taxonomy": "mamoa",
        "suggested_decision": "confirm_non_castro_archaeological_hard_negative",
        "boundary_action": "Confirm mound/non-castro; do not treat as generic absence.",
        "review_status": "pending",
        "final_taxonomy": "",
        "final_decision": "",
        "name": "Mámoa de Rioboo 1/Mámoa de Canteiros 1",
        "municipality": "Valdoviño",
        "parish": "Meirás (San Vicente)",
        "country": "ES",
        "fusion_probability": "0.57929205",
        "fusion_rank": "37",
        "max_safety_rank": "41",
        "archetype_only_rank": "112",
        "specialist_probability": "0.51304754",
        "specialist_rank": "59",
        "specialist_mean_rank": "49",
        "rank_delta_fusion_to_max": "-4",
        "negative_type": "megalithic_mound",
        "morphology_proxy": "",
        "visual_sheet": "reports/figures/weak_label_error_review_v1/holdout-top-false-positives.png",
        "review_reason": "Known hard negative ranked high by the main fusion model; inspect as false-positive pattern.",
        "review_notes": ""
      }
    },
    {
      "type": "Feature",
      "geometry": {
        "type": "Point",
        "coordinates": [
          -8.123356750541028,
          43.56133110666142
        ]
      },
      "properties": {
        "review_id": "err-review-0004",
        "sample_review_key": "wl-neg-neg-es-pba-14259",
        "duplicate_count": "1",
        "duplicate_queues": "holdout_top_false_positives",
        "review_priority": "P0",
        "queue": "holdout_top_false_positives",
        "priority_order": "4",
        "review_lane": "mamoa_false_positive_review",
        "dataset": "holdouts",
        "final_split": "test_trasancos",
        "sample_id": "wl-neg-neg-es-pba-14259",
        "bank_id": "neg-es-pba-14259",
        "label_class": "0",
        "label_role": "hard_negative",
        "suggested_taxonomy": "mamoa",
        "suggested_decision": "confirm_non_castro_archaeological_hard_negative",
        "boundary_action": "Confirm mound/non-castro; do not treat as generic absence.",
        "review_status": "pending",
        "final_taxonomy": "",
        "final_decision": "",
        "name": "Mámoa do Monte dos Niños 05",
        "municipality": "Narón",
        "parish": "Sedes (Santo Estevo)",
        "country": "ES",
        "fusion_probability": "0.57631836",
        "fusion_rank": "38",
        "max_safety_rank": "42",
        "archetype_only_rank": "58",
        "specialist_probability": "0.53494045",
        "specialist_rank": "55",
        "specialist_mean_rank": "48",
        "rank_delta_fusion_to_max": "-4",
        "negative_type": "megalithic_mound",
        "morphology_proxy": "",
        "visual_sheet": "reports/figures/weak_label_error_review_v1/holdout-top-false-positives.png",
        "review_reason": "Known hard negative ranked high by the main fusion model; inspect as false-positive pattern.",
        "review_notes": ""
      }
    },
    {
      "type": "Feature",
      "geometry": {
        "type": "Point",
        "coordinates": [
          -8.2207321781512,
          43.5237064246763
        ]
      },
      "properties": {
        "review_id": "err-review-0005",
        "sample_review_key": "wl-neg-neg-es-pba-14223",
        "duplicate_count": "1",
        "duplicate_queues": "holdout_top_false_positives",
        "review_priority": "P0",
        "queue": "holdout_top_false_positives",
        "priority_order": "5",
        "review_lane": "mamoa_false_positive_review",
        "dataset": "holdouts",
        "final_split": "test_trasancos",
        "sample_id": "wl-neg-neg-es-pba-14223",
        "bank_id": "neg-es-pba-14223",
        "label_class": "0",
        "label_role": "hard_negative",
        "suggested_taxonomy": "mamoa",
        "suggested_decision": "confirm_non_castro_archaeological_hard_negative",
        "boundary_action": "Confirm mound/non-castro; do not treat as generic absence.",
        "review_status": "pending",
        "final_taxonomy": "",
        "final_decision": "",
        "name": "Mámoa de Muíño do Vento",
        "municipality": "Narón",
        "parish": "Trasancos (San Mateo)",
        "country": "ES",
        "fusion_probability": "0.55826249",
        "fusion_rank": "44",
        "max_safety_rank": "48",
        "archetype_only_rank": "84",
        "specialist_probability": "0.44488268",
        "specialist_rank": "66",
        "specialist_mean_rank": "55",
        "rank_delta_fusion_to_max": "-4",
        "negative_type": "megalithic_mound",
        "morphology_proxy": "",
        "visual_sheet": "reports/figures/weak_label_error_review_v1/holdout-top-false-positives.png",
        "review_reason": "Known hard negative ranked high by the main fusion model; inspect as false-positive pattern.",
        "review_notes": ""
      }
    },
    {
      "type": "Feature",
      "geometry": {
        "type": "Point",
        "coordinates": [
          -8.045691218805501,
          43.56779596584658
        ]
      },
      "properties": {
        "review_id": "err-review-0006",
        "sample_review_key": "wl-neg-neg-es-pba-20406",
        "duplicate_count": "1",
        "duplicate_queues": "holdout_top_false_positives",
        "review_priority": "P0",
        "queue": "holdout_top_false_positives",
        "priority_order": "6",
        "review_lane": "mamoa_false_positive_review",
        "dataset": "holdouts",
        "final_split": "test_trasancos",
        "sample_id": "wl-neg-neg-es-pba-20406",
        "bank_id": "neg-es-pba-20406",
        "label_class": "0",
        "label_role": "hard_negative",
        "suggested_taxonomy": "mamoa",
        "suggested_decision": "confirm_non_castro_archaeological_hard_negative",
        "boundary_action": "Confirm mound/non-castro; do not treat as generic absence.",
        "review_status": "pending",
        "final_taxonomy": "",
        "final_decision": "",
        "name": "Mámoa de Bardaos",
        "municipality": "San Sadurniño",
        "parish": "Bardaos (Santa María)",
        "country": "ES",
        "fusion_probability": "0.47516969",
        "fusion_rank": "53",
        "max_safety_rank": "63",
        "archetype_only_rank": "53",
        "specialist_probability": "0.51674851",
        "specialist_rank": "58",
        "specialist_mean_rank": "56",
        "rank_delta_fusion_to_max": "-10",
        "negative_type": "megalithic_mound",
        "morphology_proxy": "",
        "visual_sheet": "reports/figures/weak_label_error_review_v1/holdout-top-false-positives.png",
        "review_reason": "Known hard negative ranked high by the main fusion model; inspect as false-positive pattern.",
        "review_notes": ""
      }
    },
    {
      "type": "Feature",
      "geometry": {
        "type": "Point",
        "coordinates": [
          -8.128269502838254,
          43.57801699616052
        ]
      },
      "properties": {
        "review_id": "err-review-0007",
        "sample_review_key": "wl-neg-neg-es-pba-24332",
        "duplicate_count": "1",
        "duplicate_queues": "holdout_top_false_positives",
        "review_priority": "P0",
        "queue": "holdout_top_false_positives",
        "priority_order": "7",
        "review_lane": "mamoa_false_positive_review",
        "dataset": "holdouts",
        "final_split": "test_trasancos",
        "sample_id": "wl-neg-neg-es-pba-24332",
        "bank_id": "neg-es-pba-24332",
        "label_class": "0",
        "label_role": "hard_negative",
        "suggested_taxonomy": "mamoa",
        "suggested_decision": "confirm_non_castro_archaeological_hard_negative",
        "boundary_action": "Confirm mound/non-castro; do not treat as generic absence.",
        "review_status": "pending",
        "final_taxonomy": "",
        "final_decision": "",
        "name": "Mámoa do Monte de Pena Moura 3",
        "municipality": "Valdoviño",
        "parish": "Valdoviño (Santaia)",
        "country": "ES",
        "fusion_probability": "0.45368295",
        "fusion_rank": "55",
        "max_safety_rank": "66",
        "archetype_only_rank": "51",
        "specialist_probability": "0.56808626",
        "specialist_rank": "52",
        "specialist_mean_rank": "53",
        "rank_delta_fusion_to_max": "-11",
        "negative_type": "megalithic_mound",
        "morphology_proxy": "",
        "visual_sheet": "reports/figures/weak_label_error_review_v1/holdout-top-false-positives.png",
        "review_reason": "Known hard negative ranked high by the main fusion model; inspect as false-positive pattern.",
        "review_notes": ""
      }
    },
    {
      "type": "Feature",
      "geometry": {
        "type": "Point",
        "coordinates": [
          -8.096261067263583,
          43.625262213712574
        ]
      },
      "properties": {
        "review_id": "err-review-0008",
        "sample_review_key": "wl-neg-neg-es-pba-24843",
        "duplicate_count": "1",
        "duplicate_queues": "holdout_top_false_positives",
        "review_priority": "P0",
        "queue": "holdout_top_false_positives",
        "priority_order": "8",
        "review_lane": "mamoa_false_positive_review",
        "dataset": "holdouts",
        "final_split": "test_trasancos",
        "sample_id": "wl-neg-neg-es-pba-24843",
        "bank_id": "neg-es-pba-24843",
        "label_class": "0",
        "label_role": "hard_negative",
        "suggested_taxonomy": "mamoa",
        "suggested_decision": "confirm_non_castro_archaeological_hard_negative",
        "boundary_action": "Confirm mound/non-castro; do not treat as generic absence.",
        "review_status": "pending",
        "final_taxonomy": "",
        "final_decision": "",
        "name": "Mámoa de Coto da Fraga 2",
        "municipality": "Valdoviño",
        "parish": "Pantín (Santiago)",
        "country": "ES",
        "fusion_probability": "0.44129649",
        "fusion_rank": "56",
        "max_safety_rank": "51",
        "archetype_only_rank": "26",
        "specialist_probability": "0.57147575",
        "specialist_rank": "51",
        "specialist_mean_rank": "54",
        "rank_delta_fusion_to_max": "5",
        "negative_type": "megalithic_mound",
        "morphology_proxy": "",
        "visual_sheet": "reports/figures/weak_label_error_review_v1/holdout-top-false-positives.png",
        "review_reason": "Known hard negative ranked high by the main fusion model; inspect as false-positive pattern.",
        "review_notes": ""
      }
    },
    {
      "type": "Feature",
      "geometry": {
        "type": "Point",
        "coordinates": [
          -8.050266230012467,
          43.6232429879672
        ]
      },
      "properties": {
        "review_id": "err-review-0009",
        "sample_review_key": "wl-neg-neg-es-pba-24846",
        "duplicate_count": "1",
        "duplicate_queues": "holdout_top_false_positives",
        "review_priority": "P0",
        "queue": "holdout_top_false_positives",
        "priority_order": "9",
        "review_lane": "mamoa_false_positive_review",
        "dataset": "holdouts",
        "final_split": "test_trasancos",
        "sample_id": "wl-neg-neg-es-pba-24846",
        "bank_id": "neg-es-pba-24846",
        "label_class": "0",
        "label_role": "hard_negative",
        "suggested_taxonomy": "mamoa",
        "suggested_decision": "confirm_non_castro_archaeological_hard_negative",
        "boundary_action": "Confirm mound/non-castro; do not treat as generic absence.",
        "review_status": "pending",
        "final_taxonomy": "",
        "final_decision": "",
        "name": "Mámoa de Pena Moura",
        "municipality": "Valdoviño",
        "parish": "Vilarrube (San Martiño)",
        "country": "ES",
        "fusion_probability": "0.42819688",
        "fusion_rank": "58",
        "max_safety_rank": "38",
        "archetype_only_rank": "21",
        "specialist_probability": "0.82864178",
        "specialist_rank": "34",
        "specialist_mean_rank": "38",
        "rank_delta_fusion_to_max": "20",
        "negative_type": "megalithic_mound",
        "morphology_proxy": "",
        "visual_sheet": "reports/figures/weak_label_error_review_v1/holdout-top-false-positives.png",
        "review_reason": "Known hard negative ranked high by the main fusion model; inspect as false-positive pattern.",
        "review_notes": ""
      }
    },
    {
      "type": "Feature",
      "geometry": {
        "type": "Point",
        "coordinates": [
          -8.296676405945123,
          43.484912722428156
        ]
      },
      "properties": {
        "review_id": "err-review-0010",
        "sample_review_key": "wl-neg-neg-es-pba-10071",
        "duplicate_count": "1",
        "duplicate_queues": "holdout_top_false_positives",
        "review_priority": "P0",
        "queue": "holdout_top_false_positives",
        "priority_order": "10",
        "review_lane": "mamoa_false_positive_review",
        "dataset": "holdouts",
        "final_split": "test_trasancos",
        "sample_id": "wl-neg-neg-es-pba-10071",
        "bank_id": "neg-es-pba-10071",
        "label_class": "0",
        "label_role": "hard_negative",
        "suggested_taxonomy": "mamoa",
        "suggested_decision": "confirm_non_castro_archaeological_hard_negative",
        "boundary_action": "Confirm mound/non-castro; do not treat as generic absence.",
        "review_status": "pending",
        "final_taxonomy": "",
        "final_decision": "",
        "name": "Mámoa dos Montes de Brión III-8",
        "municipality": "Ferrol",
        "parish": "Doniños (San Román)",
        "country": "ES",
        "fusion_probability": "0.40880619",
        "fusion_rank": "60",
        "max_safety_rank": "67",
        "archetype_only_rank": "40",
        "specialist_probability": "0.49869196",
        "specialist_rank": "60",
        "specialist_mean_rank": "58",
        "rank_delta_fusion_to_max": "-7",
        "negative_type": "megalithic_mound",
        "morphology_proxy": "",
        "visual_sheet": "reports/figures/weak_label_error_review_v1/holdout-top-false-positives.png",
        "review_reason": "Known hard negative ranked high by the main fusion model; inspect as false-positive pattern.",
        "review_notes": ""
      }
    },
    {
      "type": "Feature",
      "geometry": {
        "type": "Point",
        "coordinates": [
          -8.271862778359397,
          43.47905394680505
        ]
      },
      "properties": {
        "review_id": "err-review-0011",
        "sample_review_key": "wl-neg-neg-es-pba-10131",
        "duplicate_count": "1",
        "duplicate_queues": "holdout_top_false_positives",
        "review_priority": "P0",
        "queue": "holdout_top_false_positives",
        "priority_order": "11",
        "review_lane": "mamoa_false_positive_review",
        "dataset": "holdouts",
        "final_split": "test_trasancos",
        "sample_id": "wl-neg-neg-es-pba-10131",
        "bank_id": "neg-es-pba-10131",
        "label_class": "0",
        "label_role": "hard_negative",
        "suggested_taxonomy": "mamoa",
        "suggested_decision": "confirm_non_castro_archaeological_hard_negative",
        "boundary_action": "Confirm mound/non-castro; do not treat as generic absence.",
        "review_status": "pending",
        "final_taxonomy": "",
        "final_decision": "",
        "name": "Mámoa dos Montes de Brión VI-1",
        "municipality": "Ferrol",
        "parish": "Brión (Santa María)",
        "country": "ES",
        "fusion_probability": "0.38900115",
        "fusion_rank": "63",
        "max_safety_rank": "76",
        "archetype_only_rank": "57",
        "specialist_probability": "0.46133309",
        "specialist_rank": "64",
        "specialist_mean_rank": "61",
        "rank_delta_fusion_to_max": "-13",
        "negative_type": "megalithic_mound",
        "morphology_proxy": "",
        "visual_sheet": "reports/figures/weak_label_error_review_v1/holdout-top-false-positives.png",
        "review_reason": "Known hard negative ranked high by the main fusion model; inspect as false-positive pattern.",
        "review_notes": ""
      }
    },
    {
      "type": "Feature",
      "geometry": {
        "type": "Point",
        "coordinates": [
          -8.270074776662353,
          43.50536423132985
        ]
      },
      "properties": {
        "review_id": "err-review-0012",
        "sample_review_key": "wl-neg-neg-es-pba-9981",
        "duplicate_count": "1",
        "duplicate_queues": "holdout_top_false_positives",
        "review_priority": "P0",
        "queue": "holdout_top_false_positives",
        "priority_order": "12",
        "review_lane": "mamoa_false_positive_review",
        "dataset": "holdouts",
        "final_split": "test_trasancos",
        "sample_id": "wl-neg-neg-es-pba-9981",
        "bank_id": "neg-es-pba-9981",
        "label_class": "0",
        "label_role": "hard_negative",
        "suggested_taxonomy": "mamoa",
        "suggested_decision": "confirm_non_castro_archaeological_hard_negative",
        "boundary_action": "Confirm mound/non-castro; do not treat as generic absence.",
        "review_status": "pending",
        "final_taxonomy": "",
        "final_decision": "",
        "name": "Mámoa de Mougá 6",
        "municipality": "Ferrol",
        "parish": "Doniños (San Román)",
        "country": "ES",
        "fusion_probability": "0.38321919",
        "fusion_rank": "64",
        "max_safety_rank": "59",
        "archetype_only_rank": "36",
        "specialist_probability": "0.39108186",
        "specialist_rank": "75",
        "specialist_mean_rank": "71",
        "rank_delta_fusion_to_max": "5",
        "negative_type": "megalithic_mound",
        "morphology_proxy": "",
        "visual_sheet": "reports/figures/weak_label_error_review_v1/holdout-top-false-positives.png",
        "review_reason": "Known hard negative ranked high by the main fusion model; inspect as false-positive pattern.",
        "review_notes": ""
      }
    },
    {
      "type": "Feature",
      "geometry": {
        "type": "Point",
        "coordinates": [
          -8.285559472887922,
          43.4827670044632
        ]
      },
      "properties": {
        "review_id": "err-review-0013",
        "sample_review_key": "wl-neg-neg-es-pba-10014",
        "duplicate_count": "1",
        "duplicate_queues": "holdout_top_false_positives",
        "review_priority": "P0",
        "queue": "holdout_top_false_positives",
        "priority_order": "13",
        "review_lane": "mamoa_false_positive_review",
        "dataset": "holdouts",
        "final_split": "test_trasancos",
        "sample_id": "wl-neg-neg-es-pba-10014",
        "bank_id": "neg-es-pba-10014",
        "label_class": "0",
        "label_role": "hard_negative",
        "suggested_taxonomy": "mamoa",
        "suggested_decision": "confirm_non_castro_archaeological_hard_negative",
        "boundary_action": "Confirm mound/non-castro; do not treat as generic absence.",
        "review_status": "pending",
        "final_taxonomy": "",
        "final_decision": "",
        "name": "Mámoa dos Montes de Brión I-7",
        "municipality": "Ferrol",
        "parish": "Brión (Santa María)",
        "country": "ES",
        "fusion_probability": "0.37839992",
        "fusion_rank": "66",
        "max_safety_rank": "79",
        "archetype_only_rank": "65",
        "specialist_probability": "0.34653576",
        "specialist_rank": "82",
        "specialist_mean_rank": "75",
        "rank_delta_fusion_to_max": "-13",
        "negative_type": "megalithic_mound",
        "morphology_proxy": "",
        "visual_sheet": "reports/figures/weak_label_error_review_v1/holdout-top-false-positives.png",
        "review_reason": "Known hard negative ranked high by the main fusion model; inspect as false-positive pattern.",
        "review_notes": ""
      }
    },
    {
      "type": "Feature",
      "geometry": {
        "type": "Point",
        "coordinates": [
          -8.197523939371287,
          43.52116200826383
        ]
      },
      "properties": {
        "review_id": "err-review-0014",
        "sample_review_key": "wl-neg-neg-es-pba-9974",
        "duplicate_count": "1",
        "duplicate_queues": "holdout_top_false_positives",
        "review_priority": "P0",
        "queue": "holdout_top_false_positives",
        "priority_order": "14",
        "review_lane": "mamoa_false_positive_review",
        "dataset": "holdouts",
        "final_split": "test_trasancos",
        "sample_id": "wl-neg-neg-es-pba-9974",
        "bank_id": "neg-es-pba-9974",
        "label_class": "0",
        "label_role": "hard_negative",
        "suggested_taxonomy": "mamoa",
        "suggested_decision": "confirm_non_castro_archaeological_hard_negative",
        "boundary_action": "Confirm mound/non-castro; do not treat as generic absence.",
        "review_status": "pending",
        "final_taxonomy": "",
        "final_decision": "",
        "name": "Mámoa de Leixa 2",
        "municipality": "Ferrol",
        "parish": "Leixa (San Pedro)",
        "country": "ES",
        "fusion_probability": "0.37433017",
        "fusion_rank": "67",
        "max_safety_rank": "81",
        "archetype_only_rank": "144",
        "specialist_probability": "0.16740709",
        "specialist_rank": "115",
        "specialist_mean_rank": "93",
        "rank_delta_fusion_to_max": "-14",
        "negative_type": "megalithic_mound",
        "morphology_proxy": "",
        "visual_sheet": "reports/figures/weak_label_error_review_v1/holdout-top-false-positives.png",
        "review_reason": "Known hard negative ranked high by the main fusion model; inspect as false-positive pattern.",
        "review_notes": ""
      }
    },
    {
      "type": "Feature",
      "geometry": {
        "type": "Point",
        "coordinates": [
          -8.198459950939915,
          43.52249373946746
        ]
      },
      "properties": {
        "review_id": "err-review-0015",
        "sample_review_key": "wl-neg-neg-es-pba-14222",
        "duplicate_count": "1",
        "duplicate_queues": "holdout_top_false_positives",
        "review_priority": "P0",
        "queue": "holdout_top_false_positives",
        "priority_order": "15",
        "review_lane": "mamoa_false_positive_review",
        "dataset": "holdouts",
        "final_split": "test_trasancos",
        "sample_id": "wl-neg-neg-es-pba-14222",
        "bank_id": "neg-es-pba-14222",
        "label_class": "0",
        "label_role": "hard_negative",
        "suggested_taxonomy": "mamoa",
        "suggested_decision": "confirm_non_castro_archaeological_hard_negative",
        "boundary_action": "Confirm mound/non-castro; do not treat as generic absence.",
        "review_status": "pending",
        "final_taxonomy": "",
        "final_decision": "",
        "name": "Mámoa de Leixa 3/Mámoa de Trasancos",
        "municipality": "Narón",
        "parish": "Trasancos (San Mateo)",
        "country": "ES",
        "fusion_probability": "0.37254851",
        "fusion_rank": "68",
        "max_safety_rank": "82",
        "archetype_only_rank": "96",
        "specialist_probability": "0.13321068",
        "specialist_rank": "133",
        "specialist_mean_rank": "98",
        "rank_delta_fusion_to_max": "-14",
        "negative_type": "megalithic_mound",
        "morphology_proxy": "",
        "visual_sheet": "reports/figures/weak_label_error_review_v1/holdout-top-false-positives.png",
        "review_reason": "Known hard negative ranked high by the main fusion model; inspect as false-positive pattern.",
        "review_notes": ""
      }
    },
    {
      "type": "Feature",
      "geometry": {
        "type": "Point",
        "coordinates": [
          -8.033552435280814,
          43.564559061061054
        ]
      },
      "properties": {
        "review_id": "err-review-0016",
        "sample_review_key": "wl-neg-neg-es-pba-20435",
        "duplicate_count": "1",
        "duplicate_queues": "holdout_top_false_positives",
        "review_priority": "P0",
        "queue": "holdout_top_false_positives",
        "priority_order": "16",
        "review_lane": "mamoa_false_positive_review",
        "dataset": "holdouts",
        "final_split": "test_trasancos",
        "sample_id": "wl-neg-neg-es-pba-20435",
        "bank_id": "neg-es-pba-20435",
        "label_class": "0",
        "label_role": "hard_negative",
        "suggested_taxonomy": "mamoa",
        "suggested_decision": "confirm_non_castro_archaeological_hard_negative",
        "boundary_action": "Confirm mound/non-castro; do not treat as generic absence.",
        "review_status": "pending",
        "final_taxonomy": "",
        "final_decision": "",
        "name": "Mámoa de Pena Escrita",
        "municipality": "San Sadurniño",
        "parish": "Lamas (San Xiao)",
        "country": "ES",
        "fusion_probability": "0.36044579",
        "fusion_rank": "69",
        "max_safety_rank": "84",
        "archetype_only_rank": "151",
        "specialist_probability": "0.20837475",
        "specialist_rank": "109",
        "specialist_mean_rank": "91",
        "rank_delta_fusion_to_max": "-15",
        "negative_type": "megalithic_mound",
        "morphology_proxy": "",
        "visual_sheet": "reports/figures/weak_label_error_review_v1/holdout-top-false-positives.png",
        "review_reason": "Known hard negative ranked high by the main fusion model; inspect as false-positive pattern.",
        "review_notes": ""
      }
    },
    {
      "type": "Feature",
      "geometry": {
        "type": "Point",
        "coordinates": [
          -8.289157188370986,
          43.48425883479058
        ]
      },
      "properties": {
        "review_id": "err-review-0017",
        "sample_review_key": "wl-neg-neg-es-pba-9983",
        "duplicate_count": "1",
        "duplicate_queues": "holdout_top_false_positives",
        "review_priority": "P0",
        "queue": "holdout_top_false_positives",
        "priority_order": "17",
        "review_lane": "mamoa_false_positive_review",
        "dataset": "holdouts",
        "final_split": "test_trasancos",
        "sample_id": "wl-neg-neg-es-pba-9983",
        "bank_id": "neg-es-pba-9983",
        "label_class": "0",
        "label_role": "hard_negative",
        "suggested_taxonomy": "mamoa",
        "suggested_decision": "confirm_non_castro_archaeological_hard_negative",
        "boundary_action": "Confirm mound/non-castro; do not treat as generic absence.",
        "review_status": "pending",
        "final_taxonomy": "",
        "final_decision": "",
        "name": "Mámoa dos Montes de Brión I-1",
        "municipality": "Ferrol",
        "parish": "Doniños (San Román)",
        "country": "ES",
        "fusion_probability": "0.36018193",
        "fusion_rank": "70",
        "max_safety_rank": "39",
        "archetype_only_rank": "23",
        "specialist_probability": "0.33566896",
        "specialist_rank": "84",
        "specialist_mean_rank": "80",
        "rank_delta_fusion_to_max": "31",
        "negative_type": "megalithic_mound",
        "morphology_proxy": "",
        "visual_sheet": "reports/figures/weak_label_error_review_v1/holdout-top-false-positives.png",
        "review_reason": "Known hard negative ranked high by the main fusion model; inspect as false-positive pattern.",
        "review_notes": ""
      }
    },
    {
      "type": "Feature",
      "geometry": {
        "type": "Point",
        "coordinates": [
          -8.291693642023777,
          43.477408326571705
        ]
      },
      "properties": {
        "review_id": "err-review-0018",
        "sample_review_key": "wl-neg-neg-es-pba-10102",
        "duplicate_count": "1",
        "duplicate_queues": "holdout_top_false_positives",
        "review_priority": "P0",
        "queue": "holdout_top_false_positives",
        "priority_order": "18",
        "review_lane": "mamoa_false_positive_review",
        "dataset": "holdouts",
        "final_split": "test_trasancos",
        "sample_id": "wl-neg-neg-es-pba-10102",
        "bank_id": "neg-es-pba-10102",
        "label_class": "0",
        "label_role": "hard_negative",
        "suggested_taxonomy": "mamoa",
        "suggested_decision": "confirm_non_castro_archaeological_hard_negative",
        "boundary_action": "Confirm mound/non-castro; do not treat as generic absence.",
        "review_status": "pending",
        "final_taxonomy": "",
        "final_decision": "",
        "name": "Mámoa dos Montes de Brión IV-7",
        "municipality": "Ferrol",
        "parish": "Brión (Santa María)",
        "country": "ES",
        "fusion_probability": "0.35708707",
        "fusion_rank": "71",
        "max_safety_rank": "85",
        "archetype_only_rank": "81",
        "specialist_probability": "0.47058642",
        "specialist_rank": "63",
        "specialist_mean_rank": "63",
        "rank_delta_fusion_to_max": "-14",
        "negative_type": "megalithic_mound",
        "morphology_proxy": "",
        "visual_sheet": "reports/figures/weak_label_error_review_v1/holdout-top-false-positives.png",
        "review_reason": "Known hard negative ranked high by the main fusion model; inspect as false-positive pattern.",
        "review_notes": ""
      }
    },
    {
      "type": "Feature",
      "geometry": {
        "type": "Point",
        "coordinates": [
          -8.096451014104767,
          43.60704957345368
        ]
      },
      "properties": {
        "review_id": "err-review-0019",
        "sample_review_key": "wl-neg-neg-es-pba-24845",
        "duplicate_count": "1",
        "duplicate_queues": "holdout_top_false_positives",
        "review_priority": "P0",
        "queue": "holdout_top_false_positives",
        "priority_order": "20",
        "review_lane": "mamoa_false_positive_review",
        "dataset": "holdouts",
        "final_split": "test_trasancos",
        "sample_id": "wl-neg-neg-es-pba-24845",
        "bank_id": "neg-es-pba-24845",
        "label_class": "0",
        "label_role": "hard_negative",
        "suggested_taxonomy": "mamoa",
        "suggested_decision": "confirm_non_castro_archaeological_hard_negative",
        "boundary_action": "Confirm mound/non-castro; do not treat as generic absence.",
        "review_status": "pending",
        "final_taxonomy": "",
        "final_decision": "",
        "name": "Mámoa de Loira",
        "municipality": "Valdoviño",
        "parish": "Loira (San Pedro)",
        "country": "ES",
        "fusion_probability": "0.35506574",
        "fusion_rank": "74",
        "max_safety_rank": "89",
        "archetype_only_rank": "71",
        "specialist_probability": "0.41277697",
        "specialist_rank": "71",
        "specialist_mean_rank": "72",
        "rank_delta_fusion_to_max": "-15",
        "negative_type": "megalithic_mound",
        "morphology_proxy": "",
        "visual_sheet": "reports/figures/weak_label_error_review_v1/holdout-top-false-positives.png",
        "review_reason": "Known hard negative ranked high by the main fusion model; inspect as false-positive pattern.",
        "review_notes": ""
      }
    },
    {
      "type": "Feature",
      "geometry": {
        "type": "Point",
        "coordinates": [
          -8.198684457741432,
          43.52031757782413
        ]
      },
      "properties": {
        "review_id": "err-review-0020",
        "sample_review_key": "wl-neg-neg-es-pba-9947",
        "duplicate_count": "1",
        "duplicate_queues": "holdout_top_false_positives",
        "review_priority": "P0",
        "queue": "holdout_top_false_positives",
        "priority_order": "21",
        "review_lane": "mamoa_false_positive_review",
        "dataset": "holdouts",
        "final_split": "test_trasancos",
        "sample_id": "wl-neg-neg-es-pba-9947",
        "bank_id": "neg-es-pba-9947",
        "label_class": "0",
        "label_role": "hard_negative",
        "suggested_taxonomy": "mamoa",
        "suggested_decision": "confirm_non_castro_archaeological_hard_negative",
        "boundary_action": "Confirm mound/non-castro; do not treat as generic absence.",
        "review_status": "pending",
        "final_taxonomy": "",
        "final_decision": "",
        "name": "Mámoa de Leixa 1",
        "municipality": "Ferrol",
        "parish": "Leixa (San Pedro)",
        "country": "ES",
        "fusion_probability": "0.32482753",
        "fusion_rank": "77",
        "max_safety_rank": "97",
        "archetype_only_rank": "171",
        "specialist_probability": "0.11844492",
        "specialist_rank": "142",
        "specialist_mean_rank": "111",
        "rank_delta_fusion_to_max": "-20",
        "negative_type": "megalithic_mound",
        "morphology_proxy": "",
        "visual_sheet": "reports/figures/weak_label_error_review_v1/holdout-top-false-positives.png",
        "review_reason": "Known hard negative ranked high by the main fusion model; inspect as false-positive pattern.",
        "review_notes": ""
      }
    },
    {
      "type": "Feature",
      "geometry": {
        "type": "Point",
        "coordinates": [
          -8.199558404399172,
          43.572796295406846
        ]
      },
      "properties": {
        "review_id": "err-review-0021",
        "sample_review_key": "wl-neg-neg-es-pba-24850",
        "duplicate_count": "1",
        "duplicate_queues": "holdout_top_false_positives",
        "review_priority": "P0",
        "queue": "holdout_top_false_positives",
        "priority_order": "22",
        "review_lane": "mamoa_false_positive_review",
        "dataset": "holdouts",
        "final_split": "test_trasancos",
        "sample_id": "wl-neg-neg-es-pba-24850",
        "bank_id": "neg-es-pba-24850",
        "label_class": "0",
        "label_role": "hard_negative",
        "suggested_taxonomy": "mamoa",
        "suggested_decision": "confirm_non_castro_archaeological_hard_negative",
        "boundary_action": "Confirm mound/non-castro; do not treat as generic absence.",
        "review_status": "pending",
        "final_taxonomy": "",
        "final_decision": "",
        "name": "Mámoa de Rioboo 2/Mámoa de Canteiros 2/M moas do Val",
        "municipality": "Valdoviño",
        "parish": "Meirás (San Vicente)",
        "country": "ES",
        "fusion_probability": "0.32378712",
        "fusion_rank": "78",
        "max_safety_rank": "98",
        "archetype_only_rank": "202",
        "specialist_probability": "0.20227197",
        "specialist_rank": "110",
        "specialist_mean_rank": "96",
        "rank_delta_fusion_to_max": "-20",
        "negative_type": "megalithic_mound",
        "morphology_proxy": "",
        "visual_sheet": "reports/figures/weak_label_error_review_v1/holdout-top-false-positives.png",
        "review_reason": "Known hard negative ranked high by the main fusion model; inspect as false-positive pattern.",
        "review_notes": ""
      }
    },
    {
      "type": "Feature",
      "geometry": {
        "type": "Point",
        "coordinates": [
          -8.28682938315165,
          43.480979979060415
        ]
      },
      "properties": {
        "review_id": "err-review-0022",
        "sample_review_key": "wl-neg-neg-es-pba-10008",
        "duplicate_count": "1",
        "duplicate_queues": "holdout_top_false_positives",
        "review_priority": "P0",
        "queue": "holdout_top_false_positives",
        "priority_order": "23",
        "review_lane": "mamoa_false_positive_review",
        "dataset": "holdouts",
        "final_split": "test_trasancos",
        "sample_id": "wl-neg-neg-es-pba-10008",
        "bank_id": "neg-es-pba-10008",
        "label_class": "0",
        "label_role": "hard_negative",
        "suggested_taxonomy": "mamoa",
        "suggested_decision": "confirm_non_castro_archaeological_hard_negative",
        "boundary_action": "Confirm mound/non-castro; do not treat as generic absence.",
        "review_status": "pending",
        "final_taxonomy": "",
        "final_decision": "",
        "name": "Mámoa dos Montes de Brión I-10",
        "municipality": "Ferrol",
        "parish": "Brión (Santa María)",
        "country": "ES",
        "fusion_probability": "0.32286611",
        "fusion_rank": "79",
        "max_safety_rank": "87",
        "archetype_only_rank": "60",
        "specialist_probability": "0.45650043",
        "specialist_rank": "65",
        "specialist_mean_rank": "70",
        "rank_delta_fusion_to_max": "-8",
        "negative_type": "megalithic_mound",
        "morphology_proxy": "",
        "visual_sheet": "reports/figures/weak_label_error_review_v1/holdout-top-false-positives.png",
        "review_reason": "Known hard negative ranked high by the main fusion model; inspect as false-positive pattern.",
        "review_notes": ""
      }
    },
    {
      "type": "Feature",
      "geometry": {
        "type": "Point",
        "coordinates": [
          -8.20522866984784,
          43.546610330164974
        ]
      },
      "properties": {
        "review_id": "err-review-0023",
        "sample_review_key": "wl-neg-neg-es-pba-14299",
        "duplicate_count": "1",
        "duplicate_queues": "holdout_top_false_positives",
        "review_priority": "P0",
        "queue": "holdout_top_false_positives",
        "priority_order": "24",
        "review_lane": "mamoa_false_positive_review",
        "dataset": "holdouts",
        "final_split": "test_o_val",
        "sample_id": "wl-neg-neg-es-pba-14299",
        "bank_id": "neg-es-pba-14299",
        "label_class": "0",
        "label_role": "hard_negative",
        "suggested_taxonomy": "mamoa",
        "suggested_decision": "confirm_non_castro_archaeological_hard_negative",
        "boundary_action": "Confirm mound/non-castro; do not treat as generic absence.",
        "review_status": "pending",
        "final_taxonomy": "",
        "final_decision": "",
        "name": "Mámoa do Val/Mámoa de Santa Margarida",
        "municipality": "Narón",
        "parish": "O Val (Santa María A Maior)",
        "country": "ES",
        "fusion_probability": "0.32277415",
        "fusion_rank": "80",
        "max_safety_rank": "99",
        "archetype_only_rank": "83",
        "specialist_probability": "0.25713143",
        "specialist_rank": "95",
        "specialist_mean_rank": "90",
        "rank_delta_fusion_to_max": "-19",
        "negative_type": "megalithic_mound",
        "morphology_proxy": "",
        "visual_sheet": "reports/figures/weak_label_error_review_v1/holdout-top-false-positives.png",
        "review_reason": "Known hard negative ranked high by the main fusion model; inspect as false-positive pattern.",
        "review_notes": ""
      }
    },
    {
      "type": "Feature",
      "geometry": {
        "type": "Point",
        "coordinates": [
          -8.28604813778096,
          43.48276680801758
        ]
      },
      "properties": {
        "review_id": "err-review-0024",
        "sample_review_key": "wl-neg-neg-es-pba-10013",
        "duplicate_count": "1",
        "duplicate_queues": "holdout_top_false_positives",
        "review_priority": "P0",
        "queue": "holdout_top_false_positives",
        "priority_order": "25",
        "review_lane": "mamoa_false_positive_review",
        "dataset": "holdouts",
        "final_split": "test_trasancos",
        "sample_id": "wl-neg-neg-es-pba-10013",
        "bank_id": "neg-es-pba-10013",
        "label_class": "0",
        "label_role": "hard_negative",
        "suggested_taxonomy": "mamoa",
        "suggested_decision": "confirm_non_castro_archaeological_hard_negative",
        "boundary_action": "Confirm mound/non-castro; do not treat as generic absence.",
        "review_status": "pending",
        "final_taxonomy": "",
        "final_decision": "",
        "name": "Mámoa dos Montes de Brión I-6",
        "municipality": "Ferrol",
        "parish": "Brión (Santa María)",
        "country": "ES",
        "fusion_probability": "0.30532703",
        "fusion_rank": "81",
        "max_safety_rank": "100",
        "archetype_only_rank": "73",
        "specialist_probability": "0.28156299",
        "specialist_rank": "92",
        "specialist_mean_rank": "89",
        "rank_delta_fusion_to_max": "-19",
        "negative_type": "megalithic_mound",
        "morphology_proxy": "",
        "visual_sheet": "reports/figures/weak_label_error_review_v1/holdout-top-false-positives.png",
        "review_reason": "Known hard negative ranked high by the main fusion model; inspect as false-positive pattern.",
        "review_notes": ""
      }
    },
    {
      "type": "Feature",
      "geometry": {
        "type": "Point",
        "coordinates": [
          -8.22594601477777,
          43.57701844556937
        ]
      },
      "properties": {
        "review_id": "err-review-0025",
        "sample_review_key": "wl-pos-pos-es-pba-14588",
        "duplicate_count": "2",
        "duplicate_queues": "holdout_low_rank_positives;holdout_morphology_rescues",
        "review_priority": "P0",
        "queue": "holdout_low_rank_positives",
        "priority_order": "1",
        "review_lane": "mamoa_specialist_positive_review",
        "dataset": "holdouts",
        "final_split": "test_o_val",
        "sample_id": "wl-pos-pos-es-pba-14588",
        "bank_id": "pos-es-pba-14588",
        "label_class": "1",
        "label_role": "positive",
        "suggested_taxonomy": "castro",
        "suggested_decision": "inspect_as_positive_rescue",
        "boundary_action": "If visible, draw croa/muralla/recinto polygon; otherwise mark needs_followup.",
        "review_status": "pending",
        "final_taxonomy": "",
        "final_decision": "",
        "name": "Castro de Pena Lopesa",
        "municipality": "Narón",
        "parish": "O Val (Santa María A Maior)",
        "country": "ES",
        "fusion_probability": "0.06230073",
        "fusion_rank": "199",
        "max_safety_rank": "72",
        "archetype_only_rank": "47",
        "specialist_probability": "1.00000000",
        "specialist_rank": "2",
        "specialist_mean_rank": "51",
        "rank_delta_fusion_to_max": "127",
        "negative_type": "",
        "morphology_proxy": "hilltop_hint",
        "visual_sheet": "reports/figures/weak_label_error_review_v1/holdout-low-rank-positives.png",
        "review_reason": "Known positive ranked low by the main fusion model; inspect as false-negative morphology.",
        "review_notes": ""
      }
    },
    {
      "type": "Feature",
      "geometry": {
        "type": "Point",
        "coordinates": [
          -8.147683735016127,
          43.62230830936563
        ]
      },
      "properties": {
        "review_id": "err-review-0026",
        "sample_review_key": "wl-pos-pos-es-pba-24674",
        "duplicate_count": "2",
        "duplicate_queues": "holdout_low_rank_positives;holdout_morphology_rescues",
        "review_priority": "P0",
        "queue": "holdout_low_rank_positives",
        "priority_order": "11",
        "review_lane": "mamoa_specialist_positive_review",
        "dataset": "holdouts",
        "final_split": "test_trasancos",
        "sample_id": "wl-pos-pos-es-pba-24674",
        "bank_id": "pos-es-pba-24674",
        "label_class": "1",
        "label_role": "positive",
        "suggested_taxonomy": "castro",
        "suggested_decision": "inspect_as_positive_rescue",
        "boundary_action": "If visible, draw croa/muralla/recinto polygon; otherwise mark needs_followup.",
        "review_status": "pending",
        "final_taxonomy": "",
        "final_decision": "",
        "name": "Castro da Punta do Vico",
        "municipality": "Valdoviño",
        "parish": "Valdoviño (Santaia)",
        "country": "ES",
        "fusion_probability": "0.26762530",
        "fusion_rank": "93",
        "max_safety_rank": "25",
        "archetype_only_rank": "13",
        "specialist_probability": "0.99996177",
        "specialist_rank": "6",
        "specialist_mean_rank": "37",
        "rank_delta_fusion_to_max": "68",
        "negative_type": "",
        "morphology_proxy": "coastal_promontory_hint",
        "visual_sheet": "reports/figures/weak_label_error_review_v1/holdout-low-rank-positives.png",
        "review_reason": "Known positive ranked low by the main fusion model; inspect as false-negative morphology.",
        "review_notes": ""
      }
    },
    {
      "type": "Feature",
      "geometry": {
        "type": "Point",
        "coordinates": [
          -8.110405528230721,
          43.64384397902806
        ]
      },
      "properties": {
        "review_id": "err-review-0027",
        "sample_review_key": "wl-pos-pos-es-pba-24678",
        "duplicate_count": "1",
        "duplicate_queues": "holdout_low_rank_positives",
        "review_priority": "P0",
        "queue": "holdout_low_rank_positives",
        "priority_order": "21",
        "review_lane": "mamoa_specialist_positive_review",
        "dataset": "holdouts",
        "final_split": "test_trasancos",
        "sample_id": "wl-pos-pos-es-pba-24678",
        "bank_id": "pos-es-pba-24678",
        "label_class": "1",
        "label_role": "positive",
        "suggested_taxonomy": "castro",
        "suggested_decision": "inspect_as_positive_rescue",
        "boundary_action": "If visible, draw croa/muralla/recinto polygon; otherwise mark needs_followup.",
        "review_status": "pending",
        "final_taxonomy": "",
        "final_decision": "",
        "name": "Castro de Coto Redondo",
        "municipality": "Valdoviño",
        "parish": "Pantín (Santiago)",
        "country": "ES",
        "fusion_probability": "0.47510947",
        "fusion_rank": "54",
        "max_safety_rank": "64",
        "archetype_only_rank": "111",
        "specialist_probability": "0.99790934",
        "specialist_rank": "8",
        "specialist_mean_rank": "31",
        "rank_delta_fusion_to_max": "-10",
        "negative_type": "",
        "morphology_proxy": "hilltop_hint",
        "visual_sheet": "reports/figures/weak_label_error_review_v1/holdout-low-rank-positives.png",
        "review_reason": "Known positive ranked low by the main fusion model; inspect as false-negative morphology.",
        "review_notes": ""
      }
    },
    {
      "type": "Feature",
      "geometry": {
        "type": "Point",
        "coordinates": [
          -8.148872875517807,
          43.618480398789906
        ]
      },
      "properties": {
        "review_id": "err-review-0030",
        "sample_review_key": "wl-pos-pos-es-pba-24709",
        "duplicate_count": "1",
        "duplicate_queues": "holdout_morphology_rescues",
        "review_priority": "P0",
        "queue": "holdout_morphology_rescues",
        "priority_order": "11",
        "review_lane": "mamoa_specialist_positive_review",
        "dataset": "holdouts",
        "final_split": "test_trasancos",
        "sample_id": "wl-pos-pos-es-pba-24709",
        "bank_id": "pos-es-pba-24709",
        "label_class": "1",
        "label_role": "positive",
        "suggested_taxonomy": "castro",
        "suggested_decision": "inspect_as_positive_rescue",
        "boundary_action": "If visible, draw croa/muralla/recinto polygon; otherwise mark needs_followup.",
        "review_status": "pending",
        "final_taxonomy": "",
        "final_decision": "",
        "name": "Castro de Punta Frouxeira",
        "municipality": "Valdoviño",
        "parish": "Valdoviño (Santaia)",
        "country": "ES",
        "fusion_probability": "0.93602800",
        "fusion_rank": "7",
        "max_safety_rank": "4",
        "archetype_only_rank": "4",
        "specialist_probability": "0.99999962",
        "specialist_rank": "3",
        "specialist_mean_rank": "6",
        "rank_delta_fusion_to_max": "3",
        "negative_type": "",
        "morphology_proxy": "coastal_promontory_hint",
        "visual_sheet": "reports/figures/weak_label_error_review_v1/holdout-morphology-rescues.png",
        "review_reason": "Known positive moved upward by max_safety; inspect morphology archetype missed by the main model.",
        "review_notes": ""
      }
    },
    {
      "type": "Feature",
      "geometry": {
        "type": "Point",
        "coordinates": [
          -8.198712287595123,
          43.60215405961929
        ]
      },
      "properties": {
        "review_id": "err-review-0031",
        "sample_review_key": "wl-pos-pos-es-pba-24710",
        "duplicate_count": "1",
        "duplicate_queues": "holdout_morphology_rescues",
        "review_priority": "P0",
        "queue": "holdout_morphology_rescues",
        "priority_order": "12",
        "review_lane": "mamoa_specialist_positive_review",
        "dataset": "holdouts",
        "final_split": "test_trasancos",
        "sample_id": "wl-pos-pos-es-pba-24710",
        "bank_id": "pos-es-pba-24710",
        "label_class": "1",
        "label_role": "positive",
        "suggested_taxonomy": "castro",
        "suggested_decision": "inspect_as_positive_rescue",
        "boundary_action": "If visible, draw croa/muralla/recinto polygon; otherwise mark needs_followup.",
        "review_status": "pending",
        "final_taxonomy": "",
        "final_decision": "",
        "name": "Castro de Punta Taraza",
        "municipality": "Valdoviño",
        "parish": "Meirás (San Vicente)",
        "country": "ES",
        "fusion_probability": "0.96686012",
        "fusion_rank": "4",
        "max_safety_rank": "3",
        "archetype_only_rank": "3",
        "specialist_probability": "1.00000000",
        "specialist_rank": "1",
        "specialist_mean_rank": "4",
        "rank_delta_fusion_to_max": "1",
        "negative_type": "",
        "morphology_proxy": "coastal_promontory_hint",
        "visual_sheet": "reports/figures/weak_label_error_review_v1/holdout-morphology-rescues.png",
        "review_reason": "Known positive moved upward by max_safety; inspect morphology archetype missed by the main model.",
        "review_notes": ""
      }
    },
    {
      "type": "Feature",
      "geometry": {
        "type": "Point",
        "coordinates": [
          -8.282642845995516,
          43.559082757693524
        ]
      },
      "properties": {
        "review_id": "err-review-0032",
        "sample_review_key": "wl-pos-pos-es-pba-10262",
        "duplicate_count": "1",
        "duplicate_queues": "holdout_morphology_rescues",
        "review_priority": "P0",
        "queue": "holdout_morphology_rescues",
        "priority_order": "13",
        "review_lane": "mamoa_specialist_positive_review",
        "dataset": "holdouts",
        "final_split": "test_trasancos",
        "sample_id": "wl-pos-pos-es-pba-10262",
        "bank_id": "pos-es-pba-10262",
        "label_class": "1",
        "label_role": "positive",
        "suggested_taxonomy": "castro",
        "suggested_decision": "inspect_as_positive_rescue",
        "boundary_action": "If visible, draw croa/muralla/recinto polygon; otherwise mark needs_followup.",
        "review_status": "pending",
        "final_taxonomy": "",
        "final_decision": "",
        "name": "Necrópole de Santa Comba/Castro de Santa Comba",
        "municipality": "Ferrol",
        "parish": "Covas (San Martiño)",
        "country": "ES",
        "fusion_probability": "0.97212417",
        "fusion_rank": "3",
        "max_safety_rank": "2",
        "archetype_only_rank": "2",
        "specialist_probability": "0.99999575",
        "specialist_rank": "4",
        "specialist_mean_rank": "2",
        "rank_delta_fusion_to_max": "1",
        "negative_type": "",
        "morphology_proxy": "generic_castro_hint",
        "visual_sheet": "reports/figures/weak_label_error_review_v1/holdout-morphology-rescues.png",
        "review_reason": "Known positive moved upward by max_safety; inspect morphology archetype missed by the main model.",
        "review_notes": ""
      }
    },
    {
      "type": "Feature",
      "geometry": {
        "type": "Point",
        "coordinates": [
          -8.136844261989637,
          43.55153816561511
        ]
      },
      "properties": {
        "review_id": "err-review-0033",
        "sample_review_key": "wl-pos-pos-es-pba-14590",
        "duplicate_count": "1",
        "duplicate_queues": "holdout_low_rank_positives",
        "review_priority": "P1",
        "queue": "holdout_low_rank_positives",
        "priority_order": "3",
        "review_lane": "low_positive_review",
        "dataset": "holdouts",
        "final_split": "test_trasancos",
        "sample_id": "wl-pos-pos-es-pba-14590",
        "bank_id": "pos-es-pba-14590",
        "label_class": "1",
        "label_role": "positive",
        "suggested_taxonomy": "castro",
        "suggested_decision": "inspect_low_rank_known_positive",
        "boundary_action": "If visible, draw croa/muralla/recinto polygon; otherwise mark needs_followup.",
        "review_status": "pending",
        "final_taxonomy": "",
        "final_decision": "",
        "name": "Castro de Santo Estevo",
        "municipality": "Narón",
        "parish": "Sedes (Santo Estevo)",
        "country": "ES",
        "fusion_probability": "0.13038397",
        "fusion_rank": "164",
        "max_safety_rank": "184",
        "archetype_only_rank": "166",
        "specialist_probability": "0.13156826",
        "specialist_rank": "135",
        "specialist_mean_rank": "152",
        "rank_delta_fusion_to_max": "-20",
        "negative_type": "",
        "morphology_proxy": "generic_castro_hint",
        "visual_sheet": "reports/figures/weak_label_error_review_v1/holdout-low-rank-positives.png",
        "review_reason": "Known positive ranked low by the main fusion model; inspect as false-negative morphology.",
        "review_notes": ""
      }
    },
    {
      "type": "Feature",
      "geometry": {
        "type": "Point",
        "coordinates": [
          -8.09873394334149,
          43.6341480312583
        ]
      },
      "properties": {
        "review_id": "err-review-0034",
        "sample_review_key": "wl-pos-pos-es-pba-24677",
        "duplicate_count": "1",
        "duplicate_queues": "holdout_low_rank_positives",
        "review_priority": "P1",
        "queue": "holdout_low_rank_positives",
        "priority_order": "7",
        "review_lane": "low_positive_review",
        "dataset": "holdouts",
        "final_split": "test_trasancos",
        "sample_id": "wl-pos-pos-es-pba-24677",
        "bank_id": "pos-es-pba-24677",
        "label_class": "1",
        "label_role": "positive",
        "suggested_taxonomy": "castro",
        "suggested_decision": "inspect_low_rank_known_positive",
        "boundary_action": "If visible, draw croa/muralla/recinto polygon; otherwise mark needs_followup.",
        "review_status": "pending",
        "final_taxonomy": "",
        "final_decision": "",
        "name": "Castro de Casianes",
        "municipality": "Valdoviño",
        "parish": "Pantín (Santiago)",
        "country": "ES",
        "fusion_probability": "0.17325151",
        "fusion_rank": "138",
        "max_safety_rank": "163",
        "archetype_only_rank": "152",
        "specialist_probability": "0.32742838",
        "specialist_rank": "86",
        "specialist_mean_rank": "99",
        "rank_delta_fusion_to_max": "-25",
        "negative_type": "",
        "morphology_proxy": "generic_castro_hint",
        "visual_sheet": "reports/figures/weak_label_error_review_v1/holdout-low-rank-positives.png",
        "review_reason": "Known positive ranked low by the main fusion model; inspect as false-negative morphology.",
        "review_notes": ""
      }
    },
    {
      "type": "Feature",
      "geometry": {
        "type": "Point",
        "coordinates": [
          -8.135936419804226,
          43.61914947103172
        ]
      },
      "properties": {
        "review_id": "err-review-0035",
        "sample_review_key": "wl-pos-pos-es-pba-24738",
        "duplicate_count": "1",
        "duplicate_queues": "holdout_low_rank_positives",
        "review_priority": "P1",
        "queue": "holdout_low_rank_positives",
        "priority_order": "8",
        "review_lane": "low_positive_review",
        "dataset": "holdouts",
        "final_split": "test_trasancos",
        "sample_id": "wl-pos-pos-es-pba-24738",
        "bank_id": "pos-es-pba-24738",
        "label_class": "1",
        "label_role": "positive",
        "suggested_taxonomy": "castro",
        "suggested_decision": "inspect_low_rank_known_positive",
        "boundary_action": "If visible, draw croa/muralla/recinto polygon; otherwise mark needs_followup.",
        "review_status": "pending",
        "final_taxonomy": "",
        "final_decision": "",
        "name": "Castro e Mina do Pereiro",
        "municipality": "Valdoviño",
        "parish": "Valdoviño (Santaia)",
        "country": "ES",
        "fusion_probability": "0.23039334",
        "fusion_rank": "106",
        "max_safety_rank": "131",
        "archetype_only_rank": "164",
        "specialist_probability": "0.41540962",
        "specialist_rank": "70",
        "specialist_mean_rank": "82",
        "rank_delta_fusion_to_max": "-25",
        "negative_type": "",
        "morphology_proxy": "generic_castro_hint",
        "visual_sheet": "reports/figures/weak_label_error_review_v1/holdout-low-rank-positives.png",
        "review_reason": "Known positive ranked low by the main fusion model; inspect as false-negative morphology.",
        "review_notes": ""
      }
    },
    {
      "type": "Feature",
      "geometry": {
        "type": "Point",
        "coordinates": [
          -8.178759499653474,
          43.46407350807626
        ]
      },
      "properties": {
        "review_id": "err-review-0036",
        "sample_review_key": "wl-pos-pos-es-pba-8705",
        "duplicate_count": "1",
        "duplicate_queues": "holdout_low_rank_positives",
        "review_priority": "P1",
        "queue": "holdout_low_rank_positives",
        "priority_order": "9",
        "review_lane": "low_positive_review",
        "dataset": "holdouts",
        "final_split": "test_trasancos",
        "sample_id": "wl-pos-pos-es-pba-8705",
        "bank_id": "pos-es-pba-8705",
        "label_class": "1",
        "label_role": "positive",
        "suggested_taxonomy": "castro",
        "suggested_decision": "inspect_low_rank_known_positive",
        "boundary_action": "If visible, draw croa/muralla/recinto polygon; otherwise mark needs_followup.",
        "review_status": "pending",
        "final_taxonomy": "",
        "final_decision": "",
        "name": "Castro de Barallobre",
        "municipality": "Fene",
        "parish": "Barallobre (Santiago)",
        "country": "ES",
        "fusion_probability": "0.25615015",
        "fusion_rank": "96",
        "max_safety_rank": "117",
        "archetype_only_rank": "127",
        "specialist_probability": "0.24187362",
        "specialist_rank": "100",
        "specialist_mean_rank": "100",
        "rank_delta_fusion_to_max": "-21",
        "negative_type": "",
        "morphology_proxy": "generic_castro_hint",
        "visual_sheet": "reports/figures/weak_label_error_review_v1/holdout-low-rank-positives.png",
        "review_reason": "Known positive ranked low by the main fusion model; inspect as false-negative morphology.",
        "review_notes": ""
      }
    },
    {
      "type": "Feature",
      "geometry": {
        "type": "Point",
        "coordinates": [
          -8.242723079720715,
          43.48378570961132
        ]
      },
      "properties": {
        "review_id": "err-review-0037",
        "sample_review_key": "wl-pos-pos-es-pba-9152",
        "duplicate_count": "1",
        "duplicate_queues": "holdout_low_rank_positives",
        "review_priority": "P1",
        "queue": "holdout_low_rank_positives",
        "priority_order": "12",
        "review_lane": "low_positive_review",
        "dataset": "holdouts",
        "final_split": "test_trasancos",
        "sample_id": "wl-pos-pos-es-pba-9152",
        "bank_id": "pos-es-pba-9152",
        "label_class": "1",
        "label_role": "positive",
        "suggested_taxonomy": "castro",
        "suggested_decision": "inspect_low_rank_known_positive",
        "boundary_action": "If visible, draw croa/muralla/recinto polygon; otherwise mark needs_followup.",
        "review_status": "pending",
        "final_taxonomy": "",
        "final_decision": "",
        "name": "Castro de Canido",
        "municipality": "Ferrol",
        "parish": "Ferrol",
        "country": "ES",
        "fusion_probability": "0.29191905",
        "fusion_rank": "84",
        "max_safety_rank": "105",
        "archetype_only_rank": "142",
        "specialist_probability": "0.40867851",
        "specialist_rank": "73",
        "specialist_mean_rank": "79",
        "rank_delta_fusion_to_max": "-21",
        "negative_type": "",
        "morphology_proxy": "generic_castro_hint",
        "visual_sheet": "reports/figures/weak_label_error_review_v1/holdout-low-rank-positives.png",
        "review_reason": "Known positive ranked low by the main fusion model; inspect as false-negative morphology.",
        "review_notes": ""
      }
    },
    {
      "type": "Feature",
      "geometry": {
        "type": "Point",
        "coordinates": [
          -8.220621570398505,
          43.54366705275839
        ]
      },
      "properties": {
        "review_id": "err-review-0038",
        "sample_review_key": "wl-pos-pos-es-pba-14593",
        "duplicate_count": "1",
        "duplicate_queues": "holdout_low_rank_positives",
        "review_priority": "P1",
        "queue": "holdout_low_rank_positives",
        "priority_order": "13",
        "review_lane": "low_positive_review",
        "dataset": "holdouts",
        "final_split": "test_trasancos",
        "sample_id": "wl-pos-pos-es-pba-14593",
        "bank_id": "pos-es-pba-14593",
        "label_class": "1",
        "label_role": "positive",
        "suggested_taxonomy": "castro",
        "suggested_decision": "inspect_low_rank_known_positive",
        "boundary_action": "If visible, draw croa/muralla/recinto polygon; otherwise mark needs_followup.",
        "review_status": "pending",
        "final_taxonomy": "",
        "final_decision": "",
        "name": "Castro de Trasancos",
        "municipality": "Narón",
        "parish": "Trasancos (San Mateo)",
        "country": "ES",
        "fusion_probability": "0.33627011",
        "fusion_rank": "76",
        "max_safety_rank": "93",
        "archetype_only_rank": "67",
        "specialist_probability": "0.38699860",
        "specialist_rank": "77",
        "specialist_mean_rank": "76",
        "rank_delta_fusion_to_max": "-17",
        "negative_type": "",
        "morphology_proxy": "generic_castro_hint",
        "visual_sheet": "reports/figures/weak_label_error_review_v1/holdout-low-rank-positives.png",
        "review_reason": "Known positive ranked low by the main fusion model; inspect as false-negative morphology.",
        "review_notes": ""
      }
    },
    {
      "type": "Feature",
      "geometry": {
        "type": "Point",
        "coordinates": [
          -8.17901516416762,
          43.501629521149226
        ]
      },
      "properties": {
        "review_id": "err-review-0039",
        "sample_review_key": "wl-pos-pos-es-pba-14589",
        "duplicate_count": "1",
        "duplicate_queues": "holdout_low_rank_positives",
        "review_priority": "P1",
        "queue": "holdout_low_rank_positives",
        "priority_order": "14",
        "review_lane": "low_positive_review",
        "dataset": "holdouts",
        "final_split": "test_trasancos",
        "sample_id": "wl-pos-pos-es-pba-14589",
        "bank_id": "pos-es-pba-14589",
        "label_class": "1",
        "label_role": "positive",
        "suggested_taxonomy": "castro",
        "suggested_decision": "inspect_low_rank_known_positive",
        "boundary_action": "If visible, draw croa/muralla/recinto polygon; otherwise mark needs_followup.",
        "review_status": "pending",
        "final_taxonomy": "",
        "final_decision": "",
        "name": "Castro de Petouzal/Castro da Croa",
        "municipality": "Narón",
        "parish": "Narón",
        "country": "ES",
        "fusion_probability": "0.34422154",
        "fusion_rank": "75",
        "max_safety_rank": "92",
        "archetype_only_rank": "147",
        "specialist_probability": "0.39190514",
        "specialist_rank": "74",
        "specialist_mean_rank": "74",
        "rank_delta_fusion_to_max": "-17",
        "negative_type": "",
        "morphology_proxy": "croa_top_ring_hint",
        "visual_sheet": "reports/figures/weak_label_error_review_v1/holdout-low-rank-positives.png",
        "review_reason": "Known positive ranked low by the main fusion model; inspect as false-negative morphology.",
        "review_notes": ""
      }
    },
    {
      "type": "Feature",
      "geometry": {
        "type": "Point",
        "coordinates": [
          -8.17116511354815,
          43.59217497513028
        ]
      },
      "properties": {
        "review_id": "err-review-0040",
        "sample_review_key": "wl-pos-pos-es-pba-24335",
        "duplicate_count": "1",
        "duplicate_queues": "holdout_low_rank_positives",
        "review_priority": "P1",
        "queue": "holdout_low_rank_positives",
        "priority_order": "15",
        "review_lane": "low_positive_review",
        "dataset": "holdouts",
        "final_split": "test_trasancos",
        "sample_id": "wl-pos-pos-es-pba-24335",
        "bank_id": "pos-es-pba-24335",
        "label_class": "1",
        "label_role": "positive",
        "suggested_taxonomy": "castro",
        "suggested_decision": "inspect_low_rank_known_positive",
        "boundary_action": "If visible, draw croa/muralla/recinto polygon; otherwise mark needs_followup.",
        "review_status": "pending",
        "final_taxonomy": "",
        "final_decision": "",
        "name": "O Castro",
        "municipality": "Valdoviño",
        "parish": "Lago (Santiago)",
        "country": "ES",
        "fusion_probability": "0.35609470",
        "fusion_rank": "72",
        "max_safety_rank": "86",
        "archetype_only_rank": "119",
        "specialist_probability": "0.25289350",
        "specialist_rank": "97",
        "specialist_mean_rank": "88",
        "rank_delta_fusion_to_max": "-14",
        "negative_type": "",
        "morphology_proxy": "generic_castro_hint",
        "visual_sheet": "reports/figures/weak_label_error_review_v1/holdout-low-rank-positives.png",
        "review_reason": "Known positive ranked low by the main fusion model; inspect as false-negative morphology.",
        "review_notes": ""
      }
    },
    {
      "type": "Feature",
      "geometry": {
        "type": "Point",
        "coordinates": [
          -8.249128691469277,
          43.539632953340096
        ]
      },
      "properties": {
        "review_id": "err-review-0041",
        "sample_review_key": "wl-pos-pos-es-pba-9183",
        "duplicate_count": "1",
        "duplicate_queues": "holdout_low_rank_positives",
        "review_priority": "P1",
        "queue": "holdout_low_rank_positives",
        "priority_order": "16",
        "review_lane": "low_positive_review",
        "dataset": "holdouts",
        "final_split": "test_trasancos",
        "sample_id": "wl-pos-pos-es-pba-9183",
        "bank_id": "pos-es-pba-9183",
        "label_class": "1",
        "label_role": "positive",
        "suggested_taxonomy": "castro",
        "suggested_decision": "inspect_low_rank_known_positive",
        "boundary_action": "If visible, draw croa/muralla/recinto polygon; otherwise mark needs_followup.",
        "review_status": "pending",
        "final_taxonomy": "",
        "final_decision": "",
        "name": "Castro de Marmancón/Castro de Papoi",
        "municipality": "Ferrol",
        "parish": "Marmancón (San Pedro)",
        "country": "ES",
        "fusion_probability": "0.37927244",
        "fusion_rank": "65",
        "max_safety_rank": "78",
        "archetype_only_rank": "64",
        "specialist_probability": "0.43818702",
        "specialist_rank": "68",
        "specialist_mean_rank": "66",
        "rank_delta_fusion_to_max": "-13",
        "negative_type": "",
        "morphology_proxy": "coastal_promontory_hint",
        "visual_sheet": "reports/figures/weak_label_error_review_v1/holdout-low-rank-positives.png",
        "review_reason": "Known positive ranked low by the main fusion model; inspect as false-negative morphology.",
        "review_notes": ""
      }
    },
    {
      "type": "Feature",
      "geometry": {
        "type": "Point",
        "coordinates": [
          -8.042097773882631,
          43.54078893976058
        ]
      },
      "properties": {
        "review_id": "err-review-0042",
        "sample_review_key": "wl-pos-pos-es-pba-20784",
        "duplicate_count": "1",
        "duplicate_queues": "holdout_low_rank_positives",
        "review_priority": "P1",
        "queue": "holdout_low_rank_positives",
        "priority_order": "17",
        "review_lane": "low_positive_review",
        "dataset": "holdouts",
        "final_split": "test_trasancos",
        "sample_id": "wl-pos-pos-es-pba-20784",
        "bank_id": "pos-es-pba-20784",
        "label_class": "1",
        "label_role": "positive",
        "suggested_taxonomy": "castro",
        "suggested_decision": "inspect_low_rank_known_positive",
        "boundary_action": "If visible, draw croa/muralla/recinto polygon; otherwise mark needs_followup.",
        "review_status": "pending",
        "final_taxonomy": "",
        "final_decision": "",
        "name": "Castro de croas de Ramil",
        "municipality": "San Sadurniño",
        "parish": "Lamas (San Xiao)",
        "country": "ES",
        "fusion_probability": "0.39220577",
        "fusion_rank": "62",
        "max_safety_rank": "75",
        "archetype_only_rank": "128",
        "specialist_probability": "0.25096524",
        "specialist_rank": "98",
        "specialist_mean_rank": "83",
        "rank_delta_fusion_to_max": "-13",
        "negative_type": "",
        "morphology_proxy": "croa_top_ring_hint",
        "visual_sheet": "reports/figures/weak_label_error_review_v1/holdout-low-rank-positives.png",
        "review_reason": "Known positive ranked low by the main fusion model; inspect as false-negative morphology.",
        "review_notes": ""
      }
    },
    {
      "type": "Feature",
      "geometry": {
        "type": "Point",
        "coordinates": [
          -8.242394964840896,
          43.47839760085566
        ]
      },
      "properties": {
        "review_id": "err-review-0043",
        "sample_review_key": "wl-pos-pos-es-pba-9886",
        "duplicate_count": "1",
        "duplicate_queues": "holdout_low_rank_positives",
        "review_priority": "P1",
        "queue": "holdout_low_rank_positives",
        "priority_order": "19",
        "review_lane": "low_positive_review",
        "dataset": "holdouts",
        "final_split": "test_trasancos",
        "sample_id": "wl-pos-pos-es-pba-9886",
        "bank_id": "pos-es-pba-9886",
        "label_class": "1",
        "label_role": "positive",
        "suggested_taxonomy": "castro",
        "suggested_decision": "inspect_low_rank_known_positive",
        "boundary_action": "If visible, draw croa/muralla/recinto polygon; otherwise mark needs_followup.",
        "review_status": "pending",
        "final_taxonomy": "",
        "final_decision": "",
        "name": "Porta do Castro/Arco do Cristo",
        "municipality": "Ferrol",
        "parish": "Ferrol",
        "country": "ES",
        "fusion_probability": "0.40925940",
        "fusion_rank": "59",
        "max_safety_rank": "70",
        "archetype_only_rank": "183",
        "specialist_probability": "0.66567977",
        "specialist_rank": "38",
        "specialist_mean_rank": "50",
        "rank_delta_fusion_to_max": "-11",
        "negative_type": "",
        "morphology_proxy": "generic_castro_hint",
        "visual_sheet": "reports/figures/weak_label_error_review_v1/holdout-low-rank-positives.png",
        "review_reason": "Known positive ranked low by the main fusion model; inspect as false-negative morphology.",
        "review_notes": ""
      }
    },
    {
      "type": "Feature",
      "geometry": {
        "type": "Point",
        "coordinates": [
          -8.1781798324184,
          43.544581317028644
        ]
      },
      "properties": {
        "review_id": "err-review-0044",
        "sample_review_key": "wl-pos-pos-es-pba-14336",
        "duplicate_count": "1",
        "duplicate_queues": "holdout_low_rank_positives",
        "review_priority": "P1",
        "queue": "holdout_low_rank_positives",
        "priority_order": "20",
        "review_lane": "low_positive_review",
        "dataset": "holdouts",
        "final_split": "test_trasancos",
        "sample_id": "wl-pos-pos-es-pba-14336",
        "bank_id": "pos-es-pba-14336",
        "label_class": "1",
        "label_role": "positive",
        "suggested_taxonomy": "castro",
        "suggested_decision": "inspect_low_rank_known_positive",
        "boundary_action": "If visible, draw croa/muralla/recinto polygon; otherwise mark needs_followup.",
        "review_status": "pending",
        "final_taxonomy": "",
        "final_decision": "",
        "name": "O Castro",
        "municipality": "Narón",
        "parish": "Castro (Santa María)",
        "country": "ES",
        "fusion_probability": "0.43335312",
        "fusion_rank": "57",
        "max_safety_rank": "68",
        "archetype_only_rank": "177",
        "specialist_probability": "0.38184513",
        "specialist_rank": "78",
        "specialist_mean_rank": "68",
        "rank_delta_fusion_to_max": "-11",
        "negative_type": "",
        "morphology_proxy": "generic_castro_hint",
        "visual_sheet": "reports/figures/weak_label_error_review_v1/holdout-low-rank-positives.png",
        "review_reason": "Known positive ranked low by the main fusion model; inspect as false-negative morphology.",
        "review_notes": ""
      }
    },
    {
      "type": "Feature",
      "geometry": {
        "type": "Point",
        "coordinates": [
          -8.172870217067269,
          43.53362624920575
        ]
      },
      "properties": {
        "review_id": "err-review-0045",
        "sample_review_key": "wl-pos-pos-es-pba-14592",
        "duplicate_count": "1",
        "duplicate_queues": "holdout_low_rank_positives",
        "review_priority": "P1",
        "queue": "holdout_low_rank_positives",
        "priority_order": "22",
        "review_lane": "low_positive_review",
        "dataset": "holdouts",
        "final_split": "test_trasancos",
        "sample_id": "wl-pos-pos-es-pba-14592",
        "bank_id": "pos-es-pba-14592",
        "label_class": "1",
        "label_role": "positive",
        "suggested_taxonomy": "castro",
        "suggested_decision": "inspect_low_rank_known_positive",
        "boundary_action": "If visible, draw croa/muralla/recinto polygon; otherwise mark needs_followup.",
        "review_status": "pending",
        "final_taxonomy": "",
        "final_decision": "",
        "name": "Castro de Sequeiro/Castro de Narón",
        "municipality": "Narón",
        "parish": "San Xiao de Narón (San Xiao)",
        "country": "ES",
        "fusion_probability": "0.47687365",
        "fusion_rank": "52",
        "max_safety_rank": "62",
        "archetype_only_rank": "191",
        "specialist_probability": "0.34799726",
        "specialist_rank": "80",
        "specialist_mean_rank": "64",
        "rank_delta_fusion_to_max": "-10",
        "negative_type": "",
        "morphology_proxy": "generic_castro_hint",
        "visual_sheet": "reports/figures/weak_label_error_review_v1/holdout-low-rank-positives.png",
        "review_reason": "Known positive ranked low by the main fusion model; inspect as false-negative morphology.",
        "review_notes": ""
      }
    },
    {
      "type": "Feature",
      "geometry": {
        "type": "Point",
        "coordinates": [
          -8.20836441392536,
          43.522706975089974
        ]
      },
      "properties": {
        "review_id": "err-review-0046",
        "sample_review_key": "wl-pos-pos-es-pba-9154",
        "duplicate_count": "1",
        "duplicate_queues": "holdout_low_rank_positives",
        "review_priority": "P1",
        "queue": "holdout_low_rank_positives",
        "priority_order": "23",
        "review_lane": "low_positive_review",
        "dataset": "holdouts",
        "final_split": "test_trasancos",
        "sample_id": "wl-pos-pos-es-pba-9154",
        "bank_id": "pos-es-pba-9154",
        "label_class": "1",
        "label_role": "positive",
        "suggested_taxonomy": "castro",
        "suggested_decision": "inspect_low_rank_known_positive",
        "boundary_action": "If visible, draw croa/muralla/recinto polygon; otherwise mark needs_followup.",
        "review_status": "pending",
        "final_taxonomy": "",
        "final_decision": "",
        "name": "Castro de Leixa/A Croa de Leixa",
        "municipality": "Ferrol",
        "parish": "Leixa (San Pedro)",
        "country": "ES",
        "fusion_probability": "0.48876775",
        "fusion_rank": "51",
        "max_safety_rank": "60",
        "archetype_only_rank": "116",
        "specialist_probability": "0.41003802",
        "specialist_rank": "72",
        "specialist_mean_rank": "59",
        "rank_delta_fusion_to_max": "-9",
        "negative_type": "",
        "morphology_proxy": "croa_top_ring_hint",
        "visual_sheet": "reports/figures/weak_label_error_review_v1/holdout-low-rank-positives.png",
        "review_reason": "Known positive ranked low by the main fusion model; inspect as false-negative morphology.",
        "review_notes": ""
      }
    },
    {
      "type": "Feature",
      "geometry": {
        "type": "Point",
        "coordinates": [
          -8.199972868867611,
          43.51103121295041
        ]
      },
      "properties": {
        "review_id": "err-review-0047",
        "sample_review_key": "wl-pos-pos-es-pba-9184",
        "duplicate_count": "1",
        "duplicate_queues": "holdout_low_rank_positives",
        "review_priority": "P1",
        "queue": "holdout_low_rank_positives",
        "priority_order": "24",
        "review_lane": "low_positive_review",
        "dataset": "holdouts",
        "final_split": "test_trasancos",
        "sample_id": "wl-pos-pos-es-pba-9184",
        "bank_id": "pos-es-pba-9184",
        "label_class": "1",
        "label_role": "positive",
        "suggested_taxonomy": "castro",
        "suggested_decision": "inspect_low_rank_known_positive",
        "boundary_action": "If visible, draw croa/muralla/recinto polygon; otherwise mark needs_followup.",
        "review_status": "pending",
        "final_taxonomy": "",
        "final_decision": "",
        "name": "Castro de Santa Cecilia",
        "municipality": "Ferrol",
        "parish": "Santa Cecilia de Trasancos (Santa Cecilia)",
        "country": "ES",
        "fusion_probability": "0.51840315",
        "fusion_rank": "50",
        "max_safety_rank": "56",
        "archetype_only_rank": "72",
        "specialist_probability": "0.29891182",
        "specialist_rank": "90",
        "specialist_mean_rank": "67",
        "rank_delta_fusion_to_max": "-6",
        "negative_type": "",
        "morphology_proxy": "generic_castro_hint",
        "visual_sheet": "reports/figures/weak_label_error_review_v1/holdout-low-rank-positives.png",
        "review_reason": "Known positive ranked low by the main fusion model; inspect as false-negative morphology.",
        "review_notes": ""
      }
    },
    {
      "type": "Feature",
      "geometry": {
        "type": "Point",
        "coordinates": [
          -8.242683156451365,
          43.47962400888347
        ]
      },
      "properties": {
        "review_id": "err-review-0048",
        "sample_review_key": "wl-pos-pos-es-pba-9153",
        "duplicate_count": "1",
        "duplicate_queues": "holdout_low_rank_positives",
        "review_priority": "P1",
        "queue": "holdout_low_rank_positives",
        "priority_order": "25",
        "review_lane": "low_positive_review",
        "dataset": "holdouts",
        "final_split": "test_trasancos",
        "sample_id": "wl-pos-pos-es-pba-9153",
        "bank_id": "pos-es-pba-9153",
        "label_class": "1",
        "label_role": "positive",
        "suggested_taxonomy": "castro",
        "suggested_decision": "inspect_low_rank_known_positive",
        "boundary_action": "If visible, draw croa/muralla/recinto polygon; otherwise mark needs_followup.",
        "review_status": "pending",
        "final_taxonomy": "",
        "final_decision": "",
        "name": "Castro de Ferrol Vello",
        "municipality": "Ferrol",
        "parish": "Ferrol",
        "country": "ES",
        "fusion_probability": "0.52383388",
        "fusion_rank": "49",
        "max_safety_rank": "55",
        "archetype_only_rank": "42",
        "specialist_probability": "0.82053006",
        "specialist_rank": "35",
        "specialist_mean_rank": "34",
        "rank_delta_fusion_to_max": "-6",
        "negative_type": "",
        "morphology_proxy": "generic_castro_hint",
        "visual_sheet": "reports/figures/weak_label_error_review_v1/holdout-low-rank-positives.png",
        "review_reason": "Known positive ranked low by the main fusion model; inspect as false-negative morphology.",
        "review_notes": ""
      }
    },
    {
      "type": "Feature",
      "geometry": {
        "type": "Point",
        "coordinates": [
          -8.239830294287893,
          43.524029972263946
        ]
      },
      "properties": {
        "review_id": "err-review-0049",
        "sample_review_key": "wl-pos-pos-es-pba-10165",
        "duplicate_count": "2",
        "duplicate_queues": "holdout_low_rank_positives;holdout_morphology_rescues",
        "review_priority": "P1",
        "queue": "holdout_low_rank_positives",
        "priority_order": "2",
        "review_lane": "morphology_rescue_review",
        "dataset": "holdouts",
        "final_split": "test_trasancos",
        "sample_id": "wl-pos-pos-es-pba-10165",
        "bank_id": "pos-es-pba-10165",
        "label_class": "1",
        "label_role": "positive",
        "suggested_taxonomy": "castro",
        "suggested_decision": "inspect_morphology_rescue",
        "boundary_action": "If visible, draw croa/muralla/recinto polygon; otherwise mark needs_followup.",
        "review_status": "pending",
        "final_taxonomy": "",
        "final_decision": "",
        "name": "Monte do Castro/Castro de Vilela",
        "municipality": "Ferrol",
        "parish": "Mandiá (Santa Uxía)",
        "country": "ES",
        "fusion_probability": "0.11178112",
        "fusion_rank": "172",
        "max_safety_rank": "123",
        "archetype_only_rank": "99",
        "specialist_probability": "0.23111581",
        "specialist_rank": "103",
        "specialist_mean_rank": "127",
        "rank_delta_fusion_to_max": "49",
        "negative_type": "",
        "morphology_proxy": "hilltop_hint",
        "visual_sheet": "reports/figures/weak_label_error_review_v1/holdout-low-rank-positives.png",
        "review_reason": "Known positive ranked low by the main fusion model; inspect as false-negative morphology.",
        "review_notes": ""
      }
    },
    {
      "type": "Feature",
      "geometry": {
        "type": "Point",
        "coordinates": [
          -8.093620081527554,
          43.639579102678184
        ]
      },
      "properties": {
        "review_id": "err-review-0050",
        "sample_review_key": "wl-pos-pos-es-pba-24337",
        "duplicate_count": "2",
        "duplicate_queues": "holdout_low_rank_positives;holdout_morphology_rescues",
        "review_priority": "P1",
        "queue": "holdout_low_rank_positives",
        "priority_order": "4",
        "review_lane": "morphology_rescue_review",
        "dataset": "holdouts",
        "final_split": "test_trasancos",
        "sample_id": "wl-pos-pos-es-pba-24337",
        "bank_id": "pos-es-pba-24337",
        "label_class": "1",
        "label_role": "positive",
        "suggested_taxonomy": "castro",
        "suggested_decision": "inspect_morphology_rescue",
        "boundary_action": "If visible, draw croa/muralla/recinto polygon; otherwise mark needs_followup.",
        "review_status": "pending",
        "final_taxonomy": "",
        "final_decision": "",
        "name": "Os Castros",
        "municipality": "Valdoviño",
        "parish": "Pantín (Santiago)",
        "country": "ES",
        "fusion_probability": "0.13453320",
        "fusion_rank": "160",
        "max_safety_rank": "90",
        "archetype_only_rank": "62",
        "specialist_probability": "0.12112084",
        "specialist_rank": "139",
        "specialist_mean_rank": "155",
        "rank_delta_fusion_to_max": "70",
        "negative_type": "",
        "morphology_proxy": "generic_castro_hint",
        "visual_sheet": "reports/figures/weak_label_error_review_v1/holdout-low-rank-positives.png",
        "review_reason": "Known positive ranked low by the main fusion model; inspect as false-negative morphology.",
        "review_notes": ""
      }
    },
    {
      "type": "Feature",
      "geometry": {
        "type": "Point",
        "coordinates": [
          -8.081000277632068,
          43.48946910625164
        ]
      },
      "properties": {
        "review_id": "err-review-0051",
        "sample_review_key": "wl-pos-pos-es-pba-20704",
        "duplicate_count": "2",
        "duplicate_queues": "holdout_low_rank_positives;holdout_morphology_rescues",
        "review_priority": "P1",
        "queue": "holdout_low_rank_positives",
        "priority_order": "5",
        "review_lane": "morphology_rescue_review",
        "dataset": "holdouts",
        "final_split": "test_trasancos",
        "sample_id": "wl-pos-pos-es-pba-20704",
        "bank_id": "pos-es-pba-20704",
        "label_class": "1",
        "label_role": "positive",
        "suggested_taxonomy": "castro",
        "suggested_decision": "inspect_morphology_rescue",
        "boundary_action": "If visible, draw croa/muralla/recinto polygon; otherwise mark needs_followup.",
        "review_status": "pending",
        "final_taxonomy": "",
        "final_decision": "",
        "name": "A Croa",
        "municipality": "San Sadurniño",
        "parish": "Naraío (Santa María)",
        "country": "ES",
        "fusion_probability": "0.14655968",
        "fusion_rank": "155",
        "max_safety_rank": "71",
        "archetype_only_rank": "46",
        "specialist_probability": "0.35083792",
        "specialist_rank": "79",
        "specialist_mean_rank": "102",
        "rank_delta_fusion_to_max": "84",
        "negative_type": "",
        "morphology_proxy": "croa_top_ring_hint",
        "visual_sheet": "reports/figures/weak_label_error_review_v1/holdout-low-rank-positives.png",
        "review_reason": "Known positive ranked low by the main fusion model; inspect as false-negative morphology.",
        "review_notes": ""
      }
    },
    {
      "type": "Feature",
      "geometry": {
        "type": "Point",
        "coordinates": [
          -8.186321260418124,
          43.42396916091138
        ]
      },
      "properties": {
        "review_id": "err-review-0052",
        "sample_review_key": "wl-pos-pos-es-pba-8709",
        "duplicate_count": "2",
        "duplicate_queues": "holdout_low_rank_positives;holdout_morphology_rescues",
        "review_priority": "P1",
        "queue": "holdout_low_rank_positives",
        "priority_order": "6",
        "review_lane": "morphology_rescue_review",
        "dataset": "holdouts",
        "final_split": "test_trasancos",
        "sample_id": "wl-pos-pos-es-pba-8709",
        "bank_id": "pos-es-pba-8709",
        "label_class": "1",
        "label_role": "positive",
        "suggested_taxonomy": "castro",
        "suggested_decision": "inspect_morphology_rescue",
        "boundary_action": "If visible, draw croa/muralla/recinto polygon; otherwise mark needs_followup.",
        "review_status": "pending",
        "final_taxonomy": "",
        "final_decision": "",
        "name": "Castro do Río Castro",
        "municipality": "Fene",
        "parish": "Limodre (Santa Baia)",
        "country": "ES",
        "fusion_probability": "0.16775494",
        "fusion_rank": "141",
        "max_safety_rank": "69",
        "archetype_only_rank": "44",
        "specialist_probability": "0.12025498",
        "specialist_rank": "140",
        "specialist_mean_rank": "142",
        "rank_delta_fusion_to_max": "72",
        "negative_type": "",
        "morphology_proxy": "valley_or_river_edge_hint",
        "visual_sheet": "reports/figures/weak_label_error_review_v1/holdout-low-rank-positives.png",
        "review_reason": "Known positive ranked low by the main fusion model; inspect as false-negative morphology.",
        "review_notes": ""
      }
    },
    {
      "type": "Feature",
      "geometry": {
        "type": "Point",
        "coordinates": [
          -8.14047244366622,
          43.52154202964775
        ]
      },
      "properties": {
        "review_id": "err-review-0053",
        "sample_review_key": "wl-pos-pos-es-pba-14488",
        "duplicate_count": "2",
        "duplicate_queues": "holdout_low_rank_positives;holdout_morphology_rescues",
        "review_priority": "P1",
        "queue": "holdout_low_rank_positives",
        "priority_order": "10",
        "review_lane": "morphology_rescue_review",
        "dataset": "holdouts",
        "final_split": "test_trasancos",
        "sample_id": "wl-pos-pos-es-pba-14488",
        "bank_id": "pos-es-pba-14488",
        "label_class": "1",
        "label_role": "positive",
        "suggested_taxonomy": "castro",
        "suggested_decision": "inspect_morphology_rescue",
        "boundary_action": "If visible, draw croa/muralla/recinto polygon; otherwise mark needs_followup.",
        "review_status": "pending",
        "final_taxonomy": "",
        "final_decision": "",
        "name": "Castro de Ancos",
        "municipality": "Neda",
        "parish": "Santa María de Neda (Santa María)",
        "country": "ES",
        "fusion_probability": "0.26730012",
        "fusion_rank": "94",
        "max_safety_rank": "53",
        "archetype_only_rank": "28",
        "specialist_probability": "0.44184615",
        "specialist_rank": "67",
        "specialist_mean_rank": "78",
        "rank_delta_fusion_to_max": "41",
        "negative_type": "",
        "morphology_proxy": "generic_castro_hint",
        "visual_sheet": "reports/figures/weak_label_error_review_v1/holdout-low-rank-positives.png",
        "review_reason": "Known positive ranked low by the main fusion model; inspect as false-negative morphology.",
        "review_notes": ""
      }
    },
    {
      "type": "Feature",
      "geometry": {
        "type": "Point",
        "coordinates": [
          -8.119373302895987,
          43.63140985564435
        ]
      },
      "properties": {
        "review_id": "err-review-0054",
        "sample_review_key": "wl-pos-pos-es-pba-24705",
        "duplicate_count": "2",
        "duplicate_queues": "holdout_low_rank_positives;holdout_morphology_rescues",
        "review_priority": "P1",
        "queue": "holdout_low_rank_positives",
        "priority_order": "18",
        "review_lane": "morphology_rescue_review",
        "dataset": "holdouts",
        "final_split": "test_trasancos",
        "sample_id": "wl-pos-pos-es-pba-24705",
        "bank_id": "pos-es-pba-24705",
        "label_class": "1",
        "label_role": "positive",
        "suggested_taxonomy": "castro",
        "suggested_decision": "inspect_morphology_rescue",
        "boundary_action": "If visible, draw croa/muralla/recinto polygon; otherwise mark needs_followup.",
        "review_status": "pending",
        "final_taxonomy": "",
        "final_decision": "",
        "name": "Castro de Lagoa",
        "municipality": "Valdoviño",
        "parish": "Pantín (Santiago)",
        "country": "ES",
        "fusion_probability": "0.40149863",
        "fusion_rank": "61",
        "max_safety_rank": "58",
        "archetype_only_rank": "35",
        "specialist_probability": "0.53382290",
        "specialist_rank": "56",
        "specialist_mean_rank": "57",
        "rank_delta_fusion_to_max": "3",
        "negative_type": "",
        "morphology_proxy": "generic_castro_hint",
        "visual_sheet": "reports/figures/weak_label_error_review_v1/holdout-low-rank-positives.png",
        "review_reason": "Known positive ranked low by the main fusion model; inspect as false-negative morphology.",
        "review_notes": ""
      }
    },
    {
      "type": "Feature",
      "geometry": {
        "type": "Point",
        "coordinates": [
          -8.08589185535877,
          43.637237042304854
        ]
      },
      "properties": {
        "review_id": "err-review-0060",
        "sample_review_key": "wl-pos-pos-es-pba-24712",
        "duplicate_count": "1",
        "duplicate_queues": "holdout_morphology_rescues",
        "review_priority": "P1",
        "queue": "holdout_morphology_rescues",
        "priority_order": "8",
        "review_lane": "morphology_rescue_review",
        "dataset": "holdouts",
        "final_split": "test_trasancos",
        "sample_id": "wl-pos-pos-es-pba-24712",
        "bank_id": "pos-es-pba-24712",
        "label_class": "1",
        "label_role": "positive",
        "suggested_taxonomy": "castro",
        "suggested_decision": "inspect_morphology_rescue",
        "boundary_action": "If visible, draw croa/muralla/recinto polygon; otherwise mark needs_followup.",
        "review_status": "pending",
        "final_taxonomy": "",
        "final_decision": "",
        "name": "Castro de Vilarrube/Os Castros de Ferreirías",
        "municipality": "Valdoviño",
        "parish": "Pantín (Santiago)",
        "country": "ES",
        "fusion_probability": "0.67035158",
        "fusion_rank": "31",
        "max_safety_rank": "7",
        "archetype_only_rank": "7",
        "specialist_probability": "0.86479728",
        "specialist_rank": "32",
        "specialist_mean_rank": "28",
        "rank_delta_fusion_to_max": "24",
        "negative_type": "",
        "morphology_proxy": "generic_castro_hint",
        "visual_sheet": "reports/figures/weak_label_error_review_v1/holdout-morphology-rescues.png",
        "review_reason": "Known positive moved upward by max_safety; inspect morphology archetype missed by the main model.",
        "review_notes": ""
      }
    },
    {
      "type": "Feature",
      "geometry": {
        "type": "Point",
        "coordinates": [
          -8.149740461365019,
          43.50786201500216
        ]
      },
      "properties": {
        "review_id": "err-review-0061",
        "sample_review_key": "wl-pos-pos-es-pba-14519",
        "duplicate_count": "1",
        "duplicate_queues": "holdout_morphology_rescues",
        "review_priority": "P1",
        "queue": "holdout_morphology_rescues",
        "priority_order": "9",
        "review_lane": "morphology_rescue_review",
        "dataset": "holdouts",
        "final_split": "test_trasancos",
        "sample_id": "wl-pos-pos-es-pba-14519",
        "bank_id": "pos-es-pba-14519",
        "label_class": "1",
        "label_role": "positive",
        "suggested_taxonomy": "castro",
        "suggested_decision": "inspect_morphology_rescue",
        "boundary_action": "If visible, draw croa/muralla/recinto polygon; otherwise mark needs_followup.",
        "review_status": "pending",
        "final_taxonomy": "",
        "final_decision": "",
        "name": "Castros",
        "municipality": "Neda",
        "parish": "Santa María de Neda (Santa María)",
        "country": "ES",
        "fusion_probability": "0.85008031",
        "fusion_rank": "15",
        "max_safety_rank": "5",
        "archetype_only_rank": "5",
        "specialist_probability": "0.91474445",
        "specialist_rank": "26",
        "specialist_mean_rank": "14",
        "rank_delta_fusion_to_max": "10",
        "negative_type": "",
        "morphology_proxy": "generic_castro_hint",
        "visual_sheet": "reports/figures/weak_label_error_review_v1/holdout-morphology-rescues.png",
        "review_reason": "Known positive moved upward by max_safety; inspect morphology archetype missed by the main model.",
        "review_notes": ""
      }
    },
    {
      "type": "Feature",
      "geometry": {
        "type": "Point",
        "coordinates": [
          -7.015414525821192,
          43.13988676353711
        ]
      },
      "properties": {
        "review_id": "err-review-0063",
        "sample_review_key": "wl-pos-pos-es-pba-30789",
        "duplicate_count": "2",
        "duplicate_queues": "val_low_rank_weak_positives;val_morphology_rescues",
        "review_priority": "P1",
        "queue": "val_low_rank_weak_positives",
        "priority_order": "1",
        "review_lane": "morphology_rescue_review",
        "dataset": "val",
        "final_split": "val",
        "sample_id": "wl-pos-pos-es-pba-30789",
        "bank_id": "pos-es-pba-30789",
        "label_class": "1",
        "label_role": "positive",
        "suggested_taxonomy": "castro",
        "suggested_decision": "inspect_morphology_rescue",
        "boundary_action": "If visible, draw croa/muralla/recinto polygon; otherwise mark needs_followup.",
        "review_status": "pending",
        "final_taxonomy": "",
        "final_decision": "",
        "name": "Castro de Vilarín de Arriba",
        "municipality": "A Fonsagrada",
        "parish": "San Martín de Suarna (San Martín)",
        "country": "ES",
        "fusion_probability": "0.01282522",
        "fusion_rank": "1843",
        "max_safety_rank": "33",
        "archetype_only_rank": "29",
        "specialist_probability": "0.07845831",
        "specialist_rank": "1518",
        "specialist_mean_rank": "1747",
        "rank_delta_fusion_to_max": "1810",
        "negative_type": "",
        "morphology_proxy": "generic_castro_hint",
        "visual_sheet": "reports/figures/weak_label_error_review_v1/val-low-rank-weak-positives.png",
        "review_reason": "Weak positive ranked low on validation; inspect label noise, morphology and imagery quality.",
        "review_notes": ""
      }
    },
    {
      "type": "Feature",
      "geometry": {
        "type": "Point",
        "coordinates": [
          -7.7000687773603875,
          43.66571995489202
        ]
      },
      "properties": {
        "review_id": "err-review-0064",
        "sample_review_key": "wl-pos-pos-es-pba-12801",
        "duplicate_count": "2",
        "duplicate_queues": "val_low_rank_weak_positives;val_morphology_rescues",
        "review_priority": "P1",
        "queue": "val_low_rank_weak_positives",
        "priority_order": "2",
        "review_lane": "morphology_rescue_review",
        "dataset": "val",
        "final_split": "val",
        "sample_id": "wl-pos-pos-es-pba-12801",
        "bank_id": "pos-es-pba-12801",
        "label_class": "1",
        "label_role": "positive",
        "suggested_taxonomy": "castro",
        "suggested_decision": "inspect_morphology_rescue",
        "boundary_action": "If visible, draw croa/muralla/recinto polygon; otherwise mark needs_followup.",
        "review_status": "pending",
        "final_taxonomy": "",
        "final_decision": "",
        "name": "Castro",
        "municipality": "Mañón",
        "parish": "",
        "country": "ES",
        "fusion_probability": "0.01470064",
        "fusion_rank": "1842",
        "max_safety_rank": "68",
        "archetype_only_rank": "53",
        "specialist_probability": "0.15178585",
        "specialist_rank": "1197",
        "specialist_mean_rank": "1587",
        "rank_delta_fusion_to_max": "1774",
        "negative_type": "",
        "morphology_proxy": "generic_castro_hint",
        "visual_sheet": "reports/figures/weak_label_error_review_v1/val-low-rank-weak-positives.png",
        "review_reason": "Weak positive ranked low on validation; inspect label noise, morphology and imagery quality.",
        "review_notes": ""
      }
    },
    {
      "type": "Feature",
      "geometry": {
        "type": "Point",
        "coordinates": [
          -7.125881702664306,
          43.022003717529316
        ]
      },
      "properties": {
        "review_id": "err-review-0065",
        "sample_review_key": "wl-pos-pos-es-pba-29137",
        "duplicate_count": "2",
        "duplicate_queues": "val_low_rank_weak_positives;val_morphology_rescues",
        "review_priority": "P1",
        "queue": "val_low_rank_weak_positives",
        "priority_order": "3",
        "review_lane": "morphology_rescue_review",
        "dataset": "val",
        "final_split": "val",
        "sample_id": "wl-pos-pos-es-pba-29137",
        "bank_id": "pos-es-pba-29137",
        "label_class": "1",
        "label_role": "positive",
        "suggested_taxonomy": "castro",
        "suggested_decision": "inspect_morphology_rescue",
        "boundary_action": "If visible, draw croa/muralla/recinto polygon; otherwise mark needs_followup.",
        "review_status": "pending",
        "final_taxonomy": "",
        "final_decision": "",
        "name": "A Croa de Aguiar",
        "municipality": "A Fonsagrada",
        "parish": "San Pedro de Río (San Pedro)",
        "country": "ES",
        "fusion_probability": "0.01521199",
        "fusion_rank": "1841",
        "max_safety_rank": "52",
        "archetype_only_rank": "45",
        "specialist_probability": "0.06580545",
        "specialist_rank": "1590",
        "specialist_mean_rank": "1760",
        "rank_delta_fusion_to_max": "1789",
        "negative_type": "",
        "morphology_proxy": "croa_top_ring_hint",
        "visual_sheet": "reports/figures/weak_label_error_review_v1/val-low-rank-weak-positives.png",
        "review_reason": "Weak positive ranked low on validation; inspect label noise, morphology and imagery quality.",
        "review_notes": ""
      }
    },
    {
      "type": "Feature",
      "geometry": {
        "type": "Point",
        "coordinates": [
          -8.498408357336032,
          42.555050382391805
        ]
      },
      "properties": {
        "review_id": "err-review-0066",
        "sample_review_key": "wl-pos-pos-es-pba-63859",
        "duplicate_count": "2",
        "duplicate_queues": "val_low_rank_weak_positives;val_morphology_rescues",
        "review_priority": "P1",
        "queue": "val_low_rank_weak_positives",
        "priority_order": "4",
        "review_lane": "morphology_rescue_review",
        "dataset": "val",
        "final_split": "val",
        "sample_id": "wl-pos-pos-es-pba-63859",
        "bank_id": "pos-es-pba-63859",
        "label_class": "1",
        "label_role": "positive",
        "suggested_taxonomy": "castro",
        "suggested_decision": "inspect_morphology_rescue",
        "boundary_action": "If visible, draw croa/muralla/recinto polygon; otherwise mark needs_followup.",
        "review_status": "pending",
        "final_taxonomy": "",
        "final_decision": "",
        "name": "Casa do Castro",
        "municipality": "Campo Lameiro",
        "parish": "Morillas (Santiago)",
        "country": "ES",
        "fusion_probability": "0.02670907",
        "fusion_rank": "1825",
        "max_safety_rank": "1613",
        "archetype_only_rank": "1269",
        "specialist_probability": "0.03113617",
        "specialist_rank": "1770",
        "specialist_mean_rank": "1815",
        "rank_delta_fusion_to_max": "212",
        "negative_type": "",
        "morphology_proxy": "generic_castro_hint",
        "visual_sheet": "reports/figures/weak_label_error_review_v1/val-low-rank-weak-positives.png",
        "review_reason": "Weak positive ranked low on validation; inspect label noise, morphology and imagery quality.",
        "review_notes": ""
      }
    },
    {
      "type": "Feature",
      "geometry": {
        "type": "Point",
        "coordinates": [
          -8.873630702842346,
          42.04729664956693
        ]
      },
      "properties": {
        "review_id": "err-review-0067",
        "sample_review_key": "wl-pos-pos-es-pba-69292",
        "duplicate_count": "2",
        "duplicate_queues": "val_low_rank_weak_positives;val_morphology_rescues",
        "review_priority": "P1",
        "queue": "val_low_rank_weak_positives",
        "priority_order": "5",
        "review_lane": "morphology_rescue_review",
        "dataset": "val",
        "final_split": "val",
        "sample_id": "wl-pos-pos-es-pba-69292",
        "bank_id": "pos-es-pba-69292",
        "label_class": "1",
        "label_role": "positive",
        "suggested_taxonomy": "castro",
        "suggested_decision": "inspect_morphology_rescue",
        "boundary_action": "If visible, draw croa/muralla/recinto polygon; otherwise mark needs_followup.",
        "review_status": "pending",
        "final_taxonomy": "",
        "final_decision": "",
        "name": "Castro de Mougás/O Crasto",
        "municipality": "Oia",
        "parish": "Mougás (Santa Uxía)",
        "country": "ES",
        "fusion_probability": "0.04772812",
        "fusion_rank": "1763",
        "max_safety_rank": "1310",
        "archetype_only_rank": "936",
        "specialist_probability": "0.04119979",
        "specialist_rank": "1722",
        "specialist_mean_rank": "1750",
        "rank_delta_fusion_to_max": "453",
        "negative_type": "",
        "morphology_proxy": "generic_castro_hint",
        "visual_sheet": "reports/figures/weak_label_error_review_v1/val-low-rank-weak-positives.png",
        "review_reason": "Weak positive ranked low on validation; inspect label noise, morphology and imagery quality.",
        "review_notes": ""
      }
    },
    {
      "type": "Feature",
      "geometry": {
        "type": "Point",
        "coordinates": [
          -8.876937344097318,
          42.02372556074861
        ]
      },
      "properties": {
        "review_id": "err-review-0068",
        "sample_review_key": "wl-pos-pos-es-pba-68699",
        "duplicate_count": "2",
        "duplicate_queues": "val_low_rank_weak_positives;val_morphology_rescues",
        "review_priority": "P1",
        "queue": "val_low_rank_weak_positives",
        "priority_order": "7",
        "review_lane": "morphology_rescue_review",
        "dataset": "val",
        "final_split": "val",
        "sample_id": "wl-pos-pos-es-pba-68699",
        "bank_id": "pos-es-pba-68699",
        "label_class": "1",
        "label_role": "positive",
        "suggested_taxonomy": "castro",
        "suggested_decision": "inspect_morphology_rescue",
        "boundary_action": "If visible, draw croa/muralla/recinto polygon; otherwise mark needs_followup.",
        "review_status": "pending",
        "final_taxonomy": "",
        "final_decision": "",
        "name": "O Castro",
        "municipality": "Oia",
        "parish": "Pedornes (San Mamede)",
        "country": "ES",
        "fusion_probability": "0.06670480",
        "fusion_rank": "1671",
        "max_safety_rank": "686",
        "archetype_only_rank": "502",
        "specialist_probability": "0.10886848",
        "specialist_rank": "1366",
        "specialist_mean_rank": "1565",
        "rank_delta_fusion_to_max": "985",
        "negative_type": "",
        "morphology_proxy": "generic_castro_hint",
        "visual_sheet": "reports/figures/weak_label_error_review_v1/val-low-rank-weak-positives.png",
        "review_reason": "Weak positive ranked low on validation; inspect label noise, morphology and imagery quality.",
        "review_notes": ""
      }
    },
    {
      "type": "Feature",
      "geometry": {
        "type": "Point",
        "coordinates": [
          -8.562686598016521,
          42.14309059603565
        ]
      },
      "properties": {
        "review_id": "err-review-0069",
        "sample_review_key": "wl-pos-pos-es-pba-70807",
        "duplicate_count": "2",
        "duplicate_queues": "val_low_rank_weak_positives;val_morphology_rescues",
        "review_priority": "P1",
        "queue": "val_low_rank_weak_positives",
        "priority_order": "8",
        "review_lane": "morphology_rescue_review",
        "dataset": "val",
        "final_split": "val",
        "sample_id": "wl-pos-pos-es-pba-70807",
        "bank_id": "pos-es-pba-70807",
        "label_class": "1",
        "label_role": "positive",
        "suggested_taxonomy": "castro",
        "suggested_decision": "inspect_morphology_rescue",
        "boundary_action": "If visible, draw croa/muralla/recinto polygon; otherwise mark needs_followup.",
        "review_status": "pending",
        "final_taxonomy": "",
        "final_decision": "",
        "name": "Castro do Alto de San Cibrán",
        "municipality": "Salceda de Caselas",
        "parish": "A Picoña (San Martiño)",
        "country": "ES",
        "fusion_probability": "0.07422824",
        "fusion_rank": "1636",
        "max_safety_rank": "262",
        "archetype_only_rank": "210",
        "specialist_probability": "0.21222451",
        "specialist_rank": "995",
        "specialist_mean_rank": "1324",
        "rank_delta_fusion_to_max": "1374",
        "negative_type": "",
        "morphology_proxy": "hilltop_hint",
        "visual_sheet": "reports/figures/weak_label_error_review_v1/val-low-rank-weak-positives.png",
        "review_reason": "Weak positive ranked low on validation; inspect label noise, morphology and imagery quality.",
        "review_notes": ""
      }
    },
    {
      "type": "Feature",
      "geometry": {
        "type": "Point",
        "coordinates": [
          -8.870525020034952,
          42.00168284674323
        ]
      },
      "properties": {
        "review_id": "err-review-0070",
        "sample_review_key": "wl-pos-pos-es-pba-69293",
        "duplicate_count": "2",
        "duplicate_queues": "val_low_rank_weak_positives;val_morphology_rescues",
        "review_priority": "P1",
        "queue": "val_low_rank_weak_positives",
        "priority_order": "9",
        "review_lane": "morphology_rescue_review",
        "dataset": "val",
        "final_split": "val",
        "sample_id": "wl-pos-pos-es-pba-69293",
        "bank_id": "pos-es-pba-69293",
        "label_class": "1",
        "label_role": "positive",
        "suggested_taxonomy": "castro",
        "suggested_decision": "inspect_morphology_rescue",
        "boundary_action": "If visible, draw croa/muralla/recinto polygon; otherwise mark needs_followup.",
        "review_status": "pending",
        "final_taxonomy": "",
        "final_decision": "",
        "name": "Castro do Bosque",
        "municipality": "Oia",
        "parish": "Oia (Santa María)",
        "country": "ES",
        "fusion_probability": "0.08240084",
        "fusion_rank": "1595",
        "max_safety_rank": "477",
        "archetype_only_rank": "366",
        "specialist_probability": "0.08242945",
        "specialist_rank": "1501",
        "specialist_mean_rank": "1589",
        "rank_delta_fusion_to_max": "1118",
        "negative_type": "",
        "morphology_proxy": "generic_castro_hint",
        "visual_sheet": "reports/figures/weak_label_error_review_v1/val-low-rank-weak-positives.png",
        "review_reason": "Weak positive ranked low on validation; inspect label noise, morphology and imagery quality.",
        "review_notes": ""
      }
    },
    {
      "type": "Feature",
      "geometry": {
        "type": "Point",
        "coordinates": [
          -8.875610947222055,
          42.01591313556622
        ]
      },
      "properties": {
        "review_id": "err-review-0071",
        "sample_review_key": "wl-pos-pos-es-pba-68624",
        "duplicate_count": "2",
        "duplicate_queues": "val_low_rank_weak_positives;val_morphology_rescues",
        "review_priority": "P1",
        "queue": "val_low_rank_weak_positives",
        "priority_order": "10",
        "review_lane": "morphology_rescue_review",
        "dataset": "val",
        "final_split": "val",
        "sample_id": "wl-pos-pos-es-pba-68624",
        "bank_id": "pos-es-pba-68624",
        "label_class": "1",
        "label_role": "positive",
        "suggested_taxonomy": "castro",
        "suggested_decision": "inspect_morphology_rescue",
        "boundary_action": "If visible, draw croa/muralla/recinto polygon; otherwise mark needs_followup.",
        "review_status": "pending",
        "final_taxonomy": "",
        "final_decision": "",
        "name": "Monte do Castro",
        "municipality": "Oia",
        "parish": "Pedornes (San Mamede)",
        "country": "ES",
        "fusion_probability": "0.08283888",
        "fusion_rank": "1594",
        "max_safety_rank": "923",
        "archetype_only_rank": "655",
        "specialist_probability": "0.09781262",
        "specialist_rank": "1430",
        "specialist_mean_rank": "1553",
        "rank_delta_fusion_to_max": "671",
        "negative_type": "",
        "morphology_proxy": "hilltop_hint",
        "visual_sheet": "reports/figures/weak_label_error_review_v1/val-low-rank-weak-positives.png",
        "review_reason": "Weak positive ranked low on validation; inspect label noise, morphology and imagery quality.",
        "review_notes": ""
      }
    },
    {
      "type": "Feature",
      "geometry": {
        "type": "Point",
        "coordinates": [
          -8.130357357032018,
          42.32512330754117
        ]
      },
      "properties": {
        "review_id": "err-review-0072",
        "sample_review_key": "wl-pos-pos-es-pba-46139",
        "duplicate_count": "2",
        "duplicate_queues": "val_low_rank_weak_positives;val_morphology_rescues",
        "review_priority": "P1",
        "queue": "val_low_rank_weak_positives",
        "priority_order": "11",
        "review_lane": "morphology_rescue_review",
        "dataset": "val",
        "final_split": "val",
        "sample_id": "wl-pos-pos-es-pba-46139",
        "bank_id": "pos-es-pba-46139",
        "label_class": "1",
        "label_role": "positive",
        "suggested_taxonomy": "castro",
        "suggested_decision": "inspect_morphology_rescue",
        "boundary_action": "If visible, draw croa/muralla/recinto polygon; otherwise mark needs_followup.",
        "review_status": "pending",
        "final_taxonomy": "",
        "final_decision": "",
        "name": "O Castro/A Mourisca/Xacemento do Castro de Beade",
        "municipality": "Beade",
        "parish": "Beade (Santa María)",
        "country": "ES",
        "fusion_probability": "0.08679289",
        "fusion_rank": "1581",
        "max_safety_rank": "428",
        "archetype_only_rank": "336",
        "specialist_probability": "0.24772671",
        "specialist_rank": "901",
        "specialist_mean_rank": "1227",
        "rank_delta_fusion_to_max": "1153",
        "negative_type": "",
        "morphology_proxy": "generic_castro_hint",
        "visual_sheet": "reports/figures/weak_label_error_review_v1/val-low-rank-weak-positives.png",
        "review_reason": "Weak positive ranked low on validation; inspect label noise, morphology and imagery quality.",
        "review_notes": ""
      }
    },
    {
      "type": "Feature",
      "geometry": {
        "type": "Point",
        "coordinates": [
          -8.349194247384062,
          42.87484630800282
        ]
      },
      "properties": {
        "review_id": "err-review-0073",
        "sample_review_key": "wl-pos-pos-es-pba-24978",
        "duplicate_count": "1",
        "duplicate_queues": "val_low_rank_weak_positives",
        "review_priority": "P1",
        "queue": "val_low_rank_weak_positives",
        "priority_order": "12",
        "review_lane": "morphology_rescue_review",
        "dataset": "val",
        "final_split": "val",
        "sample_id": "wl-pos-pos-es-pba-24978",
        "bank_id": "pos-es-pba-24978",
        "label_class": "1",
        "label_role": "positive",
        "suggested_taxonomy": "castro",
        "suggested_decision": "inspect_morphology_rescue",
        "boundary_action": "If visible, draw croa/muralla/recinto polygon; otherwise mark needs_followup.",
        "review_status": "pending",
        "final_taxonomy": "",
        "final_decision": "",
        "name": "Castro da Copa",
        "municipality": "Touro",
        "parish": "Loxo (Santa María)",
        "country": "ES",
        "fusion_probability": "0.09063513",
        "fusion_rank": "1563",
        "max_safety_rank": "1503",
        "archetype_only_rank": "1127",
        "specialist_probability": "0.09148301",
        "specialist_rank": "1458",
        "specialist_mean_rank": "1551",
        "rank_delta_fusion_to_max": "60",
        "negative_type": "",
        "morphology_proxy": "generic_castro_hint",
        "visual_sheet": "reports/figures/weak_label_error_review_v1/val-low-rank-weak-positives.png",
        "review_reason": "Weak positive ranked low on validation; inspect label noise, morphology and imagery quality.",
        "review_notes": ""
      }
    },
    {
      "type": "Feature",
      "geometry": {
        "type": "Point",
        "coordinates": [
          -7.073537835454599,
          42.1504903481179
        ]
      },
      "properties": {
        "review_id": "err-review-0074",
        "sample_review_key": "wl-pos-pos-es-pba-58769",
        "duplicate_count": "2",
        "duplicate_queues": "val_low_rank_weak_positives;val_morphology_rescues",
        "review_priority": "P1",
        "queue": "val_low_rank_weak_positives",
        "priority_order": "13",
        "review_lane": "morphology_rescue_review",
        "dataset": "val",
        "final_split": "val",
        "sample_id": "wl-pos-pos-es-pba-58769",
        "bank_id": "pos-es-pba-58769",
        "label_class": "1",
        "label_role": "positive",
        "suggested_taxonomy": "castro",
        "suggested_decision": "inspect_morphology_rescue",
        "boundary_action": "If visible, draw croa/muralla/recinto polygon; otherwise mark needs_followup.",
        "review_status": "pending",
        "final_taxonomy": "",
        "final_decision": "",
        "name": "Castro do Castelo",
        "municipality": "Viana do Bolo",
        "parish": "Quintela de Umoso (Padre Eterno)",
        "country": "ES",
        "fusion_probability": "0.09505612",
        "fusion_rank": "1545",
        "max_safety_rank": "111",
        "archetype_only_rank": "89",
        "specialist_probability": "0.29588960",
        "specialist_rank": "795",
        "specialist_mean_rank": "1128",
        "rank_delta_fusion_to_max": "1434",
        "negative_type": "",
        "morphology_proxy": "generic_castro_hint",
        "visual_sheet": "",
        "review_reason": "Weak positive ranked low on validation; inspect label noise, morphology and imagery quality.",
        "review_notes": ""
      }
    },
    {
      "type": "Feature",
      "geometry": {
        "type": "Point",
        "coordinates": [
          -7.0662139779726845,
          42.217181531255015
        ]
      },
      "properties": {
        "review_id": "err-review-0075",
        "sample_review_key": "wl-pos-pos-es-pba-58802",
        "duplicate_count": "2",
        "duplicate_queues": "val_low_rank_weak_positives;val_morphology_rescues",
        "review_priority": "P1",
        "queue": "val_low_rank_weak_positives",
        "priority_order": "15",
        "review_lane": "morphology_rescue_review",
        "dataset": "val",
        "final_split": "val",
        "sample_id": "wl-pos-pos-es-pba-58802",
        "bank_id": "pos-es-pba-58802",
        "label_class": "1",
        "label_role": "positive",
        "suggested_taxonomy": "castro",
        "suggested_decision": "inspect_morphology_rescue",
        "boundary_action": "If visible, draw croa/muralla/recinto polygon; otherwise mark needs_followup.",
        "review_status": "pending",
        "final_taxonomy": "",
        "final_decision": "",
        "name": "Castro do Coto",
        "municipality": "Viana do Bolo",
        "parish": "Tabazoa de Hedroso (Santa María)",
        "country": "ES",
        "fusion_probability": "0.12069130",
        "fusion_rank": "1447",
        "max_safety_rank": "284",
        "archetype_only_rank": "228",
        "specialist_probability": "0.21063325",
        "specialist_rank": "999",
        "specialist_mean_rank": "1233",
        "rank_delta_fusion_to_max": "1163",
        "negative_type": "",
        "morphology_proxy": "hilltop_hint",
        "visual_sheet": "",
        "review_reason": "Weak positive ranked low on validation; inspect label noise, morphology and imagery quality.",
        "review_notes": ""
      }
    },
    {
      "type": "Feature",
      "geometry": {
        "type": "Point",
        "coordinates": [
          -7.119429153895029,
          42.22680934751982
        ]
      },
      "properties": {
        "review_id": "err-review-0076",
        "sample_review_key": "wl-pos-pos-es-pba-58765",
        "duplicate_count": "2",
        "duplicate_queues": "val_low_rank_weak_positives;val_morphology_rescues",
        "review_priority": "P1",
        "queue": "val_low_rank_weak_positives",
        "priority_order": "16",
        "review_lane": "morphology_rescue_review",
        "dataset": "val",
        "final_split": "val",
        "sample_id": "wl-pos-pos-es-pba-58765",
        "bank_id": "pos-es-pba-58765",
        "label_class": "1",
        "label_role": "positive",
        "suggested_taxonomy": "castro",
        "suggested_decision": "inspect_morphology_rescue",
        "boundary_action": "If visible, draw croa/muralla/recinto polygon; otherwise mark needs_followup.",
        "review_status": "pending",
        "final_taxonomy": "",
        "final_decision": "",
        "name": "Castro da Fraga do Castrillón",
        "municipality": "Viana do Bolo",
        "parish": "Covelo (San Lourenzo)",
        "country": "ES",
        "fusion_probability": "0.13379404",
        "fusion_rank": "1400",
        "max_safety_rank": "892",
        "archetype_only_rank": "633",
        "specialist_probability": "0.34009741",
        "specialist_rank": "706",
        "specialist_mean_rank": "999",
        "rank_delta_fusion_to_max": "508",
        "negative_type": "",
        "morphology_proxy": "castrel_toponym_hint",
        "visual_sheet": "",
        "review_reason": "Weak positive ranked low on validation; inspect label noise, morphology and imagery quality.",
        "review_notes": ""
      }
    },
    {
      "type": "Feature",
      "geometry": {
        "type": "Point",
        "coordinates": [
          -8.553165205254059,
          42.53525283476263
        ]
      },
      "properties": {
        "review_id": "err-review-0077",
        "sample_review_key": "wl-pos-pos-es-pba-63965",
        "duplicate_count": "2",
        "duplicate_queues": "val_low_rank_weak_positives;val_morphology_rescues",
        "review_priority": "P1",
        "queue": "val_low_rank_weak_positives",
        "priority_order": "17",
        "review_lane": "morphology_rescue_review",
        "dataset": "val",
        "final_split": "val",
        "sample_id": "wl-pos-pos-es-pba-63965",
        "bank_id": "pos-es-pba-63965",
        "label_class": "1",
        "label_role": "positive",
        "suggested_taxonomy": "castro",
        "suggested_decision": "inspect_morphology_rescue",
        "boundary_action": "If visible, draw croa/muralla/recinto polygon; otherwise mark needs_followup.",
        "review_status": "pending",
        "final_taxonomy": "",
        "final_decision": "",
        "name": "Castro da Devesiña",
        "municipality": "Campo Lameiro",
        "parish": "O Campo (San Miguel)",
        "country": "ES",
        "fusion_probability": "0.14131656",
        "fusion_rank": "1374",
        "max_safety_rank": "994",
        "archetype_only_rank": "701",
        "specialist_probability": "0.27372529",
        "specialist_rank": "837",
        "specialist_mean_rank": "1090",
        "rank_delta_fusion_to_max": "380",
        "negative_type": "",
        "morphology_proxy": "generic_castro_hint",
        "visual_sheet": "",
        "review_reason": "Weak positive ranked low on validation; inspect label noise, morphology and imagery quality.",
        "review_notes": ""
      }
    },
    {
      "type": "Feature",
      "geometry": {
        "type": "Point",
        "coordinates": [
          -8.130668145915354,
          42.32378210273757
        ]
      },
      "properties": {
        "review_id": "err-review-0078",
        "sample_review_key": "wl-pos-pos-es-pba-46140",
        "duplicate_count": "2",
        "duplicate_queues": "val_low_rank_weak_positives;val_morphology_rescues",
        "review_priority": "P1",
        "queue": "val_low_rank_weak_positives",
        "priority_order": "18",
        "review_lane": "morphology_rescue_review",
        "dataset": "val",
        "final_split": "val",
        "sample_id": "wl-pos-pos-es-pba-46140",
        "bank_id": "pos-es-pba-46140",
        "label_class": "1",
        "label_role": "positive",
        "suggested_taxonomy": "castro",
        "suggested_decision": "inspect_morphology_rescue",
        "boundary_action": "If visible, draw croa/muralla/recinto polygon; otherwise mark needs_followup.",
        "review_status": "pending",
        "final_taxonomy": "",
        "final_decision": "",
        "name": "O Castro/Sartego antropomorfo do Castro",
        "municipality": "Beade",
        "parish": "Beade (Santa María)",
        "country": "ES",
        "fusion_probability": "0.14262395",
        "fusion_rank": "1369",
        "max_safety_rank": "1032",
        "archetype_only_rank": "724",
        "specialist_probability": "0.23937453",
        "specialist_rank": "923",
        "specialist_mean_rank": "1147",
        "rank_delta_fusion_to_max": "337",
        "negative_type": "",
        "morphology_proxy": "generic_castro_hint",
        "visual_sheet": "",
        "review_reason": "Weak positive ranked low on validation; inspect label noise, morphology and imagery quality.",
        "review_notes": ""
      }
    },
    {
      "type": "Feature",
      "geometry": {
        "type": "Point",
        "coordinates": [
          -7.075210586502403,
          43.0653069523313
        ]
      },
      "properties": {
        "review_id": "err-review-0079",
        "sample_review_key": "wl-pos-pos-es-pba-30791",
        "duplicate_count": "2",
        "duplicate_queues": "val_low_rank_weak_positives;val_morphology_rescues",
        "review_priority": "P1",
        "queue": "val_low_rank_weak_positives",
        "priority_order": "22",
        "review_lane": "morphology_rescue_review",
        "dataset": "val",
        "final_split": "val",
        "sample_id": "wl-pos-pos-es-pba-30791",
        "bank_id": "pos-es-pba-30791",
        "label_class": "1",
        "label_role": "positive",
        "suggested_taxonomy": "castro",
        "suggested_decision": "inspect_morphology_rescue",
        "boundary_action": "If visible, draw croa/muralla/recinto polygon; otherwise mark needs_followup.",
        "review_status": "pending",
        "final_taxonomy": "",
        "final_decision": "",
        "name": "Castro do Medio",
        "municipality": "A Fonsagrada",
        "parish": "Lamas de Moreira (Santa María)",
        "country": "ES",
        "fusion_probability": "0.21293360",
        "fusion_rank": "1120",
        "max_safety_rank": "41",
        "archetype_only_rank": "36",
        "specialist_probability": "0.80601749",
        "specialist_rank": "247",
        "specialist_mean_rank": "433",
        "rank_delta_fusion_to_max": "1079",
        "negative_type": "",
        "morphology_proxy": "generic_castro_hint",
        "visual_sheet": "",
        "review_reason": "Weak positive ranked low on validation; inspect label noise, morphology and imagery quality.",
        "review_notes": ""
      }
    },
    {
      "type": "Feature",
      "geometry": {
        "type": "Point",
        "coordinates": [
          -7.083157063356173,
          42.17225861589847
        ]
      },
      "properties": {
        "review_id": "err-review-0080",
        "sample_review_key": "wl-pos-pos-es-pba-58798",
        "duplicate_count": "2",
        "duplicate_queues": "val_low_rank_weak_positives;val_morphology_rescues",
        "review_priority": "P1",
        "queue": "val_low_rank_weak_positives",
        "priority_order": "24",
        "review_lane": "morphology_rescue_review",
        "dataset": "val",
        "final_split": "val",
        "sample_id": "wl-pos-pos-es-pba-58798",
        "bank_id": "pos-es-pba-58798",
        "label_class": "1",
        "label_role": "positive",
        "suggested_taxonomy": "castro",
        "suggested_decision": "inspect_morphology_rescue",
        "boundary_action": "If visible, draw croa/muralla/recinto polygon; otherwise mark needs_followup.",
        "review_status": "pending",
        "final_taxonomy": "",
        "final_decision": "",
        "name": "Castro do Castelo",
        "municipality": "Viana do Bolo",
        "parish": "Punxeiro (San Marcos)",
        "country": "ES",
        "fusion_probability": "0.22980224",
        "fusion_rank": "1063",
        "max_safety_rank": "26",
        "archetype_only_rank": "23",
        "specialist_probability": "0.72119453",
        "specialist_rank": "297",
        "specialist_mean_rank": "485",
        "rank_delta_fusion_to_max": "1037",
        "negative_type": "",
        "morphology_proxy": "generic_castro_hint",
        "visual_sheet": "",
        "review_reason": "Weak positive ranked low on validation; inspect label noise, morphology and imagery quality.",
        "review_notes": ""
      }
    },
    {
      "type": "Feature",
      "geometry": {
        "type": "Point",
        "coordinates": [
          -8.870150879042841,
          42.0350447939914
        ]
      },
      "properties": {
        "review_id": "err-review-0081",
        "sample_review_key": "wl-pos-pos-es-pba-69291",
        "duplicate_count": "2",
        "duplicate_queues": "val_low_rank_weak_positives;val_morphology_rescues",
        "review_priority": "P1",
        "queue": "val_low_rank_weak_positives",
        "priority_order": "25",
        "review_lane": "morphology_rescue_review",
        "dataset": "val",
        "final_split": "val",
        "sample_id": "wl-pos-pos-es-pba-69291",
        "bank_id": "pos-es-pba-69291",
        "label_class": "1",
        "label_role": "positive",
        "suggested_taxonomy": "castro",
        "suggested_decision": "inspect_morphology_rescue",
        "boundary_action": "If visible, draw croa/muralla/recinto polygon; otherwise mark needs_followup.",
        "review_status": "pending",
        "final_taxonomy": "",
        "final_decision": "",
        "name": "Castro de Cividade/Castro de Viladesuso",
        "municipality": "Oia",
        "parish": "Viladesuso (San Miguel)",
        "country": "ES",
        "fusion_probability": "0.23679522",
        "fusion_rank": "1044",
        "max_safety_rank": "367",
        "archetype_only_rank": "293",
        "specialist_probability": "0.34240500",
        "specialist_rank": "698",
        "specialist_mean_rank": "853",
        "rank_delta_fusion_to_max": "677",
        "negative_type": "",
        "morphology_proxy": "large_castrexo_civitas_hint",
        "visual_sheet": "",
        "review_reason": "Weak positive ranked low on validation; inspect label noise, morphology and imagery quality.",
        "review_notes": ""
      }
    },
    {
      "type": "Feature",
      "geometry": {
        "type": "Point",
        "coordinates": [
          -8.700718705561322,
          42.50856477021922
        ]
      },
      "properties": {
        "review_id": "err-review-0082",
        "sample_review_key": "wl-pos-pos-es-pba-66779",
        "duplicate_count": "2",
        "duplicate_queues": "val_low_rank_weak_positives;val_morphology_rescues",
        "review_priority": "P1",
        "queue": "val_low_rank_weak_positives",
        "priority_order": "28",
        "review_lane": "morphology_rescue_review",
        "dataset": "val",
        "final_split": "val",
        "sample_id": "wl-pos-pos-es-pba-66779",
        "bank_id": "pos-es-pba-66779",
        "label_class": "1",
        "label_role": "positive",
        "suggested_taxonomy": "castro",
        "suggested_decision": "inspect_morphology_rescue",
        "boundary_action": "If visible, draw croa/muralla/recinto polygon; otherwise mark needs_followup.",
        "review_status": "pending",
        "final_taxonomy": "",
        "final_decision": "",
        "name": "Monte do Castro de Arcos",
        "municipality": "Meis",
        "parish": "San Tomé de Nogueira (San Tom‚)",
        "country": "ES",
        "fusion_probability": "0.25122459",
        "fusion_rank": "1007",
        "max_safety_rank": "423",
        "archetype_only_rank": "332",
        "specialist_probability": "0.66256617",
        "specialist_rank": "335",
        "specialist_mean_rank": "508",
        "rank_delta_fusion_to_max": "584",
        "negative_type": "",
        "morphology_proxy": "hilltop_hint",
        "visual_sheet": "",
        "review_reason": "Weak positive ranked low on validation; inspect label noise, morphology and imagery quality.",
        "review_notes": ""
      }
    },
    {
      "type": "Feature",
      "geometry": {
        "type": "Point",
        "coordinates": [
          -7.936333664358758,
          42.10723733350916
        ]
      },
      "properties": {
        "review_id": "err-review-0083",
        "sample_review_key": "wl-pos-pos-es-pba-59359",
        "duplicate_count": "2",
        "duplicate_queues": "val_low_rank_weak_positives;val_morphology_rescues",
        "review_priority": "P1",
        "queue": "val_low_rank_weak_positives",
        "priority_order": "29",
        "review_lane": "morphology_rescue_review",
        "dataset": "val",
        "final_split": "val",
        "sample_id": "wl-pos-pos-es-pba-59359",
        "bank_id": "pos-es-pba-59359",
        "label_class": "1",
        "label_role": "positive",
        "suggested_taxonomy": "castro",
        "suggested_decision": "inspect_morphology_rescue",
        "boundary_action": "If visible, draw croa/muralla/recinto polygon; otherwise mark needs_followup.",
        "review_status": "pending",
        "final_taxonomy": "",
        "final_decision": "",
        "name": "Castro de Ourille",
        "municipality": "Verea",
        "parish": "Ourille (San Pedro)",
        "country": "ES",
        "fusion_probability": "0.25335569",
        "fusion_rank": "1000",
        "max_safety_rank": "102",
        "archetype_only_rank": "83",
        "specialist_probability": "0.54223752",
        "specialist_rank": "440",
        "specialist_mean_rank": "601",
        "rank_delta_fusion_to_max": "898",
        "negative_type": "",
        "morphology_proxy": "generic_castro_hint",
        "visual_sheet": "",
        "review_reason": "Weak positive ranked low on validation; inspect label noise, morphology and imagery quality.",
        "review_notes": ""
      }
    },
    {
      "type": "Feature",
      "geometry": {
        "type": "Point",
        "coordinates": [
          -8.702819451305215,
          42.48248479801781
        ]
      },
      "properties": {
        "review_id": "err-review-0084",
        "sample_review_key": "wl-pos-pos-es-pba-66619",
        "duplicate_count": "2",
        "duplicate_queues": "val_low_rank_weak_positives;val_morphology_rescues",
        "review_priority": "P1",
        "queue": "val_low_rank_weak_positives",
        "priority_order": "30",
        "review_lane": "morphology_rescue_review",
        "dataset": "val",
        "final_split": "val",
        "sample_id": "wl-pos-pos-es-pba-66619",
        "bank_id": "pos-es-pba-66619",
        "label_class": "1",
        "label_role": "positive",
        "suggested_taxonomy": "castro",
        "suggested_decision": "inspect_morphology_rescue",
        "boundary_action": "If visible, draw croa/muralla/recinto polygon; otherwise mark needs_followup.",
        "review_status": "pending",
        "final_taxonomy": "",
        "final_decision": "",
        "name": "Ermida e Castelo do Monte Castrove",
        "municipality": "Meis",
        "parish": "A Armenteira (Santa María)",
        "country": "ES",
        "fusion_probability": "0.25339501",
        "fusion_rank": "999",
        "max_safety_rank": "565",
        "archetype_only_rank": "426",
        "specialist_probability": "0.29259366",
        "specialist_rank": "801",
        "specialist_mean_rank": "902",
        "rank_delta_fusion_to_max": "434",
        "negative_type": "",
        "morphology_proxy": "hilltop_hint",
        "visual_sheet": "",
        "review_reason": "Weak positive ranked low on validation; inspect label noise, morphology and imagery quality.",
        "review_notes": ""
      }
    },
    {
      "type": "Feature",
      "geometry": {
        "type": "Point",
        "coordinates": [
          -8.483543611143975,
          42.57577208588973
        ]
      },
      "properties": {
        "review_id": "err-review-0085",
        "sample_review_key": "wl-pos-pos-es-pba-63455",
        "duplicate_count": "2",
        "duplicate_queues": "val_low_rank_weak_positives;val_morphology_rescues",
        "review_priority": "P1",
        "queue": "val_low_rank_weak_positives",
        "priority_order": "33",
        "review_lane": "morphology_rescue_review",
        "dataset": "val",
        "final_split": "val",
        "sample_id": "wl-pos-pos-es-pba-63455",
        "bank_id": "pos-es-pba-63455",
        "label_class": "1",
        "label_role": "positive",
        "suggested_taxonomy": "castro",
        "suggested_decision": "inspect_morphology_rescue",
        "boundary_action": "If visible, draw croa/muralla/recinto polygon; otherwise mark needs_followup.",
        "review_status": "pending",
        "final_taxonomy": "",
        "final_decision": "",
        "name": "Couto do Castro/O Castro",
        "municipality": "Campo Lameiro",
        "parish": "Moimenta (Santa María)",
        "country": "ES",
        "fusion_probability": "0.27384607",
        "fusion_rank": "943",
        "max_safety_rank": "308",
        "archetype_only_rank": "249",
        "specialist_probability": "0.47915719",
        "specialist_rank": "506",
        "specialist_mean_rank": "655",
        "rank_delta_fusion_to_max": "635",
        "negative_type": "",
        "morphology_proxy": "hilltop_hint",
        "visual_sheet": "",
        "review_reason": "Weak positive ranked low on validation; inspect label noise, morphology and imagery quality.",
        "review_notes": ""
      }
    },
    {
      "type": "Feature",
      "geometry": {
        "type": "Point",
        "coordinates": [
          -8.536652972635391,
          42.74668291363823
        ]
      },
      "properties": {
        "review_id": "err-review-0086",
        "sample_review_key": "wl-pos-pos-es-pba-64725",
        "duplicate_count": "2",
        "duplicate_queues": "val_low_rank_weak_positives;val_morphology_rescues",
        "review_priority": "P1",
        "queue": "val_low_rank_weak_positives",
        "priority_order": "37",
        "review_lane": "morphology_rescue_review",
        "dataset": "val",
        "final_split": "val",
        "sample_id": "wl-pos-pos-es-pba-64725",
        "bank_id": "pos-es-pba-64725",
        "label_class": "1",
        "label_role": "positive",
        "suggested_taxonomy": "castro",
        "suggested_decision": "inspect_morphology_rescue",
        "boundary_action": "If visible, draw croa/muralla/recinto polygon; otherwise mark needs_followup.",
        "review_status": "pending",
        "final_taxonomy": "",
        "final_decision": "",
        "name": "Castro de Vila Criste",
        "municipality": "A Estrada",
        "parish": "Cora (San Miguel)",
        "country": "ES",
        "fusion_probability": "0.29049031",
        "fusion_rank": "892",
        "max_safety_rank": "532",
        "archetype_only_rank": "402",
        "specialist_probability": "0.36450837",
        "specialist_rank": "660",
        "specialist_mean_rank": "754",
        "rank_delta_fusion_to_max": "360",
        "negative_type": "",
        "morphology_proxy": "generic_castro_hint",
        "visual_sheet": "",
        "review_reason": "Weak positive ranked low on validation; inspect label noise, morphology and imagery quality.",
        "review_notes": ""
      }
    },
    {
      "type": "Feature",
      "geometry": {
        "type": "Point",
        "coordinates": [
          -8.454175784409403,
          42.7674220877566
        ]
      },
      "properties": {
        "review_id": "err-review-0087",
        "sample_review_key": "wl-pos-pos-es-pba-26452",
        "duplicate_count": "2",
        "duplicate_queues": "val_low_rank_weak_positives;val_morphology_rescues",
        "review_priority": "P1",
        "queue": "val_low_rank_weak_positives",
        "priority_order": "41",
        "review_lane": "morphology_rescue_review",
        "dataset": "val",
        "final_split": "val",
        "sample_id": "wl-pos-pos-es-pba-26452",
        "bank_id": "pos-es-pba-26452",
        "label_class": "1",
        "label_role": "positive",
        "suggested_taxonomy": "castro",
        "suggested_decision": "inspect_morphology_rescue",
        "boundary_action": "If visible, draw croa/muralla/recinto polygon; otherwise mark needs_followup.",
        "review_status": "pending",
        "final_taxonomy": "",
        "final_decision": "",
        "name": "Xacemento do Peto/Castro Pequeno",
        "municipality": "Vedra",
        "parish": "Merín (San Cristovo)",
        "country": "ES",
        "fusion_probability": "0.29947497",
        "fusion_rank": "874",
        "max_safety_rank": "739",
        "archetype_only_rank": "531",
        "specialist_probability": "0.33638880",
        "specialist_rank": "709",
        "specialist_mean_rank": "780",
        "rank_delta_fusion_to_max": "135",
        "negative_type": "",
        "morphology_proxy": "generic_castro_hint",
        "visual_sheet": "",
        "review_reason": "Weak positive ranked low on validation; inspect label noise, morphology and imagery quality.",
        "review_notes": ""
      }
    },
    {
      "type": "Feature",
      "geometry": {
        "type": "Point",
        "coordinates": [
          -7.202031945388303,
          43.56144384275869
        ]
      },
      "properties": {
        "review_id": "err-review-0088",
        "sample_review_key": "wl-pos-pos-es-pba-28585",
        "duplicate_count": "2",
        "duplicate_queues": "val_low_rank_weak_positives;val_morphology_rescues",
        "review_priority": "P1",
        "queue": "val_low_rank_weak_positives",
        "priority_order": "42",
        "review_lane": "morphology_rescue_review",
        "dataset": "val",
        "final_split": "val",
        "sample_id": "wl-pos-pos-es-pba-28585",
        "bank_id": "pos-es-pba-28585",
        "label_class": "1",
        "label_role": "positive",
        "suggested_taxonomy": "castro",
        "suggested_decision": "inspect_morphology_rescue",
        "boundary_action": "If visible, draw croa/muralla/recinto polygon; otherwise mark needs_followup.",
        "review_status": "pending",
        "final_taxonomy": "",
        "final_decision": "",
        "name": "Castro de Punta de San Pedro",
        "municipality": "Barreiros",
        "parish": "San Pedro de Benquerencia (San Pedro)",
        "country": "ES",
        "fusion_probability": "0.29958041",
        "fusion_rank": "872",
        "max_safety_rank": "373",
        "archetype_only_rank": "298",
        "specialist_probability": "0.28870568",
        "specialist_rank": "809",
        "specialist_mean_rank": "844",
        "rank_delta_fusion_to_max": "499",
        "negative_type": "",
        "morphology_proxy": "coastal_promontory_hint",
        "visual_sheet": "",
        "review_reason": "Weak positive ranked low on validation; inspect label noise, morphology and imagery quality.",
        "review_notes": ""
      }
    },
    {
      "type": "Feature",
      "geometry": {
        "type": "Point",
        "coordinates": [
          -7.311971413888005,
          43.55486841672692
        ]
      },
      "properties": {
        "review_id": "err-review-0089",
        "sample_review_key": "wl-pos-pos-es-pba-30966",
        "duplicate_count": "2",
        "duplicate_queues": "val_low_rank_weak_positives;val_morphology_rescues",
        "review_priority": "P1",
        "queue": "val_low_rank_weak_positives",
        "priority_order": "45",
        "review_lane": "morphology_rescue_review",
        "dataset": "val",
        "final_split": "val",
        "sample_id": "wl-pos-pos-es-pba-30966",
        "bank_id": "pos-es-pba-30966",
        "label_class": "1",
        "label_role": "positive",
        "suggested_taxonomy": "castro",
        "suggested_decision": "inspect_morphology_rescue",
        "boundary_action": "If visible, draw croa/muralla/recinto polygon; otherwise mark needs_followup.",
        "review_status": "pending",
        "final_taxonomy": "",
        "final_decision": "",
        "name": "Os Castros das Engrobias/Castros de Lelle",
        "municipality": "Foz",
        "parish": "San Martiño de Mondoñedo (San Marti¤o)",
        "country": "ES",
        "fusion_probability": "0.30856520",
        "fusion_rank": "840",
        "max_safety_rank": "448",
        "archetype_only_rank": "351",
        "specialist_probability": "0.39970530",
        "specialist_rank": "597",
        "specialist_mean_rank": "692",
        "rank_delta_fusion_to_max": "392",
        "negative_type": "",
        "morphology_proxy": "generic_castro_hint",
        "visual_sheet": "",
        "review_reason": "Weak positive ranked low on validation; inspect label noise, morphology and imagery quality.",
        "review_notes": ""
      }
    },
    {
      "type": "Feature",
      "geometry": {
        "type": "Point",
        "coordinates": [
          -7.06688779577472,
          42.19264994377633
        ]
      },
      "properties": {
        "review_id": "err-review-0090",
        "sample_review_key": "wl-pos-pos-es-pba-58801",
        "duplicate_count": "1",
        "duplicate_queues": "val_low_rank_weak_positives",
        "review_priority": "P1",
        "queue": "val_low_rank_weak_positives",
        "priority_order": "46",
        "review_lane": "morphology_rescue_review",
        "dataset": "val",
        "final_split": "val",
        "sample_id": "wl-pos-pos-es-pba-58801",
        "bank_id": "pos-es-pba-58801",
        "label_class": "1",
        "label_role": "positive",
        "suggested_taxonomy": "castro",
        "suggested_decision": "inspect_morphology_rescue",
        "boundary_action": "If visible, draw croa/muralla/recinto polygon; otherwise mark needs_followup.",
        "review_status": "pending",
        "final_taxonomy": "",
        "final_decision": "",
        "name": "Castro do Castrillón",
        "municipality": "Viana do Bolo",
        "parish": "Quintela de Hedroso (San Cosmede)",
        "country": "ES",
        "fusion_probability": "0.31140615",
        "fusion_rank": "830",
        "max_safety_rank": "808",
        "archetype_only_rank": "580",
        "specialist_probability": "0.38124555",
        "specialist_rank": "632",
        "specialist_mean_rank": "712",
        "rank_delta_fusion_to_max": "22",
        "negative_type": "",
        "morphology_proxy": "castrel_toponym_hint",
        "visual_sheet": "",
        "review_reason": "Weak positive ranked low on validation; inspect label noise, morphology and imagery quality.",
        "review_notes": ""
      }
    },
    {
      "type": "Feature",
      "geometry": {
        "type": "Point",
        "coordinates": [
          -8.271432385030025,
          42.88926127313282
        ]
      },
      "properties": {
        "review_id": "err-review-0091",
        "sample_review_key": "wl-pos-pos-es-pba-24421",
        "duplicate_count": "2",
        "duplicate_queues": "val_low_rank_weak_positives;val_morphology_rescues",
        "review_priority": "P1",
        "queue": "val_low_rank_weak_positives",
        "priority_order": "47",
        "review_lane": "morphology_rescue_review",
        "dataset": "val",
        "final_split": "val",
        "sample_id": "wl-pos-pos-es-pba-24421",
        "bank_id": "pos-es-pba-24421",
        "label_class": "1",
        "label_role": "positive",
        "suggested_taxonomy": "castro",
        "suggested_decision": "inspect_morphology_rescue",
        "boundary_action": "If visible, draw croa/muralla/recinto polygon; otherwise mark needs_followup.",
        "review_status": "pending",
        "final_taxonomy": "",
        "final_decision": "",
        "name": "Medorra de Lañas/O Castro Grande/A Medorra",
        "municipality": "Touro",
        "parish": "San Fiz de Quión (San Fiz)",
        "country": "ES",
        "fusion_probability": "0.31173728",
        "fusion_rank": "828",
        "max_safety_rank": "557",
        "archetype_only_rank": "420",
        "specialist_probability": "0.14180355",
        "specialist_rank": "1231",
        "specialist_mean_rank": "1026",
        "rank_delta_fusion_to_max": "271",
        "negative_type": "",
        "morphology_proxy": "generic_castro_hint",
        "visual_sheet": "",
        "review_reason": "Weak positive ranked low on validation; inspect label noise, morphology and imagery quality.",
        "review_notes": ""
      }
    },
    {
      "type": "Feature",
      "geometry": {
        "type": "Point",
        "coordinates": [
          -8.674319349813626,
          42.734636908986175
        ]
      },
      "properties": {
        "review_id": "err-review-0092",
        "sample_review_key": "wl-pos-pos-es-pba-9494",
        "duplicate_count": "2",
        "duplicate_queues": "val_low_rank_weak_positives;val_morphology_rescues",
        "review_priority": "P1",
        "queue": "val_low_rank_weak_positives",
        "priority_order": "50",
        "review_lane": "morphology_rescue_review",
        "dataset": "val",
        "final_split": "val",
        "sample_id": "wl-pos-pos-es-pba-9494",
        "bank_id": "pos-es-pba-9494",
        "label_class": "1",
        "label_role": "positive",
        "suggested_taxonomy": "castro",
        "suggested_decision": "inspect_morphology_rescue",
        "boundary_action": "If visible, draw croa/muralla/recinto polygon; otherwise mark needs_followup.",
        "review_status": "pending",
        "final_taxonomy": "",
        "final_decision": "",
        "name": "Castro de Lestrobe",
        "municipality": "Dodro",
        "parish": "Dodro (Santa María)",
        "country": "ES",
        "fusion_probability": "0.32429507",
        "fusion_rank": "787",
        "max_safety_rank": "398",
        "archetype_only_rank": "316",
        "specialist_probability": "0.53231845",
        "specialist_rank": "449",
        "specialist_mean_rank": "552",
        "rank_delta_fusion_to_max": "389",
        "negative_type": "",
        "morphology_proxy": "generic_castro_hint",
        "visual_sheet": "",
        "review_reason": "Weak positive ranked low on validation; inspect label noise, morphology and imagery quality.",
        "review_notes": ""
      }
    },
    {
      "type": "Feature",
      "geometry": {
        "type": "Point",
        "coordinates": [
          -7.106022830583882,
          42.20017242988406
        ]
      },
      "properties": {
        "review_id": "err-review-0108",
        "sample_review_key": "wl-pos-pos-es-pba-58799",
        "duplicate_count": "1",
        "duplicate_queues": "val_morphology_rescues",
        "review_priority": "P1",
        "queue": "val_morphology_rescues",
        "priority_order": "16",
        "review_lane": "morphology_rescue_review",
        "dataset": "val",
        "final_split": "val",
        "sample_id": "wl-pos-pos-es-pba-58799",
        "bank_id": "pos-es-pba-58799",
        "label_class": "1",
        "label_role": "positive",
        "suggested_taxonomy": "castro",
        "suggested_decision": "inspect_morphology_rescue",
        "boundary_action": "If visible, draw croa/muralla/recinto polygon; otherwise mark needs_followup.",
        "review_status": "pending",
        "final_taxonomy": "",
        "final_decision": "",
        "name": "Castro do Castelo dos Mouros",
        "municipality": "Viana do Bolo",
        "parish": "Mourisca (Santa María)",
        "country": "ES",
        "fusion_probability": "0.35207982",
        "fusion_rank": "716",
        "max_safety_rank": "83",
        "archetype_only_rank": "63",
        "specialist_probability": "0.79598377",
        "specialist_rank": "249",
        "specialist_mean_rank": "358",
        "rank_delta_fusion_to_max": "633",
        "negative_type": "",
        "morphology_proxy": "generic_castro_hint",
        "visual_sheet": "",
        "review_reason": "Weak positive moved upward by max_safety; inspect as morphology-aware training evidence.",
        "review_notes": ""
      }
    },
    {
      "type": "Feature",
      "geometry": {
        "type": "Point",
        "coordinates": [
          -7.193713469296093,
          43.561334246470715
        ]
      },
      "properties": {
        "review_id": "err-review-0110",
        "sample_review_key": "wl-pos-pos-es-pba-28584",
        "duplicate_count": "1",
        "duplicate_queues": "val_morphology_rescues",
        "review_priority": "P1",
        "queue": "val_morphology_rescues",
        "priority_order": "18",
        "review_lane": "morphology_rescue_review",
        "dataset": "val",
        "final_split": "val",
        "sample_id": "wl-pos-pos-es-pba-28584",
        "bank_id": "pos-es-pba-28584",
        "label_class": "1",
        "label_role": "positive",
        "suggested_taxonomy": "castro",
        "suggested_decision": "inspect_morphology_rescue",
        "boundary_action": "If visible, draw croa/muralla/recinto polygon; otherwise mark needs_followup.",
        "review_status": "pending",
        "final_taxonomy": "",
        "final_decision": "",
        "name": "Castro da Roda",
        "municipality": "Barreiros",
        "parish": "San Pedro de Benquerencia (San Pedro)",
        "country": "ES",
        "fusion_probability": "0.37005762",
        "fusion_rank": "680",
        "max_safety_rank": "136",
        "archetype_only_rank": "109",
        "specialist_probability": "0.41470591",
        "specialist_rank": "578",
        "specialist_mean_rank": "622",
        "rank_delta_fusion_to_max": "544",
        "negative_type": "",
        "morphology_proxy": "generic_castro_hint",
        "visual_sheet": "",
        "review_reason": "Weak positive moved upward by max_safety; inspect as morphology-aware training evidence.",
        "review_notes": ""
      }
    },
    {
      "type": "Feature",
      "geometry": {
        "type": "Point",
        "coordinates": [
          -7.067693693213788,
          43.17513814853288
        ]
      },
      "properties": {
        "review_id": "err-review-0112",
        "sample_review_key": "wl-pos-pos-es-pba-31117",
        "duplicate_count": "1",
        "duplicate_queues": "val_morphology_rescues",
        "review_priority": "P1",
        "queue": "val_morphology_rescues",
        "priority_order": "20",
        "review_lane": "morphology_rescue_review",
        "dataset": "val",
        "final_split": "val",
        "sample_id": "wl-pos-pos-es-pba-31117",
        "bank_id": "pos-es-pba-31117",
        "label_class": "1",
        "label_role": "positive",
        "suggested_taxonomy": "castro",
        "suggested_decision": "inspect_morphology_rescue",
        "boundary_action": "If visible, draw croa/muralla/recinto polygon; otherwise mark needs_followup.",
        "review_status": "pending",
        "final_taxonomy": "",
        "final_decision": "",
        "name": "O Castro",
        "municipality": "A Fonsagrada",
        "parish": "O Trobo (Santa María)",
        "country": "ES",
        "fusion_probability": "0.44193176",
        "fusion_rank": "529",
        "max_safety_rank": "22",
        "archetype_only_rank": "21",
        "specialist_probability": "0.92441318",
        "specialist_rank": "155",
        "specialist_mean_rank": "269",
        "rank_delta_fusion_to_max": "507",
        "negative_type": "",
        "morphology_proxy": "generic_castro_hint",
        "visual_sheet": "",
        "review_reason": "Weak positive moved upward by max_safety; inspect as morphology-aware training evidence.",
        "review_notes": ""
      }
    },
    {
      "type": "Feature",
      "geometry": {
        "type": "Point",
        "coordinates": [
          -8.866182191051914,
          41.99444455984168
        ]
      },
      "properties": {
        "review_id": "err-review-0115",
        "sample_review_key": "wl-pos-pos-es-pba-69290",
        "duplicate_count": "1",
        "duplicate_queues": "val_morphology_rescues",
        "review_priority": "P1",
        "queue": "val_morphology_rescues",
        "priority_order": "23",
        "review_lane": "morphology_rescue_review",
        "dataset": "val",
        "final_split": "val",
        "sample_id": "wl-pos-pos-es-pba-69290",
        "bank_id": "pos-es-pba-69290",
        "label_class": "1",
        "label_role": "positive",
        "suggested_taxonomy": "castro",
        "suggested_decision": "inspect_morphology_rescue",
        "boundary_action": "If visible, draw croa/muralla/recinto polygon; otherwise mark needs_followup.",
        "review_status": "pending",
        "final_taxonomy": "",
        "final_decision": "",
        "name": "Castro de Chavella",
        "municipality": "Oia",
        "parish": "Oia (Santa María)",
        "country": "ES",
        "fusion_probability": "0.41771023",
        "fusion_rank": "568",
        "max_safety_rank": "121",
        "archetype_only_rank": "100",
        "specialist_probability": "0.69514917",
        "specialist_rank": "308",
        "specialist_mean_rank": "377",
        "rank_delta_fusion_to_max": "447",
        "negative_type": "",
        "morphology_proxy": "generic_castro_hint",
        "visual_sheet": "",
        "review_reason": "Weak positive moved upward by max_safety; inspect as morphology-aware training evidence.",
        "review_notes": ""
      }
    },
    {
      "type": "Feature",
      "geometry": {
        "type": "Point",
        "coordinates": [
          -8.93655550311836,
          42.47882860854801
        ]
      },
      "properties": {
        "review_id": "err-review-0120",
        "sample_review_key": "wl-pos-pos-es-pba-65613",
        "duplicate_count": "1",
        "duplicate_queues": "val_morphology_rescues",
        "review_priority": "P1",
        "queue": "val_morphology_rescues",
        "priority_order": "28",
        "review_lane": "morphology_rescue_review",
        "dataset": "val",
        "final_split": "val",
        "sample_id": "wl-pos-pos-es-pba-65613",
        "bank_id": "pos-es-pba-65613",
        "label_class": "1",
        "label_role": "positive",
        "suggested_taxonomy": "castro",
        "suggested_decision": "inspect_morphology_rescue",
        "boundary_action": "If visible, draw croa/muralla/recinto polygon; otherwise mark needs_followup.",
        "review_status": "pending",
        "final_taxonomy": "",
        "final_decision": "",
        "name": "O Castriño",
        "municipality": "O Grove",
        "parish": "San Vicente do Grove (San Vicente)",
        "country": "ES",
        "fusion_probability": "0.39060475",
        "fusion_rank": "635",
        "max_safety_rank": "266",
        "archetype_only_rank": "212",
        "specialist_probability": "0.26228156",
        "specialist_rank": "867",
        "specialist_mean_rank": "758",
        "rank_delta_fusion_to_max": "369",
        "negative_type": "",
        "morphology_proxy": "generic_castro_hint",
        "visual_sheet": "",
        "review_reason": "Weak positive moved upward by max_safety; inspect as morphology-aware training evidence.",
        "review_notes": ""
      }
    },
    {
      "type": "Feature",
      "geometry": {
        "type": "Point",
        "coordinates": [
          -7.307847458782912,
          43.6103592734137
        ]
      },
      "properties": {
        "review_id": "err-review-0123",
        "sample_review_key": "wl-pos-pos-es-pba-30964",
        "duplicate_count": "1",
        "duplicate_queues": "val_morphology_rescues",
        "review_priority": "P1",
        "queue": "val_morphology_rescues",
        "priority_order": "31",
        "review_lane": "morphology_rescue_review",
        "dataset": "val",
        "final_split": "val",
        "sample_id": "wl-pos-pos-es-pba-30964",
        "bank_id": "pos-es-pba-30964",
        "label_class": "1",
        "label_role": "positive",
        "suggested_taxonomy": "castro",
        "suggested_decision": "inspect_morphology_rescue",
        "boundary_action": "If visible, draw croa/muralla/recinto polygon; otherwise mark needs_followup.",
        "review_status": "pending",
        "final_taxonomy": "",
        "final_decision": "",
        "name": "Os Castros",
        "municipality": "Foz",
        "parish": "Nois (San Xiao)",
        "country": "ES",
        "fusion_probability": "0.46666696",
        "fusion_rank": "485",
        "max_safety_rank": "185",
        "archetype_only_rank": "151",
        "specialist_probability": "0.42431973",
        "specialist_rank": "566",
        "specialist_mean_rank": "527",
        "rank_delta_fusion_to_max": "300",
        "negative_type": "",
        "morphology_proxy": "generic_castro_hint",
        "visual_sheet": "",
        "review_reason": "Weak positive moved upward by max_safety; inspect as morphology-aware training evidence.",
        "review_notes": ""
      }
    },
    {
      "type": "Feature",
      "geometry": {
        "type": "Point",
        "coordinates": [
          -7.108581133390804,
          43.19977698989687
        ]
      },
      "properties": {
        "review_id": "err-review-0124",
        "sample_review_key": "wl-pos-pos-es-pba-31148",
        "duplicate_count": "1",
        "duplicate_queues": "val_morphology_rescues",
        "review_priority": "P1",
        "queue": "val_morphology_rescues",
        "priority_order": "32",
        "review_lane": "morphology_rescue_review",
        "dataset": "val",
        "final_split": "val",
        "sample_id": "wl-pos-pos-es-pba-31148",
        "bank_id": "pos-es-pba-31148",
        "label_class": "1",
        "label_role": "positive",
        "suggested_taxonomy": "castro",
        "suggested_decision": "inspect_morphology_rescue",
        "boundary_action": "If visible, draw croa/muralla/recinto polygon; otherwise mark needs_followup.",
        "review_status": "pending",
        "final_taxonomy": "",
        "final_decision": "",
        "name": "O Castro/A Croa/Estivo do Castro",
        "municipality": "A Fonsagrada",
        "parish": "Maderne (San Pedro)",
        "country": "ES",
        "fusion_probability": "0.56344333",
        "fusion_rank": "360",
        "max_safety_rank": "85",
        "archetype_only_rank": "64",
        "specialist_probability": "0.98384263",
        "specialist_rank": "71",
        "specialist_mean_rank": "207",
        "rank_delta_fusion_to_max": "275",
        "negative_type": "",
        "morphology_proxy": "croa_top_ring_hint",
        "visual_sheet": "",
        "review_reason": "Weak positive moved upward by max_safety; inspect as morphology-aware training evidence.",
        "review_notes": ""
      }
    },
    {
      "type": "Feature",
      "geometry": {
        "type": "Point",
        "coordinates": [
          -7.1105458404691495,
          42.21407681932817
        ]
      },
      "properties": {
        "review_id": "err-review-0126",
        "sample_review_key": "wl-pos-pos-es-pba-58770",
        "duplicate_count": "1",
        "duplicate_queues": "val_morphology_rescues",
        "review_priority": "P1",
        "queue": "val_morphology_rescues",
        "priority_order": "34",
        "review_lane": "morphology_rescue_review",
        "dataset": "val",
        "final_split": "val",
        "sample_id": "wl-pos-pos-es-pba-58770",
        "bank_id": "pos-es-pba-58770",
        "label_class": "1",
        "label_role": "positive",
        "suggested_taxonomy": "castro",
        "suggested_decision": "inspect_morphology_rescue",
        "boundary_action": "If visible, draw croa/muralla/recinto polygon; otherwise mark needs_followup.",
        "review_status": "pending",
        "final_taxonomy": "",
        "final_decision": "",
        "name": "Castro do Castelo",
        "municipality": "Viana do Bolo",
        "parish": "Covelo (San Lourenzo)",
        "country": "ES",
        "fusion_probability": "0.40740255",
        "fusion_rank": "593",
        "max_safety_rank": "343",
        "archetype_only_rank": "272",
        "specialist_probability": "0.55070327",
        "specialist_rank": "429",
        "specialist_mean_rank": "475",
        "rank_delta_fusion_to_max": "250",
        "negative_type": "",
        "morphology_proxy": "generic_castro_hint",
        "visual_sheet": "",
        "review_reason": "Weak positive moved upward by max_safety; inspect as morphology-aware training evidence.",
        "review_notes": ""
      }
    },
    {
      "type": "Feature",
      "geometry": {
        "type": "Point",
        "coordinates": [
          -7.166436692701856,
          42.22518309677026
        ]
      },
      "properties": {
        "review_id": "err-review-0127",
        "sample_review_key": "wl-pos-pos-es-pba-58938",
        "duplicate_count": "1",
        "duplicate_queues": "val_morphology_rescues",
        "review_priority": "P1",
        "queue": "val_morphology_rescues",
        "priority_order": "35",
        "review_lane": "morphology_rescue_review",
        "dataset": "val",
        "final_split": "val",
        "sample_id": "wl-pos-pos-es-pba-58938",
        "bank_id": "pos-es-pba-58938",
        "label_class": "1",
        "label_role": "positive",
        "suggested_taxonomy": "castro",
        "suggested_decision": "inspect_morphology_rescue",
        "boundary_action": "If visible, draw croa/muralla/recinto polygon; otherwise mark needs_followup.",
        "review_status": "pending",
        "final_taxonomy": "",
        "final_decision": "",
        "name": "O Castro de Grixoa",
        "municipality": "Viana do Bolo",
        "parish": "Grixoa (San Pedro)",
        "country": "ES",
        "fusion_probability": "0.44884567",
        "fusion_rank": "517",
        "max_safety_rank": "275",
        "archetype_only_rank": "220",
        "specialist_probability": "0.86546890",
        "specialist_rank": "203",
        "specialist_mean_rank": "287",
        "rank_delta_fusion_to_max": "242",
        "negative_type": "",
        "morphology_proxy": "generic_castro_hint",
        "visual_sheet": "",
        "review_reason": "Weak positive moved upward by max_safety; inspect as morphology-aware training evidence.",
        "review_notes": ""
      }
    },
    {
      "type": "Feature",
      "geometry": {
        "type": "Point",
        "coordinates": [
          -7.266125604799842,
          43.58182272503391
        ]
      },
      "properties": {
        "review_id": "err-review-0128",
        "sample_review_key": "wl-pos-pos-es-pba-31001",
        "duplicate_count": "1",
        "duplicate_queues": "val_morphology_rescues",
        "review_priority": "P1",
        "queue": "val_morphology_rescues",
        "priority_order": "36",
        "review_lane": "morphology_rescue_review",
        "dataset": "val",
        "final_split": "val",
        "sample_id": "wl-pos-pos-es-pba-31001",
        "bank_id": "pos-es-pba-31001",
        "label_class": "1",
        "label_role": "positive",
        "suggested_taxonomy": "castro",
        "suggested_decision": "inspect_morphology_rescue",
        "boundary_action": "If visible, draw croa/muralla/recinto polygon; otherwise mark needs_followup.",
        "review_status": "pending",
        "final_taxonomy": "",
        "final_decision": "",
        "name": "Punta dos Bois/Castro de Llas/Cu do Castro",
        "municipality": "Foz",
        "parish": "Foz (Santiago)",
        "country": "ES",
        "fusion_probability": "0.64729250",
        "fusion_rank": "271",
        "max_safety_rank": "40",
        "archetype_only_rank": "34",
        "specialist_probability": "0.58456270",
        "specialist_rank": "393",
        "specialist_mean_rank": "328",
        "rank_delta_fusion_to_max": "231",
        "negative_type": "",
        "morphology_proxy": "coastal_promontory_hint",
        "visual_sheet": "",
        "review_reason": "Weak positive moved upward by max_safety; inspect as morphology-aware training evidence.",
        "review_notes": ""
      }
    },
    {
      "type": "Feature",
      "geometry": {
        "type": "Point",
        "coordinates": [
          -8.31830696844109,
          43.40101205296719
        ]
      },
      "properties": {
        "review_id": "err-review-0130",
        "sample_review_key": "wl-pos-pos-es-pba-15425",
        "duplicate_count": "1",
        "duplicate_queues": "val_morphology_rescues",
        "review_priority": "P1",
        "queue": "val_morphology_rescues",
        "priority_order": "38",
        "review_lane": "morphology_rescue_review",
        "dataset": "val",
        "final_split": "val",
        "sample_id": "wl-pos-pos-es-pba-15425",
        "bank_id": "pos-es-pba-15425",
        "label_class": "1",
        "label_role": "positive",
        "suggested_taxonomy": "castro",
        "suggested_decision": "inspect_morphology_rescue",
        "boundary_action": "If visible, draw croa/muralla/recinto polygon; otherwise mark needs_followup.",
        "review_status": "pending",
        "final_taxonomy": "",
        "final_decision": "",
        "name": "Castro de Punta Roza",
        "municipality": "Oleiros",
        "parish": "Dexo (Santa María)",
        "country": "ES",
        "fusion_probability": "0.69881558",
        "fusion_rank": "223",
        "max_safety_rank": "17",
        "archetype_only_rank": "17",
        "specialist_probability": "0.99659370",
        "specialist_rank": "35",
        "specialist_mean_rank": "161",
        "rank_delta_fusion_to_max": "206",
        "negative_type": "",
        "morphology_proxy": "coastal_promontory_hint",
        "visual_sheet": "",
        "review_reason": "Weak positive moved upward by max_safety; inspect as morphology-aware training evidence.",
        "review_notes": ""
      }
    },
    {
      "type": "Feature",
      "geometry": {
        "type": "Point",
        "coordinates": [
          -8.34820096675144,
          42.75364922746449
        ]
      },
      "properties": {
        "review_id": "err-review-0131",
        "sample_review_key": "wl-pos-pos-es-pba-64727",
        "duplicate_count": "1",
        "duplicate_queues": "val_morphology_rescues",
        "review_priority": "P1",
        "queue": "val_morphology_rescues",
        "priority_order": "39",
        "review_lane": "morphology_rescue_review",
        "dataset": "val",
        "final_split": "val",
        "sample_id": "wl-pos-pos-es-pba-64727",
        "bank_id": "pos-es-pba-64727",
        "label_class": "1",
        "label_role": "positive",
        "suggested_taxonomy": "castro",
        "suggested_decision": "inspect_morphology_rescue",
        "boundary_action": "If visible, draw croa/muralla/recinto polygon; otherwise mark needs_followup.",
        "review_status": "pending",
        "final_taxonomy": "",
        "final_decision": "",
        "name": "Castro Lóbrigo",
        "municipality": "A Estrada",
        "parish": "Loimil (Santa María)",
        "country": "ES",
        "fusion_probability": "0.39035187",
        "fusion_rank": "636",
        "max_safety_rank": "440",
        "archetype_only_rank": "347",
        "specialist_probability": "0.28002483",
        "specialist_rank": "829",
        "specialist_mean_rank": "735",
        "rank_delta_fusion_to_max": "196",
        "negative_type": "",
        "morphology_proxy": "generic_castro_hint",
        "visual_sheet": "",
        "review_reason": "Weak positive moved upward by max_safety; inspect as morphology-aware training evidence.",
        "review_notes": ""
      }
    },
    {
      "type": "Feature",
      "geometry": {
        "type": "Point",
        "coordinates": [
          -7.065621556896318,
          43.191466131041224
        ]
      },
      "properties": {
        "review_id": "err-review-0132",
        "sample_review_key": "wl-pos-pos-es-pba-31076",
        "duplicate_count": "1",
        "duplicate_queues": "val_morphology_rescues",
        "review_priority": "P1",
        "queue": "val_morphology_rescues",
        "priority_order": "40",
        "review_lane": "morphology_rescue_review",
        "dataset": "val",
        "final_split": "val",
        "sample_id": "wl-pos-pos-es-pba-31076",
        "bank_id": "pos-es-pba-31076",
        "label_class": "1",
        "label_role": "positive",
        "suggested_taxonomy": "castro",
        "suggested_decision": "inspect_morphology_rescue",
        "boundary_action": "If visible, draw croa/muralla/recinto polygon; otherwise mark needs_followup.",
        "review_status": "pending",
        "final_taxonomy": "",
        "final_decision": "",
        "name": "O Castro",
        "municipality": "A Fonsagrada",
        "parish": "O Trobo (Santa María)",
        "country": "ES",
        "fusion_probability": "0.57168987",
        "fusion_rank": "348",
        "max_safety_rank": "166",
        "archetype_only_rank": "131",
        "specialist_probability": "0.92790170",
        "specialist_rank": "148",
        "specialist_mean_rank": "228",
        "rank_delta_fusion_to_max": "182",
        "negative_type": "",
        "morphology_proxy": "generic_castro_hint",
        "visual_sheet": "",
        "review_reason": "Weak positive moved upward by max_safety; inspect as morphology-aware training evidence.",
        "review_notes": ""
      }
    },
    {
      "type": "Feature",
      "geometry": {
        "type": "Point",
        "coordinates": [
          -7.70690372429757,
          43.53541670805242
        ]
      },
      "properties": {
        "review_id": "err-review-0133",
        "sample_review_key": "wl-pos-pos-es-pba-35729",
        "duplicate_count": "1",
        "duplicate_queues": "val_morphology_rescues",
        "review_priority": "P1",
        "queue": "val_morphology_rescues",
        "priority_order": "41",
        "review_lane": "morphology_rescue_review",
        "dataset": "val",
        "final_split": "val",
        "sample_id": "wl-pos-pos-es-pba-35729",
        "bank_id": "pos-es-pba-35729",
        "label_class": "1",
        "label_role": "positive",
        "suggested_taxonomy": "castro",
        "suggested_decision": "inspect_morphology_rescue",
        "boundary_action": "If visible, draw croa/muralla/recinto polygon; otherwise mark needs_followup.",
        "review_status": "pending",
        "final_taxonomy": "",
        "final_decision": "",
        "name": "Castro do Carrusco",
        "municipality": "Ourol",
        "parish": "O Sisto (Santa María)",
        "country": "ES",
        "fusion_probability": "0.71050574",
        "fusion_rank": "215",
        "max_safety_rank": "64",
        "archetype_only_rank": "52",
        "specialist_probability": "0.95434089",
        "specialist_rank": "118",
        "specialist_mean_rank": "169",
        "rank_delta_fusion_to_max": "151",
        "negative_type": "",
        "morphology_proxy": "generic_castro_hint",
        "visual_sheet": "",
        "review_reason": "Weak positive moved upward by max_safety; inspect as morphology-aware training evidence.",
        "review_notes": ""
      }
    },
    {
      "type": "Feature",
      "geometry": {
        "type": "Point",
        "coordinates": [
          -7.177577887572078,
          43.562789112381324
        ]
      },
      "properties": {
        "review_id": "err-review-0134",
        "sample_review_key": "wl-pos-pos-es-pba-28234",
        "duplicate_count": "1",
        "duplicate_queues": "val_morphology_rescues",
        "review_priority": "P1",
        "queue": "val_morphology_rescues",
        "priority_order": "42",
        "review_lane": "morphology_rescue_review",
        "dataset": "val",
        "final_split": "val",
        "sample_id": "wl-pos-pos-es-pba-28234",
        "bank_id": "pos-es-pba-28234",
        "label_class": "1",
        "label_role": "positive",
        "suggested_taxonomy": "castro",
        "suggested_decision": "inspect_morphology_rescue",
        "boundary_action": "If visible, draw croa/muralla/recinto polygon; otherwise mark needs_followup.",
        "review_status": "pending",
        "final_taxonomy": "",
        "final_decision": "",
        "name": "Punta do Castro",
        "municipality": "Barreiros",
        "parish": "San Pedro de Benquerencia (San Pedro)",
        "country": "ES",
        "fusion_probability": "0.78960057",
        "fusion_rank": "158",
        "max_safety_rank": "12",
        "archetype_only_rank": "12",
        "specialist_probability": "0.87056269",
        "specialist_rank": "201",
        "specialist_mean_rank": "173",
        "rank_delta_fusion_to_max": "146",
        "negative_type": "",
        "morphology_proxy": "coastal_promontory_hint",
        "visual_sheet": "",
        "review_reason": "Weak positive moved upward by max_safety; inspect as morphology-aware training evidence.",
        "review_notes": ""
      }
    },
    {
      "type": "Feature",
      "geometry": {
        "type": "Point",
        "coordinates": [
          -7.034424673077542,
          43.07493809539006
        ]
      },
      "properties": {
        "review_id": "err-review-0135",
        "sample_review_key": "wl-pos-pos-es-pba-30719",
        "duplicate_count": "1",
        "duplicate_queues": "val_morphology_rescues",
        "review_priority": "P1",
        "queue": "val_morphology_rescues",
        "priority_order": "43",
        "review_lane": "morphology_rescue_review",
        "dataset": "val",
        "final_split": "val",
        "sample_id": "wl-pos-pos-es-pba-30719",
        "bank_id": "pos-es-pba-30719",
        "label_class": "1",
        "label_role": "positive",
        "suggested_taxonomy": "castro",
        "suggested_decision": "inspect_morphology_rescue",
        "boundary_action": "If visible, draw croa/muralla/recinto polygon; otherwise mark needs_followup.",
        "review_status": "pending",
        "final_taxonomy": "",
        "final_decision": "",
        "name": "Castro",
        "municipality": "A Fonsagrada",
        "parish": "Vilabol de Suarna (Santa María)",
        "country": "ES",
        "fusion_probability": "0.37380652",
        "fusion_rank": "672",
        "max_safety_rank": "528",
        "archetype_only_rank": "399",
        "specialist_probability": "0.50708887",
        "specialist_rank": "474",
        "specialist_mean_rank": "538",
        "rank_delta_fusion_to_max": "144",
        "negative_type": "",
        "morphology_proxy": "generic_castro_hint",
        "visual_sheet": "",
        "review_reason": "Weak positive moved upward by max_safety; inspect as morphology-aware training evidence.",
        "review_notes": ""
      }
    },
    {
      "type": "Feature",
      "geometry": {
        "type": "Point",
        "coordinates": [
          -8.208733854064741,
          43.45940513929263
        ]
      },
      "properties": {
        "review_id": "err-review-0136",
        "sample_review_key": "wl-pos-pos-es-pba-13820",
        "duplicate_count": "1",
        "duplicate_queues": "val_morphology_rescues",
        "review_priority": "P1",
        "queue": "val_morphology_rescues",
        "priority_order": "44",
        "review_lane": "morphology_rescue_review",
        "dataset": "val",
        "final_split": "val",
        "sample_id": "wl-pos-pos-es-pba-13820",
        "bank_id": "pos-es-pba-13820",
        "label_class": "1",
        "label_role": "positive",
        "suggested_taxonomy": "castro",
        "suggested_decision": "inspect_morphology_rescue",
        "boundary_action": "If visible, draw croa/muralla/recinto polygon; otherwise mark needs_followup.",
        "review_status": "pending",
        "final_taxonomy": "",
        "final_decision": "",
        "name": "Castro das Escadas",
        "municipality": "Mugardos",
        "parish": "Franza (Santiago)",
        "country": "ES",
        "fusion_probability": "0.71025450",
        "fusion_rank": "216",
        "max_safety_rank": "74",
        "archetype_only_rank": "57",
        "specialist_probability": "0.82602704",
        "specialist_rank": "235",
        "specialist_mean_rank": "213",
        "rank_delta_fusion_to_max": "142",
        "negative_type": "",
        "morphology_proxy": "generic_castro_hint",
        "visual_sheet": "",
        "review_reason": "Weak positive moved upward by max_safety; inspect as morphology-aware training evidence.",
        "review_notes": ""
      }
    },
    {
      "type": "Feature",
      "geometry": {
        "type": "Point",
        "coordinates": [
          -7.805957652047091,
          43.187369822622884
        ]
      },
      "properties": {
        "review_id": "err-review-0138",
        "sample_review_key": "wl-pos-pos-es-pba-32093",
        "duplicate_count": "1",
        "duplicate_queues": "val_morphology_rescues",
        "review_priority": "P1",
        "queue": "val_morphology_rescues",
        "priority_order": "46",
        "review_lane": "morphology_rescue_review",
        "dataset": "val",
        "final_split": "val",
        "sample_id": "wl-pos-pos-es-pba-32093",
        "bank_id": "pos-es-pba-32093",
        "label_class": "1",
        "label_role": "positive",
        "suggested_taxonomy": "castro",
        "suggested_decision": "inspect_morphology_rescue",
        "boundary_action": "If visible, draw croa/muralla/recinto polygon; otherwise mark needs_followup.",
        "review_status": "pending",
        "final_taxonomy": "",
        "final_decision": "",
        "name": "Os Castros de Quintán",
        "municipality": "Guitiriz",
        "parish": "Roca (San Xiao)",
        "country": "ES",
        "fusion_probability": "0.66293660",
        "fusion_rank": "252",
        "max_safety_rank": "126",
        "archetype_only_rank": "104",
        "specialist_probability": "0.71039124",
        "specialist_rank": "299",
        "specialist_mean_rank": "266",
        "rank_delta_fusion_to_max": "126",
        "negative_type": "",
        "morphology_proxy": "generic_castro_hint",
        "visual_sheet": "",
        "review_reason": "Weak positive moved upward by max_safety; inspect as morphology-aware training evidence.",
        "review_notes": ""
      }
    },
    {
      "type": "Feature",
      "geometry": {
        "type": "Point",
        "coordinates": [
          -7.1398942217230665,
          43.44761649145048
        ]
      },
      "properties": {
        "review_id": "err-review-0139",
        "sample_review_key": "wl-pos-pos-es-pba-41057",
        "duplicate_count": "1",
        "duplicate_queues": "val_morphology_rescues",
        "review_priority": "P1",
        "queue": "val_morphology_rescues",
        "priority_order": "47",
        "review_lane": "morphology_rescue_review",
        "dataset": "val",
        "final_split": "val",
        "sample_id": "wl-pos-pos-es-pba-41057",
        "bank_id": "pos-es-pba-41057",
        "label_class": "1",
        "label_role": "positive",
        "suggested_taxonomy": "castro",
        "suggested_decision": "inspect_morphology_rescue",
        "boundary_action": "If visible, draw croa/muralla/recinto polygon; otherwise mark needs_followup.",
        "review_status": "pending",
        "final_taxonomy": "",
        "final_decision": "",
        "name": "Castro de Sante",
        "municipality": "Trabada",
        "parish": "Sante (San Xiao)",
        "country": "ES",
        "fusion_probability": "0.42817706",
        "fusion_rank": "552",
        "max_safety_rank": "429",
        "archetype_only_rank": "337",
        "specialist_probability": "0.67109452",
        "specialist_rank": "329",
        "specialist_mean_rank": "383",
        "rank_delta_fusion_to_max": "123",
        "negative_type": "",
        "morphology_proxy": "generic_castro_hint",
        "visual_sheet": "",
        "review_reason": "Weak positive moved upward by max_safety; inspect as morphology-aware training evidence.",
        "review_notes": ""
      }
    },
    {
      "type": "Feature",
      "geometry": {
        "type": "Point",
        "coordinates": [
          -8.568519004218278,
          42.08815965745929
        ]
      },
      "properties": {
        "review_id": "err-review-0140",
        "sample_review_key": "wl-pos-pos-es-pba-70808",
        "duplicate_count": "1",
        "duplicate_queues": "val_morphology_rescues",
        "review_priority": "P1",
        "queue": "val_morphology_rescues",
        "priority_order": "48",
        "review_lane": "morphology_rescue_review",
        "dataset": "val",
        "final_split": "val",
        "sample_id": "wl-pos-pos-es-pba-70808",
        "bank_id": "pos-es-pba-70808",
        "label_class": "1",
        "label_role": "positive",
        "suggested_taxonomy": "castro",
        "suggested_decision": "inspect_morphology_rescue",
        "boundary_action": "If visible, draw croa/muralla/recinto polygon; otherwise mark needs_followup.",
        "review_status": "pending",
        "final_taxonomy": "",
        "final_decision": "",
        "name": "Castro do Coto das Caldeiriñas",
        "municipality": "Salceda de Caselas",
        "parish": "Parderrubias (San Tomé)",
        "country": "ES",
        "fusion_probability": "0.69350677",
        "fusion_rank": "229",
        "max_safety_rank": "122",
        "archetype_only_rank": "101",
        "specialist_probability": "0.97318041",
        "specialist_rank": "96",
        "specialist_mean_rank": "168",
        "rank_delta_fusion_to_max": "107",
        "negative_type": "",
        "morphology_proxy": "hilltop_hint",
        "visual_sheet": "",
        "review_reason": "Weak positive moved upward by max_safety; inspect as morphology-aware training evidence.",
        "review_notes": ""
      }
    },
    {
      "type": "Feature",
      "geometry": {
        "type": "Point",
        "coordinates": [
          -8.575609516425695,
          42.08231074599328
        ]
      },
      "properties": {
        "review_id": "err-review-0141",
        "sample_review_key": "wl-pos-pos-es-pba-70948",
        "duplicate_count": "1",
        "duplicate_queues": "val_morphology_rescues",
        "review_priority": "P1",
        "queue": "val_morphology_rescues",
        "priority_order": "49",
        "review_lane": "morphology_rescue_review",
        "dataset": "val",
        "final_split": "val",
        "sample_id": "wl-pos-pos-es-pba-70948",
        "bank_id": "pos-es-pba-70948",
        "label_class": "1",
        "label_role": "positive",
        "suggested_taxonomy": "castro",
        "suggested_decision": "inspect_morphology_rescue",
        "boundary_action": "If visible, draw croa/muralla/recinto polygon; otherwise mark needs_followup.",
        "review_status": "pending",
        "final_taxonomy": "",
        "final_decision": "",
        "name": "Castro do Monte do Faro",
        "municipality": "Salceda de Caselas",
        "parish": "Entenza (Santos Xusto e Pastor)",
        "country": "ES",
        "fusion_probability": "0.85403959",
        "fusion_rank": "113",
        "max_safety_rank": "29",
        "archetype_only_rank": "26",
        "specialist_probability": "0.99588773",
        "specialist_rank": "42",
        "specialist_mean_rank": "88",
        "rank_delta_fusion_to_max": "84",
        "negative_type": "",
        "morphology_proxy": "hilltop_hint",
        "visual_sheet": "",
        "review_reason": "Weak positive moved upward by max_safety; inspect as morphology-aware training evidence.",
        "review_notes": ""
      }
    },
    {
      "type": "Feature",
      "geometry": {
        "type": "Point",
        "coordinates": [
          -8.750383933374424,
          42.700098938817575
        ]
      },
      "properties": {
        "review_id": "err-review-0142",
        "sample_review_key": "wl-pos-pos-es-pba-9492",
        "duplicate_count": "1",
        "duplicate_queues": "val_morphology_rescues",
        "review_priority": "P1",
        "queue": "val_morphology_rescues",
        "priority_order": "50",
        "review_lane": "morphology_rescue_review",
        "dataset": "val",
        "final_split": "val",
        "sample_id": "wl-pos-pos-es-pba-9492",
        "bank_id": "pos-es-pba-9492",
        "label_class": "1",
        "label_role": "positive",
        "suggested_taxonomy": "castro",
        "suggested_decision": "inspect_morphology_rescue",
        "boundary_action": "If visible, draw croa/muralla/recinto polygon; otherwise mark needs_followup.",
        "review_status": "pending",
        "final_taxonomy": "",
        "final_decision": "",
        "name": "Castro de Bexo",
        "municipality": "Dodro",
        "parish": "San Xoán de Laíño (San Xoán)",
        "country": "ES",
        "fusion_probability": "0.56090872",
        "fusion_rank": "363",
        "max_safety_rank": "282",
        "archetype_only_rank": "227",
        "specialist_probability": "0.76842607",
        "specialist_rank": "265",
        "specialist_mean_rank": "281",
        "rank_delta_fusion_to_max": "81",
        "negative_type": "",
        "morphology_proxy": "generic_castro_hint",
        "visual_sheet": "",
        "review_reason": "Weak positive moved upward by max_safety; inspect as morphology-aware training evidence.",
        "review_notes": ""
      }
    },
    {
      "type": "Feature",
      "geometry": {
        "type": "Point",
        "coordinates": [
          -8.288881663066935,
          43.51388427158965
        ]
      },
      "properties": {
        "review_id": "err-review-0143",
        "sample_review_key": "wl-neg-neg-es-pba-9853",
        "duplicate_count": "1",
        "duplicate_queues": "holdout_top_false_positives",
        "review_priority": "P1",
        "queue": "holdout_top_false_positives",
        "priority_order": "19",
        "review_lane": "weak_negative_review",
        "dataset": "holdouts",
        "final_split": "test_trasancos",
        "sample_id": "wl-neg-neg-es-pba-9853",
        "bank_id": "neg-es-pba-9853",
        "label_class": "0",
        "label_role": "hard_negative",
        "suggested_taxonomy": "petroglifo",
        "suggested_decision": "inspect_weak_negative_no_absence_claim",
        "boundary_action": "Confirm non-castro archaeological class; keep separate from generic negatives.",
        "review_status": "pending",
        "final_taxonomy": "",
        "final_decision": "",
        "name": "Petróglifo do coto de San Xurxo",
        "municipality": "Ferrol",
        "parish": "San Xurxo da Mariña (San Xurxo)",
        "country": "ES",
        "fusion_probability": "0.35525190",
        "fusion_rank": "73",
        "max_safety_rank": "88",
        "archetype_only_rank": "92",
        "specialist_probability": "0.29364221",
        "specialist_rank": "91",
        "specialist_mean_rank": "81",
        "rank_delta_fusion_to_max": "-15",
        "negative_type": "rock_art_surface",
        "morphology_proxy": "",
        "visual_sheet": "reports/figures/weak_label_error_review_v1/holdout-top-false-positives.png",
        "review_reason": "Known hard negative ranked high by the main fusion model; inspect as false-positive pattern.",
        "review_notes": ""
      }
    },
    {
      "type": "Feature",
      "geometry": {
        "type": "Point",
        "coordinates": [
          -7.22652655882318,
          43.49768971762742
        ]
      },
      "properties": {
        "review_id": "err-review-0144",
        "sample_review_key": "wl-pos-pos-es-pba-28733",
        "duplicate_count": "1",
        "duplicate_queues": "val_low_rank_weak_positives",
        "review_priority": "P2",
        "queue": "val_low_rank_weak_positives",
        "priority_order": "6",
        "review_lane": "low_positive_review",
        "dataset": "val",
        "final_split": "val",
        "sample_id": "wl-pos-pos-es-pba-28733",
        "bank_id": "pos-es-pba-28733",
        "label_class": "1",
        "label_role": "positive",
        "suggested_taxonomy": "castro",
        "suggested_decision": "inspect_low_rank_known_positive",
        "boundary_action": "If visible, draw croa/muralla/recinto polygon; otherwise mark needs_followup.",
        "review_status": "pending",
        "final_taxonomy": "",
        "final_decision": "",
        "name": "O Castro",
        "municipality": "Barreiros",
        "parish": "Cabarcos (San Xulián)",
        "country": "ES",
        "fusion_probability": "0.04952022",
        "fusion_rank": "1749",
        "max_safety_rank": "1830",
        "archetype_only_rank": "1720",
        "specialist_probability": "0.03019735",
        "specialist_rank": "1773",
        "specialist_mean_rank": "1763",
        "rank_delta_fusion_to_max": "-81",
        "negative_type": "",
        "morphology_proxy": "generic_castro_hint",
        "visual_sheet": "reports/figures/weak_label_error_review_v1/val-low-rank-weak-positives.png",
        "review_reason": "Weak positive ranked low on validation; inspect label noise, morphology and imagery quality.",
        "review_notes": ""
      }
    },
    {
      "type": "Feature",
      "geometry": {
        "type": "Point",
        "coordinates": [
          -7.73630430123401,
          42.65948803776814
        ]
      },
      "properties": {
        "review_id": "err-review-0145",
        "sample_review_key": "wl-pos-pos-es-pba-29397",
        "duplicate_count": "1",
        "duplicate_queues": "val_low_rank_weak_positives",
        "review_priority": "P2",
        "queue": "val_low_rank_weak_positives",
        "priority_order": "14",
        "review_lane": "low_positive_review",
        "dataset": "val",
        "final_split": "val",
        "sample_id": "wl-pos-pos-es-pba-29397",
        "bank_id": "pos-es-pba-29397",
        "label_class": "1",
        "label_role": "positive",
        "suggested_taxonomy": "castro",
        "suggested_decision": "inspect_low_rank_known_positive",
        "boundary_action": "If visible, draw croa/muralla/recinto polygon; otherwise mark needs_followup.",
        "review_status": "pending",
        "final_taxonomy": "",
        "final_decision": "",
        "name": "Castro de Candad",
        "municipality": "Chantada",
        "parish": "Pedrafita (Santa Baia)",
        "country": "ES",
        "fusion_probability": "0.10776018",
        "fusion_rank": "1489",
        "max_safety_rank": "1793",
        "archetype_only_rank": "1851",
        "specialist_probability": "0.05539912",
        "specialist_rank": "1644",
        "specialist_mean_rank": "1592",
        "rank_delta_fusion_to_max": "-304",
        "negative_type": "",
        "morphology_proxy": "generic_castro_hint",
        "visual_sheet": "",
        "review_reason": "Weak positive ranked low on validation; inspect label noise, morphology and imagery quality.",
        "review_notes": ""
      }
    },
    {
      "type": "Feature",
      "geometry": {
        "type": "Point",
        "coordinates": [
          -7.430037611209077,
          41.983278496802875
        ]
      },
      "properties": {
        "review_id": "err-review-0146",
        "sample_review_key": "wl-pos-pos-es-pba-47185",
        "duplicate_count": "1",
        "duplicate_queues": "val_low_rank_weak_positives",
        "review_priority": "P2",
        "queue": "val_low_rank_weak_positives",
        "priority_order": "19",
        "review_lane": "low_positive_review",
        "dataset": "val",
        "final_split": "val",
        "sample_id": "wl-pos-pos-es-pba-47185",
        "bank_id": "pos-es-pba-47185",
        "label_class": "1",
        "label_role": "positive",
        "suggested_taxonomy": "castro",
        "suggested_decision": "inspect_low_rank_known_positive",
        "boundary_action": "If visible, draw croa/muralla/recinto polygon; otherwise mark needs_followup.",
        "review_status": "pending",
        "final_taxonomy": "",
        "final_decision": "",
        "name": "Xacemento romano do Castro",
        "municipality": "Castrelo do Val",
        "parish": "Castrelo do Val (Santa María)",
        "country": "ES",
        "fusion_probability": "0.19485620",
        "fusion_rank": "1162",
        "max_safety_rank": "1568",
        "archetype_only_rank": "1706",
        "specialist_probability": "0.05875561",
        "specialist_rank": "1628",
        "specialist_mean_rank": "1394",
        "rank_delta_fusion_to_max": "-406",
        "negative_type": "",
        "morphology_proxy": "generic_castro_hint",
        "visual_sheet": "",
        "review_reason": "Weak positive ranked low on validation; inspect label noise, morphology and imagery quality.",
        "review_notes": ""
      }
    },
    {
      "type": "Feature",
      "geometry": {
        "type": "Point",
        "coordinates": [
          -7.642458623171671,
          43.593659855605146
        ]
      },
      "properties": {
        "review_id": "err-review-0147",
        "sample_review_key": "wl-pos-pos-es-pba-35702",
        "duplicate_count": "1",
        "duplicate_queues": "val_low_rank_weak_positives",
        "review_priority": "P2",
        "queue": "val_low_rank_weak_positives",
        "priority_order": "20",
        "review_lane": "low_positive_review",
        "dataset": "val",
        "final_split": "val",
        "sample_id": "wl-pos-pos-es-pba-35702",
        "bank_id": "pos-es-pba-35702",
        "label_class": "1",
        "label_role": "positive",
        "suggested_taxonomy": "castro",
        "suggested_decision": "inspect_low_rank_known_positive",
        "boundary_action": "If visible, draw croa/muralla/recinto polygon; otherwise mark needs_followup.",
        "review_status": "pending",
        "final_taxonomy": "",
        "final_decision": "",
        "name": "Castro de Pena Gateira",
        "municipality": "Ourol",
        "parish": "Bravos (Santiago)",
        "country": "ES",
        "fusion_probability": "0.20722190",
        "fusion_rank": "1132",
        "max_safety_rank": "1239",
        "archetype_only_rank": "872",
        "specialist_probability": "0.23929394",
        "specialist_rank": "924",
        "specialist_mean_rank": "1042",
        "rank_delta_fusion_to_max": "-107",
        "negative_type": "",
        "morphology_proxy": "hilltop_hint",
        "visual_sheet": "",
        "review_reason": "Weak positive ranked low on validation; inspect label noise, morphology and imagery quality.",
        "review_notes": ""
      }
    },
    {
      "type": "Feature",
      "geometry": {
        "type": "Point",
        "coordinates": [
          -8.371934625986794,
          42.85362862119057
        ]
      },
      "properties": {
        "review_id": "err-review-0148",
        "sample_review_key": "wl-pos-pos-es-pba-24554",
        "duplicate_count": "1",
        "duplicate_queues": "val_low_rank_weak_positives",
        "review_priority": "P2",
        "queue": "val_low_rank_weak_positives",
        "priority_order": "21",
        "review_lane": "low_positive_review",
        "dataset": "val",
        "final_split": "val",
        "sample_id": "wl-pos-pos-es-pba-24554",
        "bank_id": "pos-es-pba-24554",
        "label_class": "1",
        "label_role": "positive",
        "suggested_taxonomy": "castro",
        "suggested_decision": "inspect_low_rank_known_positive",
        "boundary_action": "If visible, draw croa/muralla/recinto polygon; otherwise mark needs_followup.",
        "review_status": "pending",
        "final_taxonomy": "",
        "final_decision": "",
        "name": "Pombal no Castro",
        "municipality": "Touro",
        "parish": "Prevediños (Santiago)",
        "country": "ES",
        "fusion_probability": "0.20852133",
        "fusion_rank": "1129",
        "max_safety_rank": "1523",
        "archetype_only_rank": "1480",
        "specialist_probability": "0.31680987",
        "specialist_rank": "749",
        "specialist_mean_rank": "926",
        "rank_delta_fusion_to_max": "-394",
        "negative_type": "",
        "morphology_proxy": "generic_castro_hint",
        "visual_sheet": "",
        "review_reason": "Weak positive ranked low on validation; inspect label noise, morphology and imagery quality.",
        "review_notes": ""
      }
    },
    {
      "type": "Feature",
      "geometry": {
        "type": "Point",
        "coordinates": [
          -7.079411492299075,
          42.205935551801176
        ]
      },
      "properties": {
        "review_id": "err-review-0149",
        "sample_review_key": "wl-pos-pos-es-pba-58803",
        "duplicate_count": "1",
        "duplicate_queues": "val_low_rank_weak_positives",
        "review_priority": "P2",
        "queue": "val_low_rank_weak_positives",
        "priority_order": "23",
        "review_lane": "low_positive_review",
        "dataset": "val",
        "final_split": "val",
        "sample_id": "wl-pos-pos-es-pba-58803",
        "bank_id": "pos-es-pba-58803",
        "label_class": "1",
        "label_role": "positive",
        "suggested_taxonomy": "castro",
        "suggested_decision": "inspect_low_rank_known_positive",
        "boundary_action": "If visible, draw croa/muralla/recinto polygon; otherwise mark needs_followup.",
        "review_status": "pending",
        "final_taxonomy": "",
        "final_decision": "",
        "name": "Castro do Froxancal",
        "municipality": "Viana do Bolo",
        "parish": "Hedroso (San Román)",
        "country": "ES",
        "fusion_probability": "0.21453366",
        "fusion_rank": "1111",
        "max_safety_rank": "1505",
        "archetype_only_rank": "1136",
        "specialist_probability": "0.45058281",
        "specialist_rank": "528",
        "specialist_mean_rank": "743",
        "rank_delta_fusion_to_max": "-394",
        "negative_type": "",
        "morphology_proxy": "generic_castro_hint",
        "visual_sheet": "",
        "review_reason": "Weak positive ranked low on validation; inspect label noise, morphology and imagery quality.",
        "review_notes": ""
      }
    },
    {
      "type": "Feature",
      "geometry": {
        "type": "Point",
        "coordinates": [
          -7.199790611342973,
          43.488202225975805
        ]
      },
      "properties": {
        "review_id": "err-review-0150",
        "sample_review_key": "wl-pos-pos-es-pba-28589",
        "duplicate_count": "1",
        "duplicate_queues": "val_low_rank_weak_positives",
        "review_priority": "P2",
        "queue": "val_low_rank_weak_positives",
        "priority_order": "26",
        "review_lane": "low_positive_review",
        "dataset": "val",
        "final_split": "val",
        "sample_id": "wl-pos-pos-es-pba-28589",
        "bank_id": "pos-es-pba-28589",
        "label_class": "1",
        "label_role": "positive",
        "suggested_taxonomy": "castro",
        "suggested_decision": "inspect_low_rank_known_positive",
        "boundary_action": "If visible, draw croa/muralla/recinto polygon; otherwise mark needs_followup.",
        "review_status": "pending",
        "final_taxonomy": "",
        "final_decision": "",
        "name": "Castro dos Calixos",
        "municipality": "Barreiros",
        "parish": "Vilamartín Pequeno (San Xoán Degolado)",
        "country": "ES",
        "fusion_probability": "0.24304535",
        "fusion_rank": "1024",
        "max_safety_rank": "1402",
        "archetype_only_rank": "1063",
        "specialist_probability": "0.35506741",
        "specialist_rank": "675",
        "specialist_mean_rank": "833",
        "rank_delta_fusion_to_max": "-378",
        "negative_type": "",
        "morphology_proxy": "generic_castro_hint",
        "visual_sheet": "",
        "review_reason": "Weak positive ranked low on validation; inspect label noise, morphology and imagery quality.",
        "review_notes": ""
      }
    },
    {
      "type": "Feature",
      "geometry": {
        "type": "Point",
        "coordinates": [
          -8.720640967088528,
          42.72023104050819
        ]
      },
      "properties": {
        "review_id": "err-review-0151",
        "sample_review_key": "wl-pos-pos-es-pba-9491",
        "duplicate_count": "1",
        "duplicate_queues": "val_low_rank_weak_positives",
        "review_priority": "P2",
        "queue": "val_low_rank_weak_positives",
        "priority_order": "27",
        "review_lane": "low_positive_review",
        "dataset": "val",
        "final_split": "val",
        "sample_id": "wl-pos-pos-es-pba-9491",
        "bank_id": "pos-es-pba-9491",
        "label_class": "1",
        "label_role": "positive",
        "suggested_taxonomy": "castro",
        "suggested_decision": "inspect_low_rank_known_positive",
        "boundary_action": "If visible, draw croa/muralla/recinto polygon; otherwise mark needs_followup.",
        "review_status": "pending",
        "final_taxonomy": "",
        "final_decision": "",
        "name": "Castro",
        "municipality": "Dodro",
        "parish": "San Xoán de Laíño (San Xoán)",
        "country": "ES",
        "fusion_probability": "0.24506523",
        "fusion_rank": "1017",
        "max_safety_rank": "1396",
        "archetype_only_rank": "1478",
        "specialist_probability": "0.32755180",
        "specialist_rank": "731",
        "specialist_mean_rank": "869",
        "rank_delta_fusion_to_max": "-379",
        "negative_type": "",
        "morphology_proxy": "generic_castro_hint",
        "visual_sheet": "",
        "review_reason": "Weak positive ranked low on validation; inspect label noise, morphology and imagery quality.",
        "review_notes": ""
      }
    },
    {
      "type": "Feature",
      "geometry": {
        "type": "Point",
        "coordinates": [
          -8.131303184393992,
          42.32573123250317
        ]
      },
      "properties": {
        "review_id": "err-review-0152",
        "sample_review_key": "wl-pos-pos-es-pba-46071",
        "duplicate_count": "1",
        "duplicate_queues": "val_low_rank_weak_positives",
        "review_priority": "P2",
        "queue": "val_low_rank_weak_positives",
        "priority_order": "31",
        "review_lane": "low_positive_review",
        "dataset": "val",
        "final_split": "val",
        "sample_id": "wl-pos-pos-es-pba-46071",
        "bank_id": "pos-es-pba-46071",
        "label_class": "1",
        "label_role": "positive",
        "suggested_taxonomy": "castro",
        "suggested_decision": "inspect_low_rank_known_positive",
        "boundary_action": "If visible, draw croa/muralla/recinto polygon; otherwise mark needs_followup.",
        "review_status": "pending",
        "final_taxonomy": "",
        "final_decision": "",
        "name": "Coto do Castro",
        "municipality": "Beade",
        "parish": "Beade (Santa María)",
        "country": "ES",
        "fusion_probability": "0.25803663",
        "fusion_rank": "991",
        "max_safety_rank": "1153",
        "archetype_only_rank": "803",
        "specialist_probability": "0.50892071",
        "specialist_rank": "473",
        "specialist_mean_rank": "643",
        "rank_delta_fusion_to_max": "-162",
        "negative_type": "",
        "morphology_proxy": "hilltop_hint",
        "visual_sheet": "",
        "review_reason": "Weak positive ranked low on validation; inspect label noise, morphology and imagery quality.",
        "review_notes": ""
      }
    },
    {
      "type": "Feature",
      "geometry": {
        "type": "Point",
        "coordinates": [
          -8.72071779148683,
          42.719812282778975
        ]
      },
      "properties": {
        "review_id": "err-review-0153",
        "sample_review_key": "wl-pos-pos-es-pba-9496",
        "duplicate_count": "1",
        "duplicate_queues": "val_low_rank_weak_positives",
        "review_priority": "P2",
        "queue": "val_low_rank_weak_positives",
        "priority_order": "32",
        "review_lane": "low_positive_review",
        "dataset": "val",
        "final_split": "val",
        "sample_id": "wl-pos-pos-es-pba-9496",
        "bank_id": "pos-es-pba-9496",
        "label_class": "1",
        "label_role": "positive",
        "suggested_taxonomy": "castro",
        "suggested_decision": "inspect_low_rank_known_positive",
        "boundary_action": "If visible, draw croa/muralla/recinto polygon; otherwise mark needs_followup.",
        "review_status": "pending",
        "final_taxonomy": "",
        "final_decision": "",
        "name": "Conxunto de Castro",
        "municipality": "Dodro",
        "parish": "San Xoán de Laíño (San Xoán)",
        "country": "ES",
        "fusion_probability": "0.26378646",
        "fusion_rank": "978",
        "max_safety_rank": "1343",
        "archetype_only_rank": "1670",
        "specialist_probability": "0.34812548",
        "specialist_rank": "687",
        "specialist_mean_rank": "813",
        "rank_delta_fusion_to_max": "-365",
        "negative_type": "",
        "morphology_proxy": "generic_castro_hint",
        "visual_sheet": "",
        "review_reason": "Weak positive ranked low on validation; inspect label noise, morphology and imagery quality.",
        "review_notes": ""
      }
    },
    {
      "type": "Feature",
      "geometry": {
        "type": "Point",
        "coordinates": [
          -7.10116369970316,
          42.17441422474813
        ]
      },
      "properties": {
        "review_id": "err-review-0154",
        "sample_review_key": "wl-pos-pos-es-pba-58797",
        "duplicate_count": "1",
        "duplicate_queues": "val_low_rank_weak_positives",
        "review_priority": "P2",
        "queue": "val_low_rank_weak_positives",
        "priority_order": "34",
        "review_lane": "low_positive_review",
        "dataset": "val",
        "final_split": "val",
        "sample_id": "wl-pos-pos-es-pba-58797",
        "bank_id": "pos-es-pba-58797",
        "label_class": "1",
        "label_role": "positive",
        "suggested_taxonomy": "castro",
        "suggested_decision": "inspect_low_rank_known_positive",
        "boundary_action": "If visible, draw croa/muralla/recinto polygon; otherwise mark needs_followup.",
        "review_status": "pending",
        "final_taxonomy": "",
        "final_decision": "",
        "name": "Castro do Castelo",
        "municipality": "Viana do Bolo",
        "parish": "Pinza (Santa María)",
        "country": "ES",
        "fusion_probability": "0.27633453",
        "fusion_rank": "933",
        "max_safety_rank": "1298",
        "archetype_only_rank": "1135",
        "specialist_probability": "0.25721317",
        "specialist_rank": "880",
        "specialist_mean_rank": "915",
        "rank_delta_fusion_to_max": "-365",
        "negative_type": "",
        "morphology_proxy": "generic_castro_hint",
        "visual_sheet": "",
        "review_reason": "Weak positive ranked low on validation; inspect label noise, morphology and imagery quality.",
        "review_notes": ""
      }
    },
    {
      "type": "Feature",
      "geometry": {
        "type": "Point",
        "coordinates": [
          -7.077247456700112,
          43.105493302301895
        ]
      },
      "properties": {
        "review_id": "err-review-0155",
        "sample_review_key": "wl-pos-pos-es-pba-31176",
        "duplicate_count": "1",
        "duplicate_queues": "val_low_rank_weak_positives",
        "review_priority": "P2",
        "queue": "val_low_rank_weak_positives",
        "priority_order": "35",
        "review_lane": "low_positive_review",
        "dataset": "val",
        "final_split": "val",
        "sample_id": "wl-pos-pos-es-pba-31176",
        "bank_id": "pos-es-pba-31176",
        "label_class": "1",
        "label_role": "positive",
        "suggested_taxonomy": "castro",
        "suggested_decision": "inspect_low_rank_known_positive",
        "boundary_action": "If visible, draw croa/muralla/recinto polygon; otherwise mark needs_followup.",
        "review_status": "pending",
        "final_taxonomy": "",
        "final_decision": "",
        "name": "Capela de San Xoán Degolado en Castro",
        "municipality": "A Fonsagrada",
        "parish": "Cuíñas (San Cristovo)",
        "country": "ES",
        "fusion_probability": "0.28044059",
        "fusion_rank": "918",
        "max_safety_rank": "1280",
        "archetype_only_rank": "1322",
        "specialist_probability": "0.39835357",
        "specialist_rank": "601",
        "specialist_mean_rank": "724",
        "rank_delta_fusion_to_max": "-362",
        "negative_type": "",
        "morphology_proxy": "generic_castro_hint",
        "visual_sheet": "",
        "review_reason": "Weak positive ranked low on validation; inspect label noise, morphology and imagery quality.",
        "review_notes": ""
      }
    },
    {
      "type": "Feature",
      "geometry": {
        "type": "Point",
        "coordinates": [
          -8.292134315507132,
          42.85166278030645
        ]
      },
      "properties": {
        "review_id": "err-review-0156",
        "sample_review_key": "wl-pos-pos-es-pba-25010",
        "duplicate_count": "1",
        "duplicate_queues": "val_low_rank_weak_positives",
        "review_priority": "P2",
        "queue": "val_low_rank_weak_positives",
        "priority_order": "36",
        "review_lane": "low_positive_review",
        "dataset": "val",
        "final_split": "val",
        "sample_id": "wl-pos-pos-es-pba-25010",
        "bank_id": "pos-es-pba-25010",
        "label_class": "1",
        "label_role": "positive",
        "suggested_taxonomy": "castro",
        "suggested_decision": "inspect_low_rank_known_positive",
        "boundary_action": "If visible, draw croa/muralla/recinto polygon; otherwise mark needs_followup.",
        "review_status": "pending",
        "final_taxonomy": "",
        "final_decision": "",
        "name": "Castro de Fao/A Croa do Castro",
        "municipality": "Touro",
        "parish": "Fao (Santa Uxía)",
        "country": "ES",
        "fusion_probability": "0.28607652",
        "fusion_rank": "904",
        "max_safety_rank": "1265",
        "archetype_only_rank": "1571",
        "specialist_probability": "0.14707308",
        "specialist_rank": "1208",
        "specialist_mean_rank": "1061",
        "rank_delta_fusion_to_max": "-361",
        "negative_type": "",
        "morphology_proxy": "croa_top_ring_hint",
        "visual_sheet": "",
        "review_reason": "Weak positive ranked low on validation; inspect label noise, morphology and imagery quality.",
        "review_notes": ""
      }
    },
    {
      "type": "Feature",
      "geometry": {
        "type": "Point",
        "coordinates": [
          -7.7678187971804125,
          42.247867507663656
        ]
      },
      "properties": {
        "review_id": "err-review-0157",
        "sample_review_key": "wl-pos-pos-es-pba-54470",
        "duplicate_count": "1",
        "duplicate_queues": "val_low_rank_weak_positives",
        "review_priority": "P2",
        "queue": "val_low_rank_weak_positives",
        "priority_order": "38",
        "review_lane": "low_positive_review",
        "dataset": "val",
        "final_split": "val",
        "sample_id": "wl-pos-pos-es-pba-54470",
        "bank_id": "pos-es-pba-54470",
        "label_class": "1",
        "label_role": "positive",
        "suggested_taxonomy": "castro",
        "suggested_decision": "inspect_low_rank_known_positive",
        "boundary_action": "If visible, draw croa/muralla/recinto polygon; otherwise mark needs_followup.",
        "review_status": "pending",
        "final_taxonomy": "",
        "final_decision": "",
        "name": "Castro de San Vicente de Coucieiro",
        "municipality": "Paderne de Allariz",
        "parish": "Coucieiro (San Vicente)",
        "country": "ES",
        "fusion_probability": "0.29614857",
        "fusion_rank": "883",
        "max_safety_rank": "1227",
        "archetype_only_rank": "1105",
        "specialist_probability": "0.43858019",
        "specialist_rank": "541",
        "specialist_mean_rank": "671",
        "rank_delta_fusion_to_max": "-344",
        "negative_type": "",
        "morphology_proxy": "generic_castro_hint",
        "visual_sheet": "",
        "review_reason": "Weak positive ranked low on validation; inspect label noise, morphology and imagery quality.",
        "review_notes": ""
      }
    },
    {
      "type": "Feature",
      "geometry": {
        "type": "Point",
        "coordinates": [
          -7.58788984405704,
          43.55460111284514
        ]
      },
      "properties": {
        "review_id": "err-review-0158",
        "sample_review_key": "wl-pos-pos-es-pba-35730",
        "duplicate_count": "1",
        "duplicate_queues": "val_low_rank_weak_positives",
        "review_priority": "P2",
        "queue": "val_low_rank_weak_positives",
        "priority_order": "39",
        "review_lane": "low_positive_review",
        "dataset": "val",
        "final_split": "val",
        "sample_id": "wl-pos-pos-es-pba-35730",
        "bank_id": "pos-es-pba-35730",
        "label_class": "1",
        "label_role": "positive",
        "suggested_taxonomy": "castro",
        "suggested_decision": "inspect_low_rank_known_positive",
        "boundary_action": "If visible, draw croa/muralla/recinto polygon; otherwise mark needs_followup.",
        "review_status": "pending",
        "final_taxonomy": "",
        "final_decision": "",
        "name": "Chao do Castro",
        "municipality": "Ourol",
        "parish": "Miñotos (San Pedro)",
        "country": "ES",
        "fusion_probability": "0.29660582",
        "fusion_rank": "880",
        "max_safety_rank": "1225",
        "archetype_only_rank": "1100",
        "specialist_probability": "0.24157695",
        "specialist_rank": "917",
        "specialist_mean_rank": "909",
        "rank_delta_fusion_to_max": "-345",
        "negative_type": "",
        "morphology_proxy": "generic_castro_hint",
        "visual_sheet": "",
        "review_reason": "Weak positive ranked low on validation; inspect label noise, morphology and imagery quality.",
        "review_notes": ""
      }
    },
    {
      "type": "Feature",
      "geometry": {
        "type": "Point",
        "coordinates": [
          -7.55843068307333,
          43.14166617788986
        ]
      },
      "properties": {
        "review_id": "err-review-0159",
        "sample_review_key": "wl-pos-pos-es-pba-35866",
        "duplicate_count": "1",
        "duplicate_queues": "val_low_rank_weak_positives",
        "review_priority": "P2",
        "queue": "val_low_rank_weak_positives",
        "priority_order": "40",
        "review_lane": "low_positive_review",
        "dataset": "val",
        "final_split": "val",
        "sample_id": "wl-pos-pos-es-pba-35866",
        "bank_id": "pos-es-pba-35866",
        "label_class": "1",
        "label_role": "positive",
        "suggested_taxonomy": "castro",
        "suggested_decision": "inspect_low_rank_known_positive",
        "boundary_action": "If visible, draw croa/muralla/recinto polygon; otherwise mark needs_followup.",
        "review_status": "pending",
        "final_taxonomy": "",
        "final_decision": "",
        "name": "Os Castros/Tras Os Castros",
        "municipality": "Outeiro de Rei",
        "parish": "Castelo de Rei (San Salvador)",
        "country": "ES",
        "fusion_probability": "0.29772966",
        "fusion_rank": "876",
        "max_safety_rank": "1221",
        "archetype_only_rank": "1587",
        "specialist_probability": "0.16363305",
        "specialist_rank": "1154",
        "specialist_mean_rank": "1017",
        "rank_delta_fusion_to_max": "-345",
        "negative_type": "",
        "morphology_proxy": "generic_castro_hint",
        "visual_sheet": "",
        "review_reason": "Weak positive ranked low on validation; inspect label noise, morphology and imagery quality.",
        "review_notes": ""
      }
    },
    {
      "type": "Feature",
      "geometry": {
        "type": "Point",
        "coordinates": [
          -8.37314680950039,
          43.34327889223413
        ]
      },
      "properties": {
        "review_id": "err-review-0160",
        "sample_review_key": "wl-pos-pos-es-pba-15426",
        "duplicate_count": "1",
        "duplicate_queues": "val_low_rank_weak_positives",
        "review_priority": "P2",
        "queue": "val_low_rank_weak_positives",
        "priority_order": "43",
        "review_lane": "low_positive_review",
        "dataset": "val",
        "final_split": "val",
        "sample_id": "wl-pos-pos-es-pba-15426",
        "bank_id": "pos-es-pba-15426",
        "label_class": "1",
        "label_role": "positive",
        "suggested_taxonomy": "castro",
        "suggested_decision": "inspect_low_rank_known_positive",
        "boundary_action": "If visible, draw croa/muralla/recinto polygon; otherwise mark needs_followup.",
        "review_status": "pending",
        "final_taxonomy": "",
        "final_decision": "",
        "name": "Castro de Santa Cristina/Castro de Perillo",
        "municipality": "Oleiros",
        "parish": "Perillo (Santa Locaia)",
        "country": "ES",
        "fusion_probability": "0.30296752",
        "fusion_rank": "863",
        "max_safety_rank": "1209",
        "archetype_only_rank": "1120",
        "specialist_probability": "0.11118346",
        "specialist_rank": "1356",
        "specialist_mean_rank": "1091",
        "rank_delta_fusion_to_max": "-346",
        "negative_type": "",
        "morphology_proxy": "generic_castro_hint",
        "visual_sheet": "",
        "review_reason": "Weak positive ranked low on validation; inspect label noise, morphology and imagery quality.",
        "review_notes": ""
      }
    },
    {
      "type": "Feature",
      "geometry": {
        "type": "Point",
        "coordinates": [
          -7.7831353652966575,
          42.62972719004807
        ]
      },
      "properties": {
        "review_id": "err-review-0161",
        "sample_review_key": "wl-pos-pos-es-pba-29400",
        "duplicate_count": "1",
        "duplicate_queues": "val_low_rank_weak_positives",
        "review_priority": "P2",
        "queue": "val_low_rank_weak_positives",
        "priority_order": "44",
        "review_lane": "low_positive_review",
        "dataset": "val",
        "final_split": "val",
        "sample_id": "wl-pos-pos-es-pba-29400",
        "bank_id": "pos-es-pba-29400",
        "label_class": "1",
        "label_role": "positive",
        "suggested_taxonomy": "castro",
        "suggested_decision": "inspect_low_rank_known_positive",
        "boundary_action": "If visible, draw croa/muralla/recinto polygon; otherwise mark needs_followup.",
        "review_status": "pending",
        "final_taxonomy": "",
        "final_decision": "",
        "name": "Castro de Fornas de Abaixo",
        "municipality": "Chantada",
        "parish": "Fornas (San Cristovo)",
        "country": "ES",
        "fusion_probability": "0.30347730",
        "fusion_rank": "862",
        "max_safety_rank": "1206",
        "archetype_only_rank": "1786",
        "specialist_probability": "0.15695109",
        "specialist_rank": "1178",
        "specialist_mean_rank": "1018",
        "rank_delta_fusion_to_max": "-344",
        "negative_type": "",
        "morphology_proxy": "generic_castro_hint",
        "visual_sheet": "",
        "review_reason": "Weak positive ranked low on validation; inspect label noise, morphology and imagery quality.",
        "review_notes": ""
      }
    },
    {
      "type": "Feature",
      "geometry": {
        "type": "Point",
        "coordinates": [
          -8.420101521238182,
          43.01045645925417
        ]
      },
      "properties": {
        "review_id": "err-review-0162",
        "sample_review_key": "wl-pos-pos-es-pba-15716",
        "duplicate_count": "1",
        "duplicate_queues": "val_low_rank_weak_positives",
        "review_priority": "P2",
        "queue": "val_low_rank_weak_positives",
        "priority_order": "48",
        "review_lane": "low_positive_review",
        "dataset": "val",
        "final_split": "val",
        "sample_id": "wl-pos-pos-es-pba-15716",
        "bank_id": "pos-es-pba-15716",
        "label_class": "1",
        "label_role": "positive",
        "suggested_taxonomy": "castro",
        "suggested_decision": "inspect_low_rank_known_positive",
        "boundary_action": "If visible, draw croa/muralla/recinto polygon; otherwise mark needs_followup.",
        "review_status": "pending",
        "final_taxonomy": "",
        "final_decision": "",
        "name": "O Castro/A Santiña/O Castro de Deixebre",
        "municipality": "Oroso",
        "parish": "Deixebre (Santa María)",
        "country": "ES",
        "fusion_probability": "0.31310376",
        "fusion_rank": "820",
        "max_safety_rank": "1166",
        "archetype_only_rank": "1755",
        "specialist_probability": "0.13096398",
        "specialist_rank": "1269",
        "specialist_mean_rank": "1045",
        "rank_delta_fusion_to_max": "-346",
        "negative_type": "",
        "morphology_proxy": "generic_castro_hint",
        "visual_sheet": "",
        "review_reason": "Weak positive ranked low on validation; inspect label noise, morphology and imagery quality.",
        "review_notes": ""
      }
    },
    {
      "type": "Feature",
      "geometry": {
        "type": "Point",
        "coordinates": [
          -8.72197639325666,
          42.71967125636917
        ]
      },
      "properties": {
        "review_id": "err-review-0163",
        "sample_review_key": "wl-pos-pos-es-pba-9469",
        "duplicate_count": "1",
        "duplicate_queues": "val_low_rank_weak_positives",
        "review_priority": "P2",
        "queue": "val_low_rank_weak_positives",
        "priority_order": "49",
        "review_lane": "low_positive_review",
        "dataset": "val",
        "final_split": "val",
        "sample_id": "wl-pos-pos-es-pba-9469",
        "bank_id": "pos-es-pba-9469",
        "label_class": "1",
        "label_role": "positive",
        "suggested_taxonomy": "castro",
        "suggested_decision": "inspect_low_rank_known_positive",
        "boundary_action": "If visible, draw croa/muralla/recinto polygon; otherwise mark needs_followup.",
        "review_status": "pending",
        "final_taxonomy": "",
        "final_decision": "",
        "name": "Pombal cadrado en Castro",
        "municipality": "Dodro",
        "parish": "San Xoán de Laíño (San Xoán)",
        "country": "ES",
        "fusion_probability": "0.32147001",
        "fusion_rank": "799",
        "max_safety_rank": "1135",
        "archetype_only_rank": "1190",
        "specialist_probability": "0.46221615",
        "specialist_rank": "521",
        "specialist_mean_rank": "625",
        "rank_delta_fusion_to_max": "-336",
        "negative_type": "",
        "morphology_proxy": "generic_castro_hint",
        "visual_sheet": "",
        "review_reason": "Weak positive ranked low on validation; inspect label noise, morphology and imagery quality.",
        "review_notes": ""
      }
    },
    {
      "type": "Feature",
      "geometry": {
        "type": "Point",
        "coordinates": [
          -8.728320622467985,
          42.502223980991474
        ]
      },
      "properties": {
        "review_id": "err-review-0164",
        "sample_review_key": "wl-neg-neg-es-pba-66744",
        "duplicate_count": "1",
        "duplicate_queues": "val_top_weak_negatives",
        "review_priority": "P2",
        "queue": "val_top_weak_negatives",
        "priority_order": "2",
        "review_lane": "mamoa_false_positive_review",
        "dataset": "val",
        "final_split": "val",
        "sample_id": "wl-neg-neg-es-pba-66744",
        "bank_id": "neg-es-pba-66744",
        "label_class": "0",
        "label_role": "hard_negative",
        "suggested_taxonomy": "mamoa",
        "suggested_decision": "confirm_non_castro_archaeological_hard_negative",
        "boundary_action": "Confirm mound/non-castro; do not treat as generic absence.",
        "review_status": "pending",
        "final_taxonomy": "",
        "final_decision": "",
        "name": "Mámoa de Outeiro",
        "municipality": "Meis",
        "parish": "Meis (San Salvador)",
        "country": "ES",
        "fusion_probability": "0.93649696",
        "fusion_rank": "52",
        "max_safety_rank": "106",
        "archetype_only_rank": "148",
        "specialist_probability": "0.98400962",
        "specialist_rank": "69",
        "specialist_mean_rank": "51",
        "rank_delta_fusion_to_max": "-54",
        "negative_type": "megalithic_mound",
        "morphology_proxy": "",
        "visual_sheet": "reports/figures/weak_label_error_review_v1/val-top-weak-negatives.png",
        "review_reason": "Weak-label negative ranked high on validation; inspect before treating it as true absence.",
        "review_notes": ""
      }
    },
    {
      "type": "Feature",
      "geometry": {
        "type": "Point",
        "coordinates": [
          -8.439322851707587,
          42.70877689915728
        ]
      },
      "properties": {
        "review_id": "err-review-0165",
        "sample_review_key": "wl-neg-neg-es-pba-64716",
        "duplicate_count": "1",
        "duplicate_queues": "val_top_weak_negatives",
        "review_priority": "P2",
        "queue": "val_top_weak_negatives",
        "priority_order": "3",
        "review_lane": "mamoa_false_positive_review",
        "dataset": "val",
        "final_split": "val",
        "sample_id": "wl-neg-neg-es-pba-64716",
        "bank_id": "neg-es-pba-64716",
        "label_class": "0",
        "label_role": "hard_negative",
        "suggested_taxonomy": "mamoa",
        "suggested_decision": "confirm_non_castro_archaeological_hard_negative",
        "boundary_action": "Confirm mound/non-castro; do not treat as generic absence.",
        "review_status": "pending",
        "final_taxonomy": "",
        "final_decision": "",
        "name": "Artesa dos Mouros",
        "municipality": "A Estrada",
        "parish": "Callobre (San Martiño)",
        "country": "ES",
        "fusion_probability": "0.92718412",
        "fusion_rank": "56",
        "max_safety_rank": "117",
        "archetype_only_rank": "156",
        "specialist_probability": "0.94920313",
        "specialist_rank": "123",
        "specialist_mean_rank": "75",
        "rank_delta_fusion_to_max": "-61",
        "negative_type": "megalithic_mound",
        "morphology_proxy": "",
        "visual_sheet": "reports/figures/weak_label_error_review_v1/val-top-weak-negatives.png",
        "review_reason": "Weak-label negative ranked high on validation; inspect before treating it as true absence.",
        "review_notes": ""
      }
    },
    {
      "type": "Feature",
      "geometry": {
        "type": "Point",
        "coordinates": [
          -7.933047075263257,
          43.364297501829014
        ]
      },
      "properties": {
        "review_id": "err-review-0166",
        "sample_review_key": "wl-neg-neg-es-pba-13768",
        "duplicate_count": "1",
        "duplicate_queues": "val_top_weak_negatives",
        "review_priority": "P2",
        "queue": "val_top_weak_negatives",
        "priority_order": "6",
        "review_lane": "mamoa_false_positive_review",
        "dataset": "val",
        "final_split": "val",
        "sample_id": "wl-neg-neg-es-pba-13768",
        "bank_id": "neg-es-pba-13768",
        "label_class": "0",
        "label_role": "hard_negative",
        "suggested_taxonomy": "mamoa",
        "suggested_decision": "confirm_non_castro_archaeological_hard_negative",
        "boundary_action": "Confirm mound/non-castro; do not treat as generic absence.",
        "review_status": "pending",
        "final_taxonomy": "",
        "final_decision": "",
        "name": "Mámoa de Vilachá 4",
        "municipality": "Monfero",
        "parish": "O Alto de Xestoso (Santa María)",
        "country": "ES",
        "fusion_probability": "0.84076929",
        "fusion_rank": "126",
        "max_safety_rank": "221",
        "archetype_only_rank": "1721",
        "specialist_probability": "0.65281704",
        "specialist_rank": "343",
        "specialist_mean_rank": "230",
        "rank_delta_fusion_to_max": "-95",
        "negative_type": "megalithic_mound",
        "morphology_proxy": "",
        "visual_sheet": "reports/figures/weak_label_error_review_v1/val-top-weak-negatives.png",
        "review_reason": "Weak-label negative ranked high on validation; inspect before treating it as true absence.",
        "review_notes": ""
      }
    },
    {
      "type": "Feature",
      "geometry": {
        "type": "Point",
        "coordinates": [
          -8.550010560347589,
          42.12694262148482
        ]
      },
      "properties": {
        "review_id": "err-review-0167",
        "sample_review_key": "wl-neg-neg-es-pba-71376",
        "duplicate_count": "1",
        "duplicate_queues": "val_top_weak_negatives",
        "review_priority": "P2",
        "queue": "val_top_weak_negatives",
        "priority_order": "7",
        "review_lane": "mamoa_false_positive_review",
        "dataset": "val",
        "final_split": "val",
        "sample_id": "wl-neg-neg-es-pba-71376",
        "bank_id": "neg-es-pba-71376",
        "label_class": "0",
        "label_role": "hard_negative",
        "suggested_taxonomy": "mamoa",
        "suggested_decision": "confirm_non_castro_archaeological_hard_negative",
        "boundary_action": "Confirm mound/non-castro; do not treat as generic absence.",
        "review_status": "pending",
        "final_taxonomy": "",
        "final_decision": "",
        "name": "Mámoa do Coto da Cruz 1",
        "municipality": "Salceda de Caselas",
        "parish": "A Picoña (San Martiño)",
        "country": "ES",
        "fusion_probability": "0.82532299",
        "fusion_rank": "137",
        "max_safety_rank": "162",
        "archetype_only_rank": "129",
        "specialist_probability": "0.98102934",
        "specialist_rank": "76",
        "specialist_mean_rank": "111",
        "rank_delta_fusion_to_max": "-25",
        "negative_type": "megalithic_mound",
        "morphology_proxy": "",
        "visual_sheet": "reports/figures/weak_label_error_review_v1/val-top-weak-negatives.png",
        "review_reason": "Weak-label negative ranked high on validation; inspect before treating it as true absence.",
        "review_notes": ""
      }
    },
    {
      "type": "Feature",
      "geometry": {
        "type": "Point",
        "coordinates": [
          -7.92308469670636,
          43.350970054874345
        ]
      },
      "properties": {
        "review_id": "err-review-0168",
        "sample_review_key": "wl-neg-neg-es-pba-13691",
        "duplicate_count": "1",
        "duplicate_queues": "val_top_weak_negatives",
        "review_priority": "P2",
        "queue": "val_top_weak_negatives",
        "priority_order": "8",
        "review_lane": "mamoa_false_positive_review",
        "dataset": "val",
        "final_split": "val",
        "sample_id": "wl-neg-neg-es-pba-13691",
        "bank_id": "neg-es-pba-13691",
        "label_class": "0",
        "label_role": "hard_negative",
        "suggested_taxonomy": "mamoa",
        "suggested_decision": "confirm_non_castro_archaeological_hard_negative",
        "boundary_action": "Confirm mound/non-castro; do not treat as generic absence.",
        "review_status": "pending",
        "final_taxonomy": "",
        "final_decision": "",
        "name": "Mámoa da Armada",
        "municipality": "Monfero",
        "parish": "O Alto de Xestoso (Santa María)",
        "country": "ES",
        "fusion_probability": "0.82370902",
        "fusion_rank": "138",
        "max_safety_rank": "237",
        "archetype_only_rank": "904",
        "specialist_probability": "0.72159683",
        "specialist_rank": "296",
        "specialist_mean_rank": "208",
        "rank_delta_fusion_to_max": "-99",
        "negative_type": "megalithic_mound",
        "morphology_proxy": "",
        "visual_sheet": "reports/figures/weak_label_error_review_v1/val-top-weak-negatives.png",
        "review_reason": "Weak-label negative ranked high on validation; inspect before treating it as true absence.",
        "review_notes": ""
      }
    },
    {
      "type": "Feature",
      "geometry": {
        "type": "Point",
        "coordinates": [
          -8.356431499157418,
          42.74199468035481
        ]
      },
      "properties": {
        "review_id": "err-review-0169",
        "sample_review_key": "wl-neg-neg-es-pba-64761",
        "duplicate_count": "1",
        "duplicate_queues": "val_top_weak_negatives",
        "review_priority": "P2",
        "queue": "val_top_weak_negatives",
        "priority_order": "9",
        "review_lane": "mamoa_false_positive_review",
        "dataset": "val",
        "final_split": "val",
        "sample_id": "wl-neg-neg-es-pba-64761",
        "bank_id": "neg-es-pba-64761",
        "label_class": "0",
        "label_role": "hard_negative",
        "suggested_taxonomy": "mamoa",
        "suggested_decision": "confirm_non_castro_archaeological_hard_negative",
        "boundary_action": "Confirm mound/non-castro; do not treat as generic absence.",
        "review_status": "pending",
        "final_taxonomy": "",
        "final_decision": "",
        "name": "Coto da Mámoa",
        "municipality": "A Estrada",
        "parish": "Orazo (San Pedro)",
        "country": "ES",
        "fusion_probability": "0.82355366",
        "fusion_rank": "139",
        "max_safety_rank": "238",
        "archetype_only_rank": "528",
        "specialist_probability": "0.83084586",
        "specialist_rank": "231",
        "specialist_mean_rank": "176",
        "rank_delta_fusion_to_max": "-99",
        "negative_type": "megalithic_mound",
        "morphology_proxy": "",
        "visual_sheet": "reports/figures/weak_label_error_review_v1/val-top-weak-negatives.png",
        "review_reason": "Weak-label negative ranked high on validation; inspect before treating it as true absence.",
        "review_notes": ""
      }
    },
    {
      "type": "Feature",
      "geometry": {
        "type": "Point",
        "coordinates": [
          -7.909246495526192,
          43.16321221370648
        ]
      },
      "properties": {
        "review_id": "err-review-0170",
        "sample_review_key": "wl-neg-neg-es-pba-31891",
        "duplicate_count": "1",
        "duplicate_queues": "val_top_weak_negatives",
        "review_priority": "P2",
        "queue": "val_top_weak_negatives",
        "priority_order": "10",
        "review_lane": "mamoa_false_positive_review",
        "dataset": "val",
        "final_split": "val",
        "sample_id": "wl-neg-neg-es-pba-31891",
        "bank_id": "neg-es-pba-31891",
        "label_class": "0",
        "label_role": "hard_negative",
        "suggested_taxonomy": "mamoa",
        "suggested_decision": "confirm_non_castro_archaeological_hard_negative",
        "boundary_action": "Confirm mound/non-castro; do not treat as generic absence.",
        "review_status": "pending",
        "final_taxonomy": "",
        "final_decision": "",
        "name": "Medoña do Marco da Picota",
        "municipality": "Guitiriz",
        "parish": "Santa Mariña de Lagostelle (Santa Mariña)",
        "country": "ES",
        "fusion_probability": "0.81119612",
        "fusion_rank": "143",
        "max_safety_rank": "246",
        "archetype_only_rank": "231",
        "specialist_probability": "0.85253813",
        "specialist_rank": "212",
        "specialist_mean_rank": "170",
        "rank_delta_fusion_to_max": "-103",
        "negative_type": "megalithic_mound",
        "morphology_proxy": "",
        "visual_sheet": "reports/figures/weak_label_error_review_v1/val-top-weak-negatives.png",
        "review_reason": "Weak-label negative ranked high on validation; inspect before treating it as true absence.",
        "review_notes": ""
      }
    },
    {
      "type": "Feature",
      "geometry": {
        "type": "Point",
        "coordinates": [
          -7.711660523297318,
          43.10754875115939
        ]
      },
      "properties": {
        "review_id": "err-review-0171",
        "sample_review_key": "wl-neg-neg-es-pba-36010",
        "duplicate_count": "1",
        "duplicate_queues": "val_top_weak_negatives",
        "review_priority": "P2",
        "queue": "val_top_weak_negatives",
        "priority_order": "11",
        "review_lane": "mamoa_false_positive_review",
        "dataset": "val",
        "final_split": "val",
        "sample_id": "wl-neg-neg-es-pba-36010",
        "bank_id": "neg-es-pba-36010",
        "label_class": "0",
        "label_role": "hard_negative",
        "suggested_taxonomy": "mamoa",
        "suggested_decision": "confirm_non_castro_archaeological_hard_negative",
        "boundary_action": "Confirm mound/non-castro; do not treat as generic absence.",
        "review_status": "pending",
        "final_taxonomy": "",
        "final_decision": "",
        "name": "Medorra do Coto 1",
        "municipality": "Outeiro de Rei",
        "parish": "San Tomé de Gaioso (San Tom‚)",
        "country": "ES",
        "fusion_probability": "0.80427834",
        "fusion_rank": "147",
        "max_safety_rank": "253",
        "archetype_only_rank": "295",
        "specialist_probability": "0.89893992",
        "specialist_rank": "181",
        "specialist_mean_rank": "160",
        "rank_delta_fusion_to_max": "-106",
        "negative_type": "megalithic_mound",
        "morphology_proxy": "",
        "visual_sheet": "reports/figures/weak_label_error_review_v1/val-top-weak-negatives.png",
        "review_reason": "Weak-label negative ranked high on validation; inspect before treating it as true absence.",
        "review_notes": ""
      }
    },
    {
      "type": "Feature",
      "geometry": {
        "type": "Point",
        "coordinates": [
          -7.929725982849318,
          43.23601523050398
        ]
      },
      "properties": {
        "review_id": "err-review-0172",
        "sample_review_key": "wl-neg-neg-es-pba-30245",
        "duplicate_count": "1",
        "duplicate_queues": "val_top_weak_negatives",
        "review_priority": "P2",
        "queue": "val_top_weak_negatives",
        "priority_order": "14",
        "review_lane": "mamoa_false_positive_review",
        "dataset": "val",
        "final_split": "val",
        "sample_id": "wl-neg-neg-es-pba-30245",
        "bank_id": "neg-es-pba-30245",
        "label_class": "0",
        "label_role": "hard_negative",
        "suggested_taxonomy": "mamoa",
        "suggested_decision": "confirm_non_castro_archaeological_hard_negative",
        "boundary_action": "Confirm mound/non-castro; do not treat as generic absence.",
        "review_status": "pending",
        "final_taxonomy": "",
        "final_decision": "",
        "name": "Mámoa de Pena das Cruces",
        "municipality": "Guitiriz",
        "parish": "Os Vilares (San Vicenzo)",
        "country": "ES",
        "fusion_probability": "0.77486085",
        "fusion_rank": "168",
        "max_safety_rank": "280",
        "archetype_only_rank": "324",
        "specialist_probability": "0.90976483",
        "specialist_rank": "169",
        "specialist_mean_rank": "164",
        "rank_delta_fusion_to_max": "-112",
        "negative_type": "megalithic_mound",
        "morphology_proxy": "",
        "visual_sheet": "",
        "review_reason": "Weak-label negative ranked high on validation; inspect before treating it as true absence.",
        "review_notes": ""
      }
    },
    {
      "type": "Feature",
      "geometry": {
        "type": "Point",
        "coordinates": [
          -8.493886755582128,
          42.767404724121135
        ]
      },
      "properties": {
        "review_id": "err-review-0173",
        "sample_review_key": "wl-neg-neg-es-pba-25994",
        "duplicate_count": "1",
        "duplicate_queues": "val_top_weak_negatives",
        "review_priority": "P2",
        "queue": "val_top_weak_negatives",
        "priority_order": "15",
        "review_lane": "mamoa_false_positive_review",
        "dataset": "val",
        "final_split": "val",
        "sample_id": "wl-neg-neg-es-pba-25994",
        "bank_id": "neg-es-pba-25994",
        "label_class": "0",
        "label_role": "hard_negative",
        "suggested_taxonomy": "mamoa",
        "suggested_decision": "confirm_non_castro_archaeological_hard_negative",
        "boundary_action": "Confirm mound/non-castro; do not treat as generic absence.",
        "review_status": "pending",
        "final_taxonomy": "",
        "final_decision": "",
        "name": "Mámoa das Lagoas 3",
        "municipality": "Vedra",
        "parish": "Trobe (Santo André)",
        "country": "ES",
        "fusion_probability": "0.77278600",
        "fusion_rank": "170",
        "max_safety_rank": "91",
        "archetype_only_rank": "71",
        "specialist_probability": "0.65936932",
        "specialist_rank": "337",
        "specialist_mean_rank": "248",
        "rank_delta_fusion_to_max": "79",
        "negative_type": "megalithic_mound",
        "morphology_proxy": "",
        "visual_sheet": "",
        "review_reason": "Weak-label negative ranked high on validation; inspect before treating it as true absence.",
        "review_notes": ""
      }
    },
    {
      "type": "Feature",
      "geometry": {
        "type": "Point",
        "coordinates": [
          -7.899188895191932,
          43.1181709476038
        ]
      },
      "properties": {
        "review_id": "err-review-0174",
        "sample_review_key": "wl-neg-neg-es-pba-32009",
        "duplicate_count": "1",
        "duplicate_queues": "val_top_weak_negatives",
        "review_priority": "P2",
        "queue": "val_top_weak_negatives",
        "priority_order": "16",
        "review_lane": "mamoa_false_positive_review",
        "dataset": "val",
        "final_split": "val",
        "sample_id": "wl-neg-neg-es-pba-32009",
        "bank_id": "neg-es-pba-32009",
        "label_class": "0",
        "label_role": "hard_negative",
        "suggested_taxonomy": "mamoa",
        "suggested_decision": "confirm_non_castro_archaeological_hard_negative",
        "boundary_action": "Confirm mound/non-castro; do not treat as generic absence.",
        "review_status": "pending",
        "final_taxonomy": "",
        "final_decision": "",
        "name": "Medorra de Pegureiros 1",
        "municipality": "Guitiriz",
        "parish": "As Negradas (San Vicenzo)",
        "country": "ES",
        "fusion_probability": "0.77180555",
        "fusion_rank": "173",
        "max_safety_rank": "283",
        "archetype_only_rank": "553",
        "specialist_probability": "0.82963096",
        "specialist_rank": "232",
        "specialist_mean_rank": "191",
        "rank_delta_fusion_to_max": "-110",
        "negative_type": "megalithic_mound",
        "morphology_proxy": "",
        "visual_sheet": "",
        "review_reason": "Weak-label negative ranked high on validation; inspect before treating it as true absence.",
        "review_notes": ""
      }
    },
    {
      "type": "Feature",
      "geometry": {
        "type": "Point",
        "coordinates": [
          -7.9250203313299945,
          43.182760279517744
        ]
      },
      "properties": {
        "review_id": "err-review-0175",
        "sample_review_key": "wl-neg-neg-es-pba-32359",
        "duplicate_count": "1",
        "duplicate_queues": "val_top_weak_negatives",
        "review_priority": "P2",
        "queue": "val_top_weak_negatives",
        "priority_order": "17",
        "review_lane": "mamoa_false_positive_review",
        "dataset": "val",
        "final_split": "val",
        "sample_id": "wl-neg-neg-es-pba-32359",
        "bank_id": "neg-es-pba-32359",
        "label_class": "0",
        "label_role": "hard_negative",
        "suggested_taxonomy": "mamoa",
        "suggested_decision": "confirm_non_castro_archaeological_hard_negative",
        "boundary_action": "Confirm mound/non-castro; do not treat as generic absence.",
        "review_status": "pending",
        "final_taxonomy": "",
        "final_decision": "",
        "name": "Medoña das Casillas/Augas Longas",
        "municipality": "Guitiriz",
        "parish": "Santa Mariña de Lagostelle (Santa Mariña)",
        "country": "ES",
        "fusion_probability": "0.76339119",
        "fusion_rank": "177",
        "max_safety_rank": "239",
        "archetype_only_rank": "187",
        "specialist_probability": "0.85779022",
        "specialist_rank": "209",
        "specialist_mean_rank": "185",
        "rank_delta_fusion_to_max": "-62",
        "negative_type": "megalithic_mound",
        "morphology_proxy": "",
        "visual_sheet": "",
        "review_reason": "Weak-label negative ranked high on validation; inspect before treating it as true absence.",
        "review_notes": ""
      }
    },
    {
      "type": "Feature",
      "geometry": {
        "type": "Point",
        "coordinates": [
          -6.9875412685714835,
          43.13781590194546
        ]
      },
      "properties": {
        "review_id": "err-review-0176",
        "sample_review_key": "wl-neg-neg-es-pba-31139",
        "duplicate_count": "1",
        "duplicate_queues": "val_top_weak_negatives",
        "review_priority": "P2",
        "queue": "val_top_weak_negatives",
        "priority_order": "18",
        "review_lane": "mamoa_false_positive_review",
        "dataset": "val",
        "final_split": "val",
        "sample_id": "wl-neg-neg-es-pba-31139",
        "bank_id": "neg-es-pba-31139",
        "label_class": "0",
        "label_role": "hard_negative",
        "suggested_taxonomy": "mamoa",
        "suggested_decision": "confirm_non_castro_archaeological_hard_negative",
        "boundary_action": "Confirm mound/non-castro; do not treat as generic absence.",
        "review_status": "pending",
        "final_taxonomy": "",
        "final_decision": "",
        "name": "Medorra de Casacabreira 5",
        "municipality": "A Fonsagrada",
        "parish": "Monteseiro (San Bartolo)",
        "country": "ES",
        "fusion_probability": "0.75911639",
        "fusion_rank": "178",
        "max_safety_rank": "293",
        "archetype_only_rank": "434",
        "specialist_probability": "0.87167827",
        "specialist_rank": "199",
        "specialist_mean_rank": "179",
        "rank_delta_fusion_to_max": "-115",
        "negative_type": "megalithic_mound",
        "morphology_proxy": "",
        "visual_sheet": "",
        "review_reason": "Weak-label negative ranked high on validation; inspect before treating it as true absence.",
        "review_notes": ""
      }
    },
    {
      "type": "Feature",
      "geometry": {
        "type": "Point",
        "coordinates": [
          -7.531829204219744,
          43.12087868618973
        ]
      },
      "properties": {
        "review_id": "err-review-0177",
        "sample_review_key": "wl-neg-neg-es-pba-35996",
        "duplicate_count": "1",
        "duplicate_queues": "val_top_weak_negatives",
        "review_priority": "P2",
        "queue": "val_top_weak_negatives",
        "priority_order": "19",
        "review_lane": "mamoa_false_positive_review",
        "dataset": "val",
        "final_split": "val",
        "sample_id": "wl-neg-neg-es-pba-35996",
        "bank_id": "neg-es-pba-35996",
        "label_class": "0",
        "label_role": "hard_negative",
        "suggested_taxonomy": "mamoa",
        "suggested_decision": "confirm_non_castro_archaeological_hard_negative",
        "boundary_action": "Confirm mound/non-castro; do not treat as generic absence.",
        "review_status": "pending",
        "final_taxonomy": "",
        "final_decision": "",
        "name": "A Medorra",
        "municipality": "Outeiro de Rei",
        "parish": "Sobrada de Aguiar (Santa María Madanela)",
        "country": "ES",
        "fusion_probability": "0.75530238",
        "fusion_rank": "181",
        "max_safety_rank": "297",
        "archetype_only_rank": "761",
        "specialist_probability": "0.58172379",
        "specialist_rank": "398",
        "specialist_mean_rank": "277",
        "rank_delta_fusion_to_max": "-116",
        "negative_type": "megalithic_mound",
        "morphology_proxy": "",
        "visual_sheet": "",
        "review_reason": "Weak-label negative ranked high on validation; inspect before treating it as true absence.",
        "review_notes": ""
      }
    },
    {
      "type": "Feature",
      "geometry": {
        "type": "Point",
        "coordinates": [
          -7.867486695481756,
          43.27278766875673
        ]
      },
      "properties": {
        "review_id": "err-review-0178",
        "sample_review_key": "wl-neg-neg-es-pba-32355",
        "duplicate_count": "1",
        "duplicate_queues": "val_top_weak_negatives",
        "review_priority": "P2",
        "queue": "val_top_weak_negatives",
        "priority_order": "20",
        "review_lane": "mamoa_false_positive_review",
        "dataset": "val",
        "final_split": "val",
        "sample_id": "wl-neg-neg-es-pba-32355",
        "bank_id": "neg-es-pba-32355",
        "label_class": "0",
        "label_role": "hard_negative",
        "suggested_taxonomy": "mamoa",
        "suggested_decision": "confirm_non_castro_archaeological_hard_negative",
        "boundary_action": "Confirm mound/non-castro; do not treat as generic absence.",
        "review_status": "pending",
        "final_taxonomy": "",
        "final_decision": "",
        "name": "Medoña da Roza da Modia Grande II-2",
        "municipality": "Guitiriz",
        "parish": "O Buriz (San Pedro)",
        "country": "ES",
        "fusion_probability": "0.75354110",
        "fusion_rank": "184",
        "max_safety_rank": "300",
        "archetype_only_rank": "1454",
        "specialist_probability": "0.74750594",
        "specialist_rank": "278",
        "specialist_mean_rank": "227",
        "rank_delta_fusion_to_max": "-116",
        "negative_type": "megalithic_mound",
        "morphology_proxy": "",
        "visual_sheet": "",
        "review_reason": "Weak-label negative ranked high on validation; inspect before treating it as true absence.",
        "review_notes": ""
      }
    },
    {
      "type": "Feature",
      "geometry": {
        "type": "Point",
        "coordinates": [
          -8.90197271317079,
          42.540075125345126
        ]
      },
      "properties": {
        "review_id": "err-review-0179",
        "sample_review_key": "wl-neg-neg-es-pba-80002",
        "duplicate_count": "1",
        "duplicate_queues": "val_top_weak_negatives",
        "review_priority": "P2",
        "queue": "val_top_weak_negatives",
        "priority_order": "23",
        "review_lane": "mamoa_false_positive_review",
        "dataset": "val",
        "final_split": "val",
        "sample_id": "wl-neg-neg-es-pba-80002",
        "bank_id": "neg-es-pba-80002",
        "label_class": "0",
        "label_role": "hard_negative",
        "suggested_taxonomy": "mamoa",
        "suggested_decision": "confirm_non_castro_archaeological_hard_negative",
        "boundary_action": "Confirm mound/non-castro; do not treat as generic absence.",
        "review_status": "pending",
        "final_taxonomy": "",
        "final_decision": "",
        "name": "Mámoa de Guidoiro Areoso 2",
        "municipality": "A Illa de Arousa",
        "parish": "A Illa de Arousa (San Xulián)",
        "country": "ES",
        "fusion_probability": "0.73816493",
        "fusion_rank": "192",
        "max_safety_rank": "4",
        "archetype_only_rank": "4",
        "specialist_probability": "0.50542400",
        "specialist_rank": "477",
        "specialist_mean_rank": "320",
        "rank_delta_fusion_to_max": "188",
        "negative_type": "megalithic_mound",
        "morphology_proxy": "",
        "visual_sheet": "",
        "review_reason": "Weak-label negative ranked high on validation; inspect before treating it as true absence.",
        "review_notes": ""
      }
    },
    {
      "type": "Feature",
      "geometry": {
        "type": "Point",
        "coordinates": [
          -7.50598279378342,
          43.13254542210238
        ]
      },
      "properties": {
        "review_id": "err-review-0180",
        "sample_review_key": "wl-neg-neg-es-pba-35900",
        "duplicate_count": "1",
        "duplicate_queues": "val_top_weak_negatives",
        "review_priority": "P2",
        "queue": "val_top_weak_negatives",
        "priority_order": "24",
        "review_lane": "mamoa_false_positive_review",
        "dataset": "val",
        "final_split": "val",
        "sample_id": "wl-neg-neg-es-pba-35900",
        "bank_id": "neg-es-pba-35900",
        "label_class": "0",
        "label_role": "hard_negative",
        "suggested_taxonomy": "mamoa",
        "suggested_decision": "confirm_non_castro_archaeological_hard_negative",
        "boundary_action": "Confirm mound/non-castro; do not treat as generic absence.",
        "review_status": "pending",
        "final_taxonomy": "",
        "final_decision": "",
        "name": "Medorra de Rozas/Rozas de Tumbo 3",
        "municipality": "Outeiro de Rei",
        "parish": "Arcos (San Pedro)",
        "country": "ES",
        "fusion_probability": "0.73519209",
        "fusion_rank": "196",
        "max_safety_rank": "103",
        "archetype_only_rank": "84",
        "specialist_probability": "0.68993650",
        "specialist_rank": "316",
        "specialist_mean_rank": "251",
        "rank_delta_fusion_to_max": "93",
        "negative_type": "megalithic_mound",
        "morphology_proxy": "",
        "visual_sheet": "",
        "review_reason": "Weak-label negative ranked high on validation; inspect before treating it as true absence.",
        "review_notes": ""
      }
    },
    {
      "type": "Feature",
      "geometry": {
        "type": "Point",
        "coordinates": [
          -8.406332823630136,
          42.708234080468785
        ]
      },
      "properties": {
        "review_id": "err-review-0181",
        "sample_review_key": "wl-neg-neg-es-pba-64437",
        "duplicate_count": "1",
        "duplicate_queues": "val_top_weak_negatives",
        "review_priority": "P2",
        "queue": "val_top_weak_negatives",
        "priority_order": "25",
        "review_lane": "mamoa_false_positive_review",
        "dataset": "val",
        "final_split": "val",
        "sample_id": "wl-neg-neg-es-pba-64437",
        "bank_id": "neg-es-pba-64437",
        "label_class": "0",
        "label_role": "hard_negative",
        "suggested_taxonomy": "mamoa",
        "suggested_decision": "confirm_non_castro_archaeological_hard_negative",
        "boundary_action": "Confirm mound/non-castro; do not treat as generic absence.",
        "review_status": "pending",
        "final_taxonomy": "",
        "final_decision": "",
        "name": "Mámoa do Foxo",
        "municipality": "A Estrada",
        "parish": "San Pedro de Ancorados (San Pedro)",
        "country": "ES",
        "fusion_probability": "0.73110196",
        "fusion_rank": "198",
        "max_safety_rank": "216",
        "archetype_only_rank": "173",
        "specialist_probability": "0.74161111",
        "specialist_rank": "283",
        "specialist_mean_rank": "235",
        "rank_delta_fusion_to_max": "-18",
        "negative_type": "megalithic_mound",
        "morphology_proxy": "",
        "visual_sheet": "",
        "review_reason": "Weak-label negative ranked high on validation; inspect before treating it as true absence.",
        "review_notes": ""
      }
    },
    {
      "type": "Feature",
      "geometry": {
        "type": "Point",
        "coordinates": [
          -7.937343721782106,
          43.17452091215594
        ]
      },
      "properties": {
        "review_id": "err-review-0182",
        "sample_review_key": "wl-neg-neg-es-pba-30159",
        "duplicate_count": "1",
        "duplicate_queues": "val_top_weak_negatives",
        "review_priority": "P2",
        "queue": "val_top_weak_negatives",
        "priority_order": "26",
        "review_lane": "mamoa_false_positive_review",
        "dataset": "val",
        "final_split": "val",
        "sample_id": "wl-neg-neg-es-pba-30159",
        "bank_id": "neg-es-pba-30159",
        "label_class": "0",
        "label_role": "hard_negative",
        "suggested_taxonomy": "mamoa",
        "suggested_decision": "confirm_non_castro_archaeological_hard_negative",
        "boundary_action": "Confirm mound/non-castro; do not treat as generic absence.",
        "review_status": "pending",
        "final_taxonomy": "",
        "final_decision": "",
        "name": "Mámoa de Xur da Medoña 2",
        "municipality": "Guitiriz",
        "parish": "Santa Mariña de Lagostelle (Santa Mariña)",
        "country": "ES",
        "fusion_probability": "0.72691003",
        "fusion_rank": "201",
        "max_safety_rank": "322",
        "archetype_only_rank": "424",
        "specialist_probability": "0.73546165",
        "specialist_rank": "288",
        "specialist_mean_rank": "241",
        "rank_delta_fusion_to_max": "-121",
        "negative_type": "megalithic_mound",
        "morphology_proxy": "",
        "visual_sheet": "",
        "review_reason": "Weak-label negative ranked high on validation; inspect before treating it as true absence.",
        "review_notes": ""
      }
    },
    {
      "type": "Feature",
      "geometry": {
        "type": "Point",
        "coordinates": [
          -8.900351310780719,
          42.54113641391665
        ]
      },
      "properties": {
        "review_id": "err-review-0183",
        "sample_review_key": "wl-neg-neg-es-pba-80005",
        "duplicate_count": "1",
        "duplicate_queues": "val_top_weak_negatives",
        "review_priority": "P2",
        "queue": "val_top_weak_negatives",
        "priority_order": "27",
        "review_lane": "mamoa_false_positive_review",
        "dataset": "val",
        "final_split": "val",
        "sample_id": "wl-neg-neg-es-pba-80005",
        "bank_id": "neg-es-pba-80005",
        "label_class": "0",
        "label_role": "hard_negative",
        "suggested_taxonomy": "mamoa",
        "suggested_decision": "confirm_non_castro_archaeological_hard_negative",
        "boundary_action": "Confirm mound/non-castro; do not treat as generic absence.",
        "review_status": "pending",
        "final_taxonomy": "",
        "final_decision": "",
        "name": "Mámoa de Guidoiro Areoso 5",
        "municipality": "A Illa de Arousa",
        "parish": "A Illa de Arousa (San Xulián)",
        "country": "ES",
        "fusion_probability": "0.72393571",
        "fusion_rank": "203",
        "max_safety_rank": "15",
        "archetype_only_rank": "15",
        "specialist_probability": "0.77331988",
        "specialist_rank": "262",
        "specialist_mean_rank": "229",
        "rank_delta_fusion_to_max": "188",
        "negative_type": "megalithic_mound",
        "morphology_proxy": "",
        "visual_sheet": "",
        "review_reason": "Weak-label negative ranked high on validation; inspect before treating it as true absence.",
        "review_notes": ""
      }
    },
    {
      "type": "Feature",
      "geometry": {
        "type": "Point",
        "coordinates": [
          -7.891449794843485,
          43.24239452816248
        ]
      },
      "properties": {
        "review_id": "err-review-0184",
        "sample_review_key": "wl-neg-neg-es-pba-32436",
        "duplicate_count": "1",
        "duplicate_queues": "val_top_weak_negatives",
        "review_priority": "P2",
        "queue": "val_top_weak_negatives",
        "priority_order": "28",
        "review_lane": "mamoa_false_positive_review",
        "dataset": "val",
        "final_split": "val",
        "sample_id": "wl-neg-neg-es-pba-32436",
        "bank_id": "neg-es-pba-32436",
        "label_class": "0",
        "label_role": "hard_negative",
        "suggested_taxonomy": "mamoa",
        "suggested_decision": "confirm_non_castro_archaeological_hard_negative",
        "boundary_action": "Confirm mound/non-castro; do not treat as generic absence.",
        "review_status": "pending",
        "final_taxonomy": "",
        "final_decision": "",
        "name": "Medoña de Pena Redonda",
        "municipality": "Guitiriz",
        "parish": "Os Vilares (San Vicenzo)",
        "country": "ES",
        "fusion_probability": "0.71648085",
        "fusion_rank": "209",
        "max_safety_rank": "338",
        "archetype_only_rank": "679",
        "specialist_probability": "0.53098677",
        "specialist_rank": "452",
        "specialist_mean_rank": "316",
        "rank_delta_fusion_to_max": "-129",
        "negative_type": "megalithic_mound",
        "morphology_proxy": "",
        "visual_sheet": "",
        "review_reason": "Weak-label negative ranked high on validation; inspect before treating it as true absence.",
        "review_notes": ""
      }
    },
    {
      "type": "Feature",
      "geometry": {
        "type": "Point",
        "coordinates": [
          -7.06827325699685,
          43.01844401405456
        ]
      },
      "properties": {
        "review_id": "err-review-0185",
        "sample_review_key": "wl-neg-neg-es-pba-30909",
        "duplicate_count": "1",
        "duplicate_queues": "val_top_weak_negatives",
        "review_priority": "P2",
        "queue": "val_top_weak_negatives",
        "priority_order": "29",
        "review_lane": "mamoa_false_positive_review",
        "dataset": "val",
        "final_split": "val",
        "sample_id": "wl-neg-neg-es-pba-30909",
        "bank_id": "neg-es-pba-30909",
        "label_class": "0",
        "label_role": "hard_negative",
        "suggested_taxonomy": "mamoa",
        "suggested_decision": "confirm_non_castro_archaeological_hard_negative",
        "boundary_action": "Confirm mound/non-castro; do not treat as generic absence.",
        "review_status": "pending",
        "final_taxonomy": "",
        "final_decision": "",
        "name": "Medorra da Campa do Searo",
        "municipality": "A Fonsagrada",
        "parish": "Lamas de Moreira (Santa María)",
        "country": "ES",
        "fusion_probability": "0.71483259",
        "fusion_rank": "211",
        "max_safety_rank": "341",
        "archetype_only_rank": "736",
        "specialist_probability": "0.70709184",
        "specialist_rank": "300",
        "specialist_mean_rank": "254",
        "rank_delta_fusion_to_max": "-130",
        "negative_type": "megalithic_mound",
        "morphology_proxy": "",
        "visual_sheet": "",
        "review_reason": "Weak-label negative ranked high on validation; inspect before treating it as true absence.",
        "review_notes": ""
      }
    },
    {
      "type": "Feature",
      "geometry": {
        "type": "Point",
        "coordinates": [
          -7.071120611540378,
          43.257955505476644
        ]
      },
      "properties": {
        "review_id": "err-review-0186",
        "sample_review_key": "wl-neg-neg-es-pba-30880",
        "duplicate_count": "1",
        "duplicate_queues": "val_top_weak_negatives",
        "review_priority": "P2",
        "queue": "val_top_weak_negatives",
        "priority_order": "31",
        "review_lane": "mamoa_false_positive_review",
        "dataset": "val",
        "final_split": "val",
        "sample_id": "wl-neg-neg-es-pba-30880",
        "bank_id": "neg-es-pba-30880",
        "label_class": "0",
        "label_role": "hard_negative",
        "suggested_taxonomy": "mamoa",
        "suggested_decision": "confirm_non_castro_archaeological_hard_negative",
        "boundary_action": "Confirm mound/non-castro; do not treat as generic absence.",
        "review_status": "pending",
        "final_taxonomy": "",
        "final_decision": "",
        "name": "Medorra do Chao do Ventorrillo 2",
        "municipality": "A Fonsagrada",
        "parish": "A Veiga de Logares (Santa María)",
        "country": "ES",
        "fusion_probability": "0.70349911",
        "fusion_rank": "219",
        "max_safety_rank": "353",
        "archetype_only_rank": "1725",
        "specialist_probability": "0.40378429",
        "specialist_rank": "591",
        "specialist_mean_rank": "381",
        "rank_delta_fusion_to_max": "-134",
        "negative_type": "megalithic_mound",
        "morphology_proxy": "",
        "visual_sheet": "",
        "review_reason": "Weak-label negative ranked high on validation; inspect before treating it as true absence.",
        "review_notes": ""
      }
    },
    {
      "type": "Feature",
      "geometry": {
        "type": "Point",
        "coordinates": [
          -8.030889164536855,
          43.3091116271125
        ]
      },
      "properties": {
        "review_id": "err-review-0187",
        "sample_review_key": "wl-neg-neg-es-pba-13816",
        "duplicate_count": "1",
        "duplicate_queues": "val_top_weak_negatives",
        "review_priority": "P2",
        "queue": "val_top_weak_negatives",
        "priority_order": "33",
        "review_lane": "mamoa_false_positive_review",
        "dataset": "val",
        "final_split": "val",
        "sample_id": "wl-neg-neg-es-pba-13816",
        "bank_id": "neg-es-pba-13816",
        "label_class": "0",
        "label_role": "hard_negative",
        "suggested_taxonomy": "mamoa",
        "suggested_decision": "confirm_non_castro_archaeological_hard_negative",
        "boundary_action": "Confirm mound/non-castro; do not treat as generic absence.",
        "review_status": "pending",
        "final_taxonomy": "",
        "final_decision": "",
        "name": "Mámoa do Xestal 4",
        "municipality": "Monfero",
        "parish": "San Fiz de Monfero (San Fiz)",
        "country": "ES",
        "fusion_probability": "0.69394935",
        "fusion_rank": "228",
        "max_safety_rank": "361",
        "archetype_only_rank": "358",
        "specialist_probability": "0.77637012",
        "specialist_rank": "260",
        "specialist_mean_rank": "237",
        "rank_delta_fusion_to_max": "-133",
        "negative_type": "megalithic_mound",
        "morphology_proxy": "",
        "visual_sheet": "",
        "review_reason": "Weak-label negative ranked high on validation; inspect before treating it as true absence.",
        "review_notes": ""
      }
    },
    {
      "type": "Feature",
      "geometry": {
        "type": "Point",
        "coordinates": [
          -8.466344549600262,
          42.76531432369038
        ]
      },
      "properties": {
        "review_id": "err-review-0188",
        "sample_review_key": "wl-neg-neg-es-pba-26548",
        "duplicate_count": "1",
        "duplicate_queues": "val_top_weak_negatives",
        "review_priority": "P2",
        "queue": "val_top_weak_negatives",
        "priority_order": "34",
        "review_lane": "mamoa_false_positive_review",
        "dataset": "val",
        "final_split": "val",
        "sample_id": "wl-neg-neg-es-pba-26548",
        "bank_id": "neg-es-pba-26548",
        "label_class": "0",
        "label_role": "hard_negative",
        "suggested_taxonomy": "mamoa",
        "suggested_decision": "confirm_non_castro_archaeological_hard_negative",
        "boundary_action": "Confirm mound/non-castro; do not treat as generic absence.",
        "review_status": "pending",
        "final_taxonomy": "",
        "final_decision": "",
        "name": "Mámoa 1 de Cimadevila",
        "municipality": "Vedra",
        "parish": "San Miguel de Sarandón (San Miguel)",
        "country": "ES",
        "fusion_probability": "0.69287377",
        "fusion_rank": "230",
        "max_safety_rank": "362",
        "archetype_only_rank": "1038",
        "specialist_probability": "0.64363671",
        "specialist_rank": "350",
        "specialist_mean_rank": "279",
        "rank_delta_fusion_to_max": "-132",
        "negative_type": "megalithic_mound",
        "morphology_proxy": "",
        "visual_sheet": "",
        "review_reason": "Weak-label negative ranked high on validation; inspect before treating it as true absence.",
        "review_notes": ""
      }
    },
    {
      "type": "Feature",
      "geometry": {
        "type": "Point",
        "coordinates": [
          -7.75978933722244,
          43.208866326831306
        ]
      },
      "properties": {
        "review_id": "err-review-0189",
        "sample_review_key": "wl-neg-neg-es-pba-32430",
        "duplicate_count": "1",
        "duplicate_queues": "val_top_weak_negatives",
        "review_priority": "P2",
        "queue": "val_top_weak_negatives",
        "priority_order": "35",
        "review_lane": "mamoa_false_positive_review",
        "dataset": "val",
        "final_split": "val",
        "sample_id": "wl-neg-neg-es-pba-32430",
        "bank_id": "neg-es-pba-32430",
        "label_class": "0",
        "label_role": "hard_negative",
        "suggested_taxonomy": "mamoa",
        "suggested_decision": "confirm_non_castro_archaeological_hard_negative",
        "boundary_action": "Confirm mound/non-castro; do not treat as generic absence.",
        "review_status": "pending",
        "final_taxonomy": "",
        "final_decision": "",
        "name": "Medoña de Pena Blanca 1",
        "municipality": "Guitiriz",
        "parish": "Pígara (San Pedro)",
        "country": "ES",
        "fusion_probability": "0.69080342",
        "fusion_rank": "232",
        "max_safety_rank": "364",
        "archetype_only_rank": "319",
        "specialist_probability": "0.82657841",
        "specialist_rank": "234",
        "specialist_mean_rank": "220",
        "rank_delta_fusion_to_max": "-132",
        "negative_type": "megalithic_mound",
        "morphology_proxy": "",
        "visual_sheet": "",
        "review_reason": "Weak-label negative ranked high on validation; inspect before treating it as true absence.",
        "review_notes": ""
      }
    },
    {
      "type": "Feature",
      "geometry": {
        "type": "Point",
        "coordinates": [
          -7.883610097690049,
          43.244976494365645
        ]
      },
      "properties": {
        "review_id": "err-review-0190",
        "sample_review_key": "wl-neg-neg-es-pba-32275",
        "duplicate_count": "1",
        "duplicate_queues": "val_top_weak_negatives",
        "review_priority": "P2",
        "queue": "val_top_weak_negatives",
        "priority_order": "36",
        "review_lane": "mamoa_false_positive_review",
        "dataset": "val",
        "final_split": "val",
        "sample_id": "wl-neg-neg-es-pba-32275",
        "bank_id": "neg-es-pba-32275",
        "label_class": "0",
        "label_role": "hard_negative",
        "suggested_taxonomy": "mamoa",
        "suggested_decision": "confirm_non_castro_archaeological_hard_negative",
        "boundary_action": "Confirm mound/non-castro; do not treat as generic absence.",
        "review_status": "pending",
        "final_taxonomy": "",
        "final_decision": "",
        "name": "Mámoas (Reboiras)",
        "municipality": "Guitiriz",
        "parish": "Os Vilares (San Vicenzo)",
        "country": "ES",
        "fusion_probability": "0.68707982",
        "fusion_rank": "233",
        "max_safety_rank": "368",
        "archetype_only_rank": "1257",
        "specialist_probability": "0.43989777",
        "specialist_rank": "539",
        "specialist_mean_rank": "369",
        "rank_delta_fusion_to_max": "-135",
        "negative_type": "megalithic_mound",
        "morphology_proxy": "",
        "visual_sheet": "",
        "review_reason": "Weak-label negative ranked high on validation; inspect before treating it as true absence.",
        "review_notes": ""
      }
    },
    {
      "type": "Feature",
      "geometry": {
        "type": "Point",
        "coordinates": [
          -8.074840109067422,
          43.347014172107265
        ]
      },
      "properties": {
        "review_id": "err-review-0191",
        "sample_review_key": "wl-neg-neg-es-pba-13695",
        "duplicate_count": "1",
        "duplicate_queues": "val_top_weak_negatives",
        "review_priority": "P2",
        "queue": "val_top_weak_negatives",
        "priority_order": "37",
        "review_lane": "mamoa_false_positive_review",
        "dataset": "val",
        "final_split": "val",
        "sample_id": "wl-neg-neg-es-pba-13695",
        "bank_id": "neg-es-pba-13695",
        "label_class": "0",
        "label_role": "hard_negative",
        "suggested_taxonomy": "mamoa",
        "suggested_decision": "confirm_non_castro_archaeological_hard_negative",
        "boundary_action": "Confirm mound/non-castro; do not treat as generic absence.",
        "review_status": "pending",
        "final_taxonomy": "",
        "final_decision": "",
        "name": "Mámoa da Cruz de Goente",
        "municipality": "Monfero",
        "parish": "San Fiz de Monfero (San Fiz)",
        "country": "ES",
        "fusion_probability": "0.68612139",
        "fusion_rank": "234",
        "max_safety_rank": "370",
        "archetype_only_rank": "659",
        "specialist_probability": "0.68774869",
        "specialist_rank": "319",
        "specialist_mean_rank": "265",
        "rank_delta_fusion_to_max": "-136",
        "negative_type": "megalithic_mound",
        "morphology_proxy": "",
        "visual_sheet": "",
        "review_reason": "Weak-label negative ranked high on validation; inspect before treating it as true absence.",
        "review_notes": ""
      }
    },
    {
      "type": "Feature",
      "geometry": {
        "type": "Point",
        "coordinates": [
          -8.366643637168874,
          43.004501975218005
        ]
      },
      "properties": {
        "review_id": "err-review-0192",
        "sample_review_key": "wl-neg-neg-es-pba-15476",
        "duplicate_count": "1",
        "duplicate_queues": "val_top_weak_negatives",
        "review_priority": "P2",
        "queue": "val_top_weak_negatives",
        "priority_order": "38",
        "review_lane": "mamoa_false_positive_review",
        "dataset": "val",
        "final_split": "val",
        "sample_id": "wl-neg-neg-es-pba-15476",
        "bank_id": "neg-es-pba-15476",
        "label_class": "0",
        "label_role": "hard_negative",
        "suggested_taxonomy": "mamoa",
        "suggested_decision": "confirm_non_castro_archaeological_hard_negative",
        "boundary_action": "Confirm mound/non-castro; do not treat as generic absence.",
        "review_status": "pending",
        "final_taxonomy": "",
        "final_decision": "",
        "name": "A Medorra/O Petón/Mámoa do Petón 2",
        "municipality": "Oroso",
        "parish": "Senra (Santa Eulalia)",
        "country": "ES",
        "fusion_probability": "0.68242550",
        "fusion_rank": "237",
        "max_safety_rank": "375",
        "archetype_only_rank": "816",
        "specialist_probability": "0.63486464",
        "specialist_rank": "360",
        "specialist_mean_rank": "286",
        "rank_delta_fusion_to_max": "-138",
        "negative_type": "megalithic_mound",
        "morphology_proxy": "",
        "visual_sheet": "",
        "review_reason": "Weak-label negative ranked high on validation; inspect before treating it as true absence.",
        "review_notes": ""
      }
    },
    {
      "type": "Feature",
      "geometry": {
        "type": "Point",
        "coordinates": [
          -7.855481675011344,
          43.15375852972732
        ]
      },
      "properties": {
        "review_id": "err-review-0193",
        "sample_review_key": "wl-neg-neg-es-pba-31976",
        "duplicate_count": "1",
        "duplicate_queues": "val_top_weak_negatives",
        "review_priority": "P2",
        "queue": "val_top_weak_negatives",
        "priority_order": "39",
        "review_lane": "mamoa_false_positive_review",
        "dataset": "val",
        "final_split": "val",
        "sample_id": "wl-neg-neg-es-pba-31976",
        "bank_id": "neg-es-pba-31976",
        "label_class": "0",
        "label_role": "hard_negative",
        "suggested_taxonomy": "mamoa",
        "suggested_decision": "confirm_non_castro_archaeological_hard_negative",
        "boundary_action": "Confirm mound/non-castro; do not treat as generic absence.",
        "review_status": "pending",
        "final_taxonomy": "",
        "final_decision": "",
        "name": "Medorra de Gandarón 2",
        "municipality": "Guitiriz",
        "parish": "Becín (San Xiao)",
        "country": "ES",
        "fusion_probability": "0.68129912",
        "fusion_rank": "238",
        "max_safety_rank": "378",
        "archetype_only_rank": "686",
        "specialist_probability": "0.52039740",
        "specialist_rank": "460",
        "specialist_mean_rank": "335",
        "rank_delta_fusion_to_max": "-140",
        "negative_type": "megalithic_mound",
        "morphology_proxy": "",
        "visual_sheet": "",
        "review_reason": "Weak-label negative ranked high on validation; inspect before treating it as true absence.",
        "review_notes": ""
      }
    },
    {
      "type": "Feature",
      "geometry": {
        "type": "Point",
        "coordinates": [
          -8.220496341937512,
          42.23069313705975
        ]
      },
      "properties": {
        "review_id": "err-review-0194",
        "sample_review_key": "wl-neg-neg-es-pba-63336",
        "duplicate_count": "1",
        "duplicate_queues": "val_top_weak_negatives",
        "review_priority": "P2",
        "queue": "val_top_weak_negatives",
        "priority_order": "40",
        "review_lane": "mamoa_false_positive_review",
        "dataset": "val",
        "final_split": "val",
        "sample_id": "wl-neg-neg-es-pba-63336",
        "bank_id": "neg-es-pba-63336",
        "label_class": "0",
        "label_role": "hard_negative",
        "suggested_taxonomy": "mamoa",
        "suggested_decision": "confirm_non_castro_archaeological_hard_negative",
        "boundary_action": "Confirm mound/non-castro; do not treat as generic absence.",
        "review_status": "pending",
        "final_taxonomy": "",
        "final_decision": "",
        "name": "Mámoa de Marco Pedroso 04",
        "municipality": "A Cañiza",
        "parish": "A Ameixeira (San Bernabeu)",
        "country": "ES",
        "fusion_probability": "0.67459730",
        "fusion_rank": "240",
        "max_safety_rank": "383",
        "archetype_only_rank": "629",
        "specialist_probability": "0.66493655",
        "specialist_rank": "334",
        "specialist_mean_rank": "276",
        "rank_delta_fusion_to_max": "-143",
        "negative_type": "megalithic_mound",
        "morphology_proxy": "",
        "visual_sheet": "",
        "review_reason": "Weak-label negative ranked high on validation; inspect before treating it as true absence.",
        "review_notes": ""
      }
    },
    {
      "type": "Feature",
      "geometry": {
        "type": "Point",
        "coordinates": [
          -6.987870223767931,
          43.138015844567306
        ]
      },
      "properties": {
        "review_id": "err-review-0195",
        "sample_review_key": "wl-neg-neg-es-pba-31105",
        "duplicate_count": "1",
        "duplicate_queues": "val_top_weak_negatives",
        "review_priority": "P2",
        "queue": "val_top_weak_negatives",
        "priority_order": "41",
        "review_lane": "mamoa_false_positive_review",
        "dataset": "val",
        "final_split": "val",
        "sample_id": "wl-neg-neg-es-pba-31105",
        "bank_id": "neg-es-pba-31105",
        "label_class": "0",
        "label_role": "hard_negative",
        "suggested_taxonomy": "mamoa",
        "suggested_decision": "confirm_non_castro_archaeological_hard_negative",
        "boundary_action": "Confirm mound/non-castro; do not treat as generic absence.",
        "review_status": "pending",
        "final_taxonomy": "",
        "final_decision": "",
        "name": "Medorra de Casacabreira 2",
        "municipality": "A Fonsagrada",
        "parish": "Monteseiro (San Bartolo)",
        "country": "ES",
        "fusion_probability": "0.67207808",
        "fusion_rank": "242",
        "max_safety_rank": "387",
        "archetype_only_rank": "646",
        "specialist_probability": "0.84059146",
        "specialist_rank": "222",
        "specialist_mean_rank": "223",
        "rank_delta_fusion_to_max": "-145",
        "negative_type": "megalithic_mound",
        "morphology_proxy": "",
        "visual_sheet": "",
        "review_reason": "Weak-label negative ranked high on validation; inspect before treating it as true absence.",
        "review_notes": ""
      }
    },
    {
      "type": "Feature",
      "geometry": {
        "type": "Point",
        "coordinates": [
          -7.824331842787302,
          43.187886383018395
        ]
      },
      "properties": {
        "review_id": "err-review-0196",
        "sample_review_key": "wl-neg-neg-es-pba-30361",
        "duplicate_count": "1",
        "duplicate_queues": "val_top_weak_negatives",
        "review_priority": "P2",
        "queue": "val_top_weak_negatives",
        "priority_order": "42",
        "review_lane": "mamoa_false_positive_review",
        "dataset": "val",
        "final_split": "val",
        "sample_id": "wl-neg-neg-es-pba-30361",
        "bank_id": "neg-es-pba-30361",
        "label_class": "0",
        "label_role": "hard_negative",
        "suggested_taxonomy": "mamoa",
        "suggested_decision": "confirm_non_castro_archaeological_hard_negative",
        "boundary_action": "Confirm mound/non-castro; do not treat as generic absence.",
        "review_status": "pending",
        "final_taxonomy": "",
        "final_decision": "",
        "name": "Mámoa de Vilanova 6",
        "municipality": "Guitiriz",
        "parish": "Trasparga (Santiago)",
        "country": "ES",
        "fusion_probability": "0.67169943",
        "fusion_rank": "243",
        "max_safety_rank": "388",
        "archetype_only_rank": "592",
        "specialist_probability": "0.90996344",
        "specialist_rank": "168",
        "specialist_mean_rank": "199",
        "rank_delta_fusion_to_max": "-145",
        "negative_type": "megalithic_mound",
        "morphology_proxy": "",
        "visual_sheet": "",
        "review_reason": "Weak-label negative ranked high on validation; inspect before treating it as true absence.",
        "review_notes": ""
      }
    },
    {
      "type": "Feature",
      "geometry": {
        "type": "Point",
        "coordinates": [
          -7.969839278131716,
          43.3229190663494
        ]
      },
      "properties": {
        "review_id": "err-review-0197",
        "sample_review_key": "wl-neg-neg-es-pba-13774",
        "duplicate_count": "1",
        "duplicate_queues": "val_top_weak_negatives",
        "review_priority": "P2",
        "queue": "val_top_weak_negatives",
        "priority_order": "44",
        "review_lane": "mamoa_false_positive_review",
        "dataset": "val",
        "final_split": "val",
        "sample_id": "wl-neg-neg-es-pba-13774",
        "bank_id": "neg-es-pba-13774",
        "label_class": "0",
        "label_role": "hard_negative",
        "suggested_taxonomy": "mamoa",
        "suggested_decision": "confirm_non_castro_archaeological_hard_negative",
        "boundary_action": "Confirm mound/non-castro; do not treat as generic absence.",
        "review_status": "pending",
        "final_taxonomy": "",
        "final_decision": "",
        "name": "Mámoa do Cruceiro da Lobeta",
        "municipality": "Monfero",
        "parish": "O Val de Xestoso (San Pedro)",
        "country": "ES",
        "fusion_probability": "0.66934952",
        "fusion_rank": "246",
        "max_safety_rank": "391",
        "archetype_only_rank": "921",
        "specialist_probability": "0.76860823",
        "specialist_rank": "264",
        "specialist_mean_rank": "244",
        "rank_delta_fusion_to_max": "-145",
        "negative_type": "megalithic_mound",
        "morphology_proxy": "",
        "visual_sheet": "",
        "review_reason": "Weak-label negative ranked high on validation; inspect before treating it as true absence.",
        "review_notes": ""
      }
    },
    {
      "type": "Feature",
      "geometry": {
        "type": "Point",
        "coordinates": [
          -7.59543124775862,
          43.10767951370981
        ]
      },
      "properties": {
        "review_id": "err-review-0198",
        "sample_review_key": "wl-neg-neg-es-pba-35933",
        "duplicate_count": "1",
        "duplicate_queues": "val_top_weak_negatives",
        "review_priority": "P2",
        "queue": "val_top_weak_negatives",
        "priority_order": "45",
        "review_lane": "mamoa_false_positive_review",
        "dataset": "val",
        "final_split": "val",
        "sample_id": "wl-neg-neg-es-pba-35933",
        "bank_id": "neg-es-pba-35933",
        "label_class": "0",
        "label_role": "hard_negative",
        "suggested_taxonomy": "mamoa",
        "suggested_decision": "confirm_non_castro_archaeological_hard_negative",
        "boundary_action": "Confirm mound/non-castro; do not treat as generic absence.",
        "review_status": "pending",
        "final_taxonomy": "",
        "final_decision": "",
        "name": "Medorra do Monte de Santa Mariña 5",
        "municipality": "Outeiro de Rei",
        "parish": "Outeiro de Rei (San Xoán)",
        "country": "ES",
        "fusion_probability": "0.66859486",
        "fusion_rank": "247",
        "max_safety_rank": "50",
        "archetype_only_rank": "43",
        "specialist_probability": "0.67583732",
        "specialist_rank": "325",
        "specialist_mean_rank": "274",
        "rank_delta_fusion_to_max": "197",
        "negative_type": "megalithic_mound",
        "morphology_proxy": "",
        "visual_sheet": "",
        "review_reason": "Weak-label negative ranked high on validation; inspect before treating it as true absence.",
        "review_notes": ""
      }
    },
    {
      "type": "Feature",
      "geometry": {
        "type": "Point",
        "coordinates": [
          -7.971372197039102,
          43.32288230171318
        ]
      },
      "properties": {
        "review_id": "err-review-0199",
        "sample_review_key": "wl-neg-neg-es-pba-13694",
        "duplicate_count": "1",
        "duplicate_queues": "val_top_weak_negatives",
        "review_priority": "P2",
        "queue": "val_top_weak_negatives",
        "priority_order": "46",
        "review_lane": "mamoa_false_positive_review",
        "dataset": "val",
        "final_split": "val",
        "sample_id": "wl-neg-neg-es-pba-13694",
        "bank_id": "neg-es-pba-13694",
        "label_class": "0",
        "label_role": "hard_negative",
        "suggested_taxonomy": "mamoa",
        "suggested_decision": "confirm_non_castro_archaeological_hard_negative",
        "boundary_action": "Confirm mound/non-castro; do not treat as generic absence.",
        "review_status": "pending",
        "final_taxonomy": "",
        "final_decision": "",
        "name": "Mámoa da Cota",
        "municipality": "Monfero",
        "parish": "O Val de Xestoso (San Pedro)",
        "country": "ES",
        "fusion_probability": "0.66732874",
        "fusion_rank": "249",
        "max_safety_rank": "395",
        "archetype_only_rank": "1222",
        "specialist_probability": "0.81057429",
        "specialist_rank": "242",
        "specialist_mean_rank": "234",
        "rank_delta_fusion_to_max": "-146",
        "negative_type": "megalithic_mound",
        "morphology_proxy": "",
        "visual_sheet": "",
        "review_reason": "Weak-label negative ranked high on validation; inspect before treating it as true absence.",
        "review_notes": ""
      }
    },
    {
      "type": "Feature",
      "geometry": {
        "type": "Point",
        "coordinates": [
          -7.713121400356126,
          43.10649094317678
        ]
      },
      "properties": {
        "review_id": "err-review-0200",
        "sample_review_key": "wl-neg-neg-es-pba-36011",
        "duplicate_count": "1",
        "duplicate_queues": "val_top_weak_negatives",
        "review_priority": "P2",
        "queue": "val_top_weak_negatives",
        "priority_order": "47",
        "review_lane": "mamoa_false_positive_review",
        "dataset": "val",
        "final_split": "val",
        "sample_id": "wl-neg-neg-es-pba-36011",
        "bank_id": "neg-es-pba-36011",
        "label_class": "0",
        "label_role": "hard_negative",
        "suggested_taxonomy": "mamoa",
        "suggested_decision": "confirm_non_castro_archaeological_hard_negative",
        "boundary_action": "Confirm mound/non-castro; do not treat as generic absence.",
        "review_status": "pending",
        "final_taxonomy": "",
        "final_decision": "",
        "name": "Medorra do Coto 2",
        "municipality": "Outeiro de Rei",
        "parish": "San Tomé de Gaioso (San Tom‚)",
        "country": "ES",
        "fusion_probability": "0.66649292",
        "fusion_rank": "250",
        "max_safety_rank": "396",
        "archetype_only_rank": "340",
        "specialist_probability": "0.82231732",
        "specialist_rank": "237",
        "specialist_mean_rank": "231",
        "rank_delta_fusion_to_max": "-146",
        "negative_type": "megalithic_mound",
        "morphology_proxy": "",
        "visual_sheet": "",
        "review_reason": "Weak-label negative ranked high on validation; inspect before treating it as true absence.",
        "review_notes": ""
      }
    },
    {
      "type": "Feature",
      "geometry": {
        "type": "Point",
        "coordinates": [
          -7.124144152830854,
          42.99843514533548
        ]
      },
      "properties": {
        "review_id": "err-review-0201",
        "sample_review_key": "wl-neg-neg-es-pba-30869",
        "duplicate_count": "1",
        "duplicate_queues": "val_top_weak_negatives",
        "review_priority": "P2",
        "queue": "val_top_weak_negatives",
        "priority_order": "48",
        "review_lane": "mamoa_false_positive_review",
        "dataset": "val",
        "final_split": "val",
        "sample_id": "wl-neg-neg-es-pba-30869",
        "bank_id": "neg-es-pba-30869",
        "label_class": "0",
        "label_role": "hard_negative",
        "suggested_taxonomy": "mamoa",
        "suggested_decision": "confirm_non_castro_archaeological_hard_negative",
        "boundary_action": "Confirm mound/non-castro; do not treat as generic absence.",
        "review_status": "pending",
        "final_taxonomy": "",
        "final_decision": "",
        "name": "Mámoa da Castañosa 1",
        "municipality": "A Fonsagrada",
        "parish": "San Pedro de Río (San Pedro)",
        "country": "ES",
        "fusion_probability": "0.66094505",
        "fusion_rank": "254",
        "max_safety_rank": "223",
        "archetype_only_rank": "177",
        "specialist_probability": "0.64104176",
        "specialist_rank": "354",
        "specialist_mean_rank": "296",
        "rank_delta_fusion_to_max": "31",
        "negative_type": "megalithic_mound",
        "morphology_proxy": "",
        "visual_sheet": "",
        "review_reason": "Weak-label negative ranked high on validation; inspect before treating it as true absence.",
        "review_notes": ""
      }
    },
    {
      "type": "Feature",
      "geometry": {
        "type": "Point",
        "coordinates": [
          -7.595728745144799,
          43.10773438009708
        ]
      },
      "properties": {
        "review_id": "err-review-0202",
        "sample_review_key": "wl-neg-neg-es-pba-35932",
        "duplicate_count": "1",
        "duplicate_queues": "val_top_weak_negatives",
        "review_priority": "P2",
        "queue": "val_top_weak_negatives",
        "priority_order": "49",
        "review_lane": "mamoa_false_positive_review",
        "dataset": "val",
        "final_split": "val",
        "sample_id": "wl-neg-neg-es-pba-35932",
        "bank_id": "neg-es-pba-35932",
        "label_class": "0",
        "label_role": "hard_negative",
        "suggested_taxonomy": "mamoa",
        "suggested_decision": "confirm_non_castro_archaeological_hard_negative",
        "boundary_action": "Confirm mound/non-castro; do not treat as generic absence.",
        "review_status": "pending",
        "final_taxonomy": "",
        "final_decision": "",
        "name": "Medorra do Monte de Santa Mariña 4",
        "municipality": "Outeiro de Rei",
        "parish": "Outeiro de Rei (San Xoán)",
        "country": "ES",
        "fusion_probability": "0.65822928",
        "fusion_rank": "257",
        "max_safety_rank": "42",
        "archetype_only_rank": "37",
        "specialist_probability": "0.66669915",
        "specialist_rank": "333",
        "specialist_mean_rank": "282",
        "rank_delta_fusion_to_max": "215",
        "negative_type": "megalithic_mound",
        "morphology_proxy": "",
        "visual_sheet": "",
        "review_reason": "Weak-label negative ranked high on validation; inspect before treating it as true absence.",
        "review_notes": ""
      }
    },
    {
      "type": "Feature",
      "geometry": {
        "type": "Point",
        "coordinates": [
          -7.649716659791161,
          43.73979523101907
        ]
      },
      "properties": {
        "review_id": "err-review-0203",
        "sample_review_key": "wl-neg-neg-es-pba-43202",
        "duplicate_count": "1",
        "duplicate_queues": "val_top_weak_negatives",
        "review_priority": "P2",
        "queue": "val_top_weak_negatives",
        "priority_order": "1",
        "review_lane": "weak_negative_review",
        "dataset": "val",
        "final_split": "val",
        "sample_id": "wl-neg-neg-es-pba-43202",
        "bank_id": "neg-es-pba-43202",
        "label_class": "0",
        "label_role": "hard_negative",
        "suggested_taxonomy": "fortificacion_historica",
        "suggested_decision": "inspect_weak_negative_no_absence_claim",
        "boundary_action": "Confirm non-castro archaeological class; keep separate from generic negatives.",
        "review_status": "pending",
        "final_taxonomy": "",
        "final_decision": "",
        "name": "O Castelo",
        "municipality": "O Vicedo",
        "parish": "San Román de Vale (San Román)",
        "country": "ES",
        "fusion_probability": "0.95035334",
        "fusion_rank": "43",
        "max_safety_rank": "90",
        "archetype_only_rank": "110",
        "specialist_probability": "0.99091364",
        "specialist_rank": "49",
        "specialist_mean_rank": "39",
        "rank_delta_fusion_to_max": "-47",
        "negative_type": "historic_fortification",
        "morphology_proxy": "",
        "visual_sheet": "reports/figures/weak_label_error_review_v1/val-top-weak-negatives.png",
        "review_reason": "Weak-label negative ranked high on validation; inspect before treating it as true absence.",
        "review_notes": ""
      }
    },
    {
      "type": "Feature",
      "geometry": {
        "type": "Point",
        "coordinates": [
          -7.744165519059862,
          42.66039310678573
        ]
      },
      "properties": {
        "review_id": "err-review-0204",
        "sample_review_key": "wl-neg-neg-es-pba-29293",
        "duplicate_count": "1",
        "duplicate_queues": "val_top_weak_negatives",
        "review_priority": "P2",
        "queue": "val_top_weak_negatives",
        "priority_order": "4",
        "review_lane": "weak_negative_review",
        "dataset": "val",
        "final_split": "val",
        "sample_id": "wl-neg-neg-es-pba-29293",
        "bank_id": "neg-es-pba-29293",
        "label_class": "0",
        "label_role": "hard_negative",
        "suggested_taxonomy": "fortificacion_historica",
        "suggested_decision": "inspect_weak_negative_no_absence_claim",
        "boundary_action": "Confirm non-castro archaeological class; keep separate from generic negatives.",
        "review_status": "pending",
        "final_taxonomy": "",
        "final_decision": "",
        "name": "O Castelo",
        "municipality": "Chantada",
        "parish": "Pedrafita (Santa Baia)",
        "country": "ES",
        "fusion_probability": "0.92009952",
        "fusion_rank": "64",
        "max_safety_rank": "131",
        "archetype_only_rank": "236",
        "specialist_probability": "0.99697517",
        "specialist_rank": "33",
        "specialist_mean_rank": "53",
        "rank_delta_fusion_to_max": "-67",
        "negative_type": "historic_fortification",
        "morphology_proxy": "",
        "visual_sheet": "reports/figures/weak_label_error_review_v1/val-top-weak-negatives.png",
        "review_reason": "Weak-label negative ranked high on validation; inspect before treating it as true absence.",
        "review_notes": ""
      }
    },
    {
      "type": "Feature",
      "geometry": {
        "type": "Point",
        "coordinates": [
          -8.81471825153696,
          42.47067040256831
        ]
      },
      "properties": {
        "review_id": "err-review-0205",
        "sample_review_key": "wl-neg-neg-es-pba-61897",
        "duplicate_count": "1",
        "duplicate_queues": "val_top_weak_negatives",
        "review_priority": "P2",
        "queue": "val_top_weak_negatives",
        "priority_order": "5",
        "review_lane": "weak_negative_review",
        "dataset": "val",
        "final_split": "val",
        "sample_id": "wl-neg-neg-es-pba-61897",
        "bank_id": "neg-es-pba-61897",
        "label_class": "0",
        "label_role": "hard_negative",
        "suggested_taxonomy": "petroglifo",
        "suggested_decision": "inspect_weak_negative_no_absence_claim",
        "boundary_action": "Confirm non-castro archaeological class; keep separate from generic negatives.",
        "review_status": "pending",
        "final_taxonomy": "",
        "final_decision": "",
        "name": "Petróglifo do Monte Castelo",
        "municipality": "Cambados",
        "parish": "Castrelo (Santa Cruz)",
        "country": "ES",
        "fusion_probability": "0.86993465",
        "fusion_rank": "98",
        "max_safety_rank": "156",
        "archetype_only_rank": "125",
        "specialist_probability": "0.90418206",
        "specialist_rank": "176",
        "specialist_mean_rank": "128",
        "rank_delta_fusion_to_max": "-58",
        "negative_type": "rock_art_surface",
        "morphology_proxy": "",
        "visual_sheet": "reports/figures/weak_label_error_review_v1/val-top-weak-negatives.png",
        "review_reason": "Weak-label negative ranked high on validation; inspect before treating it as true absence.",
        "review_notes": ""
      }
    },
    {
      "type": "Feature",
      "geometry": {
        "type": "Point",
        "coordinates": [
          -6.875323294454912,
          42.85556027213712
        ]
      },
      "properties": {
        "review_id": "err-review-0206",
        "sample_review_key": "wl-neg-neg-es-pba-29823",
        "duplicate_count": "1",
        "duplicate_queues": "val_top_weak_negatives",
        "review_priority": "P2",
        "queue": "val_top_weak_negatives",
        "priority_order": "12",
        "review_lane": "weak_negative_review",
        "dataset": "val",
        "final_split": "val",
        "sample_id": "wl-neg-neg-es-pba-29823",
        "bank_id": "neg-es-pba-29823",
        "label_class": "0",
        "label_role": "hard_negative",
        "suggested_taxonomy": "petroglifo",
        "suggested_decision": "inspect_weak_negative_no_absence_claim",
        "boundary_action": "Confirm non-castro archaeological class; keep separate from generic negatives.",
        "review_status": "pending",
        "final_taxonomy": "",
        "final_decision": "",
        "name": "Petróglifo do Piornedo",
        "municipality": "Cervantes",
        "parish": "Donís (San Fiz)",
        "country": "ES",
        "fusion_probability": "0.78691695",
        "fusion_rank": "161",
        "max_safety_rank": "271",
        "archetype_only_rank": "321",
        "specialist_probability": "0.98700966",
        "specialist_rank": "60",
        "specialist_mean_rank": "129",
        "rank_delta_fusion_to_max": "-110",
        "negative_type": "rock_art_surface",
        "morphology_proxy": "",
        "visual_sheet": "reports/figures/weak_label_error_review_v1/val-top-weak-negatives.png",
        "review_reason": "Weak-label negative ranked high on validation; inspect before treating it as true absence.",
        "review_notes": ""
      }
    },
    {
      "type": "Feature",
      "geometry": {
        "type": "Point",
        "coordinates": [
          -8.781004818344071,
          42.524376037427814
        ]
      },
      "properties": {
        "review_id": "err-review-0207",
        "sample_review_key": "wl-neg-neg-es-pba-61896",
        "duplicate_count": "1",
        "duplicate_queues": "val_top_weak_negatives",
        "review_priority": "P2",
        "queue": "val_top_weak_negatives",
        "priority_order": "13",
        "review_lane": "weak_negative_review",
        "dataset": "val",
        "final_split": "val",
        "sample_id": "wl-neg-neg-es-pba-61896",
        "bank_id": "neg-es-pba-61896",
        "label_class": "0",
        "label_role": "hard_negative",
        "suggested_taxonomy": "petroglifo",
        "suggested_decision": "inspect_weak_negative_no_absence_claim",
        "boundary_action": "Confirm non-castro archaeological class; keep separate from generic negatives.",
        "review_status": "pending",
        "final_taxonomy": "",
        "final_decision": "",
        "name": "Petróglifo do Con das Sete Pías",
        "municipality": "Cambados",
        "parish": "Oubiña (San Vicenzo)",
        "country": "ES",
        "fusion_probability": "0.78433788",
        "fusion_rank": "163",
        "max_safety_rank": "107",
        "archetype_only_rank": "86",
        "specialist_probability": "0.96567665",
        "specialist_rank": "108",
        "specialist_mean_rank": "137",
        "rank_delta_fusion_to_max": "56",
        "negative_type": "rock_art_surface",
        "morphology_proxy": "",
        "visual_sheet": "",
        "review_reason": "Weak-label negative ranked high on validation; inspect before treating it as true absence.",
        "review_notes": ""
      }
    },
    {
      "type": "Feature",
      "geometry": {
        "type": "Point",
        "coordinates": [
          -8.566589202207755,
          42.7397757840612
        ]
      },
      "properties": {
        "review_id": "err-review-0208",
        "sample_review_key": "wl-neg-neg-es-pba-64194",
        "duplicate_count": "1",
        "duplicate_queues": "val_top_weak_negatives",
        "review_priority": "P2",
        "queue": "val_top_weak_negatives",
        "priority_order": "21",
        "review_lane": "weak_negative_review",
        "dataset": "val",
        "final_split": "val",
        "sample_id": "wl-neg-neg-es-pba-64194",
        "bank_id": "neg-es-pba-64194",
        "label_class": "0",
        "label_role": "hard_negative",
        "suggested_taxonomy": "petroglifo",
        "suggested_decision": "inspect_weak_negative_no_absence_claim",
        "boundary_action": "Confirm non-castro archaeological class; keep separate from generic negatives.",
        "review_status": "pending",
        "final_taxonomy": "",
        "final_decision": "",
        "name": "Petróglifos da Quenlla dos Castiñeiros",
        "municipality": "A Estrada",
        "parish": "San Miguel de Barcala (San Miguel)",
        "country": "ES",
        "fusion_probability": "0.75138984",
        "fusion_rank": "185",
        "max_safety_rank": "302",
        "archetype_only_rank": "417",
        "specialist_probability": "0.92074188",
        "specialist_rank": "159",
        "specialist_mean_rank": "167",
        "rank_delta_fusion_to_max": "-117",
        "negative_type": "rock_art_surface",
        "morphology_proxy": "",
        "visual_sheet": "",
        "review_reason": "Weak-label negative ranked high on validation; inspect before treating it as true absence.",
        "review_notes": ""
      }
    },
    {
      "type": "Feature",
      "geometry": {
        "type": "Point",
        "coordinates": [
          -7.585296375774332,
          43.57672543262465
        ]
      },
      "properties": {
        "review_id": "err-review-0209",
        "sample_review_key": "wl-neg-neg-es-pba-35700",
        "duplicate_count": "1",
        "duplicate_queues": "val_top_weak_negatives",
        "review_priority": "P2",
        "queue": "val_top_weak_negatives",
        "priority_order": "22",
        "review_lane": "weak_negative_review",
        "dataset": "val",
        "final_split": "val",
        "sample_id": "wl-neg-neg-es-pba-35700",
        "bank_id": "neg-es-pba-35700",
        "label_class": "0",
        "label_role": "hard_negative",
        "suggested_taxonomy": "fortificacion_historica",
        "suggested_decision": "inspect_weak_negative_no_absence_claim",
        "boundary_action": "Confirm non-castro archaeological class; keep separate from generic negatives.",
        "review_status": "pending",
        "final_taxonomy": "",
        "final_decision": "",
        "name": "Castelo",
        "municipality": "Ourol",
        "parish": "Miñotos (San Pedro)",
        "country": "ES",
        "fusion_probability": "0.73981654",
        "fusion_rank": "190",
        "max_safety_rank": "170",
        "archetype_only_rank": "135",
        "specialist_probability": "0.93743203",
        "specialist_rank": "137",
        "specialist_mean_rank": "165",
        "rank_delta_fusion_to_max": "20",
        "negative_type": "historic_fortification",
        "morphology_proxy": "",
        "visual_sheet": "",
        "review_reason": "Weak-label negative ranked high on validation; inspect before treating it as true absence.",
        "review_notes": ""
      }
    },
    {
      "type": "Feature",
      "geometry": {
        "type": "Point",
        "coordinates": [
          -8.757292803906585,
          42.73678192839669
        ]
      },
      "properties": {
        "review_id": "err-review-0210",
        "sample_review_key": "wl-neg-neg-es-pba-9465",
        "duplicate_count": "1",
        "duplicate_queues": "val_top_weak_negatives",
        "review_priority": "P2",
        "queue": "val_top_weak_negatives",
        "priority_order": "30",
        "review_lane": "weak_negative_review",
        "dataset": "val",
        "final_split": "val",
        "sample_id": "wl-neg-neg-es-pba-9465",
        "bank_id": "neg-es-pba-9465",
        "label_class": "0",
        "label_role": "hard_negative",
        "suggested_taxonomy": "petroglifo",
        "suggested_decision": "inspect_weak_negative_no_absence_claim",
        "boundary_action": "Confirm non-castro archaeological class; keep separate from generic negatives.",
        "review_status": "pending",
        "final_taxonomy": "",
        "final_decision": "",
        "name": "Petróglifo de Lomba das Pozas 2",
        "municipality": "Dodro",
        "parish": "San Xoán de Laíño (San Xoán)",
        "country": "ES",
        "fusion_probability": "0.70920107",
        "fusion_rank": "217",
        "max_safety_rank": "347",
        "archetype_only_rank": "635",
        "specialist_probability": "0.67407656",
        "specialist_rank": "326",
        "specialist_mean_rank": "263",
        "rank_delta_fusion_to_max": "-130",
        "negative_type": "rock_art_surface",
        "morphology_proxy": "",
        "visual_sheet": "",
        "review_reason": "Weak-label negative ranked high on validation; inspect before treating it as true absence.",
        "review_notes": ""
      }
    },
    {
      "type": "Feature",
      "geometry": {
        "type": "Point",
        "coordinates": [
          -8.27812291767691,
          42.26108218098405
        ]
      },
      "properties": {
        "review_id": "err-review-0211",
        "sample_review_key": "wl-neg-neg-es-pba-63098",
        "duplicate_count": "1",
        "duplicate_queues": "val_top_weak_negatives",
        "review_priority": "P2",
        "queue": "val_top_weak_negatives",
        "priority_order": "32",
        "review_lane": "weak_negative_review",
        "dataset": "val",
        "final_split": "val",
        "sample_id": "wl-neg-neg-es-pba-63098",
        "bank_id": "neg-es-pba-63098",
        "label_class": "0",
        "label_role": "hard_negative",
        "suggested_taxonomy": "petroglifo",
        "suggested_decision": "inspect_weak_negative_no_absence_claim",
        "boundary_action": "Confirm non-castro archaeological class; keep separate from generic negatives.",
        "review_status": "pending",
        "final_taxonomy": "",
        "final_decision": "",
        "name": "Petróglifo do Outeiro das Cruces",
        "municipality": "A Cañiza",
        "parish": "Petán (San Xián)",
        "country": "ES",
        "fusion_probability": "0.70001865",
        "fusion_rank": "221",
        "max_safety_rank": "355",
        "archetype_only_rank": "345",
        "specialist_probability": "0.89747782",
        "specialist_rank": "185",
        "specialist_mean_rank": "194",
        "rank_delta_fusion_to_max": "-134",
        "negative_type": "rock_art_surface",
        "morphology_proxy": "",
        "visual_sheet": "",
        "review_reason": "Weak-label negative ranked high on validation; inspect before treating it as true absence.",
        "review_notes": ""
      }
    },
    {
      "type": "Feature",
      "geometry": {
        "type": "Point",
        "coordinates": [
          -8.207254928279895,
          42.24221909970552
        ]
      },
      "properties": {
        "review_id": "err-review-0212",
        "sample_review_key": "wl-neg-neg-es-pba-65072",
        "duplicate_count": "1",
        "duplicate_queues": "val_top_weak_negatives",
        "review_priority": "P2",
        "queue": "val_top_weak_negatives",
        "priority_order": "43",
        "review_lane": "weak_negative_review",
        "dataset": "val",
        "final_split": "val",
        "sample_id": "wl-neg-neg-es-pba-65072",
        "bank_id": "neg-es-pba-65072",
        "label_class": "0",
        "label_role": "hard_negative",
        "suggested_taxonomy": "petroglifo",
        "suggested_decision": "inspect_weak_negative_no_absence_claim",
        "boundary_action": "Confirm non-castro archaeological class; keep separate from generic negatives.",
        "review_status": "pending",
        "final_taxonomy": "",
        "final_decision": "",
        "name": "Petróglifo de Chan de Moeiras",
        "municipality": "Crecente",
        "parish": "Filgueira (San Pedro)",
        "country": "ES",
        "fusion_probability": "0.67071212",
        "fusion_rank": "245",
        "max_safety_rank": "294",
        "archetype_only_rank": "237",
        "specialist_probability": "0.79132685",
        "specialist_rank": "251",
        "specialist_mean_rank": "242",
        "rank_delta_fusion_to_max": "-49",
        "negative_type": "rock_art_surface",
        "morphology_proxy": "",
        "visual_sheet": "",
        "review_reason": "Weak-label negative ranked high on validation; inspect before treating it as true absence.",
        "review_notes": ""
      }
    },
    {
      "type": "Feature",
      "geometry": {
        "type": "Point",
        "coordinates": [
          -7.135345166845082,
          43.17117388616058
        ]
      },
      "properties": {
        "review_id": "err-review-0213",
        "sample_review_key": "wl-neg-neg-es-pba-31073",
        "duplicate_count": "1",
        "duplicate_queues": "val_top_weak_negatives",
        "review_priority": "P2",
        "queue": "val_top_weak_negatives",
        "priority_order": "50",
        "review_lane": "weak_negative_review",
        "dataset": "val",
        "final_split": "val",
        "sample_id": "wl-neg-neg-es-pba-31073",
        "bank_id": "neg-es-pba-31073",
        "label_class": "0",
        "label_role": "hard_negative",
        "suggested_taxonomy": "fortificacion_historica",
        "suggested_decision": "inspect_weak_negative_no_absence_claim",
        "boundary_action": "Confirm non-castro archaeological class; keep separate from generic negatives.",
        "review_status": "pending",
        "final_taxonomy": "",
        "final_decision": "",
        "name": "O Castelo/Castelo de Castañoso",
        "municipality": "A Fonsagrada",
        "parish": "Maderne (San Pedro)",
        "country": "ES",
        "fusion_probability": "0.65819049",
        "fusion_rank": "258",
        "max_safety_rank": "9",
        "archetype_only_rank": "9",
        "specialist_probability": "0.99782375",
        "specialist_rank": "28",
        "specialist_mean_rank": "175",
        "rank_delta_fusion_to_max": "249",
        "negative_type": "historic_fortification",
        "morphology_proxy": "",
        "visual_sheet": "",
        "review_reason": "Weak-label negative ranked high on validation; inspect before treating it as true absence.",
        "review_notes": ""
      }
    }
  ]
}
