export_id	tile_id	sample_id	bank_id	label_class	label_role	final_split	country	name	longitude	latitude	bbox_epsg4326	bbox_epsg25830	tile_side_m	coverage_id	wcs_base	target_dem_path	status	dem_status	actual_width_px	actual_height_px	resolution_x_m	resolution_y_m	crs	finite_fraction	dem_min_m	dem_max_m	bytes	attempts	error	wcs_url	generated_at
weak-relief-wcs-v1-00001	wl-tile-v1-09842	wl-neg-neg-pt-dgpc-109485	neg-pt-dgpc-109485	0	hard_negative	train	PT	Abobeleira	-7.489830001785641	41.757862138830525	-7.49291282,41.75556246,-7.48674718,41.76016182		512	Elevacion25830_5	https://servicios.idee.es/wcs-inspire/mdt	data/external/weak-label-relief-v1/train/negative/wl-tile-v1-09842-neg-pt-dgpc-109485-mdt5.tif	skipped	unsupported_country											WCS MDT target currently supports Spain/EPSG:25830 only		2026-08-01T00:00:00Z
weak-relief-wcs-v1-00002	wl-tile-v1-09671	wl-neg-neg-pt-dgpc-113998	neg-pt-dgpc-113998	0	hard_negative	train	PT	Albergaria de Amarante	-8.082978847149942	41.274269818167234	-8.08603872,41.27197014,-8.07991898,41.27656949		512	Elevacion25830_5	https://servicios.idee.es/wcs-inspire/mdt	data/external/weak-label-relief-v1/train/negative/wl-tile-v1-09671-neg-pt-dgpc-113998-mdt5.tif	skipped	unsupported_country											WCS MDT target currently supports Spain/EPSG:25830 only		2026-08-01T00:00:00Z
weak-relief-wcs-v1-00003	wl-tile-v1-09786	wl-neg-neg-pt-dgpc-112388	neg-pt-dgpc-112388	0	hard_negative	train	PT	Almas 1	-8.553205857286674	41.95400290331258	-8.55629814,41.95170323,-8.55011357,41.95630258		512	Elevacion25830_5	https://servicios.idee.es/wcs-inspire/mdt	data/external/weak-label-relief-v1/train/negative/wl-tile-v1-09786-neg-pt-dgpc-112388-mdt5.tif	skipped	unsupported_country											WCS MDT target currently supports Spain/EPSG:25830 only		2026-08-01T00:00:00Z
weak-relief-wcs-v1-00004	wl-tile-v1-09787	wl-neg-neg-pt-dgpc-112389	neg-pt-dgpc-112389	0	hard_negative	train	PT	Almas 2	-8.552904773365952	41.955007982851846	-8.55599711,41.95270831,-8.54981244,41.95730766		512	Elevacion25830_5	https://servicios.idee.es/wcs-inspire/mdt	data/external/weak-label-relief-v1/train/negative/wl-tile-v1-09787-neg-pt-dgpc-112389-mdt5.tif	skipped	unsupported_country											WCS MDT target currently supports Spain/EPSG:25830 only		2026-08-01T00:00:00Z
weak-relief-wcs-v1-00005	wl-tile-v1-09789	wl-neg-neg-pt-dgpc-112391	neg-pt-dgpc-112391	0	hard_negative	train	PT	Almas 3	-8.553064141079286	41.95534727281584	-8.55615649,41.95304760,-8.54997179,41.95764695		512	Elevacion25830_5	https://servicios.idee.es/wcs-inspire/mdt	data/external/weak-label-relief-v1/train/negative/wl-tile-v1-09789-neg-pt-dgpc-112391-mdt5.tif	skipped	unsupported_country											WCS MDT target currently supports Spain/EPSG:25830 only		2026-08-01T00:00:00Z
weak-relief-wcs-v1-00006	wl-tile-v1-09860	wl-neg-neg-pt-dgpc-110210	neg-pt-dgpc-110210	0	hard_negative	train	PT	Alto da Raia	-7.892501639057414	41.92646548844683	-7.89559259,41.92416581,-7.88941069,41.92876517		512	Elevacion25830_5	https://servicios.idee.es/wcs-inspire/mdt	data/external/weak-label-relief-v1/train/negative/wl-tile-v1-09860-neg-pt-dgpc-110210-mdt5.tif	skipped	unsupported_country											WCS MDT target currently supports Spain/EPSG:25830 only		2026-08-01T00:00:00Z
weak-relief-wcs-v1-00007	wl-tile-v1-09839	wl-neg-neg-pt-dgpc-109328	neg-pt-dgpc-109328	0	hard_negative	train	PT	Alto do Circo/ Faiões	-7.422593323925045	41.748913322636895	-7.42567571,41.74661365,-7.41951094,41.75121300		512	Elevacion25830_5	https://servicios.idee.es/wcs-inspire/mdt	data/external/weak-label-relief-v1/train/negative/wl-tile-v1-09839-neg-pt-dgpc-109328-mdt5.tif	skipped	unsupported_country											WCS MDT target currently supports Spain/EPSG:25830 only		2026-08-01T00:00:00Z
weak-relief-wcs-v1-00008	wl-tile-v1-09665	wl-neg-neg-pt-dgpc-105104	neg-pt-dgpc-105104	0	hard_negative	train	PT	Amarante - Calçada da Misericórdia	-8.081246915917617	41.27219252605144	-8.08430669,41.26989285,-8.07818714,41.27449220		512	Elevacion25830_5	https://servicios.idee.es/wcs-inspire/mdt	data/external/weak-label-relief-v1/train/negative/wl-tile-v1-09665-neg-pt-dgpc-105104-mdt5.tif	skipped	unsupported_country											WCS MDT target currently supports Spain/EPSG:25830 only		2026-08-01T00:00:00Z
weak-relief-wcs-v1-00009	wl-tile-v1-09673	wl-neg-neg-pt-dgpc-114810	neg-pt-dgpc-114810	0	hard_negative	train	PT	Amarante - Ponte de Santa Luzia	-8.082811750155177	41.272125516765286	-8.08587152,41.26982584,-8.07975198,41.27442519		512	Elevacion25830_5	https://servicios.idee.es/wcs-inspire/mdt	data/external/weak-label-relief-v1/train/negative/wl-tile-v1-09673-neg-pt-dgpc-114810-mdt5.tif	skipped	unsupported_country											WCS MDT target currently supports Spain/EPSG:25830 only		2026-08-01T00:00:00Z
weak-relief-wcs-v1-00010	wl-tile-v1-09533	wl-neg-neg-pt-dgpc-109231	neg-pt-dgpc-109231	0	hard_negative	train	PT	Anjo da Guarda São Miguel-o-Anjo	-8.346639411620394	41.61905339405689	-8.34971558,41.61675372,-8.34356324,41.62135307		512	Elevacion25830_5	https://servicios.idee.es/wcs-inspire/mdt	data/external/weak-label-relief-v1/train/negative/wl-tile-v1-09533-neg-pt-dgpc-109231-mdt5.tif	skipped	unsupported_country											WCS MDT target currently supports Spain/EPSG:25830 only		2026-08-01T00:00:00Z
weak-relief-wcs-v1-00011	wl-tile-v1-09859	wl-neg-neg-pt-dgpc-109575	neg-pt-dgpc-109575	0	hard_negative	train	PT	Antigo de Arcos/ Arcos-Miliário do Imperador Tibério	-7.669406113029623	41.76359693956762	-7.67248921,41.76129726,-7.66632302,41.76589662		512	Elevacion25830_5	https://servicios.idee.es/wcs-inspire/mdt	data/external/weak-label-relief-v1/train/negative/wl-tile-v1-09859-neg-pt-dgpc-109575-mdt5.tif	skipped	unsupported_country											WCS MDT target currently supports Spain/EPSG:25830 only		2026-08-01T00:00:00Z
weak-relief-wcs-v1-00012	wl-tile-v1-09626	wl-neg-neg-pt-dgpc-109367	neg-pt-dgpc-109367	0	hard_negative	train	PT	Arca	-8.445128030034828	41.628234136079726	-8.44820464,41.62593446,-8.44205142,41.63053381		512	Elevacion25830_5	https://servicios.idee.es/wcs-inspire/mdt	data/external/weak-label-relief-v1/train/negative/wl-tile-v1-09626-neg-pt-dgpc-109367-mdt5.tif	skipped	unsupported_country											WCS MDT target currently supports Spain/EPSG:25830 only		2026-08-01T00:00:00Z
weak-relief-wcs-v1-00013	wl-tile-v1-09702	wl-neg-neg-pt-dgpc-104969	neg-pt-dgpc-104969	0	hard_negative	train	PT	Arcos	-8.541789200559847	41.25697442560436	-8.54484826,41.25467475,-8.53873014,41.25927410		512	Elevacion25830_5	https://servicios.idee.es/wcs-inspire/mdt	data/external/weak-label-relief-v1/train/negative/wl-tile-v1-09702-neg-pt-dgpc-104969-mdt5.tif	skipped	unsupported_country											WCS MDT target currently supports Spain/EPSG:25830 only		2026-08-01T00:00:00Z
weak-relief-wcs-v1-00014	wl-tile-v1-09704	wl-neg-neg-pt-dgpc-106058	neg-pt-dgpc-106058	0	hard_negative	train	PT	Ardegães/ Bouça da Cova da Moura	-8.56947680757387	41.233607962743655	-8.57253477,41.23130829,-8.56641884,41.23590764		512	Elevacion25830_5	https://servicios.idee.es/wcs-inspire/mdt	data/external/weak-label-relief-v1/train/negative/wl-tile-v1-09704-neg-pt-dgpc-106058-mdt5.tif	skipped	unsupported_country											WCS MDT target currently supports Spain/EPSG:25830 only		2026-08-01T00:00:00Z
weak-relief-wcs-v1-00015	wl-tile-v1-09595	wl-neg-neg-pt-dgpc-114655	neg-pt-dgpc-114655	0	hard_negative	train	PT	Assento	-8.320148127738037	41.70572847561232	-8.32322844,41.70342880,-8.31706781,41.70802815		512	Elevacion25830_5	https://servicios.idee.es/wcs-inspire/mdt	data/external/weak-label-relief-v1/train/negative/wl-tile-v1-09595-neg-pt-dgpc-114655-mdt5.tif	skipped	unsupported_country											WCS MDT target currently supports Spain/EPSG:25830 only		2026-08-01T00:00:00Z
weak-relief-wcs-v1-00016	wl-tile-v1-09621	wl-neg-neg-pt-dgpc-107051	neg-pt-dgpc-107051	0	hard_negative	train	PT	Atalaia do Telhado	-8.4517245674111	41.43499742301069	-8.45479200,41.43269775,-8.44865713,41.43729710		512	Elevacion25830_5	https://servicios.idee.es/wcs-inspire/mdt	data/external/weak-label-relief-v1/train/negative/wl-tile-v1-09621-neg-pt-dgpc-107051-mdt5.tif	skipped	unsupported_country											WCS MDT target currently supports Spain/EPSG:25830 only		2026-08-01T00:00:00Z
weak-relief-wcs-v1-00017	wl-tile-v1-09664	wl-neg-neg-pt-dgpc-105070	neg-pt-dgpc-105070	0	hard_negative	train	PT	Ataúdes	-8.064034971842643	41.269278660387315	-8.06709461,41.26697898,-8.06097534,41.27157834		512	Elevacion25830_5	https://servicios.idee.es/wcs-inspire/mdt	data/external/weak-label-relief-v1/train/negative/wl-tile-v1-09664-neg-pt-dgpc-105070-mdt5.tif	skipped	unsupported_country											WCS MDT target currently supports Spain/EPSG:25830 only		2026-08-01T00:00:00Z
weak-relief-wcs-v1-00018	wl-tile-v1-09809	wl-neg-neg-pt-dgpc-110401	neg-pt-dgpc-110401	0	hard_negative	train	PT	Barreira	-8.580239742991134	42.038223145757485	-8.58333612,42.03592347,-8.57714336,42.04052282		512	Elevacion25830_5	https://servicios.idee.es/wcs-inspire/mdt	data/external/weak-label-relief-v1/train/negative/wl-tile-v1-09809-neg-pt-dgpc-110401-mdt5.tif	skipped	unsupported_country											WCS MDT target currently supports Spain/EPSG:25830 only		2026-08-01T00:00:00Z
weak-relief-wcs-v1-00019	wl-tile-v1-09774	wl-neg-neg-pt-dgpc-108421	neg-pt-dgpc-108421	0	hard_negative	train	PT	Borzendes 2	-8.611472807593035	41.92233801236057	-8.61456356,41.92003834,-8.60838206,41.92463769		512	Elevacion25830_5	https://servicios.idee.es/wcs-inspire/mdt	data/external/weak-label-relief-v1/train/negative/wl-tile-v1-09774-neg-pt-dgpc-108421-mdt5.tif	skipped	unsupported_country											WCS MDT target currently supports Spain/EPSG:25830 only		2026-08-01T00:00:00Z
weak-relief-wcs-v1-00020	wl-tile-v1-09675	wl-neg-neg-pt-dgpc-106379	neg-pt-dgpc-106379	0	hard_negative	train	PT	Bouça Chã	-8.138495798300449	41.317668947333395	-8.14155770,41.31536927,-8.13543389,41.31996862		512	Elevacion25830_5	https://servicios.idee.es/wcs-inspire/mdt	data/external/weak-label-relief-v1/train/negative/wl-tile-v1-09675-neg-pt-dgpc-106379-mdt5.tif	skipped	unsupported_country											WCS MDT target currently supports Spain/EPSG:25830 only		2026-08-01T00:00:00Z
weak-relief-wcs-v1-00021	wl-tile-v1-09542	wl-neg-neg-pt-dgpc-112403	neg-pt-dgpc-112403	0	hard_negative	train	PT	Bouça da Giesta	-8.6650538858728	41.626108663170776	-8.66813039,41.62380899,-8.66197738,41.62840834		512	Elevacion25830_5	https://servicios.idee.es/wcs-inspire/mdt	data/external/weak-label-relief-v1/train/negative/wl-tile-v1-09542-neg-pt-dgpc-112403-mdt5.tif	skipped	unsupported_country											WCS MDT target currently supports Spain/EPSG:25830 only		2026-08-01T00:00:00Z
weak-relief-wcs-v1-00022	wl-tile-v1-09589	wl-neg-neg-pt-dgpc-107094	neg-pt-dgpc-107094	0	hard_negative	train	PT	Bouça de Mosqueiros	-7.97346544650917	41.387258944938154	-7.97653063,41.38495927,-7.97040027,41.38955862		512	Elevacion25830_5	https://servicios.idee.es/wcs-inspire/mdt	data/external/weak-label-relief-v1/train/negative/wl-tile-v1-09589-neg-pt-dgpc-107094-mdt5.tif	skipped	unsupported_country											WCS MDT target currently supports Spain/EPSG:25830 only		2026-08-01T00:00:00Z
weak-relief-wcs-v1-00023	wl-tile-v1-09532	wl-neg-neg-pt-dgpc-109017	neg-pt-dgpc-109017	0	hard_negative	train	PT	Bouças Velhas	-8.298472673353556	41.66959539277655	-8.30155126,41.66729572,-8.29539409,41.67189507		512	Elevacion25830_5	https://servicios.idee.es/wcs-inspire/mdt	data/external/weak-label-relief-v1/train/negative/wl-tile-v1-09532-neg-pt-dgpc-109017-mdt5.tif	skipped	unsupported_country											WCS MDT target currently supports Spain/EPSG:25830 only		2026-08-01T00:00:00Z
weak-relief-wcs-v1-00024	wl-tile-v1-09573	wl-neg-neg-pt-dgpc-111201	neg-pt-dgpc-111201	0	hard_negative	train	PT	Braga - Avenida da Imaculada Conceição (Nova Loja Lidl)	-8.426391027986964	41.54397082525856	-8.42946363,41.54167115,-8.42331843,41.54627050		512	Elevacion25830_5	https://servicios.idee.es/wcs-inspire/mdt	data/external/weak-label-relief-v1/train/negative/wl-tile-v1-09573-neg-pt-dgpc-111201-mdt5.tif	skipped	unsupported_country											WCS MDT target currently supports Spain/EPSG:25830 only		2026-08-01T00:00:00Z
weak-relief-wcs-v1-00025	wl-tile-v1-09563	wl-neg-neg-pt-dgpc-107560	neg-pt-dgpc-107560	0	hard_negative	train	PT	Braga - Avenida da Liberdade, 745	-8.422684566751855	41.550212971792995	-8.42575746,41.54791330,-8.41961167,41.55251265		512	Elevacion25830_5	https://servicios.idee.es/wcs-inspire/mdt	data/external/weak-label-relief-v1/train/negative/wl-tile-v1-09563-neg-pt-dgpc-107560-mdt5.tif	skipped	unsupported_country											WCS MDT target currently supports Spain/EPSG:25830 only		2026-08-01T00:00:00Z
weak-relief-wcs-v1-00026	wl-tile-v1-09553	wl-neg-neg-pt-dgpc-107535	neg-pt-dgpc-107535	0	hard_negative	train	PT	Braga - Avenida da Liberdade/Quarteirão dos C.T.T.	-8.422389224490304	41.54906242516026	-8.42546206,41.54676275,-8.41931638,41.55136210		512	Elevacion25830_5	https://servicios.idee.es/wcs-inspire/mdt	data/external/weak-label-relief-v1/train/negative/wl-tile-v1-09553-neg-pt-dgpc-107535-mdt5.tif	skipped	unsupported_country											WCS MDT target currently supports Spain/EPSG:25830 only		2026-08-01T00:00:00Z
weak-relief-wcs-v1-00027	wl-tile-v1-09558	wl-neg-neg-pt-dgpc-107545	neg-pt-dgpc-107545	0	hard_negative	train	PT	Braga - Carvalheiras	-8.430316149945021	41.54829953100297	-8.43338895,41.54599985,-8.42724335,41.55059921		512	Elevacion25830_5	https://servicios.idee.es/wcs-inspire/mdt	data/external/weak-label-relief-v1/train/negative/wl-tile-v1-09558-neg-pt-dgpc-107545-mdt5.tif	skipped	unsupported_country											WCS MDT target currently supports Spain/EPSG:25830 only		2026-08-01T00:00:00Z
weak-relief-wcs-v1-00028	wl-tile-v1-09575	wl-neg-neg-pt-dgpc-111296	neg-pt-dgpc-111296	0	hard_negative	train	PT	Braga - Instituto Monsenhor Airosa	-8.427494875347621	41.544946895159505	-8.43056752,41.54264722,-8.42442223,41.54724657		512	Elevacion25830_5	https://servicios.idee.es/wcs-inspire/mdt	data/external/weak-label-relief-v1/train/negative/wl-tile-v1-09575-neg-pt-dgpc-111296-mdt5.tif	skipped	unsupported_country											WCS MDT target currently supports Spain/EPSG:25830 only		2026-08-01T00:00:00Z
weak-relief-wcs-v1-00029	wl-tile-v1-09579	wl-neg-neg-pt-dgpc-112197	neg-pt-dgpc-112197	0	hard_negative	train	PT	Braga - Largo da Senhora-a-Branca, 126-128	-8.417650305798176	41.55110241947685	-8.42072324,41.54880274,-8.41457737,41.55340210		512	Elevacion25830_5	https://servicios.idee.es/wcs-inspire/mdt	data/external/weak-label-relief-v1/train/negative/wl-tile-v1-09579-neg-pt-dgpc-112197-mdt5.tif	skipped	unsupported_country											WCS MDT target currently supports Spain/EPSG:25830 only		2026-08-01T00:00:00Z
weak-relief-wcs-v1-00030	wl-tile-v1-09565	wl-neg-neg-pt-dgpc-107572	neg-pt-dgpc-107572	0	hard_negative	train	PT	Braga - Largo do Paço	-8.426414163366106	41.550312563877235	-8.42948706,41.54801289,-8.42334126,41.55261224		512	Elevacion25830_5	https://servicios.idee.es/wcs-inspire/mdt	data/external/weak-label-relief-v1/train/negative/wl-tile-v1-09565-neg-pt-dgpc-107572-mdt5.tif	skipped	unsupported_country											WCS MDT target currently supports Spain/EPSG:25830 only		2026-08-01T00:00:00Z
weak-relief-wcs-v1-00031	wl-tile-v1-09560	wl-neg-neg-pt-dgpc-107553	neg-pt-dgpc-107553	0	hard_negative	train	PT	Braga - Praça Conde São Joaquim, 21-23	-8.431562140402487	41.54903878005863	-8.43463498,41.54673910,-8.42848930,41.55133846		512	Elevacion25830_5	https://servicios.idee.es/wcs-inspire/mdt	data/external/weak-label-relief-v1/train/negative/wl-tile-v1-09560-neg-pt-dgpc-107553-mdt5.tif	skipped	unsupported_country											WCS MDT target currently supports Spain/EPSG:25830 only		2026-08-01T00:00:00Z
weak-relief-wcs-v1-00032	wl-tile-v1-09554	wl-neg-neg-pt-dgpc-107536	neg-pt-dgpc-107536	0	hard_negative	train	PT	Braga - Praça Jerónimo Pimentel, 36-37	-8.429805312892464	41.54752172228585	-8.43287808,41.54522205,-8.42673255,41.54982140		512	Elevacion25830_5	https://servicios.idee.es/wcs-inspire/mdt	data/external/weak-label-relief-v1/train/negative/wl-tile-v1-09554-neg-pt-dgpc-107536-mdt5.tif	skipped	unsupported_country											WCS MDT target currently supports Spain/EPSG:25830 only		2026-08-01T00:00:00Z
weak-relief-wcs-v1-00033	wl-tile-v1-09577	wl-neg-neg-pt-dgpc-111331	neg-pt-dgpc-111331	0	hard_negative	train	PT	Braga - Praça de República, 1	-8.423300700873469	41.551903222714095	-8.42637368,41.54960355,-8.42022773,41.55420290		512	Elevacion25830_5	https://servicios.idee.es/wcs-inspire/mdt	data/external/weak-label-relief-v1/train/negative/wl-tile-v1-09577-neg-pt-dgpc-111331-mdt5.tif	skipped	unsupported_country											WCS MDT target currently supports Spain/EPSG:25830 only		2026-08-01T00:00:00Z
weak-relief-wcs-v1-00034	wl-tile-v1-09581	wl-neg-neg-pt-dgpc-112560	neg-pt-dgpc-112560	0	hard_negative	train	PT	Braga - Rua 25 de Abril	-8.417208107113268	41.55044837058126	-8.42028101,41.54814869,-8.41413520,41.55274805		512	Elevacion25830_5	https://servicios.idee.es/wcs-inspire/mdt	data/external/weak-label-relief-v1/train/negative/wl-tile-v1-09581-neg-pt-dgpc-112560-mdt5.tif	skipped	unsupported_country											WCS MDT target currently supports Spain/EPSG:25830 only		2026-08-01T00:00:00Z
weak-relief-wcs-v1-00035	wl-tile-v1-09584	wl-neg-neg-pt-dgpc-114040	neg-pt-dgpc-114040	0	hard_negative	train	PT	Braga - Rua Alferes Alfredo Ferreira, 75-77	-8.42829465364224	41.55336596932922	-8.43136770,41.55106629,-8.42522161,41.55566565		512	Elevacion25830_5	https://servicios.idee.es/wcs-inspire/mdt	data/external/weak-label-relief-v1/train/negative/wl-tile-v1-09584-neg-pt-dgpc-114040-mdt5.tif	skipped	unsupported_country											WCS MDT target currently supports Spain/EPSG:25830 only		2026-08-01T00:00:00Z
weak-relief-wcs-v1-00036	wl-tile-v1-09557	wl-neg-neg-pt-dgpc-107544	neg-pt-dgpc-107544	0	hard_negative	train	PT	Braga - Rua Cruz de Pedra, 103-109	-8.431820543174766	41.54789464596964	-8.43489333,41.54559497,-8.42874776,41.55019432		512	Elevacion25830_5	https://servicios.idee.es/wcs-inspire/mdt	data/external/weak-label-relief-v1/train/negative/wl-tile-v1-09557-neg-pt-dgpc-107544-mdt5.tif	skipped	unsupported_country											WCS MDT target currently supports Spain/EPSG:25830 only		2026-08-01T00:00:00Z
weak-relief-wcs-v1-00037	wl-tile-v1-09550	wl-neg-neg-pt-dgpc-107528	neg-pt-dgpc-107528	0	hard_negative	train	PT	Braga - Rua Cruz de Pedra, 108-118	-8.432894826185676	41.54694646166757	-8.43596757,41.54464679,-8.42982209,41.54924614		512	Elevacion25830_5	https://servicios.idee.es/wcs-inspire/mdt	data/external/weak-label-relief-v1/train/negative/wl-tile-v1-09550-neg-pt-dgpc-107528-mdt5.tif	skipped	unsupported_country											WCS MDT target currently supports Spain/EPSG:25830 only		2026-08-01T00:00:00Z
weak-relief-wcs-v1-00038	wl-tile-v1-09571	wl-neg-neg-pt-dgpc-111021	neg-pt-dgpc-111021	0	hard_negative	train	PT	Braga - Rua Cruz de Pedra, 91-93	-8.431802122002123	41.548098366995276	-8.43487492,41.54579869,-8.42872933,41.55039804		512	Elevacion25830_5	https://servicios.idee.es/wcs-inspire/mdt	data/external/weak-label-relief-v1/train/negative/wl-tile-v1-09571-neg-pt-dgpc-111021-mdt5.tif	skipped	unsupported_country											WCS MDT target currently supports Spain/EPSG:25830 only		2026-08-01T00:00:00Z
weak-relief-wcs-v1-00039	wl-tile-v1-09574	wl-neg-neg-pt-dgpc-111203	neg-pt-dgpc-111203	0	hard_negative	train	PT	Braga - Rua D. Diogo de Sousa, 102-118	-8.42749428181833	41.5503423163638	-8.43056718,41.54804264,-8.42442138,41.55264199		512	Elevacion25830_5	https://servicios.idee.es/wcs-inspire/mdt	data/external/weak-label-relief-v1/train/negative/wl-tile-v1-09574-neg-pt-dgpc-111203-mdt5.tif	skipped	unsupported_country											WCS MDT target currently supports Spain/EPSG:25830 only		2026-08-01T00:00:00Z
weak-relief-wcs-v1-00040	wl-tile-v1-09569	wl-neg-neg-pt-dgpc-110813	neg-pt-dgpc-110813	0	hard_negative	train	PT	Braga - Rua Direita, 25-29	-8.43259408533794	41.54624234519241	-8.43566679,41.54394267,-8.42952138,41.54854202		512	Elevacion25830_5	https://servicios.idee.es/wcs-inspire/mdt	data/external/weak-label-relief-v1/train/negative/wl-tile-v1-09569-neg-pt-dgpc-110813-mdt5.tif	skipped	unsupported_country											WCS MDT target currently supports Spain/EPSG:25830 only		2026-08-01T00:00:00Z
weak-relief-wcs-v1-00041	wl-tile-v1-09559	wl-neg-neg-pt-dgpc-107550	neg-pt-dgpc-107550	0	hard_negative	train	PT	Braga - Rua Dom Afonso Henriques	-8.42752161350317	41.54872508844994	-8.43059444,41.54642541,-8.42444879,41.55102477		512	Elevacion25830_5	https://servicios.idee.es/wcs-inspire/mdt	data/external/weak-label-relief-v1/train/negative/wl-tile-v1-09559-neg-pt-dgpc-107550-mdt5.tif	skipped	unsupported_country											WCS MDT target currently supports Spain/EPSG:25830 only		2026-08-01T00:00:00Z
weak-relief-wcs-v1-00042	wl-tile-v1-09586	wl-neg-neg-pt-dgpc-114702	neg-pt-dgpc-114702	0	hard_negative	train	PT	Braga - Rua Dr. Manuel Vieira Matos, Lote 10	-8.415540563338318	41.555563247159455	-8.41861371,41.55326357,-8.41246741,41.55786292		512	Elevacion25830_5	https://servicios.idee.es/wcs-inspire/mdt	data/external/weak-label-relief-v1/train/negative/wl-tile-v1-09586-neg-pt-dgpc-114702-mdt5.tif	skipped	unsupported_country											WCS MDT target currently supports Spain/EPSG:25830 only		2026-08-01T00:00:00Z
weak-relief-wcs-v1-00043	wl-tile-v1-09556	wl-neg-neg-pt-dgpc-107538	neg-pt-dgpc-107538	0	hard_negative	train	PT	Braga - Rua Frei Caetano Brandão, 129	-8.428386637597535	41.549274690224664	-8.43145949,41.54697501,-8.42531379,41.55157437		512	Elevacion25830_5	https://servicios.idee.es/wcs-inspire/mdt	data/external/weak-label-relief-v1/train/negative/wl-tile-v1-09556-neg-pt-dgpc-107538-mdt5.tif	skipped	unsupported_country											WCS MDT target currently supports Spain/EPSG:25830 only		2026-08-01T00:00:00Z
weak-relief-wcs-v1-00044	wl-tile-v1-09555	wl-neg-neg-pt-dgpc-107537	neg-pt-dgpc-107537	0	hard_negative	train	PT	Braga - Rua Frei Caetano Brandão, 183-185	-8.428798939446914	41.547605351901254	-8.43187171,41.54530568,-8.42572617,41.54990503		512	Elevacion25830_5	https://servicios.idee.es/wcs-inspire/mdt	data/external/weak-label-relief-v1/train/negative/wl-tile-v1-09555-neg-pt-dgpc-107537-mdt5.tif	skipped	unsupported_country											WCS MDT target currently supports Spain/EPSG:25830 only		2026-08-01T00:00:00Z
weak-relief-wcs-v1-00045	wl-tile-v1-09578	wl-neg-neg-pt-dgpc-111408	neg-pt-dgpc-111408	0	hard_negative	train	PT	Braga - Rua Pêro Magalhães Gondavo, 62	-8.431153835035294	41.54632090296935	-8.43422654,41.54402123,-8.42808113,41.54862058		512	Elevacion25830_5	https://servicios.idee.es/wcs-inspire/mdt	data/external/weak-label-relief-v1/train/negative/wl-tile-v1-09578-neg-pt-dgpc-111408-mdt5.tif	skipped	unsupported_country											WCS MDT target currently supports Spain/EPSG:25830 only		2026-08-01T00:00:00Z
weak-relief-wcs-v1-00046	wl-tile-v1-09570	wl-neg-neg-pt-dgpc-110818	neg-pt-dgpc-110818	0	hard_negative	train	PT	Braga - Rua Sá de Miranda, 375	-8.425183146321944	41.545919992449505	-8.42825584,41.54362032,-8.42211046,41.54821967		512	Elevacion25830_5	https://servicios.idee.es/wcs-inspire/mdt	data/external/weak-label-relief-v1/train/negative/wl-tile-v1-09570-neg-pt-dgpc-110818-mdt5.tif	skipped	unsupported_country											WCS MDT target currently supports Spain/EPSG:25830 only		2026-08-01T00:00:00Z
weak-relief-wcs-v1-00047	wl-tile-v1-09587	wl-neg-neg-pt-dgpc-114712	neg-pt-dgpc-114712	0	hard_negative	train	PT	Braga - Rua São Geraldo, 77	-8.425844724017342	41.545796841311216	-8.42891741,41.54349716,-8.42277204,41.54809652		512	Elevacion25830_5	https://servicios.idee.es/wcs-inspire/mdt	data/external/weak-label-relief-v1/train/negative/wl-tile-v1-09587-neg-pt-dgpc-114712-mdt5.tif	skipped	unsupported_country											WCS MDT target currently supports Spain/EPSG:25830 only		2026-08-01T00:00:00Z
weak-relief-wcs-v1-00048	wl-tile-v1-09562	wl-neg-neg-pt-dgpc-107556	neg-pt-dgpc-107556	0	hard_negative	train	PT	Braga - Rua Visconde Pindela, 1 e 3	-8.42969584335207	41.549186686560354	-8.43276869,41.54688701,-8.42662300,41.55148636		512	Elevacion25830_5	https://servicios.idee.es/wcs-inspire/mdt	data/external/weak-label-relief-v1/train/negative/wl-tile-v1-09562-neg-pt-dgpc-107556-mdt5.tif	skipped	unsupported_country											WCS MDT target currently supports Spain/EPSG:25830 only		2026-08-01T00:00:00Z
weak-relief-wcs-v1-00049	wl-tile-v1-09564	wl-neg-neg-pt-dgpc-107567	neg-pt-dgpc-107567	0	hard_negative	train	PT	Braga - Rua de Dom Paio Mendes, 67-75	-8.428330210060102	41.5499475050203	-8.43140309,41.54764783,-8.42525733,41.55224718		512	Elevacion25830_5	https://servicios.idee.es/wcs-inspire/mdt	data/external/weak-label-relief-v1/train/negative/wl-tile-v1-09564-neg-pt-dgpc-107567-mdt5.tif	skipped	unsupported_country											WCS MDT target currently supports Spain/EPSG:25830 only		2026-08-01T00:00:00Z
weak-relief-wcs-v1-00050	wl-tile-v1-09549	wl-neg-neg-pt-dgpc-107525	neg-pt-dgpc-107525	0	hard_negative	train	PT	Braga - Rua de São Geraldo, 34	-8.426517291465016	41.5466208093163	-8.42959002,41.54432113,-8.42344457,41.54892049		512	Elevacion25830_5	https://servicios.idee.es/wcs-inspire/mdt	data/external/weak-label-relief-v1/train/negative/wl-tile-v1-09549-neg-pt-dgpc-107525-mdt5.tif	skipped	unsupported_country											WCS MDT target currently supports Spain/EPSG:25830 only		2026-08-01T00:00:00Z
weak-relief-wcs-v1-00051	wl-tile-v1-09548	wl-neg-neg-pt-dgpc-107517	neg-pt-dgpc-107517	0	hard_negative	train	PT	Braga - Rua de São Geraldo, 69 (Creche da Santa Misericórdia)	-8.42567346813423	41.545542527311476	-8.42874614,41.54324285,-8.42260080,41.54784220		512	Elevacion25830_5	https://servicios.idee.es/wcs-inspire/mdt	data/external/weak-label-relief-v1/train/negative/wl-tile-v1-09548-neg-pt-dgpc-107517-mdt5.tif	skipped	unsupported_country											WCS MDT target currently supports Spain/EPSG:25830 only		2026-08-01T00:00:00Z
weak-relief-wcs-v1-00052	wl-tile-v1-09551	wl-neg-neg-pt-dgpc-107533	neg-pt-dgpc-107533	0	hard_negative	train	PT	Braga - Rua de São Geraldo, Logradouro do Edificio 27-31	-8.425561347562207	41.547253505169294	-8.42863410,41.54495383,-8.42248859,41.54955318		512	Elevacion25830_5	https://servicios.idee.es/wcs-inspire/mdt	data/external/weak-label-relief-v1/train/negative/wl-tile-v1-09551-neg-pt-dgpc-107533-mdt5.tif	skipped	unsupported_country											WCS MDT target currently supports Spain/EPSG:25830 only		2026-08-01T00:00:00Z
weak-relief-wcs-v1-00053	wl-tile-v1-09576	wl-neg-neg-pt-dgpc-111300	neg-pt-dgpc-111300	0	hard_negative	train	PT	Braga - Rua do Alcaide, 18-20	-8.42683069140062	41.54777422409115	-8.42990347,41.54547455,-8.42375791,41.55007390		512	Elevacion25830_5	https://servicios.idee.es/wcs-inspire/mdt	data/external/weak-label-relief-v1/train/negative/wl-tile-v1-09576-neg-pt-dgpc-111300-mdt5.tif	skipped	unsupported_country											WCS MDT target currently supports Spain/EPSG:25830 only		2026-08-01T00:00:00Z
weak-relief-wcs-v1-00054	wl-tile-v1-09585	wl-neg-neg-pt-dgpc-114647	neg-pt-dgpc-114647	0	hard_negative	train	PT	Braga - Rua do Carvalhal, 75-77	-8.425339498604199	41.55359258047028	-8.42841255,41.55129290,-8.42226644,41.55589226		512	Elevacion25830_5	https://servicios.idee.es/wcs-inspire/mdt	data/external/weak-label-relief-v1/train/negative/wl-tile-v1-09585-neg-pt-dgpc-114647-mdt5.tif	skipped	unsupported_country											WCS MDT target currently supports Spain/EPSG:25830 only		2026-08-01T00:00:00Z
weak-relief-wcs-v1-00055	wl-tile-v1-09580	wl-neg-neg-pt-dgpc-112226	neg-pt-dgpc-112226	0	hard_negative	train	PT	Braga - Rua do Raio, 33	-8.418053867982888	41.550728055951915	-8.42112679,41.54842838,-8.41498095,41.55302773		512	Elevacion25830_5	https://servicios.idee.es/wcs-inspire/mdt	data/external/weak-label-relief-v1/train/negative/wl-tile-v1-09580-neg-pt-dgpc-112226-mdt5.tif	skipped	unsupported_country											WCS MDT target currently supports Spain/EPSG:25830 only		2026-08-01T00:00:00Z
weak-relief-wcs-v1-00056	wl-tile-v1-09566	wl-neg-neg-pt-dgpc-107574	neg-pt-dgpc-107574	0	hard_negative	train	PT	Braga - Rua do Souto, 111-119	-8.424460104059008	41.55080753030194	-8.42753303,41.54850785,-8.42138718,41.55310721		512	Elevacion25830_5	https://servicios.idee.es/wcs-inspire/mdt	data/external/weak-label-relief-v1/train/negative/wl-tile-v1-09566-neg-pt-dgpc-107574-mdt5.tif	skipped	unsupported_country											WCS MDT target currently supports Spain/EPSG:25830 only		2026-08-01T00:00:00Z
weak-relief-wcs-v1-00057	wl-tile-v1-09582	wl-neg-neg-pt-dgpc-112734	neg-pt-dgpc-112734	0	hard_negative	train	PT	Braga - Rua do Souto, 5-11	-8.42582088210383	41.550676231943875	-8.42889380,41.54837656,-8.42274797,41.55297591		512	Elevacion25830_5	https://servicios.idee.es/wcs-inspire/mdt	data/external/weak-label-relief-v1/train/negative/wl-tile-v1-09582-neg-pt-dgpc-112734-mdt5.tif	skipped	unsupported_country											WCS MDT target currently supports Spain/EPSG:25830 only		2026-08-01T00:00:00Z
weak-relief-wcs-v1-00058	wl-tile-v1-09572	wl-neg-neg-pt-dgpc-111064	neg-pt-dgpc-111064	0	hard_negative	train	PT	Braga - Rua dos Biscaínhos, 89-105	-8.429565031337441	41.55048862157412	-8.43263794,41.54818894,-8.42649212,41.55278830		512	Elevacion25830_5	https://servicios.idee.es/wcs-inspire/mdt	data/external/weak-label-relief-v1/train/negative/wl-tile-v1-09572-neg-pt-dgpc-111064-mdt5.tif	skipped	unsupported_country											WCS MDT target currently supports Spain/EPSG:25830 only		2026-08-01T00:00:00Z
weak-relief-wcs-v1-00059	wl-tile-v1-09552	wl-neg-neg-pt-dgpc-107534	neg-pt-dgpc-107534	0	hard_negative	train	PT	Braga - Santo António das Travessas, 20-26	-8.427753570297208	41.5483938285407	-8.43082638,41.54609415,-8.42468076,41.55069351		512	Elevacion25830_5	https://servicios.idee.es/wcs-inspire/mdt	data/external/weak-label-relief-v1/train/negative/wl-tile-v1-09552-neg-pt-dgpc-107534-mdt5.tif	skipped	unsupported_country											WCS MDT target currently supports Spain/EPSG:25830 only		2026-08-01T00:00:00Z
weak-relief-wcs-v1-00060	wl-tile-v1-09561	wl-neg-neg-pt-dgpc-107554	neg-pt-dgpc-107554	0	hard_negative	train	PT	Braga - Seminário Conciliar de Santiago/ Seminário Conciliar de São Pedro e São Paulo	-8.425569479443617	41.549054212436644	-8.42864232,41.54675454,-8.42249664,41.55135389		512	Elevacion25830_5	https://servicios.idee.es/wcs-inspire/mdt	data/external/weak-label-relief-v1/train/negative/wl-tile-v1-09561-neg-pt-dgpc-107554-mdt5.tif	skipped	unsupported_country											WCS MDT target currently supports Spain/EPSG:25830 only		2026-08-01T00:00:00Z
weak-relief-wcs-v1-00061	wl-tile-v1-09711	wl-neg-neg-pt-dgpc-106154	neg-pt-dgpc-106154	0	hard_negative	train	PT	Brio	-8.688760878643631	41.21133766303323	-8.69181780,41.20903799,-8.68570395,41.21363734		512	Elevacion25830_5	https://servicios.idee.es/wcs-inspire/mdt	data/external/weak-label-relief-v1/train/negative/wl-tile-v1-09711-neg-pt-dgpc-106154-mdt5.tif	skipped	unsupported_country											WCS MDT target currently supports Spain/EPSG:25830 only		2026-08-01T00:00:00Z
weak-relief-wcs-v1-00062	wl-tile-v1-09776	wl-neg-neg-pt-dgpc-108430	neg-pt-dgpc-108430	0	hard_negative	train	PT	Cabeceiras	-8.608128930800664	41.92658333533076	-8.61121989,41.92428366,-8.60503797,41.92888301		512	Elevacion25830_5	https://servicios.idee.es/wcs-inspire/mdt	data/external/weak-label-relief-v1/train/negative/wl-tile-v1-09776-neg-pt-dgpc-108430-mdt5.tif	skipped	unsupported_country											WCS MDT target currently supports Spain/EPSG:25830 only		2026-08-01T00:00:00Z
weak-relief-wcs-v1-00063	wl-tile-v1-09647	wl-neg-neg-pt-dgpc-106924	neg-pt-dgpc-106924	0	hard_negative	train	PT	Caldas de Vizela	-8.308841903148137	41.373870186916626	-8.31190645,41.37157051,-8.30577735,41.37616986		512	Elevacion25830_5	https://servicios.idee.es/wcs-inspire/mdt	data/external/weak-label-relief-v1/train/negative/wl-tile-v1-09647-neg-pt-dgpc-106924-mdt5.tif	skipped	unsupported_country											WCS MDT target currently supports Spain/EPSG:25830 only		2026-08-01T00:00:00Z
weak-relief-wcs-v1-00064	wl-tile-v1-09858	wl-neg-neg-pt-dgpc-111443	neg-pt-dgpc-111443	0	hard_negative	train	PT	Calçada de Covelo	-7.905100535551518	41.44959047716321	-7.90816866,41.44729080,-7.90203241,41.45189015		512	Elevacion25830_5	https://servicios.idee.es/wcs-inspire/mdt	data/external/weak-label-relief-v1/train/negative/wl-tile-v1-09858-neg-pt-dgpc-111443-mdt5.tif	skipped	unsupported_country											WCS MDT target currently supports Spain/EPSG:25830 only		2026-08-01T00:00:00Z
weak-relief-wcs-v1-00065	wl-tile-v1-09692	wl-neg-neg-pt-dgpc-111221	neg-pt-dgpc-111221	0	hard_negative	train	PT	Calçada de Requeixos	-8.296062042894874	41.34158025504304	-8.29912507,41.33928058,-8.29299901,41.34387993		512	Elevacion25830_5	https://servicios.idee.es/wcs-inspire/mdt	data/external/weak-label-relief-v1/train/negative/wl-tile-v1-09692-neg-pt-dgpc-111221-mdt5.tif	skipped	unsupported_country											WCS MDT target currently supports Spain/EPSG:25830 only		2026-08-01T00:00:00Z
weak-relief-wcs-v1-00066	wl-tile-v1-09740	wl-neg-neg-pt-dgpc-108241	neg-pt-dgpc-108241	0	hard_negative	train	PT	Caminha	-8.839051153588413	41.87677818494167	-8.84213970,41.87447851,-8.83596261,41.87907786		512	Elevacion25830_5	https://servicios.idee.es/wcs-inspire/mdt	data/external/weak-label-relief-v1/train/negative/wl-tile-v1-09740-neg-pt-dgpc-108241-mdt5.tif	skipped	unsupported_country											WCS MDT target currently supports Spain/EPSG:25830 only		2026-08-01T00:00:00Z
weak-relief-wcs-v1-00067	wl-tile-v1-09739	wl-neg-neg-pt-dgpc-108236	neg-pt-dgpc-108236	0	hard_negative	train	PT	Caminha - Rua da Corredoura (via pública)	-8.837459500226208	41.874447171236014	-8.84054793,41.87214749,-8.83437107,41.87674685		512	Elevacion25830_5	https://servicios.idee.es/wcs-inspire/mdt	data/external/weak-label-relief-v1/train/negative/wl-tile-v1-09739-neg-pt-dgpc-108236-mdt5.tif	skipped	unsupported_country											WCS MDT target currently supports Spain/EPSG:25830 only		2026-08-01T00:00:00Z
weak-relief-wcs-v1-00068	wl-tile-v1-09654	wl-neg-neg-pt-dgpc-105820	neg-pt-dgpc-105820	0	hard_negative	train	PT	Canelas	-7.058247990076161	41.143261262060534	-7.06130174,41.14096159,-7.05519424,41.14556094		512	Elevacion25830_5	https://servicios.idee.es/wcs-inspire/mdt	data/external/weak-label-relief-v1/train/negative/wl-tile-v1-09654-neg-pt-dgpc-105820-mdt5.tif	skipped	unsupported_country											WCS MDT target currently supports Spain/EPSG:25830 only		2026-08-01T00:00:00Z
weak-relief-wcs-v1-00069	wl-tile-v1-09537	wl-neg-neg-pt-dgpc-107769	neg-pt-dgpc-107769	0	hard_negative	train	PT	Carapeços 1	-8.637835436207654	41.59567603721216	-8.64091049,41.59337636,-8.63476038,41.59797571		512	Elevacion25830_5	https://servicios.idee.es/wcs-inspire/mdt	data/external/weak-label-relief-v1/train/negative/wl-tile-v1-09537-neg-pt-dgpc-107769-mdt5.tif	skipped	unsupported_country											WCS MDT target currently supports Spain/EPSG:25830 only		2026-08-01T00:00:00Z
weak-relief-wcs-v1-00070	wl-tile-v1-09545	wl-neg-neg-pt-dgpc-113936	neg-pt-dgpc-113936	0	hard_negative	train	PT	Carapeços 3	-8.644470434311703	41.59338128318635	-8.64754538,41.59108161,-8.64139549,41.59568096		512	Elevacion25830_5	https://servicios.idee.es/wcs-inspire/mdt	data/external/weak-label-relief-v1/train/negative/wl-tile-v1-09545-neg-pt-dgpc-113936-mdt5.tif	skipped	unsupported_country											WCS MDT target currently supports Spain/EPSG:25830 only		2026-08-01T00:00:00Z
weak-relief-wcs-v1-00071	wl-tile-v1-09856	wl-neg-neg-pt-dgpc-111190	neg-pt-dgpc-111190	0	hard_negative	train	PT	Carrapatas	-7.882440912093341	41.36816187908703	-7.88550519,41.36586220,-7.87937663,41.37046156		512	Elevacion25830_5	https://servicios.idee.es/wcs-inspire/mdt	data/external/weak-label-relief-v1/train/negative/wl-tile-v1-09856-neg-pt-dgpc-111190-mdt5.tif	skipped	unsupported_country											WCS MDT target currently supports Spain/EPSG:25830 only		2026-08-01T00:00:00Z
weak-relief-wcs-v1-00072	wl-tile-v1-09841	wl-neg-neg-pt-dgpc-109436	neg-pt-dgpc-109436	0	hard_negative	train	PT	Carreira da Pedra	-7.423726174371237	41.755222593660214	-7.42680886,41.75292292,-7.42064348,41.75752227		512	Elevacion25830_5	https://servicios.idee.es/wcs-inspire/mdt	data/external/weak-label-relief-v1/train/negative/wl-tile-v1-09841-neg-pt-dgpc-109436-mdt5.tif	skipped	unsupported_country											WCS MDT target currently supports Spain/EPSG:25830 only		2026-08-01T00:00:00Z
weak-relief-wcs-v1-00073	wl-tile-v1-09693	wl-neg-neg-pt-dgpc-111250	neg-pt-dgpc-111250	0	hard_negative	train	PT	Casal de São Mamede	-8.29602387893311	41.33713796493332	-8.29908670,41.33483829,-8.29296106,41.33943764		512	Elevacion25830_5	https://servicios.idee.es/wcs-inspire/mdt	data/external/weak-label-relief-v1/train/negative/wl-tile-v1-09693-neg-pt-dgpc-111250-mdt5.tif	skipped	unsupported_country											WCS MDT target currently supports Spain/EPSG:25830 only		2026-08-01T00:00:00Z
weak-relief-wcs-v1-00074	wl-tile-v1-09592	wl-neg-neg-pt-dgpc-111409	neg-pt-dgpc-111409	0	hard_negative	train	PT	Casal do Eido	-7.9835102261895985	41.40862865331652	-7.98657641,41.40632898,-7.98044404,41.41092833		512	Elevacion25830_5	https://servicios.idee.es/wcs-inspire/mdt	data/external/weak-label-relief-v1/train/negative/wl-tile-v1-09592-neg-pt-dgpc-111409-mdt5.tif	skipped	unsupported_country											WCS MDT target currently supports Spain/EPSG:25830 only		2026-08-01T00:00:00Z
weak-relief-wcs-v1-00075	wl-tile-v1-09536	wl-neg-neg-pt-dgpc-107765	neg-pt-dgpc-107765	0	hard_negative	train	PT	Casal do Monte	-8.576897486400606	41.59448718616376	-8.57997249,41.59218751,-8.57382248,41.59678686		512	Elevacion25830_5	https://servicios.idee.es/wcs-inspire/mdt	data/external/weak-label-relief-v1/train/negative/wl-tile-v1-09536-neg-pt-dgpc-107765-mdt5.tif	skipped	unsupported_country											WCS MDT target currently supports Spain/EPSG:25830 only		2026-08-01T00:00:00Z
weak-relief-wcs-v1-00076	wl-tile-v1-09826	wl-neg-neg-pt-dgpc-106253	neg-pt-dgpc-106253	0	hard_negative	train	PT	Castelo de Vale de Mir/ Castelo de Trás	-7.465717296863849	41.347511652784796	-7.46878061,41.34521198,-7.46265399,41.34981133		512	Elevacion25830_5	https://servicios.idee.es/wcs-inspire/mdt	data/external/weak-label-relief-v1/train/negative/wl-tile-v1-09826-neg-pt-dgpc-106253-mdt5.tif	skipped	unsupported_country											WCS MDT target currently supports Spain/EPSG:25830 only		2026-08-01T00:00:00Z
weak-relief-wcs-v1-00077	wl-tile-v1-09862	wl-neg-neg-pt-dgpc-105965	neg-pt-dgpc-105965	0	hard_negative	train	PT	Cemitério Mouro/Galafura	-7.675029178037517	41.17764892925531	-7.67808453,41.17534925,-7.67197383,41.17994861		512	Elevacion25830_5	https://servicios.idee.es/wcs-inspire/mdt	data/external/weak-label-relief-v1/train/negative/wl-tile-v1-09862-neg-pt-dgpc-105965-mdt5.tif	skipped	unsupported_country											WCS MDT target currently supports Spain/EPSG:25830 only		2026-08-01T00:00:00Z
weak-relief-wcs-v1-00078	wl-tile-v1-09825	wl-neg-neg-pt-dgpc-106162	neg-pt-dgpc-106162	0	hard_negative	train	PT	Cerca	-7.472287908070624	41.21394056391028	-7.47534495,41.21164089,-7.46923086,41.21624024		512	Elevacion25830_5	https://servicios.idee.es/wcs-inspire/mdt	data/external/weak-label-relief-v1/train/negative/wl-tile-v1-09825-neg-pt-dgpc-106162-mdt5.tif	skipped	unsupported_country											WCS MDT target currently supports Spain/EPSG:25830 only		2026-08-01T00:00:00Z
weak-relief-wcs-v1-00079	wl-tile-v1-09831	wl-neg-neg-pt-dgpc-109068	neg-pt-dgpc-109068	0	hard_negative	train	PT	Chaves - Balneário das Caldas	-7.471983993704115	41.73930424024947	-7.47506592,41.73700456,-7.46890207,41.74160392		512	Elevacion25830_5	https://servicios.idee.es/wcs-inspire/mdt	data/external/weak-label-relief-v1/train/negative/wl-tile-v1-09831-neg-pt-dgpc-109068-mdt5.tif	skipped	unsupported_country											WCS MDT target currently supports Spain/EPSG:25830 only		2026-08-01T00:00:00Z
weak-relief-wcs-v1-00080	wl-tile-v1-09847	wl-neg-neg-pt-dgpc-110188	neg-pt-dgpc-110188	0	hard_negative	train	PT	Chaves - Canto do Rio	-7.46683371549426	41.73750087396373	-7.46991555,41.73520120,-7.46375188,41.73980055		512	Elevacion25830_5	https://servicios.idee.es/wcs-inspire/mdt	data/external/weak-label-relief-v1/train/negative/wl-tile-v1-09847-neg-pt-dgpc-110188-mdt5.tif	skipped	unsupported_country											WCS MDT target currently supports Spain/EPSG:25830 only		2026-08-01T00:00:00Z
weak-relief-wcs-v1-00081	wl-tile-v1-09830	wl-neg-neg-pt-dgpc-109057	neg-pt-dgpc-109057	0	hard_negative	train	PT	Chaves - Largo do Arrabalde, 59-61 / Travessa das Couraças	-7.468158362483754	41.738876859109546	-7.47124027,41.73657718,-7.46507646,41.74117654		512	Elevacion25830_5	https://servicios.idee.es/wcs-inspire/mdt	data/external/weak-label-relief-v1/train/negative/wl-tile-v1-09830-neg-pt-dgpc-109057-mdt5.tif	skipped	unsupported_country											WCS MDT target currently supports Spain/EPSG:25830 only		2026-08-01T00:00:00Z
weak-relief-wcs-v1-00082	wl-tile-v1-09846	wl-neg-neg-pt-dgpc-110141	neg-pt-dgpc-110141	0	hard_negative	train	PT	Chaves - Miliário do Campo da Roda / Quinta do Caneiro	-7.46752934770885	41.73182382632925	-7.47061091,41.72952415,-7.46444778,41.73412350		512	Elevacion25830_5	https://servicios.idee.es/wcs-inspire/mdt	data/external/weak-label-relief-v1/train/negative/wl-tile-v1-09846-neg-pt-dgpc-110141-mdt5.tif	skipped	unsupported_country											WCS MDT target currently supports Spain/EPSG:25830 only		2026-08-01T00:00:00Z
weak-relief-wcs-v1-00083	wl-tile-v1-09835	wl-neg-neg-pt-dgpc-109154	neg-pt-dgpc-109154	0	hard_negative	train	PT	Chaves - Praça Camões	-7.471160169478666	41.73992973101267	-7.47424213,41.73763005,-7.46807821,41.74222941		512	Elevacion25830_5	https://servicios.idee.es/wcs-inspire/mdt	data/external/weak-label-relief-v1/train/negative/wl-tile-v1-09835-neg-pt-dgpc-109154-mdt5.tif	skipped	unsupported_country											WCS MDT target currently supports Spain/EPSG:25830 only		2026-08-01T00:00:00Z
weak-relief-wcs-v1-00084	wl-tile-v1-09849	wl-neg-neg-pt-dgpc-111119	neg-pt-dgpc-111119	0	hard_negative	train	PT	Chaves - Rua 1º de Dezembro	-7.471542227325066	41.74139299926803	-7.47462425,41.73909332,-7.46846020,41.74369268		512	Elevacion25830_5	https://servicios.idee.es/wcs-inspire/mdt	data/external/weak-label-relief-v1/train/negative/wl-tile-v1-09849-neg-pt-dgpc-111119-mdt5.tif	skipped	unsupported_country											WCS MDT target currently supports Spain/EPSG:25830 only		2026-08-01T00:00:00Z
weak-relief-wcs-v1-00085	wl-tile-v1-09851	wl-neg-neg-pt-dgpc-114161	neg-pt-dgpc-114161	0	hard_negative	train	PT	Chaves - Rua Bispo Idácio, 37	-7.470745260540771	41.740449346540075	-7.47382724,41.73814967,-7.46766328,41.74274902		512	Elevacion25830_5	https://servicios.idee.es/wcs-inspire/mdt	data/external/weak-label-relief-v1/train/negative/wl-tile-v1-09851-neg-pt-dgpc-114161-mdt5.tif	skipped	unsupported_country											WCS MDT target currently supports Spain/EPSG:25830 only		2026-08-01T00:00:00Z
weak-relief-wcs-v1-00086	wl-tile-v1-09850	wl-neg-neg-pt-dgpc-112661	neg-pt-dgpc-112661	0	hard_negative	train	PT	Chaves - Rua General Sousa Machado, 51	-7.469522955578813	41.73894038461996	-7.47260486,41.73664071,-7.46644105,41.74124006		512	Elevacion25830_5	https://servicios.idee.es/wcs-inspire/mdt	data/external/weak-label-relief-v1/train/negative/wl-tile-v1-09850-neg-pt-dgpc-112661-mdt5.tif	skipped	unsupported_country											WCS MDT target currently supports Spain/EPSG:25830 only		2026-08-01T00:00:00Z
weak-relief-wcs-v1-00087	wl-tile-v1-09852	wl-neg-neg-pt-dgpc-114272	neg-pt-dgpc-114272	0	hard_negative	train	PT	Chaves - Rua Joaquim José Delgado, 83	-7.47383043724407	41.74102826952633	-7.47691245,41.73872859,-7.47074843,41.74332795		512	Elevacion25830_5	https://servicios.idee.es/wcs-inspire/mdt	data/external/weak-label-relief-v1/train/negative/wl-tile-v1-09852-neg-pt-dgpc-114272-mdt5.tif	skipped	unsupported_country											WCS MDT target currently supports Spain/EPSG:25830 only		2026-08-01T00:00:00Z
weak-relief-wcs-v1-00088	wl-tile-v1-09848	wl-neg-neg-pt-dgpc-110572	neg-pt-dgpc-110572	0	hard_negative	train	PT	Chaves - Rua da Muralha	-7.472739605126626	41.74048290405961	-7.47582159,41.73818323,-7.46965762,41.74278258		512	Elevacion25830_5	https://servicios.idee.es/wcs-inspire/mdt	data/external/weak-label-relief-v1/train/negative/wl-tile-v1-09848-neg-pt-dgpc-110572-mdt5.tif	skipped	unsupported_country											WCS MDT target currently supports Spain/EPSG:25830 only		2026-08-01T00:00:00Z
weak-relief-wcs-v1-00089	wl-tile-v1-09853	wl-neg-neg-pt-dgpc-114415	neg-pt-dgpc-114415	0	hard_negative	train	PT	Chaves - Rua da Trindade, 38-40	-7.4704248929939485	41.74069018783408	-7.47350689,41.73839051,-7.46734290,41.74298986		512	Elevacion25830_5	https://servicios.idee.es/wcs-inspire/mdt	data/external/weak-label-relief-v1/train/negative/wl-tile-v1-09853-neg-pt-dgpc-114415-mdt5.tif	skipped	unsupported_country											WCS MDT target currently supports Spain/EPSG:25830 only		2026-08-01T00:00:00Z
weak-relief-wcs-v1-00090	wl-tile-v1-09832	wl-neg-neg-pt-dgpc-109113	neg-pt-dgpc-109113	0	hard_negative	train	PT	Chaves - Rua de Santa Maria, 20 / Rua do Postigo, 18	-7.470251080420385	41.73949233840691	-7.47333302,41.73719266,-7.46716915,41.74179202		512	Elevacion25830_5	https://servicios.idee.es/wcs-inspire/mdt	data/external/weak-label-relief-v1/train/negative/wl-tile-v1-09832-neg-pt-dgpc-109113-mdt5.tif	skipped	unsupported_country											WCS MDT target currently supports Spain/EPSG:25830 only		2026-08-01T00:00:00Z
weak-relief-wcs-v1-00091	wl-tile-v1-09836	wl-neg-neg-pt-dgpc-109187	neg-pt-dgpc-109187	0	hard_negative	train	PT	Chaves - Rua do Bispo Idácio, 20-22	-7.469852061461218	41.74021016951997	-7.47293403,41.73791049,-7.46677009,41.74250985		512	Elevacion25830_5	https://servicios.idee.es/wcs-inspire/mdt	data/external/weak-label-relief-v1/train/negative/wl-tile-v1-09836-neg-pt-dgpc-109187-mdt5.tif	skipped	unsupported_country											WCS MDT target currently supports Spain/EPSG:25830 only		2026-08-01T00:00:00Z
weak-relief-wcs-v1-00092	wl-tile-v1-09829	wl-neg-neg-pt-dgpc-108999	neg-pt-dgpc-108999	0	hard_negative	train	PT	Chaves - Rua do Sol, 28	-7.469411919400291	41.7381009931525	-7.47249379,41.73580132,-7.46633005,41.74040067		512	Elevacion25830_5	https://servicios.idee.es/wcs-inspire/mdt	data/external/weak-label-relief-v1/train/negative/wl-tile-v1-09829-neg-pt-dgpc-108999-mdt5.tif	skipped	unsupported_country											WCS MDT target currently supports Spain/EPSG:25830 only		2026-08-01T00:00:00Z
weak-relief-wcs-v1-00093	wl-tile-v1-09827	wl-neg-neg-pt-dgpc-104697	neg-pt-dgpc-104697	0	hard_negative	train	PT	Chaves - Rua dos Ferradores, 36	-7.467832954936694	41.73888421387006	-7.47091486,41.73658454,-7.46475105,41.74118389		512	Elevacion25830_5	https://servicios.idee.es/wcs-inspire/mdt	data/external/weak-label-relief-v1/train/negative/wl-tile-v1-09827-neg-pt-dgpc-104697-mdt5.tif	skipped	unsupported_country											WCS MDT target currently supports Spain/EPSG:25830 only		2026-08-01T00:00:00Z
weak-relief-wcs-v1-00094	wl-tile-v1-09746	wl-neg-neg-pt-dgpc-108401	neg-pt-dgpc-108401	0	hard_negative	train	PT	Chã das Carvalheiras/ Laje 1 das Carvalheiras	-8.783540411048966	41.90692663489401	-8.78663042,41.90462696,-8.78045041,41.90922631		512	Elevacion25830_5	https://servicios.idee.es/wcs-inspire/mdt	data/external/weak-label-relief-v1/train/negative/wl-tile-v1-09746-neg-pt-dgpc-108401-mdt5.tif	skipped	unsupported_country											WCS MDT target currently supports Spain/EPSG:25830 only		2026-08-01T00:00:00Z
weak-relief-wcs-v1-00095	wl-tile-v1-09539	wl-neg-neg-pt-dgpc-109304	neg-pt-dgpc-109304	0	hard_negative	train	PT	Chão de Arefe	-8.675492444554921	41.62377535255953	-8.67856884,41.62147568,-8.67241605,41.62607503		512	Elevacion25830_5	https://servicios.idee.es/wcs-inspire/mdt	data/external/weak-label-relief-v1/train/negative/wl-tile-v1-09539-neg-pt-dgpc-109304-mdt5.tif	skipped	unsupported_country											WCS MDT target currently supports Spain/EPSG:25830 only		2026-08-01T00:00:00Z
weak-relief-wcs-v1-00096	wl-tile-v1-09782	wl-neg-neg-pt-dgpc-112383	neg-pt-dgpc-112383	0	hard_negative	train	PT	Couto da Pinheira	-8.546199852486762	41.96001262425472	-8.54929243,41.95771295,-8.54310728,41.96231230		512	Elevacion25830_5	https://servicios.idee.es/wcs-inspire/mdt	data/external/weak-label-relief-v1/train/negative/wl-tile-v1-09782-neg-pt-dgpc-112383-mdt5.tif	skipped	unsupported_country											WCS MDT target currently supports Spain/EPSG:25830 only		2026-08-01T00:00:00Z
weak-relief-wcs-v1-00097	wl-tile-v1-09588	wl-neg-neg-pt-dgpc-107053	neg-pt-dgpc-107053	0	hard_negative	train	PT	Crasto / Canedo / Alto da Moura	-7.945639238563636	41.43501864614613	-7.94870667,41.43271897,-7.94257180,41.43731832		512	Elevacion25830_5	https://servicios.idee.es/wcs-inspire/mdt	data/external/weak-label-relief-v1/train/negative/wl-tile-v1-09588-neg-pt-dgpc-107053-mdt5.tif	skipped	unsupported_country											WCS MDT target currently supports Spain/EPSG:25830 only		2026-08-01T00:00:00Z
weak-relief-wcs-v1-00098	wl-tile-v1-09677	wl-neg-neg-pt-dgpc-112096	neg-pt-dgpc-112096	0	hard_negative	train	PT	Crasto de Broalhos	-8.454965759234033	41.07086262762629	-8.45801614,41.06856295,-8.45191538,41.07316230		512	Elevacion25830_5	https://servicios.idee.es/wcs-inspire/mdt	data/external/weak-label-relief-v1/train/negative/wl-tile-v1-09677-neg-pt-dgpc-112096-mdt5.tif	skipped	unsupported_country											WCS MDT target currently supports Spain/EPSG:25830 only		2026-08-01T00:00:00Z
weak-relief-wcs-v1-00099	wl-tile-v1-09773	wl-neg-neg-pt-dgpc-108417	neg-pt-dgpc-108417	0	hard_negative	train	PT	Cruzes	-8.567085189006919	41.9186432976886	-8.57017576,41.91634362,-8.56399462,41.92094297		512	Elevacion25830_5	https://servicios.idee.es/wcs-inspire/mdt	data/external/weak-label-relief-v1/train/negative/wl-tile-v1-09773-neg-pt-dgpc-108417-mdt5.tif	skipped	unsupported_country											WCS MDT target currently supports Spain/EPSG:25830 only		2026-08-01T00:00:00Z
weak-relief-wcs-v1-00100	wl-tile-v1-09708	wl-neg-neg-pt-dgpc-106070	neg-pt-dgpc-106070	0	hard_negative	train	PT	Custoias	-8.65766716147599	41.199778285014325	-8.66072355,41.19747861,-8.65461078,41.20207796		512	Elevacion25830_5	https://servicios.idee.es/wcs-inspire/mdt	data/external/weak-label-relief-v1/train/negative/wl-tile-v1-09708-neg-pt-dgpc-106070-mdt5.tif	skipped	unsupported_country											WCS MDT target currently supports Spain/EPSG:25830 only		2026-08-01T00:00:00Z
weak-relief-wcs-v1-00101	wl-tile-v1-09649	wl-neg-neg-pt-dgpc-104964	neg-pt-dgpc-104964	0	hard_negative	train	PT	EP - 621 - Santo Antão da Barca	-6.881264484559733	41.25668402437595	-6.88432353,41.25438435,-6.87820544,41.25898370		512	Elevacion25830_5	https://servicios.idee.es/wcs-inspire/mdt	data/external/weak-label-relief-v1/train/negative/wl-tile-v1-09649-neg-pt-dgpc-104964-mdt5.tif	skipped	unsupported_country											WCS MDT target currently supports Spain/EPSG:25830 only		2026-08-01T00:00:00Z
weak-relief-wcs-v1-00102	wl-tile-v1-09652	wl-neg-neg-pt-dgpc-109723	neg-pt-dgpc-109723	0	hard_negative	train	PT	Eiró de Sortes/Madorrinho	-6.833587402541596	41.7086523771785	-6.83666786,41.70635270,-6.83050695,41.71095205		512	Elevacion25830_5	https://servicios.idee.es/wcs-inspire/mdt	data/external/weak-label-relief-v1/train/negative/wl-tile-v1-09652-neg-pt-dgpc-109723-mdt5.tif	skipped	unsupported_country											WCS MDT target currently supports Spain/EPSG:25830 only		2026-08-01T00:00:00Z
weak-relief-wcs-v1-00103	wl-tile-v1-09600	wl-neg-neg-pt-dgpc-114660	neg-pt-dgpc-114660	0	hard_negative	train	PT	Emaus	-8.307533229990346	41.70974205363913	-8.31061374,41.70744238,-8.30445272,41.71204173		512	Elevacion25830_5	https://servicios.idee.es/wcs-inspire/mdt	data/external/weak-label-relief-v1/train/negative/wl-tile-v1-09600-neg-pt-dgpc-114660-mdt5.tif	skipped	unsupported_country											WCS MDT target currently supports Spain/EPSG:25830 only		2026-08-01T00:00:00Z
weak-relief-wcs-v1-00104	wl-tile-v1-09812	wl-neg-neg-pt-dgpc-110404	neg-pt-dgpc-110404	0	hard_negative	train	PT	Escaravelhão - Núcleo I	-8.604479804271925	42.014493113113375	-8.60757503,42.01219344,-8.60138458,42.01679279		512	Elevacion25830_5	https://servicios.idee.es/wcs-inspire/mdt	data/external/weak-label-relief-v1/train/negative/wl-tile-v1-09812-neg-pt-dgpc-110404-mdt5.tif	skipped	unsupported_country											WCS MDT target currently supports Spain/EPSG:25830 only		2026-08-01T00:00:00Z
weak-relief-wcs-v1-00105	wl-tile-v1-09811	wl-neg-neg-pt-dgpc-110403	neg-pt-dgpc-110403	0	hard_negative	train	PT	Escaravelhão - Núcleo III	-8.607786518844042	42.0141902134922	-8.61088173,42.01189054,-8.60469131,42.01648989		512	Elevacion25830_5	https://servicios.idee.es/wcs-inspire/mdt	data/external/weak-label-relief-v1/train/negative/wl-tile-v1-09811-neg-pt-dgpc-110403-mdt5.tif	skipped	unsupported_country											WCS MDT target currently supports Spain/EPSG:25830 only		2026-08-01T00:00:00Z
weak-relief-wcs-v1-00106	wl-tile-v1-09818	wl-neg-neg-pt-dgpc-111359	neg-pt-dgpc-111359	0	hard_negative	train	PT	Escaravelhão - Núcleo IV	-8.60900896556864	42.012981005422496	-8.61210412,42.01068133,-8.60591381,42.01528068		512	Elevacion25830_5	https://servicios.idee.es/wcs-inspire/mdt	data/external/weak-label-relief-v1/train/negative/wl-tile-v1-09818-neg-pt-dgpc-111359-mdt5.tif	skipped	unsupported_country											WCS MDT target currently supports Spain/EPSG:25830 only		2026-08-01T00:00:00Z
weak-relief-wcs-v1-00107	wl-tile-v1-09819	wl-neg-neg-pt-dgpc-111376	neg-pt-dgpc-111376	0	hard_negative	train	PT	Escaravelhão - Núcleo V	-8.60877062235082	42.01563980331449	-8.61186590,42.01334013,-8.60567534,42.01793948		512	Elevacion25830_5	https://servicios.idee.es/wcs-inspire/mdt	data/external/weak-label-relief-v1/train/negative/wl-tile-v1-09819-neg-pt-dgpc-111376-mdt5.tif	skipped	unsupported_country											WCS MDT target currently supports Spain/EPSG:25830 only		2026-08-01T00:00:00Z
weak-relief-wcs-v1-00108	wl-tile-v1-09820	wl-neg-neg-pt-dgpc-111387	neg-pt-dgpc-111387	0	hard_negative	train	PT	Escaravelhão - Núcleo VI	-8.609922157162032	42.0168623533593	-8.61301750,42.01456268,-8.60682682,42.01916203		512	Elevacion25830_5	https://servicios.idee.es/wcs-inspire/mdt	data/external/weak-label-relief-v1/train/negative/wl-tile-v1-09820-neg-pt-dgpc-111387-mdt5.tif	skipped	unsupported_country											WCS MDT target currently supports Spain/EPSG:25830 only		2026-08-01T00:00:00Z
weak-relief-wcs-v1-00109	wl-tile-v1-09622	wl-neg-neg-pt-dgpc-113951	neg-pt-dgpc-113951	0	hard_negative	train	PT	Fiães	-8.62216248121664	41.41280800220792	-8.62522887,41.41050833,-8.61909610,41.41510768		512	Elevacion25830_5	https://servicios.idee.es/wcs-inspire/mdt	data/external/weak-label-relief-v1/train/negative/wl-tile-v1-09622-neg-pt-dgpc-113951-mdt5.tif	skipped	unsupported_country											WCS MDT target currently supports Spain/EPSG:25830 only		2026-08-01T00:00:00Z
weak-relief-wcs-v1-00110	wl-tile-v1-09857	wl-neg-neg-pt-dgpc-111323	neg-pt-dgpc-111323	0	hard_negative	train	PT	Fonte do Sapo	-7.94137788197333	41.3797926945055	-7.94444271,41.37749302,-7.93831305,41.38209237		512	Elevacion25830_5	https://servicios.idee.es/wcs-inspire/mdt	data/external/weak-label-relief-v1/train/negative/wl-tile-v1-09857-neg-pt-dgpc-111323-mdt5.tif	skipped	unsupported_country											WCS MDT target currently supports Spain/EPSG:25830 only		2026-08-01T00:00:00Z
weak-relief-wcs-v1-00111	wl-tile-v1-09663	wl-neg-neg-pt-dgpc-104978	neg-pt-dgpc-104978	0	hard_negative	train	PT	Fontelas	-8.063518172680924	41.258366933046645	-8.06657730,41.25606726,-8.06045905,41.26066661		512	Elevacion25830_5	https://servicios.idee.es/wcs-inspire/mdt	data/external/weak-label-relief-v1/train/negative/wl-tile-v1-09663-neg-pt-dgpc-104978-mdt5.tif	skipped	unsupported_country											WCS MDT target currently supports Spain/EPSG:25830 only		2026-08-01T00:00:00Z
weak-relief-wcs-v1-00112	wl-tile-v1-09658	wl-neg-neg-pt-dgpc-108332	neg-pt-dgpc-108332	0	hard_negative	train	PT	Forno dos Mouros	-7.163076526580571	41.89736830092997	-7.16616607,41.89506862,-7.15998698,41.89966798		512	Elevacion25830_5	https://servicios.idee.es/wcs-inspire/mdt	data/external/weak-label-relief-v1/train/negative/wl-tile-v1-09658-neg-pt-dgpc-108332-mdt5.tif	skipped	unsupported_country											WCS MDT target currently supports Spain/EPSG:25830 only		2026-08-01T00:00:00Z
weak-relief-wcs-v1-00113	wl-tile-v1-09823	wl-neg-neg-pt-dgpc-113811	neg-pt-dgpc-113811	0	hard_negative	train	PT	Forte de Belém	-8.648730653650246	42.0008195535819	-8.65182521,41.99851988,-8.64563609,42.00311923		512	Elevacion25830_5	https://servicios.idee.es/wcs-inspire/mdt	data/external/weak-label-relief-v1/train/negative/wl-tile-v1-09823-neg-pt-dgpc-113811-mdt5.tif	skipped	unsupported_country											WCS MDT target currently supports Spain/EPSG:25830 only		2026-08-01T00:00:00Z
weak-relief-wcs-v1-00114	wl-tile-v1-09737	wl-neg-neg-pt-dgpc-111176	neg-pt-dgpc-111176	0	hard_negative	train	PT	Forte de Bragandelo	-8.474653392982848	41.95994420676822	-8.47774597,41.95764453,-8.47156082,41.96224388		512	Elevacion25830_5	https://servicios.idee.es/wcs-inspire/mdt	data/external/weak-label-relief-v1/train/negative/wl-tile-v1-09737-neg-pt-dgpc-111176-mdt5.tif	skipped	unsupported_country											WCS MDT target currently supports Spain/EPSG:25830 only		2026-08-01T00:00:00Z
weak-relief-wcs-v1-00115	wl-tile-v1-09822	wl-neg-neg-pt-dgpc-113808	neg-pt-dgpc-113808	0	hard_negative	train	PT	Forte de São Francisco	-8.628166725095895	42.013999713689316	-8.63126193,42.01170004,-8.62507152,42.01629939		512	Elevacion25830_5	https://servicios.idee.es/wcs-inspire/mdt	data/external/weak-label-relief-v1/train/negative/wl-tile-v1-09822-neg-pt-dgpc-113808-mdt5.tif	skipped	unsupported_country											WCS MDT target currently supports Spain/EPSG:25830 only		2026-08-01T00:00:00Z
weak-relief-wcs-v1-00116	wl-tile-v1-09805	wl-neg-neg-pt-dgpc-108516	neg-pt-dgpc-108516	0	hard_negative	train	PT	Forte de São Jorge/ Fortificação do Monte da Chãs/ Forte da Silva	-8.66454850781293	41.96812808070406	-8.66764148,41.96582840,-8.66145554,41.97042776		512	Elevacion25830_5	https://servicios.idee.es/wcs-inspire/mdt	data/external/weak-label-relief-v1/train/negative/wl-tile-v1-09805-neg-pt-dgpc-108516-mdt5.tif	skipped	unsupported_country											WCS MDT target currently supports Spain/EPSG:25830 only		2026-08-01T00:00:00Z
weak-relief-wcs-v1-00117	wl-tile-v1-09730	wl-neg-neg-pt-dgpc-106685	neg-pt-dgpc-106685	0	hard_negative	train	PT	Forte de São João Baptista	-8.75178694251649	41.34167147034546	-8.75484998,41.33937179,-8.74872391,41.34397115		512	Elevacion25830_5	https://servicios.idee.es/wcs-inspire/mdt	data/external/weak-label-relief-v1/train/negative/wl-tile-v1-09730-neg-pt-dgpc-106685-mdt5.tif	skipped	unsupported_country											WCS MDT target currently supports Spain/EPSG:25830 only		2026-08-01T00:00:00Z
weak-relief-wcs-v1-00118	wl-tile-v1-09651	wl-neg-neg-pt-dgpc-108688	neg-pt-dgpc-108688	0	hard_negative	train	PT	Forte de São João de Deus	-6.764711430655302	41.80561752757639	-6.76779654,41.80331785,-6.76162632,41.80791720		512	Elevacion25830_5	https://servicios.idee.es/wcs-inspire/mdt	data/external/weak-label-relief-v1/train/negative/wl-tile-v1-09651-neg-pt-dgpc-108688-mdt5.tif	skipped	unsupported_country											WCS MDT target currently supports Spain/EPSG:25830 only		2026-08-01T00:00:00Z
weak-relief-wcs-v1-00119	wl-tile-v1-09821	wl-neg-neg-pt-dgpc-113805	neg-pt-dgpc-113805	0	hard_negative	train	PT	Forte de São Luís Gonzaga e Atalaia de Santa Teresa	-8.672522073640147	41.99262648512436	-8.67561624,41.99032681,-8.66942791,41.99492616		512	Elevacion25830_5	https://servicios.idee.es/wcs-inspire/mdt	data/external/weak-label-relief-v1/train/negative/wl-tile-v1-09821-neg-pt-dgpc-113805-mdt5.tif	skipped	unsupported_country											WCS MDT target currently supports Spain/EPSG:25830 only		2026-08-01T00:00:00Z
weak-relief-wcs-v1-00120	wl-tile-v1-09806	wl-neg-neg-pt-dgpc-108554	neg-pt-dgpc-108554	0	hard_negative	train	PT	Forte do Tuído ou da Gandra	-8.630430276992188	42.00223968736881	-8.63352491,41.99994001,-8.62733565,42.00453936		512	Elevacion25830_5	https://servicios.idee.es/wcs-inspire/mdt	data/external/weak-label-relief-v1/train/negative/wl-tile-v1-09806-neg-pt-dgpc-108554-mdt5.tif	skipped	unsupported_country											WCS MDT target currently supports Spain/EPSG:25830 only		2026-08-01T00:00:00Z
weak-relief-wcs-v1-00121	wl-tile-v1-09817	wl-neg-neg-pt-dgpc-111040	neg-pt-dgpc-111040	0	hard_negative	train	PT	Fortificações da Praça de Valença do Minho	-8.645605781063436	42.02984845696913	-8.64870175,42.02754878,-8.64250981,42.03214813		512	Elevacion25830_5	https://servicios.idee.es/wcs-inspire/mdt	data/external/weak-label-relief-v1/train/negative/wl-tile-v1-09817-neg-pt-dgpc-111040-mdt5.tif	skipped	unsupported_country											WCS MDT target currently supports Spain/EPSG:25830 only		2026-08-01T00:00:00Z
weak-relief-wcs-v1-00122	wl-tile-v1-09816	wl-neg-neg-pt-dgpc-111013	neg-pt-dgpc-111013	0	hard_negative	train	PT	Fortim do Verdoejo/ Forte da Gingleta	-8.581134983214382	42.05077845757125	-8.58423198,42.04847878,-8.57803799,42.05307813		512	Elevacion25830_5	https://servicios.idee.es/wcs-inspire/mdt	data/external/weak-label-relief-v1/train/negative/wl-tile-v1-09816-neg-pt-dgpc-111013-mdt5.tif	skipped	unsupported_country											WCS MDT target currently supports Spain/EPSG:25830 only		2026-08-01T00:00:00Z
weak-relief-wcs-v1-00123	wl-tile-v1-09828	wl-neg-neg-pt-dgpc-108643	neg-pt-dgpc-108643	0	hard_negative	train	PT	Fraga das Passadas	-7.4953126400813685	41.799217484918564	-7.49839745,41.79691781,-7.49222783,41.80151716		512	Elevacion25830_5	https://servicios.idee.es/wcs-inspire/mdt	data/external/weak-label-relief-v1/train/negative/wl-tile-v1-09828-neg-pt-dgpc-108643-mdt5.tif	skipped	unsupported_country											WCS MDT target currently supports Spain/EPSG:25830 only		2026-08-01T00:00:00Z
weak-relief-wcs-v1-00124	wl-tile-v1-09656	wl-neg-neg-pt-dgpc-107177	neg-pt-dgpc-107177	0	hard_negative	train	PT	Fraga dos Namorados	-7.050457951842127	41.392176908431836	-7.05352336,41.38987723,-7.04739254,41.39447659		512	Elevacion25830_5	https://servicios.idee.es/wcs-inspire/mdt	data/external/weak-label-relief-v1/train/negative/wl-tile-v1-09656-neg-pt-dgpc-107177-mdt5.tif	skipped	unsupported_country											WCS MDT target currently supports Spain/EPSG:25830 only		2026-08-01T00:00:00Z
weak-relief-wcs-v1-00125	wl-tile-v1-09667	wl-neg-neg-pt-dgpc-106219	neg-pt-dgpc-106219	0	hard_negative	train	PT	Gatão - Igreja de São João Baptista	-8.063006327966526	41.29700308326849	-8.06606726,41.29470341,-8.05994539,41.29930276		512	Elevacion25830_5	https://servicios.idee.es/wcs-inspire/mdt	data/external/weak-label-relief-v1/train/negative/wl-tile-v1-09667-neg-pt-dgpc-106219-mdt5.tif	skipped	unsupported_country											WCS MDT target currently supports Spain/EPSG:25830 only		2026-08-01T00:00:00Z
weak-relief-wcs-v1-00126	wl-tile-v1-09747	wl-neg-neg-pt-dgpc-108697	neg-pt-dgpc-108697	0	hard_negative	train	PT	Gorgolada	-8.849409017008156	41.80648972386925	-8.85249417,41.80419005,-8.84632386,41.80878940		512	Elevacion25830_5	https://servicios.idee.es/wcs-inspire/mdt	data/external/weak-label-relief-v1/train/negative/wl-tile-v1-09747-neg-pt-dgpc-108697-mdt5.tif	skipped	unsupported_country											WCS MDT target currently supports Spain/EPSG:25830 only		2026-08-01T00:00:00Z
weak-relief-wcs-v1-00127	wl-tile-v1-09742	wl-neg-neg-pt-dgpc-108345	neg-pt-dgpc-108345	0	hard_negative	train	PT	Gravura rupestre 1 de Góis Pequeno	-8.781685037593583	41.898093928882254	-8.78477461,41.89579425,-8.77859546,41.90039361		512	Elevacion25830_5	https://servicios.idee.es/wcs-inspire/mdt	data/external/weak-label-relief-v1/train/negative/wl-tile-v1-09742-neg-pt-dgpc-108345-mdt5.tif	skipped	unsupported_country											WCS MDT target currently supports Spain/EPSG:25830 only		2026-08-01T00:00:00Z
weak-relief-wcs-v1-00128	wl-tile-v1-09743	wl-neg-neg-pt-dgpc-108347	neg-pt-dgpc-108347	0	hard_negative	train	PT	Gravura rupestre 2 de Góis Pequeno	-8.78180644662108	41.898183272916775	-8.78489603,41.89588360,-8.77871687,41.90048295		512	Elevacion25830_5	https://servicios.idee.es/wcs-inspire/mdt	data/external/weak-label-relief-v1/train/negative/wl-tile-v1-09743-neg-pt-dgpc-108347-mdt5.tif	skipped	unsupported_country											WCS MDT target currently supports Spain/EPSG:25830 only		2026-08-01T00:00:00Z
weak-relief-wcs-v1-00129	wl-tile-v1-09741	wl-neg-neg-pt-dgpc-108344	neg-pt-dgpc-108344	0	hard_negative	train	PT	Gravura rupestre 3 de Góis Pequeno	-8.781805535521675	41.89809324824596	-8.78489511,41.89579357,-8.77871596,41.90039292		512	Elevacion25830_5	https://servicios.idee.es/wcs-inspire/mdt	data/external/weak-label-relief-v1/train/negative/wl-tile-v1-09741-neg-pt-dgpc-108344-mdt5.tif	skipped	unsupported_country											WCS MDT target currently supports Spain/EPSG:25830 only		2026-08-01T00:00:00Z
weak-relief-wcs-v1-00130	wl-tile-v1-09744	wl-neg-neg-pt-dgpc-108349	neg-pt-dgpc-108349	0	hard_negative	train	PT	Gravura rupestre 4 de Góis Pequeno	-8.784461056886071	41.89852835279613	-8.78755066,41.89622868,-8.78137146,41.90082803		512	Elevacion25830_5	https://servicios.idee.es/wcs-inspire/mdt	data/external/weak-label-relief-v1/train/negative/wl-tile-v1-09744-neg-pt-dgpc-108349-mdt5.tif	skipped	unsupported_country											WCS MDT target currently supports Spain/EPSG:25830 only		2026-08-01T00:00:00Z
weak-relief-wcs-v1-00131	wl-tile-v1-09843	wl-neg-neg-pt-dgpc-109707	neg-pt-dgpc-109707	0	hard_negative	train	PT	Igreja Nossa Senhora da Azinheira	-7.450566684596285	41.768502745208906	-7.45365001,41.76620307,-7.44748336,41.77080242		512	Elevacion25830_5	https://servicios.idee.es/wcs-inspire/mdt	data/external/weak-label-relief-v1/train/negative/wl-tile-v1-09843-neg-pt-dgpc-109707-mdt5.tif	skipped	unsupported_country											WCS MDT target currently supports Spain/EPSG:25830 only		2026-08-01T00:00:00Z
weak-relief-wcs-v1-00132	wl-tile-v1-09690	wl-neg-neg-pt-dgpc-111142	neg-pt-dgpc-111142	0	hard_negative	train	PT	Igreja Paroquial de Cristelos (Santo André)	-8.292352250041256	41.278268931584925	-8.29541231,41.27596925,-8.28929219,41.28056861		512	Elevacion25830_5	https://servicios.idee.es/wcs-inspire/mdt	data/external/weak-label-relief-v1/train/negative/wl-tile-v1-09690-neg-pt-dgpc-111142-mdt5.tif	skipped	unsupported_country											WCS MDT target currently supports Spain/EPSG:25830 only		2026-08-01T00:00:00Z
weak-relief-wcs-v1-00133	wl-tile-v1-09672	wl-neg-neg-pt-dgpc-114021	neg-pt-dgpc-114021	0	hard_negative	train	PT	Igreja de Nossa Senhora do Lufrei	-8.054377551712612	41.27363913446673	-8.05743739,41.27133946,-8.05131771,41.27593881		512	Elevacion25830_5	https://servicios.idee.es/wcs-inspire/mdt	data/external/weak-label-relief-v1/train/negative/wl-tile-v1-09672-neg-pt-dgpc-114021-mdt5.tif	skipped	unsupported_country											WCS MDT target currently supports Spain/EPSG:25830 only		2026-08-01T00:00:00Z
weak-relief-wcs-v1-00134	wl-tile-v1-09616	wl-neg-neg-pt-dgpc-106976	neg-pt-dgpc-106976	0	hard_negative	train	PT	Landim	-8.467838557088948	41.37876751676841	-8.47090334,41.37646784,-8.46477378,41.38106719		512	Elevacion25830_5	https://servicios.idee.es/wcs-inspire/mdt	data/external/weak-label-relief-v1/train/negative/wl-tile-v1-09616-neg-pt-dgpc-106976-mdt5.tif	skipped	unsupported_country											WCS MDT target currently supports Spain/EPSG:25830 only		2026-08-01T00:00:00Z
weak-relief-wcs-v1-00135	wl-tile-v1-09710	wl-neg-neg-pt-dgpc-106145	neg-pt-dgpc-106145	0	hard_negative	train	PT	Leça do Bailio	-8.621977700308152	41.209840076872936	-8.62503455,41.20754040,-8.61892085,41.21213975		512	Elevacion25830_5	https://servicios.idee.es/wcs-inspire/mdt	data/external/weak-label-relief-v1/train/negative/wl-tile-v1-09710-neg-pt-dgpc-106145-mdt5.tif	skipped	unsupported_country											WCS MDT target currently supports Spain/EPSG:25830 only		2026-08-01T00:00:00Z
weak-relief-wcs-v1-00136	wl-tile-v1-09793	wl-neg-neg-pt-dgpc-112395	neg-pt-dgpc-112395	0	hard_negative	train	PT	Linhares	-8.612885080577993	41.926373750116824	-8.61597603,41.92407407,-8.60979413,41.92867343		512	Elevacion25830_5	https://servicios.idee.es/wcs-inspire/mdt	data/external/weak-label-relief-v1/train/negative/wl-tile-v1-09793-neg-pt-dgpc-112395-mdt5.tif	skipped	unsupported_country											WCS MDT target currently supports Spain/EPSG:25830 only		2026-08-01T00:00:00Z
weak-relief-wcs-v1-00137	wl-tile-v1-09538	wl-neg-neg-pt-dgpc-108044	neg-pt-dgpc-108044	0	hard_negative	train	PT	Lordelo	-8.688908528714684	41.495320102078274	-8.69197882,41.49302043,-8.68583824,41.49761978		512	Elevacion25830_5	https://servicios.idee.es/wcs-inspire/mdt	data/external/weak-label-relief-v1/train/negative/wl-tile-v1-09538-neg-pt-dgpc-108044-mdt5.tif	skipped	unsupported_country											WCS MDT target currently supports Spain/EPSG:25830 only		2026-08-01T00:00:00Z
weak-relief-wcs-v1-00138	wl-tile-v1-09798	wl-neg-neg-pt-dgpc-112409	neg-pt-dgpc-112409	0	hard_negative	train	PT	Mamoa 1 da Fonte Cavada	-8.553612436495301	41.9612264962826	-8.55670507,41.95892682,-8.55051980,41.96352617		512	Elevacion25830_5	https://servicios.idee.es/wcs-inspire/mdt	data/external/weak-label-relief-v1/train/negative/wl-tile-v1-09798-neg-pt-dgpc-112409-mdt5.tif	skipped	unsupported_country											WCS MDT target currently supports Spain/EPSG:25830 only		2026-08-01T00:00:00Z
weak-relief-wcs-v1-00139	wl-tile-v1-09639	wl-neg-neg-pt-dgpc-109630	neg-pt-dgpc-109630	0	hard_negative	train	PT	Mamoa 1 de Bustelo	-8.45088401165534	41.700516067169154	-8.45396408,41.69821639,-8.44780395,41.70281574		512	Elevacion25830_5	https://servicios.idee.es/wcs-inspire/mdt	data/external/weak-label-relief-v1/train/negative/wl-tile-v1-09639-neg-pt-dgpc-109630-mdt5.tif	skipped	unsupported_country											WCS MDT target currently supports Spain/EPSG:25830 only		2026-08-01T00:00:00Z
weak-relief-wcs-v1-00140	wl-tile-v1-09795	wl-neg-neg-pt-dgpc-112406	neg-pt-dgpc-112406	0	hard_negative	train	PT	Mamoa 1 de Chão das Porreiras	-8.54599211809675	41.96171826361448	-8.54908478,41.95941859,-8.54289946,41.96401794		512	Elevacion25830_5	https://servicios.idee.es/wcs-inspire/mdt	data/external/weak-label-relief-v1/train/negative/wl-tile-v1-09795-neg-pt-dgpc-112406-mdt5.tif	skipped	unsupported_country											WCS MDT target currently supports Spain/EPSG:25830 only		2026-08-01T00:00:00Z
weak-relief-wcs-v1-00141	wl-tile-v1-09625	wl-neg-neg-pt-dgpc-109350	neg-pt-dgpc-109350	0	hard_negative	train	PT	Mamoa 1 de Chão de Couce	-8.47680095613144	41.68545066386597	-8.47988030,41.68315099,-8.47372161,41.68775034		512	Elevacion25830_5	https://servicios.idee.es/wcs-inspire/mdt	data/external/weak-label-relief-v1/train/negative/wl-tile-v1-09625-neg-pt-dgpc-109350-mdt5.tif	skipped	unsupported_country											WCS MDT target currently supports Spain/EPSG:25830 only		2026-08-01T00:00:00Z
weak-relief-wcs-v1-00142	wl-tile-v1-09779	wl-neg-neg-pt-dgpc-112378	neg-pt-dgpc-112378	0	hard_negative	train	PT	Mamoa 1 do Cárdio	-8.53620304544613	41.974037938981745	-8.53929630,41.97173826,-8.53310979,41.97633762		512	Elevacion25830_5	https://servicios.idee.es/wcs-inspire/mdt	data/external/weak-label-relief-v1/train/negative/wl-tile-v1-09779-neg-pt-dgpc-112378-mdt5.tif	skipped	unsupported_country											WCS MDT target currently supports Spain/EPSG:25830 only		2026-08-01T00:00:00Z
weak-relief-wcs-v1-00143	wl-tile-v1-09753	wl-neg-neg-pt-dgpc-113975	neg-pt-dgpc-113975	0	hard_negative	train	PT	Mamoa 1 dos Prados da Saba	-8.135086558641975	42.044317883439845	-8.13818324,42.04201821,-8.13198988,42.04661756		512	Elevacion25830_5	https://servicios.idee.es/wcs-inspire/mdt	data/external/weak-label-relief-v1/train/negative/wl-tile-v1-09753-neg-pt-dgpc-113975-mdt5.tif	skipped	unsupported_country											WCS MDT target currently supports Spain/EPSG:25830 only		2026-08-01T00:00:00Z
weak-relief-wcs-v1-00144	wl-tile-v1-09630	wl-neg-neg-pt-dgpc-109548	neg-pt-dgpc-109548	0	hard_negative	train	PT	Mamoa 10 de Bustelo	-8.456629632801764	41.69635843918555	-8.45970950,41.69405876,-8.45354977,41.69865812		512	Elevacion25830_5	https://servicios.idee.es/wcs-inspire/mdt	data/external/weak-label-relief-v1/train/negative/wl-tile-v1-09630-neg-pt-dgpc-109548-mdt5.tif	skipped	unsupported_country											WCS MDT target currently supports Spain/EPSG:25830 only		2026-08-01T00:00:00Z
weak-relief-wcs-v1-00145	wl-tile-v1-09764	wl-neg-neg-pt-dgpc-114017	neg-pt-dgpc-114017	0	hard_negative	train	PT	Mamoa 10 de Vale das Antas	-8.105840592692044	42.06740601916049	-8.10893840,42.06510634,-8.10274279,42.06970570		512	Elevacion25830_5	https://servicios.idee.es/wcs-inspire/mdt	data/external/weak-label-relief-v1/train/negative/wl-tile-v1-09764-neg-pt-dgpc-114017-mdt5.tif	skipped	unsupported_country											WCS MDT target currently supports Spain/EPSG:25830 only		2026-08-01T00:00:00Z
weak-relief-wcs-v1-00146	wl-tile-v1-09629	wl-neg-neg-pt-dgpc-109537	neg-pt-dgpc-109537	0	hard_negative	train	PT	Mamoa 11 de Bustelo	-8.457709406447089	41.69608528689129	-8.46078926,41.69378561,-8.45462955,41.69838496		512	Elevacion25830_5	https://servicios.idee.es/wcs-inspire/mdt	data/external/weak-label-relief-v1/train/negative/wl-tile-v1-09629-neg-pt-dgpc-109537-mdt5.tif	skipped	unsupported_country											WCS MDT target currently supports Spain/EPSG:25830 only		2026-08-01T00:00:00Z
weak-relief-wcs-v1-00147	wl-tile-v1-09765	wl-neg-neg-pt-dgpc-114022	neg-pt-dgpc-114022	0	hard_negative	train	PT	Mamoa 11 de Vale das Antas	-8.105871573428251	42.066838789664054	-8.10896935,42.06453911,-8.10277380,42.06913847		512	Elevacion25830_5	https://servicios.idee.es/wcs-inspire/mdt	data/external/weak-label-relief-v1/train/negative/wl-tile-v1-09765-neg-pt-dgpc-114022-mdt5.tif	skipped	unsupported_country											WCS MDT target currently supports Spain/EPSG:25830 only		2026-08-01T00:00:00Z
weak-relief-wcs-v1-00148	wl-tile-v1-09628	wl-neg-neg-pt-dgpc-109534	neg-pt-dgpc-109534	0	hard_negative	train	PT	Mamoa 12 de Bustelo	-8.45867040880866	41.69608256315368	-8.46175026,41.69378289,-8.45559055,41.69838224		512	Elevacion25830_5	https://servicios.idee.es/wcs-inspire/mdt	data/external/weak-label-relief-v1/train/negative/wl-tile-v1-09628-neg-pt-dgpc-109534-mdt5.tif	skipped	unsupported_country											WCS MDT target currently supports Spain/EPSG:25830 only		2026-08-01T00:00:00Z
weak-relief-wcs-v1-00149	wl-tile-v1-09757	wl-neg-neg-pt-dgpc-113989	neg-pt-dgpc-113989	0	hard_negative	train	PT	Mamoa 12 de Lama do Brincadoiro	-8.101900725344722	42.05556294870289	-8.10499795,42.05326327,-8.09880350,42.05786263		512	Elevacion25830_5	https://servicios.idee.es/wcs-inspire/mdt	data/external/weak-label-relief-v1/train/negative/wl-tile-v1-09757-neg-pt-dgpc-113989-mdt5.tif	skipped	unsupported_country											WCS MDT target currently supports Spain/EPSG:25830 only		2026-08-01T00:00:00Z
weak-relief-wcs-v1-00150	wl-tile-v1-09759	wl-neg-neg-pt-dgpc-113999	neg-pt-dgpc-113999	0	hard_negative	train	PT	Mamoa 13 da Corga do Gato	-8.092630038757248	42.04160701238704	-8.09572658,42.03930734,-8.08953349,42.04390669		512	Elevacion25830_5	https://servicios.idee.es/wcs-inspire/mdt	data/external/weak-label-relief-v1/train/negative/wl-tile-v1-09759-neg-pt-dgpc-113999-mdt5.tif	skipped	unsupported_country											WCS MDT target currently supports Spain/EPSG:25830 only		2026-08-01T00:00:00Z
weak-relief-wcs-v1-00151	wl-tile-v1-09627	wl-neg-neg-pt-dgpc-109525	neg-pt-dgpc-109525	0	hard_negative	train	PT	Mamoa 13 de Bustelo	-8.459149543429913	41.6958110999612	-8.46222938,41.69351142,-8.45606970,41.69811078		512	Elevacion25830_5	https://servicios.idee.es/wcs-inspire/mdt	data/external/weak-label-relief-v1/train/negative/wl-tile-v1-09627-neg-pt-dgpc-109525-mdt5.tif	skipped	unsupported_country											WCS MDT target currently supports Spain/EPSG:25830 only		2026-08-01T00:00:00Z
weak-relief-wcs-v1-00152	wl-tile-v1-09766	wl-neg-neg-pt-dgpc-114026	neg-pt-dgpc-114026	0	hard_negative	train	PT	Mamoa 14 do Cabeço das Quatro Fontes	-8.160131910705118	42.062732075470514	-8.16322949,42.06043240,-8.15703434,42.06503175		512	Elevacion25830_5	https://servicios.idee.es/wcs-inspire/mdt	data/external/weak-label-relief-v1/train/negative/wl-tile-v1-09766-neg-pt-dgpc-114026-mdt5.tif	skipped	unsupported_country											WCS MDT target currently supports Spain/EPSG:25830 only		2026-08-01T00:00:00Z
weak-relief-wcs-v1-00153	wl-tile-v1-09799	wl-neg-neg-pt-dgpc-112410	neg-pt-dgpc-112410	0	hard_negative	train	PT	Mamoa 2 da Fonte Cavada	-8.55350892853024	41.96152994219102	-8.55660158,41.95923027,-8.55041628,41.96382962		512	Elevacion25830_5	https://servicios.idee.es/wcs-inspire/mdt	data/external/weak-label-relief-v1/train/negative/wl-tile-v1-09799-neg-pt-dgpc-112410-mdt5.tif	skipped	unsupported_country											WCS MDT target currently supports Spain/EPSG:25830 only		2026-08-01T00:00:00Z
weak-relief-wcs-v1-00154	wl-tile-v1-09734	wl-neg-neg-pt-dgpc-108526	neg-pt-dgpc-108526	0	hard_negative	train	PT	Mamoa 2 das Lameiras	-8.41817569789668	41.97842385054688	-8.42126917,41.97612417,-8.41508223,41.98072353		512	Elevacion25830_5	https://servicios.idee.es/wcs-inspire/mdt	data/external/weak-label-relief-v1/train/negative/wl-tile-v1-09734-neg-pt-dgpc-108526-mdt5.tif	skipped	unsupported_country											WCS MDT target currently supports Spain/EPSG:25830 only		2026-08-01T00:00:00Z
weak-relief-wcs-v1-00155	wl-tile-v1-09638	wl-neg-neg-pt-dgpc-109628	neg-pt-dgpc-109628	0	hard_negative	train	PT	Mamoa 2 de Bustelo	-8.45088267952095	41.70024596794812	-8.45396273,41.69794629,-8.44780263,41.70254564		512	Elevacion25830_5	https://servicios.idee.es/wcs-inspire/mdt	data/external/weak-label-relief-v1/train/negative/wl-tile-v1-09638-neg-pt-dgpc-109628-mdt5.tif	skipped	unsupported_country											WCS MDT target currently supports Spain/EPSG:25830 only		2026-08-01T00:00:00Z
weak-relief-wcs-v1-00156	wl-tile-v1-09796	wl-neg-neg-pt-dgpc-112407	neg-pt-dgpc-112407	0	hard_negative	train	PT	Mamoa 2 de Chão de Porreiras	-8.547419497214836	41.96149059729115	-8.55051215,41.95919092,-8.54432685,41.96379027		512	Elevacion25830_5	https://servicios.idee.es/wcs-inspire/mdt	data/external/weak-label-relief-v1/train/negative/wl-tile-v1-09796-neg-pt-dgpc-112407-mdt5.tif	skipped	unsupported_country											WCS MDT target currently supports Spain/EPSG:25830 only		2026-08-01T00:00:00Z
weak-relief-wcs-v1-00157	wl-tile-v1-09754	wl-neg-neg-pt-dgpc-113978	neg-pt-dgpc-113978	0	hard_negative	train	PT	Mamoa 2 do Alto dos Piornais/ Rio Laboreiro	-8.114336331656219	42.05314323185476	-8.11743344,42.05084356,-8.11123922,42.05544291		512	Elevacion25830_5	https://servicios.idee.es/wcs-inspire/mdt	data/external/weak-label-relief-v1/train/negative/wl-tile-v1-09754-neg-pt-dgpc-113978-mdt5.tif	skipped	unsupported_country											WCS MDT target currently supports Spain/EPSG:25830 only		2026-08-01T00:00:00Z
weak-relief-wcs-v1-00158	wl-tile-v1-09800	wl-neg-neg-pt-dgpc-112411	neg-pt-dgpc-112411	0	hard_negative	train	PT	Mamoa 2 do Couto da Pinheira	-8.54735101397753	41.95768484552137	-8.55044348,41.95538517,-8.54425855,41.95998452		512	Elevacion25830_5	https://servicios.idee.es/wcs-inspire/mdt	data/external/weak-label-relief-v1/train/negative/wl-tile-v1-09800-neg-pt-dgpc-112411-mdt5.tif	skipped	unsupported_country											WCS MDT target currently supports Spain/EPSG:25830 only		2026-08-01T00:00:00Z
weak-relief-wcs-v1-00159	wl-tile-v1-09780	wl-neg-neg-pt-dgpc-112379	neg-pt-dgpc-112379	0	hard_negative	train	PT	Mamoa 2 do Cárdio	-8.53852501296144	41.97545556529664	-8.54161834,41.97315589,-8.53543169,41.97775524		512	Elevacion25830_5	https://servicios.idee.es/wcs-inspire/mdt	data/external/weak-label-relief-v1/train/negative/wl-tile-v1-09780-neg-pt-dgpc-112379-mdt5.tif	skipped	unsupported_country											WCS MDT target currently supports Spain/EPSG:25830 only		2026-08-01T00:00:00Z
weak-relief-wcs-v1-00160	wl-tile-v1-09755	wl-neg-neg-pt-dgpc-113982	neg-pt-dgpc-113982	0	hard_negative	train	PT	Mamoa 3 da Lama do Brincadoiro	-8.10125498839346	42.05583208006538	-8.10435223,42.05353240,-8.09815775,42.05813176		512	Elevacion25830_5	https://servicios.idee.es/wcs-inspire/mdt	data/external/weak-label-relief-v1/train/negative/wl-tile-v1-09755-neg-pt-dgpc-113982-mdt5.tif	skipped	unsupported_country											WCS MDT target currently supports Spain/EPSG:25830 only		2026-08-01T00:00:00Z
weak-relief-wcs-v1-00161	wl-tile-v1-09637	wl-neg-neg-pt-dgpc-109621	neg-pt-dgpc-109621	0	hard_negative	train	PT	Mamoa 3 de Bustelo	-8.450880902978453	41.69988583743528	-8.45396094,41.69758616,-8.44780087,41.70218551		512	Elevacion25830_5	https://servicios.idee.es/wcs-inspire/mdt	data/external/weak-label-relief-v1/train/negative/wl-tile-v1-09637-neg-pt-dgpc-109621-mdt5.tif	skipped	unsupported_country											WCS MDT target currently supports Spain/EPSG:25830 only		2026-08-01T00:00:00Z
weak-relief-wcs-v1-00162	wl-tile-v1-09756	wl-neg-neg-pt-dgpc-113984	neg-pt-dgpc-113984	0	hard_negative	train	PT	Mamoa 4 da Lama do Bricadoiro	-8.099542981326033	42.054355353116904	-8.10264015,42.05205568,-8.09644581,42.05665503		512	Elevacion25830_5	https://servicios.idee.es/wcs-inspire/mdt	data/external/weak-label-relief-v1/train/negative/wl-tile-v1-09756-neg-pt-dgpc-113984-mdt5.tif	skipped	unsupported_country											WCS MDT target currently supports Spain/EPSG:25830 only		2026-08-01T00:00:00Z
weak-relief-wcs-v1-00163	wl-tile-v1-09636	wl-neg-neg-pt-dgpc-109611	neg-pt-dgpc-109611	0	hard_negative	train	PT	Mamoa 4 de Bustelo	-8.451959869531917	41.69943267287239	-8.45503988,41.69713300,-8.44887986,41.70173235		512	Elevacion25830_5	https://servicios.idee.es/wcs-inspire/mdt	data/external/weak-label-relief-v1/train/negative/wl-tile-v1-09636-neg-pt-dgpc-109611-mdt5.tif	skipped	unsupported_country											WCS MDT target currently supports Spain/EPSG:25830 only		2026-08-01T00:00:00Z
weak-relief-wcs-v1-00164	wl-tile-v1-09758	wl-neg-neg-pt-dgpc-113995	neg-pt-dgpc-113995	0	hard_negative	train	PT	Mamoa 5 Corga do Gato	-8.090725471776606	42.042350247200346	-8.09382205,42.04005057,-8.08762889,42.04464992		512	Elevacion25830_5	https://servicios.idee.es/wcs-inspire/mdt	data/external/weak-label-relief-v1/train/negative/wl-tile-v1-09758-neg-pt-dgpc-113995-mdt5.tif	skipped	unsupported_country											WCS MDT target currently supports Spain/EPSG:25830 only		2026-08-01T00:00:00Z
weak-relief-wcs-v1-00165	wl-tile-v1-09635	wl-neg-neg-pt-dgpc-109600	neg-pt-dgpc-109600	0	hard_negative	train	PT	Mamoa 5 de Bustelo	-8.452197901425402	41.69898184062027	-8.45527789,41.69668216,-8.44911791,41.70128152		512	Elevacion25830_5	https://servicios.idee.es/wcs-inspire/mdt	data/external/weak-label-relief-v1/train/negative/wl-tile-v1-09635-neg-pt-dgpc-109600-mdt5.tif	skipped	unsupported_country											WCS MDT target currently supports Spain/EPSG:25830 only		2026-08-01T00:00:00Z
weak-relief-wcs-v1-00166	wl-tile-v1-09634	wl-neg-neg-pt-dgpc-109583	neg-pt-dgpc-109583	0	hard_negative	train	PT	Mamoa 6 de Bustelo	-8.451953184410787	41.69808218193391	-8.45503313,41.69578251,-8.44887323,41.70038186		512	Elevacion25830_5	https://servicios.idee.es/wcs-inspire/mdt	data/external/weak-label-relief-v1/train/negative/wl-tile-v1-09634-neg-pt-dgpc-109583-mdt5.tif	skipped	unsupported_country											WCS MDT target currently supports Spain/EPSG:25830 only		2026-08-01T00:00:00Z
weak-relief-wcs-v1-00167	wl-tile-v1-09760	wl-neg-neg-pt-dgpc-114002	neg-pt-dgpc-114002	0	hard_negative	train	PT	Mamoa 6 de Vale das Antas	-8.109973525006167	42.063742491668435	-8.11307115,42.06144282,-8.10687590,42.06604217		512	Elevacion25830_5	https://servicios.idee.es/wcs-inspire/mdt	data/external/weak-label-relief-v1/train/negative/wl-tile-v1-09760-neg-pt-dgpc-114002-mdt5.tif	skipped	unsupported_country											WCS MDT target currently supports Spain/EPSG:25830 only		2026-08-01T00:00:00Z
weak-relief-wcs-v1-00168	wl-tile-v1-09632	wl-neg-neg-pt-dgpc-109556	neg-pt-dgpc-109556	0	hard_negative	train	PT	Mamoa 7 de Bustelo	-8.4536291704203	41.696907067985485	-8.45670906,41.69460739,-8.45054928,41.69920674		512	Elevacion25830_5	https://servicios.idee.es/wcs-inspire/mdt	data/external/weak-label-relief-v1/train/negative/wl-tile-v1-09632-neg-pt-dgpc-109556-mdt5.tif	skipped	unsupported_country											WCS MDT target currently supports Spain/EPSG:25830 only		2026-08-01T00:00:00Z
weak-relief-wcs-v1-00169	wl-tile-v1-09761	wl-neg-neg-pt-dgpc-114007	neg-pt-dgpc-114007	0	hard_negative	train	PT	Mamoa 7 de Vale das Antas	-8.106883089531792	42.06443956312192	-8.10998075,42.06213989,-8.10378543,42.06673924		512	Elevacion25830_5	https://servicios.idee.es/wcs-inspire/mdt	data/external/weak-label-relief-v1/train/negative/wl-tile-v1-09761-neg-pt-dgpc-114007-mdt5.tif	skipped	unsupported_country											WCS MDT target currently supports Spain/EPSG:25830 only		2026-08-01T00:00:00Z
weak-relief-wcs-v1-00170	wl-tile-v1-09633	wl-neg-neg-pt-dgpc-109564	neg-pt-dgpc-109564	0	hard_negative	train	PT	Mamoa 8 de Bustelo	-8.453870768650793	41.69717649517306	-8.45695067,41.69487682,-8.45079086,41.69947617		512	Elevacion25830_5	https://servicios.idee.es/wcs-inspire/mdt	data/external/weak-label-relief-v1/train/negative/wl-tile-v1-09633-neg-pt-dgpc-109564-mdt5.tif	skipped	unsupported_country											WCS MDT target currently supports Spain/EPSG:25830 only		2026-08-01T00:00:00Z
weak-relief-wcs-v1-00171	wl-tile-v1-09762	wl-neg-neg-pt-dgpc-114012	neg-pt-dgpc-114012	0	hard_negative	train	PT	Mamoa 8 de Vale das Antas	-8.106404050159064	42.06797739926358	-8.10950188,42.06567772,-8.10330622,42.07027708		512	Elevacion25830_5	https://servicios.idee.es/wcs-inspire/mdt	data/external/weak-label-relief-v1/train/negative/wl-tile-v1-09762-neg-pt-dgpc-114012-mdt5.tif	skipped	unsupported_country											WCS MDT target currently supports Spain/EPSG:25830 only		2026-08-01T00:00:00Z
weak-relief-wcs-v1-00172	wl-tile-v1-09631	wl-neg-neg-pt-dgpc-109551	neg-pt-dgpc-109551	0	hard_negative	train	PT	Mamoa 9 de Bustelo	-8.455548498496636	41.69636148387384	-8.45862837,41.69406181,-8.45246863,41.69866116		512	Elevacion25830_5	https://servicios.idee.es/wcs-inspire/mdt	data/external/weak-label-relief-v1/train/negative/wl-tile-v1-09631-neg-pt-dgpc-109551-mdt5.tif	skipped	unsupported_country											WCS MDT target currently supports Spain/EPSG:25830 only		2026-08-01T00:00:00Z
weak-relief-wcs-v1-00173	wl-tile-v1-09763	wl-neg-neg-pt-dgpc-114016	neg-pt-dgpc-114016	0	hard_negative	train	PT	Mamoa 9 de Vale das Antas	-8.105076676794477	42.06845451497609	-8.10817453,42.06615484,-8.10197882,42.07075419		512	Elevacion25830_5	https://servicios.idee.es/wcs-inspire/mdt	data/external/weak-label-relief-v1/train/negative/wl-tile-v1-09763-neg-pt-dgpc-114016-mdt5.tif	skipped	unsupported_country											WCS MDT target currently supports Spain/EPSG:25830 only		2026-08-01T00:00:00Z
weak-relief-wcs-v1-00174	wl-tile-v1-09606	wl-neg-neg-pt-dgpc-114669	neg-pt-dgpc-114669	0	hard_negative	train	PT	Mamoa I da Bouça do Fojo	-8.264133219265984	41.70225051410151	-8.26721337,41.69995084,-8.26105307,41.70455019		512	Elevacion25830_5	https://servicios.idee.es/wcs-inspire/mdt	data/external/weak-label-relief-v1/train/negative/wl-tile-v1-09606-neg-pt-dgpc-114669-mdt5.tif	skipped	unsupported_country											WCS MDT target currently supports Spain/EPSG:25830 only		2026-08-01T00:00:00Z
weak-relief-wcs-v1-00175	wl-tile-v1-09614	wl-neg-neg-pt-dgpc-114678	neg-pt-dgpc-114678	0	hard_negative	train	PT	Mamoa I da Chã da Navia/ Nave	-8.242122616468263	41.71375684098488	-8.24520332,41.71145716,-8.23904192,41.71605652		512	Elevacion25830_5	https://servicios.idee.es/wcs-inspire/mdt	data/external/weak-label-relief-v1/train/negative/wl-tile-v1-09614-neg-pt-dgpc-114678-mdt5.tif	skipped	unsupported_country											WCS MDT target currently supports Spain/EPSG:25830 only		2026-08-01T00:00:00Z
weak-relief-wcs-v1-00176	wl-tile-v1-09695	wl-neg-neg-pt-dgpc-104689	neg-pt-dgpc-104689	0	hard_negative	train	PT	Mamoa I de Ardegães	-8.56966939359622	41.23301108035118	-8.57272733,41.23071140,-8.56661146,41.23531076		512	Elevacion25830_5	https://servicios.idee.es/wcs-inspire/mdt	data/external/weak-label-relief-v1/train/negative/wl-tile-v1-09695-neg-pt-dgpc-104689-mdt5.tif	skipped	unsupported_country											WCS MDT target currently supports Spain/EPSG:25830 only		2026-08-01T00:00:00Z
weak-relief-wcs-v1-00177	wl-tile-v1-09601	wl-neg-neg-pt-dgpc-114661	neg-pt-dgpc-114661	0	hard_negative	train	PT	Mamoa I de Cimo de Carregadela	-8.27020853948641	41.766900325157145	-8.27329179,41.76460065,-8.26712529,41.76920000		512	Elevacion25830_5	https://servicios.idee.es/wcs-inspire/mdt	data/external/weak-label-relief-v1/train/negative/wl-tile-v1-09601-neg-pt-dgpc-114661-mdt5.tif	skipped	unsupported_country											WCS MDT target currently supports Spain/EPSG:25830 only		2026-08-01T00:00:00Z
weak-relief-wcs-v1-00178	wl-tile-v1-09697	wl-neg-neg-pt-dgpc-104726	neg-pt-dgpc-104726	0	hard_negative	train	PT	Mamoa I de Godêlo	-8.573623538679385	41.23569723336947	-8.57668160,41.23339756,-8.57056548,41.23799691		512	Elevacion25830_5	https://servicios.idee.es/wcs-inspire/mdt	data/external/weak-label-relief-v1/train/negative/wl-tile-v1-09697-neg-pt-dgpc-104726-mdt5.tif	skipped	unsupported_country											WCS MDT target currently supports Spain/EPSG:25830 only		2026-08-01T00:00:00Z
weak-relief-wcs-v1-00179	wl-tile-v1-09610	wl-neg-neg-pt-dgpc-114673	neg-pt-dgpc-114673	0	hard_negative	train	PT	Mamoa I de Porta Cerdeiros	-8.260189005560065	41.70280670930958	-8.26326918,41.70050703,-8.25710883,41.70510639		512	Elevacion25830_5	https://servicios.idee.es/wcs-inspire/mdt	data/external/weak-label-relief-v1/train/negative/wl-tile-v1-09610-neg-pt-dgpc-114673-mdt5.tif	skipped	unsupported_country											WCS MDT target currently supports Spain/EPSG:25830 only		2026-08-01T00:00:00Z
weak-relief-wcs-v1-00180	wl-tile-v1-09618	wl-neg-neg-pt-dgpc-107020	neg-pt-dgpc-107020	0	hard_negative	train	PT	Mamoa I de Vermoim (São Cosme)	-8.457491685565682	41.43264928714387	-8.46055901,41.43034961,-8.45442436,41.43494896		512	Elevacion25830_5	https://servicios.idee.es/wcs-inspire/mdt	data/external/weak-label-relief-v1/train/negative/wl-tile-v1-09618-neg-pt-dgpc-107020-mdt5.tif	skipped	unsupported_country											WCS MDT target currently supports Spain/EPSG:25830 only		2026-08-01T00:00:00Z
weak-relief-wcs-v1-00181	wl-tile-v1-09607	wl-neg-neg-pt-dgpc-114670	neg-pt-dgpc-114670	0	hard_negative	train	PT	Mamoa II da Bouça do Fojo	-8.263552187498515	41.70212093359712	-8.26663233,41.69982126,-8.26047204,41.70442061		512	Elevacion25830_5	https://servicios.idee.es/wcs-inspire/mdt	data/external/weak-label-relief-v1/train/negative/wl-tile-v1-09607-neg-pt-dgpc-114670-mdt5.tif	skipped	unsupported_country											WCS MDT target currently supports Spain/EPSG:25830 only		2026-08-01T00:00:00Z
weak-relief-wcs-v1-00182	wl-tile-v1-09615	wl-neg-neg-pt-dgpc-114679	neg-pt-dgpc-114679	0	hard_negative	train	PT	Mamoa II da Chã da Navia/ Nave	-8.24129761732906	41.714181835568056	-8.24437834,41.71188216,-8.23821690,41.71648151		512	Elevacion25830_5	https://servicios.idee.es/wcs-inspire/mdt	data/external/weak-label-relief-v1/train/negative/wl-tile-v1-09615-neg-pt-dgpc-114679-mdt5.tif	skipped	unsupported_country											WCS MDT target currently supports Spain/EPSG:25830 only		2026-08-01T00:00:00Z
weak-relief-wcs-v1-00183	wl-tile-v1-09694	wl-neg-neg-pt-dgpc-104670	neg-pt-dgpc-104670	0	hard_negative	train	PT	Mamoa II de Ardegães	-8.570259749441899	41.23210842600558	-8.57331764,41.22980875,-8.56720185,41.23440810		512	Elevacion25830_5	https://servicios.idee.es/wcs-inspire/mdt	data/external/weak-label-relief-v1/train/negative/wl-tile-v1-09694-neg-pt-dgpc-104670-mdt5.tif	skipped	unsupported_country											WCS MDT target currently supports Spain/EPSG:25830 only		2026-08-01T00:00:00Z
weak-relief-wcs-v1-00184	wl-tile-v1-09602	wl-neg-neg-pt-dgpc-114662	neg-pt-dgpc-114662	0	hard_negative	train	PT	Mamoa II de Cimo de Carregadela	-8.270092218046686	41.766851054884505	-8.27317547,41.76455138,-8.26700897,41.76915073		512	Elevacion25830_5	https://servicios.idee.es/wcs-inspire/mdt	data/external/weak-label-relief-v1/train/negative/wl-tile-v1-09602-neg-pt-dgpc-114662-mdt5.tif	skipped	unsupported_country											WCS MDT target currently supports Spain/EPSG:25830 only		2026-08-01T00:00:00Z
weak-relief-wcs-v1-00185	wl-tile-v1-09696	wl-neg-neg-pt-dgpc-104712	neg-pt-dgpc-104712	0	hard_negative	train	PT	Mamoa II de Godêlo	-8.573499420591087	41.234977378633005	-8.57655745,41.23267770,-8.57044139,41.23727706		512	Elevacion25830_5	https://servicios.idee.es/wcs-inspire/mdt	data/external/weak-label-relief-v1/train/negative/wl-tile-v1-09696-neg-pt-dgpc-104712-mdt5.tif	skipped	unsupported_country											WCS MDT target currently supports Spain/EPSG:25830 only		2026-08-01T00:00:00Z
weak-relief-wcs-v1-00186	wl-tile-v1-09611	wl-neg-neg-pt-dgpc-114675	neg-pt-dgpc-114675	0	hard_negative	train	PT	Mamoa II de Porta Cerdeiros	-8.25995851693956	41.70370676226233	-8.26303874,41.70140709,-8.25687830,41.70600644		512	Elevacion25830_5	https://servicios.idee.es/wcs-inspire/mdt	data/external/weak-label-relief-v1/train/negative/wl-tile-v1-09611-neg-pt-dgpc-114675-mdt5.tif	skipped	unsupported_country											WCS MDT target currently supports Spain/EPSG:25830 only		2026-08-01T00:00:00Z
weak-relief-wcs-v1-00187	wl-tile-v1-09620	wl-neg-neg-pt-dgpc-107041	neg-pt-dgpc-107041	0	hard_negative	train	PT	Mamoa II de Vermoim (São Cosme)	-8.456842771869661	41.43447889174548	-8.45991018,41.43217922,-8.45377536,41.43677857		512	Elevacion25830_5	https://servicios.idee.es/wcs-inspire/mdt	data/external/weak-label-relief-v1/train/negative/wl-tile-v1-09620-neg-pt-dgpc-107041-mdt5.tif	skipped	unsupported_country											WCS MDT target currently supports Spain/EPSG:25830 only		2026-08-01T00:00:00Z
weak-relief-wcs-v1-00188	wl-tile-v1-09608	wl-neg-neg-pt-dgpc-114671	neg-pt-dgpc-114671	0	hard_negative	train	PT	Mamoa III da Bouça do Fojo	-8.263320708015758	41.70220108893674	-8.26640085,41.69990141,-8.26024056,41.70450077		512	Elevacion25830_5	https://servicios.idee.es/wcs-inspire/mdt	data/external/weak-label-relief-v1/train/negative/wl-tile-v1-09608-neg-pt-dgpc-114671-mdt5.tif	skipped	unsupported_country											WCS MDT target currently supports Spain/EPSG:25830 only		2026-08-01T00:00:00Z
weak-relief-wcs-v1-00189	wl-tile-v1-09603	wl-neg-neg-pt-dgpc-114663	neg-pt-dgpc-114663	0	hard_negative	train	PT	Mamoa III de Cimo de Carregadela	-8.270247619308858	41.76676470218347	-8.27333086,41.76446503,-8.26716437,41.76906438		512	Elevacion25830_5	https://servicios.idee.es/wcs-inspire/mdt	data/external/weak-label-relief-v1/train/negative/wl-tile-v1-09603-neg-pt-dgpc-114663-mdt5.tif	skipped	unsupported_country											WCS MDT target currently supports Spain/EPSG:25830 only		2026-08-01T00:00:00Z
weak-relief-wcs-v1-00190	wl-tile-v1-09612	wl-neg-neg-pt-dgpc-114676	neg-pt-dgpc-114676	0	hard_negative	train	PT	Mamoa III de Porta Cerdeiros	-8.259858537245492	41.704051114377386	-8.26293877,41.70175144,-8.25677830,41.70635079		512	Elevacion25830_5	https://servicios.idee.es/wcs-inspire/mdt	data/external/weak-label-relief-v1/train/negative/wl-tile-v1-09612-neg-pt-dgpc-114676-mdt5.tif	skipped	unsupported_country											WCS MDT target currently supports Spain/EPSG:25830 only		2026-08-01T00:00:00Z
weak-relief-wcs-v1-00191	wl-tile-v1-09619	wl-neg-neg-pt-dgpc-107032	neg-pt-dgpc-107032	0	hard_negative	train	PT	Mamoa III de Vermoim (São Cosme)	-8.456828701438083	41.434055752630144	-8.45989609,41.43175608,-8.45376131,41.43635543		512	Elevacion25830_5	https://servicios.idee.es/wcs-inspire/mdt	data/external/weak-label-relief-v1/train/negative/wl-tile-v1-09619-neg-pt-dgpc-107032-mdt5.tif	skipped	unsupported_country											WCS MDT target currently supports Spain/EPSG:25830 only		2026-08-01T00:00:00Z
weak-relief-wcs-v1-00192	wl-tile-v1-09617	wl-neg-neg-pt-dgpc-107012	neg-pt-dgpc-107012	0	hard_negative	train	PT	Mamoa IV Vermoim (São Cosme)	-8.458111464860076	41.43217933495286	-8.46117877,41.42987966,-8.45504416,41.43447901		512	Elevacion25830_5	https://servicios.idee.es/wcs-inspire/mdt	data/external/weak-label-relief-v1/train/negative/wl-tile-v1-09617-neg-pt-dgpc-107012-mdt5.tif	skipped	unsupported_country											WCS MDT target currently supports Spain/EPSG:25830 only		2026-08-01T00:00:00Z
weak-relief-wcs-v1-00193	wl-tile-v1-09609	wl-neg-neg-pt-dgpc-114672	neg-pt-dgpc-114672	0	hard_negative	train	PT	Mamoa IV da Bouça do Fojo	-8.262997290512251	41.70239830451953	-8.26607745,41.70009863,-8.25991713,41.70469798		512	Elevacion25830_5	https://servicios.idee.es/wcs-inspire/mdt	data/external/weak-label-relief-v1/train/negative/wl-tile-v1-09609-neg-pt-dgpc-114672-mdt5.tif	skipped	unsupported_country											WCS MDT target currently supports Spain/EPSG:25830 only		2026-08-01T00:00:00Z
weak-relief-wcs-v1-00194	wl-tile-v1-09613	wl-neg-neg-pt-dgpc-114677	neg-pt-dgpc-114677	0	hard_negative	train	PT	Mamoa IV de Porta Cerdeiros	-8.259438976703382	41.70392331389225	-8.26251921,41.70162364,-8.25635875,41.70622299		512	Elevacion25830_5	https://servicios.idee.es/wcs-inspire/mdt	data/external/weak-label-relief-v1/train/negative/wl-tile-v1-09613-neg-pt-dgpc-114677-mdt5.tif	skipped	unsupported_country											WCS MDT target currently supports Spain/EPSG:25830 only		2026-08-01T00:00:00Z
weak-relief-wcs-v1-00195	wl-tile-v1-09802	wl-neg-neg-pt-dgpc-108626	neg-pt-dgpc-108626	0	hard_negative	train	PT	Mamoa da Giadela	-8.258292527604821	41.7978812367378	-8.26137727,41.79558156,-8.25520779,41.80018091		512	Elevacion25830_5	https://servicios.idee.es/wcs-inspire/mdt	data/external/weak-label-relief-v1/train/negative/wl-tile-v1-09802-neg-pt-dgpc-108626-mdt5.tif	skipped	unsupported_country											WCS MDT target currently supports Spain/EPSG:25830 only		2026-08-01T00:00:00Z
weak-relief-wcs-v1-00196	wl-tile-v1-09781	wl-neg-neg-pt-dgpc-112380	neg-pt-dgpc-112380	0	hard_negative	train	PT	Mamoa da Sela	-8.562915948502908	41.9734425979246	-8.56600918,41.97114292,-8.55982272,41.97574227		512	Elevacion25830_5	https://servicios.idee.es/wcs-inspire/mdt	data/external/weak-label-relief-v1/train/negative/wl-tile-v1-09781-neg-pt-dgpc-112380-mdt5.tif	skipped	unsupported_country											WCS MDT target currently supports Spain/EPSG:25830 only		2026-08-01T00:00:00Z
weak-relief-wcs-v1-00197	wl-tile-v1-09594	wl-neg-neg-pt-dgpc-109828	neg-pt-dgpc-109828	0	hard_negative	train	PT	Mamoa de Cutelo	-8.251347048545133	41.77663190479847	-8.25443077,41.77433223,-8.24826333,41.77893158		512	Elevacion25830_5	https://servicios.idee.es/wcs-inspire/mdt	data/external/weak-label-relief-v1/train/negative/wl-tile-v1-09594-neg-pt-dgpc-109828-mdt5.tif	skipped	unsupported_country											WCS MDT target currently supports Spain/EPSG:25830 only		2026-08-01T00:00:00Z
weak-relief-wcs-v1-00198	wl-tile-v1-09547	wl-neg-neg-pt-dgpc-114694	neg-pt-dgpc-114694	0	hard_negative	train	PT	Mamoa de Infia 2 / Mamoa dos Barros Brancos 4	-8.722437315310028	41.63198618889695	-8.72551410,41.62968651,-8.71936053,41.63428587		512	Elevacion25830_5	https://servicios.idee.es/wcs-inspire/mdt	data/external/weak-label-relief-v1/train/negative/wl-tile-v1-09547-neg-pt-dgpc-114694-mdt5.tif	skipped	unsupported_country											WCS MDT target currently supports Spain/EPSG:25830 only		2026-08-01T00:00:00Z
weak-relief-wcs-v1-00199	wl-tile-v1-09783	wl-neg-neg-pt-dgpc-112384	neg-pt-dgpc-112384	0	hard_negative	train	PT	Mamoa do Alto do Moinho do Couto	-8.553428767282423	41.95893009225952	-8.55652129,41.95663042,-8.55033624,41.96122977		512	Elevacion25830_5	https://servicios.idee.es/wcs-inspire/mdt	data/external/weak-label-relief-v1/train/negative/wl-tile-v1-09783-neg-pt-dgpc-112384-mdt5.tif	skipped	unsupported_country											WCS MDT target currently supports Spain/EPSG:25830 only		2026-08-01T00:00:00Z
weak-relief-wcs-v1-00200	wl-tile-v1-09640	wl-neg-neg-pt-dgpc-109873	neg-pt-dgpc-109873	0	hard_negative	train	PT	Mamoa do Couto	-8.44339539517577	41.71710279883439	-8.44647626,41.71480312,-8.44031453,41.71940248		512	Elevacion25830_5	https://servicios.idee.es/wcs-inspire/mdt	data/external/weak-label-relief-v1/train/negative/wl-tile-v1-09640-neg-pt-dgpc-109873-mdt5.tif	skipped	unsupported_country											WCS MDT target currently supports Spain/EPSG:25830 only		2026-08-01T00:00:00Z
weak-relief-wcs-v1-00201	wl-tile-v1-09596	wl-neg-neg-pt-dgpc-114656	neg-pt-dgpc-114656	0	hard_negative	train	PT	Mamoa do Cruzeiro	-8.197538941394258	41.749331945948875	-8.20062135,41.74703227,-8.19445653,41.75163162		512	Elevacion25830_5	https://servicios.idee.es/wcs-inspire/mdt	data/external/weak-label-relief-v1/train/negative/wl-tile-v1-09596-neg-pt-dgpc-114656-mdt5.tif	skipped	unsupported_country											WCS MDT target currently supports Spain/EPSG:25830 only		2026-08-01T00:00:00Z
weak-relief-wcs-v1-00202	wl-tile-v1-09699	wl-neg-neg-pt-dgpc-104859	neg-pt-dgpc-104859	0	hard_negative	train	PT	Mamoa do Leandro 3	-8.566201342786735	41.249681784071605	-8.56926006,41.24738211,-8.56314263,41.25198146		512	Elevacion25830_5	https://servicios.idee.es/wcs-inspire/mdt	data/external/weak-label-relief-v1/train/negative/wl-tile-v1-09699-neg-pt-dgpc-104859-mdt5.tif	skipped	unsupported_country											WCS MDT target currently supports Spain/EPSG:25830 only		2026-08-01T00:00:00Z
weak-relief-wcs-v1-00203	wl-tile-v1-09700	wl-neg-neg-pt-dgpc-104887	neg-pt-dgpc-104887	0	hard_negative	train	PT	Mamoa do Leandro 4	-8.569789428489548	41.251018824296665	-8.57284821,41.24871915,-8.56673065,41.25331850		512	Elevacion25830_5	https://servicios.idee.es/wcs-inspire/mdt	data/external/weak-label-relief-v1/train/negative/wl-tile-v1-09700-neg-pt-dgpc-104887-mdt5.tif	skipped	unsupported_country											WCS MDT target currently supports Spain/EPSG:25830 only		2026-08-01T00:00:00Z
weak-relief-wcs-v1-00204	wl-tile-v1-09698	wl-neg-neg-pt-dgpc-104855	neg-pt-dgpc-104855	0	hard_negative	train	PT	Mamoa do Leandro 5	-8.571328342242396	41.249212151931594	-8.57438704,41.24691248,-8.56826965,41.25151183		512	Elevacion25830_5	https://servicios.idee.es/wcs-inspire/mdt	data/external/weak-label-relief-v1/train/negative/wl-tile-v1-09698-neg-pt-dgpc-104855-mdt5.tif	skipped	unsupported_country											WCS MDT target currently supports Spain/EPSG:25830 only		2026-08-01T00:00:00Z
weak-relief-wcs-v1-00205	wl-tile-v1-09788	wl-neg-neg-pt-dgpc-112390	neg-pt-dgpc-112390	0	hard_negative	train	PT	Mamoa dos Agueiros	-8.553605522019026	41.95572598864639	-8.55669789,41.95342631,-8.55051315,41.95802567		512	Elevacion25830_5	https://servicios.idee.es/wcs-inspire/mdt	data/external/weak-label-relief-v1/train/negative/wl-tile-v1-09788-neg-pt-dgpc-112390-mdt5.tif	skipped	unsupported_country											WCS MDT target currently supports Spain/EPSG:25830 only		2026-08-01T00:00:00Z
weak-relief-wcs-v1-00206	wl-tile-v1-09797	wl-neg-neg-pt-dgpc-112408	neg-pt-dgpc-112408	0	hard_negative	train	PT	Mamoa dos Agueiros	-8.554425063221045	41.957379369504395	-8.55751751,41.95507969,-8.55133261,41.95967905		512	Elevacion25830_5	https://servicios.idee.es/wcs-inspire/mdt	data/external/weak-label-relief-v1/train/negative/wl-tile-v1-09797-neg-pt-dgpc-112408-mdt5.tif	skipped	unsupported_country											WCS MDT target currently supports Spain/EPSG:25830 only		2026-08-01T00:00:00Z
weak-relief-wcs-v1-00207	wl-tile-v1-09801	wl-neg-neg-pt-dgpc-112422	neg-pt-dgpc-112422	0	hard_negative	train	PT	Mamoa dos Agueiros	-8.554231485574135	41.95589297529473	-8.55732386,41.95359330,-8.55113911,41.95819265		512	Elevacion25830_5	https://servicios.idee.es/wcs-inspire/mdt	data/external/weak-label-relief-v1/train/negative/wl-tile-v1-09801-neg-pt-dgpc-112422-mdt5.tif	skipped	unsupported_country											WCS MDT target currently supports Spain/EPSG:25830 only		2026-08-01T00:00:00Z
weak-relief-wcs-v1-00208	wl-tile-v1-09678	wl-neg-neg-pt-dgpc-112099	neg-pt-dgpc-112099	0	hard_negative	train	PT	Mamoa dos Crastos (Broalhos)	-8.454970158840887	41.071763054065066	-8.45802058,41.06946338,-8.45191973,41.07406273		512	Elevacion25830_5	https://servicios.idee.es/wcs-inspire/mdt	data/external/weak-label-relief-v1/train/negative/wl-tile-v1-09678-neg-pt-dgpc-112099-mdt5.tif	skipped	unsupported_country											WCS MDT target currently supports Spain/EPSG:25830 only		2026-08-01T00:00:00Z
weak-relief-wcs-v1-00209	wl-tile-v1-09679	wl-neg-neg-pt-dgpc-112102	neg-pt-dgpc-112102	0	hard_negative	train	PT	Mamoa dos Valinhos (Broalhos)	-8.454983360042458	41.07446433162828	-8.45803391,41.07216466,-8.45193281,41.07676401		512	Elevacion25830_5	https://servicios.idee.es/wcs-inspire/mdt	data/external/weak-label-relief-v1/train/negative/wl-tile-v1-09679-neg-pt-dgpc-112102-mdt5.tif	skipped	unsupported_country											WCS MDT target currently supports Spain/EPSG:25830 only		2026-08-01T00:00:00Z
weak-relief-wcs-v1-00210	wl-tile-v1-09624	wl-neg-neg-pt-dgpc-109025	neg-pt-dgpc-109025	0	hard_negative	train	PT	Marrancos	-8.511975738514858	41.67034918987403	-8.51505436,41.66804951,-8.50889712,41.67264887		512	Elevacion25830_5	https://servicios.idee.es/wcs-inspire/mdt	data/external/weak-label-relief-v1/train/negative/wl-tile-v1-09624-neg-pt-dgpc-109025-mdt5.tif	skipped	unsupported_country											WCS MDT target currently supports Spain/EPSG:25830 only		2026-08-01T00:00:00Z
weak-relief-wcs-v1-00211	wl-tile-v1-09661	wl-neg-neg-pt-dgpc-108898	neg-pt-dgpc-108898	0	hard_negative	train	PT	Modorro	-6.948530040095773	41.839712832997705	-6.95161680,41.83741316,-6.94544328,41.84201251		512	Elevacion25830_5	https://servicios.idee.es/wcs-inspire/mdt	data/external/weak-label-relief-v1/train/negative/wl-tile-v1-09661-neg-pt-dgpc-108898-mdt5.tif	skipped	unsupported_country											WCS MDT target currently supports Spain/EPSG:25830 only		2026-08-01T00:00:00Z
weak-relief-wcs-v1-00212	wl-tile-v1-09546	wl-neg-neg-pt-dgpc-113947	neg-pt-dgpc-113947	0	hard_negative	train	PT	Monte	-8.677228643592844	41.474840217581246	-8.68029796,41.47254054,-8.67415932,41.47713989		512	Elevacion25830_5	https://servicios.idee.es/wcs-inspire/mdt	data/external/weak-label-relief-v1/train/negative/wl-tile-v1-09546-neg-pt-dgpc-113947-mdt5.tif	skipped	unsupported_country											WCS MDT target currently supports Spain/EPSG:25830 only		2026-08-01T00:00:00Z
weak-relief-wcs-v1-00213	wl-tile-v1-09659	wl-neg-neg-pt-dgpc-108539	neg-pt-dgpc-108539	0	hard_negative	train	PT	Monte da Igrejinha	-7.126878434623248	41.9863476150578	-7.12997229,41.98404794,-7.12378458,41.98864729		512	Elevacion25830_5	https://servicios.idee.es/wcs-inspire/mdt	data/external/weak-label-relief-v1/train/negative/wl-tile-v1-09659-neg-pt-dgpc-108539-mdt5.tif	skipped	unsupported_country											WCS MDT target currently supports Spain/EPSG:25830 only		2026-08-01T00:00:00Z
weak-relief-wcs-v1-00214	wl-tile-v1-09713	wl-neg-neg-pt-dgpc-106169	neg-pt-dgpc-106169	0	hard_negative	train	PT	Monte de São Brás	-8.660223351170599	41.216721387733145	-8.66328053,41.21442171,-8.65716618,41.21902106		512	Elevacion25830_5	https://servicios.idee.es/wcs-inspire/mdt	data/external/weak-label-relief-v1/train/negative/wl-tile-v1-09713-neg-pt-dgpc-106169-mdt5.tif	skipped	unsupported_country											WCS MDT target currently supports Spain/EPSG:25830 only		2026-08-01T00:00:00Z
weak-relief-wcs-v1-00215	wl-tile-v1-09752	wl-neg-neg-pt-dgpc-111087	neg-pt-dgpc-111087	0	hard_negative	train	PT	Monte de São Marcos	-8.274545786193666	42.09043360816963	-8.27764471,42.08813393,-8.27144686,42.09273328		512	Elevacion25830_5	https://servicios.idee.es/wcs-inspire/mdt	data/external/weak-label-relief-v1/train/negative/wl-tile-v1-09752-neg-pt-dgpc-111087-mdt5.tif	skipped	unsupported_country											WCS MDT target currently supports Spain/EPSG:25830 only		2026-08-01T00:00:00Z
weak-relief-wcs-v1-00216	wl-tile-v1-09864	wl-neg-neg-pt-dgpc-104962	neg-pt-dgpc-104962	0	hard_negative	train	PT	Monte de São Pedro	-7.541181873867435	41.25663408557696	-7.54424092,41.25433441,-7.53812283,41.25893376		512	Elevacion25830_5	https://servicios.idee.es/wcs-inspire/mdt	data/external/weak-label-relief-v1/train/negative/wl-tile-v1-09864-neg-pt-dgpc-104962-mdt5.tif	skipped	unsupported_country											WCS MDT target currently supports Spain/EPSG:25830 only		2026-08-01T00:00:00Z
weak-relief-wcs-v1-00217	wl-tile-v1-09814	wl-neg-neg-pt-dgpc-110407	neg-pt-dgpc-110407	0	hard_negative	train	PT	Monte dos Fortes - Núcleo I	-8.585496544021247	42.00295317568802	-8.58859121,42.00065350,-8.58240188,42.00525285		512	Elevacion25830_5	https://servicios.idee.es/wcs-inspire/mdt	data/external/weak-label-relief-v1/train/negative/wl-tile-v1-09814-neg-pt-dgpc-110407-mdt5.tif	skipped	unsupported_country											WCS MDT target currently supports Spain/EPSG:25830 only		2026-08-01T00:00:00Z
weak-relief-wcs-v1-00218	wl-tile-v1-09815	wl-neg-neg-pt-dgpc-110409	neg-pt-dgpc-110409	0	hard_negative	train	PT	Monte dos Fortes - Núcleo II	-8.586867949497286	42.00038081917371	-8.58996249,41.99808114,-8.58377341,42.00268050		512	Elevacion25830_5	https://servicios.idee.es/wcs-inspire/mdt	data/external/weak-label-relief-v1/train/negative/wl-tile-v1-09815-neg-pt-dgpc-110409-mdt5.tif	skipped	unsupported_country											WCS MDT target currently supports Spain/EPSG:25830 only		2026-08-01T00:00:00Z
weak-relief-wcs-v1-00219	wl-tile-v1-09767	wl-neg-neg-pt-dgpc-108290	neg-pt-dgpc-108290	0	hard_negative	train	PT	Monterrão	-8.609059848503406	41.88966696566104	-8.61214902,41.88736729,-8.60597068,41.89196664		512	Elevacion25830_5	https://servicios.idee.es/wcs-inspire/mdt	data/external/weak-label-relief-v1/train/negative/wl-tile-v1-09767-neg-pt-dgpc-108290-mdt5.tif	skipped	unsupported_country											WCS MDT target currently supports Spain/EPSG:25830 only		2026-08-01T00:00:00Z
weak-relief-wcs-v1-00220	wl-tile-v1-09655	wl-neg-neg-pt-dgpc-106637	neg-pt-dgpc-106637	0	hard_negative	train	PT	Moreirão	-7.081986751891058	41.35132199635947	-7.08505024,41.34902232,-7.07892326,41.35362167		512	Elevacion25830_5	https://servicios.idee.es/wcs-inspire/mdt	data/external/weak-label-relief-v1/train/negative/wl-tile-v1-09655-neg-pt-dgpc-106637-mdt5.tif	skipped	unsupported_country											WCS MDT target currently supports Spain/EPSG:25830 only		2026-08-01T00:00:00Z
weak-relief-wcs-v1-00221	wl-tile-v1-09751	wl-neg-neg-pt-dgpc-111031	neg-pt-dgpc-111031	0	hard_negative	train	PT	Mota	-8.214573611521926	42.05511109742115	-8.21767082,42.05281142,-8.21147641,42.05741077		512	Elevacion25830_5	https://servicios.idee.es/wcs-inspire/mdt	data/external/weak-label-relief-v1/train/negative/wl-tile-v1-09751-neg-pt-dgpc-111031-mdt5.tif	skipped	unsupported_country											WCS MDT target currently supports Spain/EPSG:25830 only		2026-08-01T00:00:00Z
weak-relief-wcs-v1-00222	wl-tile-v1-09794	wl-neg-neg-pt-dgpc-112396	neg-pt-dgpc-112396	0	hard_negative	train	PT	Mourela	-8.607906795878616	41.88956380650624	-8.61099596,41.88726413,-8.60481763,41.89186348		512	Elevacion25830_5	https://servicios.idee.es/wcs-inspire/mdt	data/external/weak-label-relief-v1/train/negative/wl-tile-v1-09794-neg-pt-dgpc-112396-mdt5.tif	skipped	unsupported_country											WCS MDT target currently supports Spain/EPSG:25830 only		2026-08-01T00:00:00Z
weak-relief-wcs-v1-00223	wl-tile-v1-09544	wl-neg-neg-pt-dgpc-112414	neg-pt-dgpc-112414	0	hard_negative	train	PT	Mourisca	-8.637658404274863	41.60060870044866	-8.64073370,41.59830902,-8.63458311,41.60290838		512	Elevacion25830_5	https://servicios.idee.es/wcs-inspire/mdt	data/external/weak-label-relief-v1/train/negative/wl-tile-v1-09544-neg-pt-dgpc-112414-mdt5.tif	skipped	unsupported_country											WCS MDT target currently supports Spain/EPSG:25830 only		2026-08-01T00:00:00Z
weak-relief-wcs-v1-00224	wl-tile-v1-09735	wl-neg-neg-pt-dgpc-108849	neg-pt-dgpc-108849	0	hard_negative	train	PT	Murteira	-8.37390216483309	41.835482942557725	-8.37698872,41.83318327,-8.37081561,41.83778262		512	Elevacion25830_5	https://servicios.idee.es/wcs-inspire/mdt	data/external/weak-label-relief-v1/train/negative/wl-tile-v1-09735-neg-pt-dgpc-108849-mdt5.tif	skipped	unsupported_country											WCS MDT target currently supports Spain/EPSG:25830 only		2026-08-01T00:00:00Z
weak-relief-wcs-v1-00225	wl-tile-v1-09770	wl-neg-neg-pt-dgpc-108392	neg-pt-dgpc-108392	0	hard_negative	train	PT	Mó	-8.51760386335266	41.90891656731102	-8.52069396,41.90661689,-8.51451376,41.91121624		512	Elevacion25830_5	https://servicios.idee.es/wcs-inspire/mdt	data/external/weak-label-relief-v1/train/negative/wl-tile-v1-09770-neg-pt-dgpc-108392-mdt5.tif	skipped	unsupported_country											WCS MDT target currently supports Spain/EPSG:25830 only		2026-08-01T00:00:00Z
weak-relief-wcs-v1-00226	wl-tile-v1-09668	wl-neg-neg-pt-dgpc-113078	neg-pt-dgpc-113078	0	hard_negative	train	PT	Necróple do Barral	-8.09061808553109	41.267036180456934	-8.09367762,41.26473650,-8.08755856,41.26933586		512	Elevacion25830_5	https://servicios.idee.es/wcs-inspire/mdt	data/external/weak-label-relief-v1/train/negative/wl-tile-v1-09668-neg-pt-dgpc-113078-mdt5.tif	skipped	unsupported_country											WCS MDT target currently supports Spain/EPSG:25830 only		2026-08-01T00:00:00Z
weak-relief-wcs-v1-00227	wl-tile-v1-09772	wl-neg-neg-pt-dgpc-108400	neg-pt-dgpc-108400	0	hard_negative	train	PT	Nogueira	-8.55137370190479	41.91239955903235	-8.55446397,41.91009988,-8.54828343,41.91469924		512	Elevacion25830_5	https://servicios.idee.es/wcs-inspire/mdt	data/external/weak-label-relief-v1/train/negative/wl-tile-v1-09772-neg-pt-dgpc-108400-mdt5.tif	skipped	unsupported_country											WCS MDT target currently supports Spain/EPSG:25830 only		2026-08-01T00:00:00Z
weak-relief-wcs-v1-00228	wl-tile-v1-09750	wl-neg-neg-pt-dgpc-108585	neg-pt-dgpc-108585	0	hard_negative	train	PT	Nossa Senhora do Numão	-8.15848734790354	42.030199568213014	-8.16158334,42.02789989,-8.15539136,42.03249924		512	Elevacion25830_5	https://servicios.idee.es/wcs-inspire/mdt	data/external/weak-label-relief-v1/train/negative/wl-tile-v1-09750-neg-pt-dgpc-108585-mdt5.tif	skipped	unsupported_country											WCS MDT target currently supports Spain/EPSG:25830 only		2026-08-01T00:00:00Z
weak-relief-wcs-v1-00229	wl-tile-v1-09641	wl-neg-neg-pt-dgpc-111266	neg-pt-dgpc-111266	0	hard_negative	train	PT	Outeirinho	-8.423227514402244	41.64579545522479	-8.42630496,41.64349578,-8.42015007,41.64809513		512	Elevacion25830_5	https://servicios.idee.es/wcs-inspire/mdt	data/external/weak-label-relief-v1/train/negative/wl-tile-v1-09641-neg-pt-dgpc-111266-mdt5.tif	skipped	unsupported_country											WCS MDT target currently supports Spain/EPSG:25830 only		2026-08-01T00:00:00Z
weak-relief-wcs-v1-00230	wl-tile-v1-09804	wl-neg-neg-pt-dgpc-108500	neg-pt-dgpc-108500	0	hard_negative	train	PT	Outeiro da Madorra	-8.662010015468745	41.95470690895158	-8.66510234,41.95240723,-8.65891770,41.95700659		512	Elevacion25830_5	https://servicios.idee.es/wcs-inspire/mdt	data/external/weak-label-relief-v1/train/negative/wl-tile-v1-09804-neg-pt-dgpc-108500-mdt5.tif	skipped	unsupported_country											WCS MDT target currently supports Spain/EPSG:25830 only		2026-08-01T00:00:00Z
weak-relief-wcs-v1-00231	wl-tile-v1-09674	wl-neg-neg-pt-dgpc-105998	neg-pt-dgpc-105998	0	hard_negative	train	PT	Outeiro de Gregos 2	-8.040152083517007	41.18563172175026	-8.04320781,41.18333205,-8.03709636,41.18793140		512	Elevacion25830_5	https://servicios.idee.es/wcs-inspire/mdt	data/external/weak-label-relief-v1/train/negative/wl-tile-v1-09674-neg-pt-dgpc-105998-mdt5.tif	skipped	unsupported_country											WCS MDT target currently supports Spain/EPSG:25830 only		2026-08-01T00:00:00Z
weak-relief-wcs-v1-00232	wl-tile-v1-09837	wl-neg-neg-pt-dgpc-109218	neg-pt-dgpc-109218	0	hard_negative	train	PT	Outeiro do Coxo	-7.445464235505578	41.61867463139742	-7.44854039,41.61637495,-7.44238808,41.62097431		512	Elevacion25830_5	https://servicios.idee.es/wcs-inspire/mdt	data/external/weak-label-relief-v1/train/negative/wl-tile-v1-09837-neg-pt-dgpc-109218-mdt5.tif	skipped	unsupported_country											WCS MDT target currently supports Spain/EPSG:25830 only		2026-08-01T00:00:00Z
weak-relief-wcs-v1-00233	wl-tile-v1-09703	wl-neg-neg-pt-dgpc-105079	neg-pt-dgpc-105079	0	hard_negative	train	PT	Paiço	-8.592580545288127	41.268487937143114	-8.59564014,41.26618826,-8.58952095,41.27078761		512	Elevacion25830_5	https://servicios.idee.es/wcs-inspire/mdt	data/external/weak-label-relief-v1/train/negative/wl-tile-v1-09703-neg-pt-dgpc-105079-mdt5.tif	skipped	unsupported_country											WCS MDT target currently supports Spain/EPSG:25830 only		2026-08-01T00:00:00Z
weak-relief-wcs-v1-00234	wl-tile-v1-09854	wl-neg-neg-pt-dgpc-107042	neg-pt-dgpc-107042	0	hard_negative	train	PT	Paradela	-7.95112104582298	41.384750396347066	-7.95418611,41.38245072,-7.94805598,41.38705007		512	Elevacion25830_5	https://servicios.idee.es/wcs-inspire/mdt	data/external/weak-label-relief-v1/train/negative/wl-tile-v1-09854-neg-pt-dgpc-107042-mdt5.tif	skipped	unsupported_country											WCS MDT target currently supports Spain/EPSG:25830 only		2026-08-01T00:00:00Z
weak-relief-wcs-v1-00235	wl-tile-v1-09840	wl-neg-neg-pt-dgpc-109427	neg-pt-dgpc-109427	0	hard_negative	train	PT	Parque multiusos de Santa Cruz - Chaves	-7.466652645114118	41.75502919512598	-7.46973533,41.75272952,-7.46356996,41.75732887		512	Elevacion25830_5	https://servicios.idee.es/wcs-inspire/mdt	data/external/weak-label-relief-v1/train/negative/wl-tile-v1-09840-neg-pt-dgpc-109427-mdt5.tif	skipped	unsupported_country											WCS MDT target currently supports Spain/EPSG:25830 only		2026-08-01T00:00:00Z
weak-relief-wcs-v1-00236	wl-tile-v1-09834	wl-neg-neg-pt-dgpc-109141	neg-pt-dgpc-109141	0	hard_negative	train	PT	Pedra Alta 1	-7.45046003721953	41.613689442894255	-7.45353595,41.61138977,-7.44738412,41.61598912		512	Elevacion25830_5	https://servicios.idee.es/wcs-inspire/mdt	data/external/weak-label-relief-v1/train/negative/wl-tile-v1-09834-neg-pt-dgpc-109141-mdt5.tif	skipped	unsupported_country											WCS MDT target currently supports Spain/EPSG:25830 only		2026-08-01T00:00:00Z
weak-relief-wcs-v1-00237	wl-tile-v1-09833	wl-neg-neg-pt-dgpc-109128	neg-pt-dgpc-109128	0	hard_negative	train	PT	Pedra Alta 2	-7.4502514974158185	41.61298593462775	-7.45332738,41.61068626,-7.44717561,41.61528561		512	Elevacion25830_5	https://servicios.idee.es/wcs-inspire/mdt	data/external/weak-label-relief-v1/train/negative/wl-tile-v1-09833-neg-pt-dgpc-109128-mdt5.tif	skipped	unsupported_country											WCS MDT target currently supports Spain/EPSG:25830 only		2026-08-01T00:00:00Z
weak-relief-wcs-v1-00238	wl-tile-v1-09838	wl-neg-neg-pt-dgpc-109299	neg-pt-dgpc-109299	0	hard_negative	train	PT	Pedra do Vale da Via	-7.507974373729409	41.74670809935441	-7.51105666,41.74440842,-7.50489209,41.74900778		512	Elevacion25830_5	https://servicios.idee.es/wcs-inspire/mdt	data/external/weak-label-relief-v1/train/negative/wl-tile-v1-09838-neg-pt-dgpc-109299-mdt5.tif	skipped	unsupported_country											WCS MDT target currently supports Spain/EPSG:25830 only		2026-08-01T00:00:00Z
weak-relief-wcs-v1-00239	wl-tile-v1-09844	wl-neg-neg-pt-dgpc-109770	neg-pt-dgpc-109770	0	hard_negative	train	PT	Penedo das Cruzes	-7.507712472458695	41.77371644974271	-7.51079605,41.77141677,-7.50462889,41.77601613		512	Elevacion25830_5	https://servicios.idee.es/wcs-inspire/mdt	data/external/weak-label-relief-v1/train/negative/wl-tile-v1-09844-neg-pt-dgpc-109770-mdt5.tif	skipped	unsupported_country											WCS MDT target currently supports Spain/EPSG:25830 only		2026-08-01T00:00:00Z
weak-relief-wcs-v1-00240	wl-tile-v1-09676	wl-neg-neg-pt-dgpc-112187	neg-pt-dgpc-112187	0	hard_negative	train	PT	Penedo de São Gonçalo	-8.225410265697992	41.34275185437362	-8.22847335,41.34045218,-8.22234718,41.34505153		512	Elevacion25830_5	https://servicios.idee.es/wcs-inspire/mdt	data/external/weak-label-relief-v1/train/negative/wl-tile-v1-09676-neg-pt-dgpc-112187-mdt5.tif	skipped	unsupported_country											WCS MDT target currently supports Spain/EPSG:25830 only		2026-08-01T00:00:00Z
weak-relief-wcs-v1-00241	wl-tile-v1-09745	wl-neg-neg-pt-dgpc-108389	neg-pt-dgpc-108389	0	hard_negative	train	PT	Penedo do Trinco	-8.783961061293487	41.908614582256746	-8.78705115,41.90631491,-8.78087097,41.91091426		512	Elevacion25830_5	https://servicios.idee.es/wcs-inspire/mdt	data/external/weak-label-relief-v1/train/negative/wl-tile-v1-09745-neg-pt-dgpc-108389-mdt5.tif	skipped	unsupported_country											WCS MDT target currently supports Spain/EPSG:25830 only		2026-08-01T00:00:00Z
weak-relief-wcs-v1-00242	wl-tile-v1-09845	wl-neg-neg-pt-dgpc-109789	neg-pt-dgpc-109789	0	hard_negative	train	PT	Penedo do Vale Salgueiro	-7.504697071213695	41.7746003368317	-7.50778069,41.77230066,-7.50161345,41.77690001		512	Elevacion25830_5	https://servicios.idee.es/wcs-inspire/mdt	data/external/weak-label-relief-v1/train/negative/wl-tile-v1-09845-neg-pt-dgpc-109789-mdt5.tif	skipped	unsupported_country											WCS MDT target currently supports Spain/EPSG:25830 only		2026-08-01T00:00:00Z
weak-relief-wcs-v1-00243	wl-tile-v1-09738	wl-neg-neg-pt-dgpc-112377	neg-pt-dgpc-112377	0	hard_negative	train	PT	Pereiras 3	-8.40813126653201	41.976118951478306	-8.41122463,41.97381927,-8.40503791,41.97841863		512	Elevacion25830_5	https://servicios.idee.es/wcs-inspire/mdt	data/external/weak-label-relief-v1/train/negative/wl-tile-v1-09738-neg-pt-dgpc-112377-mdt5.tif	skipped	unsupported_country											WCS MDT target currently supports Spain/EPSG:25830 only		2026-08-01T00:00:00Z
weak-relief-wcs-v1-00244	wl-tile-v1-09728	wl-neg-neg-pt-dgpc-111335	neg-pt-dgpc-111335	0	hard_negative	train	PT	Pinheiral/Pedra do Sol	-8.604442024148389	41.40848968955471	-8.60750821,41.40619001,-8.60137584,41.41078937		512	Elevacion25830_5	https://servicios.idee.es/wcs-inspire/mdt	data/external/weak-label-relief-v1/train/negative/wl-tile-v1-09728-neg-pt-dgpc-111335-mdt5.tif	skipped	unsupported_country											WCS MDT target currently supports Spain/EPSG:25830 only		2026-08-01T00:00:00Z
weak-relief-wcs-v1-00245	wl-tile-v1-09670	wl-neg-neg-pt-dgpc-113994	neg-pt-dgpc-113994	0	hard_negative	train	PT	Ponte Medieval de Amarante	-8.078075096180424	41.268868285416644	-8.08113471,41.26656861,-8.07501548,41.27116796		512	Elevacion25830_5	https://servicios.idee.es/wcs-inspire/mdt	data/external/weak-label-relief-v1/train/negative/wl-tile-v1-09670-neg-pt-dgpc-113994-mdt5.tif	skipped	unsupported_country											WCS MDT target currently supports Spain/EPSG:25830 only		2026-08-01T00:00:00Z
weak-relief-wcs-v1-00246	wl-tile-v1-09604	wl-neg-neg-pt-dgpc-114664	neg-pt-dgpc-114664	0	hard_negative	train	PT	Ponte Nova	-8.25368577446322	41.7386401585	-8.25676767,41.73634048,-8.25060388,41.74093984		512	Elevacion25830_5	https://servicios.idee.es/wcs-inspire/mdt	data/external/weak-label-relief-v1/train/negative/wl-tile-v1-09604-neg-pt-dgpc-114664-mdt5.tif	skipped	unsupported_country											WCS MDT target currently supports Spain/EPSG:25830 only		2026-08-01T00:00:00Z
weak-relief-wcs-v1-00247	wl-tile-v1-09645	wl-neg-neg-pt-dgpc-106915	neg-pt-dgpc-106915	0	hard_negative	train	PT	Ponte Nova	-8.283311482949756	41.372404420889374	-8.28637596,41.37010474,-8.28024700,41.37470410		512	Elevacion25830_5	https://servicios.idee.es/wcs-inspire/mdt	data/external/weak-label-relief-v1/train/negative/wl-tile-v1-09645-neg-pt-dgpc-106915-mdt5.tif	skipped	unsupported_country											WCS MDT target currently supports Spain/EPSG:25830 only		2026-08-01T00:00:00Z
weak-relief-wcs-v1-00248	wl-tile-v1-09646	wl-neg-neg-pt-dgpc-106922	neg-pt-dgpc-106922	0	hard_negative	train	PT	Ponte Velha de Vizela	-8.311647079429124	41.37313181429875	-8.31471159,41.37083214,-8.30858256,41.37543149		512	Elevacion25830_5	https://servicios.idee.es/wcs-inspire/mdt	data/external/weak-label-relief-v1/train/negative/wl-tile-v1-09646-neg-pt-dgpc-106922-mdt5.tif	skipped	unsupported_country											WCS MDT target currently supports Spain/EPSG:25830 only		2026-08-01T00:00:00Z
weak-relief-wcs-v1-00249	wl-tile-v1-09709	wl-neg-neg-pt-dgpc-106113	neg-pt-dgpc-106113	0	hard_negative	train	PT	Ponte da Pedra	-8.61479087298828	41.205368328750886	-8.61784752,41.20306865,-8.61173423,41.20766801		512	Elevacion25830_5	https://servicios.idee.es/wcs-inspire/mdt	data/external/weak-label-relief-v1/train/negative/wl-tile-v1-09709-neg-pt-dgpc-106113-mdt5.tif	skipped	unsupported_country											WCS MDT target currently supports Spain/EPSG:25830 only		2026-08-01T00:00:00Z
weak-relief-wcs-v1-00250	wl-tile-v1-09680	wl-neg-neg-pt-dgpc-106255	neg-pt-dgpc-106255	0	hard_negative	train	PT	Ponte da Veiga	-8.218874032716387	41.30098821619357	-8.22193516,41.29868854,-8.21581291,41.30328789		512	Elevacion25830_5	https://servicios.idee.es/wcs-inspire/mdt	data/external/weak-label-relief-v1/train/negative/wl-tile-v1-09680-neg-pt-dgpc-106255-mdt5.tif	skipped	unsupported_country											WCS MDT target currently supports Spain/EPSG:25830 only		2026-08-01T00:00:00Z
weak-relief-wcs-v1-00251	wl-tile-v1-09644	wl-neg-neg-pt-dgpc-114684	neg-pt-dgpc-114684	0	hard_negative	train	PT	Ponte de Agrela	-8.419071421636783	41.7343074825436	-8.42215311,41.73200781,-8.41598974,41.73660716		512	Elevacion25830_5	https://servicios.idee.es/wcs-inspire/mdt	data/external/weak-label-relief-v1/train/negative/wl-tile-v1-09644-neg-pt-dgpc-114684-mdt5.tif	skipped	unsupported_country											WCS MDT target currently supports Spain/EPSG:25830 only		2026-08-01T00:00:00Z
weak-relief-wcs-v1-00252	wl-tile-v1-09598	wl-neg-neg-pt-dgpc-114658	neg-pt-dgpc-114658	0	hard_negative	train	PT	Ponte de Cabaninhas	-8.234313177275284	41.739593826123496	-8.23739512,41.73729415,-8.23123124,41.74189350		512	Elevacion25830_5	https://servicios.idee.es/wcs-inspire/mdt	data/external/weak-label-relief-v1/train/negative/wl-tile-v1-09598-neg-pt-dgpc-114658-mdt5.tif	skipped	unsupported_country											WCS MDT target currently supports Spain/EPSG:25830 only		2026-08-01T00:00:00Z
weak-relief-wcs-v1-00253	wl-tile-v1-09599	wl-neg-neg-pt-dgpc-114659	neg-pt-dgpc-114659	0	hard_negative	train	PT	Ponte de Carvalheira/ Ponte de Quintão	-8.227956325190927	41.75701357236171	-8.23103910,41.75471390,-8.22487355,41.75931325		512	Elevacion25830_5	https://servicios.idee.es/wcs-inspire/mdt	data/external/weak-label-relief-v1/train/negative/wl-tile-v1-09599-neg-pt-dgpc-114659-mdt5.tif	skipped	unsupported_country											WCS MDT target currently supports Spain/EPSG:25830 only		2026-08-01T00:00:00Z
weak-relief-wcs-v1-00254	wl-tile-v1-09714	wl-neg-neg-pt-dgpc-106174	neg-pt-dgpc-106174	0	hard_negative	train	PT	Ponte de Dom Goimil	-8.646446527610081	41.21773813987413	-8.64950375,41.21543846,-8.64338930,41.22003782		512	Elevacion25830_5	https://servicios.idee.es/wcs-inspire/mdt	data/external/weak-label-relief-v1/train/negative/wl-tile-v1-09714-neg-pt-dgpc-106174-mdt5.tif	skipped	unsupported_country											WCS MDT target currently supports Spain/EPSG:25830 only		2026-08-01T00:00:00Z
weak-relief-wcs-v1-00255	wl-tile-v1-09597	wl-neg-neg-pt-dgpc-114657	neg-pt-dgpc-114657	0	hard_negative	train	PT	Ponte de Eixões/ Roda	-8.199458965021224	41.7519708234182	-8.20254150,41.74967115,-8.19637643,41.75427050		512	Elevacion25830_5	https://servicios.idee.es/wcs-inspire/mdt	data/external/weak-label-relief-v1/train/negative/wl-tile-v1-09597-neg-pt-dgpc-114657-mdt5.tif	skipped	unsupported_country											WCS MDT target currently supports Spain/EPSG:25830 only		2026-08-01T00:00:00Z
weak-relief-wcs-v1-00256	wl-tile-v1-09650	wl-neg-neg-pt-dgpc-107668	neg-pt-dgpc-107668	0	hard_negative	train	PT	Ponte de Frieira	-6.758703944648362	41.574498977016866	-6.76177799,41.57219930,-6.75562989,41.57679865		512	Elevacion25830_5	https://servicios.idee.es/wcs-inspire/mdt	data/external/weak-label-relief-v1/train/negative/wl-tile-v1-09650-neg-pt-dgpc-107668-mdt5.tif	skipped	unsupported_country											WCS MDT target currently supports Spain/EPSG:25830 only		2026-08-01T00:00:00Z
weak-relief-wcs-v1-00257	wl-tile-v1-09643	wl-neg-neg-pt-dgpc-114683	neg-pt-dgpc-114683	0	hard_negative	train	PT	Ponte de Permedelos	-8.4234192774629	41.738563763955746	-8.42650117,41.73626409,-8.42033739,41.74086344		512	Elevacion25830_5	https://servicios.idee.es/wcs-inspire/mdt	data/external/weak-label-relief-v1/train/negative/wl-tile-v1-09643-neg-pt-dgpc-114683-mdt5.tif	skipped	unsupported_country											WCS MDT target currently supports Spain/EPSG:25830 only		2026-08-01T00:00:00Z
weak-relief-wcs-v1-00258	wl-tile-v1-09605	wl-neg-neg-pt-dgpc-114665	neg-pt-dgpc-114665	0	hard_negative	train	PT	Ponte de Porta Santo/ Porta Santa/ Porto Santo	-8.216977930383695	41.7453059157034	-8.22006014,41.74300624,-8.21389572,41.74760559		512	Elevacion25830_5	https://servicios.idee.es/wcs-inspire/mdt	data/external/weak-label-relief-v1/train/negative/wl-tile-v1-09605-neg-pt-dgpc-114665-mdt5.tif	skipped	unsupported_country											WCS MDT target currently supports Spain/EPSG:25830 only		2026-08-01T00:00:00Z
weak-relief-wcs-v1-00259	wl-tile-v1-09769	wl-neg-neg-pt-dgpc-108373	neg-pt-dgpc-108373	0	hard_negative	train	PT	Ponte de Rubiães	-8.62631548708899	41.90415764192204	-8.62940536,41.90185797,-8.62322562,41.90645732		512	Elevacion25830_5	https://servicios.idee.es/wcs-inspire/mdt	data/external/weak-label-relief-v1/train/negative/wl-tile-v1-09769-neg-pt-dgpc-108373-mdt5.tif	skipped	unsupported_country											WCS MDT target currently supports Spain/EPSG:25830 only		2026-08-01T00:00:00Z
weak-relief-wcs-v1-00260	wl-tile-v1-09657	wl-neg-neg-pt-dgpc-107608	neg-pt-dgpc-107608	0	hard_negative	train	PT	Ponte de Santulhão	-6.674676129819785	41.55833966902693	-6.67774941,41.55603999,-6.67160285,41.56063935		512	Elevacion25830_5	https://servicios.idee.es/wcs-inspire/mdt	data/external/weak-label-relief-v1/train/negative/wl-tile-v1-09657-neg-pt-dgpc-107608-mdt5.tif	skipped	unsupported_country											WCS MDT target currently supports Spain/EPSG:25830 only		2026-08-01T00:00:00Z
weak-relief-wcs-v1-00261	wl-tile-v1-09669	wl-neg-neg-pt-dgpc-113083	neg-pt-dgpc-113083	0	hard_negative	train	PT	Ponte do Arquinho	-8.07480330693477	41.2682104064667	-8.07786289,41.26591073,-8.07174372,41.27051008		512	Elevacion25830_5	https://servicios.idee.es/wcs-inspire/mdt	data/external/weak-label-relief-v1/train/negative/wl-tile-v1-09669-neg-pt-dgpc-113083-mdt5.tif	skipped	unsupported_country											WCS MDT target currently supports Spain/EPSG:25830 only		2026-08-01T00:00:00Z
weak-relief-wcs-v1-00262	wl-tile-v1-09712	wl-neg-neg-pt-dgpc-106166	neg-pt-dgpc-106166	0	hard_negative	train	PT	Ponte do Carro	-8.667317940465555	41.215193970770095	-8.67037504,41.21289429,-8.66426084,41.21749365		512	Elevacion25830_5	https://servicios.idee.es/wcs-inspire/mdt	data/external/weak-label-relief-v1/train/negative/wl-tile-v1-09712-neg-pt-dgpc-106166-mdt5.tif	skipped	unsupported_country											WCS MDT target currently supports Spain/EPSG:25830 only		2026-08-01T00:00:00Z
weak-relief-wcs-v1-00263	wl-tile-v1-09642	wl-neg-neg-pt-dgpc-114682	neg-pt-dgpc-114682	0	hard_negative	train	PT	Ponte do Couto	-8.486720667056959	41.64981694528757	-8.48979831,41.64751727,-8.48364303,41.65211662		512	Elevacion25830_5	https://servicios.idee.es/wcs-inspire/mdt	data/external/weak-label-relief-v1/train/negative/wl-tile-v1-09642-neg-pt-dgpc-114682-mdt5.tif	skipped	unsupported_country											WCS MDT target currently supports Spain/EPSG:25830 only		2026-08-01T00:00:00Z
weak-relief-wcs-v1-00264	wl-tile-v1-09705	wl-neg-neg-pt-dgpc-104615	neg-pt-dgpc-104615	0	hard_negative	train	PT	Ponte dos Ronfos/ Ponte de Barreiros/ Ponte da Azenha	-8.631922765821031	41.224536388231456	-8.63498031,41.22223671,-8.62886523,41.22683606		512	Elevacion25830_5	https://servicios.idee.es/wcs-inspire/mdt	data/external/weak-label-relief-v1/train/negative/wl-tile-v1-09705-neg-pt-dgpc-104615-mdt5.tif	skipped	unsupported_country											WCS MDT target currently supports Spain/EPSG:25830 only		2026-08-01T00:00:00Z
weak-relief-wcs-v1-00265	wl-tile-v1-09541	wl-neg-neg-pt-dgpc-111018	neg-pt-dgpc-111018	0	hard_negative	train	PT	Portela / Linhares de Água	-8.619321172122133	41.61100204759858	-8.62239696,41.60870237,-8.61624538,41.61330172		512	Elevacion25830_5	https://servicios.idee.es/wcs-inspire/mdt	data/external/weak-label-relief-v1/train/negative/wl-tile-v1-09541-neg-pt-dgpc-111018-mdt5.tif	skipped	unsupported_country											WCS MDT target currently supports Spain/EPSG:25830 only		2026-08-01T00:00:00Z
weak-relief-wcs-v1-00266	wl-tile-v1-09790	wl-neg-neg-pt-dgpc-112392	neg-pt-dgpc-112392	0	hard_negative	train	PT	Portela da Anta 1/ Portela da Anta 2	-8.578870179809453	41.952130593592045	-8.58196237,41.94983092,-8.57577798,41.95443027		512	Elevacion25830_5	https://servicios.idee.es/wcs-inspire/mdt	data/external/weak-label-relief-v1/train/negative/wl-tile-v1-09790-neg-pt-dgpc-112392-mdt5.tif	skipped	unsupported_country											WCS MDT target currently supports Spain/EPSG:25830 only		2026-08-01T00:00:00Z
weak-relief-wcs-v1-00267	wl-tile-v1-09791	wl-neg-neg-pt-dgpc-112393	neg-pt-dgpc-112393	0	hard_negative	train	PT	Portela da Anta 3	-8.578094199541736	41.952628204006956	-8.58118642,41.95032853,-8.57500198,41.95492788		512	Elevacion25830_5	https://servicios.idee.es/wcs-inspire/mdt	data/external/weak-label-relief-v1/train/negative/wl-tile-v1-09791-neg-pt-dgpc-112393-mdt5.tif	skipped	unsupported_country											WCS MDT target currently supports Spain/EPSG:25830 only		2026-08-01T00:00:00Z
weak-relief-wcs-v1-00268	wl-tile-v1-09720	wl-neg-neg-pt-dgpc-105882	neg-pt-dgpc-105882	0	hard_negative	train	PT	Porto - Castelo de São João da Foz do Douro	-8.674492269307132	41.14890356796639	-8.67754628,41.14660389,-8.67143826,41.15120324		512	Elevacion25830_5	https://servicios.idee.es/wcs-inspire/mdt	data/external/weak-label-relief-v1/train/negative/wl-tile-v1-09720-neg-pt-dgpc-105882-mdt5.tif	skipped	unsupported_country											WCS MDT target currently supports Spain/EPSG:25830 only		2026-08-01T00:00:00Z
weak-relief-wcs-v1-00269	wl-tile-v1-09719	wl-neg-neg-pt-dgpc-105865	neg-pt-dgpc-105865	0	hard_negative	train	PT	Porto - Praça Almeida Garrett/Rua do Loureiro	-8.610672061559237	41.14561564569877	-8.61372592,41.14331597,-8.60761820,41.14791532		512	Elevacion25830_5	https://servicios.idee.es/wcs-inspire/mdt	data/external/weak-label-relief-v1/train/negative/wl-tile-v1-09719-neg-pt-dgpc-105865-mdt5.tif	skipped	unsupported_country											WCS MDT target currently supports Spain/EPSG:25830 only		2026-08-01T00:00:00Z
weak-relief-wcs-v1-00270	wl-tile-v1-09726	wl-neg-neg-pt-dgpc-112530	neg-pt-dgpc-112530	0	hard_negative	train	PT	Porto - Rua Infante D. Henrique, 19-29	-8.613716051081957	41.14108101661549	-8.61676970,41.13878134,-8.61066240,41.14338069		512	Elevacion25830_5	https://servicios.idee.es/wcs-inspire/mdt	data/external/weak-label-relief-v1/train/negative/wl-tile-v1-09726-neg-pt-dgpc-112530-mdt5.tif	skipped	unsupported_country											WCS MDT target currently supports Spain/EPSG:25830 only		2026-08-01T00:00:00Z
weak-relief-wcs-v1-00271	wl-tile-v1-09718	wl-neg-neg-pt-dgpc-105849	neg-pt-dgpc-105849	0	hard_negative	train	PT	Porto - Rua Mouzinho da Silveira, 208-214	-8.612730635606031	41.14368917831558	-8.61578440,41.14138950,-8.60967687,41.14598885		512	Elevacion25830_5	https://servicios.idee.es/wcs-inspire/mdt	data/external/weak-label-relief-v1/train/negative/wl-tile-v1-09718-neg-pt-dgpc-105849-mdt5.tif	skipped	unsupported_country											WCS MDT target currently supports Spain/EPSG:25830 only		2026-08-01T00:00:00Z
weak-relief-wcs-v1-00272	wl-tile-v1-09715	wl-neg-neg-pt-dgpc-105829	neg-pt-dgpc-105829	0	hard_negative	train	PT	Porto - Rua Mouzinho da Silveira, 56	-8.614325500298987	41.141890671968554	-8.61737918,41.13959100,-8.61127182,41.14419035		512	Elevacion25830_5	https://servicios.idee.es/wcs-inspire/mdt	data/external/weak-label-relief-v1/train/negative/wl-tile-v1-09715-neg-pt-dgpc-105829-mdt5.tif	skipped	unsupported_country											WCS MDT target currently supports Spain/EPSG:25830 only		2026-08-01T00:00:00Z
weak-relief-wcs-v1-00273	wl-tile-v1-09717	wl-neg-neg-pt-dgpc-105845	neg-pt-dgpc-105845	0	hard_negative	train	PT	Porto - Rua da Ponte Nova, 50-54	-8.613858293224164	41.14315322000399	-8.61691204,41.14085354,-8.61080455,41.14545290		512	Elevacion25830_5	https://servicios.idee.es/wcs-inspire/mdt	data/external/weak-label-relief-v1/train/negative/wl-tile-v1-09717-neg-pt-dgpc-105845-mdt5.tif	skipped	unsupported_country											WCS MDT target currently supports Spain/EPSG:25830 only		2026-08-01T00:00:00Z
weak-relief-wcs-v1-00274	wl-tile-v1-09721	wl-neg-neg-pt-dgpc-105893	neg-pt-dgpc-105893	0	hard_negative	train	PT	Porto - Rua das Condominhas, 701	-8.649084564361832	41.15286926624357	-8.65213876,41.15056959,-8.64603037,41.15516894		512	Elevacion25830_5	https://servicios.idee.es/wcs-inspire/mdt	data/external/weak-label-relief-v1/train/negative/wl-tile-v1-09721-neg-pt-dgpc-105893-mdt5.tif	skipped	unsupported_country											WCS MDT target currently supports Spain/EPSG:25830 only		2026-08-01T00:00:00Z
weak-relief-wcs-v1-00275	wl-tile-v1-09723	wl-neg-neg-pt-dgpc-111373	neg-pt-dgpc-111373	0	hard_negative	train	PT	Porto - Rua das Flores, 301-305 e Praça de Almeida Garrett, 7-10	-8.611274328880901	41.14515983962066	-8.61432817,41.14286016,-8.60822049,41.14745952		512	Elevacion25830_5	https://servicios.idee.es/wcs-inspire/mdt	data/external/weak-label-relief-v1/train/negative/wl-tile-v1-09723-neg-pt-dgpc-111373-mdt5.tif	skipped	unsupported_country											WCS MDT target currently supports Spain/EPSG:25830 only		2026-08-01T00:00:00Z
weak-relief-wcs-v1-00276	wl-tile-v1-09716	wl-neg-neg-pt-dgpc-105840	neg-pt-dgpc-105840	0	hard_negative	train	PT	Porto - Rua de Santana, 24-26	-8.613329741734994	41.14254313925772	-8.61638346,41.14024346,-8.61027603,41.14484282		512	Elevacion25830_5	https://servicios.idee.es/wcs-inspire/mdt	data/external/weak-label-relief-v1/train/negative/wl-tile-v1-09716-neg-pt-dgpc-105840-mdt5.tif	skipped	unsupported_country											WCS MDT target currently supports Spain/EPSG:25830 only		2026-08-01T00:00:00Z
weak-relief-wcs-v1-00277	wl-tile-v1-09724	wl-neg-neg-pt-dgpc-111418	neg-pt-dgpc-111418	0	hard_negative	train	PT	Porto - Rua de São Miguel, 13	-8.616110700423139	41.143199807744786	-8.61916445,41.14090013,-8.61305695,41.14549948		512	Elevacion25830_5	https://servicios.idee.es/wcs-inspire/mdt	data/external/weak-label-relief-v1/train/negative/wl-tile-v1-09724-neg-pt-dgpc-111418-mdt5.tif	skipped	unsupported_country											WCS MDT target currently supports Spain/EPSG:25830 only		2026-08-01T00:00:00Z
weak-relief-wcs-v1-00278	wl-tile-v1-06178	wl-neg-neg-es-pba-38894	neg-es-pba-38894	0	hard_negative	train	ES	A Chousa das Minas	-7.3897982426282	43.12909719993429	-7.39294928,43.12679752,-7.38664720,43.13139688	142651.85,4784243.22,143191.36,4784780.99	512	Elevacion25830_5	https://servicios.idee.es/wcs-inspire/mdt	data/external/weak-label-relief-v1/train/negative/wl-tile-v1-06178-neg-es-pba-38894-mdt5.tif	downloaded	valid	108	108	4.995	4.979	EPSG:25830	1.000000	504.000	535.000	23808	1		https://servicios.idee.es/wcs-inspire/mdt?SERVICE=WCS&VERSION=2.0.1&REQUEST=GetCoverage&COVERAGEID=Elevacion25830_5&FORMAT=image%2Ftiff&SUBSET=x%28142651.85%2C143191.36%29&SUBSET=y%284784243.22%2C4784780.99%29	2026-08-01T00:00:00Z
weak-relief-wcs-v1-00279	wl-tile-v1-05758	wl-neg-neg-es-pba-35203	neg-es-pba-35203	0	hard_negative	train	ES	A Costa/Medorra de Montecalvo 1	-7.7438405081296136	42.88973369668674	-7.74697929,42.88743402,-7.74070172,42.89203337	112342.89,4759227.73,112884.46,4759767.56	512	Elevacion25830_5	https://servicios.idee.es/wcs-inspire/mdt	data/external/weak-label-relief-v1/train/negative/wl-tile-v1-05758-neg-es-pba-35203-mdt5.tif	downloaded	valid	108	108	5.015	4.998	EPSG:25830	1.000000	497.000	570.000	23808	1		https://servicios.idee.es/wcs-inspire/mdt?SERVICE=WCS&VERSION=2.0.1&REQUEST=GetCoverage&COVERAGEID=Elevacion25830_5&FORMAT=image%2Ftiff&SUBSET=x%28112342.89%2C112884.46%29&SUBSET=y%284759227.73%2C4759767.56%29	2026-08-01T00:00:00Z
weak-relief-wcs-v1-00280	wl-tile-v1-05760	wl-neg-neg-es-pba-35254	neg-es-pba-35254	0	hard_negative	train	ES	A Costa/Medorra de Montecalvo 2	-7.744107096879031	42.88959813056801	-7.74724587,42.88729845,-7.74096832,42.89189781	112320.26,4759213.90,112861.83,4759753.73	512	Elevacion25830_5	https://servicios.idee.es/wcs-inspire/mdt	data/external/weak-label-relief-v1/train/negative/wl-tile-v1-05760-neg-es-pba-35254-mdt5.tif	downloaded	valid	108	108	5.015	4.998	EPSG:25830	1.000000	497.000	570.000	23808	1		https://servicios.idee.es/wcs-inspire/mdt?SERVICE=WCS&VERSION=2.0.1&REQUEST=GetCoverage&COVERAGEID=Elevacion25830_5&FORMAT=image%2Ftiff&SUBSET=x%28112320.26%2C112861.83%29&SUBSET=y%284759213.90%2C4759753.73%29	2026-08-01T00:00:00Z
weak-relief-wcs-v1-00281	wl-tile-v1-03135	wl-neg-neg-es-pba-18194	neg-es-pba-18194	0	hard_negative	train	ES	A Cruz do Pinal/Mámoa da Cruz do Pinal	-7.900810164962301	43.44377332336057	-7.90397755,43.44147365,-7.89764278,43.44607300	103131.76,4821504.60,103674.59,4822045.73	512	Elevacion25830_5	https://servicios.idee.es/wcs-inspire/mdt	data/external/weak-label-relief-v1/train/negative/wl-tile-v1-03135-neg-es-pba-18194-mdt5.tif	downloaded	valid	109	108	4.980	5.010	EPSG:25830	1.000000	394.000	438.000	24024	1		https://servicios.idee.es/wcs-inspire/mdt?SERVICE=WCS&VERSION=2.0.1&REQUEST=GetCoverage&COVERAGEID=Elevacion25830_5&FORMAT=image%2Ftiff&SUBSET=x%28103131.76%2C103674.59%29&SUBSET=y%284821504.60%2C4822045.73%29	2026-08-01T00:00:00Z
weak-relief-wcs-v1-00282	wl-tile-v1-06235	wl-neg-neg-es-pba-40747	neg-es-pba-40747	0	hard_negative	train	ES	A Eira da Torre/Medorra de Sotordei	-7.253342713611812	42.4269719338372	-7.25645822,42.42467226,-7.25022720,42.42927161	149814.49,4705686.75,150352.82,4706223.30	512	Elevacion25830_5	https://servicios.idee.es/wcs-inspire/mdt	data/external/weak-label-relief-v1/train/negative/wl-tile-v1-06235-neg-es-pba-40747-mdt5.tif	downloaded	valid	108	107	4.985	5.014	EPSG:25830	1.000000	639.000	791.000	23592	1		https://servicios.idee.es/wcs-inspire/mdt?SERVICE=WCS&VERSION=2.0.1&REQUEST=GetCoverage&COVERAGEID=Elevacion25830_5&FORMAT=image%2Ftiff&SUBSET=x%28149814.49%2C150352.82%29&SUBSET=y%284705686.75%2C4706223.30%29	2026-08-01T00:00:00Z
weak-relief-wcs-v1-00283	wl-tile-v1-05761	wl-neg-neg-es-pba-35256	neg-es-pba-35256	0	hard_negative	train	ES	A Escrita/A Casa das Mouras/As Fontelas/Orgoso/Mámoa da Escrita 1	-7.834911074776222	42.829159226026434	-7.83804678,42.82685955,-7.83177537,42.83145890	104517.31,4752923.30,105059.41,4753463.66	512	Elevacion25830_5	https://servicios.idee.es/wcs-inspire/mdt	data/external/weak-label-relief-v1/train/negative/wl-tile-v1-05761-neg-es-pba-35256-mdt5.tif	downloaded	valid	108	108	5.019	5.003	EPSG:25830	1.000000	595.000	638.000	23808	1		https://servicios.idee.es/wcs-inspire/mdt?SERVICE=WCS&VERSION=2.0.1&REQUEST=GetCoverage&COVERAGEID=Elevacion25830_5&FORMAT=image%2Ftiff&SUBSET=x%28104517.31%2C105059.41%29&SUBSET=y%284752923.30%2C4753463.66%29	2026-08-01T00:00:00Z
weak-relief-wcs-v1-00284	wl-tile-v1-07467	wl-neg-neg-es-pba-65654	neg-es-pba-65654	0	hard_negative	train	ES	A Gándara	-8.852585089256648	41.913727832807865	-8.85567542,41.91142816,-8.84949476,41.91602751	14283.47,4656517.33,14831.30,4657063.39	512	Elevacion25830_5	https://servicios.idee.es/wcs-inspire/mdt	data/external/weak-label-relief-v1/train/negative/wl-tile-v1-07467-neg-es-pba-65654-mdt5.tif	downloaded	valid	110	109	4.980	5.010	EPSG:25830	1.000000	8.000	40.000	24460	1		https://servicios.idee.es/wcs-inspire/mdt?SERVICE=WCS&VERSION=2.0.1&REQUEST=GetCoverage&COVERAGEID=Elevacion25830_5&FORMAT=image%2Ftiff&SUBSET=x%2814283.47%2C14831.30%29&SUBSET=y%284656517.33%2C4657063.39%29	2026-08-01T00:00:00Z
weak-relief-wcs-v1-00285	wl-tile-v1-08416	wl-neg-neg-es-pba-66223	neg-es-pba-66223	0	hard_negative	train	ES	A Laxe das Presiñas	-8.727393890812499	42.08943066114904	-8.73049277,42.08713098,-8.72429501,42.09173034	25981.48,4675332.27,26528.65,4675877.67	512	Elevacion25830_5	https://servicios.idee.es/wcs-inspire/mdt	data/external/weak-label-relief-v1/train/negative/wl-tile-v1-08416-neg-es-pba-66223-mdt5.tif	downloaded	valid	109	109	5.020	5.004	EPSG:25830	1.000000	155.000	339.000	24242	1		https://servicios.idee.es/wcs-inspire/mdt?SERVICE=WCS&VERSION=2.0.1&REQUEST=GetCoverage&COVERAGEID=Elevacion25830_5&FORMAT=image%2Ftiff&SUBSET=x%2825981.48%2C26528.65%29&SUBSET=y%284675332.27%2C4675877.67%29	2026-08-01T00:00:00Z
weak-relief-wcs-v1-00286	wl-tile-v1-06179	wl-neg-neg-es-pba-38898	neg-es-pba-38898	0	hard_negative	train	ES	A Madorra da Valiña	-7.344108847546546	43.1368692222217	-7.34726029,43.13456955,-7.34095741,43.13916890	146413.80,4784912.56,146953.03,4785450.05	512	Elevacion25830_5	https://servicios.idee.es/wcs-inspire/mdt	data/external/weak-label-relief-v1/train/negative/wl-tile-v1-06179-neg-es-pba-38898-mdt5.tif	downloaded	valid	108	107	4.993	5.023	EPSG:25830	1.000000	489.000	525.000	23592	1		https://servicios.idee.es/wcs-inspire/mdt?SERVICE=WCS&VERSION=2.0.1&REQUEST=GetCoverage&COVERAGEID=Elevacion25830_5&FORMAT=image%2Ftiff&SUBSET=x%28146413.80%2C146953.03%29&SUBSET=y%284784912.56%2C4785450.05%29	2026-08-01T00:00:00Z
weak-relief-wcs-v1-00287	wl-tile-v1-04509	wl-neg-neg-es-pba-24888	neg-es-pba-24888	0	hard_negative	train	ES	A Madorra/Foxo do Cabrito	-7.919689907781994	43.0168187226355	-7.92283518,43.01451905,-7.91654464,43.01911840	98807.70,4774169.63,99350.43,4774710.62	512	Elevacion25830_5	https://servicios.idee.es/wcs-inspire/mdt	data/external/weak-label-relief-v1/train/negative/wl-tile-v1-04509-neg-es-pba-24888-mdt5.tif	downloaded	valid	109	108	4.979	5.009	EPSG:25830	1.000000	694.000	723.000	24024	1		https://servicios.idee.es/wcs-inspire/mdt?SERVICE=WCS&VERSION=2.0.1&REQUEST=GetCoverage&COVERAGEID=Elevacion25830_5&FORMAT=image%2Ftiff&SUBSET=x%2898807.70%2C99350.43%29&SUBSET=y%284774169.63%2C4774710.62%29	2026-08-01T00:00:00Z
weak-relief-wcs-v1-00288	wl-tile-v1-07325	wl-neg-neg-es-pba-56893	neg-es-pba-56893	0	hard_negative	train	ES	A Meana	-6.831666664441299	42.41079797019255	-6.83478137,42.40849829,-6.82855196,42.41309765	184430.23,4702237.49,184965.98,4702771.45	512	Elevacion25830_5	https://servicios.idee.es/wcs-inspire/mdt	data/external/weak-label-relief-v1/train/negative/wl-tile-v1-07325-neg-es-pba-56893-mdt5.tif	downloaded	valid	107	107	5.007	4.990	EPSG:25830	1.000000	355.000	426.000	23378	1		https://servicios.idee.es/wcs-inspire/mdt?SERVICE=WCS&VERSION=2.0.1&REQUEST=GetCoverage&COVERAGEID=Elevacion25830_5&FORMAT=image%2Ftiff&SUBSET=x%28184430.23%2C184965.98%29&SUBSET=y%284702237.49%2C4702771.45%29	2026-08-01T00:00:00Z
weak-relief-wcs-v1-00289	wl-tile-v1-05830	wl-neg-neg-es-pba-29650	neg-es-pba-29650	0	hard_negative	train	ES	A Medorra	-7.512025680390142	42.896915388357506	-7.51516483,42.89461571,-7.50888653,42.89921506	131319.61,4758983.03,131859.75,4759521.43	512	Elevacion25830_5	https://servicios.idee.es/wcs-inspire/mdt	data/external/weak-label-relief-v1/train/negative/wl-tile-v1-05830-neg-es-pba-29650-mdt5.tif	downloaded	valid	108	108	5.001	4.985	EPSG:25830	1.000000	374.000	464.000	23808	1		https://servicios.idee.es/wcs-inspire/mdt?SERVICE=WCS&VERSION=2.0.1&REQUEST=GetCoverage&COVERAGEID=Elevacion25830_5&FORMAT=image%2Ftiff&SUBSET=x%28131319.61%2C131859.75%29&SUBSET=y%284758983.03%2C4759521.43%29	2026-08-01T00:00:00Z
weak-relief-wcs-v1-00290	wl-tile-v1-06757	wl-neg-neg-es-pba-50551	neg-es-pba-50551	0	hard_negative	train	ES	A Medorra	-7.116891355550691	42.05751223115287	-7.11998868,42.05521255,-7.11379403,42.05981191	159056.92,4664100.30,159594.25,4664635.83	512	Elevacion25830_5	https://servicios.idee.es/wcs-inspire/mdt	data/external/weak-label-relief-v1/train/negative/wl-tile-v1-06757-neg-es-pba-50551-mdt5.tif	downloaded	valid	107	107	5.022	5.005	EPSG:25830	1.000000	1012.000	1088.000	23378	1		https://servicios.idee.es/wcs-inspire/mdt?SERVICE=WCS&VERSION=2.0.1&REQUEST=GetCoverage&COVERAGEID=Elevacion25830_5&FORMAT=image%2Ftiff&SUBSET=x%28159056.92%2C159594.25%29&SUBSET=y%284664100.30%2C4664635.83%29	2026-08-01T00:00:00Z
weak-relief-wcs-v1-00291	wl-tile-v1-09449	wl-neg-neg-es-pba-74609	neg-es-pba-74609	0	hard_negative	train	ES	A Medorra 2	-8.172891567994498	42.81970024851272	-8.17602679,42.81740057,-8.16975634,42.82199993	76819.18,4753516.35,77363.36,4754058.80	512	Elevacion25830_5	https://servicios.idee.es/wcs-inspire/mdt	data/external/weak-label-relief-v1/train/negative/wl-tile-v1-09449-neg-es-pba-74609-mdt5.tif	downloaded	valid	109	108	4.992	5.023	EPSG:25830	1.000000	511.000	593.000	24024	1		https://servicios.idee.es/wcs-inspire/mdt?SERVICE=WCS&VERSION=2.0.1&REQUEST=GetCoverage&COVERAGEID=Elevacion25830_5&FORMAT=image%2Ftiff&SUBSET=x%2876819.18%2C77363.36%29&SUBSET=y%284753516.35%2C4754058.80%29	2026-08-01T00:00:00Z
weak-relief-wcs-v1-00292	wl-tile-v1-09450	wl-neg-neg-es-pba-74610	neg-es-pba-74610	0	hard_negative	train	ES	A Medorra 3	-8.175247354529128	42.81989249190062	-8.17838259,42.81759282,-8.17211212,42.82219217	76627.85,4753549.56,77172.05,4754092.01	512	Elevacion25830_5	https://servicios.idee.es/wcs-inspire/mdt	data/external/weak-label-relief-v1/train/negative/wl-tile-v1-09450-neg-es-pba-74610-mdt5.tif	downloaded	valid	109	108	4.993	5.023	EPSG:25830	1.000000	534.000	586.000	24024	1		https://servicios.idee.es/wcs-inspire/mdt?SERVICE=WCS&VERSION=2.0.1&REQUEST=GetCoverage&COVERAGEID=Elevacion25830_5&FORMAT=image%2Ftiff&SUBSET=x%2876627.85%2C77172.05%29&SUBSET=y%284753549.56%2C4754092.01%29	2026-08-01T00:00:00Z
weak-relief-wcs-v1-00293	wl-tile-v1-09451	wl-neg-neg-es-pba-74611	neg-es-pba-74611	0	hard_negative	train	ES	A Medorra 4	-8.174962246760963	42.819338366026464	-8.17809745,42.81703869,-8.17182704,42.82163804	76647.38,4753486.57,77191.57,4754029.02	512	Elevacion25830_5	https://servicios.idee.es/wcs-inspire/mdt	data/external/weak-label-relief-v1/train/negative/wl-tile-v1-09451-neg-es-pba-74611-mdt5.tif	downloaded	valid	109	108	4.993	5.023	EPSG:25830	1.000000	533.000	587.000	24024	1		https://servicios.idee.es/wcs-inspire/mdt?SERVICE=WCS&VERSION=2.0.1&REQUEST=GetCoverage&COVERAGEID=Elevacion25830_5&FORMAT=image%2Ftiff&SUBSET=x%2876647.38%2C77191.57%29&SUBSET=y%284753486.57%2C4754029.02%29	2026-08-01T00:00:00Z
weak-relief-wcs-v1-00294	wl-tile-v1-09452	wl-neg-neg-es-pba-74612	neg-es-pba-74612	0	hard_negative	train	ES	A Medorra 5	-8.175630670547019	42.81922942720961	-8.17876587,42.81692975,-8.17249547,42.82152910	76591.97,4753477.83,77136.17,4754020.29	512	Elevacion25830_5	https://servicios.idee.es/wcs-inspire/mdt	data/external/weak-label-relief-v1/train/negative/wl-tile-v1-09452-neg-es-pba-74612-mdt5.tif	downloaded	valid	109	108	4.993	5.023	EPSG:25830	1.000000	533.000	582.000	24024	1		https://servicios.idee.es/wcs-inspire/mdt?SERVICE=WCS&VERSION=2.0.1&REQUEST=GetCoverage&COVERAGEID=Elevacion25830_5&FORMAT=image%2Ftiff&SUBSET=x%2876591.97%2C77136.17%29&SUBSET=y%284753477.83%2C4754020.29%29	2026-08-01T00:00:00Z
weak-relief-wcs-v1-00295	wl-tile-v1-05833	wl-neg-neg-es-pba-32105	neg-es-pba-32105	0	hard_negative	train	ES	A Medorra de Cereixido	-7.321231134794101	42.71980534318632	-7.32436131,42.71750567,-7.31810096,42.72210502	145890.86,4738493.09,146429.75,4739030.22	512	Elevacion25830_5	https://servicios.idee.es/wcs-inspire/mdt	data/external/weak-label-relief-v1/train/negative/wl-tile-v1-05833-neg-es-pba-32105-mdt5.tif	downloaded	valid	108	107	4.990	5.020	EPSG:25830	1.000000	781.000	862.000	23592	1		https://servicios.idee.es/wcs-inspire/mdt?SERVICE=WCS&VERSION=2.0.1&REQUEST=GetCoverage&COVERAGEID=Elevacion25830_5&FORMAT=image%2Ftiff&SUBSET=x%28145890.86%2C146429.75%29&SUBSET=y%284738493.09%2C4739030.22%29	2026-08-01T00:00:00Z
weak-relief-wcs-v1-00296	wl-tile-v1-06187	wl-neg-neg-es-pba-38387	neg-es-pba-38387	0	hard_negative	train	ES	A Medorra de Hospital	-7.729654739732864	42.839911029288565	-7.73279099,42.83761135,-7.72651849,42.84221071	113190.08,4753628.45,113731.54,4754168.16	512	Elevacion25830_5	https://servicios.idee.es/wcs-inspire/mdt	data/external/weak-label-relief-v1/train/negative/wl-tile-v1-06187-neg-es-pba-38387-mdt5.tif	downloaded	valid	108	108	5.014	4.997	EPSG:25830	1.000000	644.000	694.000	23808	1		https://servicios.idee.es/wcs-inspire/mdt?SERVICE=WCS&VERSION=2.0.1&REQUEST=GetCoverage&COVERAGEID=Elevacion25830_5&FORMAT=image%2Ftiff&SUBSET=x%28113190.08%2C113731.54%29&SUBSET=y%284753628.45%2C4754168.16%29	2026-08-01T00:00:00Z
weak-relief-wcs-v1-00297	wl-tile-v1-05616	wl-neg-neg-es-pba-31043	neg-es-pba-31043	0	hard_negative	train	ES	A Medorra de Reigosa 1	-7.805064676443599	43.03891755006112	-7.80821108,43.03661787,-7.80191827,43.04121723	108291.55,4776082.41,108833.58,4776622.71	512	Elevacion25830_5	https://servicios.idee.es/wcs-inspire/mdt	data/external/weak-label-relief-v1/train/negative/wl-tile-v1-05616-neg-es-pba-31043-mdt5.tif	downloaded	valid	108	108	5.019	5.003	EPSG:25830	1.000000	476.000	501.000	23808	1		https://servicios.idee.es/wcs-inspire/mdt?SERVICE=WCS&VERSION=2.0.1&REQUEST=GetCoverage&COVERAGEID=Elevacion25830_5&FORMAT=image%2Ftiff&SUBSET=x%28108291.55%2C108833.58%29&SUBSET=y%284776082.41%2C4776622.71%29	2026-08-01T00:00:00Z
weak-relief-wcs-v1-00298	wl-tile-v1-06315	wl-neg-neg-es-pba-42146	neg-es-pba-42146	0	hard_negative	train	ES	A Medorra de Xisto	-7.395638760933669	42.72333120647266	-7.39876911,42.72103153,-7.39250841,42.72563088	139817.32,4739199.56,140356.66,4739737.15	512	Elevacion25830_5	https://servicios.idee.es/wcs-inspire/mdt	data/external/weak-label-relief-v1/train/negative/wl-tile-v1-06315-neg-es-pba-42146-mdt5.tif	downloaded	valid	108	108	4.994	4.978	EPSG:25830	1.000000	548.000	621.000	23808	1		https://servicios.idee.es/wcs-inspire/mdt?SERVICE=WCS&VERSION=2.0.1&REQUEST=GetCoverage&COVERAGEID=Elevacion25830_5&FORMAT=image%2Ftiff&SUBSET=x%28139817.32%2C140356.66%29&SUBSET=y%284739199.56%2C4739737.15%29	2026-08-01T00:00:00Z
weak-relief-wcs-v1-00299	wl-tile-v1-05617	wl-neg-neg-es-pba-31044	neg-es-pba-31044	0	hard_negative	train	ES	A Medorra de Xoana	-7.759484509760949	43.0427566853125	-7.76263111,43.04045701,-7.75633791,43.04505636	112029.63,4776296.94,112571.38,4776836.95	512	Elevacion25830_5	https://servicios.idee.es/wcs-inspire/mdt	data/external/weak-label-relief-v1/train/negative/wl-tile-v1-05617-neg-es-pba-31044-mdt5.tif	downloaded	valid	108	108	5.016	5.000	EPSG:25830	1.000000	453.000	469.000	23808	1		https://servicios.idee.es/wcs-inspire/mdt?SERVICE=WCS&VERSION=2.0.1&REQUEST=GetCoverage&COVERAGEID=Elevacion25830_5&FORMAT=image%2Ftiff&SUBSET=x%28112029.63%2C112571.38%29&SUBSET=y%284776296.94%2C4776836.95%29	2026-08-01T00:00:00Z
weak-relief-wcs-v1-00300	wl-tile-v1-06188	wl-neg-neg-es-pba-38388	neg-es-pba-38388	0	hard_negative	train	ES	A Medorra do Rañadoiro 1	-7.684191978818824	42.843652247701534	-7.68732842,42.84135257,-7.68105554,42.84595192	116929.53,4753836.08,117470.71,4754375.52	512	Elevacion25830_5	https://servicios.idee.es/wcs-inspire/mdt	data/external/weak-label-relief-v1/train/negative/wl-tile-v1-06188-neg-es-pba-38388-mdt5.tif	downloaded	valid	108	108	5.011	4.995	EPSG:25830	1.000000	554.000	599.000	23808	1		https://servicios.idee.es/wcs-inspire/mdt?SERVICE=WCS&VERSION=2.0.1&REQUEST=GetCoverage&COVERAGEID=Elevacion25830_5&FORMAT=image%2Ftiff&SUBSET=x%28116929.53%2C117470.71%29&SUBSET=y%284753836.08%2C4754375.52%29	2026-08-01T00:00:00Z
weak-relief-wcs-v1-00301	wl-tile-v1-06189	wl-neg-neg-es-pba-38389	neg-es-pba-38389	0	hard_negative	train	ES	A Medorra do Rañadoiro 2	-7.685373116505654	42.84243151823503	-7.68850950,42.84013184,-7.68223674,42.84473119	116825.42,4753705.87,117366.61,4754245.31	512	Elevacion25830_5	https://servicios.idee.es/wcs-inspire/mdt	data/external/weak-label-relief-v1/train/negative/wl-tile-v1-06189-neg-es-pba-38389-mdt5.tif	downloaded	valid	108	108	5.011	4.995	EPSG:25830	1.000000	565.000	601.000	23808	1		https://servicios.idee.es/wcs-inspire/mdt?SERVICE=WCS&VERSION=2.0.1&REQUEST=GetCoverage&COVERAGEID=Elevacion25830_5&FORMAT=image%2Ftiff&SUBSET=x%28116825.42%2C117366.61%29&SUBSET=y%284753705.87%2C4754245.31%29	2026-08-01T00:00:00Z
weak-relief-wcs-v1-00302	wl-tile-v1-06190	wl-neg-neg-es-pba-38420	neg-es-pba-38420	0	hard_negative	train	ES	A Medorra do Rañadoiro 3	-7.684391023095154	42.84192913207163	-7.68752738,42.83962946,-7.68125467,42.84422881	116902.59,4753645.60,117443.77,4754185.03	512	Elevacion25830_5	https://servicios.idee.es/wcs-inspire/mdt	data/external/weak-label-relief-v1/train/negative/wl-tile-v1-06190-neg-es-pba-38420-mdt5.tif	downloaded	valid	108	108	5.011	4.995	EPSG:25830	1.000000	563.000	600.000	23808	1		https://servicios.idee.es/wcs-inspire/mdt?SERVICE=WCS&VERSION=2.0.1&REQUEST=GetCoverage&COVERAGEID=Elevacion25830_5&FORMAT=image%2Ftiff&SUBSET=x%28116902.59%2C117443.77%29&SUBSET=y%284753645.60%2C4754185.03%29	2026-08-01T00:00:00Z
weak-relief-wcs-v1-00303	wl-tile-v1-03920	wl-neg-neg-es-pba-15468	neg-es-pba-15468	0	hard_negative	train	ES	A Medorra/Mámoa de Aldea de Abaixo 1	-8.384378135760812	43.00665720118041	-8.38752289,43.00435752,-8.38123338,43.00895688	60857.46,4775369.26,61403.06,4775913.13	512	Elevacion25830_5	https://servicios.idee.es/wcs-inspire/mdt	data/external/weak-label-relief-v1/train/negative/wl-tile-v1-03920-neg-es-pba-15468-mdt5.tif	downloaded	valid	109	109	5.006	4.990	EPSG:25830	1.000000	319.000	347.000	24242	1		https://servicios.idee.es/wcs-inspire/mdt?SERVICE=WCS&VERSION=2.0.1&REQUEST=GetCoverage&COVERAGEID=Elevacion25830_5&FORMAT=image%2Ftiff&SUBSET=x%2860857.46%2C61403.06%29&SUBSET=y%284775369.26%2C4775913.13%29	2026-08-01T00:00:00Z
weak-relief-wcs-v1-00304	wl-tile-v1-03921	wl-neg-neg-es-pba-15469	neg-es-pba-15469	0	hard_negative	train	ES	A Medorra/Mámoa de Aldea de Abaixo 2	-8.383811127168777	43.006857459481076	-8.38695589,43.00455778,-8.38066637,43.00915714	60905.12,4775388.53,61450.71,4775932.40	512	Elevacion25830_5	https://servicios.idee.es/wcs-inspire/mdt	data/external/weak-label-relief-v1/train/negative/wl-tile-v1-03921-neg-es-pba-15469-mdt5.tif	downloaded	valid	109	109	5.005	4.990	EPSG:25830	1.000000	320.000	349.000	24242	1		https://servicios.idee.es/wcs-inspire/mdt?SERVICE=WCS&VERSION=2.0.1&REQUEST=GetCoverage&COVERAGEID=Elevacion25830_5&FORMAT=image%2Ftiff&SUBSET=x%2860905.12%2C61450.71%29&SUBSET=y%284775388.53%2C4775932.40%29	2026-08-01T00:00:00Z
weak-relief-wcs-v1-00305	wl-tile-v1-03922	wl-neg-neg-es-pba-15470	neg-es-pba-15470	0	hard_negative	train	ES	A Medorra/Mámoa de Aldea de Abaixo 3	-8.381468147174358	43.006944883603026	-8.38461291,43.00464521,-8.37832338,43.00924456	61096.76,4775385.98,61642.34,4775929.83	512	Elevacion25830_5	https://servicios.idee.es/wcs-inspire/mdt	data/external/weak-label-relief-v1/train/negative/wl-tile-v1-03922-neg-es-pba-15470-mdt5.tif	downloaded	valid	109	109	5.005	4.989	EPSG:25830	1.000000	320.000	357.000	24242	1		https://servicios.idee.es/wcs-inspire/mdt?SERVICE=WCS&VERSION=2.0.1&REQUEST=GetCoverage&COVERAGEID=Elevacion25830_5&FORMAT=image%2Ftiff&SUBSET=x%2861096.76%2C61642.34%29&SUBSET=y%284775385.98%2C4775929.83%29	2026-08-01T00:00:00Z
weak-relief-wcs-v1-00306	wl-tile-v1-03923	wl-neg-neg-es-pba-15471	neg-es-pba-15471	0	hard_negative	train	ES	A Medorra/Mámoa de Aldea de Abaixo 4	-8.381072539910585	43.0074400799011	-8.38421733,43.00514040,-8.37792775,43.00973976	61132.55,4775438.91,61678.12,4775982.77	512	Elevacion25830_5	https://servicios.idee.es/wcs-inspire/mdt	data/external/weak-label-relief-v1/train/negative/wl-tile-v1-03923-neg-es-pba-15471-mdt5.tif	downloaded	valid	109	109	5.005	4.990	EPSG:25830	1.000000	320.000	359.000	24242	1		https://servicios.idee.es/wcs-inspire/mdt?SERVICE=WCS&VERSION=2.0.1&REQUEST=GetCoverage&COVERAGEID=Elevacion25830_5&FORMAT=image%2Ftiff&SUBSET=x%2861132.55%2C61678.12%29&SUBSET=y%284775438.91%2C4775982.77%29	2026-08-01T00:00:00Z
weak-relief-wcs-v1-00307	wl-tile-v1-05091	wl-neg-neg-es-pba-42396	neg-es-pba-42396	0	hard_negative	train	ES	A Medorriña/Medorra do Coto Redondo	-7.3093567216112145	42.938316501016985	-7.31249798,42.93601682,-7.30621546,42.94061618	148106.60,4762713.09,148645.52,4763250.26	512	Elevacion25830_5	https://servicios.idee.es/wcs-inspire/mdt	data/external/weak-label-relief-v1/train/negative/wl-tile-v1-05091-neg-es-pba-42396-mdt5.tif	downloaded	valid	108	107	4.990	5.020	EPSG:25830	1.000000	728.000	773.000	23592	1		https://servicios.idee.es/wcs-inspire/mdt?SERVICE=WCS&VERSION=2.0.1&REQUEST=GetCoverage&COVERAGEID=Elevacion25830_5&FORMAT=image%2Ftiff&SUBSET=x%28148106.60%2C148645.52%29&SUBSET=y%284762713.09%2C4763250.26%29	2026-08-01T00:00:00Z
weak-relief-wcs-v1-00308	wl-tile-v1-05007	wl-neg-neg-es-pba-38985	neg-es-pba-38985	0	hard_negative	train	ES	A Mina	-7.320155689361914	42.61852720024245	-7.32328077,42.61622752,-7.31703061,42.62082688	145403.01,4727239.88,145941.85,4727776.94	512	Elevacion25830_5	https://servicios.idee.es/wcs-inspire/mdt	data/external/weak-label-relief-v1/train/negative/wl-tile-v1-05007-neg-es-pba-38985-mdt5.tif	downloaded	valid	108	107	4.989	5.019	EPSG:25830	1.000000	847.000	1044.000	23592	1		https://servicios.idee.es/wcs-inspire/mdt?SERVICE=WCS&VERSION=2.0.1&REQUEST=GetCoverage&COVERAGEID=Elevacion25830_5&FORMAT=image%2Ftiff&SUBSET=x%28145403.01%2C145941.85%29&SUBSET=y%284727239.88%2C4727776.94%29	2026-08-01T00:00:00Z
weak-relief-wcs-v1-00309	wl-tile-v1-07427	wl-neg-neg-es-pba-60601	neg-es-pba-60601	0	hard_negative	train	ES	A Mina dos Lameiros	-7.381245279387915	41.885282391943925	-7.38433424,41.88298272,-7.37815632,41.88758207	136196.39,4646060.17,136735.24,4646597.21	512	Elevacion25830_5	https://servicios.idee.es/wcs-inspire/mdt	data/external/weak-label-relief-v1/train/negative/wl-tile-v1-07427-neg-es-pba-60601-mdt5.tif	downloaded	valid	108	107	4.989	5.019	EPSG:25830	1.000000	601.000	639.000	23592	1		https://servicios.idee.es/wcs-inspire/mdt?SERVICE=WCS&VERSION=2.0.1&REQUEST=GetCoverage&COVERAGEID=Elevacion25830_5&FORMAT=image%2Ftiff&SUBSET=x%28136196.39%2C136735.24%29&SUBSET=y%284646060.17%2C4646597.21%29	2026-08-01T00:00:00Z
weak-relief-wcs-v1-00310	wl-tile-v1-06609	wl-neg-neg-es-pba-30140	neg-es-pba-30140	0	hard_negative	train	ES	A Modia	-7.8048696539652775	43.385036714180174	-7.80803397,43.38273704,-7.80170534,43.38733639	110520.10,4814527.24,111062.31,4815067.73	512	Elevacion25830_5	https://servicios.idee.es/wcs-inspire/mdt	data/external/weak-label-relief-v1/train/negative/wl-tile-v1-06609-neg-es-pba-30140-mdt5.tif	downloaded	valid	108	108	5.020	5.005	EPSG:25830	1.000000	442.000	459.000	23808	1		https://servicios.idee.es/wcs-inspire/mdt?SERVICE=WCS&VERSION=2.0.1&REQUEST=GetCoverage&COVERAGEID=Elevacion25830_5&FORMAT=image%2Ftiff&SUBSET=x%28110520.10%2C111062.31%29&SUBSET=y%284814527.24%2C4815067.73%29	2026-08-01T00:00:00Z
weak-relief-wcs-v1-00311	wl-tile-v1-06482	wl-neg-neg-es-pba-43240	neg-es-pba-43240	0	hard_negative	train	ES	A Modia de Gocendre	-7.599412903586951	43.33093092716578	-7.60257440,43.32863125,-7.59625141,43.33323060	126833.48,4807577.62,127374.38,4808116.80	512	Elevacion25830_5	https://servicios.idee.es/wcs-inspire/mdt	data/external/weak-label-relief-v1/train/negative/wl-tile-v1-06482-neg-es-pba-43240-mdt5.tif	downloaded	valid	108	108	5.008	4.992	EPSG:25830	1.000000	432.000	450.000	23808	1		https://servicios.idee.es/wcs-inspire/mdt?SERVICE=WCS&VERSION=2.0.1&REQUEST=GetCoverage&COVERAGEID=Elevacion25830_5&FORMAT=image%2Ftiff&SUBSET=x%28126833.48%2C127374.38%29&SUBSET=y%284807577.62%2C4808116.80%29	2026-08-01T00:00:00Z
weak-relief-wcs-v1-00312	wl-tile-v1-06610	wl-neg-neg-es-pba-30141	neg-es-pba-30141	0	hard_negative	train	ES	A Modia/Medoña da Zaipa	-7.841299341552326	43.36280027884706	-7.84446249,43.36050060,-7.83813619,43.36509996	107425.02,4812228.20,107967.44,4812768.91	512	Elevacion25830_5	https://servicios.idee.es/wcs-inspire/mdt	data/external/weak-label-relief-v1/train/negative/wl-tile-v1-06610-neg-es-pba-30141-mdt5.tif	downloaded	valid	108	108	5.022	5.007	EPSG:25830	1.000000	565.000	610.000	23808	1		https://servicios.idee.es/wcs-inspire/mdt?SERVICE=WCS&VERSION=2.0.1&REQUEST=GetCoverage&COVERAGEID=Elevacion25830_5&FORMAT=image%2Ftiff&SUBSET=x%28107425.02%2C107967.44%29&SUBSET=y%284812228.20%2C4812768.91%29	2026-08-01T00:00:00Z
weak-relief-wcs-v1-00313	wl-tile-v1-05008	wl-neg-neg-es-pba-38986	neg-es-pba-38986	0	hard_negative	train	ES	A Modorra	-7.440262635472765	42.573455835018066	-7.44338545,42.57115616,-7.43713982,42.57575551	135287.08,4722744.52,135826.63,4723282.30	512	Elevacion25830_5	https://servicios.idee.es/wcs-inspire/mdt	data/external/weak-label-relief-v1/train/negative/wl-tile-v1-05008-neg-es-pba-38986-mdt5.tif	downloaded	valid	108	108	4.996	4.979	EPSG:25830	1.000000	341.000	380.000	23808	1		https://servicios.idee.es/wcs-inspire/mdt?SERVICE=WCS&VERSION=2.0.1&REQUEST=GetCoverage&COVERAGEID=Elevacion25830_5&FORMAT=image%2Ftiff&SUBSET=x%28135287.08%2C135826.63%29&SUBSET=y%284722744.52%2C4723282.30%29	2026-08-01T00:00:00Z
weak-relief-wcs-v1-00314	wl-tile-v1-06046	wl-neg-neg-es-pba-37805	neg-es-pba-37805	0	hard_negative	train	ES	A Modorra Grande	-7.540654499440043	42.69985563562361	-7.54378367,42.69755596,-7.53752533,42.70215531	127800.65,4737221.29,128340.87,4737759.76	512	Elevacion25830_5	https://servicios.idee.es/wcs-inspire/mdt	data/external/weak-label-relief-v1/train/negative/wl-tile-v1-06046-neg-es-pba-37805-mdt5.tif	downloaded	valid	108	108	5.002	4.986	EPSG:25830	1.000000	737.000	778.000	23808	1		https://servicios.idee.es/wcs-inspire/mdt?SERVICE=WCS&VERSION=2.0.1&REQUEST=GetCoverage&COVERAGEID=Elevacion25830_5&FORMAT=image%2Ftiff&SUBSET=x%28127800.65%2C128340.87%29&SUBSET=y%284737221.29%2C4737759.76%29	2026-08-01T00:00:00Z
weak-relief-wcs-v1-00315	wl-tile-v1-06044	wl-neg-neg-es-pba-37803	neg-es-pba-37803	0	hard_negative	train	ES	A Modorra de Bacorelle	-7.601790707633342	42.7111007322669	-7.60492044,42.70880106,-7.59866097,42.71340041	122860.06,4738741.68,123400.66,4739280.53	512	Elevacion25830_5	https://servicios.idee.es/wcs-inspire/mdt	data/external/weak-label-relief-v1/train/negative/wl-tile-v1-06044-neg-es-pba-37803-mdt5.tif	downloaded	valid	108	108	5.006	4.989	EPSG:25830	1.000000	697.000	768.000	23808	1		https://servicios.idee.es/wcs-inspire/mdt?SERVICE=WCS&VERSION=2.0.1&REQUEST=GetCoverage&COVERAGEID=Elevacion25830_5&FORMAT=image%2Ftiff&SUBSET=x%28122860.06%2C123400.66%29&SUBSET=y%284738741.68%2C4739280.53%29	2026-08-01T00:00:00Z
weak-relief-wcs-v1-00316	wl-tile-v1-06316	wl-neg-neg-es-pba-42147	neg-es-pba-42147	0	hard_negative	train	ES	A Modorra do Cruceiro	-7.441420944737824	42.79887839122276	-7.44455512,42.79657871,-7.43828677,42.80117807	136510.45,4747786.97,137050.11,4748324.88	512	Elevacion25830_5	https://servicios.idee.es/wcs-inspire/mdt	data/external/weak-label-relief-v1/train/negative/wl-tile-v1-06316-neg-es-pba-42147-mdt5.tif	downloaded	valid	108	108	4.997	4.981	EPSG:25830	1.000000	568.000	620.000	23808	1		https://servicios.idee.es/wcs-inspire/mdt?SERVICE=WCS&VERSION=2.0.1&REQUEST=GetCoverage&COVERAGEID=Elevacion25830_5&FORMAT=image%2Ftiff&SUBSET=x%28136510.45%2C137050.11%29&SUBSET=y%284747786.97%2C4748324.88%29	2026-08-01T00:00:00Z
weak-relief-wcs-v1-00317	wl-tile-v1-06045	wl-neg-neg-es-pba-37804	neg-es-pba-37804	0	hard_negative	train	ES	A Modorra dos Chaos	-7.579851323183228	42.687454284480914	-7.58297987,42.68515461,-7.57672278,42.68975396	124514.51,4736017.44,125054.97,4736556.14	512	Elevacion25830_5	https://servicios.idee.es/wcs-inspire/mdt	data/external/weak-label-relief-v1/train/negative/wl-tile-v1-06045-neg-es-pba-37804-mdt5.tif	downloaded	valid	108	108	5.004	4.988	EPSG:25830	1.000000	770.000	827.000	23808	1		https://servicios.idee.es/wcs-inspire/mdt?SERVICE=WCS&VERSION=2.0.1&REQUEST=GetCoverage&COVERAGEID=Elevacion25830_5&FORMAT=image%2Ftiff&SUBSET=x%28124514.51%2C125054.97%29&SUBSET=y%284736017.44%2C4736556.14%29	2026-08-01T00:00:00Z
weak-relief-wcs-v1-00318	wl-tile-v1-07326	wl-neg-neg-es-pba-56894	neg-es-pba-56894	0	hard_negative	train	ES	A Muria/O Foio	-6.861414065154015	42.4597978660923	-6.86453121,42.45749819,-6.85829692,42.46209754	182229.78,4707790.34,182765.73,4708324.51	512	Elevacion25830_5	https://servicios.idee.es/wcs-inspire/mdt	data/external/weak-label-relief-v1/train/negative/wl-tile-v1-07326-neg-es-pba-56894-mdt5.tif	downloaded	valid	107	107	5.009	4.992	EPSG:25830	1.000000	719.000	896.000	23378	1		https://servicios.idee.es/wcs-inspire/mdt?SERVICE=WCS&VERSION=2.0.1&REQUEST=GetCoverage&COVERAGEID=Elevacion25830_5&FORMAT=image%2Ftiff&SUBSET=x%28182229.78%2C182765.73%29&SUBSET=y%284707790.34%2C4708324.51%29	2026-08-01T00:00:00Z
weak-relief-wcs-v1-00319	wl-tile-v1-03540	wl-neg-neg-es-pba-10048	neg-es-pba-10048	0	hard_negative	train	ES	A Mámoa	-9.272444809228988	42.945916983256	-9.27558646,42.94361731,-9.26930316,42.94821666	-12053.80,4773659.91,-11502.73,4774209.27	512	Elevacion25830_5	https://servicios.idee.es/wcs-inspire/mdt	data/external/weak-label-relief-v1/train/negative/wl-tile-v1-03540-neg-es-pba-10048-mdt5.tif	downloaded	valid	110	110	5.010	4.994	EPSG:25830	1.000000	52.000	111.000	24680	1		https://servicios.idee.es/wcs-inspire/mdt?SERVICE=WCS&VERSION=2.0.1&REQUEST=GetCoverage&COVERAGEID=Elevacion25830_5&FORMAT=image%2Ftiff&SUBSET=x%28-12053.80%2C-11502.73%29&SUBSET=y%284773659.91%2C4774209.27%29	2026-08-01T00:00:00Z
weak-relief-wcs-v1-00320	wl-tile-v1-09448	wl-neg-neg-es-pba-74608	neg-es-pba-74608	0	hard_negative	train	ES	A Mámoa 2	-8.206279175405781	42.80736352624449	-8.20941378,42.80506385,-8.20314457,42.80966320	74004.06,4752314.44,74548.44,4752857.08	512	Elevacion25830_5	https://servicios.idee.es/wcs-inspire/mdt	data/external/weak-label-relief-v1/train/negative/wl-tile-v1-09448-neg-es-pba-74608-mdt5.tif	downloaded	valid	109	109	4.994	4.978	EPSG:25830	1.000000	494.000	563.000	24242	1		https://servicios.idee.es/wcs-inspire/mdt?SERVICE=WCS&VERSION=2.0.1&REQUEST=GetCoverage&COVERAGEID=Elevacion25830_5&FORMAT=image%2Ftiff&SUBSET=x%2874004.06%2C74548.44%29&SUBSET=y%284752314.44%2C4752857.08%29	2026-08-01T00:00:00Z
weak-relief-wcs-v1-00321	wl-tile-v1-06043	wl-neg-neg-es-pba-37802	neg-es-pba-37802	0	hard_negative	train	ES	A Mámoa 3	-7.563634591053915	42.71108578472923	-7.56676433,42.70878611,-7.56050486,42.71338546	125985.46,4738570.21,126525.83,4739108.83	512	Elevacion25830_5	https://servicios.idee.es/wcs-inspire/mdt	data/external/weak-label-relief-v1/train/negative/wl-tile-v1-06043-neg-es-pba-37802-mdt5.tif	downloaded	valid	108	108	5.003	4.987	EPSG:25830	1.000000	691.000	757.000	23808	1		https://servicios.idee.es/wcs-inspire/mdt?SERVICE=WCS&VERSION=2.0.1&REQUEST=GetCoverage&COVERAGEID=Elevacion25830_5&FORMAT=image%2Ftiff&SUBSET=x%28125985.46%2C126525.83%29&SUBSET=y%284738570.21%2C4739108.83%29	2026-08-01T00:00:00Z
weak-relief-wcs-v1-00322	wl-tile-v1-07113	wl-neg-neg-es-pba-51258	neg-es-pba-51258	0	hard_negative	train	ES	A Mámoa de Calvelo	-7.666865436685294	42.27899941803333	-7.66997362,42.27669974,-7.66375725,42.28129909	114883.00,4691040.85,115423.78,4691579.86	512	Elevacion25830_5	https://servicios.idee.es/wcs-inspire/mdt	data/external/weak-label-relief-v1/train/negative/wl-tile-v1-07113-neg-es-pba-51258-mdt5.tif	downloaded	valid	108	108	5.007	4.991	EPSG:25830	1.000000	651.000	707.000	23808	1		https://servicios.idee.es/wcs-inspire/mdt?SERVICE=WCS&VERSION=2.0.1&REQUEST=GetCoverage&COVERAGEID=Elevacion25830_5&FORMAT=image%2Ftiff&SUBSET=x%28114883.00%2C115423.78%29&SUBSET=y%284691040.85%2C4691579.86%29	2026-08-01T00:00:00Z
weak-relief-wcs-v1-00323	wl-tile-v1-03026	wl-neg-neg-es-pba-884	neg-es-pba-884	0	hard_negative	train	ES	A Mámoa de Costa da Vide	-7.949744218264893	43.24046929168263	-7.95290101,43.23816962,-7.94658742,43.24276897	97828.78,4799156.40,98371.81,4799697.71	512	Elevacion25830_5	https://servicios.idee.es/wcs-inspire/mdt	data/external/weak-label-relief-v1/train/negative/wl-tile-v1-03026-neg-es-pba-884-mdt5.tif	downloaded	valid	109	108	4.982	5.012	EPSG:25830	1.000000	657.000	726.000	24024	1		https://servicios.idee.es/wcs-inspire/mdt?SERVICE=WCS&VERSION=2.0.1&REQUEST=GetCoverage&COVERAGEID=Elevacion25830_5&FORMAT=image%2Ftiff&SUBSET=x%2897828.78%2C98371.81%29&SUBSET=y%284799156.40%2C4799697.71%29	2026-08-01T00:00:00Z
weak-relief-wcs-v1-00324	wl-tile-v1-03027	wl-neg-neg-es-pba-885	neg-es-pba-885	0	hard_negative	train	ES	A Mámoa de Ferreiros	-8.037689991191234	43.1863610980636	-8.04084399,43.18406142,-8.03453600,43.18866077	90323.77,4793573.37,90867.32,4794115.19	512	Elevacion25830_5	https://servicios.idee.es/wcs-inspire/mdt	data/external/weak-label-relief-v1/train/negative/wl-tile-v1-03027-neg-es-pba-885-mdt5.tif	downloaded	valid	109	108	4.987	5.017	EPSG:25830	1.000000	467.000	503.000	24024	1		https://servicios.idee.es/wcs-inspire/mdt?SERVICE=WCS&VERSION=2.0.1&REQUEST=GetCoverage&COVERAGEID=Elevacion25830_5&FORMAT=image%2Ftiff&SUBSET=x%2890323.77%2C90867.32%29&SUBSET=y%284793573.37%2C4794115.19%29	2026-08-01T00:00:00Z
weak-relief-wcs-v1-00325	wl-tile-v1-03028	wl-neg-neg-es-pba-886	neg-es-pba-886	0	hard_negative	train	ES	A Mámoa de Vilarraso	-8.044049074612847	43.16496374081521	-8.04720196,43.16266406,-8.04089619,43.16726342	89663.34,4791227.76,90206.91,4791769.61	512	Elevacion25830_5	https://servicios.idee.es/wcs-inspire/mdt	data/external/weak-label-relief-v1/train/negative/wl-tile-v1-03028-neg-es-pba-886-mdt5.tif	downloaded	valid	109	108	4.987	5.017	EPSG:25830	1.000000	455.000	489.000	24024	1		https://servicios.idee.es/wcs-inspire/mdt?SERVICE=WCS&VERSION=2.0.1&REQUEST=GetCoverage&COVERAGEID=Elevacion25830_5&FORMAT=image%2Ftiff&SUBSET=x%2889663.34%2C90206.91%29&SUBSET=y%284791227.76%2C4791769.61%29	2026-08-01T00:00:00Z
weak-relief-wcs-v1-00326	wl-tile-v1-03029	wl-neg-neg-es-pba-887	neg-es-pba-887	0	hard_negative	train	ES	A Mámoa do Marco de Buño	-7.9453456166877166	43.21590614559123	-7.94850114,43.21360647,-7.94219009,43.21820582	98024.30,4796406.81,98567.29,4796948.07	512	Elevacion25830_5	https://servicios.idee.es/wcs-inspire/mdt	data/external/weak-label-relief-v1/train/negative/wl-tile-v1-03029-neg-es-pba-887-mdt5.tif	downloaded	valid	109	108	4.982	5.012	EPSG:25830	1.000000	667.000	724.000	24024	1		https://servicios.idee.es/wcs-inspire/mdt?SERVICE=WCS&VERSION=2.0.1&REQUEST=GetCoverage&COVERAGEID=Elevacion25830_5&FORMAT=image%2Ftiff&SUBSET=x%2898024.30%2C98567.29%29&SUBSET=y%284796406.81%2C4796948.07%29	2026-08-01T00:00:00Z
weak-relief-wcs-v1-00327	wl-tile-v1-03030	wl-neg-neg-es-pba-888	neg-es-pba-888	0	hard_negative	train	ES	A Mámoa do Monte dos Croios Brancos	-7.996989556486856	43.206802364353365	-8.00014461,43.20450269,-7.99383451,43.20910204	93767.98,4795645.31,94311.28,4796186.89	512	Elevacion25830_5	https://servicios.idee.es/wcs-inspire/mdt	data/external/weak-label-relief-v1/train/negative/wl-tile-v1-03030-neg-es-pba-888-mdt5.tif	downloaded	valid	109	108	4.984	5.015	EPSG:25830	1.000000	427.000	471.000	24024	1		https://servicios.idee.es/wcs-inspire/mdt?SERVICE=WCS&VERSION=2.0.1&REQUEST=GetCoverage&COVERAGEID=Elevacion25830_5&FORMAT=image%2Ftiff&SUBSET=x%2893767.98%2C94311.28%29&SUBSET=y%284795645.31%2C4796186.89%29	2026-08-01T00:00:00Z
weak-relief-wcs-v1-00328	wl-tile-v1-03031	wl-neg-neg-es-pba-889	neg-es-pba-889	0	hard_negative	train	ES	A Mámoa do Pousadoiro	-7.999584897637297	43.20621801889637	-8.00273992,43.20391834,-7.99642988,43.20851770	93553.20,4795593.02,94096.52,4796134.62	512	Elevacion25830_5	https://servicios.idee.es/wcs-inspire/mdt	data/external/weak-label-relief-v1/train/negative/wl-tile-v1-03031-neg-es-pba-889-mdt5.tif	downloaded	valid	109	108	4.985	5.015	EPSG:25830	1.000000	424.000	466.000	24024	1		https://servicios.idee.es/wcs-inspire/mdt?SERVICE=WCS&VERSION=2.0.1&REQUEST=GetCoverage&COVERAGEID=Elevacion25830_5&FORMAT=image%2Ftiff&SUBSET=x%2893553.20%2C94096.52%29&SUBSET=y%284795593.02%2C4796134.62%29	2026-08-01T00:00:00Z
weak-relief-wcs-v1-00329	wl-tile-v1-03032	wl-neg-neg-es-pba-890	neg-es-pba-890	0	hard_negative	train	ES	A Mámoa/A Medoña	-7.996405853156243	43.20673568811981	-7.99956090,43.20443601,-7.99325081,43.20903536	93814.96,4795635.06,94358.26,4796176.64	512	Elevacion25830_5	https://servicios.idee.es/wcs-inspire/mdt	data/external/weak-label-relief-v1/train/negative/wl-tile-v1-03032-neg-es-pba-890-mdt5.tif	downloaded	valid	109	108	4.984	5.015	EPSG:25830	1.000000	426.000	470.000	24024	1		https://servicios.idee.es/wcs-inspire/mdt?SERVICE=WCS&VERSION=2.0.1&REQUEST=GetCoverage&COVERAGEID=Elevacion25830_5&FORMAT=image%2Ftiff&SUBSET=x%2893814.96%2C94358.26%29&SUBSET=y%284795635.06%2C4796176.64%29	2026-08-01T00:00:00Z
weak-relief-wcs-v1-00330	wl-tile-v1-07327	wl-neg-neg-es-pba-56895	neg-es-pba-56895	0	hard_negative	train	ES	A Pala I	-6.916457995358127	42.47187500028873	-6.91957574,42.46957532,-6.91334025,42.47417468	177765.03,4709339.20,178301.32,4709873.71	512	Elevacion25830_5	https://servicios.idee.es/wcs-inspire/mdt	data/external/weak-label-relief-v1/train/negative/wl-tile-v1-07327-neg-es-pba-56895-mdt5.tif	downloaded	valid	107	107	5.012	4.995	EPSG:25830	1.000000	556.000	686.000	23378	1		https://servicios.idee.es/wcs-inspire/mdt?SERVICE=WCS&VERSION=2.0.1&REQUEST=GetCoverage&COVERAGEID=Elevacion25830_5&FORMAT=image%2Ftiff&SUBSET=x%28177765.03%2C178301.32%29&SUBSET=y%284709339.20%2C4709873.71%29	2026-08-01T00:00:00Z
weak-relief-wcs-v1-00331	wl-tile-v1-07328	wl-neg-neg-es-pba-56896	neg-es-pba-56896	0	hard_negative	train	ES	A Pala I	-6.918151044233858	42.472967630134804	-6.92126884,42.47066795,-6.91503324,42.47526731	177631.43,4709466.98,178167.74,4710001.50	512	Elevacion25830_5	https://servicios.idee.es/wcs-inspire/mdt	data/external/weak-label-relief-v1/train/negative/wl-tile-v1-07328-neg-es-pba-56896-mdt5.tif	downloaded	valid	107	107	5.012	4.996	EPSG:25830	1.000000	577.000	688.000	23378	1		https://servicios.idee.es/wcs-inspire/mdt?SERVICE=WCS&VERSION=2.0.1&REQUEST=GetCoverage&COVERAGEID=Elevacion25830_5&FORMAT=image%2Ftiff&SUBSET=x%28177631.43%2C178167.74%29&SUBSET=y%284709466.98%2C4710001.50%29	2026-08-01T00:00:00Z
weak-relief-wcs-v1-00332	wl-tile-v1-07329	wl-neg-neg-es-pba-56897	neg-es-pba-56897	0	hard_negative	train	ES	A Pala I	-6.917869680994709	42.467905293304405	-6.92098723,42.46560562,-6.91475213,42.47020497	177628.57,4708903.68,178164.87,4709438.20	512	Elevacion25830_5	https://servicios.idee.es/wcs-inspire/mdt	data/external/weak-label-relief-v1/train/negative/wl-tile-v1-07329-neg-es-pba-56897-mdt5.tif	downloaded	valid	107	107	5.012	4.996	EPSG:25830	1.000000	508.000	656.000	23378	1		https://servicios.idee.es/wcs-inspire/mdt?SERVICE=WCS&VERSION=2.0.1&REQUEST=GetCoverage&COVERAGEID=Elevacion25830_5&FORMAT=image%2Ftiff&SUBSET=x%28177628.57%2C178164.87%29&SUBSET=y%284708903.68%2C4709438.20%29	2026-08-01T00:00:00Z
weak-relief-wcs-v1-00333	wl-tile-v1-07330	wl-neg-neg-es-pba-56923	neg-es-pba-56923	0	hard_negative	train	ES	A Pala I	-6.918665564046672	42.47020000501773	-6.92178323,42.46790033,-6.91554790,42.47249968	177574.91,4709161.56,178111.22,4709696.08	512	Elevacion25830_5	https://servicios.idee.es/wcs-inspire/mdt	data/external/weak-label-relief-v1/train/negative/wl-tile-v1-07330-neg-es-pba-56923-mdt5.tif	downloaded	valid	107	107	5.012	4.996	EPSG:25830	1.000000	528.000	671.000	23378	1		https://servicios.idee.es/wcs-inspire/mdt?SERVICE=WCS&VERSION=2.0.1&REQUEST=GetCoverage&COVERAGEID=Elevacion25830_5&FORMAT=image%2Ftiff&SUBSET=x%28177574.91%2C178111.22%29&SUBSET=y%284709161.56%2C4709696.08%29	2026-08-01T00:00:00Z
weak-relief-wcs-v1-00334	wl-tile-v1-07331	wl-neg-neg-es-pba-56924	neg-es-pba-56924	0	hard_negative	train	ES	A Pala II	-6.91731733851229	42.47392953870615	-6.92043519,42.47162986,-6.91419949,42.47622922	177704.92,4709570.64,178241.22,4710105.16	512	Elevacion25830_5	https://servicios.idee.es/wcs-inspire/mdt	data/external/weak-label-relief-v1/train/negative/wl-tile-v1-07331-neg-es-pba-56924-mdt5.tif	downloaded	valid	107	107	5.012	4.996	EPSG:25830	1.000000	603.000	688.000	23378	1		https://servicios.idee.es/wcs-inspire/mdt?SERVICE=WCS&VERSION=2.0.1&REQUEST=GetCoverage&COVERAGEID=Elevacion25830_5&FORMAT=image%2Ftiff&SUBSET=x%28177704.92%2C178241.22%29&SUBSET=y%284709570.64%2C4710105.16%29	2026-08-01T00:00:00Z
weak-relief-wcs-v1-00335	wl-tile-v1-07332	wl-neg-neg-es-pba-56925	neg-es-pba-56925	0	hard_negative	train	ES	A Pala II	-6.9168546021579465	42.474519027663106	-6.91997248,42.47221935,-6.91373673,42.47681870	177745.99,4709634.35,178282.29,4710168.87	512	Elevacion25830_5	https://servicios.idee.es/wcs-inspire/mdt	data/external/weak-label-relief-v1/train/negative/wl-tile-v1-07332-neg-es-pba-56925-mdt5.tif	downloaded	valid	107	107	5.012	4.996	EPSG:25830	1.000000	594.000	688.000	23378	1		https://servicios.idee.es/wcs-inspire/mdt?SERVICE=WCS&VERSION=2.0.1&REQUEST=GetCoverage&COVERAGEID=Elevacion25830_5&FORMAT=image%2Ftiff&SUBSET=x%28177745.99%2C178282.29%29&SUBSET=y%284709634.35%2C4710168.87%29	2026-08-01T00:00:00Z
weak-relief-wcs-v1-00336	wl-tile-v1-07333	wl-neg-neg-es-pba-56926	neg-es-pba-56926	0	hard_negative	train	ES	A Pala II	-6.916370629855317	42.475844706752845	-6.91948857,42.47354503,-6.91325269,42.47814438	177792.59,4709779.75,178328.89,4710314.26	512	Elevacion25830_5	https://servicios.idee.es/wcs-inspire/mdt	data/external/weak-label-relief-v1/train/negative/wl-tile-v1-07333-neg-es-pba-56926-mdt5.tif	downloaded	valid	107	107	5.012	4.995	EPSG:25830	1.000000	550.000	685.000	23378	1		https://servicios.idee.es/wcs-inspire/mdt?SERVICE=WCS&VERSION=2.0.1&REQUEST=GetCoverage&COVERAGEID=Elevacion25830_5&FORMAT=image%2Ftiff&SUBSET=x%28177792.59%2C178328.89%29&SUBSET=y%284709779.75%2C4710314.26%29	2026-08-01T00:00:00Z
weak-relief-wcs-v1-00337	wl-tile-v1-06262	wl-neg-neg-es-pba-40686	neg-es-pba-40686	0	hard_negative	train	ES	A Pedra Chantada	-7.228008821431058	43.18010872707576	-7.23116249,43.17780905,-7.22485515,43.18240840	156100.83,4789231.62,156639.36,4789768.41	512	Elevacion25830_5	https://servicios.idee.es/wcs-inspire/mdt	data/external/weak-label-relief-v1/train/negative/wl-tile-v1-06262-neg-es-pba-40686-mdt5.tif	downloaded	valid	108	107	4.986	5.017	EPSG:25830	1.000000	631.000	739.000	23592	1		https://servicios.idee.es/wcs-inspire/mdt?SERVICE=WCS&VERSION=2.0.1&REQUEST=GetCoverage&COVERAGEID=Elevacion25830_5&FORMAT=image%2Ftiff&SUBSET=x%28156100.83%2C156639.36%29&SUBSET=y%284789231.62%2C4789768.41%29	2026-08-01T00:00:00Z
weak-relief-wcs-v1-00338	wl-tile-v1-05315	wl-neg-neg-es-pba-29114	neg-es-pba-29114	0	hard_negative	train	ES	A Torre do Braña/As Torres	-7.601237361797503	43.23094311640322	-7.60439366,43.22864344,-7.59808106,43.23324279	126072.78,4796479.63,126613.64,4797018.76	512	Elevacion25830_5	https://servicios.idee.es/wcs-inspire/mdt	data/external/weak-label-relief-v1/train/negative/wl-tile-v1-05315-neg-es-pba-29114-mdt5.tif	downloaded	valid	108	108	5.008	4.992	EPSG:25830	1.000000	419.000	462.000	23808	1		https://servicios.idee.es/wcs-inspire/mdt?SERVICE=WCS&VERSION=2.0.1&REQUEST=GetCoverage&COVERAGEID=Elevacion25830_5&FORMAT=image%2Ftiff&SUBSET=x%28126072.78%2C126613.64%29&SUBSET=y%284796479.63%2C4797018.76%29	2026-08-01T00:00:00Z
weak-relief-wcs-v1-00339	wl-tile-v1-06611	wl-neg-neg-es-pba-30142	neg-es-pba-30142	0	hard_negative	train	ES	Abrigo Curaceiro 1	-7.758504415907386	43.3561247789937	-7.76166722,43.35382510,-7.75534161,43.35842446	114092.88,4811100.09,114634.78,4811640.28	512	Elevacion25830_5	https://servicios.idee.es/wcs-inspire/mdt	data/external/weak-label-relief-v1/train/negative/wl-tile-v1-06611-neg-es-pba-30142-mdt5.tif	downloaded	valid	108	108	5.018	5.002	EPSG:25830	1.000000	442.000	501.000	23808	1		https://servicios.idee.es/wcs-inspire/mdt?SERVICE=WCS&VERSION=2.0.1&REQUEST=GetCoverage&COVERAGEID=Elevacion25830_5&FORMAT=image%2Ftiff&SUBSET=x%28114092.88%2C114634.78%29&SUBSET=y%284811100.09%2C4811640.28%29	2026-08-01T00:00:00Z
weak-relief-wcs-v1-00340	wl-tile-v1-05678	wl-neg-neg-es-pba-34130	neg-es-pba-34130	0	hard_negative	train	ES	Abrigo da Pena da Capela	-7.415554428539958	43.48511770836331	-7.41872398,43.48281803,-7.41238488,43.48741738	142650.84,4823897.93,143190.68,4824436.04	512	Elevacion25830_5	https://servicios.idee.es/wcs-inspire/mdt	data/external/weak-label-relief-v1/train/negative/wl-tile-v1-05678-neg-es-pba-34130-mdt5.tif	downloaded	valid	108	108	4.999	4.983	EPSG:25830	1.000000	487.000	627.000	23808	1		https://servicios.idee.es/wcs-inspire/mdt?SERVICE=WCS&VERSION=2.0.1&REQUEST=GetCoverage&COVERAGEID=Elevacion25830_5&FORMAT=image%2Ftiff&SUBSET=x%28142650.84%2C143190.68%29&SUBSET=y%284823897.93%2C4824436.04%29	2026-08-01T00:00:00Z
weak-relief-wcs-v1-00341	wl-tile-v1-06483	wl-neg-neg-es-pba-43242	neg-es-pba-43242	0	hard_negative	train	ES	Abrigo de Dos Niñas	-7.747343021496296	43.345670251923785	-7.75050528,43.34337058,-7.74418076,43.34796993	114931.37,4809887.23,115473.20,4810427.34	512	Elevacion25830_5	https://servicios.idee.es/wcs-inspire/mdt	data/external/weak-label-relief-v1/train/negative/wl-tile-v1-06483-neg-es-pba-43242-mdt5.tif	downloaded	valid	108	108	5.017	5.001	EPSG:25830	1.000000	435.000	503.000	23808	1		https://servicios.idee.es/wcs-inspire/mdt?SERVICE=WCS&VERSION=2.0.1&REQUEST=GetCoverage&COVERAGEID=Elevacion25830_5&FORMAT=image%2Ftiff&SUBSET=x%28114931.37%2C115473.20%29&SUBSET=y%284809887.23%2C4810427.34%29	2026-08-01T00:00:00Z
weak-relief-wcs-v1-00342	wl-tile-v1-06047	wl-neg-neg-es-pba-37807	neg-es-pba-37807	0	hard_negative	train	ES	Abrigo de Monte Agudo	-7.6314367547556605	42.76019933951132	-7.63456897,42.75789966,-7.62830454,42.76249902	120731.44,4744328.06,121272.25,4744867.12	512	Elevacion25830_5	https://servicios.idee.es/wcs-inspire/mdt	data/external/weak-label-relief-v1/train/negative/wl-tile-v1-06047-neg-es-pba-37807-mdt5.tif	downloaded	valid	108	108	5.007	4.991	EPSG:25830	1.000000	320.000	528.000	23808	1		https://servicios.idee.es/wcs-inspire/mdt?SERVICE=WCS&VERSION=2.0.1&REQUEST=GetCoverage&COVERAGEID=Elevacion25830_5&FORMAT=image%2Ftiff&SUBSET=x%28120731.44%2C121272.25%29&SUBSET=y%284744328.06%2C4744867.12%29	2026-08-01T00:00:00Z
weak-relief-wcs-v1-00343	wl-tile-v1-05679	wl-neg-neg-es-pba-34131	neg-es-pba-34131	0	hard_negative	train	ES	Abrigo de Monte Lourido	-7.3520042244991455	43.477176548065756	-7.35517336,43.47487687,-7.34883509,43.47947622	147744.59,4822744.91,148284.02,4823282.63	512	Elevacion25830_5	https://servicios.idee.es/wcs-inspire/mdt	data/external/weak-label-relief-v1/train/negative/wl-tile-v1-05679-neg-es-pba-34131-mdt5.tif	downloaded	valid	108	108	4.995	4.979	EPSG:25830	1.000000	61.000	208.000	23808	1		https://servicios.idee.es/wcs-inspire/mdt?SERVICE=WCS&VERSION=2.0.1&REQUEST=GetCoverage&COVERAGEID=Elevacion25830_5&FORMAT=image%2Ftiff&SUBSET=x%28147744.59%2C148284.02%29&SUBSET=y%284822744.91%2C4823282.63%29	2026-08-01T00:00:00Z
weak-relief-wcs-v1-00344	wl-tile-v1-06317	wl-neg-neg-es-pba-42148	neg-es-pba-42148	0	hard_negative	train	ES	Abrigo de Pena Moura	-7.482179125698201	42.7712500802807	-7.48531190,42.76895040,-7.47904635,42.77354976	133013.21,4744894.91,133553.11,4745433.05	512	Elevacion25830_5	https://servicios.idee.es/wcs-inspire/mdt	data/external/weak-label-relief-v1/train/negative/wl-tile-v1-06317-neg-es-pba-42148-mdt5.tif	downloaded	valid	108	108	4.999	4.983	EPSG:25830	1.000000	569.000	613.000	23808	1		https://servicios.idee.es/wcs-inspire/mdt?SERVICE=WCS&VERSION=2.0.1&REQUEST=GetCoverage&COVERAGEID=Elevacion25830_5&FORMAT=image%2Ftiff&SUBSET=x%28133013.21%2C133553.11%29&SUBSET=y%284744894.91%2C4745433.05%29	2026-08-01T00:00:00Z
weak-relief-wcs-v1-00345	wl-tile-v1-09350	wl-neg-neg-es-pba-70706	neg-es-pba-70706	0	hard_negative	train	ES	Achado de Areeiro	-8.722171895021642	42.0504364142663	-8.72526887,42.04813674,-8.71907492,42.05273609	26122.75,4670971.52,26669.87,4671516.87	512	Elevacion25830_5	https://servicios.idee.es/wcs-inspire/mdt	data/external/weak-label-relief-v1/train/negative/wl-tile-v1-09350-neg-es-pba-70706-mdt5.tif	downloaded	valid	109	109	5.019	5.003	EPSG:25830	1.000000	181.000	318.000	24242	1		https://servicios.idee.es/wcs-inspire/mdt?SERVICE=WCS&VERSION=2.0.1&REQUEST=GetCoverage&COVERAGEID=Elevacion25830_5&FORMAT=image%2Ftiff&SUBSET=x%2826122.75%2C26669.87%29&SUBSET=y%284670971.52%2C4671516.87%29	2026-08-01T00:00:00Z
weak-relief-wcs-v1-00346	wl-tile-v1-05062	wl-neg-neg-es-pba-26911	neg-es-pba-26911	0	hard_negative	train	ES	Agro da Mámoa/Mámoa de Árbol	-7.92667104277919	42.79709272749216	-7.92980512,42.79479305,-7.92353696,42.79939240	96806.41,4749796.71,97349.06,4750337.62	512	Elevacion25830_5	https://servicios.idee.es/wcs-inspire/mdt	data/external/weak-label-relief-v1/train/negative/wl-tile-v1-05062-neg-es-pba-26911-mdt5.tif	downloaded	valid	109	108	4.978	5.008	EPSG:25830	1.000000	509.000	552.000	24024	1		https://servicios.idee.es/wcs-inspire/mdt?SERVICE=WCS&VERSION=2.0.1&REQUEST=GetCoverage&COVERAGEID=Elevacion25830_5&FORMAT=image%2Ftiff&SUBSET=x%2896806.41%2C97349.06%29&SUBSET=y%284749796.71%2C4750337.62%29	2026-08-01T00:00:00Z
weak-relief-wcs-v1-00347	wl-tile-v1-07433	wl-neg-neg-es-pba-65159	neg-es-pba-65159	0	hard_negative	train	ES	Aloque/Almarra/Bouziña de Moledo	-8.86137360857704	41.89181467810417	-8.86446288,41.88951500,-8.85828434,41.89411435	13387.31,4654132.97,13935.18,4654679.06	512	Elevacion25830_5	https://servicios.idee.es/wcs-inspire/mdt	data/external/weak-label-relief-v1/train/negative/wl-tile-v1-07433-neg-es-pba-65159-mdt5.tif	downloaded	valid	110	109	4.981	5.010	EPSG:25830	1.000000	30.000	148.000	24460	1		https://servicios.idee.es/wcs-inspire/mdt?SERVICE=WCS&VERSION=2.0.1&REQUEST=GetCoverage&COVERAGEID=Elevacion25830_5&FORMAT=image%2Ftiff&SUBSET=x%2813387.31%2C13935.18%29&SUBSET=y%284654132.97%2C4654679.06%29	2026-08-01T00:00:00Z
weak-relief-wcs-v1-00348	wl-tile-v1-06066	wl-neg-neg-es-pba-36986	neg-es-pba-36986	0	hard_negative	train	ES	Alto da Medorra	-7.041514435054616	42.67860572857855	-7.04464253,42.67630605,-7.03838634,42.68090541	168579.95,4732781.96,169117.10,4733317.34	512	Elevacion25830_5	https://servicios.idee.es/wcs-inspire/mdt	data/external/weak-label-relief-v1/train/negative/wl-tile-v1-06066-neg-es-pba-36986-mdt5.tif	downloaded	valid	107	107	5.020	5.004	EPSG:25830	1.000000	1074.000	1181.000	23378	1		https://servicios.idee.es/wcs-inspire/mdt?SERVICE=WCS&VERSION=2.0.1&REQUEST=GetCoverage&COVERAGEID=Elevacion25830_5&FORMAT=image%2Ftiff&SUBSET=x%28168579.95%2C169117.10%29&SUBSET=y%284732781.96%2C4733317.34%29	2026-08-01T00:00:00Z
weak-relief-wcs-v1-00349	wl-tile-v1-08724	wl-neg-neg-es-pba-68165	neg-es-pba-68165	0	hard_negative	train	ES	Anta do Meixueiro/Anta de Meixoeiro	-8.667328067073248	42.178457317271715	-8.67043131,42.17615764,-8.66422483,42.18075699	31610.07,4684889.64,32156.93,4685434.73	512	Elevacion25830_5	https://servicios.idee.es/wcs-inspire/mdt	data/external/weak-label-relief-v1/train/negative/wl-tile-v1-08724-neg-es-pba-68165-mdt5.tif	downloaded	valid	109	109	5.017	5.001	EPSG:25830	1.000000	391.000	470.000	24242	1		https://servicios.idee.es/wcs-inspire/mdt?SERVICE=WCS&VERSION=2.0.1&REQUEST=GetCoverage&COVERAGEID=Elevacion25830_5&FORMAT=image%2Ftiff&SUBSET=x%2831610.07%2C32156.93%29&SUBSET=y%284684889.64%2C4685434.73%29	2026-08-01T00:00:00Z
weak-relief-wcs-v1-00350	wl-tile-v1-09423	wl-neg-neg-es-pba-73288	neg-es-pba-73288	0	hard_negative	train	ES	Ara votiva de San Mamede de Martores	-8.615426840059728	42.68966556716766	-8.61855549,42.68736589,-8.61229819,42.69196524	39665.90,4741392.69,40212.74,4741937.80	512	Elevacion25830_5	https://servicios.idee.es/wcs-inspire/mdt	data/external/weak-label-relief-v1/train/negative/wl-tile-v1-09423-neg-es-pba-73288-mdt5.tif	downloaded	valid	109	109	5.017	5.001	EPSG:25830	1.000000	184.000	270.000	24242	1		https://servicios.idee.es/wcs-inspire/mdt?SERVICE=WCS&VERSION=2.0.1&REQUEST=GetCoverage&COVERAGEID=Elevacion25830_5&FORMAT=image%2Ftiff&SUBSET=x%2839665.90%2C40212.74%29&SUBSET=y%284741392.69%2C4741937.80%29	2026-08-01T00:00:00Z
weak-relief-wcs-v1-00351	wl-tile-v1-07114	wl-neg-neg-es-pba-51261	neg-es-pba-51261	0	hard_negative	train	ES	As Cerdeiras	-7.645405180978274	42.25591828979778	-7.64851223,42.25361861,-7.64229813,42.25821797	116513.02,4688380.34,117053.67,4688919.20	512	Elevacion25830_5	https://servicios.idee.es/wcs-inspire/mdt	data/external/weak-label-relief-v1/train/negative/wl-tile-v1-07114-neg-es-pba-51261-mdt5.tif	downloaded	valid	108	108	5.006	4.989	EPSG:25830	1.000000	532.000	563.000	23808	1		https://servicios.idee.es/wcs-inspire/mdt?SERVICE=WCS&VERSION=2.0.1&REQUEST=GetCoverage&COVERAGEID=Elevacion25830_5&FORMAT=image%2Ftiff&SUBSET=x%28116513.02%2C117053.67%29&SUBSET=y%284688380.34%2C4688919.20%29	2026-08-01T00:00:00Z
weak-relief-wcs-v1-00352	wl-tile-v1-07334	wl-neg-neg-es-pba-56959	neg-es-pba-56959	0	hard_negative	train	ES	As Cheices	-6.8269838147602355	42.44175768033532	-6.83010006,42.43945800,-6.82386757,42.44405736	184970.81,4705658.47,185506.54,4706192.42	512	Elevacion25830_5	https://servicios.idee.es/wcs-inspire/mdt	data/external/weak-label-relief-v1/train/negative/wl-tile-v1-07334-neg-es-pba-56959-mdt5.tif	downloaded	valid	107	107	5.007	4.990	EPSG:25830	1.000000	378.000	517.000	23378	1		https://servicios.idee.es/wcs-inspire/mdt?SERVICE=WCS&VERSION=2.0.1&REQUEST=GetCoverage&COVERAGEID=Elevacion25830_5&FORMAT=image%2Ftiff&SUBSET=x%28184970.81%2C185506.54%29&SUBSET=y%284705658.47%2C4706192.42%29	2026-08-01T00:00:00Z
weak-relief-wcs-v1-00353	wl-tile-v1-07335	wl-neg-neg-es-pba-56960	neg-es-pba-56960	0	hard_negative	train	ES	As Cheices	-6.828002369007703	42.44037920585703	-6.83111855,42.43807953,-6.82488619,42.44267888	184880.11,4705509.16,185415.85,4706043.11	512	Elevacion25830_5	https://servicios.idee.es/wcs-inspire/mdt	data/external/weak-label-relief-v1/train/negative/wl-tile-v1-07335-neg-es-pba-56960-mdt5.tif	downloaded	valid	107	107	5.007	4.990	EPSG:25830	1.000000	395.000	522.000	23378	1		https://servicios.idee.es/wcs-inspire/mdt?SERVICE=WCS&VERSION=2.0.1&REQUEST=GetCoverage&COVERAGEID=Elevacion25830_5&FORMAT=image%2Ftiff&SUBSET=x%28184880.11%2C185415.85%29&SUBSET=y%284705509.16%2C4706043.11%29	2026-08-01T00:00:00Z
weak-relief-wcs-v1-00354	wl-tile-v1-07336	wl-neg-neg-es-pba-56961	neg-es-pba-56961	0	hard_negative	train	ES	As Cheices	-6.826513947878716	42.43866157774404	-6.82963004,42.43636190,-6.82339786,42.44096125	184993.94,4705312.88,185529.67,4705846.82	512	Elevacion25830_5	https://servicios.idee.es/wcs-inspire/mdt	data/external/weak-label-relief-v1/train/negative/wl-tile-v1-07336-neg-es-pba-56961-mdt5.tif	downloaded	valid	107	107	5.007	4.990	EPSG:25830	1.000000	369.000	522.000	23378	1		https://servicios.idee.es/wcs-inspire/mdt?SERVICE=WCS&VERSION=2.0.1&REQUEST=GetCoverage&COVERAGEID=Elevacion25830_5&FORMAT=image%2Ftiff&SUBSET=x%28184993.94%2C185529.67%29&SUBSET=y%284705312.88%2C4705846.82%29	2026-08-01T00:00:00Z
weak-relief-wcs-v1-00355	wl-tile-v1-07337	wl-neg-neg-es-pba-56962	neg-es-pba-56962	0	hard_negative	train	ES	As Cheices	-6.83043792268682	42.442146672787366	-6.83355419,42.43984700,-6.82732166,42.44444635	184688.62,4705714.50,185224.37,4706248.47	512	Elevacion25830_5	https://servicios.idee.es/wcs-inspire/mdt	data/external/weak-label-relief-v1/train/negative/wl-tile-v1-07337-neg-es-pba-56962-mdt5.tif	downloaded	valid	107	107	5.007	4.990	EPSG:25830	1.000000	397.000	544.000	23378	1		https://servicios.idee.es/wcs-inspire/mdt?SERVICE=WCS&VERSION=2.0.1&REQUEST=GetCoverage&COVERAGEID=Elevacion25830_5&FORMAT=image%2Ftiff&SUBSET=x%28184688.62%2C185224.37%29&SUBSET=y%284705714.50%2C4706248.47%29	2026-08-01T00:00:00Z
weak-relief-wcs-v1-00356	wl-tile-v1-07434	wl-neg-neg-es-pba-65197	neg-es-pba-65197	0	hard_negative	train	ES	As Covas	-8.86996038816582	41.90833737859286	-8.87305046,41.90603770,-8.86687032,41.91063706	12800.56,4656017.33,13348.50,4656563.49	512	Elevacion25830_5	https://servicios.idee.es/wcs-inspire/mdt	data/external/weak-label-relief-v1/train/negative/wl-tile-v1-07434-neg-es-pba-65197-mdt5.tif	downloaded	valid	110	109	4.981	5.011	EPSG:25830	1.000000	26.000	99.000	24460	1		https://servicios.idee.es/wcs-inspire/mdt?SERVICE=WCS&VERSION=2.0.1&REQUEST=GetCoverage&COVERAGEID=Elevacion25830_5&FORMAT=image%2Ftiff&SUBSET=x%2812800.56%2C13348.50%29&SUBSET=y%284656017.33%2C4656563.49%29	2026-08-01T00:00:00Z
weak-relief-wcs-v1-00357	wl-tile-v1-05772	wl-neg-neg-es-pba-35096	neg-es-pba-35096	0	hard_negative	train	ES	As Covas de Castañedo	-6.993594968865073	43.05112742367517	-6.99674200,43.04882775,-6.99044794,43.05342710	174471.94,4773969.53,175008.96,4774504.80	512	Elevacion25830_5	https://servicios.idee.es/wcs-inspire/mdt	data/external/weak-label-relief-v1/train/negative/wl-tile-v1-05772-neg-es-pba-35096-mdt5.tif	downloaded	valid	107	107	5.019	5.003	EPSG:25830	1.000000	511.000	713.000	23378	1		https://servicios.idee.es/wcs-inspire/mdt?SERVICE=WCS&VERSION=2.0.1&REQUEST=GetCoverage&COVERAGEID=Elevacion25830_5&FORMAT=image%2Ftiff&SUBSET=x%28174471.94%2C175008.96%29&SUBSET=y%284773969.53%2C4774504.80%29	2026-08-01T00:00:00Z
weak-relief-wcs-v1-00358	wl-tile-v1-08419	wl-neg-neg-es-pba-66262	neg-es-pba-66262	0	hard_negative	train	ES	As Laxes	-8.742676566780535	42.08434213611855	-8.74577520,42.08204246,-8.73957794,42.08664181	24678.79,4674852.08,25226.05,4675397.58	512	Elevacion25830_5	https://servicios.idee.es/wcs-inspire/mdt	data/external/weak-label-relief-v1/train/negative/wl-tile-v1-08419-neg-es-pba-66262-mdt5.tif	downloaded	valid	109	109	5.021	5.005	EPSG:25830	1.000000	183.000	232.000	24242	1		https://servicios.idee.es/wcs-inspire/mdt?SERVICE=WCS&VERSION=2.0.1&REQUEST=GetCoverage&COVERAGEID=Elevacion25830_5&FORMAT=image%2Ftiff&SUBSET=x%2824678.79%2C25226.05%29&SUBSET=y%284674852.08%2C4675397.58%29	2026-08-01T00:00:00Z
weak-relief-wcs-v1-00359	wl-tile-v1-07686	wl-neg-neg-es-pba-66074	neg-es-pba-66074	0	hard_negative	train	ES	As Mamuelas 1	-7.960818157017758	42.74174494471292	-7.96394944,42.73944527,-7.95768688,42.74404462	93650.74,4743812.95,94193.57,4744354.04	512	Elevacion25830_5	https://servicios.idee.es/wcs-inspire/mdt	data/external/weak-label-relief-v1/train/negative/wl-tile-v1-07686-neg-es-pba-66074-mdt5.tif	downloaded	valid	109	108	4.980	5.010	EPSG:25830	1.000000	636.000	719.000	24024	1		https://servicios.idee.es/wcs-inspire/mdt?SERVICE=WCS&VERSION=2.0.1&REQUEST=GetCoverage&COVERAGEID=Elevacion25830_5&FORMAT=image%2Ftiff&SUBSET=x%2893650.74%2C94193.57%29&SUBSET=y%284743812.95%2C4744354.04%29	2026-08-01T00:00:00Z
weak-relief-wcs-v1-00360	wl-tile-v1-07687	wl-neg-neg-es-pba-66075	neg-es-pba-66075	0	hard_negative	train	ES	As Mamuelas 2	-7.961635117447567	42.74203690348289	-7.96476641,42.73973723,-7.95850382,42.74433658	93585.76,4743849.32,94128.60,4744390.41	512	Elevacion25830_5	https://servicios.idee.es/wcs-inspire/mdt	data/external/weak-label-relief-v1/train/negative/wl-tile-v1-07687-neg-es-pba-66075-mdt5.tif	downloaded	valid	109	108	4.980	5.010	EPSG:25830	1.000000	637.000	724.000	24024	1		https://servicios.idee.es/wcs-inspire/mdt?SERVICE=WCS&VERSION=2.0.1&REQUEST=GetCoverage&COVERAGEID=Elevacion25830_5&FORMAT=image%2Ftiff&SUBSET=x%2893585.76%2C94128.60%29&SUBSET=y%284743849.32%2C4744390.41%29	2026-08-01T00:00:00Z
weak-relief-wcs-v1-00361	wl-tile-v1-07688	wl-neg-neg-es-pba-66076	neg-es-pba-66076	0	hard_negative	train	ES	As Mamuelas 3	-7.963454800749321	42.7419923760146	-7.96658609,42.73969270,-7.96032351,42.74429205	93436.48,4743853.15,93979.33,4744394.25	512	Elevacion25830_5	https://servicios.idee.es/wcs-inspire/mdt	data/external/weak-label-relief-v1/train/negative/wl-tile-v1-07688-neg-es-pba-66076-mdt5.tif	downloaded	valid	109	108	4.980	5.010	EPSG:25830	1.000000	637.000	724.000	24024	1		https://servicios.idee.es/wcs-inspire/mdt?SERVICE=WCS&VERSION=2.0.1&REQUEST=GetCoverage&COVERAGEID=Elevacion25830_5&FORMAT=image%2Ftiff&SUBSET=x%2893436.48%2C93979.33%29&SUBSET=y%284743853.15%2C4744394.25%29	2026-08-01T00:00:00Z
weak-relief-wcs-v1-00362	wl-tile-v1-07689	wl-neg-neg-es-pba-66077	neg-es-pba-66077	0	hard_negative	train	ES	As Mamuelas 4	-7.96361414146679	42.74173135005002	-7.96674542,42.73943167,-7.96048286,42.74403103	93421.73,4743824.92,93964.58,4744366.03	512	Elevacion25830_5	https://servicios.idee.es/wcs-inspire/mdt	data/external/weak-label-relief-v1/train/negative/wl-tile-v1-07689-neg-es-pba-66077-mdt5.tif	downloaded	valid	109	108	4.980	5.010	EPSG:25830	1.000000	636.000	720.000	24024	1		https://servicios.idee.es/wcs-inspire/mdt?SERVICE=WCS&VERSION=2.0.1&REQUEST=GetCoverage&COVERAGEID=Elevacion25830_5&FORMAT=image%2Ftiff&SUBSET=x%2893421.73%2C93964.58%29&SUBSET=y%284743824.92%2C4744366.03%29	2026-08-01T00:00:00Z
weak-relief-wcs-v1-00363	wl-tile-v1-07690	wl-neg-neg-es-pba-66078	neg-es-pba-66078	0	hard_negative	train	ES	As Mamuelas 5	-7.963624761296075	42.74214031018969	-7.96675606,42.73984063,-7.96049346,42.74443999	93423.54,4743870.40,93966.38,4744411.50	512	Elevacion25830_5	https://servicios.idee.es/wcs-inspire/mdt	data/external/weak-label-relief-v1/train/negative/wl-tile-v1-07690-neg-es-pba-66078-mdt5.tif	downloaded	valid	109	108	4.980	5.010	EPSG:25830	1.000000	638.000	726.000	24024	1		https://servicios.idee.es/wcs-inspire/mdt?SERVICE=WCS&VERSION=2.0.1&REQUEST=GetCoverage&COVERAGEID=Elevacion25830_5&FORMAT=image%2Ftiff&SUBSET=x%2893423.54%2C93966.38%29&SUBSET=y%284743870.40%2C4744411.50%29	2026-08-01T00:00:00Z
weak-relief-wcs-v1-00364	wl-tile-v1-07691	wl-neg-neg-es-pba-66079	neg-es-pba-66079	0	hard_negative	train	ES	As Mamuelas 6	-7.9613023212247365	42.74133341377623	-7.96443358,42.73903374,-7.95817106,42.74363309	93608.41,4743769.58,94151.24,4744310.66	512	Elevacion25830_5	https://servicios.idee.es/wcs-inspire/mdt	data/external/weak-label-relief-v1/train/negative/wl-tile-v1-07691-neg-es-pba-66079-mdt5.tif	downloaded	valid	109	108	4.980	5.010	EPSG:25830	1.000000	634.000	713.000	24024	1		https://servicios.idee.es/wcs-inspire/mdt?SERVICE=WCS&VERSION=2.0.1&REQUEST=GetCoverage&COVERAGEID=Elevacion25830_5&FORMAT=image%2Ftiff&SUBSET=x%2893608.41%2C94151.24%29&SUBSET=y%284743769.58%2C4744310.66%29	2026-08-01T00:00:00Z
weak-relief-wcs-v1-00365	wl-tile-v1-06191	wl-neg-neg-es-pba-38423	neg-es-pba-38423	0	hard_negative	train	ES	As Medorras	-7.684348240026296	42.839422481213326	-7.68748447,42.83712280,-7.68121201,42.84172216	116890.58,4753366.98,117431.76,4753906.41	512	Elevacion25830_5	https://servicios.idee.es/wcs-inspire/mdt	data/external/weak-label-relief-v1/train/negative/wl-tile-v1-06191-neg-es-pba-38423-mdt5.tif	downloaded	valid	108	108	5.011	4.995	EPSG:25830	1.000000	553.000	599.000	23808	1		https://servicios.idee.es/wcs-inspire/mdt?SERVICE=WCS&VERSION=2.0.1&REQUEST=GetCoverage&COVERAGEID=Elevacion25830_5&FORMAT=image%2Ftiff&SUBSET=x%28116890.58%2C117431.76%29&SUBSET=y%284753366.98%2C4753906.41%29	2026-08-01T00:00:00Z
weak-relief-wcs-v1-00366	wl-tile-v1-05762	wl-neg-neg-es-pba-35258	neg-es-pba-35258	0	hard_negative	train	ES	As Medorras/A Casa das Mouras/Medorra de Ligonde 1	-7.79317617873294	42.855925343690686	-7.79631324,42.85362567,-7.79003911,42.85822502	108099.02,4755701.11,108640.87,4756241.22	512	Elevacion25830_5	https://servicios.idee.es/wcs-inspire/mdt	data/external/weak-label-relief-v1/train/negative/wl-tile-v1-05762-neg-es-pba-35258-mdt5.tif	downloaded	valid	108	108	5.017	5.001	EPSG:25830	1.000000	620.000	642.000	23808	1		https://servicios.idee.es/wcs-inspire/mdt?SERVICE=WCS&VERSION=2.0.1&REQUEST=GetCoverage&COVERAGEID=Elevacion25830_5&FORMAT=image%2Ftiff&SUBSET=x%28108099.02%2C108640.87%29&SUBSET=y%284755701.11%2C4756241.22%29	2026-08-01T00:00:00Z
weak-relief-wcs-v1-00367	wl-tile-v1-05763	wl-neg-neg-es-pba-35259	neg-es-pba-35259	0	hard_negative	train	ES	As Medorras/A Casa das Mouras/Medorra de Ligonde 2	-7.7934081700307	42.85565939727629	-7.79654522,42.85335972,-7.79027112,42.85795907	108078.37,4755672.65,108620.23,4756212.76	512	Elevacion25830_5	https://servicios.idee.es/wcs-inspire/mdt	data/external/weak-label-relief-v1/train/negative/wl-tile-v1-05763-neg-es-pba-35259-mdt5.tif	downloaded	valid	108	108	5.017	5.001	EPSG:25830	1.000000	622.000	642.000	23808	1		https://servicios.idee.es/wcs-inspire/mdt?SERVICE=WCS&VERSION=2.0.1&REQUEST=GetCoverage&COVERAGEID=Elevacion25830_5&FORMAT=image%2Ftiff&SUBSET=x%28108078.37%2C108620.23%29&SUBSET=y%284755672.65%2C4756212.76%29	2026-08-01T00:00:00Z
weak-relief-wcs-v1-00368	wl-tile-v1-05764	wl-neg-neg-es-pba-35260	neg-es-pba-35260	0	hard_negative	train	ES	As Medorras/A Casa das Mouras/Medorra de Ligonde 3	-7.79236568576062	42.85533647431841	-7.79550272,42.85303680,-7.78922865,42.85763615	108161.52,4755631.92,108703.37,4756172.03	512	Elevacion25830_5	https://servicios.idee.es/wcs-inspire/mdt	data/external/weak-label-relief-v1/train/negative/wl-tile-v1-05764-neg-es-pba-35260-mdt5.tif	downloaded	valid	108	108	5.017	5.001	EPSG:25830	1.000000	619.000	642.000	23808	1		https://servicios.idee.es/wcs-inspire/mdt?SERVICE=WCS&VERSION=2.0.1&REQUEST=GetCoverage&COVERAGEID=Elevacion25830_5&FORMAT=image%2Ftiff&SUBSET=x%28108161.52%2C108703.37%29&SUBSET=y%284755631.92%2C4756172.03%29	2026-08-01T00:00:00Z
weak-relief-wcs-v1-00369	wl-tile-v1-05765	wl-neg-neg-es-pba-35282	neg-es-pba-35282	0	hard_negative	train	ES	As Medorras/A Casa das Mouras/Medorra de Ligonde 4	-7.794016566747053	42.856013246118565	-7.79715364,42.85371357,-7.79087950,42.85831292	108030.89,4755714.78,108572.76,4756254.90	512	Elevacion25830_5	https://servicios.idee.es/wcs-inspire/mdt	data/external/weak-label-relief-v1/train/negative/wl-tile-v1-05765-neg-es-pba-35282-mdt5.tif	downloaded	valid	108	108	5.017	5.001	EPSG:25830	1.000000	623.000	642.000	23808	1		https://servicios.idee.es/wcs-inspire/mdt?SERVICE=WCS&VERSION=2.0.1&REQUEST=GetCoverage&COVERAGEID=Elevacion25830_5&FORMAT=image%2Ftiff&SUBSET=x%28108030.89%2C108572.76%29&SUBSET=y%284755714.78%2C4756254.90%29	2026-08-01T00:00:00Z
weak-relief-wcs-v1-00370	wl-tile-v1-03924	wl-neg-neg-es-pba-15509	neg-es-pba-15509	0	hard_negative	train	ES	As Medorras/Mámoa das Medorras de Santa Cruz	-8.423022909545708	43.03155364000805	-8.42616894,43.02925396,-8.41987688,43.03385332	57885.95,4778337.97,58431.80,4778882.10	512	Elevacion25830_5	https://servicios.idee.es/wcs-inspire/mdt	data/external/weak-label-relief-v1/train/negative/wl-tile-v1-03924-neg-es-pba-15509-mdt5.tif	downloaded	valid	109	109	5.008	4.992	EPSG:25830	1.000000	284.000	305.000	24242	1		https://servicios.idee.es/wcs-inspire/mdt?SERVICE=WCS&VERSION=2.0.1&REQUEST=GetCoverage&COVERAGEID=Elevacion25830_5&FORMAT=image%2Ftiff&SUBSET=x%2857885.95%2C58431.80%29&SUBSET=y%284778337.97%2C4778882.10%29	2026-08-01T00:00:00Z
weak-relief-wcs-v1-00371	wl-tile-v1-06053	wl-neg-neg-es-pba-37845	neg-es-pba-37845	0	hard_negative	train	ES	As Modorras 1	-7.5725632219686965	42.73522351900215	-7.57569417,42.73292384,-7.56943227,42.73752320	125399.55,4741290.82,125939.99,4741829.50	512	Elevacion25830_5	https://servicios.idee.es/wcs-inspire/mdt	data/external/weak-label-relief-v1/train/negative/wl-tile-v1-06053-neg-es-pba-37845-mdt5.tif	downloaded	valid	108	108	5.004	4.988	EPSG:25830	1.000000	706.000	744.000	23808	1		https://servicios.idee.es/wcs-inspire/mdt?SERVICE=WCS&VERSION=2.0.1&REQUEST=GetCoverage&COVERAGEID=Elevacion25830_5&FORMAT=image%2Ftiff&SUBSET=x%28125399.55%2C125939.99%29&SUBSET=y%284741290.82%2C4741829.50%29	2026-08-01T00:00:00Z
weak-relief-wcs-v1-00372	wl-tile-v1-06054	wl-neg-neg-es-pba-37846	neg-es-pba-37846	0	hard_negative	train	ES	As Modorras 2	-7.57329483595267	42.73495068393326	-7.57642577,42.73265101,-7.57016390,42.73725036	125338.00,4741263.77,125878.45,4741802.45	512	Elevacion25830_5	https://servicios.idee.es/wcs-inspire/mdt	data/external/weak-label-relief-v1/train/negative/wl-tile-v1-06054-neg-es-pba-37846-mdt5.tif	downloaded	valid	108	108	5.004	4.988	EPSG:25830	1.000000	694.000	743.000	23808	1		https://servicios.idee.es/wcs-inspire/mdt?SERVICE=WCS&VERSION=2.0.1&REQUEST=GetCoverage&COVERAGEID=Elevacion25830_5&FORMAT=image%2Ftiff&SUBSET=x%28125338.00%2C125878.45%29&SUBSET=y%284741263.77%2C4741802.45%29	2026-08-01T00:00:00Z
weak-relief-wcs-v1-00373	wl-tile-v1-06055	wl-neg-neg-es-pba-37847	neg-es-pba-37847	0	hard_negative	train	ES	As Modorras 3	-7.574892255647712	42.73410939634369	-7.57802315,42.73180972,-7.57176136,42.73640907	125202.13,4741177.42,125742.58,4741716.12	512	Elevacion25830_5	https://servicios.idee.es/wcs-inspire/mdt	data/external/weak-label-relief-v1/train/negative/wl-tile-v1-06055-neg-es-pba-37847-mdt5.tif	downloaded	valid	108	108	5.004	4.988	EPSG:25830	1.000000	697.000	740.000	23808	1		https://servicios.idee.es/wcs-inspire/mdt?SERVICE=WCS&VERSION=2.0.1&REQUEST=GetCoverage&COVERAGEID=Elevacion25830_5&FORMAT=image%2Ftiff&SUBSET=x%28125202.13%2C125742.58%29&SUBSET=y%284741177.42%2C4741716.12%29	2026-08-01T00:00:00Z
weak-relief-wcs-v1-00374	wl-tile-v1-05995	wl-neg-neg-es-pba-37276	neg-es-pba-37276	0	hard_negative	train	ES	As Modorras 4	-7.573852665115841	42.73475840967038	-7.57698359,42.73245873,-7.57072174,42.73705809	125291.17,4741244.89,125831.62,4741783.58	512	Elevacion25830_5	https://servicios.idee.es/wcs-inspire/mdt	data/external/weak-label-relief-v1/train/negative/wl-tile-v1-05995-neg-es-pba-37276-mdt5.tif	downloaded	valid	108	108	5.004	4.988	EPSG:25830	1.000000	695.000	743.000	23808	1		https://servicios.idee.es/wcs-inspire/mdt?SERVICE=WCS&VERSION=2.0.1&REQUEST=GetCoverage&COVERAGEID=Elevacion25830_5&FORMAT=image%2Ftiff&SUBSET=x%28125291.17%2C125831.62%29&SUBSET=y%284741244.89%2C4741783.58%29	2026-08-01T00:00:00Z
weak-relief-wcs-v1-00375	wl-tile-v1-05996	wl-neg-neg-es-pba-37277	neg-es-pba-37277	0	hard_negative	train	ES	As Modorriñas	-7.537867957757487	42.70567281449825	-7.54099742,42.70337314,-7.53473850,42.70797249	128063.72,4737855.13,128603.93,4738393.58	512	Elevacion25830_5	https://servicios.idee.es/wcs-inspire/mdt	data/external/weak-label-relief-v1/train/negative/wl-tile-v1-05996-neg-es-pba-37277-mdt5.tif	downloaded	valid	108	108	5.002	4.986	EPSG:25830	1.000000	689.000	754.000	23808	1		https://servicios.idee.es/wcs-inspire/mdt?SERVICE=WCS&VERSION=2.0.1&REQUEST=GetCoverage&COVERAGEID=Elevacion25830_5&FORMAT=image%2Ftiff&SUBSET=x%28128063.72%2C128603.93%29&SUBSET=y%284737855.13%2C4738393.58%29	2026-08-01T00:00:00Z
weak-relief-wcs-v1-00376	wl-tile-v1-07981	wl-neg-neg-es-pba-78752	neg-es-pba-78752	0	hard_negative	train	ES	As Mámoas	-8.351221425361285	42.54259221726775	-8.35434270,42.54029254,-8.34810015,42.54489189	60281.59,4723647.26,60826.71,4724190.64	512	Elevacion25830_5	https://servicios.idee.es/wcs-inspire/mdt	data/external/weak-label-relief-v1/train/negative/wl-tile-v1-07981-neg-es-pba-78752-mdt5.tif	downloaded	valid	109	109	5.001	4.985	EPSG:25830	1.000000	493.000	547.000	24242	1		https://servicios.idee.es/wcs-inspire/mdt?SERVICE=WCS&VERSION=2.0.1&REQUEST=GetCoverage&COVERAGEID=Elevacion25830_5&FORMAT=image%2Ftiff&SUBSET=x%2860281.59%2C60826.71%29&SUBSET=y%284723647.26%2C4724190.64%29	2026-08-01T00:00:00Z
weak-relief-wcs-v1-00377	wl-tile-v1-06503	wl-neg-neg-es-pba-43279	neg-es-pba-43279	0	hard_negative	train	ES	As Mámoas de Moscaran 1	-7.571867509604195	43.280710011481055	-7.57502639,43.27841033,-7.56870863,43.28300969	128761.14,4801876.49,129301.84,4802415.47	512	Elevacion25830_5	https://servicios.idee.es/wcs-inspire/mdt	data/external/weak-label-relief-v1/train/negative/wl-tile-v1-06503-neg-es-pba-43279-mdt5.tif	downloaded	valid	108	108	5.006	4.991	EPSG:25830	1.000000	404.000	420.000	23808	1		https://servicios.idee.es/wcs-inspire/mdt?SERVICE=WCS&VERSION=2.0.1&REQUEST=GetCoverage&COVERAGEID=Elevacion25830_5&FORMAT=image%2Ftiff&SUBSET=x%28128761.14%2C129301.84%29&SUBSET=y%284801876.49%2C4802415.47%29	2026-08-01T00:00:00Z
weak-relief-wcs-v1-00378	wl-tile-v1-06504	wl-neg-neg-es-pba-43280	neg-es-pba-43280	0	hard_negative	train	ES	As Mámoas de Vilate 1	-7.670152302144918	43.324833104711296	-7.67331348,43.32253343,-7.66699113,43.32713278	121059.39,4807219.17,121600.73,4807758.79	512	Elevacion25830_5	https://servicios.idee.es/wcs-inspire/mdt	data/external/weak-label-relief-v1/train/negative/wl-tile-v1-06504-neg-es-pba-43280-mdt5.tif	downloaded	valid	108	108	5.012	4.996	EPSG:25830	1.000000	459.000	482.000	23808	1		https://servicios.idee.es/wcs-inspire/mdt?SERVICE=WCS&VERSION=2.0.1&REQUEST=GetCoverage&COVERAGEID=Elevacion25830_5&FORMAT=image%2Ftiff&SUBSET=x%28121059.39%2C121600.73%29&SUBSET=y%284807219.17%2C4807758.79%29	2026-08-01T00:00:00Z
weak-relief-wcs-v1-00379	wl-tile-v1-06621	wl-neg-neg-es-pba-30179	neg-es-pba-30179	0	hard_negative	train	ES	As Penas do Castelo	-7.711498070503956	43.440873148086844	-7.71466530,43.43857347,-7.70833084,43.44317282	118436.03,4820297.17,118977.68,4820837.10	512	Elevacion25830_5	https://servicios.idee.es/wcs-inspire/mdt	data/external/weak-label-relief-v1/train/negative/wl-tile-v1-06621-neg-es-pba-30179-mdt5.tif	downloaded	valid	108	108	5.015	4.999	EPSG:25830	1.000000	762.000	871.000	23808	1		https://servicios.idee.es/wcs-inspire/mdt?SERVICE=WCS&VERSION=2.0.1&REQUEST=GetCoverage&COVERAGEID=Elevacion25830_5&FORMAT=image%2Ftiff&SUBSET=x%28118436.03%2C118977.68%29&SUBSET=y%284820297.17%2C4820837.10%29	2026-08-01T00:00:00Z
weak-relief-wcs-v1-00380	wl-tile-v1-07338	wl-neg-neg-es-pba-56963	neg-es-pba-56963	0	hard_negative	train	ES	As Perdigueiras	-6.814795210343695	42.46125001895528	-6.81791243,42.45895034,-6.81167799,42.46354970	186070.89,4707778.13,186606.56,4708312.01	512	Elevacion25830_5	https://servicios.idee.es/wcs-inspire/mdt	data/external/weak-label-relief-v1/train/negative/wl-tile-v1-07338-neg-es-pba-56963-mdt5.tif	downloaded	valid	107	107	5.006	4.990	EPSG:25830	1.000000	393.000	501.000	23378	1		https://servicios.idee.es/wcs-inspire/mdt?SERVICE=WCS&VERSION=2.0.1&REQUEST=GetCoverage&COVERAGEID=Elevacion25830_5&FORMAT=image%2Ftiff&SUBSET=x%28186070.89%2C186606.56%29&SUBSET=y%284707778.13%2C4708312.01%29	2026-08-01T00:00:00Z
weak-relief-wcs-v1-00381	wl-tile-v1-07692	wl-neg-neg-es-pba-66080	neg-es-pba-66080	0	hard_negative	train	ES	As Sete Mámoas	-8.01966652112192	42.767973948585436	-8.02279913,42.76567427,-8.01653391,42.77027363	89006.16,4747011.73,89549.37,4747553.20	512	Elevacion25830_5	https://servicios.idee.es/wcs-inspire/mdt	data/external/weak-label-relief-v1/train/negative/wl-tile-v1-07692-neg-es-pba-66080-mdt5.tif	downloaded	valid	109	108	4.984	5.014	EPSG:25830	1.000000	576.000	616.000	24024	1		https://servicios.idee.es/wcs-inspire/mdt?SERVICE=WCS&VERSION=2.0.1&REQUEST=GetCoverage&COVERAGEID=Elevacion25830_5&FORMAT=image%2Ftiff&SUBSET=x%2889006.16%2C89549.37%29&SUBSET=y%284747011.73%2C4747553.20%29	2026-08-01T00:00:00Z
weak-relief-wcs-v1-00382	wl-tile-v1-06758	wl-neg-neg-es-pba-50577	neg-es-pba-50577	0	hard_negative	train	ES	Bouzas	-7.16055246657997	42.02788798386243	-7.16364834,42.02558831,-7.15745659,42.03018766	155282.89,4660985.27,155820.47,4661521.04	512	Elevacion25830_5	https://servicios.idee.es/wcs-inspire/mdt	data/external/weak-label-relief-v1/train/negative/wl-tile-v1-06758-neg-es-pba-50577-mdt5.tif	downloaded	valid	108	107	4.978	5.007	EPSG:25830	1.000000	738.000	858.000	23592	1		https://servicios.idee.es/wcs-inspire/mdt?SERVICE=WCS&VERSION=2.0.1&REQUEST=GetCoverage&COVERAGEID=Elevacion25830_5&FORMAT=image%2Ftiff&SUBSET=x%28155282.89%2C155820.47%29&SUBSET=y%284660985.27%2C4661521.04%29	2026-08-01T00:00:00Z
weak-relief-wcs-v1-00383	wl-tile-v1-05680	wl-neg-neg-es-pba-34211	neg-es-pba-34211	0	hard_negative	train	ES	Calzada romana de Lindín	-7.336443694519965	43.416494649355435	-7.33960965,43.41419497,-7.33327774,43.41879433	148651.81,4815938.98,149191.12,4816476.57	512	Elevacion25830_5	https://servicios.idee.es/wcs-inspire/mdt	data/external/weak-label-relief-v1/train/negative/wl-tile-v1-05680-neg-es-pba-34211-mdt5.tif	downloaded	valid	108	108	4.994	4.978	EPSG:25830	1.000000	363.000	464.000	23808	1		https://servicios.idee.es/wcs-inspire/mdt?SERVICE=WCS&VERSION=2.0.1&REQUEST=GetCoverage&COVERAGEID=Elevacion25830_5&FORMAT=image%2Ftiff&SUBSET=x%28148651.81%2C149191.12%29&SUBSET=y%284815938.98%2C4816476.57%29	2026-08-01T00:00:00Z
weak-relief-wcs-v1-00384	wl-tile-v1-07712	wl-neg-neg-es-pba-66114	neg-es-pba-66114	0	hard_negative	train	ES	Campo da Mámoa	-8.084959171834932	42.78849365053533	-8.08809282,42.78619397,-8.08182553,42.79079333	83800.21,4749611.60,84343.83,4750153.48	512	Elevacion25830_5	https://servicios.idee.es/wcs-inspire/mdt	data/external/weak-label-relief-v1/train/negative/wl-tile-v1-07712-neg-es-pba-66114-mdt5.tif	downloaded	valid	109	108	4.987	5.017	EPSG:25830	1.000000	426.000	491.000	24024	1		https://servicios.idee.es/wcs-inspire/mdt?SERVICE=WCS&VERSION=2.0.1&REQUEST=GetCoverage&COVERAGEID=Elevacion25830_5&FORMAT=image%2Ftiff&SUBSET=x%2883800.21%2C84343.83%29&SUBSET=y%284749611.60%2C4750153.48%29	2026-08-01T00:00:00Z
weak-relief-wcs-v1-00385	wl-tile-v1-08328	wl-neg-neg-es-pba-64483	neg-es-pba-64483	0	hard_negative	train	ES	Campo da Mámoa 1	-8.30310432104905	42.499376888577395	-8.30622344,42.49707721,-8.29998520,42.50167657	63932.97,4718597.87,64477.77,4719140.92	512	Elevacion25830_5	https://servicios.idee.es/wcs-inspire/mdt	data/external/weak-label-relief-v1/train/negative/wl-tile-v1-08328-neg-es-pba-64483-mdt5.tif	downloaded	valid	109	109	4.998	4.982	EPSG:25830	1.000000	732.000	819.000	24242	1		https://servicios.idee.es/wcs-inspire/mdt?SERVICE=WCS&VERSION=2.0.1&REQUEST=GetCoverage&COVERAGEID=Elevacion25830_5&FORMAT=image%2Ftiff&SUBSET=x%2863932.97%2C64477.77%29&SUBSET=y%284718597.87%2C4719140.92%29	2026-08-01T00:00:00Z
weak-relief-wcs-v1-00386	wl-tile-v1-08329	wl-neg-neg-es-pba-64484	neg-es-pba-64484	0	hard_negative	train	ES	Campo da Mámoa 2	-8.303232924169171	42.499700248235584	-8.30635206,42.49740057,-8.30011379,42.50199992	63924.65,4718634.45,64469.46,4719177.51	512	Elevacion25830_5	https://servicios.idee.es/wcs-inspire/mdt	data/external/weak-label-relief-v1/train/negative/wl-tile-v1-08329-neg-es-pba-64484-mdt5.tif	downloaded	valid	109	109	4.998	4.982	EPSG:25830	1.000000	723.000	818.000	24242	1		https://servicios.idee.es/wcs-inspire/mdt?SERVICE=WCS&VERSION=2.0.1&REQUEST=GetCoverage&COVERAGEID=Elevacion25830_5&FORMAT=image%2Ftiff&SUBSET=x%2863924.65%2C64469.46%29&SUBSET=y%284718634.45%2C4719177.51%29	2026-08-01T00:00:00Z
weak-relief-wcs-v1-00387	wl-tile-v1-08252	wl-neg-neg-es-pba-63991	neg-es-pba-63991	0	hard_negative	train	ES	Campo da Mámoa 3	-8.303658728257728	42.49956921237303	-8.30677785,42.49726954,-8.30053960,42.50186889	63888.74,4718622.09,64433.54,4719165.15	512	Elevacion25830_5	https://servicios.idee.es/wcs-inspire/mdt	data/external/weak-label-relief-v1/train/negative/wl-tile-v1-08252-neg-es-pba-63991-mdt5.tif	downloaded	valid	109	109	4.998	4.982	EPSG:25830	1.000000	720.000	814.000	24242	1		https://servicios.idee.es/wcs-inspire/mdt?SERVICE=WCS&VERSION=2.0.1&REQUEST=GetCoverage&COVERAGEID=Elevacion25830_5&FORMAT=image%2Ftiff&SUBSET=x%2863888.74%2C64433.54%29&SUBSET=y%284718622.09%2C4719165.15%29	2026-08-01T00:00:00Z
weak-relief-wcs-v1-00388	wl-tile-v1-04597	wl-neg-neg-es-pba-25211	neg-es-pba-25211	0	hard_negative	train	ES	Cancela Encrucillada/Mámoa de Fornelos	-8.579172333056075	43.13120726766699	-8.58232348,43.12890759,-8.57602118,43.13350694	45899.09,4790243.79,46445.96,4790788.95	512	Elevacion25830_5	https://servicios.idee.es/wcs-inspire/mdt	data/external/weak-label-relief-v1/train/negative/wl-tile-v1-04597-neg-es-pba-25211-mdt5.tif	downloaded	valid	109	109	5.017	5.001	EPSG:25830	1.000000	380.000	407.000	24242	1		https://servicios.idee.es/wcs-inspire/mdt?SERVICE=WCS&VERSION=2.0.1&REQUEST=GetCoverage&COVERAGEID=Elevacion25830_5&FORMAT=image%2Ftiff&SUBSET=x%2845899.09%2C46445.96%29&SUBSET=y%284790243.79%2C4790788.95%29	2026-08-01T00:00:00Z
weak-relief-wcs-v1-00389	wl-tile-v1-05942	wl-neg-neg-es-pba-41795	neg-es-pba-41795	0	hard_negative	train	ES	Capela e Necrópole de San Pedro de Cela	-7.707121188756948	42.612547086246096	-7.71024597,42.61024741,-7.70399641,42.61484676	113621.23,4728271.26,114162.43,4728810.70	512	Elevacion25830_5	https://servicios.idee.es/wcs-inspire/mdt	data/external/weak-label-relief-v1/train/negative/wl-tile-v1-05942-neg-es-pba-41795-mdt5.tif	downloaded	valid	108	108	5.011	4.995	EPSG:25830	1.000000	310.000	540.000	23808	1		https://servicios.idee.es/wcs-inspire/mdt?SERVICE=WCS&VERSION=2.0.1&REQUEST=GetCoverage&COVERAGEID=Elevacion25830_5&FORMAT=image%2Ftiff&SUBSET=x%28113621.23%2C114162.43%29&SUBSET=y%284728271.26%2C4728810.70%29	2026-08-01T00:00:00Z
weak-relief-wcs-v1-00390	wl-tile-v1-06336	wl-neg-neg-es-pba-42279	neg-es-pba-42279	0	hard_negative	train	ES	Capela e necrópole de San Marcos	-7.4970285194757516	42.801325080242535	-7.50016281,42.79902540,-7.49389422,42.80362476	131976.50,4748300.10,132516.50,4748838.35	512	Elevacion25830_5	https://servicios.idee.es/wcs-inspire/mdt	data/external/weak-label-relief-v1/train/negative/wl-tile-v1-06336-neg-es-pba-42279-mdt5.tif	downloaded	valid	108	108	5.000	4.984	EPSG:25830	1.000000	754.000	845.000	23808	1		https://servicios.idee.es/wcs-inspire/mdt?SERVICE=WCS&VERSION=2.0.1&REQUEST=GetCoverage&COVERAGEID=Elevacion25830_5&FORMAT=image%2Ftiff&SUBSET=x%28131976.50%2C132516.50%29&SUBSET=y%284748300.10%2C4748838.35%29	2026-08-01T00:00:00Z
weak-relief-wcs-v1-00391	wl-tile-v1-06289	wl-neg-neg-es-pba-41944	neg-es-pba-41944	0	hard_negative	train	ES	Casa Torre de Barrio	-7.346991381304906	42.78150780957829	-7.35012467,42.77920813,-7.34385809,42.78380749	144134.73,4745454.68,144673.80,4745992.00	512	Elevacion25830_5	https://servicios.idee.es/wcs-inspire/mdt	data/external/weak-label-relief-v1/train/negative/wl-tile-v1-06289-neg-es-pba-41944-mdt5.tif	downloaded	valid	108	107	4.991	5.022	EPSG:25830	1.000000	457.000	541.000	23592	1		https://servicios.idee.es/wcs-inspire/mdt?SERVICE=WCS&VERSION=2.0.1&REQUEST=GetCoverage&COVERAGEID=Elevacion25830_5&FORMAT=image%2Ftiff&SUBSET=x%28144134.73%2C144673.80%29&SUBSET=y%284745454.68%2C4745992.00%29	2026-08-01T00:00:00Z
weak-relief-wcs-v1-00392	wl-tile-v1-06290	wl-neg-neg-es-pba-41945	neg-es-pba-41945	0	hard_negative	train	ES	Casa Torre de Outeiro	-7.469473799461149	42.81065264035623	-7.47260857,42.80835296,-7.46633903,42.81295232	134285.30,4749216.13,134825.14,4749754.22	512	Elevacion25830_5	https://servicios.idee.es/wcs-inspire/mdt	data/external/weak-label-relief-v1/train/negative/wl-tile-v1-06290-neg-es-pba-41945-mdt5.tif	downloaded	valid	108	108	4.999	4.982	EPSG:25830	1.000000	584.000	672.000	23808	1		https://servicios.idee.es/wcs-inspire/mdt?SERVICE=WCS&VERSION=2.0.1&REQUEST=GetCoverage&COVERAGEID=Elevacion25830_5&FORMAT=image%2Ftiff&SUBSET=x%28134285.30%2C134825.14%29&SUBSET=y%284749216.13%2C4749754.22%29	2026-08-01T00:00:00Z
weak-relief-wcs-v1-00393	wl-tile-v1-05886	wl-neg-neg-es-pba-37167	neg-es-pba-37167	0	hard_negative	train	ES	Casa de Mámoa	-7.527104596287847	42.831414518669916	-7.53024042,42.82911484,-7.52396878,42.83371420	129696.32,4751773.97,130236.53,4752312.42	512	Elevacion25830_5	https://servicios.idee.es/wcs-inspire/mdt	data/external/weak-label-relief-v1/train/negative/wl-tile-v1-05886-neg-es-pba-37167-mdt5.tif	downloaded	valid	108	108	5.002	4.986	EPSG:25830	1.000000	376.000	411.000	23808	1		https://servicios.idee.es/wcs-inspire/mdt?SERVICE=WCS&VERSION=2.0.1&REQUEST=GetCoverage&COVERAGEID=Elevacion25830_5&FORMAT=image%2Ftiff&SUBSET=x%28129696.32%2C130236.53%29&SUBSET=y%284751773.97%2C4752312.42%29	2026-08-01T00:00:00Z
weak-relief-wcs-v1-00394	wl-tile-v1-06769	wl-neg-neg-es-pba-57591	neg-es-pba-57591	0	hard_negative	train	ES	Casa reitoral de Pedrafita	-7.491999512921327	42.35490153996572	-7.49511145,42.35260186,-7.48888758,42.35720122	129752.33,4698694.41,130292.09,4699232.39	512	Elevacion25830_5	https://servicios.idee.es/wcs-inspire/mdt	data/external/weak-label-relief-v1/train/negative/wl-tile-v1-06769-neg-es-pba-57591-mdt5.tif	downloaded	valid	108	108	4.998	4.981	EPSG:25830	1.000000	782.000	845.000	23808	1		https://servicios.idee.es/wcs-inspire/mdt?SERVICE=WCS&VERSION=2.0.1&REQUEST=GetCoverage&COVERAGEID=Elevacion25830_5&FORMAT=image%2Ftiff&SUBSET=x%28129752.33%2C130292.09%29&SUBSET=y%284698694.41%2C4699232.39%29	2026-08-01T00:00:00Z
weak-relief-wcs-v1-00395	wl-tile-v1-06069	wl-neg-neg-es-pba-37086	neg-es-pba-37086	0	hard_negative	train	ES	Casas (2) de Pedrafita	-7.023336564456729	42.72685799843987	-7.02646709,42.72455832,-7.02020603,42.72915768	170325.28,4738069.94,170862.34,4738605.23	512	Elevacion25830_5	https://servicios.idee.es/wcs-inspire/mdt	data/external/weak-label-relief-v1/train/negative/wl-tile-v1-06069-neg-es-pba-37086-mdt5.tif	downloaded	valid	107	107	5.019	5.003	EPSG:25830	1.000000	1088.000	1179.000	23378	1		https://servicios.idee.es/wcs-inspire/mdt?SERVICE=WCS&VERSION=2.0.1&REQUEST=GetCoverage&COVERAGEID=Elevacion25830_5&FORMAT=image%2Ftiff&SUBSET=x%28170325.28%2C170862.34%29&SUBSET=y%284738069.94%2C4738605.23%29	2026-08-01T00:00:00Z
weak-relief-wcs-v1-00396	wl-tile-v1-05681	wl-neg-neg-es-pba-34394	neg-es-pba-34394	0	hard_negative	train	ES	Castelo	-7.397398001271665	43.480154283078136	-7.40056729,43.47785461,-7.39422871,43.48245396	144090.16,4823268.80,144629.88,4823806.80	512	Elevacion25830_5	https://servicios.idee.es/wcs-inspire/mdt	data/external/weak-label-relief-v1/train/negative/wl-tile-v1-05681-neg-es-pba-34394-mdt5.tif	downloaded	valid	108	108	4.997	4.981	EPSG:25830	1.000000	455.000	653.000	23808	1		https://servicios.idee.es/wcs-inspire/mdt?SERVICE=WCS&VERSION=2.0.1&REQUEST=GetCoverage&COVERAGEID=Elevacion25830_5&FORMAT=image%2Ftiff&SUBSET=x%28144090.16%2C144629.88%29&SUBSET=y%284823268.80%2C4823806.80%29	2026-08-01T00:00:00Z
weak-relief-wcs-v1-00397	wl-tile-v1-06580	wl-neg-neg-es-pba-43110	neg-es-pba-43110	0	hard_negative	train	ES	Castelo	-7.614356652686691	43.6112131633649	-7.61753284,43.60891349,-7.61118047,43.61351284	127350.41,4838777.35,127891.54,4839316.78	512	Elevacion25830_5	https://servicios.idee.es/wcs-inspire/mdt	data/external/weak-label-relief-v1/train/negative/wl-tile-v1-06580-neg-es-pba-43110-mdt5.tif	downloaded	valid	108	108	5.010	4.995	EPSG:25830	1.000000	257.000	482.000	23808	1		https://servicios.idee.es/wcs-inspire/mdt?SERVICE=WCS&VERSION=2.0.1&REQUEST=GetCoverage&COVERAGEID=Elevacion25830_5&FORMAT=image%2Ftiff&SUBSET=x%28127350.41%2C127891.54%29&SUBSET=y%284838777.35%2C4839316.78%29	2026-08-01T00:00:00Z
weak-relief-wcs-v1-00398	wl-tile-v1-06581	wl-neg-neg-es-pba-43142	neg-es-pba-43142	0	hard_negative	train	ES	Castelo	-7.572142060818541	43.69933401156103	-7.57532291,43.69703433,-7.56896121,43.70163369	131297.95,4848376.92,131838.86,4848916.13	512	Elevacion25830_5	https://servicios.idee.es/wcs-inspire/mdt	data/external/weak-label-relief-v1/train/negative/wl-tile-v1-06581-neg-es-pba-43142-mdt5.tif	downloaded	valid	108	108	5.008	4.993	EPSG:25830	1.000000	39.000	175.000	23808	1		https://servicios.idee.es/wcs-inspire/mdt?SERVICE=WCS&VERSION=2.0.1&REQUEST=GetCoverage&COVERAGEID=Elevacion25830_5&FORMAT=image%2Ftiff&SUBSET=x%28131297.95%2C131838.86%29&SUBSET=y%284848376.92%2C4848916.13%29	2026-08-01T00:00:00Z
weak-relief-wcs-v1-00399	wl-tile-v1-06582	wl-neg-neg-es-pba-43143	neg-es-pba-43143	0	hard_negative	train	ES	Castelo	-7.58420153392483	43.68193554210188	-7.58738146,43.67963587,-7.58102161,43.68423522	130219.01,4846498.06,130759.99,4847037.34	512	Elevacion25830_5	https://servicios.idee.es/wcs-inspire/mdt	data/external/weak-label-relief-v1/train/negative/wl-tile-v1-06582-neg-es-pba-43143-mdt5.tif	downloaded	valid	108	108	5.009	4.993	EPSG:25830	1.000000	50.000	172.000	23808	1		https://servicios.idee.es/wcs-inspire/mdt?SERVICE=WCS&VERSION=2.0.1&REQUEST=GetCoverage&COVERAGEID=Elevacion25830_5&FORMAT=image%2Ftiff&SUBSET=x%28130219.01%2C130759.99%29&SUBSET=y%284846498.06%2C4847037.34%29	2026-08-01T00:00:00Z
weak-relief-wcs-v1-00400	wl-tile-v1-06740	wl-neg-neg-es-pba-32082	neg-es-pba-32082	0	hard_negative	train	ES	Castelo	-7.523897959179991	43.72683500158869	-7.52708027,43.72453532,-7.52071565,43.72913468	135353.09,4851218.15,135893.71,4851757.07	512	Elevacion25830_5	https://servicios.idee.es/wcs-inspire/mdt	data/external/weak-label-relief-v1/train/negative/wl-tile-v1-06740-neg-es-pba-32082-mdt5.tif	downloaded	valid	108	108	5.006	4.990	EPSG:25830	1.000000	46.000	107.000	23808	1		https://servicios.idee.es/wcs-inspire/mdt?SERVICE=WCS&VERSION=2.0.1&REQUEST=GetCoverage&COVERAGEID=Elevacion25830_5&FORMAT=image%2Ftiff&SUBSET=x%28135353.09%2C135893.71%29&SUBSET=y%284851218.15%2C4851757.07%29	2026-08-01T00:00:00Z
weak-relief-wcs-v1-00401	wl-tile-v1-06741	wl-neg-neg-es-pba-32083	neg-es-pba-32083	0	hard_negative	train	ES	Castelo	-7.522845002546353	43.732325163907426	-7.52602761,43.73002549,-7.51966240,43.73462484	135471.25,4851823.35,136011.87,4852362.27	512	Elevacion25830_5	https://servicios.idee.es/wcs-inspire/mdt	data/external/weak-label-relief-v1/train/negative/wl-tile-v1-06741-neg-es-pba-32083-mdt5.tif	downloaded	valid	108	108	5.006	4.990	EPSG:25830	1.000000	0.000	132.000	23808	1		https://servicios.idee.es/wcs-inspire/mdt?SERVICE=WCS&VERSION=2.0.1&REQUEST=GetCoverage&COVERAGEID=Elevacion25830_5&FORMAT=image%2Ftiff&SUBSET=x%28135471.25%2C136011.87%29&SUBSET=y%284851823.35%2C4852362.27%29	2026-08-01T00:00:00Z
weak-relief-wcs-v1-00402	wl-tile-v1-05766	wl-neg-neg-es-pba-35341	neg-es-pba-35341	0	hard_negative	train	ES	Castelo Longo de Ambarría	-7.771427512384255	42.77532827255387	-7.77456049,42.77302860,-7.76829453,42.77762795	109368.54,4746647.81,109910.22,4747187.74	512	Elevacion25830_5	https://servicios.idee.es/wcs-inspire/mdt	data/external/weak-label-relief-v1/train/negative/wl-tile-v1-05766-neg-es-pba-35341-mdt5.tif	downloaded	valid	108	108	5.016	4.999	EPSG:25830	1.000000	667.000	736.000	23808	1		https://servicios.idee.es/wcs-inspire/mdt?SERVICE=WCS&VERSION=2.0.1&REQUEST=GetCoverage&COVERAGEID=Elevacion25830_5&FORMAT=image%2Ftiff&SUBSET=x%28109368.54%2C109910.22%29&SUBSET=y%284746647.81%2C4747187.74%29	2026-08-01T00:00:00Z
weak-relief-wcs-v1-00403	wl-tile-v1-06254	wl-neg-neg-es-pba-40334	neg-es-pba-40334	0	hard_negative	train	ES	Castelo Vello	-7.241899783562392	43.196846380605805	-7.24505432,43.19454670,-7.23874525,43.19914606	155066.04,4791147.86,155604.66,4791684.75	512	Elevacion25830_5	https://servicios.idee.es/wcs-inspire/mdt	data/external/weak-label-relief-v1/train/negative/wl-tile-v1-06254-neg-es-pba-40334-mdt5.tif	downloaded	valid	108	107	4.987	5.018	EPSG:25830	1.000000	669.000	830.000	23592	1		https://servicios.idee.es/wcs-inspire/mdt?SERVICE=WCS&VERSION=2.0.1&REQUEST=GetCoverage&COVERAGEID=Elevacion25830_5&FORMAT=image%2Ftiff&SUBSET=x%28155066.04%2C155604.66%29&SUBSET=y%284791147.86%2C4791684.75%29	2026-08-01T00:00:00Z
weak-relief-wcs-v1-00404	wl-tile-v1-08856	wl-neg-neg-es-pba-71232	neg-es-pba-71232	0	hard_negative	train	ES	Castelo da Mata	-8.83578603946703	41.92861935284636	-8.83887709,41.92631968,-8.83269498,41.93091903	15790.40,4658076.35,16338.14,4658622.32	512	Elevacion25830_5	https://servicios.idee.es/wcs-inspire/mdt	data/external/weak-label-relief-v1/train/negative/wl-tile-v1-08856-neg-es-pba-71232-mdt5.tif	downloaded	valid	110	109	4.979	5.009	EPSG:25830	1.000000	5.000	47.000	24460	1		https://servicios.idee.es/wcs-inspire/mdt?SERVICE=WCS&VERSION=2.0.1&REQUEST=GetCoverage&COVERAGEID=Elevacion25830_5&FORMAT=image%2Ftiff&SUBSET=x%2815790.40%2C16338.14%29&SUBSET=y%284658076.35%2C4658622.32%29	2026-08-01T00:00:00Z
weak-relief-wcs-v1-00405	wl-tile-v1-05167	wl-neg-neg-es-pba-28789	neg-es-pba-28789	0	hard_negative	train	ES	Castelo da Modorra	-7.492296150580819	42.642622060816315	-7.49542244,42.64032238,-7.48916986,42.64492174	131424.02,4730652.31,131963.92,4731190.45	512	Elevacion25830_5	https://servicios.idee.es/wcs-inspire/mdt	data/external/weak-label-relief-v1/train/negative/wl-tile-v1-05167-neg-es-pba-28789-mdt5.tif	downloaded	valid	108	108	4.999	4.983	EPSG:25830	1.000000	386.000	411.000	23808	1		https://servicios.idee.es/wcs-inspire/mdt?SERVICE=WCS&VERSION=2.0.1&REQUEST=GetCoverage&COVERAGEID=Elevacion25830_5&FORMAT=image%2Ftiff&SUBSET=x%28131424.02%2C131963.92%29&SUBSET=y%284730652.31%2C4731190.45%29	2026-08-01T00:00:00Z
weak-relief-wcs-v1-00406	wl-tile-v1-05682	wl-neg-neg-es-pba-34395	neg-es-pba-34395	0	hard_negative	train	ES	Castelo da Recadeira	-7.361729968580818	43.44651302117679	-7.36489749,43.44421334,-7.35856244,43.44881270	146779.17,4819380.19,147318.66,4819917.95	512	Elevacion25830_5	https://servicios.idee.es/wcs-inspire/mdt	data/external/weak-label-relief-v1/train/negative/wl-tile-v1-05682-neg-es-pba-34395-mdt5.tif	downloaded	valid	108	108	4.995	4.979	EPSG:25830	1.000000	78.000	216.000	23808	1		https://servicios.idee.es/wcs-inspire/mdt?SERVICE=WCS&VERSION=2.0.1&REQUEST=GetCoverage&COVERAGEID=Elevacion25830_5&FORMAT=image%2Ftiff&SUBSET=x%28146779.17%2C147318.66%29&SUBSET=y%284819380.19%2C4819917.95%29	2026-08-01T00:00:00Z
weak-relief-wcs-v1-00407	wl-tile-v1-05943	wl-neg-neg-es-pba-37344	neg-es-pba-37344	0	hard_negative	train	ES	Castelo das Saíñas	-7.6078212012662325	42.47635937020645	-7.61093917,42.47405969,-7.60470323,42.47865905	120943.93,4712695.83,121484.46,4713234.59	512	Elevacion25830_5	https://servicios.idee.es/wcs-inspire/mdt	data/external/weak-label-relief-v1/train/negative/wl-tile-v1-05943-neg-es-pba-37344-mdt5.tif	downloaded	valid	108	108	5.005	4.989	EPSG:25830	1.000000	233.000	340.000	23808	1		https://servicios.idee.es/wcs-inspire/mdt?SERVICE=WCS&VERSION=2.0.1&REQUEST=GetCoverage&COVERAGEID=Elevacion25830_5&FORMAT=image%2Ftiff&SUBSET=x%28120943.93%2C121484.46%29&SUBSET=y%284712695.83%2C4713234.59%29	2026-08-01T00:00:00Z
weak-relief-wcs-v1-00408	wl-tile-v1-08568	wl-neg-neg-es-pba-67156	neg-es-pba-67156	0	hard_negative	train	ES	Castelo de Ardán	-8.739030447402177	42.34003837738183	-8.74214165,42.33773870,-8.73591925,42.34233805	26898.48,4703236.19,27445.87,4703781.83	512	Elevacion25830_5	https://servicios.idee.es/wcs-inspire/mdt	data/external/weak-label-relief-v1/train/negative/wl-tile-v1-08568-neg-es-pba-67156-mdt5.tif	downloaded	valid	109	109	5.022	5.006	EPSG:25830	1.000000	147.000	360.000	24242	1		https://servicios.idee.es/wcs-inspire/mdt?SERVICE=WCS&VERSION=2.0.1&REQUEST=GetCoverage&COVERAGEID=Elevacion25830_5&FORMAT=image%2Ftiff&SUBSET=x%2826898.48%2C27445.87%29&SUBSET=y%284703236.19%2C4703781.83%29	2026-08-01T00:00:00Z
weak-relief-wcs-v1-00409	wl-tile-v1-08569	wl-neg-neg-es-pba-67157	neg-es-pba-67157	0	hard_negative	train	ES	Castelo de Barbudo	-8.694800268507182	42.36693733061209	-8.69791280,42.36463765,-8.69168774,42.36923701	30744.51,4705978.62,31291.65,4706524.01	512	Elevacion25830_5	https://servicios.idee.es/wcs-inspire/mdt	data/external/weak-label-relief-v1/train/negative/wl-tile-v1-08569-neg-es-pba-67157-mdt5.tif	downloaded	valid	109	109	5.020	5.004	EPSG:25830	1.000000	191.000	348.000	24242	1		https://servicios.idee.es/wcs-inspire/mdt?SERVICE=WCS&VERSION=2.0.1&REQUEST=GetCoverage&COVERAGEID=Elevacion25830_5&FORMAT=image%2Ftiff&SUBSET=x%2830744.51%2C31291.65%29&SUBSET=y%284705978.62%2C4706524.01%29	2026-08-01T00:00:00Z
weak-relief-wcs-v1-00410	wl-tile-v1-05944	wl-neg-neg-es-pba-37345	neg-es-pba-37345	0	hard_negative	train	ES	Castelo de Burnugueiras	-7.607235637775358	42.52345259142661	-7.61035596,42.52115291,-7.60411532,42.52575227	121276.84,4717923.85,121817.39,4718462.62	512	Elevacion25830_5	https://servicios.idee.es/wcs-inspire/mdt	data/external/weak-label-relief-v1/train/negative/wl-tile-v1-05944-neg-es-pba-37345-mdt5.tif	downloaded	valid	108	108	5.005	4.989	EPSG:25830	1.000000	318.000	434.000	23808	1		https://servicios.idee.es/wcs-inspire/mdt?SERVICE=WCS&VERSION=2.0.1&REQUEST=GetCoverage&COVERAGEID=Elevacion25830_5&FORMAT=image%2Ftiff&SUBSET=x%28121276.84%2C121817.39%29&SUBSET=y%284717923.85%2C4718462.62%29	2026-08-01T00:00:00Z
weak-relief-wcs-v1-00411	wl-tile-v1-09378	wl-neg-neg-es-pba-70318	neg-es-pba-70318	0	hard_negative	train	ES	Castelo de Casas Novas	-8.686729727740884	42.06854123005853	-8.68982759,42.06624155,-8.68363187,42.07084091	29191.42,4672786.48,29738.34,4673331.62	512	Elevacion25830_5	https://servicios.idee.es/wcs-inspire/mdt	data/external/weak-label-relief-v1/train/negative/wl-tile-v1-09378-neg-es-pba-70318-mdt5.tif	downloaded	valid	109	109	5.018	5.001	EPSG:25830	1.000000	270.000	397.000	24242	1		https://servicios.idee.es/wcs-inspire/mdt?SERVICE=WCS&VERSION=2.0.1&REQUEST=GetCoverage&COVERAGEID=Elevacion25830_5&FORMAT=image%2Ftiff&SUBSET=x%2829191.42%2C29738.34%29&SUBSET=y%284672786.48%2C4673331.62%29	2026-08-01T00:00:00Z
weak-relief-wcs-v1-00412	wl-tile-v1-08577	wl-neg-neg-es-pba-66595	neg-es-pba-66595	0	hard_negative	train	ES	Castelo de Con O Real/O Castelo	-8.738296568176626	42.27573042710414	-8.74140459,42.27343075,-8.73518854,42.27803010	26475.77,4696088.34,27023.12,4696633.94	512	Elevacion25830_5	https://servicios.idee.es/wcs-inspire/mdt	data/external/weak-label-relief-v1/train/negative/wl-tile-v1-08577-neg-es-pba-66595-mdt5.tif	downloaded	valid	109	109	5.022	5.006	EPSG:25830	1.000000	0.000	54.000	24242	1		https://servicios.idee.es/wcs-inspire/mdt?SERVICE=WCS&VERSION=2.0.1&REQUEST=GetCoverage&COVERAGEID=Elevacion25830_5&FORMAT=image%2Ftiff&SUBSET=x%2826475.77%2C27023.12%29&SUBSET=y%284696088.34%2C4696633.94%29	2026-08-01T00:00:00Z
weak-relief-wcs-v1-00413	wl-tile-v1-09247	wl-neg-neg-es-pba-70135	neg-es-pba-70135	0	hard_negative	train	ES	Castelo de Ferveda/Coto do Castelo	-8.320111126070513	42.671578361500096	-8.32323887,42.66927868,-8.31698338,42.67387804	63740.32,4737813.80,64285.32,4738357.06	512	Elevacion25830_5	https://servicios.idee.es/wcs-inspire/mdt	data/external/weak-label-relief-v1/train/negative/wl-tile-v1-09247-neg-es-pba-70135-mdt5.tif	downloaded	valid	109	109	5.000	4.984	EPSG:25830	1.000000	487.000	670.000	24242	1		https://servicios.idee.es/wcs-inspire/mdt?SERVICE=WCS&VERSION=2.0.1&REQUEST=GetCoverage&COVERAGEID=Elevacion25830_5&FORMAT=image%2Ftiff&SUBSET=x%2863740.32%2C64285.32%29&SUBSET=y%284737813.80%2C4738357.06%29	2026-08-01T00:00:00Z
weak-relief-wcs-v1-00414	wl-tile-v1-07934	wl-neg-neg-es-pba-61517	neg-es-pba-61517	0	hard_negative	train	ES	Castelo de Pereiró	-8.935929697378835	42.363418891245466	-8.93904206,42.36111921,-8.93281734,42.36571857	10852.41,4706950.36,11401.03,4707497.23	512	Elevacion25830_5	https://servicios.idee.es/wcs-inspire/mdt	data/external/weak-label-relief-v1/train/negative/wl-tile-v1-07934-neg-es-pba-61517-mdt5.tif	downloaded	valid	110	109	4.987	5.017	EPSG:25830	1.000000	0.000	76.000	24460	1		https://servicios.idee.es/wcs-inspire/mdt?SERVICE=WCS&VERSION=2.0.1&REQUEST=GetCoverage&COVERAGEID=Elevacion25830_5&FORMAT=image%2Ftiff&SUBSET=x%2810852.41%2C11401.03%29&SUBSET=y%284706950.36%2C4707497.23%29	2026-08-01T00:00:00Z
weak-relief-wcs-v1-00415	wl-tile-v1-09176	wl-neg-neg-es-pba-71331	neg-es-pba-71331	0	hard_negative	train	ES	Castelo de Rande	-8.661010540839703	42.284212049126886	-8.66411898,42.28191237,-8.65790210,42.28651173	32914.76,4696602.68,33461.64,4697147.80	512	Elevacion25830_5	https://servicios.idee.es/wcs-inspire/mdt	data/external/weak-label-relief-v1/train/negative/wl-tile-v1-09176-neg-es-pba-71331-mdt5.tif	downloaded	valid	109	109	5.017	5.001	EPSG:25830	1.000000	0.000	80.000	24242	1		https://servicios.idee.es/wcs-inspire/mdt?SERVICE=WCS&VERSION=2.0.1&REQUEST=GetCoverage&COVERAGEID=Elevacion25830_5&FORMAT=image%2Ftiff&SUBSET=x%2832914.76%2C33461.64%29&SUBSET=y%284696602.68%2C4697147.80%29	2026-08-01T00:00:00Z
weak-relief-wcs-v1-00416	wl-tile-v1-09495	wl-neg-neg-es-pba-74969	neg-es-pba-74969	0	hard_negative	train	ES	Castelo de Uveiras/O Castelo	-8.661155310260778	42.30536245975286	-8.66426480,42.30306278,-8.65804582,42.30766214	33059.54,4698952.97,33606.44,4699498.11	512	Elevacion25830_5	https://servicios.idee.es/wcs-inspire/mdt	data/external/weak-label-relief-v1/train/negative/wl-tile-v1-09495-neg-es-pba-74969-mdt5.tif	downloaded	valid	109	109	5.017	5.001	EPSG:25830	1.000000	0.000	176.000	24242	1		https://servicios.idee.es/wcs-inspire/mdt?SERVICE=WCS&VERSION=2.0.1&REQUEST=GetCoverage&COVERAGEID=Elevacion25830_5&FORMAT=image%2Ftiff&SUBSET=x%2833059.54%2C33606.44%29&SUBSET=y%284698952.97%2C4699498.11%29	2026-08-01T00:00:00Z
weak-relief-wcs-v1-00417	wl-tile-v1-08778	wl-neg-neg-es-pba-68975	neg-es-pba-68975	0	hard_negative	train	ES	Castelo do Monte	-8.766289996252533	42.133031916949726	-8.76939101,42.13073224,-8.76318898,42.13533159	23090.93,4680392.80,23638.37,4680938.47	512	Elevacion25830_5	https://servicios.idee.es/wcs-inspire/mdt	data/external/weak-label-relief-v1/train/negative/wl-tile-v1-08778-neg-es-pba-68975-mdt5.tif	downloaded	valid	109	109	5.022	5.006	EPSG:25830	1.000000	96.000	279.000	24242	1		https://servicios.idee.es/wcs-inspire/mdt?SERVICE=WCS&VERSION=2.0.1&REQUEST=GetCoverage&COVERAGEID=Elevacion25830_5&FORMAT=image%2Ftiff&SUBSET=x%2823090.93%2C23638.37%29&SUBSET=y%284680392.80%2C4680938.47%29	2026-08-01T00:00:00Z
weak-relief-wcs-v1-00418	wl-tile-v1-08857	wl-neg-neg-es-pba-71233	neg-es-pba-71233	0	hard_negative	train	ES	Castelo do Monte Terroso	-8.871715099784934	41.923588060492186	-8.87480591,41.92128838,-8.86862429,41.92588774	12771.34,4657721.51,13319.29,4658267.69	512	Elevacion25830_5	https://servicios.idee.es/wcs-inspire/mdt	data/external/weak-label-relief-v1/train/negative/wl-tile-v1-08857-neg-es-pba-71233-mdt5.tif	downloaded	valid	110	109	4.981	5.011	EPSG:25830	1.000000	195.000	366.000	24460	1		https://servicios.idee.es/wcs-inspire/mdt?SERVICE=WCS&VERSION=2.0.1&REQUEST=GetCoverage&COVERAGEID=Elevacion25830_5&FORMAT=image%2Ftiff&SUBSET=x%2812771.34%2C13319.29%29&SUBSET=y%284657721.51%2C4658267.69%29	2026-08-01T00:00:00Z
weak-relief-wcs-v1-00419	wl-tile-v1-05683	wl-neg-neg-es-pba-34396	neg-es-pba-34396	0	hard_negative	train	ES	Castelo do Monte da Arca	-7.345572112034621	43.41492183867245	-7.34873799,43.41262216,-7.34240624,43.41722152	147903.54,4815802.81,148442.91,4816340.46	512	Elevacion25830_5	https://servicios.idee.es/wcs-inspire/mdt	data/external/weak-label-relief-v1/train/negative/wl-tile-v1-05683-neg-es-pba-34396-mdt5.tif	downloaded	valid	108	108	4.994	4.978	EPSG:25830	1.000000	238.000	448.000	23808	1		https://servicios.idee.es/wcs-inspire/mdt?SERVICE=WCS&VERSION=2.0.1&REQUEST=GetCoverage&COVERAGEID=Elevacion25830_5&FORMAT=image%2Ftiff&SUBSET=x%28147903.54%2C148442.91%29&SUBSET=y%284815802.81%2C4816340.46%29	2026-08-01T00:00:00Z
weak-relief-wcs-v1-00420	wl-tile-v1-02802	wl-neg-neg-es-pba-7236	neg-es-pba-7236	0	hard_negative	train	ES	Castelo/Batería de San Diego	-8.391793114850639	43.35586873279397	-8.39495591,43.35356906,-8.38863032,43.35816841	62758.31,4814199.45,63304.15,4814743.59	512	Elevacion25830_5	https://servicios.idee.es/wcs-inspire/mdt	data/external/weak-label-relief-v1/train/negative/wl-tile-v1-02802-neg-es-pba-7236-mdt5.tif	downloaded	valid	109	109	5.008	4.992	EPSG:25830	1.000000	0.000	31.000	24242	1		https://servicios.idee.es/wcs-inspire/mdt?SERVICE=WCS&VERSION=2.0.1&REQUEST=GetCoverage&COVERAGEID=Elevacion25830_5&FORMAT=image%2Ftiff&SUBSET=x%2862758.31%2C63304.15%29&SUBSET=y%284814199.45%2C4814743.59%29	2026-08-01T00:00:00Z
weak-relief-wcs-v1-00421	wl-tile-v1-06192	wl-neg-neg-es-pba-38466	neg-es-pba-38466	0	hard_negative	train	ES	Cazoletas de Penamaior	-7.667193224214655	42.85282913852191	-7.67033013,42.85052946,-7.66405632,42.85512882	118375.56,4754778.17,118916.65,4755317.50	512	Elevacion25830_5	https://servicios.idee.es/wcs-inspire/mdt	data/external/weak-label-relief-v1/train/negative/wl-tile-v1-06192-neg-es-pba-38466-mdt5.tif	downloaded	valid	108	108	5.010	4.994	EPSG:25830	1.000000	461.000	561.000	23808	1		https://servicios.idee.es/wcs-inspire/mdt?SERVICE=WCS&VERSION=2.0.1&REQUEST=GetCoverage&COVERAGEID=Elevacion25830_5&FORMAT=image%2Ftiff&SUBSET=x%28118375.56%2C118916.65%29&SUBSET=y%284754778.17%2C4755317.50%29	2026-08-01T00:00:00Z
weak-relief-wcs-v1-00422	wl-tile-v1-06840	wl-neg-neg-es-pba-45330	neg-es-pba-45330	0	hard_negative	train	ES	Cazoletas de San Pedro	-7.7421645928294645	41.92198200262017	-7.74525533,41.91968233,-7.73907386,41.92428168	106466.66,4651730.86,107007.72,4652270.12	512	Elevacion25830_5	https://servicios.idee.es/wcs-inspire/mdt	data/external/weak-label-relief-v1/train/negative/wl-tile-v1-06840-neg-es-pba-45330-mdt5.tif	downloaded	valid	108	108	5.010	4.993	EPSG:25830	1.000000	886.000	964.000	23808	1		https://servicios.idee.es/wcs-inspire/mdt?SERVICE=WCS&VERSION=2.0.1&REQUEST=GetCoverage&COVERAGEID=Elevacion25830_5&FORMAT=image%2Ftiff&SUBSET=x%28106466.66%2C107007.72%29&SUBSET=y%284651730.86%2C4652270.12%29	2026-08-01T00:00:00Z
weak-relief-wcs-v1-00423	wl-tile-v1-07324	wl-neg-neg-es-pba-56795	neg-es-pba-56795	0	hard_negative	train	ES	Cista de Biobra	-6.883959342696564	42.47473277623484	-6.88707723,42.47243310,-6.88084146,42.47703245	180451.71,4709533.68,180987.81,4710067.99	512	Elevacion25830_5	https://servicios.idee.es/wcs-inspire/mdt	data/external/weak-label-relief-v1/train/negative/wl-tile-v1-07324-neg-es-pba-56795-mdt5.tif	downloaded	valid	107	107	5.010	4.994	EPSG:25830	1.000000	445.000	565.000	23378	1		https://servicios.idee.es/wcs-inspire/mdt?SERVICE=WCS&VERSION=2.0.1&REQUEST=GetCoverage&COVERAGEID=Elevacion25830_5&FORMAT=image%2Ftiff&SUBSET=x%28180451.71%2C180987.81%29&SUBSET=y%284709533.68%2C4710067.99%29	2026-08-01T00:00:00Z
weak-relief-wcs-v1-00424	wl-tile-v1-09497	wl-neg-neg-es-pba-75104	neg-es-pba-75104	0	hard_negative	train	ES	Cista de Chan de Castiñeiras 2/Mámoa do Rei	-8.67224005510734	42.35878152938792	-8.67535218,42.35648185,-8.66912793,42.36108121	32542.39,4704948.06,33089.39,4705493.30	512	Elevacion25830_5	https://servicios.idee.es/wcs-inspire/mdt	data/external/weak-label-relief-v1/train/negative/wl-tile-v1-09497-neg-es-pba-75104-mdt5.tif	downloaded	valid	109	109	5.018	5.002	EPSG:25830	1.000000	370.000	455.000	24242	1		https://servicios.idee.es/wcs-inspire/mdt?SERVICE=WCS&VERSION=2.0.1&REQUEST=GetCoverage&COVERAGEID=Elevacion25830_5&FORMAT=image%2Ftiff&SUBSET=x%2832542.39%2C33089.39%29&SUBSET=y%284704948.06%2C4705493.30%29	2026-08-01T00:00:00Z
weak-relief-wcs-v1-00425	wl-tile-v1-07947	wl-neg-neg-es-pba-62940	neg-es-pba-62940	0	hard_negative	train	ES	Cistas de Gandón	-8.807801387751683	42.291455137885286	-8.81091019,42.28915546,-8.80469259,42.29375481	20861.03,4698224.94,21408.82,4698770.97	512	Elevacion25830_5	https://servicios.idee.es/wcs-inspire/mdt	data/external/weak-label-relief-v1/train/negative/wl-tile-v1-07947-neg-es-pba-62940-mdt5.tif	downloaded	valid	110	109	4.980	5.009	EPSG:25830	1.000000	45.000	95.000	24460	1		https://servicios.idee.es/wcs-inspire/mdt?SERVICE=WCS&VERSION=2.0.1&REQUEST=GetCoverage&COVERAGEID=Elevacion25830_5&FORMAT=image%2Ftiff&SUBSET=x%2820861.03%2C21408.82%29&SUBSET=y%284698224.94%2C4698770.97%29	2026-08-01T00:00:00Z
weak-relief-wcs-v1-00426	wl-tile-v1-08858	wl-neg-neg-es-pba-68854	neg-es-pba-68854	0	hard_negative	train	ES	Complexo megalítico de Amoedo/Mámoa de Alvedosa 1	-8.55906731017521	42.29595566922416	-8.56217633,42.29365599,-8.55595829,42.29825535	41409.33,4697351.77,41955.60,4697896.28	512	Elevacion25830_5	https://servicios.idee.es/wcs-inspire/mdt	data/external/weak-label-relief-v1/train/negative/wl-tile-v1-08858-neg-es-pba-68854-mdt5.tif	downloaded	valid	109	109	5.012	4.996	EPSG:25830	1.000000	253.000	321.000	24242	1		https://servicios.idee.es/wcs-inspire/mdt?SERVICE=WCS&VERSION=2.0.1&REQUEST=GetCoverage&COVERAGEID=Elevacion25830_5&FORMAT=image%2Ftiff&SUBSET=x%2841409.33%2C41955.60%29&SUBSET=y%284697351.77%2C4697896.28%29	2026-08-01T00:00:00Z
weak-relief-wcs-v1-00427	wl-tile-v1-08859	wl-neg-neg-es-pba-68855	neg-es-pba-68855	0	hard_negative	train	ES	Complexo megalítico de Amoedo/Mámoa de Alvedosa 2	-8.559201328285738	42.29570463383472	-8.56231034,42.29340496,-8.55609232,42.29800431	41396.45,4697324.61,41942.72,4697869.11	512	Elevacion25830_5	https://servicios.idee.es/wcs-inspire/mdt	data/external/weak-label-relief-v1/train/negative/wl-tile-v1-08859-neg-es-pba-68855-mdt5.tif	downloaded	valid	109	109	5.012	4.995	EPSG:25830	1.000000	253.000	318.000	24242	1		https://servicios.idee.es/wcs-inspire/mdt?SERVICE=WCS&VERSION=2.0.1&REQUEST=GetCoverage&COVERAGEID=Elevacion25830_5&FORMAT=image%2Ftiff&SUBSET=x%2841396.45%2C41942.72%29&SUBSET=y%284697324.61%2C4697869.11%29	2026-08-01T00:00:00Z
weak-relief-wcs-v1-00428	wl-tile-v1-08860	wl-neg-neg-es-pba-68856	neg-es-pba-68856	0	hard_negative	train	ES	Complexo megalítico de Amoedo/Mámoa de Alvedosa 3	-8.55916137790358	42.2955940852604	-8.56227038,42.29329441,-8.55605237,42.29789376	41398.95,4697312.12,41945.21,4697856.62	512	Elevacion25830_5	https://servicios.idee.es/wcs-inspire/mdt	data/external/weak-label-relief-v1/train/negative/wl-tile-v1-08860-neg-es-pba-68856-mdt5.tif	downloaded	valid	109	109	5.012	4.995	EPSG:25830	1.000000	253.000	316.000	24242	1		https://servicios.idee.es/wcs-inspire/mdt?SERVICE=WCS&VERSION=2.0.1&REQUEST=GetCoverage&COVERAGEID=Elevacion25830_5&FORMAT=image%2Ftiff&SUBSET=x%2841398.95%2C41945.21%29&SUBSET=y%284697312.12%2C4697856.62%29	2026-08-01T00:00:00Z
weak-relief-wcs-v1-00429	wl-tile-v1-08861	wl-neg-neg-es-pba-68857	neg-es-pba-68857	0	hard_negative	train	ES	Complexo megalítico de Amoedo/Mámoa de Alvedosa 4	-8.559270037453915	42.29540917470778	-8.56237903,42.29310950,-8.55616104,42.29770885	41388.64,4697292.16,41934.90,4697836.66	512	Elevacion25830_5	https://servicios.idee.es/wcs-inspire/mdt	data/external/weak-label-relief-v1/train/negative/wl-tile-v1-08861-neg-es-pba-68857-mdt5.tif	downloaded	valid	109	109	5.012	4.995	EPSG:25830	1.000000	253.000	314.000	24242	1		https://servicios.idee.es/wcs-inspire/mdt?SERVICE=WCS&VERSION=2.0.1&REQUEST=GetCoverage&COVERAGEID=Elevacion25830_5&FORMAT=image%2Ftiff&SUBSET=x%2841388.64%2C41934.90%29&SUBSET=y%284697292.16%2C4697836.66%29	2026-08-01T00:00:00Z
weak-relief-wcs-v1-00430	wl-tile-v1-08862	wl-neg-neg-es-pba-68858	neg-es-pba-68858	0	hard_negative	train	ES	Complexo megalítico de Amoedo/Mámoa de Alvedosa 5	-8.558654284032514	42.295258089418596	-8.56176327,42.29295841,-8.55554530,42.29755777	41438.32,4697272.05,41984.58,4697816.55	512	Elevacion25830_5	https://servicios.idee.es/wcs-inspire/mdt	data/external/weak-label-relief-v1/train/negative/wl-tile-v1-08862-neg-es-pba-68858-mdt5.tif	downloaded	valid	109	109	5.012	4.995	EPSG:25830	1.000000	254.000	311.000	24242	1		https://servicios.idee.es/wcs-inspire/mdt?SERVICE=WCS&VERSION=2.0.1&REQUEST=GetCoverage&COVERAGEID=Elevacion25830_5&FORMAT=image%2Ftiff&SUBSET=x%2841438.32%2C41984.58%29&SUBSET=y%284697272.05%2C4697816.55%29	2026-08-01T00:00:00Z
weak-relief-wcs-v1-00431	wl-tile-v1-08863	wl-neg-neg-es-pba-68859	neg-es-pba-68859	0	hard_negative	train	ES	Complexo megalítico de Amoedo/Mámoa de Alvedosa 6	-8.56320827812008	42.29573363608015	-8.56631729,42.29343396,-8.56009927,42.29803331	41066.20,4697349.47,41612.49,4697894.00	512	Elevacion25830_5	https://servicios.idee.es/wcs-inspire/mdt	data/external/weak-label-relief-v1/train/negative/wl-tile-v1-08863-neg-es-pba-68859-mdt5.tif	downloaded	valid	109	109	5.012	4.996	EPSG:25830	1.000000	225.000	346.000	24242	1		https://servicios.idee.es/wcs-inspire/mdt?SERVICE=WCS&VERSION=2.0.1&REQUEST=GetCoverage&COVERAGEID=Elevacion25830_5&FORMAT=image%2Ftiff&SUBSET=x%2841066.20%2C41612.49%29&SUBSET=y%284697349.47%2C4697894.00%29	2026-08-01T00:00:00Z
weak-relief-wcs-v1-00432	wl-tile-v1-08578	wl-neg-neg-es-pba-66693	neg-es-pba-66693	0	hard_negative	train	ES	Complexo rupestre da Escada	-8.716070833927905	42.30167055652989	-8.71918014,42.29937088,-8.71296153,42.30397023	28503.49,4698846.29,29050.72,4699391.77	512	Elevacion25830_5	https://servicios.idee.es/wcs-inspire/mdt	data/external/weak-label-relief-v1/train/negative/wl-tile-v1-08578-neg-es-pba-66693-mdt5.tif	downloaded	valid	109	109	5.020	5.004	EPSG:25830	1.000000	78.000	298.000	24242	1		https://servicios.idee.es/wcs-inspire/mdt?SERVICE=WCS&VERSION=2.0.1&REQUEST=GetCoverage&COVERAGEID=Elevacion25830_5&FORMAT=image%2Ftiff&SUBSET=x%2828503.49%2C29050.72%29&SUBSET=y%284698846.29%2C4699391.77%29	2026-08-01T00:00:00Z
weak-relief-wcs-v1-00433	wl-tile-v1-08913	wl-neg-neg-es-pba-76607	neg-es-pba-76607	0	hard_negative	train	ES	Complexo rupestre de Combarro	-8.70993445250591	42.44088600357943	-8.71305066,42.43858633,-8.70681825,42.44318568	30051.63,4714277.14,30598.91,4714822.67	512	Elevacion25830_5	https://servicios.idee.es/wcs-inspire/mdt	data/external/weak-label-relief-v1/train/negative/wl-tile-v1-08913-neg-es-pba-76607-mdt5.tif	downloaded	valid	109	109	5.021	5.005	EPSG:25830	1.000000	57.000	157.000	24242	1		https://servicios.idee.es/wcs-inspire/mdt?SERVICE=WCS&VERSION=2.0.1&REQUEST=GetCoverage&COVERAGEID=Elevacion25830_5&FORMAT=image%2Ftiff&SUBSET=x%2830051.63%2C30598.91%29&SUBSET=y%284714277.14%2C4714822.67%29	2026-08-01T00:00:00Z
weak-relief-wcs-v1-00434	wl-tile-v1-08914	wl-neg-neg-es-pba-76608	neg-es-pba-76608	0	hard_negative	train	ES	Complexo rupestre de Combarro-Raxó	-8.716691753683362	42.430807830787785	-8.71980746,42.42850815,-8.71357605,42.43310751	29420.00,4713195.11,29967.31,4713740.67	512	Elevacion25830_5	https://servicios.idee.es/wcs-inspire/mdt	data/external/weak-label-relief-v1/train/negative/wl-tile-v1-08914-neg-es-pba-76608-mdt5.tif	downloaded	valid	109	109	5.021	5.005	EPSG:25830	1.000000	63.000	190.000	24242	1		https://servicios.idee.es/wcs-inspire/mdt?SERVICE=WCS&VERSION=2.0.1&REQUEST=GetCoverage&COVERAGEID=Elevacion25830_5&FORMAT=image%2Ftiff&SUBSET=x%2829420.00%2C29967.31%29&SUBSET=y%284713195.11%2C4713740.67%29	2026-08-01T00:00:00Z
weak-relief-wcs-v1-00435	wl-tile-v1-04279	wl-neg-neg-es-pba-20010	neg-es-pba-20010	0	hard_negative	train	ES	Contorna de Porta da Mámoa	-8.544194216013103	42.8770472229444	-8.54733235,42.87474755,-8.54105608,42.87934690	46875.86,4761821.30,47422.37,4762366.09	512	Elevacion25830_5	https://servicios.idee.es/wcs-inspire/mdt	data/external/weak-label-relief-v1/train/negative/wl-tile-v1-04279-neg-es-pba-20010-mdt5.tif	downloaded	valid	109	109	5.014	4.998	EPSG:25830	1.000000	225.000	269.000	24242	1		https://servicios.idee.es/wcs-inspire/mdt?SERVICE=WCS&VERSION=2.0.1&REQUEST=GetCoverage&COVERAGEID=Elevacion25830_5&FORMAT=image%2Ftiff&SUBSET=x%2846875.86%2C47422.37%29&SUBSET=y%284761821.30%2C4762366.09%29	2026-08-01T00:00:00Z
weak-relief-wcs-v1-00436	wl-tile-v1-03925	wl-neg-neg-es-pba-15660	neg-es-pba-15660	0	hard_negative	train	ES	Coto da Medorra/Mámoa do Coto da Medorra	-8.447706929898189	43.09817984184317	-8.45085638,43.09588017,-8.44455748,43.10047952	56356.28,4785869.55,56902.32,4786413.87	512	Elevacion25830_5	https://servicios.idee.es/wcs-inspire/mdt	data/external/weak-label-relief-v1/train/negative/wl-tile-v1-03925-neg-es-pba-15660-mdt5.tif	downloaded	valid	109	109	5.010	4.994	EPSG:25830	1.000000	333.000	367.000	24242	1		https://servicios.idee.es/wcs-inspire/mdt?SERVICE=WCS&VERSION=2.0.1&REQUEST=GetCoverage&COVERAGEID=Elevacion25830_5&FORMAT=image%2Ftiff&SUBSET=x%2856356.28%2C56902.32%29&SUBSET=y%284785869.55%2C4786413.87%29	2026-08-01T00:00:00Z
weak-relief-wcs-v1-00437	wl-tile-v1-06338	wl-neg-neg-es-pba-41313	neg-es-pba-41313	0	hard_negative	train	ES	Coto das Medorras 1	-7.762999826453586	42.77425812437821	-7.76613275,42.77195845,-7.75986690,42.77655780	110051.45,4746489.91,110593.08,4747029.79	512	Elevacion25830_5	https://servicios.idee.es/wcs-inspire/mdt	data/external/weak-label-relief-v1/train/negative/wl-tile-v1-06338-neg-es-pba-41313-mdt5.tif	downloaded	valid	108	108	5.015	4.999	EPSG:25830	1.000000	646.000	684.000	23808	1		https://servicios.idee.es/wcs-inspire/mdt?SERVICE=WCS&VERSION=2.0.1&REQUEST=GetCoverage&COVERAGEID=Elevacion25830_5&FORMAT=image%2Ftiff&SUBSET=x%28110051.45%2C110593.08%29&SUBSET=y%284746489.91%2C4747029.79%29	2026-08-01T00:00:00Z
weak-relief-wcs-v1-00438	wl-tile-v1-06339	wl-neg-neg-es-pba-41314	neg-es-pba-41314	0	hard_negative	train	ES	Coto das Medorras 2	-7.762471022587292	42.77522852690933	-7.76560400,42.77292885,-7.75933805,42.77752820	110100.82,4746595.25,110642.44,4747135.13	512	Elevacion25830_5	https://servicios.idee.es/wcs-inspire/mdt	data/external/weak-label-relief-v1/train/negative/wl-tile-v1-06339-neg-es-pba-41314-mdt5.tif	downloaded	valid	108	108	5.015	4.999	EPSG:25830	1.000000	642.000	681.000	23808	1		https://servicios.idee.es/wcs-inspire/mdt?SERVICE=WCS&VERSION=2.0.1&REQUEST=GetCoverage&COVERAGEID=Elevacion25830_5&FORMAT=image%2Ftiff&SUBSET=x%28110100.82%2C110642.44%29&SUBSET=y%284746595.25%2C4747135.13%29	2026-08-01T00:00:00Z
weak-relief-wcs-v1-00439	wl-tile-v1-06340	wl-neg-neg-es-pba-41315	neg-es-pba-41315	0	hard_negative	train	ES	Coto das Medorras 3	-7.762085752217693	42.77714123827024	-7.76521882,42.77484156,-7.75895268,42.77944091	110144.36,4746805.92,110685.99,4747345.80	512	Elevacion25830_5	https://servicios.idee.es/wcs-inspire/mdt	data/external/weak-label-relief-v1/train/negative/wl-tile-v1-06340-neg-es-pba-41315-mdt5.tif	downloaded	valid	108	108	5.015	4.999	EPSG:25830	1.000000	641.000	678.000	23808	1		https://servicios.idee.es/wcs-inspire/mdt?SERVICE=WCS&VERSION=2.0.1&REQUEST=GetCoverage&COVERAGEID=Elevacion25830_5&FORMAT=image%2Ftiff&SUBSET=x%28110144.36%2C110685.99%29&SUBSET=y%284746805.92%2C4747345.80%29	2026-08-01T00:00:00Z
weak-relief-wcs-v1-00440	wl-tile-v1-07974	wl-neg-neg-es-pba-78570	neg-es-pba-78570	0	hard_negative	train	ES	Coto de Mámoas 1	-8.376671544486522	42.54208485562794	-8.37979279,42.53978518,-8.37355030,42.54438453	58187.42,4723723.54,58732.70,4724267.07	512	Elevacion25830_5	https://servicios.idee.es/wcs-inspire/mdt	data/external/weak-label-relief-v1/train/negative/wl-tile-v1-07974-neg-es-pba-78570-mdt5.tif	downloaded	valid	109	109	5.003	4.987	EPSG:25830	1.000000	400.000	536.000	24242	1		https://servicios.idee.es/wcs-inspire/mdt?SERVICE=WCS&VERSION=2.0.1&REQUEST=GetCoverage&COVERAGEID=Elevacion25830_5&FORMAT=image%2Ftiff&SUBSET=x%2858187.42%2C58732.70%29&SUBSET=y%284723723.54%2C4724267.07%29	2026-08-01T00:00:00Z
weak-relief-wcs-v1-00441	wl-tile-v1-07975	wl-neg-neg-es-pba-78571	neg-es-pba-78571	0	hard_negative	train	ES	Coto de Mámoas 2	-8.376068572454718	42.54189637592391	-8.37918981,42.53959670,-8.37294733,42.54419605	58235.62,4723699.45,58780.90,4724242.98	512	Elevacion25830_5	https://servicios.idee.es/wcs-inspire/mdt	data/external/weak-label-relief-v1/train/negative/wl-tile-v1-07975-neg-es-pba-78571-mdt5.tif	downloaded	valid	109	109	5.003	4.987	EPSG:25830	1.000000	400.000	536.000	24242	1		https://servicios.idee.es/wcs-inspire/mdt?SERVICE=WCS&VERSION=2.0.1&REQUEST=GetCoverage&COVERAGEID=Elevacion25830_5&FORMAT=image%2Ftiff&SUBSET=x%2858235.62%2C58780.90%29&SUBSET=y%284723699.45%2C4724242.98%29	2026-08-01T00:00:00Z
weak-relief-wcs-v1-00442	wl-tile-v1-07976	wl-neg-neg-es-pba-78572	neg-es-pba-78572	0	hard_negative	train	ES	Coto de Mámoas 3	-8.37584112707424	42.541976487281744	-8.37896237,42.53967681,-8.37271988,42.54427616	58254.87,4723707.17,58800.15,4724250.69	512	Elevacion25830_5	https://servicios.idee.es/wcs-inspire/mdt	data/external/weak-label-relief-v1/train/negative/wl-tile-v1-07976-neg-es-pba-78572-mdt5.tif	downloaded	valid	109	109	5.003	4.986	EPSG:25830	1.000000	399.000	536.000	24242	1		https://servicios.idee.es/wcs-inspire/mdt?SERVICE=WCS&VERSION=2.0.1&REQUEST=GetCoverage&COVERAGEID=Elevacion25830_5&FORMAT=image%2Ftiff&SUBSET=x%2858254.87%2C58800.15%29&SUBSET=y%284723707.17%2C4724250.69%29	2026-08-01T00:00:00Z
weak-relief-wcs-v1-00443	wl-tile-v1-07977	wl-neg-neg-es-pba-78573	neg-es-pba-78573	0	hard_negative	train	ES	Coto de Mámoas 4	-8.375533273715487	42.54196466414115	-8.37865452,42.53966499,-8.37241203,42.54426434	58280.07,4723704.24,58825.35,4724247.77	512	Elevacion25830_5	https://servicios.idee.es/wcs-inspire/mdt	data/external/weak-label-relief-v1/train/negative/wl-tile-v1-07977-neg-es-pba-78573-mdt5.tif	downloaded	valid	109	109	5.003	4.987	EPSG:25830	1.000000	396.000	534.000	24242	1		https://servicios.idee.es/wcs-inspire/mdt?SERVICE=WCS&VERSION=2.0.1&REQUEST=GetCoverage&COVERAGEID=Elevacion25830_5&FORMAT=image%2Ftiff&SUBSET=x%2858280.07%2C58825.35%29&SUBSET=y%284723704.24%2C4724247.77%29	2026-08-01T00:00:00Z
weak-relief-wcs-v1-00444	wl-tile-v1-07978	wl-neg-neg-es-pba-78574	neg-es-pba-78574	0	hard_negative	train	ES	Coto de Mámoas 5	-8.375707853833243	42.54184505158559	-8.37882909,42.53954537,-8.37258662,42.54414473	58264.89,4723691.87,58810.16,4724235.40	512	Elevacion25830_5	https://servicios.idee.es/wcs-inspire/mdt	data/external/weak-label-relief-v1/train/negative/wl-tile-v1-07978-neg-es-pba-78574-mdt5.tif	downloaded	valid	109	109	5.002	4.987	EPSG:25830	1.000000	393.000	535.000	24242	1		https://servicios.idee.es/wcs-inspire/mdt?SERVICE=WCS&VERSION=2.0.1&REQUEST=GetCoverage&COVERAGEID=Elevacion25830_5&FORMAT=image%2Ftiff&SUBSET=x%2858264.89%2C58810.16%29&SUBSET=y%284723691.87%2C4724235.40%29	2026-08-01T00:00:00Z
weak-relief-wcs-v1-00445	wl-tile-v1-05767	wl-neg-neg-es-pba-35346	neg-es-pba-35346	0	hard_negative	train	ES	Coto do Mouro Morto/Orgoso/Medorra de Monte Agudo 1	-7.8427502285680415	42.82354536409898	-7.84588565,42.82124569,-7.83961481,42.82584504	103840.47,4752336.61,104382.62,4752877.01	512	Elevacion25830_5	https://servicios.idee.es/wcs-inspire/mdt	data/external/weak-label-relief-v1/train/negative/wl-tile-v1-05767-neg-es-pba-35346-mdt5.tif	downloaded	valid	108	108	5.020	5.004	EPSG:25830	1.000000	589.000	647.000	23808	1		https://servicios.idee.es/wcs-inspire/mdt?SERVICE=WCS&VERSION=2.0.1&REQUEST=GetCoverage&COVERAGEID=Elevacion25830_5&FORMAT=image%2Ftiff&SUBSET=x%28103840.47%2C104382.62%29&SUBSET=y%284752336.61%2C4752877.01%29	2026-08-01T00:00:00Z
weak-relief-wcs-v1-00446	wl-tile-v1-05768	wl-neg-neg-es-pba-35347	neg-es-pba-35347	0	hard_negative	train	ES	Coto do Mouro Morto/Orgoso/Medorra de Monte Agudo 2	-7.84237411784335	42.82458385910409	-7.84550959,42.82228418,-7.83923864,42.82688354	103877.87,4752450.19,104420.01,4752990.59	512	Elevacion25830_5	https://servicios.idee.es/wcs-inspire/mdt	data/external/weak-label-relief-v1/train/negative/wl-tile-v1-05768-neg-es-pba-35347-mdt5.tif	downloaded	valid	108	108	5.020	5.004	EPSG:25830	1.000000	597.000	647.000	23808	1		https://servicios.idee.es/wcs-inspire/mdt?SERVICE=WCS&VERSION=2.0.1&REQUEST=GetCoverage&COVERAGEID=Elevacion25830_5&FORMAT=image%2Ftiff&SUBSET=x%28103877.87%2C104420.01%29&SUBSET=y%284752450.19%2C4752990.59%29	2026-08-01T00:00:00Z
weak-relief-wcs-v1-00447	wl-tile-v1-05769	wl-neg-neg-es-pba-35369	neg-es-pba-35369	0	hard_negative	train	ES	Coto do Mouro Morto/Orgoso/Medorra de Monte Agudo 3	-7.840888166731902	42.82544585638417	-7.84402368,42.82314618,-7.83775265,42.82774553	104004.88,4752538.94,104547.02,4753079.33	512	Elevacion25830_5	https://servicios.idee.es/wcs-inspire/mdt	data/external/weak-label-relief-v1/train/negative/wl-tile-v1-05769-neg-es-pba-35369-mdt5.tif	downloaded	valid	108	108	5.020	5.004	EPSG:25830	1.000000	603.000	636.000	23808	1		https://servicios.idee.es/wcs-inspire/mdt?SERVICE=WCS&VERSION=2.0.1&REQUEST=GetCoverage&COVERAGEID=Elevacion25830_5&FORMAT=image%2Ftiff&SUBSET=x%28104004.88%2C104547.02%29&SUBSET=y%284752538.94%2C4753079.33%29	2026-08-01T00:00:00Z
weak-relief-wcs-v1-00448	wl-tile-v1-05652	wl-neg-neg-es-pba-31691	neg-es-pba-31691	0	hard_negative	train	ES	Cova da Moura	-7.261567979634661	42.818143702450456	-7.26470313,42.81584403,-7.25843283,42.82044338	151329.87,4749166.74,151868.44,4749703.55	512	Elevacion25830_5	https://servicios.idee.es/wcs-inspire/mdt	data/external/weak-label-relief-v1/train/negative/wl-tile-v1-05652-neg-es-pba-31691-mdt5.tif	downloaded	valid	108	107	4.987	5.017	EPSG:25830	1.000000	671.000	883.000	23592	1		https://servicios.idee.es/wcs-inspire/mdt?SERVICE=WCS&VERSION=2.0.1&REQUEST=GetCoverage&COVERAGEID=Elevacion25830_5&FORMAT=image%2Ftiff&SUBSET=x%28151329.87%2C151868.44%29&SUBSET=y%284749166.74%2C4749703.55%29	2026-08-01T00:00:00Z
weak-relief-wcs-v1-00449	wl-tile-v1-06070	wl-neg-neg-es-pba-37122	neg-es-pba-37122	0	hard_negative	train	ES	Cova da Tara	-7.07268162650646	42.65595086447435	-7.07580858,42.65365119,-7.06955467,42.65825054	165904.32,4730388.52,166441.66,4730924.08	512	Elevacion25830_5	https://servicios.idee.es/wcs-inspire/mdt	data/external/weak-label-relief-v1/train/negative/wl-tile-v1-06070-neg-es-pba-37122-mdt5.tif	downloaded	valid	107	107	5.022	5.005	EPSG:25830	1.000000	782.000	981.000	23378	1		https://servicios.idee.es/wcs-inspire/mdt?SERVICE=WCS&VERSION=2.0.1&REQUEST=GetCoverage&COVERAGEID=Elevacion25830_5&FORMAT=image%2Ftiff&SUBSET=x%28165904.32%2C166441.66%29&SUBSET=y%284730388.52%2C4730924.08%29	2026-08-01T00:00:00Z
weak-relief-wcs-v1-00450	wl-tile-v1-05866	wl-neg-neg-es-pba-32412	neg-es-pba-32412	0	hard_negative	train	ES	Cova de Bermún	-7.39460693971804	42.69012474149249	-7.39773562,42.68782506,-7.39147826,42.69242442	139709.58,4735506.96,140248.91,4736044.52	512	Elevacion25830_5	https://servicios.idee.es/wcs-inspire/mdt	data/external/weak-label-relief-v1/train/negative/wl-tile-v1-05866-neg-es-pba-32412-mdt5.tif	downloaded	valid	108	108	4.994	4.977	EPSG:25830	1.000000	598.000	660.000	23808	1		https://servicios.idee.es/wcs-inspire/mdt?SERVICE=WCS&VERSION=2.0.1&REQUEST=GetCoverage&COVERAGEID=Elevacion25830_5&FORMAT=image%2Ftiff&SUBSET=x%28139709.58%2C140248.91%29&SUBSET=y%284735506.96%2C4736044.52%29	2026-08-01T00:00:00Z
weak-relief-wcs-v1-00451	wl-tile-v1-06341	wl-neg-neg-es-pba-41318	neg-es-pba-41318	0	hard_negative	train	ES	Cova de Cal de Mourelle	-7.834661635271282	42.71666490955355	-7.83779165,42.71436523,-7.83153162,42.71896459	103820.01,4740426.89,104362.05,4740967.18	512	Elevacion25830_5	https://servicios.idee.es/wcs-inspire/mdt	data/external/weak-label-relief-v1/train/negative/wl-tile-v1-06341-neg-es-pba-41318-mdt5.tif	downloaded	valid	108	108	5.019	5.003	EPSG:25830	1.000000	650.000	724.000	23808	1		https://servicios.idee.es/wcs-inspire/mdt?SERVICE=WCS&VERSION=2.0.1&REQUEST=GetCoverage&COVERAGEID=Elevacion25830_5&FORMAT=image%2Ftiff&SUBSET=x%28103820.01%2C104362.05%29&SUBSET=y%284740426.89%2C4740967.18%29	2026-08-01T00:00:00Z
weak-relief-wcs-v1-00452	wl-tile-v1-06342	wl-neg-neg-es-pba-41319	neg-es-pba-41319	0	hard_negative	train	ES	Cova de Fonteboa	-7.755473413911815	42.73406695134006	-7.75860431,42.73176727,-7.75234252,42.73636663	110415.24,4741990.95,110956.80,4742530.76	512	Elevacion25830_5	https://servicios.idee.es/wcs-inspire/mdt	data/external/weak-label-relief-v1/train/negative/wl-tile-v1-06342-neg-es-pba-41319-mdt5.tif	downloaded	valid	108	108	5.014	4.998	EPSG:25830	1.000000	539.000	603.000	23808	1		https://servicios.idee.es/wcs-inspire/mdt?SERVICE=WCS&VERSION=2.0.1&REQUEST=GetCoverage&COVERAGEID=Elevacion25830_5&FORMAT=image%2Ftiff&SUBSET=x%28110415.24%2C110956.80%29&SUBSET=y%284741990.95%2C4742530.76%29	2026-08-01T00:00:00Z
weak-relief-wcs-v1-00453	wl-tile-v1-05684	wl-neg-neg-es-pba-34502	neg-es-pba-34502	0	hard_negative	train	ES	Cova de Furada dos Cas	-7.321921298686302	43.463348298748485	-7.32508971,43.46104862,-7.31875289,43.46564798	150098.14,4821082.06,150637.39,4821619.59	512	Elevacion25830_5	https://servicios.idee.es/wcs-inspire/mdt	data/external/weak-label-relief-v1/train/negative/wl-tile-v1-05684-neg-es-pba-34502-mdt5.tif	downloaded	valid	108	108	4.993	4.977	EPSG:25830	1.000000	143.000	297.000	23808	1		https://servicios.idee.es/wcs-inspire/mdt?SERVICE=WCS&VERSION=2.0.1&REQUEST=GetCoverage&COVERAGEID=Elevacion25830_5&FORMAT=image%2Ftiff&SUBSET=x%28150098.14%2C150637.39%29&SUBSET=y%284821082.06%2C4821619.59%29	2026-08-01T00:00:00Z
weak-relief-wcs-v1-00454	wl-tile-v1-06308	wl-neg-neg-es-pba-42121	neg-es-pba-42121	0	hard_negative	train	ES	Cova de Gaspar	-7.411327273998203	42.756780613284754	-7.41445932,42.75448094,-7.40819523,42.75908029	138727.01,4742981.84,139266.47,4743519.53	512	Elevacion25830_5	https://servicios.idee.es/wcs-inspire/mdt	data/external/weak-label-relief-v1/train/negative/wl-tile-v1-06308-neg-es-pba-42121-mdt5.tif	downloaded	valid	108	108	4.995	4.979	EPSG:25830	1.000000	430.000	540.000	23808	1		https://servicios.idee.es/wcs-inspire/mdt?SERVICE=WCS&VERSION=2.0.1&REQUEST=GetCoverage&COVERAGEID=Elevacion25830_5&FORMAT=image%2Ftiff&SUBSET=x%28138727.01%2C139266.47%29&SUBSET=y%284742981.84%2C4743519.53%29	2026-08-01T00:00:00Z
weak-relief-wcs-v1-00455	wl-tile-v1-06072	wl-neg-neg-es-pba-38398	neg-es-pba-38398	0	hard_negative	train	ES	Cova de Praducelo	-7.373602630036911	43.09358382835363	-7.37675184,43.09128415,-7.37045342,43.09588350	143763.30,4780229.72,144302.68,4780767.37	512	Elevacion25830_5	https://servicios.idee.es/wcs-inspire/mdt	data/external/weak-label-relief-v1/train/negative/wl-tile-v1-06072-neg-es-pba-38398-mdt5.tif	downloaded	valid	108	108	4.994	4.978	EPSG:25830	1.000000	588.000	663.000	23808	1		https://servicios.idee.es/wcs-inspire/mdt?SERVICE=WCS&VERSION=2.0.1&REQUEST=GetCoverage&COVERAGEID=Elevacion25830_5&FORMAT=image%2Ftiff&SUBSET=x%28143763.30%2C144302.68%29&SUBSET=y%284780229.72%2C4780767.37%29	2026-08-01T00:00:00Z
weak-relief-wcs-v1-00456	wl-tile-v1-05653	wl-neg-neg-es-pba-31692	neg-es-pba-31692	0	hard_negative	train	ES	Cova de Saballeiros	-7.221813193567004	42.822395677487314	-7.22494856,42.82009600,-7.21867783,42.82469535	154604.26,4749475.26,155142.59,4750011.82	512	Elevacion25830_5	https://servicios.idee.es/wcs-inspire/mdt	data/external/weak-label-relief-v1/train/negative/wl-tile-v1-05653-neg-es-pba-31692-mdt5.tif	downloaded	valid	108	107	4.985	5.015	EPSG:25830	1.000000	830.000	986.000	23592	1		https://servicios.idee.es/wcs-inspire/mdt?SERVICE=WCS&VERSION=2.0.1&REQUEST=GetCoverage&COVERAGEID=Elevacion25830_5&FORMAT=image%2Ftiff&SUBSET=x%28154604.26%2C155142.59%29&SUBSET=y%284749475.26%2C4750011.82%29	2026-08-01T00:00:00Z
weak-relief-wcs-v1-00457	wl-tile-v1-06071	wl-neg-neg-es-pba-37123	neg-es-pba-37123	0	hard_negative	train	ES	Cova de Val de Galiñas	-7.019792620925066	42.72069065360677	-7.02292284,42.71839098,-7.01666240,42.72299033	170582.83,4737371.13,171119.87,4737906.40	512	Elevacion25830_5	https://servicios.idee.es/wcs-inspire/mdt	data/external/weak-label-relief-v1/train/negative/wl-tile-v1-06071-neg-es-pba-37123-mdt5.tif	downloaded	valid	107	107	5.019	5.003	EPSG:25830	1.000000	1039.000	1242.000	23378	1		https://servicios.idee.es/wcs-inspire/mdt?SERVICE=WCS&VERSION=2.0.1&REQUEST=GetCoverage&COVERAGEID=Elevacion25830_5&FORMAT=image%2Ftiff&SUBSET=x%28170582.83%2C171119.87%29&SUBSET=y%284737371.13%2C4737906.40%29	2026-08-01T00:00:00Z
weak-relief-wcs-v1-00458	wl-tile-v1-05685	wl-neg-neg-es-pba-34503	neg-es-pba-34503	0	hard_negative	train	ES	Cova do Rei Cintolo	-7.369231512591018	43.39503519418825	-7.37239635,43.39273552,-7.36606668,43.39733487	145871.78,4813694.18,146411.29,4814231.96	512	Elevacion25830_5	https://servicios.idee.es/wcs-inspire/mdt	data/external/weak-label-relief-v1/train/negative/wl-tile-v1-05685-neg-es-pba-34503-mdt5.tif	downloaded	valid	108	108	4.995	4.979	EPSG:25830	1.000000	222.000	448.000	23808	1		https://servicios.idee.es/wcs-inspire/mdt?SERVICE=WCS&VERSION=2.0.1&REQUEST=GetCoverage&COVERAGEID=Elevacion25830_5&FORMAT=image%2Ftiff&SUBSET=x%28145871.78%2C146411.29%29&SUBSET=y%284813694.18%2C4814231.96%29	2026-08-01T00:00:00Z
weak-relief-wcs-v1-00459	wl-tile-v1-05771	wl-neg-neg-es-pba-34823	neg-es-pba-34823	0	hard_negative	train	ES	Cova dos Mouros	-6.97703959307873	42.99848796883382	-6.98018393,42.99618829,-6.97389526,43.00078765	175543.16,4768058.93,176080.06,4768594.08	512	Elevacion25830_5	https://servicios.idee.es/wcs-inspire/mdt	data/external/weak-label-relief-v1/train/negative/wl-tile-v1-05771-neg-es-pba-34823-mdt5.tif	downloaded	valid	107	107	5.018	5.001	EPSG:25830	1.000000	561.000	767.000	23378	1		https://servicios.idee.es/wcs-inspire/mdt?SERVICE=WCS&VERSION=2.0.1&REQUEST=GetCoverage&COVERAGEID=Elevacion25830_5&FORMAT=image%2Ftiff&SUBSET=x%28175543.16%2C176080.06%29&SUBSET=y%284768058.93%2C4768594.08%29	2026-08-01T00:00:00Z
weak-relief-wcs-v1-00460	wl-tile-v1-08276	wl-neg-neg-es-pba-64133	neg-es-pba-64133	0	hard_negative	train	ES	Cruceiro da Mámoa	-8.37952151466848	42.58781896150023	-8.38264505,42.58551928,-8.37639798,42.59011864	58276.90,4728818.62,58822.22,4729362.20	512	Elevacion25830_5	https://servicios.idee.es/wcs-inspire/mdt	data/external/weak-label-relief-v1/train/negative/wl-tile-v1-08276-neg-es-pba-64133-mdt5.tif	downloaded	valid	109	109	5.003	4.987	EPSG:25830	1.000000	614.000	705.000	24242	1		https://servicios.idee.es/wcs-inspire/mdt?SERVICE=WCS&VERSION=2.0.1&REQUEST=GetCoverage&COVERAGEID=Elevacion25830_5&FORMAT=image%2Ftiff&SUBSET=x%2858276.90%2C58822.22%29&SUBSET=y%284728818.62%2C4729362.20%29	2026-08-01T00:00:00Z
weak-relief-wcs-v1-00461	wl-tile-v1-07446	wl-neg-neg-es-pba-65445	neg-es-pba-65445	0	hard_negative	train	ES	Cruces de Porto María Albiña	-8.882341755125191	41.9158778496458	-8.88543219,41.91357817,-8.87925132,41.91817753	11830.73,4656925.59,12378.75,4657471.83	512	Elevacion25830_5	https://servicios.idee.es/wcs-inspire/mdt	data/external/weak-label-relief-v1/train/negative/wl-tile-v1-07446-neg-es-pba-65445-mdt5.tif	downloaded	valid	110	109	4.982	5.011	EPSG:25830	1.000000	0.000	50.000	24460	1		https://servicios.idee.es/wcs-inspire/mdt?SERVICE=WCS&VERSION=2.0.1&REQUEST=GetCoverage&COVERAGEID=Elevacion25830_5&FORMAT=image%2Ftiff&SUBSET=x%2811830.73%2C12378.75%29&SUBSET=y%284656925.59%2C4657471.83%29	2026-08-01T00:00:00Z
weak-relief-wcs-v1-00462	wl-tile-v1-06841	wl-neg-neg-es-pba-45431	neg-es-pba-45431	0	hard_negative	train	ES	Cruces do Pisón	-7.740041538444203	41.91465440428727	-7.74313192,41.91235473,-7.73695116,41.91695408	106597.69,4650907.25,107138.74,4651446.49	512	Elevacion25830_5	https://servicios.idee.es/wcs-inspire/mdt	data/external/weak-label-relief-v1/train/negative/wl-tile-v1-06841-neg-es-pba-45431-mdt5.tif	downloaded	valid	108	108	5.010	4.993	EPSG:25830	1.000000	900.000	1041.000	23808	1		https://servicios.idee.es/wcs-inspire/mdt?SERVICE=WCS&VERSION=2.0.1&REQUEST=GetCoverage&COVERAGEID=Elevacion25830_5&FORMAT=image%2Ftiff&SUBSET=x%28106597.69%2C107138.74%29&SUBSET=y%284650907.25%2C4651446.49%29	2026-08-01T00:00:00Z
weak-relief-wcs-v1-00463	wl-tile-v1-03609	wl-neg-neg-es-pba-11325	neg-es-pba-11325	0	hard_negative	train	ES	Cruz da Mámoa 1	-8.040262056990972	43.270502486975744	-8.04342041,43.26820281,-8.03710371,43.27280216	90679.27,4802932.32,91222.88,4803474.21	512	Elevacion25830_5	https://servicios.idee.es/wcs-inspire/mdt	data/external/weak-label-relief-v1/train/negative/wl-tile-v1-03609-neg-es-pba-11325-mdt5.tif	downloaded	valid	109	108	4.987	5.017	EPSG:25830	1.000000	406.000	440.000	24024	1		https://servicios.idee.es/wcs-inspire/mdt?SERVICE=WCS&VERSION=2.0.1&REQUEST=GetCoverage&COVERAGEID=Elevacion25830_5&FORMAT=image%2Ftiff&SUBSET=x%2890679.27%2C91222.88%29&SUBSET=y%284802932.32%2C4803474.21%29	2026-08-01T00:00:00Z
weak-relief-wcs-v1-00464	wl-tile-v1-03610	wl-neg-neg-es-pba-11326	neg-es-pba-11326	0	hard_negative	train	ES	Cruz da Mámoa 2	-8.040257486409804	43.27006616837183	-8.04341581,43.26776649,-8.03709916,43.27236584	90676.72,4802883.83,91220.32,4803425.72	512	Elevacion25830_5	https://servicios.idee.es/wcs-inspire/mdt	data/external/weak-label-relief-v1/train/negative/wl-tile-v1-03610-neg-es-pba-11326-mdt5.tif	downloaded	valid	109	108	4.987	5.017	EPSG:25830	1.000000	404.000	440.000	24024	1		https://servicios.idee.es/wcs-inspire/mdt?SERVICE=WCS&VERSION=2.0.1&REQUEST=GetCoverage&COVERAGEID=Elevacion25830_5&FORMAT=image%2Ftiff&SUBSET=x%2890676.72%2C91220.32%29&SUBSET=y%284802883.83%2C4803425.72%29	2026-08-01T00:00:00Z
weak-relief-wcs-v1-00465	wl-tile-v1-04840	wl-neg-neg-es-pba-25648	neg-es-pba-25648	0	hard_negative	train	ES	Dolmen Mina de Caxadas	-9.045034404023562	43.07856184982804	-9.04818284,43.07626217,-9.04188596,43.08086153	7571.07,4787031.72,8120.81,4787579.76	512	Elevacion25830_5	https://servicios.idee.es/wcs-inspire/mdt	data/external/weak-label-relief-v1/train/negative/wl-tile-v1-04840-neg-es-pba-25648-mdt5.tif	downloaded	valid	110	110	4.998	4.982	EPSG:25830	1.000000	221.000	259.000	24680	1		https://servicios.idee.es/wcs-inspire/mdt?SERVICE=WCS&VERSION=2.0.1&REQUEST=GetCoverage&COVERAGEID=Elevacion25830_5&FORMAT=image%2Ftiff&SUBSET=x%287571.07%2C8120.81%29&SUBSET=y%284787031.72%2C4787579.76%29	2026-08-01T00:00:00Z
weak-relief-wcs-v1-00466	wl-tile-v1-03636	wl-neg-neg-es-pba-12929	neg-es-pba-12929	0	hard_negative	train	ES	Dolmen Pedra da Arca	-8.817762486127148	43.296589227439355	-8.82092219,43.29428955,-8.81460278,43.29888890	27768.19,4809939.23,28316.65,4810485.99	512	Elevacion25830_5	https://servicios.idee.es/wcs-inspire/mdt	data/external/weak-label-relief-v1/train/negative/wl-tile-v1-03636-neg-es-pba-12929-mdt5.tif	downloaded	valid	110	109	4.986	5.016	EPSG:25830	1.000000	79.000	97.000	24460	1		https://servicios.idee.es/wcs-inspire/mdt?SERVICE=WCS&VERSION=2.0.1&REQUEST=GetCoverage&COVERAGEID=Elevacion25830_5&FORMAT=image%2Ftiff&SUBSET=x%2827768.19%2C28316.65%29&SUBSET=y%284809939.23%2C4810485.99%29	2026-08-01T00:00:00Z
weak-relief-wcs-v1-00467	wl-tile-v1-04281	wl-neg-neg-es-pba-21191	neg-es-pba-21191	0	hard_negative	train	ES	Dolmen das Derramadas	-8.45631290570226	42.87687751813988	-8.45945104,42.87457784,-8.45317478,42.87917719	54054.67,4761332.29,54600.64,4761876.53	512	Elevacion25830_5	https://servicios.idee.es/wcs-inspire/mdt	data/external/weak-label-relief-v1/train/negative/wl-tile-v1-04281-neg-es-pba-21191-mdt5.tif	downloaded	valid	109	109	5.009	4.993	EPSG:25830	1.000000	393.000	431.000	24242	1		https://servicios.idee.es/wcs-inspire/mdt?SERVICE=WCS&VERSION=2.0.1&REQUEST=GetCoverage&COVERAGEID=Elevacion25830_5&FORMAT=image%2Ftiff&SUBSET=x%2854054.67%2C54600.64%29&SUBSET=y%284761332.29%2C4761876.53%29	2026-08-01T00:00:00Z
weak-relief-wcs-v1-00468	wl-tile-v1-06680	wl-neg-neg-es-pba-30461	neg-es-pba-30461	0	hard_negative	train	ES	Dolmen de Capeirón	-7.819957810655253	43.295747729844365	-7.82311747,43.29344805,-7.81679815,43.29804741	108723.73,4804679.88,109265.99,4805220.42	512	Elevacion25830_5	https://servicios.idee.es/wcs-inspire/mdt	data/external/weak-label-relief-v1/train/negative/wl-tile-v1-06680-neg-es-pba-30461-mdt5.tif	downloaded	valid	108	108	5.021	5.005	EPSG:25830	1.000000	511.000	550.000	23808	1		https://servicios.idee.es/wcs-inspire/mdt?SERVICE=WCS&VERSION=2.0.1&REQUEST=GetCoverage&COVERAGEID=Elevacion25830_5&FORMAT=image%2Ftiff&SUBSET=x%28108723.73%2C109265.99%29&SUBSET=y%284804679.88%2C4805220.42%29	2026-08-01T00:00:00Z
weak-relief-wcs-v1-00469	wl-tile-v1-06257	wl-neg-neg-es-pba-40367	neg-es-pba-40367	0	hard_negative	train	ES	Dolmen de Carballons 2	-7.228695144922765	43.179777185977336	-7.23184880,43.17747751,-7.22554149,43.18207686	156043.18,4789197.62,156581.71,4789734.41	512	Elevacion25830_5	https://servicios.idee.es/wcs-inspire/mdt	data/external/weak-label-relief-v1/train/negative/wl-tile-v1-06257-neg-es-pba-40367-mdt5.tif	downloaded	valid	108	107	4.986	5.017	EPSG:25830	1.000000	642.000	746.000	23592	1		https://servicios.idee.es/wcs-inspire/mdt?SERVICE=WCS&VERSION=2.0.1&REQUEST=GetCoverage&COVERAGEID=Elevacion25830_5&FORMAT=image%2Ftiff&SUBSET=x%28156043.18%2C156581.71%29&SUBSET=y%284789197.62%2C4789734.41%29	2026-08-01T00:00:00Z
weak-relief-wcs-v1-00470	wl-tile-v1-06256	wl-neg-neg-es-pba-40366	neg-es-pba-40366	0	hard_negative	train	ES	Dolmen de Carballóns 1	-7.229020705184097	43.1800073404916	-7.23217437,43.17770766,-7.22586704,43.18230702	156018.01,4789224.52,156556.54,4789761.32	512	Elevacion25830_5	https://servicios.idee.es/wcs-inspire/mdt	data/external/weak-label-relief-v1/train/negative/wl-tile-v1-06256-neg-es-pba-40366-mdt5.tif	downloaded	valid	108	107	4.986	5.017	EPSG:25830	1.000000	641.000	749.000	23592	1		https://servicios.idee.es/wcs-inspire/mdt?SERVICE=WCS&VERSION=2.0.1&REQUEST=GetCoverage&COVERAGEID=Elevacion25830_5&FORMAT=image%2Ftiff&SUBSET=x%28156018.01%2C156556.54%29&SUBSET=y%284789224.52%2C4789761.32%29	2026-08-01T00:00:00Z
weak-relief-wcs-v1-00471	wl-tile-v1-03611	wl-neg-neg-es-pba-11086	neg-es-pba-11086	0	hard_negative	train	ES	Dolmen de Fornella dos Mouros	-9.00725445512168	43.167673140672775	-9.01040748,43.16537346,-9.00410143,43.16997282	11359.86,4796709.37,11909.42,4797257.23	512	Elevacion25830_5	https://servicios.idee.es/wcs-inspire/mdt	data/external/weak-label-relief-v1/train/negative/wl-tile-v1-03611-neg-es-pba-11086-mdt5.tif	downloaded	valid	110	110	4.996	4.981	EPSG:25830	1.000000	161.000	293.000	24680	1		https://servicios.idee.es/wcs-inspire/mdt?SERVICE=WCS&VERSION=2.0.1&REQUEST=GetCoverage&COVERAGEID=Elevacion25830_5&FORMAT=image%2Ftiff&SUBSET=x%2811359.86%2C11909.42%29&SUBSET=y%284796709.37%2C4797257.23%29	2026-08-01T00:00:00Z
weak-relief-wcs-v1-00472	wl-tile-v1-05000	wl-neg-neg-es-pba-27462	neg-es-pba-27462	0	hard_negative	train	ES	Dolmen de Pedra Vixía	-8.944253460380136	43.14460016998609	-8.94740530,43.14230049,-8.94110162,43.14689985	16300.40,4793779.54,16849.55,4794326.99	512	Elevacion25830_5	https://servicios.idee.es/wcs-inspire/mdt	data/external/weak-label-relief-v1/train/negative/wl-tile-v1-05000-neg-es-pba-27462-mdt5.tif	downloaded	valid	110	109	4.992	5.022	EPSG:25830	1.000000	170.000	207.000	24460	1		https://servicios.idee.es/wcs-inspire/mdt?SERVICE=WCS&VERSION=2.0.1&REQUEST=GetCoverage&COVERAGEID=Elevacion25830_5&FORMAT=image%2Ftiff&SUBSET=x%2816300.40%2C16849.55%29&SUBSET=y%284793779.54%2C4794326.99%29	2026-08-01T00:00:00Z
weak-relief-wcs-v1-00473	wl-tile-v1-07122	wl-neg-neg-es-pba-52270	neg-es-pba-52270	0	hard_negative	train	ES	Dolmen de Rebordondo	-7.529287537771944	41.97982704515837	-7.53238108,41.97752737,-7.52619400,41.98212672	124465.23,4657199.44,125005.03,4657737.43	512	Elevacion25830_5	https://servicios.idee.es/wcs-inspire/mdt	data/external/weak-label-relief-v1/train/negative/wl-tile-v1-07122-neg-es-pba-52270-mdt5.tif	downloaded	valid	108	108	4.998	4.981	EPSG:25830	1.000000	629.000	691.000	23808	1		https://servicios.idee.es/wcs-inspire/mdt?SERVICE=WCS&VERSION=2.0.1&REQUEST=GetCoverage&COVERAGEID=Elevacion25830_5&FORMAT=image%2Ftiff&SUBSET=x%28124465.23%2C125005.03%29&SUBSET=y%284657199.44%2C4657737.43%29	2026-08-01T00:00:00Z
weak-relief-wcs-v1-00474	wl-tile-v1-05001	wl-neg-neg-es-pba-27491	neg-es-pba-27491	0	hard_negative	train	ES	Dolmen de Vermello	-8.93230303349373	43.1436111967842	-8.93545482,43.14131152,-8.92915125,43.14591087	17264.73,4793600.57,17813.81,4794147.94	512	Elevacion25830_5	https://servicios.idee.es/wcs-inspire/mdt	data/external/weak-label-relief-v1/train/negative/wl-tile-v1-05001-neg-es-pba-27491-mdt5.tif	downloaded	valid	110	109	4.992	5.022	EPSG:25830	1.000000	187.000	241.000	24460	1		https://servicios.idee.es/wcs-inspire/mdt?SERVICE=WCS&VERSION=2.0.1&REQUEST=GetCoverage&COVERAGEID=Elevacion25830_5&FORMAT=image%2Ftiff&SUBSET=x%2817264.73%2C17813.81%29&SUBSET=y%284793600.57%2C4794147.94%29	2026-08-01T00:00:00Z
weak-relief-wcs-v1-00475	wl-tile-v1-04003	wl-neg-neg-es-pba-17549	neg-es-pba-17549	0	hard_negative	train	ES	Dolmen do Cristo de Mouraz/Mámoa de Xuncos de Mouraz 5	-7.771808913918925	43.620511206729375	-7.77498559,43.61821153,-7.76863224,43.62281088	114701.58,4840529.26,115243.70,4841069.68	512	Elevacion25830_5	https://servicios.idee.es/wcs-inspire/mdt	data/external/weak-label-relief-v1/train/negative/wl-tile-v1-04003-neg-es-pba-17549-mdt5.tif	downloaded	valid	108	108	5.020	5.004	EPSG:25830	1.000000	340.000	429.000	23808	1		https://servicios.idee.es/wcs-inspire/mdt?SERVICE=WCS&VERSION=2.0.1&REQUEST=GetCoverage&COVERAGEID=Elevacion25830_5&FORMAT=image%2Ftiff&SUBSET=x%28114701.58%2C115243.70%29&SUBSET=y%284840529.26%2C4841069.68%29	2026-08-01T00:00:00Z
weak-relief-wcs-v1-00476	wl-tile-v1-07466	wl-neg-neg-es-pba-65633	neg-es-pba-65633	0	hard_negative	train	ES	Eira Vella/Sa	-8.858734118179939	41.891739514079354	-8.86182339,41.88943984,-8.85564485,41.89403919	13605.84,4654109.61,14153.69,4654655.69	512	Elevacion25830_5	https://servicios.idee.es/wcs-inspire/mdt	data/external/weak-label-relief-v1/train/negative/wl-tile-v1-07466-neg-es-pba-65633-mdt5.tif	downloaded	valid	110	109	4.980	5.010	EPSG:25830	1.000000	19.000	117.000	24460	1		https://servicios.idee.es/wcs-inspire/mdt?SERVICE=WCS&VERSION=2.0.1&REQUEST=GetCoverage&COVERAGEID=Elevacion25830_5&FORMAT=image%2Ftiff&SUBSET=x%2813605.84%2C14153.69%29&SUBSET=y%284654109.61%2C4654655.69%29	2026-08-01T00:00:00Z
weak-relief-wcs-v1-00477	wl-tile-v1-08696	wl-neg-neg-es-pba-67591	neg-es-pba-67591	0	hard_negative	train	ES	Entrepiñeiro/A Mina	-8.669173559103976	42.17464404927069	-8.67227661,42.17234437,-8.66607051,42.17694373	31429.34,4684476.19,31976.21,4685021.30	512	Elevacion25830_5	https://servicios.idee.es/wcs-inspire/mdt	data/external/weak-label-relief-v1/train/negative/wl-tile-v1-08696-neg-es-pba-67591-mdt5.tif	downloaded	valid	109	109	5.017	5.001	EPSG:25830	1.000000	386.000	501.000	24242	1		https://servicios.idee.es/wcs-inspire/mdt?SERVICE=WCS&VERSION=2.0.1&REQUEST=GetCoverage&COVERAGEID=Elevacion25830_5&FORMAT=image%2Ftiff&SUBSET=x%2831429.34%2C31976.21%29&SUBSET=y%284684476.19%2C4685021.30%29	2026-08-01T00:00:00Z
weak-relief-wcs-v1-00478	wl-tile-v1-05829	wl-neg-neg-es-pba-29551	neg-es-pba-29551	0	hard_negative	train	ES	Escola en Pedrafita	-7.423989960563384	42.961181201464	-7.42713239,42.95888152,-7.42084753,42.96348088	138885.25,4765738.96,139424.88,4766276.85	512	Elevacion25830_5	https://servicios.idee.es/wcs-inspire/mdt	data/external/weak-label-relief-v1/train/negative/wl-tile-v1-05829-neg-es-pba-29551-mdt5.tif	downloaded	valid	108	108	4.997	4.980	EPSG:25830	1.000000	447.000	459.000	23808	1		https://servicios.idee.es/wcs-inspire/mdt?SERVICE=WCS&VERSION=2.0.1&REQUEST=GetCoverage&COVERAGEID=Elevacion25830_5&FORMAT=image%2Ftiff&SUBSET=x%28138885.25%2C139424.88%29&SUBSET=y%284765738.96%2C4766276.85%29	2026-08-01T00:00:00Z
weak-relief-wcs-v1-00479	wl-tile-v1-06759	wl-neg-neg-es-pba-50710	neg-es-pba-50710	0	hard_negative	train	ES	Estela de Tameirón/Cabeza do Chinchón	-7.135894855896525	42.0617034847825	-7.13899238,42.05940381,-7.13279733,42.06400316	157506.58,4664641.74,158044.02,4665177.38	512	Elevacion25830_5	https://servicios.idee.es/wcs-inspire/mdt	data/external/weak-label-relief-v1/train/negative/wl-tile-v1-06759-neg-es-pba-50710-mdt5.tif	downloaded	valid	107	107	5.023	5.006	EPSG:25830	1.000000	939.000	984.000	23378	1		https://servicios.idee.es/wcs-inspire/mdt?SERVICE=WCS&VERSION=2.0.1&REQUEST=GetCoverage&COVERAGEID=Elevacion25830_5&FORMAT=image%2Ftiff&SUBSET=x%28157506.58%2C158044.02%29&SUBSET=y%284664641.74%2C4665177.38%29	2026-08-01T00:00:00Z
weak-relief-wcs-v1-00480	wl-tile-v1-05940	wl-neg-neg-es-pba-41478	neg-es-pba-41478	0	hard_negative	train	ES	Estrutura lítica de Vilatán	-7.6669014894405425	42.610584078295865	-7.67002617,42.60828440,-7.66377681,42.61288375	116908.99,4727870.18,117449.94,4728409.38	512	Elevacion25830_5	https://servicios.idee.es/wcs-inspire/mdt	data/external/weak-label-relief-v1/train/negative/wl-tile-v1-05940-neg-es-pba-41478-mdt5.tif	downloaded	valid	108	108	5.009	4.993	EPSG:25830	1.000000	505.000	603.000	23808	1		https://servicios.idee.es/wcs-inspire/mdt?SERVICE=WCS&VERSION=2.0.1&REQUEST=GetCoverage&COVERAGEID=Elevacion25830_5&FORMAT=image%2Ftiff&SUBSET=x%28116908.99%2C117449.94%29&SUBSET=y%284727870.18%2C4728409.38%29	2026-08-01T00:00:00Z
weak-relief-wcs-v1-00481	wl-tile-v1-06225	wl-neg-neg-es-pba-40491	neg-es-pba-40491	0	hard_negative	train	ES	Explotación mineira da Escrita	-7.264437530684427	42.42848325004483	-7.26755312,42.42618357,-7.26132194,42.43078293	148909.99,4705900.43,149448.40,4706437.06	512	Elevacion25830_5	https://servicios.idee.es/wcs-inspire/mdt	data/external/weak-label-relief-v1/train/negative/wl-tile-v1-06225-neg-es-pba-40491-mdt5.tif	downloaded	valid	108	107	4.985	5.015	EPSG:25830	1.000000	688.000	891.000	23592	1		https://servicios.idee.es/wcs-inspire/mdt?SERVICE=WCS&VERSION=2.0.1&REQUEST=GetCoverage&COVERAGEID=Elevacion25830_5&FORMAT=image%2Ftiff&SUBSET=x%28148909.99%2C149448.40%29&SUBSET=y%284705900.43%2C4706437.06%29	2026-08-01T00:00:00Z
weak-relief-wcs-v1-00482	wl-tile-v1-05103	wl-neg-neg-es-pba-28400	neg-es-pba-28400	0	hard_negative	train	ES	Explotación mineira da Granxa de Constantín	-7.739952719087624	43.155348465311995	-7.74310511,43.15304879,-7.73680033,43.15764814	114329.47,4788712.91,114871.15,4789252.87	512	Elevacion25830_5	https://servicios.idee.es/wcs-inspire/mdt	data/external/weak-label-relief-v1/train/negative/wl-tile-v1-05103-neg-es-pba-28400-mdt5.tif	downloaded	valid	108	108	5.016	5.000	EPSG:25830	1.000000	409.000	454.000	23808	1		https://servicios.idee.es/wcs-inspire/mdt?SERVICE=WCS&VERSION=2.0.1&REQUEST=GetCoverage&COVERAGEID=Elevacion25830_5&FORMAT=image%2Ftiff&SUBSET=x%28114329.47%2C114871.15%29&SUBSET=y%284788712.91%2C4789252.87%29	2026-08-01T00:00:00Z
weak-relief-wcs-v1-00483	wl-tile-v1-05104	wl-neg-neg-es-pba-28401	neg-es-pba-28401	0	hard_negative	train	ES	Explotación mineira da Graña	-7.743357961505704	43.151333991161835	-7.74651015,43.14903431,-7.74020578,43.15363367	114027.24,4788282.70,114568.94,4788822.68	512	Elevacion25830_5	https://servicios.idee.es/wcs-inspire/mdt	data/external/weak-label-relief-v1/train/negative/wl-tile-v1-05104-neg-es-pba-28401-mdt5.tif	downloaded	valid	108	108	5.016	5.000	EPSG:25830	1.000000	420.000	455.000	23808	1		https://servicios.idee.es/wcs-inspire/mdt?SERVICE=WCS&VERSION=2.0.1&REQUEST=GetCoverage&COVERAGEID=Elevacion25830_5&FORMAT=image%2Ftiff&SUBSET=x%28114027.24%2C114568.94%29&SUBSET=y%284788282.70%2C4788822.68%29	2026-08-01T00:00:00Z
weak-relief-wcs-v1-00484	wl-tile-v1-07786	wl-neg-neg-es-pba-59720	neg-es-pba-59720	0	hard_negative	train	ES	Explotación mineira da Lagoa/A Cova	-8.308010196579684	42.10819989606412	-8.31110999,42.10590022,-8.30491040,42.11049957	60812.60,4675171.52,61357.22,4675714.36	512	Elevacion25830_5	https://servicios.idee.es/wcs-inspire/mdt	data/external/weak-label-relief-v1/train/negative/wl-tile-v1-07786-neg-es-pba-59720-mdt5.tif	downloaded	valid	109	109	4.997	4.980	EPSG:25830	1.000000	57.000	111.000	24242	1		https://servicios.idee.es/wcs-inspire/mdt?SERVICE=WCS&VERSION=2.0.1&REQUEST=GetCoverage&COVERAGEID=Elevacion25830_5&FORMAT=image%2Ftiff&SUBSET=x%2860812.60%2C61357.22%29&SUBSET=y%284675171.52%2C4675714.36%29	2026-08-01T00:00:00Z
weak-relief-wcs-v1-00485	wl-tile-v1-09017	wl-neg-neg-es-pba-76507	neg-es-pba-76507	0	hard_negative	train	ES	Explotación mineira da Lomba	-8.51383544744191	42.18190071932189	-8.51693885,42.17960104,-8.51073204,42.18420040	44317.57,4684439.07,44863.49,4684983.22	512	Elevacion25830_5	https://servicios.idee.es/wcs-inspire/mdt	data/external/weak-label-relief-v1/train/negative/wl-tile-v1-09017-neg-es-pba-76507-mdt5.tif	downloaded	valid	109	109	5.008	4.992	EPSG:25830	1.000000	15.000	44.000	24242	1		https://servicios.idee.es/wcs-inspire/mdt?SERVICE=WCS&VERSION=2.0.1&REQUEST=GetCoverage&COVERAGEID=Elevacion25830_5&FORMAT=image%2Ftiff&SUBSET=x%2844317.57%2C44863.49%29&SUBSET=y%284684439.07%2C4684983.22%29	2026-08-01T00:00:00Z
weak-relief-wcs-v1-00486	wl-tile-v1-09018	wl-neg-neg-es-pba-76508	neg-es-pba-76508	0	hard_negative	train	ES	Explotación mineira da Ribeira	-8.51600247859025	42.1738998055442	-8.51910549,42.17160013,-8.51289946,42.17619948	44080.90,4683561.90,44626.82,4684106.06	512	Elevacion25830_5	https://servicios.idee.es/wcs-inspire/mdt	data/external/weak-label-relief-v1/train/negative/wl-tile-v1-09018-neg-es-pba-76508-mdt5.tif	downloaded	valid	109	109	5.008	4.992	EPSG:25830	1.000000	13.000	59.000	24242	1		https://servicios.idee.es/wcs-inspire/mdt?SERVICE=WCS&VERSION=2.0.1&REQUEST=GetCoverage&COVERAGEID=Elevacion25830_5&FORMAT=image%2Ftiff&SUBSET=x%2844080.90%2C44626.82%29&SUBSET=y%284683561.90%2C4684106.06%29	2026-08-01T00:00:00Z
weak-relief-wcs-v1-00487	wl-tile-v1-09358	wl-neg-neg-es-pba-71280	neg-es-pba-71280	0	hard_negative	train	ES	Explotación mineira das Chans de Tebra	-8.732871738888477	42.054362322318354	-8.73596891,42.05206265,-8.72977457,42.05666200	25266.15,4671467.12,25813.34,4672012.53	512	Elevacion25830_5	https://servicios.idee.es/wcs-inspire/mdt	data/external/weak-label-relief-v1/train/negative/wl-tile-v1-09358-neg-es-pba-71280-mdt5.tif	downloaded	valid	109	109	5.020	5.004	EPSG:25830	1.000000	189.000	390.000	24242	1		https://servicios.idee.es/wcs-inspire/mdt?SERVICE=WCS&VERSION=2.0.1&REQUEST=GetCoverage&COVERAGEID=Elevacion25830_5&FORMAT=image%2Ftiff&SUBSET=x%2825266.15%2C25813.34%29&SUBSET=y%284671467.12%2C4672012.53%29	2026-08-01T00:00:00Z
weak-relief-wcs-v1-00488	wl-tile-v1-07857	wl-neg-neg-es-pba-60223	neg-es-pba-60223	0	hard_negative	train	ES	Explotación mineira das Insuas	-8.819038707321273	42.099962203414805	-8.82213810,42.09766253,-8.81593931,42.10226188	18478.06,4677015.82,19025.80,4677561.80	512	Elevacion25830_5	https://servicios.idee.es/wcs-inspire/mdt	data/external/weak-label-relief-v1/train/negative/wl-tile-v1-07857-neg-es-pba-60223-mdt5.tif	downloaded	valid	110	109	4.979	5.009	EPSG:25830	1.000000	18.000	82.000	24460	1		https://servicios.idee.es/wcs-inspire/mdt?SERVICE=WCS&VERSION=2.0.1&REQUEST=GetCoverage&COVERAGEID=Elevacion25830_5&FORMAT=image%2Ftiff&SUBSET=x%2818478.06%2C19025.80%29&SUBSET=y%284677015.82%2C4677561.80%29	2026-08-01T00:00:00Z
weak-relief-wcs-v1-00489	wl-tile-v1-09359	wl-neg-neg-es-pba-71281	neg-es-pba-71281	0	hard_negative	train	ES	Explotación mineira das Torres	-8.720846766474482	42.00063768031246	-8.72394132,41.99833800,-8.71775222,42.00293736	25861.46,4665432.21,26408.54,4665977.52	512	Elevacion25830_5	https://servicios.idee.es/wcs-inspire/mdt	data/external/weak-label-relief-v1/train/negative/wl-tile-v1-09359-neg-es-pba-71281-mdt5.tif	downloaded	valid	109	109	5.019	5.003	EPSG:25830	1.000000	18.000	57.000	24242	1		https://servicios.idee.es/wcs-inspire/mdt?SERVICE=WCS&VERSION=2.0.1&REQUEST=GetCoverage&COVERAGEID=Elevacion25830_5&FORMAT=image%2Ftiff&SUBSET=x%2825861.46%2C26408.54%29&SUBSET=y%284665432.21%2C4665977.52%29	2026-08-01T00:00:00Z
weak-relief-wcs-v1-00490	wl-tile-v1-05654	wl-neg-neg-es-pba-31696	neg-es-pba-31696	0	hard_negative	train	ES	Explotación mineira de Monte Trandeira	-7.295232410387848	42.83253945231191	-7.29836829,42.83023978,-7.29209653,42.83483913	148658.80,4750905.51,149197.58,4751442.54	512	Elevacion25830_5	https://servicios.idee.es/wcs-inspire/mdt	data/external/weak-label-relief-v1/train/negative/wl-tile-v1-05654-neg-es-pba-31696-mdt5.tif	downloaded	valid	108	107	4.989	5.019	EPSG:25830	1.000000	545.000	686.000	23592	1		https://servicios.idee.es/wcs-inspire/mdt?SERVICE=WCS&VERSION=2.0.1&REQUEST=GetCoverage&COVERAGEID=Elevacion25830_5&FORMAT=image%2Ftiff&SUBSET=x%28148658.80%2C149197.58%29&SUBSET=y%284750905.51%2C4751442.54%29	2026-08-01T00:00:00Z
weak-relief-wcs-v1-00491	wl-tile-v1-05105	wl-neg-neg-es-pba-28402	neg-es-pba-28402	0	hard_negative	train	ES	Explotación mineira de Pena Moura	-7.762690641236072	43.15829401181744	-7.76584319,43.15599434,-7.75953810,43.16059369	112498.98,4789145.14,113040.81,4789685.24	512	Elevacion25830_5	https://servicios.idee.es/wcs-inspire/mdt	data/external/weak-label-relief-v1/train/negative/wl-tile-v1-05105-neg-es-pba-28402-mdt5.tif	downloaded	valid	108	108	5.017	5.001	EPSG:25830	1.000000	435.000	493.000	23808	1		https://servicios.idee.es/wcs-inspire/mdt?SERVICE=WCS&VERSION=2.0.1&REQUEST=GetCoverage&COVERAGEID=Elevacion25830_5&FORMAT=image%2Ftiff&SUBSET=x%28112498.98%2C113040.81%29&SUBSET=y%284789145.14%2C4789685.24%29	2026-08-01T00:00:00Z
weak-relief-wcs-v1-00492	wl-tile-v1-08277	wl-neg-neg-es-pba-64195	neg-es-pba-64195	0	hard_negative	train	ES	Explotación mineira de Prado do Muíño Entrerríos	-8.324286778345321	42.620015795845	-8.32741193,42.61771612,-8.32116163,42.62231547	63036.41,4732107.81,63581.42,4732651.06	512	Elevacion25830_5	https://servicios.idee.es/wcs-inspire/mdt	data/external/weak-label-relief-v1/train/negative/wl-tile-v1-08277-neg-es-pba-64195-mdt5.tif	downloaded	valid	109	109	5.000	4.984	EPSG:25830	1.000000	571.000	691.000	24242	1		https://servicios.idee.es/wcs-inspire/mdt?SERVICE=WCS&VERSION=2.0.1&REQUEST=GetCoverage&COVERAGEID=Elevacion25830_5&FORMAT=image%2Ftiff&SUBSET=x%2863036.41%2C63581.42%29&SUBSET=y%284732107.81%2C4732651.06%29	2026-08-01T00:00:00Z
weak-relief-wcs-v1-00493	wl-tile-v1-06226	wl-neg-neg-es-pba-40492	neg-es-pba-40492	0	hard_negative	train	ES	Explotación mineira do Covallón	-7.27283628672123	42.42710067727647	-7.27595180,42.42480100,-7.26972077,42.42940035	148211.18,4705781.65,148749.63,4706318.32	512	Elevacion25830_5	https://servicios.idee.es/wcs-inspire/mdt	data/external/weak-label-relief-v1/train/negative/wl-tile-v1-06226-neg-es-pba-40492-mdt5.tif	downloaded	valid	108	107	4.986	5.016	EPSG:25830	1.000000	710.000	955.000	23592	1		https://servicios.idee.es/wcs-inspire/mdt?SERVICE=WCS&VERSION=2.0.1&REQUEST=GetCoverage&COVERAGEID=Elevacion25830_5&FORMAT=image%2Ftiff&SUBSET=x%28148211.18%2C148749.63%29&SUBSET=y%284705781.65%2C4706318.32%29	2026-08-01T00:00:00Z
weak-relief-wcs-v1-00494	wl-tile-v1-06227	wl-neg-neg-es-pba-40493	neg-es-pba-40493	0	hard_negative	train	ES	Explotación mineira do Vogo	-7.27548219729061	42.42592104302052	-7.27859766,42.42362137,-7.27236674,42.42822072	147986.85,4705661.61,148525.32,4706198.29	512	Elevacion25830_5	https://servicios.idee.es/wcs-inspire/mdt	data/external/weak-label-relief-v1/train/negative/wl-tile-v1-06227-neg-es-pba-40493-mdt5.tif	downloaded	valid	108	107	4.986	5.016	EPSG:25830	1.000000	699.000	897.000	23592	1		https://servicios.idee.es/wcs-inspire/mdt?SERVICE=WCS&VERSION=2.0.1&REQUEST=GetCoverage&COVERAGEID=Elevacion25830_5&FORMAT=image%2Ftiff&SUBSET=x%28147986.85%2C148525.32%29&SUBSET=y%284705661.61%2C4706198.29%29	2026-08-01T00:00:00Z
weak-relief-wcs-v1-00495	wl-tile-v1-07858	wl-neg-neg-es-pba-60224	neg-es-pba-60224	0	hard_negative	train	ES	Explotación mineira do Xuncal	-8.822032170121965	42.104321553096845	-8.82513178,42.10202188,-8.81893256,42.10662123	18263.51,4677517.01,18811.27,4678063.01	512	Elevacion25830_5	https://servicios.idee.es/wcs-inspire/mdt	data/external/weak-label-relief-v1/train/negative/wl-tile-v1-07858-neg-es-pba-60224-mdt5.tif	downloaded	valid	110	109	4.980	5.009	EPSG:25830	1.000000	7.000	58.000	24460	1		https://servicios.idee.es/wcs-inspire/mdt?SERVICE=WCS&VERSION=2.0.1&REQUEST=GetCoverage&COVERAGEID=Elevacion25830_5&FORMAT=image%2Ftiff&SUBSET=x%2818263.51%2C18811.27%29&SUBSET=y%284677517.01%2C4678063.01%29	2026-08-01T00:00:00Z
weak-relief-wcs-v1-00496	wl-tile-v1-09360	wl-neg-neg-es-pba-71282	neg-es-pba-71282	0	hard_negative	train	ES	Explotación mineira dos Buracos dos Mouros	-8.80208838838941	42.056920389404084	-8.80518568,42.05462071,-8.79899110,42.05922007	19554.84,4672138.78,20102.45,4672684.62	512	Elevacion25830_5	https://servicios.idee.es/wcs-inspire/mdt	data/external/weak-label-relief-v1/train/negative/wl-tile-v1-09360-neg-es-pba-71282-mdt5.tif	downloaded	valid	110	109	4.978	5.008	EPSG:25830	1.000000	421.000	527.000	24460	1		https://servicios.idee.es/wcs-inspire/mdt?SERVICE=WCS&VERSION=2.0.1&REQUEST=GetCoverage&COVERAGEID=Elevacion25830_5&FORMAT=image%2Ftiff&SUBSET=x%2819554.84%2C20102.45%29&SUBSET=y%284672138.78%2C4672684.62%29	2026-08-01T00:00:00Z
weak-relief-wcs-v1-00497	wl-tile-v1-06228	wl-neg-neg-es-pba-40494	neg-es-pba-40494	0	hard_negative	train	ES	Explotacións mineiras de Barreiro	-7.3279924227393645	42.45575662840394	-7.33110937,42.45345695,-7.32487548,42.45805631	143835.17,4709194.42,144373.97,4709731.45	512	Elevacion25830_5	https://servicios.idee.es/wcs-inspire/mdt	data/external/weak-label-relief-v1/train/negative/wl-tile-v1-06228-neg-es-pba-40494-mdt5.tif	downloaded	valid	108	107	4.989	5.019	EPSG:25830	1.000000	228.000	423.000	23592	1		https://servicios.idee.es/wcs-inspire/mdt?SERVICE=WCS&VERSION=2.0.1&REQUEST=GetCoverage&COVERAGEID=Elevacion25830_5&FORMAT=image%2Ftiff&SUBSET=x%28143835.17%2C144373.97%29&SUBSET=y%284709194.42%2C4709731.45%29	2026-08-01T00:00:00Z
weak-relief-wcs-v1-00498	wl-tile-v1-06229	wl-neg-neg-es-pba-40553	neg-es-pba-40553	0	hard_negative	train	ES	Explotacións mineiras de Figueirido1	-7.223663702416862	42.41999017810369	-7.22677887,42.41769050,-7.22054854,42.42228985	152218.00,4704789.32,152756.15,4705325.68	512	Elevacion25830_5	https://servicios.idee.es/wcs-inspire/mdt	data/external/weak-label-relief-v1/train/negative/wl-tile-v1-06229-neg-es-pba-40553-mdt5.tif	downloaded	valid	108	107	4.983	5.013	EPSG:25830	1.000000	254.000	495.000	23592	1		https://servicios.idee.es/wcs-inspire/mdt?SERVICE=WCS&VERSION=2.0.1&REQUEST=GetCoverage&COVERAGEID=Elevacion25830_5&FORMAT=image%2Ftiff&SUBSET=x%28152218.00%2C152756.15%29&SUBSET=y%284704789.32%2C4705325.68%29	2026-08-01T00:00:00Z
weak-relief-wcs-v1-00499	wl-tile-v1-06230	wl-neg-neg-es-pba-40554	neg-es-pba-40554	0	hard_negative	train	ES	Explotacións mineiras de Figueirido2	-7.221403202211547	42.40737971149424	-7.22451774,42.40508003,-7.21828866,42.40967939	152334.30,4703379.49,152872.43,4703915.84	512	Elevacion25830_5	https://servicios.idee.es/wcs-inspire/mdt	data/external/weak-label-relief-v1/train/negative/wl-tile-v1-06230-neg-es-pba-40554-mdt5.tif	downloaded	valid	108	107	4.983	5.013	EPSG:25830	1.000000	255.000	359.000	23592	1		https://servicios.idee.es/wcs-inspire/mdt?SERVICE=WCS&VERSION=2.0.1&REQUEST=GetCoverage&COVERAGEID=Elevacion25830_5&FORMAT=image%2Ftiff&SUBSET=x%28152334.30%2C152872.43%29&SUBSET=y%284703379.49%2C4703915.84%29	2026-08-01T00:00:00Z
weak-relief-wcs-v1-00500	wl-tile-v1-06231	wl-neg-neg-es-pba-40555	neg-es-pba-40555	0	hard_negative	train	ES	Explotacións mineiras de Peites	-7.225903870235764	42.403562306787734	-7.22901822,42.40126263,-7.22278952,42.40586198	151942.72,4702973.95,152480.88,4703510.32	512	Elevacion25830_5	https://servicios.idee.es/wcs-inspire/mdt	data/external/weak-label-relief-v1/train/negative/wl-tile-v1-06231-neg-es-pba-40555-mdt5.tif	downloaded	valid	108	107	4.983	5.013	EPSG:25830	1.000000	278.000	426.000	23592	1		https://servicios.idee.es/wcs-inspire/mdt?SERVICE=WCS&VERSION=2.0.1&REQUEST=GetCoverage&COVERAGEID=Elevacion25830_5&FORMAT=image%2Ftiff&SUBSET=x%28151942.72%2C152480.88%29&SUBSET=y%284702973.95%2C4703510.32%29	2026-08-01T00:00:00Z
weak-relief-wcs-v1-00501	wl-tile-v1-06232	wl-neg-neg-es-pba-40556	neg-es-pba-40556	0	hard_negative	train	ES	Explotacións mineiras de Rairós	-7.319106827897532	42.46151647224753	-7.32222406,42.45921680,-7.31598960,42.46381615	144598.61,4709796.87,145137.36,4710333.85	512	Elevacion25830_5	https://servicios.idee.es/wcs-inspire/mdt	data/external/weak-label-relief-v1/train/negative/wl-tile-v1-06232-neg-es-pba-40556-mdt5.tif	downloaded	valid	108	107	4.988	5.019	EPSG:25830	1.000000	226.000	284.000	23592	1		https://servicios.idee.es/wcs-inspire/mdt?SERVICE=WCS&VERSION=2.0.1&REQUEST=GetCoverage&COVERAGEID=Elevacion25830_5&FORMAT=image%2Ftiff&SUBSET=x%28144598.61%2C145137.36%29&SUBSET=y%284709796.87%2C4710333.85%29	2026-08-01T00:00:00Z
weak-relief-wcs-v1-00502	wl-tile-v1-06233	wl-neg-neg-es-pba-40557	neg-es-pba-40557	0	hard_negative	train	ES	Explotacións mineiras de San Clodio 1	-7.287650757069768	42.45802010581664	-7.29076781,42.45572043,-7.28453370,42.46031978	147165.91,4709277.23,147704.47,4709814.01	512	Elevacion25830_5	https://servicios.idee.es/wcs-inspire/mdt	data/external/weak-label-relief-v1/train/negative/wl-tile-v1-06233-neg-es-pba-40557-mdt5.tif	downloaded	valid	108	107	4.987	5.017	EPSG:25830	1.000000	296.000	406.000	23592	1		https://servicios.idee.es/wcs-inspire/mdt?SERVICE=WCS&VERSION=2.0.1&REQUEST=GetCoverage&COVERAGEID=Elevacion25830_5&FORMAT=image%2Ftiff&SUBSET=x%28147165.91%2C147704.47%29&SUBSET=y%284709277.23%2C4709814.01%29	2026-08-01T00:00:00Z
weak-relief-wcs-v1-00503	wl-tile-v1-06234	wl-neg-neg-es-pba-40584	neg-es-pba-40584	0	hard_negative	train	ES	Explotacións mineiras de San Clodio 2	-7.30350557166295	42.468580407358246	-7.30662315,42.46628073,-7.30038799,42.47088008	145921.52,4710516.18,146460.18,4711053.06	512	Elevacion25830_5	https://servicios.idee.es/wcs-inspire/mdt	data/external/weak-label-relief-v1/train/negative/wl-tile-v1-06234-neg-es-pba-40584-mdt5.tif	downloaded	valid	108	107	4.988	5.018	EPSG:25830	1.000000	226.000	277.000	23592	1		https://servicios.idee.es/wcs-inspire/mdt?SERVICE=WCS&VERSION=2.0.1&REQUEST=GetCoverage&COVERAGEID=Elevacion25830_5&FORMAT=image%2Ftiff&SUBSET=x%28145921.52%2C146460.18%29&SUBSET=y%284710516.18%2C4711053.06%29	2026-08-01T00:00:00Z
weak-relief-wcs-v1-00504	wl-tile-v1-07320	wl-neg-neg-es-pba-56726	neg-es-pba-56726	0	hard_negative	train	ES	Foi Pidriña	-6.835819081262237	42.41494787571077	-6.83893399,42.41264820,-6.83270417,42.41724755	184109.32,4702713.81,184645.10,4703247.80	512	Elevacion25830_5	https://servicios.idee.es/wcs-inspire/mdt	data/external/weak-label-relief-v1/train/negative/wl-tile-v1-07320-neg-es-pba-56726-mdt5.tif	downloaded	valid	107	107	5.007	4.991	EPSG:25830	1.000000	358.000	456.000	23378	1		https://servicios.idee.es/wcs-inspire/mdt?SERVICE=WCS&VERSION=2.0.1&REQUEST=GetCoverage&COVERAGEID=Elevacion25830_5&FORMAT=image%2Ftiff&SUBSET=x%28184109.32%2C184645.10%29&SUBSET=y%284702713.81%2C4703247.80%29	2026-08-01T00:00:00Z
weak-relief-wcs-v1-00505	wl-tile-v1-07321	wl-neg-neg-es-pba-56727	neg-es-pba-56727	0	hard_negative	train	ES	Foi Pidriña	-6.835679358264463	42.415823894913224	-6.83879432,42.41352422,-6.83256440,42.41812357	184125.22,4702810.58,184660.99,4703344.57	512	Elevacion25830_5	https://servicios.idee.es/wcs-inspire/mdt	data/external/weak-label-relief-v1/train/negative/wl-tile-v1-07321-neg-es-pba-56727-mdt5.tif	downloaded	valid	107	107	5.007	4.991	EPSG:25830	1.000000	357.000	480.000	23378	1		https://servicios.idee.es/wcs-inspire/mdt?SERVICE=WCS&VERSION=2.0.1&REQUEST=GetCoverage&COVERAGEID=Elevacion25830_5&FORMAT=image%2Ftiff&SUBSET=x%28184125.22%2C184660.99%29&SUBSET=y%284702810.58%2C4703344.57%29	2026-08-01T00:00:00Z
weak-relief-wcs-v1-00506	wl-tile-v1-07322	wl-neg-neg-es-pba-56728	neg-es-pba-56728	0	hard_negative	train	ES	Folo das Arcas	-6.870161089680791	42.49270667472105	-6.87327987,42.49040700,-6.86704231,42.49500635	181677.39,4711477.99,182213.41,4712012.23	512	Elevacion25830_5	https://servicios.idee.es/wcs-inspire/mdt	data/external/weak-label-relief-v1/train/negative/wl-tile-v1-07322-neg-es-pba-56728-mdt5.tif	downloaded	valid	107	107	5.010	4.993	EPSG:25830	1.000000	699.000	878.000	23378	1		https://servicios.idee.es/wcs-inspire/mdt?SERVICE=WCS&VERSION=2.0.1&REQUEST=GetCoverage&COVERAGEID=Elevacion25830_5&FORMAT=image%2Ftiff&SUBSET=x%28181677.39%2C182213.41%29&SUBSET=y%284711477.99%2C4712012.23%29	2026-08-01T00:00:00Z
weak-relief-wcs-v1-00507	wl-tile-v1-08864	wl-neg-neg-es-pba-68930	neg-es-pba-68930	0	hard_negative	train	ES	Fonte do Muras	-8.555425863534593	42.30048022645749	-8.55853511,42.29818055,-8.55231662,42.30277990	41742.55,4697834.72,42288.79,4698379.21	512	Elevacion25830_5	https://servicios.idee.es/wcs-inspire/mdt	data/external/weak-label-relief-v1/train/negative/wl-tile-v1-08864-neg-es-pba-68930-mdt5.tif	downloaded	valid	109	109	5.011	4.995	EPSG:25830	1.000000	288.000	364.000	24242	1		https://servicios.idee.es/wcs-inspire/mdt?SERVICE=WCS&VERSION=2.0.1&REQUEST=GetCoverage&COVERAGEID=Elevacion25830_5&FORMAT=image%2Ftiff&SUBSET=x%2841742.55%2C42288.79%29&SUBSET=y%284697834.72%2C4698379.21%29	2026-08-01T00:00:00Z
weak-relief-wcs-v1-00508	wl-tile-v1-05770	wl-neg-neg-es-pba-35433	neg-es-pba-35433	0	hard_negative	train	ES	Forno dos Mouros/Medorra de Monte Fabeiro 1	-7.836754086005733	42.84660058599755	-7.83989068,42.84430091,-7.83361749,42.84890026	104478.08,4754869.26,105020.20,4755409.64	512	Elevacion25830_5	https://servicios.idee.es/wcs-inspire/mdt	data/external/weak-label-relief-v1/train/negative/wl-tile-v1-05770-neg-es-pba-35433-mdt5.tif	downloaded	valid	108	108	5.020	5.004	EPSG:25830	1.000000	575.000	602.000	23808	1		https://servicios.idee.es/wcs-inspire/mdt?SERVICE=WCS&VERSION=2.0.1&REQUEST=GetCoverage&COVERAGEID=Elevacion25830_5&FORMAT=image%2Ftiff&SUBSET=x%28104478.08%2C105020.20%29&SUBSET=y%284754869.26%2C4755409.64%29	2026-08-01T00:00:00Z
weak-relief-wcs-v1-00509	wl-tile-v1-05759	wl-neg-neg-es-pba-35225	neg-es-pba-35225	0	hard_negative	train	ES	Forno dos Mouros/Medorra de Monte Fabeiro 2	-7.836634451956431	42.84638751697272	-7.83977103,42.84408784,-7.83349787,42.84868719	104486.50,4754845.03,105028.62,4755385.41	512	Elevacion25830_5	https://servicios.idee.es/wcs-inspire/mdt	data/external/weak-label-relief-v1/train/negative/wl-tile-v1-05759-neg-es-pba-35225-mdt5.tif	downloaded	valid	108	108	5.020	5.004	EPSG:25830	1.000000	574.000	602.000	23808	1		https://servicios.idee.es/wcs-inspire/mdt?SERVICE=WCS&VERSION=2.0.1&REQUEST=GetCoverage&COVERAGEID=Elevacion25830_5&FORMAT=image%2Ftiff&SUBSET=x%28104486.50%2C105028.62%29&SUBSET=y%284754845.03%2C4755385.41%29	2026-08-01T00:00:00Z
weak-relief-wcs-v1-00510	wl-tile-v1-08822	wl-neg-neg-es-pba-77256	neg-es-pba-77256	0	hard_negative	train	ES	Gabias exploratorias Monte Gándara de Torneirós	-8.638408191701958	42.16070154903199	-8.64151056,42.15840187,-8.63530582,42.16300123	33868.94,4682758.52,34415.61,4683303.42	512	Elevacion25830_5	https://servicios.idee.es/wcs-inspire/mdt	data/external/weak-label-relief-v1/train/negative/wl-tile-v1-08822-neg-es-pba-77256-mdt5.tif	downloaded	valid	109	109	5.015	4.999	EPSG:25830	1.000000	47.000	93.000	24242	1		https://servicios.idee.es/wcs-inspire/mdt?SERVICE=WCS&VERSION=2.0.1&REQUEST=GetCoverage&COVERAGEID=Elevacion25830_5&FORMAT=image%2Ftiff&SUBSET=x%2833868.94%2C34415.61%29&SUBSET=y%284682758.52%2C4683303.42%29	2026-08-01T00:00:00Z
weak-relief-wcs-v1-00511	wl-tile-v1-08819	wl-neg-neg-es-pba-77253	neg-es-pba-77253	0	hard_negative	train	ES	Gabias exploratorias do Monte Carrascal e Laxedo I	-8.605705472998876	42.136535547866046	-8.60880666,42.13423587,-8.60260429,42.13883522	36395.05,4679895.57,36941.51,4680440.25	512	Elevacion25830_5	https://servicios.idee.es/wcs-inspire/mdt	data/external/weak-label-relief-v1/train/negative/wl-tile-v1-08819-neg-es-pba-77253-mdt5.tif	downloaded	valid	109	109	5.013	4.997	EPSG:25830	1.000000	65.000	239.000	24242	1		https://servicios.idee.es/wcs-inspire/mdt?SERVICE=WCS&VERSION=2.0.1&REQUEST=GetCoverage&COVERAGEID=Elevacion25830_5&FORMAT=image%2Ftiff&SUBSET=x%2836395.05%2C36941.51%29&SUBSET=y%284679895.57%2C4680440.25%29	2026-08-01T00:00:00Z
weak-relief-wcs-v1-00512	wl-tile-v1-08820	wl-neg-neg-es-pba-77254	neg-es-pba-77254	0	hard_negative	train	ES	Gabias exploratorias do Monte Carrascal e Laxedo II	-8.605176504780447	42.135639074093255	-8.60827764,42.13333940,-8.60207537,42.13793875	36432.24,4679793.11,36978.69,4680337.79	512	Elevacion25830_5	https://servicios.idee.es/wcs-inspire/mdt	data/external/weak-label-relief-v1/train/negative/wl-tile-v1-08820-neg-es-pba-77254-mdt5.tif	downloaded	valid	109	109	5.013	4.997	EPSG:25830	1.000000	65.000	263.000	24242	1		https://servicios.idee.es/wcs-inspire/mdt?SERVICE=WCS&VERSION=2.0.1&REQUEST=GetCoverage&COVERAGEID=Elevacion25830_5&FORMAT=image%2Ftiff&SUBSET=x%2836432.24%2C36978.69%29&SUBSET=y%284679793.11%2C4680337.79%29	2026-08-01T00:00:00Z
weak-relief-wcs-v1-00513	wl-tile-v1-08821	wl-neg-neg-es-pba-77255	neg-es-pba-77255	0	hard_negative	train	ES	Gabias exploratorias do Monte Carrascal e Laxedo III	-8.594771069199988	42.14136692697509	-8.59787249,42.13906725,-8.59166965,42.14366660	37334.41,4680372.82,37880.80,4680917.44	512	Elevacion25830_5	https://servicios.idee.es/wcs-inspire/mdt	data/external/weak-label-relief-v1/train/negative/wl-tile-v1-08821-neg-es-pba-77255-mdt5.tif	downloaded	valid	109	109	5.013	4.997	EPSG:25830	1.000000	124.000	268.000	24242	1		https://servicios.idee.es/wcs-inspire/mdt?SERVICE=WCS&VERSION=2.0.1&REQUEST=GetCoverage&COVERAGEID=Elevacion25830_5&FORMAT=image%2Ftiff&SUBSET=x%2837334.41%2C37880.80%29&SUBSET=y%284680372.82%2C4680917.44%29	2026-08-01T00:00:00Z
weak-relief-wcs-v1-00514	wl-tile-v1-09520	wl-neg-neg-es-pba-74239	neg-es-pba-74239	0	hard_negative	train	ES	Gravado de Maceiras	-8.7902616307108	42.55927207016128	-8.79338374,42.55697239,-8.78713952,42.56157175	24342.99,4727877.23,24890.83,4728423.33	512	Elevacion25830_5	https://servicios.idee.es/wcs-inspire/mdt	data/external/weak-label-relief-v1/train/negative/wl-tile-v1-09520-neg-es-pba-74239-mdt5.tif	downloaded	valid	110	109	4.980	5.010	EPSG:25830	1.000000	29.000	56.000	24460	1		https://servicios.idee.es/wcs-inspire/mdt?SERVICE=WCS&VERSION=2.0.1&REQUEST=GetCoverage&COVERAGEID=Elevacion25830_5&FORMAT=image%2Ftiff&SUBSET=x%2824342.99%2C24890.83%29&SUBSET=y%284727877.23%2C4728423.33%29	2026-08-01T00:00:00Z
weak-relief-wcs-v1-00515	wl-tile-v1-06449	wl-neg-neg-es-pba-43122	neg-es-pba-43122	0	hard_negative	train	ES	Gravado de Pena Grande	-7.735961335048602	43.36213236031753	-7.73912445,43.35983268,-7.73279822,43.36443204	115958.07,4811663.29,116499.84,4812203.34	512	Elevacion25830_5	https://servicios.idee.es/wcs-inspire/mdt	data/external/weak-label-relief-v1/train/negative/wl-tile-v1-06449-neg-es-pba-43122-mdt5.tif	downloaded	valid	108	108	5.016	5.000	EPSG:25830	1.000000	519.000	587.000	23808	1		https://servicios.idee.es/wcs-inspire/mdt?SERVICE=WCS&VERSION=2.0.1&REQUEST=GetCoverage&COVERAGEID=Elevacion25830_5&FORMAT=image%2Ftiff&SUBSET=x%28115958.07%2C116499.84%29&SUBSET=y%284811663.29%2C4812203.34%29	2026-08-01T00:00:00Z
weak-relief-wcs-v1-00516	wl-tile-v1-05832	wl-neg-neg-es-pba-31874	neg-es-pba-31874	0	hard_negative	train	ES	Gravados da Pena Escrita de Treimonte	-7.3737905735463976	42.66332543863678	-7.37691790,42.66102576,-7.37066324,42.66562512	141260.94,4732441.81,141800.12,4732979.23	512	Elevacion25830_5	https://servicios.idee.es/wcs-inspire/mdt	data/external/weak-label-relief-v1/train/negative/wl-tile-v1-05832-neg-es-pba-31874-mdt5.tif	downloaded	valid	108	107	4.992	5.023	EPSG:25830	1.000000	558.000	668.000	23592	1		https://servicios.idee.es/wcs-inspire/mdt?SERVICE=WCS&VERSION=2.0.1&REQUEST=GetCoverage&COVERAGEID=Elevacion25830_5&FORMAT=image%2Ftiff&SUBSET=x%28141260.94%2C141800.12%29&SUBSET=y%284732441.81%2C4732979.23%29	2026-08-01T00:00:00Z
weak-relief-wcs-v1-00517	wl-tile-v1-06263	wl-neg-neg-es-pba-41604	neg-es-pba-41604	0	hard_negative	train	ES	Gravados de Fonte 2	-7.431968748413547	42.779974351863984	-7.43510196,42.77767468,-7.42883553,42.78227403	137173.05,4745646.58,137712.65,4746184.42	512	Elevacion25830_5	https://servicios.idee.es/wcs-inspire/mdt	data/external/weak-label-relief-v1/train/negative/wl-tile-v1-06263-neg-es-pba-41604-mdt5.tif	downloaded	valid	108	108	4.996	4.980	EPSG:25830	1.000000	482.000	552.000	23808	1		https://servicios.idee.es/wcs-inspire/mdt?SERVICE=WCS&VERSION=2.0.1&REQUEST=GetCoverage&COVERAGEID=Elevacion25830_5&FORMAT=image%2Ftiff&SUBSET=x%28137173.05%2C137712.65%29&SUBSET=y%284745646.58%2C4746184.42%29	2026-08-01T00:00:00Z
weak-relief-wcs-v1-00518	wl-tile-v1-05002	wl-neg-neg-es-pba-27562	neg-es-pba-27562	0	hard_negative	train	ES	Hórreo na Mámoa	-8.947146333788332	43.05744182051493	-8.95029369,43.05514214,-8.94399898,43.05974150	15375.90,4784113.95,15925.01,4784661.36	512	Elevacion25830_5	https://servicios.idee.es/wcs-inspire/mdt	data/external/weak-label-relief-v1/train/negative/wl-tile-v1-05002-neg-es-pba-27562-mdt5.tif	downloaded	valid	110	109	4.992	5.022	EPSG:25830	1.000000	343.000	405.000	24460	1		https://servicios.idee.es/wcs-inspire/mdt?SERVICE=WCS&VERSION=2.0.1&REQUEST=GetCoverage&COVERAGEID=Elevacion25830_5&FORMAT=image%2Ftiff&SUBSET=x%2815375.90%2C15925.01%29&SUBSET=y%284784113.95%2C4784661.36%29	2026-08-01T00:00:00Z
weak-relief-wcs-v1-00519	wl-tile-v1-06770	wl-neg-neg-es-pba-57759	neg-es-pba-57759	0	hard_negative	train	ES	Igrexa de Pedrafita (Parroquial de San Martiño)	-7.495689018339185	42.357516673259276	-7.49880108,42.35521700,-7.49257695,42.35981635	129463.77,4699000.95,130003.55,4699538.95	512	Elevacion25830_5	https://servicios.idee.es/wcs-inspire/mdt	data/external/weak-label-relief-v1/train/negative/wl-tile-v1-06770-neg-es-pba-57759-mdt5.tif	downloaded	valid	108	108	4.998	4.981	EPSG:25830	1.000000	652.000	844.000	23808	1		https://servicios.idee.es/wcs-inspire/mdt?SERVICE=WCS&VERSION=2.0.1&REQUEST=GetCoverage&COVERAGEID=Elevacion25830_5&FORMAT=image%2Ftiff&SUBSET=x%28129463.77%2C130003.55%29&SUBSET=y%284699000.95%2C4699538.95%29	2026-08-01T00:00:00Z
weak-relief-wcs-v1-00520	wl-tile-v1-05822	wl-neg-neg-es-pba-29301	neg-es-pba-29301	0	hard_negative	train	ES	Igrexa de Pedrafita (Parroquial de San Miguel)	-7.42647445819372	42.960873203301766	-7.42961687,42.95857353,-7.42333205,42.96317288	138680.76,4765715.44,139220.41,4766253.34	512	Elevacion25830_5	https://servicios.idee.es/wcs-inspire/mdt	data/external/weak-label-relief-v1/train/negative/wl-tile-v1-05822-neg-es-pba-29301-mdt5.tif	downloaded	valid	108	108	4.997	4.981	EPSG:25830	1.000000	445.000	459.000	23808	1		https://servicios.idee.es/wcs-inspire/mdt?SERVICE=WCS&VERSION=2.0.1&REQUEST=GetCoverage&COVERAGEID=Elevacion25830_5&FORMAT=image%2Ftiff&SUBSET=x%28138680.76%2C139220.41%29&SUBSET=y%284765715.44%2C4766253.34%29	2026-08-01T00:00:00Z
weak-relief-wcs-v1-00521	wl-tile-v1-06067	wl-neg-neg-es-pba-37060	neg-es-pba-37060	0	hard_negative	train	ES	Igrexa de Pedrafita do Cebreiro (Parroquial de Santo Antón)	-7.02361513183858	42.726547629414775	-7.02674565,42.72424795,-7.02048462,42.72884731	170300.82,4738036.56,170837.89,4738571.85	512	Elevacion25830_5	https://servicios.idee.es/wcs-inspire/mdt	data/external/weak-label-relief-v1/train/negative/wl-tile-v1-06067-neg-es-pba-37060-mdt5.tif	downloaded	valid	107	107	5.019	5.003	EPSG:25830	1.000000	1086.000	1168.000	23378	1		https://servicios.idee.es/wcs-inspire/mdt?SERVICE=WCS&VERSION=2.0.1&REQUEST=GetCoverage&COVERAGEID=Elevacion25830_5&FORMAT=image%2Ftiff&SUBSET=x%28170300.82%2C170837.89%29&SUBSET=y%284738036.56%2C4738571.85%29	2026-08-01T00:00:00Z
weak-relief-wcs-v1-00522	wl-tile-v1-08556	wl-neg-neg-es-pba-66669	neg-es-pba-66669	0	hard_negative	train	ES	Lapa	-8.679850766587256	42.38401468294375	-8.68296415,42.38171501,-8.67673739,42.38631436	32103.22,4707793.07,32650.27,4708338.37	512	Elevacion25830_5	https://servicios.idee.es/wcs-inspire/mdt	data/external/weak-label-relief-v1/train/negative/wl-tile-v1-08556-neg-es-pba-66669-mdt5.tif	downloaded	valid	109	109	5.019	5.003	EPSG:25830	1.000000	90.000	250.000	24242	1		https://servicios.idee.es/wcs-inspire/mdt?SERVICE=WCS&VERSION=2.0.1&REQUEST=GetCoverage&COVERAGEID=Elevacion25830_5&FORMAT=image%2Ftiff&SUBSET=x%2832103.22%2C32650.27%29&SUBSET=y%284707793.07%2C4708338.37%29	2026-08-01T00:00:00Z
weak-relief-wcs-v1-00523	wl-tile-v1-08212	wl-neg-neg-es-pba-64531	neg-es-pba-64531	0	hard_negative	train	ES	Lapa de Monte das Mámoas	-8.07072131295011	42.552539358798825	-8.07384308,42.55023968,-8.06759954,42.55483904	83388.87,4723332.25,83932.28,4723873.90	512	Elevacion25830_5	https://servicios.idee.es/wcs-inspire/mdt	data/external/weak-label-relief-v1/train/negative/wl-tile-v1-08212-neg-es-pba-64531-mdt5.tif	downloaded	valid	109	108	4.985	5.015	EPSG:25830	1.000000	744.000	785.000	24024	1		https://servicios.idee.es/wcs-inspire/mdt?SERVICE=WCS&VERSION=2.0.1&REQUEST=GetCoverage&COVERAGEID=Elevacion25830_5&FORMAT=image%2Ftiff&SUBSET=x%2883388.87%2C83932.28%29&SUBSET=y%284723332.25%2C4723873.90%29	2026-08-01T00:00:00Z
weak-relief-wcs-v1-00524	wl-tile-v1-08682	wl-neg-neg-es-pba-67513	neg-es-pba-67513	0	hard_negative	train	ES	Laxe das Cruces	-8.588285420648084	42.238709517142944	-8.59139162,42.23640984,-8.58517922,42.24100919	38581.16,4691150.80,39127.57,4691695.45	512	Elevacion25830_5	https://servicios.idee.es/wcs-inspire/mdt	data/external/weak-label-relief-v1/train/negative/wl-tile-v1-08682-neg-es-pba-67513-mdt5.tif	downloaded	valid	109	109	5.013	4.997	EPSG:25830	1.000000	171.000	408.000	24242	1		https://servicios.idee.es/wcs-inspire/mdt?SERVICE=WCS&VERSION=2.0.1&REQUEST=GetCoverage&COVERAGEID=Elevacion25830_5&FORMAT=image%2Ftiff&SUBSET=x%2838581.16%2C39127.57%29&SUBSET=y%284691150.80%2C4691695.45%29	2026-08-01T00:00:00Z
weak-relief-wcs-v1-00525	wl-tile-v1-07948	wl-neg-neg-es-pba-63326	neg-es-pba-63326	0	hard_negative	train	ES	Laxe de Chan	-8.792644381374341	42.27065858325677	-8.79575215,42.26835891,-8.78953661,42.27295826	21953.53,4695829.30,22501.22,4696375.22	512	Elevacion25830_5	https://servicios.idee.es/wcs-inspire/mdt	data/external/weak-label-relief-v1/train/negative/wl-tile-v1-07948-neg-es-pba-63326-mdt5.tif	downloaded	valid	110	109	4.979	5.008	EPSG:25830	1.000000	51.000	209.000	24460	1		https://servicios.idee.es/wcs-inspire/mdt?SERVICE=WCS&VERSION=2.0.1&REQUEST=GetCoverage&COVERAGEID=Elevacion25830_5&FORMAT=image%2Ftiff&SUBSET=x%2821953.53%2C22501.22%29&SUBSET=y%284695829.30%2C4696375.22%29	2026-08-01T00:00:00Z
weak-relief-wcs-v1-00526	wl-tile-v1-08141	wl-neg-neg-es-pba-64776	neg-es-pba-64776	0	hard_negative	train	ES	Laxe dos Gatos	-8.529846556922468	42.59423370900125	-8.53297042,42.59193403,-8.52672270,42.59653339	45984.10,4730328.10,46530.36,4730872.61	512	Elevacion25830_5	https://servicios.idee.es/wcs-inspire/mdt	data/external/weak-label-relief-v1/train/negative/wl-tile-v1-08141-neg-es-pba-64776-mdt5.tif	downloaded	valid	109	109	5.012	4.996	EPSG:25830	1.000000	306.000	397.000	24242	1		https://servicios.idee.es/wcs-inspire/mdt?SERVICE=WCS&VERSION=2.0.1&REQUEST=GetCoverage&COVERAGEID=Elevacion25830_5&FORMAT=image%2Ftiff&SUBSET=x%2845984.10%2C46530.36%29&SUBSET=y%284730328.10%2C4730872.61%29	2026-08-01T00:00:00Z
weak-relief-wcs-v1-00527	wl-tile-v1-06484	wl-neg-neg-es-pba-43246	neg-es-pba-43246	0	hard_negative	train	ES	Leira da Modia	-7.683999995435161	43.38901435627324	-7.68716451,43.38671468,-7.68083548,43.39131403	120337.39,4814411.19,120878.85,4814950.93	512	Elevacion25830_5	https://servicios.idee.es/wcs-inspire/mdt	data/external/weak-label-relief-v1/train/negative/wl-tile-v1-06484-neg-es-pba-43246-mdt5.tif	downloaded	valid	108	108	5.014	4.998	EPSG:25830	1.000000	492.000	529.000	23808	1		https://servicios.idee.es/wcs-inspire/mdt?SERVICE=WCS&VERSION=2.0.1&REQUEST=GetCoverage&COVERAGEID=Elevacion25830_5&FORMAT=image%2Ftiff&SUBSET=x%28120337.39%2C120878.85%29&SUBSET=y%284814411.19%2C4814950.93%29	2026-08-01T00:00:00Z
weak-relief-wcs-v1-00528	wl-tile-v1-06760	wl-neg-neg-es-pba-50748	neg-es-pba-50748	0	hard_negative	train	ES	Leiras da Preseira	-7.138962565638873	42.04707342760504	-7.14205938,42.04477375,-7.13586575,42.04937310	157173.93,4663029.22,157711.39,4663564.87	512	Elevacion25830_5	https://servicios.idee.es/wcs-inspire/mdt	data/external/weak-label-relief-v1/train/negative/wl-tile-v1-06760-neg-es-pba-50748-mdt5.tif	downloaded	valid	107	107	5.023	5.006	EPSG:25830	1.000000	802.000	930.000	23378	1		https://servicios.idee.es/wcs-inspire/mdt?SERVICE=WCS&VERSION=2.0.1&REQUEST=GetCoverage&COVERAGEID=Elevacion25830_5&FORMAT=image%2Ftiff&SUBSET=x%28157173.93%2C157711.39%29&SUBSET=y%284663029.22%2C4663564.87%29	2026-08-01T00:00:00Z
weak-relief-wcs-v1-00529	wl-tile-v1-05674	wl-neg-neg-es-pba-33907	neg-es-pba-33907	0	hard_negative	train	ES	Lugar da Torre de Vilamor	-7.3361372696936265	43.46119858910801	-7.33930556,43.45889891,-7.33296897,43.46349827	148935.49,4820903.14,149474.82,4821440.75	512	Elevacion25830_5	https://servicios.idee.es/wcs-inspire/mdt	data/external/weak-label-relief-v1/train/negative/wl-tile-v1-05674-neg-es-pba-33907-mdt5.tif	downloaded	valid	108	108	4.994	4.978	EPSG:25830	1.000000	74.000	109.000	23808	1		https://servicios.idee.es/wcs-inspire/mdt?SERVICE=WCS&VERSION=2.0.1&REQUEST=GetCoverage&COVERAGEID=Elevacion25830_5&FORMAT=image%2Ftiff&SUBSET=x%28148935.49%2C149474.82%29&SUBSET=y%284820903.14%2C4821440.75%29	2026-08-01T00:00:00Z
weak-relief-wcs-v1-00530	wl-tile-v1-05774	wl-neg-neg-es-pba-36333	neg-es-pba-36333	0	hard_negative	train	ES	Madorra da Rebola de Vilares 1	-7.005253744622212	42.997154703201666	-7.00839801,42.99485503,-7.00210948,42.99945438	173235.86,4768020.21,173772.93,4768555.53	512	Elevacion25830_5	https://servicios.idee.es/wcs-inspire/mdt	data/external/weak-label-relief-v1/train/negative/wl-tile-v1-05774-neg-es-pba-36333-mdt5.tif	downloaded	valid	107	107	5.019	5.003	EPSG:25830	1.000000	590.000	748.000	23378	1		https://servicios.idee.es/wcs-inspire/mdt?SERVICE=WCS&VERSION=2.0.1&REQUEST=GetCoverage&COVERAGEID=Elevacion25830_5&FORMAT=image%2Ftiff&SUBSET=x%28173235.86%2C173772.93%29&SUBSET=y%284768020.21%2C4768555.53%29	2026-08-01T00:00:00Z
weak-relief-wcs-v1-00531	wl-tile-v1-05775	wl-neg-neg-es-pba-36358	neg-es-pba-36358	0	hard_negative	train	ES	Madorra da Rebola de Vilares 2	-7.005226078924555	42.997450780003675	-7.00837036,42.99515110,-7.00208180,42.99975046	173239.69,4768052.99,173776.76,4768588.31	512	Elevacion25830_5	https://servicios.idee.es/wcs-inspire/mdt	data/external/weak-label-relief-v1/train/negative/wl-tile-v1-05775-neg-es-pba-36358-mdt5.tif	downloaded	valid	107	107	5.019	5.003	EPSG:25830	1.000000	589.000	748.000	23378	1		https://servicios.idee.es/wcs-inspire/mdt?SERVICE=WCS&VERSION=2.0.1&REQUEST=GetCoverage&COVERAGEID=Elevacion25830_5&FORMAT=image%2Ftiff&SUBSET=x%28173239.69%2C173776.76%29&SUBSET=y%284768052.99%2C4768588.31%29	2026-08-01T00:00:00Z
weak-relief-wcs-v1-00532	wl-tile-v1-05776	wl-neg-neg-es-pba-36359	neg-es-pba-36359	0	hard_negative	train	ES	Madorra da Rebola de Vilares 3	-7.005482518613561	42.997627713310614	-7.00862681,42.99532804,-7.00233823,42.99992739	173219.72,4768073.64,173756.79,4768608.96	512	Elevacion25830_5	https://servicios.idee.es/wcs-inspire/mdt	data/external/weak-label-relief-v1/train/negative/wl-tile-v1-05776-neg-es-pba-36359-mdt5.tif	downloaded	valid	107	107	5.019	5.003	EPSG:25830	1.000000	597.000	748.000	23378	1		https://servicios.idee.es/wcs-inspire/mdt?SERVICE=WCS&VERSION=2.0.1&REQUEST=GetCoverage&COVERAGEID=Elevacion25830_5&FORMAT=image%2Ftiff&SUBSET=x%28173219.72%2C173756.79%29&SUBSET=y%284768073.64%2C4768608.96%29	2026-08-01T00:00:00Z
weak-relief-wcs-v1-00533	wl-tile-v1-06073	wl-neg-neg-es-pba-38524	neg-es-pba-38524	0	hard_negative	train	ES	Madorra da Veiga 3	-7.416767655820688	43.0830173376828	-7.41991632,43.08071766,-7.41361899,43.08531701	140187.58,4779240.45,140727.23,4779778.36	512	Elevacion25830_5	https://servicios.idee.es/wcs-inspire/mdt	data/external/weak-label-relief-v1/train/negative/wl-tile-v1-06073-neg-es-pba-38524-mdt5.tif	downloaded	valid	108	108	4.997	4.981	EPSG:25830	1.000000	562.000	575.000	23808	1		https://servicios.idee.es/wcs-inspire/mdt?SERVICE=WCS&VERSION=2.0.1&REQUEST=GetCoverage&COVERAGEID=Elevacion25830_5&FORMAT=image%2Ftiff&SUBSET=x%28140187.58%2C140727.23%29&SUBSET=y%284779240.45%2C4779778.36%29	2026-08-01T00:00:00Z
weak-relief-wcs-v1-00534	wl-tile-v1-06074	wl-neg-neg-es-pba-38525	neg-es-pba-38525	0	hard_negative	train	ES	Madorra da Veiga 4	-7.41632582854533	43.08136946948087	-7.41947441,43.07906979,-7.41317724,43.08366915	140213.90,4779055.53,140753.54,4779593.43	512	Elevacion25830_5	https://servicios.idee.es/wcs-inspire/mdt	data/external/weak-label-relief-v1/train/negative/wl-tile-v1-06074-neg-es-pba-38525-mdt5.tif	downloaded	valid	108	108	4.997	4.981	EPSG:25830	1.000000	563.000	586.000	23808	1		https://servicios.idee.es/wcs-inspire/mdt?SERVICE=WCS&VERSION=2.0.1&REQUEST=GetCoverage&COVERAGEID=Elevacion25830_5&FORMAT=image%2Ftiff&SUBSET=x%28140213.90%2C140753.54%29&SUBSET=y%284779055.53%2C4779593.43%29	2026-08-01T00:00:00Z
weak-relief-wcs-v1-00535	wl-tile-v1-09428	wl-neg-neg-es-pba-74213	neg-es-pba-74213	0	hard_negative	train	ES	Madorra de Abaixo	-8.165423017535815	42.82786437618079	-8.16855866,42.82556470,-8.16228738,42.83016405	77485.64,4754385.68,78029.78,4754928.09	512	Elevacion25830_5	https://servicios.idee.es/wcs-inspire/mdt	data/external/weak-label-relief-v1/train/negative/wl-tile-v1-09428-neg-es-pba-74213-mdt5.tif	downloaded	valid	109	108	4.992	5.022	EPSG:25830	1.000000	500.000	568.000	24024	1		https://servicios.idee.es/wcs-inspire/mdt?SERVICE=WCS&VERSION=2.0.1&REQUEST=GetCoverage&COVERAGEID=Elevacion25830_5&FORMAT=image%2Ftiff&SUBSET=x%2877485.64%2C78029.78%29&SUBSET=y%284754385.68%2C4754928.09%29	2026-08-01T00:00:00Z
weak-relief-wcs-v1-00536	wl-tile-v1-05627	wl-neg-neg-es-pba-31274	neg-es-pba-31274	0	hard_negative	train	ES	Madorra de Montouto 1	-7.227323628411041	42.83708962666522	-7.23045974,42.83478995,-7.22418752,42.83938930	154235.72,4751129.88,154774.08,4751666.49	512	Elevacion25830_5	https://servicios.idee.es/wcs-inspire/mdt	data/external/weak-label-relief-v1/train/negative/wl-tile-v1-05627-neg-es-pba-31274-mdt5.tif	downloaded	valid	108	107	4.985	5.015	EPSG:25830	1.000000	857.000	999.000	23592	1		https://servicios.idee.es/wcs-inspire/mdt?SERVICE=WCS&VERSION=2.0.1&REQUEST=GetCoverage&COVERAGEID=Elevacion25830_5&FORMAT=image%2Ftiff&SUBSET=x%28154235.72%2C154774.08%29&SUBSET=y%284751129.88%2C4751666.49%29	2026-08-01T00:00:00Z
weak-relief-wcs-v1-00537	wl-tile-v1-05628	wl-neg-neg-es-pba-31275	neg-es-pba-31275	0	hard_negative	train	ES	Madorra de Montouto 2	-7.22294890007929	42.82794533472898	-7.22608454,42.82564566,-7.21981326,42.83024501	154542.34,4750096.30,155080.67,4750632.88	512	Elevacion25830_5	https://servicios.idee.es/wcs-inspire/mdt	data/external/weak-label-relief-v1/train/negative/wl-tile-v1-05628-neg-es-pba-31275-mdt5.tif	downloaded	valid	108	107	4.985	5.015	EPSG:25830	1.000000	918.000	1026.000	23592	1		https://servicios.idee.es/wcs-inspire/mdt?SERVICE=WCS&VERSION=2.0.1&REQUEST=GetCoverage&COVERAGEID=Elevacion25830_5&FORMAT=image%2Ftiff&SUBSET=x%28154542.34%2C155080.67%29&SUBSET=y%284750096.30%2C4750632.88%29	2026-08-01T00:00:00Z
weak-relief-wcs-v1-00538	wl-tile-v1-05629	wl-neg-neg-es-pba-31276	neg-es-pba-31276	0	hard_negative	train	ES	Madorra de Montouto 3	-7.222768615823574	42.82761697347542	-7.22590424,42.82531730,-7.21963299,42.82991665	154555.25,4750059.09,155093.58,4750595.67	512	Elevacion25830_5	https://servicios.idee.es/wcs-inspire/mdt	data/external/weak-label-relief-v1/train/negative/wl-tile-v1-05629-neg-es-pba-31276-mdt5.tif	downloaded	valid	108	107	4.985	5.015	EPSG:25830	1.000000	913.000	1026.000	23592	1		https://servicios.idee.es/wcs-inspire/mdt?SERVICE=WCS&VERSION=2.0.1&REQUEST=GetCoverage&COVERAGEID=Elevacion25830_5&FORMAT=image%2Ftiff&SUBSET=x%28154555.25%2C155093.58%29&SUBSET=y%284750059.09%2C4750595.67%29	2026-08-01T00:00:00Z
weak-relief-wcs-v1-00539	wl-tile-v1-05630	wl-neg-neg-es-pba-31306	neg-es-pba-31306	0	hard_negative	train	ES	Madorra de Montouto 4	-7.222505549839658	42.82854833101683	-7.22564122,42.82624865,-7.21936987,42.83084801	154581.95,4750161.46,155120.28,4750698.03	512	Elevacion25830_5	https://servicios.idee.es/wcs-inspire/mdt	data/external/weak-label-relief-v1/train/negative/wl-tile-v1-05630-neg-es-pba-31306-mdt5.tif	downloaded	valid	108	107	4.985	5.015	EPSG:25830	1.000000	898.000	1026.000	23592	1		https://servicios.idee.es/wcs-inspire/mdt?SERVICE=WCS&VERSION=2.0.1&REQUEST=GetCoverage&COVERAGEID=Elevacion25830_5&FORMAT=image%2Ftiff&SUBSET=x%28154581.95%2C155120.28%29&SUBSET=y%284750161.46%2C4750698.03%29	2026-08-01T00:00:00Z
weak-relief-wcs-v1-00540	wl-tile-v1-05631	wl-neg-neg-es-pba-31307	neg-es-pba-31307	0	hard_negative	train	ES	Madorra de Montouto 5	-7.223034419513333	42.82673712591049	-7.22617000,42.82443745,-7.21989884,42.82903680	154528.61,4749962.46,155066.95,4750499.03	512	Elevacion25830_5	https://servicios.idee.es/wcs-inspire/mdt	data/external/weak-label-relief-v1/train/negative/wl-tile-v1-05631-neg-es-pba-31307-mdt5.tif	downloaded	valid	108	107	4.985	5.015	EPSG:25830	1.000000	927.000	1026.000	23592	1		https://servicios.idee.es/wcs-inspire/mdt?SERVICE=WCS&VERSION=2.0.1&REQUEST=GetCoverage&COVERAGEID=Elevacion25830_5&FORMAT=image%2Ftiff&SUBSET=x%28154528.61%2C155066.95%29&SUBSET=y%284749962.46%2C4750499.03%29	2026-08-01T00:00:00Z
weak-relief-wcs-v1-00541	wl-tile-v1-09429	wl-neg-neg-es-pba-74341	neg-es-pba-74341	0	hard_negative	train	ES	Madorra de Seixas	-8.1808761960794	42.815748094416286	-8.18401122,42.81344842,-8.17774117,42.81804777	76139.19,4753117.53,76683.42,4753660.02	512	Elevacion25830_5	https://servicios.idee.es/wcs-inspire/mdt	data/external/weak-label-relief-v1/train/negative/wl-tile-v1-09429-neg-es-pba-74341-mdt5.tif	downloaded	valid	109	108	4.993	5.023	EPSG:25830	1.000000	497.000	573.000	24024	1		https://servicios.idee.es/wcs-inspire/mdt?SERVICE=WCS&VERSION=2.0.1&REQUEST=GetCoverage&COVERAGEID=Elevacion25830_5&FORMAT=image%2Ftiff&SUBSET=x%2876139.19%2C76683.42%29&SUBSET=y%284753117.53%2C4753660.02%29	2026-08-01T00:00:00Z
weak-relief-wcs-v1-00542	wl-tile-v1-06075	wl-neg-neg-es-pba-38526	neg-es-pba-38526	0	hard_negative	train	ES	Madorra do Barreiro 1/Madorra do Monte Alfonsín 1	-7.2980487902457245	43.164284989059794	-7.30120164,43.16198531,-7.29489594,43.16658467	150317.09,4787764.24,150856.05,4788301.46	512	Elevacion25830_5	https://servicios.idee.es/wcs-inspire/mdt	data/external/weak-label-relief-v1/train/negative/wl-tile-v1-06075-neg-es-pba-38526-mdt5.tif	downloaded	valid	108	107	4.990	5.021	EPSG:25830	1.000000	551.000	573.000	23592	1		https://servicios.idee.es/wcs-inspire/mdt?SERVICE=WCS&VERSION=2.0.1&REQUEST=GetCoverage&COVERAGEID=Elevacion25830_5&FORMAT=image%2Ftiff&SUBSET=x%28150317.09%2C150856.05%29&SUBSET=y%284787764.24%2C4788301.46%29	2026-08-01T00:00:00Z
weak-relief-wcs-v1-00543	wl-tile-v1-06076	wl-neg-neg-es-pba-38527	neg-es-pba-38527	0	hard_negative	train	ES	Madorra do Barreiro 2/Madorra do Monte Alfonsín 2	-7.297783501297766	43.1649106093973	-7.30093639,43.16261093,-7.29463061,43.16721029	150342.23,4787832.62,150881.19,4788369.84	512	Elevacion25830_5	https://servicios.idee.es/wcs-inspire/mdt	data/external/weak-label-relief-v1/train/negative/wl-tile-v1-06076-neg-es-pba-38527-mdt5.tif	downloaded	valid	108	107	4.990	5.021	EPSG:25830	1.000000	553.000	570.000	23592	1		https://servicios.idee.es/wcs-inspire/mdt?SERVICE=WCS&VERSION=2.0.1&REQUEST=GetCoverage&COVERAGEID=Elevacion25830_5&FORMAT=image%2Ftiff&SUBSET=x%28150342.23%2C150881.19%29&SUBSET=y%284787832.62%2C4788369.84%29	2026-08-01T00:00:00Z
weak-relief-wcs-v1-00544	wl-tile-v1-05777	wl-neg-neg-es-pba-36360	neg-es-pba-36360	0	hard_negative	train	ES	Madorra do Chao do Couso 1	-7.020584358523475	43.02872748897815	-7.02373024,43.02642781,-7.01743848,43.03102717	172154.10,4771586.67,172691.28,4772122.10	512	Elevacion25830_5	https://servicios.idee.es/wcs-inspire/mdt	data/external/weak-label-relief-v1/train/negative/wl-tile-v1-05777-neg-es-pba-36360-mdt5.tif	downloaded	valid	107	107	5.020	5.004	EPSG:25830	1.000000	807.000	898.000	23378	1		https://servicios.idee.es/wcs-inspire/mdt?SERVICE=WCS&VERSION=2.0.1&REQUEST=GetCoverage&COVERAGEID=Elevacion25830_5&FORMAT=image%2Ftiff&SUBSET=x%28172154.10%2C172691.28%29&SUBSET=y%284771586.67%2C4772122.10%29	2026-08-01T00:00:00Z
weak-relief-wcs-v1-00545	wl-tile-v1-05778	wl-neg-neg-es-pba-36361	neg-es-pba-36361	0	hard_negative	train	ES	Madorra do Chao do Couso 2	-7.020815195438855	43.02918181142013	-7.02396110,43.02688213,-7.01766929,43.03148149	172137.71,4771638.03,172674.89,4772173.46	512	Elevacion25830_5	https://servicios.idee.es/wcs-inspire/mdt	data/external/weak-label-relief-v1/train/negative/wl-tile-v1-05778-neg-es-pba-36361-mdt5.tif	downloaded	valid	107	107	5.020	5.004	EPSG:25830	1.000000	811.000	894.000	23378	1		https://servicios.idee.es/wcs-inspire/mdt?SERVICE=WCS&VERSION=2.0.1&REQUEST=GetCoverage&COVERAGEID=Elevacion25830_5&FORMAT=image%2Ftiff&SUBSET=x%28172137.71%2C172674.89%29&SUBSET=y%284771638.03%2C4772173.46%29	2026-08-01T00:00:00Z
weak-relief-wcs-v1-00546	wl-tile-v1-05779	wl-neg-neg-es-pba-36362	neg-es-pba-36362	0	hard_negative	train	ES	Madorra do Coto da Maestra	-7.0244374275680945	43.02348671812782	-7.02758304,43.02118704,-7.02129181,43.02578639	171812.18,4771019.64,172349.38,4771555.09	512	Elevacion25830_5	https://servicios.idee.es/wcs-inspire/mdt	data/external/weak-label-relief-v1/train/negative/wl-tile-v1-05779-neg-es-pba-36362-mdt5.tif	downloaded	valid	107	107	5.021	5.004	EPSG:25830	1.000000	806.000	909.000	23378	1		https://servicios.idee.es/wcs-inspire/mdt?SERVICE=WCS&VERSION=2.0.1&REQUEST=GetCoverage&COVERAGEID=Elevacion25830_5&FORMAT=image%2Ftiff&SUBSET=x%28171812.18%2C172349.38%29&SUBSET=y%284771019.64%2C4771555.09%29	2026-08-01T00:00:00Z
weak-relief-wcs-v1-00547	wl-tile-v1-05781	wl-neg-neg-es-pba-36364	neg-es-pba-36364	0	hard_negative	train	ES	Madorra do Monte Meiroi 1	-7.008101765325159	43.00139724029796	-7.01124625,42.99909756,-7.00495728,43.00369692	173026.18,4768502.50,173563.27,4769037.84	512	Elevacion25830_5	https://servicios.idee.es/wcs-inspire/mdt	data/external/weak-label-relief-v1/train/negative/wl-tile-v1-05781-neg-es-pba-36364-mdt5.tif	downloaded	valid	107	107	5.020	5.003	EPSG:25830	1.000000	597.000	769.000	23378	1		https://servicios.idee.es/wcs-inspire/mdt?SERVICE=WCS&VERSION=2.0.1&REQUEST=GetCoverage&COVERAGEID=Elevacion25830_5&FORMAT=image%2Ftiff&SUBSET=x%28173026.18%2C173563.27%29&SUBSET=y%284768502.50%2C4769037.84%29	2026-08-01T00:00:00Z
weak-relief-wcs-v1-00548	wl-tile-v1-05782	wl-neg-neg-es-pba-36365	neg-es-pba-36365	0	hard_negative	train	ES	Madorra do Monte Meiroi 2	-7.00943963468763	43.00376438743342	-7.01258424,43.00146471,-7.00629503,43.00606406	172929.68,4768770.62,173466.78,4769305.97	512	Elevacion25830_5	https://servicios.idee.es/wcs-inspire/mdt	data/external/weak-label-relief-v1/train/negative/wl-tile-v1-05782-neg-es-pba-36365-mdt5.tif	downloaded	valid	107	107	5.020	5.003	EPSG:25830	1.000000	657.000	774.000	23378	1		https://servicios.idee.es/wcs-inspire/mdt?SERVICE=WCS&VERSION=2.0.1&REQUEST=GetCoverage&COVERAGEID=Elevacion25830_5&FORMAT=image%2Ftiff&SUBSET=x%28172929.68%2C173466.78%29&SUBSET=y%284768770.62%2C4769305.97%29	2026-08-01T00:00:00Z
weak-relief-wcs-v1-00549	wl-tile-v1-05783	wl-neg-neg-es-pba-36366	neg-es-pba-36366	0	hard_negative	train	ES	Madorra do Monte Meiroi 3	-7.00966486295491	43.00481126309131	-7.01280952,43.00251159,-7.00652021,43.00711094	172916.88,4768887.77,173453.98,4769423.12	512	Elevacion25830_5	https://servicios.idee.es/wcs-inspire/mdt	data/external/weak-label-relief-v1/train/negative/wl-tile-v1-05783-neg-es-pba-36366-mdt5.tif	downloaded	valid	107	107	5.020	5.003	EPSG:25830	1.000000	660.000	787.000	23378	1		https://servicios.idee.es/wcs-inspire/mdt?SERVICE=WCS&VERSION=2.0.1&REQUEST=GetCoverage&COVERAGEID=Elevacion25830_5&FORMAT=image%2Ftiff&SUBSET=x%28172916.88%2C173453.98%29&SUBSET=y%284768887.77%2C4769423.12%29	2026-08-01T00:00:00Z
weak-relief-wcs-v1-00550	wl-tile-v1-05780	wl-neg-neg-es-pba-36363	neg-es-pba-36363	0	hard_negative	train	ES	Madorra do Monte da Farrapa/Zarrapa 1	-7.02347352571404	43.01756561473272	-7.02661884,43.01526594,-7.02032822,43.01986529	171859.18,4770358.23,172396.37,4770893.67	512	Elevacion25830_5	https://servicios.idee.es/wcs-inspire/mdt	data/external/weak-label-relief-v1/train/negative/wl-tile-v1-05780-neg-es-pba-36363-mdt5.tif	downloaded	valid	107	107	5.020	5.004	EPSG:25830	1.000000	782.000	883.000	23378	1		https://servicios.idee.es/wcs-inspire/mdt?SERVICE=WCS&VERSION=2.0.1&REQUEST=GetCoverage&COVERAGEID=Elevacion25830_5&FORMAT=image%2Ftiff&SUBSET=x%28171859.18%2C172396.37%29&SUBSET=y%284770358.23%2C4770893.67%29	2026-08-01T00:00:00Z
weak-relief-wcs-v1-00551	wl-tile-v1-05784	wl-neg-neg-es-pba-36367	neg-es-pba-36367	0	hard_negative	train	ES	Madorra do Moural 1	-7.049858441762178	43.02095844151123	-7.05300393,43.01865876,-7.04671296,43.02325812	169726.94,4770838.51,170264.30,4771374.12	512	Elevacion25830_5	https://servicios.idee.es/wcs-inspire/mdt	data/external/weak-label-relief-v1/train/negative/wl-tile-v1-05784-neg-es-pba-36367-mdt5.tif	downloaded	valid	107	107	5.022	5.006	EPSG:25830	1.000000	808.000	909.000	23378	1		https://servicios.idee.es/wcs-inspire/mdt?SERVICE=WCS&VERSION=2.0.1&REQUEST=GetCoverage&COVERAGEID=Elevacion25830_5&FORMAT=image%2Ftiff&SUBSET=x%28169726.94%2C170264.30%29&SUBSET=y%284770838.51%2C4771374.12%29	2026-08-01T00:00:00Z
weak-relief-wcs-v1-00552	wl-tile-v1-05785	wl-neg-neg-es-pba-36392	neg-es-pba-36392	0	hard_negative	train	ES	Madorra do Moural 2	-7.048828638788541	43.020355254534444	-7.05197409,43.01805558,-7.04568319,43.02265493	169807.64,4770767.47,170344.99,4771303.07	512	Elevacion25830_5	https://servicios.idee.es/wcs-inspire/mdt	data/external/weak-label-relief-v1/train/negative/wl-tile-v1-05785-neg-es-pba-36392-mdt5.tif	downloaded	valid	107	107	5.022	5.006	EPSG:25830	1.000000	832.000	909.000	23378	1		https://servicios.idee.es/wcs-inspire/mdt?SERVICE=WCS&VERSION=2.0.1&REQUEST=GetCoverage&COVERAGEID=Elevacion25830_5&FORMAT=image%2Ftiff&SUBSET=x%28169807.64%2C170344.99%29&SUBSET=y%284770767.47%2C4771303.07%29	2026-08-01T00:00:00Z
weak-relief-wcs-v1-00553	wl-tile-v1-05786	wl-neg-neg-es-pba-36393	neg-es-pba-36393	0	hard_negative	train	ES	Madorra do Pico das Valiñas 1	-7.0282983910039745	43.02415109174978	-7.03144404,43.02185142,-7.02515274,43.02645077	171501.08,4771108.53,172038.31,4771644.01	512	Elevacion25830_5	https://servicios.idee.es/wcs-inspire/mdt	data/external/weak-label-relief-v1/train/negative/wl-tile-v1-05786-neg-es-pba-36393-mdt5.tif	downloaded	valid	107	107	5.021	5.004	EPSG:25830	1.000000	864.000	915.000	23378	1		https://servicios.idee.es/wcs-inspire/mdt?SERVICE=WCS&VERSION=2.0.1&REQUEST=GetCoverage&COVERAGEID=Elevacion25830_5&FORMAT=image%2Ftiff&SUBSET=x%28171501.08%2C172038.31%29&SUBSET=y%284771108.53%2C4771644.01%29	2026-08-01T00:00:00Z
weak-relief-wcs-v1-00554	wl-tile-v1-05787	wl-neg-neg-es-pba-36394	neg-es-pba-36394	0	hard_negative	train	ES	Madorra do Pico das Valiñas 2	-7.02808284125175	43.023754692701786	-7.03122847,43.02145502,-7.02493721,43.02605437	171516.53,4771063.66,172053.76,4771599.13	512	Elevacion25830_5	https://servicios.idee.es/wcs-inspire/mdt	data/external/weak-label-relief-v1/train/negative/wl-tile-v1-05787-neg-es-pba-36394-mdt5.tif	downloaded	valid	107	107	5.021	5.004	EPSG:25830	1.000000	856.000	914.000	23378	1		https://servicios.idee.es/wcs-inspire/mdt?SERVICE=WCS&VERSION=2.0.1&REQUEST=GetCoverage&COVERAGEID=Elevacion25830_5&FORMAT=image%2Ftiff&SUBSET=x%28171516.53%2C172053.76%29&SUBSET=y%284771063.66%2C4771599.13%29	2026-08-01T00:00:00Z
weak-relief-wcs-v1-00555	wl-tile-v1-11750	wl-pos-pos-pt-dgpc-108223	pos-pt-dgpc-108223	1	positive	train	PT	Alto do Castro	-6.76239540793134	41.86987925122878	-6.76548362,41.86757957,-6.75930719,41.87217893		512	Elevacion25830_5	https://servicios.idee.es/wcs-inspire/mdt	data/external/weak-label-relief-v1/train/positive/wl-tile-v1-11750-pos-pt-dgpc-108223-mdt5.tif	skipped	unsupported_country											WCS MDT target currently supports Spain/EPSG:25830 only		2026-08-01T00:00:00Z
weak-relief-wcs-v1-00556	wl-tile-v1-11841	wl-pos-pos-pt-dgpc-109074	pos-pt-dgpc-109074	1	positive	train	PT	Alto do Castro	-7.584821898978187	41.672822407387976	-7.58790064,41.67052273,-7.58174316,41.67512208		512	Elevacion25830_5	https://servicios.idee.es/wcs-inspire/mdt	data/external/weak-label-relief-v1/train/positive/wl-tile-v1-11841-pos-pt-dgpc-109074-mdt5.tif	skipped	unsupported_country											WCS MDT target currently supports Spain/EPSG:25830 only		2026-08-01T00:00:00Z
weak-relief-wcs-v1-00557	wl-tile-v1-11755	wl-pos-pos-pt-dgpc-108603	pos-pt-dgpc-108603	1	positive	train	PT	Ara 1 de Castro de Avelãs	-6.8060670025937124	41.796567931916904	-6.80915168,41.79426826,-6.80298232,41.79886761		512	Elevacion25830_5	https://servicios.idee.es/wcs-inspire/mdt	data/external/weak-label-relief-v1/train/positive/wl-tile-v1-11755-pos-pt-dgpc-108603-mdt5.tif	skipped	unsupported_country											WCS MDT target currently supports Spain/EPSG:25830 only		2026-08-01T00:00:00Z
weak-relief-wcs-v1-00558	wl-tile-v1-11757	wl-pos-pos-pt-dgpc-108635	pos-pt-dgpc-108635	1	positive	train	PT	Ara 2 de Castro de Avelãs	-6.804336582949994	41.79879868294752	-6.80742137,41.79649901,-6.80125180,41.80109836		512	Elevacion25830_5	https://servicios.idee.es/wcs-inspire/mdt	data/external/weak-label-relief-v1/train/positive/wl-tile-v1-11757-pos-pt-dgpc-108635-mdt5.tif	skipped	unsupported_country											WCS MDT target currently supports Spain/EPSG:25830 only		2026-08-01T00:00:00Z
weak-relief-wcs-v1-00559	wl-tile-v1-11759	wl-pos-pos-pt-dgpc-108644	pos-pt-dgpc-108644	1	positive	train	PT	Ara 3 de Castro de Avelãs	-6.805891026716784	41.79926679529511	-6.80897583,41.79696712,-6.80280622,41.80156647		512	Elevacion25830_5	https://servicios.idee.es/wcs-inspire/mdt	data/external/weak-label-relief-v1/train/positive/wl-tile-v1-11759-pos-pt-dgpc-108644-mdt5.tif	skipped	unsupported_country											WCS MDT target currently supports Spain/EPSG:25830 only		2026-08-01T00:00:00Z
weak-relief-wcs-v1-00560	wl-tile-v1-11715	wl-pos-pos-pt-dgpc-109754	pos-pt-dgpc-109754	1	positive	train	PT	Besteiros/ Castro do Gerês	-8.374512028690974	41.64482375660884	-8.37758943,41.64252408,-8.37143463,41.64712343		512	Elevacion25830_5	https://servicios.idee.es/wcs-inspire/mdt	data/external/weak-label-relief-v1/train/positive/wl-tile-v1-11715-pos-pt-dgpc-109754-mdt5.tif	skipped	unsupported_country											WCS MDT target currently supports Spain/EPSG:25830 only		2026-08-01T00:00:00Z
weak-relief-wcs-v1-00561	wl-tile-v1-11729	wl-pos-pos-pt-dgpc-107616	pos-pt-dgpc-107616	1	positive	train	PT	Braga - Castro Máximo/ Monte do Castro	-8.428259611285663	41.56075203918984	-8.43133301,41.55845236,-8.42518622,41.56305172		512	Elevacion25830_5	https://servicios.idee.es/wcs-inspire/mdt	data/external/weak-label-relief-v1/train/positive/wl-tile-v1-11729-pos-pt-dgpc-107616-mdt5.tif	skipped	unsupported_country											WCS MDT target currently supports Spain/EPSG:25830 only		2026-08-01T00:00:00Z
weak-relief-wcs-v1-00562	wl-tile-v1-11726	wl-pos-pos-pt-dgpc-107516	pos-pt-dgpc-107516	1	positive	train	PT	Braga - Cividade	-8.429747845129045	41.54544202908791	-8.43282051,41.54314235,-8.42667518,41.54774171		512	Elevacion25830_5	https://servicios.idee.es/wcs-inspire/mdt	data/external/weak-label-relief-v1/train/positive/wl-tile-v1-11726-pos-pt-dgpc-107516-mdt5.tif	skipped	unsupported_country											WCS MDT target currently supports Spain/EPSG:25830 only		2026-08-01T00:00:00Z
weak-relief-wcs-v1-00563	wl-tile-v1-11727	wl-pos-pos-pt-dgpc-107539	pos-pt-dgpc-107539	1	positive	train	PT	Braga - Termas Romanas de Maximinos/ Alto da Cividade/ Colina de Maximinos	-8.429089023324988	41.54609898557247	-8.43216172,41.54379931,-8.42601632,41.54839866		512	Elevacion25830_5	https://servicios.idee.es/wcs-inspire/mdt	data/external/weak-label-relief-v1/train/positive/wl-tile-v1-11727-pos-pt-dgpc-107539-mdt5.tif	skipped	unsupported_country											WCS MDT target currently supports Spain/EPSG:25830 only		2026-08-01T00:00:00Z
weak-relief-wcs-v1-00564	wl-tile-v1-11764	wl-pos-pos-pt-dgpc-108740	pos-pt-dgpc-108740	1	positive	train	PT	Caracuto do Castro	-6.6005481259696435	41.81795848021611	-6.60363383,41.81565880,-6.59746242,41.82025816		512	Elevacion25830_5	https://servicios.idee.es/wcs-inspire/mdt	data/external/weak-label-relief-v1/train/positive/wl-tile-v1-11764-pos-pt-dgpc-108740-mdt5.tif	skipped	unsupported_country											WCS MDT target currently supports Spain/EPSG:25830 only		2026-08-01T00:00:00Z
weak-relief-wcs-v1-00565	wl-tile-v1-11828	wl-pos-pos-pt-dgpc-108544	pos-pt-dgpc-108544	1	positive	train	PT	Castelo de Fraião/ Castelo da Furna / Castro de Boivão	-8.549469810670297	41.9901923342301	-8.55256385,41.98789266,-8.54637577,41.99249201		512	Elevacion25830_5	https://servicios.idee.es/wcs-inspire/mdt	data/external/weak-label-relief-v1/train/positive/wl-tile-v1-11828-pos-pt-dgpc-108544-mdt5.tif	skipped	unsupported_country											WCS MDT target currently supports Spain/EPSG:25830 only		2026-08-01T00:00:00Z
weak-relief-wcs-v1-00566	wl-tile-v1-11793	wl-pos-pos-pt-dgpc-104878	pos-pt-dgpc-104878	1	positive	train	PT	Castelo de Santa Cruz/ Castro do Alto do Louredo/ Castelo Novo	-8.13001875243632	41.250858890136534	-8.13307752,41.24855921,-8.12695998,41.25315857		512	Elevacion25830_5	https://servicios.idee.es/wcs-inspire/mdt	data/external/weak-label-relief-v1/train/positive/wl-tile-v1-11793-pos-pt-dgpc-104878-mdt5.tif	skipped	unsupported_country											WCS MDT target currently supports Spain/EPSG:25830 only		2026-08-01T00:00:00Z
weak-relief-wcs-v1-00567	wl-tile-v1-11817	wl-pos-pos-pt-dgpc-108573	pos-pt-dgpc-108573	1	positive	train	PT	Castelo do Castro Laboreiro	-8.158363122036318	42.0228150809579	-8.16145875,42.02051540,-8.15526749,42.02511476		512	Elevacion25830_5	https://servicios.idee.es/wcs-inspire/mdt	data/external/weak-label-relief-v1/train/positive/wl-tile-v1-11817-pos-pt-dgpc-108573-mdt5.tif	skipped	unsupported_country											WCS MDT target currently supports Spain/EPSG:25830 only		2026-08-01T00:00:00Z
weak-relief-wcs-v1-00568	wl-tile-v1-11718	wl-pos-pos-pt-dgpc-109954	pos-pt-dgpc-109954	1	positive	train	PT	Castelo do Espinho/ Castro de São Pedro Fins	-8.361860851549643	41.65611305870837	-8.36493879,41.65381338,-8.35878291,41.65841274		512	Elevacion25830_5	https://servicios.idee.es/wcs-inspire/mdt	data/external/weak-label-relief-v1/train/positive/wl-tile-v1-11718-pos-pt-dgpc-109954-mdt5.tif	skipped	unsupported_country											WCS MDT target currently supports Spain/EPSG:25830 only		2026-08-01T00:00:00Z
weak-relief-wcs-v1-00569	wl-tile-v1-11752	wl-pos-pos-pt-dgpc-108459	pos-pt-dgpc-108459	1	positive	train	PT	Castro	-6.619512020447835	41.937586824001684	-6.62260351,41.93528715,-6.61642053,41.93988650		512	Elevacion25830_5	https://servicios.idee.es/wcs-inspire/mdt	data/external/weak-label-relief-v1/train/positive/wl-tile-v1-11752-pos-pt-dgpc-108459-mdt5.tif	skipped	unsupported_country											WCS MDT target currently supports Spain/EPSG:25830 only		2026-08-01T00:00:00Z
weak-relief-wcs-v1-00570	wl-tile-v1-11762	wl-pos-pos-pt-dgpc-108659	pos-pt-dgpc-108659	1	positive	train	PT	Castro	-6.795479472015511	41.80178395281529	-6.79856440,41.79948428,-6.79239454,41.80408363		512	Elevacion25830_5	https://servicios.idee.es/wcs-inspire/mdt	data/external/weak-label-relief-v1/train/positive/wl-tile-v1-11762-pos-pt-dgpc-108659-mdt5.tif	skipped	unsupported_country											WCS MDT target currently supports Spain/EPSG:25830 only		2026-08-01T00:00:00Z
weak-relief-wcs-v1-00571	wl-tile-v1-11779	wl-pos-pos-pt-dgpc-108213	pos-pt-dgpc-108213	1	positive	train	PT	Castro	-6.932546403445836	41.86575125935737	-6.93563442,41.86345158,-6.92945839,41.86805094		512	Elevacion25830_5	https://servicios.idee.es/wcs-inspire/mdt	data/external/weak-label-relief-v1/train/positive/wl-tile-v1-11779-pos-pt-dgpc-108213-mdt5.tif	skipped	unsupported_country											WCS MDT target currently supports Spain/EPSG:25830 only		2026-08-01T00:00:00Z
weak-relief-wcs-v1-00572	wl-tile-v1-11781	wl-pos-pos-pt-dgpc-108406	pos-pt-dgpc-108406	1	positive	train	PT	Castro	-6.9042343338512735	41.916498308815804	-6.90732480,41.91419863,-6.90114387,41.91879799		512	Elevacion25830_5	https://servicios.idee.es/wcs-inspire/mdt	data/external/weak-label-relief-v1/train/positive/wl-tile-v1-11781-pos-pt-dgpc-108406-mdt5.tif	skipped	unsupported_country											WCS MDT target currently supports Spain/EPSG:25830 only		2026-08-01T00:00:00Z
weak-relief-wcs-v1-00573	wl-tile-v1-11832	wl-pos-pos-pt-dgpc-108368	pos-pt-dgpc-108368	1	positive	train	PT	Castro	-8.667366499666082	41.902914772038585	-8.67045631,41.90061510,-8.66427669,41.90521445		512	Elevacion25830_5	https://servicios.idee.es/wcs-inspire/mdt	data/external/weak-label-relief-v1/train/positive/wl-tile-v1-11832-pos-pt-dgpc-108368-mdt5.tif	skipped	unsupported_country											WCS MDT target currently supports Spain/EPSG:25830 only		2026-08-01T00:00:00Z
weak-relief-wcs-v1-00574	wl-tile-v1-11835	wl-pos-pos-pt-dgpc-108508	pos-pt-dgpc-108508	1	positive	train	PT	Castro	-8.724159433968671	41.95845476232405	-8.72725194,41.95615509,-8.72106693,41.96075444		512	Elevacion25830_5	https://servicios.idee.es/wcs-inspire/mdt	data/external/weak-label-relief-v1/train/positive/wl-tile-v1-11835-pos-pt-dgpc-108508-mdt5.tif	skipped	unsupported_country											WCS MDT target currently supports Spain/EPSG:25830 only		2026-08-01T00:00:00Z
weak-relief-wcs-v1-00575	wl-tile-v1-11872	wl-pos-pos-pt-dgpc-109939	pos-pt-dgpc-109939	1	positive	train	PT	Castro	-7.892543046393498	41.78416777779164	-7.89562713,41.78186810,-7.88945896,41.78646745		512	Elevacion25830_5	https://servicios.idee.es/wcs-inspire/mdt	data/external/weak-label-relief-v1/train/positive/wl-tile-v1-11872-pos-pt-dgpc-109939-mdt5.tif	skipped	unsupported_country											WCS MDT target currently supports Spain/EPSG:25830 only		2026-08-01T00:00:00Z
weak-relief-wcs-v1-00576	wl-tile-v1-11811	wl-pos-pos-pt-dgpc-106433	pos-pt-dgpc-106433	1	positive	train	PT	Castro Boi	-8.675745972220364	41.324310467257675	-8.67880819,41.32201079,-8.67268375,41.32661014		512	Elevacion25830_5	https://servicios.idee.es/wcs-inspire/mdt	data/external/weak-label-relief-v1/train/positive/wl-tile-v1-11811-pos-pt-dgpc-106433-mdt5.tif	skipped	unsupported_country											WCS MDT target currently supports Spain/EPSG:25830 only		2026-08-01T00:00:00Z
weak-relief-wcs-v1-00577	wl-tile-v1-11818	wl-pos-pos-pt-dgpc-108574	pos-pt-dgpc-108574	1	positive	train	PT	Castro Laboreiro	-8.157555916572587	42.021630159868685	-8.16065149,42.01933048,-8.15446034,42.02392984		512	Elevacion25830_5	https://servicios.idee.es/wcs-inspire/mdt	data/external/weak-label-relief-v1/train/positive/wl-tile-v1-11818-pos-pt-dgpc-108574-mdt5.tif	skipped	unsupported_country											WCS MDT target currently supports Spain/EPSG:25830 only		2026-08-01T00:00:00Z
weak-relief-wcs-v1-00578	wl-tile-v1-11768	wl-pos-pos-pt-dgpc-109077	pos-pt-dgpc-109077	1	positive	train	PT	Castro Mau	-6.6492602594035155	41.67301945638685	-6.65233901,41.67071978,-6.64618151,41.67531913		512	Elevacion25830_5	https://servicios.idee.es/wcs-inspire/mdt	data/external/weak-label-relief-v1/train/positive/wl-tile-v1-11768-pos-pt-dgpc-109077-mdt5.tif	skipped	unsupported_country											WCS MDT target currently supports Spain/EPSG:25830 only		2026-08-01T00:00:00Z
weak-relief-wcs-v1-00579	wl-tile-v1-11790	wl-pos-pos-pt-dgpc-109505	pos-pt-dgpc-109505	1	positive	train	PT	Castro Mau	-7.0712436537457375	41.75953008944723	-7.07432655,41.75723041,-7.06816076,41.76182977		512	Elevacion25830_5	https://servicios.idee.es/wcs-inspire/mdt	data/external/weak-label-relief-v1/train/positive/wl-tile-v1-11790-pos-pt-dgpc-109505-mdt5.tif	skipped	unsupported_country											WCS MDT target currently supports Spain/EPSG:25830 only		2026-08-01T00:00:00Z
weak-relief-wcs-v1-00580	wl-tile-v1-11769	wl-pos-pos-pt-dgpc-109156	pos-pt-dgpc-109156	1	positive	train	PT	Castro Mouro/Pena Alta	-6.6435497326105555	41.675916631779195	-6.64662862,41.67361696,-6.64047084,41.67821631		512	Elevacion25830_5	https://servicios.idee.es/wcs-inspire/mdt	data/external/weak-label-relief-v1/train/positive/wl-tile-v1-11769-pos-pt-dgpc-109156-mdt5.tif	skipped	unsupported_country											WCS MDT target currently supports Spain/EPSG:25830 only		2026-08-01T00:00:00Z
weak-relief-wcs-v1-00581	wl-tile-v1-11733	wl-pos-pos-pt-dgpc-107213	pos-pt-dgpc-107213	1	positive	train	PT	Castro da Barrega	-8.072141651379246	41.39409688756674	-8.07520715,41.39179721,-8.06907615,41.39639656		512	Elevacion25830_5	https://servicios.idee.es/wcs-inspire/mdt	data/external/weak-label-relief-v1/train/positive/wl-tile-v1-11733-pos-pt-dgpc-107213-mdt5.tif	skipped	unsupported_country											WCS MDT target currently supports Spain/EPSG:25830 only		2026-08-01T00:00:00Z
weak-relief-wcs-v1-00582	wl-tile-v1-11783	wl-pos-pos-pt-dgpc-108519	pos-pt-dgpc-108519	1	positive	train	PT	Castro da Cisterna/Vila de Souane	-7.166669309290391	41.97077226108336	-7.16976241,41.96847258,-7.16357621,41.97307194		512	Elevacion25830_5	https://servicios.idee.es/wcs-inspire/mdt	data/external/weak-label-relief-v1/train/positive/wl-tile-v1-11783-pos-pt-dgpc-108519-mdt5.tif	skipped	unsupported_country											WCS MDT target currently supports Spain/EPSG:25830 only		2026-08-01T00:00:00Z
weak-relief-wcs-v1-00583	wl-tile-v1-11845	wl-pos-pos-pt-dgpc-109752	pos-pt-dgpc-109752	1	positive	train	PT	Castro da Curalha	-7.5281246835858004	41.70938007370585	-7.53120517,41.70708040,-7.52504419,41.71167975		512	Elevacion25830_5	https://servicios.idee.es/wcs-inspire/mdt	data/external/weak-label-relief-v1/train/positive/wl-tile-v1-11845-pos-pt-dgpc-109752-mdt5.tif	skipped	unsupported_country											WCS MDT target currently supports Spain/EPSG:25830 only		2026-08-01T00:00:00Z
weak-relief-wcs-v1-00584	wl-tile-v1-11722	wl-pos-pos-pt-dgpc-109346	pos-pt-dgpc-109346	1	positive	train	PT	Castro da Giesta	-8.67432271960183	41.62738226566458	-8.67739929,41.62508259,-8.67124615,41.62968194		512	Elevacion25830_5	https://servicios.idee.es/wcs-inspire/mdt	data/external/weak-label-relief-v1/train/positive/wl-tile-v1-11722-pos-pt-dgpc-109346-mdt5.tif	skipped	unsupported_country											WCS MDT target currently supports Spain/EPSG:25830 only		2026-08-01T00:00:00Z
weak-relief-wcs-v1-00585	wl-tile-v1-11859	wl-pos-pos-pt-dgpc-108949	pos-pt-dgpc-108949	1	positive	train	PT	Castro da Mina	-7.608561654274773	41.85032457284781	-7.61164892,41.84802490,-7.60547439,41.85262425		512	Elevacion25830_5	https://servicios.idee.es/wcs-inspire/mdt	data/external/weak-label-relief-v1/train/positive/wl-tile-v1-11859-pos-pt-dgpc-108949-mdt5.tif	skipped	unsupported_country											WCS MDT target currently supports Spain/EPSG:25830 only		2026-08-01T00:00:00Z
weak-relief-wcs-v1-00586	wl-tile-v1-11851	wl-pos-pos-pt-dgpc-108624	pos-pt-dgpc-108624	1	positive	train	PT	Castro da Parada/ Cabeça do Castro	-7.939909226578106	41.797779822594116	-7.94299396,41.79548015,-7.93682449,41.80007950		512	Elevacion25830_5	https://servicios.idee.es/wcs-inspire/mdt	data/external/weak-label-relief-v1/train/positive/wl-tile-v1-11851-pos-pt-dgpc-108624-mdt5.tif	skipped	unsupported_country											WCS MDT target currently supports Spain/EPSG:25830 only		2026-08-01T00:00:00Z
weak-relief-wcs-v1-00587	wl-tile-v1-11798	wl-pos-pos-pt-dgpc-106386	pos-pt-dgpc-106386	1	positive	train	PT	Castro da Pedreira	-8.216724020541195	41.31889881965584	-8.21978598,41.31659914,-8.21366206,41.32119850		512	Elevacion25830_5	https://servicios.idee.es/wcs-inspire/mdt	data/external/weak-label-relief-v1/train/positive/wl-tile-v1-11798-pos-pt-dgpc-106386-mdt5.tif	skipped	unsupported_country											WCS MDT target currently supports Spain/EPSG:25830 only		2026-08-01T00:00:00Z
weak-relief-wcs-v1-00588	wl-tile-v1-11788	wl-pos-pos-pt-dgpc-108962	pos-pt-dgpc-108962	1	positive	train	PT	Castro da Ponte	-6.930726851316939	41.85357825970504	-6.93381428,41.85127858,-6.92763943,41.85587794		512	Elevacion25830_5	https://servicios.idee.es/wcs-inspire/mdt	data/external/weak-label-relief-v1/train/positive/wl-tile-v1-11788-pos-pt-dgpc-108962-mdt5.tif	skipped	unsupported_country											WCS MDT target currently supports Spain/EPSG:25830 only		2026-08-01T00:00:00Z
weak-relief-wcs-v1-00589	wl-tile-v1-11770	wl-pos-pos-pt-dgpc-109605	pos-pt-dgpc-109605	1	positive	train	PT	Castro da Réfega	-6.559963346804474	41.7649231422277	-6.56304650,41.76262347,-6.55688019,41.76722282		512	Elevacion25830_5	https://servicios.idee.es/wcs-inspire/mdt	data/external/weak-label-relief-v1/train/positive/wl-tile-v1-11770-pos-pt-dgpc-109605-mdt5.tif	skipped	unsupported_country											WCS MDT target currently supports Spain/EPSG:25830 only		2026-08-01T00:00:00Z
weak-relief-wcs-v1-00590	wl-tile-v1-11763	wl-pos-pos-pt-dgpc-108722	pos-pt-dgpc-108722	1	positive	train	PT	Castro da Sapeira	-6.660710630854306	41.81325342371423	-6.66379611,41.81095375,-6.65762515,41.81555310		512	Elevacion25830_5	https://servicios.idee.es/wcs-inspire/mdt	data/external/weak-label-relief-v1/train/positive/wl-tile-v1-11763-pos-pt-dgpc-108722-mdt5.tif	skipped	unsupported_country											WCS MDT target currently supports Spain/EPSG:25830 only		2026-08-01T00:00:00Z
weak-relief-wcs-v1-00591	wl-tile-v1-11773	wl-pos-pos-pt-dgpc-109795	pos-pt-dgpc-109795	1	positive	train	PT	Castro da Seara / Castro Serzedo	-6.901410000626809	41.77476158198164	-6.90449363,41.77246191,-6.89832637,41.77706126		512	Elevacion25830_5	https://servicios.idee.es/wcs-inspire/mdt	data/external/weak-label-relief-v1/train/positive/wl-tile-v1-11773-pos-pt-dgpc-109795-mdt5.tif	skipped	unsupported_country											WCS MDT target currently supports Spain/EPSG:25830 only		2026-08-01T00:00:00Z
weak-relief-wcs-v1-00592	wl-tile-v1-11730	wl-pos-pos-pt-dgpc-107708	pos-pt-dgpc-107708	1	positive	train	PT	Castro da Sola	-8.4179196612204	41.58103628055815	-8.42099402,41.57873660,-8.41484530,41.58333596		512	Elevacion25830_5	https://servicios.idee.es/wcs-inspire/mdt	data/external/weak-label-relief-v1/train/positive/wl-tile-v1-11730-pos-pt-dgpc-107708-mdt5.tif	skipped	unsupported_country											WCS MDT target currently supports Spain/EPSG:25830 only		2026-08-01T00:00:00Z
weak-relief-wcs-v1-00593	wl-tile-v1-11738	wl-pos-pos-pt-dgpc-107083	pos-pt-dgpc-107083	1	positive	train	PT	Castro das Eiras/ Monte das Eiras	-8.44361112742367	41.43718056711798	-8.44667866,41.43488089,-8.44054359,41.43948024		512	Elevacion25830_5	https://servicios.idee.es/wcs-inspire/mdt	data/external/weak-label-relief-v1/train/positive/wl-tile-v1-11738-pos-pt-dgpc-107083-mdt5.tif	skipped	unsupported_country											WCS MDT target currently supports Spain/EPSG:25830 only		2026-08-01T00:00:00Z
weak-relief-wcs-v1-00594	wl-tile-v1-11732	wl-pos-pos-pt-dgpc-108069	pos-pt-dgpc-108069	1	positive	train	PT	Castro das Lages	-8.44941806452	41.49944373429104	-8.45248855,41.49714406,-8.44634758,41.50174341		512	Elevacion25830_5	https://servicios.idee.es/wcs-inspire/mdt	data/external/weak-label-relief-v1/train/positive/wl-tile-v1-11732-pos-pt-dgpc-108069-mdt5.tif	skipped	unsupported_country											WCS MDT target currently supports Spain/EPSG:25830 only		2026-08-01T00:00:00Z
weak-relief-wcs-v1-00595	wl-tile-v1-11799	wl-pos-pos-pt-dgpc-106944	pos-pt-dgpc-106944	1	positive	train	PT	Castro das Lazarinhas / Coutada	-8.263177758428938	41.37594058296501	-8.26624241,41.37364091,-8.26011311,41.37824026		512	Elevacion25830_5	https://servicios.idee.es/wcs-inspire/mdt	data/external/weak-label-relief-v1/train/positive/wl-tile-v1-11799-pos-pt-dgpc-106944-mdt5.tif	skipped	unsupported_country											WCS MDT target currently supports Spain/EPSG:25830 only		2026-08-01T00:00:00Z
weak-relief-wcs-v1-00596	wl-tile-v1-11809	wl-pos-pos-pt-dgpc-106254	pos-pt-dgpc-106254	1	positive	train	PT	Castro de Alvarelhos/ Castro de São Marçal	-8.61788128955152	41.30079853389695	-8.62094240,41.29849886,-8.61482018,41.30309821		512	Elevacion25830_5	https://servicios.idee.es/wcs-inspire/mdt	data/external/weak-label-relief-v1/train/positive/wl-tile-v1-11809-pos-pt-dgpc-106254-mdt5.tif	skipped	unsupported_country											WCS MDT target currently supports Spain/EPSG:25830 only		2026-08-01T00:00:00Z
weak-relief-wcs-v1-00597	wl-tile-v1-11808	wl-pos-pos-pt-dgpc-106958	pos-pt-dgpc-106958	1	positive	train	PT	Castro de Argivai	-8.72483041551296	41.376380992207345	-8.72789508,41.37408132,-8.72176575,41.37868067		512	Elevacion25830_5	https://servicios.idee.es/wcs-inspire/mdt	data/external/weak-label-relief-v1/train/positive/wl-tile-v1-11808-pos-pt-dgpc-106958-mdt5.tif	skipped	unsupported_country											WCS MDT target currently supports Spain/EPSG:25830 only		2026-08-01T00:00:00Z
weak-relief-wcs-v1-00598	wl-tile-v1-11778	wl-pos-pos-pt-dgpc-108195	pos-pt-dgpc-108195	1	positive	train	PT	Castro de Arnade	-6.932859597459606	41.861883268052985	-6.93594742,41.85958359,-6.92977177,41.86418294		512	Elevacion25830_5	https://servicios.idee.es/wcs-inspire/mdt	data/external/weak-label-relief-v1/train/positive/wl-tile-v1-11778-pos-pt-dgpc-108195-mdt5.tif	skipped	unsupported_country											WCS MDT target currently supports Spain/EPSG:25830 only		2026-08-01T00:00:00Z
weak-relief-wcs-v1-00599	wl-tile-v1-11830	wl-pos-pos-pt-dgpc-115142	pos-pt-dgpc-115142	1	positive	train	PT	Castro de Bacelar	-8.602427335760042	41.98532160020247	-8.60552114,41.98302192,-8.59933353,41.98762128		512	Elevacion25830_5	https://servicios.idee.es/wcs-inspire/mdt	data/external/weak-label-relief-v1/train/positive/wl-tile-v1-11830-pos-pt-dgpc-115142-mdt5.tif	skipped	unsupported_country											WCS MDT target currently supports Spain/EPSG:25830 only		2026-08-01T00:00:00Z
weak-relief-wcs-v1-00600	wl-tile-v1-11812	wl-pos-pos-pt-dgpc-107033	pos-pt-dgpc-107033	1	positive	train	PT	Castro de Bagunte/ Monte da Cividade/ Cividade de Bagunte	-8.655557438082585	41.383649713653774	-8.65862245,41.38135004,-8.65249243,41.38594939		512	Elevacion25830_5	https://servicios.idee.es/wcs-inspire/mdt	data/external/weak-label-relief-v1/train/positive/wl-tile-v1-11812-pos-pt-dgpc-107033-mdt5.tif	skipped	unsupported_country											WCS MDT target currently supports Spain/EPSG:25830 only		2026-08-01T00:00:00Z
weak-relief-wcs-v1-00601	wl-tile-v1-11749	wl-pos-pos-pt-dgpc-108199	pos-pt-dgpc-108199	1	positive	train	PT	Castro de Baçal	-6.721106866779897	41.86325727605982	-6.72419476,41.86095760,-6.71801897,41.86555695		512	Elevacion25830_5	https://servicios.idee.es/wcs-inspire/mdt	data/external/weak-label-relief-v1/train/positive/wl-tile-v1-11749-pos-pt-dgpc-108199-mdt5.tif	skipped	unsupported_country											WCS MDT target currently supports Spain/EPSG:25830 only		2026-08-01T00:00:00Z
weak-relief-wcs-v1-00602	wl-tile-v1-11735	wl-pos-pos-pt-dgpc-107764	pos-pt-dgpc-107764	1	positive	train	PT	Castro de Brunhais	-8.181544526530962	41.59555126991564	-8.18461958,41.59325159,-8.17846947,41.59785095		512	Elevacion25830_5	https://servicios.idee.es/wcs-inspire/mdt	data/external/weak-label-relief-v1/train/positive/wl-tile-v1-11735-pos-pt-dgpc-107764-mdt5.tif	skipped	unsupported_country											WCS MDT target currently supports Spain/EPSG:25830 only		2026-08-01T00:00:00Z
weak-relief-wcs-v1-00603	wl-tile-v1-11873	wl-pos-pos-pt-dgpc-110091	pos-pt-dgpc-110091	1	positive	train	PT	Castro de Cabanas	-7.982476719579076	41.66371118978938	-7.98555502,41.66141151,-7.97939841,41.66601087		512	Elevacion25830_5	https://servicios.idee.es/wcs-inspire/mdt	data/external/weak-label-relief-v1/train/positive/wl-tile-v1-11873-pos-pt-dgpc-110091-mdt5.tif	skipped	unsupported_country											WCS MDT target currently supports Spain/EPSG:25830 only		2026-08-01T00:00:00Z
weak-relief-wcs-v1-00604	wl-tile-v1-11867	wl-pos-pos-pt-dgpc-109682	pos-pt-dgpc-109682	1	positive	train	PT	Castro de Cabeça da Armada	-7.903768916488706	41.70531965234617	-7.90684921,41.70301998,-7.90068862,41.70761933		512	Elevacion25830_5	https://servicios.idee.es/wcs-inspire/mdt	data/external/weak-label-relief-v1/train/positive/wl-tile-v1-11867-pos-pt-dgpc-109682-mdt5.tif	skipped	unsupported_country											WCS MDT target currently supports Spain/EPSG:25830 only		2026-08-01T00:00:00Z
weak-relief-wcs-v1-00605	wl-tile-v1-11816	wl-pos-pos-pt-dgpc-108486	pos-pt-dgpc-108486	1	positive	train	PT	Castro de Cabreiro	-8.40207146255781	41.94975963228959	-8.40516354,41.94745996,-8.39897938,41.95205931		512	Elevacion25830_5	https://servicios.idee.es/wcs-inspire/mdt	data/external/weak-label-relief-v1/train/positive/wl-tile-v1-11816-pos-pt-dgpc-108486-mdt5.tif	skipped	unsupported_country											WCS MDT target currently supports Spain/EPSG:25830 only		2026-08-01T00:00:00Z
weak-relief-wcs-v1-00606	wl-tile-v1-11717	wl-pos-pos-pt-dgpc-109806	pos-pt-dgpc-109806	1	positive	train	PT	Castro de Caires / Castro de Gróvios	-8.354297300085134	41.64870318535756	-8.35737489,41.64640351,-8.35121971,41.65100286		512	Elevacion25830_5	https://servicios.idee.es/wcs-inspire/mdt	data/external/weak-label-relief-v1/train/positive/wl-tile-v1-11717-pos-pt-dgpc-109806-mdt5.tif	skipped	unsupported_country											WCS MDT target currently supports Spain/EPSG:25830 only		2026-08-01T00:00:00Z
weak-relief-wcs-v1-00607	wl-tile-v1-11876	wl-pos-pos-pt-dgpc-110114	pos-pt-dgpc-110114	1	positive	train	PT	Castro de Cervos	-7.677601227598995	41.73039846637593	-7.68068273,41.72809879,-7.67451973,41.73269814		512	Elevacion25830_5	https://servicios.idee.es/wcs-inspire/mdt	data/external/weak-label-relief-v1/train/positive/wl-tile-v1-11876-pos-pt-dgpc-110114-mdt5.tif	skipped	unsupported_country											WCS MDT target currently supports Spain/EPSG:25830 only		2026-08-01T00:00:00Z
weak-relief-wcs-v1-00608	wl-tile-v1-11848	wl-pos-pos-pt-dgpc-105962	pos-pt-dgpc-105962	1	positive	train	PT	Castro de Cidadelhe	-7.844719461158634	41.17684533996276	-7.84777477,41.17454566,-7.84166415,41.17914502		512	Elevacion25830_5	https://servicios.idee.es/wcs-inspire/mdt	data/external/weak-label-relief-v1/train/positive/wl-tile-v1-11848-pos-pt-dgpc-105962-mdt5.tif	skipped	unsupported_country											WCS MDT target currently supports Spain/EPSG:25830 only		2026-08-01T00:00:00Z
weak-relief-wcs-v1-00609	wl-tile-v1-11767	wl-pos-pos-pt-dgpc-109040	pos-pt-dgpc-109040	1	positive	train	PT	Castro de Ciragata/Cidadelhe	-6.724598453927665	41.67081603623943	-6.72767710,41.66851636,-6.72151981,41.67311571		512	Elevacion25830_5	https://servicios.idee.es/wcs-inspire/mdt	data/external/weak-label-relief-v1/train/positive/wl-tile-v1-11767-pos-pt-dgpc-109040-mdt5.tif	skipped	unsupported_country											WCS MDT target currently supports Spain/EPSG:25830 only		2026-08-01T00:00:00Z
weak-relief-wcs-v1-00610	wl-tile-v1-11863	wl-pos-pos-pt-dgpc-109492	pos-pt-dgpc-109492	1	positive	train	PT	Castro de Codeçoso	-7.953528597364983	41.69403838731128	-7.95660835,41.69173871,-7.95044884,41.69633806		512	Elevacion25830_5	https://servicios.idee.es/wcs-inspire/mdt	data/external/weak-label-relief-v1/train/positive/wl-tile-v1-11863-pos-pt-dgpc-109492-mdt5.tif	skipped	unsupported_country											WCS MDT target currently supports Spain/EPSG:25830 only		2026-08-01T00:00:00Z
weak-relief-wcs-v1-00611	wl-tile-v1-11854	wl-pos-pos-pt-dgpc-108771	pos-pt-dgpc-108771	1	positive	train	PT	Castro de Donões/Eiras do Castro	-7.828925275354679	41.82402770337258	-7.83201128,41.82172803,-7.82583927,41.82632738		512	Elevacion25830_5	https://servicios.idee.es/wcs-inspire/mdt	data/external/weak-label-relief-v1/train/positive/wl-tile-v1-11854-pos-pt-dgpc-108771-mdt5.tif	skipped	unsupported_country											WCS MDT target currently supports Spain/EPSG:25830 only		2026-08-01T00:00:00Z
weak-relief-wcs-v1-00612	wl-tile-v1-11745	wl-pos-pos-pt-dgpc-109844	pos-pt-dgpc-109844	1	positive	train	PT	Castro de Escariz / São Ilus	-8.535870242490057	41.65091039124731	-8.53894794,41.64861071,-8.53279255,41.65321007		512	Elevacion25830_5	https://servicios.idee.es/wcs-inspire/mdt	data/external/weak-label-relief-v1/train/positive/wl-tile-v1-11745-pos-pt-dgpc-109844-mdt5.tif	skipped	unsupported_country											WCS MDT target currently supports Spain/EPSG:25830 only		2026-08-01T00:00:00Z
weak-relief-wcs-v1-00613	wl-tile-v1-11786	wl-pos-pos-pt-dgpc-108702	pos-pt-dgpc-108702	1	positive	train	PT	Castro de Espinhoso	-7.104505799241483	41.80754903357964	-7.10759101,41.80524936,-7.10142059,41.80984871		512	Elevacion25830_5	https://servicios.idee.es/wcs-inspire/mdt	data/external/weak-label-relief-v1/train/positive/wl-tile-v1-11786-pos-pt-dgpc-108702-mdt5.tif	skipped	unsupported_country											WCS MDT target currently supports Spain/EPSG:25830 only		2026-08-01T00:00:00Z
weak-relief-wcs-v1-00614	wl-tile-v1-11852	wl-pos-pos-pt-dgpc-108736	pos-pt-dgpc-108736	1	positive	train	PT	Castro de Fernão Mouro/ Muralhas	-7.672475461452273	41.817043491408526	-7.67556113,41.81474381,-7.66938980,41.81934317		512	Elevacion25830_5	https://servicios.idee.es/wcs-inspire/mdt	data/external/weak-label-relief-v1/train/positive/wl-tile-v1-11852-pos-pt-dgpc-108736-mdt5.tif	skipped	unsupported_country											WCS MDT target currently supports Spain/EPSG:25830 only		2026-08-01T00:00:00Z
weak-relief-wcs-v1-00615	wl-tile-v1-11861	wl-pos-pos-pt-dgpc-109318	pos-pt-dgpc-109318	1	positive	train	PT	Castro de Ferral	-7.986995708342456	41.68306541672208	-7.99007494,41.68076574,-7.98391648,41.68536509		512	Elevacion25830_5	https://servicios.idee.es/wcs-inspire/mdt	data/external/weak-label-relief-v1/train/positive/wl-tile-v1-11861-pos-pt-dgpc-109318-mdt5.tif	skipped	unsupported_country											WCS MDT target currently supports Spain/EPSG:25830 only		2026-08-01T00:00:00Z
weak-relief-wcs-v1-00616	wl-tile-v1-11787	wl-pos-pos-pt-dgpc-108939	pos-pt-dgpc-108939	1	positive	train	PT	Castro de Ferreiros	-7.184301993220234	41.84730874409154	-7.18738912,41.84500907,-7.18121487,41.84960842		512	Elevacion25830_5	https://servicios.idee.es/wcs-inspire/mdt	data/external/weak-label-relief-v1/train/positive/wl-tile-v1-11787-pos-pt-dgpc-108939-mdt5.tif	skipped	unsupported_country											WCS MDT target currently supports Spain/EPSG:25830 only		2026-08-01T00:00:00Z
weak-relief-wcs-v1-00617	wl-tile-v1-11760	wl-pos-pos-pt-dgpc-108650	pos-pt-dgpc-108650	1	positive	train	PT	Castro de Gimonde/ Arrabalde de Gimonde	-6.696146116755786	41.800017583390535	-6.69923096,41.79771791,-6.69306127,41.80231726		512	Elevacion25830_5	https://servicios.idee.es/wcs-inspire/mdt	data/external/weak-label-relief-v1/train/positive/wl-tile-v1-11760-pos-pt-dgpc-108650-mdt5.tif	skipped	unsupported_country											WCS MDT target currently supports Spain/EPSG:25830 only		2026-08-01T00:00:00Z
weak-relief-wcs-v1-00618	wl-tile-v1-11734	wl-pos-pos-pt-dgpc-107741	pos-pt-dgpc-107741	1	positive	train	PT	Castro de Lanhoso/Estação lusitano-romana de Póvoa do Lanhoso	-8.281831529640154	41.58714595518124	-8.28490618,41.58484628,-8.27875688,41.58944563		512	Elevacion25830_5	https://servicios.idee.es/wcs-inspire/mdt	data/external/weak-label-relief-v1/train/positive/wl-tile-v1-11734-pos-pt-dgpc-107741-mdt5.tif	skipped	unsupported_country											WCS MDT target currently supports Spain/EPSG:25830 only		2026-08-01T00:00:00Z
weak-relief-wcs-v1-00619	wl-tile-v1-11844	wl-pos-pos-pt-dgpc-109308	pos-pt-dgpc-109308	1	positive	train	PT	Castro de Loivos/Castro de Muradal	-7.504959393389308	41.62406571893852	-7.50803580,41.62176604,-7.50188298,41.62636540		512	Elevacion25830_5	https://servicios.idee.es/wcs-inspire/mdt	data/external/weak-label-relief-v1/train/positive/wl-tile-v1-11844-pos-pt-dgpc-109308-mdt5.tif	skipped	unsupported_country											WCS MDT target currently supports Spain/EPSG:25830 only		2026-08-01T00:00:00Z
weak-relief-wcs-v1-00620	wl-tile-v1-11831	wl-pos-pos-pt-dgpc-115143	pos-pt-dgpc-115143	1	positive	train	PT	Castro de Mira	-8.609645561586886	41.974171677648464	-8.61273883,41.97187200,-8.60655230,41.97647135		512	Elevacion25830_5	https://servicios.idee.es/wcs-inspire/mdt	data/external/weak-label-relief-v1/train/positive/wl-tile-v1-11831-pos-pt-dgpc-115143-mdt5.tif	skipped	unsupported_country											WCS MDT target currently supports Spain/EPSG:25830 only		2026-08-01T00:00:00Z
weak-relief-wcs-v1-00621	wl-tile-v1-11785	wl-pos-pos-pt-dgpc-108682	pos-pt-dgpc-108682	1	positive	train	PT	Castro de Moaz/Eira do Castro	-7.036563612932378	41.8048502252989	-7.03964869,41.80255055,-7.03347854,41.80714990		512	Elevacion25830_5	https://servicios.idee.es/wcs-inspire/mdt	data/external/weak-label-relief-v1/train/positive/wl-tile-v1-11785-pos-pt-dgpc-108682-mdt5.tif	skipped	unsupported_country											WCS MDT target currently supports Spain/EPSG:25830 only		2026-08-01T00:00:00Z
weak-relief-wcs-v1-00622	wl-tile-v1-11856	wl-pos-pos-pt-dgpc-108819	pos-pt-dgpc-108819	1	positive	train	PT	Castro de Mourilhe	-7.856276982747857	41.83159899405238	-7.85936335,41.82929932,-7.85319062,41.83389867		512	Elevacion25830_5	https://servicios.idee.es/wcs-inspire/mdt	data/external/weak-label-relief-v1/train/positive/wl-tile-v1-11856-pos-pt-dgpc-108819-mdt5.tif	skipped	unsupported_country											WCS MDT target currently supports Spain/EPSG:25830 only		2026-08-01T00:00:00Z
weak-relief-wcs-v1-00623	wl-tile-v1-11877	wl-pos-pos-pt-dgpc-110170	pos-pt-dgpc-110170	1	positive	train	PT	Castro de Negrões	-7.77139566949113	41.73515208500841	-7.77447740,41.73285241,-7.76831394,41.73745176		512	Elevacion25830_5	https://servicios.idee.es/wcs-inspire/mdt	data/external/weak-label-relief-v1/train/positive/wl-tile-v1-11877-pos-pt-dgpc-110170-mdt5.tif	skipped	unsupported_country											WCS MDT target currently supports Spain/EPSG:25830 only		2026-08-01T00:00:00Z
weak-relief-wcs-v1-00624	wl-tile-v1-11791	wl-pos-pos-pt-dgpc-109947	pos-pt-dgpc-109947	1	positive	train	PT	Castro de Ousilhão	-6.952464000950668	41.78466052984895	-6.95554811,41.78236085,-6.94937990,41.78696021		512	Elevacion25830_5	https://servicios.idee.es/wcs-inspire/mdt	data/external/weak-label-relief-v1/train/positive/wl-tile-v1-11791-pos-pt-dgpc-109947-mdt5.tif	skipped	unsupported_country											WCS MDT target currently supports Spain/EPSG:25830 only		2026-08-01T00:00:00Z
weak-relief-wcs-v1-00625	wl-tile-v1-11719	wl-pos-pos-pt-dgpc-110072	pos-pt-dgpc-110072	1	positive	train	PT	Castro de Outeiro	-8.286487940291211	41.662954379161164	-8.28956621,41.66065470,-8.28340967,41.66525406		512	Elevacion25830_5	https://servicios.idee.es/wcs-inspire/mdt	data/external/weak-label-relief-v1/train/positive/wl-tile-v1-11719-pos-pt-dgpc-110072-mdt5.tif	skipped	unsupported_country											WCS MDT target currently supports Spain/EPSG:25830 only		2026-08-01T00:00:00Z
weak-relief-wcs-v1-00626	wl-tile-v1-11871	wl-pos-pos-pt-dgpc-109917	pos-pt-dgpc-109917	1	positive	train	PT	Castro de Outeiro	-7.938008721767632	41.78168778516987	-7.94109268,41.77938811,-7.93492476,41.78398746		512	Elevacion25830_5	https://servicios.idee.es/wcs-inspire/mdt	data/external/weak-label-relief-v1/train/positive/wl-tile-v1-11871-pos-pt-dgpc-109917-mdt5.tif	skipped	unsupported_country											WCS MDT target currently supports Spain/EPSG:25830 only		2026-08-01T00:00:00Z
weak-relief-wcs-v1-00627	wl-tile-v1-11836	wl-pos-pos-pt-dgpc-113461	pos-pt-dgpc-113461	1	positive	train	PT	Castro de Pagade	-8.677865015440917	41.885554248213744	-8.68095399,41.88325457,-8.67477604,41.88785392		512	Elevacion25830_5	https://servicios.idee.es/wcs-inspire/mdt	data/external/weak-label-relief-v1/train/positive/wl-tile-v1-11836-pos-pt-dgpc-113461-mdt5.tif	skipped	unsupported_country											WCS MDT target currently supports Spain/EPSG:25830 only		2026-08-01T00:00:00Z
weak-relief-wcs-v1-00628	wl-tile-v1-11866	wl-pos-pos-pt-dgpc-109627	pos-pt-dgpc-109627	1	positive	train	PT	Castro de Paradela	-7.9527387970914685	41.766271122682426	-7.95582202,41.76397145,-7.94965558,41.76857080		512	Elevacion25830_5	https://servicios.idee.es/wcs-inspire/mdt	data/external/weak-label-relief-v1/train/positive/wl-tile-v1-11866-pos-pt-dgpc-109627-mdt5.tif	skipped	unsupported_country											WCS MDT target currently supports Spain/EPSG:25830 only		2026-08-01T00:00:00Z
weak-relief-wcs-v1-00629	wl-tile-v1-11794	wl-pos-pos-pt-dgpc-105058	pos-pt-dgpc-105058	1	positive	train	PT	Castro de Paredes	-8.011993914555958	41.266643134161306	-8.01505343,41.26434346,-8.00893440,41.26894281		512	Elevacion25830_5	https://servicios.idee.es/wcs-inspire/mdt	data/external/weak-label-relief-v1/train/positive/wl-tile-v1-11794-pos-pt-dgpc-105058-mdt5.tif	skipped	unsupported_country											WCS MDT target currently supports Spain/EPSG:25830 only		2026-08-01T00:00:00Z
weak-relief-wcs-v1-00630	wl-tile-v1-11829	wl-pos-pos-pt-dgpc-115141	pos-pt-dgpc-115141	1	positive	train	PT	Castro de Paços	-8.629131072388887	41.977652919152604	-8.63222451,41.97535324,-8.62603764,41.97995260		512	Elevacion25830_5	https://servicios.idee.es/wcs-inspire/mdt	data/external/weak-label-relief-v1/train/positive/wl-tile-v1-11829-pos-pt-dgpc-115141-mdt5.tif	skipped	unsupported_country											WCS MDT target currently supports Spain/EPSG:25830 only		2026-08-01T00:00:00Z
weak-relief-wcs-v1-00631	wl-tile-v1-11853	wl-pos-pos-pt-dgpc-108748	pos-pt-dgpc-108748	1	positive	train	PT	Castro de Pedrário	-7.653864506771311	41.81925427361725	-7.65695028,41.81695460,-7.65077874,41.82155395		512	Elevacion25830_5	https://servicios.idee.es/wcs-inspire/mdt	data/external/weak-label-relief-v1/train/positive/wl-tile-v1-11853-pos-pt-dgpc-108748-mdt5.tif	skipped	unsupported_country											WCS MDT target currently supports Spain/EPSG:25830 only		2026-08-01T00:00:00Z
weak-relief-wcs-v1-00632	wl-tile-v1-11827	wl-pos-pos-pt-dgpc-110040	pos-pt-dgpc-110040	1	positive	train	PT	Castro de Queixada	-8.38912460143018	41.79130383511323	-8.39220903,41.78900416,-8.38604018,41.79360351		512	Elevacion25830_5	https://servicios.idee.es/wcs-inspire/mdt	data/external/weak-label-relief-v1/train/positive/wl-tile-v1-11827-pos-pt-dgpc-110040-mdt5.tif	skipped	unsupported_country											WCS MDT target currently supports Spain/EPSG:25830 only		2026-08-01T00:00:00Z
weak-relief-wcs-v1-00633	wl-tile-v1-11826	wl-pos-pos-pt-dgpc-109980	pos-pt-dgpc-109980	1	positive	train	PT	Castro de Quintão	-8.382585026955029	41.787723522204686	-8.38566928,41.78542385,-8.37950077,41.79002320		512	Elevacion25830_5	https://servicios.idee.es/wcs-inspire/mdt	data/external/weak-label-relief-v1/train/positive/wl-tile-v1-11826-pos-pt-dgpc-109980-mdt5.tif	skipped	unsupported_country											WCS MDT target currently supports Spain/EPSG:25830 only		2026-08-01T00:00:00Z
weak-relief-wcs-v1-00634	wl-tile-v1-11814	wl-pos-pos-pt-dgpc-108253	pos-pt-dgpc-108253	1	positive	train	PT	Castro de Reboreda	-8.465631403481332	41.88071939113854	-8.46872014,41.87841971,-8.46254267,41.88301907		512	Elevacion25830_5	https://servicios.idee.es/wcs-inspire/mdt	data/external/weak-label-relief-v1/train/positive/wl-tile-v1-11814-pos-pt-dgpc-108253-mdt5.tif	skipped	unsupported_country											WCS MDT target currently supports Spain/EPSG:25830 only		2026-08-01T00:00:00Z
weak-relief-wcs-v1-00635	wl-tile-v1-11878	wl-pos-pos-pt-dgpc-105186	pos-pt-dgpc-105186	1	positive	train	PT	Castro de Sabrosa/Castelo dos Mouros/Castelo da Sancha	-7.571300430828412	41.27861960809964	-7.57436050,41.27631993,-7.56824036,41.28091928		512	Elevacion25830_5	https://servicios.idee.es/wcs-inspire/mdt	data/external/weak-label-relief-v1/train/positive/wl-tile-v1-11878-pos-pt-dgpc-105186-mdt5.tif	skipped	unsupported_country											WCS MDT target currently supports Spain/EPSG:25830 only		2026-08-01T00:00:00Z
weak-relief-wcs-v1-00636	wl-tile-v1-11766	wl-pos-pos-pt-dgpc-108989	pos-pt-dgpc-108989	1	positive	train	PT	Castro de Sacóias	-6.68966272057244	41.8583650867716	-6.69275038,41.85606541,-6.68657506,41.86066476		512	Elevacion25830_5	https://servicios.idee.es/wcs-inspire/mdt	data/external/weak-label-relief-v1/train/positive/wl-tile-v1-11766-pos-pt-dgpc-108989-mdt5.tif	skipped	unsupported_country											WCS MDT target currently supports Spain/EPSG:25830 only		2026-08-01T00:00:00Z
weak-relief-wcs-v1-00637	wl-tile-v1-11789	wl-pos-pos-pt-dgpc-108979	pos-pt-dgpc-108979	1	positive	train	PT	Castro de Sandim	-7.189454663585854	41.85720049004036	-7.19254226,41.85490081,-7.18636706,41.85950017		512	Elevacion25830_5	https://servicios.idee.es/wcs-inspire/mdt	data/external/weak-label-relief-v1/train/positive/wl-tile-v1-11789-pos-pt-dgpc-108979-mdt5.tif	skipped	unsupported_country											WCS MDT target currently supports Spain/EPSG:25830 only		2026-08-01T00:00:00Z
weak-relief-wcs-v1-00638	wl-tile-v1-11780	wl-pos-pos-pt-dgpc-108354	pos-pt-dgpc-108354	1	positive	train	PT	Castro de Santa Cruz	-6.950227913443984	41.89969557464274	-6.95331757,41.89739590,-6.94713826,41.90199525		512	Elevacion25830_5	https://servicios.idee.es/wcs-inspire/mdt	data/external/weak-label-relief-v1/train/positive/wl-tile-v1-11780-pos-pt-dgpc-108354-mdt5.tif	skipped	unsupported_country											WCS MDT target currently supports Spain/EPSG:25830 only		2026-08-01T00:00:00Z
weak-relief-wcs-v1-00639	wl-tile-v1-11748	wl-pos-pos-pt-dgpc-106410	pos-pt-dgpc-106410	1	positive	train	PT	Castro de Santa Justa	-7.037882923414823	41.32209888211877	-7.04094504,41.31979921,-7.03482081,41.32439856		512	Elevacion25830_5	https://servicios.idee.es/wcs-inspire/mdt	data/external/weak-label-relief-v1/train/positive/wl-tile-v1-11748-pos-pt-dgpc-106410-mdt5.tif	skipped	unsupported_country											WCS MDT target currently supports Spain/EPSG:25830 only		2026-08-01T00:00:00Z
weak-relief-wcs-v1-00640	wl-tile-v1-11795	wl-pos-pos-pt-dgpc-106237	pos-pt-dgpc-106237	1	positive	train	PT	Castro de Santa Marinha	-8.187258922594305	41.29896414125153	-8.19031995,41.29666446,-8.18419790,41.30126382		512	Elevacion25830_5	https://servicios.idee.es/wcs-inspire/mdt	data/external/weak-label-relief-v1/train/positive/wl-tile-v1-11795-pos-pt-dgpc-106237-mdt5.tif	skipped	unsupported_country											WCS MDT target currently supports Spain/EPSG:25830 only		2026-08-01T00:00:00Z
weak-relief-wcs-v1-00641	wl-tile-v1-11842	wl-pos-pos-pt-dgpc-109225	pos-pt-dgpc-109225	1	positive	train	PT	Castro de Santiago do Monte/Crastas de Santiago	-7.463961315795051	41.67830530726737	-7.46704032,41.67600563,-7.46088231,41.68060498		512	Elevacion25830_5	https://servicios.idee.es/wcs-inspire/mdt	data/external/weak-label-relief-v1/train/positive/wl-tile-v1-11842-pos-pt-dgpc-109225-mdt5.tif	skipped	unsupported_country											WCS MDT target currently supports Spain/EPSG:25830 only		2026-08-01T00:00:00Z
weak-relief-wcs-v1-00642	wl-tile-v1-11800	wl-pos-pos-pt-dgpc-107052	pos-pt-dgpc-107052	1	positive	train	PT	Castro de Sendim	-8.17651955782848	41.384470076783245	-8.17958461,41.38217040,-8.17345451,41.38676975		512	Elevacion25830_5	https://servicios.idee.es/wcs-inspire/mdt	data/external/weak-label-relief-v1/train/positive/wl-tile-v1-11800-pos-pt-dgpc-107052-mdt5.tif	skipped	unsupported_country											WCS MDT target currently supports Spain/EPSG:25830 only		2026-08-01T00:00:00Z
weak-relief-wcs-v1-00643	wl-tile-v1-11744	wl-pos-pos-pt-dgpc-109743	pos-pt-dgpc-109743	1	positive	train	PT	Castro de Sobradelo/Reduto	-8.499588721468946	41.709284145844414	-8.50266921,41.70698447,-8.49650824,41.71158382		512	Elevacion25830_5	https://servicios.idee.es/wcs-inspire/mdt	data/external/weak-label-relief-v1/train/positive/wl-tile-v1-11744-pos-pt-dgpc-109743-mdt5.tif	skipped	unsupported_country											WCS MDT target currently supports Spain/EPSG:25830 only		2026-08-01T00:00:00Z
weak-relief-wcs-v1-00644	wl-tile-v1-11857	wl-pos-pos-pt-dgpc-108841	pos-pt-dgpc-108841	1	positive	train	PT	Castro de Solveira	-7.662911704550902	41.83457901000712	-7.66599821,41.83227933,-7.65982520,41.83687869		512	Elevacion25830_5	https://servicios.idee.es/wcs-inspire/mdt	data/external/weak-label-relief-v1/train/positive/wl-tile-v1-11857-pos-pt-dgpc-108841-mdt5.tif	skipped	unsupported_country											WCS MDT target currently supports Spain/EPSG:25830 only		2026-08-01T00:00:00Z
weak-relief-wcs-v1-00645	wl-tile-v1-11860	wl-pos-pos-pt-dgpc-108986	pos-pt-dgpc-108986	1	positive	train	PT	Castro de Soutelo	-7.684985240495982	41.85778721520889	-7.68807287,41.85548754,-7.68189761,41.86008689		512	Elevacion25830_5	https://servicios.idee.es/wcs-inspire/mdt	data/external/weak-label-relief-v1/train/positive/wl-tile-v1-11860-pos-pt-dgpc-108986-mdt5.tif	skipped	unsupported_country											WCS MDT target currently supports Spain/EPSG:25830 only		2026-08-01T00:00:00Z
weak-relief-wcs-v1-00646	wl-tile-v1-11802	wl-pos-pos-pt-dgpc-105178	pos-pt-dgpc-105178	1	positive	train	PT	Castro de São Domingos/ Cristelos	-8.297236257118827	41.27739312705152	-8.30029627,41.27509345,-8.29417624,41.27969280		512	Elevacion25830_5	https://servicios.idee.es/wcs-inspire/mdt	data/external/weak-label-relief-v1/train/positive/wl-tile-v1-11802-pos-pt-dgpc-105178-mdt5.tif	skipped	unsupported_country											WCS MDT target currently supports Spain/EPSG:25830 only		2026-08-01T00:00:00Z
weak-relief-wcs-v1-00647	wl-tile-v1-11804	wl-pos-pos-pt-dgpc-106440	pos-pt-dgpc-106440	1	positive	train	PT	Castro de São Gonçalo	-8.326261348438234	41.32497927216827	-8.32932360,41.32267960,-8.32319910,41.32727895		512	Elevacion25830_5	https://servicios.idee.es/wcs-inspire/mdt	data/external/weak-label-relief-v1/train/positive/wl-tile-v1-11804-pos-pt-dgpc-106440-mdt5.tif	skipped	unsupported_country											WCS MDT target currently supports Spain/EPSG:25830 only		2026-08-01T00:00:00Z
weak-relief-wcs-v1-00648	wl-tile-v1-11784	wl-pos-pos-pt-dgpc-108598	pos-pt-dgpc-108598	1	positive	train	PT	Castro de São Mamede	-7.0076003559092195	41.795927313186226	-7.01068500,41.79362764,-7.00451571,41.79822699		512	Elevacion25830_5	https://servicios.idee.es/wcs-inspire/mdt	data/external/weak-label-relief-v1/train/positive/wl-tile-v1-11784-pos-pt-dgpc-108598-mdt5.tif	skipped	unsupported_country											WCS MDT target currently supports Spain/EPSG:25830 only		2026-08-01T00:00:00Z
weak-relief-wcs-v1-00649	wl-tile-v1-11739	wl-pos-pos-pt-dgpc-107173	pos-pt-dgpc-107173	1	positive	train	PT	Castro de São Miguel-o-Anjo	-8.536059288556148	41.392054293223445	-8.53912470,41.38975462,-8.53299388,41.39435397		512	Elevacion25830_5	https://servicios.idee.es/wcs-inspire/mdt	data/external/weak-label-relief-v1/train/positive/wl-tile-v1-11739-pos-pt-dgpc-107173-mdt5.tif	skipped	unsupported_country											WCS MDT target currently supports Spain/EPSG:25830 only		2026-08-01T00:00:00Z
weak-relief-wcs-v1-00650	wl-tile-v1-11724	wl-pos-pos-pt-dgpc-109384	pos-pt-dgpc-109384	1	positive	train	PT	Castro de São Simão	-8.617935115477943	41.62898475335738	-8.62101176,41.62668508,-8.61485847,41.63128443		512	Elevacion25830_5	https://servicios.idee.es/wcs-inspire/mdt	data/external/weak-label-relief-v1/train/positive/wl-tile-v1-11724-pos-pt-dgpc-109384-mdt5.tif	skipped	unsupported_country											WCS MDT target currently supports Spain/EPSG:25830 only		2026-08-01T00:00:00Z
weak-relief-wcs-v1-00651	wl-tile-v1-11864	wl-pos-pos-pt-dgpc-109615	pos-pt-dgpc-109615	1	positive	train	PT	Castro de Travassos/Castro do Outeiro	-7.796405108414898	41.76592024987971	-7.79948831,41.76362057,-7.79332190,41.76821993		512	Elevacion25830_5	https://servicios.idee.es/wcs-inspire/mdt	data/external/weak-label-relief-v1/train/positive/wl-tile-v1-11864-pos-pt-dgpc-109615-mdt5.tif	skipped	unsupported_country											WCS MDT target currently supports Spain/EPSG:25830 only		2026-08-01T00:00:00Z
weak-relief-wcs-v1-00652	wl-tile-v1-11874	wl-pos-pos-pt-dgpc-110094	pos-pt-dgpc-110094	1	positive	train	PT	Castro de Valongo	-7.910499913876304	41.72895897586702	-7.91358134,41.72665930,-7.90741848,41.73125865		512	Elevacion25830_5	https://servicios.idee.es/wcs-inspire/mdt	data/external/weak-label-relief-v1/train/positive/wl-tile-v1-11874-pos-pt-dgpc-110094-mdt5.tif	skipped	unsupported_country											WCS MDT target currently supports Spain/EPSG:25830 only		2026-08-01T00:00:00Z
weak-relief-wcs-v1-00653	wl-tile-v1-11772	wl-pos-pos-pt-dgpc-109725	pos-pt-dgpc-109725	1	positive	train	PT	Castro de Vila Boa	-6.729053641039059	41.64260059558721	-6.73213094,41.64030092,-6.72597634,41.64490027		512	Elevacion25830_5	https://servicios.idee.es/wcs-inspire/mdt	data/external/weak-label-relief-v1/train/positive/wl-tile-v1-11772-pos-pt-dgpc-109725-mdt5.tif	skipped	unsupported_country											WCS MDT target currently supports Spain/EPSG:25830 only		2026-08-01T00:00:00Z
weak-relief-wcs-v1-00654	wl-tile-v1-11797	wl-pos-pos-pt-dgpc-106333	pos-pt-dgpc-106333	1	positive	train	PT	Castro de Vila Garcia/ Castro de Ponte Nova	-8.072215567935414	41.31396169734239	-8.07527730,41.31166202,-8.06915384,41.31626137		512	Elevacion25830_5	https://servicios.idee.es/wcs-inspire/mdt	data/external/weak-label-relief-v1/train/positive/wl-tile-v1-11797-pos-pt-dgpc-106333-mdt5.tif	skipped	unsupported_country											WCS MDT target currently supports Spain/EPSG:25830 only		2026-08-01T00:00:00Z
weak-relief-wcs-v1-00655	wl-tile-v1-11782	wl-pos-pos-pt-dgpc-108479	pos-pt-dgpc-108479	1	positive	train	PT	Castro de Vilarinho das Touças	-7.08757229776621	41.94599697809722	-7.09066420,41.94369730,-7.08448040,41.94829665		512	Elevacion25830_5	https://servicios.idee.es/wcs-inspire/mdt	data/external/weak-label-relief-v1/train/positive/wl-tile-v1-11782-pos-pt-dgpc-108479-mdt5.tif	skipped	unsupported_country											WCS MDT target currently supports Spain/EPSG:25830 only		2026-08-01T00:00:00Z
weak-relief-wcs-v1-00656	wl-tile-v1-11875	wl-pos-pos-pt-dgpc-110107	pos-pt-dgpc-110107	1	positive	train	PT	Castro de Vilarinho de Negrões/ Castro do Mau Vizinho	-7.818320510247984	41.729948796695	-7.82140199,41.72764912,-7.81523903,41.73224847		512	Elevacion25830_5	https://servicios.idee.es/wcs-inspire/mdt	data/external/weak-label-relief-v1/train/positive/wl-tile-v1-11875-pos-pt-dgpc-110107-mdt5.tif	skipped	unsupported_country											WCS MDT target currently supports Spain/EPSG:25830 only		2026-08-01T00:00:00Z
weak-relief-wcs-v1-00657	wl-tile-v1-11815	wl-pos-pos-pt-dgpc-108463	pos-pt-dgpc-108463	1	positive	train	PT	Castro de Álvora	-8.44965074966652	41.937934124895484	-8.45274226,41.93563445,-8.44655924,41.94023380		512	Elevacion25830_5	https://servicios.idee.es/wcs-inspire/mdt	data/external/weak-label-relief-v1/train/positive/wl-tile-v1-11815-pos-pt-dgpc-108463-mdt5.tif	skipped	unsupported_country											WCS MDT target currently supports Spain/EPSG:25830 only		2026-08-01T00:00:00Z
weak-relief-wcs-v1-00658	wl-tile-v1-11801	wl-pos-pos-pt-dgpc-105090	pos-pt-dgpc-105090	1	positive	train	PT	Castro do Alto de Nevogilde	-8.32227752822911	41.269250891230506	-8.32533716,41.26695121,-8.31921789,41.27155057		512	Elevacion25830_5	https://servicios.idee.es/wcs-inspire/mdt	data/external/weak-label-relief-v1/train/positive/wl-tile-v1-11801-pos-pt-dgpc-105090-mdt5.tif	skipped	unsupported_country											WCS MDT target currently supports Spain/EPSG:25830 only		2026-08-01T00:00:00Z
weak-relief-wcs-v1-00659	wl-tile-v1-11714	wl-pos-pos-pt-dgpc-109437	pos-pt-dgpc-109437	1	positive	train	PT	Castro do Alto dos Castelos/ Fraga dos Fornelos	-8.276419653411708	41.6915990203992	-8.27949929,41.68929934,-8.27334001,41.69389870		512	Elevacion25830_5	https://servicios.idee.es/wcs-inspire/mdt	data/external/weak-label-relief-v1/train/positive/wl-tile-v1-11714-pos-pt-dgpc-109437-mdt5.tif	skipped	unsupported_country											WCS MDT target currently supports Spain/EPSG:25830 only		2026-08-01T00:00:00Z
weak-relief-wcs-v1-00660	wl-tile-v1-11746	wl-pos-pos-pt-dgpc-109927	pos-pt-dgpc-109927	1	positive	train	PT	Castro do Barbudo/ Monte do Castelo	-8.470741462351	41.6534472603513	-8.47381928,41.65114758,-8.46766365,41.65574694		512	Elevacion25830_5	https://servicios.idee.es/wcs-inspire/mdt	data/external/weak-label-relief-v1/train/positive/wl-tile-v1-11746-pos-pt-dgpc-109927-mdt5.tif	skipped	unsupported_country											WCS MDT target currently supports Spain/EPSG:25830 only		2026-08-01T00:00:00Z
weak-relief-wcs-v1-00661	wl-tile-v1-11810	wl-pos-pos-pt-dgpc-105926	pos-pt-dgpc-105926	1	positive	train	PT	Castro do Couce	-8.48629331195879	41.166126293230214	-8.48934813,41.16382662,-8.48323850,41.16842597		512	Elevacion25830_5	https://servicios.idee.es/wcs-inspire/mdt	data/external/weak-label-relief-v1/train/positive/wl-tile-v1-11810-pos-pt-dgpc-105926-mdt5.tif	skipped	unsupported_country											WCS MDT target currently supports Spain/EPSG:25830 only		2026-08-01T00:00:00Z
weak-relief-wcs-v1-00662	wl-tile-v1-11849	wl-pos-pos-pt-dgpc-106776	pos-pt-dgpc-106776	1	positive	train	PT	Castro do Crastoeiro	-7.929788448932595	41.4150933301471	-7.93285494,41.41279365,-7.92672196,41.41739301		512	Elevacion25830_5	https://servicios.idee.es/wcs-inspire/mdt	data/external/weak-label-relief-v1/train/positive/wl-tile-v1-11849-pos-pt-dgpc-106776-mdt5.tif	skipped	unsupported_country											WCS MDT target currently supports Spain/EPSG:25830 only		2026-08-01T00:00:00Z
weak-relief-wcs-v1-00663	wl-tile-v1-11796	wl-pos-pos-pt-dgpc-106251	pos-pt-dgpc-106251	1	positive	train	PT	Castro do Ladário	-8.066802384706957	41.29599512747873	-8.06986327,41.29369545,-8.06374150,41.29829480		512	Elevacion25830_5	https://servicios.idee.es/wcs-inspire/mdt	data/external/weak-label-relief-v1/train/positive/wl-tile-v1-11796-pos-pt-dgpc-106251-mdt5.tif	skipped	unsupported_country											WCS MDT target currently supports Spain/EPSG:25830 only		2026-08-01T00:00:00Z
weak-relief-wcs-v1-00664	wl-tile-v1-11806	wl-pos-pos-pt-dgpc-106073	pos-pt-dgpc-106073	1	positive	train	PT	Castro do Monte Castelo de Guifões	-8.678098774282239	41.20070265455174	-8.68115520,41.19840298,-8.67504235,41.20300233		512	Elevacion25830_5	https://servicios.idee.es/wcs-inspire/mdt	data/external/weak-label-relief-v1/train/positive/wl-tile-v1-11806-pos-pt-dgpc-106073-mdt5.tif	skipped	unsupported_country											WCS MDT target currently supports Spain/EPSG:25830 only		2026-08-01T00:00:00Z
weak-relief-wcs-v1-00665	wl-tile-v1-11721	wl-pos-pos-pt-dgpc-107754	pos-pt-dgpc-107754	1	positive	train	PT	Castro do Monte Castro/Monte do Castro	-8.634438152692013	41.59064893825962	-8.63751297,41.58834926,-8.63136333,41.59294861		512	Elevacion25830_5	https://servicios.idee.es/wcs-inspire/mdt	data/external/weak-label-relief-v1/train/positive/wl-tile-v1-11721-pos-pt-dgpc-107754-mdt5.tif	skipped	unsupported_country											WCS MDT target currently supports Spain/EPSG:25830 only		2026-08-01T00:00:00Z
weak-relief-wcs-v1-00666	wl-tile-v1-11833	wl-pos-pos-pt-dgpc-108391	pos-pt-dgpc-108391	1	positive	train	PT	Castro do Monte Góis	-8.770704146381263	41.90868903159418	-8.77379424,41.90638935,-8.76761406,41.91098871		512	Elevacion25830_5	https://servicios.idee.es/wcs-inspire/mdt	data/external/weak-label-relief-v1/train/positive/wl-tile-v1-11833-pos-pt-dgpc-108391-mdt5.tif	skipped	unsupported_country											WCS MDT target currently supports Spain/EPSG:25830 only		2026-08-01T00:00:00Z
weak-relief-wcs-v1-00667	wl-tile-v1-11731	wl-pos-pos-pt-dgpc-107904	pos-pt-dgpc-107904	1	positive	train	PT	Castro do Monte Redondo/ Castro Monte Cossourado/ Castro de São Mamede	-8.447139611486296	41.47408647498355	-8.45020889,41.47178680,-8.44407033,41.47638615		512	Elevacion25830_5	https://servicios.idee.es/wcs-inspire/mdt	data/external/weak-label-relief-v1/train/positive/wl-tile-v1-11731-pos-pt-dgpc-107904-mdt5.tif	skipped	unsupported_country											WCS MDT target currently supports Spain/EPSG:25830 only		2026-08-01T00:00:00Z
weak-relief-wcs-v1-00668	wl-tile-v1-11728	wl-pos-pos-pt-dgpc-107570	pos-pt-dgpc-107570	1	positive	train	PT	Castro do Monte da Consolação	-8.38599776938608	41.54999275397385	-8.38907065,41.54769308,-8.38292489,41.55229243		512	Elevacion25830_5	https://servicios.idee.es/wcs-inspire/mdt	data/external/weak-label-relief-v1/train/positive/wl-tile-v1-11728-pos-pt-dgpc-107570-mdt5.tif	skipped	unsupported_country											WCS MDT target currently supports Spain/EPSG:25830 only		2026-08-01T00:00:00Z
weak-relief-wcs-v1-00669	wl-tile-v1-11741	wl-pos-pos-pt-dgpc-107797	pos-pt-dgpc-107797	1	positive	train	PT	Castro do Monte das Ermidas/ Castelo das Ermidas	-8.52331208226176	41.45962693936316	-8.52638068,41.45732726,-8.52024348,41.46192662		512	Elevacion25830_5	https://servicios.idee.es/wcs-inspire/mdt	data/external/weak-label-relief-v1/train/positive/wl-tile-v1-11741-pos-pt-dgpc-107797-mdt5.tif	skipped	unsupported_country											WCS MDT target currently supports Spain/EPSG:25830 only		2026-08-01T00:00:00Z
weak-relief-wcs-v1-00670	wl-tile-v1-11710	wl-pos-pos-pt-dgpc-109049	pos-pt-dgpc-109049	1	positive	train	PT	Castro do Monte de São Miguel/ Cidadelhe	-8.255474654133364	41.67194317898581	-8.25855335,41.66964350,-8.25239596,41.67424286		512	Elevacion25830_5	https://servicios.idee.es/wcs-inspire/mdt	data/external/weak-label-relief-v1/train/positive/wl-tile-v1-11710-pos-pt-dgpc-109049-mdt5.tif	skipped	unsupported_country											WCS MDT target currently supports Spain/EPSG:25830 only		2026-08-01T00:00:00Z
weak-relief-wcs-v1-00671	wl-tile-v1-11868	wl-pos-pos-pt-dgpc-109744	pos-pt-dgpc-109744	1	positive	train	PT	Castro do Outeiro	-7.961977686402233	41.77179270078387	-7.96506117,41.76949302,-7.95889420,41.77409238		512	Elevacion25830_5	https://servicios.idee.es/wcs-inspire/mdt	data/external/weak-label-relief-v1/train/positive/wl-tile-v1-11868-pos-pt-dgpc-109744-mdt5.tif	skipped	unsupported_country											WCS MDT target currently supports Spain/EPSG:25830 only		2026-08-01T00:00:00Z
weak-relief-wcs-v1-00672	wl-tile-v1-11824	wl-pos-pos-pt-dgpc-108652	pos-pt-dgpc-108652	1	positive	train	PT	Castro do Pinheiral	-8.380798128783265	41.800634789894005	-8.38388300,41.79833511,-8.37771325,41.80293447		512	Elevacion25830_5	https://servicios.idee.es/wcs-inspire/mdt	data/external/weak-label-relief-v1/train/positive/wl-tile-v1-11824-pos-pt-dgpc-108652-mdt5.tif	skipped	unsupported_country											WCS MDT target currently supports Spain/EPSG:25830 only		2026-08-01T00:00:00Z
weak-relief-wcs-v1-00673	wl-tile-v1-11837	wl-pos-pos-pt-dgpc-104946	pos-pt-dgpc-104946	1	positive	train	PT	Castro do Piolho/Castelo dos Mouros	-7.444307161454238	41.255555604434704	-7.44736615,41.25325593,-7.44124817,41.25785528		512	Elevacion25830_5	https://servicios.idee.es/wcs-inspire/mdt	data/external/weak-label-relief-v1/train/positive/wl-tile-v1-11837-pos-pt-dgpc-104946-mdt5.tif	skipped	unsupported_country											WCS MDT target currently supports Spain/EPSG:25830 only		2026-08-01T00:00:00Z
weak-relief-wcs-v1-00674	wl-tile-v1-11839	wl-pos-pos-pt-dgpc-106913	pos-pt-dgpc-106913	1	positive	train	PT	Castro do Pópulo/Castelo de São Marcos	-7.489108411465429	41.37234375341703	-7.49217289,41.37004408,-7.48604393,41.37464343		512	Elevacion25830_5	https://servicios.idee.es/wcs-inspire/mdt	data/external/weak-label-relief-v1/train/positive/wl-tile-v1-11839-pos-pt-dgpc-106913-mdt5.tif	skipped	unsupported_country											WCS MDT target currently supports Spain/EPSG:25830 only		2026-08-01T00:00:00Z
weak-relief-wcs-v1-00675	wl-tile-v1-11850	wl-pos-pos-pt-dgpc-108201	pos-pt-dgpc-108201	1	positive	train	PT	Castro do Roldão/Castro do Bom Vizinho	-7.80135877846797	41.7380243547784	-7.80444064,41.73572468,-7.79827691,41.74032403		512	Elevacion25830_5	https://servicios.idee.es/wcs-inspire/mdt	data/external/weak-label-relief-v1/train/positive/wl-tile-v1-11850-pos-pt-dgpc-108201-mdt5.tif	skipped	unsupported_country											WCS MDT target currently supports Spain/EPSG:25830 only		2026-08-01T00:00:00Z
weak-relief-wcs-v1-00676	wl-tile-v1-11776	wl-pos-pos-pt-dgpc-109476	pos-pt-dgpc-109476	1	positive	train	PT	Castro do Serro Grande	-6.580190574636504	41.63402411221168	-6.58326746,41.63172444,-6.57711369,41.63632379		512	Elevacion25830_5	https://servicios.idee.es/wcs-inspire/mdt	data/external/weak-label-relief-v1/train/positive/wl-tile-v1-11776-pos-pt-dgpc-109476-mdt5.tif	skipped	unsupported_country											WCS MDT target currently supports Spain/EPSG:25830 only		2026-08-01T00:00:00Z
weak-relief-wcs-v1-00677	wl-tile-v1-11771	wl-pos-pos-pt-dgpc-109722	pos-pt-dgpc-109722	1	positive	train	PT	Castro do Serro de Coelhoso	-6.693528403446607	41.642521439709604	-6.69660570,41.64022176,-6.69045111,41.64482112		512	Elevacion25830_5	https://servicios.idee.es/wcs-inspire/mdt	data/external/weak-label-relief-v1/train/positive/wl-tile-v1-11771-pos-pt-dgpc-109722-mdt5.tif	skipped	unsupported_country											WCS MDT target currently supports Spain/EPSG:25830 only		2026-08-01T00:00:00Z
weak-relief-wcs-v1-00678	wl-tile-v1-11743	wl-pos-pos-pt-dgpc-109706	pos-pt-dgpc-109706	1	positive	train	PT	Castro do Vairão	-8.37943060668501	41.70762445179446	-8.38251101,41.70532478,-8.37635020,41.70992413		512	Elevacion25830_5	https://servicios.idee.es/wcs-inspire/mdt	data/external/weak-label-relief-v1/train/positive/wl-tile-v1-11743-pos-pt-dgpc-109706-mdt5.tif	skipped	unsupported_country											WCS MDT target currently supports Spain/EPSG:25830 only		2026-08-01T00:00:00Z
weak-relief-wcs-v1-00679	wl-tile-v1-11838	wl-pos-pos-pt-dgpc-105184	pos-pt-dgpc-105184	1	positive	train	PT	Castro do Vilarelho	-7.494080210963758	41.27817230186955	-7.49714026,41.27587263,-7.49102016,41.28047198		512	Elevacion25830_5	https://servicios.idee.es/wcs-inspire/mdt	data/external/weak-label-relief-v1/train/positive/wl-tile-v1-11838-pos-pt-dgpc-105184-mdt5.tif	skipped	unsupported_country											WCS MDT target currently supports Spain/EPSG:25830 only		2026-08-01T00:00:00Z
weak-relief-wcs-v1-00680	wl-tile-v1-11723	wl-pos-pos-pt-dgpc-109369	pos-pt-dgpc-109369	1	positive	train	PT	Castro dos Castelos/ Castelo de Durrães	-8.659663620622398	41.63042664063062	-8.66274034,41.62812696,-8.65658691,41.63272632		512	Elevacion25830_5	https://servicios.idee.es/wcs-inspire/mdt	data/external/weak-label-relief-v1/train/positive/wl-tile-v1-11723-pos-pt-dgpc-109369-mdt5.tif	skipped	unsupported_country											WCS MDT target currently supports Spain/EPSG:25830 only		2026-08-01T00:00:00Z
weak-relief-wcs-v1-00681	wl-tile-v1-11865	wl-pos-pos-pt-dgpc-109625	pos-pt-dgpc-109625	1	positive	train	PT	Castro dos Cortiços	-7.70162927760726	41.766081142138766	-7.70471249,41.76378147,-7.69854607,41.76838082		512	Elevacion25830_5	https://servicios.idee.es/wcs-inspire/mdt	data/external/weak-label-relief-v1/train/positive/wl-tile-v1-11865-pos-pt-dgpc-109625-mdt5.tif	skipped	unsupported_country											WCS MDT target currently supports Spain/EPSG:25830 only		2026-08-01T00:00:00Z
weak-relief-wcs-v1-00682	wl-tile-v1-11855	wl-pos-pos-pt-dgpc-108777	pos-pt-dgpc-108777	1	positive	train	PT	Castro dos Frades	-7.864225423130423	41.82479979461845	-7.86731146,41.82250012,-7.86113939,41.82709947		512	Elevacion25830_5	https://servicios.idee.es/wcs-inspire/mdt	data/external/weak-label-relief-v1/train/positive/wl-tile-v1-11855-pos-pt-dgpc-108777-mdt5.tif	skipped	unsupported_country											WCS MDT target currently supports Spain/EPSG:25830 only		2026-08-01T00:00:00Z
weak-relief-wcs-v1-00683	wl-tile-v1-11803	wl-pos-pos-pt-dgpc-105286	pos-pt-dgpc-105286	1	positive	train	PT	Castro dos Mortórios	-8.32888581885405	41.284096527750194	-8.33194615,41.28179685,-8.32582549,41.28639620		512	Elevacion25830_5	https://servicios.idee.es/wcs-inspire/mdt	data/external/weak-label-relief-v1/train/positive/wl-tile-v1-11803-pos-pt-dgpc-105286-mdt5.tif	skipped	unsupported_country											WCS MDT target currently supports Spain/EPSG:25830 only		2026-08-01T00:00:00Z
weak-relief-wcs-v1-00684	wl-tile-v1-11775	wl-pos-pos-pt-dgpc-107678	pos-pt-dgpc-107678	1	positive	train	PT	Castro dos Mouros	-6.510474479257974	41.57625159661307	-6.51354861,41.57395192,-6.50740035,41.57855127		512	Elevacion25830_5	https://servicios.idee.es/wcs-inspire/mdt	data/external/weak-label-relief-v1/train/positive/wl-tile-v1-11775-pos-pt-dgpc-107678-mdt5.tif	skipped	unsupported_country											WCS MDT target currently supports Spain/EPSG:25830 only		2026-08-01T00:00:00Z
weak-relief-wcs-v1-00685	wl-tile-v1-11737	wl-pos-pos-pt-dgpc-106979	pos-pt-dgpc-106979	1	positive	train	PT	Castro e Castelo de Vermoim	-8.451266010517218	41.42930828189434	-8.45433318,41.42700861,-8.44819885,41.43160796		512	Elevacion25830_5	https://servicios.idee.es/wcs-inspire/mdt	data/external/weak-label-relief-v1/train/positive/wl-tile-v1-11737-pos-pt-dgpc-106979-mdt5.tif	skipped	unsupported_country											WCS MDT target currently supports Spain/EPSG:25830 only		2026-08-01T00:00:00Z
weak-relief-wcs-v1-00686	wl-tile-v1-11869	wl-pos-pos-pt-dgpc-109856	pos-pt-dgpc-109856	1	positive	train	PT	Castro/ Castro de Andelhe	-7.86826924298282	41.71638072062302	-7.87135007,41.71408104,-7.86518842,41.71868040		512	Elevacion25830_5	https://servicios.idee.es/wcs-inspire/mdt	data/external/weak-label-relief-v1/train/positive/wl-tile-v1-11869-pos-pt-dgpc-109856-mdt5.tif	skipped	unsupported_country											WCS MDT target currently supports Spain/EPSG:25830 only		2026-08-01T00:00:00Z
weak-relief-wcs-v1-00687	wl-tile-v1-11736	wl-pos-pos-pt-dgpc-114666	pos-pt-dgpc-114666	1	positive	train	PT	Castro/ Piorneiro	-8.236688541514336	41.71929819010255	-8.23976951,41.71699851,-8.23360758,41.72159787		512	Elevacion25830_5	https://servicios.idee.es/wcs-inspire/mdt	data/external/weak-label-relief-v1/train/positive/wl-tile-v1-11736-pos-pt-dgpc-114666-mdt5.tif	skipped	unsupported_country											WCS MDT target currently supports Spain/EPSG:25830 only		2026-08-01T00:00:00Z
weak-relief-wcs-v1-00688	wl-tile-v1-11777	wl-pos-pos-pt-dgpc-109922	pos-pt-dgpc-109922	1	positive	train	PT	Castro/Seixo Branco	-6.422688701575511	41.65420643902021	-6.42576655,41.65190676,-6.41961085,41.65650612		512	Elevacion25830_5	https://servicios.idee.es/wcs-inspire/mdt	data/external/weak-label-relief-v1/train/positive/wl-tile-v1-11777-pos-pt-dgpc-109922-mdt5.tif	skipped	unsupported_country											WCS MDT target currently supports Spain/EPSG:25830 only		2026-08-01T00:00:00Z
weak-relief-wcs-v1-00689	wl-tile-v1-11840	wl-pos-pos-pt-dgpc-108615	pos-pt-dgpc-108615	1	positive	train	PT	Castro/São Sebastião	-7.270711846575926	41.79667186403947	-7.27379653,41.79437219,-7.26762716,41.79897154		512	Elevacion25830_5	https://servicios.idee.es/wcs-inspire/mdt	data/external/weak-label-relief-v1/train/positive/wl-tile-v1-11840-pos-pt-dgpc-108615-mdt5.tif	skipped	unsupported_country											WCS MDT target currently supports Spain/EPSG:25830 only		2026-08-01T00:00:00Z
weak-relief-wcs-v1-00690	wl-tile-v1-11821	wl-pos-pos-pt-dgpc-108292	pos-pt-dgpc-108292	1	positive	train	PT	Chela / Castro	-8.522309764324097	41.88999422795443	-8.52539895,41.88769455,-8.51922058,41.89229390		512	Elevacion25830_5	https://servicios.idee.es/wcs-inspire/mdt	data/external/weak-label-relief-v1/train/positive/wl-tile-v1-11821-pos-pt-dgpc-108292-mdt5.tif	skipped	unsupported_country											WCS MDT target currently supports Spain/EPSG:25830 only		2026-08-01T00:00:00Z
weak-relief-wcs-v1-00691	wl-tile-v1-11716	wl-pos-pos-pt-dgpc-109794	pos-pt-dgpc-109794	1	positive	train	PT	Chã do Castro/ Portela da Joubreia	-8.367672029587002	41.6483949657454	-8.37074960,41.64609529,-8.36459446,41.65069464		512	Elevacion25830_5	https://servicios.idee.es/wcs-inspire/mdt	data/external/weak-label-relief-v1/train/positive/wl-tile-v1-11716-pos-pt-dgpc-109794-mdt5.tif	skipped	unsupported_country											WCS MDT target currently supports Spain/EPSG:25830 only		2026-08-01T00:00:00Z
weak-relief-wcs-v1-00692	wl-tile-v1-11742	wl-pos-pos-pt-dgpc-109406	pos-pt-dgpc-109406	1	positive	train	PT	Citânia de São Julião de Caldelas	-8.393565660122807	41.689016912853376	-8.39664518,41.68671724,-8.39048614,41.69131659		512	Elevacion25830_5	https://servicios.idee.es/wcs-inspire/mdt	data/external/weak-label-relief-v1/train/positive/wl-tile-v1-11742-pos-pt-dgpc-109406-mdt5.tif	skipped	unsupported_country											WCS MDT target currently supports Spain/EPSG:25830 only		2026-08-01T00:00:00Z
weak-relief-wcs-v1-00693	wl-tile-v1-11740	wl-pos-pos-pt-dgpc-107222	pos-pt-dgpc-107222	1	positive	train	PT	Cividade	-8.42629558848281	41.444609216739224	-8.42936348,41.44230954,-8.42322770,41.44690889		512	Elevacion25830_5	https://servicios.idee.es/wcs-inspire/mdt	data/external/weak-label-relief-v1/train/positive/wl-tile-v1-11740-pos-pt-dgpc-107222-mdt5.tif	skipped	unsupported_country											WCS MDT target currently supports Spain/EPSG:25830 only		2026-08-01T00:00:00Z
weak-relief-wcs-v1-00694	wl-tile-v1-11834	wl-pos-pos-pt-dgpc-108502	pos-pt-dgpc-108502	1	positive	train	PT	Cividade de Cornes	-8.680714804091183	41.95587952682349	-8.68380718,41.95357985,-8.67762243,41.95817920		512	Elevacion25830_5	https://servicios.idee.es/wcs-inspire/mdt	data/external/weak-label-relief-v1/train/positive/wl-tile-v1-11834-pos-pt-dgpc-108502-mdt5.tif	skipped	unsupported_country											WCS MDT target currently supports Spain/EPSG:25830 only		2026-08-01T00:00:00Z
weak-relief-wcs-v1-00695	wl-tile-v1-11823	wl-pos-pos-pt-dgpc-108405	pos-pt-dgpc-108405	1	positive	train	PT	Cividade de Cossourado	-8.637217914291169	41.91565551335773	-8.64030834,41.91335584,-8.63412749,41.91795519		512	Elevacion25830_5	https://servicios.idee.es/wcs-inspire/mdt	data/external/weak-label-relief-v1/train/positive/wl-tile-v1-11823-pos-pt-dgpc-108405-mdt5.tif	skipped	unsupported_country											WCS MDT target currently supports Spain/EPSG:25830 only		2026-08-01T00:00:00Z
weak-relief-wcs-v1-00696	wl-tile-v1-11820	wl-pos-pos-pt-dgpc-108229	pos-pt-dgpc-108229	1	positive	train	PT	Cividade de Romarigães ou Coto de Ouro	-8.633979889185923	41.871554658233904	-8.63706818,41.86925498,-8.63089160,41.87385433		512	Elevacion25830_5	https://servicios.idee.es/wcs-inspire/mdt	data/external/weak-label-relief-v1/train/positive/wl-tile-v1-11820-pos-pt-dgpc-108229-mdt5.tif	skipped	unsupported_country											WCS MDT target currently supports Spain/EPSG:25830 only		2026-08-01T00:00:00Z
weak-relief-wcs-v1-00697	wl-tile-v1-11807	wl-pos-pos-pt-dgpc-106725	pos-pt-dgpc-106725	1	positive	train	PT	Cividade de Terroso	-8.721573628334125	41.41286323725535	-8.72464002,41.41056356,-8.71850724,41.41516291		512	Elevacion25830_5	https://servicios.idee.es/wcs-inspire/mdt	data/external/weak-label-relief-v1/train/positive/wl-tile-v1-11807-pos-pt-dgpc-106725-mdt5.tif	skipped	unsupported_country											WCS MDT target currently supports Spain/EPSG:25830 only		2026-08-01T00:00:00Z
weak-relief-wcs-v1-00698	wl-tile-v1-11862	wl-pos-pos-pt-dgpc-109345	pos-pt-dgpc-109345	1	positive	train	PT	Corda do Castro/Castro de Morgade	-7.759217304115936	41.750049692278054	-7.76229975,41.74775002,-7.75613486,41.75234937		512	Elevacion25830_5	https://servicios.idee.es/wcs-inspire/mdt	data/external/weak-label-relief-v1/train/positive/wl-tile-v1-11862-pos-pt-dgpc-109345-mdt5.tif	skipped	unsupported_country											WCS MDT target currently supports Spain/EPSG:25830 only		2026-08-01T00:00:00Z
weak-relief-wcs-v1-00699	wl-tile-v1-11753	wl-pos-pos-pt-dgpc-108600	pos-pt-dgpc-108600	1	positive	train	PT	Fragas do Castro	-6.84493131877999	41.79637992370185	-6.84801599,41.79408025,-6.84184665,41.79867960		512	Elevacion25830_5	https://servicios.idee.es/wcs-inspire/mdt	data/external/weak-label-relief-v1/train/positive/wl-tile-v1-11753-pos-pt-dgpc-108600-mdt5.tif	skipped	unsupported_country											WCS MDT target currently supports Spain/EPSG:25830 only		2026-08-01T00:00:00Z
weak-relief-wcs-v1-00700	wl-tile-v1-11761	wl-pos-pos-pt-dgpc-108651	pos-pt-dgpc-108651	1	positive	train	PT	Fragas do Castro	-6.544536506915878	41.80045240080339	-6.54762137,41.79815272,-6.54145164,41.80275208		512	Elevacion25830_5	https://servicios.idee.es/wcs-inspire/mdt	data/external/weak-label-relief-v1/train/positive/wl-tile-v1-11761-pos-pt-dgpc-108651-mdt5.tif	skipped	unsupported_country											WCS MDT target currently supports Spain/EPSG:25830 only		2026-08-01T00:00:00Z
weak-relief-wcs-v1-00701	wl-tile-v1-11758	wl-pos-pos-pt-dgpc-108640	pos-pt-dgpc-108640	1	positive	train	PT	Inscrição de Castro de Avelãs	-6.8045752977511	41.79889147267567	-6.80766009,41.79659180,-6.80149051,41.80119115		512	Elevacion25830_5	https://servicios.idee.es/wcs-inspire/mdt	data/external/weak-label-relief-v1/train/positive/wl-tile-v1-11758-pos-pt-dgpc-108640-mdt5.tif	skipped	unsupported_country											WCS MDT target currently supports Spain/EPSG:25830 only		2026-08-01T00:00:00Z
weak-relief-wcs-v1-00702	wl-tile-v1-11792	wl-pos-pos-pt-dgpc-104724	pos-pt-dgpc-104724	1	positive	train	PT	Lagar de Coura/ Castro de Coura	-8.114422488139512	41.2354236090176	-8.11748054,41.23312393,-8.11136444,41.23772329		512	Elevacion25830_5	https://servicios.idee.es/wcs-inspire/mdt	data/external/weak-label-relief-v1/train/positive/wl-tile-v1-11792-pos-pt-dgpc-104724-mdt5.tif	skipped	unsupported_country											WCS MDT target currently supports Spain/EPSG:25830 only		2026-08-01T00:00:00Z
weak-relief-wcs-v1-00703	wl-tile-v1-11765	wl-pos-pos-pt-dgpc-108933	pos-pt-dgpc-108933	1	positive	train	PT	Lombeiro do Castro	-6.855973261848532	41.846199565787344	-6.85906033,41.84389989,-6.85288619,41.84849924		512	Elevacion25830_5	https://servicios.idee.es/wcs-inspire/mdt	data/external/weak-label-relief-v1/train/positive/wl-tile-v1-11765-pos-pt-dgpc-108933-mdt5.tif	skipped	unsupported_country											WCS MDT target currently supports Spain/EPSG:25830 only		2026-08-01T00:00:00Z
weak-relief-wcs-v1-00704	wl-tile-v1-11805	wl-pos-pos-pt-dgpc-105030	pos-pt-dgpc-105030	1	positive	train	PT	Monte Castro	-8.71486677800134	41.264332663207384	-8.71792618,41.26203299,-8.71180737,41.26663234		512	Elevacion25830_5	https://servicios.idee.es/wcs-inspire/mdt	data/external/weak-label-relief-v1/train/positive/wl-tile-v1-11805-pos-pt-dgpc-105030-mdt5.tif	skipped	unsupported_country											WCS MDT target currently supports Spain/EPSG:25830 only		2026-08-01T00:00:00Z
weak-relief-wcs-v1-00705	wl-tile-v1-11825	wl-pos-pos-pt-dgpc-108756	pos-pt-dgpc-108756	1	positive	train	PT	Monte Castro	-8.30885239553001	41.8207459700547	-8.31193824,41.81844629,-8.30576655,41.82304565		512	Elevacion25830_5	https://servicios.idee.es/wcs-inspire/mdt	data/external/weak-label-relief-v1/train/positive/wl-tile-v1-11825-pos-pt-dgpc-108756-mdt5.tif	skipped	unsupported_country											WCS MDT target currently supports Spain/EPSG:25830 only		2026-08-01T00:00:00Z
weak-relief-wcs-v1-00706	wl-tile-v1-11720	wl-pos-pos-pt-dgpc-107359	pos-pt-dgpc-107359	1	positive	train	PT	Monte da Saia / Cidade da Citânia / Monte de Fralães	-8.584568482531363	41.456071110306645	-8.58763691,41.45377143,-8.58150005,41.45837079		512	Elevacion25830_5	https://servicios.idee.es/wcs-inspire/mdt	data/external/weak-label-relief-v1/train/positive/wl-tile-v1-11720-pos-pt-dgpc-107359-mdt5.tif	skipped	unsupported_country											WCS MDT target currently supports Spain/EPSG:25830 only		2026-08-01T00:00:00Z
weak-relief-wcs-v1-00707	wl-tile-v1-11747	wl-pos-pos-pt-dgpc-110152	pos-pt-dgpc-110152	1	positive	train	PT	Monte de Santa Engrácia/ Castro Mau	-8.43787339234175	41.667508815405036	-8.44095188,41.66520914,-8.43479491,41.66980849		512	Elevacion25830_5	https://servicios.idee.es/wcs-inspire/mdt	data/external/weak-label-relief-v1/train/positive/wl-tile-v1-11747-pos-pt-dgpc-110152-mdt5.tif	skipped	unsupported_country											WCS MDT target currently supports Spain/EPSG:25830 only		2026-08-01T00:00:00Z
weak-relief-wcs-v1-00708	wl-tile-v1-11858	wl-pos-pos-pt-dgpc-108847	pos-pt-dgpc-108847	1	positive	train	PT	Monte do Castro	-7.7801509284975685	41.83537654604238	-7.78323748,41.83307687,-7.77706438,41.83767622		512	Elevacion25830_5	https://servicios.idee.es/wcs-inspire/mdt	data/external/weak-label-relief-v1/train/positive/wl-tile-v1-11858-pos-pt-dgpc-108847-mdt5.tif	skipped	unsupported_country											WCS MDT target currently supports Spain/EPSG:25830 only		2026-08-01T00:00:00Z
weak-relief-wcs-v1-00709	wl-tile-v1-11725	wl-pos-pos-pt-dgpc-112405	pos-pt-dgpc-112405	1	positive	train	PT	Monte do Castro de Courel	-8.649989923611173	41.46227826697415	-8.65305865,41.45997859,-8.64692120,41.46457794		512	Elevacion25830_5	https://servicios.idee.es/wcs-inspire/mdt	data/external/weak-label-relief-v1/train/positive/wl-tile-v1-11725-pos-pt-dgpc-112405-mdt5.tif	skipped	unsupported_country											WCS MDT target currently supports Spain/EPSG:25830 only		2026-08-01T00:00:00Z
weak-relief-wcs-v1-00710	wl-tile-v1-11711	wl-pos-pos-pt-dgpc-109097	pos-pt-dgpc-109097	1	positive	train	PT	Monte do Castro/ Castro do Lago	-8.410682554136201	41.61087465916701	-8.41375834,41.60857498,-8.40760677,41.61317434		512	Elevacion25830_5	https://servicios.idee.es/wcs-inspire/mdt	data/external/weak-label-relief-v1/train/positive/wl-tile-v1-11711-pos-pt-dgpc-109097-mdt5.tif	skipped	unsupported_country											WCS MDT target currently supports Spain/EPSG:25830 only		2026-08-01T00:00:00Z
weak-relief-wcs-v1-00711	wl-tile-v1-11819	wl-pos-pos-pt-dgpc-111220	pos-pt-dgpc-111220	1	positive	train	PT	Monte dos Castelos/Castro do Penso	-8.321844168852824	42.09400497282365	-8.32494327,42.09170530,-8.31874507,42.09630465		512	Elevacion25830_5	https://servicios.idee.es/wcs-inspire/mdt	data/external/weak-label-relief-v1/train/positive/wl-tile-v1-11819-pos-pt-dgpc-111220-mdt5.tif	skipped	unsupported_country											WCS MDT target currently supports Spain/EPSG:25830 only		2026-08-01T00:00:00Z
weak-relief-wcs-v1-00712	wl-tile-v1-11756	wl-pos-pos-pt-dgpc-108634	pos-pt-dgpc-108634	1	positive	train	PT	Mosteiro de Castro de Avelãs	-6.804336582949994	41.79879868294752	-6.80742137,41.79649901,-6.80125180,41.80109836		512	Elevacion25830_5	https://servicios.idee.es/wcs-inspire/mdt	data/external/weak-label-relief-v1/train/positive/wl-tile-v1-11756-pos-pt-dgpc-108634-mdt5.tif	skipped	unsupported_country											WCS MDT target currently supports Spain/EPSG:25830 only		2026-08-01T00:00:00Z
weak-relief-wcs-v1-00713	wl-tile-v1-11879	wl-pos-pos-pt-dgpc-107377	pos-pt-dgpc-107377	1	positive	train	PT	Murada/ Muragalho do Corisco/ Castro do Corisco	-7.621306227189292	41.40153109762451	-7.62437208,41.39923142,-7.61824037,41.40383077		512	Elevacion25830_5	https://servicios.idee.es/wcs-inspire/mdt	data/external/weak-label-relief-v1/train/positive/wl-tile-v1-11879-pos-pt-dgpc-107377-mdt5.tif	skipped	unsupported_country											WCS MDT target currently supports Spain/EPSG:25830 only		2026-08-01T00:00:00Z
weak-relief-wcs-v1-00714	wl-tile-v1-11843	wl-pos-pos-pt-dgpc-109305	pos-pt-dgpc-109305	1	positive	train	PT	Muradal/Castro	-7.506520957670908	41.62389416220089	-7.50959736,41.62159449,-7.50344455,41.62619384		512	Elevacion25830_5	https://servicios.idee.es/wcs-inspire/mdt	data/external/weak-label-relief-v1/train/positive/wl-tile-v1-11843-pos-pt-dgpc-109305-mdt5.tif	skipped	unsupported_country											WCS MDT target currently supports Spain/EPSG:25830 only		2026-08-01T00:00:00Z
weak-relief-wcs-v1-00715	wl-tile-v1-11847	wl-pos-pos-pt-dgpc-110177	pos-pt-dgpc-110177	1	positive	train	PT	Muro/Castro da Pastoria	-7.563368879321107	41.736191846986415	-7.56645066,41.73389217,-7.56028710,41.73849152		512	Elevacion25830_5	https://servicios.idee.es/wcs-inspire/mdt	data/external/weak-label-relief-v1/train/positive/wl-tile-v1-11847-pos-pt-dgpc-110177-mdt5.tif	skipped	unsupported_country											WCS MDT target currently supports Spain/EPSG:25830 only		2026-08-01T00:00:00Z
weak-relief-wcs-v1-00716	wl-tile-v1-11712	wl-pos-pos-pt-dgpc-109135	pos-pt-dgpc-109135	1	positive	train	PT	Outeiro da Vila/ Castro de Seramil	-8.314361657443198	41.67527241994533	-8.31744052,41.67297274,-8.31128280,41.67757210		512	Elevacion25830_5	https://servicios.idee.es/wcs-inspire/mdt	data/external/weak-label-relief-v1/train/positive/wl-tile-v1-11712-pos-pt-dgpc-109135-mdt5.tif	skipped	unsupported_country											WCS MDT target currently supports Spain/EPSG:25830 only		2026-08-01T00:00:00Z
weak-relief-wcs-v1-00717	wl-tile-v1-11774	wl-pos-pos-pt-dgpc-109855	pos-pt-dgpc-109855	1	positive	train	PT	Picoto/Castro de Carrazedo	-6.918674628285275	41.7776462142846	-6.92175840,41.77534654,-6.91559086,41.77994589		512	Elevacion25830_5	https://servicios.idee.es/wcs-inspire/mdt	data/external/weak-label-relief-v1/train/positive/wl-tile-v1-11774-pos-pt-dgpc-109855-mdt5.tif	skipped	unsupported_country											WCS MDT target currently supports Spain/EPSG:25830 only		2026-08-01T00:00:00Z
weak-relief-wcs-v1-00718	wl-tile-v1-11822	wl-pos-pos-pt-dgpc-108381	pos-pt-dgpc-108381	1	positive	train	PT	Ponte Nova do Castro	-8.626052514940366	41.905800703169184	-8.62914247,41.90350103,-8.62296256,41.90810038		512	Elevacion25830_5	https://servicios.idee.es/wcs-inspire/mdt	data/external/weak-label-relief-v1/train/positive/wl-tile-v1-11822-pos-pt-dgpc-108381-mdt5.tif	skipped	unsupported_country											WCS MDT target currently supports Spain/EPSG:25830 only		2026-08-01T00:00:00Z
weak-relief-wcs-v1-00719	wl-tile-v1-11846	wl-pos-pos-pt-dgpc-109861	pos-pt-dgpc-109861	1	positive	train	PT	Santa Bárbara / Alto do Castro	-7.5232928885835575	41.65225509635499	-7.52637065,41.64995542,-7.52021513,41.65455477		512	Elevacion25830_5	https://servicios.idee.es/wcs-inspire/mdt	data/external/weak-label-relief-v1/train/positive/wl-tile-v1-11846-pos-pt-dgpc-109861-mdt5.tif	skipped	unsupported_country											WCS MDT target currently supports Spain/EPSG:25830 only		2026-08-01T00:00:00Z
weak-relief-wcs-v1-00720	wl-tile-v1-11870	wl-pos-pos-pt-dgpc-109884	pos-pt-dgpc-109884	1	positive	train	PT	Sapeão Antigo/ Castro de Antigo de Sarraquinhos	-7.66209501212198	41.77837761790163	-7.66517882,41.77607794,-7.65901121,41.78067729		512	Elevacion25830_5	https://servicios.idee.es/wcs-inspire/mdt	data/external/weak-label-relief-v1/train/positive/wl-tile-v1-11870-pos-pt-dgpc-109884-mdt5.tif	skipped	unsupported_country											WCS MDT target currently supports Spain/EPSG:25830 only		2026-08-01T00:00:00Z
weak-relief-wcs-v1-00721	wl-tile-v1-11754	wl-pos-pos-pt-dgpc-108602	pos-pt-dgpc-108602	1	positive	train	PT	Torre Velha de Castro de Avelãs	-6.8060670025937124	41.796567931916904	-6.80915168,41.79426826,-6.80298232,41.79886761		512	Elevacion25830_5	https://servicios.idee.es/wcs-inspire/mdt	data/external/weak-label-relief-v1/train/positive/wl-tile-v1-11754-pos-pt-dgpc-108602-mdt5.tif	skipped	unsupported_country											WCS MDT target currently supports Spain/EPSG:25830 only		2026-08-01T00:00:00Z
weak-relief-wcs-v1-00722	wl-tile-v1-11751	wl-pos-pos-pt-dgpc-108425	pos-pt-dgpc-108425	1	positive	train	PT	Torre do Castro	-6.802577253471116	41.92445867815152	-6.80566811,41.92215900,-6.79948640,41.92675835		512	Elevacion25830_5	https://servicios.idee.es/wcs-inspire/mdt	data/external/weak-label-relief-v1/train/positive/wl-tile-v1-11751-pos-pt-dgpc-108425-mdt5.tif	skipped	unsupported_country											WCS MDT target currently supports Spain/EPSG:25830 only		2026-08-01T00:00:00Z
weak-relief-wcs-v1-00723	wl-tile-v1-11713	wl-pos-pos-pt-dgpc-109331	pos-pt-dgpc-109331	1	positive	train	PT	Torre do Castro/ Castelo do Castro/ Castro da Torre/ Solar do Castro/ Torre dos Machados	-8.385068947301427	41.626685091198716	-8.38814548,41.62438541,-8.38199241,41.62898477		512	Elevacion25830_5	https://servicios.idee.es/wcs-inspire/mdt	data/external/weak-label-relief-v1/train/positive/wl-tile-v1-11713-pos-pt-dgpc-109331-mdt5.tif	skipped	unsupported_country											WCS MDT target currently supports Spain/EPSG:25830 only		2026-08-01T00:00:00Z
weak-relief-wcs-v1-00724	wl-tile-v1-11813	wl-pos-pos-pt-dgpc-112561	pos-pt-dgpc-112561	1	positive	train	PT	Vila do Conde - Convento de Santa Clara / Castro de São João	-8.738310695524842	41.35223910790947	-8.74137423,41.34993943,-8.73524716,41.35453878		512	Elevacion25830_5	https://servicios.idee.es/wcs-inspire/mdt	data/external/weak-label-relief-v1/train/positive/wl-tile-v1-11813-pos-pt-dgpc-112561-mdt5.tif	skipped	unsupported_country											WCS MDT target currently supports Spain/EPSG:25830 only		2026-08-01T00:00:00Z
weak-relief-wcs-v1-00725	wl-tile-v1-10378	wl-pos-pos-es-pba-20474	pos-es-pba-20474	1	positive	train	ES	A Ameixeira/Castro de Caselas/O Terreo	-8.82026876513195	43.04744561949523	-8.82341561,43.04514594,-8.81712192,43.04974530	25634.62,4782276.69,26182.94,4782823.30	512	Elevacion25830_5	https://servicios.idee.es/wcs-inspire/mdt	data/external/weak-label-relief-v1/train/positive/wl-tile-v1-10378-pos-es-pba-20474-mdt5.tif	downloaded	valid	110	109	4.985	5.015	EPSG:25830	1.000000	334.000	352.000	24460	1		https://servicios.idee.es/wcs-inspire/mdt?SERVICE=WCS&VERSION=2.0.1&REQUEST=GetCoverage&COVERAGEID=Elevacion25830_5&FORMAT=image%2Ftiff&SUBSET=x%2825634.62%2C26182.94%29&SUBSET=y%284782276.69%2C4782823.30%29	2026-08-01T00:00:00Z
weak-relief-wcs-v1-00726	wl-tile-v1-11164	wl-pos-pos-es-pba-57575	pos-es-pba-57575	1	positive	train	ES	A Canda/Castro da Canda	-6.965326362067982	42.2376863212507	-6.96843251,42.23538664,-6.96222021,42.23998600	172532.29,4683516.90,173068.78,4684051.59	512	Elevacion25830_5	https://servicios.idee.es/wcs-inspire/mdt	data/external/weak-label-relief-v1/train/positive/wl-tile-v1-11164-pos-es-pba-57575-mdt5.tif	downloaded	valid	107	107	5.014	4.997	EPSG:25830	1.000000	888.000	1022.000	23378	1		https://servicios.idee.es/wcs-inspire/mdt?SERVICE=WCS&VERSION=2.0.1&REQUEST=GetCoverage&COVERAGEID=Elevacion25830_5&FORMAT=image%2Ftiff&SUBSET=x%28172532.29%2C173068.78%29&SUBSET=y%284683516.90%2C4684051.59%29	2026-08-01T00:00:00Z
weak-relief-wcs-v1-00727	wl-tile-v1-10719	wl-pos-pos-es-pba-31040	pos-es-pba-31040	1	positive	train	ES	A Castronela	-7.725225804126314	42.999391557795846	-7.72837018,42.99709188,-7.72208142,43.00169123	114549.19,4771322.24,115090.70,4771862.01	512	Elevacion25830_5	https://servicios.idee.es/wcs-inspire/mdt	data/external/weak-label-relief-v1/train/positive/wl-tile-v1-10719-pos-es-pba-31040-mdt5.tif	downloaded	valid	108	108	5.014	4.998	EPSG:25830	1.000000	615.000	687.000	23808	1		https://servicios.idee.es/wcs-inspire/mdt?SERVICE=WCS&VERSION=2.0.1&REQUEST=GetCoverage&COVERAGEID=Elevacion25830_5&FORMAT=image%2Ftiff&SUBSET=x%28114549.19%2C115090.70%29&SUBSET=y%284771322.24%2C4771862.01%29	2026-08-01T00:00:00Z
weak-relief-wcs-v1-00728	wl-tile-v1-10720	wl-pos-pos-es-pba-31041	pos-es-pba-31041	1	positive	train	ES	A Castronela/O Castro	-7.752832761260975	43.07659562295107	-7.75598110,43.07429595,-7.74968442,43.07889530	112784.94,4780024.85,113326.66,4780564.84	512	Elevacion25830_5	https://servicios.idee.es/wcs-inspire/mdt	data/external/weak-label-relief-v1/train/positive/wl-tile-v1-10720-pos-es-pba-31041-mdt5.tif	downloaded	valid	108	108	5.016	5.000	EPSG:25830	1.000000	531.000	584.000	23808	1		https://servicios.idee.es/wcs-inspire/mdt?SERVICE=WCS&VERSION=2.0.1&REQUEST=GetCoverage&COVERAGEID=Elevacion25830_5&FORMAT=image%2Ftiff&SUBSET=x%28112784.94%2C113326.66%29&SUBSET=y%284780024.85%2C4780564.84%29	2026-08-01T00:00:00Z
weak-relief-wcs-v1-00729	wl-tile-v1-10814	wl-pos-pos-es-pba-35202	pos-es-pba-35202	1	positive	train	ES	A Castronera/O Castelo/As Lagoas/A Castronera	-7.833766375432126	42.83328413211846	-7.83690229,42.83098446,-7.83063046,42.83558381	104637.24,4753376.10,105179.33,4753916.45	512	Elevacion25830_5	https://servicios.idee.es/wcs-inspire/mdt	data/external/weak-label-relief-v1/train/positive/wl-tile-v1-10814-pos-es-pba-35202-mdt5.tif	downloaded	valid	108	108	5.019	5.003	EPSG:25830	1.000000	582.000	616.000	23808	1		https://servicios.idee.es/wcs-inspire/mdt?SERVICE=WCS&VERSION=2.0.1&REQUEST=GetCoverage&COVERAGEID=Elevacion25830_5&FORMAT=image%2Ftiff&SUBSET=x%28104637.24%2C105179.33%29&SUBSET=y%284753376.10%2C4753916.45%29	2026-08-01T00:00:00Z
weak-relief-wcs-v1-00730	wl-tile-v1-11243	wl-pos-pos-es-pba-51629	pos-es-pba-51629	1	positive	train	ES	A Cidadella/Castro da Cidadella	-7.543695432368373	42.097334264613295	-7.54679470,42.09503459,-7.54059617,42.09963394	123965.68,4670313.76,124505.62,4670851.91	512	Elevacion25830_5	https://servicios.idee.es/wcs-inspire/mdt	data/external/weak-label-relief-v1/train/positive/wl-tile-v1-11243-pos-es-pba-51629-mdt5.tif	downloaded	valid	108	108	4.999	4.983	EPSG:25830	1.000000	762.000	843.000	23808	1		https://servicios.idee.es/wcs-inspire/mdt?SERVICE=WCS&VERSION=2.0.1&REQUEST=GetCoverage&COVERAGEID=Elevacion25830_5&FORMAT=image%2Ftiff&SUBSET=x%28123965.68%2C124505.62%29&SUBSET=y%284670313.76%2C4670851.91%29	2026-08-01T00:00:00Z
weak-relief-wcs-v1-00731	wl-tile-v1-11307	wl-pos-pos-es-pba-56891	pos-es-pba-56891	1	positive	train	ES	A Cogola/A Ciuda	-6.903769227340581	42.48751545037579	-6.90688775,42.48521577,-6.90065070,42.48981513	178888.38,4711028.13,179424.61,4711562.57	512	Elevacion25830_5	https://servicios.idee.es/wcs-inspire/mdt	data/external/weak-label-relief-v1/train/positive/wl-tile-v1-11307-pos-es-pba-56891-mdt5.tif	downloaded	valid	107	107	5.011	4.995	EPSG:25830	1.000000	476.000	619.000	23378	1		https://servicios.idee.es/wcs-inspire/mdt?SERVICE=WCS&VERSION=2.0.1&REQUEST=GetCoverage&COVERAGEID=Elevacion25830_5&FORMAT=image%2Ftiff&SUBSET=x%28178888.38%2C179424.61%29&SUBSET=y%284711028.13%2C4711562.57%29	2026-08-01T00:00:00Z
weak-relief-wcs-v1-00732	wl-tile-v1-11131	wl-pos-pos-es-pba-50548	pos-es-pba-50548	1	positive	train	ES	A Corbiza	-7.089206796172843	42.0135825665802	-7.09230198,42.01128289,-7.08611162,42.01588224	161114.77,4659111.51,161651.91,4659646.84	512	Elevacion25830_5	https://servicios.idee.es/wcs-inspire/mdt	data/external/weak-label-relief-v1/train/positive/wl-tile-v1-11131-pos-es-pba-50548-mdt5.tif	downloaded	valid	107	107	5.020	5.003	EPSG:25830	1.000000	900.000	1002.000	23378	1		https://servicios.idee.es/wcs-inspire/mdt?SERVICE=WCS&VERSION=2.0.1&REQUEST=GetCoverage&COVERAGEID=Elevacion25830_5&FORMAT=image%2Ftiff&SUBSET=x%28161114.77%2C161651.91%29&SUBSET=y%284659111.51%2C4659646.84%29	2026-08-01T00:00:00Z
weak-relief-wcs-v1-00733	wl-tile-v1-11244	wl-pos-pos-es-pba-51630	pos-es-pba-51630	1	positive	train	ES	A Coroa/O Castro	-7.515751244215736	42.081530062577514	-7.51884974,42.07923039,-7.51265275,42.08382974	126184.32,4668435.78,126724.08,4668973.75	512	Elevacion25830_5	https://servicios.idee.es/wcs-inspire/mdt	data/external/weak-label-relief-v1/train/positive/wl-tile-v1-11244-pos-es-pba-51630-mdt5.tif	downloaded	valid	108	108	4.998	4.981	EPSG:25830	1.000000	527.000	705.000	23808	1		https://servicios.idee.es/wcs-inspire/mdt?SERVICE=WCS&VERSION=2.0.1&REQUEST=GetCoverage&COVERAGEID=Elevacion25830_5&FORMAT=image%2Ftiff&SUBSET=x%28126184.32%2C126724.08%29&SUBSET=y%284668435.78%2C4668973.75%29	2026-08-01T00:00:00Z
weak-relief-wcs-v1-00734	wl-tile-v1-10206	wl-pos-pos-es-pba-13980	pos-es-pba-13980	1	positive	train	ES	A Croa	-9.255093423815826	43.02003606258726	-9.25823886,43.01773639,-9.25194799,43.02233574	-10022.30,4781788.21,-9471.29,4782337.52	512	Elevacion25830_5	https://servicios.idee.es/wcs-inspire/mdt	data/external/weak-label-relief-v1/train/positive/wl-tile-v1-10206-pos-es-pba-13980-mdt5.tif	downloaded	valid	110	110	5.009	4.994	EPSG:25830	1.000000	131.000	200.000	24680	1		https://servicios.idee.es/wcs-inspire/mdt?SERVICE=WCS&VERSION=2.0.1&REQUEST=GetCoverage&COVERAGEID=Elevacion25830_5&FORMAT=image%2Ftiff&SUBSET=x%28-10022.30%2C-9471.29%29&SUBSET=y%284781788.21%2C4782337.52%29	2026-08-01T00:00:00Z
weak-relief-wcs-v1-00735	wl-tile-v1-10270	wl-pos-pos-es-pba-15531	pos-es-pba-15531	1	positive	train	ES	A Croa	-7.815167355686259	43.707168751653484	-7.81834862,43.70486908,-7.81198609,43.70946843	111762.39,4850357.40,112304.82,4850898.14	512	Elevacion25830_5	https://servicios.idee.es/wcs-inspire/mdt	data/external/weak-label-relief-v1/train/positive/wl-tile-v1-10270-pos-es-pba-15531-mdt5.tif	downloaded	valid	108	108	5.023	5.007	EPSG:25830	1.000000	76.000	171.000	23808	1		https://servicios.idee.es/wcs-inspire/mdt?SERVICE=WCS&VERSION=2.0.1&REQUEST=GetCoverage&COVERAGEID=Elevacion25830_5&FORMAT=image%2Ftiff&SUBSET=x%28111762.39%2C112304.82%29&SUBSET=y%284850357.40%2C4850898.14%29	2026-08-01T00:00:00Z
weak-relief-wcs-v1-00736	wl-tile-v1-10581	wl-pos-pos-es-pba-42578	pos-es-pba-42578	1	positive	train	ES	A Croa	-7.315716414748222	42.86601476588676	-7.31885399,42.86371509,-7.31257884,42.86831444	147175.05,4754709.22,147713.97,4755246.39	512	Elevacion25830_5	https://servicios.idee.es/wcs-inspire/mdt	data/external/weak-label-relief-v1/train/positive/wl-tile-v1-10581-pos-es-pba-42578-mdt5.tif	downloaded	valid	108	107	4.990	5.020	EPSG:25830	1.000000	426.000	528.000	23592	1		https://servicios.idee.es/wcs-inspire/mdt?SERVICE=WCS&VERSION=2.0.1&REQUEST=GetCoverage&COVERAGEID=Elevacion25830_5&FORMAT=image%2Ftiff&SUBSET=x%28147175.05%2C147713.97%29&SUBSET=y%284754709.22%2C4755246.39%29	2026-08-01T00:00:00Z
weak-relief-wcs-v1-00737	wl-tile-v1-10664	wl-pos-pos-es-pba-27967	pos-es-pba-27967	1	positive	train	ES	A Croa	-7.34975997129081	43.046803726224795	-7.35290678,43.04450405,-7.34661316,43.04910340	145434.28,4774932.74,145973.50,4775470.22	512	Elevacion25830_5	https://servicios.idee.es/wcs-inspire/mdt	data/external/weak-label-relief-v1/train/positive/wl-tile-v1-10664-pos-es-pba-27967-mdt5.tif	downloaded	valid	108	107	4.993	5.023	EPSG:25830	1.000000	609.000	661.000	23592	1		https://servicios.idee.es/wcs-inspire/mdt?SERVICE=WCS&VERSION=2.0.1&REQUEST=GetCoverage&COVERAGEID=Elevacion25830_5&FORMAT=image%2Ftiff&SUBSET=x%28145434.28%2C145973.50%29&SUBSET=y%284774932.74%2C4775470.22%29	2026-08-01T00:00:00Z
weak-relief-wcs-v1-00738	wl-tile-v1-10755	wl-pos-pos-es-pba-31342	pos-es-pba-31342	1	positive	train	ES	A Croa	-7.362189347158623	42.86608607962049	-7.36532693,42.86378640,-7.35905177,42.86838576	143378.35,4754912.99,143917.56,4755450.44	512	Elevacion25830_5	https://servicios.idee.es/wcs-inspire/mdt	data/external/weak-label-relief-v1/train/positive/wl-tile-v1-10755-pos-es-pba-31342-mdt5.tif	downloaded	valid	108	107	4.993	5.023	EPSG:25830	1.000000	403.000	505.000	23592	1		https://servicios.idee.es/wcs-inspire/mdt?SERVICE=WCS&VERSION=2.0.1&REQUEST=GetCoverage&COVERAGEID=Elevacion25830_5&FORMAT=image%2Ftiff&SUBSET=x%28143378.35%2C143917.56%29&SUBSET=y%284754912.99%2C4755450.44%29	2026-08-01T00:00:00Z
weak-relief-wcs-v1-00739	wl-tile-v1-10756	wl-pos-pos-es-pba-31370	pos-es-pba-31370	1	positive	train	ES	A Croa	-7.355804492380598	42.85604965315255	-7.35894156,42.85374998,-7.35266742,42.85834933	143842.27,4753771.22,144381.44,4754308.63	512	Elevacion25830_5	https://servicios.idee.es/wcs-inspire/mdt	data/external/weak-label-relief-v1/train/positive/wl-tile-v1-10756-pos-es-pba-31370-mdt5.tif	downloaded	valid	108	107	4.992	5.023	EPSG:25830	1.000000	407.000	430.000	23592	1		https://servicios.idee.es/wcs-inspire/mdt?SERVICE=WCS&VERSION=2.0.1&REQUEST=GetCoverage&COVERAGEID=Elevacion25830_5&FORMAT=image%2Ftiff&SUBSET=x%28143842.27%2C144381.44%29&SUBSET=y%284753771.22%2C4754308.63%29	2026-08-01T00:00:00Z
weak-relief-wcs-v1-00740	wl-tile-v1-11347	wl-pos-pos-es-pba-60421	pos-es-pba-60421	1	positive	train	ES	A Croa	-7.211913899819976	42.138883796810866	-7.21501520,42.13658412,-7.20881260,42.14118347	151638.20,4673520.82,152176.14,4674056.96	512	Elevacion25830_5	https://servicios.idee.es/wcs-inspire/mdt	data/external/weak-label-relief-v1/train/positive/wl-tile-v1-11347-pos-es-pba-60421-mdt5.tif	downloaded	valid	108	107	4.981	5.011	EPSG:25830	1.000000	795.000	981.000	23592	1		https://servicios.idee.es/wcs-inspire/mdt?SERVICE=WCS&VERSION=2.0.1&REQUEST=GetCoverage&COVERAGEID=Elevacion25830_5&FORMAT=image%2Ftiff&SUBSET=x%28151638.20%2C152176.14%29&SUBSET=y%284673520.82%2C4674056.96%29	2026-08-01T00:00:00Z
weak-relief-wcs-v1-00741	wl-tile-v1-10380	wl-pos-pos-es-pba-20110	pos-es-pba-20110	1	positive	train	ES	A Croa das Paradelas	-8.47439359056026	42.9723681404488	-8.47753659,42.97006846,-8.47125059,42.97466782	53269.78,4772035.80,53815.91,4772580.21	512	Elevacion25830_5	https://servicios.idee.es/wcs-inspire/mdt	data/external/weak-label-relief-v1/train/positive/wl-tile-v1-10380-pos-es-pba-20110-mdt5.tif	downloaded	valid	109	109	5.010	4.995	EPSG:25830	1.000000	236.000	305.000	24242	1		https://servicios.idee.es/wcs-inspire/mdt?SERVICE=WCS&VERSION=2.0.1&REQUEST=GetCoverage&COVERAGEID=Elevacion25830_5&FORMAT=image%2Ftiff&SUBSET=x%2853269.78%2C53815.91%29&SUBSET=y%284772035.80%2C4772580.21%29	2026-08-01T00:00:00Z
weak-relief-wcs-v1-00742	wl-tile-v1-11578	wl-pos-pos-es-pba-76906	pos-es-pba-76906	1	positive	train	ES	A Croa de Barxiela	-8.51909762373536	42.206105105893876	-8.52220222,42.20380543,-8.51599303,42.20840478	44057.28,4687155.93,44603.25,4687700.13	512	Elevacion25830_5	https://servicios.idee.es/wcs-inspire/mdt	data/external/weak-label-relief-v1/train/positive/wl-tile-v1-11578-pos-es-pba-76906-mdt5.tif	downloaded	valid	109	109	5.009	4.993	EPSG:25830	1.000000	19.000	53.000	24242	1		https://servicios.idee.es/wcs-inspire/mdt?SERVICE=WCS&VERSION=2.0.1&REQUEST=GetCoverage&COVERAGEID=Elevacion25830_5&FORMAT=image%2Ftiff&SUBSET=x%2844057.28%2C44603.25%29&SUBSET=y%284687155.93%2C4687700.13%29	2026-08-01T00:00:00Z
weak-relief-wcs-v1-00743	wl-tile-v1-11043	wl-pos-pos-es-pba-41086	pos-es-pba-41086	1	positive	train	ES	A Croa de Castrillos	-7.7005616281060325	42.69710190737245	-7.70369066,42.69480223,-7.69743260,42.69940158	114682.64,4737632.97,115223.84,4738172.42	512	Elevacion25830_5	https://servicios.idee.es/wcs-inspire/mdt	data/external/weak-label-relief-v1/train/positive/wl-tile-v1-11043-pos-es-pba-41086-mdt5.tif	downloaded	valid	108	108	5.011	4.995	EPSG:25830	1.000000	330.000	450.000	23808	1		https://servicios.idee.es/wcs-inspire/mdt?SERVICE=WCS&VERSION=2.0.1&REQUEST=GetCoverage&COVERAGEID=Elevacion25830_5&FORMAT=image%2Ftiff&SUBSET=x%28114682.64%2C115223.84%29&SUBSET=y%284737632.97%2C4738172.42%29	2026-08-01T00:00:00Z
weak-relief-wcs-v1-00744	wl-tile-v1-11673	wl-pos-pos-es-pba-74606	pos-es-pba-74606	1	positive	train	ES	A Croa de Castromouzo	-8.330028604246245	42.78447355249282	-8.33316205,42.78217388,-8.32689516,42.78677323	63721.18,4750405.60,64266.32,4750949.00	512	Elevacion25830_5	https://servicios.idee.es/wcs-inspire/mdt	data/external/weak-label-relief-v1/train/positive/wl-tile-v1-11673-pos-es-pba-74606-mdt5.tif	downloaded	valid	109	109	5.001	4.985	EPSG:25830	1.000000	159.000	292.000	24242	1		https://servicios.idee.es/wcs-inspire/mdt?SERVICE=WCS&VERSION=2.0.1&REQUEST=GetCoverage&COVERAGEID=Elevacion25830_5&FORMAT=image%2Ftiff&SUBSET=x%2863721.18%2C64266.32%29&SUBSET=y%284750405.60%2C4750949.00%29	2026-08-01T00:00:00Z
weak-relief-wcs-v1-00745	wl-tile-v1-10665	wl-pos-pos-es-pba-27968	pos-es-pba-27968	1	positive	train	ES	A Croa de Mouriz	-7.382878089318148	43.05036910374329	-7.38602508,43.04806943,-7.37973110,43.05266878	142757.01,4775469.26,143296.43,4776006.95	512	Elevacion25830_5	https://servicios.idee.es/wcs-inspire/mdt	data/external/weak-label-relief-v1/train/positive/wl-tile-v1-10665-pos-es-pba-27968-mdt5.tif	downloaded	valid	108	108	4.995	4.979	EPSG:25830	1.000000	583.000	635.000	23808	1		https://servicios.idee.es/wcs-inspire/mdt?SERVICE=WCS&VERSION=2.0.1&REQUEST=GetCoverage&COVERAGEID=Elevacion25830_5&FORMAT=image%2Ftiff&SUBSET=x%28142757.01%2C143296.43%29&SUBSET=y%284775469.26%2C4776006.95%29	2026-08-01T00:00:00Z
weak-relief-wcs-v1-00746	wl-tile-v1-11063	wl-pos-pos-es-pba-43239	pos-es-pba-43239	1	positive	train	ES	A Croa de Muruxás	-7.645637892275142	43.34399619520986	-7.64880006,43.34169652,-7.64247572,43.34629587	123166.12,4809236.67,123707.31,4809776.15	512	Elevacion25830_5	https://servicios.idee.es/wcs-inspire/mdt	data/external/weak-label-relief-v1/train/positive/wl-tile-v1-11063-pos-es-pba-43239-mdt5.tif	downloaded	valid	108	108	5.011	4.995	EPSG:25830	1.000000	454.000	494.000	23808	1		https://servicios.idee.es/wcs-inspire/mdt?SERVICE=WCS&VERSION=2.0.1&REQUEST=GetCoverage&COVERAGEID=Elevacion25830_5&FORMAT=image%2Ftiff&SUBSET=x%28123166.12%2C123707.31%29&SUBSET=y%284809236.67%2C4809776.15%29	2026-08-01T00:00:00Z
weak-relief-wcs-v1-00747	wl-tile-v1-10886	wl-pos-pos-es-pba-37125	pos-es-pba-37125	1	positive	train	ES	A Croa de San Martiño/Croa do Castro	-7.513552962944132	42.83161493036289	-7.51668879,42.82931525,-7.51041713,42.83391461	130805.41,4751736.72,131345.53,4752275.10	512	Elevacion25830_5	https://servicios.idee.es/wcs-inspire/mdt	data/external/weak-label-relief-v1/train/positive/wl-tile-v1-10886-pos-es-pba-37125-mdt5.tif	downloaded	valid	108	108	5.001	4.985	EPSG:25830	1.000000	413.000	447.000	23808	1		https://servicios.idee.es/wcs-inspire/mdt?SERVICE=WCS&VERSION=2.0.1&REQUEST=GetCoverage&COVERAGEID=Elevacion25830_5&FORMAT=image%2Ftiff&SUBSET=x%28130805.41%2C131345.53%29&SUBSET=y%284751736.72%2C4752275.10%29	2026-08-01T00:00:00Z
weak-relief-wcs-v1-00748	wl-tile-v1-10666	wl-pos-pos-es-pba-27969	pos-es-pba-27969	1	positive	train	ES	A Croa de Souto de Torres	-7.3632028824019375	43.02533234721229	-7.36634859,43.02303267,-7.36005717,43.02763202	144214.97,4772604.80,144754.26,4773142.35	512	Elevacion25830_5	https://servicios.idee.es/wcs-inspire/mdt	data/external/weak-label-relief-v1/train/positive/wl-tile-v1-10666-pos-es-pba-27969-mdt5.tif	downloaded	valid	108	108	4.993	4.977	EPSG:25830	1.000000	504.000	564.000	23808	1		https://servicios.idee.es/wcs-inspire/mdt?SERVICE=WCS&VERSION=2.0.1&REQUEST=GetCoverage&COVERAGEID=Elevacion25830_5&FORMAT=image%2Ftiff&SUBSET=x%28144214.97%2C144754.26%29&SUBSET=y%284772604.80%2C4773142.35%29	2026-08-01T00:00:00Z
weak-relief-wcs-v1-00749	wl-tile-v1-10667	wl-pos-pos-es-pba-27970	pos-es-pba-27970	1	positive	train	ES	A Croa de Souto de Torres	-7.363056077746301	43.02528839910099	-7.36620178,43.02298872,-7.35991037,43.02758808	144226.68,4772599.30,144765.97,4773136.84	512	Elevacion25830_5	https://servicios.idee.es/wcs-inspire/mdt	data/external/weak-label-relief-v1/train/positive/wl-tile-v1-10667-pos-es-pba-27970-mdt5.tif	downloaded	valid	108	108	4.993	4.977	EPSG:25830	1.000000	504.000	564.000	23808	1		https://servicios.idee.es/wcs-inspire/mdt?SERVICE=WCS&VERSION=2.0.1&REQUEST=GetCoverage&COVERAGEID=Elevacion25830_5&FORMAT=image%2Ftiff&SUBSET=x%28144226.68%2C144765.97%29&SUBSET=y%284772599.30%2C4773136.84%29	2026-08-01T00:00:00Z
weak-relief-wcs-v1-00750	wl-tile-v1-10668	wl-pos-pos-es-pba-27971	pos-es-pba-27971	1	positive	train	ES	A Croa de Soutomerille	-7.396117005058612	43.02593427005167	-7.39926274,43.02363459,-7.39297127,43.02823395	141536.16,4772811.72,142075.65,4773349.48	512	Elevacion25830_5	https://servicios.idee.es/wcs-inspire/mdt	data/external/weak-label-relief-v1/train/positive/wl-tile-v1-10668-pos-es-pba-27971-mdt5.tif	downloaded	valid	108	108	4.995	4.979	EPSG:25830	1.000000	469.000	562.000	23808	1		https://servicios.idee.es/wcs-inspire/mdt?SERVICE=WCS&VERSION=2.0.1&REQUEST=GetCoverage&COVERAGEID=Elevacion25830_5&FORMAT=image%2Ftiff&SUBSET=x%28141536.16%2C142075.65%29&SUBSET=y%284772811.72%2C4773349.48%29	2026-08-01T00:00:00Z
weak-relief-wcs-v1-00751	wl-tile-v1-10844	wl-pos-pos-es-pba-29622	pos-es-pba-29622	1	positive	train	ES	A Croa de Vilanova	-7.407750299108331	42.90112515116524	-7.41088966,42.89882547,-7.40461094,42.90342483	139859.88,4758998.83,140399.38,4759536.59	512	Elevacion25830_5	https://servicios.idee.es/wcs-inspire/mdt	data/external/weak-label-relief-v1/train/positive/wl-tile-v1-10844-pos-es-pba-29622-mdt5.tif	downloaded	valid	108	108	4.995	4.979	EPSG:25830	1.000000	411.000	465.000	23808	1		https://servicios.idee.es/wcs-inspire/mdt?SERVICE=WCS&VERSION=2.0.1&REQUEST=GetCoverage&COVERAGEID=Elevacion25830_5&FORMAT=image%2Ftiff&SUBSET=x%28139859.88%2C140399.38%29&SUBSET=y%284758998.83%2C4759536.59%29	2026-08-01T00:00:00Z
weak-relief-wcs-v1-00752	wl-tile-v1-10669	wl-pos-pos-es-pba-27972	pos-es-pba-27972	1	positive	train	ES	A Croa de Xivil	-7.333384259839173	43.04529401434558	-7.33653099,43.04299434,-7.33023753,43.04759369	146759.67,4774695.98,147298.78,4775233.35	512	Elevacion25830_5	https://servicios.idee.es/wcs-inspire/mdt	data/external/weak-label-relief-v1/train/positive/wl-tile-v1-10669-pos-es-pba-27972-mdt5.tif	downloaded	valid	108	107	4.992	5.022	EPSG:25830	1.000000	555.000	666.000	23592	1		https://servicios.idee.es/wcs-inspire/mdt?SERVICE=WCS&VERSION=2.0.1&REQUEST=GetCoverage&COVERAGEID=Elevacion25830_5&FORMAT=image%2Ftiff&SUBSET=x%28146759.67%2C147298.78%29&SUBSET=y%284774695.98%2C4775233.35%29	2026-08-01T00:00:00Z
weak-relief-wcs-v1-00753	wl-tile-v1-11044	wl-pos-pos-es-pba-41087	pos-es-pba-41087	1	positive	train	ES	A Croa de Xián/Castro de Xián	-7.685267252720915	42.745349009693136	-7.68839872,42.74304933,-7.68213579,42.74764869	116233.71,4742922.17,116774.84,4743461.56	512	Elevacion25830_5	https://servicios.idee.es/wcs-inspire/mdt	data/external/weak-label-relief-v1/train/positive/wl-tile-v1-11044-pos-es-pba-41087-mdt5.tif	downloaded	valid	108	108	5.010	4.994	EPSG:25830	1.000000	513.000	605.000	23808	1		https://servicios.idee.es/wcs-inspire/mdt?SERVICE=WCS&VERSION=2.0.1&REQUEST=GetCoverage&COVERAGEID=Elevacion25830_5&FORMAT=image%2Ftiff&SUBSET=x%28116233.71%2C116774.84%29&SUBSET=y%284742922.17%2C4743461.56%29	2026-08-01T00:00:00Z
weak-relief-wcs-v1-00754	wl-tile-v1-09890	wl-pos-pos-es-pba-17047	pos-es-pba-17047	1	positive	train	ES	A Croa do Castro/A Croa de Posmarcos	-8.927476831000407	42.632896715738816	-8.93060263,42.63059704,-8.92435103,42.63519639	13648.53,4736837.84,14197.27,4737384.84	512	Elevacion25830_5	https://servicios.idee.es/wcs-inspire/mdt	data/external/weak-label-relief-v1/train/positive/wl-tile-v1-09890-pos-es-pba-17047-mdt5.tif	downloaded	valid	110	109	4.989	5.018	EPSG:25830	1.000000	49.000	112.000	24460	1		https://servicios.idee.es/wcs-inspire/mdt?SERVICE=WCS&VERSION=2.0.1&REQUEST=GetCoverage&COVERAGEID=Elevacion25830_5&FORMAT=image%2Ftiff&SUBSET=x%2813648.53%2C14197.27%29&SUBSET=y%284736837.84%2C4737384.84%29	2026-08-01T00:00:00Z
weak-relief-wcs-v1-00755	wl-tile-v1-10670	wl-pos-pos-es-pba-27973	pos-es-pba-27973	1	positive	train	ES	A Croa dos Mouros	-7.352236281347354	43.08596939225496	-7.35538510,43.08366972,-7.34908746,43.08826907	145458.62,4779293.39,145997.87,4779830.90	512	Elevacion25830_5	https://servicios.idee.es/wcs-inspire/mdt	data/external/weak-label-relief-v1/train/positive/wl-tile-v1-10670-pos-es-pba-27973-mdt5.tif	downloaded	valid	108	108	4.993	4.977	EPSG:25830	1.000000	607.000	736.000	23808	1		https://servicios.idee.es/wcs-inspire/mdt?SERVICE=WCS&VERSION=2.0.1&REQUEST=GetCoverage&COVERAGEID=Elevacion25830_5&FORMAT=image%2Ftiff&SUBSET=x%28145458.62%2C145997.87%29&SUBSET=y%284779293.39%2C4779830.90%29	2026-08-01T00:00:00Z
weak-relief-wcs-v1-00756	wl-tile-v1-11100	wl-pos-pos-es-pba-43437	pos-es-pba-43437	1	positive	train	ES	A Croa/Castro da Forca	-7.599994461036275	43.61880261241975	-7.60317105,43.61650294,-7.59681787,43.62110229	128556.39,4839555.98,129097.44,4840095.32	512	Elevacion25830_5	https://servicios.idee.es/wcs-inspire/mdt	data/external/weak-label-relief-v1/train/positive/wl-tile-v1-11100-pos-es-pba-43437-mdt5.tif	downloaded	valid	108	108	5.010	4.994	EPSG:25830	1.000000	60.000	193.000	23808	1		https://servicios.idee.es/wcs-inspire/mdt?SERVICE=WCS&VERSION=2.0.1&REQUEST=GetCoverage&COVERAGEID=Elevacion25830_5&FORMAT=image%2Ftiff&SUBSET=x%28128556.39%2C129097.44%29&SUBSET=y%284839555.98%2C4840095.32%29	2026-08-01T00:00:00Z
weak-relief-wcs-v1-00757	wl-tile-v1-10455	wl-pos-pos-es-pba-25056	pos-es-pba-25056	1	positive	train	ES	A Croa/Castro de Bardaos	-8.532886503551724	43.12339556671081	-8.53603725,43.12109589,-8.52973576,43.12569524	49607.56,4789125.73,50154.14,4789670.60	512	Elevacion25830_5	https://servicios.idee.es/wcs-inspire/mdt	data/external/weak-label-relief-v1/train/positive/wl-tile-v1-10455-pos-es-pba-25056-mdt5.tif	downloaded	valid	109	109	5.014	4.999	EPSG:25830	1.000000	308.000	362.000	24242	1		https://servicios.idee.es/wcs-inspire/mdt?SERVICE=WCS&VERSION=2.0.1&REQUEST=GetCoverage&COVERAGEID=Elevacion25830_5&FORMAT=image%2Ftiff&SUBSET=x%2849607.56%2C50154.14%29&SUBSET=y%284789125.73%2C4789670.60%29	2026-08-01T00:00:00Z
weak-relief-wcs-v1-00758	wl-tile-v1-10757	wl-pos-pos-es-pba-31371	pos-es-pba-31371	1	positive	train	ES	A Croa/O Castro	-7.434171139359504	42.8418417923535	-7.43730749,42.83954212,-7.43103479,42.84414147	137354.97,4752527.67,137894.61,4753065.56	512	Elevacion25830_5	https://servicios.idee.es/wcs-inspire/mdt	data/external/weak-label-relief-v1/train/positive/wl-tile-v1-10757-pos-es-pba-31371-mdt5.tif	downloaded	valid	108	108	4.997	4.980	EPSG:25830	1.000000	378.000	448.000	23808	1		https://servicios.idee.es/wcs-inspire/mdt?SERVICE=WCS&VERSION=2.0.1&REQUEST=GetCoverage&COVERAGEID=Elevacion25830_5&FORMAT=image%2Ftiff&SUBSET=x%28137354.97%2C137894.61%29&SUBSET=y%284752527.67%2C4753065.56%29	2026-08-01T00:00:00Z
weak-relief-wcs-v1-00759	wl-tile-v1-10475	wl-pos-pos-es-pba-24587	pos-es-pba-24587	1	positive	train	ES	A Croela do Castro	-8.46922749075579	42.99995115435703	-8.47237190,42.99765148,-8.46608308,43.00225083	53891.22,4775072.30,54437.34,4775616.70	512	Elevacion25830_5	https://servicios.idee.es/wcs-inspire/mdt	data/external/weak-label-relief-v1/train/positive/wl-tile-v1-10475-pos-es-pba-24587-mdt5.tif	downloaded	valid	109	109	5.010	4.994	EPSG:25830	1.000000	281.000	309.000	24242	1		https://servicios.idee.es/wcs-inspire/mdt?SERVICE=WCS&VERSION=2.0.1&REQUEST=GetCoverage&COVERAGEID=Elevacion25830_5&FORMAT=image%2Ftiff&SUBSET=x%2853891.22%2C54437.34%29&SUBSET=y%284775072.30%2C4775616.70%29	2026-08-01T00:00:00Z
weak-relief-wcs-v1-00760	wl-tile-v1-10456	wl-pos-pos-es-pba-25083	pos-es-pba-25083	1	positive	train	ES	A Medorra de Castro	-8.48931313614217	43.05748138577245	-8.49246049,43.05518171,-8.48616578,43.05978106	52672.55,4781570.03,53218.83,4782114.59	512	Elevacion25830_5	https://servicios.idee.es/wcs-inspire/mdt	data/external/weak-label-relief-v1/train/positive/wl-tile-v1-10456-pos-es-pba-25083-mdt5.tif	downloaded	valid	109	109	5.012	4.996	EPSG:25830	1.000000	345.000	387.000	24242	1		https://servicios.idee.es/wcs-inspire/mdt?SERVICE=WCS&VERSION=2.0.1&REQUEST=GetCoverage&COVERAGEID=Elevacion25830_5&FORMAT=image%2Ftiff&SUBSET=x%2852672.55%2C53218.83%29&SUBSET=y%284781570.03%2C4782114.59%29	2026-08-01T00:00:00Z
weak-relief-wcs-v1-00761	wl-tile-v1-10244	wl-pos-pos-es-pba-15436	pos-es-pba-15436	1	positive	train	ES	A Medorra do Gavián/Castro da Medorra do Gavión	-8.442096245966633	43.05983226765069	-8.44524372,43.05753259,-8.43894877,43.06213194	56535.85,4781580.06,57081.83,4782124.32	512	Elevacion25830_5	https://servicios.idee.es/wcs-inspire/mdt	data/external/weak-label-relief-v1/train/positive/wl-tile-v1-10244-pos-es-pba-15436-mdt5.tif	downloaded	valid	109	109	5.009	4.993	EPSG:25830	1.000000	257.000	293.000	24242	1		https://servicios.idee.es/wcs-inspire/mdt?SERVICE=WCS&VERSION=2.0.1&REQUEST=GetCoverage&COVERAGEID=Elevacion25830_5&FORMAT=image%2Ftiff&SUBSET=x%2856535.85%2C57081.83%29&SUBSET=y%284781580.06%2C4782124.32%29	2026-08-01T00:00:00Z
weak-relief-wcs-v1-00762	wl-tile-v1-10245	wl-pos-pos-es-pba-15438	pos-es-pba-15438	1	positive	train	ES	A Medorra/A Medorra de Castro	-8.405513498691642	43.138197137560354	-8.40866501,43.13589746,-8.40236199,43.14049681	60078.56,4790091.97,60624.36,4790636.06	512	Elevacion25830_5	https://servicios.idee.es/wcs-inspire/mdt	data/external/weak-label-relief-v1/train/positive/wl-tile-v1-10245-pos-es-pba-15438-mdt5.tif	downloaded	valid	109	109	5.007	4.992	EPSG:25830	1.000000	376.000	416.000	24242	1		https://servicios.idee.es/wcs-inspire/mdt?SERVICE=WCS&VERSION=2.0.1&REQUEST=GetCoverage&COVERAGEID=Elevacion25830_5&FORMAT=image%2Ftiff&SUBSET=x%2860078.56%2C60624.36%29&SUBSET=y%284790091.97%2C4790636.06%29	2026-08-01T00:00:00Z
weak-relief-wcs-v1-00763	wl-tile-v1-10246	wl-pos-pos-es-pba-15467	pos-es-pba-15467	1	positive	train	ES	A Medorra/Castro de Parada	-8.447563951600365	43.062674246198725	-8.45071158,43.06037457,-8.44441633,43.06497392	56111.02,4781924.72,56657.04,4782469.02	512	Elevacion25830_5	https://servicios.idee.es/wcs-inspire/mdt	data/external/weak-label-relief-v1/train/positive/wl-tile-v1-10246-pos-es-pba-15467-mdt5.tif	downloaded	valid	109	109	5.009	4.994	EPSG:25830	1.000000	255.000	307.000	24242	1		https://servicios.idee.es/wcs-inspire/mdt?SERVICE=WCS&VERSION=2.0.1&REQUEST=GetCoverage&COVERAGEID=Elevacion25830_5&FORMAT=image%2Ftiff&SUBSET=x%2856111.02%2C56657.04%29&SUBSET=y%284781924.72%2C4782469.02%29	2026-08-01T00:00:00Z
weak-relief-wcs-v1-00764	wl-tile-v1-10437	wl-pos-pos-es-pba-24889	pos-es-pba-24889	1	positive	train	ES	A Orela de Castro de Ares	-7.992578337942997	42.9893368466652	-7.99572220,42.98703717,-7.98943447,42.99163652	92684.67,4771468.26,93227.83,4772009.68	512	Elevacion25830_5	https://servicios.idee.es/wcs-inspire/mdt	data/external/weak-label-relief-v1/train/positive/wl-tile-v1-10437-pos-es-pba-24889-mdt5.tif	downloaded	valid	109	108	4.983	5.013	EPSG:25830	1.000000	670.000	732.000	24024	1		https://servicios.idee.es/wcs-inspire/mdt?SERVICE=WCS&VERSION=2.0.1&REQUEST=GetCoverage&COVERAGEID=Elevacion25830_5&FORMAT=image%2Ftiff&SUBSET=x%2892684.67%2C93227.83%29&SUBSET=y%284771468.26%2C4772009.68%29	2026-08-01T00:00:00Z
weak-relief-wcs-v1-00765	wl-tile-v1-11320	wl-pos-pos-es-pba-56508	pos-es-pba-56508	1	positive	train	ES	A Pena dos Castros	-7.294572586531034	42.35396758091312	-7.29768448,42.35166790,-7.29146070,42.35626726	146011.39,4697749.46,146549.94,4698286.23	512	Elevacion25830_5	https://servicios.idee.es/wcs-inspire/mdt	data/external/weak-label-relief-v1/train/positive/wl-tile-v1-11320-pos-es-pba-56508-mdt5.tif	downloaded	valid	108	107	4.987	5.017	EPSG:25830	1.000000	747.000	902.000	23592	1		https://servicios.idee.es/wcs-inspire/mdt?SERVICE=WCS&VERSION=2.0.1&REQUEST=GetCoverage&COVERAGEID=Elevacion25830_5&FORMAT=image%2Ftiff&SUBSET=x%28146011.39%2C146549.94%29&SUBSET=y%284697749.46%2C4698286.23%29	2026-08-01T00:00:00Z
weak-relief-wcs-v1-00766	wl-tile-v1-09928	wl-pos-pos-es-pba-1956	pos-es-pba-1956	1	positive	train	ES	A Roda do Castro	-8.205444887139212	43.437132129643814	-8.20861192,43.43483245,-8.20227785,43.43943181	78428.56,4822265.14,78973.28,4822808.16	512	Elevacion25830_5	https://servicios.idee.es/wcs-inspire/mdt	data/external/weak-label-relief-v1/train/positive/wl-tile-v1-09928-pos-es-pba-1956-mdt5.tif	downloaded	valid	109	109	4.997	4.982	EPSG:25830	1.000000	75.000	121.000	24242	1		https://servicios.idee.es/wcs-inspire/mdt?SERVICE=WCS&VERSION=2.0.1&REQUEST=GetCoverage&COVERAGEID=Elevacion25830_5&FORMAT=image%2Ftiff&SUBSET=x%2878428.56%2C78973.28%29&SUBSET=y%284822265.14%2C4822808.16%29	2026-08-01T00:00:00Z
weak-relief-wcs-v1-00767	wl-tile-v1-10220	wl-pos-pos-es-pba-16572	pos-es-pba-16572	1	positive	train	ES	A Roda do Castro	-8.3070641194709	42.95094249446288	-8.31020602,42.94864282,-8.30392222,42.95324217	66768.75,4768778.36,67313.83,4769321.72	512	Elevacion25830_5	https://servicios.idee.es/wcs-inspire/mdt	data/external/weak-label-relief-v1/train/positive/wl-tile-v1-10220-pos-es-pba-16572-mdt5.tif	downloaded	valid	109	109	5.001	4.985	EPSG:25830	1.000000	273.000	348.000	24242	1		https://servicios.idee.es/wcs-inspire/mdt?SERVICE=WCS&VERSION=2.0.1&REQUEST=GetCoverage&COVERAGEID=Elevacion25830_5&FORMAT=image%2Ftiff&SUBSET=x%2866768.75%2C67313.83%29&SUBSET=y%284768778.36%2C4769321.72%29	2026-08-01T00:00:00Z
weak-relief-wcs-v1-00768	wl-tile-v1-10221	wl-pos-pos-es-pba-16573	pos-es-pba-16573	1	positive	train	ES	A Roda do Castro	-8.383252384308596	42.90528297018287	-8.38639196,42.90298329,-8.38011281,42.90758265	60226.15,4764102.51,60771.68,4764646.31	512	Elevacion25830_5	https://servicios.idee.es/wcs-inspire/mdt	data/external/weak-label-relief-v1/train/positive/wl-tile-v1-10221-pos-es-pba-16573-mdt5.tif	downloaded	valid	109	109	5.005	4.989	EPSG:25830	1.000000	271.000	330.000	24242	1		https://servicios.idee.es/wcs-inspire/mdt?SERVICE=WCS&VERSION=2.0.1&REQUEST=GetCoverage&COVERAGEID=Elevacion25830_5&FORMAT=image%2Ftiff&SUBSET=x%2860226.15%2C60771.68%29&SUBSET=y%284764102.51%2C4764646.31%29	2026-08-01T00:00:00Z
weak-relief-wcs-v1-00769	wl-tile-v1-10537	wl-pos-pos-es-pba-38989	pos-es-pba-38989	1	positive	train	ES	A Roda do Castro	-7.337304824434929	42.52920449543482	-7.34042543,42.52690482,-7.33418422,42.53150417	143487.17,4717391.14,144026.06,4717928.26	512	Elevacion25830_5	https://servicios.idee.es/wcs-inspire/mdt	data/external/weak-label-relief-v1/train/positive/wl-tile-v1-10537-pos-es-pba-38989-mdt5.tif	downloaded	valid	108	107	4.990	5.020	EPSG:25830	1.000000	422.000	612.000	23592	1		https://servicios.idee.es/wcs-inspire/mdt?SERVICE=WCS&VERSION=2.0.1&REQUEST=GetCoverage&COVERAGEID=Elevacion25830_5&FORMAT=image%2Ftiff&SUBSET=x%28143487.17%2C144026.06%29&SUBSET=y%284717391.14%2C4717928.26%29	2026-08-01T00:00:00Z
weak-relief-wcs-v1-00770	wl-tile-v1-10860	wl-pos-pos-es-pba-32106	pos-es-pba-32106	1	positive	train	ES	A Roda do Castro	-7.487158870007436	42.70054023149602	-7.49028807,42.69824055,-7.48402967,42.70283991	132187.46,4737062.86,132727.35,4737601.00	512	Elevacion25830_5	https://servicios.idee.es/wcs-inspire/mdt	data/external/weak-label-relief-v1/train/positive/wl-tile-v1-10860-pos-es-pba-32106-mdt5.tif	downloaded	valid	108	108	4.999	4.983	EPSG:25830	1.000000	560.000	640.000	23808	1		https://servicios.idee.es/wcs-inspire/mdt?SERVICE=WCS&VERSION=2.0.1&REQUEST=GetCoverage&COVERAGEID=Elevacion25830_5&FORMAT=image%2Ftiff&SUBSET=x%28132187.46%2C132727.35%29&SUBSET=y%284737062.86%2C4737601.00%29	2026-08-01T00:00:00Z
weak-relief-wcs-v1-00771	wl-tile-v1-10222	wl-pos-pos-es-pba-16574	pos-es-pba-16574	1	positive	train	ES	A Roda do Castro de Astrar	-8.33018794476448	42.915115184771444	-8.33332802,42.91281551,-8.32704787,42.91741486	64628.91,4764918.24,65174.12,4765461.72	512	Elevacion25830_5	https://servicios.idee.es/wcs-inspire/mdt	data/external/weak-label-relief-v1/train/positive/wl-tile-v1-10222-pos-es-pba-16574-mdt5.tif	downloaded	valid	109	109	5.002	4.986	EPSG:25830	1.000000	353.000	423.000	24242	1		https://servicios.idee.es/wcs-inspire/mdt?SERVICE=WCS&VERSION=2.0.1&REQUEST=GetCoverage&COVERAGEID=Elevacion25830_5&FORMAT=image%2Ftiff&SUBSET=x%2864628.91%2C65174.12%29&SUBSET=y%284764918.24%2C4765461.72%29	2026-08-01T00:00:00Z
weak-relief-wcs-v1-00772	wl-tile-v1-10420	wl-pos-pos-es-pba-24204	pos-es-pba-24204	1	positive	train	ES	A Roda do Castro/Castro de Rairiz	-8.046367577861098	42.85210459926818	-8.04950445,42.84980492,-8.04323071,42.85440428	87381.66,4756487.33,87925.08,4757029.01	512	Elevacion25830_5	https://servicios.idee.es/wcs-inspire/mdt	data/external/weak-label-relief-v1/train/positive/wl-tile-v1-10420-pos-es-pba-24204-mdt5.tif	downloaded	valid	109	108	4.986	5.016	EPSG:25830	1.000000	362.000	408.000	24024	1		https://servicios.idee.es/wcs-inspire/mdt?SERVICE=WCS&VERSION=2.0.1&REQUEST=GetCoverage&COVERAGEID=Elevacion25830_5&FORMAT=image%2Ftiff&SUBSET=x%2887381.66%2C87925.08%29&SUBSET=y%284756487.33%2C4757029.01%29	2026-08-01T00:00:00Z
weak-relief-wcs-v1-00773	wl-tile-v1-10385	wl-pos-pos-es-pba-20170	pos-es-pba-20170	1	positive	train	ES	A Roda dos Mouros/Castro de Enfesta/Casto de Vilasuso	-8.480302342455799	42.93365957936373	-8.48344336,42.93135990,-8.47716132,42.93595926	52506.68,4767767.41,53052.82,4768311.83	512	Elevacion25830_5	https://servicios.idee.es/wcs-inspire/mdt	data/external/weak-label-relief-v1/train/positive/wl-tile-v1-10385-pos-es-pba-20170-mdt5.tif	downloaded	valid	109	109	5.010	4.995	EPSG:25830	1.000000	242.000	280.000	24242	1		https://servicios.idee.es/wcs-inspire/mdt?SERVICE=WCS&VERSION=2.0.1&REQUEST=GetCoverage&COVERAGEID=Elevacion25830_5&FORMAT=image%2Ftiff&SUBSET=x%2852506.68%2C53052.82%29&SUBSET=y%284767767.41%2C4768311.83%29	2026-08-01T00:00:00Z
weak-relief-wcs-v1-00774	wl-tile-v1-10223	wl-pos-pos-es-pba-16575	pos-es-pba-16575	1	positive	train	ES	A Roda/Agra do Castro	-8.274474790062763	42.92916380094542	-8.27761558,42.92686412,-8.27133400,42.93146348	69275.93,4766191.48,69820.80,4766734.62	512	Elevacion25830_5	https://servicios.idee.es/wcs-inspire/mdt	data/external/weak-label-relief-v1/train/positive/wl-tile-v1-10223-pos-es-pba-16575-mdt5.tif	downloaded	valid	109	109	4.999	4.983	EPSG:25830	1.000000	364.000	406.000	24242	1		https://servicios.idee.es/wcs-inspire/mdt?SERVICE=WCS&VERSION=2.0.1&REQUEST=GetCoverage&COVERAGEID=Elevacion25830_5&FORMAT=image%2Ftiff&SUBSET=x%2869275.93%2C69820.80%29&SUBSET=y%284766191.48%2C4766734.62%29	2026-08-01T00:00:00Z
weak-relief-wcs-v1-00775	wl-tile-v1-10282	wl-pos-pos-es-pba-17487	pos-es-pba-17487	1	positive	train	ES	A Torre do Castelo/O Castro	-8.933080160293438	42.85884223238134	-8.93621737,42.85654256,-8.92994295,42.86114191	14959.37,4761970.33,15508.28,4762517.52	512	Elevacion25830_5	https://servicios.idee.es/wcs-inspire/mdt	data/external/weak-label-relief-v1/train/positive/wl-tile-v1-10282-pos-es-pba-17487-mdt5.tif	downloaded	valid	110	109	4.990	5.020	EPSG:25830	1.000000	178.000	333.000	24460	1		https://servicios.idee.es/wcs-inspire/mdt?SERVICE=WCS&VERSION=2.0.1&REQUEST=GetCoverage&COVERAGEID=Elevacion25830_5&FORMAT=image%2Ftiff&SUBSET=x%2814959.37%2C15508.28%29&SUBSET=y%284761970.33%2C4762517.52%29	2026-08-01T00:00:00Z
weak-relief-wcs-v1-00776	wl-tile-v1-11322	wl-pos-pos-es-pba-58393	pos-es-pba-58393	1	positive	train	ES	A Torre do Castro	-7.7440797879272605	42.12316928973986	-7.74718032,42.12086961,-7.74097926,42.12546897	107549.17,4674085.27,108090.35,4674624.66	512	Elevacion25830_5	https://servicios.idee.es/wcs-inspire/mdt	data/external/weak-label-relief-v1/train/positive/wl-tile-v1-11322-pos-es-pba-58393-mdt5.tif	downloaded	valid	108	108	5.011	4.994	EPSG:25830	1.000000	622.000	680.000	23808	1		https://servicios.idee.es/wcs-inspire/mdt?SERVICE=WCS&VERSION=2.0.1&REQUEST=GetCoverage&COVERAGEID=Elevacion25830_5&FORMAT=image%2Ftiff&SUBSET=x%28107549.17%2C108090.35%29&SUBSET=y%284674085.27%2C4674624.66%29	2026-08-01T00:00:00Z
weak-relief-wcs-v1-00777	wl-tile-v1-10247	wl-pos-pos-es-pba-15472	pos-es-pba-15472	1	positive	train	ES	A Torre/Castro da Torre	-8.388691235139952	43.16153932279692	-8.39184395,43.15923965,-8.38553852,43.16383900	61614.35,4792596.53,62160.06,4793140.52	512	Elevacion25830_5	https://servicios.idee.es/wcs-inspire/mdt	data/external/weak-label-relief-v1/train/positive/wl-tile-v1-10247-pos-es-pba-15472-mdt5.tif	downloaded	valid	109	109	5.007	4.991	EPSG:25830	1.000000	290.000	412.000	24242	1		https://servicios.idee.es/wcs-inspire/mdt?SERVICE=WCS&VERSION=2.0.1&REQUEST=GetCoverage&COVERAGEID=Elevacion25830_5&FORMAT=image%2Ftiff&SUBSET=x%2861614.35%2C62160.06%29&SUBSET=y%284792596.53%2C4793140.52%29	2026-08-01T00:00:00Z
weak-relief-wcs-v1-00778	wl-tile-v1-10248	wl-pos-pos-es-pba-15473	pos-es-pba-15473	1	positive	train	ES	A Torre/Castro da Torre	-8.3776557004095	43.097118640386256	-8.38080509,43.09481896,-8.37450631,43.09941832	62051.26,4785382.72,62596.86,4785926.61	512	Elevacion25830_5	https://servicios.idee.es/wcs-inspire/mdt	data/external/weak-label-relief-v1/train/positive/wl-tile-v1-10248-pos-es-pba-15473-mdt5.tif	downloaded	valid	109	109	5.006	4.990	EPSG:25830	1.000000	287.000	321.000	24242	1		https://servicios.idee.es/wcs-inspire/mdt?SERVICE=WCS&VERSION=2.0.1&REQUEST=GetCoverage&COVERAGEID=Elevacion25830_5&FORMAT=image%2Ftiff&SUBSET=x%2862051.26%2C62596.86%29&SUBSET=y%284785382.72%2C4785926.61%29	2026-08-01T00:00:00Z
weak-relief-wcs-v1-00779	wl-tile-v1-10249	wl-pos-pos-es-pba-15474	pos-es-pba-15474	1	positive	train	ES	A Torre/O Castro/A Torre de Moscoso	-8.391378276335539	43.13900361869439	-8.39452983,43.13670394,-8.38822673,43.14130330	61234.27,4790107.30,61779.98,4790651.30	512	Elevacion25830_5	https://servicios.idee.es/wcs-inspire/mdt	data/external/weak-label-relief-v1/train/positive/wl-tile-v1-10249-pos-es-pba-15474-mdt5.tif	downloaded	valid	109	109	5.007	4.991	EPSG:25830	1.000000	354.000	415.000	24242	1		https://servicios.idee.es/wcs-inspire/mdt?SERVICE=WCS&VERSION=2.0.1&REQUEST=GetCoverage&COVERAGEID=Elevacion25830_5&FORMAT=image%2Ftiff&SUBSET=x%2861234.27%2C61779.98%29&SUBSET=y%284790107.30%2C4790651.30%29	2026-08-01T00:00:00Z
weak-relief-wcs-v1-00780	wl-tile-v1-10271	wl-pos-pos-es-pba-15636	pos-es-pba-15636	1	positive	train	ES	A Volta dos Castros	-7.891054572483572	43.666024534206116	-7.89423366,43.66372486,-7.88787549,43.66832421	105377.00,4846145.63,105919.88,4846686.82	512	Elevacion25830_5	https://servicios.idee.es/wcs-inspire/mdt	data/external/weak-label-relief-v1/train/positive/wl-tile-v1-10271-pos-es-pba-15636-mdt5.tif	downloaded	valid	109	108	4.981	5.011	EPSG:25830	1.000000	0.000	78.000	24024	1		https://servicios.idee.es/wcs-inspire/mdt?SERVICE=WCS&VERSION=2.0.1&REQUEST=GetCoverage&COVERAGEID=Elevacion25830_5&FORMAT=image%2Ftiff&SUBSET=x%28105377.00%2C105919.88%29&SUBSET=y%284846145.63%2C4846686.82%29	2026-08-01T00:00:00Z
weak-relief-wcs-v1-00781	wl-tile-v1-09884	wl-pos-pos-es-pba-11387	pos-es-pba-11387	1	positive	train	ES	Agra do Castro/Castro de Lestón/Os Castros	-8.569654533569624	43.264640149570845	-8.57281258,43.26234047,-8.56649649,43.26693983	47662.88,4805014.49,48209.77,4805559.67	512	Elevacion25830_5	https://servicios.idee.es/wcs-inspire/mdt	data/external/weak-label-relief-v1/train/positive/wl-tile-v1-09884-pos-es-pba-11387-mdt5.tif	downloaded	valid	109	109	5.017	5.002	EPSG:25830	1.000000	171.000	220.000	24242	1		https://servicios.idee.es/wcs-inspire/mdt?SERVICE=WCS&VERSION=2.0.1&REQUEST=GetCoverage&COVERAGEID=Elevacion25830_5&FORMAT=image%2Ftiff&SUBSET=x%2847662.88%2C48209.77%29&SUBSET=y%284805014.49%2C4805559.67%29	2026-08-01T00:00:00Z
weak-relief-wcs-v1-00782	wl-tile-v1-10845	wl-pos-pos-es-pba-29651	pos-es-pba-29651	1	positive	train	ES	Agra dos Castros	-7.457567781697816	42.97269787577277	-7.46071080,42.97039820,-7.45442477,42.97499755	136213.92,4767163.01,136753.77,4767701.11	512	Elevacion25830_5	https://servicios.idee.es/wcs-inspire/mdt	data/external/weak-label-relief-v1/train/positive/wl-tile-v1-10845-pos-es-pba-29651-mdt5.tif	downloaded	valid	108	108	4.999	4.982	EPSG:25830	1.000000	428.000	451.000	23808	1		https://servicios.idee.es/wcs-inspire/mdt?SERVICE=WCS&VERSION=2.0.1&REQUEST=GetCoverage&COVERAGEID=Elevacion25830_5&FORMAT=image%2Ftiff&SUBSET=x%28136213.92%2C136753.77%29&SUBSET=y%284767163.01%2C4767701.11%29	2026-08-01T00:00:00Z
weak-relief-wcs-v1-00783	wl-tile-v1-11621	wl-pos-pos-es-pba-69983	pos-es-pba-69983	1	positive	train	ES	Agra dos Castros	-8.248787789380218	42.71393196950959	-8.25191767,42.71163229,-8.24565791,42.71623165	69879.92,4742152.11,70424.51,4742694.96	512	Elevacion25830_5	https://servicios.idee.es/wcs-inspire/mdt	data/external/weak-label-relief-v1/train/positive/wl-tile-v1-11621-pos-es-pba-69983-mdt5.tif	downloaded	valid	109	109	4.996	4.980	EPSG:25830	1.000000	437.000	512.000	24242	1		https://servicios.idee.es/wcs-inspire/mdt?SERVICE=WCS&VERSION=2.0.1&REQUEST=GetCoverage&COVERAGEID=Elevacion25830_5&FORMAT=image%2Ftiff&SUBSET=x%2869879.92%2C70424.51%29&SUBSET=y%284742152.11%2C4742694.96%29	2026-08-01T00:00:00Z
weak-relief-wcs-v1-00784	wl-tile-v1-11499	wl-pos-pos-es-pba-65686	pos-es-pba-65686	1	positive	train	ES	Agro do Castro	-8.161003363694284	42.6900416356582	-8.16413204,42.68774196,-8.15787469,42.69234131	76908.27,4739054.35,77452.31,4739596.65	512	Elevacion25830_5	https://servicios.idee.es/wcs-inspire/mdt	data/external/weak-label-relief-v1/train/positive/wl-tile-v1-11499-pos-es-pba-65686-mdt5.tif	downloaded	valid	109	108	4.991	5.021	EPSG:25830	1.000000	509.000	550.000	24024	1		https://servicios.idee.es/wcs-inspire/mdt?SERVICE=WCS&VERSION=2.0.1&REQUEST=GetCoverage&COVERAGEID=Elevacion25830_5&FORMAT=image%2Ftiff&SUBSET=x%2876908.27%2C77452.31%29&SUBSET=y%284739054.35%2C4739596.65%29	2026-08-01T00:00:00Z
weak-relief-wcs-v1-00785	wl-tile-v1-11665	wl-pos-pos-es-pba-73150	pos-es-pba-73150	1	positive	train	ES	Agro do Castro	-8.700811620929525	42.70423647213898	-8.70394101,42.70193680,-8.69768223,42.70653615	32777.97,4743481.10,33325.35,4744026.75	512	Elevacion25830_5	https://servicios.idee.es/wcs-inspire/mdt	data/external/weak-label-relief-v1/train/positive/wl-tile-v1-11665-pos-es-pba-73150-mdt5.tif	downloaded	valid	109	109	5.022	5.006	EPSG:25830	1.000000	0.000	29.000	24242	1		https://servicios.idee.es/wcs-inspire/mdt?SERVICE=WCS&VERSION=2.0.1&REQUEST=GetCoverage&COVERAGEID=Elevacion25830_5&FORMAT=image%2Ftiff&SUBSET=x%2832777.97%2C33325.35%29&SUBSET=y%284743481.10%2C4744026.75%29	2026-08-01T00:00:00Z
weak-relief-wcs-v1-00786	wl-tile-v1-10152	wl-pos-pos-es-pba-12345	pos-es-pba-12345	1	positive	train	ES	Agro do Castro/Castro de Castrarón	-8.990965055491898	43.007295391414964	-8.99410984,43.00499571,-8.98782027,43.00959507	11407.25,4778797.87,11956.61,4779345.52	512	Elevacion25830_5	https://servicios.idee.es/wcs-inspire/mdt	data/external/weak-label-relief-v1/train/positive/wl-tile-v1-10152-pos-es-pba-12345-mdt5.tif	downloaded	valid	110	110	4.994	4.979	EPSG:25830	1.000000	286.000	292.000	24680	1		https://servicios.idee.es/wcs-inspire/mdt?SERVICE=WCS&VERSION=2.0.1&REQUEST=GetCoverage&COVERAGEID=Elevacion25830_5&FORMAT=image%2Ftiff&SUBSET=x%2811407.25%2C11956.61%29&SUBSET=y%284778797.87%2C4779345.52%29	2026-08-01T00:00:00Z
weak-relief-wcs-v1-00787	wl-tile-v1-10861	wl-pos-pos-es-pba-32107	pos-es-pba-32107	1	positive	train	ES	Agro do Castro/Pena do Castro	-7.391820212871832	42.66060885944316	-7.39494740,42.65830918,-7.38869302,42.66290854	139767.26,4732216.80,140306.56,4732754.33	512	Elevacion25830_5	https://servicios.idee.es/wcs-inspire/mdt	data/external/weak-label-relief-v1/train/positive/wl-tile-v1-10861-pos-es-pba-32107-mdt5.tif	downloaded	valid	108	108	4.994	4.977	EPSG:25830	1.000000	528.000	592.000	23808	1		https://servicios.idee.es/wcs-inspire/mdt?SERVICE=WCS&VERSION=2.0.1&REQUEST=GetCoverage&COVERAGEID=Elevacion25830_5&FORMAT=image%2Ftiff&SUBSET=x%28139767.26%2C140306.56%29&SUBSET=y%284732216.80%2C4732754.33%29	2026-08-01T00:00:00Z
weak-relief-wcs-v1-00788	wl-tile-v1-11334	wl-pos-pos-es-pba-58982	pos-es-pba-58982	1	positive	train	ES	Aira da Castro	-7.035588340434538	42.42420250761963	-7.03870371,42.42190283,-7.03247297,42.42650218	167717.60,4704503.94,168254.60,4705039.15	512	Elevacion25830_5	https://servicios.idee.es/wcs-inspire/mdt	data/external/weak-label-relief-v1/train/positive/wl-tile-v1-11334-pos-es-pba-58982-mdt5.tif	downloaded	valid	107	107	5.019	5.002	EPSG:25830	1.000000	412.000	457.000	23378	1		https://servicios.idee.es/wcs-inspire/mdt?SERVICE=WCS&VERSION=2.0.1&REQUEST=GetCoverage&COVERAGEID=Elevacion25830_5&FORMAT=image%2Ftiff&SUBSET=x%28167717.60%2C168254.60%29&SUBSET=y%284704503.94%2C4705039.15%29	2026-08-01T00:00:00Z
weak-relief-wcs-v1-00789	wl-tile-v1-10393	wl-pos-pos-es-pba-20197	pos-es-pba-20197	1	positive	train	ES	Alto da Croa/Alto do Castro	-8.551309425224812	42.931550839319016	-8.55445034,42.92925116,-8.54816851,42.93385052	46695.13,4767914.18,47241.72,4768459.04	512	Elevacion25830_5	https://servicios.idee.es/wcs-inspire/mdt	data/external/weak-label-relief-v1/train/positive/wl-tile-v1-10393-pos-es-pba-20197-mdt5.tif	downloaded	valid	109	109	5.015	4.999	EPSG:25830	1.000000	289.000	347.000	24242	1		https://servicios.idee.es/wcs-inspire/mdt?SERVICE=WCS&VERSION=2.0.1&REQUEST=GetCoverage&COVERAGEID=Elevacion25830_5&FORMAT=image%2Ftiff&SUBSET=x%2846695.13%2C47241.72%29&SUBSET=y%284767914.18%2C4768459.04%29	2026-08-01T00:00:00Z
weak-relief-wcs-v1-00790	wl-tile-v1-11298	wl-pos-pos-es-pba-56643	pos-es-pba-56643	1	positive	train	ES	As Cabarquellas. Os Mouros. O Castro. As Murallas	-7.257450858417286	41.95448303097479	-7.26054317,41.95218335,-7.25435855,41.95678271	146852.93,4653227.89,147391.07,4653764.22	512	Elevacion25830_5	https://servicios.idee.es/wcs-inspire/mdt	data/external/weak-label-relief-v1/train/positive/wl-tile-v1-11298-pos-es-pba-56643-mdt5.tif	downloaded	valid	108	107	4.983	5.012	EPSG:25830	1.000000	625.000	818.000	23592	1		https://servicios.idee.es/wcs-inspire/mdt?SERVICE=WCS&VERSION=2.0.1&REQUEST=GetCoverage&COVERAGEID=Elevacion25830_5&FORMAT=image%2Ftiff&SUBSET=x%28146852.93%2C147391.07%29&SUBSET=y%284653227.89%2C4653764.22%29	2026-08-01T00:00:00Z
weak-relief-wcs-v1-00791	wl-tile-v1-10311	wl-pos-pos-es-pba-27475	pos-es-pba-27475	1	positive	train	ES	As Casiñas de Coterras/Castro de Muruxeses	-8.101152244006782	43.164623132150865	-8.10430512,43.16232346,-8.09799937,43.16692281	85017.77,4791471.70,85561.70,4792013.91	512	Elevacion25830_5	https://servicios.idee.es/wcs-inspire/mdt	data/external/weak-label-relief-v1/train/positive/wl-tile-v1-10311-pos-es-pba-27475-mdt5.tif	downloaded	valid	109	108	4.990	5.020	EPSG:25830	1.000000	491.000	515.000	24024	1		https://servicios.idee.es/wcs-inspire/mdt?SERVICE=WCS&VERSION=2.0.1&REQUEST=GetCoverage&COVERAGEID=Elevacion25830_5&FORMAT=image%2Ftiff&SUBSET=x%2885017.77%2C85561.70%29&SUBSET=y%284791471.70%2C4792013.91%29	2026-08-01T00:00:00Z
weak-relief-wcs-v1-00792	wl-tile-v1-10436	wl-pos-pos-es-pba-24300	pos-es-pba-24300	1	positive	train	ES	As Castronelas	-8.061092005454002	43.018235715025476	-8.06423735,43.01593604,-8.05794666,43.02053539	87291.44,4775013.17,87835.04,4775555.04	512	Elevacion25830_5	https://servicios.idee.es/wcs-inspire/mdt	data/external/weak-label-relief-v1/train/positive/wl-tile-v1-10436-pos-es-pba-24300-mdt5.tif	downloaded	valid	109	108	4.987	5.017	EPSG:25830	1.000000	519.000	562.000	24024	1		https://servicios.idee.es/wcs-inspire/mdt?SERVICE=WCS&VERSION=2.0.1&REQUEST=GetCoverage&COVERAGEID=Elevacion25830_5&FORMAT=image%2Ftiff&SUBSET=x%2887291.44%2C87835.04%29&SUBSET=y%284775013.17%2C4775555.04%29	2026-08-01T00:00:00Z
weak-relief-wcs-v1-00793	wl-tile-v1-10250	wl-pos-pos-es-pba-15505	pos-es-pba-15505	1	positive	train	ES	As Cenicas/Castro de Vilasuso	-8.378646874246721	43.02467247611575	-8.38179255,43.02237280,-8.37550120,43.02697215	61453.25,4777340.43,61998.82,4777884.28	512	Elevacion25830_5	https://servicios.idee.es/wcs-inspire/mdt	data/external/weak-label-relief-v1/train/positive/wl-tile-v1-10250-pos-es-pba-15505-mdt5.tif	downloaded	valid	109	109	5.005	4.989	EPSG:25830	1.000000	321.000	346.000	24242	1		https://servicios.idee.es/wcs-inspire/mdt?SERVICE=WCS&VERSION=2.0.1&REQUEST=GetCoverage&COVERAGEID=Elevacion25830_5&FORMAT=image%2Ftiff&SUBSET=x%2861453.25%2C61998.82%29&SUBSET=y%284777340.43%2C4777884.28%29	2026-08-01T00:00:00Z
weak-relief-wcs-v1-00794	wl-tile-v1-10539	wl-pos-pos-es-pba-38688	pos-es-pba-38688	1	positive	train	ES	As Coroas/Fincas dos Castros e das Coroas/Castros de Xudán	-7.225507505848262	43.30065334099635	-7.22866742,43.29835366,-7.22234759,43.30295302	156981.81,4802610.41,157520.38,4803147.25	512	Elevacion25830_5	https://servicios.idee.es/wcs-inspire/mdt	data/external/weak-label-relief-v1/train/positive/wl-tile-v1-10539-pos-es-pba-38688-mdt5.tif	downloaded	valid	108	107	4.987	5.017	EPSG:25830	1.000000	160.000	364.000	23592	1		https://servicios.idee.es/wcs-inspire/mdt?SERVICE=WCS&VERSION=2.0.1&REQUEST=GetCoverage&COVERAGEID=Elevacion25830_5&FORMAT=image%2Ftiff&SUBSET=x%28156981.81%2C157520.38%29&SUBSET=y%284802610.41%2C4803147.25%29	2026-08-01T00:00:00Z
weak-relief-wcs-v1-00795	wl-tile-v1-10961	wl-pos-pos-es-pba-38902	pos-es-pba-38902	1	positive	train	ES	As Coroas/Os Castros/Monte das Croas/A Croa do Carballido	-7.288711555304902	43.140310103453054	-7.29186317,43.13801043,-7.28555994,43.14260978	150939.71,4785062.36,151478.60,4785599.50	512	Elevacion25830_5	https://servicios.idee.es/wcs-inspire/mdt	data/external/weak-label-relief-v1/train/positive/wl-tile-v1-10961-pos-es-pba-38902-mdt5.tif	downloaded	valid	108	107	4.990	5.020	EPSG:25830	1.000000	557.000	605.000	23592	1		https://servicios.idee.es/wcs-inspire/mdt?SERVICE=WCS&VERSION=2.0.1&REQUEST=GetCoverage&COVERAGEID=Elevacion25830_5&FORMAT=image%2Ftiff&SUBSET=x%28150939.71%2C151478.60%29&SUBSET=y%284785062.36%2C4785599.50%29	2026-08-01T00:00:00Z
weak-relief-wcs-v1-00796	wl-tile-v1-10312	wl-pos-pos-es-pba-27476	pos-es-pba-27476	1	positive	train	ES	As Croas/Castro de Oza/Castro de Carraceda	-8.172273609031572	43.224156030892374	-8.17542956,43.22185635,-8.16911766,43.22645571	79644.30,4798440.04,80188.70,4798982.73	512	Elevacion25830_5	https://servicios.idee.es/wcs-inspire/mdt	data/external/weak-label-relief-v1/train/positive/wl-tile-v1-10312-pos-es-pba-27476-mdt5.tif	downloaded	valid	109	109	4.994	4.979	EPSG:25830	1.000000	80.000	183.000	24242	1		https://servicios.idee.es/wcs-inspire/mdt?SERVICE=WCS&VERSION=2.0.1&REQUEST=GetCoverage&COVERAGEID=Elevacion25830_5&FORMAT=image%2Ftiff&SUBSET=x%2879644.30%2C80188.70%29&SUBSET=y%284798440.04%2C4798982.73%29	2026-08-01T00:00:00Z
weak-relief-wcs-v1-00797	wl-tile-v1-10577	wl-pos-pos-es-pba-42398	pos-es-pba-42398	1	positive	train	ES	As Croas/Os Castros	-7.238791249467945	42.880859604798836	-7.24192958,42.87855993,-7.23565292,42.88315928	153543.39,4756038.47,154081.85,4756575.17	512	Elevacion25830_5	https://servicios.idee.es/wcs-inspire/mdt	data/external/weak-label-relief-v1/train/positive/wl-tile-v1-10577-pos-es-pba-42398-mdt5.tif	downloaded	valid	108	107	4.986	5.016	EPSG:25830	1.000000	531.000	635.000	23592	1		https://servicios.idee.es/wcs-inspire/mdt?SERVICE=WCS&VERSION=2.0.1&REQUEST=GetCoverage&COVERAGEID=Elevacion25830_5&FORMAT=image%2Ftiff&SUBSET=x%28153543.39%2C154081.85%29&SUBSET=y%284756038.47%2C4756575.17%29	2026-08-01T00:00:00Z
weak-relief-wcs-v1-00798	wl-tile-v1-10578	wl-pos-pos-es-pba-42399	pos-es-pba-42399	1	positive	train	ES	As Croas/Os Castros	-7.248395902375665	42.84733526966195	-7.25153253,42.84503559,-7.24525927,42.84963495	152570.68,4752354.56,153109.18,4752891.31	512	Elevacion25830_5	https://servicios.idee.es/wcs-inspire/mdt	data/external/weak-label-relief-v1/train/positive/wl-tile-v1-10578-pos-es-pba-42399-mdt5.tif	downloaded	valid	108	107	4.986	5.016	EPSG:25830	1.000000	638.000	743.000	23592	1		https://servicios.idee.es/wcs-inspire/mdt?SERVICE=WCS&VERSION=2.0.1&REQUEST=GetCoverage&COVERAGEID=Elevacion25830_5&FORMAT=image%2Ftiff&SUBSET=x%28152570.68%2C153109.18%29&SUBSET=y%284752354.56%2C4752891.31%29	2026-08-01T00:00:00Z
weak-relief-wcs-v1-00799	wl-tile-v1-10579	wl-pos-pos-es-pba-42400	pos-es-pba-42400	1	positive	train	ES	As Croas/Os Castros	-7.302231521447278	42.938289494039864	-7.30537278,42.93598982,-7.29909026,42.94058917	148687.94,4762680.29,149226.81,4763217.41	512	Elevacion25830_5	https://servicios.idee.es/wcs-inspire/mdt	data/external/weak-label-relief-v1/train/positive/wl-tile-v1-10579-pos-es-pba-42400-mdt5.tif	downloaded	valid	108	107	4.990	5.020	EPSG:25830	1.000000	726.000	799.000	23592	1		https://servicios.idee.es/wcs-inspire/mdt?SERVICE=WCS&VERSION=2.0.1&REQUEST=GetCoverage&COVERAGEID=Elevacion25830_5&FORMAT=image%2Ftiff&SUBSET=x%28148687.94%2C149226.81%29&SUBSET=y%284762680.29%2C4763217.41%29	2026-08-01T00:00:00Z
weak-relief-wcs-v1-00800	wl-tile-v1-10580	wl-pos-pos-es-pba-42401	pos-es-pba-42401	1	positive	train	ES	As Croas/Os Castros	-7.198135639998299	42.97456698447582	-7.20127875,42.97226731,-7.19499253,42.97686666	157384.66,4766279.85,157922.91,4766816.34	512	Elevacion25830_5	https://servicios.idee.es/wcs-inspire/mdt	data/external/weak-label-relief-v1/train/positive/wl-tile-v1-10580-pos-es-pba-42401-mdt5.tif	downloaded	valid	108	107	4.984	5.014	EPSG:25830	1.000000	634.000	732.000	23592	1		https://servicios.idee.es/wcs-inspire/mdt?SERVICE=WCS&VERSION=2.0.1&REQUEST=GetCoverage&COVERAGEID=Elevacion25830_5&FORMAT=image%2Ftiff&SUBSET=x%28157384.66%2C157922.91%29&SUBSET=y%284766279.85%2C4766816.34%29	2026-08-01T00:00:00Z
weak-relief-wcs-v1-00801	wl-tile-v1-10962	wl-pos-pos-es-pba-38903	pos-es-pba-38903	1	positive	train	ES	As Croas/Os Castros	-7.357691613018918	43.187849949389616	-7.36084568,43.18555027,-7.35453754,43.19014963	145604.07,4790632.52,146143.40,4791170.12	512	Elevacion25830_5	https://servicios.idee.es/wcs-inspire/mdt	data/external/weak-label-relief-v1/train/positive/wl-tile-v1-10962-pos-es-pba-38903-mdt5.tif	downloaded	valid	108	108	4.994	4.978	EPSG:25830	1.000000	481.000	517.000	23808	1		https://servicios.idee.es/wcs-inspire/mdt?SERVICE=WCS&VERSION=2.0.1&REQUEST=GetCoverage&COVERAGEID=Elevacion25830_5&FORMAT=image%2Ftiff&SUBSET=x%28145604.07%2C146143.40%29&SUBSET=y%284790632.52%2C4791170.12%29	2026-08-01T00:00:00Z
weak-relief-wcs-v1-00802	wl-tile-v1-10457	wl-pos-pos-es-pba-25147	pos-es-pba-25147	1	positive	train	ES	As Medorras de Castro	-8.49740099426879	43.05250942529274	-8.50054810,43.05020975,-8.49425389,43.05480910	51977.42,4781060.96,52523.74,4781605.57	512	Elevacion25830_5	https://servicios.idee.es/wcs-inspire/mdt	data/external/weak-label-relief-v1/train/positive/wl-tile-v1-10457-pos-es-pba-25147-mdt5.tif	downloaded	valid	109	109	5.012	4.996	EPSG:25830	1.000000	333.000	387.000	24242	1		https://servicios.idee.es/wcs-inspire/mdt?SERVICE=WCS&VERSION=2.0.1&REQUEST=GetCoverage&COVERAGEID=Elevacion25830_5&FORMAT=image%2Ftiff&SUBSET=x%2851977.42%2C52523.74%29&SUBSET=y%284781060.96%2C4781605.57%29	2026-08-01T00:00:00Z
weak-relief-wcs-v1-00803	wl-tile-v1-10070	wl-pos-pos-es-pba-5747	pos-es-pba-5747	1	positive	train	ES	As Picureas do Castro/As Quenllas	-8.729405400435878	43.194333225838534	-8.73255981,43.19203355,-8.72625099,43.19663290	34156.89,4798083.13,34704.74,4798629.27	512	Elevacion25830_5	https://servicios.idee.es/wcs-inspire/mdt	data/external/weak-label-relief-v1/train/positive/wl-tile-v1-10070-pos-es-pba-5747-mdt5.tif	downloaded	valid	110	109	4.980	5.010	EPSG:25830	1.000000	107.000	155.000	24460	1		https://servicios.idee.es/wcs-inspire/mdt?SERVICE=WCS&VERSION=2.0.1&REQUEST=GetCoverage&COVERAGEID=Elevacion25830_5&FORMAT=image%2Ftiff&SUBSET=x%2834156.89%2C34704.74%29&SUBSET=y%284798083.13%2C4798629.27%29	2026-08-01T00:00:00Z
weak-relief-wcs-v1-00804	wl-tile-v1-11308	wl-pos-pos-es-pba-56964	pos-es-pba-56964	1	positive	train	ES	As Portas	-6.894863374203844	42.461568188501246	-6.89798061,42.45926851,-6.89174614,42.46386787	179487.99,4708112.73,180024.15,4708647.11	512	Elevacion25830_5	https://servicios.idee.es/wcs-inspire/mdt	data/external/weak-label-relief-v1/train/positive/wl-tile-v1-11308-pos-es-pba-56964-mdt5.tif	downloaded	valid	107	107	5.011	4.994	EPSG:25830	1.000000	419.000	583.000	23378	1		https://servicios.idee.es/wcs-inspire/mdt?SERVICE=WCS&VERSION=2.0.1&REQUEST=GetCoverage&COVERAGEID=Elevacion25830_5&FORMAT=image%2Ftiff&SUBSET=x%28179487.99%2C180024.15%29&SUBSET=y%284708112.73%2C4708647.11%29	2026-08-01T00:00:00Z
weak-relief-wcs-v1-00805	wl-tile-v1-11560	wl-pos-pos-es-pba-78344	pos-es-pba-78344	1	positive	train	ES	Asentamento do Castro	-8.603196816590163	42.144109222191055	-8.60629837,42.14180955,-8.60009526,42.14640890	36657.86,4680723.24,37204.30,4681267.91	512	Elevacion25830_5	https://servicios.idee.es/wcs-inspire/mdt	data/external/weak-label-relief-v1/train/positive/wl-tile-v1-11560-pos-es-pba-78344-mdt5.tif	downloaded	valid	109	109	5.013	4.997	EPSG:25830	1.000000	44.000	159.000	24242	1		https://servicios.idee.es/wcs-inspire/mdt?SERVICE=WCS&VERSION=2.0.1&REQUEST=GetCoverage&COVERAGEID=Elevacion25830_5&FORMAT=image%2Ftiff&SUBSET=x%2836657.86%2C37204.30%29&SUBSET=y%284680723.24%2C4681267.91%29	2026-08-01T00:00:00Z
weak-relief-wcs-v1-00806	wl-tile-v1-10484	wl-pos-pos-es-pba-24373	pos-es-pba-24373	1	positive	train	ES	Bico do Castro	-8.660805947532337	42.962559627055604	-8.66394844,42.96025995,-8.65766345,42.96485930	37989.57,4771956.04,38536.85,4772501.61	512	Elevacion25830_5	https://servicios.idee.es/wcs-inspire/mdt	data/external/weak-label-relief-v1/train/positive/wl-tile-v1-10484-pos-es-pba-24373-mdt5.tif	downloaded	valid	109	109	5.021	5.005	EPSG:25830	1.000000	161.000	224.000	24242	1		https://servicios.idee.es/wcs-inspire/mdt?SERVICE=WCS&VERSION=2.0.1&REQUEST=GetCoverage&COVERAGEID=Elevacion25830_5&FORMAT=image%2Ftiff&SUBSET=x%2837989.57%2C38536.85%29&SUBSET=y%284771956.04%2C4772501.61%29	2026-08-01T00:00:00Z
weak-relief-wcs-v1-00807	wl-tile-v1-11309	wl-pos-pos-es-pba-56965	pos-es-pba-56965	1	positive	train	ES	Cabeza do Castro	-6.950072104387649	42.44986597742958	-6.95318875,42.44756630,-6.94695545,42.45216565	174887.23,4707023.06,175423.72,4707557.77	512	Elevacion25830_5	https://servicios.idee.es/wcs-inspire/mdt	data/external/weak-label-relief-v1/train/positive/wl-tile-v1-11309-pos-es-pba-56965-mdt5.tif	downloaded	valid	107	107	5.014	4.997	EPSG:25830	1.000000	508.000	588.000	23378	1		https://servicios.idee.es/wcs-inspire/mdt?SERVICE=WCS&VERSION=2.0.1&REQUEST=GetCoverage&COVERAGEID=Elevacion25830_5&FORMAT=image%2Ftiff&SUBSET=x%28174887.23%2C175423.72%29&SUBSET=y%284707023.06%2C4707557.77%29	2026-08-01T00:00:00Z
weak-relief-wcs-v1-00808	wl-tile-v1-10548	wl-pos-pos-es-pba-26686	pos-es-pba-26686	1	positive	train	ES	Calvario da Igrexa de San Salvador do Castro de Ouro	-7.408848509539907	43.52752494286184	-7.41202029,43.52522527,-7.40567673,43.52982462	143443.23,4828579.54,143983.05,4829117.64	512	Elevacion25830_5	https://servicios.idee.es/wcs-inspire/mdt	data/external/weak-label-relief-v1/train/positive/wl-tile-v1-10548-pos-es-pba-26686-mdt5.tif	downloaded	valid	108	108	4.998	4.982	EPSG:25830	1.000000	56.000	102.000	23808	1		https://servicios.idee.es/wcs-inspire/mdt?SERVICE=WCS&VERSION=2.0.1&REQUEST=GetCoverage&COVERAGEID=Elevacion25830_5&FORMAT=image%2Ftiff&SUBSET=x%28143443.23%2C143983.05%29&SUBSET=y%284828579.54%2C4829117.64%29	2026-08-01T00:00:00Z
weak-relief-wcs-v1-00809	wl-tile-v1-11228	wl-pos-pos-es-pba-48170	pos-es-pba-48170	1	positive	train	ES	Camiño da Costa/Camiño do Castro	-8.065266750994347	42.334764727203265	-8.06837769,42.33246505,-8.06215581,42.33706440	82389.91,4699115.88,82933.17,4699657.37	512	Elevacion25830_5	https://servicios.idee.es/wcs-inspire/mdt	data/external/weak-label-relief-v1/train/positive/wl-tile-v1-11228-pos-es-pba-48170-mdt5.tif	downloaded	valid	109	108	4.984	5.014	EPSG:25830	1.000000	93.000	274.000	24024	1		https://servicios.idee.es/wcs-inspire/mdt?SERVICE=WCS&VERSION=2.0.1&REQUEST=GetCoverage&COVERAGEID=Elevacion25830_5&FORMAT=image%2Ftiff&SUBSET=x%2882389.91%2C82933.17%29&SUBSET=y%284699115.88%2C4699657.37%29	2026-08-01T00:00:00Z
weak-relief-wcs-v1-00810	wl-tile-v1-10232	wl-pos-pos-es-pba-19426	pos-es-pba-19426	1	positive	train	ES	Camiño principal de acceso ao Castro	-9.030154723834757	42.69459104631455	-9.03328363,42.69229137,-9.02702582,42.69689072	5716.34,4744288.67,6265.75,4744836.35	512	Elevacion25830_5	https://servicios.idee.es/wcs-inspire/mdt	data/external/weak-label-relief-v1/train/positive/wl-tile-v1-10232-pos-es-pba-19426-mdt5.tif	downloaded	valid	110	110	4.995	4.979	EPSG:25830	1.000000	0.000	39.000	24680	1		https://servicios.idee.es/wcs-inspire/mdt?SERVICE=WCS&VERSION=2.0.1&REQUEST=GetCoverage&COVERAGEID=Elevacion25830_5&FORMAT=image%2Ftiff&SUBSET=x%285716.34%2C6265.75%29&SUBSET=y%284744288.67%2C4744836.35%29	2026-08-01T00:00:00Z
weak-relief-wcs-v1-00811	wl-tile-v1-09970	wl-pos-pos-es-pba-4275	pos-es-pba-4275	1	positive	train	ES	Campo da Romaría de San Fins de Castro	-8.923593320278984	43.20537873969076	-8.92674830,43.20307906,-8.92043834,43.20767842	18460.38,4800411.97,19009.44,4800959.33	512	Elevacion25830_5	https://servicios.idee.es/wcs-inspire/mdt	data/external/weak-label-relief-v1/train/positive/wl-tile-v1-09970-pos-es-pba-4275-mdt5.tif	downloaded	valid	110	109	4.991	5.022	EPSG:25830	1.000000	57.000	201.000	24460	1		https://servicios.idee.es/wcs-inspire/mdt?SERVICE=WCS&VERSION=2.0.1&REQUEST=GetCoverage&COVERAGEID=Elevacion25830_5&FORMAT=image%2Ftiff&SUBSET=x%2818460.38%2C19009.44%29&SUBSET=y%284800411.97%2C4800959.33%29	2026-08-01T00:00:00Z
weak-relief-wcs-v1-00812	wl-tile-v1-10033	wl-pos-pos-es-pba-6059	pos-es-pba-6059	1	positive	train	ES	Campo do Castro	-8.07334472362092	43.660000306503385	-8.07652349,43.65770063,-8.07016596,43.66229998	90636.14,4846360.65,91180.16,4846902.98	512	Elevacion25830_5	https://servicios.idee.es/wcs-inspire/mdt	data/external/weak-label-relief-v1/train/positive/wl-tile-v1-10033-pos-es-pba-6059-mdt5.tif	downloaded	valid	109	108	4.991	5.022	EPSG:25830	1.000000	0.000	104.000	24024	1		https://servicios.idee.es/wcs-inspire/mdt?SERVICE=WCS&VERSION=2.0.1&REQUEST=GetCoverage&COVERAGEID=Elevacion25830_5&FORMAT=image%2Ftiff&SUBSET=x%2890636.14%2C91180.16%29&SUBSET=y%284846360.65%2C4846902.98%29	2026-08-01T00:00:00Z
weak-relief-wcs-v1-00813	wl-tile-v1-11459	wl-pos-pos-es-pba-63992	pos-es-pba-63992	1	positive	train	ES	Capela da Nosa Señora dos Remedios do Castro	-8.3362594029189	42.526580652685844	-8.33937988,42.52428098,-8.33313893,42.52888033	61398.32,4721791.01,61943.35,4722334.28	512	Elevacion25830_5	https://servicios.idee.es/wcs-inspire/mdt	data/external/weak-label-relief-v1/train/positive/wl-tile-v1-11459-pos-es-pba-63992-mdt5.tif	downloaded	valid	109	109	5.000	4.984	EPSG:25830	1.000000	467.000	576.000	24242	1		https://servicios.idee.es/wcs-inspire/mdt?SERVICE=WCS&VERSION=2.0.1&REQUEST=GetCoverage&COVERAGEID=Elevacion25830_5&FORMAT=image%2Ftiff&SUBSET=x%2861398.32%2C61943.35%29&SUBSET=y%284721791.01%2C4722334.28%29	2026-08-01T00:00:00Z
weak-relief-wcs-v1-00814	wl-tile-v1-11269	wl-pos-pos-es-pba-52211	pos-es-pba-52211	1	positive	train	ES	Capela da Virxe do Castro en Guntumil	-7.915810675510634	41.9064243527951	-7.91890066,41.90412468,-7.91272070,41.90872403	91962.84,4650815.36,92504.95,4651355.67	512	Elevacion25830_5	https://servicios.idee.es/wcs-inspire/mdt	data/external/weak-label-relief-v1/train/positive/wl-tile-v1-11269-pos-es-pba-52211-mdt5.tif	downloaded	valid	108	108	5.020	5.003	EPSG:25830	1.000000	871.000	981.000	23808	1		https://servicios.idee.es/wcs-inspire/mdt?SERVICE=WCS&VERSION=2.0.1&REQUEST=GetCoverage&COVERAGEID=Elevacion25830_5&FORMAT=image%2Ftiff&SUBSET=x%2891962.84%2C92504.95%29&SUBSET=y%284650815.36%2C4651355.67%29	2026-08-01T00:00:00Z
weak-relief-wcs-v1-00815	wl-tile-v1-10689	wl-pos-pos-es-pba-28838	pos-es-pba-28838	1	positive	train	ES	Capela de Castro Portela	-7.266685870743455	42.54035611024511	-7.26980703,42.53805643,-7.26356471,42.54265579	149351.05,4718334.92,149889.52,4718871.61	512	Elevacion25830_5	https://servicios.idee.es/wcs-inspire/mdt	data/external/weak-label-relief-v1/train/positive/wl-tile-v1-10689-pos-es-pba-28838-mdt5.tif	downloaded	valid	108	107	4.986	5.016	EPSG:25830	1.000000	349.000	607.000	23592	1		https://servicios.idee.es/wcs-inspire/mdt?SERVICE=WCS&VERSION=2.0.1&REQUEST=GetCoverage&COVERAGEID=Elevacion25830_5&FORMAT=image%2Ftiff&SUBSET=x%28149351.05%2C149889.52%29&SUBSET=y%284718334.92%2C4718871.61%29	2026-08-01T00:00:00Z
weak-relief-wcs-v1-00816	wl-tile-v1-10351	wl-pos-pos-es-pba-20591	pos-es-pba-20591	1	positive	train	ES	Capela de San Roque no Castro de Samoedo	-8.270348967490676	43.33874102240699	-8.27351087,43.33644135,-8.26718707,43.34104070	72482.05,4811666.62,73027.12,4812209.99	512	Elevacion25830_5	https://servicios.idee.es/wcs-inspire/mdt	data/external/weak-label-relief-v1/train/positive/wl-tile-v1-10351-pos-es-pba-20591-mdt5.tif	downloaded	valid	109	109	5.001	4.985	EPSG:25830	1.000000	46.000	96.000	24242	1		https://servicios.idee.es/wcs-inspire/mdt?SERVICE=WCS&VERSION=2.0.1&REQUEST=GetCoverage&COVERAGEID=Elevacion25830_5&FORMAT=image%2Ftiff&SUBSET=x%2872482.05%2C73027.12%29&SUBSET=y%284811666.62%2C4812209.99%29	2026-08-01T00:00:00Z
weak-relief-wcs-v1-00817	wl-tile-v1-10794	wl-pos-pos-es-pba-34283	pos-es-pba-34283	1	positive	train	ES	Capela de Santiago no Castro	-7.327690736860815	43.41738938137687	-7.33085674,43.41508970,-7.32452473,43.41968906	149365.72,4816001.49,149904.98,4816539.02	512	Elevacion25830_5	https://servicios.idee.es/wcs-inspire/mdt	data/external/weak-label-relief-v1/train/positive/wl-tile-v1-10794-pos-es-pba-34283-mdt5.tif	downloaded	valid	108	108	4.993	4.977	EPSG:25830	1.000000	274.000	382.000	23808	1		https://servicios.idee.es/wcs-inspire/mdt?SERVICE=WCS&VERSION=2.0.1&REQUEST=GetCoverage&COVERAGEID=Elevacion25830_5&FORMAT=image%2Ftiff&SUBSET=x%28149365.72%2C149904.98%29&SUBSET=y%284816001.49%2C4816539.02%29	2026-08-01T00:00:00Z
weak-relief-wcs-v1-00818	wl-tile-v1-11674	wl-pos-pos-es-pba-74887	pos-es-pba-74887	1	positive	train	ES	Capela dos Castros – Capela de San Roque	-8.30405866816096	42.81393702572845	-8.30719360,42.81163735,-8.30092373,42.81623670	66052.56,4753544.18,66597.55,4754087.43	512	Elevacion25830_5	https://servicios.idee.es/wcs-inspire/mdt	data/external/weak-label-relief-v1/train/positive/wl-tile-v1-11674-pos-es-pba-74887-mdt5.tif	downloaded	valid	109	109	5.000	4.984	EPSG:25830	1.000000	180.000	285.000	24242	1		https://servicios.idee.es/wcs-inspire/mdt?SERVICE=WCS&VERSION=2.0.1&REQUEST=GetCoverage&COVERAGEID=Elevacion25830_5&FORMAT=image%2Ftiff&SUBSET=x%2866052.56%2C66597.55%29&SUBSET=y%284753544.18%2C4754087.43%29	2026-08-01T00:00:00Z
weak-relief-wcs-v1-00819	wl-tile-v1-10294	wl-pos-pos-es-pba-27586	pos-es-pba-27586	1	positive	train	ES	Casa Forte do Castronou de Eirís	-8.170854703360163	43.2234525896818	-8.17401062,43.22115291,-8.16769879,43.22575227	79754.72,4798354.76,80299.11,4798897.44	512	Elevacion25830_5	https://servicios.idee.es/wcs-inspire/mdt	data/external/weak-label-relief-v1/train/positive/wl-tile-v1-10294-pos-es-pba-27586-mdt5.tif	downloaded	valid	109	109	4.994	4.979	EPSG:25830	1.000000	102.000	179.000	24242	1		https://servicios.idee.es/wcs-inspire/mdt?SERVICE=WCS&VERSION=2.0.1&REQUEST=GetCoverage&COVERAGEID=Elevacion25830_5&FORMAT=image%2Ftiff&SUBSET=x%2879754.72%2C80299.11%29&SUBSET=y%284798354.76%2C4798897.44%29	2026-08-01T00:00:00Z
weak-relief-wcs-v1-00820	wl-tile-v1-11264	wl-pos-pos-es-pba-52266	pos-es-pba-52266	1	positive	train	ES	Castelo das Chás/Citania das Laxes das Chás/A Cerca/Castro de Lobarz n	-7.493169829647384	41.91688551511041	-7.49626032,41.91458584,-7.49007934,41.91918519	127091.26,4650051.04,127630.80,4650588.78	512	Elevacion25830_5	https://servicios.idee.es/wcs-inspire/mdt	data/external/weak-label-relief-v1/train/positive/wl-tile-v1-11264-pos-es-pba-52266-mdt5.tif	downloaded	valid	108	108	4.996	4.979	EPSG:25830	1.000000	529.000	653.000	23808	1		https://servicios.idee.es/wcs-inspire/mdt?SERVICE=WCS&VERSION=2.0.1&REQUEST=GetCoverage&COVERAGEID=Elevacion25830_5&FORMAT=image%2Ftiff&SUBSET=x%28127091.26%2C127630.80%29&SUBSET=y%284650051.04%2C4650588.78%29	2026-08-01T00:00:00Z
weak-relief-wcs-v1-00821	wl-tile-v1-11004	wl-pos-pos-es-pba-41947	pos-es-pba-41947	1	positive	train	ES	Castelo de Loureiro/Os Castros de Castelo	-7.389154159906522	42.71618465874762	-7.39228415,42.71388498,-7.38602417,42.71848434	140307.05,4738378.15,140846.35,4738915.69	512	Elevacion25830_5	https://servicios.idee.es/wcs-inspire/mdt	data/external/weak-label-relief-v1/train/positive/wl-tile-v1-11004-pos-es-pba-41947-mdt5.tif	downloaded	valid	108	108	4.994	4.977	EPSG:25830	1.000000	532.000	603.000	23808	1		https://servicios.idee.es/wcs-inspire/mdt?SERVICE=WCS&VERSION=2.0.1&REQUEST=GetCoverage&COVERAGEID=Elevacion25830_5&FORMAT=image%2Ftiff&SUBSET=x%28140307.05%2C140846.35%29&SUBSET=y%284738378.15%2C4738915.69%29	2026-08-01T00:00:00Z
weak-relief-wcs-v1-00822	wl-tile-v1-09866	wl-pos-pos-es-pba-1186	pos-es-pba-1186	1	positive	train	ES	Castelo de Rodado/Castro de Gosende	-8.802837179521353	42.99406417811803	-8.80598129,42.99176450,-8.79969307,42.99636385	26643.74,4776248.07,27191.92,4776794.53	512	Elevacion25830_5	https://servicios.idee.es/wcs-inspire/mdt	data/external/weak-label-relief-v1/train/positive/wl-tile-v1-09866-pos-es-pba-1186-mdt5.tif	downloaded	valid	110	109	4.983	5.013	EPSG:25830	1.000000	326.000	354.000	24460	1		https://servicios.idee.es/wcs-inspire/mdt?SERVICE=WCS&VERSION=2.0.1&REQUEST=GetCoverage&COVERAGEID=Elevacion25830_5&FORMAT=image%2Ftiff&SUBSET=x%2826643.74%2C27191.92%29&SUBSET=y%284776248.07%2C4776794.53%29	2026-08-01T00:00:00Z
weak-relief-wcs-v1-00823	wl-tile-v1-11390	wl-pos-pos-es-pba-60005	pos-es-pba-60005	1	positive	train	ES	Castelo/Castro de Casás	-8.66776008475559	42.52882778103003	-8.67088067,42.52652810,-8.66463950,42.53112746	34176.65,4723813.04,34723.72,4724358.36	512	Elevacion25830_5	https://servicios.idee.es/wcs-inspire/mdt	data/external/weak-label-relief-v1/train/positive/wl-tile-v1-11390-pos-es-pba-60005-mdt5.tif	downloaded	valid	109	109	5.019	5.003	EPSG:25830	1.000000	113.000	206.000	24242	1		https://servicios.idee.es/wcs-inspire/mdt?SERVICE=WCS&VERSION=2.0.1&REQUEST=GetCoverage&COVERAGEID=Elevacion25830_5&FORMAT=image%2Ftiff&SUBSET=x%2834176.65%2C34723.72%29&SUBSET=y%284723813.04%2C4724358.36%29	2026-08-01T00:00:00Z
weak-relief-wcs-v1-00824	wl-tile-v1-11402	wl-pos-pos-es-pba-62902	pos-es-pba-62902	1	positive	train	ES	Castrelin	-8.849945024785598	42.28935433386379	-8.85305372,42.28705466,-8.84683633,42.29165401	17368.86,4698230.21,17916.91,4698776.51	512	Elevacion25830_5	https://servicios.idee.es/wcs-inspire/mdt	data/external/weak-label-relief-v1/train/positive/wl-tile-v1-11402-pos-es-pba-62902-mdt5.tif	downloaded	valid	110	109	4.982	5.012	EPSG:25830	1.000000	2.000	122.000	24460	1		https://servicios.idee.es/wcs-inspire/mdt?SERVICE=WCS&VERSION=2.0.1&REQUEST=GetCoverage&COVERAGEID=Elevacion25830_5&FORMAT=image%2Ftiff&SUBSET=x%2817368.86%2C17916.91%29&SUBSET=y%284698230.21%2C4698776.51%29	2026-08-01T00:00:00Z
weak-relief-wcs-v1-00825	wl-tile-v1-11440	wl-pos-pos-es-pba-64596	pos-es-pba-64596	1	positive	train	ES	Castreliño/O Castriño	-8.551121546620902	42.61567799157381	-8.55424648,42.61337831,-8.54799661,42.61797767	44394.62,4732824.78,44941.02,4733369.44	512	Elevacion25830_5	https://servicios.idee.es/wcs-inspire/mdt	data/external/weak-label-relief-v1/train/positive/wl-tile-v1-11440-pos-es-pba-64596-mdt5.tif	downloaded	valid	109	109	5.013	4.997	EPSG:25830	1.000000	224.000	319.000	24242	1		https://servicios.idee.es/wcs-inspire/mdt?SERVICE=WCS&VERSION=2.0.1&REQUEST=GetCoverage&COVERAGEID=Elevacion25830_5&FORMAT=image%2Ftiff&SUBSET=x%2844394.62%2C44941.02%29&SUBSET=y%284732824.78%2C4733369.44%29	2026-08-01T00:00:00Z
weak-relief-wcs-v1-00826	wl-tile-v1-11622	wl-pos-pos-es-pba-70136	pos-es-pba-70136	1	positive	train	ES	Castrillón	-8.350374754808254	42.75715841705547	-8.35350681,42.75485874,-8.34724269,42.75945809	61863.44,4747477.04,62408.68,4748020.55	512	Elevacion25830_5	https://servicios.idee.es/wcs-inspire/mdt	data/external/weak-label-relief-v1/train/positive/wl-tile-v1-11622-pos-es-pba-70136-mdt5.tif	downloaded	valid	109	109	5.002	4.986	EPSG:25830	1.000000	290.000	352.000	24242	1		https://servicios.idee.es/wcs-inspire/mdt?SERVICE=WCS&VERSION=2.0.1&REQUEST=GetCoverage&COVERAGEID=Elevacion25830_5&FORMAT=image%2Ftiff&SUBSET=x%2861863.44%2C62408.68%29&SUBSET=y%284747477.04%2C4748020.55%29	2026-08-01T00:00:00Z
weak-relief-wcs-v1-00827	wl-tile-v1-09989	wl-pos-pos-es-pba-3481	pos-es-pba-3481	1	positive	train	ES	Castrillón/Castro de Santa Eirena	-8.678231382756023	43.28427950813475	-8.68139045,43.28197983,-8.67507232,43.28657918	38996.84,4807790.70,39544.42,4808336.58	512	Elevacion25830_5	https://servicios.idee.es/wcs-inspire/mdt	data/external/weak-label-relief-v1/train/positive/wl-tile-v1-09989-pos-es-pba-3481-mdt5.tif	downloaded	valid	110	109	4.978	5.008	EPSG:25830	1.000000	28.000	86.000	24460	1		https://servicios.idee.es/wcs-inspire/mdt?SERVICE=WCS&VERSION=2.0.1&REQUEST=GetCoverage&COVERAGEID=Elevacion25830_5&FORMAT=image%2Ftiff&SUBSET=x%2838996.84%2C39544.42%29&SUBSET=y%284807790.70%2C4808336.58%29	2026-08-01T00:00:00Z
weak-relief-wcs-v1-00828	wl-tile-v1-11490	wl-pos-pos-es-pba-65313	pos-es-pba-65313	1	positive	train	ES	Castriño da Barreira	-8.11468647149243	42.6764142021231	-8.11781446,42.67411453,-8.11155848,42.67871388	80611.93,4737309.41,81155.67,4737851.41	512	Elevacion25830_5	https://servicios.idee.es/wcs-inspire/mdt	data/external/weak-label-relief-v1/train/positive/wl-tile-v1-11490-pos-es-pba-65313-mdt5.tif	downloaded	valid	109	108	4.988	5.019	EPSG:25830	1.000000	545.000	590.000	24024	1		https://servicios.idee.es/wcs-inspire/mdt?SERVICE=WCS&VERSION=2.0.1&REQUEST=GetCoverage&COVERAGEID=Elevacion25830_5&FORMAT=image%2Ftiff&SUBSET=x%2880611.93%2C81155.67%29&SUBSET=y%284737309.41%2C4737851.41%29	2026-08-01T00:00:00Z
weak-relief-wcs-v1-00829	wl-tile-v1-11491	wl-pos-pos-es-pba-65423	pos-es-pba-65423	1	positive	train	ES	Castriño de Bendoiro	-8.172902883692927	42.67633285398437	-8.17603087,42.67403318,-8.16977490,42.67863253	75839.69,4737591.35,76383.79,4738133.71	512	Elevacion25830_5	https://servicios.idee.es/wcs-inspire/mdt	data/external/weak-label-relief-v1/train/positive/wl-tile-v1-11491-pos-es-pba-65423-mdt5.tif	downloaded	valid	109	108	4.992	5.022	EPSG:25830	1.000000	408.000	499.000	24024	1		https://servicios.idee.es/wcs-inspire/mdt?SERVICE=WCS&VERSION=2.0.1&REQUEST=GetCoverage&COVERAGEID=Elevacion25830_5&FORMAT=image%2Ftiff&SUBSET=x%2875839.69%2C76383.79%29&SUBSET=y%284737591.35%2C4738133.71%29	2026-08-01T00:00:00Z
weak-relief-wcs-v1-00830	wl-tile-v1-10017	wl-pos-pos-es-pba-27145	pos-es-pba-27145	1	positive	train	ES	Castro	-7.9049569439217855	43.727567432846456	-7.90813929,43.72526776,-7.90177459,43.72986711	104661.20,4853048.11,105204.21,4853589.42	512	Elevacion25830_5	https://servicios.idee.es/wcs-inspire/mdt	data/external/weak-label-relief-v1/train/positive/wl-tile-v1-10017-pos-es-pba-27145-mdt5.tif	downloaded	valid	109	108	4.982	5.012	EPSG:25830	1.000000	177.000	253.000	24024	1		https://servicios.idee.es/wcs-inspire/mdt?SERVICE=WCS&VERSION=2.0.1&REQUEST=GetCoverage&COVERAGEID=Elevacion25830_5&FORMAT=image%2Ftiff&SUBSET=x%28104661.20%2C105204.21%29&SUBSET=y%284853048.11%2C4853589.42%29	2026-08-01T00:00:00Z
weak-relief-wcs-v1-00831	wl-tile-v1-10634	wl-pos-pos-es-pba-28478	pos-es-pba-28478	1	positive	train	ES	Castro	-7.879560473409384	42.542720675316225	-7.88268175,42.54042100,-7.87643919,42.54502035	99025.35,4721318.03,99567.58,4721858.50	512	Elevacion25830_5	https://servicios.idee.es/wcs-inspire/mdt	data/external/weak-label-relief-v1/train/positive/wl-tile-v1-10634-pos-es-pba-28478-mdt5.tif	downloaded	valid	108	108	5.021	5.004	EPSG:25830	1.000000	686.000	758.000	23808	1		https://servicios.idee.es/wcs-inspire/mdt?SERVICE=WCS&VERSION=2.0.1&REQUEST=GetCoverage&COVERAGEID=Elevacion25830_5&FORMAT=image%2Ftiff&SUBSET=x%2899025.35%2C99567.58%29&SUBSET=y%284721318.03%2C4721858.50%29	2026-08-01T00:00:00Z
weak-relief-wcs-v1-00832	wl-tile-v1-10745	wl-pos-pos-es-pba-31769	pos-es-pba-31769	1	positive	train	ES	Castro	-7.30231624539498	43.47250538984714	-7.30548513,43.47020571,-7.29914736,43.47480507	151737.00,4822016.97,152276.13,4822554.37	512	Elevacion25830_5	https://servicios.idee.es/wcs-inspire/mdt	data/external/weak-label-relief-v1/train/positive/wl-tile-v1-10745-pos-es-pba-31769-mdt5.tif	downloaded	valid	108	107	4.992	5.022	EPSG:25830	1.000000	46.000	110.000	23592	1		https://servicios.idee.es/wcs-inspire/mdt?SERVICE=WCS&VERSION=2.0.1&REQUEST=GetCoverage&COVERAGEID=Elevacion25830_5&FORMAT=image%2Ftiff&SUBSET=x%28151737.00%2C152276.13%29&SUBSET=y%284822016.97%2C4822554.37%29	2026-08-01T00:00:00Z
weak-relief-wcs-v1-00833	wl-tile-v1-11094	wl-pos-pos-es-pba-43144	pos-es-pba-43144	1	positive	train	ES	Castro	-7.592969278494972	43.67920104294244	-7.59614906,43.67690137,-7.58978949,43.68150072	129495.34,4846233.47,130036.37,4846772.80	512	Elevacion25830_5	https://servicios.idee.es/wcs-inspire/mdt	data/external/weak-label-relief-v1/train/positive/wl-tile-v1-11094-pos-es-pba-43144-mdt5.tif	downloaded	valid	108	108	5.010	4.994	EPSG:25830	1.000000	0.000	60.000	23808	1		https://servicios.idee.es/wcs-inspire/mdt?SERVICE=WCS&VERSION=2.0.1&REQUEST=GetCoverage&COVERAGEID=Elevacion25830_5&FORMAT=image%2Ftiff&SUBSET=x%28129495.34%2C130036.37%29&SUBSET=y%284846233.47%2C4846772.80%29	2026-08-01T00:00:00Z
weak-relief-wcs-v1-00834	wl-tile-v1-11590	wl-pos-pos-es-pba-69614	pos-es-pba-69614	1	positive	train	ES	Castro	-8.647312468991412	42.41059383623295	-8.65042717,42.40829416,-8.64419777,42.41289351	34979.84,4710566.57,35526.72,4711111.69	512	Elevacion25830_5	https://servicios.idee.es/wcs-inspire/mdt	data/external/weak-label-relief-v1/train/positive/wl-tile-v1-11590-pos-es-pba-69614-mdt5.tif	downloaded	valid	109	109	5.017	5.001	EPSG:25830	1.000000	58.000	109.000	24242	1		https://servicios.idee.es/wcs-inspire/mdt?SERVICE=WCS&VERSION=2.0.1&REQUEST=GetCoverage&COVERAGEID=Elevacion25830_5&FORMAT=image%2Ftiff&SUBSET=x%2834979.84%2C35526.72%29&SUBSET=y%284710566.57%2C4711111.69%29	2026-08-01T00:00:00Z
weak-relief-wcs-v1-00835	wl-tile-v1-11603	wl-pos-pos-es-pba-69686	pos-es-pba-69686	1	positive	train	ES	Castro	-8.476384777174543	42.12890307743764	-8.47948559,42.12660340,-8.47328397,42.13120275	47033.01,4678352.23,47578.67,4678896.11	512	Elevacion25830_5	https://servicios.idee.es/wcs-inspire/mdt	data/external/weak-label-relief-v1/train/positive/wl-tile-v1-11603-pos-es-pba-69686-mdt5.tif	downloaded	valid	109	109	5.006	4.990	EPSG:25830	1.000000	81.000	141.000	24242	1		https://servicios.idee.es/wcs-inspire/mdt?SERVICE=WCS&VERSION=2.0.1&REQUEST=GetCoverage&COVERAGEID=Elevacion25830_5&FORMAT=image%2Ftiff&SUBSET=x%2847033.01%2C47578.67%29&SUBSET=y%284678352.23%2C4678896.11%29	2026-08-01T00:00:00Z
weak-relief-wcs-v1-00836	wl-tile-v1-11666	wl-pos-pos-es-pba-73433	pos-es-pba-73433	1	positive	train	ES	Castro	-8.713697160073798	42.69754597458955	-8.71682621,42.69524630,-8.71056811,42.69984565	31671.78,4742809.40,32219.24,4743355.12	512	Elevacion25830_5	https://servicios.idee.es/wcs-inspire/mdt	data/external/weak-label-relief-v1/train/positive/wl-tile-v1-11666-pos-es-pba-73433-mdt5.tif	downloaded	valid	109	109	5.023	5.007	EPSG:25830	1.000000	8.000	54.000	24242	1		https://servicios.idee.es/wcs-inspire/mdt?SERVICE=WCS&VERSION=2.0.1&REQUEST=GetCoverage&COVERAGEID=Elevacion25830_5&FORMAT=image%2Ftiff&SUBSET=x%2831671.78%2C32219.24%29&SUBSET=y%284742809.40%2C4743355.12%29	2026-08-01T00:00:00Z
weak-relief-wcs-v1-00837	wl-tile-v1-10034	wl-pos-pos-es-pba-6182	pos-es-pba-6182	1	positive	train	ES	Castro A Croa de Carracedo	-7.954208306405794	43.64576209530778	-7.95738632,43.64346242,-7.95103029,43.64806177	100149.63,4844197.51,100692.90,4844739.09	512	Elevacion25830_5	https://servicios.idee.es/wcs-inspire/mdt	data/external/weak-label-relief-v1/train/positive/wl-tile-v1-10034-pos-es-pba-6182-mdt5.tif	downloaded	valid	109	108	4.984	5.015	EPSG:25830	1.000000	157.000	282.000	24024	1		https://servicios.idee.es/wcs-inspire/mdt?SERVICE=WCS&VERSION=2.0.1&REQUEST=GetCoverage&COVERAGEID=Elevacion25830_5&FORMAT=image%2Ftiff&SUBSET=x%28100149.63%2C100692.90%29&SUBSET=y%284844197.51%2C4844739.09%29	2026-08-01T00:00:00Z
weak-relief-wcs-v1-00838	wl-tile-v1-11329	wl-pos-pos-es-pba-57805	pos-es-pba-57805	1	positive	train	ES	Castro A Ermida/A Costa	-7.636779746616052	41.997404393470646	-7.63987414,41.99510472,-7.63368535,41.99970407	115662.75,4659628.99,116203.21,4660167.65	512	Elevacion25830_5	https://servicios.idee.es/wcs-inspire/mdt	data/external/weak-label-relief-v1/train/positive/wl-tile-v1-11329-pos-es-pba-57805-mdt5.tif	downloaded	valid	108	108	5.004	4.988	EPSG:25830	1.000000	749.000	818.000	23808	1		https://servicios.idee.es/wcs-inspire/mdt?SERVICE=WCS&VERSION=2.0.1&REQUEST=GetCoverage&COVERAGEID=Elevacion25830_5&FORMAT=image%2Ftiff&SUBSET=x%28115662.75%2C116203.21%29&SUBSET=y%284659628.99%2C4660167.65%29	2026-08-01T00:00:00Z
weak-relief-wcs-v1-00839	wl-tile-v1-11330	wl-pos-pos-es-pba-57806	pos-es-pba-57806	1	positive	train	ES	Castro A Igrexa de Zos	-7.661552832496157	42.039976292504214	-7.66464930,42.03767662,-7.65845637,42.04227597	113868.30,4664468.94,114408.93,4665007.78	512	Elevacion25830_5	https://servicios.idee.es/wcs-inspire/mdt	data/external/weak-label-relief-v1/train/positive/wl-tile-v1-11330-pos-es-pba-57806-mdt5.tif	downloaded	valid	108	108	5.006	4.989	EPSG:25830	1.000000	626.000	651.000	23808	1		https://servicios.idee.es/wcs-inspire/mdt?SERVICE=WCS&VERSION=2.0.1&REQUEST=GetCoverage&COVERAGEID=Elevacion25830_5&FORMAT=image%2Ftiff&SUBSET=x%28113868.30%2C114408.93%29&SUBSET=y%284664468.94%2C4665007.78%29	2026-08-01T00:00:00Z
weak-relief-wcs-v1-00840	wl-tile-v1-10035	wl-pos-pos-es-pba-6183	pos-es-pba-6183	1	positive	train	ES	Castro As Croas	-8.032183318220106	43.641604274162155	-8.03536111,43.63930460,-8.02900552,43.64390395	93831.54,4844114.71,94375.30,4844656.76	512	Elevacion25830_5	https://servicios.idee.es/wcs-inspire/mdt	data/external/weak-label-relief-v1/train/positive/wl-tile-v1-10035-pos-es-pba-6183-mdt5.tif	downloaded	valid	109	108	4.989	5.019	EPSG:25830	1.000000	91.000	202.000	24024	1		https://servicios.idee.es/wcs-inspire/mdt?SERVICE=WCS&VERSION=2.0.1&REQUEST=GetCoverage&COVERAGEID=Elevacion25830_5&FORMAT=image%2Ftiff&SUBSET=x%2893831.54%2C94375.30%29&SUBSET=y%284844114.71%2C4844656.76%29	2026-08-01T00:00:00Z
weak-relief-wcs-v1-00841	wl-tile-v1-10036	wl-pos-pos-es-pba-6217	pos-es-pba-6217	1	positive	train	ES	Castro As Croas	-8.055652580489099	43.6444923034954	-8.05883053,43.64219263,-8.05247463,43.64679198	91957.79,4844550.76,92501.69,4845092.97	512	Elevacion25830_5	https://servicios.idee.es/wcs-inspire/mdt	data/external/weak-label-relief-v1/train/positive/wl-tile-v1-10036-pos-es-pba-6217-mdt5.tif	downloaded	valid	109	108	4.990	5.020	EPSG:25830	1.000000	34.000	138.000	24024	1		https://servicios.idee.es/wcs-inspire/mdt?SERVICE=WCS&VERSION=2.0.1&REQUEST=GetCoverage&COVERAGEID=Elevacion25830_5&FORMAT=image%2Ftiff&SUBSET=x%2891957.79%2C92501.69%29&SUBSET=y%284844550.76%2C4845092.97%29	2026-08-01T00:00:00Z
weak-relief-wcs-v1-00842	wl-tile-v1-10344	wl-pos-pos-es-pba-19069	pos-es-pba-19069	1	positive	train	ES	Castro Barbudo	-8.817369769572682	42.69661354364094	-8.82049877,42.69431387,-8.81424076,42.69891322	23169.36,4743287.15,23717.46,4743833.52	512	Elevacion25830_5	https://servicios.idee.es/wcs-inspire/mdt	data/external/weak-label-relief-v1/train/positive/wl-tile-v1-10344-pos-es-pba-19069-mdt5.tif	downloaded	valid	110	109	4.983	5.013	EPSG:25830	1.000000	183.000	333.000	24460	1		https://servicios.idee.es/wcs-inspire/mdt?SERVICE=WCS&VERSION=2.0.1&REQUEST=GetCoverage&COVERAGEID=Elevacion25830_5&FORMAT=image%2Ftiff&SUBSET=x%2823169.36%2C23717.46%29&SUBSET=y%284743287.15%2C4743833.52%29	2026-08-01T00:00:00Z
weak-relief-wcs-v1-00843	wl-tile-v1-11575	wl-pos-pos-es-pba-76654	pos-es-pba-76654	1	positive	train	ES	Castro Barbudo	-8.48652184425122	42.36166975214859	-8.48963412,42.35937008,-8.48340957,42.36396943	47864.42,4704262.37,48410.28,4704806.47	512	Elevacion25830_5	https://servicios.idee.es/wcs-inspire/mdt	data/external/weak-label-relief-v1/train/positive/wl-tile-v1-11575-pos-es-pba-76654-mdt5.tif	downloaded	valid	109	109	5.008	4.992	EPSG:25830	1.000000	342.000	459.000	24242	1		https://servicios.idee.es/wcs-inspire/mdt?SERVICE=WCS&VERSION=2.0.1&REQUEST=GetCoverage&COVERAGEID=Elevacion25830_5&FORMAT=image%2Ftiff&SUBSET=x%2847864.42%2C48410.28%29&SUBSET=y%284704262.37%2C4704806.47%29	2026-08-01T00:00:00Z
weak-relief-wcs-v1-00844	wl-tile-v1-11241	wl-pos-pos-es-pba-51593	pos-es-pba-51593	1	positive	train	ES	Castro Cabanelas	-7.150378204768017	42.381253376828546	-7.15349145,42.37895370,-7.14726496,42.38355305	158038.43,4700189.50,158576.12,4700725.39	512	Elevacion25830_5	https://servicios.idee.es/wcs-inspire/mdt	data/external/weak-label-relief-v1/train/positive/wl-tile-v1-11241-pos-es-pba-51593-mdt5.tif	downloaded	valid	108	107	4.979	5.008	EPSG:25830	1.000000	289.000	459.000	23592	1		https://servicios.idee.es/wcs-inspire/mdt?SERVICE=WCS&VERSION=2.0.1&REQUEST=GetCoverage&COVERAGEID=Elevacion25830_5&FORMAT=image%2Ftiff&SUBSET=x%28158038.43%2C158576.12%29&SUBSET=y%284700189.50%2C4700725.39%29	2026-08-01T00:00:00Z
weak-relief-wcs-v1-00845	wl-tile-v1-11045	wl-pos-pos-es-pba-41244	pos-es-pba-41244	1	positive	train	ES	Castro Carboeiro	-7.834990505655279	42.70202044990514	-7.83811978,42.69972077,-7.83186123,42.70432013	103699.74,4738801.82,104241.78,4739342.10	512	Elevacion25830_5	https://servicios.idee.es/wcs-inspire/mdt	data/external/weak-label-relief-v1/train/positive/wl-tile-v1-11045-pos-es-pba-41244-mdt5.tif	downloaded	valid	108	108	5.019	5.003	EPSG:25830	1.000000	613.000	665.000	23808	1		https://servicios.idee.es/wcs-inspire/mdt?SERVICE=WCS&VERSION=2.0.1&REQUEST=GetCoverage&COVERAGEID=Elevacion25830_5&FORMAT=image%2Ftiff&SUBSET=x%28103699.74%2C104241.78%29&SUBSET=y%284738801.82%2C4739342.10%29	2026-08-01T00:00:00Z
weak-relief-wcs-v1-00846	wl-tile-v1-10815	wl-pos-pos-es-pba-35342	pos-es-pba-35342	1	positive	train	ES	Castro Cercio	-7.78480667059925	42.8257455828984	-7.78794220,42.82344591,-7.78167114,42.82804526	108592.21,4752309.97,109134.00,4752850.01	512	Elevacion25830_5	https://servicios.idee.es/wcs-inspire/mdt	data/external/weak-label-relief-v1/train/positive/wl-tile-v1-10815-pos-es-pba-35342-mdt5.tif	downloaded	valid	108	108	5.017	5.000	EPSG:25830	1.000000	595.000	664.000	23808	1		https://servicios.idee.es/wcs-inspire/mdt?SERVICE=WCS&VERSION=2.0.1&REQUEST=GetCoverage&COVERAGEID=Elevacion25830_5&FORMAT=image%2Ftiff&SUBSET=x%28108592.21%2C109134.00%29&SUBSET=y%284752309.97%2C4752850.01%29	2026-08-01T00:00:00Z
weak-relief-wcs-v1-00847	wl-tile-v1-11315	wl-pos-pos-es-pba-58242	pos-es-pba-58242	1	positive	train	ES	Castro Costa dos Mouros	-7.878979376629347	42.29096463171377	-7.88208815,42.28866496,-7.87587060,42.29326431	97463.07,4693351.97,98005.16,4693892.29	512	Elevacion25830_5	https://servicios.idee.es/wcs-inspire/mdt	data/external/weak-label-relief-v1/train/positive/wl-tile-v1-11315-pos-es-pba-58242-mdt5.tif	downloaded	valid	108	108	5.019	5.003	EPSG:25830	1.000000	217.000	343.000	23808	1		https://servicios.idee.es/wcs-inspire/mdt?SERVICE=WCS&VERSION=2.0.1&REQUEST=GetCoverage&COVERAGEID=Elevacion25830_5&FORMAT=image%2Ftiff&SUBSET=x%2897463.07%2C98005.16%29&SUBSET=y%284693351.97%2C4693892.29%29	2026-08-01T00:00:00Z
weak-relief-wcs-v1-00848	wl-tile-v1-10018	wl-pos-pos-es-pba-27146	pos-es-pba-27146	1	positive	train	ES	Castro Croado	-7.8844033512490235	43.72922106136042	-7.88758579,43.72692138,-7.88122091,43.73152074	106327.77,4853133.85,106870.65,4853675.03	512	Elevacion25830_5	https://servicios.idee.es/wcs-inspire/mdt	data/external/weak-label-relief-v1/train/positive/wl-tile-v1-10018-pos-es-pba-27146-mdt5.tif	downloaded	valid	109	108	4.981	5.011	EPSG:25830	1.000000	23.000	120.000	24024	1		https://servicios.idee.es/wcs-inspire/mdt?SERVICE=WCS&VERSION=2.0.1&REQUEST=GetCoverage&COVERAGEID=Elevacion25830_5&FORMAT=image%2Ftiff&SUBSET=x%28106327.77%2C106870.65%29&SUBSET=y%284853133.85%2C4853675.03%29	2026-08-01T00:00:00Z
weak-relief-wcs-v1-00849	wl-tile-v1-11071	wl-pos-pos-es-pba-43376	pos-es-pba-43376	1	positive	train	ES	Castro Curbel	-7.709231595327212	43.3343595595021	-7.71239327,43.33205988,-7.70606993,43.33665924	117950.00,4808455.59,118491.58,4808995.46	512	Elevacion25830_5	https://servicios.idee.es/wcs-inspire/mdt	data/external/weak-label-relief-v1/train/positive/wl-tile-v1-11071-pos-es-pba-43376-mdt5.tif	downloaded	valid	108	108	5.015	4.999	EPSG:25830	1.000000	479.000	515.000	23808	1		https://servicios.idee.es/wcs-inspire/mdt?SERVICE=WCS&VERSION=2.0.1&REQUEST=GetCoverage&COVERAGEID=Elevacion25830_5&FORMAT=image%2Ftiff&SUBSET=x%28117950.00%2C118491.58%29&SUBSET=y%284808455.59%2C4808995.46%29	2026-08-01T00:00:00Z
weak-relief-wcs-v1-00850	wl-tile-v1-11493	wl-pos-pos-es-pba-65425	pos-es-pba-65425	1	positive	train	ES	Castro Daquil Lado/Castro de Soutolongo	-8.15478695550623	42.638894205480376	-8.15791306,42.63659453,-8.15166085,42.64119388	77070.35,4733341.84,77614.33,4733884.06	512	Elevacion25830_5	https://servicios.idee.es/wcs-inspire/mdt	data/external/weak-label-relief-v1/train/positive/wl-tile-v1-11493-pos-es-pba-65425-mdt5.tif	downloaded	valid	109	108	4.991	5.021	EPSG:25830	1.000000	432.000	499.000	24024	1		https://servicios.idee.es/wcs-inspire/mdt?SERVICE=WCS&VERSION=2.0.1&REQUEST=GetCoverage&COVERAGEID=Elevacion25830_5&FORMAT=image%2Ftiff&SUBSET=x%2877070.35%2C77614.33%29&SUBSET=y%284733341.84%2C4733884.06%29	2026-08-01T00:00:00Z
weak-relief-wcs-v1-00851	wl-tile-v1-10032	wl-pos-pos-es-pba-6571	pos-es-pba-6571	1	positive	train	ES	Castro Detorre	-8.372564891693864	43.20970788637184	-8.37572009,43.20740821,-8.36940969,43.21200756	63270.12,4797862.77,63815.76,4798406.69	512	Elevacion25830_5	https://servicios.idee.es/wcs-inspire/mdt	data/external/weak-label-relief-v1/train/positive/wl-tile-v1-10032-pos-es-pba-6571-mdt5.tif	downloaded	valid	109	109	5.006	4.990	EPSG:25830	1.000000	102.000	227.000	24242	1		https://servicios.idee.es/wcs-inspire/mdt?SERVICE=WCS&VERSION=2.0.1&REQUEST=GetCoverage&COVERAGEID=Elevacion25830_5&FORMAT=image%2Ftiff&SUBSET=x%2863270.12%2C63815.76%29&SUBSET=y%284797862.77%2C4798406.69%29	2026-08-01T00:00:00Z
weak-relief-wcs-v1-00852	wl-tile-v1-10496	wl-pos-pos-es-pba-24466	pos-es-pba-24466	1	positive	train	ES	Castro Facho	-8.608351268841371	43.01865663246664	-8.61149664,43.01635696,-8.60520590,43.02095631	42686.53,4777899.98,43233.52,4778445.25	512	Elevacion25830_5	https://servicios.idee.es/wcs-inspire/mdt	data/external/weak-label-relief-v1/train/positive/wl-tile-v1-10496-pos-es-pba-24466-mdt5.tif	downloaded	valid	109	109	5.018	5.002	EPSG:25830	1.000000	364.000	435.000	24242	1		https://servicios.idee.es/wcs-inspire/mdt?SERVICE=WCS&VERSION=2.0.1&REQUEST=GetCoverage&COVERAGEID=Elevacion25830_5&FORMAT=image%2Ftiff&SUBSET=x%2842686.53%2C43233.52%29&SUBSET=y%284777899.98%2C4778445.25%29	2026-08-01T00:00:00Z
weak-relief-wcs-v1-00853	wl-tile-v1-11344	wl-pos-pos-es-pba-60251	pos-es-pba-60251	1	positive	train	ES	Castro Grande	-7.359917649865559	41.86664952507192	-7.36300571,41.86434985,-7.35682959,41.86894920	137861.18,4643900.52,138399.89,4644437.42	512	Elevacion25830_5	https://servicios.idee.es/wcs-inspire/mdt	data/external/weak-label-relief-v1/train/positive/wl-tile-v1-11344-pos-es-pba-60251-mdt5.tif	downloaded	valid	108	107	4.988	5.018	EPSG:25830	1.000000	514.000	637.000	23592	1		https://servicios.idee.es/wcs-inspire/mdt?SERVICE=WCS&VERSION=2.0.1&REQUEST=GetCoverage&COVERAGEID=Elevacion25830_5&FORMAT=image%2Ftiff&SUBSET=x%28137861.18%2C138399.89%29&SUBSET=y%284643900.52%2C4644437.42%29	2026-08-01T00:00:00Z
weak-relief-wcs-v1-00854	wl-tile-v1-09897	wl-pos-pos-es-pba-112	pos-es-pba-112	1	positive	train	ES	Castro Grande de Alcaiana	-8.345982051278382	43.16169870893086	-8.34913477,43.15939903,-8.34282933,43.16399839	65088.62,4792391.16,65634.06,4792934.89	512	Elevacion25830_5	https://servicios.idee.es/wcs-inspire/mdt	data/external/weak-label-relief-v1/train/positive/wl-tile-v1-09897-pos-es-pba-112-mdt5.tif	downloaded	valid	109	109	5.004	4.988	EPSG:25830	1.000000	407.000	452.000	24242	1		https://servicios.idee.es/wcs-inspire/mdt?SERVICE=WCS&VERSION=2.0.1&REQUEST=GetCoverage&COVERAGEID=Elevacion25830_5&FORMAT=image%2Ftiff&SUBSET=x%2865088.62%2C65634.06%29&SUBSET=y%284792391.16%2C4792934.89%29	2026-08-01T00:00:00Z
weak-relief-wcs-v1-00855	wl-tile-v1-10371	wl-pos-pos-es-pba-20135	pos-es-pba-20135	1	positive	train	ES	Castro Laberco	-8.861761331692875	43.032176641726544	-8.86490739,43.02987697,-8.85861527,43.03447632	22135.07,4780816.43,22683.64,4781363.29	512	Elevacion25830_5	https://servicios.idee.es/wcs-inspire/mdt	data/external/weak-label-relief-v1/train/positive/wl-tile-v1-10371-pos-es-pba-20135-mdt5.tif	downloaded	valid	110	109	4.987	5.017	EPSG:25830	1.000000	322.000	382.000	24460	1		https://servicios.idee.es/wcs-inspire/mdt?SERVICE=WCS&VERSION=2.0.1&REQUEST=GetCoverage&COVERAGEID=Elevacion25830_5&FORMAT=image%2Ftiff&SUBSET=x%2822135.07%2C22683.64%29&SUBSET=y%284780816.43%2C4781363.29%29	2026-08-01T00:00:00Z
weak-relief-wcs-v1-00856	wl-tile-v1-11401	wl-pos-pos-es-pba-61547	pos-es-pba-61547	1	positive	train	ES	Castro Liboreiro e petróglifos	-8.788917377230879	42.298430895397445	-8.79202652,42.29613122,-8.78580823,42.30073057	22471.48,4698893.49,23019.16,4699439.41	512	Elevacion25830_5	https://servicios.idee.es/wcs-inspire/mdt	data/external/weak-label-relief-v1/train/positive/wl-tile-v1-11401-pos-es-pba-61547-mdt5.tif	downloaded	valid	110	109	4.979	5.008	EPSG:25830	1.000000	168.000	330.000	24460	1		https://servicios.idee.es/wcs-inspire/mdt?SERVICE=WCS&VERSION=2.0.1&REQUEST=GetCoverage&COVERAGEID=Elevacion25830_5&FORMAT=image%2Ftiff&SUBSET=x%2822471.48%2C23019.16%29&SUBSET=y%284698893.49%2C4699439.41%29	2026-08-01T00:00:00Z
weak-relief-wcs-v1-00857	wl-tile-v1-09898	wl-pos-pos-es-pba-113	pos-es-pba-113	1	positive	train	ES	Castro Maior	-8.32903332081917	43.17388309609089	-8.33218667,43.17158342,-8.32587997,43.17618277	66553.26,4793656.59,67098.60,4794200.22	512	Elevacion25830_5	https://servicios.idee.es/wcs-inspire/mdt	data/external/weak-label-relief-v1/train/positive/wl-tile-v1-09898-pos-es-pba-113-mdt5.tif	downloaded	valid	109	109	5.003	4.987	EPSG:25830	1.000000	411.000	476.000	24242	1		https://servicios.idee.es/wcs-inspire/mdt?SERVICE=WCS&VERSION=2.0.1&REQUEST=GetCoverage&COVERAGEID=Elevacion25830_5&FORMAT=image%2Ftiff&SUBSET=x%2866553.26%2C67098.60%29&SUBSET=y%284793656.59%2C4794200.22%29	2026-08-01T00:00:00Z
weak-relief-wcs-v1-00858	wl-tile-v1-11314	wl-pos-pos-es-pba-58514	pos-es-pba-58514	1	positive	train	ES	Castro Martiño	-8.044760996443296	42.34479642796169	-8.04787243,42.34249675,-8.04164956,42.34709610	84146.14,4700129.55,84689.28,4700670.91	512	Elevacion25830_5	https://servicios.idee.es/wcs-inspire/mdt	data/external/weak-label-relief-v1/train/positive/wl-tile-v1-11314-pos-es-pba-58514-mdt5.tif	downloaded	valid	109	108	4.983	5.013	EPSG:25830	1.000000	250.000	408.000	24024	1		https://servicios.idee.es/wcs-inspire/mdt?SERVICE=WCS&VERSION=2.0.1&REQUEST=GetCoverage&COVERAGEID=Elevacion25830_5&FORMAT=image%2Ftiff&SUBSET=x%2884146.14%2C84689.28%29&SUBSET=y%284700129.55%2C4700670.91%29	2026-08-01T00:00:00Z
weak-relief-wcs-v1-00859	wl-tile-v1-11644	wl-pos-pos-es-pba-70413	pos-es-pba-70413	1	positive	train	ES	Castro Montaz	-8.232671001568978	42.647265924365826	-8.23579752,42.64496625,-8.22954448,42.64956560	70740.40,4734664.81,71284.85,4735207.52	512	Elevacion25830_5	https://servicios.idee.es/wcs-inspire/mdt	data/external/weak-label-relief-v1/train/positive/wl-tile-v1-11644-pos-es-pba-70413-mdt5.tif	downloaded	valid	109	109	4.995	4.979	EPSG:25830	1.000000	540.000	659.000	24242	1		https://servicios.idee.es/wcs-inspire/mdt?SERVICE=WCS&VERSION=2.0.1&REQUEST=GetCoverage&COVERAGEID=Elevacion25830_5&FORMAT=image%2Ftiff&SUBSET=x%2870740.40%2C71284.85%29&SUBSET=y%284734664.81%2C4735207.52%29	2026-08-01T00:00:00Z
weak-relief-wcs-v1-00860	wl-tile-v1-11153	wl-pos-pos-es-pba-56198	pos-es-pba-56198	1	positive	train	ES	Castro Monte dos Castros	-7.7798380300932966	42.450676269038844	-7.78295472,42.44837659,-7.77672134,42.45297595	106638.89,4710626.83,107180.46,4711166.63	512	Elevacion25830_5	https://servicios.idee.es/wcs-inspire/mdt	data/external/weak-label-relief-v1/train/positive/wl-tile-v1-11153-pos-es-pba-56198-mdt5.tif	downloaded	valid	108	108	5.015	4.998	EPSG:25830	1.000000	554.000	602.000	23808	1		https://servicios.idee.es/wcs-inspire/mdt?SERVICE=WCS&VERSION=2.0.1&REQUEST=GetCoverage&COVERAGEID=Elevacion25830_5&FORMAT=image%2Ftiff&SUBSET=x%28106638.89%2C107180.46%29&SUBSET=y%284710626.83%2C4711166.63%29	2026-08-01T00:00:00Z
weak-relief-wcs-v1-00861	wl-tile-v1-11331	wl-pos-pos-es-pba-57832	pos-es-pba-57832	1	positive	train	ES	Castro O Muro/Penedo do Mouro	-7.614325944527595	42.05317792591131	-7.61742305,42.05087825,-7.61122883,42.05547760	117857.80,4665722.93,118398.15,4666261.49	512	Elevacion25830_5	https://servicios.idee.es/wcs-inspire/mdt	data/external/weak-label-relief-v1/train/positive/wl-tile-v1-11331-pos-es-pba-57832-mdt5.tif	downloaded	valid	108	108	5.003	4.987	EPSG:25830	1.000000	630.000	659.000	23808	1		https://servicios.idee.es/wcs-inspire/mdt?SERVICE=WCS&VERSION=2.0.1&REQUEST=GetCoverage&COVERAGEID=Elevacion25830_5&FORMAT=image%2Ftiff&SUBSET=x%28117857.80%2C118398.15%29&SUBSET=y%284665722.93%2C4666261.49%29	2026-08-01T00:00:00Z
weak-relief-wcs-v1-00862	wl-tile-v1-10040	wl-pos-pos-es-pba-6221	pos-es-pba-6221	1	positive	train	ES	Castro Os Castros	-7.976483885913514	43.65640761996025	-7.97966246,43.65410794,-7.97330531,43.65870730	98423.80,4845487.70,98967.21,4846029.42	512	Elevacion25830_5	https://servicios.idee.es/wcs-inspire/mdt	data/external/weak-label-relief-v1/train/positive/wl-tile-v1-10040-pos-es-pba-6221-mdt5.tif	downloaded	valid	109	108	4.985	5.016	EPSG:25830	1.000000	160.000	232.000	24024	1		https://servicios.idee.es/wcs-inspire/mdt?SERVICE=WCS&VERSION=2.0.1&REQUEST=GetCoverage&COVERAGEID=Elevacion25830_5&FORMAT=image%2Ftiff&SUBSET=x%2898423.80%2C98967.21%29&SUBSET=y%284845487.70%2C4846029.42%29	2026-08-01T00:00:00Z
weak-relief-wcs-v1-00863	wl-tile-v1-10041	wl-pos-pos-es-pba-6222	pos-es-pba-6222	1	positive	train	ES	Castro Os Castros	-8.019297167251851	43.69864770957981	-8.02247798,43.69634803,-8.01611635,43.70094739	95255.38,4850388.09,95799.08,4850930.10	512	Elevacion25830_5	https://servicios.idee.es/wcs-inspire/mdt	data/external/weak-label-relief-v1/train/positive/wl-tile-v1-10041-pos-es-pba-6222-mdt5.tif	downloaded	valid	109	108	4.988	5.019	EPSG:25830	1.000000	73.000	164.000	24024	1		https://servicios.idee.es/wcs-inspire/mdt?SERVICE=WCS&VERSION=2.0.1&REQUEST=GetCoverage&COVERAGEID=Elevacion25830_5&FORMAT=image%2Ftiff&SUBSET=x%2895255.38%2C95799.08%29&SUBSET=y%284850388.09%2C4850930.10%29	2026-08-01T00:00:00Z
weak-relief-wcs-v1-00864	wl-tile-v1-11332	wl-pos-pos-es-pba-57833	pos-es-pba-57833	1	positive	train	ES	Castro Outeiro do Castelo	-7.588850923367274	42.00100650667652	-7.59194549,41.99870683,-7.58575635,42.00330618	119655.25,4659814.84,120195.42,4660353.21	512	Elevacion25830_5	https://servicios.idee.es/wcs-inspire/mdt	data/external/weak-label-relief-v1/train/positive/wl-tile-v1-11332-pos-es-pba-57833-mdt5.tif	downloaded	valid	108	108	5.002	4.985	EPSG:25830	1.000000	711.000	837.000	23808	1		https://servicios.idee.es/wcs-inspire/mdt?SERVICE=WCS&VERSION=2.0.1&REQUEST=GetCoverage&COVERAGEID=Elevacion25830_5&FORMAT=image%2Ftiff&SUBSET=x%28119655.25%2C120195.42%29&SUBSET=y%284659814.84%2C4660353.21%29	2026-08-01T00:00:00Z
weak-relief-wcs-v1-00865	wl-tile-v1-10435	wl-pos-pos-es-pba-23982	pos-es-pba-23982	1	positive	train	ES	Castro Pazoi	-8.039816318736644	43.01248441421233	-8.04296137,43.01018474,-8.03667127,43.01478409	88987.17,4774269.84,89530.64,4774811.57	512	Elevacion25830_5	https://servicios.idee.es/wcs-inspire/mdt	data/external/weak-label-relief-v1/train/positive/wl-tile-v1-10435-pos-es-pba-23982-mdt5.tif	downloaded	valid	109	108	4.986	5.016	EPSG:25830	1.000000	538.000	602.000	24024	1		https://servicios.idee.es/wcs-inspire/mdt?SERVICE=WCS&VERSION=2.0.1&REQUEST=GetCoverage&COVERAGEID=Elevacion25830_5&FORMAT=image%2Ftiff&SUBSET=x%2888987.17%2C89530.64%29&SUBSET=y%284774269.84%2C4774811.57%29	2026-08-01T00:00:00Z
weak-relief-wcs-v1-00866	wl-tile-v1-10451	wl-pos-pos-es-pba-24985	pos-es-pba-24985	1	positive	train	ES	Castro Pedro	-8.001762694716527	42.962612975067806	-8.00490519,42.96031330,-7.99862020,42.96491265	91758.61,4768544.46,92301.81,4769085.93	512	Elevacion25830_5	https://servicios.idee.es/wcs-inspire/mdt	data/external/weak-label-relief-v1/train/positive/wl-tile-v1-10451-pos-es-pba-24985-mdt5.tif	downloaded	valid	109	108	4.983	5.014	EPSG:25830	1.000000	554.000	649.000	24024	1		https://servicios.idee.es/wcs-inspire/mdt?SERVICE=WCS&VERSION=2.0.1&REQUEST=GetCoverage&COVERAGEID=Elevacion25830_5&FORMAT=image%2Ftiff&SUBSET=x%2891758.61%2C92301.81%29&SUBSET=y%284768544.46%2C4769085.93%29	2026-08-01T00:00:00Z
weak-relief-wcs-v1-00867	wl-tile-v1-10818	wl-pos-pos-es-pba-35345	pos-es-pba-35345	1	positive	train	ES	Castro Penedo/Castro da Croa/O Castro	-7.827596297017494	42.798275519027456	-7.83073044,42.79597584,-7.82446216,42.80057520	104918.46,4749458.57,105460.50,4749998.86	512	Elevacion25830_5	https://servicios.idee.es/wcs-inspire/mdt	data/external/weak-label-relief-v1/train/positive/wl-tile-v1-10818-pos-es-pba-35345-mdt5.tif	downloaded	valid	108	108	5.019	5.003	EPSG:25830	1.000000	509.000	572.000	23808	1		https://servicios.idee.es/wcs-inspire/mdt?SERVICE=WCS&VERSION=2.0.1&REQUEST=GetCoverage&COVERAGEID=Elevacion25830_5&FORMAT=image%2Ftiff&SUBSET=x%28104918.46%2C105460.50%29&SUBSET=y%284749458.57%2C4749998.86%29	2026-08-01T00:00:00Z
weak-relief-wcs-v1-00868	wl-tile-v1-11345	wl-pos-pos-es-pba-60252	pos-es-pba-60252	1	positive	train	ES	Castro Pequeno	-7.362924616720288	41.86544053781325	-7.36601262,41.86314086,-7.35983662,41.86774021	137604.70,4643778.95,138143.43,4644315.87	512	Elevacion25830_5	https://servicios.idee.es/wcs-inspire/mdt	data/external/weak-label-relief-v1/train/positive/wl-tile-v1-11345-pos-es-pba-60252-mdt5.tif	downloaded	valid	108	107	4.988	5.018	EPSG:25830	1.000000	465.000	637.000	23592	1		https://servicios.idee.es/wcs-inspire/mdt?SERVICE=WCS&VERSION=2.0.1&REQUEST=GetCoverage&COVERAGEID=Elevacion25830_5&FORMAT=image%2Ftiff&SUBSET=x%28137604.70%2C138143.43%29&SUBSET=y%284643778.95%2C4644315.87%29	2026-08-01T00:00:00Z
weak-relief-wcs-v1-00869	wl-tile-v1-09875	wl-pos-pos-es-pba-11057	pos-es-pba-11057	1	positive	train	ES	Castro Pequeno/Castro das Motas/A Mota	-8.601181211517181	43.24176397879824	-8.60433807,43.23946430,-8.59802435,43.24406366	44932.65,4802644.73,45479.73,4803190.10	512	Elevacion25830_5	https://servicios.idee.es/wcs-inspire/mdt	data/external/weak-label-relief-v1/train/positive/wl-tile-v1-09875-pos-es-pba-11057-mdt5.tif	downloaded	valid	109	109	5.019	5.003	EPSG:25830	1.000000	141.000	195.000	24242	1		https://servicios.idee.es/wcs-inspire/mdt?SERVICE=WCS&VERSION=2.0.1&REQUEST=GetCoverage&COVERAGEID=Elevacion25830_5&FORMAT=image%2Ftiff&SUBSET=x%2844932.65%2C45479.73%29&SUBSET=y%284802644.73%2C4803190.10%29	2026-08-01T00:00:00Z
weak-relief-wcs-v1-00870	wl-tile-v1-10483	wl-pos-pos-es-pba-24732	pos-es-pba-24732	1	positive	train	ES	Castro Pereiro	-8.517165379527919	42.965800254047544	-8.52030804,42.96350058,-8.51402272,42.96809993	49732.66,4771534.90,50279.06,4772079.57	512	Elevacion25830_5	https://servicios.idee.es/wcs-inspire/mdt	data/external/weak-label-relief-v1/train/positive/wl-tile-v1-10483-pos-es-pba-24732-mdt5.tif	downloaded	valid	109	109	5.013	4.997	EPSG:25830	1.000000	206.000	234.000	24242	1		https://servicios.idee.es/wcs-inspire/mdt?SERVICE=WCS&VERSION=2.0.1&REQUEST=GetCoverage&COVERAGEID=Elevacion25830_5&FORMAT=image%2Ftiff&SUBSET=x%2849732.66%2C50279.06%29&SUBSET=y%284771534.90%2C4772079.57%29	2026-08-01T00:00:00Z
weak-relief-wcs-v1-00871	wl-tile-v1-11451	wl-pos-pos-es-pba-64635	pos-es-pba-64635	1	positive	train	ES	Castro Piñeiro	-8.5768086857117	42.6570188484802	-8.57993570,42.65471917,-8.57368167,42.65931853	42590.71,4737556.03,43137.30,4738100.87	512	Elevacion25830_5	https://servicios.idee.es/wcs-inspire/mdt	data/external/weak-label-relief-v1/train/positive/wl-tile-v1-11451-pos-es-pba-64635-mdt5.tif	downloaded	valid	109	109	5.015	4.999	EPSG:25830	1.000000	217.000	295.000	24242	1		https://servicios.idee.es/wcs-inspire/mdt?SERVICE=WCS&VERSION=2.0.1&REQUEST=GetCoverage&COVERAGEID=Elevacion25830_5&FORMAT=image%2Ftiff&SUBSET=x%2842590.71%2C43137.30%29&SUBSET=y%284737556.03%2C4738100.87%29	2026-08-01T00:00:00Z
weak-relief-wcs-v1-00872	wl-tile-v1-11692	wl-pos-pos-es-pba-75426	pos-es-pba-75426	1	positive	train	ES	Castro Piñeiro/Castro de Carbia/O Castro/Eira dos Mouros/Os Castros	-8.23575596931154	42.81187657483075	-8.23889080,42.80957690,-8.23262114,42.81417625	71624.32,4752965.35,72168.89,4753508.18	512	Elevacion25830_5	https://servicios.idee.es/wcs-inspire/mdt	data/external/weak-label-relief-v1/train/positive/wl-tile-v1-11692-pos-es-pba-75426-mdt5.tif	downloaded	valid	109	109	4.996	4.980	EPSG:25830	1.000000	412.000	531.000	24242	1		https://servicios.idee.es/wcs-inspire/mdt?SERVICE=WCS&VERSION=2.0.1&REQUEST=GetCoverage&COVERAGEID=Elevacion25830_5&FORMAT=image%2Ftiff&SUBSET=x%2871624.32%2C72168.89%29&SUBSET=y%284752965.35%2C4753508.18%29	2026-08-01T00:00:00Z
weak-relief-wcs-v1-00873	wl-tile-v1-10372	wl-pos-pos-es-pba-20157	pos-es-pba-20157	1	positive	train	ES	Castro Pombo	-8.746991688541003	43.04041811193594	-8.75013817,43.03811844,-8.74384521,43.04271779	31551.37,4781083.47,32099.24,4781629.63	512	Elevacion25830_5	https://servicios.idee.es/wcs-inspire/mdt	data/external/weak-label-relief-v1/train/positive/wl-tile-v1-10372-pos-es-pba-20157-mdt5.tif	downloaded	valid	110	109	4.981	5.011	EPSG:25830	1.000000	368.000	404.000	24460	1		https://servicios.idee.es/wcs-inspire/mdt?SERVICE=WCS&VERSION=2.0.1&REQUEST=GetCoverage&COVERAGEID=Elevacion25830_5&FORMAT=image%2Ftiff&SUBSET=x%2831551.37%2C32099.24%29&SUBSET=y%284781083.47%2C4781629.63%29	2026-08-01T00:00:00Z
weak-relief-wcs-v1-00874	wl-tile-v1-10711	wl-pos-pos-es-pba-29067	pos-es-pba-29067	1	positive	train	ES	Castro Portela	-7.269120663961797	42.5412394322272	-7.27224187,42.53893976,-7.26599946,42.54353911	149156.02,4718443.11,149694.50,4718979.82	512	Elevacion25830_5	https://servicios.idee.es/wcs-inspire/mdt	data/external/weak-label-relief-v1/train/positive/wl-tile-v1-10711-pos-es-pba-29067-mdt5.tif	downloaded	valid	108	107	4.986	5.016	EPSG:25830	1.000000	345.000	520.000	23592	1		https://servicios.idee.es/wcs-inspire/mdt?SERVICE=WCS&VERSION=2.0.1&REQUEST=GetCoverage&COVERAGEID=Elevacion25830_5&FORMAT=image%2Ftiff&SUBSET=x%28149156.02%2C149694.50%29&SUBSET=y%284718443.11%2C4718979.82%29	2026-08-01T00:00:00Z
weak-relief-wcs-v1-00875	wl-tile-v1-10136	wl-pos-pos-es-pba-11757	pos-es-pba-11757	1	positive	train	ES	Castro Redondo	-8.305690635824451	43.05787001390244	-8.30883801,43.05557034,-8.30254326,43.06016969	67633.15,4780648.91,68178.28,4781192.32	512	Elevacion25830_5	https://servicios.idee.es/wcs-inspire/mdt	data/external/weak-label-relief-v1/train/positive/wl-tile-v1-10136-pos-es-pba-11757-mdt5.tif	downloaded	valid	109	109	5.001	4.985	EPSG:25830	1.000000	335.000	404.000	24242	1		https://servicios.idee.es/wcs-inspire/mdt?SERVICE=WCS&VERSION=2.0.1&REQUEST=GetCoverage&COVERAGEID=Elevacion25830_5&FORMAT=image%2Ftiff&SUBSET=x%2867633.15%2C68178.28%29&SUBSET=y%284780648.91%2C4781192.32%29	2026-08-01T00:00:00Z
weak-relief-wcs-v1-00876	wl-tile-v1-10076	wl-pos-pos-es-pba-5920	pos-es-pba-5920	1	positive	train	ES	Castro Redondo do Portal	-8.792711901029866	43.21308999122423	-8.79586728,43.21079031,-8.78955652,43.21538967	29156.06,4800521.90,29704.31,4801068.45	512	Elevacion25830_5	https://servicios.idee.es/wcs-inspire/mdt	data/external/weak-label-relief-v1/train/positive/wl-tile-v1-10076-pos-es-pba-5920-mdt5.tif	downloaded	valid	110	109	4.984	5.014	EPSG:25830	1.000000	113.000	154.000	24460	1		https://servicios.idee.es/wcs-inspire/mdt?SERVICE=WCS&VERSION=2.0.1&REQUEST=GetCoverage&COVERAGEID=Elevacion25830_5&FORMAT=image%2Ftiff&SUBSET=x%2829156.06%2C29704.31%29&SUBSET=y%284800521.90%2C4801068.45%29	2026-08-01T00:00:00Z
weak-relief-wcs-v1-00877	wl-tile-v1-10712	wl-pos-pos-es-pba-29068	pos-es-pba-29068	1	positive	train	ES	Castro Romeor	-7.094794369031415	42.64381241596846	-7.09792072,42.64151274,-7.09166802,42.64611209	164026.09,4729128.00,164563.55,4729663.69	512	Elevacion25830_5	https://servicios.idee.es/wcs-inspire/mdt	data/external/weak-label-relief-v1/train/positive/wl-tile-v1-10712-pos-es-pba-29068-mdt5.tif	downloaded	valid	107	107	5.023	5.006	EPSG:25830	1.000000	846.000	1047.000	23378	1		https://servicios.idee.es/wcs-inspire/mdt?SERVICE=WCS&VERSION=2.0.1&REQUEST=GetCoverage&COVERAGEID=Elevacion25830_5&FORMAT=image%2Ftiff&SUBSET=x%28164026.09%2C164563.55%29&SUBSET=y%284729128.00%2C4729663.69%29	2026-08-01T00:00:00Z
weak-relief-wcs-v1-00878	wl-tile-v1-11452	wl-pos-pos-es-pba-64636	pos-es-pba-64636	1	positive	train	ES	Castro Sebil	-8.537892266549553	42.62060695791155	-8.54101745,42.61830728,-8.53476708,42.62290663	45516.01,4733301.01,46062.34,4733845.59	512	Elevacion25830_5	https://servicios.idee.es/wcs-inspire/mdt	data/external/weak-label-relief-v1/train/positive/wl-tile-v1-11452-pos-es-pba-64636-mdt5.tif	downloaded	valid	109	109	5.012	4.996	EPSG:25830	1.000000	447.000	543.000	24242	1		https://servicios.idee.es/wcs-inspire/mdt?SERVICE=WCS&VERSION=2.0.1&REQUEST=GetCoverage&COVERAGEID=Elevacion25830_5&FORMAT=image%2Ftiff&SUBSET=x%2845516.01%2C46062.34%29&SUBSET=y%284733301.01%2C4733845.59%29	2026-08-01T00:00:00Z
weak-relief-wcs-v1-00879	wl-tile-v1-11434	wl-pos-pos-es-pba-78765	pos-es-pba-78765	1	positive	train	ES	Castro Segón	-8.420929595088353	42.50046404717832	-8.42404877,42.49816437,-8.41781042,42.50276372	54255.31,4719332.41,54800.84,4719876.19	512	Elevacion25830_5	https://servicios.idee.es/wcs-inspire/mdt	data/external/weak-label-relief-v1/train/positive/wl-tile-v1-11434-pos-es-pba-78765-mdt5.tif	downloaded	valid	109	109	5.005	4.989	EPSG:25830	1.000000	502.000	625.000	24242	1		https://servicios.idee.es/wcs-inspire/mdt?SERVICE=WCS&VERSION=2.0.1&REQUEST=GetCoverage&COVERAGEID=Elevacion25830_5&FORMAT=image%2Ftiff&SUBSET=x%2854255.31%2C54800.84%29&SUBSET=y%284719332.41%2C4719876.19%29	2026-08-01T00:00:00Z
weak-relief-wcs-v1-00880	wl-tile-v1-10060	wl-pos-pos-es-pba-5561	pos-es-pba-5561	1	positive	train	ES	Castro Sete (San Martiño de Cerdido)	-7.977523074801349	43.59443008852639	-7.98069838,43.59213041,-7.97434777,43.59672977	97926.31,4838608.25,98469.70,4839149.94	512	Elevacion25830_5	https://servicios.idee.es/wcs-inspire/mdt	data/external/weak-label-relief-v1/train/positive/wl-tile-v1-10060-pos-es-pba-5561-mdt5.tif	downloaded	valid	109	108	4.985	5.016	EPSG:25830	1.000000	177.000	316.000	24024	1		https://servicios.idee.es/wcs-inspire/mdt?SERVICE=WCS&VERSION=2.0.1&REQUEST=GetCoverage&COVERAGEID=Elevacion25830_5&FORMAT=image%2Ftiff&SUBSET=x%2897926.31%2C98469.70%29&SUBSET=y%284838608.25%2C4839149.94%29	2026-08-01T00:00:00Z
weak-relief-wcs-v1-00881	wl-tile-v1-10320	wl-pos-pos-es-pba-16947	pos-es-pba-16947	1	positive	train	ES	Castro Valente/A Cerca	-8.606451865365324	42.73039861886011	-8.60958257,42.72809894,-8.60332116,42.73269830	40702.69,4745868.54,41249.50,4746413.62	512	Elevacion25830_5	https://servicios.idee.es/wcs-inspire/mdt	data/external/weak-label-relief-v1/train/positive/wl-tile-v1-10320-pos-es-pba-16947-mdt5.tif	downloaded	valid	109	109	5.017	5.001	EPSG:25830	1.000000	299.000	395.000	24242	1		https://servicios.idee.es/wcs-inspire/mdt?SERVICE=WCS&VERSION=2.0.1&REQUEST=GetCoverage&COVERAGEID=Elevacion25830_5&FORMAT=image%2Ftiff&SUBSET=x%2840702.69%2C41249.50%29&SUBSET=y%284745868.54%2C4746413.62%29	2026-08-01T00:00:00Z
weak-relief-wcs-v1-00882	wl-tile-v1-10207	wl-pos-pos-es-pba-14196	pos-es-pba-14196	1	positive	train	ES	Castro da Aldea de Castro	-8.87691482937325	42.9167730499989	-8.88005499,42.91447337,-8.87377467,42.91907273	20000.57,4768083.01,20549.16,4768629.89	512	Elevacion25830_5	https://servicios.idee.es/wcs-inspire/mdt	data/external/weak-label-relief-v1/train/positive/wl-tile-v1-10207-pos-es-pba-14196-mdt5.tif	downloaded	valid	110	109	4.987	5.017	EPSG:25830	1.000000	191.000	313.000	24460	1		https://servicios.idee.es/wcs-inspire/mdt?SERVICE=WCS&VERSION=2.0.1&REQUEST=GetCoverage&COVERAGEID=Elevacion25830_5&FORMAT=image%2Ftiff&SUBSET=x%2820000.57%2C20549.16%29&SUBSET=y%284768083.01%2C4768629.89%29	2026-08-01T00:00:00Z
weak-relief-wcs-v1-00883	wl-tile-v1-10116	wl-pos-pos-es-pba-11689	pos-es-pba-11689	1	positive	train	ES	Castro da Areda/Castro das Medorras	-8.214275666780049	43.02639791130814	-8.21742143,43.02409823,-8.21112990,43.02869759	74861.89,4776685.23,75406.45,4777228.05	512	Elevacion25830_5	https://servicios.idee.es/wcs-inspire/mdt	data/external/weak-label-relief-v1/train/positive/wl-tile-v1-10116-pos-es-pba-11689-mdt5.tif	downloaded	valid	109	109	4.996	4.980	EPSG:25830	1.000000	409.000	429.000	24242	1		https://servicios.idee.es/wcs-inspire/mdt?SERVICE=WCS&VERSION=2.0.1&REQUEST=GetCoverage&COVERAGEID=Elevacion25830_5&FORMAT=image%2Ftiff&SUBSET=x%2874861.89%2C75406.45%29&SUBSET=y%284776685.23%2C4777228.05%29	2026-08-01T00:00:00Z
weak-relief-wcs-v1-00884	wl-tile-v1-10339	wl-pos-pos-es-pba-18249	pos-es-pba-18249	1	positive	train	ES	Castro da Aurela	-8.120634633179096	43.419214115676795	-8.12380073,43.41691444,-8.11746854,43.42151379	85171.27,4819848.56,85715.46,4820391.04	512	Elevacion25830_5	https://servicios.idee.es/wcs-inspire/mdt	data/external/weak-label-relief-v1/train/positive/wl-tile-v1-10339-pos-es-pba-18249-mdt5.tif	downloaded	valid	109	108	4.993	5.023	EPSG:25830	1.000000	152.000	334.000	24024	1		https://servicios.idee.es/wcs-inspire/mdt?SERVICE=WCS&VERSION=2.0.1&REQUEST=GetCoverage&COVERAGEID=Elevacion25830_5&FORMAT=image%2Ftiff&SUBSET=x%2885171.27%2C85715.46%29&SUBSET=y%284819848.56%2C4820391.04%29	2026-08-01T00:00:00Z
weak-relief-wcs-v1-00885	wl-tile-v1-10721	wl-pos-pos-es-pba-31122	pos-es-pba-31122	1	positive	train	ES	Castro da Aurela	-7.818642036810747	42.96461928478254	-7.82178464,42.96231961,-7.81549943,42.96691896	106710.80,4767893.21,107252.87,4768433.55	512	Elevacion25830_5	https://servicios.idee.es/wcs-inspire/mdt	data/external/weak-label-relief-v1/train/positive/wl-tile-v1-10721-pos-es-pba-31122-mdt5.tif	downloaded	valid	108	108	5.019	5.003	EPSG:25830	1.000000	567.000	594.000	23808	1		https://servicios.idee.es/wcs-inspire/mdt?SERVICE=WCS&VERSION=2.0.1&REQUEST=GetCoverage&COVERAGEID=Elevacion25830_5&FORMAT=image%2Ftiff&SUBSET=x%28106710.80%2C107252.87%29&SUBSET=y%284767893.21%2C4768433.55%29	2026-08-01T00:00:00Z
weak-relief-wcs-v1-00886	wl-tile-v1-10327	wl-pos-pos-es-pba-18603	pos-es-pba-18603	1	positive	train	ES	Castro da Barda	-8.945717128842128	43.289225379685824	-8.94887645,43.28692570,-8.94255781,43.29152506	17327.09,4809854.28,17876.34,4810401.84	512	Elevacion25830_5	https://servicios.idee.es/wcs-inspire/mdt	data/external/weak-label-relief-v1/train/positive/wl-tile-v1-10327-pos-es-pba-18603-mdt5.tif	downloaded	valid	110	110	4.993	4.978	EPSG:25830	1.000000	0.000	122.000	24680	1		https://servicios.idee.es/wcs-inspire/mdt?SERVICE=WCS&VERSION=2.0.1&REQUEST=GetCoverage&COVERAGEID=Elevacion25830_5&FORMAT=image%2Ftiff&SUBSET=x%2817327.09%2C17876.34%29&SUBSET=y%284809854.28%2C4810401.84%29	2026-08-01T00:00:00Z
weak-relief-wcs-v1-00887	wl-tile-v1-10328	wl-pos-pos-es-pba-18604	pos-es-pba-18604	1	positive	train	ES	Castro da Barda/Castelo	-8.941606393077615	43.28026878845151	-8.94476525,43.27796911,-8.93844754,43.28256847	17589.69,4808835.50,18138.91,4809383.03	512	Elevacion25830_5	https://servicios.idee.es/wcs-inspire/mdt	data/external/weak-label-relief-v1/train/positive/wl-tile-v1-10328-pos-es-pba-18604-mdt5.tif	downloaded	valid	110	110	4.993	4.978	EPSG:25830	1.000000	105.000	184.000	24680	1		https://servicios.idee.es/wcs-inspire/mdt?SERVICE=WCS&VERSION=2.0.1&REQUEST=GetCoverage&COVERAGEID=Elevacion25830_5&FORMAT=image%2Ftiff&SUBSET=x%2817589.69%2C18138.91%29&SUBSET=y%284808835.50%2C4809383.03%29	2026-08-01T00:00:00Z
weak-relief-wcs-v1-00888	wl-tile-v1-11580	wl-pos-pos-es-pba-77727	pos-es-pba-77727	1	positive	train	ES	Castro da Barxa	-8.547705370050995	42.15259310623146	-8.55080734,42.15029343,-8.54460340,42.15489278	41306.89,4681365.33,41853.00,4681909.67	512	Elevacion25830_5	https://servicios.idee.es/wcs-inspire/mdt	data/external/weak-label-relief-v1/train/positive/wl-tile-v1-11580-pos-es-pba-77727-mdt5.tif	downloaded	valid	109	109	5.010	4.994	EPSG:25830	1.000000	58.000	192.000	24242	1		https://servicios.idee.es/wcs-inspire/mdt?SERVICE=WCS&VERSION=2.0.1&REQUEST=GetCoverage&COVERAGEID=Elevacion25830_5&FORMAT=image%2Ftiff&SUBSET=x%2841306.89%2C41853.00%29&SUBSET=y%284681365.33%2C4681909.67%29	2026-08-01T00:00:00Z
weak-relief-wcs-v1-00889	wl-tile-v1-09867	wl-pos-pos-es-pba-1187	pos-es-pba-1187	1	positive	train	ES	Castro da Baña	-8.763157440610867	42.951214194085864	-8.76629936,42.94891452,-8.76001552,42.95351387	29552.07,4771264.65,30099.99,4771810.84	512	Elevacion25830_5	https://servicios.idee.es/wcs-inspire/mdt	data/external/weak-label-relief-v1/train/positive/wl-tile-v1-09867-pos-es-pba-1187-mdt5.tif	downloaded	valid	110	109	4.981	5.011	EPSG:25830	1.000000	278.000	350.000	24460	1		https://servicios.idee.es/wcs-inspire/mdt?SERVICE=WCS&VERSION=2.0.1&REQUEST=GetCoverage&COVERAGEID=Elevacion25830_5&FORMAT=image%2Ftiff&SUBSET=x%2829552.07%2C30099.99%29&SUBSET=y%284771264.65%2C4771810.84%29	2026-08-01T00:00:00Z
weak-relief-wcs-v1-00890	wl-tile-v1-10910	wl-pos-pos-es-pba-41928	pos-es-pba-41928	1	positive	train	ES	Castro da Besta ou de Vilelos	-7.674675402221532	42.63795322374724	-7.67780146,42.63565355,-7.67154935,42.64025290	116439.49,4730945.37,116980.51,4731484.63	512	Elevacion25830_5	https://servicios.idee.es/wcs-inspire/mdt	data/external/weak-label-relief-v1/train/positive/wl-tile-v1-10910-pos-es-pba-41928-mdt5.tif	downloaded	valid	108	108	5.009	4.993	EPSG:25830	1.000000	500.000	569.000	23808	1		https://servicios.idee.es/wcs-inspire/mdt?SERVICE=WCS&VERSION=2.0.1&REQUEST=GetCoverage&COVERAGEID=Elevacion25830_5&FORMAT=image%2Ftiff&SUBSET=x%28116439.49%2C116980.51%29&SUBSET=y%284730945.37%2C4731484.63%29	2026-08-01T00:00:00Z
weak-relief-wcs-v1-00891	wl-tile-v1-10161	wl-pos-pos-es-pba-12434	pos-es-pba-12434	1	positive	train	ES	Castro da Braña	-8.286253420784236	43.13064428026022	-8.28940454,43.12834460,-8.28310230,43.13294396	69727.47,4788632.62,70272.53,4789175.95	512	Elevacion25830_5	https://servicios.idee.es/wcs-inspire/mdt	data/external/weak-label-relief-v1/train/positive/wl-tile-v1-10161-pos-es-pba-12434-mdt5.tif	downloaded	valid	109	109	5.001	4.985	EPSG:25830	1.000000	350.000	399.000	24242	1		https://servicios.idee.es/wcs-inspire/mdt?SERVICE=WCS&VERSION=2.0.1&REQUEST=GetCoverage&COVERAGEID=Elevacion25830_5&FORMAT=image%2Ftiff&SUBSET=x%2869727.47%2C70272.53%29&SUBSET=y%284788632.62%2C4789175.95%29	2026-08-01T00:00:00Z
weak-relief-wcs-v1-00892	wl-tile-v1-09990	wl-pos-pos-es-pba-3482	pos-es-pba-3482	1	positive	train	ES	Castro da Brea	-8.676625596193837	43.198820225548204	-8.67978023,43.19652055,-8.67347096,43.20111990	38480.71,4798288.50,39028.23,4798834.32	512	Elevacion25830_5	https://servicios.idee.es/wcs-inspire/mdt	data/external/weak-label-relief-v1/train/positive/wl-tile-v1-09990-pos-es-pba-3482-mdt5.tif	downloaded	valid	110	109	4.977	5.008	EPSG:25830	1.000000	107.000	190.000	24460	1		https://servicios.idee.es/wcs-inspire/mdt?SERVICE=WCS&VERSION=2.0.1&REQUEST=GetCoverage&COVERAGEID=Elevacion25830_5&FORMAT=image%2Ftiff&SUBSET=x%2838480.71%2C39028.23%29&SUBSET=y%284798288.50%2C4798834.32%29	2026-08-01T00:00:00Z
weak-relief-wcs-v1-00893	wl-tile-v1-11141	wl-pos-pos-es-pba-52855	pos-es-pba-52855	1	positive	train	ES	Castro da Cabeciña	-7.018961090035143	42.03446918919007	-7.02205729,42.03216951,-7.01586489,42.03676887	167041.96,4661155.35,167578.68,4661690.27	512	Elevacion25830_5	https://servicios.idee.es/wcs-inspire/mdt	data/external/weak-label-relief-v1/train/positive/wl-tile-v1-11141-pos-es-pba-52855-mdt5.tif	downloaded	valid	107	107	5.016	4.999	EPSG:25830	1.000000	988.000	1067.000	23378	1		https://servicios.idee.es/wcs-inspire/mdt?SERVICE=WCS&VERSION=2.0.1&REQUEST=GetCoverage&COVERAGEID=Elevacion25830_5&FORMAT=image%2Ftiff&SUBSET=x%28167041.96%2C167578.68%29&SUBSET=y%284661155.35%2C4661690.27%29	2026-08-01T00:00:00Z
weak-relief-wcs-v1-00894	wl-tile-v1-11142	wl-pos-pos-es-pba-52856	pos-es-pba-52856	1	positive	train	ES	Castro da Cabeciña do Souto	-7.01627445709029	42.01840221255198	-7.01936987,42.01610254,-7.01317904,42.02070189	167180.53,4659360.54,167717.23,4659895.43	512	Elevacion25830_5	https://servicios.idee.es/wcs-inspire/mdt	data/external/weak-label-relief-v1/train/positive/wl-tile-v1-11142-pos-es-pba-52856-mdt5.tif	downloaded	valid	107	107	5.016	4.999	EPSG:25830	1.000000	1052.000	1150.000	23378	1		https://servicios.idee.es/wcs-inspire/mdt?SERVICE=WCS&VERSION=2.0.1&REQUEST=GetCoverage&COVERAGEID=Elevacion25830_5&FORMAT=image%2Ftiff&SUBSET=x%28167180.53%2C167717.23%29&SUBSET=y%284659360.54%2C4659895.43%29	2026-08-01T00:00:00Z
weak-relief-wcs-v1-00895	wl-tile-v1-11143	wl-pos-pos-es-pba-52891	pos-es-pba-52891	1	positive	train	ES	Castro da Cabeza	-7.044854552946351	42.032069914161625	-7.04795063,42.02977024,-7.04175847,42.03436959	164885.43,4660990.00,165422.31,4661525.07	512	Elevacion25830_5	https://servicios.idee.es/wcs-inspire/mdt	data/external/weak-label-relief-v1/train/positive/wl-tile-v1-11143-pos-es-pba-52891-mdt5.tif	downloaded	valid	107	107	5.018	5.001	EPSG:25830	1.000000	948.000	1007.000	23378	1		https://servicios.idee.es/wcs-inspire/mdt?SERVICE=WCS&VERSION=2.0.1&REQUEST=GetCoverage&COVERAGEID=Elevacion25830_5&FORMAT=image%2Ftiff&SUBSET=x%28164885.43%2C165422.31%29&SUBSET=y%284660990.00%2C4661525.07%29	2026-08-01T00:00:00Z
weak-relief-wcs-v1-00896	wl-tile-v1-11165	wl-pos-pos-es-pba-57711	pos-es-pba-57711	1	positive	train	ES	Castro da Cabeza	-7.045581065392754	42.26959267857147	-7.04868879,42.26729300,-7.04247334,42.27189236	166077.28,4687371.94,166614.27,4687907.14	512	Elevacion25830_5	https://servicios.idee.es/wcs-inspire/mdt	data/external/weak-label-relief-v1/train/positive/wl-tile-v1-11165-pos-es-pba-57711-mdt5.tif	downloaded	valid	107	107	5.019	5.002	EPSG:25830	1.000000	837.000	974.000	23378	1		https://servicios.idee.es/wcs-inspire/mdt?SERVICE=WCS&VERSION=2.0.1&REQUEST=GetCoverage&COVERAGEID=Elevacion25830_5&FORMAT=image%2Ftiff&SUBSET=x%28166077.28%2C166614.27%29&SUBSET=y%284687371.94%2C4687907.14%29	2026-08-01T00:00:00Z
weak-relief-wcs-v1-00897	wl-tile-v1-10381	wl-pos-pos-es-pba-20153	pos-es-pba-20153	1	positive	train	ES	Castro da Caluba	-8.446243408960212	42.960609055770696	-8.44938581,42.95830938,-8.44310101,42.96290873	55481.22,4770580.03,56027.17,4771124.26	512	Elevacion25830_5	https://servicios.idee.es/wcs-inspire/mdt	data/external/weak-label-relief-v1/train/positive/wl-tile-v1-10381-pos-es-pba-20153-mdt5.tif	downloaded	valid	109	109	5.009	4.993	EPSG:25830	1.000000	225.000	280.000	24242	1		https://servicios.idee.es/wcs-inspire/mdt?SERVICE=WCS&VERSION=2.0.1&REQUEST=GetCoverage&COVERAGEID=Elevacion25830_5&FORMAT=image%2Ftiff&SUBSET=x%2855481.22%2C56027.17%29&SUBSET=y%284770580.03%2C4771124.26%29	2026-08-01T00:00:00Z
weak-relief-wcs-v1-00898	wl-tile-v1-10584	wl-pos-pos-es-pba-44400	pos-es-pba-44400	1	positive	train	ES	Castro da Calvela	-7.270587437437283	42.905015212890504	-7.27372700,42.90271554,-7.26744788,42.90731489	151082.46,4758852.79,151621.12,4759389.70	512	Elevacion25830_5	https://servicios.idee.es/wcs-inspire/mdt	data/external/weak-label-relief-v1/train/positive/wl-tile-v1-10584-pos-es-pba-44400-mdt5.tif	downloaded	valid	108	107	4.988	5.018	EPSG:25830	1.000000	635.000	761.000	23592	1		https://servicios.idee.es/wcs-inspire/mdt?SERVICE=WCS&VERSION=2.0.1&REQUEST=GetCoverage&COVERAGEID=Elevacion25830_5&FORMAT=image%2Ftiff&SUBSET=x%28151082.46%2C151621.12%29&SUBSET=y%284758852.79%2C4759389.70%29	2026-08-01T00:00:00Z
weak-relief-wcs-v1-00899	wl-tile-v1-10759	wl-pos-pos-es-pba-31552	pos-es-pba-31552	1	positive	train	ES	Castro da Capela	-7.350406336883751	42.90074744078272	-7.35354568,42.89844776,-7.34726699,42.90304712	144540.39,4758712.96,145079.54,4759250.36	512	Elevacion25830_5	https://servicios.idee.es/wcs-inspire/mdt	data/external/weak-label-relief-v1/train/positive/wl-tile-v1-10759-pos-es-pba-31552-mdt5.tif	downloaded	valid	108	107	4.992	5.022	EPSG:25830	1.000000	489.000	590.000	23592	1		https://servicios.idee.es/wcs-inspire/mdt?SERVICE=WCS&VERSION=2.0.1&REQUEST=GetCoverage&COVERAGEID=Elevacion25830_5&FORMAT=image%2Ftiff&SUBSET=x%28144540.39%2C145079.54%29&SUBSET=y%284758712.96%2C4759250.36%29	2026-08-01T00:00:00Z
weak-relief-wcs-v1-00900	wl-tile-v1-11385	wl-pos-pos-es-pba-60051	pos-es-pba-60051	1	positive	train	ES	Castro da Carabela/O Castro/A Penisa	-8.852153814587883	42.11111036846851	-8.85525375,42.10881069,-8.84905388,42.11341005	15823.42,4678441.88,16371.37,4678988.07	512	Elevacion25830_5	https://servicios.idee.es/wcs-inspire/mdt	data/external/weak-label-relief-v1/train/positive/wl-tile-v1-11385-pos-es-pba-60051-mdt5.tif	downloaded	valid	110	109	4.981	5.011	EPSG:25830	1.000000	74.000	178.000	24460	1		https://servicios.idee.es/wcs-inspire/mdt?SERVICE=WCS&VERSION=2.0.1&REQUEST=GetCoverage&COVERAGEID=Elevacion25830_5&FORMAT=image%2Ftiff&SUBSET=x%2815823.42%2C16371.37%29&SUBSET=y%284678441.88%2C4678988.07%29	2026-08-01T00:00:00Z
weak-relief-wcs-v1-00901	wl-tile-v1-10760	wl-pos-pos-es-pba-31553	pos-es-pba-31553	1	positive	train	ES	Castro da Carballeda	-7.415176677486283	42.86585807660474	-7.41831425,42.86355840,-7.41203911,42.86815775	139047.62,4755113.53,139587.16,4755651.31	512	Elevacion25830_5	https://servicios.idee.es/wcs-inspire/mdt	data/external/weak-label-relief-v1/train/positive/wl-tile-v1-10760-pos-es-pba-31553-mdt5.tif	downloaded	valid	108	108	4.996	4.979	EPSG:25830	1.000000	380.000	422.000	23808	1		https://servicios.idee.es/wcs-inspire/mdt?SERVICE=WCS&VERSION=2.0.1&REQUEST=GetCoverage&COVERAGEID=Elevacion25830_5&FORMAT=image%2Ftiff&SUBSET=x%28139047.62%2C139587.16%29&SUBSET=y%284755113.53%2C4755651.31%29	2026-08-01T00:00:00Z
weak-relief-wcs-v1-00902	wl-tile-v1-10117	wl-pos-pos-es-pba-11690	pos-es-pba-11690	1	positive	train	ES	Castro da Carballeira	-8.261312367096052	43.020402535496096	-8.26445782,43.01810286,-8.25816691,43.02270221	70986.56,4776258.89,71531.40,4776802.01	512	Elevacion25830_5	https://servicios.idee.es/wcs-inspire/mdt	data/external/weak-label-relief-v1/train/positive/wl-tile-v1-10117-pos-es-pba-11690-mdt5.tif	downloaded	valid	109	109	4.999	4.983	EPSG:25830	1.000000	289.000	358.000	24242	1		https://servicios.idee.es/wcs-inspire/mdt?SERVICE=WCS&VERSION=2.0.1&REQUEST=GetCoverage&COVERAGEID=Elevacion25830_5&FORMAT=image%2Ftiff&SUBSET=x%2870986.56%2C71531.40%29&SUBSET=y%284776258.89%2C4776802.01%29	2026-08-01T00:00:00Z
weak-relief-wcs-v1-00903	wl-tile-v1-10139	wl-pos-pos-es-pba-11478	pos-es-pba-11478	1	positive	train	ES	Castro da Casagrande	-8.084847592115795	43.290884904360176	-8.08800700,43.28858523,-8.08168818,43.29318458	87198.29,4805416.01,87742.18,4805958.19	512	Elevacion25830_5	https://servicios.idee.es/wcs-inspire/mdt	data/external/weak-label-relief-v1/train/positive/wl-tile-v1-10139-pos-es-pba-11478-mdt5.tif	downloaded	valid	109	108	4.990	5.020	EPSG:25830	1.000000	442.000	509.000	24024	1		https://servicios.idee.es/wcs-inspire/mdt?SERVICE=WCS&VERSION=2.0.1&REQUEST=GetCoverage&COVERAGEID=Elevacion25830_5&FORMAT=image%2Ftiff&SUBSET=x%2887198.29%2C87742.18%29&SUBSET=y%284805416.01%2C4805958.19%29	2026-08-01T00:00:00Z
weak-relief-wcs-v1-00904	wl-tile-v1-11005	wl-pos-pos-es-pba-41948	pos-es-pba-41948	1	positive	train	ES	Castro da Casilla	-7.409647151890568	42.804226740207426	-7.41278159,42.80192706,-7.40651271,42.80652642	139140.53,4748244.45,139680.00,4748782.17	512	Elevacion25830_5	https://servicios.idee.es/wcs-inspire/mdt	data/external/weak-label-relief-v1/train/positive/wl-tile-v1-11005-pos-es-pba-41948-mdt5.tif	downloaded	valid	108	108	4.995	4.979	EPSG:25830	1.000000	438.000	491.000	23808	1		https://servicios.idee.es/wcs-inspire/mdt?SERVICE=WCS&VERSION=2.0.1&REQUEST=GetCoverage&COVERAGEID=Elevacion25830_5&FORMAT=image%2Ftiff&SUBSET=x%28139140.53%2C139680.00%29&SUBSET=y%284748244.45%2C4748782.17%29	2026-08-01T00:00:00Z
weak-relief-wcs-v1-00905	wl-tile-v1-10512	wl-pos-pos-es-pba-25968	pos-es-pba-25968	1	positive	train	ES	Castro da Cerca	-9.008365046082472	43.067589062139376	-9.01151292,43.06528939,-9.00521717,43.06988874	10469.71,4785597.54,11019.22,4786145.34	512	Elevacion25830_5	https://servicios.idee.es/wcs-inspire/mdt	data/external/weak-label-relief-v1/train/positive/wl-tile-v1-10512-pos-es-pba-25968-mdt5.tif	downloaded	valid	110	110	4.996	4.980	EPSG:25830	1.000000	326.000	429.000	24680	1		https://servicios.idee.es/wcs-inspire/mdt?SERVICE=WCS&VERSION=2.0.1&REQUEST=GetCoverage&COVERAGEID=Elevacion25830_5&FORMAT=image%2Ftiff&SUBSET=x%2810469.71%2C11019.22%29&SUBSET=y%284785597.54%2C4786145.34%29	2026-08-01T00:00:00Z
weak-relief-wcs-v1-00906	wl-tile-v1-11416	wl-pos-pos-es-pba-78565	pos-es-pba-78565	1	positive	train	ES	Castro da Cerca	-8.353215633377973	42.557046509761015	-8.35633763,42.55474683,-8.35009364,42.55934619	60219.51,4725263.22,60764.66,4725806.62	512	Elevacion25830_5	https://servicios.idee.es/wcs-inspire/mdt	data/external/weak-label-relief-v1/train/positive/wl-tile-v1-11416-pos-es-pba-78565-mdt5.tif	downloaded	valid	109	109	5.001	4.985	EPSG:25830	1.000000	447.000	546.000	24242	1		https://servicios.idee.es/wcs-inspire/mdt?SERVICE=WCS&VERSION=2.0.1&REQUEST=GetCoverage&COVERAGEID=Elevacion25830_5&FORMAT=image%2Ftiff&SUBSET=x%2860219.51%2C60764.66%29&SUBSET=y%284725263.22%2C4725806.62%29	2026-08-01T00:00:00Z
weak-relief-wcs-v1-00907	wl-tile-v1-11192	wl-pos-pos-es-pba-45105	pos-es-pba-45105	1	positive	train	ES	Castro da Ciadella	-7.684044971064344	42.20320905201636	-7.68714942,42.20090938,-7.68094052,42.20550873	113002.30,4682700.79,113543.16,4683239.86	512	Elevacion25830_5	https://servicios.idee.es/wcs-inspire/mdt	data/external/weak-label-relief-v1/train/positive/wl-tile-v1-11192-pos-es-pba-45105-mdt5.tif	downloaded	valid	108	108	5.008	4.991	EPSG:25830	1.000000	635.000	728.000	23808	1		https://servicios.idee.es/wcs-inspire/mdt?SERVICE=WCS&VERSION=2.0.1&REQUEST=GetCoverage&COVERAGEID=Elevacion25830_5&FORMAT=image%2Ftiff&SUBSET=x%28113002.30%2C113543.16%29&SUBSET=y%284682700.79%2C4683239.86%29	2026-08-01T00:00:00Z
weak-relief-wcs-v1-00908	wl-tile-v1-11371	wl-pos-pos-es-pba-60104	pos-es-pba-60104	1	positive	train	ES	Castro da Cidade de Arbo	-8.318236365807605	42.115082570358446	-8.32133650,42.11278289,-8.31513623,42.11738225	60014.46,4675988.75,60559.14,4676531.66	512	Elevacion25830_5	https://servicios.idee.es/wcs-inspire/mdt	data/external/weak-label-relief-v1/train/positive/wl-tile-v1-11371-pos-es-pba-60104-mdt5.tif	downloaded	valid	109	109	4.997	4.981	EPSG:25830	1.000000	106.000	206.000	24242	1		https://servicios.idee.es/wcs-inspire/mdt?SERVICE=WCS&VERSION=2.0.1&REQUEST=GetCoverage&COVERAGEID=Elevacion25830_5&FORMAT=image%2Ftiff&SUBSET=x%2860014.46%2C60559.14%29&SUBSET=y%284675988.75%2C4676531.66%29	2026-08-01T00:00:00Z
weak-relief-wcs-v1-00909	wl-tile-v1-10911	wl-pos-pos-es-pba-41929	pos-es-pba-41929	1	positive	train	ES	Castro da Cidá	-7.648873958348234	42.64467349816316	-7.65200035,42.64237382,-7.64574757,42.64697317	118596.60,4731575.01,119137.46,4732114.11	512	Elevacion25830_5	https://servicios.idee.es/wcs-inspire/mdt	data/external/weak-label-relief-v1/train/positive/wl-tile-v1-10911-pos-es-pba-41929-mdt5.tif	downloaded	valid	108	108	5.008	4.992	EPSG:25830	1.000000	399.000	493.000	23808	1		https://servicios.idee.es/wcs-inspire/mdt?SERVICE=WCS&VERSION=2.0.1&REQUEST=GetCoverage&COVERAGEID=Elevacion25830_5&FORMAT=image%2Ftiff&SUBSET=x%28118596.60%2C119137.46%29&SUBSET=y%284731575.01%2C4732114.11%29	2026-08-01T00:00:00Z
weak-relief-wcs-v1-00910	wl-tile-v1-11208	wl-pos-pos-es-pba-46888	pos-es-pba-46888	1	positive	train	ES	Castro da Cidá de Pereda	-8.076833888300165	42.25411043395582	-8.07994085,42.25181076,-8.07372693,42.25641011	80901.03,4690214.11,81444.31,4690755.61	512	Elevacion25830_5	https://servicios.idee.es/wcs-inspire/mdt	data/external/weak-label-relief-v1/train/positive/wl-tile-v1-11208-pos-es-pba-46888-mdt5.tif	downloaded	valid	109	108	4.984	5.014	EPSG:25830	1.000000	347.000	422.000	24024	1		https://servicios.idee.es/wcs-inspire/mdt?SERVICE=WCS&VERSION=2.0.1&REQUEST=GetCoverage&COVERAGEID=Elevacion25830_5&FORMAT=image%2Ftiff&SUBSET=x%2880901.03%2C81444.31%29&SUBSET=y%284690214.11%2C4690755.61%29	2026-08-01T00:00:00Z
weak-relief-wcs-v1-00911	wl-tile-v1-11161	wl-pos-pos-es-pba-55967	pos-es-pba-55967	1	positive	train	ES	Castro da Cigadoña	-7.300075021756439	42.3360936036459	-7.30318603,42.33379393,-7.29696402,42.33839328	145457.54,4695787.23,145996.12,4696324.02	512	Elevacion25830_5	https://servicios.idee.es/wcs-inspire/mdt	data/external/weak-label-relief-v1/train/positive/wl-tile-v1-11161-pos-es-pba-55967-mdt5.tif	downloaded	valid	108	107	4.987	5.017	EPSG:25830	1.000000	806.000	914.000	23592	1		https://servicios.idee.es/wcs-inspire/mdt?SERVICE=WCS&VERSION=2.0.1&REQUEST=GetCoverage&COVERAGEID=Elevacion25830_5&FORMAT=image%2Ftiff&SUBSET=x%28145457.54%2C145996.12%29&SUBSET=y%284695787.23%2C4696324.02%29	2026-08-01T00:00:00Z
weak-relief-wcs-v1-00912	wl-tile-v1-11193	wl-pos-pos-es-pba-45106	pos-es-pba-45106	1	positive	train	ES	Castro da Ciradella	-7.666106388632318	42.22237582724312	-7.66921178,42.22007615,-7.66300099,42.22467550	114600.48,4684748.30,115141.23,4685287.26	512	Elevacion25830_5	https://servicios.idee.es/wcs-inspire/mdt	data/external/weak-label-relief-v1/train/positive/wl-tile-v1-11193-pos-es-pba-45106-mdt5.tif	downloaded	valid	108	108	5.007	4.990	EPSG:25830	1.000000	533.000	600.000	23808	1		https://servicios.idee.es/wcs-inspire/mdt?SERVICE=WCS&VERSION=2.0.1&REQUEST=GetCoverage&COVERAGEID=Elevacion25830_5&FORMAT=image%2Ftiff&SUBSET=x%28114600.48%2C115141.23%29&SUBSET=y%284684748.30%2C4685287.26%29	2026-08-01T00:00:00Z
weak-relief-wcs-v1-00913	wl-tile-v1-11542	wl-pos-pos-es-pba-67838	pos-es-pba-67838	1	positive	train	ES	Castro da Cividade/A Cidá	-8.600135335884547	42.22293972592275	-8.60324076,42.22064005,-8.59702991,42.22523940	37487.53,4689463.40,38034.00,4690008.11	512	Elevacion25830_5	https://servicios.idee.es/wcs-inspire/mdt	data/external/weak-label-relief-v1/train/positive/wl-tile-v1-11542-pos-es-pba-67838-mdt5.tif	downloaded	valid	109	109	5.013	4.997	EPSG:25830	1.000000	91.000	176.000	24242	1		https://servicios.idee.es/wcs-inspire/mdt?SERVICE=WCS&VERSION=2.0.1&REQUEST=GetCoverage&COVERAGEID=Elevacion25830_5&FORMAT=image%2Ftiff&SUBSET=x%2837487.53%2C38034.00%29&SUBSET=y%284689463.40%2C4690008.11%29	2026-08-01T00:00:00Z
weak-relief-wcs-v1-00914	wl-tile-v1-10572	wl-pos-pos-es-pba-35993	pos-es-pba-35993	1	positive	train	ES	Castro da Conca	-7.0667192353654	42.76148472122137	-7.06985151,42.75918504,-7.06358696,42.76378440	166958.34,4742086.08,167495.69,4742621.66	512	Elevacion25830_5	https://servicios.idee.es/wcs-inspire/mdt	data/external/weak-label-relief-v1/train/positive/wl-tile-v1-10572-pos-es-pba-35993-mdt5.tif	downloaded	valid	107	107	5.022	5.005	EPSG:25830	1.000000	946.000	1069.000	23378	1		https://servicios.idee.es/wcs-inspire/mdt?SERVICE=WCS&VERSION=2.0.1&REQUEST=GetCoverage&COVERAGEID=Elevacion25830_5&FORMAT=image%2Ftiff&SUBSET=x%28166958.34%2C167495.69%29&SUBSET=y%284742086.08%2C4742621.66%29	2026-08-01T00:00:00Z
weak-relief-wcs-v1-00915	wl-tile-v1-09991	wl-pos-pos-es-pba-3507	pos-es-pba-3507	1	positive	train	ES	Castro da Condesa/Bico do Castro	-8.651492199278842	43.2478256310876	-8.65464937,43.24552595,-8.64833502,43.25012531	40892.30,4803593.70,41439.69,4804139.39	512	Elevacion25830_5	https://servicios.idee.es/wcs-inspire/mdt	data/external/weak-label-relief-v1/train/positive/wl-tile-v1-09991-pos-es-pba-3507-mdt5.tif	downloaded	valid	109	109	5.022	5.006	EPSG:25830	1.000000	129.000	210.000	24242	1		https://servicios.idee.es/wcs-inspire/mdt?SERVICE=WCS&VERSION=2.0.1&REQUEST=GetCoverage&COVERAGEID=Elevacion25830_5&FORMAT=image%2Ftiff&SUBSET=x%2840892.30%2C41439.69%29&SUBSET=y%284803593.70%2C4804139.39%29	2026-08-01T00:00:00Z
weak-relief-wcs-v1-00916	wl-tile-v1-10585	wl-pos-pos-es-pba-44401	pos-es-pba-44401	1	positive	train	ES	Castro da Condomiña/O Castro	-7.212717706737703	42.926133716477196	-7.21585834,42.92383404,-7.20957707,42.92843339	155925.36,4760959.99,156463.68,4761496.55	512	Elevacion25830_5	https://servicios.idee.es/wcs-inspire/mdt	data/external/weak-label-relief-v1/train/positive/wl-tile-v1-10585-pos-es-pba-44401-mdt5.tif	downloaded	valid	108	107	4.984	5.015	EPSG:25830	1.000000	544.000	657.000	23592	1		https://servicios.idee.es/wcs-inspire/mdt?SERVICE=WCS&VERSION=2.0.1&REQUEST=GetCoverage&COVERAGEID=Elevacion25830_5&FORMAT=image%2Ftiff&SUBSET=x%28155925.36%2C156463.68%29&SUBSET=y%284760959.99%2C4761496.55%29	2026-08-01T00:00:00Z
weak-relief-wcs-v1-00917	wl-tile-v1-10382	wl-pos-pos-es-pba-20154	pos-es-pba-20154	1	positive	train	ES	Castro da Corela	-8.451958456100822	42.96903428932499	-8.45510128,42.96673461,-8.44881563,42.97133397	55075.81,4771546.22,55621.80,4772090.49	512	Elevacion25830_5	https://servicios.idee.es/wcs-inspire/mdt	data/external/weak-label-relief-v1/train/positive/wl-tile-v1-10382-pos-es-pba-20154-mdt5.tif	downloaded	valid	109	109	5.009	4.993	EPSG:25830	1.000000	219.000	252.000	24242	1		https://servicios.idee.es/wcs-inspire/mdt?SERVICE=WCS&VERSION=2.0.1&REQUEST=GetCoverage&COVERAGEID=Elevacion25830_5&FORMAT=image%2Ftiff&SUBSET=x%2855075.81%2C55621.80%29&SUBSET=y%284771546.22%2C4772090.49%29	2026-08-01T00:00:00Z
weak-relief-wcs-v1-00918	wl-tile-v1-11147	wl-pos-pos-es-pba-56165	pos-es-pba-56165	1	positive	train	ES	Castro da Coroa	-7.814639776963249	42.429162529056505	-7.81775540,42.42686285,-7.81152416,42.43146221	103640.30,4708399.31,104182.07,4708939.31	512	Elevacion25830_5	https://servicios.idee.es/wcs-inspire/mdt	data/external/weak-label-relief-v1/train/positive/wl-tile-v1-11147-pos-es-pba-56165-mdt5.tif	downloaded	valid	108	108	5.016	5.000	EPSG:25830	1.000000	245.000	354.000	23808	1		https://servicios.idee.es/wcs-inspire/mdt?SERVICE=WCS&VERSION=2.0.1&REQUEST=GetCoverage&COVERAGEID=Elevacion25830_5&FORMAT=image%2Ftiff&SUBSET=x%28103640.30%2C104182.07%29&SUBSET=y%284708399.31%2C4708939.31%29	2026-08-01T00:00:00Z
weak-relief-wcs-v1-00919	wl-tile-v1-11148	wl-pos-pos-es-pba-56166	pos-es-pba-56166	1	positive	train	ES	Castro da Coroa de Santa Baia	-7.745980610179959	42.44461688480813	-7.74909700,42.44231721,-7.74286422,42.44691656	109386.26,4709797.29,109927.62,4710336.88	512	Elevacion25830_5	https://servicios.idee.es/wcs-inspire/mdt	data/external/weak-label-relief-v1/train/positive/wl-tile-v1-11148-pos-es-pba-56166-mdt5.tif	downloaded	valid	108	108	5.013	4.996	EPSG:25830	1.000000	109.000	305.000	23808	1		https://servicios.idee.es/wcs-inspire/mdt?SERVICE=WCS&VERSION=2.0.1&REQUEST=GetCoverage&COVERAGEID=Elevacion25830_5&FORMAT=image%2Ftiff&SUBSET=x%28109386.26%2C109927.62%29&SUBSET=y%284709797.29%2C4710336.88%29	2026-08-01T00:00:00Z
weak-relief-wcs-v1-00920	wl-tile-v1-10981	wl-pos-pos-es-pba-39496	pos-es-pba-39496	1	positive	train	ES	Castro da Coroa/A Coroa	-7.167028924611631	43.486700744497185	-7.17019856,43.48440107,-7.16385929,43.48900042	162760.25,4823036.60,163298.54,4823573.17	512	Elevacion25830_5	https://servicios.idee.es/wcs-inspire/mdt	data/external/weak-label-relief-v1/train/positive/wl-tile-v1-10981-pos-es-pba-39496-mdt5.tif	downloaded	valid	108	107	4.984	5.015	EPSG:25830	1.000000	163.000	289.000	23592	1		https://servicios.idee.es/wcs-inspire/mdt?SERVICE=WCS&VERSION=2.0.1&REQUEST=GetCoverage&COVERAGEID=Elevacion25830_5&FORMAT=image%2Ftiff&SUBSET=x%28162760.25%2C163298.54%29&SUBSET=y%284823036.60%2C4823573.17%29	2026-08-01T00:00:00Z
weak-relief-wcs-v1-00921	wl-tile-v1-11528	wl-pos-pos-es-pba-68506	pos-es-pba-68506	1	positive	train	ES	Castro da Corte dos Cabalos	-8.437585650780942	42.23035796116948	-8.44069144,42.22805828,-8.43447986,42.23265764	50961.64,4689416.48,51507.12,4689960.19	512	Elevacion25830_5	https://servicios.idee.es/wcs-inspire/mdt	data/external/weak-label-relief-v1/train/positive/wl-tile-v1-11528-pos-es-pba-68506-mdt5.tif	downloaded	valid	109	109	5.004	4.988	EPSG:25830	1.000000	83.000	228.000	24242	1		https://servicios.idee.es/wcs-inspire/mdt?SERVICE=WCS&VERSION=2.0.1&REQUEST=GetCoverage&COVERAGEID=Elevacion25830_5&FORMAT=image%2Ftiff&SUBSET=x%2850961.64%2C51507.12%29&SUBSET=y%284689416.48%2C4689960.19%29	2026-08-01T00:00:00Z
weak-relief-wcs-v1-00922	wl-tile-v1-10816	wl-pos-pos-es-pba-35343	pos-es-pba-35343	1	positive	train	ES	Castro da Cotela	-7.792380788502746	42.78445098576675	-7.79551423,42.78215131,-7.78924735,42.78675066	107711.63,4747758.45,108253.44,4748298.52	512	Elevacion25830_5	https://servicios.idee.es/wcs-inspire/mdt	data/external/weak-label-relief-v1/train/positive/wl-tile-v1-10816-pos-es-pba-35343-mdt5.tif	downloaded	valid	108	108	5.017	5.001	EPSG:25830	1.000000	573.000	620.000	23808	1		https://servicios.idee.es/wcs-inspire/mdt?SERVICE=WCS&VERSION=2.0.1&REQUEST=GetCoverage&COVERAGEID=Elevacion25830_5&FORMAT=image%2Ftiff&SUBSET=x%28107711.63%2C108253.44%29&SUBSET=y%284747758.45%2C4748298.52%29	2026-08-01T00:00:00Z
weak-relief-wcs-v1-00923	wl-tile-v1-10551	wl-pos-pos-es-pba-26867	pos-es-pba-26867	1	positive	train	ES	Castro da Croa	-7.472326154695596	43.47476233560969	-7.47549516,43.47246266,-7.46915715,43.47706201	137997.23,4822993.09,138537.41,4823531.56	512	Elevacion25830_5	https://servicios.idee.es/wcs-inspire/mdt	data/external/weak-label-relief-v1/train/positive/wl-tile-v1-10551-pos-es-pba-26867-mdt5.tif	downloaded	valid	108	108	5.002	4.986	EPSG:25830	1.000000	363.000	446.000	23808	1		https://servicios.idee.es/wcs-inspire/mdt?SERVICE=WCS&VERSION=2.0.1&REQUEST=GetCoverage&COVERAGEID=Elevacion25830_5&FORMAT=image%2Ftiff&SUBSET=x%28137997.23%2C138537.41%29&SUBSET=y%284822993.09%2C4823531.56%29	2026-08-01T00:00:00Z
weak-relief-wcs-v1-00924	wl-tile-v1-10643	wl-pos-pos-es-pba-27868	pos-es-pba-27868	1	positive	train	ES	Castro da Croa	-7.33010547003837	43.00102783684708	-7.33324993,42.99872816,-7.32696101,43.00332751	146772.78,4769765.51,147311.86,4770302.84	512	Elevacion25830_5	https://servicios.idee.es/wcs-inspire/mdt	data/external/weak-label-relief-v1/train/positive/wl-tile-v1-10643-pos-es-pba-27868-mdt5.tif	downloaded	valid	108	107	4.991	5.022	EPSG:25830	1.000000	487.000	518.000	23592	1		https://servicios.idee.es/wcs-inspire/mdt?SERVICE=WCS&VERSION=2.0.1&REQUEST=GetCoverage&COVERAGEID=Elevacion25830_5&FORMAT=image%2Ftiff&SUBSET=x%28146772.78%2C147311.86%29&SUBSET=y%284769765.51%2C4770302.84%29	2026-08-01T00:00:00Z
weak-relief-wcs-v1-00925	wl-tile-v1-11112	wl-pos-pos-es-pba-32084	pos-es-pba-32084	1	positive	train	ES	Castro da Croa	-7.548133483747429	43.729043041637695	-7.55131591,43.72674337,-7.54495106,43.73134272	133414.27,4851570.39,133955.05,4852109.47	512	Elevacion25830_5	https://servicios.idee.es/wcs-inspire/mdt	data/external/weak-label-relief-v1/train/positive/wl-tile-v1-11112-pos-es-pba-32084-mdt5.tif	downloaded	valid	108	108	5.007	4.991	EPSG:25830	1.000000	0.000	110.000	23808	1		https://servicios.idee.es/wcs-inspire/mdt?SERVICE=WCS&VERSION=2.0.1&REQUEST=GetCoverage&COVERAGEID=Elevacion25830_5&FORMAT=image%2Ftiff&SUBSET=x%28133414.27%2C133955.05%29&SUBSET=y%284851570.39%2C4852109.47%29	2026-08-01T00:00:00Z
weak-relief-wcs-v1-00926	wl-tile-v1-10644	wl-pos-pos-es-pba-27869	pos-es-pba-27869	1	positive	train	ES	Castro da Croa de Xan da Torre	-7.404815343763146	43.063062672513524	-7.40796299,43.06076300,-7.40166770,43.06536235	141044.12,4776972.82,141583.68,4777510.65	512	Elevacion25830_5	https://servicios.idee.es/wcs-inspire/mdt	data/external/weak-label-relief-v1/train/positive/wl-tile-v1-10644-pos-es-pba-27869-mdt5.tif	downloaded	valid	108	108	4.996	4.980	EPSG:25830	1.000000	566.000	612.000	23808	1		https://servicios.idee.es/wcs-inspire/mdt?SERVICE=WCS&VERSION=2.0.1&REQUEST=GetCoverage&COVERAGEID=Elevacion25830_5&FORMAT=image%2Ftiff&SUBSET=x%28141044.12%2C141583.68%29&SUBSET=y%284776972.82%2C4777510.65%29	2026-08-01T00:00:00Z
weak-relief-wcs-v1-00927	wl-tile-v1-11372	wl-pos-pos-es-pba-60105	pos-es-pba-60105	1	positive	train	ES	Castro da Croa dos Castelos	-8.360202755553164	42.10279468150988	-8.36330229,42.10049500,-8.35710322,42.10509436	56457.65,4674841.23,57002.59,4675384.38	512	Elevacion25830_5	https://servicios.idee.es/wcs-inspire/mdt	data/external/weak-label-relief-v1/train/positive/wl-tile-v1-11372-pos-es-pba-60105-mdt5.tif	downloaded	valid	109	109	4.999	4.983	EPSG:25830	1.000000	125.000	280.000	24242	1		https://servicios.idee.es/wcs-inspire/mdt?SERVICE=WCS&VERSION=2.0.1&REQUEST=GetCoverage&COVERAGEID=Elevacion25830_5&FORMAT=image%2Ftiff&SUBSET=x%2856457.65%2C57002.59%29&SUBSET=y%284674841.23%2C4675384.38%29	2026-08-01T00:00:00Z
weak-relief-wcs-v1-00928	wl-tile-v1-10645	wl-pos-pos-es-pba-27870	pos-es-pba-27870	1	positive	train	ES	Castro da Croa ou de Folgosa	-7.3260903031547455	42.95621711729871	-7.32923248,42.95391744,-7.32294813,42.95851679	146843.45,4764771.49,147382.48,4765308.77	512	Elevacion25830_5	https://servicios.idee.es/wcs-inspire/mdt	data/external/weak-label-relief-v1/train/positive/wl-tile-v1-10645-pos-es-pba-27870-mdt5.tif	downloaded	valid	108	107	4.991	5.021	EPSG:25830	1.000000	539.000	621.000	23592	1		https://servicios.idee.es/wcs-inspire/mdt?SERVICE=WCS&VERSION=2.0.1&REQUEST=GetCoverage&COVERAGEID=Elevacion25830_5&FORMAT=image%2Ftiff&SUBSET=x%28146843.45%2C147382.48%29&SUBSET=y%284764771.49%2C4765308.77%29	2026-08-01T00:00:00Z
weak-relief-wcs-v1-00929	wl-tile-v1-11529	wl-pos-pos-es-pba-68507	pos-es-pba-68507	1	positive	train	ES	Castro da Croa/A Croa de Lougares	-8.405508213688556	42.22090014065641	-8.40861354,42.21860046,-8.40240289,42.22319982	53543.05,4688197.07,54088.33,4688740.58	512	Elevacion25830_5	https://servicios.idee.es/wcs-inspire/mdt	data/external/weak-label-relief-v1/train/positive/wl-tile-v1-11529-pos-es-pba-68507-mdt5.tif	downloaded	valid	109	109	5.003	4.986	EPSG:25830	1.000000	120.000	280.000	24242	1		https://servicios.idee.es/wcs-inspire/mdt?SERVICE=WCS&VERSION=2.0.1&REQUEST=GetCoverage&COVERAGEID=Elevacion25830_5&FORMAT=image%2Ftiff&SUBSET=x%2853543.05%2C54088.33%29&SUBSET=y%284688197.07%2C4688740.58%29	2026-08-01T00:00:00Z
weak-relief-wcs-v1-00930	wl-tile-v1-10646	wl-pos-pos-es-pba-27871	pos-es-pba-27871	1	positive	train	ES	Castro da Croa/Croa da Casiña	-7.274025011208553	42.967539628365195	-7.27716776,42.96523995,-7.27088226,42.96983930	151155.29,4765811.59,151694.01,4766348.56	512	Elevacion25830_5	https://servicios.idee.es/wcs-inspire/mdt	data/external/weak-label-relief-v1/train/positive/wl-tile-v1-10646-pos-es-pba-27871-mdt5.tif	downloaded	valid	108	107	4.988	5.018	EPSG:25830	1.000000	637.000	710.000	23592	1		https://servicios.idee.es/wcs-inspire/mdt?SERVICE=WCS&VERSION=2.0.1&REQUEST=GetCoverage&COVERAGEID=Elevacion25830_5&FORMAT=image%2Ftiff&SUBSET=x%28151155.29%2C151694.01%29&SUBSET=y%284765811.59%2C4766348.56%29	2026-08-01T00:00:00Z
weak-relief-wcs-v1-00931	wl-tile-v1-10476	wl-pos-pos-es-pba-24700	pos-es-pba-24700	1	positive	train	ES	Castro da Croela	-8.458070542573687	43.004974569871806	-8.46121521,43.00267489,-8.45492588,43.00727425	54837.29,4775571.01,55383.34,4776115.34	512	Elevacion25830_5	https://servicios.idee.es/wcs-inspire/mdt	data/external/weak-label-relief-v1/train/positive/wl-tile-v1-10476-pos-es-pba-24700-mdt5.tif	downloaded	valid	109	109	5.010	4.994	EPSG:25830	1.000000	222.000	261.000	24242	1		https://servicios.idee.es/wcs-inspire/mdt?SERVICE=WCS&VERSION=2.0.1&REQUEST=GetCoverage&COVERAGEID=Elevacion25830_5&FORMAT=image%2Ftiff&SUBSET=x%2854837.29%2C55383.34%29&SUBSET=y%284775571.01%2C4776115.34%29	2026-08-01T00:00:00Z
weak-relief-wcs-v1-00932	wl-tile-v1-11653	wl-pos-pos-es-pba-70319	pos-es-pba-70319	1	positive	train	ES	Castro da Cruz/Os Castros	-8.699739833808085	42.06662689821365	-8.70283760,42.06432722,-8.69664207,42.06892657	28100.31,4672645.72,28647.30,4673190.94	512	Elevacion25830_5	https://servicios.idee.es/wcs-inspire/mdt	data/external/weak-label-relief-v1/train/positive/wl-tile-v1-11653-pos-es-pba-70319-mdt5.tif	downloaded	valid	109	109	5.018	5.002	EPSG:25830	1.000000	128.000	263.000	24242	1		https://servicios.idee.es/wcs-inspire/mdt?SERVICE=WCS&VERSION=2.0.1&REQUEST=GetCoverage&COVERAGEID=Elevacion25830_5&FORMAT=image%2Ftiff&SUBSET=x%2828100.31%2C28647.30%29&SUBSET=y%284672645.72%2C4673190.94%29	2026-08-01T00:00:00Z
weak-relief-wcs-v1-00933	wl-tile-v1-10145	wl-pos-pos-es-pba-12760	pos-es-pba-12760	1	positive	train	ES	Castro da Devesa	-8.74933918199823	43.283195235623516	-8.75249819,43.28089556,-8.74618017,43.28549491	33217.52,4808065.91,33765.54,4808612.24	512	Elevacion25830_5	https://servicios.idee.es/wcs-inspire/mdt	data/external/weak-label-relief-v1/train/positive/wl-tile-v1-10145-pos-es-pba-12760-mdt5.tif	downloaded	valid	110	109	4.982	5.012	EPSG:25830	1.000000	37.000	156.000	24460	1		https://servicios.idee.es/wcs-inspire/mdt?SERVICE=WCS&VERSION=2.0.1&REQUEST=GetCoverage&COVERAGEID=Elevacion25830_5&FORMAT=image%2Ftiff&SUBSET=x%2833217.52%2C33765.54%29&SUBSET=y%284808065.91%2C4808612.24%29	2026-08-01T00:00:00Z
weak-relief-wcs-v1-00934	wl-tile-v1-10251	wl-pos-pos-es-pba-15625	pos-es-pba-15625	1	positive	train	ES	Castro da Devesa	-8.350471616701233	43.049790010600006	-8.35361858,43.04749033,-8.34732465,43.05208969	63927.96,4779983.49,64473.37,4780527.17	512	Elevacion25830_5	https://servicios.idee.es/wcs-inspire/mdt	data/external/weak-label-relief-v1/train/positive/wl-tile-v1-10251-pos-es-pba-15625-mdt5.tif	downloaded	valid	109	109	5.004	4.988	EPSG:25830	1.000000	276.000	312.000	24242	1		https://servicios.idee.es/wcs-inspire/mdt?SERVICE=WCS&VERSION=2.0.1&REQUEST=GetCoverage&COVERAGEID=Elevacion25830_5&FORMAT=image%2Ftiff&SUBSET=x%2863927.96%2C64473.37%29&SUBSET=y%284779983.49%2C4780527.17%29	2026-08-01T00:00:00Z
weak-relief-wcs-v1-00935	wl-tile-v1-11006	wl-pos-pos-es-pba-41949	pos-es-pba-41949	1	positive	train	ES	Castro da Devesa	-7.358984401050928	42.8019854718672	-7.36211873,42.79968580,-7.35585007,42.80428515	143271.25,4747779.81,143810.41,4748317.21	512	Elevacion25830_5	https://servicios.idee.es/wcs-inspire/mdt	data/external/weak-label-relief-v1/train/positive/wl-tile-v1-11006-pos-es-pba-41949-mdt5.tif	downloaded	valid	108	107	4.992	5.022	EPSG:25830	1.000000	411.000	459.000	23592	1		https://servicios.idee.es/wcs-inspire/mdt?SERVICE=WCS&VERSION=2.0.1&REQUEST=GetCoverage&COVERAGEID=Elevacion25830_5&FORMAT=image%2Ftiff&SUBSET=x%28143271.25%2C143810.41%29&SUBSET=y%284747779.81%2C4748317.21%29	2026-08-01T00:00:00Z
weak-relief-wcs-v1-00936	wl-tile-v1-11648	wl-pos-pos-es-pba-71137	pos-es-pba-71137	1	positive	train	ES	Castro da Devesa de Rebadillo	-8.779207365323577	41.95640939999904	-8.78229977,41.95410972,-8.77611496,41.95870908	20692.92,4660844.66,21240.33,4661390.30	512	Elevacion25830_5	https://servicios.idee.es/wcs-inspire/mdt	data/external/weak-label-relief-v1/train/positive/wl-tile-v1-11648-pos-es-pba-71137-mdt5.tif	downloaded	valid	109	109	5.022	5.006	EPSG:25830	1.000000	20.000	46.000	24242	1		https://servicios.idee.es/wcs-inspire/mdt?SERVICE=WCS&VERSION=2.0.1&REQUEST=GetCoverage&COVERAGEID=Elevacion25830_5&FORMAT=image%2Ftiff&SUBSET=x%2820692.92%2C21240.33%29&SUBSET=y%284660844.66%2C4661390.30%29	2026-08-01T00:00:00Z
weak-relief-wcs-v1-00937	wl-tile-v1-10383	wl-pos-pos-es-pba-20155	pos-es-pba-20155	1	positive	train	ES	Castro da Devesa do Carballal	-8.435935037828393	42.93395255695861	-8.43907607,42.93165288,-8.43279400,42.93625223	56130.30,4767564.39,56676.17,4768108.54	512	Elevacion25830_5	https://servicios.idee.es/wcs-inspire/mdt	data/external/weak-label-relief-v1/train/positive/wl-tile-v1-10383-pos-es-pba-20155-mdt5.tif	downloaded	valid	109	109	5.008	4.992	EPSG:25830	1.000000	292.000	342.000	24242	1		https://servicios.idee.es/wcs-inspire/mdt?SERVICE=WCS&VERSION=2.0.1&REQUEST=GetCoverage&COVERAGEID=Elevacion25830_5&FORMAT=image%2Ftiff&SUBSET=x%2856130.30%2C56676.17%29&SUBSET=y%284767564.39%2C4768108.54%29	2026-08-01T00:00:00Z
weak-relief-wcs-v1-00938	wl-tile-v1-10690	wl-pos-pos-es-pba-28882	pos-es-pba-28882	1	positive	train	ES	Castro da Devesa do Rei	-7.134781907961334	42.64291151841866	-7.13790821,42.64061184,-7.13165561,42.64521120	160742.29,4729187.61,161279.99,4729723.54	512	Elevacion25830_5	https://servicios.idee.es/wcs-inspire/mdt	data/external/weak-label-relief-v1/train/positive/wl-tile-v1-10690-pos-es-pba-28882-mdt5.tif	downloaded	valid	108	107	4.979	5.009	EPSG:25830	1.000000	567.000	743.000	23592	1		https://servicios.idee.es/wcs-inspire/mdt?SERVICE=WCS&VERSION=2.0.1&REQUEST=GetCoverage&COVERAGEID=Elevacion25830_5&FORMAT=image%2Ftiff&SUBSET=x%28160742.29%2C161279.99%29&SUBSET=y%284729187.61%2C4729723.54%29	2026-08-01T00:00:00Z
weak-relief-wcs-v1-00939	wl-tile-v1-10761	wl-pos-pos-es-pba-31581	pos-es-pba-31581	1	positive	train	ES	Castro da Eirexa/Castro de San Xoán	-7.406337626976887	42.85350896048227	-7.40947457,42.85120928,-7.40320068,42.85580864	139697.94,4753704.05,140237.42,4754241.77	512	Elevacion25830_5	https://servicios.idee.es/wcs-inspire/mdt	data/external/weak-label-relief-v1/train/positive/wl-tile-v1-10761-pos-es-pba-31581-mdt5.tif	downloaded	valid	108	108	4.995	4.979	EPSG:25830	1.000000	477.000	529.000	23808	1		https://servicios.idee.es/wcs-inspire/mdt?SERVICE=WCS&VERSION=2.0.1&REQUEST=GetCoverage&COVERAGEID=Elevacion25830_5&FORMAT=image%2Ftiff&SUBSET=x%28139697.94%2C140237.42%29&SUBSET=y%284753704.05%2C4754241.77%29	2026-08-01T00:00:00Z
weak-relief-wcs-v1-00940	wl-tile-v1-10647	wl-pos-pos-es-pba-27872	pos-es-pba-27872	1	positive	train	ES	Castro da Eirexe	-7.295649796186374	42.94570015362302	-7.29879143,42.94340048,-7.29250816,42.94799983	149267.19,4763475.90,149806.02,4764012.99	512	Elevacion25830_5	https://servicios.idee.es/wcs-inspire/mdt	data/external/weak-label-relief-v1/train/positive/wl-tile-v1-10647-pos-es-pba-27872-mdt5.tif	downloaded	valid	108	107	4.989	5.020	EPSG:25830	1.000000	684.000	723.000	23592	1		https://servicios.idee.es/wcs-inspire/mdt?SERVICE=WCS&VERSION=2.0.1&REQUEST=GetCoverage&COVERAGEID=Elevacion25830_5&FORMAT=image%2Ftiff&SUBSET=x%28149267.19%2C149806.02%29&SUBSET=y%284763475.90%2C4764012.99%29	2026-08-01T00:00:00Z
weak-relief-wcs-v1-00941	wl-tile-v1-10762	wl-pos-pos-es-pba-31582	pos-es-pba-31582	1	positive	train	ES	Castro da Eirexe	-7.416461502169066	42.872587827150696	-7.41959941,42.87028815,-7.41332359,42.87488750	138981.92,4755866.52,139521.47,4756404.31	512	Elevacion25830_5	https://servicios.idee.es/wcs-inspire/mdt	data/external/weak-label-relief-v1/train/positive/wl-tile-v1-10762-pos-es-pba-31582-mdt5.tif	downloaded	valid	108	108	4.996	4.980	EPSG:25830	1.000000	412.000	467.000	23808	1		https://servicios.idee.es/wcs-inspire/mdt?SERVICE=WCS&VERSION=2.0.1&REQUEST=GetCoverage&COVERAGEID=Elevacion25830_5&FORMAT=image%2Ftiff&SUBSET=x%28138981.92%2C139521.47%29&SUBSET=y%284755866.52%2C4756404.31%29	2026-08-01T00:00:00Z
weak-relief-wcs-v1-00942	wl-tile-v1-10887	wl-pos-pos-es-pba-37199	pos-es-pba-37199	1	positive	train	ES	Castro da Eirexe/Aira do Castro/Castro de Moscá	-7.458937361374891	42.86238811725967	-7.46207475,42.86008844,-7.45579997,42.86468779	135451.63,4754916.73,135991.43,4755454.78	512	Elevacion25830_5	https://servicios.idee.es/wcs-inspire/mdt	data/external/weak-label-relief-v1/train/positive/wl-tile-v1-10887-pos-es-pba-37199-mdt5.tif	downloaded	valid	108	108	4.998	4.982	EPSG:25830	1.000000	382.000	410.000	23808	1		https://servicios.idee.es/wcs-inspire/mdt?SERVICE=WCS&VERSION=2.0.1&REQUEST=GetCoverage&COVERAGEID=Elevacion25830_5&FORMAT=image%2Ftiff&SUBSET=x%28135451.63%2C135991.43%29&SUBSET=y%284754916.73%2C4755454.78%29	2026-08-01T00:00:00Z
weak-relief-wcs-v1-00943	wl-tile-v1-11403	wl-pos-pos-es-pba-62905	pos-es-pba-62905	1	positive	train	ES	Castro da Eirexiña	-8.834203211871149	42.25484433687443	-8.83731021,42.25254466,-8.83109622,42.25714401	18403.83,4694307.21,18951.76,4694853.38	512	Elevacion25830_5	https://servicios.idee.es/wcs-inspire/mdt	data/external/weak-label-relief-v1/train/positive/wl-tile-v1-11403-pos-es-pba-62905-mdt5.tif	downloaded	valid	110	109	4.981	5.011	EPSG:25830	1.000000	0.000	23.000	24460	1		https://servicios.idee.es/wcs-inspire/mdt?SERVICE=WCS&VERSION=2.0.1&REQUEST=GetCoverage&COVERAGEID=Elevacion25830_5&FORMAT=image%2Ftiff&SUBSET=x%2818403.83%2C18951.76%29&SUBSET=y%284694307.21%2C4694853.38%29	2026-08-01T00:00:00Z
weak-relief-wcs-v1-00944	wl-tile-v1-10763	wl-pos-pos-es-pba-31583	pos-es-pba-31583	1	positive	train	ES	Castro da Ermida	-7.363267298993294	42.84711277441937	-7.36640392,42.84481310,-7.36013068,42.84941245	143180.91,4752810.20,143720.12,4753347.65	512	Elevacion25830_5	https://servicios.idee.es/wcs-inspire/mdt	data/external/weak-label-relief-v1/train/positive/wl-tile-v1-10763-pos-es-pba-31583-mdt5.tif	downloaded	valid	108	107	4.993	5.023	EPSG:25830	1.000000	420.000	487.000	23592	1		https://servicios.idee.es/wcs-inspire/mdt?SERVICE=WCS&VERSION=2.0.1&REQUEST=GetCoverage&COVERAGEID=Elevacion25830_5&FORMAT=image%2Ftiff&SUBSET=x%28143180.91%2C143720.12%29&SUBSET=y%284752810.20%2C4753347.65%29	2026-08-01T00:00:00Z
weak-relief-wcs-v1-00945	wl-tile-v1-10764	wl-pos-pos-es-pba-31584	pos-es-pba-31584	1	positive	train	ES	Castro da Ermida	-7.371620101094046	42.88134373394286	-7.37475846,42.87904406,-7.36848174,42.88364341	142695.94,4756647.65,143235.22,4757185.17	512	Elevacion25830_5	https://servicios.idee.es/wcs-inspire/mdt	data/external/weak-label-relief-v1/train/positive/wl-tile-v1-10764-pos-es-pba-31584-mdt5.tif	downloaded	valid	108	108	4.993	4.977	EPSG:25830	1.000000	554.000	586.000	23808	1		https://servicios.idee.es/wcs-inspire/mdt?SERVICE=WCS&VERSION=2.0.1&REQUEST=GetCoverage&COVERAGEID=Elevacion25830_5&FORMAT=image%2Ftiff&SUBSET=x%28142695.94%2C143235.22%29&SUBSET=y%284756647.65%2C4757185.17%29	2026-08-01T00:00:00Z
weak-relief-wcs-v1-00946	wl-tile-v1-10648	wl-pos-pos-es-pba-27873	pos-es-pba-27873	1	positive	train	ES	Castro da Ermida de Santa Cristina	-7.326538809049969	42.984426887046325	-7.32968242,42.98212721,-7.32339519,42.98672656	146968.44,4767906.64,147507.48,4768443.94	512	Elevacion25830_5	https://servicios.idee.es/wcs-inspire/mdt	data/external/weak-label-relief-v1/train/positive/wl-tile-v1-10648-pos-es-pba-27873-mdt5.tif	downloaded	valid	108	107	4.991	5.021	EPSG:25830	1.000000	519.000	573.000	23592	1		https://servicios.idee.es/wcs-inspire/mdt?SERVICE=WCS&VERSION=2.0.1&REQUEST=GetCoverage&COVERAGEID=Elevacion25830_5&FORMAT=image%2Ftiff&SUBSET=x%28146968.44%2C147507.48%29&SUBSET=y%284767906.64%2C4768443.94%29	2026-08-01T00:00:00Z
weak-relief-wcs-v1-00947	wl-tile-v1-11242	wl-pos-pos-es-pba-51594	pos-es-pba-51594	1	positive	train	ES	Castro da Ermida/O Castro	-7.1816149016391195	42.33368607550036	-7.18472579,42.33138640,-7.17850402,42.33598575	155206.03,4695032.72,155743.88,4695568.78	512	Elevacion25830_5	https://servicios.idee.es/wcs-inspire/mdt	data/external/weak-label-relief-v1/train/positive/wl-tile-v1-11242-pos-es-pba-51594-mdt5.tif	downloaded	valid	108	107	4.980	5.010	EPSG:25830	1.000000	378.000	614.000	23592	1		https://servicios.idee.es/wcs-inspire/mdt?SERVICE=WCS&VERSION=2.0.1&REQUEST=GetCoverage&COVERAGEID=Elevacion25830_5&FORMAT=image%2Ftiff&SUBSET=x%28155206.03%2C155743.88%29&SUBSET=y%284695032.72%2C4695568.78%29	2026-08-01T00:00:00Z
weak-relief-wcs-v1-00948	wl-tile-v1-10953	wl-pos-pos-es-pba-37087	pos-es-pba-37087	1	positive	train	ES	Castro da Escrita/Tras do Castro	-7.104134219474867	42.67556536626879	-7.10726216,42.67326569,-7.10100627,42.67786504	163431.71,4732691.79,163969.25,4733227.55	512	Elevacion25830_5	https://servicios.idee.es/wcs-inspire/mdt	data/external/weak-label-relief-v1/train/positive/wl-tile-v1-10953-pos-es-pba-37087-mdt5.tif	downloaded	valid	108	107	4.977	5.007	EPSG:25830	1.000000	952.000	1111.000	23592	1		https://servicios.idee.es/wcs-inspire/mdt?SERVICE=WCS&VERSION=2.0.1&REQUEST=GetCoverage&COVERAGEID=Elevacion25830_5&FORMAT=image%2Ftiff&SUBSET=x%28163431.71%2C163969.25%29&SUBSET=y%284732691.79%2C4733227.55%29	2026-08-01T00:00:00Z
weak-relief-wcs-v1-00949	wl-tile-v1-11166	wl-pos-pos-es-pba-57712	pos-es-pba-57712	1	positive	train	ES	Castro da Espeñuca/A Peneda	-7.038303788048049	42.319295067507205	-7.04141396,42.31699539,-7.03519361,42.32159474	166939.82,4692863.41,167476.79,4693398.59	512	Elevacion25830_5	https://servicios.idee.es/wcs-inspire/mdt	data/external/weak-label-relief-v1/train/positive/wl-tile-v1-11166-pos-es-pba-57712-mdt5.tif	downloaded	valid	107	107	5.018	5.002	EPSG:25830	1.000000	799.000	989.000	23378	1		https://servicios.idee.es/wcs-inspire/mdt?SERVICE=WCS&VERSION=2.0.1&REQUEST=GetCoverage&COVERAGEID=Elevacion25830_5&FORMAT=image%2Ftiff&SUBSET=x%28166939.82%2C167476.79%29&SUBSET=y%284692863.41%2C4693398.59%29	2026-08-01T00:00:00Z
weak-relief-wcs-v1-00950	wl-tile-v1-11561	wl-pos-pos-es-pba-71366	pos-es-pba-71366	1	positive	train	ES	Castro da Fonte do Ouro	-8.858864156628526	41.956949585330015	-8.86195659,41.95464991,-8.85577173,41.95924926	14091.70,4661354.47,14639.60,4661900.60	512	Elevacion25830_5	https://servicios.idee.es/wcs-inspire/mdt	data/external/weak-label-relief-v1/train/positive/wl-tile-v1-11561-pos-es-pba-71366-mdt5.tif	downloaded	valid	110	109	4.981	5.010	EPSG:25830	1.000000	278.000	458.000	24460	1		https://servicios.idee.es/wcs-inspire/mdt?SERVICE=WCS&VERSION=2.0.1&REQUEST=GetCoverage&COVERAGEID=Elevacion25830_5&FORMAT=image%2Ftiff&SUBSET=x%2814091.70%2C14639.60%29&SUBSET=y%284661354.47%2C4661900.60%29	2026-08-01T00:00:00Z
weak-relief-wcs-v1-00951	wl-tile-v1-11705	wl-pos-pos-es-pba-75451	pos-es-pba-75451	1	positive	train	ES	Castro da Fontenla	-8.714987461854637	42.56072805788845	-8.71810964,42.55842838,-8.71186528,42.56302773	30535.95,4727617.99,31083.33,4728163.62	512	Elevacion25830_5	https://servicios.idee.es/wcs-inspire/mdt	data/external/weak-label-relief-v1/train/positive/wl-tile-v1-11705-pos-es-pba-75451-mdt5.tif	downloaded	valid	109	109	5.022	5.006	EPSG:25830	1.000000	11.000	54.000	24242	1		https://servicios.idee.es/wcs-inspire/mdt?SERVICE=WCS&VERSION=2.0.1&REQUEST=GetCoverage&COVERAGEID=Elevacion25830_5&FORMAT=image%2Ftiff&SUBSET=x%2830535.95%2C31083.33%29&SUBSET=y%284727617.99%2C4728163.62%29	2026-08-01T00:00:00Z
weak-relief-wcs-v1-00952	wl-tile-v1-09992	wl-pos-pos-es-pba-3508	pos-es-pba-3508	1	positive	train	ES	Castro da Forca/Castro de Antelo	-8.6554168581089	43.17142762611534	-8.65857008,43.16912795,-8.65226364,43.17372730	39998.19,4795128.58,40545.56,4795674.25	512	Elevacion25830_5	https://servicios.idee.es/wcs-inspire/mdt	data/external/weak-label-relief-v1/train/positive/wl-tile-v1-09992-pos-es-pba-3508-mdt5.tif	downloaded	valid	109	109	5.022	5.006	EPSG:25830	1.000000	272.000	353.000	24242	1		https://servicios.idee.es/wcs-inspire/mdt?SERVICE=WCS&VERSION=2.0.1&REQUEST=GetCoverage&COVERAGEID=Elevacion25830_5&FORMAT=image%2Ftiff&SUBSET=x%2839998.19%2C40545.56%29&SUBSET=y%284795128.58%2C4795674.25%29	2026-08-01T00:00:00Z
weak-relief-wcs-v1-00953	wl-tile-v1-11350	wl-pos-pos-es-pba-65293	pos-es-pba-65293	1	positive	train	ES	Castro da Forca/O Montiño	-8.865641989812548	41.901780946664104	-8.86873175,41.89948127,-8.86255223,41.90408062	13108.96,4655264.39,13656.86,4655810.52	512	Elevacion25830_5	https://servicios.idee.es/wcs-inspire/mdt	data/external/weak-label-relief-v1/train/positive/wl-tile-v1-11350-pos-es-pba-65293-mdt5.tif	downloaded	valid	110	109	4.981	5.010	EPSG:25830	1.000000	34.000	118.000	24460	1		https://servicios.idee.es/wcs-inspire/mdt?SERVICE=WCS&VERSION=2.0.1&REQUEST=GetCoverage&COVERAGEID=Elevacion25830_5&FORMAT=image%2Ftiff&SUBSET=x%2813108.96%2C13656.86%29&SUBSET=y%284655264.39%2C4655810.52%29	2026-08-01T00:00:00Z
weak-relief-wcs-v1-00954	wl-tile-v1-11299	wl-pos-pos-es-pba-56746	pos-es-pba-56746	1	positive	train	ES	Castro da Fraga da Moura	-7.211244928048314	41.98026736039906	-7.21433849,41.97796768,-7.20815137,41.98256704	150824.58,4655902.03,151362.45,4656438.09	512	Elevacion25830_5	https://servicios.idee.es/wcs-inspire/mdt	data/external/weak-label-relief-v1/train/positive/wl-tile-v1-11299-pos-es-pba-56746-mdt5.tif	downloaded	valid	108	107	4.980	5.010	EPSG:25830	1.000000	770.000	904.000	23592	1		https://servicios.idee.es/wcs-inspire/mdt?SERVICE=WCS&VERSION=2.0.1&REQUEST=GetCoverage&COVERAGEID=Elevacion25830_5&FORMAT=image%2Ftiff&SUBSET=x%28150824.58%2C151362.45%29&SUBSET=y%284655902.03%2C4656438.09%29	2026-08-01T00:00:00Z
weak-relief-wcs-v1-00955	wl-tile-v1-11654	wl-pos-pos-es-pba-70320	pos-es-pba-70320	1	positive	train	ES	Castro da Granxa	-8.644526534321228	42.061572074928954	-8.64762405,42.05927240,-8.64142902,42.06387175	32633.45,4671780.25,33180.09,4672325.12	512	Elevacion25830_5	https://servicios.idee.es/wcs-inspire/mdt	data/external/weak-label-relief-v1/train/positive/wl-tile-v1-11654-pos-es-pba-70320-mdt5.tif	downloaded	valid	109	109	5.015	4.999	EPSG:25830	1.000000	10.000	57.000	24242	1		https://servicios.idee.es/wcs-inspire/mdt?SERVICE=WCS&VERSION=2.0.1&REQUEST=GetCoverage&COVERAGEID=Elevacion25830_5&FORMAT=image%2Ftiff&SUBSET=x%2832633.45%2C33180.09%29&SUBSET=y%284671780.25%2C4672325.12%29	2026-08-01T00:00:00Z
weak-relief-wcs-v1-00956	wl-tile-v1-09945	wl-pos-pos-es-pba-1531	pos-es-pba-1531	1	positive	train	ES	Castro da Graña	-8.212614603854401	43.25646854878218	-8.21577223,43.25416887,-8.20945698,43.25876823	76591.51,4802233.17,77136.18,4802776.12	512	Elevacion25830_5	https://servicios.idee.es/wcs-inspire/mdt	data/external/weak-label-relief-v1/train/positive/wl-tile-v1-09945-pos-es-pba-1531-mdt5.tif	downloaded	valid	109	109	4.997	4.981	EPSG:25830	1.000000	91.000	164.000	24242	1		https://servicios.idee.es/wcs-inspire/mdt?SERVICE=WCS&VERSION=2.0.1&REQUEST=GetCoverage&COVERAGEID=Elevacion25830_5&FORMAT=image%2Ftiff&SUBSET=x%2876591.51%2C77136.18%29&SUBSET=y%284802233.17%2C4802776.12%29	2026-08-01T00:00:00Z
weak-relief-wcs-v1-00957	wl-tile-v1-10441	wl-pos-pos-es-pba-24952	pos-es-pba-24952	1	positive	train	ES	Castro da Graña	-7.972881648871145	42.97203406593733	-7.97602463,42.96973439,-7.96973867,42.97433374	94176.87,4769450.89,94719.90,4769992.19	512	Elevacion25830_5	https://servicios.idee.es/wcs-inspire/mdt	data/external/weak-label-relief-v1/train/positive/wl-tile-v1-10441-pos-es-pba-24952-mdt5.tif	downloaded	valid	109	108	4.982	5.012	EPSG:25830	1.000000	461.000	564.000	24024	1		https://servicios.idee.es/wcs-inspire/mdt?SERVICE=WCS&VERSION=2.0.1&REQUEST=GetCoverage&COVERAGEID=Elevacion25830_5&FORMAT=image%2Ftiff&SUBSET=x%2894176.87%2C94719.90%29&SUBSET=y%284769450.89%2C4769992.19%29	2026-08-01T00:00:00Z
weak-relief-wcs-v1-00958	wl-tile-v1-10649	wl-pos-pos-es-pba-27874	pos-es-pba-27874	1	positive	train	ES	Castro da Graña	-7.327551692159368	43.1071323477199	-7.33070160,43.10483267,-7.32440178,43.10943202	147589.80,4781539.88,148128.92,4782077.25	512	Elevacion25830_5	https://servicios.idee.es/wcs-inspire/mdt	data/external/weak-label-relief-v1/train/positive/wl-tile-v1-10649-pos-es-pba-27874-mdt5.tif	downloaded	valid	108	107	4.992	5.022	EPSG:25830	1.000000	597.000	652.000	23592	1		https://servicios.idee.es/wcs-inspire/mdt?SERVICE=WCS&VERSION=2.0.1&REQUEST=GetCoverage&COVERAGEID=Elevacion25830_5&FORMAT=image%2Ftiff&SUBSET=x%28147589.80%2C148128.92%29&SUBSET=y%284781539.88%2C4782077.25%29	2026-08-01T00:00:00Z
weak-relief-wcs-v1-00959	wl-tile-v1-11378	wl-pos-pos-es-pba-68601	pos-es-pba-68601	1	positive	train	ES	Castro da Graña	-8.436417003709373	42.07997249671083	-8.43951542,42.07767282,-8.43331859,42.08227217	49991.16,4672705.33,50536.55,4673248.94	512	Elevacion25830_5	https://servicios.idee.es/wcs-inspire/mdt	data/external/weak-label-relief-v1/train/positive/wl-tile-v1-11378-pos-es-pba-68601-mdt5.tif	downloaded	valid	109	109	5.004	4.987	EPSG:25830	1.000000	5.000	63.000	24242	1		https://servicios.idee.es/wcs-inspire/mdt?SERVICE=WCS&VERSION=2.0.1&REQUEST=GetCoverage&COVERAGEID=Elevacion25830_5&FORMAT=image%2Ftiff&SUBSET=x%2849991.16%2C50536.55%29&SUBSET=y%284672705.33%2C4673248.94%29	2026-08-01T00:00:00Z
weak-relief-wcs-v1-00960	wl-tile-v1-11101	wl-pos-pos-es-pba-30224	pos-es-pba-30224	1	positive	train	ES	Castro da Graña/Os Castros	-7.750923102675707	43.42690674360305	-7.75408960,43.42460707,-7.74775660,43.42920642	115156.27,4818927.29,115698.16,4819467.47	512	Elevacion25830_5	https://servicios.idee.es/wcs-inspire/mdt	data/external/weak-label-relief-v1/train/positive/wl-tile-v1-11101-pos-es-pba-30224-mdt5.tif	downloaded	valid	108	108	5.018	5.002	EPSG:25830	1.000000	484.000	553.000	23808	1		https://servicios.idee.es/wcs-inspire/mdt?SERVICE=WCS&VERSION=2.0.1&REQUEST=GetCoverage&COVERAGEID=Elevacion25830_5&FORMAT=image%2Ftiff&SUBSET=x%28115156.27%2C115698.16%29&SUBSET=y%284818927.29%2C4819467.47%29	2026-08-01T00:00:00Z
weak-relief-wcs-v1-00961	wl-tile-v1-10442	wl-pos-pos-es-pba-24953	pos-es-pba-24953	1	positive	train	ES	Castro da Grela	-7.96617535013383	42.96257140995987	-7.96931785,42.96027173,-7.96303285,42.96487109	94661.65,4768367.41,95204.64,4768908.65	512	Elevacion25830_5	https://servicios.idee.es/wcs-inspire/mdt	data/external/weak-label-relief-v1/train/positive/wl-tile-v1-10442-pos-es-pba-24953-mdt5.tif	downloaded	valid	109	108	4.982	5.011	EPSG:25830	1.000000	454.000	606.000	24024	1		https://servicios.idee.es/wcs-inspire/mdt?SERVICE=WCS&VERSION=2.0.1&REQUEST=GetCoverage&COVERAGEID=Elevacion25830_5&FORMAT=image%2Ftiff&SUBSET=x%2894661.65%2C95204.64%29&SUBSET=y%284768367.41%2C4768908.65%29	2026-08-01T00:00:00Z
weak-relief-wcs-v1-00962	wl-tile-v1-10107	wl-pos-pos-es-pba-9620	pos-es-pba-9620	1	positive	train	ES	Castro da Grixa	-9.102816026829501	43.031766184128244	-9.10596206,43.02946651,-9.09966999,43.03406586	2486.00,4782174.94,3036.07,4782723.30	512	Elevacion25830_5	https://servicios.idee.es/wcs-inspire/mdt	data/external/weak-label-relief-v1/train/positive/wl-tile-v1-10107-pos-es-pba-9620-mdt5.tif	downloaded	valid	110	110	5.001	4.985	EPSG:25830	1.000000	197.000	237.000	24680	1		https://servicios.idee.es/wcs-inspire/mdt?SERVICE=WCS&VERSION=2.0.1&REQUEST=GetCoverage&COVERAGEID=Elevacion25830_5&FORMAT=image%2Ftiff&SUBSET=x%282486.00%2C3036.07%29&SUBSET=y%284782174.94%2C4782723.30%29	2026-08-01T00:00:00Z
weak-relief-wcs-v1-00963	wl-tile-v1-10846	wl-pos-pos-es-pba-29948	pos-es-pba-29948	1	positive	train	ES	Castro da Grova	-7.492706702735234	42.92050201547972	-7.49584705,42.91820234,-7.48956635,42.92280169	133037.46,4761518.33,133577.50,4762056.62	512	Elevacion25830_5	https://servicios.idee.es/wcs-inspire/mdt	data/external/weak-label-relief-v1/train/positive/wl-tile-v1-10846-pos-es-pba-29948-mdt5.tif	downloaded	valid	108	108	5.000	4.984	EPSG:25830	1.000000	482.000	507.000	23808	1		https://servicios.idee.es/wcs-inspire/mdt?SERVICE=WCS&VERSION=2.0.1&REQUEST=GetCoverage&COVERAGEID=Elevacion25830_5&FORMAT=image%2Ftiff&SUBSET=x%28133037.46%2C133577.50%29&SUBSET=y%284761518.33%2C4762056.62%29	2026-08-01T00:00:00Z
weak-relief-wcs-v1-00964	wl-tile-v1-11359	wl-pos-pos-es-pba-66198	pos-es-pba-66198	1	positive	train	ES	Castro da Gurobela	-8.07460495804899	42.84303763864429	-8.07774137,42.84073796,-8.07146855,42.84533732	85012.99,4755619.10,85556.57,4756160.95	512	Elevacion25830_5	https://servicios.idee.es/wcs-inspire/mdt	data/external/weak-label-relief-v1/train/positive/wl-tile-v1-11359-pos-es-pba-66198-mdt5.tif	downloaded	valid	109	108	4.987	5.017	EPSG:25830	1.000000	301.000	394.000	24024	1		https://servicios.idee.es/wcs-inspire/mdt?SERVICE=WCS&VERSION=2.0.1&REQUEST=GetCoverage&COVERAGEID=Elevacion25830_5&FORMAT=image%2Ftiff&SUBSET=x%2885012.99%2C85556.57%29&SUBSET=y%284755619.10%2C4756160.95%29	2026-08-01T00:00:00Z
weak-relief-wcs-v1-00965	wl-tile-v1-10586	wl-pos-pos-es-pba-44402	pos-es-pba-44402	1	positive	train	ES	Castro da Igrexa/A Cortiña da Igrexa	-7.243904252512455	42.87311869743418	-7.24704219,42.87081902,-7.24076631,42.87541837	153082.32,4755199.76,153620.81,4755736.49	512	Elevacion25830_5	https://servicios.idee.es/wcs-inspire/mdt	data/external/weak-label-relief-v1/train/positive/wl-tile-v1-10586-pos-es-pba-44402-mdt5.tif	downloaded	valid	108	107	4.986	5.016	EPSG:25830	1.000000	523.000	640.000	23592	1		https://servicios.idee.es/wcs-inspire/mdt?SERVICE=WCS&VERSION=2.0.1&REQUEST=GetCoverage&COVERAGEID=Elevacion25830_5&FORMAT=image%2Ftiff&SUBSET=x%28153082.32%2C153620.81%29&SUBSET=y%284755199.76%2C4755736.49%29	2026-08-01T00:00:00Z
weak-relief-wcs-v1-00966	wl-tile-v1-10587	wl-pos-pos-es-pba-44431	pos-es-pba-44431	1	positive	train	ES	Castro da Igrexa/Castro de Lebruxo	-7.307157450191901	42.87777424382961	-7.31029563,42.87547457,-7.30401927,42.88007392	147941.29,4755979.50,148480.17,4756516.62	512	Elevacion25830_5	https://servicios.idee.es/wcs-inspire/mdt	data/external/weak-label-relief-v1/train/positive/wl-tile-v1-10587-pos-es-pba-44431-mdt5.tif	downloaded	valid	108	107	4.990	5.020	EPSG:25830	1.000000	549.000	645.000	23592	1		https://servicios.idee.es/wcs-inspire/mdt?SERVICE=WCS&VERSION=2.0.1&REQUEST=GetCoverage&COVERAGEID=Elevacion25830_5&FORMAT=image%2Ftiff&SUBSET=x%28147941.29%2C148480.17%29&SUBSET=y%284755979.50%2C4756516.62%29	2026-08-01T00:00:00Z
weak-relief-wcs-v1-00967	wl-tile-v1-11102	wl-pos-pos-es-pba-30225	pos-es-pba-30225	1	positive	train	ES	Castro da Igrexa/O Castro de Cazas	-7.776854982709312	43.3134161823107	-7.78001556,43.31111651,-7.77369440,43.31571586	112333.43,4806441.26,112875.42,4806981.53	512	Elevacion25830_5	https://servicios.idee.es/wcs-inspire/mdt	data/external/weak-label-relief-v1/train/positive/wl-tile-v1-11102-pos-es-pba-30225-mdt5.tif	downloaded	valid	108	108	5.018	5.003	EPSG:25830	1.000000	463.000	500.000	23808	1		https://servicios.idee.es/wcs-inspire/mdt?SERVICE=WCS&VERSION=2.0.1&REQUEST=GetCoverage&COVERAGEID=Elevacion25830_5&FORMAT=image%2Ftiff&SUBSET=x%28112333.43%2C112875.42%29&SUBSET=y%284806441.26%2C4806981.53%29	2026-08-01T00:00:00Z
weak-relief-wcs-v1-00968	wl-tile-v1-10329	wl-pos-pos-es-pba-18628	pos-es-pba-18628	1	positive	train	ES	Castro da Illa da Estrela	-8.95524799781416	43.25982751819345	-8.95840579,43.25752784,-8.95209020,43.26212719	16320.10,4806643.75,16869.39,4807191.35	512	Elevacion25830_5	https://servicios.idee.es/wcs-inspire/mdt	data/external/weak-label-relief-v1/train/positive/wl-tile-v1-10329-pos-es-pba-18628-mdt5.tif	downloaded	valid	110	110	4.994	4.978	EPSG:25830	1.000000	0.000	43.000	24680	1		https://servicios.idee.es/wcs-inspire/mdt?SERVICE=WCS&VERSION=2.0.1&REQUEST=GetCoverage&COVERAGEID=Elevacion25830_5&FORMAT=image%2Ftiff&SUBSET=x%2816320.10%2C16869.39%29&SUBSET=y%284806643.75%2C4807191.35%29	2026-08-01T00:00:00Z
weak-relief-wcs-v1-00969	wl-tile-v1-10422	wl-pos-pos-es-pba-23921	pos-es-pba-23921	1	positive	train	ES	Castro da Lagoa/Os Castros de Muradelo	-7.973466809470356	43.04118539622675	-7.97661333,43.03888572,-7.97032029,43.04348507	94585.05,4777134.86,95128.12,4777676.20	512	Elevacion25830_5	https://servicios.idee.es/wcs-inspire/mdt	data/external/weak-label-relief-v1/train/positive/wl-tile-v1-10422-pos-es-pba-23921-mdt5.tif	downloaded	valid	109	108	4.982	5.012	EPSG:25830	1.000000	618.000	675.000	24024	1		https://servicios.idee.es/wcs-inspire/mdt?SERVICE=WCS&VERSION=2.0.1&REQUEST=GetCoverage&COVERAGEID=Elevacion25830_5&FORMAT=image%2Ftiff&SUBSET=x%2894585.05%2C95128.12%29&SUBSET=y%284777134.86%2C4777676.20%29	2026-08-01T00:00:00Z
weak-relief-wcs-v1-00970	wl-tile-v1-10832	wl-pos-pos-es-pba-35177	pos-es-pba-35177	1	positive	train	ES	Castro da Lagúa	-6.995258294085102	43.019284523528604	-6.99840369,43.01698485,-6.99211290,43.02158420	174167.87,4770439.27,174704.89,4770974.54	512	Elevacion25830_5	https://servicios.idee.es/wcs-inspire/mdt	data/external/weak-label-relief-v1/train/positive/wl-tile-v1-10832-pos-es-pba-35177-mdt5.tif	downloaded	valid	107	107	5.019	5.003	EPSG:25830	1.000000	696.000	846.000	23378	1		https://servicios.idee.es/wcs-inspire/mdt?SERVICE=WCS&VERSION=2.0.1&REQUEST=GetCoverage&COVERAGEID=Elevacion25830_5&FORMAT=image%2Ftiff&SUBSET=x%28174167.87%2C174704.89%29&SUBSET=y%284770439.27%2C4770974.54%29	2026-08-01T00:00:00Z
weak-relief-wcs-v1-00971	wl-tile-v1-10526	wl-pos-pos-es-pba-38417	pos-es-pba-38417	1	positive	train	ES	Castro da Lama	-7.344610990593267	42.51225981998597	-7.34773075,42.50996014,-7.34149123,42.51455950	142790.32,4715539.92,143329.26,4716077.08	512	Elevacion25830_5	https://servicios.idee.es/wcs-inspire/mdt	data/external/weak-label-relief-v1/train/positive/wl-tile-v1-10526-pos-es-pba-38417-mdt5.tif	downloaded	valid	108	107	4.990	5.020	EPSG:25830	1.000000	287.000	421.000	23592	1		https://servicios.idee.es/wcs-inspire/mdt?SERVICE=WCS&VERSION=2.0.1&REQUEST=GetCoverage&COVERAGEID=Elevacion25830_5&FORMAT=image%2Ftiff&SUBSET=x%28142790.32%2C143329.26%29&SUBSET=y%284715539.92%2C4716077.08%29	2026-08-01T00:00:00Z
weak-relief-wcs-v1-00972	wl-tile-v1-11354	wl-pos-pos-es-pba-67107	pos-es-pba-67107	1	positive	train	ES	Castro da Lama	-8.444687301546425	42.399230205167534	-8.44780143,42.39693053,-8.44157317,42.40152988	51578.99,4708212.57,52124.61,4708756.44	512	Elevacion25830_5	https://servicios.idee.es/wcs-inspire/mdt	data/external/weak-label-relief-v1/train/positive/wl-tile-v1-11354-pos-es-pba-67107-mdt5.tif	downloaded	valid	109	109	5.006	4.990	EPSG:25830	1.000000	361.000	471.000	24242	1		https://servicios.idee.es/wcs-inspire/mdt?SERVICE=WCS&VERSION=2.0.1&REQUEST=GetCoverage&COVERAGEID=Elevacion25830_5&FORMAT=image%2Ftiff&SUBSET=x%2851578.99%2C52124.61%29&SUBSET=y%284708212.57%2C4708756.44%29	2026-08-01T00:00:00Z
weak-relief-wcs-v1-00973	wl-tile-v1-11046	wl-pos-pos-es-pba-41245	pos-es-pba-41245	1	positive	train	ES	Castro da Laxa	-7.74683795846695	42.663563776824475	-7.74996530,42.66126410,-7.74371062,42.66586345	110681.38,4734120.10,111222.86,4734659.82	512	Elevacion25830_5	https://servicios.idee.es/wcs-inspire/mdt	data/external/weak-label-relief-v1/train/positive/wl-tile-v1-11046-pos-es-pba-41245-mdt5.tif	downloaded	valid	108	108	5.014	4.997	EPSG:25830	1.000000	334.000	489.000	23808	1		https://servicios.idee.es/wcs-inspire/mdt?SERVICE=WCS&VERSION=2.0.1&REQUEST=GetCoverage&COVERAGEID=Elevacion25830_5&FORMAT=image%2Ftiff&SUBSET=x%28110681.38%2C111222.86%29&SUBSET=y%284734120.10%2C4734659.82%29	2026-08-01T00:00:00Z
weak-relief-wcs-v1-00974	wl-tile-v1-11233	wl-pos-pos-es-pba-48059	pos-es-pba-48059	1	positive	train	ES	Castro da Madanela	-7.854784645825937	42.410784355953126	-7.85789935,42.40848468,-7.85166994,42.41308403	100219.90,4706546.38,100761.90,4707086.62	512	Elevacion25830_5	https://servicios.idee.es/wcs-inspire/mdt	data/external/weak-label-relief-v1/train/positive/wl-tile-v1-11233-pos-es-pba-48059-mdt5.tif	downloaded	valid	108	108	5.019	5.002	EPSG:25830	1.000000	378.000	452.000	23808	1		https://servicios.idee.es/wcs-inspire/mdt?SERVICE=WCS&VERSION=2.0.1&REQUEST=GetCoverage&COVERAGEID=Elevacion25830_5&FORMAT=image%2Ftiff&SUBSET=x%28100219.90%2C100761.90%29&SUBSET=y%284706546.38%2C4707086.62%29	2026-08-01T00:00:00Z
weak-relief-wcs-v1-00975	wl-tile-v1-10862	wl-pos-pos-es-pba-32296	pos-es-pba-32296	1	positive	train	ES	Castro da Margarida/A Ciudá	-7.3138095522623	42.72579257201455	-7.31694003,42.72349290,-7.31067908,42.72809225	146532.72,4739126.97,147071.56,4739664.05	512	Elevacion25830_5	https://servicios.idee.es/wcs-inspire/mdt	data/external/weak-label-relief-v1/train/positive/wl-tile-v1-10862-pos-es-pba-32296-mdt5.tif	downloaded	valid	108	107	4.989	5.019	EPSG:25830	1.000000	740.000	865.000	23592	1		https://servicios.idee.es/wcs-inspire/mdt?SERVICE=WCS&VERSION=2.0.1&REQUEST=GetCoverage&COVERAGEID=Elevacion25830_5&FORMAT=image%2Ftiff&SUBSET=x%28146532.72%2C147071.56%29&SUBSET=y%284739126.97%2C4739664.05%29	2026-08-01T00:00:00Z
weak-relief-wcs-v1-00976	wl-tile-v1-11316	wl-pos-pos-es-pba-58046	pos-es-pba-58046	1	positive	train	ES	Castro da Martiña	-7.932037494019642	42.518465041272805	-7.93515756,42.51616536,-7.92891743,42.52076472	94557.78,4718873.84,95100.32,4719414.62	512	Elevacion25830_5	https://servicios.idee.es/wcs-inspire/mdt	data/external/weak-label-relief-v1/train/positive/wl-tile-v1-11316-pos-es-pba-58046-mdt5.tif	downloaded	valid	109	108	4.977	5.007	EPSG:25830	1.000000	933.000	1035.000	24024	1		https://servicios.idee.es/wcs-inspire/mdt?SERVICE=WCS&VERSION=2.0.1&REQUEST=GetCoverage&COVERAGEID=Elevacion25830_5&FORMAT=image%2Ftiff&SUBSET=x%2894557.78%2C95100.32%29&SUBSET=y%284718873.84%2C4719414.62%29	2026-08-01T00:00:00Z
weak-relief-wcs-v1-00977	wl-tile-v1-11470	wl-pos-pos-es-pba-65785	pos-es-pba-65785	1	positive	train	ES	Castro da Matanza	-8.733455278924039	42.13456916440499	-8.73655637,42.13226949,-8.73035419,42.13686884	25817.52,4680380.26,26364.75,4680925.73	512	Elevacion25830_5	https://servicios.idee.es/wcs-inspire/mdt	data/external/weak-label-relief-v1/train/positive/wl-tile-v1-11470-pos-es-pba-65785-mdt5.tif	downloaded	valid	109	109	5.020	5.004	EPSG:25830	1.000000	148.000	216.000	24242	1		https://servicios.idee.es/wcs-inspire/mdt?SERVICE=WCS&VERSION=2.0.1&REQUEST=GetCoverage&COVERAGEID=Elevacion25830_5&FORMAT=image%2Ftiff&SUBSET=x%2825817.52%2C26364.75%29&SUBSET=y%284680380.26%2C4680925.73%29	2026-08-01T00:00:00Z
weak-relief-wcs-v1-00978	wl-tile-v1-11155	wl-pos-pos-es-pba-55771	pos-es-pba-55771	1	positive	train	ES	Castro da Medorra	-7.226992253040143	42.33892395084181	-7.23010340,42.33662427,-7.22388111,42.34122363	151495.56,4695799.43,152033.69,4696335.78	512	Elevacion25830_5	https://servicios.idee.es/wcs-inspire/mdt	data/external/weak-label-relief-v1/train/positive/wl-tile-v1-11155-pos-es-pba-55771-mdt5.tif	downloaded	valid	108	107	4.983	5.013	EPSG:25830	1.000000	469.000	608.000	23592	1		https://servicios.idee.es/wcs-inspire/mdt?SERVICE=WCS&VERSION=2.0.1&REQUEST=GetCoverage&COVERAGEID=Elevacion25830_5&FORMAT=image%2Ftiff&SUBSET=x%28151495.56%2C152033.69%29&SUBSET=y%284695799.43%2C4696335.78%29	2026-08-01T00:00:00Z
weak-relief-wcs-v1-00979	wl-tile-v1-10817	wl-pos-pos-es-pba-35344	pos-es-pba-35344	1	positive	train	ES	Castro da Morerira/Agro do Castro	-7.857878255713816	42.80841876916133	-7.86101291,42.80611909,-7.85474360,42.81071845	102506.46,4750727.72,103048.69,4751268.21	512	Elevacion25830_5	https://servicios.idee.es/wcs-inspire/mdt	data/external/weak-label-relief-v1/train/positive/wl-tile-v1-10817-pos-es-pba-35344-mdt5.tif	downloaded	valid	108	108	5.021	5.005	EPSG:25830	1.000000	489.000	530.000	23808	1		https://servicios.idee.es/wcs-inspire/mdt?SERVICE=WCS&VERSION=2.0.1&REQUEST=GetCoverage&COVERAGEID=Elevacion25830_5&FORMAT=image%2Ftiff&SUBSET=x%28102506.46%2C103048.69%29&SUBSET=y%284750727.72%2C4751268.21%29	2026-08-01T00:00:00Z
weak-relief-wcs-v1-00980	wl-tile-v1-11460	wl-pos-pos-es-pba-64033	pos-es-pba-64033	1	positive	train	ES	Castro da Mota	-8.3658282684735	42.56097458399001	-8.36895046,42.55867491,-8.36270607,42.56327426	59211.42,4725765.24,59756.64,4726308.72	512	Elevacion25830_5	https://servicios.idee.es/wcs-inspire/mdt	data/external/weak-label-relief-v1/train/positive/wl-tile-v1-11460-pos-es-pba-64033-mdt5.tif	downloaded	valid	109	109	5.002	4.986	EPSG:25830	1.000000	504.000	594.000	24242	1		https://servicios.idee.es/wcs-inspire/mdt?SERVICE=WCS&VERSION=2.0.1&REQUEST=GetCoverage&COVERAGEID=Elevacion25830_5&FORMAT=image%2Ftiff&SUBSET=x%2859211.42%2C59756.64%29&SUBSET=y%284725765.24%2C4726308.72%29	2026-08-01T00:00:00Z
weak-relief-wcs-v1-00981	wl-tile-v1-10019	wl-pos-pos-es-pba-27147	pos-es-pba-27147	1	positive	train	ES	Castro da Moura	-7.857740223586374	43.72390871310015	-7.86092238,43.72160904,-7.85455807,43.72620839	108440.93,4852417.31,108983.63,4852958.33	512	Elevacion25830_5	https://servicios.idee.es/wcs-inspire/mdt	data/external/weak-label-relief-v1/train/positive/wl-tile-v1-10019-pos-es-pba-27147-mdt5.tif	downloaded	valid	109	108	4.979	5.009	EPSG:25830	1.000000	0.000	70.000	24024	1		https://servicios.idee.es/wcs-inspire/mdt?SERVICE=WCS&VERSION=2.0.1&REQUEST=GetCoverage&COVERAGEID=Elevacion25830_5&FORMAT=image%2Ftiff&SUBSET=x%28108440.93%2C108983.63%29&SUBSET=y%284852417.31%2C4852958.33%29	2026-08-01T00:00:00Z
weak-relief-wcs-v1-00982	wl-tile-v1-11461	wl-pos-pos-es-pba-64034	pos-es-pba-64034	1	positive	train	ES	Castro da Mouteira	-8.304071095703712	42.56768364168888	-8.30719363,42.56538397,-8.30094857,42.56998332	64329.69,4726190.35,64874.54,4726733.45	512	Elevacion25830_5	https://servicios.idee.es/wcs-inspire/mdt	data/external/weak-label-relief-v1/train/positive/wl-tile-v1-11461-pos-es-pba-64034-mdt5.tif	downloaded	valid	109	109	4.999	4.983	EPSG:25830	1.000000	613.000	652.000	24242	1		https://servicios.idee.es/wcs-inspire/mdt?SERVICE=WCS&VERSION=2.0.1&REQUEST=GetCoverage&COVERAGEID=Elevacion25830_5&FORMAT=image%2Ftiff&SUBSET=x%2864329.69%2C64874.54%29&SUBSET=y%284726190.35%2C4726733.45%29	2026-08-01T00:00:00Z
weak-relief-wcs-v1-00983	wl-tile-v1-11124	wl-pos-pos-es-pba-47786	pos-es-pba-47786	1	positive	train	ES	Castro da Munía	-7.90455494249616	42.12068039367047	-7.90765535,42.11838072,-7.90145454,42.12298007	94263.53,4674559.50,94805.68,4675099.87	512	Elevacion25830_5	https://servicios.idee.es/wcs-inspire/mdt	data/external/weak-label-relief-v1/train/positive/wl-tile-v1-11124-pos-es-pba-47786-mdt5.tif	downloaded	valid	108	108	5.020	5.003	EPSG:25830	1.000000	725.000	817.000	23808	1		https://servicios.idee.es/wcs-inspire/mdt?SERVICE=WCS&VERSION=2.0.1&REQUEST=GetCoverage&COVERAGEID=Elevacion25830_5&FORMAT=image%2Ftiff&SUBSET=x%2894263.53%2C94805.68%29&SUBSET=y%284674559.50%2C4675099.87%29	2026-08-01T00:00:00Z
weak-relief-wcs-v1-00984	wl-tile-v1-10555	wl-pos-pos-es-pba-26987	pos-es-pba-26987	1	positive	train	ES	Castro da Orela	-7.920816220988463	42.776579159072774	-7.92394926,42.77427948,-7.91768318,42.77887884	97152.10,4747490.14,97694.70,4748031.00	512	Elevacion25830_5	https://servicios.idee.es/wcs-inspire/mdt	data/external/weak-label-relief-v1/train/positive/wl-tile-v1-10555-pos-es-pba-26987-mdt5.tif	downloaded	valid	109	108	4.978	5.008	EPSG:25830	1.000000	511.000	540.000	24024	1		https://servicios.idee.es/wcs-inspire/mdt?SERVICE=WCS&VERSION=2.0.1&REQUEST=GetCoverage&COVERAGEID=Elevacion25830_5&FORMAT=image%2Ftiff&SUBSET=x%2897152.10%2C97694.70%29&SUBSET=y%284747490.14%2C4748031.00%29	2026-08-01T00:00:00Z
weak-relief-wcs-v1-00985	wl-tile-v1-10373	wl-pos-pos-es-pba-20300	pos-es-pba-20300	1	positive	train	ES	Castro da Pallota	-8.849745172049857	42.977523692714904	-8.85288843,42.97522402,-8.84660191,42.97982337	22690.11,4774676.64,23238.57,4775223.39	512	Elevacion25830_5	https://servicios.idee.es/wcs-inspire/mdt	data/external/weak-label-relief-v1/train/positive/wl-tile-v1-10373-pos-es-pba-20300-mdt5.tif	downloaded	valid	110	109	4.986	5.016	EPSG:25830	1.000000	275.000	357.000	24460	1		https://servicios.idee.es/wcs-inspire/mdt?SERVICE=WCS&VERSION=2.0.1&REQUEST=GetCoverage&COVERAGEID=Elevacion25830_5&FORMAT=image%2Ftiff&SUBSET=x%2822690.11%2C23238.57%29&SUBSET=y%284774676.64%2C4775223.39%29	2026-08-01T00:00:00Z
weak-relief-wcs-v1-00986	wl-tile-v1-10650	wl-pos-pos-es-pba-27875	pos-es-pba-27875	1	positive	train	ES	Castro da Pallota	-7.402046550384821	43.01867935961123	-7.40519192,43.01637968,-7.39890118,43.02097904	141010.61,4772031.26,141550.14,4772569.04	512	Elevacion25830_5	https://servicios.idee.es/wcs-inspire/mdt	data/external/weak-label-relief-v1/train/positive/wl-tile-v1-10650-pos-es-pba-27875-mdt5.tif	downloaded	valid	108	108	4.996	4.979	EPSG:25830	1.000000	466.000	525.000	23808	1		https://servicios.idee.es/wcs-inspire/mdt?SERVICE=WCS&VERSION=2.0.1&REQUEST=GetCoverage&COVERAGEID=Elevacion25830_5&FORMAT=image%2Ftiff&SUBSET=x%28141010.61%2C141550.14%29&SUBSET=y%284772031.26%2C4772569.04%29	2026-08-01T00:00:00Z
weak-relief-wcs-v1-00987	wl-tile-v1-10556	wl-pos-pos-es-pba-26988	pos-es-pba-26988	1	positive	train	ES	Castro da Pena Grande	-7.901899264007731	42.733251160727804	-7.90503012,42.73095148,-7.89876841,42.73555084	98419.87,4742587.20,98962.33,4743127.92	512	Elevacion25830_5	https://servicios.idee.es/wcs-inspire/mdt	data/external/weak-label-relief-v1/train/positive/wl-tile-v1-10556-pos-es-pba-26988-mdt5.tif	downloaded	valid	108	108	5.023	5.007	EPSG:25830	1.000000	791.000	896.000	23808	1		https://servicios.idee.es/wcs-inspire/mdt?SERVICE=WCS&VERSION=2.0.1&REQUEST=GetCoverage&COVERAGEID=Elevacion25830_5&FORMAT=image%2Ftiff&SUBSET=x%2898419.87%2C98962.33%29&SUBSET=y%284742587.20%2C4743127.92%29	2026-08-01T00:00:00Z
weak-relief-wcs-v1-00988	wl-tile-v1-10540	wl-pos-pos-es-pba-38845	pos-es-pba-38845	1	positive	train	ES	Castro da Pena das Vellas	-7.183561177003899	43.276577982924486	-7.18671984,43.27427831,-7.18040251,43.27887766	160250.64,4799764.89,160788.94,4800301.45	512	Elevacion25830_5	https://servicios.idee.es/wcs-inspire/mdt	data/external/weak-label-relief-v1/train/positive/wl-tile-v1-10540-pos-es-pba-38845-mdt5.tif	downloaded	valid	108	107	4.984	5.015	EPSG:25830	1.000000	434.000	655.000	23592	1		https://servicios.idee.es/wcs-inspire/mdt?SERVICE=WCS&VERSION=2.0.1&REQUEST=GetCoverage&COVERAGEID=Elevacion25830_5&FORMAT=image%2Ftiff&SUBSET=x%28160250.64%2C160788.94%29&SUBSET=y%284799764.89%2C4800301.45%29	2026-08-01T00:00:00Z
weak-relief-wcs-v1-00989	wl-tile-v1-09877	wl-pos-pos-es-pba-11223	pos-es-pba-11223	1	positive	train	ES	Castro da Pena/O Petón	-8.576713561026166	43.18284946716882	-8.57986737,43.18054979,-8.57355975,43.18514914	46482.26,4795967.09,47029.15,4796512.27	512	Elevacion25830_5	https://servicios.idee.es/wcs-inspire/mdt	data/external/weak-label-relief-v1/train/positive/wl-tile-v1-09877-pos-es-pba-11223-mdt5.tif	downloaded	valid	109	109	5.017	5.002	EPSG:25830	1.000000	335.000	391.000	24242	1		https://servicios.idee.es/wcs-inspire/mdt?SERVICE=WCS&VERSION=2.0.1&REQUEST=GetCoverage&COVERAGEID=Elevacion25830_5&FORMAT=image%2Ftiff&SUBSET=x%2846482.26%2C47029.15%29&SUBSET=y%284795967.09%2C4796512.27%29	2026-08-01T00:00:00Z
weak-relief-wcs-v1-00990	wl-tile-v1-11136	wl-pos-pos-es-pba-52998	pos-es-pba-52998	1	positive	train	ES	Castro da Peneda de Cebre	-7.899199308748903	42.220856307533325	-7.90230463,42.21855663,-7.89609399,42.22315598	95346.68,4685660.79,95888.86,4686201.18	512	Elevacion25830_5	https://servicios.idee.es/wcs-inspire/mdt	data/external/weak-label-relief-v1/train/positive/wl-tile-v1-11136-pos-es-pba-52998-mdt5.tif	downloaded	valid	108	108	5.020	5.004	EPSG:25830	1.000000	488.000	563.000	23808	1		https://servicios.idee.es/wcs-inspire/mdt?SERVICE=WCS&VERSION=2.0.1&REQUEST=GetCoverage&COVERAGEID=Elevacion25830_5&FORMAT=image%2Ftiff&SUBSET=x%2895346.68%2C95888.86%29&SUBSET=y%284685660.79%2C4686201.18%29	2026-08-01T00:00:00Z
weak-relief-wcs-v1-00991	wl-tile-v1-11600	wl-pos-pos-es-pba-71332	pos-es-pba-71332	1	positive	train	ES	Castro da Peneda/Castrizán	-8.590509465968625	42.326818104362104	-8.59362001,42.32451843,-8.58739892,42.32911778	39042.11,4700950.33,39588.59,4701495.04	512	Elevacion25830_5	https://servicios.idee.es/wcs-inspire/mdt	data/external/weak-label-relief-v1/train/positive/wl-tile-v1-11600-pos-es-pba-71332-mdt5.tif	downloaded	valid	109	109	5.014	4.997	EPSG:25830	1.000000	180.000	325.000	24242	1		https://servicios.idee.es/wcs-inspire/mdt?SERVICE=WCS&VERSION=2.0.1&REQUEST=GetCoverage&COVERAGEID=Elevacion25830_5&FORMAT=image%2Ftiff&SUBSET=x%2839042.11%2C39588.59%29&SUBSET=y%284700950.33%2C4701495.04%29	2026-08-01T00:00:00Z
weak-relief-wcs-v1-00992	wl-tile-v1-10557	wl-pos-pos-es-pba-26989	pos-es-pba-26989	1	positive	train	ES	Castro da Penela	-7.944089304711731	42.79996454763356	-7.94722353,42.79766487,-7.94095508,42.80226422	95400.30,4750199.24,95943.06,4750740.26	512	Elevacion25830_5	https://servicios.idee.es/wcs-inspire/mdt	data/external/weak-label-relief-v1/train/positive/wl-tile-v1-10557-pos-es-pba-26989-mdt5.tif	downloaded	valid	109	108	4.979	5.009	EPSG:25830	1.000000	487.000	578.000	24024	1		https://servicios.idee.es/wcs-inspire/mdt?SERVICE=WCS&VERSION=2.0.1&REQUEST=GetCoverage&COVERAGEID=Elevacion25830_5&FORMAT=image%2Ftiff&SUBSET=x%2895400.30%2C95943.06%29&SUBSET=y%284750199.24%2C4750740.26%29	2026-08-01T00:00:00Z
weak-relief-wcs-v1-00993	wl-tile-v1-10765	wl-pos-pos-es-pba-31585	pos-es-pba-31585	1	positive	train	ES	Castro da Penela	-7.368055239584056	42.91169854143555	-7.37119514,42.90939886,-7.36491534,42.91399822	143162.43,4760004.02,143701.70,4760541.54	512	Elevacion25830_5	https://servicios.idee.es/wcs-inspire/mdt	data/external/weak-label-relief-v1/train/positive/wl-tile-v1-10765-pos-es-pba-31585-mdt5.tif	downloaded	valid	108	108	4.993	4.977	EPSG:25830	1.000000	477.000	579.000	23808	1		https://servicios.idee.es/wcs-inspire/mdt?SERVICE=WCS&VERSION=2.0.1&REQUEST=GetCoverage&COVERAGEID=Elevacion25830_5&FORMAT=image%2Ftiff&SUBSET=x%28143162.43%2C143701.70%29&SUBSET=y%284760004.02%2C4760541.54%29	2026-08-01T00:00:00Z
weak-relief-wcs-v1-00994	wl-tile-v1-11342	wl-pos-pos-es-pba-60249	pos-es-pba-60249	1	positive	train	ES	Castro da Plaza	-7.338562926783283	41.89882125039839	-7.34165254,41.89652157,-7.33547331,41.90112093	139815.00,4647383.63,140353.60,4647920.42	512	Elevacion25830_5	https://servicios.idee.es/wcs-inspire/mdt	data/external/weak-label-relief-v1/train/positive/wl-tile-v1-11342-pos-es-pba-60249-mdt5.tif	downloaded	valid	108	107	4.987	5.017	EPSG:25830	1.000000	626.000	700.000	23592	1		https://servicios.idee.es/wcs-inspire/mdt?SERVICE=WCS&VERSION=2.0.1&REQUEST=GetCoverage&COVERAGEID=Elevacion25830_5&FORMAT=image%2Ftiff&SUBSET=x%28139815.00%2C140353.60%29&SUBSET=y%284647383.63%2C4647920.42%29	2026-08-01T00:00:00Z
weak-relief-wcs-v1-00995	wl-tile-v1-10991	wl-pos-pos-es-pba-40973	pos-es-pba-40973	1	positive	train	ES	Castro da Portela	-7.291861093336963	42.4190748244412	-7.29497621,42.41677515,-7.28874597,42.42137450	146600.59,4704969.29,147139.15,4705506.07	512	Elevacion25830_5	https://servicios.idee.es/wcs-inspire/mdt	data/external/weak-label-relief-v1/train/positive/wl-tile-v1-10991-pos-es-pba-40973-mdt5.tif	downloaded	valid	108	107	4.987	5.017	EPSG:25830	1.000000	851.000	1083.000	23592	1		https://servicios.idee.es/wcs-inspire/mdt?SERVICE=WCS&VERSION=2.0.1&REQUEST=GetCoverage&COVERAGEID=Elevacion25830_5&FORMAT=image%2Ftiff&SUBSET=x%28146600.59%2C147139.15%29&SUBSET=y%284704969.29%2C4705506.07%29	2026-08-01T00:00:00Z
weak-relief-wcs-v1-00996	wl-tile-v1-10162	wl-pos-pos-es-pba-12435	pos-es-pba-12435	1	positive	train	ES	Castro da Pousada	-8.18132854587435	43.0699241856015	-8.18447654,43.06762451,-8.17818055,43.07222386	77846.34,4781353.55,78390.71,4781896.20	512	Elevacion25830_5	https://servicios.idee.es/wcs-inspire/mdt	data/external/weak-label-relief-v1/train/positive/wl-tile-v1-10162-pos-es-pba-12435-mdt5.tif	downloaded	valid	109	109	4.994	4.978	EPSG:25830	1.000000	344.000	410.000	24242	1		https://servicios.idee.es/wcs-inspire/mdt?SERVICE=WCS&VERSION=2.0.1&REQUEST=GetCoverage&COVERAGEID=Elevacion25830_5&FORMAT=image%2Ftiff&SUBSET=x%2877846.34%2C78390.71%29&SUBSET=y%284781353.55%2C4781896.20%29	2026-08-01T00:00:00Z
weak-relief-wcs-v1-00997	wl-tile-v1-10912	wl-pos-pos-es-pba-41930	pos-es-pba-41930	1	positive	train	ES	Castro da Pousada	-7.651227889829029	42.56821165006515	-7.65435045,42.56591197,-7.64810533,42.57051133	117935.84,4723092.94,118476.68,4723632.01	512	Elevacion25830_5	https://servicios.idee.es/wcs-inspire/mdt	data/external/weak-label-relief-v1/train/positive/wl-tile-v1-10912-pos-es-pba-41930-mdt5.tif	downloaded	valid	108	108	5.008	4.991	EPSG:25830	1.000000	588.000	643.000	23808	1		https://servicios.idee.es/wcs-inspire/mdt?SERVICE=WCS&VERSION=2.0.1&REQUEST=GetCoverage&COVERAGEID=Elevacion25830_5&FORMAT=image%2Ftiff&SUBSET=x%28117935.84%2C118476.68%29&SUBSET=y%284723092.94%2C4723632.01%29	2026-08-01T00:00:00Z
weak-relief-wcs-v1-00998	wl-tile-v1-11591	wl-pos-pos-es-pba-69678	pos-es-pba-69678	1	positive	train	ES	Castro da Raxeira/Monte do Castro	-8.604955103005917	42.43038897165705	-8.60807078,42.42808930,-8.60183942,42.43268865	38612.35,4712533.97,39158.97,4713078.84	512	Elevacion25830_5	https://servicios.idee.es/wcs-inspire/mdt	data/external/weak-label-relief-v1/train/positive/wl-tile-v1-11591-pos-es-pba-69678-mdt5.tif	downloaded	valid	109	109	5.015	4.999	EPSG:25830	1.000000	148.000	238.000	24242	1		https://servicios.idee.es/wcs-inspire/mdt?SERVICE=WCS&VERSION=2.0.1&REQUEST=GetCoverage&COVERAGEID=Elevacion25830_5&FORMAT=image%2Ftiff&SUBSET=x%2838612.35%2C39158.97%29&SUBSET=y%284712533.97%2C4713078.84%29	2026-08-01T00:00:00Z
weak-relief-wcs-v1-00999	wl-tile-v1-11132	wl-pos-pos-es-pba-50677	pos-es-pba-50677	1	positive	train	ES	Castro da Ribeira	-7.138494412784023	42.048688898919174	-7.14159130,42.04638922,-7.13539752,42.05098858	157221.38,4663206.76,157758.83,4663742.41	512	Elevacion25830_5	https://servicios.idee.es/wcs-inspire/mdt	data/external/weak-label-relief-v1/train/positive/wl-tile-v1-11132-pos-es-pba-50677-mdt5.tif	downloaded	valid	107	107	5.023	5.006	EPSG:25830	1.000000	803.000	908.000	23378	1		https://servicios.idee.es/wcs-inspire/mdt?SERVICE=WCS&VERSION=2.0.1&REQUEST=GetCoverage&COVERAGEID=Elevacion25830_5&FORMAT=image%2Ftiff&SUBSET=x%28157221.38%2C157758.83%29&SUBSET=y%284663206.76%2C4663742.41%29	2026-08-01T00:00:00Z
weak-relief-wcs-v1-01000	wl-tile-v1-09993	wl-pos-pos-es-pba-3509	pos-es-pba-3509	1	positive	train	ES	Castro da Ribeira/Castro de Nogareda	-8.664643141225199	43.160594863847706	-8.66779580,43.15829519,-8.66149048,43.16289454	39166.35,4793976.06,39713.77,4794521.77	512	Elevacion25830_5	https://servicios.idee.es/wcs-inspire/mdt	data/external/weak-label-relief-v1/train/positive/wl-tile-v1-09993-pos-es-pba-3509-mdt5.tif	downloaded	valid	109	109	5.022	5.007	EPSG:25830	1.000000	168.000	250.000	24242	1		https://servicios.idee.es/wcs-inspire/mdt?SERVICE=WCS&VERSION=2.0.1&REQUEST=GetCoverage&COVERAGEID=Elevacion25830_5&FORMAT=image%2Ftiff&SUBSET=x%2839166.35%2C39713.77%29&SUBSET=y%284793976.06%2C4794521.77%29	2026-08-01T00:00:00Z
