tile_id	sample_id	bank_id	label_class	label_role	final_split	country	name	municipality	parish	morphology_proxy	negative_type	feature_radius_m	dem_path	status	error	dem_core_mean	dem_context_mean	dem_prominence_m	slope_annulus_mean	slope_context_mean	slope_ratio	lrm_abs_annulus_mean	lrm_abs_context_mean	lrm_abs_ratio	lrm_core_mean	lrm_context_mean	lrm_core_delta	hillshade_edge_annulus_mean	hillshade_edge_context_mean	hillshade_edge_ratio	ring_sector_coverage	ring_sector_balance
wl-tile-v1-09842	wl-neg-neg-pt-dgpc-109485	neg-pt-dgpc-109485	0	hard_negative	train	PT	Abobeleira	Chaves	Vale de Anta		roman_built_context	120.0	data/external/weak-label-relief-v1/train/negative/wl-tile-v1-09842-neg-pt-dgpc-109485-mdt5.tif	failed	manifest_dem_status:unsupported_country																	
wl-tile-v1-09671	wl-neg-neg-pt-dgpc-113998	neg-pt-dgpc-113998	0	hard_negative	train	PT	Albergaria de Amarante	Amarante	Amarante (São Gonçalo), Madalena, Cepelos e Gatão		necropolis_or_burial	120.0	data/external/weak-label-relief-v1/train/negative/wl-tile-v1-09671-neg-pt-dgpc-113998-mdt5.tif	failed	manifest_dem_status:unsupported_country																	
wl-tile-v1-09786	wl-neg-neg-pt-dgpc-112388	neg-pt-dgpc-112388	0	hard_negative	train	PT	Almas 1	Paredes de Coura	Insalde e Porreiras		rock_art_surface	120.0	data/external/weak-label-relief-v1/train/negative/wl-tile-v1-09786-neg-pt-dgpc-112388-mdt5.tif	failed	manifest_dem_status:unsupported_country																	
wl-tile-v1-09787	wl-neg-neg-pt-dgpc-112389	neg-pt-dgpc-112389	0	hard_negative	train	PT	Almas 2	Paredes de Coura	Insalde e Porreiras		rock_art_surface	120.0	data/external/weak-label-relief-v1/train/negative/wl-tile-v1-09787-neg-pt-dgpc-112389-mdt5.tif	failed	manifest_dem_status:unsupported_country																	
wl-tile-v1-09789	wl-neg-neg-pt-dgpc-112391	neg-pt-dgpc-112391	0	hard_negative	train	PT	Almas 3	Paredes de Coura	Insalde e Porreiras		megalithic_mound	120.0	data/external/weak-label-relief-v1/train/negative/wl-tile-v1-09789-neg-pt-dgpc-112391-mdt5.tif	failed	manifest_dem_status:unsupported_country																	
wl-tile-v1-09860	wl-neg-neg-pt-dgpc-110210	neg-pt-dgpc-110210	0	hard_negative	train	PT	Alto da Raia	Montalegre	Tourém		roman_built_context	120.0	data/external/weak-label-relief-v1/train/negative/wl-tile-v1-09860-neg-pt-dgpc-110210-mdt5.tif	failed	manifest_dem_status:unsupported_country																	
wl-tile-v1-09839	wl-neg-neg-pt-dgpc-109328	neg-pt-dgpc-109328	0	hard_negative	train	PT	Alto do Circo/ Faiões	Chaves	Faiões		roman_built_context	120.0	data/external/weak-label-relief-v1/train/negative/wl-tile-v1-09839-neg-pt-dgpc-109328-mdt5.tif	failed	manifest_dem_status:unsupported_country																	
wl-tile-v1-09665	wl-neg-neg-pt-dgpc-105104	neg-pt-dgpc-105104	0	hard_negative	train	PT	Amarante - Calçada da Misericórdia	Amarante	Amarante (São Gonçalo), Madalena, Cepelos e Gatão		necropolis_or_burial;roman_built_context	120.0	data/external/weak-label-relief-v1/train/negative/wl-tile-v1-09665-neg-pt-dgpc-105104-mdt5.tif	failed	manifest_dem_status:unsupported_country																	
wl-tile-v1-09673	wl-neg-neg-pt-dgpc-114810	neg-pt-dgpc-114810	0	hard_negative	train	PT	Amarante - Ponte de Santa Luzia	Amarante	Amarante (São Gonçalo), Madalena, Cepelos e Gatão		roman_built_context	120.0	data/external/weak-label-relief-v1/train/negative/wl-tile-v1-09673-neg-pt-dgpc-114810-mdt5.tif	failed	manifest_dem_status:unsupported_country																	
wl-tile-v1-09533	wl-neg-neg-pt-dgpc-109231	neg-pt-dgpc-109231	0	hard_negative	train	PT	Anjo da Guarda São Miguel-o-Anjo	Amares	Ferreiros, Prozelo e Besteiros		roman_built_context	120.0	data/external/weak-label-relief-v1/train/negative/wl-tile-v1-09533-neg-pt-dgpc-109231-mdt5.tif	failed	manifest_dem_status:unsupported_country																	
wl-tile-v1-09859	wl-neg-neg-pt-dgpc-109575	neg-pt-dgpc-109575	0	hard_negative	train	PT	Antigo de Arcos/ Arcos-Miliário do Imperador Tibério	Montalegre	Cervos		roman_built_context	120.0	data/external/weak-label-relief-v1/train/negative/wl-tile-v1-09859-neg-pt-dgpc-109575-mdt5.tif	failed	manifest_dem_status:unsupported_country																	
wl-tile-v1-09626	wl-neg-neg-pt-dgpc-109367	neg-pt-dgpc-109367	0	hard_negative	train	PT	Arca	Vila Verde	Turiz		roman_built_context	120.0	data/external/weak-label-relief-v1/train/negative/wl-tile-v1-09626-neg-pt-dgpc-109367-mdt5.tif	failed	manifest_dem_status:unsupported_country																	
wl-tile-v1-09702	wl-neg-neg-pt-dgpc-104969	neg-pt-dgpc-104969	0	hard_negative	train	PT	Arcos	Maia	São Pedro Fins		megalithic_mound	120.0	data/external/weak-label-relief-v1/train/negative/wl-tile-v1-09702-neg-pt-dgpc-104969-mdt5.tif	failed	manifest_dem_status:unsupported_country																	
wl-tile-v1-09704	wl-neg-neg-pt-dgpc-106058	neg-pt-dgpc-106058	0	hard_negative	train	PT	Ardegães/ Bouça da Cova da Moura	Maia	Águas Santas		rock_art_surface	120.0	data/external/weak-label-relief-v1/train/negative/wl-tile-v1-09704-neg-pt-dgpc-106058-mdt5.tif	failed	manifest_dem_status:unsupported_country																	
wl-tile-v1-09595	wl-neg-neg-pt-dgpc-114655	neg-pt-dgpc-114655	0	hard_negative	train	PT	Assento	Terras de Bouro	Balança		necropolis_or_burial	120.0	data/external/weak-label-relief-v1/train/negative/wl-tile-v1-09595-neg-pt-dgpc-114655-mdt5.tif	failed	manifest_dem_status:unsupported_country																	
wl-tile-v1-09621	wl-neg-neg-pt-dgpc-107051	neg-pt-dgpc-107051	0	hard_negative	train	PT	Atalaia do Telhado	Vila Nova de Famalicão	Vermoim		historic_fortification	120.0	data/external/weak-label-relief-v1/train/negative/wl-tile-v1-09621-neg-pt-dgpc-107051-mdt5.tif	failed	manifest_dem_status:unsupported_country																	
wl-tile-v1-09664	wl-neg-neg-pt-dgpc-105070	neg-pt-dgpc-105070	0	hard_negative	train	PT	Ataúdes	Amarante	Amarante (São Gonçalo), Madalena, Cepelos e Gatão		necropolis_or_burial;roman_built_context	120.0	data/external/weak-label-relief-v1/train/negative/wl-tile-v1-09664-neg-pt-dgpc-105070-mdt5.tif	failed	manifest_dem_status:unsupported_country																	
wl-tile-v1-09809	wl-neg-neg-pt-dgpc-110401	neg-pt-dgpc-110401	0	hard_negative	train	PT	Barreira	Valença	Verdoejo		rock_art_surface	120.0	data/external/weak-label-relief-v1/train/negative/wl-tile-v1-09809-neg-pt-dgpc-110401-mdt5.tif	failed	manifest_dem_status:unsupported_country																	
wl-tile-v1-09774	wl-neg-neg-pt-dgpc-108421	neg-pt-dgpc-108421	0	hard_negative	train	PT	Borzendes 2	Paredes de Coura	Cossourado e Linhares		megalithic_mound	120.0	data/external/weak-label-relief-v1/train/negative/wl-tile-v1-09774-neg-pt-dgpc-108421-mdt5.tif	failed	manifest_dem_status:unsupported_country																	
wl-tile-v1-09675	wl-neg-neg-pt-dgpc-106379	neg-pt-dgpc-106379	0	hard_negative	train	PT	Bouça Chã	Felgueiras	Vila Cova da Lixa e Borba de Godim		necropolis_or_burial;roman_built_context	120.0	data/external/weak-label-relief-v1/train/negative/wl-tile-v1-09675-neg-pt-dgpc-106379-mdt5.tif	failed	manifest_dem_status:unsupported_country																	
wl-tile-v1-09542	wl-neg-neg-pt-dgpc-112403	neg-pt-dgpc-112403	0	hard_negative	train	PT	Bouça da Giesta	Barcelos	Quintiães e Aguiar		necropolis_or_burial	120.0	data/external/weak-label-relief-v1/train/negative/wl-tile-v1-09542-neg-pt-dgpc-112403-mdt5.tif	failed	manifest_dem_status:unsupported_country																	
wl-tile-v1-09589	wl-neg-neg-pt-dgpc-107094	neg-pt-dgpc-107094	0	hard_negative	train	PT	Bouça de Mosqueiros	Celorico de Basto	Britelo, Gémeos e Ourilhe		roman_built_context	120.0	data/external/weak-label-relief-v1/train/negative/wl-tile-v1-09589-neg-pt-dgpc-107094-mdt5.tif	failed	manifest_dem_status:unsupported_country																	
wl-tile-v1-09532	wl-neg-neg-pt-dgpc-109017	neg-pt-dgpc-109017	0	hard_negative	train	PT	Bouças Velhas	Amares	Bouro (Santa Marta)		roman_built_context	120.0	data/external/weak-label-relief-v1/train/negative/wl-tile-v1-09532-neg-pt-dgpc-109017-mdt5.tif	failed	manifest_dem_status:unsupported_country																	
wl-tile-v1-09573	wl-neg-neg-pt-dgpc-111201	neg-pt-dgpc-111201	0	hard_negative	train	PT	Braga - Avenida da Imaculada Conceição (Nova Loja Lidl)	Braga	Braga (Maximinos, Sé e Cividade)		necropolis_or_burial;roman_built_context	120.0	data/external/weak-label-relief-v1/train/negative/wl-tile-v1-09573-neg-pt-dgpc-111201-mdt5.tif	failed	manifest_dem_status:unsupported_country																	
wl-tile-v1-09563	wl-neg-neg-pt-dgpc-107560	neg-pt-dgpc-107560	0	hard_negative	train	PT	Braga - Avenida da Liberdade, 745	Braga	Braga (São José de São Lázaro e São João do Souto)		necropolis_or_burial;roman_built_context	120.0	data/external/weak-label-relief-v1/train/negative/wl-tile-v1-09563-neg-pt-dgpc-107560-mdt5.tif	failed	manifest_dem_status:unsupported_country																	
wl-tile-v1-09553	wl-neg-neg-pt-dgpc-107535	neg-pt-dgpc-107535	0	hard_negative	train	PT	Braga - Avenida da Liberdade/Quarteirão dos C.T.T.	Braga	Braga (São José de São Lázaro e São João do Souto)		roman_built_context	120.0	data/external/weak-label-relief-v1/train/negative/wl-tile-v1-09553-neg-pt-dgpc-107535-mdt5.tif	failed	manifest_dem_status:unsupported_country																	
wl-tile-v1-09558	wl-neg-neg-pt-dgpc-107545	neg-pt-dgpc-107545	0	hard_negative	train	PT	Braga - Carvalheiras	Braga	Braga (Maximinos, Sé e Cividade)		roman_built_context	120.0	data/external/weak-label-relief-v1/train/negative/wl-tile-v1-09558-neg-pt-dgpc-107545-mdt5.tif	failed	manifest_dem_status:unsupported_country																	
wl-tile-v1-09575	wl-neg-neg-pt-dgpc-111296	neg-pt-dgpc-111296	0	hard_negative	train	PT	Braga - Instituto Monsenhor Airosa	Braga	Braga (Maximinos, Sé e Cividade)		roman_built_context	120.0	data/external/weak-label-relief-v1/train/negative/wl-tile-v1-09575-neg-pt-dgpc-111296-mdt5.tif	failed	manifest_dem_status:unsupported_country																	
wl-tile-v1-09579	wl-neg-neg-pt-dgpc-112197	neg-pt-dgpc-112197	0	hard_negative	train	PT	Braga - Largo da Senhora-a-Branca, 126-128	Braga	Braga (São José de São Lázaro e São João do Souto)		necropolis_or_burial;roman_built_context	120.0	data/external/weak-label-relief-v1/train/negative/wl-tile-v1-09579-neg-pt-dgpc-112197-mdt5.tif	failed	manifest_dem_status:unsupported_country																	
wl-tile-v1-09565	wl-neg-neg-pt-dgpc-107572	neg-pt-dgpc-107572	0	hard_negative	train	PT	Braga - Largo do Paço	Braga	Braga (São José de São Lázaro e São João do Souto)		roman_built_context	120.0	data/external/weak-label-relief-v1/train/negative/wl-tile-v1-09565-neg-pt-dgpc-107572-mdt5.tif	failed	manifest_dem_status:unsupported_country																	
wl-tile-v1-09560	wl-neg-neg-pt-dgpc-107553	neg-pt-dgpc-107553	0	hard_negative	train	PT	Braga - Praça Conde São Joaquim, 21-23	Braga	Braga (Maximinos, Sé e Cividade)		roman_built_context	120.0	data/external/weak-label-relief-v1/train/negative/wl-tile-v1-09560-neg-pt-dgpc-107553-mdt5.tif	failed	manifest_dem_status:unsupported_country																	
wl-tile-v1-09554	wl-neg-neg-pt-dgpc-107536	neg-pt-dgpc-107536	0	hard_negative	train	PT	Braga - Praça Jerónimo Pimentel, 36-37	Braga	Braga (Maximinos, Sé e Cividade)		roman_built_context	120.0	data/external/weak-label-relief-v1/train/negative/wl-tile-v1-09554-neg-pt-dgpc-107536-mdt5.tif	failed	manifest_dem_status:unsupported_country																	
wl-tile-v1-09577	wl-neg-neg-pt-dgpc-111331	neg-pt-dgpc-111331	0	hard_negative	train	PT	Braga - Praça de República, 1	Braga	Braga (São José de São Lázaro e São João do Souto)		historic_fortification;roman_built_context	120.0	data/external/weak-label-relief-v1/train/negative/wl-tile-v1-09577-neg-pt-dgpc-111331-mdt5.tif	failed	manifest_dem_status:unsupported_country																	
wl-tile-v1-09581	wl-neg-neg-pt-dgpc-112560	neg-pt-dgpc-112560	0	hard_negative	train	PT	Braga - Rua 25 de Abril	Braga	Braga (São José de São Lázaro e São João do Souto)		necropolis_or_burial;roman_built_context	120.0	data/external/weak-label-relief-v1/train/negative/wl-tile-v1-09581-neg-pt-dgpc-112560-mdt5.tif	failed	manifest_dem_status:unsupported_country																	
wl-tile-v1-09584	wl-neg-neg-pt-dgpc-114040	neg-pt-dgpc-114040	0	hard_negative	train	PT	Braga - Rua Alferes Alfredo Ferreira, 75-77	Braga	Braga (São José de São Lázaro e São João do Souto)		necropolis_or_burial	120.0	data/external/weak-label-relief-v1/train/negative/wl-tile-v1-09584-neg-pt-dgpc-114040-mdt5.tif	failed	manifest_dem_status:unsupported_country																	
wl-tile-v1-09557	wl-neg-neg-pt-dgpc-107544	neg-pt-dgpc-107544	0	hard_negative	train	PT	Braga - Rua Cruz de Pedra, 103-109	Braga	Braga (Maximinos, Sé e Cividade)		roman_built_context	120.0	data/external/weak-label-relief-v1/train/negative/wl-tile-v1-09557-neg-pt-dgpc-107544-mdt5.tif	failed	manifest_dem_status:unsupported_country																	
wl-tile-v1-09550	wl-neg-neg-pt-dgpc-107528	neg-pt-dgpc-107528	0	hard_negative	train	PT	Braga - Rua Cruz de Pedra, 108-118	Braga	Braga (Maximinos, Sé e Cividade)		roman_built_context	120.0	data/external/weak-label-relief-v1/train/negative/wl-tile-v1-09550-neg-pt-dgpc-107528-mdt5.tif	failed	manifest_dem_status:unsupported_country																	
wl-tile-v1-09571	wl-neg-neg-pt-dgpc-111021	neg-pt-dgpc-111021	0	hard_negative	train	PT	Braga - Rua Cruz de Pedra, 91-93	Braga	Braga (Maximinos, Sé e Cividade)		roman_built_context	120.0	data/external/weak-label-relief-v1/train/negative/wl-tile-v1-09571-neg-pt-dgpc-111021-mdt5.tif	failed	manifest_dem_status:unsupported_country																	
wl-tile-v1-09574	wl-neg-neg-pt-dgpc-111203	neg-pt-dgpc-111203	0	hard_negative	train	PT	Braga - Rua D. Diogo de Sousa, 102-118	Braga	Braga (Maximinos, Sé e Cividade)		roman_built_context	120.0	data/external/weak-label-relief-v1/train/negative/wl-tile-v1-09574-neg-pt-dgpc-111203-mdt5.tif	failed	manifest_dem_status:unsupported_country																	
wl-tile-v1-09569	wl-neg-neg-pt-dgpc-110813	neg-pt-dgpc-110813	0	hard_negative	train	PT	Braga - Rua Direita, 25-29	Braga	Braga (Maximinos, Sé e Cividade)		roman_built_context	120.0	data/external/weak-label-relief-v1/train/negative/wl-tile-v1-09569-neg-pt-dgpc-110813-mdt5.tif	failed	manifest_dem_status:unsupported_country																	
wl-tile-v1-09559	wl-neg-neg-pt-dgpc-107550	neg-pt-dgpc-107550	0	hard_negative	train	PT	Braga - Rua Dom Afonso Henriques	Braga	Braga (Maximinos, Sé e Cividade)		roman_built_context	120.0	data/external/weak-label-relief-v1/train/negative/wl-tile-v1-09559-neg-pt-dgpc-107550-mdt5.tif	failed	manifest_dem_status:unsupported_country																	
wl-tile-v1-09586	wl-neg-neg-pt-dgpc-114702	neg-pt-dgpc-114702	0	hard_negative	train	PT	Braga - Rua Dr. Manuel Vieira Matos, Lote 10	Braga	Braga (São Victor)		roman_built_context	120.0	data/external/weak-label-relief-v1/train/negative/wl-tile-v1-09586-neg-pt-dgpc-114702-mdt5.tif	failed	manifest_dem_status:unsupported_country																	
wl-tile-v1-09556	wl-neg-neg-pt-dgpc-107538	neg-pt-dgpc-107538	0	hard_negative	train	PT	Braga - Rua Frei Caetano Brandão, 129	Braga	Braga (Maximinos, Sé e Cividade)		roman_built_context	120.0	data/external/weak-label-relief-v1/train/negative/wl-tile-v1-09556-neg-pt-dgpc-107538-mdt5.tif	failed	manifest_dem_status:unsupported_country																	
wl-tile-v1-09555	wl-neg-neg-pt-dgpc-107537	neg-pt-dgpc-107537	0	hard_negative	train	PT	Braga - Rua Frei Caetano Brandão, 183-185	Braga	Braga (Maximinos, Sé e Cividade)		roman_built_context	120.0	data/external/weak-label-relief-v1/train/negative/wl-tile-v1-09555-neg-pt-dgpc-107537-mdt5.tif	failed	manifest_dem_status:unsupported_country																	
wl-tile-v1-09578	wl-neg-neg-pt-dgpc-111408	neg-pt-dgpc-111408	0	hard_negative	train	PT	Braga - Rua Pêro Magalhães Gondavo, 62	Braga	Braga (Maximinos, Sé e Cividade)		roman_built_context	120.0	data/external/weak-label-relief-v1/train/negative/wl-tile-v1-09578-neg-pt-dgpc-111408-mdt5.tif	failed	manifest_dem_status:unsupported_country																	
wl-tile-v1-09570	wl-neg-neg-pt-dgpc-110818	neg-pt-dgpc-110818	0	hard_negative	train	PT	Braga - Rua Sá de Miranda, 375	Braga	Braga (Maximinos, Sé e Cividade)		roman_built_context	120.0	data/external/weak-label-relief-v1/train/negative/wl-tile-v1-09570-neg-pt-dgpc-110818-mdt5.tif	failed	manifest_dem_status:unsupported_country																	
wl-tile-v1-09587	wl-neg-neg-pt-dgpc-114712	neg-pt-dgpc-114712	0	hard_negative	train	PT	Braga - Rua São Geraldo, 77	Braga	Braga (Maximinos, Sé e Cividade)		roman_built_context	120.0	data/external/weak-label-relief-v1/train/negative/wl-tile-v1-09587-neg-pt-dgpc-114712-mdt5.tif	failed	manifest_dem_status:unsupported_country																	
wl-tile-v1-09562	wl-neg-neg-pt-dgpc-107556	neg-pt-dgpc-107556	0	hard_negative	train	PT	Braga - Rua Visconde Pindela, 1 e 3	Braga	Braga (Maximinos, Sé e Cividade)		roman_built_context	120.0	data/external/weak-label-relief-v1/train/negative/wl-tile-v1-09562-neg-pt-dgpc-107556-mdt5.tif	failed	manifest_dem_status:unsupported_country																	
wl-tile-v1-09564	wl-neg-neg-pt-dgpc-107567	neg-pt-dgpc-107567	0	hard_negative	train	PT	Braga - Rua de Dom Paio Mendes, 67-75	Braga	Braga (Maximinos, Sé e Cividade)		roman_built_context	120.0	data/external/weak-label-relief-v1/train/negative/wl-tile-v1-09564-neg-pt-dgpc-107567-mdt5.tif	failed	manifest_dem_status:unsupported_country																	
wl-tile-v1-09549	wl-neg-neg-pt-dgpc-107525	neg-pt-dgpc-107525	0	hard_negative	train	PT	Braga - Rua de São Geraldo, 34	Braga	Braga (Maximinos, Sé e Cividade)		roman_built_context	120.0	data/external/weak-label-relief-v1/train/negative/wl-tile-v1-09549-neg-pt-dgpc-107525-mdt5.tif	failed	manifest_dem_status:unsupported_country																	
wl-tile-v1-09548	wl-neg-neg-pt-dgpc-107517	neg-pt-dgpc-107517	0	hard_negative	train	PT	Braga - Rua de São Geraldo, 69 (Creche da Santa Misericórdia)	Braga	Braga (Maximinos, Sé e Cividade)		roman_built_context	120.0	data/external/weak-label-relief-v1/train/negative/wl-tile-v1-09548-neg-pt-dgpc-107517-mdt5.tif	failed	manifest_dem_status:unsupported_country																	
wl-tile-v1-09551	wl-neg-neg-pt-dgpc-107533	neg-pt-dgpc-107533	0	hard_negative	train	PT	Braga - Rua de São Geraldo, Logradouro do Edificio 27-31	Braga	Braga (São José de São Lázaro e São João do Souto)		roman_built_context	120.0	data/external/weak-label-relief-v1/train/negative/wl-tile-v1-09551-neg-pt-dgpc-107533-mdt5.tif	failed	manifest_dem_status:unsupported_country																	
wl-tile-v1-09576	wl-neg-neg-pt-dgpc-111300	neg-pt-dgpc-111300	0	hard_negative	train	PT	Braga - Rua do Alcaide, 18-20	Braga	Braga (Maximinos, Sé e Cividade)		roman_built_context	120.0	data/external/weak-label-relief-v1/train/negative/wl-tile-v1-09576-neg-pt-dgpc-111300-mdt5.tif	failed	manifest_dem_status:unsupported_country																	
wl-tile-v1-09585	wl-neg-neg-pt-dgpc-114647	neg-pt-dgpc-114647	0	hard_negative	train	PT	Braga - Rua do Carvalhal, 75-77	Braga	Braga (São José de São Lázaro e São João do Souto)		roman_built_context	120.0	data/external/weak-label-relief-v1/train/negative/wl-tile-v1-09585-neg-pt-dgpc-114647-mdt5.tif	failed	manifest_dem_status:unsupported_country																	
wl-tile-v1-09580	wl-neg-neg-pt-dgpc-112226	neg-pt-dgpc-112226	0	hard_negative	train	PT	Braga - Rua do Raio, 33	Braga	Braga (São José de São Lázaro e São João do Souto)		necropolis_or_burial;roman_built_context	120.0	data/external/weak-label-relief-v1/train/negative/wl-tile-v1-09580-neg-pt-dgpc-112226-mdt5.tif	failed	manifest_dem_status:unsupported_country																	
wl-tile-v1-09566	wl-neg-neg-pt-dgpc-107574	neg-pt-dgpc-107574	0	hard_negative	train	PT	Braga - Rua do Souto, 111-119	Braga	Braga (São José de São Lázaro e São João do Souto)		necropolis_or_burial;roman_built_context	120.0	data/external/weak-label-relief-v1/train/negative/wl-tile-v1-09566-neg-pt-dgpc-107574-mdt5.tif	failed	manifest_dem_status:unsupported_country																	
wl-tile-v1-09582	wl-neg-neg-pt-dgpc-112734	neg-pt-dgpc-112734	0	hard_negative	train	PT	Braga - Rua do Souto, 5-11	Braga	Braga (São José de São Lázaro e São João do Souto)		roman_built_context	120.0	data/external/weak-label-relief-v1/train/negative/wl-tile-v1-09582-neg-pt-dgpc-112734-mdt5.tif	failed	manifest_dem_status:unsupported_country																	
wl-tile-v1-09572	wl-neg-neg-pt-dgpc-111064	neg-pt-dgpc-111064	0	hard_negative	train	PT	Braga - Rua dos Biscaínhos, 89-105	Braga	Braga (Maximinos, Sé e Cividade)		roman_built_context	120.0	data/external/weak-label-relief-v1/train/negative/wl-tile-v1-09572-neg-pt-dgpc-111064-mdt5.tif	failed	manifest_dem_status:unsupported_country																	
wl-tile-v1-09552	wl-neg-neg-pt-dgpc-107534	neg-pt-dgpc-107534	0	hard_negative	train	PT	Braga - Santo António das Travessas, 20-26	Braga	Braga (Maximinos, Sé e Cividade)		roman_built_context	120.0	data/external/weak-label-relief-v1/train/negative/wl-tile-v1-09552-neg-pt-dgpc-107534-mdt5.tif	failed	manifest_dem_status:unsupported_country																	
wl-tile-v1-09561	wl-neg-neg-pt-dgpc-107554	neg-pt-dgpc-107554	0	hard_negative	train	PT	Braga - Seminário Conciliar de Santiago/ Seminário Conciliar de São Pedro e São Paulo	Braga	Braga (Maximinos, Sé e Cividade)		roman_built_context	120.0	data/external/weak-label-relief-v1/train/negative/wl-tile-v1-09561-neg-pt-dgpc-107554-mdt5.tif	failed	manifest_dem_status:unsupported_country																	
wl-tile-v1-09711	wl-neg-neg-pt-dgpc-106154	neg-pt-dgpc-106154	0	hard_negative	train	PT	Brio	Matosinhos	Perafita, Lavra e Santa Cruz do Bispo		megalithic_mound	120.0	data/external/weak-label-relief-v1/train/negative/wl-tile-v1-09711-neg-pt-dgpc-106154-mdt5.tif	failed	manifest_dem_status:unsupported_country																	
wl-tile-v1-09776	wl-neg-neg-pt-dgpc-108430	neg-pt-dgpc-108430	0	hard_negative	train	PT	Cabeceiras	Paredes de Coura	Cossourado e Linhares		roman_built_context	120.0	data/external/weak-label-relief-v1/train/negative/wl-tile-v1-09776-neg-pt-dgpc-108430-mdt5.tif	failed	manifest_dem_status:unsupported_country																	
wl-tile-v1-09647	wl-neg-neg-pt-dgpc-106924	neg-pt-dgpc-106924	0	hard_negative	train	PT	Caldas de Vizela	Vizela	Caldas de Vizela (São Miguel e São João)		roman_built_context	120.0	data/external/weak-label-relief-v1/train/negative/wl-tile-v1-09647-neg-pt-dgpc-106924-mdt5.tif	failed	manifest_dem_status:unsupported_country																	
wl-tile-v1-09858	wl-neg-neg-pt-dgpc-111443	neg-pt-dgpc-111443	0	hard_negative	train	PT	Calçada de Covelo	Mondim de Basto	Atei		roman_built_context	120.0	data/external/weak-label-relief-v1/train/negative/wl-tile-v1-09858-neg-pt-dgpc-111443-mdt5.tif	failed	manifest_dem_status:unsupported_country																	
wl-tile-v1-09692	wl-neg-neg-pt-dgpc-111221	neg-pt-dgpc-111221	0	hard_negative	train	PT	Calçada de Requeixos	Lousada	Lustosa e Barrosas (Santo Estêvão)		roman_built_context	120.0	data/external/weak-label-relief-v1/train/negative/wl-tile-v1-09692-neg-pt-dgpc-111221-mdt5.tif	failed	manifest_dem_status:unsupported_country																	
wl-tile-v1-09740	wl-neg-neg-pt-dgpc-108241	neg-pt-dgpc-108241	0	hard_negative	train	PT	Caminha	Caminha	Caminha (Matriz) e Vilarelho		roman_built_context	120.0	data/external/weak-label-relief-v1/train/negative/wl-tile-v1-09740-neg-pt-dgpc-108241-mdt5.tif	failed	manifest_dem_status:unsupported_country																	
wl-tile-v1-09739	wl-neg-neg-pt-dgpc-108236	neg-pt-dgpc-108236	0	hard_negative	train	PT	Caminha - Rua da Corredoura (via pública)	Caminha	Caminha (Matriz) e Vilarelho		roman_built_context	120.0	data/external/weak-label-relief-v1/train/negative/wl-tile-v1-09739-neg-pt-dgpc-108236-mdt5.tif	failed	manifest_dem_status:unsupported_country																	
wl-tile-v1-09654	wl-neg-neg-pt-dgpc-105820	neg-pt-dgpc-105820	0	hard_negative	train	PT	Canelas	Torre de Moncorvo	Açoreira		roman_built_context	120.0	data/external/weak-label-relief-v1/train/negative/wl-tile-v1-09654-neg-pt-dgpc-105820-mdt5.tif	failed	manifest_dem_status:unsupported_country																	
wl-tile-v1-09537	wl-neg-neg-pt-dgpc-107769	neg-pt-dgpc-107769	0	hard_negative	train	PT	Carapeços 1	Barcelos	Carapeços		roman_built_context	120.0	data/external/weak-label-relief-v1/train/negative/wl-tile-v1-09537-neg-pt-dgpc-107769-mdt5.tif	failed	manifest_dem_status:unsupported_country																	
wl-tile-v1-09545	wl-neg-neg-pt-dgpc-113936	neg-pt-dgpc-113936	0	hard_negative	train	PT	Carapeços 3	Barcelos	Carapeços		megalithic_mound	120.0	data/external/weak-label-relief-v1/train/negative/wl-tile-v1-09545-neg-pt-dgpc-113936-mdt5.tif	failed	manifest_dem_status:unsupported_country																	
wl-tile-v1-09856	wl-neg-neg-pt-dgpc-111190	neg-pt-dgpc-111190	0	hard_negative	train	PT	Carrapatas	Mondim de Basto	Ermelo e Pardelhas		rock_art_surface	120.0	data/external/weak-label-relief-v1/train/negative/wl-tile-v1-09856-neg-pt-dgpc-111190-mdt5.tif	failed	manifest_dem_status:unsupported_country																	
wl-tile-v1-09841	wl-neg-neg-pt-dgpc-109436	neg-pt-dgpc-109436	0	hard_negative	train	PT	Carreira da Pedra	Chaves	Faiões		megalithic_mound	120.0	data/external/weak-label-relief-v1/train/negative/wl-tile-v1-09841-neg-pt-dgpc-109436-mdt5.tif	failed	manifest_dem_status:unsupported_country																	
wl-tile-v1-09693	wl-neg-neg-pt-dgpc-111250	neg-pt-dgpc-111250	0	hard_negative	train	PT	Casal de São Mamede	Lousada	Lustosa e Barrosas (Santo Estêvão)		roman_built_context	120.0	data/external/weak-label-relief-v1/train/negative/wl-tile-v1-09693-neg-pt-dgpc-111250-mdt5.tif	failed	manifest_dem_status:unsupported_country																	
wl-tile-v1-09592	wl-neg-neg-pt-dgpc-111409	neg-pt-dgpc-111409	0	hard_negative	train	PT	Casal do Eido	Celorico de Basto	Veade, Gagos e Molares		roman_built_context	120.0	data/external/weak-label-relief-v1/train/negative/wl-tile-v1-09592-neg-pt-dgpc-111409-mdt5.tif	failed	manifest_dem_status:unsupported_country																	
wl-tile-v1-09536	wl-neg-neg-pt-dgpc-107765	neg-pt-dgpc-107765	0	hard_negative	train	PT	Casal do Monte	Barcelos	Roriz		roman_built_context	120.0	data/external/weak-label-relief-v1/train/negative/wl-tile-v1-09536-neg-pt-dgpc-107765-mdt5.tif	failed	manifest_dem_status:unsupported_country																	
wl-tile-v1-09826	wl-neg-neg-pt-dgpc-106253	neg-pt-dgpc-106253	0	hard_negative	train	PT	Castelo de Vale de Mir/ Castelo de Trás	Alijó	Pegarinhos		roman_built_context	120.0	data/external/weak-label-relief-v1/train/negative/wl-tile-v1-09826-neg-pt-dgpc-106253-mdt5.tif	failed	manifest_dem_status:unsupported_country																	
wl-tile-v1-09862	wl-neg-neg-pt-dgpc-105965	neg-pt-dgpc-105965	0	hard_negative	train	PT	Cemitério Mouro/Galafura	Peso da Régua	Galafura e Covelinhas		necropolis_or_burial	120.0	data/external/weak-label-relief-v1/train/negative/wl-tile-v1-09862-neg-pt-dgpc-105965-mdt5.tif	failed	manifest_dem_status:unsupported_country																	
wl-tile-v1-09825	wl-neg-neg-pt-dgpc-106162	neg-pt-dgpc-106162	0	hard_negative	train	PT	Cerca	Alijó	Castedo e Cotas		roman_built_context	120.0	data/external/weak-label-relief-v1/train/negative/wl-tile-v1-09825-neg-pt-dgpc-106162-mdt5.tif	failed	manifest_dem_status:unsupported_country																	
wl-tile-v1-09831	wl-neg-neg-pt-dgpc-109068	neg-pt-dgpc-109068	0	hard_negative	train	PT	Chaves - Balneário das Caldas	Chaves	Santa Maria Maior		roman_built_context	120.0	data/external/weak-label-relief-v1/train/negative/wl-tile-v1-09831-neg-pt-dgpc-109068-mdt5.tif	failed	manifest_dem_status:unsupported_country																	
wl-tile-v1-09847	wl-neg-neg-pt-dgpc-110188	neg-pt-dgpc-110188	0	hard_negative	train	PT	Chaves - Canto do Rio	Chaves	Madalena e Samaiões		necropolis_or_burial	120.0	data/external/weak-label-relief-v1/train/negative/wl-tile-v1-09847-neg-pt-dgpc-110188-mdt5.tif	failed	manifest_dem_status:unsupported_country																	
wl-tile-v1-09830	wl-neg-neg-pt-dgpc-109057	neg-pt-dgpc-109057	0	hard_negative	train	PT	Chaves - Largo do Arrabalde, 59-61 / Travessa das Couraças	Chaves	Santa Maria Maior		roman_built_context	120.0	data/external/weak-label-relief-v1/train/negative/wl-tile-v1-09830-neg-pt-dgpc-109057-mdt5.tif	failed	manifest_dem_status:unsupported_country																	
wl-tile-v1-09846	wl-neg-neg-pt-dgpc-110141	neg-pt-dgpc-110141	0	hard_negative	train	PT	Chaves - Miliário do Campo da Roda / Quinta do Caneiro	Chaves	Madalena e Samaiões		roman_built_context	120.0	data/external/weak-label-relief-v1/train/negative/wl-tile-v1-09846-neg-pt-dgpc-110141-mdt5.tif	failed	manifest_dem_status:unsupported_country																	
wl-tile-v1-09835	wl-neg-neg-pt-dgpc-109154	neg-pt-dgpc-109154	0	hard_negative	train	PT	Chaves - Praça Camões	Chaves	Santa Maria Maior		roman_built_context	120.0	data/external/weak-label-relief-v1/train/negative/wl-tile-v1-09835-neg-pt-dgpc-109154-mdt5.tif	failed	manifest_dem_status:unsupported_country																	
wl-tile-v1-09849	wl-neg-neg-pt-dgpc-111119	neg-pt-dgpc-111119	0	hard_negative	train	PT	Chaves - Rua 1º de Dezembro	Chaves	Santa Maria Maior		roman_built_context	120.0	data/external/weak-label-relief-v1/train/negative/wl-tile-v1-09849-neg-pt-dgpc-111119-mdt5.tif	failed	manifest_dem_status:unsupported_country																	
wl-tile-v1-09851	wl-neg-neg-pt-dgpc-114161	neg-pt-dgpc-114161	0	hard_negative	train	PT	Chaves - Rua Bispo Idácio, 37	Chaves	Santa Maria Maior		roman_built_context	120.0	data/external/weak-label-relief-v1/train/negative/wl-tile-v1-09851-neg-pt-dgpc-114161-mdt5.tif	failed	manifest_dem_status:unsupported_country																	
wl-tile-v1-09850	wl-neg-neg-pt-dgpc-112661	neg-pt-dgpc-112661	0	hard_negative	train	PT	Chaves - Rua General Sousa Machado, 51	Chaves	Santa Maria Maior		roman_built_context	120.0	data/external/weak-label-relief-v1/train/negative/wl-tile-v1-09850-neg-pt-dgpc-112661-mdt5.tif	failed	manifest_dem_status:unsupported_country																	
wl-tile-v1-09852	wl-neg-neg-pt-dgpc-114272	neg-pt-dgpc-114272	0	hard_negative	train	PT	Chaves - Rua Joaquim José Delgado, 83	Chaves	Santa Maria Maior		roman_built_context	120.0	data/external/weak-label-relief-v1/train/negative/wl-tile-v1-09852-neg-pt-dgpc-114272-mdt5.tif	failed	manifest_dem_status:unsupported_country																	
wl-tile-v1-09848	wl-neg-neg-pt-dgpc-110572	neg-pt-dgpc-110572	0	hard_negative	train	PT	Chaves - Rua da Muralha	Chaves	Santa Maria Maior		roman_built_context	120.0	data/external/weak-label-relief-v1/train/negative/wl-tile-v1-09848-neg-pt-dgpc-110572-mdt5.tif	failed	manifest_dem_status:unsupported_country																	
wl-tile-v1-09853	wl-neg-neg-pt-dgpc-114415	neg-pt-dgpc-114415	0	hard_negative	train	PT	Chaves - Rua da Trindade, 38-40	Chaves	Santa Maria Maior		roman_built_context	120.0	data/external/weak-label-relief-v1/train/negative/wl-tile-v1-09853-neg-pt-dgpc-114415-mdt5.tif	failed	manifest_dem_status:unsupported_country																	
wl-tile-v1-09832	wl-neg-neg-pt-dgpc-109113	neg-pt-dgpc-109113	0	hard_negative	train	PT	Chaves - Rua de Santa Maria, 20 / Rua do Postigo, 18	Chaves	Santa Maria Maior		roman_built_context	120.0	data/external/weak-label-relief-v1/train/negative/wl-tile-v1-09832-neg-pt-dgpc-109113-mdt5.tif	failed	manifest_dem_status:unsupported_country																	
wl-tile-v1-09836	wl-neg-neg-pt-dgpc-109187	neg-pt-dgpc-109187	0	hard_negative	train	PT	Chaves - Rua do Bispo Idácio, 20-22	Chaves	Santa Maria Maior		roman_built_context	120.0	data/external/weak-label-relief-v1/train/negative/wl-tile-v1-09836-neg-pt-dgpc-109187-mdt5.tif	failed	manifest_dem_status:unsupported_country																	
wl-tile-v1-09829	wl-neg-neg-pt-dgpc-108999	neg-pt-dgpc-108999	0	hard_negative	train	PT	Chaves - Rua do Sol, 28	Chaves	Santa Maria Maior		roman_built_context	120.0	data/external/weak-label-relief-v1/train/negative/wl-tile-v1-09829-neg-pt-dgpc-108999-mdt5.tif	failed	manifest_dem_status:unsupported_country																	
wl-tile-v1-09827	wl-neg-neg-pt-dgpc-104697	neg-pt-dgpc-104697	0	hard_negative	train	PT	Chaves - Rua dos Ferradores, 36	Chaves	Santa Maria Maior		roman_built_context	120.0	data/external/weak-label-relief-v1/train/negative/wl-tile-v1-09827-neg-pt-dgpc-104697-mdt5.tif	failed	manifest_dem_status:unsupported_country																	
wl-tile-v1-09746	wl-neg-neg-pt-dgpc-108401	neg-pt-dgpc-108401	0	hard_negative	train	PT	Chã das Carvalheiras/ Laje 1 das Carvalheiras	Caminha	Lanhelas		rock_art_surface	120.0	data/external/weak-label-relief-v1/train/negative/wl-tile-v1-09746-neg-pt-dgpc-108401-mdt5.tif	failed	manifest_dem_status:unsupported_country																	
wl-tile-v1-09539	wl-neg-neg-pt-dgpc-109304	neg-pt-dgpc-109304	0	hard_negative	train	PT	Chão de Arefe	Barcelos	Durrães e Tregosa		necropolis_or_burial	120.0	data/external/weak-label-relief-v1/train/negative/wl-tile-v1-09539-neg-pt-dgpc-109304-mdt5.tif	failed	manifest_dem_status:unsupported_country																	
wl-tile-v1-09782	wl-neg-neg-pt-dgpc-112383	neg-pt-dgpc-112383	0	hard_negative	train	PT	Couto da Pinheira	Paredes de Coura	Insalde e Porreiras		megalithic_mound	120.0	data/external/weak-label-relief-v1/train/negative/wl-tile-v1-09782-neg-pt-dgpc-112383-mdt5.tif	failed	manifest_dem_status:unsupported_country																	
wl-tile-v1-09588	wl-neg-neg-pt-dgpc-107053	neg-pt-dgpc-107053	0	hard_negative	train	PT	Crasto / Canedo / Alto da Moura	Celorico de Basto	Canedo de Basto e Corgo		roman_built_context	120.0	data/external/weak-label-relief-v1/train/negative/wl-tile-v1-09588-neg-pt-dgpc-107053-mdt5.tif	failed	manifest_dem_status:unsupported_country																	
wl-tile-v1-09677	wl-neg-neg-pt-dgpc-112096	neg-pt-dgpc-112096	0	hard_negative	train	PT	Crasto de Broalhos	Gondomar	Melres e Medas		roman_built_context	120.0	data/external/weak-label-relief-v1/train/negative/wl-tile-v1-09677-neg-pt-dgpc-112096-mdt5.tif	failed	manifest_dem_status:unsupported_country																	
wl-tile-v1-09773	wl-neg-neg-pt-dgpc-108417	neg-pt-dgpc-108417	0	hard_negative	train	PT	Cruzes	Paredes de Coura	Formariz e Ferreira		roman_built_context	120.0	data/external/weak-label-relief-v1/train/negative/wl-tile-v1-09773-neg-pt-dgpc-108417-mdt5.tif	failed	manifest_dem_status:unsupported_country																	
wl-tile-v1-09708	wl-neg-neg-pt-dgpc-106070	neg-pt-dgpc-106070	0	hard_negative	train	PT	Custoias	Matosinhos	Custóias, Leça do Balio e Guifões		roman_built_context	120.0	data/external/weak-label-relief-v1/train/negative/wl-tile-v1-09708-neg-pt-dgpc-106070-mdt5.tif	failed	manifest_dem_status:unsupported_country																	
wl-tile-v1-09649	wl-neg-neg-pt-dgpc-104964	neg-pt-dgpc-104964	0	hard_negative	train	PT	EP - 621 - Santo Antão da Barca	Alfândega da Fé	Parada e Sendim da Ribeira		rock_art_surface	120.0	data/external/weak-label-relief-v1/train/negative/wl-tile-v1-09649-neg-pt-dgpc-104964-mdt5.tif	failed	manifest_dem_status:unsupported_country																	
wl-tile-v1-09652	wl-neg-neg-pt-dgpc-109723	neg-pt-dgpc-109723	0	hard_negative	train	PT	Eiró de Sortes/Madorrinho	Bragança	Sortes		roman_built_context	120.0	data/external/weak-label-relief-v1/train/negative/wl-tile-v1-09652-neg-pt-dgpc-109723-mdt5.tif	failed	manifest_dem_status:unsupported_country																	
wl-tile-v1-09600	wl-neg-neg-pt-dgpc-114660	neg-pt-dgpc-114660	0	hard_negative	train	PT	Emaus	Terras de Bouro	Chorense e Monte		necropolis_or_burial	120.0	data/external/weak-label-relief-v1/train/negative/wl-tile-v1-09600-neg-pt-dgpc-114660-mdt5.tif	failed	manifest_dem_status:unsupported_country																	
wl-tile-v1-09812	wl-neg-neg-pt-dgpc-110404	neg-pt-dgpc-110404	0	hard_negative	train	PT	Escaravelhão - Núcleo I	Valença	Gandra e Taião		rock_art_surface	120.0	data/external/weak-label-relief-v1/train/negative/wl-tile-v1-09812-neg-pt-dgpc-110404-mdt5.tif	failed	manifest_dem_status:unsupported_country																	
wl-tile-v1-09811	wl-neg-neg-pt-dgpc-110403	neg-pt-dgpc-110403	0	hard_negative	train	PT	Escaravelhão - Núcleo III	Valença	Gandra e Taião		rock_art_surface	120.0	data/external/weak-label-relief-v1/train/negative/wl-tile-v1-09811-neg-pt-dgpc-110403-mdt5.tif	failed	manifest_dem_status:unsupported_country																	
wl-tile-v1-09818	wl-neg-neg-pt-dgpc-111359	neg-pt-dgpc-111359	0	hard_negative	train	PT	Escaravelhão - Núcleo IV	Valença	Gandra e Taião		rock_art_surface	120.0	data/external/weak-label-relief-v1/train/negative/wl-tile-v1-09818-neg-pt-dgpc-111359-mdt5.tif	failed	manifest_dem_status:unsupported_country																	
wl-tile-v1-09819	wl-neg-neg-pt-dgpc-111376	neg-pt-dgpc-111376	0	hard_negative	train	PT	Escaravelhão - Núcleo V	Valença	Gandra e Taião		rock_art_surface	120.0	data/external/weak-label-relief-v1/train/negative/wl-tile-v1-09819-neg-pt-dgpc-111376-mdt5.tif	failed	manifest_dem_status:unsupported_country																	
wl-tile-v1-09820	wl-neg-neg-pt-dgpc-111387	neg-pt-dgpc-111387	0	hard_negative	train	PT	Escaravelhão - Núcleo VI	Valença	Gandra e Taião		rock_art_surface	120.0	data/external/weak-label-relief-v1/train/negative/wl-tile-v1-09820-neg-pt-dgpc-111387-mdt5.tif	failed	manifest_dem_status:unsupported_country																	
wl-tile-v1-09622	wl-neg-neg-pt-dgpc-113951	neg-pt-dgpc-113951	0	hard_negative	train	PT	Fiães	Vila Nova de Famalicão	Gondifelos, Cavalões e Outiz		megalithic_mound	120.0	data/external/weak-label-relief-v1/train/negative/wl-tile-v1-09622-neg-pt-dgpc-113951-mdt5.tif	failed	manifest_dem_status:unsupported_country																	
wl-tile-v1-09857	wl-neg-neg-pt-dgpc-111323	neg-pt-dgpc-111323	0	hard_negative	train	PT	Fonte do Sapo	Mondim de Basto	Campanhó e Paradança		rock_art_surface	120.0	data/external/weak-label-relief-v1/train/negative/wl-tile-v1-09857-neg-pt-dgpc-111323-mdt5.tif	failed	manifest_dem_status:unsupported_country																	
wl-tile-v1-09663	wl-neg-neg-pt-dgpc-104978	neg-pt-dgpc-104978	0	hard_negative	train	PT	Fontelas	Amarante	Amarante (São Gonçalo), Madalena, Cepelos e Gatão		necropolis_or_burial;roman_built_context	120.0	data/external/weak-label-relief-v1/train/negative/wl-tile-v1-09663-neg-pt-dgpc-104978-mdt5.tif	failed	manifest_dem_status:unsupported_country																	
wl-tile-v1-09658	wl-neg-neg-pt-dgpc-108332	neg-pt-dgpc-108332	0	hard_negative	train	PT	Forno dos Mouros	Vinhais	Vilar Seco de Lomba		roman_built_context	120.0	data/external/weak-label-relief-v1/train/negative/wl-tile-v1-09658-neg-pt-dgpc-108332-mdt5.tif	failed	manifest_dem_status:unsupported_country																	
wl-tile-v1-09823	wl-neg-neg-pt-dgpc-113811	neg-pt-dgpc-113811	0	hard_negative	train	PT	Forte de Belém	Valença	Valença, Cristelo Covo e Arão		historic_fortification	120.0	data/external/weak-label-relief-v1/train/negative/wl-tile-v1-09823-neg-pt-dgpc-113811-mdt5.tif	failed	manifest_dem_status:unsupported_country																	
wl-tile-v1-09737	wl-neg-neg-pt-dgpc-111176	neg-pt-dgpc-111176	0	hard_negative	train	PT	Forte de Bragandelo	Arcos de Valdevez	Portela e Extremo		historic_fortification	120.0	data/external/weak-label-relief-v1/train/negative/wl-tile-v1-09737-neg-pt-dgpc-111176-mdt5.tif	failed	manifest_dem_status:unsupported_country																	
wl-tile-v1-09822	wl-neg-neg-pt-dgpc-113808	neg-pt-dgpc-113808	0	hard_negative	train	PT	Forte de São Francisco	Valença	Gandra e Taião		historic_fortification	120.0	data/external/weak-label-relief-v1/train/negative/wl-tile-v1-09822-neg-pt-dgpc-113808-mdt5.tif	failed	manifest_dem_status:unsupported_country																	
wl-tile-v1-09805	wl-neg-neg-pt-dgpc-108516	neg-pt-dgpc-108516	0	hard_negative	train	PT	Forte de São Jorge/ Fortificação do Monte da Chãs/ Forte da Silva	Valença	São Julião e Silva		historic_fortification	120.0	data/external/weak-label-relief-v1/train/negative/wl-tile-v1-09805-neg-pt-dgpc-108516-mdt5.tif	failed	manifest_dem_status:unsupported_country																	
wl-tile-v1-09730	wl-neg-neg-pt-dgpc-106685	neg-pt-dgpc-106685	0	hard_negative	train	PT	Forte de São João Baptista	Vila do Conde	Vila do Conde		historic_fortification	120.0	data/external/weak-label-relief-v1/train/negative/wl-tile-v1-09730-neg-pt-dgpc-106685-mdt5.tif	failed	manifest_dem_status:unsupported_country																	
wl-tile-v1-09651	wl-neg-neg-pt-dgpc-108688	neg-pt-dgpc-108688	0	hard_negative	train	PT	Forte de São João de Deus	Bragança	Sé, Santa Maria e Meixedo		historic_fortification	120.0	data/external/weak-label-relief-v1/train/negative/wl-tile-v1-09651-neg-pt-dgpc-108688-mdt5.tif	failed	manifest_dem_status:unsupported_country																	
wl-tile-v1-09821	wl-neg-neg-pt-dgpc-113805	neg-pt-dgpc-113805	0	hard_negative	train	PT	Forte de São Luís Gonzaga e Atalaia de Santa Teresa	Valença	São Pedro da Torre		historic_fortification	120.0	data/external/weak-label-relief-v1/train/negative/wl-tile-v1-09821-neg-pt-dgpc-113805-mdt5.tif	failed	manifest_dem_status:unsupported_country																	
wl-tile-v1-09806	wl-neg-neg-pt-dgpc-108554	neg-pt-dgpc-108554	0	hard_negative	train	PT	Forte do Tuído ou da Gandra	Valença	Gandra e Taião		historic_fortification	120.0	data/external/weak-label-relief-v1/train/negative/wl-tile-v1-09806-neg-pt-dgpc-108554-mdt5.tif	failed	manifest_dem_status:unsupported_country																	
wl-tile-v1-09817	wl-neg-neg-pt-dgpc-111040	neg-pt-dgpc-111040	0	hard_negative	train	PT	Fortificações da Praça de Valença do Minho	Valença	Valença, Cristelo Covo e Arão		historic_fortification	120.0	data/external/weak-label-relief-v1/train/negative/wl-tile-v1-09817-neg-pt-dgpc-111040-mdt5.tif	failed	manifest_dem_status:unsupported_country																	
wl-tile-v1-09816	wl-neg-neg-pt-dgpc-111013	neg-pt-dgpc-111013	0	hard_negative	train	PT	Fortim do Verdoejo/ Forte da Gingleta	Valença	Verdoejo		historic_fortification	120.0	data/external/weak-label-relief-v1/train/negative/wl-tile-v1-09816-neg-pt-dgpc-111013-mdt5.tif	failed	manifest_dem_status:unsupported_country																	
wl-tile-v1-09828	wl-neg-neg-pt-dgpc-108643	neg-pt-dgpc-108643	0	hard_negative	train	PT	Fraga das Passadas	Chaves	Bustelo		rock_art_surface	120.0	data/external/weak-label-relief-v1/train/negative/wl-tile-v1-09828-neg-pt-dgpc-108643-mdt5.tif	failed	manifest_dem_status:unsupported_country																	
wl-tile-v1-09656	wl-neg-neg-pt-dgpc-107177	neg-pt-dgpc-107177	0	hard_negative	train	PT	Fraga dos Namorados	Vila Flor	Trindade		rock_art_surface	120.0	data/external/weak-label-relief-v1/train/negative/wl-tile-v1-09656-neg-pt-dgpc-107177-mdt5.tif	failed	manifest_dem_status:unsupported_country																	
wl-tile-v1-09667	wl-neg-neg-pt-dgpc-106219	neg-pt-dgpc-106219	0	hard_negative	train	PT	Gatão - Igreja de São João Baptista	Amarante	Amarante (São Gonçalo), Madalena, Cepelos e Gatão		necropolis_or_burial;roman_built_context	120.0	data/external/weak-label-relief-v1/train/negative/wl-tile-v1-09667-neg-pt-dgpc-106219-mdt5.tif	failed	manifest_dem_status:unsupported_country																	
wl-tile-v1-09747	wl-neg-neg-pt-dgpc-108697	neg-pt-dgpc-108697	0	hard_negative	train	PT	Gorgolada	Caminha	Vila Praia de Âncora		necropolis_or_burial	120.0	data/external/weak-label-relief-v1/train/negative/wl-tile-v1-09747-neg-pt-dgpc-108697-mdt5.tif	failed	manifest_dem_status:unsupported_country																	
wl-tile-v1-09742	wl-neg-neg-pt-dgpc-108345	neg-pt-dgpc-108345	0	hard_negative	train	PT	Gravura rupestre 1 de Góis Pequeno	Caminha	Lanhelas		rock_art_surface	120.0	data/external/weak-label-relief-v1/train/negative/wl-tile-v1-09742-neg-pt-dgpc-108345-mdt5.tif	failed	manifest_dem_status:unsupported_country																	
wl-tile-v1-09743	wl-neg-neg-pt-dgpc-108347	neg-pt-dgpc-108347	0	hard_negative	train	PT	Gravura rupestre 2 de Góis Pequeno	Caminha	Lanhelas		rock_art_surface	120.0	data/external/weak-label-relief-v1/train/negative/wl-tile-v1-09743-neg-pt-dgpc-108347-mdt5.tif	failed	manifest_dem_status:unsupported_country																	
wl-tile-v1-09741	wl-neg-neg-pt-dgpc-108344	neg-pt-dgpc-108344	0	hard_negative	train	PT	Gravura rupestre 3 de Góis Pequeno	Caminha	Lanhelas		rock_art_surface	120.0	data/external/weak-label-relief-v1/train/negative/wl-tile-v1-09741-neg-pt-dgpc-108344-mdt5.tif	failed	manifest_dem_status:unsupported_country																	
wl-tile-v1-09744	wl-neg-neg-pt-dgpc-108349	neg-pt-dgpc-108349	0	hard_negative	train	PT	Gravura rupestre 4 de Góis Pequeno	Caminha	Lanhelas		rock_art_surface	120.0	data/external/weak-label-relief-v1/train/negative/wl-tile-v1-09744-neg-pt-dgpc-108349-mdt5.tif	failed	manifest_dem_status:unsupported_country																	
wl-tile-v1-09843	wl-neg-neg-pt-dgpc-109707	neg-pt-dgpc-109707	0	hard_negative	train	PT	Igreja Nossa Senhora da Azinheira	Chaves	Outeiro Seco		roman_built_context	120.0	data/external/weak-label-relief-v1/train/negative/wl-tile-v1-09843-neg-pt-dgpc-109707-mdt5.tif	failed	manifest_dem_status:unsupported_country																	
wl-tile-v1-09690	wl-neg-neg-pt-dgpc-111142	neg-pt-dgpc-111142	0	hard_negative	train	PT	Igreja Paroquial de Cristelos (Santo André)	Lousada	Cristelos, Boim e Ordem		necropolis_or_burial;roman_built_context	120.0	data/external/weak-label-relief-v1/train/negative/wl-tile-v1-09690-neg-pt-dgpc-111142-mdt5.tif	failed	manifest_dem_status:unsupported_country																	
wl-tile-v1-09672	wl-neg-neg-pt-dgpc-114021	neg-pt-dgpc-114021	0	hard_negative	train	PT	Igreja de Nossa Senhora do Lufrei	Amarante	Lufrei		necropolis_or_burial	120.0	data/external/weak-label-relief-v1/train/negative/wl-tile-v1-09672-neg-pt-dgpc-114021-mdt5.tif	failed	manifest_dem_status:unsupported_country																	
wl-tile-v1-09616	wl-neg-neg-pt-dgpc-106976	neg-pt-dgpc-106976	0	hard_negative	train	PT	Landim	Vila Nova de Famalicão	Landim		rock_art_surface	120.0	data/external/weak-label-relief-v1/train/negative/wl-tile-v1-09616-neg-pt-dgpc-106976-mdt5.tif	failed	manifest_dem_status:unsupported_country																	
wl-tile-v1-09710	wl-neg-neg-pt-dgpc-106145	neg-pt-dgpc-106145	0	hard_negative	train	PT	Leça do Bailio	Matosinhos	Custóias, Leça do Balio e Guifões		necropolis_or_burial	120.0	data/external/weak-label-relief-v1/train/negative/wl-tile-v1-09710-neg-pt-dgpc-106145-mdt5.tif	failed	manifest_dem_status:unsupported_country																	
wl-tile-v1-09793	wl-neg-neg-pt-dgpc-112395	neg-pt-dgpc-112395	0	hard_negative	train	PT	Linhares	Paredes de Coura	Cossourado e Linhares		roman_built_context	120.0	data/external/weak-label-relief-v1/train/negative/wl-tile-v1-09793-neg-pt-dgpc-112395-mdt5.tif	failed	manifest_dem_status:unsupported_country																	
wl-tile-v1-09538	wl-neg-neg-pt-dgpc-108044	neg-pt-dgpc-108044	0	hard_negative	train	PT	Lordelo	Barcelos	Vila Seca		roman_built_context	120.0	data/external/weak-label-relief-v1/train/negative/wl-tile-v1-09538-neg-pt-dgpc-108044-mdt5.tif	failed	manifest_dem_status:unsupported_country																	
wl-tile-v1-09798	wl-neg-neg-pt-dgpc-112409	neg-pt-dgpc-112409	0	hard_negative	train	PT	Mamoa 1 da Fonte Cavada	Paredes de Coura	Insalde e Porreiras		megalithic_mound	120.0	data/external/weak-label-relief-v1/train/negative/wl-tile-v1-09798-neg-pt-dgpc-112409-mdt5.tif	failed	manifest_dem_status:unsupported_country																	
wl-tile-v1-09639	wl-neg-neg-pt-dgpc-109630	neg-pt-dgpc-109630	0	hard_negative	train	PT	Mamoa 1 de Bustelo	Vila Verde	Prado (São Miguel)		megalithic_mound	120.0	data/external/weak-label-relief-v1/train/negative/wl-tile-v1-09639-neg-pt-dgpc-109630-mdt5.tif	failed	manifest_dem_status:unsupported_country																	
wl-tile-v1-09795	wl-neg-neg-pt-dgpc-112406	neg-pt-dgpc-112406	0	hard_negative	train	PT	Mamoa 1 de Chão das Porreiras	Paredes de Coura	Insalde e Porreiras		megalithic_mound	120.0	data/external/weak-label-relief-v1/train/negative/wl-tile-v1-09795-neg-pt-dgpc-112406-mdt5.tif	failed	manifest_dem_status:unsupported_country																	
wl-tile-v1-09625	wl-neg-neg-pt-dgpc-109350	neg-pt-dgpc-109350	0	hard_negative	train	PT	Mamoa 1 de Chão de Couce	Vila Verde	Dossãos		megalithic_mound	120.0	data/external/weak-label-relief-v1/train/negative/wl-tile-v1-09625-neg-pt-dgpc-109350-mdt5.tif	failed	manifest_dem_status:unsupported_country																	
wl-tile-v1-09779	wl-neg-neg-pt-dgpc-112378	neg-pt-dgpc-112378	0	hard_negative	train	PT	Mamoa 1 do Cárdio	Paredes de Coura	Insalde e Porreiras		megalithic_mound	120.0	data/external/weak-label-relief-v1/train/negative/wl-tile-v1-09779-neg-pt-dgpc-112378-mdt5.tif	failed	manifest_dem_status:unsupported_country																	
wl-tile-v1-09753	wl-neg-neg-pt-dgpc-113975	neg-pt-dgpc-113975	0	hard_negative	train	PT	Mamoa 1 dos Prados da Saba	Melgaço	Castro Laboreiro e Lamas de Mouro		megalithic_mound	120.0	data/external/weak-label-relief-v1/train/negative/wl-tile-v1-09753-neg-pt-dgpc-113975-mdt5.tif	failed	manifest_dem_status:unsupported_country																	
wl-tile-v1-09630	wl-neg-neg-pt-dgpc-109548	neg-pt-dgpc-109548	0	hard_negative	train	PT	Mamoa 10 de Bustelo	Vila Verde	Ribeira do Neiva		megalithic_mound	120.0	data/external/weak-label-relief-v1/train/negative/wl-tile-v1-09630-neg-pt-dgpc-109548-mdt5.tif	failed	manifest_dem_status:unsupported_country																	
wl-tile-v1-09764	wl-neg-neg-pt-dgpc-114017	neg-pt-dgpc-114017	0	hard_negative	train	PT	Mamoa 10 de Vale das Antas	Melgaço	Castro Laboreiro e Lamas de Mouro		megalithic_mound	120.0	data/external/weak-label-relief-v1/train/negative/wl-tile-v1-09764-neg-pt-dgpc-114017-mdt5.tif	failed	manifest_dem_status:unsupported_country																	
wl-tile-v1-09629	wl-neg-neg-pt-dgpc-109537	neg-pt-dgpc-109537	0	hard_negative	train	PT	Mamoa 11 de Bustelo	Vila Verde	Ribeira do Neiva		megalithic_mound	120.0	data/external/weak-label-relief-v1/train/negative/wl-tile-v1-09629-neg-pt-dgpc-109537-mdt5.tif	failed	manifest_dem_status:unsupported_country																	
wl-tile-v1-09765	wl-neg-neg-pt-dgpc-114022	neg-pt-dgpc-114022	0	hard_negative	train	PT	Mamoa 11 de Vale das Antas	Melgaço	Castro Laboreiro e Lamas de Mouro		megalithic_mound	120.0	data/external/weak-label-relief-v1/train/negative/wl-tile-v1-09765-neg-pt-dgpc-114022-mdt5.tif	failed	manifest_dem_status:unsupported_country																	
wl-tile-v1-09628	wl-neg-neg-pt-dgpc-109534	neg-pt-dgpc-109534	0	hard_negative	train	PT	Mamoa 12 de Bustelo	Vila Verde	Ribeira do Neiva		megalithic_mound	120.0	data/external/weak-label-relief-v1/train/negative/wl-tile-v1-09628-neg-pt-dgpc-109534-mdt5.tif	failed	manifest_dem_status:unsupported_country																	
wl-tile-v1-09757	wl-neg-neg-pt-dgpc-113989	neg-pt-dgpc-113989	0	hard_negative	train	PT	Mamoa 12 de Lama do Brincadoiro	Melgaço	Castro Laboreiro e Lamas de Mouro		megalithic_mound	120.0	data/external/weak-label-relief-v1/train/negative/wl-tile-v1-09757-neg-pt-dgpc-113989-mdt5.tif	failed	manifest_dem_status:unsupported_country																	
wl-tile-v1-09759	wl-neg-neg-pt-dgpc-113999	neg-pt-dgpc-113999	0	hard_negative	train	PT	Mamoa 13 da Corga do Gato	Melgaço	Castro Laboreiro e Lamas de Mouro		megalithic_mound	120.0	data/external/weak-label-relief-v1/train/negative/wl-tile-v1-09759-neg-pt-dgpc-113999-mdt5.tif	failed	manifest_dem_status:unsupported_country																	
wl-tile-v1-09627	wl-neg-neg-pt-dgpc-109525	neg-pt-dgpc-109525	0	hard_negative	train	PT	Mamoa 13 de Bustelo	Vila Verde	Ribeira do Neiva		megalithic_mound	120.0	data/external/weak-label-relief-v1/train/negative/wl-tile-v1-09627-neg-pt-dgpc-109525-mdt5.tif	failed	manifest_dem_status:unsupported_country																	
wl-tile-v1-09766	wl-neg-neg-pt-dgpc-114026	neg-pt-dgpc-114026	0	hard_negative	train	PT	Mamoa 14 do Cabeço das Quatro Fontes	Melgaço	Castro Laboreiro e Lamas de Mouro		megalithic_mound	120.0	data/external/weak-label-relief-v1/train/negative/wl-tile-v1-09766-neg-pt-dgpc-114026-mdt5.tif	failed	manifest_dem_status:unsupported_country																	
wl-tile-v1-09799	wl-neg-neg-pt-dgpc-112410	neg-pt-dgpc-112410	0	hard_negative	train	PT	Mamoa 2 da Fonte Cavada	Paredes de Coura	Insalde e Porreiras		megalithic_mound	120.0	data/external/weak-label-relief-v1/train/negative/wl-tile-v1-09799-neg-pt-dgpc-112410-mdt5.tif	failed	manifest_dem_status:unsupported_country																	
wl-tile-v1-09734	wl-neg-neg-pt-dgpc-108526	neg-pt-dgpc-108526	0	hard_negative	train	PT	Mamoa 2 das Lameiras	Arcos de Valdevez	Alvora e Loureda		megalithic_mound	120.0	data/external/weak-label-relief-v1/train/negative/wl-tile-v1-09734-neg-pt-dgpc-108526-mdt5.tif	failed	manifest_dem_status:unsupported_country																	
wl-tile-v1-09638	wl-neg-neg-pt-dgpc-109628	neg-pt-dgpc-109628	0	hard_negative	train	PT	Mamoa 2 de Bustelo	Vila Verde	Prado (São Miguel)		megalithic_mound	120.0	data/external/weak-label-relief-v1/train/negative/wl-tile-v1-09638-neg-pt-dgpc-109628-mdt5.tif	failed	manifest_dem_status:unsupported_country																	
wl-tile-v1-09796	wl-neg-neg-pt-dgpc-112407	neg-pt-dgpc-112407	0	hard_negative	train	PT	Mamoa 2 de Chão de Porreiras	Paredes de Coura	Insalde e Porreiras		megalithic_mound	120.0	data/external/weak-label-relief-v1/train/negative/wl-tile-v1-09796-neg-pt-dgpc-112407-mdt5.tif	failed	manifest_dem_status:unsupported_country																	
wl-tile-v1-09754	wl-neg-neg-pt-dgpc-113978	neg-pt-dgpc-113978	0	hard_negative	train	PT	Mamoa 2 do Alto dos Piornais/ Rio Laboreiro	Melgaço	Castro Laboreiro e Lamas de Mouro		megalithic_mound	120.0	data/external/weak-label-relief-v1/train/negative/wl-tile-v1-09754-neg-pt-dgpc-113978-mdt5.tif	failed	manifest_dem_status:unsupported_country																	
wl-tile-v1-09800	wl-neg-neg-pt-dgpc-112411	neg-pt-dgpc-112411	0	hard_negative	train	PT	Mamoa 2 do Couto da Pinheira	Paredes de Coura	Insalde e Porreiras		megalithic_mound	120.0	data/external/weak-label-relief-v1/train/negative/wl-tile-v1-09800-neg-pt-dgpc-112411-mdt5.tif	failed	manifest_dem_status:unsupported_country																	
wl-tile-v1-09780	wl-neg-neg-pt-dgpc-112379	neg-pt-dgpc-112379	0	hard_negative	train	PT	Mamoa 2 do Cárdio	Paredes de Coura	Insalde e Porreiras		megalithic_mound	120.0	data/external/weak-label-relief-v1/train/negative/wl-tile-v1-09780-neg-pt-dgpc-112379-mdt5.tif	failed	manifest_dem_status:unsupported_country																	
wl-tile-v1-09755	wl-neg-neg-pt-dgpc-113982	neg-pt-dgpc-113982	0	hard_negative	train	PT	Mamoa 3 da Lama do Brincadoiro	Melgaço	Castro Laboreiro e Lamas de Mouro		megalithic_mound	120.0	data/external/weak-label-relief-v1/train/negative/wl-tile-v1-09755-neg-pt-dgpc-113982-mdt5.tif	failed	manifest_dem_status:unsupported_country																	
wl-tile-v1-09637	wl-neg-neg-pt-dgpc-109621	neg-pt-dgpc-109621	0	hard_negative	train	PT	Mamoa 3 de Bustelo	Vila Verde	Prado (São Miguel)		megalithic_mound	120.0	data/external/weak-label-relief-v1/train/negative/wl-tile-v1-09637-neg-pt-dgpc-109621-mdt5.tif	failed	manifest_dem_status:unsupported_country																	
wl-tile-v1-09756	wl-neg-neg-pt-dgpc-113984	neg-pt-dgpc-113984	0	hard_negative	train	PT	Mamoa 4 da Lama do Bricadoiro	Melgaço	Castro Laboreiro e Lamas de Mouro		megalithic_mound	120.0	data/external/weak-label-relief-v1/train/negative/wl-tile-v1-09756-neg-pt-dgpc-113984-mdt5.tif	failed	manifest_dem_status:unsupported_country																	
wl-tile-v1-09636	wl-neg-neg-pt-dgpc-109611	neg-pt-dgpc-109611	0	hard_negative	train	PT	Mamoa 4 de Bustelo	Vila Verde	Prado (São Miguel)		megalithic_mound	120.0	data/external/weak-label-relief-v1/train/negative/wl-tile-v1-09636-neg-pt-dgpc-109611-mdt5.tif	failed	manifest_dem_status:unsupported_country																	
wl-tile-v1-09758	wl-neg-neg-pt-dgpc-113995	neg-pt-dgpc-113995	0	hard_negative	train	PT	Mamoa 5 Corga do Gato	Melgaço	Castro Laboreiro e Lamas de Mouro		megalithic_mound	120.0	data/external/weak-label-relief-v1/train/negative/wl-tile-v1-09758-neg-pt-dgpc-113995-mdt5.tif	failed	manifest_dem_status:unsupported_country																	
wl-tile-v1-09635	wl-neg-neg-pt-dgpc-109600	neg-pt-dgpc-109600	0	hard_negative	train	PT	Mamoa 5 de Bustelo	Vila Verde	Prado (São Miguel)		megalithic_mound	120.0	data/external/weak-label-relief-v1/train/negative/wl-tile-v1-09635-neg-pt-dgpc-109600-mdt5.tif	failed	manifest_dem_status:unsupported_country																	
wl-tile-v1-09634	wl-neg-neg-pt-dgpc-109583	neg-pt-dgpc-109583	0	hard_negative	train	PT	Mamoa 6 de Bustelo	Vila Verde	Prado (São Miguel)		megalithic_mound	120.0	data/external/weak-label-relief-v1/train/negative/wl-tile-v1-09634-neg-pt-dgpc-109583-mdt5.tif	failed	manifest_dem_status:unsupported_country																	
wl-tile-v1-09760	wl-neg-neg-pt-dgpc-114002	neg-pt-dgpc-114002	0	hard_negative	train	PT	Mamoa 6 de Vale das Antas	Melgaço	Castro Laboreiro e Lamas de Mouro		megalithic_mound	120.0	data/external/weak-label-relief-v1/train/negative/wl-tile-v1-09760-neg-pt-dgpc-114002-mdt5.tif	failed	manifest_dem_status:unsupported_country																	
wl-tile-v1-09632	wl-neg-neg-pt-dgpc-109556	neg-pt-dgpc-109556	0	hard_negative	train	PT	Mamoa 7 de Bustelo	Vila Verde	Prado (São Miguel)		megalithic_mound	120.0	data/external/weak-label-relief-v1/train/negative/wl-tile-v1-09632-neg-pt-dgpc-109556-mdt5.tif	failed	manifest_dem_status:unsupported_country																	
wl-tile-v1-09761	wl-neg-neg-pt-dgpc-114007	neg-pt-dgpc-114007	0	hard_negative	train	PT	Mamoa 7 de Vale das Antas	Melgaço	Castro Laboreiro e Lamas de Mouro		megalithic_mound	120.0	data/external/weak-label-relief-v1/train/negative/wl-tile-v1-09761-neg-pt-dgpc-114007-mdt5.tif	failed	manifest_dem_status:unsupported_country																	
wl-tile-v1-09633	wl-neg-neg-pt-dgpc-109564	neg-pt-dgpc-109564	0	hard_negative	train	PT	Mamoa 8 de Bustelo	Vila Verde	Ribeira do Neiva		megalithic_mound	120.0	data/external/weak-label-relief-v1/train/negative/wl-tile-v1-09633-neg-pt-dgpc-109564-mdt5.tif	failed	manifest_dem_status:unsupported_country																	
wl-tile-v1-09762	wl-neg-neg-pt-dgpc-114012	neg-pt-dgpc-114012	0	hard_negative	train	PT	Mamoa 8 de Vale das Antas	Melgaço	Castro Laboreiro e Lamas de Mouro		megalithic_mound	120.0	data/external/weak-label-relief-v1/train/negative/wl-tile-v1-09762-neg-pt-dgpc-114012-mdt5.tif	failed	manifest_dem_status:unsupported_country																	
wl-tile-v1-09631	wl-neg-neg-pt-dgpc-109551	neg-pt-dgpc-109551	0	hard_negative	train	PT	Mamoa 9 de Bustelo	Vila Verde	Ribeira do Neiva		megalithic_mound	120.0	data/external/weak-label-relief-v1/train/negative/wl-tile-v1-09631-neg-pt-dgpc-109551-mdt5.tif	failed	manifest_dem_status:unsupported_country																	
wl-tile-v1-09763	wl-neg-neg-pt-dgpc-114016	neg-pt-dgpc-114016	0	hard_negative	train	PT	Mamoa 9 de Vale das Antas	Melgaço	Castro Laboreiro e Lamas de Mouro		megalithic_mound	120.0	data/external/weak-label-relief-v1/train/negative/wl-tile-v1-09763-neg-pt-dgpc-114016-mdt5.tif	failed	manifest_dem_status:unsupported_country																	
wl-tile-v1-09606	wl-neg-neg-pt-dgpc-114669	neg-pt-dgpc-114669	0	hard_negative	train	PT	Mamoa I da Bouça do Fojo	Terras de Bouro	Chorense e Monte		megalithic_mound	120.0	data/external/weak-label-relief-v1/train/negative/wl-tile-v1-09606-neg-pt-dgpc-114669-mdt5.tif	failed	manifest_dem_status:unsupported_country																	
wl-tile-v1-09614	wl-neg-neg-pt-dgpc-114678	neg-pt-dgpc-114678	0	hard_negative	train	PT	Mamoa I da Chã da Navia/ Nave	Terras de Bouro	Chamoim e Vilar		megalithic_mound	120.0	data/external/weak-label-relief-v1/train/negative/wl-tile-v1-09614-neg-pt-dgpc-114678-mdt5.tif	failed	manifest_dem_status:unsupported_country																	
wl-tile-v1-09695	wl-neg-neg-pt-dgpc-104689	neg-pt-dgpc-104689	0	hard_negative	train	PT	Mamoa I de Ardegães	Maia	Águas Santas		megalithic_mound	120.0	data/external/weak-label-relief-v1/train/negative/wl-tile-v1-09695-neg-pt-dgpc-104689-mdt5.tif	failed	manifest_dem_status:unsupported_country																	
wl-tile-v1-09601	wl-neg-neg-pt-dgpc-114661	neg-pt-dgpc-114661	0	hard_negative	train	PT	Mamoa I de Cimo de Carregadela	Terras de Bouro	Cibões e Brufe		megalithic_mound	120.0	data/external/weak-label-relief-v1/train/negative/wl-tile-v1-09601-neg-pt-dgpc-114661-mdt5.tif	failed	manifest_dem_status:unsupported_country																	
wl-tile-v1-09697	wl-neg-neg-pt-dgpc-104726	neg-pt-dgpc-104726	0	hard_negative	train	PT	Mamoa I de Godêlo	Maia	Nogueira e Silva Escura		megalithic_mound	120.0	data/external/weak-label-relief-v1/train/negative/wl-tile-v1-09697-neg-pt-dgpc-104726-mdt5.tif	failed	manifest_dem_status:unsupported_country																	
wl-tile-v1-09610	wl-neg-neg-pt-dgpc-114673	neg-pt-dgpc-114673	0	hard_negative	train	PT	Mamoa I de Porta Cerdeiros	Terras de Bouro	Chorense e Monte		megalithic_mound	120.0	data/external/weak-label-relief-v1/train/negative/wl-tile-v1-09610-neg-pt-dgpc-114673-mdt5.tif	failed	manifest_dem_status:unsupported_country																	
wl-tile-v1-09618	wl-neg-neg-pt-dgpc-107020	neg-pt-dgpc-107020	0	hard_negative	train	PT	Mamoa I de Vermoim (São Cosme)	Vila Nova de Famalicão	Vermoim		megalithic_mound	120.0	data/external/weak-label-relief-v1/train/negative/wl-tile-v1-09618-neg-pt-dgpc-107020-mdt5.tif	failed	manifest_dem_status:unsupported_country																	
wl-tile-v1-09607	wl-neg-neg-pt-dgpc-114670	neg-pt-dgpc-114670	0	hard_negative	train	PT	Mamoa II da Bouça do Fojo	Terras de Bouro	Chorense e Monte		megalithic_mound	120.0	data/external/weak-label-relief-v1/train/negative/wl-tile-v1-09607-neg-pt-dgpc-114670-mdt5.tif	failed	manifest_dem_status:unsupported_country																	
wl-tile-v1-09615	wl-neg-neg-pt-dgpc-114679	neg-pt-dgpc-114679	0	hard_negative	train	PT	Mamoa II da Chã da Navia/ Nave	Terras de Bouro	Chamoim e Vilar		megalithic_mound	120.0	data/external/weak-label-relief-v1/train/negative/wl-tile-v1-09615-neg-pt-dgpc-114679-mdt5.tif	failed	manifest_dem_status:unsupported_country																	
wl-tile-v1-09694	wl-neg-neg-pt-dgpc-104670	neg-pt-dgpc-104670	0	hard_negative	train	PT	Mamoa II de Ardegães	Maia	Águas Santas		megalithic_mound	120.0	data/external/weak-label-relief-v1/train/negative/wl-tile-v1-09694-neg-pt-dgpc-104670-mdt5.tif	failed	manifest_dem_status:unsupported_country																	
wl-tile-v1-09602	wl-neg-neg-pt-dgpc-114662	neg-pt-dgpc-114662	0	hard_negative	train	PT	Mamoa II de Cimo de Carregadela	Terras de Bouro	Cibões e Brufe		megalithic_mound	120.0	data/external/weak-label-relief-v1/train/negative/wl-tile-v1-09602-neg-pt-dgpc-114662-mdt5.tif	failed	manifest_dem_status:unsupported_country																	
wl-tile-v1-09696	wl-neg-neg-pt-dgpc-104712	neg-pt-dgpc-104712	0	hard_negative	train	PT	Mamoa II de Godêlo	Maia	Nogueira e Silva Escura		megalithic_mound	120.0	data/external/weak-label-relief-v1/train/negative/wl-tile-v1-09696-neg-pt-dgpc-104712-mdt5.tif	failed	manifest_dem_status:unsupported_country																	
wl-tile-v1-09611	wl-neg-neg-pt-dgpc-114675	neg-pt-dgpc-114675	0	hard_negative	train	PT	Mamoa II de Porta Cerdeiros	Terras de Bouro	Chorense e Monte		megalithic_mound	120.0	data/external/weak-label-relief-v1/train/negative/wl-tile-v1-09611-neg-pt-dgpc-114675-mdt5.tif	failed	manifest_dem_status:unsupported_country																	
wl-tile-v1-09620	wl-neg-neg-pt-dgpc-107041	neg-pt-dgpc-107041	0	hard_negative	train	PT	Mamoa II de Vermoim (São Cosme)	Vila Nova de Famalicão	Vermoim		megalithic_mound	120.0	data/external/weak-label-relief-v1/train/negative/wl-tile-v1-09620-neg-pt-dgpc-107041-mdt5.tif	failed	manifest_dem_status:unsupported_country																	
wl-tile-v1-09608	wl-neg-neg-pt-dgpc-114671	neg-pt-dgpc-114671	0	hard_negative	train	PT	Mamoa III da Bouça do Fojo	Terras de Bouro	Chorense e Monte		megalithic_mound	120.0	data/external/weak-label-relief-v1/train/negative/wl-tile-v1-09608-neg-pt-dgpc-114671-mdt5.tif	failed	manifest_dem_status:unsupported_country																	
wl-tile-v1-09603	wl-neg-neg-pt-dgpc-114663	neg-pt-dgpc-114663	0	hard_negative	train	PT	Mamoa III de Cimo de Carregadela	Terras de Bouro	Cibões e Brufe		megalithic_mound	120.0	data/external/weak-label-relief-v1/train/negative/wl-tile-v1-09603-neg-pt-dgpc-114663-mdt5.tif	failed	manifest_dem_status:unsupported_country																	
wl-tile-v1-09612	wl-neg-neg-pt-dgpc-114676	neg-pt-dgpc-114676	0	hard_negative	train	PT	Mamoa III de Porta Cerdeiros	Terras de Bouro	Chorense e Monte		megalithic_mound	120.0	data/external/weak-label-relief-v1/train/negative/wl-tile-v1-09612-neg-pt-dgpc-114676-mdt5.tif	failed	manifest_dem_status:unsupported_country																	
wl-tile-v1-09619	wl-neg-neg-pt-dgpc-107032	neg-pt-dgpc-107032	0	hard_negative	train	PT	Mamoa III de Vermoim (São Cosme)	Vila Nova de Famalicão	Vermoim		megalithic_mound	120.0	data/external/weak-label-relief-v1/train/negative/wl-tile-v1-09619-neg-pt-dgpc-107032-mdt5.tif	failed	manifest_dem_status:unsupported_country																	
wl-tile-v1-09617	wl-neg-neg-pt-dgpc-107012	neg-pt-dgpc-107012	0	hard_negative	train	PT	Mamoa IV Vermoim (São Cosme)	Vila Nova de Famalicão	Vermoim		megalithic_mound	120.0	data/external/weak-label-relief-v1/train/negative/wl-tile-v1-09617-neg-pt-dgpc-107012-mdt5.tif	failed	manifest_dem_status:unsupported_country																	
wl-tile-v1-09609	wl-neg-neg-pt-dgpc-114672	neg-pt-dgpc-114672	0	hard_negative	train	PT	Mamoa IV da Bouça do Fojo	Terras de Bouro	Chorense e Monte		megalithic_mound	120.0	data/external/weak-label-relief-v1/train/negative/wl-tile-v1-09609-neg-pt-dgpc-114672-mdt5.tif	failed	manifest_dem_status:unsupported_country																	
wl-tile-v1-09613	wl-neg-neg-pt-dgpc-114677	neg-pt-dgpc-114677	0	hard_negative	train	PT	Mamoa IV de Porta Cerdeiros	Terras de Bouro	Chorense e Monte		megalithic_mound	120.0	data/external/weak-label-relief-v1/train/negative/wl-tile-v1-09613-neg-pt-dgpc-114677-mdt5.tif	failed	manifest_dem_status:unsupported_country																	
wl-tile-v1-09802	wl-neg-neg-pt-dgpc-108626	neg-pt-dgpc-108626	0	hard_negative	train	PT	Mamoa da Giadela	Ponte da Barca	Entre Ambos-os-Rios, Ermida e Germil		megalithic_mound	120.0	data/external/weak-label-relief-v1/train/negative/wl-tile-v1-09802-neg-pt-dgpc-108626-mdt5.tif	failed	manifest_dem_status:unsupported_country																	
wl-tile-v1-09781	wl-neg-neg-pt-dgpc-112380	neg-pt-dgpc-112380	0	hard_negative	train	PT	Mamoa da Sela	Paredes de Coura	Formariz e Ferreira		megalithic_mound	120.0	data/external/weak-label-relief-v1/train/negative/wl-tile-v1-09781-neg-pt-dgpc-112380-mdt5.tif	failed	manifest_dem_status:unsupported_country																	
wl-tile-v1-09594	wl-neg-neg-pt-dgpc-109828	neg-pt-dgpc-109828	0	hard_negative	train	PT	Mamoa de Cutelo	Terras de Bouro	Cibões e Brufe		megalithic_mound	120.0	data/external/weak-label-relief-v1/train/negative/wl-tile-v1-09594-neg-pt-dgpc-109828-mdt5.tif	failed	manifest_dem_status:unsupported_country																	
wl-tile-v1-09547	wl-neg-neg-pt-dgpc-114694	neg-pt-dgpc-114694	0	hard_negative	train	PT	Mamoa de Infia 2 / Mamoa dos Barros Brancos 4	Barcelos	Fragoso		megalithic_mound	120.0	data/external/weak-label-relief-v1/train/negative/wl-tile-v1-09547-neg-pt-dgpc-114694-mdt5.tif	failed	manifest_dem_status:unsupported_country																	
wl-tile-v1-09783	wl-neg-neg-pt-dgpc-112384	neg-pt-dgpc-112384	0	hard_negative	train	PT	Mamoa do Alto do Moinho do Couto	Paredes de Coura	Insalde e Porreiras		megalithic_mound	120.0	data/external/weak-label-relief-v1/train/negative/wl-tile-v1-09783-neg-pt-dgpc-112384-mdt5.tif	failed	manifest_dem_status:unsupported_country																	
wl-tile-v1-09640	wl-neg-neg-pt-dgpc-109873	neg-pt-dgpc-109873	0	hard_negative	train	PT	Mamoa do Couto	Vila Verde	Ribeira do Neiva		megalithic_mound	120.0	data/external/weak-label-relief-v1/train/negative/wl-tile-v1-09640-neg-pt-dgpc-109873-mdt5.tif	failed	manifest_dem_status:unsupported_country																	
wl-tile-v1-09596	wl-neg-neg-pt-dgpc-114656	neg-pt-dgpc-114656	0	hard_negative	train	PT	Mamoa do Cruzeiro	Terras de Bouro	Campo do Gerês		megalithic_mound	120.0	data/external/weak-label-relief-v1/train/negative/wl-tile-v1-09596-neg-pt-dgpc-114656-mdt5.tif	failed	manifest_dem_status:unsupported_country																	
wl-tile-v1-09699	wl-neg-neg-pt-dgpc-104859	neg-pt-dgpc-104859	0	hard_negative	train	PT	Mamoa do Leandro 3	Maia	São Pedro Fins		megalithic_mound	120.0	data/external/weak-label-relief-v1/train/negative/wl-tile-v1-09699-neg-pt-dgpc-104859-mdt5.tif	failed	manifest_dem_status:unsupported_country																	
wl-tile-v1-09700	wl-neg-neg-pt-dgpc-104887	neg-pt-dgpc-104887	0	hard_negative	train	PT	Mamoa do Leandro 4	Maia	Nogueira e Silva Escura		megalithic_mound	120.0	data/external/weak-label-relief-v1/train/negative/wl-tile-v1-09700-neg-pt-dgpc-104887-mdt5.tif	failed	manifest_dem_status:unsupported_country																	
wl-tile-v1-09698	wl-neg-neg-pt-dgpc-104855	neg-pt-dgpc-104855	0	hard_negative	train	PT	Mamoa do Leandro 5	Maia	Nogueira e Silva Escura		megalithic_mound	120.0	data/external/weak-label-relief-v1/train/negative/wl-tile-v1-09698-neg-pt-dgpc-104855-mdt5.tif	failed	manifest_dem_status:unsupported_country																	
wl-tile-v1-09788	wl-neg-neg-pt-dgpc-112390	neg-pt-dgpc-112390	0	hard_negative	train	PT	Mamoa dos Agueiros	Paredes de Coura	Insalde e Porreiras		megalithic_mound	120.0	data/external/weak-label-relief-v1/train/negative/wl-tile-v1-09788-neg-pt-dgpc-112390-mdt5.tif	failed	manifest_dem_status:unsupported_country																	
wl-tile-v1-09797	wl-neg-neg-pt-dgpc-112408	neg-pt-dgpc-112408	0	hard_negative	train	PT	Mamoa dos Agueiros	Paredes de Coura	Insalde e Porreiras		megalithic_mound	120.0	data/external/weak-label-relief-v1/train/negative/wl-tile-v1-09797-neg-pt-dgpc-112408-mdt5.tif	failed	manifest_dem_status:unsupported_country																	
wl-tile-v1-09801	wl-neg-neg-pt-dgpc-112422	neg-pt-dgpc-112422	0	hard_negative	train	PT	Mamoa dos Agueiros	Paredes de Coura	Insalde e Porreiras		megalithic_mound	120.0	data/external/weak-label-relief-v1/train/negative/wl-tile-v1-09801-neg-pt-dgpc-112422-mdt5.tif	failed	manifest_dem_status:unsupported_country																	
wl-tile-v1-09678	wl-neg-neg-pt-dgpc-112099	neg-pt-dgpc-112099	0	hard_negative	train	PT	Mamoa dos Crastos (Broalhos)	Gondomar	Melres e Medas		megalithic_mound	120.0	data/external/weak-label-relief-v1/train/negative/wl-tile-v1-09678-neg-pt-dgpc-112099-mdt5.tif	failed	manifest_dem_status:unsupported_country																	
wl-tile-v1-09679	wl-neg-neg-pt-dgpc-112102	neg-pt-dgpc-112102	0	hard_negative	train	PT	Mamoa dos Valinhos (Broalhos)	Gondomar	Melres e Medas		megalithic_mound	120.0	data/external/weak-label-relief-v1/train/negative/wl-tile-v1-09679-neg-pt-dgpc-112102-mdt5.tif	failed	manifest_dem_status:unsupported_country																	
wl-tile-v1-09624	wl-neg-neg-pt-dgpc-109025	neg-pt-dgpc-109025	0	hard_negative	train	PT	Marrancos	Vila Verde	Marrancos e Arcozelo		roman_built_context	120.0	data/external/weak-label-relief-v1/train/negative/wl-tile-v1-09624-neg-pt-dgpc-109025-mdt5.tif	failed	manifest_dem_status:unsupported_country																	
wl-tile-v1-09661	wl-neg-neg-pt-dgpc-108898	neg-pt-dgpc-108898	0	hard_negative	train	PT	Modorro	Vinhais	Vila Verde		roman_built_context	120.0	data/external/weak-label-relief-v1/train/negative/wl-tile-v1-09661-neg-pt-dgpc-108898-mdt5.tif	failed	manifest_dem_status:unsupported_country																	
wl-tile-v1-09546	wl-neg-neg-pt-dgpc-113947	neg-pt-dgpc-113947	0	hard_negative	train	PT	Monte	Barcelos	Milhazes, Vilar de Figos e Faria		roman_built_context	120.0	data/external/weak-label-relief-v1/train/negative/wl-tile-v1-09546-neg-pt-dgpc-113947-mdt5.tif	failed	manifest_dem_status:unsupported_country																	
wl-tile-v1-09659	wl-neg-neg-pt-dgpc-108539	neg-pt-dgpc-108539	0	hard_negative	train	PT	Monte da Igrejinha	Vinhais	Quirás e Pinheiro Novo		roman_built_context	120.0	data/external/weak-label-relief-v1/train/negative/wl-tile-v1-09659-neg-pt-dgpc-108539-mdt5.tif	failed	manifest_dem_status:unsupported_country																	
wl-tile-v1-09713	wl-neg-neg-pt-dgpc-106169	neg-pt-dgpc-106169	0	hard_negative	train	PT	Monte de São Brás	Matosinhos	Custóias, Leça do Balio e Guifões		roman_built_context	120.0	data/external/weak-label-relief-v1/train/negative/wl-tile-v1-09713-neg-pt-dgpc-106169-mdt5.tif	failed	manifest_dem_status:unsupported_country																	
wl-tile-v1-09752	wl-neg-neg-pt-dgpc-111087	neg-pt-dgpc-111087	0	hard_negative	train	PT	Monte de São Marcos	Melgaço	Paderne		roman_built_context	120.0	data/external/weak-label-relief-v1/train/negative/wl-tile-v1-09752-neg-pt-dgpc-111087-mdt5.tif	failed	manifest_dem_status:unsupported_country																	
wl-tile-v1-09864	wl-neg-neg-pt-dgpc-104962	neg-pt-dgpc-104962	0	hard_negative	train	PT	Monte de São Pedro	Sabrosa	Vilarinho de São Romão		roman_built_context	120.0	data/external/weak-label-relief-v1/train/negative/wl-tile-v1-09864-neg-pt-dgpc-104962-mdt5.tif	failed	manifest_dem_status:unsupported_country																	
wl-tile-v1-09814	wl-neg-neg-pt-dgpc-110407	neg-pt-dgpc-110407	0	hard_negative	train	PT	Monte dos Fortes - Núcleo I	Valença	Gandra e Taião		rock_art_surface	120.0	data/external/weak-label-relief-v1/train/negative/wl-tile-v1-09814-neg-pt-dgpc-110407-mdt5.tif	failed	manifest_dem_status:unsupported_country																	
wl-tile-v1-09815	wl-neg-neg-pt-dgpc-110409	neg-pt-dgpc-110409	0	hard_negative	train	PT	Monte dos Fortes - Núcleo II	Valença	Gandra e Taião		rock_art_surface	120.0	data/external/weak-label-relief-v1/train/negative/wl-tile-v1-09815-neg-pt-dgpc-110409-mdt5.tif	failed	manifest_dem_status:unsupported_country																	
wl-tile-v1-09767	wl-neg-neg-pt-dgpc-108290	neg-pt-dgpc-108290	0	hard_negative	train	PT	Monterrão	Paredes de Coura	Agualonga		roman_built_context	120.0	data/external/weak-label-relief-v1/train/negative/wl-tile-v1-09767-neg-pt-dgpc-108290-mdt5.tif	failed	manifest_dem_status:unsupported_country																	
wl-tile-v1-09655	wl-neg-neg-pt-dgpc-106637	neg-pt-dgpc-106637	0	hard_negative	train	PT	Moreirão	Vila Flor	Santa Comba de Vilariça		roman_built_context	120.0	data/external/weak-label-relief-v1/train/negative/wl-tile-v1-09655-neg-pt-dgpc-106637-mdt5.tif	failed	manifest_dem_status:unsupported_country																	
wl-tile-v1-09751	wl-neg-neg-pt-dgpc-111031	neg-pt-dgpc-111031	0	hard_negative	train	PT	Mota	Melgaço	Castro Laboreiro e Lamas de Mouro		megalithic_mound	120.0	data/external/weak-label-relief-v1/train/negative/wl-tile-v1-09751-neg-pt-dgpc-111031-mdt5.tif	failed	manifest_dem_status:unsupported_country																	
wl-tile-v1-09794	wl-neg-neg-pt-dgpc-112396	neg-pt-dgpc-112396	0	hard_negative	train	PT	Mourela	Paredes de Coura	Cunha		rock_art_surface	120.0	data/external/weak-label-relief-v1/train/negative/wl-tile-v1-09794-neg-pt-dgpc-112396-mdt5.tif	failed	manifest_dem_status:unsupported_country																	
wl-tile-v1-09544	wl-neg-neg-pt-dgpc-112414	neg-pt-dgpc-112414	0	hard_negative	train	PT	Mourisca	Barcelos	Campo e Tamel (São Pedro Fins)		necropolis_or_burial;roman_built_context	120.0	data/external/weak-label-relief-v1/train/negative/wl-tile-v1-09544-neg-pt-dgpc-112414-mdt5.tif	failed	manifest_dem_status:unsupported_country																	
wl-tile-v1-09735	wl-neg-neg-pt-dgpc-108849	neg-pt-dgpc-108849	0	hard_negative	train	PT	Murteira	Arcos de Valdevez	Vale		necropolis_or_burial	120.0	data/external/weak-label-relief-v1/train/negative/wl-tile-v1-09735-neg-pt-dgpc-108849-mdt5.tif	failed	manifest_dem_status:unsupported_country																	
wl-tile-v1-09770	wl-neg-neg-pt-dgpc-108392	neg-pt-dgpc-108392	0	hard_negative	train	PT	Mó	Paredes de Coura	Parada		roman_built_context	120.0	data/external/weak-label-relief-v1/train/negative/wl-tile-v1-09770-neg-pt-dgpc-108392-mdt5.tif	failed	manifest_dem_status:unsupported_country																	
wl-tile-v1-09668	wl-neg-neg-pt-dgpc-113078	neg-pt-dgpc-113078	0	hard_negative	train	PT	Necróple do Barral	Amarante	Amarante (São Gonçalo), Madalena, Cepelos e Gatão		necropolis_or_burial;roman_built_context	120.0	data/external/weak-label-relief-v1/train/negative/wl-tile-v1-09668-neg-pt-dgpc-113078-mdt5.tif	failed	manifest_dem_status:unsupported_country																	
wl-tile-v1-09772	wl-neg-neg-pt-dgpc-108400	neg-pt-dgpc-108400	0	hard_negative	train	PT	Nogueira	Paredes de Coura	Paredes de Coura e Resende		necropolis_or_burial;roman_built_context	120.0	data/external/weak-label-relief-v1/train/negative/wl-tile-v1-09772-neg-pt-dgpc-108400-mdt5.tif	failed	manifest_dem_status:unsupported_country																	
wl-tile-v1-09750	wl-neg-neg-pt-dgpc-108585	neg-pt-dgpc-108585	0	hard_negative	train	PT	Nossa Senhora do Numão	Melgaço	Castro Laboreiro e Lamas de Mouro		rock_art_surface	120.0	data/external/weak-label-relief-v1/train/negative/wl-tile-v1-09750-neg-pt-dgpc-108585-mdt5.tif	failed	manifest_dem_status:unsupported_country																	
wl-tile-v1-09641	wl-neg-neg-pt-dgpc-111266	neg-pt-dgpc-111266	0	hard_negative	train	PT	Outeirinho	Vila Verde	Vila Verde e Barbudo		roman_built_context	120.0	data/external/weak-label-relief-v1/train/negative/wl-tile-v1-09641-neg-pt-dgpc-111266-mdt5.tif	failed	manifest_dem_status:unsupported_country																	
wl-tile-v1-09804	wl-neg-neg-pt-dgpc-108500	neg-pt-dgpc-108500	0	hard_negative	train	PT	Outeiro da Madorra	Valença	São Julião e Silva		roman_built_context	120.0	data/external/weak-label-relief-v1/train/negative/wl-tile-v1-09804-neg-pt-dgpc-108500-mdt5.tif	failed	manifest_dem_status:unsupported_country																	
wl-tile-v1-09674	wl-neg-neg-pt-dgpc-105998	neg-pt-dgpc-105998	0	hard_negative	train	PT	Outeiro de Gregos 2	Baião	Campelo e Ovil		megalithic_mound	120.0	data/external/weak-label-relief-v1/train/negative/wl-tile-v1-09674-neg-pt-dgpc-105998-mdt5.tif	failed	manifest_dem_status:unsupported_country																	
wl-tile-v1-09837	wl-neg-neg-pt-dgpc-109218	neg-pt-dgpc-109218	0	hard_negative	train	PT	Outeiro do Coxo	Chaves	Santa Leocádia		roman_built_context	120.0	data/external/weak-label-relief-v1/train/negative/wl-tile-v1-09837-neg-pt-dgpc-109218-mdt5.tif	failed	manifest_dem_status:unsupported_country																	
wl-tile-v1-09703	wl-neg-neg-pt-dgpc-105079	neg-pt-dgpc-105079	0	hard_negative	train	PT	Paiço	Maia	Castêlo da Maia		roman_built_context	120.0	data/external/weak-label-relief-v1/train/negative/wl-tile-v1-09703-neg-pt-dgpc-105079-mdt5.tif	failed	manifest_dem_status:unsupported_country																	
wl-tile-v1-09854	wl-neg-neg-pt-dgpc-107042	neg-pt-dgpc-107042	0	hard_negative	train	PT	Paradela	Mondim de Basto	São Cristóvão de Mondim de Basto		rock_art_surface	120.0	data/external/weak-label-relief-v1/train/negative/wl-tile-v1-09854-neg-pt-dgpc-107042-mdt5.tif	failed	manifest_dem_status:unsupported_country																	
wl-tile-v1-09840	wl-neg-neg-pt-dgpc-109427	neg-pt-dgpc-109427	0	hard_negative	train	PT	Parque multiusos de Santa Cruz - Chaves	Chaves	Outeiro Seco		roman_built_context	120.0	data/external/weak-label-relief-v1/train/negative/wl-tile-v1-09840-neg-pt-dgpc-109427-mdt5.tif	failed	manifest_dem_status:unsupported_country																	
wl-tile-v1-09834	wl-neg-neg-pt-dgpc-109141	neg-pt-dgpc-109141	0	hard_negative	train	PT	Pedra Alta 1	Chaves	Santa Leocádia		necropolis_or_burial	120.0	data/external/weak-label-relief-v1/train/negative/wl-tile-v1-09834-neg-pt-dgpc-109141-mdt5.tif	failed	manifest_dem_status:unsupported_country																	
wl-tile-v1-09833	wl-neg-neg-pt-dgpc-109128	neg-pt-dgpc-109128	0	hard_negative	train	PT	Pedra Alta 2	Chaves	Santa Leocádia		roman_built_context	120.0	data/external/weak-label-relief-v1/train/negative/wl-tile-v1-09833-neg-pt-dgpc-109128-mdt5.tif	failed	manifest_dem_status:unsupported_country																	
wl-tile-v1-09838	wl-neg-neg-pt-dgpc-109299	neg-pt-dgpc-109299	0	hard_negative	train	PT	Pedra do Vale da Via	Chaves	Vale de Anta		rock_art_surface	120.0	data/external/weak-label-relief-v1/train/negative/wl-tile-v1-09838-neg-pt-dgpc-109299-mdt5.tif	failed	manifest_dem_status:unsupported_country																	
wl-tile-v1-09844	wl-neg-neg-pt-dgpc-109770	neg-pt-dgpc-109770	0	hard_negative	train	PT	Penedo das Cruzes	Chaves	SantaCruz/Trindade e Sanjurge		rock_art_surface	120.0	data/external/weak-label-relief-v1/train/negative/wl-tile-v1-09844-neg-pt-dgpc-109770-mdt5.tif	failed	manifest_dem_status:unsupported_country																	
wl-tile-v1-09676	wl-neg-neg-pt-dgpc-112187	neg-pt-dgpc-112187	0	hard_negative	train	PT	Penedo de São Gonçalo	Felgueiras	Margaride (Santa Eulália), Várzea, Lagares, Varziela e Moure		rock_art_surface	120.0	data/external/weak-label-relief-v1/train/negative/wl-tile-v1-09676-neg-pt-dgpc-112187-mdt5.tif	failed	manifest_dem_status:unsupported_country																	
wl-tile-v1-09745	wl-neg-neg-pt-dgpc-108389	neg-pt-dgpc-108389	0	hard_negative	train	PT	Penedo do Trinco	Caminha	Lanhelas		rock_art_surface	120.0	data/external/weak-label-relief-v1/train/negative/wl-tile-v1-09745-neg-pt-dgpc-108389-mdt5.tif	failed	manifest_dem_status:unsupported_country																	
wl-tile-v1-09845	wl-neg-neg-pt-dgpc-109789	neg-pt-dgpc-109789	0	hard_negative	train	PT	Penedo do Vale Salgueiro	Chaves	SantaCruz/Trindade e Sanjurge		rock_art_surface	120.0	data/external/weak-label-relief-v1/train/negative/wl-tile-v1-09845-neg-pt-dgpc-109789-mdt5.tif	failed	manifest_dem_status:unsupported_country																	
wl-tile-v1-09738	wl-neg-neg-pt-dgpc-112377	neg-pt-dgpc-112377	0	hard_negative	train	PT	Pereiras 3	Arcos de Valdevez	Sistelo		megalithic_mound	120.0	data/external/weak-label-relief-v1/train/negative/wl-tile-v1-09738-neg-pt-dgpc-112377-mdt5.tif	failed	manifest_dem_status:unsupported_country																	
wl-tile-v1-09728	wl-neg-neg-pt-dgpc-111335	neg-pt-dgpc-111335	0	hard_negative	train	PT	Pinheiral/Pedra do Sol	Póvoa de Varzim	Balazar		megalithic_mound	120.0	data/external/weak-label-relief-v1/train/negative/wl-tile-v1-09728-neg-pt-dgpc-111335-mdt5.tif	failed	manifest_dem_status:unsupported_country																	
wl-tile-v1-09670	wl-neg-neg-pt-dgpc-113994	neg-pt-dgpc-113994	0	hard_negative	train	PT	Ponte Medieval de Amarante	Amarante	Amarante (São Gonçalo), Madalena, Cepelos e Gatão		roman_built_context	120.0	data/external/weak-label-relief-v1/train/negative/wl-tile-v1-09670-neg-pt-dgpc-113994-mdt5.tif	failed	manifest_dem_status:unsupported_country																	
wl-tile-v1-09604	wl-neg-neg-pt-dgpc-114664	neg-pt-dgpc-114664	0	hard_negative	train	PT	Ponte Nova	Terras de Bouro	Chamoim e Vilar		roman_built_context	120.0	data/external/weak-label-relief-v1/train/negative/wl-tile-v1-09604-neg-pt-dgpc-114664-mdt5.tif	failed	manifest_dem_status:unsupported_country																	
wl-tile-v1-09645	wl-neg-neg-pt-dgpc-106915	neg-pt-dgpc-106915	0	hard_negative	train	PT	Ponte Nova	Vizela	Vizela (Santo Adrião)		roman_built_context	120.0	data/external/weak-label-relief-v1/train/negative/wl-tile-v1-09645-neg-pt-dgpc-106915-mdt5.tif	failed	manifest_dem_status:unsupported_country																	
wl-tile-v1-09646	wl-neg-neg-pt-dgpc-106922	neg-pt-dgpc-106922	0	hard_negative	train	PT	Ponte Velha de Vizela	Vizela	Caldas de Vizela (São Miguel e São João)		roman_built_context	120.0	data/external/weak-label-relief-v1/train/negative/wl-tile-v1-09646-neg-pt-dgpc-106922-mdt5.tif	failed	manifest_dem_status:unsupported_country																	
wl-tile-v1-09709	wl-neg-neg-pt-dgpc-106113	neg-pt-dgpc-106113	0	hard_negative	train	PT	Ponte da Pedra	Matosinhos	Custóias, Leça do Balio e Guifões		roman_built_context	120.0	data/external/weak-label-relief-v1/train/negative/wl-tile-v1-09709-neg-pt-dgpc-106113-mdt5.tif	failed	manifest_dem_status:unsupported_country																	
wl-tile-v1-09680	wl-neg-neg-pt-dgpc-106255	neg-pt-dgpc-106255	0	hard_negative	train	PT	Ponte da Veiga	Lousada	Torno		roman_built_context	120.0	data/external/weak-label-relief-v1/train/negative/wl-tile-v1-09680-neg-pt-dgpc-106255-mdt5.tif	failed	manifest_dem_status:unsupported_country																	
wl-tile-v1-09644	wl-neg-neg-pt-dgpc-114684	neg-pt-dgpc-114684	0	hard_negative	train	PT	Ponte de Agrela	Vila Verde	Freguesias do Vade		roman_built_context	120.0	data/external/weak-label-relief-v1/train/negative/wl-tile-v1-09644-neg-pt-dgpc-114684-mdt5.tif	failed	manifest_dem_status:unsupported_country																	
wl-tile-v1-09598	wl-neg-neg-pt-dgpc-114658	neg-pt-dgpc-114658	0	hard_negative	train	PT	Ponte de Cabaninhas	Terras de Bouro	Carvalheira		roman_built_context	120.0	data/external/weak-label-relief-v1/train/negative/wl-tile-v1-09598-neg-pt-dgpc-114658-mdt5.tif	failed	manifest_dem_status:unsupported_country																	
wl-tile-v1-09599	wl-neg-neg-pt-dgpc-114659	neg-pt-dgpc-114659	0	hard_negative	train	PT	Ponte de Carvalheira/ Ponte de Quintão	Terras de Bouro	Carvalheira		roman_built_context	120.0	data/external/weak-label-relief-v1/train/negative/wl-tile-v1-09599-neg-pt-dgpc-114659-mdt5.tif	failed	manifest_dem_status:unsupported_country																	
wl-tile-v1-09714	wl-neg-neg-pt-dgpc-106174	neg-pt-dgpc-106174	0	hard_negative	train	PT	Ponte de Dom Goimil	Matosinhos	Custóias, Leça do Balio e Guifões		roman_built_context	120.0	data/external/weak-label-relief-v1/train/negative/wl-tile-v1-09714-neg-pt-dgpc-106174-mdt5.tif	failed	manifest_dem_status:unsupported_country																	
wl-tile-v1-09597	wl-neg-neg-pt-dgpc-114657	neg-pt-dgpc-114657	0	hard_negative	train	PT	Ponte de Eixões/ Roda	Terras de Bouro	Campo do Gerês		roman_built_context	120.0	data/external/weak-label-relief-v1/train/negative/wl-tile-v1-09597-neg-pt-dgpc-114657-mdt5.tif	failed	manifest_dem_status:unsupported_country																	
wl-tile-v1-09650	wl-neg-neg-pt-dgpc-107668	neg-pt-dgpc-107668	0	hard_negative	train	PT	Ponte de Frieira	Bragança	Macedo do Mato		roman_built_context	120.0	data/external/weak-label-relief-v1/train/negative/wl-tile-v1-09650-neg-pt-dgpc-107668-mdt5.tif	failed	manifest_dem_status:unsupported_country																	
wl-tile-v1-09643	wl-neg-neg-pt-dgpc-114683	neg-pt-dgpc-114683	0	hard_negative	train	PT	Ponte de Permedelos	Vila Verde	Freguesias do Vade		roman_built_context	120.0	data/external/weak-label-relief-v1/train/negative/wl-tile-v1-09643-neg-pt-dgpc-114683-mdt5.tif	failed	manifest_dem_status:unsupported_country																	
wl-tile-v1-09605	wl-neg-neg-pt-dgpc-114665	neg-pt-dgpc-114665	0	hard_negative	train	PT	Ponte de Porta Santo/ Porta Santa/ Porto Santo	Terras de Bouro	Carvalheira		roman_built_context	120.0	data/external/weak-label-relief-v1/train/negative/wl-tile-v1-09605-neg-pt-dgpc-114665-mdt5.tif	failed	manifest_dem_status:unsupported_country																	
wl-tile-v1-09769	wl-neg-neg-pt-dgpc-108373	neg-pt-dgpc-108373	0	hard_negative	train	PT	Ponte de Rubiães	Paredes de Coura	Cossourado_		roman_built_context	120.0	data/external/weak-label-relief-v1/train/negative/wl-tile-v1-09769-neg-pt-dgpc-108373-mdt5.tif	failed	manifest_dem_status:unsupported_country																	
wl-tile-v1-09657	wl-neg-neg-pt-dgpc-107608	neg-pt-dgpc-107608	0	hard_negative	train	PT	Ponte de Santulhão	Vimioso	Santulhão		roman_built_context	120.0	data/external/weak-label-relief-v1/train/negative/wl-tile-v1-09657-neg-pt-dgpc-107608-mdt5.tif	failed	manifest_dem_status:unsupported_country																	
wl-tile-v1-09669	wl-neg-neg-pt-dgpc-113083	neg-pt-dgpc-113083	0	hard_negative	train	PT	Ponte do Arquinho	Amarante	Amarante (São Gonçalo), Madalena, Cepelos e Gatão		roman_built_context	120.0	data/external/weak-label-relief-v1/train/negative/wl-tile-v1-09669-neg-pt-dgpc-113083-mdt5.tif	failed	manifest_dem_status:unsupported_country																	
wl-tile-v1-09712	wl-neg-neg-pt-dgpc-106166	neg-pt-dgpc-106166	0	hard_negative	train	PT	Ponte do Carro	Matosinhos	Guifões		roman_built_context	120.0	data/external/weak-label-relief-v1/train/negative/wl-tile-v1-09712-neg-pt-dgpc-106166-mdt5.tif	failed	manifest_dem_status:unsupported_country																	
wl-tile-v1-09642	wl-neg-neg-pt-dgpc-114682	neg-pt-dgpc-114682	0	hard_negative	train	PT	Ponte do Couto	Vila Verde	Moure		roman_built_context	120.0	data/external/weak-label-relief-v1/train/negative/wl-tile-v1-09642-neg-pt-dgpc-114682-mdt5.tif	failed	manifest_dem_status:unsupported_country																	
wl-tile-v1-09705	wl-neg-neg-pt-dgpc-104615	neg-pt-dgpc-104615	0	hard_negative	train	PT	Ponte dos Ronfos/ Ponte de Barreiros/ Ponte da Azenha	Matosinhos	Custóias, Leça do Balio e Guifões		roman_built_context	120.0	data/external/weak-label-relief-v1/train/negative/wl-tile-v1-09705-neg-pt-dgpc-104615-mdt5.tif	failed	manifest_dem_status:unsupported_country																	
wl-tile-v1-09541	wl-neg-neg-pt-dgpc-111018	neg-pt-dgpc-111018	0	hard_negative	train	PT	Portela / Linhares de Água	Barcelos	Aborim		megalithic_mound	120.0	data/external/weak-label-relief-v1/train/negative/wl-tile-v1-09541-neg-pt-dgpc-111018-mdt5.tif	failed	manifest_dem_status:unsupported_country																	
wl-tile-v1-09790	wl-neg-neg-pt-dgpc-112392	neg-pt-dgpc-112392	0	hard_negative	train	PT	Portela da Anta 1/ Portela da Anta 2	Paredes de Coura	Formariz e Ferreira		rock_art_surface	120.0	data/external/weak-label-relief-v1/train/negative/wl-tile-v1-09790-neg-pt-dgpc-112392-mdt5.tif	failed	manifest_dem_status:unsupported_country																	
wl-tile-v1-09791	wl-neg-neg-pt-dgpc-112393	neg-pt-dgpc-112393	0	hard_negative	train	PT	Portela da Anta 3	Paredes de Coura	Formariz e Ferreira		rock_art_surface	120.0	data/external/weak-label-relief-v1/train/negative/wl-tile-v1-09791-neg-pt-dgpc-112393-mdt5.tif	failed	manifest_dem_status:unsupported_country																	
wl-tile-v1-09720	wl-neg-neg-pt-dgpc-105882	neg-pt-dgpc-105882	0	hard_negative	train	PT	Porto - Castelo de São João da Foz do Douro	Porto	Aldoar, Foz do Douro e Nevogilde		historic_fortification	120.0	data/external/weak-label-relief-v1/train/negative/wl-tile-v1-09720-neg-pt-dgpc-105882-mdt5.tif	failed	manifest_dem_status:unsupported_country																	
wl-tile-v1-09719	wl-neg-neg-pt-dgpc-105865	neg-pt-dgpc-105865	0	hard_negative	train	PT	Porto - Praça Almeida Garrett/Rua do Loureiro	Porto	Cedofeita, Santo Ildefonso, Sé, Miragaia, São Nicolau e Vitória		roman_built_context	120.0	data/external/weak-label-relief-v1/train/negative/wl-tile-v1-09719-neg-pt-dgpc-105865-mdt5.tif	failed	manifest_dem_status:unsupported_country																	
wl-tile-v1-09726	wl-neg-neg-pt-dgpc-112530	neg-pt-dgpc-112530	0	hard_negative	train	PT	Porto - Rua Infante D. Henrique, 19-29	Porto	Cedofeita, Santo Ildefonso, Sé, Miragaia, São Nicolau e Vitória		roman_built_context	120.0	data/external/weak-label-relief-v1/train/negative/wl-tile-v1-09726-neg-pt-dgpc-112530-mdt5.tif	failed	manifest_dem_status:unsupported_country																	
wl-tile-v1-09718	wl-neg-neg-pt-dgpc-105849	neg-pt-dgpc-105849	0	hard_negative	train	PT	Porto - Rua Mouzinho da Silveira, 208-214	Porto	Cedofeita, Santo Ildefonso, Sé, Miragaia, São Nicolau e Vitória		roman_built_context	120.0	data/external/weak-label-relief-v1/train/negative/wl-tile-v1-09718-neg-pt-dgpc-105849-mdt5.tif	failed	manifest_dem_status:unsupported_country																	
wl-tile-v1-09715	wl-neg-neg-pt-dgpc-105829	neg-pt-dgpc-105829	0	hard_negative	train	PT	Porto - Rua Mouzinho da Silveira, 56	Porto	Cedofeita, Santo Ildefonso, Sé, Miragaia, São Nicolau e Vitória		roman_built_context	120.0	data/external/weak-label-relief-v1/train/negative/wl-tile-v1-09715-neg-pt-dgpc-105829-mdt5.tif	failed	manifest_dem_status:unsupported_country																	
wl-tile-v1-09717	wl-neg-neg-pt-dgpc-105845	neg-pt-dgpc-105845	0	hard_negative	train	PT	Porto - Rua da Ponte Nova, 50-54	Porto	Cedofeita, Santo Ildefonso, Sé, Miragaia, São Nicolau e Vitória		roman_built_context	120.0	data/external/weak-label-relief-v1/train/negative/wl-tile-v1-09717-neg-pt-dgpc-105845-mdt5.tif	failed	manifest_dem_status:unsupported_country																	
wl-tile-v1-09721	wl-neg-neg-pt-dgpc-105893	neg-pt-dgpc-105893	0	hard_negative	train	PT	Porto - Rua das Condominhas, 701	Porto	Lordelo do Ouro e Massarelos		roman_built_context	120.0	data/external/weak-label-relief-v1/train/negative/wl-tile-v1-09721-neg-pt-dgpc-105893-mdt5.tif	failed	manifest_dem_status:unsupported_country																	
wl-tile-v1-09723	wl-neg-neg-pt-dgpc-111373	neg-pt-dgpc-111373	0	hard_negative	train	PT	Porto - Rua das Flores, 301-305 e Praça de Almeida Garrett, 7-10	Porto	Cedofeita, Santo Ildefonso, Sé, Miragaia, São Nicolau e Vitória		roman_built_context	120.0	data/external/weak-label-relief-v1/train/negative/wl-tile-v1-09723-neg-pt-dgpc-111373-mdt5.tif	failed	manifest_dem_status:unsupported_country																	
wl-tile-v1-09716	wl-neg-neg-pt-dgpc-105840	neg-pt-dgpc-105840	0	hard_negative	train	PT	Porto - Rua de Santana, 24-26	Porto	Cedofeita, Santo Ildefonso, Sé, Miragaia, São Nicolau e Vitória		roman_built_context	120.0	data/external/weak-label-relief-v1/train/negative/wl-tile-v1-09716-neg-pt-dgpc-105840-mdt5.tif	failed	manifest_dem_status:unsupported_country																	
wl-tile-v1-09724	wl-neg-neg-pt-dgpc-111418	neg-pt-dgpc-111418	0	hard_negative	train	PT	Porto - Rua de São Miguel, 13	Porto	Cedofeita, Santo Ildefonso, Sé, Miragaia, São Nicolau e Vitória		roman_built_context	120.0	data/external/weak-label-relief-v1/train/negative/wl-tile-v1-09724-neg-pt-dgpc-111418-mdt5.tif	failed	manifest_dem_status:unsupported_country																	
wl-tile-v1-06178	wl-neg-neg-es-pba-38894	neg-es-pba-38894	0	hard_negative	train	ES	A Chousa das Minas	Pol	Arcos de Frades (Santiago)		mining_or_quarry	120.0	data/external/weak-label-relief-v1/train/negative/wl-tile-v1-06178-neg-es-pba-38894-mdt5.tif	ok		518.94653320	519.08074951	-0.13421631	3.34839797	4.29651260	0.77932926	0.39052466	0.65170431	0.59923596	-0.17593013	-0.11779772	-0.05813240	0.28759181	0.31360102	0.91706276	0.05555556	0.69275160
wl-tile-v1-05758	wl-neg-neg-es-pba-35203	neg-es-pba-35203	0	hard_negative	train	ES	A Costa/Medorra de Montecalvo 1	Monterroso	Marzán (Santa María)		megalithic_mound	120.0	data/external/weak-label-relief-v1/train/negative/wl-tile-v1-05758-neg-es-pba-35203-mdt5.tif	ok		567.42584229	549.59399414	17.83184814	8.97623158	9.57058144	0.93789825	0.90569216	0.60641944	1.49350778	1.12020493	0.18104313	0.93916179	0.27813989	0.34178045	0.81379694	0.50000000	0.63434575
wl-tile-v1-05760	wl-neg-neg-es-pba-35254	neg-es-pba-35254	0	hard_negative	train	ES	A Costa/Medorra de Montecalvo 2	Monterroso	Marzán (Santa María)		megalithic_mound	120.0	data/external/weak-label-relief-v1/train/negative/wl-tile-v1-05760-neg-es-pba-35254-mdt5.tif	ok		567.12207031	549.05938721	18.06268311	9.52986908	9.45532036	1.00788431	0.87481862	0.59743661	1.46428694	1.10919619	0.18626051	0.92293568	0.26996008	0.34938964	0.77266193	0.55555556	0.68057492
wl-tile-v1-03135	wl-neg-neg-es-pba-18194	neg-es-pba-18194	0	hard_negative	train	ES	A Cruz do Pinal/Mámoa da Cruz do Pinal	As Pontes de García Rodríguez	Vilavella (Santa María)		megalithic_mound	120.0	data/external/weak-label-relief-v1/train/negative/wl-tile-v1-03135-neg-es-pba-18194-mdt5.tif	ok		429.11749268	421.69226074	7.42523193	9.33304596	8.16185474	1.14349572	1.82393467	0.94082028	1.93866429	1.16957128	0.32990476	0.83966652	0.32771885	0.22857480	1.43374885	0.44444444	0.46759098
wl-tile-v1-06235	wl-neg-neg-es-pba-40747	neg-es-pba-40747	0	hard_negative	train	ES	A Eira da Torre/Medorra de Sotordei	Ribas de Sil	Soutordei (Santiago)		megalithic_mound	120.0	data/external/weak-label-relief-v1/train/negative/wl-tile-v1-06235-neg-es-pba-40747-mdt5.tif	ok		701.61029053	703.92779541	-2.31750488	19.33752060	17.16846085	1.12633979	1.90983748	1.50318635	1.27052610	-0.02162350	-0.27596244	0.25433895	0.30726162	0.28812039	1.06643482	0.47222222	0.57867939
wl-tile-v1-05761	wl-neg-neg-es-pba-35256	neg-es-pba-35256	0	hard_negative	train	ES	A Escrita/A Casa das Mouras/As Fontelas/Orgoso/Mámoa da Escrita 1	Monterroso	Fufín (San Martiño)		megalithic_mound	120.0	data/external/weak-label-relief-v1/train/negative/wl-tile-v1-05761-neg-es-pba-35256-mdt5.tif	ok		612.01599121	611.33282471	0.68316650	4.22350931	6.65556192	0.63458343	0.93306160	0.88472897	1.05462987	0.12623338	0.11441986	0.01181353	0.37098116	0.37074634	1.00063335	0.36111111	0.73322841
wl-tile-v1-07467	wl-neg-neg-es-pba-65654	neg-es-pba-65654	0	hard_negative	train	ES	A Gándara	A Guarda	Salcidos (San Lourenzo)		roman_built_context	120.0	data/external/weak-label-relief-v1/train/negative/wl-tile-v1-07467-neg-es-pba-65654-mdt5.tif	ok		21.70200539	21.14155960	0.56044579	4.08595371	3.51570463	1.16220051	0.54763281	0.45080921	1.21477734	0.07429069	-0.03314632	0.10743701	0.55599350	0.49035692	1.13385469	0.38888889	0.71206412
wl-tile-v1-08416	wl-neg-neg-es-pba-66223	neg-es-pba-66223	0	hard_negative	train	ES	A Laxe das Presiñas	Gondomar	Peitieiros (San Miguel)		rock_art_surface	120.0	data/external/weak-label-relief-v1/train/negative/wl-tile-v1-08416-neg-es-pba-66223-mdt5.tif	ok		215.15565491	218.57154846	-3.41589355	17.47702217	18.49211502	0.94510672	2.25980353	2.14608479	1.05298894	-0.57441539	-0.15455189	-0.41986349	0.39301684	0.36702430	1.07081968	0.33333333	0.61951313
wl-tile-v1-06179	wl-neg-neg-es-pba-38898	neg-es-pba-38898	0	hard_negative	train	ES	A Madorra da Valiña	Pol	Luaces (Santa María)		megalithic_mound	120.0	data/external/weak-label-relief-v1/train/negative/wl-tile-v1-06179-neg-es-pba-38898-mdt5.tif	ok		513.70202637	512.71105957	0.99096680	3.13261294	3.12949800	1.00099535	0.44186640	0.47018930	0.93976276	0.03032945	0.08635911	-0.05602967	0.46596292	0.41668391	1.11826472	0.25000000	0.64757747
wl-tile-v1-04509	wl-neg-neg-es-pba-24888	neg-es-pba-24888	0	hard_negative	train	ES	A Madorra/Foxo do Cabrito	Toques	Santa Mariña de Brañas (Santa Mari¤a)		megalithic_mound	120.0	data/external/weak-label-relief-v1/train/negative/wl-tile-v1-04509-neg-es-pba-24888-mdt5.tif	ok		703.19342041	706.61047363	-3.41705322	3.59454226	4.33398628	0.82938478	0.48074782	0.48404542	0.99318742	-0.27506804	0.00754337	-0.28261141	0.39568624	0.39149222	1.01071291	0.30555556	0.70830615
wl-tile-v1-07325	wl-neg-neg-es-pba-56893	neg-es-pba-56893	0	hard_negative	train	ES	A Meana	Rubiá	Quereño (San Cristovo)		mining_or_quarry	120.0	data/external/weak-label-relief-v1/train/negative/wl-tile-v1-07325-neg-es-pba-56893-mdt5.tif	ok		369.05728149	362.61102295	6.44625854	8.33137035	7.01584101	1.18750843	1.75982761	2.11252236	0.83304567	1.01964951	-0.45475864	1.47440815	0.25243020	0.22755766	1.10930215	0.33333333	0.58889003
wl-tile-v1-05830	wl-neg-neg-es-pba-29650	neg-es-pba-29650	0	hard_negative	train	ES	A Medorra	O Corgo	Santo Estevo de Farnadeiros (Santo Estevo)		megalithic_mound	120.0	data/external/weak-label-relief-v1/train/negative/wl-tile-v1-05830-neg-es-pba-29650-mdt5.tif	ok		444.36273193	424.19076538	20.17196655	11.35026455	10.84899807	1.04620394	1.14562905	1.08166325	1.05913652	2.00621653	0.05164653	1.95457000	0.27688396	0.26250982	1.05475657	0.36111111	0.54641055
wl-tile-v1-06757	wl-neg-neg-es-pba-50551	neg-es-pba-50551	0	hard_negative	train	ES	A Medorra	A Gudiña	O Canizo (Santa María)		megalithic_mound	120.0	data/external/weak-label-relief-v1/train/negative/wl-tile-v1-06757-neg-es-pba-50551-mdt5.tif	ok		1051.44055176	1045.45959473	5.98095703	10.33379841	12.51296806	0.82584710	1.67778575	2.36066699	0.71072530	0.68031830	-0.90240043	1.58271873	0.27971706	0.30611137	0.91377547	0.13888889	0.57834974
wl-tile-v1-09449	wl-neg-neg-es-pba-74609	neg-es-pba-74609	0	hard_negative	train	ES	A Medorra 2	Vila de Cruces	Cumeiro (San Pedro)		megalithic_mound	120.0	data/external/weak-label-relief-v1/train/negative/wl-tile-v1-09449-neg-es-pba-74609-mdt5.tif	ok		578.43408203	563.31787109	15.11621094	9.31978989	9.80824184	0.95019985	0.89758301	0.67467064	1.33040177	0.92159867	0.16584902	0.75574966	0.24581288	0.27052322	0.90865722	0.55555556	0.60583707
wl-tile-v1-09450	wl-neg-neg-es-pba-74610	neg-es-pba-74610	0	hard_negative	train	ES	A Medorra 3	Vila de Cruces	Cumeiro (San Pedro)		megalithic_mound	120.0	data/external/weak-label-relief-v1/train/negative/wl-tile-v1-09450-neg-es-pba-74610-mdt5.tif	ok		565.81231689	564.49053955	1.32177734	5.37621975	5.95114613	0.90339233	0.45117161	0.70041627	0.64414781	0.05592945	0.38957617	-0.33364671	0.22967957	0.23225784	0.98889909	0.08333333	0.59383589
wl-tile-v1-09451	wl-neg-neg-es-pba-74611	neg-es-pba-74611	0	hard_negative	train	ES	A Medorra 4	Vila de Cruces	Cumeiro (San Pedro)		megalithic_mound	120.0	data/external/weak-label-relief-v1/train/negative/wl-tile-v1-09451-neg-es-pba-74611-mdt5.tif	ok		568.67907715	565.25384521	3.42523193	4.88413382	7.37140322	0.66257857	0.51897752	0.86870956	0.59741201	-0.01959648	0.58557194	-0.60516843	0.28822726	0.28347453	1.01676597	0.02777778	0.67802249
wl-tile-v1-09452	wl-neg-neg-es-pba-74612	neg-es-pba-74612	0	hard_negative	train	ES	A Medorra 5	Vila de Cruces	Cumeiro (San Pedro)		megalithic_mound	120.0	data/external/weak-label-relief-v1/train/negative/wl-tile-v1-09452-neg-es-pba-74612-mdt5.tif	ok		566.92694092	562.02508545	4.90185547	4.97906780	7.30429888	0.68166266	0.77829677	0.63237184	1.23075810	-0.02266800	0.30852327	-0.33119127	0.29783225	0.27383566	1.08763136	0.47222222	0.59592609
wl-tile-v1-05833	wl-neg-neg-es-pba-32105	neg-es-pba-32105	0	hard_negative	train	ES	A Medorra de Cereixido	O Incio	Santa María do Mao (Santa María)		megalithic_mound	120.0	data/external/weak-label-relief-v1/train/negative/wl-tile-v1-05833-neg-es-pba-32105-mdt5.tif	ok		860.61462402	852.65313721	7.96148682	3.95615721	7.72873974	0.51187611	0.49945074	1.05503011	0.47339952	0.40814060	0.67454374	-0.26640314	0.26289231	0.26599625	0.98833088	0.13888889	0.70684505
wl-tile-v1-06187	wl-neg-neg-es-pba-38387	neg-es-pba-38387	0	hard_negative	train	ES	A Medorra de Hospital	Portomarín	Nespereira (San Cibrao)		megalithic_mound	120.0	data/external/weak-label-relief-v1/train/negative/wl-tile-v1-06187-neg-es-pba-38387-mdt5.tif	ok		692.18023682	685.09545898	7.08477783	3.99158549	5.68883562	0.70165246	0.50607610	0.52336538	0.96696518	0.31433275	0.28116798	0.03316477	0.44149449	0.44619581	0.98946356	0.27777778	0.73032731
wl-tile-v1-05616	wl-neg-neg-es-pba-31043	neg-es-pba-31043	0	hard_negative	train	ES	A Medorra de Reigosa 1	Friol	Friol (San Xiao)		megalithic_mound	120.0	data/external/weak-label-relief-v1/train/negative/wl-tile-v1-05616-neg-es-pba-31043-mdt5.tif	ok		496.16714478	489.19857788	6.96856689	5.22503138	4.36468124	1.19711637	0.64889336	0.51998901	1.24789820	0.50738603	0.03089704	0.47648899	0.47044551	0.40103745	1.17307126	0.52777778	0.69550510
wl-tile-v1-06315	wl-neg-neg-es-pba-42146	neg-es-pba-42146	0	hard_negative	train	ES	A Medorra de Xisto	Sarria	San Vicenzo de Froián (San Vicenzo)		megalithic_mound	120.0	data/external/weak-label-relief-v1/train/negative/wl-tile-v1-06315-neg-es-pba-42146-mdt5.tif	ok		595.27020264	582.18365479	13.08654785	7.98910236	9.66402340	0.82668492	0.93357849	1.12379742	0.83073557	1.13649511	-0.28653935	1.42303446	0.21494327	0.26815471	0.80156442	0.36111111	0.58589176
wl-tile-v1-05617	wl-neg-neg-es-pba-31044	neg-es-pba-31044	0	hard_negative	train	ES	A Medorra de Xoana	Friol	Santalla de Devesa (Santalla)		megalithic_mound	120.0	data/external/weak-label-relief-v1/train/negative/wl-tile-v1-05617-neg-es-pba-31044-mdt5.tif	ok		454.95349121	456.14443970	-1.19094849	1.24711573	3.44735503	0.36176017	0.30216837	0.55335331	0.54606770	0.07253225	-0.31299332	0.38552557	0.21486907	0.32972899	0.65165355	0.00000000	0.61355566
wl-tile-v1-06188	wl-neg-neg-es-pba-38388	neg-es-pba-38388	0	hard_negative	train	ES	A Medorra do Rañadoiro 1	Portomarín	Vilaxuste (San Pedro)		megalithic_mound	120.0	data/external/weak-label-relief-v1/train/negative/wl-tile-v1-06188-neg-es-pba-38388-mdt5.tif	ok		584.79650879	578.89685059	5.89965820	5.17623568	5.77724314	0.89596985	0.49076259	0.60029417	0.81753682	0.33631986	-0.12870394	0.46502380	0.45278248	0.40963030	1.10534422	0.16666667	0.65135186
wl-tile-v1-06189	wl-neg-neg-es-pba-38389	neg-es-pba-38389	0	hard_negative	train	ES	A Medorra do Rañadoiro 2	Portomarín	Vilaxuste (San Pedro)		megalithic_mound	120.0	data/external/weak-label-relief-v1/train/negative/wl-tile-v1-06189-neg-es-pba-38389-mdt5.tif	ok		589.00872803	587.42675781	1.58197021	3.67519879	4.22060966	0.87077439	0.45699871	0.49823129	0.91724208	0.08409429	0.14404801	-0.05995371	0.44596413	0.49350786	0.90366165	0.19444444	0.63881285
wl-tile-v1-06190	wl-neg-neg-es-pba-38420	neg-es-pba-38420	0	hard_negative	train	ES	A Medorra do Rañadoiro 3	Portomarín	Vilaxuste (San Pedro)		megalithic_mound	120.0	data/external/weak-label-relief-v1/train/negative/wl-tile-v1-06190-neg-es-pba-38420-mdt5.tif	ok		589.86920166	585.92077637	3.94842529	2.55026126	4.09237051	0.62317458	0.32463419	0.44667619	0.72677747	0.30900404	0.12534179	0.18366225	0.37440369	0.45619488	0.82070997	0.05555556	0.78921969
wl-tile-v1-03920	wl-neg-neg-es-pba-15468	neg-es-pba-15468	0	hard_negative	train	ES	A Medorra/Mámoa de Aldea de Abaixo 1	Ordes	Beán (Santa María)		megalithic_mound	120.0	data/external/weak-label-relief-v1/train/negative/wl-tile-v1-03920-neg-es-pba-15468-mdt5.tif	ok		342.67108154	334.57226562	8.09881592	5.46157932	4.76162148	1.14699989	0.54676735	0.64382488	0.84924857	0.60651815	-0.09994452	0.70646267	0.39616024	0.36821038	1.07590734	0.19444444	0.68005129
wl-tile-v1-03921	wl-neg-neg-es-pba-15469	neg-es-pba-15469	0	hard_negative	train	ES	A Medorra/Mámoa de Aldea de Abaixo 2	Ordes	Beán (Santa María)		megalithic_mound	120.0	data/external/weak-label-relief-v1/train/negative/wl-tile-v1-03921-neg-es-pba-15469-mdt5.tif	ok		342.49191284	335.36819458	7.12371826	5.23447323	4.94425392	1.05869830	0.65144539	0.58600050	1.11168060	0.60866594	-0.12352846	0.73219440	0.42903849	0.39179417	1.09506093	0.36111111	0.67999528
wl-tile-v1-03922	wl-neg-neg-es-pba-15470	neg-es-pba-15470	0	hard_negative	train	ES	A Medorra/Mámoa de Aldea de Abaixo 3	Ordes	Beán (Santa María)		megalithic_mound	120.0	data/external/weak-label-relief-v1/train/negative/wl-tile-v1-03922-neg-es-pba-15470-mdt5.tif	ok		343.48016357	341.63388062	1.84628296	5.12564516	4.88884830	1.04843612	0.61766583	0.65081173	0.94906990	0.20333204	0.17353040	0.02980164	0.39065945	0.41101450	0.95047609	0.27777778	0.68116280
wl-tile-v1-03923	wl-neg-neg-es-pba-15471	neg-es-pba-15471	0	hard_negative	train	ES	A Medorra/Mámoa de Aldea de Abaixo 4	Ordes	Beán (Santa María)		megalithic_mound	120.0	data/external/weak-label-relief-v1/train/negative/wl-tile-v1-03923-neg-es-pba-15471-mdt5.tif	ok		345.84140015	342.42031860	3.42108154	4.47666454	5.18610048	0.86320436	0.54170442	0.64516819	0.83963287	0.22368354	0.06789217	0.15579136	0.44961813	0.49478170	0.90872021	0.11111111	0.80058565
wl-tile-v1-05091	wl-neg-neg-es-pba-42396	neg-es-pba-42396	0	hard_negative	train	ES	A Medorriña/Medorra do Coto Redondo	Baralla	Pacios (Santa María)		megalithic_mound	120.0	data/external/weak-label-relief-v1/train/negative/wl-tile-v1-05091-neg-es-pba-42396-mdt5.tif	ok		756.41546631	751.31005859	5.10540771	6.45588970	6.34977150	1.01671213	0.56180745	0.68769044	0.81694818	0.42469224	0.10030759	0.32438465	0.25220525	0.34520543	0.73059469	0.19444444	0.72553524
wl-tile-v1-05007	wl-neg-neg-es-pba-38985	neg-es-pba-38985	0	hard_negative	train	ES	A Mina	A Pobra do Brollón	Ferreiros (San Salvador)		mining_or_quarry	120.0	data/external/weak-label-relief-v1/train/negative/wl-tile-v1-05007-neg-es-pba-38985-mdt5.tif	ok		942.00860596	937.95764160	4.05096436	21.59275627	19.61104965	1.10105051	1.68234193	1.78931177	0.94021733	0.85822356	-0.60475975	1.46298331	0.23457994	0.25654718	0.91437346	0.47222222	0.59083312
wl-tile-v1-07427	wl-neg-neg-es-pba-60601	neg-es-pba-60601	0	hard_negative	train	ES	A Mina dos Lameiros	Vilardevós	Vilar de Cervos (San Vicente)		mining_or_quarry	120.0	data/external/weak-label-relief-v1/train/negative/wl-tile-v1-07427-neg-es-pba-60601-mdt5.tif	ok		616.44128418	619.25646973	-2.81518555	6.00664091	5.34291649	1.12422512	0.92281848	0.73388588	1.25744138	-0.33810240	-0.25449628	-0.08360612	0.48481372	0.50081885	0.96804208	0.30555556	0.58823526
wl-tile-v1-06609	wl-neg-neg-es-pba-30140	neg-es-pba-30140	0	hard_negative	train	ES	A Modia	Xermade	Xermade (Santa María)		megalithic_mound	120.0	data/external/weak-label-relief-v1/train/negative/wl-tile-v1-06609-neg-es-pba-30140-mdt5.tif	ok		452.36917114	448.84838867	3.52078247	2.46782517	2.45546126	1.00503527	0.33482665	0.32255679	1.03803936	0.20266452	-0.01005764	0.21272217	0.39913741	0.44431543	0.89831993	0.25000000	0.74838445
wl-tile-v1-06482	wl-neg-neg-es-pba-43240	neg-es-pba-43240	0	hard_negative	train	ES	A Modia de Gocendre	Vilalba	Goiriz (Santiago)		megalithic_mound	120.0	data/external/weak-label-relief-v1/train/negative/wl-tile-v1-06482-neg-es-pba-43240-mdt5.tif	ok		440.62573242	440.81994629	-0.19421387	2.49148178	3.40367174	0.73199826	0.47855875	0.60242617	0.79438572	0.17326951	-0.05005049	0.22332000	0.32042778	0.42425060	0.75527948	0.22222222	0.70188367
wl-tile-v1-06610	wl-neg-neg-es-pba-30141	neg-es-pba-30141	0	hard_negative	train	ES	A Modia/Medoña da Zaipa	Xermade	Xermade (Santa María)		megalithic_mound	120.0	data/external/weak-label-relief-v1/train/negative/wl-tile-v1-06610-neg-es-pba-30141-mdt5.tif	ok		607.34594727	599.54034424	7.80560303	3.71534920	4.81723452	0.77126185	0.37397745	0.54132837	0.69085138	0.58592355	0.24596593	0.33995762	0.28650120	0.26999459	1.06113683	0.13888889	0.69249941
wl-tile-v1-05008	wl-neg-neg-es-pba-38986	neg-es-pba-38986	0	hard_negative	train	ES	A Modorra	A Pobra do Brollón	Eixón (San Xurxo)		megalithic_mound	120.0	data/external/weak-label-relief-v1/train/negative/wl-tile-v1-05008-neg-es-pba-38986-mdt5.tif	ok		362.47686768	357.37176514	5.10510254	5.46198320	5.81698561	0.93897141	1.17957771	0.86408794	1.36511303	0.86383778	-0.14324801	1.00708579	0.34947094	0.36968806	0.94531303	0.66666667	0.68904187
wl-tile-v1-06046	wl-neg-neg-es-pba-37805	neg-es-pba-37805	0	hard_negative	train	ES	A Modorra Grande	Paradela	Castro de Rei de Lemos (Santa María)		megalithic_mound	120.0	data/external/weak-label-relief-v1/train/negative/wl-tile-v1-06046-neg-es-pba-37805-mdt5.tif	ok		772.61413574	765.40020752	7.21392822	4.29597807	5.26582479	0.81582245	0.53489959	0.53136271	1.00665624	0.56819791	0.13441783	0.43378007	0.30297574	0.38270107	0.79167729	0.36111111	0.61366700
wl-tile-v1-06044	wl-neg-neg-es-pba-37803	neg-es-pba-37803	0	hard_negative	train	ES	A Modorra de Bacorelle	Paradela	Castro de Rei de Lemos (Santa María)		megalithic_mound	120.0	data/external/weak-label-relief-v1/train/negative/wl-tile-v1-06044-neg-es-pba-37803-mdt5.tif	ok		733.76446533	730.57714844	3.18731689	6.37363863	7.94941044	0.80177501	0.48518616	0.60246950	0.80532899	0.46651682	-0.18303801	0.64955483	0.36125529	0.33726034	1.07114668	0.16666667	0.71249895
wl-tile-v1-06316	wl-neg-neg-es-pba-42147	neg-es-pba-42147	0	hard_negative	train	ES	A Modorra do Cruceiro	Sarria	Santalla de Arxemil (Santalla)		megalithic_mound	120.0	data/external/weak-label-relief-v1/train/negative/wl-tile-v1-06316-neg-es-pba-42147-mdt5.tif	ok		595.69940186	596.85247803	-1.15307617	6.05630493	4.93514299	1.22717922	0.62194085	0.79259139	0.78469292	-0.26444462	0.12259612	-0.38704074	0.32351264	0.34426022	0.93973288	0.16666667	0.66054582
wl-tile-v1-06045	wl-neg-neg-es-pba-37804	neg-es-pba-37804	0	hard_negative	train	ES	A Modorra dos Chaos	Paradela	Castro de Rei de Lemos (Santa María)		megalithic_mound	120.0	data/external/weak-label-relief-v1/train/negative/wl-tile-v1-06045-neg-es-pba-37804-mdt5.tif	ok		803.06213379	800.54846191	2.51367188	4.88848066	5.85073233	0.83553312	0.44863865	0.52455252	0.85527879	0.23975863	0.11923070	0.12052793	0.37508371	0.35432503	1.05858657	0.25000000	0.61191916
wl-tile-v1-07326	wl-neg-neg-es-pba-56894	neg-es-pba-56894	0	hard_negative	train	ES	A Muria/O Foio	Rubiá	O Barrio de Cascallá (Nosa Señora da Asunción)		mining_or_quarry	120.0	data/external/weak-label-relief-v1/train/negative/wl-tile-v1-07326-neg-es-pba-56894-mdt5.tif	ok		788.77825928	799.75775146	-10.97949219	15.64802551	18.66138458	0.83852436	1.36106348	1.02744973	1.32470080	-1.41860878	0.05347023	-1.47207902	0.29158533	0.25915813	1.12512512	0.63888889	0.68013667
wl-tile-v1-03540	wl-neg-neg-es-pba-10048	neg-es-pba-10048	0	hard_negative	train	ES	A Mámoa	Fisterra	Duio (San Vicenzo)		megalithic_mound	120.0	data/external/weak-label-relief-v1/train/negative/wl-tile-v1-03540-neg-es-pba-10048-mdt5.tif	ok		67.22687531	72.88541412	-5.65853882	6.49598742	7.11147594	0.91345137	0.51510733	0.72074962	0.71468277	-0.18342760	-0.02814886	-0.15527874	0.25297186	0.27933532	0.90562073	0.11111111	0.66683027
wl-tile-v1-09448	wl-neg-neg-es-pba-74608	neg-es-pba-74608	0	hard_negative	train	ES	A Mámoa 2	Vila de Cruces	Ferreirós (San Xes)		megalithic_mound	120.0	data/external/weak-label-relief-v1/train/negative/wl-tile-v1-09448-neg-es-pba-74608-mdt5.tif	ok		557.21807861	549.64904785	7.56903076	5.03922796	7.71493959	0.65317789	0.46339864	1.10184538	0.42056594	0.53852862	0.45936394	0.07916468	0.20272526	0.23572141	0.86002057	0.02777778	0.68955007
wl-tile-v1-06043	wl-neg-neg-es-pba-37802	neg-es-pba-37802	0	hard_negative	train	ES	A Mámoa 3	Paradela	Castro de Rei de Lemos (Santa María)		megalithic_mound	120.0	data/external/weak-label-relief-v1/train/negative/wl-tile-v1-06043-neg-es-pba-37802-mdt5.tif	ok		732.17193604	727.01123047	5.16070557	7.18870354	7.40970039	0.97017466	0.66245842	0.94799465	0.69879975	0.51421183	-0.16169581	0.67590764	0.26199144	0.28543139	0.91787888	0.08333333	0.68473624
wl-tile-v1-07113	wl-neg-neg-es-pba-51258	neg-es-pba-51258	0	hard_negative	train	ES	A Mámoa de Calvelo	Maceda	Zorelle (Santiago)		megalithic_mound	120.0	data/external/weak-label-relief-v1/train/negative/wl-tile-v1-07113-neg-es-pba-51258-mdt5.tif	ok		700.24566650	680.53643799	19.70922852	8.38470936	8.29528046	1.01078070	0.85044789	0.93114614	0.91333449	1.79236197	0.09668638	1.69567560	0.36115476	0.38131759	0.94712329	0.25000000	0.64986263
wl-tile-v1-03026	wl-neg-neg-es-pba-884	neg-es-pba-884	0	hard_negative	train	ES	A Mámoa de Costa da Vide	Aranga	Cambás (San Pedro)		megalithic_mound	120.0	data/external/weak-label-relief-v1/train/negative/wl-tile-v1-03026-neg-es-pba-884-mdt5.tif	ok		711.66906738	700.38000488	11.28906250	7.72943020	8.48031521	0.91145553	0.49160808	0.54258823	0.90604265	0.76241517	0.13346975	0.62894543	0.20076500	0.21652336	0.92722095	0.27777778	0.64017227
wl-tile-v1-03027	wl-neg-neg-es-pba-885	neg-es-pba-885	0	hard_negative	train	ES	A Mámoa de Ferreiros	Aranga	Vilarraso (San Lourenzo)		megalithic_mound	120.0	data/external/weak-label-relief-v1/train/negative/wl-tile-v1-03027-neg-es-pba-885-mdt5.tif	ok		487.93411255	483.55462646	4.37948608	2.63833809	4.69469547	0.56198280	0.49439433	0.70958912	0.69673324	0.64723575	0.19838870	0.44884706	0.41001716	0.46724895	0.87751329	0.16666667	0.70895150
wl-tile-v1-03028	wl-neg-neg-es-pba-886	neg-es-pba-886	0	hard_negative	train	ES	A Mámoa de Vilarraso	Aranga	Vilarraso (San Lourenzo)		megalithic_mound	120.0	data/external/weak-label-relief-v1/train/negative/wl-tile-v1-03028-neg-es-pba-886-mdt5.tif	ok		483.66046143	477.68713379	5.97332764	8.56646729	8.11072254	1.05619040	1.93958545	1.45062029	1.33707315	1.01576233	0.10092908	0.91483325	0.36063126	0.28994185	1.24380548	0.38888889	0.52528318
wl-tile-v1-03029	wl-neg-neg-es-pba-887	neg-es-pba-887	0	hard_negative	train	ES	A Mámoa do Marco de Buño	Aranga	Cambás (San Pedro)		megalithic_mound	120.0	data/external/weak-label-relief-v1/train/negative/wl-tile-v1-03029-neg-es-pba-887-mdt5.tif	ok		722.02008057	710.00177002	12.01831055	6.91461706	8.98356724	0.76969614	0.66188627	0.88255763	0.74996380	0.76599890	0.42567071	0.34032819	0.23924313	0.27323580	0.87559221	0.19444444	0.67425818
wl-tile-v1-03030	wl-neg-neg-es-pba-888	neg-es-pba-888	0	hard_negative	train	ES	A Mámoa do Monte dos Croios Brancos	Aranga	Aranga (San Paio)		megalithic_mound	120.0	data/external/weak-label-relief-v1/train/negative/wl-tile-v1-03030-neg-es-pba-888-mdt5.tif	ok		456.37536621	451.63967896	4.73568726	5.19401121	6.15204382	0.84427409	0.46241558	0.94417375	0.48975686	0.30230200	0.00932224	0.29297976	0.22712481	0.31228802	0.72729275	0.02777778	0.71086796
wl-tile-v1-03031	wl-neg-neg-es-pba-889	neg-es-pba-889	0	hard_negative	train	ES	A Mámoa do Pousadoiro	Aranga	Aranga (San Paio)		megalithic_mound	120.0	data/external/weak-label-relief-v1/train/negative/wl-tile-v1-03031-neg-es-pba-889-mdt5.tif	ok		451.73352051	448.43447876	3.29904175	5.79618979	4.76988792	1.21516268	0.77903783	0.64398754	1.20970949	0.40397260	0.14984855	0.25412405	0.37854573	0.37741941	1.00298426	0.33333333	0.52933148
wl-tile-v1-03032	wl-neg-neg-es-pba-890	neg-es-pba-890	0	hard_negative	train	ES	A Mámoa/A Medoña	Aranga	Aranga (San Paio)		megalithic_mound	120.0	data/external/weak-label-relief-v1/train/negative/wl-tile-v1-03032-neg-es-pba-890-mdt5.tif	ok		454.53726196	451.02700806	3.51025391	5.40685129	6.39240265	0.84582458	0.58737630	1.01726913	0.57740501	0.27055556	-0.18629259	0.45684814	0.26525933	0.28638324	0.92623899	0.22222222	0.61527356
wl-tile-v1-07327	wl-neg-neg-es-pba-56895	neg-es-pba-56895	0	hard_negative	train	ES	A Pala I	Rubiá	O Porto (San Cristovo)		mining_or_quarry	120.0	data/external/weak-label-relief-v1/train/negative/wl-tile-v1-07327-neg-es-pba-56895-mdt5.tif	ok		659.29370117	646.53881836	12.75488281	11.76815605	11.90409279	0.98858067	1.05982232	0.90923673	1.16561759	0.87936056	0.17669070	0.70266986	0.36355090	0.37211800	0.97697748	0.44444444	0.69275963
wl-tile-v1-07328	wl-neg-neg-es-pba-56896	neg-es-pba-56896	0	hard_negative	train	ES	A Pala I	Rubiá	O Porto (San Cristovo)		mining_or_quarry	120.0	data/external/weak-label-relief-v1/train/negative/wl-tile-v1-07328-neg-es-pba-56896-mdt5.tif	ok		668.16741943	655.82226562	12.34515381	11.12285900	13.76334095	0.80815109	1.07251227	1.35976064	0.78875078	0.53808677	0.53845972	-0.00037295	0.33666387	0.36053082	0.93380052	0.16666667	0.68588591
wl-tile-v1-07329	wl-neg-neg-es-pba-56897	neg-es-pba-56897	0	hard_negative	train	ES	A Pala I	Rubiá	O Porto (San Cristovo)		mining_or_quarry	120.0	data/external/weak-label-relief-v1/train/negative/wl-tile-v1-07329-neg-es-pba-56897-mdt5.tif	ok		561.41998291	562.71740723	-1.29742432	14.81359100	13.63958836	1.08607317	1.32823360	1.57626998	0.84264346	-0.06097779	-0.51159102	0.45061322	0.30314597	0.31572127	0.96016962	0.25000000	0.68894995
wl-tile-v1-07330	wl-neg-neg-es-pba-56923	neg-es-pba-56923	0	hard_negative	train	ES	A Pala I	Rubiá	O Porto (San Cristovo)		mining_or_quarry	120.0	data/external/weak-label-relief-v1/train/negative/wl-tile-v1-07330-neg-es-pba-56923-mdt5.tif	ok		585.92950439	601.16943359	-15.23992920	16.99379921	16.73456383	1.01549102	1.35244155	1.70315623	0.79407956	-1.10481429	-0.23691119	-0.86790310	0.37246996	0.36229199	1.02809328	0.19444444	0.67773057
wl-tile-v1-07331	wl-neg-neg-es-pba-56924	neg-es-pba-56924	0	hard_negative	train	ES	A Pala II	Rubiá	O Porto (San Cristovo)		mining_or_quarry	120.0	data/external/weak-label-relief-v1/train/negative/wl-tile-v1-07331-neg-es-pba-56924-mdt5.tif	ok		672.29223633	656.30657959	15.98565674	10.66864967	13.25603485	0.80481455	1.15297437	1.07330823	1.07422485	0.82910335	0.46168655	0.36741680	0.33475816	0.36879042	0.90771925	0.47222222	0.68703821
wl-tile-v1-07332	wl-neg-neg-es-pba-56925	neg-es-pba-56925	0	hard_negative	train	ES	A Pala II	Rubiá	O Porto (San Cristovo)		mining_or_quarry	120.0	data/external/weak-label-relief-v1/train/negative/wl-tile-v1-07332-neg-es-pba-56925-mdt5.tif	ok		659.45959473	650.35784912	9.10174561	11.57414722	11.49840546	1.00658715	0.98396784	1.02714622	0.95796277	0.57321626	0.45018843	0.12302783	0.29522347	0.31739864	0.93013466	0.25000000	0.52211935
wl-tile-v1-07333	wl-neg-neg-es-pba-56926	neg-es-pba-56926	0	hard_negative	train	ES	A Pala II	Rubiá	O Porto (San Cristovo)		mining_or_quarry	120.0	data/external/weak-label-relief-v1/train/negative/wl-tile-v1-07333-neg-es-pba-56926-mdt5.tif	ok		619.07196045	626.70440674	-7.63244629	13.65272141	12.46128368	1.09561115	0.67458665	0.96566671	0.69857089	-0.68184727	0.21838559	-0.90023287	0.23220676	0.22130240	1.04927356	0.13888889	0.64862338
wl-tile-v1-06262	wl-neg-neg-es-pba-40686	neg-es-pba-40686	0	hard_negative	train	ES	A Pedra Chantada	Ribeira de Piquín	Navallos (San Pedro)		megalithic_mound	120.0	data/external/weak-label-relief-v1/train/negative/wl-tile-v1-06262-neg-es-pba-40686-mdt5.tif	ok		719.10461426	703.78436279	15.32025146	9.30854416	11.09053230	0.83932348	0.87730664	0.77098435	1.13790460	0.86732042	0.37214592	0.49517450	0.23808123	0.26810411	0.88801785	0.52777778	0.67494350
wl-tile-v1-05315	wl-neg-neg-es-pba-29114	neg-es-pba-29114	0	hard_negative	train	ES	A Torre do Braña/As Torres	Cospeito	Vilapene (Santa María)		historic_fortification	120.0	data/external/weak-label-relief-v1/train/negative/wl-tile-v1-05315-neg-es-pba-29114-mdt5.tif	ok		438.54336548	435.00207520	3.54129028	7.23873663	6.29048681	1.15074347	1.48521519	0.82665825	1.79664957	1.94090211	0.02830035	1.91260176	0.36790892	0.29766935	1.23596508	0.80555556	0.67208289
wl-tile-v1-06611	wl-neg-neg-es-pba-30142	neg-es-pba-30142	0	hard_negative	train	ES	Abrigo Curaceiro 1	Xermade	Burgás (Santa Baia)		rock_art_surface	120.0	data/external/weak-label-relief-v1/train/negative/wl-tile-v1-06611-neg-es-pba-30142-mdt5.tif	ok		473.88226318	469.89382935	3.98843384	12.49600029	10.93677235	1.14256747	2.29240561	2.10033727	1.09144643	0.66349280	-0.23855884	0.90205164	0.46663672	0.35792840	1.30371528	0.41666667	0.65466289
wl-tile-v1-05678	wl-neg-neg-es-pba-34130	neg-es-pba-34130	0	hard_negative	train	ES	Abrigo da Pena da Capela	Mondoñedo	Figueiras (San Martiño)		rock_art_surface	120.0	data/external/weak-label-relief-v1/train/negative/wl-tile-v1-05678-neg-es-pba-34130-mdt5.tif	ok		591.14739990	583.39007568	7.75732422	12.81625366	16.41968918	0.78054179	1.33506000	2.29972291	0.58053081	0.51870060	0.87012494	-0.35142434	0.25331327	0.31096002	0.81461684	0.13888889	0.61488974
wl-tile-v1-06483	wl-neg-neg-es-pba-43242	neg-es-pba-43242	0	hard_negative	train	ES	Abrigo de Dos Niñas	Vilalba	Santaballa (San Pedro)		rock_art_surface	120.0	data/external/weak-label-relief-v1/train/negative/wl-tile-v1-06483-neg-es-pba-43242-mdt5.tif	ok		476.54650879	460.90072632	15.64578247	12.01420212	9.14730167	1.31341488	2.22858119	1.35324371	1.64684393	1.86286461	-0.14919570	2.01206031	0.30174083	0.29339975	1.02842904	0.66666667	0.58688466
wl-tile-v1-06047	wl-neg-neg-es-pba-37807	neg-es-pba-37807	0	hard_negative	train	ES	Abrigo de Monte Agudo	Paradela	Santalla de Paradela (Santalla)		rock_art_surface	120.0	data/external/weak-label-relief-v1/train/negative/wl-tile-v1-06047-neg-es-pba-37807-mdt5.tif	ok		491.54913330	442.57849121	48.97064209	26.12920570	26.36568260	0.99103088	2.98008060	1.90813220	1.56177890	3.19227815	0.77893978	2.41333836	0.22381417	0.20742552	1.07900983	0.47222222	0.54037636
wl-tile-v1-05679	wl-neg-neg-es-pba-34131	neg-es-pba-34131	0	hard_negative	train	ES	Abrigo de Monte Lourido	Mondoñedo	A Couboeira (Santa María Madanela)		rock_art_surface	120.0	data/external/weak-label-relief-v1/train/negative/wl-tile-v1-05679-neg-es-pba-34131-mdt5.tif	ok		110.32803345	103.21373749	7.11429596	18.70693398	15.98631477	1.17018426	2.08024287	1.67356169	1.24300340	1.65713429	-0.38312361	2.04025790	0.34904951	0.33164740	1.05247173	0.38888889	0.59246540
wl-tile-v1-06317	wl-neg-neg-es-pba-42148	neg-es-pba-42148	0	hard_negative	train	ES	Abrigo de Pena Moura	Sarria	Barbadelo (Santiago)		rock_art_surface	120.0	data/external/weak-label-relief-v1/train/negative/wl-tile-v1-06317-neg-es-pba-42148-mdt5.tif	ok		590.75866699	592.41546631	-1.65679932	6.62006378	5.20109987	1.27281997	1.06868052	0.56889027	1.87853541	0.42368153	0.00102430	0.42265722	0.39849362	0.38879359	1.02494905	0.83333333	0.61112325
wl-tile-v1-09350	wl-neg-neg-es-pba-70706	neg-es-pba-70706	0	hard_negative	train	ES	Achado de Areeiro	Tomiño	Tebra (Santa María)		rock_art_surface	120.0	data/external/weak-label-relief-v1/train/negative/wl-tile-v1-09350-neg-es-pba-70706-mdt5.tif	ok		278.81643677	264.24435425	14.57208252	15.08439159	13.52224827	1.11552393	1.70906913	1.73834443	0.98315909	0.59536660	-0.43906909	1.03443569	0.29492643	0.31153321	0.94669340	0.19444444	0.48720190
wl-tile-v1-05062	wl-neg-neg-es-pba-26911	neg-es-pba-26911	0	hard_negative	train	ES	Agro da Mámoa/Mámoa de Árbol	Antas de Ulla	Árbol (Santalla)		megalithic_mound	120.0	data/external/weak-label-relief-v1/train/negative/wl-tile-v1-05062-neg-es-pba-26911-mdt5.tif	ok		533.51721191	532.55981445	0.95739746	3.94750309	5.51410818	0.71589148	0.53258783	0.76944321	0.69217301	0.04650450	0.21772479	-0.17122028	0.36132616	0.34868842	1.03624363	0.11111111	0.67068238
wl-tile-v1-07433	wl-neg-neg-es-pba-65159	neg-es-pba-65159	0	hard_negative	train	ES	Aloque/Almarra/Bouziña de Moledo	A Guarda	Camposancos (Santa Isabel)		roman_built_context	120.0	data/external/weak-label-relief-v1/train/negative/wl-tile-v1-07433-neg-es-pba-65159-mdt5.tif	ok		56.70916748	75.62544250	-18.91627502	15.22905636	14.19199562	1.07307364	1.32966721	1.24855852	1.06496186	-1.73923540	-0.28470808	-1.45452732	0.36524501	0.33189657	1.10047841	0.33333333	0.60136934
wl-tile-v1-06066	wl-neg-neg-es-pba-36986	neg-es-pba-36986	0	hard_negative	train	ES	Alto da Medorra	Pedrafita do Cebreiro	Zanfoga (San Martiño)		megalithic_mound	120.0	data/external/weak-label-relief-v1/train/negative/wl-tile-v1-06066-neg-es-pba-36986-mdt5.tif	ok		1147.72985840	1126.04211426	21.68774414	14.17935753	12.09875965	1.17196787	1.91411865	1.17356455	1.63102971	2.33274698	-0.08899669	2.42174367	0.26299807	0.20296676	1.29576916	0.66666667	0.62050934
wl-tile-v1-08724	wl-neg-neg-es-pba-68165	neg-es-pba-68165	0	hard_negative	train	ES	Anta do Meixueiro/Anta de Meixoeiro	Mos	Cela (San Pedro)		rock_art_surface	120.0	data/external/weak-label-relief-v1/train/negative/wl-tile-v1-08724-neg-es-pba-68165-mdt5.tif	ok		462.30541992	448.73455811	13.57086182	6.52140093	8.63365364	0.75534660	1.03449798	0.75020617	1.37895157	0.95378625	0.26759136	0.68619490	0.26236212	0.24394523	1.07549603	0.55555556	0.65944907
wl-tile-v1-09423	wl-neg-neg-es-pba-73288	neg-es-pba-73288	0	hard_negative	train	ES	Ara votiva de San Mamede de Martores	Valga	Valga (San Miguel)		roman_built_context	120.0	data/external/weak-label-relief-v1/train/negative/wl-tile-v1-09423-neg-es-pba-73288-mdt5.tif	ok		221.78266907	225.41775513	-3.63508606	13.57500076	10.80459023	1.25641051	2.01012945	1.69349766	1.18696914	-0.12482953	0.42060250	-0.54543203	0.25293779	0.27231705	0.92883568	0.38888889	0.52301947
wl-tile-v1-07114	wl-neg-neg-es-pba-51261	neg-es-pba-51261	0	hard_negative	train	ES	As Cerdeiras	Maceda	Foncuberta (Santa María)		roman_built_context	120.0	data/external/weak-label-relief-v1/train/negative/wl-tile-v1-07114-neg-es-pba-51261-mdt5.tif	ok		551.87573242	548.64837646	3.22735596	3.51891661	5.05266476	0.69644767	0.62420261	0.66397762	0.94009585	0.07232287	0.07222547	0.00009739	0.31169313	0.39382589	0.79144907	0.30555556	0.64700115
wl-tile-v1-07334	wl-neg-neg-es-pba-56959	neg-es-pba-56959	0	hard_negative	train	ES	As Cheices	Rubiá	Quereño (San Cristovo)		mining_or_quarry	120.0	data/external/weak-label-relief-v1/train/negative/wl-tile-v1-07334-neg-es-pba-56959-mdt5.tif	ok		481.72979736	443.30416870	38.42562866	22.68489456	22.37090302	1.01403571	3.30226541	3.55876327	0.92792500	3.69056153	-1.04995203	4.74051356	0.29959461	0.37576276	0.79729724	0.33333333	0.63946409
wl-tile-v1-07335	wl-neg-neg-es-pba-56960	neg-es-pba-56960	0	hard_negative	train	ES	As Cheices	Rubiá	Quereño (San Cristovo)		mining_or_quarry	120.0	data/external/weak-label-relief-v1/train/negative/wl-tile-v1-07335-neg-es-pba-56960-mdt5.tif	ok		491.04992676	485.63125610	5.41867065	11.94081211	17.81976891	0.67008793	1.60024929	2.85619879	0.56027238	-0.11227641	0.89177650	-1.00405291	0.27071604	0.32359219	0.83659635	0.11111111	0.51150418
wl-tile-v1-07336	wl-neg-neg-es-pba-56961	neg-es-pba-56961	0	hard_negative	train	ES	As Cheices	Rubiá	Quereño (San Cristovo)		mining_or_quarry	120.0	data/external/weak-label-relief-v1/train/negative/wl-tile-v1-07336-neg-es-pba-56961-mdt5.tif	ok		484.51248169	464.23333740	20.27914429	20.82112503	17.46914673	1.19187991	2.22152615	2.69245338	0.82509363	1.72203743	0.31331787	1.40871957	0.39183387	0.38186884	1.02609543	0.25000000	0.52418043
wl-tile-v1-07337	wl-neg-neg-es-pba-56962	neg-es-pba-56962	0	hard_negative	train	ES	As Cheices	Rubiá	Quereño (San Cristovo)		mining_or_quarry	120.0	data/external/weak-label-relief-v1/train/negative/wl-tile-v1-07337-neg-es-pba-56962-mdt5.tif	ok		485.72686768	477.35058594	8.37628174	21.42094040	19.93949318	1.07429714	2.97056937	2.93838644	1.01095259	1.64599860	-0.00129387	1.64729247	0.34534618	0.34323964	1.00613725	0.33333333	0.62655202
wl-tile-v1-07434	wl-neg-neg-es-pba-65197	neg-es-pba-65197	0	hard_negative	train	ES	As Covas	A Guarda	Salcidos (San Lourenzo)		roman_built_context	120.0	data/external/weak-label-relief-v1/train/negative/wl-tile-v1-07434-neg-es-pba-65197-mdt5.tif	ok		45.85386658	53.31924820	-7.46538162	7.93412447	5.44391012	1.45743120	1.18810010	0.73447967	1.61760789	-0.94716036	0.11580599	-1.06296635	0.35205880	0.26061460	1.35087901	0.72222222	0.64234880
wl-tile-v1-05772	wl-neg-neg-es-pba-35096	neg-es-pba-35096	0	hard_negative	train	ES	As Covas de Castañedo	Navia de Suarna	Castañedo (Santiago)		rock_art_surface	120.0	data/external/weak-label-relief-v1/train/negative/wl-tile-v1-05772-neg-es-pba-35096-mdt5.tif	ok		632.37884521	626.82806396	5.55078125	27.14518929	22.52503395	1.20511203	3.85267639	2.41016221	1.59851332	-1.23736167	0.75370657	-1.99106824	0.41115052	0.33773926	1.21736074	0.63888889	0.61040837
wl-tile-v1-08419	wl-neg-neg-es-pba-66262	neg-es-pba-66262	0	hard_negative	train	ES	As Laxes	Gondomar	Couso (San Cristovo)		rock_art_surface	120.0	data/external/weak-label-relief-v1/train/negative/wl-tile-v1-08419-neg-es-pba-66262-mdt5.tif	ok		209.52569580	204.33105469	5.19464111	6.16096020	6.26191568	0.98387786	0.63969558	0.81073165	0.78903492	0.25100470	-0.08059707	0.33160176	0.36321250	0.35935718	1.01072837	0.16666667	0.64755486
wl-tile-v1-07686	wl-neg-neg-es-pba-66074	neg-es-pba-66074	0	hard_negative	train	ES	As Mamuelas 1	Agolada	Ventosa (San Xulián)		megalithic_mound	120.0	data/external/weak-label-relief-v1/train/negative/wl-tile-v1-07686-neg-es-pba-66074-mdt5.tif	ok		667.19195557	669.44873047	-2.25677490	10.03347111	9.48229027	1.05812740	0.90421039	0.98268270	0.92014481	-0.12244535	-0.21542686	0.09298151	0.35789600	0.26544443	1.34828975	0.19444444	0.65471133
wl-tile-v1-07687	wl-neg-neg-es-pba-66075	neg-es-pba-66075	0	hard_negative	train	ES	As Mamuelas 2	Agolada	Ventosa (San Xulián)		megalithic_mound	120.0	data/external/weak-label-relief-v1/train/negative/wl-tile-v1-07687-neg-es-pba-66075-mdt5.tif	ok		672.30230713	674.45605469	-2.15374756	8.73204803	9.79760456	0.89124316	0.92975682	1.09401774	0.84985534	-0.07775118	0.14940342	-0.22715461	0.28389823	0.27778444	1.02200914	0.16666667	0.65803459
wl-tile-v1-07688	wl-neg-neg-es-pba-66076	neg-es-pba-66076	0	hard_negative	train	ES	As Mamuelas 3	Agolada	Ventosa (San Xulián)		megalithic_mound	120.0	data/external/weak-label-relief-v1/train/negative/wl-tile-v1-07688-neg-es-pba-66076-mdt5.tif	ok		670.11175537	673.08001709	-2.96826172	7.76322508	8.83837700	0.87835415	1.04008162	0.90867686	1.14461110	-0.46994543	0.17139781	-0.64134324	0.23556796	0.23979354	0.98237825	0.33333333	0.63259324
wl-tile-v1-07689	wl-neg-neg-es-pba-66077	neg-es-pba-66077	0	hard_negative	train	ES	As Mamuelas 4	Agolada	Ventosa (San Xulián)		megalithic_mound	120.0	data/external/weak-label-relief-v1/train/negative/wl-tile-v1-07689-neg-es-pba-66077-mdt5.tif	ok		670.46563721	669.98034668	0.48529053	7.88920116	8.36510563	0.94310837	1.02019858	0.87675810	1.16360326	-0.06498513	0.10856591	-0.17355104	0.23212765	0.24610417	0.94320895	0.44444444	0.61960132
wl-tile-v1-07690	wl-neg-neg-es-pba-66078	neg-es-pba-66078	0	hard_negative	train	ES	As Mamuelas 5	Agolada	Ventosa (San Xulián)		megalithic_mound	120.0	data/external/weak-label-relief-v1/train/negative/wl-tile-v1-07690-neg-es-pba-66078-mdt5.tif	ok		670.00000000	674.14978027	-4.14978027	7.70109510	8.71503639	0.88365610	1.03403723	0.90576458	1.14161809	-0.66715604	0.26535264	-0.93250868	0.23525015	0.23897335	0.98442000	0.41666667	0.64924266
wl-tile-v1-07691	wl-neg-neg-es-pba-66079	neg-es-pba-66079	0	hard_negative	train	ES	As Mamuelas 6	Agolada	Ventosa (San Xulián)		megalithic_mound	120.0	data/external/weak-label-relief-v1/train/negative/wl-tile-v1-07691-neg-es-pba-66079-mdt5.tif	ok		664.34381104	664.53924561	-0.19543457	7.90972424	8.85030270	0.89372358	0.97684366	0.97342157	1.00351552	0.39318952	-0.06902403	0.46221355	0.27569497	0.30174124	0.91368009	0.33333333	0.63188694
wl-tile-v1-06191	wl-neg-neg-es-pba-38423	neg-es-pba-38423	0	hard_negative	train	ES	As Medorras	Portomarín	Caborrecelle (San Xulián)		megalithic_mound	120.0	data/external/weak-label-relief-v1/train/negative/wl-tile-v1-06191-neg-es-pba-38423-mdt5.tif	ok		583.69476318	578.97760010	4.71716309	4.11607695	4.45979309	0.92293002	0.47251496	0.36507151	1.29430797	0.36871764	0.08871250	0.28000514	0.45954561	0.53647572	0.85660095	0.47222222	0.71010154
wl-tile-v1-05762	wl-neg-neg-es-pba-35258	neg-es-pba-35258	0	hard_negative	train	ES	As Medorras/A Casa das Mouras/Medorra de Ligonde 1	Monterroso	Ligonde (Santiago)		megalithic_mound	120.0	data/external/weak-label-relief-v1/train/negative/wl-tile-v1-05762-neg-es-pba-35258-mdt5.tif	ok		636.20928955	635.27990723	0.92938232	2.68278337	2.58116531	1.03936906	0.36650237	0.39217621	0.93453495	-0.01248479	0.12696122	-0.13944601	0.56896812	0.37505627	1.51702069	0.25000000	0.76430966
wl-tile-v1-05763	wl-neg-neg-es-pba-35259	neg-es-pba-35259	0	hard_negative	train	ES	As Medorras/A Casa das Mouras/Medorra de Ligonde 2	Monterroso	Ligonde (Santiago)		megalithic_mound	120.0	data/external/weak-label-relief-v1/train/negative/wl-tile-v1-05763-neg-es-pba-35259-mdt5.tif	ok		635.50146484	635.23864746	0.26281738	2.60133362	2.55865908	1.01667848	0.36022145	0.40746063	0.88406442	-0.04605706	0.10430552	-0.15036258	0.54324496	0.41207674	1.31831017	0.19444444	0.75393669
wl-tile-v1-05764	wl-neg-neg-es-pba-35260	neg-es-pba-35260	0	hard_negative	train	ES	As Medorras/A Casa das Mouras/Medorra de Ligonde 3	Monterroso	Ligonde (Santiago)		megalithic_mound	120.0	data/external/weak-label-relief-v1/train/negative/wl-tile-v1-05764-neg-es-pba-35260-mdt5.tif	ok		631.85174561	632.94049072	-1.08874512	3.03333950	3.08020425	0.98478518	0.38907245	0.40933454	0.95049992	-0.17894985	0.10737929	-0.28632914	0.51108891	0.43564039	1.17318989	0.22222222	0.69876720
wl-tile-v1-05765	wl-neg-neg-es-pba-35282	neg-es-pba-35282	0	hard_negative	train	ES	As Medorras/A Casa das Mouras/Medorra de Ligonde 4	Monterroso	Ligonde (Santiago)		megalithic_mound	120.0	data/external/weak-label-relief-v1/train/negative/wl-tile-v1-05765-neg-es-pba-35282-mdt5.tif	ok		638.17877197	636.69287109	1.48590088	2.29547763	2.48227811	0.92474635	0.34708172	0.42778045	0.81135480	0.10341795	0.17633449	-0.07291654	0.49554318	0.40897402	1.21167398	0.08333333	0.73064321
wl-tile-v1-03924	wl-neg-neg-es-pba-15509	neg-es-pba-15509	0	hard_negative	train	ES	As Medorras/Mámoa das Medorras de Santa Cruz	Ordes	Santa Cruz de Montaos (Santa Cruz)		megalithic_mound	120.0	data/external/weak-label-relief-v1/train/negative/wl-tile-v1-03924-neg-es-pba-15509-mdt5.tif	ok		301.38766479	297.62261963	3.76504517	2.97158313	3.12838793	0.94987680	0.40644270	0.41756427	0.97336561	0.25633243	0.02247725	0.23385518	0.27608544	0.29021415	0.95131624	0.33333333	0.68454850
wl-tile-v1-06053	wl-neg-neg-es-pba-37845	neg-es-pba-37845	0	hard_negative	train	ES	As Modorras 1	Paradela	Castro de Rei de Lemos (Santa María)		megalithic_mound	120.0	data/external/weak-label-relief-v1/train/negative/wl-tile-v1-06053-neg-es-pba-37845-mdt5.tif	ok		737.25433350	734.35491943	2.89941406	3.30476546	3.73317170	0.88524336	0.29833618	0.35336730	0.84426652	0.28929949	0.11076515	0.17853434	0.35478607	0.34923360	1.01589902	0.05555556	0.82722974
wl-tile-v1-06054	wl-neg-neg-es-pba-37846	neg-es-pba-37846	0	hard_negative	train	ES	As Modorras 2	Paradela	Castro de Rei de Lemos (Santa María)		megalithic_mound	120.0	data/external/weak-label-relief-v1/train/negative/wl-tile-v1-06054-neg-es-pba-37846-mdt5.tif	ok		735.87719727	732.89184570	2.98535156	3.77492523	3.98005366	0.94846089	0.37590721	0.34024027	1.10482869	0.18717349	0.09811039	0.08906310	0.41242340	0.34071043	1.21048070	0.22222222	0.69713113
wl-tile-v1-06055	wl-neg-neg-es-pba-37847	neg-es-pba-37847	0	hard_negative	train	ES	As Modorras 3	Paradela	Castro de Rei de Lemos (Santa María)		megalithic_mound	120.0	data/external/weak-label-relief-v1/train/negative/wl-tile-v1-06055-neg-es-pba-37847-mdt5.tif	ok		736.51300049	730.03454590	6.47845459	3.96343231	4.30233097	0.92122906	0.33883584	0.42657313	0.79432063	0.50443023	0.07864728	0.42578296	0.35250527	0.34915608	1.00959223	0.08333333	0.75237196
wl-tile-v1-05995	wl-neg-neg-es-pba-37276	neg-es-pba-37276	0	hard_negative	train	ES	As Modorras 4	Paradela	Castro de Rei de Lemos (Santa María)		megalithic_mound	120.0	data/external/weak-label-relief-v1/train/negative/wl-tile-v1-05995-neg-es-pba-37276-mdt5.tif	ok		735.95086670	731.71038818	4.24047852	3.57835007	4.32781887	0.82682528	0.38380110	0.33944905	1.13065895	0.30459869	0.04757443	0.25702425	0.39559487	0.35334039	1.11958576	0.27777778	0.73535199
wl-tile-v1-05996	wl-neg-neg-es-pba-37277	neg-es-pba-37277	0	hard_negative	train	ES	As Modorriñas	Paradela	Castro de Rei de Lemos (Santa María)		megalithic_mound	120.0	data/external/weak-label-relief-v1/train/negative/wl-tile-v1-05996-neg-es-pba-37277-mdt5.tif	ok		733.49713135	731.45910645	2.03802490	4.74914265	5.69638872	0.83371112	0.42576063	0.57775223	0.73692597	0.19263841	0.26248276	-0.06984435	0.29868299	0.26689374	1.11910824	0.08333333	0.70188540
wl-tile-v1-07981	wl-neg-neg-es-pba-78752	neg-es-pba-78752	0	hard_negative	train	ES	As Mámoas	Cerdedo-Cotobade	Folgoso (Santa María)		megalithic_mound	120.0	data/external/weak-label-relief-v1/train/negative/wl-tile-v1-07981-neg-es-pba-78752-mdt5.tif	ok		541.95263672	531.53320312	10.41943359	5.82221794	6.34217072	0.91801659	0.66512942	0.78342801	0.84899877	0.68961883	-0.06343652	0.75305534	0.34519687	0.32058835	1.07676050	0.33333333	0.70906767
wl-tile-v1-06503	wl-neg-neg-es-pba-43279	neg-es-pba-43279	0	hard_negative	train	ES	As Mámoas de Moscaran 1	Vilalba	Árbol (San Lourenzo)		megalithic_mound	120.0	data/external/weak-label-relief-v1/train/negative/wl-tile-v1-06503-neg-es-pba-43279-mdt5.tif	ok		411.93640137	412.73074341	-0.79434204	2.87632418	2.84369898	1.01147280	0.36732566	0.44045326	0.83397195	-0.01654498	0.02212780	-0.03867278	0.66266823	0.59238362	1.11864711	0.13888889	0.79272665
wl-tile-v1-06504	wl-neg-neg-es-pba-43280	neg-es-pba-43280	0	hard_negative	train	ES	As Mámoas de Vilate 1	Vilalba	Lanzós (San Martiño)		megalithic_mound	120.0	data/external/weak-label-relief-v1/train/negative/wl-tile-v1-06504-neg-es-pba-43280-mdt5.tif	ok		479.70495605	477.58163452	2.12332153	1.89125705	2.77535558	0.68144675	0.30920491	0.39648613	0.77986310	0.17681494	0.16570111	0.01111384	0.31068215	0.31058118	1.00032510	0.11111111	0.71037107
wl-tile-v1-06621	wl-neg-neg-es-pba-30179	neg-es-pba-30179	0	hard_negative	train	ES	As Penas do Castelo	Xermade	Lousada (Santo André)		historic_fortification	120.0	data/external/weak-label-relief-v1/train/negative/wl-tile-v1-06621-neg-es-pba-30179-mdt5.tif	ok		840.38665771	819.37646484	21.01019287	12.89737988	11.02727890	1.16958862	1.23493648	1.33065891	0.92806388	1.83673084	0.07240827	1.76432256	0.25719795	0.27469507	0.93630347	0.33333333	0.59686435
wl-tile-v1-07338	wl-neg-neg-es-pba-56963	neg-es-pba-56963	0	hard_negative	train	ES	As Perdigueiras	Rubiá	Pardollán (Santo Estevo)		mining_or_quarry	120.0	data/external/weak-label-relief-v1/train/negative/wl-tile-v1-07338-neg-es-pba-56963-mdt5.tif	ok		425.28195190	419.24465942	6.03729248	15.92399406	11.21712208	1.41961494	2.94413519	2.23195601	1.31908298	1.51716995	0.69548011	0.82168984	0.33975828	0.26342839	1.28975574	0.36111111	0.55440401
wl-tile-v1-07692	wl-neg-neg-es-pba-66080	neg-es-pba-66080	0	hard_negative	train	ES	As Sete Mámoas	Agolada	Ferreiroa (San Pedro)		megalithic_mound	120.0	data/external/weak-label-relief-v1/train/negative/wl-tile-v1-07692-neg-es-pba-66080-mdt5.tif	ok		591.81091309	592.06250000	-0.25158691	5.01830482	4.42142248	1.13499781	0.57598341	0.52349812	1.10025879	0.01950441	-0.03873986	0.05824427	0.50757498	0.51266509	0.99007126	0.36111111	0.67948479
wl-tile-v1-06758	wl-neg-neg-es-pba-50577	neg-es-pba-50577	0	hard_negative	train	ES	Bouzas	A Gudiña	Pentes (San Mamede)		roman_built_context	120.0	data/external/weak-label-relief-v1/train/negative/wl-tile-v1-06758-neg-es-pba-50577-mdt5.tif	ok		767.94982910	778.40179443	-10.45196533	11.10801601	15.58088207	0.71292601	1.69645262	1.95583785	0.86737897	-0.62674326	-0.23382461	-0.39291865	0.31013557	0.32086343	0.96656567	0.33333333	0.65313884
wl-tile-v1-05680	wl-neg-neg-es-pba-34211	neg-es-pba-34211	0	hard_negative	train	ES	Calzada romana de Lindín	Mondoñedo	Lindín (Santiago)		roman_built_context	120.0	data/external/weak-label-relief-v1/train/negative/wl-tile-v1-05680-neg-es-pba-34211-mdt5.tif	ok		408.99133301	412.69134521	-3.70001221	9.28953266	10.96564960	0.84714841	1.23889315	1.03945458	1.19186848	-0.71861416	0.00901094	-0.72762511	0.30505574	0.30531687	0.99914473	0.47222222	0.54409442
wl-tile-v1-07712	wl-neg-neg-es-pba-66114	neg-es-pba-66114	0	hard_negative	train	ES	Campo da Mámoa	Agolada	Brántega (San Lourenzo)		megalithic_mound	120.0	data/external/weak-label-relief-v1/train/negative/wl-tile-v1-07712-neg-es-pba-66114-mdt5.tif	ok		466.93124390	457.24499512	9.68624878	7.50863171	7.88044214	0.95281858	0.83493543	0.77016199	1.08410366	1.26326609	0.24796651	1.01529957	0.30891019	0.27619198	1.11846184	0.33333333	0.60644050
wl-tile-v1-08328	wl-neg-neg-es-pba-64483	neg-es-pba-64483	0	hard_negative	train	ES	Campo da Mámoa 1	Forcarei	Pardesoa (Santiago)		megalithic_mound	120.0	data/external/weak-label-relief-v1/train/negative/wl-tile-v1-08328-neg-es-pba-64483-mdt5.tif	ok		792.73315430	782.80303955	9.93011475	12.27971172	14.71824169	0.83431921	1.26378953	1.71248209	0.73798701	0.98342752	0.15497938	0.82844815	0.27839714	0.27769268	1.00253686	0.13888889	0.63024407
wl-tile-v1-08329	wl-neg-neg-es-pba-64484	neg-es-pba-64484	0	hard_negative	train	ES	Campo da Mámoa 2	Forcarei	Pardesoa (Santiago)		megalithic_mound	120.0	data/external/weak-label-relief-v1/train/negative/wl-tile-v1-08329-neg-es-pba-64484-mdt5.tif	ok		792.92968750	779.82019043	13.10949707	11.99139023	15.62230301	0.76758146	1.27933645	1.75208879	0.73017787	1.21420276	-0.00542662	1.21962938	0.27807340	0.27959836	0.99454591	0.13888889	0.59538525
wl-tile-v1-08252	wl-neg-neg-es-pba-63991	neg-es-pba-63991	0	hard_negative	train	ES	Campo da Mámoa 3	Forcarei	Pardesoa (Santiago)		megalithic_mound	120.0	data/external/weak-label-relief-v1/train/negative/wl-tile-v1-08252-neg-es-pba-63991-mdt5.tif	ok		793.72595215	780.26623535	13.45971680	12.90955544	15.13871288	0.85275119	1.37328672	1.84585404	0.74398446	1.17816174	0.15526292	1.02289882	0.28294110	0.26907212	1.05154376	0.19444444	0.63489077
wl-tile-v1-04597	wl-neg-neg-es-pba-25211	neg-es-pba-25211	0	hard_negative	train	ES	Cancela Encrucillada/Mámoa de Fornelos	Tordoia	Andoio (San Mamede)		megalithic_mound	120.0	data/external/weak-label-relief-v1/train/negative/wl-tile-v1-04597-neg-es-pba-25211-mdt5.tif	ok		390.73422241	392.00772095	-1.27349854	3.06734395	3.21080828	0.95531831	0.48296916	0.42162865	1.14548468	0.00307632	-0.12472330	0.12779962	0.37045506	0.38882533	0.95275444	0.36111111	0.61096657
wl-tile-v1-05942	wl-neg-neg-es-pba-41795	neg-es-pba-41795	0	hard_negative	train	ES	Capela e Necrópole de San Pedro de Cela	O Saviñao	Diomondi (San Paio)		necropolis_or_burial	120.0	data/external/weak-label-relief-v1/train/negative/wl-tile-v1-05942-neg-es-pba-41795-mdt5.tif	ok		462.05960083	467.76763916	-5.70803833	21.33781242	19.33709335	1.10346535	1.35756397	1.37733924	0.98564241	-0.81178194	0.14922291	-0.96100485	0.28496227	0.26795191	1.06348289	0.27777778	0.60047837
wl-tile-v1-06336	wl-neg-neg-es-pba-42279	neg-es-pba-42279	0	hard_negative	train	ES	Capela e necrópole de San Marcos	Sarria	Biville (San Miguel)		necropolis_or_burial	120.0	data/external/weak-label-relief-v1/train/negative/wl-tile-v1-06336-neg-es-pba-42279-mdt5.tif	ok		838.86846924	810.63800049	28.23046875	13.54497147	11.55993652	1.17171677	1.26732326	1.02820241	1.23256203	2.49854541	0.05687959	2.44166582	0.31599429	0.30292997	1.04312655	0.47222222	0.64514337
wl-tile-v1-06289	wl-neg-neg-es-pba-41944	neg-es-pba-41944	0	hard_negative	train	ES	Casa Torre de Barrio	Sarria	Louseiro (San Martiño)		historic_fortification	120.0	data/external/weak-label-relief-v1/train/negative/wl-tile-v1-06289-neg-es-pba-41944-mdt5.tif	ok		478.18911743	478.74203491	-0.55291748	6.03052330	6.89874983	0.87414727	0.55022067	0.63030541	0.87294296	0.16351908	-0.09404812	0.25756720	0.38980073	0.39021620	0.99893527	0.27777778	0.69850870
wl-tile-v1-06290	wl-neg-neg-es-pba-41945	neg-es-pba-41945	0	hard_negative	train	ES	Casa Torre de Outeiro	Sarria	Goián (San Miguel)		historic_fortification	120.0	data/external/weak-label-relief-v1/train/negative/wl-tile-v1-06290-neg-es-pba-41945-mdt5.tif	ok		616.50866699	613.44946289	3.05920410	8.08985901	8.26502609	0.97880623	0.88547879	0.92264897	0.95971364	0.25535053	-0.35122657	0.60657710	0.37425017	0.37420630	1.00011723	0.25000000	0.54667650
wl-tile-v1-05886	wl-neg-neg-es-pba-37167	neg-es-pba-37167	0	hard_negative	train	ES	Casa de Mámoa	O Páramo	A Torre (San Martiño)		megalithic_mound	120.0	data/external/weak-label-relief-v1/train/negative/wl-tile-v1-05886-neg-es-pba-37167-mdt5.tif	ok		389.78466797	389.09094238	0.69372559	3.58139133	4.03258562	0.88811291	0.33418554	0.41315103	0.80887017	0.15342152	-0.05831607	0.21173760	0.77645946	0.65761489	1.18072062	0.05555556	0.82321837
wl-tile-v1-06769	wl-neg-neg-es-pba-57591	neg-es-pba-57591	0	hard_negative	train	ES	Casa reitoral de Pedrafita	A Teixeira	Pedrafita (San Martiño)		megalithic_mound	120.0	data/external/weak-label-relief-v1/train/negative/wl-tile-v1-06769-neg-es-pba-57591-mdt5.tif	ok		806.94219971	813.63806152	-6.69586182	6.34347105	8.19037056	0.77450355	0.86333358	1.12509477	0.76734299	-0.28210634	0.29526806	-0.57737440	0.23808254	0.28896055	0.82392751	0.19444444	0.66077838
wl-tile-v1-06069	wl-neg-neg-es-pba-37086	neg-es-pba-37086	0	hard_negative	train	ES	Casas (2) de Pedrafita	Pedrafita do Cebreiro	Pedrafita do Cebreiro (Santo Antón)		megalithic_mound	120.0	data/external/weak-label-relief-v1/train/negative/wl-tile-v1-06069-neg-es-pba-37086-mdt5.tif	ok		1100.54479980	1116.83459473	-16.28979492	9.19226551	12.62769222	0.72794501	1.03357160	1.73702657	0.59502348	-1.01030588	-0.52385575	-0.48645014	0.24328740	0.29347575	0.82898639	0.08333333	0.65962270
wl-tile-v1-05681	wl-neg-neg-es-pba-34394	neg-es-pba-34394	0	hard_negative	train	ES	Castelo	Mondoñedo	Figueiras (San Martiño)		historic_fortification	120.0	data/external/weak-label-relief-v1/train/negative/wl-tile-v1-05681-neg-es-pba-34394-mdt5.tif	ok		606.08673096	566.11016846	39.97656250	29.18067741	21.40978050	1.36296014	3.87532115	1.84041178	2.10568156	3.24362588	0.18945757	3.05416831	0.46507594	0.29211241	1.59211291	0.69444444	0.56259933
wl-tile-v1-06580	wl-neg-neg-es-pba-43110	neg-es-pba-43110	0	hard_negative	train	ES	Castelo	Viveiro	Galdo (Santa María)		historic_fortification	120.0	data/external/weak-label-relief-v1/train/negative/wl-tile-v1-06580-neg-es-pba-43110-mdt5.tif	ok		458.10028076	401.63809204	56.46218872	24.49544525	27.99165344	0.87509819	2.73191667	2.93842769	0.92972057	4.69620085	0.85305929	3.84314156	0.34005001	0.31075028	1.09428708	0.38888889	0.59826208
wl-tile-v1-06581	wl-neg-neg-es-pba-43142	neg-es-pba-43142	0	hard_negative	train	ES	Castelo	Viveiro	Faro (San Xiao)		historic_fortification	120.0	data/external/weak-label-relief-v1/train/negative/wl-tile-v1-06581-neg-es-pba-43142-mdt5.tif	ok		93.85838318	90.37827301	3.48011017	8.53444576	12.41112423	0.68764486	1.29151702	1.37134695	0.94178721	0.90850073	0.02858556	0.87991517	0.31931242	0.29980198	1.06507778	0.25000000	0.61141414
wl-tile-v1-06582	wl-neg-neg-es-pba-43143	neg-es-pba-43143	0	hard_negative	train	ES	Castelo	Viveiro	Celeiro (Santiago)		historic_fortification	120.0	data/external/weak-label-relief-v1/train/negative/wl-tile-v1-06582-neg-es-pba-43143-mdt5.tif	ok		157.32225037	116.52946472	40.79278564	15.99286079	18.02855110	0.88708520	1.35309958	1.13043272	1.19697489	3.27001810	0.58974183	2.68027627	0.24523857	0.24777824	0.98975025	0.41666667	0.60432423
wl-tile-v1-06740	wl-neg-neg-es-pba-32082	neg-es-pba-32082	0	hard_negative	train	ES	Castelo	Xove	Portocelo (San Tirso)		historic_fortification	120.0	data/external/weak-label-relief-v1/train/negative/wl-tile-v1-06740-neg-es-pba-32082-mdt5.tif	ok		99.58381653	82.10993195	17.47388458	9.37407589	9.33902740	1.00375291	0.66754848	0.86665940	0.77025470	1.42378056	0.35688689	1.06689367	0.31446016	0.37390929	0.84100653	0.16666667	0.59685446
wl-tile-v1-06741	wl-neg-neg-es-pba-32083	neg-es-pba-32083	0	hard_negative	train	ES	Castelo	Xove	Portocelo (San Tirso)		historic_fortification	120.0	data/external/weak-label-relief-v1/train/negative/wl-tile-v1-06741-neg-es-pba-32083-mdt5.tif	ok		121.85838318	73.29284668	48.56553650	23.47544098	21.55420685	1.08913500	2.70861483	3.45606160	0.78372875	3.38803363	-0.12587376	3.51390739	0.27994731	0.31609246	0.88565007	0.36111111	0.58699126
wl-tile-v1-05766	wl-neg-neg-es-pba-35341	neg-es-pba-35341	0	hard_negative	train	ES	Castelo Longo de Ambarría	Monterroso	San Breixo (San Salvador)		historic_fortification	120.0	data/external/weak-label-relief-v1/train/negative/wl-tile-v1-05766-neg-es-pba-35341-mdt5.tif	ok		707.78344727	700.88574219	6.89770508	8.74977875	10.15980625	0.86121512	0.87533051	1.07220352	0.81638466	0.46690688	0.12749831	0.33940856	0.24136627	0.26221690	0.92048328	0.33333333	0.60015633
wl-tile-v1-06254	wl-neg-neg-es-pba-40334	neg-es-pba-40334	0	hard_negative	train	ES	Castelo Vello	Ribeira de Piquín	San Xurxo de Piquín (San Xurxo)		mining_or_quarry	120.0	data/external/weak-label-relief-v1/train/negative/wl-tile-v1-06254-neg-es-pba-40334-mdt5.tif	ok		764.83526611	772.71411133	-7.87884521	14.45476532	13.85615349	1.04320188	0.98372340	0.97972870	1.00407736	-0.35699287	0.04526012	-0.40225299	0.22300225	0.24246654	0.91972383	0.30555556	0.53094109
wl-tile-v1-08856	wl-neg-neg-es-pba-71232	neg-es-pba-71232	0	hard_negative	train	ES	Castelo da Mata	O Rosal	O Rosal (Santa Mariña)		historic_fortification	120.0	data/external/weak-label-relief-v1/train/negative/wl-tile-v1-08856-neg-es-pba-71232-mdt5.tif	ok		28.72636032	24.07209778	4.65426254	6.52663803	6.25212336	1.04390743	1.08317697	1.04926658	1.03231819	0.43121582	0.01148741	0.41972841	0.33615783	0.32356152	1.03893018	0.36111111	0.54219056
wl-tile-v1-05167	wl-neg-neg-es-pba-28789	neg-es-pba-28789	0	hard_negative	train	ES	Castelo da Modorra	Bóveda	Teilán (Santa Baia)		historic_fortification	120.0	data/external/weak-label-relief-v1/train/negative/wl-tile-v1-05167-neg-es-pba-28789-mdt5.tif	ok		405.32513428	395.27276611	10.05236816	6.44548750	3.71572161	1.73465296	0.78291941	0.57811457	1.35426341	1.02624106	-0.20590170	1.23214276	0.37153697	0.31774339	1.16929881	0.38888889	0.56788109
wl-tile-v1-05682	wl-neg-neg-es-pba-34395	neg-es-pba-34395	0	hard_negative	train	ES	Castelo da Recadeira	Mondoñedo	Os Remedios (Nosa Señora dos Remedios)		historic_fortification	120.0	data/external/weak-label-relief-v1/train/negative/wl-tile-v1-05682-neg-es-pba-34395-mdt5.tif	ok		147.16763306	128.82664490	18.34098816	15.64665127	20.22688103	0.77355729	2.79147649	3.21552920	0.86812351	1.05745590	-1.09269798	2.15015388	0.31537214	0.36209926	0.87095494	0.44444444	0.62914246
wl-tile-v1-05943	wl-neg-neg-es-pba-37344	neg-es-pba-37344	0	hard_negative	train	ES	Castelo das Saíñas	Pantón	Espasantes (Santo Estevo)		historic_fortification	120.0	data/external/weak-label-relief-v1/train/negative/wl-tile-v1-05943-neg-es-pba-37344-mdt5.tif	ok		303.16473389	277.19769287	25.96704102	24.36127472	19.14533043	1.27243950	3.29845929	3.27563715	1.00696724	3.58590937	-1.88207054	5.46797991	0.32095012	0.27427414	1.17018002	0.33333333	0.56554294
wl-tile-v1-08568	wl-neg-neg-es-pba-67156	neg-es-pba-67156	0	hard_negative	train	ES	Castelo de Ardán	Marín	Ardán (Santa María)		historic_fortification	120.0	data/external/weak-label-relief-v1/train/negative/wl-tile-v1-08568-neg-es-pba-67156-mdt5.tif	ok		301.53598022	258.77285767	42.76312256	25.13491249	20.63094711	1.21831113	1.48788726	1.18166184	1.25914810	3.59103727	-0.37068635	3.96172363	0.28497815	0.18220022	1.56409332	0.30555556	0.48332320
wl-tile-v1-08569	wl-neg-neg-es-pba-67157	neg-es-pba-67157	0	hard_negative	train	ES	Castelo de Barbudo	Marín	Marín (San Xián)		historic_fortification	120.0	data/external/weak-label-relief-v1/train/negative/wl-tile-v1-08569-neg-es-pba-67157-mdt5.tif	ok		283.35095215	257.11224365	26.23870850	15.19385815	15.42621613	0.98493746	1.54255629	1.32278395	1.16614379	3.54863238	-0.11769639	3.66632877	0.23380828	0.25932914	0.90158892	0.47222222	0.61518584
wl-tile-v1-05944	wl-neg-neg-es-pba-37345	neg-es-pba-37345	0	hard_negative	train	ES	Castelo de Burnugueiras	Pantón	Pantón (San Martiño)		historic_fortification	120.0	data/external/weak-label-relief-v1/train/negative/wl-tile-v1-05944-neg-es-pba-37345-mdt5.tif	ok		382.16619873	362.27423096	19.89196777	19.47941208	18.06963158	1.07801933	1.99777961	2.99164557	0.66778619	2.95611000	-1.78451383	4.74062383	0.33161962	0.35951179	0.92241653	0.19444444	0.49420239
wl-tile-v1-09378	wl-neg-neg-es-pba-70318	neg-es-pba-70318	0	hard_negative	train	ES	Castelo de Casas Novas	Tui	Randufe (Santa María da Guía)		historic_fortification	120.0	data/external/weak-label-relief-v1/train/negative/wl-tile-v1-09378-neg-es-pba-70318-mdt5.tif	ok		339.87518311	323.21823120	16.65695190	18.04862213	17.16684532	1.05136510	2.21045899	2.54744387	0.86771647	2.68658519	0.63954723	2.04703796	0.34394383	0.34044242	1.01028490	0.22222222	0.61514150
wl-tile-v1-08577	wl-neg-neg-es-pba-66595	neg-es-pba-66595	0	hard_negative	train	ES	Castelo de Con O Real/O Castelo	Moaña	Tirán (San Xoán)		historic_fortification	120.0	data/external/weak-label-relief-v1/train/negative/wl-tile-v1-08577-neg-es-pba-66595-mdt5.tif	ok		19.25110054	20.10837364	-0.85727310	7.52054024	6.29514551	1.19465709	0.91829592	0.93547988	0.98163086	-0.45858598	0.01783831	-0.47642429	0.47623864	0.40561318	1.17412021	0.41666667	0.67883678
wl-tile-v1-09247	wl-neg-neg-es-pba-70135	neg-es-pba-70135	0	hard_negative	train	ES	Castelo de Ferveda/Coto do Castelo	Silleda	Xestoso (Santa María)		historic_fortification	120.0	data/external/weak-label-relief-v1/train/negative/wl-tile-v1-09247-neg-es-pba-70135-mdt5.tif	ok		592.70013428	571.65905762	21.04107666	30.26856422	27.51983070	1.09988192	3.61928344	4.88872576	0.74033268	3.91685462	-1.84055316	5.75740778	0.33864486	0.36919692	0.91724725	0.19444444	0.55951265
wl-tile-v1-07934	wl-neg-neg-es-pba-61517	neg-es-pba-61517	0	hard_negative	train	ES	Castelo de Pereiró	Bueu	A Illa de Ons (San Xoaquín)		historic_fortification	120.0	data/external/weak-label-relief-v1/train/negative/wl-tile-v1-07934-neg-es-pba-61517-mdt5.tif	ok		7.37679100	18.78441238	-11.40762138	8.76025200	8.31590176	1.05343380	1.21289122	0.97249442	1.24719607	-0.68298477	-0.22355478	-0.45942999	0.26056609	0.21682493	1.20173488	0.44444444	0.46814520
wl-tile-v1-09176	wl-neg-neg-es-pba-71331	neg-es-pba-71331	0	hard_negative	train	ES	Castelo de Rande	Redondela	Trasmañó (San Vicente)		historic_fortification	120.0	data/external/weak-label-relief-v1/train/negative/wl-tile-v1-09176-neg-es-pba-71331-mdt5.tif	ok		11.71806145	9.80374146	1.91431999	6.73496819	6.54219151	1.02946668	1.14741397	0.93163353	1.23161515	0.55007476	-0.29732147	0.84739622	0.18739510	0.16542186	1.13283152	0.52777778	0.52278548
wl-tile-v1-09495	wl-neg-neg-es-pba-74969	neg-es-pba-74969	0	hard_negative	train	ES	Castelo de Uveiras/O Castelo	Vilaboa	Cobres (Santo Adrán)		historic_fortification	120.0	data/external/weak-label-relief-v1/train/negative/wl-tile-v1-09495-neg-es-pba-74969-mdt5.tif	ok		73.73421478	51.82927704	21.90493774	15.05754280	14.55573177	1.03447515	1.96267951	1.85323787	1.05905429	3.21317840	-0.04808764	3.26126603	0.34490824	0.34481639	1.00026638	0.36111111	0.53768396
wl-tile-v1-08778	wl-neg-neg-es-pba-68975	neg-es-pba-68975	0	hard_negative	train	ES	Castelo do Monte	Nigrán	Parada (Santiago)		historic_fortification	120.0	data/external/weak-label-relief-v1/train/negative/wl-tile-v1-08778-neg-es-pba-68975-mdt5.tif	ok		160.17915344	159.25268555	0.92646790	12.73041916	13.54622173	0.93977638	1.44677341	1.97916317	0.73100259	0.22688396	-0.20396087	0.43084483	0.26325259	0.32010204	0.82240210	0.30555556	0.58235816
wl-tile-v1-08857	wl-neg-neg-es-pba-71233	neg-es-pba-71233	0	hard_negative	train	ES	Castelo do Monte Terroso	O Rosal	O Rosal (Santa Mariña)		historic_fortification	120.0	data/external/weak-label-relief-v1/train/negative/wl-tile-v1-08857-neg-es-pba-71233-mdt5.tif	ok		346.51004028	297.85388184	48.65615845	23.35460854	22.27383614	1.04852206	1.77990317	1.65337551	1.07652688	4.07618809	0.90201795	3.17417014	0.24639717	0.23147175	1.06448053	0.36111111	0.57378213
wl-tile-v1-05683	wl-neg-neg-es-pba-34396	neg-es-pba-34396	0	hard_negative	train	ES	Castelo do Monte da Arca	Mondoñedo	Argomoso (San Pedro)		historic_fortification	120.0	data/external/weak-label-relief-v1/train/negative/wl-tile-v1-05683-neg-es-pba-34396-mdt5.tif	ok		426.76589966	377.02917480	49.73672485	25.79976845	23.45909500	1.09977680	2.11646581	2.32579136	0.90999814	4.74977732	-0.09436750	4.84414481	0.28690943	0.33648062	0.85267744	0.25000000	0.46080629
wl-tile-v1-02802	wl-neg-neg-es-pba-7236	neg-es-pba-7236	0	hard_negative	train	ES	Castelo/Batería de San Diego	A Coruña	A Coruña		historic_fortification	120.0	data/external/weak-label-relief-v1/train/negative/wl-tile-v1-02802-neg-es-pba-7236-mdt5.tif	ok		4.00000000	7.56815481	-3.56815481	2.52630663	3.21560907	0.78563861	0.61351150	0.55115736	1.11313311	-0.26071769	0.01864203	-0.27935972	0.18550153	0.22227576	0.83455581	0.38888889	0.48907524
wl-tile-v1-06192	wl-neg-neg-es-pba-38466	neg-es-pba-38466	0	hard_negative	train	ES	Cazoletas de Penamaior	Portomarín	Recelle (San Pedro)		rock_art_surface	120.0	data/external/weak-label-relief-v1/train/negative/wl-tile-v1-06192-neg-es-pba-38466-mdt5.tif	ok		553.01733398	530.61132812	22.40600586	11.16477776	12.63859940	0.88338727	0.96404934	0.91886640	1.04917248	1.54247713	0.30525973	1.23721740	0.29789764	0.30278650	0.98385376	0.52777778	0.67099404
wl-tile-v1-06840	wl-neg-neg-es-pba-45330	neg-es-pba-45330	0	hard_negative	train	ES	Cazoletas de San Pedro	Baltar	Vilamaior da Boullosa (Santa María)		rock_art_surface	120.0	data/external/weak-label-relief-v1/train/negative/wl-tile-v1-06840-neg-es-pba-45330-mdt5.tif	ok		927.55493164	920.43365479	7.12127686	10.47329235	10.59115982	0.98887115	1.43021321	1.34440875	1.06382320	0.49771965	0.35915563	0.13856402	0.35517767	0.29698133	1.19595957	0.50000000	0.66966331
wl-tile-v1-07324	wl-neg-neg-es-pba-56795	neg-es-pba-56795	0	hard_negative	train	ES	Cista de Biobra	Rubiá	Biobra (San Miguel)		megalithic_mound	120.0	data/external/weak-label-relief-v1/train/negative/wl-tile-v1-07324-neg-es-pba-56795-mdt5.tif	ok		517.58734131	504.12261963	13.46472168	17.86306190	18.70756531	0.95485765	2.48634648	2.35746384	1.05467004	1.40838671	0.14827658	1.26011012	0.32924411	0.30938157	1.06420076	0.38888889	0.58497963
wl-tile-v1-09497	wl-neg-neg-es-pba-75104	neg-es-pba-75104	0	hard_negative	train	ES	Cista de Chan de Castiñeiras 2/Mámoa do Rei	Vilaboa	Vilaboa (San Martiño)		megalithic_mound	120.0	data/external/weak-label-relief-v1/train/negative/wl-tile-v1-09497-neg-es-pba-75104-mdt5.tif	ok		417.53744507	415.46853638	2.06890869	7.20768833	8.07455921	0.89264171	0.79293275	0.99370164	0.79795858	0.37688646	-0.04322181	0.42010826	0.34734380	0.30832392	1.12655483	0.30555556	0.57332104
wl-tile-v1-07947	wl-neg-neg-es-pba-62940	neg-es-pba-62940	0	hard_negative	train	ES	Cistas de Gandón	Cangas	Aldán (San Cibrán)		megalithic_mound	120.0	data/external/weak-label-relief-v1/train/negative/wl-tile-v1-07947-neg-es-pba-62940-mdt5.tif	ok		65.20773315	69.15152740	-3.94379425	4.89466524	4.13608503	1.18340537	0.68379271	0.67089474	1.01922503	-0.40356961	-0.12481354	-0.27875607	0.29019356	0.31063968	0.93418059	0.33333333	0.58461537
wl-tile-v1-08858	wl-neg-neg-es-pba-68854	neg-es-pba-68854	0	hard_negative	train	ES	Complexo megalítico de Amoedo/Mámoa de Alvedosa 1	Pazos de Borbén	Amoedo (San Sadurniño)		megalithic_mound	120.0	data/external/weak-label-relief-v1/train/negative/wl-tile-v1-08858-neg-es-pba-68854-mdt5.tif	ok		287.28927612	287.85397339	-0.56469727	6.75113106	9.06573772	0.74468634	0.84391046	1.33744013	0.63098933	-0.20251295	-0.29111078	0.08859783	0.30300829	0.31039783	0.97619331	0.08333333	0.62198749
wl-tile-v1-08859	wl-neg-neg-es-pba-68855	neg-es-pba-68855	0	hard_negative	train	ES	Complexo megalítico de Amoedo/Mámoa de Alvedosa 2	Pazos de Borbén	Amoedo (San Sadurniño)		megalithic_mound	120.0	data/external/weak-label-relief-v1/train/negative/wl-tile-v1-08859-neg-es-pba-68855-mdt5.tif	ok		286.60940552	285.15255737	1.45684814	7.04635620	9.54304600	0.73837601	0.71811146	1.44280112	0.49772033	0.13409984	-0.67907202	0.81317186	0.33489349	0.35757026	0.93658095	0.08333333	0.58200106
wl-tile-v1-08860	wl-neg-neg-es-pba-68856	neg-es-pba-68856	0	hard_negative	train	ES	Complexo megalítico de Amoedo/Mámoa de Alvedosa 3	Pazos de Borbén	Amoedo (San Sadurniño)		megalithic_mound	120.0	data/external/weak-label-relief-v1/train/negative/wl-tile-v1-08860-neg-es-pba-68856-mdt5.tif	ok		286.16006470	283.92535400	2.23471069	7.41281271	9.36087322	0.79189329	0.84471887	1.43710244	0.58779308	0.41253531	-0.67111129	1.08364660	0.34060609	0.35496515	0.95954798	0.11111111	0.58986083
wl-tile-v1-08861	wl-neg-neg-es-pba-68857	neg-es-pba-68857	0	hard_negative	train	ES	Complexo megalítico de Amoedo/Mámoa de Alvedosa 4	Pazos de Borbén	Amoedo (San Sadurniño)		megalithic_mound	120.0	data/external/weak-label-relief-v1/train/negative/wl-tile-v1-08861-neg-es-pba-68857-mdt5.tif	ok		285.59323120	282.57464600	3.01858521	7.66314554	9.22347164	0.83083093	1.10971749	1.43146563	0.77523167	0.71450853	-0.64517546	1.35968399	0.34958881	0.35479301	0.98533173	0.22222222	0.59012015
wl-tile-v1-08862	wl-neg-neg-es-pba-68858	neg-es-pba-68858	0	hard_negative	train	ES	Complexo megalítico de Amoedo/Mámoa de Alvedosa 5	Pazos de Borbén	Amoedo (San Sadurniño)		megalithic_mound	120.0	data/external/weak-label-relief-v1/train/negative/wl-tile-v1-08862-neg-es-pba-68858-mdt5.tif	ok		282.07635498	282.76214600	-0.68579102	6.87574434	8.06861496	0.85215918	1.30527389	1.19021451	1.09667112	0.43158832	-0.04631606	0.47790438	0.34060884	0.33051160	1.03055032	0.38888889	0.56576725
wl-tile-v1-08863	wl-neg-neg-es-pba-68859	neg-es-pba-68859	0	hard_negative	train	ES	Complexo megalítico de Amoedo/Mámoa de Alvedosa 6	Pazos de Borbén	Amoedo (San Sadurniño)		megalithic_mound	120.0	data/external/weak-label-relief-v1/train/negative/wl-tile-v1-08863-neg-es-pba-68859-mdt5.tif	ok		293.79882812	290.34686279	3.45196533	9.40785027	10.60326767	0.88725953	1.54848754	1.12840724	1.37227721	-0.13655424	0.33083513	-0.46738937	0.29861382	0.28423625	1.05058315	0.61111111	0.61155417
wl-tile-v1-08578	wl-neg-neg-es-pba-66693	neg-es-pba-66693	0	hard_negative	train	ES	Complexo rupestre da Escada	Moaña	Meira (Santa Eulalia)		rock_art_surface	120.0	data/external/weak-label-relief-v1/train/negative/wl-tile-v1-08578-neg-es-pba-66693-mdt5.tif	ok		158.11894226	164.28591919	-6.16697693	16.63053131	17.48929405	0.95089780	2.43487644	2.27996802	1.06794324	0.61635739	-0.15837815	0.77473554	0.24596803	0.30470145	0.80724273	0.50000000	0.64822358
wl-tile-v1-08913	wl-neg-neg-es-pba-76607	neg-es-pba-76607	0	hard_negative	train	ES	Complexo rupestre de Combarro	Poio	Combarro (San Roque)		rock_art_surface	120.0	data/external/weak-label-relief-v1/train/negative/wl-tile-v1-08913-neg-es-pba-76607-mdt5.tif	ok		106.52275848	117.02345276	-10.50069427	13.60234451	17.55395508	0.77488774	2.47200012	2.47690201	0.99802096	-1.66069305	0.10585637	-1.76654942	0.35364729	0.41342649	0.85540550	0.30555556	0.64081111
wl-tile-v1-08914	wl-neg-neg-es-pba-76608	neg-es-pba-76608	0	hard_negative	train	ES	Complexo rupestre de Combarro-Raxó	Poio	Combarro (San Roque)		rock_art_surface	120.0	data/external/weak-label-relief-v1/train/negative/wl-tile-v1-08914-neg-es-pba-76608-mdt5.tif	ok		119.87665558	116.31472778	3.56192780	12.18367958	11.04969215	1.10262616	1.06318891	0.97787309	1.08724632	0.08884830	-0.10416491	0.19301321	0.31509691	0.27593723	1.14191519	0.36111111	0.57852609
wl-tile-v1-04279	wl-neg-neg-es-pba-20010	neg-es-pba-20010	0	hard_negative	train	ES	Contorna de Porta da Mámoa	Santiago de Compostela	Santiago de Compostela		megalithic_mound	120.0	data/external/weak-label-relief-v1/train/negative/wl-tile-v1-04279-neg-es-pba-20010-mdt5.tif	ok		255.81645203	250.63569641	5.18075562	4.75669718	5.07510138	0.93726151	0.67584217	0.61792332	1.09373145	0.26556888	0.08677781	0.17879107	0.25400585	0.26066679	0.97444654	0.36111111	0.62093240
wl-tile-v1-03925	wl-neg-neg-es-pba-15660	neg-es-pba-15660	0	hard_negative	train	ES	Coto da Medorra/Mámoa do Coto da Medorra	Ordes	Parada (Santa Mariña)		megalithic_mound	120.0	data/external/weak-label-relief-v1/train/negative/wl-tile-v1-03925-neg-es-pba-15660-mdt5.tif	ok		362.30395508	351.82107544	10.48287964	5.67325401	6.80982256	0.83309865	0.63326931	0.81166852	0.78020682	0.82756108	0.25450629	0.57305479	0.28400898	0.30703917	0.92499266	0.13888889	0.75713496
wl-tile-v1-06338	wl-neg-neg-es-pba-41313	neg-es-pba-41313	0	hard_negative	train	ES	Coto das Medorras 1	Taboada	Meixonfrío (Santa Mariña)		megalithic_mound	120.0	data/external/weak-label-relief-v1/train/negative/wl-tile-v1-06338-neg-es-pba-41313-mdt5.tif	ok		674.88226318	667.10382080	7.77844238	6.19550943	6.54730749	0.94626829	0.71095675	0.90661561	0.78418763	0.39178637	-0.03687600	0.42866236	0.38437879	0.36011645	1.06737359	0.11111111	0.61195130
wl-tile-v1-06339	wl-neg-neg-es-pba-41314	neg-es-pba-41314	0	hard_negative	train	ES	Coto das Medorras 2	Taboada	Meixonfrío (Santa Mariña)		megalithic_mound	120.0	data/external/weak-label-relief-v1/train/negative/wl-tile-v1-06339-neg-es-pba-41314-mdt5.tif	ok		675.08721924	663.81207275	11.27514648	7.32713175	6.77723360	1.08113903	0.71147853	0.80983263	0.87855009	0.70303363	-0.21687390	0.91990753	0.33827797	0.37612730	0.89937094	0.27777778	0.70247812
wl-tile-v1-06340	wl-neg-neg-es-pba-41315	neg-es-pba-41315	0	hard_negative	train	ES	Coto das Medorras 3	Taboada	Meixonfrío (Santa Mariña)		megalithic_mound	120.0	data/external/weak-label-relief-v1/train/negative/wl-tile-v1-06340-neg-es-pba-41315-mdt5.tif	ok		669.76165771	661.52954102	8.23211670	6.10560608	6.15647316	0.99173763	0.58424580	0.72650188	0.80419035	0.68233818	0.13360544	0.54873274	0.33146468	0.31369063	1.05666107	0.13888889	0.74122264
wl-tile-v1-07974	wl-neg-neg-es-pba-78570	neg-es-pba-78570	0	hard_negative	train	ES	Coto de Mámoas 1	Cerdedo-Cotobade	Cerdedo (San Xoán)		megalithic_mound	120.0	data/external/weak-label-relief-v1/train/negative/wl-tile-v1-07974-neg-es-pba-78570-mdt5.tif	ok		508.99282837	487.95794678	21.03488159	15.15535831	20.50824738	0.73898847	1.79123390	2.15009928	0.83309358	0.95129091	0.87239414	0.07889676	0.21791480	0.22777507	0.95671053	0.22222222	0.64549866
wl-tile-v1-07975	wl-neg-neg-es-pba-78571	neg-es-pba-78571	0	hard_negative	train	ES	Coto de Mámoas 2	Cerdedo-Cotobade	Cerdedo (San Xoán)		megalithic_mound	120.0	data/external/weak-label-relief-v1/train/negative/wl-tile-v1-07975-neg-es-pba-78571-mdt5.tif	ok		506.58679199	484.47955322	22.10723877	16.43409157	20.21342468	0.81302856	1.50138199	2.16564703	0.69327179	1.40495837	0.96881956	0.43613881	0.20070633	0.23394053	0.85793742	0.16666667	0.59914969
wl-tile-v1-07976	wl-neg-neg-es-pba-78572	neg-es-pba-78572	0	hard_negative	train	ES	Coto de Mámoas 3	Cerdedo-Cotobade	Cerdedo (San Xoán)		megalithic_mound	120.0	data/external/weak-label-relief-v1/train/negative/wl-tile-v1-07976-neg-es-pba-78572-mdt5.tif	ok		506.06887817	481.27517700	24.79370117	16.81802559	20.31428146	0.82789173	1.42133594	2.32229805	0.61203855	1.72991109	0.86351091	0.86640018	0.19354711	0.25778908	0.75079642	0.16666667	0.56900931
wl-tile-v1-07977	wl-neg-neg-es-pba-78573	neg-es-pba-78573	0	hard_negative	train	ES	Coto de Mámoas 4	Cerdedo-Cotobade	Cerdedo (San Xoán)		megalithic_mound	120.0	data/external/weak-label-relief-v1/train/negative/wl-tile-v1-07977-neg-es-pba-78573-mdt5.tif	ok		505.20230103	477.29681396	27.90548706	17.25609207	20.46489716	0.84320444	1.29531026	2.27713823	0.56883251	1.96079040	0.52686435	1.43392605	0.19556552	0.28619775	0.68332305	0.13888889	0.54828802
wl-tile-v1-07978	wl-neg-neg-es-pba-78574	neg-es-pba-78574	0	hard_negative	train	ES	Coto de Mámoas 5	Cerdedo-Cotobade	Cerdedo (San Xoán)		megalithic_mound	120.0	data/external/weak-label-relief-v1/train/negative/wl-tile-v1-07978-neg-es-pba-78574-mdt5.tif	ok		505.55236816	480.56488037	24.98748779	16.43160820	20.09060097	0.81787539	1.50228179	2.08891654	0.71916793	1.66366041	0.77220482	0.89145559	0.19719701	0.27624652	0.71384431	0.16666667	0.57635537
wl-tile-v1-05767	wl-neg-neg-es-pba-35346	neg-es-pba-35346	0	hard_negative	train	ES	Coto do Mouro Morto/Orgoso/Medorra de Monte Agudo 1	Monterroso	Pedraza (Santa María)		megalithic_mound	120.0	data/external/weak-label-relief-v1/train/negative/wl-tile-v1-05767-neg-es-pba-35346-mdt5.tif	ok		614.69622803	612.47967529	2.21655273	4.50252581	7.00502586	0.64275649	0.86252397	0.95303112	0.90503233	0.75367171	-0.15318348	0.90685518	0.33718899	0.36879477	0.91429981	0.22222222	0.55914362
wl-tile-v1-05768	wl-neg-neg-es-pba-35347	neg-es-pba-35347	0	hard_negative	train	ES	Coto do Mouro Morto/Orgoso/Medorra de Monte Agudo 2	Monterroso	Fufín (San Martiño)		megalithic_mound	120.0	data/external/weak-label-relief-v1/train/negative/wl-tile-v1-05768-neg-es-pba-35347-mdt5.tif	ok		615.70202637	616.53735352	-0.83532715	4.36310053	6.69840527	0.65136407	1.07505727	1.03973281	1.03397455	0.11528601	0.08253998	0.03274603	0.33910972	0.36726084	0.92334842	0.30555556	0.67813999
wl-tile-v1-05769	wl-neg-neg-es-pba-35369	neg-es-pba-35369	0	hard_negative	train	ES	Coto do Mouro Morto/Orgoso/Medorra de Monte Agudo 3	Monterroso	Fufín (San Martiño)		megalithic_mound	120.0	data/external/weak-label-relief-v1/train/negative/wl-tile-v1-05769-neg-es-pba-35369-mdt5.tif	ok		611.65844727	616.51464844	-4.85620117	5.36210060	5.15328312	1.04052125	1.03200793	0.90439105	1.14110808	-0.64342493	0.14219323	-0.78561816	0.39959258	0.35556212	1.12383338	0.44444444	0.65597954
wl-tile-v1-05652	wl-neg-neg-es-pba-31691	neg-es-pba-31691	0	hard_negative	train	ES	Cova da Moura	Láncara	Cedrón (Santiago)		rock_art_surface	120.0	data/external/weak-label-relief-v1/train/negative/wl-tile-v1-05652-neg-es-pba-31691-mdt5.tif	ok		753.71777344	749.46649170	4.25128174	22.55772400	20.74529266	1.08736591	3.29046702	2.21076989	1.48838060	2.50984335	-0.49340051	3.00324386	0.38191673	0.29530919	1.29327752	0.69444444	0.72038904
wl-tile-v1-06070	wl-neg-neg-es-pba-37122	neg-es-pba-37122	0	hard_negative	train	ES	Cova da Tara	Pedrafita do Cebreiro	Lousada (San Vicente)		rock_art_surface	120.0	data/external/weak-label-relief-v1/train/negative/wl-tile-v1-06070-neg-es-pba-37122-mdt5.tif	ok		843.95007324	871.75982666	-27.80975342	33.15181732	31.19013596	1.06289429	6.08623457	4.35757732	1.39670145	-2.38040900	0.28150007	-2.66190907	0.37666535	0.28638294	1.31525065	0.55555556	0.61837981
wl-tile-v1-05866	wl-neg-neg-es-pba-32412	neg-es-pba-32412	0	hard_negative	train	ES	Cova de Bermún	O Incio	O Viso (Santa Cristina)		rock_art_surface	120.0	data/external/weak-label-relief-v1/train/negative/wl-tile-v1-05866-neg-es-pba-32412-mdt5.tif	ok		635.37719727	632.16333008	3.21386719	12.36599731	9.16891956	1.34868642	1.80729818	1.67999351	1.07577688	0.69852936	-0.05539169	0.75392105	0.29485500	0.30340061	0.97183391	0.47222222	0.62604822
wl-tile-v1-06341	wl-neg-neg-es-pba-41318	neg-es-pba-41318	0	hard_negative	train	ES	Cova de Cal de Mourelle	Taboada	Ansar (Santo Estevo)		rock_art_surface	120.0	data/external/weak-label-relief-v1/train/negative/wl-tile-v1-06341-neg-es-pba-41318-mdt5.tif	ok		690.41857910	682.36993408	8.04864502	9.91521645	8.77060699	1.13050516	0.99438149	0.87768322	1.13296171	0.44881803	0.33971497	0.10910305	0.31833854	0.29243562	1.08857651	0.36111111	0.51119430
wl-tile-v1-06342	wl-neg-neg-es-pba-41319	neg-es-pba-41319	0	hard_negative	train	ES	Cova de Fonteboa	Taboada	Vilameñe (Santa Mariña)		rock_art_surface	120.0	data/external/weak-label-relief-v1/train/negative/wl-tile-v1-06342-neg-es-pba-41319-mdt5.tif	ok		579.38665771	574.78070068	4.60595703	8.16042233	7.92697096	1.02945026	0.95496804	1.05529904	0.90492647	-0.01790947	0.13129933	-0.14920880	0.25594860	0.30063507	0.85135977	0.33333333	0.64784695
wl-tile-v1-05684	wl-neg-neg-es-pba-34502	neg-es-pba-34502	0	hard_negative	train	ES	Cova de Furada dos Cas	Mondoñedo	Vilamor (Santa María)		rock_art_surface	120.0	data/external/weak-label-relief-v1/train/negative/wl-tile-v1-05684-neg-es-pba-34502-mdt5.tif	ok		272.50723267	242.93424988	29.57298279	20.23384285	20.42186546	0.99079307	3.21342778	2.07879496	1.54581277	1.63841677	0.14192046	1.49649630	0.35910955	0.27626041	1.29989511	0.58333333	0.56863015
wl-tile-v1-06308	wl-neg-neg-es-pba-42121	neg-es-pba-42121	0	hard_negative	train	ES	Cova de Gaspar	Sarria	Cesar (San Salvador)		rock_art_surface	120.0	data/external/weak-label-relief-v1/train/negative/wl-tile-v1-06308-neg-es-pba-42121-mdt5.tif	ok		470.33959961	483.56338501	-13.22378540	24.20610428	18.15159607	1.33355239	5.12178946	3.82463455	1.33915787	2.05682635	1.45867801	0.59814835	0.35477847	0.28346074	1.25159651	0.47222222	0.58626404
wl-tile-v1-06072	wl-neg-neg-es-pba-38398	neg-es-pba-38398	0	hard_negative	train	ES	Cova de Praducelo	Pol	Suegos (Santa Eulalia)		rock_art_surface	120.0	data/external/weak-label-relief-v1/train/negative/wl-tile-v1-06072-neg-es-pba-38398-mdt5.tif	ok		614.09826660	615.26770020	-1.16943359	9.43449211	9.48546314	0.99462641	1.13177705	1.27904987	0.88485764	0.39502704	-0.37705463	0.77208167	0.41989258	0.37218800	1.12817333	0.22222222	0.60606369
wl-tile-v1-05653	wl-neg-neg-es-pba-31692	neg-es-pba-31692	0	hard_negative	train	ES	Cova de Saballeiros	Láncara	Vilaesteva de Herdeiros (Santa María)		rock_art_surface	120.0	data/external/weak-label-relief-v1/train/negative/wl-tile-v1-05653-neg-es-pba-31692-mdt5.tif	ok		917.80084229	924.79046631	-6.98962402	19.87993050	19.86950684	1.00052461	2.64958382	2.71114326	0.97729392	-0.98268056	-0.64770448	-0.33497608	0.33328986	0.32147685	1.03674608	0.41666667	0.61291628
wl-tile-v1-06071	wl-neg-neg-es-pba-37123	neg-es-pba-37123	0	hard_negative	train	ES	Cova de Val de Galiñas	Pedrafita do Cebreiro	Pedrafita do Cebreiro (Santo Antón)		rock_art_surface	120.0	data/external/weak-label-relief-v1/train/negative/wl-tile-v1-06071-neg-es-pba-37123-mdt5.tif	ok		1127.97058105	1143.73925781	-15.76867676	25.98892593	25.12184715	1.03451493	4.69492674	3.05333972	1.53763655	-2.89365554	-0.45579523	-2.43786031	0.37412891	0.33627480	1.11256896	0.72222222	0.69143290
wl-tile-v1-05685	wl-neg-neg-es-pba-34503	neg-es-pba-34503	0	hard_negative	train	ES	Cova do Rei Cintolo	Mondoñedo	Argomoso (San Pedro)		rock_art_surface	120.0	data/external/weak-label-relief-v1/train/negative/wl-tile-v1-05685-neg-es-pba-34503-mdt5.tif	ok		337.47399902	336.00384521	1.47015381	29.76518059	28.15023804	1.05736870	4.07515240	3.69701743	1.10228109	0.62286186	0.17564954	0.44721232	0.35964054	0.29988545	1.19925971	0.50000000	0.60123575
wl-tile-v1-05771	wl-neg-neg-es-pba-34823	neg-es-pba-34823	0	hard_negative	train	ES	Cova dos Mouros	Navia de Suarna	Mosteiro (San Salvador)		rock_art_surface	120.0	data/external/weak-label-relief-v1/train/negative/wl-tile-v1-05771-neg-es-pba-34823-mdt5.tif	ok		652.46105957	650.75445557	1.70660400	20.66853905	23.56858253	0.87695300	1.98965979	2.29419470	0.86725847	1.34768462	-0.14004754	1.48773216	0.25365108	0.25489402	0.99512372	0.30555556	0.57952991
wl-tile-v1-08276	wl-neg-neg-es-pba-64133	neg-es-pba-64133	0	hard_negative	train	ES	Cruceiro da Mámoa	Forcarei	Castrelo (Santa Mariña)		megalithic_mound	120.0	data/external/weak-label-relief-v1/train/negative/wl-tile-v1-08276-neg-es-pba-64133-mdt5.tif	ok		669.35723877	668.28320312	1.07403564	10.34004593	9.78946877	1.05624178	1.13522780	1.17047453	0.96988680	0.10219080	0.12616813	-0.02397733	0.28869608	0.28762123	1.00373703	0.25000000	0.63388897
wl-tile-v1-07446	wl-neg-neg-es-pba-65445	neg-es-pba-65445	0	hard_negative	train	ES	Cruces de Porto María Albiña	A Guarda	Salcidos (San Lourenzo)		rock_art_surface	120.0	data/external/weak-label-relief-v1/train/negative/wl-tile-v1-07446-neg-es-pba-65445-mdt5.tif	ok		9.42263603	13.91842747	-4.49579144	6.52471304	6.28372717	1.03835079	0.71441811	0.71595246	0.99785692	-0.24001518	-0.11507469	-0.12494048	0.38438666	0.36634949	1.04923487	0.25000000	0.70939188
wl-tile-v1-06841	wl-neg-neg-es-pba-45431	neg-es-pba-45431	0	hard_negative	train	ES	Cruces do Pisón	Baltar	Vilamaior da Boullosa (Santa María)		rock_art_surface	120.0	data/external/weak-label-relief-v1/train/negative/wl-tile-v1-06841-neg-es-pba-45431-mdt5.tif	ok		929.56793213	950.43127441	-20.86334229	15.86007500	16.70555687	0.94938918	1.61336160	1.77553594	0.90866175	-1.40402508	0.11639623	-1.52042130	0.33807677	0.30990148	1.09091694	0.25000000	0.55098656
wl-tile-v1-03609	wl-neg-neg-es-pba-11325	neg-es-pba-11325	0	hard_negative	train	ES	Cruz da Mámoa 1	Irixoa	Verís (Santa María)		megalithic_mound	120.0	data/external/weak-label-relief-v1/train/negative/wl-tile-v1-03609-neg-es-pba-11325-mdt5.tif	ok		426.28366089	423.86911011	2.41455078	4.72048426	4.96162319	0.95139918	0.61512899	0.64361006	0.95574795	0.09587128	0.06264070	0.03323058	0.39263147	0.38871858	1.01006614	0.27777778	0.62079636
wl-tile-v1-03610	wl-neg-neg-es-pba-11326	neg-es-pba-11326	0	hard_negative	train	ES	Cruz da Mámoa 2	Irixoa	Verís (Santa María)		megalithic_mound	120.0	data/external/weak-label-relief-v1/train/negative/wl-tile-v1-03610-neg-es-pba-11326-mdt5.tif	ok		424.79226685	423.17852783	1.61373901	4.56548834	4.95742941	0.92093865	0.47451720	0.67351949	0.70453372	0.08611518	0.11543889	-0.02932370	0.37128472	0.37093395	1.00094565	0.11111111	0.64525804
wl-tile-v1-04840	wl-neg-neg-es-pba-25648	neg-es-pba-25648	0	hard_negative	train	ES	Dolmen Mina de Caxadas	Vimianzo	Cambeda (San Xoán)		megalithic_mound	120.0	data/external/weak-label-relief-v1/train/negative/wl-tile-v1-04840-neg-es-pba-25648-mdt5.tif	ok		248.78901672	244.88684082	3.90217590	4.17079401	4.99568367	0.83487953	0.46546853	0.67204350	0.69261666	0.21036014	-0.12967002	0.34003016	0.23674493	0.34002301	0.69626148	0.16666667	0.65821049
wl-tile-v1-03636	wl-neg-neg-es-pba-12929	neg-es-pba-12929	0	hard_negative	train	ES	Dolmen Pedra da Arca	Malpica de Bergantiños	Cerqueda (San Cristovo)		megalithic_mound	120.0	data/external/weak-label-relief-v1/train/negative/wl-tile-v1-03636-neg-es-pba-12929-mdt5.tif	ok		91.37248993	89.28819275	2.08429718	2.62155533	2.58181620	1.01539193	0.39567178	0.39909163	0.99143092	0.01499597	-0.05009179	0.06508776	0.45345899	0.44617635	1.01632235	0.30555556	0.65924937
wl-tile-v1-04281	wl-neg-neg-es-pba-21191	neg-es-pba-21191	0	hard_negative	train	ES	Dolmen das Derramadas	Santiago de Compostela	Bando (Santa Eulalia)		megalithic_mound	120.0	data/external/weak-label-relief-v1/train/negative/wl-tile-v1-04281-neg-es-pba-21191-mdt5.tif	ok		406.05874634	405.99880981	0.05993652	2.50119615	3.11556220	0.80280732	0.30548251	0.41044056	0.74427952	-0.02766367	-0.02172291	-0.00594076	0.55020416	0.48681560	1.13021061	0.05555556	0.80189576
wl-tile-v1-06680	wl-neg-neg-es-pba-30461	neg-es-pba-30461	0	hard_negative	train	ES	Dolmen de Capeirón	Xermade	Cazás (San Xulián)		megalithic_mound	120.0	data/external/weak-label-relief-v1/train/negative/wl-tile-v1-06680-neg-es-pba-30461-mdt5.tif	ok		534.33142090	532.72070312	1.61071777	5.40548229	5.81757832	0.92916365	0.77484518	0.67970490	1.13997292	0.39226285	-0.17865673	0.57091957	0.46196780	0.39837858	1.15962007	0.44444444	0.52856280
wl-tile-v1-06257	wl-neg-neg-es-pba-40367	neg-es-pba-40367	0	hard_negative	train	ES	Dolmen de Carballons 2	Ribeira de Piquín	Navallos (San Pedro)		megalithic_mound	120.0	data/external/weak-label-relief-v1/train/negative/wl-tile-v1-06257-neg-es-pba-40367-mdt5.tif	ok		719.93408203	708.18743896	11.74664307	7.54772472	10.88110065	0.69365453	0.81303310	0.79197466	1.02658979	0.82618272	0.44856012	0.37762260	0.24979544	0.29774961	0.83894464	0.44444444	0.62210052
wl-tile-v1-06256	wl-neg-neg-es-pba-40366	neg-es-pba-40366	0	hard_negative	train	ES	Dolmen de Carballóns 1	Ribeira de Piquín	Navallos (San Pedro)		megalithic_mound	120.0	data/external/weak-label-relief-v1/train/negative/wl-tile-v1-06256-neg-es-pba-40366-mdt5.tif	ok		721.36102295	710.62017822	10.74084473	7.87779713	10.94243908	0.71993064	0.76113868	0.83608174	0.91036395	0.66190732	0.53081757	0.13108975	0.27173969	0.30005717	0.90562638	0.30555556	0.60665902
wl-tile-v1-03611	wl-neg-neg-es-pba-11086	neg-es-pba-11086	0	hard_negative	train	ES	Dolmen de Fornella dos Mouros	Laxe	Nande (San Simón)		megalithic_mound	120.0	data/external/weak-label-relief-v1/train/negative/wl-tile-v1-03611-neg-es-pba-11086-mdt5.tif	ok		222.25144958	214.93750000	7.31394958	13.38794994	14.27657890	0.93775617	1.67282820	1.09403098	1.52905012	-0.15258257	-0.14351748	-0.00906509	0.31944281	0.29982510	1.06543050	0.44444444	0.53808538
wl-tile-v1-05000	wl-neg-neg-es-pba-27462	neg-es-pba-27462	0	hard_negative	train	ES	Dolmen de Pedra Vixía	Zas	Lamas (Santa María)		megalithic_mound	120.0	data/external/weak-label-relief-v1/train/negative/wl-tile-v1-05000-neg-es-pba-27462-mdt5.tif	ok		183.60745239	185.78364563	-2.17619324	5.00200319	4.91497803	1.01770611	0.90451121	0.95621681	0.94592691	-0.04166089	0.04109678	-0.08275767	0.34373978	0.43300033	0.79385570	0.25000000	0.52809765
wl-tile-v1-07122	wl-neg-neg-es-pba-52270	neg-es-pba-52270	0	hard_negative	train	ES	Dolmen de Rebordondo	Monterrei	Infesta (San Vicenzo)		megalithic_mound	120.0	data/external/weak-label-relief-v1/train/negative/wl-tile-v1-07122-neg-es-pba-52270-mdt5.tif	ok		671.11273193	663.57537842	7.53735352	9.81624889	9.51411247	1.03175666	1.81125998	1.47880852	1.22481035	2.03541350	0.24978112	1.78563239	0.36197621	0.28687721	1.26178096	0.33333333	0.48504175
wl-tile-v1-05001	wl-neg-neg-es-pba-27491	neg-es-pba-27491	0	hard_negative	train	ES	Dolmen de Vermello	Zas	Lamas (Santa María)		megalithic_mound	120.0	data/external/weak-label-relief-v1/train/negative/wl-tile-v1-05001-neg-es-pba-27491-mdt5.tif	ok		197.69914246	200.85423279	-3.15509033	3.86471725	5.65803766	0.68304905	0.37277901	0.50096494	0.74412196	-0.12671749	-0.24937372	0.12265623	0.34618348	0.32345420	1.07027047	0.13888889	0.69209006
wl-tile-v1-04003	wl-neg-neg-es-pba-17549	neg-es-pba-17549	0	hard_negative	train	ES	Dolmen do Cristo de Mouraz/Mámoa de Xuncos de Mouraz 5	Ortigueira	Devesos (San Sebastián)		megalithic_mound	120.0	data/external/weak-label-relief-v1/train/negative/wl-tile-v1-04003-neg-es-pba-17549-mdt5.tif	ok		405.09448242	394.45275879	10.64172363	6.64284515	10.04947758	0.66101398	0.84858102	1.29903889	0.65323758	0.60850745	-0.01598705	0.62449450	0.22404349	0.28248939	0.79310408	0.25000000	0.51196295
wl-tile-v1-07466	wl-neg-neg-es-pba-65633	neg-es-pba-65633	0	hard_negative	train	ES	Eira Vella/Sa	A Guarda	Camposancos (Santa Isabel)		roman_built_context	120.0	data/external/weak-label-relief-v1/train/negative/wl-tile-v1-07466-neg-es-pba-65633-mdt5.tif	ok		39.99570084	43.93493652	-3.93923569	7.57708549	7.76422977	0.97589661	0.77136421	0.87918460	0.87736319	-0.22716345	-0.33973598	0.11257254	0.39644071	0.37171876	1.06650714	0.25000000	0.60913559
wl-tile-v1-08696	wl-neg-neg-es-pba-67591	neg-es-pba-67591	0	hard_negative	train	ES	Entrepiñeiro/A Mina	Mos	Cela (San Pedro)		mining_or_quarry	120.0	data/external/weak-label-relief-v1/train/negative/wl-tile-v1-08696-neg-es-pba-67591-mdt5.tif	ok		462.81350708	452.64608765	10.16741943	7.45398188	9.60871983	0.77575182	0.88481438	1.16133249	0.76189583	0.65534210	0.02090685	0.63443525	0.25315672	0.31912753	0.79327760	0.05555556	0.75677084
wl-tile-v1-05829	wl-neg-neg-es-pba-29551	neg-es-pba-29551	0	hard_negative	train	ES	Escola en Pedrafita	O Corgo	Pedrafita (San Miguel)		megalithic_mound	120.0	data/external/weak-label-relief-v1/train/negative/wl-tile-v1-05829-neg-es-pba-29551-mdt5.tif	ok		457.38873291	454.85574341	2.53298950	1.36572492	2.20149899	0.62036137	0.26522812	0.33906153	0.78224187	0.24429497	0.01940458	0.22489039	0.21650995	0.43983951	0.49224762	0.16666667	0.75392191
wl-tile-v1-06759	wl-neg-neg-es-pba-50710	neg-es-pba-50710	0	hard_negative	train	ES	Estela de Tameirón/Cabeza do Chinchón	A Gudiña	A Gudiña (San Martiño e San Pedro)		roman_built_context	120.0	data/external/weak-label-relief-v1/train/negative/wl-tile-v1-06759-neg-es-pba-50710-mdt5.tif	ok		978.45812988	968.05474854	10.40338135	8.73538589	10.30867386	0.84738212	1.85166597	1.70798635	1.08412223	0.68784612	0.11505127	0.57279485	0.26160234	0.26583546	0.98407616	0.25000000	0.63042837
wl-tile-v1-05940	wl-neg-neg-es-pba-41478	neg-es-pba-41478	0	hard_negative	train	ES	Estrutura lítica de Vilatán	O Saviñao	Vilatán (San Xoán)		rock_art_surface	120.0	data/external/weak-label-relief-v1/train/negative/wl-tile-v1-05940-neg-es-pba-41478-mdt5.tif	ok		554.53033447	549.36340332	5.16693115	16.82691193	12.47435665	1.34892022	1.36614013	1.80122447	0.75845079	-0.00854289	-0.73991936	0.73137647	0.30820921	0.38119844	0.80852695	0.16666667	0.63065100
wl-tile-v1-06225	wl-neg-neg-es-pba-40491	neg-es-pba-40491	0	hard_negative	train	ES	Explotación mineira da Escrita	Ribas de Sil	Soutordei (Santiago)		mining_or_quarry	120.0	data/external/weak-label-relief-v1/train/negative/wl-tile-v1-06225-neg-es-pba-40491-mdt5.tif	ok		763.58166504	772.61456299	-9.03289795	17.62251091	17.22016335	1.02336491	1.42991698	1.49071193	0.95921751	-0.27969185	0.35777509	-0.63746694	0.25659785	0.24447241	1.04959837	0.38888889	0.54757406
wl-tile-v1-05103	wl-neg-neg-es-pba-28400	neg-es-pba-28400	0	hard_negative	train	ES	Explotación mineira da Granxa de Constantín	Begonte	Bóveda (Santalla)		mining_or_quarry	120.0	data/external/weak-label-relief-v1/train/negative/wl-tile-v1-05103-neg-es-pba-28400-mdt5.tif	ok		421.09738159	419.39382935	1.70355225	4.33154821	7.20160770	0.60146962	0.83691651	1.22254443	0.68456940	0.54038453	-0.48644814	1.02683267	0.20286842	0.29234281	0.69394016	0.11111111	0.61336957
wl-tile-v1-05104	wl-neg-neg-es-pba-28401	neg-es-pba-28401	0	hard_negative	train	ES	Explotación mineira da Graña	Begonte	Bóveda (Santalla)		mining_or_quarry	120.0	data/external/weak-label-relief-v1/train/negative/wl-tile-v1-05104-neg-es-pba-28401-mdt5.tif	ok		433.88516235	433.35467529	0.53048706	3.20382571	4.37498617	0.73230533	0.32826066	0.37177491	0.88295538	0.06819250	-0.03857321	0.10676571	0.48018688	0.41430765	1.15901040	0.11111111	0.78825664
wl-tile-v1-07786	wl-neg-neg-es-pba-59720	neg-es-pba-59720	0	hard_negative	train	ES	Explotación mineira da Lagoa/A Cova	Arbo	Arbo (Santa María)		mining_or_quarry	120.0	data/external/weak-label-relief-v1/train/negative/wl-tile-v1-07786-neg-es-pba-59720-mdt5.tif	ok		92.56097412	90.67176819	1.88920593	9.52045918	9.40338898	1.01244979	1.66531599	1.65624714	1.00547554	0.58619559	-0.17520939	0.76140498	0.38479608	0.35069385	1.09724217	0.25000000	0.66576344
wl-tile-v1-09017	wl-neg-neg-es-pba-76507	neg-es-pba-76507	0	hard_negative	train	ES	Explotación mineira da Lomba	Ponteareas	Ponteareas (San Miguel)		mining_or_quarry	120.0	data/external/weak-label-relief-v1/train/negative/wl-tile-v1-09017-neg-es-pba-76507-mdt5.tif	ok		32.12187958	27.66696358	4.45491600	5.55740404	5.38226938	1.03253918	1.22878897	1.01925409	1.20557669	1.04425931	-0.06446117	1.10872048	0.28766081	0.30199254	0.95254277	0.50000000	0.59793307
wl-tile-v1-09018	wl-neg-neg-es-pba-76508	neg-es-pba-76508	0	hard_negative	train	ES	Explotación mineira da Ribeira	Ponteareas	Areas (Santa María)		mining_or_quarry	120.0	data/external/weak-label-relief-v1/train/negative/wl-tile-v1-09018-neg-es-pba-76508-mdt5.tif	ok		31.40088081	24.51934433	6.88153648	6.01757193	5.00444841	1.20244459	0.97365534	0.84850651	1.14749307	1.08473933	-0.09369734	1.17843667	0.32524374	0.32951948	0.98702432	0.50000000	0.64278965
wl-tile-v1-09358	wl-neg-neg-es-pba-71280	neg-es-pba-71280	0	hard_negative	train	ES	Explotación mineira das Chans de Tebra	Tomiño	Tebra (Santa María)		mining_or_quarry	120.0	data/external/weak-label-relief-v1/train/negative/wl-tile-v1-09358-neg-es-pba-71280-mdt5.tif	ok		303.85168457	305.36074829	-1.50906372	19.07518578	15.38611794	1.23976599	1.60740852	1.87062645	0.85928889	-0.16233295	0.91808808	-1.08042103	0.29846644	0.30420133	0.98114771	0.27777778	0.50417527
wl-tile-v1-07857	wl-neg-neg-es-pba-60223	neg-es-pba-60223	0	hard_negative	train	ES	Explotación mineira das Insuas	Baiona	Belesar (San Lourenzo)		mining_or_quarry	120.0	data/external/weak-label-relief-v1/train/negative/wl-tile-v1-07857-neg-es-pba-60223-mdt5.tif	ok		59.00572968	49.81916809	9.18656158	7.94944334	11.21374702	0.70890161	1.42160261	1.86867940	0.76075254	0.47042087	0.08886273	0.38155814	0.22495393	0.33379140	0.67393567	0.16666667	0.64307437
wl-tile-v1-09359	wl-neg-neg-es-pba-71281	neg-es-pba-71281	0	hard_negative	train	ES	Explotación mineira das Torres	Tomiño	Taborda (San Miguel)		mining_or_quarry	120.0	data/external/weak-label-relief-v1/train/negative/wl-tile-v1-09359-neg-es-pba-71281-mdt5.tif	ok		36.22173309	34.39281464	1.82891846	7.24190760	6.21768427	1.16472746	1.25159049	1.03107274	1.21387216	-0.09948020	-0.42179295	0.32231275	0.48328686	0.30581650	1.58031648	0.36111111	0.50146179
wl-tile-v1-05654	wl-neg-neg-es-pba-31696	neg-es-pba-31696	0	hard_negative	train	ES	Explotación mineira de Monte Trandeira	Láncara	Cedrón (Santiago)		mining_or_quarry	120.0	data/external/weak-label-relief-v1/train/negative/wl-tile-v1-05654-neg-es-pba-31696-mdt5.tif	ok		619.36389160	617.98236084	1.38153076	21.47852325	21.41683388	1.00288042	2.48927546	2.52928472	0.98418159	1.16786253	-0.82951993	1.99738246	0.40739739	0.30659965	1.32876014	0.41666667	0.56202642
wl-tile-v1-05105	wl-neg-neg-es-pba-28402	neg-es-pba-28402	0	hard_negative	train	ES	Explotación mineira de Pena Moura	Begonte	Bóveda (Santalla)		mining_or_quarry	120.0	data/external/weak-label-relief-v1/train/negative/wl-tile-v1-05105-neg-es-pba-28402-mdt5.tif	ok		485.98110962	474.53079224	11.45031738	6.07387877	8.62804222	0.70396952	0.59930766	0.78534973	0.76310927	0.68851876	0.39143589	0.29708287	0.19853057	0.18992107	1.04533201	0.22222222	0.59878138
wl-tile-v1-08277	wl-neg-neg-es-pba-64195	neg-es-pba-64195	0	hard_negative	train	ES	Explotación mineira de Prado do Muíño Entrerríos	Forcarei	Pereira (San Bartolomeu)		mining_or_quarry	120.0	data/external/weak-label-relief-v1/train/negative/wl-tile-v1-08277-neg-es-pba-64195-mdt5.tif	ok		588.22814941	612.20111084	-23.97296143	16.52011681	15.90450478	1.03870677	2.29019833	2.05789781	1.11288244	-2.03365850	-0.42140725	-1.61225125	0.28694138	0.25709158	1.11610570	0.47222222	0.61340161
wl-tile-v1-06226	wl-neg-neg-es-pba-40492	neg-es-pba-40492	0	hard_negative	train	ES	Explotación mineira do Covallón	Ribas de Sil	Soutordei (Santiago)		mining_or_quarry	120.0	data/external/weak-label-relief-v1/train/negative/wl-tile-v1-06226-neg-es-pba-40492-mdt5.tif	ok		840.10888672	822.76617432	17.34271240	21.87682343	22.49650383	0.97245437	1.27183831	1.37771916	0.92314772	0.97340274	0.61082214	0.36258060	0.18138456	0.17271012	1.05022545	0.36111111	0.53300927
wl-tile-v1-06227	wl-neg-neg-es-pba-40493	neg-es-pba-40493	0	hard_negative	train	ES	Explotación mineira do Vogo	Ribas de Sil	Soutordei (Santiago)		mining_or_quarry	120.0	data/external/weak-label-relief-v1/train/negative/wl-tile-v1-06227-neg-es-pba-40493-mdt5.tif	ok		776.80084229	789.52673340	-12.72589111	21.44497681	22.32155228	0.96072964	1.79714715	2.25744772	0.79609691	-1.59341836	-0.42582312	-1.16759524	0.21812122	0.21132368	1.03216647	0.33333333	0.62096330
wl-tile-v1-07858	wl-neg-neg-es-pba-60224	neg-es-pba-60224	0	hard_negative	train	ES	Explotación mineira do Xuncal	Baiona	Santa Cristina da Ramallosa (Santa Cristina)		mining_or_quarry	120.0	data/external/weak-label-relief-v1/train/negative/wl-tile-v1-07858-neg-es-pba-60224-mdt5.tif	ok		41.00716400	36.12543869	4.88172531	6.41924143	7.41840076	0.86531338	0.96965164	0.93093467	1.04158935	-0.09195696	0.22125059	-0.31320755	0.18794860	0.23027593	0.81618865	0.27777778	0.61638189
wl-tile-v1-09360	wl-neg-neg-es-pba-71282	neg-es-pba-71282	0	hard_negative	train	ES	Explotación mineira dos Buracos dos Mouros	Tomiño	Pinzás (Santa María)		mining_or_quarry	120.0	data/external/weak-label-relief-v1/train/negative/wl-tile-v1-09360-neg-es-pba-71282-mdt5.tif	ok		489.99139404	475.13336182	14.85803223	11.35472584	15.69864559	0.72329334	1.09124219	1.99007440	0.54834241	0.92935759	-0.46261755	1.39197513	0.30799514	0.32611835	0.94442751	0.16666667	0.58760159
wl-tile-v1-06228	wl-neg-neg-es-pba-40494	neg-es-pba-40494	0	hard_negative	train	ES	Explotacións mineiras de Barreiro	Ribas de Sil	Nogueira (Nosa Señora das Neves)		mining_or_quarry	120.0	data/external/weak-label-relief-v1/train/negative/wl-tile-v1-06228-neg-es-pba-40494-mdt5.tif	ok		309.65759277	318.60763550	-8.95004272	19.04524422	19.42459297	0.98047070	2.95068812	2.06575155	1.42838480	0.03475183	0.91389072	-0.87913889	0.23935218	0.21483128	1.11414029	0.52777778	0.58324418
wl-tile-v1-06229	wl-neg-neg-es-pba-40553	neg-es-pba-40553	0	hard_negative	train	ES	Explotacións mineiras de Figueirido1	Ribas de Sil	Piñeira (San Cristovo)		mining_or_quarry	120.0	data/external/weak-label-relief-v1/train/negative/wl-tile-v1-06229-neg-es-pba-40553-mdt5.tif	ok		355.56161499	349.89981079	5.66180420	24.24528313	28.70885658	0.84452277	1.65485418	2.61737370	0.63225751	-0.75956273	0.16422920	-0.92379193	0.26811197	0.29495913	0.90898009	0.11111111	0.60969255
wl-tile-v1-06230	wl-neg-neg-es-pba-40554	neg-es-pba-40554	0	hard_negative	train	ES	Explotacións mineiras de Figueirido2	Ribas de Sil	Piñeira (San Cristovo)		mining_or_quarry	120.0	data/external/weak-label-relief-v1/train/negative/wl-tile-v1-06230-neg-es-pba-40554-mdt5.tif	ok		304.19055176	293.24264526	10.94790649	14.98050404	17.19031143	0.87145042	2.78606033	3.50156808	0.79566076	0.63407230	0.19763821	0.43643409	0.29192612	0.31967264	0.91320331	0.22222222	0.68733490
wl-tile-v1-06231	wl-neg-neg-es-pba-40555	neg-es-pba-40555	0	hard_negative	train	ES	Explotacións mineiras de Peites	Ribas de Sil	Peites (San Martiño)		mining_or_quarry	120.0	data/external/weak-label-relief-v1/train/negative/wl-tile-v1-06231-neg-es-pba-40555-mdt5.tif	ok		365.83380127	361.97061157	3.86318970	14.18349934	18.50930405	0.76629026	2.39004040	2.40663767	0.99310354	-0.47971511	0.06463383	-0.54434894	0.38271946	0.29697862	1.28871046	0.47222222	0.66919914
wl-tile-v1-06232	wl-neg-neg-es-pba-40556	neg-es-pba-40556	0	hard_negative	train	ES	Explotacións mineiras de Rairós	Ribas de Sil	Nogueira (Nosa Señora das Neves)		mining_or_quarry	120.0	data/external/weak-label-relief-v1/train/negative/wl-tile-v1-06232-neg-es-pba-40556-mdt5.tif	ok		240.05874634	244.00028992	-3.94154358	5.91438341	6.93962479	0.85226271	1.09816349	1.24796724	0.87996179	-0.58290273	-0.04604880	-0.53685393	0.36860034	0.35371220	1.04209111	0.25000000	0.55015532
wl-tile-v1-06233	wl-neg-neg-es-pba-40557	neg-es-pba-40557	0	hard_negative	train	ES	Explotacións mineiras de San Clodio 1	Ribas de Sil	Ribas de Sil (San Clodio)		mining_or_quarry	120.0	data/external/weak-label-relief-v1/train/negative/wl-tile-v1-06233-neg-es-pba-40557-mdt5.tif	ok		373.12463379	355.48767090	17.63696289	15.18048668	15.19960403	0.99874225	1.74290311	1.84070396	0.94686769	0.91364908	0.32328206	0.59036702	0.32318541	0.28620094	1.12922555	0.38888889	0.61701806
wl-tile-v1-06234	wl-neg-neg-es-pba-40584	neg-es-pba-40584	0	hard_negative	train	ES	Explotacións mineiras de San Clodio 2	Ribas de Sil	Ribas de Sil (San Clodio)		mining_or_quarry	120.0	data/external/weak-label-relief-v1/train/negative/wl-tile-v1-06234-neg-es-pba-40584-mdt5.tif	ok		245.82521057	241.04147339	4.78373718	13.96231747	10.46345615	1.33438868	2.61505532	2.35947847	1.10831921	-0.18387815	-0.00294511	-0.18093305	0.30854490	0.28298268	1.09033142	0.47222222	0.61462932
wl-tile-v1-07320	wl-neg-neg-es-pba-56726	neg-es-pba-56726	0	hard_negative	train	ES	Foi Pidriña	Rubiá	Quereño (San Cristovo)		mining_or_quarry	120.0	data/external/weak-label-relief-v1/train/negative/wl-tile-v1-07320-neg-es-pba-56726-mdt5.tif	ok		426.95742798	403.02441406	23.93301392	13.74788475	19.52364349	0.70416594	2.17256570	2.65269947	0.81900182	1.21208596	0.06261704	1.14946892	0.27830875	0.35453135	0.78500463	0.30555556	0.64008925
wl-tile-v1-07321	wl-neg-neg-es-pba-56727	neg-es-pba-56727	0	hard_negative	train	ES	Foi Pidriña	Rubiá	Quereño (San Cristovo)		mining_or_quarry	120.0	data/external/weak-label-relief-v1/train/negative/wl-tile-v1-07321-neg-es-pba-56727-mdt5.tif	ok		427.34655762	413.33123779	14.01531982	12.95801544	17.62881851	0.73504730	2.21355438	2.39815402	0.92302428	0.23646709	0.64892614	-0.41245905	0.29319370	0.34633541	0.84655998	0.27777778	0.58514156
wl-tile-v1-07322	wl-neg-neg-es-pba-56728	neg-es-pba-56728	0	hard_negative	train	ES	Folo das Arcas	Rubiá	Biobra (San Miguel)		megalithic_mound	120.0	data/external/weak-label-relief-v1/train/negative/wl-tile-v1-07322-neg-es-pba-56728-mdt5.tif	ok		829.32891846	820.36254883	8.96636963	20.17430687	16.98738861	1.18760495	1.93031335	1.40866101	1.37031787	-0.10961618	-0.04300867	-0.06660751	0.34774202	0.33720315	1.03125379	0.63888889	0.65227060
wl-tile-v1-08864	wl-neg-neg-es-pba-68930	neg-es-pba-68930	0	hard_negative	train	ES	Fonte do Muras	Pazos de Borbén	Amoedo (San Sadurniño)		rock_art_surface	120.0	data/external/weak-label-relief-v1/train/negative/wl-tile-v1-08864-neg-es-pba-68930-mdt5.tif	ok		314.21438599	321.72393799	-7.50955200	9.29084015	8.29549694	1.11998597	1.09472322	0.89122319	1.22833790	-0.52959299	-0.20933454	-0.32025845	0.39649943	0.35660920	1.11185979	0.58333333	0.68848148
wl-tile-v1-05770	wl-neg-neg-es-pba-35433	neg-es-pba-35433	0	hard_negative	train	ES	Forno dos Mouros/Medorra de Monte Fabeiro 1	Monterroso	Tarrío (Santa María)		megalithic_mound	120.0	data/external/weak-label-relief-v1/train/negative/wl-tile-v1-05770-neg-es-pba-35433-mdt5.tif	ok		596.01306152	589.45007324	6.56298828	6.40766621	4.57022333	1.40204663	1.17316854	0.69648808	1.68440576	0.57067031	0.11364741	0.45702290	0.39114538	0.38801706	1.00806233	0.61111111	0.63523551
wl-tile-v1-05759	wl-neg-neg-es-pba-35225	neg-es-pba-35225	0	hard_negative	train	ES	Forno dos Mouros/Medorra de Monte Fabeiro 2	Monterroso	Tarrío (Santa María)		megalithic_mound	120.0	data/external/weak-label-relief-v1/train/negative/wl-tile-v1-05759-neg-es-pba-35225-mdt5.tif	ok		595.94042969	588.78320312	7.15722656	7.08163834	4.31685495	1.64046242	1.03091669	0.72758406	1.41690389	0.53833431	0.04181001	0.49652430	0.34517318	0.36453635	0.94688276	0.50000000	0.68504368
wl-tile-v1-08822	wl-neg-neg-es-pba-77256	neg-es-pba-77256	0	hard_negative	train	ES	Gabias exploratorias Monte Gándara de Torneirós	O Porriño	Torneiros (San Salvador)		mining_or_quarry	120.0	data/external/weak-label-relief-v1/train/negative/wl-tile-v1-08822-neg-es-pba-77256-mdt5.tif	ok		63.72834015	72.37262726	-8.64428711	6.92702484	6.32531023	1.09512808	0.80599838	0.90651917	0.88911344	-0.87179375	0.07093308	-0.94272683	0.34604686	0.37761679	0.91639692	0.30555556	0.63866721
wl-tile-v1-08819	wl-neg-neg-es-pba-77253	neg-es-pba-77253	0	hard_negative	train	ES	Gabias exploratorias do Monte Carrascal e Laxedo I	O Porriño	Atios (Santa Eulalia)		mining_or_quarry	120.0	data/external/weak-label-relief-v1/train/negative/wl-tile-v1-08819-neg-es-pba-77253-mdt5.tif	ok		149.88252258	142.44180298	7.44071960	18.08005905	18.74051476	0.96475787	3.34446692	2.75625944	1.21340788	0.20261380	0.17472090	0.02789290	0.32862025	0.26557708	1.23738185	0.38888889	0.52367718
wl-tile-v1-08820	wl-neg-neg-es-pba-77254	neg-es-pba-77254	0	hard_negative	train	ES	Gabias exploratorias do Monte Carrascal e Laxedo II	O Porriño	Atios (Santa Eulalia)		mining_or_quarry	120.0	data/external/weak-label-relief-v1/train/negative/wl-tile-v1-08820-neg-es-pba-77254-mdt5.tif	ok		154.19383240	155.68171692	-1.48788452	20.72929192	19.28193855	1.07506265	3.17588544	2.83209801	1.12138967	0.10056925	-0.19076644	0.29133569	0.28217620	0.27624935	1.02145470	0.33333333	0.54492420
wl-tile-v1-08821	wl-neg-neg-es-pba-77255	neg-es-pba-77255	0	hard_negative	train	ES	Gabias exploratorias do Monte Carrascal e Laxedo III	O Porriño	Atios (Santa Eulalia)		mining_or_quarry	120.0	data/external/weak-label-relief-v1/train/negative/wl-tile-v1-08821-neg-es-pba-77255-mdt5.tif	ok		183.61087036	184.29275513	-0.68188477	23.04193497	19.66814995	1.17153545	3.95469403	3.55755806	1.11163162	-1.28389299	-0.37024868	-0.91364431	0.31965104	0.34658980	0.92227479	0.38888889	0.67137036
wl-tile-v1-09520	wl-neg-neg-es-pba-74239	neg-es-pba-74239	0	hard_negative	train	ES	Gravado de Maceiras	Vilanova de Arousa	András (San Lourenzo)		rock_art_surface	120.0	data/external/weak-label-relief-v1/train/negative/wl-tile-v1-09520-neg-es-pba-74239-mdt5.tif	ok		38.27936935	42.32502747	-4.04565811	7.12094593	4.94258881	1.44073202	1.23705626	0.75366187	1.64139424	-0.05012697	0.01065935	-0.06078632	0.38024813	0.27221346	1.39687483	0.63888889	0.55316697
wl-tile-v1-06449	wl-neg-neg-es-pba-43122	neg-es-pba-43122	0	hard_negative	train	ES	Gravado de Pena Grande	Vilalba	Santaballa (San Pedro)		rock_art_surface	120.0	data/external/weak-label-relief-v1/train/negative/wl-tile-v1-06449-neg-es-pba-43122-mdt5.tif	ok		568.07995605	553.16418457	14.91577148	10.49288750	8.99410629	1.16664037	1.14995754	0.97085351	1.18448100	1.56529462	-0.14185214	1.70714676	0.25320113	0.26946831	0.93963231	0.52777778	0.58069310
wl-tile-v1-05832	wl-neg-neg-es-pba-31874	neg-es-pba-31874	0	hard_negative	train	ES	Gravados da Pena Escrita de Treimonte	O Incio	Sirgueiros (San Xoán)		rock_art_surface	120.0	data/external/weak-label-relief-v1/train/negative/wl-tile-v1-05832-neg-es-pba-31874-mdt5.tif	ok		653.36389160	617.10888672	36.25500488	18.25029373	17.48594856	1.04371196	1.33048689	2.41834068	0.55016520	3.24694514	-1.00032151	4.24726665	0.22491522	0.27011809	0.83265517	0.11111111	0.59637032
wl-tile-v1-06263	wl-neg-neg-es-pba-41604	neg-es-pba-41604	0	hard_negative	train	ES	Gravados de Fonte 2	Sarria	Maside (San Pedro)		rock_art_surface	120.0	data/external/weak-label-relief-v1/train/negative/wl-tile-v1-06263-neg-es-pba-41604-mdt5.tif	ok		533.65319824	525.34509277	8.30810547	5.79374313	6.06972647	0.95453117	0.57567227	0.68180162	0.84433984	0.84481883	0.17688802	0.66793081	0.26792958	0.26873496	0.99700308	0.16666667	0.68364194
wl-tile-v1-05002	wl-neg-neg-es-pba-27562	neg-es-pba-27562	0	hard_negative	train	ES	Hórreo na Mámoa	Zas	San Martiño de Meanos (San Martiño)		megalithic_mound	120.0	data/external/weak-label-relief-v1/train/negative/wl-tile-v1-05002-neg-es-pba-27562-mdt5.tif	ok		375.79370117	374.03128052	1.76242065	6.61734104	6.23960590	1.06053830	0.68538016	0.62600833	1.09484192	0.16933352	-0.12669371	0.29602723	0.36639947	0.34551311	1.06045027	0.44444444	0.67238757
wl-tile-v1-06770	wl-neg-neg-es-pba-57759	neg-es-pba-57759	0	hard_negative	train	ES	Igrexa de Pedrafita (Parroquial de San Martiño)	A Teixeira	Pedrafita (San Martiño)		megalithic_mound	120.0	data/external/weak-label-relief-v1/train/negative/wl-tile-v1-06770-neg-es-pba-57759-mdt5.tif	ok		793.90173340	799.57714844	-5.67541504	11.74422455	12.46076393	0.94249635	1.07664180	1.40255606	0.76762835	-0.50898176	0.80875880	-1.31774056	0.25660133	0.23686676	1.08331509	0.22222222	0.54390549
wl-tile-v1-05822	wl-neg-neg-es-pba-29301	neg-es-pba-29301	0	hard_negative	train	ES	Igrexa de Pedrafita (Parroquial de San Miguel)	O Corgo	Pedrafita (San Miguel)		megalithic_mound	120.0	data/external/weak-label-relief-v1/train/negative/wl-tile-v1-05822-neg-es-pba-29301-mdt5.tif	ok		452.98553467	453.52163696	-0.53610229	2.53817654	2.10552335	1.20548487	0.35556591	0.38386619	0.92627565	-0.06741452	0.09877524	-0.16618976	0.32861853	0.29790011	1.10311650	0.25000000	0.75745325
wl-tile-v1-06067	wl-neg-neg-es-pba-37060	neg-es-pba-37060	0	hard_negative	train	ES	Igrexa de Pedrafita do Cebreiro (Parroquial de Santo Antón)	Pedrafita do Cebreiro	Pedrafita do Cebreiro (Santo Antón)		megalithic_mound	120.0	data/external/weak-label-relief-v1/train/negative/wl-tile-v1-06067-neg-es-pba-37060-mdt5.tif	ok		1098.09399414	1114.75000000	-16.65600586	9.10111141	13.54009914	0.67215988	1.03783631	1.90779126	0.54399888	-0.85662889	-0.50980502	-0.34682387	0.22928627	0.29987907	0.76459576	0.08333333	0.60008744
wl-tile-v1-08556	wl-neg-neg-es-pba-66669	neg-es-pba-66669	0	hard_negative	train	ES	Lapa	Marín	Marín (San Xián)		rock_art_surface	120.0	data/external/weak-label-relief-v1/train/negative/wl-tile-v1-08556-neg-es-pba-66669-mdt5.tif	ok		167.18649292	165.01513672	2.17135620	21.28739929	16.23561668	1.31115434	2.63612509	1.91917264	1.37357371	1.18054700	0.16475584	1.01579116	0.35808301	0.33323163	1.07457690	0.47222222	0.60687187
wl-tile-v1-08212	wl-neg-neg-es-pba-64531	neg-es-pba-64531	0	hard_negative	train	ES	Lapa de Monte das Mámoas	Dozón	O Castro (San Salvador)		megalithic_mound	120.0	data/external/weak-label-relief-v1/train/negative/wl-tile-v1-08212-neg-es-pba-64531-mdt5.tif	ok		755.03295898	761.06994629	-6.03698730	4.79827499	4.97036123	0.96537752	0.57230771	0.61051768	0.93741381	-0.42268935	-0.14168644	-0.28100291	0.45368010	0.42297852	1.07258425	0.25000000	0.70688450
wl-tile-v1-08682	wl-neg-neg-es-pba-67513	neg-es-pba-67513	0	hard_negative	train	ES	Laxe das Cruces	Mos	Louredo (San Salvador)		rock_art_surface	120.0	data/external/weak-label-relief-v1/train/negative/wl-tile-v1-08682-neg-es-pba-67513-mdt5.tif	ok		273.49191284	280.38775635	-6.89584351	25.62181473	21.76817703	1.17703080	1.54414630	1.66248107	0.92882038	-0.57747227	0.46819794	-1.04567021	0.25860009	0.26706928	0.96828840	0.36111111	0.62244642
wl-tile-v1-07948	wl-neg-neg-es-pba-63326	neg-es-pba-63326	0	hard_negative	train	ES	Laxe de Chan	Cangas	Darbo (Santa María)		rock_art_surface	120.0	data/external/weak-label-relief-v1/train/negative/wl-tile-v1-07948-neg-es-pba-63326-mdt5.tif	ok		104.71776581	106.92204285	-2.20427704	13.02586079	14.35799694	0.90721992	1.70586658	1.91974115	0.88859197	-0.03601822	0.42757133	-0.46358955	0.31371364	0.31829393	0.98560988	0.30555556	0.64794890
wl-tile-v1-08141	wl-neg-neg-es-pba-64776	neg-es-pba-64776	0	hard_negative	train	ES	Laxe dos Gatos	Cuntis	Cequeril (Santa María)		rock_art_surface	120.0	data/external/weak-label-relief-v1/train/negative/wl-tile-v1-08141-neg-es-pba-64776-mdt5.tif	ok		367.23348999	356.99942017	10.23406982	11.08956528	9.69094467	1.14432242	1.04418385	1.23184466	0.84765870	0.75749570	-0.08988594	0.84738164	0.25054047	0.27837723	0.90000343	0.36111111	0.61276365
wl-tile-v1-06484	wl-neg-neg-es-pba-43246	neg-es-pba-43246	0	hard_negative	train	ES	Leira da Modia	Vilalba	Vilapedre (San Mamede)		megalithic_mound	120.0	data/external/weak-label-relief-v1/train/negative/wl-tile-v1-06484-neg-es-pba-43246-mdt5.tif	ok		508.24417114	507.74642944	0.49774170	3.19659090	4.10528421	0.77865276	0.39668858	0.48834944	0.81230478	0.15528569	0.07497918	0.08030651	0.46314004	0.48067090	0.96352835	0.11111111	0.68306051
wl-tile-v1-06760	wl-neg-neg-es-pba-50748	neg-es-pba-50748	0	hard_negative	train	ES	Leiras da Preseira	A Gudiña	A Gudiña (San Martiño e San Pedro)		rock_art_surface	120.0	data/external/weak-label-relief-v1/train/negative/wl-tile-v1-06760-neg-es-pba-50748-mdt5.tif	ok		815.13653564	846.15478516	-31.01824951	20.90663338	21.75216293	0.96112894	2.67674279	2.60950017	1.02576839	-3.32850504	0.29758376	-3.62608880	0.25553757	0.26521635	0.96350609	0.36111111	0.59258525
wl-tile-v1-05674	wl-neg-neg-es-pba-33907	neg-es-pba-33907	0	hard_negative	train	ES	Lugar da Torre de Vilamor	Mondoñedo	Vilamor (Santa María)		historic_fortification	120.0	data/external/weak-label-relief-v1/train/negative/wl-tile-v1-05674-neg-es-pba-33907-mdt5.tif	ok		96.43785858	92.26709747	4.17076111	6.74413538	5.82149887	1.15848779	1.34486330	1.07685483	1.24888078	0.35363004	-0.42413187	0.77776191	0.30923858	0.26010600	1.18889447	0.44444444	0.54397231
wl-tile-v1-05774	wl-neg-neg-es-pba-36333	neg-es-pba-36333	0	hard_negative	train	ES	Madorra da Rebola de Vilares 1	Navia de Suarna	Barcia (San Miguel)		megalithic_mound	120.0	data/external/weak-label-relief-v1/train/negative/wl-tile-v1-05774-neg-es-pba-36333-mdt5.tif	ok		740.35681152	703.93499756	36.42181396	16.31345940	21.49427605	0.75896761	2.06289077	1.73112321	1.19164873	3.02330637	1.06224287	1.96106350	0.21734211	0.23515962	0.92423226	0.33333333	0.65684496
wl-tile-v1-05775	wl-neg-neg-es-pba-36358	neg-es-pba-36358	0	hard_negative	train	ES	Madorra da Rebola de Vilares 2	Navia de Suarna	Barcia (San Miguel)		megalithic_mound	120.0	data/external/weak-label-relief-v1/train/negative/wl-tile-v1-05775-neg-es-pba-36358-mdt5.tif	ok		741.32452393	702.99584961	38.32867432	17.54887772	21.43686867	0.81863065	2.17636967	1.66857970	1.30432467	3.18137598	1.13629711	2.04507887	0.22230628	0.22916362	0.97007668	0.52777778	0.72451964
wl-tile-v1-05776	wl-neg-neg-es-pba-36359	neg-es-pba-36359	0	hard_negative	train	ES	Madorra da Rebola de Vilares 3	Navia de Suarna	Barcia (San Miguel)		megalithic_mound	120.0	data/external/weak-label-relief-v1/train/negative/wl-tile-v1-05776-neg-es-pba-36359-mdt5.tif	ok		738.84143066	701.18945312	37.65197754	16.73739624	22.29883194	0.75059520	1.85293329	1.73668540	1.06693664	3.15276289	1.20226705	1.95049584	0.21259080	0.20723446	1.02584677	0.30555556	0.71890980
wl-tile-v1-06073	wl-neg-neg-es-pba-38524	neg-es-pba-38524	0	hard_negative	train	ES	Madorra da Veiga 3	Pol	Carazo (San Pedro)		megalithic_mound	120.0	data/external/weak-label-relief-v1/train/negative/wl-tile-v1-06073-neg-es-pba-38524-mdt5.tif	ok		565.96820068	567.87561035	-1.90740967	2.12932253	3.17236233	0.67121038	0.45660749	0.52420968	0.87103980	-0.18973854	0.02415501	-0.21389355	0.35061982	0.50809830	0.69006297	0.22222222	0.65796700
wl-tile-v1-06074	wl-neg-neg-es-pba-38525	neg-es-pba-38525	0	hard_negative	train	ES	Madorra da Veiga 4	Pol	Carazo (San Pedro)		megalithic_mound	120.0	data/external/weak-label-relief-v1/train/negative/wl-tile-v1-06074-neg-es-pba-38525-mdt5.tif	ok		567.88586426	569.42858887	-1.54272461	2.34436655	3.26362014	0.71833315	0.38558355	0.52110225	0.73993837	0.07538653	-0.12337402	0.19876055	0.38619506	0.41420847	0.93236882	0.13888889	0.70614917
wl-tile-v1-09428	wl-neg-neg-es-pba-74213	neg-es-pba-74213	0	hard_negative	train	ES	Madorra de Abaixo	Vila de Cruces	Loño (San Mamede)		megalithic_mound	120.0	data/external/weak-label-relief-v1/train/negative/wl-tile-v1-09428-neg-es-pba-74213-mdt5.tif	ok		546.19055176	542.32556152	3.86499023	7.27024603	9.55965900	0.76051311	0.42991585	0.67732954	0.63472183	0.33905640	0.01902343	0.32003297	0.33098683	0.29724047	1.11353219	0.00000000	0.74782001
wl-tile-v1-05627	wl-neg-neg-es-pba-31274	neg-es-pba-31274	0	hard_negative	train	ES	Madorra de Montouto 1	Láncara	Vilaesteva de Herdeiros (Santa María)		megalithic_mound	120.0	data/external/weak-label-relief-v1/train/negative/wl-tile-v1-05627-neg-es-pba-31274-mdt5.tif	ok		967.51434326	955.95886230	11.55548096	11.80224323	16.83222771	0.70116941	1.05306053	1.94961929	0.54013649	0.52213287	0.93744475	-0.41531187	0.14707091	0.24323371	0.60464857	0.19444444	0.57074750
wl-tile-v1-05628	wl-neg-neg-es-pba-31275	neg-es-pba-31275	0	hard_negative	train	ES	Madorra de Montouto 2	Láncara	Vilaesteva de Herdeiros (Santa María)		megalithic_mound	120.0	data/external/weak-label-relief-v1/train/negative/wl-tile-v1-05628-neg-es-pba-31275-mdt5.tif	ok		1022.26220703	994.96801758	27.29418945	11.50663280	15.79019642	0.72872006	1.07244730	1.39997911	0.76604521	1.74495625	1.12822449	0.61673176	0.15146142	0.18532129	0.81729102	0.08333333	0.74029341
wl-tile-v1-05629	wl-neg-neg-es-pba-31276	neg-es-pba-31276	0	hard_negative	train	ES	Madorra de Montouto 3	Láncara	Vilaesteva de Herdeiros (Santa María)		megalithic_mound	120.0	data/external/weak-label-relief-v1/train/negative/wl-tile-v1-05629-neg-es-pba-31276-mdt5.tif	ok		1021.68621826	994.48944092	27.19677734	11.97604847	15.47067451	0.77411288	1.11794305	1.33439744	0.83778867	1.73239052	1.05155134	0.68083918	0.15118569	0.19255306	0.78516380	0.16666667	0.76384544
wl-tile-v1-05630	wl-neg-neg-es-pba-31306	neg-es-pba-31306	0	hard_negative	train	ES	Madorra de Montouto 4	Láncara	Vilaesteva de Herdeiros (Santa María)		megalithic_mound	120.0	data/external/weak-label-relief-v1/train/negative/wl-tile-v1-05630-neg-es-pba-31306-mdt5.tif	ok		1019.52435303	992.59332275	26.93103027	11.88672733	19.43438721	0.61163376	1.44518173	1.84834826	0.78187740	1.32833588	0.65244496	0.67589092	0.17413649	0.21470463	0.81105138	0.22222222	0.74477240
wl-tile-v1-05631	wl-neg-neg-es-pba-31307	neg-es-pba-31307	0	hard_negative	train	ES	Madorra de Montouto 5	Láncara	Vilaesteva de Herdeiros (Santa María)		megalithic_mound	120.0	data/external/weak-label-relief-v1/train/negative/wl-tile-v1-05631-neg-es-pba-31307-mdt5.tif	ok		1012.65045166	990.82989502	21.82055664	11.26084900	14.10446167	0.79838914	0.96843916	1.06979120	0.90525998	1.31827295	0.95943797	0.35883498	0.14106324	0.18108031	0.77900928	0.27777778	0.61512675
wl-tile-v1-09429	wl-neg-neg-es-pba-74341	neg-es-pba-74341	0	hard_negative	train	ES	Madorra de Seixas	Vila de Cruces	Cumeiro (San Pedro)		megalithic_mound	120.0	data/external/weak-label-relief-v1/train/negative/wl-tile-v1-09429-neg-es-pba-74341-mdt5.tif	ok		564.38397217	554.08795166	10.29602051	7.29802179	9.89391136	0.73762757	0.86690599	0.99481469	0.87142459	0.41786644	0.51317537	-0.09530893	0.33124238	0.28170437	1.17585108	0.30555556	0.61718650
wl-tile-v1-06075	wl-neg-neg-es-pba-38526	neg-es-pba-38526	0	hard_negative	train	ES	Madorra do Barreiro 1/Madorra do Monte Alfonsín 1	Pol	Valonga (Santa María)		megalithic_mound	120.0	data/external/weak-label-relief-v1/train/negative/wl-tile-v1-06075-neg-es-pba-38526-mdt5.tif	ok		562.42694092	560.88989258	1.53704834	2.39538860	2.73844290	0.87472651	0.29158276	0.35674530	0.81734156	0.14491679	-0.06386371	0.20878050	0.58527535	0.61342907	0.95410436	0.02777778	0.84516932
wl-tile-v1-06076	wl-neg-neg-es-pba-38527	neg-es-pba-38527	0	hard_negative	train	ES	Madorra do Barreiro 2/Madorra do Monte Alfonsín 2	Pol	Valonga (Santa María)		megalithic_mound	120.0	data/external/weak-label-relief-v1/train/negative/wl-tile-v1-06076-neg-es-pba-38527-mdt5.tif	ok		562.87536621	561.04772949	1.82763672	2.52947116	2.79848647	0.90387114	0.38069782	0.37421843	1.01731444	0.07257780	-0.04620807	0.11878587	0.52706492	0.51372939	1.02595827	0.38888889	0.74464624
wl-tile-v1-05777	wl-neg-neg-es-pba-36360	neg-es-pba-36360	0	hard_negative	train	ES	Madorra do Chao do Couso 1	Navia de Suarna	Mosteiro (San Salvador)		megalithic_mound	120.0	data/external/weak-label-relief-v1/train/negative/wl-tile-v1-05777-neg-es-pba-36360-mdt5.tif	ok		858.43609619	859.00683594	-0.57073975	10.61945152	13.16178036	0.80684005	1.29484224	1.51240420	0.85614827	0.56710678	-0.07629768	0.64340446	0.28398272	0.29815355	0.95247138	0.33333333	0.53832018
wl-tile-v1-05778	wl-neg-neg-es-pba-36361	neg-es-pba-36361	0	hard_negative	train	ES	Madorra do Chao do Couso 2	Navia de Suarna	Mosteiro (San Salvador)		megalithic_mound	120.0	data/external/weak-label-relief-v1/train/negative/wl-tile-v1-05778-neg-es-pba-36361-mdt5.tif	ok		861.77093506	856.89636230	4.87457275	11.37270069	12.19667149	0.93244298	1.19586694	1.51231146	0.79075440	0.72028530	-0.23592328	0.95620857	0.31976169	0.31141919	1.02678867	0.27777778	0.59906824
wl-tile-v1-05779	wl-neg-neg-es-pba-36362	neg-es-pba-36362	0	hard_negative	train	ES	Madorra do Coto da Maestra	Navia de Suarna	Mosteiro (San Salvador)		megalithic_mound	120.0	data/external/weak-label-relief-v1/train/negative/wl-tile-v1-05779-neg-es-pba-36362-mdt5.tif	ok		883.53594971	884.58612061	-1.05017090	15.43021870	9.79739189	1.57493125	2.20154691	1.40096521	1.57145009	1.35841382	0.56226438	0.79614943	0.34475553	0.25431693	1.35561378	0.55555556	0.51958483
wl-tile-v1-05781	wl-neg-neg-es-pba-36364	neg-es-pba-36364	0	hard_negative	train	ES	Madorra do Monte Meiroi 1	Navia de Suarna	Queizán (Santiago)		megalithic_mound	120.0	data/external/weak-label-relief-v1/train/negative/wl-tile-v1-05781-neg-es-pba-36364-mdt5.tif	ok		736.19531250	706.37707520	29.81823730	20.38409615	22.09932709	0.92238538	2.06848526	1.62216270	1.27514044	2.25763726	0.78709257	1.47054470	0.23121047	0.22872062	1.01088599	0.44444444	0.60376378
wl-tile-v1-05782	wl-neg-neg-es-pba-36365	neg-es-pba-36365	0	hard_negative	train	ES	Madorra do Monte Meiroi 2	Navia de Suarna	Mosteiro (San Salvador)		megalithic_mound	120.0	data/external/weak-label-relief-v1/train/negative/wl-tile-v1-05782-neg-es-pba-36365-mdt5.tif	ok		762.07049561	731.13006592	30.94042969	15.84747696	18.60382271	0.85183982	1.34896374	1.25423300	1.07552882	2.35124683	0.49621722	1.85502961	0.27047676	0.29668817	0.91165333	0.50000000	0.65512563
wl-tile-v1-05783	wl-neg-neg-es-pba-36366	neg-es-pba-36366	0	hard_negative	train	ES	Madorra do Monte Meiroi 3	Navia de Suarna	Mosteiro (San Salvador)		megalithic_mound	120.0	data/external/weak-label-relief-v1/train/negative/wl-tile-v1-05783-neg-es-pba-36366-mdt5.tif	ok		759.02642822	741.17370605	17.85272217	14.16391659	17.73391533	0.79869089	1.38717771	1.43931830	0.96377411	0.75571913	0.71626395	0.03945518	0.27097324	0.26526448	1.02152099	0.27777778	0.56480524
wl-tile-v1-05780	wl-neg-neg-es-pba-36363	neg-es-pba-36363	0	hard_negative	train	ES	Madorra do Monte da Farrapa/Zarrapa 1	Navia de Suarna	Mosteiro (San Salvador)		megalithic_mound	120.0	data/external/weak-label-relief-v1/train/negative/wl-tile-v1-05780-neg-es-pba-36363-mdt5.tif	ok		875.96771240	857.51452637	18.45318604	9.40245152	13.10505104	0.71746775	1.21583843	1.43158376	0.84929605	1.33378196	0.47415206	0.85962990	0.22239986	0.25643203	0.86728582	0.25000000	0.50808315
wl-tile-v1-05784	wl-neg-neg-es-pba-36367	neg-es-pba-36367	0	hard_negative	train	ES	Madorra do Moural 1	Navia de Suarna	Queizán (Santiago)		megalithic_mound	120.0	data/external/weak-label-relief-v1/train/negative/wl-tile-v1-05784-neg-es-pba-36367-mdt5.tif	ok		903.49926758	880.05792236	23.44134521	11.44777775	13.77293682	0.83117914	1.26794469	1.16583705	1.08758312	1.78079545	-0.02929269	1.81008814	0.18463357	0.21624419	0.85381978	0.47222222	0.62604506
wl-tile-v1-05785	wl-neg-neg-es-pba-36392	neg-es-pba-36392	0	hard_negative	train	ES	Madorra do Moural 2	Navia de Suarna	Queizán (Santiago)		megalithic_mound	120.0	data/external/weak-label-relief-v1/train/negative/wl-tile-v1-05785-neg-es-pba-36392-mdt5.tif	ok		907.14245605	891.73547363	15.40698242	6.95636368	12.03327465	0.57809398	1.11766934	1.31442606	0.85030978	0.55510247	0.74020612	-0.18510365	0.19572137	0.23869124	0.81997719	0.30555556	0.57655668
wl-tile-v1-05786	wl-neg-neg-es-pba-36393	neg-es-pba-36393	0	hard_negative	train	ES	Madorra do Pico das Valiñas 1	Navia de Suarna	Mosteiro (San Salvador)		megalithic_mound	120.0	data/external/weak-label-relief-v1/train/negative/wl-tile-v1-05786-neg-es-pba-36393-mdt5.tif	ok		907.90600586	900.51989746	7.38610840	4.60962534	7.81661224	0.58972163	0.77360696	1.14182842	0.67751594	0.25018561	0.27171448	-0.02152887	0.20726323	0.27925390	0.74220353	0.19444444	0.64850706
wl-tile-v1-05787	wl-neg-neg-es-pba-36394	neg-es-pba-36394	0	hard_negative	train	ES	Madorra do Pico das Valiñas 2	Navia de Suarna	Mosteiro (San Salvador)		megalithic_mound	120.0	data/external/weak-label-relief-v1/train/negative/wl-tile-v1-05787-neg-es-pba-36394-mdt5.tif	ok		905.86193848	898.21881104	7.64312744	6.02982950	7.67235279	0.78591661	0.90683925	1.18197536	0.76722348	0.40113023	-0.07928161	0.48041184	0.25202885	0.30887651	0.81595343	0.25000000	0.59587863
wl-tile-v1-11750	wl-pos-pos-pt-dgpc-108223	pos-pt-dgpc-108223	1	positive	train	PT	Alto do Castro	Bragança	Rabal	hilltop_hint		120.0	data/external/weak-label-relief-v1/train/positive/wl-tile-v1-11750-pos-pt-dgpc-108223-mdt5.tif	failed	manifest_dem_status:unsupported_country																	
wl-tile-v1-11841	wl-pos-pos-pt-dgpc-109074	pos-pt-dgpc-109074	1	positive	train	PT	Alto do Castro	Chaves	Anelhe	hilltop_hint		120.0	data/external/weak-label-relief-v1/train/positive/wl-tile-v1-11841-pos-pt-dgpc-109074-mdt5.tif	failed	manifest_dem_status:unsupported_country																	
wl-tile-v1-11755	wl-pos-pos-pt-dgpc-108603	pos-pt-dgpc-108603	1	positive	train	PT	Ara 1 de Castro de Avelãs	Bragança	Castro de Avelãs	generic_castro_hint		120.0	data/external/weak-label-relief-v1/train/positive/wl-tile-v1-11755-pos-pt-dgpc-108603-mdt5.tif	failed	manifest_dem_status:unsupported_country																	
wl-tile-v1-11757	wl-pos-pos-pt-dgpc-108635	pos-pt-dgpc-108635	1	positive	train	PT	Ara 2 de Castro de Avelãs	Bragança	Castro de Avelãs	generic_castro_hint		120.0	data/external/weak-label-relief-v1/train/positive/wl-tile-v1-11757-pos-pt-dgpc-108635-mdt5.tif	failed	manifest_dem_status:unsupported_country																	
wl-tile-v1-11759	wl-pos-pos-pt-dgpc-108644	pos-pt-dgpc-108644	1	positive	train	PT	Ara 3 de Castro de Avelãs	Bragança	Castro de Avelãs	generic_castro_hint		120.0	data/external/weak-label-relief-v1/train/positive/wl-tile-v1-11759-pos-pt-dgpc-108644-mdt5.tif	failed	manifest_dem_status:unsupported_country																	
wl-tile-v1-11715	wl-pos-pos-pt-dgpc-109754	pos-pt-dgpc-109754	1	positive	train	PT	Besteiros/ Castro do Gerês	Amares	Ferreiros, Prozelo e Besteiros	earthwork_or_wall_hint		120.0	data/external/weak-label-relief-v1/train/positive/wl-tile-v1-11715-pos-pt-dgpc-109754-mdt5.tif	failed	manifest_dem_status:unsupported_country																	
wl-tile-v1-11729	wl-pos-pos-pt-dgpc-107616	pos-pt-dgpc-107616	1	positive	train	PT	Braga - Castro Máximo/ Monte do Castro	Braga	Braga (São Vicente)	hilltop_hint		120.0	data/external/weak-label-relief-v1/train/positive/wl-tile-v1-11729-pos-pt-dgpc-107616-mdt5.tif	failed	manifest_dem_status:unsupported_country																	
wl-tile-v1-11726	wl-pos-pos-pt-dgpc-107516	pos-pt-dgpc-107516	1	positive	train	PT	Braga - Cividade	Braga	Braga (Maximinos, Sé e Cividade)	large_castrexo_civitas_hint		120.0	data/external/weak-label-relief-v1/train/positive/wl-tile-v1-11726-pos-pt-dgpc-107516-mdt5.tif	failed	manifest_dem_status:unsupported_country																	
wl-tile-v1-11727	wl-pos-pos-pt-dgpc-107539	pos-pt-dgpc-107539	1	positive	train	PT	Braga - Termas Romanas de Maximinos/ Alto da Cividade/ Colina de Maximinos	Braga	Braga (Maximinos, Sé e Cividade)	large_castrexo_civitas_hint		120.0	data/external/weak-label-relief-v1/train/positive/wl-tile-v1-11727-pos-pt-dgpc-107539-mdt5.tif	failed	manifest_dem_status:unsupported_country																	
wl-tile-v1-11764	wl-pos-pos-pt-dgpc-108740	pos-pt-dgpc-108740	1	positive	train	PT	Caracuto do Castro	Bragança	São Julião de Palácios e Deilão	earthwork_or_wall_hint		120.0	data/external/weak-label-relief-v1/train/positive/wl-tile-v1-11764-pos-pt-dgpc-108740-mdt5.tif	failed	manifest_dem_status:unsupported_country																	
wl-tile-v1-11828	wl-pos-pos-pt-dgpc-108544	pos-pt-dgpc-108544	1	positive	train	PT	Castelo de Fraião/ Castelo da Furna / Castro de Boivão	Valença	Boivão	generic_castro_hint		120.0	data/external/weak-label-relief-v1/train/positive/wl-tile-v1-11828-pos-pt-dgpc-108544-mdt5.tif	failed	manifest_dem_status:unsupported_country																	
wl-tile-v1-11793	wl-pos-pos-pt-dgpc-104878	pos-pt-dgpc-104878	1	positive	train	PT	Castelo de Santa Cruz/ Castro do Alto do Louredo/ Castelo Novo	Amarante	Louredo	hilltop_hint		120.0	data/external/weak-label-relief-v1/train/positive/wl-tile-v1-11793-pos-pt-dgpc-104878-mdt5.tif	failed	manifest_dem_status:unsupported_country																	
wl-tile-v1-11817	wl-pos-pos-pt-dgpc-108573	pos-pt-dgpc-108573	1	positive	train	PT	Castelo do Castro Laboreiro	Melgaço	Castro Laboreiro e Lamas de Mouro	valley_or_river_edge_hint		120.0	data/external/weak-label-relief-v1/train/positive/wl-tile-v1-11817-pos-pt-dgpc-108573-mdt5.tif	failed	manifest_dem_status:unsupported_country																	
wl-tile-v1-11718	wl-pos-pos-pt-dgpc-109954	pos-pt-dgpc-109954	1	positive	train	PT	Castelo do Espinho/ Castro de São Pedro Fins	Amares	Torre e Portela	earthwork_or_wall_hint		120.0	data/external/weak-label-relief-v1/train/positive/wl-tile-v1-11718-pos-pt-dgpc-109954-mdt5.tif	failed	manifest_dem_status:unsupported_country																	
wl-tile-v1-11752	wl-pos-pos-pt-dgpc-108459	pos-pt-dgpc-108459	1	positive	train	PT	Castro	Bragança	Aveleda e Rio de Onor	earthwork_or_wall_hint		120.0	data/external/weak-label-relief-v1/train/positive/wl-tile-v1-11752-pos-pt-dgpc-108459-mdt5.tif	failed	manifest_dem_status:unsupported_country																	
wl-tile-v1-11762	wl-pos-pos-pt-dgpc-108659	pos-pt-dgpc-108659	1	positive	train	PT	Castro	Bragança	Castro de Avelãs	generic_castro_hint		120.0	data/external/weak-label-relief-v1/train/positive/wl-tile-v1-11762-pos-pt-dgpc-108659-mdt5.tif	failed	manifest_dem_status:unsupported_country																	
wl-tile-v1-11779	wl-pos-pos-pt-dgpc-108213	pos-pt-dgpc-108213	1	positive	train	PT	Castro	Vinhais	Paçó	earthwork_or_wall_hint		120.0	data/external/weak-label-relief-v1/train/positive/wl-tile-v1-11779-pos-pt-dgpc-108213-mdt5.tif	failed	manifest_dem_status:unsupported_country																	
wl-tile-v1-11781	wl-pos-pos-pt-dgpc-108406	pos-pt-dgpc-108406	1	positive	train	PT	Castro	Vinhais	Soeira, Fresulfe e Mofreita	earthwork_or_wall_hint		120.0	data/external/weak-label-relief-v1/train/positive/wl-tile-v1-11781-pos-pt-dgpc-108406-mdt5.tif	failed	manifest_dem_status:unsupported_country																	
wl-tile-v1-11832	wl-pos-pos-pt-dgpc-108368	pos-pt-dgpc-108368	1	positive	train	PT	Castro	Vila Nova de Cerveira	Mentrestido	earthwork_or_wall_hint		120.0	data/external/weak-label-relief-v1/train/positive/wl-tile-v1-11832-pos-pt-dgpc-108368-mdt5.tif	failed	manifest_dem_status:unsupported_country																	
wl-tile-v1-11835	wl-pos-pos-pt-dgpc-108508	pos-pt-dgpc-108508	1	positive	train	PT	Castro	Vila Nova de Cerveira	Reboreda e Nogueira	earthwork_or_wall_hint		120.0	data/external/weak-label-relief-v1/train/positive/wl-tile-v1-11835-pos-pt-dgpc-108508-mdt5.tif	failed	manifest_dem_status:unsupported_country																	
wl-tile-v1-11872	wl-pos-pos-pt-dgpc-109939	pos-pt-dgpc-109939	1	positive	train	PT	Castro	Montalegre	Paradela, Contim e Fiães do Rio	earthwork_or_wall_hint		120.0	data/external/weak-label-relief-v1/train/positive/wl-tile-v1-11872-pos-pt-dgpc-109939-mdt5.tif	failed	manifest_dem_status:unsupported_country																	
wl-tile-v1-11811	wl-pos-pos-pt-dgpc-106433	pos-pt-dgpc-106433	1	positive	train	PT	Castro Boi	Vila do Conde	Fornelo e Vairão	earthwork_or_wall_hint		120.0	data/external/weak-label-relief-v1/train/positive/wl-tile-v1-11811-pos-pt-dgpc-106433-mdt5.tif	failed	manifest_dem_status:unsupported_country																	
wl-tile-v1-11818	wl-pos-pos-pt-dgpc-108574	pos-pt-dgpc-108574	1	positive	train	PT	Castro Laboreiro	Melgaço	Castro Laboreiro e Lamas de Mouro	earthwork_or_wall_hint		120.0	data/external/weak-label-relief-v1/train/positive/wl-tile-v1-11818-pos-pt-dgpc-108574-mdt5.tif	failed	manifest_dem_status:unsupported_country																	
wl-tile-v1-11768	wl-pos-pos-pt-dgpc-109077	pos-pt-dgpc-109077	1	positive	train	PT	Castro Mau	Bragança	Parada e Faílde	earthwork_or_wall_hint		120.0	data/external/weak-label-relief-v1/train/positive/wl-tile-v1-11768-pos-pt-dgpc-109077-mdt5.tif	failed	manifest_dem_status:unsupported_country																	
wl-tile-v1-11790	wl-pos-pos-pt-dgpc-109505	pos-pt-dgpc-109505	1	positive	train	PT	Castro Mau	Vinhais	Curopos e Vale de Janeiro	earthwork_or_wall_hint		120.0	data/external/weak-label-relief-v1/train/positive/wl-tile-v1-11790-pos-pt-dgpc-109505-mdt5.tif	failed	manifest_dem_status:unsupported_country																	
wl-tile-v1-11769	wl-pos-pos-pt-dgpc-109156	pos-pt-dgpc-109156	1	positive	train	PT	Castro Mouro/Pena Alta	Bragança	Outeiro	hilltop_hint		120.0	data/external/weak-label-relief-v1/train/positive/wl-tile-v1-11769-pos-pt-dgpc-109156-mdt5.tif	failed	manifest_dem_status:unsupported_country																	
wl-tile-v1-11733	wl-pos-pos-pt-dgpc-107213	pos-pt-dgpc-107213	1	positive	train	PT	Castro da Barrega	Celorico de Basto	Borba de Montanha	earthwork_or_wall_hint		120.0	data/external/weak-label-relief-v1/train/positive/wl-tile-v1-11733-pos-pt-dgpc-107213-mdt5.tif	failed	manifest_dem_status:unsupported_country																	
wl-tile-v1-11783	wl-pos-pos-pt-dgpc-108519	pos-pt-dgpc-108519	1	positive	train	PT	Castro da Cisterna/Vila de Souane	Vinhais	Quirás e Pinheiro Novo	earthwork_or_wall_hint		120.0	data/external/weak-label-relief-v1/train/positive/wl-tile-v1-11783-pos-pt-dgpc-108519-mdt5.tif	failed	manifest_dem_status:unsupported_country																	
wl-tile-v1-11845	wl-pos-pos-pt-dgpc-109752	pos-pt-dgpc-109752	1	positive	train	PT	Castro da Curalha	Chaves	Curalha	earthwork_or_wall_hint		120.0	data/external/weak-label-relief-v1/train/positive/wl-tile-v1-11845-pos-pt-dgpc-109752-mdt5.tif	failed	manifest_dem_status:unsupported_country																	
wl-tile-v1-11722	wl-pos-pos-pt-dgpc-109346	pos-pt-dgpc-109346	1	positive	train	PT	Castro da Giesta	Barcelos	Durrães e Tregosa	generic_castro_hint		120.0	data/external/weak-label-relief-v1/train/positive/wl-tile-v1-11722-pos-pt-dgpc-109346-mdt5.tif	failed	manifest_dem_status:unsupported_country																	
wl-tile-v1-11859	wl-pos-pos-pt-dgpc-108949	pos-pt-dgpc-108949	1	positive	train	PT	Castro da Mina	Montalegre	Vilar de Perdizes e Meixide	earthwork_or_wall_hint		120.0	data/external/weak-label-relief-v1/train/positive/wl-tile-v1-11859-pos-pt-dgpc-108949-mdt5.tif	failed	manifest_dem_status:unsupported_country																	
wl-tile-v1-11851	wl-pos-pos-pt-dgpc-108624	pos-pt-dgpc-108624	1	positive	train	PT	Castro da Parada/ Cabeça do Castro	Montalegre	Outeiro	earthwork_or_wall_hint		120.0	data/external/weak-label-relief-v1/train/positive/wl-tile-v1-11851-pos-pt-dgpc-108624-mdt5.tif	failed	manifest_dem_status:unsupported_country																	
wl-tile-v1-11798	wl-pos-pos-pt-dgpc-106386	pos-pt-dgpc-106386	1	positive	train	PT	Castro da Pedreira	Felgueiras	Pedreira, Rande e Sernande	earthwork_or_wall_hint		120.0	data/external/weak-label-relief-v1/train/positive/wl-tile-v1-11798-pos-pt-dgpc-106386-mdt5.tif	failed	manifest_dem_status:unsupported_country																	
wl-tile-v1-11788	wl-pos-pos-pt-dgpc-108962	pos-pt-dgpc-108962	1	positive	train	PT	Castro da Ponte	Vinhais	Soeira, Fresulfe e Mofreita	earthwork_or_wall_hint		120.0	data/external/weak-label-relief-v1/train/positive/wl-tile-v1-11788-pos-pt-dgpc-108962-mdt5.tif	failed	manifest_dem_status:unsupported_country																	
wl-tile-v1-11770	wl-pos-pos-pt-dgpc-109605	pos-pt-dgpc-109605	1	positive	train	PT	Castro da Réfega	Bragança	Quintanilha	earthwork_or_wall_hint		120.0	data/external/weak-label-relief-v1/train/positive/wl-tile-v1-11770-pos-pt-dgpc-109605-mdt5.tif	failed	manifest_dem_status:unsupported_country																	
wl-tile-v1-11763	wl-pos-pos-pt-dgpc-108722	pos-pt-dgpc-108722	1	positive	train	PT	Castro da Sapeira	Bragança	Babe	earthwork_or_wall_hint		120.0	data/external/weak-label-relief-v1/train/positive/wl-tile-v1-11763-pos-pt-dgpc-108722-mdt5.tif	failed	manifest_dem_status:unsupported_country																	
wl-tile-v1-11773	wl-pos-pos-pt-dgpc-109795	pos-pt-dgpc-109795	1	positive	train	PT	Castro da Seara / Castro Serzedo	Bragança	Castrelos e Carrazedo	earthwork_or_wall_hint		120.0	data/external/weak-label-relief-v1/train/positive/wl-tile-v1-11773-pos-pt-dgpc-109795-mdt5.tif	failed	manifest_dem_status:unsupported_country																	
wl-tile-v1-11730	wl-pos-pos-pt-dgpc-107708	pos-pt-dgpc-107708	1	positive	train	PT	Castro da Sola	Braga	Palmeira	earthwork_or_wall_hint		120.0	data/external/weak-label-relief-v1/train/positive/wl-tile-v1-11730-pos-pt-dgpc-107708-mdt5.tif	failed	manifest_dem_status:unsupported_country																	
wl-tile-v1-11738	wl-pos-pos-pt-dgpc-107083	pos-pt-dgpc-107083	1	positive	train	PT	Castro das Eiras/ Monte das Eiras	Vila Nova de Famalicão	Vale (São Cosme), Telhado e Portela	hilltop_hint		120.0	data/external/weak-label-relief-v1/train/positive/wl-tile-v1-11738-pos-pt-dgpc-107083-mdt5.tif	failed	manifest_dem_status:unsupported_country																	
wl-tile-v1-11732	wl-pos-pos-pt-dgpc-108069	pos-pt-dgpc-108069	1	positive	train	PT	Castro das Lages	Braga	Figueiredo	earthwork_or_wall_hint		120.0	data/external/weak-label-relief-v1/train/positive/wl-tile-v1-11732-pos-pt-dgpc-108069-mdt5.tif	failed	manifest_dem_status:unsupported_country																	
wl-tile-v1-11799	wl-pos-pos-pt-dgpc-106944	pos-pt-dgpc-106944	1	positive	train	PT	Castro das Lazarinhas / Coutada	Felgueiras	Regilde	generic_castro_hint		120.0	data/external/weak-label-relief-v1/train/positive/wl-tile-v1-11799-pos-pt-dgpc-106944-mdt5.tif	failed	manifest_dem_status:unsupported_country																	
wl-tile-v1-11809	wl-pos-pos-pt-dgpc-106254	pos-pt-dgpc-106254	1	positive	train	PT	Castro de Alvarelhos/ Castro de São Marçal	Trofa	Alvarelhos e Guidões	coastal_promontory_hint		120.0	data/external/weak-label-relief-v1/train/positive/wl-tile-v1-11809-pos-pt-dgpc-106254-mdt5.tif	failed	manifest_dem_status:unsupported_country																	
wl-tile-v1-11808	wl-pos-pos-pt-dgpc-106958	pos-pt-dgpc-106958	1	positive	train	PT	Castro de Argivai	Póvoa do Varzim	Póvoa do Varzim, Beiriz e Argivai	earthwork_or_wall_hint		120.0	data/external/weak-label-relief-v1/train/positive/wl-tile-v1-11808-pos-pt-dgpc-106958-mdt5.tif	failed	manifest_dem_status:unsupported_country																	
wl-tile-v1-11778	wl-pos-pos-pt-dgpc-108195	pos-pt-dgpc-108195	1	positive	train	PT	Castro de Arnade	Vinhais	Soeira, Fresulfe e Mofreita	earthwork_or_wall_hint		120.0	data/external/weak-label-relief-v1/train/positive/wl-tile-v1-11778-pos-pt-dgpc-108195-mdt5.tif	failed	manifest_dem_status:unsupported_country																	
wl-tile-v1-11830	wl-pos-pos-pt-dgpc-115142	pos-pt-dgpc-115142	1	positive	train	PT	Castro de Bacelar	Valença	Cerdal	earthwork_or_wall_hint		120.0	data/external/weak-label-relief-v1/train/positive/wl-tile-v1-11830-pos-pt-dgpc-115142-mdt5.tif	failed	manifest_dem_status:unsupported_country																	
wl-tile-v1-11812	wl-pos-pos-pt-dgpc-107033	pos-pt-dgpc-107033	1	positive	train	PT	Castro de Bagunte/ Monte da Cividade/ Cividade de Bagunte	Vila do Conde	Bagunte, Ferreiró, Outeiro Maior e Parada	large_castrexo_civitas_hint		120.0	data/external/weak-label-relief-v1/train/positive/wl-tile-v1-11812-pos-pt-dgpc-107033-mdt5.tif	failed	manifest_dem_status:unsupported_country																	
wl-tile-v1-11749	wl-pos-pos-pt-dgpc-108199	pos-pt-dgpc-108199	1	positive	train	PT	Castro de Baçal	Bragança	Baçal	earthwork_or_wall_hint		120.0	data/external/weak-label-relief-v1/train/positive/wl-tile-v1-11749-pos-pt-dgpc-108199-mdt5.tif	failed	manifest_dem_status:unsupported_country																	
wl-tile-v1-11735	wl-pos-pos-pt-dgpc-107764	pos-pt-dgpc-107764	1	positive	train	PT	Castro de Brunhais	Póvoa de Lanhoso	Esperança e Brunhais	earthwork_or_wall_hint		120.0	data/external/weak-label-relief-v1/train/positive/wl-tile-v1-11735-pos-pt-dgpc-107764-mdt5.tif	failed	manifest_dem_status:unsupported_country																	
wl-tile-v1-11873	wl-pos-pos-pt-dgpc-110091	pos-pt-dgpc-110091	1	positive	train	PT	Castro de Cabanas	Montalegre	Salto	earthwork_or_wall_hint		120.0	data/external/weak-label-relief-v1/train/positive/wl-tile-v1-11873-pos-pt-dgpc-110091-mdt5.tif	failed	manifest_dem_status:unsupported_country																	
wl-tile-v1-11867	wl-pos-pos-pt-dgpc-109682	pos-pt-dgpc-109682	1	positive	train	PT	Castro de Cabeça da Armada	Montalegre	Vila da Ponte	earthwork_or_wall_hint		120.0	data/external/weak-label-relief-v1/train/positive/wl-tile-v1-11867-pos-pt-dgpc-109682-mdt5.tif	failed	manifest_dem_status:unsupported_country																	
wl-tile-v1-11816	wl-pos-pos-pt-dgpc-108486	pos-pt-dgpc-108486	1	positive	train	PT	Castro de Cabreiro	Arcos de Valdevez	Cabreiro	earthwork_or_wall_hint		120.0	data/external/weak-label-relief-v1/train/positive/wl-tile-v1-11816-pos-pt-dgpc-108486-mdt5.tif	failed	manifest_dem_status:unsupported_country																	
wl-tile-v1-11717	wl-pos-pos-pt-dgpc-109806	pos-pt-dgpc-109806	1	positive	train	PT	Castro de Caires / Castro de Gróvios	Amares	Caires	earthwork_or_wall_hint		120.0	data/external/weak-label-relief-v1/train/positive/wl-tile-v1-11717-pos-pt-dgpc-109806-mdt5.tif	failed	manifest_dem_status:unsupported_country																	
wl-tile-v1-11876	wl-pos-pos-pt-dgpc-110114	pos-pt-dgpc-110114	1	positive	train	PT	Castro de Cervos	Montalegre	Cervos	earthwork_or_wall_hint		120.0	data/external/weak-label-relief-v1/train/positive/wl-tile-v1-11876-pos-pt-dgpc-110114-mdt5.tif	failed	manifest_dem_status:unsupported_country																	
wl-tile-v1-11848	wl-pos-pos-pt-dgpc-105962	pos-pt-dgpc-105962	1	positive	train	PT	Castro de Cidadelhe	Mesão Frio	Cidadelhe	earthwork_or_wall_hint		120.0	data/external/weak-label-relief-v1/train/positive/wl-tile-v1-11848-pos-pt-dgpc-105962-mdt5.tif	failed	manifest_dem_status:unsupported_country																	
wl-tile-v1-11767	wl-pos-pos-pt-dgpc-109040	pos-pt-dgpc-109040	1	positive	train	PT	Castro de Ciragata/Cidadelhe	Bragança	Parada e Faílde	earthwork_or_wall_hint		120.0	data/external/weak-label-relief-v1/train/positive/wl-tile-v1-11767-pos-pt-dgpc-109040-mdt5.tif	failed	manifest_dem_status:unsupported_country																	
wl-tile-v1-11863	wl-pos-pos-pt-dgpc-109492	pos-pt-dgpc-109492	1	positive	train	PT	Castro de Codeçoso	Montalegre	Venda Nova e Pondras	earthwork_or_wall_hint		120.0	data/external/weak-label-relief-v1/train/positive/wl-tile-v1-11863-pos-pt-dgpc-109492-mdt5.tif	failed	manifest_dem_status:unsupported_country																	
wl-tile-v1-11854	wl-pos-pos-pt-dgpc-108771	pos-pt-dgpc-108771	1	positive	train	PT	Castro de Donões/Eiras do Castro	Montalegre	Cambeses do Rio, Donões e Mourilhe	earthwork_or_wall_hint		120.0	data/external/weak-label-relief-v1/train/positive/wl-tile-v1-11854-pos-pt-dgpc-108771-mdt5.tif	failed	manifest_dem_status:unsupported_country																	
wl-tile-v1-11745	wl-pos-pos-pt-dgpc-109844	pos-pt-dgpc-109844	1	positive	train	PT	Castro de Escariz / São Ilus	Vila Verde	Escariz (São Memde) e Escariz (São Martinho)	earthwork_or_wall_hint		120.0	data/external/weak-label-relief-v1/train/positive/wl-tile-v1-11745-pos-pt-dgpc-109844-mdt5.tif	failed	manifest_dem_status:unsupported_country																	
wl-tile-v1-11786	wl-pos-pos-pt-dgpc-108702	pos-pt-dgpc-108702	1	positive	train	PT	Castro de Espinhoso	Vinhais	Candedo	earthwork_or_wall_hint		120.0	data/external/weak-label-relief-v1/train/positive/wl-tile-v1-11786-pos-pt-dgpc-108702-mdt5.tif	failed	manifest_dem_status:unsupported_country																	
wl-tile-v1-11852	wl-pos-pos-pt-dgpc-108736	pos-pt-dgpc-108736	1	positive	train	PT	Castro de Fernão Mouro/ Muralhas	Montalegre	Sarraquinhos	earthwork_or_wall_hint		120.0	data/external/weak-label-relief-v1/train/positive/wl-tile-v1-11852-pos-pt-dgpc-108736-mdt5.tif	failed	manifest_dem_status:unsupported_country																	
wl-tile-v1-11861	wl-pos-pos-pt-dgpc-109318	pos-pt-dgpc-109318	1	positive	train	PT	Castro de Ferral	Montalegre	Ferral	earthwork_or_wall_hint		120.0	data/external/weak-label-relief-v1/train/positive/wl-tile-v1-11861-pos-pt-dgpc-109318-mdt5.tif	failed	manifest_dem_status:unsupported_country																	
wl-tile-v1-11787	wl-pos-pos-pt-dgpc-108939	pos-pt-dgpc-108939	1	positive	train	PT	Castro de Ferreiros	Vinhais	Vilar de Lomba e São Jomil	earthwork_or_wall_hint		120.0	data/external/weak-label-relief-v1/train/positive/wl-tile-v1-11787-pos-pt-dgpc-108939-mdt5.tif	failed	manifest_dem_status:unsupported_country																	
wl-tile-v1-11760	wl-pos-pos-pt-dgpc-108650	pos-pt-dgpc-108650	1	positive	train	PT	Castro de Gimonde/ Arrabalde de Gimonde	Bragança	Gimonde	earthwork_or_wall_hint		120.0	data/external/weak-label-relief-v1/train/positive/wl-tile-v1-11760-pos-pt-dgpc-108650-mdt5.tif	failed	manifest_dem_status:unsupported_country																	
wl-tile-v1-11734	wl-pos-pos-pt-dgpc-107741	pos-pt-dgpc-107741	1	positive	train	PT	Castro de Lanhoso/Estação lusitano-romana de Póvoa do Lanhoso	Póvoa de Lanhoso	Póvoa de Lanhoso (Nossa Senhora do Amparo)	earthwork_or_wall_hint		120.0	data/external/weak-label-relief-v1/train/positive/wl-tile-v1-11734-pos-pt-dgpc-107741-mdt5.tif	failed	manifest_dem_status:unsupported_country																	
wl-tile-v1-11844	wl-pos-pos-pt-dgpc-109308	pos-pt-dgpc-109308	1	positive	train	PT	Castro de Loivos/Castro de Muradal	Chaves	Loivos e Póvoa de Agrações	earthwork_or_wall_hint		120.0	data/external/weak-label-relief-v1/train/positive/wl-tile-v1-11844-pos-pt-dgpc-109308-mdt5.tif	failed	manifest_dem_status:unsupported_country																	
wl-tile-v1-11831	wl-pos-pos-pt-dgpc-115143	pos-pt-dgpc-115143	1	positive	train	PT	Castro de Mira	Valença	Cerdal	earthwork_or_wall_hint		120.0	data/external/weak-label-relief-v1/train/positive/wl-tile-v1-11831-pos-pt-dgpc-115143-mdt5.tif	failed	manifest_dem_status:unsupported_country																	
wl-tile-v1-11785	wl-pos-pos-pt-dgpc-108682	pos-pt-dgpc-108682	1	positive	train	PT	Castro de Moaz/Eira do Castro	Vinhais	Vinhais	earthwork_or_wall_hint		120.0	data/external/weak-label-relief-v1/train/positive/wl-tile-v1-11785-pos-pt-dgpc-108682-mdt5.tif	failed	manifest_dem_status:unsupported_country																	
wl-tile-v1-11856	wl-pos-pos-pt-dgpc-108819	pos-pt-dgpc-108819	1	positive	train	PT	Castro de Mourilhe	Montalegre	Cambeses do Rio, Donões e Mourilhe	earthwork_or_wall_hint		120.0	data/external/weak-label-relief-v1/train/positive/wl-tile-v1-11856-pos-pt-dgpc-108819-mdt5.tif	failed	manifest_dem_status:unsupported_country																	
wl-tile-v1-11877	wl-pos-pos-pt-dgpc-110170	pos-pt-dgpc-110170	1	positive	train	PT	Castro de Negrões	Montalegre	Negrões	earthwork_or_wall_hint		120.0	data/external/weak-label-relief-v1/train/positive/wl-tile-v1-11877-pos-pt-dgpc-110170-mdt5.tif	failed	manifest_dem_status:unsupported_country																	
wl-tile-v1-11791	wl-pos-pos-pt-dgpc-109947	pos-pt-dgpc-109947	1	positive	train	PT	Castro de Ousilhão	Vinhais	Nunes e Ousilhão	coastal_promontory_hint		120.0	data/external/weak-label-relief-v1/train/positive/wl-tile-v1-11791-pos-pt-dgpc-109947-mdt5.tif	failed	manifest_dem_status:unsupported_country																	
wl-tile-v1-11719	wl-pos-pos-pt-dgpc-110072	pos-pt-dgpc-110072	1	positive	train	PT	Castro de Outeiro	Amares	Bouro (Santa Marta)	hilltop_hint		120.0	data/external/weak-label-relief-v1/train/positive/wl-tile-v1-11719-pos-pt-dgpc-110072-mdt5.tif	failed	manifest_dem_status:unsupported_country																	
wl-tile-v1-11871	wl-pos-pos-pt-dgpc-109917	pos-pt-dgpc-109917	1	positive	train	PT	Castro de Outeiro	Montalegre	Outeiro	hilltop_hint		120.0	data/external/weak-label-relief-v1/train/positive/wl-tile-v1-11871-pos-pt-dgpc-109917-mdt5.tif	failed	manifest_dem_status:unsupported_country																	
wl-tile-v1-11836	wl-pos-pos-pt-dgpc-113461	pos-pt-dgpc-113461	1	positive	train	PT	Castro de Pagade	Vila Nova de Cerveira	Covas	earthwork_or_wall_hint		120.0	data/external/weak-label-relief-v1/train/positive/wl-tile-v1-11836-pos-pt-dgpc-113461-mdt5.tif	failed	manifest_dem_status:unsupported_country																	
wl-tile-v1-11866	wl-pos-pos-pt-dgpc-109627	pos-pt-dgpc-109627	1	positive	train	PT	Castro de Paradela	Montalegre	Paradela, Contim e Fiães do Rio	earthwork_or_wall_hint		120.0	data/external/weak-label-relief-v1/train/positive/wl-tile-v1-11866-pos-pt-dgpc-109627-mdt5.tif	failed	manifest_dem_status:unsupported_country																	
wl-tile-v1-11794	wl-pos-pos-pt-dgpc-105058	pos-pt-dgpc-105058	1	positive	train	PT	Castro de Paredes	Amarante	Aboadela, Sanche e Várzea	earthwork_or_wall_hint		120.0	data/external/weak-label-relief-v1/train/positive/wl-tile-v1-11794-pos-pt-dgpc-105058-mdt5.tif	failed	manifest_dem_status:unsupported_country																	
wl-tile-v1-11829	wl-pos-pos-pt-dgpc-115141	pos-pt-dgpc-115141	1	positive	train	PT	Castro de Paços	Valença	Cerdal	earthwork_or_wall_hint		120.0	data/external/weak-label-relief-v1/train/positive/wl-tile-v1-11829-pos-pt-dgpc-115141-mdt5.tif	failed	manifest_dem_status:unsupported_country																	
wl-tile-v1-11853	wl-pos-pos-pt-dgpc-108748	pos-pt-dgpc-108748	1	positive	train	PT	Castro de Pedrário	Montalegre	Sarraquinhos	earthwork_or_wall_hint		120.0	data/external/weak-label-relief-v1/train/positive/wl-tile-v1-11853-pos-pt-dgpc-108748-mdt5.tif	failed	manifest_dem_status:unsupported_country																	
wl-tile-v1-11827	wl-pos-pos-pt-dgpc-110040	pos-pt-dgpc-110040	1	positive	train	PT	Castro de Queixada	Ponte da Barca	Sampriz	earthwork_or_wall_hint		120.0	data/external/weak-label-relief-v1/train/positive/wl-tile-v1-11827-pos-pt-dgpc-110040-mdt5.tif	failed	manifest_dem_status:unsupported_country																	
wl-tile-v1-11826	wl-pos-pos-pt-dgpc-109980	pos-pt-dgpc-109980	1	positive	train	PT	Castro de Quintão	Ponte da Barca	Sampriz	earthwork_or_wall_hint		120.0	data/external/weak-label-relief-v1/train/positive/wl-tile-v1-11826-pos-pt-dgpc-109980-mdt5.tif	failed	manifest_dem_status:unsupported_country																	
wl-tile-v1-11814	wl-pos-pos-pt-dgpc-108253	pos-pt-dgpc-108253	1	positive	train	PT	Castro de Reboreda	Arcos de Valdevez	Rio de Moinhos	earthwork_or_wall_hint		120.0	data/external/weak-label-relief-v1/train/positive/wl-tile-v1-11814-pos-pt-dgpc-108253-mdt5.tif	failed	manifest_dem_status:unsupported_country																	
wl-tile-v1-11878	wl-pos-pos-pt-dgpc-105186	pos-pt-dgpc-105186	1	positive	train	PT	Castro de Sabrosa/Castelo dos Mouros/Castelo da Sancha	Sabrosa	Sabrosa	earthwork_or_wall_hint		120.0	data/external/weak-label-relief-v1/train/positive/wl-tile-v1-11878-pos-pt-dgpc-105186-mdt5.tif	failed	manifest_dem_status:unsupported_country																	
wl-tile-v1-11766	wl-pos-pos-pt-dgpc-108989	pos-pt-dgpc-108989	1	positive	train	PT	Castro de Sacóias	Bragança	Baçal	generic_castro_hint		120.0	data/external/weak-label-relief-v1/train/positive/wl-tile-v1-11766-pos-pt-dgpc-108989-mdt5.tif	failed	manifest_dem_status:unsupported_country																	
wl-tile-v1-11789	wl-pos-pos-pt-dgpc-108979	pos-pt-dgpc-108979	1	positive	train	PT	Castro de Sandim	Vinhais	Edral	earthwork_or_wall_hint		120.0	data/external/weak-label-relief-v1/train/positive/wl-tile-v1-11789-pos-pt-dgpc-108979-mdt5.tif	failed	manifest_dem_status:unsupported_country																	
wl-tile-v1-11780	wl-pos-pos-pt-dgpc-108354	pos-pt-dgpc-108354	1	positive	train	PT	Castro de Santa Cruz	Vinhais	Travanca e Santa Cruz	generic_castro_hint		120.0	data/external/weak-label-relief-v1/train/positive/wl-tile-v1-11780-pos-pt-dgpc-108354-mdt5.tif	failed	manifest_dem_status:unsupported_country																	
wl-tile-v1-11748	wl-pos-pos-pt-dgpc-106410	pos-pt-dgpc-106410	1	positive	train	PT	Castro de Santa Justa	Alfândega da Fé	Eucisia, Gouveia e Valverde	earthwork_or_wall_hint		120.0	data/external/weak-label-relief-v1/train/positive/wl-tile-v1-11748-pos-pt-dgpc-106410-mdt5.tif	failed	manifest_dem_status:unsupported_country																	
wl-tile-v1-11795	wl-pos-pos-pt-dgpc-106237	pos-pt-dgpc-106237	1	positive	train	PT	Castro de Santa Marinha	Amarante	Figueiró (Santiago e Santa Cristina)	coastal_promontory_hint		120.0	data/external/weak-label-relief-v1/train/positive/wl-tile-v1-11795-pos-pt-dgpc-106237-mdt5.tif	failed	manifest_dem_status:unsupported_country																	
wl-tile-v1-11842	wl-pos-pos-pt-dgpc-109225	pos-pt-dgpc-109225	1	positive	train	PT	Castro de Santiago do Monte/Crastas de Santiago	Chaves	São Pedro de Agostém	hilltop_hint		120.0	data/external/weak-label-relief-v1/train/positive/wl-tile-v1-11842-pos-pt-dgpc-109225-mdt5.tif	failed	manifest_dem_status:unsupported_country																	
wl-tile-v1-11800	wl-pos-pos-pt-dgpc-107052	pos-pt-dgpc-107052	1	positive	train	PT	Castro de Sendim	Felgueiras	Sendim	earthwork_or_wall_hint		120.0	data/external/weak-label-relief-v1/train/positive/wl-tile-v1-11800-pos-pt-dgpc-107052-mdt5.tif	failed	manifest_dem_status:unsupported_country																	
wl-tile-v1-11744	wl-pos-pos-pt-dgpc-109743	pos-pt-dgpc-109743	1	positive	train	PT	Castro de Sobradelo/Reduto	Vila Verde	Ribeira do Neiva	earthwork_or_wall_hint		120.0	data/external/weak-label-relief-v1/train/positive/wl-tile-v1-11744-pos-pt-dgpc-109743-mdt5.tif	failed	manifest_dem_status:unsupported_country																	
wl-tile-v1-11857	wl-pos-pos-pt-dgpc-108841	pos-pt-dgpc-108841	1	positive	train	PT	Castro de Solveira	Montalegre	Solveira	earthwork_or_wall_hint		120.0	data/external/weak-label-relief-v1/train/positive/wl-tile-v1-11857-pos-pt-dgpc-108841-mdt5.tif	failed	manifest_dem_status:unsupported_country																	
wl-tile-v1-11860	wl-pos-pos-pt-dgpc-108986	pos-pt-dgpc-108986	1	positive	train	PT	Castro de Soutelo	Montalegre	Gralhas	earthwork_or_wall_hint		120.0	data/external/weak-label-relief-v1/train/positive/wl-tile-v1-11860-pos-pt-dgpc-108986-mdt5.tif	failed	manifest_dem_status:unsupported_country																	
wl-tile-v1-11802	wl-pos-pos-pt-dgpc-105178	pos-pt-dgpc-105178	1	positive	train	PT	Castro de São Domingos/ Cristelos	Lousada	Cristelos, Boim e Ordem	earthwork_or_wall_hint		120.0	data/external/weak-label-relief-v1/train/positive/wl-tile-v1-11802-pos-pt-dgpc-105178-mdt5.tif	failed	manifest_dem_status:unsupported_country																	
wl-tile-v1-11804	wl-pos-pos-pt-dgpc-106440	pos-pt-dgpc-106440	1	positive	train	PT	Castro de São Gonçalo	Lousada	Lustosa e Barrosas (Santo Estevão)	earthwork_or_wall_hint		120.0	data/external/weak-label-relief-v1/train/positive/wl-tile-v1-11804-pos-pt-dgpc-106440-mdt5.tif	failed	manifest_dem_status:unsupported_country																	
wl-tile-v1-11784	wl-pos-pos-pt-dgpc-108598	pos-pt-dgpc-108598	1	positive	train	PT	Castro de São Mamede	Vinhais	Nunes e Ousilhão	earthwork_or_wall_hint		120.0	data/external/weak-label-relief-v1/train/positive/wl-tile-v1-11784-pos-pt-dgpc-108598-mdt5.tif	failed	manifest_dem_status:unsupported_country																	
wl-tile-v1-11739	wl-pos-pos-pt-dgpc-107173	pos-pt-dgpc-107173	1	positive	train	PT	Castro de São Miguel-o-Anjo	Vila Nova de Famalicão	Vila Nova de Famalicão e Calendário	earthwork_or_wall_hint		120.0	data/external/weak-label-relief-v1/train/positive/wl-tile-v1-11739-pos-pt-dgpc-107173-mdt5.tif	failed	manifest_dem_status:unsupported_country																	
wl-tile-v1-11724	wl-pos-pos-pt-dgpc-109384	pos-pt-dgpc-109384	1	positive	train	PT	Castro de São Simão	Barcelos	Cossourado	earthwork_or_wall_hint		120.0	data/external/weak-label-relief-v1/train/positive/wl-tile-v1-11724-pos-pt-dgpc-109384-mdt5.tif	failed	manifest_dem_status:unsupported_country																	
wl-tile-v1-11864	wl-pos-pos-pt-dgpc-109615	pos-pt-dgpc-109615	1	positive	train	PT	Castro de Travassos/Castro do Outeiro	Montalegre	Chã	hilltop_hint		120.0	data/external/weak-label-relief-v1/train/positive/wl-tile-v1-11864-pos-pt-dgpc-109615-mdt5.tif	failed	manifest_dem_status:unsupported_country																	
wl-tile-v1-11874	wl-pos-pos-pt-dgpc-110094	pos-pt-dgpc-110094	1	positive	train	PT	Castro de Valongo	Montalegre	Reigoso	earthwork_or_wall_hint		120.0	data/external/weak-label-relief-v1/train/positive/wl-tile-v1-11874-pos-pt-dgpc-110094-mdt5.tif	failed	manifest_dem_status:unsupported_country																	
wl-tile-v1-11772	wl-pos-pos-pt-dgpc-109725	pos-pt-dgpc-109725	1	positive	train	PT	Castro de Vila Boa	Bragança	Serapicos	earthwork_or_wall_hint		120.0	data/external/weak-label-relief-v1/train/positive/wl-tile-v1-11772-pos-pt-dgpc-109725-mdt5.tif	failed	manifest_dem_status:unsupported_country																	
wl-tile-v1-11797	wl-pos-pos-pt-dgpc-106333	pos-pt-dgpc-106333	1	positive	train	PT	Castro de Vila Garcia/ Castro de Ponte Nova	Amarante	Vila Garcia, Aboim e Chapa	earthwork_or_wall_hint		120.0	data/external/weak-label-relief-v1/train/positive/wl-tile-v1-11797-pos-pt-dgpc-106333-mdt5.tif	failed	manifest_dem_status:unsupported_country																	
wl-tile-v1-11782	wl-pos-pos-pt-dgpc-108479	pos-pt-dgpc-108479	1	positive	train	PT	Castro de Vilarinho das Touças	Vinhais	Santalha	earthwork_or_wall_hint		120.0	data/external/weak-label-relief-v1/train/positive/wl-tile-v1-11782-pos-pt-dgpc-108479-mdt5.tif	failed	manifest_dem_status:unsupported_country																	
wl-tile-v1-11875	wl-pos-pos-pt-dgpc-110107	pos-pt-dgpc-110107	1	positive	train	PT	Castro de Vilarinho de Negrões/ Castro do Mau Vizinho	Montalegre	Negrões	earthwork_or_wall_hint		120.0	data/external/weak-label-relief-v1/train/positive/wl-tile-v1-11875-pos-pt-dgpc-110107-mdt5.tif	failed	manifest_dem_status:unsupported_country																	
wl-tile-v1-11815	wl-pos-pos-pt-dgpc-108463	pos-pt-dgpc-108463	1	positive	train	PT	Castro de Álvora	Arcos de Valdevez	Alvora e Loureda	earthwork_or_wall_hint		120.0	data/external/weak-label-relief-v1/train/positive/wl-tile-v1-11815-pos-pt-dgpc-108463-mdt5.tif	failed	manifest_dem_status:unsupported_country																	
wl-tile-v1-11801	wl-pos-pos-pt-dgpc-105090	pos-pt-dgpc-105090	1	positive	train	PT	Castro do Alto de Nevogilde	Lousada	Figueiras e Covas	hilltop_hint		120.0	data/external/weak-label-relief-v1/train/positive/wl-tile-v1-11801-pos-pt-dgpc-105090-mdt5.tif	failed	manifest_dem_status:unsupported_country																	
wl-tile-v1-11714	wl-pos-pos-pt-dgpc-109437	pos-pt-dgpc-109437	1	positive	train	PT	Castro do Alto dos Castelos/ Fraga dos Fornelos	Amares	Bouro (Santa Marta)	hilltop_hint		120.0	data/external/weak-label-relief-v1/train/positive/wl-tile-v1-11714-pos-pt-dgpc-109437-mdt5.tif	failed	manifest_dem_status:unsupported_country																	
wl-tile-v1-11746	wl-pos-pos-pt-dgpc-109927	pos-pt-dgpc-109927	1	positive	train	PT	Castro do Barbudo/ Monte do Castelo	Vila Verde	Carreiras (São Miguel) e Carreiras (Santiago)	hilltop_hint		120.0	data/external/weak-label-relief-v1/train/positive/wl-tile-v1-11746-pos-pt-dgpc-109927-mdt5.tif	failed	manifest_dem_status:unsupported_country																	
wl-tile-v1-11810	wl-pos-pos-pt-dgpc-105926	pos-pt-dgpc-105926	1	positive	train	PT	Castro do Couce	Valongo	Valongo	earthwork_or_wall_hint		120.0	data/external/weak-label-relief-v1/train/positive/wl-tile-v1-11810-pos-pt-dgpc-105926-mdt5.tif	failed	manifest_dem_status:unsupported_country																	
wl-tile-v1-11849	wl-pos-pos-pt-dgpc-106776	pos-pt-dgpc-106776	1	positive	train	PT	Castro do Crastoeiro	Mondim de Basto	São Cristóvão de Mondim de Basto	earthwork_or_wall_hint		120.0	data/external/weak-label-relief-v1/train/positive/wl-tile-v1-11849-pos-pt-dgpc-106776-mdt5.tif	failed	manifest_dem_status:unsupported_country																	
wl-tile-v1-11796	wl-pos-pos-pt-dgpc-106251	pos-pt-dgpc-106251	1	positive	train	PT	Castro do Ladário	Amarante	Amarante (São Gonçalo), Madalena, Cepelos e Gatão	earthwork_or_wall_hint		120.0	data/external/weak-label-relief-v1/train/positive/wl-tile-v1-11796-pos-pt-dgpc-106251-mdt5.tif	failed	manifest_dem_status:unsupported_country																	
wl-tile-v1-11806	wl-pos-pos-pt-dgpc-106073	pos-pt-dgpc-106073	1	positive	train	PT	Castro do Monte Castelo de Guifões	Matosinhos	Guifões	hilltop_hint		120.0	data/external/weak-label-relief-v1/train/positive/wl-tile-v1-11806-pos-pt-dgpc-106073-mdt5.tif	failed	manifest_dem_status:unsupported_country																	
wl-tile-v1-11721	wl-pos-pos-pt-dgpc-107754	pos-pt-dgpc-107754	1	positive	train	PT	Castro do Monte Castro/Monte do Castro	Barcelos	Carapeços	hilltop_hint		120.0	data/external/weak-label-relief-v1/train/positive/wl-tile-v1-11721-pos-pt-dgpc-107754-mdt5.tif	failed	manifest_dem_status:unsupported_country																	
wl-tile-v1-11833	wl-pos-pos-pt-dgpc-108391	pos-pt-dgpc-108391	1	positive	train	PT	Castro do Monte Góis	Vila Nova de Cerveira	Sopo	hilltop_hint		120.0	data/external/weak-label-relief-v1/train/positive/wl-tile-v1-11833-pos-pt-dgpc-108391-mdt5.tif	failed	manifest_dem_status:unsupported_country																	
wl-tile-v1-11731	wl-pos-pos-pt-dgpc-107904	pos-pt-dgpc-107904	1	positive	train	PT	Castro do Monte Redondo/ Castro Monte Cossourado/ Castro de São Mamede	Braga	Escudeiros e Penso (Santo Estêvão e São Vicente)	hilltop_hint		120.0	data/external/weak-label-relief-v1/train/positive/wl-tile-v1-11731-pos-pt-dgpc-107904-mdt5.tif	failed	manifest_dem_status:unsupported_country																	
wl-tile-v1-11728	wl-pos-pos-pt-dgpc-107570	pos-pt-dgpc-107570	1	positive	train	PT	Castro do Monte da Consolação	Braga	Nogueiró e Tenões	hilltop_hint		120.0	data/external/weak-label-relief-v1/train/positive/wl-tile-v1-11728-pos-pt-dgpc-107570-mdt5.tif	failed	manifest_dem_status:unsupported_country																	
wl-tile-v1-11741	wl-pos-pos-pt-dgpc-107797	pos-pt-dgpc-107797	1	positive	train	PT	Castro do Monte das Ermidas/ Castelo das Ermidas	Vila Nova de Famalicão	Lemenhe, Mouquim e Jesufrei	hilltop_hint		120.0	data/external/weak-label-relief-v1/train/positive/wl-tile-v1-11741-pos-pt-dgpc-107797-mdt5.tif	failed	manifest_dem_status:unsupported_country																	
wl-tile-v1-11710	wl-pos-pos-pt-dgpc-109049	pos-pt-dgpc-109049	1	positive	train	PT	Castro do Monte de São Miguel/ Cidadelhe	Amares	Bouro (Santa Maria)	hilltop_hint		120.0	data/external/weak-label-relief-v1/train/positive/wl-tile-v1-11710-pos-pt-dgpc-109049-mdt5.tif	failed	manifest_dem_status:unsupported_country																	
wl-tile-v1-11868	wl-pos-pos-pt-dgpc-109744	pos-pt-dgpc-109744	1	positive	train	PT	Castro do Outeiro	Montalegre	Outeiro	hilltop_hint		120.0	data/external/weak-label-relief-v1/train/positive/wl-tile-v1-11868-pos-pt-dgpc-109744-mdt5.tif	failed	manifest_dem_status:unsupported_country																	
wl-tile-v1-11824	wl-pos-pos-pt-dgpc-108652	pos-pt-dgpc-108652	1	positive	train	PT	Castro do Pinheiral	Ponte da Barca	Ponte da Barca, Vila Nova de Muía e Paço Vedro de Magalhães	earthwork_or_wall_hint		120.0	data/external/weak-label-relief-v1/train/positive/wl-tile-v1-11824-pos-pt-dgpc-108652-mdt5.tif	failed	manifest_dem_status:unsupported_country																	
wl-tile-v1-11837	wl-pos-pos-pt-dgpc-104946	pos-pt-dgpc-104946	1	positive	train	PT	Castro do Piolho/Castelo dos Mouros	Alijó	São Mamede de Ribatua	earthwork_or_wall_hint		120.0	data/external/weak-label-relief-v1/train/positive/wl-tile-v1-11837-pos-pt-dgpc-104946-mdt5.tif	failed	manifest_dem_status:unsupported_country																	
wl-tile-v1-11839	wl-pos-pos-pt-dgpc-106913	pos-pt-dgpc-106913	1	positive	train	PT	Castro do Pópulo/Castelo de São Marcos	Alijó	Pópulo e Ribalonga	coastal_promontory_hint		120.0	data/external/weak-label-relief-v1/train/positive/wl-tile-v1-11839-pos-pt-dgpc-106913-mdt5.tif	failed	manifest_dem_status:unsupported_country																	
wl-tile-v1-11850	wl-pos-pos-pt-dgpc-108201	pos-pt-dgpc-108201	1	positive	train	PT	Castro do Roldão/Castro do Bom Vizinho	Montalegre	Negrões	earthwork_or_wall_hint		120.0	data/external/weak-label-relief-v1/train/positive/wl-tile-v1-11850-pos-pt-dgpc-108201-mdt5.tif	failed	manifest_dem_status:unsupported_country																	
wl-tile-v1-11776	wl-pos-pos-pt-dgpc-109476	pos-pt-dgpc-109476	1	positive	train	PT	Castro do Serro Grande	Vimioso	Argozelo	earthwork_or_wall_hint		120.0	data/external/weak-label-relief-v1/train/positive/wl-tile-v1-11776-pos-pt-dgpc-109476-mdt5.tif	failed	manifest_dem_status:unsupported_country																	
wl-tile-v1-11771	wl-pos-pos-pt-dgpc-109722	pos-pt-dgpc-109722	1	positive	train	PT	Castro do Serro de Coelhoso	Bragança	Coelhoso	earthwork_or_wall_hint		120.0	data/external/weak-label-relief-v1/train/positive/wl-tile-v1-11771-pos-pt-dgpc-109722-mdt5.tif	failed	manifest_dem_status:unsupported_country																	
wl-tile-v1-11743	wl-pos-pos-pt-dgpc-109706	pos-pt-dgpc-109706	1	positive	train	PT	Castro do Vairão	Vila Verde	Oriz (Santa Marinha) e Oriz (São Miguel)	earthwork_or_wall_hint		120.0	data/external/weak-label-relief-v1/train/positive/wl-tile-v1-11743-pos-pt-dgpc-109706-mdt5.tif	failed	manifest_dem_status:unsupported_country																	
wl-tile-v1-11838	wl-pos-pos-pt-dgpc-105184	pos-pt-dgpc-105184	1	positive	train	PT	Castro do Vilarelho	Alijó	Favaios	earthwork_or_wall_hint		120.0	data/external/weak-label-relief-v1/train/positive/wl-tile-v1-11838-pos-pt-dgpc-105184-mdt5.tif	failed	manifest_dem_status:unsupported_country																	
wl-tile-v1-11723	wl-pos-pos-pt-dgpc-109369	pos-pt-dgpc-109369	1	positive	train	PT	Castro dos Castelos/ Castelo de Durrães	Barcelos	Quintiães e Aguiar	earthwork_or_wall_hint		120.0	data/external/weak-label-relief-v1/train/positive/wl-tile-v1-11723-pos-pt-dgpc-109369-mdt5.tif	failed	manifest_dem_status:unsupported_country																	
wl-tile-v1-11865	wl-pos-pos-pt-dgpc-109625	pos-pt-dgpc-109625	1	positive	train	PT	Castro dos Cortiços	Montalegre	Cervos	earthwork_or_wall_hint		120.0	data/external/weak-label-relief-v1/train/positive/wl-tile-v1-11865-pos-pt-dgpc-109625-mdt5.tif	failed	manifest_dem_status:unsupported_country																	
wl-tile-v1-11855	wl-pos-pos-pt-dgpc-108777	pos-pt-dgpc-108777	1	positive	train	PT	Castro dos Frades	Montalegre	Cambeses do Rio, Donões e Mourilhe	earthwork_or_wall_hint		120.0	data/external/weak-label-relief-v1/train/positive/wl-tile-v1-11855-pos-pt-dgpc-108777-mdt5.tif	failed	manifest_dem_status:unsupported_country																	
wl-tile-v1-11803	wl-pos-pos-pt-dgpc-105286	pos-pt-dgpc-105286	1	positive	train	PT	Castro dos Mortórios	Lousada	Figueiras e Covas	earthwork_or_wall_hint		120.0	data/external/weak-label-relief-v1/train/positive/wl-tile-v1-11803-pos-pt-dgpc-105286-mdt5.tif	failed	manifest_dem_status:unsupported_country																	
wl-tile-v1-11775	wl-pos-pos-pt-dgpc-107678	pos-pt-dgpc-107678	1	positive	train	PT	Castro dos Mouros	Vimioso	Vimioso	earthwork_or_wall_hint		120.0	data/external/weak-label-relief-v1/train/positive/wl-tile-v1-11775-pos-pt-dgpc-107678-mdt5.tif	failed	manifest_dem_status:unsupported_country																	
wl-tile-v1-11737	wl-pos-pos-pt-dgpc-106979	pos-pt-dgpc-106979	1	positive	train	PT	Castro e Castelo de Vermoim	Vila Nova de Famalicão	Vermoim	earthwork_or_wall_hint		120.0	data/external/weak-label-relief-v1/train/positive/wl-tile-v1-11737-pos-pt-dgpc-106979-mdt5.tif	failed	manifest_dem_status:unsupported_country																	
wl-tile-v1-11869	wl-pos-pos-pt-dgpc-109856	pos-pt-dgpc-109856	1	positive	train	PT	Castro/ Castro de Andelhe	Montalegre	Vila da Ponte	earthwork_or_wall_hint		120.0	data/external/weak-label-relief-v1/train/positive/wl-tile-v1-11869-pos-pt-dgpc-109856-mdt5.tif	failed	manifest_dem_status:unsupported_country																	
wl-tile-v1-11736	wl-pos-pos-pt-dgpc-114666	pos-pt-dgpc-114666	1	positive	train	PT	Castro/ Piorneiro	Terras de Bouro	Chamoim e Vilar	generic_castro_hint		120.0	data/external/weak-label-relief-v1/train/positive/wl-tile-v1-11736-pos-pt-dgpc-114666-mdt5.tif	failed	manifest_dem_status:unsupported_country																	
wl-tile-v1-11777	wl-pos-pos-pt-dgpc-109922	pos-pt-dgpc-109922	1	positive	train	PT	Castro/Seixo Branco	Vimioso	Vale de Frades e Avelanoso	generic_castro_hint		120.0	data/external/weak-label-relief-v1/train/positive/wl-tile-v1-11777-pos-pt-dgpc-109922-mdt5.tif	failed	manifest_dem_status:unsupported_country																	
wl-tile-v1-11840	wl-pos-pos-pt-dgpc-108615	pos-pt-dgpc-108615	1	positive	train	PT	Castro/São Sebastião	Chaves	Cimo de Vila da Castanheira	earthwork_or_wall_hint		120.0	data/external/weak-label-relief-v1/train/positive/wl-tile-v1-11840-pos-pt-dgpc-108615-mdt5.tif	failed	manifest_dem_status:unsupported_country																	
wl-tile-v1-11821	wl-pos-pos-pt-dgpc-108292	pos-pt-dgpc-108292	1	positive	train	PT	Chela / Castro	Paredes de Coura	Bico e Cristelo	generic_castro_hint		120.0	data/external/weak-label-relief-v1/train/positive/wl-tile-v1-11821-pos-pt-dgpc-108292-mdt5.tif	failed	manifest_dem_status:unsupported_country																	
wl-tile-v1-11716	wl-pos-pos-pt-dgpc-109794	pos-pt-dgpc-109794	1	positive	train	PT	Chã do Castro/ Portela da Joubreia	Amares	Caires	earthwork_or_wall_hint		120.0	data/external/weak-label-relief-v1/train/positive/wl-tile-v1-11716-pos-pt-dgpc-109794-mdt5.tif	failed	manifest_dem_status:unsupported_country																	
wl-tile-v1-11742	wl-pos-pos-pt-dgpc-109406	pos-pt-dgpc-109406	1	positive	train	PT	Citânia de São Julião de Caldelas	Vila Verde	Ponte	large_castrexo_civitas_hint		120.0	data/external/weak-label-relief-v1/train/positive/wl-tile-v1-11742-pos-pt-dgpc-109406-mdt5.tif	failed	manifest_dem_status:unsupported_country																	
wl-tile-v1-11740	wl-pos-pos-pt-dgpc-107222	pos-pt-dgpc-107222	1	positive	train	PT	Cividade	Vila Nova de Famalicão	Joane	large_castrexo_civitas_hint		120.0	data/external/weak-label-relief-v1/train/positive/wl-tile-v1-11740-pos-pt-dgpc-107222-mdt5.tif	failed	manifest_dem_status:unsupported_country																	
wl-tile-v1-11834	wl-pos-pos-pt-dgpc-108502	pos-pt-dgpc-108502	1	positive	train	PT	Cividade de Cornes	Vila Nova de Cerveira	Cornes	large_castrexo_civitas_hint		120.0	data/external/weak-label-relief-v1/train/positive/wl-tile-v1-11834-pos-pt-dgpc-108502-mdt5.tif	failed	manifest_dem_status:unsupported_country																	
wl-tile-v1-11823	wl-pos-pos-pt-dgpc-108405	pos-pt-dgpc-108405	1	positive	train	PT	Cividade de Cossourado	Paredes de Coura	Cossourado e Linhares	large_castrexo_civitas_hint		120.0	data/external/weak-label-relief-v1/train/positive/wl-tile-v1-11823-pos-pt-dgpc-108405-mdt5.tif	failed	manifest_dem_status:unsupported_country																	
wl-tile-v1-11820	wl-pos-pos-pt-dgpc-108229	pos-pt-dgpc-108229	1	positive	train	PT	Cividade de Romarigães ou Coto de Ouro	Paredes de Coura	Romarigães	coastal_promontory_hint		120.0	data/external/weak-label-relief-v1/train/positive/wl-tile-v1-11820-pos-pt-dgpc-108229-mdt5.tif	failed	manifest_dem_status:unsupported_country																	
wl-tile-v1-11807	wl-pos-pos-pt-dgpc-106725	pos-pt-dgpc-106725	1	positive	train	PT	Cividade de Terroso	Póvoa do Varzim	Aver-o-mar, Amorim eTerroso	large_castrexo_civitas_hint		120.0	data/external/weak-label-relief-v1/train/positive/wl-tile-v1-11807-pos-pt-dgpc-106725-mdt5.tif	failed	manifest_dem_status:unsupported_country																	
wl-tile-v1-11862	wl-pos-pos-pt-dgpc-109345	pos-pt-dgpc-109345	1	positive	train	PT	Corda do Castro/Castro de Morgade	Montalegre	Morgade	earthwork_or_wall_hint		120.0	data/external/weak-label-relief-v1/train/positive/wl-tile-v1-11862-pos-pt-dgpc-109345-mdt5.tif	failed	manifest_dem_status:unsupported_country																	
wl-tile-v1-11753	wl-pos-pos-pt-dgpc-108600	pos-pt-dgpc-108600	1	positive	train	PT	Fragas do Castro	Bragança	Gostei	earthwork_or_wall_hint		120.0	data/external/weak-label-relief-v1/train/positive/wl-tile-v1-11753-pos-pt-dgpc-108600-mdt5.tif	failed	manifest_dem_status:unsupported_country																	
wl-tile-v1-11761	wl-pos-pos-pt-dgpc-108651	pos-pt-dgpc-108651	1	positive	train	PT	Fragas do Castro	Bragança	São Julião de Palácios e Deilão	earthwork_or_wall_hint		120.0	data/external/weak-label-relief-v1/train/positive/wl-tile-v1-11761-pos-pt-dgpc-108651-mdt5.tif	failed	manifest_dem_status:unsupported_country																	
wl-tile-v1-11758	wl-pos-pos-pt-dgpc-108640	pos-pt-dgpc-108640	1	positive	train	PT	Inscrição de Castro de Avelãs	Bragança	Castro de Avelãs	generic_castro_hint		120.0	data/external/weak-label-relief-v1/train/positive/wl-tile-v1-11758-pos-pt-dgpc-108640-mdt5.tif	failed	manifest_dem_status:unsupported_country																	
wl-tile-v1-11792	wl-pos-pos-pt-dgpc-104724	pos-pt-dgpc-104724	1	positive	train	PT	Lagar de Coura/ Castro de Coura	Amarante	Vila Caiz	generic_castro_hint		120.0	data/external/weak-label-relief-v1/train/positive/wl-tile-v1-11792-pos-pt-dgpc-104724-mdt5.tif	failed	manifest_dem_status:unsupported_country																	
wl-tile-v1-11765	wl-pos-pos-pt-dgpc-108933	pos-pt-dgpc-108933	1	positive	train	PT	Lombeiro do Castro	Bragança	Gondesende	generic_castro_hint		120.0	data/external/weak-label-relief-v1/train/positive/wl-tile-v1-11765-pos-pt-dgpc-108933-mdt5.tif	failed	manifest_dem_status:unsupported_country																	
wl-tile-v1-11805	wl-pos-pos-pt-dgpc-105030	pos-pt-dgpc-105030	1	positive	train	PT	Monte Castro	Matosinhos	Perafita, Lavra e Santa Cruz do Bispo	hilltop_hint		120.0	data/external/weak-label-relief-v1/train/positive/wl-tile-v1-11805-pos-pt-dgpc-105030-mdt5.tif	failed	manifest_dem_status:unsupported_country																	
wl-tile-v1-11825	wl-pos-pos-pt-dgpc-108756	pos-pt-dgpc-108756	1	positive	train	PT	Monte Castro	Ponte da Barca	Entre Ambos-os-Rios, Ermida e Germil	hilltop_hint		120.0	data/external/weak-label-relief-v1/train/positive/wl-tile-v1-11825-pos-pt-dgpc-108756-mdt5.tif	failed	manifest_dem_status:unsupported_country																	
wl-tile-v1-11720	wl-pos-pos-pt-dgpc-107359	pos-pt-dgpc-107359	1	positive	train	PT	Monte da Saia / Cidade da Citânia / Monte de Fralães	Barcelos	Negreiros e Chavão	large_castrexo_civitas_hint		120.0	data/external/weak-label-relief-v1/train/positive/wl-tile-v1-11720-pos-pt-dgpc-107359-mdt5.tif	failed	manifest_dem_status:unsupported_country																	
wl-tile-v1-11747	wl-pos-pos-pt-dgpc-110152	pos-pt-dgpc-110152	1	positive	train	PT	Monte de Santa Engrácia/ Castro Mau	Vila Verde	Gême	hilltop_hint		120.0	data/external/weak-label-relief-v1/train/positive/wl-tile-v1-11747-pos-pt-dgpc-110152-mdt5.tif	failed	manifest_dem_status:unsupported_country																	
wl-tile-v1-11858	wl-pos-pos-pt-dgpc-108847	pos-pt-dgpc-108847	1	positive	train	PT	Monte do Castro	Montalegre	Montalegre e Padroso	hilltop_hint		120.0	data/external/weak-label-relief-v1/train/positive/wl-tile-v1-11858-pos-pt-dgpc-108847-mdt5.tif	failed	manifest_dem_status:unsupported_country																	
wl-tile-v1-11725	wl-pos-pos-pt-dgpc-112405	pos-pt-dgpc-112405	1	positive	train	PT	Monte do Castro de Courel	Barcelos	Chorente, Góios, Courel, Pedra Furada e Gueral	hilltop_hint		120.0	data/external/weak-label-relief-v1/train/positive/wl-tile-v1-11725-pos-pt-dgpc-112405-mdt5.tif	failed	manifest_dem_status:unsupported_country																	
wl-tile-v1-11711	wl-pos-pos-pt-dgpc-109097	pos-pt-dgpc-109097	1	positive	train	PT	Monte do Castro/ Castro do Lago	Amares	Lago	hilltop_hint		120.0	data/external/weak-label-relief-v1/train/positive/wl-tile-v1-11711-pos-pt-dgpc-109097-mdt5.tif	failed	manifest_dem_status:unsupported_country																	
wl-tile-v1-11819	wl-pos-pos-pt-dgpc-111220	pos-pt-dgpc-111220	1	positive	train	PT	Monte dos Castelos/Castro do Penso	Melgaço	Penso	hilltop_hint		120.0	data/external/weak-label-relief-v1/train/positive/wl-tile-v1-11819-pos-pt-dgpc-111220-mdt5.tif	failed	manifest_dem_status:unsupported_country																	
wl-tile-v1-11756	wl-pos-pos-pt-dgpc-108634	pos-pt-dgpc-108634	1	positive	train	PT	Mosteiro de Castro de Avelãs	Bragança	Castro de Avelãs	generic_castro_hint		120.0	data/external/weak-label-relief-v1/train/positive/wl-tile-v1-11756-pos-pt-dgpc-108634-mdt5.tif	failed	manifest_dem_status:unsupported_country																	
wl-tile-v1-11879	wl-pos-pos-pt-dgpc-107377	pos-pt-dgpc-107377	1	positive	train	PT	Murada/ Muragalho do Corisco/ Castro do Corisco	Sabrosa	Torre do Pinhão	earthwork_or_wall_hint		120.0	data/external/weak-label-relief-v1/train/positive/wl-tile-v1-11879-pos-pt-dgpc-107377-mdt5.tif	failed	manifest_dem_status:unsupported_country																	
wl-tile-v1-11843	wl-pos-pos-pt-dgpc-109305	pos-pt-dgpc-109305	1	positive	train	PT	Muradal/Castro	Chaves	Loivos e Póvoa de Agrações	generic_castro_hint		120.0	data/external/weak-label-relief-v1/train/positive/wl-tile-v1-11843-pos-pt-dgpc-109305-mdt5.tif	failed	manifest_dem_status:unsupported_country																	
wl-tile-v1-11847	wl-pos-pos-pt-dgpc-110177	pos-pt-dgpc-110177	1	positive	train	PT	Muro/Castro da Pastoria	Chaves	Redondelo	earthwork_or_wall_hint		120.0	data/external/weak-label-relief-v1/train/positive/wl-tile-v1-11847-pos-pt-dgpc-110177-mdt5.tif	failed	manifest_dem_status:unsupported_country																	
wl-tile-v1-11712	wl-pos-pos-pt-dgpc-109135	pos-pt-dgpc-109135	1	positive	train	PT	Outeiro da Vila/ Castro de Seramil	Amares	Vilela, Seramil e Paredes Secas	hilltop_hint		120.0	data/external/weak-label-relief-v1/train/positive/wl-tile-v1-11712-pos-pt-dgpc-109135-mdt5.tif	failed	manifest_dem_status:unsupported_country																	
wl-tile-v1-11774	wl-pos-pos-pt-dgpc-109855	pos-pt-dgpc-109855	1	positive	train	PT	Picoto/Castro de Carrazedo	Bragança	Castrelos e Carrazedo	hilltop_hint		120.0	data/external/weak-label-relief-v1/train/positive/wl-tile-v1-11774-pos-pt-dgpc-109855-mdt5.tif	failed	manifest_dem_status:unsupported_country																	
wl-tile-v1-11822	wl-pos-pos-pt-dgpc-108381	pos-pt-dgpc-108381	1	positive	train	PT	Ponte Nova do Castro	Paredes de Coura	Cossourado_	generic_castro_hint		120.0	data/external/weak-label-relief-v1/train/positive/wl-tile-v1-11822-pos-pt-dgpc-108381-mdt5.tif	failed	manifest_dem_status:unsupported_country																	
wl-tile-v1-11846	wl-pos-pos-pt-dgpc-109861	pos-pt-dgpc-109861	1	positive	train	PT	Santa Bárbara / Alto do Castro	Chaves	Vilas Boas	hilltop_hint		120.0	data/external/weak-label-relief-v1/train/positive/wl-tile-v1-11846-pos-pt-dgpc-109861-mdt5.tif	failed	manifest_dem_status:unsupported_country																	
wl-tile-v1-11870	wl-pos-pos-pt-dgpc-109884	pos-pt-dgpc-109884	1	positive	train	PT	Sapeão Antigo/ Castro de Antigo de Sarraquinhos	Montalegre	Sarraquinhos	earthwork_or_wall_hint		120.0	data/external/weak-label-relief-v1/train/positive/wl-tile-v1-11870-pos-pt-dgpc-109884-mdt5.tif	failed	manifest_dem_status:unsupported_country																	
wl-tile-v1-11754	wl-pos-pos-pt-dgpc-108602	pos-pt-dgpc-108602	1	positive	train	PT	Torre Velha de Castro de Avelãs	Bragança	Castro de Avelãs	earthwork_or_wall_hint		120.0	data/external/weak-label-relief-v1/train/positive/wl-tile-v1-11754-pos-pt-dgpc-108602-mdt5.tif	failed	manifest_dem_status:unsupported_country																	
wl-tile-v1-11751	wl-pos-pos-pt-dgpc-108425	pos-pt-dgpc-108425	1	positive	train	PT	Torre do Castro	Bragança	Carragosa	earthwork_or_wall_hint		120.0	data/external/weak-label-relief-v1/train/positive/wl-tile-v1-11751-pos-pt-dgpc-108425-mdt5.tif	failed	manifest_dem_status:unsupported_country																	
wl-tile-v1-11713	wl-pos-pos-pt-dgpc-109331	pos-pt-dgpc-109331	1	positive	train	PT	Torre do Castro/ Castelo do Castro/ Castro da Torre/ Solar do Castro/ Torre dos Machados	Amares	Carrazedo	earthwork_or_wall_hint		120.0	data/external/weak-label-relief-v1/train/positive/wl-tile-v1-11713-pos-pt-dgpc-109331-mdt5.tif	failed	manifest_dem_status:unsupported_country																	
wl-tile-v1-11813	wl-pos-pos-pt-dgpc-112561	pos-pt-dgpc-112561	1	positive	train	PT	Vila do Conde - Convento de Santa Clara / Castro de São João	Vila do Conde	Vila do Conde	earthwork_or_wall_hint		120.0	data/external/weak-label-relief-v1/train/positive/wl-tile-v1-11813-pos-pt-dgpc-112561-mdt5.tif	failed	manifest_dem_status:unsupported_country																	
wl-tile-v1-10378	wl-pos-pos-es-pba-20474	pos-es-pba-20474	1	positive	train	ES	A Ameixeira/Castro de Caselas/O Terreo	Santa Comba	Santa Comba (San Pedro)	generic_castro_hint		120.0	data/external/weak-label-relief-v1/train/positive/wl-tile-v1-10378-pos-es-pba-20474-mdt5.tif	ok		344.35958862	343.06903076	1.29055786	2.00261378	2.07384324	0.96565340	0.31765541	0.35532090	0.89399586	0.27613345	0.00518596	0.27094749	0.28329802	0.26849595	1.05512958	0.19444444	0.75453899
wl-tile-v1-11164	wl-pos-pos-es-pba-57575	pos-es-pba-57575	1	positive	train	ES	A Canda/Castro da Canda	A Veiga	Valdín (Santa María)	generic_castro_hint		120.0	data/external/weak-label-relief-v1/train/positive/wl-tile-v1-11164-pos-es-pba-57575-mdt5.tif	ok		950.52276611	936.01245117	14.51031494	24.19178581	22.30637550	1.08452338	4.74198866	3.29615188	1.43864386	3.11668062	-0.86358315	3.98026377	0.51173818	0.30638170	1.67026352	0.58333333	0.64619713
wl-tile-v1-10719	wl-pos-pos-es-pba-31040	pos-es-pba-31040	1	positive	train	ES	A Castronela	Friol	Vilafiz (Santa María)	generic_castro_hint		120.0	data/external/weak-label-relief-v1/train/positive/wl-tile-v1-10719-pos-es-pba-31040-mdt5.tif	ok		650.02618408	653.36035156	-3.33416748	8.24279785	7.47268963	1.10305636	1.15781581	0.73165131	1.58246941	0.30150577	0.13211182	0.16939396	0.44196883	0.35461658	1.24632871	0.52777778	0.59635680
wl-tile-v1-10720	wl-pos-pos-es-pba-31041	pos-es-pba-31041	1	positive	train	ES	A Castronela/O Castro	Friol	Ousá (San Xiao)	generic_castro_hint		120.0	data/external/weak-label-relief-v1/train/positive/wl-tile-v1-10720-pos-es-pba-31041-mdt5.tif	ok		559.98693848	553.41235352	6.57458496	5.92615986	5.67277575	1.04466669	0.69149864	0.66831410	1.03469108	0.90897626	-0.05481074	0.96378700	0.37894872	0.44387025	0.85373760	0.30555556	0.67214286
wl-tile-v1-10814	wl-pos-pos-es-pba-35202	pos-es-pba-35202	1	positive	train	ES	A Castronera/O Castelo/As Lagoas/A Castronera	Monterroso	Fufín (San Martiño)	generic_castro_hint		120.0	data/external/weak-label-relief-v1/train/positive/wl-tile-v1-10814-pos-es-pba-35202-mdt5.tif	ok		597.07702637	595.60284424	1.47418213	3.37854028	3.10896492	1.08670904	0.61468822	0.49221393	1.24882327	0.29514429	0.05350365	0.24164064	0.32720101	0.33287400	0.98295754	0.44444444	0.66490115
wl-tile-v1-11243	wl-pos-pos-es-pba-51629	pos-es-pba-51629	1	positive	train	ES	A Cidadella/Castro da Cidadella	Laza	Carraxo (San Bieito)	generic_castro_hint		120.0	data/external/weak-label-relief-v1/train/positive/wl-tile-v1-11243-pos-es-pba-51629-mdt5.tif	ok		827.65460205	802.48315430	25.17144775	17.42918205	13.59361839	1.28215914	2.22317362	2.51190996	0.88505307	3.34857321	-0.80299985	4.15157306	0.29548022	0.33477354	0.88262717	0.33333333	0.60052593
wl-tile-v1-11307	wl-pos-pos-es-pba-56891	pos-es-pba-56891	1	positive	train	ES	A Cogola/A Ciuda	Rubiá	O Robledo da Lastra (Nosa Señora da Concepción)	generic_castro_hint		120.0	data/external/weak-label-relief-v1/train/positive/wl-tile-v1-11307-pos-es-pba-56891-mdt5.tif	ok		530.08074951	522.20233154	7.87841797	20.33803368	16.61522865	1.22405981	3.57643771	2.66608071	1.34145890	3.00951219	0.34013474	2.66937745	0.32980219	0.35018498	0.94179421	0.58333333	0.67947015
wl-tile-v1-11131	wl-pos-pos-es-pba-50548	pos-es-pba-50548	1	positive	train	ES	A Corbiza	A Gudiña	O Tameirón (Santa María)	generic_castro_hint		120.0	data/external/weak-label-relief-v1/train/positive/wl-tile-v1-11131-pos-es-pba-50548-mdt5.tif	ok		928.23199463	929.47686768	-1.24487305	9.96092033	9.60677910	1.03686368	0.96257436	1.08536875	0.88686390	0.10555568	-0.28954896	0.39510465	0.34914893	0.38793135	0.90002763	0.25000000	0.65862555
wl-tile-v1-11244	wl-pos-pos-es-pba-51630	pos-es-pba-51630	1	positive	train	ES	A Coroa/O Castro	Laza	O Castro de Laza (San Pedro)	croa_top_ring_hint		120.0	data/external/weak-label-relief-v1/train/positive/wl-tile-v1-11244-pos-es-pba-51630-mdt5.tif	ok		587.33959961	594.71502686	-7.37542725	26.70638657	24.52060127	1.08914077	5.97169638	3.39886570	1.75696744	3.70748925	0.29572690	3.41176236	0.52173406	0.39944813	1.30613720	0.75000000	0.68607874
wl-tile-v1-10206	wl-pos-pos-es-pba-13980	pos-es-pba-13980	1	positive	train	ES	A Croa	Muxía	Nemiña (San Cristovo)	croa_top_ring_hint		120.0	data/external/weak-label-relief-v1/train/positive/wl-tile-v1-10206-pos-es-pba-13980-mdt5.tif	ok		189.01589966	169.32351685	19.69238281	9.59124279	9.23351097	1.03874277	1.06716108	0.98495162	1.08346549	1.28229320	-0.34638807	1.62868127	0.28952873	0.29490709	0.98176251	0.41666667	0.72374552
wl-tile-v1-10270	wl-pos-pos-es-pba-15531	pos-es-pba-15531	1	positive	train	ES	A Croa	Ortigueira	Ladrido (Santalla)	croa_top_ring_hint		120.0	data/external/weak-label-relief-v1/train/positive/wl-tile-v1-10270-pos-es-pba-15531-mdt5.tif	ok		163.28198242	125.69377899	37.58820343	15.85903740	14.44090080	1.09820278	1.05930591	0.79534388	1.33188416	3.20590067	0.44555697	2.76034370	0.26557392	0.26478857	1.00296595	0.50000000	0.58662882
wl-tile-v1-10581	wl-pos-pos-es-pba-42578	pos-es-pba-42578	1	positive	train	ES	A Croa	Baralla	Covas (Santiago)	croa_top_ring_hint		120.0	data/external/weak-label-relief-v1/train/positive/wl-tile-v1-10581-pos-es-pba-42578-mdt5.tif	ok		450.44412231	451.38073730	-0.93661499	11.29900455	13.68394089	0.82571276	2.24365735	1.75258601	1.28019814	1.87496853	-0.30356911	2.17853764	0.33013326	0.31924585	1.03410354	0.52777778	0.71270560
wl-tile-v1-10664	wl-pos-pos-es-pba-27967	pos-es-pba-27967	1	positive	train	ES	A Croa	Castroverde	Serés (San Pedro)	croa_top_ring_hint		120.0	data/external/weak-label-relief-v1/train/positive/wl-tile-v1-10664-pos-es-pba-27967-mdt5.tif	ok		637.79797363	634.64111328	3.15686035	7.16687393	6.20001984	1.15594371	0.94602418	0.74125129	1.27625300	0.56751722	0.19161831	0.37589891	0.39422113	0.33741051	1.16837240	0.47222222	0.63091689
wl-tile-v1-10755	wl-pos-pos-es-pba-31342	pos-es-pba-31342	1	positive	train	ES	A Croa	Láncara	Carracedo (San Vicente)	croa_top_ring_hint		120.0	data/external/weak-label-relief-v1/train/positive/wl-tile-v1-10755-pos-es-pba-31342-mdt5.tif	ok		451.78509521	433.20837402	18.57672119	14.18891048	9.90041924	1.43316259	1.62210560	1.30218840	1.24567659	2.73643541	-0.22412577	2.96056119	0.38685077	0.28713965	1.34725653	0.41666667	0.64179176
wl-tile-v1-10756	wl-pos-pos-es-pba-31370	pos-es-pba-31370	1	positive	train	ES	A Croa	Láncara	Láncara (San Pedro)	croa_top_ring_hint		120.0	data/external/weak-label-relief-v1/train/positive/wl-tile-v1-10756-pos-es-pba-31370-mdt5.tif	ok		424.20343018	417.22637939	6.97705078	5.13290071	2.99893928	1.71157207	0.69982135	0.52957100	1.32148731	0.64517337	-0.05596651	0.70113988	0.33804578	0.27942374	1.20979617	0.55555556	0.69892337
wl-tile-v1-11347	wl-pos-pos-es-pba-60421	pos-es-pba-60421	1	positive	train	ES	A Croa	Vilariño de Conso	Sabuguido (Santa María)	croa_top_ring_hint		120.0	data/external/weak-label-relief-v1/train/positive/wl-tile-v1-11347-pos-es-pba-60421-mdt5.tif	ok		944.89971924	901.45513916	43.44458008	26.60350800	25.41731834	1.04666856	2.38468957	2.48310685	0.96036526	3.82947803	0.22717786	3.60230017	0.24211466	0.27010292	0.89637929	0.33333333	0.58482692
wl-tile-v1-10380	wl-pos-pos-es-pba-20110	pos-es-pba-20110	1	positive	train	ES	A Croa das Paradelas	Santiago de Compostela	Nemenzo (Santa Cristina)	croa_top_ring_hint		120.0	data/external/weak-label-relief-v1/train/positive/wl-tile-v1-10380-pos-es-pba-20110-mdt5.tif	ok		278.03671265	260.43630981	17.60040283	9.77228260	8.82562065	1.10726293	0.75583726	1.25809705	0.60077818	1.91354227	-0.17526615	2.08880842	0.20766455	0.27639723	0.75132645	0.11111111	0.60881370
wl-tile-v1-11578	wl-pos-pos-es-pba-76906	pos-es-pba-76906	1	positive	train	ES	A Croa de Barxiela	Ponteareas	Ribadetea (San Xurxo)	croa_top_ring_hint		120.0	data/external/weak-label-relief-v1/train/positive/wl-tile-v1-11578-pos-es-pba-76906-mdt5.tif	ok		36.07782745	29.68511963	6.39270782	9.44923878	6.92895794	1.36373158	1.21852553	1.33795547	0.91073698	0.44596609	-0.43456367	0.88052976	0.47872379	0.37430444	1.27896904	0.27777778	0.58282707
wl-tile-v1-11043	wl-pos-pos-es-pba-41086	pos-es-pba-41086	1	positive	train	ES	A Croa de Castrillos	Taboada	San Xián de Önsua (San Xián)	croa_top_ring_hint		120.0	data/external/weak-label-relief-v1/train/positive/wl-tile-v1-11043-pos-es-pba-41086-mdt5.tif	ok		402.26889038	397.99731445	4.27157593	13.55966568	15.79560661	0.85844539	1.78896582	2.14714289	0.83318434	1.26264584	-0.18166097	1.44430681	0.28855559	0.36452568	0.79159195	0.27777778	0.53868745
wl-tile-v1-11673	wl-pos-pos-es-pba-74606	pos-es-pba-74606	1	positive	train	ES	A Croa de Castromouzo	Vila de Cruces	Gres (Santiago)	croa_top_ring_hint		120.0	data/external/weak-label-relief-v1/train/positive/wl-tile-v1-11673-pos-es-pba-74606-mdt5.tif	ok		280.49496460	241.18572998	39.30923462	18.27389145	18.64881897	0.97989537	1.52701235	1.53602445	0.99413284	3.13151646	0.63982111	2.49169534	0.29038703	0.30581912	0.94953851	0.36111111	0.51696324
wl-tile-v1-10665	wl-pos-pos-es-pba-27968	pos-es-pba-27968	1	positive	train	ES	A Croa de Mouriz	Castroverde	Barredo (San Xoán)	croa_top_ring_hint		120.0	data/external/weak-label-relief-v1/train/positive/wl-tile-v1-10665-pos-es-pba-27968-mdt5.tif	ok		623.80633545	617.76977539	6.03656006	5.99127531	5.47220373	1.09485604	0.96315432	0.67050976	1.43645086	0.89903975	-0.00902987	0.90806962	0.35121939	0.38356847	0.91566283	0.63888889	0.64770213
wl-tile-v1-11063	wl-pos-pos-es-pba-43239	pos-es-pba-43239	1	positive	train	ES	A Croa de Muruxás	Vilalba	Lanzós (San Martiño)	croa_top_ring_hint		120.0	data/external/weak-label-relief-v1/train/positive/wl-tile-v1-11063-pos-es-pba-43239-mdt5.tif	ok		480.96658325	473.70333862	7.26324463	5.58085537	6.19939566	0.90022571	0.60870171	0.82176846	0.74072167	0.59944355	-0.17499739	0.77444094	0.44054094	0.42527413	1.03589874	0.22222222	0.68660083
wl-tile-v1-10886	wl-pos-pos-es-pba-37125	pos-es-pba-37125	1	positive	train	ES	A Croa de San Martiño/Croa do Castro	O Páramo	A Torre (San Martiño)	coastal_promontory_hint		120.0	data/external/weak-label-relief-v1/train/positive/wl-tile-v1-10886-pos-es-pba-37125-mdt5.tif	ok		438.81793213	430.62649536	8.19143677	5.55489826	3.89134407	1.42750118	0.66466874	0.49708489	1.33713327	1.03960335	-0.11905029	1.15865365	0.31480423	0.28284669	1.11298537	0.55555556	0.68200260
wl-tile-v1-10666	wl-pos-pos-es-pba-27969	pos-es-pba-27969	1	positive	train	ES	A Croa de Souto de Torres	Castroverde	Souto de Torres (San Tomé)	croa_top_ring_hint		120.0	data/external/weak-label-relief-v1/train/positive/wl-tile-v1-10666-pos-es-pba-27969-mdt5.tif	ok		555.94940186	531.46728516	24.48211670	11.25869846	10.34377575	1.08845152	1.34704220	1.35701942	0.99264769	2.83179355	-0.03625758	2.86805113	0.36639869	0.32822296	1.11631036	0.25000000	0.60924059
wl-tile-v1-10667	wl-pos-pos-es-pba-27970	pos-es-pba-27970	1	positive	train	ES	A Croa de Souto de Torres	Castroverde	Souto de Torres (San Tomé)	croa_top_ring_hint		120.0	data/external/weak-label-relief-v1/train/positive/wl-tile-v1-10667-pos-es-pba-27970-mdt5.tif	ok		555.41619873	531.57727051	23.83892822	11.46550751	10.05609131	1.14015547	1.43657959	1.40169680	1.02488611	2.69233727	-0.07471423	2.76705150	0.37791696	0.32723856	1.15486684	0.33333333	0.62071450
wl-tile-v1-10668	wl-pos-pos-es-pba-27971	pos-es-pba-27971	1	positive	train	ES	A Croa de Soutomerille	Castroverde	Soutomerille (San Salvador)	croa_top_ring_hint		120.0	data/external/weak-label-relief-v1/train/positive/wl-tile-v1-10668-pos-es-pba-27971-mdt5.tif	ok		552.63439941	522.01708984	30.61730957	13.38507748	14.79632378	0.90462183	1.75190854	1.80020261	0.97317298	2.94761801	0.09169925	2.85591876	0.26904672	0.28841707	0.93283911	0.30555556	0.68582958
wl-tile-v1-10844	wl-pos-pos-es-pba-29622	pos-es-pba-29622	1	positive	train	ES	A Croa de Vilanova	O Corgo	O Alto (Santalla)	croa_top_ring_hint		120.0	data/external/weak-label-relief-v1/train/positive/wl-tile-v1-10844-pos-es-pba-29622-mdt5.tif	ok		456.84536743	430.74114990	26.10421753	10.43053722	8.73297596	1.19438520	0.80982077	1.16124320	0.69737396	2.32696962	-0.57408690	2.90105653	0.22424513	0.29571378	0.75831816	0.13888889	0.65262364
wl-tile-v1-10669	wl-pos-pos-es-pba-27972	pos-es-pba-27972	1	positive	train	ES	A Croa de Xivil	Castroverde	Bolaño (Santa Baia)	croa_top_ring_hint		120.0	data/external/weak-label-relief-v1/train/positive/wl-tile-v1-10669-pos-es-pba-27972-mdt5.tif	ok		652.98712158	611.69097900	41.29614258	17.80157661	22.38516426	0.79523994	2.24867845	1.40665495	1.59859988	2.00562382	0.69569463	1.30992919	0.26050776	0.25935349	1.00445058	0.63888889	0.67927596
wl-tile-v1-11044	wl-pos-pos-es-pba-41087	pos-es-pba-41087	1	positive	train	ES	A Croa de Xián/Castro de Xián	Taboada	Xián (Santa María)	croa_top_ring_hint		120.0	data/external/weak-label-relief-v1/train/positive/wl-tile-v1-11044-pos-es-pba-41087-mdt5.tif	ok		579.44769287	567.21783447	12.22985840	8.99033737	9.48922920	0.94742546	0.75680137	0.90983659	0.83179922	1.78351414	-0.37428272	2.15779686	0.34271255	0.34477139	0.99402841	0.38888889	0.65141413
wl-tile-v1-09890	wl-pos-pos-es-pba-17047	pos-es-pba-17047	1	positive	train	ES	A Croa do Castro/A Croa de Posmarcos	A Pobra do Caramiñal	Posmarcos (Santo Isidro)	coastal_promontory_hint		120.0	data/external/weak-label-relief-v1/train/positive/wl-tile-v1-09890-pos-es-pba-17047-mdt5.tif	ok		81.90114594	68.49235535	13.40879059	10.59751129	9.65393162	1.09774046	2.10365057	1.49666989	1.40555415	3.60515332	-0.39593506	4.00108838	0.34793261	0.26631048	1.30649234	0.50000000	0.56330708
wl-tile-v1-10670	wl-pos-pos-es-pba-27973	pos-es-pba-27973	1	positive	train	ES	A Croa dos Mouros	Castroverde	Montecubeiro (San Cibrao)	croa_top_ring_hint		120.0	data/external/weak-label-relief-v1/train/positive/wl-tile-v1-10670-pos-es-pba-27973-mdt5.tif	ok		693.59826660	665.68988037	27.90838623	17.59917831	13.93444920	1.26299777	1.77997124	2.46095681	0.72328423	2.05024338	-1.51303327	3.56327665	0.28419480	0.33495474	0.84845731	0.22222222	0.54995655
wl-tile-v1-11100	wl-pos-pos-es-pba-43437	pos-es-pba-43437	1	positive	train	ES	A Croa/Castro da Forca	Viveiro	Landrove (San Xiao)	croa_top_ring_hint		120.0	data/external/weak-label-relief-v1/train/positive/wl-tile-v1-11100-pos-es-pba-43437-mdt5.tif	ok		180.29913330	129.75178528	50.54734802	21.41681290	21.24135971	1.00825998	1.70806170	1.81926215	0.93887607	4.02127600	0.73841649	3.28285950	0.18548046	0.22942007	0.80847532	0.30555556	0.71352761
wl-tile-v1-10455	wl-pos-pos-es-pba-25056	pos-es-pba-25056	1	positive	train	ES	A Croa/Castro de Bardaos	Tordoia	Bardaos (Santa María)	croa_top_ring_hint		120.0	data/external/weak-label-relief-v1/train/positive/wl-tile-v1-10455-pos-es-pba-25056-mdt5.tif	ok		357.08370972	332.70901489	24.37469482	14.05237770	9.69221783	1.44986194	1.61215544	1.73216987	0.93071440	2.23294711	-1.10662246	3.33956957	0.25599048	0.33999619	0.75292160	0.36111111	0.56549347
wl-tile-v1-10757	wl-pos-pos-es-pba-31371	pos-es-pba-31371	1	positive	train	ES	A Croa/O Castro	Láncara	Ronfe (San Pedro)	croa_top_ring_hint		120.0	data/external/weak-label-relief-v1/train/positive/wl-tile-v1-10757-pos-es-pba-31371-mdt5.tif	ok		422.37426758	409.36907959	13.00518799	10.28724957	8.98608780	1.14479736	0.88967097	1.26699352	0.70219062	1.68320131	-0.01628686	1.69948817	0.32954192	0.28889683	1.14069068	0.19444444	0.59655704
wl-tile-v1-10475	wl-pos-pos-es-pba-24587	pos-es-pba-24587	1	positive	train	ES	A Croela do Castro	Trazo	Castelo (Santa María)	generic_castro_hint		120.0	data/external/weak-label-relief-v1/train/positive/wl-tile-v1-10475-pos-es-pba-24587-mdt5.tif	ok		305.67987061	298.57760620	7.10226440	3.86991739	3.40280485	1.13727280	0.35650674	0.37791720	0.94334615	0.63850361	0.08412002	0.55438359	0.35269505	0.31661350	1.11396088	0.13888889	0.65201689
wl-tile-v1-10456	wl-pos-pos-es-pba-25083	pos-es-pba-25083	1	positive	train	ES	A Medorra de Castro	Tordoia	Gorgullos (Santaia)	generic_castro_hint		120.0	data/external/weak-label-relief-v1/train/positive/wl-tile-v1-10456-pos-es-pba-25083-mdt5.tif	ok		385.06021118	375.68572998	9.37448120	5.03953218	6.10912275	0.82491912	0.57964700	0.64870220	0.89354869	0.68172395	0.10456116	0.57716279	0.36010966	0.32093495	1.12206432	0.22222222	0.62874575
wl-tile-v1-10244	wl-pos-pos-es-pba-15436	pos-es-pba-15436	1	positive	train	ES	A Medorra do Gavián/Castro da Medorra do Gavión	Ordes	Parada (Santa Mariña)	generic_castro_hint		120.0	data/external/weak-label-relief-v1/train/positive/wl-tile-v1-10244-pos-es-pba-15436-mdt5.tif	ok		285.54772949	282.81845093	2.72927856	4.05602837	3.55335450	1.14146460	0.52689034	0.47918075	1.09956490	0.34489092	-0.01826414	0.36315507	0.34715143	0.37312132	0.93039826	0.33333333	0.66898763
wl-tile-v1-10245	wl-pos-pos-es-pba-15438	pos-es-pba-15438	1	positive	train	ES	A Medorra/A Medorra de Castro	Ordes	Leira (Santa María)	generic_castro_hint		120.0	data/external/weak-label-relief-v1/train/positive/wl-tile-v1-10245-pos-es-pba-15438-mdt5.tif	ok		405.54626465	400.45446777	5.09179688	5.35285759	5.19629335	1.03012998	0.53374606	0.81668353	0.65355311	0.49452126	0.10301088	0.39151038	0.26201543	0.30612203	0.85591824	0.08333333	0.65471645
wl-tile-v1-10246	wl-pos-pos-es-pba-15467	pos-es-pba-15467	1	positive	train	ES	A Medorra/Castro de Parada	Ordes	Parada (Santa Mariña)	generic_castro_hint		120.0	data/external/weak-label-relief-v1/train/positive/wl-tile-v1-10246-pos-es-pba-15467-mdt5.tif	ok		295.97650146	287.38861084	8.58789062	6.66695166	6.56504345	1.01552285	0.62140369	0.83722055	0.74222222	0.73729479	-0.06422606	0.80152085	0.40656710	0.45524561	0.89307197	0.25000000	0.59059466
wl-tile-v1-10437	wl-pos-pos-es-pba-24889	pos-es-pba-24889	1	positive	train	ES	A Orela de Castro de Ares	Toques	A Capela (Santa María)	generic_castro_hint		120.0	data/external/weak-label-relief-v1/train/positive/wl-tile-v1-10437-pos-es-pba-24889-mdt5.tif	ok		689.03295898	692.94036865	-3.90740967	6.22396564	6.59952545	0.94309291	0.61856014	0.78262550	0.79036543	-0.02182549	-0.06215715	0.04033166	0.34459740	0.37988499	0.90710981	0.22222222	0.64165993
wl-tile-v1-11320	wl-pos-pos-es-pba-56508	pos-es-pba-56508	1	positive	train	ES	A Pena dos Castros	San Xoán de Río	San Xoán de Río (San Xoán)	hilltop_hint		120.0	data/external/weak-label-relief-v1/train/positive/wl-tile-v1-11320-pos-es-pba-56508-mdt5.tif	ok		869.76220703	848.66894531	21.09326172	15.24777126	14.43786144	1.05609625	0.90791452	1.09412444	0.82980920	2.25952697	0.01032853	2.24919843	0.35149360	0.33271769	1.05643196	0.11111111	0.54891246
wl-tile-v1-09928	wl-pos-pos-es-pba-1956	pos-es-pba-1956	1	positive	train	ES	A Roda do Castro	Ares	Caamouco (San Vicente)	earthwork_or_wall_hint		120.0	data/external/weak-label-relief-v1/train/positive/wl-tile-v1-09928-pos-es-pba-1956-mdt5.tif	ok		114.04734802	100.48235321	13.56499481	8.52431870	5.27139282	1.61709039	1.31372237	0.51708347	2.54063891	1.41717505	0.02518681	1.39198825	0.36919609	0.22782162	1.62054896	0.77777778	0.55146574
wl-tile-v1-10220	wl-pos-pos-es-pba-16572	pos-es-pba-16572	1	positive	train	ES	A Roda do Castro	O Pino	Gonzar (Santa María)	generic_castro_hint		120.0	data/external/weak-label-relief-v1/train/positive/wl-tile-v1-10220-pos-es-pba-16572-mdt5.tif	ok		340.28695679	317.04147339	23.24548340	10.01887894	11.52461338	0.86934621	0.93677777	1.12654018	0.83155291	1.81303716	-0.29980129	2.11283845	0.23506771	0.34936473	0.67284328	0.30555556	0.53854323
wl-tile-v1-10221	wl-pos-pos-es-pba-16573	pos-es-pba-16573	1	positive	train	ES	A Roda do Castro	O Pino	Pereira (San Miguel)	generic_castro_hint		120.0	data/external/weak-label-relief-v1/train/positive/wl-tile-v1-10221-pos-es-pba-16573-mdt5.tif	ok		306.13510132	302.65878296	3.47631836	7.65668058	5.98984289	1.27827736	0.66952485	0.55657732	1.20293231	0.58975899	0.17340022	0.41635877	0.34063986	0.31737980	1.07328777	0.38888889	0.66085758
wl-tile-v1-10537	wl-pos-pos-es-pba-38989	pos-es-pba-38989	1	positive	train	ES	A Roda do Castro	A Pobra do Brollón	Salcedo (San Xoán)	generic_castro_hint		120.0	data/external/weak-label-relief-v1/train/positive/wl-tile-v1-10537-pos-es-pba-38989-mdt5.tif	ok		604.69769287	577.25738525	27.44030762	13.48616314	15.10230350	0.89298716	1.30330002	1.41613579	0.92032137	1.99735188	0.43114507	1.56620681	0.20618446	0.21954694	0.93913610	0.33333333	0.52073734
wl-tile-v1-10860	wl-pos-pos-es-pba-32106	pos-es-pba-32106	1	positive	train	ES	A Roda do Castro	O Incio	A Cervela (San Cristovo)	generic_castro_hint		120.0	data/external/weak-label-relief-v1/train/positive/wl-tile-v1-10860-pos-es-pba-32106-mdt5.tif	ok		599.30926514	592.29199219	7.01727295	12.79418087	12.09665298	1.05766288	3.58014083	1.99494433	1.79460688	2.51336074	-0.28243610	2.79579684	0.36091086	0.32769331	1.10136780	0.88888889	0.75466794
wl-tile-v1-10222	wl-pos-pos-es-pba-16574	pos-es-pba-16574	1	positive	train	ES	A Roda do Castro de Astrar	O Pino	Arca (Santaia)	generic_castro_hint		120.0	data/external/weak-label-relief-v1/train/positive/wl-tile-v1-10222-pos-es-pba-16574-mdt5.tif	ok		396.11190796	387.82968140	8.28222656	8.26780033	8.84159565	0.93510274	0.69467652	1.00443125	0.69161182	0.80775434	-0.41808066	1.22583500	0.36808997	0.38483140	0.95649673	0.22222222	0.65410468
wl-tile-v1-10420	wl-pos-pos-es-pba-24204	pos-es-pba-24204	1	positive	train	ES	A Roda do Castro/Castro de Rairiz	Santiso	Santaia de Rairiz (Santaia)	generic_castro_hint		120.0	data/external/weak-label-relief-v1/train/positive/wl-tile-v1-10420-pos-es-pba-24204-mdt5.tif	ok		401.34097290	393.22473145	8.11624146	5.30895901	6.22962666	0.85221142	0.68360198	0.75115407	0.91006893	0.96908563	0.32636595	0.64271969	0.28881782	0.31385371	0.92023071	0.33333333	0.62740439
wl-tile-v1-10385	wl-pos-pos-es-pba-20170	pos-es-pba-20170	1	positive	train	ES	A Roda dos Mouros/Castro de Enfesta/Casto de Vilasuso	Santiago de Compostela	A Enfesta (San Cristovo)	generic_castro_hint		120.0	data/external/weak-label-relief-v1/train/positive/wl-tile-v1-10385-pos-es-pba-20170-mdt5.tif	ok		275.73422241	253.66735840	22.06686401	11.25196648	8.22904587	1.36734764	1.08500028	1.20527995	0.90020603	1.82777727	-0.70535105	2.53312832	0.29006815	0.30842355	0.94048639	0.27777778	0.64851372
wl-tile-v1-10223	wl-pos-pos-es-pba-16575	pos-es-pba-16575	1	positive	train	ES	A Roda/Agra do Castro	O Pino	Ferreiros (San Breixo)	generic_castro_hint		120.0	data/external/weak-label-relief-v1/train/positive/wl-tile-v1-10223-pos-es-pba-16575-mdt5.tif	ok		395.12911987	386.06900024	9.06011963	5.79704857	5.77344561	1.00408819	0.65581703	0.49573088	1.32292956	1.09421313	-0.11506757	1.20928070	0.31850696	0.27796245	1.14586326	0.36111111	0.57991876
wl-tile-v1-10282	wl-pos-pos-es-pba-17487	pos-es-pba-17487	1	positive	train	ES	A Torre do Castelo/O Castro	Outes	Outes (San Pedro)	generic_castro_hint		120.0	data/external/weak-label-relief-v1/train/positive/wl-tile-v1-10282-pos-es-pba-17487-mdt5.tif	ok		311.92694092	271.36541748	40.56152344	21.70051384	17.37990189	1.24859818	2.22600484	1.24942386	1.78162504	3.56529808	0.26489612	3.30040196	0.33093759	0.26126549	1.26667169	0.58333333	0.56930506
wl-tile-v1-11322	wl-pos-pos-es-pba-58393	pos-es-pba-58393	1	positive	train	ES	A Torre do Castro	Sandiás	Sandiás (Santo Estevo)	generic_castro_hint		120.0	data/external/weak-label-relief-v1/train/positive/wl-tile-v1-11322-pos-es-pba-58393-mdt5.tif	ok		663.69329834	634.08880615	29.60449219	14.11226368	7.97273970	1.77006452	1.32143831	0.94640529	1.39627105	2.83840609	-0.27792832	3.11633441	0.33297348	0.25779003	1.29164608	0.52777778	0.64564220
wl-tile-v1-10247	wl-pos-pos-es-pba-15472	pos-es-pba-15472	1	positive	train	ES	A Torre/Castro da Torre	Ordes	Ardemil (San Pedro)	generic_castro_hint		120.0	data/external/weak-label-relief-v1/train/positive/wl-tile-v1-10247-pos-es-pba-15472-mdt5.tif	ok		370.58737183	347.24047852	23.34689331	21.22350311	16.69116211	1.27154137	2.37171507	2.50285053	0.94760556	3.58256650	-1.25845885	4.84102535	0.24860337	0.32226235	0.77143165	0.38888889	0.64263708
wl-tile-v1-10248	wl-pos-pos-es-pba-15473	pos-es-pba-15473	1	positive	train	ES	A Torre/Castro da Torre	Ordes	Buscás (San Paio)	generic_castro_hint		120.0	data/external/weak-label-relief-v1/train/positive/wl-tile-v1-10248-pos-es-pba-15473-mdt5.tif	ok		299.49191284	307.31192017	-7.82000732	10.07044601	6.40043592	1.57340002	1.41961348	1.06932759	1.32757584	-0.20536676	0.14423695	-0.34960371	0.26227486	0.27029052	0.97034427	0.50000000	0.61059303
wl-tile-v1-10249	wl-pos-pos-es-pba-15474	pos-es-pba-15474	1	positive	train	ES	A Torre/O Castro/A Torre de Moscoso	Ordes	Ardemil (San Pedro)	generic_castro_hint		120.0	data/external/weak-label-relief-v1/train/positive/wl-tile-v1-10249-pos-es-pba-15474-mdt5.tif	ok		398.53744507	389.21456909	9.32287598	5.93208599	7.21113634	0.82262846	0.71945310	0.80849332	0.88986895	0.67413855	-0.13416682	0.80830537	0.27663448	0.32988355	0.83858225	0.30555556	0.72019872
wl-tile-v1-10271	wl-pos-pos-es-pba-15636	pos-es-pba-15636	1	positive	train	ES	A Volta dos Castros	Ortigueira	Mera de Abaixo (Santiago)	generic_castro_hint		120.0	data/external/weak-label-relief-v1/train/positive/wl-tile-v1-10271-pos-es-pba-15636-mdt5.tif	ok		33.04727936	16.52432632	16.52295303	15.64879799	6.17821741	2.53289856	2.27406836	0.79559678	2.85831770	1.86329579	-0.31104305	2.17433885	0.34504652	0.18697858	1.84537995	0.91666667	0.66099036
wl-tile-v1-09884	wl-pos-pos-es-pba-11387	pos-es-pba-11387	1	positive	train	ES	Agra do Castro/Castro de Lestón/Os Castros	A Laracha	Lestón (San Martiño)	generic_castro_hint		120.0	data/external/weak-label-relief-v1/train/positive/wl-tile-v1-09884-pos-es-pba-11387-mdt5.tif	ok		196.70631409	191.99613953	4.71017456	5.47215986	5.53526831	0.98859885	0.93064010	0.60285139	1.54373054	1.07881927	0.01556858	1.06325070	0.36272395	0.35671714	1.01683913	0.55555556	0.62296988
wl-tile-v1-10845	wl-pos-pos-es-pba-29651	pos-es-pba-29651	1	positive	train	ES	Agra dos Castros	O Corgo	Arxemil (San Pedro)	generic_castro_hint		120.0	data/external/weak-label-relief-v1/train/positive/wl-tile-v1-10845-pos-es-pba-29651-mdt5.tif	ok		446.05923462	439.76803589	6.29119873	4.45779085	3.77904582	1.17960752	0.57698405	0.45337048	1.27265464	0.63812906	-0.01387422	0.65200327	0.48357177	0.50346637	0.96048475	0.50000000	0.68375446
wl-tile-v1-11621	wl-pos-pos-es-pba-69983	pos-es-pba-69983	1	positive	train	ES	Agra dos Castros	Silleda	O Castro (San Mamede)	generic_castro_hint		120.0	data/external/weak-label-relief-v1/train/positive/wl-tile-v1-11621-pos-es-pba-69983-mdt5.tif	ok		487.86227417	483.70617676	4.15609741	6.48176575	7.71589231	0.84005394	0.51003975	0.76851356	0.66367046	0.14468887	0.21105590	-0.06636703	0.25449035	0.24100751	1.05594365	0.13888889	0.63002376
wl-tile-v1-11499	wl-pos-pos-es-pba-65686	pos-es-pba-65686	1	positive	train	ES	Agro do Castro	Lalín	Santiso (San Román)	generic_castro_hint		120.0	data/external/weak-label-relief-v1/train/positive/wl-tile-v1-11499-pos-es-pba-65686-mdt5.tif	ok		537.71777344	533.34454346	4.37322998	3.34833264	3.78099298	0.88556965	0.33175355	0.35387081	0.93749906	0.32830521	0.11147449	0.21683072	0.45606738	0.44361588	1.02806820	0.11111111	0.79597084
wl-tile-v1-11665	wl-pos-pos-es-pba-73150	pos-es-pba-73150	1	positive	train	ES	Agro do Castro	Valga	Cordeiro (Santa Comba)	generic_castro_hint		120.0	data/external/weak-label-relief-v1/train/positive/wl-tile-v1-11665-pos-es-pba-73150-mdt5.tif	ok		5.29368591	6.92369366	-1.63000774	2.65479493	2.97904325	0.89115690	0.44595483	0.54649132	0.81603277	-0.07092745	0.04528886	-0.11621631	0.31391022	0.32017130	0.98044459	0.33333333	0.66175890
wl-tile-v1-10152	wl-pos-pos-es-pba-12345	pos-es-pba-12345	1	positive	train	ES	Agro do Castro/Castro de Castrarón	Mazaricos	Os Vaos (San Tomé)	generic_castro_hint		120.0	data/external/weak-label-relief-v1/train/positive/wl-tile-v1-10152-pos-es-pba-12345-mdt5.tif	ok		287.02600098	286.00000000	1.02600098	0.00000000	0.00000000	0.00000000	0.00241118	0.02081456	0.11584082	0.11031465	-0.02081456	0.13112921	0.00000006	0.00068824	0.00008660	0.47222222	0.32669007
wl-tile-v1-10861	wl-pos-pos-es-pba-32107	pos-es-pba-32107	1	positive	train	ES	Agro do Castro/Pena do Castro	O Incio	Eirexalba (Santo Estevo)	hilltop_hint		120.0	data/external/weak-label-relief-v1/train/positive/wl-tile-v1-10861-pos-es-pba-32107-mdt5.tif	ok		573.25720215	559.77508545	13.48211670	8.52074718	8.53178406	0.99870638	0.94724345	0.88237876	1.07351117	1.66933060	-0.13810383	1.80743442	0.31510532	0.30568764	1.03080819	0.44444444	0.63484038
wl-tile-v1-11334	wl-pos-pos-es-pba-58982	pos-es-pba-58982	1	positive	train	ES	Aira da Castro	Vilamartín de Valdeorras	Córgomo (Santa Comba)	generic_castro_hint		120.0	data/external/weak-label-relief-v1/train/positive/wl-tile-v1-11334-pos-es-pba-58982-mdt5.tif	ok		428.45669556	430.60986328	-2.15316772	12.31065083	8.25130177	1.49196468	3.11421919	1.96982396	1.58096320	0.23044652	-0.20826119	0.43870771	0.42553771	0.30043003	1.41642866	0.69444444	0.63080971
wl-tile-v1-10393	wl-pos-pos-es-pba-20197	pos-es-pba-20197	1	positive	train	ES	Alto da Croa/Alto do Castro	Santiago de Compostela	A Peregrina (Santa María)	croa_top_ring_hint		120.0	data/external/weak-label-relief-v1/train/positive/wl-tile-v1-10393-pos-es-pba-20197-mdt5.tif	ok		340.90600586	313.98129272	26.92471313	13.18455219	6.54213238	2.01532947	1.07130361	0.78552359	1.36380831	2.61891437	-0.57865071	3.19756508	0.30185965	0.28948399	1.04275073	0.55555556	0.65550069
wl-tile-v1-11298	wl-pos-pos-es-pba-56643	pos-es-pba-56643	1	positive	train	ES	As Cabarquellas. Os Mouros. O Castro. As Murallas	Riós	Progo (San Miguel)	earthwork_or_wall_hint		120.0	data/external/weak-label-relief-v1/train/positive/wl-tile-v1-11298-pos-es-pba-56643-mdt5.tif	ok		751.90112305	713.28350830	38.61761475	27.78946877	22.99342728	1.20858315	2.65709734	3.35428786	0.79214947	4.42156649	-0.84655493	5.26812142	0.30861250	0.34240514	0.90130801	0.25000000	0.58687831
wl-tile-v1-10311	wl-pos-pos-es-pba-27475	pos-es-pba-27475	1	positive	train	ES	As Casiñas de Coterras/Castro de Muruxeses	Oza-Cesuras	Rodeiro (Santa María)	generic_castro_hint		120.0	data/external/weak-label-relief-v1/train/positive/wl-tile-v1-10311-pos-es-pba-27475-mdt5.tif	ok		506.16333008	504.25234985	1.91098022	2.35541701	2.78249836	0.84651155	0.31990570	0.32015258	0.99922886	0.12074389	0.07799488	0.04274902	0.32831651	0.43862730	0.74850906	0.22222222	0.78905979
wl-tile-v1-10436	wl-pos-pos-es-pba-24300	pos-es-pba-24300	1	positive	train	ES	As Castronelas	Sobrado	Carelle (San Lourenzo)	generic_castro_hint		120.0	data/external/weak-label-relief-v1/train/positive/wl-tile-v1-10436-pos-es-pba-24300-mdt5.tif	ok		555.31805420	544.73297119	10.58508301	7.27599192	5.88406038	1.23655970	0.60623980	0.64677775	0.93732321	0.83237535	0.03701578	0.79535957	0.44023502	0.46158963	0.95373680	0.19444444	0.58384938
wl-tile-v1-10250	wl-pos-pos-es-pba-15505	pos-es-pba-15505	1	positive	train	ES	As Cenicas/Castro de Vilasuso	Ordes	Beán (Santa María)	generic_castro_hint		120.0	data/external/weak-label-relief-v1/train/positive/wl-tile-v1-10250-pos-es-pba-15505-mdt5.tif	ok		342.47723389	337.34094238	5.13629150	3.59300900	3.38346624	1.06193139	0.36138460	0.35749239	1.01088754	0.39150095	0.09434614	0.29715481	0.52958095	0.50885546	1.04072962	0.19444444	0.71016587
wl-tile-v1-10539	wl-pos-pos-es-pba-38688	pos-es-pba-38688	1	positive	train	ES	As Coroas/Fincas dos Castros e das Coroas/Castros de Xudán	A Pontenova	Xudán (Santa María Madanela)	croa_top_ring_hint		120.0	data/external/weak-label-relief-v1/train/positive/wl-tile-v1-10539-pos-es-pba-38688-mdt5.tif	ok		236.99713135	229.38249207	7.61463928	25.98504448	24.14221001	1.07633247	5.09918261	3.28407049	1.55270193	3.07771158	-0.05561818	3.13332976	0.39298716	0.28199348	1.39360372	0.66666667	0.67630484
wl-tile-v1-10961	wl-pos-pos-es-pba-38902	pos-es-pba-38902	1	positive	train	ES	As Coroas/Os Castros/Monte das Croas/A Croa do Carballido	Pol	Valonga (Santa María)	croa_top_ring_hint		120.0	data/external/weak-label-relief-v1/train/positive/wl-tile-v1-10961-pos-es-pba-38902-mdt5.tif	ok		600.48999023	581.15521240	19.33477783	8.13568592	11.02411747	0.73798977	0.91174561	1.09399712	0.83340768	1.45960057	0.31581977	1.14378080	0.28753477	0.34748256	0.82747972	0.30555556	0.59212693
wl-tile-v1-10312	wl-pos-pos-es-pba-27476	pos-es-pba-27476	1	positive	train	ES	As Croas/Castro de Oza/Castro de Carraceda	Oza-Cesuras	Oza (San Pedro)	croa_top_ring_hint		120.0	data/external/weak-label-relief-v1/train/positive/wl-tile-v1-10312-pos-es-pba-27476-mdt5.tif	ok		174.67718506	151.25088501	23.42630005	11.65882969	12.13612556	0.96067148	1.11949325	1.24404371	0.89988257	1.74093354	0.00280051	1.73813303	0.23710530	0.26661870	0.88930482	0.47222222	0.63232385
wl-tile-v1-10577	wl-pos-pos-es-pba-42398	pos-es-pba-42398	1	positive	train	ES	As Croas/Os Castros	Baralla	Constantín (Santa María)	croa_top_ring_hint		120.0	data/external/weak-label-relief-v1/train/positive/wl-tile-v1-10577-pos-es-pba-42398-mdt5.tif	ok		628.76788330	594.73767090	34.03021240	15.24489975	14.65089798	1.04054371	1.61585367	1.00696933	1.60467019	2.43861413	0.10599355	2.33262058	0.28808767	0.27211708	1.05869013	0.72222222	0.70693861
wl-tile-v1-10578	wl-pos-pos-es-pba-42399	pos-es-pba-42399	1	positive	train	ES	As Croas/Os Castros	Baralla	Vale (San Xurxo)	croa_top_ring_hint		120.0	data/external/weak-label-relief-v1/train/positive/wl-tile-v1-10578-pos-es-pba-42399-mdt5.tif	ok		708.23638916	688.41186523	19.82452393	11.49316406	15.24751472	0.75377294	1.67178786	1.89585662	0.88181134	1.36103749	-0.90324706	2.26428455	0.26961520	0.31394944	0.85878544	0.25000000	0.65096985
wl-tile-v1-10579	wl-pos-pos-es-pba-42400	pos-es-pba-42400	1	positive	train	ES	As Croas/Os Castros	Baralla	Pacios (Santa María)	croa_top_ring_hint		120.0	data/external/weak-label-relief-v1/train/positive/wl-tile-v1-10579-pos-es-pba-42400-mdt5.tif	ok		792.52722168	771.01116943	21.51605225	10.38361073	9.66469669	1.07438558	0.83357018	0.58719093	1.41958969	1.56503510	0.30114806	1.26388705	0.31176305	0.26274261	1.18657210	0.47222222	0.63448431
wl-tile-v1-10580	wl-pos-pos-es-pba-42401	pos-es-pba-42401	1	positive	train	ES	As Croas/Os Castros	Baralla	Pedrafita de Camporredondo (San Xoán)	croa_top_ring_hint		120.0	data/external/weak-label-relief-v1/train/positive/wl-tile-v1-10580-pos-es-pba-42401-mdt5.tif	ok		725.84667969	689.57690430	36.26977539	15.88686848	15.09514141	1.05244913	1.34759653	1.93861520	0.69513358	3.01363516	-0.62765431	3.64128947	0.27846062	0.32758141	0.85005015	0.22222222	0.51711865
wl-tile-v1-10962	wl-pos-pos-es-pba-38903	pos-es-pba-38903	1	positive	train	ES	As Croas/Os Castros	Pol	Torneiros (San Lourenzo)	croa_top_ring_hint		120.0	data/external/weak-label-relief-v1/train/positive/wl-tile-v1-10962-pos-es-pba-38903-mdt5.tif	ok		513.25433350	505.23910522	8.01522827	3.90253139	4.65753555	0.83789621	0.40590084	0.44996381	0.90207441	0.51754421	0.32289934	0.19464487	0.47131029	0.42956528	1.09717966	0.16666667	0.72108383
wl-tile-v1-10457	wl-pos-pos-es-pba-25147	pos-es-pba-25147	1	positive	train	ES	As Medorras de Castro	Tordoia	Gorgullos (Santaia)	generic_castro_hint		120.0	data/external/weak-label-relief-v1/train/positive/wl-tile-v1-10457-pos-es-pba-25147-mdt5.tif	ok		383.99853516	370.87261963	13.12591553	6.22315645	7.43410540	0.83710899	0.66175884	0.74306369	0.89058159	1.02432728	0.18458641	0.83974087	0.25660437	0.30294758	0.84702566	0.25000000	0.66470191
wl-tile-v1-10070	wl-pos-pos-es-pba-5747	pos-es-pba-5747	1	positive	train	ES	As Picureas do Castro/As Quenllas	Coristanco	Oca (San Martiño)	generic_castro_hint		120.0	data/external/weak-label-relief-v1/train/positive/wl-tile-v1-10070-pos-es-pba-5747-mdt5.tif	ok		141.55587769	129.50849915	12.04737854	8.23552036	5.23649549	1.57271602	1.19323754	0.58290207	2.04706347	1.24045730	-0.12549408	1.36595137	0.37904587	0.22987618	1.64891326	0.55555556	0.51366926
wl-tile-v1-11308	wl-pos-pos-es-pba-56964	pos-es-pba-56964	1	positive	train	ES	As Portas	Rubiá	A Veiga de Cascallá (Santa Cruz)	generic_castro_hint		120.0	data/external/weak-label-relief-v1/train/positive/wl-tile-v1-11308-pos-es-pba-56964-mdt5.tif	ok		476.41998291	462.71148682	13.70849609	22.68091011	21.27989006	1.06583775	3.86679912	2.51673222	1.53643645	3.26006818	-0.45012277	3.71019095	0.40083590	0.28223443	1.42022326	0.58333333	0.61993206
wl-tile-v1-11560	wl-pos-pos-es-pba-78344	pos-es-pba-78344	1	positive	train	ES	Asentamento do Castro	O Porriño	Atios (Santa Eulalia)	generic_castro_hint		120.0	data/external/weak-label-relief-v1/train/positive/wl-tile-v1-11560-pos-es-pba-78344-mdt5.tif	ok		87.15418243	77.26009369	9.89408875	16.45087433	15.52206421	1.05983805	2.74480486	2.57718897	1.06503826	3.35665512	-0.20047693	3.55713205	0.42353106	0.29192263	1.45083325	0.38888889	0.67903852
wl-tile-v1-10484	wl-pos-pos-es-pba-24373	pos-es-pba-24373	1	positive	train	ES	Bico do Castro	Val do Dubra	Portomouro (San Cristovo)	generic_castro_hint		120.0	data/external/weak-label-relief-v1/train/positive/wl-tile-v1-10484-pos-es-pba-24373-mdt5.tif	ok		205.65638733	185.42726135	20.22912598	13.92801952	8.35407734	1.66721218	1.17692435	1.08627236	1.08345236	2.25314879	0.04714169	2.20600711	0.45348263	0.30556098	1.48409864	0.38888889	0.64369576
wl-tile-v1-11309	wl-pos-pos-es-pba-56965	pos-es-pba-56965	1	positive	train	ES	Cabeza do Castro	Rubiá	Rubiá (Santa Mariña)	generic_castro_hint		120.0	data/external/weak-label-relief-v1/train/positive/wl-tile-v1-11309-pos-es-pba-56965-mdt5.tif	ok		567.34948730	543.39843750	23.95104980	11.53154755	9.62179184	1.19848233	0.86525381	1.03979313	0.83214033	2.27882099	0.06681091	2.21201008	0.29699367	0.30291298	0.98045872	0.16666667	0.62204013
wl-tile-v1-10548	wl-pos-pos-es-pba-26686	pos-es-pba-26686	1	positive	train	ES	Calvario da Igrexa de San Salvador do Castro de Ouro	Alfoz do Castrodouro	O Castro de Ouro (San Salvador)	valley_or_river_edge_hint		120.0	data/external/weak-label-relief-v1/train/positive/wl-tile-v1-10548-pos-es-pba-26686-mdt5.tif	ok		93.96531677	75.75295258	18.21236420	9.89575577	6.80707359	1.45374596	1.49337518	0.88680691	1.68399138	2.29046559	0.14515358	2.14531201	0.43433592	0.30888587	1.40613721	0.88888889	0.75035209
wl-tile-v1-11228	wl-pos-pos-es-pba-48170	pos-es-pba-48170	1	positive	train	ES	Camiño da Costa/Camiño do Castro	Cenlle	Razamonde (Santa María)	coastal_promontory_hint		120.0	data/external/weak-label-relief-v1/train/positive/wl-tile-v1-11228-pos-es-pba-48170-mdt5.tif	ok		160.50143433	162.36561584	-1.86418152	19.03692627	20.91653824	0.91013752	2.90463328	4.32612133	0.67141743	-0.31335694	-0.08413918	-0.22921775	0.33348683	0.42810258	0.77898812	0.16666667	0.58885208
wl-tile-v1-10232	wl-pos-pos-es-pba-19426	pos-es-pba-19426	1	positive	train	ES	Camiño principal de acceso ao Castro	O Porto do Son	Baroña (San Pedro)	generic_castro_hint		120.0	data/external/weak-label-relief-v1/train/positive/wl-tile-v1-10232-pos-es-pba-19426-mdt5.tif	ok		10.09537601	13.85053062	-3.75515461	8.29680061	7.55919266	1.09757761	1.81784868	1.57724261	1.15254855	-0.43351293	0.14894658	-0.58245951	0.25719345	0.22871648	1.12450773	0.52777778	0.57840741
wl-tile-v1-09970	wl-pos-pos-es-pba-4275	pos-es-pba-4275	1	positive	train	ES	Campo da Romaría de San Fins de Castro	Cabana de Bergantiños	Cesullas (Santo Estevo)	coastal_promontory_hint		120.0	data/external/weak-label-relief-v1/train/positive/wl-tile-v1-09970-pos-es-pba-4275-mdt5.tif	ok		117.99283600	124.06861115	-6.07577515	13.18811607	13.30207157	0.99143325	0.49317566	0.65043849	0.75822029	-0.52575558	-0.02223500	-0.50352059	0.36046386	0.36350527	0.99163309	0.16666667	0.70479453
wl-tile-v1-10033	wl-pos-pos-es-pba-6059	pos-es-pba-6059	1	positive	train	ES	Campo do Castro	Cedeira	Cedeira (Santa María do Mar)	generic_castro_hint		120.0	data/external/weak-label-relief-v1/train/positive/wl-tile-v1-10033-pos-es-pba-6059-mdt5.tif	ok		36.55157471	9.29711437	27.25446033	21.89314842	6.37741566	3.43291854	5.62825823	2.57065535	2.18942545	3.03306174	-0.73740220	3.77046394	0.56013459	0.16976656	3.29944006	0.88888889	0.66940120
wl-tile-v1-11459	wl-pos-pos-es-pba-63992	pos-es-pba-63992	1	positive	train	ES	Capela da Nosa Señora dos Remedios do Castro	Forcarei	San Miguel de Presqueiras (San Miguel)	generic_castro_hint		120.0	data/external/weak-label-relief-v1/train/positive/wl-tile-v1-11459-pos-es-pba-63992-mdt5.tif	ok		521.17932129	514.07464600	7.10467529	20.82077026	22.35247421	0.93147497	4.93811083	3.21492243	1.53599688	2.14159036	-1.68011904	3.82170939	0.43214527	0.30137080	1.43393211	0.72222222	0.62514838
wl-tile-v1-11269	wl-pos-pos-es-pba-52211	pos-es-pba-52211	1	positive	train	ES	Capela da Virxe do Castro en Guntumil	Muíños	Requiás (Santiago)	generic_castro_hint		120.0	data/external/weak-label-relief-v1/train/positive/wl-tile-v1-11269-pos-es-pba-52211-mdt5.tif	ok		954.41717529	932.84063721	21.57653809	12.77577305	11.01005077	1.16037367	1.11943293	1.29715979	0.86298769	2.38683558	-0.29180175	2.67863733	0.27291033	0.29879409	0.91337257	0.33333333	0.68946307
wl-tile-v1-10689	wl-pos-pos-es-pba-28838	pos-es-pba-28838	1	positive	train	ES	Capela de Castro Portela	Folgoso do Courel	Vilamor (San Vicente)	generic_castro_hint		120.0	data/external/weak-label-relief-v1/train/positive/wl-tile-v1-10689-pos-es-pba-28838-mdt5.tif	ok		471.18338013	454.05963135	17.12374878	28.62167931	29.39060211	0.97383780	2.67921114	3.03022003	0.88416389	2.03055978	-0.57588565	2.60644543	0.25036335	0.27314782	0.91658556	0.30555556	0.57853433
wl-tile-v1-10351	wl-pos-pos-es-pba-20591	pos-es-pba-20591	1	positive	train	ES	Capela de San Roque no Castro de Samoedo	Sada	Osedo (San Xián)	generic_castro_hint		120.0	data/external/weak-label-relief-v1/train/positive/wl-tile-v1-10351-pos-es-pba-20591-mdt5.tif	ok		77.66284180	74.46001434	3.20282745	5.35487461	6.82155752	0.78499296	0.66832024	0.75465202	0.88560054	0.04150611	0.20488763	-0.16338152	0.29068410	0.33614317	0.86476280	0.25000000	0.69977733
wl-tile-v1-10794	wl-pos-pos-es-pba-34283	pos-es-pba-34283	1	positive	train	ES	Capela de Santiago no Castro	Mondoñedo	Lindín (Santiago)	generic_castro_hint		120.0	data/external/weak-label-relief-v1/train/positive/wl-tile-v1-10794-pos-es-pba-34283-mdt5.tif	ok		348.44076538	337.31072998	11.13003540	8.97690105	10.77656555	0.83300204	0.79125923	1.06034279	0.74622965	1.01879930	0.00607311	1.01272620	0.23364241	0.22496122	1.03858973	0.13888889	0.64572164
wl-tile-v1-11674	wl-pos-pos-es-pba-74887	pos-es-pba-74887	1	positive	train	ES	Capela dos Castros – Capela de San Roque	Vila de Cruces	Brandariz (San Miguel)	generic_castro_hint		120.0	data/external/weak-label-relief-v1/train/positive/wl-tile-v1-11674-pos-es-pba-74887-mdt5.tif	ok		238.82353210	241.93838501	-3.11485291	8.38123035	8.02691841	1.04414047	1.21540177	0.88830912	1.36821940	-0.41698632	-0.17084645	-0.24613987	0.29896319	0.24931498	1.19913850	0.58333333	0.62620364
wl-tile-v1-10294	wl-pos-pos-es-pba-27586	pos-es-pba-27586	1	positive	train	ES	Casa Forte do Castronou de Eirís	Oza Cesuras	Oza (San Pedro)	generic_castro_hint		120.0	data/external/weak-label-relief-v1/train/positive/wl-tile-v1-10294-pos-es-pba-27586-mdt5.tif	ok		160.91679382	151.86912537	9.04766846	8.16813564	10.30088711	0.79295458	0.93427366	1.31699121	0.70940007	0.14385936	0.17882618	-0.03496683	0.28365046	0.27274853	1.03997062	0.16666667	0.58852884
wl-tile-v1-11264	wl-pos-pos-es-pba-52266	pos-es-pba-52266	1	positive	train	ES	Castelo das Chás/Citania das Laxes das Chás/A Cerca/Castro de Lobarz n	Monterrei	Oímbra (Santa María)	large_castrexo_civitas_hint		120.0	data/external/weak-label-relief-v1/train/positive/wl-tile-v1-11264-pos-es-pba-52266-mdt5.tif	ok		640.91040039	610.64447021	30.26593018	19.13542747	18.81421280	1.01707298	2.79124856	2.87208676	0.97185384	2.60662174	0.39078608	2.21583566	0.42049834	0.35423163	1.18707171	0.50000000	0.68211265
wl-tile-v1-11004	wl-pos-pos-es-pba-41947	pos-es-pba-41947	1	positive	train	ES	Castelo de Loureiro/Os Castros de Castelo	Sarria	Loureiro (San Martiño)	generic_castro_hint		120.0	data/external/weak-label-relief-v1/train/positive/wl-tile-v1-11004-pos-es-pba-41947-mdt5.tif	ok		577.66326904	569.90710449	7.75616455	14.85946369	14.46246243	1.02745046	3.91942906	2.25046849	1.74160584	2.22350430	-0.08859096	2.31209527	0.32463288	0.31889635	1.01798870	0.83333333	0.74942336
wl-tile-v1-09866	wl-pos-pos-es-pba-1186	pos-es-pba-1186	1	positive	train	ES	Castelo de Rodado/Castro de Gosende	A Baña	A Ermida (San Salvador)	generic_castro_hint		120.0	data/external/weak-label-relief-v1/train/positive/wl-tile-v1-09866-pos-es-pba-1186-mdt5.tif	ok		330.32379150	335.35458374	-5.03079224	5.33663845	6.00692987	0.88841364	1.06806636	0.85852838	1.24406646	-0.20340915	-0.13497664	-0.06843251	0.34534580	0.31349090	1.10161347	0.47222222	0.61316714
wl-tile-v1-11390	wl-pos-pos-es-pba-60005	pos-es-pba-60005	1	positive	train	ES	Castelo/Castro de Casás	Barro	Agudelo (San Martiño)	generic_castro_hint		120.0	data/external/weak-label-relief-v1/train/positive/wl-tile-v1-11390-pos-es-pba-60005-mdt5.tif	ok		170.13069153	156.22328186	13.90740967	13.09885406	9.61935139	1.36171905	1.59849966	1.51141107	1.05762071	2.38614058	-0.09723023	2.48337082	0.36660209	0.30147418	1.21603146	0.33333333	0.63274407
wl-tile-v1-11402	wl-pos-pos-es-pba-62902	pos-es-pba-62902	1	positive	train	ES	Castrelin	Cangas	O Hío (Santo André)	castrel_toponym_hint		120.0	data/external/weak-label-relief-v1/train/positive/wl-tile-v1-11402-pos-es-pba-62902-mdt5.tif	ok		32.38252258	37.41921234	-5.03668976	11.01436615	13.33605480	0.82590888	1.51335859	1.63584054	0.92512599	0.22703679	-0.44548032	0.67251711	0.28939608	0.34627596	0.83573830	0.30555556	0.57229205
wl-tile-v1-11440	wl-pos-pos-es-pba-64596	pos-es-pba-64596	1	positive	train	ES	Castreliño/O Castriño	Cuntis	Cuntis (Santa María)	castrel_toponym_hint		120.0	data/external/weak-label-relief-v1/train/positive/wl-tile-v1-11440-pos-es-pba-64596-mdt5.tif	ok		277.22174072	265.96972656	11.25201416	12.74375820	11.98063374	1.06369650	1.33191776	1.86627913	0.71367554	1.81700659	-0.26513252	2.08213910	0.32279101	0.35214967	0.91663018	0.11111111	0.61010290
wl-tile-v1-11622	wl-pos-pos-es-pba-70136	pos-es-pba-70136	1	positive	train	ES	Castrillón	Silleda	Dornelas (San Martiño)	castrel_toponym_hint		120.0	data/external/weak-label-relief-v1/train/positive/wl-tile-v1-11622-pos-es-pba-70136-mdt5.tif	ok		323.00000000	314.86077881	8.13922119	6.03506279	5.62788343	1.07235035	0.56220102	0.67686009	0.83060152	1.26188087	-0.33954111	1.60142198	0.33390585	0.36881387	0.90535056	0.19444444	0.70984084
wl-tile-v1-09989	wl-pos-pos-es-pba-3481	pos-es-pba-3481	1	positive	train	ES	Castrillón/Castro de Santa Eirena	Carballo	Lema (San Cristovo)	castrel_toponym_hint		120.0	data/external/weak-label-relief-v1/train/positive/wl-tile-v1-09989-pos-es-pba-3481-mdt5.tif	ok		81.30229187	56.81096268	24.49132919	12.10842228	7.55846071	1.60196933	1.59857309	0.82049280	1.94830848	2.64434814	-0.32039317	2.96474132	0.30759189	0.25836229	1.19054480	0.75000000	0.69978520
wl-tile-v1-11490	wl-pos-pos-es-pba-65313	pos-es-pba-65313	1	positive	train	ES	Castriño da Barreira	Lalín	Xaxán (Santa María da Saleta)	generic_castro_hint		120.0	data/external/weak-label-relief-v1/train/positive/wl-tile-v1-11490-pos-es-pba-65313-mdt5.tif	ok		576.52862549	569.80957031	6.71905518	5.14004517	5.64871836	0.90994892	0.47329643	0.43526921	1.08736485	0.62855750	-0.06841665	0.69697415	0.39268231	0.39700159	0.98912024	0.30555556	0.64986037
wl-tile-v1-11491	wl-pos-pos-es-pba-65423	pos-es-pba-65423	1	positive	train	ES	Castriño de Bendoiro	Lalín	Bendoiro (San Miguel)	generic_castro_hint		120.0	data/external/weak-label-relief-v1/train/positive/wl-tile-v1-11491-pos-es-pba-65423-mdt5.tif	ok		474.05300903	468.98965454	5.06335449	9.77321243	9.69503117	1.00806406	1.32442105	1.33448577	0.99245798	0.49568212	0.54675823	-0.05107611	0.27229202	0.16536507	1.64661145	0.33333333	0.51866057
wl-tile-v1-10017	wl-pos-pos-es-pba-27145	pos-es-pba-27145	1	positive	train	ES	Castro	Cariño	A Pedra (Santa María)	generic_castro_hint		120.0	data/external/weak-label-relief-v1/train/positive/wl-tile-v1-10017-pos-es-pba-27145-mdt5.tif	ok		206.57164001	216.14817810	-9.57653809	11.07283878	12.67087078	0.87388144	1.73184955	1.83665371	0.94293744	-0.44183245	-0.24700044	-0.19483201	0.27660087	0.28682670	0.96434839	0.30555556	0.53440410
wl-tile-v1-10634	wl-pos-pos-es-pba-28478	pos-es-pba-28478	1	positive	train	ES	Castro	Carballedo	Furco (San Gregorio)	generic_castro_hint		120.0	data/external/weak-label-relief-v1/train/positive/wl-tile-v1-10634-pos-es-pba-28478-mdt5.tif	ok		751.03344727	734.12408447	16.90936279	9.06695938	8.82809544	1.02705725	0.99323750	1.04490733	0.95055080	1.56760454	-0.04135935	1.60896389	0.31906253	0.28963277	1.10161061	0.25000000	0.68981125
wl-tile-v1-10745	wl-pos-pos-es-pba-31769	pos-es-pba-31769	1	positive	train	ES	Castro	Lourenzá	Lourenzá (Santa María)	generic_castro_hint		120.0	data/external/weak-label-relief-v1/train/positive/wl-tile-v1-10745-pos-es-pba-31769-mdt5.tif	ok		81.86962891	71.18653870	10.68309021	13.44362164	8.17745876	1.64398526	1.90191162	1.16806757	1.62825478	1.26576757	-0.22685309	1.49262066	0.47444960	0.29506043	1.60797438	0.80555556	0.68793623
wl-tile-v1-11094	wl-pos-pos-es-pba-43144	pos-es-pba-43144	1	positive	train	ES	Castro	Viveiro	Celeiro (Santiago)	generic_castro_hint		120.0	data/external/weak-label-relief-v1/train/positive/wl-tile-v1-11094-pos-es-pba-43144-mdt5.tif	ok		8.62138748	12.28541660	-3.66402912	6.22785950	8.36447620	0.74456061	1.00966477	1.31593239	0.76726189	-0.05162007	-0.63235879	0.58073872	0.20516862	0.25332806	0.80989300	0.22222222	0.66865965
wl-tile-v1-11590	wl-pos-pos-es-pba-69614	pos-es-pba-69614	1	positive	train	ES	Castro	Pontevedra	Salcedo (San Martiño)	generic_castro_hint		120.0	data/external/weak-label-relief-v1/train/positive/wl-tile-v1-11590-pos-es-pba-69614-mdt5.tif	ok		89.83553314	86.95575714	2.87977600	4.21401691	6.87432384	0.61300820	0.87077785	0.94483489	0.92161906	-0.17583522	0.24286465	-0.41869988	0.26955569	0.32598361	0.82689950	0.27777778	0.64117161
wl-tile-v1-11603	wl-pos-pos-es-pba-69686	pos-es-pba-69686	1	positive	train	ES	Castro	Salvaterra de Miño	Soutolobre (Santa Comba)	generic_castro_hint		120.0	data/external/weak-label-relief-v1/train/positive/wl-tile-v1-11603-pos-es-pba-69686-mdt5.tif	ok		129.13362122	117.94579315	11.18782806	10.84502316	10.80366421	1.00382823	1.55211115	1.85125911	0.83840838	0.77183747	-0.15390217	0.92573965	0.30621228	0.36144853	0.84718087	0.33333333	0.65364401
wl-tile-v1-11666	wl-pos-pos-es-pba-73433	pos-es-pba-73433	1	positive	train	ES	Castro	Valga	Cordeiro (Santa Comba)	generic_castro_hint		120.0	data/external/weak-label-relief-v1/train/positive/wl-tile-v1-11666-pos-es-pba-73433-mdt5.tif	ok		28.95594788	22.69047546	6.26547241	5.43887234	6.29618502	0.86383617	0.60649669	0.80977625	0.74896824	0.96031243	-0.20887187	1.16918430	0.34376165	0.38370416	0.89590287	0.19444444	0.67689201
wl-tile-v1-10034	wl-pos-pos-es-pba-6182	pos-es-pba-6182	1	positive	train	ES	Castro A Croa de Carracedo	Cedeira	Montoxo (San Xiao)	croa_top_ring_hint		120.0	data/external/weak-label-relief-v1/train/positive/wl-tile-v1-10034-pos-es-pba-6182-mdt5.tif	ok		215.08166504	207.15316772	7.92849731	11.78182983	12.38788891	0.95107648	1.79533768	1.11469281	1.61061206	1.23479140	-0.23762475	1.47241615	0.39895907	0.32389009	1.23177301	0.55555556	0.56623654
wl-tile-v1-11329	wl-pos-pos-es-pba-57805	pos-es-pba-57805	1	positive	train	ES	Castro A Ermida/A Costa	Trasmiras	Vilar de Lebres (San Salvador)	coastal_promontory_hint		120.0	data/external/weak-label-relief-v1/train/positive/wl-tile-v1-11329-pos-es-pba-57805-mdt5.tif	ok		801.70373535	789.83538818	11.86834717	11.04814625	8.53260994	1.29481440	1.07180035	1.37667406	0.77854329	1.60089064	-0.59255314	2.19344378	0.35153249	0.36137435	0.97276547	0.08333333	0.72896747
wl-tile-v1-11330	wl-pos-pos-es-pba-57806	pos-es-pba-57806	1	positive	train	ES	Castro A Igrexa de Zos	Trasmiras	Zos (Santa María)	generic_castro_hint		120.0	data/external/weak-label-relief-v1/train/positive/wl-tile-v1-11330-pos-es-pba-57806-mdt5.tif	ok		644.86273193	632.05377197	12.80895996	5.32822084	4.20388937	1.26745030	0.72323436	0.75619787	0.95640888	1.87433994	0.13507678	1.73926316	0.31296423	0.26608080	1.17619999	0.52777778	0.76511916
wl-tile-v1-10035	wl-pos-pos-es-pba-6183	pos-es-pba-6183	1	positive	train	ES	Castro As Croas	Cedeira	Esteiro (San Fiz)	croa_top_ring_hint		120.0	data/external/weak-label-relief-v1/train/positive/wl-tile-v1-10035-pos-es-pba-6183-mdt5.tif	ok		194.06016541	157.84881592	36.21134949	15.80821228	14.83316422	1.06573433	1.11157763	1.11905229	0.99332054	2.97896194	0.15741557	2.82154638	0.21516211	0.22729236	0.94663153	0.36111111	0.57367036
wl-tile-v1-10036	wl-pos-pos-es-pba-6217	pos-es-pba-6217	1	positive	train	ES	Castro As Croas	Cedeira	Esteiro (San Fiz)	croa_top_ring_hint		120.0	data/external/weak-label-relief-v1/train/positive/wl-tile-v1-10036-pos-es-pba-6217-mdt5.tif	ok		128.72492981	89.99675751	38.72817230	16.69310570	17.14699936	0.97352927	1.29975617	1.39873445	0.92923726	3.51583695	0.39087269	3.12496427	0.23019403	0.26074934	0.88281731	0.33333333	0.56871236
wl-tile-v1-10344	wl-pos-pos-es-pba-19069	pos-es-pba-19069	1	positive	train	ES	Castro Barbudo	Rianxo	Taragoña (San Salvador)	generic_castro_hint		120.0	data/external/weak-label-relief-v1/train/positive/wl-tile-v1-10344-pos-es-pba-19069-mdt5.tif	ok		327.01004028	282.16452026	44.84552002	21.76404190	19.57960701	1.11156684	1.76870537	1.00184417	1.76544958	3.27179360	0.51681232	2.75498128	0.30210122	0.25072303	1.20492011	0.52777778	0.52075656
wl-tile-v1-11575	wl-pos-pos-es-pba-76654	pos-es-pba-76654	1	positive	train	ES	Castro Barbudo	Ponte Caldelas	Castro Barbudo (Santa María)	generic_castro_hint		120.0	data/external/weak-label-relief-v1/train/positive/wl-tile-v1-11575-pos-es-pba-76654-mdt5.tif	ok		435.48898315	399.68750000	35.80148315	14.81929111	19.69830704	0.75231293	2.68360996	2.87353873	0.93390422	5.03266907	0.62118226	4.41148680	0.28774616	0.33132455	0.86847221	0.25000000	0.70944619
wl-tile-v1-11241	wl-pos-pos-es-pba-51593	pos-es-pba-51593	1	positive	train	ES	Castro Cabanelas	Larouco	Seadur (Santa Mariña)	generic_castro_hint		120.0	data/external/weak-label-relief-v1/train/positive/wl-tile-v1-11241-pos-es-pba-51593-mdt5.tif	ok		410.07162476	386.59231567	23.47930908	21.11608887	24.11685944	0.87557374	2.53669953	2.33125710	1.08812517	3.01323843	0.07413590	2.93910253	0.51696378	0.37077752	1.39426949	0.41666667	0.66161526
wl-tile-v1-11045	wl-pos-pos-es-pba-41244	pos-es-pba-41244	1	positive	train	ES	Castro Carboeiro	Taboada	Cerdeda (Santa Mariña)	generic_castro_hint		120.0	data/external/weak-label-relief-v1/train/positive/wl-tile-v1-11045-pos-es-pba-41244-mdt5.tif	ok		652.54943848	637.20874023	15.34069824	11.99336815	6.42801237	1.86579730	1.32027292	0.92519164	1.42702643	1.36656320	-0.30393055	1.67049375	0.40280211	0.29168290	1.38095895	0.63888889	0.63654256
wl-tile-v1-10815	wl-pos-pos-es-pba-35342	pos-es-pba-35342	1	positive	train	ES	Castro Cercio	Monterroso	Novelúa (San Cristovo)	generic_castro_hint		120.0	data/external/weak-label-relief-v1/train/positive/wl-tile-v1-10815-pos-es-pba-35342-mdt5.tif	ok		654.52618408	629.64953613	24.87664795	13.26122570	11.20328617	1.18369070	1.19724774	0.94476974	1.26723761	1.92884219	0.00722312	1.92161907	0.32310706	0.27481106	1.17574258	0.44444444	0.57078209
wl-tile-v1-11315	wl-pos-pos-es-pba-58242	pos-es-pba-58242	1	positive	train	ES	Castro Costa dos Mouros	San Cibrao das Viñas	Soutopenedo (San Miguel)	coastal_promontory_hint		120.0	data/external/weak-label-relief-v1/train/positive/wl-tile-v1-11315-pos-es-pba-58242-mdt5.tif	ok		300.87789917	291.34658813	9.53131104	17.12205696	18.47405624	0.92681633	2.62805128	3.55667973	0.73890580	2.52047682	-0.41707739	2.93755421	0.33461681	0.30919725	1.08221148	0.25000000	0.59903501
wl-tile-v1-10018	wl-pos-pos-es-pba-27146	pos-es-pba-27146	1	positive	train	ES	Castro Croado	Cariño	A Pedra (Santa María)	croa_top_ring_hint		120.0	data/external/weak-label-relief-v1/train/positive/wl-tile-v1-10018-pos-es-pba-27146-mdt5.tif	ok		111.89971161	72.32854462	39.57116699	18.85153580	17.79328537	1.05947471	1.39700508	1.19231260	1.17167686	2.83835554	0.28532282	2.55303273	0.28196663	0.28699267	0.98248721	0.38888889	0.59861429
wl-tile-v1-11071	wl-pos-pos-es-pba-43376	pos-es-pba-43376	1	positive	train	ES	Castro Curbel	Vilalba	Santaballa (San Pedro)	generic_castro_hint		120.0	data/external/weak-label-relief-v1/train/positive/wl-tile-v1-11071-pos-es-pba-43376-mdt5.tif	ok		512.13952637	506.42510986	5.71441650	2.78209496	4.05333281	0.68637220	0.40113980	0.46692961	0.85910121	0.46256965	0.21389090	0.24867876	0.36355758	0.42581657	0.85378918	0.22222222	0.70841479
wl-tile-v1-11493	wl-pos-pos-es-pba-65425	pos-es-pba-65425	1	positive	train	ES	Castro Daquil Lado/Castro de Soutolongo	Lalín	Soutolongo (Santa María)	generic_castro_hint		120.0	data/external/weak-label-relief-v1/train/positive/wl-tile-v1-11493-pos-es-pba-65425-mdt5.tif	ok		461.51004028	455.61514282	5.89489746	18.00422859	17.80828857	1.01100274	4.68112326	2.75098038	1.70162001	3.18995333	-0.15545791	3.34541124	0.46750191	0.34152833	1.36885252	0.63888889	0.62245222
wl-tile-v1-10032	wl-pos-pos-es-pba-6571	pos-es-pba-6571	1	positive	train	ES	Castro Detorre	Carral	Quembre (San Pedro)	generic_castro_hint		120.0	data/external/weak-label-relief-v1/train/positive/wl-tile-v1-10032-pos-es-pba-6571-mdt5.tif	ok		158.09692383	154.56338501	3.53353882	14.87453747	13.30796623	1.11771680	2.73492217	1.45107877	1.88475100	2.33710575	-0.19858938	2.53569514	0.38661355	0.32765999	1.17992295	0.69444444	0.57688639
wl-tile-v1-10496	wl-pos-pos-es-pba-24466	pos-es-pba-24466	1	positive	train	ES	Castro Facho	Val do Dubra	Niveiro (San Vicente)	generic_castro_hint		120.0	data/external/weak-label-relief-v1/train/positive/wl-tile-v1-10496-pos-es-pba-24466-mdt5.tif	ok		392.61968994	394.82006836	-2.20037842	7.51033354	8.57516384	0.87582391	0.94395024	0.76522660	1.23355648	0.38144526	-0.14886811	0.53031337	0.29353115	0.25974238	1.13008570	0.44444444	0.52438594
wl-tile-v1-11344	wl-pos-pos-es-pba-60251	pos-es-pba-60251	1	positive	train	ES	Castro Grande	Vilardevós	Vilarello da Cota (Santa María)	generic_castro_hint		120.0	data/external/weak-label-relief-v1/train/positive/wl-tile-v1-11344-pos-es-pba-60251-mdt5.tif	ok		623.37536621	575.99267578	47.38269043	21.75263405	18.51389885	1.17493534	1.84194958	1.45824564	1.26312710	4.40907955	0.25447491	4.15460464	0.26314625	0.24886237	1.05739671	0.36111111	0.52861837
wl-tile-v1-09897	wl-pos-pos-es-pba-112	pos-es-pba-112	1	positive	train	ES	Castro Grande de Alcaiana	Abegondo	Vizoño (San Pedro)	earthwork_or_wall_hint		120.0	data/external/weak-label-relief-v1/train/positive/wl-tile-v1-09897-pos-es-pba-112-mdt5.tif	ok		441.91390991	429.99584961	11.91806030	7.36526155	6.53963852	1.12624903	0.53668284	0.70495158	0.76130454	0.94982439	-0.39027587	1.34010026	0.34186640	0.39443687	0.86672021	0.22222222	0.65775411
wl-tile-v1-10371	wl-pos-pos-es-pba-20135	pos-es-pba-20135	1	positive	train	ES	Castro Laberco	Santa Comba	Cícere (San Pedro)	generic_castro_hint		120.0	data/external/weak-label-relief-v1/train/positive/wl-tile-v1-10371-pos-es-pba-20135-mdt5.tif	ok		376.35388184	359.11206055	17.24182129	8.17479324	9.08880138	0.89943579	0.46993509	0.71375734	0.65839616	1.67012894	0.36285192	1.30727702	0.25970554	0.25999931	0.99887015	0.00000000	0.77001250
wl-tile-v1-11401	wl-pos-pos-es-pba-61547	pos-es-pba-61547	1	positive	train	ES	Castro Liboreiro e petróglifos	Bueu	Bueu (San Martiño)	generic_castro_hint		120.0	data/external/weak-label-relief-v1/train/positive/wl-tile-v1-11401-pos-es-pba-61547-mdt5.tif	ok		312.28939819	254.06155396	58.22784424	22.63941193	26.48951149	0.85465570	2.35789156	3.21529150	0.73333679	4.49868488	0.73901951	3.75966537	0.26233688	0.27994603	0.93709806	0.41666667	0.61188509
wl-tile-v1-09898	wl-pos-pos-es-pba-113	pos-es-pba-113	1	positive	train	ES	Castro Maior	Abegondo	Vizoño (San Pedro)	earthwork_or_wall_hint		120.0	data/external/weak-label-relief-v1/train/positive/wl-tile-v1-09898-pos-es-pba-113-mdt5.tif	ok		469.26684570	458.39898682	10.86785889	6.14179373	7.70630646	0.79698280	0.59458470	0.72154856	0.82403976	0.72219789	0.31813395	0.40406394	0.26543120	0.26384020	1.00603015	0.22222222	0.66941751
wl-tile-v1-11314	wl-pos-pos-es-pba-58514	pos-es-pba-58514	1	positive	train	ES	Castro Martiño	San Amaro	Eiras (Santa Ouxea)	coastal_promontory_hint		120.0	data/external/weak-label-relief-v1/train/positive/wl-tile-v1-11314-pos-es-pba-58514-mdt5.tif	ok		355.02291870	336.00323486	19.01968384	19.69345474	16.57414627	1.18820327	1.96123672	2.46750998	0.79482423	3.35592127	-1.00132608	4.35724735	0.25732458	0.32677111	0.78747652	0.19444444	0.60356237
wl-tile-v1-11644	wl-pos-pos-es-pba-70413	pos-es-pba-70413	1	positive	train	ES	Castro Montaz	Silleda	Oleiros (San Miguel)	generic_castro_hint		120.0	data/external/weak-label-relief-v1/train/positive/wl-tile-v1-11644-pos-es-pba-70413-mdt5.tif	ok		647.52655029	609.90826416	37.61828613	18.56013870	14.17583752	1.30927987	1.51360214	1.46827567	1.03087055	3.51859593	0.10665113	3.41194481	0.29217952	0.27832761	1.04976837	0.36111111	0.52173581
wl-tile-v1-11153	wl-pos-pos-es-pba-56198	pos-es-pba-56198	1	positive	train	ES	Castro Monte dos Castros	A Peroxa	A Peroxa (Santiago)	hilltop_hint		120.0	data/external/weak-label-relief-v1/train/positive/wl-tile-v1-11153-pos-es-pba-56198-mdt5.tif	ok		593.47821045	579.08111572	14.39709473	6.51419449	6.94421530	0.93807496	0.54589999	0.83496094	0.65380303	1.69316149	0.23589796	1.45726353	0.27158818	0.26320127	1.03186501	0.11111111	0.52880878
wl-tile-v1-11331	wl-pos-pos-es-pba-57832	pos-es-pba-57832	1	positive	train	ES	Castro O Muro/Penedo do Mouro	Trasmiras	Vilaseca (San Román)	hilltop_hint		120.0	data/external/weak-label-relief-v1/train/positive/wl-tile-v1-11331-pos-es-pba-57832-mdt5.tif	ok		647.72253418	645.21520996	2.50732422	5.72596312	5.53530836	1.03444338	0.73315012	0.74647659	0.98214751	-0.03715339	0.26873681	-0.30589020	0.39661402	0.40295330	0.98426795	0.27777778	0.58549409
wl-tile-v1-10040	wl-pos-pos-es-pba-6221	pos-es-pba-6221	1	positive	train	ES	Castro Os Castros	Cedeira	Montoxo (San Xiao)	generic_castro_hint		120.0	data/external/weak-label-relief-v1/train/positive/wl-tile-v1-10040-pos-es-pba-6221-mdt5.tif	ok		186.23925781	194.43478394	-8.19552612	12.05955410	10.01205540	1.20450333	2.01165199	0.97930533	2.05416221	0.27375615	0.00427006	0.26948609	0.35240629	0.26064989	1.35202932	0.77777778	0.62112787
wl-tile-v1-10041	wl-pos-pos-es-pba-6222	pos-es-pba-6222	1	positive	train	ES	Castro Os Castros	Cedeira	Cervo (Santaia)	generic_castro_hint		120.0	data/external/weak-label-relief-v1/train/positive/wl-tile-v1-10041-pos-es-pba-6222-mdt5.tif	ok		99.12177277	101.09146881	-1.96969604	8.04913902	10.84099770	0.74247216	1.20746517	1.26423514	0.95509540	1.08421850	-0.60881680	1.69303530	0.30636907	0.27085602	1.13111410	0.30555556	0.57978071
wl-tile-v1-11332	wl-pos-pos-es-pba-57833	pos-es-pba-57833	1	positive	train	ES	Castro Outeiro do Castelo	Trasmiras	Vila de Rei (San Salvador)	hilltop_hint		120.0	data/external/weak-label-relief-v1/train/positive/wl-tile-v1-11332-pos-es-pba-57833-mdt5.tif	ok		816.69653320	776.24731445	40.44921875	18.86892891	15.48557377	1.21848433	1.82068062	1.76956105	1.02888827	4.47106266	0.04926002	4.42180264	0.26219389	0.26616409	0.98508362	0.36111111	0.69069708
wl-tile-v1-10435	wl-pos-pos-es-pba-23982	pos-es-pba-23982	1	positive	train	ES	Castro Pazoi	Sobrado	Nogueira (San Xurxo)	generic_castro_hint		120.0	data/external/weak-label-relief-v1/train/positive/wl-tile-v1-10435-pos-es-pba-23982-mdt5.tif	ok		594.99859619	572.02117920	22.97741699	10.52408409	8.83354282	1.19137749	1.18823695	0.97095150	1.22378611	2.19009280	-0.46874687	2.65883967	0.30615941	0.29736081	1.02958897	0.47222222	0.58751239
wl-tile-v1-10451	wl-pos-pos-es-pba-24985	pos-es-pba-24985	1	positive	train	ES	Castro Pedro	Toques	Folladela (San Pedro) / Melide	generic_castro_hint		120.0	data/external/weak-label-relief-v1/train/positive/wl-tile-v1-10451-pos-es-pba-24985-mdt5.tif	ok		635.51434326	609.38336182	26.13098145	12.72124290	11.56360435	1.10011053	0.56010592	0.78993458	0.70905356	2.97102737	0.25116801	2.71985936	0.25098038	0.28883550	0.86893883	0.16666667	0.69927038
wl-tile-v1-10818	wl-pos-pos-es-pba-35345	pos-es-pba-35345	1	positive	train	ES	Castro Penedo/Castro da Croa/O Castro	Monterroso	Satrexas (Santa Eufemia)	croa_top_ring_hint		120.0	data/external/weak-label-relief-v1/train/positive/wl-tile-v1-10818-pos-es-pba-35345-mdt5.tif	ok		559.57702637	535.09985352	24.47717285	13.54361439	9.14275074	1.48135006	1.00767064	1.27897942	0.78787088	2.55747461	-0.34319666	2.90067127	0.28096625	0.28473389	0.98676786	0.19444444	0.70652720
wl-tile-v1-11345	wl-pos-pos-es-pba-60252	pos-es-pba-60252	1	positive	train	ES	Castro Pequeno	Vilardevós	Vilarello da Cota (Santa María)	generic_castro_hint		120.0	data/external/weak-label-relief-v1/train/positive/wl-tile-v1-11345-pos-es-pba-60252-mdt5.tif	ok		569.98278809	548.30041504	21.68237305	17.38072777	20.22643852	0.85930737	1.60549974	1.84744942	0.86903583	1.96698332	1.08368003	0.88330328	0.28306174	0.30189791	0.93760748	0.25000000	0.65848240
wl-tile-v1-09875	wl-pos-pos-es-pba-11057	pos-es-pba-11057	1	positive	train	ES	Castro Pequeno/Castro das Motas/A Mota	A Laracha	Vilaño (Santiago)	generic_castro_hint		120.0	data/external/weak-label-relief-v1/train/positive/wl-tile-v1-09875-pos-es-pba-11057-mdt5.tif	ok		179.00000000	169.92933655	9.07066345	5.46338511	5.82198381	0.93840610	0.63104302	0.69499457	0.90798266	1.26378798	0.29378629	0.97000170	0.36084306	0.31644663	1.14029674	0.41666667	0.68521043
wl-tile-v1-10483	wl-pos-pos-es-pba-24732	pos-es-pba-24732	1	positive	train	ES	Castro Pereiro	Trazo	Chaián (Santa María)	generic_castro_hint		120.0	data/external/weak-label-relief-v1/train/positive/wl-tile-v1-10483-pos-es-pba-24732-mdt5.tif	ok		229.08956909	218.05226135	11.03730774	7.04478359	3.51448965	2.00449689	1.66041517	0.59233218	2.80318243	1.44544327	-0.26905355	1.71449682	0.34951937	0.23201963	1.50642154	0.72222222	0.56874050
wl-tile-v1-11451	wl-pos-pos-es-pba-64635	pos-es-pba-64635	1	positive	train	ES	Castro Piñeiro	Cuntis	Piñeiro (San Mamede)	generic_castro_hint		120.0	data/external/weak-label-relief-v1/train/positive/wl-tile-v1-11451-pos-es-pba-64635-mdt5.tif	ok		270.33187866	253.36935425	16.96252441	12.15667725	9.49236488	1.28067951	0.91056973	1.14564443	0.79481007	1.98629797	-0.38184768	2.36814564	0.30569345	0.29447472	1.03809742	0.25000000	0.66317909
wl-tile-v1-11692	wl-pos-pos-es-pba-75426	pos-es-pba-75426	1	positive	train	ES	Castro Piñeiro/Castro de Carbia/O Castro/Eira dos Mouros/Os Castros	Vila de Cruces	Ollares (Santa María)	generic_castro_hint		120.0	data/external/weak-label-relief-v1/train/positive/wl-tile-v1-11692-pos-es-pba-75426-mdt5.tif	ok		523.65136719	492.30352783	31.34783936	14.87289524	13.35193348	1.11391322	0.83901787	0.81064218	1.03500396	2.72223949	0.38648707	2.33575243	0.20844786	0.18686870	1.11547767	0.36111111	0.52527831
wl-tile-v1-10372	wl-pos-pos-es-pba-20157	pos-es-pba-20157	1	positive	train	ES	Castro Pombo	Santa Comba	Freixeiro (San Fins)	generic_castro_hint		120.0	data/external/weak-label-relief-v1/train/positive/wl-tile-v1-10372-pos-es-pba-20157-mdt5.tif	ok		392.20629883	384.05068970	8.15560913	5.65653324	3.96764755	1.42566424	0.84570223	0.72414637	1.16786091	1.21744645	-0.01110487	1.22855131	0.27652806	0.26445210	1.04566408	0.41666667	0.59870088
wl-tile-v1-10711	wl-pos-pos-es-pba-29067	pos-es-pba-29067	1	positive	train	ES	Castro Portela	Folgoso do Courel	Vilamor (San Vicente)	generic_castro_hint		120.0	data/external/weak-label-relief-v1/train/positive/wl-tile-v1-10711-pos-es-pba-29067-mdt5.tif	ok		452.99282837	392.22503662	60.76779175	32.40515518	26.20443726	1.23662855	3.07642150	4.21111488	0.73054799	5.54356480	-2.12725210	7.67081690	0.31264502	0.25994563	1.20273234	0.25000000	0.61819433
wl-tile-v1-10136	wl-pos-pos-es-pba-11757	pos-es-pba-11757	1	positive	train	ES	Castro Redondo	Frades	Mesos (San Salvador)	generic_castro_hint		120.0	data/external/weak-label-relief-v1/train/positive/wl-tile-v1-10136-pos-es-pba-11757-mdt5.tif	ok		373.26397705	369.38092041	3.88305664	11.70533371	7.77684784	1.50515144	1.37514579	0.94442505	1.45606663	0.70653641	0.01618153	0.69035488	0.43133602	0.39443246	1.09356117	0.52777778	0.62189019
wl-tile-v1-10076	wl-pos-pos-es-pba-5920	pos-es-pba-5920	1	positive	train	ES	Castro Redondo do Portal	Coristanco	Cereo (Santa María)	generic_castro_hint		120.0	data/external/weak-label-relief-v1/train/positive/wl-tile-v1-10076-pos-es-pba-5920-mdt5.tif	ok		150.12321472	142.52670288	7.59651184	4.82156944	4.89987564	0.98401874	0.53492218	0.47167209	1.13409760	0.50719589	0.21532167	0.29187422	0.41558540	0.40860975	1.01707167	0.22222222	0.64362738
wl-tile-v1-10712	wl-pos-pos-es-pba-29068	pos-es-pba-29068	1	positive	train	ES	Castro Romeor	Folgoso do Courel	Esperante (San Pedro)	generic_castro_hint		120.0	data/external/weak-label-relief-v1/train/positive/wl-tile-v1-10712-pos-es-pba-29068-mdt5.tif	ok		946.74011230	930.82885742	15.91125488	29.50564003	25.54586792	1.15500636	3.73994231	3.96816468	0.94248667	3.84407401	-1.03224421	4.87631822	0.25295204	0.34768990	0.72752197	0.27777778	0.61122649
wl-tile-v1-11452	wl-pos-pos-es-pba-64636	pos-es-pba-64636	1	positive	train	ES	Castro Sebil	Cuntis	Cuntis (Santa María)	generic_castro_hint		120.0	data/external/weak-label-relief-v1/train/positive/wl-tile-v1-11452-pos-es-pba-64636-mdt5.tif	ok		523.85314941	488.23727417	35.61587524	15.71598434	9.17250061	1.71338057	0.91057581	1.06533694	0.85473034	4.15215731	-0.13276662	4.28492393	0.24676847	0.24383335	1.01203743	0.25000000	0.61728134
wl-tile-v1-11434	wl-pos-pos-es-pba-78765	pos-es-pba-78765	1	positive	train	ES	Castro Segón	Cerdedo-Cotobade	Cerdedo (San Xoán)	generic_castro_hint		120.0	data/external/weak-label-relief-v1/train/positive/wl-tile-v1-11434-pos-es-pba-78765-mdt5.tif	ok		587.95739746	562.02368164	25.93371582	14.81138134	17.49308395	0.84669927	1.93597901	1.86126959	1.04013895	2.55488586	-0.41187221	2.96675807	0.23541056	0.24931148	0.94424276	0.44444444	0.63445813
wl-tile-v1-10060	wl-pos-pos-es-pba-5561	pos-es-pba-5561	1	positive	train	ES	Castro Sete (San Martiño de Cerdido)	Cerdido	Cerdido (San Martiño)	coastal_promontory_hint		120.0	data/external/weak-label-relief-v1/train/positive/wl-tile-v1-10060-pos-es-pba-5561-mdt5.tif	ok		242.33666992	239.64160156	2.69506836	15.53525162	16.38724136	0.94800896	2.32760715	1.68799829	1.37891558	2.19388413	-0.30722421	2.50110835	0.30312526	0.24937467	1.21554149	0.58333333	0.59523243
wl-tile-v1-10320	wl-pos-pos-es-pba-16947	pos-es-pba-16947	1	positive	train	ES	Castro Valente/A Cerca	Padrón	Carcacía (San Pedro)	valley_or_river_edge_hint		120.0	data/external/weak-label-relief-v1/train/positive/wl-tile-v1-10320-pos-es-pba-16947-mdt5.tif	ok		381.82086182	362.98336792	18.83749390	13.23637295	14.71566486	0.89947502	2.30833912	1.49032080	1.54888740	0.68974924	0.87906587	-0.18931663	0.40383571	0.28984639	1.39327495	0.41666667	0.52601965
wl-tile-v1-10207	wl-pos-pos-es-pba-14196	pos-es-pba-14196	1	positive	train	ES	Castro da Aldea de Castro	Negreira	Campolongo (Santa Cruz)	generic_castro_hint		120.0	data/external/weak-label-relief-v1/train/positive/wl-tile-v1-10207-pos-es-pba-14196-mdt5.tif	ok		242.42694092	226.33999634	16.08694458	16.11126900	13.26696205	1.21439022	2.43273091	1.81149733	1.34293928	2.79858541	-0.37492123	3.17350665	0.25062045	0.21641973	1.15802962	0.52777778	0.63203074
wl-tile-v1-10116	wl-pos-pos-es-pba-11689	pos-es-pba-11689	1	positive	train	ES	Castro da Areda/Castro das Medorras	Frades	Céltigos (San Xulián)	generic_castro_hint		120.0	data/external/weak-label-relief-v1/train/positive/wl-tile-v1-10116-pos-es-pba-11689-mdt5.tif	ok		426.43902588	422.04470825	4.39431763	2.28605723	2.47738862	0.92276892	0.29498246	0.29517835	0.99933637	0.26046798	0.13585985	0.12460813	0.45114893	0.48106417	0.93781444	0.16666667	0.87037685
wl-tile-v1-10339	wl-pos-pos-es-pba-18249	pos-es-pba-18249	1	positive	train	ES	Castro da Aurela	Pontedeume	Ombre (Santa María)	generic_castro_hint		120.0	data/external/weak-label-relief-v1/train/positive/wl-tile-v1-10339-pos-es-pba-18249-mdt5.tif	ok		321.31231689	280.36657715	40.94573975	19.53604698	19.20888519	1.01703179	2.42214775	2.25177956	1.07565936	3.64858484	0.41115767	3.23742718	0.33135769	0.27813992	1.19133452	0.41666667	0.60652401
wl-tile-v1-10721	wl-pos-pos-es-pba-31122	pos-es-pba-31122	1	positive	train	ES	Castro da Aurela	Friol	San Cibrao da Pregación (San Cibrao)	generic_castro_hint		120.0	data/external/weak-label-relief-v1/train/positive/wl-tile-v1-10721-pos-es-pba-31122-mdt5.tif	ok		589.33428955	580.76885986	8.56542969	5.00853014	2.83180928	1.76866789	0.60237265	0.36227560	1.66274694	1.12301648	-0.03147162	1.15448809	0.47360793	0.42753828	1.10775562	0.75000000	0.71411845
wl-tile-v1-10327	wl-pos-pos-es-pba-18603	pos-es-pba-18603	1	positive	train	ES	Castro da Barda	Ponteceso	Corme Aldea (Santo Adrán)	generic_castro_hint		120.0	data/external/weak-label-relief-v1/train/positive/wl-tile-v1-10327-pos-es-pba-18603-mdt5.tif	ok		46.31213760	39.53272247	6.77941513	19.26868248	13.39745426	1.43823462	3.89340663	1.82669842	2.13138993	2.61616397	-0.44855237	3.06471634	0.41052982	0.14431137	2.84475039	0.72222222	0.59952120
wl-tile-v1-10328	wl-pos-pos-es-pba-18604	pos-es-pba-18604	1	positive	train	ES	Castro da Barda/Castelo	Ponteceso	Corme Aldea (Santo Adrán)	generic_castro_hint		120.0	data/external/weak-label-relief-v1/train/positive/wl-tile-v1-10328-pos-es-pba-18604-mdt5.tif	ok		144.72398376	132.79510498	11.92887878	8.95181465	9.40090466	0.95222907	1.26864564	1.01471984	1.25024227	1.49593961	-0.24873723	1.74467684	0.37206364	0.36175242	1.02850352	0.44444444	0.62722998
wl-tile-v1-11580	wl-pos-pos-es-pba-77727	pos-es-pba-77727	1	positive	train	ES	Castro da Barxa	Ponteareas	Guláns (San Xulián)	generic_castro_hint		120.0	data/external/weak-label-relief-v1/train/positive/wl-tile-v1-11580-pos-es-pba-77727-mdt5.tif	ok		114.71365356	100.84626770	13.86738586	16.15894318	12.71608067	1.27074872	2.29082227	1.57654941	1.45306088	2.83764696	-0.27827749	3.11592445	0.34678268	0.32366365	1.07142919	0.50000000	0.61362510
wl-tile-v1-09867	wl-pos-pos-es-pba-1187	pos-es-pba-1187	1	positive	train	ES	Castro da Baña	A Baña	A Baña (San Vicenzo)	generic_castro_hint		120.0	data/external/weak-label-relief-v1/train/positive/wl-tile-v1-09867-pos-es-pba-1187-mdt5.tif	ok		314.98281860	306.78234863	8.20046997	10.28300190	7.31698179	1.40536114	1.19075525	0.92137134	1.29237279	0.80795777	-0.15011744	0.95807521	0.42005000	0.35688972	1.17697419	0.44444444	0.61031016
wl-tile-v1-10910	wl-pos-pos-es-pba-41928	pos-es-pba-41928	1	positive	train	ES	Castro da Besta ou de Vilelos	O Saviñao	Vilelos (San Martiño)	generic_castro_hint		120.0	data/external/weak-label-relief-v1/train/positive/wl-tile-v1-10910-pos-es-pba-41928-mdt5.tif	ok		562.29766846	541.37023926	20.92742920	10.75854301	8.52324486	1.26225906	1.08576810	0.73826379	1.47070481	1.64010537	-0.02705051	1.66715587	0.32915816	0.29184288	1.12786085	0.66666667	0.64090983
wl-tile-v1-10161	wl-pos-pos-es-pba-12434	pos-es-pba-12434	1	positive	train	ES	Castro da Braña	Mesía	Visantoña (San Martiño)	earthwork_or_wall_hint		120.0	data/external/weak-label-relief-v1/train/positive/wl-tile-v1-10161-pos-es-pba-12434-mdt5.tif	ok		396.70300293	390.12765503	6.57534790	3.98168993	5.31340027	0.74936759	0.46680307	0.53793746	0.86776458	0.42488515	0.29596382	0.12892133	0.28303072	0.29440615	0.96136145	0.11111111	0.76882804
wl-tile-v1-09990	wl-pos-pos-es-pba-3482	pos-es-pba-3482	1	positive	train	ES	Castro da Brea	Carballo	Ardaña (Santa María)	generic_castro_hint		120.0	data/external/weak-label-relief-v1/train/positive/wl-tile-v1-09990-pos-es-pba-3482-mdt5.tif	ok		129.71633911	135.66032410	-5.94398499	7.94374228	9.33425713	0.85103101	1.16354895	1.31419265	0.88537167	-0.52784455	-0.18307470	-0.34476985	0.24164248	0.25540206	0.94612579	0.27777778	0.53506091
wl-tile-v1-11141	wl-pos-pos-es-pba-52855	pos-es-pba-52855	1	positive	train	ES	Castro da Cabeciña	A Mezquita	A Vilavella (Santa María da Cabeza)	generic_castro_hint		120.0	data/external/weak-label-relief-v1/train/positive/wl-tile-v1-11141-pos-es-pba-52855-mdt5.tif	ok		1060.61669922	1023.13330078	37.48339844	19.34463501	14.72483063	1.31374245	1.54599583	2.33774257	0.66131996	2.99807405	-0.35349527	3.35156932	0.23092061	0.33333880	0.69275048	0.13888889	0.62783372
wl-tile-v1-11142	wl-pos-pos-es-pba-52856	pos-es-pba-52856	1	positive	train	ES	Castro da Cabeciña do Souto	A Mezquita	Santigoso (San Simón)	generic_castro_hint		120.0	data/external/weak-label-relief-v1/train/positive/wl-tile-v1-11142-pos-es-pba-52856-mdt5.tif	ok		1121.54479980	1101.68591309	19.85888672	11.54755783	10.51751995	1.09793543	0.95103210	0.96465468	0.98587828	2.91849947	-0.49863392	3.41713339	0.31111485	0.27926135	1.11406339	0.38888889	0.67549966
wl-tile-v1-11143	wl-pos-pos-es-pba-52891	pos-es-pba-52891	1	positive	train	ES	Castro da Cabeza	A Mezquita	O Pereiro (San Pedro)	generic_castro_hint		120.0	data/external/weak-label-relief-v1/train/positive/wl-tile-v1-11143-pos-es-pba-52891-mdt5.tif	ok		994.55212402	976.30584717	18.24627686	12.00555420	9.77502728	1.22818626	1.22245002	1.33080089	0.91858221	1.71596909	0.09130619	1.62466290	0.25753856	0.30068082	0.85651809	0.36111111	0.59612798
wl-tile-v1-11165	wl-pos-pos-es-pba-57711	pos-es-pba-57711	1	positive	train	ES	Castro da Cabeza	A Veiga	Santa Cristina (San Tirso)	generic_castro_hint		120.0	data/external/weak-label-relief-v1/train/positive/wl-tile-v1-11165-pos-es-pba-57711-mdt5.tif	ok		927.59326172	905.42370605	22.16955566	13.68412971	15.87911034	0.86176929	1.50293374	1.57486618	0.95432473	1.84503293	0.30775720	1.53727573	0.31796587	0.37885538	0.83928033	0.36111111	0.60370484
wl-tile-v1-10381	wl-pos-pos-es-pba-20153	pos-es-pba-20153	1	positive	train	ES	Castro da Caluba	Santiago de Compostela	A Barciela (Santo André)	generic_castro_hint		120.0	data/external/weak-label-relief-v1/train/positive/wl-tile-v1-10381-pos-es-pba-20153-mdt5.tif	ok		275.35830688	254.02856445	21.32974243	10.85829735	8.63063622	1.25811088	0.62628067	0.91183114	0.68683843	1.85257792	-0.25418100	2.10675892	0.25187144	0.27707875	0.90902474	0.11111111	0.65897699
wl-tile-v1-10584	wl-pos-pos-es-pba-44400	pos-es-pba-44400	1	positive	train	ES	Castro da Calvela	Baralla	Ferreiros (San Pedro)	generic_castro_hint		120.0	data/external/weak-label-relief-v1/train/positive/wl-tile-v1-10584-pos-es-pba-44400-mdt5.tif	ok		754.20202637	718.95471191	35.24731445	15.97482586	17.88354301	0.89326963	1.62692034	1.22146785	1.33193873	2.26936984	0.56937075	1.69999909	0.34057453	0.28668156	1.18798896	0.52777778	0.59700974
wl-tile-v1-10759	wl-pos-pos-es-pba-31552	pos-es-pba-31552	1	positive	train	ES	Castro da Capela	Láncara	Toirán (San Salvador)	generic_castro_hint		120.0	data/external/weak-label-relief-v1/train/positive/wl-tile-v1-10759-pos-es-pba-31552-mdt5.tif	ok		538.23638916	534.20397949	4.03240967	15.07907391	14.76269627	1.02143088	2.96207881	2.18061209	1.35837035	2.23627257	-0.36052135	2.59679392	0.35689148	0.31997094	1.11538719	0.50000000	0.67726187
wl-tile-v1-11385	wl-pos-pos-es-pba-60051	pos-es-pba-60051	1	positive	train	ES	Castro da Carabela/O Castro/A Penisa	Baiona	Baiona (Santa María de Forá)	generic_castro_hint		120.0	data/external/weak-label-relief-v1/train/positive/wl-tile-v1-11385-pos-es-pba-60051-mdt5.tif	ok		160.24641418	126.26525879	33.98115540	14.04326534	16.38446045	0.85710881	2.05548620	2.16562724	0.94914128	3.05223250	0.29545924	2.75677326	0.25059196	0.34925562	0.71750302	0.38888889	0.65772862
wl-tile-v1-10760	wl-pos-pos-es-pba-31553	pos-es-pba-31553	1	positive	train	ES	Castro da Carballeda	Láncara	Neira de Cabaleiros (Santa María Madanela)	generic_castro_hint		120.0	data/external/weak-label-relief-v1/train/positive/wl-tile-v1-10760-pos-es-pba-31553-mdt5.tif	ok		414.24133301	393.48910522	20.75222778	10.35844135	8.00421715	1.29412298	1.01658046	1.47987497	0.68693672	1.88870156	-0.73502862	2.62373018	0.23128262	0.29078469	0.79537414	0.22222222	0.55105126
wl-tile-v1-10117	wl-pos-pos-es-pba-11690	pos-es-pba-11690	1	positive	train	ES	Castro da Carballeira	Frades	Gafoi (Santa Mariña)	generic_castro_hint		120.0	data/external/weak-label-relief-v1/train/positive/wl-tile-v1-10117-pos-es-pba-11690-mdt5.tif	ok		353.79483032	338.66714478	15.12768555	8.68719292	8.06380463	1.07730697	0.87108487	0.88087970	0.98888063	1.37748373	0.06091763	1.31656609	0.28503689	0.30435318	0.93653332	0.38888889	0.61528118
wl-tile-v1-10139	wl-pos-pos-es-pba-11478	pos-es-pba-11478	1	positive	train	ES	Castro da Casagrande	Irixoa	Mántaras (Santa María)	generic_castro_hint		120.0	data/external/weak-label-relief-v1/train/positive/wl-tile-v1-10139-pos-es-pba-11478-mdt5.tif	ok		496.76504517	489.32214355	7.44290161	5.24236774	5.41118574	0.96880203	0.60414433	0.80136758	0.75389166	0.94798309	-0.01275669	0.96073978	0.28975281	0.31176403	0.92939782	0.13888889	0.67482381
wl-tile-v1-11005	wl-pos-pos-es-pba-41948	pos-es-pba-41948	1	positive	train	ES	Castro da Casilla	Sarria	Betote (San Vicenzo)	coastal_promontory_hint		120.0	data/external/weak-label-relief-v1/train/positive/wl-tile-v1-11005-pos-es-pba-41948-mdt5.tif	ok		474.01156616	468.91510010	5.09646606	8.67504406	9.76644707	0.88824974	1.32127774	1.42798018	0.92527736	0.95999622	-0.40178284	1.36177906	0.39256480	0.36145070	1.08608118	0.25000000	0.58287690
wl-tile-v1-10512	wl-pos-pos-es-pba-25968	pos-es-pba-25968	1	positive	train	ES	Castro da Cerca	Vimianzo	Serramo (San Sebastián)	generic_castro_hint		120.0	data/external/weak-label-relief-v1/train/positive/wl-tile-v1-10512-pos-es-pba-25968-mdt5.tif	ok		416.70520020	382.66891479	34.03628540	14.70027065	13.46409512	1.09181275	1.12500763	1.16522431	0.96548589	2.69334984	-0.17139021	2.86474004	0.21636002	0.23939082	0.90379413	0.13888889	0.53516368
wl-tile-v1-11416	wl-pos-pos-es-pba-78565	pos-es-pba-78565	1	positive	train	ES	Castro da Cerca	Cerdedo-Cotobade	Parada (San Pedro)	generic_castro_hint		120.0	data/external/weak-label-relief-v1/train/positive/wl-tile-v1-11416-pos-es-pba-78565-mdt5.tif	ok		494.20516968	477.09832764	17.10684204	23.48564339	21.25754929	1.10481425	3.90664554	4.20651531	0.92871302	2.47085190	-2.25837398	4.72922587	0.31554988	0.36725000	0.85922365	0.25000000	0.61394910
wl-tile-v1-11192	wl-pos-pos-es-pba-45105	pos-es-pba-45105	1	positive	train	ES	Castro da Ciadella	Baños de Molgas	Guamil (Santa María)	generic_castro_hint		120.0	data/external/weak-label-relief-v1/train/positive/wl-tile-v1-11192-pos-es-pba-45105-mdt5.tif	ok		701.49279785	681.54144287	19.95135498	11.93432522	10.58761978	1.12719624	1.31817162	1.55468261	0.84787185	2.20973754	-0.52354151	2.73327905	0.27234271	0.30143243	0.90349506	0.38888889	0.64468839
wl-tile-v1-11371	wl-pos-pos-es-pba-60104	pos-es-pba-60104	1	positive	train	ES	Castro da Cidade de Arbo	Arbo	Arbo (Santa María)	generic_castro_hint		120.0	data/external/weak-label-relief-v1/train/positive/wl-tile-v1-11371-pos-es-pba-60104-mdt5.tif	ok		152.73170471	153.19029236	-0.45858765	10.51687717	9.25569057	1.13626067	1.44492865	1.04851735	1.37806842	0.26753801	-0.03919229	0.30673030	0.39650014	0.39454985	1.00494309	0.58333333	0.62413136
wl-tile-v1-10911	wl-pos-pos-es-pba-41929	pos-es-pba-41929	1	positive	train	ES	Castro da Cidá	O Saviñao	Xuvencos (Santiago)	generic_castro_hint		120.0	data/external/weak-label-relief-v1/train/positive/wl-tile-v1-10911-pos-es-pba-41929-mdt5.tif	ok		440.66040039	439.95675659	0.70364380	16.34410667	16.35796738	0.99915266	3.15211868	2.70266438	1.16630045	2.76254702	0.24134624	2.52120078	0.41431081	0.29394606	1.40947906	0.36111111	0.62860990
wl-tile-v1-11208	wl-pos-pos-es-pba-46888	pos-es-pba-46888	1	positive	train	ES	Castro da Cidá de Pereda	Cartelle	Cartelle (Santa María)	generic_castro_hint		120.0	data/external/weak-label-relief-v1/train/positive/wl-tile-v1-11208-pos-es-pba-46888-mdt5.tif	ok		411.13610840	379.60357666	31.53253174	20.53496933	12.68509197	1.61882700	2.13646674	2.23614454	0.95542426	2.67042518	-1.43150592	4.10193110	0.42474830	0.43632418	0.97346955	0.30555556	0.65808598
wl-tile-v1-11161	wl-pos-pos-es-pba-55967	pos-es-pba-55967	1	positive	train	ES	Castro da Cigadoña	A Pobra de Trives	San Mamede de Trives (San Mamede)	generic_castro_hint		120.0	data/external/weak-label-relief-v1/train/positive/wl-tile-v1-11161-pos-es-pba-55967-mdt5.tif	ok		887.16046143	874.04614258	13.11431885	10.35573387	10.19579315	1.01568693	1.05088782	1.21952808	0.86171679	1.61568558	-0.03230667	1.64799226	0.30998608	0.38013369	0.81546596	0.22222222	0.63013833
wl-tile-v1-11193	wl-pos-pos-es-pba-45106	pos-es-pba-45106	1	positive	train	ES	Castro da Ciradella	Baños de Molgas	Presqueira (San Martiño)	generic_castro_hint		120.0	data/external/weak-label-relief-v1/train/positive/wl-tile-v1-11193-pos-es-pba-45106-mdt5.tif	ok		583.42633057	564.36169434	19.06463623	12.28018379	10.47474098	1.17236157	1.81341612	1.95956039	0.92541987	2.67481923	-0.83108896	3.50590819	0.26619631	0.23805098	1.11823235	0.38888889	0.65937729
wl-tile-v1-11542	wl-pos-pos-es-pba-67838	pos-es-pba-67838	1	positive	train	ES	Castro da Cividade/A Cidá	Mos	Louredo (San Salvador)	large_castrexo_civitas_hint		120.0	data/external/weak-label-relief-v1/train/positive/wl-tile-v1-11542-pos-es-pba-67838-mdt5.tif	ok		134.74595642	125.09738922	9.64856720	13.27305317	11.34067154	1.17039393	2.79565907	1.63021767	1.71489925	3.13584447	-0.35996723	3.49581170	0.38602716	0.31403124	1.22926354	0.77777778	0.68949877
wl-tile-v1-10572	wl-pos-pos-es-pba-35993	pos-es-pba-35993	1	positive	train	ES	Castro da Conca	As Nogais	Noceda (San Xoán)	generic_castro_hint		120.0	data/external/weak-label-relief-v1/train/positive/wl-tile-v1-10572-pos-es-pba-35993-mdt5.tif	ok		1043.62854004	1010.67279053	32.95574951	14.36354256	16.25046539	0.88388500	1.65168583	1.50171590	1.09986572	2.72218776	0.65217066	2.07001710	0.21537699	0.20885013	1.03125139	0.36111111	0.57694075
wl-tile-v1-09991	wl-pos-pos-es-pba-3507	pos-es-pba-3507	1	positive	train	ES	Castro da Condesa/Bico do Castro	Carballo	Bértoa (Santa María)	generic_castro_hint		120.0	data/external/weak-label-relief-v1/train/positive/wl-tile-v1-09991-pos-es-pba-3507-mdt5.tif	ok		203.65051270	178.45338440	25.19712830	10.63137341	8.82124901	1.20520046	0.61217165	0.78458714	0.78024685	2.75102997	0.26780662	2.48322335	0.24584475	0.23173986	1.06086518	0.25000000	0.71186772
wl-tile-v1-10585	wl-pos-pos-es-pba-44401	pos-es-pba-44401	1	positive	train	ES	Castro da Condomiña/O Castro	Baralla	San Martín de Neira de Rei (San Pedro)	generic_castro_hint		120.0	data/external/weak-label-relief-v1/train/positive/wl-tile-v1-10585-pos-es-pba-44401-mdt5.tif	ok		584.83953857	581.41345215	3.42608643	14.02255630	10.76500702	1.30260540	1.86345100	0.97688299	1.90754780	0.99813861	-0.45064509	1.44878370	0.33401945	0.27743304	1.20396423	0.83333333	0.66280515
wl-tile-v1-10382	wl-pos-pos-es-pba-20154	pos-es-pba-20154	1	positive	train	ES	Castro da Corela	Santiago de Compostela	A Barciela (Santo André)	generic_castro_hint		120.0	data/external/weak-label-relief-v1/train/positive/wl-tile-v1-10382-pos-es-pba-20154-mdt5.tif	ok		244.60499573	232.09152222	12.51347351	9.21067142	5.88591003	1.56486786	1.57976663	1.09747267	1.43945875	1.18258774	-0.12515527	1.30774301	0.37260646	0.25253662	1.47545512	0.52777778	0.57365617
wl-tile-v1-11147	wl-pos-pos-es-pba-56165	pos-es-pba-56165	1	positive	train	ES	Castro da Coroa	A Peroxa	San Xes (San Xes)	croa_top_ring_hint		120.0	data/external/weak-label-relief-v1/train/positive/wl-tile-v1-11147-pos-es-pba-56165-mdt5.tif	ok		343.21801758	300.84808350	42.36993408	17.98074532	20.08214378	0.89535985	1.28830016	2.29531312	0.56127425	4.13419247	0.99975199	3.13444048	0.24659134	0.28480834	0.86581505	0.11111111	0.62166196
wl-tile-v1-11148	wl-pos-pos-es-pba-56166	pos-es-pba-56166	1	positive	train	ES	Castro da Coroa de Santa Baia	A Peroxa	Beacán (Santa María)	croa_top_ring_hint		120.0	data/external/weak-label-relief-v1/train/positive/wl-tile-v1-11148-pos-es-pba-56166-mdt5.tif	ok		216.07557678	189.79515076	26.28042603	28.49964333	26.69623375	1.06755296	3.82330918	3.81369972	1.00251972	3.60703754	-1.04510462	4.65214217	0.42172304	0.44773084	0.94191197	0.25000000	0.63548215
wl-tile-v1-10981	wl-pos-pos-es-pba-39496	pos-es-pba-39496	1	positive	train	ES	Castro da Coroa/A Coroa	Ribadeo	Arante (San Pedro)	croa_top_ring_hint		120.0	data/external/weak-label-relief-v1/train/positive/wl-tile-v1-10981-pos-es-pba-39496-mdt5.tif	ok		265.09597778	241.44102478	23.65495300	13.51814651	14.47311020	0.93401807	0.88573867	0.97302878	0.91029031	1.73411560	0.59510100	1.13901460	0.19598334	0.20306379	0.96513189	0.25000000	0.64086743
wl-tile-v1-11528	wl-pos-pos-es-pba-68506	pos-es-pba-68506	1	positive	train	ES	Castro da Corte dos Cabalos	Mondariz	Mondariz (Santa Baia)	generic_castro_hint		120.0	data/external/weak-label-relief-v1/train/positive/wl-tile-v1-11528-pos-es-pba-68506-mdt5.tif	ok		144.15208435	136.84063721	7.31144714	18.38806534	17.92503738	1.02583135	3.11641598	2.68232131	1.16183545	2.99051976	-0.44075352	3.43127328	0.34024853	0.30021679	1.13334274	0.38888889	0.57136682
wl-tile-v1-10816	wl-pos-pos-es-pba-35343	pos-es-pba-35343	1	positive	train	ES	Castro da Cotela	Monterroso	San Breixo (San Salvador)	earthwork_or_wall_hint		120.0	data/external/weak-label-relief-v1/train/positive/wl-tile-v1-10816-pos-es-pba-35343-mdt5.tif	ok		614.08142090	596.95989990	17.12152100	7.65324020	5.79794979	1.31999077	0.78947389	0.76365727	1.03380655	1.93242133	0.05268546	1.87973587	0.31684461	0.27414909	1.15573833	0.52777778	0.68278650
wl-tile-v1-10551	wl-pos-pos-es-pba-26867	pos-es-pba-26867	1	positive	train	ES	Castro da Croa	Alfoz do Castrodouro	O Pereiro (Santa Maria)	croa_top_ring_hint		120.0	data/external/weak-label-relief-v1/train/positive/wl-tile-v1-10551-pos-es-pba-26867-mdt5.tif	ok		411.71820068	399.91409302	11.80410767	16.93405533	15.71901417	1.07729754	3.96670008	2.85788751	1.38798328	3.71247363	-0.36161959	4.07409322	0.40674049	0.31350520	1.29739629	0.63888889	0.64377575
wl-tile-v1-10643	wl-pos-pos-es-pba-27868	pos-es-pba-27868	1	positive	train	ES	Castro da Croa	Castroverde	Pereiramá (San Xulián)	croa_top_ring_hint		120.0	data/external/weak-label-relief-v1/train/positive/wl-tile-v1-10643-pos-es-pba-27868-mdt5.tif	ok		511.33236694	503.63632202	7.69604492	4.99114132	4.79109526	1.04175372	0.73784661	0.61598599	1.19783019	0.93454880	0.07677102	0.85777777	0.29813594	0.23814224	1.25192381	0.44444444	0.62029291
wl-tile-v1-11112	wl-pos-pos-es-pba-32084	pos-es-pba-32084	1	positive	train	ES	Castro da Croa	Xove	Xuances (San Pedro)	croa_top_ring_hint		120.0	data/external/weak-label-relief-v1/train/positive/wl-tile-v1-11112-pos-es-pba-32084-mdt5.tif	ok		97.23410034	55.22423172	42.00986862	20.71873474	16.83188629	1.23092174	5.32389641	3.20760870	1.65977116	4.50136948	-0.98983961	5.49120909	0.29096943	0.22248957	1.30778911	0.41666667	0.43602894
wl-tile-v1-10644	wl-pos-pos-es-pba-27869	pos-es-pba-27869	1	positive	train	ES	Castro da Croa de Xan da Torre	Castroverde	A Meda (Santiago)	croa_top_ring_hint		120.0	data/external/weak-label-relief-v1/train/positive/wl-tile-v1-10644-pos-es-pba-27869-mdt5.tif	ok		587.82513428	588.54187012	-0.71673584	5.11343431	5.48512316	0.93223692	0.64351451	0.69316435	0.92837220	-0.10985208	0.20302591	-0.31287799	0.41261598	0.35100302	1.17553400	0.30555556	0.63315034
wl-tile-v1-11372	wl-pos-pos-es-pba-60105	pos-es-pba-60105	1	positive	train	ES	Castro da Croa dos Castelos	Arbo	Sela (Santa María)	croa_top_ring_hint		120.0	data/external/weak-label-relief-v1/train/positive/wl-tile-v1-11372-pos-es-pba-60105-mdt5.tif	ok		203.94404602	196.92594910	7.01809692	20.82668877	14.98649502	1.38969711	2.86314273	1.68312931	1.70108304	1.31309426	-0.37803340	1.69112766	0.47641912	0.29994816	1.58833822	0.72222222	0.66462737
wl-tile-v1-10645	wl-pos-pos-es-pba-27870	pos-es-pba-27870	1	positive	train	ES	Castro da Croa ou de Folgosa	Castroverde	Agustín (Santa María)	croa_top_ring_hint		120.0	data/external/weak-label-relief-v1/train/positive/wl-tile-v1-10645-pos-es-pba-27870-mdt5.tif	ok		602.30230713	582.56359863	19.73870850	11.39295387	11.74874783	0.96971644	1.21968615	1.42552602	0.85560427	1.29819787	-0.49866599	1.79686385	0.26354012	0.31197810	0.84473916	0.30555556	0.56119897
wl-tile-v1-11529	wl-pos-pos-es-pba-68507	pos-es-pba-68507	1	positive	train	ES	Castro da Croa/A Croa de Lougares	Mondariz	Lougares (San Fiz)	croa_top_ring_hint		120.0	data/external/weak-label-relief-v1/train/positive/wl-tile-v1-11529-pos-es-pba-68507-mdt5.tif	ok		232.43041992	190.15876770	42.27165222	22.63562012	19.71486664	1.14814980	1.49101031	2.68910193	0.55446403	4.08789206	-0.65876102	4.74665308	0.26367569	0.26622939	0.99040789	0.05555556	0.66928528
wl-tile-v1-10646	wl-pos-pos-es-pba-27871	pos-es-pba-27871	1	positive	train	ES	Castro da Croa/Croa da Casiña	Castroverde	Furís (Santo Estevo)	croa_top_ring_hint		120.0	data/external/weak-label-relief-v1/train/positive/wl-tile-v1-10646-pos-es-pba-27871-mdt5.tif	ok		681.02148438	670.05938721	10.96209717	13.63521004	11.78540802	1.15695698	2.55425596	1.95850003	1.30418990	2.93645239	-0.55181718	3.48826957	0.33177584	0.28608164	1.15972434	0.50000000	0.62427344
wl-tile-v1-10476	wl-pos-pos-es-pba-24700	pos-es-pba-24700	1	positive	train	ES	Castro da Croela	Trazo	Castelo (Santa María)	generic_castro_hint		120.0	data/external/weak-label-relief-v1/train/positive/wl-tile-v1-10476-pos-es-pba-24700-mdt5.tif	ok		254.38032532	233.17387390	21.20645142	11.98923111	6.80762815	1.76114659	1.47566104	1.18781590	1.24233144	2.19436193	-0.71170574	2.90606767	0.29418680	0.24184720	1.21641598	0.50000000	0.63380349
wl-tile-v1-11653	wl-pos-pos-es-pba-70319	pos-es-pba-70319	1	positive	train	ES	Castro da Cruz/Os Castros	Tui	Malvas (Santiago)	generic_castro_hint		120.0	data/external/weak-label-relief-v1/train/positive/wl-tile-v1-11653-pos-es-pba-70319-mdt5.tif	ok		219.61380005	198.84501648	20.76878357	11.74850464	13.22806835	0.88814968	1.24713814	1.31514549	0.94828911	2.07791352	-0.05194411	2.12985763	0.37417880	0.35665289	1.04913997	0.30555556	0.62293112
wl-tile-v1-10145	wl-pos-pos-es-pba-12760	pos-es-pba-12760	1	positive	train	ES	Castro da Devesa	Malpica de Bergantiños	Cambre (San Martiño)	generic_castro_hint		120.0	data/external/weak-label-relief-v1/train/positive/wl-tile-v1-10145-pos-es-pba-12760-mdt5.tif	ok		113.43122864	108.09448242	5.33674622	18.07891083	18.87664223	0.95773976	3.87523174	3.07055092	1.26206399	1.72715688	-0.91871792	2.64587480	0.37591261	0.33253354	1.13045021	0.47222222	0.60333702
wl-tile-v1-10251	wl-pos-pos-es-pba-15625	pos-es-pba-15625	1	positive	train	ES	Castro da Devesa	Ordes	Barbeiros (Santa María)	generic_castro_hint		120.0	data/external/weak-label-relief-v1/train/positive/wl-tile-v1-10251-pos-es-pba-15625-mdt5.tif	ok		302.03155518	289.66174316	12.36981201	8.85673714	5.68136978	1.55890876	1.16172028	1.04124331	1.11570491	1.12219203	-0.53896916	1.66116118	0.32823306	0.41217920	0.79633582	0.50000000	0.63364376
wl-tile-v1-11006	wl-pos-pos-es-pba-41949	pos-es-pba-41949	1	positive	train	ES	Castro da Devesa	Sarria	Corvelle (Santa María)	generic_castro_hint		120.0	data/external/weak-label-relief-v1/train/positive/wl-tile-v1-11006-pos-es-pba-41949-mdt5.tif	ok		434.53582764	424.73553467	9.80029297	7.61405802	4.79565716	1.58769857	0.82383853	0.63354713	1.30035872	1.62398899	-0.12052005	1.74450903	0.34121594	0.34812984	0.98013988	0.63888889	0.71882984
wl-tile-v1-11648	wl-pos-pos-es-pba-71137	pos-es-pba-71137	1	positive	train	ES	Castro da Devesa de Rebadillo	Tomiño	Goián (San Cristovo)	generic_castro_hint		120.0	data/external/weak-label-relief-v1/train/positive/wl-tile-v1-11648-pos-es-pba-71137-mdt5.tif	ok		35.98825073	29.86846733	6.11978340	4.38536835	3.86029530	1.13601888	0.70818865	0.59608781	1.18806095	0.70587474	-0.08103884	0.78691358	0.31263512	0.29100797	1.07431810	0.33333333	0.54769496
wl-tile-v1-10383	wl-pos-pos-es-pba-20155	pos-es-pba-20155	1	positive	train	ES	Castro da Devesa do Carballal	Santiago de Compostela	O Carballal (San Xulián)	generic_castro_hint		120.0	data/external/weak-label-relief-v1/train/positive/wl-tile-v1-10383-pos-es-pba-20155-mdt5.tif	ok		333.21881104	324.95446777	8.26434326	4.55869007	6.52558899	0.69858676	0.41122144	0.56781065	0.72422284	0.59877235	0.35989177	0.23888057	0.24463035	0.24313009	1.00617062	0.02777778	0.74889529
wl-tile-v1-10690	wl-pos-pos-es-pba-28882	pos-es-pba-28882	1	positive	train	ES	Castro da Devesa do Rei	Folgoso do Courel	Esperante (San Pedro)	generic_castro_hint		120.0	data/external/weak-label-relief-v1/train/positive/wl-tile-v1-10690-pos-es-pba-28882-mdt5.tif	ok		592.87249756	618.80773926	-25.93524170	23.77810097	27.33875847	0.86975789	3.70922017	4.10423851	0.90375356	0.01867571	-1.36055708	1.37923279	0.35771921	0.28929883	1.23650417	0.30555556	0.57385745
wl-tile-v1-10761	wl-pos-pos-es-pba-31581	pos-es-pba-31581	1	positive	train	ES	Castro da Eirexa/Castro de San Xoán	Láncara	Muro (San Xoán)	generic_castro_hint		120.0	data/external/weak-label-relief-v1/train/positive/wl-tile-v1-10761-pos-es-pba-31581-mdt5.tif	ok		523.17340088	504.71640015	18.45700073	8.80719376	7.55221939	1.16617292	0.76905507	0.64654917	1.18947655	1.48842347	0.21240231	1.27602115	0.30455565	0.30220571	1.00777597	0.36111111	0.60193357
wl-tile-v1-10647	wl-pos-pos-es-pba-27872	pos-es-pba-27872	1	positive	train	ES	Castro da Eirexe	Castroverde	Páramo (San Miguel)	generic_castro_hint		120.0	data/external/weak-label-relief-v1/train/positive/wl-tile-v1-10647-pos-es-pba-27872-mdt5.tif	ok		711.50860596	702.23883057	9.26977539	7.03286934	6.58017445	1.06879679	1.00097191	1.01332521	0.98780914	1.43870044	-0.21787949	1.65657993	0.26709256	0.28099090	0.95053810	0.33333333	0.64772897
wl-tile-v1-10762	wl-pos-pos-es-pba-31582	pos-es-pba-31582	1	positive	train	ES	Castro da Eirexe	Láncara	Neira de Cabaleiros (Santa María Madanela)	generic_castro_hint		120.0	data/external/weak-label-relief-v1/train/positive/wl-tile-v1-10762-pos-es-pba-31582-mdt5.tif	ok		463.29046631	451.97286987	11.31759644	5.31701851	5.72949457	0.92800830	0.55773461	0.48403764	1.15225463	0.97673804	0.25891116	0.71782687	0.24471709	0.24083336	1.01612623	0.41666667	0.68787800
wl-tile-v1-10887	wl-pos-pos-es-pba-37199	pos-es-pba-37199	1	positive	train	ES	Castro da Eirexe/Aira do Castro/Castro de Moscá	O Páramo	Moscán (Santa María Madanela)	generic_castro_hint		120.0	data/external/weak-label-relief-v1/train/positive/wl-tile-v1-10887-pos-es-pba-37199-mdt5.tif	ok		398.85116577	395.52453613	3.32662964	4.43391848	3.92722368	1.12902112	0.54524249	0.55561709	0.98132778	0.35722473	0.00790849	0.34931624	0.42116037	0.34863505	1.20802648	0.27777778	0.66219084
wl-tile-v1-11403	wl-pos-pos-es-pba-62905	pos-es-pba-62905	1	positive	train	ES	Castro da Eirexiña	Cangas	O Hío (Santo André)	generic_castro_hint		120.0	data/external/weak-label-relief-v1/train/positive/wl-tile-v1-11403-pos-es-pba-62905-mdt5.tif	ok		8.03581619	4.43838024	3.59743595	3.51928759	3.13210440	1.12361759	0.87308699	0.43452248	2.00930223	0.80179840	-0.14418523	0.94598363	0.14797528	0.13021529	1.13638947	0.66666667	0.46966032
wl-tile-v1-10763	wl-pos-pos-es-pba-31583	pos-es-pba-31583	1	positive	train	ES	Castro da Ermida	Láncara	Lama (Santa María)	generic_castro_hint		120.0	data/external/weak-label-relief-v1/train/positive/wl-tile-v1-10763-pos-es-pba-31583-mdt5.tif	ok		453.19198608	443.50915527	9.68283081	8.01537704	7.03645897	1.13912084	0.81492025	0.73577404	1.10756863	0.89761180	-0.08191776	0.97952956	0.30234078	0.24312636	1.24355406	0.36111111	0.64865502
wl-tile-v1-10764	wl-pos-pos-es-pba-31584	pos-es-pba-31584	1	positive	train	ES	Castro da Ermida	Láncara	Vilaleo (Santa María)	generic_castro_hint		120.0	data/external/weak-label-relief-v1/train/positive/wl-tile-v1-10764-pos-es-pba-31584-mdt5.tif	ok		583.18353271	575.43511963	7.74841309	3.92139602	4.15355444	0.94410608	0.40116742	0.41108766	0.97586831	0.71763164	0.13742886	0.58020277	0.49985462	0.44434029	1.12493653	0.22222222	0.68825159
wl-tile-v1-10648	wl-pos-pos-es-pba-27873	pos-es-pba-27873	1	positive	train	ES	Castro da Ermida de Santa Cristina	Castroverde	A Pumarega (Santa Mariña)	generic_castro_hint		120.0	data/external/weak-label-relief-v1/train/positive/wl-tile-v1-10648-pos-es-pba-27873-mdt5.tif	ok		560.49285889	540.95141602	19.54144287	8.71114635	7.29163218	1.19467715	1.23945010	0.91206819	1.35894455	2.31594086	-0.21888372	2.53482458	0.31368268	0.26235670	1.19563433	0.44444444	0.59647269
wl-tile-v1-11242	wl-pos-pos-es-pba-51594	pos-es-pba-51594	1	positive	train	ES	Castro da Ermida/O Castro	Larouco	Larouco (Santa María)	generic_castro_hint		120.0	data/external/weak-label-relief-v1/train/positive/wl-tile-v1-11242-pos-es-pba-51594-mdt5.tif	ok		602.51434326	544.87164307	57.64270020	23.41198730	24.44991112	0.95754897	2.27763653	1.66554618	1.36750128	4.37065029	0.98477328	3.38587701	0.26698717	0.22944011	1.16364648	0.52777778	0.53139147
wl-tile-v1-10953	wl-pos-pos-es-pba-37087	pos-es-pba-37087	1	positive	train	ES	Castro da Escrita/Tras do Castro	Pedrafita do Cebreiro	Pacios (San Lourenzo)	generic_castro_hint		120.0	data/external/weak-label-relief-v1/train/positive/wl-tile-v1-10953-pos-es-pba-37087-mdt5.tif	ok		1095.85388184	1049.65832520	46.19555664	23.69234848	23.40607071	1.01223092	2.17207384	2.61990356	0.82906633	4.61133003	0.02191996	4.58941008	0.22707725	0.24974005	0.90925443	0.25000000	0.58868089
wl-tile-v1-11166	wl-pos-pos-es-pba-57712	pos-es-pba-57712	1	positive	train	ES	Castro da Espeñuca/A Peneda	A Veiga	Prada (Santo André)	generic_castro_hint		120.0	data/external/weak-label-relief-v1/train/positive/wl-tile-v1-11166-pos-es-pba-57712-mdt5.tif	ok		981.55651855	930.09796143	51.45855713	22.52356720	22.99913788	0.97932224	1.86808074	1.59248030	1.17306364	3.71338677	0.55122352	3.16216326	0.19451337	0.22986789	0.84619633	0.44444444	0.61127957
wl-tile-v1-11561	wl-pos-pos-es-pba-71366	pos-es-pba-71366	1	positive	train	ES	Castro da Fonte do Ouro	O Rosal	O Rosal (Santa Mariña)	generic_castro_hint		120.0	data/external/weak-label-relief-v1/train/positive/wl-tile-v1-11561-pos-es-pba-71366-mdt5.tif	ok		394.12033081	370.65591431	23.46441650	19.04839706	18.25669479	1.04336504	1.17234957	1.86514592	0.62855649	2.01233816	-0.21298978	2.22532794	0.29278490	0.31283480	0.93590898	0.16666667	0.55305743
wl-tile-v1-11705	wl-pos-pos-es-pba-75451	pos-es-pba-75451	1	positive	train	ES	Castro da Fontenla	Vilanova de Arousa	Baión (San Xoán)	generic_castro_hint		120.0	data/external/weak-label-relief-v1/train/positive/wl-tile-v1-11705-pos-es-pba-75451-mdt5.tif	ok		35.19089508	29.18735123	6.00354385	5.04724741	5.42146730	0.93097443	0.70959997	0.70715320	1.00346003	0.65845871	-0.09685662	0.75531533	0.40171665	0.46541020	0.86314534	0.27777778	0.66842998
wl-tile-v1-09992	wl-pos-pos-es-pba-3508	pos-es-pba-3508	1	positive	train	ES	Castro da Forca/Castro de Antelo	Carballo	Rus (Santa María)	generic_castro_hint		120.0	data/external/weak-label-relief-v1/train/positive/wl-tile-v1-09992-pos-es-pba-3508-mdt5.tif	ok		347.01467896	325.53326416	21.48141479	8.89821434	12.12435436	0.73391243	0.76820028	0.90838814	0.84567405	1.75071669	0.63349867	1.11721802	0.31349668	0.29580012	1.05982607	0.22222222	0.59595963
wl-tile-v1-11350	wl-pos-pos-es-pba-65293	pos-es-pba-65293	1	positive	train	ES	Castro da Forca/O Montiño	A Guarda	A Guarda (Santa María)	generic_castro_hint		120.0	data/external/weak-label-relief-v1/train/positive/wl-tile-v1-11350-pos-es-pba-65293-mdt5.tif	ok		67.58166504	57.10814667	10.47351837	8.58640480	8.03637981	1.06844189	1.09797776	0.97589678	1.12509620	1.39822245	-0.29511288	1.69333532	0.33791390	0.28477985	1.18657940	0.36111111	0.66654677
wl-tile-v1-11299	wl-pos-pos-es-pba-56746	pos-es-pba-56746	1	positive	train	ES	Castro da Fraga da Moura	Riós	Castrelo de Cima (Santa María)	generic_castro_hint		120.0	data/external/weak-label-relief-v1/train/positive/wl-tile-v1-11299-pos-es-pba-56746-mdt5.tif	ok		890.59741211	859.45043945	31.14697266	16.74215698	18.19188499	0.92030908	1.75078344	1.51385820	1.15650425	1.86057997	0.57619768	1.28438228	0.24721643	0.24454750	1.01091376	0.41666667	0.63450811
wl-tile-v1-11654	wl-pos-pos-es-pba-70320	pos-es-pba-70320	1	positive	train	ES	Castro da Granxa	Tui	Rebordáns (San Bartolomeu)	generic_castro_hint		120.0	data/external/weak-label-relief-v1/train/positive/wl-tile-v1-11654-pos-es-pba-70320-mdt5.tif	ok		47.40088272	37.48040390	9.92047882	7.07711124	5.82747126	1.21443949	1.46232140	0.94392669	1.54918959	1.86214411	0.14361729	1.71852683	0.33388901	0.31781012	1.05059275	0.55555556	0.60592165
wl-tile-v1-09945	wl-pos-pos-es-pba-1531	pos-es-pba-1531	1	positive	train	ES	Castro da Graña	Betanzos	Requián (Santiago)	generic_castro_hint		120.0	data/external/weak-label-relief-v1/train/positive/wl-tile-v1-09945-pos-es-pba-1531-mdt5.tif	ok		136.05308533	124.30352783	11.74955750	13.81602192	13.94664669	0.99063397	2.08372045	2.46293974	0.84602981	2.32586670	-0.61785650	2.94372320	0.32937488	0.38547054	0.85447485	0.27777778	0.62746837
wl-tile-v1-10441	wl-pos-pos-es-pba-24952	pos-es-pba-24952	1	positive	train	ES	Castro da Graña	Toques	A Capela (Santa María)	generic_castro_hint		120.0	data/external/weak-label-relief-v1/train/positive/wl-tile-v1-10441-pos-es-pba-24952-mdt5.tif	ok		543.48852539	516.05047607	27.43804932	13.43806076	13.32569027	1.00843262	1.27811754	1.13185549	1.12922325	3.14453626	0.37007254	2.77446371	0.25298151	0.27029368	0.93595052	0.41666667	0.62834711
wl-tile-v1-10649	wl-pos-pos-es-pba-27874	pos-es-pba-27874	1	positive	train	ES	Castro da Graña	Castroverde	Montecubeiro (San Cibrao)	generic_castro_hint		120.0	data/external/weak-label-relief-v1/train/positive/wl-tile-v1-10649-pos-es-pba-27874-mdt5.tif	ok		636.49426270	631.67712402	4.81713867	9.29821396	6.36842537	1.46004914	1.15206599	0.89554560	1.28644034	1.24737036	-0.11132389	1.35869426	0.39758387	0.32456458	1.22497617	0.44444444	0.66681305
wl-tile-v1-11378	wl-pos-pos-es-pba-68601	pos-es-pba-68601	1	positive	train	ES	Castro da Graña	As Neves	As Neves (Santa María)	generic_castro_hint		120.0	data/external/weak-label-relief-v1/train/positive/wl-tile-v1-11378-pos-es-pba-68601-mdt5.tif	ok		31.72453308	23.86522484	7.85930824	10.50225163	9.90120792	1.06070408	2.15347862	1.71661651	1.25449022	2.54844379	-0.47406125	3.02250504	0.34766716	0.30575177	1.13708960	0.55555556	0.67808807
wl-tile-v1-11101	wl-pos-pos-es-pba-30224	pos-es-pba-30224	1	positive	train	ES	Castro da Graña/Os Castros	Xermade	Roupar (San Pedro Fiz)	generic_castro_hint		120.0	data/external/weak-label-relief-v1/train/positive/wl-tile-v1-11101-pos-es-pba-30224-mdt5.tif	ok		522.86047363	515.07293701	7.78753662	7.40602255	8.80049706	0.84154594	0.91069442	1.04634047	0.87036146	0.22279616	-0.02304110	0.24583726	0.27743441	0.33021158	0.84017165	0.36111111	0.55525770
wl-tile-v1-10442	wl-pos-pos-es-pba-24953	pos-es-pba-24953	1	positive	train	ES	Castro da Grela	Toques	San Xiao do Monte (San Xiao)	generic_castro_hint		120.0	data/external/weak-label-relief-v1/train/positive/wl-tile-v1-10442-pos-es-pba-24953-mdt5.tif	ok		534.53295898	528.46246338	6.07049561	12.28731251	13.77379704	0.89207881	0.46530938	0.56640112	0.82151917	0.85536206	-0.13770597	0.99306802	0.47474825	0.53520018	0.88704801	0.22222222	0.71614116
wl-tile-v1-10107	wl-pos-pos-es-pba-9620	pos-es-pba-9620	1	positive	train	ES	Castro da Grixa	Dumbría	Berdeogás (Santiago)	generic_castro_hint		120.0	data/external/weak-label-relief-v1/train/positive/wl-tile-v1-10107-pos-es-pba-9620-mdt5.tif	ok		208.25866699	209.22753906	-0.96887207	5.45576477	8.40508747	0.64910268	1.08912146	1.33417833	0.81632375	0.35116601	-0.19641505	0.54758106	0.31200200	0.34724191	0.89851483	0.25000000	0.61454308
wl-tile-v1-10846	wl-pos-pos-es-pba-29948	pos-es-pba-29948	1	positive	train	ES	Castro da Grova	O Corgo	Paradela (San Fiz)	generic_castro_hint		120.0	data/external/weak-label-relief-v1/train/positive/wl-tile-v1-10846-pos-es-pba-29948-mdt5.tif	ok		504.68640137	497.20684814	7.47955322	4.11439753	4.08844423	1.00634796	0.37637365	0.41288105	0.91157890	0.67298472	0.10899784	0.56398688	0.52596343	0.54894793	0.95812990	0.11111111	0.77944692
wl-tile-v1-11359	wl-pos-pos-es-pba-66198	pos-es-pba-66198	1	positive	train	ES	Castro da Gurobela	Agolada	O Sexo (Santiago)	generic_castro_hint		120.0	data/external/weak-label-relief-v1/train/positive/wl-tile-v1-11359-pos-es-pba-66198-mdt5.tif	ok		370.38967896	361.03411865	9.35556030	6.26485443	8.18971539	0.76496607	0.73004407	0.95279455	0.76621352	1.11087394	0.48811266	0.62276128	0.31428415	0.32610598	0.96374848	0.13888889	0.63782175
wl-tile-v1-10586	wl-pos-pos-es-pba-44402	pos-es-pba-44402	1	positive	train	ES	Castro da Igrexa/A Cortiña da Igrexa	Baralla	Piñeira (San Salvador)	generic_castro_hint		120.0	data/external/weak-label-relief-v1/train/positive/wl-tile-v1-10586-pos-es-pba-44402-mdt5.tif	ok		570.46704102	550.80053711	19.66650391	13.18617916	11.34901619	1.16187861	1.29437256	1.59779656	0.81009848	1.83939791	-1.05421603	2.89361393	0.33613819	0.29964799	1.12177690	0.13888889	0.66435416
wl-tile-v1-10587	wl-pos-pos-es-pba-44431	pos-es-pba-44431	1	positive	train	ES	Castro da Igrexa/Castro de Lebruxo	Baralla	Lebruxo (San Tomé)	generic_castro_hint		120.0	data/external/weak-label-relief-v1/train/positive/wl-tile-v1-10587-pos-es-pba-44431-mdt5.tif	ok		631.58880615	608.36071777	23.22808838	13.48337269	11.32396984	1.19069309	1.23811877	1.40697527	0.87998616	2.11256075	-0.13078256	2.24334331	0.24942984	0.23955929	1.04120293	0.36111111	0.65981556
wl-tile-v1-11102	wl-pos-pos-es-pba-30225	pos-es-pba-30225	1	positive	train	ES	Castro da Igrexa/O Castro de Cazas	Xermade	Cazás (San Xulián)	generic_castro_hint		120.0	data/external/weak-label-relief-v1/train/positive/wl-tile-v1-11102-pos-es-pba-30225-mdt5.tif	ok		488.23254395	482.73056030	5.50198364	3.78707314	3.77386498	1.00349990	0.35535592	0.36954415	0.96160613	0.50788009	0.07978135	0.42809875	0.38295463	0.38600436	0.99209923	0.27777778	0.73051960
wl-tile-v1-10329	wl-pos-pos-es-pba-18628	pos-es-pba-18628	1	positive	train	ES	Castro da Illa da Estrela	Ponteceso	Corme Aldea (Santo Adrán)	coastal_promontory_hint		120.0	data/external/weak-label-relief-v1/train/positive/wl-tile-v1-10329-pos-es-pba-18628-mdt5.tif	ok		5.63872814	1.63443398	4.00429416	3.47286320	2.09883642	1.65466120	0.79254806	0.46969998	1.68734958	0.90023988	-0.19832914	1.09856902	0.15536134	0.05637494	2.75585795	0.97222222	0.54777664
wl-tile-v1-10422	wl-pos-pos-es-pba-23921	pos-es-pba-23921	1	positive	train	ES	Castro da Lagoa/Os Castros de Muradelo	Sobrado	Codesoso (San Miguel)	generic_castro_hint		120.0	data/external/weak-label-relief-v1/train/positive/wl-tile-v1-10422-pos-es-pba-23921-mdt5.tif	ok		664.07305908	642.90130615	21.17175293	11.28949165	9.28076553	1.21643970	1.22023892	1.25144076	0.97506727	1.86178207	-0.10547756	1.96725963	0.31638440	0.27619660	1.14550435	0.33333333	0.62807637
wl-tile-v1-10832	wl-pos-pos-es-pba-35177	pos-es-pba-35177	1	positive	train	ES	Castro da Lagúa	Navia de Suarna	Mosteiro (San Salvador)	generic_castro_hint		120.0	data/external/weak-label-relief-v1/train/positive/wl-tile-v1-10832-pos-es-pba-35177-mdt5.tif	ok		837.58441162	797.19714355	40.38726807	18.17382812	18.56046867	0.97916860	1.75654304	1.45466495	1.20752414	3.92953181	0.21109696	3.71843486	0.23428178	0.19079398	1.22793069	0.50000000	0.62810132
wl-tile-v1-10526	wl-pos-pos-es-pba-38417	pos-es-pba-38417	1	positive	train	ES	Castro da Lama	A Pobra do Brollón	Barxa de Lor (Santa Mariña)	generic_castro_hint		120.0	data/external/weak-label-relief-v1/train/positive/wl-tile-v1-10526-pos-es-pba-38417-mdt5.tif	ok		387.55157471	334.99942017	52.55215454	25.04222298	20.19926262	1.23975926	4.05606747	3.74139905	1.08410448	4.89794683	-1.13749814	6.03544497	0.39743036	0.38520193	1.03174550	0.36111111	0.58368573
wl-tile-v1-11354	wl-pos-pos-es-pba-67107	pos-es-pba-67107	1	positive	train	ES	Castro da Lama	A Lama	A Lama (San Salvador)	generic_castro_hint		120.0	data/external/weak-label-relief-v1/train/positive/wl-tile-v1-11354-pos-es-pba-67107-mdt5.tif	ok		458.64022827	413.81219482	44.82803345	20.34773064	16.68177032	1.21975847	2.50817871	1.52321649	1.64663312	4.25186062	-0.13171600	4.38357662	0.37639529	0.22615170	1.66434865	0.75000000	0.70076864
wl-tile-v1-11046	wl-pos-pos-es-pba-41245	pos-es-pba-41245	1	positive	train	ES	Castro da Laxa	Taboada	Sobrecedo (Santiago)	generic_castro_hint		120.0	data/external/weak-label-relief-v1/train/positive/wl-tile-v1-11046-pos-es-pba-41245-mdt5.tif	ok		468.88662720	442.20944214	26.67718506	13.80661011	19.23694229	0.71771334	2.49212980	2.41059375	1.03382405	2.32212758	-1.07442093	3.39654851	0.24032161	0.29474899	0.81534327	0.47222222	0.59530122
wl-tile-v1-11233	wl-pos-pos-es-pba-48059	pos-es-pba-48059	1	positive	train	ES	Castro da Madanela	Coles	Coles (San Xoán)	generic_castro_hint		120.0	data/external/weak-label-relief-v1/train/positive/wl-tile-v1-11233-pos-es-pba-48059-mdt5.tif	ok		441.07702637	409.10317993	31.97384644	14.66255093	8.56005001	1.71290482	1.34427428	1.09118402	1.23194095	3.59520173	-0.57785410	4.17305583	0.34033215	0.28849208	1.17969320	0.55555556	0.68669588
wl-tile-v1-10862	wl-pos-pos-es-pba-32296	pos-es-pba-32296	1	positive	train	ES	Castro da Margarida/A Ciudá	O Incio	Santa María do Mao (Santa María)	coastal_promontory_hint		120.0	data/external/weak-label-relief-v1/train/positive/wl-tile-v1-10862-pos-es-pba-32296-mdt5.tif	ok		849.33813477	815.36499023	33.97314453	16.15853119	17.51944923	0.92231959	1.21361208	1.11247957	1.09090730	2.57126880	0.52525860	2.04601020	0.21546325	0.24416892	0.88243520	0.38888889	0.57018301
wl-tile-v1-11316	wl-pos-pos-es-pba-58046	pos-es-pba-58046	1	positive	train	ES	Castro da Martiña	San Cristovo de Cea	Oseira (Santa María a Real)	coastal_promontory_hint		120.0	data/external/weak-label-relief-v1/train/positive/wl-tile-v1-11316-pos-es-pba-58046-mdt5.tif	ok		1028.21057129	996.23181152	31.97875977	14.41861820	12.41716385	1.16118450	1.22008264	1.06127918	1.14963401	2.77828646	0.01965226	2.75863419	0.24542952	0.20440930	1.20067685	0.33333333	0.56647205
wl-tile-v1-11470	wl-pos-pos-es-pba-65785	pos-es-pba-65785	1	positive	train	ES	Castro da Matanza	Gondomar	Vincios (Santa Mariña)	generic_castro_hint		120.0	data/external/weak-label-relief-v1/train/positive/wl-tile-v1-11470-pos-es-pba-65785-mdt5.tif	ok		185.56974792	173.65974426	11.91000366	9.98182392	8.73747253	1.14241548	2.14369178	1.38675404	1.54583417	3.31606817	0.08749728	3.22857089	0.41384825	0.34082603	1.21425070	0.52777778	0.57969186
wl-tile-v1-11155	wl-pos-pos-es-pba-55771	pos-es-pba-55771	1	positive	train	ES	Castro da Medorra	A Pobra de Trives	Mendoia (Nosa Señora da Concepción)	generic_castro_hint		120.0	data/external/weak-label-relief-v1/train/positive/wl-tile-v1-11155-pos-es-pba-55771-mdt5.tif	ok		576.80371094	551.78228760	25.02142334	14.50903034	17.91525841	0.80987000	1.94108880	1.66063249	1.16888523	1.48953485	0.63171762	0.85781723	0.21210805	0.22116989	0.95902768	0.36111111	0.66315266
wl-tile-v1-10817	wl-pos-pos-es-pba-35344	pos-es-pba-35344	1	positive	train	ES	Castro da Morerira/Agro do Castro	Monterroso	Pedraza (Santa María)	generic_castro_hint		120.0	data/external/weak-label-relief-v1/train/positive/wl-tile-v1-10817-pos-es-pba-35344-mdt5.tif	ok		513.01599121	503.24041748	9.77557373	9.15047836	8.82228756	1.03720019	1.45857549	1.55669200	0.93697114	1.58484530	-0.18408167	1.76892698	0.40335399	0.33774740	1.19424752	0.38888889	0.64880702
wl-tile-v1-11460	wl-pos-pos-es-pba-64033	pos-es-pba-64033	1	positive	train	ES	Castro da Mota	Forcarei	Castrelo (Santa Mariña)	generic_castro_hint		120.0	data/external/weak-label-relief-v1/train/positive/wl-tile-v1-11460-pos-es-pba-64033-mdt5.tif	ok		564.97558594	558.07879639	6.89678955	10.97275448	8.19741249	1.33856317	1.56681347	0.96376264	1.62572547	1.51732314	0.18251656	1.33480658	0.42438853	0.28449574	1.49172190	0.47222222	0.55399486
wl-tile-v1-10019	wl-pos-pos-es-pba-27147	pos-es-pba-27147	1	positive	train	ES	Castro da Moura	Cariño	A Pedra (Santa María)	generic_castro_hint		120.0	data/external/weak-label-relief-v1/train/positive/wl-tile-v1-10019-pos-es-pba-27147-mdt5.tif	ok		43.86819458	24.23886299	19.62933159	15.35657310	9.19239616	1.67057346	3.89698577	2.16575289	1.79936769	3.47314310	-0.25973490	3.73287800	0.26155549	0.19239157	1.35949557	0.58333333	0.55075593
wl-tile-v1-11461	wl-pos-pos-es-pba-64034	pos-es-pba-64034	1	positive	train	ES	Castro da Mouteira	Forcarei	Millarada (San Amedio)	generic_castro_hint		120.0	data/external/weak-label-relief-v1/train/positive/wl-tile-v1-11461-pos-es-pba-64034-mdt5.tif	ok		630.61547852	629.75177002	0.86370850	7.22136927	6.99278498	1.03268859	1.12606680	1.14934707	0.97974479	0.81160629	-0.10891598	0.92052227	0.32611412	0.31481495	1.03589144	0.30555556	0.63307747
wl-tile-v1-11124	wl-pos-pos-es-pba-47786	pos-es-pba-47786	1	positive	train	ES	Castro da Munía	A Bola	Sorga (San Mamede)	generic_castro_hint		120.0	data/external/weak-label-relief-v1/train/positive/wl-tile-v1-11124-pos-es-pba-47786-mdt5.tif	ok		814.10028076	784.07025146	30.03002930	15.36560822	12.57229233	1.22218032	1.19863307	0.98301929	1.21933830	2.43277788	0.23210487	2.20067301	0.33501849	0.26193804	1.27899900	0.44444444	0.58197329
wl-tile-v1-10555	wl-pos-pos-es-pba-26987	pos-es-pba-26987	1	positive	train	ES	Castro da Orela	Antas de Ulla	Santo Estevo do Castro de Amarante (Santo Estevo)	generic_castro_hint		120.0	data/external/weak-label-relief-v1/train/positive/wl-tile-v1-10555-pos-es-pba-26987-mdt5.tif	ok		525.37390137	520.03253174	5.34136963	4.28086424	3.67899656	1.16359561	0.86250168	0.66374552	1.29944633	1.22727549	-0.01948590	1.24676139	0.36455968	0.35579091	1.02464584	0.50000000	0.63493817
wl-tile-v1-10373	wl-pos-pos-es-pba-20300	pos-es-pba-20300	1	positive	train	ES	Castro da Pallota	Santa Comba	Fontecada (San Martiño)	generic_castro_hint		120.0	data/external/weak-label-relief-v1/train/positive/wl-tile-v1-10373-pos-es-pba-20300-mdt5.tif	ok		334.82379150	328.82461548	5.99917603	9.96673107	9.64400768	1.03346362	1.82759333	1.50719070	1.21258267	1.47428024	0.03953859	1.43474165	0.30348817	0.28138077	1.07856753	0.63888889	0.67507113
wl-tile-v1-10650	wl-pos-pos-es-pba-27875	pos-es-pba-27875	1	positive	train	ES	Castro da Pallota	Castroverde	Soutomerille (San Salvador)	generic_castro_hint		120.0	data/external/weak-label-relief-v1/train/positive/wl-tile-v1-10650-pos-es-pba-27875-mdt5.tif	ok		516.48266602	494.84875488	21.63391113	10.81544876	6.50370932	1.66296620	1.67623580	1.04150558	1.60943526	2.89285111	-0.40732154	3.30017266	0.34874424	0.24739552	1.40966275	0.61111111	0.52310361
wl-tile-v1-10556	wl-pos-pos-es-pba-26988	pos-es-pba-26988	1	positive	train	ES	Castro da Pena Grande	Antas de Ulla	Agela (San Mamede)	hilltop_hint		120.0	data/external/weak-label-relief-v1/train/positive/wl-tile-v1-10556-pos-es-pba-26988-mdt5.tif	ok		888.98107910	865.74041748	23.24066162	11.50985909	11.04224014	1.04234820	0.98026454	0.92633486	1.05821835	2.20925617	0.32477596	1.88448021	0.31212312	0.34743387	0.89836700	0.38888889	0.62948962
wl-tile-v1-10540	wl-pos-pos-es-pba-38845	pos-es-pba-38845	1	positive	train	ES	Castro da Pena das Vellas	A Pontenova	Vilarmide (O Salvador)	hilltop_hint		120.0	data/external/weak-label-relief-v1/train/positive/wl-tile-v1-10540-pos-es-pba-38845-mdt5.tif	ok		628.12176514	591.13995361	36.98181152	22.59574318	23.70429420	0.95323417	2.22172356	2.02059603	1.09953871	2.67178655	1.07464755	1.59713900	0.23317498	0.25056884	0.93058252	0.36111111	0.47895073
wl-tile-v1-09877	wl-pos-pos-es-pba-11223	pos-es-pba-11223	1	positive	train	ES	Castro da Pena/O Petón	A Laracha	Montemaior (Santa María Madanela)	hilltop_hint		120.0	data/external/weak-label-relief-v1/train/positive/wl-tile-v1-09877-pos-es-pba-11223-mdt5.tif	ok		371.40823364	362.44210815	8.96612549	7.78383875	7.72469330	1.00765667	1.80404770	1.40057695	1.28807468	2.05632591	0.42631888	1.63000703	0.33582252	0.29465416	1.13971757	0.38888889	0.49486026
wl-tile-v1-11136	wl-pos-pos-es-pba-52998	pos-es-pba-52998	1	positive	train	ES	Castro da Peneda de Cebre	A Merca	A Merca (Santa María)	generic_castro_hint		120.0	data/external/weak-label-relief-v1/train/positive/wl-tile-v1-11136-pos-es-pba-52998-mdt5.tif	ok		553.62646484	522.96234131	30.66412354	14.27044010	10.79264355	1.32223769	1.09174490	0.96478790	1.13159058	3.11417294	-0.08066663	3.19483957	0.28717762	0.25795773	1.11327397	0.36111111	0.54197977
wl-tile-v1-11600	wl-pos-pos-es-pba-71332	pos-es-pba-71332	1	positive	train	ES	Castro da Peneda/Castrizán	Redondela	O Viso (Santa María)	castrel_toponym_hint		120.0	data/external/weak-label-relief-v1/train/positive/wl-tile-v1-11600-pos-es-pba-71332-mdt5.tif	ok		307.97796631	244.06947327	63.90849304	26.68952370	22.35520172	1.19388427	1.99399805	1.67643905	1.18942472	5.23294687	0.35859662	4.87435025	0.25396341	0.25584495	0.99264578	0.47222222	0.55939332
wl-tile-v1-10557	wl-pos-pos-es-pba-26989	pos-es-pba-26989	1	positive	train	ES	Castro da Penela	Antas de Ulla	Reboredo (Santiago)	generic_castro_hint		120.0	data/external/weak-label-relief-v1/train/positive/wl-tile-v1-10557-pos-es-pba-26989-mdt5.tif	ok		563.37963867	544.99298096	18.38665771	11.89119339	9.00857925	1.31998543	1.29956269	1.20545018	1.07807251	1.25802982	-0.17053688	1.42856669	0.30080408	0.28477779	1.05627647	0.41666667	0.59246493
wl-tile-v1-10765	wl-pos-pos-es-pba-31585	pos-es-pba-31585	1	positive	train	ES	Castro da Penela	Láncara	Vilarello (San Pedro)	generic_castro_hint		120.0	data/external/weak-label-relief-v1/train/positive/wl-tile-v1-10765-pos-es-pba-31585-mdt5.tif	ok		560.61993408	542.75354004	17.86639404	9.68393326	11.22003746	0.86309277	0.62314093	0.71562588	0.87076355	1.41436315	0.35906407	1.05529907	0.29706782	0.28722396	1.03427241	0.25000000	0.62917687
wl-tile-v1-11342	wl-pos-pos-es-pba-60249	pos-es-pba-60249	1	positive	train	ES	Castro da Plaza	Vilardevós	Santa María de Traseirexa (Santa María)	generic_castro_hint		120.0	data/external/weak-label-relief-v1/train/positive/wl-tile-v1-11342-pos-es-pba-60249-mdt5.tif	ok		665.83953857	666.97442627	-1.13488770	16.24661064	10.87512398	1.49392418	3.11558890	1.75196636	1.77833832	1.19112659	0.17767903	1.01344755	0.41849732	0.28668991	1.45975604	0.80555556	0.63354974
wl-tile-v1-10991	wl-pos-pos-es-pba-40973	pos-es-pba-40973	1	positive	train	ES	Castro da Portela	Ribas de Sil	Soutordei (Santiago)	generic_castro_hint		120.0	data/external/weak-label-relief-v1/train/positive/wl-tile-v1-10991-pos-es-pba-40973-mdt5.tif	ok		1033.41979980	992.18475342	41.23504639	25.92306519	23.54030228	1.10122057	1.94804716	2.55010056	0.76390994	4.29391766	-0.53295118	4.82686883	0.33568984	0.30367601	1.10542102	0.30555556	0.56857562
wl-tile-v1-10162	wl-pos-pos-es-pba-12435	pos-es-pba-12435	1	positive	train	ES	Castro da Pousada	Mesía	Castro (San Sebastián)	earthwork_or_wall_hint		120.0	data/external/weak-label-relief-v1/train/positive/wl-tile-v1-10162-pos-es-pba-12435-mdt5.tif	ok		377.53085327	375.17547607	2.35537720	11.21006680	12.19663715	0.91911128	1.91757965	1.38173139	1.38780928	1.20709741	-0.26590163	1.47299904	0.24339232	0.26271793	0.92643968	0.41666667	0.55414972
wl-tile-v1-10912	wl-pos-pos-es-pba-41930	pos-es-pba-41930	1	positive	train	ES	Castro da Pousada	O Saviñao	Licín (Santalla)	generic_castro_hint		120.0	data/external/weak-label-relief-v1/train/positive/wl-tile-v1-10912-pos-es-pba-41930-mdt5.tif	ok		631.28900146	620.99731445	10.29168701	6.85820580	6.51943398	1.05196338	0.66782784	0.56593943	1.18003414	1.08602691	0.12114856	0.96487834	0.43715069	0.46025929	0.94979221	0.50000000	0.68280566
wl-tile-v1-11591	wl-pos-pos-es-pba-69678	pos-es-pba-69678	1	positive	train	ES	Castro da Raxeira/Monte do Castro	Pontevedra	Mourente (Santa María)	hilltop_hint		120.0	data/external/weak-label-relief-v1/train/positive/wl-tile-v1-11591-pos-es-pba-69678-mdt5.tif	ok		221.54331970	197.29394531	24.24937439	10.65407276	9.72312546	1.09574568	1.33768570	1.05455589	1.26848251	3.41641784	0.02289467	3.39352317	0.28160715	0.23567979	1.19487187	0.41666667	0.59162073
wl-tile-v1-11132	wl-pos-pos-es-pba-50677	pos-es-pba-50677	1	positive	train	ES	Castro da Ribeira	A Gudiña	A Gudiña (San Martiño e San Pedro)	valley_or_river_edge_hint		120.0	data/external/weak-label-relief-v1/train/positive/wl-tile-v1-11132-pos-es-pba-50677-mdt5.tif	ok		858.25842285	840.26574707	17.99267578	22.08442307	19.99338722	1.10458637	3.01910734	3.57392669	0.84475917	3.08007765	-1.35031915	4.43039680	0.30049554	0.35992420	0.83488562	0.19444444	0.59993503
wl-tile-v1-09993	wl-pos-pos-es-pba-3509	pos-es-pba-3509	1	positive	train	ES	Castro da Ribeira/Castro de Nogareda	Carballo	Rus (Santa María)	valley_or_river_edge_hint		120.0	data/external/weak-label-relief-v1/train/positive/wl-tile-v1-09993-pos-es-pba-3509-mdt5.tif	ok		202.13215637	194.10896301	8.02319336	10.15435791	10.76307678	0.94344379	1.98910034	1.00849807	1.97233925	2.83538604	-0.58954239	3.42492843	0.28571665	0.23963557	1.19229650	0.63888889	0.60387312
