dataset	tile_id	sample_id	bank_id	label_class	label_role	final_split	country	name	municipality	parish	longitude	latitude	wms_source	wms_layer	dem_status	error
val	wl-tile-v1-13481	wl-neg-neg-pt-dgpc-108107	neg-pt-dgpc-108107	0	hard_negative	val	PT	Abrigo 11 da Ribeira da Cabreira/ Ribeira da Cabreira 11			-7.297940351536222	41.5054335321567	dgt_ortos2021_rgb	Ortos2021-RGB	unsupported_country	WCS MDT target currently supports Spain/EPSG:25830 only
val	wl-tile-v1-13482	wl-neg-neg-pt-dgpc-108112	neg-pt-dgpc-108112	0	hard_negative	val	PT	Abrigo 3 da Ribeira da Cabreira/ Ribeira da Cabreira 3			-7.296120756960736	41.507221035006395	dgt_ortos2021_rgb	Ortos2021-RGB	unsupported_country	WCS MDT target currently supports Spain/EPSG:25830 only
val	wl-tile-v1-13490	wl-neg-neg-pt-dgpc-114420	neg-pt-dgpc-114420	0	hard_negative	val	PT	Alto de Pandim / Gouvães da Serra			-7.7319388673519525	41.48669466012515	dgt_ortos2021_rgb	Ortos2021-RGB	unsupported_country	WCS MDT target currently supports Spain/EPSG:25830 only
val	wl-tile-v1-13491	wl-neg-neg-pt-dgpc-114771	neg-pt-dgpc-114771	0	hard_negative	val	PT	Alto do Cemitério Velho / Parada de monteiros			-7.726296415211796	41.56661276615648	dgt_ortos2021_rgb	Ortos2021-RGB	unsupported_country	WCS MDT target currently supports Spain/EPSG:25830 only
val	wl-tile-v1-13411	wl-neg-neg-pt-dgpc-105162	neg-pt-dgpc-105162	0	hard_negative	val	PT	Anta de Zedes (Casa da Moura I)			-7.293699138179899	41.27587936383766	dgt_ortos2021_rgb	Ortos2021-RGB	unsupported_country	WCS MDT target currently supports Spain/EPSG:25830 only
val	wl-tile-v1-13427	wl-neg-neg-pt-dgpc-112742	neg-pt-dgpc-112742	0	hard_negative	val	PT	Aqueduto da Serra do Pilar/Aqueduto do Sardão			-8.584641849574412	41.11381523513608	dgt_ortos2021_rgb	Ortos2021-RGB	unsupported_country	WCS MDT target currently supports Spain/EPSG:25830 only
val	wl-tile-v1-13391	wl-neg-neg-pt-dgpc-109238	neg-pt-dgpc-109238	0	hard_negative	val	PT	Ara de Louredo			-8.146107651442879	41.67957326976197	dgt_ortos2021_rgb	Ortos2021-RGB	unsupported_country	WCS MDT target currently supports Spain/EPSG:25830 only
val	wl-tile-v1-13451	wl-neg-neg-pt-dgpc-109417	neg-pt-dgpc-109417	0	hard_negative	val	PT	Arca 1			-8.564291089712382	41.75425596260592	dgt_ortos2021_rgb	Ortos2021-RGB	unsupported_country	WCS MDT target currently supports Spain/EPSG:25830 only
val	wl-tile-v1-13483	wl-neg-neg-pt-dgpc-109237	neg-pt-dgpc-109237	0	hard_negative	val	PT	Arquinho 2			-7.2640315104356095	41.61922990189063	dgt_ortos2021_rgb	Ortos2021-RGB	unsupported_country	WCS MDT target currently supports Spain/EPSG:25830 only
val	wl-tile-v1-13475	wl-neg-neg-pt-dgpc-109410	neg-pt-dgpc-109410	0	hard_negative	val	PT	Batocas/ Lamas da Cidade			-7.598645654007771	41.755025548531975	dgt_ortos2021_rgb	Ortos2021-RGB	unsupported_country	WCS MDT target currently supports Spain/EPSG:25830 only
val	wl-tile-v1-13478	wl-neg-neg-pt-dgpc-104755	neg-pt-dgpc-104755	0	hard_negative	val	PT	Cabanelas			-7.785881253890541	41.23827183775959	dgt_ortos2021_rgb	Ortos2021-RGB	unsupported_country	WCS MDT target currently supports Spain/EPSG:25830 only
val	wl-tile-v1-13441	wl-neg-neg-pt-dgpc-112885	neg-pt-dgpc-112885	0	hard_negative	val	PT	Calçada Romana de Brito			-8.632967908638845	41.02749837357024	dgt_ortos2021_rgb	Ortos2021-RGB	unsupported_country	WCS MDT target currently supports Spain/EPSG:25830 only
val	wl-tile-v1-13435	wl-neg-neg-pt-dgpc-112831	neg-pt-dgpc-112831	0	hard_negative	val	PT	Calçada da Belavista			-8.5849280501009	41.07015168542056	dgt_ortos2021_rgb	Ortos2021-RGB	unsupported_country	WCS MDT target currently supports Spain/EPSG:25830 only
val	wl-tile-v1-13447	wl-neg-neg-pt-dgpc-112926	neg-pt-dgpc-112926	0	hard_negative	val	PT	Calçada de Novias			-8.61641896766503	41.09194972122268	dgt_ortos2021_rgb	Ortos2021-RGB	unsupported_country	WCS MDT target currently supports Spain/EPSG:25830 only
val	wl-tile-v1-13422	wl-neg-neg-pt-dgpc-112689	neg-pt-dgpc-112689	0	hard_negative	val	PT	Canelas / Paranho			-8.596022019801612	41.066727249751146	dgt_ortos2021_rgb	Ortos2021-RGB	unsupported_country	WCS MDT target currently supports Spain/EPSG:25830 only
val	wl-tile-v1-13439	wl-neg-neg-pt-dgpc-112854	neg-pt-dgpc-112854	0	hard_negative	val	PT	Capela de Crasto			-8.579966679787987	41.06005859476957	dgt_ortos2021_rgb	Ortos2021-RGB	unsupported_country	WCS MDT target currently supports Spain/EPSG:25830 only
val	wl-tile-v1-13472	wl-neg-neg-pt-dgpc-112419	neg-pt-dgpc-112419	0	hard_negative	val	PT	Carvalhal 1			-8.593675682590462	41.7279665890531	dgt_ortos2021_rgb	Ortos2021-RGB	unsupported_country	WCS MDT target currently supports Spain/EPSG:25830 only
val	wl-tile-v1-13473	wl-neg-neg-pt-dgpc-112420	neg-pt-dgpc-112420	0	hard_negative	val	PT	Carvalhal 2			-8.595198967273014	41.72759704794694	dgt_ortos2021_rgb	Ortos2021-RGB	unsupported_country	WCS MDT target currently supports Spain/EPSG:25830 only
val	wl-tile-v1-13487	wl-neg-neg-pt-dgpc-107835	neg-pt-dgpc-107835	0	hard_negative	val	PT	Carvalhas Alvas 2			-7.631231186494405	41.46379996485325	dgt_ortos2021_rgb	Ortos2021-RGB	unsupported_country	WCS MDT target currently supports Spain/EPSG:25830 only
val	wl-tile-v1-13417	wl-neg-neg-pt-dgpc-112657	neg-pt-dgpc-112657	0	hard_negative	val	PT	Castelo de Crestuma			-8.505044115441315	41.068550545290485	dgt_ortos2021_rgb	Ortos2021-RGB	unsupported_country	WCS MDT target currently supports Spain/EPSG:25830 only
val	wl-tile-v1-13429	wl-neg-neg-pt-dgpc-112789	neg-pt-dgpc-112789	0	hard_negative	val	PT	Castelo de Gaia			-8.624432705392545	41.13959688907197	dgt_ortos2021_rgb	Ortos2021-RGB	unsupported_country	WCS MDT target currently supports Spain/EPSG:25830 only
val	wl-tile-v1-13376	wl-neg-neg-pt-dgpc-107262	neg-pt-dgpc-107262	0	hard_negative	val	PT	Castelo de Guimarães			-8.290415363594562	41.448036366555655	dgt_ortos2021_rgb	Ortos2021-RGB	unsupported_country	WCS MDT target currently supports Spain/EPSG:25830 only
val	wl-tile-v1-13488	wl-neg-neg-pt-dgpc-107849	neg-pt-dgpc-107849	0	hard_negative	val	PT	Castelo dos Mouros / Cidadelha de Jales			-7.557427891185221	41.46718797025837	dgt_ortos2021_rgb	Ortos2021-RGB	unsupported_country	WCS MDT target currently supports Spain/EPSG:25830 only
val	wl-tile-v1-13466	wl-neg-neg-pt-dgpc-111980	neg-pt-dgpc-111980	0	hard_negative	val	PT	Chã da Mourisca			-8.537781691703318	41.824991315542604	dgt_ortos2021_rgb	Ortos2021-RGB	unsupported_country	WCS MDT target currently supports Spain/EPSG:25830 only
val	wl-tile-v1-13470	wl-neg-neg-pt-dgpc-112398	neg-pt-dgpc-112398	0	hard_negative	val	PT	Costeira			-8.522475924395803	41.70731842881318	dgt_ortos2021_rgb	Ortos2021-RGB	unsupported_country	WCS MDT target currently supports Spain/EPSG:25830 only
val	wl-tile-v1-13378	wl-neg-neg-pt-dgpc-107440	neg-pt-dgpc-107440	0	hard_negative	val	PT	Covas			-8.335294962542482	41.529891014664486	dgt_ortos2021_rgb	Ortos2021-RGB	unsupported_country	WCS MDT target currently supports Spain/EPSG:25830 only
val	wl-tile-v1-13375	wl-neg-neg-pt-dgpc-106902	neg-pt-dgpc-106902	0	hard_negative	val	PT	Crasto			-8.354809769218763	41.42370064393128	dgt_ortos2021_rgb	Ortos2021-RGB	unsupported_country	WCS MDT target currently supports Spain/EPSG:25830 only
val	wl-tile-v1-13382	wl-neg-neg-pt-dgpc-108119	neg-pt-dgpc-108119	0	hard_negative	val	PT	Cruzeiro			-8.25135853527677	41.50865166286569	dgt_ortos2021_rgb	Ortos2021-RGB	unsupported_country	WCS MDT target currently supports Spain/EPSG:25830 only
val	wl-tile-v1-13454	wl-neg-neg-pt-dgpc-109895	neg-pt-dgpc-109895	0	hard_negative	val	PT	Curutelo			-8.605392309346145	41.65325637268409	dgt_ortos2021_rgb	Ortos2021-RGB	unsupported_country	WCS MDT target currently supports Spain/EPSG:25830 only
val	wl-tile-v1-13416	wl-neg-neg-pt-dgpc-111371	neg-pt-dgpc-111371	0	hard_negative	val	PT	Ermida			-8.49217766642086	41.33277702213259	dgt_ortos2021_rgb	Ortos2021-RGB	unsupported_country	WCS MDT target currently supports Spain/EPSG:25830 only
val	wl-tile-v1-13485	wl-neg-neg-pt-dgpc-110183	neg-pt-dgpc-110183	0	hard_negative	val	PT	Fragas da Cadeia			-7.242423133505653	41.73685509040637	dgt_ortos2021_rgb	Ortos2021-RGB	unsupported_country	WCS MDT target currently supports Spain/EPSG:25830 only
val	wl-tile-v1-13372	wl-neg-neg-pt-dgpc-107819	neg-pt-dgpc-107819	0	hard_negative	val	PT	Golães			-8.185189702586863	41.46162942267676	dgt_ortos2021_rgb	Ortos2021-RGB	unsupported_country	WCS MDT target currently supports Spain/EPSG:25830 only
val	wl-tile-v1-13388	wl-neg-neg-pt-dgpc-109114	neg-pt-dgpc-109114	0	hard_negative	val	PT	Gravuras das Bragadas			-8.03747071113323	41.61246778563611	dgt_ortos2021_rgb	Ortos2021-RGB	unsupported_country	WCS MDT target currently supports Spain/EPSG:25830 only
val	wl-tile-v1-13386	wl-neg-neg-pt-dgpc-109021	neg-pt-dgpc-109021	0	hard_negative	val	PT	Gravuras de Parada			-8.046743417194067	41.604263829012986	dgt_ortos2021_rgb	Ortos2021-RGB	unsupported_country	WCS MDT target currently supports Spain/EPSG:25830 only
val	wl-tile-v1-13448	wl-neg-neg-pt-dgpc-112943	neg-pt-dgpc-112943	0	hard_negative	val	PT	Gravuras rupestres do Cabedelo			-8.667331641027916	41.13732903124638	dgt_ortos2021_rgb	Ortos2021-RGB	unsupported_country	WCS MDT target currently supports Spain/EPSG:25830 only
val	wl-tile-v1-13383	wl-neg-neg-pt-dgpc-114473	neg-pt-dgpc-114473	0	hard_negative	val	PT	Guimarães - Extensão do Museu Alberto Sampaio/ Palacete da Praça de São Tiago com a Rua Gravador Molarinho 16-34			-8.293505836573624	41.44301174326196	dgt_ortos2021_rgb	Ortos2021-RGB	unsupported_country	WCS MDT target currently supports Spain/EPSG:25830 only
val	wl-tile-v1-13418	wl-neg-neg-pt-dgpc-112658	neg-pt-dgpc-112658	0	hard_negative	val	PT	Gulpilhares / Necrópole do Alto da Vela			-8.630917283916007	41.072567542741055	dgt_ortos2021_rgb	Ortos2021-RGB	unsupported_country	WCS MDT target currently supports Spain/EPSG:25830 only
val	wl-tile-v1-13374	wl-neg-neg-pt-dgpc-106891	neg-pt-dgpc-106891	0	hard_negative	val	PT	Igreja de Infantas			-8.242206873761061	41.42320587888173	dgt_ortos2021_rgb	Ortos2021-RGB	unsupported_country	WCS MDT target currently supports Spain/EPSG:25830 only
val	wl-tile-v1-13420	wl-neg-neg-pt-dgpc-112672	neg-pt-dgpc-112672	0	hard_negative	val	PT	Inscrição de Pedroso			-8.573604318499429	41.08179701589803	dgt_ortos2021_rgb	Ortos2021-RGB	unsupported_country	WCS MDT target currently supports Spain/EPSG:25830 only
val	wl-tile-v1-13479	wl-neg-neg-pt-dgpc-104847	neg-pt-dgpc-104847	0	hard_negative	val	PT	Louredo/ Fornelos			-7.812096565431066	41.24972403628716	dgt_ortos2021_rgb	Ortos2021-RGB	unsupported_country	WCS MDT target currently supports Spain/EPSG:25830 only
val	wl-tile-v1-13380	wl-neg-neg-pt-dgpc-107992	neg-pt-dgpc-107992	0	hard_negative	val	PT	Lápide das Taipas/ Ara de Trajano/Ara de Nerva/ Penedo da Moura			-8.344014494704846	41.487044924206224	dgt_ortos2021_rgb	Ortos2021-RGB	unsupported_country	WCS MDT target currently supports Spain/EPSG:25830 only
val	wl-tile-v1-13459	wl-neg-neg-pt-dgpc-110175	neg-pt-dgpc-110175	0	hard_negative	val	PT	Mamoa 1 da Boalhosa			-8.471090379534143	41.737492727980246	dgt_ortos2021_rgb	Ortos2021-RGB	unsupported_country	WCS MDT target currently supports Spain/EPSG:25830 only
val	wl-tile-v1-13443	wl-neg-neg-pt-dgpc-112900	neg-pt-dgpc-112900	0	hard_negative	val	PT	Mamoa 1 de Santa Lomédia			-8.463551992484142	41.04779590093835	dgt_ortos2021_rgb	Ortos2021-RGB	unsupported_country	WCS MDT target currently supports Spain/EPSG:25830 only
val	wl-tile-v1-13460	wl-neg-neg-pt-dgpc-110176	neg-pt-dgpc-110176	0	hard_negative	val	PT	Mamoa 2 da Boalhosa			-8.471369364095379	41.737770565020334	dgt_ortos2021_rgb	Ortos2021-RGB	unsupported_country	WCS MDT target currently supports Spain/EPSG:25830 only
val	wl-tile-v1-13437	wl-neg-neg-pt-dgpc-112845	neg-pt-dgpc-112845	0	hard_negative	val	PT	Mamoa 2 da Gestosa			-8.491741794355331	41.04394232141598	dgt_ortos2021_rgb	Ortos2021-RGB	unsupported_country	WCS MDT target currently supports Spain/EPSG:25830 only
val	wl-tile-v1-13402	wl-neg-neg-pt-dgpc-109880	neg-pt-dgpc-109880	0	hard_negative	val	PT	Mamoa 2 da Lama dos Eidos			-8.15593382802984	41.65276836038539	dgt_ortos2021_rgb	Ortos2021-RGB	unsupported_country	WCS MDT target currently supports Spain/EPSG:25830 only
val	wl-tile-v1-13395	wl-neg-neg-pt-dgpc-109420	neg-pt-dgpc-109420	0	hard_negative	val	PT	Mamoa 2 da Serra de S. Mamede			-8.22710165111301	41.630916297646046	dgt_ortos2021_rgb	Ortos2021-RGB	unsupported_country	WCS MDT target currently supports Spain/EPSG:25830 only
val	wl-tile-v1-13407	wl-neg-neg-pt-dgpc-110049	neg-pt-dgpc-110049	0	hard_negative	val	PT	Mamoa 2 de Penedo Covo			-8.140460994342448	41.662530252760455	dgt_ortos2021_rgb	Ortos2021-RGB	unsupported_country	WCS MDT target currently supports Spain/EPSG:25830 only
val	wl-tile-v1-13444	wl-neg-neg-pt-dgpc-112903	neg-pt-dgpc-112903	0	hard_negative	val	PT	Mamoa 2 de Santa Lomédia			-8.463627752900738	41.04807762933694	dgt_ortos2021_rgb	Ortos2021-RGB	unsupported_country	WCS MDT target currently supports Spain/EPSG:25830 only
val	wl-tile-v1-13461	wl-neg-neg-pt-dgpc-110180	neg-pt-dgpc-110180	0	hard_negative	val	PT	Mamoa 3 da Boalhosa			-8.471088314103394	41.738047270630005	dgt_ortos2021_rgb	Ortos2021-RGB	unsupported_country	WCS MDT target currently supports Spain/EPSG:25830 only
val	wl-tile-v1-13401	wl-neg-neg-pt-dgpc-109872	neg-pt-dgpc-109872	0	hard_negative	val	PT	Mamoa 3 da Lama dos Eidos			-8.157614460534125	41.652704980083314	dgt_ortos2021_rgb	Ortos2021-RGB	unsupported_country	WCS MDT target currently supports Spain/EPSG:25830 only
val	wl-tile-v1-13445	wl-neg-neg-pt-dgpc-112911	neg-pt-dgpc-112911	0	hard_negative	val	PT	Mamoa 3 de Santa Lomédia			-8.46393684059633	41.04803774652774	dgt_ortos2021_rgb	Ortos2021-RGB	unsupported_country	WCS MDT target currently supports Spain/EPSG:25830 only
val	wl-tile-v1-13458	wl-neg-neg-pt-dgpc-110172	neg-pt-dgpc-110172	0	hard_negative	val	PT	Mamoa 4 da Boalhosa			-8.471087514462264	41.73721428639596	dgt_ortos2021_rgb	Ortos2021-RGB	unsupported_country	WCS MDT target currently supports Spain/EPSG:25830 only
val	wl-tile-v1-13403	wl-neg-neg-pt-dgpc-109891	neg-pt-dgpc-109891	0	hard_negative	val	PT	Mamoa 4 da Lama dos Eidos			-8.157146390652779	41.65300219718451	dgt_ortos2021_rgb	Ortos2021-RGB	unsupported_country	WCS MDT target currently supports Spain/EPSG:25830 only
val	wl-tile-v1-13400	wl-neg-neg-pt-dgpc-109864	neg-pt-dgpc-109864	0	hard_negative	val	PT	Mamoa 5 da Lama dos Eidos			-8.158634678516107	41.652263581080696	dgt_ortos2021_rgb	Ortos2021-RGB	unsupported_country	WCS MDT target currently supports Spain/EPSG:25830 only
val	wl-tile-v1-13405	wl-neg-neg-pt-dgpc-109940	neg-pt-dgpc-109940	0	hard_negative	val	PT	Mamoa 6 da Lama dos Eidos			-8.151901084079666	41.65553318400979	dgt_ortos2021_rgb	Ortos2021-RGB	unsupported_country	WCS MDT target currently supports Spain/EPSG:25830 only
val	wl-tile-v1-13452	wl-neg-neg-pt-dgpc-109700	neg-pt-dgpc-109700	0	hard_negative	val	PT	Mamoa I de Fojo do Lobal			-8.564408553777408	41.70719508744525	dgt_ortos2021_rgb	Ortos2021-RGB	unsupported_country	WCS MDT target currently supports Spain/EPSG:25830 only
val	wl-tile-v1-13432	wl-neg-neg-pt-dgpc-112822	neg-pt-dgpc-112822	0	hard_negative	val	PT	Mamoa da Gougeva			-8.478222259138372	41.02780590658548	dgt_ortos2021_rgb	Ortos2021-RGB	unsupported_country	WCS MDT target currently supports Spain/EPSG:25830 only
val	wl-tile-v1-13425	wl-neg-neg-pt-dgpc-112726	neg-pt-dgpc-112726	0	hard_negative	val	PT	Mamoa da Madalena			-8.650817381426497	41.10994541801745	dgt_ortos2021_rgb	Ortos2021-RGB	unsupported_country	WCS MDT target currently supports Spain/EPSG:25830 only
val	wl-tile-v1-13419	wl-neg-neg-pt-dgpc-112669	neg-pt-dgpc-112669	0	hard_negative	val	PT	Mamoa da Raposa/Mamoa de Pedroso			-8.57448768191663	41.078165453187076	dgt_ortos2021_rgb	Ortos2021-RGB	unsupported_country	WCS MDT target currently supports Spain/EPSG:25830 only
val	wl-tile-v1-13457	wl-neg-neg-pt-dgpc-110120	neg-pt-dgpc-110120	0	hard_negative	val	PT	Mamoa das Regedoiras			-8.476151613894867	41.73042450064124	dgt_ortos2021_rgb	Ortos2021-RGB	unsupported_country	WCS MDT target currently supports Spain/EPSG:25830 only
val	wl-tile-v1-13467	wl-neg-neg-pt-dgpc-111986	neg-pt-dgpc-111986	0	hard_negative	val	PT	Mamoa de Chã da Mourisca			-8.53826942174119	41.82527665253799	dgt_ortos2021_rgb	Ortos2021-RGB	unsupported_country	WCS MDT target currently supports Spain/EPSG:25830 only
val	wl-tile-v1-13464	wl-neg-neg-pt-dgpc-111295	neg-pt-dgpc-111295	0	hard_negative	val	PT	Mamoa de Chã das Crivas			-8.536499436734658	41.8286250537756	dgt_ortos2021_rgb	Ortos2021-RGB	unsupported_country	WCS MDT target currently supports Spain/EPSG:25830 only
val	wl-tile-v1-13394	wl-neg-neg-pt-dgpc-109388	neg-pt-dgpc-109388	0	hard_negative	val	PT	Mamoa de Mariolas			-8.027680640926464	41.686774102322445	dgt_ortos2021_rgb	Ortos2021-RGB	unsupported_country	WCS MDT target currently supports Spain/EPSG:25830 only
val	wl-tile-v1-13442	wl-neg-neg-pt-dgpc-112893	neg-pt-dgpc-112893	0	hard_negative	val	PT	Mamoa de Matosinhos			-8.614009635970492	41.03588761880637	dgt_ortos2021_rgb	Ortos2021-RGB	unsupported_country	WCS MDT target currently supports Spain/EPSG:25830 only
val	wl-tile-v1-13408	wl-neg-neg-pt-dgpc-110067	neg-pt-dgpc-110067	0	hard_negative	val	PT	Mamoa de Pena Cova			-8.097909769655976	41.66286747641014	dgt_ortos2021_rgb	Ortos2021-RGB	unsupported_country	WCS MDT target currently supports Spain/EPSG:25830 only
val	wl-tile-v1-13450	wl-neg-neg-pt-dgpc-109351	neg-pt-dgpc-109351	0	hard_negative	val	PT	Mamoa de Sandiães			-8.560923602054817	41.6274106867011	dgt_ortos2021_rgb	Ortos2021-RGB	unsupported_country	WCS MDT target currently supports Spain/EPSG:25830 only
val	wl-tile-v1-13465	wl-neg-neg-pt-dgpc-111297	neg-pt-dgpc-111297	0	hard_negative	val	PT	Mamoa de São Mamede			-8.504870159751599	41.81407215072259	dgt_ortos2021_rgb	Ortos2021-RGB	unsupported_country	WCS MDT target currently supports Spain/EPSG:25830 only
val	wl-tile-v1-13434	wl-neg-neg-pt-dgpc-112827	neg-pt-dgpc-112827	0	hard_negative	val	PT	Mamoa do Alto da Cimalha			-8.51469205557104	41.057039360376805	dgt_ortos2021_rgb	Ortos2021-RGB	unsupported_country	WCS MDT target currently supports Spain/EPSG:25830 only
val	wl-tile-v1-13436	wl-neg-neg-pt-dgpc-112842	neg-pt-dgpc-112842	0	hard_negative	val	PT	Mamoa do Alto da Serra			-8.590079297430488	41.08280142285979	dgt_ortos2021_rgb	Ortos2021-RGB	unsupported_country	WCS MDT target currently supports Spain/EPSG:25830 only
val	wl-tile-v1-13396	wl-neg-neg-pt-dgpc-109447	neg-pt-dgpc-109447	0	hard_negative	val	PT	Mamoa do Alto da Serrinha			-8.080236710845186	41.63238397261415	dgt_ortos2021_rgb	Ortos2021-RGB	unsupported_country	WCS MDT target currently supports Spain/EPSG:25830 only
val	wl-tile-v1-13449	wl-neg-neg-pt-dgpc-108616	neg-pt-dgpc-108616	0	hard_negative	val	PT	Mamoa do Monte das Lajes			-8.529997300569216	41.796677096179465	dgt_ortos2021_rgb	Ortos2021-RGB	unsupported_country	WCS MDT target currently supports Spain/EPSG:25830 only
val	wl-tile-v1-13393	wl-neg-neg-pt-dgpc-109378	neg-pt-dgpc-109378	0	hard_negative	val	PT	Mamoa dos Moinhos			-8.076085510772812	41.686186795289714	dgt_ortos2021_rgb	Ortos2021-RGB	unsupported_country	WCS MDT target currently supports Spain/EPSG:25830 only
val	wl-tile-v1-13390	wl-neg-neg-pt-dgpc-109229	neg-pt-dgpc-109229	0	hard_negative	val	PT	Miliário da Ponte do Arco			-7.9845196435547825	41.678668577967265	dgt_ortos2021_rgb	Ortos2021-RGB	unsupported_country	WCS MDT target currently supports Spain/EPSG:25830 only
val	wl-tile-v1-13406	wl-neg-neg-pt-dgpc-110025	neg-pt-dgpc-110025	0	hard_negative	val	PT	Miliário de Zebral			-8.024901227487995	41.66084158858216	dgt_ortos2021_rgb	Ortos2021-RGB	unsupported_country	WCS MDT target currently supports Spain/EPSG:25830 only
val	wl-tile-v1-13462	wl-neg-neg-pt-dgpc-110616	neg-pt-dgpc-110616	0	hard_negative	val	PT	Monte Maior 1			-8.6087150945135	41.66323598888538	dgt_ortos2021_rgb	Ortos2021-RGB	unsupported_country	WCS MDT target currently supports Spain/EPSG:25830 only
val	wl-tile-v1-13409	wl-neg-neg-pt-dgpc-110079	neg-pt-dgpc-110079	0	hard_negative	val	PT	Monte das Carvalhas			-8.125776950278121	41.663421682971915	dgt_ortos2021_rgb	Ortos2021-RGB	unsupported_country	WCS MDT target currently supports Spain/EPSG:25830 only
val	wl-tile-v1-13480	wl-neg-neg-pt-dgpc-107840	neg-pt-dgpc-107840	0	hard_negative	val	PT	Monte de Santa Comba			-7.332672907422369	41.465947900615234	dgt_ortos2021_rgb	Ortos2021-RGB	unsupported_country	WCS MDT target currently supports Spain/EPSG:25830 only
val	wl-tile-v1-13377	wl-neg-neg-pt-dgpc-107319	neg-pt-dgpc-107319	0	hard_negative	val	PT	Monte de Santa Eulália			-8.321016855005102	41.452933365770136	dgt_ortos2021_rgb	Ortos2021-RGB	unsupported_country	WCS MDT target currently supports Spain/EPSG:25830 only
val	wl-tile-v1-13440	wl-neg-neg-pt-dgpc-112873	neg-pt-dgpc-112873	0	hard_negative	val	PT	Necrópole da Serra de Negrelos			-8.590892104121632	41.07261520147575	dgt_ortos2021_rgb	Ortos2021-RGB	unsupported_country	WCS MDT target currently supports Spain/EPSG:25830 only
val	wl-tile-v1-13384	wl-neg-neg-pt-dgpc-107677	neg-pt-dgpc-107677	0	hard_negative	val	PT	Necrópole de São Pedro			-8.092944067523836	41.57600871996898	dgt_ortos2021_rgb	Ortos2021-RGB	unsupported_country	WCS MDT target currently supports Spain/EPSG:25830 only
val	wl-tile-v1-13392	wl-neg-neg-pt-dgpc-109370	neg-pt-dgpc-109370	0	hard_negative	val	PT	Outeiro da Coroa			-8.08846895808115	41.68587708012407	dgt_ortos2021_rgb	Ortos2021-RGB	unsupported_country	WCS MDT target currently supports Spain/EPSG:25830 only
val	wl-tile-v1-13412	wl-neg-neg-pt-dgpc-106067	neg-pt-dgpc-106067	0	hard_negative	val	PT	Pala da Moura			-7.1895762919079065	41.19824506310881	dgt_ortos2021_rgb	Ortos2021-RGB	unsupported_country	WCS MDT target currently supports Spain/EPSG:25830 only
val	wl-tile-v1-13404	wl-neg-neg-pt-dgpc-109932	neg-pt-dgpc-109932	0	hard_negative	val	PT	Pedra Escrita			-8.082391332075478	41.65505574982358	dgt_ortos2021_rgb	Ortos2021-RGB	unsupported_country	WCS MDT target currently supports Spain/EPSG:25830 only
val	wl-tile-v1-13413	wl-neg-neg-pt-dgpc-106211	neg-pt-dgpc-106211	0	hard_negative	val	PT	Penas Curvas 1			-6.682407654534239	41.29508285334156	dgt_ortos2021_rgb	Ortos2021-RGB	unsupported_country	WCS MDT target currently supports Spain/EPSG:25830 only
val	wl-tile-v1-13398	wl-neg-neg-pt-dgpc-109568	neg-pt-dgpc-109568	0	hard_negative	val	PT	Penedo Pegadinha			-8.098871820862954	41.63681165264383	dgt_ortos2021_rgb	Ortos2021-RGB	unsupported_country	WCS MDT target currently supports Spain/EPSG:25830 only
val	wl-tile-v1-13455	wl-neg-neg-pt-dgpc-109904	neg-pt-dgpc-109904	0	hard_negative	val	PT	Penedo de granito insculturado conhecido por Pedra do Cavalinho			-8.605878481802563	41.78022948398549	dgt_ortos2021_rgb	Ortos2021-RGB	unsupported_country	WCS MDT target currently supports Spain/EPSG:25830 only
val	wl-tile-v1-13414	wl-neg-neg-pt-dgpc-106953	neg-pt-dgpc-106953	0	hard_negative	val	PT	Pio			-6.472499289658512	41.37607037928329	dgt_ortos2021_rgb	Ortos2021-RGB	unsupported_country	WCS MDT target currently supports Spain/EPSG:25830 only
val	wl-tile-v1-13438	wl-neg-neg-pt-dgpc-112851	neg-pt-dgpc-112851	0	hard_negative	val	PT	Ponte da Retorta			-8.496119140789384	41.020311126011954	dgt_ortos2021_rgb	Ortos2021-RGB	unsupported_country	WCS MDT target currently supports Spain/EPSG:25830 only
val	wl-tile-v1-13385	wl-neg-neg-pt-dgpc-109010	neg-pt-dgpc-109010	0	hard_negative	val	PT	Ponte de Agra			-8.04843654787675	41.602923547129045	dgt_ortos2021_rgb	Ortos2021-RGB	unsupported_country	WCS MDT target currently supports Spain/EPSG:25830 only
val	wl-tile-v1-13373	wl-neg-neg-pt-dgpc-111765	neg-pt-dgpc-111765	0	hard_negative	val	PT	Ponte de Bouças/Sangido			-8.19725947418364	41.4483354117919	dgt_ortos2021_rgb	Ortos2021-RGB	unsupported_country	WCS MDT target currently supports Spain/EPSG:25830 only
val	wl-tile-v1-13410	wl-neg-neg-pt-dgpc-110101	neg-pt-dgpc-110101	0	hard_negative	val	PT	Ponte de Campos			-8.007870295620423	41.66403863160759	dgt_ortos2021_rgb	Ortos2021-RGB	unsupported_country	WCS MDT target currently supports Spain/EPSG:25830 only
val	wl-tile-v1-13463	wl-neg-neg-pt-dgpc-110800	neg-pt-dgpc-110800	0	hard_negative	val	PT	Ponte de Lima - Rua da Abadia, 43-47			-8.583979376994643	41.767484184644395	dgt_ortos2021_rgb	Ortos2021-RGB	unsupported_country	WCS MDT target currently supports Spain/EPSG:25830 only
val	wl-tile-v1-13399	wl-neg-neg-pt-dgpc-109699	neg-pt-dgpc-109699	0	hard_negative	val	PT	Ponte do Pêso			-8.122946586907647	41.6415700163455	dgt_ortos2021_rgb	Ortos2021-RGB	unsupported_country	WCS MDT target currently supports Spain/EPSG:25830 only
val	wl-tile-v1-13379	wl-neg-neg-pt-dgpc-107519	neg-pt-dgpc-107519	0	hard_negative	val	PT	Ponte do Turio			-8.209839475088142	41.54616943304586	dgt_ortos2021_rgb	Ortos2021-RGB	unsupported_country	WCS MDT target currently supports Spain/EPSG:25830 only
val	wl-tile-v1-13433	wl-neg-neg-pt-dgpc-112825	neg-pt-dgpc-112825	0	hard_negative	val	PT	Ponte e Calçada das Menesas			-8.563027687752667	41.10302681683386	dgt_ortos2021_rgb	Ortos2021-RGB	unsupported_country	WCS MDT target currently supports Spain/EPSG:25830 only
val	wl-tile-v1-13453	wl-neg-neg-pt-dgpc-109776	neg-pt-dgpc-109776	0	hard_negative	val	PT	Pratos da Senhora			-8.58142779940513	41.711559512954906	dgt_ortos2021_rgb	Ortos2021-RGB	unsupported_country	WCS MDT target currently supports Spain/EPSG:25830 only
val	wl-tile-v1-13415	wl-neg-neg-pt-dgpc-106554	neg-pt-dgpc-106554	0	hard_negative	val	PT	Quinta da Devesa			-8.476611864260702	41.342275706896636	dgt_ortos2021_rgb	Ortos2021-RGB	unsupported_country	WCS MDT target currently supports Spain/EPSG:25830 only
val	wl-tile-v1-13446	wl-neg-neg-pt-dgpc-112923	neg-pt-dgpc-112923	0	hard_negative	val	PT	Quinta de Santo António			-8.627244689629324	41.140436116573866	dgt_ortos2021_rgb	Ortos2021-RGB	unsupported_country	WCS MDT target currently supports Spain/EPSG:25830 only
val	wl-tile-v1-13456	wl-neg-neg-pt-dgpc-109969	neg-pt-dgpc-109969	0	hard_negative	val	PT	Quinta do Antepaço			-8.584227667880285	41.78533062266273	dgt_ortos2021_rgb	Ortos2021-RGB	unsupported_country	WCS MDT target currently supports Spain/EPSG:25830 only
val	wl-tile-v1-13421	wl-neg-neg-pt-dgpc-112675	neg-pt-dgpc-112675	0	hard_negative	val	PT	Rechousa / Senhora do Monte			-8.58785705970279	41.08644183717739	dgt_ortos2021_rgb	Ortos2021-RGB	unsupported_country	WCS MDT target currently supports Spain/EPSG:25830 only
val	wl-tile-v1-13381	wl-neg-neg-pt-dgpc-108097	neg-pt-dgpc-108097	0	hard_negative	val	PT	Reguengo			-8.30013126037503	41.50331472209224	dgt_ortos2021_rgb	Ortos2021-RGB	unsupported_country	WCS MDT target currently supports Spain/EPSG:25830 only
val	wl-tile-v1-13477	wl-neg-neg-pt-dgpc-109686	neg-pt-dgpc-109686	0	hard_negative	val	PT	Reigal/Chã de Lesenho - Mamoa 1 do Outeiro do Lesenho, Lesanho Grande 1/ Lesanho Grande			-7.757586570087078	41.64074378324104	dgt_ortos2021_rgb	Ortos2021-RGB	unsupported_country	WCS MDT target currently supports Spain/EPSG:25830 only
val	wl-tile-v1-13476	wl-neg-neg-pt-dgpc-109619	neg-pt-dgpc-109619	0	hard_negative	val	PT	Reigal/Chã de Lesenho - Mamoa 2 do Outeiro do Lesenho, Lesanho Grande 2			-7.756124494052013	41.648624076517784	dgt_ortos2021_rgb	Ortos2021-RGB	unsupported_country	WCS MDT target currently supports Spain/EPSG:25830 only
val	wl-tile-v1-13486	wl-neg-neg-pt-dgpc-114573	neg-pt-dgpc-114573	0	hard_negative	val	PT	Ribeira de Lila 1			-7.315970461728267	41.52067567212486	dgt_ortos2021_rgb	Ortos2021-RGB	unsupported_country	WCS MDT target currently supports Spain/EPSG:25830 only
val	wl-tile-v1-13389	wl-neg-neg-pt-dgpc-109211	neg-pt-dgpc-109211	0	hard_negative	val	PT	Salamonde			-8.091548840564474	41.67781113336232	dgt_ortos2021_rgb	Ortos2021-RGB	unsupported_country	WCS MDT target currently supports Spain/EPSG:25830 only
val	wl-tile-v1-13428	wl-neg-neg-pt-dgpc-112752	neg-pt-dgpc-112752	0	hard_negative	val	PT	Soengas de Coimbrões			-8.63157098257762	41.122818254577346	dgt_ortos2021_rgb	Ortos2021-RGB	unsupported_country	WCS MDT target currently supports Spain/EPSG:25830 only
val	wl-tile-v1-13468	wl-neg-neg-pt-dgpc-112314	neg-pt-dgpc-112314	0	hard_negative	val	PT	São Lourenço			-8.514527483645235	41.74403390853019	dgt_ortos2021_rgb	Ortos2021-RGB	unsupported_country	WCS MDT target currently supports Spain/EPSG:25830 only
val	wl-tile-v1-13387	wl-neg-neg-pt-dgpc-109060	neg-pt-dgpc-109060	0	hard_negative	val	PT	Tapadas da Várzea			-8.061842184538154	41.607758471376	dgt_ortos2021_rgb	Ortos2021-RGB	unsupported_country	WCS MDT target currently supports Spain/EPSG:25830 only
val	wl-tile-v1-13423	wl-neg-neg-pt-dgpc-112695	neg-pt-dgpc-112695	0	hard_negative	val	PT	Tartomil			-8.656794309068406	41.0902907543854	dgt_ortos2021_rgb	Ortos2021-RGB	unsupported_country	WCS MDT target currently supports Spain/EPSG:25830 only
val	wl-tile-v1-13426	wl-neg-neg-pt-dgpc-112739	neg-pt-dgpc-112739	0	hard_negative	val	PT	Telheira 1/ Mamoa da Cama			-8.624512878565183	41.11677533599589	dgt_ortos2021_rgb	Ortos2021-RGB	unsupported_country	WCS MDT target currently supports Spain/EPSG:25830 only
val	wl-tile-v1-13489	wl-neg-neg-pt-dgpc-111091	neg-pt-dgpc-111091	0	hard_negative	val	PT	Terrões			-7.71762626101061	41.55283493536005	dgt_ortos2021_rgb	Ortos2021-RGB	unsupported_country	WCS MDT target currently supports Spain/EPSG:25830 only
val	wl-tile-v1-13469	wl-neg-neg-pt-dgpc-112397	neg-pt-dgpc-112397	0	hard_negative	val	PT	Terças			-8.535021932715281	41.833148274893496	dgt_ortos2021_rgb	Ortos2021-RGB	unsupported_country	WCS MDT target currently supports Spain/EPSG:25830 only
val	wl-tile-v1-13471	wl-neg-neg-pt-dgpc-112418	neg-pt-dgpc-112418	0	hard_negative	val	PT	Vacariça			-8.53651711971218	41.829332325845954	dgt_ortos2021_rgb	Ortos2021-RGB	unsupported_country	WCS MDT target currently supports Spain/EPSG:25830 only
val	wl-tile-v1-13424	wl-neg-neg-pt-dgpc-112717	neg-pt-dgpc-112717	0	hard_negative	val	PT	Valadares/ Sameiro			-8.631190400792839	41.10400093672498	dgt_ortos2021_rgb	Ortos2021-RGB	unsupported_country	WCS MDT target currently supports Spain/EPSG:25830 only
val	wl-tile-v1-13474	wl-neg-neg-pt-dgpc-112421	neg-pt-dgpc-112421	0	hard_negative	val	PT	Varziela			-8.588483195869392	41.69439170130244	dgt_ortos2021_rgb	Ortos2021-RGB	unsupported_country	WCS MDT target currently supports Spain/EPSG:25830 only
val	wl-tile-v1-13397	wl-neg-neg-pt-dgpc-109552	neg-pt-dgpc-109552	0	hard_negative	val	PT	Vila Monteira			-8.232785985206858	41.63609750325423	dgt_ortos2021_rgb	Ortos2021-RGB	unsupported_country	WCS MDT target currently supports Spain/EPSG:25830 only
val	wl-tile-v1-13431	wl-neg-neg-pt-dgpc-112811	neg-pt-dgpc-112811	0	hard_negative	val	PT	Vila Nova de Gaia - Rua de São Marcos, 131-133			-8.625182510380744	41.14055623878799	dgt_ortos2021_rgb	Ortos2021-RGB	unsupported_country	WCS MDT target currently supports Spain/EPSG:25830 only
val	wl-tile-v1-13430	wl-neg-neg-pt-dgpc-112798	neg-pt-dgpc-112798	0	hard_negative	val	PT	Vila Nova de Gaia - Rua do Rei Ramiro/Cais de Gaia			-8.62276205034316	41.14033821800522	dgt_ortos2021_rgb	Ortos2021-RGB	unsupported_country	WCS MDT target currently supports Spain/EPSG:25830 only
val	wl-tile-v1-13484	wl-neg-neg-pt-dgpc-110088	neg-pt-dgpc-110088	0	hard_negative	val	PT	Vilarandelo 3			-7.3214750667307404	41.66361309458223	dgt_ortos2021_rgb	Ortos2021-RGB	unsupported_country	WCS MDT target currently supports Spain/EPSG:25830 only
val	wl-tile-v1-13864	wl-pos-pos-pt-dgpc-109197	pos-pt-dgpc-109197	1	positive	val	PT	Abrigo do Castro			-8.17527350660433	41.61669469484282	dgt_ortos2021_rgb	Ortos2021-RGB	unsupported_country	WCS MDT target currently supports Spain/EPSG:25830 only
val	wl-tile-v1-13911	wl-pos-pos-pt-dgpc-109067	pos-pt-dgpc-109067	1	positive	val	PT	Alto das Muradelhas/Castro de Vilarandelo			-7.307484001606936	41.67224832805812	dgt_ortos2021_rgb	Ortos2021-RGB	unsupported_country	WCS MDT target currently supports Spain/EPSG:25830 only
val	wl-tile-v1-13890	wl-pos-pos-pt-dgpc-109907	pos-pt-dgpc-109907	1	positive	val	PT	Bouça do Monte do Crasto / Castro do Formigoso			-8.666228955403598	41.78065734215796	dgt_ortos2021_rgb	Ortos2021-RGB	unsupported_country	WCS MDT target currently supports Spain/EPSG:25830 only
val	wl-tile-v1-13861	wl-pos-pos-pt-dgpc-108039	pos-pt-dgpc-108039	1	positive	val	PT	Castro			-8.24190731106702	41.49409301925264	dgt_ortos2021_rgb	Ortos2021-RGB	unsupported_country	WCS MDT target currently supports Spain/EPSG:25830 only
val	wl-tile-v1-13868	wl-pos-pos-pt-dgpc-106948	pos-pt-dgpc-106948	1	positive	val	PT	Castro Vicente / Senhor da Fraga / Santo Cristo			-6.829232599892753	41.37631062017529	dgt_ortos2021_rgb	Ortos2021-RGB	unsupported_country	WCS MDT target currently supports Spain/EPSG:25830 only
val	wl-tile-v1-13856	wl-pos-pos-pt-dgpc-107318	pos-pt-dgpc-107318	1	positive	val	PT	Castro da Boavista			-8.256288384440658	41.398998195700585	dgt_ortos2021_rgb	Ortos2021-RGB	unsupported_country	WCS MDT target currently supports Spain/EPSG:25830 only
val	wl-tile-v1-13908	wl-pos-pos-pt-dgpc-109988	pos-pt-dgpc-109988	1	positive	val	PT	Castro da Giestosa/ Castro do Souto da Lama			-7.834184254290253	41.657983959338935	dgt_ortos2021_rgb	Ortos2021-RGB	unsupported_country	WCS MDT target currently supports Spain/EPSG:25830 only
val	wl-tile-v1-13901	wl-pos-pos-pt-dgpc-109802	pos-pt-dgpc-109802	1	positive	val	PT	Castro da Gorda/Murada			-7.621592225472888	41.77589983162203	dgt_ortos2021_rgb	Ortos2021-RGB	unsupported_country	WCS MDT target currently supports Spain/EPSG:25830 only
val	wl-tile-v1-13875	wl-pos-pos-pt-dgpc-112713	pos-pt-dgpc-112713	1	positive	val	PT	Castro da Madalena			-8.639755552154988	41.10324319902354	dgt_ortos2021_rgb	Ortos2021-RGB	unsupported_country	WCS MDT target currently supports Spain/EPSG:25830 only
val	wl-tile-v1-13866	wl-pos-pos-pt-dgpc-106059	pos-pt-dgpc-106059	1	positive	val	PT	Castro da Rapa			-7.392643721507893	41.198401606753	dgt_ortos2021_rgb	Ortos2021-RGB	unsupported_country	WCS MDT target currently supports Spain/EPSG:25830 only
val	wl-tile-v1-13851	wl-pos-pos-pt-dgpc-107016	pos-pt-dgpc-107016	1	positive	val	PT	Castro da Retortinha/Cepães			-8.204906591406626	41.43235630643061	dgt_ortos2021_rgb	Ortos2021-RGB	unsupported_country	WCS MDT target currently supports Spain/EPSG:25830 only
val	wl-tile-v1-13884	wl-pos-pos-pt-dgpc-109397	pos-pt-dgpc-109397	1	positive	val	PT	Castro da Senhora da Conceição			-8.599403472634966	41.75310125941007	dgt_ortos2021_rgb	Ortos2021-RGB	unsupported_country	WCS MDT target currently supports Spain/EPSG:25830 only
val	wl-tile-v1-13877	wl-pos-pos-pt-dgpc-114839	pos-pt-dgpc-114839	1	positive	val	PT	Castro da Senhora da Saúde / Monte Murado			-8.575513486959927	41.05839918625671	dgt_ortos2021_rgb	Ortos2021-RGB	unsupported_country	WCS MDT target currently supports Spain/EPSG:25830 only
val	wl-tile-v1-13915	wl-pos-pos-pt-dgpc-110186	pos-pt-dgpc-110186	1	positive	val	PT	Castro das Bouças/Serralhão			-7.182556551465089	41.7372760910191	dgt_ortos2021_rgb	Ortos2021-RGB	unsupported_country	WCS MDT target currently supports Spain/EPSG:25830 only
val	wl-tile-v1-13865	wl-pos-pos-pt-dgpc-109395	pos-pt-dgpc-109395	1	positive	val	PT	Castro de Atafona			-8.165045736465748	41.62964513282357	dgt_ortos2021_rgb	Ortos2021-RGB	unsupported_country	WCS MDT target currently supports Spain/EPSG:25830 only
val	wl-tile-v1-13880	wl-pos-pos-pt-dgpc-108844	pos-pt-dgpc-108844	1	positive	val	PT	Castro de Baixo			-8.595410147524817	41.83480374239592	dgt_ortos2021_rgb	Ortos2021-RGB	unsupported_country	WCS MDT target currently supports Spain/EPSG:25830 only
val	wl-tile-v1-13876	wl-pos-pos-pt-dgpc-112730	pos-pt-dgpc-112730	1	positive	val	PT	Castro de Baiza			-8.567245544557629	41.11292644647829	dgt_ortos2021_rgb	Ortos2021-RGB	unsupported_country	WCS MDT target currently supports Spain/EPSG:25830 only
val	wl-tile-v1-13883	wl-pos-pos-pt-dgpc-109326	pos-pt-dgpc-109326	1	positive	val	PT	Castro de Cadem			-8.538355101825545	41.68340405722577	dgt_ortos2021_rgb	Ortos2021-RGB	unsupported_country	WCS MDT target currently supports Spain/EPSG:25830 only
val	wl-tile-v1-13899	wl-pos-pos-pt-dgpc-109588	pos-pt-dgpc-109588	1	positive	val	PT	Castro de Carvalhelhos/ Castelo dos Mouros			-7.732605153506768	41.69864107105331	dgt_ortos2021_rgb	Ortos2021-RGB	unsupported_country	WCS MDT target currently supports Spain/EPSG:25830 only
val	wl-tile-v1-13881	wl-pos-pos-pt-dgpc-108862	pos-pt-dgpc-108862	1	positive	val	PT	Castro de Cima			-8.591208332393492	41.836441169601144	dgt_ortos2021_rgb	Ortos2021-RGB	unsupported_country	WCS MDT target currently supports Spain/EPSG:25830 only
val	wl-tile-v1-13894	wl-pos-pos-pt-dgpc-109100	pos-pt-dgpc-109100	1	positive	val	PT	Castro de Ervas Ruivas			-7.827680944425159	41.61132876044402	dgt_ortos2021_rgb	Ortos2021-RGB	unsupported_country	WCS MDT target currently supports Spain/EPSG:25830 only
val	wl-tile-v1-13905	wl-pos-pos-pt-dgpc-109883	pos-pt-dgpc-109883	1	positive	val	PT	Castro de Lama Chã/ Castro de Lamachã			-7.757601938097882	41.717713444102294	dgt_ortos2021_rgb	Ortos2021-RGB	unsupported_country	WCS MDT target currently supports Spain/EPSG:25830 only
val	wl-tile-v1-13913	wl-pos-pos-pt-dgpc-109580	pos-pt-dgpc-109580	1	positive	val	PT	Castro de Lama do Ouriço/ Cabeço da Muralha			-7.334859100724135	41.69791945208472	dgt_ortos2021_rgb	Ortos2021-RGB	unsupported_country	WCS MDT target currently supports Spain/EPSG:25830 only
val	wl-tile-v1-13858	wl-pos-pos-pt-dgpc-107794	pos-pt-dgpc-107794	1	positive	val	PT	Castro de Monte Longo			-8.27853249941254	41.45881160923311	dgt_ortos2021_rgb	Ortos2021-RGB	unsupported_country	WCS MDT target currently supports Spain/EPSG:25830 only
val	wl-tile-v1-13907	wl-pos-pos-pt-dgpc-109898	pos-pt-dgpc-109898	1	positive	val	PT	Castro de Mouril 1			-7.611156720404171	41.6534074249115	dgt_ortos2021_rgb	Ortos2021-RGB	unsupported_country	WCS MDT target currently supports Spain/EPSG:25830 only
val	wl-tile-v1-13906	wl-pos-pos-pt-dgpc-109894	pos-pt-dgpc-109894	1	positive	val	PT	Castro de Mouril 2			-7.610378621892526	41.653133790062924	dgt_ortos2021_rgb	Ortos2021-RGB	unsupported_country	WCS MDT target currently supports Spain/EPSG:25830 only
val	wl-tile-v1-13909	wl-pos-pos-pt-dgpc-107723	pos-pt-dgpc-107723	1	positive	val	PT	Castro de Ribas/Alto da Cerca			-7.398614944199157	41.584450997837116	dgt_ortos2021_rgb	Ortos2021-RGB	unsupported_country	WCS MDT target currently supports Spain/EPSG:25830 only
val	wl-tile-v1-13853	wl-pos-pos-pt-dgpc-107914	pos-pt-dgpc-107914	1	positive	val	PT	Castro de Ribeiros			-8.12115097491146	41.47649719042512	dgt_ortos2021_rgb	Ortos2021-RGB	unsupported_country	WCS MDT target currently supports Spain/EPSG:25830 only
val	wl-tile-v1-13887	wl-pos-pos-pt-dgpc-109562	pos-pt-dgpc-109562	1	positive	val	PT	Castro de Santa Comba			-8.61918341753654	41.762859761953955	dgt_ortos2021_rgb	Ortos2021-RGB	unsupported_country	WCS MDT target currently supports Spain/EPSG:25830 only
val	wl-tile-v1-13891	wl-pos-pos-pt-dgpc-109997	pos-pt-dgpc-109997	1	positive	val	PT	Castro de Santa Luzia			-8.530709447626617	41.78732926225323	dgt_ortos2021_rgb	Ortos2021-RGB	unsupported_country	WCS MDT target currently supports Spain/EPSG:25830 only
val	wl-tile-v1-13874	wl-pos-pos-pt-dgpc-106651	pos-pt-dgpc-106651	1	positive	val	PT	Castro de Santa Margarida			-8.393976940671477	41.352667607046975	dgt_ortos2021_rgb	Ortos2021-RGB	unsupported_country	WCS MDT target currently supports Spain/EPSG:25830 only
val	wl-tile-v1-13912	wl-pos-pos-pt-dgpc-109222	pos-pt-dgpc-109222	1	positive	val	PT	Castro de Santa Valha			-7.269892538408665	41.67818310675554	dgt_ortos2021_rgb	Ortos2021-RGB	unsupported_country	WCS MDT target currently supports Spain/EPSG:25830 only
val	wl-tile-v1-13852	wl-pos-pos-pt-dgpc-107349	pos-pt-dgpc-107349	1	positive	val	PT	Castro de Santo Ovídio			-8.18697982655074	41.45532593181038	dgt_ortos2021_rgb	Ortos2021-RGB	unsupported_country	WCS MDT target currently supports Spain/EPSG:25830 only
val	wl-tile-v1-13903	wl-pos-pos-pt-dgpc-109830	pos-pt-dgpc-109830	1	positive	val	PT	Castro de Sapelos			-7.604416409398693	41.714329643039775	dgt_ortos2021_rgb	Ortos2021-RGB	unsupported_country	WCS MDT target currently supports Spain/EPSG:25830 only
val	wl-tile-v1-13860	wl-pos-pos-pt-dgpc-107927	pos-pt-dgpc-107927	1	positive	val	PT	Castro de São Bartolomeu			-8.382871090607754	41.479079354801975	dgt_ortos2021_rgb	Ortos2021-RGB	unsupported_country	WCS MDT target currently supports Spain/EPSG:25830 only
val	wl-tile-v1-13893	wl-pos-pos-pt-dgpc-110181	pos-pt-dgpc-110181	1	positive	val	PT	Castro de São João			-8.598309396026405	41.73647658986551	dgt_ortos2021_rgb	Ortos2021-RGB	unsupported_country	WCS MDT target currently supports Spain/EPSG:25830 only
val	wl-tile-v1-13892	wl-pos-pos-pt-dgpc-110033	pos-pt-dgpc-110033	1	positive	val	PT	Castro de São Simão			-8.560197121367624	41.789564100863416	dgt_ortos2021_rgb	Ortos2021-RGB	unsupported_country	WCS MDT target currently supports Spain/EPSG:25830 only
val	wl-tile-v1-13916	wl-pos-pos-pt-dgpc-107834	pos-pt-dgpc-107834	1	positive	val	PT	Castro de Telões			-7.69712232781007	41.46298367871509	dgt_ortos2021_rgb	Ortos2021-RGB	unsupported_country	WCS MDT target currently supports Spain/EPSG:25830 only
val	wl-tile-v1-13870	wl-pos-pos-pt-dgpc-105192	pos-pt-dgpc-105192	1	positive	val	PT	Castro de Vila			-8.421014927568221	41.27877015883033	dgt_ortos2021_rgb	Ortos2021-RGB	unsupported_country	WCS MDT target currently supports Spain/EPSG:25830 only
val	wl-tile-v1-13914	wl-pos-pos-pt-dgpc-109702	pos-pt-dgpc-109702	1	positive	val	PT	Castro de Vilanova/Alto da Cividade			-7.409092648577437	41.64165338696022	dgt_ortos2021_rgb	Ortos2021-RGB	unsupported_country	WCS MDT target currently supports Spain/EPSG:25830 only
val	wl-tile-v1-13889	wl-pos-pos-pt-dgpc-109680	pos-pt-dgpc-109680	1	positive	val	PT	Castro de Vilar			-8.5209695673544	41.76809562063844	dgt_ortos2021_rgb	Ortos2021-RGB	unsupported_country	WCS MDT target currently supports Spain/EPSG:25830 only
val	wl-tile-v1-13871	wl-pos-pos-pt-dgpc-106268	pos-pt-dgpc-106268	1	positive	val	PT	Castro do Busto			-8.413721082476867	41.303549328448526	dgt_ortos2021_rgb	Ortos2021-RGB	unsupported_country	WCS MDT target currently supports Spain/EPSG:25830 only
val	wl-tile-v1-13879	wl-pos-pos-pt-dgpc-108825	pos-pt-dgpc-108825	1	positive	val	PT	Castro do Bárrio			-8.58985332085378	41.83212505322817	dgt_ortos2021_rgb	Ortos2021-RGB	unsupported_country	WCS MDT target currently supports Spain/EPSG:25830 only
val	wl-tile-v1-13900	wl-pos-pos-pt-dgpc-109684	pos-pt-dgpc-109684	1	positive	val	PT	Castro do Cabeço			-7.656747747545886	41.706004986747644	dgt_ortos2021_rgb	Ortos2021-RGB	unsupported_country	WCS MDT target currently supports Spain/EPSG:25830 only
val	wl-tile-v1-13882	wl-pos-pos-pt-dgpc-109291	pos-pt-dgpc-109291	1	positive	val	PT	Castro do Calvário			-8.562846008821841	41.68187440661493	dgt_ortos2021_rgb	Ortos2021-RGB	unsupported_country	WCS MDT target currently supports Spain/EPSG:25830 only
val	wl-tile-v1-13888	wl-pos-pos-pt-dgpc-109657	pos-pt-dgpc-109657	1	positive	val	PT	Castro do Calvário			-8.58485635804831	41.703578085360974	dgt_ortos2021_rgb	Ortos2021-RGB	unsupported_country	WCS MDT target currently supports Spain/EPSG:25830 only
val	wl-tile-v1-13885	wl-pos-pos-pt-dgpc-109404	pos-pt-dgpc-109404	1	positive	val	PT	Castro do Cresto			-8.619586067710731	41.68885064321189	dgt_ortos2021_rgb	Ortos2021-RGB	unsupported_country	WCS MDT target currently supports Spain/EPSG:25830 only
val	wl-tile-v1-13896	wl-pos-pos-pt-dgpc-109253	pos-pt-dgpc-109253	1	positive	val	PT	Castro do Côto da Moura			-7.801656593834215	41.67995339482351	dgt_ortos2021_rgb	Ortos2021-RGB	unsupported_country	WCS MDT target currently supports Spain/EPSG:25830 only
val	wl-tile-v1-13902	wl-pos-pos-pt-dgpc-109813	pos-pt-dgpc-109813	1	positive	val	PT	Castro do Côto dos Corvos			-7.827319318598347	41.713427018828405	dgt_ortos2021_rgb	Ortos2021-RGB	unsupported_country	WCS MDT target currently supports Spain/EPSG:25830 only
val	wl-tile-v1-13897	wl-pos-pos-pt-dgpc-109500	pos-pt-dgpc-109500	1	positive	val	PT	Castro do Malhó			-7.624131275886375	41.758984949842414	dgt_ortos2021_rgb	Ortos2021-RGB	unsupported_country	WCS MDT target currently supports Spain/EPSG:25830 only
val	wl-tile-v1-13873	wl-pos-pos-pt-dgpc-106364	pos-pt-dgpc-106364	1	positive	val	PT	Castro do Monte Padrão/ Castro do Monte Córdova			-8.449301860872026	41.31292577161811	dgt_ortos2021_rgb	Ortos2021-RGB	unsupported_country	WCS MDT target currently supports Spain/EPSG:25830 only
val	wl-tile-v1-13859	wl-pos-pos-pt-dgpc-107859	pos-pt-dgpc-107859	1	positive	val	PT	Castro do Monte da Forca			-8.368786919038875	41.46797150187594	dgt_ortos2021_rgb	Ortos2021-RGB	unsupported_country	WCS MDT target currently supports Spain/EPSG:25830 only
val	wl-tile-v1-13895	wl-pos-pos-pt-dgpc-109165	pos-pt-dgpc-109165	1	positive	val	PT	Castro do Muro (Sapelos)			-7.584611522838958	41.74007647630062	dgt_ortos2021_rgb	Ortos2021-RGB	unsupported_country	WCS MDT target currently supports Spain/EPSG:25830 only
val	wl-tile-v1-13904	wl-pos-pos-pt-dgpc-109836	pos-pt-dgpc-109836	1	positive	val	PT	Castro do Muro/Casas dos Mouros			-7.636851111279482	41.715464466873875	dgt_ortos2021_rgb	Ortos2021-RGB	unsupported_country	WCS MDT target currently supports Spain/EPSG:25830 only
val	wl-tile-v1-13898	wl-pos-pos-pt-dgpc-109555	pos-pt-dgpc-109555	1	positive	val	PT	Castro do Poio			-7.80368017221315	41.636292407184804	dgt_ortos2021_rgb	Ortos2021-RGB	unsupported_country	WCS MDT target currently supports Spain/EPSG:25830 only
val	wl-tile-v1-13878	wl-pos-pos-pt-dgpc-108653	pos-pt-dgpc-108653	1	positive	val	PT	Castro do Soutinho			-8.571701671674093	41.80068469881987	dgt_ortos2021_rgb	Ortos2021-RGB	unsupported_country	WCS MDT target currently supports Spain/EPSG:25830 only
val	wl-tile-v1-13857	wl-pos-pos-pt-dgpc-107424	pos-pt-dgpc-107424	1	positive	val	PT	Citânia de Briteiros			-8.315842012432936	41.52767276099212	dgt_ortos2021_rgb	Ortos2021-RGB	unsupported_country	WCS MDT target currently supports Spain/EPSG:25830 only
val	wl-tile-v1-13862	wl-pos-pos-pt-dgpc-108140	pos-pt-dgpc-108140	1	positive	val	PT	Citânia de Sabroso			-8.341550564873213	41.511602322838506	dgt_ortos2021_rgb	Ortos2021-RGB	unsupported_country	WCS MDT target currently supports Spain/EPSG:25830 only
val	wl-tile-v1-13872	wl-pos-pos-pt-dgpc-106425	pos-pt-dgpc-106425	1	positive	val	PT	Citânia de Sanfins			-8.386334192412516	41.32315169022725	dgt_ortos2021_rgb	Ortos2021-RGB	unsupported_country	WCS MDT target currently supports Spain/EPSG:25830 only
val	wl-tile-v1-13910	wl-pos-pos-pt-dgpc-109003	pos-pt-dgpc-109003	1	positive	val	PT	Cividade			-7.304598226517649	41.66889478984631	dgt_ortos2021_rgb	Ortos2021-RGB	unsupported_country	WCS MDT target currently supports Spain/EPSG:25830 only
val	wl-tile-v1-13855	wl-pos-pos-pt-dgpc-107087	pos-pt-dgpc-107087	1	positive	val	PT	Eira do Castro			-8.384386318067024	41.437505577442344	dgt_ortos2021_rgb	Ortos2021-RGB	unsupported_country	WCS MDT target currently supports Spain/EPSG:25830 only
val	wl-tile-v1-13863	wl-pos-pos-pt-dgpc-109085	pos-pt-dgpc-109085	1	positive	val	PT	Monte do Crasto%Castro de Anissó			-8.164555939047519	41.60992751798526	dgt_ortos2021_rgb	Ortos2021-RGB	unsupported_country	WCS MDT target currently supports Spain/EPSG:25830 only
val	wl-tile-v1-13869	wl-pos-pos-pt-dgpc-106988	pos-pt-dgpc-106988	1	positive	val	PT	Pelourinho de Castro Vicente			-6.83926226038824	41.38009302316042	dgt_ortos2021_rgb	Ortos2021-RGB	unsupported_country	WCS MDT target currently supports Spain/EPSG:25830 only
val	wl-tile-v1-13854	wl-pos-pos-pt-dgpc-106909	pos-pt-dgpc-106909	1	positive	val	PT	Picoto de Santo Amaro/Castro de Santo Amaro			-8.318540996066085	41.42412517528792	dgt_ortos2021_rgb	Ortos2021-RGB	unsupported_country	WCS MDT target currently supports Spain/EPSG:25830 only
val	wl-tile-v1-13886	wl-pos-pos-pt-dgpc-109494	pos-pt-dgpc-109494	1	positive	val	PT	Roda do Castro			-8.545749811148902	41.69409175371059	dgt_ortos2021_rgb	Ortos2021-RGB	unsupported_country	WCS MDT target currently supports Spain/EPSG:25830 only
val	wl-tile-v1-13867	wl-pos-pos-pt-dgpc-106627	pos-pt-dgpc-106627	1	positive	val	PT	Serra Alta/Castro de Santiago			-6.624635400576493	41.35083004139152	dgt_ortos2021_rgb	Ortos2021-RGB	unsupported_country	WCS MDT target currently supports Spain/EPSG:25830 only
train_mini	wl-tile-v1-09842	wl-neg-neg-pt-dgpc-109485	neg-pt-dgpc-109485	0	hard_negative	train	PT	Abobeleira			-7.489830001785641	41.757862138830525	dgt_ortos2021_rgb	Ortos2021-RGB	unsupported_country	WCS MDT target currently supports Spain/EPSG:25830 only
train_mini	wl-tile-v1-09671	wl-neg-neg-pt-dgpc-113998	neg-pt-dgpc-113998	0	hard_negative	train	PT	Albergaria de Amarante			-8.082978847149942	41.274269818167234	dgt_ortos2021_rgb	Ortos2021-RGB	unsupported_country	WCS MDT target currently supports Spain/EPSG:25830 only
train_mini	wl-tile-v1-09786	wl-neg-neg-pt-dgpc-112388	neg-pt-dgpc-112388	0	hard_negative	train	PT	Almas 1			-8.553205857286674	41.95400290331258	dgt_ortos2021_rgb	Ortos2021-RGB	unsupported_country	WCS MDT target currently supports Spain/EPSG:25830 only
train_mini	wl-tile-v1-09787	wl-neg-neg-pt-dgpc-112389	neg-pt-dgpc-112389	0	hard_negative	train	PT	Almas 2			-8.552904773365952	41.955007982851846	dgt_ortos2021_rgb	Ortos2021-RGB	unsupported_country	WCS MDT target currently supports Spain/EPSG:25830 only
train_mini	wl-tile-v1-09789	wl-neg-neg-pt-dgpc-112391	neg-pt-dgpc-112391	0	hard_negative	train	PT	Almas 3			-8.553064141079286	41.95534727281584	dgt_ortos2021_rgb	Ortos2021-RGB	unsupported_country	WCS MDT target currently supports Spain/EPSG:25830 only
train_mini	wl-tile-v1-09860	wl-neg-neg-pt-dgpc-110210	neg-pt-dgpc-110210	0	hard_negative	train	PT	Alto da Raia			-7.892501639057414	41.92646548844683	dgt_ortos2021_rgb	Ortos2021-RGB	unsupported_country	WCS MDT target currently supports Spain/EPSG:25830 only
train_mini	wl-tile-v1-09839	wl-neg-neg-pt-dgpc-109328	neg-pt-dgpc-109328	0	hard_negative	train	PT	Alto do Circo/ Faiões			-7.422593323925045	41.748913322636895	dgt_ortos2021_rgb	Ortos2021-RGB	unsupported_country	WCS MDT target currently supports Spain/EPSG:25830 only
train_mini	wl-tile-v1-09665	wl-neg-neg-pt-dgpc-105104	neg-pt-dgpc-105104	0	hard_negative	train	PT	Amarante - Calçada da Misericórdia			-8.081246915917617	41.27219252605144	dgt_ortos2021_rgb	Ortos2021-RGB	unsupported_country	WCS MDT target currently supports Spain/EPSG:25830 only
train_mini	wl-tile-v1-09673	wl-neg-neg-pt-dgpc-114810	neg-pt-dgpc-114810	0	hard_negative	train	PT	Amarante - Ponte de Santa Luzia			-8.082811750155177	41.272125516765286	dgt_ortos2021_rgb	Ortos2021-RGB	unsupported_country	WCS MDT target currently supports Spain/EPSG:25830 only
train_mini	wl-tile-v1-09533	wl-neg-neg-pt-dgpc-109231	neg-pt-dgpc-109231	0	hard_negative	train	PT	Anjo da Guarda São Miguel-o-Anjo			-8.346639411620394	41.61905339405689	dgt_ortos2021_rgb	Ortos2021-RGB	unsupported_country	WCS MDT target currently supports Spain/EPSG:25830 only
train_mini	wl-tile-v1-09859	wl-neg-neg-pt-dgpc-109575	neg-pt-dgpc-109575	0	hard_negative	train	PT	Antigo de Arcos/ Arcos-Miliário do Imperador Tibério			-7.669406113029623	41.76359693956762	dgt_ortos2021_rgb	Ortos2021-RGB	unsupported_country	WCS MDT target currently supports Spain/EPSG:25830 only
train_mini	wl-tile-v1-09626	wl-neg-neg-pt-dgpc-109367	neg-pt-dgpc-109367	0	hard_negative	train	PT	Arca			-8.445128030034828	41.628234136079726	dgt_ortos2021_rgb	Ortos2021-RGB	unsupported_country	WCS MDT target currently supports Spain/EPSG:25830 only
train_mini	wl-tile-v1-09702	wl-neg-neg-pt-dgpc-104969	neg-pt-dgpc-104969	0	hard_negative	train	PT	Arcos			-8.541789200559847	41.25697442560436	dgt_ortos2021_rgb	Ortos2021-RGB	unsupported_country	WCS MDT target currently supports Spain/EPSG:25830 only
train_mini	wl-tile-v1-09704	wl-neg-neg-pt-dgpc-106058	neg-pt-dgpc-106058	0	hard_negative	train	PT	Ardegães/ Bouça da Cova da Moura			-8.56947680757387	41.233607962743655	dgt_ortos2021_rgb	Ortos2021-RGB	unsupported_country	WCS MDT target currently supports Spain/EPSG:25830 only
train_mini	wl-tile-v1-09595	wl-neg-neg-pt-dgpc-114655	neg-pt-dgpc-114655	0	hard_negative	train	PT	Assento			-8.320148127738037	41.70572847561232	dgt_ortos2021_rgb	Ortos2021-RGB	unsupported_country	WCS MDT target currently supports Spain/EPSG:25830 only
train_mini	wl-tile-v1-09621	wl-neg-neg-pt-dgpc-107051	neg-pt-dgpc-107051	0	hard_negative	train	PT	Atalaia do Telhado			-8.4517245674111	41.43499742301069	dgt_ortos2021_rgb	Ortos2021-RGB	unsupported_country	WCS MDT target currently supports Spain/EPSG:25830 only
train_mini	wl-tile-v1-09664	wl-neg-neg-pt-dgpc-105070	neg-pt-dgpc-105070	0	hard_negative	train	PT	Ataúdes			-8.064034971842643	41.269278660387315	dgt_ortos2021_rgb	Ortos2021-RGB	unsupported_country	WCS MDT target currently supports Spain/EPSG:25830 only
train_mini	wl-tile-v1-09809	wl-neg-neg-pt-dgpc-110401	neg-pt-dgpc-110401	0	hard_negative	train	PT	Barreira			-8.580239742991134	42.038223145757485	dgt_ortos2021_rgb	Ortos2021-RGB	unsupported_country	WCS MDT target currently supports Spain/EPSG:25830 only
train_mini	wl-tile-v1-09774	wl-neg-neg-pt-dgpc-108421	neg-pt-dgpc-108421	0	hard_negative	train	PT	Borzendes 2			-8.611472807593035	41.92233801236057	dgt_ortos2021_rgb	Ortos2021-RGB	unsupported_country	WCS MDT target currently supports Spain/EPSG:25830 only
train_mini	wl-tile-v1-09675	wl-neg-neg-pt-dgpc-106379	neg-pt-dgpc-106379	0	hard_negative	train	PT	Bouça Chã			-8.138495798300449	41.317668947333395	dgt_ortos2021_rgb	Ortos2021-RGB	unsupported_country	WCS MDT target currently supports Spain/EPSG:25830 only
train_mini	wl-tile-v1-09542	wl-neg-neg-pt-dgpc-112403	neg-pt-dgpc-112403	0	hard_negative	train	PT	Bouça da Giesta			-8.6650538858728	41.626108663170776	dgt_ortos2021_rgb	Ortos2021-RGB	unsupported_country	WCS MDT target currently supports Spain/EPSG:25830 only
train_mini	wl-tile-v1-09589	wl-neg-neg-pt-dgpc-107094	neg-pt-dgpc-107094	0	hard_negative	train	PT	Bouça de Mosqueiros			-7.97346544650917	41.387258944938154	dgt_ortos2021_rgb	Ortos2021-RGB	unsupported_country	WCS MDT target currently supports Spain/EPSG:25830 only
train_mini	wl-tile-v1-09532	wl-neg-neg-pt-dgpc-109017	neg-pt-dgpc-109017	0	hard_negative	train	PT	Bouças Velhas			-8.298472673353556	41.66959539277655	dgt_ortos2021_rgb	Ortos2021-RGB	unsupported_country	WCS MDT target currently supports Spain/EPSG:25830 only
train_mini	wl-tile-v1-09573	wl-neg-neg-pt-dgpc-111201	neg-pt-dgpc-111201	0	hard_negative	train	PT	Braga - Avenida da Imaculada Conceição (Nova Loja Lidl)			-8.426391027986964	41.54397082525856	dgt_ortos2021_rgb	Ortos2021-RGB	unsupported_country	WCS MDT target currently supports Spain/EPSG:25830 only
train_mini	wl-tile-v1-09563	wl-neg-neg-pt-dgpc-107560	neg-pt-dgpc-107560	0	hard_negative	train	PT	Braga - Avenida da Liberdade, 745			-8.422684566751855	41.550212971792995	dgt_ortos2021_rgb	Ortos2021-RGB	unsupported_country	WCS MDT target currently supports Spain/EPSG:25830 only
train_mini	wl-tile-v1-09553	wl-neg-neg-pt-dgpc-107535	neg-pt-dgpc-107535	0	hard_negative	train	PT	Braga - Avenida da Liberdade/Quarteirão dos C.T.T.			-8.422389224490304	41.54906242516026	dgt_ortos2021_rgb	Ortos2021-RGB	unsupported_country	WCS MDT target currently supports Spain/EPSG:25830 only
train_mini	wl-tile-v1-09558	wl-neg-neg-pt-dgpc-107545	neg-pt-dgpc-107545	0	hard_negative	train	PT	Braga - Carvalheiras			-8.430316149945021	41.54829953100297	dgt_ortos2021_rgb	Ortos2021-RGB	unsupported_country	WCS MDT target currently supports Spain/EPSG:25830 only
train_mini	wl-tile-v1-09575	wl-neg-neg-pt-dgpc-111296	neg-pt-dgpc-111296	0	hard_negative	train	PT	Braga - Instituto Monsenhor Airosa			-8.427494875347621	41.544946895159505	dgt_ortos2021_rgb	Ortos2021-RGB	unsupported_country	WCS MDT target currently supports Spain/EPSG:25830 only
train_mini	wl-tile-v1-09579	wl-neg-neg-pt-dgpc-112197	neg-pt-dgpc-112197	0	hard_negative	train	PT	Braga - Largo da Senhora-a-Branca, 126-128			-8.417650305798176	41.55110241947685	dgt_ortos2021_rgb	Ortos2021-RGB	unsupported_country	WCS MDT target currently supports Spain/EPSG:25830 only
train_mini	wl-tile-v1-09565	wl-neg-neg-pt-dgpc-107572	neg-pt-dgpc-107572	0	hard_negative	train	PT	Braga - Largo do Paço			-8.426414163366106	41.550312563877235	dgt_ortos2021_rgb	Ortos2021-RGB	unsupported_country	WCS MDT target currently supports Spain/EPSG:25830 only
train_mini	wl-tile-v1-09560	wl-neg-neg-pt-dgpc-107553	neg-pt-dgpc-107553	0	hard_negative	train	PT	Braga - Praça Conde São Joaquim, 21-23			-8.431562140402487	41.54903878005863	dgt_ortos2021_rgb	Ortos2021-RGB	unsupported_country	WCS MDT target currently supports Spain/EPSG:25830 only
train_mini	wl-tile-v1-09554	wl-neg-neg-pt-dgpc-107536	neg-pt-dgpc-107536	0	hard_negative	train	PT	Braga - Praça Jerónimo Pimentel, 36-37			-8.429805312892464	41.54752172228585	dgt_ortos2021_rgb	Ortos2021-RGB	unsupported_country	WCS MDT target currently supports Spain/EPSG:25830 only
train_mini	wl-tile-v1-09577	wl-neg-neg-pt-dgpc-111331	neg-pt-dgpc-111331	0	hard_negative	train	PT	Braga - Praça de República, 1			-8.423300700873469	41.551903222714095	dgt_ortos2021_rgb	Ortos2021-RGB	unsupported_country	WCS MDT target currently supports Spain/EPSG:25830 only
train_mini	wl-tile-v1-09581	wl-neg-neg-pt-dgpc-112560	neg-pt-dgpc-112560	0	hard_negative	train	PT	Braga - Rua 25 de Abril			-8.417208107113268	41.55044837058126	dgt_ortos2021_rgb	Ortos2021-RGB	unsupported_country	WCS MDT target currently supports Spain/EPSG:25830 only
train_mini	wl-tile-v1-09584	wl-neg-neg-pt-dgpc-114040	neg-pt-dgpc-114040	0	hard_negative	train	PT	Braga - Rua Alferes Alfredo Ferreira, 75-77			-8.42829465364224	41.55336596932922	dgt_ortos2021_rgb	Ortos2021-RGB	unsupported_country	WCS MDT target currently supports Spain/EPSG:25830 only
train_mini	wl-tile-v1-09557	wl-neg-neg-pt-dgpc-107544	neg-pt-dgpc-107544	0	hard_negative	train	PT	Braga - Rua Cruz de Pedra, 103-109			-8.431820543174766	41.54789464596964	dgt_ortos2021_rgb	Ortos2021-RGB	unsupported_country	WCS MDT target currently supports Spain/EPSG:25830 only
train_mini	wl-tile-v1-09550	wl-neg-neg-pt-dgpc-107528	neg-pt-dgpc-107528	0	hard_negative	train	PT	Braga - Rua Cruz de Pedra, 108-118			-8.432894826185676	41.54694646166757	dgt_ortos2021_rgb	Ortos2021-RGB	unsupported_country	WCS MDT target currently supports Spain/EPSG:25830 only
train_mini	wl-tile-v1-09571	wl-neg-neg-pt-dgpc-111021	neg-pt-dgpc-111021	0	hard_negative	train	PT	Braga - Rua Cruz de Pedra, 91-93			-8.431802122002123	41.548098366995276	dgt_ortos2021_rgb	Ortos2021-RGB	unsupported_country	WCS MDT target currently supports Spain/EPSG:25830 only
train_mini	wl-tile-v1-09574	wl-neg-neg-pt-dgpc-111203	neg-pt-dgpc-111203	0	hard_negative	train	PT	Braga - Rua D. Diogo de Sousa, 102-118			-8.42749428181833	41.5503423163638	dgt_ortos2021_rgb	Ortos2021-RGB	unsupported_country	WCS MDT target currently supports Spain/EPSG:25830 only
train_mini	wl-tile-v1-09569	wl-neg-neg-pt-dgpc-110813	neg-pt-dgpc-110813	0	hard_negative	train	PT	Braga - Rua Direita, 25-29			-8.43259408533794	41.54624234519241	dgt_ortos2021_rgb	Ortos2021-RGB	unsupported_country	WCS MDT target currently supports Spain/EPSG:25830 only
train_mini	wl-tile-v1-09559	wl-neg-neg-pt-dgpc-107550	neg-pt-dgpc-107550	0	hard_negative	train	PT	Braga - Rua Dom Afonso Henriques			-8.42752161350317	41.54872508844994	dgt_ortos2021_rgb	Ortos2021-RGB	unsupported_country	WCS MDT target currently supports Spain/EPSG:25830 only
train_mini	wl-tile-v1-09586	wl-neg-neg-pt-dgpc-114702	neg-pt-dgpc-114702	0	hard_negative	train	PT	Braga - Rua Dr. Manuel Vieira Matos, Lote 10			-8.415540563338318	41.555563247159455	dgt_ortos2021_rgb	Ortos2021-RGB	unsupported_country	WCS MDT target currently supports Spain/EPSG:25830 only
train_mini	wl-tile-v1-09556	wl-neg-neg-pt-dgpc-107538	neg-pt-dgpc-107538	0	hard_negative	train	PT	Braga - Rua Frei Caetano Brandão, 129			-8.428386637597535	41.549274690224664	dgt_ortos2021_rgb	Ortos2021-RGB	unsupported_country	WCS MDT target currently supports Spain/EPSG:25830 only
train_mini	wl-tile-v1-09555	wl-neg-neg-pt-dgpc-107537	neg-pt-dgpc-107537	0	hard_negative	train	PT	Braga - Rua Frei Caetano Brandão, 183-185			-8.428798939446914	41.547605351901254	dgt_ortos2021_rgb	Ortos2021-RGB	unsupported_country	WCS MDT target currently supports Spain/EPSG:25830 only
train_mini	wl-tile-v1-09578	wl-neg-neg-pt-dgpc-111408	neg-pt-dgpc-111408	0	hard_negative	train	PT	Braga - Rua Pêro Magalhães Gondavo, 62			-8.431153835035294	41.54632090296935	dgt_ortos2021_rgb	Ortos2021-RGB	unsupported_country	WCS MDT target currently supports Spain/EPSG:25830 only
train_mini	wl-tile-v1-09570	wl-neg-neg-pt-dgpc-110818	neg-pt-dgpc-110818	0	hard_negative	train	PT	Braga - Rua Sá de Miranda, 375			-8.425183146321944	41.545919992449505	dgt_ortos2021_rgb	Ortos2021-RGB	unsupported_country	WCS MDT target currently supports Spain/EPSG:25830 only
train_mini	wl-tile-v1-09587	wl-neg-neg-pt-dgpc-114712	neg-pt-dgpc-114712	0	hard_negative	train	PT	Braga - Rua São Geraldo, 77			-8.425844724017342	41.545796841311216	dgt_ortos2021_rgb	Ortos2021-RGB	unsupported_country	WCS MDT target currently supports Spain/EPSG:25830 only
train_mini	wl-tile-v1-09562	wl-neg-neg-pt-dgpc-107556	neg-pt-dgpc-107556	0	hard_negative	train	PT	Braga - Rua Visconde Pindela, 1 e 3			-8.42969584335207	41.549186686560354	dgt_ortos2021_rgb	Ortos2021-RGB	unsupported_country	WCS MDT target currently supports Spain/EPSG:25830 only
train_mini	wl-tile-v1-09564	wl-neg-neg-pt-dgpc-107567	neg-pt-dgpc-107567	0	hard_negative	train	PT	Braga - Rua de Dom Paio Mendes, 67-75			-8.428330210060102	41.5499475050203	dgt_ortos2021_rgb	Ortos2021-RGB	unsupported_country	WCS MDT target currently supports Spain/EPSG:25830 only
train_mini	wl-tile-v1-09549	wl-neg-neg-pt-dgpc-107525	neg-pt-dgpc-107525	0	hard_negative	train	PT	Braga - Rua de São Geraldo, 34			-8.426517291465016	41.5466208093163	dgt_ortos2021_rgb	Ortos2021-RGB	unsupported_country	WCS MDT target currently supports Spain/EPSG:25830 only
train_mini	wl-tile-v1-09548	wl-neg-neg-pt-dgpc-107517	neg-pt-dgpc-107517	0	hard_negative	train	PT	Braga - Rua de São Geraldo, 69 (Creche da Santa Misericórdia)			-8.42567346813423	41.545542527311476	dgt_ortos2021_rgb	Ortos2021-RGB	unsupported_country	WCS MDT target currently supports Spain/EPSG:25830 only
train_mini	wl-tile-v1-09551	wl-neg-neg-pt-dgpc-107533	neg-pt-dgpc-107533	0	hard_negative	train	PT	Braga - Rua de São Geraldo, Logradouro do Edificio 27-31			-8.425561347562207	41.547253505169294	dgt_ortos2021_rgb	Ortos2021-RGB	unsupported_country	WCS MDT target currently supports Spain/EPSG:25830 only
train_mini	wl-tile-v1-09576	wl-neg-neg-pt-dgpc-111300	neg-pt-dgpc-111300	0	hard_negative	train	PT	Braga - Rua do Alcaide, 18-20			-8.42683069140062	41.54777422409115	dgt_ortos2021_rgb	Ortos2021-RGB	unsupported_country	WCS MDT target currently supports Spain/EPSG:25830 only
train_mini	wl-tile-v1-09585	wl-neg-neg-pt-dgpc-114647	neg-pt-dgpc-114647	0	hard_negative	train	PT	Braga - Rua do Carvalhal, 75-77			-8.425339498604199	41.55359258047028	dgt_ortos2021_rgb	Ortos2021-RGB	unsupported_country	WCS MDT target currently supports Spain/EPSG:25830 only
train_mini	wl-tile-v1-09580	wl-neg-neg-pt-dgpc-112226	neg-pt-dgpc-112226	0	hard_negative	train	PT	Braga - Rua do Raio, 33			-8.418053867982888	41.550728055951915	dgt_ortos2021_rgb	Ortos2021-RGB	unsupported_country	WCS MDT target currently supports Spain/EPSG:25830 only
train_mini	wl-tile-v1-09566	wl-neg-neg-pt-dgpc-107574	neg-pt-dgpc-107574	0	hard_negative	train	PT	Braga - Rua do Souto, 111-119			-8.424460104059008	41.55080753030194	dgt_ortos2021_rgb	Ortos2021-RGB	unsupported_country	WCS MDT target currently supports Spain/EPSG:25830 only
train_mini	wl-tile-v1-09582	wl-neg-neg-pt-dgpc-112734	neg-pt-dgpc-112734	0	hard_negative	train	PT	Braga - Rua do Souto, 5-11			-8.42582088210383	41.550676231943875	dgt_ortos2021_rgb	Ortos2021-RGB	unsupported_country	WCS MDT target currently supports Spain/EPSG:25830 only
train_mini	wl-tile-v1-09572	wl-neg-neg-pt-dgpc-111064	neg-pt-dgpc-111064	0	hard_negative	train	PT	Braga - Rua dos Biscaínhos, 89-105			-8.429565031337441	41.55048862157412	dgt_ortos2021_rgb	Ortos2021-RGB	unsupported_country	WCS MDT target currently supports Spain/EPSG:25830 only
train_mini	wl-tile-v1-09552	wl-neg-neg-pt-dgpc-107534	neg-pt-dgpc-107534	0	hard_negative	train	PT	Braga - Santo António das Travessas, 20-26			-8.427753570297208	41.5483938285407	dgt_ortos2021_rgb	Ortos2021-RGB	unsupported_country	WCS MDT target currently supports Spain/EPSG:25830 only
train_mini	wl-tile-v1-09561	wl-neg-neg-pt-dgpc-107554	neg-pt-dgpc-107554	0	hard_negative	train	PT	Braga - Seminário Conciliar de Santiago/ Seminário Conciliar de São Pedro e São Paulo			-8.425569479443617	41.549054212436644	dgt_ortos2021_rgb	Ortos2021-RGB	unsupported_country	WCS MDT target currently supports Spain/EPSG:25830 only
train_mini	wl-tile-v1-09711	wl-neg-neg-pt-dgpc-106154	neg-pt-dgpc-106154	0	hard_negative	train	PT	Brio			-8.688760878643631	41.21133766303323	dgt_ortos2021_rgb	Ortos2021-RGB	unsupported_country	WCS MDT target currently supports Spain/EPSG:25830 only
train_mini	wl-tile-v1-09776	wl-neg-neg-pt-dgpc-108430	neg-pt-dgpc-108430	0	hard_negative	train	PT	Cabeceiras			-8.608128930800664	41.92658333533076	dgt_ortos2021_rgb	Ortos2021-RGB	unsupported_country	WCS MDT target currently supports Spain/EPSG:25830 only
train_mini	wl-tile-v1-09647	wl-neg-neg-pt-dgpc-106924	neg-pt-dgpc-106924	0	hard_negative	train	PT	Caldas de Vizela			-8.308841903148137	41.373870186916626	dgt_ortos2021_rgb	Ortos2021-RGB	unsupported_country	WCS MDT target currently supports Spain/EPSG:25830 only
train_mini	wl-tile-v1-09858	wl-neg-neg-pt-dgpc-111443	neg-pt-dgpc-111443	0	hard_negative	train	PT	Calçada de Covelo			-7.905100535551518	41.44959047716321	dgt_ortos2021_rgb	Ortos2021-RGB	unsupported_country	WCS MDT target currently supports Spain/EPSG:25830 only
train_mini	wl-tile-v1-09692	wl-neg-neg-pt-dgpc-111221	neg-pt-dgpc-111221	0	hard_negative	train	PT	Calçada de Requeixos			-8.296062042894874	41.34158025504304	dgt_ortos2021_rgb	Ortos2021-RGB	unsupported_country	WCS MDT target currently supports Spain/EPSG:25830 only
train_mini	wl-tile-v1-09740	wl-neg-neg-pt-dgpc-108241	neg-pt-dgpc-108241	0	hard_negative	train	PT	Caminha			-8.839051153588413	41.87677818494167	dgt_ortos2021_rgb	Ortos2021-RGB	unsupported_country	WCS MDT target currently supports Spain/EPSG:25830 only
train_mini	wl-tile-v1-09739	wl-neg-neg-pt-dgpc-108236	neg-pt-dgpc-108236	0	hard_negative	train	PT	Caminha - Rua da Corredoura (via pública)			-8.837459500226208	41.874447171236014	dgt_ortos2021_rgb	Ortos2021-RGB	unsupported_country	WCS MDT target currently supports Spain/EPSG:25830 only
train_mini	wl-tile-v1-09654	wl-neg-neg-pt-dgpc-105820	neg-pt-dgpc-105820	0	hard_negative	train	PT	Canelas			-7.058247990076161	41.143261262060534	dgt_ortos2021_rgb	Ortos2021-RGB	unsupported_country	WCS MDT target currently supports Spain/EPSG:25830 only
train_mini	wl-tile-v1-09537	wl-neg-neg-pt-dgpc-107769	neg-pt-dgpc-107769	0	hard_negative	train	PT	Carapeços 1			-8.637835436207654	41.59567603721216	dgt_ortos2021_rgb	Ortos2021-RGB	unsupported_country	WCS MDT target currently supports Spain/EPSG:25830 only
train_mini	wl-tile-v1-09545	wl-neg-neg-pt-dgpc-113936	neg-pt-dgpc-113936	0	hard_negative	train	PT	Carapeços 3			-8.644470434311703	41.59338128318635	dgt_ortos2021_rgb	Ortos2021-RGB	unsupported_country	WCS MDT target currently supports Spain/EPSG:25830 only
train_mini	wl-tile-v1-09856	wl-neg-neg-pt-dgpc-111190	neg-pt-dgpc-111190	0	hard_negative	train	PT	Carrapatas			-7.882440912093341	41.36816187908703	dgt_ortos2021_rgb	Ortos2021-RGB	unsupported_country	WCS MDT target currently supports Spain/EPSG:25830 only
train_mini	wl-tile-v1-09841	wl-neg-neg-pt-dgpc-109436	neg-pt-dgpc-109436	0	hard_negative	train	PT	Carreira da Pedra			-7.423726174371237	41.755222593660214	dgt_ortos2021_rgb	Ortos2021-RGB	unsupported_country	WCS MDT target currently supports Spain/EPSG:25830 only
train_mini	wl-tile-v1-09693	wl-neg-neg-pt-dgpc-111250	neg-pt-dgpc-111250	0	hard_negative	train	PT	Casal de São Mamede			-8.29602387893311	41.33713796493332	dgt_ortos2021_rgb	Ortos2021-RGB	unsupported_country	WCS MDT target currently supports Spain/EPSG:25830 only
train_mini	wl-tile-v1-09592	wl-neg-neg-pt-dgpc-111409	neg-pt-dgpc-111409	0	hard_negative	train	PT	Casal do Eido			-7.9835102261895985	41.40862865331652	dgt_ortos2021_rgb	Ortos2021-RGB	unsupported_country	WCS MDT target currently supports Spain/EPSG:25830 only
train_mini	wl-tile-v1-09536	wl-neg-neg-pt-dgpc-107765	neg-pt-dgpc-107765	0	hard_negative	train	PT	Casal do Monte			-8.576897486400606	41.59448718616376	dgt_ortos2021_rgb	Ortos2021-RGB	unsupported_country	WCS MDT target currently supports Spain/EPSG:25830 only
train_mini	wl-tile-v1-09826	wl-neg-neg-pt-dgpc-106253	neg-pt-dgpc-106253	0	hard_negative	train	PT	Castelo de Vale de Mir/ Castelo de Trás			-7.465717296863849	41.347511652784796	dgt_ortos2021_rgb	Ortos2021-RGB	unsupported_country	WCS MDT target currently supports Spain/EPSG:25830 only
train_mini	wl-tile-v1-09862	wl-neg-neg-pt-dgpc-105965	neg-pt-dgpc-105965	0	hard_negative	train	PT	Cemitério Mouro/Galafura			-7.675029178037517	41.17764892925531	dgt_ortos2021_rgb	Ortos2021-RGB	unsupported_country	WCS MDT target currently supports Spain/EPSG:25830 only
train_mini	wl-tile-v1-09825	wl-neg-neg-pt-dgpc-106162	neg-pt-dgpc-106162	0	hard_negative	train	PT	Cerca			-7.472287908070624	41.21394056391028	dgt_ortos2021_rgb	Ortos2021-RGB	unsupported_country	WCS MDT target currently supports Spain/EPSG:25830 only
train_mini	wl-tile-v1-09831	wl-neg-neg-pt-dgpc-109068	neg-pt-dgpc-109068	0	hard_negative	train	PT	Chaves - Balneário das Caldas			-7.471983993704115	41.73930424024947	dgt_ortos2021_rgb	Ortos2021-RGB	unsupported_country	WCS MDT target currently supports Spain/EPSG:25830 only
train_mini	wl-tile-v1-09847	wl-neg-neg-pt-dgpc-110188	neg-pt-dgpc-110188	0	hard_negative	train	PT	Chaves - Canto do Rio			-7.46683371549426	41.73750087396373	dgt_ortos2021_rgb	Ortos2021-RGB	unsupported_country	WCS MDT target currently supports Spain/EPSG:25830 only
train_mini	wl-tile-v1-09830	wl-neg-neg-pt-dgpc-109057	neg-pt-dgpc-109057	0	hard_negative	train	PT	Chaves - Largo do Arrabalde, 59-61 / Travessa das Couraças			-7.468158362483754	41.738876859109546	dgt_ortos2021_rgb	Ortos2021-RGB	unsupported_country	WCS MDT target currently supports Spain/EPSG:25830 only
train_mini	wl-tile-v1-09846	wl-neg-neg-pt-dgpc-110141	neg-pt-dgpc-110141	0	hard_negative	train	PT	Chaves - Miliário do Campo da Roda / Quinta do Caneiro			-7.46752934770885	41.73182382632925	dgt_ortos2021_rgb	Ortos2021-RGB	unsupported_country	WCS MDT target currently supports Spain/EPSG:25830 only
train_mini	wl-tile-v1-09835	wl-neg-neg-pt-dgpc-109154	neg-pt-dgpc-109154	0	hard_negative	train	PT	Chaves - Praça Camões			-7.471160169478666	41.73992973101267	dgt_ortos2021_rgb	Ortos2021-RGB	unsupported_country	WCS MDT target currently supports Spain/EPSG:25830 only
train_mini	wl-tile-v1-09849	wl-neg-neg-pt-dgpc-111119	neg-pt-dgpc-111119	0	hard_negative	train	PT	Chaves - Rua 1º de Dezembro			-7.471542227325066	41.74139299926803	dgt_ortos2021_rgb	Ortos2021-RGB	unsupported_country	WCS MDT target currently supports Spain/EPSG:25830 only
train_mini	wl-tile-v1-09851	wl-neg-neg-pt-dgpc-114161	neg-pt-dgpc-114161	0	hard_negative	train	PT	Chaves - Rua Bispo Idácio, 37			-7.470745260540771	41.740449346540075	dgt_ortos2021_rgb	Ortos2021-RGB	unsupported_country	WCS MDT target currently supports Spain/EPSG:25830 only
train_mini	wl-tile-v1-09850	wl-neg-neg-pt-dgpc-112661	neg-pt-dgpc-112661	0	hard_negative	train	PT	Chaves - Rua General Sousa Machado, 51			-7.469522955578813	41.73894038461996	dgt_ortos2021_rgb	Ortos2021-RGB	unsupported_country	WCS MDT target currently supports Spain/EPSG:25830 only
train_mini	wl-tile-v1-09852	wl-neg-neg-pt-dgpc-114272	neg-pt-dgpc-114272	0	hard_negative	train	PT	Chaves - Rua Joaquim José Delgado, 83			-7.47383043724407	41.74102826952633	dgt_ortos2021_rgb	Ortos2021-RGB	unsupported_country	WCS MDT target currently supports Spain/EPSG:25830 only
train_mini	wl-tile-v1-09848	wl-neg-neg-pt-dgpc-110572	neg-pt-dgpc-110572	0	hard_negative	train	PT	Chaves - Rua da Muralha			-7.472739605126626	41.74048290405961	dgt_ortos2021_rgb	Ortos2021-RGB	unsupported_country	WCS MDT target currently supports Spain/EPSG:25830 only
train_mini	wl-tile-v1-09853	wl-neg-neg-pt-dgpc-114415	neg-pt-dgpc-114415	0	hard_negative	train	PT	Chaves - Rua da Trindade, 38-40			-7.4704248929939485	41.74069018783408	dgt_ortos2021_rgb	Ortos2021-RGB	unsupported_country	WCS MDT target currently supports Spain/EPSG:25830 only
train_mini	wl-tile-v1-09832	wl-neg-neg-pt-dgpc-109113	neg-pt-dgpc-109113	0	hard_negative	train	PT	Chaves - Rua de Santa Maria, 20 / Rua do Postigo, 18			-7.470251080420385	41.73949233840691	dgt_ortos2021_rgb	Ortos2021-RGB	unsupported_country	WCS MDT target currently supports Spain/EPSG:25830 only
train_mini	wl-tile-v1-09836	wl-neg-neg-pt-dgpc-109187	neg-pt-dgpc-109187	0	hard_negative	train	PT	Chaves - Rua do Bispo Idácio, 20-22			-7.469852061461218	41.74021016951997	dgt_ortos2021_rgb	Ortos2021-RGB	unsupported_country	WCS MDT target currently supports Spain/EPSG:25830 only
train_mini	wl-tile-v1-09829	wl-neg-neg-pt-dgpc-108999	neg-pt-dgpc-108999	0	hard_negative	train	PT	Chaves - Rua do Sol, 28			-7.469411919400291	41.7381009931525	dgt_ortos2021_rgb	Ortos2021-RGB	unsupported_country	WCS MDT target currently supports Spain/EPSG:25830 only
train_mini	wl-tile-v1-09827	wl-neg-neg-pt-dgpc-104697	neg-pt-dgpc-104697	0	hard_negative	train	PT	Chaves - Rua dos Ferradores, 36			-7.467832954936694	41.73888421387006	dgt_ortos2021_rgb	Ortos2021-RGB	unsupported_country	WCS MDT target currently supports Spain/EPSG:25830 only
train_mini	wl-tile-v1-09746	wl-neg-neg-pt-dgpc-108401	neg-pt-dgpc-108401	0	hard_negative	train	PT	Chã das Carvalheiras/ Laje 1 das Carvalheiras			-8.783540411048966	41.90692663489401	dgt_ortos2021_rgb	Ortos2021-RGB	unsupported_country	WCS MDT target currently supports Spain/EPSG:25830 only
train_mini	wl-tile-v1-09539	wl-neg-neg-pt-dgpc-109304	neg-pt-dgpc-109304	0	hard_negative	train	PT	Chão de Arefe			-8.675492444554921	41.62377535255953	dgt_ortos2021_rgb	Ortos2021-RGB	unsupported_country	WCS MDT target currently supports Spain/EPSG:25830 only
train_mini	wl-tile-v1-09782	wl-neg-neg-pt-dgpc-112383	neg-pt-dgpc-112383	0	hard_negative	train	PT	Couto da Pinheira			-8.546199852486762	41.96001262425472	dgt_ortos2021_rgb	Ortos2021-RGB	unsupported_country	WCS MDT target currently supports Spain/EPSG:25830 only
train_mini	wl-tile-v1-09588	wl-neg-neg-pt-dgpc-107053	neg-pt-dgpc-107053	0	hard_negative	train	PT	Crasto / Canedo / Alto da Moura			-7.945639238563636	41.43501864614613	dgt_ortos2021_rgb	Ortos2021-RGB	unsupported_country	WCS MDT target currently supports Spain/EPSG:25830 only
train_mini	wl-tile-v1-09677	wl-neg-neg-pt-dgpc-112096	neg-pt-dgpc-112096	0	hard_negative	train	PT	Crasto de Broalhos			-8.454965759234033	41.07086262762629	dgt_ortos2021_rgb	Ortos2021-RGB	unsupported_country	WCS MDT target currently supports Spain/EPSG:25830 only
train_mini	wl-tile-v1-09773	wl-neg-neg-pt-dgpc-108417	neg-pt-dgpc-108417	0	hard_negative	train	PT	Cruzes			-8.567085189006919	41.9186432976886	dgt_ortos2021_rgb	Ortos2021-RGB	unsupported_country	WCS MDT target currently supports Spain/EPSG:25830 only
train_mini	wl-tile-v1-09708	wl-neg-neg-pt-dgpc-106070	neg-pt-dgpc-106070	0	hard_negative	train	PT	Custoias			-8.65766716147599	41.199778285014325	dgt_ortos2021_rgb	Ortos2021-RGB	unsupported_country	WCS MDT target currently supports Spain/EPSG:25830 only
train_mini	wl-tile-v1-09649	wl-neg-neg-pt-dgpc-104964	neg-pt-dgpc-104964	0	hard_negative	train	PT	EP - 621 - Santo Antão da Barca			-6.881264484559733	41.25668402437595	dgt_ortos2021_rgb	Ortos2021-RGB	unsupported_country	WCS MDT target currently supports Spain/EPSG:25830 only
train_mini	wl-tile-v1-09652	wl-neg-neg-pt-dgpc-109723	neg-pt-dgpc-109723	0	hard_negative	train	PT	Eiró de Sortes/Madorrinho			-6.833587402541596	41.7086523771785	dgt_ortos2021_rgb	Ortos2021-RGB	unsupported_country	WCS MDT target currently supports Spain/EPSG:25830 only
train_mini	wl-tile-v1-09600	wl-neg-neg-pt-dgpc-114660	neg-pt-dgpc-114660	0	hard_negative	train	PT	Emaus			-8.307533229990346	41.70974205363913	dgt_ortos2021_rgb	Ortos2021-RGB	unsupported_country	WCS MDT target currently supports Spain/EPSG:25830 only
train_mini	wl-tile-v1-09812	wl-neg-neg-pt-dgpc-110404	neg-pt-dgpc-110404	0	hard_negative	train	PT	Escaravelhão - Núcleo I			-8.604479804271925	42.014493113113375	dgt_ortos2021_rgb	Ortos2021-RGB	unsupported_country	WCS MDT target currently supports Spain/EPSG:25830 only
train_mini	wl-tile-v1-09811	wl-neg-neg-pt-dgpc-110403	neg-pt-dgpc-110403	0	hard_negative	train	PT	Escaravelhão - Núcleo III			-8.607786518844042	42.0141902134922	dgt_ortos2021_rgb	Ortos2021-RGB	unsupported_country	WCS MDT target currently supports Spain/EPSG:25830 only
train_mini	wl-tile-v1-09818	wl-neg-neg-pt-dgpc-111359	neg-pt-dgpc-111359	0	hard_negative	train	PT	Escaravelhão - Núcleo IV			-8.60900896556864	42.012981005422496	dgt_ortos2021_rgb	Ortos2021-RGB	unsupported_country	WCS MDT target currently supports Spain/EPSG:25830 only
train_mini	wl-tile-v1-09819	wl-neg-neg-pt-dgpc-111376	neg-pt-dgpc-111376	0	hard_negative	train	PT	Escaravelhão - Núcleo V			-8.60877062235082	42.01563980331449	dgt_ortos2021_rgb	Ortos2021-RGB	unsupported_country	WCS MDT target currently supports Spain/EPSG:25830 only
train_mini	wl-tile-v1-09820	wl-neg-neg-pt-dgpc-111387	neg-pt-dgpc-111387	0	hard_negative	train	PT	Escaravelhão - Núcleo VI			-8.609922157162032	42.0168623533593	dgt_ortos2021_rgb	Ortos2021-RGB	unsupported_country	WCS MDT target currently supports Spain/EPSG:25830 only
train_mini	wl-tile-v1-09622	wl-neg-neg-pt-dgpc-113951	neg-pt-dgpc-113951	0	hard_negative	train	PT	Fiães			-8.62216248121664	41.41280800220792	dgt_ortos2021_rgb	Ortos2021-RGB	unsupported_country	WCS MDT target currently supports Spain/EPSG:25830 only
train_mini	wl-tile-v1-09857	wl-neg-neg-pt-dgpc-111323	neg-pt-dgpc-111323	0	hard_negative	train	PT	Fonte do Sapo			-7.94137788197333	41.3797926945055	dgt_ortos2021_rgb	Ortos2021-RGB	unsupported_country	WCS MDT target currently supports Spain/EPSG:25830 only
train_mini	wl-tile-v1-09663	wl-neg-neg-pt-dgpc-104978	neg-pt-dgpc-104978	0	hard_negative	train	PT	Fontelas			-8.063518172680924	41.258366933046645	dgt_ortos2021_rgb	Ortos2021-RGB	unsupported_country	WCS MDT target currently supports Spain/EPSG:25830 only
train_mini	wl-tile-v1-09658	wl-neg-neg-pt-dgpc-108332	neg-pt-dgpc-108332	0	hard_negative	train	PT	Forno dos Mouros			-7.163076526580571	41.89736830092997	dgt_ortos2021_rgb	Ortos2021-RGB	unsupported_country	WCS MDT target currently supports Spain/EPSG:25830 only
train_mini	wl-tile-v1-09823	wl-neg-neg-pt-dgpc-113811	neg-pt-dgpc-113811	0	hard_negative	train	PT	Forte de Belém			-8.648730653650246	42.0008195535819	dgt_ortos2021_rgb	Ortos2021-RGB	unsupported_country	WCS MDT target currently supports Spain/EPSG:25830 only
train_mini	wl-tile-v1-09737	wl-neg-neg-pt-dgpc-111176	neg-pt-dgpc-111176	0	hard_negative	train	PT	Forte de Bragandelo			-8.474653392982848	41.95994420676822	dgt_ortos2021_rgb	Ortos2021-RGB	unsupported_country	WCS MDT target currently supports Spain/EPSG:25830 only
train_mini	wl-tile-v1-09822	wl-neg-neg-pt-dgpc-113808	neg-pt-dgpc-113808	0	hard_negative	train	PT	Forte de São Francisco			-8.628166725095895	42.013999713689316	dgt_ortos2021_rgb	Ortos2021-RGB	unsupported_country	WCS MDT target currently supports Spain/EPSG:25830 only
train_mini	wl-tile-v1-09805	wl-neg-neg-pt-dgpc-108516	neg-pt-dgpc-108516	0	hard_negative	train	PT	Forte de São Jorge/ Fortificação do Monte da Chãs/ Forte da Silva			-8.66454850781293	41.96812808070406	dgt_ortos2021_rgb	Ortos2021-RGB	unsupported_country	WCS MDT target currently supports Spain/EPSG:25830 only
train_mini	wl-tile-v1-09730	wl-neg-neg-pt-dgpc-106685	neg-pt-dgpc-106685	0	hard_negative	train	PT	Forte de São João Baptista			-8.75178694251649	41.34167147034546	dgt_ortos2021_rgb	Ortos2021-RGB	unsupported_country	WCS MDT target currently supports Spain/EPSG:25830 only
train_mini	wl-tile-v1-09651	wl-neg-neg-pt-dgpc-108688	neg-pt-dgpc-108688	0	hard_negative	train	PT	Forte de São João de Deus			-6.764711430655302	41.80561752757639	dgt_ortos2021_rgb	Ortos2021-RGB	unsupported_country	WCS MDT target currently supports Spain/EPSG:25830 only
train_mini	wl-tile-v1-09821	wl-neg-neg-pt-dgpc-113805	neg-pt-dgpc-113805	0	hard_negative	train	PT	Forte de São Luís Gonzaga e Atalaia de Santa Teresa			-8.672522073640147	41.99262648512436	dgt_ortos2021_rgb	Ortos2021-RGB	unsupported_country	WCS MDT target currently supports Spain/EPSG:25830 only
train_mini	wl-tile-v1-09806	wl-neg-neg-pt-dgpc-108554	neg-pt-dgpc-108554	0	hard_negative	train	PT	Forte do Tuído ou da Gandra			-8.630430276992188	42.00223968736881	dgt_ortos2021_rgb	Ortos2021-RGB	unsupported_country	WCS MDT target currently supports Spain/EPSG:25830 only
train_mini	wl-tile-v1-09817	wl-neg-neg-pt-dgpc-111040	neg-pt-dgpc-111040	0	hard_negative	train	PT	Fortificações da Praça de Valença do Minho			-8.645605781063436	42.02984845696913	dgt_ortos2021_rgb	Ortos2021-RGB	unsupported_country	WCS MDT target currently supports Spain/EPSG:25830 only
train_mini	wl-tile-v1-09816	wl-neg-neg-pt-dgpc-111013	neg-pt-dgpc-111013	0	hard_negative	train	PT	Fortim do Verdoejo/ Forte da Gingleta			-8.581134983214382	42.05077845757125	dgt_ortos2021_rgb	Ortos2021-RGB	unsupported_country	WCS MDT target currently supports Spain/EPSG:25830 only
train_mini	wl-tile-v1-09828	wl-neg-neg-pt-dgpc-108643	neg-pt-dgpc-108643	0	hard_negative	train	PT	Fraga das Passadas			-7.4953126400813685	41.799217484918564	dgt_ortos2021_rgb	Ortos2021-RGB	unsupported_country	WCS MDT target currently supports Spain/EPSG:25830 only
train_mini	wl-tile-v1-09656	wl-neg-neg-pt-dgpc-107177	neg-pt-dgpc-107177	0	hard_negative	train	PT	Fraga dos Namorados			-7.050457951842127	41.392176908431836	dgt_ortos2021_rgb	Ortos2021-RGB	unsupported_country	WCS MDT target currently supports Spain/EPSG:25830 only
train_mini	wl-tile-v1-09667	wl-neg-neg-pt-dgpc-106219	neg-pt-dgpc-106219	0	hard_negative	train	PT	Gatão - Igreja de São João Baptista			-8.063006327966526	41.29700308326849	dgt_ortos2021_rgb	Ortos2021-RGB	unsupported_country	WCS MDT target currently supports Spain/EPSG:25830 only
train_mini	wl-tile-v1-09747	wl-neg-neg-pt-dgpc-108697	neg-pt-dgpc-108697	0	hard_negative	train	PT	Gorgolada			-8.849409017008156	41.80648972386925	dgt_ortos2021_rgb	Ortos2021-RGB	unsupported_country	WCS MDT target currently supports Spain/EPSG:25830 only
train_mini	wl-tile-v1-09742	wl-neg-neg-pt-dgpc-108345	neg-pt-dgpc-108345	0	hard_negative	train	PT	Gravura rupestre 1 de Góis Pequeno			-8.781685037593583	41.898093928882254	dgt_ortos2021_rgb	Ortos2021-RGB	unsupported_country	WCS MDT target currently supports Spain/EPSG:25830 only
train_mini	wl-tile-v1-09743	wl-neg-neg-pt-dgpc-108347	neg-pt-dgpc-108347	0	hard_negative	train	PT	Gravura rupestre 2 de Góis Pequeno			-8.78180644662108	41.898183272916775	dgt_ortos2021_rgb	Ortos2021-RGB	unsupported_country	WCS MDT target currently supports Spain/EPSG:25830 only
train_mini	wl-tile-v1-09741	wl-neg-neg-pt-dgpc-108344	neg-pt-dgpc-108344	0	hard_negative	train	PT	Gravura rupestre 3 de Góis Pequeno			-8.781805535521675	41.89809324824596	dgt_ortos2021_rgb	Ortos2021-RGB	unsupported_country	WCS MDT target currently supports Spain/EPSG:25830 only
train_mini	wl-tile-v1-09744	wl-neg-neg-pt-dgpc-108349	neg-pt-dgpc-108349	0	hard_negative	train	PT	Gravura rupestre 4 de Góis Pequeno			-8.784461056886071	41.89852835279613	dgt_ortos2021_rgb	Ortos2021-RGB	unsupported_country	WCS MDT target currently supports Spain/EPSG:25830 only
train_mini	wl-tile-v1-09843	wl-neg-neg-pt-dgpc-109707	neg-pt-dgpc-109707	0	hard_negative	train	PT	Igreja Nossa Senhora da Azinheira			-7.450566684596285	41.768502745208906	dgt_ortos2021_rgb	Ortos2021-RGB	unsupported_country	WCS MDT target currently supports Spain/EPSG:25830 only
train_mini	wl-tile-v1-09690	wl-neg-neg-pt-dgpc-111142	neg-pt-dgpc-111142	0	hard_negative	train	PT	Igreja Paroquial de Cristelos (Santo André)			-8.292352250041256	41.278268931584925	dgt_ortos2021_rgb	Ortos2021-RGB	unsupported_country	WCS MDT target currently supports Spain/EPSG:25830 only
train_mini	wl-tile-v1-09672	wl-neg-neg-pt-dgpc-114021	neg-pt-dgpc-114021	0	hard_negative	train	PT	Igreja de Nossa Senhora do Lufrei			-8.054377551712612	41.27363913446673	dgt_ortos2021_rgb	Ortos2021-RGB	unsupported_country	WCS MDT target currently supports Spain/EPSG:25830 only
train_mini	wl-tile-v1-09616	wl-neg-neg-pt-dgpc-106976	neg-pt-dgpc-106976	0	hard_negative	train	PT	Landim			-8.467838557088948	41.37876751676841	dgt_ortos2021_rgb	Ortos2021-RGB	unsupported_country	WCS MDT target currently supports Spain/EPSG:25830 only
train_mini	wl-tile-v1-09710	wl-neg-neg-pt-dgpc-106145	neg-pt-dgpc-106145	0	hard_negative	train	PT	Leça do Bailio			-8.621977700308152	41.209840076872936	dgt_ortos2021_rgb	Ortos2021-RGB	unsupported_country	WCS MDT target currently supports Spain/EPSG:25830 only
train_mini	wl-tile-v1-09793	wl-neg-neg-pt-dgpc-112395	neg-pt-dgpc-112395	0	hard_negative	train	PT	Linhares			-8.612885080577993	41.926373750116824	dgt_ortos2021_rgb	Ortos2021-RGB	unsupported_country	WCS MDT target currently supports Spain/EPSG:25830 only
train_mini	wl-tile-v1-09538	wl-neg-neg-pt-dgpc-108044	neg-pt-dgpc-108044	0	hard_negative	train	PT	Lordelo			-8.688908528714684	41.495320102078274	dgt_ortos2021_rgb	Ortos2021-RGB	unsupported_country	WCS MDT target currently supports Spain/EPSG:25830 only
train_mini	wl-tile-v1-09798	wl-neg-neg-pt-dgpc-112409	neg-pt-dgpc-112409	0	hard_negative	train	PT	Mamoa 1 da Fonte Cavada			-8.553612436495301	41.9612264962826	dgt_ortos2021_rgb	Ortos2021-RGB	unsupported_country	WCS MDT target currently supports Spain/EPSG:25830 only
train_mini	wl-tile-v1-09639	wl-neg-neg-pt-dgpc-109630	neg-pt-dgpc-109630	0	hard_negative	train	PT	Mamoa 1 de Bustelo			-8.45088401165534	41.700516067169154	dgt_ortos2021_rgb	Ortos2021-RGB	unsupported_country	WCS MDT target currently supports Spain/EPSG:25830 only
train_mini	wl-tile-v1-09795	wl-neg-neg-pt-dgpc-112406	neg-pt-dgpc-112406	0	hard_negative	train	PT	Mamoa 1 de Chão das Porreiras			-8.54599211809675	41.96171826361448	dgt_ortos2021_rgb	Ortos2021-RGB	unsupported_country	WCS MDT target currently supports Spain/EPSG:25830 only
train_mini	wl-tile-v1-09625	wl-neg-neg-pt-dgpc-109350	neg-pt-dgpc-109350	0	hard_negative	train	PT	Mamoa 1 de Chão de Couce			-8.47680095613144	41.68545066386597	dgt_ortos2021_rgb	Ortos2021-RGB	unsupported_country	WCS MDT target currently supports Spain/EPSG:25830 only
train_mini	wl-tile-v1-09779	wl-neg-neg-pt-dgpc-112378	neg-pt-dgpc-112378	0	hard_negative	train	PT	Mamoa 1 do Cárdio			-8.53620304544613	41.974037938981745	dgt_ortos2021_rgb	Ortos2021-RGB	unsupported_country	WCS MDT target currently supports Spain/EPSG:25830 only
train_mini	wl-tile-v1-09753	wl-neg-neg-pt-dgpc-113975	neg-pt-dgpc-113975	0	hard_negative	train	PT	Mamoa 1 dos Prados da Saba			-8.135086558641975	42.044317883439845	dgt_ortos2021_rgb	Ortos2021-RGB	unsupported_country	WCS MDT target currently supports Spain/EPSG:25830 only
train_mini	wl-tile-v1-09630	wl-neg-neg-pt-dgpc-109548	neg-pt-dgpc-109548	0	hard_negative	train	PT	Mamoa 10 de Bustelo			-8.456629632801764	41.69635843918555	dgt_ortos2021_rgb	Ortos2021-RGB	unsupported_country	WCS MDT target currently supports Spain/EPSG:25830 only
train_mini	wl-tile-v1-09764	wl-neg-neg-pt-dgpc-114017	neg-pt-dgpc-114017	0	hard_negative	train	PT	Mamoa 10 de Vale das Antas			-8.105840592692044	42.06740601916049	dgt_ortos2021_rgb	Ortos2021-RGB	unsupported_country	WCS MDT target currently supports Spain/EPSG:25830 only
train_mini	wl-tile-v1-09629	wl-neg-neg-pt-dgpc-109537	neg-pt-dgpc-109537	0	hard_negative	train	PT	Mamoa 11 de Bustelo			-8.457709406447089	41.69608528689129	dgt_ortos2021_rgb	Ortos2021-RGB	unsupported_country	WCS MDT target currently supports Spain/EPSG:25830 only
train_mini	wl-tile-v1-09765	wl-neg-neg-pt-dgpc-114022	neg-pt-dgpc-114022	0	hard_negative	train	PT	Mamoa 11 de Vale das Antas			-8.105871573428251	42.066838789664054	dgt_ortos2021_rgb	Ortos2021-RGB	unsupported_country	WCS MDT target currently supports Spain/EPSG:25830 only
train_mini	wl-tile-v1-09628	wl-neg-neg-pt-dgpc-109534	neg-pt-dgpc-109534	0	hard_negative	train	PT	Mamoa 12 de Bustelo			-8.45867040880866	41.69608256315368	dgt_ortos2021_rgb	Ortos2021-RGB	unsupported_country	WCS MDT target currently supports Spain/EPSG:25830 only
train_mini	wl-tile-v1-09757	wl-neg-neg-pt-dgpc-113989	neg-pt-dgpc-113989	0	hard_negative	train	PT	Mamoa 12 de Lama do Brincadoiro			-8.101900725344722	42.05556294870289	dgt_ortos2021_rgb	Ortos2021-RGB	unsupported_country	WCS MDT target currently supports Spain/EPSG:25830 only
train_mini	wl-tile-v1-09759	wl-neg-neg-pt-dgpc-113999	neg-pt-dgpc-113999	0	hard_negative	train	PT	Mamoa 13 da Corga do Gato			-8.092630038757248	42.04160701238704	dgt_ortos2021_rgb	Ortos2021-RGB	unsupported_country	WCS MDT target currently supports Spain/EPSG:25830 only
train_mini	wl-tile-v1-09627	wl-neg-neg-pt-dgpc-109525	neg-pt-dgpc-109525	0	hard_negative	train	PT	Mamoa 13 de Bustelo			-8.459149543429913	41.6958110999612	dgt_ortos2021_rgb	Ortos2021-RGB	unsupported_country	WCS MDT target currently supports Spain/EPSG:25830 only
train_mini	wl-tile-v1-09766	wl-neg-neg-pt-dgpc-114026	neg-pt-dgpc-114026	0	hard_negative	train	PT	Mamoa 14 do Cabeço das Quatro Fontes			-8.160131910705118	42.062732075470514	dgt_ortos2021_rgb	Ortos2021-RGB	unsupported_country	WCS MDT target currently supports Spain/EPSG:25830 only
train_mini	wl-tile-v1-09799	wl-neg-neg-pt-dgpc-112410	neg-pt-dgpc-112410	0	hard_negative	train	PT	Mamoa 2 da Fonte Cavada			-8.55350892853024	41.96152994219102	dgt_ortos2021_rgb	Ortos2021-RGB	unsupported_country	WCS MDT target currently supports Spain/EPSG:25830 only
train_mini	wl-tile-v1-09734	wl-neg-neg-pt-dgpc-108526	neg-pt-dgpc-108526	0	hard_negative	train	PT	Mamoa 2 das Lameiras			-8.41817569789668	41.97842385054688	dgt_ortos2021_rgb	Ortos2021-RGB	unsupported_country	WCS MDT target currently supports Spain/EPSG:25830 only
train_mini	wl-tile-v1-09638	wl-neg-neg-pt-dgpc-109628	neg-pt-dgpc-109628	0	hard_negative	train	PT	Mamoa 2 de Bustelo			-8.45088267952095	41.70024596794812	dgt_ortos2021_rgb	Ortos2021-RGB	unsupported_country	WCS MDT target currently supports Spain/EPSG:25830 only
train_mini	wl-tile-v1-09796	wl-neg-neg-pt-dgpc-112407	neg-pt-dgpc-112407	0	hard_negative	train	PT	Mamoa 2 de Chão de Porreiras			-8.547419497214836	41.96149059729115	dgt_ortos2021_rgb	Ortos2021-RGB	unsupported_country	WCS MDT target currently supports Spain/EPSG:25830 only
train_mini	wl-tile-v1-09754	wl-neg-neg-pt-dgpc-113978	neg-pt-dgpc-113978	0	hard_negative	train	PT	Mamoa 2 do Alto dos Piornais/ Rio Laboreiro			-8.114336331656219	42.05314323185476	dgt_ortos2021_rgb	Ortos2021-RGB	unsupported_country	WCS MDT target currently supports Spain/EPSG:25830 only
train_mini	wl-tile-v1-09800	wl-neg-neg-pt-dgpc-112411	neg-pt-dgpc-112411	0	hard_negative	train	PT	Mamoa 2 do Couto da Pinheira			-8.54735101397753	41.95768484552137	dgt_ortos2021_rgb	Ortos2021-RGB	unsupported_country	WCS MDT target currently supports Spain/EPSG:25830 only
train_mini	wl-tile-v1-09780	wl-neg-neg-pt-dgpc-112379	neg-pt-dgpc-112379	0	hard_negative	train	PT	Mamoa 2 do Cárdio			-8.53852501296144	41.97545556529664	dgt_ortos2021_rgb	Ortos2021-RGB	unsupported_country	WCS MDT target currently supports Spain/EPSG:25830 only
train_mini	wl-tile-v1-09755	wl-neg-neg-pt-dgpc-113982	neg-pt-dgpc-113982	0	hard_negative	train	PT	Mamoa 3 da Lama do Brincadoiro			-8.10125498839346	42.05583208006538	dgt_ortos2021_rgb	Ortos2021-RGB	unsupported_country	WCS MDT target currently supports Spain/EPSG:25830 only
train_mini	wl-tile-v1-09637	wl-neg-neg-pt-dgpc-109621	neg-pt-dgpc-109621	0	hard_negative	train	PT	Mamoa 3 de Bustelo			-8.450880902978453	41.69988583743528	dgt_ortos2021_rgb	Ortos2021-RGB	unsupported_country	WCS MDT target currently supports Spain/EPSG:25830 only
train_mini	wl-tile-v1-09756	wl-neg-neg-pt-dgpc-113984	neg-pt-dgpc-113984	0	hard_negative	train	PT	Mamoa 4 da Lama do Bricadoiro			-8.099542981326033	42.054355353116904	dgt_ortos2021_rgb	Ortos2021-RGB	unsupported_country	WCS MDT target currently supports Spain/EPSG:25830 only
train_mini	wl-tile-v1-09636	wl-neg-neg-pt-dgpc-109611	neg-pt-dgpc-109611	0	hard_negative	train	PT	Mamoa 4 de Bustelo			-8.451959869531917	41.69943267287239	dgt_ortos2021_rgb	Ortos2021-RGB	unsupported_country	WCS MDT target currently supports Spain/EPSG:25830 only
train_mini	wl-tile-v1-09758	wl-neg-neg-pt-dgpc-113995	neg-pt-dgpc-113995	0	hard_negative	train	PT	Mamoa 5 Corga do Gato			-8.090725471776606	42.042350247200346	dgt_ortos2021_rgb	Ortos2021-RGB	unsupported_country	WCS MDT target currently supports Spain/EPSG:25830 only
train_mini	wl-tile-v1-09635	wl-neg-neg-pt-dgpc-109600	neg-pt-dgpc-109600	0	hard_negative	train	PT	Mamoa 5 de Bustelo			-8.452197901425402	41.69898184062027	dgt_ortos2021_rgb	Ortos2021-RGB	unsupported_country	WCS MDT target currently supports Spain/EPSG:25830 only
train_mini	wl-tile-v1-09634	wl-neg-neg-pt-dgpc-109583	neg-pt-dgpc-109583	0	hard_negative	train	PT	Mamoa 6 de Bustelo			-8.451953184410787	41.69808218193391	dgt_ortos2021_rgb	Ortos2021-RGB	unsupported_country	WCS MDT target currently supports Spain/EPSG:25830 only
train_mini	wl-tile-v1-09760	wl-neg-neg-pt-dgpc-114002	neg-pt-dgpc-114002	0	hard_negative	train	PT	Mamoa 6 de Vale das Antas			-8.109973525006167	42.063742491668435	dgt_ortos2021_rgb	Ortos2021-RGB	unsupported_country	WCS MDT target currently supports Spain/EPSG:25830 only
train_mini	wl-tile-v1-09632	wl-neg-neg-pt-dgpc-109556	neg-pt-dgpc-109556	0	hard_negative	train	PT	Mamoa 7 de Bustelo			-8.4536291704203	41.696907067985485	dgt_ortos2021_rgb	Ortos2021-RGB	unsupported_country	WCS MDT target currently supports Spain/EPSG:25830 only
train_mini	wl-tile-v1-09761	wl-neg-neg-pt-dgpc-114007	neg-pt-dgpc-114007	0	hard_negative	train	PT	Mamoa 7 de Vale das Antas			-8.106883089531792	42.06443956312192	dgt_ortos2021_rgb	Ortos2021-RGB	unsupported_country	WCS MDT target currently supports Spain/EPSG:25830 only
train_mini	wl-tile-v1-09633	wl-neg-neg-pt-dgpc-109564	neg-pt-dgpc-109564	0	hard_negative	train	PT	Mamoa 8 de Bustelo			-8.453870768650793	41.69717649517306	dgt_ortos2021_rgb	Ortos2021-RGB	unsupported_country	WCS MDT target currently supports Spain/EPSG:25830 only
train_mini	wl-tile-v1-09762	wl-neg-neg-pt-dgpc-114012	neg-pt-dgpc-114012	0	hard_negative	train	PT	Mamoa 8 de Vale das Antas			-8.106404050159064	42.06797739926358	dgt_ortos2021_rgb	Ortos2021-RGB	unsupported_country	WCS MDT target currently supports Spain/EPSG:25830 only
train_mini	wl-tile-v1-09631	wl-neg-neg-pt-dgpc-109551	neg-pt-dgpc-109551	0	hard_negative	train	PT	Mamoa 9 de Bustelo			-8.455548498496636	41.69636148387384	dgt_ortos2021_rgb	Ortos2021-RGB	unsupported_country	WCS MDT target currently supports Spain/EPSG:25830 only
train_mini	wl-tile-v1-09763	wl-neg-neg-pt-dgpc-114016	neg-pt-dgpc-114016	0	hard_negative	train	PT	Mamoa 9 de Vale das Antas			-8.105076676794477	42.06845451497609	dgt_ortos2021_rgb	Ortos2021-RGB	unsupported_country	WCS MDT target currently supports Spain/EPSG:25830 only
train_mini	wl-tile-v1-09606	wl-neg-neg-pt-dgpc-114669	neg-pt-dgpc-114669	0	hard_negative	train	PT	Mamoa I da Bouça do Fojo			-8.264133219265984	41.70225051410151	dgt_ortos2021_rgb	Ortos2021-RGB	unsupported_country	WCS MDT target currently supports Spain/EPSG:25830 only
train_mini	wl-tile-v1-09614	wl-neg-neg-pt-dgpc-114678	neg-pt-dgpc-114678	0	hard_negative	train	PT	Mamoa I da Chã da Navia/ Nave			-8.242122616468263	41.71375684098488	dgt_ortos2021_rgb	Ortos2021-RGB	unsupported_country	WCS MDT target currently supports Spain/EPSG:25830 only
train_mini	wl-tile-v1-09695	wl-neg-neg-pt-dgpc-104689	neg-pt-dgpc-104689	0	hard_negative	train	PT	Mamoa I de Ardegães			-8.56966939359622	41.23301108035118	dgt_ortos2021_rgb	Ortos2021-RGB	unsupported_country	WCS MDT target currently supports Spain/EPSG:25830 only
train_mini	wl-tile-v1-09601	wl-neg-neg-pt-dgpc-114661	neg-pt-dgpc-114661	0	hard_negative	train	PT	Mamoa I de Cimo de Carregadela			-8.27020853948641	41.766900325157145	dgt_ortos2021_rgb	Ortos2021-RGB	unsupported_country	WCS MDT target currently supports Spain/EPSG:25830 only
train_mini	wl-tile-v1-09697	wl-neg-neg-pt-dgpc-104726	neg-pt-dgpc-104726	0	hard_negative	train	PT	Mamoa I de Godêlo			-8.573623538679385	41.23569723336947	dgt_ortos2021_rgb	Ortos2021-RGB	unsupported_country	WCS MDT target currently supports Spain/EPSG:25830 only
train_mini	wl-tile-v1-09610	wl-neg-neg-pt-dgpc-114673	neg-pt-dgpc-114673	0	hard_negative	train	PT	Mamoa I de Porta Cerdeiros			-8.260189005560065	41.70280670930958	dgt_ortos2021_rgb	Ortos2021-RGB	unsupported_country	WCS MDT target currently supports Spain/EPSG:25830 only
train_mini	wl-tile-v1-09618	wl-neg-neg-pt-dgpc-107020	neg-pt-dgpc-107020	0	hard_negative	train	PT	Mamoa I de Vermoim (São Cosme)			-8.457491685565682	41.43264928714387	dgt_ortos2021_rgb	Ortos2021-RGB	unsupported_country	WCS MDT target currently supports Spain/EPSG:25830 only
train_mini	wl-tile-v1-09607	wl-neg-neg-pt-dgpc-114670	neg-pt-dgpc-114670	0	hard_negative	train	PT	Mamoa II da Bouça do Fojo			-8.263552187498515	41.70212093359712	dgt_ortos2021_rgb	Ortos2021-RGB	unsupported_country	WCS MDT target currently supports Spain/EPSG:25830 only
train_mini	wl-tile-v1-09615	wl-neg-neg-pt-dgpc-114679	neg-pt-dgpc-114679	0	hard_negative	train	PT	Mamoa II da Chã da Navia/ Nave			-8.24129761732906	41.714181835568056	dgt_ortos2021_rgb	Ortos2021-RGB	unsupported_country	WCS MDT target currently supports Spain/EPSG:25830 only
train_mini	wl-tile-v1-09694	wl-neg-neg-pt-dgpc-104670	neg-pt-dgpc-104670	0	hard_negative	train	PT	Mamoa II de Ardegães			-8.570259749441899	41.23210842600558	dgt_ortos2021_rgb	Ortos2021-RGB	unsupported_country	WCS MDT target currently supports Spain/EPSG:25830 only
train_mini	wl-tile-v1-09602	wl-neg-neg-pt-dgpc-114662	neg-pt-dgpc-114662	0	hard_negative	train	PT	Mamoa II de Cimo de Carregadela			-8.270092218046686	41.766851054884505	dgt_ortos2021_rgb	Ortos2021-RGB	unsupported_country	WCS MDT target currently supports Spain/EPSG:25830 only
train_mini	wl-tile-v1-09696	wl-neg-neg-pt-dgpc-104712	neg-pt-dgpc-104712	0	hard_negative	train	PT	Mamoa II de Godêlo			-8.573499420591087	41.234977378633005	dgt_ortos2021_rgb	Ortos2021-RGB	unsupported_country	WCS MDT target currently supports Spain/EPSG:25830 only
train_mini	wl-tile-v1-09611	wl-neg-neg-pt-dgpc-114675	neg-pt-dgpc-114675	0	hard_negative	train	PT	Mamoa II de Porta Cerdeiros			-8.25995851693956	41.70370676226233	dgt_ortos2021_rgb	Ortos2021-RGB	unsupported_country	WCS MDT target currently supports Spain/EPSG:25830 only
train_mini	wl-tile-v1-09620	wl-neg-neg-pt-dgpc-107041	neg-pt-dgpc-107041	0	hard_negative	train	PT	Mamoa II de Vermoim (São Cosme)			-8.456842771869661	41.43447889174548	dgt_ortos2021_rgb	Ortos2021-RGB	unsupported_country	WCS MDT target currently supports Spain/EPSG:25830 only
train_mini	wl-tile-v1-09608	wl-neg-neg-pt-dgpc-114671	neg-pt-dgpc-114671	0	hard_negative	train	PT	Mamoa III da Bouça do Fojo			-8.263320708015758	41.70220108893674	dgt_ortos2021_rgb	Ortos2021-RGB	unsupported_country	WCS MDT target currently supports Spain/EPSG:25830 only
train_mini	wl-tile-v1-09603	wl-neg-neg-pt-dgpc-114663	neg-pt-dgpc-114663	0	hard_negative	train	PT	Mamoa III de Cimo de Carregadela			-8.270247619308858	41.76676470218347	dgt_ortos2021_rgb	Ortos2021-RGB	unsupported_country	WCS MDT target currently supports Spain/EPSG:25830 only
train_mini	wl-tile-v1-09612	wl-neg-neg-pt-dgpc-114676	neg-pt-dgpc-114676	0	hard_negative	train	PT	Mamoa III de Porta Cerdeiros			-8.259858537245492	41.704051114377386	dgt_ortos2021_rgb	Ortos2021-RGB	unsupported_country	WCS MDT target currently supports Spain/EPSG:25830 only
train_mini	wl-tile-v1-09619	wl-neg-neg-pt-dgpc-107032	neg-pt-dgpc-107032	0	hard_negative	train	PT	Mamoa III de Vermoim (São Cosme)			-8.456828701438083	41.434055752630144	dgt_ortos2021_rgb	Ortos2021-RGB	unsupported_country	WCS MDT target currently supports Spain/EPSG:25830 only
train_mini	wl-tile-v1-09617	wl-neg-neg-pt-dgpc-107012	neg-pt-dgpc-107012	0	hard_negative	train	PT	Mamoa IV Vermoim (São Cosme)			-8.458111464860076	41.43217933495286	dgt_ortos2021_rgb	Ortos2021-RGB	unsupported_country	WCS MDT target currently supports Spain/EPSG:25830 only
train_mini	wl-tile-v1-09609	wl-neg-neg-pt-dgpc-114672	neg-pt-dgpc-114672	0	hard_negative	train	PT	Mamoa IV da Bouça do Fojo			-8.262997290512251	41.70239830451953	dgt_ortos2021_rgb	Ortos2021-RGB	unsupported_country	WCS MDT target currently supports Spain/EPSG:25830 only
train_mini	wl-tile-v1-09613	wl-neg-neg-pt-dgpc-114677	neg-pt-dgpc-114677	0	hard_negative	train	PT	Mamoa IV de Porta Cerdeiros			-8.259438976703382	41.70392331389225	dgt_ortos2021_rgb	Ortos2021-RGB	unsupported_country	WCS MDT target currently supports Spain/EPSG:25830 only
train_mini	wl-tile-v1-09802	wl-neg-neg-pt-dgpc-108626	neg-pt-dgpc-108626	0	hard_negative	train	PT	Mamoa da Giadela			-8.258292527604821	41.7978812367378	dgt_ortos2021_rgb	Ortos2021-RGB	unsupported_country	WCS MDT target currently supports Spain/EPSG:25830 only
train_mini	wl-tile-v1-09781	wl-neg-neg-pt-dgpc-112380	neg-pt-dgpc-112380	0	hard_negative	train	PT	Mamoa da Sela			-8.562915948502908	41.9734425979246	dgt_ortos2021_rgb	Ortos2021-RGB	unsupported_country	WCS MDT target currently supports Spain/EPSG:25830 only
train_mini	wl-tile-v1-09594	wl-neg-neg-pt-dgpc-109828	neg-pt-dgpc-109828	0	hard_negative	train	PT	Mamoa de Cutelo			-8.251347048545133	41.77663190479847	dgt_ortos2021_rgb	Ortos2021-RGB	unsupported_country	WCS MDT target currently supports Spain/EPSG:25830 only
train_mini	wl-tile-v1-09547	wl-neg-neg-pt-dgpc-114694	neg-pt-dgpc-114694	0	hard_negative	train	PT	Mamoa de Infia 2 / Mamoa dos Barros Brancos 4			-8.722437315310028	41.63198618889695	dgt_ortos2021_rgb	Ortos2021-RGB	unsupported_country	WCS MDT target currently supports Spain/EPSG:25830 only
train_mini	wl-tile-v1-09783	wl-neg-neg-pt-dgpc-112384	neg-pt-dgpc-112384	0	hard_negative	train	PT	Mamoa do Alto do Moinho do Couto			-8.553428767282423	41.95893009225952	dgt_ortos2021_rgb	Ortos2021-RGB	unsupported_country	WCS MDT target currently supports Spain/EPSG:25830 only
train_mini	wl-tile-v1-09640	wl-neg-neg-pt-dgpc-109873	neg-pt-dgpc-109873	0	hard_negative	train	PT	Mamoa do Couto			-8.44339539517577	41.71710279883439	dgt_ortos2021_rgb	Ortos2021-RGB	unsupported_country	WCS MDT target currently supports Spain/EPSG:25830 only
train_mini	wl-tile-v1-09596	wl-neg-neg-pt-dgpc-114656	neg-pt-dgpc-114656	0	hard_negative	train	PT	Mamoa do Cruzeiro			-8.197538941394258	41.749331945948875	dgt_ortos2021_rgb	Ortos2021-RGB	unsupported_country	WCS MDT target currently supports Spain/EPSG:25830 only
train_mini	wl-tile-v1-09699	wl-neg-neg-pt-dgpc-104859	neg-pt-dgpc-104859	0	hard_negative	train	PT	Mamoa do Leandro 3			-8.566201342786735	41.249681784071605	dgt_ortos2021_rgb	Ortos2021-RGB	unsupported_country	WCS MDT target currently supports Spain/EPSG:25830 only
train_mini	wl-tile-v1-09700	wl-neg-neg-pt-dgpc-104887	neg-pt-dgpc-104887	0	hard_negative	train	PT	Mamoa do Leandro 4			-8.569789428489548	41.251018824296665	dgt_ortos2021_rgb	Ortos2021-RGB	unsupported_country	WCS MDT target currently supports Spain/EPSG:25830 only
train_mini	wl-tile-v1-09698	wl-neg-neg-pt-dgpc-104855	neg-pt-dgpc-104855	0	hard_negative	train	PT	Mamoa do Leandro 5			-8.571328342242396	41.249212151931594	dgt_ortos2021_rgb	Ortos2021-RGB	unsupported_country	WCS MDT target currently supports Spain/EPSG:25830 only
train_mini	wl-tile-v1-09788	wl-neg-neg-pt-dgpc-112390	neg-pt-dgpc-112390	0	hard_negative	train	PT	Mamoa dos Agueiros			-8.553605522019026	41.95572598864639	dgt_ortos2021_rgb	Ortos2021-RGB	unsupported_country	WCS MDT target currently supports Spain/EPSG:25830 only
train_mini	wl-tile-v1-09797	wl-neg-neg-pt-dgpc-112408	neg-pt-dgpc-112408	0	hard_negative	train	PT	Mamoa dos Agueiros			-8.554425063221045	41.957379369504395	dgt_ortos2021_rgb	Ortos2021-RGB	unsupported_country	WCS MDT target currently supports Spain/EPSG:25830 only
train_mini	wl-tile-v1-09801	wl-neg-neg-pt-dgpc-112422	neg-pt-dgpc-112422	0	hard_negative	train	PT	Mamoa dos Agueiros			-8.554231485574135	41.95589297529473	dgt_ortos2021_rgb	Ortos2021-RGB	unsupported_country	WCS MDT target currently supports Spain/EPSG:25830 only
train_mini	wl-tile-v1-09678	wl-neg-neg-pt-dgpc-112099	neg-pt-dgpc-112099	0	hard_negative	train	PT	Mamoa dos Crastos (Broalhos)			-8.454970158840887	41.071763054065066	dgt_ortos2021_rgb	Ortos2021-RGB	unsupported_country	WCS MDT target currently supports Spain/EPSG:25830 only
train_mini	wl-tile-v1-09679	wl-neg-neg-pt-dgpc-112102	neg-pt-dgpc-112102	0	hard_negative	train	PT	Mamoa dos Valinhos (Broalhos)			-8.454983360042458	41.07446433162828	dgt_ortos2021_rgb	Ortos2021-RGB	unsupported_country	WCS MDT target currently supports Spain/EPSG:25830 only
train_mini	wl-tile-v1-09624	wl-neg-neg-pt-dgpc-109025	neg-pt-dgpc-109025	0	hard_negative	train	PT	Marrancos			-8.511975738514858	41.67034918987403	dgt_ortos2021_rgb	Ortos2021-RGB	unsupported_country	WCS MDT target currently supports Spain/EPSG:25830 only
train_mini	wl-tile-v1-09661	wl-neg-neg-pt-dgpc-108898	neg-pt-dgpc-108898	0	hard_negative	train	PT	Modorro			-6.948530040095773	41.839712832997705	dgt_ortos2021_rgb	Ortos2021-RGB	unsupported_country	WCS MDT target currently supports Spain/EPSG:25830 only
train_mini	wl-tile-v1-09546	wl-neg-neg-pt-dgpc-113947	neg-pt-dgpc-113947	0	hard_negative	train	PT	Monte			-8.677228643592844	41.474840217581246	dgt_ortos2021_rgb	Ortos2021-RGB	unsupported_country	WCS MDT target currently supports Spain/EPSG:25830 only
train_mini	wl-tile-v1-09659	wl-neg-neg-pt-dgpc-108539	neg-pt-dgpc-108539	0	hard_negative	train	PT	Monte da Igrejinha			-7.126878434623248	41.9863476150578	dgt_ortos2021_rgb	Ortos2021-RGB	unsupported_country	WCS MDT target currently supports Spain/EPSG:25830 only
train_mini	wl-tile-v1-09713	wl-neg-neg-pt-dgpc-106169	neg-pt-dgpc-106169	0	hard_negative	train	PT	Monte de São Brás			-8.660223351170599	41.216721387733145	dgt_ortos2021_rgb	Ortos2021-RGB	unsupported_country	WCS MDT target currently supports Spain/EPSG:25830 only
train_mini	wl-tile-v1-09752	wl-neg-neg-pt-dgpc-111087	neg-pt-dgpc-111087	0	hard_negative	train	PT	Monte de São Marcos			-8.274545786193666	42.09043360816963	dgt_ortos2021_rgb	Ortos2021-RGB	unsupported_country	WCS MDT target currently supports Spain/EPSG:25830 only
train_mini	wl-tile-v1-09864	wl-neg-neg-pt-dgpc-104962	neg-pt-dgpc-104962	0	hard_negative	train	PT	Monte de São Pedro			-7.541181873867435	41.25663408557696	dgt_ortos2021_rgb	Ortos2021-RGB	unsupported_country	WCS MDT target currently supports Spain/EPSG:25830 only
train_mini	wl-tile-v1-09814	wl-neg-neg-pt-dgpc-110407	neg-pt-dgpc-110407	0	hard_negative	train	PT	Monte dos Fortes - Núcleo I			-8.585496544021247	42.00295317568802	dgt_ortos2021_rgb	Ortos2021-RGB	unsupported_country	WCS MDT target currently supports Spain/EPSG:25830 only
train_mini	wl-tile-v1-09815	wl-neg-neg-pt-dgpc-110409	neg-pt-dgpc-110409	0	hard_negative	train	PT	Monte dos Fortes - Núcleo II			-8.586867949497286	42.00038081917371	dgt_ortos2021_rgb	Ortos2021-RGB	unsupported_country	WCS MDT target currently supports Spain/EPSG:25830 only
train_mini	wl-tile-v1-09767	wl-neg-neg-pt-dgpc-108290	neg-pt-dgpc-108290	0	hard_negative	train	PT	Monterrão			-8.609059848503406	41.88966696566104	dgt_ortos2021_rgb	Ortos2021-RGB	unsupported_country	WCS MDT target currently supports Spain/EPSG:25830 only
train_mini	wl-tile-v1-09655	wl-neg-neg-pt-dgpc-106637	neg-pt-dgpc-106637	0	hard_negative	train	PT	Moreirão			-7.081986751891058	41.35132199635947	dgt_ortos2021_rgb	Ortos2021-RGB	unsupported_country	WCS MDT target currently supports Spain/EPSG:25830 only
train_mini	wl-tile-v1-09751	wl-neg-neg-pt-dgpc-111031	neg-pt-dgpc-111031	0	hard_negative	train	PT	Mota			-8.214573611521926	42.05511109742115	dgt_ortos2021_rgb	Ortos2021-RGB	unsupported_country	WCS MDT target currently supports Spain/EPSG:25830 only
train_mini	wl-tile-v1-09794	wl-neg-neg-pt-dgpc-112396	neg-pt-dgpc-112396	0	hard_negative	train	PT	Mourela			-8.607906795878616	41.88956380650624	dgt_ortos2021_rgb	Ortos2021-RGB	unsupported_country	WCS MDT target currently supports Spain/EPSG:25830 only
train_mini	wl-tile-v1-09544	wl-neg-neg-pt-dgpc-112414	neg-pt-dgpc-112414	0	hard_negative	train	PT	Mourisca			-8.637658404274863	41.60060870044866	dgt_ortos2021_rgb	Ortos2021-RGB	unsupported_country	WCS MDT target currently supports Spain/EPSG:25830 only
train_mini	wl-tile-v1-09735	wl-neg-neg-pt-dgpc-108849	neg-pt-dgpc-108849	0	hard_negative	train	PT	Murteira			-8.37390216483309	41.835482942557725	dgt_ortos2021_rgb	Ortos2021-RGB	unsupported_country	WCS MDT target currently supports Spain/EPSG:25830 only
train_mini	wl-tile-v1-09770	wl-neg-neg-pt-dgpc-108392	neg-pt-dgpc-108392	0	hard_negative	train	PT	Mó			-8.51760386335266	41.90891656731102	dgt_ortos2021_rgb	Ortos2021-RGB	unsupported_country	WCS MDT target currently supports Spain/EPSG:25830 only
train_mini	wl-tile-v1-09668	wl-neg-neg-pt-dgpc-113078	neg-pt-dgpc-113078	0	hard_negative	train	PT	Necróple do Barral			-8.09061808553109	41.267036180456934	dgt_ortos2021_rgb	Ortos2021-RGB	unsupported_country	WCS MDT target currently supports Spain/EPSG:25830 only
train_mini	wl-tile-v1-09772	wl-neg-neg-pt-dgpc-108400	neg-pt-dgpc-108400	0	hard_negative	train	PT	Nogueira			-8.55137370190479	41.91239955903235	dgt_ortos2021_rgb	Ortos2021-RGB	unsupported_country	WCS MDT target currently supports Spain/EPSG:25830 only
train_mini	wl-tile-v1-09750	wl-neg-neg-pt-dgpc-108585	neg-pt-dgpc-108585	0	hard_negative	train	PT	Nossa Senhora do Numão			-8.15848734790354	42.030199568213014	dgt_ortos2021_rgb	Ortos2021-RGB	unsupported_country	WCS MDT target currently supports Spain/EPSG:25830 only
train_mini	wl-tile-v1-09641	wl-neg-neg-pt-dgpc-111266	neg-pt-dgpc-111266	0	hard_negative	train	PT	Outeirinho			-8.423227514402244	41.64579545522479	dgt_ortos2021_rgb	Ortos2021-RGB	unsupported_country	WCS MDT target currently supports Spain/EPSG:25830 only
train_mini	wl-tile-v1-09804	wl-neg-neg-pt-dgpc-108500	neg-pt-dgpc-108500	0	hard_negative	train	PT	Outeiro da Madorra			-8.662010015468745	41.95470690895158	dgt_ortos2021_rgb	Ortos2021-RGB	unsupported_country	WCS MDT target currently supports Spain/EPSG:25830 only
train_mini	wl-tile-v1-09674	wl-neg-neg-pt-dgpc-105998	neg-pt-dgpc-105998	0	hard_negative	train	PT	Outeiro de Gregos 2			-8.040152083517007	41.18563172175026	dgt_ortos2021_rgb	Ortos2021-RGB	unsupported_country	WCS MDT target currently supports Spain/EPSG:25830 only
train_mini	wl-tile-v1-09837	wl-neg-neg-pt-dgpc-109218	neg-pt-dgpc-109218	0	hard_negative	train	PT	Outeiro do Coxo			-7.445464235505578	41.61867463139742	dgt_ortos2021_rgb	Ortos2021-RGB	unsupported_country	WCS MDT target currently supports Spain/EPSG:25830 only
train_mini	wl-tile-v1-09703	wl-neg-neg-pt-dgpc-105079	neg-pt-dgpc-105079	0	hard_negative	train	PT	Paiço			-8.592580545288127	41.268487937143114	dgt_ortos2021_rgb	Ortos2021-RGB	unsupported_country	WCS MDT target currently supports Spain/EPSG:25830 only
train_mini	wl-tile-v1-09854	wl-neg-neg-pt-dgpc-107042	neg-pt-dgpc-107042	0	hard_negative	train	PT	Paradela			-7.95112104582298	41.384750396347066	dgt_ortos2021_rgb	Ortos2021-RGB	unsupported_country	WCS MDT target currently supports Spain/EPSG:25830 only
train_mini	wl-tile-v1-09840	wl-neg-neg-pt-dgpc-109427	neg-pt-dgpc-109427	0	hard_negative	train	PT	Parque multiusos de Santa Cruz - Chaves			-7.466652645114118	41.75502919512598	dgt_ortos2021_rgb	Ortos2021-RGB	unsupported_country	WCS MDT target currently supports Spain/EPSG:25830 only
train_mini	wl-tile-v1-09834	wl-neg-neg-pt-dgpc-109141	neg-pt-dgpc-109141	0	hard_negative	train	PT	Pedra Alta 1			-7.45046003721953	41.613689442894255	dgt_ortos2021_rgb	Ortos2021-RGB	unsupported_country	WCS MDT target currently supports Spain/EPSG:25830 only
train_mini	wl-tile-v1-09833	wl-neg-neg-pt-dgpc-109128	neg-pt-dgpc-109128	0	hard_negative	train	PT	Pedra Alta 2			-7.4502514974158185	41.61298593462775	dgt_ortos2021_rgb	Ortos2021-RGB	unsupported_country	WCS MDT target currently supports Spain/EPSG:25830 only
train_mini	wl-tile-v1-09838	wl-neg-neg-pt-dgpc-109299	neg-pt-dgpc-109299	0	hard_negative	train	PT	Pedra do Vale da Via			-7.507974373729409	41.74670809935441	dgt_ortos2021_rgb	Ortos2021-RGB	unsupported_country	WCS MDT target currently supports Spain/EPSG:25830 only
train_mini	wl-tile-v1-09844	wl-neg-neg-pt-dgpc-109770	neg-pt-dgpc-109770	0	hard_negative	train	PT	Penedo das Cruzes			-7.507712472458695	41.77371644974271	dgt_ortos2021_rgb	Ortos2021-RGB	unsupported_country	WCS MDT target currently supports Spain/EPSG:25830 only
train_mini	wl-tile-v1-09676	wl-neg-neg-pt-dgpc-112187	neg-pt-dgpc-112187	0	hard_negative	train	PT	Penedo de São Gonçalo			-8.225410265697992	41.34275185437362	dgt_ortos2021_rgb	Ortos2021-RGB	unsupported_country	WCS MDT target currently supports Spain/EPSG:25830 only
train_mini	wl-tile-v1-09745	wl-neg-neg-pt-dgpc-108389	neg-pt-dgpc-108389	0	hard_negative	train	PT	Penedo do Trinco			-8.783961061293487	41.908614582256746	dgt_ortos2021_rgb	Ortos2021-RGB	unsupported_country	WCS MDT target currently supports Spain/EPSG:25830 only
train_mini	wl-tile-v1-09845	wl-neg-neg-pt-dgpc-109789	neg-pt-dgpc-109789	0	hard_negative	train	PT	Penedo do Vale Salgueiro			-7.504697071213695	41.7746003368317	dgt_ortos2021_rgb	Ortos2021-RGB	unsupported_country	WCS MDT target currently supports Spain/EPSG:25830 only
train_mini	wl-tile-v1-09738	wl-neg-neg-pt-dgpc-112377	neg-pt-dgpc-112377	0	hard_negative	train	PT	Pereiras 3			-8.40813126653201	41.976118951478306	dgt_ortos2021_rgb	Ortos2021-RGB	unsupported_country	WCS MDT target currently supports Spain/EPSG:25830 only
train_mini	wl-tile-v1-09728	wl-neg-neg-pt-dgpc-111335	neg-pt-dgpc-111335	0	hard_negative	train	PT	Pinheiral/Pedra do Sol			-8.604442024148389	41.40848968955471	dgt_ortos2021_rgb	Ortos2021-RGB	unsupported_country	WCS MDT target currently supports Spain/EPSG:25830 only
train_mini	wl-tile-v1-09670	wl-neg-neg-pt-dgpc-113994	neg-pt-dgpc-113994	0	hard_negative	train	PT	Ponte Medieval de Amarante			-8.078075096180424	41.268868285416644	dgt_ortos2021_rgb	Ortos2021-RGB	unsupported_country	WCS MDT target currently supports Spain/EPSG:25830 only
train_mini	wl-tile-v1-09604	wl-neg-neg-pt-dgpc-114664	neg-pt-dgpc-114664	0	hard_negative	train	PT	Ponte Nova			-8.25368577446322	41.7386401585	dgt_ortos2021_rgb	Ortos2021-RGB	unsupported_country	WCS MDT target currently supports Spain/EPSG:25830 only
train_mini	wl-tile-v1-09645	wl-neg-neg-pt-dgpc-106915	neg-pt-dgpc-106915	0	hard_negative	train	PT	Ponte Nova			-8.283311482949756	41.372404420889374	dgt_ortos2021_rgb	Ortos2021-RGB	unsupported_country	WCS MDT target currently supports Spain/EPSG:25830 only
train_mini	wl-tile-v1-09646	wl-neg-neg-pt-dgpc-106922	neg-pt-dgpc-106922	0	hard_negative	train	PT	Ponte Velha de Vizela			-8.311647079429124	41.37313181429875	dgt_ortos2021_rgb	Ortos2021-RGB	unsupported_country	WCS MDT target currently supports Spain/EPSG:25830 only
train_mini	wl-tile-v1-09709	wl-neg-neg-pt-dgpc-106113	neg-pt-dgpc-106113	0	hard_negative	train	PT	Ponte da Pedra			-8.61479087298828	41.205368328750886	dgt_ortos2021_rgb	Ortos2021-RGB	unsupported_country	WCS MDT target currently supports Spain/EPSG:25830 only
train_mini	wl-tile-v1-09680	wl-neg-neg-pt-dgpc-106255	neg-pt-dgpc-106255	0	hard_negative	train	PT	Ponte da Veiga			-8.218874032716387	41.30098821619357	dgt_ortos2021_rgb	Ortos2021-RGB	unsupported_country	WCS MDT target currently supports Spain/EPSG:25830 only
train_mini	wl-tile-v1-09644	wl-neg-neg-pt-dgpc-114684	neg-pt-dgpc-114684	0	hard_negative	train	PT	Ponte de Agrela			-8.419071421636783	41.7343074825436	dgt_ortos2021_rgb	Ortos2021-RGB	unsupported_country	WCS MDT target currently supports Spain/EPSG:25830 only
train_mini	wl-tile-v1-09598	wl-neg-neg-pt-dgpc-114658	neg-pt-dgpc-114658	0	hard_negative	train	PT	Ponte de Cabaninhas			-8.234313177275284	41.739593826123496	dgt_ortos2021_rgb	Ortos2021-RGB	unsupported_country	WCS MDT target currently supports Spain/EPSG:25830 only
train_mini	wl-tile-v1-09599	wl-neg-neg-pt-dgpc-114659	neg-pt-dgpc-114659	0	hard_negative	train	PT	Ponte de Carvalheira/ Ponte de Quintão			-8.227956325190927	41.75701357236171	dgt_ortos2021_rgb	Ortos2021-RGB	unsupported_country	WCS MDT target currently supports Spain/EPSG:25830 only
train_mini	wl-tile-v1-09714	wl-neg-neg-pt-dgpc-106174	neg-pt-dgpc-106174	0	hard_negative	train	PT	Ponte de Dom Goimil			-8.646446527610081	41.21773813987413	dgt_ortos2021_rgb	Ortos2021-RGB	unsupported_country	WCS MDT target currently supports Spain/EPSG:25830 only
train_mini	wl-tile-v1-09597	wl-neg-neg-pt-dgpc-114657	neg-pt-dgpc-114657	0	hard_negative	train	PT	Ponte de Eixões/ Roda			-8.199458965021224	41.7519708234182	dgt_ortos2021_rgb	Ortos2021-RGB	unsupported_country	WCS MDT target currently supports Spain/EPSG:25830 only
train_mini	wl-tile-v1-09650	wl-neg-neg-pt-dgpc-107668	neg-pt-dgpc-107668	0	hard_negative	train	PT	Ponte de Frieira			-6.758703944648362	41.574498977016866	dgt_ortos2021_rgb	Ortos2021-RGB	unsupported_country	WCS MDT target currently supports Spain/EPSG:25830 only
train_mini	wl-tile-v1-09643	wl-neg-neg-pt-dgpc-114683	neg-pt-dgpc-114683	0	hard_negative	train	PT	Ponte de Permedelos			-8.4234192774629	41.738563763955746	dgt_ortos2021_rgb	Ortos2021-RGB	unsupported_country	WCS MDT target currently supports Spain/EPSG:25830 only
train_mini	wl-tile-v1-09605	wl-neg-neg-pt-dgpc-114665	neg-pt-dgpc-114665	0	hard_negative	train	PT	Ponte de Porta Santo/ Porta Santa/ Porto Santo			-8.216977930383695	41.7453059157034	dgt_ortos2021_rgb	Ortos2021-RGB	unsupported_country	WCS MDT target currently supports Spain/EPSG:25830 only
train_mini	wl-tile-v1-09769	wl-neg-neg-pt-dgpc-108373	neg-pt-dgpc-108373	0	hard_negative	train	PT	Ponte de Rubiães			-8.62631548708899	41.90415764192204	dgt_ortos2021_rgb	Ortos2021-RGB	unsupported_country	WCS MDT target currently supports Spain/EPSG:25830 only
train_mini	wl-tile-v1-09657	wl-neg-neg-pt-dgpc-107608	neg-pt-dgpc-107608	0	hard_negative	train	PT	Ponte de Santulhão			-6.674676129819785	41.55833966902693	dgt_ortos2021_rgb	Ortos2021-RGB	unsupported_country	WCS MDT target currently supports Spain/EPSG:25830 only
train_mini	wl-tile-v1-09669	wl-neg-neg-pt-dgpc-113083	neg-pt-dgpc-113083	0	hard_negative	train	PT	Ponte do Arquinho			-8.07480330693477	41.2682104064667	dgt_ortos2021_rgb	Ortos2021-RGB	unsupported_country	WCS MDT target currently supports Spain/EPSG:25830 only
train_mini	wl-tile-v1-09712	wl-neg-neg-pt-dgpc-106166	neg-pt-dgpc-106166	0	hard_negative	train	PT	Ponte do Carro			-8.667317940465555	41.215193970770095	dgt_ortos2021_rgb	Ortos2021-RGB	unsupported_country	WCS MDT target currently supports Spain/EPSG:25830 only
train_mini	wl-tile-v1-09642	wl-neg-neg-pt-dgpc-114682	neg-pt-dgpc-114682	0	hard_negative	train	PT	Ponte do Couto			-8.486720667056959	41.64981694528757	dgt_ortos2021_rgb	Ortos2021-RGB	unsupported_country	WCS MDT target currently supports Spain/EPSG:25830 only
train_mini	wl-tile-v1-09705	wl-neg-neg-pt-dgpc-104615	neg-pt-dgpc-104615	0	hard_negative	train	PT	Ponte dos Ronfos/ Ponte de Barreiros/ Ponte da Azenha			-8.631922765821031	41.224536388231456	dgt_ortos2021_rgb	Ortos2021-RGB	unsupported_country	WCS MDT target currently supports Spain/EPSG:25830 only
train_mini	wl-tile-v1-09541	wl-neg-neg-pt-dgpc-111018	neg-pt-dgpc-111018	0	hard_negative	train	PT	Portela / Linhares de Água			-8.619321172122133	41.61100204759858	dgt_ortos2021_rgb	Ortos2021-RGB	unsupported_country	WCS MDT target currently supports Spain/EPSG:25830 only
train_mini	wl-tile-v1-09790	wl-neg-neg-pt-dgpc-112392	neg-pt-dgpc-112392	0	hard_negative	train	PT	Portela da Anta 1/ Portela da Anta 2			-8.578870179809453	41.952130593592045	dgt_ortos2021_rgb	Ortos2021-RGB	unsupported_country	WCS MDT target currently supports Spain/EPSG:25830 only
train_mini	wl-tile-v1-09791	wl-neg-neg-pt-dgpc-112393	neg-pt-dgpc-112393	0	hard_negative	train	PT	Portela da Anta 3			-8.578094199541736	41.952628204006956	dgt_ortos2021_rgb	Ortos2021-RGB	unsupported_country	WCS MDT target currently supports Spain/EPSG:25830 only
train_mini	wl-tile-v1-09720	wl-neg-neg-pt-dgpc-105882	neg-pt-dgpc-105882	0	hard_negative	train	PT	Porto - Castelo de São João da Foz do Douro			-8.674492269307132	41.14890356796639	dgt_ortos2021_rgb	Ortos2021-RGB	unsupported_country	WCS MDT target currently supports Spain/EPSG:25830 only
train_mini	wl-tile-v1-09719	wl-neg-neg-pt-dgpc-105865	neg-pt-dgpc-105865	0	hard_negative	train	PT	Porto - Praça Almeida Garrett/Rua do Loureiro			-8.610672061559237	41.14561564569877	dgt_ortos2021_rgb	Ortos2021-RGB	unsupported_country	WCS MDT target currently supports Spain/EPSG:25830 only
train_mini	wl-tile-v1-09726	wl-neg-neg-pt-dgpc-112530	neg-pt-dgpc-112530	0	hard_negative	train	PT	Porto - Rua Infante D. Henrique, 19-29			-8.613716051081957	41.14108101661549	dgt_ortos2021_rgb	Ortos2021-RGB	unsupported_country	WCS MDT target currently supports Spain/EPSG:25830 only
train_mini	wl-tile-v1-09718	wl-neg-neg-pt-dgpc-105849	neg-pt-dgpc-105849	0	hard_negative	train	PT	Porto - Rua Mouzinho da Silveira, 208-214			-8.612730635606031	41.14368917831558	dgt_ortos2021_rgb	Ortos2021-RGB	unsupported_country	WCS MDT target currently supports Spain/EPSG:25830 only
train_mini	wl-tile-v1-09715	wl-neg-neg-pt-dgpc-105829	neg-pt-dgpc-105829	0	hard_negative	train	PT	Porto - Rua Mouzinho da Silveira, 56			-8.614325500298987	41.141890671968554	dgt_ortos2021_rgb	Ortos2021-RGB	unsupported_country	WCS MDT target currently supports Spain/EPSG:25830 only
train_mini	wl-tile-v1-09717	wl-neg-neg-pt-dgpc-105845	neg-pt-dgpc-105845	0	hard_negative	train	PT	Porto - Rua da Ponte Nova, 50-54			-8.613858293224164	41.14315322000399	dgt_ortos2021_rgb	Ortos2021-RGB	unsupported_country	WCS MDT target currently supports Spain/EPSG:25830 only
train_mini	wl-tile-v1-09721	wl-neg-neg-pt-dgpc-105893	neg-pt-dgpc-105893	0	hard_negative	train	PT	Porto - Rua das Condominhas, 701			-8.649084564361832	41.15286926624357	dgt_ortos2021_rgb	Ortos2021-RGB	unsupported_country	WCS MDT target currently supports Spain/EPSG:25830 only
train_mini	wl-tile-v1-09723	wl-neg-neg-pt-dgpc-111373	neg-pt-dgpc-111373	0	hard_negative	train	PT	Porto - Rua das Flores, 301-305 e Praça de Almeida Garrett, 7-10			-8.611274328880901	41.14515983962066	dgt_ortos2021_rgb	Ortos2021-RGB	unsupported_country	WCS MDT target currently supports Spain/EPSG:25830 only
train_mini	wl-tile-v1-09716	wl-neg-neg-pt-dgpc-105840	neg-pt-dgpc-105840	0	hard_negative	train	PT	Porto - Rua de Santana, 24-26			-8.613329741734994	41.14254313925772	dgt_ortos2021_rgb	Ortos2021-RGB	unsupported_country	WCS MDT target currently supports Spain/EPSG:25830 only
train_mini	wl-tile-v1-09724	wl-neg-neg-pt-dgpc-111418	neg-pt-dgpc-111418	0	hard_negative	train	PT	Porto - Rua de São Miguel, 13			-8.616110700423139	41.143199807744786	dgt_ortos2021_rgb	Ortos2021-RGB	unsupported_country	WCS MDT target currently supports Spain/EPSG:25830 only
train_mini	wl-tile-v1-11750	wl-pos-pos-pt-dgpc-108223	pos-pt-dgpc-108223	1	positive	train	PT	Alto do Castro			-6.76239540793134	41.86987925122878	dgt_ortos2021_rgb	Ortos2021-RGB	unsupported_country	WCS MDT target currently supports Spain/EPSG:25830 only
train_mini	wl-tile-v1-11841	wl-pos-pos-pt-dgpc-109074	pos-pt-dgpc-109074	1	positive	train	PT	Alto do Castro			-7.584821898978187	41.672822407387976	dgt_ortos2021_rgb	Ortos2021-RGB	unsupported_country	WCS MDT target currently supports Spain/EPSG:25830 only
train_mini	wl-tile-v1-11755	wl-pos-pos-pt-dgpc-108603	pos-pt-dgpc-108603	1	positive	train	PT	Ara 1 de Castro de Avelãs			-6.8060670025937124	41.796567931916904	dgt_ortos2021_rgb	Ortos2021-RGB	unsupported_country	WCS MDT target currently supports Spain/EPSG:25830 only
train_mini	wl-tile-v1-11757	wl-pos-pos-pt-dgpc-108635	pos-pt-dgpc-108635	1	positive	train	PT	Ara 2 de Castro de Avelãs			-6.804336582949994	41.79879868294752	dgt_ortos2021_rgb	Ortos2021-RGB	unsupported_country	WCS MDT target currently supports Spain/EPSG:25830 only
train_mini	wl-tile-v1-11759	wl-pos-pos-pt-dgpc-108644	pos-pt-dgpc-108644	1	positive	train	PT	Ara 3 de Castro de Avelãs			-6.805891026716784	41.79926679529511	dgt_ortos2021_rgb	Ortos2021-RGB	unsupported_country	WCS MDT target currently supports Spain/EPSG:25830 only
train_mini	wl-tile-v1-11715	wl-pos-pos-pt-dgpc-109754	pos-pt-dgpc-109754	1	positive	train	PT	Besteiros/ Castro do Gerês			-8.374512028690974	41.64482375660884	dgt_ortos2021_rgb	Ortos2021-RGB	unsupported_country	WCS MDT target currently supports Spain/EPSG:25830 only
train_mini	wl-tile-v1-11729	wl-pos-pos-pt-dgpc-107616	pos-pt-dgpc-107616	1	positive	train	PT	Braga - Castro Máximo/ Monte do Castro			-8.428259611285663	41.56075203918984	dgt_ortos2021_rgb	Ortos2021-RGB	unsupported_country	WCS MDT target currently supports Spain/EPSG:25830 only
train_mini	wl-tile-v1-11726	wl-pos-pos-pt-dgpc-107516	pos-pt-dgpc-107516	1	positive	train	PT	Braga - Cividade			-8.429747845129045	41.54544202908791	dgt_ortos2021_rgb	Ortos2021-RGB	unsupported_country	WCS MDT target currently supports Spain/EPSG:25830 only
train_mini	wl-tile-v1-11727	wl-pos-pos-pt-dgpc-107539	pos-pt-dgpc-107539	1	positive	train	PT	Braga - Termas Romanas de Maximinos/ Alto da Cividade/ Colina de Maximinos			-8.429089023324988	41.54609898557247	dgt_ortos2021_rgb	Ortos2021-RGB	unsupported_country	WCS MDT target currently supports Spain/EPSG:25830 only
train_mini	wl-tile-v1-11764	wl-pos-pos-pt-dgpc-108740	pos-pt-dgpc-108740	1	positive	train	PT	Caracuto do Castro			-6.6005481259696435	41.81795848021611	dgt_ortos2021_rgb	Ortos2021-RGB	unsupported_country	WCS MDT target currently supports Spain/EPSG:25830 only
train_mini	wl-tile-v1-11828	wl-pos-pos-pt-dgpc-108544	pos-pt-dgpc-108544	1	positive	train	PT	Castelo de Fraião/ Castelo da Furna / Castro de Boivão			-8.549469810670297	41.9901923342301	dgt_ortos2021_rgb	Ortos2021-RGB	unsupported_country	WCS MDT target currently supports Spain/EPSG:25830 only
train_mini	wl-tile-v1-11793	wl-pos-pos-pt-dgpc-104878	pos-pt-dgpc-104878	1	positive	train	PT	Castelo de Santa Cruz/ Castro do Alto do Louredo/ Castelo Novo			-8.13001875243632	41.250858890136534	dgt_ortos2021_rgb	Ortos2021-RGB	unsupported_country	WCS MDT target currently supports Spain/EPSG:25830 only
train_mini	wl-tile-v1-11817	wl-pos-pos-pt-dgpc-108573	pos-pt-dgpc-108573	1	positive	train	PT	Castelo do Castro Laboreiro			-8.158363122036318	42.0228150809579	dgt_ortos2021_rgb	Ortos2021-RGB	unsupported_country	WCS MDT target currently supports Spain/EPSG:25830 only
train_mini	wl-tile-v1-11718	wl-pos-pos-pt-dgpc-109954	pos-pt-dgpc-109954	1	positive	train	PT	Castelo do Espinho/ Castro de São Pedro Fins			-8.361860851549643	41.65611305870837	dgt_ortos2021_rgb	Ortos2021-RGB	unsupported_country	WCS MDT target currently supports Spain/EPSG:25830 only
train_mini	wl-tile-v1-11752	wl-pos-pos-pt-dgpc-108459	pos-pt-dgpc-108459	1	positive	train	PT	Castro			-6.619512020447835	41.937586824001684	dgt_ortos2021_rgb	Ortos2021-RGB	unsupported_country	WCS MDT target currently supports Spain/EPSG:25830 only
train_mini	wl-tile-v1-11762	wl-pos-pos-pt-dgpc-108659	pos-pt-dgpc-108659	1	positive	train	PT	Castro			-6.795479472015511	41.80178395281529	dgt_ortos2021_rgb	Ortos2021-RGB	unsupported_country	WCS MDT target currently supports Spain/EPSG:25830 only
train_mini	wl-tile-v1-11779	wl-pos-pos-pt-dgpc-108213	pos-pt-dgpc-108213	1	positive	train	PT	Castro			-6.932546403445836	41.86575125935737	dgt_ortos2021_rgb	Ortos2021-RGB	unsupported_country	WCS MDT target currently supports Spain/EPSG:25830 only
train_mini	wl-tile-v1-11781	wl-pos-pos-pt-dgpc-108406	pos-pt-dgpc-108406	1	positive	train	PT	Castro			-6.9042343338512735	41.916498308815804	dgt_ortos2021_rgb	Ortos2021-RGB	unsupported_country	WCS MDT target currently supports Spain/EPSG:25830 only
train_mini	wl-tile-v1-11832	wl-pos-pos-pt-dgpc-108368	pos-pt-dgpc-108368	1	positive	train	PT	Castro			-8.667366499666082	41.902914772038585	dgt_ortos2021_rgb	Ortos2021-RGB	unsupported_country	WCS MDT target currently supports Spain/EPSG:25830 only
train_mini	wl-tile-v1-11835	wl-pos-pos-pt-dgpc-108508	pos-pt-dgpc-108508	1	positive	train	PT	Castro			-8.724159433968671	41.95845476232405	dgt_ortos2021_rgb	Ortos2021-RGB	unsupported_country	WCS MDT target currently supports Spain/EPSG:25830 only
train_mini	wl-tile-v1-11872	wl-pos-pos-pt-dgpc-109939	pos-pt-dgpc-109939	1	positive	train	PT	Castro			-7.892543046393498	41.78416777779164	dgt_ortos2021_rgb	Ortos2021-RGB	unsupported_country	WCS MDT target currently supports Spain/EPSG:25830 only
train_mini	wl-tile-v1-11811	wl-pos-pos-pt-dgpc-106433	pos-pt-dgpc-106433	1	positive	train	PT	Castro Boi			-8.675745972220364	41.324310467257675	dgt_ortos2021_rgb	Ortos2021-RGB	unsupported_country	WCS MDT target currently supports Spain/EPSG:25830 only
train_mini	wl-tile-v1-11818	wl-pos-pos-pt-dgpc-108574	pos-pt-dgpc-108574	1	positive	train	PT	Castro Laboreiro			-8.157555916572587	42.021630159868685	dgt_ortos2021_rgb	Ortos2021-RGB	unsupported_country	WCS MDT target currently supports Spain/EPSG:25830 only
train_mini	wl-tile-v1-11768	wl-pos-pos-pt-dgpc-109077	pos-pt-dgpc-109077	1	positive	train	PT	Castro Mau			-6.6492602594035155	41.67301945638685	dgt_ortos2021_rgb	Ortos2021-RGB	unsupported_country	WCS MDT target currently supports Spain/EPSG:25830 only
train_mini	wl-tile-v1-11790	wl-pos-pos-pt-dgpc-109505	pos-pt-dgpc-109505	1	positive	train	PT	Castro Mau			-7.0712436537457375	41.75953008944723	dgt_ortos2021_rgb	Ortos2021-RGB	unsupported_country	WCS MDT target currently supports Spain/EPSG:25830 only
train_mini	wl-tile-v1-11769	wl-pos-pos-pt-dgpc-109156	pos-pt-dgpc-109156	1	positive	train	PT	Castro Mouro/Pena Alta			-6.6435497326105555	41.675916631779195	dgt_ortos2021_rgb	Ortos2021-RGB	unsupported_country	WCS MDT target currently supports Spain/EPSG:25830 only
train_mini	wl-tile-v1-11733	wl-pos-pos-pt-dgpc-107213	pos-pt-dgpc-107213	1	positive	train	PT	Castro da Barrega			-8.072141651379246	41.39409688756674	dgt_ortos2021_rgb	Ortos2021-RGB	unsupported_country	WCS MDT target currently supports Spain/EPSG:25830 only
train_mini	wl-tile-v1-11783	wl-pos-pos-pt-dgpc-108519	pos-pt-dgpc-108519	1	positive	train	PT	Castro da Cisterna/Vila de Souane			-7.166669309290391	41.97077226108336	dgt_ortos2021_rgb	Ortos2021-RGB	unsupported_country	WCS MDT target currently supports Spain/EPSG:25830 only
train_mini	wl-tile-v1-11845	wl-pos-pos-pt-dgpc-109752	pos-pt-dgpc-109752	1	positive	train	PT	Castro da Curalha			-7.5281246835858004	41.70938007370585	dgt_ortos2021_rgb	Ortos2021-RGB	unsupported_country	WCS MDT target currently supports Spain/EPSG:25830 only
train_mini	wl-tile-v1-11722	wl-pos-pos-pt-dgpc-109346	pos-pt-dgpc-109346	1	positive	train	PT	Castro da Giesta			-8.67432271960183	41.62738226566458	dgt_ortos2021_rgb	Ortos2021-RGB	unsupported_country	WCS MDT target currently supports Spain/EPSG:25830 only
train_mini	wl-tile-v1-11859	wl-pos-pos-pt-dgpc-108949	pos-pt-dgpc-108949	1	positive	train	PT	Castro da Mina			-7.608561654274773	41.85032457284781	dgt_ortos2021_rgb	Ortos2021-RGB	unsupported_country	WCS MDT target currently supports Spain/EPSG:25830 only
train_mini	wl-tile-v1-11851	wl-pos-pos-pt-dgpc-108624	pos-pt-dgpc-108624	1	positive	train	PT	Castro da Parada/ Cabeça do Castro			-7.939909226578106	41.797779822594116	dgt_ortos2021_rgb	Ortos2021-RGB	unsupported_country	WCS MDT target currently supports Spain/EPSG:25830 only
train_mini	wl-tile-v1-11798	wl-pos-pos-pt-dgpc-106386	pos-pt-dgpc-106386	1	positive	train	PT	Castro da Pedreira			-8.216724020541195	41.31889881965584	dgt_ortos2021_rgb	Ortos2021-RGB	unsupported_country	WCS MDT target currently supports Spain/EPSG:25830 only
train_mini	wl-tile-v1-11788	wl-pos-pos-pt-dgpc-108962	pos-pt-dgpc-108962	1	positive	train	PT	Castro da Ponte			-6.930726851316939	41.85357825970504	dgt_ortos2021_rgb	Ortos2021-RGB	unsupported_country	WCS MDT target currently supports Spain/EPSG:25830 only
train_mini	wl-tile-v1-11770	wl-pos-pos-pt-dgpc-109605	pos-pt-dgpc-109605	1	positive	train	PT	Castro da Réfega			-6.559963346804474	41.7649231422277	dgt_ortos2021_rgb	Ortos2021-RGB	unsupported_country	WCS MDT target currently supports Spain/EPSG:25830 only
train_mini	wl-tile-v1-11763	wl-pos-pos-pt-dgpc-108722	pos-pt-dgpc-108722	1	positive	train	PT	Castro da Sapeira			-6.660710630854306	41.81325342371423	dgt_ortos2021_rgb	Ortos2021-RGB	unsupported_country	WCS MDT target currently supports Spain/EPSG:25830 only
train_mini	wl-tile-v1-11773	wl-pos-pos-pt-dgpc-109795	pos-pt-dgpc-109795	1	positive	train	PT	Castro da Seara / Castro Serzedo			-6.901410000626809	41.77476158198164	dgt_ortos2021_rgb	Ortos2021-RGB	unsupported_country	WCS MDT target currently supports Spain/EPSG:25830 only
train_mini	wl-tile-v1-11730	wl-pos-pos-pt-dgpc-107708	pos-pt-dgpc-107708	1	positive	train	PT	Castro da Sola			-8.4179196612204	41.58103628055815	dgt_ortos2021_rgb	Ortos2021-RGB	unsupported_country	WCS MDT target currently supports Spain/EPSG:25830 only
train_mini	wl-tile-v1-11738	wl-pos-pos-pt-dgpc-107083	pos-pt-dgpc-107083	1	positive	train	PT	Castro das Eiras/ Monte das Eiras			-8.44361112742367	41.43718056711798	dgt_ortos2021_rgb	Ortos2021-RGB	unsupported_country	WCS MDT target currently supports Spain/EPSG:25830 only
train_mini	wl-tile-v1-11732	wl-pos-pos-pt-dgpc-108069	pos-pt-dgpc-108069	1	positive	train	PT	Castro das Lages			-8.44941806452	41.49944373429104	dgt_ortos2021_rgb	Ortos2021-RGB	unsupported_country	WCS MDT target currently supports Spain/EPSG:25830 only
train_mini	wl-tile-v1-11799	wl-pos-pos-pt-dgpc-106944	pos-pt-dgpc-106944	1	positive	train	PT	Castro das Lazarinhas / Coutada			-8.263177758428938	41.37594058296501	dgt_ortos2021_rgb	Ortos2021-RGB	unsupported_country	WCS MDT target currently supports Spain/EPSG:25830 only
train_mini	wl-tile-v1-11809	wl-pos-pos-pt-dgpc-106254	pos-pt-dgpc-106254	1	positive	train	PT	Castro de Alvarelhos/ Castro de São Marçal			-8.61788128955152	41.30079853389695	dgt_ortos2021_rgb	Ortos2021-RGB	unsupported_country	WCS MDT target currently supports Spain/EPSG:25830 only
train_mini	wl-tile-v1-11808	wl-pos-pos-pt-dgpc-106958	pos-pt-dgpc-106958	1	positive	train	PT	Castro de Argivai			-8.72483041551296	41.376380992207345	dgt_ortos2021_rgb	Ortos2021-RGB	unsupported_country	WCS MDT target currently supports Spain/EPSG:25830 only
train_mini	wl-tile-v1-11778	wl-pos-pos-pt-dgpc-108195	pos-pt-dgpc-108195	1	positive	train	PT	Castro de Arnade			-6.932859597459606	41.861883268052985	dgt_ortos2021_rgb	Ortos2021-RGB	unsupported_country	WCS MDT target currently supports Spain/EPSG:25830 only
train_mini	wl-tile-v1-11830	wl-pos-pos-pt-dgpc-115142	pos-pt-dgpc-115142	1	positive	train	PT	Castro de Bacelar			-8.602427335760042	41.98532160020247	dgt_ortos2021_rgb	Ortos2021-RGB	unsupported_country	WCS MDT target currently supports Spain/EPSG:25830 only
train_mini	wl-tile-v1-11812	wl-pos-pos-pt-dgpc-107033	pos-pt-dgpc-107033	1	positive	train	PT	Castro de Bagunte/ Monte da Cividade/ Cividade de Bagunte			-8.655557438082585	41.383649713653774	dgt_ortos2021_rgb	Ortos2021-RGB	unsupported_country	WCS MDT target currently supports Spain/EPSG:25830 only
train_mini	wl-tile-v1-11749	wl-pos-pos-pt-dgpc-108199	pos-pt-dgpc-108199	1	positive	train	PT	Castro de Baçal			-6.721106866779897	41.86325727605982	dgt_ortos2021_rgb	Ortos2021-RGB	unsupported_country	WCS MDT target currently supports Spain/EPSG:25830 only
train_mini	wl-tile-v1-11735	wl-pos-pos-pt-dgpc-107764	pos-pt-dgpc-107764	1	positive	train	PT	Castro de Brunhais			-8.181544526530962	41.59555126991564	dgt_ortos2021_rgb	Ortos2021-RGB	unsupported_country	WCS MDT target currently supports Spain/EPSG:25830 only
train_mini	wl-tile-v1-11873	wl-pos-pos-pt-dgpc-110091	pos-pt-dgpc-110091	1	positive	train	PT	Castro de Cabanas			-7.982476719579076	41.66371118978938	dgt_ortos2021_rgb	Ortos2021-RGB	unsupported_country	WCS MDT target currently supports Spain/EPSG:25830 only
train_mini	wl-tile-v1-11867	wl-pos-pos-pt-dgpc-109682	pos-pt-dgpc-109682	1	positive	train	PT	Castro de Cabeça da Armada			-7.903768916488706	41.70531965234617	dgt_ortos2021_rgb	Ortos2021-RGB	unsupported_country	WCS MDT target currently supports Spain/EPSG:25830 only
train_mini	wl-tile-v1-11816	wl-pos-pos-pt-dgpc-108486	pos-pt-dgpc-108486	1	positive	train	PT	Castro de Cabreiro			-8.40207146255781	41.94975963228959	dgt_ortos2021_rgb	Ortos2021-RGB	unsupported_country	WCS MDT target currently supports Spain/EPSG:25830 only
train_mini	wl-tile-v1-11717	wl-pos-pos-pt-dgpc-109806	pos-pt-dgpc-109806	1	positive	train	PT	Castro de Caires / Castro de Gróvios			-8.354297300085134	41.64870318535756	dgt_ortos2021_rgb	Ortos2021-RGB	unsupported_country	WCS MDT target currently supports Spain/EPSG:25830 only
train_mini	wl-tile-v1-11876	wl-pos-pos-pt-dgpc-110114	pos-pt-dgpc-110114	1	positive	train	PT	Castro de Cervos			-7.677601227598995	41.73039846637593	dgt_ortos2021_rgb	Ortos2021-RGB	unsupported_country	WCS MDT target currently supports Spain/EPSG:25830 only
train_mini	wl-tile-v1-11848	wl-pos-pos-pt-dgpc-105962	pos-pt-dgpc-105962	1	positive	train	PT	Castro de Cidadelhe			-7.844719461158634	41.17684533996276	dgt_ortos2021_rgb	Ortos2021-RGB	unsupported_country	WCS MDT target currently supports Spain/EPSG:25830 only
train_mini	wl-tile-v1-11767	wl-pos-pos-pt-dgpc-109040	pos-pt-dgpc-109040	1	positive	train	PT	Castro de Ciragata/Cidadelhe			-6.724598453927665	41.67081603623943	dgt_ortos2021_rgb	Ortos2021-RGB	unsupported_country	WCS MDT target currently supports Spain/EPSG:25830 only
train_mini	wl-tile-v1-11863	wl-pos-pos-pt-dgpc-109492	pos-pt-dgpc-109492	1	positive	train	PT	Castro de Codeçoso			-7.953528597364983	41.69403838731128	dgt_ortos2021_rgb	Ortos2021-RGB	unsupported_country	WCS MDT target currently supports Spain/EPSG:25830 only
train_mini	wl-tile-v1-11854	wl-pos-pos-pt-dgpc-108771	pos-pt-dgpc-108771	1	positive	train	PT	Castro de Donões/Eiras do Castro			-7.828925275354679	41.82402770337258	dgt_ortos2021_rgb	Ortos2021-RGB	unsupported_country	WCS MDT target currently supports Spain/EPSG:25830 only
train_mini	wl-tile-v1-11745	wl-pos-pos-pt-dgpc-109844	pos-pt-dgpc-109844	1	positive	train	PT	Castro de Escariz / São Ilus			-8.535870242490057	41.65091039124731	dgt_ortos2021_rgb	Ortos2021-RGB	unsupported_country	WCS MDT target currently supports Spain/EPSG:25830 only
train_mini	wl-tile-v1-11786	wl-pos-pos-pt-dgpc-108702	pos-pt-dgpc-108702	1	positive	train	PT	Castro de Espinhoso			-7.104505799241483	41.80754903357964	dgt_ortos2021_rgb	Ortos2021-RGB	unsupported_country	WCS MDT target currently supports Spain/EPSG:25830 only
train_mini	wl-tile-v1-11852	wl-pos-pos-pt-dgpc-108736	pos-pt-dgpc-108736	1	positive	train	PT	Castro de Fernão Mouro/ Muralhas			-7.672475461452273	41.817043491408526	dgt_ortos2021_rgb	Ortos2021-RGB	unsupported_country	WCS MDT target currently supports Spain/EPSG:25830 only
train_mini	wl-tile-v1-11861	wl-pos-pos-pt-dgpc-109318	pos-pt-dgpc-109318	1	positive	train	PT	Castro de Ferral			-7.986995708342456	41.68306541672208	dgt_ortos2021_rgb	Ortos2021-RGB	unsupported_country	WCS MDT target currently supports Spain/EPSG:25830 only
train_mini	wl-tile-v1-11787	wl-pos-pos-pt-dgpc-108939	pos-pt-dgpc-108939	1	positive	train	PT	Castro de Ferreiros			-7.184301993220234	41.84730874409154	dgt_ortos2021_rgb	Ortos2021-RGB	unsupported_country	WCS MDT target currently supports Spain/EPSG:25830 only
train_mini	wl-tile-v1-11760	wl-pos-pos-pt-dgpc-108650	pos-pt-dgpc-108650	1	positive	train	PT	Castro de Gimonde/ Arrabalde de Gimonde			-6.696146116755786	41.800017583390535	dgt_ortos2021_rgb	Ortos2021-RGB	unsupported_country	WCS MDT target currently supports Spain/EPSG:25830 only
train_mini	wl-tile-v1-11734	wl-pos-pos-pt-dgpc-107741	pos-pt-dgpc-107741	1	positive	train	PT	Castro de Lanhoso/Estação lusitano-romana de Póvoa do Lanhoso			-8.281831529640154	41.58714595518124	dgt_ortos2021_rgb	Ortos2021-RGB	unsupported_country	WCS MDT target currently supports Spain/EPSG:25830 only
train_mini	wl-tile-v1-11844	wl-pos-pos-pt-dgpc-109308	pos-pt-dgpc-109308	1	positive	train	PT	Castro de Loivos/Castro de Muradal			-7.504959393389308	41.62406571893852	dgt_ortos2021_rgb	Ortos2021-RGB	unsupported_country	WCS MDT target currently supports Spain/EPSG:25830 only
train_mini	wl-tile-v1-11831	wl-pos-pos-pt-dgpc-115143	pos-pt-dgpc-115143	1	positive	train	PT	Castro de Mira			-8.609645561586886	41.974171677648464	dgt_ortos2021_rgb	Ortos2021-RGB	unsupported_country	WCS MDT target currently supports Spain/EPSG:25830 only
train_mini	wl-tile-v1-11785	wl-pos-pos-pt-dgpc-108682	pos-pt-dgpc-108682	1	positive	train	PT	Castro de Moaz/Eira do Castro			-7.036563612932378	41.8048502252989	dgt_ortos2021_rgb	Ortos2021-RGB	unsupported_country	WCS MDT target currently supports Spain/EPSG:25830 only
train_mini	wl-tile-v1-11856	wl-pos-pos-pt-dgpc-108819	pos-pt-dgpc-108819	1	positive	train	PT	Castro de Mourilhe			-7.856276982747857	41.83159899405238	dgt_ortos2021_rgb	Ortos2021-RGB	unsupported_country	WCS MDT target currently supports Spain/EPSG:25830 only
train_mini	wl-tile-v1-11877	wl-pos-pos-pt-dgpc-110170	pos-pt-dgpc-110170	1	positive	train	PT	Castro de Negrões			-7.77139566949113	41.73515208500841	dgt_ortos2021_rgb	Ortos2021-RGB	unsupported_country	WCS MDT target currently supports Spain/EPSG:25830 only
train_mini	wl-tile-v1-11791	wl-pos-pos-pt-dgpc-109947	pos-pt-dgpc-109947	1	positive	train	PT	Castro de Ousilhão			-6.952464000950668	41.78466052984895	dgt_ortos2021_rgb	Ortos2021-RGB	unsupported_country	WCS MDT target currently supports Spain/EPSG:25830 only
train_mini	wl-tile-v1-11719	wl-pos-pos-pt-dgpc-110072	pos-pt-dgpc-110072	1	positive	train	PT	Castro de Outeiro			-8.286487940291211	41.662954379161164	dgt_ortos2021_rgb	Ortos2021-RGB	unsupported_country	WCS MDT target currently supports Spain/EPSG:25830 only
train_mini	wl-tile-v1-11871	wl-pos-pos-pt-dgpc-109917	pos-pt-dgpc-109917	1	positive	train	PT	Castro de Outeiro			-7.938008721767632	41.78168778516987	dgt_ortos2021_rgb	Ortos2021-RGB	unsupported_country	WCS MDT target currently supports Spain/EPSG:25830 only
train_mini	wl-tile-v1-11836	wl-pos-pos-pt-dgpc-113461	pos-pt-dgpc-113461	1	positive	train	PT	Castro de Pagade			-8.677865015440917	41.885554248213744	dgt_ortos2021_rgb	Ortos2021-RGB	unsupported_country	WCS MDT target currently supports Spain/EPSG:25830 only
train_mini	wl-tile-v1-11866	wl-pos-pos-pt-dgpc-109627	pos-pt-dgpc-109627	1	positive	train	PT	Castro de Paradela			-7.9527387970914685	41.766271122682426	dgt_ortos2021_rgb	Ortos2021-RGB	unsupported_country	WCS MDT target currently supports Spain/EPSG:25830 only
train_mini	wl-tile-v1-11794	wl-pos-pos-pt-dgpc-105058	pos-pt-dgpc-105058	1	positive	train	PT	Castro de Paredes			-8.011993914555958	41.266643134161306	dgt_ortos2021_rgb	Ortos2021-RGB	unsupported_country	WCS MDT target currently supports Spain/EPSG:25830 only
train_mini	wl-tile-v1-11829	wl-pos-pos-pt-dgpc-115141	pos-pt-dgpc-115141	1	positive	train	PT	Castro de Paços			-8.629131072388887	41.977652919152604	dgt_ortos2021_rgb	Ortos2021-RGB	unsupported_country	WCS MDT target currently supports Spain/EPSG:25830 only
train_mini	wl-tile-v1-11853	wl-pos-pos-pt-dgpc-108748	pos-pt-dgpc-108748	1	positive	train	PT	Castro de Pedrário			-7.653864506771311	41.81925427361725	dgt_ortos2021_rgb	Ortos2021-RGB	unsupported_country	WCS MDT target currently supports Spain/EPSG:25830 only
train_mini	wl-tile-v1-11827	wl-pos-pos-pt-dgpc-110040	pos-pt-dgpc-110040	1	positive	train	PT	Castro de Queixada			-8.38912460143018	41.79130383511323	dgt_ortos2021_rgb	Ortos2021-RGB	unsupported_country	WCS MDT target currently supports Spain/EPSG:25830 only
train_mini	wl-tile-v1-11826	wl-pos-pos-pt-dgpc-109980	pos-pt-dgpc-109980	1	positive	train	PT	Castro de Quintão			-8.382585026955029	41.787723522204686	dgt_ortos2021_rgb	Ortos2021-RGB	unsupported_country	WCS MDT target currently supports Spain/EPSG:25830 only
train_mini	wl-tile-v1-11814	wl-pos-pos-pt-dgpc-108253	pos-pt-dgpc-108253	1	positive	train	PT	Castro de Reboreda			-8.465631403481332	41.88071939113854	dgt_ortos2021_rgb	Ortos2021-RGB	unsupported_country	WCS MDT target currently supports Spain/EPSG:25830 only
train_mini	wl-tile-v1-11878	wl-pos-pos-pt-dgpc-105186	pos-pt-dgpc-105186	1	positive	train	PT	Castro de Sabrosa/Castelo dos Mouros/Castelo da Sancha			-7.571300430828412	41.27861960809964	dgt_ortos2021_rgb	Ortos2021-RGB	unsupported_country	WCS MDT target currently supports Spain/EPSG:25830 only
train_mini	wl-tile-v1-11766	wl-pos-pos-pt-dgpc-108989	pos-pt-dgpc-108989	1	positive	train	PT	Castro de Sacóias			-6.68966272057244	41.8583650867716	dgt_ortos2021_rgb	Ortos2021-RGB	unsupported_country	WCS MDT target currently supports Spain/EPSG:25830 only
train_mini	wl-tile-v1-11789	wl-pos-pos-pt-dgpc-108979	pos-pt-dgpc-108979	1	positive	train	PT	Castro de Sandim			-7.189454663585854	41.85720049004036	dgt_ortos2021_rgb	Ortos2021-RGB	unsupported_country	WCS MDT target currently supports Spain/EPSG:25830 only
train_mini	wl-tile-v1-11780	wl-pos-pos-pt-dgpc-108354	pos-pt-dgpc-108354	1	positive	train	PT	Castro de Santa Cruz			-6.950227913443984	41.89969557464274	dgt_ortos2021_rgb	Ortos2021-RGB	unsupported_country	WCS MDT target currently supports Spain/EPSG:25830 only
train_mini	wl-tile-v1-11748	wl-pos-pos-pt-dgpc-106410	pos-pt-dgpc-106410	1	positive	train	PT	Castro de Santa Justa			-7.037882923414823	41.32209888211877	dgt_ortos2021_rgb	Ortos2021-RGB	unsupported_country	WCS MDT target currently supports Spain/EPSG:25830 only
train_mini	wl-tile-v1-11795	wl-pos-pos-pt-dgpc-106237	pos-pt-dgpc-106237	1	positive	train	PT	Castro de Santa Marinha			-8.187258922594305	41.29896414125153	dgt_ortos2021_rgb	Ortos2021-RGB	unsupported_country	WCS MDT target currently supports Spain/EPSG:25830 only
train_mini	wl-tile-v1-11842	wl-pos-pos-pt-dgpc-109225	pos-pt-dgpc-109225	1	positive	train	PT	Castro de Santiago do Monte/Crastas de Santiago			-7.463961315795051	41.67830530726737	dgt_ortos2021_rgb	Ortos2021-RGB	unsupported_country	WCS MDT target currently supports Spain/EPSG:25830 only
train_mini	wl-tile-v1-11800	wl-pos-pos-pt-dgpc-107052	pos-pt-dgpc-107052	1	positive	train	PT	Castro de Sendim			-8.17651955782848	41.384470076783245	dgt_ortos2021_rgb	Ortos2021-RGB	unsupported_country	WCS MDT target currently supports Spain/EPSG:25830 only
train_mini	wl-tile-v1-11744	wl-pos-pos-pt-dgpc-109743	pos-pt-dgpc-109743	1	positive	train	PT	Castro de Sobradelo/Reduto			-8.499588721468946	41.709284145844414	dgt_ortos2021_rgb	Ortos2021-RGB	unsupported_country	WCS MDT target currently supports Spain/EPSG:25830 only
train_mini	wl-tile-v1-11857	wl-pos-pos-pt-dgpc-108841	pos-pt-dgpc-108841	1	positive	train	PT	Castro de Solveira			-7.662911704550902	41.83457901000712	dgt_ortos2021_rgb	Ortos2021-RGB	unsupported_country	WCS MDT target currently supports Spain/EPSG:25830 only
train_mini	wl-tile-v1-11860	wl-pos-pos-pt-dgpc-108986	pos-pt-dgpc-108986	1	positive	train	PT	Castro de Soutelo			-7.684985240495982	41.85778721520889	dgt_ortos2021_rgb	Ortos2021-RGB	unsupported_country	WCS MDT target currently supports Spain/EPSG:25830 only
train_mini	wl-tile-v1-11802	wl-pos-pos-pt-dgpc-105178	pos-pt-dgpc-105178	1	positive	train	PT	Castro de São Domingos/ Cristelos			-8.297236257118827	41.27739312705152	dgt_ortos2021_rgb	Ortos2021-RGB	unsupported_country	WCS MDT target currently supports Spain/EPSG:25830 only
train_mini	wl-tile-v1-11804	wl-pos-pos-pt-dgpc-106440	pos-pt-dgpc-106440	1	positive	train	PT	Castro de São Gonçalo			-8.326261348438234	41.32497927216827	dgt_ortos2021_rgb	Ortos2021-RGB	unsupported_country	WCS MDT target currently supports Spain/EPSG:25830 only
train_mini	wl-tile-v1-11784	wl-pos-pos-pt-dgpc-108598	pos-pt-dgpc-108598	1	positive	train	PT	Castro de São Mamede			-7.0076003559092195	41.795927313186226	dgt_ortos2021_rgb	Ortos2021-RGB	unsupported_country	WCS MDT target currently supports Spain/EPSG:25830 only
train_mini	wl-tile-v1-11739	wl-pos-pos-pt-dgpc-107173	pos-pt-dgpc-107173	1	positive	train	PT	Castro de São Miguel-o-Anjo			-8.536059288556148	41.392054293223445	dgt_ortos2021_rgb	Ortos2021-RGB	unsupported_country	WCS MDT target currently supports Spain/EPSG:25830 only
train_mini	wl-tile-v1-11724	wl-pos-pos-pt-dgpc-109384	pos-pt-dgpc-109384	1	positive	train	PT	Castro de São Simão			-8.617935115477943	41.62898475335738	dgt_ortos2021_rgb	Ortos2021-RGB	unsupported_country	WCS MDT target currently supports Spain/EPSG:25830 only
train_mini	wl-tile-v1-11864	wl-pos-pos-pt-dgpc-109615	pos-pt-dgpc-109615	1	positive	train	PT	Castro de Travassos/Castro do Outeiro			-7.796405108414898	41.76592024987971	dgt_ortos2021_rgb	Ortos2021-RGB	unsupported_country	WCS MDT target currently supports Spain/EPSG:25830 only
train_mini	wl-tile-v1-11874	wl-pos-pos-pt-dgpc-110094	pos-pt-dgpc-110094	1	positive	train	PT	Castro de Valongo			-7.910499913876304	41.72895897586702	dgt_ortos2021_rgb	Ortos2021-RGB	unsupported_country	WCS MDT target currently supports Spain/EPSG:25830 only
train_mini	wl-tile-v1-11772	wl-pos-pos-pt-dgpc-109725	pos-pt-dgpc-109725	1	positive	train	PT	Castro de Vila Boa			-6.729053641039059	41.64260059558721	dgt_ortos2021_rgb	Ortos2021-RGB	unsupported_country	WCS MDT target currently supports Spain/EPSG:25830 only
train_mini	wl-tile-v1-11797	wl-pos-pos-pt-dgpc-106333	pos-pt-dgpc-106333	1	positive	train	PT	Castro de Vila Garcia/ Castro de Ponte Nova			-8.072215567935414	41.31396169734239	dgt_ortos2021_rgb	Ortos2021-RGB	unsupported_country	WCS MDT target currently supports Spain/EPSG:25830 only
train_mini	wl-tile-v1-11782	wl-pos-pos-pt-dgpc-108479	pos-pt-dgpc-108479	1	positive	train	PT	Castro de Vilarinho das Touças			-7.08757229776621	41.94599697809722	dgt_ortos2021_rgb	Ortos2021-RGB	unsupported_country	WCS MDT target currently supports Spain/EPSG:25830 only
train_mini	wl-tile-v1-11875	wl-pos-pos-pt-dgpc-110107	pos-pt-dgpc-110107	1	positive	train	PT	Castro de Vilarinho de Negrões/ Castro do Mau Vizinho			-7.818320510247984	41.729948796695	dgt_ortos2021_rgb	Ortos2021-RGB	unsupported_country	WCS MDT target currently supports Spain/EPSG:25830 only
train_mini	wl-tile-v1-11815	wl-pos-pos-pt-dgpc-108463	pos-pt-dgpc-108463	1	positive	train	PT	Castro de Álvora			-8.44965074966652	41.937934124895484	dgt_ortos2021_rgb	Ortos2021-RGB	unsupported_country	WCS MDT target currently supports Spain/EPSG:25830 only
train_mini	wl-tile-v1-11801	wl-pos-pos-pt-dgpc-105090	pos-pt-dgpc-105090	1	positive	train	PT	Castro do Alto de Nevogilde			-8.32227752822911	41.269250891230506	dgt_ortos2021_rgb	Ortos2021-RGB	unsupported_country	WCS MDT target currently supports Spain/EPSG:25830 only
train_mini	wl-tile-v1-11714	wl-pos-pos-pt-dgpc-109437	pos-pt-dgpc-109437	1	positive	train	PT	Castro do Alto dos Castelos/ Fraga dos Fornelos			-8.276419653411708	41.6915990203992	dgt_ortos2021_rgb	Ortos2021-RGB	unsupported_country	WCS MDT target currently supports Spain/EPSG:25830 only
train_mini	wl-tile-v1-11746	wl-pos-pos-pt-dgpc-109927	pos-pt-dgpc-109927	1	positive	train	PT	Castro do Barbudo/ Monte do Castelo			-8.470741462351	41.6534472603513	dgt_ortos2021_rgb	Ortos2021-RGB	unsupported_country	WCS MDT target currently supports Spain/EPSG:25830 only
train_mini	wl-tile-v1-11810	wl-pos-pos-pt-dgpc-105926	pos-pt-dgpc-105926	1	positive	train	PT	Castro do Couce			-8.48629331195879	41.166126293230214	dgt_ortos2021_rgb	Ortos2021-RGB	unsupported_country	WCS MDT target currently supports Spain/EPSG:25830 only
train_mini	wl-tile-v1-11849	wl-pos-pos-pt-dgpc-106776	pos-pt-dgpc-106776	1	positive	train	PT	Castro do Crastoeiro			-7.929788448932595	41.4150933301471	dgt_ortos2021_rgb	Ortos2021-RGB	unsupported_country	WCS MDT target currently supports Spain/EPSG:25830 only
train_mini	wl-tile-v1-11796	wl-pos-pos-pt-dgpc-106251	pos-pt-dgpc-106251	1	positive	train	PT	Castro do Ladário			-8.066802384706957	41.29599512747873	dgt_ortos2021_rgb	Ortos2021-RGB	unsupported_country	WCS MDT target currently supports Spain/EPSG:25830 only
train_mini	wl-tile-v1-11806	wl-pos-pos-pt-dgpc-106073	pos-pt-dgpc-106073	1	positive	train	PT	Castro do Monte Castelo de Guifões			-8.678098774282239	41.20070265455174	dgt_ortos2021_rgb	Ortos2021-RGB	unsupported_country	WCS MDT target currently supports Spain/EPSG:25830 only
train_mini	wl-tile-v1-11721	wl-pos-pos-pt-dgpc-107754	pos-pt-dgpc-107754	1	positive	train	PT	Castro do Monte Castro/Monte do Castro			-8.634438152692013	41.59064893825962	dgt_ortos2021_rgb	Ortos2021-RGB	unsupported_country	WCS MDT target currently supports Spain/EPSG:25830 only
train_mini	wl-tile-v1-11833	wl-pos-pos-pt-dgpc-108391	pos-pt-dgpc-108391	1	positive	train	PT	Castro do Monte Góis			-8.770704146381263	41.90868903159418	dgt_ortos2021_rgb	Ortos2021-RGB	unsupported_country	WCS MDT target currently supports Spain/EPSG:25830 only
train_mini	wl-tile-v1-11731	wl-pos-pos-pt-dgpc-107904	pos-pt-dgpc-107904	1	positive	train	PT	Castro do Monte Redondo/ Castro Monte Cossourado/ Castro de São Mamede			-8.447139611486296	41.47408647498355	dgt_ortos2021_rgb	Ortos2021-RGB	unsupported_country	WCS MDT target currently supports Spain/EPSG:25830 only
train_mini	wl-tile-v1-11728	wl-pos-pos-pt-dgpc-107570	pos-pt-dgpc-107570	1	positive	train	PT	Castro do Monte da Consolação			-8.38599776938608	41.54999275397385	dgt_ortos2021_rgb	Ortos2021-RGB	unsupported_country	WCS MDT target currently supports Spain/EPSG:25830 only
train_mini	wl-tile-v1-11741	wl-pos-pos-pt-dgpc-107797	pos-pt-dgpc-107797	1	positive	train	PT	Castro do Monte das Ermidas/ Castelo das Ermidas			-8.52331208226176	41.45962693936316	dgt_ortos2021_rgb	Ortos2021-RGB	unsupported_country	WCS MDT target currently supports Spain/EPSG:25830 only
train_mini	wl-tile-v1-11710	wl-pos-pos-pt-dgpc-109049	pos-pt-dgpc-109049	1	positive	train	PT	Castro do Monte de São Miguel/ Cidadelhe			-8.255474654133364	41.67194317898581	dgt_ortos2021_rgb	Ortos2021-RGB	unsupported_country	WCS MDT target currently supports Spain/EPSG:25830 only
train_mini	wl-tile-v1-11868	wl-pos-pos-pt-dgpc-109744	pos-pt-dgpc-109744	1	positive	train	PT	Castro do Outeiro			-7.961977686402233	41.77179270078387	dgt_ortos2021_rgb	Ortos2021-RGB	unsupported_country	WCS MDT target currently supports Spain/EPSG:25830 only
train_mini	wl-tile-v1-11824	wl-pos-pos-pt-dgpc-108652	pos-pt-dgpc-108652	1	positive	train	PT	Castro do Pinheiral			-8.380798128783265	41.800634789894005	dgt_ortos2021_rgb	Ortos2021-RGB	unsupported_country	WCS MDT target currently supports Spain/EPSG:25830 only
train_mini	wl-tile-v1-11837	wl-pos-pos-pt-dgpc-104946	pos-pt-dgpc-104946	1	positive	train	PT	Castro do Piolho/Castelo dos Mouros			-7.444307161454238	41.255555604434704	dgt_ortos2021_rgb	Ortos2021-RGB	unsupported_country	WCS MDT target currently supports Spain/EPSG:25830 only
train_mini	wl-tile-v1-11839	wl-pos-pos-pt-dgpc-106913	pos-pt-dgpc-106913	1	positive	train	PT	Castro do Pópulo/Castelo de São Marcos			-7.489108411465429	41.37234375341703	dgt_ortos2021_rgb	Ortos2021-RGB	unsupported_country	WCS MDT target currently supports Spain/EPSG:25830 only
train_mini	wl-tile-v1-11850	wl-pos-pos-pt-dgpc-108201	pos-pt-dgpc-108201	1	positive	train	PT	Castro do Roldão/Castro do Bom Vizinho			-7.80135877846797	41.7380243547784	dgt_ortos2021_rgb	Ortos2021-RGB	unsupported_country	WCS MDT target currently supports Spain/EPSG:25830 only
train_mini	wl-tile-v1-11776	wl-pos-pos-pt-dgpc-109476	pos-pt-dgpc-109476	1	positive	train	PT	Castro do Serro Grande			-6.580190574636504	41.63402411221168	dgt_ortos2021_rgb	Ortos2021-RGB	unsupported_country	WCS MDT target currently supports Spain/EPSG:25830 only
train_mini	wl-tile-v1-11771	wl-pos-pos-pt-dgpc-109722	pos-pt-dgpc-109722	1	positive	train	PT	Castro do Serro de Coelhoso			-6.693528403446607	41.642521439709604	dgt_ortos2021_rgb	Ortos2021-RGB	unsupported_country	WCS MDT target currently supports Spain/EPSG:25830 only
train_mini	wl-tile-v1-11743	wl-pos-pos-pt-dgpc-109706	pos-pt-dgpc-109706	1	positive	train	PT	Castro do Vairão			-8.37943060668501	41.70762445179446	dgt_ortos2021_rgb	Ortos2021-RGB	unsupported_country	WCS MDT target currently supports Spain/EPSG:25830 only
train_mini	wl-tile-v1-11838	wl-pos-pos-pt-dgpc-105184	pos-pt-dgpc-105184	1	positive	train	PT	Castro do Vilarelho			-7.494080210963758	41.27817230186955	dgt_ortos2021_rgb	Ortos2021-RGB	unsupported_country	WCS MDT target currently supports Spain/EPSG:25830 only
train_mini	wl-tile-v1-11723	wl-pos-pos-pt-dgpc-109369	pos-pt-dgpc-109369	1	positive	train	PT	Castro dos Castelos/ Castelo de Durrães			-8.659663620622398	41.63042664063062	dgt_ortos2021_rgb	Ortos2021-RGB	unsupported_country	WCS MDT target currently supports Spain/EPSG:25830 only
train_mini	wl-tile-v1-11865	wl-pos-pos-pt-dgpc-109625	pos-pt-dgpc-109625	1	positive	train	PT	Castro dos Cortiços			-7.70162927760726	41.766081142138766	dgt_ortos2021_rgb	Ortos2021-RGB	unsupported_country	WCS MDT target currently supports Spain/EPSG:25830 only
train_mini	wl-tile-v1-11855	wl-pos-pos-pt-dgpc-108777	pos-pt-dgpc-108777	1	positive	train	PT	Castro dos Frades			-7.864225423130423	41.82479979461845	dgt_ortos2021_rgb	Ortos2021-RGB	unsupported_country	WCS MDT target currently supports Spain/EPSG:25830 only
train_mini	wl-tile-v1-11803	wl-pos-pos-pt-dgpc-105286	pos-pt-dgpc-105286	1	positive	train	PT	Castro dos Mortórios			-8.32888581885405	41.284096527750194	dgt_ortos2021_rgb	Ortos2021-RGB	unsupported_country	WCS MDT target currently supports Spain/EPSG:25830 only
train_mini	wl-tile-v1-11775	wl-pos-pos-pt-dgpc-107678	pos-pt-dgpc-107678	1	positive	train	PT	Castro dos Mouros			-6.510474479257974	41.57625159661307	dgt_ortos2021_rgb	Ortos2021-RGB	unsupported_country	WCS MDT target currently supports Spain/EPSG:25830 only
train_mini	wl-tile-v1-11737	wl-pos-pos-pt-dgpc-106979	pos-pt-dgpc-106979	1	positive	train	PT	Castro e Castelo de Vermoim			-8.451266010517218	41.42930828189434	dgt_ortos2021_rgb	Ortos2021-RGB	unsupported_country	WCS MDT target currently supports Spain/EPSG:25830 only
train_mini	wl-tile-v1-11869	wl-pos-pos-pt-dgpc-109856	pos-pt-dgpc-109856	1	positive	train	PT	Castro/ Castro de Andelhe			-7.86826924298282	41.71638072062302	dgt_ortos2021_rgb	Ortos2021-RGB	unsupported_country	WCS MDT target currently supports Spain/EPSG:25830 only
train_mini	wl-tile-v1-11736	wl-pos-pos-pt-dgpc-114666	pos-pt-dgpc-114666	1	positive	train	PT	Castro/ Piorneiro			-8.236688541514336	41.71929819010255	dgt_ortos2021_rgb	Ortos2021-RGB	unsupported_country	WCS MDT target currently supports Spain/EPSG:25830 only
train_mini	wl-tile-v1-11777	wl-pos-pos-pt-dgpc-109922	pos-pt-dgpc-109922	1	positive	train	PT	Castro/Seixo Branco			-6.422688701575511	41.65420643902021	dgt_ortos2021_rgb	Ortos2021-RGB	unsupported_country	WCS MDT target currently supports Spain/EPSG:25830 only
train_mini	wl-tile-v1-11840	wl-pos-pos-pt-dgpc-108615	pos-pt-dgpc-108615	1	positive	train	PT	Castro/São Sebastião			-7.270711846575926	41.79667186403947	dgt_ortos2021_rgb	Ortos2021-RGB	unsupported_country	WCS MDT target currently supports Spain/EPSG:25830 only
train_mini	wl-tile-v1-11821	wl-pos-pos-pt-dgpc-108292	pos-pt-dgpc-108292	1	positive	train	PT	Chela / Castro			-8.522309764324097	41.88999422795443	dgt_ortos2021_rgb	Ortos2021-RGB	unsupported_country	WCS MDT target currently supports Spain/EPSG:25830 only
train_mini	wl-tile-v1-11716	wl-pos-pos-pt-dgpc-109794	pos-pt-dgpc-109794	1	positive	train	PT	Chã do Castro/ Portela da Joubreia			-8.367672029587002	41.6483949657454	dgt_ortos2021_rgb	Ortos2021-RGB	unsupported_country	WCS MDT target currently supports Spain/EPSG:25830 only
train_mini	wl-tile-v1-11742	wl-pos-pos-pt-dgpc-109406	pos-pt-dgpc-109406	1	positive	train	PT	Citânia de São Julião de Caldelas			-8.393565660122807	41.689016912853376	dgt_ortos2021_rgb	Ortos2021-RGB	unsupported_country	WCS MDT target currently supports Spain/EPSG:25830 only
train_mini	wl-tile-v1-11740	wl-pos-pos-pt-dgpc-107222	pos-pt-dgpc-107222	1	positive	train	PT	Cividade			-8.42629558848281	41.444609216739224	dgt_ortos2021_rgb	Ortos2021-RGB	unsupported_country	WCS MDT target currently supports Spain/EPSG:25830 only
train_mini	wl-tile-v1-11834	wl-pos-pos-pt-dgpc-108502	pos-pt-dgpc-108502	1	positive	train	PT	Cividade de Cornes			-8.680714804091183	41.95587952682349	dgt_ortos2021_rgb	Ortos2021-RGB	unsupported_country	WCS MDT target currently supports Spain/EPSG:25830 only
train_mini	wl-tile-v1-11823	wl-pos-pos-pt-dgpc-108405	pos-pt-dgpc-108405	1	positive	train	PT	Cividade de Cossourado			-8.637217914291169	41.91565551335773	dgt_ortos2021_rgb	Ortos2021-RGB	unsupported_country	WCS MDT target currently supports Spain/EPSG:25830 only
train_mini	wl-tile-v1-11820	wl-pos-pos-pt-dgpc-108229	pos-pt-dgpc-108229	1	positive	train	PT	Cividade de Romarigães ou Coto de Ouro			-8.633979889185923	41.871554658233904	dgt_ortos2021_rgb	Ortos2021-RGB	unsupported_country	WCS MDT target currently supports Spain/EPSG:25830 only
train_mini	wl-tile-v1-11807	wl-pos-pos-pt-dgpc-106725	pos-pt-dgpc-106725	1	positive	train	PT	Cividade de Terroso			-8.721573628334125	41.41286323725535	dgt_ortos2021_rgb	Ortos2021-RGB	unsupported_country	WCS MDT target currently supports Spain/EPSG:25830 only
train_mini	wl-tile-v1-11862	wl-pos-pos-pt-dgpc-109345	pos-pt-dgpc-109345	1	positive	train	PT	Corda do Castro/Castro de Morgade			-7.759217304115936	41.750049692278054	dgt_ortos2021_rgb	Ortos2021-RGB	unsupported_country	WCS MDT target currently supports Spain/EPSG:25830 only
train_mini	wl-tile-v1-11753	wl-pos-pos-pt-dgpc-108600	pos-pt-dgpc-108600	1	positive	train	PT	Fragas do Castro			-6.84493131877999	41.79637992370185	dgt_ortos2021_rgb	Ortos2021-RGB	unsupported_country	WCS MDT target currently supports Spain/EPSG:25830 only
train_mini	wl-tile-v1-11761	wl-pos-pos-pt-dgpc-108651	pos-pt-dgpc-108651	1	positive	train	PT	Fragas do Castro			-6.544536506915878	41.80045240080339	dgt_ortos2021_rgb	Ortos2021-RGB	unsupported_country	WCS MDT target currently supports Spain/EPSG:25830 only
train_mini	wl-tile-v1-11758	wl-pos-pos-pt-dgpc-108640	pos-pt-dgpc-108640	1	positive	train	PT	Inscrição de Castro de Avelãs			-6.8045752977511	41.79889147267567	dgt_ortos2021_rgb	Ortos2021-RGB	unsupported_country	WCS MDT target currently supports Spain/EPSG:25830 only
train_mini	wl-tile-v1-11792	wl-pos-pos-pt-dgpc-104724	pos-pt-dgpc-104724	1	positive	train	PT	Lagar de Coura/ Castro de Coura			-8.114422488139512	41.2354236090176	dgt_ortos2021_rgb	Ortos2021-RGB	unsupported_country	WCS MDT target currently supports Spain/EPSG:25830 only
train_mini	wl-tile-v1-11765	wl-pos-pos-pt-dgpc-108933	pos-pt-dgpc-108933	1	positive	train	PT	Lombeiro do Castro			-6.855973261848532	41.846199565787344	dgt_ortos2021_rgb	Ortos2021-RGB	unsupported_country	WCS MDT target currently supports Spain/EPSG:25830 only
train_mini	wl-tile-v1-11805	wl-pos-pos-pt-dgpc-105030	pos-pt-dgpc-105030	1	positive	train	PT	Monte Castro			-8.71486677800134	41.264332663207384	dgt_ortos2021_rgb	Ortos2021-RGB	unsupported_country	WCS MDT target currently supports Spain/EPSG:25830 only
train_mini	wl-tile-v1-11825	wl-pos-pos-pt-dgpc-108756	pos-pt-dgpc-108756	1	positive	train	PT	Monte Castro			-8.30885239553001	41.8207459700547	dgt_ortos2021_rgb	Ortos2021-RGB	unsupported_country	WCS MDT target currently supports Spain/EPSG:25830 only
train_mini	wl-tile-v1-11720	wl-pos-pos-pt-dgpc-107359	pos-pt-dgpc-107359	1	positive	train	PT	Monte da Saia / Cidade da Citânia / Monte de Fralães			-8.584568482531363	41.456071110306645	dgt_ortos2021_rgb	Ortos2021-RGB	unsupported_country	WCS MDT target currently supports Spain/EPSG:25830 only
train_mini	wl-tile-v1-11747	wl-pos-pos-pt-dgpc-110152	pos-pt-dgpc-110152	1	positive	train	PT	Monte de Santa Engrácia/ Castro Mau			-8.43787339234175	41.667508815405036	dgt_ortos2021_rgb	Ortos2021-RGB	unsupported_country	WCS MDT target currently supports Spain/EPSG:25830 only
train_mini	wl-tile-v1-11858	wl-pos-pos-pt-dgpc-108847	pos-pt-dgpc-108847	1	positive	train	PT	Monte do Castro			-7.7801509284975685	41.83537654604238	dgt_ortos2021_rgb	Ortos2021-RGB	unsupported_country	WCS MDT target currently supports Spain/EPSG:25830 only
train_mini	wl-tile-v1-11725	wl-pos-pos-pt-dgpc-112405	pos-pt-dgpc-112405	1	positive	train	PT	Monte do Castro de Courel			-8.649989923611173	41.46227826697415	dgt_ortos2021_rgb	Ortos2021-RGB	unsupported_country	WCS MDT target currently supports Spain/EPSG:25830 only
train_mini	wl-tile-v1-11711	wl-pos-pos-pt-dgpc-109097	pos-pt-dgpc-109097	1	positive	train	PT	Monte do Castro/ Castro do Lago			-8.410682554136201	41.61087465916701	dgt_ortos2021_rgb	Ortos2021-RGB	unsupported_country	WCS MDT target currently supports Spain/EPSG:25830 only
train_mini	wl-tile-v1-11819	wl-pos-pos-pt-dgpc-111220	pos-pt-dgpc-111220	1	positive	train	PT	Monte dos Castelos/Castro do Penso			-8.321844168852824	42.09400497282365	dgt_ortos2021_rgb	Ortos2021-RGB	unsupported_country	WCS MDT target currently supports Spain/EPSG:25830 only
train_mini	wl-tile-v1-11756	wl-pos-pos-pt-dgpc-108634	pos-pt-dgpc-108634	1	positive	train	PT	Mosteiro de Castro de Avelãs			-6.804336582949994	41.79879868294752	dgt_ortos2021_rgb	Ortos2021-RGB	unsupported_country	WCS MDT target currently supports Spain/EPSG:25830 only
train_mini	wl-tile-v1-11879	wl-pos-pos-pt-dgpc-107377	pos-pt-dgpc-107377	1	positive	train	PT	Murada/ Muragalho do Corisco/ Castro do Corisco			-7.621306227189292	41.40153109762451	dgt_ortos2021_rgb	Ortos2021-RGB	unsupported_country	WCS MDT target currently supports Spain/EPSG:25830 only
train_mini	wl-tile-v1-11843	wl-pos-pos-pt-dgpc-109305	pos-pt-dgpc-109305	1	positive	train	PT	Muradal/Castro			-7.506520957670908	41.62389416220089	dgt_ortos2021_rgb	Ortos2021-RGB	unsupported_country	WCS MDT target currently supports Spain/EPSG:25830 only
train_mini	wl-tile-v1-11847	wl-pos-pos-pt-dgpc-110177	pos-pt-dgpc-110177	1	positive	train	PT	Muro/Castro da Pastoria			-7.563368879321107	41.736191846986415	dgt_ortos2021_rgb	Ortos2021-RGB	unsupported_country	WCS MDT target currently supports Spain/EPSG:25830 only
train_mini	wl-tile-v1-11712	wl-pos-pos-pt-dgpc-109135	pos-pt-dgpc-109135	1	positive	train	PT	Outeiro da Vila/ Castro de Seramil			-8.314361657443198	41.67527241994533	dgt_ortos2021_rgb	Ortos2021-RGB	unsupported_country	WCS MDT target currently supports Spain/EPSG:25830 only
train_mini	wl-tile-v1-11774	wl-pos-pos-pt-dgpc-109855	pos-pt-dgpc-109855	1	positive	train	PT	Picoto/Castro de Carrazedo			-6.918674628285275	41.7776462142846	dgt_ortos2021_rgb	Ortos2021-RGB	unsupported_country	WCS MDT target currently supports Spain/EPSG:25830 only
train_mini	wl-tile-v1-11822	wl-pos-pos-pt-dgpc-108381	pos-pt-dgpc-108381	1	positive	train	PT	Ponte Nova do Castro			-8.626052514940366	41.905800703169184	dgt_ortos2021_rgb	Ortos2021-RGB	unsupported_country	WCS MDT target currently supports Spain/EPSG:25830 only
train_mini	wl-tile-v1-11846	wl-pos-pos-pt-dgpc-109861	pos-pt-dgpc-109861	1	positive	train	PT	Santa Bárbara / Alto do Castro			-7.5232928885835575	41.65225509635499	dgt_ortos2021_rgb	Ortos2021-RGB	unsupported_country	WCS MDT target currently supports Spain/EPSG:25830 only
train_mini	wl-tile-v1-11870	wl-pos-pos-pt-dgpc-109884	pos-pt-dgpc-109884	1	positive	train	PT	Sapeão Antigo/ Castro de Antigo de Sarraquinhos			-7.66209501212198	41.77837761790163	dgt_ortos2021_rgb	Ortos2021-RGB	unsupported_country	WCS MDT target currently supports Spain/EPSG:25830 only
train_mini	wl-tile-v1-11754	wl-pos-pos-pt-dgpc-108602	pos-pt-dgpc-108602	1	positive	train	PT	Torre Velha de Castro de Avelãs			-6.8060670025937124	41.796567931916904	dgt_ortos2021_rgb	Ortos2021-RGB	unsupported_country	WCS MDT target currently supports Spain/EPSG:25830 only
train_mini	wl-tile-v1-11751	wl-pos-pos-pt-dgpc-108425	pos-pt-dgpc-108425	1	positive	train	PT	Torre do Castro			-6.802577253471116	41.92445867815152	dgt_ortos2021_rgb	Ortos2021-RGB	unsupported_country	WCS MDT target currently supports Spain/EPSG:25830 only
train_mini	wl-tile-v1-11713	wl-pos-pos-pt-dgpc-109331	pos-pt-dgpc-109331	1	positive	train	PT	Torre do Castro/ Castelo do Castro/ Castro da Torre/ Solar do Castro/ Torre dos Machados			-8.385068947301427	41.626685091198716	dgt_ortos2021_rgb	Ortos2021-RGB	unsupported_country	WCS MDT target currently supports Spain/EPSG:25830 only
train_mini	wl-tile-v1-11813	wl-pos-pos-pt-dgpc-112561	pos-pt-dgpc-112561	1	positive	train	PT	Vila do Conde - Convento de Santa Clara / Castro de São João			-8.738310695524842	41.35223910790947	dgt_ortos2021_rgb	Ortos2021-RGB	unsupported_country	WCS MDT target currently supports Spain/EPSG:25830 only
