{
  "type": "FeatureCollection",
  "name": "castros_trasancos_master",
  "crs": {
    "type": "name",
    "properties": {
      "name": "EPSG:4326"
    }
  },
  "features": [
    {
      "type": "Feature",
      "geometry": {
        "type": "Point",
        "coordinates": [
          -8.17153215408,
          43.4742675092
        ]
      },
      "properties": {
        "site_id": "tra-fene-as-pias",
        "primary_name": "Castro de As Pías",
        "aliases": "As Pías; Castro das Pías; Pías",
        "municipality": "Fene",
        "parish": "San Esteban de Perlío",
        "place": "",
        "scope": "trasancos_estricto",
        "ga_code": "GA15500011",
        "record_type": "classical_catalog_reference",
        "confidence": "medium_low",
        "source_tier": "classical_secondary_catalog",
        "conservation_state": "Desaparecido | Moi malo",
        "coord_status": "point_from_source",
        "coord_source": "Patrimonio Galego",
        "dataset_use": "positive_damaged_review",
        "split": "review_only",
        "needs_review": "",
        "sources": "André Pena Graña, Narón un concello con historia de seu I, edición Calaméo 2010, lista Catalogación de Castros de Galicia; Galipedia; Patrimonio Galego",
        "urls": "https://gl.wikipedia.org/wiki/Castro_das_P%C3%ADas; https://patrimoniogalego.net/index.php/95575/2017/07/castro-das-pias/; https://www.calameo.com/books/00129295754f931ea1d4a",
        "notes": "Entrada de la lista clásica Pena/Calaméo pendiente de reconciliación con catálogo oficial. | 2 coordenadas candidatas en fuentes; se eligió Patrimonio Galego por prioridad."
      }
    },
    {
      "type": "Feature",
      "geometry": {
        "type": "Point",
        "coordinates": [
          -8.20861,
          43.45913
        ]
      },
      "properties": {
        "site_id": "tra-fene-castro-das-escadas",
        "primary_name": "Castro das Escadas",
        "aliases": "Castro das Escadas; Escadas",
        "municipality": "Fene",
        "parish": "",
        "place": "",
        "scope": "trasancos_estricto",
        "ga_code": "",
        "record_type": "web_catalog_candidate",
        "confidence": "medium_low",
        "source_tier": "wikimedia_category",
        "conservation_state": "desconocido",
        "coord_status": "point_from_source",
        "coord_source": "Galipedia",
        "dataset_use": "review_only",
        "split": "review_only",
        "needs_review": "Reconciliar manualmente antes de usar como positivo fuerte.",
        "sources": "Galipedia",
        "urls": "https://gl.wikipedia.org/wiki/Castro_das_Escadas",
        "notes": "Candidato procedente de catálogo web no reconciliado con la tabla oficial normalizada."
      }
    },
    {
      "type": "Feature",
      "geometry": {
        "type": "Point",
        "coordinates": [
          -8.11322648946,
          43.4670235754
        ]
      },
      "properties": {
        "site_id": "tra-fene-castro-de-belelle",
        "primary_name": "Castro de Belelle",
        "aliases": "Belelle; Castro de Belelle",
        "municipality": "Fene",
        "parish": "Sillobre (Santa Mariña)",
        "place": "Belelle",
        "scope": "trasancos_estricto",
        "ga_code": "",
        "record_type": "web_catalog_candidate",
        "confidence": "medium",
        "source_tier": "collaborative_catalog",
        "conservation_state": "Regular",
        "coord_status": "point_from_source",
        "coord_source": "Patrimonio Galego",
        "dataset_use": "review_only",
        "split": "review_only",
        "needs_review": "Reconciliar manualmente antes de usar como positivo fuerte.",
        "sources": "Patrimonio Galego",
        "urls": "https://patrimoniogalego.net/index.php/98926/2018/03/castro-de-belelle/",
        "notes": "Candidato procedente de catálogo web no reconciliado con la tabla oficial normalizada."
      }
    },
    {
      "type": "Feature",
      "geometry": {
        "type": "Point",
        "coordinates": [
          -8.14753331591,
          43.450823804
        ]
      },
      "properties": {
        "site_id": "tra-fene-ga15035007",
        "primary_name": "Castro de Magalofes",
        "aliases": "Castro de Magalofes; Magalofes",
        "municipality": "Fene",
        "parish": "Magalofes (San Xurxo)",
        "place": "A Fontenova",
        "scope": "trasancos_estricto",
        "ga_code": "GA15035007",
        "record_type": "web_catalog_candidate",
        "confidence": "medium",
        "source_tier": "collaborative_catalog",
        "conservation_state": "Malo",
        "coord_status": "point_from_source",
        "coord_source": "Patrimonio Galego",
        "dataset_use": "review_only",
        "split": "review_only",
        "needs_review": "Reconciliar manualmente antes de usar como positivo fuerte.",
        "sources": "Patrimonio Galego",
        "urls": "https://patrimoniogalego.net/index.php/99753/2018/04/castro-de-magalofes/",
        "notes": "Candidato procedente de catálogo web no reconciliado con la tabla oficial normalizada."
      }
    },
    {
      "type": "Feature",
      "geometry": {
        "type": "Point",
        "coordinates": [
          -8.18191766739,
          43.4453782578
        ]
      },
      "properties": {
        "site_id": "tra-fene-ga15035008",
        "primary_name": "Castro de Prismos",
        "aliases": "Castro de Prismos; Prismos",
        "municipality": "Fene",
        "parish": "Limodre",
        "place": "",
        "scope": "trasancos_estricto",
        "ga_code": "GA15035008",
        "record_type": "official_plan_reference",
        "confidence": "medium_high",
        "source_tier": "official_context",
        "conservation_state": "Regular",
        "coord_status": "point_from_source",
        "coord_source": "Patrimonio Galego",
        "dataset_use": "review_only",
        "split": "review_only",
        "needs_review": "",
        "sources": "André Pena Graña, Narón un concello con historia de seu I, edición Calaméo 2010, lista Catalogación de Castros de Galicia; Galipedia; Patrimonio Galego; Plan Sectorial da rede viaria de Ferrol, Fene, Neda, Narón, Ares, Mugardos e Cabanas (2014)",
        "urls": "https://gl.wikipedia.org/wiki/Castro_de_Prismos; https://patrimoniogalego.net/index.php/95624/2017/07/castro-de-prismos/; https://vivendaeinfraestruturas.xunta.gal/documents/36303/60845/01_Memoria%20PS.pdf; https://www.calameo.com/books/00129295754f931ea1d4a",
        "notes": "Plan Sectorial 2014 | Presente en lista clásica Pena/Calaméo nº 26. | 2 coordenadas candidatas en fuentes; se eligió Patrimonio Galego por prioridad."
      }
    },
    {
      "type": "Feature",
      "geometry": {
        "type": "Point",
        "coordinates": [
          -8.15251548718,
          43.470976393
        ]
      },
      "properties": {
        "site_id": "tra-fene-ga15035009",
        "primary_name": "Castro de Orra",
        "aliases": "Castro de Orra; Orra",
        "municipality": "Fene",
        "parish": "Sillobre",
        "place": "",
        "scope": "trasancos_estricto",
        "ga_code": "GA15035009",
        "record_type": "official_plan_reference",
        "confidence": "medium_high",
        "source_tier": "official_context",
        "conservation_state": "Malo",
        "coord_status": "point_from_source",
        "coord_source": "Patrimonio Galego",
        "dataset_use": "review_only",
        "split": "review_only",
        "needs_review": "",
        "sources": "Galipedia; Patrimonio Galego; Plan Sectorial da rede viaria de Ferrol, Fene, Neda, Narón, Ares, Mugardos e Cabanas (2014)",
        "urls": "https://gl.wikipedia.org/wiki/Castro_de_Orra; https://patrimoniogalego.net/index.php/98922/2018/03/castro-de-orra/; https://vivendaeinfraestruturas.xunta.gal/documents/36303/60845/01_Memoria%20PS.pdf",
        "notes": "Plan Sectorial 2014 | 2 coordenadas candidatas en fuentes; se eligió Patrimonio Galego por prioridad."
      }
    },
    {
      "type": "Feature",
      "geometry": {
        "type": "Point",
        "coordinates": [
          -8.17490100861,
          43.463261122
        ]
      },
      "properties": {
        "site_id": "tra-fene-ga15035010",
        "primary_name": "Castro de Barallobre",
        "aliases": "Barallobre; Castro de Barallobre",
        "municipality": "Fene",
        "parish": "Barallobre",
        "place": "",
        "scope": "trasancos_estricto",
        "ga_code": "GA15035010",
        "record_type": "official_plan_reference",
        "confidence": "medium_high",
        "source_tier": "official_context",
        "conservation_state": "Moi malo",
        "coord_status": "point_from_source",
        "coord_source": "Patrimonio Galego",
        "dataset_use": "review_only",
        "split": "review_only",
        "needs_review": "",
        "sources": "Galipedia; Patrimonio Galego; Plan Sectorial da rede viaria de Ferrol, Fene, Neda, Narón, Ares, Mugardos e Cabanas (2014)",
        "urls": "https://gl.wikipedia.org/wiki/Castro_de_Barallobre; https://patrimoniogalego.net/index.php/95581/2017/07/castro-de-barallobre/; https://vivendaeinfraestruturas.xunta.gal/documents/36303/60845/01_Memoria%20PS.pdf",
        "notes": "Plan Sectorial 2014 | 2 coordenadas candidatas en fuentes; se eligió Patrimonio Galego por prioridad."
      }
    },
    {
      "type": "Feature",
      "geometry": {
        "type": "Point",
        "coordinates": [
          -8.1863540411,
          43.4239009287
        ]
      },
      "properties": {
        "site_id": "tra-fene-ga15035012",
        "primary_name": "Castro de Río Castro",
        "aliases": "Castro de Río Castro; Río Castro",
        "municipality": "Fene",
        "parish": "Limodre (Santa Eulalia)",
        "place": "Río Castro",
        "scope": "trasancos_estricto",
        "ga_code": "GA15035012",
        "record_type": "web_catalog_candidate",
        "confidence": "medium",
        "source_tier": "collaborative_catalog",
        "conservation_state": "Moi malo",
        "coord_status": "point_from_source",
        "coord_source": "Patrimonio Galego",
        "dataset_use": "review_only",
        "split": "review_only",
        "needs_review": "Reconciliar manualmente antes de usar como positivo fuerte.",
        "sources": "Patrimonio Galego",
        "urls": "https://patrimoniogalego.net/index.php/95596/2017/07/castro-de-rio-castro/",
        "notes": "Candidato procedente de catálogo web no reconciliado con la tabla oficial normalizada."
      }
    },
    {
      "type": "Feature",
      "geometry": {
        "type": "Point",
        "coordinates": [
          -8.1191432476,
          43.5442845501
        ]
      },
      "properties": {
        "site_id": "tra-ferrol-castro-da-pereiruga",
        "primary_name": "Castro da Pereiruga",
        "aliases": "Castro da Pereiruga; Pereiruga",
        "municipality": "Ferrol",
        "parish": "Pedroso (San Salvador)",
        "place": "Pereiruga",
        "scope": "trasancos_estricto",
        "ga_code": "",
        "record_type": "web_catalog_candidate",
        "confidence": "medium",
        "source_tier": "collaborative_catalog",
        "conservation_state": "Regular",
        "coord_status": "point_from_source",
        "coord_source": "Patrimonio Galego",
        "dataset_use": "review_only",
        "split": "review_only",
        "needs_review": "Reconciliar manualmente antes de usar como positivo fuerte.",
        "sources": "Patrimonio Galego",
        "urls": "https://patrimoniogalego.net/index.php/88327/2016/08/castro-de-pereiruga/",
        "notes": "Candidato procedente de catálogo web no reconciliado con la tabla oficial normalizada."
      }
    },
    {
      "type": "Feature",
      "geometry": {
        "type": "Point",
        "coordinates": [
          -8.14046144485,
          43.5218337981
        ]
      },
      "properties": {
        "site_id": "tra-ferrol-castro-de-ancos",
        "primary_name": "Castro de Ancos",
        "aliases": "Ancos; Castro de Ancos",
        "municipality": "Ferrol",
        "parish": "Neda, Santa María",
        "place": "Alto de Ancos",
        "scope": "trasancos_estricto",
        "ga_code": "",
        "record_type": "web_catalog_candidate",
        "confidence": "medium",
        "source_tier": "collaborative_catalog",
        "conservation_state": "Malo",
        "coord_status": "point_from_source",
        "coord_source": "Patrimonio Galego",
        "dataset_use": "review_only",
        "split": "review_only",
        "needs_review": "Reconciliar manualmente antes de usar como positivo fuerte.",
        "sources": "Patrimonio Galego",
        "urls": "https://patrimoniogalego.net/index.php/98002/2017/12/castro-de-ancos/",
        "notes": "Candidato procedente de catálogo web no reconciliado con la tabla oficial normalizada."
      }
    },
    {
      "type": "Feature",
      "geometry": {
        "type": "Point",
        "coordinates": [
          -8.17132863432,
          43.5921794972
        ]
      },
      "properties": {
        "site_id": "tra-ferrol-castro-de-lago",
        "primary_name": "Castro de Lago",
        "aliases": "Castro de Lago; Lago",
        "municipality": "Ferrol",
        "parish": "Lago (Santiago)",
        "place": "Castro",
        "scope": "trasancos_estricto",
        "ga_code": "",
        "record_type": "web_catalog_candidate",
        "confidence": "medium",
        "source_tier": "collaborative_catalog",
        "conservation_state": "Moi malo",
        "coord_status": "point_from_source",
        "coord_source": "Patrimonio Galego",
        "dataset_use": "review_only",
        "split": "review_only",
        "needs_review": "Reconciliar manualmente antes de usar como positivo fuerte.",
        "sources": "Patrimonio Galego",
        "urls": "https://patrimoniogalego.net/index.php/92334/2017/02/castro-de-lago/",
        "notes": "Candidato procedente de catálogo web no reconciliado con la tabla oficial normalizada."
      }
    },
    {
      "type": "Feature",
      "geometry": {
        "type": "Point",
        "coordinates": [
          -8.19886955649,
          43.6016821063
        ]
      },
      "properties": {
        "site_id": "tra-ferrol-castro-de-lavacerido",
        "primary_name": "Castro de Lavacerido",
        "aliases": "Castro de Lavacerido; Lavacerido",
        "municipality": "Ferrol",
        "parish": "Meirás ( San Vicente)",
        "place": "Punta Sarda",
        "scope": "trasancos_estricto",
        "ga_code": "",
        "record_type": "web_catalog_candidate",
        "confidence": "medium",
        "source_tier": "collaborative_catalog",
        "conservation_state": "Malo",
        "coord_status": "point_from_source",
        "coord_source": "Patrimonio Galego",
        "dataset_use": "review_only",
        "split": "review_only",
        "needs_review": "Reconciliar manualmente antes de usar como positivo fuerte.",
        "sources": "Patrimonio Galego",
        "urls": "https://patrimoniogalego.net/index.php/92115/2017/01/castro-de-lavacerido/",
        "notes": "Candidato procedente de catálogo web no reconciliado con la tabla oficial normalizada."
      }
    },
    {
      "type": "Feature",
      "geometry": {
        "type": "Point",
        "coordinates": [
          -8.05880788046,
          43.5948239601
        ]
      },
      "properties": {
        "site_id": "tra-ferrol-castro-de-loiravella",
        "primary_name": "Castro de Loiravella",
        "aliases": "Castro de Loiravella; Loiravella",
        "municipality": "Ferrol",
        "parish": "Loira (Santiago)",
        "place": "Loiravella",
        "scope": "trasancos_estricto",
        "ga_code": "",
        "record_type": "web_catalog_candidate",
        "confidence": "medium",
        "source_tier": "collaborative_catalog",
        "conservation_state": "Moi malo",
        "coord_status": "point_from_source",
        "coord_source": "Patrimonio Galego",
        "dataset_use": "review_only",
        "split": "review_only",
        "needs_review": "Reconciliar manualmente antes de usar como positivo fuerte.",
        "sources": "Patrimonio Galego",
        "urls": "https://patrimoniogalego.net/index.php/99184/2018/03/castro-de-loiravella/",
        "notes": "Candidato procedente de catálogo web no reconciliado con la tabla oficial normalizada."
      }
    },
    {
      "type": "Feature",
      "geometry": {
        "type": "Point",
        "coordinates": [
          -8.18721267611,
          43.5921830394
        ]
      },
      "properties": {
        "site_id": "tra-ferrol-castro-de-santo-tomas",
        "primary_name": "Castro de Santo Tomás",
        "aliases": "Castro de Santo Tomás; Santo Tomás",
        "municipality": "Ferrol",
        "parish": "Meirás",
        "place": "Taraza",
        "scope": "trasancos_estricto",
        "ga_code": "",
        "record_type": "web_catalog_candidate",
        "confidence": "medium",
        "source_tier": "collaborative_catalog",
        "conservation_state": "Moi malo",
        "coord_status": "point_from_source",
        "coord_source": "Patrimonio Galego",
        "dataset_use": "review_only",
        "split": "review_only",
        "needs_review": "Reconciliar manualmente antes de usar como positivo fuerte.",
        "sources": "Patrimonio Galego",
        "urls": "https://patrimoniogalego.net/index.php/92403/2017/01/castro-de-santo-tomas/",
        "notes": "Candidato procedente de catálogo web no reconciliado con la tabla oficial normalizada."
      }
    },
    {
      "type": "Feature",
      "geometry": {
        "type": "Point",
        "coordinates": [
          -8.200277,
          43.510833
        ]
      },
      "properties": {
        "site_id": "tra-ferrol-castro-de-sta-cecilia",
        "primary_name": "Castro de Sta. Cecilia",
        "aliases": "Castro de Sta. Cecilia; Sta. Cecilia",
        "municipality": "Ferrol",
        "parish": "Sta. Cecilia de Trasancos",
        "place": "O castro",
        "scope": "trasancos_estricto",
        "ga_code": "",
        "record_type": "web_catalog_candidate",
        "confidence": "medium",
        "source_tier": "local_catalog",
        "conservation_state": "desconocido",
        "coord_status": "point_from_source",
        "coord_source": "Artabro",
        "dataset_use": "review_only",
        "split": "review_only",
        "needs_review": "Reconciliar manualmente antes de usar como positivo fuerte.",
        "sources": "Artabro",
        "urls": "http://www.artabro.es/node20.html",
        "notes": "Candidato procedente de catálogo web no reconciliado con la tabla oficial normalizada."
      }
    },
    {
      "type": "Feature",
      "geometry": {
        "type": "Point",
        "coordinates": [
          -8.28257,
          43.559527
        ]
      },
      "properties": {
        "site_id": "tra-ferrol-castro-de-sta-comba",
        "primary_name": "Castro de Sta. Comba",
        "aliases": "Castro de Sta. Comba; Sta. Comba",
        "municipality": "Ferrol",
        "parish": "S. Martín de Cobas",
        "place": "Isla de Sta. Comba",
        "scope": "trasancos_estricto",
        "ga_code": "",
        "record_type": "web_catalog_candidate",
        "confidence": "medium",
        "source_tier": "local_catalog",
        "conservation_state": "desconocido",
        "coord_status": "point_from_source",
        "coord_source": "Artabro",
        "dataset_use": "review_only",
        "split": "review_only",
        "needs_review": "Reconciliar manualmente antes de usar como positivo fuerte.",
        "sources": "Artabro",
        "urls": "http://www.artabro.es/node68.html",
        "notes": "Candidato procedente de catálogo web no reconciliado con la tabla oficial normalizada."
      }
    },
    {
      "type": "Feature",
      "geometry": {
        "type": "Point",
        "coordinates": [
          -8.225082,
          43.497559
        ]
      },
      "properties": {
        "site_id": "tra-ferrol-castro-de-sta-marina",
        "primary_name": "Castro de Sta. Marina",
        "aliases": "Castro de Sta. Marina; Sta. Marina",
        "municipality": "Ferrol",
        "parish": "Sta. Marina del Vilar",
        "place": "O castro",
        "scope": "trasancos_estricto",
        "ga_code": "",
        "record_type": "web_catalog_candidate",
        "confidence": "medium",
        "source_tier": "local_catalog",
        "conservation_state": "desconocido",
        "coord_status": "point_from_source",
        "coord_source": "Artabro",
        "dataset_use": "review_only",
        "split": "review_only",
        "needs_review": "Reconciliar manualmente antes de usar como positivo fuerte.",
        "sources": "Artabro",
        "urls": "http://www.artabro.es/node29.html",
        "notes": "Candidato procedente de catálogo web no reconciliado con la tabla oficial normalizada."
      }
    },
    {
      "type": "Feature",
      "geometry": {
        "type": "Point",
        "coordinates": [
          -8.11948050912,
          43.4846106068
        ]
      },
      "properties": {
        "site_id": "tra-ferrol-castro-de-viladonelle",
        "primary_name": "Castro de Viladonelle",
        "aliases": "Castro de Viladonelle; Viladonelle",
        "municipality": "Ferrol",
        "parish": "Viladonelle (Santo André)",
        "place": "O Castro",
        "scope": "trasancos_estricto",
        "ga_code": "",
        "record_type": "web_catalog_candidate",
        "confidence": "medium",
        "source_tier": "collaborative_catalog",
        "conservation_state": "Malo",
        "coord_status": "point_from_source",
        "coord_source": "Patrimonio Galego",
        "dataset_use": "review_only",
        "split": "review_only",
        "needs_review": "Reconciliar manualmente antes de usar como positivo fuerte.",
        "sources": "Patrimonio Galego",
        "urls": "https://patrimoniogalego.net/index.php/98952/2018/03/castro-de-viladonelle/",
        "notes": "Candidato procedente de catálogo web no reconciliado con la tabla oficial normalizada."
      }
    },
    {
      "type": "Feature",
      "geometry": {
        "type": "Point",
        "coordinates": [
          -8.22231206328,
          43.543897378
        ]
      },
      "properties": {
        "site_id": "tra-ferrol-castro-do-vilar",
        "primary_name": "Castro do Vilar",
        "aliases": "Castro do Vilar; Vilar",
        "municipality": "Ferrol",
        "parish": "Trasancos (San Mateo)",
        "place": "O Vilar",
        "scope": "trasancos_estricto",
        "ga_code": "",
        "record_type": "web_catalog_candidate",
        "confidence": "medium",
        "source_tier": "collaborative_catalog",
        "conservation_state": "Regular",
        "coord_status": "point_from_source",
        "coord_source": "Patrimonio Galego",
        "dataset_use": "review_only",
        "split": "review_only",
        "needs_review": "Reconciliar manualmente antes de usar como positivo fuerte.",
        "sources": "Patrimonio Galego",
        "urls": "https://patrimoniogalego.net/index.php/92121/2017/01/castro-do-vilar/",
        "notes": "Candidato procedente de catálogo web no reconciliado con la tabla oficial normalizada."
      }
    },
    {
      "type": "Feature",
      "geometry": {
        "type": "Point",
        "coordinates": [
          -8.15688762099,
          43.5392544721
        ]
      },
      "properties": {
        "site_id": "tra-ferrol-ga-15054008",
        "primary_name": "Castro da Revolta",
        "aliases": "Castro da Revolta; Revolta",
        "municipality": "Ferrol",
        "parish": "Sedes (San Estevo)",
        "place": "A Revolta",
        "scope": "trasancos_estricto",
        "ga_code": "GA 15054008",
        "record_type": "web_catalog_candidate",
        "confidence": "medium",
        "source_tier": "collaborative_catalog",
        "conservation_state": "Regular",
        "coord_status": "point_from_source",
        "coord_source": "Patrimonio Galego",
        "dataset_use": "review_only",
        "split": "review_only",
        "needs_review": "Reconciliar manualmente antes de usar como positivo fuerte.",
        "sources": "Patrimonio Galego",
        "urls": "https://patrimoniogalego.net/index.php/91795/2017/01/castro-da-revolta/",
        "notes": "Candidato procedente de catálogo web no reconciliado con la tabla oficial normalizada."
      }
    },
    {
      "type": "Feature",
      "geometry": {
        "type": "Point",
        "coordinates": [
          -8.09129918348,
          43.6607551436
        ]
      },
      "properties": {
        "site_id": "tra-ferrol-ga15036001",
        "primary_name": "Castro de Lobariz / Lobadiz",
        "aliases": "Castro de Lobadiz; Castro de Lobariz; Castro de Lobariz / Lobadiz; Castro de Punta Castrelo; Lobadiz; Lobariz; Lobariz / Lobadiz; Punta Castrelo; Punta do Castro",
        "municipality": "Ferrol",
        "parish": "San Xurxo da Mariña",
        "place": "Punta do Castro",
        "scope": "trasancos_estricto",
        "ga_code": "GA15036001",
        "record_type": "official_castro",
        "confidence": "high",
        "source_tier": "official_catalog",
        "conservation_state": "Regular",
        "coord_status": "point_from_source",
        "coord_source": "Patrimonio Galego",
        "dataset_use": "train_positive_candidate",
        "split": "train",
        "needs_review": "",
        "sources": "André Pena Graña, Narón un concello con historia de seu I, edición Calaméo 2010, lista Catalogación de Castros de Galicia; Artabro; Galipedia; PXOM Ferrol / SIOTUGA, catálogo de bienes protegidos; Patrimonio Galego",
        "urls": "http://www.artabro.es/node26.html; https://gl.wikipedia.org/wiki/Castro_de_Lobadiz; https://patrimoniogalego.net/index.php/99137/2018/03/castro-de-punta-castrelo/; https://siotuga.xunta.gal/siotuga/documentos/urbanismo/FERROL/documents/0184ca004.pdf; https://www.calameo.com/books/00129295754f931ea1d4a",
        "notes": "catálogo Ferrol; otros nombres Punta do Castro | Presente en lista clásica Pena/Calaméo nº 1. | 3 coordenadas candidatas en fuentes; se eligió Patrimonio Galego por prioridad."
      }
    },
    {
      "type": "Feature",
      "geometry": {
        "type": "Point",
        "coordinates": [
          -8.26729807288,
          43.5319199746
        ]
      },
      "properties": {
        "site_id": "tra-ferrol-ga15036002",
        "primary_name": "Castro de Tralocastro / Esmelle",
        "aliases": "Castro de Tralocastro; Castro de Tralocastro / Esmelle; Esmelle; Tralocastro; Tralocastro / Esmelle",
        "municipality": "Ferrol",
        "parish": "Esmelle",
        "place": "Tralocastro",
        "scope": "trasancos_estricto",
        "ga_code": "GA15036002",
        "record_type": "official_castro",
        "confidence": "high",
        "source_tier": "official_catalog",
        "conservation_state": "Regular",
        "coord_status": "point_from_source",
        "coord_source": "Patrimonio Galego",
        "dataset_use": "train_positive_candidate",
        "split": "train",
        "needs_review": "",
        "sources": "André Pena Graña, Narón un concello con historia de seu I, edición Calaméo 2010, lista Catalogación de Castros de Galicia; Artabro; Galipedia; PXOM Ferrol / SIOTUGA, catálogo de bienes protegidos; Patrimonio Galego",
        "urls": "http://www.artabro.es/node27.html; https://gl.wikipedia.org/wiki/Castro_de_Tralocastro; https://patrimoniogalego.net/index.php/92383/2017/01/castro-de-tralocastro/; https://siotuga.xunta.gal/siotuga/documentos/urbanismo/FERROL/documents/0184ca004.pdf; https://www.calameo.com/books/00129295754f931ea1d4a",
        "notes": "catálogo Ferrol | Presente en lista clásica Pena/Calaméo nº 5. | 3 coordenadas candidatas en fuentes; se eligió Patrimonio Galego por prioridad."
      }
    },
    {
      "type": "Feature",
      "geometry": {
        "type": "Point",
        "coordinates": [
          -8.24894103438,
          43.539798885
        ]
      },
      "properties": {
        "site_id": "tra-ferrol-ga15036003",
        "primary_name": "Castro de Marmancón / Papoi",
        "aliases": "Castro de Marmancón; Castro de Marmancón / Papoi; Castro de Papoi; Marmancón; Marmancón / Papoi; Papoi",
        "municipality": "Ferrol",
        "parish": "Marmancón",
        "place": "Papoi",
        "scope": "trasancos_estricto",
        "ga_code": "GA15036003",
        "record_type": "official_castro",
        "confidence": "high",
        "source_tier": "official_catalog",
        "conservation_state": "Regular",
        "coord_status": "point_from_source",
        "coord_source": "Patrimonio Galego",
        "dataset_use": "train_positive_candidate",
        "split": "train",
        "needs_review": "",
        "sources": "Artabro; Galipedia; PXOM Ferrol / SIOTUGA, catálogo de bienes protegidos; Patrimonio Galego",
        "urls": "http://www.artabro.es/node28.html; https://gl.wikipedia.org/wiki/Castro_de_Papoi; https://patrimoniogalego.net/index.php/92662/2017/01/castro-de-papoi/; https://siotuga.xunta.gal/siotuga/documentos/urbanismo/FERROL/documents/0184ca004.pdf",
        "notes": "catálogo Ferrol; otros nombres Castro de Papoi | 3 coordenadas candidatas en fuentes; se eligió Patrimonio Galego por prioridad."
      }
    },
    {
      "type": "Feature",
      "geometry": {
        "type": "Point",
        "coordinates": [
          -8.240064,
          43.524366
        ]
      },
      "properties": {
        "site_id": "tra-ferrol-ga15036004",
        "primary_name": "Monte do Castro / Castro de Vilela",
        "aliases": "Castro de Vilela; Monte do Castro / Castro de Vilela; Vilela",
        "municipality": "Ferrol",
        "parish": "Mandiá",
        "place": "Vilela",
        "scope": "trasancos_estricto",
        "ga_code": "GA15036004",
        "record_type": "official_castro",
        "confidence": "high",
        "source_tier": "official_catalog",
        "conservation_state": "desconocido",
        "coord_status": "point_from_source",
        "coord_source": "Artabro",
        "dataset_use": "train_positive_candidate",
        "split": "train",
        "needs_review": "",
        "sources": "André Pena Graña, Narón un concello con historia de seu I, edición Calaméo 2010, lista Catalogación de Castros de Galicia; Artabro; Galipedia; PXOM Ferrol / SIOTUGA, catálogo de bienes protegidos",
        "urls": "http://www.artabro.es/node21.html; https://gl.wikipedia.org/wiki/Castro_de_Vilela; https://siotuga.xunta.gal/siotuga/documentos/urbanismo/FERROL/documents/0184ca004.pdf; https://www.calameo.com/books/00129295754f931ea1d4a",
        "notes": "catálogo Ferrol; OCR lee Vuela/Vilela | Presente en lista clásica Pena/Calaméo nº 7. | 2 coordenadas candidatas en fuentes; se eligió Artabro por prioridad."
      }
    },
    {
      "type": "Feature",
      "geometry": {
        "type": "Point",
        "coordinates": [
          -8.23112043768,
          43.5145718554
        ]
      },
      "properties": {
        "site_id": "tra-ferrol-ga15036005",
        "primary_name": "Os Castros de Mandiá",
        "aliases": "Castro dos Castros; Fraga; Os Castros de Mandiá",
        "municipality": "Ferrol",
        "parish": "Mandiá",
        "place": "Fraga",
        "scope": "trasancos_estricto",
        "ga_code": "GA15036005",
        "record_type": "official_castro",
        "confidence": "high",
        "source_tier": "official_catalog",
        "conservation_state": "Regular",
        "coord_status": "point_from_source",
        "coord_source": "Patrimonio Galego",
        "dataset_use": "train_positive_candidate",
        "split": "train",
        "needs_review": "",
        "sources": "PXOM Ferrol / SIOTUGA, catálogo de bienes protegidos; Patrimonio Galego",
        "urls": "https://patrimoniogalego.net/index.php/92248/2017/01/castro-dos-castros/; https://siotuga.xunta.gal/siotuga/documentos/urbanismo/FERROL/documents/0184ca004.pdf",
        "notes": "catálogo Ferrol"
      }
    },
    {
      "type": "Feature",
      "geometry": {
        "type": "Point",
        "coordinates": [
          -8.19999608427,
          43.5111405378
        ]
      },
      "properties": {
        "site_id": "tra-ferrol-ga15036007",
        "primary_name": "Castro de Santa Cecilia",
        "aliases": "Castro de Santa Cecilia; Castro de Santa Icía; Castro de Santa Icía (Ferrol; Santa Cecilia; Santa Icía; Santa Icía (Ferrol",
        "municipality": "Ferrol",
        "parish": "Santa Icía de Trasancos",
        "place": "Castro",
        "scope": "trasancos_estricto",
        "ga_code": "GA15036007",
        "record_type": "official_castro",
        "confidence": "high",
        "source_tier": "official_catalog",
        "conservation_state": "Moi malo",
        "coord_status": "point_from_source",
        "coord_source": "Patrimonio Galego",
        "dataset_use": "train_positive_candidate",
        "split": "train",
        "needs_review": "",
        "sources": "Galipedia; PXOM Ferrol / SIOTUGA, catálogo de bienes protegidos; Patrimonio Galego",
        "urls": "https://gl.wikipedia.org/wiki/Castro_de_Santa_Ic%C3%ADa_(Ferrol); https://patrimoniogalego.net/index.php/92292/2017/01/castro-de-santa-icia-2/; https://siotuga.xunta.gal/siotuga/documentos/urbanismo/FERROL/documents/0184ca004.pdf",
        "notes": "catálogo Ferrol | 2 coordenadas candidatas en fuentes; se eligió Patrimonio Galego por prioridad."
      }
    },
    {
      "type": "Feature",
      "geometry": {
        "type": "Point",
        "coordinates": [
          -8.263233,
          43.50009
        ]
      },
      "properties": {
        "site_id": "tra-ferrol-ga15036008",
        "primary_name": "Castro de Vilasanche",
        "aliases": "Castro de Vilasanche; Vilasanche",
        "municipality": "Ferrol",
        "parish": "Serantes",
        "place": "Vilasanche",
        "scope": "trasancos_estricto",
        "ga_code": "GA15036008",
        "record_type": "official_castro",
        "confidence": "high",
        "source_tier": "official_catalog",
        "conservation_state": "desconocido",
        "coord_status": "point_from_source",
        "coord_source": "Artabro",
        "dataset_use": "train_positive_candidate",
        "split": "train",
        "needs_review": "",
        "sources": "André Pena Graña, Narón un concello con historia de seu I, edición Calaméo 2010, lista Catalogación de Castros de Galicia; Artabro; Galipedia; PXOM Ferrol / SIOTUGA, catálogo de bienes protegidos",
        "urls": "http://www.artabro.es/node24.html; https://gl.wikipedia.org/wiki/Castro_de_Vilasanche; https://siotuga.xunta.gal/siotuga/documentos/urbanismo/FERROL/documents/0184ca004.pdf; https://www.calameo.com/books/00129295754f931ea1d4a",
        "notes": "catálogo Ferrol | Presente en lista clásica Pena/Calaméo nº 8. | 2 coordenadas candidatas en fuentes; se eligió Artabro por prioridad."
      }
    },
    {
      "type": "Feature",
      "geometry": {
        "type": "Point",
        "coordinates": [
          -8.30896887213,
          43.4880421513
        ]
      },
      "properties": {
        "site_id": "tra-ferrol-ga15036009",
        "primary_name": "A Croa / Castro da Croa de Fontá",
        "aliases": "A Croa; A Croa / Castro da Croa de Fontá; Castro da Croa de Fontá; Castro de Croa de Fontá; Croa de Fontá; Fontá",
        "municipality": "Ferrol",
        "parish": "Doniños",
        "place": "Fontá",
        "scope": "trasancos_estricto",
        "ga_code": "GA15036009",
        "record_type": "official_castro",
        "confidence": "high",
        "source_tier": "official_catalog",
        "conservation_state": "Desaparecido | Malo",
        "coord_status": "point_from_source",
        "coord_source": "Patrimonio Galego",
        "dataset_use": "positive_damaged_review",
        "split": "review_only",
        "needs_review": "",
        "sources": "André Pena Graña, Narón un concello con historia de seu I, edición Calaméo 2010, lista Catalogación de Castros de Galicia; Artabro; Galipedia; PXOM Ferrol / SIOTUGA, catálogo de bienes protegidos; Patrimonio Galego",
        "urls": "http://www.artabro.es/node25.html; https://gl.wikipedia.org/wiki/Castro_da_Croa_de_Font%C3%A1; https://patrimoniogalego.net/index.php/92180/2017/01/castro-da-croa-de-fonta/; https://siotuga.xunta.gal/siotuga/documentos/urbanismo/FERROL/documents/0184ca004.pdf; https://www.calameo.com/books/00129295754f931ea1d4a",
        "notes": "catálogo Ferrol; Artabro/PG lo nombran como Croa de Fontá | Presente en lista clásica Pena/Calaméo nº 2. | Presente en lista clásica Pena/Calaméo nº 10. | 3 coordenadas candidatas en fuentes; se eligió Patrimonio Galego por prioridad."
      }
    },
    {
      "type": "Feature",
      "geometry": {
        "type": "Point",
        "coordinates": [
          -8.27676090628,
          43.4938798421
        ]
      },
      "properties": {
        "site_id": "tra-ferrol-ga15036010",
        "primary_name": "Coto dos Mouros / Castro de Vilabuíde",
        "aliases": "Castro de Os Gafos; Castro de Vilabuíde; Castro dos Gafos; Coto dos Mouros; Coto dos Mouros / Castro de Vilabuíde; Gafos; Os Gafos; Vilabuíde",
        "municipality": "Ferrol",
        "parish": "Doniños",
        "place": "Vilabuíde",
        "scope": "trasancos_estricto",
        "ga_code": "GA15036010",
        "record_type": "official_castro",
        "confidence": "high",
        "source_tier": "official_catalog",
        "conservation_state": "Regular",
        "coord_status": "point_from_source",
        "coord_source": "Patrimonio Galego",
        "dataset_use": "train_positive_candidate",
        "split": "train",
        "needs_review": "",
        "sources": "André Pena Graña, Narón un concello con historia de seu I, edición Calaméo 2010, lista Catalogación de Castros de Galicia; Artabro; Galipedia; PXOM Ferrol / SIOTUGA, catálogo de bienes protegidos; Patrimonio Galego",
        "urls": "http://www.artabro.es/node22.html; https://gl.wikipedia.org/wiki/Castro_dos_Gafos; https://patrimoniogalego.net/index.php/92234/2017/01/castro-dos-gafos/; https://siotuga.xunta.gal/siotuga/documentos/urbanismo/FERROL/documents/0184ca004.pdf; https://www.calameo.com/books/00129295754f931ea1d4a",
        "notes": "catálogo Ferrol; otros nombres Castelo dos Mouros/Castro de Vilabuíde | Presente en lista clásica Pena/Calaméo nº 3. | 2 coordenadas candidatas en fuentes; se eligió Patrimonio Galego por prioridad."
      }
    },
    {
      "type": "Feature",
      "geometry": {
        "type": "Point",
        "coordinates": [
          -8.22509083182,
          43.4974909152
        ]
      },
      "properties": {
        "site_id": "tra-ferrol-ga15036011",
        "primary_name": "Castro de Santa Mariña / Casal dos Ovos",
        "aliases": "Casal dos Ovos; Castro de Santa Mariña; Castro de Santa Mariña / Casal dos Ovos; Os Castros Altos; Santa Mariña; Santa Mariña / Casal dos Ovos",
        "municipality": "Ferrol",
        "parish": "Santa Mariña do Vilar | Serantes",
        "place": "Casal dos Ovos",
        "scope": "trasancos_estricto",
        "ga_code": "GA15036011",
        "record_type": "official_castro",
        "confidence": "high",
        "source_tier": "official_catalog",
        "conservation_state": "Desaparecido | Moi malo",
        "coord_status": "point_from_source",
        "coord_source": "Patrimonio Galego",
        "dataset_use": "positive_damaged_review",
        "split": "review_only",
        "needs_review": "",
        "sources": "André Pena Graña, Narón un concello con historia de seu I, edición Calaméo 2010, lista Catalogación de Castros de Galicia; Galipedia; PXOM Ferrol / SIOTUGA, catálogo de bienes protegidos; Patrimonio Galego",
        "urls": "https://gl.wikipedia.org/wiki/Castro_de_Santa_Mari%C3%B1a; https://patrimoniogalego.net/index.php/92783/2017/02/castro-de-santa-marina-2/; https://siotuga.xunta.gal/siotuga/documentos/urbanismo/FERROL/documents/0184ca004.pdf; https://www.calameo.com/books/00129295754f931ea1d4a",
        "notes": "catálogo Ferrol | otros yacimientos documentados; posible equivalencia con Santa Mariña/Casal dos Ovos, revisar | Presente en lista clásica Pena/Calaméo nº 12. | 2 coordenadas candidatas en fuentes; se eligió Patrimonio Galego por prioridad."
      }
    },
    {
      "type": "Feature",
      "geometry": {
        "type": "Point",
        "coordinates": [
          -8.24286851317,
          43.478249131
        ]
      },
      "properties": {
        "site_id": "tra-ferrol-ga15036012",
        "primary_name": "Castro de Ferrol Vello",
        "aliases": "Castro de Ferrol; Castro de Ferrol Vello; Ferrol; Ferrol Vello; núcleo urbano",
        "municipality": "Ferrol",
        "parish": "Ferrol",
        "place": "núcleo urbano",
        "scope": "trasancos_estricto",
        "ga_code": "GA15036012",
        "record_type": "official_castro",
        "confidence": "high",
        "source_tier": "official_catalog",
        "conservation_state": "Desaparecido | Moi malo",
        "coord_status": "point_from_source",
        "coord_source": "Patrimonio Galego",
        "dataset_use": "positive_damaged_review",
        "split": "review_only",
        "needs_review": "",
        "sources": "André Pena Graña, Narón un concello con historia de seu I, edición Calaméo 2010, lista Catalogación de Castros de Galicia; Galipedia; PXOM Ferrol / SIOTUGA, catálogo de bienes protegidos; Patrimonio Galego",
        "urls": "https://gl.wikipedia.org/wiki/Castro_de_Ferrol; https://patrimoniogalego.net/index.php/92856/2017/02/castro-de-ferrol/; https://siotuga.xunta.gal/siotuga/documentos/urbanismo/FERROL/documents/0184ca004.pdf; https://www.calameo.com/books/00129295754f931ea1d4a",
        "notes": "otros yacimientos documentados | Presente en lista clásica Pena/Calaméo nº 11. | 2 coordenadas candidatas en fuentes; se eligió Patrimonio Galego por prioridad."
      }
    },
    {
      "type": "Feature",
      "geometry": {
        "type": "Point",
        "coordinates": [
          -8.28390598297,
          43.56033873
        ]
      },
      "properties": {
        "site_id": "tra-ferrol-ga15036014",
        "primary_name": "Necrópolis de Santa Comba",
        "aliases": "Castro da Insua de Santa Comba; Castro de Santa Comba; Insua de Santa Comba; Necrópolis de Santa Comba; Santa Comba",
        "municipality": "Ferrol",
        "parish": "Covas",
        "place": "Santa Comba",
        "scope": "trasancos_estricto",
        "ga_code": "GA15036014",
        "record_type": "official_castro",
        "confidence": "high",
        "source_tier": "official_catalog",
        "conservation_state": "Bo",
        "coord_status": "point_from_source",
        "coord_source": "Patrimonio Galego",
        "dataset_use": "train_positive_candidate",
        "split": "train",
        "needs_review": "",
        "sources": "Galipedia; PXOM Ferrol / SIOTUGA, catálogo de bienes protegidos; Patrimonio Galego",
        "urls": "https://gl.wikipedia.org/wiki/Castro_de_Santa_Comba; https://patrimoniogalego.net/index.php/82001/2016/01/castro-da-insua-de-santa-comba/; https://siotuga.xunta.gal/siotuga/documentos/urbanismo/FERROL/documents/0184ca004.pdf",
        "notes": "el catálogo la tipa como castro/asentamiento fortificado y necrópolis | 2 coordenadas candidatas en fuentes; se eligió Patrimonio Galego por prioridad."
      }
    },
    {
      "type": "Feature",
      "geometry": {
        "type": "Point",
        "coordinates": [
          -8.24948787689,
          43.5137236622
        ]
      },
      "properties": {
        "site_id": "tra-ferrol-ref15036002",
        "primary_name": "Pico de Ouro",
        "aliases": "Castro de Pico de Ouro; Pico de Ouro",
        "municipality": "Ferrol",
        "parish": "Mandiá",
        "place": "",
        "scope": "trasancos_estricto",
        "ga_code": "REF15036002",
        "record_type": "official_reference_or_toponym",
        "confidence": "medium",
        "source_tier": "official_reference",
        "conservation_state": "Moi malo",
        "coord_status": "point_from_source",
        "coord_source": "Patrimonio Galego",
        "dataset_use": "review_only",
        "split": "review_only",
        "needs_review": "",
        "sources": "PXOM Ferrol / SIOTUGA, catálogo de bienes protegidos; Patrimonio Galego",
        "urls": "https://patrimoniogalego.net/index.php/92328/2017/01/castro-de-pico-de-ouro/; https://siotuga.xunta.gal/siotuga/documentos/urbanismo/FERROL/documents/0184ca004.pdf",
        "notes": "referencia del catálogo, no código GA"
      }
    },
    {
      "type": "Feature",
      "geometry": {
        "type": "Point",
        "coordinates": [
          -8.3233884278,
          43.5243745447
        ]
      },
      "properties": {
        "site_id": "tra-ferrol-ref15036004",
        "primary_name": "Castro de Arbosa",
        "aliases": "Arbosa; Castro de Arbosa",
        "municipality": "Ferrol",
        "parish": "Brión",
        "place": "",
        "scope": "trasancos_estricto",
        "ga_code": "REF15036004",
        "record_type": "official_reference_or_toponym",
        "confidence": "medium",
        "source_tier": "official_reference",
        "conservation_state": "Regular",
        "coord_status": "point_from_source",
        "coord_source": "Patrimonio Galego",
        "dataset_use": "review_only",
        "split": "review_only",
        "needs_review": "",
        "sources": "PXOM Ferrol / SIOTUGA, catálogo de bienes protegidos; Patrimonio Galego",
        "urls": "https://patrimoniogalego.net/index.php/92396/2017/01/castro-de-arbosa/; https://siotuga.xunta.gal/siotuga/documentos/urbanismo/FERROL/documents/0184ca004.pdf",
        "notes": "referencia del catálogo, no código GA"
      }
    },
    {
      "type": "Feature",
      "geometry": {
        "type": "Point",
        "coordinates": [
          -8.20805344016,
          43.5226786378
        ]
      },
      "properties": {
        "site_id": "tra-ferrol-ri-000007172",
        "primary_name": "Castro da Croa de Leixa",
        "aliases": "Castro da Croa de Leixa; Croa de Leixa",
        "municipality": "Ferrol",
        "parish": "Leixa",
        "place": "",
        "scope": "trasancos_estricto",
        "ga_code": "RI.000007172",
        "record_type": "web_catalog_candidate",
        "confidence": "medium",
        "source_tier": "collaborative_catalog",
        "conservation_state": "Bo",
        "coord_status": "point_from_source",
        "coord_source": "Patrimonio Galego",
        "dataset_use": "review_only",
        "split": "review_only",
        "needs_review": "Reconciliar manualmente antes de usar como positivo fuerte.",
        "sources": "Patrimonio Galego",
        "urls": "https://patrimoniogalego.net/index.php/92380/2017/01/castro-da-croa-de-leixa/",
        "notes": "Candidato procedente de catálogo web no reconciliado con la tabla oficial normalizada."
      }
    },
    {
      "type": "Feature",
      "geometry": {
        "type": "Point",
        "coordinates": [
          -8.1040802899,
          43.5336156217
        ]
      },
      "properties": {
        "site_id": "tra-ferrol-ri-000009062",
        "primary_name": "Castro da Ermida",
        "aliases": "Castro da Ermida; Ermida",
        "municipality": "Ferrol",
        "parish": "Pedroso (San Salvador)",
        "place": "O Castro da Ermida",
        "scope": "trasancos_estricto",
        "ga_code": "RI.000009062",
        "record_type": "web_catalog_candidate",
        "confidence": "medium",
        "source_tier": "collaborative_catalog",
        "conservation_state": "Moi malo",
        "coord_status": "point_from_source",
        "coord_source": "Patrimonio Galego",
        "dataset_use": "review_only",
        "split": "review_only",
        "needs_review": "Reconciliar manualmente antes de usar como positivo fuerte.",
        "sources": "Patrimonio Galego",
        "urls": "https://patrimoniogalego.net/index.php/89708/2016/10/castro-da-ermida/",
        "notes": "Candidato procedente de catálogo web no reconciliado con la tabla oficial normalizada."
      }
    },
    {
      "type": "Feature",
      "geometry": {
        "type": "Point",
        "coordinates": [
          -8.09338364035,
          43.5959636268
        ]
      },
      "properties": {
        "site_id": "tra-ferrol-ri-000015019",
        "primary_name": "Castro de Crecente",
        "aliases": "Castro de Crecente; Crecente",
        "municipality": "Ferrol",
        "parish": "Loira (San Pedro)",
        "place": "Crecente",
        "scope": "trasancos_estricto",
        "ga_code": "RI.000015019",
        "record_type": "web_catalog_candidate",
        "confidence": "medium",
        "source_tier": "collaborative_catalog",
        "conservation_state": "Regular",
        "coord_status": "point_from_source",
        "coord_source": "Patrimonio Galego",
        "dataset_use": "review_only",
        "split": "review_only",
        "needs_review": "Reconciliar manualmente antes de usar como positivo fuerte.",
        "sources": "Patrimonio Galego",
        "urls": "https://patrimoniogalego.net/index.php/92748/2017/01/castro-de-crecente/",
        "notes": "Candidato procedente de catálogo web no reconciliado con la tabla oficial normalizada."
      }
    },
    {
      "type": "Feature",
      "geometry": {
        "type": "Point",
        "coordinates": [
          -8.16994461447,
          43.5759291236
        ]
      },
      "properties": {
        "site_id": "tra-ferrol-ri-000015021",
        "primary_name": "Castro de Lodeiro",
        "aliases": "Castro de Lodeiro; Lodeiro",
        "municipality": "Ferrol",
        "parish": "O Sequeiro (Santa María)",
        "place": "O Lodeiro",
        "scope": "trasancos_estricto",
        "ga_code": "RI.000015021",
        "record_type": "web_catalog_candidate",
        "confidence": "medium",
        "source_tier": "collaborative_catalog",
        "conservation_state": "Regular",
        "coord_status": "point_from_source",
        "coord_source": "Patrimonio Galego",
        "dataset_use": "review_only",
        "split": "review_only",
        "needs_review": "Reconciliar manualmente antes de usar como positivo fuerte.",
        "sources": "Patrimonio Galego",
        "urls": "https://patrimoniogalego.net/index.php/92644/2017/01/castro-de-lodeiro/",
        "notes": "Candidato procedente de catálogo web no reconciliado con la tabla oficial normalizada."
      }
    },
    {
      "type": "Feature",
      "geometry": {
        "type": "Point",
        "coordinates": [
          -8.11020645529,
          43.6434974968
        ]
      },
      "properties": {
        "site_id": "tra-ferrol-ri-000015057",
        "primary_name": "Castro do Rodo",
        "aliases": "Castro do Rodo; Rodo",
        "municipality": "Ferrol",
        "parish": "Pantín",
        "place": "",
        "scope": "trasancos_estricto",
        "ga_code": "RI.000015057",
        "record_type": "web_catalog_candidate",
        "confidence": "medium",
        "source_tier": "collaborative_catalog",
        "conservation_state": "Regular",
        "coord_status": "point_from_source",
        "coord_source": "Patrimonio Galego",
        "dataset_use": "review_only",
        "split": "review_only",
        "needs_review": "Reconciliar manualmente antes de usar como positivo fuerte.",
        "sources": "Patrimonio Galego",
        "urls": "https://patrimoniogalego.net/index.php/92388/2017/01/castro-do-rodo/",
        "notes": "Candidato procedente de catálogo web no reconciliado con la tabla oficial normalizada."
      }
    },
    {
      "type": "Feature",
      "geometry": {
        "type": "Point",
        "coordinates": [
          -8.158736,
          43.534444
        ]
      },
      "properties": {
        "site_id": "tra-naron-castro-de-bicas",
        "primary_name": "Castro de Bicás",
        "aliases": "Bicás; Castro de Bicás",
        "municipality": "Narón",
        "parish": "S. Julián de Narón",
        "place": "Os Bicás",
        "scope": "trasancos_estricto",
        "ga_code": "",
        "record_type": "web_catalog_candidate",
        "confidence": "medium",
        "source_tier": "local_catalog",
        "conservation_state": "desconocido",
        "coord_status": "point_from_source",
        "coord_source": "Artabro",
        "dataset_use": "review_only",
        "split": "review_only",
        "needs_review": "Reconciliar manualmente antes de usar como positivo fuerte.",
        "sources": "Artabro",
        "urls": "http://www.artabro.es/node37.html",
        "notes": "Candidato procedente de catálogo web no reconciliado con la tabla oficial normalizada."
      }
    },
    {
      "type": "Feature",
      "geometry": {
        "type": "Point",
        "coordinates": [
          -8.2225,
          43.543889
        ]
      },
      "properties": {
        "site_id": "tra-naron-castro-de-s-mateo",
        "primary_name": "Castro de S. Mateo",
        "aliases": "Castro de S. Mateo; S. Mateo",
        "municipality": "Narón",
        "parish": "S. Mateo de Trasancos",
        "place": "Cruz do castro, Croas",
        "scope": "trasancos_estricto",
        "ga_code": "",
        "record_type": "web_catalog_candidate",
        "confidence": "medium",
        "source_tier": "local_catalog",
        "conservation_state": "desconocido",
        "coord_status": "point_from_source",
        "coord_source": "Artabro",
        "dataset_use": "review_only",
        "split": "review_only",
        "needs_review": "Reconciliar manualmente antes de usar como positivo fuerte.",
        "sources": "Artabro",
        "urls": "http://www.artabro.es/node40.html",
        "notes": "Candidato procedente de catálogo web no reconciliado con la tabla oficial normalizada."
      }
    },
    {
      "type": "Feature",
      "geometry": {
        "type": "Point",
        "coordinates": [
          -8.1361107,
          43.5503142
        ]
      },
      "properties": {
        "site_id": "tra-naron-castro-de-san-estevo",
        "primary_name": "Castro de San Estevo",
        "aliases": "Castro de San Estevo; San Estevo",
        "municipality": "Narón",
        "parish": "",
        "place": "",
        "scope": "trasancos_estricto",
        "ga_code": "",
        "record_type": "web_catalog_candidate",
        "confidence": "medium_low",
        "source_tier": "wikimedia_category",
        "conservation_state": "desconocido",
        "coord_status": "point_from_source",
        "coord_source": "Galipedia",
        "dataset_use": "review_only",
        "split": "review_only",
        "needs_review": "Reconciliar manualmente antes de usar como positivo fuerte.",
        "sources": "Galipedia",
        "urls": "https://gl.wikipedia.org/wiki/Castro_de_San_Estevo",
        "notes": "Candidato procedente de catálogo web no reconciliado con la tabla oficial normalizada."
      }
    },
    {
      "type": "Feature",
      "geometry": {
        "type": "Point",
        "coordinates": [
          -8.133586,
          43.551069
        ]
      },
      "properties": {
        "site_id": "tra-naron-castro-de-sedes",
        "primary_name": "Castro de Sedes",
        "aliases": "Castro de Sedes; Sedes",
        "municipality": "Narón",
        "parish": "S. Esteban de Sedes",
        "place": "Eiravedra",
        "scope": "trasancos_estricto",
        "ga_code": "",
        "record_type": "web_catalog_candidate",
        "confidence": "medium",
        "source_tier": "local_catalog",
        "conservation_state": "desconocido",
        "coord_status": "point_from_source",
        "coord_source": "Artabro",
        "dataset_use": "review_only",
        "split": "review_only",
        "needs_review": "Reconciliar manualmente antes de usar como positivo fuerte.",
        "sources": "Artabro",
        "urls": "http://www.artabro.es/node35.html",
        "notes": "Candidato procedente de catálogo web no reconciliado con la tabla oficial normalizada."
      }
    },
    {
      "type": "Feature",
      "geometry": {
        "type": "Point",
        "coordinates": [
          -8.178333,
          43.544722
        ]
      },
      "properties": {
        "site_id": "tra-naron-castro-de-sta-maria",
        "primary_name": "Castro de Sta. María",
        "aliases": "Castro de Sta. María; Sta. María",
        "municipality": "Narón",
        "parish": "Sta. María de Castro",
        "place": "Castro, Fernande",
        "scope": "trasancos_estricto",
        "ga_code": "",
        "record_type": "web_catalog_candidate",
        "confidence": "medium",
        "source_tier": "local_catalog",
        "conservation_state": "desconocido",
        "coord_status": "point_from_source",
        "coord_source": "Artabro",
        "dataset_use": "review_only",
        "split": "review_only",
        "needs_review": "Reconciliar manualmente antes de usar como positivo fuerte.",
        "sources": "Artabro",
        "urls": "http://www.artabro.es/node32.html",
        "notes": "Candidato procedente de catálogo web no reconciliado con la tabla oficial normalizada."
      }
    },
    {
      "type": "Feature",
      "geometry": {
        "type": "Point",
        "coordinates": [
          -8.220456934637646,
          43.567004736766265
        ]
      },
      "properties": {
        "site_id": "tra-naron-ga15054001",
        "primary_name": "X-39 Monte do Castro",
        "aliases": "X-39 Monte do Castro",
        "municipality": "Narón",
        "parish": "O Val",
        "place": "",
        "scope": "trasancos_estricto",
        "ga_code": "GA15054001",
        "record_type": "official_castro",
        "confidence": "high",
        "source_tier": "official_catalog",
        "conservation_state": "desconocido",
        "coord_status": "point_from_source",
        "coord_source": "PXOM Narón 2023/2024",
        "dataset_use": "positive_o_val_holdout",
        "split": "test_o_val",
        "needs_review": "",
        "sources": "PXOM Narón 2023/2024; PXOM Narón 2023/2024, índice y fichas arqueológicas",
        "urls": "https://pxom.naron.gal/08.CAT/15054_PXOM_202310_AI_CAT_02F/15054_PXOM_202310_AI_CAT_02F_01ARQ_X-39_signed_signed.pdf",
        "notes": ""
      }
    },
    {
      "type": "Feature",
      "geometry": {
        "type": "Point",
        "coordinates": [
          -8.21426439875589,
          43.55278979295351
        ]
      },
      "properties": {
        "site_id": "tra-naron-ga15054002",
        "primary_name": "X-41 Castro de Quintá",
        "aliases": "Castro de O Val; Castro de Quintá; O Val; Quintá; X-41 Castro de Quintá",
        "municipality": "Narón",
        "parish": "O Val",
        "place": "Quintá",
        "scope": "trasancos_estricto",
        "ga_code": "GA15054002",
        "record_type": "official_castro",
        "confidence": "high",
        "source_tier": "official_catalog",
        "conservation_state": "Regular",
        "coord_status": "point_from_source",
        "coord_source": "PXOM Narón 2023/2024",
        "dataset_use": "positive_o_val_holdout",
        "split": "test_o_val",
        "needs_review": "",
        "sources": "André Pena Graña, Narón un concello con historia de seu I, edición Calaméo 2010, lista Catalogación de Castros de Galicia; Artabro; Galipedia; PXOM Narón 2023/2024; PXOM Narón 2023/2024, índice y fichas arqueológicas; Patrimonio Galego",
        "urls": "http://www.artabro.es/node38.html; https://gl.wikipedia.org/wiki/Castro_de_Quint%C3%A1; https://patrimoniogalego.net/index.php/92169/2017/01/castro-de-quinta-2/; https://pxom.naron.gal/08.CAT/15054_PXOM_202310_AI_CAT_02F/15054_PXOM_202310_AI_CAT_02F_01ARQ_X-41_signed_signed.pdf; https://www.calameo.com/books/00129295754f931ea1d4a",
        "notes": "Presente en lista clásica Pena/Calaméo nº 14. | 4 coordenadas candidatas en fuentes; se eligió PXOM Narón 2023/2024 por prioridad."
      }
    },
    {
      "type": "Feature",
      "geometry": {
        "type": "Point",
        "coordinates": [
          -8.22226681632418,
          43.54375028907838
        ]
      },
      "properties": {
        "site_id": "tra-naron-ga15054003",
        "primary_name": "X-14 Castro de San Mateo",
        "aliases": "Castro do Vilar; O Vilar; Vilar; X-14 Castro de San Mateo",
        "municipality": "Narón",
        "parish": "Trasancos / San Mateo",
        "place": "O Vilar",
        "scope": "trasancos_estricto",
        "ga_code": "GA15054003",
        "record_type": "official_castro",
        "confidence": "high",
        "source_tier": "official_catalog",
        "conservation_state": "desconocido",
        "coord_status": "point_from_source",
        "coord_source": "PXOM Narón 2023/2024",
        "dataset_use": "test_positive_candidate",
        "split": "test",
        "needs_review": "",
        "sources": "André Pena Graña, Narón un concello con historia de seu I, edición Calaméo 2010, lista Catalogación de Castros de Galicia; Galipedia; PXOM Narón 2023/2024; PXOM Narón 2023/2024, índice y fichas arqueológicas",
        "urls": "https://gl.wikipedia.org/wiki/Castro_do_Vilar; https://pxom.naron.gal/08.CAT/15054_PXOM_202310_AI_CAT_02F/15054_PXOM_202310_AI_CAT_02F_01ARQ_X-14_signed_signed.pdf; https://www.calameo.com/books/00129295754f931ea1d4a",
        "notes": "Presente en lista clásica Pena/Calaméo nº 15. | 2 coordenadas candidatas en fuentes; se eligió PXOM Narón 2023/2024 por prioridad."
      }
    },
    {
      "type": "Feature",
      "geometry": {
        "type": "Point",
        "coordinates": [
          -8.178138985208266,
          43.544594120715765
        ]
      },
      "properties": {
        "site_id": "tra-naron-ga15054004",
        "primary_name": "X-40 Castro de Santa María",
        "aliases": "Borreiros; X-40 Castro de Santa María",
        "municipality": "Narón",
        "parish": "Castro (Santa María)",
        "place": "Borreiros",
        "scope": "trasancos_estricto",
        "ga_code": "GA15054004",
        "record_type": "official_castro",
        "confidence": "high",
        "source_tier": "official_catalog",
        "conservation_state": "desconocido",
        "coord_status": "point_from_source",
        "coord_source": "PXOM Narón 2023/2024",
        "dataset_use": "test_positive_candidate",
        "split": "test",
        "needs_review": "",
        "sources": "PXOM Narón 2023/2024; PXOM Narón 2023/2024, índice y fichas arqueológicas",
        "urls": "https://pxom.naron.gal/08.CAT/15054_PXOM_202310_AI_CAT_02F/15054_PXOM_202310_AI_CAT_02F_01ARQ_X-40_signed_signed.pdf",
        "notes": ""
      }
    },
    {
      "type": "Feature",
      "geometry": {
        "type": "Point",
        "coordinates": [
          -8.133765092487913,
          43.55129877527176
        ]
      },
      "properties": {
        "site_id": "tra-naron-ga15054005",
        "primary_name": "X-10 Castro de Eiravedra",
        "aliases": "Castro de Eiravedra; Eiravedra; X -10 Castro deEiravedra; X-10 Castro de Eiravedra",
        "municipality": "Narón",
        "parish": "Sedes",
        "place": "Eiravedra",
        "scope": "trasancos_estricto",
        "ga_code": "GA15054005",
        "record_type": "official_castro",
        "confidence": "high",
        "source_tier": "official_catalog",
        "conservation_state": "Regular",
        "coord_status": "point_from_source",
        "coord_source": "PXOM Narón 2023/2024",
        "dataset_use": "test_positive_candidate",
        "split": "test",
        "needs_review": "",
        "sources": "André Pena Graña, Narón un concello con historia de seu I, edición Calaméo 2010, lista Catalogación de Castros de Galicia; Galipedia; PXOM Narón 2023/2024; PXOM Narón 2023/2024, índice y fichas arqueológicas; Patrimonio Galego",
        "urls": "https://gl.wikipedia.org/wiki/Castro_de_Eiravedra; https://patrimoniogalego.net/index.php/91717/2016/12/castro-de-eiravedra/; https://pxom.naron.gal/08.CAT/15054_PXOM_202310_AI_CAT_02F/15054_PXOM_202310_AI_CAT_02F_01ARQ_X-10_signed_signed.pdf; https://www.calameo.com/books/00129295754f931ea1d4a",
        "notes": "Presente en lista clásica Pena/Calaméo nº 18. | 3 coordenadas candidatas en fuentes; se eligió PXOM Narón 2023/2024 por prioridad."
      }
    },
    {
      "type": "Feature",
      "geometry": {
        "type": "Point",
        "coordinates": [
          -8.178733324653969,
          43.50171131743082
        ]
      },
      "properties": {
        "site_id": "tra-naron-ga15054006",
        "primary_name": "X-09 Castro de Couto / O Petouzal",
        "aliases": "Castro de Couto; Castro do Petouzal; Couto; O Petouzal; Petouzal; X-09 Castro de Couto; X-09 Castro de Couto / O Petouzal",
        "municipality": "Narón",
        "parish": "O Couto",
        "place": "",
        "scope": "trasancos_estricto",
        "ga_code": "GA15054006",
        "record_type": "official_castro",
        "confidence": "high",
        "source_tier": "official_catalog",
        "conservation_state": "desconocido",
        "coord_status": "point_from_source",
        "coord_source": "PXOM Narón 2023/2024",
        "dataset_use": "test_positive_candidate",
        "split": "test",
        "needs_review": "",
        "sources": "Artabro; Galipedia; PXOM Narón 2023/2024; PXOM Narón 2023/2024, índice y fichas arqueológicas",
        "urls": "http://www.artabro.es/node31.html; https://gl.wikipedia.org/wiki/Castro_do_Petouzal; https://pxom.naron.gal/08.CAT/15054_PXOM_202310_AI_CAT_02F/15054_PXOM_202310_AI_CAT_02F_01ARQ_X-09_signed_signed.pdf",
        "notes": "3 coordenadas candidatas en fuentes; se eligió PXOM Narón 2023/2024 por prioridad."
      }
    },
    {
      "type": "Feature",
      "geometry": {
        "type": "Point",
        "coordinates": [
          -8.172842421984463,
          43.53362483688601
        ]
      },
      "properties": {
        "site_id": "tra-naron-ga15054007",
        "primary_name": "X-11 Castro de Sequeiro",
        "aliases": "Castro de Sequeiro; Sequeiro; X-11 Castro de Sequeiro",
        "municipality": "Narón",
        "parish": "San Xiao de Narón",
        "place": "Sequeiro",
        "scope": "trasancos_estricto",
        "ga_code": "GA15054007",
        "record_type": "official_castro",
        "confidence": "high",
        "source_tier": "official_catalog",
        "conservation_state": "Regular",
        "coord_status": "point_from_source",
        "coord_source": "PXOM Narón 2023/2024",
        "dataset_use": "test_positive_candidate",
        "split": "test",
        "needs_review": "",
        "sources": "André Pena Graña, Narón un concello con historia de seu I, edición Calaméo 2010, lista Catalogación de Castros de Galicia; Artabro; Galipedia; PXOM Narón 2023/2024; PXOM Narón 2023/2024, índice y fichas arqueológicas; Patrimonio Galego",
        "urls": "http://www.artabro.es/node33.html; https://gl.wikipedia.org/wiki/Castro_de_Sequeiro; https://patrimoniogalego.net/index.php/91863/2017/01/castro-de-sequeiro/; https://pxom.naron.gal/08.CAT/15054_PXOM_202310_AI_CAT_02F/15054_PXOM_202310_AI_CAT_02F_01ARQ_X-11_signed_signed.pdf; https://www.calameo.com/books/00129295754f931ea1d4a",
        "notes": "Presente en lista clásica Pena/Calaméo nº 16. | 4 coordenadas candidatas en fuentes; se eligió PXOM Narón 2023/2024 por prioridad."
      }
    },
    {
      "type": "Feature",
      "geometry": {
        "type": "Point",
        "coordinates": [
          -8.158673408996664,
          43.53438585017607
        ]
      },
      "properties": {
        "site_id": "tra-naron-ga15054009",
        "primary_name": "X-15 Castro de Vicás",
        "aliases": "Castro de Vicás; Vicás; X-15 Castro de Vicás",
        "municipality": "Narón",
        "parish": "San Xiao de Narón",
        "place": "Vicás",
        "scope": "trasancos_estricto",
        "ga_code": "GA15054009",
        "record_type": "official_castro",
        "confidence": "high",
        "source_tier": "official_catalog",
        "conservation_state": "Regular",
        "coord_status": "point_from_source",
        "coord_source": "PXOM Narón 2023/2024",
        "dataset_use": "test_positive_candidate",
        "split": "test",
        "needs_review": "",
        "sources": "André Pena Graña, Narón un concello con historia de seu I, edición Calaméo 2010, lista Catalogación de Castros de Galicia; PXOM Narón 2023/2024; PXOM Narón 2023/2024, índice y fichas arqueológicas; Patrimonio Galego",
        "urls": "https://patrimoniogalego.net/index.php/91657/2016/12/castro-de-vicas/; https://pxom.naron.gal/08.CAT/15054_PXOM_202310_AI_CAT_02F/15054_PXOM_202310_AI_CAT_02F_01ARQ_X-15_signed_signed.pdf; https://www.calameo.com/books/00129295754f931ea1d4a",
        "notes": "Presente en lista clásica Pena/Calaméo nº 19. | 2 coordenadas candidatas en fuentes; se eligió PXOM Narón 2023/2024 por prioridad."
      }
    },
    {
      "type": "Feature",
      "geometry": {
        "type": "Point",
        "coordinates": [
          -8.104214985690291,
          43.53370200072288
        ]
      },
      "properties": {
        "site_id": "tra-naron-ga15054010",
        "primary_name": "X-04 Castro da Ermida",
        "aliases": "A Ermida; Castro da Ermida; Ermida; X-04 Castro da Ermida",
        "municipality": "Narón",
        "parish": "Pedroso",
        "place": "",
        "scope": "trasancos_estricto",
        "ga_code": "GA15054010",
        "record_type": "official_castro",
        "confidence": "high",
        "source_tier": "official_catalog",
        "conservation_state": "desconocido",
        "coord_status": "point_from_source",
        "coord_source": "PXOM Narón 2023/2024",
        "dataset_use": "test_positive_candidate",
        "split": "test",
        "needs_review": "",
        "sources": "André Pena Graña, Narón un concello con historia de seu I, edición Calaméo 2010, lista Catalogación de Castros de Galicia; Artabro; Galipedia; PXOM Narón 2023/2024; PXOM Narón 2023/2024, índice y fichas arqueológicas",
        "urls": "http://www.artabro.es/node36.html; https://gl.wikipedia.org/wiki/Castro_da_Ermida; https://pxom.naron.gal/08.CAT/15054_PXOM_202310_AI_CAT_02F/15054_PXOM_202310_AI_CAT_02F_01ARQ_X-04_signed_signed.pdf; https://www.calameo.com/books/00129295754f931ea1d4a",
        "notes": "Presente en lista clásica Pena/Calaméo nº 20. | 3 coordenadas candidatas en fuentes; se eligió PXOM Narón 2023/2024 por prioridad."
      }
    },
    {
      "type": "Feature",
      "geometry": {
        "type": "Point",
        "coordinates": [
          -8.226085914214185,
          43.577091605729976
        ]
      },
      "properties": {
        "site_id": "tra-naron-ga15054015",
        "primary_name": "X-12 Castro de Pena Lopesa",
        "aliases": "Castro de Pena Lopesa; Lopesa; Pena Lopesa; X-12 Castro de Pena Lopesa",
        "municipality": "Narón",
        "parish": "O Val",
        "place": "Lopesa",
        "scope": "trasancos_estricto",
        "ga_code": "GA15054015",
        "record_type": "official_castro",
        "confidence": "high",
        "source_tier": "official_catalog",
        "conservation_state": "Desaparecido | Moi malo",
        "coord_status": "point_from_source",
        "coord_source": "PXOM Narón 2023/2024",
        "dataset_use": "positive_damaged_review",
        "split": "review_only",
        "needs_review": "",
        "sources": "André Pena Graña, Narón un concello con historia de seu I, edición Calaméo 2010, lista Catalogación de Castros de Galicia; Artabro; Galipedia; PXOM Narón 2023/2024; PXOM Narón 2023/2024, índice y fichas arqueológicas; Patrimonio Galego",
        "urls": "http://www.artabro.es/node41.html; https://gl.wikipedia.org/wiki/Castro_de_Pena_Lopesa; https://patrimoniogalego.net/index.php/88309/2016/08/castro-de-pena-lopesa/; https://pxom.naron.gal/08.CAT/15054_PXOM_202310_AI_CAT_02F/15054_PXOM_202310_AI_CAT_02F_01ARQ_X-12_signed_signed.pdf; https://www.calameo.com/books/00129295754f931ea1d4a",
        "notes": "Presente en lista clásica Pena/Calaméo nº 25. | 4 coordenadas candidatas en fuentes; se eligió PXOM Narón 2023/2024 por prioridad."
      }
    },
    {
      "type": "Feature",
      "geometry": {
        "type": "Point",
        "coordinates": [
          -8.229129856142787,
          43.56080565700078
        ]
      },
      "properties": {
        "site_id": "tra-naron-ga15054037",
        "primary_name": "X-07 Castro de A Pedreira",
        "aliases": "A Pedreira; Castro da Pedreira; Castro de A Pedreira; Castro de Pedreira; Pedreira; X-07 Castro de A Pedreira",
        "municipality": "Narón",
        "parish": "O Val",
        "place": "Pedreira",
        "scope": "trasancos_estricto",
        "ga_code": "GA15054037",
        "record_type": "official_castro",
        "confidence": "high",
        "source_tier": "official_catalog",
        "conservation_state": "Malo",
        "coord_status": "point_from_source",
        "coord_source": "PXOM Narón 2023/2024",
        "dataset_use": "positive_o_val_holdout",
        "split": "test_o_val",
        "needs_review": "",
        "sources": "Artabro; Galipedia; PXOM Narón 2023/2024; PXOM Narón 2023/2024, índice y fichas arqueológicas; Patrimonio Galego",
        "urls": "http://www.artabro.es/node63.html; https://gl.wikipedia.org/wiki/Castro_da_Pedreira; https://patrimoniogalego.net/index.php/88189/2016/08/castro-da-pedreira/; https://pxom.naron.gal/08.CAT/15054_PXOM_202310_AI_CAT_02F/15054_PXOM_202310_AI_CAT_02F_01ARQ_X-07_signed_signed.pdf",
        "notes": "4 coordenadas candidatas en fuentes; se eligió PXOM Narón 2023/2024 por prioridad."
      }
    },
    {
      "type": "Feature",
      "geometry": {
        "type": "Point",
        "coordinates": [
          -8.106477030549083,
          43.523833093847884
        ]
      },
      "properties": {
        "site_id": "tra-naron-to15054003",
        "primary_name": "X-08 Castro de Abaixo",
        "aliases": "Abaixo; Castro de Abaixo; X-08 Castro de Abaixo",
        "municipality": "Narón",
        "parish": "",
        "place": "",
        "scope": "trasancos_estricto",
        "ga_code": "TO15054003",
        "record_type": "official_reference_or_toponym",
        "confidence": "medium",
        "source_tier": "official_reference",
        "conservation_state": "desconocido",
        "coord_status": "point_from_source",
        "coord_source": "PXOM Narón 2023/2024",
        "dataset_use": "review_only",
        "split": "review_only",
        "needs_review": "",
        "sources": "PXOM Narón 2023/2024; PXOM Narón 2023/2024, índice y fichas arqueológicas",
        "urls": "https://pxom.naron.gal/08.CAT/15054_PXOM_202310_AI_CAT_02F/15054_PXOM_202310_AI_CAT_02F_01ARQ_X-08_signed_signed.pdf",
        "notes": "en PXOM como toponímico/castro; revisar código"
      }
    },
    {
      "type": "Feature",
      "geometry": {
        "type": "Point",
        "coordinates": [
          -8.220563263,
          43.5670521272
        ]
      },
      "properties": {
        "site_id": "tra-naron-vilasuso",
        "primary_name": "Castro de Vilasuso",
        "aliases": "Castro de Vilasuso; Vilasuso",
        "municipality": "Narón",
        "parish": "Santa María Maior do Val",
        "place": "",
        "scope": "trasancos_estricto",
        "ga_code": "GA150054001",
        "record_type": "classical_catalog_reference",
        "confidence": "medium_low",
        "source_tier": "classical_secondary_catalog",
        "conservation_state": "Regular",
        "coord_status": "point_from_source",
        "coord_source": "Patrimonio Galego",
        "dataset_use": "positive_o_val_holdout",
        "split": "test_o_val",
        "needs_review": "",
        "sources": "André Pena Graña, Narón un concello con historia de seu I, edición Calaméo 2010, lista Catalogación de Castros de Galicia; Artabro; Galipedia; Patrimonio Galego",
        "urls": "http://www.artabro.es/node39.html; https://gl.wikipedia.org/wiki/Castro_de_Vilasuso; https://patrimoniogalego.net/index.php/88333/2016/08/castro-de-vilasuso/; https://www.calameo.com/books/00129295754f931ea1d4a",
        "notes": "Entrada de la lista clásica Pena/Calaméo pendiente de reconciliación con catálogo oficial. | 3 coordenadas candidatas en fuentes; se eligió Patrimonio Galego por prioridad."
      }
    },
    {
      "type": "Feature",
      "geometry": {
        "type": "Point",
        "coordinates": [
          -8.119386158444957,
          43.54320222325618
        ]
      },
      "properties": {
        "site_id": "tra-naron-x-05-castro-da-pereiruga",
        "primary_name": "X-05 Castro da Pereiruga",
        "aliases": "Castro da Pereiruga; Castro de Pereiruga; Pereiruga; X-05 Castro da Pereiruga",
        "municipality": "Narón",
        "parish": "Pedroso",
        "place": "",
        "scope": "trasancos_estricto",
        "ga_code": "GA15054016",
        "record_type": "official_uncoded_castro",
        "confidence": "medium_high",
        "source_tier": "official_catalog_uncoded",
        "conservation_state": "desconocido",
        "coord_status": "point_from_source",
        "coord_source": "PXOM Narón 2023/2024",
        "dataset_use": "test_positive_candidate",
        "split": "test",
        "needs_review": "",
        "sources": "André Pena Graña, Narón un concello con historia de seu I, edición Calaméo 2010, lista Catalogación de Castros de Galicia; Artabro; Galipedia; PXOM Narón 2023/2024; PXOM Narón 2023/2024, índice y fichas arqueológicas",
        "urls": "http://www.artabro.es/node62.html; https://gl.wikipedia.org/wiki/Castro_de_Pereiruga; https://pxom.naron.gal/08.CAT/15054_PXOM_202310_AI_CAT_02F/15054_PXOM_202310_AI_CAT_02F_01ARQ_X-05_signed_signed.pdf; https://www.calameo.com/books/00129295754f931ea1d4a",
        "notes": "Presente en lista clásica Pena/Calaméo nº 24. | 3 coordenadas candidatas en fuentes; se eligió PXOM Narón 2023/2024 por prioridad."
      }
    },
    {
      "type": "Feature",
      "geometry": {
        "type": "Point",
        "coordinates": [
          -8.157070665184717,
          43.539272324398965
        ]
      },
      "properties": {
        "site_id": "tra-naron-x-06-castro-da-revolta",
        "primary_name": "X-06 Castro da Revolta",
        "aliases": "A Revolta; Castro da Revolta; Castro de Revolta; Revolta; X-06 Castro da Revolta",
        "municipality": "Narón",
        "parish": "Sedes",
        "place": "A Revolta",
        "scope": "trasancos_estricto",
        "ga_code": "GA15054008",
        "record_type": "official_uncoded_castro",
        "confidence": "medium_high",
        "source_tier": "official_catalog_uncoded",
        "conservation_state": "desconocido",
        "coord_status": "point_from_source",
        "coord_source": "PXOM Narón 2023/2024",
        "dataset_use": "test_positive_candidate",
        "split": "test",
        "needs_review": "",
        "sources": "André Pena Graña, Narón un concello con historia de seu I, edición Calaméo 2010, lista Catalogación de Castros de Galicia; Artabro; Galipedia; PXOM Narón 2023/2024; PXOM Narón 2023/2024, índice y fichas arqueológicas",
        "urls": "http://www.artabro.es/node34.html; https://gl.wikipedia.org/wiki/Castro_da_Revolta; https://pxom.naron.gal/08.CAT/15054_PXOM_202310_AI_CAT_02F/15054_PXOM_202310_AI_CAT_02F_01ARQ_X-06_signed_signed.pdf; https://www.calameo.com/books/00129295754f931ea1d4a",
        "notes": "Presente en lista clásica Pena/Calaméo nº 17. | 3 coordenadas candidatas en fuentes; se eligió PXOM Narón 2023/2024 por prioridad."
      }
    },
    {
      "type": "Feature",
      "geometry": {
        "type": "Point",
        "coordinates": [
          -8.103863144548544,
          43.51985078435882
        ]
      },
      "properties": {
        "site_id": "tra-naron-x-48-castro-do-ramo",
        "primary_name": "X-48 Castro do Ramo",
        "aliases": "Castro d o Ram o; X-48 Castro do Ramo",
        "municipality": "Narón",
        "parish": "",
        "place": "",
        "scope": "trasancos_estricto",
        "ga_code": "",
        "record_type": "official_uncoded_castro",
        "confidence": "medium_high",
        "source_tier": "official_catalog_uncoded",
        "conservation_state": "desconocido",
        "coord_status": "point_from_source",
        "coord_source": "PXOM Narón 2023/2024",
        "dataset_use": "test_positive_candidate",
        "split": "test",
        "needs_review": "",
        "sources": "PXOM Narón 2023/2024; PXOM Narón 2023/2024, índice y fichas arqueológicas",
        "urls": "https://pxom.naron.gal/08.CAT/15054_PXOM_202310_AI_CAT_02F/15054_PXOM_202310_AI_CAT_02F_01ARQ_X-48_signed_signed.pdf",
        "notes": "en trámite según índice PXOM"
      }
    },
    {
      "type": "Feature",
      "geometry": {
        "type": "Point",
        "coordinates": [
          -8.238248345821631,
          43.55349236342313
        ]
      },
      "properties": {
        "site_id": "tra-naron-x-50-cercado-neolitico-da-lagoa-pena-grande",
        "primary_name": "X-50 Cercado neolítico da Lagoa / Pena Grande",
        "aliases": "Castro de Pena Grande; Cercado neolítico da Lagoa; Cercado neolítico da Lagoa/ Pena Grande; Pena Grande; X-50 Cercado neolítico da Lagoa; X-50 Cercado neolítico da Lagoa / Pena Grande",
        "municipality": "Narón",
        "parish": "O Val",
        "place": "Pena Grande",
        "scope": "trasancos_estricto",
        "ga_code": "",
        "record_type": "conflict_neolithic_or_castro",
        "confidence": "medium",
        "source_tier": "official_catalog_conflict",
        "conservation_state": "desconocido",
        "coord_status": "point_from_source",
        "coord_source": "PXOM Narón 2023/2024",
        "dataset_use": "review_only",
        "split": "review_only",
        "needs_review": "",
        "sources": "Artabro; PXOM Narón 2023/2024; PXOM Narón 2023/2024, índice y fichas arqueológicas",
        "urls": "http://www.artabro.es/node65.html; https://pxom.naron.gal/08.CAT/15054_PXOM_202310_AI_CAT_02F/15054_PXOM_202310_AI_CAT_02F_01ARQ_X-50_signed_signed.pdf",
        "notes": "Pena Grande/Lagoa: no usar como positivo hasta resolver castro vs cercado neolítico. | no tratar automáticamente como castro; caso conflictivo | 2 coordenadas candidatas en fuentes; se eligió PXOM Narón 2023/2024 por prioridad."
      }
    },
    {
      "type": "Feature",
      "geometry": {
        "type": "Point",
        "coordinates": [
          -8.14037,
          43.52196
        ]
      },
      "properties": {
        "site_id": "tra-neda-castro-de-ancos",
        "primary_name": "Castro de Ancos",
        "aliases": "Alto de Ancos; Ancos; Castro de Ancos; Monte Ancos",
        "municipality": "Neda",
        "parish": "Santa María de Neda",
        "place": "Alto de Ancos",
        "scope": "trasancos_estricto",
        "ga_code": "",
        "record_type": "official_uncoded_castro",
        "confidence": "medium_high",
        "source_tier": "official_catalog_uncoded",
        "conservation_state": "desconocido",
        "coord_status": "point_from_source",
        "coord_source": "Galipedia",
        "dataset_use": "train_positive_candidate",
        "split": "train",
        "needs_review": "",
        "sources": "André Pena Graña, Narón un concello con historia de seu I, edición Calaméo 2010, lista Catalogación de Castros de Galicia; Galipedia; NNSS Neda / SIOTUGA y Plan Sectorial 2014",
        "urls": "https://gl.wikipedia.org/wiki/Castro_de_Ancos; https://siotuga.xunta.gal/siotuga/documentos/urbanismo/NEDA/documents/0242ca004.pdf; https://www.calameo.com/books/00129295754f931ea1d4a",
        "notes": "catálogo NNSS Neda, ficha 42 | Presente en lista clásica Pena/Calaméo nº 46."
      }
    },
    {
      "type": "Feature",
      "geometry": {
        "type": "Point",
        "coordinates": [
          -8.1200803,
          43.4851952
        ]
      },
      "properties": {
        "site_id": "tra-neda-castro-de-viladonelle",
        "primary_name": "Castro de Viladonelle",
        "aliases": "Castro de Viladonelle; Monte da Croa; San Andrés de Viladonelle; Viladonelle",
        "municipality": "Neda",
        "parish": "Viladonelle",
        "place": "Monte da Croa",
        "scope": "trasancos_estricto",
        "ga_code": "",
        "record_type": "official_uncoded_castro",
        "confidence": "medium_high",
        "source_tier": "official_catalog_uncoded",
        "conservation_state": "desconocido",
        "coord_status": "point_from_source",
        "coord_source": "Galipedia",
        "dataset_use": "train_positive_candidate",
        "split": "train",
        "needs_review": "",
        "sources": "André Pena Graña, Narón un concello con historia de seu I, edición Calaméo 2010, lista Catalogación de Castros de Galicia; Galipedia; NNSS Neda / SIOTUGA y Plan Sectorial 2014",
        "urls": "https://gl.wikipedia.org/wiki/Castro_de_Viladonelle; https://siotuga.xunta.gal/siotuga/documentos/urbanismo/NEDA/documents/0242ca004.pdf; https://www.calameo.com/books/00129295754f931ea1d4a",
        "notes": "catálogo NNSS Neda, ficha 43 | Presente en lista clásica Pena/Calaméo nº 47."
      }
    },
    {
      "type": "Feature",
      "geometry": {
        "type": "Point",
        "coordinates": [
          -8.17839893729,
          43.5014057386
        ]
      },
      "properties": {
        "site_id": "tra-neda-ga150554006",
        "primary_name": "Castro do Petouzal",
        "aliases": "Castro do Petouzal; Petouzal",
        "municipality": "Neda",
        "parish": "O Couto",
        "place": "O Couto",
        "scope": "trasancos_estricto",
        "ga_code": "GA150554006",
        "record_type": "web_catalog_candidate",
        "confidence": "medium",
        "source_tier": "collaborative_catalog",
        "conservation_state": "Regular",
        "coord_status": "point_from_source",
        "coord_source": "Patrimonio Galego",
        "dataset_use": "review_only",
        "split": "review_only",
        "needs_review": "Reconciliar manualmente antes de usar como positivo fuerte.",
        "sources": "Patrimonio Galego",
        "urls": "https://patrimoniogalego.net/index.php/88357/2016/08/castro-do-petouzal/",
        "notes": "Candidato procedente de catálogo web no reconciliado con la tabla oficial normalizada."
      }
    },
    {
      "type": "Feature",
      "geometry": {
        "type": "Point",
        "coordinates": [
          -8.0346941,
          43.5467959
        ]
      },
      "properties": {
        "site_id": "tra-san-sadurnino-castro-da-croa-do-redo",
        "primary_name": "Castro da Croa do Redo",
        "aliases": "A Croa do Redo; A Croa do Redo; Pico do Redo; Redo; Castro da Croa do Redo; Croa do Redo; Fálame de San Sadurniño - Castro do Redo; Lugar de Redo; Pico do Redo; Redo",
        "municipality": "San Sadurniño",
        "parish": "Lamas",
        "place": "Lugar de Redo",
        "scope": "trasancos_estricto",
        "ga_code": "GA15076008",
        "record_type": "official_uncoded_castro",
        "confidence": "medium_high",
        "source_tier": "official_catalog_uncoded",
        "conservation_state": "desconocido",
        "coord_status": "point_from_source",
        "coord_source": "Galipedia",
        "dataset_use": "val_positive_candidate",
        "split": "val",
        "needs_review": "",
        "sources": "André Pena Graña, Narón un concello con historia de seu I, edición Calaméo 2010, lista Catalogación de Castros de Galicia; Fálame de San Sadurniño; Fálame/Galipedia/O Noso Patrimonio; Galipedia; NNSS San Sadurniño / SIOTUGA, catálogo complementario",
        "urls": "http://www.falamedesansadurnino.org/imaxe/castro-do-redo/; https://falamedesansadurnino.org/imaxe/castro-do-redo/; https://gl.wikipedia.org/wiki/Castro_da_Croa_do_Redo; https://siotuga.xunta.gal/siotuga/documentos/urbanismo/SANSADURNINO/documents/0355ca001.pdf; https://www.calameo.com/books/00129295754f931ea1d4a; https://www.falamedesansadurnino.org/imaxe/castro-do-redo/",
        "notes": "OCR lee Retío; Fálame/Galipedia leen Redo | Presente en lista clásica Pena/Calaméo nº 73. | parte del sistema de cinco castros del Val do Xuvia"
      }
    },
    {
      "type": "Feature",
      "geometry": {
        "type": "Point",
        "coordinates": [
          -8.08040293983,
          43.537040918
        ]
      },
      "properties": {
        "site_id": "tra-san-sadurnino-castro-da-croa-ou-castro-de-rupiallo",
        "primary_name": "Castro da Croa ou Castro de Rupiallo",
        "aliases": "A Croa; Castro da Croa; Castro da Croa ou Castro de Rupiallo; Castro de Rupiallo; Croa ou Castro de Rupiallo; Fálame de San Sadurniño - Castro de Rupiallo; Lugar de Rupiallo; Rupiallo",
        "municipality": "San Sadurniño",
        "parish": "San Sadurniño",
        "place": "Lugar de Rupiallo",
        "scope": "trasancos_estricto",
        "ga_code": "GA15076009",
        "record_type": "official_uncoded_castro",
        "confidence": "medium_high",
        "source_tier": "official_catalog_uncoded",
        "conservation_state": "Regular",
        "coord_status": "point_from_source",
        "coord_source": "Patrimonio Galego",
        "dataset_use": "val_positive_candidate",
        "split": "val",
        "needs_review": "",
        "sources": "Fálame de San Sadurniño; Fálame/Galipedia/O Noso Patrimonio; Galipedia; NNSS San Sadurniño / SIOTUGA, catálogo complementario; Patrimonio Galego",
        "urls": "http://www.falamedesansadurnino.org/imaxe/castro-de-rupiallo/; https://falamedesansadurnino.org/imaxe/castro-de-rupiallo/; https://gl.wikipedia.org/wiki/Castro_de_Rupiallo; https://patrimoniogalego.net/index.php/98903/2018/02/castro-de-rupiallo/; https://siotuga.xunta.gal/siotuga/documentos/urbanismo/SANSADURNINO/documents/0355ca001.pdf; https://www.falamedesansadurnino.org/imaxe/castro-de-rupiallo/",
        "notes": "catálogo NNSS San Sadurniño | flanco suroeste del sistema; junto a A Portela | 2 coordenadas candidatas en fuentes; se eligió Patrimonio Galego por prioridad."
      }
    },
    {
      "type": "Feature",
      "geometry": {
        "type": "Point",
        "coordinates": [
          -8.0751767,
          43.5836875
        ]
      },
      "properties": {
        "site_id": "tra-san-sadurnino-castro-de-castrelo",
        "primary_name": "Castro de Castrelo",
        "aliases": "Castrelo; Castrelo (San Sadurniño; Castro de Castrelo; Castro de Castrelo (San Sadurniño; Fálame de San Sadurniño - Castro de Castrelo; Lugar de Castrelo; O Castro; O Castro ou Castrelo; Penacastrelo",
        "municipality": "San Sadurniño",
        "parish": "Monte",
        "place": "Lugar de Castrelo",
        "scope": "trasancos_estricto",
        "ga_code": "GA15076003",
        "record_type": "official_uncoded_castro",
        "confidence": "medium_high",
        "source_tier": "official_catalog_uncoded",
        "conservation_state": "desconocido",
        "coord_status": "point_from_source",
        "coord_source": "Galipedia",
        "dataset_use": "val_positive_candidate",
        "split": "val",
        "needs_review": "",
        "sources": "André Pena Graña, Narón un concello con historia de seu I, edición Calaméo 2010, lista Catalogación de Castros de Galicia; Fálame de San Sadurniño; Fálame/Galipedia/O Noso Patrimonio; Galipedia; NNSS San Sadurniño / SIOTUGA, catálogo complementario",
        "urls": "http://www.falamedesansadurnino.org/imaxe/castro-de-castrelo/; https://falamedesansadurnino.org/imaxe/castro-de-castrelo/; https://gl.wikipedia.org/wiki/Castro_de_Castrelo_(San_Sadurni%C3%B1o); https://gl.wikipedia.org/wiki/Castros_da_provincia_da_Coru%C3%B1a; https://siotuga.xunta.gal/siotuga/documentos/urbanismo/SANSADURNINO/documents/0355ca001.pdf; https://www.calameo.com/books/00129295754f931ea1d4a; https://www.falamedesansadurnino.org/imaxe/castro-de-castrelo/",
        "notes": "catálogo NNSS San Sadurniño | Presente en lista clásica Pena/Calaméo nº 69. | Presente en lista clásica Pena/Calaméo nº 70. | apoyo norte; deteriorado; fuente en Fálame y Ateneo 1987 | solo pista nominal Galipedia/O Noso Patrimonio; confirmar"
      }
    },
    {
      "type": "Feature",
      "geometry": {
        "type": "Point",
        "coordinates": [
          -8.042156,
          43.5411539
        ]
      },
      "properties": {
        "site_id": "tra-san-sadurnino-castro-de-croas-de-ramil",
        "primary_name": "Castro de Croas de Ramil",
        "aliases": "As Croas de Ramil; Castro de Croas de Ramil; Croas de Ramil; Lugar de Ramil; Ramil",
        "municipality": "San Sadurniño",
        "parish": "Lamas",
        "place": "Lugar de Ramil",
        "scope": "trasancos_estricto",
        "ga_code": "",
        "record_type": "official_uncoded_castro",
        "confidence": "medium_high",
        "source_tier": "official_catalog_uncoded",
        "conservation_state": "desconocido",
        "coord_status": "point_from_source",
        "coord_source": "Galipedia",
        "dataset_use": "val_positive_candidate",
        "split": "val",
        "needs_review": "",
        "sources": "André Pena Graña, Narón un concello con historia de seu I, edición Calaméo 2010, lista Catalogación de Castros de Galicia; Fálame/Galipedia/O Noso Patrimonio; Galipedia; NNSS San Sadurniño / SIOTUGA, catálogo complementario",
        "urls": "https://gl.wikipedia.org/wiki/Castro_de_Croas_de_Ramil; https://siotuga.xunta.gal/siotuga/documentos/urbanismo/SANSADURNINO/documents/0355ca001.pdf; https://www.calameo.com/books/00129295754f931ea1d4a; https://www.falamedesansadurnino.org/tag/castros",
        "notes": "catálogo NNSS San Sadurniño | Presente en lista clásica Pena/Calaméo nº 72. | flanco sureste del sistema según Fálame"
      }
    },
    {
      "type": "Feature",
      "geometry": {
        "type": "Point",
        "coordinates": [
          -8.05528845726,
          43.5434647408
        ]
      },
      "properties": {
        "site_id": "tra-san-sadurnino-castro-de-riboira",
        "primary_name": "Castro de Riboira",
        "aliases": "Castro de Riboira; Fálame de San Sadurniño - O castro de Riboira; Lugar de Riboira; O castro de Riboira; Riboira",
        "municipality": "San Sadurniño",
        "parish": "Lamas",
        "place": "Lugar de Riboira",
        "scope": "trasancos_estricto",
        "ga_code": "GA15076007",
        "record_type": "official_uncoded_castro",
        "confidence": "medium_high",
        "source_tier": "official_catalog_uncoded",
        "conservation_state": "Regular",
        "coord_status": "point_from_source",
        "coord_source": "Patrimonio Galego",
        "dataset_use": "val_positive_candidate",
        "split": "val",
        "needs_review": "",
        "sources": "André Pena Graña, Narón un concello con historia de seu I, edición Calaméo 2010, lista Catalogación de Castros de Galicia; Fálame de San Sadurniño; Fálame/Galipedia/O Noso Patrimonio; Galipedia; NNSS San Sadurniño / SIOTUGA, catálogo complementario; Patrimonio Galego",
        "urls": "http://www.falamedesansadurnino.org/imaxe/o-castro-de-riboira/; https://falamedesansadurnino.org/imaxe/o-castro-de-riboira/; https://gl.wikipedia.org/wiki/Castro_de_Riboira; https://patrimoniogalego.net/index.php/98990/2018/03/castro-de-riboira/; https://siotuga.xunta.gal/siotuga/documentos/urbanismo/SANSADURNINO/documents/0355ca001.pdf; https://www.calameo.com/books/00129295754f931ea1d4a; https://www.falamedesansadurnino.org/imaxe/o-castro-de-riboira/",
        "notes": "catálogo NNSS San Sadurniño | Presente en lista clásica Pena/Calaméo nº 67. | parte del sistema de cinco castros del Val do Xuvia | 2 coordenadas candidatas en fuentes; se eligió Patrimonio Galego por prioridad."
      }
    },
    {
      "type": "Feature",
      "geometry": {
        "type": "Point",
        "coordinates": [
          -8.0330311,
          43.5778546
        ]
      },
      "properties": {
        "site_id": "tra-san-sadurnino-coto-da-croa-ou-a-croa-do-castro-2",
        "primary_name": "Coto da Croa ou A Croa do Castro",
        "aliases": "A Croa do Castro; Coto da Croa; Coto da Croa ou A Croa do Castro; Lugar de Castrelo",
        "municipality": "San Sadurniño",
        "parish": "Monte",
        "place": "Lugar de Castrelo",
        "scope": "trasancos_estricto",
        "ga_code": "",
        "record_type": "official_uncoded_castro",
        "confidence": "medium_high",
        "source_tier": "official_catalog_uncoded",
        "conservation_state": "desconocido",
        "coord_status": "point_from_source",
        "coord_source": "Galipedia",
        "dataset_use": "val_positive_candidate",
        "split": "val",
        "needs_review": "",
        "sources": "NNSS San Sadurniño / SIOTUGA, catálogo complementario",
        "urls": "https://siotuga.xunta.gal/siotuga/documentos/urbanismo/SANSADURNINO/documents/0355ca001.pdf",
        "notes": "posible Escoitadoira/A Croa do Castro; distinguir de Bardaos"
      }
    },
    {
      "type": "Feature",
      "geometry": {
        "type": "Point",
        "coordinates": [
          -8.87574911118,
          43.2720599212
        ]
      },
      "properties": {
        "site_id": "tra-san-sadurnino-cruceiro-do-castro-de-cores",
        "primary_name": "Cruceiro do Castro de Cores",
        "aliases": "Cruceiro do Castro de Cores",
        "municipality": "San Sadurniño",
        "parish": "Cores (San Martiño)",
        "place": "O Castro",
        "scope": "trasancos_estricto",
        "ga_code": "",
        "record_type": "web_catalog_candidate",
        "confidence": "medium",
        "source_tier": "collaborative_catalog",
        "conservation_state": "Bo",
        "coord_status": "point_from_source",
        "coord_source": "Patrimonio Galego",
        "dataset_use": "review_only",
        "split": "review_only",
        "needs_review": "Reconciliar manualmente antes de usar como positivo fuerte.",
        "sources": "Patrimonio Galego",
        "urls": "https://patrimoniogalego.net/index.php/64290/2014/09/cruceiro-do-castro-de-cores/",
        "notes": "Candidato procedente de catálogo web no reconciliado con la tabla oficial normalizada."
      }
    },
    {
      "type": "Feature",
      "geometry": {
        "type": "Point",
        "coordinates": [
          -8.06102514267,
          43.4940184029
        ]
      },
      "properties": {
        "site_id": "tra-san-sadurnino-fervenza-do-rio-castro",
        "primary_name": "Fervenza do río Castro",
        "aliases": "Fervenza do río Castro",
        "municipality": "San Sadurniño",
        "parish": "Santa María de Narahío",
        "place": "Castelo-Narahío",
        "scope": "trasancos_estricto",
        "ga_code": "",
        "record_type": "web_catalog_candidate",
        "confidence": "medium",
        "source_tier": "collaborative_catalog",
        "conservation_state": "Moi bo",
        "coord_status": "point_from_source",
        "coord_source": "Patrimonio Galego",
        "dataset_use": "review_only",
        "split": "review_only",
        "needs_review": "Reconciliar manualmente antes de usar como positivo fuerte.",
        "sources": "Patrimonio Galego",
        "urls": "https://patrimoniogalego.net/index.php/57242/2014/03/fervenza-do-rio-castro/",
        "notes": "Candidato procedente de catálogo web no reconciliado con la tabla oficial normalizada."
      }
    },
    {
      "type": "Feature",
      "geometry": {
        "type": "Point",
        "coordinates": [
          -8.0653383,
          43.5434675
        ]
      },
      "properties": {
        "site_id": "tra-san-sadurnino-ga15076006",
        "primary_name": "Castro de San Sadurniño",
        "aliases": "As Croas; Castro de San Sadurniño; Croa do Castro; Croa do Castro; As Croas; Fálame de San Sadurniño - Castro da Escoitadoira; Fálame de San Sadurniño - O castro de Bardaos; Fálame de San Sadurniño - O castro de San Sadurniño; San Sadurniño",
        "municipality": "San Sadurniño",
        "parish": "Lamas / Carballo",
        "place": "",
        "scope": "trasancos_estricto",
        "ga_code": "GA15076006",
        "record_type": "toponymic_candidate",
        "confidence": "low",
        "source_tier": "local_toponymic_hint",
        "conservation_state": "desconocido",
        "coord_status": "point_from_source",
        "coord_source": "Galipedia",
        "dataset_use": "review_only",
        "split": "review_only",
        "needs_review": "Contrastar con PXOM/Xunta antes de usar como positivo.",
        "sources": "Fálame de San Sadurniño; Fálame/Galipedia/O Noso Patrimonio; Galipedia",
        "urls": "http://www.falamedesansadurnino.org/imaxe/o-castro-de-bardaos/; http://www.falamedesansadurnino.org/imaxe/o-castro-de-san-sadurnino//; https://falamedesansadurnino.org/imaxe/castro-da-escoitadoira/; https://falamedesansadurnino.org/imaxe/o-castro-de-bardaos/; https://falamedesansadurnino.org/imaxe/o-castro-de-san-sadurnino/; https://gl.wikipedia.org/wiki/Castro_de_San_Sadurni%C3%B1o; https://www.falamedesansadurnino.org/imaxe/castro-da-escoitadoira/; https://www.falamedesansadurnino.org/imaxe/o-castro-de-bardaos/; https://www.falamedesansadurnino.org/imaxe/o-castro-de-san-sadurnino/",
        "notes": "central del sistema del Val do Xuvia; torque de oro, fíbulas, cerámica, muros; tradición Loureana"
      }
    },
    {
      "type": "Feature",
      "geometry": {
        "type": "Point",
        "coordinates": [
          -8.091307,
          43.660661
        ]
      },
      "properties": {
        "site_id": "tra-valdovino-castro-de-punta-castrelo",
        "primary_name": "Castro de Punta Castrelo",
        "aliases": "Castro de Punta Castrelo; Punta Castrelo",
        "municipality": "Valdoviño",
        "parish": "Santiago de Pantín",
        "place": "Punta Castrelo",
        "scope": "trasancos_estricto",
        "ga_code": "",
        "record_type": "web_catalog_candidate",
        "confidence": "medium",
        "source_tier": "local_catalog",
        "conservation_state": "desconocido",
        "coord_status": "point_from_source",
        "coord_source": "Artabro",
        "dataset_use": "review_only",
        "split": "review_only",
        "needs_review": "Reconciliar manualmente antes de usar como positivo fuerte.",
        "sources": "Artabro",
        "urls": "http://www.artabro.es/node67.html",
        "notes": "Candidato procedente de catálogo web no reconciliado con la tabla oficial normalizada."
      }
    },
    {
      "type": "Feature",
      "geometry": {
        "type": "Point",
        "coordinates": [
          -8.1477,
          43.6225
        ]
      },
      "properties": {
        "site_id": "tra-valdovino-castro-de-punta-do-bico",
        "primary_name": "Castro de Punta do Bico",
        "aliases": "Castro de Punta do Bico; Punta do Bico",
        "municipality": "Valdoviño",
        "parish": "Sta. Eulalia de Valdoviñ",
        "place": "Punta do Bico",
        "scope": "trasancos_estricto",
        "ga_code": "",
        "record_type": "web_catalog_candidate",
        "confidence": "medium",
        "source_tier": "local_catalog",
        "conservation_state": "desconocido",
        "coord_status": "point_from_source",
        "coord_source": "Artabro",
        "dataset_use": "review_only",
        "split": "review_only",
        "needs_review": "Reconciliar manualmente antes de usar como positivo fuerte.",
        "sources": "Artabro",
        "urls": "http://www.artabro.es/node64.html",
        "notes": "Candidato procedente de catálogo web no reconciliado con la tabla oficial normalizada."
      }
    },
    {
      "type": "Feature",
      "geometry": {
        "type": "Point",
        "coordinates": [
          -8.110555,
          43.644166
        ]
      },
      "properties": {
        "site_id": "tra-valdovino-castro-de-rodo",
        "primary_name": "Castro de Rodo",
        "aliases": "Castro de Rodo; Rodo",
        "municipality": "Valdoviño",
        "parish": "Santiago de Pantín",
        "place": "Chao da Gabeira, Porto Carrizo",
        "scope": "trasancos_estricto",
        "ga_code": "",
        "record_type": "web_catalog_candidate",
        "confidence": "medium",
        "source_tier": "local_catalog",
        "conservation_state": "desconocido",
        "coord_status": "point_from_source",
        "coord_source": "Artabro",
        "dataset_use": "review_only",
        "split": "review_only",
        "needs_review": "Reconciliar manualmente antes de usar como positivo fuerte.",
        "sources": "Artabro",
        "urls": "http://www.artabro.es/node51.html",
        "notes": "Candidato procedente de catálogo web no reconciliado con la tabla oficial normalizada."
      }
    },
    {
      "type": "Feature",
      "geometry": {
        "type": "Point",
        "coordinates": [
          -8.18717,
          43.59203
        ]
      },
      "properties": {
        "site_id": "tra-valdovino-castro-de-santo-tomas",
        "primary_name": "Castro de Santo Tomás",
        "aliases": "Castro de Santo Tomás; Santo Tomás",
        "municipality": "Valdoviño",
        "parish": "",
        "place": "",
        "scope": "trasancos_estricto",
        "ga_code": "",
        "record_type": "web_catalog_candidate",
        "confidence": "medium_low",
        "source_tier": "wikimedia_category",
        "conservation_state": "desconocido",
        "coord_status": "point_from_source",
        "coord_source": "Galipedia",
        "dataset_use": "review_only",
        "split": "review_only",
        "needs_review": "Reconciliar manualmente antes de usar como positivo fuerte.",
        "sources": "Galipedia",
        "urls": "https://gl.wikipedia.org/wiki/Castro_de_Santo_Tom%C3%A1s",
        "notes": "Candidato procedente de catálogo web no reconciliado con la tabla oficial normalizada."
      }
    },
    {
      "type": "Feature",
      "geometry": {
        "type": "Point",
        "coordinates": [
          -8.066111,
          43.626111
        ]
      },
      "properties": {
        "site_id": "tra-valdovino-castro-de-villarrube",
        "primary_name": "Castro de Villarrube",
        "aliases": "Castro de Villarrube; Villarrube",
        "municipality": "Valdoviño",
        "parish": "S. Martín de Villarrube",
        "place": "Coto del castro",
        "scope": "trasancos_estricto",
        "ga_code": "",
        "record_type": "web_catalog_candidate",
        "confidence": "medium",
        "source_tier": "local_catalog",
        "conservation_state": "desconocido",
        "coord_status": "point_from_source",
        "coord_source": "Artabro",
        "dataset_use": "review_only",
        "split": "review_only",
        "needs_review": "Reconciliar manualmente antes de usar como positivo fuerte.",
        "sources": "Artabro",
        "urls": "http://www.artabro.es/node48.html",
        "notes": "Candidato procedente de catálogo web no reconciliado con la tabla oficial normalizada."
      }
    },
    {
      "type": "Feature",
      "geometry": {
        "type": "Point",
        "coordinates": [
          -8.086944,
          43.636944
        ]
      },
      "properties": {
        "site_id": "tra-valdovino-fradigas",
        "primary_name": "Castro de Frádigas",
        "aliases": "Castro de Frádigas; Frádigas",
        "municipality": "Valdoviño",
        "parish": "Santiago de Pantín",
        "place": "",
        "scope": "trasancos_estricto",
        "ga_code": "",
        "record_type": "classical_catalog_reference",
        "confidence": "medium_low",
        "source_tier": "classical_secondary_catalog",
        "conservation_state": "desconocido",
        "coord_status": "point_from_source",
        "coord_source": "Artabro",
        "dataset_use": "review_only",
        "split": "review_only",
        "needs_review": "",
        "sources": "André Pena Graña, Narón un concello con historia de seu I, edición Calaméo 2010, lista Catalogación de Castros de Galicia; Artabro; Galipedia",
        "urls": "http://www.artabro.es/node49.html; https://gl.wikipedia.org/wiki/Castro_de_Fr%C3%A1digas; https://www.calameo.com/books/00129295754f931ea1d4a",
        "notes": "Entrada de la lista clásica Pena/Calaméo pendiente de reconciliación con catálogo oficial. | 2 coordenadas candidatas en fuentes; se eligió Artabro por prioridad."
      }
    },
    {
      "type": "Feature",
      "geometry": {
        "type": "Point",
        "coordinates": [
          -8.198888,
          43.601666
        ]
      },
      "properties": {
        "site_id": "tra-valdovino-ga15087001",
        "primary_name": "Castro de Punta Taraza",
        "aliases": "Castro de Lavacerido; Castro de Punta Taraza; Lavacerido; Punta Taraza; Taraza",
        "municipality": "Valdoviño",
        "parish": "Meirás",
        "place": "Lavacerido",
        "scope": "trasancos_estricto",
        "ga_code": "GA15087001",
        "record_type": "official_castro",
        "confidence": "high",
        "source_tier": "official_catalog",
        "conservation_state": "desconocido",
        "coord_status": "point_from_source",
        "coord_source": "Artabro",
        "dataset_use": "train_positive_candidate",
        "split": "train",
        "needs_review": "",
        "sources": "André Pena Graña, Narón un concello con historia de seu I, edición Calaméo 2010, lista Catalogación de Castros de Galicia; Artabro; Concello de Valdoviño, Modificación Puntual nº 13, información patrimonial; Galipedia",
        "urls": "http://www.artabro.es/node59.html; https://gl.wikipedia.org/wiki/Castro_de_Lavacerido; https://www.calameo.com/books/00129295754f931ea1d4a; https://www.concellodevaldovino.com/arquivo/sites/all/themes/valbartik/doc/13/0102.pdf",
        "notes": "tabla ID_IPAGA 2021 | Presente en lista clásica Pena/Calaméo nº 52. | 2 coordenadas candidatas en fuentes; se eligió Artabro por prioridad."
      }
    },
    {
      "type": "Feature",
      "geometry": {
        "type": "Point",
        "coordinates": [
          -8.196388,
          43.575555
        ]
      },
      "properties": {
        "site_id": "tra-valdovino-ga15087002",
        "primary_name": "O Castrillón",
        "aliases": "Castrillón; Castro de Castrillón; O Castrillón; Riobó",
        "municipality": "Valdoviño",
        "parish": "Meirás",
        "place": "Riobó",
        "scope": "trasancos_estricto",
        "ga_code": "GA15087002",
        "record_type": "official_castro",
        "confidence": "high",
        "source_tier": "official_catalog",
        "conservation_state": "desconocido",
        "coord_status": "point_from_source",
        "coord_source": "Artabro",
        "dataset_use": "train_positive_candidate",
        "split": "train",
        "needs_review": "",
        "sources": "Artabro; Concello de Valdoviño, Modificación Puntual nº 13, información patrimonial; Galipedia",
        "urls": "http://www.artabro.es/node43.html; https://gl.wikipedia.org/wiki/Castro_de_Castrill%C3%B3n; https://www.concellodevaldovino.com/arquivo/sites/all/themes/valbartik/doc/13/0102.pdf",
        "notes": "tabla ID_IPAGA 2021 | 2 coordenadas candidatas en fuentes; se eligió Artabro por prioridad."
      }
    },
    {
      "type": "Feature",
      "geometry": {
        "type": "Point",
        "coordinates": [
          -8.119444,
          43.631666
        ]
      },
      "properties": {
        "site_id": "tra-valdovino-ga15087004",
        "primary_name": "Castro de Lagoa",
        "aliases": "Castro da Lagoa; Castro de Lago; Castro de Lagoa; Lago; Lagoa; O Castro",
        "municipality": "Valdoviño",
        "parish": "Pantín",
        "place": "O Castro",
        "scope": "trasancos_estricto",
        "ga_code": "GA15087004",
        "record_type": "official_castro",
        "confidence": "high",
        "source_tier": "official_catalog",
        "conservation_state": "desconocido",
        "coord_status": "point_from_source",
        "coord_source": "Artabro",
        "dataset_use": "train_positive_candidate",
        "split": "train",
        "needs_review": "",
        "sources": "Artabro; Concello de Valdoviño, Modificación Puntual nº 13, información patrimonial; Galipedia",
        "urls": "http://www.artabro.es/node53.html; http://www.artabro.es/node56.html; https://gl.wikipedia.org/wiki/Castro_da_Lagoa; https://gl.wikipedia.org/wiki/Castro_de_Lago; https://www.concellodevaldovino.com/arquivo/sites/all/themes/valbartik/doc/13/0102.pdf",
        "notes": "tabla ID_IPAGA 2021 | 4 coordenadas candidatas en fuentes; se eligió Artabro por prioridad."
      }
    },
    {
      "type": "Feature",
      "geometry": {
        "type": "Point",
        "coordinates": [
          -8.093611,
          43.639722
        ]
      },
      "properties": {
        "site_id": "tra-valdovino-ga15087005",
        "primary_name": "Os Castros",
        "aliases": "A Loira; Castro de Loira; Castro de Loiravella; Loira; Loiravella; Os Castros",
        "municipality": "Valdoviño",
        "parish": "Pantín",
        "place": "A Loira",
        "scope": "trasancos_estricto",
        "ga_code": "GA15087005",
        "record_type": "official_castro",
        "confidence": "high",
        "source_tier": "official_catalog",
        "conservation_state": "desconocido",
        "coord_status": "point_from_source",
        "coord_source": "Artabro",
        "dataset_use": "train_positive_candidate",
        "split": "train",
        "needs_review": "",
        "sources": "André Pena Graña, Narón un concello con historia de seu I, edición Calaméo 2010, lista Catalogación de Castros de Galicia; Artabro; Concello de Valdoviño, Modificación Puntual nº 13, información patrimonial; Galipedia",
        "urls": "http://www.artabro.es/node50.html; http://www.artabro.es/node66.html; https://gl.wikipedia.org/wiki/Castro_de_Loira; https://gl.wikipedia.org/wiki/Castro_de_Loiravella; https://www.calameo.com/books/00129295754f931ea1d4a; https://www.concellodevaldovino.com/arquivo/sites/all/themes/valbartik/doc/13/0102.pdf",
        "notes": "tabla ID_IPAGA 2021 | Presente en lista clásica Pena/Calaméo nº 55. | 4 coordenadas candidatas en fuentes; se eligió Artabro por prioridad."
      }
    },
    {
      "type": "Feature",
      "geometry": {
        "type": "Point",
        "coordinates": [
          -8.065986,
          43.626028
        ]
      },
      "properties": {
        "site_id": "tra-valdovino-ga15087006",
        "primary_name": "Castro de Vilarrube / Os Castros de Ferreirías",
        "aliases": "Castro de Vilarrube; Castro de Vilarrube / Os Castros de Ferreirías; Frádegas; Os Castros de Ferreirías; Vilarrube; Vilarrube / Os Castros de Ferreirías",
        "municipality": "Valdoviño",
        "parish": "Pantín",
        "place": "Frádegas",
        "scope": "trasancos_estricto",
        "ga_code": "GA15087006",
        "record_type": "official_castro",
        "confidence": "high",
        "source_tier": "official_catalog",
        "conservation_state": "desconocido",
        "coord_status": "point_from_source",
        "coord_source": "Galipedia",
        "dataset_use": "train_positive_candidate",
        "split": "train",
        "needs_review": "",
        "sources": "Concello de Valdoviño, Modificación Puntual nº 13, información patrimonial; Galipedia",
        "urls": "https://gl.wikipedia.org/wiki/Castro_de_Vilarrube; https://www.concellodevaldovino.com/arquivo/sites/all/themes/valbartik/doc/13/0102.pdf",
        "notes": "tabla ID_IPAGA 2021"
      }
    },
    {
      "type": "Feature",
      "geometry": {
        "type": "Point",
        "coordinates": [
          -8.098888,
          43.634166
        ]
      },
      "properties": {
        "site_id": "tra-valdovino-ga15087007",
        "primary_name": "Castro de Casianes",
        "aliases": "Casianes; Castro de Casianes",
        "municipality": "Valdoviño",
        "parish": "Pantín",
        "place": "Casianes",
        "scope": "trasancos_estricto",
        "ga_code": "GA15087007",
        "record_type": "official_castro",
        "confidence": "high",
        "source_tier": "official_catalog",
        "conservation_state": "Desaparecido",
        "coord_status": "point_from_source",
        "coord_source": "Artabro",
        "dataset_use": "positive_damaged_review",
        "split": "review_only",
        "needs_review": "",
        "sources": "André Pena Graña, Narón un concello con historia de seu I, edición Calaméo 2010, lista Catalogación de Castros de Galicia; Artabro; Concello de Valdoviño, Modificación Puntual nº 13, información patrimonial; Galipedia",
        "urls": "http://www.artabro.es/node52.html; https://gl.wikipedia.org/wiki/Castro_de_Casianes; https://www.calameo.com/books/00129295754f931ea1d4a; https://www.concellodevaldovino.com/arquivo/sites/all/themes/valbartik/doc/13/0102.pdf",
        "notes": "tabla ID_IPAGA 2021 | Presente en lista clásica Pena/Calaméo nº 54. | 2 coordenadas candidatas en fuentes; se eligió Artabro por prioridad."
      }
    },
    {
      "type": "Feature",
      "geometry": {
        "type": "Point",
        "coordinates": [
          -8.149004,
          43.61851
        ]
      },
      "properties": {
        "site_id": "tra-valdovino-ga15087009",
        "primary_name": "Castro de Punta Frouxeira",
        "aliases": "A Saíña; Castro da Frouxeira; Castro de Frouxeira; Castro de Punta Frouxeira; Frouxeira; Punta Frouxeira",
        "municipality": "Valdoviño",
        "parish": "Valdoviño",
        "place": "A Saíña",
        "scope": "trasancos_estricto",
        "ga_code": "GA15087009",
        "record_type": "official_castro",
        "confidence": "high",
        "source_tier": "official_catalog",
        "conservation_state": "desconocido",
        "coord_status": "point_from_source",
        "coord_source": "Artabro",
        "dataset_use": "train_positive_candidate",
        "split": "train",
        "needs_review": "",
        "sources": "Artabro; Concello de Valdoviño, Modificación Puntual nº 13, información patrimonial; Galipedia",
        "urls": "http://www.artabro.es/node54.html; https://gl.wikipedia.org/wiki/Castro_da_Frouxeira; https://www.concellodevaldovino.com/arquivo/sites/all/themes/valbartik/doc/13/0102.pdf",
        "notes": "tabla ID_IPAGA 2021 | 2 coordenadas candidatas en fuentes; se eligió Artabro por prioridad."
      }
    },
    {
      "type": "Feature",
      "geometry": {
        "type": "Point",
        "coordinates": [
          -8.142778,
          43.604165
        ]
      },
      "properties": {
        "site_id": "tra-valdovino-ga15087010",
        "primary_name": "Castro de Poulo",
        "aliases": "Castro de Poulo; Piñeiros; Poulo",
        "municipality": "Valdoviño",
        "parish": "Valdoviño",
        "place": "Piñeiros",
        "scope": "trasancos_estricto",
        "ga_code": "GA15087010",
        "record_type": "official_castro",
        "confidence": "high",
        "source_tier": "official_catalog",
        "conservation_state": "desconocido",
        "coord_status": "point_from_source",
        "coord_source": "Artabro",
        "dataset_use": "train_positive_candidate",
        "split": "train",
        "needs_review": "",
        "sources": "André Pena Graña, Narón un concello con historia de seu I, edición Calaméo 2010, lista Catalogación de Castros de Galicia; Artabro; Concello de Valdoviño, Modificación Puntual nº 13, información patrimonial; Galipedia",
        "urls": "http://www.artabro.es/node55.html; https://gl.wikipedia.org/wiki/Castro_de_Poulo; https://www.calameo.com/books/00129295754f931ea1d4a; https://www.concellodevaldovino.com/arquivo/sites/all/themes/valbartik/doc/13/0102.pdf",
        "notes": "tabla ID_IPAGA 2021 | Presente en lista clásica Pena/Calaméo nº 51. | 2 coordenadas candidatas en fuentes; se eligió Artabro por prioridad."
      }
    },
    {
      "type": "Feature",
      "geometry": {
        "type": "Point",
        "coordinates": [
          -8.093333,
          43.596388
        ]
      },
      "properties": {
        "site_id": "tra-valdovino-ga15087013",
        "primary_name": "Castro de Crecente",
        "aliases": "A Furada; Castro de Crecente; Crecente",
        "municipality": "Valdoviño",
        "parish": "Loira",
        "place": "A Furada",
        "scope": "trasancos_estricto",
        "ga_code": "GA15087013",
        "record_type": "official_castro",
        "confidence": "high",
        "source_tier": "official_catalog",
        "conservation_state": "desconocido",
        "coord_status": "point_from_source",
        "coord_source": "Artabro",
        "dataset_use": "train_positive_candidate",
        "split": "train",
        "needs_review": "",
        "sources": "André Pena Graña, Narón un concello con historia de seu I, edición Calaméo 2010, lista Catalogación de Castros de Galicia; Artabro; Concello de Valdoviño, Modificación Puntual nº 13, información patrimonial; Galipedia",
        "urls": "http://www.artabro.es/node46.html; https://gl.wikipedia.org/wiki/Castro_de_Crecente; https://www.calameo.com/books/00129295754f931ea1d4a; https://www.concellodevaldovino.com/arquivo/sites/all/themes/valbartik/doc/13/0102.pdf",
        "notes": "tabla ID_IPAGA 2021 | Presente en lista clásica Pena/Calaméo nº 50. | 2 coordenadas candidatas en fuentes; se eligió Artabro por prioridad."
      }
    },
    {
      "type": "Feature",
      "geometry": {
        "type": "Point",
        "coordinates": [
          -8.048055,
          43.598055
        ]
      },
      "properties": {
        "site_id": "tra-valdovino-ga15087014",
        "primary_name": "Castro de Vidueiros",
        "aliases": "Castro de Vidueiros; Morgadelle; Vidueiros",
        "municipality": "Valdoviño",
        "parish": "Vilaboa",
        "place": "Morgadelle",
        "scope": "trasancos_estricto",
        "ga_code": "GA15087014",
        "record_type": "official_castro",
        "confidence": "high",
        "source_tier": "official_catalog",
        "conservation_state": "desconocido",
        "coord_status": "point_from_source",
        "coord_source": "Artabro",
        "dataset_use": "train_positive_candidate",
        "split": "train",
        "needs_review": "",
        "sources": "André Pena Graña, Narón un concello con historia de seu I, edición Calaméo 2010, lista Catalogación de Castros de Galicia; Artabro; Concello de Valdoviño, Modificación Puntual nº 13, información patrimonial; Galipedia",
        "urls": "http://www.artabro.es/node47.html; https://gl.wikipedia.org/wiki/Castro_de_Vidueiros; https://www.calameo.com/books/00129295754f931ea1d4a; https://www.concellodevaldovino.com/arquivo/sites/all/themes/valbartik/doc/13/0102.pdf",
        "notes": "tabla ID_IPAGA 2021 | Presente en lista clásica Pena/Calaméo nº 56. | 2 coordenadas candidatas en fuentes; se eligió Artabro por prioridad."
      }
    },
    {
      "type": "Feature",
      "geometry": {
        "type": "Point",
        "coordinates": [
          -8.170056,
          43.575918
        ]
      },
      "properties": {
        "site_id": "tra-valdovino-ga15087015",
        "primary_name": "Castro de Lodeiro",
        "aliases": "Castro de Lodeiro; Lodeiro; O Lodeiro",
        "municipality": "Valdoviño",
        "parish": "O Sequeiro",
        "place": "O Lodeiro",
        "scope": "trasancos_estricto",
        "ga_code": "GA15087015",
        "record_type": "official_castro",
        "confidence": "high",
        "source_tier": "official_catalog",
        "conservation_state": "desconocido",
        "coord_status": "point_from_source",
        "coord_source": "Artabro",
        "dataset_use": "train_positive_candidate",
        "split": "train",
        "needs_review": "",
        "sources": "André Pena Graña, Narón un concello con historia de seu I, edición Calaméo 2010, lista Catalogación de Castros de Galicia; Artabro; Concello de Valdoviño, Modificación Puntual nº 13, información patrimonial; Galipedia",
        "urls": "http://www.artabro.es/node57.html; https://gl.wikipedia.org/wiki/Castro_de_Lodeiro; https://www.calameo.com/books/00129295754f931ea1d4a; https://www.concellodevaldovino.com/arquivo/sites/all/themes/valbartik/doc/13/0102.pdf",
        "notes": "tabla ID_IPAGA 2021 | Presente en lista clásica Pena/Calaméo nº 57. | 2 coordenadas candidatas en fuentes; se eligió Artabro por prioridad."
      }
    },
    {
      "type": "Feature",
      "geometry": {
        "type": "Point",
        "coordinates": [
          -8.175555,
          43.557222
        ]
      },
      "properties": {
        "site_id": "tra-valdovino-ga15087016",
        "primary_name": "Castro de Carreira de Abaixo",
        "aliases": "A Mata; Carreira; Carreira de Abaixo; Carreira de abaixo; Castro de Carreira; Castro de Carreira de Abaixo",
        "municipality": "Valdoviño",
        "parish": "O Sequeiro",
        "place": "A Mata",
        "scope": "trasancos_estricto",
        "ga_code": "GA15087016",
        "record_type": "official_castro",
        "confidence": "high",
        "source_tier": "official_catalog",
        "conservation_state": "desconocido",
        "coord_status": "point_from_source",
        "coord_source": "Artabro",
        "dataset_use": "train_positive_candidate",
        "split": "train",
        "needs_review": "",
        "sources": "André Pena Graña, Narón un concello con historia de seu I, edición Calaméo 2010, lista Catalogación de Castros de Galicia; Artabro; Concello de Valdoviño, Modificación Puntual nº 13, información patrimonial; Galipedia",
        "urls": "http://www.artabro.es/node44.html; https://gl.wikipedia.org/wiki/Castro_de_Carreira; https://www.calameo.com/books/00129295754f931ea1d4a; https://www.concellodevaldovino.com/arquivo/sites/all/themes/valbartik/doc/13/0102.pdf",
        "notes": "tabla ID_IPAGA 2021 | Presente en lista clásica Pena/Calaméo nº 64. | 2 coordenadas candidatas en fuentes; se eligió Artabro por prioridad."
      }
    },
    {
      "type": "Feature",
      "geometry": {
        "type": "Point",
        "coordinates": [
          -8.1875,
          43.592222
        ]
      },
      "properties": {
        "site_id": "tra-valdovino-ga15087020",
        "primary_name": "Zona arqueológica de la Iglesia y Castro Sto. Tomás de Taraza",
        "aliases": "Castro Sto. Tomás de Taraza; Castro de Sto. Tomás; Padín; Sto. Tomás; Zona arqueológica de la Iglesia; Zona arqueológica de la Iglesia y Castro Sto. Tomás de Taraza",
        "municipality": "Valdoviño",
        "parish": "Meirás",
        "place": "Padín",
        "scope": "trasancos_estricto",
        "ga_code": "GA15087020",
        "record_type": "official_castro",
        "confidence": "high",
        "source_tier": "official_catalog",
        "conservation_state": "desconocido",
        "coord_status": "point_from_source",
        "coord_source": "Artabro",
        "dataset_use": "train_positive_candidate",
        "split": "train",
        "needs_review": "",
        "sources": "Artabro; Concello de Valdoviño, Modificación Puntual nº 13, información patrimonial",
        "urls": "http://www.artabro.es/node58.html; https://www.concellodevaldovino.com/arquivo/sites/all/themes/valbartik/doc/13/0102.pdf",
        "notes": "tabla ID_IPAGA 2021"
      }
    },
    {
      "type": "Feature",
      "geometry": {
        "type": "Point",
        "coordinates": [
          -8.134952,
          43.618569
        ]
      },
      "properties": {
        "site_id": "tra-valdovino-ga15087023",
        "primary_name": "Castro y Mina do Pereiro",
        "aliases": "Castro de Pereiro; Castro y Mina do Pereiro; Mina do Pereiro; O Pereiro; Pereiro",
        "municipality": "Valdoviño",
        "parish": "Valdoviño",
        "place": "O Pereiro",
        "scope": "trasancos_estricto",
        "ga_code": "GA15087023",
        "record_type": "official_castro",
        "confidence": "high",
        "source_tier": "official_catalog",
        "conservation_state": "Desaparecido",
        "coord_status": "point_from_source",
        "coord_source": "Artabro",
        "dataset_use": "positive_damaged_review",
        "split": "review_only",
        "needs_review": "",
        "sources": "André Pena Graña, Narón un concello con historia de seu I, edición Calaméo 2010, lista Catalogación de Castros de Galicia; Artabro; Concello de Valdoviño, Modificación Puntual nº 13, información patrimonial; Galipedia",
        "urls": "http://www.artabro.es/node60.html; https://gl.wikipedia.org/wiki/Castro_de_Pereiro; https://www.calameo.com/books/00129295754f931ea1d4a; https://www.concellodevaldovino.com/arquivo/sites/all/themes/valbartik/doc/13/0102.pdf",
        "notes": "tabla ID_IPAGA 2021 | Presente en lista clásica Pena/Calaméo nº 62. | 2 coordenadas candidatas en fuentes; se eligió Artabro por prioridad."
      }
    },
    {
      "type": "Feature",
      "geometry": {
        "type": "Point",
        "coordinates": [
          -8.08928626224,
          43.6191887575
        ]
      },
      "properties": {
        "site_id": "tra-valdovino-ga15087024",
        "primary_name": "Castro de Lousada",
        "aliases": "Castro de Lousada; Lousada",
        "municipality": "Valdoviño",
        "parish": "Loira",
        "place": "Lousada",
        "scope": "trasancos_estricto",
        "ga_code": "GA15087024",
        "record_type": "official_castro",
        "confidence": "high",
        "source_tier": "official_catalog",
        "conservation_state": "Bo",
        "coord_status": "point_from_source",
        "coord_source": "Patrimonio Galego",
        "dataset_use": "train_positive_candidate",
        "split": "train",
        "needs_review": "",
        "sources": "André Pena Graña, Narón un concello con historia de seu I, edición Calaméo 2010, lista Catalogación de Castros de Galicia; Artabro; Concello de Valdoviño, Modificación Puntual nº 13, información patrimonial; Galipedia; Patrimonio Galego",
        "urls": "http://www.artabro.es/node61.html; https://gl.wikipedia.org/wiki/Castro_de_Lousada; https://patrimoniogalego.net/index.php/98897/2018/02/castro-de-lousada/; https://www.calameo.com/books/00129295754f931ea1d4a; https://www.concellodevaldovino.com/arquivo/sites/all/themes/valbartik/doc/13/0102.pdf",
        "notes": "tabla ID_IPAGA 2021 | Presente en lista clásica Pena/Calaméo nº 65. | 3 coordenadas candidatas en fuentes; se eligió Patrimonio Galego por prioridad."
      }
    },
    {
      "type": "Feature",
      "geometry": {
        "type": "Point",
        "coordinates": [
          -8.133055,
          43.584166
        ]
      },
      "properties": {
        "site_id": "tra-valdovino-ga15087032",
        "primary_name": "O Foro",
        "aliases": "A Espiñuda; As Casas Novas; Castro de Monte do Foro; Monte do Foro; O Foro",
        "municipality": "Valdoviño",
        "parish": "Valdoviño",
        "place": "A Espiñuda | As Casas Novas",
        "scope": "trasancos_estricto",
        "ga_code": "GA15087032",
        "record_type": "official_castro",
        "confidence": "high",
        "source_tier": "official_catalog",
        "conservation_state": "desconocido",
        "coord_status": "point_from_source",
        "coord_source": "Artabro",
        "dataset_use": "train_positive_candidate",
        "split": "train",
        "needs_review": "",
        "sources": "Artabro; Concello de Valdoviño, Modificación Puntual nº 13, información patrimonial; Galipedia",
        "urls": "http://www.artabro.es/node45.html; https://gl.wikipedia.org/wiki/Castro_de_Monte_do_Foro; https://www.concellodevaldovino.com/arquivo/sites/all/themes/valbartik/doc/13/0102.pdf",
        "notes": "tabla ID_IPAGA 2021 | 2 coordenadas candidatas en fuentes; se eligió Artabro por prioridad."
      }
    }
  ]
}