bank_id	review_seed_id	control_set_id	review_role	country	province_or_district	municipality	name	typology	morphology_proxy	negative_type	review_priority	auto_review_status	auto_decision	training_use	proposed_radius_m	source	source_record_id	source_code
pos-es-pba-12763	review-pos-0003	control-v1-0041	positive	ES	A Coruña	Malpica de Bergantiños	Castro de Entretorres/Castro de Punta Galeana	Castro	coastal_promontory_hint		P0	auto_seeded_requires_visual_verification	selected_for_control_set_v1	exclude_until_visual_raster_verification	150.0	Xunta PBA Catálogo. Elementos (xuño 2026)	12763	GA15043008
pos-es-pba-17047	review-pos-0004	control-v1-0025	positive	ES	A Coruña	A Pobra do Caramiñal	A Croa do Castro/A Croa de Posmarcos		coastal_promontory_hint		P0	auto_seeded_requires_visual_verification	selected_for_control_set_v1	exclude_until_visual_raster_verification	150.0	Xunta PBA Catálogo. Elementos (xuño 2026)	17047	GA15067001
pos-es-pba-11227	review-pos-0007	control-v1-0063	positive	ES	A Coruña	A Laracha	Castro de Refoxo/Castro de Cerqueira		earthwork_or_wall_hint		P0	auto_seeded_requires_visual_verification	selected_for_control_set_v1	exclude_until_visual_raster_verification	130.0	Xunta PBA Catálogo. Elementos (xuño 2026)	11227	GA15041014
pos-es-pba-25736	review-pos-0012	control-v1-0001	positive	ES	A Coruña	Vimianzo	Igrexa Vella (Citania de Vilaseco)/Castro de Lavandeira		large_castrexo_civitas_hint		P0	auto_seeded_requires_visual_verification	selected_for_control_set_v1	exclude_until_visual_raster_verification	180.0	Xunta PBA Catálogo. Elementos (xuño 2026)	25736	GA15092020
pos-es-pba-30753	review-pos-0017	control-v1-0051	positive	ES	Lugo	A Fonsagrada	Castro de Marful	Castro	coastal_promontory_hint		P0	auto_seeded_requires_visual_verification	selected_for_control_set_v1	exclude_until_visual_raster_verification	150.0	Xunta PBA Catálogo. Elementos (xuño 2026)	30753	GA27018159
pos-es-pba-38499	review-pos-0018		positive	ES	Lugo	A Pobra do Brollón	Igrexa de Castrosante (Parroquial de Santa Mariña)	Igrexa	coastal_promontory_hint		P0	auto_seeded_requires_visual_verification	provisional_geometry_created	exclude_until_visual_raster_verification	150.0	Xunta PBA Catálogo. Elementos (xuño 2026)	38499	-
pos-es-pba-29296	review-pos-0021	control-v1-0071	positive	ES	Lugo	Chantada	Os Castros	Asentamento fortificado/defensivo	earthwork_or_wall_hint		P0	auto_seeded_requires_visual_verification	selected_for_control_set_v1	exclude_until_visual_raster_verification	130.0	Xunta PBA Catálogo. Elementos (xuño 2026)	29296	GA27016047
pos-es-pba-41533	review-pos-0026	control-v1-0002	positive	ES	Lugo	Sober	Castro da Cividade	Castro	large_castrexo_civitas_hint		P0	auto_seeded_requires_visual_verification	selected_for_control_set_v1	exclude_until_visual_raster_verification	180.0	Xunta PBA Catálogo. Elementos (xuño 2026)	41533	GA27059047
pos-es-pba-56699	review-pos-0030		positive	ES	Ourense	Rubiá	Castro de Villabarbás	Castro	coastal_promontory_hint		P0	auto_seeded_requires_visual_verification	provisional_geometry_created	exclude_until_visual_raster_verification	150.0	Xunta PBA Catálogo. Elementos (xuño 2026)	56699	GA32073009
pos-es-pba-53029	review-pos-0031		positive	ES	Ourense	A Merca	Castro do Outeiro de San Marcos		coastal_promontory_hint		P0	auto_seeded_requires_visual_verification	provisional_geometry_created	exclude_until_visual_raster_verification	150.0	Xunta PBA Catálogo. Elementos (xuño 2026)	53029	GA32047003
pos-es-pba-45973	review-pos-0034	control-v1-0074	positive	ES	Ourense	Boborás	Castro de Meimón	Asentamento fortificado/defensivo	earthwork_or_wall_hint		P0	auto_seeded_requires_visual_verification	selected_for_control_set_v1	exclude_until_visual_raster_verification	130.0	Xunta PBA Catálogo. Elementos (xuño 2026)	45973	GA32013050
pos-es-pba-52266	review-pos-0039	control-v1-0003	positive	ES	Ourense	Monterrei	Castelo das Chás/Citania das Laxes das Chás/A Cerca/Castro de Lobarz n		large_castrexo_civitas_hint		P0	auto_seeded_requires_visual_verification	selected_for_control_set_v1	exclude_until_visual_raster_verification	180.0	Xunta PBA Catálogo. Elementos (xuño 2026)	52266	GA32053009
pos-es-pba-64688	review-pos-0044		positive	ES	Pontevedra	A Estrada	Castro de Guimarei/O Castro	Castro	coastal_promontory_hint		P0	auto_seeded_requires_visual_verification	provisional_geometry_created	exclude_until_visual_raster_verification	150.0	Xunta PBA Catálogo. Elementos (xuño 2026)	64688	GA36017023
pos-es-pba-66169	review-pos-0045		positive	ES	Pontevedra	Agolada	Mámoa do Coto Pequeno do Castro 1/Monte Marcelín	Túmulo	coastal_promontory_hint		P0	auto_seeded_requires_visual_verification	provisional_geometry_created	exclude_until_visual_raster_verification	150.0	Xunta PBA Catálogo. Elementos (xuño 2026)	66169	GA36020004
pos-es-pba-73573	review-pos-0048	control-v1-0076	positive	ES	Pontevedra	Valga	Castroverde/O Foxo/Camiño Real	Topónimo	earthwork_or_wall_hint		P0	auto_seeded_requires_visual_verification	selected_for_control_set_v1	exclude_until_visual_raster_verification	130.0	Xunta PBA Catálogo. Elementos (xuño 2026)	73573	TO36056003
pos-es-pba-67838	review-pos-0054	control-v1-0004	positive	ES	Pontevedra	Mos	Castro da Cividade/A Cidá	Castro	large_castrexo_civitas_hint		P0	auto_seeded_requires_visual_verification	selected_for_control_set_v1	exclude_until_visual_raster_verification	180.0	Xunta PBA Catálogo. Elementos (xuño 2026)	67838	GA36033020
pos-pt-dgpc-106909	review-pos-0057		positive	PT	Braga	Guimarães	Picoto de Santo Amaro/Castro de Santo Amaro	Vestígios Diversos	coastal_promontory_hint		P0	auto_seeded_requires_visual_verification	provisional_geometry_created	exclude_until_visual_raster_verification	150.0	DGPC Portal do Arqueólogo Sitios_Arqueologicos	106909	4735
pos-pt-dgpc-109754	review-pos-0058	control-v1-0077	positive	PT	Braga	Amares	Besteiros/ Castro do Gerês	Povoado Fortificado	earthwork_or_wall_hint		P0	auto_seeded_requires_visual_verification	selected_for_control_set_v1	exclude_until_visual_raster_verification	130.0	DGPC Portal do Arqueólogo Sitios_Arqueologicos	109754	36154
pos-pt-dgpc-107359	review-pos-0061	control-v1-0006	positive	PT	Braga	Barcelos	Monte da Saia / Cidade da Citânia / Monte de Fralães	Povoado Fortificado	large_castrexo_civitas_hint		P0	auto_seeded_requires_visual_verification	selected_for_control_set_v1	exclude_until_visual_raster_verification	180.0	DGPC Portal do Arqueólogo Sitios_Arqueologicos	107359	298
pos-pt-dgpc-108606	review-pos-0062		positive	PT	Bragança	Bragança	Miliário 1 de Castro de Avelãs	Marco Miliário	coastal_promontory_hint		P0	auto_seeded_requires_visual_verification	provisional_geometry_created	exclude_until_visual_raster_verification	150.0	DGPC Portal do Arqueólogo Sitios_Arqueologicos	108606	17471
pos-pt-dgpc-106410	review-pos-0063	control-v1-0088	positive	PT	Bragança	Alfândega da Fé	Castro de Santa Justa	Povoado Fortificado	earthwork_or_wall_hint		P0	auto_seeded_requires_visual_verification	selected_for_control_set_v1	exclude_until_visual_raster_verification	130.0	DGPC Portal do Arqueólogo Sitios_Arqueologicos	106410	11434
pos-pt-dgpc-106237	review-pos-0066		positive	PT	Porto	Amarante	Castro de Santa Marinha	Povoado Fortificado	coastal_promontory_hint		P0	auto_seeded_requires_visual_verification	provisional_geometry_created	exclude_until_visual_raster_verification	150.0	DGPC Portal do Arqueólogo Sitios_Arqueologicos	106237	36370
pos-pt-dgpc-105058	review-pos-0067	control-v1-0096	positive	PT	Porto	Amarante	Castro de Paredes	Povoado Fortificado	earthwork_or_wall_hint		P0	auto_seeded_requires_visual_verification	selected_for_control_set_v1	exclude_until_visual_raster_verification	130.0	DGPC Portal do Arqueólogo Sitios_Arqueologicos	105058	20926
pos-pt-dgpc-106425	review-pos-0070	control-v1-0013	positive	PT	Porto	Paços de Ferreira	Citânia de Sanfins	Povoado Fortificado	large_castrexo_civitas_hint		P0	auto_seeded_requires_visual_verification	selected_for_control_set_v1	exclude_until_visual_raster_verification	180.0	DGPC Portal do Arqueólogo Sitios_Arqueologicos	106425	6
pos-pt-dgpc-108229	review-pos-0071		positive	PT	Viana do Castelo	Paredes de Coura	Cividade de Romarigães ou Coto de Ouro	Povoado Fortificado	coastal_promontory_hint		P0	auto_seeded_requires_visual_verification	provisional_geometry_created	exclude_until_visual_raster_verification	150.0	DGPC Portal do Arqueólogo Sitios_Arqueologicos	108229	1698
pos-pt-dgpc-108486	review-pos-0072		positive	PT	Viana do Castelo	Arcos de Valdevez	Castro de Cabreiro	Povoado Fortificado	earthwork_or_wall_hint		P0	auto_seeded_requires_visual_verification	provisional_geometry_created	exclude_until_visual_raster_verification	130.0	DGPC Portal do Arqueólogo Sitios_Arqueologicos	108486	2261
pos-pt-dgpc-108405	review-pos-0075	control-v1-0016	positive	PT	Viana do Castelo	Paredes de Coura	Cividade de Cossourado	Povoado Fortificado	large_castrexo_civitas_hint		P0	auto_seeded_requires_visual_verification	selected_for_control_set_v1	exclude_until_visual_raster_verification	180.0	DGPC Portal do Arqueólogo Sitios_Arqueologicos	108405	3628
pos-pt-dgpc-106913	review-pos-0077		positive	PT	Vila Real	Alijó	Castro do Pópulo/Castelo de São Marcos	Povoado Fortificado	coastal_promontory_hint		P0	auto_seeded_requires_visual_verification	provisional_geometry_created	exclude_until_visual_raster_verification	150.0	DGPC Portal do Arqueólogo Sitios_Arqueologicos	106913	2646
pos-pt-dgpc-104946	review-pos-0078		positive	PT	Vila Real	Alijó	Castro do Piolho/Castelo dos Mouros	Povoado Fortificado	earthwork_or_wall_hint		P0	auto_seeded_requires_visual_verification	provisional_geometry_created	exclude_until_visual_raster_verification	130.0	DGPC Portal do Arqueólogo Sitios_Arqueologicos	104946	3126
pos-pt-dgpc-109702	review-pos-0081	control-v1-0019	positive	PT	Vila Real	Valpaços	Castro de Vilanova/Alto da Cividade	Povoado Fortificado	large_castrexo_civitas_hint		P0	auto_seeded_requires_visual_verification	selected_for_control_set_v1	exclude_until_visual_raster_verification	180.0	DGPC Portal do Arqueólogo Sitios_Arqueologicos	109702	4152
pos-es-pba-14227	review-pos-0083	control-v1-0045	positive	ES	A Coruña	Negreira	Castro de Guimaráns/Alto dos Castros	Castro	coastal_promontory_hint		P0	auto_seeded_requires_visual_verification	selected_for_control_set_v1	exclude_until_visual_raster_verification	150.0	Xunta PBA Catálogo. Elementos (xuño 2026)	14227	GA15007048
pos-es-pba-687	review-pos-0084	control-v1-0026	positive	ES	A Coruña	Ames	Castro da ermida de San Marcos		coastal_promontory_hint		P0	auto_seeded_requires_visual_verification	selected_for_control_set_v1	exclude_until_visual_raster_verification	150.0	Xunta PBA Catálogo. Elementos (xuño 2026)	687	GA15002059
pos-es-pba-112	review-pos-0087	control-v1-0064	positive	ES	A Coruña	Abegondo	Castro Grande de Alcaiana	Asentamento fortificado/defensivo	earthwork_or_wall_hint		P0	auto_seeded_requires_visual_verification	selected_for_control_set_v1	exclude_until_visual_raster_verification	130.0	Xunta PBA Catálogo. Elementos (xuño 2026)	112	GA15001013
pos-es-pba-30757	review-pos-0095		positive	ES	Lugo	A Fonsagrada	Castro de San Martiño de Robledo/Cerro do Castro	Castro	coastal_promontory_hint		P0	auto_seeded_requires_visual_verification	provisional_geometry_created	exclude_until_visual_raster_verification	150.0	Xunta PBA Catálogo. Elementos (xuño 2026)	30757	GA27018059
pos-es-pba-26880	review-pos-0096		positive	ES	Lugo	Antas de Ulla	Igrexa de Santa Mariña do Castro (Parroquial de Sata Mariña)	Igrexa	coastal_promontory_hint		P0	auto_seeded_requires_visual_verification	provisional_geometry_created	exclude_until_visual_raster_verification	150.0	Xunta PBA Catálogo. Elementos (xuño 2026)	26880	-
pos-es-pba-35343	review-pos-0099	control-v1-0072	positive	ES	Lugo	Monterroso	Castro da Cotela	Asentamento fortificado/defensivo	earthwork_or_wall_hint		P0	auto_seeded_requires_visual_verification	selected_for_control_set_v1	exclude_until_visual_raster_verification	130.0	Xunta PBA Catálogo. Elementos (xuño 2026)	35343	GA27032039
pos-es-pba-58242	review-pos-0107		positive	ES	Ourense	San Cibrao das Viñas	Castro Costa dos Mouros	Castro	coastal_promontory_hint		P0	auto_seeded_requires_visual_verification	provisional_geometry_created	exclude_until_visual_raster_verification	150.0	Xunta PBA Catálogo. Elementos (xuño 2026)	58242	GA32075013
pos-es-pba-57680	review-pos-0108		positive	ES	Ourense	A Veiga	Casa grande en Castromarigo		coastal_promontory_hint		P0	auto_seeded_requires_visual_verification	provisional_geometry_created	exclude_until_visual_raster_verification	150.0	Xunta PBA Catálogo. Elementos (xuño 2026)	57680	-
pos-es-pba-56643	review-pos-0110	control-v1-0075	positive	ES	Ourense	Riós	As Cabarquellas. Os Mouros. O Castro. As Murallas		earthwork_or_wall_hint		P0	auto_seeded_requires_visual_verification	selected_for_control_set_v1	exclude_until_visual_raster_verification	130.0	Xunta PBA Catálogo. Elementos (xuño 2026)	56643	GA32071014
pos-es-pba-64693	review-pos-0119		positive	ES	Pontevedra	A Estrada	Castro de San Martiño/Castro de Trasmonte	Castro	coastal_promontory_hint		P0	auto_seeded_requires_visual_verification	provisional_geometry_created	exclude_until_visual_raster_verification	150.0	Xunta PBA Catálogo. Elementos (xuño 2026)	64693	GA36017010
pos-es-pba-66170	review-pos-0120		positive	ES	Pontevedra	Agolada	Mámoa do Coto Pequeno do Castro 2/Monte Marcelín	Túmulo	coastal_promontory_hint		P0	auto_seeded_requires_visual_verification	provisional_geometry_created	exclude_until_visual_raster_verification	150.0	Xunta PBA Catálogo. Elementos (xuño 2026)	66170	GA36020146
pos-es-pba-69291	review-pos-0127	control-v1-0005	positive	ES	Pontevedra	Oia	Castro de Cividade/Castro de Viladesuso	Castro	large_castrexo_civitas_hint		P0	auto_seeded_requires_visual_verification	selected_for_control_set_v1	exclude_until_visual_raster_verification	180.0	Xunta PBA Catálogo. Elementos (xuño 2026)	69291	GA36036009
pos-pt-dgpc-109327	review-pos-0130		positive	PT	Braga	Vila Verde	Bouça do Castro	Marco Miliário	coastal_promontory_hint		P0	auto_seeded_requires_visual_verification	provisional_geometry_created	exclude_until_visual_raster_verification	150.0	DGPC Portal do Arqueólogo Sitios_Arqueologicos	109327	31940
pos-pt-dgpc-109954	review-pos-0131		positive	PT	Braga	Amares	Castelo do Espinho/ Castro de São Pedro Fins	Povoado Fortificado	earthwork_or_wall_hint		P0	auto_seeded_requires_visual_verification	provisional_geometry_created	exclude_until_visual_raster_verification	130.0	DGPC Portal do Arqueólogo Sitios_Arqueologicos	109954	36236
pos-pt-dgpc-107516	review-pos-0134	control-v1-0007	positive	PT	Braga	Braga	Braga - Cividade	Povoado Fortificado	large_castrexo_civitas_hint		P0	auto_seeded_requires_visual_verification	selected_for_control_set_v1	exclude_until_visual_raster_verification	180.0	DGPC Portal do Arqueólogo Sitios_Arqueologicos	107516	2730
pos-pt-dgpc-108607	review-pos-0135		positive	PT	Bragança	Bragança	Miliário 2 de Castro de Avelãs	Marco Miliário	coastal_promontory_hint		P0	auto_seeded_requires_visual_verification	provisional_geometry_created	exclude_until_visual_raster_verification	150.0	DGPC Portal do Arqueólogo Sitios_Arqueologicos	108607	17472
pos-pt-dgpc-108740	review-pos-0136	control-v1-0089	positive	PT	Bragança	Bragança	Caracuto do Castro	Povoado Fortificado	earthwork_or_wall_hint		P0	auto_seeded_requires_visual_verification	selected_for_control_set_v1	exclude_until_visual_raster_verification	130.0	DGPC Portal do Arqueólogo Sitios_Arqueologicos	108740	17588
pos-pt-dgpc-106651	review-pos-0139		positive	PT	Porto	Santo Tirso	Castro de Santa Margarida	Povoado Fortificado	coastal_promontory_hint		P0	auto_seeded_requires_visual_verification	provisional_geometry_created	exclude_until_visual_raster_verification	150.0	DGPC Portal do Arqueólogo Sitios_Arqueologicos	106651	3527
pos-pt-dgpc-106333	review-pos-0140		positive	PT	Porto	Amarante	Castro de Vila Garcia/ Castro de Ponte Nova	Povoado Fortificado	earthwork_or_wall_hint		P0	auto_seeded_requires_visual_verification	provisional_geometry_created	exclude_until_visual_raster_verification	130.0	DGPC Portal do Arqueólogo Sitios_Arqueologicos	106333	3566
pos-pt-dgpc-106725	review-pos-0143	control-v1-0014	positive	PT	Porto	Póvoa do Varzim	Cividade de Terroso	Povoado Fortificado	large_castrexo_civitas_hint		P0	auto_seeded_requires_visual_verification	selected_for_control_set_v1	exclude_until_visual_raster_verification	180.0	DGPC Portal do Arqueólogo Sitios_Arqueologicos	106725	27
pos-pt-dgpc-108253	review-pos-0144		positive	PT	Viana do Castelo	Arcos de Valdevez	Castro de Reboreda	Povoado Fortificado	earthwork_or_wall_hint		P0	auto_seeded_requires_visual_verification	provisional_geometry_created	exclude_until_visual_raster_verification	130.0	DGPC Portal do Arqueólogo Sitios_Arqueologicos	108253	4941
pos-pt-dgpc-109676	review-pos-0147	control-v1-0017	positive	PT	Viana do Castelo	Viana do Castelo	Citânia de Santa Luzia	Povoado Fortificado	large_castrexo_civitas_hint		P0	auto_seeded_requires_visual_verification	selected_for_control_set_v1	exclude_until_visual_raster_verification	180.0	DGPC Portal do Arqueólogo Sitios_Arqueologicos	109676	243
pos-pt-dgpc-105184	review-pos-0148		positive	PT	Vila Real	Alijó	Castro do Vilarelho	Povoado Fortificado	earthwork_or_wall_hint		P0	auto_seeded_requires_visual_verification	provisional_geometry_created	exclude_until_visual_raster_verification	130.0	DGPC Portal do Arqueólogo Sitios_Arqueologicos	105184	3104
pos-pt-dgpc-109003	review-pos-0151	control-v1-0023	positive	PT	Vila Real	Valpaços	Cividade	Habitat	large_castrexo_civitas_hint		P0	auto_seeded_requires_visual_verification	selected_for_control_set_v1	exclude_until_visual_raster_verification	180.0	DGPC Portal do Arqueólogo Sitios_Arqueologicos	109003	14232
pos-es-pba-15425	review-pos-0153	control-v1-0047	positive	ES	A Coruña	Oleiros	Castro de Punta Roza	Castro	coastal_promontory_hint		P0	auto_seeded_requires_visual_verification	selected_for_control_set_v1	exclude_until_visual_raster_verification	150.0	Xunta PBA Catálogo. Elementos (xuño 2026)	15425	GA15058001
pos-es-pba-1862	review-pos-0154	control-v1-0027	positive	ES	A Coruña	Ares	Castro de Punta Mourón ou Punta Caamouco	Asentamento fortificado	coastal_promontory_hint		P0	auto_seeded_requires_visual_verification	selected_for_control_set_v1	exclude_until_visual_raster_verification	150.0	Xunta PBA Catálogo. Elementos (xuño 2026)	1862	GA15004002
pos-es-pba-113	review-pos-0157		positive	ES	A Coruña	Abegondo	Castro Maior	Asentamento fortificado/defensivo	earthwork_or_wall_hint		P0	auto_seeded_requires_visual_verification	provisional_geometry_created	exclude_until_visual_raster_verification	130.0	Xunta PBA Catálogo. Elementos (xuño 2026)	113	GA15001017
pos-es-pba-38457	review-pos-0164	control-v1-0052	positive	ES	Lugo	A Pobra do Brollón	Castro de Santa Mariña/Castrosante	Castro	coastal_promontory_hint		P0	auto_seeded_requires_visual_verification	selected_for_control_set_v1	exclude_until_visual_raster_verification	150.0	Xunta PBA Catálogo. Elementos (xuño 2026)	38457	GA27047017
pos-es-pba-26700	review-pos-0165		positive	ES	Lugo	Antas de Ulla	Igrexa do Castro de Amarante (Parroquial de Santo Estevo)	Igrexa	coastal_promontory_hint		P0	auto_seeded_requires_visual_verification	provisional_geometry_created	exclude_until_visual_raster_verification	150.0	Xunta PBA Catálogo. Elementos (xuño 2026)	26700	-
pos-es-pba-36112	review-pos-0168	control-v1-0073	positive	ES	Lugo	Outeiro de Rei	Castro do Pazo	Asentamento fortificado/defensivo	earthwork_or_wall_hint		P0	auto_seeded_requires_visual_verification	selected_for_control_set_v1	exclude_until_visual_raster_verification	130.0	Xunta PBA Catálogo. Elementos (xuño 2026)	36112	GA27039066
pos-es-pba-57744	review-pos-0176		positive	ES	Ourense	A Veiga	Casa á beira da igrexa de Castromarigo		coastal_promontory_hint		P0	auto_seeded_requires_visual_verification	provisional_geometry_created	exclude_until_visual_raster_verification	150.0	Xunta PBA Catálogo. Elementos (xuño 2026)	57744	-
pos-es-pba-65325	review-pos-0185		positive	ES	Pontevedra	A Guarda	Castro de Cividáns/O Castriño/Marduco	Castro	coastal_promontory_hint		P0	auto_seeded_requires_visual_verification	provisional_geometry_created	exclude_until_visual_raster_verification	150.0	Xunta PBA Catálogo. Elementos (xuño 2026)	65325	GA36023012
pos-es-pba-65696	review-pos-0186		positive	ES	Pontevedra	Agolada	Mámoa dos Cotos 1/Castro Marcelín/Monte da Vila	Túmulo	coastal_promontory_hint		P0	auto_seeded_requires_visual_verification	provisional_geometry_created	exclude_until_visual_raster_verification	150.0	Xunta PBA Catálogo. Elementos (xuño 2026)	65696	GA36020005
pos-pt-dgpc-109806	review-pos-0194		positive	PT	Braga	Amares	Castro de Caires / Castro de Gróvios	Povoado Fortificado	earthwork_or_wall_hint		P0	auto_seeded_requires_visual_verification	provisional_geometry_created	exclude_until_visual_raster_verification	130.0	DGPC Portal do Arqueólogo Sitios_Arqueologicos	109806	65
pos-pt-dgpc-107515	review-pos-0197	control-v1-0020	positive	PT	Braga	Braga	Braga - Cividade de Baixo	Edifício	large_castrexo_civitas_hint		P0	auto_seeded_requires_visual_verification	selected_for_control_set_v1	exclude_until_visual_raster_verification	180.0	DGPC Portal do Arqueólogo Sitios_Arqueologicos	107515	11862
pos-pt-dgpc-109947	review-pos-0198		positive	PT	Bragança	Vinhais	Castro de Ousilhão	Povoado Fortificado	coastal_promontory_hint		P0	auto_seeded_requires_visual_verification	provisional_geometry_created	exclude_until_visual_raster_verification	150.0	DGPC Portal do Arqueólogo Sitios_Arqueologicos	109947	4734
pos-pt-dgpc-108459	review-pos-0199		positive	PT	Bragança	Bragança	Castro	Povoado Fortificado	earthwork_or_wall_hint		P0	auto_seeded_requires_visual_verification	provisional_geometry_created	exclude_until_visual_raster_verification	130.0	DGPC Portal do Arqueólogo Sitios_Arqueologicos	108459	17565
pos-pt-dgpc-106254	review-pos-0202		positive	PT	Porto	Trofa	Castro de Alvarelhos/ Castro de São Marçal	Povoado	coastal_promontory_hint		P0	auto_seeded_requires_visual_verification	provisional_geometry_created	exclude_until_visual_raster_verification	150.0	DGPC Portal do Arqueólogo Sitios_Arqueologicos	106254	791
pos-pt-dgpc-106251	review-pos-0203		positive	PT	Porto	Amarante	Castro do Ladário	Povoado Fortificado	earthwork_or_wall_hint		P0	auto_seeded_requires_visual_verification	provisional_geometry_created	exclude_until_visual_raster_verification	130.0	DGPC Portal do Arqueólogo Sitios_Arqueologicos	106251	3567
pos-pt-dgpc-107033	review-pos-0205	control-v1-0015	positive	PT	Porto	Vila do Conde	Castro de Bagunte/ Monte da Cividade/ Cividade de Bagunte	Povoado Fortificado	large_castrexo_civitas_hint		P0	auto_seeded_requires_visual_verification	selected_for_control_set_v1	exclude_until_visual_raster_verification	180.0	DGPC Portal do Arqueólogo Sitios_Arqueologicos	107033	184
pos-pt-dgpc-108463	review-pos-0206		positive	PT	Viana do Castelo	Arcos de Valdevez	Castro de Álvora	Povoado Fortificado	earthwork_or_wall_hint		P0	auto_seeded_requires_visual_verification	provisional_geometry_created	exclude_until_visual_raster_verification	130.0	DGPC Portal do Arqueólogo Sitios_Arqueologicos	108463	32
pos-pt-dgpc-109989	review-pos-0209	control-v1-0022	positive	PT	Viana do Castelo	Viana do Castelo	Cividade de Âncora	Povoado Fortificado	large_castrexo_civitas_hint		P0	auto_seeded_requires_visual_verification	selected_for_control_set_v1	exclude_until_visual_raster_verification	180.0	DGPC Portal do Arqueólogo Sitios_Arqueologicos	109989	11
pos-pt-dgpc-109988	review-pos-0210		positive	PT	Vila Real	Boticas	Castro da Giestosa/ Castro do Souto da Lama	Povoado Fortificado	earthwork_or_wall_hint		P0	auto_seeded_requires_visual_verification	provisional_geometry_created	exclude_until_visual_raster_verification	130.0	DGPC Portal do Arqueólogo Sitios_Arqueologicos	109988	11317
pos-es-pba-24674	review-pos-0214	control-v1-0050	positive	ES	A Coruña	Valdoviño	Castro da Punta do Vico	Castro	coastal_promontory_hint		P0	auto_seeded_requires_visual_verification	selected_for_control_set_v1	exclude_until_visual_raster_verification	150.0	Xunta PBA Catálogo. Elementos (xuño 2026)	24674	GA15087022
pos-es-pba-1861	review-pos-0215		positive	ES	A Coruña	Ares	Castro de Punta de Santa Mariña	Asentamento fortificado	coastal_promontory_hint		P0	auto_seeded_requires_visual_verification	provisional_geometry_created	exclude_until_visual_raster_verification	150.0	Xunta PBA Catálogo. Elementos (xuño 2026)	1861	GA15004004
pos-es-pba-81	review-pos-0218		positive	ES	A Coruña	Abegondo	Castro de Abegondo	Asentamento fortificado/defensivo	earthwork_or_wall_hint		P0	auto_seeded_requires_visual_verification	provisional_geometry_created	exclude_until_visual_raster_verification	130.0	Xunta PBA Catálogo. Elementos (xuño 2026)	81	GA15001006
pos-es-pba-27022	review-pos-0225	control-v1-0053	positive	ES	Lugo	Antas de Ulla	Castro de Santa Mariña	Castro	coastal_promontory_hint		P0	auto_seeded_requires_visual_verification	selected_for_control_set_v1	exclude_until_visual_raster_verification	150.0	Xunta PBA Catálogo. Elementos (xuño 2026)	27022	GA27003024
pos-es-pba-28234	review-pos-0226		positive	ES	Lugo	Barreiros	Punta do Castro		coastal_promontory_hint		P0	auto_seeded_requires_visual_verification	provisional_geometry_created	exclude_until_visual_raster_verification	150.0	Xunta PBA Catálogo. Elementos (xuño 2026)	28234	GA27005005
pos-es-pba-57713	review-pos-0236		positive	ES	Ourense	A Veiga	Castro das Caborcas		coastal_promontory_hint		P0	auto_seeded_requires_visual_verification	provisional_geometry_created	exclude_until_visual_raster_verification	150.0	Xunta PBA Catálogo. Elementos (xuño 2026)	57713	GA32083018
pos-es-pba-65338	review-pos-0245		positive	ES	Pontevedra	A Guarda	Os Crestos/Os Castros/Castro de Zamar	Castro	coastal_promontory_hint		P0	auto_seeded_requires_visual_verification	provisional_geometry_created	exclude_until_visual_raster_verification	150.0	Xunta PBA Catálogo. Elementos (xuño 2026)	65338	GA36023004
pos-es-pba-65697	review-pos-0246		positive	ES	Pontevedra	Agolada	Mámoa dos Cotos 2/Castro Marcelín/Monte da Vila	Túmulo	coastal_promontory_hint		P0	auto_seeded_requires_visual_verification	provisional_geometry_created	exclude_until_visual_raster_verification	150.0	Xunta PBA Catálogo. Elementos (xuño 2026)	65697	GA36020147
pos-pt-dgpc-109794	review-pos-0254		positive	PT	Braga	Amares	Chã do Castro/ Portela da Joubreia	Povoado Fortificado	earthwork_or_wall_hint		P0	auto_seeded_requires_visual_verification	provisional_geometry_created	exclude_until_visual_raster_verification	130.0	DGPC Portal do Arqueólogo Sitios_Arqueologicos	109794	98
pos-pt-dgpc-107539	review-pos-0257	control-v1-0024	positive	PT	Braga	Braga	Braga - Termas Romanas de Maximinos/ Alto da Cividade/ Colina de Maximinos	Termas	large_castrexo_civitas_hint		P0	auto_seeded_requires_visual_verification	selected_for_control_set_v1	exclude_until_visual_raster_verification	180.0	DGPC Portal do Arqueólogo Sitios_Arqueologicos	107539	5055
pos-pt-dgpc-109077	review-pos-0258		positive	PT	Bragança	Bragança	Castro Mau	Povoado Fortificado	earthwork_or_wall_hint		P0	auto_seeded_requires_visual_verification	provisional_geometry_created	exclude_until_visual_raster_verification	130.0	DGPC Portal do Arqueólogo Sitios_Arqueologicos	109077	17563
pos-pt-dgpc-106386	review-pos-0261	control-v1-0097	positive	PT	Porto	Felgueiras	Castro da Pedreira	Povoado Fortificado	earthwork_or_wall_hint		P0	auto_seeded_requires_visual_verification	selected_for_control_set_v1	exclude_until_visual_raster_verification	130.0	DGPC Portal do Arqueólogo Sitios_Arqueologicos	106386	16191
pos-pt-dgpc-108574	review-pos-0263		positive	PT	Viana do Castelo	Melgaço	Castro Laboreiro	Povoado Fortificado	earthwork_or_wall_hint		P0	auto_seeded_requires_visual_verification	provisional_geometry_created	exclude_until_visual_raster_verification	130.0	DGPC Portal do Arqueólogo Sitios_Arqueologicos	108574	1204
pos-pt-dgpc-108502	review-pos-0266	control-v1-0018	positive	PT	Viana do Castelo	Vila Nova de Cerveira	Cividade de Cornes	Povoado Fortificado	large_castrexo_civitas_hint		P0	auto_seeded_requires_visual_verification	selected_for_control_set_v1	exclude_until_visual_raster_verification	180.0	DGPC Portal do Arqueólogo Sitios_Arqueologicos	108502	3428
pos-pt-dgpc-109802	review-pos-0267		positive	PT	Vila Real	Boticas	Castro da Gorda/Murada	Povoado Fortificado	earthwork_or_wall_hint		P0	auto_seeded_requires_visual_verification	provisional_geometry_created	exclude_until_visual_raster_verification	130.0	DGPC Portal do Arqueólogo Sitios_Arqueologicos	109802	19807
pos-es-pba-24709	review-pos-0271		positive	ES	A Coruña	Valdoviño	Castro de Punta Frouxeira	Castro	coastal_promontory_hint		P0	auto_seeded_requires_visual_verification	provisional_geometry_created	exclude_until_visual_raster_verification	150.0	Xunta PBA Catálogo. Elementos (xuño 2026)	24709	GA15087009
pos-es-pba-1722	review-pos-0272	control-v1-0028	positive	ES	A Coruña	Arteixo	Castro do Cabo Cociñadoiro		coastal_promontory_hint		P0	auto_seeded_requires_visual_verification	selected_for_control_set_v1	exclude_until_visual_raster_verification	150.0	Xunta PBA Catálogo. Elementos (xuño 2026)	1722	GA15005003
pos-es-pba-82	review-pos-0274		positive	ES	A Coruña	Abegondo	Castro de Areosa – Xuanzos	Asentamento fortificado/defensivo	earthwork_or_wall_hint		P0	auto_seeded_requires_visual_verification	provisional_geometry_created	exclude_until_visual_raster_verification	130.0	Xunta PBA Catálogo. Elementos (xuño 2026)	82	GA15001054
pos-es-pba-28585	review-pos-0281	control-v1-0054	positive	ES	Lugo	Barreiros	Castro de Punta de San Pedro	Castro	coastal_promontory_hint		P0	auto_seeded_requires_visual_verification	selected_for_control_set_v1	exclude_until_visual_raster_verification	150.0	Xunta PBA Catálogo. Elementos (xuño 2026)	28585	GA27005001
pos-es-pba-28501	review-pos-0282		positive	ES	Lugo	Begonte	Igrexa do Castro (Parroquial de Santa María)	Igrexa	coastal_promontory_hint		P0	auto_seeded_requires_visual_verification	provisional_geometry_created	exclude_until_visual_raster_verification	150.0	Xunta PBA Catálogo. Elementos (xuño 2026)	28501	-
pos-es-pba-57807	review-pos-0292		positive	ES	Ourense	A Veiga	Castro de Lamaredonda		coastal_promontory_hint		P0	auto_seeded_requires_visual_verification	provisional_geometry_created	exclude_until_visual_raster_verification	150.0	Xunta PBA Catálogo. Elementos (xuño 2026)	57807	GA32083017
pos-es-pba-66237	review-pos-0300		positive	ES	Pontevedra	Agolada	Castro de Marcelín	Castro	coastal_promontory_hint		P0	auto_seeded_requires_visual_verification	provisional_geometry_created	exclude_until_visual_raster_verification	150.0	Xunta PBA Catálogo. Elementos (xuño 2026)	66237	GA36020037
pos-es-pba-65729	review-pos-0301		positive	ES	Pontevedra	Agolada	Mámoa dos Cotos 3/Castro Marcelín/Monte da Vila	Túmulo	coastal_promontory_hint		P0	auto_seeded_requires_visual_verification	provisional_geometry_created	exclude_until_visual_raster_verification	150.0	Xunta PBA Catálogo. Elementos (xuño 2026)	65729	GA36020148
pos-pt-dgpc-109331	review-pos-0308		positive	PT	Braga	Amares	Torre do Castro/ Castelo do Castro/ Castro da Torre/ Solar do Castro/ Torre dos Machados	Povoado Fortificado	earthwork_or_wall_hint		P0	auto_seeded_requires_visual_verification	provisional_geometry_created	exclude_until_visual_raster_verification	130.0	DGPC Portal do Arqueólogo Sitios_Arqueologicos	109331	35147
pos-pt-dgpc-107461	review-pos-0311	control-v1-0008	positive	PT	Braga	Cabeceiras de Basto	Outeiro dos Moiros / Cividade de Chacim	Povoado	large_castrexo_civitas_hint		P0	auto_seeded_requires_visual_verification	selected_for_control_set_v1	exclude_until_visual_raster_verification	180.0	DGPC Portal do Arqueólogo Sitios_Arqueologicos	107461	25
pos-pt-dgpc-109605	review-pos-0312		positive	PT	Bragança	Bragança	Castro da Réfega	Povoado Fortificado	earthwork_or_wall_hint		P0	auto_seeded_requires_visual_verification	provisional_geometry_created	exclude_until_visual_raster_verification	130.0	DGPC Portal do Arqueólogo Sitios_Arqueologicos	109605	17610
pos-pt-dgpc-107052	review-pos-0314		positive	PT	Porto	Felgueiras	Castro de Sendim	Povoado Fortificado	earthwork_or_wall_hint		P0	auto_seeded_requires_visual_verification	provisional_geometry_created	exclude_until_visual_raster_verification	130.0	DGPC Portal do Arqueólogo Sitios_Arqueologicos	107052	3930
pos-pt-dgpc-108581	review-pos-0316		positive	PT	Viana do Castelo	Monção	Castro da Senhora da Vista	Povoado Fortificado	earthwork_or_wall_hint		P0	auto_seeded_requires_visual_verification	provisional_geometry_created	exclude_until_visual_raster_verification	130.0	DGPC Portal do Arqueólogo Sitios_Arqueologicos	108581	17456
pos-pt-dgpc-109588	review-pos-0318		positive	PT	Vila Real	Boticas	Castro de Carvalhelhos/ Castelo dos Mouros	Povoado Fortificado	earthwork_or_wall_hint		P0	auto_seeded_requires_visual_verification	provisional_geometry_created	exclude_until_visual_raster_verification	130.0	DGPC Portal do Arqueólogo Sitios_Arqueologicos	109588	26
pos-es-pba-24710	review-pos-0322		positive	ES	A Coruña	Valdoviño	Castro de Punta Taraza	Castro	coastal_promontory_hint		P0	auto_seeded_requires_visual_verification	provisional_geometry_created	exclude_until_visual_raster_verification	150.0	Xunta PBA Catálogo. Elementos (xuño 2026)	24710	GA15087001
pos-es-pba-2042	review-pos-0323	control-v1-0029	positive	ES	A Coruña	Arzúa	A Roda do Castro de Maroxo		coastal_promontory_hint		P0	auto_seeded_requires_visual_verification	selected_for_control_set_v1	exclude_until_visual_raster_verification	150.0	Xunta PBA Catálogo. Elementos (xuño 2026)	2042	GA15006024
pos-es-pba-83	review-pos-0325		positive	ES	A Coruña	Abegondo	Castro de Bordelle	Asentamento fortificado/defensivo	earthwork_or_wall_hint		P0	auto_seeded_requires_visual_verification	provisional_geometry_created	exclude_until_visual_raster_verification	130.0	Xunta PBA Catálogo. Elementos (xuño 2026)	83	GA15001015
pos-es-pba-28587	review-pos-0331		positive	ES	Lugo	Barreiros	Castro de Vilamar	Castro	coastal_promontory_hint		P0	auto_seeded_requires_visual_verification	provisional_geometry_created	exclude_until_visual_raster_verification	150.0	Xunta PBA Catálogo. Elementos (xuño 2026)	28587	GA27005007
pos-es-pba-28088	review-pos-0332		positive	ES	Lugo	Carballedo	Igrexa de Santa Mariña do Castro (Parroquial de Santa Mariña)	Igrexa	coastal_promontory_hint		P0	auto_seeded_requires_visual_verification	provisional_geometry_created	exclude_until_visual_raster_verification	150.0	Xunta PBA Catálogo. Elementos (xuño 2026)	28088	-
pos-es-pba-59532	review-pos-0342		positive	ES	Ourense	A Veiga	Igrexa de Castromao (Parroquial de Santa María)	Igrexa	coastal_promontory_hint		P0	auto_seeded_requires_visual_verification	provisional_geometry_created	exclude_until_visual_raster_verification	150.0	Xunta PBA Catálogo. Elementos (xuño 2026)	59532	-
pos-es-pba-66238	review-pos-0349		positive	ES	Pontevedra	Agolada	Castro de Marquesado/Coto do Castro/O Castro	Castro	coastal_promontory_hint		P0	auto_seeded_requires_visual_verification	provisional_geometry_created	exclude_until_visual_raster_verification	150.0	Xunta PBA Catálogo. Elementos (xuño 2026)	66238	GA36020030
pos-es-pba-65730	review-pos-0350		positive	ES	Pontevedra	Agolada	Mámoa dos Cotos 4/Castro Marcelín/Monte da Vila	Túmulo	coastal_promontory_hint		P0	auto_seeded_requires_visual_verification	provisional_geometry_created	exclude_until_visual_raster_verification	150.0	Xunta PBA Catálogo. Elementos (xuño 2026)	65730	GA36020149
pos-pt-dgpc-109384	review-pos-0357	control-v1-0078	positive	PT	Braga	Barcelos	Castro de São Simão	Povoado Fortificado	earthwork_or_wall_hint		P0	auto_seeded_requires_visual_verification	selected_for_control_set_v1	exclude_until_visual_raster_verification	130.0	DGPC Portal do Arqueólogo Sitios_Arqueologicos	109384	19170
pos-pt-dgpc-107784	review-pos-0359	control-v1-0009	positive	PT	Braga	Esposende	Cividade de Belinho/Cidade de Belinho	Povoado Fortificado	large_castrexo_civitas_hint		P0	auto_seeded_requires_visual_verification	selected_for_control_set_v1	exclude_until_visual_raster_verification	180.0	DGPC Portal do Arqueólogo Sitios_Arqueologicos	107784	1318
pos-pt-dgpc-108722	review-pos-0360		positive	PT	Bragança	Bragança	Castro da Sapeira	Povoado Fortificado	earthwork_or_wall_hint		P0	auto_seeded_requires_visual_verification	provisional_geometry_created	exclude_until_visual_raster_verification	130.0	DGPC Portal do Arqueólogo Sitios_Arqueologicos	108722	4891
pos-pt-dgpc-105178	review-pos-0362	control-v1-0098	positive	PT	Porto	Lousada	Castro de São Domingos/ Cristelos	Povoado Fortificado	earthwork_or_wall_hint		P0	auto_seeded_requires_visual_verification	selected_for_control_set_v1	exclude_until_visual_raster_verification	130.0	DGPC Portal do Arqueólogo Sitios_Arqueologicos	105178	3604
pos-pt-dgpc-110040	review-pos-0364		positive	PT	Viana do Castelo	Ponte da Barca	Castro de Queixada	Povoado Fortificado	earthwork_or_wall_hint		P0	auto_seeded_requires_visual_verification	provisional_geometry_created	exclude_until_visual_raster_verification	130.0	DGPC Portal do Arqueólogo Sitios_Arqueologicos	110040	14081
pos-pt-dgpc-109100	review-pos-0366		positive	PT	Vila Real	Boticas	Castro de Ervas Ruivas	Povoado Fortificado	earthwork_or_wall_hint		P0	auto_seeded_requires_visual_verification	provisional_geometry_created	exclude_until_visual_raster_verification	130.0	DGPC Portal do Arqueólogo Sitios_Arqueologicos	109100	19718
pos-es-pba-1627	review-pos-0370		positive	ES	A Coruña	Arzúa	Castro de San Martiño		coastal_promontory_hint		P0	auto_seeded_requires_visual_verification	provisional_geometry_created	exclude_until_visual_raster_verification	150.0	Xunta PBA Catálogo. Elementos (xuño 2026)	1627	GA15006005
pos-es-pba-84	review-pos-0372		positive	ES	A Coruña	Abegondo	Castro de Brea	Asentamento fortificado/defensivo	earthwork_or_wall_hint		P0	auto_seeded_requires_visual_verification	provisional_geometry_created	exclude_until_visual_raster_verification	130.0	Xunta PBA Catálogo. Elementos (xuño 2026)	84	GA15001021
pos-es-pba-28392	review-pos-0378	control-v1-0055	positive	ES	Lugo	Becerreá	Castro de Castelmaría	Castro	coastal_promontory_hint		P0	auto_seeded_requires_visual_verification	selected_for_control_set_v1	exclude_until_visual_raster_verification	150.0	Xunta PBA Catálogo. Elementos (xuño 2026)	28392	GA27006012
pos-es-pba-29782	review-pos-0379		positive	ES	Lugo	Castroverde	O Castro Marrondo		coastal_promontory_hint		P0	auto_seeded_requires_visual_verification	provisional_geometry_created	exclude_until_visual_raster_verification	150.0	Xunta PBA Catálogo. Elementos (xuño 2026)	29782	GA27011064
pos-es-pba-59533	review-pos-0389		positive	ES	Ourense	A Veiga	Igrexa de Castromarigo (Parroquial de San Miguel)	Igrexa	coastal_promontory_hint		P0	auto_seeded_requires_visual_verification	provisional_geometry_created	exclude_until_visual_raster_verification	150.0	Xunta PBA Catálogo. Elementos (xuño 2026)	59533	-
pos-es-pba-60132	review-pos-0396		positive	ES	Pontevedra	Arbo	Castro de Coto de San Martiño	Castro	coastal_promontory_hint		P0	auto_seeded_requires_visual_verification	provisional_geometry_created	exclude_until_visual_raster_verification	150.0	Xunta PBA Catálogo. Elementos (xuño 2026)	60132	GA36001054
pos-es-pba-65731	review-pos-0397		positive	ES	Pontevedra	Agolada	Mámoa dos Cotos 5/Castro Marcelín/Monte da Vila	Túmulo	coastal_promontory_hint		P0	auto_seeded_requires_visual_verification	provisional_geometry_created	exclude_until_visual_raster_verification	150.0	Xunta PBA Catálogo. Elementos (xuño 2026)	65731	GA36020150
pos-pt-dgpc-109369	review-pos-0404		positive	PT	Braga	Barcelos	Castro dos Castelos/ Castelo de Durrães	Povoado Fortificado	earthwork_or_wall_hint		P0	auto_seeded_requires_visual_verification	provisional_geometry_created	exclude_until_visual_raster_verification	130.0	DGPC Portal do Arqueólogo Sitios_Arqueologicos	109369	19084
pos-pt-dgpc-107424	review-pos-0406	control-v1-0010	positive	PT	Braga	Guimarães	Citânia de Briteiros	Povoado Fortificado	large_castrexo_civitas_hint		P0	auto_seeded_requires_visual_verification	selected_for_control_set_v1	exclude_until_visual_raster_verification	180.0	DGPC Portal do Arqueólogo Sitios_Arqueologicos	107424	231
pos-pt-dgpc-109795	review-pos-0407		positive	PT	Bragança	Bragança	Castro da Seara / Castro Serzedo	Povoado Fortificado	earthwork_or_wall_hint		P0	auto_seeded_requires_visual_verification	provisional_geometry_created	exclude_until_visual_raster_verification	130.0	DGPC Portal do Arqueólogo Sitios_Arqueologicos	109795	17319
pos-pt-dgpc-106440	review-pos-0409		positive	PT	Porto	Lousada	Castro de São Gonçalo	Povoado Fortificado	earthwork_or_wall_hint		P0	auto_seeded_requires_visual_verification	provisional_geometry_created	exclude_until_visual_raster_verification	130.0	DGPC Portal do Arqueólogo Sitios_Arqueologicos	106440	15740
pos-pt-dgpc-109980	review-pos-0411		positive	PT	Viana do Castelo	Ponte da Barca	Castro de Quintão	Povoado Fortificado	earthwork_or_wall_hint		P0	auto_seeded_requires_visual_verification	provisional_geometry_created	exclude_until_visual_raster_verification	130.0	DGPC Portal do Arqueólogo Sitios_Arqueologicos	109980	14080
pos-pt-dgpc-109883	review-pos-0412		positive	PT	Vila Real	Boticas	Castro de Lama Chã/ Castro de Lamachã	Povoado Fortificado	earthwork_or_wall_hint		P0	auto_seeded_requires_visual_verification	provisional_geometry_created	exclude_until_visual_raster_verification	130.0	DGPC Portal do Arqueólogo Sitios_Arqueologicos	109883	5383
pos-es-pba-1275	review-pos-0415	control-v1-0030	positive	ES	A Coruña	Bergondo	Castro de Santa Marta de Babío		coastal_promontory_hint		P0	auto_seeded_requires_visual_verification	selected_for_control_set_v1	exclude_until_visual_raster_verification	150.0	Xunta PBA Catálogo. Elementos (xuño 2026)	1275	GA15008002
pos-es-pba-85	review-pos-0417		positive	ES	A Coruña	Abegondo	Castro de Cerneda	Asentamento fortificado/defensivo	earthwork_or_wall_hint		P0	auto_seeded_requires_visual_verification	provisional_geometry_created	exclude_until_visual_raster_verification	130.0	Xunta PBA Catálogo. Elementos (xuño 2026)	85	GA15001011
pos-es-pba-28320	review-pos-0423	control-v1-0056	positive	ES	Lugo	Begonte	Castro de Santa María	Castro	coastal_promontory_hint		P0	auto_seeded_requires_visual_verification	selected_for_control_set_v1	exclude_until_visual_raster_verification	150.0	Xunta PBA Catálogo. Elementos (xuño 2026)	28320	GA27007014
pos-es-pba-29460	review-pos-0424	control-v1-0062	positive	ES	Lugo	Cervantes	Casa reitoral de Santa María do Castro		coastal_promontory_hint		P0	auto_seeded_requires_visual_verification	selected_for_control_set_v1	exclude_until_visual_raster_verification	150.0	Xunta PBA Catálogo. Elementos (xuño 2026)	29460	-
pos-es-pba-59220	review-pos-0434		positive	ES	Ourense	A Veiga	Pombal en Castromarigo		coastal_promontory_hint		P0	auto_seeded_requires_visual_verification	provisional_geometry_created	exclude_until_visual_raster_verification	150.0	Xunta PBA Catálogo. Elementos (xuño 2026)	59220	-
pos-es-pba-60053	review-pos-0441		positive	ES	Pontevedra	Baiona	Castro de Santa Marta	Castro	coastal_promontory_hint		P0	auto_seeded_requires_visual_verification	provisional_geometry_created	exclude_until_visual_raster_verification	150.0	Xunta PBA Catálogo. Elementos (xuño 2026)	60053	GA36003002
pos-es-pba-65732	review-pos-0442		positive	ES	Pontevedra	Agolada	Mámoa dos Cotos 6/Castro Marcelín/Monte da Vila	Túmulo	coastal_promontory_hint		P0	auto_seeded_requires_visual_verification	provisional_geometry_created	exclude_until_visual_raster_verification	150.0	Xunta PBA Catálogo. Elementos (xuño 2026)	65732	GA36020151
pos-pt-dgpc-107708	review-pos-0449	control-v1-0079	positive	PT	Braga	Braga	Castro da Sola	Povoado Fortificado	earthwork_or_wall_hint		P0	auto_seeded_requires_visual_verification	selected_for_control_set_v1	exclude_until_visual_raster_verification	130.0	DGPC Portal do Arqueólogo Sitios_Arqueologicos	107708	1540
pos-pt-dgpc-108140	review-pos-0451	control-v1-0021	positive	PT	Braga	Guimarães	Citânia de Sabroso	Povoado Fortificado	large_castrexo_civitas_hint		P0	auto_seeded_requires_visual_verification	selected_for_control_set_v1	exclude_until_visual_raster_verification	180.0	DGPC Portal do Arqueólogo Sitios_Arqueologicos	108140	495
pos-pt-dgpc-108199	review-pos-0452		positive	PT	Bragança	Bragança	Castro de Baçal	Povoado Fortificado	earthwork_or_wall_hint		P0	auto_seeded_requires_visual_verification	provisional_geometry_created	exclude_until_visual_raster_verification	130.0	DGPC Portal do Arqueólogo Sitios_Arqueologicos	108199	17387
pos-pt-dgpc-105286	review-pos-0454		positive	PT	Porto	Lousada	Castro dos Mortórios	Povoado Fortificado	earthwork_or_wall_hint		P0	auto_seeded_requires_visual_verification	provisional_geometry_created	exclude_until_visual_raster_verification	130.0	DGPC Portal do Arqueólogo Sitios_Arqueologicos	105286	19550
pos-pt-dgpc-108652	review-pos-0456		positive	PT	Viana do Castelo	Ponte da Barca	Castro do Pinheiral	Povoado Fortificado	earthwork_or_wall_hint		P0	auto_seeded_requires_visual_verification	provisional_geometry_created	exclude_until_visual_raster_verification	130.0	DGPC Portal do Arqueólogo Sitios_Arqueologicos	108652	2242
pos-pt-dgpc-109898	review-pos-0457		positive	PT	Vila Real	Boticas	Castro de Mouril 1	Povoado Fortificado	earthwork_or_wall_hint		P0	auto_seeded_requires_visual_verification	provisional_geometry_created	exclude_until_visual_raster_verification	130.0	DGPC Portal do Arqueólogo Sitios_Arqueologicos	109898	19747
pos-es-pba-2764	review-pos-0460	control-v1-0031	positive	ES	A Coruña	Boimorto	Castro de Marco de Arriba		coastal_promontory_hint		P0	auto_seeded_requires_visual_verification	selected_for_control_set_v1	exclude_until_visual_raster_verification	150.0	Xunta PBA Catálogo. Elementos (xuño 2026)	2764	GA15010004
pos-es-pba-86	review-pos-0462		positive	ES	A Coruña	Abegondo	Castro de Cos	Asentamento fortificado/defensivo	earthwork_or_wall_hint		P0	auto_seeded_requires_visual_verification	provisional_geometry_created	exclude_until_visual_raster_verification	130.0	Xunta PBA Catálogo. Elementos (xuño 2026)	86	GA15001007
pos-es-pba-44141	review-pos-0468	control-v1-0057	positive	ES	Lugo	Burela	Castro de Cabo Burela	Castro	coastal_promontory_hint		P0	auto_seeded_requires_visual_verification	selected_for_control_set_v1	exclude_until_visual_raster_verification	150.0	Xunta PBA Catálogo. Elementos (xuño 2026)	44141	GA27902001
pos-es-pba-29641	review-pos-0469		positive	ES	Lugo	Cervantes	Igrexa do Castro (Parroquial de Santa María)	Igrexa	coastal_promontory_hint		P0	auto_seeded_requires_visual_verification	provisional_geometry_created	exclude_until_visual_raster_verification	150.0	Xunta PBA Catálogo. Elementos (xuño 2026)	29641	-
pos-es-pba-45303	review-pos-0478		positive	ES	Ourense	Baltar	Castro/O Santo/San Martiño		coastal_promontory_hint		P0	auto_seeded_requires_visual_verification	provisional_geometry_created	exclude_until_visual_raster_verification	150.0	Xunta PBA Catálogo. Elementos (xuño 2026)	45303	TO32005001
pos-es-pba-63967	review-pos-0485		positive	ES	Pontevedra	Campo Lameiro	Castro de Morillas	Castro	coastal_promontory_hint		P0	auto_seeded_requires_visual_verification	provisional_geometry_created	exclude_until_visual_raster_verification	150.0	Xunta PBA Catálogo. Elementos (xuño 2026)	63967	TO36007001
pos-es-pba-65733	review-pos-0486		positive	ES	Pontevedra	Agolada	Mámoa dos Cotos 7/Castro Marcelín/Monte da Vila	Túmulo	coastal_promontory_hint		P0	auto_seeded_requires_visual_verification	provisional_geometry_created	exclude_until_visual_raster_verification	150.0	Xunta PBA Catálogo. Elementos (xuño 2026)	65733	GA36020152
pos-pt-dgpc-108069	review-pos-0493		positive	PT	Braga	Braga	Castro das Lages	Povoado Fortificado	earthwork_or_wall_hint		P0	auto_seeded_requires_visual_verification	provisional_geometry_created	exclude_until_visual_raster_verification	130.0	DGPC Portal do Arqueólogo Sitios_Arqueologicos	108069	14300
pos-pt-dgpc-107222	review-pos-0495	control-v1-0011	positive	PT	Braga	Vila Nova de Famalicão	Cividade	Inscrição	large_castrexo_civitas_hint		P0	auto_seeded_requires_visual_verification	selected_for_control_set_v1	exclude_until_visual_raster_verification	180.0	DGPC Portal do Arqueólogo Sitios_Arqueologicos	107222	6952
pos-pt-dgpc-109040	review-pos-0496		positive	PT	Bragança	Bragança	Castro de Ciragata/Cidadelhe	Povoado Fortificado	earthwork_or_wall_hint		P0	auto_seeded_requires_visual_verification	provisional_geometry_created	exclude_until_visual_raster_verification	130.0	DGPC Portal do Arqueólogo Sitios_Arqueologicos	109040	2893
pos-pt-dgpc-105226	review-pos-0498	control-v1-0099	positive	PT	Porto	Marco de Canaveses	Arados/Castro de Arados	Povoado Fortificado	earthwork_or_wall_hint		P0	auto_seeded_requires_visual_verification	selected_for_control_set_v1	exclude_until_visual_raster_verification	130.0	DGPC Portal do Arqueólogo Sitios_Arqueologicos	105226	776
pos-pt-dgpc-109397	review-pos-0500		positive	PT	Viana do Castelo	Ponte de Lima	Castro da Senhora da Conceição	Povoado Fortificado	earthwork_or_wall_hint		P0	auto_seeded_requires_visual_verification	provisional_geometry_created	exclude_until_visual_raster_verification	130.0	DGPC Portal do Arqueólogo Sitios_Arqueologicos	109397	15752
pos-pt-dgpc-109830	review-pos-0501		positive	PT	Vila Real	Boticas	Castro de Sapelos	Povoado Fortificado	earthwork_or_wall_hint		P0	auto_seeded_requires_visual_verification	provisional_geometry_created	exclude_until_visual_raster_verification	130.0	DGPC Portal do Arqueólogo Sitios_Arqueologicos	109830	19736
pos-es-pba-2609	review-pos-0504	control-v1-0032	positive	ES	A Coruña	Boiro	Igrexa de Castro (Parroquial de Santa María)	Igrexa	coastal_promontory_hint		P0	auto_seeded_requires_visual_verification	selected_for_control_set_v1	exclude_until_visual_raster_verification	150.0	Xunta PBA Catálogo. Elementos (xuño 2026)	2609	-
pos-es-pba-87	review-pos-0506		positive	ES	A Coruña	Abegondo	Castro de Leiro	Asentamento fortificado/defensivo	earthwork_or_wall_hint		P0	auto_seeded_requires_visual_verification	provisional_geometry_created	exclude_until_visual_raster_verification	130.0	Xunta PBA Catálogo. Elementos (xuño 2026)	87	GA15001010
pos-es-pba-28792	review-pos-0512	control-v1-0058	positive	ES	Lugo	Bóveda	Castro de Marzán	Castro	coastal_promontory_hint		P0	auto_seeded_requires_visual_verification	selected_for_control_set_v1	exclude_until_visual_raster_verification	150.0	Xunta PBA Catálogo. Elementos (xuño 2026)	28792	GA27008022
pos-es-pba-30962	review-pos-0513		positive	ES	Lugo	Foz	O Castro/Pico do Castro/Cu do Castro de Marzán		coastal_promontory_hint		P0	auto_seeded_requires_visual_verification	provisional_geometry_created	exclude_until_visual_raster_verification	150.0	Xunta PBA Catálogo. Elementos (xuño 2026)	30962	GA27019008
pos-es-pba-47192	review-pos-0522		positive	ES	Ourense	Castrelo de Miño	Castro de Santa María de Castrelo		coastal_promontory_hint		P0	auto_seeded_requires_visual_verification	provisional_geometry_created	exclude_until_visual_raster_verification	150.0	Xunta PBA Catálogo. Elementos (xuño 2026)	47192	GA32022001
pos-es-pba-76381	review-pos-0528		positive	ES	Pontevedra	Ponteareas	Xacemento da capela e castro de San Amaro	Castro/Capela	coastal_promontory_hint		P0	auto_seeded_requires_visual_verification	provisional_geometry_created	exclude_until_visual_raster_verification	150.0	Xunta PBA Catálogo. Elementos (xuño 2026)	76381	GA36042006
pos-es-pba-65734	review-pos-0529		positive	ES	Pontevedra	Agolada	Mámoa dos Cotos 8/Castro Marcelín/Monte da Vila	Túmulo	coastal_promontory_hint		P0	auto_seeded_requires_visual_verification	provisional_geometry_created	exclude_until_visual_raster_verification	150.0	Xunta PBA Catálogo. Elementos (xuño 2026)	65734	GA36020153
pos-pt-dgpc-107213	review-pos-0535	control-v1-0080	positive	PT	Braga	Celorico de Basto	Castro da Barrega	Povoado Fortificado	earthwork_or_wall_hint		P0	auto_seeded_requires_visual_verification	selected_for_control_set_v1	exclude_until_visual_raster_verification	130.0	DGPC Portal do Arqueólogo Sitios_Arqueologicos	107213	20236
pos-pt-dgpc-109406	review-pos-0537	control-v1-0012	positive	PT	Braga	Vila Verde	Citânia de São Julião de Caldelas	Povoado Fortificado	large_castrexo_civitas_hint		P0	auto_seeded_requires_visual_verification	selected_for_control_set_v1	exclude_until_visual_raster_verification	180.0	DGPC Portal do Arqueólogo Sitios_Arqueologicos	109406	1237
pos-pt-dgpc-108650	review-pos-0538		positive	PT	Bragança	Bragança	Castro de Gimonde/ Arrabalde de Gimonde	Povoado Fortificado	earthwork_or_wall_hint		P0	auto_seeded_requires_visual_verification	provisional_geometry_created	exclude_until_visual_raster_verification	130.0	DGPC Portal do Arqueólogo Sitios_Arqueologicos	108650	535
pos-pt-dgpc-105975	review-pos-0540		positive	PT	Porto	Marco de Canaveses	Castro de Santiago	Povoado Fortificado	earthwork_or_wall_hint		P0	auto_seeded_requires_visual_verification	provisional_geometry_created	exclude_until_visual_raster_verification	130.0	DGPC Portal do Arqueólogo Sitios_Arqueologicos	105975	135
pos-pt-dgpc-108844	review-pos-0541		positive	PT	Viana do Castelo	Ponte de Lima	Castro de Baixo	Povoado Fortificado	earthwork_or_wall_hint		P0	auto_seeded_requires_visual_verification	provisional_geometry_created	exclude_until_visual_raster_verification	130.0	DGPC Portal do Arqueólogo Sitios_Arqueologicos	108844	13686
pos-pt-dgpc-109684	review-pos-0542		positive	PT	Vila Real	Boticas	Castro do Cabeço	Povoado Fortificado	earthwork_or_wall_hint		P0	auto_seeded_requires_visual_verification	provisional_geometry_created	exclude_until_visual_raster_verification	130.0	DGPC Portal do Arqueólogo Sitios_Arqueologicos	109684	3739
pos-es-pba-4275	review-pos-0545	control-v1-0033	positive	ES	A Coruña	Cabana de Bergantiños	Campo da Romaría de San Fins de Castro		coastal_promontory_hint		P0	auto_seeded_requires_visual_verification	selected_for_control_set_v1	exclude_until_visual_raster_verification	150.0	Xunta PBA Catálogo. Elementos (xuño 2026)	4275	-
pos-es-pba-88	review-pos-0547		positive	ES	A Coruña	Abegondo	Castro de Mabegondo	Asentamento fortificado/defensivo	earthwork_or_wall_hint		P0	auto_seeded_requires_visual_verification	provisional_geometry_created	exclude_until_visual_raster_verification	130.0	Xunta PBA Catálogo. Elementos (xuño 2026)	88	GA15001004
pos-es-pba-28508	review-pos-0553	control-v1-0059	positive	ES	Lugo	Carballedo	Castro de Santa Mariña	Castro	coastal_promontory_hint		P0	auto_seeded_requires_visual_verification	selected_for_control_set_v1	exclude_until_visual_raster_verification	150.0	Xunta PBA Catálogo. Elementos (xuño 2026)	28508	GA27009003
pos-es-pba-31001	review-pos-0554		positive	ES	Lugo	Foz	Punta dos Bois/Castro de Llas/Cu do Castro		coastal_promontory_hint		P0	auto_seeded_requires_visual_verification	provisional_geometry_created	exclude_until_visual_raster_verification	150.0	Xunta PBA Catálogo. Elementos (xuño 2026)	31001	GA27019009
pos-es-pba-47224	review-pos-0563		positive	ES	Ourense	Castrelo de Miño	Igrexa de Castrelo de Miño (Parroquial de Santa María)	Igrexa	coastal_promontory_hint		P0	auto_seeded_requires_visual_verification	provisional_geometry_created	exclude_until_visual_raster_verification	150.0	Xunta PBA Catálogo. Elementos (xuño 2026)	47224	-
pos-es-pba-69692	review-pos-0569		positive	ES	Pontevedra	Salvaterra de Miño	Castro de Lira/Alto de San Amaro	Castro	coastal_promontory_hint		P0	auto_seeded_requires_visual_verification	provisional_geometry_created	exclude_until_visual_raster_verification	150.0	Xunta PBA Catálogo. Elementos (xuño 2026)	69692	GA36050005
pos-es-pba-59932	review-pos-0570		positive	ES	Pontevedra	Arbo	Petróglifos no Castro do Coto de San Martiño	Petróglifo	coastal_promontory_hint		P0	auto_seeded_requires_visual_verification	provisional_geometry_created	exclude_until_visual_raster_verification	150.0	Xunta PBA Catálogo. Elementos (xuño 2026)	59932	GA36001055
pos-pt-dgpc-107601	review-pos-0576	control-v1-0081	positive	PT	Braga	Esposende	Castro de São Lourenço	Povoado Fortificado	earthwork_or_wall_hint		P0	auto_seeded_requires_visual_verification	selected_for_control_set_v1	exclude_until_visual_raster_verification	130.0	DGPC Portal do Arqueólogo Sitios_Arqueologicos	107601	3178
pos-pt-dgpc-109725	review-pos-0578		positive	PT	Bragança	Bragança	Castro de Vila Boa	Povoado Fortificado	earthwork_or_wall_hint		P0	auto_seeded_requires_visual_verification	provisional_geometry_created	exclude_until_visual_raster_verification	130.0	DGPC Portal do Arqueólogo Sitios_Arqueologicos	109725	17616
pos-pt-dgpc-106131	review-pos-0580		positive	PT	Porto	Marco de Canaveses	Vila Boa de Quires/Castro de Quires	Povoado Fortificado	earthwork_or_wall_hint		P0	auto_seeded_requires_visual_verification	provisional_geometry_created	exclude_until_visual_raster_verification	130.0	DGPC Portal do Arqueólogo Sitios_Arqueologicos	106131	5001
pos-pt-dgpc-109326	review-pos-0581		positive	PT	Viana do Castelo	Ponte de Lima	Castro de Cadem	Povoado Fortificado	earthwork_or_wall_hint		P0	auto_seeded_requires_visual_verification	provisional_geometry_created	exclude_until_visual_raster_verification	130.0	DGPC Portal do Arqueólogo Sitios_Arqueologicos	109326	17936
pos-pt-dgpc-109500	review-pos-0582		positive	PT	Vila Real	Boticas	Castro do Malhó	Povoado Fortificado	earthwork_or_wall_hint		P0	auto_seeded_requires_visual_verification	provisional_geometry_created	exclude_until_visual_raster_verification	130.0	DGPC Portal do Arqueólogo Sitios_Arqueologicos	109500	19806
pos-es-pba-3723	review-pos-0585	control-v1-0034	positive	ES	A Coruña	Camariñas	Punta do Castro		coastal_promontory_hint		P0	auto_seeded_requires_visual_verification	selected_for_control_set_v1	exclude_until_visual_raster_verification	150.0	Xunta PBA Catálogo. Elementos (xuño 2026)	3723	GA15016005
pos-es-pba-89	review-pos-0587		positive	ES	A Coruña	Abegondo	Castro de Meangos	Asentamento fortificado/defensivo	earthwork_or_wall_hint		P0	auto_seeded_requires_visual_verification	provisional_geometry_created	exclude_until_visual_raster_verification	130.0	Xunta PBA Catálogo. Elementos (xuño 2026)	89	GA15001008
pos-es-pba-27820	review-pos-0593	control-v1-0060	positive	ES	Lugo	Castro de Rei	Castro de Azúmara	Castro	coastal_promontory_hint		P0	auto_seeded_requires_visual_verification	selected_for_control_set_v1	exclude_until_visual_raster_verification	150.0	Xunta PBA Catálogo. Elementos (xuño 2026)	27820	GA27010023
pos-es-pba-31002	review-pos-0594		positive	ES	Lugo	Foz	Punta dos Castros		coastal_promontory_hint		P0	auto_seeded_requires_visual_verification	provisional_geometry_created	exclude_until_visual_raster_verification	150.0	Xunta PBA Catálogo. Elementos (xuño 2026)	31002	GA27019012
pos-es-pba-46869	review-pos-0603		positive	ES	Ourense	Castro Caldelas	Castro de San Martín		coastal_promontory_hint		P0	auto_seeded_requires_visual_verification	provisional_geometry_created	exclude_until_visual_raster_verification	150.0	Xunta PBA Catálogo. Elementos (xuño 2026)	46869	GA32023011
pos-es-pba-71666	review-pos-0607		positive	ES	Pontevedra	Sanxenxo	Castro de Punta de Elmo	Castro	coastal_promontory_hint		P0	auto_seeded_requires_visual_verification	provisional_geometry_created	exclude_until_visual_raster_verification	150.0	Xunta PBA Catálogo. Elementos (xuño 2026)	71666	GA36051008
pos-es-pba-61811	review-pos-0608		positive	ES	Pontevedra	Cambados	Cruz no Castro de Santa Mariña		coastal_promontory_hint		P0	auto_seeded_requires_visual_verification	provisional_geometry_created	exclude_until_visual_raster_verification	150.0	Xunta PBA Catálogo. Elementos (xuño 2026)	61811	-
pos-pt-dgpc-107488	review-pos-0614		positive	PT	Braga	Esposende	Castro do Senhor dos Desamparados	Povoado Fortificado	earthwork_or_wall_hint		P0	auto_seeded_requires_visual_verification	provisional_geometry_created	exclude_until_visual_raster_verification	130.0	DGPC Portal do Arqueólogo Sitios_Arqueologicos	107488	12090
pos-pt-dgpc-109722	review-pos-0616		positive	PT	Bragança	Bragança	Castro do Serro de Coelhoso	Povoado Fortificado	earthwork_or_wall_hint		P0	auto_seeded_requires_visual_verification	provisional_geometry_created	exclude_until_visual_raster_verification	130.0	DGPC Portal do Arqueólogo Sitios_Arqueologicos	109722	17535
pos-pt-dgpc-105192	review-pos-0618	control-v1-0100	positive	PT	Porto	Paços de Ferreira	Castro de Vila	Povoado Fortificado	earthwork_or_wall_hint		P0	auto_seeded_requires_visual_verification	selected_for_control_set_v1	exclude_until_visual_raster_verification	130.0	DGPC Portal do Arqueólogo Sitios_Arqueologicos	105192	13083
pos-pt-dgpc-108862	review-pos-0619		positive	PT	Viana do Castelo	Ponte de Lima	Castro de Cima	Povoado Fortificado	earthwork_or_wall_hint		P0	auto_seeded_requires_visual_verification	provisional_geometry_created	exclude_until_visual_raster_verification	130.0	DGPC Portal do Arqueólogo Sitios_Arqueologicos	108862	13682
pos-pt-dgpc-109165	review-pos-0620		positive	PT	Vila Real	Boticas	Castro do Muro (Sapelos)	Povoado Fortificado	earthwork_or_wall_hint		P0	auto_seeded_requires_visual_verification	provisional_geometry_created	exclude_until_visual_raster_verification	130.0	DGPC Portal do Arqueólogo Sitios_Arqueologicos	109165	19735
pos-es-pba-27149	review-pos-0623	control-v1-0035	positive	ES	A Coruña	Cariño	Castro de Cariño/Punta do Castro		coastal_promontory_hint		P0	auto_seeded_requires_visual_verification	selected_for_control_set_v1	exclude_until_visual_raster_verification	150.0	Xunta PBA Catálogo. Elementos (xuño 2026)	27149	GA15901002
pos-es-pba-106	review-pos-0625		positive	ES	A Coruña	Abegondo	Castro de Orto	Asentamento fortificado/defensivo	earthwork_or_wall_hint		P0	auto_seeded_requires_visual_verification	provisional_geometry_created	exclude_until_visual_raster_verification	130.0	Xunta PBA Catálogo. Elementos (xuño 2026)	106	GA15001001
pos-es-pba-27942	review-pos-0631	control-v1-0061	positive	ES	Lugo	Castroverde	Castro de Santa María da Frairía	Castro	coastal_promontory_hint		P0	auto_seeded_requires_visual_verification	selected_for_control_set_v1	exclude_until_visual_raster_verification	150.0	Xunta PBA Catálogo. Elementos (xuño 2026)	27942	GA27011065
pos-es-pba-30583	review-pos-0632		positive	ES	Lugo	Guitiriz	A Costa de Castro		coastal_promontory_hint		P0	auto_seeded_requires_visual_verification	provisional_geometry_created	exclude_until_visual_raster_verification	150.0	Xunta PBA Catálogo. Elementos (xuño 2026)	30583	Guitiriz_31062
pos-es-pba-48406	review-pos-0641		positive	ES	Ourense	Celanova	Igrexa de Castromao (Parroquial de Santa María)	Igrexa	coastal_promontory_hint		P0	auto_seeded_requires_visual_verification	provisional_geometry_created	exclude_until_visual_raster_verification	150.0	Xunta PBA Catálogo. Elementos (xuño 2026)	48406	-
pos-es-pba-70412	review-pos-0645		positive	ES	Pontevedra	Silleda	Castro do Marco/Castro de Darío	Castro	coastal_promontory_hint		P0	auto_seeded_requires_visual_verification	provisional_geometry_created	exclude_until_visual_raster_verification	150.0	Xunta PBA Catálogo. Elementos (xuño 2026)	70412	GA36052047
pos-es-pba-64231	review-pos-0646		positive	ES	Pontevedra	Forcarei	Igrexa de Castrelo (Parroquial de Santa Mariña)	Igrexa	coastal_promontory_hint		P0	auto_seeded_requires_visual_verification	provisional_geometry_created	exclude_until_visual_raster_verification	150.0	Xunta PBA Catálogo. Elementos (xuño 2026)	64231	-
pos-pt-dgpc-107016	review-pos-0651	control-v1-0082	positive	PT	Braga	Fafe	Castro da Retortinha/Cepães	Povoado Fortificado	earthwork_or_wall_hint		P0	auto_seeded_requires_visual_verification	selected_for_control_set_v1	exclude_until_visual_raster_verification	130.0	DGPC Portal do Arqueólogo Sitios_Arqueologicos	107016	5065
pos-pt-dgpc-108600	review-pos-0653		positive	PT	Bragança	Bragança	Fragas do Castro	Povoado Fortificado	earthwork_or_wall_hint		P0	auto_seeded_requires_visual_verification	provisional_geometry_created	exclude_until_visual_raster_verification	130.0	DGPC Portal do Arqueólogo Sitios_Arqueologicos	108600	17438
pos-pt-dgpc-106268	review-pos-0655		positive	PT	Porto	Paços de Ferreira	Castro do Busto	Povoado Fortificado	earthwork_or_wall_hint		P0	auto_seeded_requires_visual_verification	provisional_geometry_created	exclude_until_visual_raster_verification	130.0	DGPC Portal do Arqueólogo Sitios_Arqueologicos	106268	4289
pos-pt-dgpc-109562	review-pos-0656		positive	PT	Viana do Castelo	Ponte de Lima	Castro de Santa Comba	Povoado Fortificado	earthwork_or_wall_hint		P0	auto_seeded_requires_visual_verification	provisional_geometry_created	exclude_until_visual_raster_verification	130.0	DGPC Portal do Arqueólogo Sitios_Arqueologicos	109562	15749
pos-pt-dgpc-109836	review-pos-0657		positive	PT	Vila Real	Boticas	Castro do Muro/Casas dos Mouros	Povoado Fortificado	earthwork_or_wall_hint		P0	auto_seeded_requires_visual_verification	provisional_geometry_created	exclude_until_visual_raster_verification	130.0	DGPC Portal do Arqueólogo Sitios_Arqueologicos	109836	19730
pos-es-pba-27150	review-pos-0659		positive	ES	A Coruña	Cariño	Castro de Sismundi/Punta do Castro		coastal_promontory_hint		P0	auto_seeded_requires_visual_verification	provisional_geometry_created	exclude_until_visual_raster_verification	150.0	Xunta PBA Catálogo. Elementos (xuño 2026)	27150	GA15901006
pos-es-pba-107	review-pos-0661		positive	ES	A Coruña	Abegondo	Castro de Presedo	Asentamento fortificado/defensivo	earthwork_or_wall_hint		P0	auto_seeded_requires_visual_verification	provisional_geometry_created	exclude_until_visual_raster_verification	130.0	Xunta PBA Catálogo. Elementos (xuño 2026)	107	GA15001012
pos-es-pba-28826	review-pos-0667		positive	ES	Lugo	Chantada	Castro de Mariz	Castro	coastal_promontory_hint		P0	auto_seeded_requires_visual_verification	provisional_geometry_created	exclude_until_visual_raster_verification	150.0	Xunta PBA Catálogo. Elementos (xuño 2026)	28826	GA27016007
pos-es-pba-31652	review-pos-0668		positive	ES	Lugo	Lugo	Castro Sillar		coastal_promontory_hint		P0	auto_seeded_requires_visual_verification	provisional_geometry_created	exclude_until_visual_raster_verification	150.0	Xunta PBA Catálogo. Elementos (xuño 2026)	31652	GA27028027
pos-es-pba-48170	review-pos-0677		positive	ES	Ourense	Cenlle	Camiño da Costa/Camiño do Castro		coastal_promontory_hint		P0	auto_seeded_requires_visual_verification	provisional_geometry_created	exclude_until_visual_raster_verification	150.0	Xunta PBA Catálogo. Elementos (xuño 2026)	48170	GA32025010
pos-es-pba-70450	review-pos-0681		positive	ES	Pontevedra	Tui	Castro do Alto do Mariño	Castro	coastal_promontory_hint		P0	auto_seeded_requires_visual_verification	provisional_geometry_created	exclude_until_visual_raster_verification	150.0	Xunta PBA Catálogo. Elementos (xuño 2026)	70450	GA36055025
pos-es-pba-76788	review-pos-0682		positive	ES	Pontevedra	Ponte Caldelas	Igrexa de Castro Barbudo (Parroquial de Santa María)	Igrexa	coastal_promontory_hint		P0	auto_seeded_requires_visual_verification	provisional_geometry_created	exclude_until_visual_raster_verification	150.0	Xunta PBA Catálogo. Elementos (xuño 2026)	76788	-
pos-pt-dgpc-107914	review-pos-0687		positive	PT	Braga	Fafe	Castro de Ribeiros	Povoado Fortificado	earthwork_or_wall_hint		P0	auto_seeded_requires_visual_verification	provisional_geometry_created	exclude_until_visual_raster_verification	130.0	DGPC Portal do Arqueólogo Sitios_Arqueologicos	107914	4327
pos-pt-dgpc-108651	review-pos-0689		positive	PT	Bragança	Bragança	Fragas do Castro	Povoado Fortificado	earthwork_or_wall_hint		P0	auto_seeded_requires_visual_verification	provisional_geometry_created	exclude_until_visual_raster_verification	130.0	DGPC Portal do Arqueólogo Sitios_Arqueologicos	108651	17591
pos-pt-dgpc-106958	review-pos-0691		positive	PT	Porto	Póvoa do Varzim	Castro de Argivai	Povoado Fortificado	earthwork_or_wall_hint		P0	auto_seeded_requires_visual_verification	provisional_geometry_created	exclude_until_visual_raster_verification	130.0	DGPC Portal do Arqueólogo Sitios_Arqueologicos	106958	15073
pos-pt-dgpc-110181	review-pos-0692		positive	PT	Viana do Castelo	Ponte de Lima	Castro de São João	Povoado Fortificado	earthwork_or_wall_hint		P0	auto_seeded_requires_visual_verification	provisional_geometry_created	exclude_until_visual_raster_verification	130.0	DGPC Portal do Arqueólogo Sitios_Arqueologicos	110181	14052
pos-pt-dgpc-109555	review-pos-0693		positive	PT	Vila Real	Boticas	Castro do Poio	Povoado Fortificado	earthwork_or_wall_hint		P0	auto_seeded_requires_visual_verification	provisional_geometry_created	exclude_until_visual_raster_verification	130.0	DGPC Portal do Arqueólogo Sitios_Arqueologicos	109555	19690
pos-es-pba-27151	review-pos-0695		positive	ES	A Coruña	Cariño	Castro dos Fornos/Punta de Frades		coastal_promontory_hint		P0	auto_seeded_requires_visual_verification	provisional_geometry_created	exclude_until_visual_raster_verification	150.0	Xunta PBA Catálogo. Elementos (xuño 2026)	27151	GA15901005
pos-es-pba-108	review-pos-0697		positive	ES	A Coruña	Abegondo	Castro de Vilar	Asentamento fortificado/defensivo	earthwork_or_wall_hint		P0	auto_seeded_requires_visual_verification	provisional_geometry_created	exclude_until_visual_raster_verification	130.0	Xunta PBA Catálogo. Elementos (xuño 2026)	108	GA15001003
pos-es-pba-28831	review-pos-0703		positive	ES	Lugo	Chantada	Castro de Pumar	Castro	coastal_promontory_hint		P0	auto_seeded_requires_visual_verification	provisional_geometry_created	exclude_until_visual_raster_verification	150.0	Xunta PBA Catálogo. Elementos (xuño 2026)	28831	GA27016023
pos-es-pba-33757	review-pos-0704		positive	ES	Lugo	Mondoñedo	Os Castros de Santa María Maior		coastal_promontory_hint		P0	auto_seeded_requires_visual_verification	provisional_geometry_created	exclude_until_visual_raster_verification	150.0	Xunta PBA Catálogo. Elementos (xuño 2026)	33757	GA27030002
pos-es-pba-49923	review-pos-0713		positive	ES	Ourense	Cualedro	A Cidá do Castro/Castro de San Millán		coastal_promontory_hint		P0	auto_seeded_requires_visual_verification	provisional_geometry_created	exclude_until_visual_raster_verification	150.0	Xunta PBA Catálogo. Elementos (xuño 2026)	49923	GA32028026
pos-es-pba-70451	review-pos-0717		positive	ES	Pontevedra	Tui	Castro do Costal	Castro	coastal_promontory_hint		P0	auto_seeded_requires_visual_verification	provisional_geometry_created	exclude_until_visual_raster_verification	150.0	Xunta PBA Catálogo. Elementos (xuño 2026)	70451	GA36055001
pos-es-pba-72209	review-pos-0718		positive	ES	Pontevedra	Vigo	Casa reitoral de Santa María de Castrelos		coastal_promontory_hint		P0	auto_seeded_requires_visual_verification	provisional_geometry_created	exclude_until_visual_raster_verification	150.0	Xunta PBA Catálogo. Elementos (xuño 2026)	72209	-
pos-pt-dgpc-107349	review-pos-0723		positive	PT	Braga	Fafe	Castro de Santo Ovídio	Povoado Fortificado	earthwork_or_wall_hint		P0	auto_seeded_requires_visual_verification	provisional_geometry_created	exclude_until_visual_raster_verification	130.0	DGPC Portal do Arqueólogo Sitios_Arqueologicos	107349	61
pos-pt-dgpc-108602	review-pos-0725		positive	PT	Bragança	Bragança	Torre Velha de Castro de Avelãs	Povoado Fortificado	earthwork_or_wall_hint		P0	auto_seeded_requires_visual_verification	provisional_geometry_created	exclude_until_visual_raster_verification	130.0	DGPC Portal do Arqueólogo Sitios_Arqueologicos	108602	1307
pos-pt-dgpc-105926	review-pos-0727		positive	PT	Porto	Valongo	Castro do Couce	Povoado Fortificado	earthwork_or_wall_hint		P0	auto_seeded_requires_visual_verification	provisional_geometry_created	exclude_until_visual_raster_verification	130.0	DGPC Portal do Arqueólogo Sitios_Arqueologicos	105926	18255
pos-pt-dgpc-110033	review-pos-0728		positive	PT	Viana do Castelo	Ponte de Lima	Castro de São Simão	Povoado Fortificado	earthwork_or_wall_hint		P0	auto_seeded_requires_visual_verification	provisional_geometry_created	exclude_until_visual_raster_verification	130.0	DGPC Portal do Arqueólogo Sitios_Arqueologicos	110033	13687
pos-pt-dgpc-109752	review-pos-0729		positive	PT	Vila Real	Chaves	Castro da Curalha	Povoado Fortificado	earthwork_or_wall_hint		P0	auto_seeded_requires_visual_verification	provisional_geometry_created	exclude_until_visual_raster_verification	130.0	DGPC Portal do Arqueólogo Sitios_Arqueologicos	109752	57
pos-es-pba-27212	review-pos-0731		positive	ES	A Coruña	Cariño	Faro de Punta do Castro		coastal_promontory_hint		P0	auto_seeded_requires_visual_verification	provisional_geometry_created	exclude_until_visual_raster_verification	150.0	Xunta PBA Catálogo. Elementos (xuño 2026)	27212	-
pos-es-pba-109	review-pos-0733		positive	ES	A Coruña	Abegondo	Castro de Vizoño	Asentamento fortificado/defensivo	earthwork_or_wall_hint		P0	auto_seeded_requires_visual_verification	provisional_geometry_created	exclude_until_visual_raster_verification	130.0	Xunta PBA Catálogo. Elementos (xuño 2026)	109	GA15001014
pos-es-pba-28832	review-pos-0739		positive	ES	Lugo	Chantada	Castro de San Amaro	Castro	coastal_promontory_hint		P0	auto_seeded_requires_visual_verification	provisional_geometry_created	exclude_until_visual_raster_verification	150.0	Xunta PBA Catálogo. Elementos (xuño 2026)	28832	GA27016008
pos-es-pba-35111	review-pos-0740		positive	ES	Lugo	Monterroso	Igrexa de Sucastro (Parroquial de Santa Mariña)	Igrexa	coastal_promontory_hint		P0	auto_seeded_requires_visual_verification	provisional_geometry_created	exclude_until_visual_raster_verification	150.0	Xunta PBA Catálogo. Elementos (xuño 2026)	35111	-
pos-es-pba-51479	review-pos-0749		positive	ES	Ourense	Maceda	Castro de Santa Marta		coastal_promontory_hint		P0	auto_seeded_requires_visual_verification	provisional_geometry_created	exclude_until_visual_raster_verification	150.0	Xunta PBA Catálogo. Elementos (xuño 2026)	51479	GA32043007
pos-es-pba-72641	review-pos-0753		positive	ES	Pontevedra	Vigo	Castro da Punta do Muíño de Vento	Castro	coastal_promontory_hint		P0	auto_seeded_requires_visual_verification	provisional_geometry_created	exclude_until_visual_raster_verification	150.0	Xunta PBA Catálogo. Elementos (xuño 2026)	72641	GA36057153
pos-es-pba-73070	review-pos-0754		positive	ES	Pontevedra	Vigo	Cemiterio de Santa María de Castrelos		coastal_promontory_hint		P0	auto_seeded_requires_visual_verification	provisional_geometry_created	exclude_until_visual_raster_verification	150.0	Xunta PBA Catálogo. Elementos (xuño 2026)	73070	-
pos-pt-dgpc-108039	review-pos-0759	control-v1-0083	positive	PT	Braga	Guimarães	Castro	Povoado Fortificado	earthwork_or_wall_hint		P0	auto_seeded_requires_visual_verification	selected_for_control_set_v1	exclude_until_visual_raster_verification	130.0	DGPC Portal do Arqueólogo Sitios_Arqueologicos	108039	33453
pos-pt-dgpc-108425	review-pos-0761		positive	PT	Bragança	Bragança	Torre do Castro	Povoado Fortificado	earthwork_or_wall_hint		P0	auto_seeded_requires_visual_verification	provisional_geometry_created	exclude_until_visual_raster_verification	130.0	DGPC Portal do Arqueólogo Sitios_Arqueologicos	108425	5037
pos-pt-dgpc-112713	review-pos-0763		positive	PT	Porto	Vila Nova de Gaia	Castro da Madalena	Povoado Fortificado	earthwork_or_wall_hint		P0	auto_seeded_requires_visual_verification	provisional_geometry_created	exclude_until_visual_raster_verification	130.0	DGPC Portal do Arqueólogo Sitios_Arqueologicos	112713	3600
pos-pt-dgpc-109680	review-pos-0764		positive	PT	Viana do Castelo	Ponte de Lima	Castro de Vilar	Povoado Fortificado	earthwork_or_wall_hint		P0	auto_seeded_requires_visual_verification	provisional_geometry_created	exclude_until_visual_raster_verification	130.0	DGPC Portal do Arqueólogo Sitios_Arqueologicos	109680	14053
pos-pt-dgpc-109308	review-pos-0765		positive	PT	Vila Real	Chaves	Castro de Loivos/Castro de Muradal	Povoado Fortificado	earthwork_or_wall_hint		P0	auto_seeded_requires_visual_verification	provisional_geometry_created	exclude_until_visual_raster_verification	130.0	DGPC Portal do Arqueólogo Sitios_Arqueologicos	109308	22
pos-es-pba-5561	review-pos-0767	control-v1-0036	positive	ES	A Coruña	Cerdido	Castro Sete (San Martiño de Cerdido)		coastal_promontory_hint		P0	auto_seeded_requires_visual_verification	selected_for_control_set_v1	exclude_until_visual_raster_verification	150.0	Xunta PBA Catálogo. Elementos (xuño 2026)	5561	GA15025003
pos-es-pba-110	review-pos-0769		positive	ES	A Coruña	Abegondo	Castro do Encoro	Asentamento fortificado/defensivo	earthwork_or_wall_hint		P0	auto_seeded_requires_visual_verification	provisional_geometry_created	exclude_until_visual_raster_verification	130.0	Xunta PBA Catálogo. Elementos (xuño 2026)	110	GA15001051
pos-es-pba-30084	review-pos-0775		positive	ES	Lugo	Guitiriz	Castro de Margá	Castro	coastal_promontory_hint		P0	auto_seeded_requires_visual_verification	provisional_geometry_created	exclude_until_visual_raster_verification	150.0	Xunta PBA Catálogo. Elementos (xuño 2026)	30084	GA27022068
pos-es-pba-34925	review-pos-0776		positive	ES	Lugo	Monterroso	O Castro/Nabal do Castro/As Míllaras/Fondevila		coastal_promontory_hint		P0	auto_seeded_requires_visual_verification	provisional_geometry_created	exclude_until_visual_raster_verification	150.0	Xunta PBA Catálogo. Elementos (xuño 2026)	34925	GA27032017
pos-es-pba-51009	review-pos-0785		positive	ES	Ourense	Manzaneda	O Castro/San Martiño		coastal_promontory_hint		P0	auto_seeded_requires_visual_verification	provisional_geometry_created	exclude_until_visual_raster_verification	150.0	Xunta PBA Catálogo. Elementos (xuño 2026)	51009	GA32044007
pos-es-pba-75962	review-pos-0788		positive	ES	Pontevedra	Vilagarcía de Arousa	Castro do Montiño/Castro de Marxión	Castro	coastal_promontory_hint		P0	auto_seeded_requires_visual_verification	provisional_geometry_created	exclude_until_visual_raster_verification	150.0	Xunta PBA Catálogo. Elementos (xuño 2026)	75962	Vilagarcía de Arousa_78083
pos-es-pba-74054	review-pos-0789		positive	ES	Pontevedra	Vigo	Conxunto parroquial de Santa María de Castrelos	Igrexa	coastal_promontory_hint		P0	auto_seeded_requires_visual_verification	provisional_geometry_created	exclude_until_visual_raster_verification	150.0	Xunta PBA Catálogo. Elementos (xuño 2026)	74054	-
pos-pt-dgpc-107927	review-pos-0793		positive	PT	Braga	Guimarães	Castro de São Bartolomeu	Povoado Fortificado	earthwork_or_wall_hint		P0	auto_seeded_requires_visual_verification	provisional_geometry_created	exclude_until_visual_raster_verification	130.0	DGPC Portal do Arqueólogo Sitios_Arqueologicos	107927	14308
pos-pt-dgpc-106059	review-pos-0795	control-v1-0090	positive	PT	Bragança	Carrazeda de Ansiães	Castro da Rapa	Povoado Fortificado	earthwork_or_wall_hint		P0	auto_seeded_requires_visual_verification	selected_for_control_set_v1	exclude_until_visual_raster_verification	130.0	DGPC Portal do Arqueólogo Sitios_Arqueologicos	106059	16985
pos-pt-dgpc-112730	review-pos-0797		positive	PT	Porto	Vila Nova de Gaia	Castro de Baiza	Povoado Fortificado	earthwork_or_wall_hint		P0	auto_seeded_requires_visual_verification	provisional_geometry_created	exclude_until_visual_raster_verification	130.0	DGPC Portal do Arqueólogo Sitios_Arqueologicos	112730	3382
pos-pt-dgpc-108825	review-pos-0798		positive	PT	Viana do Castelo	Ponte de Lima	Castro do Bárrio	Povoado Fortificado	earthwork_or_wall_hint		P0	auto_seeded_requires_visual_verification	provisional_geometry_created	exclude_until_visual_raster_verification	130.0	DGPC Portal do Arqueólogo Sitios_Arqueologicos	108825	13685
pos-pt-dgpc-108615	review-pos-0799		positive	PT	Vila Real	Chaves	Castro/São Sebastião	Povoado Fortificado	earthwork_or_wall_hint		P0	auto_seeded_requires_visual_verification	provisional_geometry_created	exclude_until_visual_raster_verification	130.0	DGPC Portal do Arqueólogo Sitios_Arqueologicos	108615	429
pos-es-pba-9621	review-pos-0801	control-v1-0037	positive	ES	A Coruña	Dumbría	Castro de Castromar		coastal_promontory_hint		P0	auto_seeded_requires_visual_verification	selected_for_control_set_v1	exclude_until_visual_raster_verification	150.0	Xunta PBA Catálogo. Elementos (xuño 2026)	9621	GA15034039
pos-es-pba-111	review-pos-0803		positive	ES	A Coruña	Abegondo	Castro do Encoro	Asentamento fortificado/defensivo	earthwork_or_wall_hint		P0	auto_seeded_requires_visual_verification	provisional_geometry_created	exclude_until_visual_raster_verification	130.0	Xunta PBA Catálogo. Elementos (xuño 2026)	111	GA15001051
pos-es-pba-31432	review-pos-0809		positive	ES	Lugo	Lugo	Castro da Casilla/O Castro	Castro	coastal_promontory_hint		P0	auto_seeded_requires_visual_verification	provisional_geometry_created	exclude_until_visual_raster_verification	150.0	Xunta PBA Catálogo. Elementos (xuño 2026)	31432	GA27028145
pos-es-pba-37125	review-pos-0810		positive	ES	Lugo	O Páramo	A Croa de San Martiño/Croa do Castro		coastal_promontory_hint		P0	auto_seeded_requires_visual_verification	provisional_geometry_created	exclude_until_visual_raster_verification	150.0	Xunta PBA Catálogo. Elementos (xuño 2026)	37125	GA27043004
pos-es-pba-52397	review-pos-0819		positive	ES	Ourense	Monterrei	O Castro de Guimarei		coastal_promontory_hint		P0	auto_seeded_requires_visual_verification	provisional_geometry_created	exclude_until_visual_raster_verification	150.0	Xunta PBA Catálogo. Elementos (xuño 2026)	52397	GA32050030
pos-es-pba-74545	review-pos-0822		positive	ES	Pontevedra	Vigo	Necrópole de Santa María de Castrelos	Necrópole	coastal_promontory_hint		P0	auto_seeded_requires_visual_verification	provisional_geometry_created	exclude_until_visual_raster_verification	150.0	Xunta PBA Catálogo. Elementos (xuño 2026)	74545	GA36057014
pos-pt-dgpc-107087	review-pos-0826		positive	PT	Braga	Guimarães	Eira do Castro	Povoado Fortificado	earthwork_or_wall_hint		P0	auto_seeded_requires_visual_verification	provisional_geometry_created	exclude_until_visual_raster_verification	130.0	DGPC Portal do Arqueólogo Sitios_Arqueologicos	107087	6950
pos-pt-dgpc-107361	review-pos-0827	control-v1-0091	positive	PT	Bragança	Miranda do Douro	Casa do Quinteiro/Castro de Cércio	Povoado Fortificado	earthwork_or_wall_hint		P0	auto_seeded_requires_visual_verification	selected_for_control_set_v1	exclude_until_visual_raster_verification	130.0	DGPC Portal do Arqueólogo Sitios_Arqueologicos	107361	2195
pos-pt-dgpc-106433	review-pos-0829		positive	PT	Porto	Vila do Conde	Castro Boi	Povoado Fortificado	earthwork_or_wall_hint		P0	auto_seeded_requires_visual_verification	provisional_geometry_created	exclude_until_visual_raster_verification	130.0	DGPC Portal do Arqueólogo Sitios_Arqueologicos	106433	3634
pos-pt-dgpc-109291	review-pos-0830		positive	PT	Viana do Castelo	Ponte de Lima	Castro do Calvário	Povoado Fortificado	earthwork_or_wall_hint		P0	auto_seeded_requires_visual_verification	provisional_geometry_created	exclude_until_visual_raster_verification	130.0	DGPC Portal do Arqueólogo Sitios_Arqueologicos	109291	17932
pos-pt-dgpc-110177	review-pos-0831		positive	PT	Vila Real	Chaves	Muro/Castro da Pastoria	Povoado Fortificado	earthwork_or_wall_hint		P0	auto_seeded_requires_visual_verification	provisional_geometry_created	exclude_until_visual_raster_verification	130.0	DGPC Portal do Arqueólogo Sitios_Arqueologicos	110177	2743
pos-es-pba-9183	review-pos-0833	control-v1-0038	positive	ES	A Coruña	Ferrol	Castro de Marmancón/Castro de Papoi		coastal_promontory_hint		P0	auto_seeded_requires_visual_verification	selected_for_control_set_v1	exclude_until_visual_raster_verification	150.0	Xunta PBA Catálogo. Elementos (xuño 2026)	9183	GA15036003
pos-es-pba-114	review-pos-0835		positive	ES	A Coruña	Abegondo	Chan do Castro	Asentamento fortificado/defensivo	earthwork_or_wall_hint		P0	auto_seeded_requires_visual_verification	provisional_geometry_created	exclude_until_visual_raster_verification	130.0	Xunta PBA Catálogo. Elementos (xuño 2026)	114	GA15001016
pos-es-pba-31541	review-pos-0841		positive	ES	Lugo	Lugo	Castro de Gomaros	Castro	coastal_promontory_hint		P0	auto_seeded_requires_visual_verification	provisional_geometry_created	exclude_until_visual_raster_verification	150.0	Xunta PBA Catálogo. Elementos (xuño 2026)	31541	GA27028035
pos-es-pba-43237	review-pos-0842		positive	ES	Lugo	O Vicedo	Punta do Castro		coastal_promontory_hint		P0	auto_seeded_requires_visual_verification	provisional_geometry_created	exclude_until_visual_raster_verification	150.0	Xunta PBA Catálogo. Elementos (xuño 2026)	43237	GA27064002
pos-es-pba-46132	review-pos-0851		positive	ES	Ourense	O Barco de Valdeorras	Castro das Torres Villabril		coastal_promontory_hint		P0	auto_seeded_requires_visual_verification	provisional_geometry_created	exclude_until_visual_raster_verification	150.0	Xunta PBA Catálogo. Elementos (xuño 2026)	46132	GA32009015
pos-es-pba-75699	review-pos-0854		positive	ES	Pontevedra	Vilagarcía de Arousa	Casa Santa Mariña na avenida Rosalía Castro 78		coastal_promontory_hint		P0	auto_seeded_requires_visual_verification	provisional_geometry_created	exclude_until_visual_raster_verification	150.0	Xunta PBA Catálogo. Elementos (xuño 2026)	75699	-
pos-pt-dgpc-107764	review-pos-0858	control-v1-0084	positive	PT	Braga	Póvoa de Lanhoso	Castro de Brunhais	Povoado Fortificado	earthwork_or_wall_hint		P0	auto_seeded_requires_visual_verification	selected_for_control_set_v1	exclude_until_visual_raster_verification	130.0	DGPC Portal do Arqueólogo Sitios_Arqueologicos	107764	37448
pos-pt-dgpc-107480	review-pos-0859		positive	PT	Bragança	Miranda do Douro	Castro de Aldeia Nova/ São João das Arribas	Povoado Fortificado	earthwork_or_wall_hint		P0	auto_seeded_requires_visual_verification	provisional_geometry_created	exclude_until_visual_raster_verification	130.0	DGPC Portal do Arqueólogo Sitios_Arqueologicos	107480	224
pos-pt-dgpc-112561	review-pos-0861		positive	PT	Porto	Vila do Conde	Vila do Conde - Convento de Santa Clara / Castro de São João	Convento	earthwork_or_wall_hint		P0	auto_seeded_requires_visual_verification	provisional_geometry_created	exclude_until_visual_raster_verification	130.0	DGPC Portal do Arqueólogo Sitios_Arqueologicos	112561	40369
pos-pt-dgpc-109657	review-pos-0862		positive	PT	Viana do Castelo	Ponte de Lima	Castro do Calvário	Povoado Fortificado	earthwork_or_wall_hint		P0	auto_seeded_requires_visual_verification	provisional_geometry_created	exclude_until_visual_raster_verification	130.0	DGPC Portal do Arqueólogo Sitios_Arqueologicos	109657	15753
pos-pt-dgpc-105962	review-pos-0863		positive	PT	Vila Real	Mesão Frio	Castro de Cidadelhe	Povoado Fortificado	earthwork_or_wall_hint		P0	auto_seeded_requires_visual_verification	provisional_geometry_created	exclude_until_visual_raster_verification	130.0	DGPC Portal do Arqueólogo Sitios_Arqueologicos	105962	3266
pos-es-pba-9185	review-pos-0865		positive	ES	A Coruña	Ferrol	Castro de Santa Mariña/Os Castros Altos		coastal_promontory_hint		P0	auto_seeded_requires_visual_verification	provisional_geometry_created	exclude_until_visual_raster_verification	150.0	Xunta PBA Catálogo. Elementos (xuño 2026)	9185	GA15036011
pos-es-pba-1956	review-pos-0867	control-v1-0065	positive	ES	A Coruña	Ares	A Roda do Castro	Asentamento fortificado	earthwork_or_wall_hint		P0	auto_seeded_requires_visual_verification	selected_for_control_set_v1	exclude_until_visual_raster_verification	130.0	Xunta PBA Catálogo. Elementos (xuño 2026)	1956	GA15051009
pos-es-pba-33668	review-pos-0873		positive	ES	Lugo	Monforte de Lemos	Castro de Cabo	Castro	coastal_promontory_hint		P0	auto_seeded_requires_visual_verification	provisional_geometry_created	exclude_until_visual_raster_verification	150.0	Xunta PBA Catálogo. Elementos (xuño 2026)	33668	GA27031013
pos-es-pba-37735	review-pos-0874		positive	ES	Lugo	Paradela	Igrexa de Castro de Rei (Parroquial de Santa María)	Igrexa	coastal_promontory_hint		P0	auto_seeded_requires_visual_verification	provisional_geometry_created	exclude_until_visual_raster_verification	150.0	Xunta PBA Catálogo. Elementos (xuño 2026)	37735	-
pos-es-pba-45737	review-pos-0882		positive	ES	Ourense	O Barco de Valdeorras	Igrexa do Castro de Valdeorras (Parroquial de Santa María)	Igrexa	coastal_promontory_hint		P0	auto_seeded_requires_visual_verification	provisional_geometry_created	exclude_until_visual_raster_verification	150.0	Xunta PBA Catálogo. Elementos (xuño 2026)	45737	-
pos-pt-dgpc-107741	review-pos-0888		positive	PT	Braga	Póvoa de Lanhoso	Castro de Lanhoso/Estação lusitano-romana de Póvoa do Lanhoso	Povoado Fortificado	earthwork_or_wall_hint		P0	auto_seeded_requires_visual_verification	provisional_geometry_created	exclude_until_visual_raster_verification	130.0	DGPC Portal do Arqueólogo Sitios_Arqueologicos	107741	497
pos-pt-dgpc-108169	review-pos-0889		positive	PT	Bragança	Miranda do Douro	Castro de Vale de Águia ou Castrilhouço	Povoado Fortificado	earthwork_or_wall_hint		P0	auto_seeded_requires_visual_verification	provisional_geometry_created	exclude_until_visual_raster_verification	130.0	DGPC Portal do Arqueólogo Sitios_Arqueologicos	108169	2181
pos-pt-dgpc-109404	review-pos-0891		positive	PT	Viana do Castelo	Ponte de Lima	Castro do Cresto	Povoado Fortificado	earthwork_or_wall_hint		P0	auto_seeded_requires_visual_verification	provisional_geometry_created	exclude_until_visual_raster_verification	130.0	DGPC Portal do Arqueólogo Sitios_Arqueologicos	109404	2678
pos-pt-dgpc-106776	review-pos-0892		positive	PT	Vila Real	Mondim de Basto	Castro do Crastoeiro	Povoado Fortificado	earthwork_or_wall_hint		P0	auto_seeded_requires_visual_verification	provisional_geometry_created	exclude_until_visual_raster_verification	130.0	DGPC Portal do Arqueólogo Sitios_Arqueologicos	106776	1149
pos-es-pba-9894	review-pos-0894	control-v1-0039	positive	ES	A Coruña	Fisterra	Castro de Punta Sardiñeiro	Asentamento fortificado/defensivo	coastal_promontory_hint		P0	auto_seeded_requires_visual_verification	selected_for_control_set_v1	exclude_until_visual_raster_verification	150.0	Xunta PBA Catálogo. Elementos (xuño 2026)	9894	GA15037012
pos-es-pba-1859	review-pos-0896		positive	ES	A Coruña	Ares	Castro de Ares	Asentamento fortificado	earthwork_or_wall_hint		P0	auto_seeded_requires_visual_verification	provisional_geometry_created	exclude_until_visual_raster_verification	130.0	Xunta PBA Catálogo. Elementos (xuño 2026)	1859	GA15004001
pos-es-pba-34687	review-pos-0901		positive	ES	Lugo	Navia de Suarna	Castro de Villaranton	Castro	coastal_promontory_hint		P0	auto_seeded_requires_visual_verification	provisional_geometry_created	exclude_until_visual_raster_verification	150.0	Xunta PBA Catálogo. Elementos (xuño 2026)	34687	GA27034021
pos-es-pba-37771	review-pos-0902		positive	ES	Lugo	Paradela	Igrexa de San Martiño de Castro (Parroquial de San Martiño)	Igrexa	coastal_promontory_hint		P0	auto_seeded_requires_visual_verification	provisional_geometry_created	exclude_until_visual_raster_verification	150.0	Xunta PBA Catálogo. Elementos (xuño 2026)	37771	-
pos-es-pba-47502	review-pos-0910		positive	ES	Ourense	O Bolo	Igrexa de Chao de Castro (Parroquial de San Martiño)	Igrexa	coastal_promontory_hint		P0	auto_seeded_requires_visual_verification	provisional_geometry_created	exclude_until_visual_raster_verification	150.0	Xunta PBA Catálogo. Elementos (xuño 2026)	47502	-
pos-pt-dgpc-109395	review-pos-0916	control-v1-0085	positive	PT	Braga	Vieira do Minho	Castro de Atafona	Povoado Fortificado	earthwork_or_wall_hint		P0	auto_seeded_requires_visual_verification	selected_for_control_set_v1	exclude_until_visual_raster_verification	130.0	DGPC Portal do Arqueólogo Sitios_Arqueologicos	109395	30003
pos-pt-dgpc-109015	review-pos-0917	control-v1-0092	positive	PT	Bragança	Mirandela	Castro de São Juzenda	Povoado Fortificado	earthwork_or_wall_hint		P0	auto_seeded_requires_visual_verification	selected_for_control_set_v1	exclude_until_visual_raster_verification	130.0	DGPC Portal do Arqueólogo Sitios_Arqueologicos	109015	136
pos-pt-dgpc-108653	review-pos-0919		positive	PT	Viana do Castelo	Ponte de Lima	Castro do Soutinho	Povoado Fortificado	earthwork_or_wall_hint		P0	auto_seeded_requires_visual_verification	provisional_geometry_created	exclude_until_visual_raster_verification	130.0	DGPC Portal do Arqueólogo Sitios_Arqueologicos	108653	15748
pos-pt-dgpc-109939	review-pos-0920		positive	PT	Vila Real	Montalegre	Castro	Povoado Fortificado	earthwork_or_wall_hint		P0	auto_seeded_requires_visual_verification	provisional_geometry_created	exclude_until_visual_raster_verification	130.0	DGPC Portal do Arqueólogo Sitios_Arqueologicos	109939	5391
pos-es-pba-11754	review-pos-0922	control-v1-0040	positive	ES	A Coruña	Frades	Castro de San Amaro		coastal_promontory_hint		P0	auto_seeded_requires_visual_verification	selected_for_control_set_v1	exclude_until_visual_raster_verification	150.0	Xunta PBA Catálogo. Elementos (xuño 2026)	11754	GA15038025
pos-es-pba-1685	review-pos-0924		positive	ES	A Coruña	Ares	Castro de Cervás	Asentamento fortificado	earthwork_or_wall_hint		P0	auto_seeded_requires_visual_verification	provisional_geometry_created	exclude_until_visual_raster_verification	130.0	Xunta PBA Catálogo. Elementos (xuño 2026)	1685	GA15004003
pos-es-pba-32296	review-pos-0929		positive	ES	Lugo	O Incio	Castro da Margarida/A Ciudá	Castro	coastal_promontory_hint		P0	auto_seeded_requires_visual_verification	provisional_geometry_created	exclude_until_visual_raster_verification	150.0	Xunta PBA Catálogo. Elementos (xuño 2026)	32296	GA27055027
pos-es-pba-38508	review-pos-0930		positive	ES	Lugo	Portomarín	Igrexa de Castromaior (Parroquial de Santa María)	Igrexa	coastal_promontory_hint		P0	auto_seeded_requires_visual_verification	provisional_geometry_created	exclude_until_visual_raster_verification	150.0	Xunta PBA Catálogo. Elementos (xuño 2026)	38508	-
pos-es-pba-56854	review-pos-0938		positive	ES	Ourense	O Riós	Igrexa de Castrelo de Abaixo (Parroquial de Santa María)	Igrexa	coastal_promontory_hint		P0	auto_seeded_requires_visual_verification	provisional_geometry_created	exclude_until_visual_raster_verification	150.0	Xunta PBA Catálogo. Elementos (xuño 2026)	56854	-
pos-pt-dgpc-107173	review-pos-0944	control-v1-0086	positive	PT	Braga	Vila Nova de Famalicão	Castro de São Miguel-o-Anjo	Povoado Fortificado	earthwork_or_wall_hint		P0	auto_seeded_requires_visual_verification	selected_for_control_set_v1	exclude_until_visual_raster_verification	130.0	DGPC Portal do Arqueólogo Sitios_Arqueologicos	107173	1528
pos-pt-dgpc-109943	review-pos-0945		positive	PT	Bragança	Mirandela	Torre de Dona Chama/ Castro de São Brás	Povoado Fortificado	earthwork_or_wall_hint		P0	auto_seeded_requires_visual_verification	provisional_geometry_created	exclude_until_visual_raster_verification	130.0	DGPC Portal do Arqueólogo Sitios_Arqueologicos	109943	192
pos-pt-dgpc-109494	review-pos-0947		positive	PT	Viana do Castelo	Ponte de Lima	Roda do Castro	Povoado Fortificado	earthwork_or_wall_hint		P0	auto_seeded_requires_visual_verification	provisional_geometry_created	exclude_until_visual_raster_verification	130.0	DGPC Portal do Arqueólogo Sitios_Arqueologicos	109494	17952
pos-pt-dgpc-108949	review-pos-0948		positive	PT	Vila Real	Montalegre	Castro da Mina	Povoado Fortificado	earthwork_or_wall_hint		P0	auto_seeded_requires_visual_verification	provisional_geometry_created	exclude_until_visual_raster_verification	130.0	DGPC Portal do Arqueólogo Sitios_Arqueologicos	108949	32976
pos-es-pba-12426	review-pos-0950	control-v1-0042	positive	ES	A Coruña	Melide	Castro de Marrás/O Convento		coastal_promontory_hint		P0	auto_seeded_requires_visual_verification	selected_for_control_set_v1	exclude_until_visual_raster_verification	150.0	Xunta PBA Catálogo. Elementos (xuño 2026)	12426	GA15046011
pos-es-pba-1860	review-pos-0952		positive	ES	A Coruña	Ares	Castro de Lubre	Asentamento fortificado	earthwork_or_wall_hint		P0	auto_seeded_requires_visual_verification	provisional_geometry_created	exclude_until_visual_raster_verification	130.0	Xunta PBA Catálogo. Elementos (xuño 2026)	1860	GA15004005
pos-es-pba-41972	review-pos-0957		positive	ES	Lugo	O Saviñao	Castro de Marzán	Castro	coastal_promontory_hint		P0	auto_seeded_requires_visual_verification	provisional_geometry_created	exclude_until_visual_raster_verification	150.0	Xunta PBA Catálogo. Elementos (xuño 2026)	41972	GA27058014
pos-es-pba-38581	review-pos-0958		positive	ES	Lugo	Portomarín	Igrexa do Castro de Soengas (Parroquial de San Martiño)	Igrexa	coastal_promontory_hint		P0	auto_seeded_requires_visual_verification	provisional_geometry_created	exclude_until_visual_raster_verification	150.0	Xunta PBA Catálogo. Elementos (xuño 2026)	38581	-
pos-es-pba-56855	review-pos-0966		positive	ES	Ourense	O Riós	Igrexa de Castrelo de Cima (Parroquial de Santa María)	Igrexa	coastal_promontory_hint		P0	auto_seeded_requires_visual_verification	provisional_geometry_created	exclude_until_visual_raster_verification	150.0	Xunta PBA Catálogo. Elementos (xuño 2026)	56855	-
pos-pt-dgpc-106979	review-pos-0972		positive	PT	Braga	Vila Nova de Famalicão	Castro e Castelo de Vermoim	Povoado Fortificado	earthwork_or_wall_hint		P0	auto_seeded_requires_visual_verification	provisional_geometry_created	exclude_until_visual_raster_verification	130.0	DGPC Portal do Arqueólogo Sitios_Arqueologicos	106979	237
pos-pt-dgpc-106948	review-pos-0973	control-v1-0093	positive	PT	Bragança	Mogadouro	Castro Vicente / Senhor da Fraga / Santo Cristo	Povoado Fortificado	earthwork_or_wall_hint		P0	auto_seeded_requires_visual_verification	selected_for_control_set_v1	exclude_until_visual_raster_verification	130.0	DGPC Portal do Arqueólogo Sitios_Arqueologicos	106948	226
pos-pt-dgpc-115142	review-pos-0975		positive	PT	Viana do Castelo	Valença	Castro de Bacelar	Povoado Fortificado	earthwork_or_wall_hint		P0	auto_seeded_requires_visual_verification	provisional_geometry_created	exclude_until_visual_raster_verification	130.0	DGPC Portal do Arqueólogo Sitios_Arqueologicos	115142	44093
pos-pt-dgpc-108624	review-pos-0976		positive	PT	Vila Real	Montalegre	Castro da Parada/ Cabeça do Castro	Povoado Fortificado	earthwork_or_wall_hint		P0	auto_seeded_requires_visual_verification	provisional_geometry_created	exclude_until_visual_raster_verification	130.0	DGPC Portal do Arqueólogo Sitios_Arqueologicos	108624	5376
pos-es-pba-13836	review-pos-0978	control-v1-0043	positive	ES	A Coruña	Miño	Casa reitoral de Santa María de Castro		coastal_promontory_hint		P0	auto_seeded_requires_visual_verification	selected_for_control_set_v1	exclude_until_visual_raster_verification	150.0	Xunta PBA Catálogo. Elementos (xuño 2026)	13836	-
pos-es-pba-1657	review-pos-0980	control-v1-0066	positive	ES	A Coruña	Arteixo	Castro de Castelo	Asentamento fortificado/defensivo	earthwork_or_wall_hint		P0	auto_seeded_requires_visual_verification	selected_for_control_set_v1	exclude_until_visual_raster_verification	130.0	Xunta PBA Catálogo. Elementos (xuño 2026)	1657	GA15005020
pos-es-pba-37743	review-pos-0983		positive	ES	Lugo	Palas de Rei	Castro de Marzá	Castro	coastal_promontory_hint		P0	auto_seeded_requires_visual_verification	provisional_geometry_created	exclude_until_visual_raster_verification	150.0	Xunta PBA Catálogo. Elementos (xuño 2026)	37743	GA27040037
pos-es-pba-42139	review-pos-0984		positive	ES	Lugo	Samos	Igrexa de Castroncán (Parroquial de Santa Marta)	Igrexa	coastal_promontory_hint		P0	auto_seeded_requires_visual_verification	provisional_geometry_created	exclude_until_visual_raster_verification	150.0	Xunta PBA Catálogo. Elementos (xuño 2026)	42139	-
pos-es-pba-56172	review-pos-0992		positive	ES	Ourense	Petín	Castro de Santa María		coastal_promontory_hint		P0	auto_seeded_requires_visual_verification	provisional_geometry_created	exclude_until_visual_raster_verification	150.0	Xunta PBA Catálogo. Elementos (xuño 2026)	56172	GA32060002
pos-pt-dgpc-109844	review-pos-0998	control-v1-0087	positive	PT	Braga	Vila Verde	Castro de Escariz / São Ilus	Povoado Fortificado	earthwork_or_wall_hint		P0	auto_seeded_requires_visual_verification	selected_for_control_set_v1	exclude_until_visual_raster_verification	130.0	DGPC Portal do Arqueólogo Sitios_Arqueologicos	109844	3616
pos-pt-dgpc-106627	review-pos-0999		positive	PT	Bragança	Mogadouro	Serra Alta/Castro de Santiago	Povoado Fortificado	earthwork_or_wall_hint		P0	auto_seeded_requires_visual_verification	provisional_geometry_created	exclude_until_visual_raster_verification	130.0	DGPC Portal do Arqueólogo Sitios_Arqueologicos	106627	5631
pos-pt-dgpc-115143	review-pos-1001		positive	PT	Viana do Castelo	Valença	Castro de Mira	Povoado Fortificado	earthwork_or_wall_hint		P0	auto_seeded_requires_visual_verification	provisional_geometry_created	exclude_until_visual_raster_verification	130.0	DGPC Portal do Arqueólogo Sitios_Arqueologicos	115143	44094
pos-pt-dgpc-110091	review-pos-1002		positive	PT	Vila Real	Montalegre	Castro de Cabanas	Povoado Fortificado	earthwork_or_wall_hint		P0	auto_seeded_requires_visual_verification	provisional_geometry_created	exclude_until_visual_raster_verification	130.0	DGPC Portal do Arqueólogo Sitios_Arqueologicos	110091	3368
pos-es-pba-13842	review-pos-1004		positive	ES	A Coruña	Miño	Castro de Santa María		coastal_promontory_hint		P0	auto_seeded_requires_visual_verification	provisional_geometry_created	exclude_until_visual_raster_verification	150.0	Xunta PBA Catálogo. Elementos (xuño 2026)	13842	GA15048002
pos-es-pba-1720	review-pos-1006		positive	ES	A Coruña	Arteixo	Castro de Vigo	Asentamento fortificado/defensivo	earthwork_or_wall_hint		P0	auto_seeded_requires_visual_verification	provisional_geometry_created	exclude_until_visual_raster_verification	130.0	Xunta PBA Catálogo. Elementos (xuño 2026)	1720	GA15005016
pos-es-pba-37382	review-pos-1009		positive	ES	Lugo	Pantón	Castro de Marce	Castro	coastal_promontory_hint		P0	auto_seeded_requires_visual_verification	provisional_geometry_created	exclude_until_visual_raster_verification	150.0	Xunta PBA Catálogo. Elementos (xuño 2026)	37382	GA27041021
pos-es-pba-32118	review-pos-1010		positive	ES	Lugo	Xove	Castro de Punta Mechiluide	Asentamento fortificado/defensivo	coastal_promontory_hint		P0	auto_seeded_requires_visual_verification	provisional_geometry_created	exclude_until_visual_raster_verification	150.0	Xunta PBA Catálogo. Elementos (xuño 2026)	32118	GA27025002
pos-es-pba-55584	review-pos-1018		positive	ES	Ourense	Rairiz de Veiga	Castro de Guillamil		coastal_promontory_hint		P0	auto_seeded_requires_visual_verification	provisional_geometry_created	exclude_until_visual_raster_verification	150.0	Xunta PBA Catálogo. Elementos (xuño 2026)	55584	GA32067004
pos-pt-dgpc-109743	review-pos-1024		positive	PT	Braga	Vila Verde	Castro de Sobradelo/Reduto	Povoado Fortificado	earthwork_or_wall_hint		P0	auto_seeded_requires_visual_verification	provisional_geometry_created	exclude_until_visual_raster_verification	130.0	DGPC Portal do Arqueólogo Sitios_Arqueologicos	109743	15746
pos-pt-dgpc-109476	review-pos-1025	control-v1-0094	positive	PT	Bragança	Vimioso	Castro do Serro Grande	Povoado Fortificado	earthwork_or_wall_hint		P0	auto_seeded_requires_visual_verification	selected_for_control_set_v1	exclude_until_visual_raster_verification	130.0	DGPC Portal do Arqueólogo Sitios_Arqueologicos	109476	3943
pos-pt-dgpc-115141	review-pos-1027		positive	PT	Viana do Castelo	Valença	Castro de Paços	Povoado Fortificado	earthwork_or_wall_hint		P0	auto_seeded_requires_visual_verification	provisional_geometry_created	exclude_until_visual_raster_verification	130.0	DGPC Portal do Arqueólogo Sitios_Arqueologicos	115141	44092
pos-pt-dgpc-109682	review-pos-1028		positive	PT	Vila Real	Montalegre	Castro de Cabeça da Armada	Povoado Fortificado	earthwork_or_wall_hint		P0	auto_seeded_requires_visual_verification	provisional_geometry_created	exclude_until_visual_raster_verification	130.0	DGPC Portal do Arqueólogo Sitios_Arqueologicos	109682	36048
pos-es-pba-13918	review-pos-1030		positive	ES	A Coruña	Miño	Igrexa de Castro (Parroquial de Santa María)	Igrexa	coastal_promontory_hint		P0	auto_seeded_requires_visual_verification	provisional_geometry_created	exclude_until_visual_raster_verification	150.0	Xunta PBA Catálogo. Elementos (xuño 2026)	13918	-
pos-es-pba-1721	review-pos-1032		positive	ES	A Coruña	Arteixo	Castro de Vioño	Asentamento fortificado/defensivo	earthwork_or_wall_hint		P0	auto_seeded_requires_visual_verification	provisional_geometry_created	exclude_until_visual_raster_verification	130.0	Xunta PBA Catálogo. Elementos (xuño 2026)	1721	GA15005013
pos-es-pba-37384	review-pos-1035		positive	ES	Lugo	Pantón	Castro de Santa Mariña	Castro	coastal_promontory_hint		P0	auto_seeded_requires_visual_verification	provisional_geometry_created	exclude_until_visual_raster_verification	150.0	Xunta PBA Catálogo. Elementos (xuño 2026)	37384	GA27041016
pos-es-pba-57410	review-pos-1043		positive	ES	Ourense	Ramirás	Castro de Marnotos	Topónimo	coastal_promontory_hint		P0	auto_seeded_requires_visual_verification	provisional_geometry_created	exclude_until_visual_raster_verification	150.0	Xunta PBA Catálogo. Elementos (xuño 2026)	57410	TO32068001
pos-pt-dgpc-109706	review-pos-1049		positive	PT	Braga	Vila Verde	Castro do Vairão	Povoado Fortificado	earthwork_or_wall_hint		P0	auto_seeded_requires_visual_verification	provisional_geometry_created	exclude_until_visual_raster_verification	130.0	DGPC Portal do Arqueólogo Sitios_Arqueologicos	109706	12169
pos-pt-dgpc-107678	review-pos-1050		positive	PT	Bragança	Vimioso	Castro dos Mouros	Povoado Fortificado	earthwork_or_wall_hint		P0	auto_seeded_requires_visual_verification	provisional_geometry_created	exclude_until_visual_raster_verification	130.0	DGPC Portal do Arqueólogo Sitios_Arqueologicos	107678	14755
pos-pt-dgpc-109890	review-pos-1052		positive	PT	Viana do Castelo	Viana do Castelo	Castro da Terronha	Povoado Fortificado	earthwork_or_wall_hint		P0	auto_seeded_requires_visual_verification	provisional_geometry_created	exclude_until_visual_raster_verification	130.0	DGPC Portal do Arqueólogo Sitios_Arqueologicos	109890	15751
pos-pt-dgpc-110114	review-pos-1053		positive	PT	Vila Real	Montalegre	Castro de Cervos	Povoado Fortificado	earthwork_or_wall_hint		P0	auto_seeded_requires_visual_verification	provisional_geometry_created	exclude_until_visual_raster_verification	130.0	DGPC Portal do Arqueólogo Sitios_Arqueologicos	110114	5382
pos-es-pba-14517	review-pos-1055	control-v1-0044	positive	ES	A Coruña	Narón	Casa reitoral de Santa María de Castro		coastal_promontory_hint		P0	auto_seeded_requires_visual_verification	selected_for_control_set_v1	exclude_until_visual_raster_verification	150.0	Xunta PBA Catálogo. Elementos (xuño 2026)	14517	-
pos-es-pba-6108	review-pos-1057	control-v1-0067	positive	ES	A Coruña	Cee	Castro de Pereiriña	Asentamento fortificado/defensivo	earthwork_or_wall_hint		P0	auto_seeded_requires_visual_verification	selected_for_control_set_v1	exclude_until_visual_raster_verification	130.0	Xunta PBA Catálogo. Elementos (xuño 2026)	6108	TO15023001
pos-es-pba-38461	review-pos-1060		positive	ES	Lugo	Portomarín	Castro de Portomarín	Castro	coastal_promontory_hint		P0	auto_seeded_requires_visual_verification	provisional_geometry_created	exclude_until_visual_raster_verification	150.0	Xunta PBA Catálogo. Elementos (xuño 2026)	38461	GA27049031
pos-es-pba-57414	review-pos-1068		positive	ES	Ourense	Ribadavia	Castro do Monte da Costa	Asentamento fortificado/defensivo	coastal_promontory_hint		P0	auto_seeded_requires_visual_verification	provisional_geometry_created	exclude_until_visual_raster_verification	150.0	Xunta PBA Catálogo. Elementos (xuño 2026)	57414	GA32018004
pos-pt-dgpc-108213	review-pos-1074	control-v1-0095	positive	PT	Bragança	Vinhais	Castro	Povoado Fortificado	earthwork_or_wall_hint		P0	auto_seeded_requires_visual_verification	selected_for_control_set_v1	exclude_until_visual_raster_verification	130.0	DGPC Portal do Arqueólogo Sitios_Arqueologicos	108213	17496
pos-pt-dgpc-109761	review-pos-1076		positive	PT	Viana do Castelo	Viana do Castelo	Castro de Agrichousa	Povoado Fortificado	earthwork_or_wall_hint		P0	auto_seeded_requires_visual_verification	provisional_geometry_created	exclude_until_visual_raster_verification	130.0	DGPC Portal do Arqueólogo Sitios_Arqueologicos	109761	2620
pos-pt-dgpc-109492	review-pos-1077		positive	PT	Vila Real	Montalegre	Castro de Codeçoso	Povoado Fortificado	earthwork_or_wall_hint		P0	auto_seeded_requires_visual_verification	provisional_geometry_created	exclude_until_visual_raster_verification	130.0	DGPC Portal do Arqueólogo Sitios_Arqueologicos	109492	5404
pos-es-pba-14696	review-pos-1079		positive	ES	A Coruña	Narón	Cruceiro de Santa María de Castro		coastal_promontory_hint		P0	auto_seeded_requires_visual_verification	provisional_geometry_created	exclude_until_visual_raster_verification	150.0	Xunta PBA Catálogo. Elementos (xuño 2026)	14696	-
pos-es-pba-5977	review-pos-1081	control-v1-0068	positive	ES	A Coruña	Corcubión	Castro de Quenxe	Asentamento fortificado/defensivo	earthwork_or_wall_hint		P0	auto_seeded_requires_visual_verification	selected_for_control_set_v1	exclude_until_visual_raster_verification	130.0	Xunta PBA Catálogo. Elementos (xuño 2026)	5977	GA15028001
pos-es-pba-38462	review-pos-1084		positive	ES	Lugo	Portomarín	Castro de San Martiño 1	Castro	coastal_promontory_hint		P0	auto_seeded_requires_visual_verification	provisional_geometry_created	exclude_until_visual_raster_verification	150.0	Xunta PBA Catálogo. Elementos (xuño 2026)	38462	GA27049017
pos-es-pba-58514	review-pos-1092		positive	ES	Ourense	San Amaro	Castro Martiño		coastal_promontory_hint		P0	auto_seeded_requires_visual_verification	provisional_geometry_created	exclude_until_visual_raster_verification	150.0	Xunta PBA Catálogo. Elementos (xuño 2026)	58514	GA32074004
pos-pt-dgpc-108406	review-pos-1098		positive	PT	Bragança	Vinhais	Castro	Povoado Fortificado	earthwork_or_wall_hint		P0	auto_seeded_requires_visual_verification	provisional_geometry_created	exclude_until_visual_raster_verification	130.0	DGPC Portal do Arqueólogo Sitios_Arqueologicos	108406	19178
pos-pt-dgpc-109777	review-pos-1100		positive	PT	Viana do Castelo	Viana do Castelo	Castro de Carmona / Povoado Fortificado de Carmona	Povoado Fortificado	earthwork_or_wall_hint		P0	auto_seeded_requires_visual_verification	provisional_geometry_created	exclude_until_visual_raster_verification	130.0	DGPC Portal do Arqueólogo Sitios_Arqueologicos	109777	2735
pos-pt-dgpc-108771	review-pos-1101		positive	PT	Vila Real	Montalegre	Castro de Donões/Eiras do Castro	Povoado Fortificado	earthwork_or_wall_hint		P0	auto_seeded_requires_visual_verification	provisional_geometry_created	exclude_until_visual_raster_verification	130.0	DGPC Portal do Arqueólogo Sitios_Arqueologicos	108771	13697
pos-es-pba-14188	review-pos-1103		positive	ES	A Coruña	Narón	Igrexa de Castro (Parroquial de Santa María)	Igrexa	coastal_promontory_hint		P0	auto_seeded_requires_visual_verification	provisional_geometry_created	exclude_until_visual_raster_verification	150.0	Xunta PBA Catálogo. Elementos (xuño 2026)	14188	-
pos-es-pba-5978	review-pos-1105		positive	ES	A Coruña	Corcubión	Castro de Redonda	Asentamento fortificado/defensivo	earthwork_or_wall_hint		P0	auto_seeded_requires_visual_verification	provisional_geometry_created	exclude_until_visual_raster_verification	130.0	Xunta PBA Catálogo. Elementos (xuño 2026)	5978	GA15028002
pos-es-pba-38463	review-pos-1108		positive	ES	Lugo	Portomarín	Castro de San Martiño 2	Castro	coastal_promontory_hint		P0	auto_seeded_requires_visual_verification	provisional_geometry_created	exclude_until_visual_raster_verification	150.0	Xunta PBA Catálogo. Elementos (xuño 2026)	38463	GA27049063
pos-es-pba-58046	review-pos-1115		positive	ES	Ourense	San Cristovo de Cea	Castro da Martiña		coastal_promontory_hint		P0	auto_seeded_requires_visual_verification	provisional_geometry_created	exclude_until_visual_raster_verification	150.0	Xunta PBA Catálogo. Elementos (xuño 2026)	58046	GA32076005
pos-pt-dgpc-109505	review-pos-1121		positive	PT	Bragança	Vinhais	Castro Mau	Povoado Fortificado	earthwork_or_wall_hint		P0	auto_seeded_requires_visual_verification	provisional_geometry_created	exclude_until_visual_raster_verification	130.0	DGPC Portal do Arqueólogo Sitios_Arqueologicos	109505	19129
pos-pt-dgpc-109144	review-pos-1123		positive	PT	Viana do Castelo	Viana do Castelo	Castro de Moldes	Povoado Fortificado	earthwork_or_wall_hint		P0	auto_seeded_requires_visual_verification	provisional_geometry_created	exclude_until_visual_raster_verification	130.0	DGPC Portal do Arqueólogo Sitios_Arqueologicos	109144	877
pos-pt-dgpc-108736	review-pos-1124		positive	PT	Vila Real	Montalegre	Castro de Fernão Mouro/ Muralhas	Povoado Fortificado	earthwork_or_wall_hint		P0	auto_seeded_requires_visual_verification	provisional_geometry_created	exclude_until_visual_raster_verification	130.0	DGPC Portal do Arqueólogo Sitios_Arqueologicos	108736	5442
pos-es-pba-16735	review-pos-1126	control-v1-0046	positive	ES	A Coruña	O Pino	Casa reitoral de Santa María de Castrofeito		coastal_promontory_hint		P0	auto_seeded_requires_visual_verification	selected_for_control_set_v1	exclude_until_visual_raster_verification	150.0	Xunta PBA Catálogo. Elementos (xuño 2026)	16735	-
pos-es-pba-9892	review-pos-1128	control-v1-0069	positive	ES	A Coruña	Fisterra	Castro de Castromiñán	Asentamento fortificado/defensivo	earthwork_or_wall_hint		P0	auto_seeded_requires_visual_verification	selected_for_control_set_v1	exclude_until_visual_raster_verification	130.0	Xunta PBA Catálogo. Elementos (xuño 2026)	9892	GA15037001
pos-es-pba-39523	review-pos-1131		positive	ES	Lugo	Ribadeo	Castro de Pumarega/O Castro	Castro	coastal_promontory_hint		P0	auto_seeded_requires_visual_verification	provisional_geometry_created	exclude_until_visual_raster_verification	150.0	Xunta PBA Catálogo. Elementos (xuño 2026)	39523	GA27051011
pos-es-pba-56546	review-pos-1138		positive	ES	Ourense	San Xoán de Río	Igrexa de Castrelo (Parroquial de Santa María)	Igrexa	coastal_promontory_hint		P0	auto_seeded_requires_visual_verification	provisional_geometry_created	exclude_until_visual_raster_verification	150.0	Xunta PBA Catálogo. Elementos (xuño 2026)	56546	-
pos-pt-dgpc-108519	review-pos-1144		positive	PT	Bragança	Vinhais	Castro da Cisterna/Vila de Souane	Povoado Fortificado	earthwork_or_wall_hint		P0	auto_seeded_requires_visual_verification	provisional_geometry_created	exclude_until_visual_raster_verification	130.0	DGPC Portal do Arqueólogo Sitios_Arqueologicos	108519	1605
pos-pt-dgpc-109966	review-pos-1146		positive	PT	Viana do Castelo	Viana do Castelo	Castro de São Silvestre	Povoado Fortificado	earthwork_or_wall_hint		P0	auto_seeded_requires_visual_verification	provisional_geometry_created	exclude_until_visual_raster_verification	130.0	DGPC Portal do Arqueólogo Sitios_Arqueologicos	109966	15783
pos-pt-dgpc-109318	review-pos-1147		positive	PT	Vila Real	Montalegre	Castro de Ferral	Povoado Fortificado	earthwork_or_wall_hint		P0	auto_seeded_requires_visual_verification	provisional_geometry_created	exclude_until_visual_raster_verification	130.0	DGPC Portal do Arqueólogo Sitios_Arqueologicos	109318	32544
pos-es-pba-16802	review-pos-1149		positive	ES	A Coruña	O Pino	Igrexa de Castrofeito (Parroquial de Santa María)	Igrexa	coastal_promontory_hint		P0	auto_seeded_requires_visual_verification	provisional_geometry_created	exclude_until_visual_raster_verification	150.0	Xunta PBA Catálogo. Elementos (xuño 2026)	16802	-
pos-es-pba-9893	review-pos-1151		positive	ES	A Coruña	Fisterra	Castro de Duio	Asentamento fortificado/defensivo	earthwork_or_wall_hint		P0	auto_seeded_requires_visual_verification	provisional_geometry_created	exclude_until_visual_raster_verification	130.0	Xunta PBA Catálogo. Elementos (xuño 2026)	9893	GA15037003
pos-es-pba-40227	review-pos-1154		positive	ES	Lugo	Samos	Castro de Castroncán/Castro de Santa Marta/O Castro	Castro	coastal_promontory_hint		P0	auto_seeded_requires_visual_verification	provisional_geometry_created	exclude_until_visual_raster_verification	150.0	Xunta PBA Catálogo. Elementos (xuño 2026)	40227	GA27055003
pos-es-pba-57805	review-pos-1161		positive	ES	Ourense	Trasmiras	Castro A Ermida/A Costa		coastal_promontory_hint		P0	auto_seeded_requires_visual_verification	provisional_geometry_created	exclude_until_visual_raster_verification	150.0	Xunta PBA Catálogo. Elementos (xuño 2026)	57805	GA32082013
pos-pt-dgpc-108962	review-pos-1167		positive	PT	Bragança	Vinhais	Castro da Ponte	Povoado Fortificado	earthwork_or_wall_hint		P0	auto_seeded_requires_visual_verification	provisional_geometry_created	exclude_until_visual_raster_verification	130.0	DGPC Portal do Arqueólogo Sitios_Arqueologicos	108962	5415
pos-pt-dgpc-110074	review-pos-1168		positive	PT	Viana do Castelo	Viana do Castelo	Castro de Vieito	Povoado Fortificado	earthwork_or_wall_hint		P0	auto_seeded_requires_visual_verification	provisional_geometry_created	exclude_until_visual_raster_verification	130.0	DGPC Portal do Arqueólogo Sitios_Arqueologicos	110074	2613
pos-pt-dgpc-108819	review-pos-1169		positive	PT	Vila Real	Montalegre	Castro de Mourilhe	Povoado Fortificado	earthwork_or_wall_hint		P0	auto_seeded_requires_visual_verification	provisional_geometry_created	exclude_until_visual_raster_verification	130.0	DGPC Portal do Arqueólogo Sitios_Arqueologicos	108819	36033
pos-es-pba-15375	review-pos-1171	control-v1-0048	positive	ES	A Coruña	Ordes	O Castro/Castro de Pumariño		coastal_promontory_hint		P0	auto_seeded_requires_visual_verification	selected_for_control_set_v1	exclude_until_visual_raster_verification	150.0	Xunta PBA Catálogo. Elementos (xuño 2026)	15375	GA15059051
pos-es-pba-12434	review-pos-1173	control-v1-0070	positive	ES	A Coruña	Mesía	Castro da Braña	Asentamento fortificado/defensivo	earthwork_or_wall_hint		P0	auto_seeded_requires_visual_verification	selected_for_control_set_v1	exclude_until_visual_raster_verification	130.0	Xunta PBA Catálogo. Elementos (xuño 2026)	12434	GA15026010
pos-es-pba-41948	review-pos-1176		positive	ES	Lugo	Sarria	Castro da Casilla	Castro	coastal_promontory_hint		P0	auto_seeded_requires_visual_verification	provisional_geometry_created	exclude_until_visual_raster_verification	150.0	Xunta PBA Catálogo. Elementos (xuño 2026)	41948	GA27057173
pos-pt-dgpc-108195	review-pos-1188		positive	PT	Bragança	Vinhais	Castro de Arnade	Povoado Fortificado	earthwork_or_wall_hint		P0	auto_seeded_requires_visual_verification	provisional_geometry_created	exclude_until_visual_raster_verification	130.0	DGPC Portal do Arqueólogo Sitios_Arqueologicos	108195	2166
pos-pt-dgpc-109992	review-pos-1189		positive	PT	Viana do Castelo	Viana do Castelo	Castro do Calvário	Povoado Fortificado	earthwork_or_wall_hint		P0	auto_seeded_requires_visual_verification	provisional_geometry_created	exclude_until_visual_raster_verification	130.0	DGPC Portal do Arqueólogo Sitios_Arqueologicos	109992	2616
pos-pt-dgpc-110170	review-pos-1190		positive	PT	Vila Real	Montalegre	Castro de Negrões	Povoado Fortificado	earthwork_or_wall_hint		P0	auto_seeded_requires_visual_verification	provisional_geometry_created	exclude_until_visual_raster_verification	130.0	DGPC Portal do Arqueólogo Sitios_Arqueologicos	110170	5406
pos-es-pba-17473	review-pos-1192	control-v1-0049	positive	ES	A Coruña	Ortigueira	Castro de Punta do Tallo		coastal_promontory_hint		P0	auto_seeded_requires_visual_verification	selected_for_control_set_v1	exclude_until_visual_raster_verification	150.0	Xunta PBA Catálogo. Elementos (xuño 2026)	17473	GA15061001
pos-es-pba-12435	review-pos-1194		positive	ES	A Coruña	Mesía	Castro da Pousada	Asentamento fortificado/defensivo	earthwork_or_wall_hint		P0	auto_seeded_requires_visual_verification	provisional_geometry_created	exclude_until_visual_raster_verification	130.0	Xunta PBA Catálogo. Elementos (xuño 2026)	12435	GA15047006
pos-es-pba-40997	review-pos-1197		positive	ES	Lugo	Sober	Castro de San Marcos/Agro do Castro	Castro	coastal_promontory_hint		P0	auto_seeded_requires_visual_verification	provisional_geometry_created	exclude_until_visual_raster_verification	150.0	Xunta PBA Catálogo. Elementos (xuño 2026)	40997	GA27059011
neg-es-pba-7236	review-neg-0001	control-v1-0151	negative	ES	A Coruña	A Coruña	Castelo/Batería de San Diego	Batería costeira		historic_fortification	P0	auto_seeded_requires_visual_verification	selected_for_control_set_v1	exclude_until_visual_raster_verification	100.0	Xunta PBA Catálogo. Elementos (xuño 2026)	7236	GA15030013
neg-es-pba-1403	review-neg-0002	control-v1-0101	negative	ES	A Coruña	A Baña	Mámoa da Lagoa			megalithic_mound	P0	auto_seeded_requires_visual_verification	selected_for_control_set_v1	exclude_until_visual_raster_verification	45.0	Xunta PBA Catálogo. Elementos (xuño 2026)	1403	GA15007060
neg-es-pba-12556	review-neg-0005	control-v1-0195	negative	ES	A Coruña	Lousame	Petróglifo de Monte Muralla 1			rock_art_surface	P0	auto_seeded_requires_visual_verification	selected_for_control_set_v1	exclude_until_visual_raster_verification	35.0	Xunta PBA Catálogo. Elementos (xuño 2026)	12556	GA15042014
neg-es-pba-31073	review-neg-0006	control-v1-0153	negative	ES	Lugo	A Fonsagrada	O Castelo/Castelo de Castañoso	Estruturas defensivas?		historic_fortification	P0	auto_seeded_requires_visual_verification	selected_for_control_set_v1	exclude_until_visual_raster_verification	100.0	Xunta PBA Catálogo. Elementos (xuño 2026)	31073	GA27018106
neg-es-pba-29146	review-neg-0007	control-v1-0102	negative	ES	Lugo	A Fonsagrada	Arqueira de Morocos 1	Túmulo		megalithic_mound	P0	auto_seeded_requires_visual_verification	selected_for_control_set_v1	exclude_until_visual_raster_verification	45.0	Xunta PBA Catálogo. Elementos (xuño 2026)	29146	GA27018012
neg-es-pba-31031	review-neg-0008	control-v1-0201	negative	ES	Lugo	A Fonsagrada	Mina de Foxo	Explotación mineira		mining_or_quarry	P0	auto_seeded_requires_visual_verification	selected_for_control_set_v1	exclude_until_visual_raster_verification	120.0	Xunta PBA Catálogo. Elementos (xuño 2026)	31031	GA27018096
neg-es-pba-45653	review-neg-0012	control-v1-0103	negative	ES	Ourense	A Arnoia	Mámoa do Reigoso 1			megalithic_mound	P0	auto_seeded_requires_visual_verification	selected_for_control_set_v1	exclude_until_visual_raster_verification	45.0	Xunta PBA Catálogo. Elementos (xuño 2026)	45653	GA32003005
neg-es-pba-45854	review-neg-0013	control-v1-0181	negative	ES	Ourense	Beariz	Petróglifos do Campo da Mámoa			megalithic_mound;rock_art_surface	P0	auto_seeded_requires_visual_verification	selected_for_control_set_v1	exclude_until_visual_raster_verification	45.0	Xunta PBA Catálogo. Elementos (xuño 2026)	45854	GA32011027
neg-es-pba-61517	review-neg-0017	control-v1-0180	negative	ES	Pontevedra	Bueu	Castelo de Pereiró	Castelo		historic_fortification	P0	auto_seeded_requires_visual_verification	selected_for_control_set_v1	exclude_until_visual_raster_verification	100.0	Xunta PBA Catálogo. Elementos (xuño 2026)	61517	GA36004037
neg-es-pba-63125	review-neg-0018	control-v1-0111	negative	ES	Pontevedra	A Cañiza	Dolmen da Cavada da Santa	Dolmen		megalithic_mound	P0	auto_seeded_requires_visual_verification	selected_for_control_set_v1	exclude_until_visual_raster_verification	45.0	Xunta PBA Catálogo. Elementos (xuño 2026)	63125	GA36009071
neg-es-pba-65854	review-neg-0019	control-v1-0182	negative	ES	Pontevedra	Agolada	Petróglifo das Mámoas-Esperante 1	Petróglifo		megalithic_mound;rock_art_surface	P0	auto_seeded_requires_visual_verification	selected_for_control_set_v1	exclude_until_visual_raster_verification	45.0	Xunta PBA Catálogo. Elementos (xuño 2026)	65854	GA36020253
neg-es-pba-68275	review-neg-0022	control-v1-0196	negative	ES	Pontevedra	Moaña	Petróglifo de Refoxos	Petróglifo		rock_art_surface	P0	auto_seeded_requires_visual_verification	selected_for_control_set_v1	exclude_until_visual_raster_verification	35.0	Xunta PBA Catálogo. Elementos (xuño 2026)	68275	GA36029078
neg-pt-dgpc-107262	review-neg-0024		negative	PT	Braga	Guimarães	Castelo de Guimarães	Castelo		historic_fortification	P0	auto_seeded_requires_visual_verification	provisional_geometry_created	exclude_until_visual_raster_verification	100.0	DGPC Portal do Arqueólogo Sitios_Arqueologicos	107262	33451
neg-pt-dgpc-111331	review-neg-0025	control-v1-0199	negative	PT	Braga	Braga	Braga - Praça de República, 1	Castelo		historic_fortification;roman_built_context	P0	auto_seeded_requires_visual_verification	selected_for_control_set_v1	exclude_until_visual_raster_verification	100.0	DGPC Portal do Arqueólogo Sitios_Arqueologicos	111331	38700
neg-pt-dgpc-113936	review-neg-0026	control-v1-0112	negative	PT	Braga	Barcelos	Carapeços 3	Mamoa		megalithic_mound	P0	auto_seeded_requires_visual_verification	selected_for_control_set_v1	exclude_until_visual_raster_verification	45.0	DGPC Portal do Arqueólogo Sitios_Arqueologicos	113936	40281
neg-pt-dgpc-111296	review-neg-0031	control-v1-0189	negative	PT	Braga	Braga	Braga - Instituto Monsenhor Airosa	Muralha		roman_built_context	P0	auto_seeded_requires_visual_verification	selected_for_control_set_v1	exclude_until_visual_raster_verification	80.0	DGPC Portal do Arqueólogo Sitios_Arqueologicos	111296	38071
neg-pt-dgpc-108688	review-neg-0032		negative	PT	Bragança	Bragança	Forte de São João de Deus	Fortificação		historic_fortification	P0	auto_seeded_requires_visual_verification	provisional_geometry_created	exclude_until_visual_raster_verification	100.0	DGPC Portal do Arqueólogo Sitios_Arqueologicos	108688	35150
neg-pt-dgpc-106067	review-neg-0033	control-v1-0120	negative	PT	Bragança	Carrazeda de Ansiães	Pala da Moura	Anta/Dólmen		megalithic_mound	P0	auto_seeded_requires_visual_verification	selected_for_control_set_v1	exclude_until_visual_raster_verification	45.0	DGPC Portal do Arqueólogo Sitios_Arqueologicos	106067	3078
neg-pt-dgpc-105162	review-neg-0034	control-v1-0184	negative	PT	Bragança	Carrazeda de Ansiães	Anta de Zedes (Casa da Moura I)	Anta/Dólmen		megalithic_mound;rock_art_surface	P0	auto_seeded_requires_visual_verification	selected_for_control_set_v1	exclude_until_visual_raster_verification	45.0	DGPC Portal do Arqueólogo Sitios_Arqueologicos	105162	995
neg-pt-dgpc-111094	review-neg-0039		negative	PT	Porto	Marco de Canaveses	Alto do Castelo	Castelo Roqueiro		historic_fortification	P0	auto_seeded_requires_visual_verification	provisional_geometry_created	exclude_until_visual_raster_verification	100.0	DGPC Portal do Arqueólogo Sitios_Arqueologicos	111094	37901
neg-pt-dgpc-112789	review-neg-0040	control-v1-0200	negative	PT	Porto	Vila Nova de Gaia	Castelo de Gaia	Castelo		historic_fortification;roman_built_context	P0	auto_seeded_requires_visual_verification	selected_for_control_set_v1	exclude_until_visual_raster_verification	100.0	DGPC Portal do Arqueólogo Sitios_Arqueologicos	112789	2989
neg-pt-dgpc-105998	review-neg-0041	control-v1-0122	negative	PT	Porto	Baião	Outeiro de Gregos 2	Mamoa		megalithic_mound	P0	auto_seeded_requires_visual_verification	selected_for_control_set_v1	exclude_until_visual_raster_verification	45.0	DGPC Portal do Arqueólogo Sitios_Arqueologicos	105998	55
neg-pt-dgpc-111176	review-neg-0047		negative	PT	Viana do Castelo	Arcos de Valdevez	Forte de Bragandelo	Fortificação		historic_fortification	P0	auto_seeded_requires_visual_verification	provisional_geometry_created	exclude_until_visual_raster_verification	100.0	DGPC Portal do Arqueólogo Sitios_Arqueologicos	111176	38645
neg-pt-dgpc-108526	review-neg-0048	control-v1-0134	negative	PT	Viana do Castelo	Arcos de Valdevez	Mamoa 2 das Lameiras	Mamoa		megalithic_mound	P0	auto_seeded_requires_visual_verification	selected_for_control_set_v1	exclude_until_visual_raster_verification	45.0	DGPC Portal do Arqueólogo Sitios_Arqueologicos	108526	19309
neg-pt-dgpc-109686	review-neg-0053	control-v1-0140	negative	PT	Vila Real	Boticas	Reigal/Chã de Lesenho - Mamoa 1 do Outeiro do Lesenho, Lesanho Grande 1/ Lesanho Grande	Mamoa		megalithic_mound	P0	auto_seeded_requires_visual_verification	selected_for_control_set_v1	exclude_until_visual_raster_verification	45.0	DGPC Portal do Arqueólogo Sitios_Arqueologicos	109686	33035
neg-pt-dgpc-110572	review-neg-0056	control-v1-0190	negative	PT	Vila Real	Chaves	Chaves - Rua da Muralha	Estrutura		roman_built_context	P0	auto_seeded_requires_visual_verification	selected_for_control_set_v1	exclude_until_visual_raster_verification	80.0	DGPC Portal do Arqueólogo Sitios_Arqueologicos	110572	39698
neg-es-pba-16203	review-neg-0057	control-v1-0152	negative	ES	A Coruña	Oleiros	Batería de Punta Torrella	Batería costeira		historic_fortification	P0	auto_seeded_requires_visual_verification	selected_for_control_set_v1	exclude_until_visual_raster_verification	100.0	Xunta PBA Catálogo. Elementos (xuño 2026)	16203	GA15058002
neg-es-pba-1404	review-neg-0058	control-v1-0143	negative	ES	A Coruña	A Baña	Mámoa da Mina de Mosqueira			megalithic_mound	P0	auto_seeded_requires_visual_verification	selected_for_control_set_v1	exclude_until_visual_raster_verification	45.0	Xunta PBA Catálogo. Elementos (xuño 2026)	1404	GA15007016
neg-es-pba-12557	review-neg-0059	control-v1-0197	negative	ES	A Coruña	Lousame	Petróglifo de Monte Muralla 2			rock_art_surface	P0	auto_seeded_requires_visual_verification	selected_for_control_set_v1	exclude_until_visual_raster_verification	35.0	Xunta PBA Catálogo. Elementos (xuño 2026)	12557	GA15042015
neg-es-pba-31155	review-neg-0060		negative	ES	Lugo	A Fonsagrada	Pena Castelo	Estruturas defensivas?		historic_fortification	P0	auto_seeded_requires_visual_verification	provisional_geometry_created	exclude_until_visual_raster_verification	100.0	Xunta PBA Catálogo. Elementos (xuño 2026)	31155	GA27018100
neg-es-pba-28954	review-neg-0061	control-v1-0144	negative	ES	Lugo	A Fonsagrada	Arqueira de Morocos 2	Túmulo		megalithic_mound	P0	auto_seeded_requires_visual_verification	selected_for_control_set_v1	exclude_until_visual_raster_verification	45.0	Xunta PBA Catálogo. Elementos (xuño 2026)	28954	GA27018013
neg-es-pba-45679	review-neg-0066	control-v1-0145	negative	ES	Ourense	A Arnoia	Mámoa do Reigoso 2			megalithic_mound	P0	auto_seeded_requires_visual_verification	selected_for_control_set_v1	exclude_until_visual_raster_verification	45.0	Xunta PBA Catálogo. Elementos (xuño 2026)	45679	GA32003006
neg-es-pba-67156	review-neg-0070		negative	ES	Pontevedra	Marín	Castelo de Ardán	Castelo		historic_fortification	P0	auto_seeded_requires_visual_verification	provisional_geometry_created	exclude_until_visual_raster_verification	100.0	Xunta PBA Catálogo. Elementos (xuño 2026)	67156	GA36026003
neg-es-pba-63195	review-neg-0071		negative	ES	Pontevedra	A Cañiza	Mámoa da Chan da Igrexa 1	Túmulo		megalithic_mound	P0	auto_seeded_requires_visual_verification	provisional_geometry_created	exclude_until_visual_raster_verification	45.0	Xunta PBA Catálogo. Elementos (xuño 2026)	63195	GA36009021
neg-es-pba-65855	review-neg-0072	control-v1-0186	negative	ES	Pontevedra	Agolada	Petróglifo das Mámoas-Esperante 2	Petróglifo		megalithic_mound;rock_art_surface	P0	auto_seeded_requires_visual_verification	selected_for_control_set_v1	exclude_until_visual_raster_verification	45.0	Xunta PBA Catálogo. Elementos (xuño 2026)	65855	GA36020254
neg-pt-dgpc-107051	review-neg-0077		negative	PT	Braga	Vila Nova de Famalicão	Atalaia do Telhado	Atalaia		historic_fortification	P0	auto_seeded_requires_visual_verification	provisional_geometry_created	exclude_until_visual_raster_verification	100.0	DGPC Portal do Arqueólogo Sitios_Arqueologicos	107051	34044
neg-pt-dgpc-114694	review-neg-0078		negative	PT	Braga	Barcelos	Mamoa de Infia 2 / Mamoa dos Barros Brancos 4	Mamoa		megalithic_mound	P0	auto_seeded_requires_visual_verification	provisional_geometry_created	exclude_until_visual_raster_verification	45.0	DGPC Portal do Arqueólogo Sitios_Arqueologicos	114694	42733
neg-pt-dgpc-107544	review-neg-0082	control-v1-0191	negative	PT	Braga	Braga	Braga - Rua Cruz de Pedra, 103-109	Muralha		roman_built_context	P0	auto_seeded_requires_visual_verification	selected_for_control_set_v1	exclude_until_visual_raster_verification	80.0	DGPC Portal do Arqueólogo Sitios_Arqueologicos	107544	33259
neg-pt-dgpc-111172	review-neg-0083		negative	PT	Bragança	Miranda do Douro	Castelo de Miranda do Douro	Castelo		historic_fortification	P0	auto_seeded_requires_visual_verification	provisional_geometry_created	exclude_until_visual_raster_verification	100.0	DGPC Portal do Arqueólogo Sitios_Arqueologicos	111172	38050
neg-pt-dgpc-114520	review-neg-0084	control-v1-0121	negative	PT	Bragança	Mirandela	Mirandela - Menir da Rua da Portela/ Menir de Mirandela	Menir		megalithic_mound	P0	auto_seeded_requires_visual_verification	selected_for_control_set_v1	exclude_until_visual_raster_verification	45.0	DGPC Portal do Arqueólogo Sitios_Arqueologicos	114520	42499
neg-pt-dgpc-113333	review-neg-0085	control-v1-0185	negative	PT	Bragança	Mirandela	Regato das Bouças 14	Anta/Dólmen		megalithic_mound;rock_art_surface	P0	auto_seeded_requires_visual_verification	selected_for_control_set_v1	exclude_until_visual_raster_verification	45.0	DGPC Portal do Arqueólogo Sitios_Arqueologicos	113333	41280
neg-pt-dgpc-105882	review-neg-0088		negative	PT	Porto	Porto	Porto - Castelo de São João da Foz do Douro	Fortim		historic_fortification	P0	auto_seeded_requires_visual_verification	provisional_geometry_created	exclude_until_visual_raster_verification	100.0	DGPC Portal do Arqueólogo Sitios_Arqueologicos	105882	6670
neg-pt-dgpc-112099	review-neg-0089	control-v1-0123	negative	PT	Porto	Gondomar	Mamoa dos Crastos (Broalhos)	Mamoa		megalithic_mound	P0	auto_seeded_requires_visual_verification	selected_for_control_set_v1	exclude_until_visual_raster_verification	45.0	DGPC Portal do Arqueólogo Sitios_Arqueologicos	112099	19072
neg-pt-dgpc-111646	review-neg-0095		negative	PT	Viana do Castelo	Monção	Monção - Rua 25 de Abril	Fortificação		historic_fortification	P0	auto_seeded_requires_visual_verification	provisional_geometry_created	exclude_until_visual_raster_verification	100.0	DGPC Portal do Arqueólogo Sitios_Arqueologicos	111646	38270
neg-pt-dgpc-112377	review-neg-0096		negative	PT	Viana do Castelo	Arcos de Valdevez	Pereiras 3	Mamoa		megalithic_mound	P0	auto_seeded_requires_visual_verification	provisional_geometry_created	exclude_until_visual_raster_verification	45.0	DGPC Portal do Arqueólogo Sitios_Arqueologicos	112377	40381
neg-pt-dgpc-109619	review-neg-0100		negative	PT	Vila Real	Boticas	Reigal/Chã de Lesenho - Mamoa 2 do Outeiro do Lesenho, Lesanho Grande 2	Monumento Megalítico		megalithic_mound	P0	auto_seeded_requires_visual_verification	provisional_geometry_created	exclude_until_visual_raster_verification	45.0	DGPC Portal do Arqueólogo Sitios_Arqueologicos	109619	21837
neg-pt-dgpc-109187	review-neg-0103	control-v1-0192	negative	PT	Vila Real	Chaves	Chaves - Rua do Bispo Idácio, 20-22	Cidade		roman_built_context	P0	auto_seeded_requires_visual_verification	selected_for_control_set_v1	exclude_until_visual_raster_verification	80.0	DGPC Portal do Arqueólogo Sitios_Arqueologicos	109187	11799
neg-es-pba-1405	review-neg-0104		negative	ES	A Coruña	A Baña	Mámoa da Mina do Rodado			megalithic_mound	P0	auto_seeded_requires_visual_verification	provisional_geometry_created	exclude_until_visual_raster_verification	45.0	Xunta PBA Catálogo. Elementos (xuño 2026)	1405	GA15007034
neg-es-pba-12558	review-neg-0105	control-v1-0198	negative	ES	A Coruña	Lousame	Petróglifo de Monte Muralla 3			rock_art_surface	P0	auto_seeded_requires_visual_verification	selected_for_control_set_v1	exclude_until_visual_raster_verification	35.0	Xunta PBA Catálogo. Elementos (xuño 2026)	12558	GA15042016
neg-es-pba-36915	review-neg-0106	control-v1-0154	negative	ES	Lugo	A Pastoriza	O Castelo	Estruturas defensivas?		historic_fortification	P0	auto_seeded_requires_visual_verification	selected_for_control_set_v1	exclude_until_visual_raster_verification	100.0	Xunta PBA Catálogo. Elementos (xuño 2026)	36915	TO27044006
neg-es-pba-28955	review-neg-0107		negative	ES	Lugo	A Fonsagrada	Arqueira de Morocos 3	Túmulo		megalithic_mound	P0	auto_seeded_requires_visual_verification	provisional_geometry_created	exclude_until_visual_raster_verification	45.0	Xunta PBA Catálogo. Elementos (xuño 2026)	28955	GA27018014
neg-es-pba-45680	review-neg-0111		negative	ES	Ourense	A Arnoia	Mámoa do Reigoso 3			megalithic_mound	P0	auto_seeded_requires_visual_verification	provisional_geometry_created	exclude_until_visual_raster_verification	45.0	Xunta PBA Catálogo. Elementos (xuño 2026)	45680	GA32003007
neg-es-pba-67157	review-neg-0115		negative	ES	Pontevedra	Marín	Castelo de Barbudo	Castelo		historic_fortification	P0	auto_seeded_requires_visual_verification	provisional_geometry_created	exclude_until_visual_raster_verification	100.0	Xunta PBA Catálogo. Elementos (xuño 2026)	67157	GA36026005
neg-es-pba-63196	review-neg-0116		negative	ES	Pontevedra	A Cañiza	Mámoa da Chan da Igrexa 2	Túmulo		megalithic_mound	P0	auto_seeded_requires_visual_verification	provisional_geometry_created	exclude_until_visual_raster_verification	45.0	Xunta PBA Catálogo. Elementos (xuño 2026)	63196	GA36009061
neg-es-pba-69588	review-neg-0117	control-v1-0183	negative	ES	Pontevedra	Oia	Mámoa da Valga 1	Petróglifo		megalithic_mound;rock_art_surface	P0	auto_seeded_requires_visual_verification	selected_for_control_set_v1	exclude_until_visual_raster_verification	45.0	Xunta PBA Catálogo. Elementos (xuño 2026)	69588	GA36036021
neg-pt-dgpc-111018	review-neg-0122		negative	PT	Braga	Barcelos	Portela / Linhares de Água	Mamoa		megalithic_mound	P0	auto_seeded_requires_visual_verification	provisional_geometry_created	exclude_until_visual_raster_verification	45.0	DGPC Portal do Arqueólogo Sitios_Arqueologicos	111018	39013
neg-pt-dgpc-111203	review-neg-0126	control-v1-0193	negative	PT	Braga	Braga	Braga - Rua D. Diogo de Sousa, 102-118	Muralha		roman_built_context	P0	auto_seeded_requires_visual_verification	selected_for_control_set_v1	exclude_until_visual_raster_verification	80.0	DGPC Portal do Arqueólogo Sitios_Arqueologicos	111203	22911
neg-pt-dgpc-107938	review-neg-0127		negative	PT	Bragança	Mirandela	Arasto	Fortificação		historic_fortification	P0	auto_seeded_requires_visual_verification	provisional_geometry_created	exclude_until_visual_raster_verification	100.0	DGPC Portal do Arqueólogo Sitios_Arqueologicos	107938	6856
neg-pt-dgpc-112657	review-neg-0130		negative	PT	Porto	Vila Nova de Gaia	Castelo de Crestuma	Castelo		historic_fortification	P0	auto_seeded_requires_visual_verification	provisional_geometry_created	exclude_until_visual_raster_verification	100.0	DGPC Portal do Arqueólogo Sitios_Arqueologicos	112657	14200
neg-pt-dgpc-112102	review-neg-0131		negative	PT	Porto	Gondomar	Mamoa dos Valinhos (Broalhos)	Mamoa		megalithic_mound	P0	auto_seeded_requires_visual_verification	provisional_geometry_created	exclude_until_visual_raster_verification	45.0	DGPC Portal do Arqueólogo Sitios_Arqueologicos	112102	22826
neg-pt-dgpc-111223	review-neg-0136		negative	PT	Viana do Castelo	Monção	São Martinho da Penha 2/ Penha da Rainha	Castelo		historic_fortification	P0	auto_seeded_requires_visual_verification	provisional_geometry_created	exclude_until_visual_raster_verification	100.0	DGPC Portal do Arqueólogo Sitios_Arqueologicos	111223	22180
neg-pt-dgpc-113975	review-neg-0137	control-v1-0135	negative	PT	Viana do Castelo	Melgaço	Mamoa 1 dos Prados da Saba	Anta/Dólmen		megalithic_mound	P0	auto_seeded_requires_visual_verification	selected_for_control_set_v1	exclude_until_visual_raster_verification	45.0	DGPC Portal do Arqueólogo Sitios_Arqueologicos	113975	40288
neg-pt-dgpc-109436	review-neg-0141	control-v1-0141	negative	PT	Vila Real	Chaves	Carreira da Pedra	Menir		megalithic_mound	P0	auto_seeded_requires_visual_verification	selected_for_control_set_v1	exclude_until_visual_raster_verification	45.0	DGPC Portal do Arqueólogo Sitios_Arqueologicos	109436	3120
neg-es-pba-1406	review-neg-0145		negative	ES	A Coruña	A Baña	Mámoa da Mina dos Mouros			megalithic_mound	P0	auto_seeded_requires_visual_verification	provisional_geometry_created	exclude_until_visual_raster_verification	45.0	Xunta PBA Catálogo. Elementos (xuño 2026)	1406	GA15007065
neg-es-pba-26859	review-neg-0147	control-v1-0155	negative	ES	Lugo	Abadín	Castelo da Portela	Estruturas defensivas?		historic_fortification	P0	auto_seeded_requires_visual_verification	selected_for_control_set_v1	exclude_until_visual_raster_verification	100.0	Xunta PBA Catálogo. Elementos (xuño 2026)	26859	GA27001005
neg-es-pba-28956	review-neg-0148		negative	ES	Lugo	A Fonsagrada	Arqueira de Morocos 4	Túmulo		megalithic_mound	P0	auto_seeded_requires_visual_verification	provisional_geometry_created	exclude_until_visual_raster_verification	45.0	Xunta PBA Catálogo. Elementos (xuño 2026)	28956	GA27018015
neg-es-pba-50551	review-neg-0152	control-v1-0104	negative	ES	Ourense	A Gudiña	A Medorra	Mámoa		megalithic_mound	P0	auto_seeded_requires_visual_verification	selected_for_control_set_v1	exclude_until_visual_raster_verification	45.0	Xunta PBA Catálogo. Elementos (xuño 2026)	50551	GA32034019
neg-es-pba-66595	review-neg-0156		negative	ES	Pontevedra	Moaña	Castelo de Con O Real/O Castelo	Castelo		historic_fortification	P0	auto_seeded_requires_visual_verification	provisional_geometry_created	exclude_until_visual_raster_verification	100.0	Xunta PBA Catálogo. Elementos (xuño 2026)	66595	GA36029021
neg-es-pba-63225	review-neg-0157		negative	ES	Pontevedra	A Cañiza	Mámoa da Chan de Valeixe	Túmulo		megalithic_mound	P0	auto_seeded_requires_visual_verification	provisional_geometry_created	exclude_until_visual_raster_verification	45.0	Xunta PBA Catálogo. Elementos (xuño 2026)	63225	GA36009023
neg-es-pba-69648	review-neg-0158	control-v1-0187	negative	ES	Pontevedra	Oia	Mámoa da Valga 2	Petróglifo		megalithic_mound;rock_art_surface	P0	auto_seeded_requires_visual_verification	selected_for_control_set_v1	exclude_until_visual_raster_verification	45.0	Xunta PBA Catálogo. Elementos (xuño 2026)	69648	GA36036022
neg-pt-dgpc-109194	review-neg-0163	control-v1-0113	negative	PT	Braga	Cabeceiras de Basto	Mamoa 1 de Penedo Covo	Mamoa		megalithic_mound	P0	auto_seeded_requires_visual_verification	selected_for_control_set_v1	exclude_until_visual_raster_verification	45.0	DGPC Portal do Arqueólogo Sitios_Arqueologicos	109194	30013
neg-pt-dgpc-110813	review-neg-0167	control-v1-0194	negative	PT	Braga	Braga	Braga - Rua Direita, 25-29	Muralha		roman_built_context	P0	auto_seeded_requires_visual_verification	selected_for_control_set_v1	exclude_until_visual_raster_verification	80.0	DGPC Portal do Arqueólogo Sitios_Arqueologicos	110813	39900
neg-pt-dgpc-106685	review-neg-0170		negative	PT	Porto	Vila do Conde	Forte de São João Baptista	Fortificação		historic_fortification	P0	auto_seeded_requires_visual_verification	provisional_geometry_created	exclude_until_visual_raster_verification	100.0	DGPC Portal do Arqueólogo Sitios_Arqueologicos	106685	795
neg-pt-dgpc-106436	review-neg-0171	control-v1-0124	negative	PT	Porto	Lousada	Serra de Campelos 1	Mamoa		megalithic_mound	P0	auto_seeded_requires_visual_verification	selected_for_control_set_v1	exclude_until_visual_raster_verification	45.0	DGPC Portal do Arqueólogo Sitios_Arqueologicos	106436	3042
neg-pt-dgpc-109895	review-neg-0176		negative	PT	Viana do Castelo	Ponte de Lima	Curutelo	Castelo		historic_fortification	P0	auto_seeded_requires_visual_verification	provisional_geometry_created	exclude_until_visual_raster_verification	100.0	DGPC Portal do Arqueólogo Sitios_Arqueologicos	109895	183
neg-pt-dgpc-114017	review-neg-0177		negative	PT	Viana do Castelo	Melgaço	Mamoa 10 de Vale das Antas	Mamoa		megalithic_mound	P0	auto_seeded_requires_visual_verification	provisional_geometry_created	exclude_until_visual_raster_verification	45.0	DGPC Portal do Arqueólogo Sitios_Arqueologicos	114017	40296
neg-pt-dgpc-114420	review-neg-0181	control-v1-0142	negative	PT	Vila Real	Vila Pouca de Aguiar	Alto de Pandim / Gouvães da Serra	Mamoa		megalithic_mound	P0	auto_seeded_requires_visual_verification	selected_for_control_set_v1	exclude_until_visual_raster_verification	45.0	DGPC Portal do Arqueólogo Sitios_Arqueologicos	114420	42224
neg-es-pba-1407	review-neg-0185		negative	ES	A Coruña	A Baña	Mámoa da Revolta Vella 1			megalithic_mound	P0	auto_seeded_requires_visual_verification	provisional_geometry_created	exclude_until_visual_raster_verification	45.0	Xunta PBA Catálogo. Elementos (xuño 2026)	1407	GA15007012
neg-es-pba-28789	review-neg-0187	control-v1-0156	negative	ES	Lugo	Bóveda	Castelo da Modorra	Estruturas defensivas?		historic_fortification	P0	auto_seeded_requires_visual_verification	selected_for_control_set_v1	exclude_until_visual_raster_verification	100.0	Xunta PBA Catálogo. Elementos (xuño 2026)	28789	GA27008019
neg-es-pba-28957	review-neg-0188		negative	ES	Lugo	A Fonsagrada	Arqueira de Morocos 5	Túmulo		megalithic_mound	P0	auto_seeded_requires_visual_verification	provisional_geometry_created	exclude_until_visual_raster_verification	45.0	Xunta PBA Catálogo. Elementos (xuño 2026)	28957	GA27018016
neg-es-pba-50512	review-neg-0192	control-v1-0146	negative	ES	Ourense	A Gudiña	Mámoa da Cabeza do Chichón 1	Mámoa		megalithic_mound	P0	auto_seeded_requires_visual_verification	selected_for_control_set_v1	exclude_until_visual_raster_verification	45.0	Xunta PBA Catálogo. Elementos (xuño 2026)	50512	GA32034024
neg-es-pba-68130	review-neg-0196		negative	ES	Pontevedra	Moraña	Torre de Ponte Cornide	Torre		historic_fortification	P0	auto_seeded_requires_visual_verification	provisional_geometry_created	exclude_until_visual_raster_verification	100.0	Xunta PBA Catálogo. Elementos (xuño 2026)	68130	GA36032008
neg-es-pba-63226	review-neg-0197		negative	ES	Pontevedra	A Cañiza	Mámoa da Chan do Marco 1	Túmulo		megalithic_mound	P0	auto_seeded_requires_visual_verification	provisional_geometry_created	exclude_until_visual_raster_verification	45.0	Xunta PBA Catálogo. Elementos (xuño 2026)	63226	GA36009024
neg-es-pba-69649	review-neg-0198	control-v1-0188	negative	ES	Pontevedra	Oia	Mámoa da Valga 3	Petróglifo		megalithic_mound;rock_art_surface	P0	auto_seeded_requires_visual_verification	selected_for_control_set_v1	exclude_until_visual_raster_verification	45.0	Xunta PBA Catálogo. Elementos (xuño 2026)	69649	GA36036034
neg-pt-dgpc-110835	review-neg-0203		negative	PT	Braga	Cabeceiras de Basto	Outeiro dos Touros/ Outeiro dos Ferreiros	Mamoa		megalithic_mound	P0	auto_seeded_requires_visual_verification	provisional_geometry_created	exclude_until_visual_raster_verification	45.0	DGPC Portal do Arqueólogo Sitios_Arqueologicos	110835	39916
neg-pt-dgpc-107556	review-neg-0207		negative	PT	Braga	Braga	Braga - Rua Visconde Pindela, 1 e 3	Muralha		roman_built_context	P0	auto_seeded_requires_visual_verification	provisional_geometry_created	exclude_until_visual_raster_verification	80.0	DGPC Portal do Arqueólogo Sitios_Arqueologicos	107556	36850
neg-pt-dgpc-106346	review-neg-0210		negative	PT	Porto	Lousada	Serra de Campelos 11	Mamoa		megalithic_mound	P0	auto_seeded_requires_visual_verification	provisional_geometry_created	exclude_until_visual_raster_verification	45.0	DGPC Portal do Arqueólogo Sitios_Arqueologicos	106346	4445
neg-pt-dgpc-113811	review-neg-0214		negative	PT	Viana do Castelo	Valença	Forte de Belém	Fortificação		historic_fortification	P0	auto_seeded_requires_visual_verification	provisional_geometry_created	exclude_until_visual_raster_verification	100.0	DGPC Portal do Arqueólogo Sitios_Arqueologicos	113811	41020
neg-pt-dgpc-114022	review-neg-0215		negative	PT	Viana do Castelo	Melgaço	Mamoa 11 de Vale das Antas	Mamoa		megalithic_mound	P0	auto_seeded_requires_visual_verification	provisional_geometry_created	exclude_until_visual_raster_verification	45.0	DGPC Portal do Arqueólogo Sitios_Arqueologicos	114022	40297
neg-pt-dgpc-107835	review-neg-0219		negative	PT	Vila Real	Vila Pouca de Aguiar	Carvalhas Alvas 2	Cista		megalithic_mound	P0	auto_seeded_requires_visual_verification	provisional_geometry_created	exclude_until_visual_raster_verification	45.0	DGPC Portal do Arqueólogo Sitios_Arqueologicos	107835	17836
neg-es-pba-1408	review-neg-0222		negative	ES	A Coruña	A Baña	Mámoa da Revolta Vella 2			megalithic_mound	P0	auto_seeded_requires_visual_verification	provisional_geometry_created	exclude_until_visual_raster_verification	45.0	Xunta PBA Catálogo. Elementos (xuño 2026)	1408	GA15007013
neg-es-pba-29892	review-neg-0224	control-v1-0157	negative	ES	Lugo	Castroverde	Torre de Sobreda	Estruturas defensivas?		historic_fortification	P0	auto_seeded_requires_visual_verification	selected_for_control_set_v1	exclude_until_visual_raster_verification	100.0	Xunta PBA Catálogo. Elementos (xuño 2026)	29892	GA27011091
neg-es-pba-28958	review-neg-0225		negative	ES	Lugo	A Fonsagrada	Arquela da Pruída	Túmulo		megalithic_mound	P0	auto_seeded_requires_visual_verification	provisional_geometry_created	exclude_until_visual_raster_verification	45.0	Xunta PBA Catálogo. Elementos (xuño 2026)	28958	GA27018010
neg-es-pba-50513	review-neg-0229		negative	ES	Ourense	A Gudiña	Mámoa da Cabeza do Chichón 2	Mámoa		megalithic_mound	P0	auto_seeded_requires_visual_verification	provisional_geometry_created	exclude_until_visual_raster_verification	45.0	Xunta PBA Catálogo. Elementos (xuño 2026)	50513	GA32034025
neg-es-pba-68975	review-neg-0233		negative	ES	Pontevedra	Nigrán	Castelo do Monte	Castelo		historic_fortification	P0	auto_seeded_requires_visual_verification	provisional_geometry_created	exclude_until_visual_raster_verification	100.0	Xunta PBA Catálogo. Elementos (xuño 2026)	68975	GA36035100
neg-es-pba-63227	review-neg-0234		negative	ES	Pontevedra	A Cañiza	Mámoa da Chan do Marco 2	Túmulo		megalithic_mound	P0	auto_seeded_requires_visual_verification	provisional_geometry_created	exclude_until_visual_raster_verification	45.0	Xunta PBA Catálogo. Elementos (xuño 2026)	63227	GA36009062
neg-es-pba-68549	review-neg-0235		negative	ES	Pontevedra	Oia	Mámoa do Areeiro 2	Petróglifo		megalithic_mound;rock_art_surface	P0	auto_seeded_requires_visual_verification	provisional_geometry_created	exclude_until_visual_raster_verification	45.0	Xunta PBA Catálogo. Elementos (xuño 2026)	68549	GA36036031
neg-pt-dgpc-107214	review-neg-0240	control-v1-0114	negative	PT	Braga	Celorico de Basto	Travessa 1	Mamoa		megalithic_mound	P0	auto_seeded_requires_visual_verification	selected_for_control_set_v1	exclude_until_visual_raster_verification	45.0	DGPC Portal do Arqueólogo Sitios_Arqueologicos	107214	16765
neg-pt-dgpc-107567	review-neg-0244		negative	PT	Braga	Braga	Braga - Rua de Dom Paio Mendes, 67-75	Muralha		roman_built_context	P0	auto_seeded_requires_visual_verification	provisional_geometry_created	exclude_until_visual_raster_verification	80.0	DGPC Portal do Arqueólogo Sitios_Arqueologicos	107567	14930
neg-pt-dgpc-106332	review-neg-0247		negative	PT	Porto	Lousada	Serra de Campelos 14	Mamoa		megalithic_mound	P0	auto_seeded_requires_visual_verification	provisional_geometry_created	exclude_until_visual_raster_verification	45.0	DGPC Portal do Arqueólogo Sitios_Arqueologicos	106332	4448
neg-pt-dgpc-113808	review-neg-0251		negative	PT	Viana do Castelo	Valença	Forte de São Francisco	Fortificação		historic_fortification	P0	auto_seeded_requires_visual_verification	provisional_geometry_created	exclude_until_visual_raster_verification	100.0	DGPC Portal do Arqueólogo Sitios_Arqueologicos	113808	41019
neg-pt-dgpc-113989	review-neg-0252		negative	PT	Viana do Castelo	Melgaço	Mamoa 12 de Lama do Brincadoiro	Mamoa		megalithic_mound	P0	auto_seeded_requires_visual_verification	provisional_geometry_created	exclude_until_visual_raster_verification	45.0	DGPC Portal do Arqueólogo Sitios_Arqueologicos	113989	40298
neg-es-pba-1409	review-neg-0257		negative	ES	A Coruña	A Baña	Mámoa da Ventureira 1			megalithic_mound	P0	auto_seeded_requires_visual_verification	provisional_geometry_created	exclude_until_visual_raster_verification	45.0	Xunta PBA Catálogo. Elementos (xuño 2026)	1409	GA15007036
neg-es-pba-29293	review-neg-0259	control-v1-0158	negative	ES	Lugo	Chantada	O Castelo	Estruturas defensivas?		historic_fortification	P0	auto_seeded_requires_visual_verification	selected_for_control_set_v1	exclude_until_visual_raster_verification	100.0	Xunta PBA Catálogo. Elementos (xuño 2026)	29293	GA27016041
neg-es-pba-30797	review-neg-0260		negative	ES	Lugo	A Fonsagrada	Dolmen de Hospital Novo	Dolmen		megalithic_mound	P0	auto_seeded_requires_visual_verification	provisional_geometry_created	exclude_until_visual_raster_verification	45.0	Xunta PBA Catálogo. Elementos (xuño 2026)	30797	GA27018069
neg-es-pba-50514	review-neg-0264		negative	ES	Ourense	A Gudiña	Mámoa de Val da Lagoa/Portela Alta	Mámoa		megalithic_mound	P0	auto_seeded_requires_visual_verification	provisional_geometry_created	exclude_until_visual_raster_verification	45.0	Xunta PBA Catálogo. Elementos (xuño 2026)	50514	GA32034021
neg-es-pba-71232	review-neg-0268		negative	ES	Pontevedra	O Rosal	Castelo da Mata	Castelo		historic_fortification	P0	auto_seeded_requires_visual_verification	provisional_geometry_created	exclude_until_visual_raster_verification	100.0	Xunta PBA Catálogo. Elementos (xuño 2026)	71232	TO36048002
neg-es-pba-63228	review-neg-0269		negative	ES	Pontevedra	A Cañiza	Mámoa da Chan do Marco 3	Túmulo		megalithic_mound	P0	auto_seeded_requires_visual_verification	provisional_geometry_created	exclude_until_visual_raster_verification	45.0	Xunta PBA Catálogo. Elementos (xuño 2026)	63228	GA36009063
neg-es-pba-68550	review-neg-0270		negative	ES	Pontevedra	Oia	Mámoa do Areeiro 3	Petróglifo		megalithic_mound;rock_art_surface	P0	auto_seeded_requires_visual_verification	provisional_geometry_created	exclude_until_visual_raster_verification	45.0	Xunta PBA Catálogo. Elementos (xuño 2026)	68550	GA36036032
neg-pt-dgpc-107640	review-neg-0275	control-v1-0115	negative	PT	Braga	Esposende	Antela da Portelagem/ Anta da Portelagem	Anta/Dólmen		megalithic_mound	P0	auto_seeded_requires_visual_verification	selected_for_control_set_v1	exclude_until_visual_raster_verification	45.0	DGPC Portal do Arqueólogo Sitios_Arqueologicos	107640	3649
neg-pt-dgpc-106320	review-neg-0282		negative	PT	Porto	Lousada	Serra de Campelos 15	Mamoa		megalithic_mound	P0	auto_seeded_requires_visual_verification	provisional_geometry_created	exclude_until_visual_raster_verification	45.0	DGPC Portal do Arqueólogo Sitios_Arqueologicos	106320	4449
neg-pt-dgpc-108516	review-neg-0286		negative	PT	Viana do Castelo	Valença	Forte de São Jorge/ Fortificação do Monte da Chãs/ Forte da Silva	Fortificação		historic_fortification	P0	auto_seeded_requires_visual_verification	provisional_geometry_created	exclude_until_visual_raster_verification	100.0	DGPC Portal do Arqueólogo Sitios_Arqueologicos	108516	32325
neg-pt-dgpc-113999	review-neg-0287		negative	PT	Viana do Castelo	Melgaço	Mamoa 13 da Corga do Gato	Mamoa		megalithic_mound	P0	auto_seeded_requires_visual_verification	provisional_geometry_created	exclude_until_visual_raster_verification	45.0	DGPC Portal do Arqueólogo Sitios_Arqueologicos	113999	40299
neg-es-pba-1410	review-neg-0292		negative	ES	A Coruña	A Baña	Mámoa da Ventureira 2			megalithic_mound	P0	auto_seeded_requires_visual_verification	provisional_geometry_created	exclude_until_visual_raster_verification	45.0	Xunta PBA Catálogo. Elementos (xuño 2026)	1410	GA15007037
neg-es-pba-29114	review-neg-0294	control-v1-0159	negative	ES	Lugo	Cospeito	A Torre do Braña/As Torres	Estruturas defensivas?		historic_fortification	P0	auto_seeded_requires_visual_verification	selected_for_control_set_v1	exclude_until_visual_raster_verification	100.0	Xunta PBA Catálogo. Elementos (xuño 2026)	29114	GA27015065
neg-es-pba-30905	review-neg-0295		negative	ES	Lugo	A Fonsagrada	Medorra 1 dos Chaos	Túmulo		megalithic_mound	P0	auto_seeded_requires_visual_verification	provisional_geometry_created	exclude_until_visual_raster_verification	45.0	Xunta PBA Catálogo. Elementos (xuño 2026)	30905	GA27018195
neg-es-pba-56336	review-neg-0299	control-v1-0105	negative	ES	Ourense	A Peroxa	Mámoa da Cima de Covela			megalithic_mound	P0	auto_seeded_requires_visual_verification	selected_for_control_set_v1	exclude_until_visual_raster_verification	45.0	Xunta PBA Catálogo. Elementos (xuño 2026)	56336	GA32059013
neg-es-pba-71233	review-neg-0303		negative	ES	Pontevedra	O Rosal	Castelo do Monte Terroso	Castelo		historic_fortification	P0	auto_seeded_requires_visual_verification	provisional_geometry_created	exclude_until_visual_raster_verification	100.0	Xunta PBA Catálogo. Elementos (xuño 2026)	71233	GA36023013
neg-es-pba-63229	review-neg-0304		negative	ES	Pontevedra	A Cañiza	Mámoa da Chan do Marco 4	Túmulo		megalithic_mound	P0	auto_seeded_requires_visual_verification	provisional_geometry_created	exclude_until_visual_raster_verification	45.0	Xunta PBA Catálogo. Elementos (xuño 2026)	63229	GA36009064
neg-es-pba-68551	review-neg-0305		negative	ES	Pontevedra	Oia	Mámoa e petróglifo da ponte de Salgueiriños	Túmulo/Petróglifo		megalithic_mound;rock_art_surface	P0	auto_seeded_requires_visual_verification	provisional_geometry_created	exclude_until_visual_raster_verification	45.0	Xunta PBA Catálogo. Elementos (xuño 2026)	68551	GA36036192
neg-pt-dgpc-107532	review-neg-0310		negative	PT	Braga	Esposende	Mamoa de Cimo da Vila / Palmeira de Faro	Anta/Dólmen		megalithic_mound	P0	auto_seeded_requires_visual_verification	provisional_geometry_created	exclude_until_visual_raster_verification	45.0	DGPC Portal do Arqueólogo Sitios_Arqueologicos	107532	1563
neg-pt-dgpc-111216	review-neg-0317		negative	PT	Porto	Lousada	Serra de Campelos 17	Mamoa		megalithic_mound	P0	auto_seeded_requires_visual_verification	provisional_geometry_created	exclude_until_visual_raster_verification	45.0	DGPC Portal do Arqueólogo Sitios_Arqueologicos	111216	30670
neg-pt-dgpc-113805	review-neg-0320		negative	PT	Viana do Castelo	Valença	Forte de São Luís Gonzaga e Atalaia de Santa Teresa	Fortificação		historic_fortification	P0	auto_seeded_requires_visual_verification	provisional_geometry_created	exclude_until_visual_raster_verification	100.0	DGPC Portal do Arqueólogo Sitios_Arqueologicos	113805	41018
neg-pt-dgpc-114026	review-neg-0321		negative	PT	Viana do Castelo	Melgaço	Mamoa 14 do Cabeço das Quatro Fontes	Mamoa		megalithic_mound	P0	auto_seeded_requires_visual_verification	provisional_geometry_created	exclude_until_visual_raster_verification	45.0	DGPC Portal do Arqueólogo Sitios_Arqueologicos	114026	40300
neg-es-pba-1438	review-neg-0326		negative	ES	A Coruña	A Baña	Mámoa das Brañas			megalithic_mound	P0	auto_seeded_requires_visual_verification	provisional_geometry_created	exclude_until_visual_raster_verification	45.0	Xunta PBA Catálogo. Elementos (xuño 2026)	1438	GA15007039
neg-es-pba-32089	review-neg-0328	control-v1-0160	negative	ES	Lugo	Guitiriz	O Castelo	Estruturas defensivas?		historic_fortification	P0	auto_seeded_requires_visual_verification	selected_for_control_set_v1	exclude_until_visual_raster_verification	100.0	Xunta PBA Catálogo. Elementos (xuño 2026)	32089	GA27022090
neg-es-pba-30906	review-neg-0329		negative	ES	Lugo	A Fonsagrada	Medorra 2 dos Chaos	Túmulo		megalithic_mound	P0	auto_seeded_requires_visual_verification	provisional_geometry_created	exclude_until_visual_raster_verification	45.0	Xunta PBA Catálogo. Elementos (xuño 2026)	30906	GA27018196
neg-es-pba-56337	review-neg-0333	control-v1-0147	negative	ES	Ourense	A Peroxa	Mámoa das Regas			megalithic_mound	P0	auto_seeded_requires_visual_verification	selected_for_control_set_v1	exclude_until_visual_raster_verification	45.0	Xunta PBA Catálogo. Elementos (xuño 2026)	56337	GA32059014
neg-es-pba-71331	review-neg-0337		negative	ES	Pontevedra	Redondela	Castelo de Rande	Castelo		historic_fortification	P0	auto_seeded_requires_visual_verification	provisional_geometry_created	exclude_until_visual_raster_verification	100.0	Xunta PBA Catálogo. Elementos (xuño 2026)	71331	GA36045067
neg-es-pba-63230	review-neg-0338		negative	ES	Pontevedra	A Cañiza	Mámoa da Chan do Marco 5	Túmulo		megalithic_mound	P0	auto_seeded_requires_visual_verification	provisional_geometry_created	exclude_until_visual_raster_verification	45.0	Xunta PBA Catálogo. Elementos (xuño 2026)	63230	GA36009065
neg-pt-dgpc-107655	review-neg-0343		negative	PT	Braga	Esposende	Monte da Cerca	Anta/Dólmen		megalithic_mound	P0	auto_seeded_requires_visual_verification	provisional_geometry_created	exclude_until_visual_raster_verification	45.0	DGPC Portal do Arqueólogo Sitios_Arqueologicos	107655	3176
neg-pt-dgpc-106435	review-neg-0349		negative	PT	Porto	Lousada	Serra de Campelos 2	Mamoa		megalithic_mound	P0	auto_seeded_requires_visual_verification	provisional_geometry_created	exclude_until_visual_raster_verification	45.0	DGPC Portal do Arqueólogo Sitios_Arqueologicos	106435	3226
neg-pt-dgpc-108554	review-neg-0352		negative	PT	Viana do Castelo	Valença	Forte do Tuído ou da Gandra	Fortificação		historic_fortification	P0	auto_seeded_requires_visual_verification	provisional_geometry_created	exclude_until_visual_raster_verification	100.0	DGPC Portal do Arqueólogo Sitios_Arqueologicos	108554	32349
neg-pt-dgpc-113978	review-neg-0353		negative	PT	Viana do Castelo	Melgaço	Mamoa 2 do Alto dos Piornais/ Rio Laboreiro	Anta/Dólmen		megalithic_mound	P0	auto_seeded_requires_visual_verification	provisional_geometry_created	exclude_until_visual_raster_verification	45.0	DGPC Portal do Arqueólogo Sitios_Arqueologicos	113978	40289
neg-es-pba-1439	review-neg-0358		negative	ES	A Coruña	A Baña	Mámoa das Chamiseiras	Mámoa/Túmulo		megalithic_mound	P0	auto_seeded_requires_visual_verification	provisional_geometry_created	exclude_until_visual_raster_verification	45.0	Xunta PBA Catálogo. Elementos (xuño 2026)	1439	GA15007026
neg-es-pba-31534	review-neg-0360	control-v1-0161	negative	ES	Lugo	Lugo	A Torre/Torre de Aez	Estruturas defensivas?		historic_fortification	P0	auto_seeded_requires_visual_verification	selected_for_control_set_v1	exclude_until_visual_raster_verification	100.0	Xunta PBA Catálogo. Elementos (xuño 2026)	31534	GA27028162
neg-es-pba-30907	review-neg-0361		negative	ES	Lugo	A Fonsagrada	Medorra da Campa das Penas de Monterriu 6	Túmulo		megalithic_mound	P0	auto_seeded_requires_visual_verification	provisional_geometry_created	exclude_until_visual_raster_verification	45.0	Xunta PBA Catálogo. Elementos (xuño 2026)	30907	GA27018005
neg-es-pba-56338	review-neg-0365		negative	ES	Ourense	A Peroxa	Mámoa do Monte de Couselo 1	Túmulo/Mámoa		megalithic_mound	P0	auto_seeded_requires_visual_verification	provisional_geometry_created	exclude_until_visual_raster_verification	45.0	Xunta PBA Catálogo. Elementos (xuño 2026)	56338	GA32059001
neg-es-pba-70806	review-neg-0369		negative	ES	Pontevedra	Salceda de Caselas	Castelo de Coruxeiras	Castelo		historic_fortification	P0	auto_seeded_requires_visual_verification	provisional_geometry_created	exclude_until_visual_raster_verification	100.0	Xunta PBA Catálogo. Elementos (xuño 2026)	70806	GA36049017
neg-es-pba-63231	review-neg-0370		negative	ES	Pontevedra	A Cañiza	Mámoa da Chan dos Bidueiros 1	Túmulo		megalithic_mound	P0	auto_seeded_requires_visual_verification	provisional_geometry_created	exclude_until_visual_raster_verification	45.0	Xunta PBA Catálogo. Elementos (xuño 2026)	63231	GA36009003
neg-pt-dgpc-114669	review-neg-0374	control-v1-0116	negative	PT	Braga	Terras de Bouro	Mamoa I da Bouça do Fojo	Monumento Megalítico		megalithic_mound	P0	auto_seeded_requires_visual_verification	selected_for_control_set_v1	exclude_until_visual_raster_verification	45.0	DGPC Portal do Arqueólogo Sitios_Arqueologicos	114669	42715
neg-pt-dgpc-106421	review-neg-0378		negative	PT	Porto	Lousada	Serra de Campelos 4	Mamoa		megalithic_mound	P0	auto_seeded_requires_visual_verification	provisional_geometry_created	exclude_until_visual_raster_verification	45.0	DGPC Portal do Arqueólogo Sitios_Arqueologicos	106421	4393
neg-pt-dgpc-111040	review-neg-0381		negative	PT	Viana do Castelo	Valença	Fortificações da Praça de Valença do Minho	Fortificação		historic_fortification	P0	auto_seeded_requires_visual_verification	provisional_geometry_created	exclude_until_visual_raster_verification	100.0	DGPC Portal do Arqueólogo Sitios_Arqueologicos	111040	32343
neg-pt-dgpc-113982	review-neg-0382		negative	PT	Viana do Castelo	Melgaço	Mamoa 3 da Lama do Brincadoiro	Mamoa		megalithic_mound	P0	auto_seeded_requires_visual_verification	provisional_geometry_created	exclude_until_visual_raster_verification	45.0	DGPC Portal do Arqueólogo Sitios_Arqueologicos	113982	40290
neg-es-pba-1440	review-neg-0387		negative	ES	A Coruña	A Baña	Mámoa de Barreiros 1			megalithic_mound	P0	auto_seeded_requires_visual_verification	provisional_geometry_created	exclude_until_visual_raster_verification	45.0	Xunta PBA Catálogo. Elementos (xuño 2026)	1440	GA15007035
neg-es-pba-31615	review-neg-0389		negative	ES	Lugo	Lugo	Castelo de San Román	Estruturas defensivas?		historic_fortification	P0	auto_seeded_requires_visual_verification	provisional_geometry_created	exclude_until_visual_raster_verification	100.0	Xunta PBA Catálogo. Elementos (xuño 2026)	31615	GA27028163
neg-es-pba-30908	review-neg-0390		negative	ES	Lugo	A Fonsagrada	Medorra da Campa das Penas de Monterriu 7	Túmulo		megalithic_mound	P0	auto_seeded_requires_visual_verification	provisional_geometry_created	exclude_until_visual_raster_verification	45.0	Xunta PBA Catálogo. Elementos (xuño 2026)	30908	GA27018006
neg-es-pba-56339	review-neg-0394		negative	ES	Ourense	A Peroxa	Mámoa do Monte de Couselo 2	Túmulo/Mámoa		megalithic_mound	P0	auto_seeded_requires_visual_verification	provisional_geometry_created	exclude_until_visual_raster_verification	45.0	Xunta PBA Catálogo. Elementos (xuño 2026)	56339	GA32059010
neg-es-pba-70135	review-neg-0398		negative	ES	Pontevedra	Silleda	Castelo de Ferveda/Coto do Castelo	Castelo		historic_fortification	P0	auto_seeded_requires_visual_verification	provisional_geometry_created	exclude_until_visual_raster_verification	100.0	Xunta PBA Catálogo. Elementos (xuño 2026)	70135	GA36052050
neg-es-pba-63232	review-neg-0399		negative	ES	Pontevedra	A Cañiza	Mámoa da Chan dos Bidueiros 2	Túmulo		megalithic_mound	P0	auto_seeded_requires_visual_verification	provisional_geometry_created	exclude_until_visual_raster_verification	45.0	Xunta PBA Catálogo. Elementos (xuño 2026)	63232	GA36009030
neg-pt-dgpc-114678	review-neg-0403		negative	PT	Braga	Terras de Bouro	Mamoa I da Chã da Navia/ Nave	Monumento Megalítico		megalithic_mound	P0	auto_seeded_requires_visual_verification	provisional_geometry_created	exclude_until_visual_raster_verification	45.0	DGPC Portal do Arqueólogo Sitios_Arqueologicos	114678	42723
neg-pt-dgpc-106419	review-neg-0407		negative	PT	Porto	Lousada	Serra de Campelos 5	Mamoa		megalithic_mound	P0	auto_seeded_requires_visual_verification	provisional_geometry_created	exclude_until_visual_raster_verification	45.0	DGPC Portal do Arqueólogo Sitios_Arqueologicos	106419	4400
neg-pt-dgpc-111013	review-neg-0410		negative	PT	Viana do Castelo	Valença	Fortim do Verdoejo/ Forte da Gingleta	Fortificação		historic_fortification	P0	auto_seeded_requires_visual_verification	provisional_geometry_created	exclude_until_visual_raster_verification	100.0	DGPC Portal do Arqueólogo Sitios_Arqueologicos	111013	32342
neg-pt-dgpc-113984	review-neg-0411		negative	PT	Viana do Castelo	Melgaço	Mamoa 4 da Lama do Bricadoiro	Mamoa		megalithic_mound	P0	auto_seeded_requires_visual_verification	provisional_geometry_created	exclude_until_visual_raster_verification	45.0	DGPC Portal do Arqueólogo Sitios_Arqueologicos	113984	40291
neg-es-pba-1441	review-neg-0416		negative	ES	A Coruña	A Baña	Mámoa de Barreiros 2			megalithic_mound	P0	auto_seeded_requires_visual_verification	provisional_geometry_created	exclude_until_visual_raster_verification	45.0	Xunta PBA Catálogo. Elementos (xuño 2026)	1441	GA15007073
neg-es-pba-34394	review-neg-0418	control-v1-0162	negative	ES	Lugo	Mondoñedo	Castelo	Estruturas defensivas?		historic_fortification	P0	auto_seeded_requires_visual_verification	selected_for_control_set_v1	exclude_until_visual_raster_verification	100.0	Xunta PBA Catálogo. Elementos (xuño 2026)	34394	TO27030013
neg-es-pba-30909	review-neg-0419		negative	ES	Lugo	A Fonsagrada	Medorra da Campa do Searo	Túmulo		megalithic_mound	P0	auto_seeded_requires_visual_verification	provisional_geometry_created	exclude_until_visual_raster_verification	45.0	Xunta PBA Catálogo. Elementos (xuño 2026)	30909	GA27034007
neg-es-pba-56340	review-neg-0423		negative	ES	Ourense	A Peroxa	Mámoa do Monte de Couselo 3	Túmulo/Mámoa		megalithic_mound	P0	auto_seeded_requires_visual_verification	provisional_geometry_created	exclude_until_visual_raster_verification	45.0	Xunta PBA Catálogo. Elementos (xuño 2026)	56340	GA32059011
neg-es-pba-70318	review-neg-0427		negative	ES	Pontevedra	Tui	Castelo de Casas Novas	Castelo		historic_fortification	P0	auto_seeded_requires_visual_verification	provisional_geometry_created	exclude_until_visual_raster_verification	100.0	Xunta PBA Catálogo. Elementos (xuño 2026)	70318	GA36055014
neg-es-pba-63265	review-neg-0428		negative	ES	Pontevedra	A Cañiza	Mámoa da Chan dos Bidueiros 3	Túmulo		megalithic_mound	P0	auto_seeded_requires_visual_verification	provisional_geometry_created	exclude_until_visual_raster_verification	45.0	Xunta PBA Catálogo. Elementos (xuño 2026)	63265	GA36009031
neg-pt-dgpc-114661	review-neg-0432		negative	PT	Braga	Terras de Bouro	Mamoa I de Cimo de Carregadela	Monumento Megalítico		megalithic_mound	P0	auto_seeded_requires_visual_verification	provisional_geometry_created	exclude_until_visual_raster_verification	45.0	DGPC Portal do Arqueólogo Sitios_Arqueologicos	114661	42708
neg-pt-dgpc-106413	review-neg-0436		negative	PT	Porto	Lousada	Serra de Campelos 7	Mamoa		megalithic_mound	P0	auto_seeded_requires_visual_verification	provisional_geometry_created	exclude_until_visual_raster_verification	45.0	DGPC Portal do Arqueólogo Sitios_Arqueologicos	106413	4416
neg-pt-dgpc-113995	review-neg-0438		negative	PT	Viana do Castelo	Melgaço	Mamoa 5 Corga do Gato	Mamoa		megalithic_mound	P0	auto_seeded_requires_visual_verification	provisional_geometry_created	exclude_until_visual_raster_verification	45.0	DGPC Portal do Arqueólogo Sitios_Arqueologicos	113995	40268
neg-es-pba-1442	review-neg-0443		negative	ES	A Coruña	A Baña	Mámoa de Barreiros 3			megalithic_mound	P0	auto_seeded_requires_visual_verification	provisional_geometry_created	exclude_until_visual_raster_verification	45.0	Xunta PBA Catálogo. Elementos (xuño 2026)	1442	GA15007075
neg-es-pba-34395	review-neg-0445		negative	ES	Lugo	Mondoñedo	Castelo da Recadeira	Estruturas defensivas?		historic_fortification	P0	auto_seeded_requires_visual_verification	provisional_geometry_created	exclude_until_visual_raster_verification	100.0	Xunta PBA Catálogo. Elementos (xuño 2026)	34395	TO27030003
neg-es-pba-30910	review-neg-0446		negative	ES	Lugo	A Fonsagrada	Medorra da Cruz da Graña 1	Túmulo		megalithic_mound	P0	auto_seeded_requires_visual_verification	provisional_geometry_created	exclude_until_visual_raster_verification	45.0	Xunta PBA Catálogo. Elementos (xuño 2026)	30910	GA27018121
neg-es-pba-56341	review-neg-0450		negative	ES	Ourense	A Peroxa	Mámoa do Monte de Couselo 4	Túmulo/Mámoa		megalithic_mound	P0	auto_seeded_requires_visual_verification	provisional_geometry_created	exclude_until_visual_raster_verification	45.0	Xunta PBA Catálogo. Elementos (xuño 2026)	56341	GA32059012
neg-es-pba-74969	review-neg-0454		negative	ES	Pontevedra	Vilaboa	Castelo de Uveiras/O Castelo	Castelo		historic_fortification	P0	auto_seeded_requires_visual_verification	provisional_geometry_created	exclude_until_visual_raster_verification	100.0	Xunta PBA Catálogo. Elementos (xuño 2026)	74969	GA36058022
neg-es-pba-63266	review-neg-0455		negative	ES	Pontevedra	A Cañiza	Mámoa da Uceira 1	Túmulo		megalithic_mound	P0	auto_seeded_requires_visual_verification	provisional_geometry_created	exclude_until_visual_raster_verification	45.0	Xunta PBA Catálogo. Elementos (xuño 2026)	63266	GA36009005
neg-pt-dgpc-114673	review-neg-0459		negative	PT	Braga	Terras de Bouro	Mamoa I de Porta Cerdeiros	Monumento Megalítico		megalithic_mound	P0	auto_seeded_requires_visual_verification	provisional_geometry_created	exclude_until_visual_raster_verification	45.0	DGPC Portal do Arqueólogo Sitios_Arqueologicos	114673	42719
neg-pt-dgpc-106420	review-neg-0462		negative	PT	Porto	Lousada	Serra de Campelos 8	Mamoa		megalithic_mound	P0	auto_seeded_requires_visual_verification	provisional_geometry_created	exclude_until_visual_raster_verification	45.0	DGPC Portal do Arqueólogo Sitios_Arqueologicos	106420	4417
neg-pt-dgpc-114002	review-neg-0464		negative	PT	Viana do Castelo	Melgaço	Mamoa 6 de Vale das Antas	Mamoa		megalithic_mound	P0	auto_seeded_requires_visual_verification	provisional_geometry_created	exclude_until_visual_raster_verification	45.0	DGPC Portal do Arqueólogo Sitios_Arqueologicos	114002	40292
neg-es-pba-1443	review-neg-0469		negative	ES	A Coruña	A Baña	Mámoa de Barreiros 4			megalithic_mound	P0	auto_seeded_requires_visual_verification	provisional_geometry_created	exclude_until_visual_raster_verification	45.0	Xunta PBA Catálogo. Elementos (xuño 2026)	1443	GA15007076
neg-es-pba-34396	review-neg-0471		negative	ES	Lugo	Mondoñedo	Castelo do Monte da Arca	Estruturas defensivas?		historic_fortification	P0	auto_seeded_requires_visual_verification	provisional_geometry_created	exclude_until_visual_raster_verification	100.0	Xunta PBA Catálogo. Elementos (xuño 2026)	34396	GA27030036
neg-es-pba-30911	review-neg-0472		negative	ES	Lugo	A Fonsagrada	Medorra da Cruz da Graña 2	Túmulo		megalithic_mound	P0	auto_seeded_requires_visual_verification	provisional_geometry_created	exclude_until_visual_raster_verification	45.0	Xunta PBA Catálogo. Elementos (xuño 2026)	30911	GA27018127
neg-es-pba-57591	review-neg-0476	control-v1-0106	negative	ES	Ourense	A Teixeira	Casa reitoral de Pedrafita			megalithic_mound	P0	auto_seeded_requires_visual_verification	selected_for_control_set_v1	exclude_until_visual_raster_verification	45.0	Xunta PBA Catálogo. Elementos (xuño 2026)	57591	-
neg-es-pba-63267	review-neg-0480		negative	ES	Pontevedra	A Cañiza	Mámoa da Uceira 2	Túmulo		megalithic_mound	P0	auto_seeded_requires_visual_verification	provisional_geometry_created	exclude_until_visual_raster_verification	45.0	Xunta PBA Catálogo. Elementos (xuño 2026)	63267	GA36009035
neg-pt-dgpc-114670	review-neg-0484		negative	PT	Braga	Terras de Bouro	Mamoa II da Bouça do Fojo	Monumento Megalítico		megalithic_mound	P0	auto_seeded_requires_visual_verification	provisional_geometry_created	exclude_until_visual_raster_verification	45.0	DGPC Portal do Arqueólogo Sitios_Arqueologicos	114670	42716
neg-pt-dgpc-104969	review-neg-0487	control-v1-0125	negative	PT	Porto	Maia	Arcos	Anta/Dólmen		megalithic_mound	P0	auto_seeded_requires_visual_verification	selected_for_control_set_v1	exclude_until_visual_raster_verification	45.0	DGPC Portal do Arqueólogo Sitios_Arqueologicos	104969	3331
neg-pt-dgpc-114007	review-neg-0489		negative	PT	Viana do Castelo	Melgaço	Mamoa 7 de Vale das Antas	Mamoa		megalithic_mound	P0	auto_seeded_requires_visual_verification	provisional_geometry_created	exclude_until_visual_raster_verification	45.0	DGPC Portal do Arqueólogo Sitios_Arqueologicos	114007	40293
neg-es-pba-1444	review-neg-0494		negative	ES	A Coruña	A Baña	Mámoa de Castelo			megalithic_mound	P0	auto_seeded_requires_visual_verification	provisional_geometry_created	exclude_until_visual_raster_verification	45.0	Xunta PBA Catálogo. Elementos (xuño 2026)	1444	GA15007053
neg-es-pba-33907	review-neg-0496		negative	ES	Lugo	Mondoñedo	Lugar da Torre de Vilamor	Estruturas defensivas?		historic_fortification	P0	auto_seeded_requires_visual_verification	provisional_geometry_created	exclude_until_visual_raster_verification	100.0	Xunta PBA Catálogo. Elementos (xuño 2026)	33907	GA27030018
neg-es-pba-30912	review-neg-0497		negative	ES	Lugo	A Fonsagrada	Medorra da Cruz do Pito 01	Túmulo		megalithic_mound	P0	auto_seeded_requires_visual_verification	provisional_geometry_created	exclude_until_visual_raster_verification	45.0	Xunta PBA Catálogo. Elementos (xuño 2026)	30912	GA27018084
neg-es-pba-57759	review-neg-0501	control-v1-0148	negative	ES	Ourense	A Teixeira	Igrexa de Pedrafita (Parroquial de San Martiño)	Igrexa		megalithic_mound	P0	auto_seeded_requires_visual_verification	selected_for_control_set_v1	exclude_until_visual_raster_verification	45.0	Xunta PBA Catálogo. Elementos (xuño 2026)	57759	-
neg-es-pba-63268	review-neg-0505		negative	ES	Pontevedra	A Cañiza	Mámoa da Uceira 3	Túmulo		megalithic_mound	P0	auto_seeded_requires_visual_verification	provisional_geometry_created	exclude_until_visual_raster_verification	45.0	Xunta PBA Catálogo. Elementos (xuño 2026)	63268	GA36009036
neg-pt-dgpc-114679	review-neg-0509		negative	PT	Braga	Terras de Bouro	Mamoa II da Chã da Navia/ Nave	Monumento Megalítico		megalithic_mound	P0	auto_seeded_requires_visual_verification	provisional_geometry_created	exclude_until_visual_raster_verification	45.0	DGPC Portal do Arqueólogo Sitios_Arqueologicos	114679	42724
neg-pt-dgpc-104689	review-neg-0512		negative	PT	Porto	Maia	Mamoa I de Ardegães	Mamoa		megalithic_mound	P0	auto_seeded_requires_visual_verification	provisional_geometry_created	exclude_until_visual_raster_verification	45.0	DGPC Portal do Arqueólogo Sitios_Arqueologicos	104689	21588
neg-pt-dgpc-114012	review-neg-0514		negative	PT	Viana do Castelo	Melgaço	Mamoa 8 de Vale das Antas	Mamoa		megalithic_mound	P0	auto_seeded_requires_visual_verification	provisional_geometry_created	exclude_until_visual_raster_verification	45.0	DGPC Portal do Arqueólogo Sitios_Arqueologicos	114012	40294
neg-es-pba-1445	review-neg-0519		negative	ES	A Coruña	A Baña	Mámoa de Chan da Baña 1	Túmulo/Mámoa		megalithic_mound	P0	auto_seeded_requires_visual_verification	provisional_geometry_created	exclude_until_visual_raster_verification	45.0	Xunta PBA Catálogo. Elementos (xuño 2026)	1445	GA15007061
neg-es-pba-33728	review-neg-0521		negative	ES	Lugo	Mondoñedo	O Castelo de Xan da Mariña	Estruturas defensivas?		historic_fortification	P0	auto_seeded_requires_visual_verification	provisional_geometry_created	exclude_until_visual_raster_verification	100.0	Xunta PBA Catálogo. Elementos (xuño 2026)	33728	GA27030003
neg-es-pba-30943	review-neg-0522		negative	ES	Lugo	A Fonsagrada	Medorra da Cruz do Pito 02	Túmulo		megalithic_mound	P0	auto_seeded_requires_visual_verification	provisional_geometry_created	exclude_until_visual_raster_verification	45.0	Xunta PBA Catálogo. Elementos (xuño 2026)	30943	GA27018085
neg-es-pba-59636	review-neg-0526	control-v1-0107	negative	ES	Ourense	A Veiga	Mámoa da Pedra Má 1			megalithic_mound	P0	auto_seeded_requires_visual_verification	selected_for_control_set_v1	exclude_until_visual_raster_verification	45.0	Xunta PBA Catálogo. Elementos (xuño 2026)	59636	GA32083012
neg-es-pba-63269	review-neg-0530		negative	ES	Pontevedra	A Cañiza	Mámoa das Tapadas 1	Túmulo		megalithic_mound	P0	auto_seeded_requires_visual_verification	provisional_geometry_created	exclude_until_visual_raster_verification	45.0	Xunta PBA Catálogo. Elementos (xuño 2026)	63269	GA36009004
neg-pt-dgpc-114662	review-neg-0534		negative	PT	Braga	Terras de Bouro	Mamoa II de Cimo de Carregadela	Monumento Megalítico		megalithic_mound	P0	auto_seeded_requires_visual_verification	provisional_geometry_created	exclude_until_visual_raster_verification	45.0	DGPC Portal do Arqueólogo Sitios_Arqueologicos	114662	42709
neg-pt-dgpc-104726	review-neg-0537		negative	PT	Porto	Maia	Mamoa I de Godêlo	Mamoa		megalithic_mound	P0	auto_seeded_requires_visual_verification	provisional_geometry_created	exclude_until_visual_raster_verification	45.0	DGPC Portal do Arqueólogo Sitios_Arqueologicos	104726	22867
neg-pt-dgpc-114016	review-neg-0539		negative	PT	Viana do Castelo	Melgaço	Mamoa 9 de Vale das Antas	Mamoa		megalithic_mound	P0	auto_seeded_requires_visual_verification	provisional_geometry_created	exclude_until_visual_raster_verification	45.0	DGPC Portal do Arqueólogo Sitios_Arqueologicos	114016	40295
neg-es-pba-1446	review-neg-0544		negative	ES	A Coruña	A Baña	Mámoa de Chan da Baña 2	Túmulo/Mámoa		megalithic_mound	P0	auto_seeded_requires_visual_verification	provisional_geometry_created	exclude_until_visual_raster_verification	45.0	Xunta PBA Catálogo. Elementos (xuño 2026)	1446	GA15007062
neg-es-pba-33636	review-neg-0546	control-v1-0163	negative	ES	Lugo	Monforte de Lemos	Castelo Grande	Estruturas defensivas?		historic_fortification	P0	auto_seeded_requires_visual_verification	selected_for_control_set_v1	exclude_until_visual_raster_verification	100.0	Xunta PBA Catálogo. Elementos (xuño 2026)	33636	GA27031016
neg-es-pba-30944	review-neg-0547		negative	ES	Lugo	A Fonsagrada	Medorra da Cruz do Pito 03	Túmulo		megalithic_mound	P0	auto_seeded_requires_visual_verification	provisional_geometry_created	exclude_until_visual_raster_verification	45.0	Xunta PBA Catálogo. Elementos (xuño 2026)	30944	GA27018086
neg-es-pba-59637	review-neg-0551	control-v1-0149	negative	ES	Ourense	A Veiga	Mámoa da Pedra Má 2			megalithic_mound	P0	auto_seeded_requires_visual_verification	selected_for_control_set_v1	exclude_until_visual_raster_verification	45.0	Xunta PBA Catálogo. Elementos (xuño 2026)	59637	GA32083027
neg-es-pba-63270	review-neg-0555		negative	ES	Pontevedra	A Cañiza	Mámoa das Tapadas 2	Túmulo		megalithic_mound	P0	auto_seeded_requires_visual_verification	provisional_geometry_created	exclude_until_visual_raster_verification	45.0	Xunta PBA Catálogo. Elementos (xuño 2026)	63270	GA36009032
neg-pt-dgpc-114675	review-neg-0559		negative	PT	Braga	Terras de Bouro	Mamoa II de Porta Cerdeiros	Monumento Megalítico		megalithic_mound	P0	auto_seeded_requires_visual_verification	provisional_geometry_created	exclude_until_visual_raster_verification	45.0	DGPC Portal do Arqueólogo Sitios_Arqueologicos	114675	42720
neg-pt-dgpc-104670	review-neg-0562		negative	PT	Porto	Maia	Mamoa II de Ardegães	Mamoa		megalithic_mound	P0	auto_seeded_requires_visual_verification	provisional_geometry_created	exclude_until_visual_raster_verification	45.0	DGPC Portal do Arqueólogo Sitios_Arqueologicos	104670	21785
neg-pt-dgpc-111031	review-neg-0564		negative	PT	Viana do Castelo	Melgaço	Mota	Mamoa		megalithic_mound	P0	auto_seeded_requires_visual_verification	provisional_geometry_created	exclude_until_visual_raster_verification	45.0	DGPC Portal do Arqueólogo Sitios_Arqueologicos	111031	33033
neg-es-pba-1476	review-neg-0569		negative	ES	A Coruña	A Baña	Mámoa de Chan da Baña 3	Túmulo/Mámoa		megalithic_mound	P0	auto_seeded_requires_visual_verification	provisional_geometry_created	exclude_until_visual_raster_verification	45.0	Xunta PBA Catálogo. Elementos (xuño 2026)	1476	GA15007063
neg-es-pba-33637	review-neg-0571		negative	ES	Lugo	Monforte de Lemos	Castelo Pequeno	Estruturas defensivas?		historic_fortification	P0	auto_seeded_requires_visual_verification	provisional_geometry_created	exclude_until_visual_raster_verification	100.0	Xunta PBA Catálogo. Elementos (xuño 2026)	33637	GA27031015
neg-es-pba-30945	review-neg-0572		negative	ES	Lugo	A Fonsagrada	Medorra da Cruz do Pito 04	Túmulo		megalithic_mound	P0	auto_seeded_requires_visual_verification	provisional_geometry_created	exclude_until_visual_raster_verification	45.0	Xunta PBA Catálogo. Elementos (xuño 2026)	30945	GA27018087
neg-es-pba-59638	review-neg-0576		negative	ES	Ourense	A Veiga	Mámoa da Pedra Má 3			megalithic_mound	P0	auto_seeded_requires_visual_verification	provisional_geometry_created	exclude_until_visual_raster_verification	45.0	Xunta PBA Catálogo. Elementos (xuño 2026)	59638	GA32083028
neg-es-pba-63271	review-neg-0579		negative	ES	Pontevedra	A Cañiza	Mámoa das Tapadas 3	Túmulo		megalithic_mound	P0	auto_seeded_requires_visual_verification	provisional_geometry_created	exclude_until_visual_raster_verification	45.0	Xunta PBA Catálogo. Elementos (xuño 2026)	63271	GA36009033
neg-pt-dgpc-114671	review-neg-0583		negative	PT	Braga	Terras de Bouro	Mamoa III da Bouça do Fojo	Monumento Megalítico		megalithic_mound	P0	auto_seeded_requires_visual_verification	provisional_geometry_created	exclude_until_visual_raster_verification	45.0	DGPC Portal do Arqueólogo Sitios_Arqueologicos	114671	42717
neg-pt-dgpc-104712	review-neg-0586		negative	PT	Porto	Maia	Mamoa II de Godêlo	Mamoa		megalithic_mound	P0	auto_seeded_requires_visual_verification	provisional_geometry_created	exclude_until_visual_raster_verification	45.0	DGPC Portal do Arqueólogo Sitios_Arqueologicos	104712	22868
neg-pt-dgpc-112374	review-neg-0588	control-v1-0136	negative	PT	Viana do Castelo	Monção	Lameiras	Menir		megalithic_mound	P0	auto_seeded_requires_visual_verification	selected_for_control_set_v1	exclude_until_visual_raster_verification	45.0	DGPC Portal do Arqueólogo Sitios_Arqueologicos	112374	40378
neg-es-pba-1477	review-neg-0593		negative	ES	A Coruña	A Baña	Mámoa de Chan da Baña 4	Túmulo/Mámoa		megalithic_mound	P0	auto_seeded_requires_visual_verification	provisional_geometry_created	exclude_until_visual_raster_verification	45.0	Xunta PBA Catálogo. Elementos (xuño 2026)	1477	GA15007068
neg-es-pba-35341	review-neg-0595	control-v1-0164	negative	ES	Lugo	Monterroso	Castelo Longo de Ambarría	Estruturas defensivas?		historic_fortification	P0	auto_seeded_requires_visual_verification	selected_for_control_set_v1	exclude_until_visual_raster_verification	100.0	Xunta PBA Catálogo. Elementos (xuño 2026)	35341	GA27032042
neg-es-pba-30946	review-neg-0596		negative	ES	Lugo	A Fonsagrada	Medorra da Cruz do Pito 05	Túmulo		megalithic_mound	P0	auto_seeded_requires_visual_verification	provisional_geometry_created	exclude_until_visual_raster_verification	45.0	Xunta PBA Catálogo. Elementos (xuño 2026)	30946	GA27018088
neg-es-pba-59639	review-neg-0600		negative	ES	Ourense	A Veiga	Mámoa das Pouliñas 1			megalithic_mound	P0	auto_seeded_requires_visual_verification	provisional_geometry_created	exclude_until_visual_raster_verification	45.0	Xunta PBA Catálogo. Elementos (xuño 2026)	59639	GA32083013
neg-es-pba-63272	review-neg-0603		negative	ES	Pontevedra	A Cañiza	Mámoa das Tapadas 4	Túmulo		megalithic_mound	P0	auto_seeded_requires_visual_verification	provisional_geometry_created	exclude_until_visual_raster_verification	45.0	Xunta PBA Catálogo. Elementos (xuño 2026)	63272	GA36009034
neg-pt-dgpc-114663	review-neg-0607		negative	PT	Braga	Terras de Bouro	Mamoa III de Cimo de Carregadela	Monumento Megalítico		megalithic_mound	P0	auto_seeded_requires_visual_verification	provisional_geometry_created	exclude_until_visual_raster_verification	45.0	DGPC Portal do Arqueólogo Sitios_Arqueologicos	114663	42710
neg-pt-dgpc-104859	review-neg-0610		negative	PT	Porto	Maia	Mamoa do Leandro 3	Mamoa		megalithic_mound	P0	auto_seeded_requires_visual_verification	provisional_geometry_created	exclude_until_visual_raster_verification	45.0	DGPC Portal do Arqueólogo Sitios_Arqueologicos	104859	21707
neg-pt-dgpc-112367	review-neg-0612		negative	PT	Viana do Castelo	Monção	Pedra Aguda 2	Mamoa		megalithic_mound	P0	auto_seeded_requires_visual_verification	provisional_geometry_created	exclude_until_visual_raster_verification	45.0	DGPC Portal do Arqueólogo Sitios_Arqueologicos	112367	40372
neg-es-pba-1478	review-neg-0617		negative	ES	A Coruña	A Baña	Mámoa de Chan da Baña 5	Túmulo/Mámoa		megalithic_mound	P0	auto_seeded_requires_visual_verification	provisional_geometry_created	exclude_until_visual_raster_verification	45.0	Xunta PBA Catálogo. Elementos (xuño 2026)	1478	GA15007049
neg-es-pba-35839	review-neg-0619	control-v1-0165	negative	ES	Lugo	Negueira de Muñiz	Castelo de Cancio	Estruturas defensivas?		historic_fortification	P0	auto_seeded_requires_visual_verification	selected_for_control_set_v1	exclude_until_visual_raster_verification	100.0	Xunta PBA Catálogo. Elementos (xuño 2026)	35839	GA27035003
neg-es-pba-30947	review-neg-0620		negative	ES	Lugo	A Fonsagrada	Medorra da Cruz do Pito 06	Túmulo		megalithic_mound	P0	auto_seeded_requires_visual_verification	provisional_geometry_created	exclude_until_visual_raster_verification	45.0	Xunta PBA Catálogo. Elementos (xuño 2026)	30947	GA27018089
neg-es-pba-59640	review-neg-0624		negative	ES	Ourense	A Veiga	Mámoa das Pouliñas 2			megalithic_mound	P0	auto_seeded_requires_visual_verification	provisional_geometry_created	exclude_until_visual_raster_verification	45.0	Xunta PBA Catálogo. Elementos (xuño 2026)	59640	GA32083029
neg-es-pba-63299	review-neg-0627		negative	ES	Pontevedra	A Cañiza	Mámoa das Tapadas 5	Túmulo		megalithic_mound	P0	auto_seeded_requires_visual_verification	provisional_geometry_created	exclude_until_visual_raster_verification	45.0	Xunta PBA Catálogo. Elementos (xuño 2026)	63299	GA36009020
neg-pt-dgpc-114676	review-neg-0631		negative	PT	Braga	Terras de Bouro	Mamoa III de Porta Cerdeiros	Monumento Megalítico		megalithic_mound	P0	auto_seeded_requires_visual_verification	provisional_geometry_created	exclude_until_visual_raster_verification	45.0	DGPC Portal do Arqueólogo Sitios_Arqueologicos	114676	42721
neg-pt-dgpc-104887	review-neg-0634		negative	PT	Porto	Maia	Mamoa do Leandro 4	Mamoa		megalithic_mound	P0	auto_seeded_requires_visual_verification	provisional_geometry_created	exclude_until_visual_raster_verification	45.0	DGPC Portal do Arqueólogo Sitios_Arqueologicos	104887	22865
neg-pt-dgpc-112368	review-neg-0636		negative	PT	Viana do Castelo	Monção	Pedra Aguda 3	Mamoa		megalithic_mound	P0	auto_seeded_requires_visual_verification	provisional_geometry_created	exclude_until_visual_raster_verification	45.0	DGPC Portal do Arqueólogo Sitios_Arqueologicos	112368	40373
neg-es-pba-1479	review-neg-0641		negative	ES	A Coruña	A Baña	Mámoa de Costolla			megalithic_mound	P0	auto_seeded_requires_visual_verification	provisional_geometry_created	exclude_until_visual_raster_verification	45.0	Xunta PBA Catálogo. Elementos (xuño 2026)	1479	GA15007038
neg-es-pba-36966	review-neg-0643	control-v1-0166	negative	ES	Lugo	O Páramo	O Castelo/Torre do Mariscal	Estruturas defensivas		historic_fortification	P0	auto_seeded_requires_visual_verification	selected_for_control_set_v1	exclude_until_visual_raster_verification	100.0	Xunta PBA Catálogo. Elementos (xuño 2026)	36966	GA27043015
neg-es-pba-30948	review-neg-0644		negative	ES	Lugo	A Fonsagrada	Medorra da Cruz do Pito 07	Túmulo		megalithic_mound	P0	auto_seeded_requires_visual_verification	provisional_geometry_created	exclude_until_visual_raster_verification	45.0	Xunta PBA Catálogo. Elementos (xuño 2026)	30948	GA27018287
neg-es-pba-59641	review-neg-0648		negative	ES	Ourense	A Veiga	Mámoa das Pouliñas 3			megalithic_mound	P0	auto_seeded_requires_visual_verification	provisional_geometry_created	exclude_until_visual_raster_verification	45.0	Xunta PBA Catálogo. Elementos (xuño 2026)	59641	GA32083030
neg-es-pba-63300	review-neg-0651		negative	ES	Pontevedra	A Cañiza	Mámoa das Tapadas 6	Túmulo		megalithic_mound	P0	auto_seeded_requires_visual_verification	provisional_geometry_created	exclude_until_visual_raster_verification	45.0	Xunta PBA Catálogo. Elementos (xuño 2026)	63300	GA36009060
neg-pt-dgpc-114672	review-neg-0655		negative	PT	Braga	Terras de Bouro	Mamoa IV da Bouça do Fojo	Monumento Megalítico		megalithic_mound	P0	auto_seeded_requires_visual_verification	provisional_geometry_created	exclude_until_visual_raster_verification	45.0	DGPC Portal do Arqueólogo Sitios_Arqueologicos	114672	42718
neg-pt-dgpc-104855	review-neg-0658		negative	PT	Porto	Maia	Mamoa do Leandro 5	Mamoa		megalithic_mound	P0	auto_seeded_requires_visual_verification	provisional_geometry_created	exclude_until_visual_raster_verification	45.0	DGPC Portal do Arqueólogo Sitios_Arqueologicos	104855	22866
neg-pt-dgpc-112375	review-neg-0660		negative	PT	Viana do Castelo	Monção	Pereira 1	Mamoa		megalithic_mound	P0	auto_seeded_requires_visual_verification	provisional_geometry_created	exclude_until_visual_raster_verification	45.0	DGPC Portal do Arqueólogo Sitios_Arqueologicos	112375	40379
neg-es-pba-1480	review-neg-0664		negative	ES	A Coruña	A Baña	Mámoa de Edreira			megalithic_mound	P0	auto_seeded_requires_visual_verification	provisional_geometry_created	exclude_until_visual_raster_verification	45.0	Xunta PBA Catálogo. Elementos (xuño 2026)	1480	GA15007032
neg-es-pba-36971	review-neg-0666		negative	ES	Lugo	O Páramo	Pena dos Mouros/Castelo das Cortiñas	Estruturas defensivas?		historic_fortification	P0	auto_seeded_requires_visual_verification	provisional_geometry_created	exclude_until_visual_raster_verification	100.0	Xunta PBA Catálogo. Elementos (xuño 2026)	36971	GA27043026
neg-es-pba-30949	review-neg-0667		negative	ES	Lugo	A Fonsagrada	Medorra da Cruz do Pito 08	Túmulo		megalithic_mound	P0	auto_seeded_requires_visual_verification	provisional_geometry_created	exclude_until_visual_raster_verification	45.0	Xunta PBA Catálogo. Elementos (xuño 2026)	30949	GA27018288
neg-es-pba-59642	review-neg-0671		negative	ES	Ourense	A Veiga	Mámoa do Alto da Moeda			megalithic_mound	P0	auto_seeded_requires_visual_verification	provisional_geometry_created	exclude_until_visual_raster_verification	45.0	Xunta PBA Catálogo. Elementos (xuño 2026)	59642	GA32083033
neg-es-pba-63301	review-neg-0674		negative	ES	Pontevedra	A Cañiza	Mámoa de Arans	Túmulo		megalithic_mound	P0	auto_seeded_requires_visual_verification	provisional_geometry_created	exclude_until_visual_raster_verification	45.0	Xunta PBA Catálogo. Elementos (xuño 2026)	63301	GA36009022
neg-pt-dgpc-114677	review-neg-0678		negative	PT	Braga	Terras de Bouro	Mamoa IV de Porta Cerdeiros	Monumento Megalítico		megalithic_mound	P0	auto_seeded_requires_visual_verification	provisional_geometry_created	exclude_until_visual_raster_verification	45.0	DGPC Portal do Arqueólogo Sitios_Arqueologicos	114677	42722
neg-pt-dgpc-111452	review-neg-0681	control-v1-0126	negative	PT	Porto	Marco de Canaveses	Mamoa I de Fonte Cova	Mamoa		megalithic_mound	P0	auto_seeded_requires_visual_verification	selected_for_control_set_v1	exclude_until_visual_raster_verification	45.0	DGPC Portal do Arqueólogo Sitios_Arqueologicos	111452	38755
neg-pt-dgpc-112376	review-neg-0683		negative	PT	Viana do Castelo	Monção	Pereira 2	Mamoa		megalithic_mound	P0	auto_seeded_requires_visual_verification	provisional_geometry_created	exclude_until_visual_raster_verification	45.0	DGPC Portal do Arqueólogo Sitios_Arqueologicos	112376	40380
neg-es-pba-1481	review-neg-0687		negative	ES	A Coruña	A Baña	Mámoa de Ferreiros			megalithic_mound	P0	auto_seeded_requires_visual_verification	provisional_geometry_created	exclude_until_visual_raster_verification	45.0	Xunta PBA Catálogo. Elementos (xuño 2026)	1481	GA15007050
neg-es-pba-42938	review-neg-0689	control-v1-0167	negative	ES	Lugo	O Valadouro	Torre de Cendemil	Estruturas defensivas?		historic_fortification	P0	auto_seeded_requires_visual_verification	selected_for_control_set_v1	exclude_until_visual_raster_verification	100.0	Xunta PBA Catálogo. Elementos (xuño 2026)	42938	GA27063049
neg-es-pba-30950	review-neg-0690		negative	ES	Lugo	A Fonsagrada	Medorra da Cruz do Pito 09	Túmulo		megalithic_mound	P0	auto_seeded_requires_visual_verification	provisional_geometry_created	exclude_until_visual_raster_verification	45.0	Xunta PBA Catálogo. Elementos (xuño 2026)	30950	GA27018289
neg-es-pba-59643	review-neg-0694		negative	ES	Ourense	A Veiga	Mámoa do Lombeiro da Pena Escrita			megalithic_mound	P0	auto_seeded_requires_visual_verification	provisional_geometry_created	exclude_until_visual_raster_verification	45.0	Xunta PBA Catálogo. Elementos (xuño 2026)	59643	GA32083022
neg-es-pba-63302	review-neg-0697		negative	ES	Pontevedra	A Cañiza	Mámoa de Coto de Xabriñas 1/Mámoa de Corzós	Mámoa		megalithic_mound	P0	auto_seeded_requires_visual_verification	provisional_geometry_created	exclude_until_visual_raster_verification	45.0	Xunta PBA Catálogo. Elementos (xuño 2026)	63302	GA36009074
neg-pt-dgpc-109828	review-neg-0700		negative	PT	Braga	Terras de Bouro	Mamoa de Cutelo	Mamoa		megalithic_mound	P0	auto_seeded_requires_visual_verification	provisional_geometry_created	exclude_until_visual_raster_verification	45.0	DGPC Portal do Arqueólogo Sitios_Arqueologicos	109828	31221
neg-pt-dgpc-111455	review-neg-0703		negative	PT	Porto	Marco de Canaveses	Mamoa de Fonte Cova	Mamoa		megalithic_mound	P0	auto_seeded_requires_visual_verification	provisional_geometry_created	exclude_until_visual_raster_verification	45.0	DGPC Portal do Arqueólogo Sitios_Arqueologicos	111455	38756
neg-pt-dgpc-112336	review-neg-0705		negative	PT	Viana do Castelo	Monção	Serra das Antas	Mamoa		megalithic_mound	P0	auto_seeded_requires_visual_verification	provisional_geometry_created	exclude_until_visual_raster_verification	45.0	DGPC Portal do Arqueólogo Sitios_Arqueologicos	112336	17955
neg-es-pba-1482	review-neg-0709		negative	ES	A Coruña	A Baña	Mámoa de Monte Agudo			megalithic_mound	P0	auto_seeded_requires_visual_verification	provisional_geometry_created	exclude_until_visual_raster_verification	45.0	Xunta PBA Catálogo. Elementos (xuño 2026)	1482	GA15007064
neg-es-pba-43202	review-neg-0711	control-v1-0168	negative	ES	Lugo	O Vicedo	O Castelo	Estruturas defensivas?		historic_fortification	P0	auto_seeded_requires_visual_verification	selected_for_control_set_v1	exclude_until_visual_raster_verification	100.0	Xunta PBA Catálogo. Elementos (xuño 2026)	43202	GA27064005
neg-es-pba-30951	review-neg-0712		negative	ES	Lugo	A Fonsagrada	Medorra da Cruz do Pito 10	Túmulo		megalithic_mound	P0	auto_seeded_requires_visual_verification	provisional_geometry_created	exclude_until_visual_raster_verification	45.0	Xunta PBA Catálogo. Elementos (xuño 2026)	30951	GA27018290
neg-es-pba-43983	review-neg-0716	control-v1-0108	negative	ES	Ourense	Allariz	Mámoa de Agrela			megalithic_mound	P0	auto_seeded_requires_visual_verification	selected_for_control_set_v1	exclude_until_visual_raster_verification	45.0	Xunta PBA Catálogo. Elementos (xuño 2026)	43983	Allariz_44203
neg-es-pba-63303	review-neg-0719		negative	ES	Pontevedra	A Cañiza	Mámoa de Coto de Xabriñas 2	Mámoa		megalithic_mound	P0	auto_seeded_requires_visual_verification	provisional_geometry_created	exclude_until_visual_raster_verification	45.0	Xunta PBA Catálogo. Elementos (xuño 2026)	63303	GA36009075
neg-pt-dgpc-114656	review-neg-0722		negative	PT	Braga	Terras de Bouro	Mamoa do Cruzeiro	Monumento Megalítico		megalithic_mound	P0	auto_seeded_requires_visual_verification	provisional_geometry_created	exclude_until_visual_raster_verification	45.0	DGPC Portal do Arqueólogo Sitios_Arqueologicos	114656	42703
neg-pt-dgpc-106154	review-neg-0725	control-v1-0127	negative	PT	Porto	Matosinhos	Brio	Anta/Dólmen		megalithic_mound	P0	auto_seeded_requires_visual_verification	selected_for_control_set_v1	exclude_until_visual_raster_verification	45.0	DGPC Portal do Arqueólogo Sitios_Arqueologicos	106154	3270
neg-pt-dgpc-112391	review-neg-0727	control-v1-0137	negative	PT	Viana do Castelo	Paredes de Coura	Almas 3	Mamoa		megalithic_mound	P0	auto_seeded_requires_visual_verification	selected_for_control_set_v1	exclude_until_visual_raster_verification	45.0	DGPC Portal do Arqueólogo Sitios_Arqueologicos	112391	40393
neg-es-pba-1483	review-neg-0730		negative	ES	A Coruña	A Baña	Mámoa de Pedra Alba 1			megalithic_mound	P0	auto_seeded_requires_visual_verification	provisional_geometry_created	exclude_until_visual_raster_verification	45.0	Xunta PBA Catálogo. Elementos (xuño 2026)	1483	GA15007054
neg-es-pba-35700	review-neg-0732	control-v1-0169	negative	ES	Lugo	Ourol	Castelo	Estruturas defensivas?		historic_fortification	P0	auto_seeded_requires_visual_verification	selected_for_control_set_v1	exclude_until_visual_raster_verification	100.0	Xunta PBA Catálogo. Elementos (xuño 2026)	35700	GA27038008
neg-es-pba-30952	review-neg-0733		negative	ES	Lugo	A Fonsagrada	Medorra da Cruz do Pito 11	Túmulo		megalithic_mound	P0	auto_seeded_requires_visual_verification	provisional_geometry_created	exclude_until_visual_raster_verification	45.0	Xunta PBA Catálogo. Elementos (xuño 2026)	30952	GA27018291
neg-es-pba-44009	review-neg-0737	control-v1-0150	negative	ES	Ourense	Allariz	Mámoa do Monte Penamá 1			megalithic_mound	P0	auto_seeded_requires_visual_verification	selected_for_control_set_v1	exclude_until_visual_raster_verification	45.0	Xunta PBA Catálogo. Elementos (xuño 2026)	44009	Allariz_44204
neg-es-pba-63304	review-neg-0740		negative	ES	Pontevedra	A Cañiza	Mámoa de Coto de Xabriñas 3	Mámoa		megalithic_mound	P0	auto_seeded_requires_visual_verification	provisional_geometry_created	exclude_until_visual_raster_verification	45.0	Xunta PBA Catálogo. Elementos (xuño 2026)	63304	GA36009076
neg-pt-dgpc-109880	review-neg-0743	control-v1-0117	negative	PT	Braga	Vieira do Minho	Mamoa 2 da Lama dos Eidos	Mamoa		megalithic_mound	P0	auto_seeded_requires_visual_verification	selected_for_control_set_v1	exclude_until_visual_raster_verification	45.0	DGPC Portal do Arqueólogo Sitios_Arqueologicos	109880	30008
neg-pt-dgpc-106012	review-neg-0746		negative	PT	Porto	Matosinhos	São Gens	Anta/Dólmen		megalithic_mound	P0	auto_seeded_requires_visual_verification	provisional_geometry_created	exclude_until_visual_raster_verification	45.0	DGPC Portal do Arqueólogo Sitios_Arqueologicos	106012	3152
neg-pt-dgpc-108421	review-neg-0748		negative	PT	Viana do Castelo	Paredes de Coura	Borzendes 2	Mamoa		megalithic_mound	P0	auto_seeded_requires_visual_verification	provisional_geometry_created	exclude_until_visual_raster_verification	45.0	DGPC Portal do Arqueólogo Sitios_Arqueologicos	108421	15063
neg-es-pba-1484	review-neg-0751		negative	ES	A Coruña	A Baña	Mámoa de Pedra Alba 2			megalithic_mound	P0	auto_seeded_requires_visual_verification	provisional_geometry_created	exclude_until_visual_raster_verification	45.0	Xunta PBA Catálogo. Elementos (xuño 2026)	1484	GA15007055
neg-es-pba-36107	review-neg-0753	control-v1-0170	negative	ES	Lugo	Outeiro de Rei	Castelo do Picato	Estruturas defensivas?		historic_fortification	P0	auto_seeded_requires_visual_verification	selected_for_control_set_v1	exclude_until_visual_raster_verification	100.0	Xunta PBA Catálogo. Elementos (xuño 2026)	36107	GA27039057
neg-es-pba-30981	review-neg-0754		negative	ES	Lugo	A Fonsagrada	Medorra da Cruz do Pito 12	Túmulo		megalithic_mound	P0	auto_seeded_requires_visual_verification	provisional_geometry_created	exclude_until_visual_raster_verification	45.0	Xunta PBA Catálogo. Elementos (xuño 2026)	30981	GA27018292
neg-es-pba-43559	review-neg-0758	control-v1-0109	negative	ES	Ourense	Amoeiro	Mámoa das Chairas			megalithic_mound	P0	auto_seeded_requires_visual_verification	selected_for_control_set_v1	exclude_until_visual_raster_verification	45.0	Xunta PBA Catálogo. Elementos (xuño 2026)	43559	GA32002028
neg-es-pba-63305	review-neg-0761		negative	ES	Pontevedra	A Cañiza	Mámoa de Fontefría	Túmulo		megalithic_mound	P0	auto_seeded_requires_visual_verification	provisional_geometry_created	exclude_until_visual_raster_verification	45.0	Xunta PBA Catálogo. Elementos (xuño 2026)	63305	GA36009009
neg-pt-dgpc-109420	review-neg-0764		negative	PT	Braga	Vieira do Minho	Mamoa 2 da Serra de S. Mamede	Monumento Megalítico		megalithic_mound	P0	auto_seeded_requires_visual_verification	provisional_geometry_created	exclude_until_visual_raster_verification	45.0	DGPC Portal do Arqueólogo Sitios_Arqueologicos	109420	29931
neg-pt-dgpc-112103	review-neg-0767	control-v1-0128	negative	PT	Porto	Paredes	Mamoa de Brandião	Mamoa		megalithic_mound	P0	auto_seeded_requires_visual_verification	selected_for_control_set_v1	exclude_until_visual_raster_verification	45.0	DGPC Portal do Arqueólogo Sitios_Arqueologicos	112103	22331
neg-pt-dgpc-112383	review-neg-0769		negative	PT	Viana do Castelo	Paredes de Coura	Couto da Pinheira	Mamoa		megalithic_mound	P0	auto_seeded_requires_visual_verification	provisional_geometry_created	exclude_until_visual_raster_verification	45.0	DGPC Portal do Arqueólogo Sitios_Arqueologicos	112383	40386
neg-es-pba-1514	review-neg-0772		negative	ES	A Coruña	A Baña	Mámoa de Pedra Alba 3			megalithic_mound	P0	auto_seeded_requires_visual_verification	provisional_geometry_created	exclude_until_visual_raster_verification	45.0	Xunta PBA Catálogo. Elementos (xuño 2026)	1514	GA15007056
neg-es-pba-35782	review-neg-0774		negative	ES	Lugo	Outeiro de Rei	Torre do Bordón/Torre de Taboi	Estruturas defensivas?		historic_fortification	P0	auto_seeded_requires_visual_verification	provisional_geometry_created	exclude_until_visual_raster_verification	100.0	Xunta PBA Catálogo. Elementos (xuño 2026)	35782	GA27039076
neg-es-pba-30982	review-neg-0775		negative	ES	Lugo	A Fonsagrada	Medorra da Grandiña 1	Túmulo		megalithic_mound	P0	auto_seeded_requires_visual_verification	provisional_geometry_created	exclude_until_visual_raster_verification	45.0	Xunta PBA Catálogo. Elementos (xuño 2026)	30982	GA27018238
neg-es-pba-43560	review-neg-0779		negative	ES	Ourense	Amoeiro	Mámoa de Punxín 1			megalithic_mound	P0	auto_seeded_requires_visual_verification	provisional_geometry_created	exclude_until_visual_raster_verification	45.0	Xunta PBA Catálogo. Elementos (xuño 2026)	43560	GA32054038
neg-es-pba-63306	review-neg-0782		negative	ES	Pontevedra	A Cañiza	Mámoa de Guntín 1	Túmulo		megalithic_mound	P0	auto_seeded_requires_visual_verification	provisional_geometry_created	exclude_until_visual_raster_verification	45.0	Xunta PBA Catálogo. Elementos (xuño 2026)	63306	GA36009039
neg-pt-dgpc-110049	review-neg-0785		negative	PT	Braga	Vieira do Minho	Mamoa 2 de Penedo Covo	Mamoa		megalithic_mound	P0	auto_seeded_requires_visual_verification	provisional_geometry_created	exclude_until_visual_raster_verification	45.0	DGPC Portal do Arqueólogo Sitios_Arqueologicos	110049	30014
neg-pt-dgpc-105863	review-neg-0788	control-v1-0129	negative	PT	Porto	Penafiel	Menir de Luzim/ Marco de Luzim	Menir		megalithic_mound	P0	auto_seeded_requires_visual_verification	selected_for_control_set_v1	exclude_until_visual_raster_verification	45.0	DGPC Portal do Arqueólogo Sitios_Arqueologicos	105863	789
neg-pt-dgpc-112409	review-neg-0790		negative	PT	Viana do Castelo	Paredes de Coura	Mamoa 1 da Fonte Cavada	Mamoa		megalithic_mound	P0	auto_seeded_requires_visual_verification	provisional_geometry_created	exclude_until_visual_raster_verification	45.0	DGPC Portal do Arqueólogo Sitios_Arqueologicos	112409	40416
neg-es-pba-1515	review-neg-0793		negative	ES	A Coruña	A Baña	Mámoa de Pedra Alba 4			megalithic_mound	P0	auto_seeded_requires_visual_verification	provisional_geometry_created	exclude_until_visual_raster_verification	45.0	Xunta PBA Catálogo. Elementos (xuño 2026)	1515	GA15007057
neg-es-pba-37344	review-neg-0795	control-v1-0171	negative	ES	Lugo	Pantón	Castelo das Saíñas	Estruturas defensivas?		historic_fortification	P0	auto_seeded_requires_visual_verification	selected_for_control_set_v1	exclude_until_visual_raster_verification	100.0	Xunta PBA Catálogo. Elementos (xuño 2026)	37344	GA27041031
neg-es-pba-30983	review-neg-0796		negative	ES	Lugo	A Fonsagrada	Medorra da Grandiña 2	Túmulo		megalithic_mound	P0	auto_seeded_requires_visual_verification	provisional_geometry_created	exclude_until_visual_raster_verification	45.0	Xunta PBA Catálogo. Elementos (xuño 2026)	30983	GA27018239
neg-es-pba-43561	review-neg-0799		negative	ES	Ourense	Amoeiro	Mámoa de Punxín 2			megalithic_mound	P0	auto_seeded_requires_visual_verification	provisional_geometry_created	exclude_until_visual_raster_verification	45.0	Xunta PBA Catálogo. Elementos (xuño 2026)	43561	GA32054050
neg-es-pba-63307	review-neg-0801		negative	ES	Pontevedra	A Cañiza	Mámoa de Guntín 2	Túmulo		megalithic_mound	P0	auto_seeded_requires_visual_verification	provisional_geometry_created	exclude_until_visual_raster_verification	45.0	Xunta PBA Catálogo. Elementos (xuño 2026)	63307	GA36009040
neg-pt-dgpc-109872	review-neg-0804		negative	PT	Braga	Vieira do Minho	Mamoa 3 da Lama dos Eidos	Mamoa		megalithic_mound	P0	auto_seeded_requires_visual_verification	provisional_geometry_created	exclude_until_visual_raster_verification	45.0	DGPC Portal do Arqueólogo Sitios_Arqueologicos	109872	30009
neg-pt-dgpc-105280	review-neg-0807		negative	PT	Porto	Penafiel	Plaina do Loureiro 3	Mamoa		megalithic_mound	P0	auto_seeded_requires_visual_verification	provisional_geometry_created	exclude_until_visual_raster_verification	45.0	DGPC Portal do Arqueólogo Sitios_Arqueologicos	105280	7040
neg-pt-dgpc-112406	review-neg-0809		negative	PT	Viana do Castelo	Paredes de Coura	Mamoa 1 de Chão das Porreiras	Mamoa		megalithic_mound	P0	auto_seeded_requires_visual_verification	provisional_geometry_created	exclude_until_visual_raster_verification	45.0	DGPC Portal do Arqueólogo Sitios_Arqueologicos	112406	40413
neg-es-pba-1516	review-neg-0812		negative	ES	A Coruña	A Baña	Mámoa de Pedra Alba 5			megalithic_mound	P0	auto_seeded_requires_visual_verification	provisional_geometry_created	exclude_until_visual_raster_verification	45.0	Xunta PBA Catálogo. Elementos (xuño 2026)	1516	GA15007077
neg-es-pba-37345	review-neg-0814		negative	ES	Lugo	Pantón	Castelo de Burnugueiras	Estruturas defensivas?		historic_fortification	P0	auto_seeded_requires_visual_verification	provisional_geometry_created	exclude_until_visual_raster_verification	100.0	Xunta PBA Catálogo. Elementos (xuño 2026)	37345	GA27041019
neg-es-pba-30984	review-neg-0815		negative	ES	Lugo	A Fonsagrada	Medorra da Grandiña 3	Túmulo		megalithic_mound	P0	auto_seeded_requires_visual_verification	provisional_geometry_created	exclude_until_visual_raster_verification	45.0	Xunta PBA Catálogo. Elementos (xuño 2026)	30984	GA27018240
neg-es-pba-43562	review-neg-0818		negative	ES	Ourense	Amoeiro	Mámoa de Punxín 3			megalithic_mound	P0	auto_seeded_requires_visual_verification	provisional_geometry_created	exclude_until_visual_raster_verification	45.0	Xunta PBA Catálogo. Elementos (xuño 2026)	43562	GA32054051
neg-es-pba-63333	review-neg-0820		negative	ES	Pontevedra	A Cañiza	Mámoa de Marco Pedroso 01	Túmulo		megalithic_mound	P0	auto_seeded_requires_visual_verification	provisional_geometry_created	exclude_until_visual_raster_verification	45.0	Xunta PBA Catálogo. Elementos (xuño 2026)	63333	GA36014020
neg-pt-dgpc-109891	review-neg-0823		negative	PT	Braga	Vieira do Minho	Mamoa 4 da Lama dos Eidos	Mamoa		megalithic_mound	P0	auto_seeded_requires_visual_verification	provisional_geometry_created	exclude_until_visual_raster_verification	45.0	DGPC Portal do Arqueólogo Sitios_Arqueologicos	109891	30010
neg-pt-dgpc-111335	review-neg-0826	control-v1-0130	negative	PT	Porto	Póvoa de Varzim	Pinheiral/Pedra do Sol	Mamoa		megalithic_mound	P0	auto_seeded_requires_visual_verification	selected_for_control_set_v1	exclude_until_visual_raster_verification	45.0	DGPC Portal do Arqueólogo Sitios_Arqueologicos	111335	38373
neg-pt-dgpc-112378	review-neg-0828		negative	PT	Viana do Castelo	Paredes de Coura	Mamoa 1 do Cárdio	Mamoa		megalithic_mound	P0	auto_seeded_requires_visual_verification	provisional_geometry_created	exclude_until_visual_raster_verification	45.0	DGPC Portal do Arqueólogo Sitios_Arqueologicos	112378	40382
neg-es-pba-1517	review-neg-0831		negative	ES	A Coruña	A Baña	Mámoa de Pedra Alba 6			megalithic_mound	P0	auto_seeded_requires_visual_verification	provisional_geometry_created	exclude_until_visual_raster_verification	45.0	Xunta PBA Catálogo. Elementos (xuño 2026)	1517	GA15007078
neg-es-pba-37681	review-neg-0833		negative	ES	Lugo	Pantón	O Castillo	Estruturas defensivas?		historic_fortification	P0	auto_seeded_requires_visual_verification	provisional_geometry_created	exclude_until_visual_raster_verification	100.0	Xunta PBA Catálogo. Elementos (xuño 2026)	37681	GA27041028
neg-es-pba-30985	review-neg-0834		negative	ES	Lugo	A Fonsagrada	Medorra da Grandiña 4	Túmulo		megalithic_mound	P0	auto_seeded_requires_visual_verification	provisional_geometry_created	exclude_until_visual_raster_verification	45.0	Xunta PBA Catálogo. Elementos (xuño 2026)	30985	GA27018241
neg-es-pba-45293	review-neg-0837	control-v1-0110	negative	ES	Ourense	Avión	Mámoa da Lomba			megalithic_mound	P0	auto_seeded_requires_visual_verification	selected_for_control_set_v1	exclude_until_visual_raster_verification	45.0	Xunta PBA Catálogo. Elementos (xuño 2026)	45293	GA32004026
neg-es-pba-63334	review-neg-0839		negative	ES	Pontevedra	A Cañiza	Mámoa de Marco Pedroso 02	Túmulo		megalithic_mound	P0	auto_seeded_requires_visual_verification	provisional_geometry_created	exclude_until_visual_raster_verification	45.0	Xunta PBA Catálogo. Elementos (xuño 2026)	63334	GA36014021
neg-pt-dgpc-109864	review-neg-0842		negative	PT	Braga	Vieira do Minho	Mamoa 5 da Lama dos Eidos	Mamoa		megalithic_mound	P0	auto_seeded_requires_visual_verification	provisional_geometry_created	exclude_until_visual_raster_verification	45.0	DGPC Portal do Arqueólogo Sitios_Arqueologicos	109864	30011
neg-pt-dgpc-111371	review-neg-0845	control-v1-0131	negative	PT	Porto	Santo Tirso	Ermida	Mamoa		megalithic_mound	P0	auto_seeded_requires_visual_verification	selected_for_control_set_v1	exclude_until_visual_raster_verification	45.0	DGPC Portal do Arqueólogo Sitios_Arqueologicos	111371	37734
neg-pt-dgpc-112410	review-neg-0847		negative	PT	Viana do Castelo	Paredes de Coura	Mamoa 2 da Fonte Cavada	Mamoa		megalithic_mound	P0	auto_seeded_requires_visual_verification	provisional_geometry_created	exclude_until_visual_raster_verification	45.0	DGPC Portal do Arqueólogo Sitios_Arqueologicos	112410	40417
neg-es-pba-1518	review-neg-0850		negative	ES	A Coruña	A Baña	Mámoa de Purrubelo	Mámoa/Túmulo		megalithic_mound	P0	auto_seeded_requires_visual_verification	provisional_geometry_created	exclude_until_visual_raster_verification	45.0	Xunta PBA Catálogo. Elementos (xuño 2026)	1518	GA15007025
neg-es-pba-37768	review-neg-0852		negative	ES	Lugo	Pantón	Torre de Marce	Estruturas defensivas?		historic_fortification	P0	auto_seeded_requires_visual_verification	provisional_geometry_created	exclude_until_visual_raster_verification	100.0	Xunta PBA Catálogo. Elementos (xuño 2026)	37768	GA27041022
neg-es-pba-30986	review-neg-0853		negative	ES	Lugo	A Fonsagrada	Medorra da Grandiña 5	Túmulo		megalithic_mound	P0	auto_seeded_requires_visual_verification	provisional_geometry_created	exclude_until_visual_raster_verification	45.0	Xunta PBA Catálogo. Elementos (xuño 2026)	30986	GA27018279
neg-es-pba-45294	review-neg-0856		negative	ES	Ourense	Avión	Mámoa da Moradiña			megalithic_mound	P0	auto_seeded_requires_visual_verification	provisional_geometry_created	exclude_until_visual_raster_verification	45.0	Xunta PBA Catálogo. Elementos (xuño 2026)	45294	GA36025021
neg-es-pba-63335	review-neg-0858		negative	ES	Pontevedra	A Cañiza	Mámoa de Marco Pedroso 03	Túmulo		megalithic_mound	P0	auto_seeded_requires_visual_verification	provisional_geometry_created	exclude_until_visual_raster_verification	45.0	Xunta PBA Catálogo. Elementos (xuño 2026)	63335	GA36014022
neg-pt-dgpc-109940	review-neg-0861		negative	PT	Braga	Vieira do Minho	Mamoa 6 da Lama dos Eidos	Mamoa		megalithic_mound	P0	auto_seeded_requires_visual_verification	provisional_geometry_created	exclude_until_visual_raster_verification	45.0	DGPC Portal do Arqueólogo Sitios_Arqueologicos	109940	30012
neg-pt-dgpc-112900	review-neg-0864	control-v1-0132	negative	PT	Porto	Vila Nova de Gaia	Mamoa 1 de Santa Lomédia	Monumento Megalítico		megalithic_mound	P0	auto_seeded_requires_visual_verification	selected_for_control_set_v1	exclude_until_visual_raster_verification	45.0	DGPC Portal do Arqueólogo Sitios_Arqueologicos	112900	41132
neg-pt-dgpc-112407	review-neg-0866		negative	PT	Viana do Castelo	Paredes de Coura	Mamoa 2 de Chão de Porreiras	Mamoa		megalithic_mound	P0	auto_seeded_requires_visual_verification	provisional_geometry_created	exclude_until_visual_raster_verification	45.0	DGPC Portal do Arqueólogo Sitios_Arqueologicos	112407	40414
neg-es-pba-1519	review-neg-0869		negative	ES	A Coruña	A Baña	Mámoa de Salgueiróns 1	Túmulo/Mámoa		megalithic_mound	P0	auto_seeded_requires_visual_verification	provisional_geometry_created	exclude_until_visual_raster_verification	45.0	Xunta PBA Catálogo. Elementos (xuño 2026)	1519	GA15007002
neg-es-pba-37798	review-neg-0871		negative	ES	Lugo	Pantón	Torre de Quitapesares	Estruturas defensivas?		historic_fortification	P0	auto_seeded_requires_visual_verification	provisional_geometry_created	exclude_until_visual_raster_verification	100.0	Xunta PBA Catálogo. Elementos (xuño 2026)	37798	GA27041062
neg-es-pba-30987	review-neg-0872		negative	ES	Lugo	A Fonsagrada	Medorra da Loma de Perulledo 6	Túmulo		megalithic_mound	P0	auto_seeded_requires_visual_verification	provisional_geometry_created	exclude_until_visual_raster_verification	45.0	Xunta PBA Catálogo. Elementos (xuño 2026)	30987	GA27018282
neg-es-pba-45295	review-neg-0875		negative	ES	Ourense	Avión	Mámoa de Chau da Veiga 1			megalithic_mound	P0	auto_seeded_requires_visual_verification	provisional_geometry_created	exclude_until_visual_raster_verification	45.0	Xunta PBA Catálogo. Elementos (xuño 2026)	45295	GA32004016
neg-es-pba-63336	review-neg-0877		negative	ES	Pontevedra	A Cañiza	Mámoa de Marco Pedroso 04	Túmulo		megalithic_mound	P0	auto_seeded_requires_visual_verification	provisional_geometry_created	exclude_until_visual_raster_verification	45.0	Xunta PBA Catálogo. Elementos (xuño 2026)	63336	GA36014023
neg-pt-dgpc-109388	review-neg-0880		negative	PT	Braga	Vieira do Minho	Mamoa de Mariolas	Mamoa		megalithic_mound	P0	auto_seeded_requires_visual_verification	provisional_geometry_created	exclude_until_visual_raster_verification	45.0	DGPC Portal do Arqueólogo Sitios_Arqueologicos	109388	30056
neg-pt-dgpc-112845	review-neg-0883		negative	PT	Porto	Vila Nova de Gaia	Mamoa 2 da Gestosa	Monumento Megalítico		megalithic_mound	P0	auto_seeded_requires_visual_verification	provisional_geometry_created	exclude_until_visual_raster_verification	45.0	DGPC Portal do Arqueólogo Sitios_Arqueologicos	112845	41117
neg-pt-dgpc-112411	review-neg-0885		negative	PT	Viana do Castelo	Paredes de Coura	Mamoa 2 do Couto da Pinheira	Mamoa		megalithic_mound	P0	auto_seeded_requires_visual_verification	provisional_geometry_created	exclude_until_visual_raster_verification	45.0	DGPC Portal do Arqueólogo Sitios_Arqueologicos	112411	40418
neg-es-pba-1520	review-neg-0888		negative	ES	A Coruña	A Baña	Mámoa de Salgueiróns 2	Túmulo/Mámoa		megalithic_mound	P0	auto_seeded_requires_visual_verification	provisional_geometry_created	exclude_until_visual_raster_verification	45.0	Xunta PBA Catálogo. Elementos (xuño 2026)	1520	GA15007009
neg-es-pba-38363	review-neg-0890	control-v1-0172	negative	ES	Lugo	Quiroga	Xacemento da Torre do Hospital	Estruturas defensivas?		historic_fortification	P0	auto_seeded_requires_visual_verification	selected_for_control_set_v1	exclude_until_visual_raster_verification	100.0	Xunta PBA Catálogo. Elementos (xuño 2026)	38363	GA27050032
neg-es-pba-30988	review-neg-0891		negative	ES	Lugo	A Fonsagrada	Medorra da Peza	Túmulo		megalithic_mound	P0	auto_seeded_requires_visual_verification	provisional_geometry_created	exclude_until_visual_raster_verification	45.0	Xunta PBA Catálogo. Elementos (xuño 2026)	30988	GA27018042
neg-es-pba-45296	review-neg-0894		negative	ES	Ourense	Avión	Mámoa de Chau da Veiga 2			megalithic_mound	P0	auto_seeded_requires_visual_verification	provisional_geometry_created	exclude_until_visual_raster_verification	45.0	Xunta PBA Catálogo. Elementos (xuño 2026)	45296	GA32004017
neg-es-pba-63337	review-neg-0896		negative	ES	Pontevedra	A Cañiza	Mámoa de Marco Pedroso 05	Túmulo		megalithic_mound	P0	auto_seeded_requires_visual_verification	provisional_geometry_created	exclude_until_visual_raster_verification	45.0	Xunta PBA Catálogo. Elementos (xuño 2026)	63337	GA36014024
neg-pt-dgpc-110067	review-neg-0899		negative	PT	Braga	Vieira do Minho	Mamoa de Pena Cova	Mamoa		megalithic_mound	P0	auto_seeded_requires_visual_verification	provisional_geometry_created	exclude_until_visual_raster_verification	45.0	DGPC Portal do Arqueólogo Sitios_Arqueologicos	110067	30055
neg-pt-dgpc-112903	review-neg-0902		negative	PT	Porto	Vila Nova de Gaia	Mamoa 2 de Santa Lomédia	Monumento Megalítico		megalithic_mound	P0	auto_seeded_requires_visual_verification	provisional_geometry_created	exclude_until_visual_raster_verification	45.0	DGPC Portal do Arqueólogo Sitios_Arqueologicos	112903	41135
neg-pt-dgpc-112379	review-neg-0904		negative	PT	Viana do Castelo	Paredes de Coura	Mamoa 2 do Cárdio	Mamoa		megalithic_mound	P0	auto_seeded_requires_visual_verification	provisional_geometry_created	exclude_until_visual_raster_verification	45.0	DGPC Portal do Arqueólogo Sitios_Arqueologicos	112379	40383
neg-es-pba-1521	review-neg-0907		negative	ES	A Coruña	A Baña	Mámoa de Tarroeira 1			megalithic_mound	P0	auto_seeded_requires_visual_verification	provisional_geometry_created	exclude_until_visual_raster_verification	45.0	Xunta PBA Catálogo. Elementos (xuño 2026)	1521	GA15007080
neg-es-pba-40741	review-neg-0909	control-v1-0173	negative	ES	Lugo	Ribadeo	Torre Vella	Estruturas defensivas?		historic_fortification	P0	auto_seeded_requires_visual_verification	selected_for_control_set_v1	exclude_until_visual_raster_verification	100.0	Xunta PBA Catálogo. Elementos (xuño 2026)	40741	GA27051013
neg-es-pba-30989	review-neg-0910		negative	ES	Lugo	A Fonsagrada	Medorra da Regoa 2	Túmulo		megalithic_mound	P0	auto_seeded_requires_visual_verification	provisional_geometry_created	exclude_until_visual_raster_verification	45.0	Xunta PBA Catálogo. Elementos (xuño 2026)	30989	GA27018264
neg-es-pba-45322	review-neg-0913		negative	ES	Ourense	Avión	Mámoa de Chau da Veiga 3			megalithic_mound	P0	auto_seeded_requires_visual_verification	provisional_geometry_created	exclude_until_visual_raster_verification	45.0	Xunta PBA Catálogo. Elementos (xuño 2026)	45322	GA32004018
neg-es-pba-63338	review-neg-0915		negative	ES	Pontevedra	A Cañiza	Mámoa de Marco Pedroso 06	Túmulo		megalithic_mound	P0	auto_seeded_requires_visual_verification	provisional_geometry_created	exclude_until_visual_raster_verification	45.0	Xunta PBA Catálogo. Elementos (xuño 2026)	63338	GA36014025
neg-pt-dgpc-109447	review-neg-0918		negative	PT	Braga	Vieira do Minho	Mamoa do Alto da Serrinha	Mamoa		megalithic_mound	P0	auto_seeded_requires_visual_verification	provisional_geometry_created	exclude_until_visual_raster_verification	45.0	DGPC Portal do Arqueólogo Sitios_Arqueologicos	109447	30057
neg-pt-dgpc-112911	review-neg-0921		negative	PT	Porto	Vila Nova de Gaia	Mamoa 3 de Santa Lomédia	Monumento Megalítico		megalithic_mound	P0	auto_seeded_requires_visual_verification	provisional_geometry_created	exclude_until_visual_raster_verification	45.0	DGPC Portal do Arqueólogo Sitios_Arqueologicos	112911	41137
neg-pt-dgpc-112380	review-neg-0923		negative	PT	Viana do Castelo	Paredes de Coura	Mamoa da Sela	Mamoa		megalithic_mound	P0	auto_seeded_requires_visual_verification	provisional_geometry_created	exclude_until_visual_raster_verification	45.0	DGPC Portal do Arqueólogo Sitios_Arqueologicos	112380	40384
neg-es-pba-1550	review-neg-0926		negative	ES	A Coruña	A Baña	Mámoa de Tarroeira 2			megalithic_mound	P0	auto_seeded_requires_visual_verification	provisional_geometry_created	exclude_until_visual_raster_verification	45.0	Xunta PBA Catálogo. Elementos (xuño 2026)	1550	GA15007081
neg-es-pba-41893	review-neg-0928	control-v1-0174	negative	ES	Lugo	Samos	Pena do Castelo/Pena de Socastelo/Vigo do Castelo	Estruturas defensivas?		historic_fortification	P0	auto_seeded_requires_visual_verification	selected_for_control_set_v1	exclude_until_visual_raster_verification	100.0	Xunta PBA Catálogo. Elementos (xuño 2026)	41893	GA27055035
neg-es-pba-30990	review-neg-0929		negative	ES	Lugo	A Fonsagrada	Medorra da Valiña 1	Túmulo		megalithic_mound	P0	auto_seeded_requires_visual_verification	provisional_geometry_created	exclude_until_visual_raster_verification	45.0	Xunta PBA Catálogo. Elementos (xuño 2026)	30990	GA27018134
neg-es-pba-45323	review-neg-0932		negative	ES	Ourense	Avión	Mámoa de Rubillón 1			megalithic_mound	P0	auto_seeded_requires_visual_verification	provisional_geometry_created	exclude_until_visual_raster_verification	45.0	Xunta PBA Catálogo. Elementos (xuño 2026)	45323	GA32004043
neg-es-pba-63339	review-neg-0934		negative	ES	Pontevedra	A Cañiza	Mámoa de Marco Pedroso 07	Túmulo		megalithic_mound	P0	auto_seeded_requires_visual_verification	provisional_geometry_created	exclude_until_visual_raster_verification	45.0	Xunta PBA Catálogo. Elementos (xuño 2026)	63339	GA36014026
neg-pt-dgpc-109378	review-neg-0937		negative	PT	Braga	Vieira do Minho	Mamoa dos Moinhos	Mamoa		megalithic_mound	P0	auto_seeded_requires_visual_verification	provisional_geometry_created	exclude_until_visual_raster_verification	45.0	DGPC Portal do Arqueólogo Sitios_Arqueologicos	109378	11770
neg-pt-dgpc-112822	review-neg-0940		negative	PT	Porto	Vila Nova de Gaia	Mamoa da Gougeva	Monumento Megalítico		megalithic_mound	P0	auto_seeded_requires_visual_verification	provisional_geometry_created	exclude_until_visual_raster_verification	45.0	DGPC Portal do Arqueólogo Sitios_Arqueologicos	112822	41113
neg-pt-dgpc-112384	review-neg-0942		negative	PT	Viana do Castelo	Paredes de Coura	Mamoa do Alto do Moinho do Couto	Mamoa		megalithic_mound	P0	auto_seeded_requires_visual_verification	provisional_geometry_created	exclude_until_visual_raster_verification	45.0	DGPC Portal do Arqueólogo Sitios_Arqueologicos	112384	40387
neg-es-pba-1551	review-neg-0945		negative	ES	A Coruña	A Baña	Mámoa de Turrisqueira			megalithic_mound	P0	auto_seeded_requires_visual_verification	provisional_geometry_created	exclude_until_visual_raster_verification	45.0	Xunta PBA Catálogo. Elementos (xuño 2026)	1551	GA15007066
neg-es-pba-41944	review-neg-0947	control-v1-0175	negative	ES	Lugo	Sarria	Casa Torre de Barrio	Estruturas defensivas?		historic_fortification	P0	auto_seeded_requires_visual_verification	selected_for_control_set_v1	exclude_until_visual_raster_verification	100.0	Xunta PBA Catálogo. Elementos (xuño 2026)	41944	GA27057052
neg-es-pba-31018	review-neg-0948		negative	ES	Lugo	A Fonsagrada	Medorra da Valiña 2	Túmulo		megalithic_mound	P0	auto_seeded_requires_visual_verification	provisional_geometry_created	exclude_until_visual_raster_verification	45.0	Xunta PBA Catálogo. Elementos (xuño 2026)	31018	GA27018270
neg-es-pba-45324	review-neg-0951		negative	ES	Ourense	Avión	Mámoa de Rubillón 2			megalithic_mound	P0	auto_seeded_requires_visual_verification	provisional_geometry_created	exclude_until_visual_raster_verification	45.0	Xunta PBA Catálogo. Elementos (xuño 2026)	45324	GA32004044
neg-es-pba-63340	review-neg-0953		negative	ES	Pontevedra	A Cañiza	Mámoa de Marco Pedroso 08	Túmulo		megalithic_mound	P0	auto_seeded_requires_visual_verification	provisional_geometry_created	exclude_until_visual_raster_verification	45.0	Xunta PBA Catálogo. Elementos (xuño 2026)	63340	GA36014027
neg-pt-dgpc-110079	review-neg-0956		negative	PT	Braga	Vieira do Minho	Monte das Carvalhas	Mamoa		megalithic_mound	P0	auto_seeded_requires_visual_verification	provisional_geometry_created	exclude_until_visual_raster_verification	45.0	DGPC Portal do Arqueólogo Sitios_Arqueologicos	110079	30054
neg-pt-dgpc-112726	review-neg-0959		negative	PT	Porto	Vila Nova de Gaia	Mamoa da Madalena	Monumento Megalítico		megalithic_mound	P0	auto_seeded_requires_visual_verification	provisional_geometry_created	exclude_until_visual_raster_verification	45.0	DGPC Portal do Arqueólogo Sitios_Arqueologicos	112726	12279
neg-pt-dgpc-112390	review-neg-0961		negative	PT	Viana do Castelo	Paredes de Coura	Mamoa dos Agueiros	Mamoa		megalithic_mound	P0	auto_seeded_requires_visual_verification	provisional_geometry_created	exclude_until_visual_raster_verification	45.0	DGPC Portal do Arqueólogo Sitios_Arqueologicos	112390	40392
neg-es-pba-1552	review-neg-0964		negative	ES	A Coruña	A Baña	Mámoa de Ventureira 3			megalithic_mound	P0	auto_seeded_requires_visual_verification	provisional_geometry_created	exclude_until_visual_raster_verification	45.0	Xunta PBA Catálogo. Elementos (xuño 2026)	1552	GA15007047
neg-es-pba-41945	review-neg-0966		negative	ES	Lugo	Sarria	Casa Torre de Outeiro	Estruturas defensivas?		historic_fortification	P0	auto_seeded_requires_visual_verification	provisional_geometry_created	exclude_until_visual_raster_verification	100.0	Xunta PBA Catálogo. Elementos (xuño 2026)	41945	GA27057043
neg-es-pba-31019	review-neg-0967		negative	ES	Lugo	A Fonsagrada	Medorra da Valiña 3	Túmulo		megalithic_mound	P0	auto_seeded_requires_visual_verification	provisional_geometry_created	exclude_until_visual_raster_verification	45.0	Xunta PBA Catálogo. Elementos (xuño 2026)	31019	GA27018271
neg-es-pba-45325	review-neg-0970		negative	ES	Ourense	Avión	Mámoa de Torre Mourelle 1			megalithic_mound	P0	auto_seeded_requires_visual_verification	provisional_geometry_created	exclude_until_visual_raster_verification	45.0	Xunta PBA Catálogo. Elementos (xuño 2026)	45325	GA32004001
neg-es-pba-63371	review-neg-0972		negative	ES	Pontevedra	A Cañiza	Mámoa de Marco Pedroso 09	Túmulo		megalithic_mound	P0	auto_seeded_requires_visual_verification	provisional_geometry_created	exclude_until_visual_raster_verification	45.0	Xunta PBA Catálogo. Elementos (xuño 2026)	63371	GA36014028
neg-pt-dgpc-109060	review-neg-0975		negative	PT	Braga	Vieira do Minho	Tapadas da Várzea	Mamoa		megalithic_mound	P0	auto_seeded_requires_visual_verification	provisional_geometry_created	exclude_until_visual_raster_verification	45.0	DGPC Portal do Arqueólogo Sitios_Arqueologicos	109060	30061
neg-pt-dgpc-112669	review-neg-0978		negative	PT	Porto	Vila Nova de Gaia	Mamoa da Raposa/Mamoa de Pedroso	Monumento Megalítico		megalithic_mound	P0	auto_seeded_requires_visual_verification	provisional_geometry_created	exclude_until_visual_raster_verification	45.0	DGPC Portal do Arqueólogo Sitios_Arqueologicos	112669	1575
neg-pt-dgpc-112408	review-neg-0980		negative	PT	Viana do Castelo	Paredes de Coura	Mamoa dos Agueiros	Mamoa		megalithic_mound	P0	auto_seeded_requires_visual_verification	provisional_geometry_created	exclude_until_visual_raster_verification	45.0	DGPC Portal do Arqueólogo Sitios_Arqueologicos	112408	40415
neg-es-pba-1553	review-neg-0983		negative	ES	A Coruña	A Baña	Mámoa de Vilar 1			megalithic_mound	P0	auto_seeded_requires_visual_verification	provisional_geometry_created	exclude_until_visual_raster_verification	45.0	Xunta PBA Catálogo. Elementos (xuño 2026)	1553	GA15007018
neg-es-pba-41532	review-neg-0985	control-v1-0176	negative	ES	Lugo	Sober	Castelo de Sober	Estruturas defensivas?		historic_fortification	P0	auto_seeded_requires_visual_verification	selected_for_control_set_v1	exclude_until_visual_raster_verification	100.0	Xunta PBA Catálogo. Elementos (xuño 2026)	41532	GA27059021
neg-es-pba-31020	review-neg-0986		negative	ES	Lugo	A Fonsagrada	Medorra da Valiña 4	Túmulo		megalithic_mound	P0	auto_seeded_requires_visual_verification	provisional_geometry_created	exclude_until_visual_raster_verification	45.0	Xunta PBA Catálogo. Elementos (xuño 2026)	31020	GA27018272
neg-es-pba-45326	review-neg-0989		negative	ES	Ourense	Avión	Mámoa de Torre Mourelle 2			megalithic_mound	P0	auto_seeded_requires_visual_verification	provisional_geometry_created	exclude_until_visual_raster_verification	45.0	Xunta PBA Catálogo. Elementos (xuño 2026)	45326	GA32004002
neg-es-pba-63372	review-neg-0991		negative	ES	Pontevedra	A Cañiza	Mámoa de Marco Pedroso 10	Túmulo		megalithic_mound	P0	auto_seeded_requires_visual_verification	provisional_geometry_created	exclude_until_visual_raster_verification	45.0	Xunta PBA Catálogo. Elementos (xuño 2026)	63372	GA36014029
neg-pt-dgpc-113951	review-neg-0994	control-v1-0118	negative	PT	Braga	Vila Nova de Famalicão	Fiães	Mamoa		megalithic_mound	P0	auto_seeded_requires_visual_verification	selected_for_control_set_v1	exclude_until_visual_raster_verification	45.0	DGPC Portal do Arqueólogo Sitios_Arqueologicos	113951	40286
neg-pt-dgpc-112893	review-neg-0997		negative	PT	Porto	Vila Nova de Gaia	Mamoa de Matosinhos	Monumento Megalítico		megalithic_mound	P0	auto_seeded_requires_visual_verification	provisional_geometry_created	exclude_until_visual_raster_verification	45.0	DGPC Portal do Arqueólogo Sitios_Arqueologicos	112893	41130
neg-pt-dgpc-112422	review-neg-0999		negative	PT	Viana do Castelo	Paredes de Coura	Mamoa dos Agueiros	Mamoa		megalithic_mound	P0	auto_seeded_requires_visual_verification	provisional_geometry_created	exclude_until_visual_raster_verification	45.0	DGPC Portal do Arqueólogo Sitios_Arqueologicos	112422	40446
neg-es-pba-1554	review-neg-1001		negative	ES	A Coruña	A Baña	Mámoa de Vilar 2			megalithic_mound	P0	auto_seeded_requires_visual_verification	provisional_geometry_created	exclude_until_visual_raster_verification	45.0	Xunta PBA Catálogo. Elementos (xuño 2026)	1554	GA15007019
neg-es-pba-41426	review-neg-1003		negative	ES	Lugo	Sober	O Castelo/A Roda	Estruturas defensivas?		historic_fortification	P0	auto_seeded_requires_visual_verification	provisional_geometry_created	exclude_until_visual_raster_verification	100.0	Xunta PBA Catálogo. Elementos (xuño 2026)	41426	GA27059034
neg-es-pba-31021	review-neg-1004		negative	ES	Lugo	A Fonsagrada	Medorra da Zarra do Pedro	Túmulo		megalithic_mound	P0	auto_seeded_requires_visual_verification	provisional_geometry_created	exclude_until_visual_raster_verification	45.0	Xunta PBA Catálogo. Elementos (xuño 2026)	31021	GA27018120
neg-es-pba-45327	review-neg-1007		negative	ES	Ourense	Avión	Mámoa de Torre Mourelle 3			megalithic_mound	P0	auto_seeded_requires_visual_verification	provisional_geometry_created	exclude_until_visual_raster_verification	45.0	Xunta PBA Catálogo. Elementos (xuño 2026)	45327	GA32004003
neg-es-pba-63373	review-neg-1009		negative	ES	Pontevedra	A Cañiza	Mámoa de Marco Pedroso 11	Túmulo		megalithic_mound	P0	auto_seeded_requires_visual_verification	provisional_geometry_created	exclude_until_visual_raster_verification	45.0	Xunta PBA Catálogo. Elementos (xuño 2026)	63373	GA36014030
neg-pt-dgpc-107020	review-neg-1012		negative	PT	Braga	Vila Nova de Famalicão	Mamoa I de Vermoim (São Cosme)	Mamoa		megalithic_mound	P0	auto_seeded_requires_visual_verification	provisional_geometry_created	exclude_until_visual_raster_verification	45.0	DGPC Portal do Arqueólogo Sitios_Arqueologicos	107020	15787
neg-pt-dgpc-112827	review-neg-1015		negative	PT	Porto	Vila Nova de Gaia	Mamoa do Alto da Cimalha	Monumento Megalítico		megalithic_mound	P0	auto_seeded_requires_visual_verification	provisional_geometry_created	exclude_until_visual_raster_verification	45.0	DGPC Portal do Arqueólogo Sitios_Arqueologicos	112827	41114
neg-pt-dgpc-112394	review-neg-1017		negative	PT	Viana do Castelo	Paredes de Coura	Porto Rabel 1	Mamoa		megalithic_mound	P0	auto_seeded_requires_visual_verification	provisional_geometry_created	exclude_until_visual_raster_verification	45.0	DGPC Portal do Arqueólogo Sitios_Arqueologicos	112394	40396
neg-es-pba-1555	review-neg-1019		negative	ES	A Coruña	A Baña	Mámoa do Agro dos Méndez			megalithic_mound	P0	auto_seeded_requires_visual_verification	provisional_geometry_created	exclude_until_visual_raster_verification	45.0	Xunta PBA Catálogo. Elementos (xuño 2026)	1555	GA15007027
neg-es-pba-41465	review-neg-1021		negative	ES	Lugo	Sober	Pena do Castelo	Estruturas defensivas?		historic_fortification	P0	auto_seeded_requires_visual_verification	provisional_geometry_created	exclude_until_visual_raster_verification	100.0	Xunta PBA Catálogo. Elementos (xuño 2026)	41465	GA27059026
neg-es-pba-31022	review-neg-1022		negative	ES	Lugo	A Fonsagrada	Medorra da Zarra do Pedro	Túmulo		megalithic_mound	P0	auto_seeded_requires_visual_verification	provisional_geometry_created	exclude_until_visual_raster_verification	45.0	Xunta PBA Catálogo. Elementos (xuño 2026)	31022	GA27018120
neg-es-pba-45328	review-neg-1025		negative	ES	Ourense	Avión	Mámoa de Torre Mourelle 4			megalithic_mound	P0	auto_seeded_requires_visual_verification	provisional_geometry_created	exclude_until_visual_raster_verification	45.0	Xunta PBA Catálogo. Elementos (xuño 2026)	45328	GA32004007
neg-es-pba-63374	review-neg-1027		negative	ES	Pontevedra	A Cañiza	Mámoa de Marco Pedroso 12	Túmulo		megalithic_mound	P0	auto_seeded_requires_visual_verification	provisional_geometry_created	exclude_until_visual_raster_verification	45.0	Xunta PBA Catálogo. Elementos (xuño 2026)	63374	GA36014031
neg-pt-dgpc-107041	review-neg-1030		negative	PT	Braga	Vila Nova de Famalicão	Mamoa II de Vermoim (São Cosme)	Monumento Megalítico		megalithic_mound	P0	auto_seeded_requires_visual_verification	provisional_geometry_created	exclude_until_visual_raster_verification	45.0	DGPC Portal do Arqueólogo Sitios_Arqueologicos	107041	2527
neg-pt-dgpc-112842	review-neg-1033		negative	PT	Porto	Vila Nova de Gaia	Mamoa do Alto da Serra	Monumento Megalítico		megalithic_mound	P0	auto_seeded_requires_visual_verification	provisional_geometry_created	exclude_until_visual_raster_verification	45.0	DGPC Portal do Arqueólogo Sitios_Arqueologicos	112842	41116
neg-pt-dgpc-112387	review-neg-1035		negative	PT	Viana do Castelo	Paredes de Coura	Porto Rabel 2	Mamoa		megalithic_mound	P0	auto_seeded_requires_visual_verification	provisional_geometry_created	exclude_until_visual_raster_verification	45.0	DGPC Portal do Arqueólogo Sitios_Arqueologicos	112387	40389
neg-es-pba-1556	review-neg-1037		negative	ES	A Coruña	A Baña	Mámoa do Alto de Emes 1			megalithic_mound	P0	auto_seeded_requires_visual_verification	provisional_geometry_created	exclude_until_visual_raster_verification	45.0	Xunta PBA Catálogo. Elementos (xuño 2026)	1556	GA15007058
neg-es-pba-43110	review-neg-1039	control-v1-0177	negative	ES	Lugo	Viveiro	Castelo	Estruturas defensivas?		historic_fortification	P0	auto_seeded_requires_visual_verification	selected_for_control_set_v1	exclude_until_visual_raster_verification	100.0	Xunta PBA Catálogo. Elementos (xuño 2026)	43110	GA27066010
neg-es-pba-31023	review-neg-1040		negative	ES	Lugo	A Fonsagrada	Medorra das Peneliñas 01	Túmulo		megalithic_mound	P0	auto_seeded_requires_visual_verification	provisional_geometry_created	exclude_until_visual_raster_verification	45.0	Xunta PBA Catálogo. Elementos (xuño 2026)	31023	GA27018182
neg-es-pba-45329	review-neg-1043		negative	ES	Ourense	Avión	Mámoa do Alto do Barazal 1			megalithic_mound	P0	auto_seeded_requires_visual_verification	provisional_geometry_created	exclude_until_visual_raster_verification	45.0	Xunta PBA Catálogo. Elementos (xuño 2026)	45329	GA32004013
neg-es-pba-63375	review-neg-1045		negative	ES	Pontevedra	A Cañiza	Mámoa de Paredes	Túmulo		megalithic_mound	P0	auto_seeded_requires_visual_verification	provisional_geometry_created	exclude_until_visual_raster_verification	45.0	Xunta PBA Catálogo. Elementos (xuño 2026)	63375	GA36009028
neg-pt-dgpc-107032	review-neg-1048		negative	PT	Braga	Vila Nova de Famalicão	Mamoa III de Vermoim (São Cosme)	Mamoa		megalithic_mound	P0	auto_seeded_requires_visual_verification	provisional_geometry_created	exclude_until_visual_raster_verification	45.0	DGPC Portal do Arqueólogo Sitios_Arqueologicos	107032	14962
neg-pt-dgpc-112739	review-neg-1051		negative	PT	Porto	Vila Nova de Gaia	Telheira 1/ Mamoa da Cama	Mamoa		megalithic_mound	P0	auto_seeded_requires_visual_verification	provisional_geometry_created	exclude_until_visual_raster_verification	45.0	DGPC Portal do Arqueólogo Sitios_Arqueologicos	112739	31258
neg-pt-dgpc-112385	review-neg-1053		negative	PT	Viana do Castelo	Paredes de Coura	Regueiro das Cruzes	Mamoa		megalithic_mound	P0	auto_seeded_requires_visual_verification	provisional_geometry_created	exclude_until_visual_raster_verification	45.0	DGPC Portal do Arqueólogo Sitios_Arqueologicos	112385	40388
neg-es-pba-1557	review-neg-1055		negative	ES	A Coruña	A Baña	Mámoa do Alto de Emes 2			megalithic_mound	P0	auto_seeded_requires_visual_verification	provisional_geometry_created	exclude_until_visual_raster_verification	45.0	Xunta PBA Catálogo. Elementos (xuño 2026)	1557	GA15007059
neg-es-pba-43142	review-neg-1057		negative	ES	Lugo	Viveiro	Castelo	Estruturas defensivas?		historic_fortification	P0	auto_seeded_requires_visual_verification	provisional_geometry_created	exclude_until_visual_raster_verification	100.0	Xunta PBA Catálogo. Elementos (xuño 2026)	43142	TO27066001
neg-es-pba-31024	review-neg-1058		negative	ES	Lugo	A Fonsagrada	Medorra das Peneliñas 02	Túmulo		megalithic_mound	P0	auto_seeded_requires_visual_verification	provisional_geometry_created	exclude_until_visual_raster_verification	45.0	Xunta PBA Catálogo. Elementos (xuño 2026)	31024	GA27018183
neg-es-pba-45355	review-neg-1061		negative	ES	Ourense	Avión	Mámoa do Alto do Barazal2			megalithic_mound	P0	auto_seeded_requires_visual_verification	provisional_geometry_created	exclude_until_visual_raster_verification	45.0	Xunta PBA Catálogo. Elementos (xuño 2026)	45355	GA32004014
neg-es-pba-63376	review-neg-1063		negative	ES	Pontevedra	A Cañiza	Mámoa de Portela de Deva 1	Mámoa		megalithic_mound	P0	auto_seeded_requires_visual_verification	provisional_geometry_created	exclude_until_visual_raster_verification	45.0	Xunta PBA Catálogo. Elementos (xuño 2026)	63376	GA36009086
neg-pt-dgpc-107012	review-neg-1066		negative	PT	Braga	Vila Nova de Famalicão	Mamoa IV Vermoim (São Cosme)	Monumento Megalítico		megalithic_mound	P0	auto_seeded_requires_visual_verification	provisional_geometry_created	exclude_until_visual_raster_verification	45.0	DGPC Portal do Arqueólogo Sitios_Arqueologicos	107012	2542
neg-pt-dgpc-111340	review-neg-1069	control-v1-0133	negative	PT	Porto	Vila do Conde	Queimado alto	Mamoa		megalithic_mound	P0	auto_seeded_requires_visual_verification	selected_for_control_set_v1	exclude_until_visual_raster_verification	45.0	DGPC Portal do Arqueólogo Sitios_Arqueologicos	111340	38781
neg-pt-dgpc-108395	review-neg-1071		negative	PT	Viana do Castelo	Paredes de Coura	Serra da Boulhosa	Anta/Dólmen		megalithic_mound	P0	auto_seeded_requires_visual_verification	provisional_geometry_created	exclude_until_visual_raster_verification	45.0	DGPC Portal do Arqueólogo Sitios_Arqueologicos	108395	10393
neg-es-pba-1017	review-neg-1073		negative	ES	A Coruña	A Baña	Mámoa do Campo Redondo			megalithic_mound	P0	auto_seeded_requires_visual_verification	provisional_geometry_created	exclude_until_visual_raster_verification	45.0	Xunta PBA Catálogo. Elementos (xuño 2026)	1017	GA15007024
neg-es-pba-43143	review-neg-1075		negative	ES	Lugo	Viveiro	Castelo	Estruturas defensivas?		historic_fortification	P0	auto_seeded_requires_visual_verification	provisional_geometry_created	exclude_until_visual_raster_verification	100.0	Xunta PBA Catálogo. Elementos (xuño 2026)	43143	GA27066003
neg-es-pba-31025	review-neg-1076		negative	ES	Lugo	A Fonsagrada	Medorra das Peneliñas 03	Túmulo		megalithic_mound	P0	auto_seeded_requires_visual_verification	provisional_geometry_created	exclude_until_visual_raster_verification	45.0	Xunta PBA Catálogo. Elementos (xuño 2026)	31025	GA27018184
neg-es-pba-45356	review-neg-1079		negative	ES	Ourense	Avión	Mámoa do Campo de Ramil			megalithic_mound	P0	auto_seeded_requires_visual_verification	provisional_geometry_created	exclude_until_visual_raster_verification	45.0	Xunta PBA Catálogo. Elementos (xuño 2026)	45356	GA32004019
neg-es-pba-63377	review-neg-1081		negative	ES	Pontevedra	A Cañiza	Mámoa de Portela de Deva 2	Mámoa		megalithic_mound	P0	auto_seeded_requires_visual_verification	provisional_geometry_created	exclude_until_visual_raster_verification	45.0	Xunta PBA Catálogo. Elementos (xuño 2026)	63377	GA36009087
neg-pt-dgpc-109630	review-neg-1084	control-v1-0119	negative	PT	Braga	Vila Verde	Mamoa 1 de Bustelo	Mamoa		megalithic_mound	P0	auto_seeded_requires_visual_verification	selected_for_control_set_v1	exclude_until_visual_raster_verification	45.0	DGPC Portal do Arqueólogo Sitios_Arqueologicos	109630	16508
neg-pt-dgpc-111775	review-neg-1088		negative	PT	Viana do Castelo	Paredes de Coura	São Bento da Porta Aberta	Mamoa		megalithic_mound	P0	auto_seeded_requires_visual_verification	provisional_geometry_created	exclude_until_visual_raster_verification	45.0	DGPC Portal do Arqueólogo Sitios_Arqueologicos	111775	4062
neg-es-pba-1558	review-neg-1090		negative	ES	A Coruña	A Baña	Mámoa do Campo da Feira 1			megalithic_mound	P0	auto_seeded_requires_visual_verification	provisional_geometry_created	exclude_until_visual_raster_verification	45.0	Xunta PBA Catálogo. Elementos (xuño 2026)	1558	GA15007040
neg-es-pba-30179	review-neg-1092	control-v1-0178	negative	ES	Lugo	Xermade	As Penas do Castelo	Estruturas defensivas?		historic_fortification	P0	auto_seeded_requires_visual_verification	selected_for_control_set_v1	exclude_until_visual_raster_verification	100.0	Xunta PBA Catálogo. Elementos (xuño 2026)	30179	GA27021044
neg-es-pba-31026	review-neg-1093		negative	ES	Lugo	A Fonsagrada	Medorra das Peneliñas 04	Túmulo		megalithic_mound	P0	auto_seeded_requires_visual_verification	provisional_geometry_created	exclude_until_visual_raster_verification	45.0	Xunta PBA Catálogo. Elementos (xuño 2026)	31026	GA27018185
neg-es-pba-45357	review-neg-1096		negative	ES	Ourense	Avión	Mámoa do Canguiño/Mámoa do Bebedeiro			megalithic_mound	P0	auto_seeded_requires_visual_verification	provisional_geometry_created	exclude_until_visual_raster_verification	45.0	Xunta PBA Catálogo. Elementos (xuño 2026)	45357	GA32004012
neg-es-pba-63378	review-neg-1098		negative	ES	Pontevedra	A Cañiza	Mámoa do Alto da Cota 1	Túmulo		megalithic_mound	P0	auto_seeded_requires_visual_verification	provisional_geometry_created	exclude_until_visual_raster_verification	45.0	Xunta PBA Catálogo. Elementos (xuño 2026)	63378	GA36009019
neg-pt-dgpc-109350	review-neg-1101		negative	PT	Braga	Vila Verde	Mamoa 1 de Chão de Couce	Mamoa		megalithic_mound	P0	auto_seeded_requires_visual_verification	provisional_geometry_created	exclude_until_visual_raster_verification	45.0	DGPC Portal do Arqueólogo Sitios_Arqueologicos	109350	30769
neg-pt-dgpc-108626	review-neg-1105	control-v1-0138	negative	PT	Viana do Castelo	Ponte da Barca	Mamoa da Giadela	Mamoa		megalithic_mound	P0	auto_seeded_requires_visual_verification	selected_for_control_set_v1	exclude_until_visual_raster_verification	45.0	DGPC Portal do Arqueólogo Sitios_Arqueologicos	108626	31222
neg-es-pba-1011	review-neg-1107		negative	ES	A Coruña	A Baña	Mámoa do Campo da Feira 2			megalithic_mound	P0	auto_seeded_requires_visual_verification	provisional_geometry_created	exclude_until_visual_raster_verification	45.0	Xunta PBA Catálogo. Elementos (xuño 2026)	1011	GA15007041
neg-es-pba-32082	review-neg-1109	control-v1-0179	negative	ES	Lugo	Xove	Castelo	Estruturas defensivas?		historic_fortification	P0	auto_seeded_requires_visual_verification	selected_for_control_set_v1	exclude_until_visual_raster_verification	100.0	Xunta PBA Catálogo. Elementos (xuño 2026)	32082	GA27025032
neg-es-pba-31027	review-neg-1110		negative	ES	Lugo	A Fonsagrada	Medorra das Peneliñas 05	Túmulo		megalithic_mound	P0	auto_seeded_requires_visual_verification	provisional_geometry_created	exclude_until_visual_raster_verification	45.0	Xunta PBA Catálogo. Elementos (xuño 2026)	31027	GA27018186
neg-es-pba-45362	review-neg-1113		negative	ES	Ourense	Avión	Mámoa do Coto Queimado 1			megalithic_mound	P0	auto_seeded_requires_visual_verification	provisional_geometry_created	exclude_until_visual_raster_verification	45.0	Xunta PBA Catálogo. Elementos (xuño 2026)	45362	GA32004041
neg-es-pba-63408	review-neg-1115		negative	ES	Pontevedra	A Cañiza	Mámoa do Alto da Cota 2	Túmulo		megalithic_mound	P0	auto_seeded_requires_visual_verification	provisional_geometry_created	exclude_until_visual_raster_verification	45.0	Xunta PBA Catálogo. Elementos (xuño 2026)	63408	GA36009056
neg-pt-dgpc-109548	review-neg-1118		negative	PT	Braga	Vila Verde	Mamoa 10 de Bustelo	Mamoa		megalithic_mound	P0	auto_seeded_requires_visual_verification	provisional_geometry_created	exclude_until_visual_raster_verification	45.0	DGPC Portal do Arqueólogo Sitios_Arqueologicos	109548	16517
neg-pt-dgpc-109876	review-neg-1122		negative	PT	Viana do Castelo	Ponte da Barca	Vazeiro	Mamoa		megalithic_mound	P0	auto_seeded_requires_visual_verification	provisional_geometry_created	exclude_until_visual_raster_verification	45.0	DGPC Portal do Arqueólogo Sitios_Arqueologicos	109876	14148
neg-es-pba-1012	review-neg-1124		negative	ES	A Coruña	A Baña	Mámoa do Campo da Feira 3			megalithic_mound	P0	auto_seeded_requires_visual_verification	provisional_geometry_created	exclude_until_visual_raster_verification	45.0	Xunta PBA Catálogo. Elementos (xuño 2026)	1012	GA15007042
neg-es-pba-32083	review-neg-1126		negative	ES	Lugo	Xove	Castelo	Estruturas defensivas?		historic_fortification	P0	auto_seeded_requires_visual_verification	provisional_geometry_created	exclude_until_visual_raster_verification	100.0	Xunta PBA Catálogo. Elementos (xuño 2026)	32083	TO27025001
neg-es-pba-31058	review-neg-1127		negative	ES	Lugo	A Fonsagrada	Medorra das Peneliñas 06	Túmulo		megalithic_mound	P0	auto_seeded_requires_visual_verification	provisional_geometry_created	exclude_until_visual_raster_verification	45.0	Xunta PBA Catálogo. Elementos (xuño 2026)	31058	GA27018187
neg-es-pba-45387	review-neg-1130		negative	ES	Ourense	Avión	Mámoa do Coto Queimado 2			megalithic_mound	P0	auto_seeded_requires_visual_verification	provisional_geometry_created	exclude_until_visual_raster_verification	45.0	Xunta PBA Catálogo. Elementos (xuño 2026)	45387	GA32004042
neg-es-pba-63409	review-neg-1132		negative	ES	Pontevedra	A Cañiza	Mámoa do Alto da Cota 3	Túmulo		megalithic_mound	P0	auto_seeded_requires_visual_verification	provisional_geometry_created	exclude_until_visual_raster_verification	45.0	Xunta PBA Catálogo. Elementos (xuño 2026)	63409	GA36009057
neg-pt-dgpc-109537	review-neg-1135		negative	PT	Braga	Vila Verde	Mamoa 11 de Bustelo	Mamoa		megalithic_mound	P0	auto_seeded_requires_visual_verification	provisional_geometry_created	exclude_until_visual_raster_verification	45.0	DGPC Portal do Arqueólogo Sitios_Arqueologicos	109537	16518
neg-pt-dgpc-109417	review-neg-1138	control-v1-0139	negative	PT	Viana do Castelo	Ponte de Lima	Arca 1	Mamoa		megalithic_mound	P0	auto_seeded_requires_visual_verification	selected_for_control_set_v1	exclude_until_visual_raster_verification	45.0	DGPC Portal do Arqueólogo Sitios_Arqueologicos	109417	10620
neg-es-pba-1013	review-neg-1140		negative	ES	A Coruña	A Baña	Mámoa do Campo da Feira 4			megalithic_mound	P0	auto_seeded_requires_visual_verification	provisional_geometry_created	exclude_until_visual_raster_verification	45.0	Xunta PBA Catálogo. Elementos (xuño 2026)	1013	GA15007043
neg-es-pba-31059	review-neg-1142		negative	ES	Lugo	A Fonsagrada	Medorra das Peneliñas 07	Túmulo		megalithic_mound	P0	auto_seeded_requires_visual_verification	provisional_geometry_created	exclude_until_visual_raster_verification	45.0	Xunta PBA Catálogo. Elementos (xuño 2026)	31059	GA27018188
neg-es-pba-45358	review-neg-1145		negative	ES	Ourense	Avión	Mámoa do Coto dos Mouros 1/A Buratiña			megalithic_mound	P0	auto_seeded_requires_visual_verification	provisional_geometry_created	exclude_until_visual_raster_verification	45.0	Xunta PBA Catálogo. Elementos (xuño 2026)	45358	GA32004028
neg-es-pba-63410	review-neg-1147		negative	ES	Pontevedra	A Cañiza	Mámoa do Alto da Cota 4	Túmulo		megalithic_mound	P0	auto_seeded_requires_visual_verification	provisional_geometry_created	exclude_until_visual_raster_verification	45.0	Xunta PBA Catálogo. Elementos (xuño 2026)	63410	GA36009058
neg-pt-dgpc-109534	review-neg-1150		negative	PT	Braga	Vila Verde	Mamoa 12 de Bustelo	Mamoa		megalithic_mound	P0	auto_seeded_requires_visual_verification	provisional_geometry_created	exclude_until_visual_raster_verification	45.0	DGPC Portal do Arqueólogo Sitios_Arqueologicos	109534	16519
neg-pt-dgpc-110175	review-neg-1153		negative	PT	Viana do Castelo	Ponte de Lima	Mamoa 1 da Boalhosa	Mamoa		megalithic_mound	P0	auto_seeded_requires_visual_verification	provisional_geometry_created	exclude_until_visual_raster_verification	45.0	DGPC Portal do Arqueólogo Sitios_Arqueologicos	110175	17860
neg-es-pba-1014	review-neg-1154		negative	ES	A Coruña	A Baña	Mámoa do Campo da Feira 5			megalithic_mound	P0	auto_seeded_requires_visual_verification	provisional_geometry_created	exclude_until_visual_raster_verification	45.0	Xunta PBA Catálogo. Elementos (xuño 2026)	1014	GA15007044
neg-es-pba-31060	review-neg-1156		negative	ES	Lugo	A Fonsagrada	Medorra das Peneliñas 08	Túmulo		megalithic_mound	P0	auto_seeded_requires_visual_verification	provisional_geometry_created	exclude_until_visual_raster_verification	45.0	Xunta PBA Catálogo. Elementos (xuño 2026)	31060	GA27018189
neg-es-pba-45359	review-neg-1159		negative	ES	Ourense	Avión	Mámoa do Coto dos Mouros 2			megalithic_mound	P0	auto_seeded_requires_visual_verification	provisional_geometry_created	exclude_until_visual_raster_verification	45.0	Xunta PBA Catálogo. Elementos (xuño 2026)	45359	GA32004029
neg-es-pba-63411	review-neg-1161		negative	ES	Pontevedra	A Cañiza	Mámoa do Alto da Cota 5	Túmulo		megalithic_mound	P0	auto_seeded_requires_visual_verification	provisional_geometry_created	exclude_until_visual_raster_verification	45.0	Xunta PBA Catálogo. Elementos (xuño 2026)	63411	GA36009059
neg-pt-dgpc-109525	review-neg-1164		negative	PT	Braga	Vila Verde	Mamoa 13 de Bustelo	Mamoa		megalithic_mound	P0	auto_seeded_requires_visual_verification	provisional_geometry_created	exclude_until_visual_raster_verification	45.0	DGPC Portal do Arqueólogo Sitios_Arqueologicos	109525	16520
neg-pt-dgpc-110176	review-neg-1167		negative	PT	Viana do Castelo	Ponte de Lima	Mamoa 2 da Boalhosa	Mamoa		megalithic_mound	P0	auto_seeded_requires_visual_verification	provisional_geometry_created	exclude_until_visual_raster_verification	45.0	DGPC Portal do Arqueólogo Sitios_Arqueologicos	110176	17861
neg-es-pba-1015	review-neg-1168		negative	ES	A Coruña	A Baña	Mámoa do Campo da Tilla			megalithic_mound	P0	auto_seeded_requires_visual_verification	provisional_geometry_created	exclude_until_visual_raster_verification	45.0	Xunta PBA Catálogo. Elementos (xuño 2026)	1015	GA15007046
neg-es-pba-31061	review-neg-1170		negative	ES	Lugo	A Fonsagrada	Medorra das Peneliñas 09	Túmulo		megalithic_mound	P0	auto_seeded_requires_visual_verification	provisional_geometry_created	exclude_until_visual_raster_verification	45.0	Xunta PBA Catálogo. Elementos (xuño 2026)	31061	GA27018190
neg-es-pba-45360	review-neg-1173		negative	ES	Ourense	Avión	Mámoa do Coto dos Mouros 3			megalithic_mound	P0	auto_seeded_requires_visual_verification	provisional_geometry_created	exclude_until_visual_raster_verification	45.0	Xunta PBA Catálogo. Elementos (xuño 2026)	45360	GA32004030
neg-es-pba-63412	review-neg-1175		negative	ES	Pontevedra	A Cañiza	Mámoa do Alto de Fontefría 01	Túmulo		megalithic_mound	P0	auto_seeded_requires_visual_verification	provisional_geometry_created	exclude_until_visual_raster_verification	45.0	Xunta PBA Catálogo. Elementos (xuño 2026)	63412	GA36009010
neg-pt-dgpc-109628	review-neg-1178		negative	PT	Braga	Vila Verde	Mamoa 2 de Bustelo	Mamoa		megalithic_mound	P0	auto_seeded_requires_visual_verification	provisional_geometry_created	exclude_until_visual_raster_verification	45.0	DGPC Portal do Arqueólogo Sitios_Arqueologicos	109628	16509
neg-pt-dgpc-110180	review-neg-1180		negative	PT	Viana do Castelo	Ponte de Lima	Mamoa 3 da Boalhosa	Mamoa		megalithic_mound	P0	auto_seeded_requires_visual_verification	provisional_geometry_created	exclude_until_visual_raster_verification	45.0	DGPC Portal do Arqueólogo Sitios_Arqueologicos	110180	17862
neg-es-pba-1016	review-neg-1181		negative	ES	A Coruña	A Baña	Mámoa do Campo do Pozo			megalithic_mound	P0	auto_seeded_requires_visual_verification	provisional_geometry_created	exclude_until_visual_raster_verification	45.0	Xunta PBA Catálogo. Elementos (xuño 2026)	1016	GA15007011
neg-es-pba-31062	review-neg-1183		negative	ES	Lugo	A Fonsagrada	Medorra das Peneliñas 10	Túmulo		megalithic_mound	P0	auto_seeded_requires_visual_verification	provisional_geometry_created	exclude_until_visual_raster_verification	45.0	Xunta PBA Catálogo. Elementos (xuño 2026)	31062	GA27018191
neg-es-pba-45361	review-neg-1186		negative	ES	Ourense	Avión	Mámoa do Coto dos Mouros 4			megalithic_mound	P0	auto_seeded_requires_visual_verification	provisional_geometry_created	exclude_until_visual_raster_verification	45.0	Xunta PBA Catálogo. Elementos (xuño 2026)	45361	GA32004031
neg-es-pba-63413	review-neg-1188		negative	ES	Pontevedra	A Cañiza	Mámoa do Alto de Fontefría 02	Túmulo		megalithic_mound	P0	auto_seeded_requires_visual_verification	provisional_geometry_created	exclude_until_visual_raster_verification	45.0	Xunta PBA Catálogo. Elementos (xuño 2026)	63413	GA36009011
neg-pt-dgpc-109621	review-neg-1191		negative	PT	Braga	Vila Verde	Mamoa 3 de Bustelo	Mamoa		megalithic_mound	P0	auto_seeded_requires_visual_verification	provisional_geometry_created	exclude_until_visual_raster_verification	45.0	DGPC Portal do Arqueólogo Sitios_Arqueologicos	109621	16510
neg-pt-dgpc-110172	review-neg-1193		negative	PT	Viana do Castelo	Ponte de Lima	Mamoa 4 da Boalhosa	Mamoa		megalithic_mound	P0	auto_seeded_requires_visual_verification	provisional_geometry_created	exclude_until_visual_raster_verification	45.0	DGPC Portal do Arqueólogo Sitios_Arqueologicos	110172	17863
neg-es-pba-1018	review-neg-1194		negative	ES	A Coruña	A Baña	Mámoa do Cotón Grande 1			megalithic_mound	P0	auto_seeded_requires_visual_verification	provisional_geometry_created	exclude_until_visual_raster_verification	45.0	Xunta PBA Catálogo. Elementos (xuño 2026)	1018	GA15007021
neg-es-pba-31063	review-neg-1196		negative	ES	Lugo	A Fonsagrada	Medorra das Peneliñas 11	Túmulo		megalithic_mound	P0	auto_seeded_requires_visual_verification	provisional_geometry_created	exclude_until_visual_raster_verification	45.0	Xunta PBA Catálogo. Elementos (xuño 2026)	31063	GA27018192
neg-es-pba-45388	review-neg-1199		negative	ES	Ourense	Avión	Mámoa do Espurriñeiro 1			megalithic_mound	P0	auto_seeded_requires_visual_verification	provisional_geometry_created	exclude_until_visual_raster_verification	45.0	Xunta PBA Catálogo. Elementos (xuño 2026)	45388	GA32004022
