{
  "type": "FeatureCollection",
  "name": "control_set_v1_tile_windows_512m",
  "crs": {
    "type": "name",
    "properties": {
      "name": "EPSG:4326"
    }
  },
  "features": [
    {
      "type": "Feature",
      "geometry": {
        "type": "Polygon",
        "coordinates": [
          [
            [
              -8.858539219525378,
              43.31729619936862
            ],
            [
              -8.85221741609257,
              43.31729619936862
            ],
            [
              -8.85221741609257,
              43.32189555258457
            ],
            [
              -8.858539219525378,
              43.32189555258457
            ],
            [
              -8.858539219525378,
              43.31729619936862
            ]
          ]
        ]
      },
      "properties": {
        "bank_id": "pos-es-pba-12763",
        "review_seed_id": "review-pos-0003",
        "control_set_id": "control-v1-0041",
        "review_role": "positive",
        "class_hint": "castro_candidate",
        "country": "ES",
        "region": "Galicia",
        "province_or_district": "A Coruña",
        "municipality": "Malpica de Bergantiños",
        "parish": "Vilanova de Santiso (San Tirso)",
        "place": "Esteiro",
        "name": "Castro de Entretorres/Castro de Punta Galeana",
        "source": "Xunta PBA Catálogo. Elementos (xuño 2026)",
        "source_quality": "official_catalogue_seed",
        "source_record_id": "12763",
        "source_code": "GA15043008",
        "typology": "Castro",
        "generic_type": "-",
        "periods": "",
        "positive_confidence": "high_official_typology",
        "morphology_proxy": "coastal_promontory_hint",
        "negative_type": "",
        "review_priority": "P0",
        "original_training_use": "positive_seed_requires_qgis_boundary_review",
        "auto_review_status": "auto_seeded_requires_visual_verification",
        "auto_decision": "selected_for_control_set_v1",
        "training_use": "exclude_until_visual_raster_verification",
        "generated_at": "2026-08-01T00:00:00Z",
        "proposed_radius_m": "150.0",
        "tile_side_m": "512",
        "tile_status": "orthophoto_thumbnail_window"
      }
    },
    {
      "type": "Feature",
      "geometry": {
        "type": "Polygon",
        "coordinates": [
          [
            [
              -8.930602630319976,
              42.63059703913084
            ],
            [
              -8.924351031680837,
              42.63059703913084
            ],
            [
              -8.924351031680837,
              42.63519639234679
            ],
            [
              -8.930602630319976,
              42.63519639234679
            ],
            [
              -8.930602630319976,
              42.63059703913084
            ]
          ]
        ]
      },
      "properties": {
        "bank_id": "pos-es-pba-17047",
        "review_seed_id": "review-pos-0004",
        "control_set_id": "control-v1-0025",
        "review_role": "positive",
        "class_hint": "castro_candidate",
        "country": "ES",
        "region": "Galicia",
        "province_or_district": "A Coruña",
        "municipality": "A Pobra do Caramiñal",
        "parish": "Posmarcos (Santo Isidro)",
        "place": "Pumadiño, O",
        "name": "A Croa do Castro/A Croa de Posmarcos",
        "source": "Xunta PBA Catálogo. Elementos (xuño 2026)",
        "source_quality": "official_catalogue_seed",
        "source_record_id": "17047",
        "source_code": "GA15067001",
        "typology": "",
        "generic_type": "-",
        "periods": "",
        "positive_confidence": "medium_official_name_or_type",
        "morphology_proxy": "coastal_promontory_hint",
        "negative_type": "",
        "review_priority": "P0",
        "original_training_use": "positive_seed_requires_qgis_boundary_review",
        "auto_review_status": "auto_seeded_requires_visual_verification",
        "auto_decision": "selected_for_control_set_v1",
        "training_use": "exclude_until_visual_raster_verification",
        "generated_at": "2026-08-01T00:00:00Z",
        "proposed_radius_m": "150.0",
        "tile_side_m": "512",
        "tile_status": "orthophoto_thumbnail_window"
      }
    },
    {
      "type": "Feature",
      "geometry": {
        "type": "Polygon",
        "coordinates": [
          [
            [
              -8.445921287300461,
              43.232675242405534
            ],
            [
              -8.439608269293899,
              43.232675242405534
            ],
            [
              -8.439608269293899,
              43.237274595621486
            ],
            [
              -8.445921287300461,
              43.237274595621486
            ],
            [
              -8.445921287300461,
              43.232675242405534
            ]
          ]
        ]
      },
      "properties": {
        "bank_id": "pos-es-pba-11227",
        "review_seed_id": "review-pos-0007",
        "control_set_id": "control-v1-0063",
        "review_role": "positive",
        "class_hint": "castro_candidate",
        "country": "ES",
        "region": "Galicia",
        "province_or_district": "A Coruña",
        "municipality": "A Laracha",
        "parish": "Soandres (San Pedro)",
        "place": "Revolta, A",
        "name": "Castro de Refoxo/Castro de Cerqueira",
        "source": "Xunta PBA Catálogo. Elementos (xuño 2026)",
        "source_quality": "official_catalogue_seed",
        "source_record_id": "11227",
        "source_code": "GA15041014",
        "typology": "",
        "generic_type": "-",
        "periods": "",
        "positive_confidence": "medium_official_name_or_type",
        "morphology_proxy": "earthwork_or_wall_hint",
        "negative_type": "",
        "review_priority": "P0",
        "original_training_use": "positive_seed_requires_qgis_boundary_review",
        "auto_review_status": "auto_seeded_requires_visual_verification",
        "auto_decision": "selected_for_control_set_v1",
        "training_use": "exclude_until_visual_raster_verification",
        "generated_at": "2026-08-01T00:00:00Z",
        "proposed_radius_m": "130.0",
        "tile_side_m": "512",
        "tile_status": "orthophoto_thumbnail_window"
      }
    },
    {
      "type": "Feature",
      "geometry": {
        "type": "Polygon",
        "coordinates": [
          [
            [
              -9.062083640973622,
              43.058674264809916
            ],
            [
              -9.055788568357737,
              43.058674264809916
            ],
            [
              -9.055788568357737,
              43.06327361802587
            ],
            [
              -9.062083640973622,
              43.06327361802587
            ],
            [
              -9.062083640973622,
              43.058674264809916
            ]
          ]
        ]
      },
      "properties": {
        "bank_id": "pos-es-pba-25736",
        "review_seed_id": "review-pos-0012",
        "control_set_id": "control-v1-0001",
        "review_role": "positive",
        "class_hint": "castro_candidate",
        "country": "ES",
        "region": "Galicia",
        "province_or_district": "A Coruña",
        "municipality": "Vimianzo",
        "parish": "Castrelo (San Martiño)",
        "place": "Lavandeira",
        "name": "Igrexa Vella (Citania de Vilaseco)/Castro de Lavandeira",
        "source": "Xunta PBA Catálogo. Elementos (xuño 2026)",
        "source_quality": "official_catalogue_seed",
        "source_record_id": "25736",
        "source_code": "GA15092020",
        "typology": "",
        "generic_type": "-",
        "periods": "",
        "positive_confidence": "medium_official_name_or_type",
        "morphology_proxy": "large_castrexo_civitas_hint",
        "negative_type": "",
        "review_priority": "P0",
        "original_training_use": "positive_seed_requires_qgis_boundary_review",
        "auto_review_status": "auto_seeded_requires_visual_verification",
        "auto_decision": "selected_for_control_set_v1",
        "training_use": "exclude_until_visual_raster_verification",
        "generated_at": "2026-08-01T00:00:00Z",
        "proposed_radius_m": "180.0",
        "tile_side_m": "512",
        "tile_status": "orthophoto_thumbnail_window"
      }
    },
    {
      "type": "Feature",
      "geometry": {
        "type": "Polygon",
        "coordinates": [
          [
            [
              -7.038618392852382,
              43.04848028823934
            ],
            [
              -7.032324366619329,
              43.04848028823934
            ],
            [
              -7.032324366619329,
              43.05307964145529
            ],
            [
              -7.038618392852382,
              43.05307964145529
            ],
            [
              -7.038618392852382,
              43.04848028823934
            ]
          ]
        ]
      },
      "properties": {
        "bank_id": "pos-es-pba-30753",
        "review_seed_id": "review-pos-0017",
        "control_set_id": "control-v1-0051",
        "review_role": "positive",
        "class_hint": "castro_candidate",
        "country": "ES",
        "region": "Galicia",
        "province_or_district": "Lugo",
        "municipality": "A Fonsagrada",
        "parish": "San Martín de Arroxo (San Martín)",
        "place": "Castro de Arroxo",
        "name": "Castro de Marful",
        "source": "Xunta PBA Catálogo. Elementos (xuño 2026)",
        "source_quality": "official_catalogue_seed",
        "source_record_id": "30753",
        "source_code": "GA27018159",
        "typology": "Castro",
        "generic_type": "-",
        "periods": "",
        "positive_confidence": "high_official_typology",
        "morphology_proxy": "coastal_promontory_hint",
        "negative_type": "",
        "review_priority": "P0",
        "original_training_use": "positive_seed_requires_qgis_boundary_review",
        "auto_review_status": "auto_seeded_requires_visual_verification",
        "auto_decision": "selected_for_control_set_v1",
        "training_use": "exclude_until_visual_raster_verification",
        "generated_at": "2026-08-01T00:00:00Z",
        "proposed_radius_m": "150.0",
        "tile_side_m": "512",
        "tile_status": "orthophoto_thumbnail_window"
      }
    },
    {
      "type": "Feature",
      "geometry": {
        "type": "Polygon",
        "coordinates": [
          [
            [
              -7.7668660611671925,
              42.59535273131135
            ],
            [
              -7.760617999575981,
              42.59535273131135
            ],
            [
              -7.760617999575981,
              42.5999520845273
            ],
            [
              -7.7668660611671925,
              42.5999520845273
            ],
            [
              -7.7668660611671925,
              42.59535273131135
            ]
          ]
        ]
      },
      "properties": {
        "bank_id": "pos-es-pba-29296",
        "review_seed_id": "review-pos-0021",
        "control_set_id": "control-v1-0071",
        "review_role": "positive",
        "class_hint": "castro_candidate",
        "country": "ES",
        "region": "Galicia",
        "province_or_district": "Lugo",
        "municipality": "Chantada",
        "parish": "San Salvador de Asma (San Salvador)",
        "place": "Santo Estevo",
        "name": "Os Castros",
        "source": "Xunta PBA Catálogo. Elementos (xuño 2026)",
        "source_quality": "official_catalogue_seed",
        "source_record_id": "29296",
        "source_code": "GA27016047",
        "typology": "Asentamento fortificado/defensivo",
        "generic_type": "-",
        "periods": "",
        "positive_confidence": "medium_official_name_or_type",
        "morphology_proxy": "earthwork_or_wall_hint",
        "negative_type": "",
        "review_priority": "P0",
        "original_training_use": "positive_seed_requires_qgis_boundary_review",
        "auto_review_status": "auto_seeded_requires_visual_verification",
        "auto_decision": "selected_for_control_set_v1",
        "training_use": "exclude_until_visual_raster_verification",
        "generated_at": "2026-08-01T00:00:00Z",
        "proposed_radius_m": "130.0",
        "tile_side_m": "512",
        "tile_status": "orthophoto_thumbnail_window"
      }
    },
    {
      "type": "Feature",
      "geometry": {
        "type": "Polygon",
        "coordinates": [
          [
            [
              -7.617218070828695,
              42.388887944804864
            ],
            [
              -7.61099060227402,
              42.388887944804864
            ],
            [
              -7.61099060227402,
              42.393487298020816
            ],
            [
              -7.617218070828695,
              42.393487298020816
            ],
            [
              -7.617218070828695,
              42.388887944804864
            ]
          ]
        ]
      },
      "properties": {
        "bank_id": "pos-es-pba-41533",
        "review_seed_id": "review-pos-0026",
        "control_set_id": "control-v1-0002",
        "review_role": "positive",
        "class_hint": "castro_candidate",
        "country": "ES",
        "region": "Galicia",
        "province_or_district": "Lugo",
        "municipality": "Sober",
        "parish": "Bolmente (Santa María)",
        "place": "Miradoiro do Cotarro 1",
        "name": "Castro da Cividade",
        "source": "Xunta PBA Catálogo. Elementos (xuño 2026)",
        "source_quality": "official_catalogue_seed",
        "source_record_id": "41533",
        "source_code": "GA27059047",
        "typology": "Castro",
        "generic_type": "-",
        "periods": "",
        "positive_confidence": "high_official_typology",
        "morphology_proxy": "large_castrexo_civitas_hint",
        "negative_type": "",
        "review_priority": "P0",
        "original_training_use": "positive_seed_requires_qgis_boundary_review",
        "auto_review_status": "auto_seeded_requires_visual_verification",
        "auto_decision": "selected_for_control_set_v1",
        "training_use": "exclude_until_visual_raster_verification",
        "generated_at": "2026-08-01T00:00:00Z",
        "proposed_radius_m": "180.0",
        "tile_side_m": "512",
        "tile_status": "orthophoto_thumbnail_window"
      }
    },
    {
      "type": "Feature",
      "geometry": {
        "type": "Polygon",
        "coordinates": [
          [
            [
              -8.191620917963762,
              42.42477905481585
            ],
            [
              -8.18538988514751,
              42.42477905481585
            ],
            [
              -8.18538988514751,
              42.4293784080318
            ],
            [
              -8.191620917963762,
              42.4293784080318
            ],
            [
              -8.191620917963762,
              42.42477905481585
            ]
          ]
        ]
      },
      "properties": {
        "bank_id": "pos-es-pba-45973",
        "review_seed_id": "review-pos-0034",
        "control_set_id": "control-v1-0074",
        "review_role": "positive",
        "class_hint": "castro_candidate",
        "country": "ES",
        "region": "Galicia",
        "province_or_district": "Ourense",
        "municipality": "Boborás",
        "parish": "Feás (Santo Antón)",
        "place": "Vilachá",
        "name": "Castro de Meimón",
        "source": "Xunta PBA Catálogo. Elementos (xuño 2026)",
        "source_quality": "official_catalogue_seed",
        "source_record_id": "45973",
        "source_code": "GA32013050",
        "typology": "Asentamento fortificado/defensivo",
        "generic_type": "-",
        "periods": "",
        "positive_confidence": "medium_official_name_or_type",
        "morphology_proxy": "earthwork_or_wall_hint",
        "negative_type": "",
        "review_priority": "P0",
        "original_training_use": "positive_seed_requires_qgis_boundary_review",
        "auto_review_status": "auto_seeded_requires_visual_verification",
        "auto_decision": "selected_for_control_set_v1",
        "training_use": "exclude_until_visual_raster_verification",
        "generated_at": "2026-08-01T00:00:00Z",
        "proposed_radius_m": "130.0",
        "tile_side_m": "512",
        "tile_status": "orthophoto_thumbnail_window"
      }
    },
    {
      "type": "Feature",
      "geometry": {
        "type": "Polygon",
        "coordinates": [
          [
            [
              -7.4962603163866515,
              41.91458583850243
            ],
            [
              -7.490079342908116,
              41.91458583850243
            ],
            [
              -7.490079342908116,
              41.919185191718384
            ],
            [
              -7.4962603163866515,
              41.919185191718384
            ],
            [
              -7.4962603163866515,
              41.91458583850243
            ]
          ]
        ]
      },
      "properties": {
        "bank_id": "pos-es-pba-52266",
        "review_seed_id": "review-pos-0039",
        "control_set_id": "control-v1-0003",
        "review_role": "positive",
        "class_hint": "castro_candidate",
        "country": "ES",
        "region": "Galicia",
        "province_or_district": "Ourense",
        "municipality": "Monterrei",
        "parish": "Oímbra (Santa María)",
        "place": "Vilaza",
        "name": "Castelo das Chás/Citania das Laxes das Chás/A Cerca/Castro de Lobarz n",
        "source": "Xunta PBA Catálogo. Elementos (xuño 2026)",
        "source_quality": "official_catalogue_seed",
        "source_record_id": "52266",
        "source_code": "GA32053009",
        "typology": "",
        "generic_type": "-",
        "periods": "",
        "positive_confidence": "medium_official_name_or_type",
        "morphology_proxy": "large_castrexo_civitas_hint",
        "negative_type": "",
        "review_priority": "P0",
        "original_training_use": "positive_seed_requires_qgis_boundary_review",
        "auto_review_status": "auto_seeded_requires_visual_verification",
        "auto_decision": "selected_for_control_set_v1",
        "training_use": "exclude_until_visual_raster_verification",
        "generated_at": "2026-08-01T00:00:00Z",
        "proposed_radius_m": "180.0",
        "tile_side_m": "512",
        "tile_status": "orthophoto_thumbnail_window"
      }
    },
    {
      "type": "Feature",
      "geometry": {
        "type": "Polygon",
        "coordinates": [
          [
            [
              -8.678168629261352,
              42.70158063923479
            ],
            [
              -8.671909887486999,
              42.70158063923479
            ],
            [
              -8.671909887486999,
              42.70617999245074
            ],
            [
              -8.678168629261352,
              42.70617999245074
            ],
            [
              -8.678168629261352,
              42.70158063923479
            ]
          ]
        ]
      },
      "properties": {
        "bank_id": "pos-es-pba-73573",
        "review_seed_id": "review-pos-0048",
        "control_set_id": "control-v1-0076",
        "review_role": "positive",
        "class_hint": "castro_candidate",
        "country": "ES",
        "region": "Galicia",
        "province_or_district": "Pontevedra",
        "municipality": "Valga",
        "parish": "Cordeiro (Santa Comba)",
        "place": "Casanova, A",
        "name": "Castroverde/O Foxo/Camiño Real",
        "source": "Xunta PBA Catálogo. Elementos (xuño 2026)",
        "source_quality": "official_catalogue_seed",
        "source_record_id": "73573",
        "source_code": "TO36056003",
        "typology": "Topónimo",
        "generic_type": "-",
        "periods": "",
        "positive_confidence": "medium_official_name_or_type",
        "morphology_proxy": "earthwork_or_wall_hint",
        "negative_type": "",
        "review_priority": "P0",
        "original_training_use": "positive_seed_requires_qgis_boundary_review",
        "auto_review_status": "auto_seeded_requires_visual_verification",
        "auto_decision": "selected_for_control_set_v1",
        "training_use": "exclude_until_visual_raster_verification",
        "generated_at": "2026-08-01T00:00:00Z",
        "proposed_radius_m": "130.0",
        "tile_side_m": "512",
        "tile_status": "orthophoto_thumbnail_window"
      }
    },
    {
      "type": "Feature",
      "geometry": {
        "type": "Polygon",
        "coordinates": [
          [
            [
              -8.603240759331223,
              42.220640049314774
            ],
            [
              -8.59702991243787,
              42.220640049314774
            ],
            [
              -8.59702991243787,
              42.225239402530725
            ],
            [
              -8.603240759331223,
              42.225239402530725
            ],
            [
              -8.603240759331223,
              42.220640049314774
            ]
          ]
        ]
      },
      "properties": {
        "bank_id": "pos-es-pba-67838",
        "review_seed_id": "review-pos-0054",
        "control_set_id": "control-v1-0004",
        "review_role": "positive",
        "class_hint": "castro_candidate",
        "country": "ES",
        "region": "Galicia",
        "province_or_district": "Pontevedra",
        "municipality": "Mos",
        "parish": "Louredo (San Salvador)",
        "place": "Enxertado, O",
        "name": "Castro da Cividade/A Cidá",
        "source": "Xunta PBA Catálogo. Elementos (xuño 2026)",
        "source_quality": "official_catalogue_seed",
        "source_record_id": "67838",
        "source_code": "GA36033020",
        "typology": "Castro",
        "generic_type": "-",
        "periods": "",
        "positive_confidence": "high_official_typology",
        "morphology_proxy": "large_castrexo_civitas_hint",
        "negative_type": "",
        "review_priority": "P0",
        "original_training_use": "positive_seed_requires_qgis_boundary_review",
        "auto_review_status": "auto_seeded_requires_visual_verification",
        "auto_decision": "selected_for_control_set_v1",
        "training_use": "exclude_until_visual_raster_verification",
        "generated_at": "2026-08-01T00:00:00Z",
        "proposed_radius_m": "180.0",
        "tile_side_m": "512",
        "tile_status": "orthophoto_thumbnail_window"
      }
    },
    {
      "type": "Feature",
      "geometry": {
        "type": "Polygon",
        "coordinates": [
          [
            [
              -8.377589431210433,
              41.64252408000086
            ],
            [
              -8.371434626171515,
              41.64252408000086
            ],
            [
              -8.371434626171515,
              41.64712343321681
            ],
            [
              -8.377589431210433,
              41.64712343321681
            ],
            [
              -8.377589431210433,
              41.64252408000086
            ]
          ]
        ]
      },
      "properties": {
        "bank_id": "pos-pt-dgpc-109754",
        "review_seed_id": "review-pos-0058",
        "control_set_id": "control-v1-0077",
        "review_role": "positive",
        "class_hint": "castro_candidate",
        "country": "PT",
        "region": "Norte de Portugal",
        "province_or_district": "Braga",
        "municipality": "Amares",
        "parish": "Ferreiros, Prozelo e Besteiros",
        "place": "",
        "name": "Besteiros/ Castro do Gerês",
        "source": "DGPC Portal do Arqueólogo Sitios_Arqueologicos",
        "source_quality": "official_catalogue_seed",
        "source_record_id": "109754",
        "source_code": "36154",
        "typology": "Povoado Fortificado",
        "generic_type": "",
        "periods": "Indeterminado;",
        "positive_confidence": "medium_official_name_or_type",
        "morphology_proxy": "earthwork_or_wall_hint",
        "negative_type": "",
        "review_priority": "P0",
        "original_training_use": "positive_seed_requires_qgis_boundary_review",
        "auto_review_status": "auto_seeded_requires_visual_verification",
        "auto_decision": "selected_for_control_set_v1",
        "training_use": "exclude_until_visual_raster_verification",
        "generated_at": "2026-08-01T00:00:00Z",
        "proposed_radius_m": "130.0",
        "tile_side_m": "512",
        "tile_status": "orthophoto_thumbnail_window"
      }
    },
    {
      "type": "Feature",
      "geometry": {
        "type": "Polygon",
        "coordinates": [
          [
            [
              -8.587636912820473,
              41.45377143369867
            ],
            [
              -8.581500052242253,
              41.45377143369867
            ],
            [
              -8.581500052242253,
              41.45837078691462
            ],
            [
              -8.587636912820473,
              41.45837078691462
            ],
            [
              -8.587636912820473,
              41.45377143369867
            ]
          ]
        ]
      },
      "properties": {
        "bank_id": "pos-pt-dgpc-107359",
        "review_seed_id": "review-pos-0061",
        "control_set_id": "control-v1-0006",
        "review_role": "positive",
        "class_hint": "castro_candidate",
        "country": "PT",
        "region": "Norte de Portugal",
        "province_or_district": "Braga",
        "municipality": "Barcelos",
        "parish": "Negreiros e Chavão",
        "place": "",
        "name": "Monte da Saia / Cidade da Citânia / Monte de Fralães",
        "source": "DGPC Portal do Arqueólogo Sitios_Arqueologicos",
        "source_quality": "official_catalogue_seed",
        "source_record_id": "107359",
        "source_code": "298",
        "typology": "Povoado Fortificado",
        "generic_type": "",
        "periods": "Romano;Idade do Ferro;",
        "positive_confidence": "medium_official_name_or_type",
        "morphology_proxy": "large_castrexo_civitas_hint",
        "negative_type": "",
        "review_priority": "P0",
        "original_training_use": "positive_seed_requires_qgis_boundary_review",
        "auto_review_status": "auto_seeded_requires_visual_verification",
        "auto_decision": "selected_for_control_set_v1",
        "training_use": "exclude_until_visual_raster_verification",
        "generated_at": "2026-08-01T00:00:00Z",
        "proposed_radius_m": "180.0",
        "tile_side_m": "512",
        "tile_status": "orthophoto_thumbnail_window"
      }
    },
    {
      "type": "Feature",
      "geometry": {
        "type": "Polygon",
        "coordinates": [
          [
            [
              -7.040945037221051,
              41.3197992055108
            ],
            [
              -7.034820809608594,
              41.3197992055108
            ],
            [
              -7.034820809608594,
              41.32439855872675
            ],
            [
              -7.040945037221051,
              41.32439855872675
            ],
            [
              -7.040945037221051,
              41.3197992055108
            ]
          ]
        ]
      },
      "properties": {
        "bank_id": "pos-pt-dgpc-106410",
        "review_seed_id": "review-pos-0063",
        "control_set_id": "control-v1-0088",
        "review_role": "positive",
        "class_hint": "castro_candidate",
        "country": "PT",
        "region": "Norte de Portugal",
        "province_or_district": "Bragança",
        "municipality": "Alfândega da Fé",
        "parish": "Eucisia, Gouveia e Valverde",
        "place": "",
        "name": "Castro de Santa Justa",
        "source": "DGPC Portal do Arqueólogo Sitios_Arqueologicos",
        "source_quality": "official_catalogue_seed",
        "source_record_id": "106410",
        "source_code": "11434",
        "typology": "Povoado Fortificado",
        "generic_type": "",
        "periods": "Calcolítico;Idade do Ferro;Idade Média;",
        "positive_confidence": "medium_official_name_or_type",
        "morphology_proxy": "earthwork_or_wall_hint",
        "negative_type": "",
        "review_priority": "P0",
        "original_training_use": "positive_seed_requires_qgis_boundary_review",
        "auto_review_status": "auto_seeded_requires_visual_verification",
        "auto_decision": "selected_for_control_set_v1",
        "training_use": "exclude_until_visual_raster_verification",
        "generated_at": "2026-08-01T00:00:00Z",
        "proposed_radius_m": "130.0",
        "tile_side_m": "512",
        "tile_status": "orthophoto_thumbnail_window"
      }
    },
    {
      "type": "Feature",
      "geometry": {
        "type": "Polygon",
        "coordinates": [
          [
            [
              -8.015053426243774,
              41.26434345755333
            ],
            [
              -8.008934402868142,
              41.26434345755333
            ],
            [
              -8.008934402868142,
              41.26894281076928
            ],
            [
              -8.015053426243774,
              41.26894281076928
            ],
            [
              -8.015053426243774,
              41.26434345755333
            ]
          ]
        ]
      },
      "properties": {
        "bank_id": "pos-pt-dgpc-105058",
        "review_seed_id": "review-pos-0067",
        "control_set_id": "control-v1-0096",
        "review_role": "positive",
        "class_hint": "castro_candidate",
        "country": "PT",
        "region": "Norte de Portugal",
        "province_or_district": "Porto",
        "municipality": "Amarante",
        "parish": "Aboadela, Sanche e Várzea",
        "place": "",
        "name": "Castro de Paredes",
        "source": "DGPC Portal do Arqueólogo Sitios_Arqueologicos",
        "source_quality": "official_catalogue_seed",
        "source_record_id": "105058",
        "source_code": "20926",
        "typology": "Povoado Fortificado",
        "generic_type": "",
        "periods": "Idade do Ferro;",
        "positive_confidence": "medium_official_name_or_type",
        "morphology_proxy": "earthwork_or_wall_hint",
        "negative_type": "",
        "review_priority": "P0",
        "original_training_use": "positive_seed_requires_qgis_boundary_review",
        "auto_review_status": "auto_seeded_requires_visual_verification",
        "auto_decision": "selected_for_control_set_v1",
        "training_use": "exclude_until_visual_raster_verification",
        "generated_at": "2026-08-01T00:00:00Z",
        "proposed_radius_m": "130.0",
        "tile_side_m": "512",
        "tile_status": "orthophoto_thumbnail_window"
      }
    },
    {
      "type": "Feature",
      "geometry": {
        "type": "Polygon",
        "coordinates": [
          [
            [
              -8.389396355689627,
              41.32085201361927
            ],
            [
              -8.383272029135405,
              41.32085201361927
            ],
            [
              -8.383272029135405,
              41.325451366835225
            ],
            [
              -8.389396355689627,
              41.325451366835225
            ],
            [
              -8.389396355689627,
              41.32085201361927
            ]
          ]
        ]
      },
      "properties": {
        "bank_id": "pos-pt-dgpc-106425",
        "review_seed_id": "review-pos-0070",
        "control_set_id": "control-v1-0013",
        "review_role": "positive",
        "class_hint": "castro_candidate",
        "country": "PT",
        "region": "Norte de Portugal",
        "province_or_district": "Porto",
        "municipality": "Paços de Ferreira",
        "parish": "Sanfins de Ferreira, Lamoso, Codessos",
        "place": "",
        "name": "Citânia de Sanfins",
        "source": "DGPC Portal do Arqueólogo Sitios_Arqueologicos",
        "source_quality": "official_catalogue_seed",
        "source_record_id": "106425",
        "source_code": "6",
        "typology": "Povoado Fortificado",
        "generic_type": "Capela;Necrópole;",
        "periods": "Idade do Ferro;Medieval Cristão;Romano;",
        "positive_confidence": "medium_official_name_or_type",
        "morphology_proxy": "large_castrexo_civitas_hint",
        "negative_type": "",
        "review_priority": "P0",
        "original_training_use": "positive_seed_requires_qgis_boundary_review",
        "auto_review_status": "auto_seeded_requires_visual_verification",
        "auto_decision": "selected_for_control_set_v1",
        "training_use": "exclude_until_visual_raster_verification",
        "generated_at": "2026-08-01T00:00:00Z",
        "proposed_radius_m": "180.0",
        "tile_side_m": "512",
        "tile_status": "orthophoto_thumbnail_window"
      }
    },
    {
      "type": "Feature",
      "geometry": {
        "type": "Polygon",
        "coordinates": [
          [
            [
              -8.640308341468787,
              41.91335583674975
            ],
            [
              -8.63412748711355,
              41.91335583674975
            ],
            [
              -8.63412748711355,
              41.9179551899657
            ],
            [
              -8.640308341468787,
              41.9179551899657
            ],
            [
              -8.640308341468787,
              41.91335583674975
            ]
          ]
        ]
      },
      "properties": {
        "bank_id": "pos-pt-dgpc-108405",
        "review_seed_id": "review-pos-0075",
        "control_set_id": "control-v1-0016",
        "review_role": "positive",
        "class_hint": "castro_candidate",
        "country": "PT",
        "region": "Norte de Portugal",
        "province_or_district": "Viana do Castelo",
        "municipality": "Paredes de Coura",
        "parish": "Cossourado e Linhares",
        "place": "",
        "name": "Cividade de Cossourado",
        "source": "DGPC Portal do Arqueólogo Sitios_Arqueologicos",
        "source_quality": "official_catalogue_seed",
        "source_record_id": "108405",
        "source_code": "3628",
        "typology": "Povoado Fortificado",
        "generic_type": "",
        "periods": "Idade do Ferro;",
        "positive_confidence": "medium_official_name_or_type",
        "morphology_proxy": "large_castrexo_civitas_hint",
        "negative_type": "",
        "review_priority": "P0",
        "original_training_use": "positive_seed_requires_qgis_boundary_review",
        "auto_review_status": "auto_seeded_requires_visual_verification",
        "auto_decision": "selected_for_control_set_v1",
        "training_use": "exclude_until_visual_raster_verification",
        "generated_at": "2026-08-01T00:00:00Z",
        "proposed_radius_m": "180.0",
        "tile_side_m": "512",
        "tile_status": "orthophoto_thumbnail_window"
      }
    },
    {
      "type": "Feature",
      "geometry": {
        "type": "Polygon",
        "coordinates": [
          [
            [
              -7.412169899686246,
              41.639353710352246
            ],
            [
              -7.406015397468629,
              41.639353710352246
            ],
            [
              -7.406015397468629,
              41.6439530635682
            ],
            [
              -7.412169899686246,
              41.6439530635682
            ],
            [
              -7.412169899686246,
              41.639353710352246
            ]
          ]
        ]
      },
      "properties": {
        "bank_id": "pos-pt-dgpc-109702",
        "review_seed_id": "review-pos-0081",
        "control_set_id": "control-v1-0019",
        "review_role": "positive",
        "class_hint": "castro_candidate",
        "country": "PT",
        "region": "Norte de Portugal",
        "province_or_district": "Vila Real",
        "municipality": "Valpaços",
        "parish": "Friões",
        "place": "",
        "name": "Castro de Vilanova/Alto da Cividade",
        "source": "DGPC Portal do Arqueólogo Sitios_Arqueologicos",
        "source_quality": "official_catalogue_seed",
        "source_record_id": "109702",
        "source_code": "4152",
        "typology": "Povoado Fortificado",
        "generic_type": "",
        "periods": "Idade do Ferro;Idade Média;",
        "positive_confidence": "medium_official_name_or_type",
        "morphology_proxy": "large_castrexo_civitas_hint",
        "negative_type": "",
        "review_priority": "P0",
        "original_training_use": "positive_seed_requires_qgis_boundary_review",
        "auto_review_status": "auto_seeded_requires_visual_verification",
        "auto_decision": "selected_for_control_set_v1",
        "training_use": "exclude_until_visual_raster_verification",
        "generated_at": "2026-08-01T00:00:00Z",
        "proposed_radius_m": "180.0",
        "tile_side_m": "512",
        "tile_status": "orthophoto_thumbnail_window"
      }
    },
    {
      "type": "Feature",
      "geometry": {
        "type": "Polygon",
        "coordinates": [
          [
            [
              -8.807539228533546,
              42.93741970051278
            ],
            [
              -8.801256566986243,
              42.93741970051278
            ],
            [
              -8.801256566986243,
              42.94201905372873
            ],
            [
              -8.807539228533546,
              42.94201905372873
            ],
            [
              -8.807539228533546,
              42.93741970051278
            ]
          ]
        ]
      },
      "properties": {
        "bank_id": "pos-es-pba-14227",
        "review_seed_id": "review-pos-0083",
        "control_set_id": "control-v1-0045",
        "review_role": "positive",
        "class_hint": "castro_candidate",
        "country": "ES",
        "region": "Galicia",
        "province_or_district": "A Coruña",
        "municipality": "Negreira",
        "parish": "Ordoeste (Santa María)",
        "place": "Guimaráns",
        "name": "Castro de Guimaráns/Alto dos Castros",
        "source": "Xunta PBA Catálogo. Elementos (xuño 2026)",
        "source_quality": "official_catalogue_seed",
        "source_record_id": "14227",
        "source_code": "GA15007048",
        "typology": "Castro",
        "generic_type": "-",
        "periods": "",
        "positive_confidence": "high_official_typology",
        "morphology_proxy": "coastal_promontory_hint",
        "negative_type": "",
        "review_priority": "P0",
        "original_training_use": "positive_seed_requires_qgis_boundary_review",
        "auto_review_status": "auto_seeded_requires_visual_verification",
        "auto_decision": "selected_for_control_set_v1",
        "training_use": "exclude_until_visual_raster_verification",
        "generated_at": "2026-08-01T00:00:00Z",
        "proposed_radius_m": "150.0",
        "tile_side_m": "512",
        "tile_status": "orthophoto_thumbnail_window"
      }
    },
    {
      "type": "Feature",
      "geometry": {
        "type": "Polygon",
        "coordinates": [
          [
            [
              -8.640074874261364,
              42.90555396945434
            ],
            [
              -8.633795461567983,
              42.90555396945434
            ],
            [
              -8.633795461567983,
              42.91015332267029
            ],
            [
              -8.640074874261364,
              42.91015332267029
            ],
            [
              -8.640074874261364,
              42.90555396945434
            ]
          ]
        ]
      },
      "properties": {
        "bank_id": "pos-es-pba-687",
        "review_seed_id": "review-pos-0084",
        "control_set_id": "control-v1-0026",
        "review_role": "positive",
        "class_hint": "castro_candidate",
        "country": "ES",
        "region": "Galicia",
        "province_or_district": "A Coruña",
        "municipality": "Ames",
        "parish": "Ameixenda (Santa María)",
        "place": "Vilar, O",
        "name": "Castro da ermida de San Marcos",
        "source": "Xunta PBA Catálogo. Elementos (xuño 2026)",
        "source_quality": "official_catalogue_seed",
        "source_record_id": "687",
        "source_code": "GA15002059",
        "typology": "",
        "generic_type": "-",
        "periods": "",
        "positive_confidence": "medium_official_name_or_type",
        "morphology_proxy": "coastal_promontory_hint",
        "negative_type": "",
        "review_priority": "P0",
        "original_training_use": "positive_seed_requires_qgis_boundary_review",
        "auto_review_status": "auto_seeded_requires_visual_verification",
        "auto_decision": "selected_for_control_set_v1",
        "training_use": "exclude_until_visual_raster_verification",
        "generated_at": "2026-08-01T00:00:00Z",
        "proposed_radius_m": "150.0",
        "tile_side_m": "512",
        "tile_status": "orthophoto_thumbnail_window"
      }
    },
    {
      "type": "Feature",
      "geometry": {
        "type": "Polygon",
        "coordinates": [
          [
            [
              -8.349134771880161,
              43.15939903232288
            ],
            [
              -8.342829330676603,
              43.15939903232288
            ],
            [
              -8.342829330676603,
              43.16399838553883
            ],
            [
              -8.349134771880161,
              43.16399838553883
            ],
            [
              -8.349134771880161,
              43.15939903232288
            ]
          ]
        ]
      },
      "properties": {
        "bank_id": "pos-es-pba-112",
        "review_seed_id": "review-pos-0087",
        "control_set_id": "control-v1-0064",
        "review_role": "positive",
        "class_hint": "castro_candidate",
        "country": "ES",
        "region": "Galicia",
        "province_or_district": "A Coruña",
        "municipality": "Abegondo",
        "parish": "Vizoño (San Pedro)",
        "place": "Vilar, O",
        "name": "Castro Grande de Alcaiana",
        "source": "Xunta PBA Catálogo. Elementos (xuño 2026)",
        "source_quality": "official_catalogue_seed",
        "source_record_id": "112",
        "source_code": "GA15001013",
        "typology": "Asentamento fortificado/defensivo",
        "generic_type": "-",
        "periods": "",
        "positive_confidence": "medium_official_name_or_type",
        "morphology_proxy": "earthwork_or_wall_hint",
        "negative_type": "",
        "review_priority": "P0",
        "original_training_use": "positive_seed_requires_qgis_boundary_review",
        "auto_review_status": "auto_seeded_requires_visual_verification",
        "auto_decision": "selected_for_control_set_v1",
        "training_use": "exclude_until_visual_raster_verification",
        "generated_at": "2026-08-01T00:00:00Z",
        "proposed_radius_m": "130.0",
        "tile_side_m": "512",
        "tile_status": "orthophoto_thumbnail_window"
      }
    },
    {
      "type": "Feature",
      "geometry": {
        "type": "Polygon",
        "coordinates": [
          [
            [
              -7.7955142290721895,
              42.78215130915878
            ],
            [
              -7.789247347933303,
              42.78215130915878
            ],
            [
              -7.789247347933303,
              42.78675066237473
            ],
            [
              -7.7955142290721895,
              42.78675066237473
            ],
            [
              -7.7955142290721895,
              42.78215130915878
            ]
          ]
        ]
      },
      "properties": {
        "bank_id": "pos-es-pba-35343",
        "review_seed_id": "review-pos-0099",
        "control_set_id": "control-v1-0072",
        "review_role": "positive",
        "class_hint": "castro_candidate",
        "country": "ES",
        "region": "Galicia",
        "province_or_district": "Lugo",
        "municipality": "Monterroso",
        "parish": "San Breixo (San Salvador)",
        "place": "Castro, O",
        "name": "Castro da Cotela",
        "source": "Xunta PBA Catálogo. Elementos (xuño 2026)",
        "source_quality": "official_catalogue_seed",
        "source_record_id": "35343",
        "source_code": "GA27032039",
        "typology": "Asentamento fortificado/defensivo",
        "generic_type": "-",
        "periods": "",
        "positive_confidence": "medium_official_name_or_type",
        "morphology_proxy": "earthwork_or_wall_hint",
        "negative_type": "",
        "review_priority": "P0",
        "original_training_use": "positive_seed_requires_qgis_boundary_review",
        "auto_review_status": "auto_seeded_requires_visual_verification",
        "auto_decision": "selected_for_control_set_v1",
        "training_use": "exclude_until_visual_raster_verification",
        "generated_at": "2026-08-01T00:00:00Z",
        "proposed_radius_m": "130.0",
        "tile_side_m": "512",
        "tile_status": "orthophoto_thumbnail_window"
      }
    },
    {
      "type": "Feature",
      "geometry": {
        "type": "Polygon",
        "coordinates": [
          [
            [
              -7.260543167576204,
              41.95218335436682
            ],
            [
              -7.254358549258368,
              41.95218335436682
            ],
            [
              -7.254358549258368,
              41.95678270758277
            ],
            [
              -7.260543167576204,
              41.95678270758277
            ],
            [
              -7.260543167576204,
              41.95218335436682
            ]
          ]
        ]
      },
      "properties": {
        "bank_id": "pos-es-pba-56643",
        "review_seed_id": "review-pos-0110",
        "control_set_id": "control-v1-0075",
        "review_role": "positive",
        "class_hint": "castro_candidate",
        "country": "ES",
        "region": "Galicia",
        "province_or_district": "Ourense",
        "municipality": "Riós",
        "parish": "Progo (San Miguel)",
        "place": "Pousada",
        "name": "As Cabarquellas. Os Mouros. O Castro. As Murallas",
        "source": "Xunta PBA Catálogo. Elementos (xuño 2026)",
        "source_quality": "official_catalogue_seed",
        "source_record_id": "56643",
        "source_code": "GA32071014",
        "typology": "",
        "generic_type": "-",
        "periods": "",
        "positive_confidence": "medium_official_name_or_type",
        "morphology_proxy": "earthwork_or_wall_hint",
        "negative_type": "",
        "review_priority": "P0",
        "original_training_use": "positive_seed_requires_qgis_boundary_review",
        "auto_review_status": "auto_seeded_requires_visual_verification",
        "auto_decision": "selected_for_control_set_v1",
        "training_use": "exclude_until_visual_raster_verification",
        "generated_at": "2026-08-01T00:00:00Z",
        "proposed_radius_m": "130.0",
        "tile_side_m": "512",
        "tile_status": "orthophoto_thumbnail_window"
      }
    },
    {
      "type": "Feature",
      "geometry": {
        "type": "Polygon",
        "coordinates": [
          [
            [
              -8.873247104915938,
              42.03274511738343
            ],
            [
              -8.867054653169744,
              42.03274511738343
            ],
            [
              -8.867054653169744,
              42.03734447059938
            ],
            [
              -8.873247104915938,
              42.03734447059938
            ],
            [
              -8.873247104915938,
              42.03274511738343
            ]
          ]
        ]
      },
      "properties": {
        "bank_id": "pos-es-pba-69291",
        "review_seed_id": "review-pos-0127",
        "control_set_id": "control-v1-0005",
        "review_role": "positive",
        "class_hint": "castro_candidate",
        "country": "ES",
        "region": "Galicia",
        "province_or_district": "Pontevedra",
        "municipality": "Oia",
        "parish": "Viladesuso (San Miguel)",
        "place": "Viladesuso",
        "name": "Castro de Cividade/Castro de Viladesuso",
        "source": "Xunta PBA Catálogo. Elementos (xuño 2026)",
        "source_quality": "official_catalogue_seed",
        "source_record_id": "69291",
        "source_code": "GA36036009",
        "typology": "Castro",
        "generic_type": "-",
        "periods": "",
        "positive_confidence": "high_official_typology",
        "morphology_proxy": "large_castrexo_civitas_hint",
        "negative_type": "",
        "review_priority": "P0",
        "original_training_use": "positive_seed_requires_qgis_boundary_review",
        "auto_review_status": "auto_seeded_requires_visual_verification",
        "auto_decision": "selected_for_control_set_v1",
        "training_use": "exclude_until_visual_raster_verification",
        "generated_at": "2026-08-01T00:00:00Z",
        "proposed_radius_m": "180.0",
        "tile_side_m": "512",
        "tile_status": "orthophoto_thumbnail_window"
      }
    },
    {
      "type": "Feature",
      "geometry": {
        "type": "Polygon",
        "coordinates": [
          [
            [
              -8.432820512918056,
              41.54314235247993
            ],
            [
              -8.426675177340034,
              41.54314235247993
            ],
            [
              -8.426675177340034,
              41.547741705695884
            ],
            [
              -8.432820512918056,
              41.547741705695884
            ],
            [
              -8.432820512918056,
              41.54314235247993
            ]
          ]
        ]
      },
      "properties": {
        "bank_id": "pos-pt-dgpc-107516",
        "review_seed_id": "review-pos-0134",
        "control_set_id": "control-v1-0007",
        "review_role": "positive",
        "class_hint": "castro_candidate",
        "country": "PT",
        "region": "Norte de Portugal",
        "province_or_district": "Braga",
        "municipality": "Braga",
        "parish": "Braga (Maximinos, Sé e Cividade)",
        "place": "",
        "name": "Braga - Cividade",
        "source": "DGPC Portal do Arqueólogo Sitios_Arqueologicos",
        "source_quality": "official_catalogue_seed",
        "source_record_id": "107516",
        "source_code": "2730",
        "typology": "Povoado Fortificado",
        "generic_type": "",
        "periods": "Idade do Ferro;",
        "positive_confidence": "medium_official_name_or_type",
        "morphology_proxy": "large_castrexo_civitas_hint",
        "negative_type": "",
        "review_priority": "P0",
        "original_training_use": "positive_seed_requires_qgis_boundary_review",
        "auto_review_status": "auto_seeded_requires_visual_verification",
        "auto_decision": "selected_for_control_set_v1",
        "training_use": "exclude_until_visual_raster_verification",
        "generated_at": "2026-08-01T00:00:00Z",
        "proposed_radius_m": "180.0",
        "tile_side_m": "512",
        "tile_status": "orthophoto_thumbnail_window"
      }
    },
    {
      "type": "Feature",
      "geometry": {
        "type": "Polygon",
        "coordinates": [
          [
            [
              -6.6036338341220615,
              41.81565880360814
            ],
            [
              -6.597462417817225,
              41.81565880360814
            ],
            [
              -6.597462417817225,
              41.82025815682409
            ],
            [
              -6.6036338341220615,
              41.82025815682409
            ],
            [
              -6.6036338341220615,
              41.81565880360814
            ]
          ]
        ]
      },
      "properties": {
        "bank_id": "pos-pt-dgpc-108740",
        "review_seed_id": "review-pos-0136",
        "control_set_id": "control-v1-0089",
        "review_role": "positive",
        "class_hint": "castro_candidate",
        "country": "PT",
        "region": "Norte de Portugal",
        "province_or_district": "Bragança",
        "municipality": "Bragança",
        "parish": "São Julião de Palácios e Deilão",
        "place": "",
        "name": "Caracuto do Castro",
        "source": "DGPC Portal do Arqueólogo Sitios_Arqueologicos",
        "source_quality": "official_catalogue_seed",
        "source_record_id": "108740",
        "source_code": "17588",
        "typology": "Povoado Fortificado",
        "generic_type": "",
        "periods": "Idade do Ferro;",
        "positive_confidence": "medium_official_name_or_type",
        "morphology_proxy": "earthwork_or_wall_hint",
        "negative_type": "",
        "review_priority": "P0",
        "original_training_use": "positive_seed_requires_qgis_boundary_review",
        "auto_review_status": "auto_seeded_requires_visual_verification",
        "auto_decision": "selected_for_control_set_v1",
        "training_use": "exclude_until_visual_raster_verification",
        "generated_at": "2026-08-01T00:00:00Z",
        "proposed_radius_m": "130.0",
        "tile_side_m": "512",
        "tile_status": "orthophoto_thumbnail_window"
      }
    },
    {
      "type": "Feature",
      "geometry": {
        "type": "Polygon",
        "coordinates": [
          [
            [
              -8.72464001679416,
              41.410563560647375
            ],
            [
              -8.718507239874091,
              41.410563560647375
            ],
            [
              -8.718507239874091,
              41.41516291386333
            ],
            [
              -8.72464001679416,
              41.41516291386333
            ],
            [
              -8.72464001679416,
              41.410563560647375
            ]
          ]
        ]
      },
      "properties": {
        "bank_id": "pos-pt-dgpc-106725",
        "review_seed_id": "review-pos-0143",
        "control_set_id": "control-v1-0014",
        "review_role": "positive",
        "class_hint": "castro_candidate",
        "country": "PT",
        "region": "Norte de Portugal",
        "province_or_district": "Porto",
        "municipality": "Póvoa do Varzim",
        "parish": "Aver-o-mar, Amorim eTerroso",
        "place": "",
        "name": "Cividade de Terroso",
        "source": "DGPC Portal do Arqueólogo Sitios_Arqueologicos",
        "source_quality": "official_catalogue_seed",
        "source_record_id": "106725",
        "source_code": "27",
        "typology": "Povoado Fortificado",
        "generic_type": "",
        "periods": "Idade do Ferro;",
        "positive_confidence": "medium_official_name_or_type",
        "morphology_proxy": "large_castrexo_civitas_hint",
        "negative_type": "",
        "review_priority": "P0",
        "original_training_use": "positive_seed_requires_qgis_boundary_review",
        "auto_review_status": "auto_seeded_requires_visual_verification",
        "auto_decision": "selected_for_control_set_v1",
        "training_use": "exclude_until_visual_raster_verification",
        "generated_at": "2026-08-01T00:00:00Z",
        "proposed_radius_m": "180.0",
        "tile_side_m": "512",
        "tile_status": "orthophoto_thumbnail_window"
      }
    },
    {
      "type": "Feature",
      "geometry": {
        "type": "Polygon",
        "coordinates": [
          [
            [
              -8.838563690837871,
              41.70253942129278
            ],
            [
              -8.832403144181429,
              41.70253942129278
            ],
            [
              -8.832403144181429,
              41.70713877450873
            ],
            [
              -8.838563690837871,
              41.70713877450873
            ],
            [
              -8.838563690837871,
              41.70253942129278
            ]
          ]
        ]
      },
      "properties": {
        "bank_id": "pos-pt-dgpc-109676",
        "review_seed_id": "review-pos-0147",
        "control_set_id": "control-v1-0017",
        "review_role": "positive",
        "class_hint": "castro_candidate",
        "country": "PT",
        "region": "Norte de Portugal",
        "province_or_district": "Viana do Castelo",
        "municipality": "Viana do Castelo",
        "parish": "Areosa",
        "place": "",
        "name": "Citânia de Santa Luzia",
        "source": "DGPC Portal do Arqueólogo Sitios_Arqueologicos",
        "source_quality": "official_catalogue_seed",
        "source_record_id": "109676",
        "source_code": "243",
        "typology": "Povoado Fortificado",
        "generic_type": "",
        "periods": "Romano;Idade do Ferro;",
        "positive_confidence": "medium_official_name_or_type",
        "morphology_proxy": "large_castrexo_civitas_hint",
        "negative_type": "",
        "review_priority": "P0",
        "original_training_use": "positive_seed_requires_qgis_boundary_review",
        "auto_review_status": "auto_seeded_requires_visual_verification",
        "auto_decision": "selected_for_control_set_v1",
        "training_use": "exclude_until_visual_raster_verification",
        "generated_at": "2026-08-01T00:00:00Z",
        "proposed_radius_m": "180.0",
        "tile_side_m": "512",
        "tile_status": "orthophoto_thumbnail_window"
      }
    },
    {
      "type": "Feature",
      "geometry": {
        "type": "Polygon",
        "coordinates": [
          [
            [
              -7.307676779416296,
              41.66659511323834
            ],
            [
              -7.301519673619001,
              41.66659511323834
            ],
            [
              -7.301519673619001,
              41.67119446645429
            ],
            [
              -7.307676779416296,
              41.67119446645429
            ],
            [
              -7.307676779416296,
              41.66659511323834
            ]
          ]
        ]
      },
      "properties": {
        "bank_id": "pos-pt-dgpc-109003",
        "review_seed_id": "review-pos-0151",
        "control_set_id": "control-v1-0023",
        "review_role": "positive",
        "class_hint": "castro_candidate",
        "country": "PT",
        "region": "Norte de Portugal",
        "province_or_district": "Vila Real",
        "municipality": "Valpaços",
        "parish": "Vilarandelo",
        "place": "",
        "name": "Cividade",
        "source": "DGPC Portal do Arqueólogo Sitios_Arqueologicos",
        "source_quality": "official_catalogue_seed",
        "source_record_id": "109003",
        "source_code": "14232",
        "typology": "Habitat",
        "generic_type": "",
        "periods": "Romano;",
        "positive_confidence": "medium_official_name_or_type",
        "morphology_proxy": "large_castrexo_civitas_hint",
        "negative_type": "",
        "review_priority": "P0",
        "original_training_use": "positive_seed_requires_qgis_boundary_review",
        "auto_review_status": "auto_seeded_requires_visual_verification",
        "auto_decision": "selected_for_control_set_v1",
        "training_use": "exclude_until_visual_raster_verification",
        "generated_at": "2026-08-01T00:00:00Z",
        "proposed_radius_m": "180.0",
        "tile_side_m": "512",
        "tile_status": "orthophoto_thumbnail_window"
      }
    },
    {
      "type": "Feature",
      "geometry": {
        "type": "Polygon",
        "coordinates": [
          [
            [
              -8.321472114590472,
              43.398712376359214
            ],
            [
              -8.315141822291709,
              43.398712376359214
            ],
            [
              -8.315141822291709,
              43.403311729575165
            ],
            [
              -8.321472114590472,
              43.403311729575165
            ],
            [
              -8.321472114590472,
              43.398712376359214
            ]
          ]
        ]
      },
      "properties": {
        "bank_id": "pos-es-pba-15425",
        "review_seed_id": "review-pos-0153",
        "control_set_id": "control-v1-0047",
        "review_role": "positive",
        "class_hint": "castro_candidate",
        "country": "ES",
        "region": "Galicia",
        "province_or_district": "A Coruña",
        "municipality": "Oleiros",
        "parish": "Dexo (Santa María)",
        "place": "Portelo",
        "name": "Castro de Punta Roza",
        "source": "Xunta PBA Catálogo. Elementos (xuño 2026)",
        "source_quality": "official_catalogue_seed",
        "source_record_id": "15425",
        "source_code": "GA15058001",
        "typology": "Castro",
        "generic_type": "-",
        "periods": "",
        "positive_confidence": "high_official_typology",
        "morphology_proxy": "coastal_promontory_hint",
        "negative_type": "",
        "review_priority": "P0",
        "original_training_use": "positive_seed_requires_qgis_boundary_review",
        "auto_review_status": "auto_seeded_requires_visual_verification",
        "auto_decision": "selected_for_control_set_v1",
        "training_use": "exclude_until_visual_raster_verification",
        "generated_at": "2026-08-01T00:00:00Z",
        "proposed_radius_m": "150.0",
        "tile_side_m": "512",
        "tile_status": "orthophoto_thumbnail_window"
      }
    },
    {
      "type": "Feature",
      "geometry": {
        "type": "Polygon",
        "coordinates": [
          [
            [
              -8.218511367387963,
              43.41740533456558
            ],
            [
              -8.212179121041006,
              43.41740533456558
            ],
            [
              -8.212179121041006,
              43.42200468778153
            ],
            [
              -8.218511367387963,
              43.42200468778153
            ],
            [
              -8.218511367387963,
              43.41740533456558
            ]
          ]
        ]
      },
      "properties": {
        "bank_id": "pos-es-pba-1862",
        "review_seed_id": "review-pos-0154",
        "control_set_id": "control-v1-0027",
        "review_role": "positive",
        "class_hint": "castro_candidate",
        "country": "ES",
        "region": "Galicia",
        "province_or_district": "A Coruña",
        "municipality": "Ares",
        "parish": "Caamouco (San Vicente)",
        "place": "Raso, O",
        "name": "Castro de Punta Mourón ou Punta Caamouco",
        "source": "Xunta PBA Catálogo. Elementos (xuño 2026)",
        "source_quality": "official_catalogue_seed",
        "source_record_id": "1862",
        "source_code": "GA15004002",
        "typology": "Asentamento fortificado",
        "generic_type": "-",
        "periods": "",
        "positive_confidence": "medium_official_name_or_type",
        "morphology_proxy": "coastal_promontory_hint",
        "negative_type": "",
        "review_priority": "P0",
        "original_training_use": "positive_seed_requires_qgis_boundary_review",
        "auto_review_status": "auto_seeded_requires_visual_verification",
        "auto_decision": "selected_for_control_set_v1",
        "training_use": "exclude_until_visual_raster_verification",
        "generated_at": "2026-08-01T00:00:00Z",
        "proposed_radius_m": "150.0",
        "tile_side_m": "512",
        "tile_status": "orthophoto_thumbnail_window"
      }
    },
    {
      "type": "Feature",
      "geometry": {
        "type": "Polygon",
        "coordinates": [
          [
            [
              -7.407321190367738,
              42.577054003313236
            ],
            [
              -7.401074962690347,
              42.577054003313236
            ],
            [
              -7.401074962690347,
              42.58165335652919
            ],
            [
              -7.407321190367738,
              42.58165335652919
            ],
            [
              -7.407321190367738,
              42.577054003313236
            ]
          ]
        ]
      },
      "properties": {
        "bank_id": "pos-es-pba-38457",
        "review_seed_id": "review-pos-0164",
        "control_set_id": "control-v1-0052",
        "review_role": "positive",
        "class_hint": "castro_candidate",
        "country": "ES",
        "region": "Galicia",
        "province_or_district": "Lugo",
        "municipality": "A Pobra do Brollón",
        "parish": "Castrosante (Santa Mariña)",
        "place": "Castrosante",
        "name": "Castro de Santa Mariña/Castrosante",
        "source": "Xunta PBA Catálogo. Elementos (xuño 2026)",
        "source_quality": "official_catalogue_seed",
        "source_record_id": "38457",
        "source_code": "GA27047017",
        "typology": "Castro",
        "generic_type": "-",
        "periods": "",
        "positive_confidence": "high_official_typology",
        "morphology_proxy": "coastal_promontory_hint",
        "negative_type": "",
        "review_priority": "P0",
        "original_training_use": "positive_seed_requires_qgis_boundary_review",
        "auto_review_status": "auto_seeded_requires_visual_verification",
        "auto_decision": "selected_for_control_set_v1",
        "training_use": "exclude_until_visual_raster_verification",
        "generated_at": "2026-08-01T00:00:00Z",
        "proposed_radius_m": "150.0",
        "tile_side_m": "512",
        "tile_status": "orthophoto_thumbnail_window"
      }
    },
    {
      "type": "Feature",
      "geometry": {
        "type": "Polygon",
        "coordinates": [
          [
            [
              -7.6776088021968745,
              43.06224515692202
            ],
            [
              -7.6713133629096015,
              43.06224515692202
            ],
            [
              -7.6713133629096015,
              43.06684451013797
            ],
            [
              -7.6776088021968745,
              43.06684451013797
            ],
            [
              -7.6776088021968745,
              43.06224515692202
            ]
          ]
        ]
      },
      "properties": {
        "bank_id": "pos-es-pba-36112",
        "review_seed_id": "review-pos-0168",
        "control_set_id": "control-v1-0073",
        "review_role": "positive",
        "class_hint": "castro_candidate",
        "country": "ES",
        "region": "Galicia",
        "province_or_district": "Lugo",
        "municipality": "Outeiro de Rei",
        "parish": "Parada (San Xoán)",
        "place": "Trollos",
        "name": "Castro do Pazo",
        "source": "Xunta PBA Catálogo. Elementos (xuño 2026)",
        "source_quality": "official_catalogue_seed",
        "source_record_id": "36112",
        "source_code": "GA27039066",
        "typology": "Asentamento fortificado/defensivo",
        "generic_type": "-",
        "periods": "",
        "positive_confidence": "medium_official_name_or_type",
        "morphology_proxy": "earthwork_or_wall_hint",
        "negative_type": "",
        "review_priority": "P0",
        "original_training_use": "positive_seed_requires_qgis_boundary_review",
        "auto_review_status": "auto_seeded_requires_visual_verification",
        "auto_decision": "selected_for_control_set_v1",
        "training_use": "exclude_until_visual_raster_verification",
        "generated_at": "2026-08-01T00:00:00Z",
        "proposed_radius_m": "130.0",
        "tile_side_m": "512",
        "tile_status": "orthophoto_thumbnail_window"
      }
    },
    {
      "type": "Feature",
      "geometry": {
        "type": "Polygon",
        "coordinates": [
          [
            [
              -8.432460141420771,
              41.5429632116018
            ],
            [
              -8.426314822868965,
              41.5429632116018
            ],
            [
              -8.426314822868965,
              41.54756256481775
            ],
            [
              -8.432460141420771,
              41.54756256481775
            ],
            [
              -8.432460141420771,
              41.5429632116018
            ]
          ]
        ]
      },
      "properties": {
        "bank_id": "pos-pt-dgpc-107515",
        "review_seed_id": "review-pos-0197",
        "control_set_id": "control-v1-0020",
        "review_role": "positive",
        "class_hint": "castro_candidate",
        "country": "PT",
        "region": "Norte de Portugal",
        "province_or_district": "Braga",
        "municipality": "Braga",
        "parish": "Braga (Maximinos, Sé e Cividade)",
        "place": "",
        "name": "Braga - Cividade de Baixo",
        "source": "DGPC Portal do Arqueólogo Sitios_Arqueologicos",
        "source_quality": "official_catalogue_seed",
        "source_record_id": "107515",
        "source_code": "11862",
        "typology": "Edifício",
        "generic_type": "",
        "periods": "Romano;",
        "positive_confidence": "medium_official_name_or_type",
        "morphology_proxy": "large_castrexo_civitas_hint",
        "negative_type": "",
        "review_priority": "P0",
        "original_training_use": "positive_seed_requires_qgis_boundary_review",
        "auto_review_status": "auto_seeded_requires_visual_verification",
        "auto_decision": "selected_for_control_set_v1",
        "training_use": "exclude_until_visual_raster_verification",
        "generated_at": "2026-08-01T00:00:00Z",
        "proposed_radius_m": "180.0",
        "tile_side_m": "512",
        "tile_status": "orthophoto_thumbnail_window"
      }
    },
    {
      "type": "Feature",
      "geometry": {
        "type": "Polygon",
        "coordinates": [
          [
            [
              -8.658622448556013,
              41.3813500370458
            ],
            [
              -8.652492427609157,
              41.3813500370458
            ],
            [
              -8.652492427609157,
              41.38594939026175
            ],
            [
              -8.658622448556013,
              41.38594939026175
            ],
            [
              -8.658622448556013,
              41.3813500370458
            ]
          ]
        ]
      },
      "properties": {
        "bank_id": "pos-pt-dgpc-107033",
        "review_seed_id": "review-pos-0205",
        "control_set_id": "control-v1-0015",
        "review_role": "positive",
        "class_hint": "castro_candidate",
        "country": "PT",
        "region": "Norte de Portugal",
        "province_or_district": "Porto",
        "municipality": "Vila do Conde",
        "parish": "Bagunte, Ferreiró, Outeiro Maior e Parada",
        "place": "",
        "name": "Castro de Bagunte/ Monte da Cividade/ Cividade de Bagunte",
        "source": "DGPC Portal do Arqueólogo Sitios_Arqueologicos",
        "source_quality": "official_catalogue_seed",
        "source_record_id": "107033",
        "source_code": "184",
        "typology": "Povoado Fortificado",
        "generic_type": "",
        "periods": "Idade do Ferro;Romano;Idade do Bronze;",
        "positive_confidence": "medium_official_name_or_type",
        "morphology_proxy": "large_castrexo_civitas_hint",
        "negative_type": "",
        "review_priority": "P0",
        "original_training_use": "positive_seed_requires_qgis_boundary_review",
        "auto_review_status": "auto_seeded_requires_visual_verification",
        "auto_decision": "selected_for_control_set_v1",
        "training_use": "exclude_until_visual_raster_verification",
        "generated_at": "2026-08-01T00:00:00Z",
        "proposed_radius_m": "180.0",
        "tile_side_m": "512",
        "tile_status": "orthophoto_thumbnail_window"
      }
    },
    {
      "type": "Feature",
      "geometry": {
        "type": "Polygon",
        "coordinates": [
          [
            [
              -8.857986133712808,
              41.784348638104206
            ],
            [
              -8.851817732248014,
              41.784348638104206
            ],
            [
              -8.851817732248014,
              41.78894799132016
            ],
            [
              -8.857986133712808,
              41.78894799132016
            ],
            [
              -8.857986133712808,
              41.784348638104206
            ]
          ]
        ]
      },
      "properties": {
        "bank_id": "pos-pt-dgpc-109989",
        "review_seed_id": "review-pos-0209",
        "control_set_id": "control-v1-0022",
        "review_role": "positive",
        "class_hint": "castro_candidate",
        "country": "PT",
        "region": "Norte de Portugal",
        "province_or_district": "Viana do Castelo",
        "municipality": "Viana do Castelo",
        "parish": "Afife",
        "place": "",
        "name": "Cividade de Âncora",
        "source": "DGPC Portal do Arqueólogo Sitios_Arqueologicos",
        "source_quality": "official_catalogue_seed",
        "source_record_id": "109989",
        "source_code": "11",
        "typology": "Povoado Fortificado",
        "generic_type": "",
        "periods": "Romano;Idade do Ferro;",
        "positive_confidence": "medium_official_name_or_type",
        "morphology_proxy": "large_castrexo_civitas_hint",
        "negative_type": "",
        "review_priority": "P0",
        "original_training_use": "positive_seed_requires_qgis_boundary_review",
        "auto_review_status": "auto_seeded_requires_visual_verification",
        "auto_decision": "selected_for_control_set_v1",
        "training_use": "exclude_until_visual_raster_verification",
        "generated_at": "2026-08-01T00:00:00Z",
        "proposed_radius_m": "180.0",
        "tile_side_m": "512",
        "tile_status": "orthophoto_thumbnail_window"
      }
    },
    {
      "type": "Feature",
      "geometry": {
        "type": "Polygon",
        "coordinates": [
          [
            [
              -8.150860508219699,
              43.62000863275765
            ],
            [
              -8.144506961812555,
              43.62000863275765
            ],
            [
              -8.144506961812555,
              43.624607985973604
            ],
            [
              -8.150860508219699,
              43.624607985973604
            ],
            [
              -8.150860508219699,
              43.62000863275765
            ]
          ]
        ]
      },
      "properties": {
        "bank_id": "pos-es-pba-24674",
        "review_seed_id": "review-pos-0214",
        "control_set_id": "control-v1-0050",
        "review_role": "positive",
        "class_hint": "castro_candidate",
        "country": "ES",
        "region": "Galicia",
        "province_or_district": "A Coruña",
        "municipality": "Valdoviño",
        "parish": "Valdoviño (Santaia)",
        "place": "Ladeira, A",
        "name": "Castro da Punta do Vico",
        "source": "Xunta PBA Catálogo. Elementos (xuño 2026)",
        "source_quality": "official_catalogue_seed",
        "source_record_id": "24674",
        "source_code": "GA15087022",
        "typology": "Castro",
        "generic_type": "-",
        "periods": "",
        "positive_confidence": "high_official_typology",
        "morphology_proxy": "coastal_promontory_hint",
        "negative_type": "",
        "review_priority": "P0",
        "original_training_use": "positive_seed_requires_qgis_boundary_review",
        "auto_review_status": "auto_seeded_requires_visual_verification",
        "auto_decision": "selected_for_control_set_v1",
        "training_use": "exclude_until_visual_raster_verification",
        "generated_at": "2026-08-01T00:00:00Z",
        "proposed_radius_m": "150.0",
        "tile_side_m": "512",
        "tile_status": "orthophoto_thumbnail_window"
      }
    },
    {
      "type": "Feature",
      "geometry": {
        "type": "Polygon",
        "coordinates": [
          [
            [
              -7.946950945015464,
              42.814372309536466
            ],
            [
              -7.94068079946252,
              42.814372309536466
            ],
            [
              -7.94068079946252,
              42.81897166275242
            ],
            [
              -7.946950945015464,
              42.81897166275242
            ],
            [
              -7.946950945015464,
              42.814372309536466
            ]
          ]
        ]
      },
      "properties": {
        "bank_id": "pos-es-pba-27022",
        "review_seed_id": "review-pos-0225",
        "control_set_id": "control-v1-0053",
        "review_role": "positive",
        "class_hint": "castro_candidate",
        "country": "ES",
        "region": "Galicia",
        "province_or_district": "Lugo",
        "municipality": "Antas de Ulla",
        "parish": "Santa Mariña do Castro de Amarante (Santa Mariña)",
        "place": "Coto, O",
        "name": "Castro de Santa Mariña",
        "source": "Xunta PBA Catálogo. Elementos (xuño 2026)",
        "source_quality": "official_catalogue_seed",
        "source_record_id": "27022",
        "source_code": "GA27003024",
        "typology": "Castro",
        "generic_type": "-",
        "periods": "",
        "positive_confidence": "high_official_typology",
        "morphology_proxy": "coastal_promontory_hint",
        "negative_type": "",
        "review_priority": "P0",
        "original_training_use": "positive_seed_requires_qgis_boundary_review",
        "auto_review_status": "auto_seeded_requires_visual_verification",
        "auto_decision": "selected_for_control_set_v1",
        "training_use": "exclude_until_visual_raster_verification",
        "generated_at": "2026-08-01T00:00:00Z",
        "proposed_radius_m": "150.0",
        "tile_side_m": "512",
        "tile_status": "orthophoto_thumbnail_window"
      }
    },
    {
      "type": "Feature",
      "geometry": {
        "type": "Polygon",
        "coordinates": [
          [
            [
              -8.432161722334452,
              41.543799308964495
            ],
            [
              -8.426016324315523,
              41.543799308964495
            ],
            [
              -8.426016324315523,
              41.548398662180446
            ],
            [
              -8.432161722334452,
              41.548398662180446
            ],
            [
              -8.432161722334452,
              41.543799308964495
            ]
          ]
        ]
      },
      "properties": {
        "bank_id": "pos-pt-dgpc-107539",
        "review_seed_id": "review-pos-0257",
        "control_set_id": "control-v1-0024",
        "review_role": "positive",
        "class_hint": "castro_candidate",
        "country": "PT",
        "region": "Norte de Portugal",
        "province_or_district": "Braga",
        "municipality": "Braga",
        "parish": "Braga (Maximinos, Sé e Cividade)",
        "place": "",
        "name": "Braga - Termas Romanas de Maximinos/ Alto da Cividade/ Colina de Maximinos",
        "source": "DGPC Portal do Arqueólogo Sitios_Arqueologicos",
        "source_quality": "official_catalogue_seed",
        "source_record_id": "107539",
        "source_code": "5055",
        "typology": "Termas",
        "generic_type": "",
        "periods": "Romano, Baixo Império;Romano;",
        "positive_confidence": "medium_official_name_or_type",
        "morphology_proxy": "large_castrexo_civitas_hint",
        "negative_type": "",
        "review_priority": "P0",
        "original_training_use": "positive_seed_requires_qgis_boundary_review",
        "auto_review_status": "auto_seeded_requires_visual_verification",
        "auto_decision": "selected_for_control_set_v1",
        "training_use": "exclude_until_visual_raster_verification",
        "generated_at": "2026-08-01T00:00:00Z",
        "proposed_radius_m": "180.0",
        "tile_side_m": "512",
        "tile_status": "orthophoto_thumbnail_window"
      }
    },
    {
      "type": "Feature",
      "geometry": {
        "type": "Polygon",
        "coordinates": [
          [
            [
              -8.219785983994381,
              41.31659914304787
            ],
            [
              -8.213662057088008,
              41.31659914304787
            ],
            [
              -8.213662057088008,
              41.32119849626382
            ],
            [
              -8.219785983994381,
              41.32119849626382
            ],
            [
              -8.219785983994381,
              41.31659914304787
            ]
          ]
        ]
      },
      "properties": {
        "bank_id": "pos-pt-dgpc-106386",
        "review_seed_id": "review-pos-0261",
        "control_set_id": "control-v1-0097",
        "review_role": "positive",
        "class_hint": "castro_candidate",
        "country": "PT",
        "region": "Norte de Portugal",
        "province_or_district": "Porto",
        "municipality": "Felgueiras",
        "parish": "Pedreira, Rande e Sernande",
        "place": "",
        "name": "Castro da Pedreira",
        "source": "DGPC Portal do Arqueólogo Sitios_Arqueologicos",
        "source_quality": "official_catalogue_seed",
        "source_record_id": "106386",
        "source_code": "16191",
        "typology": "Povoado Fortificado",
        "generic_type": "",
        "periods": "Idade do Ferro;",
        "positive_confidence": "medium_official_name_or_type",
        "morphology_proxy": "earthwork_or_wall_hint",
        "negative_type": "",
        "review_priority": "P0",
        "original_training_use": "positive_seed_requires_qgis_boundary_review",
        "auto_review_status": "auto_seeded_requires_visual_verification",
        "auto_decision": "selected_for_control_set_v1",
        "training_use": "exclude_until_visual_raster_verification",
        "generated_at": "2026-08-01T00:00:00Z",
        "proposed_radius_m": "130.0",
        "tile_side_m": "512",
        "tile_status": "orthophoto_thumbnail_window"
      }
    },
    {
      "type": "Feature",
      "geometry": {
        "type": "Polygon",
        "coordinates": [
          [
            [
              -8.683807181007836,
              41.95357985021551
            ],
            [
              -8.67762242717453,
              41.95357985021551
            ],
            [
              -8.67762242717453,
              41.95817920343146
            ],
            [
              -8.683807181007836,
              41.95817920343146
            ],
            [
              -8.683807181007836,
              41.95357985021551
            ]
          ]
        ]
      },
      "properties": {
        "bank_id": "pos-pt-dgpc-108502",
        "review_seed_id": "review-pos-0266",
        "control_set_id": "control-v1-0018",
        "review_role": "positive",
        "class_hint": "castro_candidate",
        "country": "PT",
        "region": "Norte de Portugal",
        "province_or_district": "Viana do Castelo",
        "municipality": "Vila Nova de Cerveira",
        "parish": "Cornes",
        "place": "",
        "name": "Cividade de Cornes",
        "source": "DGPC Portal do Arqueólogo Sitios_Arqueologicos",
        "source_quality": "official_catalogue_seed",
        "source_record_id": "108502",
        "source_code": "3428",
        "typology": "Povoado Fortificado",
        "generic_type": "",
        "periods": "Idade do Ferro;",
        "positive_confidence": "medium_official_name_or_type",
        "morphology_proxy": "large_castrexo_civitas_hint",
        "negative_type": "",
        "review_priority": "P0",
        "original_training_use": "positive_seed_requires_qgis_boundary_review",
        "auto_review_status": "auto_seeded_requires_visual_verification",
        "auto_decision": "selected_for_control_set_v1",
        "training_use": "exclude_until_visual_raster_verification",
        "generated_at": "2026-08-01T00:00:00Z",
        "proposed_radius_m": "180.0",
        "tile_side_m": "512",
        "tile_status": "orthophoto_thumbnail_window"
      }
    },
    {
      "type": "Feature",
      "geometry": {
        "type": "Polygon",
        "coordinates": [
          [
            [
              -8.502098056458673,
              43.35103974699233
            ],
            [
              -8.495772739065208,
              43.35103974699233
            ],
            [
              -8.495772739065208,
              43.35563910020828
            ],
            [
              -8.502098056458673,
              43.35563910020828
            ],
            [
              -8.502098056458673,
              43.35103974699233
            ]
          ]
        ]
      },
      "properties": {
        "bank_id": "pos-es-pba-1722",
        "review_seed_id": "review-pos-0272",
        "control_set_id": "control-v1-0028",
        "review_role": "positive",
        "class_hint": "castro_candidate",
        "country": "ES",
        "region": "Galicia",
        "province_or_district": "A Coruña",
        "municipality": "Arteixo",
        "parish": "Suevos (San Martiño)",
        "place": "Areás, Os",
        "name": "Castro do Cabo Cociñadoiro",
        "source": "Xunta PBA Catálogo. Elementos (xuño 2026)",
        "source_quality": "official_catalogue_seed",
        "source_record_id": "1722",
        "source_code": "GA15005003",
        "typology": "",
        "generic_type": "-",
        "periods": "",
        "positive_confidence": "medium_official_name_or_type",
        "morphology_proxy": "coastal_promontory_hint",
        "negative_type": "",
        "review_priority": "P0",
        "original_training_use": "positive_seed_requires_qgis_boundary_review",
        "auto_review_status": "auto_seeded_requires_visual_verification",
        "auto_decision": "selected_for_control_set_v1",
        "training_use": "exclude_until_visual_raster_verification",
        "generated_at": "2026-08-01T00:00:00Z",
        "proposed_radius_m": "150.0",
        "tile_side_m": "512",
        "tile_status": "orthophoto_thumbnail_window"
      }
    },
    {
      "type": "Feature",
      "geometry": {
        "type": "Polygon",
        "coordinates": [
          [
            [
              -7.205205507501701,
              43.559144166150716
            ],
            [
              -7.198858383274904,
              43.559144166150716
            ],
            [
              -7.198858383274904,
              43.56374351936667
            ],
            [
              -7.205205507501701,
              43.56374351936667
            ],
            [
              -7.205205507501701,
              43.559144166150716
            ]
          ]
        ]
      },
      "properties": {
        "bank_id": "pos-es-pba-28585",
        "review_seed_id": "review-pos-0281",
        "control_set_id": "control-v1-0054",
        "review_role": "positive",
        "class_hint": "castro_candidate",
        "country": "ES",
        "region": "Galicia",
        "province_or_district": "Lugo",
        "municipality": "Barreiros",
        "parish": "San Pedro de Benquerencia (San Pedro)",
        "place": "A Abalea",
        "name": "Castro de Punta de San Pedro",
        "source": "Xunta PBA Catálogo. Elementos (xuño 2026)",
        "source_quality": "official_catalogue_seed",
        "source_record_id": "28585",
        "source_code": "GA27005001",
        "typology": "Castro",
        "generic_type": "-",
        "periods": "",
        "positive_confidence": "high_official_typology",
        "morphology_proxy": "coastal_promontory_hint",
        "negative_type": "",
        "review_priority": "P0",
        "original_training_use": "positive_seed_requires_qgis_boundary_review",
        "auto_review_status": "auto_seeded_requires_visual_verification",
        "auto_decision": "selected_for_control_set_v1",
        "training_use": "exclude_until_visual_raster_verification",
        "generated_at": "2026-08-01T00:00:00Z",
        "proposed_radius_m": "150.0",
        "tile_side_m": "512",
        "tile_status": "orthophoto_thumbnail_window"
      }
    },
    {
      "type": "Feature",
      "geometry": {
        "type": "Polygon",
        "coordinates": [
          [
            [
              -7.960047721122096,
              41.53258838012141
            ],
            [
              -7.953903388369484,
              41.53258838012141
            ],
            [
              -7.953903388369484,
              41.53718773333736
            ],
            [
              -7.960047721122096,
              41.53718773333736
            ],
            [
              -7.960047721122096,
              41.53258838012141
            ]
          ]
        ]
      },
      "properties": {
        "bank_id": "pos-pt-dgpc-107461",
        "review_seed_id": "review-pos-0311",
        "control_set_id": "control-v1-0008",
        "review_role": "positive",
        "class_hint": "castro_candidate",
        "country": "PT",
        "region": "Norte de Portugal",
        "province_or_district": "Braga",
        "municipality": "Cabeceiras de Basto",
        "parish": "Rio Douro",
        "place": "",
        "name": "Outeiro dos Moiros / Cividade de Chacim",
        "source": "DGPC Portal do Arqueólogo Sitios_Arqueologicos",
        "source_quality": "official_catalogue_seed",
        "source_record_id": "107461",
        "source_code": "25",
        "typology": "Povoado",
        "generic_type": "",
        "periods": "Alta Idade Média;Idade do Ferro",
        "positive_confidence": "medium_official_name_or_type",
        "morphology_proxy": "large_castrexo_civitas_hint",
        "negative_type": "",
        "review_priority": "P0",
        "original_training_use": "positive_seed_requires_qgis_boundary_review",
        "auto_review_status": "auto_seeded_requires_visual_verification",
        "auto_decision": "selected_for_control_set_v1",
        "training_use": "exclude_until_visual_raster_verification",
        "generated_at": "2026-08-01T00:00:00Z",
        "proposed_radius_m": "180.0",
        "tile_side_m": "512",
        "tile_status": "orthophoto_thumbnail_window"
      }
    },
    {
      "type": "Feature",
      "geometry": {
        "type": "Polygon",
        "coordinates": [
          [
            [
              -8.158731681787717,
              42.890284325108496
            ],
            [
              -8.152453824024448,
              42.890284325108496
            ],
            [
              -8.152453824024448,
              42.89488367832445
            ],
            [
              -8.158731681787717,
              42.89488367832445
            ],
            [
              -8.158731681787717,
              42.890284325108496
            ]
          ]
        ]
      },
      "properties": {
        "bank_id": "pos-es-pba-2042",
        "review_seed_id": "review-pos-0323",
        "control_set_id": "control-v1-0029",
        "review_role": "positive",
        "class_hint": "castro_candidate",
        "country": "ES",
        "region": "Galicia",
        "province_or_district": "A Coruña",
        "municipality": "Arzúa",
        "parish": "Maroxo (Santa María)",
        "place": "Maroxo",
        "name": "A Roda do Castro de Maroxo",
        "source": "Xunta PBA Catálogo. Elementos (xuño 2026)",
        "source_quality": "official_catalogue_seed",
        "source_record_id": "2042",
        "source_code": "GA15006024",
        "typology": "",
        "generic_type": "-",
        "periods": "",
        "positive_confidence": "medium_official_name_or_type",
        "morphology_proxy": "coastal_promontory_hint",
        "negative_type": "",
        "review_priority": "P0",
        "original_training_use": "positive_seed_requires_qgis_boundary_review",
        "auto_review_status": "auto_seeded_requires_visual_verification",
        "auto_decision": "selected_for_control_set_v1",
        "training_use": "exclude_until_visual_raster_verification",
        "generated_at": "2026-08-01T00:00:00Z",
        "proposed_radius_m": "150.0",
        "tile_side_m": "512",
        "tile_status": "orthophoto_thumbnail_window"
      }
    },
    {
      "type": "Feature",
      "geometry": {
        "type": "Polygon",
        "coordinates": [
          [
            [
              -8.621011761800307,
              41.6266850767494
            ],
            [
              -8.614858469155578,
              41.6266850767494
            ],
            [
              -8.614858469155578,
              41.631284429965355
            ],
            [
              -8.621011761800307,
              41.631284429965355
            ],
            [
              -8.621011761800307,
              41.6266850767494
            ]
          ]
        ]
      },
      "properties": {
        "bank_id": "pos-pt-dgpc-109384",
        "review_seed_id": "review-pos-0357",
        "control_set_id": "control-v1-0078",
        "review_role": "positive",
        "class_hint": "castro_candidate",
        "country": "PT",
        "region": "Norte de Portugal",
        "province_or_district": "Braga",
        "municipality": "Barcelos",
        "parish": "Cossourado",
        "place": "",
        "name": "Castro de São Simão",
        "source": "DGPC Portal do Arqueólogo Sitios_Arqueologicos",
        "source_quality": "official_catalogue_seed",
        "source_record_id": "109384",
        "source_code": "19170",
        "typology": "Povoado Fortificado",
        "generic_type": "",
        "periods": "Idade do Ferro;",
        "positive_confidence": "medium_official_name_or_type",
        "morphology_proxy": "earthwork_or_wall_hint",
        "negative_type": "",
        "review_priority": "P0",
        "original_training_use": "positive_seed_requires_qgis_boundary_review",
        "auto_review_status": "auto_seeded_requires_visual_verification",
        "auto_decision": "selected_for_control_set_v1",
        "training_use": "exclude_until_visual_raster_verification",
        "generated_at": "2026-08-01T00:00:00Z",
        "proposed_radius_m": "130.0",
        "tile_side_m": "512",
        "tile_status": "orthophoto_thumbnail_window"
      }
    },
    {
      "type": "Feature",
      "geometry": {
        "type": "Polygon",
        "coordinates": [
          [
            [
              -8.779949156631337,
              41.59745222726569
            ],
            [
              -8.773798652113369,
              41.59745222726569
            ],
            [
              -8.773798652113369,
              41.60205158048164
            ],
            [
              -8.779949156631337,
              41.60205158048164
            ],
            [
              -8.779949156631337,
              41.59745222726569
            ]
          ]
        ]
      },
      "properties": {
        "bank_id": "pos-pt-dgpc-107784",
        "review_seed_id": "review-pos-0359",
        "control_set_id": "control-v1-0009",
        "review_role": "positive",
        "class_hint": "castro_candidate",
        "country": "PT",
        "region": "Norte de Portugal",
        "province_or_district": "Braga",
        "municipality": "Esposende",
        "parish": "Antas",
        "place": "",
        "name": "Cividade de Belinho/Cidade de Belinho",
        "source": "DGPC Portal do Arqueólogo Sitios_Arqueologicos",
        "source_quality": "official_catalogue_seed",
        "source_record_id": "107784",
        "source_code": "1318",
        "typology": "Povoado Fortificado",
        "generic_type": "",
        "periods": "Romano;Idade do Ferro;",
        "positive_confidence": "medium_official_name_or_type",
        "morphology_proxy": "large_castrexo_civitas_hint",
        "negative_type": "",
        "review_priority": "P0",
        "original_training_use": "positive_seed_requires_qgis_boundary_review",
        "auto_review_status": "auto_seeded_requires_visual_verification",
        "auto_decision": "selected_for_control_set_v1",
        "training_use": "exclude_until_visual_raster_verification",
        "generated_at": "2026-08-01T00:00:00Z",
        "proposed_radius_m": "180.0",
        "tile_side_m": "512",
        "tile_status": "orthophoto_thumbnail_window"
      }
    },
    {
      "type": "Feature",
      "geometry": {
        "type": "Polygon",
        "coordinates": [
          [
            [
              -8.30029627265287,
              41.27509345044354
            ],
            [
              -8.294176241584784,
              41.27509345044354
            ],
            [
              -8.294176241584784,
              41.27969280365949
            ],
            [
              -8.30029627265287,
              41.27969280365949
            ],
            [
              -8.30029627265287,
              41.27509345044354
            ]
          ]
        ]
      },
      "properties": {
        "bank_id": "pos-pt-dgpc-105178",
        "review_seed_id": "review-pos-0362",
        "control_set_id": "control-v1-0098",
        "review_role": "positive",
        "class_hint": "castro_candidate",
        "country": "PT",
        "region": "Norte de Portugal",
        "province_or_district": "Porto",
        "municipality": "Lousada",
        "parish": "Cristelos, Boim e Ordem",
        "place": "",
        "name": "Castro de São Domingos/ Cristelos",
        "source": "DGPC Portal do Arqueólogo Sitios_Arqueologicos",
        "source_quality": "official_catalogue_seed",
        "source_record_id": "105178",
        "source_code": "3604",
        "typology": "Povoado Fortificado",
        "generic_type": "",
        "periods": "Idade do Ferro;",
        "positive_confidence": "medium_official_name_or_type",
        "morphology_proxy": "earthwork_or_wall_hint",
        "negative_type": "",
        "review_priority": "P0",
        "original_training_use": "positive_seed_requires_qgis_boundary_review",
        "auto_review_status": "auto_seeded_requires_visual_verification",
        "auto_decision": "selected_for_control_set_v1",
        "training_use": "exclude_until_visual_raster_verification",
        "generated_at": "2026-08-01T00:00:00Z",
        "proposed_radius_m": "130.0",
        "tile_side_m": "512",
        "tile_status": "orthophoto_thumbnail_window"
      }
    },
    {
      "type": "Feature",
      "geometry": {
        "type": "Polygon",
        "coordinates": [
          [
            [
              -7.122626807424108,
              42.94467568603313
            ],
            [
              -7.116343405354909,
              42.94467568603313
            ],
            [
              -7.116343405354909,
              42.94927503924908
            ],
            [
              -7.122626807424108,
              42.94927503924908
            ],
            [
              -7.122626807424108,
              42.94467568603313
            ]
          ]
        ]
      },
      "properties": {
        "bank_id": "pos-es-pba-28392",
        "review_seed_id": "review-pos-0378",
        "control_set_id": "control-v1-0055",
        "review_role": "positive",
        "class_hint": "castro_candidate",
        "country": "ES",
        "region": "Galicia",
        "province_or_district": "Lugo",
        "municipality": "Becerreá",
        "parish": "Quintá de Cancelada (Santa Eulalia)",
        "place": "Castel de María",
        "name": "Castro de Castelmaría",
        "source": "Xunta PBA Catálogo. Elementos (xuño 2026)",
        "source_quality": "official_catalogue_seed",
        "source_record_id": "28392",
        "source_code": "GA27006012",
        "typology": "Castro",
        "generic_type": "-",
        "periods": "",
        "positive_confidence": "high_official_typology",
        "morphology_proxy": "coastal_promontory_hint",
        "negative_type": "",
        "review_priority": "P0",
        "original_training_use": "positive_seed_requires_qgis_boundary_review",
        "auto_review_status": "auto_seeded_requires_visual_verification",
        "auto_decision": "selected_for_control_set_v1",
        "training_use": "exclude_until_visual_raster_verification",
        "generated_at": "2026-08-01T00:00:00Z",
        "proposed_radius_m": "150.0",
        "tile_side_m": "512",
        "tile_status": "orthophoto_thumbnail_window"
      }
    },
    {
      "type": "Feature",
      "geometry": {
        "type": "Polygon",
        "coordinates": [
          [
            [
              -8.31891383616915,
              41.52537308438414
            ],
            [
              -8.312770188696723,
              41.52537308438414
            ],
            [
              -8.312770188696723,
              41.529972437600094
            ],
            [
              -8.31891383616915,
              41.529972437600094
            ],
            [
              -8.31891383616915,
              41.52537308438414
            ]
          ]
        ]
      },
      "properties": {
        "bank_id": "pos-pt-dgpc-107424",
        "review_seed_id": "review-pos-0406",
        "control_set_id": "control-v1-0010",
        "review_role": "positive",
        "class_hint": "castro_candidate",
        "country": "PT",
        "region": "Norte de Portugal",
        "province_or_district": "Braga",
        "municipality": "Guimarães",
        "parish": "Briteiros São Salvador e Briteiros Santa Leucádia",
        "place": "",
        "name": "Citânia de Briteiros",
        "source": "DGPC Portal do Arqueólogo Sitios_Arqueologicos",
        "source_quality": "official_catalogue_seed",
        "source_record_id": "107424",
        "source_code": "231",
        "typology": "Povoado Fortificado",
        "generic_type": "Arte Rupestre;",
        "periods": "Idade do Ferro;Idade Média;Romano;",
        "positive_confidence": "medium_official_name_or_type",
        "morphology_proxy": "large_castrexo_civitas_hint",
        "negative_type": "",
        "review_priority": "P0",
        "original_training_use": "positive_seed_requires_qgis_boundary_review",
        "auto_review_status": "auto_seeded_requires_visual_verification",
        "auto_decision": "selected_for_control_set_v1",
        "training_use": "exclude_until_visual_raster_verification",
        "generated_at": "2026-08-01T00:00:00Z",
        "proposed_radius_m": "180.0",
        "tile_side_m": "512",
        "tile_status": "orthophoto_thumbnail_window"
      }
    },
    {
      "type": "Feature",
      "geometry": {
        "type": "Polygon",
        "coordinates": [
          [
            [
              -8.265962064340838,
              43.30460315977816
            ],
            [
              -8.25964158114885,
              43.30460315977816
            ],
            [
              -8.25964158114885,
              43.30920251299411
            ],
            [
              -8.265962064340838,
              43.30920251299411
            ],
            [
              -8.265962064340838,
              43.30460315977816
            ]
          ]
        ]
      },
      "properties": {
        "bank_id": "pos-es-pba-1275",
        "review_seed_id": "review-pos-0415",
        "control_set_id": "control-v1-0030",
        "review_role": "positive",
        "class_hint": "castro_candidate",
        "country": "ES",
        "region": "Galicia",
        "province_or_district": "A Coruña",
        "municipality": "Bergondo",
        "parish": "Santa Marta de Babío (Santa Marta)",
        "place": "Aldea de Arriba, A",
        "name": "Castro de Santa Marta de Babío",
        "source": "Xunta PBA Catálogo. Elementos (xuño 2026)",
        "source_quality": "official_catalogue_seed",
        "source_record_id": "1275",
        "source_code": "GA15008002",
        "typology": "",
        "generic_type": "-",
        "periods": "",
        "positive_confidence": "medium_official_name_or_type",
        "morphology_proxy": "coastal_promontory_hint",
        "negative_type": "",
        "review_priority": "P0",
        "original_training_use": "positive_seed_requires_qgis_boundary_review",
        "auto_review_status": "auto_seeded_requires_visual_verification",
        "auto_decision": "selected_for_control_set_v1",
        "training_use": "exclude_until_visual_raster_verification",
        "generated_at": "2026-08-01T00:00:00Z",
        "proposed_radius_m": "150.0",
        "tile_side_m": "512",
        "tile_status": "orthophoto_thumbnail_window"
      }
    },
    {
      "type": "Feature",
      "geometry": {
        "type": "Polygon",
        "coordinates": [
          [
            [
              -7.731935882544861,
              43.15226670747629
            ],
            [
              -7.725631177306258,
              43.15226670747629
            ],
            [
              -7.725631177306258,
              43.15686606069224
            ],
            [
              -7.731935882544861,
              43.15686606069224
            ],
            [
              -7.731935882544861,
              43.15226670747629
            ]
          ]
        ]
      },
      "properties": {
        "bank_id": "pos-es-pba-28320",
        "review_seed_id": "review-pos-0423",
        "control_set_id": "control-v1-0056",
        "review_role": "positive",
        "class_hint": "castro_candidate",
        "country": "ES",
        "region": "Galicia",
        "province_or_district": "Lugo",
        "municipality": "Begonte",
        "parish": "O Castro (Santa María)",
        "place": "Castro, O",
        "name": "Castro de Santa María",
        "source": "Xunta PBA Catálogo. Elementos (xuño 2026)",
        "source_quality": "official_catalogue_seed",
        "source_record_id": "28320",
        "source_code": "GA27007014",
        "typology": "Castro",
        "generic_type": "-",
        "periods": "",
        "positive_confidence": "high_official_typology",
        "morphology_proxy": "coastal_promontory_hint",
        "negative_type": "",
        "review_priority": "P0",
        "original_training_use": "positive_seed_requires_qgis_boundary_review",
        "auto_review_status": "auto_seeded_requires_visual_verification",
        "auto_decision": "selected_for_control_set_v1",
        "training_use": "exclude_until_visual_raster_verification",
        "generated_at": "2026-08-01T00:00:00Z",
        "proposed_radius_m": "150.0",
        "tile_side_m": "512",
        "tile_status": "orthophoto_thumbnail_window"
      }
    },
    {
      "type": "Feature",
      "geometry": {
        "type": "Polygon",
        "coordinates": [
          [
            [
              -7.045406963017815,
              42.8621828650807
            ],
            [
              -7.039131963690965,
              42.8621828650807
            ],
            [
              -7.039131963690965,
              42.86678221829665
            ],
            [
              -7.045406963017815,
              42.86678221829665
            ],
            [
              -7.045406963017815,
              42.8621828650807
            ]
          ]
        ]
      },
      "properties": {
        "bank_id": "pos-es-pba-29460",
        "review_seed_id": "review-pos-0424",
        "control_set_id": "control-v1-0062",
        "review_role": "positive",
        "class_hint": "castro_candidate",
        "country": "ES",
        "region": "Galicia",
        "province_or_district": "Lugo",
        "municipality": "Cervantes",
        "parish": "O Castro (Santa María)",
        "place": "Castro, O",
        "name": "Casa reitoral de Santa María do Castro",
        "source": "Xunta PBA Catálogo. Elementos (xuño 2026)",
        "source_quality": "official_catalogue_seed",
        "source_record_id": "29460",
        "source_code": "-",
        "typology": "",
        "generic_type": "-",
        "periods": "",
        "positive_confidence": "medium_official_name_or_type",
        "morphology_proxy": "coastal_promontory_hint",
        "negative_type": "",
        "review_priority": "P0",
        "original_training_use": "positive_seed_requires_qgis_boundary_review",
        "auto_review_status": "auto_seeded_requires_visual_verification",
        "auto_decision": "selected_for_control_set_v1",
        "training_use": "exclude_until_visual_raster_verification",
        "generated_at": "2026-08-01T00:00:00Z",
        "proposed_radius_m": "150.0",
        "tile_side_m": "512",
        "tile_status": "orthophoto_thumbnail_window"
      }
    },
    {
      "type": "Feature",
      "geometry": {
        "type": "Polygon",
        "coordinates": [
          [
            [
              -8.420994022047282,
              41.578736603950176
            ],
            [
              -8.41484530039352,
              41.578736603950176
            ],
            [
              -8.41484530039352,
              41.58333595716613
            ],
            [
              -8.420994022047282,
              41.58333595716613
            ],
            [
              -8.420994022047282,
              41.578736603950176
            ]
          ]
        ]
      },
      "properties": {
        "bank_id": "pos-pt-dgpc-107708",
        "review_seed_id": "review-pos-0449",
        "control_set_id": "control-v1-0079",
        "review_role": "positive",
        "class_hint": "castro_candidate",
        "country": "PT",
        "region": "Norte de Portugal",
        "province_or_district": "Braga",
        "municipality": "Braga",
        "parish": "Palmeira",
        "place": "",
        "name": "Castro da Sola",
        "source": "DGPC Portal do Arqueólogo Sitios_Arqueologicos",
        "source_quality": "official_catalogue_seed",
        "source_record_id": "107708",
        "source_code": "1540",
        "typology": "Povoado Fortificado",
        "generic_type": "",
        "periods": "Idade do Bronze;Idade do Ferro;Romano;",
        "positive_confidence": "medium_official_name_or_type",
        "morphology_proxy": "earthwork_or_wall_hint",
        "negative_type": "",
        "review_priority": "P0",
        "original_training_use": "positive_seed_requires_qgis_boundary_review",
        "auto_review_status": "auto_seeded_requires_visual_verification",
        "auto_decision": "selected_for_control_set_v1",
        "training_use": "exclude_until_visual_raster_verification",
        "generated_at": "2026-08-01T00:00:00Z",
        "proposed_radius_m": "130.0",
        "tile_side_m": "512",
        "tile_status": "orthophoto_thumbnail_window"
      }
    },
    {
      "type": "Feature",
      "geometry": {
        "type": "Polygon",
        "coordinates": [
          [
            [
              -8.344621625905797,
              41.50930264623053
            ],
            [
              -8.33847950384063,
              41.50930264623053
            ],
            [
              -8.33847950384063,
              41.51390199944648
            ],
            [
              -8.344621625905797,
              41.51390199944648
            ],
            [
              -8.344621625905797,
              41.50930264623053
            ]
          ]
        ]
      },
      "properties": {
        "bank_id": "pos-pt-dgpc-108140",
        "review_seed_id": "review-pos-0451",
        "control_set_id": "control-v1-0021",
        "review_role": "positive",
        "class_hint": "castro_candidate",
        "country": "PT",
        "region": "Norte de Portugal",
        "province_or_district": "Braga",
        "municipality": "Guimarães",
        "parish": "Sande São Lourenço e Balazar",
        "place": "",
        "name": "Citânia de Sabroso",
        "source": "DGPC Portal do Arqueólogo Sitios_Arqueologicos",
        "source_quality": "official_catalogue_seed",
        "source_record_id": "108140",
        "source_code": "495",
        "typology": "Povoado Fortificado",
        "generic_type": "",
        "periods": "Romano;Idade do Ferro;",
        "positive_confidence": "medium_official_name_or_type",
        "morphology_proxy": "large_castrexo_civitas_hint",
        "negative_type": "",
        "review_priority": "P0",
        "original_training_use": "positive_seed_requires_qgis_boundary_review",
        "auto_review_status": "auto_seeded_requires_visual_verification",
        "auto_decision": "selected_for_control_set_v1",
        "training_use": "exclude_until_visual_raster_verification",
        "generated_at": "2026-08-01T00:00:00Z",
        "proposed_radius_m": "180.0",
        "tile_side_m": "512",
        "tile_status": "orthophoto_thumbnail_window"
      }
    },
    {
      "type": "Feature",
      "geometry": {
        "type": "Polygon",
        "coordinates": [
          [
            [
              -8.16522120328084,
              42.980034843083246
            ],
            [
              -8.158934188629946,
              42.980034843083246
            ],
            [
              -8.158934188629946,
              42.9846341962992
            ],
            [
              -8.16522120328084,
              42.9846341962992
            ],
            [
              -8.16522120328084,
              42.980034843083246
            ]
          ]
        ]
      },
      "properties": {
        "bank_id": "pos-es-pba-2764",
        "review_seed_id": "review-pos-0460",
        "control_set_id": "control-v1-0031",
        "review_role": "positive",
        "class_hint": "castro_candidate",
        "country": "ES",
        "region": "Galicia",
        "province_or_district": "A Coruña",
        "municipality": "Boimorto",
        "parish": "Sendelle (Santa María)",
        "place": "Marco de Arriba, O",
        "name": "Castro de Marco de Arriba",
        "source": "Xunta PBA Catálogo. Elementos (xuño 2026)",
        "source_quality": "official_catalogue_seed",
        "source_record_id": "2764",
        "source_code": "GA15010004",
        "typology": "",
        "generic_type": "-",
        "periods": "",
        "positive_confidence": "medium_official_name_or_type",
        "morphology_proxy": "coastal_promontory_hint",
        "negative_type": "",
        "review_priority": "P0",
        "original_training_use": "positive_seed_requires_qgis_boundary_review",
        "auto_review_status": "auto_seeded_requires_visual_verification",
        "auto_decision": "selected_for_control_set_v1",
        "training_use": "exclude_until_visual_raster_verification",
        "generated_at": "2026-08-01T00:00:00Z",
        "proposed_radius_m": "150.0",
        "tile_side_m": "512",
        "tile_status": "orthophoto_thumbnail_window"
      }
    },
    {
      "type": "Feature",
      "geometry": {
        "type": "Polygon",
        "coordinates": [
          [
            [
              -7.3612407179246855,
              43.66763404195229
            ],
            [
              -7.354882132191918,
              43.66763404195229
            ],
            [
              -7.354882132191918,
              43.67223339516824
            ],
            [
              -7.3612407179246855,
              43.67223339516824
            ],
            [
              -7.3612407179246855,
              43.66763404195229
            ]
          ]
        ]
      },
      "properties": {
        "bank_id": "pos-es-pba-44141",
        "review_seed_id": "review-pos-0468",
        "control_set_id": "control-v1-0057",
        "review_role": "positive",
        "class_hint": "castro_candidate",
        "country": "ES",
        "region": "Galicia",
        "province_or_district": "Lugo",
        "municipality": "Burela",
        "parish": "Burela (Santa María)",
        "place": "Vilar",
        "name": "Castro de Cabo Burela",
        "source": "Xunta PBA Catálogo. Elementos (xuño 2026)",
        "source_quality": "official_catalogue_seed",
        "source_record_id": "44141",
        "source_code": "GA27902001",
        "typology": "Castro",
        "generic_type": "-",
        "periods": "",
        "positive_confidence": "high_official_typology",
        "morphology_proxy": "coastal_promontory_hint",
        "negative_type": "",
        "review_priority": "P0",
        "original_training_use": "positive_seed_requires_qgis_boundary_review",
        "auto_review_status": "auto_seeded_requires_visual_verification",
        "auto_decision": "selected_for_control_set_v1",
        "training_use": "exclude_until_visual_raster_verification",
        "generated_at": "2026-08-01T00:00:00Z",
        "proposed_radius_m": "150.0",
        "tile_side_m": "512",
        "tile_status": "orthophoto_thumbnail_window"
      }
    },
    {
      "type": "Feature",
      "geometry": {
        "type": "Polygon",
        "coordinates": [
          [
            [
              -8.429363476694268,
              41.44230954013125
            ],
            [
              -8.423227700271353,
              41.44230954013125
            ],
            [
              -8.423227700271353,
              41.4469088933472
            ],
            [
              -8.429363476694268,
              41.4469088933472
            ],
            [
              -8.429363476694268,
              41.44230954013125
            ]
          ]
        ]
      },
      "properties": {
        "bank_id": "pos-pt-dgpc-107222",
        "review_seed_id": "review-pos-0495",
        "control_set_id": "control-v1-0011",
        "review_role": "positive",
        "class_hint": "castro_candidate",
        "country": "PT",
        "region": "Norte de Portugal",
        "province_or_district": "Braga",
        "municipality": "Vila Nova de Famalicão",
        "parish": "Joane",
        "place": "",
        "name": "Cividade",
        "source": "DGPC Portal do Arqueólogo Sitios_Arqueologicos",
        "source_quality": "official_catalogue_seed",
        "source_record_id": "107222",
        "source_code": "6952",
        "typology": "Inscrição",
        "generic_type": "",
        "periods": "Indeterminado;",
        "positive_confidence": "medium_official_name_or_type",
        "morphology_proxy": "large_castrexo_civitas_hint",
        "negative_type": "",
        "review_priority": "P0",
        "original_training_use": "positive_seed_requires_qgis_boundary_review",
        "auto_review_status": "auto_seeded_requires_visual_verification",
        "auto_decision": "selected_for_control_set_v1",
        "training_use": "exclude_until_visual_raster_verification",
        "generated_at": "2026-08-01T00:00:00Z",
        "proposed_radius_m": "180.0",
        "tile_side_m": "512",
        "tile_status": "orthophoto_thumbnail_window"
      }
    },
    {
      "type": "Feature",
      "geometry": {
        "type": "Polygon",
        "coordinates": [
          [
            [
              -8.23032418299856,
              41.09544811759051
            ],
            [
              -8.22422092008014,
              41.09544811759051
            ],
            [
              -8.22422092008014,
              41.10004747080646
            ],
            [
              -8.23032418299856,
              41.10004747080646
            ],
            [
              -8.23032418299856,
              41.09544811759051
            ]
          ]
        ]
      },
      "properties": {
        "bank_id": "pos-pt-dgpc-105226",
        "review_seed_id": "review-pos-0498",
        "control_set_id": "control-v1-0099",
        "review_role": "positive",
        "class_hint": "castro_candidate",
        "country": "PT",
        "region": "Norte de Portugal",
        "province_or_district": "Porto",
        "municipality": "Marco de Canaveses",
        "parish": "Bem Viver",
        "place": "",
        "name": "Arados/Castro de Arados",
        "source": "DGPC Portal do Arqueólogo Sitios_Arqueologicos",
        "source_quality": "official_catalogue_seed",
        "source_record_id": "105226",
        "source_code": "776",
        "typology": "Povoado Fortificado",
        "generic_type": "",
        "periods": "Romano;Idade do Ferro;",
        "positive_confidence": "medium_official_name_or_type",
        "morphology_proxy": "earthwork_or_wall_hint",
        "negative_type": "",
        "review_priority": "P0",
        "original_training_use": "positive_seed_requires_qgis_boundary_review",
        "auto_review_status": "auto_seeded_requires_visual_verification",
        "auto_decision": "selected_for_control_set_v1",
        "training_use": "exclude_until_visual_raster_verification",
        "generated_at": "2026-08-01T00:00:00Z",
        "proposed_radius_m": "130.0",
        "tile_side_m": "512",
        "tile_status": "orthophoto_thumbnail_window"
      }
    },
    {
      "type": "Feature",
      "geometry": {
        "type": "Polygon",
        "coordinates": [
          [
            [
              -8.875781604044231,
              42.61952211555031
            ],
            [
              -8.869531117548426,
              42.61952211555031
            ],
            [
              -8.869531117548426,
              42.62412146876626
            ],
            [
              -8.875781604044231,
              42.62412146876626
            ],
            [
              -8.875781604044231,
              42.61952211555031
            ]
          ]
        ]
      },
      "properties": {
        "bank_id": "pos-es-pba-2609",
        "review_seed_id": "review-pos-0504",
        "control_set_id": "control-v1-0032",
        "review_role": "positive",
        "class_hint": "castro_candidate",
        "country": "ES",
        "region": "Galicia",
        "province_or_district": "A Coruña",
        "municipality": "Boiro",
        "parish": "Castro (Santa María)",
        "place": "Romarís",
        "name": "Igrexa de Castro (Parroquial de Santa María)",
        "source": "Xunta PBA Catálogo. Elementos (xuño 2026)",
        "source_quality": "official_catalogue_seed",
        "source_record_id": "2609",
        "source_code": "-",
        "typology": "Igrexa",
        "generic_type": "-",
        "periods": "",
        "positive_confidence": "medium_official_name_or_type",
        "morphology_proxy": "coastal_promontory_hint",
        "negative_type": "",
        "review_priority": "P0",
        "original_training_use": "positive_seed_requires_qgis_boundary_review",
        "auto_review_status": "auto_seeded_requires_visual_verification",
        "auto_decision": "selected_for_control_set_v1",
        "training_use": "exclude_until_visual_raster_verification",
        "generated_at": "2026-08-01T00:00:00Z",
        "proposed_radius_m": "150.0",
        "tile_side_m": "512",
        "tile_status": "orthophoto_thumbnail_window"
      }
    },
    {
      "type": "Feature",
      "geometry": {
        "type": "Polygon",
        "coordinates": [
          [
            [
              -7.511459633746794,
              42.5935810232997
            ],
            [
              -7.505211749792592,
              42.5935810232997
            ],
            [
              -7.505211749792592,
              42.59818037651565
            ],
            [
              -7.511459633746794,
              42.59818037651565
            ],
            [
              -7.511459633746794,
              42.5935810232997
            ]
          ]
        ]
      },
      "properties": {
        "bank_id": "pos-es-pba-28792",
        "review_seed_id": "review-pos-0512",
        "control_set_id": "control-v1-0058",
        "review_role": "positive",
        "class_hint": "castro_candidate",
        "country": "ES",
        "region": "Galicia",
        "province_or_district": "Lugo",
        "municipality": "Bóveda",
        "parish": "Vilalpape (San Bartolomeu)",
        "place": "Val de Miotos",
        "name": "Castro de Marzán",
        "source": "Xunta PBA Catálogo. Elementos (xuño 2026)",
        "source_quality": "official_catalogue_seed",
        "source_record_id": "28792",
        "source_code": "GA27008022",
        "typology": "Castro",
        "generic_type": "-",
        "periods": "",
        "positive_confidence": "high_official_typology",
        "morphology_proxy": "coastal_promontory_hint",
        "negative_type": "",
        "review_priority": "P0",
        "original_training_use": "positive_seed_requires_qgis_boundary_review",
        "auto_review_status": "auto_seeded_requires_visual_verification",
        "auto_decision": "selected_for_control_set_v1",
        "training_use": "exclude_until_visual_raster_verification",
        "generated_at": "2026-08-01T00:00:00Z",
        "proposed_radius_m": "150.0",
        "tile_side_m": "512",
        "tile_status": "orthophoto_thumbnail_window"
      }
    },
    {
      "type": "Feature",
      "geometry": {
        "type": "Polygon",
        "coordinates": [
          [
            [
              -8.07520715440658,
              41.391797210958764
            ],
            [
              -8.069076148351911,
              41.391797210958764
            ],
            [
              -8.069076148351911,
              41.396396564174715
            ],
            [
              -8.07520715440658,
              41.396396564174715
            ],
            [
              -8.07520715440658,
              41.391797210958764
            ]
          ]
        ]
      },
      "properties": {
        "bank_id": "pos-pt-dgpc-107213",
        "review_seed_id": "review-pos-0535",
        "control_set_id": "control-v1-0080",
        "review_role": "positive",
        "class_hint": "castro_candidate",
        "country": "PT",
        "region": "Norte de Portugal",
        "province_or_district": "Braga",
        "municipality": "Celorico de Basto",
        "parish": "Borba de Montanha",
        "place": "",
        "name": "Castro da Barrega",
        "source": "DGPC Portal do Arqueólogo Sitios_Arqueologicos",
        "source_quality": "official_catalogue_seed",
        "source_record_id": "107213",
        "source_code": "20236",
        "typology": "Povoado Fortificado",
        "generic_type": "",
        "periods": "Idade do Ferro;",
        "positive_confidence": "medium_official_name_or_type",
        "morphology_proxy": "earthwork_or_wall_hint",
        "negative_type": "",
        "review_priority": "P0",
        "original_training_use": "positive_seed_requires_qgis_boundary_review",
        "auto_review_status": "auto_seeded_requires_visual_verification",
        "auto_decision": "selected_for_control_set_v1",
        "training_use": "exclude_until_visual_raster_verification",
        "generated_at": "2026-08-01T00:00:00Z",
        "proposed_radius_m": "130.0",
        "tile_side_m": "512",
        "tile_status": "orthophoto_thumbnail_window"
      }
    },
    {
      "type": "Feature",
      "geometry": {
        "type": "Polygon",
        "coordinates": [
          [
            [
              -8.396645175755634,
              41.6867172362454
            ],
            [
              -8.39048614448998,
              41.6867172362454
            ],
            [
              -8.39048614448998,
              41.69131658946135
            ],
            [
              -8.396645175755634,
              41.69131658946135
            ],
            [
              -8.396645175755634,
              41.6867172362454
            ]
          ]
        ]
      },
      "properties": {
        "bank_id": "pos-pt-dgpc-109406",
        "review_seed_id": "review-pos-0537",
        "control_set_id": "control-v1-0012",
        "review_role": "positive",
        "class_hint": "castro_candidate",
        "country": "PT",
        "region": "Norte de Portugal",
        "province_or_district": "Braga",
        "municipality": "Vila Verde",
        "parish": "Ponte",
        "place": "",
        "name": "Citânia de São Julião de Caldelas",
        "source": "DGPC Portal do Arqueólogo Sitios_Arqueologicos",
        "source_quality": "official_catalogue_seed",
        "source_record_id": "109406",
        "source_code": "1237",
        "typology": "Povoado Fortificado",
        "generic_type": "",
        "periods": "Idade do Ferro;Romano;Idade do Bronze;",
        "positive_confidence": "medium_official_name_or_type",
        "morphology_proxy": "large_castrexo_civitas_hint",
        "negative_type": "",
        "review_priority": "P0",
        "original_training_use": "positive_seed_requires_qgis_boundary_review",
        "auto_review_status": "auto_seeded_requires_visual_verification",
        "auto_decision": "selected_for_control_set_v1",
        "training_use": "exclude_until_visual_raster_verification",
        "generated_at": "2026-08-01T00:00:00Z",
        "proposed_radius_m": "180.0",
        "tile_side_m": "512",
        "tile_status": "orthophoto_thumbnail_window"
      }
    },
    {
      "type": "Feature",
      "geometry": {
        "type": "Polygon",
        "coordinates": [
          [
            [
              -8.926748297434385,
              43.20307906308278
            ],
            [
              -8.920438343123584,
              43.20307906308278
            ],
            [
              -8.920438343123584,
              43.207678416298734
            ],
            [
              -8.926748297434385,
              43.207678416298734
            ],
            [
              -8.926748297434385,
              43.20307906308278
            ]
          ]
        ]
      },
      "properties": {
        "bank_id": "pos-es-pba-4275",
        "review_seed_id": "review-pos-0545",
        "control_set_id": "control-v1-0033",
        "review_role": "positive",
        "class_hint": "castro_candidate",
        "country": "ES",
        "region": "Galicia",
        "province_or_district": "A Coruña",
        "municipality": "Cabana de Bergantiños",
        "parish": "Cesullas (Santo Estevo)",
        "place": "San Fins",
        "name": "Campo da Romaría de San Fins de Castro",
        "source": "Xunta PBA Catálogo. Elementos (xuño 2026)",
        "source_quality": "official_catalogue_seed",
        "source_record_id": "4275",
        "source_code": "-",
        "typology": "",
        "generic_type": "-",
        "periods": "",
        "positive_confidence": "medium_official_name_or_type",
        "morphology_proxy": "coastal_promontory_hint",
        "negative_type": "",
        "review_priority": "P0",
        "original_training_use": "positive_seed_requires_qgis_boundary_review",
        "auto_review_status": "auto_seeded_requires_visual_verification",
        "auto_decision": "selected_for_control_set_v1",
        "training_use": "exclude_until_visual_raster_verification",
        "generated_at": "2026-08-01T00:00:00Z",
        "proposed_radius_m": "150.0",
        "tile_side_m": "512",
        "tile_status": "orthophoto_thumbnail_window"
      }
    },
    {
      "type": "Feature",
      "geometry": {
        "type": "Polygon",
        "coordinates": [
          [
            [
              -7.869237316168155,
              42.556543385909976
            ],
            [
              -7.862993142045985,
              42.556543385909976
            ],
            [
              -7.862993142045985,
              42.56114273912593
            ],
            [
              -7.869237316168155,
              42.56114273912593
            ],
            [
              -7.869237316168155,
              42.556543385909976
            ]
          ]
        ]
      },
      "properties": {
        "bank_id": "pos-es-pba-28508",
        "review_seed_id": "review-pos-0553",
        "control_set_id": "control-v1-0059",
        "review_role": "positive",
        "class_hint": "castro_candidate",
        "country": "ES",
        "region": "Galicia",
        "province_or_district": "Lugo",
        "municipality": "Carballedo",
        "parish": "Santa Mariña do Castro (Santa Mariña)",
        "place": "Santa Mariña",
        "name": "Castro de Santa Mariña",
        "source": "Xunta PBA Catálogo. Elementos (xuño 2026)",
        "source_quality": "official_catalogue_seed",
        "source_record_id": "28508",
        "source_code": "GA27009003",
        "typology": "Castro",
        "generic_type": "-",
        "periods": "",
        "positive_confidence": "high_official_typology",
        "morphology_proxy": "coastal_promontory_hint",
        "negative_type": "",
        "review_priority": "P0",
        "original_training_use": "positive_seed_requires_qgis_boundary_review",
        "auto_review_status": "auto_seeded_requires_visual_verification",
        "auto_decision": "selected_for_control_set_v1",
        "training_use": "exclude_until_visual_raster_verification",
        "generated_at": "2026-08-01T00:00:00Z",
        "proposed_radius_m": "150.0",
        "tile_side_m": "512",
        "tile_status": "orthophoto_thumbnail_window"
      }
    },
    {
      "type": "Feature",
      "geometry": {
        "type": "Polygon",
        "coordinates": [
          [
            [
              -8.764302898740953,
              41.55378239042462
            ],
            [
              -8.758156551617125,
              41.55378239042462
            ],
            [
              -8.758156551617125,
              41.558381743640574
            ],
            [
              -8.764302898740953,
              41.558381743640574
            ],
            [
              -8.764302898740953,
              41.55378239042462
            ]
          ]
        ]
      },
      "properties": {
        "bank_id": "pos-pt-dgpc-107601",
        "review_seed_id": "review-pos-0576",
        "control_set_id": "control-v1-0081",
        "review_role": "positive",
        "class_hint": "castro_candidate",
        "country": "PT",
        "region": "Norte de Portugal",
        "province_or_district": "Braga",
        "municipality": "Esposende",
        "parish": "Vila Chã",
        "place": "",
        "name": "Castro de São Lourenço",
        "source": "DGPC Portal do Arqueólogo Sitios_Arqueologicos",
        "source_quality": "official_catalogue_seed",
        "source_record_id": "107601",
        "source_code": "3178",
        "typology": "Povoado Fortificado",
        "generic_type": "",
        "periods": "Idade do Bronze - Final;Idade Média;Idade do Ferro;Romano;",
        "positive_confidence": "medium_official_name_or_type",
        "morphology_proxy": "earthwork_or_wall_hint",
        "negative_type": "",
        "review_priority": "P0",
        "original_training_use": "positive_seed_requires_qgis_boundary_review",
        "auto_review_status": "auto_seeded_requires_visual_verification",
        "auto_decision": "selected_for_control_set_v1",
        "training_use": "exclude_until_visual_raster_verification",
        "generated_at": "2026-08-01T00:00:00Z",
        "proposed_radius_m": "130.0",
        "tile_side_m": "512",
        "tile_status": "orthophoto_thumbnail_window"
      }
    },
    {
      "type": "Feature",
      "geometry": {
        "type": "Polygon",
        "coordinates": [
          [
            [
              -9.17817226317932,
              43.13557803578815
            ],
            [
              -9.171869278946104,
              43.13557803578815
            ],
            [
              -9.171869278946104,
              43.1401773890041
            ],
            [
              -9.17817226317932,
              43.1401773890041
            ],
            [
              -9.17817226317932,
              43.13557803578815
            ]
          ]
        ]
      },
      "properties": {
        "bank_id": "pos-es-pba-3723",
        "review_seed_id": "review-pos-0585",
        "control_set_id": "control-v1-0034",
        "review_role": "positive",
        "class_hint": "castro_candidate",
        "country": "ES",
        "region": "Galicia",
        "province_or_district": "A Coruña",
        "municipality": "Camariñas",
        "parish": "Camariñas (San Xurxo)",
        "place": "Area da Vila",
        "name": "Punta do Castro",
        "source": "Xunta PBA Catálogo. Elementos (xuño 2026)",
        "source_quality": "official_catalogue_seed",
        "source_record_id": "3723",
        "source_code": "GA15016005",
        "typology": "",
        "generic_type": "-",
        "periods": "",
        "positive_confidence": "medium_official_name_or_type",
        "morphology_proxy": "coastal_promontory_hint",
        "negative_type": "",
        "review_priority": "P0",
        "original_training_use": "positive_seed_requires_qgis_boundary_review",
        "auto_review_status": "auto_seeded_requires_visual_verification",
        "auto_decision": "selected_for_control_set_v1",
        "training_use": "exclude_until_visual_raster_verification",
        "generated_at": "2026-08-01T00:00:00Z",
        "proposed_radius_m": "150.0",
        "tile_side_m": "512",
        "tile_status": "orthophoto_thumbnail_window"
      }
    },
    {
      "type": "Feature",
      "geometry": {
        "type": "Polygon",
        "coordinates": [
          [
            [
              -7.382310387379321,
              43.190471390209474
            ],
            [
              -7.37600173675781,
              43.190471390209474
            ],
            [
              -7.37600173675781,
              43.195070743425426
            ],
            [
              -7.382310387379321,
              43.195070743425426
            ],
            [
              -7.382310387379321,
              43.190471390209474
            ]
          ]
        ]
      },
      "properties": {
        "bank_id": "pos-es-pba-27820",
        "review_seed_id": "review-pos-0593",
        "control_set_id": "control-v1-0060",
        "review_role": "positive",
        "class_hint": "castro_candidate",
        "country": "ES",
        "region": "Galicia",
        "province_or_district": "Lugo",
        "municipality": "Castro de Rei",
        "parish": "A Azúmara (San Xoán)",
        "place": "Fonte do Val, A",
        "name": "Castro de Azúmara",
        "source": "Xunta PBA Catálogo. Elementos (xuño 2026)",
        "source_quality": "official_catalogue_seed",
        "source_record_id": "27820",
        "source_code": "GA27010023",
        "typology": "Castro",
        "generic_type": "-",
        "periods": "",
        "positive_confidence": "high_official_typology",
        "morphology_proxy": "coastal_promontory_hint",
        "negative_type": "",
        "review_priority": "P0",
        "original_training_use": "positive_seed_requires_qgis_boundary_review",
        "auto_review_status": "auto_seeded_requires_visual_verification",
        "auto_decision": "selected_for_control_set_v1",
        "training_use": "exclude_until_visual_raster_verification",
        "generated_at": "2026-08-01T00:00:00Z",
        "proposed_radius_m": "150.0",
        "tile_side_m": "512",
        "tile_status": "orthophoto_thumbnail_window"
      }
    },
    {
      "type": "Feature",
      "geometry": {
        "type": "Polygon",
        "coordinates": [
          [
            [
              -8.424075007662756,
              41.27647048222236
            ],
            [
              -8.417954847473686,
              41.27647048222236
            ],
            [
              -8.417954847473686,
              41.28106983543831
            ],
            [
              -8.424075007662756,
              41.28106983543831
            ],
            [
              -8.424075007662756,
              41.27647048222236
            ]
          ]
        ]
      },
      "properties": {
        "bank_id": "pos-pt-dgpc-105192",
        "review_seed_id": "review-pos-0618",
        "control_set_id": "control-v1-0100",
        "review_role": "positive",
        "class_hint": "castro_candidate",
        "country": "PT",
        "region": "Norte de Portugal",
        "province_or_district": "Porto",
        "municipality": "Paços de Ferreira",
        "parish": "Penamaior",
        "place": "",
        "name": "Castro de Vila",
        "source": "DGPC Portal do Arqueólogo Sitios_Arqueologicos",
        "source_quality": "official_catalogue_seed",
        "source_record_id": "105192",
        "source_code": "13083",
        "typology": "Povoado Fortificado",
        "generic_type": "",
        "periods": "Idade do Ferro;",
        "positive_confidence": "medium_official_name_or_type",
        "morphology_proxy": "earthwork_or_wall_hint",
        "negative_type": "",
        "review_priority": "P0",
        "original_training_use": "positive_seed_requires_qgis_boundary_review",
        "auto_review_status": "auto_seeded_requires_visual_verification",
        "auto_decision": "selected_for_control_set_v1",
        "training_use": "exclude_until_visual_raster_verification",
        "generated_at": "2026-08-01T00:00:00Z",
        "proposed_radius_m": "130.0",
        "tile_side_m": "512",
        "tile_status": "orthophoto_thumbnail_window"
      }
    },
    {
      "type": "Feature",
      "geometry": {
        "type": "Polygon",
        "coordinates": [
          [
            [
              -7.868972265820706,
              43.7388415421246
            ],
            [
              -7.862606122358804,
              43.7388415421246
            ],
            [
              -7.862606122358804,
              43.74344089534055
            ],
            [
              -7.868972265820706,
              43.74344089534055
            ],
            [
              -7.868972265820706,
              43.7388415421246
            ]
          ]
        ]
      },
      "properties": {
        "bank_id": "pos-es-pba-27149",
        "review_seed_id": "review-pos-0623",
        "control_set_id": "control-v1-0035",
        "review_role": "positive",
        "class_hint": "castro_candidate",
        "country": "ES",
        "region": "Galicia",
        "province_or_district": "A Coruña",
        "municipality": "Cariño",
        "parish": "Cariño (San Bartolomeu)",
        "place": "Cariño",
        "name": "Castro de Cariño/Punta do Castro",
        "source": "Xunta PBA Catálogo. Elementos (xuño 2026)",
        "source_quality": "official_catalogue_seed",
        "source_record_id": "27149",
        "source_code": "GA15901002",
        "typology": "",
        "generic_type": "-",
        "periods": "",
        "positive_confidence": "medium_official_name_or_type",
        "morphology_proxy": "coastal_promontory_hint",
        "negative_type": "",
        "review_priority": "P0",
        "original_training_use": "positive_seed_requires_qgis_boundary_review",
        "auto_review_status": "auto_seeded_requires_visual_verification",
        "auto_decision": "selected_for_control_set_v1",
        "training_use": "exclude_until_visual_raster_verification",
        "generated_at": "2026-08-01T00:00:00Z",
        "proposed_radius_m": "150.0",
        "tile_side_m": "512",
        "tile_status": "orthophoto_thumbnail_window"
      }
    },
    {
      "type": "Feature",
      "geometry": {
        "type": "Polygon",
        "coordinates": [
          [
            [
              -7.2937747171656095,
              43.004024884650754
            ],
            [
              -7.287485247764447,
              43.004024884650754
            ],
            [
              -7.287485247764447,
              43.008624237866705
            ],
            [
              -7.2937747171656095,
              43.008624237866705
            ],
            [
              -7.2937747171656095,
              43.004024884650754
            ]
          ]
        ]
      },
      "properties": {
        "bank_id": "pos-es-pba-27942",
        "review_seed_id": "review-pos-0631",
        "control_set_id": "control-v1-0061",
        "review_role": "positive",
        "class_hint": "castro_candidate",
        "country": "ES",
        "region": "Galicia",
        "province_or_district": "Lugo",
        "municipality": "Castroverde",
        "parish": "Frairía (Santa María)",
        "place": "Frairía, A",
        "name": "Castro de Santa María da Frairía",
        "source": "Xunta PBA Catálogo. Elementos (xuño 2026)",
        "source_quality": "official_catalogue_seed",
        "source_record_id": "27942",
        "source_code": "GA27011065",
        "typology": "Castro",
        "generic_type": "-",
        "periods": "",
        "positive_confidence": "high_official_typology",
        "morphology_proxy": "coastal_promontory_hint",
        "negative_type": "",
        "review_priority": "P0",
        "original_training_use": "positive_seed_requires_qgis_boundary_review",
        "auto_review_status": "auto_seeded_requires_visual_verification",
        "auto_decision": "selected_for_control_set_v1",
        "training_use": "exclude_until_visual_raster_verification",
        "generated_at": "2026-08-01T00:00:00Z",
        "proposed_radius_m": "150.0",
        "tile_side_m": "512",
        "tile_status": "orthophoto_thumbnail_window"
      }
    },
    {
      "type": "Feature",
      "geometry": {
        "type": "Polygon",
        "coordinates": [
          [
            [
              -8.207973900477665,
              41.43005662982264
            ],
            [
              -8.201839282335587,
              41.43005662982264
            ],
            [
              -8.201839282335587,
              41.43465598303859
            ],
            [
              -8.207973900477665,
              41.43465598303859
            ],
            [
              -8.207973900477665,
              41.43005662982264
            ]
          ]
        ]
      },
      "properties": {
        "bank_id": "pos-pt-dgpc-107016",
        "review_seed_id": "review-pos-0651",
        "control_set_id": "control-v1-0082",
        "review_role": "positive",
        "class_hint": "castro_candidate",
        "country": "PT",
        "region": "Norte de Portugal",
        "province_or_district": "Braga",
        "municipality": "Fafe",
        "parish": "Cepães e Fareja",
        "place": "",
        "name": "Castro da Retortinha/Cepães",
        "source": "DGPC Portal do Arqueólogo Sitios_Arqueologicos",
        "source_quality": "official_catalogue_seed",
        "source_record_id": "107016",
        "source_code": "5065",
        "typology": "Povoado Fortificado",
        "generic_type": "",
        "periods": "Idade do Ferro;",
        "positive_confidence": "medium_official_name_or_type",
        "morphology_proxy": "earthwork_or_wall_hint",
        "negative_type": "",
        "review_priority": "P0",
        "original_training_use": "positive_seed_requires_qgis_boundary_review",
        "auto_review_status": "auto_seeded_requires_visual_verification",
        "auto_decision": "selected_for_control_set_v1",
        "training_use": "exclude_until_visual_raster_verification",
        "generated_at": "2026-08-01T00:00:00Z",
        "proposed_radius_m": "130.0",
        "tile_side_m": "512",
        "tile_status": "orthophoto_thumbnail_window"
      }
    },
    {
      "type": "Feature",
      "geometry": {
        "type": "Polygon",
        "coordinates": [
          [
            [
              -8.244977541813245,
              41.49179334264466
            ],
            [
              -8.238837080320796,
              41.49179334264466
            ],
            [
              -8.238837080320796,
              41.496392695860614
            ],
            [
              -8.244977541813245,
              41.496392695860614
            ],
            [
              -8.244977541813245,
              41.49179334264466
            ]
          ]
        ]
      },
      "properties": {
        "bank_id": "pos-pt-dgpc-108039",
        "review_seed_id": "review-pos-0759",
        "control_set_id": "control-v1-0083",
        "review_role": "positive",
        "class_hint": "castro_candidate",
        "country": "PT",
        "region": "Norte de Portugal",
        "province_or_district": "Braga",
        "municipality": "Guimarães",
        "parish": "São Torcato",
        "place": "",
        "name": "Castro",
        "source": "DGPC Portal do Arqueólogo Sitios_Arqueologicos",
        "source_quality": "official_catalogue_seed",
        "source_record_id": "108039",
        "source_code": "33453",
        "typology": "Povoado Fortificado",
        "generic_type": "",
        "periods": "Idade do Ferro;",
        "positive_confidence": "medium_official_name_or_type",
        "morphology_proxy": "earthwork_or_wall_hint",
        "negative_type": "",
        "review_priority": "P0",
        "original_training_use": "positive_seed_requires_qgis_boundary_review",
        "auto_review_status": "auto_seeded_requires_visual_verification",
        "auto_decision": "selected_for_control_set_v1",
        "training_use": "exclude_until_visual_raster_verification",
        "generated_at": "2026-08-01T00:00:00Z",
        "proposed_radius_m": "130.0",
        "tile_side_m": "512",
        "tile_status": "orthophoto_thumbnail_window"
      }
    },
    {
      "type": "Feature",
      "geometry": {
        "type": "Polygon",
        "coordinates": [
          [
            [
              -7.980698375953611,
              43.59213041191841
            ],
            [
              -7.974347773649087,
              43.59213041191841
            ],
            [
              -7.974347773649087,
              43.59672976513436
            ],
            [
              -7.980698375953611,
              43.59672976513436
            ],
            [
              -7.980698375953611,
              43.59213041191841
            ]
          ]
        ]
      },
      "properties": {
        "bank_id": "pos-es-pba-5561",
        "review_seed_id": "review-pos-0767",
        "control_set_id": "control-v1-0036",
        "review_role": "positive",
        "class_hint": "castro_candidate",
        "country": "ES",
        "region": "Galicia",
        "province_or_district": "A Coruña",
        "municipality": "Cerdido",
        "parish": "Cerdido (San Martiño)",
        "place": "Coto, O",
        "name": "Castro Sete (San Martiño de Cerdido)",
        "source": "Xunta PBA Catálogo. Elementos (xuño 2026)",
        "source_quality": "official_catalogue_seed",
        "source_record_id": "5561",
        "source_code": "GA15025003",
        "typology": "",
        "generic_type": "-",
        "periods": "",
        "positive_confidence": "medium_official_name_or_type",
        "morphology_proxy": "coastal_promontory_hint",
        "negative_type": "",
        "review_priority": "P0",
        "original_training_use": "positive_seed_requires_qgis_boundary_review",
        "auto_review_status": "auto_seeded_requires_visual_verification",
        "auto_decision": "selected_for_control_set_v1",
        "training_use": "exclude_until_visual_raster_verification",
        "generated_at": "2026-08-01T00:00:00Z",
        "proposed_radius_m": "150.0",
        "tile_side_m": "512",
        "tile_status": "orthophoto_thumbnail_window"
      }
    },
    {
      "type": "Feature",
      "geometry": {
        "type": "Polygon",
        "coordinates": [
          [
            [
              -7.395700041126168,
              41.196101930145026
            ],
            [
              -7.389587401889618,
              41.196101930145026
            ],
            [
              -7.389587401889618,
              41.20070128336098
            ],
            [
              -7.395700041126168,
              41.20070128336098
            ],
            [
              -7.395700041126168,
              41.196101930145026
            ]
          ]
        ]
      },
      "properties": {
        "bank_id": "pos-pt-dgpc-106059",
        "review_seed_id": "review-pos-0795",
        "control_set_id": "control-v1-0090",
        "review_role": "positive",
        "class_hint": "castro_candidate",
        "country": "PT",
        "region": "Norte de Portugal",
        "province_or_district": "Bragança",
        "municipality": "Carrazeda de Ansiães",
        "parish": "Castanheiro e Ribalonga",
        "place": "",
        "name": "Castro da Rapa",
        "source": "DGPC Portal do Arqueólogo Sitios_Arqueologicos",
        "source_quality": "official_catalogue_seed",
        "source_record_id": "106059",
        "source_code": "16985",
        "typology": "Povoado Fortificado",
        "generic_type": "",
        "periods": "Idade do Bronze;",
        "positive_confidence": "medium_official_name_or_type",
        "morphology_proxy": "earthwork_or_wall_hint",
        "negative_type": "",
        "review_priority": "P0",
        "original_training_use": "positive_seed_requires_qgis_boundary_review",
        "auto_review_status": "auto_seeded_requires_visual_verification",
        "auto_decision": "selected_for_control_set_v1",
        "training_use": "exclude_until_visual_raster_verification",
        "generated_at": "2026-08-01T00:00:00Z",
        "proposed_radius_m": "130.0",
        "tile_side_m": "512",
        "tile_status": "orthophoto_thumbnail_window"
      }
    },
    {
      "type": "Feature",
      "geometry": {
        "type": "Polygon",
        "coordinates": [
          [
            [
              -9.12902581559609,
              42.91112458413484
            ],
            [
              -9.122745835336076,
              42.91112458413484
            ],
            [
              -9.122745835336076,
              42.91572393735079
            ],
            [
              -9.12902581559609,
              42.91572393735079
            ],
            [
              -9.12902581559609,
              42.91112458413484
            ]
          ]
        ]
      },
      "properties": {
        "bank_id": "pos-es-pba-9621",
        "review_seed_id": "review-pos-0801",
        "control_set_id": "control-v1-0037",
        "review_role": "positive",
        "class_hint": "castro_candidate",
        "country": "ES",
        "region": "Galicia",
        "province_or_district": "A Coruña",
        "municipality": "Dumbría",
        "parish": "O zaro (Santa Uxía)",
        "place": "Pena, A",
        "name": "Castro de Castromar",
        "source": "Xunta PBA Catálogo. Elementos (xuño 2026)",
        "source_quality": "official_catalogue_seed",
        "source_record_id": "9621",
        "source_code": "GA15034039",
        "typology": "",
        "generic_type": "-",
        "periods": "",
        "positive_confidence": "medium_official_name_or_type",
        "morphology_proxy": "coastal_promontory_hint",
        "negative_type": "",
        "review_priority": "P0",
        "original_training_use": "positive_seed_requires_qgis_boundary_review",
        "auto_review_status": "auto_seeded_requires_visual_verification",
        "auto_decision": "selected_for_control_set_v1",
        "training_use": "exclude_until_visual_raster_verification",
        "generated_at": "2026-08-01T00:00:00Z",
        "proposed_radius_m": "150.0",
        "tile_side_m": "512",
        "tile_status": "orthophoto_thumbnail_window"
      }
    },
    {
      "type": "Feature",
      "geometry": {
        "type": "Polygon",
        "coordinates": [
          [
            [
              -6.305895287576571,
              41.453874604411375
            ],
            [
              -6.299758417236805,
              41.453874604411375
            ],
            [
              -6.299758417236805,
              41.45847395762733
            ],
            [
              -6.305895287576571,
              41.45847395762733
            ],
            [
              -6.305895287576571,
              41.453874604411375
            ]
          ]
        ]
      },
      "properties": {
        "bank_id": "pos-pt-dgpc-107361",
        "review_seed_id": "review-pos-0827",
        "control_set_id": "control-v1-0091",
        "review_role": "positive",
        "class_hint": "castro_candidate",
        "country": "PT",
        "region": "Norte de Portugal",
        "province_or_district": "Bragança",
        "municipality": "Miranda do Douro",
        "parish": "Duas Igrejas",
        "place": "",
        "name": "Casa do Quinteiro/Castro de Cércio",
        "source": "DGPC Portal do Arqueólogo Sitios_Arqueologicos",
        "source_quality": "official_catalogue_seed",
        "source_record_id": "107361",
        "source_code": "2195",
        "typology": "Povoado Fortificado",
        "generic_type": "",
        "periods": "Idade do Ferro;",
        "positive_confidence": "medium_official_name_or_type",
        "morphology_proxy": "earthwork_or_wall_hint",
        "negative_type": "",
        "review_priority": "P0",
        "original_training_use": "positive_seed_requires_qgis_boundary_review",
        "auto_review_status": "auto_seeded_requires_visual_verification",
        "auto_decision": "selected_for_control_set_v1",
        "training_use": "exclude_until_visual_raster_verification",
        "generated_at": "2026-08-01T00:00:00Z",
        "proposed_radius_m": "130.0",
        "tile_side_m": "512",
        "tile_status": "orthophoto_thumbnail_window"
      }
    },
    {
      "type": "Feature",
      "geometry": {
        "type": "Polygon",
        "coordinates": [
          [
            [
              -8.25230110533298,
              43.53733327673212
            ],
            [
              -8.245956277605574,
              43.53733327673212
            ],
            [
              -8.245956277605574,
              43.54193262994807
            ],
            [
              -8.25230110533298,
              43.54193262994807
            ],
            [
              -8.25230110533298,
              43.53733327673212
            ]
          ]
        ]
      },
      "properties": {
        "bank_id": "pos-es-pba-9183",
        "review_seed_id": "review-pos-0833",
        "control_set_id": "control-v1-0038",
        "review_role": "positive",
        "class_hint": "castro_candidate",
        "country": "ES",
        "region": "Galicia",
        "province_or_district": "A Coruña",
        "municipality": "Ferrol",
        "parish": "Marmancón (San Pedro)",
        "place": "Rilo",
        "name": "Castro de Marmancón/Castro de Papoi",
        "source": "Xunta PBA Catálogo. Elementos (xuño 2026)",
        "source_quality": "official_catalogue_seed",
        "source_record_id": "9183",
        "source_code": "GA15036003",
        "typology": "",
        "generic_type": "-",
        "periods": "",
        "positive_confidence": "medium_official_name_or_type",
        "morphology_proxy": "coastal_promontory_hint",
        "negative_type": "",
        "review_priority": "P0",
        "original_training_use": "positive_seed_requires_qgis_boundary_review",
        "auto_review_status": "auto_seeded_requires_visual_verification",
        "auto_decision": "selected_for_control_set_v1",
        "training_use": "exclude_until_visual_raster_verification",
        "generated_at": "2026-08-01T00:00:00Z",
        "proposed_radius_m": "150.0",
        "tile_side_m": "512",
        "tile_status": "orthophoto_thumbnail_window"
      }
    },
    {
      "type": "Feature",
      "geometry": {
        "type": "Polygon",
        "coordinates": [
          [
            [
              -8.184619578638639,
              41.59325159330766
            ],
            [
              -8.178469474423284,
              41.59325159330766
            ],
            [
              -8.178469474423284,
              41.597850946523614
            ],
            [
              -8.184619578638639,
              41.597850946523614
            ],
            [
              -8.184619578638639,
              41.59325159330766
            ]
          ]
        ]
      },
      "properties": {
        "bank_id": "pos-pt-dgpc-107764",
        "review_seed_id": "review-pos-0858",
        "control_set_id": "control-v1-0084",
        "review_role": "positive",
        "class_hint": "castro_candidate",
        "country": "PT",
        "region": "Norte de Portugal",
        "province_or_district": "Braga",
        "municipality": "Póvoa de Lanhoso",
        "parish": "Esperança e Brunhais",
        "place": "",
        "name": "Castro de Brunhais",
        "source": "DGPC Portal do Arqueólogo Sitios_Arqueologicos",
        "source_quality": "official_catalogue_seed",
        "source_record_id": "107764",
        "source_code": "37448",
        "typology": "Povoado Fortificado",
        "generic_type": "",
        "periods": "Idade do Ferro;",
        "positive_confidence": "medium_official_name_or_type",
        "morphology_proxy": "earthwork_or_wall_hint",
        "negative_type": "",
        "review_priority": "P0",
        "original_training_use": "positive_seed_requires_qgis_boundary_review",
        "auto_review_status": "auto_seeded_requires_visual_verification",
        "auto_decision": "selected_for_control_set_v1",
        "training_use": "exclude_until_visual_raster_verification",
        "generated_at": "2026-08-01T00:00:00Z",
        "proposed_radius_m": "130.0",
        "tile_side_m": "512",
        "tile_status": "orthophoto_thumbnail_window"
      }
    },
    {
      "type": "Feature",
      "geometry": {
        "type": "Polygon",
        "coordinates": [
          [
            [
              -8.208611922022369,
              43.43483245303584
            ],
            [
              -8.202277852256055,
              43.43483245303584
            ],
            [
              -8.202277852256055,
              43.43943180625179
            ],
            [
              -8.208611922022369,
              43.43943180625179
            ],
            [
              -8.208611922022369,
              43.43483245303584
            ]
          ]
        ]
      },
      "properties": {
        "bank_id": "pos-es-pba-1956",
        "review_seed_id": "review-pos-0867",
        "control_set_id": "control-v1-0065",
        "review_role": "positive",
        "class_hint": "castro_candidate",
        "country": "ES",
        "region": "Galicia",
        "province_or_district": "A Coruña",
        "municipality": "Ares",
        "parish": "Caamouco (San Vicente)",
        "place": "O Pallizo",
        "name": "A Roda do Castro",
        "source": "Xunta PBA Catálogo. Elementos (xuño 2026)",
        "source_quality": "official_catalogue_seed",
        "source_record_id": "1956",
        "source_code": "GA15051009",
        "typology": "Asentamento fortificado",
        "generic_type": "-",
        "periods": "",
        "positive_confidence": "medium_official_name_or_type",
        "morphology_proxy": "earthwork_or_wall_hint",
        "negative_type": "",
        "review_priority": "P0",
        "original_training_use": "positive_seed_requires_qgis_boundary_review",
        "auto_review_status": "auto_seeded_requires_visual_verification",
        "auto_decision": "selected_for_control_set_v1",
        "training_use": "exclude_until_visual_raster_verification",
        "generated_at": "2026-08-01T00:00:00Z",
        "proposed_radius_m": "130.0",
        "tile_side_m": "512",
        "tile_status": "orthophoto_thumbnail_window"
      }
    },
    {
      "type": "Feature",
      "geometry": {
        "type": "Polygon",
        "coordinates": [
          [
            [
              -9.237296911966467,
              42.92556558825571
            ],
            [
              -9.231015459618543,
              42.92556558825571
            ],
            [
              -9.231015459618543,
              42.93016494147166
            ],
            [
              -9.237296911966467,
              42.93016494147166
            ],
            [
              -9.237296911966467,
              42.92556558825571
            ]
          ]
        ]
      },
      "properties": {
        "bank_id": "pos-es-pba-9894",
        "review_seed_id": "review-pos-0894",
        "control_set_id": "control-v1-0039",
        "review_role": "positive",
        "class_hint": "castro_candidate",
        "country": "ES",
        "region": "Galicia",
        "province_or_district": "A Coruña",
        "municipality": "Fisterra",
        "parish": "Sardiñeiro (San Xoán)",
        "place": "Sardiñeiro de Abaixo",
        "name": "Castro de Punta Sardiñeiro",
        "source": "Xunta PBA Catálogo. Elementos (xuño 2026)",
        "source_quality": "official_catalogue_seed",
        "source_record_id": "9894",
        "source_code": "GA15037012",
        "typology": "Asentamento fortificado/defensivo",
        "generic_type": "-",
        "periods": "",
        "positive_confidence": "medium_official_name_or_type",
        "morphology_proxy": "coastal_promontory_hint",
        "negative_type": "",
        "review_priority": "P0",
        "original_training_use": "positive_seed_requires_qgis_boundary_review",
        "auto_review_status": "auto_seeded_requires_visual_verification",
        "auto_decision": "selected_for_control_set_v1",
        "training_use": "exclude_until_visual_raster_verification",
        "generated_at": "2026-08-01T00:00:00Z",
        "proposed_radius_m": "150.0",
        "tile_side_m": "512",
        "tile_status": "orthophoto_thumbnail_window"
      }
    },
    {
      "type": "Feature",
      "geometry": {
        "type": "Polygon",
        "coordinates": [
          [
            [
              -8.168122414304303,
              41.62734545621559
            ],
            [
              -8.161969058627193,
              41.62734545621559
            ],
            [
              -8.161969058627193,
              41.631944809431545
            ],
            [
              -8.168122414304303,
              41.631944809431545
            ],
            [
              -8.168122414304303,
              41.62734545621559
            ]
          ]
        ]
      },
      "properties": {
        "bank_id": "pos-pt-dgpc-109395",
        "review_seed_id": "review-pos-0916",
        "control_set_id": "control-v1-0085",
        "review_role": "positive",
        "class_hint": "castro_candidate",
        "country": "PT",
        "region": "Norte de Portugal",
        "province_or_district": "Braga",
        "municipality": "Vieira do Minho",
        "parish": "Tabuaças",
        "place": "",
        "name": "Castro de Atafona",
        "source": "DGPC Portal do Arqueólogo Sitios_Arqueologicos",
        "source_quality": "official_catalogue_seed",
        "source_record_id": "109395",
        "source_code": "30003",
        "typology": "Povoado Fortificado",
        "generic_type": "",
        "periods": "Idade do Ferro;",
        "positive_confidence": "medium_official_name_or_type",
        "morphology_proxy": "earthwork_or_wall_hint",
        "negative_type": "",
        "review_priority": "P0",
        "original_training_use": "positive_seed_requires_qgis_boundary_review",
        "auto_review_status": "auto_seeded_requires_visual_verification",
        "auto_decision": "selected_for_control_set_v1",
        "training_use": "exclude_until_visual_raster_verification",
        "generated_at": "2026-08-01T00:00:00Z",
        "proposed_radius_m": "130.0",
        "tile_side_m": "512",
        "tile_status": "orthophoto_thumbnail_window"
      }
    },
    {
      "type": "Feature",
      "geometry": {
        "type": "Polygon",
        "coordinates": [
          [
            [
              -7.161207428584113,
              41.601162806454106
            ],
            [
              -7.155056570392825,
              41.601162806454106
            ],
            [
              -7.155056570392825,
              41.60576215967006
            ],
            [
              -7.161207428584113,
              41.60576215967006
            ],
            [
              -7.161207428584113,
              41.601162806454106
            ]
          ]
        ]
      },
      "properties": {
        "bank_id": "pos-pt-dgpc-109015",
        "review_seed_id": "review-pos-0917",
        "control_set_id": "control-v1-0092",
        "review_role": "positive",
        "class_hint": "castro_candidate",
        "country": "PT",
        "region": "Norte de Portugal",
        "province_or_district": "Bragança",
        "municipality": "Mirandela",
        "parish": "Múrias",
        "place": "",
        "name": "Castro de São Juzenda",
        "source": "DGPC Portal do Arqueólogo Sitios_Arqueologicos",
        "source_quality": "official_catalogue_seed",
        "source_record_id": "109015",
        "source_code": "136",
        "typology": "Povoado Fortificado",
        "generic_type": "",
        "periods": "Romano;Idade do Ferro;",
        "positive_confidence": "medium_official_name_or_type",
        "morphology_proxy": "earthwork_or_wall_hint",
        "negative_type": "",
        "review_priority": "P0",
        "original_training_use": "positive_seed_requires_qgis_boundary_review",
        "auto_review_status": "auto_seeded_requires_visual_verification",
        "auto_decision": "selected_for_control_set_v1",
        "training_use": "exclude_until_visual_raster_verification",
        "generated_at": "2026-08-01T00:00:00Z",
        "proposed_radius_m": "130.0",
        "tile_side_m": "512",
        "tile_status": "orthophoto_thumbnail_window"
      }
    },
    {
      "type": "Feature",
      "geometry": {
        "type": "Polygon",
        "coordinates": [
          [
            [
              -8.28312741207185,
              43.03850351386392
            ],
            [
              -8.276834409396814,
              43.03850351386392
            ],
            [
              -8.276834409396814,
              43.043102867079874
            ],
            [
              -8.28312741207185,
              43.043102867079874
            ],
            [
              -8.28312741207185,
              43.03850351386392
            ]
          ]
        ]
      },
      "properties": {
        "bank_id": "pos-es-pba-11754",
        "review_seed_id": "review-pos-0922",
        "control_set_id": "control-v1-0040",
        "review_role": "positive",
        "class_hint": "castro_candidate",
        "country": "ES",
        "region": "Galicia",
        "province_or_district": "A Coruña",
        "municipality": "Frades",
        "parish": "Frades (San Martiño)",
        "place": "Vilar, O",
        "name": "Castro de San Amaro",
        "source": "Xunta PBA Catálogo. Elementos (xuño 2026)",
        "source_quality": "official_catalogue_seed",
        "source_record_id": "11754",
        "source_code": "GA15038025",
        "typology": "",
        "generic_type": "-",
        "periods": "",
        "positive_confidence": "medium_official_name_or_type",
        "morphology_proxy": "coastal_promontory_hint",
        "negative_type": "",
        "review_priority": "P0",
        "original_training_use": "positive_seed_requires_qgis_boundary_review",
        "auto_review_status": "auto_seeded_requires_visual_verification",
        "auto_decision": "selected_for_control_set_v1",
        "training_use": "exclude_until_visual_raster_verification",
        "generated_at": "2026-08-01T00:00:00Z",
        "proposed_radius_m": "150.0",
        "tile_side_m": "512",
        "tile_status": "orthophoto_thumbnail_window"
      }
    },
    {
      "type": "Feature",
      "geometry": {
        "type": "Polygon",
        "coordinates": [
          [
            [
              -8.539124695260625,
              41.38975461661547
            ],
            [
              -8.53299388185167,
              41.38975461661547
            ],
            [
              -8.53299388185167,
              41.39435396983142
            ],
            [
              -8.539124695260625,
              41.39435396983142
            ],
            [
              -8.539124695260625,
              41.38975461661547
            ]
          ]
        ]
      },
      "properties": {
        "bank_id": "pos-pt-dgpc-107173",
        "review_seed_id": "review-pos-0944",
        "control_set_id": "control-v1-0086",
        "review_role": "positive",
        "class_hint": "castro_candidate",
        "country": "PT",
        "region": "Norte de Portugal",
        "province_or_district": "Braga",
        "municipality": "Vila Nova de Famalicão",
        "parish": "Vila Nova de Famalicão e Calendário",
        "place": "",
        "name": "Castro de São Miguel-o-Anjo",
        "source": "DGPC Portal do Arqueólogo Sitios_Arqueologicos",
        "source_quality": "official_catalogue_seed",
        "source_record_id": "107173",
        "source_code": "1528",
        "typology": "Povoado Fortificado",
        "generic_type": "",
        "periods": "Romano;Idade do Ferro;",
        "positive_confidence": "medium_official_name_or_type",
        "morphology_proxy": "earthwork_or_wall_hint",
        "negative_type": "",
        "review_priority": "P0",
        "original_training_use": "positive_seed_requires_qgis_boundary_review",
        "auto_review_status": "auto_seeded_requires_visual_verification",
        "auto_decision": "selected_for_control_set_v1",
        "training_use": "exclude_until_visual_raster_verification",
        "generated_at": "2026-08-01T00:00:00Z",
        "proposed_radius_m": "130.0",
        "tile_side_m": "512",
        "tile_status": "orthophoto_thumbnail_window"
      }
    },
    {
      "type": "Feature",
      "geometry": {
        "type": "Polygon",
        "coordinates": [
          [
            [
              -8.085465156555463,
              42.95358550893117
            ],
            [
              -8.079180844802492,
              42.95358550893117
            ],
            [
              -8.079180844802492,
              42.95818486214712
            ],
            [
              -8.085465156555463,
              42.95818486214712
            ],
            [
              -8.085465156555463,
              42.95358550893117
            ]
          ]
        ]
      },
      "properties": {
        "bank_id": "pos-es-pba-12426",
        "review_seed_id": "review-pos-0950",
        "control_set_id": "control-v1-0042",
        "review_role": "positive",
        "class_hint": "castro_candidate",
        "country": "ES",
        "region": "Galicia",
        "province_or_district": "A Coruña",
        "municipality": "Melide",
        "parish": "Maceda (San Pedro)",
        "place": "Piñeiro",
        "name": "Castro de Marrás/O Convento",
        "source": "Xunta PBA Catálogo. Elementos (xuño 2026)",
        "source_quality": "official_catalogue_seed",
        "source_record_id": "12426",
        "source_code": "GA15046011",
        "typology": "",
        "generic_type": "-",
        "periods": "",
        "positive_confidence": "medium_official_name_or_type",
        "morphology_proxy": "coastal_promontory_hint",
        "negative_type": "",
        "review_priority": "P0",
        "original_training_use": "positive_seed_requires_qgis_boundary_review",
        "auto_review_status": "auto_seeded_requires_visual_verification",
        "auto_decision": "selected_for_control_set_v1",
        "training_use": "exclude_until_visual_raster_verification",
        "generated_at": "2026-08-01T00:00:00Z",
        "proposed_radius_m": "150.0",
        "tile_side_m": "512",
        "tile_status": "orthophoto_thumbnail_window"
      }
    },
    {
      "type": "Feature",
      "geometry": {
        "type": "Polygon",
        "coordinates": [
          [
            [
              -6.8322972645048035,
              41.37401094356731
            ],
            [
              -6.826167935280703,
              41.37401094356731
            ],
            [
              -6.826167935280703,
              41.378610296783265
            ],
            [
              -6.8322972645048035,
              41.378610296783265
            ],
            [
              -6.8322972645048035,
              41.37401094356731
            ]
          ]
        ]
      },
      "properties": {
        "bank_id": "pos-pt-dgpc-106948",
        "review_seed_id": "review-pos-0973",
        "control_set_id": "control-v1-0093",
        "review_role": "positive",
        "class_hint": "castro_candidate",
        "country": "PT",
        "region": "Norte de Portugal",
        "province_or_district": "Bragança",
        "municipality": "Mogadouro",
        "parish": "Castro Vicente",
        "place": "",
        "name": "Castro Vicente / Senhor da Fraga / Santo Cristo",
        "source": "DGPC Portal do Arqueólogo Sitios_Arqueologicos",
        "source_quality": "official_catalogue_seed",
        "source_record_id": "106948",
        "source_code": "226",
        "typology": "Povoado Fortificado",
        "generic_type": "",
        "periods": "Idade do Ferro;Romano;Idade Média;",
        "positive_confidence": "medium_official_name_or_type",
        "morphology_proxy": "earthwork_or_wall_hint",
        "negative_type": "",
        "review_priority": "P0",
        "original_training_use": "positive_seed_requires_qgis_boundary_review",
        "auto_review_status": "auto_seeded_requires_visual_verification",
        "auto_decision": "selected_for_control_set_v1",
        "training_use": "exclude_until_visual_raster_verification",
        "generated_at": "2026-08-01T00:00:00Z",
        "proposed_radius_m": "130.0",
        "tile_side_m": "512",
        "tile_status": "orthophoto_thumbnail_window"
      }
    },
    {
      "type": "Feature",
      "geometry": {
        "type": "Polygon",
        "coordinates": [
          [
            [
              -8.201380035319929,
              43.35704692514589
            ],
            [
              -8.195054091715583,
              43.35704692514589
            ],
            [
              -8.195054091715583,
              43.36164627836184
            ],
            [
              -8.201380035319929,
              43.36164627836184
            ],
            [
              -8.201380035319929,
              43.35704692514589
            ]
          ]
        ]
      },
      "properties": {
        "bank_id": "pos-es-pba-13836",
        "review_seed_id": "review-pos-0978",
        "control_set_id": "control-v1-0043",
        "review_role": "positive",
        "class_hint": "castro_candidate",
        "country": "ES",
        "region": "Galicia",
        "province_or_district": "A Coruña",
        "municipality": "Miño",
        "parish": "Castro (Santa María)",
        "place": "Bañobre",
        "name": "Casa reitoral de Santa María de Castro",
        "source": "Xunta PBA Catálogo. Elementos (xuño 2026)",
        "source_quality": "official_catalogue_seed",
        "source_record_id": "13836",
        "source_code": "-",
        "typology": "",
        "generic_type": "-",
        "periods": "",
        "positive_confidence": "medium_official_name_or_type",
        "morphology_proxy": "coastal_promontory_hint",
        "negative_type": "",
        "review_priority": "P0",
        "original_training_use": "positive_seed_requires_qgis_boundary_review",
        "auto_review_status": "auto_seeded_requires_visual_verification",
        "auto_decision": "selected_for_control_set_v1",
        "training_use": "exclude_until_visual_raster_verification",
        "generated_at": "2026-08-01T00:00:00Z",
        "proposed_radius_m": "150.0",
        "tile_side_m": "512",
        "tile_status": "orthophoto_thumbnail_window"
      }
    },
    {
      "type": "Feature",
      "geometry": {
        "type": "Polygon",
        "coordinates": [
          [
            [
              -8.579050215239851,
              43.299208785380955
            ],
            [
              -8.57273029287193,
              43.299208785380955
            ],
            [
              -8.57273029287193,
              43.30380813859691
            ],
            [
              -8.579050215239851,
              43.30380813859691
            ],
            [
              -8.579050215239851,
              43.299208785380955
            ]
          ]
        ]
      },
      "properties": {
        "bank_id": "pos-es-pba-1657",
        "review_seed_id": "review-pos-0980",
        "control_set_id": "control-v1-0066",
        "review_role": "positive",
        "class_hint": "castro_candidate",
        "country": "ES",
        "region": "Galicia",
        "province_or_district": "A Coruña",
        "municipality": "Arteixo",
        "parish": "Sorrizo (San Pedro)",
        "place": "Castelo",
        "name": "Castro de Castelo",
        "source": "Xunta PBA Catálogo. Elementos (xuño 2026)",
        "source_quality": "official_catalogue_seed",
        "source_record_id": "1657",
        "source_code": "GA15005020",
        "typology": "Asentamento fortificado/defensivo",
        "generic_type": "-",
        "periods": "",
        "positive_confidence": "medium_official_name_or_type",
        "morphology_proxy": "earthwork_or_wall_hint",
        "negative_type": "",
        "review_priority": "P0",
        "original_training_use": "positive_seed_requires_qgis_boundary_review",
        "auto_review_status": "auto_seeded_requires_visual_verification",
        "auto_decision": "selected_for_control_set_v1",
        "training_use": "exclude_until_visual_raster_verification",
        "generated_at": "2026-08-01T00:00:00Z",
        "proposed_radius_m": "130.0",
        "tile_side_m": "512",
        "tile_status": "orthophoto_thumbnail_window"
      }
    },
    {
      "type": "Feature",
      "geometry": {
        "type": "Polygon",
        "coordinates": [
          [
            [
              -8.538947935763455,
              41.64861071463933
            ],
            [
              -8.53279254921666,
              41.64861071463933
            ],
            [
              -8.53279254921666,
              41.653210067855284
            ],
            [
              -8.538947935763455,
              41.653210067855284
            ],
            [
              -8.538947935763455,
              41.64861071463933
            ]
          ]
        ]
      },
      "properties": {
        "bank_id": "pos-pt-dgpc-109844",
        "review_seed_id": "review-pos-0998",
        "control_set_id": "control-v1-0087",
        "review_role": "positive",
        "class_hint": "castro_candidate",
        "country": "PT",
        "region": "Norte de Portugal",
        "province_or_district": "Braga",
        "municipality": "Vila Verde",
        "parish": "Escariz (São Memde) e Escariz (São Martinho)",
        "place": "",
        "name": "Castro de Escariz / São Ilus",
        "source": "DGPC Portal do Arqueólogo Sitios_Arqueologicos",
        "source_quality": "official_catalogue_seed",
        "source_record_id": "109844",
        "source_code": "3616",
        "typology": "Povoado Fortificado",
        "generic_type": "",
        "periods": "Idade do Ferro;Romano;",
        "positive_confidence": "medium_official_name_or_type",
        "morphology_proxy": "earthwork_or_wall_hint",
        "negative_type": "",
        "review_priority": "P0",
        "original_training_use": "positive_seed_requires_qgis_boundary_review",
        "auto_review_status": "auto_seeded_requires_visual_verification",
        "auto_decision": "selected_for_control_set_v1",
        "training_use": "exclude_until_visual_raster_verification",
        "generated_at": "2026-08-01T00:00:00Z",
        "proposed_radius_m": "130.0",
        "tile_side_m": "512",
        "tile_status": "orthophoto_thumbnail_window"
      }
    },
    {
      "type": "Feature",
      "geometry": {
        "type": "Polygon",
        "coordinates": [
          [
            [
              -6.5832674614857485,
              41.6317244356037
            ],
            [
              -6.577113687787259,
              41.6317244356037
            ],
            [
              -6.577113687787259,
              41.63632378881965
            ],
            [
              -6.5832674614857485,
              41.63632378881965
            ],
            [
              -6.5832674614857485,
              41.6317244356037
            ]
          ]
        ]
      },
      "properties": {
        "bank_id": "pos-pt-dgpc-109476",
        "review_seed_id": "review-pos-1025",
        "control_set_id": "control-v1-0094",
        "review_role": "positive",
        "class_hint": "castro_candidate",
        "country": "PT",
        "region": "Norte de Portugal",
        "province_or_district": "Bragança",
        "municipality": "Vimioso",
        "parish": "Argozelo",
        "place": "",
        "name": "Castro do Serro Grande",
        "source": "DGPC Portal do Arqueólogo Sitios_Arqueologicos",
        "source_quality": "official_catalogue_seed",
        "source_record_id": "109476",
        "source_code": "3943",
        "typology": "Povoado Fortificado",
        "generic_type": "",
        "periods": "Idade do Ferro;Idade Média;",
        "positive_confidence": "medium_official_name_or_type",
        "morphology_proxy": "earthwork_or_wall_hint",
        "negative_type": "",
        "review_priority": "P0",
        "original_training_use": "positive_seed_requires_qgis_boundary_review",
        "auto_review_status": "auto_seeded_requires_visual_verification",
        "auto_decision": "selected_for_control_set_v1",
        "training_use": "exclude_until_visual_raster_verification",
        "generated_at": "2026-08-01T00:00:00Z",
        "proposed_radius_m": "130.0",
        "tile_side_m": "512",
        "tile_status": "orthophoto_thumbnail_window"
      }
    },
    {
      "type": "Feature",
      "geometry": {
        "type": "Polygon",
        "coordinates": [
          [
            [
              -8.180520186171734,
              43.54132530565857
            ],
            [
              -8.174174938310948,
              43.54132530565857
            ],
            [
              -8.174174938310948,
              43.54592465887452
            ],
            [
              -8.180520186171734,
              43.54592465887452
            ],
            [
              -8.180520186171734,
              43.54132530565857
            ]
          ]
        ]
      },
      "properties": {
        "bank_id": "pos-es-pba-14517",
        "review_seed_id": "review-pos-1055",
        "control_set_id": "control-v1-0044",
        "review_role": "positive",
        "class_hint": "castro_candidate",
        "country": "ES",
        "region": "Galicia",
        "province_or_district": "A Coruña",
        "municipality": "Narón",
        "parish": "Castro (Santa María)",
        "place": "Nelle",
        "name": "Casa reitoral de Santa María de Castro",
        "source": "Xunta PBA Catálogo. Elementos (xuño 2026)",
        "source_quality": "official_catalogue_seed",
        "source_record_id": "14517",
        "source_code": "-",
        "typology": "",
        "generic_type": "-",
        "periods": "",
        "positive_confidence": "medium_official_name_or_type",
        "morphology_proxy": "coastal_promontory_hint",
        "negative_type": "",
        "review_priority": "P0",
        "original_training_use": "positive_seed_requires_qgis_boundary_review",
        "auto_review_status": "auto_seeded_requires_visual_verification",
        "auto_decision": "selected_for_control_set_v1",
        "training_use": "exclude_until_visual_raster_verification",
        "generated_at": "2026-08-01T00:00:00Z",
        "proposed_radius_m": "150.0",
        "tile_side_m": "512",
        "tile_status": "orthophoto_thumbnail_window"
      }
    },
    {
      "type": "Feature",
      "geometry": {
        "type": "Polygon",
        "coordinates": [
          [
            [
              -9.191163006244588,
              42.98617429506441
            ],
            [
              -9.184875363669542,
              42.98617429506441
            ],
            [
              -9.184875363669542,
              42.99077364828036
            ],
            [
              -9.191163006244588,
              42.99077364828036
            ],
            [
              -9.191163006244588,
              42.98617429506441
            ]
          ]
        ]
      },
      "properties": {
        "bank_id": "pos-es-pba-6108",
        "review_seed_id": "review-pos-1057",
        "control_set_id": "control-v1-0067",
        "review_role": "positive",
        "class_hint": "castro_candidate",
        "country": "ES",
        "region": "Galicia",
        "province_or_district": "A Coruña",
        "municipality": "Cee",
        "parish": "A Pereiriña (San Xián)",
        "place": "Morancelle",
        "name": "Castro de Pereiriña",
        "source": "Xunta PBA Catálogo. Elementos (xuño 2026)",
        "source_quality": "official_catalogue_seed",
        "source_record_id": "6108",
        "source_code": "TO15023001",
        "typology": "Asentamento fortificado/defensivo",
        "generic_type": "-",
        "periods": "",
        "positive_confidence": "medium_official_name_or_type",
        "morphology_proxy": "earthwork_or_wall_hint",
        "negative_type": "",
        "review_priority": "P0",
        "original_training_use": "positive_seed_requires_qgis_boundary_review",
        "auto_review_status": "auto_seeded_requires_visual_verification",
        "auto_decision": "selected_for_control_set_v1",
        "training_use": "exclude_until_visual_raster_verification",
        "generated_at": "2026-08-01T00:00:00Z",
        "proposed_radius_m": "130.0",
        "tile_side_m": "512",
        "tile_status": "orthophoto_thumbnail_window"
      }
    },
    {
      "type": "Feature",
      "geometry": {
        "type": "Polygon",
        "coordinates": [
          [
            [
              -6.935634417192214,
              41.86345158274939
            ],
            [
              -6.929458389699458,
              41.86345158274939
            ],
            [
              -6.929458389699458,
              41.86805093596534
            ],
            [
              -6.935634417192214,
              41.86805093596534
            ],
            [
              -6.935634417192214,
              41.86345158274939
            ]
          ]
        ]
      },
      "properties": {
        "bank_id": "pos-pt-dgpc-108213",
        "review_seed_id": "review-pos-1074",
        "control_set_id": "control-v1-0095",
        "review_role": "positive",
        "class_hint": "castro_candidate",
        "country": "PT",
        "region": "Norte de Portugal",
        "province_or_district": "Bragança",
        "municipality": "Vinhais",
        "parish": "Paçó",
        "place": "",
        "name": "Castro",
        "source": "DGPC Portal do Arqueólogo Sitios_Arqueologicos",
        "source_quality": "official_catalogue_seed",
        "source_record_id": "108213",
        "source_code": "17496",
        "typology": "Povoado Fortificado",
        "generic_type": "",
        "periods": "Idade do Ferro;Romano;",
        "positive_confidence": "medium_official_name_or_type",
        "morphology_proxy": "earthwork_or_wall_hint",
        "negative_type": "",
        "review_priority": "P0",
        "original_training_use": "positive_seed_requires_qgis_boundary_review",
        "auto_review_status": "auto_seeded_requires_visual_verification",
        "auto_decision": "selected_for_control_set_v1",
        "training_use": "exclude_until_visual_raster_verification",
        "generated_at": "2026-08-01T00:00:00Z",
        "proposed_radius_m": "130.0",
        "tile_side_m": "512",
        "tile_status": "orthophoto_thumbnail_window"
      }
    },
    {
      "type": "Feature",
      "geometry": {
        "type": "Polygon",
        "coordinates": [
          [
            [
              -9.194016452973631,
              42.930076491292205
            ],
            [
              -9.187734540569739,
              42.930076491292205
            ],
            [
              -9.187734540569739,
              42.934675844508156
            ],
            [
              -9.194016452973631,
              42.934675844508156
            ],
            [
              -9.194016452973631,
              42.930076491292205
            ]
          ]
        ]
      },
      "properties": {
        "bank_id": "pos-es-pba-5977",
        "review_seed_id": "review-pos-1081",
        "control_set_id": "control-v1-0068",
        "review_role": "positive",
        "class_hint": "castro_candidate",
        "country": "ES",
        "region": "Galicia",
        "province_or_district": "A Coruña",
        "municipality": "Corcubión",
        "parish": "Redonda (San Pedro)",
        "place": "Quenxe",
        "name": "Castro de Quenxe",
        "source": "Xunta PBA Catálogo. Elementos (xuño 2026)",
        "source_quality": "official_catalogue_seed",
        "source_record_id": "5977",
        "source_code": "GA15028001",
        "typology": "Asentamento fortificado/defensivo",
        "generic_type": "-",
        "periods": "",
        "positive_confidence": "medium_official_name_or_type",
        "morphology_proxy": "earthwork_or_wall_hint",
        "negative_type": "",
        "review_priority": "P0",
        "original_training_use": "positive_seed_requires_qgis_boundary_review",
        "auto_review_status": "auto_seeded_requires_visual_verification",
        "auto_decision": "selected_for_control_set_v1",
        "training_use": "exclude_until_visual_raster_verification",
        "generated_at": "2026-08-01T00:00:00Z",
        "proposed_radius_m": "130.0",
        "tile_side_m": "512",
        "tile_status": "orthophoto_thumbnail_window"
      }
    },
    {
      "type": "Feature",
      "geometry": {
        "type": "Polygon",
        "coordinates": [
          [
            [
              -8.402358274103412,
              42.91681732495136
            ],
            [
              -8.396077713666488,
              42.91681732495136
            ],
            [
              -8.396077713666488,
              42.92141667816731
            ],
            [
              -8.402358274103412,
              42.92141667816731
            ],
            [
              -8.402358274103412,
              42.91681732495136
            ]
          ]
        ]
      },
      "properties": {
        "bank_id": "pos-es-pba-16735",
        "review_seed_id": "review-pos-1126",
        "control_set_id": "control-v1-0046",
        "review_role": "positive",
        "class_hint": "castro_candidate",
        "country": "ES",
        "region": "Galicia",
        "province_or_district": "A Coruña",
        "municipality": "O Pino",
        "parish": "Castrofeito (Santa María)",
        "place": "Igrexa, A",
        "name": "Casa reitoral de Santa María de Castrofeito",
        "source": "Xunta PBA Catálogo. Elementos (xuño 2026)",
        "source_quality": "official_catalogue_seed",
        "source_record_id": "16735",
        "source_code": "-",
        "typology": "",
        "generic_type": "-",
        "periods": "",
        "positive_confidence": "medium_official_name_or_type",
        "morphology_proxy": "coastal_promontory_hint",
        "negative_type": "",
        "review_priority": "P0",
        "original_training_use": "positive_seed_requires_qgis_boundary_review",
        "auto_review_status": "auto_seeded_requires_visual_verification",
        "auto_decision": "selected_for_control_set_v1",
        "training_use": "exclude_until_visual_raster_verification",
        "generated_at": "2026-08-01T00:00:00Z",
        "proposed_radius_m": "150.0",
        "tile_side_m": "512",
        "tile_status": "orthophoto_thumbnail_window"
      }
    },
    {
      "type": "Feature",
      "geometry": {
        "type": "Polygon",
        "coordinates": [
          [
            [
              -9.286067122472328,
              42.9515884674626
            ],
            [
              -9.279783014651358,
              42.9515884674626
            ],
            [
              -9.279783014651358,
              42.95618782067855
            ],
            [
              -9.286067122472328,
              42.95618782067855
            ],
            [
              -9.286067122472328,
              42.9515884674626
            ]
          ]
        ]
      },
      "properties": {
        "bank_id": "pos-es-pba-9892",
        "review_seed_id": "review-pos-1128",
        "control_set_id": "control-v1-0069",
        "review_role": "positive",
        "class_hint": "castro_candidate",
        "country": "ES",
        "region": "Galicia",
        "province_or_district": "A Coruña",
        "municipality": "Fisterra",
        "parish": "Sardiñeiro (San Xoán)",
        "place": "Castromiñán",
        "name": "Castro de Castromiñán",
        "source": "Xunta PBA Catálogo. Elementos (xuño 2026)",
        "source_quality": "official_catalogue_seed",
        "source_record_id": "9892",
        "source_code": "GA15037001",
        "typology": "Asentamento fortificado/defensivo",
        "generic_type": "-",
        "periods": "",
        "positive_confidence": "medium_official_name_or_type",
        "morphology_proxy": "earthwork_or_wall_hint",
        "negative_type": "",
        "review_priority": "P0",
        "original_training_use": "positive_seed_requires_qgis_boundary_review",
        "auto_review_status": "auto_seeded_requires_visual_verification",
        "auto_decision": "selected_for_control_set_v1",
        "training_use": "exclude_until_visual_raster_verification",
        "generated_at": "2026-08-01T00:00:00Z",
        "proposed_radius_m": "130.0",
        "tile_side_m": "512",
        "tile_status": "orthophoto_thumbnail_window"
      }
    },
    {
      "type": "Feature",
      "geometry": {
        "type": "Polygon",
        "coordinates": [
          [
            [
              -8.449162974102475,
              43.05833985496358
            ],
            [
              -8.442867935821493,
              43.05833985496358
            ],
            [
              -8.442867935821493,
              43.06293920817953
            ],
            [
              -8.449162974102475,
              43.06293920817953
            ],
            [
              -8.449162974102475,
              43.05833985496358
            ]
          ]
        ]
      },
      "properties": {
        "bank_id": "pos-es-pba-15375",
        "review_seed_id": "review-pos-1171",
        "control_set_id": "control-v1-0048",
        "review_role": "positive",
        "class_hint": "castro_candidate",
        "country": "ES",
        "region": "Galicia",
        "province_or_district": "A Coruña",
        "municipality": "Ordes",
        "parish": "Parada (Santa Mariña)",
        "place": "Castro, O",
        "name": "O Castro/Castro de Pumariño",
        "source": "Xunta PBA Catálogo. Elementos (xuño 2026)",
        "source_quality": "official_catalogue_seed",
        "source_record_id": "15375",
        "source_code": "GA15059051",
        "typology": "",
        "generic_type": "-",
        "periods": "",
        "positive_confidence": "medium_official_name_or_type",
        "morphology_proxy": "coastal_promontory_hint",
        "negative_type": "",
        "review_priority": "P0",
        "original_training_use": "positive_seed_requires_qgis_boundary_review",
        "auto_review_status": "auto_seeded_requires_visual_verification",
        "auto_decision": "selected_for_control_set_v1",
        "training_use": "exclude_until_visual_raster_verification",
        "generated_at": "2026-08-01T00:00:00Z",
        "proposed_radius_m": "150.0",
        "tile_side_m": "512",
        "tile_status": "orthophoto_thumbnail_window"
      }
    },
    {
      "type": "Feature",
      "geometry": {
        "type": "Polygon",
        "coordinates": [
          [
            [
              -8.289404540158964,
              43.128344603652245
            ],
            [
              -8.283102301409508,
              43.128344603652245
            ],
            [
              -8.283102301409508,
              43.132943956868196
            ],
            [
              -8.289404540158964,
              43.132943956868196
            ],
            [
              -8.289404540158964,
              43.128344603652245
            ]
          ]
        ]
      },
      "properties": {
        "bank_id": "pos-es-pba-12434",
        "review_seed_id": "review-pos-1173",
        "control_set_id": "control-v1-0070",
        "review_role": "positive",
        "class_hint": "castro_candidate",
        "country": "ES",
        "region": "Galicia",
        "province_or_district": "A Coruña",
        "municipality": "Mesía",
        "parish": "Visantoña (San Martiño)",
        "place": "Paiceiras, As",
        "name": "Castro da Braña",
        "source": "Xunta PBA Catálogo. Elementos (xuño 2026)",
        "source_quality": "official_catalogue_seed",
        "source_record_id": "12434",
        "source_code": "GA15026010",
        "typology": "Asentamento fortificado/defensivo",
        "generic_type": "-",
        "periods": "",
        "positive_confidence": "medium_official_name_or_type",
        "morphology_proxy": "earthwork_or_wall_hint",
        "negative_type": "",
        "review_priority": "P0",
        "original_training_use": "positive_seed_requires_qgis_boundary_review",
        "auto_review_status": "auto_seeded_requires_visual_verification",
        "auto_decision": "selected_for_control_set_v1",
        "training_use": "exclude_until_visual_raster_verification",
        "generated_at": "2026-08-01T00:00:00Z",
        "proposed_radius_m": "130.0",
        "tile_side_m": "512",
        "tile_status": "orthophoto_thumbnail_window"
      }
    },
    {
      "type": "Feature",
      "geometry": {
        "type": "Polygon",
        "coordinates": [
          [
            [
              -7.825699684044523,
              43.71208272776017
            ],
            [
              -7.8193363839339645,
              43.71208272776017
            ],
            [
              -7.8193363839339645,
              43.71668208097612
            ],
            [
              -7.825699684044523,
              43.71668208097612
            ],
            [
              -7.825699684044523,
              43.71208272776017
            ]
          ]
        ]
      },
      "properties": {
        "bank_id": "pos-es-pba-17473",
        "review_seed_id": "review-pos-1192",
        "control_set_id": "control-v1-0049",
        "review_role": "positive",
        "class_hint": "castro_candidate",
        "country": "ES",
        "region": "Galicia",
        "province_or_district": "A Coruña",
        "municipality": "Ortigueira",
        "parish": "Ladrido (Santalla)",
        "place": "Castros, Os",
        "name": "Castro de Punta do Tallo",
        "source": "Xunta PBA Catálogo. Elementos (xuño 2026)",
        "source_quality": "official_catalogue_seed",
        "source_record_id": "17473",
        "source_code": "GA15061001",
        "typology": "",
        "generic_type": "-",
        "periods": "",
        "positive_confidence": "medium_official_name_or_type",
        "morphology_proxy": "coastal_promontory_hint",
        "negative_type": "",
        "review_priority": "P0",
        "original_training_use": "positive_seed_requires_qgis_boundary_review",
        "auto_review_status": "auto_seeded_requires_visual_verification",
        "auto_decision": "selected_for_control_set_v1",
        "training_use": "exclude_until_visual_raster_verification",
        "generated_at": "2026-08-01T00:00:00Z",
        "proposed_radius_m": "150.0",
        "tile_side_m": "512",
        "tile_status": "orthophoto_thumbnail_window"
      }
    },
    {
      "type": "Feature",
      "geometry": {
        "type": "Polygon",
        "coordinates": [
          [
            [
              -8.394955905367937,
              43.353569056186
            ],
            [
              -8.388630324333342,
              43.353569056186
            ],
            [
              -8.388630324333342,
              43.35816840940195
            ],
            [
              -8.394955905367937,
              43.35816840940195
            ],
            [
              -8.394955905367937,
              43.353569056186
            ]
          ]
        ]
      },
      "properties": {
        "bank_id": "neg-es-pba-7236",
        "review_seed_id": "review-neg-0001",
        "control_set_id": "control-v1-0151",
        "review_role": "negative",
        "class_hint": "hard_negative_candidate",
        "country": "ES",
        "region": "Galicia",
        "province_or_district": "A Coruña",
        "municipality": "A Coruña",
        "parish": "A Coruña",
        "place": "Peirao de San Diego",
        "name": "Castelo/Batería de San Diego",
        "source": "Xunta PBA Catálogo. Elementos (xuño 2026)",
        "source_quality": "official_non_castro_heritage_seed",
        "source_record_id": "7236",
        "source_code": "GA15030013",
        "typology": "Batería costeira",
        "generic_type": "DEF",
        "periods": "",
        "positive_confidence": "",
        "morphology_proxy": "",
        "negative_type": "historic_fortification",
        "review_priority": "P0",
        "original_training_use": "hard_negative_candidate_requires_qgis_review",
        "auto_review_status": "auto_seeded_requires_visual_verification",
        "auto_decision": "selected_for_control_set_v1",
        "training_use": "exclude_until_visual_raster_verification",
        "generated_at": "2026-08-01T00:00:00Z",
        "proposed_radius_m": "100.0",
        "tile_side_m": "512",
        "tile_status": "orthophoto_thumbnail_window"
      }
    },
    {
      "type": "Feature",
      "geometry": {
        "type": "Polygon",
        "coordinates": [
          [
            [
              -8.794384981062127,
              42.96506137684648
            ],
            [
              -8.788099497022635,
              42.96506137684648
            ],
            [
              -8.788099497022635,
              42.96966073006243
            ],
            [
              -8.794384981062127,
              42.96966073006243
            ],
            [
              -8.794384981062127,
              42.96506137684648
            ]
          ]
        ]
      },
      "properties": {
        "bank_id": "neg-es-pba-1403",
        "review_seed_id": "review-neg-0002",
        "control_set_id": "control-v1-0101",
        "review_role": "negative",
        "class_hint": "hard_negative_candidate",
        "country": "ES",
        "region": "Galicia",
        "province_or_district": "A Coruña",
        "municipality": "A Baña",
        "parish": "Corneira (San Cristovo)",
        "place": "Ferraces",
        "name": "Mámoa da Lagoa",
        "source": "Xunta PBA Catálogo. Elementos (xuño 2026)",
        "source_quality": "official_non_castro_heritage_seed",
        "source_record_id": "1403",
        "source_code": "GA15007060",
        "typology": "",
        "generic_type": "-",
        "periods": "",
        "positive_confidence": "",
        "morphology_proxy": "",
        "negative_type": "megalithic_mound",
        "review_priority": "P0",
        "original_training_use": "hard_negative_candidate_requires_qgis_review",
        "auto_review_status": "auto_seeded_requires_visual_verification",
        "auto_decision": "selected_for_control_set_v1",
        "training_use": "exclude_until_visual_raster_verification",
        "generated_at": "2026-08-01T00:00:00Z",
        "proposed_radius_m": "45.0",
        "tile_side_m": "512",
        "tile_status": "orthophoto_thumbnail_window"
      }
    },
    {
      "type": "Feature",
      "geometry": {
        "type": "Polygon",
        "coordinates": [
          [
            [
              -8.777555016147087,
              42.74392966877847
            ],
            [
              -8.771292000394865,
              42.74392966877847
            ],
            [
              -8.771292000394865,
              42.74852902199442
            ],
            [
              -8.777555016147087,
              42.74852902199442
            ],
            [
              -8.777555016147087,
              42.74392966877847
            ]
          ]
        ]
      },
      "properties": {
        "bank_id": "neg-es-pba-12556",
        "review_seed_id": "review-neg-0005",
        "control_set_id": "control-v1-0195",
        "review_role": "negative",
        "class_hint": "hard_negative_candidate",
        "country": "ES",
        "region": "Galicia",
        "province_or_district": "A Coruña",
        "municipality": "Lousame",
        "parish": "Fruíme (San Martiño)",
        "place": "Varela, A",
        "name": "Petróglifo de Monte Muralla 1",
        "source": "Xunta PBA Catálogo. Elementos (xuño 2026)",
        "source_quality": "official_non_castro_heritage_seed",
        "source_record_id": "12556",
        "source_code": "GA15042014",
        "typology": "",
        "generic_type": "ARU",
        "periods": "",
        "positive_confidence": "",
        "morphology_proxy": "",
        "negative_type": "rock_art_surface",
        "review_priority": "P0",
        "original_training_use": "hard_negative_candidate_requires_qgis_review",
        "auto_review_status": "auto_seeded_requires_visual_verification",
        "auto_decision": "selected_for_control_set_v1",
        "training_use": "exclude_until_visual_raster_verification",
        "generated_at": "2026-08-01T00:00:00Z",
        "proposed_radius_m": "35.0",
        "tile_side_m": "512",
        "tile_status": "orthophoto_thumbnail_window"
      }
    },
    {
      "type": "Feature",
      "geometry": {
        "type": "Polygon",
        "coordinates": [
          [
            [
              -7.138498376514062,
              43.168874209552605
            ],
            [
              -7.132191957176102,
              43.168874209552605
            ],
            [
              -7.132191957176102,
              43.17347356276856
            ],
            [
              -7.138498376514062,
              43.17347356276856
            ],
            [
              -7.138498376514062,
              43.168874209552605
            ]
          ]
        ]
      },
      "properties": {
        "bank_id": "neg-es-pba-31073",
        "review_seed_id": "review-neg-0006",
        "control_set_id": "control-v1-0153",
        "review_role": "negative",
        "class_hint": "hard_negative_candidate",
        "country": "ES",
        "region": "Galicia",
        "province_or_district": "Lugo",
        "municipality": "A Fonsagrada",
        "parish": "Maderne (San Pedro)",
        "place": "Silvachá",
        "name": "O Castelo/Castelo de Castañoso",
        "source": "Xunta PBA Catálogo. Elementos (xuño 2026)",
        "source_quality": "official_non_castro_heritage_seed",
        "source_record_id": "31073",
        "source_code": "GA27018106",
        "typology": "Estruturas defensivas?",
        "generic_type": "DEF",
        "periods": "",
        "positive_confidence": "",
        "morphology_proxy": "",
        "negative_type": "historic_fortification",
        "review_priority": "P0",
        "original_training_use": "hard_negative_candidate_requires_qgis_review",
        "auto_review_status": "auto_seeded_requires_visual_verification",
        "auto_decision": "selected_for_control_set_v1",
        "training_use": "exclude_until_visual_raster_verification",
        "generated_at": "2026-08-01T00:00:00Z",
        "proposed_radius_m": "100.0",
        "tile_side_m": "512",
        "tile_status": "orthophoto_thumbnail_window"
      }
    },
    {
      "type": "Feature",
      "geometry": {
        "type": "Polygon",
        "coordinates": [
          [
            [
              -7.027900302475151,
              43.199247232548544
            ],
            [
              -7.02159074448193,
              43.199247232548544
            ],
            [
              -7.02159074448193,
              43.203846585764495
            ],
            [
              -7.027900302475151,
              43.203846585764495
            ],
            [
              -7.027900302475151,
              43.199247232548544
            ]
          ]
        ]
      },
      "properties": {
        "bank_id": "neg-es-pba-29146",
        "review_seed_id": "review-neg-0007",
        "control_set_id": "control-v1-0102",
        "review_role": "negative",
        "class_hint": "hard_negative_candidate",
        "country": "ES",
        "region": "Galicia",
        "province_or_district": "Lugo",
        "municipality": "A Fonsagrada",
        "parish": "A Trapa (San Cibrán)",
        "place": "Mesón Novo, O",
        "name": "Arqueira de Morocos 1",
        "source": "Xunta PBA Catálogo. Elementos (xuño 2026)",
        "source_quality": "official_non_castro_heritage_seed",
        "source_record_id": "29146",
        "source_code": "GA27018012",
        "typology": "Túmulo",
        "generic_type": "-",
        "periods": "",
        "positive_confidence": "",
        "morphology_proxy": "",
        "negative_type": "megalithic_mound",
        "review_priority": "P0",
        "original_training_use": "hard_negative_candidate_requires_qgis_review",
        "auto_review_status": "auto_seeded_requires_visual_verification",
        "auto_decision": "selected_for_control_set_v1",
        "training_use": "exclude_until_visual_raster_verification",
        "generated_at": "2026-08-01T00:00:00Z",
        "proposed_radius_m": "45.0",
        "tile_side_m": "512",
        "tile_status": "orthophoto_thumbnail_window"
      }
    },
    {
      "type": "Feature",
      "geometry": {
        "type": "Polygon",
        "coordinates": [
          [
            [
              -7.062577956781788,
              43.17894568216398
            ],
            [
              -7.056270497231185,
              43.17894568216398
            ],
            [
              -7.056270497231185,
              43.18354503537993
            ],
            [
              -7.062577956781788,
              43.18354503537993
            ],
            [
              -7.062577956781788,
              43.17894568216398
            ]
          ]
        ]
      },
      "properties": {
        "bank_id": "neg-es-pba-31031",
        "review_seed_id": "review-neg-0008",
        "control_set_id": "control-v1-0201",
        "review_role": "negative",
        "class_hint": "hard_negative_candidate",
        "country": "ES",
        "region": "Galicia",
        "province_or_district": "Lugo",
        "municipality": "A Fonsagrada",
        "parish": "O Trobo (Santa María)",
        "place": "Noceda",
        "name": "Mina de Foxo",
        "source": "Xunta PBA Catálogo. Elementos (xuño 2026)",
        "source_quality": "official_non_castro_heritage_seed",
        "source_record_id": "31031",
        "source_code": "GA27018096",
        "typology": "Explotación mineira",
        "generic_type": "-",
        "periods": "",
        "positive_confidence": "",
        "morphology_proxy": "",
        "negative_type": "mining_or_quarry",
        "review_priority": "P0",
        "original_training_use": "hard_negative_candidate_requires_qgis_review",
        "auto_review_status": "auto_seeded_requires_visual_verification",
        "auto_decision": "selected_for_control_set_v1",
        "training_use": "exclude_until_visual_raster_verification",
        "generated_at": "2026-08-01T00:00:00Z",
        "proposed_radius_m": "120.0",
        "tile_side_m": "512",
        "tile_status": "orthophoto_thumbnail_window"
      }
    },
    {
      "type": "Feature",
      "geometry": {
        "type": "Polygon",
        "coordinates": [
          [
            [
              -8.13453983161674,
              42.26838139179116
            ],
            [
              -8.128324282695738,
              42.26838139179116
            ],
            [
              -8.128324282695738,
              42.27298074500711
            ],
            [
              -8.13453983161674,
              42.27298074500711
            ],
            [
              -8.13453983161674,
              42.26838139179116
            ]
          ]
        ]
      },
      "properties": {
        "bank_id": "neg-es-pba-45653",
        "review_seed_id": "review-neg-0012",
        "control_set_id": "control-v1-0103",
        "review_role": "negative",
        "class_hint": "hard_negative_candidate",
        "country": "ES",
        "region": "Galicia",
        "province_or_district": "Ourense",
        "municipality": "A Arnoia",
        "parish": "A Arnoia (San Salvador)",
        "place": "Reigoso",
        "name": "Mámoa do Reigoso 1",
        "source": "Xunta PBA Catálogo. Elementos (xuño 2026)",
        "source_quality": "official_non_castro_heritage_seed",
        "source_record_id": "45653",
        "source_code": "GA32003005",
        "typology": "",
        "generic_type": "-",
        "periods": "",
        "positive_confidence": "",
        "morphology_proxy": "",
        "negative_type": "megalithic_mound",
        "review_priority": "P0",
        "original_training_use": "hard_negative_candidate_requires_qgis_review",
        "auto_review_status": "auto_seeded_requires_visual_verification",
        "auto_decision": "selected_for_control_set_v1",
        "training_use": "exclude_until_visual_raster_verification",
        "generated_at": "2026-08-01T00:00:00Z",
        "proposed_radius_m": "45.0",
        "tile_side_m": "512",
        "tile_status": "orthophoto_thumbnail_window"
      }
    },
    {
      "type": "Feature",
      "geometry": {
        "type": "Polygon",
        "coordinates": [
          [
            [
              -8.341772796254348,
              42.45042586517961
            ],
            [
              -8.335539212514261,
              42.45042586517961
            ],
            [
              -8.335539212514261,
              42.45502521839556
            ],
            [
              -8.341772796254348,
              42.45502521839556
            ],
            [
              -8.341772796254348,
              42.45042586517961
            ]
          ]
        ]
      },
      "properties": {
        "bank_id": "neg-es-pba-45854",
        "review_seed_id": "review-neg-0013",
        "control_set_id": "control-v1-0181",
        "review_role": "negative",
        "class_hint": "hard_negative_candidate",
        "country": "ES",
        "region": "Galicia",
        "province_or_district": "Ourense",
        "municipality": "Beariz",
        "parish": "Xirazga (San Salvador)",
        "place": "Taboadelo",
        "name": "Petróglifos do Campo da Mámoa",
        "source": "Xunta PBA Catálogo. Elementos (xuño 2026)",
        "source_quality": "official_non_castro_heritage_seed",
        "source_record_id": "45854",
        "source_code": "GA32011027",
        "typology": "",
        "generic_type": "ARU",
        "periods": "",
        "positive_confidence": "",
        "morphology_proxy": "",
        "negative_type": "megalithic_mound;rock_art_surface",
        "review_priority": "P0",
        "original_training_use": "hard_negative_candidate_requires_qgis_review",
        "auto_review_status": "auto_seeded_requires_visual_verification",
        "auto_decision": "selected_for_control_set_v1",
        "training_use": "exclude_until_visual_raster_verification",
        "generated_at": "2026-08-01T00:00:00Z",
        "proposed_radius_m": "45.0",
        "tile_side_m": "512",
        "tile_status": "orthophoto_thumbnail_window"
      }
    },
    {
      "type": "Feature",
      "geometry": {
        "type": "Polygon",
        "coordinates": [
          [
            [
              -8.939042055068478,
              42.36111921463749
            ],
            [
              -8.932817339689192,
              42.36111921463749
            ],
            [
              -8.932817339689192,
              42.36571856785344
            ],
            [
              -8.939042055068478,
              42.36571856785344
            ],
            [
              -8.939042055068478,
              42.36111921463749
            ]
          ]
        ]
      },
      "properties": {
        "bank_id": "neg-es-pba-61517",
        "review_seed_id": "review-neg-0017",
        "control_set_id": "control-v1-0180",
        "review_role": "negative",
        "class_hint": "hard_negative_candidate",
        "country": "ES",
        "region": "Galicia",
        "province_or_district": "Pontevedra",
        "municipality": "Bueu",
        "parish": "A Illa de Ons (San Xoaquín)",
        "place": "Ons",
        "name": "Castelo de Pereiró",
        "source": "Xunta PBA Catálogo. Elementos (xuño 2026)",
        "source_quality": "official_non_castro_heritage_seed",
        "source_record_id": "61517",
        "source_code": "GA36004037",
        "typology": "Castelo",
        "generic_type": "DEF",
        "periods": "",
        "positive_confidence": "",
        "morphology_proxy": "",
        "negative_type": "historic_fortification",
        "review_priority": "P0",
        "original_training_use": "hard_negative_candidate_requires_qgis_review",
        "auto_review_status": "auto_seeded_requires_visual_verification",
        "auto_decision": "selected_for_control_set_v1",
        "training_use": "exclude_until_visual_raster_verification",
        "generated_at": "2026-08-01T00:00:00Z",
        "proposed_radius_m": "100.0",
        "tile_side_m": "512",
        "tile_status": "orthophoto_thumbnail_window"
      }
    },
    {
      "type": "Feature",
      "geometry": {
        "type": "Polygon",
        "coordinates": [
          [
            [
              -8.295436819436604,
              42.214650143135486
            ],
            [
              -8.289226561680392,
              42.214650143135486
            ],
            [
              -8.289226561680392,
              42.21924949635144
            ],
            [
              -8.295436819436604,
              42.21924949635144
            ],
            [
              -8.295436819436604,
              42.214650143135486
            ]
          ]
        ]
      },
      "properties": {
        "bank_id": "neg-es-pba-63125",
        "review_seed_id": "review-neg-0018",
        "control_set_id": "control-v1-0111",
        "review_role": "negative",
        "class_hint": "hard_negative_candidate",
        "country": "ES",
        "region": "Galicia",
        "province_or_district": "Pontevedra",
        "municipality": "A Cañiza",
        "parish": "As Achas (San Sebastián)",
        "place": "Fenteiras, As",
        "name": "Dolmen da Cavada da Santa",
        "source": "Xunta PBA Catálogo. Elementos (xuño 2026)",
        "source_quality": "official_non_castro_heritage_seed",
        "source_record_id": "63125",
        "source_code": "GA36009071",
        "typology": "Dolmen",
        "generic_type": "-",
        "periods": "",
        "positive_confidence": "",
        "morphology_proxy": "",
        "negative_type": "megalithic_mound",
        "review_priority": "P0",
        "original_training_use": "hard_negative_candidate_requires_qgis_review",
        "auto_review_status": "auto_seeded_requires_visual_verification",
        "auto_decision": "selected_for_control_set_v1",
        "training_use": "exclude_until_visual_raster_verification",
        "generated_at": "2026-08-01T00:00:00Z",
        "proposed_radius_m": "45.0",
        "tile_side_m": "512",
        "tile_status": "orthophoto_thumbnail_window"
      }
    },
    {
      "type": "Feature",
      "geometry": {
        "type": "Polygon",
        "coordinates": [
          [
            [
              -8.035082097420734,
              42.757251702588036
            ],
            [
              -8.02881773525796,
              42.757251702588036
            ],
            [
              -8.02881773525796,
              42.76185105580399
            ],
            [
              -8.035082097420734,
              42.76185105580399
            ],
            [
              -8.035082097420734,
              42.757251702588036
            ]
          ]
        ]
      },
      "properties": {
        "bank_id": "neg-es-pba-65854",
        "review_seed_id": "review-neg-0019",
        "control_set_id": "control-v1-0182",
        "review_role": "negative",
        "class_hint": "hard_negative_candidate",
        "country": "ES",
        "region": "Galicia",
        "province_or_district": "Pontevedra",
        "municipality": "Agolada",
        "parish": "Ferreiroa (San Pedro)",
        "place": "Fonte de Cántaras",
        "name": "Petróglifo das Mámoas-Esperante 1",
        "source": "Xunta PBA Catálogo. Elementos (xuño 2026)",
        "source_quality": "official_non_castro_heritage_seed",
        "source_record_id": "65854",
        "source_code": "GA36020253",
        "typology": "Petróglifo",
        "generic_type": "ARU",
        "periods": "",
        "positive_confidence": "",
        "morphology_proxy": "",
        "negative_type": "megalithic_mound;rock_art_surface",
        "review_priority": "P0",
        "original_training_use": "hard_negative_candidate_requires_qgis_review",
        "auto_review_status": "auto_seeded_requires_visual_verification",
        "auto_decision": "selected_for_control_set_v1",
        "training_use": "exclude_until_visual_raster_verification",
        "generated_at": "2026-08-01T00:00:00Z",
        "proposed_radius_m": "45.0",
        "tile_side_m": "512",
        "tile_status": "orthophoto_thumbnail_window"
      }
    },
    {
      "type": "Feature",
      "geometry": {
        "type": "Polygon",
        "coordinates": [
          [
            [
              -8.71974384492953,
              42.29074030361592
            ],
            [
              -8.713526089953485,
              42.29074030361592
            ],
            [
              -8.713526089953485,
              42.29533965683187
            ],
            [
              -8.71974384492953,
              42.29533965683187
            ],
            [
              -8.71974384492953,
              42.29074030361592
            ]
          ]
        ]
      },
      "properties": {
        "bank_id": "neg-es-pba-68275",
        "review_seed_id": "review-neg-0022",
        "control_set_id": "control-v1-0196",
        "review_role": "negative",
        "class_hint": "hard_negative_candidate",
        "country": "ES",
        "region": "Galicia",
        "province_or_district": "Pontevedra",
        "municipality": "Moaña",
        "parish": "Meira (Santa Eulalia)",
        "place": "Refoxos / Ribeira, A",
        "name": "Petróglifo de Refoxos",
        "source": "Xunta PBA Catálogo. Elementos (xuño 2026)",
        "source_quality": "official_non_castro_heritage_seed",
        "source_record_id": "68275",
        "source_code": "GA36029078",
        "typology": "Petróglifo",
        "generic_type": "ARU",
        "periods": "",
        "positive_confidence": "",
        "morphology_proxy": "",
        "negative_type": "rock_art_surface",
        "review_priority": "P0",
        "original_training_use": "hard_negative_candidate_requires_qgis_review",
        "auto_review_status": "auto_seeded_requires_visual_verification",
        "auto_decision": "selected_for_control_set_v1",
        "training_use": "exclude_until_visual_raster_verification",
        "generated_at": "2026-08-01T00:00:00Z",
        "proposed_radius_m": "35.0",
        "tile_side_m": "512",
        "tile_status": "orthophoto_thumbnail_window"
      }
    },
    {
      "type": "Feature",
      "geometry": {
        "type": "Polygon",
        "coordinates": [
          [
            [
              -8.426373675762038,
              41.54960354610612
            ],
            [
              -8.4202277259849,
              41.54960354610612
            ],
            [
              -8.4202277259849,
              41.55420289932207
            ],
            [
              -8.426373675762038,
              41.55420289932207
            ],
            [
              -8.426373675762038,
              41.54960354610612
            ]
          ]
        ]
      },
      "properties": {
        "bank_id": "neg-pt-dgpc-111331",
        "review_seed_id": "review-neg-0025",
        "control_set_id": "control-v1-0199",
        "review_role": "negative",
        "class_hint": "hard_negative_candidate",
        "country": "PT",
        "region": "Norte de Portugal",
        "province_or_district": "Braga",
        "municipality": "Braga",
        "parish": "Braga (São José de São Lázaro e São João do Souto)",
        "place": "",
        "name": "Braga - Praça de República, 1",
        "source": "DGPC Portal do Arqueólogo Sitios_Arqueologicos",
        "source_quality": "official_non_castro_heritage_seed",
        "source_record_id": "111331",
        "source_code": "38700",
        "typology": "Castelo",
        "generic_type": "Edifício;Sepultura;",
        "periods": "Contemporâneo;Moderno;Idade Média;Romano;",
        "positive_confidence": "",
        "morphology_proxy": "",
        "negative_type": "historic_fortification;roman_built_context",
        "review_priority": "P0",
        "original_training_use": "hard_negative_candidate_requires_qgis_review",
        "auto_review_status": "auto_seeded_requires_visual_verification",
        "auto_decision": "selected_for_control_set_v1",
        "training_use": "exclude_until_visual_raster_verification",
        "generated_at": "2026-08-01T00:00:00Z",
        "proposed_radius_m": "100.0",
        "tile_side_m": "512",
        "tile_status": "orthophoto_thumbnail_window"
      }
    },
    {
      "type": "Feature",
      "geometry": {
        "type": "Polygon",
        "coordinates": [
          [
            [
              -8.647545383040791,
              41.59108160657838
            ],
            [
              -8.641395485582615,
              41.59108160657838
            ],
            [
              -8.641395485582615,
              41.59568095979433
            ],
            [
              -8.647545383040791,
              41.59568095979433
            ],
            [
              -8.647545383040791,
              41.59108160657838
            ]
          ]
        ]
      },
      "properties": {
        "bank_id": "neg-pt-dgpc-113936",
        "review_seed_id": "review-neg-0026",
        "control_set_id": "control-v1-0112",
        "review_role": "negative",
        "class_hint": "hard_negative_candidate",
        "country": "PT",
        "region": "Norte de Portugal",
        "province_or_district": "Braga",
        "municipality": "Barcelos",
        "parish": "Carapeços",
        "place": "",
        "name": "Carapeços 3",
        "source": "DGPC Portal do Arqueólogo Sitios_Arqueologicos",
        "source_quality": "official_non_castro_heritage_seed",
        "source_record_id": "113936",
        "source_code": "40281",
        "typology": "Mamoa",
        "generic_type": "",
        "periods": "Neolítico;",
        "positive_confidence": "",
        "morphology_proxy": "",
        "negative_type": "megalithic_mound",
        "review_priority": "P0",
        "original_training_use": "hard_negative_candidate_requires_qgis_review",
        "auto_review_status": "auto_seeded_requires_visual_verification",
        "auto_decision": "selected_for_control_set_v1",
        "training_use": "exclude_until_visual_raster_verification",
        "generated_at": "2026-08-01T00:00:00Z",
        "proposed_radius_m": "45.0",
        "tile_side_m": "512",
        "tile_status": "orthophoto_thumbnail_window"
      }
    },
    {
      "type": "Feature",
      "geometry": {
        "type": "Polygon",
        "coordinates": [
          [
            [
              -8.430567519607134,
              41.54264721855153
            ],
            [
              -8.424422231088109,
              41.54264721855153
            ],
            [
              -8.424422231088109,
              41.54724657176748
            ],
            [
              -8.430567519607134,
              41.54724657176748
            ],
            [
              -8.430567519607134,
              41.54264721855153
            ]
          ]
        ]
      },
      "properties": {
        "bank_id": "neg-pt-dgpc-111296",
        "review_seed_id": "review-neg-0031",
        "control_set_id": "control-v1-0189",
        "review_role": "negative",
        "class_hint": "hard_negative_candidate",
        "country": "PT",
        "region": "Norte de Portugal",
        "province_or_district": "Braga",
        "municipality": "Braga",
        "parish": "Braga (Maximinos, Sé e Cividade)",
        "place": "",
        "name": "Braga - Instituto Monsenhor Airosa",
        "source": "DGPC Portal do Arqueólogo Sitios_Arqueologicos",
        "source_quality": "official_non_castro_heritage_seed",
        "source_record_id": "111296",
        "source_code": "38071",
        "typology": "Muralha",
        "generic_type": "Vestígios Diversos;",
        "periods": "Romano;",
        "positive_confidence": "",
        "morphology_proxy": "",
        "negative_type": "roman_built_context",
        "review_priority": "P0",
        "original_training_use": "hard_negative_candidate_requires_qgis_review",
        "auto_review_status": "auto_seeded_requires_visual_verification",
        "auto_decision": "selected_for_control_set_v1",
        "training_use": "exclude_until_visual_raster_verification",
        "generated_at": "2026-08-01T00:00:00Z",
        "proposed_radius_m": "80.0",
        "tile_side_m": "512",
        "tile_status": "orthophoto_thumbnail_window"
      }
    },
    {
      "type": "Feature",
      "geometry": {
        "type": "Polygon",
        "coordinates": [
          [
            [
              -7.192632604216327,
              41.19594538650083
            ],
            [
              -7.186519979599486,
              41.19594538650083
            ],
            [
              -7.186519979599486,
              41.20054473971678
            ],
            [
              -7.192632604216327,
              41.20054473971678
            ],
            [
              -7.192632604216327,
              41.19594538650083
            ]
          ]
        ]
      },
      "properties": {
        "bank_id": "neg-pt-dgpc-106067",
        "review_seed_id": "review-neg-0033",
        "control_set_id": "control-v1-0120",
        "review_role": "negative",
        "class_hint": "hard_negative_candidate",
        "country": "PT",
        "region": "Norte de Portugal",
        "province_or_district": "Bragança",
        "municipality": "Carrazeda de Ansiães",
        "parish": "Vilarinho da Castanheira",
        "place": "",
        "name": "Pala da Moura",
        "source": "DGPC Portal do Arqueólogo Sitios_Arqueologicos",
        "source_quality": "official_non_castro_heritage_seed",
        "source_record_id": "106067",
        "source_code": "3078",
        "typology": "Anta/Dólmen",
        "generic_type": "",
        "periods": "Neo-Calcolítico;",
        "positive_confidence": "",
        "morphology_proxy": "",
        "negative_type": "megalithic_mound",
        "review_priority": "P0",
        "original_training_use": "hard_negative_candidate_requires_qgis_review",
        "auto_review_status": "auto_seeded_requires_visual_verification",
        "auto_decision": "selected_for_control_set_v1",
        "training_use": "exclude_until_visual_raster_verification",
        "generated_at": "2026-08-01T00:00:00Z",
        "proposed_radius_m": "45.0",
        "tile_side_m": "512",
        "tile_status": "orthophoto_thumbnail_window"
      }
    },
    {
      "type": "Feature",
      "geometry": {
        "type": "Polygon",
        "coordinates": [
          [
            [
              -7.2967590827481414,
              41.273579687229685
            ],
            [
              -7.290639193611656,
              41.273579687229685
            ],
            [
              -7.290639193611656,
              41.278179040445636
            ],
            [
              -7.2967590827481414,
              41.278179040445636
            ],
            [
              -7.2967590827481414,
              41.273579687229685
            ]
          ]
        ]
      },
      "properties": {
        "bank_id": "neg-pt-dgpc-105162",
        "review_seed_id": "review-neg-0034",
        "control_set_id": "control-v1-0184",
        "review_role": "negative",
        "class_hint": "hard_negative_candidate",
        "country": "PT",
        "region": "Norte de Portugal",
        "province_or_district": "Bragança",
        "municipality": "Carrazeda de Ansiães",
        "parish": "Amedo e Zedes",
        "place": "",
        "name": "Anta de Zedes (Casa da Moura I)",
        "source": "DGPC Portal do Arqueólogo Sitios_Arqueologicos",
        "source_quality": "official_non_castro_heritage_seed",
        "source_record_id": "105162",
        "source_code": "995",
        "typology": "Anta/Dólmen",
        "generic_type": "Arte Rupestre;",
        "periods": "Neo-Calcolítico;",
        "positive_confidence": "",
        "morphology_proxy": "",
        "negative_type": "megalithic_mound;rock_art_surface",
        "review_priority": "P0",
        "original_training_use": "hard_negative_candidate_requires_qgis_review",
        "auto_review_status": "auto_seeded_requires_visual_verification",
        "auto_decision": "selected_for_control_set_v1",
        "training_use": "exclude_until_visual_raster_verification",
        "generated_at": "2026-08-01T00:00:00Z",
        "proposed_radius_m": "45.0",
        "tile_side_m": "512",
        "tile_status": "orthophoto_thumbnail_window"
      }
    },
    {
      "type": "Feature",
      "geometry": {
        "type": "Polygon",
        "coordinates": [
          [
            [
              -8.627486283167363,
              41.13729721246399
            ],
            [
              -8.621379127617727,
              41.13729721246399
            ],
            [
              -8.621379127617727,
              41.14189656567994
            ],
            [
              -8.627486283167363,
              41.14189656567994
            ],
            [
              -8.627486283167363,
              41.13729721246399
            ]
          ]
        ]
      },
      "properties": {
        "bank_id": "neg-pt-dgpc-112789",
        "review_seed_id": "review-neg-0040",
        "control_set_id": "control-v1-0200",
        "review_role": "negative",
        "class_hint": "hard_negative_candidate",
        "country": "PT",
        "region": "Norte de Portugal",
        "province_or_district": "Porto",
        "municipality": "Vila Nova de Gaia",
        "parish": "Santa Marinha e São Pedro da Afurada",
        "place": "",
        "name": "Castelo de Gaia",
        "source": "DGPC Portal do Arqueólogo Sitios_Arqueologicos",
        "source_quality": "official_non_castro_heritage_seed",
        "source_record_id": "112789",
        "source_code": "2989",
        "typology": "Castelo",
        "generic_type": "",
        "periods": "Idade Média;Romano, Baixo Império;Idade do Bronze - Final;",
        "positive_confidence": "",
        "morphology_proxy": "",
        "negative_type": "historic_fortification;roman_built_context",
        "review_priority": "P0",
        "original_training_use": "hard_negative_candidate_requires_qgis_review",
        "auto_review_status": "auto_seeded_requires_visual_verification",
        "auto_decision": "selected_for_control_set_v1",
        "training_use": "exclude_until_visual_raster_verification",
        "generated_at": "2026-08-01T00:00:00Z",
        "proposed_radius_m": "100.0",
        "tile_side_m": "512",
        "tile_status": "orthophoto_thumbnail_window"
      }
    },
    {
      "type": "Feature",
      "geometry": {
        "type": "Polygon",
        "coordinates": [
          [
            [
              -8.043207807031342,
              41.183332045142286
            ],
            [
              -8.037096360002673,
              41.183332045142286
            ],
            [
              -8.037096360002673,
              41.18793139835824
            ],
            [
              -8.043207807031342,
              41.18793139835824
            ],
            [
              -8.043207807031342,
              41.183332045142286
            ]
          ]
        ]
      },
      "properties": {
        "bank_id": "neg-pt-dgpc-105998",
        "review_seed_id": "review-neg-0041",
        "control_set_id": "control-v1-0122",
        "review_role": "negative",
        "class_hint": "hard_negative_candidate",
        "country": "PT",
        "region": "Norte de Portugal",
        "province_or_district": "Porto",
        "municipality": "Baião",
        "parish": "Campelo e Ovil",
        "place": "",
        "name": "Outeiro de Gregos 2",
        "source": "DGPC Portal do Arqueólogo Sitios_Arqueologicos",
        "source_quality": "official_non_castro_heritage_seed",
        "source_record_id": "105998",
        "source_code": "55",
        "typology": "Mamoa",
        "generic_type": "",
        "periods": "Neo-Calcolítico;",
        "positive_confidence": "",
        "morphology_proxy": "",
        "negative_type": "megalithic_mound",
        "review_priority": "P0",
        "original_training_use": "hard_negative_candidate_requires_qgis_review",
        "auto_review_status": "auto_seeded_requires_visual_verification",
        "auto_decision": "selected_for_control_set_v1",
        "training_use": "exclude_until_visual_raster_verification",
        "generated_at": "2026-08-01T00:00:00Z",
        "proposed_radius_m": "45.0",
        "tile_side_m": "512",
        "tile_status": "orthophoto_thumbnail_window"
      }
    },
    {
      "type": "Feature",
      "geometry": {
        "type": "Polygon",
        "coordinates": [
          [
            [
              -8.42126916932539,
              41.976124173938906
            ],
            [
              -8.415082226467971,
              41.976124173938906
            ],
            [
              -8.415082226467971,
              41.98072352715486
            ],
            [
              -8.42126916932539,
              41.98072352715486
            ],
            [
              -8.42126916932539,
              41.976124173938906
            ]
          ]
        ]
      },
      "properties": {
        "bank_id": "neg-pt-dgpc-108526",
        "review_seed_id": "review-neg-0048",
        "control_set_id": "control-v1-0134",
        "review_role": "negative",
        "class_hint": "hard_negative_candidate",
        "country": "PT",
        "region": "Norte de Portugal",
        "province_or_district": "Viana do Castelo",
        "municipality": "Arcos de Valdevez",
        "parish": "Alvora e Loureda",
        "place": "",
        "name": "Mamoa 2 das Lameiras",
        "source": "DGPC Portal do Arqueólogo Sitios_Arqueologicos",
        "source_quality": "official_non_castro_heritage_seed",
        "source_record_id": "108526",
        "source_code": "19309",
        "typology": "Mamoa",
        "generic_type": "",
        "periods": "Neolítico;Idade do Bronze;",
        "positive_confidence": "",
        "morphology_proxy": "",
        "negative_type": "megalithic_mound",
        "review_priority": "P0",
        "original_training_use": "hard_negative_candidate_requires_qgis_review",
        "auto_review_status": "auto_seeded_requires_visual_verification",
        "auto_decision": "selected_for_control_set_v1",
        "training_use": "exclude_until_visual_raster_verification",
        "generated_at": "2026-08-01T00:00:00Z",
        "proposed_radius_m": "45.0",
        "tile_side_m": "512",
        "tile_status": "orthophoto_thumbnail_window"
      }
    },
    {
      "type": "Feature",
      "geometry": {
        "type": "Polygon",
        "coordinates": [
          [
            [
              -7.760663777759483,
              41.63844410663307
            ],
            [
              -7.754509362414673,
              41.63844410663307
            ],
            [
              -7.754509362414673,
              41.64304345984902
            ],
            [
              -7.760663777759483,
              41.64304345984902
            ],
            [
              -7.760663777759483,
              41.63844410663307
            ]
          ]
        ]
      },
      "properties": {
        "bank_id": "neg-pt-dgpc-109686",
        "review_seed_id": "review-neg-0053",
        "control_set_id": "control-v1-0140",
        "review_role": "negative",
        "class_hint": "hard_negative_candidate",
        "country": "PT",
        "region": "Norte de Portugal",
        "province_or_district": "Vila Real",
        "municipality": "Boticas",
        "parish": "Covas do Barroso",
        "place": "",
        "name": "Reigal/Chã de Lesenho - Mamoa 1 do Outeiro do Lesenho, Lesanho Grande 1/ Lesanho Grande",
        "source": "DGPC Portal do Arqueólogo Sitios_Arqueologicos",
        "source_quality": "official_non_castro_heritage_seed",
        "source_record_id": "109686",
        "source_code": "33035",
        "typology": "Mamoa",
        "generic_type": "",
        "periods": "Neo-Calcolítico;",
        "positive_confidence": "",
        "morphology_proxy": "",
        "negative_type": "megalithic_mound",
        "review_priority": "P0",
        "original_training_use": "hard_negative_candidate_requires_qgis_review",
        "auto_review_status": "auto_seeded_requires_visual_verification",
        "auto_decision": "selected_for_control_set_v1",
        "training_use": "exclude_until_visual_raster_verification",
        "generated_at": "2026-08-01T00:00:00Z",
        "proposed_radius_m": "45.0",
        "tile_side_m": "512",
        "tile_status": "orthophoto_thumbnail_window"
      }
    },
    {
      "type": "Feature",
      "geometry": {
        "type": "Polygon",
        "coordinates": [
          [
            [
              -7.475821587599635,
              41.738183227451636
            ],
            [
              -7.469657622653616,
              41.738183227451636
            ],
            [
              -7.469657622653616,
              41.74278258066759
            ],
            [
              -7.475821587599635,
              41.74278258066759
            ],
            [
              -7.475821587599635,
              41.738183227451636
            ]
          ]
        ]
      },
      "properties": {
        "bank_id": "neg-pt-dgpc-110572",
        "review_seed_id": "review-neg-0056",
        "control_set_id": "control-v1-0190",
        "review_role": "negative",
        "class_hint": "hard_negative_candidate",
        "country": "PT",
        "region": "Norte de Portugal",
        "province_or_district": "Vila Real",
        "municipality": "Chaves",
        "parish": "Santa Maria Maior",
        "place": "",
        "name": "Chaves - Rua da Muralha",
        "source": "DGPC Portal do Arqueólogo Sitios_Arqueologicos",
        "source_quality": "official_non_castro_heritage_seed",
        "source_record_id": "110572",
        "source_code": "39698",
        "typology": "Estrutura",
        "generic_type": "",
        "periods": "Contemporâneo;Moderno;Romano;",
        "positive_confidence": "",
        "morphology_proxy": "",
        "negative_type": "roman_built_context",
        "review_priority": "P0",
        "original_training_use": "hard_negative_candidate_requires_qgis_review",
        "auto_review_status": "auto_seeded_requires_visual_verification",
        "auto_decision": "selected_for_control_set_v1",
        "training_use": "exclude_until_visual_raster_verification",
        "generated_at": "2026-08-01T00:00:00Z",
        "proposed_radius_m": "80.0",
        "tile_side_m": "512",
        "tile_status": "orthophoto_thumbnail_window"
      }
    },
    {
      "type": "Feature",
      "geometry": {
        "type": "Polygon",
        "coordinates": [
          [
            [
              -8.310169488156125,
              43.40026833005484
            ],
            [
              -8.303839033279145,
              43.40026833005484
            ],
            [
              -8.303839033279145,
              43.404867683270794
            ],
            [
              -8.310169488156125,
              43.404867683270794
            ],
            [
              -8.310169488156125,
              43.40026833005484
            ]
          ]
        ]
      },
      "properties": {
        "bank_id": "neg-es-pba-16203",
        "review_seed_id": "review-neg-0057",
        "control_set_id": "control-v1-0152",
        "review_role": "negative",
        "class_hint": "hard_negative_candidate",
        "country": "ES",
        "region": "Galicia",
        "province_or_district": "A Coruña",
        "municipality": "Oleiros",
        "parish": "Dexo (Santa María)",
        "place": "Pedregueiras",
        "name": "Batería de Punta Torrella",
        "source": "Xunta PBA Catálogo. Elementos (xuño 2026)",
        "source_quality": "official_non_castro_heritage_seed",
        "source_record_id": "16203",
        "source_code": "GA15058002",
        "typology": "Batería costeira",
        "generic_type": "DEF",
        "periods": "",
        "positive_confidence": "",
        "morphology_proxy": "",
        "negative_type": "historic_fortification",
        "review_priority": "P0",
        "original_training_use": "hard_negative_candidate_requires_qgis_review",
        "auto_review_status": "auto_seeded_requires_visual_verification",
        "auto_decision": "selected_for_control_set_v1",
        "training_use": "exclude_until_visual_raster_verification",
        "generated_at": "2026-08-01T00:00:00Z",
        "proposed_radius_m": "100.0",
        "tile_side_m": "512",
        "tile_status": "orthophoto_thumbnail_window"
      }
    },
    {
      "type": "Feature",
      "geometry": {
        "type": "Polygon",
        "coordinates": [
          [
            [
              -8.728934302062997,
              42.93883123799761
            ],
            [
              -8.722651496480415,
              42.93883123799761
            ],
            [
              -8.722651496480415,
              42.94343059121356
            ],
            [
              -8.728934302062997,
              42.94343059121356
            ],
            [
              -8.728934302062997,
              42.93883123799761
            ]
          ]
        ]
      },
      "properties": {
        "bank_id": "neg-es-pba-1404",
        "review_seed_id": "review-neg-0058",
        "control_set_id": "control-v1-0143",
        "review_role": "negative",
        "class_hint": "hard_negative_candidate",
        "country": "ES",
        "region": "Galicia",
        "province_or_district": "A Coruña",
        "municipality": "A Baña",
        "parish": "Sanamede do Monte (San Mamede)",
        "place": "Buchaín",
        "name": "Mámoa da Mina de Mosqueira",
        "source": "Xunta PBA Catálogo. Elementos (xuño 2026)",
        "source_quality": "official_non_castro_heritage_seed",
        "source_record_id": "1404",
        "source_code": "GA15007016",
        "typology": "",
        "generic_type": "-",
        "periods": "",
        "positive_confidence": "",
        "morphology_proxy": "",
        "negative_type": "megalithic_mound",
        "review_priority": "P0",
        "original_training_use": "hard_negative_candidate_requires_qgis_review",
        "auto_review_status": "auto_seeded_requires_visual_verification",
        "auto_decision": "selected_for_control_set_v1",
        "training_use": "exclude_until_visual_raster_verification",
        "generated_at": "2026-08-01T00:00:00Z",
        "proposed_radius_m": "45.0",
        "tile_side_m": "512",
        "tile_status": "orthophoto_thumbnail_window"
      }
    },
    {
      "type": "Feature",
      "geometry": {
        "type": "Polygon",
        "coordinates": [
          [
            [
              -8.778060000315888,
              42.74451972090909
            ],
            [
              -8.771796924948612,
              42.74451972090909
            ],
            [
              -8.771796924948612,
              42.74911907412504
            ],
            [
              -8.778060000315888,
              42.74911907412504
            ],
            [
              -8.778060000315888,
              42.74451972090909
            ]
          ]
        ]
      },
      "properties": {
        "bank_id": "neg-es-pba-12557",
        "review_seed_id": "review-neg-0059",
        "control_set_id": "control-v1-0197",
        "review_role": "negative",
        "class_hint": "hard_negative_candidate",
        "country": "ES",
        "region": "Galicia",
        "province_or_district": "A Coruña",
        "municipality": "Lousame",
        "parish": "Fruíme (San Martiño)",
        "place": "Varela, A",
        "name": "Petróglifo de Monte Muralla 2",
        "source": "Xunta PBA Catálogo. Elementos (xuño 2026)",
        "source_quality": "official_non_castro_heritage_seed",
        "source_record_id": "12557",
        "source_code": "GA15042015",
        "typology": "",
        "generic_type": "ARU",
        "periods": "",
        "positive_confidence": "",
        "morphology_proxy": "",
        "negative_type": "rock_art_surface",
        "review_priority": "P0",
        "original_training_use": "hard_negative_candidate_requires_qgis_review",
        "auto_review_status": "auto_seeded_requires_visual_verification",
        "auto_decision": "selected_for_control_set_v1",
        "training_use": "exclude_until_visual_raster_verification",
        "generated_at": "2026-08-01T00:00:00Z",
        "proposed_radius_m": "35.0",
        "tile_side_m": "512",
        "tile_status": "orthophoto_thumbnail_window"
      }
    },
    {
      "type": "Feature",
      "geometry": {
        "type": "Polygon",
        "coordinates": [
          [
            [
              -7.027676985755139,
              43.19949308399833
            ],
            [
              -7.0213674023363986,
              43.19949308399833
            ],
            [
              -7.0213674023363986,
              43.20409243721428
            ],
            [
              -7.027676985755139,
              43.20409243721428
            ],
            [
              -7.027676985755139,
              43.19949308399833
            ]
          ]
        ]
      },
      "properties": {
        "bank_id": "neg-es-pba-28954",
        "review_seed_id": "review-neg-0061",
        "control_set_id": "control-v1-0144",
        "review_role": "negative",
        "class_hint": "hard_negative_candidate",
        "country": "ES",
        "region": "Galicia",
        "province_or_district": "Lugo",
        "municipality": "A Fonsagrada",
        "parish": "A Trapa (San Cibrán)",
        "place": "Mesón Novo, O",
        "name": "Arqueira de Morocos 2",
        "source": "Xunta PBA Catálogo. Elementos (xuño 2026)",
        "source_quality": "official_non_castro_heritage_seed",
        "source_record_id": "28954",
        "source_code": "GA27018013",
        "typology": "Túmulo",
        "generic_type": "-",
        "periods": "",
        "positive_confidence": "",
        "morphology_proxy": "",
        "negative_type": "megalithic_mound",
        "review_priority": "P0",
        "original_training_use": "hard_negative_candidate_requires_qgis_review",
        "auto_review_status": "auto_seeded_requires_visual_verification",
        "auto_decision": "selected_for_control_set_v1",
        "training_use": "exclude_until_visual_raster_verification",
        "generated_at": "2026-08-01T00:00:00Z",
        "proposed_radius_m": "45.0",
        "tile_side_m": "512",
        "tile_status": "orthophoto_thumbnail_window"
      }
    },
    {
      "type": "Feature",
      "geometry": {
        "type": "Polygon",
        "coordinates": [
          [
            [
              -8.129688777028873,
              42.26772805507691
            ],
            [
              -8.123473292531946,
              42.26772805507691
            ],
            [
              -8.123473292531946,
              42.27232740829286
            ],
            [
              -8.129688777028873,
              42.27232740829286
            ],
            [
              -8.129688777028873,
              42.26772805507691
            ]
          ]
        ]
      },
      "properties": {
        "bank_id": "neg-es-pba-45679",
        "review_seed_id": "review-neg-0066",
        "control_set_id": "control-v1-0145",
        "review_role": "negative",
        "class_hint": "hard_negative_candidate",
        "country": "ES",
        "region": "Galicia",
        "province_or_district": "Ourense",
        "municipality": "A Arnoia",
        "parish": "A Arnoia (San Salvador)",
        "place": "Reigoso",
        "name": "Mámoa do Reigoso 2",
        "source": "Xunta PBA Catálogo. Elementos (xuño 2026)",
        "source_quality": "official_non_castro_heritage_seed",
        "source_record_id": "45679",
        "source_code": "GA32003006",
        "typology": "",
        "generic_type": "-",
        "periods": "",
        "positive_confidence": "",
        "morphology_proxy": "",
        "negative_type": "megalithic_mound",
        "review_priority": "P0",
        "original_training_use": "hard_negative_candidate_requires_qgis_review",
        "auto_review_status": "auto_seeded_requires_visual_verification",
        "auto_decision": "selected_for_control_set_v1",
        "training_use": "exclude_until_visual_raster_verification",
        "generated_at": "2026-08-01T00:00:00Z",
        "proposed_radius_m": "45.0",
        "tile_side_m": "512",
        "tile_status": "orthophoto_thumbnail_window"
      }
    },
    {
      "type": "Feature",
      "geometry": {
        "type": "Polygon",
        "coordinates": [
          [
            [
              -8.031673827534615,
              42.75683698125038
            ],
            [
              -8.02540950730009,
              42.75683698125038
            ],
            [
              -8.02540950730009,
              42.76143633446633
            ],
            [
              -8.031673827534615,
              42.76143633446633
            ],
            [
              -8.031673827534615,
              42.75683698125038
            ]
          ]
        ]
      },
      "properties": {
        "bank_id": "neg-es-pba-65855",
        "review_seed_id": "review-neg-0072",
        "control_set_id": "control-v1-0186",
        "review_role": "negative",
        "class_hint": "hard_negative_candidate",
        "country": "ES",
        "region": "Galicia",
        "province_or_district": "Pontevedra",
        "municipality": "Agolada",
        "parish": "Ferreiroa (San Pedro)",
        "place": "Fonte de Cántaras",
        "name": "Petróglifo das Mámoas-Esperante 2",
        "source": "Xunta PBA Catálogo. Elementos (xuño 2026)",
        "source_quality": "official_non_castro_heritage_seed",
        "source_record_id": "65855",
        "source_code": "GA36020254",
        "typology": "Petróglifo",
        "generic_type": "ARU",
        "periods": "",
        "positive_confidence": "",
        "morphology_proxy": "",
        "negative_type": "megalithic_mound;rock_art_surface",
        "review_priority": "P0",
        "original_training_use": "hard_negative_candidate_requires_qgis_review",
        "auto_review_status": "auto_seeded_requires_visual_verification",
        "auto_decision": "selected_for_control_set_v1",
        "training_use": "exclude_until_visual_raster_verification",
        "generated_at": "2026-08-01T00:00:00Z",
        "proposed_radius_m": "45.0",
        "tile_side_m": "512",
        "tile_status": "orthophoto_thumbnail_window"
      }
    },
    {
      "type": "Feature",
      "geometry": {
        "type": "Polygon",
        "coordinates": [
          [
            [
              -8.434893327524458,
              41.545594969361666
            ],
            [
              -8.428747758825073,
              41.545594969361666
            ],
            [
              -8.428747758825073,
              41.55019432257762
            ],
            [
              -8.434893327524458,
              41.55019432257762
            ],
            [
              -8.434893327524458,
              41.545594969361666
            ]
          ]
        ]
      },
      "properties": {
        "bank_id": "neg-pt-dgpc-107544",
        "review_seed_id": "review-neg-0082",
        "control_set_id": "control-v1-0191",
        "review_role": "negative",
        "class_hint": "hard_negative_candidate",
        "country": "PT",
        "region": "Norte de Portugal",
        "province_or_district": "Braga",
        "municipality": "Braga",
        "parish": "Braga (Maximinos, Sé e Cividade)",
        "place": "",
        "name": "Braga - Rua Cruz de Pedra, 103-109",
        "source": "DGPC Portal do Arqueólogo Sitios_Arqueologicos",
        "source_quality": "official_non_castro_heritage_seed",
        "source_record_id": "107544",
        "source_code": "33259",
        "typology": "Muralha",
        "generic_type": "",
        "periods": "Moderno;Medieval Cristão;Romano;",
        "positive_confidence": "",
        "morphology_proxy": "",
        "negative_type": "roman_built_context",
        "review_priority": "P0",
        "original_training_use": "hard_negative_candidate_requires_qgis_review",
        "auto_review_status": "auto_seeded_requires_visual_verification",
        "auto_decision": "selected_for_control_set_v1",
        "training_use": "exclude_until_visual_raster_verification",
        "generated_at": "2026-08-01T00:00:00Z",
        "proposed_radius_m": "80.0",
        "tile_side_m": "512",
        "tile_status": "orthophoto_thumbnail_window"
      }
    },
    {
      "type": "Feature",
      "geometry": {
        "type": "Polygon",
        "coordinates": [
          [
            [
              -7.1845915762155395,
              41.482374990762644
            ],
            [
              -7.178452007345951,
              41.482374990762644
            ],
            [
              -7.178452007345951,
              41.486974343978595
            ],
            [
              -7.1845915762155395,
              41.486974343978595
            ],
            [
              -7.1845915762155395,
              41.482374990762644
            ]
          ]
        ]
      },
      "properties": {
        "bank_id": "neg-pt-dgpc-114520",
        "review_seed_id": "review-neg-0084",
        "control_set_id": "control-v1-0121",
        "review_role": "negative",
        "class_hint": "hard_negative_candidate",
        "country": "PT",
        "region": "Norte de Portugal",
        "province_or_district": "Bragança",
        "municipality": "Mirandela",
        "parish": "Mirandela",
        "place": "",
        "name": "Mirandela - Menir da Rua da Portela/ Menir de Mirandela",
        "source": "DGPC Portal do Arqueólogo Sitios_Arqueologicos",
        "source_quality": "official_non_castro_heritage_seed",
        "source_record_id": "114520",
        "source_code": "42499",
        "typology": "Menir",
        "generic_type": "",
        "periods": "Neo-Calcolítico;",
        "positive_confidence": "",
        "morphology_proxy": "",
        "negative_type": "megalithic_mound",
        "review_priority": "P0",
        "original_training_use": "hard_negative_candidate_requires_qgis_review",
        "auto_review_status": "auto_seeded_requires_visual_verification",
        "auto_decision": "selected_for_control_set_v1",
        "training_use": "exclude_until_visual_raster_verification",
        "generated_at": "2026-08-01T00:00:00Z",
        "proposed_radius_m": "45.0",
        "tile_side_m": "512",
        "tile_status": "orthophoto_thumbnail_window"
      }
    },
    {
      "type": "Feature",
      "geometry": {
        "type": "Polygon",
        "coordinates": [
          [
            [
              -7.282858110271042,
              41.468944106281896
            ],
            [
              -7.276719813575798,
              41.468944106281896
            ],
            [
              -7.276719813575798,
              41.47354345949785
            ],
            [
              -7.282858110271042,
              41.47354345949785
            ],
            [
              -7.282858110271042,
              41.468944106281896
            ]
          ]
        ]
      },
      "properties": {
        "bank_id": "neg-pt-dgpc-113333",
        "review_seed_id": "review-neg-0085",
        "control_set_id": "control-v1-0185",
        "review_role": "negative",
        "class_hint": "hard_negative_candidate",
        "country": "PT",
        "region": "Norte de Portugal",
        "province_or_district": "Bragança",
        "municipality": "Mirandela",
        "parish": "Passos",
        "place": "",
        "name": "Regato das Bouças 14",
        "source": "DGPC Portal do Arqueólogo Sitios_Arqueologicos",
        "source_quality": "official_non_castro_heritage_seed",
        "source_record_id": "113333",
        "source_code": "41280",
        "typology": "Anta/Dólmen",
        "generic_type": "Arte Rupestre;",
        "periods": "Neo-Calcolítico;",
        "positive_confidence": "",
        "morphology_proxy": "",
        "negative_type": "megalithic_mound;rock_art_surface",
        "review_priority": "P0",
        "original_training_use": "hard_negative_candidate_requires_qgis_review",
        "auto_review_status": "auto_seeded_requires_visual_verification",
        "auto_decision": "selected_for_control_set_v1",
        "training_use": "exclude_until_visual_raster_verification",
        "generated_at": "2026-08-01T00:00:00Z",
        "proposed_radius_m": "45.0",
        "tile_side_m": "512",
        "tile_status": "orthophoto_thumbnail_window"
      }
    },
    {
      "type": "Feature",
      "geometry": {
        "type": "Polygon",
        "coordinates": [
          [
            [
              -8.458020583869718,
              41.06946337745709
            ],
            [
              -8.451919733812055,
              41.06946337745709
            ],
            [
              -8.451919733812055,
              41.07406273067304
            ],
            [
              -8.458020583869718,
              41.07406273067304
            ],
            [
              -8.458020583869718,
              41.06946337745709
            ]
          ]
        ]
      },
      "properties": {
        "bank_id": "neg-pt-dgpc-112099",
        "review_seed_id": "review-neg-0089",
        "control_set_id": "control-v1-0123",
        "review_role": "negative",
        "class_hint": "hard_negative_candidate",
        "country": "PT",
        "region": "Norte de Portugal",
        "province_or_district": "Porto",
        "municipality": "Gondomar",
        "parish": "Melres e Medas",
        "place": "",
        "name": "Mamoa dos Crastos (Broalhos)",
        "source": "DGPC Portal do Arqueólogo Sitios_Arqueologicos",
        "source_quality": "official_non_castro_heritage_seed",
        "source_record_id": "112099",
        "source_code": "19072",
        "typology": "Mamoa",
        "generic_type": "Anta/Dólmen;",
        "periods": "Neo-Calcolítico;",
        "positive_confidence": "",
        "morphology_proxy": "",
        "negative_type": "megalithic_mound",
        "review_priority": "P0",
        "original_training_use": "hard_negative_candidate_requires_qgis_review",
        "auto_review_status": "auto_seeded_requires_visual_verification",
        "auto_decision": "selected_for_control_set_v1",
        "training_use": "exclude_until_visual_raster_verification",
        "generated_at": "2026-08-01T00:00:00Z",
        "proposed_radius_m": "45.0",
        "tile_side_m": "512",
        "tile_status": "orthophoto_thumbnail_window"
      }
    },
    {
      "type": "Feature",
      "geometry": {
        "type": "Polygon",
        "coordinates": [
          [
            [
              -7.47293403084469,
              41.73791049291199
            ],
            [
              -7.466770092077746,
              41.73791049291199
            ],
            [
              -7.466770092077746,
              41.742509846127945
            ],
            [
              -7.47293403084469,
              41.742509846127945
            ],
            [
              -7.47293403084469,
              41.73791049291199
            ]
          ]
        ]
      },
      "properties": {
        "bank_id": "neg-pt-dgpc-109187",
        "review_seed_id": "review-neg-0103",
        "control_set_id": "control-v1-0192",
        "review_role": "negative",
        "class_hint": "hard_negative_candidate",
        "country": "PT",
        "region": "Norte de Portugal",
        "province_or_district": "Vila Real",
        "municipality": "Chaves",
        "parish": "Santa Maria Maior",
        "place": "",
        "name": "Chaves - Rua do Bispo Idácio, 20-22",
        "source": "DGPC Portal do Arqueólogo Sitios_Arqueologicos",
        "source_quality": "official_non_castro_heritage_seed",
        "source_record_id": "109187",
        "source_code": "11799",
        "typology": "Cidade",
        "generic_type": "Necrópole;Muralha;",
        "periods": "Contemporâneo;Moderno;Medieval Cristão;Alta Idade Média;Idade do Ferro;Romano;",
        "positive_confidence": "",
        "morphology_proxy": "",
        "negative_type": "roman_built_context",
        "review_priority": "P0",
        "original_training_use": "hard_negative_candidate_requires_qgis_review",
        "auto_review_status": "auto_seeded_requires_visual_verification",
        "auto_decision": "selected_for_control_set_v1",
        "training_use": "exclude_until_visual_raster_verification",
        "generated_at": "2026-08-01T00:00:00Z",
        "proposed_radius_m": "80.0",
        "tile_side_m": "512",
        "tile_status": "orthophoto_thumbnail_window"
      }
    },
    {
      "type": "Feature",
      "geometry": {
        "type": "Polygon",
        "coordinates": [
          [
            [
              -8.781311667039743,
              42.74268510315935
            ],
            [
              -8.77504877702449,
              42.74268510315935
            ],
            [
              -8.77504877702449,
              42.747284456375304
            ],
            [
              -8.781311667039743,
              42.747284456375304
            ],
            [
              -8.781311667039743,
              42.74268510315935
            ]
          ]
        ]
      },
      "properties": {
        "bank_id": "neg-es-pba-12558",
        "review_seed_id": "review-neg-0105",
        "control_set_id": "control-v1-0198",
        "review_role": "negative",
        "class_hint": "hard_negative_candidate",
        "country": "ES",
        "region": "Galicia",
        "province_or_district": "A Coruña",
        "municipality": "Lousame",
        "parish": "Fruíme (San Martiño)",
        "place": "Varela, A",
        "name": "Petróglifo de Monte Muralla 3",
        "source": "Xunta PBA Catálogo. Elementos (xuño 2026)",
        "source_quality": "official_non_castro_heritage_seed",
        "source_record_id": "12558",
        "source_code": "GA15042016",
        "typology": "",
        "generic_type": "ARU",
        "periods": "",
        "positive_confidence": "",
        "morphology_proxy": "",
        "negative_type": "rock_art_surface",
        "review_priority": "P0",
        "original_training_use": "hard_negative_candidate_requires_qgis_review",
        "auto_review_status": "auto_seeded_requires_visual_verification",
        "auto_decision": "selected_for_control_set_v1",
        "training_use": "exclude_until_visual_raster_verification",
        "generated_at": "2026-08-01T00:00:00Z",
        "proposed_radius_m": "35.0",
        "tile_side_m": "512",
        "tile_status": "orthophoto_thumbnail_window"
      }
    },
    {
      "type": "Feature",
      "geometry": {
        "type": "Polygon",
        "coordinates": [
          [
            [
              -7.404055473756176,
              43.311796932303956
            ],
            [
              -7.3977342424242964,
              43.311796932303956
            ],
            [
              -7.3977342424242964,
              43.31639628551991
            ],
            [
              -7.404055473756176,
              43.31639628551991
            ],
            [
              -7.404055473756176,
              43.311796932303956
            ]
          ]
        ]
      },
      "properties": {
        "bank_id": "neg-es-pba-36915",
        "review_seed_id": "review-neg-0106",
        "control_set_id": "control-v1-0154",
        "review_role": "negative",
        "class_hint": "hard_negative_candidate",
        "country": "ES",
        "region": "Galicia",
        "province_or_district": "Lugo",
        "municipality": "A Pastoriza",
        "parish": "A Regueira (San Vicente)",
        "place": "Castelo, O",
        "name": "O Castelo",
        "source": "Xunta PBA Catálogo. Elementos (xuño 2026)",
        "source_quality": "official_non_castro_heritage_seed",
        "source_record_id": "36915",
        "source_code": "TO27044006",
        "typology": "Estruturas defensivas?",
        "generic_type": "DEF",
        "periods": "",
        "positive_confidence": "",
        "morphology_proxy": "",
        "negative_type": "historic_fortification",
        "review_priority": "P0",
        "original_training_use": "hard_negative_candidate_requires_qgis_review",
        "auto_review_status": "auto_seeded_requires_visual_verification",
        "auto_decision": "selected_for_control_set_v1",
        "training_use": "exclude_until_visual_raster_verification",
        "generated_at": "2026-08-01T00:00:00Z",
        "proposed_radius_m": "100.0",
        "tile_side_m": "512",
        "tile_status": "orthophoto_thumbnail_window"
      }
    },
    {
      "type": "Feature",
      "geometry": {
        "type": "Polygon",
        "coordinates": [
          [
            [
              -8.854673637925952,
              41.976620993702916
            ],
            [
              -8.84848664679975,
              41.976620993702916
            ],
            [
              -8.84848664679975,
              41.98122034691887
            ],
            [
              -8.854673637925952,
              41.98122034691887
            ],
            [
              -8.854673637925952,
              41.976620993702916
            ]
          ]
        ]
      },
      "properties": {
        "bank_id": "neg-es-pba-69588",
        "review_seed_id": "review-neg-0117",
        "control_set_id": "control-v1-0183",
        "review_role": "negative",
        "class_hint": "hard_negative_candidate",
        "country": "ES",
        "region": "Galicia",
        "province_or_district": "Pontevedra",
        "municipality": "Oia",
        "parish": "Loureza (San Mamede)",
        "place": "Santa Comba",
        "name": "Mámoa da Valga 1",
        "source": "Xunta PBA Catálogo. Elementos (xuño 2026)",
        "source_quality": "official_non_castro_heritage_seed",
        "source_record_id": "69588",
        "source_code": "GA36036021",
        "typology": "Petróglifo",
        "generic_type": "ARU",
        "periods": "",
        "positive_confidence": "",
        "morphology_proxy": "",
        "negative_type": "megalithic_mound;rock_art_surface",
        "review_priority": "P0",
        "original_training_use": "hard_negative_candidate_requires_qgis_review",
        "auto_review_status": "auto_seeded_requires_visual_verification",
        "auto_decision": "selected_for_control_set_v1",
        "training_use": "exclude_until_visual_raster_verification",
        "generated_at": "2026-08-01T00:00:00Z",
        "proposed_radius_m": "45.0",
        "tile_side_m": "512",
        "tile_status": "orthophoto_thumbnail_window"
      }
    },
    {
      "type": "Feature",
      "geometry": {
        "type": "Polygon",
        "coordinates": [
          [
            [
              -8.430567182508051,
              41.54804263975583
            ],
            [
              -8.424421381128608,
              41.54804263975583
            ],
            [
              -8.424421381128608,
              41.55264199297178
            ],
            [
              -8.430567182508051,
              41.55264199297178
            ],
            [
              -8.430567182508051,
              41.54804263975583
            ]
          ]
        ]
      },
      "properties": {
        "bank_id": "neg-pt-dgpc-111203",
        "review_seed_id": "review-neg-0126",
        "control_set_id": "control-v1-0193",
        "review_role": "negative",
        "class_hint": "hard_negative_candidate",
        "country": "PT",
        "region": "Norte de Portugal",
        "province_or_district": "Braga",
        "municipality": "Braga",
        "parish": "Braga (Maximinos, Sé e Cividade)",
        "place": "",
        "name": "Braga - Rua D. Diogo de Sousa, 102-118",
        "source": "DGPC Portal do Arqueólogo Sitios_Arqueologicos",
        "source_quality": "official_non_castro_heritage_seed",
        "source_record_id": "111203",
        "source_code": "22911",
        "typology": "Muralha",
        "generic_type": "",
        "periods": "Idade Média;Romano;",
        "positive_confidence": "",
        "morphology_proxy": "",
        "negative_type": "roman_built_context",
        "review_priority": "P0",
        "original_training_use": "hard_negative_candidate_requires_qgis_review",
        "auto_review_status": "auto_seeded_requires_visual_verification",
        "auto_decision": "selected_for_control_set_v1",
        "training_use": "exclude_until_visual_raster_verification",
        "generated_at": "2026-08-01T00:00:00Z",
        "proposed_radius_m": "80.0",
        "tile_side_m": "512",
        "tile_status": "orthophoto_thumbnail_window"
      }
    },
    {
      "type": "Feature",
      "geometry": {
        "type": "Polygon",
        "coordinates": [
          [
            [
              -8.138183236379763,
              42.04201820683187
            ],
            [
              -8.131989880904186,
              42.04201820683187
            ],
            [
              -8.131989880904186,
              42.04661756004782
            ],
            [
              -8.138183236379763,
              42.04661756004782
            ],
            [
              -8.138183236379763,
              42.04201820683187
            ]
          ]
        ]
      },
      "properties": {
        "bank_id": "neg-pt-dgpc-113975",
        "review_seed_id": "review-neg-0137",
        "control_set_id": "control-v1-0135",
        "review_role": "negative",
        "class_hint": "hard_negative_candidate",
        "country": "PT",
        "region": "Norte de Portugal",
        "province_or_district": "Viana do Castelo",
        "municipality": "Melgaço",
        "parish": "Castro Laboreiro e Lamas de Mouro",
        "place": "",
        "name": "Mamoa 1 dos Prados da Saba",
        "source": "DGPC Portal do Arqueólogo Sitios_Arqueologicos",
        "source_quality": "official_non_castro_heritage_seed",
        "source_record_id": "113975",
        "source_code": "40288",
        "typology": "Anta/Dólmen",
        "generic_type": "Mamoa;",
        "periods": "Neo-Calcolítico;",
        "positive_confidence": "",
        "morphology_proxy": "",
        "negative_type": "megalithic_mound",
        "review_priority": "P0",
        "original_training_use": "hard_negative_candidate_requires_qgis_review",
        "auto_review_status": "auto_seeded_requires_visual_verification",
        "auto_decision": "selected_for_control_set_v1",
        "training_use": "exclude_until_visual_raster_verification",
        "generated_at": "2026-08-01T00:00:00Z",
        "proposed_radius_m": "45.0",
        "tile_side_m": "512",
        "tile_status": "orthophoto_thumbnail_window"
      }
    },
    {
      "type": "Feature",
      "geometry": {
        "type": "Polygon",
        "coordinates": [
          [
            [
              -7.426808864525674,
              41.75292291705224
            ],
            [
              -7.4206434842168,
              41.75292291705224
            ],
            [
              -7.4206434842168,
              41.75752227026819
            ],
            [
              -7.426808864525674,
              41.75752227026819
            ],
            [
              -7.426808864525674,
              41.75292291705224
            ]
          ]
        ]
      },
      "properties": {
        "bank_id": "neg-pt-dgpc-109436",
        "review_seed_id": "review-neg-0141",
        "control_set_id": "control-v1-0141",
        "review_role": "negative",
        "class_hint": "hard_negative_candidate",
        "country": "PT",
        "region": "Norte de Portugal",
        "province_or_district": "Vila Real",
        "municipality": "Chaves",
        "parish": "Faiões",
        "place": "",
        "name": "Carreira da Pedra",
        "source": "DGPC Portal do Arqueólogo Sitios_Arqueologicos",
        "source_quality": "official_non_castro_heritage_seed",
        "source_record_id": "109436",
        "source_code": "3120",
        "typology": "Menir",
        "generic_type": "",
        "periods": "Neo-Calcolítico;",
        "positive_confidence": "",
        "morphology_proxy": "",
        "negative_type": "megalithic_mound",
        "review_priority": "P0",
        "original_training_use": "hard_negative_candidate_requires_qgis_review",
        "auto_review_status": "auto_seeded_requires_visual_verification",
        "auto_decision": "selected_for_control_set_v1",
        "training_use": "exclude_until_visual_raster_verification",
        "generated_at": "2026-08-01T00:00:00Z",
        "proposed_radius_m": "45.0",
        "tile_side_m": "512",
        "tile_status": "orthophoto_thumbnail_window"
      }
    },
    {
      "type": "Feature",
      "geometry": {
        "type": "Polygon",
        "coordinates": [
          [
            [
              -7.5272784876737875,
              43.37890027640798
            ],
            [
              -7.520950264360427,
              43.37890027640798
            ],
            [
              -7.520950264360427,
              43.383499629623934
            ],
            [
              -7.5272784876737875,
              43.383499629623934
            ],
            [
              -7.5272784876737875,
              43.37890027640798
            ]
          ]
        ]
      },
      "properties": {
        "bank_id": "neg-es-pba-26859",
        "review_seed_id": "review-neg-0147",
        "control_set_id": "control-v1-0155",
        "review_role": "negative",
        "class_hint": "hard_negative_candidate",
        "country": "ES",
        "region": "Galicia",
        "province_or_district": "Lugo",
        "municipality": "Abadín",
        "parish": "Fanoi (Santa María Madanela)",
        "place": "Sever",
        "name": "Castelo da Portela",
        "source": "Xunta PBA Catálogo. Elementos (xuño 2026)",
        "source_quality": "official_non_castro_heritage_seed",
        "source_record_id": "26859",
        "source_code": "GA27001005",
        "typology": "Estruturas defensivas?",
        "generic_type": "DEF",
        "periods": "",
        "positive_confidence": "",
        "morphology_proxy": "",
        "negative_type": "historic_fortification",
        "review_priority": "P0",
        "original_training_use": "hard_negative_candidate_requires_qgis_review",
        "auto_review_status": "auto_seeded_requires_visual_verification",
        "auto_decision": "selected_for_control_set_v1",
        "training_use": "exclude_until_visual_raster_verification",
        "generated_at": "2026-08-01T00:00:00Z",
        "proposed_radius_m": "100.0",
        "tile_side_m": "512",
        "tile_status": "orthophoto_thumbnail_window"
      }
    },
    {
      "type": "Feature",
      "geometry": {
        "type": "Polygon",
        "coordinates": [
          [
            [
              -7.1199886765978695,
              42.055212554544894
            ],
            [
              -7.113794034503512,
              42.055212554544894
            ],
            [
              -7.113794034503512,
              42.059811907760846
            ],
            [
              -7.1199886765978695,
              42.059811907760846
            ],
            [
              -7.1199886765978695,
              42.055212554544894
            ]
          ]
        ]
      },
      "properties": {
        "bank_id": "neg-es-pba-50551",
        "review_seed_id": "review-neg-0152",
        "control_set_id": "control-v1-0104",
        "review_role": "negative",
        "class_hint": "hard_negative_candidate",
        "country": "ES",
        "region": "Galicia",
        "province_or_district": "Ourense",
        "municipality": "A Gudiña",
        "parish": "O Canizo (Santa María)",
        "place": "Canizo, O",
        "name": "A Medorra",
        "source": "Xunta PBA Catálogo. Elementos (xuño 2026)",
        "source_quality": "official_non_castro_heritage_seed",
        "source_record_id": "50551",
        "source_code": "GA32034019",
        "typology": "Mámoa",
        "generic_type": "-",
        "periods": "",
        "positive_confidence": "",
        "morphology_proxy": "",
        "negative_type": "megalithic_mound",
        "review_priority": "P0",
        "original_training_use": "hard_negative_candidate_requires_qgis_review",
        "auto_review_status": "auto_seeded_requires_visual_verification",
        "auto_decision": "selected_for_control_set_v1",
        "training_use": "exclude_until_visual_raster_verification",
        "generated_at": "2026-08-01T00:00:00Z",
        "proposed_radius_m": "45.0",
        "tile_side_m": "512",
        "tile_status": "orthophoto_thumbnail_window"
      }
    },
    {
      "type": "Feature",
      "geometry": {
        "type": "Polygon",
        "coordinates": [
          [
            [
              -8.844420509679559,
              41.9765887888286
            ],
            [
              -8.838233521682277,
              41.9765887888286
            ],
            [
              -8.838233521682277,
              41.98118814204455
            ],
            [
              -8.844420509679559,
              41.98118814204455
            ],
            [
              -8.844420509679559,
              41.9765887888286
            ]
          ]
        ]
      },
      "properties": {
        "bank_id": "neg-es-pba-69648",
        "review_seed_id": "review-neg-0158",
        "control_set_id": "control-v1-0187",
        "review_role": "negative",
        "class_hint": "hard_negative_candidate",
        "country": "ES",
        "region": "Galicia",
        "province_or_district": "Pontevedra",
        "municipality": "Oia",
        "parish": "Loureza (San Mamede)",
        "place": "Santa Comba",
        "name": "Mámoa da Valga 2",
        "source": "Xunta PBA Catálogo. Elementos (xuño 2026)",
        "source_quality": "official_non_castro_heritage_seed",
        "source_record_id": "69648",
        "source_code": "GA36036022",
        "typology": "Petróglifo",
        "generic_type": "ARU",
        "periods": "",
        "positive_confidence": "",
        "morphology_proxy": "",
        "negative_type": "megalithic_mound;rock_art_surface",
        "review_priority": "P0",
        "original_training_use": "hard_negative_candidate_requires_qgis_review",
        "auto_review_status": "auto_seeded_requires_visual_verification",
        "auto_decision": "selected_for_control_set_v1",
        "training_use": "exclude_until_visual_raster_verification",
        "generated_at": "2026-08-01T00:00:00Z",
        "proposed_radius_m": "45.0",
        "tile_side_m": "512",
        "tile_status": "orthophoto_thumbnail_window"
      }
    },
    {
      "type": "Feature",
      "geometry": {
        "type": "Polygon",
        "coordinates": [
          [
            [
              -8.005554420329984,
              41.614392553037966
            ],
            [
              -7.999402300606158,
              41.614392553037966
            ],
            [
              -7.999402300606158,
              41.61899190625392
            ],
            [
              -8.005554420329984,
              41.61899190625392
            ],
            [
              -8.005554420329984,
              41.614392553037966
            ]
          ]
        ]
      },
      "properties": {
        "bank_id": "neg-pt-dgpc-109194",
        "review_seed_id": "review-neg-0163",
        "control_set_id": "control-v1-0113",
        "review_role": "negative",
        "class_hint": "hard_negative_candidate",
        "country": "PT",
        "region": "Norte de Portugal",
        "province_or_district": "Braga",
        "municipality": "Cabeceiras de Basto",
        "parish": "Bucos",
        "place": "",
        "name": "Mamoa 1 de Penedo Covo",
        "source": "DGPC Portal do Arqueólogo Sitios_Arqueologicos",
        "source_quality": "official_non_castro_heritage_seed",
        "source_record_id": "109194",
        "source_code": "30013",
        "typology": "Mamoa",
        "generic_type": "",
        "periods": "Neo-Calcolítico;",
        "positive_confidence": "",
        "morphology_proxy": "",
        "negative_type": "megalithic_mound",
        "review_priority": "P0",
        "original_training_use": "hard_negative_candidate_requires_qgis_review",
        "auto_review_status": "auto_seeded_requires_visual_verification",
        "auto_decision": "selected_for_control_set_v1",
        "training_use": "exclude_until_visual_raster_verification",
        "generated_at": "2026-08-01T00:00:00Z",
        "proposed_radius_m": "45.0",
        "tile_side_m": "512",
        "tile_status": "orthophoto_thumbnail_window"
      }
    },
    {
      "type": "Feature",
      "geometry": {
        "type": "Polygon",
        "coordinates": [
          [
            [
              -8.435666791160402,
              41.543942668584435
            ],
            [
              -8.429521379515476,
              41.543942668584435
            ],
            [
              -8.429521379515476,
              41.54854202180039
            ],
            [
              -8.435666791160402,
              41.54854202180039
            ],
            [
              -8.435666791160402,
              41.543942668584435
            ]
          ]
        ]
      },
      "properties": {
        "bank_id": "neg-pt-dgpc-110813",
        "review_seed_id": "review-neg-0167",
        "control_set_id": "control-v1-0194",
        "review_role": "negative",
        "class_hint": "hard_negative_candidate",
        "country": "PT",
        "region": "Norte de Portugal",
        "province_or_district": "Braga",
        "municipality": "Braga",
        "parish": "Braga (Maximinos, Sé e Cividade)",
        "place": "",
        "name": "Braga - Rua Direita, 25-29",
        "source": "DGPC Portal do Arqueólogo Sitios_Arqueologicos",
        "source_quality": "official_non_castro_heritage_seed",
        "source_record_id": "110813",
        "source_code": "39900",
        "typology": "Muralha",
        "generic_type": "",
        "periods": "Romano;",
        "positive_confidence": "",
        "morphology_proxy": "",
        "negative_type": "roman_built_context",
        "review_priority": "P0",
        "original_training_use": "hard_negative_candidate_requires_qgis_review",
        "auto_review_status": "auto_seeded_requires_visual_verification",
        "auto_decision": "selected_for_control_set_v1",
        "training_use": "exclude_until_visual_raster_verification",
        "generated_at": "2026-08-01T00:00:00Z",
        "proposed_radius_m": "80.0",
        "tile_side_m": "512",
        "tile_status": "orthophoto_thumbnail_window"
      }
    },
    {
      "type": "Feature",
      "geometry": {
        "type": "Polygon",
        "coordinates": [
          [
            [
              -8.30691517805917,
              41.32235498329165
            ],
            [
              -8.300790710248362,
              41.32235498329165
            ],
            [
              -8.300790710248362,
              41.326954336507605
            ],
            [
              -8.30691517805917,
              41.326954336507605
            ],
            [
              -8.30691517805917,
              41.32235498329165
            ]
          ]
        ]
      },
      "properties": {
        "bank_id": "neg-pt-dgpc-106436",
        "review_seed_id": "review-neg-0171",
        "control_set_id": "control-v1-0124",
        "review_role": "negative",
        "class_hint": "hard_negative_candidate",
        "country": "PT",
        "region": "Norte de Portugal",
        "province_or_district": "Porto",
        "municipality": "Lousada",
        "parish": "Lustosa e Barrosas (Santo Estevão)",
        "place": "",
        "name": "Serra de Campelos 1",
        "source": "DGPC Portal do Arqueólogo Sitios_Arqueologicos",
        "source_quality": "official_non_castro_heritage_seed",
        "source_record_id": "106436",
        "source_code": "3042",
        "typology": "Mamoa",
        "generic_type": "",
        "periods": "Neo-Calcolítico;",
        "positive_confidence": "",
        "morphology_proxy": "",
        "negative_type": "megalithic_mound",
        "review_priority": "P0",
        "original_training_use": "hard_negative_candidate_requires_qgis_review",
        "auto_review_status": "auto_seeded_requires_visual_verification",
        "auto_decision": "selected_for_control_set_v1",
        "training_use": "exclude_until_visual_raster_verification",
        "generated_at": "2026-08-01T00:00:00Z",
        "proposed_radius_m": "45.0",
        "tile_side_m": "512",
        "tile_status": "orthophoto_thumbnail_window"
      }
    },
    {
      "type": "Feature",
      "geometry": {
        "type": "Polygon",
        "coordinates": [
          [
            [
              -7.735008747491081,
              41.48439498351718
            ],
            [
              -7.728868987212824,
              41.48439498351718
            ],
            [
              -7.728868987212824,
              41.48899433673313
            ],
            [
              -7.735008747491081,
              41.48899433673313
            ],
            [
              -7.735008747491081,
              41.48439498351718
            ]
          ]
        ]
      },
      "properties": {
        "bank_id": "neg-pt-dgpc-114420",
        "review_seed_id": "review-neg-0181",
        "control_set_id": "control-v1-0142",
        "review_role": "negative",
        "class_hint": "hard_negative_candidate",
        "country": "PT",
        "region": "Norte de Portugal",
        "province_or_district": "Vila Real",
        "municipality": "Vila Pouca de Aguiar",
        "parish": "Alvão",
        "place": "",
        "name": "Alto de Pandim / Gouvães da Serra",
        "source": "DGPC Portal do Arqueólogo Sitios_Arqueologicos",
        "source_quality": "official_non_castro_heritage_seed",
        "source_record_id": "114420",
        "source_code": "42224",
        "typology": "Mamoa",
        "generic_type": "",
        "periods": "Neo-Calcolítico;",
        "positive_confidence": "",
        "morphology_proxy": "",
        "negative_type": "megalithic_mound",
        "review_priority": "P0",
        "original_training_use": "hard_negative_candidate_requires_qgis_review",
        "auto_review_status": "auto_seeded_requires_visual_verification",
        "auto_decision": "selected_for_control_set_v1",
        "training_use": "exclude_until_visual_raster_verification",
        "generated_at": "2026-08-01T00:00:00Z",
        "proposed_radius_m": "45.0",
        "tile_side_m": "512",
        "tile_status": "orthophoto_thumbnail_window"
      }
    },
    {
      "type": "Feature",
      "geometry": {
        "type": "Polygon",
        "coordinates": [
          [
            [
              -7.495422438469293,
              42.64032238420834
            ],
            [
              -7.4891698626923455,
              42.64032238420834
            ],
            [
              -7.4891698626923455,
              42.64492173742429
            ],
            [
              -7.495422438469293,
              42.64492173742429
            ],
            [
              -7.495422438469293,
              42.64032238420834
            ]
          ]
        ]
      },
      "properties": {
        "bank_id": "neg-es-pba-28789",
        "review_seed_id": "review-neg-0187",
        "control_set_id": "control-v1-0156",
        "review_role": "negative",
        "class_hint": "hard_negative_candidate",
        "country": "ES",
        "region": "Galicia",
        "province_or_district": "Lugo",
        "municipality": "Bóveda",
        "parish": "Teilán (Santa Baia)",
        "place": "A Modorra",
        "name": "Castelo da Modorra",
        "source": "Xunta PBA Catálogo. Elementos (xuño 2026)",
        "source_quality": "official_non_castro_heritage_seed",
        "source_record_id": "28789",
        "source_code": "GA27008019",
        "typology": "Estruturas defensivas?",
        "generic_type": "DEF",
        "periods": "",
        "positive_confidence": "",
        "morphology_proxy": "",
        "negative_type": "historic_fortification",
        "review_priority": "P0",
        "original_training_use": "hard_negative_candidate_requires_qgis_review",
        "auto_review_status": "auto_seeded_requires_visual_verification",
        "auto_decision": "selected_for_control_set_v1",
        "training_use": "exclude_until_visual_raster_verification",
        "generated_at": "2026-08-01T00:00:00Z",
        "proposed_radius_m": "100.0",
        "tile_side_m": "512",
        "tile_status": "orthophoto_thumbnail_window"
      }
    },
    {
      "type": "Feature",
      "geometry": {
        "type": "Polygon",
        "coordinates": [
          [
            [
              -7.137033605998594,
              42.013639456581934
            ],
            [
              -7.130843014894374,
              42.013639456581934
            ],
            [
              -7.130843014894374,
              42.018238809797886
            ],
            [
              -7.137033605998594,
              42.018238809797886
            ],
            [
              -7.137033605998594,
              42.013639456581934
            ]
          ]
        ]
      },
      "properties": {
        "bank_id": "neg-es-pba-50512",
        "review_seed_id": "review-neg-0192",
        "control_set_id": "control-v1-0146",
        "review_role": "negative",
        "class_hint": "hard_negative_candidate",
        "country": "ES",
        "region": "Galicia",
        "province_or_district": "Ourense",
        "municipality": "A Gudiña",
        "parish": "O Tameirón (Santa María)",
        "place": "Tameirón, O",
        "name": "Mámoa da Cabeza do Chichón 1",
        "source": "Xunta PBA Catálogo. Elementos (xuño 2026)",
        "source_quality": "official_non_castro_heritage_seed",
        "source_record_id": "50512",
        "source_code": "GA32034024",
        "typology": "Mámoa",
        "generic_type": "-",
        "periods": "",
        "positive_confidence": "",
        "morphology_proxy": "",
        "negative_type": "megalithic_mound",
        "review_priority": "P0",
        "original_training_use": "hard_negative_candidate_requires_qgis_review",
        "auto_review_status": "auto_seeded_requires_visual_verification",
        "auto_decision": "selected_for_control_set_v1",
        "training_use": "exclude_until_visual_raster_verification",
        "generated_at": "2026-08-01T00:00:00Z",
        "proposed_radius_m": "45.0",
        "tile_side_m": "512",
        "tile_status": "orthophoto_thumbnail_window"
      }
    },
    {
      "type": "Feature",
      "geometry": {
        "type": "Polygon",
        "coordinates": [
          [
            [
              -8.844362335892855,
              41.976805478879776
            ],
            [
              -8.83817532684259,
              41.976805478879776
            ],
            [
              -8.83817532684259,
              41.98140483209573
            ],
            [
              -8.844362335892855,
              41.98140483209573
            ],
            [
              -8.844362335892855,
              41.976805478879776
            ]
          ]
        ]
      },
      "properties": {
        "bank_id": "neg-es-pba-69649",
        "review_seed_id": "review-neg-0198",
        "control_set_id": "control-v1-0188",
        "review_role": "negative",
        "class_hint": "hard_negative_candidate",
        "country": "ES",
        "region": "Galicia",
        "province_or_district": "Pontevedra",
        "municipality": "Oia",
        "parish": "Loureza (San Mamede)",
        "place": "Santa Comba",
        "name": "Mámoa da Valga 3",
        "source": "Xunta PBA Catálogo. Elementos (xuño 2026)",
        "source_quality": "official_non_castro_heritage_seed",
        "source_record_id": "69649",
        "source_code": "GA36036034",
        "typology": "Petróglifo",
        "generic_type": "ARU",
        "periods": "",
        "positive_confidence": "",
        "morphology_proxy": "",
        "negative_type": "megalithic_mound;rock_art_surface",
        "review_priority": "P0",
        "original_training_use": "hard_negative_candidate_requires_qgis_review",
        "auto_review_status": "auto_seeded_requires_visual_verification",
        "auto_decision": "selected_for_control_set_v1",
        "training_use": "exclude_until_visual_raster_verification",
        "generated_at": "2026-08-01T00:00:00Z",
        "proposed_radius_m": "45.0",
        "tile_side_m": "512",
        "tile_status": "orthophoto_thumbnail_window"
      }
    },
    {
      "type": "Feature",
      "geometry": {
        "type": "Polygon",
        "coordinates": [
          [
            [
              -7.416615528018511,
              43.03272510136183
            ],
            [
              -7.410323117934933,
              43.03272510136183
            ],
            [
              -7.410323117934933,
              43.03732445457778
            ],
            [
              -7.416615528018511,
              43.03732445457778
            ],
            [
              -7.416615528018511,
              43.03272510136183
            ]
          ]
        ]
      },
      "properties": {
        "bank_id": "neg-es-pba-29892",
        "review_seed_id": "review-neg-0224",
        "control_set_id": "control-v1-0157",
        "review_role": "negative",
        "class_hint": "hard_negative_candidate",
        "country": "ES",
        "region": "Galicia",
        "province_or_district": "Lugo",
        "municipality": "Castroverde",
        "parish": "Barredo (Santo André)",
        "place": "Barredo",
        "name": "Torre de Sobreda",
        "source": "Xunta PBA Catálogo. Elementos (xuño 2026)",
        "source_quality": "official_non_castro_heritage_seed",
        "source_record_id": "29892",
        "source_code": "GA27011091",
        "typology": "Estruturas defensivas?",
        "generic_type": "DEF",
        "periods": "",
        "positive_confidence": "",
        "morphology_proxy": "",
        "negative_type": "historic_fortification",
        "review_priority": "P0",
        "original_training_use": "hard_negative_candidate_requires_qgis_review",
        "auto_review_status": "auto_seeded_requires_visual_verification",
        "auto_decision": "selected_for_control_set_v1",
        "training_use": "exclude_until_visual_raster_verification",
        "generated_at": "2026-08-01T00:00:00Z",
        "proposed_radius_m": "100.0",
        "tile_side_m": "512",
        "tile_status": "orthophoto_thumbnail_window"
      }
    },
    {
      "type": "Feature",
      "geometry": {
        "type": "Polygon",
        "coordinates": [
          [
            [
              -8.08294091866502,
              41.442222595050744
            ],
            [
              -8.076805150463645,
              41.442222595050744
            ],
            [
              -8.076805150463645,
              41.446821948266695
            ],
            [
              -8.08294091866502,
              41.446821948266695
            ],
            [
              -8.08294091866502,
              41.442222595050744
            ]
          ]
        ]
      },
      "properties": {
        "bank_id": "neg-pt-dgpc-107214",
        "review_seed_id": "review-neg-0240",
        "control_set_id": "control-v1-0114",
        "review_role": "negative",
        "class_hint": "hard_negative_candidate",
        "country": "PT",
        "region": "Norte de Portugal",
        "province_or_district": "Braga",
        "municipality": "Celorico de Basto",
        "parish": "Basto (São Clemente)",
        "place": "",
        "name": "Travessa 1",
        "source": "DGPC Portal do Arqueólogo Sitios_Arqueologicos",
        "source_quality": "official_non_castro_heritage_seed",
        "source_record_id": "107214",
        "source_code": "16765",
        "typology": "Mamoa",
        "generic_type": "Fossa;",
        "periods": "Idade do Bronze;Calcolítico;",
        "positive_confidence": "",
        "morphology_proxy": "",
        "negative_type": "megalithic_mound",
        "review_priority": "P0",
        "original_training_use": "hard_negative_candidate_requires_qgis_review",
        "auto_review_status": "auto_seeded_requires_visual_verification",
        "auto_decision": "selected_for_control_set_v1",
        "training_use": "exclude_until_visual_raster_verification",
        "generated_at": "2026-08-01T00:00:00Z",
        "proposed_radius_m": "45.0",
        "tile_side_m": "512",
        "tile_status": "orthophoto_thumbnail_window"
      }
    },
    {
      "type": "Feature",
      "geometry": {
        "type": "Polygon",
        "coordinates": [
          [
            [
              -7.74729270033385,
              42.65809343017776
            ],
            [
              -7.7410383377858745,
              42.65809343017776
            ],
            [
              -7.7410383377858745,
              42.66269278339371
            ],
            [
              -7.74729270033385,
              42.66269278339371
            ],
            [
              -7.74729270033385,
              42.65809343017776
            ]
          ]
        ]
      },
      "properties": {
        "bank_id": "neg-es-pba-29293",
        "review_seed_id": "review-neg-0259",
        "control_set_id": "control-v1-0158",
        "review_role": "negative",
        "class_hint": "hard_negative_candidate",
        "country": "ES",
        "region": "Galicia",
        "province_or_district": "Lugo",
        "municipality": "Chantada",
        "parish": "Pedrafita (Santa Baia)",
        "place": "Xillán",
        "name": "O Castelo",
        "source": "Xunta PBA Catálogo. Elementos (xuño 2026)",
        "source_quality": "official_non_castro_heritage_seed",
        "source_record_id": "29293",
        "source_code": "GA27016041",
        "typology": "Estruturas defensivas?",
        "generic_type": "DEF",
        "periods": "",
        "positive_confidence": "",
        "morphology_proxy": "",
        "negative_type": "historic_fortification",
        "review_priority": "P0",
        "original_training_use": "hard_negative_candidate_requires_qgis_review",
        "auto_review_status": "auto_seeded_requires_visual_verification",
        "auto_decision": "selected_for_control_set_v1",
        "training_use": "exclude_until_visual_raster_verification",
        "generated_at": "2026-08-01T00:00:00Z",
        "proposed_radius_m": "100.0",
        "tile_side_m": "512",
        "tile_status": "orthophoto_thumbnail_window"
      }
    },
    {
      "type": "Feature",
      "geometry": {
        "type": "Polygon",
        "coordinates": [
          [
            [
              -8.770365790307801,
              41.56551676845377
            ],
            [
              -8.764218326967432,
              41.56551676845377
            ],
            [
              -8.764218326967432,
              41.57011612166972
            ],
            [
              -8.770365790307801,
              41.57011612166972
            ],
            [
              -8.770365790307801,
              41.56551676845377
            ]
          ]
        ]
      },
      "properties": {
        "bank_id": "neg-pt-dgpc-107640",
        "review_seed_id": "review-neg-0275",
        "control_set_id": "control-v1-0115",
        "review_role": "negative",
        "class_hint": "hard_negative_candidate",
        "country": "PT",
        "region": "Norte de Portugal",
        "province_or_district": "Braga",
        "municipality": "Esposende",
        "parish": "Vila Chã",
        "place": "",
        "name": "Antela da Portelagem/ Anta da Portelagem",
        "source": "DGPC Portal do Arqueólogo Sitios_Arqueologicos",
        "source_quality": "official_non_castro_heritage_seed",
        "source_record_id": "107640",
        "source_code": "3649",
        "typology": "Anta/Dólmen",
        "generic_type": "Dolmen;",
        "periods": "Neo-Calcolítico;",
        "positive_confidence": "",
        "morphology_proxy": "",
        "negative_type": "megalithic_mound",
        "review_priority": "P0",
        "original_training_use": "hard_negative_candidate_requires_qgis_review",
        "auto_review_status": "auto_seeded_requires_visual_verification",
        "auto_decision": "selected_for_control_set_v1",
        "training_use": "exclude_until_visual_raster_verification",
        "generated_at": "2026-08-01T00:00:00Z",
        "proposed_radius_m": "45.0",
        "tile_side_m": "512",
        "tile_status": "orthophoto_thumbnail_window"
      }
    },
    {
      "type": "Feature",
      "geometry": {
        "type": "Polygon",
        "coordinates": [
          [
            [
              -7.604393661984474,
              43.22864343979524
            ],
            [
              -7.598081061610532,
              43.22864343979524
            ],
            [
              -7.598081061610532,
              43.23324279301119
            ],
            [
              -7.604393661984474,
              43.23324279301119
            ],
            [
              -7.604393661984474,
              43.22864343979524
            ]
          ]
        ]
      },
      "properties": {
        "bank_id": "neg-es-pba-29114",
        "review_seed_id": "review-neg-0294",
        "control_set_id": "control-v1-0159",
        "review_role": "negative",
        "class_hint": "hard_negative_candidate",
        "country": "ES",
        "region": "Galicia",
        "province_or_district": "Lugo",
        "municipality": "Cospeito",
        "parish": "Vilapene (Santa María)",
        "place": "Monte, O",
        "name": "A Torre do Braña/As Torres",
        "source": "Xunta PBA Catálogo. Elementos (xuño 2026)",
        "source_quality": "official_non_castro_heritage_seed",
        "source_record_id": "29114",
        "source_code": "GA27015065",
        "typology": "Estruturas defensivas?",
        "generic_type": "DEF",
        "periods": "",
        "positive_confidence": "",
        "morphology_proxy": "",
        "negative_type": "historic_fortification",
        "review_priority": "P0",
        "original_training_use": "hard_negative_candidate_requires_qgis_review",
        "auto_review_status": "auto_seeded_requires_visual_verification",
        "auto_decision": "selected_for_control_set_v1",
        "training_use": "exclude_until_visual_raster_verification",
        "generated_at": "2026-08-01T00:00:00Z",
        "proposed_radius_m": "100.0",
        "tile_side_m": "512",
        "tile_status": "orthophoto_thumbnail_window"
      }
    },
    {
      "type": "Feature",
      "geometry": {
        "type": "Polygon",
        "coordinates": [
          [
            [
              -7.845103496299065,
              42.4862512734183
            ],
            [
              -7.838866343643537,
              42.4862512734183
            ],
            [
              -7.838866343643537,
              42.49085062663425
            ],
            [
              -7.845103496299065,
              42.49085062663425
            ],
            [
              -7.845103496299065,
              42.4862512734183
            ]
          ]
        ]
      },
      "properties": {
        "bank_id": "neg-es-pba-56336",
        "review_seed_id": "review-neg-0299",
        "control_set_id": "control-v1-0105",
        "review_role": "negative",
        "class_hint": "hard_negative_candidate",
        "country": "ES",
        "region": "Galicia",
        "province_or_district": "Ourense",
        "municipality": "A Peroxa",
        "parish": "Armental (San Salvador)",
        "place": "Toldavia",
        "name": "Mámoa da Cima de Covela",
        "source": "Xunta PBA Catálogo. Elementos (xuño 2026)",
        "source_quality": "official_non_castro_heritage_seed",
        "source_record_id": "56336",
        "source_code": "GA32059013",
        "typology": "",
        "generic_type": "-",
        "periods": "",
        "positive_confidence": "",
        "morphology_proxy": "",
        "negative_type": "megalithic_mound",
        "review_priority": "P0",
        "original_training_use": "hard_negative_candidate_requires_qgis_review",
        "auto_review_status": "auto_seeded_requires_visual_verification",
        "auto_decision": "selected_for_control_set_v1",
        "training_use": "exclude_until_visual_raster_verification",
        "generated_at": "2026-08-01T00:00:00Z",
        "proposed_radius_m": "45.0",
        "tile_side_m": "512",
        "tile_status": "orthophoto_thumbnail_window"
      }
    },
    {
      "type": "Feature",
      "geometry": {
        "type": "Polygon",
        "coordinates": [
          [
            [
              -7.788465478726459,
              43.19375472736602
            ],
            [
              -7.782156488674622,
              43.19375472736602
            ],
            [
              -7.782156488674622,
              43.19835408058197
            ],
            [
              -7.788465478726459,
              43.19835408058197
            ],
            [
              -7.788465478726459,
              43.19375472736602
            ]
          ]
        ]
      },
      "properties": {
        "bank_id": "neg-es-pba-32089",
        "review_seed_id": "review-neg-0328",
        "control_set_id": "control-v1-0160",
        "review_role": "negative",
        "class_hint": "hard_negative_candidate",
        "country": "ES",
        "region": "Galicia",
        "province_or_district": "Lugo",
        "municipality": "Guitiriz",
        "parish": "Roca (San Xiao)",
        "place": "Penas, As",
        "name": "O Castelo",
        "source": "Xunta PBA Catálogo. Elementos (xuño 2026)",
        "source_quality": "official_non_castro_heritage_seed",
        "source_record_id": "32089",
        "source_code": "GA27022090",
        "typology": "Estruturas defensivas?",
        "generic_type": "DEF",
        "periods": "",
        "positive_confidence": "",
        "morphology_proxy": "",
        "negative_type": "historic_fortification",
        "review_priority": "P0",
        "original_training_use": "hard_negative_candidate_requires_qgis_review",
        "auto_review_status": "auto_seeded_requires_visual_verification",
        "auto_decision": "selected_for_control_set_v1",
        "training_use": "exclude_until_visual_raster_verification",
        "generated_at": "2026-08-01T00:00:00Z",
        "proposed_radius_m": "100.0",
        "tile_side_m": "512",
        "tile_status": "orthophoto_thumbnail_window"
      }
    },
    {
      "type": "Feature",
      "geometry": {
        "type": "Polygon",
        "coordinates": [
          [
            [
              -7.8440320317806265,
              42.48112287615846
            ],
            [
              -7.83779539041452,
              42.48112287615846
            ],
            [
              -7.83779539041452,
              42.48572222937441
            ],
            [
              -7.8440320317806265,
              42.48572222937441
            ],
            [
              -7.8440320317806265,
              42.48112287615846
            ]
          ]
        ]
      },
      "properties": {
        "bank_id": "neg-es-pba-56337",
        "review_seed_id": "review-neg-0333",
        "control_set_id": "control-v1-0147",
        "review_role": "negative",
        "class_hint": "hard_negative_candidate",
        "country": "ES",
        "region": "Galicia",
        "province_or_district": "Ourense",
        "municipality": "A Peroxa",
        "parish": "Armental (San Salvador)",
        "place": "Regolevado",
        "name": "Mámoa das Regas",
        "source": "Xunta PBA Catálogo. Elementos (xuño 2026)",
        "source_quality": "official_non_castro_heritage_seed",
        "source_record_id": "56337",
        "source_code": "GA32059014",
        "typology": "",
        "generic_type": "-",
        "periods": "",
        "positive_confidence": "",
        "morphology_proxy": "",
        "negative_type": "megalithic_mound",
        "review_priority": "P0",
        "original_training_use": "hard_negative_candidate_requires_qgis_review",
        "auto_review_status": "auto_seeded_requires_visual_verification",
        "auto_decision": "selected_for_control_set_v1",
        "training_use": "exclude_until_visual_raster_verification",
        "generated_at": "2026-08-01T00:00:00Z",
        "proposed_radius_m": "45.0",
        "tile_side_m": "512",
        "tile_status": "orthophoto_thumbnail_window"
      }
    },
    {
      "type": "Feature",
      "geometry": {
        "type": "Polygon",
        "coordinates": [
          [
            [
              -7.663053216795362,
              43.031191067263556
            ],
            [
              -7.656760964001533,
              43.031191067263556
            ],
            [
              -7.656760964001533,
              43.03579042047951
            ],
            [
              -7.663053216795362,
              43.03579042047951
            ],
            [
              -7.663053216795362,
              43.031191067263556
            ]
          ]
        ]
      },
      "properties": {
        "bank_id": "neg-es-pba-31534",
        "review_seed_id": "review-neg-0360",
        "control_set_id": "control-v1-0161",
        "review_role": "negative",
        "class_hint": "hard_negative_candidate",
        "country": "ES",
        "region": "Galicia",
        "province_or_district": "Lugo",
        "municipality": "Lugo",
        "parish": "O Outeiro das Camoiras (San Salvador)",
        "place": "Torre de Aez, A",
        "name": "A Torre/Torre de Aez",
        "source": "Xunta PBA Catálogo. Elementos (xuño 2026)",
        "source_quality": "official_non_castro_heritage_seed",
        "source_record_id": "31534",
        "source_code": "GA27028162",
        "typology": "Estruturas defensivas?",
        "generic_type": "DEF",
        "periods": "",
        "positive_confidence": "",
        "morphology_proxy": "",
        "negative_type": "historic_fortification",
        "review_priority": "P0",
        "original_training_use": "hard_negative_candidate_requires_qgis_review",
        "auto_review_status": "auto_seeded_requires_visual_verification",
        "auto_decision": "selected_for_control_set_v1",
        "training_use": "exclude_until_visual_raster_verification",
        "generated_at": "2026-08-01T00:00:00Z",
        "proposed_radius_m": "100.0",
        "tile_side_m": "512",
        "tile_status": "orthophoto_thumbnail_window"
      }
    },
    {
      "type": "Feature",
      "geometry": {
        "type": "Polygon",
        "coordinates": [
          [
            [
              -8.267213368590099,
              41.69995083749353
            ],
            [
              -8.26105306994187,
              41.69995083749353
            ],
            [
              -8.26105306994187,
              41.70455019070948
            ],
            [
              -8.267213368590099,
              41.70455019070948
            ],
            [
              -8.267213368590099,
              41.69995083749353
            ]
          ]
        ]
      },
      "properties": {
        "bank_id": "neg-pt-dgpc-114669",
        "review_seed_id": "review-neg-0374",
        "control_set_id": "control-v1-0116",
        "review_role": "negative",
        "class_hint": "hard_negative_candidate",
        "country": "PT",
        "region": "Norte de Portugal",
        "province_or_district": "Braga",
        "municipality": "Terras de Bouro",
        "parish": "Chorense e Monte",
        "place": "",
        "name": "Mamoa I da Bouça do Fojo",
        "source": "DGPC Portal do Arqueólogo Sitios_Arqueologicos",
        "source_quality": "official_non_castro_heritage_seed",
        "source_record_id": "114669",
        "source_code": "42715",
        "typology": "Monumento Megalítico",
        "generic_type": "",
        "periods": "Calcolítico;",
        "positive_confidence": "",
        "morphology_proxy": "",
        "negative_type": "megalithic_mound",
        "review_priority": "P0",
        "original_training_use": "hard_negative_candidate_requires_qgis_review",
        "auto_review_status": "auto_seeded_requires_visual_verification",
        "auto_decision": "selected_for_control_set_v1",
        "training_use": "exclude_until_visual_raster_verification",
        "generated_at": "2026-08-01T00:00:00Z",
        "proposed_radius_m": "45.0",
        "tile_side_m": "512",
        "tile_status": "orthophoto_thumbnail_window"
      }
    },
    {
      "type": "Feature",
      "geometry": {
        "type": "Polygon",
        "coordinates": [
          [
            [
              -7.400567290389196,
              43.47785460647016
            ],
            [
              -7.394228712154135,
              43.47785460647016
            ],
            [
              -7.394228712154135,
              43.48245395968611
            ],
            [
              -7.400567290389196,
              43.48245395968611
            ],
            [
              -7.400567290389196,
              43.47785460647016
            ]
          ]
        ]
      },
      "properties": {
        "bank_id": "neg-es-pba-34394",
        "review_seed_id": "review-neg-0418",
        "control_set_id": "control-v1-0162",
        "review_role": "negative",
        "class_hint": "hard_negative_candidate",
        "country": "ES",
        "region": "Galicia",
        "province_or_district": "Lugo",
        "municipality": "Mondoñedo",
        "parish": "Figueiras (San Martiño)",
        "place": "Abeledo",
        "name": "Castelo",
        "source": "Xunta PBA Catálogo. Elementos (xuño 2026)",
        "source_quality": "official_non_castro_heritage_seed",
        "source_record_id": "34394",
        "source_code": "TO27030013",
        "typology": "Estruturas defensivas?",
        "generic_type": "DEF",
        "periods": "",
        "positive_confidence": "",
        "morphology_proxy": "",
        "negative_type": "historic_fortification",
        "review_priority": "P0",
        "original_training_use": "hard_negative_candidate_requires_qgis_review",
        "auto_review_status": "auto_seeded_requires_visual_verification",
        "auto_decision": "selected_for_control_set_v1",
        "training_use": "exclude_until_visual_raster_verification",
        "generated_at": "2026-08-01T00:00:00Z",
        "proposed_radius_m": "100.0",
        "tile_side_m": "512",
        "tile_status": "orthophoto_thumbnail_window"
      }
    },
    {
      "type": "Feature",
      "geometry": {
        "type": "Polygon",
        "coordinates": [
          [
            [
              -7.495111448768074,
              42.35260186335774
            ],
            [
              -7.488887577074579,
              42.35260186335774
            ],
            [
              -7.488887577074579,
              42.35720121657369
            ],
            [
              -7.495111448768074,
              42.35720121657369
            ],
            [
              -7.495111448768074,
              42.35260186335774
            ]
          ]
        ]
      },
      "properties": {
        "bank_id": "neg-es-pba-57591",
        "review_seed_id": "review-neg-0476",
        "control_set_id": "control-v1-0106",
        "review_role": "negative",
        "class_hint": "hard_negative_candidate",
        "country": "ES",
        "region": "Galicia",
        "province_or_district": "Ourense",
        "municipality": "A Teixeira",
        "parish": "Pedrafita (San Martiño)",
        "place": "Alende",
        "name": "Casa reitoral de Pedrafita",
        "source": "Xunta PBA Catálogo. Elementos (xuño 2026)",
        "source_quality": "official_non_castro_heritage_seed",
        "source_record_id": "57591",
        "source_code": "-",
        "typology": "",
        "generic_type": "-",
        "periods": "",
        "positive_confidence": "",
        "morphology_proxy": "",
        "negative_type": "megalithic_mound",
        "review_priority": "P0",
        "original_training_use": "hard_negative_candidate_requires_qgis_review",
        "auto_review_status": "auto_seeded_requires_visual_verification",
        "auto_decision": "selected_for_control_set_v1",
        "training_use": "exclude_until_visual_raster_verification",
        "generated_at": "2026-08-01T00:00:00Z",
        "proposed_radius_m": "45.0",
        "tile_side_m": "512",
        "tile_status": "orthophoto_thumbnail_window"
      }
    },
    {
      "type": "Feature",
      "geometry": {
        "type": "Polygon",
        "coordinates": [
          [
            [
              -8.54484825931431,
              41.254674748996386
            ],
            [
              -8.538730141805384,
              41.254674748996386
            ],
            [
              -8.538730141805384,
              41.25927410221234
            ],
            [
              -8.54484825931431,
              41.25927410221234
            ],
            [
              -8.54484825931431,
              41.254674748996386
            ]
          ]
        ]
      },
      "properties": {
        "bank_id": "neg-pt-dgpc-104969",
        "review_seed_id": "review-neg-0487",
        "control_set_id": "control-v1-0125",
        "review_role": "negative",
        "class_hint": "hard_negative_candidate",
        "country": "PT",
        "region": "Norte de Portugal",
        "province_or_district": "Porto",
        "municipality": "Maia",
        "parish": "São Pedro Fins",
        "place": "",
        "name": "Arcos",
        "source": "DGPC Portal do Arqueólogo Sitios_Arqueologicos",
        "source_quality": "official_non_castro_heritage_seed",
        "source_record_id": "104969",
        "source_code": "3331",
        "typology": "Anta/Dólmen",
        "generic_type": "",
        "periods": "Neo-Calcolítico;",
        "positive_confidence": "",
        "morphology_proxy": "",
        "negative_type": "megalithic_mound",
        "review_priority": "P0",
        "original_training_use": "hard_negative_candidate_requires_qgis_review",
        "auto_review_status": "auto_seeded_requires_visual_verification",
        "auto_decision": "selected_for_control_set_v1",
        "training_use": "exclude_until_visual_raster_verification",
        "generated_at": "2026-08-01T00:00:00Z",
        "proposed_radius_m": "45.0",
        "tile_side_m": "512",
        "tile_status": "orthophoto_thumbnail_window"
      }
    },
    {
      "type": "Feature",
      "geometry": {
        "type": "Polygon",
        "coordinates": [
          [
            [
              -7.498801083687398,
              42.3552169966513
            ],
            [
              -7.492576952990972,
              42.3552169966513
            ],
            [
              -7.492576952990972,
              42.35981634986725
            ],
            [
              -7.498801083687398,
              42.35981634986725
            ],
            [
              -7.498801083687398,
              42.3552169966513
            ]
          ]
        ]
      },
      "properties": {
        "bank_id": "neg-es-pba-57759",
        "review_seed_id": "review-neg-0501",
        "control_set_id": "control-v1-0148",
        "review_role": "negative",
        "class_hint": "hard_negative_candidate",
        "country": "ES",
        "region": "Galicia",
        "province_or_district": "Ourense",
        "municipality": "A Teixeira",
        "parish": "Pedrafita (San Martiño)",
        "place": "Parafita",
        "name": "Igrexa de Pedrafita (Parroquial de San Martiño)",
        "source": "Xunta PBA Catálogo. Elementos (xuño 2026)",
        "source_quality": "official_non_castro_heritage_seed",
        "source_record_id": "57759",
        "source_code": "-",
        "typology": "Igrexa",
        "generic_type": "-",
        "periods": "",
        "positive_confidence": "",
        "morphology_proxy": "",
        "negative_type": "megalithic_mound",
        "review_priority": "P0",
        "original_training_use": "hard_negative_candidate_requires_qgis_review",
        "auto_review_status": "auto_seeded_requires_visual_verification",
        "auto_decision": "selected_for_control_set_v1",
        "training_use": "exclude_until_visual_raster_verification",
        "generated_at": "2026-08-01T00:00:00Z",
        "proposed_radius_m": "45.0",
        "tile_side_m": "512",
        "tile_status": "orthophoto_thumbnail_window"
      }
    },
    {
      "type": "Feature",
      "geometry": {
        "type": "Polygon",
        "coordinates": [
          [
            [
              -7.010539597649577,
              42.30659403217794
            ],
            [
              -7.004320276933085,
              42.30659403217794
            ],
            [
              -7.004320276933085,
              42.31119338539389
            ],
            [
              -7.010539597649577,
              42.31119338539389
            ],
            [
              -7.010539597649577,
              42.30659403217794
            ]
          ]
        ]
      },
      "properties": {
        "bank_id": "neg-es-pba-59636",
        "review_seed_id": "review-neg-0526",
        "control_set_id": "control-v1-0107",
        "review_role": "negative",
        "class_hint": "hard_negative_candidate",
        "country": "ES",
        "region": "Galicia",
        "province_or_district": "Ourense",
        "municipality": "A Veiga",
        "parish": "Meda (Santa María)",
        "place": "Portela, A",
        "name": "Mámoa da Pedra Má 1",
        "source": "Xunta PBA Catálogo. Elementos (xuño 2026)",
        "source_quality": "official_non_castro_heritage_seed",
        "source_record_id": "59636",
        "source_code": "GA32083012",
        "typology": "",
        "generic_type": "-",
        "periods": "",
        "positive_confidence": "",
        "morphology_proxy": "",
        "negative_type": "megalithic_mound",
        "review_priority": "P0",
        "original_training_use": "hard_negative_candidate_requires_qgis_review",
        "auto_review_status": "auto_seeded_requires_visual_verification",
        "auto_decision": "selected_for_control_set_v1",
        "training_use": "exclude_until_visual_raster_verification",
        "generated_at": "2026-08-01T00:00:00Z",
        "proposed_radius_m": "45.0",
        "tile_side_m": "512",
        "tile_status": "orthophoto_thumbnail_window"
      }
    },
    {
      "type": "Feature",
      "geometry": {
        "type": "Polygon",
        "coordinates": [
          [
            [
              -7.488014482847617,
              42.528189197954525
            ],
            [
              -7.48177314405216,
              42.528189197954525
            ],
            [
              -7.48177314405216,
              42.532788551170476
            ],
            [
              -7.488014482847617,
              42.532788551170476
            ],
            [
              -7.488014482847617,
              42.528189197954525
            ]
          ]
        ]
      },
      "properties": {
        "bank_id": "neg-es-pba-33636",
        "review_seed_id": "review-neg-0546",
        "control_set_id": "control-v1-0163",
        "review_role": "negative",
        "class_hint": "hard_negative_candidate",
        "country": "ES",
        "region": "Galicia",
        "province_or_district": "Lugo",
        "municipality": "Monforte de Lemos",
        "parish": "Monforte de Lemos",
        "place": "Senra, A",
        "name": "Castelo Grande",
        "source": "Xunta PBA Catálogo. Elementos (xuño 2026)",
        "source_quality": "official_non_castro_heritage_seed",
        "source_record_id": "33636",
        "source_code": "GA27031016",
        "typology": "Estruturas defensivas?",
        "generic_type": "DEF",
        "periods": "",
        "positive_confidence": "",
        "morphology_proxy": "",
        "negative_type": "historic_fortification",
        "review_priority": "P0",
        "original_training_use": "hard_negative_candidate_requires_qgis_review",
        "auto_review_status": "auto_seeded_requires_visual_verification",
        "auto_decision": "selected_for_control_set_v1",
        "training_use": "exclude_until_visual_raster_verification",
        "generated_at": "2026-08-01T00:00:00Z",
        "proposed_radius_m": "100.0",
        "tile_side_m": "512",
        "tile_status": "orthophoto_thumbnail_window"
      }
    },
    {
      "type": "Feature",
      "geometry": {
        "type": "Polygon",
        "coordinates": [
          [
            [
              -7.009208303193241,
              42.30601632394091
            ],
            [
              -7.002989039554374,
              42.30601632394091
            ],
            [
              -7.002989039554374,
              42.31061567715686
            ],
            [
              -7.009208303193241,
              42.31061567715686
            ],
            [
              -7.009208303193241,
              42.30601632394091
            ]
          ]
        ]
      },
      "properties": {
        "bank_id": "neg-es-pba-59637",
        "review_seed_id": "review-neg-0551",
        "control_set_id": "control-v1-0149",
        "review_role": "negative",
        "class_hint": "hard_negative_candidate",
        "country": "ES",
        "region": "Galicia",
        "province_or_district": "Ourense",
        "municipality": "A Veiga",
        "parish": "Meda (Santa María)",
        "place": "Calle, A",
        "name": "Mámoa da Pedra Má 2",
        "source": "Xunta PBA Catálogo. Elementos (xuño 2026)",
        "source_quality": "official_non_castro_heritage_seed",
        "source_record_id": "59637",
        "source_code": "GA32083027",
        "typology": "",
        "generic_type": "-",
        "periods": "",
        "positive_confidence": "",
        "morphology_proxy": "",
        "negative_type": "megalithic_mound",
        "review_priority": "P0",
        "original_training_use": "hard_negative_candidate_requires_qgis_review",
        "auto_review_status": "auto_seeded_requires_visual_verification",
        "auto_decision": "selected_for_control_set_v1",
        "training_use": "exclude_until_visual_raster_verification",
        "generated_at": "2026-08-01T00:00:00Z",
        "proposed_radius_m": "45.0",
        "tile_side_m": "512",
        "tile_status": "orthophoto_thumbnail_window"
      }
    },
    {
      "type": "Feature",
      "geometry": {
        "type": "Polygon",
        "coordinates": [
          [
            [
              -8.420809974043708,
              41.975765038454036
            ],
            [
              -8.414623066077526,
              41.975765038454036
            ],
            [
              -8.414623066077526,
              41.98036439166999
            ],
            [
              -8.420809974043708,
              41.98036439166999
            ],
            [
              -8.420809974043708,
              41.975765038454036
            ]
          ]
        ]
      },
      "properties": {
        "bank_id": "neg-pt-dgpc-112374",
        "review_seed_id": "review-neg-0588",
        "control_set_id": "control-v1-0136",
        "review_role": "negative",
        "class_hint": "hard_negative_candidate",
        "country": "PT",
        "region": "Norte de Portugal",
        "province_or_district": "Viana do Castelo",
        "municipality": "Monção",
        "parish": "Anhões e Luzio",
        "place": "",
        "name": "Lameiras",
        "source": "DGPC Portal do Arqueólogo Sitios_Arqueologicos",
        "source_quality": "official_non_castro_heritage_seed",
        "source_record_id": "112374",
        "source_code": "40378",
        "typology": "Menir",
        "generic_type": "",
        "periods": "Indeterminado;",
        "positive_confidence": "",
        "morphology_proxy": "",
        "negative_type": "megalithic_mound",
        "review_priority": "P0",
        "original_training_use": "hard_negative_candidate_requires_qgis_review",
        "auto_review_status": "auto_seeded_requires_visual_verification",
        "auto_decision": "selected_for_control_set_v1",
        "training_use": "exclude_until_visual_raster_verification",
        "generated_at": "2026-08-01T00:00:00Z",
        "proposed_radius_m": "45.0",
        "tile_side_m": "512",
        "tile_status": "orthophoto_thumbnail_window"
      }
    },
    {
      "type": "Feature",
      "geometry": {
        "type": "Polygon",
        "coordinates": [
          [
            [
              -7.774560491316462,
              42.773028595945895
            ],
            [
              -7.768294533452048,
              42.773028595945895
            ],
            [
              -7.768294533452048,
              42.77762794916185
            ],
            [
              -7.774560491316462,
              42.77762794916185
            ],
            [
              -7.774560491316462,
              42.773028595945895
            ]
          ]
        ]
      },
      "properties": {
        "bank_id": "neg-es-pba-35341",
        "review_seed_id": "review-neg-0595",
        "control_set_id": "control-v1-0164",
        "review_role": "negative",
        "class_hint": "hard_negative_candidate",
        "country": "ES",
        "region": "Galicia",
        "province_or_district": "Lugo",
        "municipality": "Monterroso",
        "parish": "San Breixo (San Salvador)",
        "place": "Castro, O",
        "name": "Castelo Longo de Ambarría",
        "source": "Xunta PBA Catálogo. Elementos (xuño 2026)",
        "source_quality": "official_non_castro_heritage_seed",
        "source_record_id": "35341",
        "source_code": "GA27032042",
        "typology": "Estruturas defensivas?",
        "generic_type": "DEF",
        "periods": "",
        "positive_confidence": "",
        "morphology_proxy": "",
        "negative_type": "historic_fortification",
        "review_priority": "P0",
        "original_training_use": "hard_negative_candidate_requires_qgis_review",
        "auto_review_status": "auto_seeded_requires_visual_verification",
        "auto_decision": "selected_for_control_set_v1",
        "training_use": "exclude_until_visual_raster_verification",
        "generated_at": "2026-08-01T00:00:00Z",
        "proposed_radius_m": "100.0",
        "tile_side_m": "512",
        "tile_status": "orthophoto_thumbnail_window"
      }
    },
    {
      "type": "Feature",
      "geometry": {
        "type": "Polygon",
        "coordinates": [
          [
            [
              -6.867756062287533,
              43.121282590170146
            ],
            [
              -6.861454551088297,
              43.121282590170146
            ],
            [
              -6.861454551088297,
              43.1258819433861
            ],
            [
              -6.867756062287533,
              43.1258819433861
            ],
            [
              -6.867756062287533,
              43.121282590170146
            ]
          ]
        ]
      },
      "properties": {
        "bank_id": "neg-es-pba-35839",
        "review_seed_id": "review-neg-0619",
        "control_set_id": "control-v1-0165",
        "review_role": "negative",
        "class_hint": "hard_negative_candidate",
        "country": "ES",
        "region": "Galicia",
        "province_or_district": "Lugo",
        "municipality": "Negueira de Muñiz",
        "parish": "Barcela (San Miguel)",
        "place": "Castelo",
        "name": "Castelo de Cancio",
        "source": "Xunta PBA Catálogo. Elementos (xuño 2026)",
        "source_quality": "official_non_castro_heritage_seed",
        "source_record_id": "35839",
        "source_code": "GA27035003",
        "typology": "Estruturas defensivas?",
        "generic_type": "DEF",
        "periods": "",
        "positive_confidence": "",
        "morphology_proxy": "",
        "negative_type": "historic_fortification",
        "review_priority": "P0",
        "original_training_use": "hard_negative_candidate_requires_qgis_review",
        "auto_review_status": "auto_seeded_requires_visual_verification",
        "auto_decision": "selected_for_control_set_v1",
        "training_use": "exclude_until_visual_raster_verification",
        "generated_at": "2026-08-01T00:00:00Z",
        "proposed_radius_m": "100.0",
        "tile_side_m": "512",
        "tile_status": "orthophoto_thumbnail_window"
      }
    },
    {
      "type": "Feature",
      "geometry": {
        "type": "Polygon",
        "coordinates": [
          [
            [
              -7.467192353747793,
              42.83248417529594
            ],
            [
              -7.460920370858247,
              42.83248417529594
            ],
            [
              -7.460920370858247,
              42.83708352851189
            ],
            [
              -7.467192353747793,
              42.83708352851189
            ],
            [
              -7.467192353747793,
              42.83248417529594
            ]
          ]
        ]
      },
      "properties": {
        "bank_id": "neg-es-pba-36966",
        "review_seed_id": "review-neg-0643",
        "control_set_id": "control-v1-0166",
        "review_role": "negative",
        "class_hint": "hard_negative_candidate",
        "country": "ES",
        "region": "Galicia",
        "province_or_district": "Lugo",
        "municipality": "O Páramo",
        "parish": "Sa (Santiago)",
        "place": "Barreiros",
        "name": "O Castelo/Torre do Mariscal",
        "source": "Xunta PBA Catálogo. Elementos (xuño 2026)",
        "source_quality": "official_non_castro_heritage_seed",
        "source_record_id": "36966",
        "source_code": "GA27043015",
        "typology": "Estruturas defensivas",
        "generic_type": "DEF",
        "periods": "",
        "positive_confidence": "",
        "morphology_proxy": "",
        "negative_type": "historic_fortification",
        "review_priority": "P0",
        "original_training_use": "hard_negative_candidate_requires_qgis_review",
        "auto_review_status": "auto_seeded_requires_visual_verification",
        "auto_decision": "selected_for_control_set_v1",
        "training_use": "exclude_until_visual_raster_verification",
        "generated_at": "2026-08-01T00:00:00Z",
        "proposed_radius_m": "100.0",
        "tile_side_m": "512",
        "tile_status": "orthophoto_thumbnail_window"
      }
    },
    {
      "type": "Feature",
      "geometry": {
        "type": "Polygon",
        "coordinates": [
          [
            [
              -8.146259213891291,
              41.11802057778638
            ],
            [
              -8.140153852396445,
              41.11802057778638
            ],
            [
              -8.140153852396445,
              41.12261993100233
            ],
            [
              -8.146259213891291,
              41.12261993100233
            ],
            [
              -8.146259213891291,
              41.11802057778638
            ]
          ]
        ]
      },
      "properties": {
        "bank_id": "neg-pt-dgpc-111452",
        "review_seed_id": "review-neg-0681",
        "control_set_id": "control-v1-0126",
        "review_role": "negative",
        "class_hint": "hard_negative_candidate",
        "country": "PT",
        "region": "Norte de Portugal",
        "province_or_district": "Porto",
        "municipality": "Marco de Canaveses",
        "parish": "Penha Longa e Paços de Gaiolo",
        "place": "",
        "name": "Mamoa I de Fonte Cova",
        "source": "DGPC Portal do Arqueólogo Sitios_Arqueologicos",
        "source_quality": "official_non_castro_heritage_seed",
        "source_record_id": "111452",
        "source_code": "38755",
        "typology": "Mamoa",
        "generic_type": "",
        "periods": "Neo-Calcolítico;",
        "positive_confidence": "",
        "morphology_proxy": "",
        "negative_type": "megalithic_mound",
        "review_priority": "P0",
        "original_training_use": "hard_negative_candidate_requires_qgis_review",
        "auto_review_status": "auto_seeded_requires_visual_verification",
        "auto_decision": "selected_for_control_set_v1",
        "training_use": "exclude_until_visual_raster_verification",
        "generated_at": "2026-08-01T00:00:00Z",
        "proposed_radius_m": "45.0",
        "tile_side_m": "512",
        "tile_status": "orthophoto_thumbnail_window"
      }
    },
    {
      "type": "Feature",
      "geometry": {
        "type": "Polygon",
        "coordinates": [
          [
            [
              -7.454003166046473,
              43.53735917264311
            ],
            [
              -7.447658335593978,
              43.53735917264311
            ],
            [
              -7.447658335593978,
              43.54195852585906
            ],
            [
              -7.454003166046473,
              43.54195852585906
            ],
            [
              -7.454003166046473,
              43.53735917264311
            ]
          ]
        ]
      },
      "properties": {
        "bank_id": "neg-es-pba-42938",
        "review_seed_id": "review-neg-0689",
        "control_set_id": "control-v1-0167",
        "review_role": "negative",
        "class_hint": "hard_negative_candidate",
        "country": "ES",
        "region": "Galicia",
        "province_or_district": "Lugo",
        "municipality": "O Valadouro",
        "parish": "Santa Cruz do Valadouro (Santa Cruz)",
        "place": "Cendemil",
        "name": "Torre de Cendemil",
        "source": "Xunta PBA Catálogo. Elementos (xuño 2026)",
        "source_quality": "official_non_castro_heritage_seed",
        "source_record_id": "42938",
        "source_code": "GA27063049",
        "typology": "Estruturas defensivas?",
        "generic_type": "DEF",
        "periods": "",
        "positive_confidence": "",
        "morphology_proxy": "",
        "negative_type": "historic_fortification",
        "review_priority": "P0",
        "original_training_use": "hard_negative_candidate_requires_qgis_review",
        "auto_review_status": "auto_seeded_requires_visual_verification",
        "auto_decision": "selected_for_control_set_v1",
        "training_use": "exclude_until_visual_raster_verification",
        "generated_at": "2026-08-01T00:00:00Z",
        "proposed_radius_m": "100.0",
        "tile_side_m": "512",
        "tile_status": "orthophoto_thumbnail_window"
      }
    },
    {
      "type": "Feature",
      "geometry": {
        "type": "Polygon",
        "coordinates": [
          [
            [
              -7.652899659963867,
              43.7374955544111
            ],
            [
              -7.646533659618455,
              43.7374955544111
            ],
            [
              -7.646533659618455,
              43.74209490762705
            ],
            [
              -7.652899659963867,
              43.74209490762705
            ],
            [
              -7.652899659963867,
              43.7374955544111
            ]
          ]
        ]
      },
      "properties": {
        "bank_id": "neg-es-pba-43202",
        "review_seed_id": "review-neg-0711",
        "control_set_id": "control-v1-0168",
        "review_role": "negative",
        "class_hint": "hard_negative_candidate",
        "country": "ES",
        "region": "Galicia",
        "province_or_district": "Lugo",
        "municipality": "O Vicedo",
        "parish": "San Román de Vale (San Román)",
        "place": "",
        "name": "O Castelo",
        "source": "Xunta PBA Catálogo. Elementos (xuño 2026)",
        "source_quality": "official_non_castro_heritage_seed",
        "source_record_id": "43202",
        "source_code": "GA27064005",
        "typology": "Estruturas defensivas?",
        "generic_type": "DEF",
        "periods": "",
        "positive_confidence": "",
        "morphology_proxy": "",
        "negative_type": "historic_fortification",
        "review_priority": "P0",
        "original_training_use": "hard_negative_candidate_requires_qgis_review",
        "auto_review_status": "auto_seeded_requires_visual_verification",
        "auto_decision": "selected_for_control_set_v1",
        "training_use": "exclude_until_visual_raster_verification",
        "generated_at": "2026-08-01T00:00:00Z",
        "proposed_radius_m": "100.0",
        "tile_side_m": "512",
        "tile_status": "orthophoto_thumbnail_window"
      }
    },
    {
      "type": "Feature",
      "geometry": {
        "type": "Polygon",
        "coordinates": [
          [
            [
              -7.7978513422414295,
              42.15470988909468
            ],
            [
              -7.7916469700267275,
              42.15470988909468
            ],
            [
              -7.7916469700267275,
              42.159309242310634
            ],
            [
              -7.7978513422414295,
              42.159309242310634
            ],
            [
              -7.7978513422414295,
              42.15470988909468
            ]
          ]
        ]
      },
      "properties": {
        "bank_id": "neg-es-pba-43983",
        "review_seed_id": "review-neg-0716",
        "control_set_id": "control-v1-0108",
        "review_role": "negative",
        "class_hint": "hard_negative_candidate",
        "country": "ES",
        "region": "Galicia",
        "province_or_district": "Ourense",
        "municipality": "Allariz",
        "parish": "Torneiros (San Miguel)",
        "place": "Penaflor",
        "name": "Mámoa de Agrela",
        "source": "Xunta PBA Catálogo. Elementos (xuño 2026)",
        "source_quality": "official_non_castro_heritage_seed",
        "source_record_id": "43983",
        "source_code": "Allariz_44203",
        "typology": "",
        "generic_type": "-",
        "periods": "",
        "positive_confidence": "",
        "morphology_proxy": "",
        "negative_type": "megalithic_mound",
        "review_priority": "P0",
        "original_training_use": "hard_negative_candidate_requires_qgis_review",
        "auto_review_status": "auto_seeded_requires_visual_verification",
        "auto_decision": "selected_for_control_set_v1",
        "training_use": "exclude_until_visual_raster_verification",
        "generated_at": "2026-08-01T00:00:00Z",
        "proposed_radius_m": "45.0",
        "tile_side_m": "512",
        "tile_status": "orthophoto_thumbnail_window"
      }
    },
    {
      "type": "Feature",
      "geometry": {
        "type": "Polygon",
        "coordinates": [
          [
            [
              -8.691817802514832,
              41.20903798642525
            ],
            [
              -8.68570395477243,
              41.20903798642525
            ],
            [
              -8.68570395477243,
              41.2136373396412
            ],
            [
              -8.691817802514832,
              41.2136373396412
            ],
            [
              -8.691817802514832,
              41.20903798642525
            ]
          ]
        ]
      },
      "properties": {
        "bank_id": "neg-pt-dgpc-106154",
        "review_seed_id": "review-neg-0725",
        "control_set_id": "control-v1-0127",
        "review_role": "negative",
        "class_hint": "hard_negative_candidate",
        "country": "PT",
        "region": "Norte de Portugal",
        "province_or_district": "Porto",
        "municipality": "Matosinhos",
        "parish": "Perafita, Lavra e Santa Cruz do Bispo",
        "place": "",
        "name": "Brio",
        "source": "DGPC Portal do Arqueólogo Sitios_Arqueologicos",
        "source_quality": "official_non_castro_heritage_seed",
        "source_record_id": "106154",
        "source_code": "3270",
        "typology": "Anta/Dólmen",
        "generic_type": "",
        "periods": "Neo-Calcolítico;",
        "positive_confidence": "",
        "morphology_proxy": "",
        "negative_type": "megalithic_mound",
        "review_priority": "P0",
        "original_training_use": "hard_negative_candidate_requires_qgis_review",
        "auto_review_status": "auto_seeded_requires_visual_verification",
        "auto_decision": "selected_for_control_set_v1",
        "training_use": "exclude_until_visual_raster_verification",
        "generated_at": "2026-08-01T00:00:00Z",
        "proposed_radius_m": "45.0",
        "tile_side_m": "512",
        "tile_status": "orthophoto_thumbnail_window"
      }
    },
    {
      "type": "Feature",
      "geometry": {
        "type": "Polygon",
        "coordinates": [
          [
            [
              -8.5561564921705,
              41.95304759620787
            ],
            [
              -8.549971789988073,
              41.95304759620787
            ],
            [
              -8.549971789988073,
              41.95764694942382
            ],
            [
              -8.5561564921705,
              41.95764694942382
            ],
            [
              -8.5561564921705,
              41.95304759620787
            ]
          ]
        ]
      },
      "properties": {
        "bank_id": "neg-pt-dgpc-112391",
        "review_seed_id": "review-neg-0727",
        "control_set_id": "control-v1-0137",
        "review_role": "negative",
        "class_hint": "hard_negative_candidate",
        "country": "PT",
        "region": "Norte de Portugal",
        "province_or_district": "Viana do Castelo",
        "municipality": "Paredes de Coura",
        "parish": "Insalde e Porreiras",
        "place": "",
        "name": "Almas 3",
        "source": "DGPC Portal do Arqueólogo Sitios_Arqueologicos",
        "source_quality": "official_non_castro_heritage_seed",
        "source_record_id": "112391",
        "source_code": "40393",
        "typology": "Mamoa",
        "generic_type": "",
        "periods": "Neo-Calcolítico;",
        "positive_confidence": "",
        "morphology_proxy": "",
        "negative_type": "megalithic_mound",
        "review_priority": "P0",
        "original_training_use": "hard_negative_candidate_requires_qgis_review",
        "auto_review_status": "auto_seeded_requires_visual_verification",
        "auto_decision": "selected_for_control_set_v1",
        "training_use": "exclude_until_visual_raster_verification",
        "generated_at": "2026-08-01T00:00:00Z",
        "proposed_radius_m": "45.0",
        "tile_side_m": "512",
        "tile_status": "orthophoto_thumbnail_window"
      }
    },
    {
      "type": "Feature",
      "geometry": {
        "type": "Polygon",
        "coordinates": [
          [
            [
              -7.588470743167305,
              43.57442575601667
            ],
            [
              -7.58212200838136,
              43.57442575601667
            ],
            [
              -7.58212200838136,
              43.579025109232624
            ],
            [
              -7.588470743167305,
              43.579025109232624
            ],
            [
              -7.588470743167305,
              43.57442575601667
            ]
          ]
        ]
      },
      "properties": {
        "bank_id": "neg-es-pba-35700",
        "review_seed_id": "review-neg-0732",
        "control_set_id": "control-v1-0169",
        "review_role": "negative",
        "class_hint": "hard_negative_candidate",
        "country": "ES",
        "region": "Galicia",
        "province_or_district": "Lugo",
        "municipality": "Ourol",
        "parish": "Miñotos (San Pedro)",
        "place": "Castelo, O",
        "name": "Castelo",
        "source": "Xunta PBA Catálogo. Elementos (xuño 2026)",
        "source_quality": "official_non_castro_heritage_seed",
        "source_record_id": "35700",
        "source_code": "GA27038008",
        "typology": "Estruturas defensivas?",
        "generic_type": "DEF",
        "periods": "",
        "positive_confidence": "",
        "morphology_proxy": "",
        "negative_type": "historic_fortification",
        "review_priority": "P0",
        "original_training_use": "hard_negative_candidate_requires_qgis_review",
        "auto_review_status": "auto_seeded_requires_visual_verification",
        "auto_decision": "selected_for_control_set_v1",
        "training_use": "exclude_until_visual_raster_verification",
        "generated_at": "2026-08-01T00:00:00Z",
        "proposed_radius_m": "100.0",
        "tile_side_m": "512",
        "tile_status": "orthophoto_thumbnail_window"
      }
    },
    {
      "type": "Feature",
      "geometry": {
        "type": "Polygon",
        "coordinates": [
          [
            [
              -7.806045072697959,
              42.13994441215613
            ],
            [
              -7.799842147553671,
              42.13994441215613
            ],
            [
              -7.799842147553671,
              42.144543765372084
            ],
            [
              -7.806045072697959,
              42.144543765372084
            ],
            [
              -7.806045072697959,
              42.13994441215613
            ]
          ]
        ]
      },
      "properties": {
        "bank_id": "neg-es-pba-44009",
        "review_seed_id": "review-neg-0737",
        "control_set_id": "control-v1-0150",
        "review_role": "negative",
        "class_hint": "hard_negative_candidate",
        "country": "ES",
        "region": "Galicia",
        "province_or_district": "Ourense",
        "municipality": "Allariz",
        "parish": "San Martiño de Pazó (San Martiño)",
        "place": "San Miguel",
        "name": "Mámoa do Monte Penamá 1",
        "source": "Xunta PBA Catálogo. Elementos (xuño 2026)",
        "source_quality": "official_non_castro_heritage_seed",
        "source_record_id": "44009",
        "source_code": "Allariz_44204",
        "typology": "",
        "generic_type": "-",
        "periods": "",
        "positive_confidence": "",
        "morphology_proxy": "",
        "negative_type": "megalithic_mound",
        "review_priority": "P0",
        "original_training_use": "hard_negative_candidate_requires_qgis_review",
        "auto_review_status": "auto_seeded_requires_visual_verification",
        "auto_decision": "selected_for_control_set_v1",
        "training_use": "exclude_until_visual_raster_verification",
        "generated_at": "2026-08-01T00:00:00Z",
        "proposed_radius_m": "45.0",
        "tile_side_m": "512",
        "tile_status": "orthophoto_thumbnail_window"
      }
    },
    {
      "type": "Feature",
      "geometry": {
        "type": "Polygon",
        "coordinates": [
          [
            [
              -8.159011610074884,
              41.65046868377741
            ],
            [
              -8.152856045984795,
              41.65046868377741
            ],
            [
              -8.152856045984795,
              41.65506803699336
            ],
            [
              -8.159011610074884,
              41.65506803699336
            ],
            [
              -8.159011610074884,
              41.65046868377741
            ]
          ]
        ]
      },
      "properties": {
        "bank_id": "neg-pt-dgpc-109880",
        "review_seed_id": "review-neg-0743",
        "control_set_id": "control-v1-0117",
        "review_role": "negative",
        "class_hint": "hard_negative_candidate",
        "country": "PT",
        "region": "Norte de Portugal",
        "province_or_district": "Braga",
        "municipality": "Vieira do Minho",
        "parish": "Eira Vedra",
        "place": "",
        "name": "Mamoa 2 da Lama dos Eidos",
        "source": "DGPC Portal do Arqueólogo Sitios_Arqueologicos",
        "source_quality": "official_non_castro_heritage_seed",
        "source_record_id": "109880",
        "source_code": "30008",
        "typology": "Mamoa",
        "generic_type": "",
        "periods": "Neo-Calcolítico;",
        "positive_confidence": "",
        "morphology_proxy": "",
        "negative_type": "megalithic_mound",
        "review_priority": "P0",
        "original_training_use": "hard_negative_candidate_requires_qgis_review",
        "auto_review_status": "auto_seeded_requires_visual_verification",
        "auto_decision": "selected_for_control_set_v1",
        "training_use": "exclude_until_visual_raster_verification",
        "generated_at": "2026-08-01T00:00:00Z",
        "proposed_radius_m": "45.0",
        "tile_side_m": "512",
        "tile_status": "orthophoto_thumbnail_window"
      }
    },
    {
      "type": "Feature",
      "geometry": {
        "type": "Polygon",
        "coordinates": [
          [
            [
              -7.535825180610796,
              43.09894933845705
            ],
            [
              -7.529525968516542,
              43.09894933845705
            ],
            [
              -7.529525968516542,
              43.103548691673
            ],
            [
              -7.535825180610796,
              43.103548691673
            ],
            [
              -7.535825180610796,
              43.09894933845705
            ]
          ]
        ]
      },
      "properties": {
        "bank_id": "neg-es-pba-36107",
        "review_seed_id": "review-neg-0753",
        "control_set_id": "control-v1-0170",
        "review_role": "negative",
        "class_hint": "hard_negative_candidate",
        "country": "ES",
        "region": "Galicia",
        "province_or_district": "Lugo",
        "municipality": "Outeiro de Rei",
        "parish": "San Fiz de Paz (San Pedro Fiz)",
        "place": "Vilar",
        "name": "Castelo do Picato",
        "source": "Xunta PBA Catálogo. Elementos (xuño 2026)",
        "source_quality": "official_non_castro_heritage_seed",
        "source_record_id": "36107",
        "source_code": "GA27039057",
        "typology": "Estruturas defensivas?",
        "generic_type": "DEF",
        "periods": "",
        "positive_confidence": "",
        "morphology_proxy": "",
        "negative_type": "historic_fortification",
        "review_priority": "P0",
        "original_training_use": "hard_negative_candidate_requires_qgis_review",
        "auto_review_status": "auto_seeded_requires_visual_verification",
        "auto_decision": "selected_for_control_set_v1",
        "training_use": "exclude_until_visual_raster_verification",
        "generated_at": "2026-08-01T00:00:00Z",
        "proposed_radius_m": "100.0",
        "tile_side_m": "512",
        "tile_status": "orthophoto_thumbnail_window"
      }
    },
    {
      "type": "Feature",
      "geometry": {
        "type": "Polygon",
        "coordinates": [
          [
            [
              -7.96484055938494,
              42.367674861123085
            ],
            [
              -7.9586151943869305,
              42.367674861123085
            ],
            [
              -7.9586151943869305,
              42.372274214339036
            ],
            [
              -7.96484055938494,
              42.372274214339036
            ],
            [
              -7.96484055938494,
              42.367674861123085
            ]
          ]
        ]
      },
      "properties": {
        "bank_id": "neg-es-pba-43559",
        "review_seed_id": "review-neg-0758",
        "control_set_id": "control-v1-0109",
        "review_role": "negative",
        "class_hint": "hard_negative_candidate",
        "country": "ES",
        "region": "Galicia",
        "province_or_district": "Ourense",
        "municipality": "Amoeiro",
        "parish": "Trasalba (San Pedro)",
        "place": "Albeiros",
        "name": "Mámoa das Chairas",
        "source": "Xunta PBA Catálogo. Elementos (xuño 2026)",
        "source_quality": "official_non_castro_heritage_seed",
        "source_record_id": "43559",
        "source_code": "GA32002028",
        "typology": "",
        "generic_type": "-",
        "periods": "",
        "positive_confidence": "",
        "morphology_proxy": "",
        "negative_type": "megalithic_mound",
        "review_priority": "P0",
        "original_training_use": "hard_negative_candidate_requires_qgis_review",
        "auto_review_status": "auto_seeded_requires_visual_verification",
        "auto_decision": "selected_for_control_set_v1",
        "training_use": "exclude_until_visual_raster_verification",
        "generated_at": "2026-08-01T00:00:00Z",
        "proposed_radius_m": "45.0",
        "tile_side_m": "512",
        "tile_status": "orthophoto_thumbnail_window"
      }
    },
    {
      "type": "Feature",
      "geometry": {
        "type": "Polygon",
        "coordinates": [
          [
            [
              -8.433122539273317,
              41.08888976829412
            ],
            [
              -8.427019885640934,
              41.08888976829412
            ],
            [
              -8.427019885640934,
              41.093489121510075
            ],
            [
              -8.433122539273317,
              41.093489121510075
            ],
            [
              -8.433122539273317,
              41.08888976829412
            ]
          ]
        ]
      },
      "properties": {
        "bank_id": "neg-pt-dgpc-112103",
        "review_seed_id": "review-neg-0767",
        "control_set_id": "control-v1-0128",
        "review_role": "negative",
        "class_hint": "hard_negative_candidate",
        "country": "PT",
        "region": "Norte de Portugal",
        "province_or_district": "Porto",
        "municipality": "Paredes",
        "parish": "Aguiar de Sousa",
        "place": "",
        "name": "Mamoa de Brandião",
        "source": "DGPC Portal do Arqueólogo Sitios_Arqueologicos",
        "source_quality": "official_non_castro_heritage_seed",
        "source_record_id": "112103",
        "source_code": "22331",
        "typology": "Mamoa",
        "generic_type": "",
        "periods": "Neo-Calcolítico;",
        "positive_confidence": "",
        "morphology_proxy": "",
        "negative_type": "megalithic_mound",
        "review_priority": "P0",
        "original_training_use": "hard_negative_candidate_requires_qgis_review",
        "auto_review_status": "auto_seeded_requires_visual_verification",
        "auto_decision": "selected_for_control_set_v1",
        "training_use": "exclude_until_visual_raster_verification",
        "generated_at": "2026-08-01T00:00:00Z",
        "proposed_radius_m": "45.0",
        "tile_side_m": "512",
        "tile_status": "orthophoto_thumbnail_window"
      }
    },
    {
      "type": "Feature",
      "geometry": {
        "type": "Polygon",
        "coordinates": [
          [
            [
              -8.258458377504521,
              41.14264491578101
            ],
            [
              -8.252350723940776,
              41.14264491578101
            ],
            [
              -8.252350723940776,
              41.147244268996964
            ],
            [
              -8.258458377504521,
              41.147244268996964
            ],
            [
              -8.258458377504521,
              41.14264491578101
            ]
          ]
        ]
      },
      "properties": {
        "bank_id": "neg-pt-dgpc-105863",
        "review_seed_id": "review-neg-0788",
        "control_set_id": "control-v1-0129",
        "review_role": "negative",
        "class_hint": "hard_negative_candidate",
        "country": "PT",
        "region": "Norte de Portugal",
        "province_or_district": "Porto",
        "municipality": "Penafiel",
        "parish": "Luzim e Vila Cova",
        "place": "",
        "name": "Menir de Luzim/ Marco de Luzim",
        "source": "DGPC Portal do Arqueólogo Sitios_Arqueologicos",
        "source_quality": "official_non_castro_heritage_seed",
        "source_record_id": "105863",
        "source_code": "789",
        "typology": "Menir",
        "generic_type": "",
        "periods": "Neo-Calcolítico;Neolítico;",
        "positive_confidence": "",
        "morphology_proxy": "",
        "negative_type": "megalithic_mound",
        "review_priority": "P0",
        "original_training_use": "hard_negative_candidate_requires_qgis_review",
        "auto_review_status": "auto_seeded_requires_visual_verification",
        "auto_decision": "selected_for_control_set_v1",
        "training_use": "exclude_until_visual_raster_verification",
        "generated_at": "2026-08-01T00:00:00Z",
        "proposed_radius_m": "45.0",
        "tile_side_m": "512",
        "tile_status": "orthophoto_thumbnail_window"
      }
    },
    {
      "type": "Feature",
      "geometry": {
        "type": "Polygon",
        "coordinates": [
          [
            [
              -7.610939169967246,
              42.47405969359848
            ],
            [
              -7.604703232565219,
              42.47405969359848
            ],
            [
              -7.604703232565219,
              42.47865904681443
            ],
            [
              -7.610939169967246,
              42.47865904681443
            ],
            [
              -7.610939169967246,
              42.47405969359848
            ]
          ]
        ]
      },
      "properties": {
        "bank_id": "neg-es-pba-37344",
        "review_seed_id": "review-neg-0795",
        "control_set_id": "control-v1-0171",
        "review_role": "negative",
        "class_hint": "hard_negative_candidate",
        "country": "ES",
        "region": "Galicia",
        "province_or_district": "Lugo",
        "municipality": "Pantón",
        "parish": "Espasantes (Santo Estevo)",
        "place": "Moreda",
        "name": "Castelo das Saíñas",
        "source": "Xunta PBA Catálogo. Elementos (xuño 2026)",
        "source_quality": "official_non_castro_heritage_seed",
        "source_record_id": "37344",
        "source_code": "GA27041031",
        "typology": "Estruturas defensivas?",
        "generic_type": "DEF",
        "periods": "",
        "positive_confidence": "",
        "morphology_proxy": "",
        "negative_type": "historic_fortification",
        "review_priority": "P0",
        "original_training_use": "hard_negative_candidate_requires_qgis_review",
        "auto_review_status": "auto_seeded_requires_visual_verification",
        "auto_decision": "selected_for_control_set_v1",
        "training_use": "exclude_until_visual_raster_verification",
        "generated_at": "2026-08-01T00:00:00Z",
        "proposed_radius_m": "100.0",
        "tile_side_m": "512",
        "tile_status": "orthophoto_thumbnail_window"
      }
    },
    {
      "type": "Feature",
      "geometry": {
        "type": "Polygon",
        "coordinates": [
          [
            [
              -8.60750820618087,
              41.40619001294674
            ],
            [
              -8.601375842115907,
              41.40619001294674
            ],
            [
              -8.601375842115907,
              41.41078936616269
            ],
            [
              -8.60750820618087,
              41.41078936616269
            ],
            [
              -8.60750820618087,
              41.40619001294674
            ]
          ]
        ]
      },
      "properties": {
        "bank_id": "neg-pt-dgpc-111335",
        "review_seed_id": "review-neg-0826",
        "control_set_id": "control-v1-0130",
        "review_role": "negative",
        "class_hint": "hard_negative_candidate",
        "country": "PT",
        "region": "Norte de Portugal",
        "province_or_district": "Porto",
        "municipality": "Póvoa de Varzim",
        "parish": "Balazar",
        "place": "",
        "name": "Pinheiral/Pedra do Sol",
        "source": "DGPC Portal do Arqueólogo Sitios_Arqueologicos",
        "source_quality": "official_non_castro_heritage_seed",
        "source_record_id": "111335",
        "source_code": "38373",
        "typology": "Mamoa",
        "generic_type": "",
        "periods": "Indeterminado;",
        "positive_confidence": "",
        "morphology_proxy": "",
        "negative_type": "megalithic_mound",
        "review_priority": "P0",
        "original_training_use": "hard_negative_candidate_requires_qgis_review",
        "auto_review_status": "auto_seeded_requires_visual_verification",
        "auto_decision": "selected_for_control_set_v1",
        "training_use": "exclude_until_visual_raster_verification",
        "generated_at": "2026-08-01T00:00:00Z",
        "proposed_radius_m": "45.0",
        "tile_side_m": "512",
        "tile_status": "orthophoto_thumbnail_window"
      }
    },
    {
      "type": "Feature",
      "geometry": {
        "type": "Polygon",
        "coordinates": [
          [
            [
              -8.29624636604991,
              42.438983269446226
            ],
            [
              -8.29001392084377,
              42.438983269446226
            ],
            [
              -8.29001392084377,
              42.44358262266218
            ],
            [
              -8.29624636604991,
              42.44358262266218
            ],
            [
              -8.29624636604991,
              42.438983269446226
            ]
          ]
        ]
      },
      "properties": {
        "bank_id": "neg-es-pba-45293",
        "review_seed_id": "review-neg-0837",
        "control_set_id": "control-v1-0110",
        "review_role": "negative",
        "class_hint": "hard_negative_candidate",
        "country": "ES",
        "region": "Galicia",
        "province_or_district": "Ourense",
        "municipality": "Avión",
        "parish": "Baíste (Santa María)",
        "place": "Penedo",
        "name": "Mámoa da Lomba",
        "source": "Xunta PBA Catálogo. Elementos (xuño 2026)",
        "source_quality": "official_non_castro_heritage_seed",
        "source_record_id": "45293",
        "source_code": "GA32004026",
        "typology": "",
        "generic_type": "-",
        "periods": "",
        "positive_confidence": "",
        "morphology_proxy": "",
        "negative_type": "megalithic_mound",
        "review_priority": "P0",
        "original_training_use": "hard_negative_candidate_requires_qgis_review",
        "auto_review_status": "auto_seeded_requires_visual_verification",
        "auto_decision": "selected_for_control_set_v1",
        "training_use": "exclude_until_visual_raster_verification",
        "generated_at": "2026-08-01T00:00:00Z",
        "proposed_radius_m": "45.0",
        "tile_side_m": "512",
        "tile_status": "orthophoto_thumbnail_window"
      }
    },
    {
      "type": "Feature",
      "geometry": {
        "type": "Polygon",
        "coordinates": [
          [
            [
              -8.495240282109174,
              41.33047734552461
            ],
            [
              -8.489115050732545,
              41.33047734552461
            ],
            [
              -8.489115050732545,
              41.335076698740565
            ],
            [
              -8.495240282109174,
              41.335076698740565
            ],
            [
              -8.495240282109174,
              41.33047734552461
            ]
          ]
        ]
      },
      "properties": {
        "bank_id": "neg-pt-dgpc-111371",
        "review_seed_id": "review-neg-0845",
        "control_set_id": "control-v1-0131",
        "review_role": "negative",
        "class_hint": "hard_negative_candidate",
        "country": "PT",
        "region": "Norte de Portugal",
        "province_or_district": "Porto",
        "municipality": "Santo Tirso",
        "parish": "Santo Tirso, Couto (Santa Cristina e São Miguel) e Burgães",
        "place": "",
        "name": "Ermida",
        "source": "DGPC Portal do Arqueólogo Sitios_Arqueologicos",
        "source_quality": "official_non_castro_heritage_seed",
        "source_record_id": "111371",
        "source_code": "37734",
        "typology": "Mamoa",
        "generic_type": "",
        "periods": "Neo-Calcolítico;",
        "positive_confidence": "",
        "morphology_proxy": "",
        "negative_type": "megalithic_mound",
        "review_priority": "P0",
        "original_training_use": "hard_negative_candidate_requires_qgis_review",
        "auto_review_status": "auto_seeded_requires_visual_verification",
        "auto_decision": "selected_for_control_set_v1",
        "training_use": "exclude_until_visual_raster_verification",
        "generated_at": "2026-08-01T00:00:00Z",
        "proposed_radius_m": "45.0",
        "tile_side_m": "512",
        "tile_status": "orthophoto_thumbnail_window"
      }
    },
    {
      "type": "Feature",
      "geometry": {
        "type": "Polygon",
        "coordinates": [
          [
            [
              -8.466601306157155,
              41.04549622433037
            ],
            [
              -8.460502678811128,
              41.04549622433037
            ],
            [
              -8.460502678811128,
              41.05009557754632
            ],
            [
              -8.466601306157155,
              41.05009557754632
            ],
            [
              -8.466601306157155,
              41.04549622433037
            ]
          ]
        ]
      },
      "properties": {
        "bank_id": "neg-pt-dgpc-112900",
        "review_seed_id": "review-neg-0864",
        "control_set_id": "control-v1-0132",
        "review_role": "negative",
        "class_hint": "hard_negative_candidate",
        "country": "PT",
        "region": "Norte de Portugal",
        "province_or_district": "Porto",
        "municipality": "Vila Nova de Gaia",
        "parish": "Sandim, Olival, Lever e Crestuma",
        "place": "",
        "name": "Mamoa 1 de Santa Lomédia",
        "source": "DGPC Portal do Arqueólogo Sitios_Arqueologicos",
        "source_quality": "official_non_castro_heritage_seed",
        "source_record_id": "112900",
        "source_code": "41132",
        "typology": "Monumento Megalítico",
        "generic_type": "",
        "periods": "Neolítico;",
        "positive_confidence": "",
        "morphology_proxy": "",
        "negative_type": "megalithic_mound",
        "review_priority": "P0",
        "original_training_use": "hard_negative_candidate_requires_qgis_review",
        "auto_review_status": "auto_seeded_requires_visual_verification",
        "auto_decision": "selected_for_control_set_v1",
        "training_use": "exclude_until_visual_raster_verification",
        "generated_at": "2026-08-01T00:00:00Z",
        "proposed_radius_m": "45.0",
        "tile_side_m": "512",
        "tile_status": "orthophoto_thumbnail_window"
      }
    },
    {
      "type": "Feature",
      "geometry": {
        "type": "Polygon",
        "coordinates": [
          [
            [
              -7.248508114231296,
              42.470804521132095
            ],
            [
              -7.242272501176167,
              42.470804521132095
            ],
            [
              -7.242272501176167,
              42.475403874348046
            ],
            [
              -7.248508114231296,
              42.475403874348046
            ],
            [
              -7.248508114231296,
              42.470804521132095
            ]
          ]
        ]
      },
      "properties": {
        "bank_id": "neg-es-pba-38363",
        "review_seed_id": "review-neg-0890",
        "control_set_id": "control-v1-0172",
        "review_role": "negative",
        "class_hint": "hard_negative_candidate",
        "country": "ES",
        "region": "Galicia",
        "province_or_district": "Lugo",
        "municipality": "Quiroga",
        "parish": "O Hospital (San Salvador)",
        "place": "Carballedo",
        "name": "Xacemento da Torre do Hospital",
        "source": "Xunta PBA Catálogo. Elementos (xuño 2026)",
        "source_quality": "official_non_castro_heritage_seed",
        "source_record_id": "38363",
        "source_code": "GA27050032",
        "typology": "Estruturas defensivas?",
        "generic_type": "DEF",
        "periods": "",
        "positive_confidence": "",
        "morphology_proxy": "",
        "negative_type": "historic_fortification",
        "review_priority": "P0",
        "original_training_use": "hard_negative_candidate_requires_qgis_review",
        "auto_review_status": "auto_seeded_requires_visual_verification",
        "auto_decision": "selected_for_control_set_v1",
        "training_use": "exclude_until_visual_raster_verification",
        "generated_at": "2026-08-01T00:00:00Z",
        "proposed_radius_m": "100.0",
        "tile_side_m": "512",
        "tile_status": "orthophoto_thumbnail_window"
      }
    },
    {
      "type": "Feature",
      "geometry": {
        "type": "Polygon",
        "coordinates": [
          [
            [
              -7.045767284691505,
              43.55305874485113
            ],
            [
              -7.03942080146702,
              43.55305874485113
            ],
            [
              -7.03942080146702,
              43.55765809806708
            ],
            [
              -7.045767284691505,
              43.55765809806708
            ],
            [
              -7.045767284691505,
              43.55305874485113
            ]
          ]
        ]
      },
      "properties": {
        "bank_id": "neg-es-pba-40741",
        "review_seed_id": "review-neg-0909",
        "control_set_id": "control-v1-0173",
        "review_role": "negative",
        "class_hint": "hard_negative_candidate",
        "country": "ES",
        "region": "Galicia",
        "province_or_district": "Lugo",
        "municipality": "Ribadeo",
        "parish": "Vilaselán (Santa María)",
        "place": "Casas de Abaixo, As",
        "name": "Torre Vella",
        "source": "Xunta PBA Catálogo. Elementos (xuño 2026)",
        "source_quality": "official_non_castro_heritage_seed",
        "source_record_id": "40741",
        "source_code": "GA27051013",
        "typology": "Estruturas defensivas?",
        "generic_type": "DEF",
        "periods": "",
        "positive_confidence": "",
        "morphology_proxy": "",
        "negative_type": "historic_fortification",
        "review_priority": "P0",
        "original_training_use": "hard_negative_candidate_requires_qgis_review",
        "auto_review_status": "auto_seeded_requires_visual_verification",
        "auto_decision": "selected_for_control_set_v1",
        "training_use": "exclude_until_visual_raster_verification",
        "generated_at": "2026-08-01T00:00:00Z",
        "proposed_radius_m": "100.0",
        "tile_side_m": "512",
        "tile_status": "orthophoto_thumbnail_window"
      }
    },
    {
      "type": "Feature",
      "geometry": {
        "type": "Polygon",
        "coordinates": [
          [
            [
              -7.230926364368414,
              42.66883754612672
            ],
            [
              -7.224670920777281,
              42.66883754612672
            ],
            [
              -7.224670920777281,
              42.67343689934267
            ],
            [
              -7.230926364368414,
              42.67343689934267
            ],
            [
              -7.230926364368414,
              42.66883754612672
            ]
          ]
        ]
      },
      "properties": {
        "bank_id": "neg-es-pba-41893",
        "review_seed_id": "review-neg-0928",
        "control_set_id": "control-v1-0174",
        "review_role": "negative",
        "class_hint": "hard_negative_candidate",
        "country": "ES",
        "region": "Galicia",
        "province_or_district": "Lugo",
        "municipality": "Samos",
        "parish": "San Xoán de Lóuzara (San Xoán)",
        "place": "Bustofrío",
        "name": "Pena do Castelo/Pena de Socastelo/Vigo do Castelo",
        "source": "Xunta PBA Catálogo. Elementos (xuño 2026)",
        "source_quality": "official_non_castro_heritage_seed",
        "source_record_id": "41893",
        "source_code": "GA27055035",
        "typology": "Estruturas defensivas?",
        "generic_type": "DEF",
        "periods": "",
        "positive_confidence": "",
        "morphology_proxy": "",
        "negative_type": "historic_fortification",
        "review_priority": "P0",
        "original_training_use": "hard_negative_candidate_requires_qgis_review",
        "auto_review_status": "auto_seeded_requires_visual_verification",
        "auto_decision": "selected_for_control_set_v1",
        "training_use": "exclude_until_visual_raster_verification",
        "generated_at": "2026-08-01T00:00:00Z",
        "proposed_radius_m": "100.0",
        "tile_side_m": "512",
        "tile_status": "orthophoto_thumbnail_window"
      }
    },
    {
      "type": "Feature",
      "geometry": {
        "type": "Polygon",
        "coordinates": [
          [
            [
              -7.350124672917073,
              42.77920813297031
            ],
            [
              -7.343858089692739,
              42.77920813297031
            ],
            [
              -7.343858089692739,
              42.78380748618626
            ],
            [
              -7.350124672917073,
              42.78380748618626
            ],
            [
              -7.350124672917073,
              42.77920813297031
            ]
          ]
        ]
      },
      "properties": {
        "bank_id": "neg-es-pba-41944",
        "review_seed_id": "review-neg-0947",
        "control_set_id": "control-v1-0175",
        "review_role": "negative",
        "class_hint": "hard_negative_candidate",
        "country": "ES",
        "region": "Galicia",
        "province_or_district": "Lugo",
        "municipality": "Sarria",
        "parish": "Louseiro (San Martiño)",
        "place": "Barrio, O",
        "name": "Casa Torre de Barrio",
        "source": "Xunta PBA Catálogo. Elementos (xuño 2026)",
        "source_quality": "official_non_castro_heritage_seed",
        "source_record_id": "41944",
        "source_code": "GA27057052",
        "typology": "Estruturas defensivas?",
        "generic_type": "DEF",
        "periods": "",
        "positive_confidence": "",
        "morphology_proxy": "",
        "negative_type": "historic_fortification",
        "review_priority": "P0",
        "original_training_use": "hard_negative_candidate_requires_qgis_review",
        "auto_review_status": "auto_seeded_requires_visual_verification",
        "auto_decision": "selected_for_control_set_v1",
        "training_use": "exclude_until_visual_raster_verification",
        "generated_at": "2026-08-01T00:00:00Z",
        "proposed_radius_m": "100.0",
        "tile_side_m": "512",
        "tile_status": "orthophoto_thumbnail_window"
      }
    },
    {
      "type": "Feature",
      "geometry": {
        "type": "Polygon",
        "coordinates": [
          [
            [
              -7.581189573659196,
              42.46066791229955
            ],
            [
              -7.574954970275505,
              42.46066791229955
            ],
            [
              -7.574954970275505,
              42.4652672655155
            ],
            [
              -7.581189573659196,
              42.4652672655155
            ],
            [
              -7.581189573659196,
              42.46066791229955
            ]
          ]
        ]
      },
      "properties": {
        "bank_id": "neg-es-pba-41532",
        "review_seed_id": "review-neg-0985",
        "control_set_id": "control-v1-0176",
        "review_role": "negative",
        "class_hint": "hard_negative_candidate",
        "country": "ES",
        "region": "Galicia",
        "province_or_district": "Lugo",
        "municipality": "Sober",
        "parish": "Refoxo (Santo Estevo)",
        "place": "Palacio O",
        "name": "Castelo de Sober",
        "source": "Xunta PBA Catálogo. Elementos (xuño 2026)",
        "source_quality": "official_non_castro_heritage_seed",
        "source_record_id": "41532",
        "source_code": "GA27059021",
        "typology": "Estruturas defensivas?",
        "generic_type": "DEF",
        "periods": "",
        "positive_confidence": "",
        "morphology_proxy": "",
        "negative_type": "historic_fortification",
        "review_priority": "P0",
        "original_training_use": "hard_negative_candidate_requires_qgis_review",
        "auto_review_status": "auto_seeded_requires_visual_verification",
        "auto_decision": "selected_for_control_set_v1",
        "training_use": "exclude_until_visual_raster_verification",
        "generated_at": "2026-08-01T00:00:00Z",
        "proposed_radius_m": "100.0",
        "tile_side_m": "512",
        "tile_status": "orthophoto_thumbnail_window"
      }
    },
    {
      "type": "Feature",
      "geometry": {
        "type": "Polygon",
        "coordinates": [
          [
            [
              -8.625228867069344,
              41.41050832559994
            ],
            [
              -8.619096095363934,
              41.41050832559994
            ],
            [
              -8.619096095363934,
              41.41510767881589
            ],
            [
              -8.625228867069344,
              41.41510767881589
            ],
            [
              -8.625228867069344,
              41.41050832559994
            ]
          ]
        ]
      },
      "properties": {
        "bank_id": "neg-pt-dgpc-113951",
        "review_seed_id": "review-neg-0994",
        "control_set_id": "control-v1-0118",
        "review_role": "negative",
        "class_hint": "hard_negative_candidate",
        "country": "PT",
        "region": "Norte de Portugal",
        "province_or_district": "Braga",
        "municipality": "Vila Nova de Famalicão",
        "parish": "Gondifelos, Cavalões e Outiz",
        "place": "",
        "name": "Fiães",
        "source": "DGPC Portal do Arqueólogo Sitios_Arqueologicos",
        "source_quality": "official_non_castro_heritage_seed",
        "source_record_id": "113951",
        "source_code": "40286",
        "typology": "Mamoa",
        "generic_type": "",
        "periods": "Neo-Calcolítico;",
        "positive_confidence": "",
        "morphology_proxy": "",
        "negative_type": "megalithic_mound",
        "review_priority": "P0",
        "original_training_use": "hard_negative_candidate_requires_qgis_review",
        "auto_review_status": "auto_seeded_requires_visual_verification",
        "auto_decision": "selected_for_control_set_v1",
        "training_use": "exclude_until_visual_raster_verification",
        "generated_at": "2026-08-01T00:00:00Z",
        "proposed_radius_m": "45.0",
        "tile_side_m": "512",
        "tile_status": "orthophoto_thumbnail_window"
      }
    },
    {
      "type": "Feature",
      "geometry": {
        "type": "Polygon",
        "coordinates": [
          [
            [
              -7.617532839780657,
              43.608913486756926
            ],
            [
              -7.611180465592725,
              43.608913486756926
            ],
            [
              -7.611180465592725,
              43.61351283997288
            ],
            [
              -7.617532839780657,
              43.61351283997288
            ],
            [
              -7.617532839780657,
              43.608913486756926
            ]
          ]
        ]
      },
      "properties": {
        "bank_id": "neg-es-pba-43110",
        "review_seed_id": "review-neg-1039",
        "control_set_id": "control-v1-0177",
        "review_role": "negative",
        "class_hint": "hard_negative_candidate",
        "country": "ES",
        "region": "Galicia",
        "province_or_district": "Lugo",
        "municipality": "Viveiro",
        "parish": "Galdo (Santa María)",
        "place": "Arredoada, A",
        "name": "Castelo",
        "source": "Xunta PBA Catálogo. Elementos (xuño 2026)",
        "source_quality": "official_non_castro_heritage_seed",
        "source_record_id": "43110",
        "source_code": "GA27066010",
        "typology": "Estruturas defensivas?",
        "generic_type": "DEF",
        "periods": "",
        "positive_confidence": "",
        "morphology_proxy": "",
        "negative_type": "historic_fortification",
        "review_priority": "P0",
        "original_training_use": "hard_negative_candidate_requires_qgis_review",
        "auto_review_status": "auto_seeded_requires_visual_verification",
        "auto_decision": "selected_for_control_set_v1",
        "training_use": "exclude_until_visual_raster_verification",
        "generated_at": "2026-08-01T00:00:00Z",
        "proposed_radius_m": "100.0",
        "tile_side_m": "512",
        "tile_status": "orthophoto_thumbnail_window"
      }
    },
    {
      "type": "Feature",
      "geometry": {
        "type": "Polygon",
        "coordinates": [
          [
            [
              -8.6251360875543,
              41.37283959846532
            ],
            [
              -8.619006868707828,
              41.37283959846532
            ],
            [
              -8.619006868707828,
              41.37743895168127
            ],
            [
              -8.6251360875543,
              41.37743895168127
            ],
            [
              -8.6251360875543,
              41.37283959846532
            ]
          ]
        ]
      },
      "properties": {
        "bank_id": "neg-pt-dgpc-111340",
        "review_seed_id": "review-neg-1069",
        "control_set_id": "control-v1-0133",
        "review_role": "negative",
        "class_hint": "hard_negative_candidate",
        "country": "PT",
        "region": "Norte de Portugal",
        "province_or_district": "Porto",
        "municipality": "Vila do Conde",
        "parish": "Bagunte, Ferreiró, Outeiro Maior e Parada",
        "place": "",
        "name": "Queimado alto",
        "source": "DGPC Portal do Arqueólogo Sitios_Arqueologicos",
        "source_quality": "official_non_castro_heritage_seed",
        "source_record_id": "111340",
        "source_code": "38781",
        "typology": "Mamoa",
        "generic_type": "",
        "periods": "Indeterminado;",
        "positive_confidence": "",
        "morphology_proxy": "",
        "negative_type": "megalithic_mound",
        "review_priority": "P0",
        "original_training_use": "hard_negative_candidate_requires_qgis_review",
        "auto_review_status": "auto_seeded_requires_visual_verification",
        "auto_decision": "selected_for_control_set_v1",
        "training_use": "exclude_until_visual_raster_verification",
        "generated_at": "2026-08-01T00:00:00Z",
        "proposed_radius_m": "45.0",
        "tile_side_m": "512",
        "tile_status": "orthophoto_thumbnail_window"
      }
    },
    {
      "type": "Feature",
      "geometry": {
        "type": "Polygon",
        "coordinates": [
          [
            [
              -8.453964077901219,
              41.69821639056118
            ],
            [
              -8.447803945409461,
              41.69821639056118
            ],
            [
              -8.447803945409461,
              41.70281574377713
            ],
            [
              -8.453964077901219,
              41.70281574377713
            ],
            [
              -8.453964077901219,
              41.69821639056118
            ]
          ]
        ]
      },
      "properties": {
        "bank_id": "neg-pt-dgpc-109630",
        "review_seed_id": "review-neg-1084",
        "control_set_id": "control-v1-0119",
        "review_role": "negative",
        "class_hint": "hard_negative_candidate",
        "country": "PT",
        "region": "Norte de Portugal",
        "province_or_district": "Braga",
        "municipality": "Vila Verde",
        "parish": "Prado (São Miguel)",
        "place": "",
        "name": "Mamoa 1 de Bustelo",
        "source": "DGPC Portal do Arqueólogo Sitios_Arqueologicos",
        "source_quality": "official_non_castro_heritage_seed",
        "source_record_id": "109630",
        "source_code": "16508",
        "typology": "Mamoa",
        "generic_type": "",
        "periods": "Neo-Calcolítico;",
        "positive_confidence": "",
        "morphology_proxy": "",
        "negative_type": "megalithic_mound",
        "review_priority": "P0",
        "original_training_use": "hard_negative_candidate_requires_qgis_review",
        "auto_review_status": "auto_seeded_requires_visual_verification",
        "auto_decision": "selected_for_control_set_v1",
        "training_use": "exclude_until_visual_raster_verification",
        "generated_at": "2026-08-01T00:00:00Z",
        "proposed_radius_m": "45.0",
        "tile_side_m": "512",
        "tile_status": "orthophoto_thumbnail_window"
      }
    },
    {
      "type": "Feature",
      "geometry": {
        "type": "Polygon",
        "coordinates": [
          [
            [
              -7.714665301207301,
              43.43857347147887
            ],
            [
              -7.708330839800611,
              43.43857347147887
            ],
            [
              -7.708330839800611,
              43.44317282469482
            ],
            [
              -7.714665301207301,
              43.44317282469482
            ],
            [
              -7.714665301207301,
              43.43857347147887
            ]
          ]
        ]
      },
      "properties": {
        "bank_id": "neg-es-pba-30179",
        "review_seed_id": "review-neg-1092",
        "control_set_id": "control-v1-0178",
        "review_role": "negative",
        "class_hint": "hard_negative_candidate",
        "country": "ES",
        "region": "Galicia",
        "province_or_district": "Lugo",
        "municipality": "Xermade",
        "parish": "Lousada (Santo André)",
        "place": "Goía",
        "name": "As Penas do Castelo",
        "source": "Xunta PBA Catálogo. Elementos (xuño 2026)",
        "source_quality": "official_non_castro_heritage_seed",
        "source_record_id": "30179",
        "source_code": "GA27021044",
        "typology": "Estruturas defensivas?",
        "generic_type": "DEF",
        "periods": "",
        "positive_confidence": "",
        "morphology_proxy": "",
        "negative_type": "historic_fortification",
        "review_priority": "P0",
        "original_training_use": "hard_negative_candidate_requires_qgis_review",
        "auto_review_status": "auto_seeded_requires_visual_verification",
        "auto_decision": "selected_for_control_set_v1",
        "training_use": "exclude_until_visual_raster_verification",
        "generated_at": "2026-08-01T00:00:00Z",
        "proposed_radius_m": "100.0",
        "tile_side_m": "512",
        "tile_status": "orthophoto_thumbnail_window"
      }
    },
    {
      "type": "Feature",
      "geometry": {
        "type": "Polygon",
        "coordinates": [
          [
            [
              -8.26137726886802,
              41.795581560129826
            ],
            [
              -8.255207786341622,
              41.795581560129826
            ],
            [
              -8.255207786341622,
              41.80018091334578
            ],
            [
              -8.26137726886802,
              41.80018091334578
            ],
            [
              -8.26137726886802,
              41.795581560129826
            ]
          ]
        ]
      },
      "properties": {
        "bank_id": "neg-pt-dgpc-108626",
        "review_seed_id": "review-neg-1105",
        "control_set_id": "control-v1-0138",
        "review_role": "negative",
        "class_hint": "hard_negative_candidate",
        "country": "PT",
        "region": "Norte de Portugal",
        "province_or_district": "Viana do Castelo",
        "municipality": "Ponte da Barca",
        "parish": "Entre Ambos-os-Rios, Ermida e Germil",
        "place": "",
        "name": "Mamoa da Giadela",
        "source": "DGPC Portal do Arqueólogo Sitios_Arqueologicos",
        "source_quality": "official_non_castro_heritage_seed",
        "source_record_id": "108626",
        "source_code": "31222",
        "typology": "Mamoa",
        "generic_type": "",
        "periods": "Neo-Calcolítico;",
        "positive_confidence": "",
        "morphology_proxy": "",
        "negative_type": "megalithic_mound",
        "review_priority": "P0",
        "original_training_use": "hard_negative_candidate_requires_qgis_review",
        "auto_review_status": "auto_seeded_requires_visual_verification",
        "auto_decision": "selected_for_control_set_v1",
        "training_use": "exclude_until_visual_raster_verification",
        "generated_at": "2026-08-01T00:00:00Z",
        "proposed_radius_m": "45.0",
        "tile_side_m": "512",
        "tile_status": "orthophoto_thumbnail_window"
      }
    },
    {
      "type": "Feature",
      "geometry": {
        "type": "Polygon",
        "coordinates": [
          [
            [
              -7.527080270588029,
              43.724535324980714
            ],
            [
              -7.5207156477719534,
              43.724535324980714
            ],
            [
              -7.5207156477719534,
              43.729134678196665
            ],
            [
              -7.527080270588029,
              43.729134678196665
            ],
            [
              -7.527080270588029,
              43.724535324980714
            ]
          ]
        ]
      },
      "properties": {
        "bank_id": "neg-es-pba-32082",
        "review_seed_id": "review-neg-1109",
        "control_set_id": "control-v1-0179",
        "review_role": "negative",
        "class_hint": "hard_negative_candidate",
        "country": "ES",
        "region": "Galicia",
        "province_or_district": "Lugo",
        "municipality": "Xove",
        "parish": "Portocelo (San Tirso)",
        "place": "Monte da Cadeira",
        "name": "Castelo",
        "source": "Xunta PBA Catálogo. Elementos (xuño 2026)",
        "source_quality": "official_non_castro_heritage_seed",
        "source_record_id": "32082",
        "source_code": "GA27025032",
        "typology": "Estruturas defensivas?",
        "generic_type": "DEF",
        "periods": "",
        "positive_confidence": "",
        "morphology_proxy": "",
        "negative_type": "historic_fortification",
        "review_priority": "P0",
        "original_training_use": "hard_negative_candidate_requires_qgis_review",
        "auto_review_status": "auto_seeded_requires_visual_verification",
        "auto_decision": "selected_for_control_set_v1",
        "training_use": "exclude_until_visual_raster_verification",
        "generated_at": "2026-08-01T00:00:00Z",
        "proposed_radius_m": "100.0",
        "tile_side_m": "512",
        "tile_status": "orthophoto_thumbnail_window"
      }
    },
    {
      "type": "Feature",
      "geometry": {
        "type": "Polygon",
        "coordinates": [
          [
            [
              -8.567373733440755,
              41.75195628599794
            ],
            [
              -8.56120844598401,
              41.75195628599794
            ],
            [
              -8.56120844598401,
              41.75655563921389
            ],
            [
              -8.567373733440755,
              41.75655563921389
            ],
            [
              -8.567373733440755,
              41.75195628599794
            ]
          ]
        ]
      },
      "properties": {
        "bank_id": "neg-pt-dgpc-109417",
        "review_seed_id": "review-neg-1138",
        "control_set_id": "control-v1-0139",
        "review_role": "negative",
        "class_hint": "hard_negative_candidate",
        "country": "PT",
        "region": "Norte de Portugal",
        "province_or_district": "Viana do Castelo",
        "municipality": "Ponte de Lima",
        "parish": "Fornelos e Queijada",
        "place": "",
        "name": "Arca 1",
        "source": "DGPC Portal do Arqueólogo Sitios_Arqueologicos",
        "source_quality": "official_non_castro_heritage_seed",
        "source_record_id": "109417",
        "source_code": "10620",
        "typology": "Mamoa",
        "generic_type": "",
        "periods": "Neo-Calcolítico;",
        "positive_confidence": "",
        "morphology_proxy": "",
        "negative_type": "megalithic_mound",
        "review_priority": "P0",
        "original_training_use": "hard_negative_candidate_requires_qgis_review",
        "auto_review_status": "auto_seeded_requires_visual_verification",
        "auto_decision": "selected_for_control_set_v1",
        "training_use": "exclude_until_visual_raster_verification",
        "generated_at": "2026-08-01T00:00:00Z",
        "proposed_radius_m": "45.0",
        "tile_side_m": "512",
        "tile_status": "orthophoto_thumbnail_window"
      }
    }
  ]
}