{
  "type": "FeatureCollection",
  "name": "control_set_v1_visual_scores",
  "crs": {
    "type": "name",
    "properties": {
      "name": "EPSG:4326"
    }
  },
  "features": [
    {
      "type": "Feature",
      "geometry": {
        "type": "Point",
        "coordinates": [
          -8.855378317808974,
          43.319595875976596
        ]
      },
      "properties": {
        "bank_id": "pos-es-pba-12763",
        "review_seed_id": "review-pos-0003",
        "control_set_id": "control-v1-0041",
        "review_role": "positive",
        "class_hint": "castro_candidate",
        "country": "ES",
        "region": "Galicia",
        "province_or_district": "A Coruña",
        "municipality": "Malpica de Bergantiños",
        "parish": "Vilanova de Santiso (San Tirso)",
        "place": "Esteiro",
        "name": "Castro de Entretorres/Castro de Punta Galeana",
        "source": "Xunta PBA Catálogo. Elementos (xuño 2026)",
        "source_quality": "official_catalogue_seed",
        "source_record_id": "12763",
        "source_code": "GA15043008",
        "typology": "Castro",
        "generic_type": "-",
        "periods": "",
        "positive_confidence": "high_official_typology",
        "morphology_proxy": "coastal_promontory_hint",
        "negative_type": "",
        "review_priority": "P0",
        "original_training_use": "positive_seed_requires_qgis_boundary_review",
        "auto_review_status": "auto_seeded_requires_visual_verification",
        "auto_decision": "selected_for_control_set_v1",
        "training_use": "exclude_until_visual_raster_verification",
        "generated_at": "2026-08-01T00:00:00Z",
        "proposed_radius_m": "150.0",
        "visual_ring_signal_score": "66.98",
        "visual_ring_signal_tier": "strong_centered_ring_signal",
        "visual_metric_eval_use": "include_visual_signal_metric_eval",
        "visual_autonomous_visual_decision": "positive_control_visual_signal_strong",
        "visual_training_use": "exclude_until_independent_label_review",
        "visual_status": "ok",
        "visual_error": ""
      }
    },
    {
      "type": "Feature",
      "geometry": {
        "type": "Point",
        "coordinates": [
          -8.927476831000407,
          42.632896715738816
        ]
      },
      "properties": {
        "bank_id": "pos-es-pba-17047",
        "review_seed_id": "review-pos-0004",
        "control_set_id": "control-v1-0025",
        "review_role": "positive",
        "class_hint": "castro_candidate",
        "country": "ES",
        "region": "Galicia",
        "province_or_district": "A Coruña",
        "municipality": "A Pobra do Caramiñal",
        "parish": "Posmarcos (Santo Isidro)",
        "place": "Pumadiño, O",
        "name": "A Croa do Castro/A Croa de Posmarcos",
        "source": "Xunta PBA Catálogo. Elementos (xuño 2026)",
        "source_quality": "official_catalogue_seed",
        "source_record_id": "17047",
        "source_code": "GA15067001",
        "typology": "",
        "generic_type": "-",
        "periods": "",
        "positive_confidence": "medium_official_name_or_type",
        "morphology_proxy": "coastal_promontory_hint",
        "negative_type": "",
        "review_priority": "P0",
        "original_training_use": "positive_seed_requires_qgis_boundary_review",
        "auto_review_status": "auto_seeded_requires_visual_verification",
        "auto_decision": "selected_for_control_set_v1",
        "training_use": "exclude_until_visual_raster_verification",
        "generated_at": "2026-08-01T00:00:00Z",
        "proposed_radius_m": "150.0",
        "visual_ring_signal_score": "35.96",
        "visual_ring_signal_tier": "weak_centered_ring_signal",
        "visual_metric_eval_use": "include_visual_signal_metric_eval",
        "visual_autonomous_visual_decision": "positive_control_visual_signal_weak_followup",
        "visual_training_use": "exclude_until_independent_label_review",
        "visual_status": "ok",
        "visual_error": ""
      }
    },
    {
      "type": "Feature",
      "geometry": {
        "type": "Point",
        "coordinates": [
          -8.44276477829718,
          43.23497491901351
        ]
      },
      "properties": {
        "bank_id": "pos-es-pba-11227",
        "review_seed_id": "review-pos-0007",
        "control_set_id": "control-v1-0063",
        "review_role": "positive",
        "class_hint": "castro_candidate",
        "country": "ES",
        "region": "Galicia",
        "province_or_district": "A Coruña",
        "municipality": "A Laracha",
        "parish": "Soandres (San Pedro)",
        "place": "Revolta, A",
        "name": "Castro de Refoxo/Castro de Cerqueira",
        "source": "Xunta PBA Catálogo. Elementos (xuño 2026)",
        "source_quality": "official_catalogue_seed",
        "source_record_id": "11227",
        "source_code": "GA15041014",
        "typology": "",
        "generic_type": "-",
        "periods": "",
        "positive_confidence": "medium_official_name_or_type",
        "morphology_proxy": "earthwork_or_wall_hint",
        "negative_type": "",
        "review_priority": "P0",
        "original_training_use": "positive_seed_requires_qgis_boundary_review",
        "auto_review_status": "auto_seeded_requires_visual_verification",
        "auto_decision": "selected_for_control_set_v1",
        "training_use": "exclude_until_visual_raster_verification",
        "generated_at": "2026-08-01T00:00:00Z",
        "proposed_radius_m": "130.0",
        "visual_ring_signal_score": "23.53",
        "visual_ring_signal_tier": "weak_centered_ring_signal",
        "visual_metric_eval_use": "include_visual_signal_metric_eval",
        "visual_autonomous_visual_decision": "positive_control_visual_signal_weak_followup",
        "visual_training_use": "exclude_until_independent_label_review",
        "visual_status": "ok",
        "visual_error": ""
      }
    },
    {
      "type": "Feature",
      "geometry": {
        "type": "Point",
        "coordinates": [
          -9.05893610466568,
          43.06097394141789
        ]
      },
      "properties": {
        "bank_id": "pos-es-pba-25736",
        "review_seed_id": "review-pos-0012",
        "control_set_id": "control-v1-0001",
        "review_role": "positive",
        "class_hint": "castro_candidate",
        "country": "ES",
        "region": "Galicia",
        "province_or_district": "A Coruña",
        "municipality": "Vimianzo",
        "parish": "Castrelo (San Martiño)",
        "place": "Lavandeira",
        "name": "Igrexa Vella (Citania de Vilaseco)/Castro de Lavandeira",
        "source": "Xunta PBA Catálogo. Elementos (xuño 2026)",
        "source_quality": "official_catalogue_seed",
        "source_record_id": "25736",
        "source_code": "GA15092020",
        "typology": "",
        "generic_type": "-",
        "periods": "",
        "positive_confidence": "medium_official_name_or_type",
        "morphology_proxy": "large_castrexo_civitas_hint",
        "negative_type": "",
        "review_priority": "P0",
        "original_training_use": "positive_seed_requires_qgis_boundary_review",
        "auto_review_status": "auto_seeded_requires_visual_verification",
        "auto_decision": "selected_for_control_set_v1",
        "training_use": "exclude_until_visual_raster_verification",
        "generated_at": "2026-08-01T00:00:00Z",
        "proposed_radius_m": "180.0",
        "visual_ring_signal_score": "28.03",
        "visual_ring_signal_tier": "weak_centered_ring_signal",
        "visual_metric_eval_use": "include_visual_signal_metric_eval",
        "visual_autonomous_visual_decision": "positive_control_visual_signal_weak_followup",
        "visual_training_use": "exclude_until_independent_label_review",
        "visual_status": "ok",
        "visual_error": ""
      }
    },
    {
      "type": "Feature",
      "geometry": {
        "type": "Point",
        "coordinates": [
          -7.0354713797358555,
          43.050779964847315
        ]
      },
      "properties": {
        "bank_id": "pos-es-pba-30753",
        "review_seed_id": "review-pos-0017",
        "control_set_id": "control-v1-0051",
        "review_role": "positive",
        "class_hint": "castro_candidate",
        "country": "ES",
        "region": "Galicia",
        "province_or_district": "Lugo",
        "municipality": "A Fonsagrada",
        "parish": "San Martín de Arroxo (San Martín)",
        "place": "Castro de Arroxo",
        "name": "Castro de Marful",
        "source": "Xunta PBA Catálogo. Elementos (xuño 2026)",
        "source_quality": "official_catalogue_seed",
        "source_record_id": "30753",
        "source_code": "GA27018159",
        "typology": "Castro",
        "generic_type": "-",
        "periods": "",
        "positive_confidence": "high_official_typology",
        "morphology_proxy": "coastal_promontory_hint",
        "negative_type": "",
        "review_priority": "P0",
        "original_training_use": "positive_seed_requires_qgis_boundary_review",
        "auto_review_status": "auto_seeded_requires_visual_verification",
        "auto_decision": "selected_for_control_set_v1",
        "training_use": "exclude_until_visual_raster_verification",
        "generated_at": "2026-08-01T00:00:00Z",
        "proposed_radius_m": "150.0",
        "visual_ring_signal_score": "18.95",
        "visual_ring_signal_tier": "weak_centered_ring_signal",
        "visual_metric_eval_use": "include_visual_signal_metric_eval",
        "visual_autonomous_visual_decision": "positive_control_visual_signal_weak_followup",
        "visual_training_use": "exclude_until_independent_label_review",
        "visual_status": "ok",
        "visual_error": ""
      }
    },
    {
      "type": "Feature",
      "geometry": {
        "type": "Point",
        "coordinates": [
          -7.763742030371587,
          42.59765240791933
        ]
      },
      "properties": {
        "bank_id": "pos-es-pba-29296",
        "review_seed_id": "review-pos-0021",
        "control_set_id": "control-v1-0071",
        "review_role": "positive",
        "class_hint": "castro_candidate",
        "country": "ES",
        "region": "Galicia",
        "province_or_district": "Lugo",
        "municipality": "Chantada",
        "parish": "San Salvador de Asma (San Salvador)",
        "place": "Santo Estevo",
        "name": "Os Castros",
        "source": "Xunta PBA Catálogo. Elementos (xuño 2026)",
        "source_quality": "official_catalogue_seed",
        "source_record_id": "29296",
        "source_code": "GA27016047",
        "typology": "Asentamento fortificado/defensivo",
        "generic_type": "-",
        "periods": "",
        "positive_confidence": "medium_official_name_or_type",
        "morphology_proxy": "earthwork_or_wall_hint",
        "negative_type": "",
        "review_priority": "P0",
        "original_training_use": "positive_seed_requires_qgis_boundary_review",
        "auto_review_status": "auto_seeded_requires_visual_verification",
        "auto_decision": "selected_for_control_set_v1",
        "training_use": "exclude_until_visual_raster_verification",
        "generated_at": "2026-08-01T00:00:00Z",
        "proposed_radius_m": "130.0",
        "visual_ring_signal_score": "31.59",
        "visual_ring_signal_tier": "weak_centered_ring_signal",
        "visual_metric_eval_use": "include_visual_signal_metric_eval",
        "visual_autonomous_visual_decision": "positive_control_visual_signal_weak_followup",
        "visual_training_use": "exclude_until_independent_label_review",
        "visual_status": "ok",
        "visual_error": ""
      }
    },
    {
      "type": "Feature",
      "geometry": {
        "type": "Point",
        "coordinates": [
          -7.614104336551358,
          42.39118762141284
        ]
      },
      "properties": {
        "bank_id": "pos-es-pba-41533",
        "review_seed_id": "review-pos-0026",
        "control_set_id": "control-v1-0002",
        "review_role": "positive",
        "class_hint": "castro_candidate",
        "country": "ES",
        "region": "Galicia",
        "province_or_district": "Lugo",
        "municipality": "Sober",
        "parish": "Bolmente (Santa María)",
        "place": "Miradoiro do Cotarro 1",
        "name": "Castro da Cividade",
        "source": "Xunta PBA Catálogo. Elementos (xuño 2026)",
        "source_quality": "official_catalogue_seed",
        "source_record_id": "41533",
        "source_code": "GA27059047",
        "typology": "Castro",
        "generic_type": "-",
        "periods": "",
        "positive_confidence": "high_official_typology",
        "morphology_proxy": "large_castrexo_civitas_hint",
        "negative_type": "",
        "review_priority": "P0",
        "original_training_use": "positive_seed_requires_qgis_boundary_review",
        "auto_review_status": "auto_seeded_requires_visual_verification",
        "auto_decision": "selected_for_control_set_v1",
        "training_use": "exclude_until_visual_raster_verification",
        "generated_at": "2026-08-01T00:00:00Z",
        "proposed_radius_m": "180.0",
        "visual_ring_signal_score": "10.55",
        "visual_ring_signal_tier": "weak_centered_ring_signal",
        "visual_metric_eval_use": "include_visual_signal_metric_eval",
        "visual_autonomous_visual_decision": "positive_control_visual_signal_weak_followup",
        "visual_training_use": "exclude_until_independent_label_review",
        "visual_status": "ok",
        "visual_error": ""
      }
    },
    {
      "type": "Feature",
      "geometry": {
        "type": "Point",
        "coordinates": [
          -8.188505401555636,
          42.427078731423826
        ]
      },
      "properties": {
        "bank_id": "pos-es-pba-45973",
        "review_seed_id": "review-pos-0034",
        "control_set_id": "control-v1-0074",
        "review_role": "positive",
        "class_hint": "castro_candidate",
        "country": "ES",
        "region": "Galicia",
        "province_or_district": "Ourense",
        "municipality": "Boborás",
        "parish": "Feás (Santo Antón)",
        "place": "Vilachá",
        "name": "Castro de Meimón",
        "source": "Xunta PBA Catálogo. Elementos (xuño 2026)",
        "source_quality": "official_catalogue_seed",
        "source_record_id": "45973",
        "source_code": "GA32013050",
        "typology": "Asentamento fortificado/defensivo",
        "generic_type": "-",
        "periods": "",
        "positive_confidence": "medium_official_name_or_type",
        "morphology_proxy": "earthwork_or_wall_hint",
        "negative_type": "",
        "review_priority": "P0",
        "original_training_use": "positive_seed_requires_qgis_boundary_review",
        "auto_review_status": "auto_seeded_requires_visual_verification",
        "auto_decision": "selected_for_control_set_v1",
        "training_use": "exclude_until_visual_raster_verification",
        "generated_at": "2026-08-01T00:00:00Z",
        "proposed_radius_m": "130.0",
        "visual_ring_signal_score": "44.26",
        "visual_ring_signal_tier": "moderate_centered_ring_signal",
        "visual_metric_eval_use": "include_visual_signal_metric_eval",
        "visual_autonomous_visual_decision": "positive_control_visual_signal_moderate",
        "visual_training_use": "exclude_until_independent_label_review",
        "visual_status": "ok",
        "visual_error": ""
      }
    },
    {
      "type": "Feature",
      "geometry": {
        "type": "Point",
        "coordinates": [
          -7.493169829647384,
          41.91688551511041
        ]
      },
      "properties": {
        "bank_id": "pos-es-pba-52266",
        "review_seed_id": "review-pos-0039",
        "control_set_id": "control-v1-0003",
        "review_role": "positive",
        "class_hint": "castro_candidate",
        "country": "ES",
        "region": "Galicia",
        "province_or_district": "Ourense",
        "municipality": "Monterrei",
        "parish": "Oímbra (Santa María)",
        "place": "Vilaza",
        "name": "Castelo das Chás/Citania das Laxes das Chás/A Cerca/Castro de Lobarz n",
        "source": "Xunta PBA Catálogo. Elementos (xuño 2026)",
        "source_quality": "official_catalogue_seed",
        "source_record_id": "52266",
        "source_code": "GA32053009",
        "typology": "",
        "generic_type": "-",
        "periods": "",
        "positive_confidence": "medium_official_name_or_type",
        "morphology_proxy": "large_castrexo_civitas_hint",
        "negative_type": "",
        "review_priority": "P0",
        "original_training_use": "positive_seed_requires_qgis_boundary_review",
        "auto_review_status": "auto_seeded_requires_visual_verification",
        "auto_decision": "selected_for_control_set_v1",
        "training_use": "exclude_until_visual_raster_verification",
        "generated_at": "2026-08-01T00:00:00Z",
        "proposed_radius_m": "180.0",
        "visual_ring_signal_score": "24.82",
        "visual_ring_signal_tier": "weak_centered_ring_signal",
        "visual_metric_eval_use": "include_visual_signal_metric_eval",
        "visual_autonomous_visual_decision": "positive_control_visual_signal_weak_followup",
        "visual_training_use": "exclude_until_independent_label_review",
        "visual_status": "ok",
        "visual_error": ""
      }
    },
    {
      "type": "Feature",
      "geometry": {
        "type": "Point",
        "coordinates": [
          -8.675039258374175,
          42.70388031584277
        ]
      },
      "properties": {
        "bank_id": "pos-es-pba-73573",
        "review_seed_id": "review-pos-0048",
        "control_set_id": "control-v1-0076",
        "review_role": "positive",
        "class_hint": "castro_candidate",
        "country": "ES",
        "region": "Galicia",
        "province_or_district": "Pontevedra",
        "municipality": "Valga",
        "parish": "Cordeiro (Santa Comba)",
        "place": "Casanova, A",
        "name": "Castroverde/O Foxo/Camiño Real",
        "source": "Xunta PBA Catálogo. Elementos (xuño 2026)",
        "source_quality": "official_catalogue_seed",
        "source_record_id": "73573",
        "source_code": "TO36056003",
        "typology": "Topónimo",
        "generic_type": "-",
        "periods": "",
        "positive_confidence": "medium_official_name_or_type",
        "morphology_proxy": "earthwork_or_wall_hint",
        "negative_type": "",
        "review_priority": "P0",
        "original_training_use": "positive_seed_requires_qgis_boundary_review",
        "auto_review_status": "auto_seeded_requires_visual_verification",
        "auto_decision": "selected_for_control_set_v1",
        "training_use": "exclude_until_visual_raster_verification",
        "generated_at": "2026-08-01T00:00:00Z",
        "proposed_radius_m": "130.0",
        "visual_ring_signal_score": "27.68",
        "visual_ring_signal_tier": "weak_centered_ring_signal",
        "visual_metric_eval_use": "include_visual_signal_metric_eval",
        "visual_autonomous_visual_decision": "positive_control_visual_signal_weak_followup",
        "visual_training_use": "exclude_until_independent_label_review",
        "visual_status": "ok",
        "visual_error": ""
      }
    },
    {
      "type": "Feature",
      "geometry": {
        "type": "Point",
        "coordinates": [
          -8.600135335884547,
          42.22293972592275
        ]
      },
      "properties": {
        "bank_id": "pos-es-pba-67838",
        "review_seed_id": "review-pos-0054",
        "control_set_id": "control-v1-0004",
        "review_role": "positive",
        "class_hint": "castro_candidate",
        "country": "ES",
        "region": "Galicia",
        "province_or_district": "Pontevedra",
        "municipality": "Mos",
        "parish": "Louredo (San Salvador)",
        "place": "Enxertado, O",
        "name": "Castro da Cividade/A Cidá",
        "source": "Xunta PBA Catálogo. Elementos (xuño 2026)",
        "source_quality": "official_catalogue_seed",
        "source_record_id": "67838",
        "source_code": "GA36033020",
        "typology": "Castro",
        "generic_type": "-",
        "periods": "",
        "positive_confidence": "high_official_typology",
        "morphology_proxy": "large_castrexo_civitas_hint",
        "negative_type": "",
        "review_priority": "P0",
        "original_training_use": "positive_seed_requires_qgis_boundary_review",
        "auto_review_status": "auto_seeded_requires_visual_verification",
        "auto_decision": "selected_for_control_set_v1",
        "training_use": "exclude_until_visual_raster_verification",
        "generated_at": "2026-08-01T00:00:00Z",
        "proposed_radius_m": "180.0",
        "visual_ring_signal_score": "17.02",
        "visual_ring_signal_tier": "weak_centered_ring_signal",
        "visual_metric_eval_use": "include_visual_signal_metric_eval",
        "visual_autonomous_visual_decision": "positive_control_visual_signal_weak_followup",
        "visual_training_use": "exclude_until_independent_label_review",
        "visual_status": "ok",
        "visual_error": ""
      }
    },
    {
      "type": "Feature",
      "geometry": {
        "type": "Point",
        "coordinates": [
          -8.374512028690974,
          41.64482375660884
        ]
      },
      "properties": {
        "bank_id": "pos-pt-dgpc-109754",
        "review_seed_id": "review-pos-0058",
        "control_set_id": "control-v1-0077",
        "review_role": "positive",
        "class_hint": "castro_candidate",
        "country": "PT",
        "region": "Norte de Portugal",
        "province_or_district": "Braga",
        "municipality": "Amares",
        "parish": "Ferreiros, Prozelo e Besteiros",
        "place": "",
        "name": "Besteiros/ Castro do Gerês",
        "source": "DGPC Portal do Arqueólogo Sitios_Arqueologicos",
        "source_quality": "official_catalogue_seed",
        "source_record_id": "109754",
        "source_code": "36154",
        "typology": "Povoado Fortificado",
        "generic_type": "",
        "periods": "Indeterminado;",
        "positive_confidence": "medium_official_name_or_type",
        "morphology_proxy": "earthwork_or_wall_hint",
        "negative_type": "",
        "review_priority": "P0",
        "original_training_use": "positive_seed_requires_qgis_boundary_review",
        "auto_review_status": "auto_seeded_requires_visual_verification",
        "auto_decision": "selected_for_control_set_v1",
        "training_use": "exclude_until_visual_raster_verification",
        "generated_at": "2026-08-01T00:00:00Z",
        "proposed_radius_m": "130.0",
        "visual_ring_signal_score": "16.28",
        "visual_ring_signal_tier": "weak_centered_ring_signal",
        "visual_metric_eval_use": "include_visual_signal_metric_eval",
        "visual_autonomous_visual_decision": "positive_control_visual_signal_weak_followup",
        "visual_training_use": "exclude_until_independent_label_review",
        "visual_status": "ok",
        "visual_error": ""
      }
    },
    {
      "type": "Feature",
      "geometry": {
        "type": "Point",
        "coordinates": [
          -8.584568482531363,
          41.456071110306645
        ]
      },
      "properties": {
        "bank_id": "pos-pt-dgpc-107359",
        "review_seed_id": "review-pos-0061",
        "control_set_id": "control-v1-0006",
        "review_role": "positive",
        "class_hint": "castro_candidate",
        "country": "PT",
        "region": "Norte de Portugal",
        "province_or_district": "Braga",
        "municipality": "Barcelos",
        "parish": "Negreiros e Chavão",
        "place": "",
        "name": "Monte da Saia / Cidade da Citânia / Monte de Fralães",
        "source": "DGPC Portal do Arqueólogo Sitios_Arqueologicos",
        "source_quality": "official_catalogue_seed",
        "source_record_id": "107359",
        "source_code": "298",
        "typology": "Povoado Fortificado",
        "generic_type": "",
        "periods": "Romano;Idade do Ferro;",
        "positive_confidence": "medium_official_name_or_type",
        "morphology_proxy": "large_castrexo_civitas_hint",
        "negative_type": "",
        "review_priority": "P0",
        "original_training_use": "positive_seed_requires_qgis_boundary_review",
        "auto_review_status": "auto_seeded_requires_visual_verification",
        "auto_decision": "selected_for_control_set_v1",
        "training_use": "exclude_until_visual_raster_verification",
        "generated_at": "2026-08-01T00:00:00Z",
        "proposed_radius_m": "180.0",
        "visual_ring_signal_score": "26.95",
        "visual_ring_signal_tier": "weak_centered_ring_signal",
        "visual_metric_eval_use": "include_visual_signal_metric_eval",
        "visual_autonomous_visual_decision": "positive_control_visual_signal_weak_followup",
        "visual_training_use": "exclude_until_independent_label_review",
        "visual_status": "ok",
        "visual_error": ""
      }
    },
    {
      "type": "Feature",
      "geometry": {
        "type": "Point",
        "coordinates": [
          -7.037882923414823,
          41.32209888211877
        ]
      },
      "properties": {
        "bank_id": "pos-pt-dgpc-106410",
        "review_seed_id": "review-pos-0063",
        "control_set_id": "control-v1-0088",
        "review_role": "positive",
        "class_hint": "castro_candidate",
        "country": "PT",
        "region": "Norte de Portugal",
        "province_or_district": "Bragança",
        "municipality": "Alfândega da Fé",
        "parish": "Eucisia, Gouveia e Valverde",
        "place": "",
        "name": "Castro de Santa Justa",
        "source": "DGPC Portal do Arqueólogo Sitios_Arqueologicos",
        "source_quality": "official_catalogue_seed",
        "source_record_id": "106410",
        "source_code": "11434",
        "typology": "Povoado Fortificado",
        "generic_type": "",
        "periods": "Calcolítico;Idade do Ferro;Idade Média;",
        "positive_confidence": "medium_official_name_or_type",
        "morphology_proxy": "earthwork_or_wall_hint",
        "negative_type": "",
        "review_priority": "P0",
        "original_training_use": "positive_seed_requires_qgis_boundary_review",
        "auto_review_status": "auto_seeded_requires_visual_verification",
        "auto_decision": "selected_for_control_set_v1",
        "training_use": "exclude_until_visual_raster_verification",
        "generated_at": "2026-08-01T00:00:00Z",
        "proposed_radius_m": "130.0",
        "visual_ring_signal_score": "68.76",
        "visual_ring_signal_tier": "strong_centered_ring_signal",
        "visual_metric_eval_use": "include_visual_signal_metric_eval",
        "visual_autonomous_visual_decision": "positive_control_visual_signal_strong",
        "visual_training_use": "exclude_until_independent_label_review",
        "visual_status": "ok",
        "visual_error": ""
      }
    },
    {
      "type": "Feature",
      "geometry": {
        "type": "Point",
        "coordinates": [
          -8.011993914555958,
          41.266643134161306
        ]
      },
      "properties": {
        "bank_id": "pos-pt-dgpc-105058",
        "review_seed_id": "review-pos-0067",
        "control_set_id": "control-v1-0096",
        "review_role": "positive",
        "class_hint": "castro_candidate",
        "country": "PT",
        "region": "Norte de Portugal",
        "province_or_district": "Porto",
        "municipality": "Amarante",
        "parish": "Aboadela, Sanche e Várzea",
        "place": "",
        "name": "Castro de Paredes",
        "source": "DGPC Portal do Arqueólogo Sitios_Arqueologicos",
        "source_quality": "official_catalogue_seed",
        "source_record_id": "105058",
        "source_code": "20926",
        "typology": "Povoado Fortificado",
        "generic_type": "",
        "periods": "Idade do Ferro;",
        "positive_confidence": "medium_official_name_or_type",
        "morphology_proxy": "earthwork_or_wall_hint",
        "negative_type": "",
        "review_priority": "P0",
        "original_training_use": "positive_seed_requires_qgis_boundary_review",
        "auto_review_status": "auto_seeded_requires_visual_verification",
        "auto_decision": "selected_for_control_set_v1",
        "training_use": "exclude_until_visual_raster_verification",
        "generated_at": "2026-08-01T00:00:00Z",
        "proposed_radius_m": "130.0",
        "visual_ring_signal_score": "39.71",
        "visual_ring_signal_tier": "weak_centered_ring_signal",
        "visual_metric_eval_use": "include_visual_signal_metric_eval",
        "visual_autonomous_visual_decision": "positive_control_visual_signal_weak_followup",
        "visual_training_use": "exclude_until_independent_label_review",
        "visual_status": "ok",
        "visual_error": ""
      }
    },
    {
      "type": "Feature",
      "geometry": {
        "type": "Point",
        "coordinates": [
          -8.386334192412516,
          41.32315169022725
        ]
      },
      "properties": {
        "bank_id": "pos-pt-dgpc-106425",
        "review_seed_id": "review-pos-0070",
        "control_set_id": "control-v1-0013",
        "review_role": "positive",
        "class_hint": "castro_candidate",
        "country": "PT",
        "region": "Norte de Portugal",
        "province_or_district": "Porto",
        "municipality": "Paços de Ferreira",
        "parish": "Sanfins de Ferreira, Lamoso, Codessos",
        "place": "",
        "name": "Citânia de Sanfins",
        "source": "DGPC Portal do Arqueólogo Sitios_Arqueologicos",
        "source_quality": "official_catalogue_seed",
        "source_record_id": "106425",
        "source_code": "6",
        "typology": "Povoado Fortificado",
        "generic_type": "Capela;Necrópole;",
        "periods": "Idade do Ferro;Medieval Cristão;Romano;",
        "positive_confidence": "medium_official_name_or_type",
        "morphology_proxy": "large_castrexo_civitas_hint",
        "negative_type": "",
        "review_priority": "P0",
        "original_training_use": "positive_seed_requires_qgis_boundary_review",
        "auto_review_status": "auto_seeded_requires_visual_verification",
        "auto_decision": "selected_for_control_set_v1",
        "training_use": "exclude_until_visual_raster_verification",
        "generated_at": "2026-08-01T00:00:00Z",
        "proposed_radius_m": "180.0",
        "visual_ring_signal_score": "21.20",
        "visual_ring_signal_tier": "weak_centered_ring_signal",
        "visual_metric_eval_use": "include_visual_signal_metric_eval",
        "visual_autonomous_visual_decision": "positive_control_visual_signal_weak_followup",
        "visual_training_use": "exclude_until_independent_label_review",
        "visual_status": "ok",
        "visual_error": ""
      }
    },
    {
      "type": "Feature",
      "geometry": {
        "type": "Point",
        "coordinates": [
          -8.637217914291169,
          41.91565551335773
        ]
      },
      "properties": {
        "bank_id": "pos-pt-dgpc-108405",
        "review_seed_id": "review-pos-0075",
        "control_set_id": "control-v1-0016",
        "review_role": "positive",
        "class_hint": "castro_candidate",
        "country": "PT",
        "region": "Norte de Portugal",
        "province_or_district": "Viana do Castelo",
        "municipality": "Paredes de Coura",
        "parish": "Cossourado e Linhares",
        "place": "",
        "name": "Cividade de Cossourado",
        "source": "DGPC Portal do Arqueólogo Sitios_Arqueologicos",
        "source_quality": "official_catalogue_seed",
        "source_record_id": "108405",
        "source_code": "3628",
        "typology": "Povoado Fortificado",
        "generic_type": "",
        "periods": "Idade do Ferro;",
        "positive_confidence": "medium_official_name_or_type",
        "morphology_proxy": "large_castrexo_civitas_hint",
        "negative_type": "",
        "review_priority": "P0",
        "original_training_use": "positive_seed_requires_qgis_boundary_review",
        "auto_review_status": "auto_seeded_requires_visual_verification",
        "auto_decision": "selected_for_control_set_v1",
        "training_use": "exclude_until_visual_raster_verification",
        "generated_at": "2026-08-01T00:00:00Z",
        "proposed_radius_m": "180.0",
        "visual_ring_signal_score": "21.91",
        "visual_ring_signal_tier": "weak_centered_ring_signal",
        "visual_metric_eval_use": "include_visual_signal_metric_eval",
        "visual_autonomous_visual_decision": "positive_control_visual_signal_weak_followup",
        "visual_training_use": "exclude_until_independent_label_review",
        "visual_status": "ok",
        "visual_error": ""
      }
    },
    {
      "type": "Feature",
      "geometry": {
        "type": "Point",
        "coordinates": [
          -7.409092648577437,
          41.64165338696022
        ]
      },
      "properties": {
        "bank_id": "pos-pt-dgpc-109702",
        "review_seed_id": "review-pos-0081",
        "control_set_id": "control-v1-0019",
        "review_role": "positive",
        "class_hint": "castro_candidate",
        "country": "PT",
        "region": "Norte de Portugal",
        "province_or_district": "Vila Real",
        "municipality": "Valpaços",
        "parish": "Friões",
        "place": "",
        "name": "Castro de Vilanova/Alto da Cividade",
        "source": "DGPC Portal do Arqueólogo Sitios_Arqueologicos",
        "source_quality": "official_catalogue_seed",
        "source_record_id": "109702",
        "source_code": "4152",
        "typology": "Povoado Fortificado",
        "generic_type": "",
        "periods": "Idade do Ferro;Idade Média;",
        "positive_confidence": "medium_official_name_or_type",
        "morphology_proxy": "large_castrexo_civitas_hint",
        "negative_type": "",
        "review_priority": "P0",
        "original_training_use": "positive_seed_requires_qgis_boundary_review",
        "auto_review_status": "auto_seeded_requires_visual_verification",
        "auto_decision": "selected_for_control_set_v1",
        "training_use": "exclude_until_visual_raster_verification",
        "generated_at": "2026-08-01T00:00:00Z",
        "proposed_radius_m": "180.0",
        "visual_ring_signal_score": "18.23",
        "visual_ring_signal_tier": "weak_centered_ring_signal",
        "visual_metric_eval_use": "include_visual_signal_metric_eval",
        "visual_autonomous_visual_decision": "positive_control_visual_signal_weak_followup",
        "visual_training_use": "exclude_until_independent_label_review",
        "visual_status": "ok",
        "visual_error": ""
      }
    },
    {
      "type": "Feature",
      "geometry": {
        "type": "Point",
        "coordinates": [
          -8.804397897759895,
          42.93971937712075
        ]
      },
      "properties": {
        "bank_id": "pos-es-pba-14227",
        "review_seed_id": "review-pos-0083",
        "control_set_id": "control-v1-0045",
        "review_role": "positive",
        "class_hint": "castro_candidate",
        "country": "ES",
        "region": "Galicia",
        "province_or_district": "A Coruña",
        "municipality": "Negreira",
        "parish": "Ordoeste (Santa María)",
        "place": "Guimaráns",
        "name": "Castro de Guimaráns/Alto dos Castros",
        "source": "Xunta PBA Catálogo. Elementos (xuño 2026)",
        "source_quality": "official_catalogue_seed",
        "source_record_id": "14227",
        "source_code": "GA15007048",
        "typology": "Castro",
        "generic_type": "-",
        "periods": "",
        "positive_confidence": "high_official_typology",
        "morphology_proxy": "coastal_promontory_hint",
        "negative_type": "",
        "review_priority": "P0",
        "original_training_use": "positive_seed_requires_qgis_boundary_review",
        "auto_review_status": "auto_seeded_requires_visual_verification",
        "auto_decision": "selected_for_control_set_v1",
        "training_use": "exclude_until_visual_raster_verification",
        "generated_at": "2026-08-01T00:00:00Z",
        "proposed_radius_m": "150.0",
        "visual_ring_signal_score": "25.56",
        "visual_ring_signal_tier": "weak_centered_ring_signal",
        "visual_metric_eval_use": "include_visual_signal_metric_eval",
        "visual_autonomous_visual_decision": "positive_control_visual_signal_weak_followup",
        "visual_training_use": "exclude_until_independent_label_review",
        "visual_status": "ok",
        "visual_error": ""
      }
    },
    {
      "type": "Feature",
      "geometry": {
        "type": "Point",
        "coordinates": [
          -8.636935167914674,
          42.907853646062314
        ]
      },
      "properties": {
        "bank_id": "pos-es-pba-687",
        "review_seed_id": "review-pos-0084",
        "control_set_id": "control-v1-0026",
        "review_role": "positive",
        "class_hint": "castro_candidate",
        "country": "ES",
        "region": "Galicia",
        "province_or_district": "A Coruña",
        "municipality": "Ames",
        "parish": "Ameixenda (Santa María)",
        "place": "Vilar, O",
        "name": "Castro da ermida de San Marcos",
        "source": "Xunta PBA Catálogo. Elementos (xuño 2026)",
        "source_quality": "official_catalogue_seed",
        "source_record_id": "687",
        "source_code": "GA15002059",
        "typology": "",
        "generic_type": "-",
        "periods": "",
        "positive_confidence": "medium_official_name_or_type",
        "morphology_proxy": "coastal_promontory_hint",
        "negative_type": "",
        "review_priority": "P0",
        "original_training_use": "positive_seed_requires_qgis_boundary_review",
        "auto_review_status": "auto_seeded_requires_visual_verification",
        "auto_decision": "selected_for_control_set_v1",
        "training_use": "exclude_until_visual_raster_verification",
        "generated_at": "2026-08-01T00:00:00Z",
        "proposed_radius_m": "150.0",
        "visual_ring_signal_score": "25.30",
        "visual_ring_signal_tier": "weak_centered_ring_signal",
        "visual_metric_eval_use": "include_visual_signal_metric_eval",
        "visual_autonomous_visual_decision": "positive_control_visual_signal_weak_followup",
        "visual_training_use": "exclude_until_independent_label_review",
        "visual_status": "ok",
        "visual_error": ""
      }
    },
    {
      "type": "Feature",
      "geometry": {
        "type": "Point",
        "coordinates": [
          -8.345982051278382,
          43.16169870893086
        ]
      },
      "properties": {
        "bank_id": "pos-es-pba-112",
        "review_seed_id": "review-pos-0087",
        "control_set_id": "control-v1-0064",
        "review_role": "positive",
        "class_hint": "castro_candidate",
        "country": "ES",
        "region": "Galicia",
        "province_or_district": "A Coruña",
        "municipality": "Abegondo",
        "parish": "Vizoño (San Pedro)",
        "place": "Vilar, O",
        "name": "Castro Grande de Alcaiana",
        "source": "Xunta PBA Catálogo. Elementos (xuño 2026)",
        "source_quality": "official_catalogue_seed",
        "source_record_id": "112",
        "source_code": "GA15001013",
        "typology": "Asentamento fortificado/defensivo",
        "generic_type": "-",
        "periods": "",
        "positive_confidence": "medium_official_name_or_type",
        "morphology_proxy": "earthwork_or_wall_hint",
        "negative_type": "",
        "review_priority": "P0",
        "original_training_use": "positive_seed_requires_qgis_boundary_review",
        "auto_review_status": "auto_seeded_requires_visual_verification",
        "auto_decision": "selected_for_control_set_v1",
        "training_use": "exclude_until_visual_raster_verification",
        "generated_at": "2026-08-01T00:00:00Z",
        "proposed_radius_m": "130.0",
        "visual_ring_signal_score": "53.29",
        "visual_ring_signal_tier": "moderate_centered_ring_signal",
        "visual_metric_eval_use": "include_visual_signal_metric_eval",
        "visual_autonomous_visual_decision": "positive_control_visual_signal_moderate",
        "visual_training_use": "exclude_until_independent_label_review",
        "visual_status": "ok",
        "visual_error": ""
      }
    },
    {
      "type": "Feature",
      "geometry": {
        "type": "Point",
        "coordinates": [
          -7.792380788502746,
          42.78445098576675
        ]
      },
      "properties": {
        "bank_id": "pos-es-pba-35343",
        "review_seed_id": "review-pos-0099",
        "control_set_id": "control-v1-0072",
        "review_role": "positive",
        "class_hint": "castro_candidate",
        "country": "ES",
        "region": "Galicia",
        "province_or_district": "Lugo",
        "municipality": "Monterroso",
        "parish": "San Breixo (San Salvador)",
        "place": "Castro, O",
        "name": "Castro da Cotela",
        "source": "Xunta PBA Catálogo. Elementos (xuño 2026)",
        "source_quality": "official_catalogue_seed",
        "source_record_id": "35343",
        "source_code": "GA27032039",
        "typology": "Asentamento fortificado/defensivo",
        "generic_type": "-",
        "periods": "",
        "positive_confidence": "medium_official_name_or_type",
        "morphology_proxy": "earthwork_or_wall_hint",
        "negative_type": "",
        "review_priority": "P0",
        "original_training_use": "positive_seed_requires_qgis_boundary_review",
        "auto_review_status": "auto_seeded_requires_visual_verification",
        "auto_decision": "selected_for_control_set_v1",
        "training_use": "exclude_until_visual_raster_verification",
        "generated_at": "2026-08-01T00:00:00Z",
        "proposed_radius_m": "130.0",
        "visual_ring_signal_score": "33.58",
        "visual_ring_signal_tier": "weak_centered_ring_signal",
        "visual_metric_eval_use": "include_visual_signal_metric_eval",
        "visual_autonomous_visual_decision": "positive_control_visual_signal_weak_followup",
        "visual_training_use": "exclude_until_independent_label_review",
        "visual_status": "ok",
        "visual_error": ""
      }
    },
    {
      "type": "Feature",
      "geometry": {
        "type": "Point",
        "coordinates": [
          -7.257450858417286,
          41.95448303097479
        ]
      },
      "properties": {
        "bank_id": "pos-es-pba-56643",
        "review_seed_id": "review-pos-0110",
        "control_set_id": "control-v1-0075",
        "review_role": "positive",
        "class_hint": "castro_candidate",
        "country": "ES",
        "region": "Galicia",
        "province_or_district": "Ourense",
        "municipality": "Riós",
        "parish": "Progo (San Miguel)",
        "place": "Pousada",
        "name": "As Cabarquellas. Os Mouros. O Castro. As Murallas",
        "source": "Xunta PBA Catálogo. Elementos (xuño 2026)",
        "source_quality": "official_catalogue_seed",
        "source_record_id": "56643",
        "source_code": "GA32071014",
        "typology": "",
        "generic_type": "-",
        "periods": "",
        "positive_confidence": "medium_official_name_or_type",
        "morphology_proxy": "earthwork_or_wall_hint",
        "negative_type": "",
        "review_priority": "P0",
        "original_training_use": "positive_seed_requires_qgis_boundary_review",
        "auto_review_status": "auto_seeded_requires_visual_verification",
        "auto_decision": "selected_for_control_set_v1",
        "training_use": "exclude_until_visual_raster_verification",
        "generated_at": "2026-08-01T00:00:00Z",
        "proposed_radius_m": "130.0",
        "visual_ring_signal_score": "32.42",
        "visual_ring_signal_tier": "weak_centered_ring_signal",
        "visual_metric_eval_use": "include_visual_signal_metric_eval",
        "visual_autonomous_visual_decision": "positive_control_visual_signal_weak_followup",
        "visual_training_use": "exclude_until_independent_label_review",
        "visual_status": "ok",
        "visual_error": ""
      }
    },
    {
      "type": "Feature",
      "geometry": {
        "type": "Point",
        "coordinates": [
          -8.870150879042841,
          42.0350447939914
        ]
      },
      "properties": {
        "bank_id": "pos-es-pba-69291",
        "review_seed_id": "review-pos-0127",
        "control_set_id": "control-v1-0005",
        "review_role": "positive",
        "class_hint": "castro_candidate",
        "country": "ES",
        "region": "Galicia",
        "province_or_district": "Pontevedra",
        "municipality": "Oia",
        "parish": "Viladesuso (San Miguel)",
        "place": "Viladesuso",
        "name": "Castro de Cividade/Castro de Viladesuso",
        "source": "Xunta PBA Catálogo. Elementos (xuño 2026)",
        "source_quality": "official_catalogue_seed",
        "source_record_id": "69291",
        "source_code": "GA36036009",
        "typology": "Castro",
        "generic_type": "-",
        "periods": "",
        "positive_confidence": "high_official_typology",
        "morphology_proxy": "large_castrexo_civitas_hint",
        "negative_type": "",
        "review_priority": "P0",
        "original_training_use": "positive_seed_requires_qgis_boundary_review",
        "auto_review_status": "auto_seeded_requires_visual_verification",
        "auto_decision": "selected_for_control_set_v1",
        "training_use": "exclude_until_visual_raster_verification",
        "generated_at": "2026-08-01T00:00:00Z",
        "proposed_radius_m": "180.0",
        "visual_ring_signal_score": "25.89",
        "visual_ring_signal_tier": "weak_centered_ring_signal",
        "visual_metric_eval_use": "include_visual_signal_metric_eval",
        "visual_autonomous_visual_decision": "positive_control_visual_signal_weak_followup",
        "visual_training_use": "exclude_until_independent_label_review",
        "visual_status": "ok",
        "visual_error": ""
      }
    },
    {
      "type": "Feature",
      "geometry": {
        "type": "Point",
        "coordinates": [
          -8.429747845129045,
          41.54544202908791
        ]
      },
      "properties": {
        "bank_id": "pos-pt-dgpc-107516",
        "review_seed_id": "review-pos-0134",
        "control_set_id": "control-v1-0007",
        "review_role": "positive",
        "class_hint": "castro_candidate",
        "country": "PT",
        "region": "Norte de Portugal",
        "province_or_district": "Braga",
        "municipality": "Braga",
        "parish": "Braga (Maximinos, Sé e Cividade)",
        "place": "",
        "name": "Braga - Cividade",
        "source": "DGPC Portal do Arqueólogo Sitios_Arqueologicos",
        "source_quality": "official_catalogue_seed",
        "source_record_id": "107516",
        "source_code": "2730",
        "typology": "Povoado Fortificado",
        "generic_type": "",
        "periods": "Idade do Ferro;",
        "positive_confidence": "medium_official_name_or_type",
        "morphology_proxy": "large_castrexo_civitas_hint",
        "negative_type": "",
        "review_priority": "P0",
        "original_training_use": "positive_seed_requires_qgis_boundary_review",
        "auto_review_status": "auto_seeded_requires_visual_verification",
        "auto_decision": "selected_for_control_set_v1",
        "training_use": "exclude_until_visual_raster_verification",
        "generated_at": "2026-08-01T00:00:00Z",
        "proposed_radius_m": "180.0",
        "visual_ring_signal_score": "36.93",
        "visual_ring_signal_tier": "weak_centered_ring_signal",
        "visual_metric_eval_use": "include_visual_signal_metric_eval",
        "visual_autonomous_visual_decision": "positive_control_visual_signal_weak_followup",
        "visual_training_use": "exclude_until_independent_label_review",
        "visual_status": "ok",
        "visual_error": ""
      }
    },
    {
      "type": "Feature",
      "geometry": {
        "type": "Point",
        "coordinates": [
          -6.6005481259696435,
          41.81795848021611
        ]
      },
      "properties": {
        "bank_id": "pos-pt-dgpc-108740",
        "review_seed_id": "review-pos-0136",
        "control_set_id": "control-v1-0089",
        "review_role": "positive",
        "class_hint": "castro_candidate",
        "country": "PT",
        "region": "Norte de Portugal",
        "province_or_district": "Bragança",
        "municipality": "Bragança",
        "parish": "São Julião de Palácios e Deilão",
        "place": "",
        "name": "Caracuto do Castro",
        "source": "DGPC Portal do Arqueólogo Sitios_Arqueologicos",
        "source_quality": "official_catalogue_seed",
        "source_record_id": "108740",
        "source_code": "17588",
        "typology": "Povoado Fortificado",
        "generic_type": "",
        "periods": "Idade do Ferro;",
        "positive_confidence": "medium_official_name_or_type",
        "morphology_proxy": "earthwork_or_wall_hint",
        "negative_type": "",
        "review_priority": "P0",
        "original_training_use": "positive_seed_requires_qgis_boundary_review",
        "auto_review_status": "auto_seeded_requires_visual_verification",
        "auto_decision": "selected_for_control_set_v1",
        "training_use": "exclude_until_visual_raster_verification",
        "generated_at": "2026-08-01T00:00:00Z",
        "proposed_radius_m": "130.0",
        "visual_ring_signal_score": "10.90",
        "visual_ring_signal_tier": "weak_centered_ring_signal",
        "visual_metric_eval_use": "include_visual_signal_metric_eval",
        "visual_autonomous_visual_decision": "positive_control_visual_signal_weak_followup",
        "visual_training_use": "exclude_until_independent_label_review",
        "visual_status": "ok",
        "visual_error": ""
      }
    },
    {
      "type": "Feature",
      "geometry": {
        "type": "Point",
        "coordinates": [
          -8.721573628334125,
          41.41286323725535
        ]
      },
      "properties": {
        "bank_id": "pos-pt-dgpc-106725",
        "review_seed_id": "review-pos-0143",
        "control_set_id": "control-v1-0014",
        "review_role": "positive",
        "class_hint": "castro_candidate",
        "country": "PT",
        "region": "Norte de Portugal",
        "province_or_district": "Porto",
        "municipality": "Póvoa do Varzim",
        "parish": "Aver-o-mar, Amorim eTerroso",
        "place": "",
        "name": "Cividade de Terroso",
        "source": "DGPC Portal do Arqueólogo Sitios_Arqueologicos",
        "source_quality": "official_catalogue_seed",
        "source_record_id": "106725",
        "source_code": "27",
        "typology": "Povoado Fortificado",
        "generic_type": "",
        "periods": "Idade do Ferro;",
        "positive_confidence": "medium_official_name_or_type",
        "morphology_proxy": "large_castrexo_civitas_hint",
        "negative_type": "",
        "review_priority": "P0",
        "original_training_use": "positive_seed_requires_qgis_boundary_review",
        "auto_review_status": "auto_seeded_requires_visual_verification",
        "auto_decision": "selected_for_control_set_v1",
        "training_use": "exclude_until_visual_raster_verification",
        "generated_at": "2026-08-01T00:00:00Z",
        "proposed_radius_m": "180.0",
        "visual_ring_signal_score": "24.93",
        "visual_ring_signal_tier": "weak_centered_ring_signal",
        "visual_metric_eval_use": "include_visual_signal_metric_eval",
        "visual_autonomous_visual_decision": "positive_control_visual_signal_weak_followup",
        "visual_training_use": "exclude_until_independent_label_review",
        "visual_status": "ok",
        "visual_error": ""
      }
    },
    {
      "type": "Feature",
      "geometry": {
        "type": "Point",
        "coordinates": [
          -8.83548341750965,
          41.70483909790075
        ]
      },
      "properties": {
        "bank_id": "pos-pt-dgpc-109676",
        "review_seed_id": "review-pos-0147",
        "control_set_id": "control-v1-0017",
        "review_role": "positive",
        "class_hint": "castro_candidate",
        "country": "PT",
        "region": "Norte de Portugal",
        "province_or_district": "Viana do Castelo",
        "municipality": "Viana do Castelo",
        "parish": "Areosa",
        "place": "",
        "name": "Citânia de Santa Luzia",
        "source": "DGPC Portal do Arqueólogo Sitios_Arqueologicos",
        "source_quality": "official_catalogue_seed",
        "source_record_id": "109676",
        "source_code": "243",
        "typology": "Povoado Fortificado",
        "generic_type": "",
        "periods": "Romano;Idade do Ferro;",
        "positive_confidence": "medium_official_name_or_type",
        "morphology_proxy": "large_castrexo_civitas_hint",
        "negative_type": "",
        "review_priority": "P0",
        "original_training_use": "positive_seed_requires_qgis_boundary_review",
        "auto_review_status": "auto_seeded_requires_visual_verification",
        "auto_decision": "selected_for_control_set_v1",
        "training_use": "exclude_until_visual_raster_verification",
        "generated_at": "2026-08-01T00:00:00Z",
        "proposed_radius_m": "180.0",
        "visual_ring_signal_score": "40.64",
        "visual_ring_signal_tier": "weak_centered_ring_signal",
        "visual_metric_eval_use": "include_visual_signal_metric_eval",
        "visual_autonomous_visual_decision": "positive_control_visual_signal_weak_followup",
        "visual_training_use": "exclude_until_independent_label_review",
        "visual_status": "ok",
        "visual_error": ""
      }
    },
    {
      "type": "Feature",
      "geometry": {
        "type": "Point",
        "coordinates": [
          -7.304598226517649,
          41.66889478984631
        ]
      },
      "properties": {
        "bank_id": "pos-pt-dgpc-109003",
        "review_seed_id": "review-pos-0151",
        "control_set_id": "control-v1-0023",
        "review_role": "positive",
        "class_hint": "castro_candidate",
        "country": "PT",
        "region": "Norte de Portugal",
        "province_or_district": "Vila Real",
        "municipality": "Valpaços",
        "parish": "Vilarandelo",
        "place": "",
        "name": "Cividade",
        "source": "DGPC Portal do Arqueólogo Sitios_Arqueologicos",
        "source_quality": "official_catalogue_seed",
        "source_record_id": "109003",
        "source_code": "14232",
        "typology": "Habitat",
        "generic_type": "",
        "periods": "Romano;",
        "positive_confidence": "medium_official_name_or_type",
        "morphology_proxy": "large_castrexo_civitas_hint",
        "negative_type": "",
        "review_priority": "P0",
        "original_training_use": "positive_seed_requires_qgis_boundary_review",
        "auto_review_status": "auto_seeded_requires_visual_verification",
        "auto_decision": "selected_for_control_set_v1",
        "training_use": "exclude_until_visual_raster_verification",
        "generated_at": "2026-08-01T00:00:00Z",
        "proposed_radius_m": "180.0",
        "visual_ring_signal_score": "23.20",
        "visual_ring_signal_tier": "weak_centered_ring_signal",
        "visual_metric_eval_use": "include_visual_signal_metric_eval",
        "visual_autonomous_visual_decision": "positive_control_visual_signal_weak_followup",
        "visual_training_use": "exclude_until_independent_label_review",
        "visual_status": "ok",
        "visual_error": ""
      }
    },
    {
      "type": "Feature",
      "geometry": {
        "type": "Point",
        "coordinates": [
          -8.31830696844109,
          43.40101205296719
        ]
      },
      "properties": {
        "bank_id": "pos-es-pba-15425",
        "review_seed_id": "review-pos-0153",
        "control_set_id": "control-v1-0047",
        "review_role": "positive",
        "class_hint": "castro_candidate",
        "country": "ES",
        "region": "Galicia",
        "province_or_district": "A Coruña",
        "municipality": "Oleiros",
        "parish": "Dexo (Santa María)",
        "place": "Portelo",
        "name": "Castro de Punta Roza",
        "source": "Xunta PBA Catálogo. Elementos (xuño 2026)",
        "source_quality": "official_catalogue_seed",
        "source_record_id": "15425",
        "source_code": "GA15058001",
        "typology": "Castro",
        "generic_type": "-",
        "periods": "",
        "positive_confidence": "high_official_typology",
        "morphology_proxy": "coastal_promontory_hint",
        "negative_type": "",
        "review_priority": "P0",
        "original_training_use": "positive_seed_requires_qgis_boundary_review",
        "auto_review_status": "auto_seeded_requires_visual_verification",
        "auto_decision": "selected_for_control_set_v1",
        "training_use": "exclude_until_visual_raster_verification",
        "generated_at": "2026-08-01T00:00:00Z",
        "proposed_radius_m": "150.0",
        "visual_ring_signal_score": "20.71",
        "visual_ring_signal_tier": "weak_centered_ring_signal",
        "visual_metric_eval_use": "include_visual_signal_metric_eval",
        "visual_autonomous_visual_decision": "positive_control_visual_signal_weak_followup",
        "visual_training_use": "exclude_until_independent_label_review",
        "visual_status": "ok",
        "visual_error": ""
      }
    },
    {
      "type": "Feature",
      "geometry": {
        "type": "Point",
        "coordinates": [
          -8.215345244214484,
          43.419705011173555
        ]
      },
      "properties": {
        "bank_id": "pos-es-pba-1862",
        "review_seed_id": "review-pos-0154",
        "control_set_id": "control-v1-0027",
        "review_role": "positive",
        "class_hint": "castro_candidate",
        "country": "ES",
        "region": "Galicia",
        "province_or_district": "A Coruña",
        "municipality": "Ares",
        "parish": "Caamouco (San Vicente)",
        "place": "Raso, O",
        "name": "Castro de Punta Mourón ou Punta Caamouco",
        "source": "Xunta PBA Catálogo. Elementos (xuño 2026)",
        "source_quality": "official_catalogue_seed",
        "source_record_id": "1862",
        "source_code": "GA15004002",
        "typology": "Asentamento fortificado",
        "generic_type": "-",
        "periods": "",
        "positive_confidence": "medium_official_name_or_type",
        "morphology_proxy": "coastal_promontory_hint",
        "negative_type": "",
        "review_priority": "P0",
        "original_training_use": "positive_seed_requires_qgis_boundary_review",
        "auto_review_status": "auto_seeded_requires_visual_verification",
        "auto_decision": "selected_for_control_set_v1",
        "training_use": "exclude_until_visual_raster_verification",
        "generated_at": "2026-08-01T00:00:00Z",
        "proposed_radius_m": "150.0",
        "visual_ring_signal_score": "53.35",
        "visual_ring_signal_tier": "moderate_centered_ring_signal",
        "visual_metric_eval_use": "include_visual_signal_metric_eval",
        "visual_autonomous_visual_decision": "positive_control_visual_signal_moderate",
        "visual_training_use": "exclude_until_independent_label_review",
        "visual_status": "ok",
        "visual_error": ""
      }
    },
    {
      "type": "Feature",
      "geometry": {
        "type": "Point",
        "coordinates": [
          -7.404198076529043,
          42.57935367992121
        ]
      },
      "properties": {
        "bank_id": "pos-es-pba-38457",
        "review_seed_id": "review-pos-0164",
        "control_set_id": "control-v1-0052",
        "review_role": "positive",
        "class_hint": "castro_candidate",
        "country": "ES",
        "region": "Galicia",
        "province_or_district": "Lugo",
        "municipality": "A Pobra do Brollón",
        "parish": "Castrosante (Santa Mariña)",
        "place": "Castrosante",
        "name": "Castro de Santa Mariña/Castrosante",
        "source": "Xunta PBA Catálogo. Elementos (xuño 2026)",
        "source_quality": "official_catalogue_seed",
        "source_record_id": "38457",
        "source_code": "GA27047017",
        "typology": "Castro",
        "generic_type": "-",
        "periods": "",
        "positive_confidence": "high_official_typology",
        "morphology_proxy": "coastal_promontory_hint",
        "negative_type": "",
        "review_priority": "P0",
        "original_training_use": "positive_seed_requires_qgis_boundary_review",
        "auto_review_status": "auto_seeded_requires_visual_verification",
        "auto_decision": "selected_for_control_set_v1",
        "training_use": "exclude_until_visual_raster_verification",
        "generated_at": "2026-08-01T00:00:00Z",
        "proposed_radius_m": "150.0",
        "visual_ring_signal_score": "75.79",
        "visual_ring_signal_tier": "strong_centered_ring_signal",
        "visual_metric_eval_use": "include_visual_signal_metric_eval",
        "visual_autonomous_visual_decision": "positive_control_visual_signal_strong",
        "visual_training_use": "exclude_until_independent_label_review",
        "visual_status": "ok",
        "visual_error": ""
      }
    },
    {
      "type": "Feature",
      "geometry": {
        "type": "Point",
        "coordinates": [
          -7.674461082553238,
          43.06454483352999
        ]
      },
      "properties": {
        "bank_id": "pos-es-pba-36112",
        "review_seed_id": "review-pos-0168",
        "control_set_id": "control-v1-0073",
        "review_role": "positive",
        "class_hint": "castro_candidate",
        "country": "ES",
        "region": "Galicia",
        "province_or_district": "Lugo",
        "municipality": "Outeiro de Rei",
        "parish": "Parada (San Xoán)",
        "place": "Trollos",
        "name": "Castro do Pazo",
        "source": "Xunta PBA Catálogo. Elementos (xuño 2026)",
        "source_quality": "official_catalogue_seed",
        "source_record_id": "36112",
        "source_code": "GA27039066",
        "typology": "Asentamento fortificado/defensivo",
        "generic_type": "-",
        "periods": "",
        "positive_confidence": "medium_official_name_or_type",
        "morphology_proxy": "earthwork_or_wall_hint",
        "negative_type": "",
        "review_priority": "P0",
        "original_training_use": "positive_seed_requires_qgis_boundary_review",
        "auto_review_status": "auto_seeded_requires_visual_verification",
        "auto_decision": "selected_for_control_set_v1",
        "training_use": "exclude_until_visual_raster_verification",
        "generated_at": "2026-08-01T00:00:00Z",
        "proposed_radius_m": "130.0",
        "visual_ring_signal_score": "47.76",
        "visual_ring_signal_tier": "moderate_centered_ring_signal",
        "visual_metric_eval_use": "include_visual_signal_metric_eval",
        "visual_autonomous_visual_decision": "positive_control_visual_signal_moderate",
        "visual_training_use": "exclude_until_independent_label_review",
        "visual_status": "ok",
        "visual_error": ""
      }
    },
    {
      "type": "Feature",
      "geometry": {
        "type": "Point",
        "coordinates": [
          -8.429387482144868,
          41.54526288820978
        ]
      },
      "properties": {
        "bank_id": "pos-pt-dgpc-107515",
        "review_seed_id": "review-pos-0197",
        "control_set_id": "control-v1-0020",
        "review_role": "positive",
        "class_hint": "castro_candidate",
        "country": "PT",
        "region": "Norte de Portugal",
        "province_or_district": "Braga",
        "municipality": "Braga",
        "parish": "Braga (Maximinos, Sé e Cividade)",
        "place": "",
        "name": "Braga - Cividade de Baixo",
        "source": "DGPC Portal do Arqueólogo Sitios_Arqueologicos",
        "source_quality": "official_catalogue_seed",
        "source_record_id": "107515",
        "source_code": "11862",
        "typology": "Edifício",
        "generic_type": "",
        "periods": "Romano;",
        "positive_confidence": "medium_official_name_or_type",
        "morphology_proxy": "large_castrexo_civitas_hint",
        "negative_type": "",
        "review_priority": "P0",
        "original_training_use": "positive_seed_requires_qgis_boundary_review",
        "auto_review_status": "auto_seeded_requires_visual_verification",
        "auto_decision": "selected_for_control_set_v1",
        "training_use": "exclude_until_visual_raster_verification",
        "generated_at": "2026-08-01T00:00:00Z",
        "proposed_radius_m": "180.0",
        "visual_ring_signal_score": "31.84",
        "visual_ring_signal_tier": "weak_centered_ring_signal",
        "visual_metric_eval_use": "include_visual_signal_metric_eval",
        "visual_autonomous_visual_decision": "positive_control_visual_signal_weak_followup",
        "visual_training_use": "exclude_until_independent_label_review",
        "visual_status": "ok",
        "visual_error": ""
      }
    },
    {
      "type": "Feature",
      "geometry": {
        "type": "Point",
        "coordinates": [
          -8.655557438082585,
          41.383649713653774
        ]
      },
      "properties": {
        "bank_id": "pos-pt-dgpc-107033",
        "review_seed_id": "review-pos-0205",
        "control_set_id": "control-v1-0015",
        "review_role": "positive",
        "class_hint": "castro_candidate",
        "country": "PT",
        "region": "Norte de Portugal",
        "province_or_district": "Porto",
        "municipality": "Vila do Conde",
        "parish": "Bagunte, Ferreiró, Outeiro Maior e Parada",
        "place": "",
        "name": "Castro de Bagunte/ Monte da Cividade/ Cividade de Bagunte",
        "source": "DGPC Portal do Arqueólogo Sitios_Arqueologicos",
        "source_quality": "official_catalogue_seed",
        "source_record_id": "107033",
        "source_code": "184",
        "typology": "Povoado Fortificado",
        "generic_type": "",
        "periods": "Idade do Ferro;Romano;Idade do Bronze;",
        "positive_confidence": "medium_official_name_or_type",
        "morphology_proxy": "large_castrexo_civitas_hint",
        "negative_type": "",
        "review_priority": "P0",
        "original_training_use": "positive_seed_requires_qgis_boundary_review",
        "auto_review_status": "auto_seeded_requires_visual_verification",
        "auto_decision": "selected_for_control_set_v1",
        "training_use": "exclude_until_visual_raster_verification",
        "generated_at": "2026-08-01T00:00:00Z",
        "proposed_radius_m": "180.0",
        "visual_ring_signal_score": "27.52",
        "visual_ring_signal_tier": "weak_centered_ring_signal",
        "visual_metric_eval_use": "include_visual_signal_metric_eval",
        "visual_autonomous_visual_decision": "positive_control_visual_signal_weak_followup",
        "visual_training_use": "exclude_until_independent_label_review",
        "visual_status": "ok",
        "visual_error": ""
      }
    },
    {
      "type": "Feature",
      "geometry": {
        "type": "Point",
        "coordinates": [
          -8.854901932980411,
          41.78664831471218
        ]
      },
      "properties": {
        "bank_id": "pos-pt-dgpc-109989",
        "review_seed_id": "review-pos-0209",
        "control_set_id": "control-v1-0022",
        "review_role": "positive",
        "class_hint": "castro_candidate",
        "country": "PT",
        "region": "Norte de Portugal",
        "province_or_district": "Viana do Castelo",
        "municipality": "Viana do Castelo",
        "parish": "Afife",
        "place": "",
        "name": "Cividade de Âncora",
        "source": "DGPC Portal do Arqueólogo Sitios_Arqueologicos",
        "source_quality": "official_catalogue_seed",
        "source_record_id": "109989",
        "source_code": "11",
        "typology": "Povoado Fortificado",
        "generic_type": "",
        "periods": "Romano;Idade do Ferro;",
        "positive_confidence": "medium_official_name_or_type",
        "morphology_proxy": "large_castrexo_civitas_hint",
        "negative_type": "",
        "review_priority": "P0",
        "original_training_use": "positive_seed_requires_qgis_boundary_review",
        "auto_review_status": "auto_seeded_requires_visual_verification",
        "auto_decision": "selected_for_control_set_v1",
        "training_use": "exclude_until_visual_raster_verification",
        "generated_at": "2026-08-01T00:00:00Z",
        "proposed_radius_m": "180.0",
        "visual_ring_signal_score": "17.06",
        "visual_ring_signal_tier": "weak_centered_ring_signal",
        "visual_metric_eval_use": "include_visual_signal_metric_eval",
        "visual_autonomous_visual_decision": "positive_control_visual_signal_weak_followup",
        "visual_training_use": "exclude_until_independent_label_review",
        "visual_status": "ok",
        "visual_error": ""
      }
    },
    {
      "type": "Feature",
      "geometry": {
        "type": "Point",
        "coordinates": [
          -8.147683735016127,
          43.62230830936563
        ]
      },
      "properties": {
        "bank_id": "pos-es-pba-24674",
        "review_seed_id": "review-pos-0214",
        "control_set_id": "control-v1-0050",
        "review_role": "positive",
        "class_hint": "castro_candidate",
        "country": "ES",
        "region": "Galicia",
        "province_or_district": "A Coruña",
        "municipality": "Valdoviño",
        "parish": "Valdoviño (Santaia)",
        "place": "Ladeira, A",
        "name": "Castro da Punta do Vico",
        "source": "Xunta PBA Catálogo. Elementos (xuño 2026)",
        "source_quality": "official_catalogue_seed",
        "source_record_id": "24674",
        "source_code": "GA15087022",
        "typology": "Castro",
        "generic_type": "-",
        "periods": "",
        "positive_confidence": "high_official_typology",
        "morphology_proxy": "coastal_promontory_hint",
        "negative_type": "",
        "review_priority": "P0",
        "original_training_use": "positive_seed_requires_qgis_boundary_review",
        "auto_review_status": "auto_seeded_requires_visual_verification",
        "auto_decision": "selected_for_control_set_v1",
        "training_use": "exclude_until_visual_raster_verification",
        "generated_at": "2026-08-01T00:00:00Z",
        "proposed_radius_m": "150.0",
        "visual_ring_signal_score": "16.88",
        "visual_ring_signal_tier": "weak_centered_ring_signal",
        "visual_metric_eval_use": "include_visual_signal_metric_eval",
        "visual_autonomous_visual_decision": "positive_control_visual_signal_weak_followup",
        "visual_training_use": "exclude_until_independent_label_review",
        "visual_status": "ok",
        "visual_error": ""
      }
    },
    {
      "type": "Feature",
      "geometry": {
        "type": "Point",
        "coordinates": [
          -7.943815872238992,
          42.81667198614444
        ]
      },
      "properties": {
        "bank_id": "pos-es-pba-27022",
        "review_seed_id": "review-pos-0225",
        "control_set_id": "control-v1-0053",
        "review_role": "positive",
        "class_hint": "castro_candidate",
        "country": "ES",
        "region": "Galicia",
        "province_or_district": "Lugo",
        "municipality": "Antas de Ulla",
        "parish": "Santa Mariña do Castro de Amarante (Santa Mariña)",
        "place": "Coto, O",
        "name": "Castro de Santa Mariña",
        "source": "Xunta PBA Catálogo. Elementos (xuño 2026)",
        "source_quality": "official_catalogue_seed",
        "source_record_id": "27022",
        "source_code": "GA27003024",
        "typology": "Castro",
        "generic_type": "-",
        "periods": "",
        "positive_confidence": "high_official_typology",
        "morphology_proxy": "coastal_promontory_hint",
        "negative_type": "",
        "review_priority": "P0",
        "original_training_use": "positive_seed_requires_qgis_boundary_review",
        "auto_review_status": "auto_seeded_requires_visual_verification",
        "auto_decision": "selected_for_control_set_v1",
        "training_use": "exclude_until_visual_raster_verification",
        "generated_at": "2026-08-01T00:00:00Z",
        "proposed_radius_m": "150.0",
        "visual_ring_signal_score": "47.10",
        "visual_ring_signal_tier": "moderate_centered_ring_signal",
        "visual_metric_eval_use": "include_visual_signal_metric_eval",
        "visual_autonomous_visual_decision": "positive_control_visual_signal_moderate",
        "visual_training_use": "exclude_until_independent_label_review",
        "visual_status": "ok",
        "visual_error": ""
      }
    },
    {
      "type": "Feature",
      "geometry": {
        "type": "Point",
        "coordinates": [
          -8.429089023324988,
          41.54609898557247
        ]
      },
      "properties": {
        "bank_id": "pos-pt-dgpc-107539",
        "review_seed_id": "review-pos-0257",
        "control_set_id": "control-v1-0024",
        "review_role": "positive",
        "class_hint": "castro_candidate",
        "country": "PT",
        "region": "Norte de Portugal",
        "province_or_district": "Braga",
        "municipality": "Braga",
        "parish": "Braga (Maximinos, Sé e Cividade)",
        "place": "",
        "name": "Braga - Termas Romanas de Maximinos/ Alto da Cividade/ Colina de Maximinos",
        "source": "DGPC Portal do Arqueólogo Sitios_Arqueologicos",
        "source_quality": "official_catalogue_seed",
        "source_record_id": "107539",
        "source_code": "5055",
        "typology": "Termas",
        "generic_type": "",
        "periods": "Romano, Baixo Império;Romano;",
        "positive_confidence": "medium_official_name_or_type",
        "morphology_proxy": "large_castrexo_civitas_hint",
        "negative_type": "",
        "review_priority": "P0",
        "original_training_use": "positive_seed_requires_qgis_boundary_review",
        "auto_review_status": "auto_seeded_requires_visual_verification",
        "auto_decision": "selected_for_control_set_v1",
        "training_use": "exclude_until_visual_raster_verification",
        "generated_at": "2026-08-01T00:00:00Z",
        "proposed_radius_m": "180.0",
        "visual_ring_signal_score": "25.94",
        "visual_ring_signal_tier": "weak_centered_ring_signal",
        "visual_metric_eval_use": "include_visual_signal_metric_eval",
        "visual_autonomous_visual_decision": "positive_control_visual_signal_weak_followup",
        "visual_training_use": "exclude_until_independent_label_review",
        "visual_status": "ok",
        "visual_error": ""
      }
    },
    {
      "type": "Feature",
      "geometry": {
        "type": "Point",
        "coordinates": [
          -8.216724020541195,
          41.31889881965584
        ]
      },
      "properties": {
        "bank_id": "pos-pt-dgpc-106386",
        "review_seed_id": "review-pos-0261",
        "control_set_id": "control-v1-0097",
        "review_role": "positive",
        "class_hint": "castro_candidate",
        "country": "PT",
        "region": "Norte de Portugal",
        "province_or_district": "Porto",
        "municipality": "Felgueiras",
        "parish": "Pedreira, Rande e Sernande",
        "place": "",
        "name": "Castro da Pedreira",
        "source": "DGPC Portal do Arqueólogo Sitios_Arqueologicos",
        "source_quality": "official_catalogue_seed",
        "source_record_id": "106386",
        "source_code": "16191",
        "typology": "Povoado Fortificado",
        "generic_type": "",
        "periods": "Idade do Ferro;",
        "positive_confidence": "medium_official_name_or_type",
        "morphology_proxy": "earthwork_or_wall_hint",
        "negative_type": "",
        "review_priority": "P0",
        "original_training_use": "positive_seed_requires_qgis_boundary_review",
        "auto_review_status": "auto_seeded_requires_visual_verification",
        "auto_decision": "selected_for_control_set_v1",
        "training_use": "exclude_until_visual_raster_verification",
        "generated_at": "2026-08-01T00:00:00Z",
        "proposed_radius_m": "130.0",
        "visual_ring_signal_score": "40.39",
        "visual_ring_signal_tier": "weak_centered_ring_signal",
        "visual_metric_eval_use": "include_visual_signal_metric_eval",
        "visual_autonomous_visual_decision": "positive_control_visual_signal_weak_followup",
        "visual_training_use": "exclude_until_independent_label_review",
        "visual_status": "ok",
        "visual_error": ""
      }
    },
    {
      "type": "Feature",
      "geometry": {
        "type": "Point",
        "coordinates": [
          -8.680714804091183,
          41.95587952682349
        ]
      },
      "properties": {
        "bank_id": "pos-pt-dgpc-108502",
        "review_seed_id": "review-pos-0266",
        "control_set_id": "control-v1-0018",
        "review_role": "positive",
        "class_hint": "castro_candidate",
        "country": "PT",
        "region": "Norte de Portugal",
        "province_or_district": "Viana do Castelo",
        "municipality": "Vila Nova de Cerveira",
        "parish": "Cornes",
        "place": "",
        "name": "Cividade de Cornes",
        "source": "DGPC Portal do Arqueólogo Sitios_Arqueologicos",
        "source_quality": "official_catalogue_seed",
        "source_record_id": "108502",
        "source_code": "3428",
        "typology": "Povoado Fortificado",
        "generic_type": "",
        "periods": "Idade do Ferro;",
        "positive_confidence": "medium_official_name_or_type",
        "morphology_proxy": "large_castrexo_civitas_hint",
        "negative_type": "",
        "review_priority": "P0",
        "original_training_use": "positive_seed_requires_qgis_boundary_review",
        "auto_review_status": "auto_seeded_requires_visual_verification",
        "auto_decision": "selected_for_control_set_v1",
        "training_use": "exclude_until_visual_raster_verification",
        "generated_at": "2026-08-01T00:00:00Z",
        "proposed_radius_m": "180.0",
        "visual_ring_signal_score": "41.43",
        "visual_ring_signal_tier": "weak_centered_ring_signal",
        "visual_metric_eval_use": "include_visual_signal_metric_eval",
        "visual_autonomous_visual_decision": "positive_control_visual_signal_weak_followup",
        "visual_training_use": "exclude_until_independent_label_review",
        "visual_status": "ok",
        "visual_error": ""
      }
    },
    {
      "type": "Feature",
      "geometry": {
        "type": "Point",
        "coordinates": [
          -8.49893539776194,
          43.3533394236003
        ]
      },
      "properties": {
        "bank_id": "pos-es-pba-1722",
        "review_seed_id": "review-pos-0272",
        "control_set_id": "control-v1-0028",
        "review_role": "positive",
        "class_hint": "castro_candidate",
        "country": "ES",
        "region": "Galicia",
        "province_or_district": "A Coruña",
        "municipality": "Arteixo",
        "parish": "Suevos (San Martiño)",
        "place": "Areás, Os",
        "name": "Castro do Cabo Cociñadoiro",
        "source": "Xunta PBA Catálogo. Elementos (xuño 2026)",
        "source_quality": "official_catalogue_seed",
        "source_record_id": "1722",
        "source_code": "GA15005003",
        "typology": "",
        "generic_type": "-",
        "periods": "",
        "positive_confidence": "medium_official_name_or_type",
        "morphology_proxy": "coastal_promontory_hint",
        "negative_type": "",
        "review_priority": "P0",
        "original_training_use": "positive_seed_requires_qgis_boundary_review",
        "auto_review_status": "auto_seeded_requires_visual_verification",
        "auto_decision": "selected_for_control_set_v1",
        "training_use": "exclude_until_visual_raster_verification",
        "generated_at": "2026-08-01T00:00:00Z",
        "proposed_radius_m": "150.0",
        "visual_ring_signal_score": "26.20",
        "visual_ring_signal_tier": "weak_centered_ring_signal",
        "visual_metric_eval_use": "include_visual_signal_metric_eval",
        "visual_autonomous_visual_decision": "positive_control_visual_signal_weak_followup",
        "visual_training_use": "exclude_until_independent_label_review",
        "visual_status": "ok",
        "visual_error": ""
      }
    },
    {
      "type": "Feature",
      "geometry": {
        "type": "Point",
        "coordinates": [
          -7.202031945388303,
          43.56144384275869
        ]
      },
      "properties": {
        "bank_id": "pos-es-pba-28585",
        "review_seed_id": "review-pos-0281",
        "control_set_id": "control-v1-0054",
        "review_role": "positive",
        "class_hint": "castro_candidate",
        "country": "ES",
        "region": "Galicia",
        "province_or_district": "Lugo",
        "municipality": "Barreiros",
        "parish": "San Pedro de Benquerencia (San Pedro)",
        "place": "A Abalea",
        "name": "Castro de Punta de San Pedro",
        "source": "Xunta PBA Catálogo. Elementos (xuño 2026)",
        "source_quality": "official_catalogue_seed",
        "source_record_id": "28585",
        "source_code": "GA27005001",
        "typology": "Castro",
        "generic_type": "-",
        "periods": "",
        "positive_confidence": "high_official_typology",
        "morphology_proxy": "coastal_promontory_hint",
        "negative_type": "",
        "review_priority": "P0",
        "original_training_use": "positive_seed_requires_qgis_boundary_review",
        "auto_review_status": "auto_seeded_requires_visual_verification",
        "auto_decision": "selected_for_control_set_v1",
        "training_use": "exclude_until_visual_raster_verification",
        "generated_at": "2026-08-01T00:00:00Z",
        "proposed_radius_m": "150.0",
        "visual_ring_signal_score": "52.65",
        "visual_ring_signal_tier": "moderate_centered_ring_signal",
        "visual_metric_eval_use": "include_visual_signal_metric_eval",
        "visual_autonomous_visual_decision": "positive_control_visual_signal_moderate",
        "visual_training_use": "exclude_until_independent_label_review",
        "visual_status": "ok",
        "visual_error": ""
      }
    },
    {
      "type": "Feature",
      "geometry": {
        "type": "Point",
        "coordinates": [
          -7.95697555474579,
          41.534888056729386
        ]
      },
      "properties": {
        "bank_id": "pos-pt-dgpc-107461",
        "review_seed_id": "review-pos-0311",
        "control_set_id": "control-v1-0008",
        "review_role": "positive",
        "class_hint": "castro_candidate",
        "country": "PT",
        "region": "Norte de Portugal",
        "province_or_district": "Braga",
        "municipality": "Cabeceiras de Basto",
        "parish": "Rio Douro",
        "place": "",
        "name": "Outeiro dos Moiros / Cividade de Chacim",
        "source": "DGPC Portal do Arqueólogo Sitios_Arqueologicos",
        "source_quality": "official_catalogue_seed",
        "source_record_id": "107461",
        "source_code": "25",
        "typology": "Povoado",
        "generic_type": "",
        "periods": "Alta Idade Média;Idade do Ferro",
        "positive_confidence": "medium_official_name_or_type",
        "morphology_proxy": "large_castrexo_civitas_hint",
        "negative_type": "",
        "review_priority": "P0",
        "original_training_use": "positive_seed_requires_qgis_boundary_review",
        "auto_review_status": "auto_seeded_requires_visual_verification",
        "auto_decision": "selected_for_control_set_v1",
        "training_use": "exclude_until_visual_raster_verification",
        "generated_at": "2026-08-01T00:00:00Z",
        "proposed_radius_m": "180.0",
        "visual_ring_signal_score": "36.86",
        "visual_ring_signal_tier": "weak_centered_ring_signal",
        "visual_metric_eval_use": "include_visual_signal_metric_eval",
        "visual_autonomous_visual_decision": "positive_control_visual_signal_weak_followup",
        "visual_training_use": "exclude_until_independent_label_review",
        "visual_status": "ok",
        "visual_error": ""
      }
    },
    {
      "type": "Feature",
      "geometry": {
        "type": "Point",
        "coordinates": [
          -8.155592752906083,
          42.89258400171647
        ]
      },
      "properties": {
        "bank_id": "pos-es-pba-2042",
        "review_seed_id": "review-pos-0323",
        "control_set_id": "control-v1-0029",
        "review_role": "positive",
        "class_hint": "castro_candidate",
        "country": "ES",
        "region": "Galicia",
        "province_or_district": "A Coruña",
        "municipality": "Arzúa",
        "parish": "Maroxo (Santa María)",
        "place": "Maroxo",
        "name": "A Roda do Castro de Maroxo",
        "source": "Xunta PBA Catálogo. Elementos (xuño 2026)",
        "source_quality": "official_catalogue_seed",
        "source_record_id": "2042",
        "source_code": "GA15006024",
        "typology": "",
        "generic_type": "-",
        "periods": "",
        "positive_confidence": "medium_official_name_or_type",
        "morphology_proxy": "coastal_promontory_hint",
        "negative_type": "",
        "review_priority": "P0",
        "original_training_use": "positive_seed_requires_qgis_boundary_review",
        "auto_review_status": "auto_seeded_requires_visual_verification",
        "auto_decision": "selected_for_control_set_v1",
        "training_use": "exclude_until_visual_raster_verification",
        "generated_at": "2026-08-01T00:00:00Z",
        "proposed_radius_m": "150.0",
        "visual_ring_signal_score": "27.94",
        "visual_ring_signal_tier": "weak_centered_ring_signal",
        "visual_metric_eval_use": "include_visual_signal_metric_eval",
        "visual_autonomous_visual_decision": "positive_control_visual_signal_weak_followup",
        "visual_training_use": "exclude_until_independent_label_review",
        "visual_status": "ok",
        "visual_error": ""
      }
    },
    {
      "type": "Feature",
      "geometry": {
        "type": "Point",
        "coordinates": [
          -8.617935115477943,
          41.62898475335738
        ]
      },
      "properties": {
        "bank_id": "pos-pt-dgpc-109384",
        "review_seed_id": "review-pos-0357",
        "control_set_id": "control-v1-0078",
        "review_role": "positive",
        "class_hint": "castro_candidate",
        "country": "PT",
        "region": "Norte de Portugal",
        "province_or_district": "Braga",
        "municipality": "Barcelos",
        "parish": "Cossourado",
        "place": "",
        "name": "Castro de São Simão",
        "source": "DGPC Portal do Arqueólogo Sitios_Arqueologicos",
        "source_quality": "official_catalogue_seed",
        "source_record_id": "109384",
        "source_code": "19170",
        "typology": "Povoado Fortificado",
        "generic_type": "",
        "periods": "Idade do Ferro;",
        "positive_confidence": "medium_official_name_or_type",
        "morphology_proxy": "earthwork_or_wall_hint",
        "negative_type": "",
        "review_priority": "P0",
        "original_training_use": "positive_seed_requires_qgis_boundary_review",
        "auto_review_status": "auto_seeded_requires_visual_verification",
        "auto_decision": "selected_for_control_set_v1",
        "training_use": "exclude_until_visual_raster_verification",
        "generated_at": "2026-08-01T00:00:00Z",
        "proposed_radius_m": "130.0",
        "visual_ring_signal_score": "14.79",
        "visual_ring_signal_tier": "weak_centered_ring_signal",
        "visual_metric_eval_use": "include_visual_signal_metric_eval",
        "visual_autonomous_visual_decision": "positive_control_visual_signal_weak_followup",
        "visual_training_use": "exclude_until_independent_label_review",
        "visual_status": "ok",
        "visual_error": ""
      }
    },
    {
      "type": "Feature",
      "geometry": {
        "type": "Point",
        "coordinates": [
          -8.776873904372353,
          41.59975190387367
        ]
      },
      "properties": {
        "bank_id": "pos-pt-dgpc-107784",
        "review_seed_id": "review-pos-0359",
        "control_set_id": "control-v1-0009",
        "review_role": "positive",
        "class_hint": "castro_candidate",
        "country": "PT",
        "region": "Norte de Portugal",
        "province_or_district": "Braga",
        "municipality": "Esposende",
        "parish": "Antas",
        "place": "",
        "name": "Cividade de Belinho/Cidade de Belinho",
        "source": "DGPC Portal do Arqueólogo Sitios_Arqueologicos",
        "source_quality": "official_catalogue_seed",
        "source_record_id": "107784",
        "source_code": "1318",
        "typology": "Povoado Fortificado",
        "generic_type": "",
        "periods": "Romano;Idade do Ferro;",
        "positive_confidence": "medium_official_name_or_type",
        "morphology_proxy": "large_castrexo_civitas_hint",
        "negative_type": "",
        "review_priority": "P0",
        "original_training_use": "positive_seed_requires_qgis_boundary_review",
        "auto_review_status": "auto_seeded_requires_visual_verification",
        "auto_decision": "selected_for_control_set_v1",
        "training_use": "exclude_until_visual_raster_verification",
        "generated_at": "2026-08-01T00:00:00Z",
        "proposed_radius_m": "180.0",
        "visual_ring_signal_score": "45.92",
        "visual_ring_signal_tier": "moderate_centered_ring_signal",
        "visual_metric_eval_use": "include_visual_signal_metric_eval",
        "visual_autonomous_visual_decision": "positive_control_visual_signal_moderate",
        "visual_training_use": "exclude_until_independent_label_review",
        "visual_status": "ok",
        "visual_error": ""
      }
    },
    {
      "type": "Feature",
      "geometry": {
        "type": "Point",
        "coordinates": [
          -8.297236257118827,
          41.27739312705152
        ]
      },
      "properties": {
        "bank_id": "pos-pt-dgpc-105178",
        "review_seed_id": "review-pos-0362",
        "control_set_id": "control-v1-0098",
        "review_role": "positive",
        "class_hint": "castro_candidate",
        "country": "PT",
        "region": "Norte de Portugal",
        "province_or_district": "Porto",
        "municipality": "Lousada",
        "parish": "Cristelos, Boim e Ordem",
        "place": "",
        "name": "Castro de São Domingos/ Cristelos",
        "source": "DGPC Portal do Arqueólogo Sitios_Arqueologicos",
        "source_quality": "official_catalogue_seed",
        "source_record_id": "105178",
        "source_code": "3604",
        "typology": "Povoado Fortificado",
        "generic_type": "",
        "periods": "Idade do Ferro;",
        "positive_confidence": "medium_official_name_or_type",
        "morphology_proxy": "earthwork_or_wall_hint",
        "negative_type": "",
        "review_priority": "P0",
        "original_training_use": "positive_seed_requires_qgis_boundary_review",
        "auto_review_status": "auto_seeded_requires_visual_verification",
        "auto_decision": "selected_for_control_set_v1",
        "training_use": "exclude_until_visual_raster_verification",
        "generated_at": "2026-08-01T00:00:00Z",
        "proposed_radius_m": "130.0",
        "visual_ring_signal_score": "12.18",
        "visual_ring_signal_tier": "weak_centered_ring_signal",
        "visual_metric_eval_use": "include_visual_signal_metric_eval",
        "visual_autonomous_visual_decision": "positive_control_visual_signal_weak_followup",
        "visual_training_use": "exclude_until_independent_label_review",
        "visual_status": "ok",
        "visual_error": ""
      }
    },
    {
      "type": "Feature",
      "geometry": {
        "type": "Point",
        "coordinates": [
          -7.119485106389509,
          42.946975362641105
        ]
      },
      "properties": {
        "bank_id": "pos-es-pba-28392",
        "review_seed_id": "review-pos-0378",
        "control_set_id": "control-v1-0055",
        "review_role": "positive",
        "class_hint": "castro_candidate",
        "country": "ES",
        "region": "Galicia",
        "province_or_district": "Lugo",
        "municipality": "Becerreá",
        "parish": "Quintá de Cancelada (Santa Eulalia)",
        "place": "Castel de María",
        "name": "Castro de Castelmaría",
        "source": "Xunta PBA Catálogo. Elementos (xuño 2026)",
        "source_quality": "official_catalogue_seed",
        "source_record_id": "28392",
        "source_code": "GA27006012",
        "typology": "Castro",
        "generic_type": "-",
        "periods": "",
        "positive_confidence": "high_official_typology",
        "morphology_proxy": "coastal_promontory_hint",
        "negative_type": "",
        "review_priority": "P0",
        "original_training_use": "positive_seed_requires_qgis_boundary_review",
        "auto_review_status": "auto_seeded_requires_visual_verification",
        "auto_decision": "selected_for_control_set_v1",
        "training_use": "exclude_until_visual_raster_verification",
        "generated_at": "2026-08-01T00:00:00Z",
        "proposed_radius_m": "150.0",
        "visual_ring_signal_score": "44.41",
        "visual_ring_signal_tier": "moderate_centered_ring_signal",
        "visual_metric_eval_use": "include_visual_signal_metric_eval",
        "visual_autonomous_visual_decision": "positive_control_visual_signal_moderate",
        "visual_training_use": "exclude_until_independent_label_review",
        "visual_status": "ok",
        "visual_error": ""
      }
    },
    {
      "type": "Feature",
      "geometry": {
        "type": "Point",
        "coordinates": [
          -8.315842012432936,
          41.52767276099212
        ]
      },
      "properties": {
        "bank_id": "pos-pt-dgpc-107424",
        "review_seed_id": "review-pos-0406",
        "control_set_id": "control-v1-0010",
        "review_role": "positive",
        "class_hint": "castro_candidate",
        "country": "PT",
        "region": "Norte de Portugal",
        "province_or_district": "Braga",
        "municipality": "Guimarães",
        "parish": "Briteiros São Salvador e Briteiros Santa Leucádia",
        "place": "",
        "name": "Citânia de Briteiros",
        "source": "DGPC Portal do Arqueólogo Sitios_Arqueologicos",
        "source_quality": "official_catalogue_seed",
        "source_record_id": "107424",
        "source_code": "231",
        "typology": "Povoado Fortificado",
        "generic_type": "Arte Rupestre;",
        "periods": "Idade do Ferro;Idade Média;Romano;",
        "positive_confidence": "medium_official_name_or_type",
        "morphology_proxy": "large_castrexo_civitas_hint",
        "negative_type": "",
        "review_priority": "P0",
        "original_training_use": "positive_seed_requires_qgis_boundary_review",
        "auto_review_status": "auto_seeded_requires_visual_verification",
        "auto_decision": "selected_for_control_set_v1",
        "training_use": "exclude_until_visual_raster_verification",
        "generated_at": "2026-08-01T00:00:00Z",
        "proposed_radius_m": "180.0",
        "visual_ring_signal_score": "30.59",
        "visual_ring_signal_tier": "weak_centered_ring_signal",
        "visual_metric_eval_use": "include_visual_signal_metric_eval",
        "visual_autonomous_visual_decision": "positive_control_visual_signal_weak_followup",
        "visual_training_use": "exclude_until_independent_label_review",
        "visual_status": "ok",
        "visual_error": ""
      }
    },
    {
      "type": "Feature",
      "geometry": {
        "type": "Point",
        "coordinates": [
          -8.262801822744844,
          43.306902836386136
        ]
      },
      "properties": {
        "bank_id": "pos-es-pba-1275",
        "review_seed_id": "review-pos-0415",
        "control_set_id": "control-v1-0030",
        "review_role": "positive",
        "class_hint": "castro_candidate",
        "country": "ES",
        "region": "Galicia",
        "province_or_district": "A Coruña",
        "municipality": "Bergondo",
        "parish": "Santa Marta de Babío (Santa Marta)",
        "place": "Aldea de Arriba, A",
        "name": "Castro de Santa Marta de Babío",
        "source": "Xunta PBA Catálogo. Elementos (xuño 2026)",
        "source_quality": "official_catalogue_seed",
        "source_record_id": "1275",
        "source_code": "GA15008002",
        "typology": "",
        "generic_type": "-",
        "periods": "",
        "positive_confidence": "medium_official_name_or_type",
        "morphology_proxy": "coastal_promontory_hint",
        "negative_type": "",
        "review_priority": "P0",
        "original_training_use": "positive_seed_requires_qgis_boundary_review",
        "auto_review_status": "auto_seeded_requires_visual_verification",
        "auto_decision": "selected_for_control_set_v1",
        "training_use": "exclude_until_visual_raster_verification",
        "generated_at": "2026-08-01T00:00:00Z",
        "proposed_radius_m": "150.0",
        "visual_ring_signal_score": "59.91",
        "visual_ring_signal_tier": "moderate_centered_ring_signal",
        "visual_metric_eval_use": "include_visual_signal_metric_eval",
        "visual_autonomous_visual_decision": "positive_control_visual_signal_moderate",
        "visual_training_use": "exclude_until_independent_label_review",
        "visual_status": "ok",
        "visual_error": ""
      }
    },
    {
      "type": "Feature",
      "geometry": {
        "type": "Point",
        "coordinates": [
          -7.728783529925559,
          43.15456638408426
        ]
      },
      "properties": {
        "bank_id": "pos-es-pba-28320",
        "review_seed_id": "review-pos-0423",
        "control_set_id": "control-v1-0056",
        "review_role": "positive",
        "class_hint": "castro_candidate",
        "country": "ES",
        "region": "Galicia",
        "province_or_district": "Lugo",
        "municipality": "Begonte",
        "parish": "O Castro (Santa María)",
        "place": "Castro, O",
        "name": "Castro de Santa María",
        "source": "Xunta PBA Catálogo. Elementos (xuño 2026)",
        "source_quality": "official_catalogue_seed",
        "source_record_id": "28320",
        "source_code": "GA27007014",
        "typology": "Castro",
        "generic_type": "-",
        "periods": "",
        "positive_confidence": "high_official_typology",
        "morphology_proxy": "coastal_promontory_hint",
        "negative_type": "",
        "review_priority": "P0",
        "original_training_use": "positive_seed_requires_qgis_boundary_review",
        "auto_review_status": "auto_seeded_requires_visual_verification",
        "auto_decision": "selected_for_control_set_v1",
        "training_use": "exclude_until_visual_raster_verification",
        "generated_at": "2026-08-01T00:00:00Z",
        "proposed_radius_m": "150.0",
        "visual_ring_signal_score": "25.87",
        "visual_ring_signal_tier": "weak_centered_ring_signal",
        "visual_metric_eval_use": "include_visual_signal_metric_eval",
        "visual_autonomous_visual_decision": "positive_control_visual_signal_weak_followup",
        "visual_training_use": "exclude_until_independent_label_review",
        "visual_status": "ok",
        "visual_error": ""
      }
    },
    {
      "type": "Feature",
      "geometry": {
        "type": "Point",
        "coordinates": [
          -7.04226946335439,
          42.86448254168867
        ]
      },
      "properties": {
        "bank_id": "pos-es-pba-29460",
        "review_seed_id": "review-pos-0424",
        "control_set_id": "control-v1-0062",
        "review_role": "positive",
        "class_hint": "castro_candidate",
        "country": "ES",
        "region": "Galicia",
        "province_or_district": "Lugo",
        "municipality": "Cervantes",
        "parish": "O Castro (Santa María)",
        "place": "Castro, O",
        "name": "Casa reitoral de Santa María do Castro",
        "source": "Xunta PBA Catálogo. Elementos (xuño 2026)",
        "source_quality": "official_catalogue_seed",
        "source_record_id": "29460",
        "source_code": "-",
        "typology": "",
        "generic_type": "-",
        "periods": "",
        "positive_confidence": "medium_official_name_or_type",
        "morphology_proxy": "coastal_promontory_hint",
        "negative_type": "",
        "review_priority": "P0",
        "original_training_use": "positive_seed_requires_qgis_boundary_review",
        "auto_review_status": "auto_seeded_requires_visual_verification",
        "auto_decision": "selected_for_control_set_v1",
        "training_use": "exclude_until_visual_raster_verification",
        "generated_at": "2026-08-01T00:00:00Z",
        "proposed_radius_m": "150.0",
        "visual_ring_signal_score": "20.00",
        "visual_ring_signal_tier": "weak_centered_ring_signal",
        "visual_metric_eval_use": "include_visual_signal_metric_eval",
        "visual_autonomous_visual_decision": "positive_control_visual_signal_weak_followup",
        "visual_training_use": "exclude_until_independent_label_review",
        "visual_status": "ok",
        "visual_error": ""
      }
    },
    {
      "type": "Feature",
      "geometry": {
        "type": "Point",
        "coordinates": [
          -8.4179196612204,
          41.58103628055815
        ]
      },
      "properties": {
        "bank_id": "pos-pt-dgpc-107708",
        "review_seed_id": "review-pos-0449",
        "control_set_id": "control-v1-0079",
        "review_role": "positive",
        "class_hint": "castro_candidate",
        "country": "PT",
        "region": "Norte de Portugal",
        "province_or_district": "Braga",
        "municipality": "Braga",
        "parish": "Palmeira",
        "place": "",
        "name": "Castro da Sola",
        "source": "DGPC Portal do Arqueólogo Sitios_Arqueologicos",
        "source_quality": "official_catalogue_seed",
        "source_record_id": "107708",
        "source_code": "1540",
        "typology": "Povoado Fortificado",
        "generic_type": "",
        "periods": "Idade do Bronze;Idade do Ferro;Romano;",
        "positive_confidence": "medium_official_name_or_type",
        "morphology_proxy": "earthwork_or_wall_hint",
        "negative_type": "",
        "review_priority": "P0",
        "original_training_use": "positive_seed_requires_qgis_boundary_review",
        "auto_review_status": "auto_seeded_requires_visual_verification",
        "auto_decision": "selected_for_control_set_v1",
        "training_use": "exclude_until_visual_raster_verification",
        "generated_at": "2026-08-01T00:00:00Z",
        "proposed_radius_m": "130.0",
        "visual_ring_signal_score": "16.06",
        "visual_ring_signal_tier": "weak_centered_ring_signal",
        "visual_metric_eval_use": "include_visual_signal_metric_eval",
        "visual_autonomous_visual_decision": "positive_control_visual_signal_weak_followup",
        "visual_training_use": "exclude_until_independent_label_review",
        "visual_status": "ok",
        "visual_error": ""
      }
    },
    {
      "type": "Feature",
      "geometry": {
        "type": "Point",
        "coordinates": [
          -8.341550564873213,
          41.511602322838506
        ]
      },
      "properties": {
        "bank_id": "pos-pt-dgpc-108140",
        "review_seed_id": "review-pos-0451",
        "control_set_id": "control-v1-0021",
        "review_role": "positive",
        "class_hint": "castro_candidate",
        "country": "PT",
        "region": "Norte de Portugal",
        "province_or_district": "Braga",
        "municipality": "Guimarães",
        "parish": "Sande São Lourenço e Balazar",
        "place": "",
        "name": "Citânia de Sabroso",
        "source": "DGPC Portal do Arqueólogo Sitios_Arqueologicos",
        "source_quality": "official_catalogue_seed",
        "source_record_id": "108140",
        "source_code": "495",
        "typology": "Povoado Fortificado",
        "generic_type": "",
        "periods": "Romano;Idade do Ferro;",
        "positive_confidence": "medium_official_name_or_type",
        "morphology_proxy": "large_castrexo_civitas_hint",
        "negative_type": "",
        "review_priority": "P0",
        "original_training_use": "positive_seed_requires_qgis_boundary_review",
        "auto_review_status": "auto_seeded_requires_visual_verification",
        "auto_decision": "selected_for_control_set_v1",
        "training_use": "exclude_until_visual_raster_verification",
        "generated_at": "2026-08-01T00:00:00Z",
        "proposed_radius_m": "180.0",
        "visual_ring_signal_score": "41.06",
        "visual_ring_signal_tier": "weak_centered_ring_signal",
        "visual_metric_eval_use": "include_visual_signal_metric_eval",
        "visual_autonomous_visual_decision": "positive_control_visual_signal_weak_followup",
        "visual_training_use": "exclude_until_independent_label_review",
        "visual_status": "ok",
        "visual_error": ""
      }
    },
    {
      "type": "Feature",
      "geometry": {
        "type": "Point",
        "coordinates": [
          -8.162077695955393,
          42.98233451969122
        ]
      },
      "properties": {
        "bank_id": "pos-es-pba-2764",
        "review_seed_id": "review-pos-0460",
        "control_set_id": "control-v1-0031",
        "review_role": "positive",
        "class_hint": "castro_candidate",
        "country": "ES",
        "region": "Galicia",
        "province_or_district": "A Coruña",
        "municipality": "Boimorto",
        "parish": "Sendelle (Santa María)",
        "place": "Marco de Arriba, O",
        "name": "Castro de Marco de Arriba",
        "source": "Xunta PBA Catálogo. Elementos (xuño 2026)",
        "source_quality": "official_catalogue_seed",
        "source_record_id": "2764",
        "source_code": "GA15010004",
        "typology": "",
        "generic_type": "-",
        "periods": "",
        "positive_confidence": "medium_official_name_or_type",
        "morphology_proxy": "coastal_promontory_hint",
        "negative_type": "",
        "review_priority": "P0",
        "original_training_use": "positive_seed_requires_qgis_boundary_review",
        "auto_review_status": "auto_seeded_requires_visual_verification",
        "auto_decision": "selected_for_control_set_v1",
        "training_use": "exclude_until_visual_raster_verification",
        "generated_at": "2026-08-01T00:00:00Z",
        "proposed_radius_m": "150.0",
        "visual_ring_signal_score": "16.57",
        "visual_ring_signal_tier": "weak_centered_ring_signal",
        "visual_metric_eval_use": "include_visual_signal_metric_eval",
        "visual_autonomous_visual_decision": "positive_control_visual_signal_weak_followup",
        "visual_training_use": "exclude_until_independent_label_review",
        "visual_status": "ok",
        "visual_error": ""
      }
    },
    {
      "type": "Feature",
      "geometry": {
        "type": "Point",
        "coordinates": [
          -7.358061425058302,
          43.669933718560266
        ]
      },
      "properties": {
        "bank_id": "pos-es-pba-44141",
        "review_seed_id": "review-pos-0468",
        "control_set_id": "control-v1-0057",
        "review_role": "positive",
        "class_hint": "castro_candidate",
        "country": "ES",
        "region": "Galicia",
        "province_or_district": "Lugo",
        "municipality": "Burela",
        "parish": "Burela (Santa María)",
        "place": "Vilar",
        "name": "Castro de Cabo Burela",
        "source": "Xunta PBA Catálogo. Elementos (xuño 2026)",
        "source_quality": "official_catalogue_seed",
        "source_record_id": "44141",
        "source_code": "GA27902001",
        "typology": "Castro",
        "generic_type": "-",
        "periods": "",
        "positive_confidence": "high_official_typology",
        "morphology_proxy": "coastal_promontory_hint",
        "negative_type": "",
        "review_priority": "P0",
        "original_training_use": "positive_seed_requires_qgis_boundary_review",
        "auto_review_status": "auto_seeded_requires_visual_verification",
        "auto_decision": "selected_for_control_set_v1",
        "training_use": "exclude_until_visual_raster_verification",
        "generated_at": "2026-08-01T00:00:00Z",
        "proposed_radius_m": "150.0",
        "visual_ring_signal_score": "61.91",
        "visual_ring_signal_tier": "moderate_centered_ring_signal",
        "visual_metric_eval_use": "include_visual_signal_metric_eval",
        "visual_autonomous_visual_decision": "positive_control_visual_signal_moderate",
        "visual_training_use": "exclude_until_independent_label_review",
        "visual_status": "ok",
        "visual_error": ""
      }
    },
    {
      "type": "Feature",
      "geometry": {
        "type": "Point",
        "coordinates": [
          -8.42629558848281,
          41.444609216739224
        ]
      },
      "properties": {
        "bank_id": "pos-pt-dgpc-107222",
        "review_seed_id": "review-pos-0495",
        "control_set_id": "control-v1-0011",
        "review_role": "positive",
        "class_hint": "castro_candidate",
        "country": "PT",
        "region": "Norte de Portugal",
        "province_or_district": "Braga",
        "municipality": "Vila Nova de Famalicão",
        "parish": "Joane",
        "place": "",
        "name": "Cividade",
        "source": "DGPC Portal do Arqueólogo Sitios_Arqueologicos",
        "source_quality": "official_catalogue_seed",
        "source_record_id": "107222",
        "source_code": "6952",
        "typology": "Inscrição",
        "generic_type": "",
        "periods": "Indeterminado;",
        "positive_confidence": "medium_official_name_or_type",
        "morphology_proxy": "large_castrexo_civitas_hint",
        "negative_type": "",
        "review_priority": "P0",
        "original_training_use": "positive_seed_requires_qgis_boundary_review",
        "auto_review_status": "auto_seeded_requires_visual_verification",
        "auto_decision": "selected_for_control_set_v1",
        "training_use": "exclude_until_visual_raster_verification",
        "generated_at": "2026-08-01T00:00:00Z",
        "proposed_radius_m": "180.0",
        "visual_ring_signal_score": "14.26",
        "visual_ring_signal_tier": "weak_centered_ring_signal",
        "visual_metric_eval_use": "include_visual_signal_metric_eval",
        "visual_autonomous_visual_decision": "positive_control_visual_signal_weak_followup",
        "visual_training_use": "exclude_until_independent_label_review",
        "visual_status": "ok",
        "visual_error": ""
      }
    },
    {
      "type": "Feature",
      "geometry": {
        "type": "Point",
        "coordinates": [
          -8.22727255153935,
          41.09774779419848
        ]
      },
      "properties": {
        "bank_id": "pos-pt-dgpc-105226",
        "review_seed_id": "review-pos-0498",
        "control_set_id": "control-v1-0099",
        "review_role": "positive",
        "class_hint": "castro_candidate",
        "country": "PT",
        "region": "Norte de Portugal",
        "province_or_district": "Porto",
        "municipality": "Marco de Canaveses",
        "parish": "Bem Viver",
        "place": "",
        "name": "Arados/Castro de Arados",
        "source": "DGPC Portal do Arqueólogo Sitios_Arqueologicos",
        "source_quality": "official_catalogue_seed",
        "source_record_id": "105226",
        "source_code": "776",
        "typology": "Povoado Fortificado",
        "generic_type": "",
        "periods": "Romano;Idade do Ferro;",
        "positive_confidence": "medium_official_name_or_type",
        "morphology_proxy": "earthwork_or_wall_hint",
        "negative_type": "",
        "review_priority": "P0",
        "original_training_use": "positive_seed_requires_qgis_boundary_review",
        "auto_review_status": "auto_seeded_requires_visual_verification",
        "auto_decision": "selected_for_control_set_v1",
        "training_use": "exclude_until_visual_raster_verification",
        "generated_at": "2026-08-01T00:00:00Z",
        "proposed_radius_m": "130.0",
        "visual_ring_signal_score": "12.44",
        "visual_ring_signal_tier": "weak_centered_ring_signal",
        "visual_metric_eval_use": "include_visual_signal_metric_eval",
        "visual_autonomous_visual_decision": "positive_control_visual_signal_weak_followup",
        "visual_training_use": "exclude_until_independent_label_review",
        "visual_status": "ok",
        "visual_error": ""
      }
    },
    {
      "type": "Feature",
      "geometry": {
        "type": "Point",
        "coordinates": [
          -8.872656360796329,
          42.621821792158286
        ]
      },
      "properties": {
        "bank_id": "pos-es-pba-2609",
        "review_seed_id": "review-pos-0504",
        "control_set_id": "control-v1-0032",
        "review_role": "positive",
        "class_hint": "castro_candidate",
        "country": "ES",
        "region": "Galicia",
        "province_or_district": "A Coruña",
        "municipality": "Boiro",
        "parish": "Castro (Santa María)",
        "place": "Romarís",
        "name": "Igrexa de Castro (Parroquial de Santa María)",
        "source": "Xunta PBA Catálogo. Elementos (xuño 2026)",
        "source_quality": "official_catalogue_seed",
        "source_record_id": "2609",
        "source_code": "-",
        "typology": "Igrexa",
        "generic_type": "-",
        "periods": "",
        "positive_confidence": "medium_official_name_or_type",
        "morphology_proxy": "coastal_promontory_hint",
        "negative_type": "",
        "review_priority": "P0",
        "original_training_use": "positive_seed_requires_qgis_boundary_review",
        "auto_review_status": "auto_seeded_requires_visual_verification",
        "auto_decision": "selected_for_control_set_v1",
        "training_use": "exclude_until_visual_raster_verification",
        "generated_at": "2026-08-01T00:00:00Z",
        "proposed_radius_m": "150.0",
        "visual_ring_signal_score": "18.01",
        "visual_ring_signal_tier": "weak_centered_ring_signal",
        "visual_metric_eval_use": "include_visual_signal_metric_eval",
        "visual_autonomous_visual_decision": "positive_control_visual_signal_weak_followup",
        "visual_training_use": "exclude_until_independent_label_review",
        "visual_status": "ok",
        "visual_error": ""
      }
    },
    {
      "type": "Feature",
      "geometry": {
        "type": "Point",
        "coordinates": [
          -7.508335691769693,
          42.595880699907674
        ]
      },
      "properties": {
        "bank_id": "pos-es-pba-28792",
        "review_seed_id": "review-pos-0512",
        "control_set_id": "control-v1-0058",
        "review_role": "positive",
        "class_hint": "castro_candidate",
        "country": "ES",
        "region": "Galicia",
        "province_or_district": "Lugo",
        "municipality": "Bóveda",
        "parish": "Vilalpape (San Bartolomeu)",
        "place": "Val de Miotos",
        "name": "Castro de Marzán",
        "source": "Xunta PBA Catálogo. Elementos (xuño 2026)",
        "source_quality": "official_catalogue_seed",
        "source_record_id": "28792",
        "source_code": "GA27008022",
        "typology": "Castro",
        "generic_type": "-",
        "periods": "",
        "positive_confidence": "high_official_typology",
        "morphology_proxy": "coastal_promontory_hint",
        "negative_type": "",
        "review_priority": "P0",
        "original_training_use": "positive_seed_requires_qgis_boundary_review",
        "auto_review_status": "auto_seeded_requires_visual_verification",
        "auto_decision": "selected_for_control_set_v1",
        "training_use": "exclude_until_visual_raster_verification",
        "generated_at": "2026-08-01T00:00:00Z",
        "proposed_radius_m": "150.0",
        "visual_ring_signal_score": "19.60",
        "visual_ring_signal_tier": "weak_centered_ring_signal",
        "visual_metric_eval_use": "include_visual_signal_metric_eval",
        "visual_autonomous_visual_decision": "positive_control_visual_signal_weak_followup",
        "visual_training_use": "exclude_until_independent_label_review",
        "visual_status": "ok",
        "visual_error": ""
      }
    },
    {
      "type": "Feature",
      "geometry": {
        "type": "Point",
        "coordinates": [
          -8.072141651379246,
          41.39409688756674
        ]
      },
      "properties": {
        "bank_id": "pos-pt-dgpc-107213",
        "review_seed_id": "review-pos-0535",
        "control_set_id": "control-v1-0080",
        "review_role": "positive",
        "class_hint": "castro_candidate",
        "country": "PT",
        "region": "Norte de Portugal",
        "province_or_district": "Braga",
        "municipality": "Celorico de Basto",
        "parish": "Borba de Montanha",
        "place": "",
        "name": "Castro da Barrega",
        "source": "DGPC Portal do Arqueólogo Sitios_Arqueologicos",
        "source_quality": "official_catalogue_seed",
        "source_record_id": "107213",
        "source_code": "20236",
        "typology": "Povoado Fortificado",
        "generic_type": "",
        "periods": "Idade do Ferro;",
        "positive_confidence": "medium_official_name_or_type",
        "morphology_proxy": "earthwork_or_wall_hint",
        "negative_type": "",
        "review_priority": "P0",
        "original_training_use": "positive_seed_requires_qgis_boundary_review",
        "auto_review_status": "auto_seeded_requires_visual_verification",
        "auto_decision": "selected_for_control_set_v1",
        "training_use": "exclude_until_visual_raster_verification",
        "generated_at": "2026-08-01T00:00:00Z",
        "proposed_radius_m": "130.0",
        "visual_ring_signal_score": "18.60",
        "visual_ring_signal_tier": "weak_centered_ring_signal",
        "visual_metric_eval_use": "include_visual_signal_metric_eval",
        "visual_autonomous_visual_decision": "positive_control_visual_signal_weak_followup",
        "visual_training_use": "exclude_until_independent_label_review",
        "visual_status": "ok",
        "visual_error": ""
      }
    },
    {
      "type": "Feature",
      "geometry": {
        "type": "Point",
        "coordinates": [
          -8.393565660122807,
          41.689016912853376
        ]
      },
      "properties": {
        "bank_id": "pos-pt-dgpc-109406",
        "review_seed_id": "review-pos-0537",
        "control_set_id": "control-v1-0012",
        "review_role": "positive",
        "class_hint": "castro_candidate",
        "country": "PT",
        "region": "Norte de Portugal",
        "province_or_district": "Braga",
        "municipality": "Vila Verde",
        "parish": "Ponte",
        "place": "",
        "name": "Citânia de São Julião de Caldelas",
        "source": "DGPC Portal do Arqueólogo Sitios_Arqueologicos",
        "source_quality": "official_catalogue_seed",
        "source_record_id": "109406",
        "source_code": "1237",
        "typology": "Povoado Fortificado",
        "generic_type": "",
        "periods": "Idade do Ferro;Romano;Idade do Bronze;",
        "positive_confidence": "medium_official_name_or_type",
        "morphology_proxy": "large_castrexo_civitas_hint",
        "negative_type": "",
        "review_priority": "P0",
        "original_training_use": "positive_seed_requires_qgis_boundary_review",
        "auto_review_status": "auto_seeded_requires_visual_verification",
        "auto_decision": "selected_for_control_set_v1",
        "training_use": "exclude_until_visual_raster_verification",
        "generated_at": "2026-08-01T00:00:00Z",
        "proposed_radius_m": "180.0",
        "visual_ring_signal_score": "15.73",
        "visual_ring_signal_tier": "weak_centered_ring_signal",
        "visual_metric_eval_use": "include_visual_signal_metric_eval",
        "visual_autonomous_visual_decision": "positive_control_visual_signal_weak_followup",
        "visual_training_use": "exclude_until_independent_label_review",
        "visual_status": "ok",
        "visual_error": ""
      }
    },
    {
      "type": "Feature",
      "geometry": {
        "type": "Point",
        "coordinates": [
          -8.923593320278984,
          43.20537873969076
        ]
      },
      "properties": {
        "bank_id": "pos-es-pba-4275",
        "review_seed_id": "review-pos-0545",
        "control_set_id": "control-v1-0033",
        "review_role": "positive",
        "class_hint": "castro_candidate",
        "country": "ES",
        "region": "Galicia",
        "province_or_district": "A Coruña",
        "municipality": "Cabana de Bergantiños",
        "parish": "Cesullas (Santo Estevo)",
        "place": "San Fins",
        "name": "Campo da Romaría de San Fins de Castro",
        "source": "Xunta PBA Catálogo. Elementos (xuño 2026)",
        "source_quality": "official_catalogue_seed",
        "source_record_id": "4275",
        "source_code": "-",
        "typology": "",
        "generic_type": "-",
        "periods": "",
        "positive_confidence": "medium_official_name_or_type",
        "morphology_proxy": "coastal_promontory_hint",
        "negative_type": "",
        "review_priority": "P0",
        "original_training_use": "positive_seed_requires_qgis_boundary_review",
        "auto_review_status": "auto_seeded_requires_visual_verification",
        "auto_decision": "selected_for_control_set_v1",
        "training_use": "exclude_until_visual_raster_verification",
        "generated_at": "2026-08-01T00:00:00Z",
        "proposed_radius_m": "150.0",
        "visual_ring_signal_score": "27.71",
        "visual_ring_signal_tier": "weak_centered_ring_signal",
        "visual_metric_eval_use": "include_visual_signal_metric_eval",
        "visual_autonomous_visual_decision": "positive_control_visual_signal_weak_followup",
        "visual_training_use": "exclude_until_independent_label_review",
        "visual_status": "ok",
        "visual_error": ""
      }
    },
    {
      "type": "Feature",
      "geometry": {
        "type": "Point",
        "coordinates": [
          -7.86611522910707,
          42.55884306251795
        ]
      },
      "properties": {
        "bank_id": "pos-es-pba-28508",
        "review_seed_id": "review-pos-0553",
        "control_set_id": "control-v1-0059",
        "review_role": "positive",
        "class_hint": "castro_candidate",
        "country": "ES",
        "region": "Galicia",
        "province_or_district": "Lugo",
        "municipality": "Carballedo",
        "parish": "Santa Mariña do Castro (Santa Mariña)",
        "place": "Santa Mariña",
        "name": "Castro de Santa Mariña",
        "source": "Xunta PBA Catálogo. Elementos (xuño 2026)",
        "source_quality": "official_catalogue_seed",
        "source_record_id": "28508",
        "source_code": "GA27009003",
        "typology": "Castro",
        "generic_type": "-",
        "periods": "",
        "positive_confidence": "high_official_typology",
        "morphology_proxy": "coastal_promontory_hint",
        "negative_type": "",
        "review_priority": "P0",
        "original_training_use": "positive_seed_requires_qgis_boundary_review",
        "auto_review_status": "auto_seeded_requires_visual_verification",
        "auto_decision": "selected_for_control_set_v1",
        "training_use": "exclude_until_visual_raster_verification",
        "generated_at": "2026-08-01T00:00:00Z",
        "proposed_radius_m": "150.0",
        "visual_ring_signal_score": "69.34",
        "visual_ring_signal_tier": "strong_centered_ring_signal",
        "visual_metric_eval_use": "include_visual_signal_metric_eval",
        "visual_autonomous_visual_decision": "positive_control_visual_signal_strong",
        "visual_training_use": "exclude_until_independent_label_review",
        "visual_status": "ok",
        "visual_error": ""
      }
    },
    {
      "type": "Feature",
      "geometry": {
        "type": "Point",
        "coordinates": [
          -8.761229725179039,
          41.5560820670326
        ]
      },
      "properties": {
        "bank_id": "pos-pt-dgpc-107601",
        "review_seed_id": "review-pos-0576",
        "control_set_id": "control-v1-0081",
        "review_role": "positive",
        "class_hint": "castro_candidate",
        "country": "PT",
        "region": "Norte de Portugal",
        "province_or_district": "Braga",
        "municipality": "Esposende",
        "parish": "Vila Chã",
        "place": "",
        "name": "Castro de São Lourenço",
        "source": "DGPC Portal do Arqueólogo Sitios_Arqueologicos",
        "source_quality": "official_catalogue_seed",
        "source_record_id": "107601",
        "source_code": "3178",
        "typology": "Povoado Fortificado",
        "generic_type": "",
        "periods": "Idade do Bronze - Final;Idade Média;Idade do Ferro;Romano;",
        "positive_confidence": "medium_official_name_or_type",
        "morphology_proxy": "earthwork_or_wall_hint",
        "negative_type": "",
        "review_priority": "P0",
        "original_training_use": "positive_seed_requires_qgis_boundary_review",
        "auto_review_status": "auto_seeded_requires_visual_verification",
        "auto_decision": "selected_for_control_set_v1",
        "training_use": "exclude_until_visual_raster_verification",
        "generated_at": "2026-08-01T00:00:00Z",
        "proposed_radius_m": "130.0",
        "visual_ring_signal_score": "31.90",
        "visual_ring_signal_tier": "weak_centered_ring_signal",
        "visual_metric_eval_use": "include_visual_signal_metric_eval",
        "visual_autonomous_visual_decision": "positive_control_visual_signal_weak_followup",
        "visual_training_use": "exclude_until_independent_label_review",
        "visual_status": "ok",
        "visual_error": ""
      }
    },
    {
      "type": "Feature",
      "geometry": {
        "type": "Point",
        "coordinates": [
          -9.175020771062712,
          43.137877712396126
        ]
      },
      "properties": {
        "bank_id": "pos-es-pba-3723",
        "review_seed_id": "review-pos-0585",
        "control_set_id": "control-v1-0034",
        "review_role": "positive",
        "class_hint": "castro_candidate",
        "country": "ES",
        "region": "Galicia",
        "province_or_district": "A Coruña",
        "municipality": "Camariñas",
        "parish": "Camariñas (San Xurxo)",
        "place": "Area da Vila",
        "name": "Punta do Castro",
        "source": "Xunta PBA Catálogo. Elementos (xuño 2026)",
        "source_quality": "official_catalogue_seed",
        "source_record_id": "3723",
        "source_code": "GA15016005",
        "typology": "",
        "generic_type": "-",
        "periods": "",
        "positive_confidence": "medium_official_name_or_type",
        "morphology_proxy": "coastal_promontory_hint",
        "negative_type": "",
        "review_priority": "P0",
        "original_training_use": "positive_seed_requires_qgis_boundary_review",
        "auto_review_status": "auto_seeded_requires_visual_verification",
        "auto_decision": "selected_for_control_set_v1",
        "training_use": "exclude_until_visual_raster_verification",
        "generated_at": "2026-08-01T00:00:00Z",
        "proposed_radius_m": "150.0",
        "visual_ring_signal_score": "30.08",
        "visual_ring_signal_tier": "weak_centered_ring_signal",
        "visual_metric_eval_use": "include_visual_signal_metric_eval",
        "visual_autonomous_visual_decision": "positive_control_visual_signal_weak_followup",
        "visual_training_use": "exclude_until_independent_label_review",
        "visual_status": "ok",
        "visual_error": ""
      }
    },
    {
      "type": "Feature",
      "geometry": {
        "type": "Point",
        "coordinates": [
          -7.3791560620685654,
          43.19277106681745
        ]
      },
      "properties": {
        "bank_id": "pos-es-pba-27820",
        "review_seed_id": "review-pos-0593",
        "control_set_id": "control-v1-0060",
        "review_role": "positive",
        "class_hint": "castro_candidate",
        "country": "ES",
        "region": "Galicia",
        "province_or_district": "Lugo",
        "municipality": "Castro de Rei",
        "parish": "A Azúmara (San Xoán)",
        "place": "Fonte do Val, A",
        "name": "Castro de Azúmara",
        "source": "Xunta PBA Catálogo. Elementos (xuño 2026)",
        "source_quality": "official_catalogue_seed",
        "source_record_id": "27820",
        "source_code": "GA27010023",
        "typology": "Castro",
        "generic_type": "-",
        "periods": "",
        "positive_confidence": "high_official_typology",
        "morphology_proxy": "coastal_promontory_hint",
        "negative_type": "",
        "review_priority": "P0",
        "original_training_use": "positive_seed_requires_qgis_boundary_review",
        "auto_review_status": "auto_seeded_requires_visual_verification",
        "auto_decision": "selected_for_control_set_v1",
        "training_use": "exclude_until_visual_raster_verification",
        "generated_at": "2026-08-01T00:00:00Z",
        "proposed_radius_m": "150.0",
        "visual_ring_signal_score": "16.31",
        "visual_ring_signal_tier": "weak_centered_ring_signal",
        "visual_metric_eval_use": "include_visual_signal_metric_eval",
        "visual_autonomous_visual_decision": "positive_control_visual_signal_weak_followup",
        "visual_training_use": "exclude_until_independent_label_review",
        "visual_status": "ok",
        "visual_error": ""
      }
    },
    {
      "type": "Feature",
      "geometry": {
        "type": "Point",
        "coordinates": [
          -8.421014927568221,
          41.27877015883033
        ]
      },
      "properties": {
        "bank_id": "pos-pt-dgpc-105192",
        "review_seed_id": "review-pos-0618",
        "control_set_id": "control-v1-0100",
        "review_role": "positive",
        "class_hint": "castro_candidate",
        "country": "PT",
        "region": "Norte de Portugal",
        "province_or_district": "Porto",
        "municipality": "Paços de Ferreira",
        "parish": "Penamaior",
        "place": "",
        "name": "Castro de Vila",
        "source": "DGPC Portal do Arqueólogo Sitios_Arqueologicos",
        "source_quality": "official_catalogue_seed",
        "source_record_id": "105192",
        "source_code": "13083",
        "typology": "Povoado Fortificado",
        "generic_type": "",
        "periods": "Idade do Ferro;",
        "positive_confidence": "medium_official_name_or_type",
        "morphology_proxy": "earthwork_or_wall_hint",
        "negative_type": "",
        "review_priority": "P0",
        "original_training_use": "positive_seed_requires_qgis_boundary_review",
        "auto_review_status": "auto_seeded_requires_visual_verification",
        "auto_decision": "selected_for_control_set_v1",
        "training_use": "exclude_until_visual_raster_verification",
        "generated_at": "2026-08-01T00:00:00Z",
        "proposed_radius_m": "130.0",
        "visual_ring_signal_score": "21.13",
        "visual_ring_signal_tier": "weak_centered_ring_signal",
        "visual_metric_eval_use": "include_visual_signal_metric_eval",
        "visual_autonomous_visual_decision": "positive_control_visual_signal_weak_followup",
        "visual_training_use": "exclude_until_independent_label_review",
        "visual_status": "ok",
        "visual_error": ""
      }
    },
    {
      "type": "Feature",
      "geometry": {
        "type": "Point",
        "coordinates": [
          -7.865789194089755,
          43.74114121873257
        ]
      },
      "properties": {
        "bank_id": "pos-es-pba-27149",
        "review_seed_id": "review-pos-0623",
        "control_set_id": "control-v1-0035",
        "review_role": "positive",
        "class_hint": "castro_candidate",
        "country": "ES",
        "region": "Galicia",
        "province_or_district": "A Coruña",
        "municipality": "Cariño",
        "parish": "Cariño (San Bartolomeu)",
        "place": "Cariño",
        "name": "Castro de Cariño/Punta do Castro",
        "source": "Xunta PBA Catálogo. Elementos (xuño 2026)",
        "source_quality": "official_catalogue_seed",
        "source_record_id": "27149",
        "source_code": "GA15901002",
        "typology": "",
        "generic_type": "-",
        "periods": "",
        "positive_confidence": "medium_official_name_or_type",
        "morphology_proxy": "coastal_promontory_hint",
        "negative_type": "",
        "review_priority": "P0",
        "original_training_use": "positive_seed_requires_qgis_boundary_review",
        "auto_review_status": "auto_seeded_requires_visual_verification",
        "auto_decision": "selected_for_control_set_v1",
        "training_use": "exclude_until_visual_raster_verification",
        "generated_at": "2026-08-01T00:00:00Z",
        "proposed_radius_m": "150.0",
        "visual_ring_signal_score": "39.27",
        "visual_ring_signal_tier": "weak_centered_ring_signal",
        "visual_metric_eval_use": "include_visual_signal_metric_eval",
        "visual_autonomous_visual_decision": "positive_control_visual_signal_weak_followup",
        "visual_training_use": "exclude_until_independent_label_review",
        "visual_status": "ok",
        "visual_error": ""
      }
    },
    {
      "type": "Feature",
      "geometry": {
        "type": "Point",
        "coordinates": [
          -7.2906299824650285,
          43.00632456125873
        ]
      },
      "properties": {
        "bank_id": "pos-es-pba-27942",
        "review_seed_id": "review-pos-0631",
        "control_set_id": "control-v1-0061",
        "review_role": "positive",
        "class_hint": "castro_candidate",
        "country": "ES",
        "region": "Galicia",
        "province_or_district": "Lugo",
        "municipality": "Castroverde",
        "parish": "Frairía (Santa María)",
        "place": "Frairía, A",
        "name": "Castro de Santa María da Frairía",
        "source": "Xunta PBA Catálogo. Elementos (xuño 2026)",
        "source_quality": "official_catalogue_seed",
        "source_record_id": "27942",
        "source_code": "GA27011065",
        "typology": "Castro",
        "generic_type": "-",
        "periods": "",
        "positive_confidence": "high_official_typology",
        "morphology_proxy": "coastal_promontory_hint",
        "negative_type": "",
        "review_priority": "P0",
        "original_training_use": "positive_seed_requires_qgis_boundary_review",
        "auto_review_status": "auto_seeded_requires_visual_verification",
        "auto_decision": "selected_for_control_set_v1",
        "training_use": "exclude_until_visual_raster_verification",
        "generated_at": "2026-08-01T00:00:00Z",
        "proposed_radius_m": "150.0",
        "visual_ring_signal_score": "62.88",
        "visual_ring_signal_tier": "strong_centered_ring_signal",
        "visual_metric_eval_use": "include_visual_signal_metric_eval",
        "visual_autonomous_visual_decision": "positive_control_visual_signal_strong",
        "visual_training_use": "exclude_until_independent_label_review",
        "visual_status": "ok",
        "visual_error": ""
      }
    },
    {
      "type": "Feature",
      "geometry": {
        "type": "Point",
        "coordinates": [
          -8.204906591406626,
          41.43235630643061
        ]
      },
      "properties": {
        "bank_id": "pos-pt-dgpc-107016",
        "review_seed_id": "review-pos-0651",
        "control_set_id": "control-v1-0082",
        "review_role": "positive",
        "class_hint": "castro_candidate",
        "country": "PT",
        "region": "Norte de Portugal",
        "province_or_district": "Braga",
        "municipality": "Fafe",
        "parish": "Cepães e Fareja",
        "place": "",
        "name": "Castro da Retortinha/Cepães",
        "source": "DGPC Portal do Arqueólogo Sitios_Arqueologicos",
        "source_quality": "official_catalogue_seed",
        "source_record_id": "107016",
        "source_code": "5065",
        "typology": "Povoado Fortificado",
        "generic_type": "",
        "periods": "Idade do Ferro;",
        "positive_confidence": "medium_official_name_or_type",
        "morphology_proxy": "earthwork_or_wall_hint",
        "negative_type": "",
        "review_priority": "P0",
        "original_training_use": "positive_seed_requires_qgis_boundary_review",
        "auto_review_status": "auto_seeded_requires_visual_verification",
        "auto_decision": "selected_for_control_set_v1",
        "training_use": "exclude_until_visual_raster_verification",
        "generated_at": "2026-08-01T00:00:00Z",
        "proposed_radius_m": "130.0",
        "visual_ring_signal_score": "16.61",
        "visual_ring_signal_tier": "weak_centered_ring_signal",
        "visual_metric_eval_use": "include_visual_signal_metric_eval",
        "visual_autonomous_visual_decision": "positive_control_visual_signal_weak_followup",
        "visual_training_use": "exclude_until_independent_label_review",
        "visual_status": "ok",
        "visual_error": ""
      }
    },
    {
      "type": "Feature",
      "geometry": {
        "type": "Point",
        "coordinates": [
          -8.24190731106702,
          41.49409301925264
        ]
      },
      "properties": {
        "bank_id": "pos-pt-dgpc-108039",
        "review_seed_id": "review-pos-0759",
        "control_set_id": "control-v1-0083",
        "review_role": "positive",
        "class_hint": "castro_candidate",
        "country": "PT",
        "region": "Norte de Portugal",
        "province_or_district": "Braga",
        "municipality": "Guimarães",
        "parish": "São Torcato",
        "place": "",
        "name": "Castro",
        "source": "DGPC Portal do Arqueólogo Sitios_Arqueologicos",
        "source_quality": "official_catalogue_seed",
        "source_record_id": "108039",
        "source_code": "33453",
        "typology": "Povoado Fortificado",
        "generic_type": "",
        "periods": "Idade do Ferro;",
        "positive_confidence": "medium_official_name_or_type",
        "morphology_proxy": "earthwork_or_wall_hint",
        "negative_type": "",
        "review_priority": "P0",
        "original_training_use": "positive_seed_requires_qgis_boundary_review",
        "auto_review_status": "auto_seeded_requires_visual_verification",
        "auto_decision": "selected_for_control_set_v1",
        "training_use": "exclude_until_visual_raster_verification",
        "generated_at": "2026-08-01T00:00:00Z",
        "proposed_radius_m": "130.0",
        "visual_ring_signal_score": "12.33",
        "visual_ring_signal_tier": "weak_centered_ring_signal",
        "visual_metric_eval_use": "include_visual_signal_metric_eval",
        "visual_autonomous_visual_decision": "positive_control_visual_signal_weak_followup",
        "visual_training_use": "exclude_until_independent_label_review",
        "visual_status": "ok",
        "visual_error": ""
      }
    },
    {
      "type": "Feature",
      "geometry": {
        "type": "Point",
        "coordinates": [
          -7.977523074801349,
          43.59443008852639
        ]
      },
      "properties": {
        "bank_id": "pos-es-pba-5561",
        "review_seed_id": "review-pos-0767",
        "control_set_id": "control-v1-0036",
        "review_role": "positive",
        "class_hint": "castro_candidate",
        "country": "ES",
        "region": "Galicia",
        "province_or_district": "A Coruña",
        "municipality": "Cerdido",
        "parish": "Cerdido (San Martiño)",
        "place": "Coto, O",
        "name": "Castro Sete (San Martiño de Cerdido)",
        "source": "Xunta PBA Catálogo. Elementos (xuño 2026)",
        "source_quality": "official_catalogue_seed",
        "source_record_id": "5561",
        "source_code": "GA15025003",
        "typology": "",
        "generic_type": "-",
        "periods": "",
        "positive_confidence": "medium_official_name_or_type",
        "morphology_proxy": "coastal_promontory_hint",
        "negative_type": "",
        "review_priority": "P0",
        "original_training_use": "positive_seed_requires_qgis_boundary_review",
        "auto_review_status": "auto_seeded_requires_visual_verification",
        "auto_decision": "selected_for_control_set_v1",
        "training_use": "exclude_until_visual_raster_verification",
        "generated_at": "2026-08-01T00:00:00Z",
        "proposed_radius_m": "150.0",
        "visual_ring_signal_score": "26.44",
        "visual_ring_signal_tier": "weak_centered_ring_signal",
        "visual_metric_eval_use": "include_visual_signal_metric_eval",
        "visual_autonomous_visual_decision": "positive_control_visual_signal_weak_followup",
        "visual_training_use": "exclude_until_independent_label_review",
        "visual_status": "ok",
        "visual_error": ""
      }
    },
    {
      "type": "Feature",
      "geometry": {
        "type": "Point",
        "coordinates": [
          -7.392643721507893,
          41.198401606753
        ]
      },
      "properties": {
        "bank_id": "pos-pt-dgpc-106059",
        "review_seed_id": "review-pos-0795",
        "control_set_id": "control-v1-0090",
        "review_role": "positive",
        "class_hint": "castro_candidate",
        "country": "PT",
        "region": "Norte de Portugal",
        "province_or_district": "Bragança",
        "municipality": "Carrazeda de Ansiães",
        "parish": "Castanheiro e Ribalonga",
        "place": "",
        "name": "Castro da Rapa",
        "source": "DGPC Portal do Arqueólogo Sitios_Arqueologicos",
        "source_quality": "official_catalogue_seed",
        "source_record_id": "106059",
        "source_code": "16985",
        "typology": "Povoado Fortificado",
        "generic_type": "",
        "periods": "Idade do Bronze;",
        "positive_confidence": "medium_official_name_or_type",
        "morphology_proxy": "earthwork_or_wall_hint",
        "negative_type": "",
        "review_priority": "P0",
        "original_training_use": "positive_seed_requires_qgis_boundary_review",
        "auto_review_status": "auto_seeded_requires_visual_verification",
        "auto_decision": "selected_for_control_set_v1",
        "training_use": "exclude_until_visual_raster_verification",
        "generated_at": "2026-08-01T00:00:00Z",
        "proposed_radius_m": "130.0",
        "visual_ring_signal_score": "44.62",
        "visual_ring_signal_tier": "moderate_centered_ring_signal",
        "visual_metric_eval_use": "include_visual_signal_metric_eval",
        "visual_autonomous_visual_decision": "positive_control_visual_signal_moderate",
        "visual_training_use": "exclude_until_independent_label_review",
        "visual_status": "ok",
        "visual_error": ""
      }
    },
    {
      "type": "Feature",
      "geometry": {
        "type": "Point",
        "coordinates": [
          -9.125885825466083,
          42.913424260742815
        ]
      },
      "properties": {
        "bank_id": "pos-es-pba-9621",
        "review_seed_id": "review-pos-0801",
        "control_set_id": "control-v1-0037",
        "review_role": "positive",
        "class_hint": "castro_candidate",
        "country": "ES",
        "region": "Galicia",
        "province_or_district": "A Coruña",
        "municipality": "Dumbría",
        "parish": "O zaro (Santa Uxía)",
        "place": "Pena, A",
        "name": "Castro de Castromar",
        "source": "Xunta PBA Catálogo. Elementos (xuño 2026)",
        "source_quality": "official_catalogue_seed",
        "source_record_id": "9621",
        "source_code": "GA15034039",
        "typology": "",
        "generic_type": "-",
        "periods": "",
        "positive_confidence": "medium_official_name_or_type",
        "morphology_proxy": "coastal_promontory_hint",
        "negative_type": "",
        "review_priority": "P0",
        "original_training_use": "positive_seed_requires_qgis_boundary_review",
        "auto_review_status": "auto_seeded_requires_visual_verification",
        "auto_decision": "selected_for_control_set_v1",
        "training_use": "exclude_until_visual_raster_verification",
        "generated_at": "2026-08-01T00:00:00Z",
        "proposed_radius_m": "150.0",
        "visual_ring_signal_score": "40.34",
        "visual_ring_signal_tier": "weak_centered_ring_signal",
        "visual_metric_eval_use": "include_visual_signal_metric_eval",
        "visual_autonomous_visual_decision": "positive_control_visual_signal_weak_followup",
        "visual_training_use": "exclude_until_independent_label_review",
        "visual_status": "ok",
        "visual_error": ""
      }
    },
    {
      "type": "Feature",
      "geometry": {
        "type": "Point",
        "coordinates": [
          -6.302826852406688,
          41.45617428101935
        ]
      },
      "properties": {
        "bank_id": "pos-pt-dgpc-107361",
        "review_seed_id": "review-pos-0827",
        "control_set_id": "control-v1-0091",
        "review_role": "positive",
        "class_hint": "castro_candidate",
        "country": "PT",
        "region": "Norte de Portugal",
        "province_or_district": "Bragança",
        "municipality": "Miranda do Douro",
        "parish": "Duas Igrejas",
        "place": "",
        "name": "Casa do Quinteiro/Castro de Cércio",
        "source": "DGPC Portal do Arqueólogo Sitios_Arqueologicos",
        "source_quality": "official_catalogue_seed",
        "source_record_id": "107361",
        "source_code": "2195",
        "typology": "Povoado Fortificado",
        "generic_type": "",
        "periods": "Idade do Ferro;",
        "positive_confidence": "medium_official_name_or_type",
        "morphology_proxy": "earthwork_or_wall_hint",
        "negative_type": "",
        "review_priority": "P0",
        "original_training_use": "positive_seed_requires_qgis_boundary_review",
        "auto_review_status": "auto_seeded_requires_visual_verification",
        "auto_decision": "selected_for_control_set_v1",
        "training_use": "exclude_until_visual_raster_verification",
        "generated_at": "2026-08-01T00:00:00Z",
        "proposed_radius_m": "130.0",
        "visual_ring_signal_score": "34.18",
        "visual_ring_signal_tier": "weak_centered_ring_signal",
        "visual_metric_eval_use": "include_visual_signal_metric_eval",
        "visual_autonomous_visual_decision": "positive_control_visual_signal_weak_followup",
        "visual_training_use": "exclude_until_independent_label_review",
        "visual_status": "ok",
        "visual_error": ""
      }
    },
    {
      "type": "Feature",
      "geometry": {
        "type": "Point",
        "coordinates": [
          -8.249128691469277,
          43.539632953340096
        ]
      },
      "properties": {
        "bank_id": "pos-es-pba-9183",
        "review_seed_id": "review-pos-0833",
        "control_set_id": "control-v1-0038",
        "review_role": "positive",
        "class_hint": "castro_candidate",
        "country": "ES",
        "region": "Galicia",
        "province_or_district": "A Coruña",
        "municipality": "Ferrol",
        "parish": "Marmancón (San Pedro)",
        "place": "Rilo",
        "name": "Castro de Marmancón/Castro de Papoi",
        "source": "Xunta PBA Catálogo. Elementos (xuño 2026)",
        "source_quality": "official_catalogue_seed",
        "source_record_id": "9183",
        "source_code": "GA15036003",
        "typology": "",
        "generic_type": "-",
        "periods": "",
        "positive_confidence": "medium_official_name_or_type",
        "morphology_proxy": "coastal_promontory_hint",
        "negative_type": "",
        "review_priority": "P0",
        "original_training_use": "positive_seed_requires_qgis_boundary_review",
        "auto_review_status": "auto_seeded_requires_visual_verification",
        "auto_decision": "selected_for_control_set_v1",
        "training_use": "exclude_until_visual_raster_verification",
        "generated_at": "2026-08-01T00:00:00Z",
        "proposed_radius_m": "150.0",
        "visual_ring_signal_score": "34.89",
        "visual_ring_signal_tier": "weak_centered_ring_signal",
        "visual_metric_eval_use": "include_visual_signal_metric_eval",
        "visual_autonomous_visual_decision": "positive_control_visual_signal_weak_followup",
        "visual_training_use": "exclude_until_independent_label_review",
        "visual_status": "ok",
        "visual_error": ""
      }
    },
    {
      "type": "Feature",
      "geometry": {
        "type": "Point",
        "coordinates": [
          -8.181544526530962,
          41.59555126991564
        ]
      },
      "properties": {
        "bank_id": "pos-pt-dgpc-107764",
        "review_seed_id": "review-pos-0858",
        "control_set_id": "control-v1-0084",
        "review_role": "positive",
        "class_hint": "castro_candidate",
        "country": "PT",
        "region": "Norte de Portugal",
        "province_or_district": "Braga",
        "municipality": "Póvoa de Lanhoso",
        "parish": "Esperança e Brunhais",
        "place": "",
        "name": "Castro de Brunhais",
        "source": "DGPC Portal do Arqueólogo Sitios_Arqueologicos",
        "source_quality": "official_catalogue_seed",
        "source_record_id": "107764",
        "source_code": "37448",
        "typology": "Povoado Fortificado",
        "generic_type": "",
        "periods": "Idade do Ferro;",
        "positive_confidence": "medium_official_name_or_type",
        "morphology_proxy": "earthwork_or_wall_hint",
        "negative_type": "",
        "review_priority": "P0",
        "original_training_use": "positive_seed_requires_qgis_boundary_review",
        "auto_review_status": "auto_seeded_requires_visual_verification",
        "auto_decision": "selected_for_control_set_v1",
        "training_use": "exclude_until_visual_raster_verification",
        "generated_at": "2026-08-01T00:00:00Z",
        "proposed_radius_m": "130.0",
        "visual_ring_signal_score": "25.45",
        "visual_ring_signal_tier": "weak_centered_ring_signal",
        "visual_metric_eval_use": "include_visual_signal_metric_eval",
        "visual_autonomous_visual_decision": "positive_control_visual_signal_weak_followup",
        "visual_training_use": "exclude_until_independent_label_review",
        "visual_status": "ok",
        "visual_error": ""
      }
    },
    {
      "type": "Feature",
      "geometry": {
        "type": "Point",
        "coordinates": [
          -8.205444887139212,
          43.437132129643814
        ]
      },
      "properties": {
        "bank_id": "pos-es-pba-1956",
        "review_seed_id": "review-pos-0867",
        "control_set_id": "control-v1-0065",
        "review_role": "positive",
        "class_hint": "castro_candidate",
        "country": "ES",
        "region": "Galicia",
        "province_or_district": "A Coruña",
        "municipality": "Ares",
        "parish": "Caamouco (San Vicente)",
        "place": "O Pallizo",
        "name": "A Roda do Castro",
        "source": "Xunta PBA Catálogo. Elementos (xuño 2026)",
        "source_quality": "official_catalogue_seed",
        "source_record_id": "1956",
        "source_code": "GA15051009",
        "typology": "Asentamento fortificado",
        "generic_type": "-",
        "periods": "",
        "positive_confidence": "medium_official_name_or_type",
        "morphology_proxy": "earthwork_or_wall_hint",
        "negative_type": "",
        "review_priority": "P0",
        "original_training_use": "positive_seed_requires_qgis_boundary_review",
        "auto_review_status": "auto_seeded_requires_visual_verification",
        "auto_decision": "selected_for_control_set_v1",
        "training_use": "exclude_until_visual_raster_verification",
        "generated_at": "2026-08-01T00:00:00Z",
        "proposed_radius_m": "130.0",
        "visual_ring_signal_score": "66.01",
        "visual_ring_signal_tier": "strong_centered_ring_signal",
        "visual_metric_eval_use": "include_visual_signal_metric_eval",
        "visual_autonomous_visual_decision": "positive_control_visual_signal_strong",
        "visual_training_use": "exclude_until_independent_label_review",
        "visual_status": "ok",
        "visual_error": ""
      }
    },
    {
      "type": "Feature",
      "geometry": {
        "type": "Point",
        "coordinates": [
          -9.234156185792505,
          42.927865264863684
        ]
      },
      "properties": {
        "bank_id": "pos-es-pba-9894",
        "review_seed_id": "review-pos-0894",
        "control_set_id": "control-v1-0039",
        "review_role": "positive",
        "class_hint": "castro_candidate",
        "country": "ES",
        "region": "Galicia",
        "province_or_district": "A Coruña",
        "municipality": "Fisterra",
        "parish": "Sardiñeiro (San Xoán)",
        "place": "Sardiñeiro de Abaixo",
        "name": "Castro de Punta Sardiñeiro",
        "source": "Xunta PBA Catálogo. Elementos (xuño 2026)",
        "source_quality": "official_catalogue_seed",
        "source_record_id": "9894",
        "source_code": "GA15037012",
        "typology": "Asentamento fortificado/defensivo",
        "generic_type": "-",
        "periods": "",
        "positive_confidence": "medium_official_name_or_type",
        "morphology_proxy": "coastal_promontory_hint",
        "negative_type": "",
        "review_priority": "P0",
        "original_training_use": "positive_seed_requires_qgis_boundary_review",
        "auto_review_status": "auto_seeded_requires_visual_verification",
        "auto_decision": "selected_for_control_set_v1",
        "training_use": "exclude_until_visual_raster_verification",
        "generated_at": "2026-08-01T00:00:00Z",
        "proposed_radius_m": "150.0",
        "visual_ring_signal_score": "65.93",
        "visual_ring_signal_tier": "strong_centered_ring_signal",
        "visual_metric_eval_use": "include_visual_signal_metric_eval",
        "visual_autonomous_visual_decision": "positive_control_visual_signal_strong",
        "visual_training_use": "exclude_until_independent_label_review",
        "visual_status": "ok",
        "visual_error": ""
      }
    },
    {
      "type": "Feature",
      "geometry": {
        "type": "Point",
        "coordinates": [
          -8.165045736465748,
          41.62964513282357
        ]
      },
      "properties": {
        "bank_id": "pos-pt-dgpc-109395",
        "review_seed_id": "review-pos-0916",
        "control_set_id": "control-v1-0085",
        "review_role": "positive",
        "class_hint": "castro_candidate",
        "country": "PT",
        "region": "Norte de Portugal",
        "province_or_district": "Braga",
        "municipality": "Vieira do Minho",
        "parish": "Tabuaças",
        "place": "",
        "name": "Castro de Atafona",
        "source": "DGPC Portal do Arqueólogo Sitios_Arqueologicos",
        "source_quality": "official_catalogue_seed",
        "source_record_id": "109395",
        "source_code": "30003",
        "typology": "Povoado Fortificado",
        "generic_type": "",
        "periods": "Idade do Ferro;",
        "positive_confidence": "medium_official_name_or_type",
        "morphology_proxy": "earthwork_or_wall_hint",
        "negative_type": "",
        "review_priority": "P0",
        "original_training_use": "positive_seed_requires_qgis_boundary_review",
        "auto_review_status": "auto_seeded_requires_visual_verification",
        "auto_decision": "selected_for_control_set_v1",
        "training_use": "exclude_until_visual_raster_verification",
        "generated_at": "2026-08-01T00:00:00Z",
        "proposed_radius_m": "130.0",
        "visual_ring_signal_score": "13.60",
        "visual_ring_signal_tier": "weak_centered_ring_signal",
        "visual_metric_eval_use": "include_visual_signal_metric_eval",
        "visual_autonomous_visual_decision": "positive_control_visual_signal_weak_followup",
        "visual_training_use": "exclude_until_independent_label_review",
        "visual_status": "ok",
        "visual_error": ""
      }
    },
    {
      "type": "Feature",
      "geometry": {
        "type": "Point",
        "coordinates": [
          -7.158131999488469,
          41.60346248306208
        ]
      },
      "properties": {
        "bank_id": "pos-pt-dgpc-109015",
        "review_seed_id": "review-pos-0917",
        "control_set_id": "control-v1-0092",
        "review_role": "positive",
        "class_hint": "castro_candidate",
        "country": "PT",
        "region": "Norte de Portugal",
        "province_or_district": "Bragança",
        "municipality": "Mirandela",
        "parish": "Múrias",
        "place": "",
        "name": "Castro de São Juzenda",
        "source": "DGPC Portal do Arqueólogo Sitios_Arqueologicos",
        "source_quality": "official_catalogue_seed",
        "source_record_id": "109015",
        "source_code": "136",
        "typology": "Povoado Fortificado",
        "generic_type": "",
        "periods": "Romano;Idade do Ferro;",
        "positive_confidence": "medium_official_name_or_type",
        "morphology_proxy": "earthwork_or_wall_hint",
        "negative_type": "",
        "review_priority": "P0",
        "original_training_use": "positive_seed_requires_qgis_boundary_review",
        "auto_review_status": "auto_seeded_requires_visual_verification",
        "auto_decision": "selected_for_control_set_v1",
        "training_use": "exclude_until_visual_raster_verification",
        "generated_at": "2026-08-01T00:00:00Z",
        "proposed_radius_m": "130.0",
        "visual_ring_signal_score": "32.55",
        "visual_ring_signal_tier": "weak_centered_ring_signal",
        "visual_metric_eval_use": "include_visual_signal_metric_eval",
        "visual_autonomous_visual_decision": "positive_control_visual_signal_weak_followup",
        "visual_training_use": "exclude_until_independent_label_review",
        "visual_status": "ok",
        "visual_error": ""
      }
    },
    {
      "type": "Feature",
      "geometry": {
        "type": "Point",
        "coordinates": [
          -8.279980910734333,
          43.0408031904719
        ]
      },
      "properties": {
        "bank_id": "pos-es-pba-11754",
        "review_seed_id": "review-pos-0922",
        "control_set_id": "control-v1-0040",
        "review_role": "positive",
        "class_hint": "castro_candidate",
        "country": "ES",
        "region": "Galicia",
        "province_or_district": "A Coruña",
        "municipality": "Frades",
        "parish": "Frades (San Martiño)",
        "place": "Vilar, O",
        "name": "Castro de San Amaro",
        "source": "Xunta PBA Catálogo. Elementos (xuño 2026)",
        "source_quality": "official_catalogue_seed",
        "source_record_id": "11754",
        "source_code": "GA15038025",
        "typology": "",
        "generic_type": "-",
        "periods": "",
        "positive_confidence": "medium_official_name_or_type",
        "morphology_proxy": "coastal_promontory_hint",
        "negative_type": "",
        "review_priority": "P0",
        "original_training_use": "positive_seed_requires_qgis_boundary_review",
        "auto_review_status": "auto_seeded_requires_visual_verification",
        "auto_decision": "selected_for_control_set_v1",
        "training_use": "exclude_until_visual_raster_verification",
        "generated_at": "2026-08-01T00:00:00Z",
        "proposed_radius_m": "150.0",
        "visual_ring_signal_score": "14.42",
        "visual_ring_signal_tier": "weak_centered_ring_signal",
        "visual_metric_eval_use": "include_visual_signal_metric_eval",
        "visual_autonomous_visual_decision": "positive_control_visual_signal_weak_followup",
        "visual_training_use": "exclude_until_independent_label_review",
        "visual_status": "ok",
        "visual_error": ""
      }
    },
    {
      "type": "Feature",
      "geometry": {
        "type": "Point",
        "coordinates": [
          -8.536059288556148,
          41.392054293223445
        ]
      },
      "properties": {
        "bank_id": "pos-pt-dgpc-107173",
        "review_seed_id": "review-pos-0944",
        "control_set_id": "control-v1-0086",
        "review_role": "positive",
        "class_hint": "castro_candidate",
        "country": "PT",
        "region": "Norte de Portugal",
        "province_or_district": "Braga",
        "municipality": "Vila Nova de Famalicão",
        "parish": "Vila Nova de Famalicão e Calendário",
        "place": "",
        "name": "Castro de São Miguel-o-Anjo",
        "source": "DGPC Portal do Arqueólogo Sitios_Arqueologicos",
        "source_quality": "official_catalogue_seed",
        "source_record_id": "107173",
        "source_code": "1528",
        "typology": "Povoado Fortificado",
        "generic_type": "",
        "periods": "Romano;Idade do Ferro;",
        "positive_confidence": "medium_official_name_or_type",
        "morphology_proxy": "earthwork_or_wall_hint",
        "negative_type": "",
        "review_priority": "P0",
        "original_training_use": "positive_seed_requires_qgis_boundary_review",
        "auto_review_status": "auto_seeded_requires_visual_verification",
        "auto_decision": "selected_for_control_set_v1",
        "training_use": "exclude_until_visual_raster_verification",
        "generated_at": "2026-08-01T00:00:00Z",
        "proposed_radius_m": "130.0",
        "visual_ring_signal_score": "28.09",
        "visual_ring_signal_tier": "weak_centered_ring_signal",
        "visual_metric_eval_use": "include_visual_signal_metric_eval",
        "visual_autonomous_visual_decision": "positive_control_visual_signal_weak_followup",
        "visual_training_use": "exclude_until_independent_label_review",
        "visual_status": "ok",
        "visual_error": ""
      }
    },
    {
      "type": "Feature",
      "geometry": {
        "type": "Point",
        "coordinates": [
          -8.082323000678977,
          42.955885185539145
        ]
      },
      "properties": {
        "bank_id": "pos-es-pba-12426",
        "review_seed_id": "review-pos-0950",
        "control_set_id": "control-v1-0042",
        "review_role": "positive",
        "class_hint": "castro_candidate",
        "country": "ES",
        "region": "Galicia",
        "province_or_district": "A Coruña",
        "municipality": "Melide",
        "parish": "Maceda (San Pedro)",
        "place": "Piñeiro",
        "name": "Castro de Marrás/O Convento",
        "source": "Xunta PBA Catálogo. Elementos (xuño 2026)",
        "source_quality": "official_catalogue_seed",
        "source_record_id": "12426",
        "source_code": "GA15046011",
        "typology": "",
        "generic_type": "-",
        "periods": "",
        "positive_confidence": "medium_official_name_or_type",
        "morphology_proxy": "coastal_promontory_hint",
        "negative_type": "",
        "review_priority": "P0",
        "original_training_use": "positive_seed_requires_qgis_boundary_review",
        "auto_review_status": "auto_seeded_requires_visual_verification",
        "auto_decision": "selected_for_control_set_v1",
        "training_use": "exclude_until_visual_raster_verification",
        "generated_at": "2026-08-01T00:00:00Z",
        "proposed_radius_m": "150.0",
        "visual_ring_signal_score": "27.73",
        "visual_ring_signal_tier": "weak_centered_ring_signal",
        "visual_metric_eval_use": "include_visual_signal_metric_eval",
        "visual_autonomous_visual_decision": "positive_control_visual_signal_weak_followup",
        "visual_training_use": "exclude_until_independent_label_review",
        "visual_status": "ok",
        "visual_error": ""
      }
    },
    {
      "type": "Feature",
      "geometry": {
        "type": "Point",
        "coordinates": [
          -6.829232599892753,
          41.37631062017529
        ]
      },
      "properties": {
        "bank_id": "pos-pt-dgpc-106948",
        "review_seed_id": "review-pos-0973",
        "control_set_id": "control-v1-0093",
        "review_role": "positive",
        "class_hint": "castro_candidate",
        "country": "PT",
        "region": "Norte de Portugal",
        "province_or_district": "Bragança",
        "municipality": "Mogadouro",
        "parish": "Castro Vicente",
        "place": "",
        "name": "Castro Vicente / Senhor da Fraga / Santo Cristo",
        "source": "DGPC Portal do Arqueólogo Sitios_Arqueologicos",
        "source_quality": "official_catalogue_seed",
        "source_record_id": "106948",
        "source_code": "226",
        "typology": "Povoado Fortificado",
        "generic_type": "",
        "periods": "Idade do Ferro;Romano;Idade Média;",
        "positive_confidence": "medium_official_name_or_type",
        "morphology_proxy": "earthwork_or_wall_hint",
        "negative_type": "",
        "review_priority": "P0",
        "original_training_use": "positive_seed_requires_qgis_boundary_review",
        "auto_review_status": "auto_seeded_requires_visual_verification",
        "auto_decision": "selected_for_control_set_v1",
        "training_use": "exclude_until_visual_raster_verification",
        "generated_at": "2026-08-01T00:00:00Z",
        "proposed_radius_m": "130.0",
        "visual_ring_signal_score": "35.26",
        "visual_ring_signal_tier": "weak_centered_ring_signal",
        "visual_metric_eval_use": "include_visual_signal_metric_eval",
        "visual_autonomous_visual_decision": "positive_control_visual_signal_weak_followup",
        "visual_training_use": "exclude_until_independent_label_review",
        "visual_status": "ok",
        "visual_error": ""
      }
    },
    {
      "type": "Feature",
      "geometry": {
        "type": "Point",
        "coordinates": [
          -8.198217063517756,
          43.35934660175386
        ]
      },
      "properties": {
        "bank_id": "pos-es-pba-13836",
        "review_seed_id": "review-pos-0978",
        "control_set_id": "control-v1-0043",
        "review_role": "positive",
        "class_hint": "castro_candidate",
        "country": "ES",
        "region": "Galicia",
        "province_or_district": "A Coruña",
        "municipality": "Miño",
        "parish": "Castro (Santa María)",
        "place": "Bañobre",
        "name": "Casa reitoral de Santa María de Castro",
        "source": "Xunta PBA Catálogo. Elementos (xuño 2026)",
        "source_quality": "official_catalogue_seed",
        "source_record_id": "13836",
        "source_code": "-",
        "typology": "",
        "generic_type": "-",
        "periods": "",
        "positive_confidence": "medium_official_name_or_type",
        "morphology_proxy": "coastal_promontory_hint",
        "negative_type": "",
        "review_priority": "P0",
        "original_training_use": "positive_seed_requires_qgis_boundary_review",
        "auto_review_status": "auto_seeded_requires_visual_verification",
        "auto_decision": "selected_for_control_set_v1",
        "training_use": "exclude_until_visual_raster_verification",
        "generated_at": "2026-08-01T00:00:00Z",
        "proposed_radius_m": "150.0",
        "visual_ring_signal_score": "41.17",
        "visual_ring_signal_tier": "weak_centered_ring_signal",
        "visual_metric_eval_use": "include_visual_signal_metric_eval",
        "visual_autonomous_visual_decision": "positive_control_visual_signal_weak_followup",
        "visual_training_use": "exclude_until_independent_label_review",
        "visual_status": "ok",
        "visual_error": ""
      }
    },
    {
      "type": "Feature",
      "geometry": {
        "type": "Point",
        "coordinates": [
          -8.57589025405589,
          43.30150846198893
        ]
      },
      "properties": {
        "bank_id": "pos-es-pba-1657",
        "review_seed_id": "review-pos-0980",
        "control_set_id": "control-v1-0066",
        "review_role": "positive",
        "class_hint": "castro_candidate",
        "country": "ES",
        "region": "Galicia",
        "province_or_district": "A Coruña",
        "municipality": "Arteixo",
        "parish": "Sorrizo (San Pedro)",
        "place": "Castelo",
        "name": "Castro de Castelo",
        "source": "Xunta PBA Catálogo. Elementos (xuño 2026)",
        "source_quality": "official_catalogue_seed",
        "source_record_id": "1657",
        "source_code": "GA15005020",
        "typology": "Asentamento fortificado/defensivo",
        "generic_type": "-",
        "periods": "",
        "positive_confidence": "medium_official_name_or_type",
        "morphology_proxy": "earthwork_or_wall_hint",
        "negative_type": "",
        "review_priority": "P0",
        "original_training_use": "positive_seed_requires_qgis_boundary_review",
        "auto_review_status": "auto_seeded_requires_visual_verification",
        "auto_decision": "selected_for_control_set_v1",
        "training_use": "exclude_until_visual_raster_verification",
        "generated_at": "2026-08-01T00:00:00Z",
        "proposed_radius_m": "130.0",
        "visual_ring_signal_score": "10.29",
        "visual_ring_signal_tier": "weak_centered_ring_signal",
        "visual_metric_eval_use": "include_visual_signal_metric_eval",
        "visual_autonomous_visual_decision": "positive_control_visual_signal_weak_followup",
        "visual_training_use": "exclude_until_independent_label_review",
        "visual_status": "ok",
        "visual_error": ""
      }
    },
    {
      "type": "Feature",
      "geometry": {
        "type": "Point",
        "coordinates": [
          -8.535870242490057,
          41.65091039124731
        ]
      },
      "properties": {
        "bank_id": "pos-pt-dgpc-109844",
        "review_seed_id": "review-pos-0998",
        "control_set_id": "control-v1-0087",
        "review_role": "positive",
        "class_hint": "castro_candidate",
        "country": "PT",
        "region": "Norte de Portugal",
        "province_or_district": "Braga",
        "municipality": "Vila Verde",
        "parish": "Escariz (São Memde) e Escariz (São Martinho)",
        "place": "",
        "name": "Castro de Escariz / São Ilus",
        "source": "DGPC Portal do Arqueólogo Sitios_Arqueologicos",
        "source_quality": "official_catalogue_seed",
        "source_record_id": "109844",
        "source_code": "3616",
        "typology": "Povoado Fortificado",
        "generic_type": "",
        "periods": "Idade do Ferro;Romano;",
        "positive_confidence": "medium_official_name_or_type",
        "morphology_proxy": "earthwork_or_wall_hint",
        "negative_type": "",
        "review_priority": "P0",
        "original_training_use": "positive_seed_requires_qgis_boundary_review",
        "auto_review_status": "auto_seeded_requires_visual_verification",
        "auto_decision": "selected_for_control_set_v1",
        "training_use": "exclude_until_visual_raster_verification",
        "generated_at": "2026-08-01T00:00:00Z",
        "proposed_radius_m": "130.0",
        "visual_ring_signal_score": "12.78",
        "visual_ring_signal_tier": "weak_centered_ring_signal",
        "visual_metric_eval_use": "include_visual_signal_metric_eval",
        "visual_autonomous_visual_decision": "positive_control_visual_signal_weak_followup",
        "visual_training_use": "exclude_until_independent_label_review",
        "visual_status": "ok",
        "visual_error": ""
      }
    },
    {
      "type": "Feature",
      "geometry": {
        "type": "Point",
        "coordinates": [
          -6.580190574636504,
          41.63402411221168
        ]
      },
      "properties": {
        "bank_id": "pos-pt-dgpc-109476",
        "review_seed_id": "review-pos-1025",
        "control_set_id": "control-v1-0094",
        "review_role": "positive",
        "class_hint": "castro_candidate",
        "country": "PT",
        "region": "Norte de Portugal",
        "province_or_district": "Bragança",
        "municipality": "Vimioso",
        "parish": "Argozelo",
        "place": "",
        "name": "Castro do Serro Grande",
        "source": "DGPC Portal do Arqueólogo Sitios_Arqueologicos",
        "source_quality": "official_catalogue_seed",
        "source_record_id": "109476",
        "source_code": "3943",
        "typology": "Povoado Fortificado",
        "generic_type": "",
        "periods": "Idade do Ferro;Idade Média;",
        "positive_confidence": "medium_official_name_or_type",
        "morphology_proxy": "earthwork_or_wall_hint",
        "negative_type": "",
        "review_priority": "P0",
        "original_training_use": "positive_seed_requires_qgis_boundary_review",
        "auto_review_status": "auto_seeded_requires_visual_verification",
        "auto_decision": "selected_for_control_set_v1",
        "training_use": "exclude_until_visual_raster_verification",
        "generated_at": "2026-08-01T00:00:00Z",
        "proposed_radius_m": "130.0",
        "visual_ring_signal_score": "24.13",
        "visual_ring_signal_tier": "weak_centered_ring_signal",
        "visual_metric_eval_use": "include_visual_signal_metric_eval",
        "visual_autonomous_visual_decision": "positive_control_visual_signal_weak_followup",
        "visual_training_use": "exclude_until_independent_label_review",
        "visual_status": "ok",
        "visual_error": ""
      }
    },
    {
      "type": "Feature",
      "geometry": {
        "type": "Point",
        "coordinates": [
          -8.17734756224134,
          43.54362498226654
        ]
      },
      "properties": {
        "bank_id": "pos-es-pba-14517",
        "review_seed_id": "review-pos-1055",
        "control_set_id": "control-v1-0044",
        "review_role": "positive",
        "class_hint": "castro_candidate",
        "country": "ES",
        "region": "Galicia",
        "province_or_district": "A Coruña",
        "municipality": "Narón",
        "parish": "Castro (Santa María)",
        "place": "Nelle",
        "name": "Casa reitoral de Santa María de Castro",
        "source": "Xunta PBA Catálogo. Elementos (xuño 2026)",
        "source_quality": "official_catalogue_seed",
        "source_record_id": "14517",
        "source_code": "-",
        "typology": "",
        "generic_type": "-",
        "periods": "",
        "positive_confidence": "medium_official_name_or_type",
        "morphology_proxy": "coastal_promontory_hint",
        "negative_type": "",
        "review_priority": "P0",
        "original_training_use": "positive_seed_requires_qgis_boundary_review",
        "auto_review_status": "auto_seeded_requires_visual_verification",
        "auto_decision": "selected_for_control_set_v1",
        "training_use": "exclude_until_visual_raster_verification",
        "generated_at": "2026-08-01T00:00:00Z",
        "proposed_radius_m": "150.0",
        "visual_ring_signal_score": "19.92",
        "visual_ring_signal_tier": "weak_centered_ring_signal",
        "visual_metric_eval_use": "include_visual_signal_metric_eval",
        "visual_autonomous_visual_decision": "positive_control_visual_signal_weak_followup",
        "visual_training_use": "exclude_until_independent_label_review",
        "visual_status": "ok",
        "visual_error": ""
      }
    },
    {
      "type": "Feature",
      "geometry": {
        "type": "Point",
        "coordinates": [
          -9.188019184957065,
          42.988473971672384
        ]
      },
      "properties": {
        "bank_id": "pos-es-pba-6108",
        "review_seed_id": "review-pos-1057",
        "control_set_id": "control-v1-0067",
        "review_role": "positive",
        "class_hint": "castro_candidate",
        "country": "ES",
        "region": "Galicia",
        "province_or_district": "A Coruña",
        "municipality": "Cee",
        "parish": "A Pereiriña (San Xián)",
        "place": "Morancelle",
        "name": "Castro de Pereiriña",
        "source": "Xunta PBA Catálogo. Elementos (xuño 2026)",
        "source_quality": "official_catalogue_seed",
        "source_record_id": "6108",
        "source_code": "TO15023001",
        "typology": "Asentamento fortificado/defensivo",
        "generic_type": "-",
        "periods": "",
        "positive_confidence": "medium_official_name_or_type",
        "morphology_proxy": "earthwork_or_wall_hint",
        "negative_type": "",
        "review_priority": "P0",
        "original_training_use": "positive_seed_requires_qgis_boundary_review",
        "auto_review_status": "auto_seeded_requires_visual_verification",
        "auto_decision": "selected_for_control_set_v1",
        "training_use": "exclude_until_visual_raster_verification",
        "generated_at": "2026-08-01T00:00:00Z",
        "proposed_radius_m": "130.0",
        "visual_ring_signal_score": "39.31",
        "visual_ring_signal_tier": "weak_centered_ring_signal",
        "visual_metric_eval_use": "include_visual_signal_metric_eval",
        "visual_autonomous_visual_decision": "positive_control_visual_signal_weak_followup",
        "visual_training_use": "exclude_until_independent_label_review",
        "visual_status": "ok",
        "visual_error": ""
      }
    },
    {
      "type": "Feature",
      "geometry": {
        "type": "Point",
        "coordinates": [
          -6.932546403445836,
          41.86575125935737
        ]
      },
      "properties": {
        "bank_id": "pos-pt-dgpc-108213",
        "review_seed_id": "review-pos-1074",
        "control_set_id": "control-v1-0095",
        "review_role": "positive",
        "class_hint": "castro_candidate",
        "country": "PT",
        "region": "Norte de Portugal",
        "province_or_district": "Bragança",
        "municipality": "Vinhais",
        "parish": "Paçó",
        "place": "",
        "name": "Castro",
        "source": "DGPC Portal do Arqueólogo Sitios_Arqueologicos",
        "source_quality": "official_catalogue_seed",
        "source_record_id": "108213",
        "source_code": "17496",
        "typology": "Povoado Fortificado",
        "generic_type": "",
        "periods": "Idade do Ferro;Romano;",
        "positive_confidence": "medium_official_name_or_type",
        "morphology_proxy": "earthwork_or_wall_hint",
        "negative_type": "",
        "review_priority": "P0",
        "original_training_use": "positive_seed_requires_qgis_boundary_review",
        "auto_review_status": "auto_seeded_requires_visual_verification",
        "auto_decision": "selected_for_control_set_v1",
        "training_use": "exclude_until_visual_raster_verification",
        "generated_at": "2026-08-01T00:00:00Z",
        "proposed_radius_m": "130.0",
        "visual_ring_signal_score": "58.23",
        "visual_ring_signal_tier": "moderate_centered_ring_signal",
        "visual_metric_eval_use": "include_visual_signal_metric_eval",
        "visual_autonomous_visual_decision": "positive_control_visual_signal_moderate",
        "visual_training_use": "exclude_until_independent_label_review",
        "visual_status": "ok",
        "visual_error": ""
      }
    },
    {
      "type": "Feature",
      "geometry": {
        "type": "Point",
        "coordinates": [
          -9.190875496771685,
          42.93237616790018
        ]
      },
      "properties": {
        "bank_id": "pos-es-pba-5977",
        "review_seed_id": "review-pos-1081",
        "control_set_id": "control-v1-0068",
        "review_role": "positive",
        "class_hint": "castro_candidate",
        "country": "ES",
        "region": "Galicia",
        "province_or_district": "A Coruña",
        "municipality": "Corcubión",
        "parish": "Redonda (San Pedro)",
        "place": "Quenxe",
        "name": "Castro de Quenxe",
        "source": "Xunta PBA Catálogo. Elementos (xuño 2026)",
        "source_quality": "official_catalogue_seed",
        "source_record_id": "5977",
        "source_code": "GA15028001",
        "typology": "Asentamento fortificado/defensivo",
        "generic_type": "-",
        "periods": "",
        "positive_confidence": "medium_official_name_or_type",
        "morphology_proxy": "earthwork_or_wall_hint",
        "negative_type": "",
        "review_priority": "P0",
        "original_training_use": "positive_seed_requires_qgis_boundary_review",
        "auto_review_status": "auto_seeded_requires_visual_verification",
        "auto_decision": "selected_for_control_set_v1",
        "training_use": "exclude_until_visual_raster_verification",
        "generated_at": "2026-08-01T00:00:00Z",
        "proposed_radius_m": "130.0",
        "visual_ring_signal_score": "48.14",
        "visual_ring_signal_tier": "moderate_centered_ring_signal",
        "visual_metric_eval_use": "include_visual_signal_metric_eval",
        "visual_autonomous_visual_decision": "positive_control_visual_signal_moderate",
        "visual_training_use": "exclude_until_independent_label_review",
        "visual_status": "ok",
        "visual_error": ""
      }
    },
    {
      "type": "Feature",
      "geometry": {
        "type": "Point",
        "coordinates": [
          -8.39921799388495,
          42.919117001559336
        ]
      },
      "properties": {
        "bank_id": "pos-es-pba-16735",
        "review_seed_id": "review-pos-1126",
        "control_set_id": "control-v1-0046",
        "review_role": "positive",
        "class_hint": "castro_candidate",
        "country": "ES",
        "region": "Galicia",
        "province_or_district": "A Coruña",
        "municipality": "O Pino",
        "parish": "Castrofeito (Santa María)",
        "place": "Igrexa, A",
        "name": "Casa reitoral de Santa María de Castrofeito",
        "source": "Xunta PBA Catálogo. Elementos (xuño 2026)",
        "source_quality": "official_catalogue_seed",
        "source_record_id": "16735",
        "source_code": "-",
        "typology": "",
        "generic_type": "-",
        "periods": "",
        "positive_confidence": "medium_official_name_or_type",
        "morphology_proxy": "coastal_promontory_hint",
        "negative_type": "",
        "review_priority": "P0",
        "original_training_use": "positive_seed_requires_qgis_boundary_review",
        "auto_review_status": "auto_seeded_requires_visual_verification",
        "auto_decision": "selected_for_control_set_v1",
        "training_use": "exclude_until_visual_raster_verification",
        "generated_at": "2026-08-01T00:00:00Z",
        "proposed_radius_m": "150.0",
        "visual_ring_signal_score": "9.95",
        "visual_ring_signal_tier": "weak_centered_ring_signal",
        "visual_metric_eval_use": "include_visual_signal_metric_eval",
        "visual_autonomous_visual_decision": "positive_control_visual_signal_weak_followup",
        "visual_training_use": "exclude_until_independent_label_review",
        "visual_status": "ok",
        "visual_error": ""
      }
    },
    {
      "type": "Feature",
      "geometry": {
        "type": "Point",
        "coordinates": [
          -9.282925068561843,
          42.953888144070575
        ]
      },
      "properties": {
        "bank_id": "pos-es-pba-9892",
        "review_seed_id": "review-pos-1128",
        "control_set_id": "control-v1-0069",
        "review_role": "positive",
        "class_hint": "castro_candidate",
        "country": "ES",
        "region": "Galicia",
        "province_or_district": "A Coruña",
        "municipality": "Fisterra",
        "parish": "Sardiñeiro (San Xoán)",
        "place": "Castromiñán",
        "name": "Castro de Castromiñán",
        "source": "Xunta PBA Catálogo. Elementos (xuño 2026)",
        "source_quality": "official_catalogue_seed",
        "source_record_id": "9892",
        "source_code": "GA15037001",
        "typology": "Asentamento fortificado/defensivo",
        "generic_type": "-",
        "periods": "",
        "positive_confidence": "medium_official_name_or_type",
        "morphology_proxy": "earthwork_or_wall_hint",
        "negative_type": "",
        "review_priority": "P0",
        "original_training_use": "positive_seed_requires_qgis_boundary_review",
        "auto_review_status": "auto_seeded_requires_visual_verification",
        "auto_decision": "selected_for_control_set_v1",
        "training_use": "exclude_until_visual_raster_verification",
        "generated_at": "2026-08-01T00:00:00Z",
        "proposed_radius_m": "130.0",
        "visual_ring_signal_score": "59.86",
        "visual_ring_signal_tier": "moderate_centered_ring_signal",
        "visual_metric_eval_use": "include_visual_signal_metric_eval",
        "visual_autonomous_visual_decision": "positive_control_visual_signal_moderate",
        "visual_training_use": "exclude_until_independent_label_review",
        "visual_status": "ok",
        "visual_error": ""
      }
    },
    {
      "type": "Feature",
      "geometry": {
        "type": "Point",
        "coordinates": [
          -8.446015454961984,
          43.06063953157155
        ]
      },
      "properties": {
        "bank_id": "pos-es-pba-15375",
        "review_seed_id": "review-pos-1171",
        "control_set_id": "control-v1-0048",
        "review_role": "positive",
        "class_hint": "castro_candidate",
        "country": "ES",
        "region": "Galicia",
        "province_or_district": "A Coruña",
        "municipality": "Ordes",
        "parish": "Parada (Santa Mariña)",
        "place": "Castro, O",
        "name": "O Castro/Castro de Pumariño",
        "source": "Xunta PBA Catálogo. Elementos (xuño 2026)",
        "source_quality": "official_catalogue_seed",
        "source_record_id": "15375",
        "source_code": "GA15059051",
        "typology": "",
        "generic_type": "-",
        "periods": "",
        "positive_confidence": "medium_official_name_or_type",
        "morphology_proxy": "coastal_promontory_hint",
        "negative_type": "",
        "review_priority": "P0",
        "original_training_use": "positive_seed_requires_qgis_boundary_review",
        "auto_review_status": "auto_seeded_requires_visual_verification",
        "auto_decision": "selected_for_control_set_v1",
        "training_use": "exclude_until_visual_raster_verification",
        "generated_at": "2026-08-01T00:00:00Z",
        "proposed_radius_m": "150.0",
        "visual_ring_signal_score": "15.77",
        "visual_ring_signal_tier": "weak_centered_ring_signal",
        "visual_metric_eval_use": "include_visual_signal_metric_eval",
        "visual_autonomous_visual_decision": "positive_control_visual_signal_weak_followup",
        "visual_training_use": "exclude_until_independent_label_review",
        "visual_status": "ok",
        "visual_error": ""
      }
    },
    {
      "type": "Feature",
      "geometry": {
        "type": "Point",
        "coordinates": [
          -8.286253420784236,
          43.13064428026022
        ]
      },
      "properties": {
        "bank_id": "pos-es-pba-12434",
        "review_seed_id": "review-pos-1173",
        "control_set_id": "control-v1-0070",
        "review_role": "positive",
        "class_hint": "castro_candidate",
        "country": "ES",
        "region": "Galicia",
        "province_or_district": "A Coruña",
        "municipality": "Mesía",
        "parish": "Visantoña (San Martiño)",
        "place": "Paiceiras, As",
        "name": "Castro da Braña",
        "source": "Xunta PBA Catálogo. Elementos (xuño 2026)",
        "source_quality": "official_catalogue_seed",
        "source_record_id": "12434",
        "source_code": "GA15026010",
        "typology": "Asentamento fortificado/defensivo",
        "generic_type": "-",
        "periods": "",
        "positive_confidence": "medium_official_name_or_type",
        "morphology_proxy": "earthwork_or_wall_hint",
        "negative_type": "",
        "review_priority": "P0",
        "original_training_use": "positive_seed_requires_qgis_boundary_review",
        "auto_review_status": "auto_seeded_requires_visual_verification",
        "auto_decision": "selected_for_control_set_v1",
        "training_use": "exclude_until_visual_raster_verification",
        "generated_at": "2026-08-01T00:00:00Z",
        "proposed_radius_m": "130.0",
        "visual_ring_signal_score": "16.63",
        "visual_ring_signal_tier": "weak_centered_ring_signal",
        "visual_metric_eval_use": "include_visual_signal_metric_eval",
        "visual_autonomous_visual_decision": "positive_control_visual_signal_weak_followup",
        "visual_training_use": "exclude_until_independent_label_review",
        "visual_status": "ok",
        "visual_error": ""
      }
    },
    {
      "type": "Feature",
      "geometry": {
        "type": "Point",
        "coordinates": [
          -7.822518033989244,
          43.714382404368145
        ]
      },
      "properties": {
        "bank_id": "pos-es-pba-17473",
        "review_seed_id": "review-pos-1192",
        "control_set_id": "control-v1-0049",
        "review_role": "positive",
        "class_hint": "castro_candidate",
        "country": "ES",
        "region": "Galicia",
        "province_or_district": "A Coruña",
        "municipality": "Ortigueira",
        "parish": "Ladrido (Santalla)",
        "place": "Castros, Os",
        "name": "Castro de Punta do Tallo",
        "source": "Xunta PBA Catálogo. Elementos (xuño 2026)",
        "source_quality": "official_catalogue_seed",
        "source_record_id": "17473",
        "source_code": "GA15061001",
        "typology": "",
        "generic_type": "-",
        "periods": "",
        "positive_confidence": "medium_official_name_or_type",
        "morphology_proxy": "coastal_promontory_hint",
        "negative_type": "",
        "review_priority": "P0",
        "original_training_use": "positive_seed_requires_qgis_boundary_review",
        "auto_review_status": "auto_seeded_requires_visual_verification",
        "auto_decision": "selected_for_control_set_v1",
        "training_use": "exclude_until_visual_raster_verification",
        "generated_at": "2026-08-01T00:00:00Z",
        "proposed_radius_m": "150.0",
        "visual_ring_signal_score": "17.26",
        "visual_ring_signal_tier": "weak_centered_ring_signal",
        "visual_metric_eval_use": "include_visual_signal_metric_eval",
        "visual_autonomous_visual_decision": "positive_control_visual_signal_weak_followup",
        "visual_training_use": "exclude_until_independent_label_review",
        "visual_status": "ok",
        "visual_error": ""
      }
    },
    {
      "type": "Feature",
      "geometry": {
        "type": "Point",
        "coordinates": [
          -8.391793114850639,
          43.35586873279397
        ]
      },
      "properties": {
        "bank_id": "neg-es-pba-7236",
        "review_seed_id": "review-neg-0001",
        "control_set_id": "control-v1-0151",
        "review_role": "negative",
        "class_hint": "hard_negative_candidate",
        "country": "ES",
        "region": "Galicia",
        "province_or_district": "A Coruña",
        "municipality": "A Coruña",
        "parish": "A Coruña",
        "place": "Peirao de San Diego",
        "name": "Castelo/Batería de San Diego",
        "source": "Xunta PBA Catálogo. Elementos (xuño 2026)",
        "source_quality": "official_non_castro_heritage_seed",
        "source_record_id": "7236",
        "source_code": "GA15030013",
        "typology": "Batería costeira",
        "generic_type": "DEF",
        "periods": "",
        "positive_confidence": "",
        "morphology_proxy": "",
        "negative_type": "historic_fortification",
        "review_priority": "P0",
        "original_training_use": "hard_negative_candidate_requires_qgis_review",
        "auto_review_status": "auto_seeded_requires_visual_verification",
        "auto_decision": "selected_for_control_set_v1",
        "training_use": "exclude_until_visual_raster_verification",
        "generated_at": "2026-08-01T00:00:00Z",
        "proposed_radius_m": "100.0",
        "visual_ring_signal_score": "25.20",
        "visual_ring_signal_tier": "weak_centered_ring_signal",
        "visual_metric_eval_use": "include_visual_signal_metric_eval",
        "visual_autonomous_visual_decision": "negative_control_visual_signal_weak",
        "visual_training_use": "exclude_until_independent_label_review",
        "visual_status": "ok",
        "visual_error": ""
      }
    },
    {
      "type": "Feature",
      "geometry": {
        "type": "Point",
        "coordinates": [
          -8.791242239042381,
          42.967361053454454
        ]
      },
      "properties": {
        "bank_id": "neg-es-pba-1403",
        "review_seed_id": "review-neg-0002",
        "control_set_id": "control-v1-0101",
        "review_role": "negative",
        "class_hint": "hard_negative_candidate",
        "country": "ES",
        "region": "Galicia",
        "province_or_district": "A Coruña",
        "municipality": "A Baña",
        "parish": "Corneira (San Cristovo)",
        "place": "Ferraces",
        "name": "Mámoa da Lagoa",
        "source": "Xunta PBA Catálogo. Elementos (xuño 2026)",
        "source_quality": "official_non_castro_heritage_seed",
        "source_record_id": "1403",
        "source_code": "GA15007060",
        "typology": "",
        "generic_type": "-",
        "periods": "",
        "positive_confidence": "",
        "morphology_proxy": "",
        "negative_type": "megalithic_mound",
        "review_priority": "P0",
        "original_training_use": "hard_negative_candidate_requires_qgis_review",
        "auto_review_status": "auto_seeded_requires_visual_verification",
        "auto_decision": "selected_for_control_set_v1",
        "training_use": "exclude_until_visual_raster_verification",
        "generated_at": "2026-08-01T00:00:00Z",
        "proposed_radius_m": "45.0",
        "visual_ring_signal_score": "19.37",
        "visual_ring_signal_tier": "weak_centered_ring_signal",
        "visual_metric_eval_use": "include_visual_signal_metric_eval",
        "visual_autonomous_visual_decision": "negative_control_visual_signal_weak",
        "visual_training_use": "exclude_until_independent_label_review",
        "visual_status": "ok",
        "visual_error": ""
      }
    },
    {
      "type": "Feature",
      "geometry": {
        "type": "Point",
        "coordinates": [
          -8.774423508270976,
          42.746229345386446
        ]
      },
      "properties": {
        "bank_id": "neg-es-pba-12556",
        "review_seed_id": "review-neg-0005",
        "control_set_id": "control-v1-0195",
        "review_role": "negative",
        "class_hint": "hard_negative_candidate",
        "country": "ES",
        "region": "Galicia",
        "province_or_district": "A Coruña",
        "municipality": "Lousame",
        "parish": "Fruíme (San Martiño)",
        "place": "Varela, A",
        "name": "Petróglifo de Monte Muralla 1",
        "source": "Xunta PBA Catálogo. Elementos (xuño 2026)",
        "source_quality": "official_non_castro_heritage_seed",
        "source_record_id": "12556",
        "source_code": "GA15042014",
        "typology": "",
        "generic_type": "ARU",
        "periods": "",
        "positive_confidence": "",
        "morphology_proxy": "",
        "negative_type": "rock_art_surface",
        "review_priority": "P0",
        "original_training_use": "hard_negative_candidate_requires_qgis_review",
        "auto_review_status": "auto_seeded_requires_visual_verification",
        "auto_decision": "selected_for_control_set_v1",
        "training_use": "exclude_until_visual_raster_verification",
        "generated_at": "2026-08-01T00:00:00Z",
        "proposed_radius_m": "35.0",
        "visual_ring_signal_score": "17.15",
        "visual_ring_signal_tier": "weak_centered_ring_signal",
        "visual_metric_eval_use": "include_visual_signal_metric_eval",
        "visual_autonomous_visual_decision": "negative_control_visual_signal_weak",
        "visual_training_use": "exclude_until_independent_label_review",
        "visual_status": "ok",
        "visual_error": ""
      }
    },
    {
      "type": "Feature",
      "geometry": {
        "type": "Point",
        "coordinates": [
          -7.135345166845082,
          43.17117388616058
        ]
      },
      "properties": {
        "bank_id": "neg-es-pba-31073",
        "review_seed_id": "review-neg-0006",
        "control_set_id": "control-v1-0153",
        "review_role": "negative",
        "class_hint": "hard_negative_candidate",
        "country": "ES",
        "region": "Galicia",
        "province_or_district": "Lugo",
        "municipality": "A Fonsagrada",
        "parish": "Maderne (San Pedro)",
        "place": "Silvachá",
        "name": "O Castelo/Castelo de Castañoso",
        "source": "Xunta PBA Catálogo. Elementos (xuño 2026)",
        "source_quality": "official_non_castro_heritage_seed",
        "source_record_id": "31073",
        "source_code": "GA27018106",
        "typology": "Estruturas defensivas?",
        "generic_type": "DEF",
        "periods": "",
        "positive_confidence": "",
        "morphology_proxy": "",
        "negative_type": "historic_fortification",
        "review_priority": "P0",
        "original_training_use": "hard_negative_candidate_requires_qgis_review",
        "auto_review_status": "auto_seeded_requires_visual_verification",
        "auto_decision": "selected_for_control_set_v1",
        "training_use": "exclude_until_visual_raster_verification",
        "generated_at": "2026-08-01T00:00:00Z",
        "proposed_radius_m": "100.0",
        "visual_ring_signal_score": "35.95",
        "visual_ring_signal_tier": "weak_centered_ring_signal",
        "visual_metric_eval_use": "include_visual_signal_metric_eval",
        "visual_autonomous_visual_decision": "negative_control_visual_signal_weak",
        "visual_training_use": "exclude_until_independent_label_review",
        "visual_status": "ok",
        "visual_error": ""
      }
    },
    {
      "type": "Feature",
      "geometry": {
        "type": "Point",
        "coordinates": [
          -7.024745523478541,
          43.20154690915652
        ]
      },
      "properties": {
        "bank_id": "neg-es-pba-29146",
        "review_seed_id": "review-neg-0007",
        "control_set_id": "control-v1-0102",
        "review_role": "negative",
        "class_hint": "hard_negative_candidate",
        "country": "ES",
        "region": "Galicia",
        "province_or_district": "Lugo",
        "municipality": "A Fonsagrada",
        "parish": "A Trapa (San Cibrán)",
        "place": "Mesón Novo, O",
        "name": "Arqueira de Morocos 1",
        "source": "Xunta PBA Catálogo. Elementos (xuño 2026)",
        "source_quality": "official_non_castro_heritage_seed",
        "source_record_id": "29146",
        "source_code": "GA27018012",
        "typology": "Túmulo",
        "generic_type": "-",
        "periods": "",
        "positive_confidence": "",
        "morphology_proxy": "",
        "negative_type": "megalithic_mound",
        "review_priority": "P0",
        "original_training_use": "hard_negative_candidate_requires_qgis_review",
        "auto_review_status": "auto_seeded_requires_visual_verification",
        "auto_decision": "selected_for_control_set_v1",
        "training_use": "exclude_until_visual_raster_verification",
        "generated_at": "2026-08-01T00:00:00Z",
        "proposed_radius_m": "45.0",
        "visual_ring_signal_score": "33.92",
        "visual_ring_signal_tier": "weak_centered_ring_signal",
        "visual_metric_eval_use": "include_visual_signal_metric_eval",
        "visual_autonomous_visual_decision": "negative_control_visual_signal_weak",
        "visual_training_use": "exclude_until_independent_label_review",
        "visual_status": "ok",
        "visual_error": ""
      }
    },
    {
      "type": "Feature",
      "geometry": {
        "type": "Point",
        "coordinates": [
          -7.059424227006486,
          43.18124535877195
        ]
      },
      "properties": {
        "bank_id": "neg-es-pba-31031",
        "review_seed_id": "review-neg-0008",
        "control_set_id": "control-v1-0201",
        "review_role": "negative",
        "class_hint": "hard_negative_candidate",
        "country": "ES",
        "region": "Galicia",
        "province_or_district": "Lugo",
        "municipality": "A Fonsagrada",
        "parish": "O Trobo (Santa María)",
        "place": "Noceda",
        "name": "Mina de Foxo",
        "source": "Xunta PBA Catálogo. Elementos (xuño 2026)",
        "source_quality": "official_non_castro_heritage_seed",
        "source_record_id": "31031",
        "source_code": "GA27018096",
        "typology": "Explotación mineira",
        "generic_type": "-",
        "periods": "",
        "positive_confidence": "",
        "morphology_proxy": "",
        "negative_type": "mining_or_quarry",
        "review_priority": "P0",
        "original_training_use": "hard_negative_candidate_requires_qgis_review",
        "auto_review_status": "auto_seeded_requires_visual_verification",
        "auto_decision": "selected_for_control_set_v1",
        "training_use": "exclude_until_visual_raster_verification",
        "generated_at": "2026-08-01T00:00:00Z",
        "proposed_radius_m": "120.0",
        "visual_ring_signal_score": "14.77",
        "visual_ring_signal_tier": "weak_centered_ring_signal",
        "visual_metric_eval_use": "include_visual_signal_metric_eval",
        "visual_autonomous_visual_decision": "negative_control_visual_signal_weak",
        "visual_training_use": "exclude_until_independent_label_review",
        "visual_status": "ok",
        "visual_error": ""
      }
    },
    {
      "type": "Feature",
      "geometry": {
        "type": "Point",
        "coordinates": [
          -8.131432057156239,
          42.270681068399135
        ]
      },
      "properties": {
        "bank_id": "neg-es-pba-45653",
        "review_seed_id": "review-neg-0012",
        "control_set_id": "control-v1-0103",
        "review_role": "negative",
        "class_hint": "hard_negative_candidate",
        "country": "ES",
        "region": "Galicia",
        "province_or_district": "Ourense",
        "municipality": "A Arnoia",
        "parish": "A Arnoia (San Salvador)",
        "place": "Reigoso",
        "name": "Mámoa do Reigoso 1",
        "source": "Xunta PBA Catálogo. Elementos (xuño 2026)",
        "source_quality": "official_non_castro_heritage_seed",
        "source_record_id": "45653",
        "source_code": "GA32003005",
        "typology": "",
        "generic_type": "-",
        "periods": "",
        "positive_confidence": "",
        "morphology_proxy": "",
        "negative_type": "megalithic_mound",
        "review_priority": "P0",
        "original_training_use": "hard_negative_candidate_requires_qgis_review",
        "auto_review_status": "auto_seeded_requires_visual_verification",
        "auto_decision": "selected_for_control_set_v1",
        "training_use": "exclude_until_visual_raster_verification",
        "generated_at": "2026-08-01T00:00:00Z",
        "proposed_radius_m": "45.0",
        "visual_ring_signal_score": "23.21",
        "visual_ring_signal_tier": "weak_centered_ring_signal",
        "visual_metric_eval_use": "include_visual_signal_metric_eval",
        "visual_autonomous_visual_decision": "negative_control_visual_signal_weak",
        "visual_training_use": "exclude_until_independent_label_review",
        "visual_status": "ok",
        "visual_error": ""
      }
    },
    {
      "type": "Feature",
      "geometry": {
        "type": "Point",
        "coordinates": [
          -8.338656004384305,
          42.452725541787586
        ]
      },
      "properties": {
        "bank_id": "neg-es-pba-45854",
        "review_seed_id": "review-neg-0013",
        "control_set_id": "control-v1-0181",
        "review_role": "negative",
        "class_hint": "hard_negative_candidate",
        "country": "ES",
        "region": "Galicia",
        "province_or_district": "Ourense",
        "municipality": "Beariz",
        "parish": "Xirazga (San Salvador)",
        "place": "Taboadelo",
        "name": "Petróglifos do Campo da Mámoa",
        "source": "Xunta PBA Catálogo. Elementos (xuño 2026)",
        "source_quality": "official_non_castro_heritage_seed",
        "source_record_id": "45854",
        "source_code": "GA32011027",
        "typology": "",
        "generic_type": "ARU",
        "periods": "",
        "positive_confidence": "",
        "morphology_proxy": "",
        "negative_type": "megalithic_mound;rock_art_surface",
        "review_priority": "P0",
        "original_training_use": "hard_negative_candidate_requires_qgis_review",
        "auto_review_status": "auto_seeded_requires_visual_verification",
        "auto_decision": "selected_for_control_set_v1",
        "training_use": "exclude_until_visual_raster_verification",
        "generated_at": "2026-08-01T00:00:00Z",
        "proposed_radius_m": "45.0",
        "visual_ring_signal_score": "58.21",
        "visual_ring_signal_tier": "moderate_centered_ring_signal",
        "visual_metric_eval_use": "include_visual_signal_metric_eval",
        "visual_autonomous_visual_decision": "hard_negative_visual_signal_moderate_keep_as_distractor",
        "visual_training_use": "exclude_until_independent_label_review",
        "visual_status": "ok",
        "visual_error": ""
      }
    },
    {
      "type": "Feature",
      "geometry": {
        "type": "Point",
        "coordinates": [
          -8.935929697378835,
          42.363418891245466
        ]
      },
      "properties": {
        "bank_id": "neg-es-pba-61517",
        "review_seed_id": "review-neg-0017",
        "control_set_id": "control-v1-0180",
        "review_role": "negative",
        "class_hint": "hard_negative_candidate",
        "country": "ES",
        "region": "Galicia",
        "province_or_district": "Pontevedra",
        "municipality": "Bueu",
        "parish": "A Illa de Ons (San Xoaquín)",
        "place": "Ons",
        "name": "Castelo de Pereiró",
        "source": "Xunta PBA Catálogo. Elementos (xuño 2026)",
        "source_quality": "official_non_castro_heritage_seed",
        "source_record_id": "61517",
        "source_code": "GA36004037",
        "typology": "Castelo",
        "generic_type": "DEF",
        "periods": "",
        "positive_confidence": "",
        "morphology_proxy": "",
        "negative_type": "historic_fortification",
        "review_priority": "P0",
        "original_training_use": "hard_negative_candidate_requires_qgis_review",
        "auto_review_status": "auto_seeded_requires_visual_verification",
        "auto_decision": "selected_for_control_set_v1",
        "training_use": "exclude_until_visual_raster_verification",
        "generated_at": "2026-08-01T00:00:00Z",
        "proposed_radius_m": "100.0",
        "visual_ring_signal_score": "19.66",
        "visual_ring_signal_tier": "weak_centered_ring_signal",
        "visual_metric_eval_use": "include_visual_signal_metric_eval",
        "visual_autonomous_visual_decision": "negative_control_visual_signal_weak",
        "visual_training_use": "exclude_until_independent_label_review",
        "visual_status": "ok",
        "visual_error": ""
      }
    },
    {
      "type": "Feature",
      "geometry": {
        "type": "Point",
        "coordinates": [
          -8.292331690558498,
          42.21694981974346
        ]
      },
      "properties": {
        "bank_id": "neg-es-pba-63125",
        "review_seed_id": "review-neg-0018",
        "control_set_id": "control-v1-0111",
        "review_role": "negative",
        "class_hint": "hard_negative_candidate",
        "country": "ES",
        "region": "Galicia",
        "province_or_district": "Pontevedra",
        "municipality": "A Cañiza",
        "parish": "As Achas (San Sebastián)",
        "place": "Fenteiras, As",
        "name": "Dolmen da Cavada da Santa",
        "source": "Xunta PBA Catálogo. Elementos (xuño 2026)",
        "source_quality": "official_non_castro_heritage_seed",
        "source_record_id": "63125",
        "source_code": "GA36009071",
        "typology": "Dolmen",
        "generic_type": "-",
        "periods": "",
        "positive_confidence": "",
        "morphology_proxy": "",
        "negative_type": "megalithic_mound",
        "review_priority": "P0",
        "original_training_use": "hard_negative_candidate_requires_qgis_review",
        "auto_review_status": "auto_seeded_requires_visual_verification",
        "auto_decision": "selected_for_control_set_v1",
        "training_use": "exclude_until_visual_raster_verification",
        "generated_at": "2026-08-01T00:00:00Z",
        "proposed_radius_m": "45.0",
        "visual_ring_signal_score": "35.30",
        "visual_ring_signal_tier": "weak_centered_ring_signal",
        "visual_metric_eval_use": "include_visual_signal_metric_eval",
        "visual_autonomous_visual_decision": "negative_control_visual_signal_weak",
        "visual_training_use": "exclude_until_independent_label_review",
        "visual_status": "ok",
        "visual_error": ""
      }
    },
    {
      "type": "Feature",
      "geometry": {
        "type": "Point",
        "coordinates": [
          -8.031949916339347,
          42.75955137919601
        ]
      },
      "properties": {
        "bank_id": "neg-es-pba-65854",
        "review_seed_id": "review-neg-0019",
        "control_set_id": "control-v1-0182",
        "review_role": "negative",
        "class_hint": "hard_negative_candidate",
        "country": "ES",
        "region": "Galicia",
        "province_or_district": "Pontevedra",
        "municipality": "Agolada",
        "parish": "Ferreiroa (San Pedro)",
        "place": "Fonte de Cántaras",
        "name": "Petróglifo das Mámoas-Esperante 1",
        "source": "Xunta PBA Catálogo. Elementos (xuño 2026)",
        "source_quality": "official_non_castro_heritage_seed",
        "source_record_id": "65854",
        "source_code": "GA36020253",
        "typology": "Petróglifo",
        "generic_type": "ARU",
        "periods": "",
        "positive_confidence": "",
        "morphology_proxy": "",
        "negative_type": "megalithic_mound;rock_art_surface",
        "review_priority": "P0",
        "original_training_use": "hard_negative_candidate_requires_qgis_review",
        "auto_review_status": "auto_seeded_requires_visual_verification",
        "auto_decision": "selected_for_control_set_v1",
        "training_use": "exclude_until_visual_raster_verification",
        "generated_at": "2026-08-01T00:00:00Z",
        "proposed_radius_m": "45.0",
        "visual_ring_signal_score": "35.48",
        "visual_ring_signal_tier": "weak_centered_ring_signal",
        "visual_metric_eval_use": "include_visual_signal_metric_eval",
        "visual_autonomous_visual_decision": "negative_control_visual_signal_weak",
        "visual_training_use": "exclude_until_independent_label_review",
        "visual_status": "ok",
        "visual_error": ""
      }
    },
    {
      "type": "Feature",
      "geometry": {
        "type": "Point",
        "coordinates": [
          -8.716634967441507,
          42.293039980223895
        ]
      },
      "properties": {
        "bank_id": "neg-es-pba-68275",
        "review_seed_id": "review-neg-0022",
        "control_set_id": "control-v1-0196",
        "review_role": "negative",
        "class_hint": "hard_negative_candidate",
        "country": "ES",
        "region": "Galicia",
        "province_or_district": "Pontevedra",
        "municipality": "Moaña",
        "parish": "Meira (Santa Eulalia)",
        "place": "Refoxos / Ribeira, A",
        "name": "Petróglifo de Refoxos",
        "source": "Xunta PBA Catálogo. Elementos (xuño 2026)",
        "source_quality": "official_non_castro_heritage_seed",
        "source_record_id": "68275",
        "source_code": "GA36029078",
        "typology": "Petróglifo",
        "generic_type": "ARU",
        "periods": "",
        "positive_confidence": "",
        "morphology_proxy": "",
        "negative_type": "rock_art_surface",
        "review_priority": "P0",
        "original_training_use": "hard_negative_candidate_requires_qgis_review",
        "auto_review_status": "auto_seeded_requires_visual_verification",
        "auto_decision": "selected_for_control_set_v1",
        "training_use": "exclude_until_visual_raster_verification",
        "generated_at": "2026-08-01T00:00:00Z",
        "proposed_radius_m": "35.0",
        "visual_ring_signal_score": "35.03",
        "visual_ring_signal_tier": "weak_centered_ring_signal",
        "visual_metric_eval_use": "include_visual_signal_metric_eval",
        "visual_autonomous_visual_decision": "negative_control_visual_signal_weak",
        "visual_training_use": "exclude_until_independent_label_review",
        "visual_status": "ok",
        "visual_error": ""
      }
    },
    {
      "type": "Feature",
      "geometry": {
        "type": "Point",
        "coordinates": [
          -8.423300700873469,
          41.551903222714095
        ]
      },
      "properties": {
        "bank_id": "neg-pt-dgpc-111331",
        "review_seed_id": "review-neg-0025",
        "control_set_id": "control-v1-0199",
        "review_role": "negative",
        "class_hint": "hard_negative_candidate",
        "country": "PT",
        "region": "Norte de Portugal",
        "province_or_district": "Braga",
        "municipality": "Braga",
        "parish": "Braga (São José de São Lázaro e São João do Souto)",
        "place": "",
        "name": "Braga - Praça de República, 1",
        "source": "DGPC Portal do Arqueólogo Sitios_Arqueologicos",
        "source_quality": "official_non_castro_heritage_seed",
        "source_record_id": "111331",
        "source_code": "38700",
        "typology": "Castelo",
        "generic_type": "Edifício;Sepultura;",
        "periods": "Contemporâneo;Moderno;Idade Média;Romano;",
        "positive_confidence": "",
        "morphology_proxy": "",
        "negative_type": "historic_fortification;roman_built_context",
        "review_priority": "P0",
        "original_training_use": "hard_negative_candidate_requires_qgis_review",
        "auto_review_status": "auto_seeded_requires_visual_verification",
        "auto_decision": "selected_for_control_set_v1",
        "training_use": "exclude_until_visual_raster_verification",
        "generated_at": "2026-08-01T00:00:00Z",
        "proposed_radius_m": "100.0",
        "visual_ring_signal_score": "37.63",
        "visual_ring_signal_tier": "weak_centered_ring_signal",
        "visual_metric_eval_use": "include_visual_signal_metric_eval",
        "visual_autonomous_visual_decision": "negative_control_visual_signal_weak",
        "visual_training_use": "exclude_until_independent_label_review",
        "visual_status": "ok",
        "visual_error": ""
      }
    },
    {
      "type": "Feature",
      "geometry": {
        "type": "Point",
        "coordinates": [
          -8.644470434311703,
          41.59338128318635
        ]
      },
      "properties": {
        "bank_id": "neg-pt-dgpc-113936",
        "review_seed_id": "review-neg-0026",
        "control_set_id": "control-v1-0112",
        "review_role": "negative",
        "class_hint": "hard_negative_candidate",
        "country": "PT",
        "region": "Norte de Portugal",
        "province_or_district": "Braga",
        "municipality": "Barcelos",
        "parish": "Carapeços",
        "place": "",
        "name": "Carapeços 3",
        "source": "DGPC Portal do Arqueólogo Sitios_Arqueologicos",
        "source_quality": "official_non_castro_heritage_seed",
        "source_record_id": "113936",
        "source_code": "40281",
        "typology": "Mamoa",
        "generic_type": "",
        "periods": "Neolítico;",
        "positive_confidence": "",
        "morphology_proxy": "",
        "negative_type": "megalithic_mound",
        "review_priority": "P0",
        "original_training_use": "hard_negative_candidate_requires_qgis_review",
        "auto_review_status": "auto_seeded_requires_visual_verification",
        "auto_decision": "selected_for_control_set_v1",
        "training_use": "exclude_until_visual_raster_verification",
        "generated_at": "2026-08-01T00:00:00Z",
        "proposed_radius_m": "45.0",
        "visual_ring_signal_score": "18.53",
        "visual_ring_signal_tier": "weak_centered_ring_signal",
        "visual_metric_eval_use": "include_visual_signal_metric_eval",
        "visual_autonomous_visual_decision": "negative_control_visual_signal_weak",
        "visual_training_use": "exclude_until_independent_label_review",
        "visual_status": "ok",
        "visual_error": ""
      }
    },
    {
      "type": "Feature",
      "geometry": {
        "type": "Point",
        "coordinates": [
          -8.427494875347621,
          41.544946895159505
        ]
      },
      "properties": {
        "bank_id": "neg-pt-dgpc-111296",
        "review_seed_id": "review-neg-0031",
        "control_set_id": "control-v1-0189",
        "review_role": "negative",
        "class_hint": "hard_negative_candidate",
        "country": "PT",
        "region": "Norte de Portugal",
        "province_or_district": "Braga",
        "municipality": "Braga",
        "parish": "Braga (Maximinos, Sé e Cividade)",
        "place": "",
        "name": "Braga - Instituto Monsenhor Airosa",
        "source": "DGPC Portal do Arqueólogo Sitios_Arqueologicos",
        "source_quality": "official_non_castro_heritage_seed",
        "source_record_id": "111296",
        "source_code": "38071",
        "typology": "Muralha",
        "generic_type": "Vestígios Diversos;",
        "periods": "Romano;",
        "positive_confidence": "",
        "morphology_proxy": "",
        "negative_type": "roman_built_context",
        "review_priority": "P0",
        "original_training_use": "hard_negative_candidate_requires_qgis_review",
        "auto_review_status": "auto_seeded_requires_visual_verification",
        "auto_decision": "selected_for_control_set_v1",
        "training_use": "exclude_until_visual_raster_verification",
        "generated_at": "2026-08-01T00:00:00Z",
        "proposed_radius_m": "80.0",
        "visual_ring_signal_score": "10.46",
        "visual_ring_signal_tier": "weak_centered_ring_signal",
        "visual_metric_eval_use": "include_visual_signal_metric_eval",
        "visual_autonomous_visual_decision": "negative_control_visual_signal_weak",
        "visual_training_use": "exclude_until_independent_label_review",
        "visual_status": "ok",
        "visual_error": ""
      }
    },
    {
      "type": "Feature",
      "geometry": {
        "type": "Point",
        "coordinates": [
          -7.1895762919079065,
          41.19824506310881
        ]
      },
      "properties": {
        "bank_id": "neg-pt-dgpc-106067",
        "review_seed_id": "review-neg-0033",
        "control_set_id": "control-v1-0120",
        "review_role": "negative",
        "class_hint": "hard_negative_candidate",
        "country": "PT",
        "region": "Norte de Portugal",
        "province_or_district": "Bragança",
        "municipality": "Carrazeda de Ansiães",
        "parish": "Vilarinho da Castanheira",
        "place": "",
        "name": "Pala da Moura",
        "source": "DGPC Portal do Arqueólogo Sitios_Arqueologicos",
        "source_quality": "official_non_castro_heritage_seed",
        "source_record_id": "106067",
        "source_code": "3078",
        "typology": "Anta/Dólmen",
        "generic_type": "",
        "periods": "Neo-Calcolítico;",
        "positive_confidence": "",
        "morphology_proxy": "",
        "negative_type": "megalithic_mound",
        "review_priority": "P0",
        "original_training_use": "hard_negative_candidate_requires_qgis_review",
        "auto_review_status": "auto_seeded_requires_visual_verification",
        "auto_decision": "selected_for_control_set_v1",
        "training_use": "exclude_until_visual_raster_verification",
        "generated_at": "2026-08-01T00:00:00Z",
        "proposed_radius_m": "45.0",
        "visual_ring_signal_score": "30.31",
        "visual_ring_signal_tier": "weak_centered_ring_signal",
        "visual_metric_eval_use": "include_visual_signal_metric_eval",
        "visual_autonomous_visual_decision": "negative_control_visual_signal_weak",
        "visual_training_use": "exclude_until_independent_label_review",
        "visual_status": "ok",
        "visual_error": ""
      }
    },
    {
      "type": "Feature",
      "geometry": {
        "type": "Point",
        "coordinates": [
          -7.293699138179899,
          41.27587936383766
        ]
      },
      "properties": {
        "bank_id": "neg-pt-dgpc-105162",
        "review_seed_id": "review-neg-0034",
        "control_set_id": "control-v1-0184",
        "review_role": "negative",
        "class_hint": "hard_negative_candidate",
        "country": "PT",
        "region": "Norte de Portugal",
        "province_or_district": "Bragança",
        "municipality": "Carrazeda de Ansiães",
        "parish": "Amedo e Zedes",
        "place": "",
        "name": "Anta de Zedes (Casa da Moura I)",
        "source": "DGPC Portal do Arqueólogo Sitios_Arqueologicos",
        "source_quality": "official_non_castro_heritage_seed",
        "source_record_id": "105162",
        "source_code": "995",
        "typology": "Anta/Dólmen",
        "generic_type": "Arte Rupestre;",
        "periods": "Neo-Calcolítico;",
        "positive_confidence": "",
        "morphology_proxy": "",
        "negative_type": "megalithic_mound;rock_art_surface",
        "review_priority": "P0",
        "original_training_use": "hard_negative_candidate_requires_qgis_review",
        "auto_review_status": "auto_seeded_requires_visual_verification",
        "auto_decision": "selected_for_control_set_v1",
        "training_use": "exclude_until_visual_raster_verification",
        "generated_at": "2026-08-01T00:00:00Z",
        "proposed_radius_m": "45.0",
        "visual_ring_signal_score": "34.15",
        "visual_ring_signal_tier": "weak_centered_ring_signal",
        "visual_metric_eval_use": "include_visual_signal_metric_eval",
        "visual_autonomous_visual_decision": "negative_control_visual_signal_weak",
        "visual_training_use": "exclude_until_independent_label_review",
        "visual_status": "ok",
        "visual_error": ""
      }
    },
    {
      "type": "Feature",
      "geometry": {
        "type": "Point",
        "coordinates": [
          -8.624432705392545,
          41.13959688907197
        ]
      },
      "properties": {
        "bank_id": "neg-pt-dgpc-112789",
        "review_seed_id": "review-neg-0040",
        "control_set_id": "control-v1-0200",
        "review_role": "negative",
        "class_hint": "hard_negative_candidate",
        "country": "PT",
        "region": "Norte de Portugal",
        "province_or_district": "Porto",
        "municipality": "Vila Nova de Gaia",
        "parish": "Santa Marinha e São Pedro da Afurada",
        "place": "",
        "name": "Castelo de Gaia",
        "source": "DGPC Portal do Arqueólogo Sitios_Arqueologicos",
        "source_quality": "official_non_castro_heritage_seed",
        "source_record_id": "112789",
        "source_code": "2989",
        "typology": "Castelo",
        "generic_type": "",
        "periods": "Idade Média;Romano, Baixo Império;Idade do Bronze - Final;",
        "positive_confidence": "",
        "morphology_proxy": "",
        "negative_type": "historic_fortification;roman_built_context",
        "review_priority": "P0",
        "original_training_use": "hard_negative_candidate_requires_qgis_review",
        "auto_review_status": "auto_seeded_requires_visual_verification",
        "auto_decision": "selected_for_control_set_v1",
        "training_use": "exclude_until_visual_raster_verification",
        "generated_at": "2026-08-01T00:00:00Z",
        "proposed_radius_m": "100.0",
        "visual_ring_signal_score": "73.02",
        "visual_ring_signal_tier": "strong_centered_ring_signal",
        "visual_metric_eval_use": "include_visual_signal_metric_eval",
        "visual_autonomous_visual_decision": "hard_negative_visual_signal_strong_keep_as_distractor",
        "visual_training_use": "exclude_until_independent_label_review",
        "visual_status": "ok",
        "visual_error": ""
      }
    },
    {
      "type": "Feature",
      "geometry": {
        "type": "Point",
        "coordinates": [
          -8.040152083517007,
          41.18563172175026
        ]
      },
      "properties": {
        "bank_id": "neg-pt-dgpc-105998",
        "review_seed_id": "review-neg-0041",
        "control_set_id": "control-v1-0122",
        "review_role": "negative",
        "class_hint": "hard_negative_candidate",
        "country": "PT",
        "region": "Norte de Portugal",
        "province_or_district": "Porto",
        "municipality": "Baião",
        "parish": "Campelo e Ovil",
        "place": "",
        "name": "Outeiro de Gregos 2",
        "source": "DGPC Portal do Arqueólogo Sitios_Arqueologicos",
        "source_quality": "official_non_castro_heritage_seed",
        "source_record_id": "105998",
        "source_code": "55",
        "typology": "Mamoa",
        "generic_type": "",
        "periods": "Neo-Calcolítico;",
        "positive_confidence": "",
        "morphology_proxy": "",
        "negative_type": "megalithic_mound",
        "review_priority": "P0",
        "original_training_use": "hard_negative_candidate_requires_qgis_review",
        "auto_review_status": "auto_seeded_requires_visual_verification",
        "auto_decision": "selected_for_control_set_v1",
        "training_use": "exclude_until_visual_raster_verification",
        "generated_at": "2026-08-01T00:00:00Z",
        "proposed_radius_m": "45.0",
        "visual_ring_signal_score": "29.14",
        "visual_ring_signal_tier": "weak_centered_ring_signal",
        "visual_metric_eval_use": "include_visual_signal_metric_eval",
        "visual_autonomous_visual_decision": "negative_control_visual_signal_weak",
        "visual_training_use": "exclude_until_independent_label_review",
        "visual_status": "ok",
        "visual_error": ""
      }
    },
    {
      "type": "Feature",
      "geometry": {
        "type": "Point",
        "coordinates": [
          -8.41817569789668,
          41.97842385054688
        ]
      },
      "properties": {
        "bank_id": "neg-pt-dgpc-108526",
        "review_seed_id": "review-neg-0048",
        "control_set_id": "control-v1-0134",
        "review_role": "negative",
        "class_hint": "hard_negative_candidate",
        "country": "PT",
        "region": "Norte de Portugal",
        "province_or_district": "Viana do Castelo",
        "municipality": "Arcos de Valdevez",
        "parish": "Alvora e Loureda",
        "place": "",
        "name": "Mamoa 2 das Lameiras",
        "source": "DGPC Portal do Arqueólogo Sitios_Arqueologicos",
        "source_quality": "official_non_castro_heritage_seed",
        "source_record_id": "108526",
        "source_code": "19309",
        "typology": "Mamoa",
        "generic_type": "",
        "periods": "Neolítico;Idade do Bronze;",
        "positive_confidence": "",
        "morphology_proxy": "",
        "negative_type": "megalithic_mound",
        "review_priority": "P0",
        "original_training_use": "hard_negative_candidate_requires_qgis_review",
        "auto_review_status": "auto_seeded_requires_visual_verification",
        "auto_decision": "selected_for_control_set_v1",
        "training_use": "exclude_until_visual_raster_verification",
        "generated_at": "2026-08-01T00:00:00Z",
        "proposed_radius_m": "45.0",
        "visual_ring_signal_score": "16.77",
        "visual_ring_signal_tier": "weak_centered_ring_signal",
        "visual_metric_eval_use": "include_visual_signal_metric_eval",
        "visual_autonomous_visual_decision": "negative_control_visual_signal_weak",
        "visual_training_use": "exclude_until_independent_label_review",
        "visual_status": "ok",
        "visual_error": ""
      }
    },
    {
      "type": "Feature",
      "geometry": {
        "type": "Point",
        "coordinates": [
          -7.757586570087078,
          41.64074378324104
        ]
      },
      "properties": {
        "bank_id": "neg-pt-dgpc-109686",
        "review_seed_id": "review-neg-0053",
        "control_set_id": "control-v1-0140",
        "review_role": "negative",
        "class_hint": "hard_negative_candidate",
        "country": "PT",
        "region": "Norte de Portugal",
        "province_or_district": "Vila Real",
        "municipality": "Boticas",
        "parish": "Covas do Barroso",
        "place": "",
        "name": "Reigal/Chã de Lesenho - Mamoa 1 do Outeiro do Lesenho, Lesanho Grande 1/ Lesanho Grande",
        "source": "DGPC Portal do Arqueólogo Sitios_Arqueologicos",
        "source_quality": "official_non_castro_heritage_seed",
        "source_record_id": "109686",
        "source_code": "33035",
        "typology": "Mamoa",
        "generic_type": "",
        "periods": "Neo-Calcolítico;",
        "positive_confidence": "",
        "morphology_proxy": "",
        "negative_type": "megalithic_mound",
        "review_priority": "P0",
        "original_training_use": "hard_negative_candidate_requires_qgis_review",
        "auto_review_status": "auto_seeded_requires_visual_verification",
        "auto_decision": "selected_for_control_set_v1",
        "training_use": "exclude_until_visual_raster_verification",
        "generated_at": "2026-08-01T00:00:00Z",
        "proposed_radius_m": "45.0",
        "visual_ring_signal_score": "10.18",
        "visual_ring_signal_tier": "weak_centered_ring_signal",
        "visual_metric_eval_use": "include_visual_signal_metric_eval",
        "visual_autonomous_visual_decision": "negative_control_visual_signal_weak",
        "visual_training_use": "exclude_until_independent_label_review",
        "visual_status": "ok",
        "visual_error": ""
      }
    },
    {
      "type": "Feature",
      "geometry": {
        "type": "Point",
        "coordinates": [
          -7.472739605126626,
          41.74048290405961
        ]
      },
      "properties": {
        "bank_id": "neg-pt-dgpc-110572",
        "review_seed_id": "review-neg-0056",
        "control_set_id": "control-v1-0190",
        "review_role": "negative",
        "class_hint": "hard_negative_candidate",
        "country": "PT",
        "region": "Norte de Portugal",
        "province_or_district": "Vila Real",
        "municipality": "Chaves",
        "parish": "Santa Maria Maior",
        "place": "",
        "name": "Chaves - Rua da Muralha",
        "source": "DGPC Portal do Arqueólogo Sitios_Arqueologicos",
        "source_quality": "official_non_castro_heritage_seed",
        "source_record_id": "110572",
        "source_code": "39698",
        "typology": "Estrutura",
        "generic_type": "",
        "periods": "Contemporâneo;Moderno;Romano;",
        "positive_confidence": "",
        "morphology_proxy": "",
        "negative_type": "roman_built_context",
        "review_priority": "P0",
        "original_training_use": "hard_negative_candidate_requires_qgis_review",
        "auto_review_status": "auto_seeded_requires_visual_verification",
        "auto_decision": "selected_for_control_set_v1",
        "training_use": "exclude_until_visual_raster_verification",
        "generated_at": "2026-08-01T00:00:00Z",
        "proposed_radius_m": "80.0",
        "visual_ring_signal_score": "23.47",
        "visual_ring_signal_tier": "weak_centered_ring_signal",
        "visual_metric_eval_use": "include_visual_signal_metric_eval",
        "visual_autonomous_visual_decision": "negative_control_visual_signal_weak",
        "visual_training_use": "exclude_until_independent_label_review",
        "visual_status": "ok",
        "visual_error": ""
      }
    },
    {
      "type": "Feature",
      "geometry": {
        "type": "Point",
        "coordinates": [
          -8.307004260717635,
          43.40256800666282
        ]
      },
      "properties": {
        "bank_id": "neg-es-pba-16203",
        "review_seed_id": "review-neg-0057",
        "control_set_id": "control-v1-0152",
        "review_role": "negative",
        "class_hint": "hard_negative_candidate",
        "country": "ES",
        "region": "Galicia",
        "province_or_district": "A Coruña",
        "municipality": "Oleiros",
        "parish": "Dexo (Santa María)",
        "place": "Pedregueiras",
        "name": "Batería de Punta Torrella",
        "source": "Xunta PBA Catálogo. Elementos (xuño 2026)",
        "source_quality": "official_non_castro_heritage_seed",
        "source_record_id": "16203",
        "source_code": "GA15058002",
        "typology": "Batería costeira",
        "generic_type": "DEF",
        "periods": "",
        "positive_confidence": "",
        "morphology_proxy": "",
        "negative_type": "historic_fortification",
        "review_priority": "P0",
        "original_training_use": "hard_negative_candidate_requires_qgis_review",
        "auto_review_status": "auto_seeded_requires_visual_verification",
        "auto_decision": "selected_for_control_set_v1",
        "training_use": "exclude_until_visual_raster_verification",
        "generated_at": "2026-08-01T00:00:00Z",
        "proposed_radius_m": "100.0",
        "visual_ring_signal_score": "16.47",
        "visual_ring_signal_tier": "weak_centered_ring_signal",
        "visual_metric_eval_use": "include_visual_signal_metric_eval",
        "visual_autonomous_visual_decision": "negative_control_visual_signal_weak",
        "visual_training_use": "exclude_until_independent_label_review",
        "visual_status": "ok",
        "visual_error": ""
      }
    },
    {
      "type": "Feature",
      "geometry": {
        "type": "Point",
        "coordinates": [
          -8.725792899271706,
          42.94113091460559
        ]
      },
      "properties": {
        "bank_id": "neg-es-pba-1404",
        "review_seed_id": "review-neg-0058",
        "control_set_id": "control-v1-0143",
        "review_role": "negative",
        "class_hint": "hard_negative_candidate",
        "country": "ES",
        "region": "Galicia",
        "province_or_district": "A Coruña",
        "municipality": "A Baña",
        "parish": "Sanamede do Monte (San Mamede)",
        "place": "Buchaín",
        "name": "Mámoa da Mina de Mosqueira",
        "source": "Xunta PBA Catálogo. Elementos (xuño 2026)",
        "source_quality": "official_non_castro_heritage_seed",
        "source_record_id": "1404",
        "source_code": "GA15007016",
        "typology": "",
        "generic_type": "-",
        "periods": "",
        "positive_confidence": "",
        "morphology_proxy": "",
        "negative_type": "megalithic_mound",
        "review_priority": "P0",
        "original_training_use": "hard_negative_candidate_requires_qgis_review",
        "auto_review_status": "auto_seeded_requires_visual_verification",
        "auto_decision": "selected_for_control_set_v1",
        "training_use": "exclude_until_visual_raster_verification",
        "generated_at": "2026-08-01T00:00:00Z",
        "proposed_radius_m": "45.0",
        "visual_ring_signal_score": "21.94",
        "visual_ring_signal_tier": "weak_centered_ring_signal",
        "visual_metric_eval_use": "include_visual_signal_metric_eval",
        "visual_autonomous_visual_decision": "negative_control_visual_signal_weak",
        "visual_training_use": "exclude_until_independent_label_review",
        "visual_status": "ok",
        "visual_error": ""
      }
    },
    {
      "type": "Feature",
      "geometry": {
        "type": "Point",
        "coordinates": [
          -8.77492846263225,
          42.746819397517065
        ]
      },
      "properties": {
        "bank_id": "neg-es-pba-12557",
        "review_seed_id": "review-neg-0059",
        "control_set_id": "control-v1-0197",
        "review_role": "negative",
        "class_hint": "hard_negative_candidate",
        "country": "ES",
        "region": "Galicia",
        "province_or_district": "A Coruña",
        "municipality": "Lousame",
        "parish": "Fruíme (San Martiño)",
        "place": "Varela, A",
        "name": "Petróglifo de Monte Muralla 2",
        "source": "Xunta PBA Catálogo. Elementos (xuño 2026)",
        "source_quality": "official_non_castro_heritage_seed",
        "source_record_id": "12557",
        "source_code": "GA15042015",
        "typology": "",
        "generic_type": "ARU",
        "periods": "",
        "positive_confidence": "",
        "morphology_proxy": "",
        "negative_type": "rock_art_surface",
        "review_priority": "P0",
        "original_training_use": "hard_negative_candidate_requires_qgis_review",
        "auto_review_status": "auto_seeded_requires_visual_verification",
        "auto_decision": "selected_for_control_set_v1",
        "training_use": "exclude_until_visual_raster_verification",
        "generated_at": "2026-08-01T00:00:00Z",
        "proposed_radius_m": "35.0",
        "visual_ring_signal_score": "13.31",
        "visual_ring_signal_tier": "weak_centered_ring_signal",
        "visual_metric_eval_use": "include_visual_signal_metric_eval",
        "visual_autonomous_visual_decision": "negative_control_visual_signal_weak",
        "visual_training_use": "exclude_until_independent_label_review",
        "visual_status": "ok",
        "visual_error": ""
      }
    },
    {
      "type": "Feature",
      "geometry": {
        "type": "Point",
        "coordinates": [
          -7.024522194045769,
          43.2017927606063
        ]
      },
      "properties": {
        "bank_id": "neg-es-pba-28954",
        "review_seed_id": "review-neg-0061",
        "control_set_id": "control-v1-0144",
        "review_role": "negative",
        "class_hint": "hard_negative_candidate",
        "country": "ES",
        "region": "Galicia",
        "province_or_district": "Lugo",
        "municipality": "A Fonsagrada",
        "parish": "A Trapa (San Cibrán)",
        "place": "Mesón Novo, O",
        "name": "Arqueira de Morocos 2",
        "source": "Xunta PBA Catálogo. Elementos (xuño 2026)",
        "source_quality": "official_non_castro_heritage_seed",
        "source_record_id": "28954",
        "source_code": "GA27018013",
        "typology": "Túmulo",
        "generic_type": "-",
        "periods": "",
        "positive_confidence": "",
        "morphology_proxy": "",
        "negative_type": "megalithic_mound",
        "review_priority": "P0",
        "original_training_use": "hard_negative_candidate_requires_qgis_review",
        "auto_review_status": "auto_seeded_requires_visual_verification",
        "auto_decision": "selected_for_control_set_v1",
        "training_use": "exclude_until_visual_raster_verification",
        "generated_at": "2026-08-01T00:00:00Z",
        "proposed_radius_m": "45.0",
        "visual_ring_signal_score": "48.02",
        "visual_ring_signal_tier": "moderate_centered_ring_signal",
        "visual_metric_eval_use": "include_visual_signal_metric_eval",
        "visual_autonomous_visual_decision": "hard_negative_visual_signal_moderate_keep_as_distractor",
        "visual_training_use": "exclude_until_independent_label_review",
        "visual_status": "ok",
        "visual_error": ""
      }
    },
    {
      "type": "Feature",
      "geometry": {
        "type": "Point",
        "coordinates": [
          -8.12658103478041,
          42.270027731684884
        ]
      },
      "properties": {
        "bank_id": "neg-es-pba-45679",
        "review_seed_id": "review-neg-0066",
        "control_set_id": "control-v1-0145",
        "review_role": "negative",
        "class_hint": "hard_negative_candidate",
        "country": "ES",
        "region": "Galicia",
        "province_or_district": "Ourense",
        "municipality": "A Arnoia",
        "parish": "A Arnoia (San Salvador)",
        "place": "Reigoso",
        "name": "Mámoa do Reigoso 2",
        "source": "Xunta PBA Catálogo. Elementos (xuño 2026)",
        "source_quality": "official_non_castro_heritage_seed",
        "source_record_id": "45679",
        "source_code": "GA32003006",
        "typology": "",
        "generic_type": "-",
        "periods": "",
        "positive_confidence": "",
        "morphology_proxy": "",
        "negative_type": "megalithic_mound",
        "review_priority": "P0",
        "original_training_use": "hard_negative_candidate_requires_qgis_review",
        "auto_review_status": "auto_seeded_requires_visual_verification",
        "auto_decision": "selected_for_control_set_v1",
        "training_use": "exclude_until_visual_raster_verification",
        "generated_at": "2026-08-01T00:00:00Z",
        "proposed_radius_m": "45.0",
        "visual_ring_signal_score": "13.47",
        "visual_ring_signal_tier": "weak_centered_ring_signal",
        "visual_metric_eval_use": "include_visual_signal_metric_eval",
        "visual_autonomous_visual_decision": "negative_control_visual_signal_weak",
        "visual_training_use": "exclude_until_independent_label_review",
        "visual_status": "ok",
        "visual_error": ""
      }
    },
    {
      "type": "Feature",
      "geometry": {
        "type": "Point",
        "coordinates": [
          -8.028541667417352,
          42.759136657858356
        ]
      },
      "properties": {
        "bank_id": "neg-es-pba-65855",
        "review_seed_id": "review-neg-0072",
        "control_set_id": "control-v1-0186",
        "review_role": "negative",
        "class_hint": "hard_negative_candidate",
        "country": "ES",
        "region": "Galicia",
        "province_or_district": "Pontevedra",
        "municipality": "Agolada",
        "parish": "Ferreiroa (San Pedro)",
        "place": "Fonte de Cántaras",
        "name": "Petróglifo das Mámoas-Esperante 2",
        "source": "Xunta PBA Catálogo. Elementos (xuño 2026)",
        "source_quality": "official_non_castro_heritage_seed",
        "source_record_id": "65855",
        "source_code": "GA36020254",
        "typology": "Petróglifo",
        "generic_type": "ARU",
        "periods": "",
        "positive_confidence": "",
        "morphology_proxy": "",
        "negative_type": "megalithic_mound;rock_art_surface",
        "review_priority": "P0",
        "original_training_use": "hard_negative_candidate_requires_qgis_review",
        "auto_review_status": "auto_seeded_requires_visual_verification",
        "auto_decision": "selected_for_control_set_v1",
        "training_use": "exclude_until_visual_raster_verification",
        "generated_at": "2026-08-01T00:00:00Z",
        "proposed_radius_m": "45.0",
        "visual_ring_signal_score": "27.92",
        "visual_ring_signal_tier": "weak_centered_ring_signal",
        "visual_metric_eval_use": "include_visual_signal_metric_eval",
        "visual_autonomous_visual_decision": "negative_control_visual_signal_weak",
        "visual_training_use": "exclude_until_independent_label_review",
        "visual_status": "ok",
        "visual_error": ""
      }
    },
    {
      "type": "Feature",
      "geometry": {
        "type": "Point",
        "coordinates": [
          -8.431820543174766,
          41.54789464596964
        ]
      },
      "properties": {
        "bank_id": "neg-pt-dgpc-107544",
        "review_seed_id": "review-neg-0082",
        "control_set_id": "control-v1-0191",
        "review_role": "negative",
        "class_hint": "hard_negative_candidate",
        "country": "PT",
        "region": "Norte de Portugal",
        "province_or_district": "Braga",
        "municipality": "Braga",
        "parish": "Braga (Maximinos, Sé e Cividade)",
        "place": "",
        "name": "Braga - Rua Cruz de Pedra, 103-109",
        "source": "DGPC Portal do Arqueólogo Sitios_Arqueologicos",
        "source_quality": "official_non_castro_heritage_seed",
        "source_record_id": "107544",
        "source_code": "33259",
        "typology": "Muralha",
        "generic_type": "",
        "periods": "Moderno;Medieval Cristão;Romano;",
        "positive_confidence": "",
        "morphology_proxy": "",
        "negative_type": "roman_built_context",
        "review_priority": "P0",
        "original_training_use": "hard_negative_candidate_requires_qgis_review",
        "auto_review_status": "auto_seeded_requires_visual_verification",
        "auto_decision": "selected_for_control_set_v1",
        "training_use": "exclude_until_visual_raster_verification",
        "generated_at": "2026-08-01T00:00:00Z",
        "proposed_radius_m": "80.0",
        "visual_ring_signal_score": "19.18",
        "visual_ring_signal_tier": "weak_centered_ring_signal",
        "visual_metric_eval_use": "include_visual_signal_metric_eval",
        "visual_autonomous_visual_decision": "negative_control_visual_signal_weak",
        "visual_training_use": "exclude_until_independent_label_review",
        "visual_status": "ok",
        "visual_error": ""
      }
    },
    {
      "type": "Feature",
      "geometry": {
        "type": "Point",
        "coordinates": [
          -7.181521791780745,
          41.48467466737062
        ]
      },
      "properties": {
        "bank_id": "neg-pt-dgpc-114520",
        "review_seed_id": "review-neg-0084",
        "control_set_id": "control-v1-0121",
        "review_role": "negative",
        "class_hint": "hard_negative_candidate",
        "country": "PT",
        "region": "Norte de Portugal",
        "province_or_district": "Bragança",
        "municipality": "Mirandela",
        "parish": "Mirandela",
        "place": "",
        "name": "Mirandela - Menir da Rua da Portela/ Menir de Mirandela",
        "source": "DGPC Portal do Arqueólogo Sitios_Arqueologicos",
        "source_quality": "official_non_castro_heritage_seed",
        "source_record_id": "114520",
        "source_code": "42499",
        "typology": "Menir",
        "generic_type": "",
        "periods": "Neo-Calcolítico;",
        "positive_confidence": "",
        "morphology_proxy": "",
        "negative_type": "megalithic_mound",
        "review_priority": "P0",
        "original_training_use": "hard_negative_candidate_requires_qgis_review",
        "auto_review_status": "auto_seeded_requires_visual_verification",
        "auto_decision": "selected_for_control_set_v1",
        "training_use": "exclude_until_visual_raster_verification",
        "generated_at": "2026-08-01T00:00:00Z",
        "proposed_radius_m": "45.0",
        "visual_ring_signal_score": "13.62",
        "visual_ring_signal_tier": "weak_centered_ring_signal",
        "visual_metric_eval_use": "include_visual_signal_metric_eval",
        "visual_autonomous_visual_decision": "negative_control_visual_signal_weak",
        "visual_training_use": "exclude_until_independent_label_review",
        "visual_status": "ok",
        "visual_error": ""
      }
    },
    {
      "type": "Feature",
      "geometry": {
        "type": "Point",
        "coordinates": [
          -7.27978896192342,
          41.47124378288987
        ]
      },
      "properties": {
        "bank_id": "neg-pt-dgpc-113333",
        "review_seed_id": "review-neg-0085",
        "control_set_id": "control-v1-0185",
        "review_role": "negative",
        "class_hint": "hard_negative_candidate",
        "country": "PT",
        "region": "Norte de Portugal",
        "province_or_district": "Bragança",
        "municipality": "Mirandela",
        "parish": "Passos",
        "place": "",
        "name": "Regato das Bouças 14",
        "source": "DGPC Portal do Arqueólogo Sitios_Arqueologicos",
        "source_quality": "official_non_castro_heritage_seed",
        "source_record_id": "113333",
        "source_code": "41280",
        "typology": "Anta/Dólmen",
        "generic_type": "Arte Rupestre;",
        "periods": "Neo-Calcolítico;",
        "positive_confidence": "",
        "morphology_proxy": "",
        "negative_type": "megalithic_mound;rock_art_surface",
        "review_priority": "P0",
        "original_training_use": "hard_negative_candidate_requires_qgis_review",
        "auto_review_status": "auto_seeded_requires_visual_verification",
        "auto_decision": "selected_for_control_set_v1",
        "training_use": "exclude_until_visual_raster_verification",
        "generated_at": "2026-08-01T00:00:00Z",
        "proposed_radius_m": "45.0",
        "visual_ring_signal_score": "23.71",
        "visual_ring_signal_tier": "weak_centered_ring_signal",
        "visual_metric_eval_use": "include_visual_signal_metric_eval",
        "visual_autonomous_visual_decision": "negative_control_visual_signal_weak",
        "visual_training_use": "exclude_until_independent_label_review",
        "visual_status": "ok",
        "visual_error": ""
      }
    },
    {
      "type": "Feature",
      "geometry": {
        "type": "Point",
        "coordinates": [
          -8.454970158840887,
          41.071763054065066
        ]
      },
      "properties": {
        "bank_id": "neg-pt-dgpc-112099",
        "review_seed_id": "review-neg-0089",
        "control_set_id": "control-v1-0123",
        "review_role": "negative",
        "class_hint": "hard_negative_candidate",
        "country": "PT",
        "region": "Norte de Portugal",
        "province_or_district": "Porto",
        "municipality": "Gondomar",
        "parish": "Melres e Medas",
        "place": "",
        "name": "Mamoa dos Crastos (Broalhos)",
        "source": "DGPC Portal do Arqueólogo Sitios_Arqueologicos",
        "source_quality": "official_non_castro_heritage_seed",
        "source_record_id": "112099",
        "source_code": "19072",
        "typology": "Mamoa",
        "generic_type": "Anta/Dólmen;",
        "periods": "Neo-Calcolítico;",
        "positive_confidence": "",
        "morphology_proxy": "",
        "negative_type": "megalithic_mound",
        "review_priority": "P0",
        "original_training_use": "hard_negative_candidate_requires_qgis_review",
        "auto_review_status": "auto_seeded_requires_visual_verification",
        "auto_decision": "selected_for_control_set_v1",
        "training_use": "exclude_until_visual_raster_verification",
        "generated_at": "2026-08-01T00:00:00Z",
        "proposed_radius_m": "45.0",
        "visual_ring_signal_score": "20.34",
        "visual_ring_signal_tier": "weak_centered_ring_signal",
        "visual_metric_eval_use": "include_visual_signal_metric_eval",
        "visual_autonomous_visual_decision": "negative_control_visual_signal_weak",
        "visual_training_use": "exclude_until_independent_label_review",
        "visual_status": "ok",
        "visual_error": ""
      }
    },
    {
      "type": "Feature",
      "geometry": {
        "type": "Point",
        "coordinates": [
          -7.469852061461218,
          41.74021016951997
        ]
      },
      "properties": {
        "bank_id": "neg-pt-dgpc-109187",
        "review_seed_id": "review-neg-0103",
        "control_set_id": "control-v1-0192",
        "review_role": "negative",
        "class_hint": "hard_negative_candidate",
        "country": "PT",
        "region": "Norte de Portugal",
        "province_or_district": "Vila Real",
        "municipality": "Chaves",
        "parish": "Santa Maria Maior",
        "place": "",
        "name": "Chaves - Rua do Bispo Idácio, 20-22",
        "source": "DGPC Portal do Arqueólogo Sitios_Arqueologicos",
        "source_quality": "official_non_castro_heritage_seed",
        "source_record_id": "109187",
        "source_code": "11799",
        "typology": "Cidade",
        "generic_type": "Necrópole;Muralha;",
        "periods": "Contemporâneo;Moderno;Medieval Cristão;Alta Idade Média;Idade do Ferro;Romano;",
        "positive_confidence": "",
        "morphology_proxy": "",
        "negative_type": "roman_built_context",
        "review_priority": "P0",
        "original_training_use": "hard_negative_candidate_requires_qgis_review",
        "auto_review_status": "auto_seeded_requires_visual_verification",
        "auto_decision": "selected_for_control_set_v1",
        "training_use": "exclude_until_visual_raster_verification",
        "generated_at": "2026-08-01T00:00:00Z",
        "proposed_radius_m": "80.0",
        "visual_ring_signal_score": "32.83",
        "visual_ring_signal_tier": "weak_centered_ring_signal",
        "visual_metric_eval_use": "include_visual_signal_metric_eval",
        "visual_autonomous_visual_decision": "negative_control_visual_signal_weak",
        "visual_training_use": "exclude_until_independent_label_review",
        "visual_status": "ok",
        "visual_error": ""
      }
    },
    {
      "type": "Feature",
      "geometry": {
        "type": "Point",
        "coordinates": [
          -8.778180222032116,
          42.74498477976733
        ]
      },
      "properties": {
        "bank_id": "neg-es-pba-12558",
        "review_seed_id": "review-neg-0105",
        "control_set_id": "control-v1-0198",
        "review_role": "negative",
        "class_hint": "hard_negative_candidate",
        "country": "ES",
        "region": "Galicia",
        "province_or_district": "A Coruña",
        "municipality": "Lousame",
        "parish": "Fruíme (San Martiño)",
        "place": "Varela, A",
        "name": "Petróglifo de Monte Muralla 3",
        "source": "Xunta PBA Catálogo. Elementos (xuño 2026)",
        "source_quality": "official_non_castro_heritage_seed",
        "source_record_id": "12558",
        "source_code": "GA15042016",
        "typology": "",
        "generic_type": "ARU",
        "periods": "",
        "positive_confidence": "",
        "morphology_proxy": "",
        "negative_type": "rock_art_surface",
        "review_priority": "P0",
        "original_training_use": "hard_negative_candidate_requires_qgis_review",
        "auto_review_status": "auto_seeded_requires_visual_verification",
        "auto_decision": "selected_for_control_set_v1",
        "training_use": "exclude_until_visual_raster_verification",
        "generated_at": "2026-08-01T00:00:00Z",
        "proposed_radius_m": "35.0",
        "visual_ring_signal_score": "15.96",
        "visual_ring_signal_tier": "weak_centered_ring_signal",
        "visual_metric_eval_use": "include_visual_signal_metric_eval",
        "visual_autonomous_visual_decision": "negative_control_visual_signal_weak",
        "visual_training_use": "exclude_until_independent_label_review",
        "visual_status": "ok",
        "visual_error": ""
      }
    },
    {
      "type": "Feature",
      "geometry": {
        "type": "Point",
        "coordinates": [
          -7.400894858090236,
          43.31409660891193
        ]
      },
      "properties": {
        "bank_id": "neg-es-pba-36915",
        "review_seed_id": "review-neg-0106",
        "control_set_id": "control-v1-0154",
        "review_role": "negative",
        "class_hint": "hard_negative_candidate",
        "country": "ES",
        "region": "Galicia",
        "province_or_district": "Lugo",
        "municipality": "A Pastoriza",
        "parish": "A Regueira (San Vicente)",
        "place": "Castelo, O",
        "name": "O Castelo",
        "source": "Xunta PBA Catálogo. Elementos (xuño 2026)",
        "source_quality": "official_non_castro_heritage_seed",
        "source_record_id": "36915",
        "source_code": "TO27044006",
        "typology": "Estruturas defensivas?",
        "generic_type": "DEF",
        "periods": "",
        "positive_confidence": "",
        "morphology_proxy": "",
        "negative_type": "historic_fortification",
        "review_priority": "P0",
        "original_training_use": "hard_negative_candidate_requires_qgis_review",
        "auto_review_status": "auto_seeded_requires_visual_verification",
        "auto_decision": "selected_for_control_set_v1",
        "training_use": "exclude_until_visual_raster_verification",
        "generated_at": "2026-08-01T00:00:00Z",
        "proposed_radius_m": "100.0",
        "visual_ring_signal_score": "26.82",
        "visual_ring_signal_tier": "weak_centered_ring_signal",
        "visual_metric_eval_use": "include_visual_signal_metric_eval",
        "visual_autonomous_visual_decision": "negative_control_visual_signal_weak",
        "visual_training_use": "exclude_until_independent_label_review",
        "visual_status": "ok",
        "visual_error": ""
      }
    },
    {
      "type": "Feature",
      "geometry": {
        "type": "Point",
        "coordinates": [
          -8.85158014236285,
          41.97892067031089
        ]
      },
      "properties": {
        "bank_id": "neg-es-pba-69588",
        "review_seed_id": "review-neg-0117",
        "control_set_id": "control-v1-0183",
        "review_role": "negative",
        "class_hint": "hard_negative_candidate",
        "country": "ES",
        "region": "Galicia",
        "province_or_district": "Pontevedra",
        "municipality": "Oia",
        "parish": "Loureza (San Mamede)",
        "place": "Santa Comba",
        "name": "Mámoa da Valga 1",
        "source": "Xunta PBA Catálogo. Elementos (xuño 2026)",
        "source_quality": "official_non_castro_heritage_seed",
        "source_record_id": "69588",
        "source_code": "GA36036021",
        "typology": "Petróglifo",
        "generic_type": "ARU",
        "periods": "",
        "positive_confidence": "",
        "morphology_proxy": "",
        "negative_type": "megalithic_mound;rock_art_surface",
        "review_priority": "P0",
        "original_training_use": "hard_negative_candidate_requires_qgis_review",
        "auto_review_status": "auto_seeded_requires_visual_verification",
        "auto_decision": "selected_for_control_set_v1",
        "training_use": "exclude_until_visual_raster_verification",
        "generated_at": "2026-08-01T00:00:00Z",
        "proposed_radius_m": "45.0",
        "visual_ring_signal_score": "27.86",
        "visual_ring_signal_tier": "weak_centered_ring_signal",
        "visual_metric_eval_use": "include_visual_signal_metric_eval",
        "visual_autonomous_visual_decision": "negative_control_visual_signal_weak",
        "visual_training_use": "exclude_until_independent_label_review",
        "visual_status": "ok",
        "visual_error": ""
      }
    },
    {
      "type": "Feature",
      "geometry": {
        "type": "Point",
        "coordinates": [
          -8.42749428181833,
          41.5503423163638
        ]
      },
      "properties": {
        "bank_id": "neg-pt-dgpc-111203",
        "review_seed_id": "review-neg-0126",
        "control_set_id": "control-v1-0193",
        "review_role": "negative",
        "class_hint": "hard_negative_candidate",
        "country": "PT",
        "region": "Norte de Portugal",
        "province_or_district": "Braga",
        "municipality": "Braga",
        "parish": "Braga (Maximinos, Sé e Cividade)",
        "place": "",
        "name": "Braga - Rua D. Diogo de Sousa, 102-118",
        "source": "DGPC Portal do Arqueólogo Sitios_Arqueologicos",
        "source_quality": "official_non_castro_heritage_seed",
        "source_record_id": "111203",
        "source_code": "22911",
        "typology": "Muralha",
        "generic_type": "",
        "periods": "Idade Média;Romano;",
        "positive_confidence": "",
        "morphology_proxy": "",
        "negative_type": "roman_built_context",
        "review_priority": "P0",
        "original_training_use": "hard_negative_candidate_requires_qgis_review",
        "auto_review_status": "auto_seeded_requires_visual_verification",
        "auto_decision": "selected_for_control_set_v1",
        "training_use": "exclude_until_visual_raster_verification",
        "generated_at": "2026-08-01T00:00:00Z",
        "proposed_radius_m": "80.0",
        "visual_ring_signal_score": "17.63",
        "visual_ring_signal_tier": "weak_centered_ring_signal",
        "visual_metric_eval_use": "include_visual_signal_metric_eval",
        "visual_autonomous_visual_decision": "negative_control_visual_signal_weak",
        "visual_training_use": "exclude_until_independent_label_review",
        "visual_status": "ok",
        "visual_error": ""
      }
    },
    {
      "type": "Feature",
      "geometry": {
        "type": "Point",
        "coordinates": [
          -8.135086558641975,
          42.044317883439845
        ]
      },
      "properties": {
        "bank_id": "neg-pt-dgpc-113975",
        "review_seed_id": "review-neg-0137",
        "control_set_id": "control-v1-0135",
        "review_role": "negative",
        "class_hint": "hard_negative_candidate",
        "country": "PT",
        "region": "Norte de Portugal",
        "province_or_district": "Viana do Castelo",
        "municipality": "Melgaço",
        "parish": "Castro Laboreiro e Lamas de Mouro",
        "place": "",
        "name": "Mamoa 1 dos Prados da Saba",
        "source": "DGPC Portal do Arqueólogo Sitios_Arqueologicos",
        "source_quality": "official_non_castro_heritage_seed",
        "source_record_id": "113975",
        "source_code": "40288",
        "typology": "Anta/Dólmen",
        "generic_type": "Mamoa;",
        "periods": "Neo-Calcolítico;",
        "positive_confidence": "",
        "morphology_proxy": "",
        "negative_type": "megalithic_mound",
        "review_priority": "P0",
        "original_training_use": "hard_negative_candidate_requires_qgis_review",
        "auto_review_status": "auto_seeded_requires_visual_verification",
        "auto_decision": "selected_for_control_set_v1",
        "training_use": "exclude_until_visual_raster_verification",
        "generated_at": "2026-08-01T00:00:00Z",
        "proposed_radius_m": "45.0",
        "visual_ring_signal_score": "76.89",
        "visual_ring_signal_tier": "strong_centered_ring_signal",
        "visual_metric_eval_use": "include_visual_signal_metric_eval",
        "visual_autonomous_visual_decision": "hard_negative_visual_signal_strong_keep_as_distractor",
        "visual_training_use": "exclude_until_independent_label_review",
        "visual_status": "ok",
        "visual_error": ""
      }
    },
    {
      "type": "Feature",
      "geometry": {
        "type": "Point",
        "coordinates": [
          -7.423726174371237,
          41.755222593660214
        ]
      },
      "properties": {
        "bank_id": "neg-pt-dgpc-109436",
        "review_seed_id": "review-neg-0141",
        "control_set_id": "control-v1-0141",
        "review_role": "negative",
        "class_hint": "hard_negative_candidate",
        "country": "PT",
        "region": "Norte de Portugal",
        "province_or_district": "Vila Real",
        "municipality": "Chaves",
        "parish": "Faiões",
        "place": "",
        "name": "Carreira da Pedra",
        "source": "DGPC Portal do Arqueólogo Sitios_Arqueologicos",
        "source_quality": "official_non_castro_heritage_seed",
        "source_record_id": "109436",
        "source_code": "3120",
        "typology": "Menir",
        "generic_type": "",
        "periods": "Neo-Calcolítico;",
        "positive_confidence": "",
        "morphology_proxy": "",
        "negative_type": "megalithic_mound",
        "review_priority": "P0",
        "original_training_use": "hard_negative_candidate_requires_qgis_review",
        "auto_review_status": "auto_seeded_requires_visual_verification",
        "auto_decision": "selected_for_control_set_v1",
        "training_use": "exclude_until_visual_raster_verification",
        "generated_at": "2026-08-01T00:00:00Z",
        "proposed_radius_m": "45.0",
        "visual_ring_signal_score": "42.36",
        "visual_ring_signal_tier": "moderate_centered_ring_signal",
        "visual_metric_eval_use": "include_visual_signal_metric_eval",
        "visual_autonomous_visual_decision": "hard_negative_visual_signal_moderate_keep_as_distractor",
        "visual_training_use": "exclude_until_independent_label_review",
        "visual_status": "ok",
        "visual_error": ""
      }
    },
    {
      "type": "Feature",
      "geometry": {
        "type": "Point",
        "coordinates": [
          -7.524114376017107,
          43.38119995301596
        ]
      },
      "properties": {
        "bank_id": "neg-es-pba-26859",
        "review_seed_id": "review-neg-0147",
        "control_set_id": "control-v1-0155",
        "review_role": "negative",
        "class_hint": "hard_negative_candidate",
        "country": "ES",
        "region": "Galicia",
        "province_or_district": "Lugo",
        "municipality": "Abadín",
        "parish": "Fanoi (Santa María Madanela)",
        "place": "Sever",
        "name": "Castelo da Portela",
        "source": "Xunta PBA Catálogo. Elementos (xuño 2026)",
        "source_quality": "official_non_castro_heritage_seed",
        "source_record_id": "26859",
        "source_code": "GA27001005",
        "typology": "Estruturas defensivas?",
        "generic_type": "DEF",
        "periods": "",
        "positive_confidence": "",
        "morphology_proxy": "",
        "negative_type": "historic_fortification",
        "review_priority": "P0",
        "original_training_use": "hard_negative_candidate_requires_qgis_review",
        "auto_review_status": "auto_seeded_requires_visual_verification",
        "auto_decision": "selected_for_control_set_v1",
        "training_use": "exclude_until_visual_raster_verification",
        "generated_at": "2026-08-01T00:00:00Z",
        "proposed_radius_m": "100.0",
        "visual_ring_signal_score": "14.91",
        "visual_ring_signal_tier": "weak_centered_ring_signal",
        "visual_metric_eval_use": "include_visual_signal_metric_eval",
        "visual_autonomous_visual_decision": "negative_control_visual_signal_weak",
        "visual_training_use": "exclude_until_independent_label_review",
        "visual_status": "ok",
        "visual_error": ""
      }
    },
    {
      "type": "Feature",
      "geometry": {
        "type": "Point",
        "coordinates": [
          -7.116891355550691,
          42.05751223115287
        ]
      },
      "properties": {
        "bank_id": "neg-es-pba-50551",
        "review_seed_id": "review-neg-0152",
        "control_set_id": "control-v1-0104",
        "review_role": "negative",
        "class_hint": "hard_negative_candidate",
        "country": "ES",
        "region": "Galicia",
        "province_or_district": "Ourense",
        "municipality": "A Gudiña",
        "parish": "O Canizo (Santa María)",
        "place": "Canizo, O",
        "name": "A Medorra",
        "source": "Xunta PBA Catálogo. Elementos (xuño 2026)",
        "source_quality": "official_non_castro_heritage_seed",
        "source_record_id": "50551",
        "source_code": "GA32034019",
        "typology": "Mámoa",
        "generic_type": "-",
        "periods": "",
        "positive_confidence": "",
        "morphology_proxy": "",
        "negative_type": "megalithic_mound",
        "review_priority": "P0",
        "original_training_use": "hard_negative_candidate_requires_qgis_review",
        "auto_review_status": "auto_seeded_requires_visual_verification",
        "auto_decision": "selected_for_control_set_v1",
        "training_use": "exclude_until_visual_raster_verification",
        "generated_at": "2026-08-01T00:00:00Z",
        "proposed_radius_m": "45.0",
        "visual_ring_signal_score": "35.51",
        "visual_ring_signal_tier": "weak_centered_ring_signal",
        "visual_metric_eval_use": "include_visual_signal_metric_eval",
        "visual_autonomous_visual_decision": "negative_control_visual_signal_weak",
        "visual_training_use": "exclude_until_independent_label_review",
        "visual_status": "ok",
        "visual_error": ""
      }
    },
    {
      "type": "Feature",
      "geometry": {
        "type": "Point",
        "coordinates": [
          -8.841327015680918,
          41.978888465436576
        ]
      },
      "properties": {
        "bank_id": "neg-es-pba-69648",
        "review_seed_id": "review-neg-0158",
        "control_set_id": "control-v1-0187",
        "review_role": "negative",
        "class_hint": "hard_negative_candidate",
        "country": "ES",
        "region": "Galicia",
        "province_or_district": "Pontevedra",
        "municipality": "Oia",
        "parish": "Loureza (San Mamede)",
        "place": "Santa Comba",
        "name": "Mámoa da Valga 2",
        "source": "Xunta PBA Catálogo. Elementos (xuño 2026)",
        "source_quality": "official_non_castro_heritage_seed",
        "source_record_id": "69648",
        "source_code": "GA36036022",
        "typology": "Petróglifo",
        "generic_type": "ARU",
        "periods": "",
        "positive_confidence": "",
        "morphology_proxy": "",
        "negative_type": "megalithic_mound;rock_art_surface",
        "review_priority": "P0",
        "original_training_use": "hard_negative_candidate_requires_qgis_review",
        "auto_review_status": "auto_seeded_requires_visual_verification",
        "auto_decision": "selected_for_control_set_v1",
        "training_use": "exclude_until_visual_raster_verification",
        "generated_at": "2026-08-01T00:00:00Z",
        "proposed_radius_m": "45.0",
        "visual_ring_signal_score": "22.62",
        "visual_ring_signal_tier": "weak_centered_ring_signal",
        "visual_metric_eval_use": "include_visual_signal_metric_eval",
        "visual_autonomous_visual_decision": "negative_control_visual_signal_weak",
        "visual_training_use": "exclude_until_independent_label_review",
        "visual_status": "ok",
        "visual_error": ""
      }
    },
    {
      "type": "Feature",
      "geometry": {
        "type": "Point",
        "coordinates": [
          -8.002478360468071,
          41.61669222964594
        ]
      },
      "properties": {
        "bank_id": "neg-pt-dgpc-109194",
        "review_seed_id": "review-neg-0163",
        "control_set_id": "control-v1-0113",
        "review_role": "negative",
        "class_hint": "hard_negative_candidate",
        "country": "PT",
        "region": "Norte de Portugal",
        "province_or_district": "Braga",
        "municipality": "Cabeceiras de Basto",
        "parish": "Bucos",
        "place": "",
        "name": "Mamoa 1 de Penedo Covo",
        "source": "DGPC Portal do Arqueólogo Sitios_Arqueologicos",
        "source_quality": "official_non_castro_heritage_seed",
        "source_record_id": "109194",
        "source_code": "30013",
        "typology": "Mamoa",
        "generic_type": "",
        "periods": "Neo-Calcolítico;",
        "positive_confidence": "",
        "morphology_proxy": "",
        "negative_type": "megalithic_mound",
        "review_priority": "P0",
        "original_training_use": "hard_negative_candidate_requires_qgis_review",
        "auto_review_status": "auto_seeded_requires_visual_verification",
        "auto_decision": "selected_for_control_set_v1",
        "training_use": "exclude_until_visual_raster_verification",
        "generated_at": "2026-08-01T00:00:00Z",
        "proposed_radius_m": "45.0",
        "visual_ring_signal_score": "11.13",
        "visual_ring_signal_tier": "weak_centered_ring_signal",
        "visual_metric_eval_use": "include_visual_signal_metric_eval",
        "visual_autonomous_visual_decision": "negative_control_visual_signal_weak",
        "visual_training_use": "exclude_until_independent_label_review",
        "visual_status": "ok",
        "visual_error": ""
      }
    },
    {
      "type": "Feature",
      "geometry": {
        "type": "Point",
        "coordinates": [
          -8.43259408533794,
          41.54624234519241
        ]
      },
      "properties": {
        "bank_id": "neg-pt-dgpc-110813",
        "review_seed_id": "review-neg-0167",
        "control_set_id": "control-v1-0194",
        "review_role": "negative",
        "class_hint": "hard_negative_candidate",
        "country": "PT",
        "region": "Norte de Portugal",
        "province_or_district": "Braga",
        "municipality": "Braga",
        "parish": "Braga (Maximinos, Sé e Cividade)",
        "place": "",
        "name": "Braga - Rua Direita, 25-29",
        "source": "DGPC Portal do Arqueólogo Sitios_Arqueologicos",
        "source_quality": "official_non_castro_heritage_seed",
        "source_record_id": "110813",
        "source_code": "39900",
        "typology": "Muralha",
        "generic_type": "",
        "periods": "Romano;",
        "positive_confidence": "",
        "morphology_proxy": "",
        "negative_type": "roman_built_context",
        "review_priority": "P0",
        "original_training_use": "hard_negative_candidate_requires_qgis_review",
        "auto_review_status": "auto_seeded_requires_visual_verification",
        "auto_decision": "selected_for_control_set_v1",
        "training_use": "exclude_until_visual_raster_verification",
        "generated_at": "2026-08-01T00:00:00Z",
        "proposed_radius_m": "80.0",
        "visual_ring_signal_score": "22.48",
        "visual_ring_signal_tier": "weak_centered_ring_signal",
        "visual_metric_eval_use": "include_visual_signal_metric_eval",
        "visual_autonomous_visual_decision": "negative_control_visual_signal_weak",
        "visual_training_use": "exclude_until_independent_label_review",
        "visual_status": "ok",
        "visual_error": ""
      }
    },
    {
      "type": "Feature",
      "geometry": {
        "type": "Point",
        "coordinates": [
          -8.303852944153766,
          41.32465465989963
        ]
      },
      "properties": {
        "bank_id": "neg-pt-dgpc-106436",
        "review_seed_id": "review-neg-0171",
        "control_set_id": "control-v1-0124",
        "review_role": "negative",
        "class_hint": "hard_negative_candidate",
        "country": "PT",
        "region": "Norte de Portugal",
        "province_or_district": "Porto",
        "municipality": "Lousada",
        "parish": "Lustosa e Barrosas (Santo Estevão)",
        "place": "",
        "name": "Serra de Campelos 1",
        "source": "DGPC Portal do Arqueólogo Sitios_Arqueologicos",
        "source_quality": "official_non_castro_heritage_seed",
        "source_record_id": "106436",
        "source_code": "3042",
        "typology": "Mamoa",
        "generic_type": "",
        "periods": "Neo-Calcolítico;",
        "positive_confidence": "",
        "morphology_proxy": "",
        "negative_type": "megalithic_mound",
        "review_priority": "P0",
        "original_training_use": "hard_negative_candidate_requires_qgis_review",
        "auto_review_status": "auto_seeded_requires_visual_verification",
        "auto_decision": "selected_for_control_set_v1",
        "training_use": "exclude_until_visual_raster_verification",
        "generated_at": "2026-08-01T00:00:00Z",
        "proposed_radius_m": "45.0",
        "visual_ring_signal_score": "38.40",
        "visual_ring_signal_tier": "weak_centered_ring_signal",
        "visual_metric_eval_use": "include_visual_signal_metric_eval",
        "visual_autonomous_visual_decision": "negative_control_visual_signal_weak",
        "visual_training_use": "exclude_until_independent_label_review",
        "visual_status": "ok",
        "visual_error": ""
      }
    },
    {
      "type": "Feature",
      "geometry": {
        "type": "Point",
        "coordinates": [
          -7.7319388673519525,
          41.48669466012515
        ]
      },
      "properties": {
        "bank_id": "neg-pt-dgpc-114420",
        "review_seed_id": "review-neg-0181",
        "control_set_id": "control-v1-0142",
        "review_role": "negative",
        "class_hint": "hard_negative_candidate",
        "country": "PT",
        "region": "Norte de Portugal",
        "province_or_district": "Vila Real",
        "municipality": "Vila Pouca de Aguiar",
        "parish": "Alvão",
        "place": "",
        "name": "Alto de Pandim / Gouvães da Serra",
        "source": "DGPC Portal do Arqueólogo Sitios_Arqueologicos",
        "source_quality": "official_non_castro_heritage_seed",
        "source_record_id": "114420",
        "source_code": "42224",
        "typology": "Mamoa",
        "generic_type": "",
        "periods": "Neo-Calcolítico;",
        "positive_confidence": "",
        "morphology_proxy": "",
        "negative_type": "megalithic_mound",
        "review_priority": "P0",
        "original_training_use": "hard_negative_candidate_requires_qgis_review",
        "auto_review_status": "auto_seeded_requires_visual_verification",
        "auto_decision": "selected_for_control_set_v1",
        "training_use": "exclude_until_visual_raster_verification",
        "generated_at": "2026-08-01T00:00:00Z",
        "proposed_radius_m": "45.0",
        "visual_ring_signal_score": "23.51",
        "visual_ring_signal_tier": "weak_centered_ring_signal",
        "visual_metric_eval_use": "include_visual_signal_metric_eval",
        "visual_autonomous_visual_decision": "negative_control_visual_signal_weak",
        "visual_training_use": "exclude_until_independent_label_review",
        "visual_status": "ok",
        "visual_error": ""
      }
    },
    {
      "type": "Feature",
      "geometry": {
        "type": "Point",
        "coordinates": [
          -7.492296150580819,
          42.642622060816315
        ]
      },
      "properties": {
        "bank_id": "neg-es-pba-28789",
        "review_seed_id": "review-neg-0187",
        "control_set_id": "control-v1-0156",
        "review_role": "negative",
        "class_hint": "hard_negative_candidate",
        "country": "ES",
        "region": "Galicia",
        "province_or_district": "Lugo",
        "municipality": "Bóveda",
        "parish": "Teilán (Santa Baia)",
        "place": "A Modorra",
        "name": "Castelo da Modorra",
        "source": "Xunta PBA Catálogo. Elementos (xuño 2026)",
        "source_quality": "official_non_castro_heritage_seed",
        "source_record_id": "28789",
        "source_code": "GA27008019",
        "typology": "Estruturas defensivas?",
        "generic_type": "DEF",
        "periods": "",
        "positive_confidence": "",
        "morphology_proxy": "",
        "negative_type": "historic_fortification",
        "review_priority": "P0",
        "original_training_use": "hard_negative_candidate_requires_qgis_review",
        "auto_review_status": "auto_seeded_requires_visual_verification",
        "auto_decision": "selected_for_control_set_v1",
        "training_use": "exclude_until_visual_raster_verification",
        "generated_at": "2026-08-01T00:00:00Z",
        "proposed_radius_m": "100.0",
        "visual_ring_signal_score": "45.84",
        "visual_ring_signal_tier": "moderate_centered_ring_signal",
        "visual_metric_eval_use": "include_visual_signal_metric_eval",
        "visual_autonomous_visual_decision": "hard_negative_visual_signal_moderate_keep_as_distractor",
        "visual_training_use": "exclude_until_independent_label_review",
        "visual_status": "ok",
        "visual_error": ""
      }
    },
    {
      "type": "Feature",
      "geometry": {
        "type": "Point",
        "coordinates": [
          -7.133938310446484,
          42.01593913318991
        ]
      },
      "properties": {
        "bank_id": "neg-es-pba-50512",
        "review_seed_id": "review-neg-0192",
        "control_set_id": "control-v1-0146",
        "review_role": "negative",
        "class_hint": "hard_negative_candidate",
        "country": "ES",
        "region": "Galicia",
        "province_or_district": "Ourense",
        "municipality": "A Gudiña",
        "parish": "O Tameirón (Santa María)",
        "place": "Tameirón, O",
        "name": "Mámoa da Cabeza do Chichón 1",
        "source": "Xunta PBA Catálogo. Elementos (xuño 2026)",
        "source_quality": "official_non_castro_heritage_seed",
        "source_record_id": "50512",
        "source_code": "GA32034024",
        "typology": "Mámoa",
        "generic_type": "-",
        "periods": "",
        "positive_confidence": "",
        "morphology_proxy": "",
        "negative_type": "megalithic_mound",
        "review_priority": "P0",
        "original_training_use": "hard_negative_candidate_requires_qgis_review",
        "auto_review_status": "auto_seeded_requires_visual_verification",
        "auto_decision": "selected_for_control_set_v1",
        "training_use": "exclude_until_visual_raster_verification",
        "generated_at": "2026-08-01T00:00:00Z",
        "proposed_radius_m": "45.0",
        "visual_ring_signal_score": "11.62",
        "visual_ring_signal_tier": "weak_centered_ring_signal",
        "visual_metric_eval_use": "include_visual_signal_metric_eval",
        "visual_autonomous_visual_decision": "negative_control_visual_signal_weak",
        "visual_training_use": "exclude_until_independent_label_review",
        "visual_status": "ok",
        "visual_error": ""
      }
    },
    {
      "type": "Feature",
      "geometry": {
        "type": "Point",
        "coordinates": [
          -8.841268831367723,
          41.97910515548775
        ]
      },
      "properties": {
        "bank_id": "neg-es-pba-69649",
        "review_seed_id": "review-neg-0198",
        "control_set_id": "control-v1-0188",
        "review_role": "negative",
        "class_hint": "hard_negative_candidate",
        "country": "ES",
        "region": "Galicia",
        "province_or_district": "Pontevedra",
        "municipality": "Oia",
        "parish": "Loureza (San Mamede)",
        "place": "Santa Comba",
        "name": "Mámoa da Valga 3",
        "source": "Xunta PBA Catálogo. Elementos (xuño 2026)",
        "source_quality": "official_non_castro_heritage_seed",
        "source_record_id": "69649",
        "source_code": "GA36036034",
        "typology": "Petróglifo",
        "generic_type": "ARU",
        "periods": "",
        "positive_confidence": "",
        "morphology_proxy": "",
        "negative_type": "megalithic_mound;rock_art_surface",
        "review_priority": "P0",
        "original_training_use": "hard_negative_candidate_requires_qgis_review",
        "auto_review_status": "auto_seeded_requires_visual_verification",
        "auto_decision": "selected_for_control_set_v1",
        "training_use": "exclude_until_visual_raster_verification",
        "generated_at": "2026-08-01T00:00:00Z",
        "proposed_radius_m": "45.0",
        "visual_ring_signal_score": "42.73",
        "visual_ring_signal_tier": "moderate_centered_ring_signal",
        "visual_metric_eval_use": "include_visual_signal_metric_eval",
        "visual_autonomous_visual_decision": "hard_negative_visual_signal_moderate_keep_as_distractor",
        "visual_training_use": "exclude_until_independent_label_review",
        "visual_status": "ok",
        "visual_error": ""
      }
    },
    {
      "type": "Feature",
      "geometry": {
        "type": "Point",
        "coordinates": [
          -7.413469322976722,
          43.0350247779698
        ]
      },
      "properties": {
        "bank_id": "neg-es-pba-29892",
        "review_seed_id": "review-neg-0224",
        "control_set_id": "control-v1-0157",
        "review_role": "negative",
        "class_hint": "hard_negative_candidate",
        "country": "ES",
        "region": "Galicia",
        "province_or_district": "Lugo",
        "municipality": "Castroverde",
        "parish": "Barredo (Santo André)",
        "place": "Barredo",
        "name": "Torre de Sobreda",
        "source": "Xunta PBA Catálogo. Elementos (xuño 2026)",
        "source_quality": "official_non_castro_heritage_seed",
        "source_record_id": "29892",
        "source_code": "GA27011091",
        "typology": "Estruturas defensivas?",
        "generic_type": "DEF",
        "periods": "",
        "positive_confidence": "",
        "morphology_proxy": "",
        "negative_type": "historic_fortification",
        "review_priority": "P0",
        "original_training_use": "hard_negative_candidate_requires_qgis_review",
        "auto_review_status": "auto_seeded_requires_visual_verification",
        "auto_decision": "selected_for_control_set_v1",
        "training_use": "exclude_until_visual_raster_verification",
        "generated_at": "2026-08-01T00:00:00Z",
        "proposed_radius_m": "100.0",
        "visual_ring_signal_score": "14.14",
        "visual_ring_signal_tier": "weak_centered_ring_signal",
        "visual_metric_eval_use": "include_visual_signal_metric_eval",
        "visual_autonomous_visual_decision": "negative_control_visual_signal_weak",
        "visual_training_use": "exclude_until_independent_label_review",
        "visual_status": "ok",
        "visual_error": ""
      }
    },
    {
      "type": "Feature",
      "geometry": {
        "type": "Point",
        "coordinates": [
          -8.079873034564333,
          41.44452227165872
        ]
      },
      "properties": {
        "bank_id": "neg-pt-dgpc-107214",
        "review_seed_id": "review-neg-0240",
        "control_set_id": "control-v1-0114",
        "review_role": "negative",
        "class_hint": "hard_negative_candidate",
        "country": "PT",
        "region": "Norte de Portugal",
        "province_or_district": "Braga",
        "municipality": "Celorico de Basto",
        "parish": "Basto (São Clemente)",
        "place": "",
        "name": "Travessa 1",
        "source": "DGPC Portal do Arqueólogo Sitios_Arqueologicos",
        "source_quality": "official_non_castro_heritage_seed",
        "source_record_id": "107214",
        "source_code": "16765",
        "typology": "Mamoa",
        "generic_type": "Fossa;",
        "periods": "Idade do Bronze;Calcolítico;",
        "positive_confidence": "",
        "morphology_proxy": "",
        "negative_type": "megalithic_mound",
        "review_priority": "P0",
        "original_training_use": "hard_negative_candidate_requires_qgis_review",
        "auto_review_status": "auto_seeded_requires_visual_verification",
        "auto_decision": "selected_for_control_set_v1",
        "training_use": "exclude_until_visual_raster_verification",
        "generated_at": "2026-08-01T00:00:00Z",
        "proposed_radius_m": "45.0",
        "visual_ring_signal_score": "34.04",
        "visual_ring_signal_tier": "weak_centered_ring_signal",
        "visual_metric_eval_use": "include_visual_signal_metric_eval",
        "visual_autonomous_visual_decision": "negative_control_visual_signal_weak",
        "visual_training_use": "exclude_until_independent_label_review",
        "visual_status": "ok",
        "visual_error": ""
      }
    },
    {
      "type": "Feature",
      "geometry": {
        "type": "Point",
        "coordinates": [
          -7.744165519059862,
          42.66039310678573
        ]
      },
      "properties": {
        "bank_id": "neg-es-pba-29293",
        "review_seed_id": "review-neg-0259",
        "control_set_id": "control-v1-0158",
        "review_role": "negative",
        "class_hint": "hard_negative_candidate",
        "country": "ES",
        "region": "Galicia",
        "province_or_district": "Lugo",
        "municipality": "Chantada",
        "parish": "Pedrafita (Santa Baia)",
        "place": "Xillán",
        "name": "O Castelo",
        "source": "Xunta PBA Catálogo. Elementos (xuño 2026)",
        "source_quality": "official_non_castro_heritage_seed",
        "source_record_id": "29293",
        "source_code": "GA27016041",
        "typology": "Estruturas defensivas?",
        "generic_type": "DEF",
        "periods": "",
        "positive_confidence": "",
        "morphology_proxy": "",
        "negative_type": "historic_fortification",
        "review_priority": "P0",
        "original_training_use": "hard_negative_candidate_requires_qgis_review",
        "auto_review_status": "auto_seeded_requires_visual_verification",
        "auto_decision": "selected_for_control_set_v1",
        "training_use": "exclude_until_visual_raster_verification",
        "generated_at": "2026-08-01T00:00:00Z",
        "proposed_radius_m": "100.0",
        "visual_ring_signal_score": "43.32",
        "visual_ring_signal_tier": "moderate_centered_ring_signal",
        "visual_metric_eval_use": "include_visual_signal_metric_eval",
        "visual_autonomous_visual_decision": "hard_negative_visual_signal_moderate_keep_as_distractor",
        "visual_training_use": "exclude_until_independent_label_review",
        "visual_status": "ok",
        "visual_error": ""
      }
    },
    {
      "type": "Feature",
      "geometry": {
        "type": "Point",
        "coordinates": [
          -8.767292058637617,
          41.567816445061744
        ]
      },
      "properties": {
        "bank_id": "neg-pt-dgpc-107640",
        "review_seed_id": "review-neg-0275",
        "control_set_id": "control-v1-0115",
        "review_role": "negative",
        "class_hint": "hard_negative_candidate",
        "country": "PT",
        "region": "Norte de Portugal",
        "province_or_district": "Braga",
        "municipality": "Esposende",
        "parish": "Vila Chã",
        "place": "",
        "name": "Antela da Portelagem/ Anta da Portelagem",
        "source": "DGPC Portal do Arqueólogo Sitios_Arqueologicos",
        "source_quality": "official_non_castro_heritage_seed",
        "source_record_id": "107640",
        "source_code": "3649",
        "typology": "Anta/Dólmen",
        "generic_type": "Dolmen;",
        "periods": "Neo-Calcolítico;",
        "positive_confidence": "",
        "morphology_proxy": "",
        "negative_type": "megalithic_mound",
        "review_priority": "P0",
        "original_training_use": "hard_negative_candidate_requires_qgis_review",
        "auto_review_status": "auto_seeded_requires_visual_verification",
        "auto_decision": "selected_for_control_set_v1",
        "training_use": "exclude_until_visual_raster_verification",
        "generated_at": "2026-08-01T00:00:00Z",
        "proposed_radius_m": "45.0",
        "visual_ring_signal_score": "12.31",
        "visual_ring_signal_tier": "weak_centered_ring_signal",
        "visual_metric_eval_use": "include_visual_signal_metric_eval",
        "visual_autonomous_visual_decision": "negative_control_visual_signal_weak",
        "visual_training_use": "exclude_until_independent_label_review",
        "visual_status": "ok",
        "visual_error": ""
      }
    },
    {
      "type": "Feature",
      "geometry": {
        "type": "Point",
        "coordinates": [
          -7.601237361797503,
          43.23094311640322
        ]
      },
      "properties": {
        "bank_id": "neg-es-pba-29114",
        "review_seed_id": "review-neg-0294",
        "control_set_id": "control-v1-0159",
        "review_role": "negative",
        "class_hint": "hard_negative_candidate",
        "country": "ES",
        "region": "Galicia",
        "province_or_district": "Lugo",
        "municipality": "Cospeito",
        "parish": "Vilapene (Santa María)",
        "place": "Monte, O",
        "name": "A Torre do Braña/As Torres",
        "source": "Xunta PBA Catálogo. Elementos (xuño 2026)",
        "source_quality": "official_non_castro_heritage_seed",
        "source_record_id": "29114",
        "source_code": "GA27015065",
        "typology": "Estruturas defensivas?",
        "generic_type": "DEF",
        "periods": "",
        "positive_confidence": "",
        "morphology_proxy": "",
        "negative_type": "historic_fortification",
        "review_priority": "P0",
        "original_training_use": "hard_negative_candidate_requires_qgis_review",
        "auto_review_status": "auto_seeded_requires_visual_verification",
        "auto_decision": "selected_for_control_set_v1",
        "training_use": "exclude_until_visual_raster_verification",
        "generated_at": "2026-08-01T00:00:00Z",
        "proposed_radius_m": "100.0",
        "visual_ring_signal_score": "56.80",
        "visual_ring_signal_tier": "moderate_centered_ring_signal",
        "visual_metric_eval_use": "include_visual_signal_metric_eval",
        "visual_autonomous_visual_decision": "hard_negative_visual_signal_moderate_keep_as_distractor",
        "visual_training_use": "exclude_until_independent_label_review",
        "visual_status": "ok",
        "visual_error": ""
      }
    },
    {
      "type": "Feature",
      "geometry": {
        "type": "Point",
        "coordinates": [
          -7.841984919971301,
          42.48855095002627
        ]
      },
      "properties": {
        "bank_id": "neg-es-pba-56336",
        "review_seed_id": "review-neg-0299",
        "control_set_id": "control-v1-0105",
        "review_role": "negative",
        "class_hint": "hard_negative_candidate",
        "country": "ES",
        "region": "Galicia",
        "province_or_district": "Ourense",
        "municipality": "A Peroxa",
        "parish": "Armental (San Salvador)",
        "place": "Toldavia",
        "name": "Mámoa da Cima de Covela",
        "source": "Xunta PBA Catálogo. Elementos (xuño 2026)",
        "source_quality": "official_non_castro_heritage_seed",
        "source_record_id": "56336",
        "source_code": "GA32059013",
        "typology": "",
        "generic_type": "-",
        "periods": "",
        "positive_confidence": "",
        "morphology_proxy": "",
        "negative_type": "megalithic_mound",
        "review_priority": "P0",
        "original_training_use": "hard_negative_candidate_requires_qgis_review",
        "auto_review_status": "auto_seeded_requires_visual_verification",
        "auto_decision": "selected_for_control_set_v1",
        "training_use": "exclude_until_visual_raster_verification",
        "generated_at": "2026-08-01T00:00:00Z",
        "proposed_radius_m": "45.0",
        "visual_ring_signal_score": "45.14",
        "visual_ring_signal_tier": "moderate_centered_ring_signal",
        "visual_metric_eval_use": "include_visual_signal_metric_eval",
        "visual_autonomous_visual_decision": "hard_negative_visual_signal_moderate_keep_as_distractor",
        "visual_training_use": "exclude_until_independent_label_review",
        "visual_status": "ok",
        "visual_error": ""
      }
    },
    {
      "type": "Feature",
      "geometry": {
        "type": "Point",
        "coordinates": [
          -7.7853109837005405,
          43.196054403973996
        ]
      },
      "properties": {
        "bank_id": "neg-es-pba-32089",
        "review_seed_id": "review-neg-0328",
        "control_set_id": "control-v1-0160",
        "review_role": "negative",
        "class_hint": "hard_negative_candidate",
        "country": "ES",
        "region": "Galicia",
        "province_or_district": "Lugo",
        "municipality": "Guitiriz",
        "parish": "Roca (San Xiao)",
        "place": "Penas, As",
        "name": "O Castelo",
        "source": "Xunta PBA Catálogo. Elementos (xuño 2026)",
        "source_quality": "official_non_castro_heritage_seed",
        "source_record_id": "32089",
        "source_code": "GA27022090",
        "typology": "Estruturas defensivas?",
        "generic_type": "DEF",
        "periods": "",
        "positive_confidence": "",
        "morphology_proxy": "",
        "negative_type": "historic_fortification",
        "review_priority": "P0",
        "original_training_use": "hard_negative_candidate_requires_qgis_review",
        "auto_review_status": "auto_seeded_requires_visual_verification",
        "auto_decision": "selected_for_control_set_v1",
        "training_use": "exclude_until_visual_raster_verification",
        "generated_at": "2026-08-01T00:00:00Z",
        "proposed_radius_m": "100.0",
        "visual_ring_signal_score": "25.49",
        "visual_ring_signal_tier": "weak_centered_ring_signal",
        "visual_metric_eval_use": "include_visual_signal_metric_eval",
        "visual_autonomous_visual_decision": "negative_control_visual_signal_weak",
        "visual_training_use": "exclude_until_independent_label_review",
        "visual_status": "ok",
        "visual_error": ""
      }
    },
    {
      "type": "Feature",
      "geometry": {
        "type": "Point",
        "coordinates": [
          -7.840913711097573,
          42.483422552766434
        ]
      },
      "properties": {
        "bank_id": "neg-es-pba-56337",
        "review_seed_id": "review-neg-0333",
        "control_set_id": "control-v1-0147",
        "review_role": "negative",
        "class_hint": "hard_negative_candidate",
        "country": "ES",
        "region": "Galicia",
        "province_or_district": "Ourense",
        "municipality": "A Peroxa",
        "parish": "Armental (San Salvador)",
        "place": "Regolevado",
        "name": "Mámoa das Regas",
        "source": "Xunta PBA Catálogo. Elementos (xuño 2026)",
        "source_quality": "official_non_castro_heritage_seed",
        "source_record_id": "56337",
        "source_code": "GA32059014",
        "typology": "",
        "generic_type": "-",
        "periods": "",
        "positive_confidence": "",
        "morphology_proxy": "",
        "negative_type": "megalithic_mound",
        "review_priority": "P0",
        "original_training_use": "hard_negative_candidate_requires_qgis_review",
        "auto_review_status": "auto_seeded_requires_visual_verification",
        "auto_decision": "selected_for_control_set_v1",
        "training_use": "exclude_until_visual_raster_verification",
        "generated_at": "2026-08-01T00:00:00Z",
        "proposed_radius_m": "45.0",
        "visual_ring_signal_score": "51.00",
        "visual_ring_signal_tier": "moderate_centered_ring_signal",
        "visual_metric_eval_use": "include_visual_signal_metric_eval",
        "visual_autonomous_visual_decision": "hard_negative_visual_signal_moderate_keep_as_distractor",
        "visual_training_use": "exclude_until_independent_label_review",
        "visual_status": "ok",
        "visual_error": ""
      }
    },
    {
      "type": "Feature",
      "geometry": {
        "type": "Point",
        "coordinates": [
          -7.659907090398447,
          43.03349074387153
        ]
      },
      "properties": {
        "bank_id": "neg-es-pba-31534",
        "review_seed_id": "review-neg-0360",
        "control_set_id": "control-v1-0161",
        "review_role": "negative",
        "class_hint": "hard_negative_candidate",
        "country": "ES",
        "region": "Galicia",
        "province_or_district": "Lugo",
        "municipality": "Lugo",
        "parish": "O Outeiro das Camoiras (San Salvador)",
        "place": "Torre de Aez, A",
        "name": "A Torre/Torre de Aez",
        "source": "Xunta PBA Catálogo. Elementos (xuño 2026)",
        "source_quality": "official_non_castro_heritage_seed",
        "source_record_id": "31534",
        "source_code": "GA27028162",
        "typology": "Estruturas defensivas?",
        "generic_type": "DEF",
        "periods": "",
        "positive_confidence": "",
        "morphology_proxy": "",
        "negative_type": "historic_fortification",
        "review_priority": "P0",
        "original_training_use": "hard_negative_candidate_requires_qgis_review",
        "auto_review_status": "auto_seeded_requires_visual_verification",
        "auto_decision": "selected_for_control_set_v1",
        "training_use": "exclude_until_visual_raster_verification",
        "generated_at": "2026-08-01T00:00:00Z",
        "proposed_radius_m": "100.0",
        "visual_ring_signal_score": "23.43",
        "visual_ring_signal_tier": "weak_centered_ring_signal",
        "visual_metric_eval_use": "include_visual_signal_metric_eval",
        "visual_autonomous_visual_decision": "negative_control_visual_signal_weak",
        "visual_training_use": "exclude_until_independent_label_review",
        "visual_status": "ok",
        "visual_error": ""
      }
    },
    {
      "type": "Feature",
      "geometry": {
        "type": "Point",
        "coordinates": [
          -8.264133219265984,
          41.70225051410151
        ]
      },
      "properties": {
        "bank_id": "neg-pt-dgpc-114669",
        "review_seed_id": "review-neg-0374",
        "control_set_id": "control-v1-0116",
        "review_role": "negative",
        "class_hint": "hard_negative_candidate",
        "country": "PT",
        "region": "Norte de Portugal",
        "province_or_district": "Braga",
        "municipality": "Terras de Bouro",
        "parish": "Chorense e Monte",
        "place": "",
        "name": "Mamoa I da Bouça do Fojo",
        "source": "DGPC Portal do Arqueólogo Sitios_Arqueologicos",
        "source_quality": "official_non_castro_heritage_seed",
        "source_record_id": "114669",
        "source_code": "42715",
        "typology": "Monumento Megalítico",
        "generic_type": "",
        "periods": "Calcolítico;",
        "positive_confidence": "",
        "morphology_proxy": "",
        "negative_type": "megalithic_mound",
        "review_priority": "P0",
        "original_training_use": "hard_negative_candidate_requires_qgis_review",
        "auto_review_status": "auto_seeded_requires_visual_verification",
        "auto_decision": "selected_for_control_set_v1",
        "training_use": "exclude_until_visual_raster_verification",
        "generated_at": "2026-08-01T00:00:00Z",
        "proposed_radius_m": "45.0",
        "visual_ring_signal_score": "15.26",
        "visual_ring_signal_tier": "weak_centered_ring_signal",
        "visual_metric_eval_use": "include_visual_signal_metric_eval",
        "visual_autonomous_visual_decision": "negative_control_visual_signal_weak",
        "visual_training_use": "exclude_until_independent_label_review",
        "visual_status": "ok",
        "visual_error": ""
      }
    },
    {
      "type": "Feature",
      "geometry": {
        "type": "Point",
        "coordinates": [
          -7.397398001271665,
          43.480154283078136
        ]
      },
      "properties": {
        "bank_id": "neg-es-pba-34394",
        "review_seed_id": "review-neg-0418",
        "control_set_id": "control-v1-0162",
        "review_role": "negative",
        "class_hint": "hard_negative_candidate",
        "country": "ES",
        "region": "Galicia",
        "province_or_district": "Lugo",
        "municipality": "Mondoñedo",
        "parish": "Figueiras (San Martiño)",
        "place": "Abeledo",
        "name": "Castelo",
        "source": "Xunta PBA Catálogo. Elementos (xuño 2026)",
        "source_quality": "official_non_castro_heritage_seed",
        "source_record_id": "34394",
        "source_code": "TO27030013",
        "typology": "Estruturas defensivas?",
        "generic_type": "DEF",
        "periods": "",
        "positive_confidence": "",
        "morphology_proxy": "",
        "negative_type": "historic_fortification",
        "review_priority": "P0",
        "original_training_use": "hard_negative_candidate_requires_qgis_review",
        "auto_review_status": "auto_seeded_requires_visual_verification",
        "auto_decision": "selected_for_control_set_v1",
        "training_use": "exclude_until_visual_raster_verification",
        "generated_at": "2026-08-01T00:00:00Z",
        "proposed_radius_m": "100.0",
        "visual_ring_signal_score": "40.97",
        "visual_ring_signal_tier": "weak_centered_ring_signal",
        "visual_metric_eval_use": "include_visual_signal_metric_eval",
        "visual_autonomous_visual_decision": "negative_control_visual_signal_weak",
        "visual_training_use": "exclude_until_independent_label_review",
        "visual_status": "ok",
        "visual_error": ""
      }
    },
    {
      "type": "Feature",
      "geometry": {
        "type": "Point",
        "coordinates": [
          -7.491999512921327,
          42.35490153996572
        ]
      },
      "properties": {
        "bank_id": "neg-es-pba-57591",
        "review_seed_id": "review-neg-0476",
        "control_set_id": "control-v1-0106",
        "review_role": "negative",
        "class_hint": "hard_negative_candidate",
        "country": "ES",
        "region": "Galicia",
        "province_or_district": "Ourense",
        "municipality": "A Teixeira",
        "parish": "Pedrafita (San Martiño)",
        "place": "Alende",
        "name": "Casa reitoral de Pedrafita",
        "source": "Xunta PBA Catálogo. Elementos (xuño 2026)",
        "source_quality": "official_non_castro_heritage_seed",
        "source_record_id": "57591",
        "source_code": "-",
        "typology": "",
        "generic_type": "-",
        "periods": "",
        "positive_confidence": "",
        "morphology_proxy": "",
        "negative_type": "megalithic_mound",
        "review_priority": "P0",
        "original_training_use": "hard_negative_candidate_requires_qgis_review",
        "auto_review_status": "auto_seeded_requires_visual_verification",
        "auto_decision": "selected_for_control_set_v1",
        "training_use": "exclude_until_visual_raster_verification",
        "generated_at": "2026-08-01T00:00:00Z",
        "proposed_radius_m": "45.0",
        "visual_ring_signal_score": "14.40",
        "visual_ring_signal_tier": "weak_centered_ring_signal",
        "visual_metric_eval_use": "include_visual_signal_metric_eval",
        "visual_autonomous_visual_decision": "negative_control_visual_signal_weak",
        "visual_training_use": "exclude_until_independent_label_review",
        "visual_status": "ok",
        "visual_error": ""
      }
    },
    {
      "type": "Feature",
      "geometry": {
        "type": "Point",
        "coordinates": [
          -8.541789200559847,
          41.25697442560436
        ]
      },
      "properties": {
        "bank_id": "neg-pt-dgpc-104969",
        "review_seed_id": "review-neg-0487",
        "control_set_id": "control-v1-0125",
        "review_role": "negative",
        "class_hint": "hard_negative_candidate",
        "country": "PT",
        "region": "Norte de Portugal",
        "province_or_district": "Porto",
        "municipality": "Maia",
        "parish": "São Pedro Fins",
        "place": "",
        "name": "Arcos",
        "source": "DGPC Portal do Arqueólogo Sitios_Arqueologicos",
        "source_quality": "official_non_castro_heritage_seed",
        "source_record_id": "104969",
        "source_code": "3331",
        "typology": "Anta/Dólmen",
        "generic_type": "",
        "periods": "Neo-Calcolítico;",
        "positive_confidence": "",
        "morphology_proxy": "",
        "negative_type": "megalithic_mound",
        "review_priority": "P0",
        "original_training_use": "hard_negative_candidate_requires_qgis_review",
        "auto_review_status": "auto_seeded_requires_visual_verification",
        "auto_decision": "selected_for_control_set_v1",
        "training_use": "exclude_until_visual_raster_verification",
        "generated_at": "2026-08-01T00:00:00Z",
        "proposed_radius_m": "45.0",
        "visual_ring_signal_score": "13.13",
        "visual_ring_signal_tier": "weak_centered_ring_signal",
        "visual_metric_eval_use": "include_visual_signal_metric_eval",
        "visual_autonomous_visual_decision": "negative_control_visual_signal_weak",
        "visual_training_use": "exclude_until_independent_label_review",
        "visual_status": "ok",
        "visual_error": ""
      }
    },
    {
      "type": "Feature",
      "geometry": {
        "type": "Point",
        "coordinates": [
          -7.495689018339185,
          42.357516673259276
        ]
      },
      "properties": {
        "bank_id": "neg-es-pba-57759",
        "review_seed_id": "review-neg-0501",
        "control_set_id": "control-v1-0148",
        "review_role": "negative",
        "class_hint": "hard_negative_candidate",
        "country": "ES",
        "region": "Galicia",
        "province_or_district": "Ourense",
        "municipality": "A Teixeira",
        "parish": "Pedrafita (San Martiño)",
        "place": "Parafita",
        "name": "Igrexa de Pedrafita (Parroquial de San Martiño)",
        "source": "Xunta PBA Catálogo. Elementos (xuño 2026)",
        "source_quality": "official_non_castro_heritage_seed",
        "source_record_id": "57759",
        "source_code": "-",
        "typology": "Igrexa",
        "generic_type": "-",
        "periods": "",
        "positive_confidence": "",
        "morphology_proxy": "",
        "negative_type": "megalithic_mound",
        "review_priority": "P0",
        "original_training_use": "hard_negative_candidate_requires_qgis_review",
        "auto_review_status": "auto_seeded_requires_visual_verification",
        "auto_decision": "selected_for_control_set_v1",
        "training_use": "exclude_until_visual_raster_verification",
        "generated_at": "2026-08-01T00:00:00Z",
        "proposed_radius_m": "45.0",
        "visual_ring_signal_score": "11.04",
        "visual_ring_signal_tier": "weak_centered_ring_signal",
        "visual_metric_eval_use": "include_visual_signal_metric_eval",
        "visual_autonomous_visual_decision": "negative_control_visual_signal_weak",
        "visual_training_use": "exclude_until_independent_label_review",
        "visual_status": "ok",
        "visual_error": ""
      }
    },
    {
      "type": "Feature",
      "geometry": {
        "type": "Point",
        "coordinates": [
          -7.007429937291331,
          42.30889370878592
        ]
      },
      "properties": {
        "bank_id": "neg-es-pba-59636",
        "review_seed_id": "review-neg-0526",
        "control_set_id": "control-v1-0107",
        "review_role": "negative",
        "class_hint": "hard_negative_candidate",
        "country": "ES",
        "region": "Galicia",
        "province_or_district": "Ourense",
        "municipality": "A Veiga",
        "parish": "Meda (Santa María)",
        "place": "Portela, A",
        "name": "Mámoa da Pedra Má 1",
        "source": "Xunta PBA Catálogo. Elementos (xuño 2026)",
        "source_quality": "official_non_castro_heritage_seed",
        "source_record_id": "59636",
        "source_code": "GA32083012",
        "typology": "",
        "generic_type": "-",
        "periods": "",
        "positive_confidence": "",
        "morphology_proxy": "",
        "negative_type": "megalithic_mound",
        "review_priority": "P0",
        "original_training_use": "hard_negative_candidate_requires_qgis_review",
        "auto_review_status": "auto_seeded_requires_visual_verification",
        "auto_decision": "selected_for_control_set_v1",
        "training_use": "exclude_until_visual_raster_verification",
        "generated_at": "2026-08-01T00:00:00Z",
        "proposed_radius_m": "45.0",
        "visual_ring_signal_score": "36.16",
        "visual_ring_signal_tier": "weak_centered_ring_signal",
        "visual_metric_eval_use": "include_visual_signal_metric_eval",
        "visual_autonomous_visual_decision": "negative_control_visual_signal_weak",
        "visual_training_use": "exclude_until_independent_label_review",
        "visual_status": "ok",
        "visual_error": ""
      }
    },
    {
      "type": "Feature",
      "geometry": {
        "type": "Point",
        "coordinates": [
          -7.484893813449888,
          42.5304888745625
        ]
      },
      "properties": {
        "bank_id": "neg-es-pba-33636",
        "review_seed_id": "review-neg-0546",
        "control_set_id": "control-v1-0163",
        "review_role": "negative",
        "class_hint": "hard_negative_candidate",
        "country": "ES",
        "region": "Galicia",
        "province_or_district": "Lugo",
        "municipality": "Monforte de Lemos",
        "parish": "Monforte de Lemos",
        "place": "Senra, A",
        "name": "Castelo Grande",
        "source": "Xunta PBA Catálogo. Elementos (xuño 2026)",
        "source_quality": "official_non_castro_heritage_seed",
        "source_record_id": "33636",
        "source_code": "GA27031016",
        "typology": "Estruturas defensivas?",
        "generic_type": "DEF",
        "periods": "",
        "positive_confidence": "",
        "morphology_proxy": "",
        "negative_type": "historic_fortification",
        "review_priority": "P0",
        "original_training_use": "hard_negative_candidate_requires_qgis_review",
        "auto_review_status": "auto_seeded_requires_visual_verification",
        "auto_decision": "selected_for_control_set_v1",
        "training_use": "exclude_until_visual_raster_verification",
        "generated_at": "2026-08-01T00:00:00Z",
        "proposed_radius_m": "100.0",
        "visual_ring_signal_score": "45.90",
        "visual_ring_signal_tier": "moderate_centered_ring_signal",
        "visual_metric_eval_use": "include_visual_signal_metric_eval",
        "visual_autonomous_visual_decision": "hard_negative_visual_signal_moderate_keep_as_distractor",
        "visual_training_use": "exclude_until_independent_label_review",
        "visual_status": "ok",
        "visual_error": ""
      }
    },
    {
      "type": "Feature",
      "geometry": {
        "type": "Point",
        "coordinates": [
          -7.006098671373808,
          42.308316000548885
        ]
      },
      "properties": {
        "bank_id": "neg-es-pba-59637",
        "review_seed_id": "review-neg-0551",
        "control_set_id": "control-v1-0149",
        "review_role": "negative",
        "class_hint": "hard_negative_candidate",
        "country": "ES",
        "region": "Galicia",
        "province_or_district": "Ourense",
        "municipality": "A Veiga",
        "parish": "Meda (Santa María)",
        "place": "Calle, A",
        "name": "Mámoa da Pedra Má 2",
        "source": "Xunta PBA Catálogo. Elementos (xuño 2026)",
        "source_quality": "official_non_castro_heritage_seed",
        "source_record_id": "59637",
        "source_code": "GA32083027",
        "typology": "",
        "generic_type": "-",
        "periods": "",
        "positive_confidence": "",
        "morphology_proxy": "",
        "negative_type": "megalithic_mound",
        "review_priority": "P0",
        "original_training_use": "hard_negative_candidate_requires_qgis_review",
        "auto_review_status": "auto_seeded_requires_visual_verification",
        "auto_decision": "selected_for_control_set_v1",
        "training_use": "exclude_until_visual_raster_verification",
        "generated_at": "2026-08-01T00:00:00Z",
        "proposed_radius_m": "45.0",
        "visual_ring_signal_score": "23.03",
        "visual_ring_signal_tier": "weak_centered_ring_signal",
        "visual_metric_eval_use": "include_visual_signal_metric_eval",
        "visual_autonomous_visual_decision": "negative_control_visual_signal_weak",
        "visual_training_use": "exclude_until_independent_label_review",
        "visual_status": "ok",
        "visual_error": ""
      }
    },
    {
      "type": "Feature",
      "geometry": {
        "type": "Point",
        "coordinates": [
          -8.417716520060617,
          41.97806471506201
        ]
      },
      "properties": {
        "bank_id": "neg-pt-dgpc-112374",
        "review_seed_id": "review-neg-0588",
        "control_set_id": "control-v1-0136",
        "review_role": "negative",
        "class_hint": "hard_negative_candidate",
        "country": "PT",
        "region": "Norte de Portugal",
        "province_or_district": "Viana do Castelo",
        "municipality": "Monção",
        "parish": "Anhões e Luzio",
        "place": "",
        "name": "Lameiras",
        "source": "DGPC Portal do Arqueólogo Sitios_Arqueologicos",
        "source_quality": "official_non_castro_heritage_seed",
        "source_record_id": "112374",
        "source_code": "40378",
        "typology": "Menir",
        "generic_type": "",
        "periods": "Indeterminado;",
        "positive_confidence": "",
        "morphology_proxy": "",
        "negative_type": "megalithic_mound",
        "review_priority": "P0",
        "original_training_use": "hard_negative_candidate_requires_qgis_review",
        "auto_review_status": "auto_seeded_requires_visual_verification",
        "auto_decision": "selected_for_control_set_v1",
        "training_use": "exclude_until_visual_raster_verification",
        "generated_at": "2026-08-01T00:00:00Z",
        "proposed_radius_m": "45.0",
        "visual_ring_signal_score": "24.08",
        "visual_ring_signal_tier": "weak_centered_ring_signal",
        "visual_metric_eval_use": "include_visual_signal_metric_eval",
        "visual_autonomous_visual_decision": "negative_control_visual_signal_weak",
        "visual_training_use": "exclude_until_independent_label_review",
        "visual_status": "ok",
        "visual_error": ""
      }
    },
    {
      "type": "Feature",
      "geometry": {
        "type": "Point",
        "coordinates": [
          -7.771427512384255,
          42.77532827255387
        ]
      },
      "properties": {
        "bank_id": "neg-es-pba-35341",
        "review_seed_id": "review-neg-0595",
        "control_set_id": "control-v1-0164",
        "review_role": "negative",
        "class_hint": "hard_negative_candidate",
        "country": "ES",
        "region": "Galicia",
        "province_or_district": "Lugo",
        "municipality": "Monterroso",
        "parish": "San Breixo (San Salvador)",
        "place": "Castro, O",
        "name": "Castelo Longo de Ambarría",
        "source": "Xunta PBA Catálogo. Elementos (xuño 2026)",
        "source_quality": "official_non_castro_heritage_seed",
        "source_record_id": "35341",
        "source_code": "GA27032042",
        "typology": "Estruturas defensivas?",
        "generic_type": "DEF",
        "periods": "",
        "positive_confidence": "",
        "morphology_proxy": "",
        "negative_type": "historic_fortification",
        "review_priority": "P0",
        "original_training_use": "hard_negative_candidate_requires_qgis_review",
        "auto_review_status": "auto_seeded_requires_visual_verification",
        "auto_decision": "selected_for_control_set_v1",
        "training_use": "exclude_until_visual_raster_verification",
        "generated_at": "2026-08-01T00:00:00Z",
        "proposed_radius_m": "100.0",
        "visual_ring_signal_score": "27.12",
        "visual_ring_signal_tier": "weak_centered_ring_signal",
        "visual_metric_eval_use": "include_visual_signal_metric_eval",
        "visual_autonomous_visual_decision": "negative_control_visual_signal_weak",
        "visual_training_use": "exclude_until_independent_label_review",
        "visual_status": "ok",
        "visual_error": ""
      }
    },
    {
      "type": "Feature",
      "geometry": {
        "type": "Point",
        "coordinates": [
          -6.864605306687915,
          43.12358226677812
        ]
      },
      "properties": {
        "bank_id": "neg-es-pba-35839",
        "review_seed_id": "review-neg-0619",
        "control_set_id": "control-v1-0165",
        "review_role": "negative",
        "class_hint": "hard_negative_candidate",
        "country": "ES",
        "region": "Galicia",
        "province_or_district": "Lugo",
        "municipality": "Negueira de Muñiz",
        "parish": "Barcela (San Miguel)",
        "place": "Castelo",
        "name": "Castelo de Cancio",
        "source": "Xunta PBA Catálogo. Elementos (xuño 2026)",
        "source_quality": "official_non_castro_heritage_seed",
        "source_record_id": "35839",
        "source_code": "GA27035003",
        "typology": "Estruturas defensivas?",
        "generic_type": "DEF",
        "periods": "",
        "positive_confidence": "",
        "morphology_proxy": "",
        "negative_type": "historic_fortification",
        "review_priority": "P0",
        "original_training_use": "hard_negative_candidate_requires_qgis_review",
        "auto_review_status": "auto_seeded_requires_visual_verification",
        "auto_decision": "selected_for_control_set_v1",
        "training_use": "exclude_until_visual_raster_verification",
        "generated_at": "2026-08-01T00:00:00Z",
        "proposed_radius_m": "100.0",
        "visual_ring_signal_score": "36.69",
        "visual_ring_signal_tier": "weak_centered_ring_signal",
        "visual_metric_eval_use": "include_visual_signal_metric_eval",
        "visual_autonomous_visual_decision": "negative_control_visual_signal_weak",
        "visual_training_use": "exclude_until_independent_label_review",
        "visual_status": "ok",
        "visual_error": ""
      }
    },
    {
      "type": "Feature",
      "geometry": {
        "type": "Point",
        "coordinates": [
          -7.46405636230302,
          42.834783851903914
        ]
      },
      "properties": {
        "bank_id": "neg-es-pba-36966",
        "review_seed_id": "review-neg-0643",
        "control_set_id": "control-v1-0166",
        "review_role": "negative",
        "class_hint": "hard_negative_candidate",
        "country": "ES",
        "region": "Galicia",
        "province_or_district": "Lugo",
        "municipality": "O Páramo",
        "parish": "Sa (Santiago)",
        "place": "Barreiros",
        "name": "O Castelo/Torre do Mariscal",
        "source": "Xunta PBA Catálogo. Elementos (xuño 2026)",
        "source_quality": "official_non_castro_heritage_seed",
        "source_record_id": "36966",
        "source_code": "GA27043015",
        "typology": "Estruturas defensivas",
        "generic_type": "DEF",
        "periods": "",
        "positive_confidence": "",
        "morphology_proxy": "",
        "negative_type": "historic_fortification",
        "review_priority": "P0",
        "original_training_use": "hard_negative_candidate_requires_qgis_review",
        "auto_review_status": "auto_seeded_requires_visual_verification",
        "auto_decision": "selected_for_control_set_v1",
        "training_use": "exclude_until_visual_raster_verification",
        "generated_at": "2026-08-01T00:00:00Z",
        "proposed_radius_m": "100.0",
        "visual_ring_signal_score": "24.82",
        "visual_ring_signal_tier": "weak_centered_ring_signal",
        "visual_metric_eval_use": "include_visual_signal_metric_eval",
        "visual_autonomous_visual_decision": "negative_control_visual_signal_weak",
        "visual_training_use": "exclude_until_independent_label_review",
        "visual_status": "ok",
        "visual_error": ""
      }
    },
    {
      "type": "Feature",
      "geometry": {
        "type": "Point",
        "coordinates": [
          -8.143206533143868,
          41.12032025439436
        ]
      },
      "properties": {
        "bank_id": "neg-pt-dgpc-111452",
        "review_seed_id": "review-neg-0681",
        "control_set_id": "control-v1-0126",
        "review_role": "negative",
        "class_hint": "hard_negative_candidate",
        "country": "PT",
        "region": "Norte de Portugal",
        "province_or_district": "Porto",
        "municipality": "Marco de Canaveses",
        "parish": "Penha Longa e Paços de Gaiolo",
        "place": "",
        "name": "Mamoa I de Fonte Cova",
        "source": "DGPC Portal do Arqueólogo Sitios_Arqueologicos",
        "source_quality": "official_non_castro_heritage_seed",
        "source_record_id": "111452",
        "source_code": "38755",
        "typology": "Mamoa",
        "generic_type": "",
        "periods": "Neo-Calcolítico;",
        "positive_confidence": "",
        "morphology_proxy": "",
        "negative_type": "megalithic_mound",
        "review_priority": "P0",
        "original_training_use": "hard_negative_candidate_requires_qgis_review",
        "auto_review_status": "auto_seeded_requires_visual_verification",
        "auto_decision": "selected_for_control_set_v1",
        "training_use": "exclude_until_visual_raster_verification",
        "generated_at": "2026-08-01T00:00:00Z",
        "proposed_radius_m": "45.0",
        "visual_ring_signal_score": "10.38",
        "visual_ring_signal_tier": "weak_centered_ring_signal",
        "visual_metric_eval_use": "include_visual_signal_metric_eval",
        "visual_autonomous_visual_decision": "negative_control_visual_signal_weak",
        "visual_training_use": "exclude_until_independent_label_review",
        "visual_status": "ok",
        "visual_error": ""
      }
    },
    {
      "type": "Feature",
      "geometry": {
        "type": "Point",
        "coordinates": [
          -7.450830750820225,
          43.53965884925108
        ]
      },
      "properties": {
        "bank_id": "neg-es-pba-42938",
        "review_seed_id": "review-neg-0689",
        "control_set_id": "control-v1-0167",
        "review_role": "negative",
        "class_hint": "hard_negative_candidate",
        "country": "ES",
        "region": "Galicia",
        "province_or_district": "Lugo",
        "municipality": "O Valadouro",
        "parish": "Santa Cruz do Valadouro (Santa Cruz)",
        "place": "Cendemil",
        "name": "Torre de Cendemil",
        "source": "Xunta PBA Catálogo. Elementos (xuño 2026)",
        "source_quality": "official_non_castro_heritage_seed",
        "source_record_id": "42938",
        "source_code": "GA27063049",
        "typology": "Estruturas defensivas?",
        "generic_type": "DEF",
        "periods": "",
        "positive_confidence": "",
        "morphology_proxy": "",
        "negative_type": "historic_fortification",
        "review_priority": "P0",
        "original_training_use": "hard_negative_candidate_requires_qgis_review",
        "auto_review_status": "auto_seeded_requires_visual_verification",
        "auto_decision": "selected_for_control_set_v1",
        "training_use": "exclude_until_visual_raster_verification",
        "generated_at": "2026-08-01T00:00:00Z",
        "proposed_radius_m": "100.0",
        "visual_ring_signal_score": "35.66",
        "visual_ring_signal_tier": "weak_centered_ring_signal",
        "visual_metric_eval_use": "include_visual_signal_metric_eval",
        "visual_autonomous_visual_decision": "negative_control_visual_signal_weak",
        "visual_training_use": "exclude_until_independent_label_review",
        "visual_status": "ok",
        "visual_error": ""
      }
    },
    {
      "type": "Feature",
      "geometry": {
        "type": "Point",
        "coordinates": [
          -7.649716659791161,
          43.73979523101907
        ]
      },
      "properties": {
        "bank_id": "neg-es-pba-43202",
        "review_seed_id": "review-neg-0711",
        "control_set_id": "control-v1-0168",
        "review_role": "negative",
        "class_hint": "hard_negative_candidate",
        "country": "ES",
        "region": "Galicia",
        "province_or_district": "Lugo",
        "municipality": "O Vicedo",
        "parish": "San Román de Vale (San Román)",
        "place": "",
        "name": "O Castelo",
        "source": "Xunta PBA Catálogo. Elementos (xuño 2026)",
        "source_quality": "official_non_castro_heritage_seed",
        "source_record_id": "43202",
        "source_code": "GA27064005",
        "typology": "Estruturas defensivas?",
        "generic_type": "DEF",
        "periods": "",
        "positive_confidence": "",
        "morphology_proxy": "",
        "negative_type": "historic_fortification",
        "review_priority": "P0",
        "original_training_use": "hard_negative_candidate_requires_qgis_review",
        "auto_review_status": "auto_seeded_requires_visual_verification",
        "auto_decision": "selected_for_control_set_v1",
        "training_use": "exclude_until_visual_raster_verification",
        "generated_at": "2026-08-01T00:00:00Z",
        "proposed_radius_m": "100.0",
        "visual_ring_signal_score": "34.07",
        "visual_ring_signal_tier": "weak_centered_ring_signal",
        "visual_metric_eval_use": "include_visual_signal_metric_eval",
        "visual_autonomous_visual_decision": "negative_control_visual_signal_weak",
        "visual_training_use": "exclude_until_independent_label_review",
        "visual_status": "ok",
        "visual_error": ""
      }
    },
    {
      "type": "Feature",
      "geometry": {
        "type": "Point",
        "coordinates": [
          -7.7947491561340785,
          42.15700956570266
        ]
      },
      "properties": {
        "bank_id": "neg-es-pba-43983",
        "review_seed_id": "review-neg-0716",
        "control_set_id": "control-v1-0108",
        "review_role": "negative",
        "class_hint": "hard_negative_candidate",
        "country": "ES",
        "region": "Galicia",
        "province_or_district": "Ourense",
        "municipality": "Allariz",
        "parish": "Torneiros (San Miguel)",
        "place": "Penaflor",
        "name": "Mámoa de Agrela",
        "source": "Xunta PBA Catálogo. Elementos (xuño 2026)",
        "source_quality": "official_non_castro_heritage_seed",
        "source_record_id": "43983",
        "source_code": "Allariz_44203",
        "typology": "",
        "generic_type": "-",
        "periods": "",
        "positive_confidence": "",
        "morphology_proxy": "",
        "negative_type": "megalithic_mound",
        "review_priority": "P0",
        "original_training_use": "hard_negative_candidate_requires_qgis_review",
        "auto_review_status": "auto_seeded_requires_visual_verification",
        "auto_decision": "selected_for_control_set_v1",
        "training_use": "exclude_until_visual_raster_verification",
        "generated_at": "2026-08-01T00:00:00Z",
        "proposed_radius_m": "45.0",
        "visual_ring_signal_score": "12.29",
        "visual_ring_signal_tier": "weak_centered_ring_signal",
        "visual_metric_eval_use": "include_visual_signal_metric_eval",
        "visual_autonomous_visual_decision": "negative_control_visual_signal_weak",
        "visual_training_use": "exclude_until_independent_label_review",
        "visual_status": "ok",
        "visual_error": ""
      }
    },
    {
      "type": "Feature",
      "geometry": {
        "type": "Point",
        "coordinates": [
          -8.688760878643631,
          41.21133766303323
        ]
      },
      "properties": {
        "bank_id": "neg-pt-dgpc-106154",
        "review_seed_id": "review-neg-0725",
        "control_set_id": "control-v1-0127",
        "review_role": "negative",
        "class_hint": "hard_negative_candidate",
        "country": "PT",
        "region": "Norte de Portugal",
        "province_or_district": "Porto",
        "municipality": "Matosinhos",
        "parish": "Perafita, Lavra e Santa Cruz do Bispo",
        "place": "",
        "name": "Brio",
        "source": "DGPC Portal do Arqueólogo Sitios_Arqueologicos",
        "source_quality": "official_non_castro_heritage_seed",
        "source_record_id": "106154",
        "source_code": "3270",
        "typology": "Anta/Dólmen",
        "generic_type": "",
        "periods": "Neo-Calcolítico;",
        "positive_confidence": "",
        "morphology_proxy": "",
        "negative_type": "megalithic_mound",
        "review_priority": "P0",
        "original_training_use": "hard_negative_candidate_requires_qgis_review",
        "auto_review_status": "auto_seeded_requires_visual_verification",
        "auto_decision": "selected_for_control_set_v1",
        "training_use": "exclude_until_visual_raster_verification",
        "generated_at": "2026-08-01T00:00:00Z",
        "proposed_radius_m": "45.0",
        "visual_ring_signal_score": "11.63",
        "visual_ring_signal_tier": "weak_centered_ring_signal",
        "visual_metric_eval_use": "include_visual_signal_metric_eval",
        "visual_autonomous_visual_decision": "negative_control_visual_signal_weak",
        "visual_training_use": "exclude_until_independent_label_review",
        "visual_status": "ok",
        "visual_error": ""
      }
    },
    {
      "type": "Feature",
      "geometry": {
        "type": "Point",
        "coordinates": [
          -8.553064141079286,
          41.95534727281584
        ]
      },
      "properties": {
        "bank_id": "neg-pt-dgpc-112391",
        "review_seed_id": "review-neg-0727",
        "control_set_id": "control-v1-0137",
        "review_role": "negative",
        "class_hint": "hard_negative_candidate",
        "country": "PT",
        "region": "Norte de Portugal",
        "province_or_district": "Viana do Castelo",
        "municipality": "Paredes de Coura",
        "parish": "Insalde e Porreiras",
        "place": "",
        "name": "Almas 3",
        "source": "DGPC Portal do Arqueólogo Sitios_Arqueologicos",
        "source_quality": "official_non_castro_heritage_seed",
        "source_record_id": "112391",
        "source_code": "40393",
        "typology": "Mamoa",
        "generic_type": "",
        "periods": "Neo-Calcolítico;",
        "positive_confidence": "",
        "morphology_proxy": "",
        "negative_type": "megalithic_mound",
        "review_priority": "P0",
        "original_training_use": "hard_negative_candidate_requires_qgis_review",
        "auto_review_status": "auto_seeded_requires_visual_verification",
        "auto_decision": "selected_for_control_set_v1",
        "training_use": "exclude_until_visual_raster_verification",
        "generated_at": "2026-08-01T00:00:00Z",
        "proposed_radius_m": "45.0",
        "visual_ring_signal_score": "33.93",
        "visual_ring_signal_tier": "weak_centered_ring_signal",
        "visual_metric_eval_use": "include_visual_signal_metric_eval",
        "visual_autonomous_visual_decision": "negative_control_visual_signal_weak",
        "visual_training_use": "exclude_until_independent_label_review",
        "visual_status": "ok",
        "visual_error": ""
      }
    },
    {
      "type": "Feature",
      "geometry": {
        "type": "Point",
        "coordinates": [
          -7.585296375774332,
          43.57672543262465
        ]
      },
      "properties": {
        "bank_id": "neg-es-pba-35700",
        "review_seed_id": "review-neg-0732",
        "control_set_id": "control-v1-0169",
        "review_role": "negative",
        "class_hint": "hard_negative_candidate",
        "country": "ES",
        "region": "Galicia",
        "province_or_district": "Lugo",
        "municipality": "Ourol",
        "parish": "Miñotos (San Pedro)",
        "place": "Castelo, O",
        "name": "Castelo",
        "source": "Xunta PBA Catálogo. Elementos (xuño 2026)",
        "source_quality": "official_non_castro_heritage_seed",
        "source_record_id": "35700",
        "source_code": "GA27038008",
        "typology": "Estruturas defensivas?",
        "generic_type": "DEF",
        "periods": "",
        "positive_confidence": "",
        "morphology_proxy": "",
        "negative_type": "historic_fortification",
        "review_priority": "P0",
        "original_training_use": "hard_negative_candidate_requires_qgis_review",
        "auto_review_status": "auto_seeded_requires_visual_verification",
        "auto_decision": "selected_for_control_set_v1",
        "training_use": "exclude_until_visual_raster_verification",
        "generated_at": "2026-08-01T00:00:00Z",
        "proposed_radius_m": "100.0",
        "visual_ring_signal_score": "41.88",
        "visual_ring_signal_tier": "weak_centered_ring_signal",
        "visual_metric_eval_use": "include_visual_signal_metric_eval",
        "visual_autonomous_visual_decision": "negative_control_visual_signal_weak",
        "visual_training_use": "exclude_until_independent_label_review",
        "visual_status": "ok",
        "visual_error": ""
      }
    },
    {
      "type": "Feature",
      "geometry": {
        "type": "Point",
        "coordinates": [
          -7.802943610125815,
          42.14224408876411
        ]
      },
      "properties": {
        "bank_id": "neg-es-pba-44009",
        "review_seed_id": "review-neg-0737",
        "control_set_id": "control-v1-0150",
        "review_role": "negative",
        "class_hint": "hard_negative_candidate",
        "country": "ES",
        "region": "Galicia",
        "province_or_district": "Ourense",
        "municipality": "Allariz",
        "parish": "San Martiño de Pazó (San Martiño)",
        "place": "San Miguel",
        "name": "Mámoa do Monte Penamá 1",
        "source": "Xunta PBA Catálogo. Elementos (xuño 2026)",
        "source_quality": "official_non_castro_heritage_seed",
        "source_record_id": "44009",
        "source_code": "Allariz_44204",
        "typology": "",
        "generic_type": "-",
        "periods": "",
        "positive_confidence": "",
        "morphology_proxy": "",
        "negative_type": "megalithic_mound",
        "review_priority": "P0",
        "original_training_use": "hard_negative_candidate_requires_qgis_review",
        "auto_review_status": "auto_seeded_requires_visual_verification",
        "auto_decision": "selected_for_control_set_v1",
        "training_use": "exclude_until_visual_raster_verification",
        "generated_at": "2026-08-01T00:00:00Z",
        "proposed_radius_m": "45.0",
        "visual_ring_signal_score": "65.71",
        "visual_ring_signal_tier": "strong_centered_ring_signal",
        "visual_metric_eval_use": "include_visual_signal_metric_eval",
        "visual_autonomous_visual_decision": "hard_negative_visual_signal_strong_keep_as_distractor",
        "visual_training_use": "exclude_until_independent_label_review",
        "visual_status": "ok",
        "visual_error": ""
      }
    },
    {
      "type": "Feature",
      "geometry": {
        "type": "Point",
        "coordinates": [
          -8.15593382802984,
          41.65276836038539
        ]
      },
      "properties": {
        "bank_id": "neg-pt-dgpc-109880",
        "review_seed_id": "review-neg-0743",
        "control_set_id": "control-v1-0117",
        "review_role": "negative",
        "class_hint": "hard_negative_candidate",
        "country": "PT",
        "region": "Norte de Portugal",
        "province_or_district": "Braga",
        "municipality": "Vieira do Minho",
        "parish": "Eira Vedra",
        "place": "",
        "name": "Mamoa 2 da Lama dos Eidos",
        "source": "DGPC Portal do Arqueólogo Sitios_Arqueologicos",
        "source_quality": "official_non_castro_heritage_seed",
        "source_record_id": "109880",
        "source_code": "30008",
        "typology": "Mamoa",
        "generic_type": "",
        "periods": "Neo-Calcolítico;",
        "positive_confidence": "",
        "morphology_proxy": "",
        "negative_type": "megalithic_mound",
        "review_priority": "P0",
        "original_training_use": "hard_negative_candidate_requires_qgis_review",
        "auto_review_status": "auto_seeded_requires_visual_verification",
        "auto_decision": "selected_for_control_set_v1",
        "training_use": "exclude_until_visual_raster_verification",
        "generated_at": "2026-08-01T00:00:00Z",
        "proposed_radius_m": "45.0",
        "visual_ring_signal_score": "11.65",
        "visual_ring_signal_tier": "weak_centered_ring_signal",
        "visual_metric_eval_use": "include_visual_signal_metric_eval",
        "visual_autonomous_visual_decision": "negative_control_visual_signal_weak",
        "visual_training_use": "exclude_until_independent_label_review",
        "visual_status": "ok",
        "visual_error": ""
      }
    },
    {
      "type": "Feature",
      "geometry": {
        "type": "Point",
        "coordinates": [
          -7.532675574563669,
          43.10124901506502
        ]
      },
      "properties": {
        "bank_id": "neg-es-pba-36107",
        "review_seed_id": "review-neg-0753",
        "control_set_id": "control-v1-0170",
        "review_role": "negative",
        "class_hint": "hard_negative_candidate",
        "country": "ES",
        "region": "Galicia",
        "province_or_district": "Lugo",
        "municipality": "Outeiro de Rei",
        "parish": "San Fiz de Paz (San Pedro Fiz)",
        "place": "Vilar",
        "name": "Castelo do Picato",
        "source": "Xunta PBA Catálogo. Elementos (xuño 2026)",
        "source_quality": "official_non_castro_heritage_seed",
        "source_record_id": "36107",
        "source_code": "GA27039057",
        "typology": "Estruturas defensivas?",
        "generic_type": "DEF",
        "periods": "",
        "positive_confidence": "",
        "morphology_proxy": "",
        "negative_type": "historic_fortification",
        "review_priority": "P0",
        "original_training_use": "hard_negative_candidate_requires_qgis_review",
        "auto_review_status": "auto_seeded_requires_visual_verification",
        "auto_decision": "selected_for_control_set_v1",
        "training_use": "exclude_until_visual_raster_verification",
        "generated_at": "2026-08-01T00:00:00Z",
        "proposed_radius_m": "100.0",
        "visual_ring_signal_score": "28.13",
        "visual_ring_signal_tier": "weak_centered_ring_signal",
        "visual_metric_eval_use": "include_visual_signal_metric_eval",
        "visual_autonomous_visual_decision": "negative_control_visual_signal_weak",
        "visual_training_use": "exclude_until_independent_label_review",
        "visual_status": "ok",
        "visual_error": ""
      }
    },
    {
      "type": "Feature",
      "geometry": {
        "type": "Point",
        "coordinates": [
          -7.961727876885935,
          42.36997453773106
        ]
      },
      "properties": {
        "bank_id": "neg-es-pba-43559",
        "review_seed_id": "review-neg-0758",
        "control_set_id": "control-v1-0109",
        "review_role": "negative",
        "class_hint": "hard_negative_candidate",
        "country": "ES",
        "region": "Galicia",
        "province_or_district": "Ourense",
        "municipality": "Amoeiro",
        "parish": "Trasalba (San Pedro)",
        "place": "Albeiros",
        "name": "Mámoa das Chairas",
        "source": "Xunta PBA Catálogo. Elementos (xuño 2026)",
        "source_quality": "official_non_castro_heritage_seed",
        "source_record_id": "43559",
        "source_code": "GA32002028",
        "typology": "",
        "generic_type": "-",
        "periods": "",
        "positive_confidence": "",
        "morphology_proxy": "",
        "negative_type": "megalithic_mound",
        "review_priority": "P0",
        "original_training_use": "hard_negative_candidate_requires_qgis_review",
        "auto_review_status": "auto_seeded_requires_visual_verification",
        "auto_decision": "selected_for_control_set_v1",
        "training_use": "exclude_until_visual_raster_verification",
        "generated_at": "2026-08-01T00:00:00Z",
        "proposed_radius_m": "45.0",
        "visual_ring_signal_score": "14.64",
        "visual_ring_signal_tier": "weak_centered_ring_signal",
        "visual_metric_eval_use": "include_visual_signal_metric_eval",
        "visual_autonomous_visual_decision": "negative_control_visual_signal_weak",
        "visual_training_use": "exclude_until_independent_label_review",
        "visual_status": "ok",
        "visual_error": ""
      }
    },
    {
      "type": "Feature",
      "geometry": {
        "type": "Point",
        "coordinates": [
          -8.430071212457126,
          41.0911894449021
        ]
      },
      "properties": {
        "bank_id": "neg-pt-dgpc-112103",
        "review_seed_id": "review-neg-0767",
        "control_set_id": "control-v1-0128",
        "review_role": "negative",
        "class_hint": "hard_negative_candidate",
        "country": "PT",
        "region": "Norte de Portugal",
        "province_or_district": "Porto",
        "municipality": "Paredes",
        "parish": "Aguiar de Sousa",
        "place": "",
        "name": "Mamoa de Brandião",
        "source": "DGPC Portal do Arqueólogo Sitios_Arqueologicos",
        "source_quality": "official_non_castro_heritage_seed",
        "source_record_id": "112103",
        "source_code": "22331",
        "typology": "Mamoa",
        "generic_type": "",
        "periods": "Neo-Calcolítico;",
        "positive_confidence": "",
        "morphology_proxy": "",
        "negative_type": "megalithic_mound",
        "review_priority": "P0",
        "original_training_use": "hard_negative_candidate_requires_qgis_review",
        "auto_review_status": "auto_seeded_requires_visual_verification",
        "auto_decision": "selected_for_control_set_v1",
        "training_use": "exclude_until_visual_raster_verification",
        "generated_at": "2026-08-01T00:00:00Z",
        "proposed_radius_m": "45.0",
        "visual_ring_signal_score": "17.62",
        "visual_ring_signal_tier": "weak_centered_ring_signal",
        "visual_metric_eval_use": "include_visual_signal_metric_eval",
        "visual_autonomous_visual_decision": "negative_control_visual_signal_weak",
        "visual_training_use": "exclude_until_independent_label_review",
        "visual_status": "ok",
        "visual_error": ""
      }
    },
    {
      "type": "Feature",
      "geometry": {
        "type": "Point",
        "coordinates": [
          -8.255404550722648,
          41.14494459238899
        ]
      },
      "properties": {
        "bank_id": "neg-pt-dgpc-105863",
        "review_seed_id": "review-neg-0788",
        "control_set_id": "control-v1-0129",
        "review_role": "negative",
        "class_hint": "hard_negative_candidate",
        "country": "PT",
        "region": "Norte de Portugal",
        "province_or_district": "Porto",
        "municipality": "Penafiel",
        "parish": "Luzim e Vila Cova",
        "place": "",
        "name": "Menir de Luzim/ Marco de Luzim",
        "source": "DGPC Portal do Arqueólogo Sitios_Arqueologicos",
        "source_quality": "official_non_castro_heritage_seed",
        "source_record_id": "105863",
        "source_code": "789",
        "typology": "Menir",
        "generic_type": "",
        "periods": "Neo-Calcolítico;Neolítico;",
        "positive_confidence": "",
        "morphology_proxy": "",
        "negative_type": "megalithic_mound",
        "review_priority": "P0",
        "original_training_use": "hard_negative_candidate_requires_qgis_review",
        "auto_review_status": "auto_seeded_requires_visual_verification",
        "auto_decision": "selected_for_control_set_v1",
        "training_use": "exclude_until_visual_raster_verification",
        "generated_at": "2026-08-01T00:00:00Z",
        "proposed_radius_m": "45.0",
        "visual_ring_signal_score": "13.48",
        "visual_ring_signal_tier": "weak_centered_ring_signal",
        "visual_metric_eval_use": "include_visual_signal_metric_eval",
        "visual_autonomous_visual_decision": "negative_control_visual_signal_weak",
        "visual_training_use": "exclude_until_independent_label_review",
        "visual_status": "ok",
        "visual_error": ""
      }
    },
    {
      "type": "Feature",
      "geometry": {
        "type": "Point",
        "coordinates": [
          -7.6078212012662325,
          42.47635937020645
        ]
      },
      "properties": {
        "bank_id": "neg-es-pba-37344",
        "review_seed_id": "review-neg-0795",
        "control_set_id": "control-v1-0171",
        "review_role": "negative",
        "class_hint": "hard_negative_candidate",
        "country": "ES",
        "region": "Galicia",
        "province_or_district": "Lugo",
        "municipality": "Pantón",
        "parish": "Espasantes (Santo Estevo)",
        "place": "Moreda",
        "name": "Castelo das Saíñas",
        "source": "Xunta PBA Catálogo. Elementos (xuño 2026)",
        "source_quality": "official_non_castro_heritage_seed",
        "source_record_id": "37344",
        "source_code": "GA27041031",
        "typology": "Estruturas defensivas?",
        "generic_type": "DEF",
        "periods": "",
        "positive_confidence": "",
        "morphology_proxy": "",
        "negative_type": "historic_fortification",
        "review_priority": "P0",
        "original_training_use": "hard_negative_candidate_requires_qgis_review",
        "auto_review_status": "auto_seeded_requires_visual_verification",
        "auto_decision": "selected_for_control_set_v1",
        "training_use": "exclude_until_visual_raster_verification",
        "generated_at": "2026-08-01T00:00:00Z",
        "proposed_radius_m": "100.0",
        "visual_ring_signal_score": "11.39",
        "visual_ring_signal_tier": "weak_centered_ring_signal",
        "visual_metric_eval_use": "include_visual_signal_metric_eval",
        "visual_autonomous_visual_decision": "negative_control_visual_signal_weak",
        "visual_training_use": "exclude_until_independent_label_review",
        "visual_status": "ok",
        "visual_error": ""
      }
    },
    {
      "type": "Feature",
      "geometry": {
        "type": "Point",
        "coordinates": [
          -8.604442024148389,
          41.40848968955471
        ]
      },
      "properties": {
        "bank_id": "neg-pt-dgpc-111335",
        "review_seed_id": "review-neg-0826",
        "control_set_id": "control-v1-0130",
        "review_role": "negative",
        "class_hint": "hard_negative_candidate",
        "country": "PT",
        "region": "Norte de Portugal",
        "province_or_district": "Porto",
        "municipality": "Póvoa de Varzim",
        "parish": "Balazar",
        "place": "",
        "name": "Pinheiral/Pedra do Sol",
        "source": "DGPC Portal do Arqueólogo Sitios_Arqueologicos",
        "source_quality": "official_non_castro_heritage_seed",
        "source_record_id": "111335",
        "source_code": "38373",
        "typology": "Mamoa",
        "generic_type": "",
        "periods": "Indeterminado;",
        "positive_confidence": "",
        "morphology_proxy": "",
        "negative_type": "megalithic_mound",
        "review_priority": "P0",
        "original_training_use": "hard_negative_candidate_requires_qgis_review",
        "auto_review_status": "auto_seeded_requires_visual_verification",
        "auto_decision": "selected_for_control_set_v1",
        "training_use": "exclude_until_visual_raster_verification",
        "generated_at": "2026-08-01T00:00:00Z",
        "proposed_radius_m": "45.0",
        "visual_ring_signal_score": "23.07",
        "visual_ring_signal_tier": "weak_centered_ring_signal",
        "visual_metric_eval_use": "include_visual_signal_metric_eval",
        "visual_autonomous_visual_decision": "negative_control_visual_signal_weak",
        "visual_training_use": "exclude_until_independent_label_review",
        "visual_status": "ok",
        "visual_error": ""
      }
    },
    {
      "type": "Feature",
      "geometry": {
        "type": "Point",
        "coordinates": [
          -8.29313014344684,
          42.4412829460542
        ]
      },
      "properties": {
        "bank_id": "neg-es-pba-45293",
        "review_seed_id": "review-neg-0837",
        "control_set_id": "control-v1-0110",
        "review_role": "negative",
        "class_hint": "hard_negative_candidate",
        "country": "ES",
        "region": "Galicia",
        "province_or_district": "Ourense",
        "municipality": "Avión",
        "parish": "Baíste (Santa María)",
        "place": "Penedo",
        "name": "Mámoa da Lomba",
        "source": "Xunta PBA Catálogo. Elementos (xuño 2026)",
        "source_quality": "official_non_castro_heritage_seed",
        "source_record_id": "45293",
        "source_code": "GA32004026",
        "typology": "",
        "generic_type": "-",
        "periods": "",
        "positive_confidence": "",
        "morphology_proxy": "",
        "negative_type": "megalithic_mound",
        "review_priority": "P0",
        "original_training_use": "hard_negative_candidate_requires_qgis_review",
        "auto_review_status": "auto_seeded_requires_visual_verification",
        "auto_decision": "selected_for_control_set_v1",
        "training_use": "exclude_until_visual_raster_verification",
        "generated_at": "2026-08-01T00:00:00Z",
        "proposed_radius_m": "45.0",
        "visual_ring_signal_score": "11.94",
        "visual_ring_signal_tier": "weak_centered_ring_signal",
        "visual_metric_eval_use": "include_visual_signal_metric_eval",
        "visual_autonomous_visual_decision": "negative_control_visual_signal_weak",
        "visual_training_use": "exclude_until_independent_label_review",
        "visual_status": "ok",
        "visual_error": ""
      }
    },
    {
      "type": "Feature",
      "geometry": {
        "type": "Point",
        "coordinates": [
          -8.49217766642086,
          41.33277702213259
        ]
      },
      "properties": {
        "bank_id": "neg-pt-dgpc-111371",
        "review_seed_id": "review-neg-0845",
        "control_set_id": "control-v1-0131",
        "review_role": "negative",
        "class_hint": "hard_negative_candidate",
        "country": "PT",
        "region": "Norte de Portugal",
        "province_or_district": "Porto",
        "municipality": "Santo Tirso",
        "parish": "Santo Tirso, Couto (Santa Cristina e São Miguel) e Burgães",
        "place": "",
        "name": "Ermida",
        "source": "DGPC Portal do Arqueólogo Sitios_Arqueologicos",
        "source_quality": "official_non_castro_heritage_seed",
        "source_record_id": "111371",
        "source_code": "37734",
        "typology": "Mamoa",
        "generic_type": "",
        "periods": "Neo-Calcolítico;",
        "positive_confidence": "",
        "morphology_proxy": "",
        "negative_type": "megalithic_mound",
        "review_priority": "P0",
        "original_training_use": "hard_negative_candidate_requires_qgis_review",
        "auto_review_status": "auto_seeded_requires_visual_verification",
        "auto_decision": "selected_for_control_set_v1",
        "training_use": "exclude_until_visual_raster_verification",
        "generated_at": "2026-08-01T00:00:00Z",
        "proposed_radius_m": "45.0",
        "visual_ring_signal_score": "15.51",
        "visual_ring_signal_tier": "weak_centered_ring_signal",
        "visual_metric_eval_use": "include_visual_signal_metric_eval",
        "visual_autonomous_visual_decision": "negative_control_visual_signal_weak",
        "visual_training_use": "exclude_until_independent_label_review",
        "visual_status": "ok",
        "visual_error": ""
      }
    },
    {
      "type": "Feature",
      "geometry": {
        "type": "Point",
        "coordinates": [
          -8.463551992484142,
          41.04779590093835
        ]
      },
      "properties": {
        "bank_id": "neg-pt-dgpc-112900",
        "review_seed_id": "review-neg-0864",
        "control_set_id": "control-v1-0132",
        "review_role": "negative",
        "class_hint": "hard_negative_candidate",
        "country": "PT",
        "region": "Norte de Portugal",
        "province_or_district": "Porto",
        "municipality": "Vila Nova de Gaia",
        "parish": "Sandim, Olival, Lever e Crestuma",
        "place": "",
        "name": "Mamoa 1 de Santa Lomédia",
        "source": "DGPC Portal do Arqueólogo Sitios_Arqueologicos",
        "source_quality": "official_non_castro_heritage_seed",
        "source_record_id": "112900",
        "source_code": "41132",
        "typology": "Monumento Megalítico",
        "generic_type": "",
        "periods": "Neolítico;",
        "positive_confidence": "",
        "morphology_proxy": "",
        "negative_type": "megalithic_mound",
        "review_priority": "P0",
        "original_training_use": "hard_negative_candidate_requires_qgis_review",
        "auto_review_status": "auto_seeded_requires_visual_verification",
        "auto_decision": "selected_for_control_set_v1",
        "training_use": "exclude_until_visual_raster_verification",
        "generated_at": "2026-08-01T00:00:00Z",
        "proposed_radius_m": "45.0",
        "visual_ring_signal_score": "17.64",
        "visual_ring_signal_tier": "weak_centered_ring_signal",
        "visual_metric_eval_use": "include_visual_signal_metric_eval",
        "visual_autonomous_visual_decision": "negative_control_visual_signal_weak",
        "visual_training_use": "exclude_until_independent_label_review",
        "visual_status": "ok",
        "visual_error": ""
      }
    },
    {
      "type": "Feature",
      "geometry": {
        "type": "Point",
        "coordinates": [
          -7.245390307703731,
          42.47310419774007
        ]
      },
      "properties": {
        "bank_id": "neg-es-pba-38363",
        "review_seed_id": "review-neg-0890",
        "control_set_id": "control-v1-0172",
        "review_role": "negative",
        "class_hint": "hard_negative_candidate",
        "country": "ES",
        "region": "Galicia",
        "province_or_district": "Lugo",
        "municipality": "Quiroga",
        "parish": "O Hospital (San Salvador)",
        "place": "Carballedo",
        "name": "Xacemento da Torre do Hospital",
        "source": "Xunta PBA Catálogo. Elementos (xuño 2026)",
        "source_quality": "official_non_castro_heritage_seed",
        "source_record_id": "38363",
        "source_code": "GA27050032",
        "typology": "Estruturas defensivas?",
        "generic_type": "DEF",
        "periods": "",
        "positive_confidence": "",
        "morphology_proxy": "",
        "negative_type": "historic_fortification",
        "review_priority": "P0",
        "original_training_use": "hard_negative_candidate_requires_qgis_review",
        "auto_review_status": "auto_seeded_requires_visual_verification",
        "auto_decision": "selected_for_control_set_v1",
        "training_use": "exclude_until_visual_raster_verification",
        "generated_at": "2026-08-01T00:00:00Z",
        "proposed_radius_m": "100.0",
        "visual_ring_signal_score": "",
        "visual_ring_signal_tier": "",
        "visual_metric_eval_use": "exclude_thumbnail_unusable",
        "visual_autonomous_visual_decision": "thumbnail_unusable_refetch_or_manual_followup",
        "visual_training_use": "exclude_until_independent_label_review",
        "visual_status": "failed",
        "visual_error": "HTTP Error 502: Bad Gateway"
      }
    },
    {
      "type": "Feature",
      "geometry": {
        "type": "Point",
        "coordinates": [
          -7.042594043079262,
          43.555358421459104
        ]
      },
      "properties": {
        "bank_id": "neg-es-pba-40741",
        "review_seed_id": "review-neg-0909",
        "control_set_id": "control-v1-0173",
        "review_role": "negative",
        "class_hint": "hard_negative_candidate",
        "country": "ES",
        "region": "Galicia",
        "province_or_district": "Lugo",
        "municipality": "Ribadeo",
        "parish": "Vilaselán (Santa María)",
        "place": "Casas de Abaixo, As",
        "name": "Torre Vella",
        "source": "Xunta PBA Catálogo. Elementos (xuño 2026)",
        "source_quality": "official_non_castro_heritage_seed",
        "source_record_id": "40741",
        "source_code": "GA27051013",
        "typology": "Estruturas defensivas?",
        "generic_type": "DEF",
        "periods": "",
        "positive_confidence": "",
        "morphology_proxy": "",
        "negative_type": "historic_fortification",
        "review_priority": "P0",
        "original_training_use": "hard_negative_candidate_requires_qgis_review",
        "auto_review_status": "auto_seeded_requires_visual_verification",
        "auto_decision": "selected_for_control_set_v1",
        "training_use": "exclude_until_visual_raster_verification",
        "generated_at": "2026-08-01T00:00:00Z",
        "proposed_radius_m": "100.0",
        "visual_ring_signal_score": "16.52",
        "visual_ring_signal_tier": "weak_centered_ring_signal",
        "visual_metric_eval_use": "include_visual_signal_metric_eval",
        "visual_autonomous_visual_decision": "negative_control_visual_signal_weak",
        "visual_training_use": "exclude_until_independent_label_review",
        "visual_status": "ok",
        "visual_error": ""
      }
    },
    {
      "type": "Feature",
      "geometry": {
        "type": "Point",
        "coordinates": [
          -7.227798642572847,
          42.67113722273469
        ]
      },
      "properties": {
        "bank_id": "neg-es-pba-41893",
        "review_seed_id": "review-neg-0928",
        "control_set_id": "control-v1-0174",
        "review_role": "negative",
        "class_hint": "hard_negative_candidate",
        "country": "ES",
        "region": "Galicia",
        "province_or_district": "Lugo",
        "municipality": "Samos",
        "parish": "San Xoán de Lóuzara (San Xoán)",
        "place": "Bustofrío",
        "name": "Pena do Castelo/Pena de Socastelo/Vigo do Castelo",
        "source": "Xunta PBA Catálogo. Elementos (xuño 2026)",
        "source_quality": "official_non_castro_heritage_seed",
        "source_record_id": "41893",
        "source_code": "GA27055035",
        "typology": "Estruturas defensivas?",
        "generic_type": "DEF",
        "periods": "",
        "positive_confidence": "",
        "morphology_proxy": "",
        "negative_type": "historic_fortification",
        "review_priority": "P0",
        "original_training_use": "hard_negative_candidate_requires_qgis_review",
        "auto_review_status": "auto_seeded_requires_visual_verification",
        "auto_decision": "selected_for_control_set_v1",
        "training_use": "exclude_until_visual_raster_verification",
        "generated_at": "2026-08-01T00:00:00Z",
        "proposed_radius_m": "100.0",
        "visual_ring_signal_score": "25.59",
        "visual_ring_signal_tier": "weak_centered_ring_signal",
        "visual_metric_eval_use": "include_visual_signal_metric_eval",
        "visual_autonomous_visual_decision": "negative_control_visual_signal_weak",
        "visual_training_use": "exclude_until_independent_label_review",
        "visual_status": "ok",
        "visual_error": ""
      }
    },
    {
      "type": "Feature",
      "geometry": {
        "type": "Point",
        "coordinates": [
          -7.346991381304906,
          42.78150780957829
        ]
      },
      "properties": {
        "bank_id": "neg-es-pba-41944",
        "review_seed_id": "review-neg-0947",
        "control_set_id": "control-v1-0175",
        "review_role": "negative",
        "class_hint": "hard_negative_candidate",
        "country": "ES",
        "region": "Galicia",
        "province_or_district": "Lugo",
        "municipality": "Sarria",
        "parish": "Louseiro (San Martiño)",
        "place": "Barrio, O",
        "name": "Casa Torre de Barrio",
        "source": "Xunta PBA Catálogo. Elementos (xuño 2026)",
        "source_quality": "official_non_castro_heritage_seed",
        "source_record_id": "41944",
        "source_code": "GA27057052",
        "typology": "Estruturas defensivas?",
        "generic_type": "DEF",
        "periods": "",
        "positive_confidence": "",
        "morphology_proxy": "",
        "negative_type": "historic_fortification",
        "review_priority": "P0",
        "original_training_use": "hard_negative_candidate_requires_qgis_review",
        "auto_review_status": "auto_seeded_requires_visual_verification",
        "auto_decision": "selected_for_control_set_v1",
        "training_use": "exclude_until_visual_raster_verification",
        "generated_at": "2026-08-01T00:00:00Z",
        "proposed_radius_m": "100.0",
        "visual_ring_signal_score": "26.00",
        "visual_ring_signal_tier": "weak_centered_ring_signal",
        "visual_metric_eval_use": "include_visual_signal_metric_eval",
        "visual_autonomous_visual_decision": "negative_control_visual_signal_weak",
        "visual_training_use": "exclude_until_independent_label_review",
        "visual_status": "ok",
        "visual_error": ""
      }
    },
    {
      "type": "Feature",
      "geometry": {
        "type": "Point",
        "coordinates": [
          -7.578072271967351,
          42.462967588907524
        ]
      },
      "properties": {
        "bank_id": "neg-es-pba-41532",
        "review_seed_id": "review-neg-0985",
        "control_set_id": "control-v1-0176",
        "review_role": "negative",
        "class_hint": "hard_negative_candidate",
        "country": "ES",
        "region": "Galicia",
        "province_or_district": "Lugo",
        "municipality": "Sober",
        "parish": "Refoxo (Santo Estevo)",
        "place": "Palacio O",
        "name": "Castelo de Sober",
        "source": "Xunta PBA Catálogo. Elementos (xuño 2026)",
        "source_quality": "official_non_castro_heritage_seed",
        "source_record_id": "41532",
        "source_code": "GA27059021",
        "typology": "Estruturas defensivas?",
        "generic_type": "DEF",
        "periods": "",
        "positive_confidence": "",
        "morphology_proxy": "",
        "negative_type": "historic_fortification",
        "review_priority": "P0",
        "original_training_use": "hard_negative_candidate_requires_qgis_review",
        "auto_review_status": "auto_seeded_requires_visual_verification",
        "auto_decision": "selected_for_control_set_v1",
        "training_use": "exclude_until_visual_raster_verification",
        "generated_at": "2026-08-01T00:00:00Z",
        "proposed_radius_m": "100.0",
        "visual_ring_signal_score": "43.38",
        "visual_ring_signal_tier": "moderate_centered_ring_signal",
        "visual_metric_eval_use": "include_visual_signal_metric_eval",
        "visual_autonomous_visual_decision": "hard_negative_visual_signal_moderate_keep_as_distractor",
        "visual_training_use": "exclude_until_independent_label_review",
        "visual_status": "ok",
        "visual_error": ""
      }
    },
    {
      "type": "Feature",
      "geometry": {
        "type": "Point",
        "coordinates": [
          -8.62216248121664,
          41.41280800220792
        ]
      },
      "properties": {
        "bank_id": "neg-pt-dgpc-113951",
        "review_seed_id": "review-neg-0994",
        "control_set_id": "control-v1-0118",
        "review_role": "negative",
        "class_hint": "hard_negative_candidate",
        "country": "PT",
        "region": "Norte de Portugal",
        "province_or_district": "Braga",
        "municipality": "Vila Nova de Famalicão",
        "parish": "Gondifelos, Cavalões e Outiz",
        "place": "",
        "name": "Fiães",
        "source": "DGPC Portal do Arqueólogo Sitios_Arqueologicos",
        "source_quality": "official_non_castro_heritage_seed",
        "source_record_id": "113951",
        "source_code": "40286",
        "typology": "Mamoa",
        "generic_type": "",
        "periods": "Neo-Calcolítico;",
        "positive_confidence": "",
        "morphology_proxy": "",
        "negative_type": "megalithic_mound",
        "review_priority": "P0",
        "original_training_use": "hard_negative_candidate_requires_qgis_review",
        "auto_review_status": "auto_seeded_requires_visual_verification",
        "auto_decision": "selected_for_control_set_v1",
        "training_use": "exclude_until_visual_raster_verification",
        "generated_at": "2026-08-01T00:00:00Z",
        "proposed_radius_m": "45.0",
        "visual_ring_signal_score": "50.21",
        "visual_ring_signal_tier": "moderate_centered_ring_signal",
        "visual_metric_eval_use": "include_visual_signal_metric_eval",
        "visual_autonomous_visual_decision": "hard_negative_visual_signal_moderate_keep_as_distractor",
        "visual_training_use": "exclude_until_independent_label_review",
        "visual_status": "ok",
        "visual_error": ""
      }
    },
    {
      "type": "Feature",
      "geometry": {
        "type": "Point",
        "coordinates": [
          -7.614356652686691,
          43.6112131633649
        ]
      },
      "properties": {
        "bank_id": "neg-es-pba-43110",
        "review_seed_id": "review-neg-1039",
        "control_set_id": "control-v1-0177",
        "review_role": "negative",
        "class_hint": "hard_negative_candidate",
        "country": "ES",
        "region": "Galicia",
        "province_or_district": "Lugo",
        "municipality": "Viveiro",
        "parish": "Galdo (Santa María)",
        "place": "Arredoada, A",
        "name": "Castelo",
        "source": "Xunta PBA Catálogo. Elementos (xuño 2026)",
        "source_quality": "official_non_castro_heritage_seed",
        "source_record_id": "43110",
        "source_code": "GA27066010",
        "typology": "Estruturas defensivas?",
        "generic_type": "DEF",
        "periods": "",
        "positive_confidence": "",
        "morphology_proxy": "",
        "negative_type": "historic_fortification",
        "review_priority": "P0",
        "original_training_use": "hard_negative_candidate_requires_qgis_review",
        "auto_review_status": "auto_seeded_requires_visual_verification",
        "auto_decision": "selected_for_control_set_v1",
        "training_use": "exclude_until_visual_raster_verification",
        "generated_at": "2026-08-01T00:00:00Z",
        "proposed_radius_m": "100.0",
        "visual_ring_signal_score": "25.81",
        "visual_ring_signal_tier": "weak_centered_ring_signal",
        "visual_metric_eval_use": "include_visual_signal_metric_eval",
        "visual_autonomous_visual_decision": "negative_control_visual_signal_weak",
        "visual_training_use": "exclude_until_independent_label_review",
        "visual_status": "ok",
        "visual_error": ""
      }
    },
    {
      "type": "Feature",
      "geometry": {
        "type": "Point",
        "coordinates": [
          -8.622071478131064,
          41.375139275073295
        ]
      },
      "properties": {
        "bank_id": "neg-pt-dgpc-111340",
        "review_seed_id": "review-neg-1069",
        "control_set_id": "control-v1-0133",
        "review_role": "negative",
        "class_hint": "hard_negative_candidate",
        "country": "PT",
        "region": "Norte de Portugal",
        "province_or_district": "Porto",
        "municipality": "Vila do Conde",
        "parish": "Bagunte, Ferreiró, Outeiro Maior e Parada",
        "place": "",
        "name": "Queimado alto",
        "source": "DGPC Portal do Arqueólogo Sitios_Arqueologicos",
        "source_quality": "official_non_castro_heritage_seed",
        "source_record_id": "111340",
        "source_code": "38781",
        "typology": "Mamoa",
        "generic_type": "",
        "periods": "Indeterminado;",
        "positive_confidence": "",
        "morphology_proxy": "",
        "negative_type": "megalithic_mound",
        "review_priority": "P0",
        "original_training_use": "hard_negative_candidate_requires_qgis_review",
        "auto_review_status": "auto_seeded_requires_visual_verification",
        "auto_decision": "selected_for_control_set_v1",
        "training_use": "exclude_until_visual_raster_verification",
        "generated_at": "2026-08-01T00:00:00Z",
        "proposed_radius_m": "45.0",
        "visual_ring_signal_score": "22.56",
        "visual_ring_signal_tier": "weak_centered_ring_signal",
        "visual_metric_eval_use": "include_visual_signal_metric_eval",
        "visual_autonomous_visual_decision": "negative_control_visual_signal_weak",
        "visual_training_use": "exclude_until_independent_label_review",
        "visual_status": "ok",
        "visual_error": ""
      }
    },
    {
      "type": "Feature",
      "geometry": {
        "type": "Point",
        "coordinates": [
          -8.45088401165534,
          41.700516067169154
        ]
      },
      "properties": {
        "bank_id": "neg-pt-dgpc-109630",
        "review_seed_id": "review-neg-1084",
        "control_set_id": "control-v1-0119",
        "review_role": "negative",
        "class_hint": "hard_negative_candidate",
        "country": "PT",
        "region": "Norte de Portugal",
        "province_or_district": "Braga",
        "municipality": "Vila Verde",
        "parish": "Prado (São Miguel)",
        "place": "",
        "name": "Mamoa 1 de Bustelo",
        "source": "DGPC Portal do Arqueólogo Sitios_Arqueologicos",
        "source_quality": "official_non_castro_heritage_seed",
        "source_record_id": "109630",
        "source_code": "16508",
        "typology": "Mamoa",
        "generic_type": "",
        "periods": "Neo-Calcolítico;",
        "positive_confidence": "",
        "morphology_proxy": "",
        "negative_type": "megalithic_mound",
        "review_priority": "P0",
        "original_training_use": "hard_negative_candidate_requires_qgis_review",
        "auto_review_status": "auto_seeded_requires_visual_verification",
        "auto_decision": "selected_for_control_set_v1",
        "training_use": "exclude_until_visual_raster_verification",
        "generated_at": "2026-08-01T00:00:00Z",
        "proposed_radius_m": "45.0",
        "visual_ring_signal_score": "32.91",
        "visual_ring_signal_tier": "weak_centered_ring_signal",
        "visual_metric_eval_use": "include_visual_signal_metric_eval",
        "visual_autonomous_visual_decision": "negative_control_visual_signal_weak",
        "visual_training_use": "exclude_until_independent_label_review",
        "visual_status": "ok",
        "visual_error": ""
      }
    },
    {
      "type": "Feature",
      "geometry": {
        "type": "Point",
        "coordinates": [
          -7.711498070503956,
          43.440873148086844
        ]
      },
      "properties": {
        "bank_id": "neg-es-pba-30179",
        "review_seed_id": "review-neg-1092",
        "control_set_id": "control-v1-0178",
        "review_role": "negative",
        "class_hint": "hard_negative_candidate",
        "country": "ES",
        "region": "Galicia",
        "province_or_district": "Lugo",
        "municipality": "Xermade",
        "parish": "Lousada (Santo André)",
        "place": "Goía",
        "name": "As Penas do Castelo",
        "source": "Xunta PBA Catálogo. Elementos (xuño 2026)",
        "source_quality": "official_non_castro_heritage_seed",
        "source_record_id": "30179",
        "source_code": "GA27021044",
        "typology": "Estruturas defensivas?",
        "generic_type": "DEF",
        "periods": "",
        "positive_confidence": "",
        "morphology_proxy": "",
        "negative_type": "historic_fortification",
        "review_priority": "P0",
        "original_training_use": "hard_negative_candidate_requires_qgis_review",
        "auto_review_status": "auto_seeded_requires_visual_verification",
        "auto_decision": "selected_for_control_set_v1",
        "training_use": "exclude_until_visual_raster_verification",
        "generated_at": "2026-08-01T00:00:00Z",
        "proposed_radius_m": "100.0",
        "visual_ring_signal_score": "28.35",
        "visual_ring_signal_tier": "weak_centered_ring_signal",
        "visual_metric_eval_use": "include_visual_signal_metric_eval",
        "visual_autonomous_visual_decision": "negative_control_visual_signal_weak",
        "visual_training_use": "exclude_until_independent_label_review",
        "visual_status": "ok",
        "visual_error": ""
      }
    },
    {
      "type": "Feature",
      "geometry": {
        "type": "Point",
        "coordinates": [
          -8.258292527604821,
          41.7978812367378
        ]
      },
      "properties": {
        "bank_id": "neg-pt-dgpc-108626",
        "review_seed_id": "review-neg-1105",
        "control_set_id": "control-v1-0138",
        "review_role": "negative",
        "class_hint": "hard_negative_candidate",
        "country": "PT",
        "region": "Norte de Portugal",
        "province_or_district": "Viana do Castelo",
        "municipality": "Ponte da Barca",
        "parish": "Entre Ambos-os-Rios, Ermida e Germil",
        "place": "",
        "name": "Mamoa da Giadela",
        "source": "DGPC Portal do Arqueólogo Sitios_Arqueologicos",
        "source_quality": "official_non_castro_heritage_seed",
        "source_record_id": "108626",
        "source_code": "31222",
        "typology": "Mamoa",
        "generic_type": "",
        "periods": "Neo-Calcolítico;",
        "positive_confidence": "",
        "morphology_proxy": "",
        "negative_type": "megalithic_mound",
        "review_priority": "P0",
        "original_training_use": "hard_negative_candidate_requires_qgis_review",
        "auto_review_status": "auto_seeded_requires_visual_verification",
        "auto_decision": "selected_for_control_set_v1",
        "training_use": "exclude_until_visual_raster_verification",
        "generated_at": "2026-08-01T00:00:00Z",
        "proposed_radius_m": "45.0",
        "visual_ring_signal_score": "17.26",
        "visual_ring_signal_tier": "weak_centered_ring_signal",
        "visual_metric_eval_use": "include_visual_signal_metric_eval",
        "visual_autonomous_visual_decision": "negative_control_visual_signal_weak",
        "visual_training_use": "exclude_until_independent_label_review",
        "visual_status": "ok",
        "visual_error": ""
      }
    },
    {
      "type": "Feature",
      "geometry": {
        "type": "Point",
        "coordinates": [
          -7.523897959179991,
          43.72683500158869
        ]
      },
      "properties": {
        "bank_id": "neg-es-pba-32082",
        "review_seed_id": "review-neg-1109",
        "control_set_id": "control-v1-0179",
        "review_role": "negative",
        "class_hint": "hard_negative_candidate",
        "country": "ES",
        "region": "Galicia",
        "province_or_district": "Lugo",
        "municipality": "Xove",
        "parish": "Portocelo (San Tirso)",
        "place": "Monte da Cadeira",
        "name": "Castelo",
        "source": "Xunta PBA Catálogo. Elementos (xuño 2026)",
        "source_quality": "official_non_castro_heritage_seed",
        "source_record_id": "32082",
        "source_code": "GA27025032",
        "typology": "Estruturas defensivas?",
        "generic_type": "DEF",
        "periods": "",
        "positive_confidence": "",
        "morphology_proxy": "",
        "negative_type": "historic_fortification",
        "review_priority": "P0",
        "original_training_use": "hard_negative_candidate_requires_qgis_review",
        "auto_review_status": "auto_seeded_requires_visual_verification",
        "auto_decision": "selected_for_control_set_v1",
        "training_use": "exclude_until_visual_raster_verification",
        "generated_at": "2026-08-01T00:00:00Z",
        "proposed_radius_m": "100.0",
        "visual_ring_signal_score": "15.62",
        "visual_ring_signal_tier": "weak_centered_ring_signal",
        "visual_metric_eval_use": "include_visual_signal_metric_eval",
        "visual_autonomous_visual_decision": "negative_control_visual_signal_weak",
        "visual_training_use": "exclude_until_independent_label_review",
        "visual_status": "ok",
        "visual_error": ""
      }
    },
    {
      "type": "Feature",
      "geometry": {
        "type": "Point",
        "coordinates": [
          -8.564291089712382,
          41.75425596260592
        ]
      },
      "properties": {
        "bank_id": "neg-pt-dgpc-109417",
        "review_seed_id": "review-neg-1138",
        "control_set_id": "control-v1-0139",
        "review_role": "negative",
        "class_hint": "hard_negative_candidate",
        "country": "PT",
        "region": "Norte de Portugal",
        "province_or_district": "Viana do Castelo",
        "municipality": "Ponte de Lima",
        "parish": "Fornelos e Queijada",
        "place": "",
        "name": "Arca 1",
        "source": "DGPC Portal do Arqueólogo Sitios_Arqueologicos",
        "source_quality": "official_non_castro_heritage_seed",
        "source_record_id": "109417",
        "source_code": "10620",
        "typology": "Mamoa",
        "generic_type": "",
        "periods": "Neo-Calcolítico;",
        "positive_confidence": "",
        "morphology_proxy": "",
        "negative_type": "megalithic_mound",
        "review_priority": "P0",
        "original_training_use": "hard_negative_candidate_requires_qgis_review",
        "auto_review_status": "auto_seeded_requires_visual_verification",
        "auto_decision": "selected_for_control_set_v1",
        "training_use": "exclude_until_visual_raster_verification",
        "generated_at": "2026-08-01T00:00:00Z",
        "proposed_radius_m": "45.0",
        "visual_ring_signal_score": "24.71",
        "visual_ring_signal_tier": "weak_centered_ring_signal",
        "visual_metric_eval_use": "include_visual_signal_metric_eval",
        "visual_autonomous_visual_decision": "negative_control_visual_signal_weak",
        "visual_training_use": "exclude_until_independent_label_review",
        "visual_status": "ok",
        "visual_error": ""
      }
    }
  ]
}