thumbnail_id	control_set_id	bank_id	review_role	country	name	morphology_proxy	negative_type	proposed_radius_m	thumbnail_status	image_path	image_width_px	image_height_px	gray_mean	gray_std	gray_entropy	black_fraction	white_fraction	edge_global_mean	edge_inner_mean	edge_annulus_mean	edge_outer_mean	edge_annulus_to_outer_ratio	edge_annulus_to_inner_ratio	texture_annulus_std	texture_outer_std	texture_annulus_to_outer_ratio	luminance_inner_mean	luminance_outer_mean	luminance_delta_inner_outer	ring_sector_coverage	ring_sector_balance	radial_peak_rank	radial_peak_count	ring_signal_score	ring_signal_tier	metric_eval_use	autonomous_visual_decision	training_use	status	error
thumb-v1-0001	control-v1-0001	pos-es-pba-25736	positive	ES	Igrexa Vella (Citania de Vilaseco)/Castro de Lavandeira	large_castrexo_civitas_hint		180.0	exists	data/morphology-autoreview-v1/thumbnails/positive/control-v1-0001-pos-es-pba-25736.png	512	512	0.345173	0.103923	4.642887	0.000000	0.000000	0.322792	0.315454	0.325598	0.315451	1.032167	1.032157	0.090209	0.120337	0.749635	0.303798	0.378331	-0.074533	0.083333	0.906190	5	13	28.03	weak_centered_ring_signal	include_visual_signal_metric_eval	positive_control_visual_signal_weak_followup	exclude_until_independent_label_review	ok	
thumb-v1-0002	control-v1-0002	pos-es-pba-41533	positive	ES	Castro da Cividade	large_castrexo_civitas_hint		180.0	exists	data/morphology-autoreview-v1/thumbnails/positive/control-v1-0002-pos-es-pba-41533.png	512	512	0.429045	0.141362	5.160318	0.000000	0.000000	0.418881	0.450897	0.397135	0.423889	0.936886	0.880767	0.132374	0.144886	0.913645	0.381847	0.443127	-0.061280	0.027778	0.896537	13	13	10.55	weak_centered_ring_signal	include_visual_signal_metric_eval	positive_control_visual_signal_weak_followup	exclude_until_independent_label_review	ok	
thumb-v1-0003	control-v1-0003	pos-es-pba-52266	positive	ES	Castelo das Chás/Citania das Laxes das Chás/A Cerca/Castro de Lobarz n	large_castrexo_civitas_hint		180.0	exists	data/morphology-autoreview-v1/thumbnails/positive/control-v1-0003-pos-es-pba-52266.png	512	512	0.359595	0.120322	4.948325	0.000000	0.000000	0.384888	0.386948	0.354697	0.346619	1.023307	0.916653	0.106236	0.114387	0.928744	0.332226	0.353412	-0.021187	0.416667	0.783722	9	13	24.82	weak_centered_ring_signal	include_visual_signal_metric_eval	positive_control_visual_signal_weak_followup	exclude_until_independent_label_review	ok	
thumb-v1-0004	control-v1-0004	pos-es-pba-67838	positive	ES	Castro da Cividade/A Cidá	large_castrexo_civitas_hint		180.0	exists	data/morphology-autoreview-v1/thumbnails/positive/control-v1-0004-pos-es-pba-67838.png	512	512	0.389488	0.148559	5.139915	0.000004	0.000000	0.283406	0.264755	0.258432	0.295042	0.875916	0.976119	0.138686	0.155483	0.891967	0.278489	0.427828	-0.149339	0.277778	0.802169	7	13	17.02	weak_centered_ring_signal	include_visual_signal_metric_eval	positive_control_visual_signal_weak_followup	exclude_until_independent_label_review	ok	
thumb-v1-0005	control-v1-0005	pos-es-pba-69291	positive	ES	Castro de Cividade/Castro de Viladesuso	large_castrexo_civitas_hint		180.0	exists	data/morphology-autoreview-v1/thumbnails/positive/control-v1-0005-pos-es-pba-69291.png	512	512	0.329995	0.146255	4.879920	0.000000	0.000004	0.358523	0.311302	0.357604	0.359238	0.995452	1.148738	0.155164	0.149202	1.039963	0.288855	0.355013	-0.066157	0.250000	0.777204	4	13	25.89	weak_centered_ring_signal	include_visual_signal_metric_eval	positive_control_visual_signal_weak_followup	exclude_until_independent_label_review	ok	
thumb-v1-0006	control-v1-0006	pos-pt-dgpc-107359	positive	PT	Monte da Saia / Cidade da Citânia / Monte de Fralães	large_castrexo_civitas_hint		180.0	exists	data/morphology-autoreview-v1/thumbnails/positive/control-v1-0006-pos-pt-dgpc-107359.png	512	512	0.320071	0.075078	3.967681	0.000000	0.000000	0.225847	0.285502	0.214053	0.206137	1.038402	0.749741	0.062310	0.058292	1.068933	0.357601	0.306197	0.051404	0.277778	0.824596	9	13	26.95	weak_centered_ring_signal	include_visual_signal_metric_eval	positive_control_visual_signal_weak_followup	exclude_until_independent_label_review	ok	
thumb-v1-0007	control-v1-0007	pos-pt-dgpc-107516	positive	PT	Braga - Cividade	large_castrexo_civitas_hint		180.0	exists	data/morphology-autoreview-v1/thumbnails/positive/control-v1-0007-pos-pt-dgpc-107516.png	512	512	0.525286	0.173917	5.384277	0.000000	0.004337	0.482753	0.490667	0.500132	0.490778	1.019060	1.019289	0.178783	0.162582	1.099647	0.513968	0.530822	-0.016854	0.333333	0.850175	2	13	36.93	weak_centered_ring_signal	include_visual_signal_metric_eval	positive_control_visual_signal_weak_followup	exclude_until_independent_label_review	ok	
thumb-v1-0008	control-v1-0008	pos-pt-dgpc-107461	positive	PT	Outeiro dos Moiros / Cividade de Chacim	large_castrexo_civitas_hint		180.0	exists	data/morphology-autoreview-v1/thumbnails/positive/control-v1-0008-pos-pt-dgpc-107461.png	512	512	0.366428	0.094809	4.285768	0.000000	0.000000	0.282188	0.378531	0.267852	0.236329	1.133388	0.707609	0.088567	0.076989	1.150384	0.412369	0.355596	0.056773	0.472222	0.668301	9	13	36.86	weak_centered_ring_signal	include_visual_signal_metric_eval	positive_control_visual_signal_weak_followup	exclude_until_independent_label_review	ok	
thumb-v1-0009	control-v1-0009	pos-pt-dgpc-107784	positive	PT	Cividade de Belinho/Cidade de Belinho	large_castrexo_civitas_hint		180.0	exists	data/morphology-autoreview-v1/thumbnails/positive/control-v1-0009-pos-pt-dgpc-107784.png	512	512	0.338726	0.124623	4.729646	0.000000	0.000000	0.251614	0.222031	0.260109	0.241600	1.076607	1.171499	0.141038	0.124607	1.131863	0.284652	0.340218	-0.055565	0.444444	0.725981	3	13	45.92	moderate_centered_ring_signal	include_visual_signal_metric_eval	positive_control_visual_signal_moderate	exclude_until_independent_label_review	ok	
thumb-v1-0010	control-v1-0010	pos-pt-dgpc-107424	positive	PT	Citânia de Briteiros	large_castrexo_civitas_hint		180.0	exists	data/morphology-autoreview-v1/thumbnails/positive/control-v1-0010-pos-pt-dgpc-107424.png	512	512	0.359929	0.087267	4.411544	0.000000	0.000000	0.259966	0.283743	0.255343	0.239559	1.065886	0.899907	0.087979	0.083632	1.051978	0.376613	0.340576	0.036036	0.388889	0.851426	9	13	30.59	weak_centered_ring_signal	include_visual_signal_metric_eval	positive_control_visual_signal_weak_followup	exclude_until_independent_label_review	ok	
thumb-v1-0011	control-v1-0011	pos-pt-dgpc-107222	positive	PT	Cividade	large_castrexo_civitas_hint		180.0	exists	data/morphology-autoreview-v1/thumbnails/positive/control-v1-0011-pos-pt-dgpc-107222.png	512	512	0.468289	0.147927	5.091559	0.000000	0.000000	0.314886	0.356140	0.285250	0.331667	0.860049	0.800950	0.137792	0.162136	0.849852	0.461799	0.486738	-0.024939	0.416667	0.675611	13	13	14.26	weak_centered_ring_signal	include_visual_signal_metric_eval	positive_control_visual_signal_weak_followup	exclude_until_independent_label_review	ok	
thumb-v1-0012	control-v1-0012	pos-pt-dgpc-109406	positive	PT	Citânia de São Julião de Caldelas	large_castrexo_civitas_hint		180.0	exists	data/morphology-autoreview-v1/thumbnails/positive/control-v1-0012-pos-pt-dgpc-109406.png	512	512	0.392538	0.090721	4.353466	0.000000	0.000000	0.238479	0.262975	0.209414	0.229075	0.914170	0.796325	0.076455	0.079609	0.960375	0.429359	0.386180	0.043179	0.305556	0.795781	11	13	15.73	weak_centered_ring_signal	include_visual_signal_metric_eval	positive_control_visual_signal_weak_followup	exclude_until_independent_label_review	ok	
thumb-v1-0013	control-v1-0013	pos-pt-dgpc-106425	positive	PT	Citânia de Sanfins	large_castrexo_civitas_hint		180.0	exists	data/morphology-autoreview-v1/thumbnails/positive/control-v1-0013-pos-pt-dgpc-106425.png	512	512	0.358510	0.085983	4.371265	0.000000	0.000000	0.212337	0.194391	0.208210	0.217253	0.958375	1.071090	0.082477	0.077677	1.061800	0.431307	0.338651	0.092656	0.138889	0.828079	6	13	21.20	weak_centered_ring_signal	include_visual_signal_metric_eval	positive_control_visual_signal_weak_followup	exclude_until_independent_label_review	ok	
thumb-v1-0014	control-v1-0014	pos-pt-dgpc-106725	positive	PT	Cividade de Terroso	large_castrexo_civitas_hint		180.0	exists	data/morphology-autoreview-v1/thumbnails/positive/control-v1-0014-pos-pt-dgpc-106725.png	512	512	0.419885	0.134330	4.910392	0.000000	0.000000	0.322161	0.239217	0.352706	0.364316	0.968133	1.474416	0.144094	0.141900	1.015460	0.361794	0.434494	-0.072700	0.444444	0.763312	7	13	24.93	weak_centered_ring_signal	include_visual_signal_metric_eval	positive_control_visual_signal_weak_followup	exclude_until_independent_label_review	ok	
thumb-v1-0015	control-v1-0015	pos-pt-dgpc-107033	positive	PT	Castro de Bagunte/ Monte da Cividade/ Cividade de Bagunte	large_castrexo_civitas_hint		180.0	exists	data/morphology-autoreview-v1/thumbnails/positive/control-v1-0015-pos-pt-dgpc-107033.png	512	512	0.333911	0.083160	4.279242	0.000000	0.000000	0.267600	0.288955	0.270858	0.261148	1.037180	0.937369	0.076355	0.076617	0.996573	0.400214	0.318180	0.082034	0.333333	0.823537	7	13	27.52	weak_centered_ring_signal	include_visual_signal_metric_eval	positive_control_visual_signal_weak_followup	exclude_until_independent_label_review	ok	
thumb-v1-0016	control-v1-0016	pos-pt-dgpc-108405	positive	PT	Cividade de Cossourado	large_castrexo_civitas_hint		180.0	exists	data/morphology-autoreview-v1/thumbnails/positive/control-v1-0016-pos-pt-dgpc-108405.png	512	512	0.363400	0.087590	4.338056	0.000000	0.000000	0.279373	0.287653	0.286270	0.283476	1.009857	0.995193	0.084350	0.082520	1.022180	0.410112	0.352657	0.057455	0.222222	0.844613	11	13	21.91	weak_centered_ring_signal	include_visual_signal_metric_eval	positive_control_visual_signal_weak_followup	exclude_until_independent_label_review	ok	
thumb-v1-0017	control-v1-0017	pos-pt-dgpc-109676	positive	PT	Citânia de Santa Luzia	large_castrexo_civitas_hint		180.0	exists	data/morphology-autoreview-v1/thumbnails/positive/control-v1-0017-pos-pt-dgpc-109676.png	512	512	0.317531	0.096454	4.197851	0.000000	0.000000	0.195542	0.239716	0.200584	0.187145	1.071809	0.836755	0.104724	0.069638	1.503836	0.406701	0.289733	0.116968	0.527778	0.742652	7	13	40.64	weak_centered_ring_signal	include_visual_signal_metric_eval	positive_control_visual_signal_weak_followup	exclude_until_independent_label_review	ok	
thumb-v1-0018	control-v1-0018	pos-pt-dgpc-108502	positive	PT	Cividade de Cornes	large_castrexo_civitas_hint		180.0	exists	data/morphology-autoreview-v1/thumbnails/positive/control-v1-0018-pos-pt-dgpc-108502.png	512	512	0.471247	0.122251	4.843466	0.000000	0.000000	0.287106	0.327086	0.263762	0.219549	1.201379	0.806399	0.119417	0.107290	1.113023	0.467385	0.465797	0.001588	0.500000	0.726393	9	13	41.43	weak_centered_ring_signal	include_visual_signal_metric_eval	positive_control_visual_signal_weak_followup	exclude_until_independent_label_review	ok	
thumb-v1-0019	control-v1-0019	pos-pt-dgpc-109702	positive	PT	Castro de Vilanova/Alto da Cividade	large_castrexo_civitas_hint		180.0	exists	data/morphology-autoreview-v1/thumbnails/positive/control-v1-0019-pos-pt-dgpc-109702.png	512	512	0.478487	0.079955	3.810441	0.000000	0.000000	0.191715	0.155474	0.177697	0.217983	0.815190	1.142937	0.059878	0.092619	0.646497	0.453470	0.499428	-0.045958	0.250000	0.839340	5	13	18.23	weak_centered_ring_signal	include_visual_signal_metric_eval	positive_control_visual_signal_weak_followup	exclude_until_independent_label_review	ok	
thumb-v1-0020	control-v1-0020	pos-pt-dgpc-107515	positive	PT	Braga - Cividade de Baixo	large_castrexo_civitas_hint		180.0	exists	data/morphology-autoreview-v1/thumbnails/positive/control-v1-0020-pos-pt-dgpc-107515.png	512	512	0.525216	0.176129	5.392944	0.000000	0.004261	0.477079	0.477176	0.476947	0.459113	1.038845	0.999520	0.173304	0.174895	0.990901	0.502947	0.531569	-0.028621	0.611111	0.825162	8	13	31.84	weak_centered_ring_signal	include_visual_signal_metric_eval	positive_control_visual_signal_weak_followup	exclude_until_independent_label_review	ok	
thumb-v1-0021	control-v1-0021	pos-pt-dgpc-108140	positive	PT	Citânia de Sabroso	large_castrexo_civitas_hint		180.0	exists	data/morphology-autoreview-v1/thumbnails/positive/control-v1-0021-pos-pt-dgpc-108140.png	512	512	0.403766	0.142971	4.867697	0.000000	0.000000	0.283270	0.232007	0.296857	0.284766	1.042457	1.279518	0.156911	0.140670	1.115450	0.384556	0.391066	-0.006511	0.472222	0.760316	3	13	41.06	weak_centered_ring_signal	include_visual_signal_metric_eval	positive_control_visual_signal_weak_followup	exclude_until_independent_label_review	ok	
thumb-v1-0022	control-v1-0022	pos-pt-dgpc-109989	positive	PT	Cividade de Âncora	large_castrexo_civitas_hint		180.0	exists	data/morphology-autoreview-v1/thumbnails/positive/control-v1-0022-pos-pt-dgpc-109989.png	512	512	0.344972	0.074230	3.873102	0.000000	0.000000	0.205904	0.170478	0.208378	0.231077	0.901767	1.222317	0.070290	0.100128	0.701999	0.326093	0.360851	-0.034757	0.250000	0.789364	6	13	17.06	weak_centered_ring_signal	include_visual_signal_metric_eval	positive_control_visual_signal_weak_followup	exclude_until_independent_label_review	ok	
thumb-v1-0023	control-v1-0023	pos-pt-dgpc-109003	positive	PT	Cividade	large_castrexo_civitas_hint		180.0	exists	data/morphology-autoreview-v1/thumbnails/positive/control-v1-0023-pos-pt-dgpc-109003.png	512	512	0.538475	0.148073	4.812897	0.000000	0.000000	0.276154	0.170154	0.300530	0.315402	0.952849	1.766220	0.152460	0.160239	0.951452	0.580912	0.538733	0.042179	0.416667	0.686176	4	13	23.20	weak_centered_ring_signal	include_visual_signal_metric_eval	positive_control_visual_signal_weak_followup	exclude_until_independent_label_review	ok	
thumb-v1-0024	control-v1-0024	pos-pt-dgpc-107539	positive	PT	Braga - Termas Romanas de Maximinos/ Alto da Cividade/ Colina de Maximinos	large_castrexo_civitas_hint		180.0	exists	data/morphology-autoreview-v1/thumbnails/positive/control-v1-0024-pos-pt-dgpc-107539.png	512	512	0.517995	0.169079	5.351964	0.000000	0.000000	0.465873	0.438676	0.472663	0.483890	0.976798	1.077477	0.181350	0.162851	1.113600	0.508662	0.516842	-0.008180	0.333333	0.846941	8	13	25.94	weak_centered_ring_signal	include_visual_signal_metric_eval	positive_control_visual_signal_weak_followup	exclude_until_independent_label_review	ok	
thumb-v1-0025	control-v1-0025	pos-es-pba-17047	positive	ES	A Croa do Castro/A Croa de Posmarcos	coastal_promontory_hint		150.0	exists	data/morphology-autoreview-v1/thumbnails/positive/control-v1-0025-pos-es-pba-17047.png	512	512	0.293088	0.100462	4.535342	0.000000	0.000000	0.276315	0.262000	0.275080	0.261596	1.051544	1.049925	0.106870	0.106602	1.002516	0.272866	0.302440	-0.029574	0.250000	0.822361	4	17	35.96	weak_centered_ring_signal	include_visual_signal_metric_eval	positive_control_visual_signal_weak_followup	exclude_until_independent_label_review	ok	
thumb-v1-0026	control-v1-0026	pos-es-pba-687	positive	ES	Castro da ermida de San Marcos	coastal_promontory_hint		150.0	exists	data/morphology-autoreview-v1/thumbnails/positive/control-v1-0026-pos-es-pba-687.png	512	512	0.332978	0.103739	4.702639	0.000000	0.000000	0.313062	0.294829	0.302914	0.314928	0.961853	1.027424	0.106040	0.092414	1.147455	0.376949	0.317464	0.059485	0.250000	0.782800	7	17	25.30	weak_centered_ring_signal	include_visual_signal_metric_eval	positive_control_visual_signal_weak_followup	exclude_until_independent_label_review	ok	
thumb-v1-0027	control-v1-0027	pos-es-pba-1862	positive	ES	Castro de Punta Mourón ou Punta Caamouco	coastal_promontory_hint		150.0	exists	data/morphology-autoreview-v1/thumbnails/positive/control-v1-0027-pos-es-pba-1862.png	512	512	0.384328	0.137967	4.854998	0.000000	0.000004	0.196136	0.377514	0.216737	0.138927	1.560078	0.574117	0.124324	0.133461	0.931543	0.391202	0.376644	0.014558	0.638889	0.557974	9	17	53.35	moderate_centered_ring_signal	include_visual_signal_metric_eval	positive_control_visual_signal_moderate	exclude_until_independent_label_review	ok	
thumb-v1-0028	control-v1-0028	pos-es-pba-1722	positive	ES	Castro do Cabo Cociñadoiro	coastal_promontory_hint		150.0	exists	data/morphology-autoreview-v1/thumbnails/positive/control-v1-0028-pos-es-pba-1722.png	512	512	0.670004	0.100918	4.567167	0.000000	0.000000	0.231192	0.248898	0.226704	0.232121	0.976660	0.910829	0.100739	0.098557	1.022140	0.636370	0.671658	-0.035289	0.500000	0.769460	10	17	26.20	weak_centered_ring_signal	include_visual_signal_metric_eval	positive_control_visual_signal_weak_followup	exclude_until_independent_label_review	ok	
thumb-v1-0029	control-v1-0029	pos-es-pba-2042	positive	ES	A Roda do Castro de Maroxo	coastal_promontory_hint		150.0	exists	data/morphology-autoreview-v1/thumbnails/positive/control-v1-0029-pos-es-pba-2042.png	512	512	0.409505	0.144252	5.044200	0.000000	0.000000	0.252322	0.258058	0.247770	0.251367	0.985688	0.960131	0.154454	0.142542	1.083568	0.463390	0.415468	0.047921	0.555556	0.693365	11	17	27.94	weak_centered_ring_signal	include_visual_signal_metric_eval	positive_control_visual_signal_weak_followup	exclude_until_independent_label_review	ok	
thumb-v1-0030	control-v1-0030	pos-es-pba-1275	positive	ES	Castro de Santa Marta de Babío	coastal_promontory_hint		150.0	exists	data/morphology-autoreview-v1/thumbnails/positive/control-v1-0030-pos-es-pba-1275.png	512	512	0.556006	0.184752	5.488767	0.000000	0.000023	0.394701	0.363056	0.433443	0.384387	1.127621	1.193875	0.177831	0.187899	0.946415	0.460281	0.578161	-0.117881	0.555556	0.801283	5	17	59.91	moderate_centered_ring_signal	include_visual_signal_metric_eval	positive_control_visual_signal_moderate	exclude_until_independent_label_review	ok	
thumb-v1-0031	control-v1-0031	pos-es-pba-2764	positive	ES	Castro de Marco de Arriba	coastal_promontory_hint		150.0	exists	data/morphology-autoreview-v1/thumbnails/positive/control-v1-0031-pos-es-pba-2764.png	512	512	0.528734	0.140432	4.845512	0.000000	0.000000	0.197037	0.202606	0.196894	0.216201	0.910699	0.971809	0.138431	0.141682	0.977055	0.540723	0.517813	0.022910	0.500000	0.624392	17	17	16.57	weak_centered_ring_signal	include_visual_signal_metric_eval	positive_control_visual_signal_weak_followup	exclude_until_independent_label_review	ok	
thumb-v1-0032	control-v1-0032	pos-es-pba-2609	positive	ES	Igrexa de Castro (Parroquial de Santa María)	coastal_promontory_hint		150.0	exists	data/morphology-autoreview-v1/thumbnails/positive/control-v1-0032-pos-es-pba-2609.png	512	512	0.420147	0.158902	5.271191	0.000000	0.000000	0.377126	0.420767	0.380645	0.385825	0.986576	0.904648	0.126144	0.155677	0.810293	0.495858	0.403828	0.092030	0.055556	0.925271	10	17	18.01	weak_centered_ring_signal	include_visual_signal_metric_eval	positive_control_visual_signal_weak_followup	exclude_until_independent_label_review	ok	
thumb-v1-0033	control-v1-0033	pos-es-pba-4275	positive	ES	Campo da Romaría de San Fins de Castro	coastal_promontory_hint		150.0	exists	data/morphology-autoreview-v1/thumbnails/positive/control-v1-0033-pos-es-pba-4275.png	512	512	0.450675	0.140100	5.066247	0.000000	0.000004	0.335865	0.352517	0.340324	0.331455	1.026758	0.965412	0.149439	0.140229	1.065682	0.483157	0.450887	0.032270	0.222222	0.799130	6	17	27.71	weak_centered_ring_signal	include_visual_signal_metric_eval	positive_control_visual_signal_weak_followup	exclude_until_independent_label_review	ok	
thumb-v1-0034	control-v1-0034	pos-es-pba-3723	positive	ES	Punta do Castro	coastal_promontory_hint		150.0	exists	data/morphology-autoreview-v1/thumbnails/positive/control-v1-0034-pos-es-pba-3723.png	512	512	0.402409	0.162668	4.919972	0.000000	0.000000	0.207040	0.343159	0.175328	0.171515	1.022229	0.510924	0.175597	0.157937	1.111822	0.425206	0.386646	0.038560	0.472222	0.557981	7	17	30.08	weak_centered_ring_signal	include_visual_signal_metric_eval	positive_control_visual_signal_weak_followup	exclude_until_independent_label_review	ok	
thumb-v1-0035	control-v1-0035	pos-es-pba-27149	positive	ES	Castro de Cariño/Punta do Castro	coastal_promontory_hint		150.0	exists	data/morphology-autoreview-v1/thumbnails/positive/control-v1-0035-pos-es-pba-27149.png	512	512	0.478021	0.167597	5.264037	0.000000	0.000458	0.310002	0.396563	0.340584	0.293672	1.159743	0.858840	0.153110	0.173411	0.882927	0.547982	0.461077	0.086905	0.722222	0.692426	9	17	39.27	weak_centered_ring_signal	include_visual_signal_metric_eval	positive_control_visual_signal_weak_followup	exclude_until_independent_label_review	ok	
thumb-v1-0036	control-v1-0036	pos-es-pba-5561	positive	ES	Castro Sete (San Martiño de Cerdido)	coastal_promontory_hint		150.0	exists	data/morphology-autoreview-v1/thumbnails/positive/control-v1-0036-pos-es-pba-5561.png	512	512	0.315885	0.114071	4.721701	0.000000	0.000000	0.364506	0.368947	0.369975	0.365655	1.011813	1.002786	0.124747	0.103535	1.204877	0.300362	0.300342	0.000020	0.166667	0.843957	13	17	26.44	weak_centered_ring_signal	include_visual_signal_metric_eval	positive_control_visual_signal_weak_followup	exclude_until_independent_label_review	ok	
thumb-v1-0037	control-v1-0037	pos-es-pba-9621	positive	ES	Castro de Castromar	coastal_promontory_hint		150.0	exists	data/morphology-autoreview-v1/thumbnails/positive/control-v1-0037-pos-es-pba-9621.png	512	512	0.424735	0.145377	5.221376	0.000000	0.000008	0.365288	0.365724	0.390277	0.371191	1.051418	1.067136	0.132610	0.147724	0.897686	0.389936	0.459114	-0.069178	0.388889	0.859767	3	17	40.34	weak_centered_ring_signal	include_visual_signal_metric_eval	positive_control_visual_signal_weak_followup	exclude_until_independent_label_review	ok	
thumb-v1-0038	control-v1-0038	pos-es-pba-9183	positive	ES	Castro de Marmancón/Castro de Papoi	coastal_promontory_hint		150.0	exists	data/morphology-autoreview-v1/thumbnails/positive/control-v1-0038-pos-es-pba-9183.png	512	512	0.492779	0.142615	5.040850	0.000000	0.000011	0.306271	0.386341	0.317604	0.284599	1.115968	0.822081	0.135205	0.146250	0.924478	0.450868	0.499418	-0.048550	0.611111	0.724260	9	17	34.89	weak_centered_ring_signal	include_visual_signal_metric_eval	positive_control_visual_signal_weak_followup	exclude_until_independent_label_review	ok	
thumb-v1-0039	control-v1-0039	pos-es-pba-9894	positive	ES	Castro de Punta Sardiñeiro	coastal_promontory_hint		150.0	exists	data/morphology-autoreview-v1/thumbnails/positive/control-v1-0039-pos-es-pba-9894.png	512	512	0.309764	0.117426	4.227708	0.000000	0.000000	0.164880	0.280493	0.202859	0.130266	1.557275	0.723226	0.137729	0.092791	1.484305	0.365132	0.280134	0.084998	0.722222	0.643035	8	17	65.93	strong_centered_ring_signal	include_visual_signal_metric_eval	positive_control_visual_signal_strong	exclude_until_independent_label_review	ok	
thumb-v1-0040	control-v1-0040	pos-es-pba-11754	positive	ES	Castro de San Amaro	coastal_promontory_hint		150.0	exists	data/morphology-autoreview-v1/thumbnails/positive/control-v1-0040-pos-es-pba-11754.png	512	512	0.540426	0.125903	4.811959	0.000000	0.000000	0.159381	0.131651	0.104960	0.152345	0.688968	0.797261	0.099227	0.115322	0.860435	0.563552	0.553043	0.010509	0.472222	0.592258	17	17	14.42	weak_centered_ring_signal	include_visual_signal_metric_eval	positive_control_visual_signal_weak_followup	exclude_until_independent_label_review	ok	
thumb-v1-0041	control-v1-0041	pos-es-pba-12763	positive	ES	Castro de Entretorres/Castro de Punta Galeana	coastal_promontory_hint		150.0	exists	data/morphology-autoreview-v1/thumbnails/positive/control-v1-0041-pos-es-pba-12763.png	512	512	0.516305	0.163730	5.276540	0.000000	0.004616	0.304045	0.172205	0.389749	0.324291	1.201852	2.263285	0.158780	0.177009	0.897018	0.592748	0.519150	0.073598	0.638889	0.744012	1	17	66.98	strong_centered_ring_signal	include_visual_signal_metric_eval	positive_control_visual_signal_strong	exclude_until_independent_label_review	ok	
thumb-v1-0042	control-v1-0042	pos-es-pba-12426	positive	ES	Castro de Marrás/O Convento	coastal_promontory_hint		150.0	exists	data/morphology-autoreview-v1/thumbnails/positive/control-v1-0042-pos-es-pba-12426.png	512	512	0.372201	0.116904	4.793794	0.000000	0.000000	0.298296	0.233908	0.317068	0.315634	1.004541	1.355521	0.112746	0.126235	0.893144	0.378772	0.371152	0.007620	0.444444	0.711978	4	17	27.73	weak_centered_ring_signal	include_visual_signal_metric_eval	positive_control_visual_signal_weak_followup	exclude_until_independent_label_review	ok	
thumb-v1-0043	control-v1-0043	pos-es-pba-13836	positive	ES	Casa reitoral de Santa María de Castro	coastal_promontory_hint		150.0	exists	data/morphology-autoreview-v1/thumbnails/positive/control-v1-0043-pos-es-pba-13836.png	512	512	0.503927	0.148553	5.193078	0.000000	0.000015	0.405641	0.477040	0.445779	0.379575	1.174416	0.934468	0.143930	0.142269	1.011674	0.534203	0.500444	0.033759	0.638889	0.775284	10	17	41.17	weak_centered_ring_signal	include_visual_signal_metric_eval	positive_control_visual_signal_weak_followup	exclude_until_independent_label_review	ok	
thumb-v1-0044	control-v1-0044	pos-es-pba-14517	positive	ES	Casa reitoral de Santa María de Castro	coastal_promontory_hint		150.0	exists	data/morphology-autoreview-v1/thumbnails/positive/control-v1-0044-pos-es-pba-14517.png	512	512	0.525382	0.137385	4.989058	0.000000	0.000069	0.340997	0.318030	0.324416	0.357863	0.906539	1.020081	0.131297	0.136101	0.964700	0.522311	0.522107	0.000204	0.500000	0.738419	12	17	19.92	weak_centered_ring_signal	include_visual_signal_metric_eval	positive_control_visual_signal_weak_followup	exclude_until_independent_label_review	ok	
thumb-v1-0045	control-v1-0045	pos-es-pba-14227	positive	ES	Castro de Guimaráns/Alto dos Castros	coastal_promontory_hint		150.0	exists	data/morphology-autoreview-v1/thumbnails/positive/control-v1-0045-pos-es-pba-14227.png	512	512	0.310527	0.089780	4.410107	0.000000	0.000004	0.269548	0.272040	0.276432	0.266320	1.037967	1.016143	0.081422	0.090341	0.901273	0.286039	0.320993	-0.034953	0.166667	0.835913	8	17	25.56	weak_centered_ring_signal	include_visual_signal_metric_eval	positive_control_visual_signal_weak_followup	exclude_until_independent_label_review	ok	
thumb-v1-0046	control-v1-0046	pos-es-pba-16735	positive	ES	Casa reitoral de Santa María de Castrofeito	coastal_promontory_hint		150.0	exists	data/morphology-autoreview-v1/thumbnails/positive/control-v1-0046-pos-es-pba-16735.png	512	512	0.479224	0.144292	5.095899	0.000000	0.000000	0.236052	0.221871	0.190704	0.256866	0.742426	0.859528	0.103011	0.156386	0.658700	0.551046	0.467396	0.083650	0.194444	0.645258	17	17	9.95	weak_centered_ring_signal	include_visual_signal_metric_eval	positive_control_visual_signal_weak_followup	exclude_until_independent_label_review	ok	
thumb-v1-0047	control-v1-0047	pos-es-pba-15425	positive	ES	Castro de Punta Roza	coastal_promontory_hint		150.0	exists	data/morphology-autoreview-v1/thumbnails/positive/control-v1-0047-pos-es-pba-15425.png	512	512	0.379052	0.168906	5.116378	0.000000	0.001129	0.350213	0.290462	0.359128	0.371401	0.966955	1.236402	0.174368	0.175305	0.994655	0.330984	0.388393	-0.057409	0.250000	0.797283	10	17	20.71	weak_centered_ring_signal	include_visual_signal_metric_eval	positive_control_visual_signal_weak_followup	exclude_until_independent_label_review	ok	
thumb-v1-0048	control-v1-0048	pos-es-pba-15375	positive	ES	O Castro/Castro de Pumariño	coastal_promontory_hint		150.0	exists	data/morphology-autoreview-v1/thumbnails/positive/control-v1-0048-pos-es-pba-15375.png	512	512	0.469033	0.130035	4.942490	0.000000	0.000000	0.239384	0.232890	0.219694	0.261082	0.841475	0.943338	0.118953	0.136437	0.871848	0.420387	0.493851	-0.073463	0.361111	0.677405	12	17	15.77	weak_centered_ring_signal	include_visual_signal_metric_eval	positive_control_visual_signal_weak_followup	exclude_until_independent_label_review	ok	
thumb-v1-0049	control-v1-0049	pos-es-pba-17473	positive	ES	Castro de Punta do Tallo	coastal_promontory_hint		150.0	exists	data/morphology-autoreview-v1/thumbnails/positive/control-v1-0049-pos-es-pba-17473.png	512	512	0.429172	0.119550	4.876123	0.000000	0.000053	0.299368	0.368063	0.280349	0.293032	0.956718	0.761687	0.103085	0.120495	0.855516	0.462128	0.413715	0.048413	0.444444	0.691132	17	17	17.26	weak_centered_ring_signal	include_visual_signal_metric_eval	positive_control_visual_signal_weak_followup	exclude_until_independent_label_review	ok	
thumb-v1-0050	control-v1-0050	pos-es-pba-24674	positive	ES	Castro da Punta do Vico	coastal_promontory_hint		150.0	exists	data/morphology-autoreview-v1/thumbnails/positive/control-v1-0050-pos-es-pba-24674.png	512	512	0.568484	0.153208	5.182231	0.000000	0.000378	0.224608	0.309123	0.202606	0.220621	0.918345	0.655422	0.141754	0.133875	1.058852	0.637358	0.546072	0.091287	0.361111	0.715549	17	17	16.88	weak_centered_ring_signal	include_visual_signal_metric_eval	positive_control_visual_signal_weak_followup	exclude_until_independent_label_review	ok	
thumb-v1-0051	control-v1-0051	pos-es-pba-30753	positive	ES	Castro de Marful	coastal_promontory_hint		150.0	exists	data/morphology-autoreview-v1/thumbnails/positive/control-v1-0051-pos-es-pba-30753.png	512	512	0.376335	0.146981	5.176859	0.000000	0.000000	0.350188	0.413477	0.327728	0.350914	0.933926	0.792615	0.149248	0.143041	1.043390	0.315961	0.373454	-0.057493	0.444444	0.718865	17	17	18.95	weak_centered_ring_signal	include_visual_signal_metric_eval	positive_control_visual_signal_weak_followup	exclude_until_independent_label_review	ok	
thumb-v1-0052	control-v1-0052	pos-es-pba-38457	positive	ES	Castro de Santa Mariña/Castrosante	coastal_promontory_hint		150.0	exists	data/morphology-autoreview-v1/thumbnails/positive/control-v1-0052-pos-es-pba-38457.png	512	512	0.528624	0.161946	5.108396	0.000000	0.000000	0.314261	0.258717	0.379123	0.306218	1.238082	1.465394	0.163314	0.151952	1.074773	0.587589	0.556589	0.031000	0.805556	0.783065	2	17	75.79	strong_centered_ring_signal	include_visual_signal_metric_eval	positive_control_visual_signal_strong	exclude_until_independent_label_review	ok	
thumb-v1-0053	control-v1-0053	pos-es-pba-27022	positive	ES	Castro de Santa Mariña	coastal_promontory_hint		150.0	exists	data/morphology-autoreview-v1/thumbnails/positive/control-v1-0053-pos-es-pba-27022.png	512	512	0.487127	0.138861	5.038028	0.000000	0.000000	0.273919	0.405113	0.295120	0.246995	1.194841	0.728487	0.151513	0.131371	1.153318	0.473718	0.501739	-0.028021	0.722222	0.708773	9	17	47.10	moderate_centered_ring_signal	include_visual_signal_metric_eval	positive_control_visual_signal_moderate	exclude_until_independent_label_review	ok	
thumb-v1-0054	control-v1-0054	pos-es-pba-28585	positive	ES	Castro de Punta de San Pedro	coastal_promontory_hint		150.0	exists	data/morphology-autoreview-v1/thumbnails/positive/control-v1-0054-pos-es-pba-28585.png	512	512	0.716912	0.092080	4.273460	0.000000	0.000000	0.150254	0.178901	0.162978	0.124360	1.310539	0.910998	0.090714	0.079424	1.142141	0.724852	0.716912	0.007941	0.611111	0.548819	5	17	52.65	moderate_centered_ring_signal	include_visual_signal_metric_eval	positive_control_visual_signal_moderate	exclude_until_independent_label_review	ok	
thumb-v1-0055	control-v1-0055	pos-es-pba-28392	positive	ES	Castro de Castelmaría	coastal_promontory_hint		150.0	exists	data/morphology-autoreview-v1/thumbnails/positive/control-v1-0055-pos-es-pba-28392.png	512	512	0.454144	0.170797	5.344265	0.000000	0.000000	0.360088	0.311914	0.366288	0.341633	1.072169	1.174323	0.159133	0.175140	0.908604	0.566737	0.448466	0.118271	0.527778	0.811392	7	17	44.41	moderate_centered_ring_signal	include_visual_signal_metric_eval	positive_control_visual_signal_moderate	exclude_until_independent_label_review	ok	
thumb-v1-0056	control-v1-0056	pos-es-pba-28320	positive	ES	Castro de Santa María	coastal_promontory_hint		150.0	exists	data/morphology-autoreview-v1/thumbnails/positive/control-v1-0056-pos-es-pba-28320.png	512	512	0.389255	0.186424	5.353806	0.000000	0.000000	0.348552	0.368594	0.341851	0.327989	1.042263	0.927447	0.194636	0.193275	1.007039	0.380015	0.402554	-0.022539	0.416667	0.752084	15	17	25.87	weak_centered_ring_signal	include_visual_signal_metric_eval	positive_control_visual_signal_weak_followup	exclude_until_independent_label_review	ok	
thumb-v1-0057	control-v1-0057	pos-es-pba-44141	positive	ES	Castro de Cabo Burela	coastal_promontory_hint		150.0	exists	data/morphology-autoreview-v1/thumbnails/positive/control-v1-0057-pos-es-pba-44141.png	512	512	0.566491	0.172443	4.882031	0.000000	0.000145	0.219674	0.181744	0.266039	0.224083	1.187234	1.463816	0.143873	0.175389	0.820311	0.674268	0.533406	0.140862	0.638889	0.679371	5	17	61.91	moderate_centered_ring_signal	include_visual_signal_metric_eval	positive_control_visual_signal_moderate	exclude_until_independent_label_review	ok	
thumb-v1-0058	control-v1-0058	pos-es-pba-28792	positive	ES	Castro de Marzán	coastal_promontory_hint		150.0	exists	data/morphology-autoreview-v1/thumbnails/positive/control-v1-0058-pos-es-pba-28792.png	512	512	0.352605	0.129532	5.008553	0.000000	0.000000	0.412964	0.404601	0.415356	0.423508	0.980751	1.026582	0.113826	0.143194	0.794911	0.318969	0.376748	-0.057779	0.250000	0.870984	12	17	19.60	weak_centered_ring_signal	include_visual_signal_metric_eval	positive_control_visual_signal_weak_followup	exclude_until_independent_label_review	ok	
thumb-v1-0059	control-v1-0059	pos-es-pba-28508	positive	ES	Castro de Santa Mariña	coastal_promontory_hint		150.0	exists	data/morphology-autoreview-v1/thumbnails/positive/control-v1-0059-pos-es-pba-28508.png	512	512	0.329517	0.141442	5.140896	0.000000	0.000000	0.308700	0.316624	0.355667	0.296220	1.200686	1.123312	0.164557	0.132770	1.239418	0.326123	0.323625	0.002498	0.583333	0.835696	5	17	69.34	strong_centered_ring_signal	include_visual_signal_metric_eval	positive_control_visual_signal_strong	exclude_until_independent_label_review	ok	
thumb-v1-0060	control-v1-0060	pos-es-pba-27820	positive	ES	Castro de Azúmara	coastal_promontory_hint		150.0	exists	data/morphology-autoreview-v1/thumbnails/positive/control-v1-0060-pos-es-pba-27820.png	512	512	0.325670	0.120285	4.894180	0.000000	0.000000	0.343223	0.379211	0.318706	0.356672	0.893556	0.840446	0.125847	0.102078	1.232845	0.316990	0.298702	0.018289	0.055556	0.803599	17	17	16.31	weak_centered_ring_signal	include_visual_signal_metric_eval	positive_control_visual_signal_weak_followup	exclude_until_independent_label_review	ok	
thumb-v1-0061	control-v1-0061	pos-es-pba-27942	positive	ES	Castro de Santa María da Frairía	coastal_promontory_hint		150.0	exists	data/morphology-autoreview-v1/thumbnails/positive/control-v1-0061-pos-es-pba-27942.png	512	512	0.475595	0.143854	5.193210	0.000000	0.000000	0.278152	0.435226	0.326635	0.213684	1.528591	0.750496	0.154579	0.140451	1.100588	0.497482	0.457979	0.039503	0.861111	0.718331	9	17	62.88	strong_centered_ring_signal	include_visual_signal_metric_eval	positive_control_visual_signal_strong	exclude_until_independent_label_review	ok	
thumb-v1-0062	control-v1-0062	pos-es-pba-29460	positive	ES	Casa reitoral de Santa María do Castro	coastal_promontory_hint		150.0	exists	data/morphology-autoreview-v1/thumbnails/positive/control-v1-0062-pos-es-pba-29460.png	512	512	0.338679	0.157566	5.161680	0.000000	0.000000	0.445175	0.425809	0.399664	0.459022	0.870686	0.938599	0.193144	0.137054	1.409252	0.378528	0.327707	0.050820	0.111111	0.799831	17	17	20.00	weak_centered_ring_signal	include_visual_signal_metric_eval	positive_control_visual_signal_weak_followup	exclude_until_independent_label_review	ok	
thumb-v1-0063	control-v1-0063	pos-es-pba-11227	positive	ES	Castro de Refoxo/Castro de Cerqueira	earthwork_or_wall_hint		130.0	exists	data/morphology-autoreview-v1/thumbnails/positive/control-v1-0063-pos-es-pba-11227.png	512	512	0.387567	0.116660	4.859596	0.000000	0.000000	0.416720	0.395865	0.425184	0.422014	1.007513	1.074065	0.103601	0.123286	0.840328	0.431509	0.394990	0.036519	0.055556	0.906822	5	20	23.53	weak_centered_ring_signal	include_visual_signal_metric_eval	positive_control_visual_signal_weak_followup	exclude_until_independent_label_review	ok	
thumb-v1-0064	control-v1-0064	pos-es-pba-112	positive	ES	Castro Grande de Alcaiana	earthwork_or_wall_hint		130.0	exists	data/morphology-autoreview-v1/thumbnails/positive/control-v1-0064-pos-es-pba-112.png	512	512	0.338656	0.128521	4.948023	0.000000	0.000000	0.350257	0.351802	0.389301	0.344902	1.128731	1.106593	0.104656	0.126025	0.830441	0.323532	0.336145	-0.012613	0.333333	0.844250	3	20	53.29	moderate_centered_ring_signal	include_visual_signal_metric_eval	positive_control_visual_signal_moderate	exclude_until_independent_label_review	ok	
thumb-v1-0065	control-v1-0065	pos-es-pba-1956	positive	ES	A Roda do Castro	earthwork_or_wall_hint		130.0	exists	data/morphology-autoreview-v1/thumbnails/positive/control-v1-0065-pos-es-pba-1956.png	512	512	0.430825	0.169011	5.308431	0.000000	0.000000	0.370596	0.340392	0.423834	0.361420	1.172690	1.245134	0.175116	0.168978	1.036325	0.307907	0.462260	-0.154353	0.555556	0.755642	2	20	66.01	strong_centered_ring_signal	include_visual_signal_metric_eval	positive_control_visual_signal_strong	exclude_until_independent_label_review	ok	
thumb-v1-0066	control-v1-0066	pos-es-pba-1657	positive	ES	Castro de Castelo	earthwork_or_wall_hint		130.0	exists	data/morphology-autoreview-v1/thumbnails/positive/control-v1-0066-pos-es-pba-1657.png	512	512	0.423921	0.143550	5.117421	0.000000	0.000004	0.358369	0.389231	0.345331	0.377025	0.915938	0.887213	0.143785	0.153510	0.936647	0.378293	0.442072	-0.063779	0.111111	0.790696	20	20	10.29	weak_centered_ring_signal	include_visual_signal_metric_eval	positive_control_visual_signal_weak_followup	exclude_until_independent_label_review	ok	
thumb-v1-0067	control-v1-0067	pos-es-pba-6108	positive	ES	Castro de Pereiriña	earthwork_or_wall_hint		130.0	exists	data/morphology-autoreview-v1/thumbnails/positive/control-v1-0067-pos-es-pba-6108.png	512	512	0.478918	0.128494	4.962249	0.000000	0.000000	0.275010	0.355192	0.302643	0.268212	1.128373	0.852056	0.121588	0.128027	0.949707	0.413300	0.481522	-0.068222	0.666667	0.780856	7	20	39.31	weak_centered_ring_signal	include_visual_signal_metric_eval	positive_control_visual_signal_weak_followup	exclude_until_independent_label_review	ok	
thumb-v1-0068	control-v1-0068	pos-es-pba-5977	positive	ES	Castro de Quenxe	earthwork_or_wall_hint		130.0	exists	data/morphology-autoreview-v1/thumbnails/positive/control-v1-0068-pos-es-pba-5977.png	512	512	0.341665	0.143209	5.010662	0.000000	0.000000	0.325234	0.338338	0.359486	0.330813	1.086675	1.062507	0.159896	0.142136	1.124945	0.302397	0.339929	-0.037532	0.416667	0.813231	4	20	48.14	moderate_centered_ring_signal	include_visual_signal_metric_eval	positive_control_visual_signal_moderate	exclude_until_independent_label_review	ok	
thumb-v1-0069	control-v1-0069	pos-es-pba-9892	positive	ES	Castro de Castromiñán	earthwork_or_wall_hint		130.0	exists	data/morphology-autoreview-v1/thumbnails/positive/control-v1-0069-pos-es-pba-9892.png	512	512	0.445728	0.178419	5.250994	0.000000	0.000000	0.267065	0.229639	0.325587	0.285744	1.139439	1.417821	0.184953	0.184361	1.003211	0.513231	0.453887	0.059343	0.638889	0.700196	6	20	59.86	moderate_centered_ring_signal	include_visual_signal_metric_eval	positive_control_visual_signal_moderate	exclude_until_independent_label_review	ok	
thumb-v1-0070	control-v1-0070	pos-es-pba-12434	positive	ES	Castro da Braña	earthwork_or_wall_hint		130.0	exists	data/morphology-autoreview-v1/thumbnails/positive/control-v1-0070-pos-es-pba-12434.png	512	512	0.485388	0.131250	4.816441	0.000000	0.000000	0.202643	0.252334	0.143010	0.164747	0.868059	0.566749	0.108554	0.114560	0.947575	0.459913	0.511169	-0.051256	0.416667	0.638268	15	20	16.63	weak_centered_ring_signal	include_visual_signal_metric_eval	positive_control_visual_signal_weak_followup	exclude_until_independent_label_review	ok	
thumb-v1-0071	control-v1-0071	pos-es-pba-29296	positive	ES	Os Castros	earthwork_or_wall_hint		130.0	exists	data/morphology-autoreview-v1/thumbnails/positive/control-v1-0071-pos-es-pba-29296.png	512	512	0.434082	0.168680	5.351532	0.000000	0.000000	0.371324	0.330553	0.368279	0.362421	1.016164	1.114129	0.162785	0.164156	0.991649	0.340971	0.465157	-0.124185	0.527778	0.803424	12	20	31.59	weak_centered_ring_signal	include_visual_signal_metric_eval	positive_control_visual_signal_weak_followup	exclude_until_independent_label_review	ok	
thumb-v1-0072	control-v1-0072	pos-es-pba-35343	positive	ES	Castro da Cotela	earthwork_or_wall_hint		130.0	exists	data/morphology-autoreview-v1/thumbnails/positive/control-v1-0072-pos-es-pba-35343.png	512	512	0.420032	0.182494	5.377428	0.000000	0.000004	0.265782	0.294345	0.290173	0.268962	1.078865	0.985826	0.189307	0.185122	1.022605	0.279545	0.460957	-0.181412	0.638889	0.742561	15	20	33.58	weak_centered_ring_signal	include_visual_signal_metric_eval	positive_control_visual_signal_weak_followup	exclude_until_independent_label_review	ok	
thumb-v1-0073	control-v1-0073	pos-es-pba-36112	positive	ES	Castro do Pazo	earthwork_or_wall_hint		130.0	exists	data/morphology-autoreview-v1/thumbnails/positive/control-v1-0073-pos-es-pba-36112.png	512	512	0.362114	0.168947	5.232576	0.000000	0.000000	0.385460	0.361794	0.411681	0.378928	1.086436	1.137889	0.189414	0.178847	1.059084	0.310849	0.398613	-0.087764	0.361111	0.841634	13	20	47.76	moderate_centered_ring_signal	include_visual_signal_metric_eval	positive_control_visual_signal_moderate	exclude_until_independent_label_review	ok	
thumb-v1-0074	control-v1-0074	pos-es-pba-45973	positive	ES	Castro de Meimón	earthwork_or_wall_hint		130.0	exists	data/morphology-autoreview-v1/thumbnails/positive/control-v1-0074-pos-es-pba-45973.png	512	512	0.327943	0.122773	4.932836	0.000000	0.000004	0.376592	0.419537	0.407088	0.355922	1.143756	0.970327	0.120783	0.109303	1.105030	0.285893	0.327464	-0.041571	0.611111	0.873731	6	20	44.26	moderate_centered_ring_signal	include_visual_signal_metric_eval	positive_control_visual_signal_moderate	exclude_until_independent_label_review	ok	
thumb-v1-0075	control-v1-0075	pos-es-pba-56643	positive	ES	As Cabarquellas. Os Mouros. O Castro. As Murallas	earthwork_or_wall_hint		130.0	exists	data/morphology-autoreview-v1/thumbnails/positive/control-v1-0075-pos-es-pba-56643.png	512	512	0.311776	0.118208	4.817147	0.000000	0.000000	0.324812	0.362826	0.333253	0.315451	1.056434	0.918492	0.106231	0.098160	1.082226	0.378502	0.295465	0.083038	0.305556	0.852150	6	20	32.42	weak_centered_ring_signal	include_visual_signal_metric_eval	positive_control_visual_signal_weak_followup	exclude_until_independent_label_review	ok	
thumb-v1-0076	control-v1-0076	pos-es-pba-73573	positive	ES	Castroverde/O Foxo/Camiño Real	earthwork_or_wall_hint		130.0	exists	data/morphology-autoreview-v1/thumbnails/positive/control-v1-0076-pos-es-pba-73573.png	512	512	0.615979	0.144278	5.128081	0.000000	0.000019	0.307207	0.320542	0.308102	0.307015	1.003539	0.961190	0.150328	0.141178	1.064809	0.603298	0.632729	-0.029431	0.416667	0.809614	12	20	27.68	weak_centered_ring_signal	include_visual_signal_metric_eval	positive_control_visual_signal_weak_followup	exclude_until_independent_label_review	ok	
thumb-v1-0077	control-v1-0077	pos-pt-dgpc-109754	positive	PT	Besteiros/ Castro do Gerês	earthwork_or_wall_hint		130.0	exists	data/morphology-autoreview-v1/thumbnails/positive/control-v1-0077-pos-pt-dgpc-109754.png	512	512	0.325868	0.077711	4.095139	0.000000	0.000000	0.251368	0.262696	0.237298	0.243042	0.976366	0.903316	0.065899	0.075209	0.876213	0.351122	0.317099	0.034023	0.166667	0.882948	18	20	16.28	weak_centered_ring_signal	include_visual_signal_metric_eval	positive_control_visual_signal_weak_followup	exclude_until_independent_label_review	ok	
thumb-v1-0078	control-v1-0078	pos-pt-dgpc-109384	positive	PT	Castro de São Simão	earthwork_or_wall_hint		130.0	exists	data/morphology-autoreview-v1/thumbnails/positive/control-v1-0078-pos-pt-dgpc-109384.png	512	512	0.285434	0.060070	3.782817	0.000000	0.000000	0.207164	0.224372	0.197222	0.205606	0.959223	0.878997	0.048014	0.058943	0.814580	0.294756	0.282404	0.012352	0.083333	0.909978	16	20	14.79	weak_centered_ring_signal	include_visual_signal_metric_eval	positive_control_visual_signal_weak_followup	exclude_until_independent_label_review	ok	
thumb-v1-0079	control-v1-0079	pos-pt-dgpc-107708	positive	PT	Castro da Sola	earthwork_or_wall_hint		130.0	exists	data/morphology-autoreview-v1/thumbnails/positive/control-v1-0079-pos-pt-dgpc-107708.png	512	512	0.419475	0.151420	4.964626	0.000000	0.000000	0.267863	0.262200	0.234170	0.272191	0.860316	0.893098	0.141234	0.143304	0.985553	0.410623	0.397889	0.012734	0.250000	0.793013	15	20	16.06	weak_centered_ring_signal	include_visual_signal_metric_eval	positive_control_visual_signal_weak_followup	exclude_until_independent_label_review	ok	
thumb-v1-0080	control-v1-0080	pos-pt-dgpc-107213	positive	PT	Castro da Barrega	earthwork_or_wall_hint		130.0	exists	data/morphology-autoreview-v1/thumbnails/positive/control-v1-0080-pos-pt-dgpc-107213.png	512	512	0.276359	0.066110	3.879856	0.000000	0.000000	0.195304	0.191956	0.198565	0.204727	0.969900	1.034430	0.050501	0.077876	0.648472	0.276221	0.277863	-0.001642	0.305556	0.822190	16	20	18.60	weak_centered_ring_signal	include_visual_signal_metric_eval	positive_control_visual_signal_weak_followup	exclude_until_independent_label_review	ok	
thumb-v1-0081	control-v1-0081	pos-pt-dgpc-107601	positive	PT	Castro de São Lourenço	earthwork_or_wall_hint		130.0	exists	data/morphology-autoreview-v1/thumbnails/positive/control-v1-0081-pos-pt-dgpc-107601.png	512	512	0.307318	0.080694	4.109229	0.000000	0.000000	0.222794	0.220243	0.222420	0.220859	1.007069	1.009884	0.088629	0.075625	1.171943	0.303029	0.306618	-0.003590	0.361111	0.730722	6	20	31.90	weak_centered_ring_signal	include_visual_signal_metric_eval	positive_control_visual_signal_weak_followup	exclude_until_independent_label_review	ok	
thumb-v1-0082	control-v1-0082	pos-pt-dgpc-107016	positive	PT	Castro da Retortinha/Cepães	earthwork_or_wall_hint		130.0	exists	data/morphology-autoreview-v1/thumbnails/positive/control-v1-0082-pos-pt-dgpc-107016.png	512	512	0.455131	0.150694	5.181511	0.000000	0.000000	0.374799	0.244622	0.345249	0.398943	0.865411	1.411357	0.139677	0.143308	0.974661	0.363730	0.465980	-0.102250	0.250000	0.746606	12	20	16.61	weak_centered_ring_signal	include_visual_signal_metric_eval	positive_control_visual_signal_weak_followup	exclude_until_independent_label_review	ok	
thumb-v1-0083	control-v1-0083	pos-pt-dgpc-108039	positive	PT	Castro	earthwork_or_wall_hint		130.0	exists	data/morphology-autoreview-v1/thumbnails/positive/control-v1-0083-pos-pt-dgpc-108039.png	512	512	0.345781	0.078100	4.146378	0.000000	0.000000	0.232948	0.202197	0.216150	0.233356	0.926268	1.069006	0.056117	0.070852	0.792022	0.338776	0.339214	-0.000438	0.083333	0.831926	15	20	12.33	weak_centered_ring_signal	include_visual_signal_metric_eval	positive_control_visual_signal_weak_followup	exclude_until_independent_label_review	ok	
thumb-v1-0084	control-v1-0084	pos-pt-dgpc-107764	positive	PT	Castro de Brunhais	earthwork_or_wall_hint		130.0	exists	data/morphology-autoreview-v1/thumbnails/positive/control-v1-0084-pos-pt-dgpc-107764.png	512	512	0.389513	0.091444	4.444390	0.000000	0.000000	0.273365	0.265366	0.272836	0.275157	0.991565	1.028151	0.088689	0.092434	0.959483	0.421380	0.377657	0.043723	0.250000	0.787409	2	20	25.45	weak_centered_ring_signal	include_visual_signal_metric_eval	positive_control_visual_signal_weak_followup	exclude_until_independent_label_review	ok	
thumb-v1-0085	control-v1-0085	pos-pt-dgpc-109395	positive	PT	Castro de Atafona	earthwork_or_wall_hint		130.0	exists	data/morphology-autoreview-v1/thumbnails/positive/control-v1-0085-pos-pt-dgpc-109395.png	512	512	0.336482	0.120052	4.474515	0.000000	0.000000	0.252326	0.228161	0.227422	0.271805	0.836710	0.996762	0.068026	0.138501	0.491159	0.291595	0.354662	-0.063067	0.111111	0.865148	13	20	13.60	weak_centered_ring_signal	include_visual_signal_metric_eval	positive_control_visual_signal_weak_followup	exclude_until_independent_label_review	ok	
thumb-v1-0086	control-v1-0086	pos-pt-dgpc-107173	positive	PT	Castro de São Miguel-o-Anjo	earthwork_or_wall_hint		130.0	exists	data/morphology-autoreview-v1/thumbnails/positive/control-v1-0086-pos-pt-dgpc-107173.png	512	512	0.328602	0.094614	4.320885	0.000000	0.000000	0.254662	0.279395	0.262099	0.253781	1.032776	0.938096	0.076608	0.092860	0.824978	0.321723	0.328460	-0.006737	0.472222	0.816053	10	20	28.09	weak_centered_ring_signal	include_visual_signal_metric_eval	positive_control_visual_signal_weak_followup	exclude_until_independent_label_review	ok	
thumb-v1-0087	control-v1-0087	pos-pt-dgpc-109844	positive	PT	Castro de Escariz / São Ilus	earthwork_or_wall_hint		130.0	exists	data/morphology-autoreview-v1/thumbnails/positive/control-v1-0087-pos-pt-dgpc-109844.png	512	512	0.339533	0.109536	4.446102	0.000000	0.000000	0.269200	0.225841	0.226572	0.287412	0.788318	1.003239	0.065915	0.115389	0.571246	0.317795	0.348803	-0.031009	0.083333	0.832856	13	20	12.78	weak_centered_ring_signal	include_visual_signal_metric_eval	positive_control_visual_signal_weak_followup	exclude_until_independent_label_review	ok	
thumb-v1-0088	control-v1-0088	pos-pt-dgpc-106410	positive	PT	Castro de Santa Justa	earthwork_or_wall_hint		130.0	exists	data/morphology-autoreview-v1/thumbnails/positive/control-v1-0088-pos-pt-dgpc-106410.png	512	512	0.531328	0.106397	4.705770	0.000000	0.000000	0.306097	0.299886	0.338466	0.292071	1.158849	1.128649	0.122795	0.097812	1.255411	0.473505	0.524896	-0.051391	0.638889	0.815764	3	20	68.76	strong_centered_ring_signal	include_visual_signal_metric_eval	positive_control_visual_signal_strong	exclude_until_independent_label_review	ok	
thumb-v1-0089	control-v1-0089	pos-pt-dgpc-108740	positive	PT	Caracuto do Castro	earthwork_or_wall_hint		130.0	exists	data/morphology-autoreview-v1/thumbnails/positive/control-v1-0089-pos-pt-dgpc-108740.png	512	512	0.581037	0.157823	5.288024	0.000000	0.000000	0.379499	0.373593	0.336014	0.384749	0.873333	0.899412	0.129791	0.166366	0.780150	0.551433	0.572384	-0.020950	0.166667	0.790078	20	20	10.90	weak_centered_ring_signal	include_visual_signal_metric_eval	positive_control_visual_signal_weak_followup	exclude_until_independent_label_review	ok	
thumb-v1-0090	control-v1-0090	pos-pt-dgpc-106059	positive	PT	Castro da Rapa	earthwork_or_wall_hint		130.0	exists	data/morphology-autoreview-v1/thumbnails/positive/control-v1-0090-pos-pt-dgpc-106059.png	512	512	0.506881	0.108794	4.726582	0.000000	0.000000	0.303736	0.304661	0.321333	0.286575	1.121286	1.054721	0.109728	0.113211	0.969240	0.550367	0.489132	0.061235	0.444444	0.855149	6	20	44.62	moderate_centered_ring_signal	include_visual_signal_metric_eval	positive_control_visual_signal_moderate	exclude_until_independent_label_review	ok	
thumb-v1-0091	control-v1-0091	pos-pt-dgpc-107361	positive	PT	Casa do Quinteiro/Castro de Cércio	earthwork_or_wall_hint		130.0	exists	data/morphology-autoreview-v1/thumbnails/positive/control-v1-0091-pos-pt-dgpc-107361.png	512	512	0.479910	0.098675	4.490112	0.000000	0.000000	0.288464	0.286605	0.309441	0.292827	1.056736	1.079679	0.090898	0.098830	0.919739	0.477402	0.475902	0.001500	0.166667	0.799494	5	20	34.18	weak_centered_ring_signal	include_visual_signal_metric_eval	positive_control_visual_signal_weak_followup	exclude_until_independent_label_review	ok	
thumb-v1-0092	control-v1-0092	pos-pt-dgpc-109015	positive	PT	Castro de São Juzenda	earthwork_or_wall_hint		130.0	exists	data/morphology-autoreview-v1/thumbnails/positive/control-v1-0092-pos-pt-dgpc-109015.png	512	512	0.512860	0.068668	4.036069	0.000000	0.000000	0.179472	0.177067	0.179790	0.176105	1.020927	1.015381	0.060026	0.069505	0.863619	0.497866	0.517703	-0.019837	0.472222	0.826248	1	20	32.55	weak_centered_ring_signal	include_visual_signal_metric_eval	positive_control_visual_signal_weak_followup	exclude_until_independent_label_review	ok	
thumb-v1-0093	control-v1-0093	pos-pt-dgpc-106948	positive	PT	Castro Vicente / Senhor da Fraga / Santo Cristo	earthwork_or_wall_hint		130.0	exists	data/morphology-autoreview-v1/thumbnails/positive/control-v1-0093-pos-pt-dgpc-106948.png	512	512	0.537888	0.117830	4.826207	0.000000	0.000000	0.293651	0.278611	0.316431	0.303568	1.042372	1.135746	0.105338	0.119164	0.883978	0.603905	0.528212	0.075692	0.388889	0.740030	4	20	35.26	weak_centered_ring_signal	include_visual_signal_metric_eval	positive_control_visual_signal_weak_followup	exclude_until_independent_label_review	ok	
thumb-v1-0094	control-v1-0094	pos-pt-dgpc-109476	positive	PT	Castro do Serro Grande	earthwork_or_wall_hint		130.0	exists	data/morphology-autoreview-v1/thumbnails/positive/control-v1-0094-pos-pt-dgpc-109476.png	512	512	0.508512	0.073289	4.096617	0.000000	0.000000	0.214608	0.224917	0.217894	0.224643	0.969957	0.968776	0.078691	0.071019	1.108027	0.499807	0.505375	-0.005568	0.250000	0.743181	9	20	24.13	weak_centered_ring_signal	include_visual_signal_metric_eval	positive_control_visual_signal_weak_followup	exclude_until_independent_label_review	ok	
thumb-v1-0095	control-v1-0095	pos-pt-dgpc-108213	positive	PT	Castro	earthwork_or_wall_hint		130.0	exists	data/morphology-autoreview-v1/thumbnails/positive/control-v1-0095-pos-pt-dgpc-108213.png	512	512	0.482431	0.131423	4.926443	0.000000	0.000000	0.301660	0.345967	0.356806	0.286301	1.246262	1.031328	0.164692	0.122100	1.348825	0.437149	0.473094	-0.035945	0.611111	0.729098	11	20	58.23	moderate_centered_ring_signal	include_visual_signal_metric_eval	positive_control_visual_signal_moderate	exclude_until_independent_label_review	ok	
thumb-v1-0096	control-v1-0096	pos-pt-dgpc-105058	positive	PT	Castro de Paredes	earthwork_or_wall_hint		130.0	exists	data/morphology-autoreview-v1/thumbnails/positive/control-v1-0096-pos-pt-dgpc-105058.png	512	512	0.379747	0.147134	4.929610	0.000000	0.000000	0.322996	0.351916	0.349666	0.325487	1.074284	0.993606	0.157733	0.140843	1.119916	0.400006	0.381376	0.018630	0.611111	0.744735	4	20	39.71	weak_centered_ring_signal	include_visual_signal_metric_eval	positive_control_visual_signal_weak_followup	exclude_until_independent_label_review	ok	
thumb-v1-0097	control-v1-0097	pos-pt-dgpc-106386	positive	PT	Castro da Pedreira	earthwork_or_wall_hint		130.0	exists	data/morphology-autoreview-v1/thumbnails/positive/control-v1-0097-pos-pt-dgpc-106386.png	512	512	0.356805	0.120270	4.741963	0.000000	0.000000	0.304360	0.361322	0.318240	0.280463	1.134693	0.880766	0.134299	0.110530	1.215054	0.411314	0.339999	0.071314	0.416667	0.723416	8	20	40.39	weak_centered_ring_signal	include_visual_signal_metric_eval	positive_control_visual_signal_weak_followup	exclude_until_independent_label_review	ok	
thumb-v1-0098	control-v1-0098	pos-pt-dgpc-105178	positive	PT	Castro de São Domingos/ Cristelos	earthwork_or_wall_hint		130.0	exists	data/morphology-autoreview-v1/thumbnails/positive/control-v1-0098-pos-pt-dgpc-105178.png	512	512	0.416880	0.151740	4.855683	0.000000	0.002586	0.305527	0.206862	0.224687	0.342733	0.655577	1.086170	0.095632	0.166656	0.573830	0.323545	0.442443	-0.118898	0.083333	0.731107	12	20	12.18	weak_centered_ring_signal	include_visual_signal_metric_eval	positive_control_visual_signal_weak_followup	exclude_until_independent_label_review	ok	
thumb-v1-0099	control-v1-0099	pos-pt-dgpc-105226	positive	PT	Arados/Castro de Arados	earthwork_or_wall_hint		130.0	exists	data/morphology-autoreview-v1/thumbnails/positive/control-v1-0099-pos-pt-dgpc-105226.png	512	512	0.324239	0.123228	4.407342	0.000000	0.000000	0.272487	0.233958	0.235759	0.253427	0.930285	1.007701	0.062371	0.108167	0.576621	0.303699	0.306247	-0.002548	0.055556	0.868120	15	20	12.44	weak_centered_ring_signal	include_visual_signal_metric_eval	positive_control_visual_signal_weak_followup	exclude_until_independent_label_review	ok	
thumb-v1-0100	control-v1-0100	pos-pt-dgpc-105192	positive	PT	Castro de Vila	earthwork_or_wall_hint		130.0	exists	data/morphology-autoreview-v1/thumbnails/positive/control-v1-0100-pos-pt-dgpc-105192.png	512	512	0.373681	0.139516	4.645795	0.000000	0.000000	0.244457	0.228196	0.235573	0.242164	0.972782	1.032328	0.107345	0.160706	0.667961	0.317391	0.389145	-0.071754	0.361111	0.788730	12	20	21.13	weak_centered_ring_signal	include_visual_signal_metric_eval	positive_control_visual_signal_weak_followup	exclude_until_independent_label_review	ok	
thumb-v1-0101	control-v1-0101	neg-es-pba-1403	negative	ES	Mámoa da Lagoa		megalithic_mound	45.0	exists	data/morphology-autoreview-v1/thumbnails/negative/control-v1-0101-neg-es-pba-1403.png	512	512	0.358925	0.117928	4.860951	0.000000	0.000000	0.342817	0.332724	0.276188	0.290657	0.950220	0.830083	0.095520	0.092664	1.030827	0.400567	0.355639	0.044928	0.388889	0.723087	36	39	19.37	weak_centered_ring_signal	include_visual_signal_metric_eval	negative_control_visual_signal_weak	exclude_until_independent_label_review	ok	
thumb-v1-0102	control-v1-0102	neg-es-pba-29146	negative	ES	Arqueira de Morocos 1		megalithic_mound	45.0	exists	data/morphology-autoreview-v1/thumbnails/negative/control-v1-0102-neg-es-pba-29146.png	512	512	0.476712	0.152738	5.164119	0.000000	0.000000	0.271351	0.412808	0.301659	0.291222	1.035839	0.730749	0.144715	0.134904	1.072722	0.392537	0.506999	-0.114463	0.555556	0.621694	7	39	33.92	weak_centered_ring_signal	include_visual_signal_metric_eval	negative_control_visual_signal_weak	exclude_until_independent_label_review	ok	
thumb-v1-0103	control-v1-0103	neg-es-pba-45653	negative	ES	Mámoa do Reigoso 1		megalithic_mound	45.0	exists	data/morphology-autoreview-v1/thumbnails/negative/control-v1-0103-neg-es-pba-45653.png	512	512	0.340802	0.102317	4.635976	0.000000	0.000000	0.330881	0.346934	0.325461	0.333350	0.976334	0.938107	0.124511	0.117305	1.061430	0.433859	0.345033	0.088826	0.333333	0.716022	24	39	23.21	weak_centered_ring_signal	include_visual_signal_metric_eval	negative_control_visual_signal_weak	exclude_until_independent_label_review	ok	
thumb-v1-0104	control-v1-0104	neg-es-pba-50551	negative	ES	A Medorra		megalithic_mound	45.0	exists	data/morphology-autoreview-v1/thumbnails/negative/control-v1-0104-neg-es-pba-50551.png	512	512	0.449845	0.143958	5.135528	0.000000	0.000000	0.301891	0.376337	0.367084	0.335789	1.093197	0.975412	0.109328	0.123817	0.882981	0.568545	0.523024	0.045521	0.527778	0.819296	7	39	35.51	weak_centered_ring_signal	include_visual_signal_metric_eval	negative_control_visual_signal_weak	exclude_until_independent_label_review	ok	
thumb-v1-0105	control-v1-0105	neg-es-pba-56336	negative	ES	Mámoa da Cima de Covela		megalithic_mound	45.0	exists	data/morphology-autoreview-v1/thumbnails/negative/control-v1-0105-neg-es-pba-56336.png	512	512	0.424631	0.133016	4.945197	0.000000	0.000000	0.327162	0.257202	0.312818	0.288963	1.082554	1.216233	0.107385	0.145459	0.738252	0.366697	0.459270	-0.092573	0.583333	0.730738	14	39	45.14	moderate_centered_ring_signal	include_visual_signal_metric_eval	hard_negative_visual_signal_moderate_keep_as_distractor	exclude_until_independent_label_review	ok	
thumb-v1-0106	control-v1-0106	neg-es-pba-57591	negative	ES	Casa reitoral de Pedrafita		megalithic_mound	45.0	exists	data/morphology-autoreview-v1/thumbnails/negative/control-v1-0106-neg-es-pba-57591.png	512	512	0.513817	0.146773	5.128716	0.000000	0.000000	0.303052	0.422973	0.280493	0.329981	0.850026	0.663145	0.104565	0.130654	0.800313	0.540824	0.569137	-0.028312	0.305556	0.595393	25	39	14.40	weak_centered_ring_signal	include_visual_signal_metric_eval	negative_control_visual_signal_weak	exclude_until_independent_label_review	ok	
thumb-v1-0107	control-v1-0107	neg-es-pba-59636	negative	ES	Mámoa da Pedra Má 1		megalithic_mound	45.0	exists	data/morphology-autoreview-v1/thumbnails/negative/control-v1-0107-neg-es-pba-59636.png	512	512	0.307722	0.105792	4.750775	0.000000	0.000000	0.352404	0.375621	0.361635	0.335722	1.077185	0.962765	0.107231	0.100024	1.072050	0.330752	0.308287	0.022465	0.472222	0.774382	9	39	36.16	weak_centered_ring_signal	include_visual_signal_metric_eval	negative_control_visual_signal_weak	exclude_until_independent_label_review	ok	
thumb-v1-0108	control-v1-0108	neg-es-pba-43983	negative	ES	Mámoa de Agrela		megalithic_mound	45.0	exists	data/morphology-autoreview-v1/thumbnails/negative/control-v1-0108-neg-es-pba-43983.png	512	512	0.313173	0.102840	4.630070	0.000000	0.000000	0.296498	0.164373	0.238987	0.279732	0.854341	1.453926	0.107734	0.119260	0.903356	0.272331	0.340072	-0.067742	0.277778	0.665963	36	39	12.29	weak_centered_ring_signal	include_visual_signal_metric_eval	negative_control_visual_signal_weak	exclude_until_independent_label_review	ok	
thumb-v1-0109	control-v1-0109	neg-es-pba-43559	negative	ES	Mámoa das Chairas		megalithic_mound	45.0	exists	data/morphology-autoreview-v1/thumbnails/negative/control-v1-0109-neg-es-pba-43559.png	512	512	0.376258	0.134355	5.077110	0.000000	0.000000	0.383631	0.297815	0.315354	0.345808	0.911934	1.058890	0.095221	0.130687	0.728616	0.411960	0.402385	0.009575	0.388889	0.743114	38	39	14.64	weak_centered_ring_signal	include_visual_signal_metric_eval	negative_control_visual_signal_weak	exclude_until_independent_label_review	ok	
thumb-v1-0110	control-v1-0110	neg-es-pba-45293	negative	ES	Mámoa da Lomba		megalithic_mound	45.0	exists	data/morphology-autoreview-v1/thumbnails/negative/control-v1-0110-neg-es-pba-45293.png	512	512	0.428890	0.119420	4.810375	0.000000	0.000000	0.348037	0.255671	0.321934	0.393915	0.817267	1.259174	0.108278	0.126553	0.855595	0.506087	0.434054	0.072032	0.222222	0.710060	35	39	11.94	weak_centered_ring_signal	include_visual_signal_metric_eval	negative_control_visual_signal_weak	exclude_until_independent_label_review	ok	
thumb-v1-0111	control-v1-0111	neg-es-pba-63125	negative	ES	Dolmen da Cavada da Santa		megalithic_mound	45.0	exists	data/morphology-autoreview-v1/thumbnails/negative/control-v1-0111-neg-es-pba-63125.png	512	512	0.306235	0.086602	4.490642	0.000000	0.000000	0.308134	0.365782	0.337036	0.314149	1.072852	0.921412	0.079968	0.072373	1.104944	0.319556	0.295265	0.024291	0.388889	0.874346	13	39	35.30	weak_centered_ring_signal	include_visual_signal_metric_eval	negative_control_visual_signal_weak	exclude_until_independent_label_review	ok	
thumb-v1-0112	control-v1-0112	neg-pt-dgpc-113936	negative	PT	Carapeços 3		megalithic_mound	45.0	exists	data/morphology-autoreview-v1/thumbnails/negative/control-v1-0112-neg-pt-dgpc-113936.png	512	512	0.276397	0.066163	3.872469	0.000000	0.000000	0.230720	0.249940	0.238092	0.247201	0.963149	0.952595	0.056420	0.094033	0.600001	0.278189	0.295090	-0.016902	0.138889	0.842682	16	39	18.53	weak_centered_ring_signal	include_visual_signal_metric_eval	negative_control_visual_signal_weak	exclude_until_independent_label_review	ok	
thumb-v1-0113	control-v1-0113	neg-pt-dgpc-109194	negative	PT	Mamoa 1 de Penedo Covo		megalithic_mound	45.0	exists	data/morphology-autoreview-v1/thumbnails/negative/control-v1-0113-neg-pt-dgpc-109194.png	512	512	0.364427	0.125140	4.874476	0.000000	0.000000	0.303510	0.316931	0.242761	0.302611	0.802223	0.765975	0.085245	0.120192	0.709235	0.507893	0.452275	0.055618	0.166667	0.791936	38	39	11.13	weak_centered_ring_signal	include_visual_signal_metric_eval	negative_control_visual_signal_weak	exclude_until_independent_label_review	ok	
thumb-v1-0114	control-v1-0114	neg-pt-dgpc-107214	negative	PT	Travessa 1		megalithic_mound	45.0	exists	data/morphology-autoreview-v1/thumbnails/negative/control-v1-0114-neg-pt-dgpc-107214.png	512	512	0.440175	0.173279	4.740535	0.000000	0.013203	0.269010	0.445929	0.257477	0.233636	1.102042	0.577395	0.140717	0.128845	1.092143	0.572143	0.401372	0.170772	0.472222	0.609222	21	39	34.04	weak_centered_ring_signal	include_visual_signal_metric_eval	negative_control_visual_signal_weak	exclude_until_independent_label_review	ok	
thumb-v1-0115	control-v1-0115	neg-pt-dgpc-107640	negative	PT	Antela da Portelagem/ Anta da Portelagem		megalithic_mound	45.0	exists	data/morphology-autoreview-v1/thumbnails/negative/control-v1-0115-neg-pt-dgpc-107640.png	512	512	0.336803	0.114719	4.590431	0.000000	0.000000	0.241289	0.239195	0.211304	0.232297	0.909627	0.883394	0.085709	0.105481	0.812555	0.296268	0.330066	-0.033798	0.194444	0.733550	32	39	12.31	weak_centered_ring_signal	include_visual_signal_metric_eval	negative_control_visual_signal_weak	exclude_until_independent_label_review	ok	
thumb-v1-0116	control-v1-0116	neg-pt-dgpc-114669	negative	PT	Mamoa I da Bouça do Fojo		megalithic_mound	45.0	exists	data/morphology-autoreview-v1/thumbnails/negative/control-v1-0116-neg-pt-dgpc-114669.png	512	512	0.356746	0.073668	4.107788	0.000000	0.000000	0.191755	0.228680	0.183581	0.208185	0.881816	0.802782	0.082370	0.081914	1.005562	0.414183	0.364539	0.049645	0.305556	0.671768	34	39	15.26	weak_centered_ring_signal	include_visual_signal_metric_eval	negative_control_visual_signal_weak	exclude_until_independent_label_review	ok	
thumb-v1-0117	control-v1-0117	neg-pt-dgpc-109880	negative	PT	Mamoa 2 da Lama dos Eidos		megalithic_mound	45.0	exists	data/morphology-autoreview-v1/thumbnails/negative/control-v1-0117-neg-pt-dgpc-109880.png	512	512	0.364691	0.085155	4.263277	0.000000	0.000000	0.222348	0.167007	0.169620	0.185438	0.914699	1.015646	0.066091	0.075008	0.881114	0.395659	0.379290	0.016369	0.305556	0.530945	35	39	11.65	weak_centered_ring_signal	include_visual_signal_metric_eval	negative_control_visual_signal_weak	exclude_until_independent_label_review	ok	
thumb-v1-0118	control-v1-0118	neg-pt-dgpc-113951	negative	PT	Fiães		megalithic_mound	45.0	exists	data/morphology-autoreview-v1/thumbnails/negative/control-v1-0118-neg-pt-dgpc-113951.png	512	512	0.422474	0.134165	4.821412	0.000000	0.000000	0.191737	0.320373	0.256303	0.213768	1.198977	0.800015	0.094851	0.074287	1.276814	0.375121	0.343736	0.031385	0.472222	0.797754	3	39	50.21	moderate_centered_ring_signal	include_visual_signal_metric_eval	hard_negative_visual_signal_moderate_keep_as_distractor	exclude_until_independent_label_review	ok	
thumb-v1-0119	control-v1-0119	neg-pt-dgpc-109630	negative	PT	Mamoa 1 de Bustelo		megalithic_mound	45.0	exists	data/morphology-autoreview-v1/thumbnails/negative/control-v1-0119-neg-pt-dgpc-109630.png	512	512	0.356486	0.070263	3.937343	0.000000	0.000000	0.144364	0.085751	0.091561	0.085867	1.066313	1.067755	0.035993	0.031415	1.145714	0.327522	0.316047	0.011475	0.416667	0.653589	32	39	32.91	weak_centered_ring_signal	include_visual_signal_metric_eval	negative_control_visual_signal_weak	exclude_until_independent_label_review	ok	
thumb-v1-0120	control-v1-0120	neg-pt-dgpc-106067	negative	PT	Pala da Moura		megalithic_mound	45.0	exists	data/morphology-autoreview-v1/thumbnails/negative/control-v1-0120-neg-pt-dgpc-106067.png	512	512	0.534132	0.113924	4.784304	0.000000	0.000000	0.305452	0.449910	0.308403	0.303296	1.016838	0.685476	0.126864	0.114424	1.108715	0.545544	0.540112	0.005432	0.472222	0.595645	14	39	30.31	weak_centered_ring_signal	include_visual_signal_metric_eval	negative_control_visual_signal_weak	exclude_until_independent_label_review	ok	
thumb-v1-0121	control-v1-0121	neg-pt-dgpc-114520	negative	PT	Mirandela - Menir da Rua da Portela/ Menir de Mirandela		megalithic_mound	45.0	exists	data/morphology-autoreview-v1/thumbnails/negative/control-v1-0121-neg-pt-dgpc-114520.png	512	512	0.644767	0.121137	4.890315	0.000000	0.000000	0.330066	0.364625	0.342677	0.371271	0.922983	0.939808	0.100774	0.108188	0.931471	0.667779	0.671914	-0.004135	0.166667	0.805807	29	39	13.62	weak_centered_ring_signal	include_visual_signal_metric_eval	negative_control_visual_signal_weak	exclude_until_independent_label_review	ok	
thumb-v1-0122	control-v1-0122	neg-pt-dgpc-105998	negative	PT	Outeiro de Gregos 2		megalithic_mound	45.0	exists	data/morphology-autoreview-v1/thumbnails/negative/control-v1-0122-neg-pt-dgpc-105998.png	512	512	0.359958	0.081055	3.922080	0.000000	0.000000	0.182660	0.194886	0.184758	0.173326	1.065956	0.948033	0.067805	0.071242	0.951755	0.371440	0.358995	0.012445	0.472222	0.614104	18	39	29.14	weak_centered_ring_signal	include_visual_signal_metric_eval	negative_control_visual_signal_weak	exclude_until_independent_label_review	ok	
thumb-v1-0123	control-v1-0123	neg-pt-dgpc-112099	negative	PT	Mamoa dos Crastos (Broalhos)		megalithic_mound	45.0	exists	data/morphology-autoreview-v1/thumbnails/negative/control-v1-0123-neg-pt-dgpc-112099.png	512	512	0.454122	0.178306	5.262841	0.000000	0.000000	0.341290	0.484798	0.339232	0.350973	0.966549	0.699739	0.157960	0.195679	0.807241	0.534527	0.454110	0.080417	0.444444	0.620716	24	39	20.34	weak_centered_ring_signal	include_visual_signal_metric_eval	negative_control_visual_signal_weak	exclude_until_independent_label_review	ok	
thumb-v1-0124	control-v1-0124	neg-pt-dgpc-106436	negative	PT	Serra de Campelos 1		megalithic_mound	45.0	exists	data/morphology-autoreview-v1/thumbnails/negative/control-v1-0124-neg-pt-dgpc-106436.png	512	512	0.465410	0.188476	4.726865	0.000000	0.031662	0.262048	0.292852	0.292833	0.253296	1.156089	0.999935	0.201304	0.223571	0.900403	0.508612	0.504849	0.003763	0.611111	0.618792	10	39	38.40	weak_centered_ring_signal	include_visual_signal_metric_eval	negative_control_visual_signal_weak	exclude_until_independent_label_review	ok	
thumb-v1-0125	control-v1-0125	neg-pt-dgpc-104969	negative	PT	Arcos		megalithic_mound	45.0	exists	data/morphology-autoreview-v1/thumbnails/negative/control-v1-0125-neg-pt-dgpc-104969.png	512	512	0.321809	0.083035	4.072545	0.000000	0.000000	0.232692	0.217519	0.200852	0.212864	0.943572	0.923380	0.052267	0.060233	0.867754	0.315066	0.325065	-0.009999	0.138889	0.870186	37	39	13.13	weak_centered_ring_signal	include_visual_signal_metric_eval	negative_control_visual_signal_weak	exclude_until_independent_label_review	ok	
thumb-v1-0126	control-v1-0126	neg-pt-dgpc-111452	negative	PT	Mamoa I de Fonte Cova		megalithic_mound	45.0	exists	data/morphology-autoreview-v1/thumbnails/negative/control-v1-0126-neg-pt-dgpc-111452.png	512	512	0.345105	0.070242	4.025063	0.000000	0.000000	0.181346	0.089485	0.125367	0.195004	0.642894	1.400989	0.042417	0.051768	0.819375	0.409564	0.375854	0.033710	0.166667	0.653459	35	39	10.38	weak_centered_ring_signal	include_visual_signal_metric_eval	negative_control_visual_signal_weak	exclude_until_independent_label_review	ok	
thumb-v1-0127	control-v1-0127	neg-pt-dgpc-106154	negative	PT	Brio		megalithic_mound	45.0	exists	data/morphology-autoreview-v1/thumbnails/negative/control-v1-0127-neg-pt-dgpc-106154.png	512	512	0.613667	0.165431	5.303320	0.000000	0.009357	0.380914	0.409679	0.324784	0.427740	0.759303	0.792777	0.141669	0.164613	0.860618	0.526365	0.552565	-0.026199	0.222222	0.699550	36	39	11.63	weak_centered_ring_signal	include_visual_signal_metric_eval	negative_control_visual_signal_weak	exclude_until_independent_label_review	ok	
thumb-v1-0128	control-v1-0128	neg-pt-dgpc-112103	negative	PT	Mamoa de Brandião		megalithic_mound	45.0	exists	data/morphology-autoreview-v1/thumbnails/negative/control-v1-0128-neg-pt-dgpc-112103.png	512	512	0.335947	0.115851	4.549726	0.000000	0.000000	0.274429	0.240972	0.322631	0.361387	0.892757	1.338874	0.081196	0.167794	0.483902	0.323945	0.380674	-0.056729	0.250000	0.807160	15	39	17.62	weak_centered_ring_signal	include_visual_signal_metric_eval	negative_control_visual_signal_weak	exclude_until_independent_label_review	ok	
thumb-v1-0129	control-v1-0129	neg-pt-dgpc-105863	negative	PT	Menir de Luzim/ Marco de Luzim		megalithic_mound	45.0	exists	data/morphology-autoreview-v1/thumbnails/negative/control-v1-0129-neg-pt-dgpc-105863.png	512	512	0.373593	0.134826	4.691578	0.000000	0.000000	0.329006	0.387911	0.326211	0.392793	0.830491	0.840943	0.101613	0.126791	0.801422	0.398176	0.403181	-0.005005	0.194444	0.766177	28	39	13.48	weak_centered_ring_signal	include_visual_signal_metric_eval	negative_control_visual_signal_weak	exclude_until_independent_label_review	ok	
thumb-v1-0130	control-v1-0130	neg-pt-dgpc-111335	negative	PT	Pinheiral/Pedra do Sol		megalithic_mound	45.0	exists	data/morphology-autoreview-v1/thumbnails/negative/control-v1-0130-neg-pt-dgpc-111335.png	512	512	0.399618	0.103947	4.532076	0.000000	0.000000	0.213609	0.316468	0.227761	0.226621	1.005029	0.719697	0.072857	0.097045	0.750754	0.330942	0.380935	-0.049993	0.444444	0.646849	24	39	23.07	weak_centered_ring_signal	include_visual_signal_metric_eval	negative_control_visual_signal_weak	exclude_until_independent_label_review	ok	
thumb-v1-0131	control-v1-0131	neg-pt-dgpc-111371	negative	PT	Ermida		megalithic_mound	45.0	exists	data/morphology-autoreview-v1/thumbnails/negative/control-v1-0131-neg-pt-dgpc-111371.png	512	512	0.522359	0.164177	5.246886	0.000000	0.004890	0.357457	0.254751	0.292875	0.368107	0.795625	1.149649	0.139306	0.175824	0.792300	0.639677	0.575719	0.063958	0.305556	0.727231	26	39	15.51	weak_centered_ring_signal	include_visual_signal_metric_eval	negative_control_visual_signal_weak	exclude_until_independent_label_review	ok	
thumb-v1-0132	control-v1-0132	neg-pt-dgpc-112900	negative	PT	Mamoa 1 de Santa Lomédia		megalithic_mound	45.0	exists	data/morphology-autoreview-v1/thumbnails/negative/control-v1-0132-neg-pt-dgpc-112900.png	512	512	0.374654	0.133355	4.886171	0.000000	0.000000	0.291182	0.316017	0.301943	0.347687	0.868434	0.955467	0.126159	0.133529	0.944810	0.505191	0.465370	0.039821	0.361111	0.677325	21	39	17.64	weak_centered_ring_signal	include_visual_signal_metric_eval	negative_control_visual_signal_weak	exclude_until_independent_label_review	ok	
thumb-v1-0133	control-v1-0133	neg-pt-dgpc-111340	negative	PT	Queimado alto		megalithic_mound	45.0	exists	data/morphology-autoreview-v1/thumbnails/negative/control-v1-0133-neg-pt-dgpc-111340.png	512	512	0.381599	0.098665	4.374701	0.000000	0.000000	0.197253	0.311014	0.212806	0.216419	0.983303	0.684231	0.091509	0.088344	1.035829	0.465562	0.343653	0.121909	0.194444	0.726558	15	39	22.56	weak_centered_ring_signal	include_visual_signal_metric_eval	negative_control_visual_signal_weak	exclude_until_independent_label_review	ok	
thumb-v1-0134	control-v1-0134	neg-pt-dgpc-108526	negative	PT	Mamoa 2 das Lameiras		megalithic_mound	45.0	exists	data/morphology-autoreview-v1/thumbnails/negative/control-v1-0134-neg-pt-dgpc-108526.png	512	512	0.372816	0.085238	4.330981	0.000000	0.000000	0.211503	0.226717	0.202619	0.218730	0.926342	0.893706	0.069751	0.092489	0.754147	0.412180	0.375050	0.037131	0.361111	0.754749	28	39	16.77	weak_centered_ring_signal	include_visual_signal_metric_eval	negative_control_visual_signal_weak	exclude_until_independent_label_review	ok	
thumb-v1-0135	control-v1-0135	neg-pt-dgpc-113975	negative	PT	Mamoa 1 dos Prados da Saba		megalithic_mound	45.0	exists	data/morphology-autoreview-v1/thumbnails/negative/control-v1-0135-neg-pt-dgpc-113975.png	512	512	0.361297	0.062724	3.901343	0.000000	0.000000	0.177838	0.203147	0.233713	0.171893	1.359642	1.150461	0.062647	0.053715	1.166272	0.328610	0.340658	-0.012048	0.694444	0.779280	2	39	76.89	strong_centered_ring_signal	include_visual_signal_metric_eval	hard_negative_visual_signal_strong_keep_as_distractor	exclude_until_independent_label_review	ok	
thumb-v1-0136	control-v1-0136	neg-pt-dgpc-112374	negative	PT	Lameiras		megalithic_mound	45.0	exists	data/morphology-autoreview-v1/thumbnails/negative/control-v1-0136-neg-pt-dgpc-112374.png	512	512	0.370055	0.088504	4.384847	0.000000	0.000000	0.222082	0.222216	0.211777	0.214913	0.985407	0.953021	0.099934	0.089042	1.122326	0.448564	0.368946	0.079617	0.388889	0.797815	38	39	24.08	weak_centered_ring_signal	include_visual_signal_metric_eval	negative_control_visual_signal_weak	exclude_until_independent_label_review	ok	
thumb-v1-0137	control-v1-0137	neg-pt-dgpc-112391	negative	PT	Almas 3		megalithic_mound	45.0	exists	data/morphology-autoreview-v1/thumbnails/negative/control-v1-0137-neg-pt-dgpc-112391.png	512	512	0.412930	0.090120	4.436716	0.000000	0.000000	0.240318	0.213491	0.260989	0.249511	1.046003	1.222486	0.074726	0.087810	0.851001	0.443348	0.400002	0.043345	0.305556	0.738778	4	39	33.93	weak_centered_ring_signal	include_visual_signal_metric_eval	negative_control_visual_signal_weak	exclude_until_independent_label_review	ok	
thumb-v1-0138	control-v1-0138	neg-pt-dgpc-108626	negative	PT	Mamoa da Giadela		megalithic_mound	45.0	exists	data/morphology-autoreview-v1/thumbnails/negative/control-v1-0138-neg-pt-dgpc-108626.png	512	512	0.390627	0.052133	3.682857	0.000000	0.000000	0.165054	0.148460	0.174356	0.187873	0.928053	1.174428	0.051343	0.058462	0.878237	0.369495	0.406743	-0.037249	0.222222	0.769524	15	39	17.26	weak_centered_ring_signal	include_visual_signal_metric_eval	negative_control_visual_signal_weak	exclude_until_independent_label_review	ok	
thumb-v1-0139	control-v1-0139	neg-pt-dgpc-109417	negative	PT	Arca 1		megalithic_mound	45.0	exists	data/morphology-autoreview-v1/thumbnails/negative/control-v1-0139-neg-pt-dgpc-109417.png	512	512	0.315228	0.071101	3.947682	0.000000	0.000000	0.218096	0.338100	0.232473	0.238038	0.976625	0.687588	0.093405	0.085568	1.091592	0.376781	0.333473	0.043308	0.222222	0.657153	8	39	24.71	weak_centered_ring_signal	include_visual_signal_metric_eval	negative_control_visual_signal_weak	exclude_until_independent_label_review	ok	
thumb-v1-0140	control-v1-0140	neg-pt-dgpc-109686	negative	PT	Reigal/Chã de Lesenho - Mamoa 1 do Outeiro do Lesenho, Lesanho Grande 1/ Lesanho Grande		megalithic_mound	45.0	exists	data/morphology-autoreview-v1/thumbnails/negative/control-v1-0140-neg-pt-dgpc-109686.png	512	512	0.477283	0.082279	4.158742	0.000000	0.000000	0.246214	0.232196	0.174034	0.253449	0.686662	0.749515	0.044569	0.063712	0.699549	0.445656	0.464006	-0.018350	0.138889	0.725485	37	39	10.18	weak_centered_ring_signal	include_visual_signal_metric_eval	negative_control_visual_signal_weak	exclude_until_independent_label_review	ok	
thumb-v1-0141	control-v1-0141	neg-pt-dgpc-109436	negative	PT	Carreira da Pedra		megalithic_mound	45.0	exists	data/morphology-autoreview-v1/thumbnails/negative/control-v1-0141-neg-pt-dgpc-109436.png	512	512	0.620650	0.163677	5.328538	0.000000	0.012108	0.420250	0.547992	0.464962	0.411542	1.129804	0.848483	0.198566	0.190572	1.041950	0.770268	0.682279	0.087989	0.666667	0.693992	5	39	42.36	moderate_centered_ring_signal	include_visual_signal_metric_eval	hard_negative_visual_signal_moderate_keep_as_distractor	exclude_until_independent_label_review	ok	
thumb-v1-0142	control-v1-0142	neg-pt-dgpc-114420	negative	PT	Alto de Pandim / Gouvães da Serra		megalithic_mound	45.0	exists	data/morphology-autoreview-v1/thumbnails/negative/control-v1-0142-neg-pt-dgpc-114420.png	512	512	0.538124	0.073218	4.113038	0.000000	0.000000	0.186579	0.296260	0.280244	0.281221	0.996524	0.945938	0.074412	0.082918	0.897421	0.630970	0.602072	0.028898	0.250000	0.842739	12	39	23.51	weak_centered_ring_signal	include_visual_signal_metric_eval	negative_control_visual_signal_weak	exclude_until_independent_label_review	ok	
thumb-v1-0143	control-v1-0143	neg-es-pba-1404	negative	ES	Mámoa da Mina de Mosqueira		megalithic_mound	45.0	exists	data/morphology-autoreview-v1/thumbnails/negative/control-v1-0143-neg-es-pba-1404.png	512	512	0.308060	0.085883	4.332864	0.000000	0.000000	0.310460	0.310462	0.313365	0.318731	0.983163	1.009351	0.077489	0.077590	0.998703	0.289529	0.290614	-0.001085	0.111111	0.837895	12	39	21.94	weak_centered_ring_signal	include_visual_signal_metric_eval	negative_control_visual_signal_weak	exclude_until_independent_label_review	ok	
thumb-v1-0144	control-v1-0144	neg-es-pba-28954	negative	ES	Arqueira de Morocos 2		megalithic_mound	45.0	exists	data/morphology-autoreview-v1/thumbnails/negative/control-v1-0144-neg-es-pba-28954.png	512	512	0.474539	0.153651	5.154184	0.000000	0.000000	0.279776	0.429837	0.411126	0.330727	1.243100	0.956469	0.130215	0.133176	0.977765	0.421222	0.484078	-0.062856	0.611111	0.804707	6	39	48.02	moderate_centered_ring_signal	include_visual_signal_metric_eval	hard_negative_visual_signal_moderate_keep_as_distractor	exclude_until_independent_label_review	ok	
thumb-v1-0145	control-v1-0145	neg-es-pba-45679	negative	ES	Mámoa do Reigoso 2		megalithic_mound	45.0	exists	data/morphology-autoreview-v1/thumbnails/negative/control-v1-0145-neg-es-pba-45679.png	512	512	0.361732	0.113630	4.813322	0.000000	0.000000	0.347142	0.309425	0.322763	0.350527	0.920794	1.043104	0.108412	0.108464	0.999521	0.306157	0.398650	-0.092493	0.166667	0.793519	36	39	13.47	weak_centered_ring_signal	include_visual_signal_metric_eval	negative_control_visual_signal_weak	exclude_until_independent_label_review	ok	
thumb-v1-0146	control-v1-0146	neg-es-pba-50512	negative	ES	Mámoa da Cabeza do Chichón 1		megalithic_mound	45.0	exists	data/morphology-autoreview-v1/thumbnails/negative/control-v1-0146-neg-es-pba-50512.png	512	512	0.479759	0.162762	5.225438	0.000000	0.000000	0.314115	0.202388	0.208548	0.251467	0.829327	1.030438	0.054352	0.106482	0.510431	0.403078	0.380387	0.022691	0.111111	0.878062	35	39	11.62	weak_centered_ring_signal	include_visual_signal_metric_eval	negative_control_visual_signal_weak	exclude_until_independent_label_review	ok	
thumb-v1-0147	control-v1-0147	neg-es-pba-56337	negative	ES	Mámoa das Regas		megalithic_mound	45.0	exists	data/morphology-autoreview-v1/thumbnails/negative/control-v1-0147-neg-es-pba-56337.png	512	512	0.330392	0.124774	4.927837	0.000000	0.000000	0.421522	0.432213	0.467892	0.429530	1.089312	1.082551	0.143375	0.148424	0.965981	0.467543	0.345408	0.122135	0.333333	0.807590	3	39	51.00	moderate_centered_ring_signal	include_visual_signal_metric_eval	hard_negative_visual_signal_moderate_keep_as_distractor	exclude_until_independent_label_review	ok	
thumb-v1-0148	control-v1-0148	neg-es-pba-57759	negative	ES	Igrexa de Pedrafita (Parroquial de San Martiño)		megalithic_mound	45.0	exists	data/morphology-autoreview-v1/thumbnails/negative/control-v1-0148-neg-es-pba-57759.png	512	512	0.462095	0.167780	5.161741	0.000000	0.000000	0.286969	0.363557	0.195168	0.303705	0.642623	0.536828	0.111936	0.154455	0.724715	0.598606	0.517455	0.081151	0.277778	0.582804	38	39	11.04	weak_centered_ring_signal	include_visual_signal_metric_eval	negative_control_visual_signal_weak	exclude_until_independent_label_review	ok	
thumb-v1-0149	control-v1-0149	neg-es-pba-59637	negative	ES	Mámoa da Pedra Má 2		megalithic_mound	45.0	exists	data/morphology-autoreview-v1/thumbnails/negative/control-v1-0149-neg-es-pba-59637.png	512	512	0.317178	0.106511	4.761548	0.000000	0.000000	0.333833	0.354859	0.332484	0.333788	0.996094	0.936948	0.116503	0.111193	1.047755	0.326425	0.328769	-0.002345	0.388889	0.755729	36	39	23.03	weak_centered_ring_signal	include_visual_signal_metric_eval	negative_control_visual_signal_weak	exclude_until_independent_label_review	ok	
thumb-v1-0150	control-v1-0150	neg-es-pba-44009	negative	ES	Mámoa do Monte Penamá 1		megalithic_mound	45.0	exists	data/morphology-autoreview-v1/thumbnails/negative/control-v1-0150-neg-es-pba-44009.png	512	512	0.374138	0.111857	4.832844	0.000000	0.000000	0.368337	0.367265	0.470722	0.413220	1.139156	1.281695	0.128055	0.108968	1.175161	0.365093	0.379808	-0.014715	0.416667	0.846270	2	39	65.71	strong_centered_ring_signal	include_visual_signal_metric_eval	hard_negative_visual_signal_strong_keep_as_distractor	exclude_until_independent_label_review	ok	
thumb-v1-0151	control-v1-0151	neg-es-pba-7236	negative	ES	Castelo/Batería de San Diego		historic_fortification	100.0	exists	data/morphology-autoreview-v1/thumbnails/negative/control-v1-0151-neg-es-pba-7236.png	512	512	0.563763	0.209860	5.437070	0.000000	0.001492	0.399225	0.336694	0.400371	0.400147	1.000560	1.189124	0.190928	0.194262	0.982840	0.636203	0.579790	0.056413	0.416667	0.666917	13	27	25.20	weak_centered_ring_signal	include_visual_signal_metric_eval	negative_control_visual_signal_weak	exclude_until_independent_label_review	ok	
thumb-v1-0152	control-v1-0152	neg-es-pba-16203	negative	ES	Batería de Punta Torrella		historic_fortification	100.0	exists	data/morphology-autoreview-v1/thumbnails/negative/control-v1-0152-neg-es-pba-16203.png	512	512	0.416317	0.179058	5.255949	0.000000	0.003021	0.360630	0.347466	0.328081	0.357349	0.918098	0.944211	0.127168	0.173880	0.731353	0.393354	0.413114	-0.019760	0.305556	0.758512	16	27	16.47	weak_centered_ring_signal	include_visual_signal_metric_eval	negative_control_visual_signal_weak	exclude_until_independent_label_review	ok	
thumb-v1-0153	control-v1-0153	neg-es-pba-31073	negative	ES	O Castelo/Castelo de Castañoso		historic_fortification	100.0	exists	data/morphology-autoreview-v1/thumbnails/negative/control-v1-0153-neg-es-pba-31073.png	512	512	0.300374	0.107843	4.742731	0.000000	0.000000	0.383018	0.434344	0.422337	0.379647	1.112446	0.972355	0.108198	0.105486	1.025713	0.332108	0.295803	0.036305	0.388889	0.863326	9	27	35.95	weak_centered_ring_signal	include_visual_signal_metric_eval	negative_control_visual_signal_weak	exclude_until_independent_label_review	ok	
thumb-v1-0154	control-v1-0154	neg-es-pba-36915	negative	ES	O Castelo		historic_fortification	100.0	exists	data/morphology-autoreview-v1/thumbnails/negative/control-v1-0154-neg-es-pba-36915.png	512	512	0.475761	0.139275	5.052158	0.000000	0.000000	0.221959	0.349950	0.203923	0.195791	1.041534	0.582722	0.123272	0.148109	0.832307	0.546237	0.481596	0.064641	0.583333	0.669562	21	27	26.82	weak_centered_ring_signal	include_visual_signal_metric_eval	negative_control_visual_signal_weak	exclude_until_independent_label_review	ok	
thumb-v1-0155	control-v1-0155	neg-es-pba-26859	negative	ES	Castelo da Portela		historic_fortification	100.0	exists	data/morphology-autoreview-v1/thumbnails/negative/control-v1-0155-neg-es-pba-26859.png	512	512	0.400777	0.123264	4.983983	0.000000	0.000000	0.398516	0.379856	0.401600	0.425126	0.944661	1.057242	0.099134	0.113870	0.870585	0.358355	0.397417	-0.039062	0.083333	0.844215	16	27	14.91	weak_centered_ring_signal	include_visual_signal_metric_eval	negative_control_visual_signal_weak	exclude_until_independent_label_review	ok	
thumb-v1-0156	control-v1-0156	neg-es-pba-28789	negative	ES	Castelo da Modorra		historic_fortification	100.0	exists	data/morphology-autoreview-v1/thumbnails/negative/control-v1-0156-neg-es-pba-28789.png	512	512	0.502390	0.167030	5.261575	0.000000	0.000004	0.286156	0.351992	0.349959	0.303954	1.151354	0.994224	0.192460	0.177025	1.087187	0.445163	0.464912	-0.019749	0.722222	0.767894	6	27	45.84	moderate_centered_ring_signal	include_visual_signal_metric_eval	hard_negative_visual_signal_moderate_keep_as_distractor	exclude_until_independent_label_review	ok	
thumb-v1-0157	control-v1-0157	neg-es-pba-29892	negative	ES	Torre de Sobreda		historic_fortification	100.0	exists	data/morphology-autoreview-v1/thumbnails/negative/control-v1-0157-neg-es-pba-29892.png	512	512	0.460856	0.165860	5.195697	0.000000	0.000000	0.284435	0.159312	0.256589	0.313065	0.819604	1.610609	0.149503	0.169734	0.880807	0.553129	0.461594	0.091535	0.333333	0.660238	22	27	14.14	weak_centered_ring_signal	include_visual_signal_metric_eval	negative_control_visual_signal_weak	exclude_until_independent_label_review	ok	
thumb-v1-0158	control-v1-0158	neg-es-pba-29293	negative	ES	O Castelo		historic_fortification	100.0	exists	data/morphology-autoreview-v1/thumbnails/negative/control-v1-0158-neg-es-pba-29293.png	512	512	0.407112	0.175598	5.290857	0.000000	0.000000	0.357640	0.369768	0.395922	0.369274	1.072162	1.070731	0.125796	0.138461	0.908524	0.359498	0.334241	0.025257	0.250000	0.890776	3	27	43.32	moderate_centered_ring_signal	include_visual_signal_metric_eval	hard_negative_visual_signal_moderate_keep_as_distractor	exclude_until_independent_label_review	ok	
thumb-v1-0159	control-v1-0159	neg-es-pba-29114	negative	ES	A Torre do Braña/As Torres		historic_fortification	100.0	exists	data/morphology-autoreview-v1/thumbnails/negative/control-v1-0159-neg-es-pba-29114.png	512	512	0.431320	0.162734	5.241062	0.000000	0.000000	0.273625	0.315290	0.319368	0.249603	1.279505	1.012935	0.133281	0.160455	0.830647	0.307365	0.463261	-0.155896	0.916667	0.853150	5	27	56.80	moderate_centered_ring_signal	include_visual_signal_metric_eval	hard_negative_visual_signal_moderate_keep_as_distractor	exclude_until_independent_label_review	ok	
thumb-v1-0160	control-v1-0160	neg-es-pba-32089	negative	ES	O Castelo		historic_fortification	100.0	exists	data/morphology-autoreview-v1/thumbnails/negative/control-v1-0160-neg-es-pba-32089.png	512	512	0.405408	0.148934	5.219571	0.000000	0.000000	0.379246	0.370360	0.348626	0.361571	0.964198	0.941318	0.140346	0.136111	1.031114	0.452832	0.402058	0.050774	0.500000	0.738286	15	27	25.49	weak_centered_ring_signal	include_visual_signal_metric_eval	negative_control_visual_signal_weak	exclude_until_independent_label_review	ok	
thumb-v1-0161	control-v1-0161	neg-es-pba-31534	negative	ES	A Torre/Torre de Aez		historic_fortification	100.0	exists	data/morphology-autoreview-v1/thumbnails/negative/control-v1-0161-neg-es-pba-31534.png	512	512	0.410456	0.172773	5.307186	0.000000	0.000000	0.321913	0.449256	0.290019	0.333923	0.868521	0.645554	0.199960	0.160696	1.244335	0.408427	0.367646	0.040781	0.305556	0.700547	16	27	23.43	weak_centered_ring_signal	include_visual_signal_metric_eval	negative_control_visual_signal_weak	exclude_until_independent_label_review	ok	
thumb-v1-0162	control-v1-0162	neg-es-pba-34394	negative	ES	Castelo		historic_fortification	100.0	exists	data/morphology-autoreview-v1/thumbnails/negative/control-v1-0162-neg-es-pba-34394.png	512	512	0.375960	0.132712	5.047715	0.000000	0.000000	0.381607	0.465957	0.416206	0.378525	1.099547	0.893230	0.144165	0.124767	1.155471	0.382951	0.349800	0.033152	0.527778	0.803770	6	27	40.97	weak_centered_ring_signal	include_visual_signal_metric_eval	negative_control_visual_signal_weak	exclude_until_independent_label_review	ok	
thumb-v1-0163	control-v1-0163	neg-es-pba-33636	negative	ES	Castelo Grande		historic_fortification	100.0	exists	data/morphology-autoreview-v1/thumbnails/negative/control-v1-0163-neg-es-pba-33636.png	512	512	0.571102	0.140997	4.986424	0.000000	0.000000	0.220165	0.358996	0.275744	0.229336	1.202358	0.768098	0.127909	0.129495	0.987746	0.419739	0.573314	-0.153575	0.694444	0.759598	7	27	45.90	moderate_centered_ring_signal	include_visual_signal_metric_eval	hard_negative_visual_signal_moderate_keep_as_distractor	exclude_until_independent_label_review	ok	
thumb-v1-0164	control-v1-0164	neg-es-pba-35341	negative	ES	Castelo Longo de Ambarría		historic_fortification	100.0	exists	data/morphology-autoreview-v1/thumbnails/negative/control-v1-0164-neg-es-pba-35341.png	512	512	0.414120	0.153723	5.265972	0.000000	0.000000	0.281451	0.326442	0.300286	0.301320	0.996569	0.919877	0.143861	0.149574	0.961804	0.450247	0.393530	0.056717	0.416667	0.697484	5	27	27.12	weak_centered_ring_signal	include_visual_signal_metric_eval	negative_control_visual_signal_weak	exclude_until_independent_label_review	ok	
thumb-v1-0165	control-v1-0165	neg-es-pba-35839	negative	ES	Castelo de Cancio		historic_fortification	100.0	exists	data/morphology-autoreview-v1/thumbnails/negative/control-v1-0165-neg-es-pba-35839.png	384	384	0.344110	0.104159	4.681837	0.000000	0.000000	0.351093	0.421069	0.409134	0.367496	1.113302	0.971654	0.109321	0.110713	0.987427	0.386524	0.323065	0.063459	0.527778	0.771289	9	27	36.69	weak_centered_ring_signal	include_visual_signal_metric_eval	negative_control_visual_signal_weak	exclude_until_independent_label_review	ok	
thumb-v1-0166	control-v1-0166	neg-es-pba-36966	negative	ES	O Castelo/Torre do Mariscal		historic_fortification	100.0	exists	data/morphology-autoreview-v1/thumbnails/negative/control-v1-0166-neg-es-pba-36966.png	384	384	0.261386	0.094949	4.597282	0.000000	0.000000	0.377406	0.385522	0.399384	0.396927	1.006189	1.035956	0.091950	0.092371	0.995440	0.244088	0.272845	-0.028757	0.083333	0.869637	7	27	24.82	weak_centered_ring_signal	include_visual_signal_metric_eval	negative_control_visual_signal_weak	exclude_until_independent_label_review	ok	
thumb-v1-0167	control-v1-0167	neg-es-pba-42938	negative	ES	Torre de Cendemil		historic_fortification	100.0	exists	data/morphology-autoreview-v1/thumbnails/negative/control-v1-0167-neg-es-pba-42938.png	384	384	0.578958	0.126840	4.879172	0.000000	0.000000	0.217560	0.294120	0.240105	0.225780	1.063447	0.816350	0.128614	0.124772	1.030789	0.598001	0.572643	0.025358	0.583333	0.663494	5	27	35.66	weak_centered_ring_signal	include_visual_signal_metric_eval	negative_control_visual_signal_weak	exclude_until_independent_label_review	ok	
thumb-v1-0168	control-v1-0168	neg-es-pba-43202	negative	ES	O Castelo		historic_fortification	100.0	exists	data/morphology-autoreview-v1/thumbnails/negative/control-v1-0168-neg-es-pba-43202.png	384	384	0.493881	0.165860	5.313239	0.000000	0.000000	0.372655	0.425561	0.421844	0.375118	1.124563	0.991266	0.119695	0.150436	0.795654	0.378135	0.464808	-0.086673	0.277778	0.920898	5	27	34.07	weak_centered_ring_signal	include_visual_signal_metric_eval	negative_control_visual_signal_weak	exclude_until_independent_label_review	ok	
thumb-v1-0169	control-v1-0169	neg-es-pba-35700	negative	ES	Castelo		historic_fortification	100.0	exists	data/morphology-autoreview-v1/thumbnails/negative/control-v1-0169-neg-es-pba-35700.png	384	384	0.331359	0.106786	4.746662	0.000000	0.000000	0.342232	0.341634	0.361362	0.337363	1.071137	1.057747	0.113309	0.113330	0.999818	0.399717	0.341328	0.058389	0.250000	0.882579	3	27	41.88	weak_centered_ring_signal	include_visual_signal_metric_eval	negative_control_visual_signal_weak	exclude_until_independent_label_review	ok	
thumb-v1-0170	control-v1-0170	neg-es-pba-36107	negative	ES	Castelo do Picato		historic_fortification	100.0	exists	data/morphology-autoreview-v1/thumbnails/negative/control-v1-0170-neg-es-pba-36107.png	384	384	0.360778	0.152172	5.177000	0.000000	0.000000	0.341511	0.354576	0.359632	0.343938	1.045630	1.014261	0.133168	0.148514	0.896668	0.273490	0.374849	-0.101359	0.416667	0.796332	20	27	28.13	weak_centered_ring_signal	include_visual_signal_metric_eval	negative_control_visual_signal_weak	exclude_until_independent_label_review	ok	
thumb-v1-0171	control-v1-0171	neg-es-pba-37344	negative	ES	Castelo das Saíñas		historic_fortification	100.0	exists	data/morphology-autoreview-v1/thumbnails/negative/control-v1-0171-neg-es-pba-37344.png	384	384	0.361680	0.135952	5.061909	0.000000	0.000000	0.418226	0.406548	0.383815	0.435296	0.881733	0.944083	0.123676	0.129981	0.951498	0.352206	0.356709	-0.004503	0.083333	0.823649	24	27	11.39	weak_centered_ring_signal	include_visual_signal_metric_eval	negative_control_visual_signal_weak	exclude_until_independent_label_review	ok	
thumb-v1-0172	control-v1-0172	neg-es-pba-38363	negative	ES	Xacemento da Torre do Hospital		historic_fortification	100.0	failed	data/morphology-autoreview-v1/thumbnails/negative/control-v1-0172-neg-es-pba-38363.png																										exclude_thumbnail_unusable	thumbnail_unusable_refetch_or_manual_followup	exclude_until_independent_label_review	failed	HTTP Error 502: Bad Gateway
thumb-v1-0173	control-v1-0173	neg-es-pba-40741	negative	ES	Torre Vella		historic_fortification	100.0	exists	data/morphology-autoreview-v1/thumbnails/negative/control-v1-0173-neg-es-pba-40741.png	384	384	0.474237	0.172256	5.448891	0.000000	0.003384	0.507561	0.472969	0.503024	0.549238	0.915858	1.063545	0.154657	0.174548	0.886043	0.505783	0.532354	-0.026572	0.333333	0.713128	16	27	16.52	weak_centered_ring_signal	include_visual_signal_metric_eval	negative_control_visual_signal_weak	exclude_until_independent_label_review	ok	
thumb-v1-0174	control-v1-0174	neg-es-pba-41893	negative	ES	Pena do Castelo/Pena de Socastelo/Vigo do Castelo		historic_fortification	100.0	exists	data/morphology-autoreview-v1/thumbnails/negative/control-v1-0174-neg-es-pba-41893.png	384	384	0.300368	0.126573	4.930302	0.000027	0.000000	0.351825	0.344610	0.358548	0.354722	1.010784	1.040443	0.109706	0.121201	0.905157	0.313205	0.296907	0.016298	0.333333	0.852193	16	27	25.59	weak_centered_ring_signal	include_visual_signal_metric_eval	negative_control_visual_signal_weak	exclude_until_independent_label_review	ok	
thumb-v1-0175	control-v1-0175	neg-es-pba-41944	negative	ES	Casa Torre de Barrio		historic_fortification	100.0	exists	data/morphology-autoreview-v1/thumbnails/negative/control-v1-0175-neg-es-pba-41944.png	384	384	0.575007	0.161727	5.073168	0.000000	0.000000	0.298964	0.458357	0.296034	0.280059	1.057044	0.645860	0.136088	0.151640	0.897440	0.657584	0.588330	0.069254	0.500000	0.607975	20	27	26.00	weak_centered_ring_signal	include_visual_signal_metric_eval	negative_control_visual_signal_weak	exclude_until_independent_label_review	ok	
thumb-v1-0176	control-v1-0176	neg-es-pba-41532	negative	ES	Castelo de Sober		historic_fortification	100.0	exists	data/morphology-autoreview-v1/thumbnails/negative/control-v1-0176-neg-es-pba-41532.png	384	384	0.501319	0.180416	5.404217	0.000000	0.000034	0.408236	0.611573	0.425642	0.342799	1.241667	0.695979	0.176993	0.180360	0.981332	0.564844	0.533973	0.030871	0.611111	0.697798	16	27	43.38	moderate_centered_ring_signal	include_visual_signal_metric_eval	hard_negative_visual_signal_moderate_keep_as_distractor	exclude_until_independent_label_review	ok	
thumb-v1-0177	control-v1-0177	neg-es-pba-43110	negative	ES	Castelo		historic_fortification	100.0	exists	data/morphology-autoreview-v1/thumbnails/negative/control-v1-0177-neg-es-pba-43110.png	384	384	0.464133	0.138096	5.115063	0.000000	0.000000	0.435508	0.467459	0.463435	0.460900	1.005500	0.991391	0.133550	0.145039	0.920787	0.487883	0.458340	0.029543	0.250000	0.843261	3	27	25.81	weak_centered_ring_signal	include_visual_signal_metric_eval	negative_control_visual_signal_weak	exclude_until_independent_label_review	ok	
thumb-v1-0178	control-v1-0178	neg-es-pba-30179	negative	ES	As Penas do Castelo		historic_fortification	100.0	exists	data/morphology-autoreview-v1/thumbnails/negative/control-v1-0178-neg-es-pba-30179.png	384	384	0.351834	0.101107	4.663910	0.000000	0.000000	0.304424	0.379832	0.299737	0.309302	0.969078	0.789132	0.114050	0.090672	1.257840	0.334166	0.335943	-0.001777	0.333333	0.766322	15	27	28.35	weak_centered_ring_signal	include_visual_signal_metric_eval	negative_control_visual_signal_weak	exclude_until_independent_label_review	ok	
thumb-v1-0179	control-v1-0179	neg-es-pba-32082	negative	ES	Castelo		historic_fortification	100.0	exists	data/morphology-autoreview-v1/thumbnails/negative/control-v1-0179-neg-es-pba-32082.png	384	384	0.485131	0.117413	4.900387	0.000000	0.000000	0.394682	0.452604	0.416148	0.428203	0.971847	0.919453	0.082544	0.119158	0.692724	0.448646	0.485763	-0.037116	0.000000	0.922165	17	27	15.62	weak_centered_ring_signal	include_visual_signal_metric_eval	negative_control_visual_signal_weak	exclude_until_independent_label_review	ok	
thumb-v1-0180	control-v1-0180	neg-es-pba-61517	negative	ES	Castelo de Pereiró		historic_fortification	100.0	exists	data/morphology-autoreview-v1/thumbnails/negative/control-v1-0180-neg-es-pba-61517.png	384	384	0.396718	0.192913	4.961921	0.000000	0.000000	0.235802	0.291066	0.253214	0.259500	0.975779	0.869956	0.178004	0.205757	0.865118	0.487297	0.407917	0.079380	0.500000	0.616260	24	27	19.66	weak_centered_ring_signal	include_visual_signal_metric_eval	negative_control_visual_signal_weak	exclude_until_independent_label_review	ok	
thumb-v1-0181	control-v1-0181	neg-es-pba-45854	negative	ES	Petróglifos do Campo da Mámoa		megalithic_mound;rock_art_surface	45.0	exists	data/morphology-autoreview-v1/thumbnails/negative/control-v1-0181-neg-es-pba-45854.png	384	384	0.341152	0.099232	4.672352	0.000000	0.000000	0.279900	0.299585	0.344799	0.307691	1.120602	1.150923	0.120174	0.101231	1.187128	0.285643	0.311957	-0.026314	0.333333	0.729845	2	29	58.21	moderate_centered_ring_signal	include_visual_signal_metric_eval	hard_negative_visual_signal_moderate_keep_as_distractor	exclude_until_independent_label_review	ok	
thumb-v1-0182	control-v1-0182	neg-es-pba-65854	negative	ES	Petróglifo das Mámoas-Esperante 1		megalithic_mound;rock_art_surface	45.0	exists	data/morphology-autoreview-v1/thumbnails/negative/control-v1-0182-neg-es-pba-65854.png	384	384	0.411404	0.135000	5.100856	0.000000	0.000000	0.327086	0.361741	0.314178	0.291501	1.077796	0.868517	0.141297	0.123384	1.145187	0.414512	0.372020	0.042491	0.444444	0.729079	12	29	35.48	weak_centered_ring_signal	include_visual_signal_metric_eval	negative_control_visual_signal_weak	exclude_until_independent_label_review	ok	
thumb-v1-0183	control-v1-0183	neg-es-pba-69588	negative	ES	Mámoa da Valga 1		megalithic_mound;rock_art_surface	45.0	exists	data/morphology-autoreview-v1/thumbnails/negative/control-v1-0183-neg-es-pba-69588.png	384	384	0.411474	0.121614	4.923703	0.000000	0.000000	0.377176	0.302271	0.317808	0.321473	0.988600	1.051401	0.136688	0.118389	1.154570	0.516728	0.456742	0.059986	0.527778	0.651149	22	29	27.86	weak_centered_ring_signal	include_visual_signal_metric_eval	negative_control_visual_signal_weak	exclude_until_independent_label_review	ok	
thumb-v1-0184	control-v1-0184	neg-pt-dgpc-105162	negative	PT	Anta de Zedes (Casa da Moura I)		megalithic_mound;rock_art_surface	45.0	exists	data/morphology-autoreview-v1/thumbnails/negative/control-v1-0184-neg-pt-dgpc-105162.png	384	384	0.541122	0.149053	5.088411	0.000000	0.000000	0.381978	0.328367	0.418890	0.415978	1.007000	1.275677	0.162928	0.137231	1.187258	0.606841	0.532388	0.074453	0.388889	0.708417	5	29	34.15	weak_centered_ring_signal	include_visual_signal_metric_eval	negative_control_visual_signal_weak	exclude_until_independent_label_review	ok	
thumb-v1-0185	control-v1-0185	neg-pt-dgpc-113333	negative	PT	Regato das Bouças 14		megalithic_mound;rock_art_surface	45.0	exists	data/morphology-autoreview-v1/thumbnails/negative/control-v1-0185-neg-pt-dgpc-113333.png	384	384	0.485644	0.081213	4.268154	0.000000	0.000000	0.276988	0.249884	0.248950	0.255703	0.973589	0.996259	0.066562	0.063703	1.044875	0.469525	0.488687	-0.019162	0.416667	0.730602	20	29	23.71	weak_centered_ring_signal	include_visual_signal_metric_eval	negative_control_visual_signal_weak	exclude_until_independent_label_review	ok	
thumb-v1-0186	control-v1-0186	neg-es-pba-65855	negative	ES	Petróglifo das Mámoas-Esperante 2		megalithic_mound;rock_art_surface	45.0	exists	data/morphology-autoreview-v1/thumbnails/negative/control-v1-0186-neg-es-pba-65855.png	384	384	0.378484	0.127508	4.977978	0.000000	0.000000	0.307200	0.335406	0.279197	0.272635	1.024070	0.832415	0.138235	0.129167	1.070207	0.464980	0.375597	0.089384	0.277778	0.733826	10	29	27.92	weak_centered_ring_signal	include_visual_signal_metric_eval	negative_control_visual_signal_weak	exclude_until_independent_label_review	ok	
thumb-v1-0187	control-v1-0187	neg-es-pba-69648	negative	ES	Mámoa da Valga 2		megalithic_mound;rock_art_surface	45.0	exists	data/morphology-autoreview-v1/thumbnails/negative/control-v1-0187-neg-es-pba-69648.png	384	384	0.430712	0.108427	4.778116	0.000000	0.000000	0.395485	0.392713	0.415872	0.426834	0.974318	1.058973	0.097272	0.084616	1.149575	0.471409	0.399071	0.072338	0.138889	0.873719	20	29	22.62	weak_centered_ring_signal	include_visual_signal_metric_eval	negative_control_visual_signal_weak	exclude_until_independent_label_review	ok	
thumb-v1-0188	control-v1-0188	neg-es-pba-69649	negative	ES	Mámoa da Valga 3		megalithic_mound;rock_art_surface	45.0	exists	data/morphology-autoreview-v1/thumbnails/negative/control-v1-0188-neg-es-pba-69649.png	384	384	0.435323	0.109361	4.786841	0.000000	0.000000	0.389024	0.333591	0.443165	0.423322	1.046875	1.328468	0.095508	0.087959	1.085817	0.511985	0.392319	0.119666	0.250000	0.855290	1	29	42.73	moderate_centered_ring_signal	include_visual_signal_metric_eval	hard_negative_visual_signal_moderate_keep_as_distractor	exclude_until_independent_label_review	ok	
thumb-v1-0189	control-v1-0189	neg-pt-dgpc-111296	negative	PT	Braga - Instituto Monsenhor Airosa		roman_built_context	80.0	exists	data/morphology-autoreview-v1/thumbnails/negative/control-v1-0189-neg-pt-dgpc-111296.png	384	384	0.524939	0.182948	5.415786	0.000000	0.011644	0.518722	0.463875	0.415536	0.533706	0.778586	0.895793	0.142466	0.179516	0.793611	0.513548	0.521477	-0.007929	0.027778	0.818196	22	28	10.46	weak_centered_ring_signal	include_visual_signal_metric_eval	negative_control_visual_signal_weak	exclude_until_independent_label_review	ok	
thumb-v1-0190	control-v1-0190	neg-pt-dgpc-110572	negative	PT	Chaves - Rua da Muralha		roman_built_context	80.0	exists	data/morphology-autoreview-v1/thumbnails/negative/control-v1-0190-neg-pt-dgpc-110572.png	384	384	0.673190	0.172384	5.368851	0.000000	0.024489	0.534211	0.629063	0.549591	0.558077	0.984794	0.873667	0.177689	0.168314	1.055699	0.633226	0.653384	-0.020158	0.305556	0.829409	20	28	23.47	weak_centered_ring_signal	include_visual_signal_metric_eval	negative_control_visual_signal_weak	exclude_until_independent_label_review	ok	
thumb-v1-0191	control-v1-0191	neg-pt-dgpc-107544	negative	PT	Braga - Rua Cruz de Pedra, 103-109		roman_built_context	80.0	exists	data/morphology-autoreview-v1/thumbnails/negative/control-v1-0191-neg-pt-dgpc-107544.png	384	384	0.557622	0.185085	5.454687	0.000000	0.007758	0.523502	0.538251	0.530626	0.552099	0.961108	0.985835	0.160918	0.190688	0.843882	0.524325	0.544559	-0.020234	0.277778	0.799411	16	28	19.18	weak_centered_ring_signal	include_visual_signal_metric_eval	negative_control_visual_signal_weak	exclude_until_independent_label_review	ok	
thumb-v1-0192	control-v1-0192	neg-pt-dgpc-109187	negative	PT	Chaves - Rua do Bispo Idácio, 20-22		roman_built_context	80.0	exists	data/morphology-autoreview-v1/thumbnails/negative/control-v1-0192-neg-pt-dgpc-109187.png	384	384	0.680916	0.171116	5.344189	0.000000	0.013204	0.518161	0.524577	0.512566	0.496697	1.031949	0.977103	0.156065	0.156176	0.999291	0.686596	0.714172	-0.027575	0.500000	0.771431	4	28	32.83	weak_centered_ring_signal	include_visual_signal_metric_eval	negative_control_visual_signal_weak	exclude_until_independent_label_review	ok	
thumb-v1-0193	control-v1-0193	neg-pt-dgpc-111203	negative	PT	Braga - Rua D. Diogo de Sousa, 102-118		roman_built_context	80.0	exists	data/morphology-autoreview-v1/thumbnails/negative/control-v1-0193-neg-pt-dgpc-111203.png	384	384	0.542510	0.167407	5.334080	0.000000	0.004422	0.540486	0.534348	0.515640	0.593800	0.868373	0.964988	0.165672	0.165126	1.003304	0.543028	0.543256	-0.000228	0.055556	0.817583	6	28	17.63	weak_centered_ring_signal	include_visual_signal_metric_eval	negative_control_visual_signal_weak	exclude_until_independent_label_review	ok	
thumb-v1-0194	control-v1-0194	neg-pt-dgpc-110813	negative	PT	Braga - Rua Direita, 25-29		roman_built_context	80.0	exists	data/morphology-autoreview-v1/thumbnails/negative/control-v1-0194-neg-pt-dgpc-110813.png	384	384	0.558130	0.180867	5.429648	0.000000	0.003737	0.542681	0.614209	0.580975	0.587695	0.988565	0.945891	0.167856	0.199222	0.842557	0.549125	0.557647	-0.008522	0.277778	0.834685	12	28	22.48	weak_centered_ring_signal	include_visual_signal_metric_eval	negative_control_visual_signal_weak	exclude_until_independent_label_review	ok	
thumb-v1-0195	control-v1-0195	neg-es-pba-12556	negative	ES	Petróglifo de Monte Muralla 1		rock_art_surface	35.0	exists	data/morphology-autoreview-v1/thumbnails/negative/control-v1-0195-neg-es-pba-12556.png	384	384	0.378983	0.123364	4.820842	0.000000	0.000000	0.287330	0.248457	0.281499	0.322105	0.873935	1.132989	0.078732	0.110263	0.714040	0.323833	0.374628	-0.050796	0.222222	0.708444	8	30	17.15	weak_centered_ring_signal	include_visual_signal_metric_eval	negative_control_visual_signal_weak	exclude_until_independent_label_review	ok	
thumb-v1-0196	control-v1-0196	neg-es-pba-68275	negative	ES	Petróglifo de Refoxos		rock_art_surface	35.0	exists	data/morphology-autoreview-v1/thumbnails/negative/control-v1-0196-neg-es-pba-68275.png	384	384	0.464467	0.163214	5.360887	0.000000	0.000041	0.437953	0.611291	0.545699	0.505477	1.079572	0.892699	0.157712	0.167598	0.941017	0.585909	0.506817	0.079092	0.472222	0.782391	1	30	35.03	weak_centered_ring_signal	include_visual_signal_metric_eval	negative_control_visual_signal_weak	exclude_until_independent_label_review	ok	
thumb-v1-0197	control-v1-0197	neg-es-pba-12557	negative	ES	Petróglifo de Monte Muralla 2		rock_art_surface	35.0	exists	data/morphology-autoreview-v1/thumbnails/negative/control-v1-0197-neg-es-pba-12557.png	384	384	0.387853	0.126911	4.899739	0.000000	0.000000	0.309570	0.312920	0.226809	0.268792	0.843808	0.724815	0.091530	0.130216	0.702909	0.437721	0.417184	0.020537	0.305556	0.698332	27	30	13.31	weak_centered_ring_signal	include_visual_signal_metric_eval	negative_control_visual_signal_weak	exclude_until_independent_label_review	ok	
thumb-v1-0198	control-v1-0198	neg-es-pba-12558	negative	ES	Petróglifo de Monte Muralla 3		rock_art_surface	35.0	exists	data/morphology-autoreview-v1/thumbnails/negative/control-v1-0198-neg-es-pba-12558.png	384	384	0.405647	0.117424	4.779858	0.000000	0.000000	0.305769	0.437943	0.337018	0.388543	0.867388	0.769546	0.098013	0.130378	0.751762	0.451096	0.478756	-0.027660	0.111111	0.789144	8	30	15.96	weak_centered_ring_signal	include_visual_signal_metric_eval	negative_control_visual_signal_weak	exclude_until_independent_label_review	ok	
thumb-v1-0199	control-v1-0199	neg-pt-dgpc-111331	negative	PT	Braga - Praça de República, 1		historic_fortification;roman_built_context	100.0	exists	data/morphology-autoreview-v1/thumbnails/negative/control-v1-0199-neg-pt-dgpc-111331.png	384	384	0.561105	0.184196	5.481239	0.000000	0.003486	0.558242	0.580677	0.590222	0.564000	1.046493	1.016438	0.193341	0.185427	1.042679	0.592456	0.557833	0.034623	0.388889	0.824786	5	27	37.63	weak_centered_ring_signal	include_visual_signal_metric_eval	negative_control_visual_signal_weak	exclude_until_independent_label_review	ok	
thumb-v1-0200	control-v1-0200	neg-pt-dgpc-112789	negative	PT	Castelo de Gaia		historic_fortification;roman_built_context	100.0	exists	data/morphology-autoreview-v1/thumbnails/negative/control-v1-0200-neg-pt-dgpc-112789.png	384	384	0.506264	0.171751	5.087721	0.000000	0.003961	0.455446	0.468828	0.630876	0.518328	1.217136	1.345644	0.169254	0.159268	1.062698	0.486622	0.539219	-0.052597	0.750000	0.841920	5	27	73.02	strong_centered_ring_signal	include_visual_signal_metric_eval	hard_negative_visual_signal_strong_keep_as_distractor	exclude_until_independent_label_review	ok	
thumb-v1-0201	control-v1-0201	neg-es-pba-31031	negative	ES	Mina de Foxo		mining_or_quarry	120.0	exists	data/morphology-autoreview-v1/thumbnails/negative/control-v1-0201-neg-es-pba-31031.png	384	384	0.245730	0.108490	4.645014	0.000000	0.000000	0.396654	0.396290	0.377044	0.397480	0.948587	0.951435	0.094164	0.110115	0.855142	0.251267	0.242882	0.008384	0.194444	0.829635	19	22	14.77	weak_centered_ring_signal	include_visual_signal_metric_eval	negative_control_visual_signal_weak	exclude_until_independent_label_review	ok	
