{"type": "FeatureCollection", "features": [{"type": "Feature", "geometry": {"type": "Point", "coordinates": [-8.2058047, 43.4236627]}, "properties": {"osm_type": "way", "osm_id": 944179564, "negative_class": "forest_track", "name": "Cami\u00f1o da Seara", "osm_tags": "highway=track;surface=gravel"}}, {"type": "Feature", "geometry": {"type": "Point", "coordinates": [-7.9605607, 43.5588677]}, "properties": {"osm_type": "way", "osm_id": 275043151, "negative_class": "forest_track", "name": "", "osm_tags": "highway=track;surface=ground"}}, {"type": "Feature", "geometry": {"type": "Point", "coordinates": [-7.9666719, 43.6399304]}, "properties": {"osm_type": "way", "osm_id": 281437385, "negative_class": "forest_track", "name": "", "osm_tags": "highway=track;surface=ground"}}, {"type": "Feature", "geometry": {"type": "Point", "coordinates": [-8.1584781, 43.543025]}, "properties": {"osm_type": "way", "osm_id": 50575574, "negative_class": "forest_track", "name": "Cami\u00f1o do Regueiro de Sedes", "osm_tags": "highway=track;surface=dirt"}}, {"type": "Feature", "geometry": {"type": "Point", "coordinates": [-8.156577, 43.4868473]}, "properties": {"osm_type": "way", "osm_id": 1122206053, "negative_class": "forest_track", "name": "Cami\u00f1o \u00e1 F\u00e1brica do Monte", "osm_tags": "highway=track;surface=ground"}}, {"type": "Feature", "geometry": {"type": "Point", "coordinates": [-8.065587, 43.6757704]}, "properties": {"osm_type": "way", "osm_id": 742141736, "negative_class": "forest_track", "name": "", "osm_tags": "highway=track;surface=unpaved"}}, {"type": "Feature", "geometry": {"type": "Point", "coordinates": [-8.0037129, 43.6877666]}, "properties": {"osm_type": "way", "osm_id": 1193376902, "negative_class": "forest_track", "name": "", "osm_tags": "highway=track;surface=ground"}}, {"type": "Feature", "geometry": {"type": "Point", "coordinates": [-8.2453959, 43.4206183]}, "properties": {"osm_type": "way", "osm_id": 531424824, "negative_class": "forest_track", "name": "", "osm_tags": "highway=track;surface=ground"}}, {"type": "Feature", "geometry": {"type": "Point", "coordinates": [-8.161738, 43.4807614]}, "properties": {"osm_type": "way", "osm_id": 426817758, "negative_class": "forest_track", "name": "", "osm_tags": "highway=track;surface=fine_gravel"}}, {"type": "Feature", "geometry": {"type": "Point", "coordinates": [-7.9702797, 43.5535214]}, "properties": {"osm_type": "way", "osm_id": 281435063, "negative_class": "forest_track", "name": "", "osm_tags": "highway=track;surface=ground"}}, {"type": "Feature", "geometry": {"type": "Point", "coordinates": [-8.281875, 43.4663433]}, "properties": {"osm_type": "way", "osm_id": 458507799, "negative_class": "forest_track", "name": "", "osm_tags": "highway=track;surface=unpaved"}}, {"type": "Feature", "geometry": {"type": "Point", "coordinates": [-8.1224678, 43.5906705]}, "properties": {"osm_type": "way", "osm_id": 168658788, "negative_class": "forest_track", "name": "", "osm_tags": "highway=track;surface=fine_gravel"}}, {"type": "Feature", "geometry": {"type": "Point", "coordinates": [-8.2447316, 43.4451885]}, "properties": {"osm_type": "way", "osm_id": 40125821, "negative_class": "forest_track", "name": "Cami\u00f1o das \u00c1nimas", "osm_tags": "highway=track;surface=dirt"}}, {"type": "Feature", "geometry": {"type": "Point", "coordinates": [-8.0129453, 43.5779288]}, "properties": {"osm_type": "way", "osm_id": 275110836, "negative_class": "forest_track", "name": "", "osm_tags": "highway=track;surface=gravel"}}, {"type": "Feature", "geometry": {"type": "Point", "coordinates": [-7.9793384, 43.5495011]}, "properties": {"osm_type": "way", "osm_id": 329423330, "negative_class": "forest_track", "name": "", "osm_tags": "highway=track;surface=ground"}}, {"type": "Feature", "geometry": {"type": "Point", "coordinates": [-8.1741399, 43.5620535]}, "properties": {"osm_type": "way", "osm_id": 112179427, "negative_class": "forest_track", "name": "", "osm_tags": "highway=track;surface=dirt"}}, {"type": "Feature", "geometry": {"type": "Point", "coordinates": [-8.0022541, 43.5845166]}, "properties": {"osm_type": "way", "osm_id": 275091533, "negative_class": "forest_track", "name": "", "osm_tags": "highway=track;surface=ground"}}, {"type": "Feature", "geometry": {"type": "Point", "coordinates": [-8.2001321, 43.5915328]}, "properties": {"osm_type": "way", "osm_id": 174005256, "negative_class": "forest_track", "name": "", "osm_tags": "highway=track;surface=dirt"}}, {"type": "Feature", "geometry": {"type": "Point", "coordinates": [-8.1711838, 43.439565]}, "properties": {"osm_type": "way", "osm_id": 1210514016, "negative_class": "forest_track", "name": "Cami\u00f1o do Marco Da San Lorenzo", "osm_tags": "highway=track;surface=dirt"}}, {"type": "Feature", "geometry": {"type": "Point", "coordinates": [-8.0281337, 43.5456567]}, "properties": {"osm_type": "way", "osm_id": 495043329, "negative_class": "forest_track", "name": "", "osm_tags": "highway=track;surface=unpaved"}}, {"type": "Feature", "geometry": {"type": "Point", "coordinates": [-8.2433487, 43.448544]}, "properties": {"osm_type": "way", "osm_id": 40125822, "negative_class": "forest_track", "name": "", "osm_tags": "highway=track;surface=gravel"}}, {"type": "Feature", "geometry": {"type": "Point", "coordinates": [-7.998502, 43.5444679]}, "properties": {"osm_type": "way", "osm_id": 921978340, "negative_class": "forest_track", "name": "", "osm_tags": "highway=track;surface=ground"}}, {"type": "Feature", "geometry": {"type": "Point", "coordinates": [-8.1371789, 43.4860851]}, "properties": {"osm_type": "way", "osm_id": 1121661003, "negative_class": "forest_track", "name": "Cami\u00f1o de Marrax\u00f3n a Chao de Lotedo", "osm_tags": "highway=track;surface=ground"}}, {"type": "Feature", "geometry": {"type": "Point", "coordinates": [-8.0013107, 43.5675419]}, "properties": {"osm_type": "way", "osm_id": 316234779, "negative_class": "forest_track", "name": "", "osm_tags": "highway=track;surface=ground"}}, {"type": "Feature", "geometry": {"type": "Point", "coordinates": [-8.1521636, 43.4815876]}, "properties": {"osm_type": "way", "osm_id": 1123719260, "negative_class": "forest_track", "name": "", "osm_tags": "highway=track;surface=ground"}}, {"type": "Feature", "geometry": {"type": "Point", "coordinates": [-8.0878476, 43.639686]}, "properties": {"osm_type": "way", "osm_id": 324184812, "negative_class": "forest_track", "name": "", "osm_tags": "highway=track;surface=ground"}}, {"type": "Feature", "geometry": {"type": "Point", "coordinates": [-8.0163708, 43.5405217]}, "properties": {"osm_type": "way", "osm_id": 329377714, "negative_class": "forest_track", "name": "", "osm_tags": "highway=track;surface=ground"}}, {"type": "Feature", "geometry": {"type": "Point", "coordinates": [-8.240695, 43.4448301]}, "properties": {"osm_type": "way", "osm_id": 702271242, "negative_class": "forest_track", "name": "", "osm_tags": "highway=track;surface=ground"}}, {"type": "Feature", "geometry": {"type": "Point", "coordinates": [-8.1532281, 43.5433948]}, "properties": {"osm_type": "way", "osm_id": 50576287, "negative_class": "forest_track", "name": "", "osm_tags": "highway=track;surface=dirt"}}, {"type": "Feature", "geometry": {"type": "Point", "coordinates": [-8.2614121, 43.5528464]}, "properties": {"osm_type": "way", "osm_id": 33909337, "negative_class": "forest_track", "name": "", "osm_tags": "highway=track;surface=dirt"}}, {"type": "Feature", "geometry": {"type": "Point", "coordinates": [-8.1543626, 43.4672447]}, "properties": {"osm_type": "way", "osm_id": 549589247, "negative_class": "forest_track", "name": "", "osm_tags": "highway=track;surface=ground"}}, {"type": "Feature", "geometry": {"type": "Point", "coordinates": [-8.1451411, 43.5380881]}, "properties": {"osm_type": "way", "osm_id": 36781717, "negative_class": "forest_track", "name": "", "osm_tags": "highway=track;surface=gravel"}}, {"type": "Feature", "geometry": {"type": "Point", "coordinates": [-8.1513678, 43.4669914]}, "properties": {"osm_type": "way", "osm_id": 1124616514, "negative_class": "forest_track", "name": "", "osm_tags": "highway=track;surface=ground"}}, {"type": "Feature", "geometry": {"type": "Point", "coordinates": [-8.2353148, 43.5151339]}, "properties": {"osm_type": "way", "osm_id": 159764238, "negative_class": "forest_track", "name": "", "osm_tags": "highway=track;surface=dirt"}}, {"type": "Feature", "geometry": {"type": "Point", "coordinates": [-7.9771428, 43.5388363]}, "properties": {"osm_type": "way", "osm_id": 329368629, "negative_class": "forest_track", "name": "", "osm_tags": "highway=track;surface=ground"}}, {"type": "Feature", "geometry": {"type": "Point", "coordinates": [-8.1220261, 43.6417503]}, "properties": {"osm_type": "way", "osm_id": 274121441, "negative_class": "forest_track", "name": "", "osm_tags": "highway=track;surface=ground"}}, {"type": "Feature", "geometry": {"type": "Point", "coordinates": [-8.146612, 43.4877951]}, "properties": {"osm_type": "way", "osm_id": 1122847784, "negative_class": "forest_track", "name": "", "osm_tags": "highway=track;surface=ground"}}, {"type": "Feature", "geometry": {"type": "Point", "coordinates": [-8.246808, 43.4500383]}, "properties": {"osm_type": "way", "osm_id": 40025034, "negative_class": "forest_track", "name": "", "osm_tags": "highway=track;surface=unpaved"}}, {"type": "Feature", "geometry": {"type": "Point", "coordinates": [-8.1543985, 43.4822924]}, "properties": {"osm_type": "way", "osm_id": 1123719261, "negative_class": "forest_track", "name": "", "osm_tags": "highway=track;surface=ground"}}, {"type": "Feature", "geometry": {"type": "Point", "coordinates": [-8.0691202, 43.5542484]}, "properties": {"osm_type": "way", "osm_id": 1279374962, "negative_class": "forest_track", "name": "", "osm_tags": "highway=track;surface=dirt"}}, {"type": "Feature", "geometry": {"type": "Point", "coordinates": [-8.1676518, 43.5525904]}, "properties": {"osm_type": "way", "osm_id": 874890055, "negative_class": "forest_track", "name": "", "osm_tags": "highway=track;surface=dirt"}}, {"type": "Feature", "geometry": {"type": "Point", "coordinates": [-7.9452984, 43.6487726]}, "properties": {"osm_type": "way", "osm_id": 311440729, "negative_class": "forest_track", "name": "", "osm_tags": "highway=track;surface=ground"}}, {"type": "Feature", "geometry": {"type": "Point", "coordinates": [-8.1223734, 43.5941118]}, "properties": {"osm_type": "way", "osm_id": 222653301, "negative_class": "forest_track", "name": "", "osm_tags": "highway=track;surface=dirt"}}, {"type": "Feature", "geometry": {"type": "Point", "coordinates": [-8.2321176, 43.4537899]}, "properties": {"osm_type": "way", "osm_id": 618743658, "negative_class": "forest_track", "name": "", "osm_tags": "highway=track;surface=unpaved"}}, {"type": "Feature", "geometry": {"type": "Point", "coordinates": [-8.2321002, 43.5308118]}, "properties": {"osm_type": "way", "osm_id": 207222134, "negative_class": "forest_track", "name": "", "osm_tags": "highway=track;surface=dirt"}}, {"type": "Feature", "geometry": {"type": "Point", "coordinates": [-8.2391858, 43.4428051]}, "properties": {"osm_type": "way", "osm_id": 40022798, "negative_class": "forest_track", "name": "", "osm_tags": "highway=track;surface=dirt"}}, {"type": "Feature", "geometry": {"type": "Point", "coordinates": [-7.9593751, 43.5712219]}, "properties": {"osm_type": "way", "osm_id": 464939640, "negative_class": "forest_track", "name": "", "osm_tags": "highway=track;surface=unpaved"}}, {"type": "Feature", "geometry": {"type": "Point", "coordinates": [-8.020067, 43.4556145]}, "properties": {"osm_type": "way", "osm_id": 657050039, "negative_class": "forest_track", "name": "", "osm_tags": "highway=track;surface=ground"}}, {"type": "Feature", "geometry": {"type": "Point", "coordinates": [-8.152467, 43.4878616]}, "properties": {"osm_type": "way", "osm_id": 526962270, "negative_class": "forest_track", "name": "", "osm_tags": "highway=track;surface=ground"}}, {"type": "Feature", "geometry": {"type": "Point", "coordinates": [-8.1973836, 43.4435354]}, "properties": {"osm_type": "way", "osm_id": 618743648, "negative_class": "forest_track", "name": "", "osm_tags": "highway=track;surface=unpaved"}}, {"type": "Feature", "geometry": {"type": "Point", "coordinates": [-7.9962567, 43.5432956]}, "properties": {"osm_type": "way", "osm_id": 329372448, "negative_class": "forest_track", "name": "", "osm_tags": "highway=track;surface=ground"}}, {"type": "Feature", "geometry": {"type": "Point", "coordinates": [-8.1817298, 43.5942034]}, "properties": {"osm_type": "way", "osm_id": 214244012, "negative_class": "forest_track", "name": "", "osm_tags": "highway=track;surface=fine_gravel"}}, {"type": "Feature", "geometry": {"type": "Point", "coordinates": [-8.3082743, 43.451088]}, "properties": {"osm_type": "way", "osm_id": 220234067, "negative_class": "forest_track", "name": "", "osm_tags": "highway=track;surface=ground"}}, {"type": "Feature", "geometry": {"type": "Point", "coordinates": [-8.0010819, 43.5418581]}, "properties": {"osm_type": "way", "osm_id": 329373421, "negative_class": "forest_track", "name": "", "osm_tags": "highway=track;surface=ground"}}, {"type": "Feature", "geometry": {"type": "Point", "coordinates": [-7.9938933, 43.6348967]}, "properties": {"osm_type": "way", "osm_id": 281198042, "negative_class": "forest_track", "name": "", "osm_tags": "highway=track;surface=gravel"}}, {"type": "Feature", "geometry": {"type": "Point", "coordinates": [-8.1232857, 43.639049]}, "properties": {"osm_type": "way", "osm_id": 274139494, "negative_class": "forest_track", "name": "", "osm_tags": "highway=track;surface=ground"}}, {"type": "Feature", "geometry": {"type": "Point", "coordinates": [-7.9918102, 43.5422956]}, "properties": {"osm_type": "way", "osm_id": 329372392, "negative_class": "forest_track", "name": "", "osm_tags": "highway=track;surface=ground"}}, {"type": "Feature", "geometry": {"type": "Point", "coordinates": [-8.0611577, 43.6772227]}, "properties": {"osm_type": "way", "osm_id": 1086306203, "negative_class": "forest_track", "name": "", "osm_tags": "highway=track;surface=unpaved"}}, {"type": "Feature", "geometry": {"type": "Point", "coordinates": [-7.9958334, 43.5831752]}, "properties": {"osm_type": "way", "osm_id": 275091528, "negative_class": "forest_track", "name": "", "osm_tags": "highway=track;surface=gravel"}}, {"type": "Feature", "geometry": {"type": "Point", "coordinates": [-8.0247574, 43.4297973]}, "properties": {"osm_type": "way", "osm_id": 656961313, "negative_class": "forest_track", "name": "", "osm_tags": "highway=track;surface=unpaved"}}, {"type": "Feature", "geometry": {"type": "Point", "coordinates": [-7.9892186, 43.556476]}, "properties": {"osm_type": "way", "osm_id": 281277084, "negative_class": "forest_track", "name": "", "osm_tags": "highway=track;surface=ground"}}, {"type": "Feature", "geometry": {"type": "Point", "coordinates": [-8.1314801, 43.4774616]}, "properties": {"osm_type": "way", "osm_id": 526858498, "negative_class": "forest_track", "name": "", "osm_tags": "highway=track;surface=dirt"}}, {"type": "Feature", "geometry": {"type": "Point", "coordinates": [-8.0069688, 43.4571988]}, "properties": {"osm_type": "way", "osm_id": 656961323, "negative_class": "forest_track", "name": "", "osm_tags": "highway=track;surface=unpaved"}}, {"type": "Feature", "geometry": {"type": "Point", "coordinates": [-7.9772898, 43.5411189]}, "properties": {"osm_type": "way", "osm_id": 329368686, "negative_class": "forest_track", "name": "", "osm_tags": "highway=track;surface=ground"}}, {"type": "Feature", "geometry": {"type": "Point", "coordinates": [-8.2960021, 43.4364444]}, "properties": {"osm_type": "way", "osm_id": 245898333, "negative_class": "forest_track", "name": "", "osm_tags": "highway=track;surface=ground"}}, {"type": "Feature", "geometry": {"type": "Point", "coordinates": [-7.9557654, 43.6100606]}, "properties": {"osm_type": "way", "osm_id": 281662116, "negative_class": "forest_track", "name": "", "osm_tags": "highway=track;surface=ground"}}, {"type": "Feature", "geometry": {"type": "Point", "coordinates": [-8.1947709, 43.5117499]}, "properties": {"osm_type": "way", "osm_id": 298273376, "negative_class": "forest_track", "name": "", "osm_tags": "highway=track;surface=dirt"}}, {"type": "Feature", "geometry": {"type": "Point", "coordinates": [-7.9650122, 43.6063891]}, "properties": {"osm_type": "way", "osm_id": 281662119, "negative_class": "forest_track", "name": "", "osm_tags": "highway=track;surface=ground"}}, {"type": "Feature", "geometry": {"type": "Point", "coordinates": [-8.207117, 43.5920331]}, "properties": {"osm_type": "way", "osm_id": 737723946, "negative_class": "forest_track", "name": "", "osm_tags": "highway=track;surface=gravel"}}, {"type": "Feature", "geometry": {"type": "Point", "coordinates": [-8.140816, 43.4864868]}, "properties": {"osm_type": "way", "osm_id": 526785570, "negative_class": "forest_track", "name": "Cami\u00f1o de Marrax\u00f3n a Chao de Lotedo", "osm_tags": "highway=track;surface=ground"}}, {"type": "Feature", "geometry": {"type": "Point", "coordinates": [-8.2144552, 43.5829414]}, "properties": {"osm_type": "way", "osm_id": 176247574, "negative_class": "forest_track", "name": "", "osm_tags": "highway=track;surface=fine_gravel"}}, {"type": "Feature", "geometry": {"type": "Point", "coordinates": [-8.1544586, 43.6020267]}, "properties": {"osm_type": "way", "osm_id": 44068785, "negative_class": "forest_track", "name": "Paseo da Lagoa", "osm_tags": "highway=track;surface=gravel"}}, {"type": "Feature", "geometry": {"type": "Point", "coordinates": [-8.0728336, 43.4254672]}, "properties": {"osm_type": "way", "osm_id": 656852951, "negative_class": "forest_track", "name": "", "osm_tags": "highway=track;surface=unpaved"}}, {"type": "Feature", "geometry": {"type": "Point", "coordinates": [-7.9710625, 43.5812934]}, "properties": {"osm_type": "way", "osm_id": 280492123, "negative_class": "forest_track", "name": "", "osm_tags": "highway=track;surface=ground"}}, {"type": "Feature", "geometry": {"type": "Point", "coordinates": [-8.1963056, 43.5124801]}, "properties": {"osm_type": "way", "osm_id": 1201039556, "negative_class": "forest_track", "name": "", "osm_tags": "highway=track;surface=dirt"}}, {"type": "Feature", "geometry": {"type": "Point", "coordinates": [-8.0290239, 43.6311242]}, "properties": {"osm_type": "way", "osm_id": 281672709, "negative_class": "forest_track", "name": "", "osm_tags": "highway=track;surface=ground"}}, {"type": "Feature", "geometry": {"type": "Point", "coordinates": [-7.9762642, 43.5457343]}, "properties": {"osm_type": "way", "osm_id": 1096900042, "negative_class": "forest_track", "name": "", "osm_tags": "highway=track;surface=ground"}}, {"type": "Feature", "geometry": {"type": "Point", "coordinates": [-7.98492, 43.5395755]}, "properties": {"osm_type": "way", "osm_id": 329372012, "negative_class": "forest_track", "name": "", "osm_tags": "highway=track;surface=ground"}}, {"type": "Feature", "geometry": {"type": "Point", "coordinates": [-7.975775, 43.5555192]}, "properties": {"osm_type": "way", "osm_id": 281435065, "negative_class": "forest_track", "name": "", "osm_tags": "highway=track;surface=ground"}}, {"type": "Feature", "geometry": {"type": "Point", "coordinates": [-8.2374958, 43.4418375]}, "properties": {"osm_type": "way", "osm_id": 290529345, "negative_class": "forest_track", "name": "", "osm_tags": "highway=track;surface=dirt"}}, {"type": "Feature", "geometry": {"type": "Point", "coordinates": [-7.9867088, 43.5425443]}, "properties": {"osm_type": "way", "osm_id": 784828546, "negative_class": "forest_track", "name": "", "osm_tags": "highway=track;surface=ground"}}, {"type": "Feature", "geometry": {"type": "Point", "coordinates": [-8.2340249, 43.5227979]}, "properties": {"osm_type": "way", "osm_id": 159764157, "negative_class": "forest_track", "name": "", "osm_tags": "highway=track;surface=dirt"}}, {"type": "Feature", "geometry": {"type": "Point", "coordinates": [-8.1964131, 43.5979172]}, "properties": {"osm_type": "way", "osm_id": 465304888, "negative_class": "forest_track", "name": "", "osm_tags": "highway=track;surface=dirt"}}, {"type": "Feature", "geometry": {"type": "Point", "coordinates": [-8.1370558, 43.5009259]}, "properties": {"osm_type": "way", "osm_id": 527285234, "negative_class": "forest_track", "name": "", "osm_tags": "highway=track;surface=dirt"}}, {"type": "Feature", "geometry": {"type": "Point", "coordinates": [-8.010823, 43.4466146]}, "properties": {"osm_type": "way", "osm_id": 657050028, "negative_class": "forest_track", "name": "", "osm_tags": "highway=track;surface=ground"}}, {"type": "Feature", "geometry": {"type": "Point", "coordinates": [-8.1757312, 43.4411766]}, "properties": {"osm_type": "way", "osm_id": 302437917, "negative_class": "forest_track", "name": "", "osm_tags": "highway=track;surface=dirt"}}, {"type": "Feature", "geometry": {"type": "Point", "coordinates": [-8.1767354, 43.4360827]}, "properties": {"osm_type": "way", "osm_id": 1211004455, "negative_class": "forest_track", "name": "", "osm_tags": "highway=track;surface=ground"}}, {"type": "Feature", "geometry": {"type": "Point", "coordinates": [-7.9803264, 43.5749625]}, "properties": {"osm_type": "way", "osm_id": 280515457, "negative_class": "forest_track", "name": "", "osm_tags": "highway=track;surface=ground"}}, {"type": "Feature", "geometry": {"type": "Point", "coordinates": [-8.1674167, 43.4636838]}, "properties": {"osm_type": "way", "osm_id": 549608691, "negative_class": "forest_track", "name": "Pista de Mund\u00edn", "osm_tags": "highway=track;surface=dirt"}}, {"type": "Feature", "geometry": {"type": "Point", "coordinates": [-8.252992, 43.5203254]}, "properties": {"osm_type": "way", "osm_id": 791003618, "negative_class": "forest_track", "name": "", "osm_tags": "highway=track;surface=unpaved"}}, {"type": "Feature", "geometry": {"type": "Point", "coordinates": [-8.0179222, 43.4531853]}, "properties": {"osm_type": "way", "osm_id": 657050038, "negative_class": "forest_track", "name": "", "osm_tags": "highway=track;surface=unpaved"}}, {"type": "Feature", "geometry": {"type": "Point", "coordinates": [-7.9684938, 43.6059549]}, "properties": {"osm_type": "way", "osm_id": 281664226, "negative_class": "forest_track", "name": "", "osm_tags": "highway=track;surface=ground"}}, {"type": "Feature", "geometry": {"type": "Point", "coordinates": [-8.1803175, 43.6045958]}, "properties": {"osm_type": "way", "osm_id": 737713813, "negative_class": "forest_track", "name": "", "osm_tags": "highway=track;surface=dirt"}}, {"type": "Feature", "geometry": {"type": "Point", "coordinates": [-7.9730063, 43.5406758]}, "properties": {"osm_type": "way", "osm_id": 329422923, "negative_class": "forest_track", "name": "", "osm_tags": "highway=track;surface=ground"}}, {"type": "Feature", "geometry": {"type": "Point", "coordinates": [-8.0069762, 43.7009245]}, "properties": {"osm_type": "way", "osm_id": 1086305083, "negative_class": "forest_track", "name": "Riba de Cortes", "osm_tags": "highway=track;surface=unpaved"}}, {"type": "Feature", "geometry": {"type": "Point", "coordinates": [-8.041535, 43.7054521]}, "properties": {"osm_type": "way", "osm_id": 484256458, "negative_class": "forest_track", "name": "", "osm_tags": "highway=track;surface=unpaved"}}, {"type": "Feature", "geometry": {"type": "Point", "coordinates": [-8.0268737, 43.5411937]}, "properties": {"osm_type": "way", "osm_id": 281283970, "negative_class": "forest_track", "name": "", "osm_tags": "highway=track;surface=ground"}}, {"type": "Feature", "geometry": {"type": "Point", "coordinates": [-8.2072583, 43.4243077]}, "properties": {"osm_type": "way", "osm_id": 33530138, "negative_class": "forest_track", "name": "Cami\u00f1o da Seara", "osm_tags": "highway=track;surface=gravel"}}, {"type": "Feature", "geometry": {"type": "Point", "coordinates": [-8.004798, 43.5640413]}, "properties": {"osm_type": "way", "osm_id": 281180867, "negative_class": "forest_track", "name": "", "osm_tags": "highway=track;surface=gravel"}}, {"type": "Feature", "geometry": {"type": "Point", "coordinates": [-7.9764463, 43.7103034]}, "properties": {"osm_type": "way", "osm_id": 640285372, "negative_class": "forest_track", "name": "", "osm_tags": "highway=track;surface=unpaved"}}, {"type": "Feature", "geometry": {"type": "Point", "coordinates": [-8.1649278, 43.5543299]}, "properties": {"osm_type": "way", "osm_id": 874890054, "negative_class": "forest_track", "name": "", "osm_tags": "highway=track;surface=dirt"}}, {"type": "Feature", "geometry": {"type": "Point", "coordinates": [-8.2919083, 43.4445755]}, "properties": {"osm_type": "way", "osm_id": 222683610, "negative_class": "forest_track", "name": "", "osm_tags": "highway=track;surface=ground"}}, {"type": "Feature", "geometry": {"type": "Point", "coordinates": [-8.1520173, 43.6078702]}, "properties": {"osm_type": "way", "osm_id": 481078540, "negative_class": "forest_track", "name": "", "osm_tags": "highway=track;surface=ground"}}, {"type": "Feature", "geometry": {"type": "Point", "coordinates": [-8.0063245, 43.5837926]}, "properties": {"osm_type": "way", "osm_id": 330331944, "negative_class": "forest_track", "name": "", "osm_tags": "highway=track;surface=ground"}}, {"type": "Feature", "geometry": {"type": "Point", "coordinates": [-8.1643173, 43.5524866]}, "properties": {"osm_type": "way", "osm_id": 837031003, "negative_class": "forest_track", "name": "", "osm_tags": "highway=track;surface=dirt"}}, {"type": "Feature", "geometry": {"type": "Point", "coordinates": [-7.9863072, 43.6202187]}, "properties": {"osm_type": "way", "osm_id": 324186177, "negative_class": "forest_track", "name": "", "osm_tags": "highway=track;surface=ground"}}, {"type": "Feature", "geometry": {"type": "Point", "coordinates": [-8.0657437, 43.469128]}, "properties": {"osm_type": "way", "osm_id": 657049991, "negative_class": "forest_track", "name": "", "osm_tags": "highway=track;surface=unpaved"}}, {"type": "Feature", "geometry": {"type": "Point", "coordinates": [-8.2510868, 43.5132239]}, "properties": {"osm_type": "way", "osm_id": 174859868, "negative_class": "forest_track", "name": "", "osm_tags": "highway=track;surface=unpaved"}}, {"type": "Feature", "geometry": {"type": "Point", "coordinates": [-8.2294413, 43.5039387]}, "properties": {"osm_type": "way", "osm_id": 159764374, "negative_class": "forest_track", "name": "Cami\u00f1o da Seara", "osm_tags": "highway=track;surface=dirt"}}, {"type": "Feature", "geometry": {"type": "Point", "coordinates": [-8.1681646, 43.4507475]}, "properties": {"osm_type": "way", "osm_id": 742858648, "negative_class": "forest_track", "name": "", "osm_tags": "highway=track;surface=ground"}}, {"type": "Feature", "geometry": {"type": "Point", "coordinates": [-8.1243844, 43.5981257]}, "properties": {"osm_type": "way", "osm_id": 857468830, "negative_class": "forest_track", "name": "", "osm_tags": "highway=track;surface=fine_gravel"}}, {"type": "Feature", "geometry": {"type": "Point", "coordinates": [-8.0008268, 43.5280433]}, "properties": {"osm_type": "way", "osm_id": 329376911, "negative_class": "forest_track", "name": "", "osm_tags": "highway=track;surface=ground"}}, {"type": "Feature", "geometry": {"type": "Point", "coordinates": [-8.0188132, 43.6829435]}, "properties": {"osm_type": "way", "osm_id": 281258243, "negative_class": "forest_track", "name": "", "osm_tags": "highway=track;surface=ground"}}, {"type": "Feature", "geometry": {"type": "Point", "coordinates": [-8.0909202, 43.6577537]}, "properties": {"osm_type": "way", "osm_id": 251150552, "negative_class": "forest_track", "name": "", "osm_tags": "highway=track;surface=unpaved"}}, {"type": "Feature", "geometry": {"type": "Point", "coordinates": [-8.1941219, 43.5091381]}, "properties": {"osm_type": "way", "osm_id": 488080372, "negative_class": "forest_track", "name": "", "osm_tags": "highway=track;surface=gravel"}}, {"type": "Feature", "geometry": {"type": "Point", "coordinates": [-7.9771335, 43.5774213]}, "properties": {"osm_type": "way", "osm_id": 281177205, "negative_class": "forest_track", "name": "", "osm_tags": "highway=track;surface=ground"}}, {"type": "Feature", "geometry": {"type": "Point", "coordinates": [-7.999374, 43.5481635]}, "properties": {"osm_type": "way", "osm_id": 329424091, "negative_class": "forest_track", "name": "", "osm_tags": "highway=track;surface=ground"}}, {"type": "Feature", "geometry": {"type": "Point", "coordinates": [-8.2612298, 43.5544245]}, "properties": {"osm_type": "way", "osm_id": 154558739, "negative_class": "forest_track", "name": "", "osm_tags": "highway=track;surface=dirt"}}, {"type": "Feature", "geometry": {"type": "Point", "coordinates": [-8.047802, 43.419584]}, "properties": {"osm_type": "way", "osm_id": 656961317, "negative_class": "forest_track", "name": "", "osm_tags": "highway=track;surface=ground"}}, {"type": "Feature", "geometry": {"type": "Point", "coordinates": [-8.18108, 43.6016963]}, "properties": {"osm_type": "way", "osm_id": 996021013, "negative_class": "forest_track", "name": "", "osm_tags": "highway=track;surface=dirt"}}, {"type": "Feature", "geometry": {"type": "Point", "coordinates": [-8.1598758, 43.5579352]}, "properties": {"osm_type": "way", "osm_id": 249649792, "negative_class": "forest_track", "name": "", "osm_tags": "highway=track;surface=dirt"}}, {"type": "Feature", "geometry": {"type": "Point", "coordinates": [-8.0133651, 43.5599872]}, "properties": {"osm_type": "way", "osm_id": 275096693, "negative_class": "forest_track", "name": "", "osm_tags": "highway=track;surface=ground"}}, {"type": "Feature", "geometry": {"type": "Point", "coordinates": [-8.0329501, 43.476597]}, "properties": {"osm_type": "way", "osm_id": 169510829, "negative_class": "forest_track", "name": "", "osm_tags": "highway=track;surface=unpaved"}}, {"type": "Feature", "geometry": {"type": "Point", "coordinates": [-8.2062051, 43.4263691]}, "properties": {"osm_type": "way", "osm_id": 1419711209, "negative_class": "forest_track", "name": "", "osm_tags": "highway=track;surface=gravel"}}, {"type": "Feature", "geometry": {"type": "Point", "coordinates": [-8.1690375, 43.4522702]}, "properties": {"osm_type": "way", "osm_id": 618772023, "negative_class": "forest_track", "name": "", "osm_tags": "highway=track;surface=unpaved"}}, {"type": "Feature", "geometry": {"type": "Point", "coordinates": [-8.2050866, 43.591039]}, "properties": {"osm_type": "way", "osm_id": 174005252, "negative_class": "forest_track", "name": "", "osm_tags": "highway=track;surface=dirt"}}, {"type": "Feature", "geometry": {"type": "Point", "coordinates": [-8.2037146, 43.563586]}, "properties": {"osm_type": "way", "osm_id": 214214626, "negative_class": "forest_track", "name": "", "osm_tags": "highway=track;surface=gravel"}}, {"type": "Feature", "geometry": {"type": "Point", "coordinates": [-8.1325253, 43.5272735]}, "properties": {"osm_type": "way", "osm_id": 742165658, "negative_class": "forest_track", "name": "", "osm_tags": "highway=track;surface=dirt"}}, {"type": "Feature", "geometry": {"type": "Point", "coordinates": [-8.0063252, 43.529195]}, "properties": {"osm_type": "way", "osm_id": 329377033, "negative_class": "forest_track", "name": "", "osm_tags": "highway=track;surface=ground"}}, {"type": "Feature", "geometry": {"type": "Point", "coordinates": [-7.9787143, 43.5428367]}, "properties": {"osm_type": "way", "osm_id": 1096900043, "negative_class": "forest_track", "name": "", "osm_tags": "highway=track;surface=ground"}}, {"type": "Feature", "geometry": {"type": "Point", "coordinates": [-8.2451421, 43.5090813]}, "properties": {"osm_type": "way", "osm_id": 461757784, "negative_class": "forest_track", "name": "", "osm_tags": "highway=track;surface=unpaved"}}, {"type": "Feature", "geometry": {"type": "Point", "coordinates": [-8.0676613, 43.5547453]}, "properties": {"osm_type": "way", "osm_id": 1279374961, "negative_class": "forest_track", "name": "", "osm_tags": "highway=track;surface=dirt"}}, {"type": "Feature", "geometry": {"type": "Point", "coordinates": [-8.1672349, 43.4386051]}, "properties": {"osm_type": "way", "osm_id": 72611119, "negative_class": "forest_track", "name": "", "osm_tags": "highway=track;surface=unpaved"}}, {"type": "Feature", "geometry": {"type": "Point", "coordinates": [-8.069838, 43.5523288]}, "properties": {"osm_type": "way", "osm_id": 744895626, "negative_class": "forest_track", "name": "", "osm_tags": "highway=track;surface=dirt"}}, {"type": "Feature", "geometry": {"type": "Point", "coordinates": [-8.210426, 43.5782191]}, "properties": {"osm_type": "way", "osm_id": 176252521, "negative_class": "forest_track", "name": "", "osm_tags": "highway=track;surface=dirt"}}, {"type": "Feature", "geometry": {"type": "Point", "coordinates": [-7.9567603, 43.5591544]}, "properties": {"osm_type": "way", "osm_id": 275043150, "negative_class": "forest_track", "name": "", "osm_tags": "highway=track;surface=ground"}}, {"type": "Feature", "geometry": {"type": "Point", "coordinates": [-8.0232952, 43.4541565]}, "properties": {"osm_type": "way", "osm_id": 657050044, "negative_class": "forest_track", "name": "", "osm_tags": "highway=track;surface=ground"}}, {"type": "Feature", "geometry": {"type": "Point", "coordinates": [-7.9888606, 43.5887708]}, "properties": {"osm_type": "way", "osm_id": 275114085, "negative_class": "forest_track", "name": "", "osm_tags": "highway=track;surface=ground"}}, {"type": "Feature", "geometry": {"type": "Point", "coordinates": [-8.1955696, 43.5079539]}, "properties": {"osm_type": "way", "osm_id": 35445039, "negative_class": "forest_track", "name": "", "osm_tags": "highway=track;surface=gravel"}}, {"type": "Feature", "geometry": {"type": "Point", "coordinates": [-7.9847074, 43.546445]}, "properties": {"osm_type": "way", "osm_id": 329372953, "negative_class": "forest_track", "name": "", "osm_tags": "highway=track;surface=gravel"}}, {"type": "Feature", "geometry": {"type": "Point", "coordinates": [-8.2136552, 43.5798486]}, "properties": {"osm_type": "way", "osm_id": 464453838, "negative_class": "forest_track", "name": "", "osm_tags": "highway=track;surface=unpaved"}}, {"type": "Feature", "geometry": {"type": "Point", "coordinates": [-7.9980602, 43.5560095]}, "properties": {"osm_type": "way", "osm_id": 281279113, "negative_class": "forest_track", "name": "", "osm_tags": "highway=track;surface=ground"}}, {"type": "Feature", "geometry": {"type": "Point", "coordinates": [-8.1182719, 43.4367984]}, "properties": {"osm_type": "way", "osm_id": 490279843, "negative_class": "forest_track", "name": "", "osm_tags": "highway=track;surface=unpaved"}}, {"type": "Feature", "geometry": {"type": "Point", "coordinates": [-8.1771574, 43.4946441]}, "properties": {"osm_type": "way", "osm_id": 145174694, "negative_class": "forest_track", "name": "", "osm_tags": "highway=track;surface=unpaved"}}, {"type": "Feature", "geometry": {"type": "Point", "coordinates": [-8.1886345, 43.60956]}, "properties": {"osm_type": "way", "osm_id": 499115903, "negative_class": "forest_track", "name": "", "osm_tags": "highway=track;surface=fine_gravel"}}, {"type": "Feature", "geometry": {"type": "Point", "coordinates": [-7.9806115, 43.543611]}, "properties": {"osm_type": "way", "osm_id": 329374011, "negative_class": "forest_track", "name": "", "osm_tags": "highway=track;surface=ground"}}, {"type": "Feature", "geometry": {"type": "Point", "coordinates": [-7.9728875, 43.618213]}, "properties": {"osm_type": "way", "osm_id": 324187655, "negative_class": "forest_track", "name": "", "osm_tags": "highway=track;surface=ground"}}, {"type": "Feature", "geometry": {"type": "Point", "coordinates": [-8.1786984, 43.4457314]}, "properties": {"osm_type": "way", "osm_id": 594275719, "negative_class": "forest_track", "name": "", "osm_tags": "highway=track;surface=ground"}}, {"type": "Feature", "geometry": {"type": "Point", "coordinates": [-8.2359188, 43.5674983]}, "properties": {"osm_type": "way", "osm_id": 154558726, "negative_class": "forest_track", "name": "Senda Litoral Costa \u00c1rtabra", "osm_tags": "highway=track;surface=dirt"}}, {"type": "Feature", "geometry": {"type": "Point", "coordinates": [-8.2483619, 43.5090426]}, "properties": {"osm_type": "way", "osm_id": 188880096, "negative_class": "forest_track", "name": "", "osm_tags": "highway=track;surface=unpaved"}}, {"type": "Feature", "geometry": {"type": "Point", "coordinates": [-8.1208665, 43.5846255]}, "properties": {"osm_type": "way", "osm_id": 697625228, "negative_class": "forest_track", "name": "", "osm_tags": "highway=track;surface=fine_gravel"}}, {"type": "Feature", "geometry": {"type": "Point", "coordinates": [-8.1372706, 43.4917337]}, "properties": {"osm_type": "way", "osm_id": 690438700, "negative_class": "forest_track", "name": "", "osm_tags": "highway=track;surface=dirt"}}, {"type": "Feature", "geometry": {"type": "Point", "coordinates": [-7.9630131, 43.5511977]}, "properties": {"osm_type": "way", "osm_id": 280515459, "negative_class": "forest_track", "name": "", "osm_tags": "highway=track;surface=ground"}}, {"type": "Feature", "geometry": {"type": "Point", "coordinates": [-8.1641944, 43.600414]}, "properties": {"osm_type": "way", "osm_id": 834034935, "negative_class": "forest_track", "name": "", "osm_tags": "highway=track;surface=dirt"}}, {"type": "Feature", "geometry": {"type": "Point", "coordinates": [-8.1321355, 43.6313534]}, "properties": {"osm_type": "way", "osm_id": 274139496, "negative_class": "forest_track", "name": "", "osm_tags": "highway=track;surface=ground"}}, {"type": "Feature", "geometry": {"type": "Point", "coordinates": [-8.3099923, 43.4525642]}, "properties": {"osm_type": "way", "osm_id": 1545512942, "negative_class": "forest_track", "name": "", "osm_tags": "highway=track;surface=ground"}}, {"type": "Feature", "geometry": {"type": "Point", "coordinates": [-8.1239936, 43.5959548]}, "properties": {"osm_type": "way", "osm_id": 857468829, "negative_class": "forest_track", "name": "", "osm_tags": "highway=track;surface=dirt"}}, {"type": "Feature", "geometry": {"type": "Point", "coordinates": [-8.1392584, 43.5001845]}, "properties": {"osm_type": "way", "osm_id": 1121660985, "negative_class": "forest_track", "name": "", "osm_tags": "highway=track;surface=dirt"}}, {"type": "Feature", "geometry": {"type": "Point", "coordinates": [-8.2101877, 43.5907084]}, "properties": {"osm_type": "way", "osm_id": 465748695, "negative_class": "forest_track", "name": "", "osm_tags": "highway=track;surface=gravel"}}, {"type": "Feature", "geometry": {"type": "Point", "coordinates": [-8.1539765, 43.4924927]}, "properties": {"osm_type": "way", "osm_id": 891684318, "negative_class": "forest_track", "name": "Cami\u00f1o \u00e1 F\u00e1brica do Monte", "osm_tags": "highway=track;surface=ground"}}, {"type": "Feature", "geometry": {"type": "Point", "coordinates": [-8.0109229, 43.5649521]}, "properties": {"osm_type": "way", "osm_id": 678629652, "negative_class": "forest_track", "name": "", "osm_tags": "highway=track;surface=ground"}}, {"type": "Feature", "geometry": {"type": "Point", "coordinates": [-7.9919869, 43.5450543]}, "properties": {"osm_type": "way", "osm_id": 329371621, "negative_class": "forest_track", "name": "", "osm_tags": "highway=track;surface=ground"}}, {"type": "Feature", "geometry": {"type": "Point", "coordinates": [-7.967116, 43.5401043]}, "properties": {"osm_type": "way", "osm_id": 329374250, "negative_class": "forest_track", "name": "", "osm_tags": "highway=track;surface=ground"}}, {"type": "Feature", "geometry": {"type": "Point", "coordinates": [-8.2507171, 43.4419098]}, "properties": {"osm_type": "way", "osm_id": 40125826, "negative_class": "forest_track", "name": "", "osm_tags": "highway=track;surface=dirt"}}, {"type": "Feature", "geometry": {"type": "Point", "coordinates": [-8.0343274, 43.4582902]}, "properties": {"osm_type": "way", "osm_id": 657050010, "negative_class": "forest_track", "name": "", "osm_tags": "highway=track;surface=unpaved"}}, {"type": "Feature", "geometry": {"type": "Point", "coordinates": [-8.1491443, 43.489057]}, "properties": {"osm_type": "way", "osm_id": 1122847778, "negative_class": "forest_track", "name": "", "osm_tags": "highway=track;surface=ground"}}, {"type": "Feature", "geometry": {"type": "Point", "coordinates": [-8.0717896, 43.4229319]}, "properties": {"osm_type": "way", "osm_id": 656961291, "negative_class": "forest_track", "name": "", "osm_tags": "highway=track;surface=unpaved"}}, {"type": "Feature", "geometry": {"type": "Point", "coordinates": [-8.2278341, 43.5358679]}, "properties": {"osm_type": "way", "osm_id": 175124723, "negative_class": "forest_track", "name": "", "osm_tags": "highway=track;surface=dirt"}}, {"type": "Feature", "geometry": {"type": "Point", "coordinates": [-8.1853653, 43.6117262]}, "properties": {"osm_type": "way", "osm_id": 857344200, "negative_class": "forest_track", "name": "", "osm_tags": "highway=track;surface=dirt"}}, {"type": "Feature", "geometry": {"type": "Point", "coordinates": [-8.1513765, 43.538194]}, "properties": {"osm_type": "way", "osm_id": 84346464, "negative_class": "forest_track", "name": "", "osm_tags": "highway=track;surface=dirt"}}, {"type": "Feature", "geometry": {"type": "Point", "coordinates": [-8.0085918, 43.5777984]}, "properties": {"osm_type": "way", "osm_id": 275110843, "negative_class": "forest_track", "name": "", "osm_tags": "highway=track;surface=ground"}}, {"type": "Feature", "geometry": {"type": "Point", "coordinates": [-8.1333931, 43.4819327]}, "properties": {"osm_type": "way", "osm_id": 508707610, "negative_class": "forest_track", "name": "Cami\u00f1o do Coto Do Rei", "osm_tags": "highway=track;surface=ground"}}, {"type": "Feature", "geometry": {"type": "Point", "coordinates": [-8.2110528, 43.574436]}, "properties": {"osm_type": "way", "osm_id": 447271706, "negative_class": "forest_track", "name": "", "osm_tags": "highway=track;surface=dirt"}}, {"type": "Feature", "geometry": {"type": "Point", "coordinates": [-7.9726731, 43.5468664]}, "properties": {"osm_type": "way", "osm_id": 329374010, "negative_class": "forest_track", "name": "", "osm_tags": "highway=track;surface=ground"}}, {"type": "Feature", "geometry": {"type": "Point", "coordinates": [-8.0172413, 43.4507803]}, "properties": {"osm_type": "way", "osm_id": 657050037, "negative_class": "forest_track", "name": "", "osm_tags": "highway=track;surface=unpaved"}}, {"type": "Feature", "geometry": {"type": "Point", "coordinates": [-8.1848372, 43.6190166]}, "properties": {"osm_type": "way", "osm_id": 173999214, "negative_class": "forest_track", "name": "", "osm_tags": "highway=track;surface=unpaved"}}, {"type": "Feature", "geometry": {"type": "Point", "coordinates": [-8.1404509, 43.4540077]}, "properties": {"osm_type": "way", "osm_id": 639316965, "negative_class": "forest_track", "name": "", "osm_tags": "highway=track;surface=ground"}}, {"type": "Feature", "geometry": {"type": "Point", "coordinates": [-8.2166847, 43.5748522]}, "properties": {"osm_type": "way", "osm_id": 640809417, "negative_class": "forest_track", "name": "", "osm_tags": "highway=track;surface=unpaved"}}, {"type": "Feature", "geometry": {"type": "Point", "coordinates": [-8.1557364, 43.4895376]}, "properties": {"osm_type": "way", "osm_id": 527003437, "negative_class": "forest_track", "name": "Cami\u00f1o \u00e1 F\u00e1brica do Monte", "osm_tags": "highway=track;surface=ground"}}, {"type": "Feature", "geometry": {"type": "Point", "coordinates": [-8.2591655, 43.4597515]}, "properties": {"osm_type": "way", "osm_id": 40008975, "negative_class": "forest_track", "name": "Cami\u00f1o do Lousido", "osm_tags": "highway=track;surface=gravel"}}, {"type": "Feature", "geometry": {"type": "Point", "coordinates": [-8.1260389, 43.4610464]}, "properties": {"osm_type": "way", "osm_id": 639316966, "negative_class": "forest_track", "name": "", "osm_tags": "highway=track;surface=ground"}}, {"type": "Feature", "geometry": {"type": "Point", "coordinates": [-8.0386821, 43.6371686]}, "properties": {"osm_type": "way", "osm_id": 1191323557, "negative_class": "forest_track", "name": "", "osm_tags": "highway=track;surface=ground"}}, {"type": "Feature", "geometry": {"type": "Point", "coordinates": [-8.1546403, 43.4643688]}, "properties": {"osm_type": "way", "osm_id": 549589246, "negative_class": "forest_track", "name": "", "osm_tags": "highway=track;surface=ground"}}, {"type": "Feature", "geometry": {"type": "Point", "coordinates": [-8.1728833, 43.4362691]}, "properties": {"osm_type": "way", "osm_id": 549729580, "negative_class": "forest_track", "name": "", "osm_tags": "highway=track;surface=ground"}}, {"type": "Feature", "geometry": {"type": "Point", "coordinates": [-8.005472, 43.6399936]}, "properties": {"osm_type": "way", "osm_id": 260990501, "negative_class": "forest_track", "name": "", "osm_tags": "highway=track;surface=ground"}}, {"type": "Feature", "geometry": {"type": "Point", "coordinates": [-7.987293, 43.5778638]}, "properties": {"osm_type": "way", "osm_id": 281189493, "negative_class": "forest_track", "name": "", "osm_tags": "highway=track;surface=ground"}}, {"type": "Feature", "geometry": {"type": "Point", "coordinates": [-7.9712048, 43.5402985]}, "properties": {"osm_type": "way", "osm_id": 879035589, "negative_class": "forest_track", "name": "", "osm_tags": "highway=track;surface=ground"}}, {"type": "Feature", "geometry": {"type": "Point", "coordinates": [-8.1154316, 43.4750284]}, "properties": {"osm_type": "way", "osm_id": 1123080962, "negative_class": "forest_track", "name": "Cami\u00f1o do Couce", "osm_tags": "highway=track;surface=unpaved"}}, {"type": "Feature", "geometry": {"type": "Point", "coordinates": [-8.0210223, 43.4523337]}, "properties": {"osm_type": "way", "osm_id": 739802269, "negative_class": "forest_track", "name": "", "osm_tags": "highway=track;surface=unpaved"}}, {"type": "Feature", "geometry": {"type": "Point", "coordinates": [-8.0058353, 43.6164733]}, "properties": {"osm_type": "way", "osm_id": 281672707, "negative_class": "forest_track", "name": "", "osm_tags": "highway=track;surface=ground"}}, {"type": "Feature", "geometry": {"type": "Point", "coordinates": [-8.2001486, 43.4346611]}, "properties": {"osm_type": "way", "osm_id": 666680249, "negative_class": "forest_track", "name": "", "osm_tags": "highway=track;surface=ground"}}, {"type": "Feature", "geometry": {"type": "Point", "coordinates": [-8.0895861, 43.6414783]}, "properties": {"osm_type": "way", "osm_id": 324184683, "negative_class": "forest_track", "name": "", "osm_tags": "highway=track;surface=ground"}}, {"type": "Feature", "geometry": {"type": "Point", "coordinates": [-8.031264, 43.4463392]}, "properties": {"osm_type": "way", "osm_id": 657050016, "negative_class": "forest_track", "name": "", "osm_tags": "highway=track;surface=unpaved"}}, {"type": "Feature", "geometry": {"type": "Point", "coordinates": [-8.2310267, 43.5638718]}, "properties": {"osm_type": "way", "osm_id": 841413752, "negative_class": "forest_track", "name": "", "osm_tags": "highway=track;surface=gravel"}}, {"type": "Feature", "geometry": {"type": "Point", "coordinates": [-8.0274893, 43.5800659]}, "properties": {"osm_type": "way", "osm_id": 281290314, "negative_class": "forest_track", "name": "", "osm_tags": "highway=track;surface=ground"}}, {"type": "Feature", "geometry": {"type": "Point", "coordinates": [-8.0282328, 43.6366354]}, "properties": {"osm_type": "way", "osm_id": 1085132406, "negative_class": "forest_track", "name": "", "osm_tags": "highway=track;surface=unpaved"}}, {"type": "Feature", "geometry": {"type": "Point", "coordinates": [-8.1791013, 43.5619408]}, "properties": {"osm_type": "way", "osm_id": 112179424, "negative_class": "forest_track", "name": "", "osm_tags": "highway=track;surface=dirt"}}, {"type": "Feature", "geometry": {"type": "Point", "coordinates": [-8.1642233, 43.5982742]}, "properties": {"osm_type": "way", "osm_id": 312679548, "negative_class": "forest_track", "name": "", "osm_tags": "highway=track;surface=dirt"}}, {"type": "Feature", "geometry": {"type": "Point", "coordinates": [-8.0283238, 43.4285665]}, "properties": {"osm_type": "way", "osm_id": 656961312, "negative_class": "forest_track", "name": "", "osm_tags": "highway=track;surface=ground"}}, {"type": "Feature", "geometry": {"type": "Point", "coordinates": [-8.1710817, 43.4383413]}, "properties": {"osm_type": "way", "osm_id": 203129897, "negative_class": "forest_track", "name": "", "osm_tags": "highway=track;surface=unpaved"}}, {"type": "Feature", "geometry": {"type": "Point", "coordinates": [-8.1495314, 43.4431545]}, "properties": {"osm_type": "way", "osm_id": 1127704051, "negative_class": "forest_track", "name": "Cami\u00f1o de Ventin a Barreiras", "osm_tags": "highway=track;surface=unpaved"}}, {"type": "Feature", "geometry": {"type": "Point", "coordinates": [-7.9686968, 43.5142491]}, "properties": {"osm_type": "node", "osm_id": 6297387585, "negative_class": "medieval_structure", "name": "Torre das Mestas", "osm_tags": "historic=castle"}}, {"type": "Feature", "geometry": {"type": "Point", "coordinates": [-8.2857931, 43.4520561]}, "properties": {"osm_type": "way", "osm_id": 373188735, "negative_class": "medieval_structure", "name": "Bater\u00eda antia\u00e9rea monol\u00edtica de Montefaro", "osm_tags": "historic=ruins"}}, {"type": "Feature", "geometry": {"type": "Point", "coordinates": [-8.0120287, 43.5537549]}, "properties": {"osm_type": "way", "osm_id": 330094665, "negative_class": "medieval_structure", "name": "Igrexa de San Xo\u00e1n de Moeche", "osm_tags": "building=church"}}, {"type": "Feature", "geometry": {"type": "Point", "coordinates": [-8.2517269, 43.4603181]}, "properties": {"osm_type": "way", "osm_id": 378454840, "negative_class": "medieval_structure", "name": "", "osm_tags": "historic=ruins"}}, {"type": "Feature", "geometry": {"type": "Point", "coordinates": [-8.2222323, 43.5007885]}, "properties": {"osm_type": "way", "osm_id": 460804466, "negative_class": "medieval_structure", "name": "Igrexa de San Pablo", "osm_tags": "building=church"}}, {"type": "Feature", "geometry": {"type": "Point", "coordinates": [-8.2114711, 43.5549857]}, "properties": {"osm_type": "way", "osm_id": 191472720, "negative_class": "medieval_structure", "name": "Igrexa de Santa Mar\u00eda a Maior do Val", "osm_tags": "building=church"}}, {"type": "Feature", "geometry": {"type": "Point", "coordinates": [-8.2807087, 43.4554633]}, "properties": {"osm_type": "way", "osm_id": 373188727, "negative_class": "medieval_structure", "name": "", "osm_tags": "building=yes;historic=ruins"}}, {"type": "Feature", "geometry": {"type": "Point", "coordinates": [-8.2137814, 43.495737]}, "properties": {"osm_type": "way", "osm_id": 251862611, "negative_class": "medieval_structure", "name": "Igrexa de San Xo\u00e1n de Filgueira", "osm_tags": "building=church"}}, {"type": "Feature", "geometry": {"type": "Point", "coordinates": [-8.3032436, 43.511411]}, "properties": {"osm_type": "way", "osm_id": 326016399, "negative_class": "medieval_structure", "name": "Igrexa de San Xurxo da Mari\u00f1a", "osm_tags": "building=church"}}, {"type": "Feature", "geometry": {"type": "Point", "coordinates": [-8.3116315, 43.4536338]}, "properties": {"osm_type": "way", "osm_id": 373188740, "negative_class": "medieval_structure", "name": "", "osm_tags": "building=bunker;historic=ruins"}}, {"type": "Feature", "geometry": {"type": "Point", "coordinates": [-8.1544457, 43.5043712]}, "properties": {"osm_type": "way", "osm_id": 84424294, "negative_class": "medieval_structure", "name": "Igrexa de Santa Mar\u00eda de Neda", "osm_tags": "building=church"}}, {"type": "Feature", "geometry": {"type": "Point", "coordinates": [-8.1750348, 43.4231267]}, "properties": {"osm_type": "way", "osm_id": 373103235, "negative_class": "medieval_structure", "name": "Igrexa de San Marti\u00f1o do Porto", "osm_tags": "building=church"}}, {"type": "Feature", "geometry": {"type": "Point", "coordinates": [-8.322251, 43.4738317]}, "properties": {"osm_type": "node", "osm_id": 3742856340, "negative_class": "medieval_structure", "name": "Bater\u00eda de Lobateiras", "osm_tags": "historic=ruins"}}, {"type": "Feature", "geometry": {"type": "Point", "coordinates": [-8.3132833, 43.4436937]}, "properties": {"osm_type": "way", "osm_id": 373884128, "negative_class": "medieval_structure", "name": "", "osm_tags": "building=bunker;historic=ruins"}}, {"type": "Feature", "geometry": {"type": "Point", "coordinates": [-8.1988104, 43.4961219]}, "properties": {"osm_type": "way", "osm_id": 160175503, "negative_class": "medieval_structure", "name": "Igrexa de Santiago Ap\u00f3stolo de Xuvia", "osm_tags": "building=church"}}, {"type": "Feature", "geometry": {"type": "Point", "coordinates": [-8.0322938, 43.6764845]}, "properties": {"osm_type": "way", "osm_id": 1305742807, "negative_class": "medieval_structure", "name": "Igrexa de Santa Mar\u00eda de R\u00e9goa", "osm_tags": "building=church"}}, {"type": "Feature", "geometry": {"type": "Point", "coordinates": [-8.0859827, 43.4984806]}, "properties": {"osm_type": "way", "osm_id": 618313321, "negative_class": "medieval_structure", "name": "Igrexa de Santa Mar\u00eda de Nara\u00edo", "osm_tags": "building=church"}}, {"type": "Feature", "geometry": {"type": "Point", "coordinates": [-8.2775306, 43.453406]}, "properties": {"osm_type": "way", "osm_id": 373188730, "negative_class": "medieval_structure", "name": "Polvor\u00edn de Bordocedo", "osm_tags": "building=yes;historic=ruins"}}, {"type": "Feature", "geometry": {"type": "Point", "coordinates": [-8.2744625, 43.4430151]}, "properties": {"osm_type": "way", "osm_id": 373091266, "negative_class": "medieval_structure", "name": "Igrexa de San Pedro de Cerv\u00e1s", "osm_tags": "building=church"}}, {"type": "Feature", "geometry": {"type": "Point", "coordinates": [-8.2659877, 43.5545423]}, "properties": {"osm_type": "way", "osm_id": 176334554, "negative_class": "medieval_structure", "name": "Lavadoiro de Ouro", "osm_tags": "historic=ruins"}}, {"type": "Feature", "geometry": {"type": "Point", "coordinates": [-8.2136318, 43.4507299]}, "properties": {"osm_type": "way", "osm_id": 256171194, "negative_class": "medieval_structure", "name": "Igrexa de Santiago de Franza", "osm_tags": "building=church"}}, {"type": "Feature", "geometry": {"type": "Point", "coordinates": [-8.2669623, 43.4681307]}, "properties": {"osm_type": "node", "osm_id": 11980870082, "negative_class": "medieval_structure", "name": "Bater\u00eda de San Xuli\u00e1n", "osm_tags": "historic=ruins"}}, {"type": "Feature", "geometry": {"type": "Point", "coordinates": [-8.3226448, 43.4763482]}, "properties": {"osm_type": "node", "osm_id": 5966202837, "negative_class": "medieval_structure", "name": "Poste obsertaion de tirs", "osm_tags": "historic=ruins"}}, {"type": "Feature", "geometry": {"type": "Point", "coordinates": [-8.0874954, 43.6046604]}, "properties": {"osm_type": "way", "osm_id": 289109715, "negative_class": "medieval_structure", "name": "Igrexa de San Pedro de Loira", "osm_tags": "building=church"}}, {"type": "Feature", "geometry": {"type": "Point", "coordinates": [-8.2394302, 43.4873252]}, "properties": {"osm_type": "way", "osm_id": 36904524, "negative_class": "medieval_structure", "name": "Igrexa de San Rosendo de Canido", "osm_tags": "building=church"}}, {"type": "Feature", "geometry": {"type": "Point", "coordinates": [-8.340034, 43.4586495]}, "properties": {"osm_type": "way", "osm_id": 975009946, "negative_class": "medieval_structure", "name": "Bater\u00eda de Priori\u00f1o Chico", "osm_tags": "historic=ruins"}}, {"type": "Feature", "geometry": {"type": "Point", "coordinates": [-8.3368635, 43.4718012]}, "properties": {"osm_type": "node", "osm_id": 5966202535, "negative_class": "medieval_structure", "name": "Poste observation tirs", "osm_tags": "historic=ruins"}}, {"type": "Feature", "geometry": {"type": "Point", "coordinates": [-8.2895999, 43.4516393]}, "properties": {"osm_type": "way", "osm_id": 220232866, "negative_class": "medieval_structure", "name": "", "osm_tags": "building=bunker;historic=ruins"}}, {"type": "Feature", "geometry": {"type": "Point", "coordinates": [-8.2879637, 43.450613]}, "properties": {"osm_type": "way", "osm_id": 669132543, "negative_class": "medieval_structure", "name": "", "osm_tags": "building=bunker;historic=ruins"}}, {"type": "Feature", "geometry": {"type": "Point", "coordinates": [-7.9928492, 43.5500172]}, "properties": {"osm_type": "way", "osm_id": 171955712, "negative_class": "medieval_structure", "name": "Castelo de Moeche", "osm_tags": "building=yes;historic=castle"}}, {"type": "Feature", "geometry": {"type": "Point", "coordinates": [-8.1356746, 43.5993464]}, "properties": {"osm_type": "way", "osm_id": 266901195, "negative_class": "medieval_structure", "name": "Igrexa de Santa Eulalia", "osm_tags": "building=church"}}, {"type": "Feature", "geometry": {"type": "Point", "coordinates": [-8.1139903, 43.4825675]}, "properties": {"osm_type": "way", "osm_id": 1069372478, "negative_class": "medieval_structure", "name": "Igrexa de Santo Andres de Viladonelle", "osm_tags": "building=church"}}, {"type": "Feature", "geometry": {"type": "Point", "coordinates": [-8.0568421, 43.6610505]}, "properties": {"osm_type": "way", "osm_id": 232194918, "negative_class": "medieval_structure", "name": "Igrexa de Santa Mar\u00eda do Mar de Cedeira", "osm_tags": "building=church"}}, {"type": "Feature", "geometry": {"type": "Point", "coordinates": [-8.1414375, 43.5523094]}, "properties": {"osm_type": "way", "osm_id": 258636365, "negative_class": "medieval_structure", "name": "Igrexa de Santo Estevo de Sedes", "osm_tags": "building=church"}}, {"type": "Feature", "geometry": {"type": "Point", "coordinates": [-8.0348327, 43.5643139]}, "properties": {"osm_type": "way", "osm_id": 303284497, "negative_class": "medieval_structure", "name": "Igrexa de Santa Mar\u00eda de Bardaos", "osm_tags": "building=church"}}, {"type": "Feature", "geometry": {"type": "Point", "coordinates": [-8.174282, 43.4979723]}, "properties": {"osm_type": "way", "osm_id": 34054843, "negative_class": "medieval_structure", "name": "Mosteiro de San Marti\u00f1o de Xuvia", "osm_tags": "building=church;historic=monastery"}}, {"type": "Feature", "geometry": {"type": "Point", "coordinates": [-8.1638159, 43.5938542]}, "properties": {"osm_type": "way", "osm_id": 305453122, "negative_class": "medieval_structure", "name": "Igrexa de Santiago de Lago", "osm_tags": "building=church"}}, {"type": "Feature", "geometry": {"type": "Point", "coordinates": [-8.2261011, 43.4815895]}, "properties": {"osm_type": "way", "osm_id": 276515254, "negative_class": "medieval_structure", "name": "Igrexa de Santo Amaro de Esteiro", "osm_tags": "building=church"}}, {"type": "Feature", "geometry": {"type": "Point", "coordinates": [-8.2547308, 43.4610182]}, "properties": {"osm_type": "way", "osm_id": 655946964, "negative_class": "medieval_structure", "name": "", "osm_tags": "historic=ruins"}}, {"type": "Feature", "geometry": {"type": "Point", "coordinates": [-8.1464835, 43.4777601]}, "properties": {"osm_type": "way", "osm_id": 508029043, "negative_class": "medieval_structure", "name": "Igrexa Parroquial Santa Mari\u00f1a de Sillobre", "osm_tags": "building=church"}}, {"type": "Feature", "geometry": {"type": "Point", "coordinates": [-8.3170046, 43.5600395]}, "properties": {"osm_type": "node", "osm_id": 4167867947, "negative_class": "medieval_structure", "name": "Bater\u00eda costeira do Cabo Prior", "osm_tags": "historic=ruins"}}, {"type": "Feature", "geometry": {"type": "Point", "coordinates": [-8.2229905, 43.481678]}, "properties": {"osm_type": "way", "osm_id": 192305391, "negative_class": "medieval_structure", "name": "Igrexa de Santo Amaro de Esteiro", "osm_tags": "building=church"}}, {"type": "Feature", "geometry": {"type": "Point", "coordinates": [-8.2259453, 43.4948759]}, "properties": {"osm_type": "way", "osm_id": 190797574, "negative_class": "medieval_structure", "name": "Igrexa de Santa Mari\u00f1a do Vilar", "osm_tags": "building=church"}}, {"type": "Feature", "geometry": {"type": "Point", "coordinates": [-8.2915688, 43.5016208]}, "properties": {"osm_type": "way", "osm_id": 326008419, "negative_class": "medieval_structure", "name": "", "osm_tags": "historic=ruins"}}, {"type": "Feature", "geometry": {"type": "Point", "coordinates": [-8.2721897, 43.5448711]}, "properties": {"osm_type": "way", "osm_id": 462435130, "negative_class": "medieval_structure", "name": "Igrexa Vella de de San Marti\u00f1o de Covas", "osm_tags": "building=church"}}, {"type": "Feature", "geometry": {"type": "Point", "coordinates": [-8.2030306, 43.5177623]}, "properties": {"osm_type": "way", "osm_id": 490135334, "negative_class": "medieval_structure", "name": "Igrexa de San Pedro de Leixa", "osm_tags": "building=church"}}, {"type": "Feature", "geometry": {"type": "Point", "coordinates": [-8.2123819, 43.4862286]}, "properties": {"osm_type": "way", "osm_id": 375738435, "negative_class": "medieval_structure", "name": "Igrexa do Sagrado Coraz\u00f3n de Caranza", "osm_tags": "building=church"}}, {"type": "Feature", "geometry": {"type": "Point", "coordinates": [-8.2847506, 43.4489471]}, "properties": {"osm_type": "way", "osm_id": 220234848, "negative_class": "medieval_structure", "name": "", "osm_tags": "building=yes;historic=ruins"}}, {"type": "Feature", "geometry": {"type": "Point", "coordinates": [-8.2699616, 43.4619517]}, "properties": {"osm_type": "way", "osm_id": 375512053, "negative_class": "medieval_structure", "name": "", "osm_tags": "building=yes;historic=ruins"}}, {"type": "Feature", "geometry": {"type": "Point", "coordinates": [-8.1630344, 43.5775408]}, "properties": {"osm_type": "way", "osm_id": 474426317, "negative_class": "medieval_structure", "name": "Igrexa de San Bartolomeu de Lourido", "osm_tags": "building=church"}}, {"type": "Feature", "geometry": {"type": "Point", "coordinates": [-8.20422, 43.4986549]}, "properties": {"osm_type": "way", "osm_id": 457323635, "negative_class": "medieval_structure", "name": "", "osm_tags": "historic=ruins"}}, {"type": "Feature", "geometry": {"type": "Point", "coordinates": [-8.1087309, 43.536003]}, "properties": {"osm_type": "way", "osm_id": 190855951, "negative_class": "medieval_structure", "name": "Igrexa de San Salvador de Pedroso", "osm_tags": "building=church"}}, {"type": "Feature", "geometry": {"type": "Point", "coordinates": [-8.3257367, 43.4737901]}, "properties": {"osm_type": "node", "osm_id": 3742856339, "negative_class": "medieval_structure", "name": "Bater\u00eda de Lobateiras", "osm_tags": "historic=ruins"}}, {"type": "Feature", "geometry": {"type": "Point", "coordinates": [-8.1801237, 43.5103503]}, "properties": {"osm_type": "way", "osm_id": 221671181, "negative_class": "medieval_structure", "name": "Igrexa da Nosa Se\u00f1ora dos Desamparados de Xuvia", "osm_tags": "building=church"}}, {"type": "Feature", "geometry": {"type": "Point", "coordinates": [-8.1517808, 43.5172239]}, "properties": {"osm_type": "way", "osm_id": 190794280, "negative_class": "medieval_structure", "name": "Mu\u00ed\u00f1o de Xuvia", "osm_tags": "building=yes;historic=ruins;man_made=watermill"}}, {"type": "Feature", "geometry": {"type": "Point", "coordinates": [-8.2610512, 43.4824926]}, "properties": {"osm_type": "way", "osm_id": 456474814, "negative_class": "medieval_structure", "name": "Igrexa de Santa Rosa de Viterbo da Gra\u00f1a", "osm_tags": "building=church"}}, {"type": "Feature", "geometry": {"type": "Point", "coordinates": [-8.2735578, 43.462252]}, "properties": {"osm_type": "way", "osm_id": 543865901, "negative_class": "medieval_structure", "name": "", "osm_tags": "building=yes;historic=ruins"}}, {"type": "Feature", "geometry": {"type": "Point", "coordinates": [-8.2033909, 43.4212528]}, "properties": {"osm_type": "way", "osm_id": 410303165, "negative_class": "medieval_structure", "name": "Bater\u00eda de Redes", "osm_tags": "historic=ruins"}}, {"type": "Feature", "geometry": {"type": "Point", "coordinates": [-8.1396593, 43.4444414]}, "properties": {"osm_type": "way", "osm_id": 1285325753, "negative_class": "medieval_structure", "name": "Igrexa de Santa Cruz do Salto", "osm_tags": "building=church"}}, {"type": "Feature", "geometry": {"type": "Point", "coordinates": [-8.2285809, 43.482904]}, "properties": {"osm_type": "way", "osm_id": 32923565, "negative_class": "medieval_structure", "name": "Igrexa das Angustias", "osm_tags": "building=church;historic=church"}}, {"type": "Feature", "geometry": {"type": "Point", "coordinates": [-8.1667439, 43.5299756]}, "properties": {"osm_type": "way", "osm_id": 190852552, "negative_class": "medieval_structure", "name": "Igrexa de San Xiao de Nar\u00f3n", "osm_tags": "building=church"}}, {"type": "Feature", "geometry": {"type": "Point", "coordinates": [-8.2570376, 43.4600635]}, "properties": {"osm_type": "way", "osm_id": 375208994, "negative_class": "medieval_structure", "name": "", "osm_tags": "historic=ruins"}}, {"type": "Feature", "geometry": {"type": "Point", "coordinates": [-8.0674757, 43.4259585]}, "properties": {"osm_type": "way", "osm_id": 656852943, "negative_class": "medieval_structure", "name": "Igrexa de Santiago da Capela", "osm_tags": "building=church"}}, {"type": "Feature", "geometry": {"type": "Point", "coordinates": [-8.1130073, 43.4522893]}, "properties": {"osm_type": "way", "osm_id": 1285340630, "negative_class": "medieval_structure", "name": "Igrexa de San Vicente de Regoela", "osm_tags": "building=church"}}, {"type": "Feature", "geometry": {"type": "Point", "coordinates": [-8.2065313, 43.4771459]}, "properties": {"osm_type": "way", "osm_id": 36442808, "negative_class": "medieval_structure", "name": "Igrexa de Santa Mar\u00eda de Caranza", "osm_tags": "building=chapel;historic=church"}}, {"type": "Feature", "geometry": {"type": "Point", "coordinates": [-7.9574521, 43.4750354]}, "properties": {"osm_type": "way", "osm_id": 657257559, "negative_class": "medieval_structure", "name": "Igrexa de San Xo\u00e1n de Seoane", "osm_tags": "building=church"}}, {"type": "Feature", "geometry": {"type": "Point", "coordinates": [-8.2689231, 43.4914041]}, "properties": {"osm_type": "way", "osm_id": 461692482, "negative_class": "medieval_structure", "name": "Igrexa de Santo Antonio da Cabana", "osm_tags": "building=church"}}, {"type": "Feature", "geometry": {"type": "Point", "coordinates": [-8.0134259, 43.4991999]}, "properties": {"osm_type": "way", "osm_id": 1284527910, "negative_class": "medieval_structure", "name": "Igrexa de Santa Mar\u00eda de Igrexafeita", "osm_tags": "building=church"}}, {"type": "Feature", "geometry": {"type": "Point", "coordinates": [-8.1092246, 43.5023949]}, "properties": {"osm_type": "way", "osm_id": 132933395, "negative_class": "medieval_structure", "name": "Igrexa de San Pedro de Anca", "osm_tags": "building=church"}}, {"type": "Feature", "geometry": {"type": "Point", "coordinates": [-8.3085064, 43.4439824]}, "properties": {"osm_type": "way", "osm_id": 373884124, "negative_class": "medieval_structure", "name": "Bater\u00edas de Obuses de Sudova", "osm_tags": "building=bunker;historic=ruins"}}, {"type": "Feature", "geometry": {"type": "Point", "coordinates": [-7.9841049, 43.709041]}, "properties": {"osm_type": "way", "osm_id": 405403572, "negative_class": "medieval_structure", "name": "Santuario de Santo Andr\u00e9 de Teixido", "osm_tags": "building=church;historic=church"}}, {"type": "Feature", "geometry": {"type": "Point", "coordinates": [-8.2819235, 43.4513538]}, "properties": {"osm_type": "way", "osm_id": 373188732, "negative_class": "medieval_structure", "name": "", "osm_tags": "building=warehouse;historic=ruins"}}, {"type": "Feature", "geometry": {"type": "Point", "coordinates": [-8.177911, 43.5088253]}, "properties": {"osm_type": "way", "osm_id": 375913315, "negative_class": "medieval_structure", "name": "", "osm_tags": "historic=ruins"}}, {"type": "Feature", "geometry": {"type": "Point", "coordinates": [-8.0436208, 43.5457549]}, "properties": {"osm_type": "way", "osm_id": 1284618965, "negative_class": "medieval_structure", "name": "Igrexa de San Xiao de Lamas", "osm_tags": "building=church"}}, {"type": "Feature", "geometry": {"type": "Point", "coordinates": [-8.2888759, 43.4970512]}, "properties": {"osm_type": "way", "osm_id": 220163390, "negative_class": "medieval_structure", "name": "Igrexa de San Rom\u00e1n de Doni\u00f1os", "osm_tags": "building=church"}}, {"type": "Feature", "geometry": {"type": "Point", "coordinates": [-8.2456176, 43.425021]}, "properties": {"osm_type": "way", "osm_id": 236423881, "negative_class": "medieval_structure", "name": "Igrexa de San Xos\u00e9 de Ares", "osm_tags": "building=church"}}, {"type": "Feature", "geometry": {"type": "Point", "coordinates": [-8.2408439, 43.5312873]}, "properties": {"osm_type": "way", "osm_id": 170421075, "negative_class": "medieval_structure", "name": "Igrexa de Santa Ux\u00eda de Mandi\u00e1", "osm_tags": "building=church"}}, {"type": "Feature", "geometry": {"type": "Point", "coordinates": [-8.0764372, 43.4554916]}, "properties": {"osm_type": "way", "osm_id": 656856335, "negative_class": "medieval_structure", "name": "Igrexa de Santa Mar\u00eda de Cabalar", "osm_tags": "building=church"}}, {"type": "Feature", "geometry": {"type": "Point", "coordinates": [-8.304013, 43.4656612]}, "properties": {"osm_type": "node", "osm_id": 387206755, "negative_class": "medieval_structure", "name": "Bater\u00eda de San Cristovo", "osm_tags": "historic=ruins"}}, {"type": "Feature", "geometry": {"type": "Point", "coordinates": [-8.1025011, 43.6100587]}, "properties": {"osm_type": "way", "osm_id": 633022122, "negative_class": "medieval_structure", "name": "Igrexa vella de San Pedro de Loira", "osm_tags": "building=church"}}, {"type": "Feature", "geometry": {"type": "Point", "coordinates": [-8.0949361, 43.4261966]}, "properties": {"osm_type": "way", "osm_id": 1285328491, "negative_class": "medieval_structure", "name": "Igrexa de Santa Olaia de Soaserra", "osm_tags": "building=church"}}, {"type": "Feature", "geometry": {"type": "Point", "coordinates": [-8.3016949, 43.4540247]}, "properties": {"osm_type": "way", "osm_id": 373188744, "negative_class": "medieval_structure", "name": "Antigo viveiro", "osm_tags": "historic=ruins;landuse=aquaculture"}}, {"type": "Feature", "geometry": {"type": "Point", "coordinates": [-8.1541412, 43.4372565]}, "properties": {"osm_type": "way", "osm_id": 450073002, "negative_class": "medieval_structure", "name": "", "osm_tags": "building=church"}}, {"type": "Feature", "geometry": {"type": "Point", "coordinates": [-7.9971049, 43.5788137]}, "properties": {"osm_type": "way", "osm_id": 329435486, "negative_class": "medieval_structure", "name": "Igrexa de Santiago de Abade", "osm_tags": "building=church"}}, {"type": "Feature", "geometry": {"type": "Point", "coordinates": [-8.0387046, 43.6623987]}, "properties": {"osm_type": "way", "osm_id": 676859819, "negative_class": "medieval_structure", "name": "Igrexa de San Cosme de Pi\u00f1eiro", "osm_tags": "building=church"}}, {"type": "Feature", "geometry": {"type": "Point", "coordinates": [-8.2652186, 43.447835]}, "properties": {"osm_type": "way", "osm_id": 379727840, "negative_class": "medieval_structure", "name": "", "osm_tags": "building=yes;historic=ruins"}}, {"type": "Feature", "geometry": {"type": "Point", "coordinates": [-8.2624073, 43.4790637]}, "properties": {"osm_type": "way", "osm_id": 222498146, "negative_class": "medieval_structure", "name": "Igrexa de Santo Andr\u00e9 da Gra\u00f1a", "osm_tags": "building=church"}}, {"type": "Feature", "geometry": {"type": "Point", "coordinates": [-8.1003681, 43.5591467]}, "properties": {"osm_type": "way", "osm_id": 1382300768, "negative_class": "medieval_structure", "name": "Igrexa de Santa Mari\u00f1a do Monte", "osm_tags": "building=church"}}, {"type": "Feature", "geometry": {"type": "Point", "coordinates": [-8.1929107, 43.5840412]}, "properties": {"osm_type": "way", "osm_id": 465307436, "negative_class": "medieval_structure", "name": "Igrexa de San Vicente de Meir\u00e1s", "osm_tags": "building=church"}}, {"type": "Feature", "geometry": {"type": "Point", "coordinates": [-8.222577, 43.485298]}, "properties": {"osm_type": "way", "osm_id": 34053986, "negative_class": "medieval_structure", "name": "Igrexa de Nosa Se\u00f1ora do Pilar", "osm_tags": "building=church"}}, {"type": "Feature", "geometry": {"type": "Point", "coordinates": [-8.2624109, 43.4609663]}, "properties": {"osm_type": "way", "osm_id": 373189191, "negative_class": "medieval_structure", "name": "Antiga Salaz\u00f3n", "osm_tags": "building=industrial;historic=ruins"}}, {"type": "Feature", "geometry": {"type": "Point", "coordinates": [-7.9975657, 43.6463167]}, "properties": {"osm_type": "way", "osm_id": 405404440, "negative_class": "medieval_structure", "name": "Igrexa de San Rom\u00e1n de Montoxo", "osm_tags": "building=church"}}, {"type": "Feature", "geometry": {"type": "Point", "coordinates": [-8.2200379, 43.4905729]}, "properties": {"osm_type": "way", "osm_id": 279722013, "negative_class": "medieval_structure", "name": "Nosa Se\u00f1ora do Rosario", "osm_tags": "building=church"}}, {"type": "Feature", "geometry": {"type": "Point", "coordinates": [-7.9829152, 43.6531557]}, "properties": {"osm_type": "way", "osm_id": 676661391, "negative_class": "medieval_structure", "name": "Igrexa de San Xiao de Montoxo", "osm_tags": "building=church"}}, {"type": "Feature", "geometry": {"type": "Point", "coordinates": [-8.2586829, 43.4856117]}, "properties": {"osm_type": "node", "osm_id": 2314648851, "negative_class": "medieval_structure", "name": "Dique da Camp\u00e1", "osm_tags": "historic=ruins"}}, {"type": "Feature", "geometry": {"type": "Point", "coordinates": [-8.2554992, 43.4905679]}, "properties": {"osm_type": "way", "osm_id": 456666006, "negative_class": "medieval_structure", "name": "Igrexa do Pilar", "osm_tags": "building=church"}}, {"type": "Feature", "geometry": {"type": "Point", "coordinates": [-8.0969322, 43.5189326]}, "properties": {"osm_type": "way", "osm_id": 439388160, "negative_class": "medieval_structure", "name": "Igrexa Nova de San Lourenzo de Doso", "osm_tags": "building=church"}}, {"type": "Feature", "geometry": {"type": "Point", "coordinates": [-8.0559532, 43.6083537]}, "properties": {"osm_type": "way", "osm_id": 1288171224, "negative_class": "medieval_structure", "name": "Igrexa de San Vicente de Vilaboa", "osm_tags": "building=church"}}, {"type": "Feature", "geometry": {"type": "Point", "coordinates": [-8.271231, 43.4815562]}, "properties": {"osm_type": "way", "osm_id": 456011020, "negative_class": "medieval_structure", "name": "Igrexa de Santa Mar\u00eda de Bri\u00f3n", "osm_tags": "building=church"}}, {"type": "Feature", "geometry": {"type": "Point", "coordinates": [-8.2496606, 43.4608305]}, "properties": {"osm_type": "way", "osm_id": 373097221, "negative_class": "medieval_structure", "name": "Igrexa de San Vicente de Me\u00e1", "osm_tags": "building=church"}}, {"type": "Feature", "geometry": {"type": "Point", "coordinates": [-8.3139017, 43.4447718]}, "properties": {"osm_type": "way", "osm_id": 373884126, "negative_class": "medieval_structure", "name": "", "osm_tags": "building=bunker;historic=ruins"}}, {"type": "Feature", "geometry": {"type": "Point", "coordinates": [-8.041382, 43.6849483]}, "properties": {"osm_type": "way", "osm_id": 330869091, "negative_class": "medieval_structure", "name": "Igrexa de Santalla de Cervo", "osm_tags": "building=church"}}, {"type": "Feature", "geometry": {"type": "Point", "coordinates": [-8.2398633, 43.4206037]}, "properties": {"osm_type": "way", "osm_id": 661184463, "negative_class": "medieval_structure", "name": "O Castelo de Ares", "osm_tags": "historic=castle"}}, {"type": "Feature", "geometry": {"type": "Point", "coordinates": [-8.2838433, 43.508759]}, "properties": {"osm_type": "node", "osm_id": 2309603205, "negative_class": "medieval_structure", "name": "", "osm_tags": "historic=ruins"}}, {"type": "Feature", "geometry": {"type": "Point", "coordinates": [-7.9930733, 43.5486667]}, "properties": {"osm_type": "way", "osm_id": 271448613, "negative_class": "medieval_structure", "name": "Igrexa de San Xurxo de Moeche", "osm_tags": "building=church"}}, {"type": "Feature", "geometry": {"type": "Point", "coordinates": [-8.0591242, 43.4946423]}, "properties": {"osm_type": "way", "osm_id": 47048641, "negative_class": "medieval_structure", "name": "Castelo de Nara\u00edo", "osm_tags": "historic=castle"}}, {"type": "Feature", "geometry": {"type": "Point", "coordinates": [-8.295158, 43.445335]}, "properties": {"osm_type": "way", "osm_id": 373885861, "negative_class": "medieval_structure", "name": "Casa dos Enxe\u00f1eiros", "osm_tags": "building=yes;historic=ruins"}}, {"type": "Feature", "geometry": {"type": "Point", "coordinates": [-8.2706297, 43.5205413]}, "properties": {"osm_type": "way", "osm_id": 462432009, "negative_class": "medieval_structure", "name": "Igrexa de San Xo\u00e1n de Esmelle", "osm_tags": "building=church"}}, {"type": "Feature", "geometry": {"type": "Point", "coordinates": [-8.198031, 43.5046603]}, "properties": {"osm_type": "way", "osm_id": 190637686, "negative_class": "medieval_structure", "name": "Igrexa Nova de Santa Ic\u00eda de Trasancos", "osm_tags": "building=church"}}, {"type": "Feature", "geometry": {"type": "Point", "coordinates": [-8.2578136, 43.4614282]}, "properties": {"osm_type": "way", "osm_id": 375056743, "negative_class": "medieval_structure", "name": "", "osm_tags": "building=house;historic=ruins"}}, {"type": "Feature", "geometry": {"type": "Point", "coordinates": [-8.1948348, 43.4987622]}, "properties": {"osm_type": "way", "osm_id": 220068680, "negative_class": "medieval_structure", "name": "Igrexa de San Xos\u00e9 Obreiro de Xuvia", "osm_tags": "building=church"}}, {"type": "Feature", "geometry": {"type": "Point", "coordinates": [-8.1749508, 43.5675409]}, "properties": {"osm_type": "way", "osm_id": 238808601, "negative_class": "medieval_structure", "name": "Igrexa de Santa Mar\u00eda do Sequeiro", "osm_tags": "building=church"}}, {"type": "Feature", "geometry": {"type": "Point", "coordinates": [-8.2461739, 43.5011522]}, "properties": {"osm_type": "way", "osm_id": 36904559, "negative_class": "medieval_structure", "name": "Igrexa de San Salvador de Serantes", "osm_tags": "building=church"}}, {"type": "Feature", "geometry": {"type": "Point", "coordinates": [-8.2813067, 43.4502094]}, "properties": {"osm_type": "way", "osm_id": 373188731, "negative_class": "medieval_structure", "name": "", "osm_tags": "building=construction;historic=ruins"}}, {"type": "Feature", "geometry": {"type": "Point", "coordinates": [-8.2025798, 43.4417711]}, "properties": {"osm_type": "way", "osm_id": 373404066, "negative_class": "medieval_structure", "name": "Igrexa de San Xo\u00e1n de Pi\u00f1eiro", "osm_tags": "building=church"}}, {"type": "Feature", "geometry": {"type": "Point", "coordinates": [-8.2830447, 43.4585007]}, "properties": {"osm_type": "way", "osm_id": 373188728, "negative_class": "medieval_structure", "name": "", "osm_tags": "building=yes;historic=ruins"}}, {"type": "Feature", "geometry": {"type": "Point", "coordinates": [-8.3468437, 43.4634289]}, "properties": {"osm_type": "node", "osm_id": 1794499249, "negative_class": "medieval_structure", "name": "", "osm_tags": "historic=ruins"}}, {"type": "Feature", "geometry": {"type": "Point", "coordinates": [-8.3363853, 43.470771]}, "properties": {"osm_type": "node", "osm_id": 12459216081, "negative_class": "medieval_structure", "name": "Bater\u00eda do Pieiro", "osm_tags": "historic=ruins"}}, {"type": "Feature", "geometry": {"type": "Point", "coordinates": [-8.1938482, 43.4364212]}, "properties": {"osm_type": "way", "osm_id": 373404067, "negative_class": "medieval_structure", "name": "Igrexa Parroquial de Limodre", "osm_tags": "building=church"}}, {"type": "Feature", "geometry": {"type": "Point", "coordinates": [-8.2688549, 43.4679861]}, "properties": {"osm_type": "node", "osm_id": 2313636299, "negative_class": "medieval_structure", "name": "", "osm_tags": "historic=ruins"}}, {"type": "Feature", "geometry": {"type": "Point", "coordinates": [-8.1460119, 43.4252386]}, "properties": {"osm_type": "way", "osm_id": 1127978457, "negative_class": "medieval_structure", "name": "", "osm_tags": "building=church"}}, {"type": "Feature", "geometry": {"type": "Point", "coordinates": [-8.1544133, 43.5159355]}, "properties": {"osm_type": "way", "osm_id": 241255139, "negative_class": "medieval_structure", "name": "Igrexa de Santa Rita de Xuvia", "osm_tags": "building=church"}}, {"type": "Feature", "geometry": {"type": "Point", "coordinates": [-8.2766521, 43.5428282]}, "properties": {"osm_type": "way", "osm_id": 242389877, "negative_class": "medieval_structure", "name": "Igrexa Nova de San Marti\u00f1o de Covas", "osm_tags": "building=church"}}, {"type": "Feature", "geometry": {"type": "Point", "coordinates": [-8.2551236, 43.528517]}, "properties": {"osm_type": "way", "osm_id": 191157256, "negative_class": "medieval_structure", "name": "Igrexa de San Pedro de Marmanc\u00f3n", "osm_tags": "building=church"}}, {"type": "Feature", "geometry": {"type": "Point", "coordinates": [-8.2819441, 43.4647105]}, "properties": {"osm_type": "way", "osm_id": 33711834, "negative_class": "medieval_structure", "name": "Castelo de San Felipe", "osm_tags": "building=castle;historic=castle"}}, {"type": "Feature", "geometry": {"type": "Point", "coordinates": [-8.3379026, 43.4598816]}, "properties": {"osm_type": "node", "osm_id": 1708904539, "negative_class": "medieval_structure", "name": "Bater\u00eda de Vi\u00f1as", "osm_tags": "historic=ruins"}}, {"type": "Feature", "geometry": {"type": "Point", "coordinates": [-8.2005225, 43.4288593]}, "properties": {"osm_type": "way", "osm_id": 34856149, "negative_class": "medieval_structure", "name": "Igrexa de San Vicente de Caamouco", "osm_tags": "building=church"}}, {"type": "Feature", "geometry": {"type": "Point", "coordinates": [-8.3402311, 43.471521]}, "properties": {"osm_type": "node", "osm_id": 2153598784, "negative_class": "medieval_structure", "name": "Postes de tirs", "osm_tags": "historic=ruins"}}, {"type": "Feature", "geometry": {"type": "Point", "coordinates": [-8.2842874, 43.4595393]}, "properties": {"osm_type": "node", "osm_id": 3766968000, "negative_class": "medieval_structure", "name": "Castelo de San Marti\u00f1o", "osm_tags": "historic=ruins"}}, {"type": "Feature", "geometry": {"type": "Point", "coordinates": [-8.2976126, 43.4611603]}, "properties": {"osm_type": "way", "osm_id": 33712005, "negative_class": "medieval_structure", "name": "Castelo de San Carlos", "osm_tags": "building=yes;historic=ruins"}}, {"type": "Feature", "geometry": {"type": "Point", "coordinates": [-8.2136767, 43.5320295]}, "properties": {"osm_type": "way", "osm_id": 190857248, "negative_class": "medieval_structure", "name": "Igrexa de San Mateo de Trasancos", "osm_tags": "building=church"}}, {"type": "Feature", "geometry": {"type": "Point", "coordinates": [-8.1950767, 43.5048133]}, "properties": {"osm_type": "way", "osm_id": 477958884, "negative_class": "medieval_structure", "name": "Igrexa Vella de Santa Ic\u00eda de Trasancos", "osm_tags": "building=church"}}, {"type": "Feature", "geometry": {"type": "Point", "coordinates": [-8.0420642, 43.6401499]}, "properties": {"osm_type": "way", "osm_id": 330895391, "negative_class": "medieval_structure", "name": "Igrexa de San Fiz de Esteiro", "osm_tags": "building=church"}}, {"type": "Feature", "geometry": {"type": "Point", "coordinates": [-8.3165918, 43.5625658]}, "properties": {"osm_type": "way", "osm_id": 370588724, "negative_class": "medieval_structure", "name": "Bater\u00eda de Prior Sur", "osm_tags": "historic=ruins"}}, {"type": "Feature", "geometry": {"type": "Point", "coordinates": [-7.9786846, 43.4379144]}, "properties": {"osm_type": "way", "osm_id": 238893281, "negative_class": "medieval_structure", "name": "Igrexa de San Marti\u00f1o de Goente", "osm_tags": "building=church"}}, {"type": "Feature", "geometry": {"type": "Point", "coordinates": [-8.2762942, 43.4555785]}, "properties": {"osm_type": "way", "osm_id": 373188729, "negative_class": "medieval_structure", "name": "", "osm_tags": "building=yes;historic=ruins"}}, {"type": "Feature", "geometry": {"type": "Point", "coordinates": [-8.232347, 43.4850633]}, "properties": {"osm_type": "way", "osm_id": 467160730, "negative_class": "medieval_structure", "name": "Igrexa da Nosa Se\u00f1ora do Carme", "osm_tags": "building=church"}}, {"type": "Feature", "geometry": {"type": "Point", "coordinates": [-8.2842115, 43.4511396]}, "properties": {"osm_type": "way", "osm_id": 408268637, "negative_class": "medieval_structure", "name": "", "osm_tags": "building=garage;historic=ruins"}}, {"type": "Feature", "geometry": {"type": "Point", "coordinates": [-8.1016424, 43.5214123]}, "properties": {"osm_type": "way", "osm_id": 1527205475, "negative_class": "medieval_structure", "name": "Igrexa Vella de San Lourenzo de Doso", "osm_tags": "building=church"}}, {"type": "Feature", "geometry": {"type": "Point", "coordinates": [-8.0341132, 43.522846]}, "properties": {"osm_type": "way", "osm_id": 330131214, "negative_class": "medieval_structure", "name": "Igrexa de San Paio de Ferreira", "osm_tags": "building=church"}}, {"type": "Feature", "geometry": {"type": "Point", "coordinates": [-8.190448, 43.4352591]}, "properties": {"osm_type": "node", "osm_id": 11918795642, "negative_class": "hilltop_settlement", "name": "O Sino", "osm_tags": "place=hamlet"}}, {"type": "Feature", "geometry": {"type": "Point", "coordinates": [-8.2688454, 43.4550006]}, "properties": {"osm_type": "node", "osm_id": 5079620832, "negative_class": "hilltop_settlement", "name": "O Esteiro", "osm_tags": "place=hamlet"}}, {"type": "Feature", "geometry": {"type": "Point", "coordinates": [-8.2596514, 43.4937892]}, "properties": {"osm_type": "node", "osm_id": 4884519521, "negative_class": "hilltop_settlement", "name": "A Barca de Arriba", "osm_tags": "place=hamlet"}}, {"type": "Feature", "geometry": {"type": "Point", "coordinates": [-7.9907144, 43.5078273]}, "properties": {"osm_type": "node", "osm_id": 12790358792, "negative_class": "hilltop_settlement", "name": "Cascarneiro", "osm_tags": "place=isolated_dwelling"}}, {"type": "Feature", "geometry": {"type": "Point", "coordinates": [-8.2931022, 43.4914938]}, "properties": {"osm_type": "node", "osm_id": 9602736012, "negative_class": "hilltop_settlement", "name": "Doni\u00f1os", "osm_tags": "place=hamlet"}}, {"type": "Feature", "geometry": {"type": "Point", "coordinates": [-8.0646326, 43.6323855]}, "properties": {"osm_type": "node", "osm_id": 11162529253, "negative_class": "hilltop_settlement", "name": "Freixeiro", "osm_tags": "place=hamlet"}}, {"type": "Feature", "geometry": {"type": "Point", "coordinates": [-8.0826057, 43.5477227]}, "properties": {"osm_type": "node", "osm_id": 11918249011, "negative_class": "hilltop_settlement", "name": "Silvalonga", "osm_tags": "place=hamlet"}}, {"type": "Feature", "geometry": {"type": "Point", "coordinates": [-8.0352421, 43.4253491]}, "properties": {"osm_type": "node", "osm_id": 6152623287, "negative_class": "hilltop_settlement", "name": "Guitiriz", "osm_tags": "place=hamlet"}}, {"type": "Feature", "geometry": {"type": "Point", "coordinates": [-8.212702, 43.5086002]}, "properties": {"osm_type": "node", "osm_id": 11927021797, "negative_class": "hilltop_settlement", "name": "O Vinculeiro", "osm_tags": "place=hamlet"}}, {"type": "Feature", "geometry": {"type": "Point", "coordinates": [-7.9885792, 43.6293341]}, "properties": {"osm_type": "node", "osm_id": 6343863154, "negative_class": "hilltop_settlement", "name": "Gondredo", "osm_tags": "place=hamlet"}}, {"type": "Feature", "geometry": {"type": "Point", "coordinates": [-8.2794754, 43.4466805]}, "properties": {"osm_type": "node", "osm_id": 11920842645, "negative_class": "hilltop_settlement", "name": "O Monte", "osm_tags": "place=hamlet"}}, {"type": "Feature", "geometry": {"type": "Point", "coordinates": [-8.240505, 43.435349]}, "properties": {"osm_type": "node", "osm_id": 13374223175, "negative_class": "hilltop_settlement", "name": "O Cami\u00f1o de Pedr\u00f3s", "osm_tags": "place=hamlet"}}, {"type": "Feature", "geometry": {"type": "Point", "coordinates": [-8.0078197, 43.5503517]}, "properties": {"osm_type": "node", "osm_id": 6352478908, "negative_class": "hilltop_settlement", "name": "O Pet\u00f3n", "osm_tags": "place=hamlet"}}, {"type": "Feature", "geometry": {"type": "Point", "coordinates": [-8.10542, 43.4417272]}, "properties": {"osm_type": "node", "osm_id": 710906562, "negative_class": "hilltop_settlement", "name": "Lavandeira", "osm_tags": "place=hamlet"}}, {"type": "Feature", "geometry": {"type": "Point", "coordinates": [-8.2204207, 43.5249856]}, "properties": {"osm_type": "node", "osm_id": 4887865250, "negative_class": "hilltop_settlement", "name": "O Mu\u00ed\u00f1o do Vento", "osm_tags": "place=hamlet"}}, {"type": "Feature", "geometry": {"type": "Point", "coordinates": [-8.1355006, 43.5098712]}, "properties": {"osm_type": "node", "osm_id": 7666615752, "negative_class": "hilltop_settlement", "name": "O Cal", "osm_tags": "place=hamlet"}}, {"type": "Feature", "geometry": {"type": "Point", "coordinates": [-7.9582252, 43.5482611]}, "properties": {"osm_type": "node", "osm_id": 6354214885, "negative_class": "hilltop_settlement", "name": "A Ermida", "osm_tags": "place=hamlet"}}, {"type": "Feature", "geometry": {"type": "Point", "coordinates": [-8.0245326, 43.4591317]}, "properties": {"osm_type": "node", "osm_id": 6152690771, "negative_class": "hilltop_settlement", "name": "Campos Verdes", "osm_tags": "place=hamlet"}}, {"type": "Feature", "geometry": {"type": "Point", "coordinates": [-8.1605703, 43.4648127]}, "properties": {"osm_type": "node", "osm_id": 2424434091, "negative_class": "hilltop_settlement", "name": "Santa Ana", "osm_tags": "place=hamlet"}}, {"type": "Feature", "geometry": {"type": "Point", "coordinates": [-8.0460531, 43.4991484]}, "properties": {"osm_type": "node", "osm_id": 11918074476, "negative_class": "hilltop_settlement", "name": "Vilarx\u00e1", "osm_tags": "place=hamlet"}}, {"type": "Feature", "geometry": {"type": "Point", "coordinates": [-8.0965217, 43.6159337]}, "properties": {"osm_type": "node", "osm_id": 11945327074, "negative_class": "hilltop_settlement", "name": "Lousada", "osm_tags": "place=hamlet"}}, {"type": "Feature", "geometry": {"type": "Point", "coordinates": [-8.0120226, 43.5451001]}, "properties": {"osm_type": "node", "osm_id": 13902852597, "negative_class": "hilltop_settlement", "name": "O Vilar", "osm_tags": "place=hamlet"}}, {"type": "Feature", "geometry": {"type": "Point", "coordinates": [-8.1339569, 43.5374047]}, "properties": {"osm_type": "node", "osm_id": 4984031811, "negative_class": "hilltop_settlement", "name": "Vilallonte", "osm_tags": "place=hamlet"}}, {"type": "Feature", "geometry": {"type": "Point", "coordinates": [-8.1651036, 43.4270998]}, "properties": {"osm_type": "node", "osm_id": 10310474879, "negative_class": "hilltop_settlement", "name": "O Bat\u00e1n", "osm_tags": "place=hamlet"}}, {"type": "Feature", "geometry": {"type": "Point", "coordinates": [-8.2096064, 43.4339077]}, "properties": {"osm_type": "node", "osm_id": 11920842651, "negative_class": "hilltop_settlement", "name": "O Outeiro de Barracido", "osm_tags": "place=hamlet"}}, {"type": "Feature", "geometry": {"type": "Point", "coordinates": [-8.185638, 43.5861379]}, "properties": {"osm_type": "node", "osm_id": 10651535589, "negative_class": "hilltop_settlement", "name": "A Pedreira", "osm_tags": "place=hamlet"}}, {"type": "Feature", "geometry": {"type": "Point", "coordinates": [-8.0406299, 43.6551535]}, "properties": {"osm_type": "node", "osm_id": 6340579479, "negative_class": "hilltop_settlement", "name": "O Coto", "osm_tags": "place=hamlet"}}, {"type": "Feature", "geometry": {"type": "Point", "coordinates": [-8.1984172, 43.4323494]}, "properties": {"osm_type": "node", "osm_id": 408490379, "negative_class": "hilltop_settlement", "name": "A Malata", "osm_tags": "place=hamlet"}}, {"type": "Feature", "geometry": {"type": "Point", "coordinates": [-8.118943, 43.635578]}, "properties": {"osm_type": "node", "osm_id": 10554793859, "negative_class": "hilltop_settlement", "name": "O Rodo", "osm_tags": "place=hamlet"}}, {"type": "Feature", "geometry": {"type": "Point", "coordinates": [-8.003337, 43.648861]}, "properties": {"osm_type": "node", "osm_id": 6338660801, "negative_class": "hilltop_settlement", "name": "O Lameiro", "osm_tags": "place=hamlet"}}, {"type": "Feature", "geometry": {"type": "Point", "coordinates": [-8.0715761, 43.5917259]}, "properties": {"osm_type": "node", "osm_id": 11917857815, "negative_class": "hilltop_settlement", "name": "Canda\u00edl", "osm_tags": "place=hamlet"}}, {"type": "Feature", "geometry": {"type": "Point", "coordinates": [-8.0471616, 43.7106413]}, "properties": {"osm_type": "node", "osm_id": 6342055786, "negative_class": "hilltop_settlement", "name": "Punta Candieira", "osm_tags": "place=hamlet"}}, {"type": "Feature", "geometry": {"type": "Point", "coordinates": [-8.0217671, 43.5605939]}, "properties": {"osm_type": "node", "osm_id": 6352478891, "negative_class": "hilltop_settlement", "name": "A Corveira", "osm_tags": "place=hamlet"}}, {"type": "Feature", "geometry": {"type": "Point", "coordinates": [-8.161759, 43.5461722]}, "properties": {"osm_type": "node", "osm_id": 4984041395, "negative_class": "hilltop_settlement", "name": "O Salgueiral", "osm_tags": "place=hamlet"}}, {"type": "Feature", "geometry": {"type": "Point", "coordinates": [-8.14814, 43.5002314]}, "properties": {"osm_type": "node", "osm_id": 10269219967, "negative_class": "hilltop_settlement", "name": "Combarro", "osm_tags": "place=hamlet"}}, {"type": "Feature", "geometry": {"type": "Point", "coordinates": [-8.2013238, 43.5704481]}, "properties": {"osm_type": "node", "osm_id": 4888423168, "negative_class": "hilltop_settlement", "name": "Os Canteiros", "osm_tags": "place=hamlet"}}, {"type": "Feature", "geometry": {"type": "Point", "coordinates": [-8.179138, 43.4986417]}, "properties": {"osm_type": "node", "osm_id": 10247981440, "negative_class": "hilltop_settlement", "name": "A Picota", "osm_tags": "place=hamlet"}}, {"type": "Feature", "geometry": {"type": "Point", "coordinates": [-8.2723563, 43.5399251]}, "properties": {"osm_type": "node", "osm_id": 4870345027, "negative_class": "hilltop_settlement", "name": "Rag\u00f3n", "osm_tags": "place=hamlet"}}, {"type": "Feature", "geometry": {"type": "Point", "coordinates": [-7.9570441, 43.4912386]}, "properties": {"osm_type": "node", "osm_id": 6295577299, "negative_class": "hilltop_settlement", "name": "Os Cas\u00e1s", "osm_tags": "place=hamlet"}}, {"type": "Feature", "geometry": {"type": "Point", "coordinates": [-8.1841458, 43.4371247]}, "properties": {"osm_type": "node", "osm_id": 11918795643, "negative_class": "hilltop_settlement", "name": "O Igrexario", "osm_tags": "place=hamlet"}}, {"type": "Feature", "geometry": {"type": "Point", "coordinates": [-8.198048, 43.4599562]}, "properties": {"osm_type": "node", "osm_id": 11918617916, "negative_class": "hilltop_settlement", "name": "O Souto da Ribeira", "osm_tags": "place=hamlet"}}, {"type": "Feature", "geometry": {"type": "Point", "coordinates": [-8.0159996, 43.6074636]}, "properties": {"osm_type": "node", "osm_id": 6343863005, "negative_class": "hilltop_settlement", "name": "As Seixas", "osm_tags": "place=hamlet"}}, {"type": "Feature", "geometry": {"type": "Point", "coordinates": [-8.0833807, 43.5349225]}, "properties": {"osm_type": "node", "osm_id": 11918249006, "negative_class": "hilltop_settlement", "name": "A Portela", "osm_tags": "place=hamlet"}}, {"type": "Feature", "geometry": {"type": "Point", "coordinates": [-8.0047472, 43.5360453]}, "properties": {"osm_type": "node", "osm_id": 6352479011, "negative_class": "hilltop_settlement", "name": "A Ponte do Sur", "osm_tags": "place=hamlet"}}, {"type": "Feature", "geometry": {"type": "Point", "coordinates": [-8.0561926, 43.4905702]}, "properties": {"osm_type": "node", "osm_id": 11918054862, "negative_class": "hilltop_settlement", "name": "O Furado", "osm_tags": "place=isolated_dwelling"}}, {"type": "Feature", "geometry": {"type": "Point", "coordinates": [-7.9822628, 43.4777167]}, "properties": {"osm_type": "node", "osm_id": 11916808625, "negative_class": "hilltop_settlement", "name": "O Castro", "osm_tags": "place=hamlet"}}, {"type": "Feature", "geometry": {"type": "Point", "coordinates": [-8.0149843, 43.5850294]}, "properties": {"osm_type": "node", "osm_id": 11916251719, "negative_class": "hilltop_settlement", "name": "O Carbeiral", "osm_tags": "place=hamlet"}}, {"type": "Feature", "geometry": {"type": "Point", "coordinates": [-8.280933, 43.4679723]}, "properties": {"osm_type": "node", "osm_id": 181290960, "negative_class": "hilltop_settlement", "name": "San Felipe", "osm_tags": "place=hamlet"}}, {"type": "Feature", "geometry": {"type": "Point", "coordinates": [-8.0051584, 43.437218]}, "properties": {"osm_type": "node", "osm_id": 6152624149, "negative_class": "hilltop_settlement", "name": "Casaur\u00eda", "osm_tags": "place=hamlet"}}, {"type": "Feature", "geometry": {"type": "Point", "coordinates": [-8.0668742, 43.4418009]}, "properties": {"osm_type": "node", "osm_id": 6152624121, "negative_class": "hilltop_settlement", "name": "Os Covos", "osm_tags": "place=hamlet"}}, {"type": "Feature", "geometry": {"type": "Point", "coordinates": [-8.1779921, 43.4682205]}, "properties": {"osm_type": "node", "osm_id": 11918680368, "negative_class": "hilltop_settlement", "name": "O Penedo", "osm_tags": "place=hamlet"}}, {"type": "Feature", "geometry": {"type": "Point", "coordinates": [-8.1738596, 43.4714028]}, "properties": {"osm_type": "node", "osm_id": 10291053865, "negative_class": "hilltop_settlement", "name": "O Ameneiral", "osm_tags": "place=hamlet"}}, {"type": "Feature", "geometry": {"type": "Point", "coordinates": [-8.0320379, 43.4963159]}, "properties": {"osm_type": "node", "osm_id": 11916808638, "negative_class": "hilltop_settlement", "name": "A Fraga Nova", "osm_tags": "place=isolated_dwelling"}}, {"type": "Feature", "geometry": {"type": "Point", "coordinates": [-8.0695468, 43.47991]}, "properties": {"osm_type": "node", "osm_id": 11918074484, "negative_class": "hilltop_settlement", "name": "O Monte", "osm_tags": "place=hamlet"}}, {"type": "Feature", "geometry": {"type": "Point", "coordinates": [-7.9701636, 43.5648234]}, "properties": {"osm_type": "node", "osm_id": 6354215899, "negative_class": "hilltop_settlement", "name": "Ramisquido", "osm_tags": "place=hamlet"}}, {"type": "Feature", "geometry": {"type": "Point", "coordinates": [-8.1488793, 43.5136062]}, "properties": {"osm_type": "node", "osm_id": 11949299559, "negative_class": "hilltop_settlement", "name": "O Cami\u00f1o Vello", "osm_tags": "place=hamlet"}}, {"type": "Feature", "geometry": {"type": "Point", "coordinates": [-8.1942631, 43.4554904]}, "properties": {"osm_type": "node", "osm_id": 3858746870, "negative_class": "hilltop_settlement", "name": "A Fraga de Mani\u00f1os", "osm_tags": "place=hamlet"}}, {"type": "Feature", "geometry": {"type": "Point", "coordinates": [-8.0296619, 43.5220041]}, "properties": {"osm_type": "node", "osm_id": 11916691704, "negative_class": "hilltop_settlement", "name": "A Praza", "osm_tags": "place=hamlet"}}, {"type": "Feature", "geometry": {"type": "Point", "coordinates": [-8.059055, 43.4619336]}, "properties": {"osm_type": "node", "osm_id": 11920597625, "negative_class": "hilltop_settlement", "name": "Os Enxertados", "osm_tags": "place=hamlet"}}, {"type": "Feature", "geometry": {"type": "Point", "coordinates": [-8.1465119, 43.5095748]}, "properties": {"osm_type": "node", "osm_id": 11949306869, "negative_class": "hilltop_settlement", "name": "Fausto Cansado", "osm_tags": "place=hamlet"}}, {"type": "Feature", "geometry": {"type": "Point", "coordinates": [-8.0651462, 43.576603]}, "properties": {"osm_type": "node", "osm_id": 11917857804, "negative_class": "hilltop_settlement", "name": "A Fraga", "osm_tags": "place=hamlet"}}, {"type": "Feature", "geometry": {"type": "Point", "coordinates": [-8.1952844, 43.5931751]}, "properties": {"osm_type": "node", "osm_id": 10651535593, "negative_class": "hilltop_settlement", "name": "A Cubeta", "osm_tags": "place=hamlet"}}, {"type": "Feature", "geometry": {"type": "Point", "coordinates": [-8.1446784, 43.4566638]}, "properties": {"osm_type": "node", "osm_id": 10285606864, "negative_class": "hilltop_settlement", "name": "O Feal", "osm_tags": "place=hamlet"}}, {"type": "Feature", "geometry": {"type": "Point", "coordinates": [-8.121297, 43.4898002]}, "properties": {"osm_type": "node", "osm_id": 1241635258, "negative_class": "hilltop_settlement", "name": "Taxoneira", "osm_tags": "place=isolated_dwelling"}}, {"type": "Feature", "geometry": {"type": "Point", "coordinates": [-8.1543058, 43.5604345]}, "properties": {"osm_type": "node", "osm_id": 13917342063, "negative_class": "hilltop_settlement", "name": "As Boeiras", "osm_tags": "place=hamlet"}}, {"type": "Feature", "geometry": {"type": "Point", "coordinates": [-8.0196694, 43.6650497]}, "properties": {"osm_type": "node", "osm_id": 6340580082, "negative_class": "hilltop_settlement", "name": "O Castro", "osm_tags": "place=hamlet"}}, {"type": "Feature", "geometry": {"type": "Point", "coordinates": [-7.9680415, 43.4420188]}, "properties": {"osm_type": "node", "osm_id": 6155666232, "negative_class": "hilltop_settlement", "name": "As Congostras", "osm_tags": "place=hamlet"}}, {"type": "Feature", "geometry": {"type": "Point", "coordinates": [-8.1527384, 43.5034731]}, "properties": {"osm_type": "node", "osm_id": 10261443533, "negative_class": "hilltop_settlement", "name": "Balv\u00eds", "osm_tags": "place=hamlet"}}, {"type": "Feature", "geometry": {"type": "Point", "coordinates": [-8.123711, 43.460242]}, "properties": {"osm_type": "node", "osm_id": 10270515973, "negative_class": "hilltop_settlement", "name": "San Marcos", "osm_tags": "place=hamlet"}}, {"type": "Feature", "geometry": {"type": "Point", "coordinates": [-8.0179647, 43.655918]}, "properties": {"osm_type": "node", "osm_id": 6338660832, "negative_class": "hilltop_settlement", "name": "O Pinar", "osm_tags": "place=hamlet"}}, {"type": "Feature", "geometry": {"type": "Point", "coordinates": [-8.0147858, 43.6518078]}, "properties": {"osm_type": "node", "osm_id": 6338660834, "negative_class": "hilltop_settlement", "name": "O Carballo", "osm_tags": "place=hamlet"}}, {"type": "Feature", "geometry": {"type": "Point", "coordinates": [-8.1396792, 43.6145875]}, "properties": {"osm_type": "node", "osm_id": 11948916698, "negative_class": "hilltop_settlement", "name": "O Carballal", "osm_tags": "place=hamlet"}}, {"type": "Feature", "geometry": {"type": "Point", "coordinates": [-8.191423, 43.4553482]}, "properties": {"osm_type": "node", "osm_id": 11918617919, "negative_class": "hilltop_settlement", "name": "O Catal\u00e1n", "osm_tags": "place=hamlet"}}, {"type": "Feature", "geometry": {"type": "Point", "coordinates": [-8.1058182, 43.6005446]}, "properties": {"osm_type": "node", "osm_id": 11945327081, "negative_class": "hilltop_settlement", "name": "Vilaboi", "osm_tags": "place=hamlet"}}, {"type": "Feature", "geometry": {"type": "Point", "coordinates": [-8.2165282, 43.5695216]}, "properties": {"osm_type": "node", "osm_id": 4996957697, "negative_class": "hilltop_settlement", "name": "O Codesal", "osm_tags": "place=hamlet"}}, {"type": "Feature", "geometry": {"type": "Point", "coordinates": [-7.9639328, 43.6198653]}, "properties": {"osm_type": "node", "osm_id": 6344892343, "negative_class": "hilltop_settlement", "name": "Rioforcado", "osm_tags": "place=hamlet"}}, {"type": "Feature", "geometry": {"type": "Point", "coordinates": [-8.225561, 43.5414507]}, "properties": {"osm_type": "node", "osm_id": 4905963257, "negative_class": "hilltop_settlement", "name": "O Vilar", "osm_tags": "place=hamlet"}}, {"type": "Feature", "geometry": {"type": "Point", "coordinates": [-8.0745485, 43.6361661]}, "properties": {"osm_type": "node", "osm_id": 10896054432, "negative_class": "hilltop_settlement", "name": "O Camp\u00f3n", "osm_tags": "place=hamlet"}}, {"type": "Feature", "geometry": {"type": "Point", "coordinates": [-7.9663636, 43.5613233]}, "properties": {"osm_type": "node", "osm_id": 6354214932, "negative_class": "hilltop_settlement", "name": "A Abelleira", "osm_tags": "place=hamlet"}}, {"type": "Feature", "geometry": {"type": "Point", "coordinates": [-8.0375216, 43.6631906]}, "properties": {"osm_type": "node", "osm_id": 6340579485, "negative_class": "hilltop_settlement", "name": "A Estoxa", "osm_tags": "place=hamlet"}}, {"type": "Feature", "geometry": {"type": "Point", "coordinates": [-8.1557896, 43.5837795]}, "properties": {"osm_type": "node", "osm_id": 10287982112, "negative_class": "hilltop_settlement", "name": "Mosende de Abaixo", "osm_tags": "place=hamlet"}}, {"type": "Feature", "geometry": {"type": "Point", "coordinates": [-8.199196, 43.4358885]}, "properties": {"osm_type": "node", "osm_id": 12473411180, "negative_class": "hilltop_settlement", "name": "A Teupoeira", "osm_tags": "place=hamlet"}}, {"type": "Feature", "geometry": {"type": "Point", "coordinates": [-8.2157833, 43.4586362]}, "properties": {"osm_type": "node", "osm_id": 12473316944, "negative_class": "hilltop_settlement", "name": "As Barcias", "osm_tags": "place=hamlet"}}, {"type": "Feature", "geometry": {"type": "Point", "coordinates": [-7.9858674, 43.6552508]}, "properties": {"osm_type": "node", "osm_id": 6337375631, "negative_class": "hilltop_settlement", "name": "A Ferrer\u00eda", "osm_tags": "place=hamlet"}}, {"type": "Feature", "geometry": {"type": "Point", "coordinates": [-7.9803719, 43.6252517]}, "properties": {"osm_type": "node", "osm_id": 6344892302, "negative_class": "hilltop_settlement", "name": "Regueirolongo", "osm_tags": "place=hamlet"}}, {"type": "Feature", "geometry": {"type": "Point", "coordinates": [-8.1786231, 43.5684589]}, "properties": {"osm_type": "node", "osm_id": 11946315773, "negative_class": "hilltop_settlement", "name": "O Sisto", "osm_tags": "place=hamlet"}}, {"type": "Feature", "geometry": {"type": "Point", "coordinates": [-8.1554896, 43.5072734]}, "properties": {"osm_type": "node", "osm_id": 11949306875, "negative_class": "hilltop_settlement", "name": "Ribeira do Coto", "osm_tags": "place=hamlet"}}, {"type": "Feature", "geometry": {"type": "Point", "coordinates": [-8.2549579, 43.4435089]}, "properties": {"osm_type": "node", "osm_id": 13374223178, "negative_class": "hilltop_settlement", "name": "O Alto de Simou", "osm_tags": "place=hamlet"}}, {"type": "Feature", "geometry": {"type": "Point", "coordinates": [-8.1078499, 43.4490458]}, "properties": {"osm_type": "node", "osm_id": 11923455857, "negative_class": "hilltop_settlement", "name": "O Someiro", "osm_tags": "place=hamlet"}}, {"type": "Feature", "geometry": {"type": "Point", "coordinates": [-8.1921809, 43.4518913]}, "properties": {"osm_type": "node", "osm_id": 11918617907, "negative_class": "hilltop_settlement", "name": "As Arangas", "osm_tags": "place=hamlet"}}, {"type": "Feature", "geometry": {"type": "Point", "coordinates": [-8.1241399, 43.5225942]}, "properties": {"osm_type": "node", "osm_id": 7245985586, "negative_class": "hilltop_settlement", "name": "Baz\u00f3n", "osm_tags": "place=hamlet"}}, {"type": "Feature", "geometry": {"type": "Point", "coordinates": [-8.0184638, 43.5335971]}, "properties": {"osm_type": "node", "osm_id": 6352478923, "negative_class": "hilltop_settlement", "name": "Vigo", "osm_tags": "place=hamlet"}}, {"type": "Feature", "geometry": {"type": "Point", "coordinates": [-7.9855183, 43.4830304]}, "properties": {"osm_type": "node", "osm_id": 11916808653, "negative_class": "hilltop_settlement", "name": "O Cando", "osm_tags": "place=isolated_dwelling"}}, {"type": "Feature", "geometry": {"type": "Point", "coordinates": [-8.0504973, 43.6397547]}, "properties": {"osm_type": "node", "osm_id": 6340071091, "negative_class": "hilltop_settlement", "name": "Redemu\u00ed\u00f1os", "osm_tags": "place=hamlet"}}, {"type": "Feature", "geometry": {"type": "Point", "coordinates": [-8.0560347, 43.6886059]}, "properties": {"osm_type": "node", "osm_id": 6342055719, "negative_class": "hilltop_settlement", "name": "Golmar", "osm_tags": "place=hamlet"}}, {"type": "Feature", "geometry": {"type": "Point", "coordinates": [-8.1764573, 43.534158]}, "properties": {"osm_type": "node", "osm_id": 11927131610, "negative_class": "hilltop_settlement", "name": "A Venda", "osm_tags": "place=hamlet"}}, {"type": "Feature", "geometry": {"type": "Point", "coordinates": [-7.9872973, 43.4880799]}, "properties": {"osm_type": "node", "osm_id": 11916808639, "negative_class": "hilltop_settlement", "name": "A Pena da Meda", "osm_tags": "place=hamlet"}}, {"type": "Feature", "geometry": {"type": "Point", "coordinates": [-8.2204124, 43.4496012]}, "properties": {"osm_type": "node", "osm_id": 12473344758, "negative_class": "hilltop_settlement", "name": "A Regueira", "osm_tags": "place=hamlet"}}, {"type": "Feature", "geometry": {"type": "Point", "coordinates": [-7.9967146, 43.5503813]}, "properties": {"osm_type": "node", "osm_id": 6352478930, "negative_class": "hilltop_settlement", "name": "Armenteiro de Abaixo", "osm_tags": "place=hamlet"}}, {"type": "Feature", "geometry": {"type": "Point", "coordinates": [-8.143537, 43.6068643]}, "properties": {"osm_type": "node", "osm_id": 413409602, "negative_class": "hilltop_settlement", "name": "Valdovi\u00f1o", "osm_tags": "place=village"}}, {"type": "Feature", "geometry": {"type": "Point", "coordinates": [-8.2651953, 43.4339211]}, "properties": {"osm_type": "node", "osm_id": 11920842648, "negative_class": "hilltop_settlement", "name": "Maiobre", "osm_tags": "place=hamlet"}}, {"type": "Feature", "geometry": {"type": "Point", "coordinates": [-8.1013589, 43.5917349]}, "properties": {"osm_type": "node", "osm_id": 11945327069, "negative_class": "hilltop_settlement", "name": "Donelle", "osm_tags": "place=hamlet"}}, {"type": "Feature", "geometry": {"type": "Point", "coordinates": [-8.0747592, 43.464551]}, "properties": {"osm_type": "node", "osm_id": 6152659451, "negative_class": "hilltop_settlement", "name": "Vilar de Mouros", "osm_tags": "place=hamlet"}}, {"type": "Feature", "geometry": {"type": "Point", "coordinates": [-8.2579509, 43.4909228]}, "properties": {"osm_type": "node", "osm_id": 4885773796, "negative_class": "hilltop_settlement", "name": "A Barca de Abaixo", "osm_tags": "place=hamlet"}}, {"type": "Feature", "geometry": {"type": "Point", "coordinates": [-8.0302373, 43.674133]}, "properties": {"osm_type": "node", "osm_id": 3218956087, "negative_class": "hilltop_settlement", "name": "Veri\u00f1o de Abaixo", "osm_tags": "place=hamlet"}}, {"type": "Feature", "geometry": {"type": "Point", "coordinates": [-8.2141022, 43.5048944]}, "properties": {"osm_type": "node", "osm_id": 11927021790, "negative_class": "hilltop_settlement", "name": "Beleic\u00f3n", "osm_tags": "place=hamlet"}}, {"type": "Feature", "geometry": {"type": "Point", "coordinates": [-8.1481466, 43.487951]}, "properties": {"osm_type": "node", "osm_id": 10269243859, "negative_class": "hilltop_settlement", "name": "A Rabade\u00f1a", "osm_tags": "place=hamlet"}}, {"type": "Feature", "geometry": {"type": "Point", "coordinates": [-8.0183855, 43.4389255]}, "properties": {"osm_type": "node", "osm_id": 11920451864, "negative_class": "hilltop_settlement", "name": "O Poulo", "osm_tags": "place=hamlet"}}, {"type": "Feature", "geometry": {"type": "Point", "coordinates": [-8.1520742, 43.5104844]}, "properties": {"osm_type": "node", "osm_id": 10255052558, "negative_class": "hilltop_settlement", "name": "A Toeleira", "osm_tags": "place=hamlet"}}, {"type": "Feature", "geometry": {"type": "Point", "coordinates": [-8.0849594, 43.5588367]}, "properties": {"osm_type": "node", "osm_id": 11917857792, "negative_class": "hilltop_settlement", "name": "Ardariz", "osm_tags": "place=hamlet"}}, {"type": "Feature", "geometry": {"type": "Point", "coordinates": [-8.0349062, 43.6749601]}, "properties": {"osm_type": "node", "osm_id": 3218956074, "negative_class": "hilltop_settlement", "name": "O Barral", "osm_tags": "place=hamlet"}}, {"type": "Feature", "geometry": {"type": "Point", "coordinates": [-8.1391329, 43.6184311]}, "properties": {"osm_type": "node", "osm_id": 11948916695, "negative_class": "hilltop_settlement", "name": "Bacorelle", "osm_tags": "place=hamlet"}}, {"type": "Feature", "geometry": {"type": "Point", "coordinates": [-7.9518736, 43.5730451]}, "properties": {"osm_type": "node", "osm_id": 12647385017, "negative_class": "hilltop_settlement", "name": "A Freixa", "osm_tags": "place=isolated_dwelling"}}, {"type": "Feature", "geometry": {"type": "Point", "coordinates": [-8.290853, 43.4431873]}, "properties": {"osm_type": "node", "osm_id": 4102248397, "negative_class": "hilltop_settlement", "name": "As Penas", "osm_tags": "place=hamlet"}}, {"type": "Feature", "geometry": {"type": "Point", "coordinates": [-8.1016575, 43.6444548]}, "properties": {"osm_type": "node", "osm_id": 10572338700, "negative_class": "hilltop_settlement", "name": "A Gabeira", "osm_tags": "place=hamlet"}}, {"type": "Feature", "geometry": {"type": "Point", "coordinates": [-8.0952067, 43.5436948]}, "properties": {"osm_type": "node", "osm_id": 4984041377, "negative_class": "hilltop_settlement", "name": "Os Carballi\u00f1os", "osm_tags": "place=hamlet"}}, {"type": "Feature", "geometry": {"type": "Point", "coordinates": [-8.2965318, 43.5435294]}, "properties": {"osm_type": "node", "osm_id": 12461143372, "negative_class": "hilltop_settlement", "name": "O Vilar", "osm_tags": "place=hamlet"}}, {"type": "Feature", "geometry": {"type": "Point", "coordinates": [-7.9756014, 43.5893207]}, "properties": {"osm_type": "node", "osm_id": 6351040832, "negative_class": "hilltop_settlement", "name": "O Coto", "osm_tags": "place=hamlet"}}, {"type": "Feature", "geometry": {"type": "Point", "coordinates": [-7.9818773, 43.5180734]}, "properties": {"osm_type": "node", "osm_id": 11916691705, "negative_class": "hilltop_settlement", "name": "O Chao do Rosoiro", "osm_tags": "place=hamlet"}}, {"type": "Feature", "geometry": {"type": "Point", "coordinates": [-8.1876044, 43.5887376]}, "properties": {"osm_type": "node", "osm_id": 9900190395, "negative_class": "hilltop_settlement", "name": "Pad\u00edn", "osm_tags": "place=hamlet"}}, {"type": "Feature", "geometry": {"type": "Point", "coordinates": [-8.0904158, 43.6390327]}, "properties": {"osm_type": "node", "osm_id": 10568496481, "negative_class": "hilltop_settlement", "name": "Fr\u00e1degas", "osm_tags": "place=hamlet"}}, {"type": "Feature", "geometry": {"type": "Point", "coordinates": [-7.9916848, 43.5063048]}, "properties": {"osm_type": "node", "osm_id": 11916691684, "negative_class": "hilltop_settlement", "name": "Ca\u00ednce", "osm_tags": "place=hamlet"}}, {"type": "Feature", "geometry": {"type": "Point", "coordinates": [-8.0518232, 43.451519]}, "properties": {"osm_type": "node", "osm_id": 6152659454, "negative_class": "hilltop_settlement", "name": "O Campo", "osm_tags": "place=hamlet"}}, {"type": "Feature", "geometry": {"type": "Point", "coordinates": [-8.0811651, 43.496079]}, "properties": {"osm_type": "node", "osm_id": 11918054856, "negative_class": "hilltop_settlement", "name": "A Ferrar\u00eda", "osm_tags": "place=hamlet"}}, {"type": "Feature", "geometry": {"type": "Point", "coordinates": [-8.1703296, 43.423568]}, "properties": {"osm_type": "node", "osm_id": 11923551846, "negative_class": "hilltop_settlement", "name": "A Torre", "osm_tags": "place=hamlet"}}, {"type": "Feature", "geometry": {"type": "Point", "coordinates": [-8.1428147, 43.591373]}, "properties": {"osm_type": "node", "osm_id": 11948916706, "negative_class": "hilltop_settlement", "name": "A G\u00e1ndara", "osm_tags": "place=isolated_dwelling"}}, {"type": "Feature", "geometry": {"type": "Point", "coordinates": [-8.0229988, 43.5881653]}, "properties": {"osm_type": "node", "osm_id": 6351040824, "negative_class": "hilltop_settlement", "name": "Leboriz", "osm_tags": "place=hamlet"}}, {"type": "Feature", "geometry": {"type": "Point", "coordinates": [-8.2247266, 43.4423076]}, "properties": {"osm_type": "node", "osm_id": 11920656474, "negative_class": "hilltop_settlement", "name": "O Vilar", "osm_tags": "place=hamlet"}}, {"type": "Feature", "geometry": {"type": "Point", "coordinates": [-8.0224501, 43.5908483]}, "properties": {"osm_type": "node", "osm_id": 6351040818, "negative_class": "hilltop_settlement", "name": "Vilari\u00f1o", "osm_tags": "place=hamlet"}}, {"type": "Feature", "geometry": {"type": "Point", "coordinates": [-8.1579042, 43.5907617]}, "properties": {"osm_type": "node", "osm_id": 10288198371, "negative_class": "hilltop_settlement", "name": "A L\u00f3ngara", "osm_tags": "place=hamlet"}}, {"type": "Feature", "geometry": {"type": "Point", "coordinates": [-8.0563969, 43.6027234]}, "properties": {"osm_type": "node", "osm_id": 11946070639, "negative_class": "hilltop_settlement", "name": "O Pereiro", "osm_tags": "place=hamlet"}}, {"type": "Feature", "geometry": {"type": "Point", "coordinates": [-8.071918, 43.4604754]}, "properties": {"osm_type": "node", "osm_id": 11327563792, "negative_class": "hilltop_settlement", "name": "A Chabola", "osm_tags": "place=hamlet"}}, {"type": "Feature", "geometry": {"type": "Point", "coordinates": [-8.015013, 43.5631753]}, "properties": {"osm_type": "node", "osm_id": 5812559890, "negative_class": "hilltop_settlement", "name": "San Ram\u00f3n", "osm_tags": "place=village"}}, {"type": "Feature", "geometry": {"type": "Point", "coordinates": [-8.0355826, 43.5283297]}, "properties": {"osm_type": "node", "osm_id": 11916691686, "negative_class": "hilltop_settlement", "name": "A Casti\u00f1eira", "osm_tags": "place=hamlet"}}, {"type": "Feature", "geometry": {"type": "Point", "coordinates": [-8.2376571, 43.5161662]}, "properties": {"osm_type": "node", "osm_id": 9602736014, "negative_class": "hilltop_settlement", "name": "Bustelo", "osm_tags": "place=hamlet"}}, {"type": "Feature", "geometry": {"type": "Point", "coordinates": [-7.9994686, 43.4817335]}, "properties": {"osm_type": "node", "osm_id": 11916808628, "negative_class": "hilltop_settlement", "name": "A Ermida", "osm_tags": "place=hamlet"}}, {"type": "Feature", "geometry": {"type": "Point", "coordinates": [-8.022134, 43.5396166]}, "properties": {"osm_type": "node", "osm_id": 6352478921, "negative_class": "hilltop_settlement", "name": "Casalousada", "osm_tags": "place=hamlet"}}, {"type": "Feature", "geometry": {"type": "Point", "coordinates": [-8.0514861, 43.6458939]}, "properties": {"osm_type": "node", "osm_id": 6340071285, "negative_class": "hilltop_settlement", "name": "Santallamar", "osm_tags": "place=hamlet"}}, {"type": "Feature", "geometry": {"type": "Point", "coordinates": [-8.1342587, 43.4405959]}, "properties": {"osm_type": "node", "osm_id": 10310474829, "negative_class": "hilltop_settlement", "name": "O Feal", "osm_tags": "place=hamlet"}}, {"type": "Feature", "geometry": {"type": "Point", "coordinates": [-8.0399985, 43.6264103]}, "properties": {"osm_type": "node", "osm_id": 6240128650, "negative_class": "hilltop_settlement", "name": "O Porto do Cabo", "osm_tags": "place=hamlet"}}, {"type": "Feature", "geometry": {"type": "Point", "coordinates": [-8.0594281, 43.4529782]}, "properties": {"osm_type": "node", "osm_id": 6152659447, "negative_class": "hilltop_settlement", "name": "Fi\u00fante", "osm_tags": "place=hamlet"}}, {"type": "Feature", "geometry": {"type": "Point", "coordinates": [-8.1381049, 43.6047943]}, "properties": {"osm_type": "node", "osm_id": 11948916699, "negative_class": "hilltop_settlement", "name": "A Carreira", "osm_tags": "place=hamlet"}}, {"type": "Feature", "geometry": {"type": "Point", "coordinates": [-8.1050155, 43.6391357]}, "properties": {"osm_type": "node", "osm_id": 11948543161, "negative_class": "hilltop_settlement", "name": "A Barreira", "osm_tags": "place=hamlet"}}, {"type": "Feature", "geometry": {"type": "Point", "coordinates": [-8.2056759, 43.4517984]}, "properties": {"osm_type": "node", "osm_id": 12473344746, "negative_class": "hilltop_settlement", "name": "Boado", "osm_tags": "place=hamlet"}}, {"type": "Feature", "geometry": {"type": "Point", "coordinates": [-8.0325107, 43.6747994]}, "properties": {"osm_type": "node", "osm_id": 3218956077, "negative_class": "hilltop_settlement", "name": "O Canaval", "osm_tags": "place=hamlet"}}, {"type": "Feature", "geometry": {"type": "Point", "coordinates": [-8.0483776, 43.6233202]}, "properties": {"osm_type": "node", "osm_id": 9863599663, "negative_class": "hilltop_settlement", "name": "As Folgueiras", "osm_tags": "place=hamlet"}}, {"type": "Feature", "geometry": {"type": "Point", "coordinates": [-8.1057802, 43.5393608]}, "properties": {"osm_type": "node", "osm_id": 11931754833, "negative_class": "hilltop_settlement", "name": "O Cotelo", "osm_tags": "place=hamlet"}}, {"type": "Feature", "geometry": {"type": "Point", "coordinates": [-8.0421431, 43.6875387]}, "properties": {"osm_type": "node", "osm_id": 6342055746, "negative_class": "hilltop_settlement", "name": "Sobolocovo", "osm_tags": "place=hamlet"}}, {"type": "Feature", "geometry": {"type": "Point", "coordinates": [-8.1322079, 43.5733096]}, "properties": {"osm_type": "node", "osm_id": 11948916727, "negative_class": "hilltop_settlement", "name": "A Vacariza", "osm_tags": "place=hamlet"}}, {"type": "Feature", "geometry": {"type": "Point", "coordinates": [-8.1364589, 43.5083469]}, "properties": {"osm_type": "node", "osm_id": 10259177012, "negative_class": "hilltop_settlement", "name": "Os Alcall\u00e1s", "osm_tags": "place=hamlet"}}, {"type": "Feature", "geometry": {"type": "Point", "coordinates": [-8.1081226, 43.4354273]}, "properties": {"osm_type": "node", "osm_id": 11922908042, "negative_class": "hilltop_settlement", "name": "A Lagoa", "osm_tags": "place=hamlet"}}, {"type": "Feature", "geometry": {"type": "Point", "coordinates": [-8.2131778, 43.4296452]}, "properties": {"osm_type": "node", "osm_id": 13374241649, "negative_class": "hilltop_settlement", "name": "Mari\u00f1a do Pombal", "osm_tags": "place=hamlet"}}, {"type": "Feature", "geometry": {"type": "Point", "coordinates": [-8.080842, 43.6335169]}, "properties": {"osm_type": "node", "osm_id": 9870656055, "negative_class": "hilltop_settlement", "name": "As Ferrer\u00edas", "osm_tags": "place=hamlet"}}, {"type": "Feature", "geometry": {"type": "Point", "coordinates": [-8.0711135, 43.4848723]}, "properties": {"osm_type": "node", "osm_id": 11918074469, "negative_class": "hilltop_settlement", "name": "O Pousadoiro", "osm_tags": "place=hamlet"}}, {"type": "Feature", "geometry": {"type": "Point", "coordinates": [-8.1500751, 43.4577604]}, "properties": {"osm_type": "node", "osm_id": 10284347239, "negative_class": "hilltop_settlement", "name": "O Pedr\u00f3n", "osm_tags": "place=hamlet"}}, {"type": "Feature", "geometry": {"type": "Point", "coordinates": [-8.1346086, 43.4336792]}, "properties": {"osm_type": "node", "osm_id": 10310474815, "negative_class": "hilltop_settlement", "name": "O Salto de Baixo", "osm_tags": "place=hamlet"}}, {"type": "Feature", "geometry": {"type": "Point", "coordinates": [-8.1345941, 43.5864738]}, "properties": {"osm_type": "node", "osm_id": 10251476284, "negative_class": "hilltop_settlement", "name": "As Casas Novas", "osm_tags": "place=hamlet"}}, {"type": "Feature", "geometry": {"type": "Point", "coordinates": [-8.1088916, 43.537513]}, "properties": {"osm_type": "node", "osm_id": 4984031818, "negative_class": "hilltop_settlement", "name": "O Mosteiro", "osm_tags": "place=hamlet"}}, {"type": "Feature", "geometry": {"type": "Point", "coordinates": [-8.0172094, 43.4974965]}, "properties": {"osm_type": "node", "osm_id": 11916808630, "negative_class": "hilltop_settlement", "name": "A Fraguela", "osm_tags": "place=hamlet"}}, {"type": "Feature", "geometry": {"type": "Point", "coordinates": [-8.3053266, 43.4968446]}, "properties": {"osm_type": "node", "osm_id": 4886556336, "negative_class": "hilltop_settlement", "name": "Vilar", "osm_tags": "place=hamlet"}}, {"type": "Feature", "geometry": {"type": "Point", "coordinates": [-8.001583, 43.6191079]}, "properties": {"osm_type": "node", "osm_id": 6343863113, "negative_class": "hilltop_settlement", "name": "Becerroi", "osm_tags": "place=hamlet"}}, {"type": "Feature", "geometry": {"type": "Point", "coordinates": [-8.1491134, 43.5555292]}, "properties": {"osm_type": "node", "osm_id": 4984041391, "negative_class": "hilltop_settlement", "name": "O R\u00edo da Lousa", "osm_tags": "place=hamlet"}}, {"type": "Feature", "geometry": {"type": "Point", "coordinates": [-8.1807573, 43.5372078]}, "properties": {"osm_type": "node", "osm_id": 4827159161, "negative_class": "hilltop_settlement", "name": "Os Sobecos", "osm_tags": "place=hamlet"}}, {"type": "Feature", "geometry": {"type": "Point", "coordinates": [-8.2441869, 43.4381964]}, "properties": {"osm_type": "node", "osm_id": 13374223176, "negative_class": "hilltop_settlement", "name": "O Pombal", "osm_tags": "place=hamlet"}}, {"type": "Feature", "geometry": {"type": "Point", "coordinates": [-8.1536722, 43.5417229]}, "properties": {"osm_type": "node", "osm_id": 11933957146, "negative_class": "hilltop_settlement", "name": "A Pedreira", "osm_tags": "place=hamlet"}}, {"type": "Feature", "geometry": {"type": "Point", "coordinates": [-8.035105, 43.6765739]}, "properties": {"osm_type": "node", "osm_id": 3218957992, "negative_class": "hilltop_settlement", "name": "Eiravedra", "osm_tags": "place=hamlet"}}, {"type": "Feature", "geometry": {"type": "Point", "coordinates": [-7.9753759, 43.5075193]}, "properties": {"osm_type": "node", "osm_id": 6295576931, "negative_class": "hilltop_settlement", "name": "Santa Cristina", "osm_tags": "place=hamlet"}}, {"type": "Feature", "geometry": {"type": "Point", "coordinates": [-8.0372215, 43.6605679]}, "properties": {"osm_type": "node", "osm_id": 6340579481, "negative_class": "hilltop_settlement", "name": "O Pereiro", "osm_tags": "place=hamlet"}}, {"type": "Feature", "geometry": {"type": "Point", "coordinates": [-7.9701923, 43.6590663]}, "properties": {"osm_type": "node", "osm_id": 3218175762, "negative_class": "hilltop_settlement", "name": "Murux\u00e1s", "osm_tags": "place=hamlet"}}, {"type": "Feature", "geometry": {"type": "Point", "coordinates": [-8.077668, 43.6317974]}, "properties": {"osm_type": "node", "osm_id": 9870656016, "negative_class": "hilltop_settlement", "name": "Ianes", "osm_tags": "place=hamlet"}}, {"type": "Feature", "geometry": {"type": "Point", "coordinates": [-8.0821778, 43.4514397]}, "properties": {"osm_type": "node", "osm_id": 6152659347, "negative_class": "hilltop_settlement", "name": "Guillurfe", "osm_tags": "place=hamlet"}}, {"type": "Feature", "geometry": {"type": "Point", "coordinates": [-7.9765697, 43.6443961]}, "properties": {"osm_type": "node", "osm_id": 3218175361, "negative_class": "hilltop_settlement", "name": "A Cheda de Abaixo", "osm_tags": "place=hamlet"}}, {"type": "Feature", "geometry": {"type": "Point", "coordinates": [-8.0209003, 43.4398365]}, "properties": {"osm_type": "node", "osm_id": 6152624148, "negative_class": "hilltop_settlement", "name": "O Seixo", "osm_tags": "place=hamlet"}}, {"type": "Feature", "geometry": {"type": "Point", "coordinates": [-8.2080419, 43.5331353]}, "properties": {"osm_type": "node", "osm_id": 4888450789, "negative_class": "hilltop_settlement", "name": "Leiras", "osm_tags": "place=hamlet"}}, {"type": "Feature", "geometry": {"type": "Point", "coordinates": [-8.2108905, 43.5094479]}, "properties": {"osm_type": "node", "osm_id": 11927021796, "negative_class": "hilltop_settlement", "name": "O Souto de San Pedro", "osm_tags": "place=hamlet"}}, {"type": "Feature", "geometry": {"type": "Point", "coordinates": [-8.1419958, 43.5086441]}, "properties": {"osm_type": "node", "osm_id": 11949299560, "negative_class": "hilltop_settlement", "name": "Casadelos", "osm_tags": "place=hamlet"}}, {"type": "Feature", "geometry": {"type": "Point", "coordinates": [-8.0132162, 43.5525881]}, "properties": {"osm_type": "node", "osm_id": 6352478901, "negative_class": "hilltop_settlement", "name": "Riovello", "osm_tags": "place=hamlet"}}, {"type": "Feature", "geometry": {"type": "Point", "coordinates": [-8.0022425, 43.540261]}, "properties": {"osm_type": "node", "osm_id": 6352479003, "negative_class": "hilltop_settlement", "name": "Requi\u00e1", "osm_tags": "place=hamlet"}}, {"type": "Feature", "geometry": {"type": "Point", "coordinates": [-7.9846508, 43.43399]}, "properties": {"osm_type": "node", "osm_id": 6155666255, "negative_class": "hilltop_settlement", "name": "Vista Alegre", "osm_tags": "place=hamlet"}}, {"type": "Feature", "geometry": {"type": "Point", "coordinates": [-7.9612516, 43.5045143]}, "properties": {"osm_type": "node", "osm_id": 7122788305, "negative_class": "hilltop_settlement", "name": "Os Mu\u00ed\u00f1os", "osm_tags": "place=hamlet"}}, {"type": "Feature", "geometry": {"type": "Point", "coordinates": [-8.0610913, 43.6631456]}, "properties": {"osm_type": "node", "osm_id": 6342054819, "negative_class": "hilltop_settlement", "name": "Vilacac\u00edn", "osm_tags": "place=hamlet"}}, {"type": "Feature", "geometry": {"type": "Point", "coordinates": [-8.2754456, 43.5248908]}, "properties": {"osm_type": "node", "osm_id": 4878866136, "negative_class": "hilltop_settlement", "name": "O Ch\u00e1 da Mari\u00f1a", "osm_tags": "place=hamlet"}}, {"type": "Feature", "geometry": {"type": "Point", "coordinates": [-8.1393741, 43.5435545]}, "properties": {"osm_type": "node", "osm_id": 4984011769, "negative_class": "hilltop_settlement", "name": "A Borrallada", "osm_tags": "place=hamlet"}}, {"type": "Feature", "geometry": {"type": "Point", "coordinates": [-8.2941989, 43.4442151]}, "properties": {"osm_type": "node", "osm_id": 5079732177, "negative_class": "hilltop_settlement", "name": "A Porta do R\u00edo", "osm_tags": "place=hamlet"}}, {"type": "Feature", "geometry": {"type": "Point", "coordinates": [-7.9700248, 43.6457105]}, "properties": {"osm_type": "node", "osm_id": 3218175461, "negative_class": "hilltop_settlement", "name": "A Cheda de Arriba", "osm_tags": "place=hamlet"}}, {"type": "Feature", "geometry": {"type": "Point", "coordinates": [-8.0806186, 43.532247]}, "properties": {"osm_type": "node", "osm_id": 10589789731, "negative_class": "hilltop_settlement", "name": "O Casal", "osm_tags": "place=hamlet"}}, {"type": "Feature", "geometry": {"type": "Point", "coordinates": [-8.3164268, 43.4716032]}, "properties": {"osm_type": "node", "osm_id": 403800230, "negative_class": "hilltop_settlement", "name": "Cari\u00f1o", "osm_tags": "place=hamlet"}}, {"type": "Feature", "geometry": {"type": "Point", "coordinates": [-8.040292, 43.5289349]}, "properties": {"osm_type": "node", "osm_id": 11916691685, "negative_class": "hilltop_settlement", "name": "A Camba", "osm_tags": "place=hamlet"}}, {"type": "Feature", "geometry": {"type": "Point", "coordinates": [-8.0190005, 43.5431038]}, "properties": {"osm_type": "node", "osm_id": 6352478915, "negative_class": "hilltop_settlement", "name": "A Bouza", "osm_tags": "place=hamlet"}}, {"type": "Feature", "geometry": {"type": "Point", "coordinates": [-7.95234, 43.647748]}, "properties": {"osm_type": "node", "osm_id": 3218175863, "negative_class": "hilltop_settlement", "name": "Portovello", "osm_tags": "place=hamlet"}}, {"type": "Feature", "geometry": {"type": "Point", "coordinates": [-8.2206233, 43.5545303]}, "properties": {"osm_type": "node", "osm_id": 4888423194, "negative_class": "hilltop_settlement", "name": "As Chousas", "osm_tags": "place=hamlet"}}, {"type": "Feature", "geometry": {"type": "Point", "coordinates": [-8.0478205, 43.5057766]}, "properties": {"osm_type": "node", "osm_id": 11918054851, "negative_class": "hilltop_settlement", "name": "As Cancelas", "osm_tags": "place=hamlet"}}, {"type": "Feature", "geometry": {"type": "Point", "coordinates": [-8.025948, 43.6980699]}, "properties": {"osm_type": "node", "osm_id": 6342055762, "negative_class": "hilltop_settlement", "name": "Espi\u00f1aredo", "osm_tags": "place=hamlet"}}, {"type": "Feature", "geometry": {"type": "Point", "coordinates": [-8.1767461, 43.4305772]}, "properties": {"osm_type": "node", "osm_id": 10301613916, "negative_class": "hilltop_settlement", "name": "O Pudrical", "osm_tags": "place=hamlet"}}, {"type": "Feature", "geometry": {"type": "Point", "coordinates": [-8.2429959, 43.4564277]}, "properties": {"osm_type": "node", "osm_id": 12473520770, "negative_class": "hilltop_settlement", "name": "As Fieiteiras", "osm_tags": "place=hamlet"}}, {"type": "Feature", "geometry": {"type": "Point", "coordinates": [-8.0679472, 43.5034135]}, "properties": {"osm_type": "node", "osm_id": 11918074487, "negative_class": "hilltop_settlement", "name": "O Pico", "osm_tags": "place=hamlet"}}, {"type": "Feature", "geometry": {"type": "Point", "coordinates": [-8.0440139, 43.651765]}, "properties": {"osm_type": "node", "osm_id": 6340071291, "negative_class": "hilltop_settlement", "name": "A Marabilla", "osm_tags": "place=hamlet"}}, {"type": "Feature", "geometry": {"type": "Point", "coordinates": [-8.1692781, 43.5191995]}, "properties": {"osm_type": "node", "osm_id": 13908359995, "negative_class": "hilltop_settlement", "name": "As Agras", "osm_tags": "place=hamlet"}}, {"type": "Feature", "geometry": {"type": "Point", "coordinates": [-8.2167592, 43.4549173]}, "properties": {"osm_type": "node", "osm_id": 12473316946, "negative_class": "hilltop_settlement", "name": "O Campo do R\u00edo", "osm_tags": "place=hamlet"}}, {"type": "Feature", "geometry": {"type": "Point", "coordinates": [-8.0539196, 43.51683]}, "properties": {"osm_type": "node", "osm_id": 12790424802, "negative_class": "hilltop_settlement", "name": "A Esfondalada", "osm_tags": "place=isolated_dwelling"}}, {"type": "Feature", "geometry": {"type": "Point", "coordinates": [-7.9767946, 43.651211]}, "properties": {"osm_type": "node", "osm_id": 6337375089, "negative_class": "hilltop_settlement", "name": "A Ruferta", "osm_tags": "place=hamlet"}}, {"type": "Feature", "geometry": {"type": "Point", "coordinates": [-8.1062314, 43.6038957]}, "properties": {"osm_type": "node", "osm_id": 11945272768, "negative_class": "hilltop_settlement", "name": "Choupenete", "osm_tags": "place=hamlet"}}, {"type": "Feature", "geometry": {"type": "Point", "coordinates": [-8.2167174, 43.4286592]}, "properties": {"osm_type": "node", "osm_id": 13374241650, "negative_class": "hilltop_settlement", "name": "Carball\u00e1s", "osm_tags": "place=hamlet"}}, {"type": "Feature", "geometry": {"type": "Point", "coordinates": [-7.9668463, 43.6586612]}, "properties": {"osm_type": "node", "osm_id": 3218222261, "negative_class": "hilltop_settlement", "name": "A Fraguela", "osm_tags": "place=hamlet"}}, {"type": "Feature", "geometry": {"type": "Point", "coordinates": [-8.0685619, 43.5311834]}, "properties": {"osm_type": "node", "osm_id": 10588654995, "negative_class": "hilltop_settlement", "name": "O Outeiro", "osm_tags": "place=hamlet"}}, {"type": "Feature", "geometry": {"type": "Point", "coordinates": [-8.0907778, 43.5248899]}, "properties": {"osm_type": "node", "osm_id": 13917395066, "negative_class": "hilltop_settlement", "name": "Sant\u00e1", "osm_tags": "place=hamlet"}}, {"type": "Feature", "geometry": {"type": "Point", "coordinates": [-8.0732489, 43.6333101]}, "properties": {"osm_type": "node", "osm_id": 9870655930, "negative_class": "hilltop_settlement", "name": "Vilelas", "osm_tags": "place=hamlet"}}, {"type": "Feature", "geometry": {"type": "Point", "coordinates": [-8.2396605, 43.56133]}, "properties": {"osm_type": "node", "osm_id": 13914610266, "negative_class": "hilltop_settlement", "name": "Casa do Martuxo", "osm_tags": "place=isolated_dwelling"}}, {"type": "Feature", "geometry": {"type": "Point", "coordinates": [-8.112517, 43.4553976]}, "properties": {"osm_type": "node", "osm_id": 11107542049, "negative_class": "hilltop_settlement", "name": "A Lousada", "osm_tags": "place=hamlet"}}, {"type": "Feature", "geometry": {"type": "Point", "coordinates": [-8.080864, 43.6300015]}, "properties": {"osm_type": "node", "osm_id": 11154448394, "negative_class": "hilltop_settlement", "name": "O Folgar", "osm_tags": "place=hamlet"}}, {"type": "Feature", "geometry": {"type": "Point", "coordinates": [-8.1948281, 43.4632448]}, "properties": {"osm_type": "node", "osm_id": 11918458054, "negative_class": "hilltop_settlement", "name": "O Carril", "osm_tags": "place=hamlet"}}, {"type": "Feature", "geometry": {"type": "Point", "coordinates": [-8.0905222, 43.5208839]}, "properties": {"osm_type": "node", "osm_id": 11931777877, "negative_class": "hilltop_settlement", "name": "A Bra\u00f1a", "osm_tags": "place=hamlet"}}, {"type": "Feature", "geometry": {"type": "Point", "coordinates": [-8.1905715, 43.4624715]}, "properties": {"osm_type": "node", "osm_id": 11918458066, "negative_class": "hilltop_settlement", "name": "Tras do R\u00edo", "osm_tags": "place=hamlet"}}, {"type": "Feature", "geometry": {"type": "Point", "coordinates": [-8.060096, 43.5734035]}, "properties": {"osm_type": "node", "osm_id": 11917017811, "negative_class": "hilltop_settlement", "name": "A Ferrecha", "osm_tags": "place=isolated_dwelling"}}, {"type": "Feature", "geometry": {"type": "Point", "coordinates": [-7.9531504, 43.6517119]}, "properties": {"osm_type": "node", "osm_id": 6336516793, "negative_class": "hilltop_settlement", "name": "Balv\u00eds", "osm_tags": "place=hamlet"}}, {"type": "Feature", "geometry": {"type": "Point", "coordinates": [-8.1900948, 43.4448444]}, "properties": {"osm_type": "node", "osm_id": 11918617905, "negative_class": "hilltop_settlement", "name": "A Corredoira", "osm_tags": "place=hamlet"}}, {"type": "Feature", "geometry": {"type": "Point", "coordinates": [-8.1504544, 43.5120689]}, "properties": {"osm_type": "node", "osm_id": 11949306874, "negative_class": "hilltop_settlement", "name": "O Port\u00e1dego", "osm_tags": "place=hamlet"}}, {"type": "Feature", "geometry": {"type": "Point", "coordinates": [-8.2596816, 43.4524548]}, "properties": {"osm_type": "node", "osm_id": 3766266400, "negative_class": "hilltop_settlement", "name": "As Roibeiras", "osm_tags": "place=hamlet"}}, {"type": "Feature", "geometry": {"type": "Point", "coordinates": [-8.1426706, 43.6227116]}, "properties": {"osm_type": "node", "osm_id": 11948916721, "negative_class": "hilltop_settlement", "name": "Postamaior", "osm_tags": "place=hamlet"}}, {"type": "Feature", "geometry": {"type": "Point", "coordinates": [-8.1074946, 43.5738501]}, "properties": {"osm_type": "node", "osm_id": 11917857807, "negative_class": "hilltop_settlement", "name": "A Lobeira", "osm_tags": "place=hamlet"}}, {"type": "Feature", "geometry": {"type": "Point", "coordinates": [-8.0455299, 43.4560098]}, "properties": {"osm_type": "node", "osm_id": 6152624125, "negative_class": "hilltop_settlement", "name": "Os Calzados", "osm_tags": "place=hamlet"}}, {"type": "Feature", "geometry": {"type": "Point", "coordinates": [-8.2521232, 43.4563636]}, "properties": {"osm_type": "node", "osm_id": 4121304857, "negative_class": "hilltop_settlement", "name": "Os Corz\u00e1s", "osm_tags": "place=hamlet"}}, {"type": "Feature", "geometry": {"type": "Point", "coordinates": [-8.1807246, 43.5783715]}, "properties": {"osm_type": "node", "osm_id": 10651535586, "negative_class": "hilltop_settlement", "name": "Ria\u00f1a", "osm_tags": "place=hamlet"}}, {"type": "Feature", "geometry": {"type": "Point", "coordinates": [-8.1499569, 43.4965079]}, "properties": {"osm_type": "node", "osm_id": 10269220000, "negative_class": "hilltop_settlement", "name": "Os Curr\u00e1s", "osm_tags": "place=hamlet"}}, {"type": "Feature", "geometry": {"type": "Point", "coordinates": [-8.0593953, 43.4251066]}, "properties": {"osm_type": "node", "osm_id": 6152623341, "negative_class": "hilltop_settlement", "name": "Gunxel", "osm_tags": "place=hamlet"}}, {"type": "Feature", "geometry": {"type": "Point", "coordinates": [-8.1657478, 43.4330225]}, "properties": {"osm_type": "node", "osm_id": 10310474546, "negative_class": "hilltop_settlement", "name": "Lodeiro", "osm_tags": "place=hamlet"}}, {"type": "Feature", "geometry": {"type": "Point", "coordinates": [-8.0506818, 43.4468163]}, "properties": {"osm_type": "node", "osm_id": 6152623782, "negative_class": "hilltop_settlement", "name": "O Lombo", "osm_tags": "place=hamlet"}}, {"type": "Feature", "geometry": {"type": "Point", "coordinates": [-7.9843548, 43.644718]}, "properties": {"osm_type": "node", "osm_id": 6337375131, "negative_class": "hilltop_settlement", "name": "O Empalme de Ar\u00f3n", "osm_tags": "place=hamlet"}}, {"type": "Feature", "geometry": {"type": "Point", "coordinates": [-8.211998, 43.45465]}, "properties": {"osm_type": "node", "osm_id": 12473344768, "negative_class": "hilltop_settlement", "name": "A Fraga", "osm_tags": "place=hamlet"}}, {"type": "Feature", "geometry": {"type": "Point", "coordinates": [-8.1349601, 43.4699643]}, "properties": {"osm_type": "node", "osm_id": 10270515884, "negative_class": "hilltop_settlement", "name": "O Reboredo", "osm_tags": "place=hamlet"}}, {"type": "Feature", "geometry": {"type": "Point", "coordinates": [-8.1813106, 43.5493451]}, "properties": {"osm_type": "node", "osm_id": 4984041400, "negative_class": "hilltop_settlement", "name": "A Borrallada", "osm_tags": "place=hamlet"}}, {"type": "Feature", "geometry": {"type": "Point", "coordinates": [-8.2630931, 43.5231778]}, "properties": {"osm_type": "node", "osm_id": 4878866138, "negative_class": "hilltop_settlement", "name": "Lodeiro", "osm_tags": "place=hamlet"}}, {"type": "Feature", "geometry": {"type": "Point", "coordinates": [-8.0279846, 43.4389404]}, "properties": {"osm_type": "node", "osm_id": 6152624150, "negative_class": "hilltop_settlement", "name": "Xas\u00e9n de Riba", "osm_tags": "place=hamlet"}}, {"type": "Feature", "geometry": {"type": "Point", "coordinates": [-8.0686959, 43.509523]}, "properties": {"osm_type": "node", "osm_id": 11918054850, "negative_class": "hilltop_settlement", "name": "Campo Labrado", "osm_tags": "place=hamlet"}}, {"type": "Feature", "geometry": {"type": "Point", "coordinates": [-8.1844757, 43.5292553]}, "properties": {"osm_type": "node", "osm_id": 4826583270, "negative_class": "hilltop_settlement", "name": "Gadoi", "osm_tags": "place=hamlet"}}, {"type": "Feature", "geometry": {"type": "Point", "coordinates": [-8.0450735, 43.6614262]}, "properties": {"osm_type": "node", "osm_id": 6340579488, "negative_class": "hilltop_settlement", "name": "A Area", "osm_tags": "place=hamlet"}}, {"type": "Feature", "geometry": {"type": "Point", "coordinates": [-8.1494961, 43.4978473]}, "properties": {"osm_type": "node", "osm_id": 10269219985, "negative_class": "hilltop_settlement", "name": "Nogueirido", "osm_tags": "place=hamlet"}}, {"type": "Feature", "geometry": {"type": "Point", "coordinates": [-8.1475103, 43.5148071]}, "properties": {"osm_type": "node", "osm_id": 10254097025, "negative_class": "hilltop_settlement", "name": "Santo Antonio", "osm_tags": "place=hamlet"}}, {"type": "Feature", "geometry": {"type": "Point", "coordinates": [-8.1523939, 43.4759891]}, "properties": {"osm_type": "node", "osm_id": 10281870265, "negative_class": "hilltop_settlement", "name": "A Arriba", "osm_tags": "place=hamlet"}}, {"type": "Feature", "geometry": {"type": "Point", "coordinates": [-8.2746595, 43.54533]}, "properties": {"osm_type": "node", "osm_id": 4878508179, "negative_class": "hilltop_settlement", "name": "A Aldea", "osm_tags": "place=hamlet"}}, {"type": "Feature", "geometry": {"type": "Point", "coordinates": [-8.1489906, 43.5369305]}, "properties": {"osm_type": "node", "osm_id": 11933957149, "negative_class": "hilltop_settlement", "name": "Prados", "osm_tags": "place=hamlet"}}, {"type": "Feature", "geometry": {"type": "Point", "coordinates": [-7.9760478, 43.649976]}, "properties": {"osm_type": "node", "osm_id": 3218175663, "negative_class": "hilltop_settlement", "name": "Regueiro", "osm_tags": "place=hamlet"}}, {"type": "Feature", "geometry": {"type": "Point", "coordinates": [-7.9926211, 43.4289485]}, "properties": {"osm_type": "node", "osm_id": 6155666262, "negative_class": "hilltop_settlement", "name": "O Pico Vello", "osm_tags": "place=hamlet"}}, {"type": "Feature", "geometry": {"type": "Point", "coordinates": [-8.1649217, 43.4411166]}, "properties": {"osm_type": "node", "osm_id": 10287005500, "negative_class": "hilltop_settlement", "name": "O Pe\u00f3n", "osm_tags": "place=hamlet"}}, {"type": "Feature", "geometry": {"type": "Point", "coordinates": [-8.0101448, 43.5202174]}, "properties": {"osm_type": "node", "osm_id": 11916691691, "negative_class": "hilltop_settlement", "name": "O Couce da Fraga", "osm_tags": "place=hamlet"}}, {"type": "Feature", "geometry": {"type": "Point", "coordinates": [-8.2218353, 43.4482347]}, "properties": {"osm_type": "node", "osm_id": 12473344756, "negative_class": "hilltop_settlement", "name": "A Amora", "osm_tags": "place=hamlet"}}, {"type": "Feature", "geometry": {"type": "Point", "coordinates": [-8.1120457, 43.5361889]}, "properties": {"osm_type": "node", "osm_id": 4984031813, "negative_class": "hilltop_settlement", "name": "A Pedra", "osm_tags": "place=hamlet"}}, {"type": "Feature", "geometry": {"type": "Point", "coordinates": [-8.0880658, 43.5877634]}, "properties": {"osm_type": "node", "osm_id": 11917857797, "negative_class": "hilltop_settlement", "name": "A Casti\u00f1eira", "osm_tags": "place=hamlet"}}, {"type": "Feature", "geometry": {"type": "Point", "coordinates": [-7.9642121, 43.639693]}, "properties": {"osm_type": "node", "osm_id": 3218175162, "negative_class": "hilltop_settlement", "name": "Agrochao", "osm_tags": "place=isolated_dwelling"}}, {"type": "Feature", "geometry": {"type": "Point", "coordinates": [-7.9644559, 43.5560632]}, "properties": {"osm_type": "node", "osm_id": 6354214930, "negative_class": "hilltop_settlement", "name": "Vilazanche", "osm_tags": "place=hamlet"}}, {"type": "Feature", "geometry": {"type": "Point", "coordinates": [-7.991976, 43.4846711]}, "properties": {"osm_type": "node", "osm_id": 11916808654, "negative_class": "hilltop_settlement", "name": "A Granxa", "osm_tags": "place=isolated_dwelling"}}, {"type": "Feature", "geometry": {"type": "Point", "coordinates": [-8.1247947, 43.4648344]}, "properties": {"osm_type": "node", "osm_id": 10270515970, "negative_class": "hilltop_settlement", "name": "O Ameneiro", "osm_tags": "place=hamlet"}}, {"type": "Feature", "geometry": {"type": "Point", "coordinates": [-8.0585734, 43.6670243]}, "properties": {"osm_type": "node", "osm_id": 6342055712, "negative_class": "hilltop_settlement", "name": "O Cotelo", "osm_tags": "place=hamlet"}}, {"type": "Feature", "geometry": {"type": "Point", "coordinates": [-8.0232196, 43.6773536]}, "properties": {"osm_type": "node", "osm_id": 6341259984, "negative_class": "hilltop_settlement", "name": "Tide", "osm_tags": "place=hamlet"}}, {"type": "Feature", "geometry": {"type": "Point", "coordinates": [-8.0780064, 43.6334632]}, "properties": {"osm_type": "node", "osm_id": 9870655995, "negative_class": "hilltop_settlement", "name": "O Patronato", "osm_tags": "place=hamlet"}}, {"type": "Feature", "geometry": {"type": "Point", "coordinates": [-7.9973225, 43.545851]}, "properties": {"osm_type": "node", "osm_id": 6352478995, "negative_class": "hilltop_settlement", "name": "O Pereiro", "osm_tags": "place=hamlet"}}, {"type": "Feature", "geometry": {"type": "Point", "coordinates": [-7.9628024, 43.5388854]}, "properties": {"osm_type": "node", "osm_id": 6295276057, "negative_class": "hilltop_settlement", "name": "A Queira", "osm_tags": "place=hamlet"}}, {"type": "Feature", "geometry": {"type": "Point", "coordinates": [-8.246664, 43.496363]}, "properties": {"osm_type": "node", "osm_id": 10893884952, "negative_class": "hilltop_settlement", "name": "Os Corr\u00e1s", "osm_tags": "place=hamlet"}}, {"type": "Feature", "geometry": {"type": "Point", "coordinates": [-8.0020399, 43.5522708]}, "properties": {"osm_type": "node", "osm_id": 6352478910, "negative_class": "hilltop_settlement", "name": "A Vali\u00f1a de Arriba", "osm_tags": "place=hamlet"}}, {"type": "Feature", "geometry": {"type": "Point", "coordinates": [-8.0285048, 43.5386764]}, "properties": {"osm_type": "node", "osm_id": 11917017793, "negative_class": "hilltop_settlement", "name": "Piagolongo", "osm_tags": "place=hamlet"}}, {"type": "Feature", "geometry": {"type": "Point", "coordinates": [-8.2630797, 43.5306505]}, "properties": {"osm_type": "node", "osm_id": 4880664003, "negative_class": "hilltop_settlement", "name": "Tralocastro", "osm_tags": "place=hamlet"}}, {"type": "Feature", "geometry": {"type": "Point", "coordinates": [-7.985524, 43.6180116]}, "properties": {"osm_type": "node", "osm_id": 6343863099, "negative_class": "hilltop_settlement", "name": "A Pena", "osm_tags": "place=hamlet"}}, {"type": "Feature", "geometry": {"type": "Point", "coordinates": [-8.0462153, 43.5643057]}, "properties": {"osm_type": "node", "osm_id": 11917017802, "negative_class": "hilltop_settlement", "name": "A Seara", "osm_tags": "place=hamlet"}}, {"type": "Feature", "geometry": {"type": "Point", "coordinates": [-7.9870233, 43.6172454]}, "properties": {"osm_type": "node", "osm_id": 6343863098, "negative_class": "hilltop_settlement", "name": "A Pena de Abaixo", "osm_tags": "place=hamlet"}}, {"type": "Feature", "geometry": {"type": "Point", "coordinates": [-8.3064753, 43.5589882]}, "properties": {"osm_type": "node", "osm_id": 9383688433, "negative_class": "hilltop_settlement", "name": "A Fonte da Tella", "osm_tags": "place=hamlet"}}, {"type": "Feature", "geometry": {"type": "Point", "coordinates": [-7.9894898, 43.5515845]}, "properties": {"osm_type": "node", "osm_id": 6352478991, "negative_class": "hilltop_settlement", "name": "Cas de Eirido de Abaixo", "osm_tags": "place=hamlet"}}, {"type": "Feature", "geometry": {"type": "Point", "coordinates": [-8.1183624, 43.445058]}, "properties": {"osm_type": "node", "osm_id": 11923308572, "negative_class": "hilltop_settlement", "name": "Porcar", "osm_tags": "place=hamlet"}}, {"type": "Feature", "geometry": {"type": "Point", "coordinates": [-8.2039011, 43.4332766]}, "properties": {"osm_type": "node", "osm_id": 11920842653, "negative_class": "hilltop_settlement", "name": "Ixobre", "osm_tags": "place=hamlet"}}, {"type": "Feature", "geometry": {"type": "Point", "coordinates": [-8.1999385, 43.5625026]}, "properties": {"osm_type": "node", "osm_id": 4984083854, "negative_class": "hilltop_settlement", "name": "Corval", "osm_tags": "place=hamlet"}}, {"type": "Feature", "geometry": {"type": "Point", "coordinates": [-8.2719491, 43.4967318]}, "properties": {"osm_type": "node", "osm_id": 408401599, "negative_class": "hilltop_settlement", "name": "Val\u00f3n", "osm_tags": "place=hamlet"}}, {"type": "Feature", "geometry": {"type": "Point", "coordinates": [-7.9924232, 43.6602111]}, "properties": {"osm_type": "node", "osm_id": 6336516592, "negative_class": "hilltop_settlement", "name": "Fragoso", "osm_tags": "place=hamlet"}}, {"type": "Feature", "geometry": {"type": "Point", "coordinates": [-8.1755717, 43.4709481]}, "properties": {"osm_type": "node", "osm_id": 11918722669, "negative_class": "hilltop_settlement", "name": "A Xunqueira", "osm_tags": "place=hamlet"}}, {"type": "Feature", "geometry": {"type": "Point", "coordinates": [-8.1737366, 43.587218]}, "properties": {"osm_type": "node", "osm_id": 11948005363, "negative_class": "hilltop_settlement", "name": "O Canteiro", "osm_tags": "place=hamlet"}}, {"type": "Feature", "geometry": {"type": "Point", "coordinates": [-8.1436554, 43.5730855]}, "properties": {"osm_type": "node", "osm_id": 11948006071, "negative_class": "hilltop_settlement", "name": "O Vilar de Lago", "osm_tags": "place=hamlet"}}, {"type": "Feature", "geometry": {"type": "Point", "coordinates": [-8.0718851, 43.5378708]}, "properties": {"osm_type": "node", "osm_id": 11918248995, "negative_class": "hilltop_settlement", "name": "Agra de Abaixo", "osm_tags": "place=hamlet"}}, {"type": "Feature", "geometry": {"type": "Point", "coordinates": [-8.0460156, 43.4599036]}, "properties": {"osm_type": "node", "osm_id": 6152690693, "negative_class": "hilltop_settlement", "name": "Cenzoi", "osm_tags": "place=hamlet"}}, {"type": "Feature", "geometry": {"type": "Point", "coordinates": [-8.0972604, 43.6415204]}, "properties": {"osm_type": "node", "osm_id": 11948555074, "negative_class": "hilltop_settlement", "name": "O Mouriscal", "osm_tags": "place=hamlet"}}, {"type": "Feature", "geometry": {"type": "Point", "coordinates": [-8.240435, 43.4483933]}, "properties": {"osm_type": "node", "osm_id": 13931179782, "negative_class": "hilltop_settlement", "name": "O Souto da Cana", "osm_tags": "place=hamlet"}}, {"type": "Feature", "geometry": {"type": "Point", "coordinates": [-8.0468196, 43.6471184]}, "properties": {"osm_type": "node", "osm_id": 6340071287, "negative_class": "hilltop_settlement", "name": "O Corveiral", "osm_tags": "place=hamlet"}}, {"type": "Feature", "geometry": {"type": "Point", "coordinates": [-8.1370131, 43.4716764]}, "properties": {"osm_type": "node", "osm_id": 10270515883, "negative_class": "hilltop_settlement", "name": "A G\u00e1ndara", "osm_tags": "place=hamlet"}}, {"type": "Feature", "geometry": {"type": "Point", "coordinates": [-8.1669305, 43.4531965]}, "properties": {"osm_type": "node", "osm_id": 10292402376, "negative_class": "hilltop_settlement", "name": "O Rego da Moa", "osm_tags": "place=hamlet"}}, {"type": "Feature", "geometry": {"type": "Point", "coordinates": [-8.0114932, 43.4890988]}, "properties": {"osm_type": "node", "osm_id": 11916808646, "negative_class": "hilltop_settlement", "name": "Solposto", "osm_tags": "place=hamlet"}}, {"type": "Feature", "geometry": {"type": "Point", "coordinates": [-8.1647418, 43.4781175]}, "properties": {"osm_type": "node", "osm_id": 10276534081, "negative_class": "hilltop_settlement", "name": "A Fonte do Campo", "osm_tags": "place=hamlet"}}, {"type": "Feature", "geometry": {"type": "Point", "coordinates": [-8.1605373, 43.526972]}, "properties": {"osm_type": "node", "osm_id": 11927131607, "negative_class": "hilltop_settlement", "name": "A Fraga", "osm_tags": "place=hamlet"}}, {"type": "Feature", "geometry": {"type": "Point", "coordinates": [-8.0251914, 43.5640094]}, "properties": {"osm_type": "node", "osm_id": 11916251722, "negative_class": "hilltop_settlement", "name": "A Corveira", "osm_tags": "place=hamlet"}}, {"type": "Feature", "geometry": {"type": "Point", "coordinates": [-8.1240749, 43.5071049]}, "properties": {"osm_type": "node", "osm_id": 3856735331, "negative_class": "hilltop_settlement", "name": "Ard\u00e1", "osm_tags": "place=hamlet"}}, {"type": "Feature", "geometry": {"type": "Point", "coordinates": [-8.1180437, 43.5029772]}, "properties": {"osm_type": "node", "osm_id": 10259177252, "negative_class": "hilltop_settlement", "name": "Cand\u00e1", "osm_tags": "place=hamlet"}}, {"type": "Feature", "geometry": {"type": "Point", "coordinates": [-7.9802932, 43.5890224]}, "properties": {"osm_type": "node", "osm_id": 6351040830, "negative_class": "hilltop_settlement", "name": "O Seixo", "osm_tags": "place=hamlet"}}, {"type": "Feature", "geometry": {"type": "Point", "coordinates": [-7.9709809, 43.4838382]}, "properties": {"osm_type": "node", "osm_id": 6295577333, "negative_class": "hilltop_settlement", "name": "A Toca", "osm_tags": "place=hamlet"}}, {"type": "Feature", "geometry": {"type": "Point", "coordinates": [-8.3107748, 43.5162154]}, "properties": {"osm_type": "node", "osm_id": 4884504796, "negative_class": "hilltop_settlement", "name": "Vila da Area", "osm_tags": "place=hamlet"}}, {"type": "Feature", "geometry": {"type": "Point", "coordinates": [-8.0797134, 43.5270662]}, "properties": {"osm_type": "node", "osm_id": 11918248997, "negative_class": "hilltop_settlement", "name": "Cornide", "osm_tags": "place=hamlet"}}, {"type": "Feature", "geometry": {"type": "Point", "coordinates": [-8.1412185, 43.5933675]}, "properties": {"osm_type": "node", "osm_id": 11948916702, "negative_class": "hilltop_settlement", "name": "A Costeira", "osm_tags": "place=hamlet"}}, {"type": "Feature", "geometry": {"type": "Point", "coordinates": [-7.950136, 43.5195384]}, "properties": {"osm_type": "node", "osm_id": 6295276690, "negative_class": "hilltop_settlement", "name": "Sueiras", "osm_tags": "place=hamlet"}}, {"type": "Feature", "geometry": {"type": "Point", "coordinates": [-8.1482714, 43.4810514]}, "properties": {"osm_type": "node", "osm_id": 10269244036, "negative_class": "hilltop_settlement", "name": "O Valado", "osm_tags": "place=hamlet"}}, {"type": "Feature", "geometry": {"type": "Point", "coordinates": [-8.0791294, 43.5430102]}, "properties": {"osm_type": "node", "osm_id": 11918249002, "negative_class": "hilltop_settlement", "name": "Gunduriz", "osm_tags": "place=hamlet"}}, {"type": "Feature", "geometry": {"type": "Point", "coordinates": [-7.9941593, 43.6529801]}, "properties": {"osm_type": "node", "osm_id": 3222531261, "negative_class": "hilltop_settlement", "name": "O Camp\u00f3n", "osm_tags": "place=hamlet"}}, {"type": "Feature", "geometry": {"type": "Point", "coordinates": [-8.1120507, 43.5149052]}, "properties": {"osm_type": "node", "osm_id": 7245959580, "negative_class": "hilltop_settlement", "name": "Pielas", "osm_tags": "place=hamlet"}}, {"type": "Feature", "geometry": {"type": "Point", "coordinates": [-8.0155978, 43.4954414]}, "properties": {"osm_type": "node", "osm_id": 11916808623, "negative_class": "hilltop_settlement", "name": "A Casti\u00f1eira", "osm_tags": "place=hamlet"}}, {"type": "Feature", "geometry": {"type": "Point", "coordinates": [-8.3019909, 43.4474558]}, "properties": {"osm_type": "node", "osm_id": 13367407123, "negative_class": "hilltop_settlement", "name": "As Salgueiras", "osm_tags": "place=hamlet"}}, {"type": "Feature", "geometry": {"type": "Point", "coordinates": [-8.0217467, 43.5306597]}, "properties": {"osm_type": "node", "osm_id": 12647650920, "negative_class": "hilltop_settlement", "name": "A Tr\u00e9moa", "osm_tags": "place=hamlet"}}, {"type": "Feature", "geometry": {"type": "Point", "coordinates": [-8.0561919, 43.5211127]}, "properties": {"osm_type": "node", "osm_id": 11918249008, "negative_class": "hilltop_settlement", "name": "Ra\u00f1a", "osm_tags": "place=hamlet"}}, {"type": "Feature", "geometry": {"type": "Point", "coordinates": [-7.9767588, 43.5118144]}, "properties": {"osm_type": "node", "osm_id": 11916808615, "negative_class": "hilltop_settlement", "name": "Amido", "osm_tags": "place=hamlet"}}, {"type": "Feature", "geometry": {"type": "Point", "coordinates": [-8.0524709, 43.4600436]}, "properties": {"osm_type": "node", "osm_id": 6152690695, "negative_class": "hilltop_settlement", "name": "A Gra\u00f1a", "osm_tags": "place=hamlet"}}, {"type": "Feature", "geometry": {"type": "Point", "coordinates": [-8.1144112, 43.6202209]}, "properties": {"osm_type": "node", "osm_id": 11948555078, "negative_class": "hilltop_settlement", "name": "A Ramalleira", "osm_tags": "place=hamlet"}}, {"type": "Feature", "geometry": {"type": "Point", "coordinates": [-7.9553834, 43.5172752]}, "properties": {"osm_type": "node", "osm_id": 6295276688, "negative_class": "hilltop_settlement", "name": "Coucixoso", "osm_tags": "place=hamlet"}}, {"type": "Feature", "geometry": {"type": "Point", "coordinates": [-8.1174748, 43.4642796]}, "properties": {"osm_type": "node", "osm_id": 10270515974, "negative_class": "hilltop_settlement", "name": "A Brea de Sillobre", "osm_tags": "place=hamlet"}}, {"type": "Feature", "geometry": {"type": "Point", "coordinates": [-8.17936, 43.429153]}, "properties": {"osm_type": "node", "osm_id": 10310474876, "negative_class": "hilltop_settlement", "name": "O Rego", "osm_tags": "place=hamlet"}}, {"type": "Feature", "geometry": {"type": "Point", "coordinates": [-8.1536012, 43.5881206]}, "properties": {"osm_type": "node", "osm_id": 10266229702, "negative_class": "hilltop_settlement", "name": "Lanz\u00f3s", "osm_tags": "place=hamlet"}}, {"type": "Feature", "geometry": {"type": "Point", "coordinates": [-7.9547896, 43.5278799]}, "properties": {"osm_type": "node", "osm_id": 6295276053, "negative_class": "hilltop_settlement", "name": "Trigal", "osm_tags": "place=hamlet"}}, {"type": "Feature", "geometry": {"type": "Point", "coordinates": [-8.1914558, 43.4567275]}, "properties": {"osm_type": "node", "osm_id": 11918617912, "negative_class": "hilltop_settlement", "name": "A Brea de Mani\u00f1os", "osm_tags": "place=hamlet"}}, {"type": "Feature", "geometry": {"type": "Point", "coordinates": [-8.2392328, 43.4987079]}, "properties": {"osm_type": "node", "osm_id": 11926918438, "negative_class": "hilltop_settlement", "name": "O Bosque", "osm_tags": "place=hamlet"}}, {"type": "Feature", "geometry": {"type": "Point", "coordinates": [-8.1757599, 43.5053521]}, "properties": {"osm_type": "node", "osm_id": 4983987212, "negative_class": "hilltop_settlement", "name": "Cornido", "osm_tags": "place=hamlet"}}, {"type": "Feature", "geometry": {"type": "Point", "coordinates": [-7.9815108, 43.6514486]}, "properties": {"osm_type": "node", "osm_id": 3222530461, "negative_class": "hilltop_settlement", "name": "A Penica", "osm_tags": "place=hamlet"}}, {"type": "Feature", "geometry": {"type": "Point", "coordinates": [-8.2142402, 43.5389525]}, "properties": {"osm_type": "node", "osm_id": 4888434850, "negative_class": "hilltop_settlement", "name": "O Curro", "osm_tags": "place=hamlet"}}, {"type": "Feature", "geometry": {"type": "Point", "coordinates": [-8.1409563, 43.4360252]}, "properties": {"osm_type": "node", "osm_id": 11923308574, "negative_class": "hilltop_settlement", "name": "O Alto", "osm_tags": "place=hamlet"}}, {"type": "Feature", "geometry": {"type": "Point", "coordinates": [-8.0237223, 43.4451462]}, "properties": {"osm_type": "node", "osm_id": 6152624143, "negative_class": "hilltop_settlement", "name": "A Teixeira", "osm_tags": "place=hamlet"}}, {"type": "Feature", "geometry": {"type": "Point", "coordinates": [-8.1894201, 43.4931111]}, "properties": {"osm_type": "node", "osm_id": 5002094713, "negative_class": "hilltop_settlement", "name": "Longras", "osm_tags": "place=hamlet"}}, {"type": "Feature", "geometry": {"type": "Point", "coordinates": [-8.0489021, 43.6334659]}, "properties": {"osm_type": "node", "osm_id": 9863599625, "negative_class": "hilltop_settlement", "name": "O Puntal", "osm_tags": "place=hamlet"}}, {"type": "Feature", "geometry": {"type": "Point", "coordinates": [-7.9749486, 43.5040602]}, "properties": {"osm_type": "node", "osm_id": 6295576935, "negative_class": "hilltop_settlement", "name": "O Machuco", "osm_tags": "place=isolated_dwelling"}}, {"type": "Feature", "geometry": {"type": "Point", "coordinates": [-8.1575216, 43.5045653]}, "properties": {"osm_type": "node", "osm_id": 11949306876, "negative_class": "hilltop_settlement", "name": "Ribeira de Santa Mar\u00eda", "osm_tags": "place=hamlet"}}, {"type": "Feature", "geometry": {"type": "Point", "coordinates": [-7.9599484, 43.5507964]}, "properties": {"osm_type": "node", "osm_id": 6354214901, "negative_class": "hilltop_settlement", "name": "O Vilar", "osm_tags": "place=hamlet"}}, {"type": "Feature", "geometry": {"type": "Point", "coordinates": [-8.1848431, 43.4346394]}, "properties": {"osm_type": "node", "osm_id": 11918795639, "negative_class": "hilltop_settlement", "name": "A Areosa", "osm_tags": "place=hamlet"}}, {"type": "Feature", "geometry": {"type": "Point", "coordinates": [-8.1950891, 43.4355085]}, "properties": {"osm_type": "node", "osm_id": 3858742073, "negative_class": "hilltop_settlement", "name": "O Cami\u00f1o Grande", "osm_tags": "place=hamlet"}}, {"type": "Feature", "geometry": {"type": "Point", "coordinates": [-7.9937626, 43.5118406]}, "properties": {"osm_type": "node", "osm_id": 11916691706, "negative_class": "hilltop_settlement", "name": "San Cristovo", "osm_tags": "place=hamlet"}}, {"type": "Feature", "geometry": {"type": "Point", "coordinates": [-8.153666, 43.5198429]}, "properties": {"osm_type": "node", "osm_id": 4984011766, "negative_class": "hilltop_settlement", "name": "Os Barrac\u00f3s", "osm_tags": "place=hamlet"}}, {"type": "Feature", "geometry": {"type": "Point", "coordinates": [-7.9648881, 43.4986278]}, "properties": {"osm_type": "node", "osm_id": 6295577328, "negative_class": "hilltop_settlement", "name": "Vi\u00f1as", "osm_tags": "place=hamlet"}}, {"type": "Feature", "geometry": {"type": "Point", "coordinates": [-7.9939449, 43.5263213]}, "properties": {"osm_type": "node", "osm_id": 11916691692, "negative_class": "hilltop_settlement", "name": "As Filgueiras", "osm_tags": "place=hamlet"}}, {"type": "Feature", "geometry": {"type": "Point", "coordinates": [-7.9784956, 43.6546568]}, "properties": {"osm_type": "node", "osm_id": 6337375598, "negative_class": "hilltop_settlement", "name": "A Granxa", "osm_tags": "place=hamlet"}}, {"type": "Feature", "geometry": {"type": "Point", "coordinates": [-8.1233076, 43.5104431]}, "properties": {"osm_type": "node", "osm_id": 7245959577, "negative_class": "hilltop_settlement", "name": "A Cruz do Pouso", "osm_tags": "place=hamlet"}}, {"type": "Feature", "geometry": {"type": "Point", "coordinates": [-8.2174072, 43.5621364]}, "properties": {"osm_type": "node", "osm_id": 4888423177, "negative_class": "hilltop_settlement", "name": "O Grandal", "osm_tags": "place=hamlet"}}, {"type": "Feature", "geometry": {"type": "Point", "coordinates": [-8.1033598, 43.4889653]}, "properties": {"osm_type": "node", "osm_id": 11935762095, "negative_class": "hilltop_settlement", "name": "A Lobeira", "osm_tags": "place=hamlet"}}, {"type": "Feature", "geometry": {"type": "Point", "coordinates": [-8.1967343, 43.5606489]}, "properties": {"osm_type": "node", "osm_id": 4984067702, "negative_class": "hilltop_settlement", "name": "O C\u00e1davo", "osm_tags": "place=hamlet"}}, {"type": "Feature", "geometry": {"type": "Point", "coordinates": [-8.0314278, 43.6866143]}, "properties": {"osm_type": "node", "osm_id": 6341261386, "negative_class": "hilltop_settlement", "name": "Magoira", "osm_tags": "place=hamlet"}}, {"type": "Feature", "geometry": {"type": "Point", "coordinates": [-8.2701981, 43.4451136]}, "properties": {"osm_type": "node", "osm_id": 13367407135, "negative_class": "hilltop_settlement", "name": "O Bugall\u00f3n", "osm_tags": "place=isolated_dwelling"}}, {"type": "Feature", "geometry": {"type": "Point", "coordinates": [-8.0277771, 43.666395]}, "properties": {"osm_type": "node", "osm_id": 6340580067, "negative_class": "hilltop_settlement", "name": "Breixo", "osm_tags": "place=hamlet"}}, {"type": "Feature", "geometry": {"type": "Point", "coordinates": [-8.0743792, 43.5130996]}, "properties": {"osm_type": "node", "osm_id": 11918074478, "negative_class": "hilltop_settlement", "name": "A Penamoura", "osm_tags": "place=hamlet"}}, {"type": "Feature", "geometry": {"type": "Point", "coordinates": [-8.0352888, 43.6389853]}, "properties": {"osm_type": "node", "osm_id": 3216728864, "negative_class": "hilltop_settlement", "name": "Vilela", "osm_tags": "place=hamlet"}}, {"type": "Feature", "geometry": {"type": "Point", "coordinates": [-8.0132852, 43.4806158]}, "properties": {"osm_type": "node", "osm_id": 11916808651, "negative_class": "hilltop_settlement", "name": "Supenedo", "osm_tags": "place=isolated_dwelling"}}, {"type": "Feature", "geometry": {"type": "Point", "coordinates": [-8.1471043, 43.4645093]}, "properties": {"osm_type": "node", "osm_id": 10285604134, "negative_class": "hilltop_settlement", "name": "Lubi\u00e1n", "osm_tags": "place=hamlet"}}, {"type": "Feature", "geometry": {"type": "Point", "coordinates": [-8.0253234, 43.5379795]}, "properties": {"osm_type": "node", "osm_id": 6352478922, "negative_class": "hilltop_settlement", "name": "Piagolongo", "osm_tags": "place=hamlet"}}, {"type": "Feature", "geometry": {"type": "Point", "coordinates": [-8.1366552, 43.6073521]}, "properties": {"osm_type": "node", "osm_id": 11948916707, "negative_class": "hilltop_settlement", "name": "O Gra\u00f1o", "osm_tags": "place=hamlet"}}, {"type": "Feature", "geometry": {"type": "Point", "coordinates": [-8.1671713, 43.4700757]}, "properties": {"osm_type": "node", "osm_id": 10291046226, "negative_class": "hilltop_settlement", "name": "A R\u00faa Alta", "osm_tags": "place=hamlet"}}, {"type": "Feature", "geometry": {"type": "Point", "coordinates": [-7.9771354, 43.5993994]}, "properties": {"osm_type": "node", "osm_id": 6344893406, "negative_class": "hilltop_settlement", "name": "Casaldaia de Abaixo", "osm_tags": "place=hamlet"}}, {"type": "Feature", "geometry": {"type": "Point", "coordinates": [-8.0331347, 43.5552535]}, "properties": {"osm_type": "node", "osm_id": 11917017805, "negative_class": "hilltop_settlement", "name": "Vilanova", "osm_tags": "place=hamlet"}}, {"type": "Feature", "geometry": {"type": "Point", "coordinates": [-8.1061796, 43.4699186]}, "properties": {"osm_type": "node", "osm_id": 11935781633, "negative_class": "hilltop_settlement", "name": "O Ladeiro", "osm_tags": "place=hamlet"}}, {"type": "Feature", "geometry": {"type": "Point", "coordinates": [-7.9973054, 43.6399891]}, "properties": {"osm_type": "node", "osm_id": 6343863149, "negative_class": "hilltop_settlement", "name": "Casaldegonce", "osm_tags": "place=hamlet"}}, {"type": "Feature", "geometry": {"type": "Point", "coordinates": [-8.0181009, 43.4926852]}, "properties": {"osm_type": "node", "osm_id": 11916808633, "negative_class": "hilltop_settlement", "name": "O Lombo", "osm_tags": "place=hamlet"}}, {"type": "Feature", "geometry": {"type": "Point", "coordinates": [-8.1168943, 43.4831639]}, "properties": {"osm_type": "node", "osm_id": 10271053830, "negative_class": "hilltop_settlement", "name": "O Pingado", "osm_tags": "place=isolated_dwelling"}}, {"type": "Feature", "geometry": {"type": "Point", "coordinates": [-8.1088851, 43.5146014]}, "properties": {"osm_type": "node", "osm_id": 7245959573, "negative_class": "hilltop_settlement", "name": "O Souto", "osm_tags": "place=hamlet"}}, {"type": "Feature", "geometry": {"type": "Point", "coordinates": [-7.9801296, 43.6481385]}, "properties": {"osm_type": "node", "osm_id": 3218175161, "negative_class": "hilltop_settlement", "name": "A Calzada", "osm_tags": "place=hamlet"}}, {"type": "Feature", "geometry": {"type": "Point", "coordinates": [-8.2721777, 43.4774933]}, "properties": {"osm_type": "node", "osm_id": 12535129729, "negative_class": "natural_landform", "name": "", "osm_tags": "natural=peak"}}, {"type": "Feature", "geometry": {"type": "Point", "coordinates": [-8.1986317, 43.4345902]}, "properties": {"osm_type": "node", "osm_id": 12535089092, "negative_class": "natural_landform", "name": "", "osm_tags": "natural=peak"}}, {"type": "Feature", "geometry": {"type": "Point", "coordinates": [-8.0728904, 43.4771937]}, "properties": {"osm_type": "node", "osm_id": 12536506965, "negative_class": "natural_landform", "name": "", "osm_tags": "natural=peak"}}, {"type": "Feature", "geometry": {"type": "Point", "coordinates": [-8.0493338, 43.5531216]}, "properties": {"osm_type": "node", "osm_id": 8004464152, "negative_class": "natural_landform", "name": "Coto do Rapadoiro", "osm_tags": "natural=peak"}}, {"type": "Feature", "geometry": {"type": "Point", "coordinates": [-8.258848, 43.5187948]}, "properties": {"osm_type": "node", "osm_id": 12535129738, "negative_class": "natural_landform", "name": "", "osm_tags": "natural=peak"}}, {"type": "Feature", "geometry": {"type": "Point", "coordinates": [-8.1402483, 43.5362096]}, "properties": {"osm_type": "node", "osm_id": 12535089084, "negative_class": "natural_landform", "name": "", "osm_tags": "natural=peak"}}, {"type": "Feature", "geometry": {"type": "Point", "coordinates": [-8.0934031, 43.476985]}, "properties": {"osm_type": "node", "osm_id": 1249961142, "negative_class": "natural_landform", "name": "Penas Louseiras", "osm_tags": "natural=peak"}}, {"type": "Feature", "geometry": {"type": "Point", "coordinates": [-8.0217528, 43.4761749]}, "properties": {"osm_type": "node", "osm_id": 12536506948, "negative_class": "natural_landform", "name": "", "osm_tags": "natural=peak"}}, {"type": "Feature", "geometry": {"type": "Point", "coordinates": [-8.270396, 43.4878881]}, "properties": {"osm_type": "node", "osm_id": 12535154816, "negative_class": "natural_landform", "name": "", "osm_tags": "natural=peak"}}, {"type": "Feature", "geometry": {"type": "Point", "coordinates": [-8.1415727, 43.4714274]}, "properties": {"osm_type": "node", "osm_id": 12535089077, "negative_class": "natural_landform", "name": "", "osm_tags": "natural=peak"}}, {"type": "Feature", "geometry": {"type": "Point", "coordinates": [-8.2626139, 43.5088561]}, "properties": {"osm_type": "node", "osm_id": 1241618720, "negative_class": "natural_landform", "name": "Monte Pedroso", "osm_tags": "natural=peak"}}, {"type": "Feature", "geometry": {"type": "Point", "coordinates": [-7.9660536, 43.4306376]}, "properties": {"osm_type": "node", "osm_id": 13799514116, "negative_class": "natural_landform", "name": "Penas do Pico", "osm_tags": "natural=peak"}}, {"type": "Feature", "geometry": {"type": "Point", "coordinates": [-8.3137068, 43.4802984]}, "properties": {"osm_type": "node", "osm_id": 12535154805, "negative_class": "natural_landform", "name": "", "osm_tags": "natural=peak"}}, {"type": "Feature", "geometry": {"type": "Point", "coordinates": [-8.1879883, 43.615003]}, "properties": {"osm_type": "node", "osm_id": 12535676087, "negative_class": "natural_landform", "name": "", "osm_tags": "natural=peak"}}, {"type": "Feature", "geometry": {"type": "Point", "coordinates": [-7.9537229, 43.7066021]}, "properties": {"osm_type": "node", "osm_id": 5414397434, "negative_class": "natural_landform", "name": "", "osm_tags": "natural=peak"}}, {"type": "Feature", "geometry": {"type": "Point", "coordinates": [-8.045573, 43.5677318]}, "properties": {"osm_type": "node", "osm_id": 8004463976, "negative_class": "natural_landform", "name": "Monte de Seara", "osm_tags": "natural=peak"}}, {"type": "Feature", "geometry": {"type": "Point", "coordinates": [-8.0300083, 43.4796654]}, "properties": {"osm_type": "node", "osm_id": 12536506947, "negative_class": "natural_landform", "name": "Pena Daza", "osm_tags": "natural=peak"}}, {"type": "Feature", "geometry": {"type": "Point", "coordinates": [-8.0355072, 43.4824553]}, "properties": {"osm_type": "node", "osm_id": 12536506946, "negative_class": "natural_landform", "name": "Monte Racamonde", "osm_tags": "natural=peak"}}, {"type": "Feature", "geometry": {"type": "Point", "coordinates": [-8.1961428, 43.6036531]}, "properties": {"osm_type": "node", "osm_id": 12535676079, "negative_class": "natural_landform", "name": "", "osm_tags": "natural=peak"}}, {"type": "Feature", "geometry": {"type": "Point", "coordinates": [-8.0806937, 43.473108]}, "properties": {"osm_type": "node", "osm_id": 1241626409, "negative_class": "natural_landform", "name": "Pena da Lama", "osm_tags": "natural=peak"}}, {"type": "Feature", "geometry": {"type": "Point", "coordinates": [-8.3251758, 43.4689562]}, "properties": {"osm_type": "way", "osm_id": 1446973447, "negative_class": "natural_landform", "name": "", "osm_tags": "natural=cliff"}}, {"type": "Feature", "geometry": {"type": "Point", "coordinates": [-8.2484741, 43.4459054]}, "properties": {"osm_type": "node", "osm_id": 12535089096, "negative_class": "natural_landform", "name": "", "osm_tags": "natural=peak"}}, {"type": "Feature", "geometry": {"type": "Point", "coordinates": [-7.9655366, 43.5581552]}, "properties": {"osm_type": "node", "osm_id": 8004464245, "negative_class": "natural_landform", "name": "", "osm_tags": "natural=peak"}}, {"type": "Feature", "geometry": {"type": "Point", "coordinates": [-7.9860483, 43.7096646]}, "properties": {"osm_type": "node", "osm_id": 9119979789, "negative_class": "natural_landform", "name": "", "osm_tags": "natural=rock"}}, {"type": "Feature", "geometry": {"type": "Point", "coordinates": [-8.0628733, 43.6713722]}, "properties": {"osm_type": "node", "osm_id": 13799488667, "negative_class": "natural_landform", "name": "Penedo Negro", "osm_tags": "natural=peak"}}, {"type": "Feature", "geometry": {"type": "Point", "coordinates": [-8.0334759, 43.5998847]}, "properties": {"osm_type": "node", "osm_id": 13799488644, "negative_class": "natural_landform", "name": "Monte de San Pedro", "osm_tags": "natural=peak"}}, {"type": "Feature", "geometry": {"type": "Point", "coordinates": [-8.096746, 43.4797108]}, "properties": {"osm_type": "node", "osm_id": 12536506970, "negative_class": "natural_landform", "name": "", "osm_tags": "natural=peak"}}, {"type": "Feature", "geometry": {"type": "Point", "coordinates": [-8.1174277, 43.4904824]}, "properties": {"osm_type": "node", "osm_id": 13799488654, "negative_class": "natural_landform", "name": "Porto da Pena", "osm_tags": "natural=peak"}}, {"type": "Feature", "geometry": {"type": "Point", "coordinates": [-8.2449501, 43.5213161]}, "properties": {"osm_type": "node", "osm_id": 1241638358, "negative_class": "natural_landform", "name": "Monte de Vilela", "osm_tags": "natural=peak"}}, {"type": "Feature", "geometry": {"type": "Point", "coordinates": [-8.1565275, 43.5278998]}, "properties": {"osm_type": "node", "osm_id": 12535129742, "negative_class": "natural_landform", "name": "", "osm_tags": "natural=peak"}}, {"type": "Feature", "geometry": {"type": "Point", "coordinates": [-8.2126878, 43.5932139]}, "properties": {"osm_type": "node", "osm_id": 12535676072, "negative_class": "natural_landform", "name": "", "osm_tags": "natural=peak"}}, {"type": "Feature", "geometry": {"type": "Point", "coordinates": [-8.1814432, 43.62168]}, "properties": {"osm_type": "node", "osm_id": 8004464010, "negative_class": "natural_landform", "name": "", "osm_tags": "natural=peak"}}, {"type": "Feature", "geometry": {"type": "Point", "coordinates": [-8.3389974, 43.5112327]}, "properties": {"osm_type": "node", "osm_id": 12535676052, "negative_class": "natural_landform", "name": "", "osm_tags": "natural=peak"}}, {"type": "Feature", "geometry": {"type": "Point", "coordinates": [-8.1925856, 43.6118702]}, "properties": {"osm_type": "way", "osm_id": 560516684, "negative_class": "natural_landform", "name": "", "osm_tags": "natural=cliff"}}, {"type": "Feature", "geometry": {"type": "Point", "coordinates": [-8.0952957, 43.5496972]}, "properties": {"osm_type": "node", "osm_id": 8004463996, "negative_class": "natural_landform", "name": "O Pico", "osm_tags": "natural=peak"}}, {"type": "Feature", "geometry": {"type": "Point", "coordinates": [-8.0545141, 43.4368029]}, "properties": {"osm_type": "node", "osm_id": 13799514118, "negative_class": "natural_landform", "name": "Pena da Cruz", "osm_tags": "natural=peak"}}, {"type": "Feature", "geometry": {"type": "Point", "coordinates": [-8.3210897, 43.4759318]}, "properties": {"osm_type": "node", "osm_id": 12535154806, "negative_class": "natural_landform", "name": "", "osm_tags": "natural=peak"}}, {"type": "Feature", "geometry": {"type": "Point", "coordinates": [-8.0234162, 43.524899]}, "properties": {"osm_type": "node", "osm_id": 13799488679, "negative_class": "natural_landform", "name": "Pico de Ferreira", "osm_tags": "natural=peak"}}, {"type": "Feature", "geometry": {"type": "Point", "coordinates": [-8.2544033, 43.4660152]}, "properties": {"osm_type": "node", "osm_id": 4362648447, "negative_class": "natural_landform", "name": "Pena Ancha", "osm_tags": "natural=rock"}}, {"type": "Feature", "geometry": {"type": "Point", "coordinates": [-7.9634276, 43.7178834]}, "properties": {"osm_type": "node", "osm_id": 8928481390, "negative_class": "natural_landform", "name": "", "osm_tags": "natural=rock"}}, {"type": "Feature", "geometry": {"type": "Point", "coordinates": [-8.2014622, 43.5975643]}, "properties": {"osm_type": "node", "osm_id": 12535676076, "negative_class": "natural_landform", "name": "", "osm_tags": "natural=peak"}}, {"type": "Feature", "geometry": {"type": "Point", "coordinates": [-8.1448045, 43.437508]}, "properties": {"osm_type": "node", "osm_id": 12535154820, "negative_class": "natural_landform", "name": "", "osm_tags": "natural=peak"}}, {"type": "Feature", "geometry": {"type": "Point", "coordinates": [-8.0780127, 43.4777592]}, "properties": {"osm_type": "node", "osm_id": 12536506966, "negative_class": "natural_landform", "name": "", "osm_tags": "natural=peak"}}, {"type": "Feature", "geometry": {"type": "Point", "coordinates": [-8.2119311, 43.4240657]}, "properties": {"osm_type": "node", "osm_id": 12535676045, "negative_class": "natural_landform", "name": "", "osm_tags": "natural=peak"}}, {"type": "Feature", "geometry": {"type": "Point", "coordinates": [-8.2203541, 43.5718996]}, "properties": {"osm_type": "node", "osm_id": 1241715864, "negative_class": "natural_landform", "name": "Coto da Modia", "osm_tags": "natural=peak"}}, {"type": "Feature", "geometry": {"type": "Point", "coordinates": [-8.3253552, 43.5288054]}, "properties": {"osm_type": "node", "osm_id": 12535676058, "negative_class": "natural_landform", "name": "", "osm_tags": "natural=peak"}}, {"type": "Feature", "geometry": {"type": "Point", "coordinates": [-8.3160428, 43.5674635]}, "properties": {"osm_type": "way", "osm_id": 1286323529, "negative_class": "natural_landform", "name": "", "osm_tags": "natural=cliff"}}, {"type": "Feature", "geometry": {"type": "Point", "coordinates": [-8.1211854, 43.5250504]}, "properties": {"osm_type": "node", "osm_id": 12535089081, "negative_class": "natural_landform", "name": "", "osm_tags": "natural=peak"}}, {"type": "Feature", "geometry": {"type": "Point", "coordinates": [-8.2885472, 43.5130095]}, "properties": {"osm_type": "node", "osm_id": 1241727656, "negative_class": "natural_landform", "name": "Coto de San Xurxo", "osm_tags": "natural=peak"}}, {"type": "Feature", "geometry": {"type": "Point", "coordinates": [-8.1691903, 43.5099842]}, "properties": {"osm_type": "node", "osm_id": 12535129741, "negative_class": "natural_landform", "name": "", "osm_tags": "natural=peak"}}, {"type": "Feature", "geometry": {"type": "Point", "coordinates": [-8.076343, 43.5427769]}, "properties": {"osm_type": "node", "osm_id": 8004463982, "negative_class": "natural_landform", "name": "Moimentos", "osm_tags": "natural=peak"}}, {"type": "Feature", "geometry": {"type": "Point", "coordinates": [-8.2882903, 43.5211693]}, "properties": {"osm_type": "node", "osm_id": 1241633371, "negative_class": "natural_landform", "name": "A Lagoa", "osm_tags": "natural=peak"}}, {"type": "Feature", "geometry": {"type": "Point", "coordinates": [-7.9676551, 43.436514]}, "properties": {"osm_type": "node", "osm_id": 13799514121, "negative_class": "natural_landform", "name": "Pico do Ar", "osm_tags": "natural=peak"}}, {"type": "Feature", "geometry": {"type": "Point", "coordinates": [-8.2743432, 43.5183889]}, "properties": {"osm_type": "node", "osm_id": 1241706890, "negative_class": "natural_landform", "name": "Monte Vello", "osm_tags": "natural=peak"}}, {"type": "Feature", "geometry": {"type": "Point", "coordinates": [-8.310764, 43.5673429]}, "properties": {"osm_type": "way", "osm_id": 1286323526, "negative_class": "natural_landform", "name": "", "osm_tags": "natural=cliff"}}, {"type": "Feature", "geometry": {"type": "Point", "coordinates": [-7.9687069, 43.6282636]}, "properties": {"osm_type": "node", "osm_id": 13799488645, "negative_class": "natural_landform", "name": "Pena Maior", "osm_tags": "natural=peak"}}, {"type": "Feature", "geometry": {"type": "Point", "coordinates": [-8.1362049, 43.4886048]}, "properties": {"osm_type": "node", "osm_id": 3796998537, "negative_class": "natural_landform", "name": "Alto de Marrax\u00f3n", "osm_tags": "natural=peak"}}, {"type": "Feature", "geometry": {"type": "Point", "coordinates": [-8.255859, 43.4201369]}, "properties": {"osm_type": "way", "osm_id": 663277597, "negative_class": "natural_landform", "name": "", "osm_tags": "natural=cliff"}}, {"type": "Feature", "geometry": {"type": "Point", "coordinates": [-8.0044884, 43.6632761]}, "properties": {"osm_type": "node", "osm_id": 13799488648, "negative_class": "natural_landform", "name": "Pena da Aguia", "osm_tags": "natural=peak"}}, {"type": "Feature", "geometry": {"type": "Point", "coordinates": [-8.2059295, 43.592751]}, "properties": {"osm_type": "node", "osm_id": 12535676068, "negative_class": "natural_landform", "name": "Alto de Campelo", "osm_tags": "natural=peak"}}, {"type": "Feature", "geometry": {"type": "Point", "coordinates": [-8.1912135, 43.6127377]}, "properties": {"osm_type": "node", "osm_id": 12535676085, "negative_class": "natural_landform", "name": "", "osm_tags": "natural=peak"}}, {"type": "Feature", "geometry": {"type": "Point", "coordinates": [-8.2989813, 43.4740588]}, "properties": {"osm_type": "node", "osm_id": 1241723699, "negative_class": "natural_landform", "name": "Coto do Gato", "osm_tags": "natural=peak"}}, {"type": "Feature", "geometry": {"type": "Point", "coordinates": [-8.2888238, 43.484974]}, "properties": {"osm_type": "node", "osm_id": 4566893343, "negative_class": "natural_landform", "name": "Monte da Cha", "osm_tags": "natural=peak"}}, {"type": "Feature", "geometry": {"type": "Point", "coordinates": [-8.3043367, 43.4796422]}, "properties": {"osm_type": "node", "osm_id": 1241626813, "negative_class": "natural_landform", "name": "Pena Loureiro", "osm_tags": "natural=peak"}}, {"type": "Feature", "geometry": {"type": "Point", "coordinates": [-8.063859, 43.4728428]}, "properties": {"osm_type": "node", "osm_id": 1241639601, "negative_class": "natural_landform", "name": "Pena da Cruz", "osm_tags": "natural=peak"}}, {"type": "Feature", "geometry": {"type": "Point", "coordinates": [-8.084629, 43.4267834]}, "properties": {"osm_type": "node", "osm_id": 13799488657, "negative_class": "natural_landform", "name": "Penedo de San Xo\u00e1n", "osm_tags": "natural=peak"}}, {"type": "Feature", "geometry": {"type": "Point", "coordinates": [-8.1824491, 43.4238026]}, "properties": {"osm_type": "node", "osm_id": 12535154826, "negative_class": "natural_landform", "name": "", "osm_tags": "natural=peak"}}, {"type": "Feature", "geometry": {"type": "Point", "coordinates": [-8.2362566, 43.5725793]}, "properties": {"osm_type": "node", "osm_id": 12535676065, "negative_class": "natural_landform", "name": "", "osm_tags": "natural=peak"}}, {"type": "Feature", "geometry": {"type": "Point", "coordinates": [-8.1847878, 43.6164604]}, "properties": {"osm_type": "node", "osm_id": 8004464018, "negative_class": "natural_landform", "name": "Coto da Pena Longa", "osm_tags": "natural=peak"}}, {"type": "Feature", "geometry": {"type": "Point", "coordinates": [-8.3374717, 43.4614218]}, "properties": {"osm_type": "way", "osm_id": 1446973445, "negative_class": "natural_landform", "name": "", "osm_tags": "natural=cliff"}}, {"type": "Feature", "geometry": {"type": "Point", "coordinates": [-8.1417095, 43.5383206]}, "properties": {"osm_type": "node", "osm_id": 12535089085, "negative_class": "natural_landform", "name": "", "osm_tags": "natural=peak"}}, {"type": "Feature", "geometry": {"type": "Point", "coordinates": [-8.1985518, 43.6106355]}, "properties": {"osm_type": "node", "osm_id": 12535676084, "negative_class": "natural_landform", "name": "", "osm_tags": "natural=peak"}}, {"type": "Feature", "geometry": {"type": "Point", "coordinates": [-8.2696152, 43.4761507]}, "properties": {"osm_type": "node", "osm_id": 12535129730, "negative_class": "natural_landform", "name": "", "osm_tags": "natural=peak"}}, {"type": "Feature", "geometry": {"type": "Point", "coordinates": [-8.0472373, 43.4860451]}, "properties": {"osm_type": "node", "osm_id": 1241708871, "negative_class": "natural_landform", "name": "Pena da Rama", "osm_tags": "natural=peak"}}, {"type": "Feature", "geometry": {"type": "Point", "coordinates": [-8.2219553, 43.455066]}, "properties": {"osm_type": "node", "osm_id": 12535089094, "negative_class": "natural_landform", "name": "", "osm_tags": "natural=peak"}}, {"type": "Feature", "geometry": {"type": "Point", "coordinates": [-8.233845, 43.5499535]}, "properties": {"osm_type": "node", "osm_id": 1241636807, "negative_class": "natural_landform", "name": "Monte Painceira", "osm_tags": "natural=peak"}}, {"type": "Feature", "geometry": {"type": "Point", "coordinates": [-8.1460319, 43.5661162]}, "properties": {"osm_type": "node", "osm_id": 8004464057, "negative_class": "natural_landform", "name": "Coto do Vilar", "osm_tags": "natural=peak"}}, {"type": "Feature", "geometry": {"type": "Point", "coordinates": [-8.1217538, 43.4676703]}, "properties": {"osm_type": "node", "osm_id": 12535089078, "negative_class": "natural_landform", "name": "", "osm_tags": "natural=peak"}}, {"type": "Feature", "geometry": {"type": "Point", "coordinates": [-8.1750679, 43.4388981]}, "properties": {"osm_type": "node", "osm_id": 12535676038, "negative_class": "natural_landform", "name": "", "osm_tags": "natural=peak"}}, {"type": "Feature", "geometry": {"type": "Point", "coordinates": [-8.1303291, 43.4630544]}, "properties": {"osm_type": "node", "osm_id": 1241628198, "negative_class": "natural_landform", "name": "Os Roc\u00eds", "osm_tags": "natural=peak"}}, {"type": "Feature", "geometry": {"type": "Point", "coordinates": [-7.9675831, 43.7062279]}, "properties": {"osm_type": "node", "osm_id": 5414397432, "negative_class": "natural_landform", "name": "", "osm_tags": "natural=peak"}}, {"type": "Feature", "geometry": {"type": "Point", "coordinates": [-8.2529929, 43.4211763]}, "properties": {"osm_type": "way", "osm_id": 663277599, "negative_class": "natural_landform", "name": "", "osm_tags": "natural=cliff"}}, {"type": "Feature", "geometry": {"type": "Point", "coordinates": [-8.2631151, 43.5128856]}, "properties": {"osm_type": "node", "osm_id": 12535129736, "negative_class": "natural_landform", "name": "", "osm_tags": "natural=peak"}}, {"type": "Feature", "geometry": {"type": "Point", "coordinates": [-8.0408142, 43.4741629]}, "properties": {"osm_type": "node", "osm_id": 12536506961, "negative_class": "natural_landform", "name": "", "osm_tags": "natural=peak"}}, {"type": "Feature", "geometry": {"type": "Point", "coordinates": [-7.9808186, 43.4667062]}, "properties": {"osm_type": "node", "osm_id": 13799488669, "negative_class": "natural_landform", "name": "Pico do Rei", "osm_tags": "natural=peak"}}, {"type": "Feature", "geometry": {"type": "Point", "coordinates": [-7.9514493, 43.5612102]}, "properties": {"osm_type": "node", "osm_id": 8004464255, "negative_class": "natural_landform", "name": "Pena da Senra", "osm_tags": "natural=peak"}}, {"type": "Feature", "geometry": {"type": "Point", "coordinates": [-7.9563636, 43.4244301]}, "properties": {"osm_type": "node", "osm_id": 13799514115, "negative_class": "natural_landform", "name": "Pena da Bandeira", "osm_tags": "natural=peak"}}, {"type": "Feature", "geometry": {"type": "Point", "coordinates": [-8.0445726, 43.4854991]}, "properties": {"osm_type": "way", "osm_id": 1132063094, "negative_class": "natural_landform", "name": "Pena Filloeira", "osm_tags": "natural=rock"}}, {"type": "Feature", "geometry": {"type": "Point", "coordinates": [-8.3251943, 43.5222727]}, "properties": {"osm_type": "node", "osm_id": 12535676056, "negative_class": "natural_landform", "name": "", "osm_tags": "natural=peak"}}, {"type": "Feature", "geometry": {"type": "Point", "coordinates": [-8.0414486, 43.4842983]}, "properties": {"osm_type": "node", "osm_id": 1241619445, "negative_class": "natural_landform", "name": "Alto da Vesura", "osm_tags": "natural=peak"}}, {"type": "Feature", "geometry": {"type": "Point", "coordinates": [-8.3177192, 43.4804453]}, "properties": {"osm_type": "node", "osm_id": 3796990593, "negative_class": "natural_landform", "name": "O Monte Ventoso", "osm_tags": "natural=peak"}}, {"type": "Feature", "geometry": {"type": "Point", "coordinates": [-8.1807767, 43.4236403]}, "properties": {"osm_type": "node", "osm_id": 12535154825, "negative_class": "natural_landform", "name": "", "osm_tags": "natural=peak"}}, {"type": "Feature", "geometry": {"type": "Point", "coordinates": [-8.138139, 43.5152217]}, "properties": {"osm_type": "node", "osm_id": 1241707872, "negative_class": "natural_landform", "name": "Monte de Ancos", "osm_tags": "natural=peak"}}, {"type": "Feature", "geometry": {"type": "Point", "coordinates": [-8.1299057, 43.5304521]}, "properties": {"osm_type": "node", "osm_id": 12535089082, "negative_class": "natural_landform", "name": "Pena Branca", "osm_tags": "natural=peak"}}, {"type": "Feature", "geometry": {"type": "Point", "coordinates": [-8.2638159, 43.5346567]}, "properties": {"osm_type": "node", "osm_id": 1241612966, "negative_class": "natural_landform", "name": "A Cocheira", "osm_tags": "natural=peak"}}, {"type": "Feature", "geometry": {"type": "Point", "coordinates": [-8.024908, 43.433836]}, "properties": {"osm_type": "node", "osm_id": 1249950212, "negative_class": "natural_landform", "name": "Pena Moura", "osm_tags": "natural=peak"}}, {"type": "Feature", "geometry": {"type": "Point", "coordinates": [-8.2032813, 43.4838038]}, "properties": {"osm_type": "node", "osm_id": 12535129727, "negative_class": "natural_landform", "name": "", "osm_tags": "natural=peak"}}, {"type": "Feature", "geometry": {"type": "Point", "coordinates": [-8.3148103, 43.5684304]}, "properties": {"osm_type": "way", "osm_id": 1286323527, "negative_class": "natural_landform", "name": "", "osm_tags": "natural=cliff"}}, {"type": "Feature", "geometry": {"type": "Point", "coordinates": [-8.3134898, 43.4831065]}, "properties": {"osm_type": "node", "osm_id": 12535154804, "negative_class": "natural_landform", "name": "Monte Ventoso", "osm_tags": "natural=peak"}}, {"type": "Feature", "geometry": {"type": "Point", "coordinates": [-8.1510931, 43.54074]}, "properties": {"osm_type": "node", "osm_id": 12535089087, "negative_class": "natural_landform", "name": "", "osm_tags": "natural=peak"}}, {"type": "Feature", "geometry": {"type": "Point", "coordinates": [-8.2776168, 43.4482344]}, "properties": {"osm_type": "node", "osm_id": 7250133364, "negative_class": "natural_landform", "name": "Monte da Louseira", "osm_tags": "natural=peak"}}, {"type": "Feature", "geometry": {"type": "Point", "coordinates": [-8.0306444, 43.602688]}, "properties": {"osm_type": "node", "osm_id": 13799488643, "negative_class": "natural_landform", "name": "O Coto", "osm_tags": "natural=peak"}}, {"type": "Feature", "geometry": {"type": "Point", "coordinates": [-8.036812, 43.5308078]}, "properties": {"osm_type": "node", "osm_id": 13799488663, "negative_class": "natural_landform", "name": "Pico da Casti\u00f1eira", "osm_tags": "natural=peak"}}, {"type": "Feature", "geometry": {"type": "Point", "coordinates": [-8.3153956, 43.5211269]}, "properties": {"osm_type": "node", "osm_id": 12535676055, "negative_class": "natural_landform", "name": "", "osm_tags": "natural=peak"}}, {"type": "Feature", "geometry": {"type": "Point", "coordinates": [-8.2906584, 43.4681314]}, "properties": {"osm_type": "node", "osm_id": 12535154801, "negative_class": "natural_landform", "name": "", "osm_tags": "natural=peak"}}, {"type": "Feature", "geometry": {"type": "Point", "coordinates": [-8.005296, 43.5613225]}, "properties": {"osm_type": "node", "osm_id": 8004464195, "negative_class": "natural_landform", "name": "", "osm_tags": "natural=peak"}}, {"type": "Feature", "geometry": {"type": "Point", "coordinates": [-8.0547102, 43.4879511]}, "properties": {"osm_type": "node", "osm_id": 12536506949, "negative_class": "natural_landform", "name": "", "osm_tags": "natural=peak"}}, {"type": "Feature", "geometry": {"type": "Point", "coordinates": [-8.2830465, 43.4899746]}, "properties": {"osm_type": "node", "osm_id": 12535154814, "negative_class": "natural_landform", "name": "Monte do Coto", "osm_tags": "natural=peak"}}, {"type": "Feature", "geometry": {"type": "Point", "coordinates": [-8.230015, 43.5749951]}, "properties": {"osm_type": "node", "osm_id": 12535676067, "negative_class": "natural_landform", "name": "", "osm_tags": "natural=peak"}}, {"type": "Feature", "geometry": {"type": "Point", "coordinates": [-8.2565688, 43.5477185]}, "properties": {"osm_type": "node", "osm_id": 1241719523, "negative_class": "natural_landform", "name": "O Pe\u00f1\u00f3n", "osm_tags": "natural=peak"}}, {"type": "Feature", "geometry": {"type": "Point", "coordinates": [-8.2929495, 43.4559741]}, "properties": {"osm_type": "node", "osm_id": 5026590160, "negative_class": "natural_landform", "name": "O Cabalo", "osm_tags": "natural=rock"}}, {"type": "Feature", "geometry": {"type": "Point", "coordinates": [-8.3117953, 43.4513929]}, "properties": {"osm_type": "node", "osm_id": 5026590172, "negative_class": "natural_landform", "name": "A Cercada", "osm_tags": "natural=rock"}}, {"type": "Feature", "geometry": {"type": "Point", "coordinates": [-7.9773689, 43.555576]}, "properties": {"osm_type": "node", "osm_id": 8004464233, "negative_class": "natural_landform", "name": "Pena da Cabra", "osm_tags": "natural=peak"}}, {"type": "Feature", "geometry": {"type": "Point", "coordinates": [-8.0723387, 43.4684492]}, "properties": {"osm_type": "node", "osm_id": 12536506967, "negative_class": "natural_landform", "name": "O Picoto", "osm_tags": "natural=peak"}}, {"type": "Feature", "geometry": {"type": "Point", "coordinates": [-8.3300668, 43.4648709]}, "properties": {"osm_type": "way", "osm_id": 1446973446, "negative_class": "natural_landform", "name": "", "osm_tags": "natural=cliff"}}, {"type": "Feature", "geometry": {"type": "Point", "coordinates": [-8.2454292, 43.5451416]}, "properties": {"osm_type": "node", "osm_id": 1241618573, "negative_class": "natural_landform", "name": "Monte Sabugueiro", "osm_tags": "natural=peak"}}, {"type": "Feature", "geometry": {"type": "Point", "coordinates": [-8.0305255, 43.4231989]}, "properties": {"osm_type": "node", "osm_id": 13799514119, "negative_class": "natural_landform", "name": "Pena da Lomba", "osm_tags": "natural=peak"}}, {"type": "Feature", "geometry": {"type": "Point", "coordinates": [-8.2516625, 43.5492252]}, "properties": {"osm_type": "node", "osm_id": 4888393342, "negative_class": "natural_landform", "name": "", "osm_tags": "natural=peak"}}, {"type": "Feature", "geometry": {"type": "Point", "coordinates": [-8.0249576, 43.4693905]}, "properties": {"osm_type": "node", "osm_id": 12536506960, "negative_class": "natural_landform", "name": "", "osm_tags": "natural=peak"}}, {"type": "Feature", "geometry": {"type": "Point", "coordinates": [-8.269587, 43.4993971]}, "properties": {"osm_type": "node", "osm_id": 12535129733, "negative_class": "natural_landform", "name": "", "osm_tags": "natural=peak"}}, {"type": "Feature", "geometry": {"type": "Point", "coordinates": [-8.0720564, 43.657912]}, "properties": {"osm_type": "way", "osm_id": 523497868, "negative_class": "natural_landform", "name": "", "osm_tags": "natural=rock"}}, {"type": "Feature", "geometry": {"type": "Point", "coordinates": [-8.2830443, 43.4923883]}, "properties": {"osm_type": "node", "osm_id": 12535154813, "negative_class": "natural_landform", "name": "", "osm_tags": "natural=peak"}}, {"type": "Feature", "geometry": {"type": "Point", "coordinates": [-8.31711, 43.5081275]}, "properties": {"osm_type": "node", "osm_id": 1241712415, "negative_class": "natural_landform", "name": "Coto Salgueiros", "osm_tags": "natural=peak"}}, {"type": "Feature", "geometry": {"type": "Point", "coordinates": [-8.0691857, 43.6488665]}, "properties": {"osm_type": "node", "osm_id": 13799488666, "negative_class": "natural_landform", "name": "Outeiro de Mise\u00f1ora", "osm_tags": "natural=peak"}}, {"type": "Feature", "geometry": {"type": "Point", "coordinates": [-8.174356, 43.4517669]}, "properties": {"osm_type": "node", "osm_id": 12535089076, "negative_class": "natural_landform", "name": "", "osm_tags": "natural=peak"}}, {"type": "Feature", "geometry": {"type": "Point", "coordinates": [-8.2491192, 43.5651978]}, "properties": {"osm_type": "node", "osm_id": 12535676062, "negative_class": "natural_landform", "name": "", "osm_tags": "natural=peak"}}, {"type": "Feature", "geometry": {"type": "Point", "coordinates": [-8.1975927, 43.6123088]}, "properties": {"osm_type": "node", "osm_id": 12535676082, "negative_class": "natural_landform", "name": "", "osm_tags": "natural=peak"}}, {"type": "Feature", "geometry": {"type": "Point", "coordinates": [-8.0844288, 43.4449106]}, "properties": {"osm_type": "node", "osm_id": 13799488661, "negative_class": "natural_landform", "name": "O Penedo", "osm_tags": "natural=peak"}}, {"type": "Feature", "geometry": {"type": "Point", "coordinates": [-8.2919184, 43.5042223]}, "properties": {"osm_type": "node", "osm_id": 12535154810, "negative_class": "natural_landform", "name": "", "osm_tags": "natural=peak"}}, {"type": "Feature", "geometry": {"type": "Point", "coordinates": [-8.1274648, 43.4588354]}, "properties": {"osm_type": "node", "osm_id": 12535089090, "negative_class": "natural_landform", "name": "", "osm_tags": "natural=peak"}}, {"type": "Feature", "geometry": {"type": "Point", "coordinates": [-8.0475594, 43.5553442]}, "properties": {"osm_type": "node", "osm_id": 8004464157, "negative_class": "natural_landform", "name": "", "osm_tags": "natural=peak"}}, {"type": "Feature", "geometry": {"type": "Point", "coordinates": [-8.2521936, 43.4915983]}, "properties": {"osm_type": "node", "osm_id": 12535129735, "negative_class": "natural_landform", "name": "", "osm_tags": "natural=peak"}}, {"type": "Feature", "geometry": {"type": "Point", "coordinates": [-8.1163513, 43.5080168]}, "properties": {"osm_type": "node", "osm_id": 1241618831, "negative_class": "natural_landform", "name": "Pi\u00f1eiro Alto", "osm_tags": "natural=peak"}}, {"type": "Feature", "geometry": {"type": "Point", "coordinates": [-7.9833897, 43.4575733]}, "properties": {"osm_type": "node", "osm_id": 13799488670, "negative_class": "natural_landform", "name": "Pena dos Monteiros", "osm_tags": "natural=peak"}}, {"type": "Feature", "geometry": {"type": "Point", "coordinates": [-8.0103469, 43.4560277]}, "properties": {"osm_type": "node", "osm_id": 13799488668, "negative_class": "natural_landform", "name": "Pico Ventoso", "osm_tags": "natural=peak"}}, {"type": "Feature", "geometry": {"type": "Point", "coordinates": [-8.1962074, 43.6105852]}, "properties": {"osm_type": "node", "osm_id": 12535676081, "negative_class": "natural_landform", "name": "", "osm_tags": "natural=peak"}}, {"type": "Feature", "geometry": {"type": "Point", "coordinates": [-8.1201111, 43.5567007]}, "properties": {"osm_type": "node", "osm_id": 4823148591, "negative_class": "natural_landform", "name": "O Casal", "osm_tags": "natural=peak"}}, {"type": "Feature", "geometry": {"type": "Point", "coordinates": [-8.0584867, 43.539122]}, "properties": {"osm_type": "node", "osm_id": 13799488664, "negative_class": "natural_landform", "name": "Coto das Penas", "osm_tags": "natural=peak"}}, {"type": "Feature", "geometry": {"type": "Point", "coordinates": [-8.0196364, 43.5570069]}, "properties": {"osm_type": "node", "osm_id": 8004464180, "negative_class": "natural_landform", "name": "", "osm_tags": "natural=peak"}}, {"type": "Feature", "geometry": {"type": "Point", "coordinates": [-8.2497949, 43.5280317]}, "properties": {"osm_type": "node", "osm_id": 12535129739, "negative_class": "natural_landform", "name": "", "osm_tags": "natural=peak"}}, {"type": "Feature", "geometry": {"type": "Point", "coordinates": [-8.0536581, 43.4761875]}, "properties": {"osm_type": "node", "osm_id": 12536506962, "negative_class": "natural_landform", "name": "", "osm_tags": "natural=peak"}}, {"type": "Feature", "geometry": {"type": "Point", "coordinates": [-8.097384, 43.477335]}, "properties": {"osm_type": "node", "osm_id": 12536506969, "negative_class": "natural_landform", "name": "", "osm_tags": "natural=peak"}}, {"type": "Feature", "geometry": {"type": "Point", "coordinates": [-8.3114653, 43.4548982]}, "properties": {"osm_type": "node", "osm_id": 3767009470, "negative_class": "natural_landform", "name": "A Moa do Sega\u00f1o", "osm_tags": "natural=rock"}}, {"type": "Feature", "geometry": {"type": "Point", "coordinates": [-8.0486368, 43.5731154]}, "properties": {"osm_type": "node", "osm_id": 8004463968, "negative_class": "natural_landform", "name": "", "osm_tags": "natural=peak"}}, {"type": "Feature", "geometry": {"type": "Point", "coordinates": [-8.3131754, 43.4540751]}, "properties": {"osm_type": "node", "osm_id": 5026590170, "negative_class": "natural_landform", "name": "Rabo Pequeno", "osm_tags": "natural=rock"}}, {"type": "Feature", "geometry": {"type": "Point", "coordinates": [-8.2179627, 43.5739057]}, "properties": {"osm_type": "node", "osm_id": 4888423165, "negative_class": "natural_landform", "name": "Coto das Penas", "osm_tags": "natural=peak"}}, {"type": "Feature", "geometry": {"type": "Point", "coordinates": [-8.0547115, 43.6155479]}, "properties": {"osm_type": "node", "osm_id": 13799488665, "negative_class": "natural_landform", "name": "Alto Ventoso", "osm_tags": "natural=peak"}}, {"type": "Feature", "geometry": {"type": "Point", "coordinates": [-8.2968791, 43.5054718]}, "properties": {"osm_type": "node", "osm_id": 12535154809, "negative_class": "natural_landform", "name": "", "osm_tags": "natural=peak"}}, {"type": "Feature", "geometry": {"type": "Point", "coordinates": [-8.2109916, 43.595042]}, "properties": {"osm_type": "node", "osm_id": 12535676071, "negative_class": "natural_landform", "name": "", "osm_tags": "natural=peak"}}, {"type": "Feature", "geometry": {"type": "Point", "coordinates": [-8.1248537, 43.6052496]}, "properties": {"osm_type": "node", "osm_id": 13799488660, "negative_class": "natural_landform", "name": "Pico de Timiraos", "osm_tags": "natural=peak"}}, {"type": "Feature", "geometry": {"type": "Point", "coordinates": [-8.215128, 43.593866]}, "properties": {"osm_type": "node", "osm_id": 12535676073, "negative_class": "natural_landform", "name": "", "osm_tags": "natural=peak"}}, {"type": "Feature", "geometry": {"type": "Point", "coordinates": [-8.0962728, 43.5522496]}, "properties": {"osm_type": "node", "osm_id": 8004464000, "negative_class": "natural_landform", "name": "Monte do Pedroso", "osm_tags": "natural=peak"}}, {"type": "Feature", "geometry": {"type": "Point", "coordinates": [-8.2680688, 43.5218656]}, "properties": {"osm_type": "node", "osm_id": 12535676060, "negative_class": "natural_landform", "name": "", "osm_tags": "natural=peak"}}, {"type": "Feature", "geometry": {"type": "Point", "coordinates": [-8.1894039, 43.6186541]}, "properties": {"osm_type": "node", "osm_id": 12535676090, "negative_class": "natural_landform", "name": "", "osm_tags": "natural=peak"}}, {"type": "Feature", "geometry": {"type": "Point", "coordinates": [-8.1244137, 43.4380107]}, "properties": {"osm_type": "node", "osm_id": 1241616598, "negative_class": "natural_landform", "name": "Pena do Acivro", "osm_tags": "natural=peak"}}, {"type": "Feature", "geometry": {"type": "Point", "coordinates": [-8.2455935, 43.5667484]}, "properties": {"osm_type": "node", "osm_id": 12535676063, "negative_class": "natural_landform", "name": "", "osm_tags": "natural=peak"}}, {"type": "Feature", "geometry": {"type": "Point", "coordinates": [-8.2968432, 43.4850402]}, "properties": {"osm_type": "node", "osm_id": 12535129731, "negative_class": "natural_landform", "name": "", "osm_tags": "natural=peak"}}, {"type": "Feature", "geometry": {"type": "Point", "coordinates": [-8.3235297, 43.5254979]}, "properties": {"osm_type": "node", "osm_id": 12535676057, "negative_class": "natural_landform", "name": "", "osm_tags": "natural=peak"}}, {"type": "Feature", "geometry": {"type": "Point", "coordinates": [-7.9948423, 43.6905154]}, "properties": {"osm_type": "node", "osm_id": 13799488647, "negative_class": "natural_landform", "name": "Pico Reboredo", "osm_tags": "natural=peak"}}, {"type": "Feature", "geometry": {"type": "Point", "coordinates": [-8.1399562, 43.5178869]}, "properties": {"osm_type": "node", "osm_id": 1241610466, "negative_class": "natural_landform", "name": "Monte do Rei", "osm_tags": "natural=peak"}}, {"type": "Feature", "geometry": {"type": "Point", "coordinates": [-8.3084881, 43.5647129]}, "properties": {"osm_type": "way", "osm_id": 1435271545, "negative_class": "natural_landform", "name": "", "osm_tags": "natural=cliff"}}, {"type": "Feature", "geometry": {"type": "Point", "coordinates": [-8.315384, 43.4462075]}, "properties": {"osm_type": "node", "osm_id": 12535676049, "negative_class": "natural_landform", "name": "", "osm_tags": "natural=peak"}}, {"type": "Feature", "geometry": {"type": "Point", "coordinates": [-8.0867548, 43.4361057]}, "properties": {"osm_type": "node", "osm_id": 13799488658, "negative_class": "natural_landform", "name": "Alto da Serra", "osm_tags": "natural=peak"}}, {"type": "Feature", "geometry": {"type": "Point", "coordinates": [-8.1295657, 43.4490296]}, "properties": {"osm_type": "node", "osm_id": 1241628822, "negative_class": "natural_landform", "name": "Montes dos Marcos", "osm_tags": "natural=peak"}}, {"type": "Feature", "geometry": {"type": "Point", "coordinates": [-8.0771174, 43.4300332]}, "properties": {"osm_type": "node", "osm_id": 13799514117, "negative_class": "natural_landform", "name": "Pena Grande", "osm_tags": "natural=peak"}}, {"type": "Feature", "geometry": {"type": "Point", "coordinates": [-8.2572198, 43.4212909]}, "properties": {"osm_type": "way", "osm_id": 663277594, "negative_class": "natural_landform", "name": "", "osm_tags": "natural=cliff"}}, {"type": "Feature", "geometry": {"type": "Point", "coordinates": [-8.1925924, 43.6081739]}, "properties": {"osm_type": "node", "osm_id": 12535676080, "negative_class": "natural_landform", "name": "", "osm_tags": "natural=peak"}}, {"type": "Feature", "geometry": {"type": "Point", "coordinates": [-8.2583086, 43.4980696]}, "properties": {"osm_type": "node", "osm_id": 1241617919, "negative_class": "natural_landform", "name": "O Pico", "osm_tags": "natural=peak"}}, {"type": "Feature", "geometry": {"type": "Point", "coordinates": [-8.0089537, 43.5605283]}, "properties": {"osm_type": "node", "osm_id": 8004464191, "negative_class": "natural_landform", "name": "", "osm_tags": "natural=peak"}}, {"type": "Feature", "geometry": {"type": "Point", "coordinates": [-8.1829414, 43.5837568]}, "properties": {"osm_type": "node", "osm_id": 8004464040, "negative_class": "natural_landform", "name": "A Lameira", "osm_tags": "natural=peak"}}, {"type": "Feature", "geometry": {"type": "Point", "coordinates": [-8.2240591, 43.5681735]}, "properties": {"osm_type": "node", "osm_id": 1241711448, "negative_class": "natural_landform", "name": "Coto de Vilasuso", "osm_tags": "natural=peak"}}, {"type": "Feature", "geometry": {"type": "Point", "coordinates": [-8.2756514, 43.4932944]}, "properties": {"osm_type": "node", "osm_id": 12535154815, "negative_class": "natural_landform", "name": "", "osm_tags": "natural=peak"}}, {"type": "Feature", "geometry": {"type": "Point", "coordinates": [-8.0605457, 43.4745832]}, "properties": {"osm_type": "node", "osm_id": 1241617518, "negative_class": "natural_landform", "name": "Pena Sarnoso", "osm_tags": "natural=peak"}}, {"type": "Feature", "geometry": {"type": "Point", "coordinates": [-7.9521408, 43.7197982]}, "properties": {"osm_type": "node", "osm_id": 5414397430, "negative_class": "natural_landform", "name": "Serra da Capelada", "osm_tags": "natural=peak"}}, {"type": "Feature", "geometry": {"type": "Point", "coordinates": [-7.9656867, 43.7183375]}, "properties": {"osm_type": "node", "osm_id": 8928481395, "negative_class": "natural_landform", "name": "", "osm_tags": "natural=rock"}}, {"type": "Feature", "geometry": {"type": "Point", "coordinates": [-8.0242712, 43.5543083]}, "properties": {"osm_type": "node", "osm_id": 8004464172, "negative_class": "natural_landform", "name": "Penarrachada", "osm_tags": "natural=peak"}}, {"type": "Feature", "geometry": {"type": "Point", "coordinates": [-8.3140455, 43.5164648]}, "properties": {"osm_type": "node", "osm_id": 12535154811, "negative_class": "natural_landform", "name": "", "osm_tags": "natural=peak"}}, {"type": "Feature", "geometry": {"type": "Point", "coordinates": [-8.0837033, 43.467868]}, "properties": {"osm_type": "node", "osm_id": 12536506968, "negative_class": "natural_landform", "name": "", "osm_tags": "natural=peak"}}, {"type": "Feature", "geometry": {"type": "Point", "coordinates": [-8.2967306, 43.4630373]}, "properties": {"osm_type": "node", "osm_id": 12535089100, "negative_class": "natural_landform", "name": "", "osm_tags": "natural=peak"}}, {"type": "Feature", "geometry": {"type": "Point", "coordinates": [-8.2669842, 43.4933723]}, "properties": {"osm_type": "node", "osm_id": 12535154817, "negative_class": "natural_landform", "name": "", "osm_tags": "natural=peak"}}, {"type": "Feature", "geometry": {"type": "Point", "coordinates": [-8.0271742, 43.4839031]}, "properties": {"osm_type": "node", "osm_id": 13799488662, "negative_class": "natural_landform", "name": "Pena do Escoitadoiro", "osm_tags": "natural=peak"}}, {"type": "Feature", "geometry": {"type": "Point", "coordinates": [-8.121052, 43.4297579]}, "properties": {"osm_type": "node", "osm_id": 12535154821, "negative_class": "natural_landform", "name": "", "osm_tags": "natural=peak"}}, {"type": "Feature", "geometry": {"type": "Point", "coordinates": [-8.2703099, 43.5085714]}, "properties": {"osm_type": "node", "osm_id": 12535129737, "negative_class": "natural_landform", "name": "", "osm_tags": "natural=peak"}}, {"type": "Feature", "geometry": {"type": "Point", "coordinates": [-8.2523619, 43.5098889]}, "properties": {"osm_type": "node", "osm_id": 1241713949, "negative_class": "natural_landform", "name": "Monte Reiz\u00e1s", "osm_tags": "natural=peak"}}, {"type": "Feature", "geometry": {"type": "Point", "coordinates": [-8.29833, 43.4550939]}, "properties": {"osm_type": "node", "osm_id": 5026590163, "negative_class": "natural_landform", "name": "Pedra do Caldeiro", "osm_tags": "natural=rock"}}, {"type": "Feature", "geometry": {"type": "Point", "coordinates": [-8.2755729, 43.4330588]}, "properties": {"osm_type": "node", "osm_id": 6165997494, "negative_class": "natural_landform", "name": "O Boi de Terra", "osm_tags": "natural=rock"}}, {"type": "Feature", "geometry": {"type": "Point", "coordinates": [-8.0388729, 43.4357127]}, "properties": {"osm_type": "node", "osm_id": 13799514120, "negative_class": "natural_landform", "name": "Pico Pi\u00f1eiro", "osm_tags": "natural=peak"}}, {"type": "Feature", "geometry": {"type": "Point", "coordinates": [-8.154617, 43.4255773]}, "properties": {"osm_type": "node", "osm_id": 1249953182, "negative_class": "natural_landform", "name": "Pena do Raposo", "osm_tags": "natural=peak"}}, {"type": "Feature", "geometry": {"type": "Point", "coordinates": [-8.1892747, 43.6132445]}, "properties": {"osm_type": "node", "osm_id": 12535676086, "negative_class": "natural_landform", "name": "", "osm_tags": "natural=peak"}}, {"type": "Feature", "geometry": {"type": "Point", "coordinates": [-8.1506189, 43.4607677]}, "properties": {"osm_type": "node", "osm_id": 1241635449, "negative_class": "natural_landform", "name": "O Lodeiro", "osm_tags": "natural=peak"}}, {"type": "Feature", "geometry": {"type": "Point", "coordinates": [-7.9845151, 43.5600391]}, "properties": {"osm_type": "node", "osm_id": 8004464223, "negative_class": "natural_landform", "name": "O Coto", "osm_tags": "natural=peak"}}, {"type": "Feature", "geometry": {"type": "Point", "coordinates": [-8.1346072, 43.4549459]}, "properties": {"osm_type": "node", "osm_id": 1241635288, "negative_class": "natural_landform", "name": "A Espi\u00f1eira", "osm_tags": "natural=peak"}}, {"type": "Feature", "geometry": {"type": "Point", "coordinates": [-8.1419868, 43.4581527]}, "properties": {"osm_type": "node", "osm_id": 1241725533, "negative_class": "natural_landform", "name": "O Lugarexo", "osm_tags": "natural=peak"}}, {"type": "Feature", "geometry": {"type": "Point", "coordinates": [-7.9958739, 43.5576444]}, "properties": {"osm_type": "node", "osm_id": 8004464208, "negative_class": "natural_landform", "name": "Pena de Xac\u00edn", "osm_tags": "natural=peak"}}, {"type": "Feature", "geometry": {"type": "Point", "coordinates": [-8.0741802, 43.4754642]}, "properties": {"osm_type": "node", "osm_id": 1249943553, "negative_class": "natural_landform", "name": "Pena da Moa", "osm_tags": "natural=peak"}}, {"type": "Feature", "geometry": {"type": "Point", "coordinates": [-8.2108125, 43.5961146]}, "properties": {"osm_type": "node", "osm_id": 12535676069, "negative_class": "natural_landform", "name": "", "osm_tags": "natural=peak"}}, {"type": "Feature", "geometry": {"type": "Point", "coordinates": [-8.0744718, 43.4726685]}, "properties": {"osm_type": "node", "osm_id": 12536506964, "negative_class": "natural_landform", "name": "", "osm_tags": "natural=peak"}}, {"type": "Feature", "geometry": {"type": "Point", "coordinates": [-8.0505222, 43.5665946]}, "properties": {"osm_type": "node", "osm_id": 8004464138, "negative_class": "natural_landform", "name": "Pena do Lagarto", "osm_tags": "natural=peak"}}, {"type": "Feature", "geometry": {"type": "Point", "coordinates": [-8.1353569, 43.5322609]}, "properties": {"osm_type": "node", "osm_id": 12535089083, "negative_class": "natural_landform", "name": "Pena dos Gatos", "osm_tags": "natural=peak"}}, {"type": "Feature", "geometry": {"type": "Point", "coordinates": [-8.2155874, 43.5918686]}, "properties": {"osm_type": "node", "osm_id": 12535676074, "negative_class": "natural_landform", "name": "Pena Branca", "osm_tags": "natural=peak"}}, {"type": "Feature", "geometry": {"type": "Point", "coordinates": [-8.3016929, 43.4813033]}, "properties": {"osm_type": "node", "osm_id": 12535154802, "negative_class": "natural_landform", "name": "", "osm_tags": "natural=peak"}}, {"type": "Feature", "geometry": {"type": "Point", "coordinates": [-8.3128158, 43.5045693]}, "properties": {"osm_type": "node", "osm_id": 12535154812, "negative_class": "natural_landform", "name": "", "osm_tags": "natural=peak"}}, {"type": "Feature", "geometry": {"type": "Point", "coordinates": [-8.1388406, 43.498468]}, "properties": {"osm_type": "node", "osm_id": 12535089079, "negative_class": "natural_landform", "name": "Pename", "osm_tags": "natural=peak"}}, {"type": "Feature", "geometry": {"type": "Point", "coordinates": [-8.233774, 43.5456034]}, "properties": {"osm_type": "node", "osm_id": 4888393330, "negative_class": "natural_landform", "name": "", "osm_tags": "natural=peak"}}, {"type": "Feature", "geometry": {"type": "Point", "coordinates": [-8.0022854, 43.565322]}, "properties": {"osm_type": "node", "osm_id": 8004464198, "negative_class": "natural_landform", "name": "", "osm_tags": "natural=peak"}}, {"type": "Feature", "geometry": {"type": "Point", "coordinates": [-8.1283792, 43.4726382]}, "properties": {"osm_type": "node", "osm_id": 12536506972, "negative_class": "natural_landform", "name": "", "osm_tags": "natural=peak"}}, {"type": "Feature", "geometry": {"type": "Point", "coordinates": [-8.3070186, 43.4543603]}, "properties": {"osm_type": "node", "osm_id": 5026590167, "negative_class": "natural_landform", "name": "A Pedra Xesta", "osm_tags": "natural=rock"}}, {"type": "Feature", "geometry": {"type": "Point", "coordinates": [-8.1839197, 43.6173649]}, "properties": {"osm_type": "node", "osm_id": 8004464017, "negative_class": "natural_landform", "name": "", "osm_tags": "natural=peak"}}, {"type": "Feature", "geometry": {"type": "Point", "coordinates": [-7.9957739, 43.4227656]}, "properties": {"osm_type": "node", "osm_id": 3784403657, "negative_class": "natural_landform", "name": "Fontandi\u00f3n", "osm_tags": "natural=peak"}}, {"type": "Feature", "geometry": {"type": "Point", "coordinates": [-8.0227923, 43.554471]}, "properties": {"osm_type": "node", "osm_id": 8004464174, "negative_class": "natural_landform", "name": "", "osm_tags": "natural=peak"}}, {"type": "Feature", "geometry": {"type": "Point", "coordinates": [-8.0208562, 43.6043379]}, "properties": {"osm_type": "node", "osm_id": 13799488642, "negative_class": "natural_landform", "name": "Coto dos Quintos", "osm_tags": "natural=peak"}}, {"type": "Feature", "geometry": {"type": "Point", "coordinates": [-8.128865, 43.5791135]}, "properties": {"osm_type": "node", "osm_id": 13799488655, "negative_class": "natural_landform", "name": "Pena Moura", "osm_tags": "natural=peak"}}, {"type": "Feature", "geometry": {"type": "Point", "coordinates": [-8.291807, 43.4644667]}, "properties": {"osm_type": "node", "osm_id": 1241717922, "negative_class": "natural_landform", "name": "Bico da Gurita", "osm_tags": "natural=peak"}}, {"type": "Feature", "geometry": {"type": "Point", "coordinates": [-8.2603296, 43.4434189]}, "properties": {"osm_type": "node", "osm_id": 12535089097, "negative_class": "natural_landform", "name": "", "osm_tags": "natural=peak"}}, {"type": "Feature", "geometry": {"type": "Point", "coordinates": [-8.2381691, 43.5534497]}, "properties": {"osm_type": "node", "osm_id": 4888393331, "negative_class": "natural_landform", "name": "Pena Grande", "osm_tags": "natural=peak"}}, {"type": "Feature", "geometry": {"type": "Point", "coordinates": [-8.303437, 43.4780049]}, "properties": {"osm_type": "node", "osm_id": 12535154803, "negative_class": "natural_landform", "name": "", "osm_tags": "natural=peak"}}, {"type": "Feature", "geometry": {"type": "Point", "coordinates": [-7.9714655, 43.5552078]}, "properties": {"osm_type": "node", "osm_id": 8004464239, "negative_class": "natural_landform", "name": "", "osm_tags": "natural=peak"}}, {"type": "Feature", "geometry": {"type": "Point", "coordinates": [-8.0018284, 43.4955364]}, "properties": {"osm_type": "node", "osm_id": 13799488672, "negative_class": "natural_landform", "name": "Pena do Cabalo", "osm_tags": "natural=peak"}}, {"type": "Feature", "geometry": {"type": "Point", "coordinates": [-8.2336209, 43.5650187]}, "properties": {"osm_type": "node", "osm_id": 1241622085, "negative_class": "natural_landform", "name": "Montes da Lagoa", "osm_tags": "natural=peak"}}, {"type": "Feature", "geometry": {"type": "Point", "coordinates": [-8.0444713, 43.4739126]}, "properties": {"osm_type": "node", "osm_id": 1241721291, "negative_class": "natural_landform", "name": "Pena do Convento", "osm_tags": "natural=peak"}}, {"type": "Feature", "geometry": {"type": "Point", "coordinates": [-7.9788955, 43.4872453]}, "properties": {"osm_type": "node", "osm_id": 1249960767, "negative_class": "natural_landform", "name": "Pena Cabalgada", "osm_tags": "natural=peak"}}, {"type": "Feature", "geometry": {"type": "Point", "coordinates": [-8.2627301, 43.4921203]}, "properties": {"osm_type": "node", "osm_id": 12535154819, "negative_class": "natural_landform", "name": "", "osm_tags": "natural=peak"}}, {"type": "Feature", "geometry": {"type": "Point", "coordinates": [-7.9976774, 43.4733928]}, "properties": {"osm_type": "node", "osm_id": 12053699257, "negative_class": "natural_landform", "name": "A Pena dos Tres P\u00e9s", "osm_tags": "natural=rock"}}, {"type": "Feature", "geometry": {"type": "Point", "coordinates": [-8.2579072, 43.4230789]}, "properties": {"osm_type": "way", "osm_id": 663277592, "negative_class": "natural_landform", "name": "", "osm_tags": "natural=cliff"}}, {"type": "Feature", "geometry": {"type": "Point", "coordinates": [-8.2764524, 43.5369311]}, "properties": {"osm_type": "node", "osm_id": 12535676061, "negative_class": "natural_landform", "name": "", "osm_tags": "natural=peak"}}, {"type": "Feature", "geometry": {"type": "Point", "coordinates": [-8.1183119, 43.4764844]}, "properties": {"osm_type": "node", "osm_id": 1241706295, "negative_class": "natural_landform", "name": "O Couce", "osm_tags": "natural=peak"}}, {"type": "Feature", "geometry": {"type": "Point", "coordinates": [-8.3310362, 43.4784309]}, "properties": {"osm_type": "node", "osm_id": 1241706487, "negative_class": "natural_landform", "name": "Monte de Pedras Boas", "osm_tags": "natural=peak"}}, {"type": "Feature", "geometry": {"type": "Point", "coordinates": [-8.3203196, 43.5095976]}, "properties": {"osm_type": "node", "osm_id": 1241634420, "negative_class": "natural_landform", "name": "Pena Leboreira", "osm_tags": "natural=peak"}}, {"type": "Feature", "geometry": {"type": "Point", "coordinates": [-8.2909725, 43.4366763]}, "properties": {"osm_type": "node", "osm_id": 5026635182, "negative_class": "natural_landform", "name": "Pelouro Alto de Sobre o Mar", "osm_tags": "natural=rock"}}, {"type": "Feature", "geometry": {"type": "Point", "coordinates": [-8.0915301, 43.4364143]}, "properties": {"osm_type": "node", "osm_id": 13799488659, "negative_class": "natural_landform", "name": "Pico da Mari\u00f1a", "osm_tags": "natural=peak"}}, {"type": "Feature", "geometry": {"type": "Point", "coordinates": [-8.1339819, 43.4590547]}, "properties": {"osm_type": "node", "osm_id": 1241710155, "negative_class": "natural_landform", "name": "Coto das Modias", "osm_tags": "natural=peak"}}, {"type": "Feature", "geometry": {"type": "Point", "coordinates": [-8.2644833, 43.4951388]}, "properties": {"osm_type": "node", "osm_id": 12535129732, "negative_class": "natural_landform", "name": "", "osm_tags": "natural=peak"}}, {"type": "Feature", "geometry": {"type": "Point", "coordinates": [-8.1268555, 43.4341898]}, "properties": {"osm_type": "node", "osm_id": 1241708140, "negative_class": "natural_landform", "name": "A Painceira", "osm_tags": "natural=peak"}}, {"type": "Feature", "geometry": {"type": "Point", "coordinates": [-8.3375306, 43.5108639]}, "properties": {"osm_type": "node", "osm_id": 12535676053, "negative_class": "natural_landform", "name": "", "osm_tags": "natural=peak"}}, {"type": "Feature", "geometry": {"type": "Point", "coordinates": [-8.2374496, 43.4876341]}, "properties": {"osm_type": "way", "osm_id": 864718969, "negative_class": "modern_infrastructure", "name": "", "osm_tags": "highway=residential;junction=roundabout"}}, {"type": "Feature", "geometry": {"type": "Point", "coordinates": [-8.1611786, 43.4969682]}, "properties": {"osm_type": "node", "osm_id": 2033355686, "negative_class": "modern_infrastructure", "name": "", "osm_tags": "power=tower"}}, {"type": "Feature", "geometry": {"type": "Point", "coordinates": [-8.2310316, 43.4932206]}, "properties": {"osm_type": "way", "osm_id": 1167107810, "negative_class": "modern_infrastructure", "name": "", "osm_tags": "highway=secondary;junction=roundabout;surface=asphalt"}}, {"type": "Feature", "geometry": {"type": "Point", "coordinates": [-8.1268011, 43.4486835]}, "properties": {"osm_type": "node", "osm_id": 1807937381, "negative_class": "modern_infrastructure", "name": "", "osm_tags": "power=tower"}}, {"type": "Feature", "geometry": {"type": "Point", "coordinates": [-8.2154549, 43.4496098]}, "properties": {"osm_type": "node", "osm_id": 2308157006, "negative_class": "modern_infrastructure", "name": "", "osm_tags": "power=tower"}}, {"type": "Feature", "geometry": {"type": "Point", "coordinates": [-8.035925, 43.6237229]}, "properties": {"osm_type": "node", "osm_id": 1994566227, "negative_class": "modern_infrastructure", "name": "", "osm_tags": "power=tower"}}, {"type": "Feature", "geometry": {"type": "Point", "coordinates": [-8.2104266, 43.5461786]}, "properties": {"osm_type": "way", "osm_id": 1341267061, "negative_class": "modern_infrastructure", "name": "", "osm_tags": "highway=secondary;junction=roundabout;surface=asphalt"}}, {"type": "Feature", "geometry": {"type": "Point", "coordinates": [-8.0628209, 43.4881302]}, "properties": {"osm_type": "node", "osm_id": 1996907309, "negative_class": "modern_infrastructure", "name": "", "osm_tags": "power=tower"}}, {"type": "Feature", "geometry": {"type": "Point", "coordinates": [-8.1779951, 43.4371591]}, "properties": {"osm_type": "node", "osm_id": 2130999719, "negative_class": "modern_infrastructure", "name": "", "osm_tags": "power=tower"}}, {"type": "Feature", "geometry": {"type": "Point", "coordinates": [-8.2048046, 43.4416029]}, "properties": {"osm_type": "way", "osm_id": 158290719, "negative_class": "modern_infrastructure", "name": "", "osm_tags": "highway=tertiary;junction=roundabout;surface=asphalt"}}, {"type": "Feature", "geometry": {"type": "Point", "coordinates": [-8.0991395, 43.4401987]}, "properties": {"osm_type": "node", "osm_id": 1808003450, "negative_class": "modern_infrastructure", "name": "", "osm_tags": "power=tower"}}, {"type": "Feature", "geometry": {"type": "Point", "coordinates": [-8.1931171, 43.5147389]}, "properties": {"osm_type": "way", "osm_id": 237692354, "negative_class": "modern_infrastructure", "name": "", "osm_tags": "highway=trunk;junction=roundabout;surface=asphalt"}}, {"type": "Feature", "geometry": {"type": "Point", "coordinates": [-8.2076445, 43.4898692]}, "properties": {"osm_type": "way", "osm_id": 1201538727, "negative_class": "modern_infrastructure", "name": "", "osm_tags": "highway=trunk;junction=roundabout;surface=asphalt"}}, {"type": "Feature", "geometry": {"type": "Point", "coordinates": [-8.2256258, 43.4901438]}, "properties": {"osm_type": "way", "osm_id": 440091639, "negative_class": "modern_infrastructure", "name": "", "osm_tags": "highway=residential;junction=roundabout;surface=asphalt"}}, {"type": "Feature", "geometry": {"type": "Point", "coordinates": [-8.1270996, 43.5082626]}, "properties": {"osm_type": "node", "osm_id": 1806759943, "negative_class": "modern_infrastructure", "name": "", "osm_tags": "power=tower"}}, {"type": "Feature", "geometry": {"type": "Point", "coordinates": [-8.1947083, 43.4457764]}, "properties": {"osm_type": "way", "osm_id": 158290721, "negative_class": "modern_infrastructure", "name": "", "osm_tags": "highway=tertiary;junction=roundabout;surface=asphalt"}}, {"type": "Feature", "geometry": {"type": "Point", "coordinates": [-8.1730019, 43.4995506]}, "properties": {"osm_type": "node", "osm_id": 1751773732, "negative_class": "modern_infrastructure", "name": "", "osm_tags": "power=tower"}}, {"type": "Feature", "geometry": {"type": "Point", "coordinates": [-8.115204, 43.5108032]}, "properties": {"osm_type": "node", "osm_id": 1806759920, "negative_class": "modern_infrastructure", "name": "", "osm_tags": "power=tower"}}, {"type": "Feature", "geometry": {"type": "Point", "coordinates": [-8.1738057, 43.509771]}, "properties": {"osm_type": "node", "osm_id": 2475749338, "negative_class": "modern_infrastructure", "name": "", "osm_tags": "power=tower"}}, {"type": "Feature", "geometry": {"type": "Point", "coordinates": [-8.2114716, 43.4897563]}, "properties": {"osm_type": "way", "osm_id": 76765853, "negative_class": "modern_infrastructure", "name": "", "osm_tags": "highway=residential;junction=roundabout;surface=asphalt"}}, {"type": "Feature", "geometry": {"type": "Point", "coordinates": [-8.2481599, 43.4944837]}, "properties": {"osm_type": "way", "osm_id": 700166642, "negative_class": "modern_infrastructure", "name": "", "osm_tags": "highway=secondary;junction=roundabout;surface=asphalt"}}, {"type": "Feature", "geometry": {"type": "Point", "coordinates": [-8.2014915, 43.4873555]}, "properties": {"osm_type": "way", "osm_id": 1442221146, "negative_class": "modern_infrastructure", "name": "", "osm_tags": "highway=trunk;junction=roundabout;surface=asphalt"}}, {"type": "Feature", "geometry": {"type": "Point", "coordinates": [-8.1499634, 43.5960139]}, "properties": {"osm_type": "way", "osm_id": 24897511, "negative_class": "modern_infrastructure", "name": "", "osm_tags": "highway=primary;junction=roundabout"}}, {"type": "Feature", "geometry": {"type": "Point", "coordinates": [-8.1885685, 43.4373877]}, "properties": {"osm_type": "node", "osm_id": 2308158013, "negative_class": "modern_infrastructure", "name": "", "osm_tags": "power=tower"}}, {"type": "Feature", "geometry": {"type": "Point", "coordinates": [-8.0885992, 43.5318317]}, "properties": {"osm_type": "node", "osm_id": 1806778931, "negative_class": "modern_infrastructure", "name": "", "osm_tags": "power=tower"}}, {"type": "Feature", "geometry": {"type": "Point", "coordinates": [-8.0964903, 43.5283955]}, "properties": {"osm_type": "node", "osm_id": 1806778933, "negative_class": "modern_infrastructure", "name": "", "osm_tags": "power=tower"}}, {"type": "Feature", "geometry": {"type": "Point", "coordinates": [-8.2272381, 43.4907279]}, "properties": {"osm_type": "node", "osm_id": 1714423014, "negative_class": "modern_infrastructure", "name": "", "osm_tags": "power=tower"}}, {"type": "Feature", "geometry": {"type": "Point", "coordinates": [-8.0488666, 43.4791797]}, "properties": {"osm_type": "node", "osm_id": 1996907303, "negative_class": "modern_infrastructure", "name": "", "osm_tags": "power=tower"}}, {"type": "Feature", "geometry": {"type": "Point", "coordinates": [-8.1880826, 43.5192289]}, "properties": {"osm_type": "way", "osm_id": 132694628, "negative_class": "modern_infrastructure", "name": "", "osm_tags": "highway=primary;junction=roundabout;surface=asphalt"}}, {"type": "Feature", "geometry": {"type": "Point", "coordinates": [-8.1384536, 43.5998217]}, "properties": {"osm_type": "node", "osm_id": 2096899179, "negative_class": "modern_infrastructure", "name": "", "osm_tags": "power=tower"}}, {"type": "Feature", "geometry": {"type": "Point", "coordinates": [-8.2232757, 43.4942803]}, "properties": {"osm_type": "node", "osm_id": 1718535613, "negative_class": "modern_infrastructure", "name": "", "osm_tags": "power=tower"}}, {"type": "Feature", "geometry": {"type": "Point", "coordinates": [-8.1768761, 43.5069928]}, "properties": {"osm_type": "node", "osm_id": 1718628119, "negative_class": "modern_infrastructure", "name": "", "osm_tags": "power=tower"}}, {"type": "Feature", "geometry": {"type": "Point", "coordinates": [-8.1335541, 43.5818382]}, "properties": {"osm_type": "node", "osm_id": 2096602356, "negative_class": "modern_infrastructure", "name": "", "osm_tags": "power=tower"}}, {"type": "Feature", "geometry": {"type": "Point", "coordinates": [-7.9508211, 43.715504]}, "properties": {"osm_type": "node", "osm_id": 1994554086, "negative_class": "modern_infrastructure", "name": "", "osm_tags": "power=tower"}}, {"type": "Feature", "geometry": {"type": "Point", "coordinates": [-8.1937201, 43.4848048]}, "properties": {"osm_type": "node", "osm_id": 1707829140, "negative_class": "modern_infrastructure", "name": "", "osm_tags": "power=tower"}}, {"type": "Feature", "geometry": {"type": "Point", "coordinates": [-8.1225965, 43.4834922]}, "properties": {"osm_type": "node", "osm_id": 2698036718, "negative_class": "modern_infrastructure", "name": "", "osm_tags": "power=tower"}}, {"type": "Feature", "geometry": {"type": "Point", "coordinates": [-7.9709582, 43.4204268]}, "properties": {"osm_type": "node", "osm_id": 2118475772, "negative_class": "modern_infrastructure", "name": "", "osm_tags": "power=tower"}}, {"type": "Feature", "geometry": {"type": "Point", "coordinates": [-8.2784676, 43.5008383]}, "properties": {"osm_type": "node", "osm_id": 1815847327, "negative_class": "modern_infrastructure", "name": "", "osm_tags": "power=tower"}}, {"type": "Feature", "geometry": {"type": "Point", "coordinates": [-8.1926204, 43.4831915]}, "properties": {"osm_type": "node", "osm_id": 1707832325, "negative_class": "modern_infrastructure", "name": "", "osm_tags": "power=tower"}}, {"type": "Feature", "geometry": {"type": "Point", "coordinates": [-8.0151801, 43.4574501]}, "properties": {"osm_type": "node", "osm_id": 1996907287, "negative_class": "modern_infrastructure", "name": "", "osm_tags": "power=tower"}}, {"type": "Feature", "geometry": {"type": "Point", "coordinates": [-7.9597947, 43.7040037]}, "properties": {"osm_type": "node", "osm_id": 1994554077, "negative_class": "modern_infrastructure", "name": "", "osm_tags": "power=tower"}}, {"type": "Feature", "geometry": {"type": "Point", "coordinates": [-8.2928067, 43.4872352]}, "properties": {"osm_type": "node", "osm_id": 1815811614, "negative_class": "modern_infrastructure", "name": "", "osm_tags": "power=tower"}}, {"type": "Feature", "geometry": {"type": "Point", "coordinates": [-8.2340526, 43.4606526]}, "properties": {"osm_type": "way", "osm_id": 660156868, "negative_class": "modern_infrastructure", "name": "", "osm_tags": "building=yes;man_made=storage_tank"}}, {"type": "Feature", "geometry": {"type": "Point", "coordinates": [-8.0766009, 43.6303856]}, "properties": {"osm_type": "node", "osm_id": 2106316574, "negative_class": "modern_infrastructure", "name": "", "osm_tags": "power=tower"}}, {"type": "Feature", "geometry": {"type": "Point", "coordinates": [-8.2116803, 43.493106]}, "properties": {"osm_type": "way", "osm_id": 11975374, "negative_class": "modern_infrastructure", "name": "", "osm_tags": "highway=trunk;junction=roundabout;surface=asphalt"}}, {"type": "Feature", "geometry": {"type": "Point", "coordinates": [-8.0757176, 43.5932617]}, "properties": {"osm_type": "node", "osm_id": 2096672219, "negative_class": "modern_infrastructure", "name": "", "osm_tags": "power=tower"}}, {"type": "Feature", "geometry": {"type": "Point", "coordinates": [-8.2008603, 43.4983544]}, "properties": {"osm_type": "way", "osm_id": 32212483, "negative_class": "modern_infrastructure", "name": "", "osm_tags": "highway=residential;junction=roundabout;surface=asphalt"}}, {"type": "Feature", "geometry": {"type": "Point", "coordinates": [-8.1525611, 43.4677617]}, "properties": {"osm_type": "node", "osm_id": 1807949017, "negative_class": "modern_infrastructure", "name": "", "osm_tags": "power=tower"}}, {"type": "Feature", "geometry": {"type": "Point", "coordinates": [-7.9553683, 43.6899374]}, "properties": {"osm_type": "node", "osm_id": 1994554047, "negative_class": "modern_infrastructure", "name": "", "osm_tags": "power=tower"}}, {"type": "Feature", "geometry": {"type": "Point", "coordinates": [-8.2395264, 43.4505028]}, "properties": {"osm_type": "way", "osm_id": 174189480, "negative_class": "modern_infrastructure", "name": "", "osm_tags": "highway=tertiary;junction=roundabout"}}, {"type": "Feature", "geometry": {"type": "Point", "coordinates": [-8.0354271, 43.5034886]}, "properties": {"osm_type": "node", "osm_id": 1806763479, "negative_class": "modern_infrastructure", "name": "", "osm_tags": "power=tower"}}, {"type": "Feature", "geometry": {"type": "Point", "coordinates": [-8.2000877, 43.4883224]}, "properties": {"osm_type": "way", "osm_id": 1201538726, "negative_class": "modern_infrastructure", "name": "", "osm_tags": "highway=tertiary;junction=roundabout;surface=asphalt"}}, {"type": "Feature", "geometry": {"type": "Point", "coordinates": [-8.0851277, 43.432112]}, "properties": {"osm_type": "node", "osm_id": 1808003442, "negative_class": "modern_infrastructure", "name": "", "osm_tags": "power=tower"}}, {"type": "Feature", "geometry": {"type": "Point", "coordinates": [-7.9655215, 43.6949075]}, "properties": {"osm_type": "node", "osm_id": 1994554069, "negative_class": "modern_infrastructure", "name": "", "osm_tags": "power=tower"}}, {"type": "Feature", "geometry": {"type": "Point", "coordinates": [-8.074053, 43.5412305]}, "properties": {"osm_type": "way", "osm_id": 948457957, "negative_class": "modern_infrastructure", "name": "DP-7603", "osm_tags": "highway=proposed;junction=roundabout"}}, {"type": "Feature", "geometry": {"type": "Point", "coordinates": [-7.9683197, 43.6037011]}, "properties": {"osm_type": "node", "osm_id": 1994566173, "negative_class": "modern_infrastructure", "name": "", "osm_tags": "power=tower"}}, {"type": "Feature", "geometry": {"type": "Point", "coordinates": [-8.0711005, 43.5115035]}, "properties": {"osm_type": "node", "osm_id": 1806763310, "negative_class": "modern_infrastructure", "name": "", "osm_tags": "power=tower"}}, {"type": "Feature", "geometry": {"type": "Point", "coordinates": [-8.2147344, 43.4849057]}, "properties": {"osm_type": "way", "osm_id": 102474483, "negative_class": "modern_infrastructure", "name": "", "osm_tags": "highway=residential;junction=roundabout;surface=asphalt"}}, {"type": "Feature", "geometry": {"type": "Point", "coordinates": [-8.1177862, 43.4496046]}, "properties": {"osm_type": "node", "osm_id": 1807939337, "negative_class": "modern_infrastructure", "name": "", "osm_tags": "power=tower"}}, {"type": "Feature", "geometry": {"type": "Point", "coordinates": [-8.2482329, 43.4854085]}, "properties": {"osm_type": "way", "osm_id": 11659210, "negative_class": "modern_infrastructure", "name": "", "osm_tags": "highway=trunk;junction=roundabout;surface=asphalt"}}, {"type": "Feature", "geometry": {"type": "Point", "coordinates": [-8.0525423, 43.5068075]}, "properties": {"osm_type": "node", "osm_id": 1806763475, "negative_class": "modern_infrastructure", "name": "", "osm_tags": "power=tower"}}, {"type": "Feature", "geometry": {"type": "Point", "coordinates": [-8.2066896, 43.4811369]}, "properties": {"osm_type": "way", "osm_id": 16542648, "negative_class": "modern_infrastructure", "name": "", "osm_tags": "highway=residential;junction=roundabout;surface=asphalt"}}, {"type": "Feature", "geometry": {"type": "Point", "coordinates": [-8.086455, 43.6157031]}, "properties": {"osm_type": "node", "osm_id": 1997734532, "negative_class": "modern_infrastructure", "name": "", "osm_tags": "power=tower"}}, {"type": "Feature", "geometry": {"type": "Point", "coordinates": [-8.1577324, 43.4803824]}, "properties": {"osm_type": "node", "osm_id": 1807949034, "negative_class": "modern_infrastructure", "name": "", "osm_tags": "power=tower"}}, {"type": "Feature", "geometry": {"type": "Point", "coordinates": [-8.1473603, 43.4621084]}, "properties": {"osm_type": "node", "osm_id": 1807949037, "negative_class": "modern_infrastructure", "name": "", "osm_tags": "power=tower"}}, {"type": "Feature", "geometry": {"type": "Point", "coordinates": [-8.2213511, 43.4954075]}, "properties": {"osm_type": "way", "osm_id": 184485378, "negative_class": "modern_infrastructure", "name": "", "osm_tags": "highway=residential;junction=roundabout;surface=asphalt"}}, {"type": "Feature", "geometry": {"type": "Point", "coordinates": [-8.2150385, 43.4876499]}, "properties": {"osm_type": "way", "osm_id": 188591533, "negative_class": "modern_infrastructure", "name": "", "osm_tags": "highway=residential;junction=roundabout;surface=asphalt"}}, {"type": "Feature", "geometry": {"type": "Point", "coordinates": [-8.1280981, 43.5641702]}, "properties": {"osm_type": "node", "osm_id": 2099132116, "negative_class": "modern_infrastructure", "name": "", "osm_tags": "power=tower"}}, {"type": "Feature", "geometry": {"type": "Point", "coordinates": [-7.9986488, 43.4401881]}, "properties": {"osm_type": "node", "osm_id": 1996907266, "negative_class": "modern_infrastructure", "name": "", "osm_tags": "power=tower"}}, {"type": "Feature", "geometry": {"type": "Point", "coordinates": [-8.2272763, 43.479286]}, "properties": {"osm_type": "way", "osm_id": 669747636, "negative_class": "modern_infrastructure", "name": "", "osm_tags": "highway=service;junction=roundabout"}}, {"type": "Feature", "geometry": {"type": "Point", "coordinates": [-8.0772813, 43.5929723]}, "properties": {"osm_type": "node", "osm_id": 2096672176, "negative_class": "modern_infrastructure", "name": "", "osm_tags": "power=tower"}}, {"type": "Feature", "geometry": {"type": "Point", "coordinates": [-8.2448506, 43.4985981]}, "properties": {"osm_type": "way", "osm_id": 864502103, "negative_class": "modern_infrastructure", "name": "", "osm_tags": "highway=secondary;junction=roundabout;surface=asphalt"}}, {"type": "Feature", "geometry": {"type": "Point", "coordinates": [-8.2175336, 43.4516349]}, "properties": {"osm_type": "node", "osm_id": 2308157008, "negative_class": "modern_infrastructure", "name": "", "osm_tags": "power=tower"}}, {"type": "Feature", "geometry": {"type": "Point", "coordinates": [-8.1864923, 43.5241823]}, "properties": {"osm_type": "way", "osm_id": 1312839171, "negative_class": "modern_infrastructure", "name": "", "osm_tags": "highway=primary;junction=roundabout;surface=asphalt"}}, {"type": "Feature", "geometry": {"type": "Point", "coordinates": [-8.2471277, 43.4828411]}, "properties": {"osm_type": "way", "osm_id": 776560714, "negative_class": "modern_infrastructure", "name": "", "osm_tags": "building=yes;man_made=storage_tank"}}, {"type": "Feature", "geometry": {"type": "Point", "coordinates": [-8.0983637, 43.5759181]}, "properties": {"osm_type": "node", "osm_id": 2096831775, "negative_class": "modern_infrastructure", "name": "", "osm_tags": "power=tower"}}, {"type": "Feature", "geometry": {"type": "Point", "coordinates": [-8.2086478, 43.5409937]}, "properties": {"osm_type": "way", "osm_id": 33181867, "negative_class": "modern_infrastructure", "name": "R\u00faa dos Carboeiros", "osm_tags": "highway=unclassified;junction=roundabout"}}, {"type": "Feature", "geometry": {"type": "Point", "coordinates": [-8.0564198, 43.4838445]}, "properties": {"osm_type": "node", "osm_id": 1996907305, "negative_class": "modern_infrastructure", "name": "", "osm_tags": "power=tower"}}, {"type": "Feature", "geometry": {"type": "Point", "coordinates": [-8.1117354, 43.4872268]}, "properties": {"osm_type": "node", "osm_id": 13785260981, "negative_class": "modern_infrastructure", "name": "", "osm_tags": "power=tower"}}, {"type": "Feature", "geometry": {"type": "Point", "coordinates": [-8.0715898, 43.5423986]}, "properties": {"osm_type": "way", "osm_id": 1099417995, "negative_class": "modern_infrastructure", "name": "", "osm_tags": "building=house;man_made=storage_tank"}}, {"type": "Feature", "geometry": {"type": "Point", "coordinates": [-8.1681134, 43.5165569]}, "properties": {"osm_type": "way", "osm_id": 23799761, "negative_class": "modern_infrastructure", "name": "", "osm_tags": "highway=primary;junction=roundabout;surface=asphalt"}}, {"type": "Feature", "geometry": {"type": "Point", "coordinates": [-8.1957896, 43.539158]}, "properties": {"osm_type": "way", "osm_id": 33181881, "negative_class": "modern_infrastructure", "name": "", "osm_tags": "highway=trunk;junction=roundabout"}}, {"type": "Feature", "geometry": {"type": "Point", "coordinates": [-8.2999038, 43.4848046]}, "properties": {"osm_type": "node", "osm_id": 1815811613, "negative_class": "modern_infrastructure", "name": "", "osm_tags": "power=tower"}}, {"type": "Feature", "geometry": {"type": "Point", "coordinates": [-8.1351071, 43.5817507]}, "properties": {"osm_type": "node", "osm_id": 2096602321, "negative_class": "modern_infrastructure", "name": "", "osm_tags": "power=tower"}}, {"type": "Feature", "geometry": {"type": "Point", "coordinates": [-8.1359377, 43.6004976]}, "properties": {"osm_type": "node", "osm_id": 2096899188, "negative_class": "modern_infrastructure", "name": "", "osm_tags": "power=tower"}}, {"type": "Feature", "geometry": {"type": "Point", "coordinates": [-7.9830226, 43.5921269]}, "properties": {"osm_type": "node", "osm_id": 1994566160, "negative_class": "modern_infrastructure", "name": "", "osm_tags": "power=tower"}}, {"type": "Feature", "geometry": {"type": "Point", "coordinates": [-8.1446456, 43.6103284]}, "properties": {"osm_type": "way", "osm_id": 1421386563, "negative_class": "modern_infrastructure", "name": "", "osm_tags": "highway=tertiary;junction=roundabout"}}, {"type": "Feature", "geometry": {"type": "Point", "coordinates": [-8.1668673, 43.4822894]}, "properties": {"osm_type": "node", "osm_id": 2033363916, "negative_class": "modern_infrastructure", "name": "", "osm_tags": "power=tower"}}, {"type": "Feature", "geometry": {"type": "Point", "coordinates": [-8.1502705, 43.4386212]}, "properties": {"osm_type": "node", "osm_id": 1807920333, "negative_class": "modern_infrastructure", "name": "", "osm_tags": "power=tower"}}, {"type": "Feature", "geometry": {"type": "Point", "coordinates": [-7.9668732, 43.4211106]}, "properties": {"osm_type": "node", "osm_id": 2118475702, "negative_class": "modern_infrastructure", "name": "", "osm_tags": "power=tower"}}, {"type": "Feature", "geometry": {"type": "Point", "coordinates": [-8.2424297, 43.4905239]}, "properties": {"osm_type": "way", "osm_id": 865173022, "negative_class": "modern_infrastructure", "name": "", "osm_tags": "highway=secondary;junction=roundabout;surface=asphalt"}}, {"type": "Feature", "geometry": {"type": "Point", "coordinates": [-8.1123253, 43.447412]}, "properties": {"osm_type": "node", "osm_id": 1807978786, "negative_class": "modern_infrastructure", "name": "", "osm_tags": "power=tower"}}, {"type": "Feature", "geometry": {"type": "Point", "coordinates": [-8.0993396, 43.5067523]}, "properties": {"osm_type": "node", "osm_id": 1996907324, "negative_class": "modern_infrastructure", "name": "", "osm_tags": "power=tower"}}, {"type": "Feature", "geometry": {"type": "Point", "coordinates": [-8.013827, 43.4559297]}, "properties": {"osm_type": "node", "osm_id": 1996907286, "negative_class": "modern_infrastructure", "name": "", "osm_tags": "power=tower"}}, {"type": "Feature", "geometry": {"type": "Point", "coordinates": [-8.0548044, 43.596127]}, "properties": {"osm_type": "node", "osm_id": 2096672157, "negative_class": "modern_infrastructure", "name": "", "osm_tags": "power=tower"}}, {"type": "Feature", "geometry": {"type": "Point", "coordinates": [-8.071897, 43.5105135]}, "properties": {"osm_type": "node", "osm_id": 1806763305, "negative_class": "modern_infrastructure", "name": "", "osm_tags": "power=tower"}}, {"type": "Feature", "geometry": {"type": "Point", "coordinates": [-8.2391407, 43.4608967]}, "properties": {"osm_type": "way", "osm_id": 170403306, "negative_class": "modern_infrastructure", "name": "", "osm_tags": "building=yes;man_made=storage_tank"}}, {"type": "Feature", "geometry": {"type": "Point", "coordinates": [-8.1293016, 43.4686885]}, "properties": {"osm_type": "node", "osm_id": 4979618740, "negative_class": "modern_infrastructure", "name": "", "osm_tags": "power=tower"}}, {"type": "Feature", "geometry": {"type": "Point", "coordinates": [-8.2355459, 43.4616188]}, "properties": {"osm_type": "way", "osm_id": 660156878, "negative_class": "modern_infrastructure", "name": "", "osm_tags": "building=yes;man_made=storage_tank"}}, {"type": "Feature", "geometry": {"type": "Point", "coordinates": [-8.1339948, 43.4559619]}, "properties": {"osm_type": "node", "osm_id": 1807949082, "negative_class": "modern_infrastructure", "name": "", "osm_tags": "power=tower"}}, {"type": "Feature", "geometry": {"type": "Point", "coordinates": [-8.0053071, 43.446677]}, "properties": {"osm_type": "node", "osm_id": 1996907280, "negative_class": "modern_infrastructure", "name": "", "osm_tags": "power=tower"}}, {"type": "Feature", "geometry": {"type": "Point", "coordinates": [-8.0627714, 43.4232431]}, "properties": {"osm_type": "node", "osm_id": 1808003459, "negative_class": "modern_infrastructure", "name": "", "osm_tags": "power=tower"}}, {"type": "Feature", "geometry": {"type": "Point", "coordinates": [-7.9734356, 43.4821567]}, "properties": {"osm_type": "node", "osm_id": 2203549250, "negative_class": "modern_infrastructure", "name": "", "osm_tags": "power=tower"}}, {"type": "Feature", "geometry": {"type": "Point", "coordinates": [-8.0583968, 43.4850379]}, "properties": {"osm_type": "node", "osm_id": 1996907306, "negative_class": "modern_infrastructure", "name": "", "osm_tags": "power=tower"}}, {"type": "Feature", "geometry": {"type": "Point", "coordinates": [-7.9901696, 43.6259764]}, "properties": {"osm_type": "node", "osm_id": 3360437852, "negative_class": "modern_infrastructure", "name": "", "osm_tags": "power=tower"}}, {"type": "Feature", "geometry": {"type": "Point", "coordinates": [-7.9622928, 43.7017096]}, "properties": {"osm_type": "node", "osm_id": 1994554075, "negative_class": "modern_infrastructure", "name": "", "osm_tags": "power=tower"}}, {"type": "Feature", "geometry": {"type": "Point", "coordinates": [-8.126529, 43.5649593]}, "properties": {"osm_type": "node", "osm_id": 2099132121, "negative_class": "modern_infrastructure", "name": "", "osm_tags": "power=tower"}}, {"type": "Feature", "geometry": {"type": "Point", "coordinates": [-8.191724, 43.4815816]}, "properties": {"osm_type": "node", "osm_id": 1707829982, "negative_class": "modern_infrastructure", "name": "", "osm_tags": "power=tower"}}, {"type": "Feature", "geometry": {"type": "Point", "coordinates": [-8.008406, 43.5766149]}, "properties": {"osm_type": "node", "osm_id": 1806788517, "negative_class": "modern_infrastructure", "name": "", "osm_tags": "power=tower"}}, {"type": "Feature", "geometry": {"type": "Point", "coordinates": [-8.1973878, 43.4843028]}, "properties": {"osm_type": "way", "osm_id": 16542353, "negative_class": "modern_infrastructure", "name": "", "osm_tags": "highway=trunk;junction=roundabout;surface=asphalt"}}, {"type": "Feature", "geometry": {"type": "Point", "coordinates": [-8.0196752, 43.6294415]}, "properties": {"osm_type": "node", "osm_id": 2106963629, "negative_class": "modern_infrastructure", "name": "", "osm_tags": "power=tower"}}, {"type": "Feature", "geometry": {"type": "Point", "coordinates": [-7.9606156, 43.422149]}, "properties": {"osm_type": "node", "osm_id": 2118475762, "negative_class": "modern_infrastructure", "name": "", "osm_tags": "power=tower"}}, {"type": "Feature", "geometry": {"type": "Point", "coordinates": [-8.0871657, 43.4965426]}, "properties": {"osm_type": "node", "osm_id": 1996907317, "negative_class": "modern_infrastructure", "name": "", "osm_tags": "power=tower"}}, {"type": "Feature", "geometry": {"type": "Point", "coordinates": [-8.0871474, 43.4329165]}, "properties": {"osm_type": "node", "osm_id": 1808003428, "negative_class": "modern_infrastructure", "name": "", "osm_tags": "power=tower"}}, {"type": "Feature", "geometry": {"type": "Point", "coordinates": [-8.1865723, 43.5145637]}, "properties": {"osm_type": "node", "osm_id": 1718631203, "negative_class": "modern_infrastructure", "name": "", "osm_tags": "power=tower"}}, {"type": "Feature", "geometry": {"type": "Point", "coordinates": [-8.131874, 43.5072433]}, "properties": {"osm_type": "node", "osm_id": 1806753754, "negative_class": "modern_infrastructure", "name": "", "osm_tags": "power=tower"}}, {"type": "Feature", "geometry": {"type": "Point", "coordinates": [-8.0287645, 43.5023154]}, "properties": {"osm_type": "node", "osm_id": 1806763476, "negative_class": "modern_infrastructure", "name": "", "osm_tags": "power=tower"}}, {"type": "Feature", "geometry": {"type": "Point", "coordinates": [-8.206371, 43.4909477]}, "properties": {"osm_type": "node", "osm_id": 2384323518, "negative_class": "modern_infrastructure", "name": "", "osm_tags": "power=tower"}}, {"type": "Feature", "geometry": {"type": "Point", "coordinates": [-8.0171086, 43.4594909]}, "properties": {"osm_type": "node", "osm_id": 1996907288, "negative_class": "modern_infrastructure", "name": "", "osm_tags": "power=tower"}}, {"type": "Feature", "geometry": {"type": "Point", "coordinates": [-8.0904634, 43.4992875]}, "properties": {"osm_type": "node", "osm_id": 1996907319, "negative_class": "modern_infrastructure", "name": "", "osm_tags": "power=tower"}}, {"type": "Feature", "geometry": {"type": "Point", "coordinates": [-8.1407575, 43.5062258]}, "properties": {"osm_type": "node", "osm_id": 1806753766, "negative_class": "modern_infrastructure", "name": "", "osm_tags": "power=tower"}}, {"type": "Feature", "geometry": {"type": "Point", "coordinates": [-8.1588669, 43.4846562]}, "properties": {"osm_type": "node", "osm_id": 1807966572, "negative_class": "modern_infrastructure", "name": "", "osm_tags": "power=tower"}}, {"type": "Feature", "geometry": {"type": "Point", "coordinates": [-8.0041238, 43.6268827]}, "properties": {"osm_type": "node", "osm_id": 2106963677, "negative_class": "modern_infrastructure", "name": "", "osm_tags": "power=tower"}}, {"type": "Feature", "geometry": {"type": "Point", "coordinates": [-8.1007435, 43.4414023]}, "properties": {"osm_type": "node", "osm_id": 1808003437, "negative_class": "modern_infrastructure", "name": "", "osm_tags": "power=tower"}}, {"type": "Feature", "geometry": {"type": "Point", "coordinates": [-8.0799866, 43.512089]}, "properties": {"osm_type": "node", "osm_id": 1806763307, "negative_class": "modern_infrastructure", "name": "", "osm_tags": "power=tower"}}, {"type": "Feature", "geometry": {"type": "Point", "coordinates": [-8.0456237, 43.4772173]}, "properties": {"osm_type": "node", "osm_id": 1996907301, "negative_class": "modern_infrastructure", "name": "", "osm_tags": "power=tower"}}, {"type": "Feature", "geometry": {"type": "Point", "coordinates": [-8.0959021, 43.4378091]}, "properties": {"osm_type": "node", "osm_id": 1808003537, "negative_class": "modern_infrastructure", "name": "", "osm_tags": "power=tower"}}, {"type": "Feature", "geometry": {"type": "Point", "coordinates": [-7.9690323, 43.4207288]}, "properties": {"osm_type": "node", "osm_id": 2118475788, "negative_class": "modern_infrastructure", "name": "", "osm_tags": "power=tower"}}, {"type": "Feature", "geometry": {"type": "Point", "coordinates": [-8.0828191, 43.5126162]}, "properties": {"osm_type": "node", "osm_id": 1806759935, "negative_class": "modern_infrastructure", "name": "", "osm_tags": "power=tower"}}, {"type": "Feature", "geometry": {"type": "Point", "coordinates": [-8.2514654, 43.4940512]}, "properties": {"osm_type": "way", "osm_id": 1167109227, "negative_class": "modern_infrastructure", "name": "", "osm_tags": "highway=secondary;junction=roundabout;surface=asphalt"}}, {"type": "Feature", "geometry": {"type": "Point", "coordinates": [-8.0421997, 43.5601789]}, "properties": {"osm_type": "node", "osm_id": 1806779961, "negative_class": "modern_infrastructure", "name": "", "osm_tags": "power=tower"}}, {"type": "Feature", "geometry": {"type": "Point", "coordinates": [-7.9736445, 43.5993764]}, "properties": {"osm_type": "node", "osm_id": 1994566170, "negative_class": "modern_infrastructure", "name": "", "osm_tags": "power=tower"}}, {"type": "Feature", "geometry": {"type": "Point", "coordinates": [-8.0672138, 43.516349]}, "properties": {"osm_type": "node", "osm_id": 1806765631, "negative_class": "modern_infrastructure", "name": "", "osm_tags": "power=tower"}}, {"type": "Feature", "geometry": {"type": "Point", "coordinates": [-8.1052331, 43.576106]}, "properties": {"osm_type": "node", "osm_id": 2096836747, "negative_class": "modern_infrastructure", "name": "", "osm_tags": "power=tower"}}, {"type": "Feature", "geometry": {"type": "Point", "coordinates": [-8.0701483, 43.5126648]}, "properties": {"osm_type": "node", "osm_id": 1806765632, "negative_class": "modern_infrastructure", "name": "", "osm_tags": "power=tower"}}, {"type": "Feature", "geometry": {"type": "Point", "coordinates": [-8.0256834, 43.6304064]}, "properties": {"osm_type": "node", "osm_id": 2106963614, "negative_class": "modern_infrastructure", "name": "", "osm_tags": "power=tower"}}, {"type": "Feature", "geometry": {"type": "Point", "coordinates": [-8.1223746, 43.5846768]}, "properties": {"osm_type": "node", "osm_id": 2096622969, "negative_class": "modern_infrastructure", "name": "", "osm_tags": "power=tower"}}, {"type": "Feature", "geometry": {"type": "Point", "coordinates": [-8.0775608, 43.6197906]}, "properties": {"osm_type": "node", "osm_id": 1997734515, "negative_class": "modern_infrastructure", "name": "", "osm_tags": "power=tower"}}, {"type": "Feature", "geometry": {"type": "Point", "coordinates": [-8.0240903, 43.5647744]}, "properties": {"osm_type": "way", "osm_id": 948457977, "negative_class": "modern_infrastructure", "name": "", "osm_tags": "highway=proposed;junction=roundabout"}}, {"type": "Feature", "geometry": {"type": "Point", "coordinates": [-8.065609, 43.5488612]}, "properties": {"osm_type": "node", "osm_id": 1806779189, "negative_class": "modern_infrastructure", "name": "", "osm_tags": "power=tower"}}, {"type": "Feature", "geometry": {"type": "Point", "coordinates": [-8.0940237, 43.5899884]}, "properties": {"osm_type": "node", "osm_id": 2096672214, "negative_class": "modern_infrastructure", "name": "", "osm_tags": "power=tower"}}, {"type": "Feature", "geometry": {"type": "Point", "coordinates": [-8.1630199, 43.5130663]}, "properties": {"osm_type": "node", "osm_id": 1848299692, "negative_class": "modern_infrastructure", "name": "", "osm_tags": "power=tower"}}, {"type": "Feature", "geometry": {"type": "Point", "coordinates": [-8.1037341, 43.4435835]}, "properties": {"osm_type": "node", "osm_id": 1808003374, "negative_class": "modern_infrastructure", "name": "", "osm_tags": "power=tower"}}, {"type": "Feature", "geometry": {"type": "Point", "coordinates": [-7.9994372, 43.4945503]}, "properties": {"osm_type": "node", "osm_id": 1806764973, "negative_class": "modern_infrastructure", "name": "", "osm_tags": "power=tower"}}, {"type": "Feature", "geometry": {"type": "Point", "coordinates": [-8.2098077, 43.5051707]}, "properties": {"osm_type": "way", "osm_id": 75573354, "negative_class": "modern_infrastructure", "name": "", "osm_tags": "highway=residential;junction=roundabout;surface=asphalt"}}, {"type": "Feature", "geometry": {"type": "Point", "coordinates": [-8.1694886, 43.4495907]}, "properties": {"osm_type": "way", "osm_id": 24297697, "negative_class": "modern_infrastructure", "name": "", "osm_tags": "highway=primary;junction=roundabout"}}, {"type": "Feature", "geometry": {"type": "Point", "coordinates": [-8.1117094, 43.5104422]}, "properties": {"osm_type": "node", "osm_id": 1996907334, "negative_class": "modern_infrastructure", "name": "", "osm_tags": "power=tower"}}, {"type": "Feature", "geometry": {"type": "Point", "coordinates": [-8.079639, 43.5925857]}, "properties": {"osm_type": "node", "osm_id": 2096672183, "negative_class": "modern_infrastructure", "name": "", "osm_tags": "power=tower"}}, {"type": "Feature", "geometry": {"type": "Point", "coordinates": [-8.2227828, 43.4872512]}, "properties": {"osm_type": "way", "osm_id": 440164299, "negative_class": "modern_infrastructure", "name": "R\u00faa Dez do Marzal", "osm_tags": "highway=residential;junction=roundabout;surface=asphalt"}}, {"type": "Feature", "geometry": {"type": "Point", "coordinates": [-8.2847901, 43.441272]}, "properties": {"osm_type": "way", "osm_id": 777804155, "negative_class": "modern_infrastructure", "name": "", "osm_tags": "highway=tertiary;junction=roundabout;surface=asphalt"}}, {"type": "Feature", "geometry": {"type": "Point", "coordinates": [-8.1398618, 43.5994351]}, "properties": {"osm_type": "node", "osm_id": 2096899165, "negative_class": "modern_infrastructure", "name": "", "osm_tags": "power=tower"}}, {"type": "Feature", "geometry": {"type": "Point", "coordinates": [-8.1586497, 43.4887487]}, "properties": {"osm_type": "node", "osm_id": 1807955297, "negative_class": "modern_infrastructure", "name": "", "osm_tags": "power=tower"}}, {"type": "Feature", "geometry": {"type": "Point", "coordinates": [-8.0708252, 43.5938095]}, "properties": {"osm_type": "node", "osm_id": 2096672154, "negative_class": "modern_infrastructure", "name": "", "osm_tags": "power=tower"}}, {"type": "Feature", "geometry": {"type": "Point", "coordinates": [-8.2094009, 43.4432522]}, "properties": {"osm_type": "way", "osm_id": 242778041, "negative_class": "modern_infrastructure", "name": "", "osm_tags": "highway=tertiary;junction=roundabout"}}, {"type": "Feature", "geometry": {"type": "Point", "coordinates": [-8.1872321, 43.4933725]}, "properties": {"osm_type": "way", "osm_id": 757523444, "negative_class": "modern_infrastructure", "name": "Estrada da Trincheira", "osm_tags": "highway=trunk;junction=roundabout;surface=asphalt"}}, {"type": "Feature", "geometry": {"type": "Point", "coordinates": [-8.078034, 43.5396931]}, "properties": {"osm_type": "node", "osm_id": 1806779180, "negative_class": "modern_infrastructure", "name": "", "osm_tags": "power=tower"}}, {"type": "Feature", "geometry": {"type": "Point", "coordinates": [-8.0539159, 43.6608468]}, "properties": {"osm_type": "way", "osm_id": 33910538, "negative_class": "modern_infrastructure", "name": "Praza de Galicia", "osm_tags": "highway=primary;junction=roundabout;surface=asphalt"}}, {"type": "Feature", "geometry": {"type": "Point", "coordinates": [-8.2305105, 43.4917578]}, "properties": {"osm_type": "way", "osm_id": 1516365833, "negative_class": "modern_infrastructure", "name": "", "osm_tags": "highway=residential;junction=roundabout"}}, {"type": "Feature", "geometry": {"type": "Point", "coordinates": [-8.0180364, 43.6291795]}, "properties": {"osm_type": "node", "osm_id": 2106963612, "negative_class": "modern_infrastructure", "name": "", "osm_tags": "power=tower"}}, {"type": "Feature", "geometry": {"type": "Point", "coordinates": [-8.1384366, 43.4415834]}, "properties": {"osm_type": "node", "osm_id": 1807920336, "negative_class": "modern_infrastructure", "name": "", "osm_tags": "power=tower"}}, {"type": "Feature", "geometry": {"type": "Point", "coordinates": [-7.9551911, 43.7080482]}, "properties": {"osm_type": "node", "osm_id": 1994554079, "negative_class": "modern_infrastructure", "name": "", "osm_tags": "power=tower"}}, {"type": "Feature", "geometry": {"type": "Point", "coordinates": [-8.1568523, 43.5065894]}, "properties": {"osm_type": "node", "osm_id": 981251327, "negative_class": "modern_infrastructure", "name": "", "osm_tags": "power=tower"}}, {"type": "Feature", "geometry": {"type": "Point", "coordinates": [-7.9520229, 43.6827897]}, "properties": {"osm_type": "node", "osm_id": 11778698576, "negative_class": "modern_infrastructure", "name": "", "osm_tags": "power=tower"}}, {"type": "Feature", "geometry": {"type": "Point", "coordinates": [-8.0552164, 43.5543865]}, "properties": {"osm_type": "node", "osm_id": 1806779964, "negative_class": "modern_infrastructure", "name": "", "osm_tags": "power=tower"}}, {"type": "Feature", "geometry": {"type": "Point", "coordinates": [-8.3053863, 43.481537]}, "properties": {"osm_type": "node", "osm_id": 1815811608, "negative_class": "modern_infrastructure", "name": "", "osm_tags": "power=tower"}}, {"type": "Feature", "geometry": {"type": "Point", "coordinates": [-8.0374234, 43.6350113]}, "properties": {"osm_type": "node", "osm_id": 2106963613, "negative_class": "modern_infrastructure", "name": "", "osm_tags": "power=tower"}}, {"type": "Feature", "geometry": {"type": "Point", "coordinates": [-8.1686161, 43.4799228]}, "properties": {"osm_type": "node", "osm_id": 2033341677, "negative_class": "modern_infrastructure", "name": "", "osm_tags": "power=tower"}}, {"type": "Feature", "geometry": {"type": "Point", "coordinates": [-8.2228393, 43.4993009]}, "properties": {"osm_type": "node", "osm_id": 4578180788, "negative_class": "modern_infrastructure", "name": "", "osm_tags": "power=tower"}}, {"type": "Feature", "geometry": {"type": "Point", "coordinates": [-8.1246904, 43.4784204]}, "properties": {"osm_type": "node", "osm_id": 4979618735, "negative_class": "modern_infrastructure", "name": "", "osm_tags": "power=tower"}}, {"type": "Feature", "geometry": {"type": "Point", "coordinates": [-8.1753556, 43.5022052]}, "properties": {"osm_type": "way", "osm_id": 97416683, "negative_class": "modern_infrastructure", "name": "Estrada da Trincheira", "osm_tags": "highway=trunk;junction=roundabout;surface=asphalt"}}, {"type": "Feature", "geometry": {"type": "Point", "coordinates": [-8.1566622, 43.4941641]}, "properties": {"osm_type": "node", "osm_id": 1807955280, "negative_class": "modern_infrastructure", "name": "", "osm_tags": "power=tower"}}, {"type": "Feature", "geometry": {"type": "Point", "coordinates": [-8.1163531, 43.5853879]}, "properties": {"osm_type": "node", "osm_id": 2096622916, "negative_class": "modern_infrastructure", "name": "", "osm_tags": "power=tower"}}, {"type": "Feature", "geometry": {"type": "Point", "coordinates": [-8.2062839, 43.5005494]}, "properties": {"osm_type": "node", "osm_id": 1718497535, "negative_class": "modern_infrastructure", "name": "", "osm_tags": "power=tower"}}, {"type": "Feature", "geometry": {"type": "Point", "coordinates": [-8.2182661, 43.4468533]}, "properties": {"osm_type": "way", "osm_id": 229871012, "negative_class": "modern_infrastructure", "name": "", "osm_tags": "highway=tertiary;junction=roundabout;surface=unpaved"}}, {"type": "Feature", "geometry": {"type": "Point", "coordinates": [-8.080981, 43.4304661]}, "properties": {"osm_type": "node", "osm_id": 1808003538, "negative_class": "modern_infrastructure", "name": "", "osm_tags": "power=tower"}}, {"type": "Feature", "geometry": {"type": "Point", "coordinates": [-8.2121932, 43.5046557]}, "properties": {"osm_type": "way", "osm_id": 196479307, "negative_class": "modern_infrastructure", "name": "", "osm_tags": "highway=unclassified;junction=roundabout;surface=asphalt"}}, {"type": "Feature", "geometry": {"type": "Point", "coordinates": [-8.1252616, 43.452537]}, "properties": {"osm_type": "node", "osm_id": 1807937391, "negative_class": "modern_infrastructure", "name": "", "osm_tags": "power=tower"}}, {"type": "Feature", "geometry": {"type": "Point", "coordinates": [-8.2197751, 43.5059824]}, "properties": {"osm_type": "node", "osm_id": 1708690729, "negative_class": "modern_infrastructure", "name": "", "osm_tags": "power=tower"}}, {"type": "Feature", "geometry": {"type": "Point", "coordinates": [-8.2992693, 43.4827542]}, "properties": {"osm_type": "node", "osm_id": 4527137283, "negative_class": "modern_infrastructure", "name": "", "osm_tags": "man_made=water_tower"}}, {"type": "Feature", "geometry": {"type": "Point", "coordinates": [-8.2238734, 43.4839267]}, "properties": {"osm_type": "way", "osm_id": 862510528, "negative_class": "modern_infrastructure", "name": "Rotonda de Gonz\u00e1lez Llanos", "osm_tags": "highway=secondary;junction=roundabout;surface=asphalt"}}, {"type": "Feature", "geometry": {"type": "Point", "coordinates": [-8.176672, 43.5031115]}, "properties": {"osm_type": "node", "osm_id": 2012812128, "negative_class": "modern_infrastructure", "name": "", "osm_tags": "power=tower"}}, {"type": "Feature", "geometry": {"type": "Point", "coordinates": [-8.0383909, 43.5040703]}, "properties": {"osm_type": "node", "osm_id": 1806763472, "negative_class": "modern_infrastructure", "name": "", "osm_tags": "power=tower"}}, {"type": "Feature", "geometry": {"type": "Point", "coordinates": [-8.1035851, 43.5088674]}, "properties": {"osm_type": "node", "osm_id": 1996907326, "negative_class": "modern_infrastructure", "name": "", "osm_tags": "power=tower"}}, {"type": "Feature", "geometry": {"type": "Point", "coordinates": [-8.077242, 43.4921315]}, "properties": {"osm_type": "node", "osm_id": 1996907313, "negative_class": "modern_infrastructure", "name": "", "osm_tags": "power=tower"}}, {"type": "Feature", "geometry": {"type": "Point", "coordinates": [-8.1398168, 43.58149]}, "properties": {"osm_type": "node", "osm_id": 2096602332, "negative_class": "modern_infrastructure", "name": "", "osm_tags": "power=tower"}}, {"type": "Feature", "geometry": {"type": "Point", "coordinates": [-8.1725398, 43.4766808]}, "properties": {"osm_type": "node", "osm_id": 1798851712, "negative_class": "modern_infrastructure", "name": "", "osm_tags": "power=tower"}}, {"type": "Feature", "geometry": {"type": "Point", "coordinates": [-8.1820842, 43.4939738]}, "properties": {"osm_type": "node", "osm_id": 1707827976, "negative_class": "modern_infrastructure", "name": "", "osm_tags": "power=tower"}}, {"type": "Feature", "geometry": {"type": "Point", "coordinates": [-8.2066194, 43.4792833]}, "properties": {"osm_type": "way", "osm_id": 1167104886, "negative_class": "modern_infrastructure", "name": "", "osm_tags": "highway=residential;junction=roundabout;surface=asphalt"}}, {"type": "Feature", "geometry": {"type": "Point", "coordinates": [-8.2762857, 43.4474594]}, "properties": {"osm_type": "node", "osm_id": 2529966581, "negative_class": "modern_infrastructure", "name": "", "osm_tags": "power=tower"}}, {"type": "Feature", "geometry": {"type": "Point", "coordinates": [-8.0920596, 43.5006393]}, "properties": {"osm_type": "node", "osm_id": 1996907320, "negative_class": "modern_infrastructure", "name": "", "osm_tags": "power=tower"}}, {"type": "Feature", "geometry": {"type": "Point", "coordinates": [-8.2099111, 43.4867463]}, "properties": {"osm_type": "way", "osm_id": 1278764154, "negative_class": "modern_infrastructure", "name": "Glorieta de Caranza", "osm_tags": "highway=trunk;junction=roundabout;surface=asphalt"}}, {"type": "Feature", "geometry": {"type": "Point", "coordinates": [-8.1881212, 43.4907464]}, "properties": {"osm_type": "node", "osm_id": 1711525530, "negative_class": "modern_infrastructure", "name": "", "osm_tags": "power=tower"}}, {"type": "Feature", "geometry": {"type": "Point", "coordinates": [-8.1668393, 43.51031]}, "properties": {"osm_type": "node", "osm_id": 1848299711, "negative_class": "modern_infrastructure", "name": "", "osm_tags": "power=tower"}}, {"type": "Feature", "geometry": {"type": "Point", "coordinates": [-8.0635903, 43.5089377]}, "properties": {"osm_type": "node", "osm_id": 1806763303, "negative_class": "modern_infrastructure", "name": "", "osm_tags": "power=tower"}}, {"type": "Feature", "geometry": {"type": "Point", "coordinates": [-8.2197376, 43.507066]}, "properties": {"osm_type": "node", "osm_id": 1708690694, "negative_class": "modern_infrastructure", "name": "", "osm_tags": "power=tower"}}, {"type": "Feature", "geometry": {"type": "Point", "coordinates": [-7.9645132, 43.6272801]}, "properties": {"osm_type": "node", "osm_id": 3360437854, "negative_class": "modern_infrastructure", "name": "", "osm_tags": "power=tower"}}, {"type": "Feature", "geometry": {"type": "Point", "coordinates": [-8.1043689, 43.5880922]}, "properties": {"osm_type": "node", "osm_id": 2096641446, "negative_class": "modern_infrastructure", "name": "", "osm_tags": "power=tower"}}, {"type": "Feature", "geometry": {"type": "Point", "coordinates": [-8.1049894, 43.4445338]}, "properties": {"osm_type": "node", "osm_id": 1808003439, "negative_class": "modern_infrastructure", "name": "", "osm_tags": "power=tower"}}, {"type": "Feature", "geometry": {"type": "Point", "coordinates": [-7.9968976, 43.6256445]}, "properties": {"osm_type": "node", "osm_id": 3360437851, "negative_class": "modern_infrastructure", "name": "", "osm_tags": "power=tower"}}, {"type": "Feature", "geometry": {"type": "Point", "coordinates": [-8.1957696, 43.5325637]}, "properties": {"osm_type": "way", "osm_id": 17475157, "negative_class": "modern_infrastructure", "name": "", "osm_tags": "highway=trunk;junction=roundabout"}}, {"type": "Feature", "geometry": {"type": "Point", "coordinates": [-8.0081551, 43.6275972]}, "properties": {"osm_type": "node", "osm_id": 2106963622, "negative_class": "modern_infrastructure", "name": "", "osm_tags": "power=tower"}}, {"type": "Feature", "geometry": {"type": "Point", "coordinates": [-8.2110173, 43.5002507]}, "properties": {"osm_type": "node", "osm_id": 1718562174, "negative_class": "modern_infrastructure", "name": "", "osm_tags": "power=tower"}}, {"type": "Feature", "geometry": {"type": "Point", "coordinates": [-7.9874806, 43.4200566]}, "properties": {"osm_type": "node", "osm_id": 2118475753, "negative_class": "modern_infrastructure", "name": "", "osm_tags": "power=tower"}}, {"type": "Feature", "geometry": {"type": "Point", "coordinates": [-8.0031011, 43.4963035]}, "properties": {"osm_type": "node", "osm_id": 1806764975, "negative_class": "modern_infrastructure", "name": "", "osm_tags": "power=tower"}}, {"type": "Feature", "geometry": {"type": "Point", "coordinates": [-7.9515809, 43.4739277]}, "properties": {"osm_type": "node", "osm_id": 2203549259, "negative_class": "modern_infrastructure", "name": "", "osm_tags": "power=tower"}}, {"type": "Feature", "geometry": {"type": "Point", "coordinates": [-8.2053776, 43.5045797]}, "properties": {"osm_type": "way", "osm_id": 169515968, "negative_class": "modern_infrastructure", "name": "", "osm_tags": "highway=residential;junction=roundabout;surface=asphalt"}}, {"type": "Feature", "geometry": {"type": "Point", "coordinates": [-8.1082074, 43.5767984]}, "properties": {"osm_type": "node", "osm_id": 2096838540, "negative_class": "modern_infrastructure", "name": "", "osm_tags": "power=tower"}}, {"type": "Feature", "geometry": {"type": "Point", "coordinates": [-7.9650311, 43.6966489]}, "properties": {"osm_type": "node", "osm_id": 1994554071, "negative_class": "modern_infrastructure", "name": "", "osm_tags": "power=tower"}}, {"type": "Feature", "geometry": {"type": "Point", "coordinates": [-8.0839868, 43.5918261]}, "properties": {"osm_type": "node", "osm_id": 2096672169, "negative_class": "modern_infrastructure", "name": "", "osm_tags": "power=tower"}}, {"type": "Feature", "geometry": {"type": "Point", "coordinates": [-8.1666233, 43.5084234]}, "properties": {"osm_type": "node", "osm_id": 918298946, "negative_class": "modern_infrastructure", "name": "", "osm_tags": "power=tower"}}, {"type": "Feature", "geometry": {"type": "Point", "coordinates": [-8.1763323, 43.5122259]}, "properties": {"osm_type": "node", "osm_id": 2307121656, "negative_class": "modern_infrastructure", "name": "", "osm_tags": "power=tower"}}, {"type": "Feature", "geometry": {"type": "Point", "coordinates": [-8.2422255, 43.488912]}, "properties": {"osm_type": "way", "osm_id": 700166636, "negative_class": "modern_infrastructure", "name": "", "osm_tags": "highway=secondary;junction=roundabout;surface=asphalt"}}, {"type": "Feature", "geometry": {"type": "Point", "coordinates": [-8.2124046, 43.5420854]}, "properties": {"osm_type": "way", "osm_id": 1341267058, "negative_class": "modern_infrastructure", "name": "", "osm_tags": "highway=secondary;junction=roundabout;surface=asphalt"}}, {"type": "Feature", "geometry": {"type": "Point", "coordinates": [-8.1893143, 43.5151491]}, "properties": {"osm_type": "way", "osm_id": 24299053, "negative_class": "modern_infrastructure", "name": "", "osm_tags": "highway=primary;junction=roundabout;surface=asphalt"}}, {"type": "Feature", "geometry": {"type": "Point", "coordinates": [-8.0592049, 43.5080934]}, "properties": {"osm_type": "node", "osm_id": 1806763302, "negative_class": "modern_infrastructure", "name": "", "osm_tags": "power=tower"}}, {"type": "Feature", "geometry": {"type": "Point", "coordinates": [-7.9839847, 43.4872088]}, "properties": {"osm_type": "node", "osm_id": 2203549249, "negative_class": "modern_infrastructure", "name": "", "osm_tags": "power=tower"}}, {"type": "Feature", "geometry": {"type": "Point", "coordinates": [-8.2332568, 43.4904034]}, "properties": {"osm_type": "node", "osm_id": 4487762334, "negative_class": "modern_infrastructure", "name": "", "osm_tags": "man_made=water_tower"}}, {"type": "Feature", "geometry": {"type": "Point", "coordinates": [-8.2110265, 43.5140958]}, "properties": {"osm_type": "node", "osm_id": 1718673575, "negative_class": "modern_infrastructure", "name": "", "osm_tags": "power=tower"}}, {"type": "Feature", "geometry": {"type": "Point", "coordinates": [-8.2146659, 43.4820492]}, "properties": {"osm_type": "node", "osm_id": 1815446556, "negative_class": "modern_infrastructure", "name": "", "osm_tags": "power=tower"}}, {"type": "Feature", "geometry": {"type": "Point", "coordinates": [-8.2201517, 43.5032679]}, "properties": {"osm_type": "node", "osm_id": 1708690721, "negative_class": "modern_infrastructure", "name": "", "osm_tags": "power=tower"}}, {"type": "Feature", "geometry": {"type": "Point", "coordinates": [-7.9929247, 43.5859761]}, "properties": {"osm_type": "node", "osm_id": 1994566152, "negative_class": "modern_infrastructure", "name": "", "osm_tags": "power=tower"}}, {"type": "Feature", "geometry": {"type": "Point", "coordinates": [-8.2179469, 43.4969021]}, "properties": {"osm_type": "way", "osm_id": 10863573, "negative_class": "modern_infrastructure", "name": "", "osm_tags": "highway=tertiary;junction=roundabout;surface=asphalt"}}, {"type": "Feature", "geometry": {"type": "Point", "coordinates": [-7.9550809, 43.614386]}, "properties": {"osm_type": "node", "osm_id": 1994566198, "negative_class": "modern_infrastructure", "name": "", "osm_tags": "power=tower"}}, {"type": "Feature", "geometry": {"type": "Point", "coordinates": [-8.1577807, 43.4911053]}, "properties": {"osm_type": "node", "osm_id": 1807955275, "negative_class": "modern_infrastructure", "name": "", "osm_tags": "power=tower"}}, {"type": "Feature", "geometry": {"type": "Point", "coordinates": [-8.1440692, 43.4599279]}, "properties": {"osm_type": "node", "osm_id": 1807949031, "negative_class": "modern_infrastructure", "name": "", "osm_tags": "power=tower"}}, {"type": "Feature", "geometry": {"type": "Point", "coordinates": [-8.125277, 43.4812686]}, "properties": {"osm_type": "node", "osm_id": 4979618615, "negative_class": "modern_infrastructure", "name": "", "osm_tags": "power=tower"}}, {"type": "Feature", "geometry": {"type": "Point", "coordinates": [-8.16787, 43.5094283]}, "properties": {"osm_type": "node", "osm_id": 1794663687, "negative_class": "modern_infrastructure", "name": "", "osm_tags": "power=tower"}}, {"type": "Feature", "geometry": {"type": "Point", "coordinates": [-8.1765776, 43.4741488]}, "properties": {"osm_type": "way", "osm_id": 656763250, "negative_class": "modern_infrastructure", "name": "", "osm_tags": "building=yes;man_made=storage_tank"}}, {"type": "Feature", "geometry": {"type": "Point", "coordinates": [-8.119804, 43.5098306]}, "properties": {"osm_type": "node", "osm_id": 1806759906, "negative_class": "modern_infrastructure", "name": "", "osm_tags": "power=tower"}}, {"type": "Feature", "geometry": {"type": "Point", "coordinates": [-8.2217244, 43.4835742]}, "properties": {"osm_type": "way", "osm_id": 24990112, "negative_class": "modern_infrastructure", "name": "Praza de \u00c1lvaro Cunqueiro", "osm_tags": "highway=residential;junction=roundabout;surface=asphalt"}}, {"type": "Feature", "geometry": {"type": "Point", "coordinates": [-8.1050948, 43.5195757]}, "properties": {"osm_type": "node", "osm_id": 1806778923, "negative_class": "modern_infrastructure", "name": "", "osm_tags": "power=tower"}}, {"type": "Feature", "geometry": {"type": "Point", "coordinates": [-8.2056545, 43.4953704]}, "properties": {"osm_type": "way", "osm_id": 25356697, "negative_class": "modern_infrastructure", "name": "Estrada de Castela", "osm_tags": "highway=primary;junction=roundabout;surface=asphalt"}}, {"type": "Feature", "geometry": {"type": "Point", "coordinates": [-8.0877666, 43.6151283]}, "properties": {"osm_type": "node", "osm_id": 1997734536, "negative_class": "modern_infrastructure", "name": "", "osm_tags": "power=tower"}}, {"type": "Feature", "geometry": {"type": "Point", "coordinates": [-8.1564422, 43.4753512]}, "properties": {"osm_type": "node", "osm_id": 1807949030, "negative_class": "modern_infrastructure", "name": "", "osm_tags": "power=tower"}}, {"type": "Feature", "geometry": {"type": "Point", "coordinates": [-8.036669, 43.562313]}, "properties": {"osm_type": "node", "osm_id": 1806779971, "negative_class": "modern_infrastructure", "name": "", "osm_tags": "power=tower"}}, {"type": "Feature", "geometry": {"type": "Point", "coordinates": [-8.223978, 43.4763129]}, "properties": {"osm_type": "way", "osm_id": 1161774738, "negative_class": "modern_infrastructure", "name": "", "osm_tags": "highway=service;junction=roundabout"}}, {"type": "Feature", "geometry": {"type": "Point", "coordinates": [-8.1923913, 43.439536]}, "properties": {"osm_type": "node", "osm_id": 2308158014, "negative_class": "modern_infrastructure", "name": "", "osm_tags": "power=tower"}}, {"type": "Feature", "geometry": {"type": "Point", "coordinates": [-8.1245051, 43.5211489]}, "properties": {"osm_type": "node", "osm_id": 13785260990, "negative_class": "modern_infrastructure", "name": "", "osm_tags": "power=tower"}}, {"type": "Feature", "geometry": {"type": "Point", "coordinates": [-8.0702819, 43.4910998]}, "properties": {"osm_type": "node", "osm_id": 1996907311, "negative_class": "modern_infrastructure", "name": "", "osm_tags": "power=tower"}}, {"type": "Feature", "geometry": {"type": "Point", "coordinates": [-8.1701223, 43.4717814]}, "properties": {"osm_type": "way", "osm_id": 656764799, "negative_class": "modern_infrastructure", "name": "", "osm_tags": "building=yes;man_made=storage_tank"}}, {"type": "Feature", "geometry": {"type": "Point", "coordinates": [-8.0049948, 43.4972043]}, "properties": {"osm_type": "node", "osm_id": 1806763713, "negative_class": "modern_infrastructure", "name": "", "osm_tags": "power=tower"}}, {"type": "Feature", "geometry": {"type": "Point", "coordinates": [-8.2130246, 43.522272]}, "properties": {"osm_type": "way", "osm_id": 27480579, "negative_class": "modern_infrastructure", "name": "", "osm_tags": "highway=tertiary;junction=roundabout;surface=asphalt"}}, {"type": "Feature", "geometry": {"type": "Point", "coordinates": [-7.9621318, 43.6080087]}, "properties": {"osm_type": "node", "osm_id": 1994566190, "negative_class": "modern_infrastructure", "name": "", "osm_tags": "power=tower"}}, {"type": "Feature", "geometry": {"type": "Point", "coordinates": [-8.207912, 43.5000416]}, "properties": {"osm_type": "node", "osm_id": 1718529070, "negative_class": "modern_infrastructure", "name": "", "osm_tags": "power=tower"}}, {"type": "Feature", "geometry": {"type": "Point", "coordinates": [-8.0822466, 43.6176372]}, "properties": {"osm_type": "node", "osm_id": 1997734544, "negative_class": "modern_infrastructure", "name": "", "osm_tags": "power=tower"}}, {"type": "Feature", "geometry": {"type": "Point", "coordinates": [-8.2190264, 43.5114243]}, "properties": {"osm_type": "node", "osm_id": 1708690727, "negative_class": "modern_infrastructure", "name": "", "osm_tags": "power=tower"}}, {"type": "Feature", "geometry": {"type": "Point", "coordinates": [-8.3097046, 43.4780337]}, "properties": {"osm_type": "node", "osm_id": 1815809362, "negative_class": "modern_infrastructure", "name": "", "osm_tags": "power=tower"}}, {"type": "Feature", "geometry": {"type": "Point", "coordinates": [-7.9530202, 43.6174577]}, "properties": {"osm_type": "node", "osm_id": 1994566200, "negative_class": "modern_infrastructure", "name": "", "osm_tags": "power=tower"}}, {"type": "Feature", "geometry": {"type": "Point", "coordinates": [-8.0984322, 43.5263827]}, "properties": {"osm_type": "node", "osm_id": 1806778921, "negative_class": "modern_infrastructure", "name": "", "osm_tags": "power=tower"}}, {"type": "Feature", "geometry": {"type": "Point", "coordinates": [-8.0756227, 43.5414566]}, "properties": {"osm_type": "node", "osm_id": 1806779181, "negative_class": "modern_infrastructure", "name": "", "osm_tags": "power=tower"}}, {"type": "Feature", "geometry": {"type": "Point", "coordinates": [-8.123456, 43.4874552]}, "properties": {"osm_type": "node", "osm_id": 2698036723, "negative_class": "modern_infrastructure", "name": "", "osm_tags": "power=tower"}}, {"type": "Feature", "geometry": {"type": "Point", "coordinates": [-8.2032618, 43.4773998]}, "properties": {"osm_type": "node", "osm_id": 1707833506, "negative_class": "modern_infrastructure", "name": "", "osm_tags": "power=tower"}}, {"type": "Feature", "geometry": {"type": "Point", "coordinates": [-8.0351847, 43.4996182]}, "properties": {"osm_type": "way", "osm_id": 32873223, "negative_class": "modern_infrastructure", "name": "", "osm_tags": "highway=primary;junction=roundabout;surface=asphalt"}}, {"type": "Feature", "geometry": {"type": "Point", "coordinates": [-8.1140507, 43.5119178]}, "properties": {"osm_type": "node", "osm_id": 1806759903, "negative_class": "modern_infrastructure", "name": "", "osm_tags": "power=tower"}}, {"type": "Feature", "geometry": {"type": "Point", "coordinates": [-8.3071807, 43.47998]}, "properties": {"osm_type": "node", "osm_id": 1815811609, "negative_class": "modern_infrastructure", "name": "", "osm_tags": "power=tower"}}, {"type": "Feature", "geometry": {"type": "Point", "coordinates": [-8.2344611, 43.4551876]}, "properties": {"osm_type": "way", "osm_id": 40130708, "negative_class": "modern_infrastructure", "name": "", "osm_tags": "highway=tertiary;junction=roundabout;surface=asphalt"}}, {"type": "Feature", "geometry": {"type": "Point", "coordinates": [-8.2200017, 43.4833099]}, "properties": {"osm_type": "way", "osm_id": 35800297, "negative_class": "modern_infrastructure", "name": "", "osm_tags": "highway=service;junction=roundabout"}}, {"type": "Feature", "geometry": {"type": "Point", "coordinates": [-7.9500415, 43.6705006]}, "properties": {"osm_type": "node", "osm_id": 11778698584, "negative_class": "modern_infrastructure", "name": "", "osm_tags": "power=tower"}}, {"type": "Feature", "geometry": {"type": "Point", "coordinates": [-8.1316774, 43.4456633]}, "properties": {"osm_type": "node", "osm_id": 1807930641, "negative_class": "modern_infrastructure", "name": "", "osm_tags": "power=tower"}}, {"type": "Feature", "geometry": {"type": "Point", "coordinates": [-8.2188068, 43.5128474]}, "properties": {"osm_type": "node", "osm_id": 1708690688, "negative_class": "modern_infrastructure", "name": "", "osm_tags": "power=tower"}}, {"type": "Feature", "geometry": {"type": "Point", "coordinates": [-8.097701, 43.5893181]}, "properties": {"osm_type": "node", "osm_id": 2096672194, "negative_class": "modern_infrastructure", "name": "", "osm_tags": "power=tower"}}, {"type": "Feature", "geometry": {"type": "Point", "coordinates": [-8.1297838, 43.4468375]}, "properties": {"osm_type": "node", "osm_id": 1807930793, "negative_class": "modern_infrastructure", "name": "", "osm_tags": "power=tower"}}, {"type": "Feature", "geometry": {"type": "Point", "coordinates": [-8.1073693, 43.5168915]}, "properties": {"osm_type": "node", "osm_id": 1806778934, "negative_class": "modern_infrastructure", "name": "", "osm_tags": "power=tower"}}, {"type": "Feature", "geometry": {"type": "Point", "coordinates": [-7.9637887, 43.6990283]}, "properties": {"osm_type": "node", "osm_id": 1994554073, "negative_class": "modern_infrastructure", "name": "", "osm_tags": "power=tower"}}, {"type": "Feature", "geometry": {"type": "Point", "coordinates": [-8.0737586, 43.5108791]}, "properties": {"osm_type": "node", "osm_id": 1806763309, "negative_class": "modern_infrastructure", "name": "", "osm_tags": "power=tower"}}, {"type": "Feature", "geometry": {"type": "Point", "coordinates": [-8.0158255, 43.5721488]}, "properties": {"osm_type": "node", "osm_id": 1806788521, "negative_class": "modern_infrastructure", "name": "", "osm_tags": "power=tower"}}, {"type": "Feature", "geometry": {"type": "Point", "coordinates": [-8.2125049, 43.498955]}, "properties": {"osm_type": "way", "osm_id": 228539987, "negative_class": "modern_infrastructure", "name": "", "osm_tags": "highway=trunk;junction=roundabout;surface=asphalt"}}, {"type": "Feature", "geometry": {"type": "Point", "coordinates": [-8.1123055, 43.586643]}, "properties": {"osm_type": "node", "osm_id": 2096634360, "negative_class": "modern_infrastructure", "name": "", "osm_tags": "power=tower"}}, {"type": "Feature", "geometry": {"type": "Point", "coordinates": [-8.2007966, 43.4779727]}, "properties": {"osm_type": "node", "osm_id": 1711530970, "negative_class": "modern_infrastructure", "name": "", "osm_tags": "power=tower"}}, {"type": "Feature", "geometry": {"type": "Point", "coordinates": [-8.3274019, 43.464275]}, "properties": {"osm_type": "way", "osm_id": 27727946, "negative_class": "modern_infrastructure", "name": "", "osm_tags": "highway=trunk;junction=roundabout"}}, {"type": "Feature", "geometry": {"type": "Point", "coordinates": [-7.9512851, 43.6797959]}, "properties": {"osm_type": "node", "osm_id": 11778698578, "negative_class": "modern_infrastructure", "name": "", "osm_tags": "power=tower"}}, {"type": "Feature", "geometry": {"type": "Point", "coordinates": [-8.2192387, 43.5142985]}, "properties": {"osm_type": "node", "osm_id": 1708690724, "negative_class": "modern_infrastructure", "name": "", "osm_tags": "power=tower"}}, {"type": "Feature", "geometry": {"type": "Point", "coordinates": [-8.0655778, 43.5093092]}, "properties": {"osm_type": "node", "osm_id": 1806763304, "negative_class": "modern_infrastructure", "name": "", "osm_tags": "power=tower"}}, {"type": "Feature", "geometry": {"type": "Point", "coordinates": [-8.1085066, 43.5098148]}, "properties": {"osm_type": "node", "osm_id": 1996907329, "negative_class": "modern_infrastructure", "name": "", "osm_tags": "power=tower"}}, {"type": "Feature", "geometry": {"type": "Point", "coordinates": [-7.9604322, 43.4772268]}, "properties": {"osm_type": "node", "osm_id": 2203549255, "negative_class": "modern_infrastructure", "name": "", "osm_tags": "power=tower"}}, {"type": "Feature", "geometry": {"type": "Point", "coordinates": [-8.0865482, 43.5913482]}, "properties": {"osm_type": "node", "osm_id": 2096672218, "negative_class": "modern_infrastructure", "name": "", "osm_tags": "power=tower"}}, {"type": "Feature", "geometry": {"type": "Point", "coordinates": [-8.079843, 43.4925429]}, "properties": {"osm_type": "node", "osm_id": 1996907314, "negative_class": "modern_infrastructure", "name": "", "osm_tags": "power=tower"}}, {"type": "Feature", "geometry": {"type": "Point", "coordinates": [-8.009061, 43.499148]}, "properties": {"osm_type": "node", "osm_id": 1806763718, "negative_class": "modern_infrastructure", "name": "", "osm_tags": "power=tower"}}, {"type": "Feature", "geometry": {"type": "Point", "coordinates": [-8.2754716, 43.5016826]}, "properties": {"osm_type": "node", "osm_id": 1815847325, "negative_class": "modern_infrastructure", "name": "", "osm_tags": "power=tower"}}, {"type": "Feature", "geometry": {"type": "Point", "coordinates": [-7.9727365, 43.4201404]}, "properties": {"osm_type": "node", "osm_id": 2118475809, "negative_class": "modern_infrastructure", "name": "", "osm_tags": "power=tower"}}, {"type": "Feature", "geometry": {"type": "Point", "coordinates": [-8.1732822, 43.5029503]}, "properties": {"osm_type": "node", "osm_id": 1751773733, "negative_class": "modern_infrastructure", "name": "", "osm_tags": "power=tower"}}, {"type": "Feature", "geometry": {"type": "Point", "coordinates": [-8.1012512, 43.5235102]}, "properties": {"osm_type": "node", "osm_id": 1806778930, "negative_class": "modern_infrastructure", "name": "", "osm_tags": "power=tower"}}, {"type": "Feature", "geometry": {"type": "Point", "coordinates": [-8.0392466, 43.5613334]}, "properties": {"osm_type": "node", "osm_id": 1806779969, "negative_class": "modern_infrastructure", "name": "", "osm_tags": "power=tower"}}, {"type": "Feature", "geometry": {"type": "Point", "coordinates": [-8.0294592, 43.5650942]}, "properties": {"osm_type": "node", "osm_id": 1806781126, "negative_class": "modern_infrastructure", "name": "", "osm_tags": "power=tower"}}, {"type": "Feature", "geometry": {"type": "Point", "coordinates": [-8.1213761, 43.457151]}, "properties": {"osm_type": "node", "osm_id": 13786201482, "negative_class": "modern_infrastructure", "name": "", "osm_tags": "power=tower"}}, {"type": "Feature", "geometry": {"type": "Point", "coordinates": [-8.1095405, 43.5776281]}, "properties": {"osm_type": "node", "osm_id": 2096838544, "negative_class": "modern_infrastructure", "name": "", "osm_tags": "power=tower"}}, {"type": "Feature", "geometry": {"type": "Point", "coordinates": [-8.0216679, 43.5685977]}, "properties": {"osm_type": "node", "osm_id": 1806788524, "negative_class": "modern_infrastructure", "name": "", "osm_tags": "power=tower"}}, {"type": "Feature", "geometry": {"type": "Point", "coordinates": [-8.1511659, 43.5888848]}, "properties": {"osm_type": "node", "osm_id": 2315953392, "negative_class": "modern_infrastructure", "name": "", "osm_tags": "power=tower"}}, {"type": "Feature", "geometry": {"type": "Point", "coordinates": [-7.9528862, 43.7129204]}, "properties": {"osm_type": "node", "osm_id": 1994554081, "negative_class": "modern_infrastructure", "name": "", "osm_tags": "power=tower"}}, {"type": "Feature", "geometry": {"type": "Point", "coordinates": [-8.2009977, 43.5071427]}, "properties": {"osm_type": "way", "osm_id": 863060945, "negative_class": "modern_infrastructure", "name": "R\u00faa A Pallota", "osm_tags": "highway=residential;junction=roundabout;surface=asphalt"}}, {"type": "Feature", "geometry": {"type": "Point", "coordinates": [-7.9544936, 43.7094426]}, "properties": {"osm_type": "node", "osm_id": 1994554080, "negative_class": "modern_infrastructure", "name": "", "osm_tags": "power=tower"}}, {"type": "Feature", "geometry": {"type": "Point", "coordinates": [-8.2333099, 43.4618066]}, "properties": {"osm_type": "way", "osm_id": 660156879, "negative_class": "modern_infrastructure", "name": "", "osm_tags": "building=yes;man_made=storage_tank"}}, {"type": "Feature", "geometry": {"type": "Point", "coordinates": [-8.1598479, 43.5044249]}, "properties": {"osm_type": "node", "osm_id": 1806789256, "negative_class": "modern_infrastructure", "name": "", "osm_tags": "power=tower"}}, {"type": "Feature", "geometry": {"type": "Point", "coordinates": [-8.0616055, 43.4872807]}, "properties": {"osm_type": "node", "osm_id": 1996907308, "negative_class": "modern_infrastructure", "name": "", "osm_tags": "power=tower"}}, {"type": "Feature", "geometry": {"type": "Point", "coordinates": [-8.2099621, 43.4916896]}, "properties": {"osm_type": "way", "osm_id": 11977985, "negative_class": "modern_infrastructure", "name": "", "osm_tags": "highway=trunk;junction=roundabout;surface=asphalt"}}, {"type": "Feature", "geometry": {"type": "Point", "coordinates": [-8.0389816, 43.4731019]}, "properties": {"osm_type": "node", "osm_id": 1996907298, "negative_class": "modern_infrastructure", "name": "", "osm_tags": "power=tower"}}, {"type": "Feature", "geometry": {"type": "Point", "coordinates": [-8.2261375, 43.4932938]}, "properties": {"osm_type": "node", "osm_id": 1718586976, "negative_class": "modern_infrastructure", "name": "", "osm_tags": "power=tower"}}, {"type": "Feature", "geometry": {"type": "Point", "coordinates": [-8.1600753, 43.4371319]}, "properties": {"osm_type": "node", "osm_id": 2130999713, "negative_class": "modern_infrastructure", "name": "", "osm_tags": "power=tower"}}, {"type": "Feature", "geometry": {"type": "Point", "coordinates": [-8.1461203, 43.5439257]}, "properties": {"osm_type": "way", "osm_id": 31906933, "negative_class": "modern_infrastructure", "name": "", "osm_tags": "highway=tertiary;junction=roundabout;surface=asphalt"}}, {"type": "Feature", "geometry": {"type": "Point", "coordinates": [-8.1225882, 43.5092431]}, "properties": {"osm_type": "node", "osm_id": 1806759926, "negative_class": "modern_infrastructure", "name": "", "osm_tags": "power=tower"}}, {"type": "Feature", "geometry": {"type": "Point", "coordinates": [-8.1811087, 43.5061913]}, "properties": {"osm_type": "node", "osm_id": 1718625460, "negative_class": "modern_infrastructure", "name": "", "osm_tags": "power=tower"}}, {"type": "Feature", "geometry": {"type": "Point", "coordinates": [-8.190438, 43.5030077]}, "properties": {"osm_type": "way", "osm_id": 475044933, "negative_class": "modern_infrastructure", "name": "", "osm_tags": "highway=primary;junction=roundabout;surface=asphalt"}}, {"type": "Feature", "geometry": {"type": "Point", "coordinates": [-8.1584096, 43.4373909]}, "properties": {"osm_type": "node", "osm_id": 2130999711, "negative_class": "modern_infrastructure", "name": "", "osm_tags": "power=tower"}}, {"type": "Feature", "geometry": {"type": "Point", "coordinates": [-8.1360716, 43.5063503]}, "properties": {"osm_type": "node", "osm_id": 1806753746, "negative_class": "modern_infrastructure", "name": "", "osm_tags": "power=tower"}}, {"type": "Feature", "geometry": {"type": "Point", "coordinates": [-8.073688, 43.63004]}, "properties": {"osm_type": "node", "osm_id": 2106316568, "negative_class": "modern_infrastructure", "name": "", "osm_tags": "power=tower"}}, {"type": "Feature", "geometry": {"type": "Point", "coordinates": [-8.0734082, 43.5935065]}, "properties": {"osm_type": "node", "osm_id": 2096672139, "negative_class": "modern_infrastructure", "name": "", "osm_tags": "power=tower"}}, {"type": "Feature", "geometry": {"type": "Point", "coordinates": [-8.2143725, 43.5084069]}, "properties": {"osm_type": "way", "osm_id": 863060942, "negative_class": "modern_infrastructure", "name": "", "osm_tags": "highway=trunk;junction=roundabout;surface=asphalt"}}, {"type": "Feature", "geometry": {"type": "Point", "coordinates": [-8.0499904, 43.5101321]}, "properties": {"osm_type": "way", "osm_id": 40421738, "negative_class": "modern_infrastructure", "name": "", "osm_tags": "highway=tertiary;junction=roundabout;surface=asphalt"}}, {"type": "Feature", "geometry": {"type": "Point", "coordinates": [-7.9675401, 43.4799283]}, "properties": {"osm_type": "node", "osm_id": 2203549251, "negative_class": "modern_infrastructure", "name": "", "osm_tags": "power=tower"}}, {"type": "Feature", "geometry": {"type": "Point", "coordinates": [-8.10685, 43.5876279]}, "properties": {"osm_type": "node", "osm_id": 2096634376, "negative_class": "modern_infrastructure", "name": "", "osm_tags": "power=tower"}}, {"type": "Feature", "geometry": {"type": "Point", "coordinates": [-8.2019266, 43.5422625]}, "properties": {"osm_type": "way", "osm_id": 168171647, "negative_class": "modern_infrastructure", "name": "R\u00faa dos Carboeiros", "osm_tags": "highway=unclassified;junction=roundabout"}}, {"type": "Feature", "geometry": {"type": "Point", "coordinates": [-8.1023053, 43.5224425]}, "properties": {"osm_type": "node", "osm_id": 1806778925, "negative_class": "modern_infrastructure", "name": "", "osm_tags": "power=tower"}}, {"type": "Feature", "geometry": {"type": "Point", "coordinates": [-8.1030147, 43.5758229]}, "properties": {"osm_type": "node", "osm_id": 2096826191, "negative_class": "modern_infrastructure", "name": "", "osm_tags": "power=tower"}}, {"type": "Feature", "geometry": {"type": "Point", "coordinates": [-8.0692203, 43.5138397]}, "properties": {"osm_type": "node", "osm_id": 1806765635, "negative_class": "modern_infrastructure", "name": "", "osm_tags": "power=tower"}}, {"type": "Feature", "geometry": {"type": "Point", "coordinates": [-8.2071386, 43.4932492]}, "properties": {"osm_type": "way", "osm_id": 175117974, "negative_class": "modern_infrastructure", "name": "", "osm_tags": "highway=trunk;junction=roundabout;surface=asphalt"}}, {"type": "Feature", "geometry": {"type": "Point", "coordinates": [-8.1658512, 43.4395445]}, "properties": {"osm_type": "node", "osm_id": 2131008273, "negative_class": "modern_infrastructure", "name": "", "osm_tags": "power=tower"}}, {"type": "Feature", "geometry": {"type": "Point", "coordinates": [-8.1478296, 43.5463904]}, "properties": {"osm_type": "way", "osm_id": 31908343, "negative_class": "modern_infrastructure", "name": "", "osm_tags": "highway=tertiary;junction=roundabout;surface=asphalt"}}, {"type": "Feature", "geometry": {"type": "Point", "coordinates": [-8.287896, 43.4922604]}, "properties": {"osm_type": "way", "osm_id": 27727941, "negative_class": "modern_infrastructure", "name": "", "osm_tags": "highway=secondary;junction=roundabout;surface=asphalt"}}, {"type": "Feature", "geometry": {"type": "Point", "coordinates": [-8.1228226, 43.4849777]}, "properties": {"osm_type": "node", "osm_id": 2698036721, "negative_class": "modern_infrastructure", "name": "", "osm_tags": "power=tower"}}, {"type": "Feature", "geometry": {"type": "Point", "coordinates": [-8.1227108, 43.4511604]}, "properties": {"osm_type": "node", "osm_id": 1807937387, "negative_class": "modern_infrastructure", "name": "", "osm_tags": "power=tower"}}, {"type": "Feature", "geometry": {"type": "Point", "coordinates": [-7.9643953, 43.692648]}, "properties": {"osm_type": "node", "osm_id": 1994554067, "negative_class": "modern_infrastructure", "name": "", "osm_tags": "power=tower"}}, {"type": "Feature", "geometry": {"type": "Point", "coordinates": [-8.1936619, 43.4809115]}, "properties": {"osm_type": "node", "osm_id": 1707829983, "negative_class": "modern_infrastructure", "name": "", "osm_tags": "power=tower"}}, {"type": "Feature", "geometry": {"type": "Point", "coordinates": [-8.1717571, 43.4200031]}, "properties": {"osm_type": "way", "osm_id": 33719425, "negative_class": "modern_infrastructure", "name": "", "osm_tags": "highway=tertiary;junction=roundabout;surface=asphalt"}}, {"type": "Feature", "geometry": {"type": "Point", "coordinates": [-8.0861611, 43.5336654]}, "properties": {"osm_type": "node", "osm_id": 1806778926, "negative_class": "modern_infrastructure", "name": "", "osm_tags": "power=tower"}}, {"type": "Feature", "geometry": {"type": "Point", "coordinates": [-8.141742, 43.598932]}, "properties": {"osm_type": "node", "osm_id": 2096899176, "negative_class": "modern_infrastructure", "name": "", "osm_tags": "power=tower"}}, {"type": "Feature", "geometry": {"type": "Point", "coordinates": [-8.0475346, 43.5578134]}, "properties": {"osm_type": "node", "osm_id": 1806779962, "negative_class": "modern_infrastructure", "name": "", "osm_tags": "power=tower"}}, {"type": "Feature", "geometry": {"type": "Point", "coordinates": [-8.2189704, 43.5103419]}, "properties": {"osm_type": "node", "osm_id": 1708690692, "negative_class": "modern_infrastructure", "name": "", "osm_tags": "power=tower"}}, {"type": "Feature", "geometry": {"type": "Point", "coordinates": [-8.0705725, 43.5321132]}, "properties": {"osm_type": "way", "osm_id": 204407393, "negative_class": "modern_infrastructure", "name": "", "osm_tags": "highway=primary;junction=roundabout"}}, {"type": "Feature", "geometry": {"type": "Point", "coordinates": [-8.0329978, 43.4693297]}, "properties": {"osm_type": "node", "osm_id": 1996907295, "negative_class": "modern_infrastructure", "name": "", "osm_tags": "power=tower"}}, {"type": "Feature", "geometry": {"type": "Point", "coordinates": [-8.0949359, 43.5762776]}, "properties": {"osm_type": "node", "osm_id": 2096831777, "negative_class": "modern_infrastructure", "name": "", "osm_tags": "power=tower"}}, {"type": "Feature", "geometry": {"type": "Point", "coordinates": [-8.1899095, 43.4904979]}, "properties": {"osm_type": "node", "osm_id": 1707827894, "negative_class": "modern_infrastructure", "name": "", "osm_tags": "power=tower"}}, {"type": "Feature", "geometry": {"type": "Point", "coordinates": [-8.256275, 43.4990483]}, "properties": {"osm_type": "node", "osm_id": 1815847324, "negative_class": "modern_infrastructure", "name": "", "osm_tags": "power=tower"}}, {"type": "Feature", "geometry": {"type": "Point", "coordinates": [-8.1309094, 43.4664306]}, "properties": {"osm_type": "node", "osm_id": 13786201485, "negative_class": "modern_infrastructure", "name": "", "osm_tags": "power=tower"}}, {"type": "Feature", "geometry": {"type": "Point", "coordinates": [-8.1263815, 43.5630391]}, "properties": {"osm_type": "node", "osm_id": 2099132120, "negative_class": "modern_infrastructure", "name": "", "osm_tags": "power=tower"}}, {"type": "Feature", "geometry": {"type": "Point", "coordinates": [-7.9644958, 43.4787839]}, "properties": {"osm_type": "node", "osm_id": 2203549257, "negative_class": "modern_infrastructure", "name": "", "osm_tags": "power=tower"}}, {"type": "Feature", "geometry": {"type": "Point", "coordinates": [-8.0453371, 43.5419449]}, "properties": {"osm_type": "node", "osm_id": 2588958031, "negative_class": "modern_infrastructure", "name": "", "osm_tags": "power=tower"}}, {"type": "Feature", "geometry": {"type": "Point", "coordinates": [-8.1553828, 43.4976275]}, "properties": {"osm_type": "node", "osm_id": 1807955277, "negative_class": "modern_infrastructure", "name": "", "osm_tags": "power=tower"}}, {"type": "Feature", "geometry": {"type": "Point", "coordinates": [-8.1123019, 43.5132192]}, "properties": {"osm_type": "node", "osm_id": 1806778922, "negative_class": "modern_infrastructure", "name": "", "osm_tags": "power=tower"}}, {"type": "Feature", "geometry": {"type": "Point", "coordinates": [-8.1316184, 43.4550391]}, "properties": {"osm_type": "node", "osm_id": 1807949029, "negative_class": "modern_infrastructure", "name": "", "osm_tags": "power=tower"}}, {"type": "Feature", "geometry": {"type": "Point", "coordinates": [-8.0452236, 43.5960299]}, "properties": {"osm_type": "node", "osm_id": 2096672151, "negative_class": "modern_infrastructure", "name": "", "osm_tags": "power=tower"}}, {"type": "Feature", "geometry": {"type": "Point", "coordinates": [-8.2790067, 43.4490855]}, "properties": {"osm_type": "node", "osm_id": 5615441464, "negative_class": "modern_infrastructure", "name": "", "osm_tags": "power=tower"}}, {"type": "Feature", "geometry": {"type": "Point", "coordinates": [-8.09612, 43.5144642]}, "properties": {"osm_type": "node", "osm_id": 1806759940, "negative_class": "modern_infrastructure", "name": "", "osm_tags": "power=tower"}}, {"type": "Feature", "geometry": {"type": "Point", "coordinates": [-8.0669503, 43.4248931]}, "properties": {"osm_type": "node", "osm_id": 1808003446, "negative_class": "modern_infrastructure", "name": "", "osm_tags": "power=tower"}}, {"type": "Feature", "geometry": {"type": "Point", "coordinates": [-7.9835396, 43.4328552]}, "properties": {"osm_type": "node", "osm_id": 1996907257, "negative_class": "modern_infrastructure", "name": "", "osm_tags": "power=tower"}}, {"type": "Feature", "geometry": {"type": "Point", "coordinates": [-8.0451877, 43.5588455]}, "properties": {"osm_type": "node", "osm_id": 1806779967, "negative_class": "modern_infrastructure", "name": "", "osm_tags": "power=tower"}}, {"type": "Feature", "geometry": {"type": "Point", "coordinates": [-8.2064883, 43.4471776]}, "properties": {"osm_type": "node", "osm_id": 2308158016, "negative_class": "modern_infrastructure", "name": "", "osm_tags": "power=tower"}}, {"type": "Feature", "geometry": {"type": "Point", "coordinates": [-8.1880161, 43.5049044]}, "properties": {"osm_type": "way", "osm_id": 17475175, "negative_class": "modern_infrastructure", "name": "", "osm_tags": "highway=primary;junction=roundabout;surface=asphalt"}}, {"type": "Feature", "geometry": {"type": "Point", "coordinates": [-8.0821638, 43.6323366]}, "properties": {"osm_type": "node", "osm_id": 2106316760, "negative_class": "modern_infrastructure", "name": "", "osm_tags": "power=tower"}}, {"type": "Feature", "geometry": {"type": "Point", "coordinates": [-7.9594044, 43.627552]}, "properties": {"osm_type": "node", "osm_id": 3360437853, "negative_class": "modern_infrastructure", "name": "", "osm_tags": "power=tower"}}, {"type": "Feature", "geometry": {"type": "Point", "coordinates": [-8.0261106, 43.4650751]}, "properties": {"osm_type": "node", "osm_id": 1996907292, "negative_class": "modern_infrastructure", "name": "", "osm_tags": "power=tower"}}, {"type": "Feature", "geometry": {"type": "Point", "coordinates": [-8.2360144, 43.4581863]}, "properties": {"osm_type": "way", "osm_id": 660156842, "negative_class": "agricultural_enclosure", "name": "", "osm_tags": "landuse=orchard"}}, {"type": "Feature", "geometry": {"type": "Point", "coordinates": [-8.2690507, 43.4516964]}, "properties": {"osm_type": "way", "osm_id": 543088618, "negative_class": "agricultural_enclosure", "name": "", "osm_tags": "landuse=orchard"}}, {"type": "Feature", "geometry": {"type": "Point", "coordinates": [-8.2611693, 43.4615671]}, "properties": {"osm_type": "way", "osm_id": 378641890, "negative_class": "agricultural_enclosure", "name": "", "osm_tags": "landuse=orchard"}}, {"type": "Feature", "geometry": {"type": "Point", "coordinates": [-8.2485382, 43.4237169]}, "properties": {"osm_type": "way", "osm_id": 671133888, "negative_class": "agricultural_enclosure", "name": "", "osm_tags": "landuse=orchard"}}, {"type": "Feature", "geometry": {"type": "Point", "coordinates": [-8.2785642, 43.4454965]}, "properties": {"osm_type": "way", "osm_id": 653240469, "negative_class": "agricultural_enclosure", "name": "", "osm_tags": "landuse=orchard"}}, {"type": "Feature", "geometry": {"type": "Point", "coordinates": [-8.271117, 43.4550534]}, "properties": {"osm_type": "way", "osm_id": 543088628, "negative_class": "agricultural_enclosure", "name": "", "osm_tags": "landuse=orchard"}}, {"type": "Feature", "geometry": {"type": "Point", "coordinates": [-8.2349065, 43.452533]}, "properties": {"osm_type": "way", "osm_id": 661698546, "negative_class": "agricultural_enclosure", "name": "", "osm_tags": "landuse=orchard"}}, {"type": "Feature", "geometry": {"type": "Point", "coordinates": [-8.2435123, 43.4496414]}, "properties": {"osm_type": "way", "osm_id": 660225631, "negative_class": "agricultural_enclosure", "name": "", "osm_tags": "landuse=orchard"}}, {"type": "Feature", "geometry": {"type": "Point", "coordinates": [-8.2556386, 43.4556947]}, "properties": {"osm_type": "way", "osm_id": 653734839, "negative_class": "agricultural_enclosure", "name": "", "osm_tags": "barrier=hedge"}}, {"type": "Feature", "geometry": {"type": "Point", "coordinates": [-8.1126064, 43.5023419]}, "properties": {"osm_type": "way", "osm_id": 721688821, "negative_class": "agricultural_enclosure", "name": "", "osm_tags": "barrier=hedge"}}, {"type": "Feature", "geometry": {"type": "Point", "coordinates": [-8.2410322, 43.4495192]}, "properties": {"osm_type": "way", "osm_id": 657034809, "negative_class": "agricultural_enclosure", "name": "", "osm_tags": "landuse=orchard"}}, {"type": "Feature", "geometry": {"type": "Point", "coordinates": [-8.2508688, 43.4547903]}, "properties": {"osm_type": "way", "osm_id": 653786155, "negative_class": "agricultural_enclosure", "name": "", "osm_tags": "landuse=orchard"}}, {"type": "Feature", "geometry": {"type": "Point", "coordinates": [-8.2968914, 43.4411649]}, "properties": {"osm_type": "way", "osm_id": 516196276, "negative_class": "agricultural_enclosure", "name": "", "osm_tags": "barrier=hedge"}}, {"type": "Feature", "geometry": {"type": "Point", "coordinates": [-8.2429377, 43.4353905]}, "properties": {"osm_type": "way", "osm_id": 662397062, "negative_class": "agricultural_enclosure", "name": "", "osm_tags": "barrier=hedge"}}, {"type": "Feature", "geometry": {"type": "Point", "coordinates": [-8.2295906, 43.4464694]}, "properties": {"osm_type": "way", "osm_id": 664804524, "negative_class": "agricultural_enclosure", "name": "", "osm_tags": "barrier=hedge"}}, {"type": "Feature", "geometry": {"type": "Point", "coordinates": [-8.2538974, 43.4456702]}, "properties": {"osm_type": "way", "osm_id": 646451139, "negative_class": "agricultural_enclosure", "name": "", "osm_tags": "barrier=hedge"}}, {"type": "Feature", "geometry": {"type": "Point", "coordinates": [-8.2319134, 43.5077368]}, "properties": {"osm_type": "way", "osm_id": 977941169, "negative_class": "agricultural_enclosure", "name": "", "osm_tags": "barrier=hedge"}}, {"type": "Feature", "geometry": {"type": "Point", "coordinates": [-8.2155951, 43.5617081]}, "properties": {"osm_type": "way", "osm_id": 871814008, "negative_class": "agricultural_enclosure", "name": "", "osm_tags": "barrier=hedge"}}, {"type": "Feature", "geometry": {"type": "Point", "coordinates": [-8.2828885, 43.4416471]}, "properties": {"osm_type": "way", "osm_id": 541599176, "negative_class": "agricultural_enclosure", "name": "", "osm_tags": "barrier=hedge"}}, {"type": "Feature", "geometry": {"type": "Point", "coordinates": [-8.2711489, 43.4421674]}, "properties": {"osm_type": "way", "osm_id": 652952271, "negative_class": "agricultural_enclosure", "name": "", "osm_tags": "landuse=orchard"}}, {"type": "Feature", "geometry": {"type": "Point", "coordinates": [-8.2728551, 43.4470629]}, "properties": {"osm_type": "way", "osm_id": 547083237, "negative_class": "agricultural_enclosure", "name": "", "osm_tags": "barrier=hedge"}}, {"type": "Feature", "geometry": {"type": "Point", "coordinates": [-8.2467792, 43.4214897]}, "properties": {"osm_type": "way", "osm_id": 661728352, "negative_class": "agricultural_enclosure", "name": "", "osm_tags": "barrier=hedge"}}, {"type": "Feature", "geometry": {"type": "Point", "coordinates": [-8.183419, 43.4567669]}, "properties": {"osm_type": "way", "osm_id": 688665294, "negative_class": "agricultural_enclosure", "name": "", "osm_tags": "barrier=hedge"}}, {"type": "Feature", "geometry": {"type": "Point", "coordinates": [-8.2284925, 43.4337404]}, "properties": {"osm_type": "way", "osm_id": 655984698, "negative_class": "agricultural_enclosure", "name": "", "osm_tags": "landuse=orchard"}}, {"type": "Feature", "geometry": {"type": "Point", "coordinates": [-8.2573655, 43.4468101]}, "properties": {"osm_type": "way", "osm_id": 645727755, "negative_class": "agricultural_enclosure", "name": "", "osm_tags": "barrier=hedge"}}, {"type": "Feature", "geometry": {"type": "Point", "coordinates": [-8.255441, 43.4473555]}, "properties": {"osm_type": "way", "osm_id": 652952220, "negative_class": "agricultural_enclosure", "name": "", "osm_tags": "landuse=orchard"}}, {"type": "Feature", "geometry": {"type": "Point", "coordinates": [-8.2421417, 43.4537138]}, "properties": {"osm_type": "way", "osm_id": 660186522, "negative_class": "agricultural_enclosure", "name": "", "osm_tags": "barrier=hedge"}}, {"type": "Feature", "geometry": {"type": "Point", "coordinates": [-8.2560315, 43.4456175]}, "properties": {"osm_type": "way", "osm_id": 646444838, "negative_class": "agricultural_enclosure", "name": "", "osm_tags": "landuse=orchard"}}, {"type": "Feature", "geometry": {"type": "Point", "coordinates": [-8.2459795, 43.4383969]}, "properties": {"osm_type": "way", "osm_id": 662047591, "negative_class": "agricultural_enclosure", "name": "", "osm_tags": "barrier=hedge"}}, {"type": "Feature", "geometry": {"type": "Point", "coordinates": [-8.2541532, 43.4581687]}, "properties": {"osm_type": "way", "osm_id": 515927608, "negative_class": "agricultural_enclosure", "name": "", "osm_tags": "landuse=orchard"}}, {"type": "Feature", "geometry": {"type": "Point", "coordinates": [-8.2919475, 43.4420905]}, "properties": {"osm_type": "way", "osm_id": 540186277, "negative_class": "agricultural_enclosure", "name": "", "osm_tags": "barrier=hedge"}}, {"type": "Feature", "geometry": {"type": "Point", "coordinates": [-8.2595653, 43.4537764]}, "properties": {"osm_type": "way", "osm_id": 524957808, "negative_class": "agricultural_enclosure", "name": "", "osm_tags": "barrier=hedge"}}, {"type": "Feature", "geometry": {"type": "Point", "coordinates": [-8.2644004, 43.4395696]}, "properties": {"osm_type": "way", "osm_id": 652952252, "negative_class": "agricultural_enclosure", "name": "", "osm_tags": "landuse=orchard"}}, {"type": "Feature", "geometry": {"type": "Point", "coordinates": [-8.2429832, 43.4546936]}, "properties": {"osm_type": "way", "osm_id": 660180336, "negative_class": "agricultural_enclosure", "name": "", "osm_tags": "landuse=orchard"}}, {"type": "Feature", "geometry": {"type": "Point", "coordinates": [-8.2762334, 43.4440797]}, "properties": {"osm_type": "way", "osm_id": 547083887, "negative_class": "agricultural_enclosure", "name": "", "osm_tags": "landuse=orchard"}}, {"type": "Feature", "geometry": {"type": "Point", "coordinates": [-8.2508882, 43.4217348]}, "properties": {"osm_type": "way", "osm_id": 663773062, "negative_class": "agricultural_enclosure", "name": "", "osm_tags": "landuse=orchard"}}, {"type": "Feature", "geometry": {"type": "Point", "coordinates": [-8.2621082, 43.4464492]}, "properties": {"osm_type": "way", "osm_id": 547021961, "negative_class": "agricultural_enclosure", "name": "", "osm_tags": "landuse=orchard"}}, {"type": "Feature", "geometry": {"type": "Point", "coordinates": [-8.2874783, 43.4431952]}, "properties": {"osm_type": "way", "osm_id": 541566800, "negative_class": "agricultural_enclosure", "name": "", "osm_tags": "landuse=orchard"}}, {"type": "Feature", "geometry": {"type": "Point", "coordinates": [-8.2793288, 43.4425328]}, "properties": {"osm_type": "way", "osm_id": 653242402, "negative_class": "agricultural_enclosure", "name": "", "osm_tags": "landuse=orchard"}}, {"type": "Feature", "geometry": {"type": "Point", "coordinates": [-8.2471603, 43.4547462]}, "properties": {"osm_type": "way", "osm_id": 656817437, "negative_class": "agricultural_enclosure", "name": "", "osm_tags": "landuse=orchard"}}, {"type": "Feature", "geometry": {"type": "Point", "coordinates": [-8.2446253, 43.4526592]}, "properties": {"osm_type": "way", "osm_id": 660200505, "negative_class": "agricultural_enclosure", "name": "", "osm_tags": "landuse=orchard"}}, {"type": "Feature", "geometry": {"type": "Point", "coordinates": [-8.2504091, 43.4386873]}, "properties": {"osm_type": "way", "osm_id": 662047516, "negative_class": "agricultural_enclosure", "name": "", "osm_tags": "barrier=hedge"}}, {"type": "Feature", "geometry": {"type": "Point", "coordinates": [-8.2984968, 43.4421055]}, "properties": {"osm_type": "way", "osm_id": 516196273, "negative_class": "agricultural_enclosure", "name": "", "osm_tags": "barrier=hedge"}}, {"type": "Feature", "geometry": {"type": "Point", "coordinates": [-8.2730963, 43.4481381]}, "properties": {"osm_type": "way", "osm_id": 545255242, "negative_class": "agricultural_enclosure", "name": "", "osm_tags": "landuse=orchard"}}, {"type": "Feature", "geometry": {"type": "Point", "coordinates": [-8.2425949, 43.4376165]}, "properties": {"osm_type": "way", "osm_id": 662387782, "negative_class": "agricultural_enclosure", "name": "", "osm_tags": "landuse=orchard"}}, {"type": "Feature", "geometry": {"type": "Point", "coordinates": [-8.2337657, 43.4342683]}, "properties": {"osm_type": "way", "osm_id": 665098667, "negative_class": "agricultural_enclosure", "name": "", "osm_tags": "barrier=hedge"}}, {"type": "Feature", "geometry": {"type": "Point", "coordinates": [-8.250649, 43.4249841]}, "properties": {"osm_type": "way", "osm_id": 663834584, "negative_class": "agricultural_enclosure", "name": "", "osm_tags": "barrier=hedge"}}, {"type": "Feature", "geometry": {"type": "Point", "coordinates": [-8.27754, 43.4420846]}, "properties": {"osm_type": "way", "osm_id": 653242400, "negative_class": "agricultural_enclosure", "name": "", "osm_tags": "barrier=hedge"}}, {"type": "Feature", "geometry": {"type": "Point", "coordinates": [-8.2486384, 43.4483245]}, "properties": {"osm_type": "way", "osm_id": 660225640, "negative_class": "agricultural_enclosure", "name": "", "osm_tags": "landuse=orchard"}}, {"type": "Feature", "geometry": {"type": "Point", "coordinates": [-8.2392003, 43.452366]}, "properties": {"osm_type": "way", "osm_id": 662021227, "negative_class": "agricultural_enclosure", "name": "", "osm_tags": "landuse=orchard"}}, {"type": "Feature", "geometry": {"type": "Point", "coordinates": [-8.2517439, 43.4280778]}, "properties": {"osm_type": "way", "osm_id": 663476806, "negative_class": "agricultural_enclosure", "name": "", "osm_tags": "barrier=hedge"}}, {"type": "Feature", "geometry": {"type": "Point", "coordinates": [-8.2513949, 43.4616091]}, "properties": {"osm_type": "way", "osm_id": 670553876, "negative_class": "agricultural_enclosure", "name": "", "osm_tags": "barrier=hedge"}}, {"type": "Feature", "geometry": {"type": "Point", "coordinates": [-8.1868303, 43.4355829]}, "properties": {"osm_type": "way", "osm_id": 610034763, "negative_class": "agricultural_enclosure", "name": "", "osm_tags": "barrier=hedge"}}, {"type": "Feature", "geometry": {"type": "Point", "coordinates": [-8.2704665, 43.4392441]}, "properties": {"osm_type": "way", "osm_id": 654024334, "negative_class": "agricultural_enclosure", "name": "", "osm_tags": "barrier=hedge"}}, {"type": "Feature", "geometry": {"type": "Point", "coordinates": [-8.2587292, 43.4245112]}, "properties": {"osm_type": "way", "osm_id": 663277577, "negative_class": "agricultural_enclosure", "name": "", "osm_tags": "barrier=hedge"}}, {"type": "Feature", "geometry": {"type": "Point", "coordinates": [-8.2548471, 43.4308356]}, "properties": {"osm_type": "way", "osm_id": 660464363, "negative_class": "agricultural_enclosure", "name": "", "osm_tags": "barrier=hedge"}}, {"type": "Feature", "geometry": {"type": "Point", "coordinates": [-8.2506675, 43.4589882]}, "properties": {"osm_type": "way", "osm_id": 659878482, "negative_class": "agricultural_enclosure", "name": "", "osm_tags": "landuse=orchard"}}, {"type": "Feature", "geometry": {"type": "Point", "coordinates": [-8.2485941, 43.4405689]}, "properties": {"osm_type": "way", "osm_id": 662047524, "negative_class": "agricultural_enclosure", "name": "", "osm_tags": "barrier=hedge"}}, {"type": "Feature", "geometry": {"type": "Point", "coordinates": [-8.2588153, 43.4274332]}, "properties": {"osm_type": "way", "osm_id": 663277565, "negative_class": "agricultural_enclosure", "name": "", "osm_tags": "barrier=hedge"}}, {"type": "Feature", "geometry": {"type": "Point", "coordinates": [-8.2605354, 43.4514884]}, "properties": {"osm_type": "way", "osm_id": 525354481, "negative_class": "agricultural_enclosure", "name": "", "osm_tags": "barrier=hedge"}}, {"type": "Feature", "geometry": {"type": "Point", "coordinates": [-8.2623775, 43.4340023]}, "properties": {"osm_type": "way", "osm_id": 660459603, "negative_class": "agricultural_enclosure", "name": "", "osm_tags": "landuse=orchard"}}, {"type": "Feature", "geometry": {"type": "Point", "coordinates": [-8.0749582, 43.6389328]}, "properties": {"osm_type": "way", "osm_id": 971151504, "negative_class": "agricultural_enclosure", "name": "", "osm_tags": "barrier=hedge;landuse=meadow;place=plot"}}, {"type": "Feature", "geometry": {"type": "Point", "coordinates": [-8.2550085, 43.4345235]}, "properties": {"osm_type": "way", "osm_id": 661831997, "negative_class": "agricultural_enclosure", "name": "", "osm_tags": "barrier=hedge"}}, {"type": "Feature", "geometry": {"type": "Point", "coordinates": [-8.2335296, 43.4356591]}, "properties": {"osm_type": "way", "osm_id": 665098674, "negative_class": "agricultural_enclosure", "name": "", "osm_tags": "barrier=hedge"}}, {"type": "Feature", "geometry": {"type": "Point", "coordinates": [-8.2404354, 43.4514595]}, "properties": {"osm_type": "way", "osm_id": 660186558, "negative_class": "agricultural_enclosure", "name": "", "osm_tags": "landuse=orchard"}}, {"type": "Feature", "geometry": {"type": "Point", "coordinates": [-8.2755962, 43.4412344]}, "properties": {"osm_type": "way", "osm_id": 653242422, "negative_class": "agricultural_enclosure", "name": "", "osm_tags": "landuse=orchard"}}, {"type": "Feature", "geometry": {"type": "Point", "coordinates": [-8.1860968, 43.4538083]}, "properties": {"osm_type": "way", "osm_id": 534573084, "negative_class": "agricultural_enclosure", "name": "", "osm_tags": "barrier=hedge"}}, {"type": "Feature", "geometry": {"type": "Point", "coordinates": [-8.2443953, 43.4350771]}, "properties": {"osm_type": "way", "osm_id": 663242616, "negative_class": "agricultural_enclosure", "name": "", "osm_tags": "barrier=hedge"}}, {"type": "Feature", "geometry": {"type": "Point", "coordinates": [-8.2377919, 43.4380948]}, "properties": {"osm_type": "way", "osm_id": 657408865, "negative_class": "agricultural_enclosure", "name": "", "osm_tags": "landuse=orchard"}}, {"type": "Feature", "geometry": {"type": "Point", "coordinates": [-8.2491396, 43.4284044]}, "properties": {"osm_type": "way", "osm_id": 663839786, "negative_class": "agricultural_enclosure", "name": "", "osm_tags": "landuse=orchard"}}, {"type": "Feature", "geometry": {"type": "Point", "coordinates": [-8.2991144, 43.444998]}, "properties": {"osm_type": "way", "osm_id": 516200099, "negative_class": "agricultural_enclosure", "name": "", "osm_tags": "barrier=hedge"}}, {"type": "Feature", "geometry": {"type": "Point", "coordinates": [-8.250072, 43.4347211]}, "properties": {"osm_type": "way", "osm_id": 663932771, "negative_class": "agricultural_enclosure", "name": "", "osm_tags": "barrier=hedge"}}, {"type": "Feature", "geometry": {"type": "Point", "coordinates": [-8.2665333, 43.4490899]}, "properties": {"osm_type": "way", "osm_id": 540976208, "negative_class": "agricultural_enclosure", "name": "", "osm_tags": "landuse=orchard"}}, {"type": "Feature", "geometry": {"type": "Point", "coordinates": [-8.2531146, 43.4348993]}, "properties": {"osm_type": "way", "osm_id": 657659058, "negative_class": "agricultural_enclosure", "name": "", "osm_tags": "landuse=orchard"}}, {"type": "Feature", "geometry": {"type": "Point", "coordinates": [-8.2541161, 43.4220502]}, "properties": {"osm_type": "way", "osm_id": 664441969, "negative_class": "agricultural_enclosure", "name": "", "osm_tags": "landuse=orchard"}}, {"type": "Feature", "geometry": {"type": "Point", "coordinates": [-8.293969, 43.4381854]}, "properties": {"osm_type": "way", "osm_id": 541152980, "negative_class": "agricultural_enclosure", "name": "", "osm_tags": "barrier=hedge"}}, {"type": "Feature", "geometry": {"type": "Point", "coordinates": [-8.25646, 43.456608]}, "properties": {"osm_type": "way", "osm_id": 653734850, "negative_class": "agricultural_enclosure", "name": "", "osm_tags": "landuse=orchard"}}, {"type": "Feature", "geometry": {"type": "Point", "coordinates": [-8.260956, 43.4320897]}, "properties": {"osm_type": "way", "osm_id": 660459609, "negative_class": "agricultural_enclosure", "name": "", "osm_tags": "landuse=orchard"}}, {"type": "Feature", "geometry": {"type": "Point", "coordinates": [-8.2420625, 43.4198458]}, "properties": {"osm_type": "way", "osm_id": 661198274, "negative_class": "agricultural_enclosure", "name": "", "osm_tags": "barrier=hedge"}}, {"type": "Feature", "geometry": {"type": "Point", "coordinates": [-8.2780957, 43.4442027]}, "properties": {"osm_type": "way", "osm_id": 652957910, "negative_class": "agricultural_enclosure", "name": "", "osm_tags": "landuse=orchard"}}, {"type": "Feature", "geometry": {"type": "Point", "coordinates": [-8.2528046, 43.4641833]}, "properties": {"osm_type": "way", "osm_id": 542135478, "negative_class": "agricultural_enclosure", "name": "", "osm_tags": "barrier=hedge"}}, {"type": "Feature", "geometry": {"type": "Point", "coordinates": [-8.1988399, 43.4620047]}, "properties": {"osm_type": "way", "osm_id": 776491468, "negative_class": "agricultural_enclosure", "name": "", "osm_tags": "landuse=orchard"}}, {"type": "Feature", "geometry": {"type": "Point", "coordinates": [-8.2944782, 43.440439]}, "properties": {"osm_type": "way", "osm_id": 540184840, "negative_class": "agricultural_enclosure", "name": "", "osm_tags": "barrier=hedge"}}, {"type": "Feature", "geometry": {"type": "Point", "coordinates": [-8.2264109, 43.4511728]}, "properties": {"osm_type": "way", "osm_id": 672870340, "negative_class": "agricultural_enclosure", "name": "", "osm_tags": "barrier=hedge"}}, {"type": "Feature", "geometry": {"type": "Point", "coordinates": [-8.1379801, 43.5076417]}, "properties": {"osm_type": "way", "osm_id": 707964121, "negative_class": "agricultural_enclosure", "name": "", "osm_tags": "barrier=hedge"}}, {"type": "Feature", "geometry": {"type": "Point", "coordinates": [-7.9955247, 43.6404355]}, "properties": {"osm_type": "way", "osm_id": 767692025, "negative_class": "agricultural_enclosure", "name": "", "osm_tags": "barrier=hedge"}}, {"type": "Feature", "geometry": {"type": "Point", "coordinates": [-8.2745518, 43.4474639]}, "properties": {"osm_type": "way", "osm_id": 581835569, "negative_class": "agricultural_enclosure", "name": "", "osm_tags": "landuse=orchard"}}, {"type": "Feature", "geometry": {"type": "Point", "coordinates": [-8.1011666, 43.5112948]}, "properties": {"osm_type": "way", "osm_id": 851865178, "negative_class": "agricultural_enclosure", "name": "", "osm_tags": "barrier=hedge"}}, {"type": "Feature", "geometry": {"type": "Point", "coordinates": [-8.2401516, 43.4382917]}, "properties": {"osm_type": "way", "osm_id": 662859757, "negative_class": "agricultural_enclosure", "name": "", "osm_tags": "barrier=hedge"}}, {"type": "Feature", "geometry": {"type": "Point", "coordinates": [-8.2678474, 43.4532241]}, "properties": {"osm_type": "way", "osm_id": 541602811, "negative_class": "agricultural_enclosure", "name": "", "osm_tags": "landuse=orchard"}}, {"type": "Feature", "geometry": {"type": "Point", "coordinates": [-8.128134, 43.629436]}, "properties": {"osm_type": "way", "osm_id": 1091827196, "negative_class": "agricultural_enclosure", "name": "", "osm_tags": "barrier=hedge"}}, {"type": "Feature", "geometry": {"type": "Point", "coordinates": [-8.1805115, 43.4592329]}, "properties": {"osm_type": "way", "osm_id": 686911035, "negative_class": "agricultural_enclosure", "name": "", "osm_tags": "barrier=hedge"}}, {"type": "Feature", "geometry": {"type": "Point", "coordinates": [-8.2602994, 43.456433]}, "properties": {"osm_type": "way", "osm_id": 524624715, "negative_class": "agricultural_enclosure", "name": "", "osm_tags": "landuse=orchard"}}, {"type": "Feature", "geometry": {"type": "Point", "coordinates": [-8.0768729, 43.6379299]}, "properties": {"osm_type": "way", "osm_id": 971244025, "negative_class": "agricultural_enclosure", "name": "", "osm_tags": "barrier=hedge;landuse=meadow;place=plot"}}, {"type": "Feature", "geometry": {"type": "Point", "coordinates": [-8.2486633, 43.4556253]}, "properties": {"osm_type": "way", "osm_id": 653789361, "negative_class": "agricultural_enclosure", "name": "", "osm_tags": "landuse=orchard"}}, {"type": "Feature", "geometry": {"type": "Point", "coordinates": [-8.2378036, 43.4481361]}, "properties": {"osm_type": "way", "osm_id": 669678970, "negative_class": "agricultural_enclosure", "name": "", "osm_tags": "landuse=orchard"}}, {"type": "Feature", "geometry": {"type": "Point", "coordinates": [-8.2771616, 43.4464991]}, "properties": {"osm_type": "way", "osm_id": 646020424, "negative_class": "agricultural_enclosure", "name": "", "osm_tags": "barrier=hedge"}}, {"type": "Feature", "geometry": {"type": "Point", "coordinates": [-8.2429584, 43.4584928]}, "properties": {"osm_type": "way", "osm_id": 659878549, "negative_class": "agricultural_enclosure", "name": "", "osm_tags": "landuse=orchard"}}, {"type": "Feature", "geometry": {"type": "Point", "coordinates": [-8.2048675, 43.4210966]}, "properties": {"osm_type": "way", "osm_id": 565845857, "negative_class": "agricultural_enclosure", "name": "", "osm_tags": "barrier=hedge"}}, {"type": "Feature", "geometry": {"type": "Point", "coordinates": [-8.2532643, 43.4279487]}, "properties": {"osm_type": "way", "osm_id": 662584572, "negative_class": "agricultural_enclosure", "name": "", "osm_tags": "barrier=hedge"}}, {"type": "Feature", "geometry": {"type": "Point", "coordinates": [-8.2360633, 43.4486346]}, "properties": {"osm_type": "way", "osm_id": 669678901, "negative_class": "agricultural_enclosure", "name": "", "osm_tags": "barrier=hedge"}}, {"type": "Feature", "geometry": {"type": "Point", "coordinates": [-8.2476625, 43.4570885]}, "properties": {"osm_type": "way", "osm_id": 656816612, "negative_class": "agricultural_enclosure", "name": "", "osm_tags": "landuse=orchard"}}, {"type": "Feature", "geometry": {"type": "Point", "coordinates": [-8.2474526, 43.4347229]}, "properties": {"osm_type": "way", "osm_id": 663932768, "negative_class": "agricultural_enclosure", "name": "", "osm_tags": "barrier=hedge"}}, {"type": "Feature", "geometry": {"type": "Point", "coordinates": [-8.2852786, 43.4462638]}, "properties": {"osm_type": "way", "osm_id": 646017995, "negative_class": "agricultural_enclosure", "name": "", "osm_tags": "landuse=orchard"}}, {"type": "Feature", "geometry": {"type": "Point", "coordinates": [-8.2487796, 43.4539243]}, "properties": {"osm_type": "way", "osm_id": 656786981, "negative_class": "agricultural_enclosure", "name": "", "osm_tags": "landuse=orchard"}}, {"type": "Feature", "geometry": {"type": "Point", "coordinates": [-8.2501013, 43.4231145]}, "properties": {"osm_type": "way", "osm_id": 663834559, "negative_class": "agricultural_enclosure", "name": "", "osm_tags": "landuse=orchard"}}, {"type": "Feature", "geometry": {"type": "Point", "coordinates": [-8.2378327, 43.4543556]}, "properties": {"osm_type": "way", "osm_id": 661480987, "negative_class": "agricultural_enclosure", "name": "", "osm_tags": "barrier=hedge"}}, {"type": "Feature", "geometry": {"type": "Point", "coordinates": [-8.174786, 43.4245963]}, "properties": {"osm_type": "way", "osm_id": 819584319, "negative_class": "agricultural_enclosure", "name": "", "osm_tags": "landuse=orchard"}}, {"type": "Feature", "geometry": {"type": "Point", "coordinates": [-8.236406, 43.4392091]}, "properties": {"osm_type": "way", "osm_id": 657408879, "negative_class": "agricultural_enclosure", "name": "", "osm_tags": "barrier=hedge"}}, {"type": "Feature", "geometry": {"type": "Point", "coordinates": [-8.1318632, 43.5184764]}, "properties": {"osm_type": "way", "osm_id": 755470569, "negative_class": "agricultural_enclosure", "name": "", "osm_tags": "barrier=hedge"}}, {"type": "Feature", "geometry": {"type": "Point", "coordinates": [-8.2592193, 43.4896699]}, "properties": {"osm_type": "way", "osm_id": 743275919, "negative_class": "agricultural_enclosure", "name": "", "osm_tags": "barrier=hedge"}}, {"type": "Feature", "geometry": {"type": "Point", "coordinates": [-8.1899371, 43.4548519]}, "properties": {"osm_type": "way", "osm_id": 534573089, "negative_class": "agricultural_enclosure", "name": "", "osm_tags": "barrier=hedge"}}, {"type": "Feature", "geometry": {"type": "Point", "coordinates": [-8.2275877, 43.4415023]}, "properties": {"osm_type": "way", "osm_id": 656211627, "negative_class": "agricultural_enclosure", "name": "", "osm_tags": "barrier=hedge"}}, {"type": "Feature", "geometry": {"type": "Point", "coordinates": [-8.2703429, 43.4463172]}, "properties": {"osm_type": "way", "osm_id": 545038751, "negative_class": "agricultural_enclosure", "name": "", "osm_tags": "landuse=orchard"}}, {"type": "Feature", "geometry": {"type": "Point", "coordinates": [-8.2256313, 43.4411792]}, "properties": {"osm_type": "way", "osm_id": 656211656, "negative_class": "agricultural_enclosure", "name": "", "osm_tags": "landuse=orchard"}}, {"type": "Feature", "geometry": {"type": "Point", "coordinates": [-8.190778, 43.4490786]}, "properties": {"osm_type": "way", "osm_id": 534573061, "negative_class": "agricultural_enclosure", "name": "", "osm_tags": "barrier=hedge"}}, {"type": "Feature", "geometry": {"type": "Point", "coordinates": [-8.29385, 43.4394114]}, "properties": {"osm_type": "way", "osm_id": 540184835, "negative_class": "agricultural_enclosure", "name": "", "osm_tags": "barrier=hedge"}}, {"type": "Feature", "geometry": {"type": "Point", "coordinates": [-8.2424014, 43.4515947]}, "properties": {"osm_type": "way", "osm_id": 660186573, "negative_class": "agricultural_enclosure", "name": "", "osm_tags": "landuse=orchard"}}, {"type": "Feature", "geometry": {"type": "Point", "coordinates": [-8.249149, 43.4263554]}, "properties": {"osm_type": "way", "osm_id": 663834608, "negative_class": "agricultural_enclosure", "name": "", "osm_tags": "landuse=orchard"}}, {"type": "Feature", "geometry": {"type": "Point", "coordinates": [-8.2585077, 43.4293858]}, "properties": {"osm_type": "way", "osm_id": 660459659, "negative_class": "agricultural_enclosure", "name": "", "osm_tags": "landuse=orchard"}}, {"type": "Feature", "geometry": {"type": "Point", "coordinates": [-8.209061, 43.423036]}, "properties": {"osm_type": "way", "osm_id": 652797120, "negative_class": "agricultural_enclosure", "name": "", "osm_tags": "landuse=orchard"}}, {"type": "Feature", "geometry": {"type": "Point", "coordinates": [-8.296629, 43.4434454]}, "properties": {"osm_type": "way", "osm_id": 660277101, "negative_class": "agricultural_enclosure", "name": "", "osm_tags": "barrier=hedge"}}, {"type": "Feature", "geometry": {"type": "Point", "coordinates": [-8.1699984, 43.5244988]}, "properties": {"osm_type": "way", "osm_id": 736785907, "negative_class": "agricultural_enclosure", "name": "", "osm_tags": "barrier=hedge"}}, {"type": "Feature", "geometry": {"type": "Point", "coordinates": [-8.2422418, 43.5023733]}, "properties": {"osm_type": "way", "osm_id": 972373837, "negative_class": "agricultural_enclosure", "name": "", "osm_tags": "barrier=hedge"}}, {"type": "Feature", "geometry": {"type": "Point", "coordinates": [-8.255524, 43.4324134]}, "properties": {"osm_type": "way", "osm_id": 661151735, "negative_class": "agricultural_enclosure", "name": "", "osm_tags": "barrier=hedge"}}, {"type": "Feature", "geometry": {"type": "Point", "coordinates": [-8.1320586, 43.5053035]}, "properties": {"osm_type": "way", "osm_id": 707964127, "negative_class": "agricultural_enclosure", "name": "", "osm_tags": "barrier=hedge"}}, {"type": "Feature", "geometry": {"type": "Point", "coordinates": [-8.2735382, 43.4458755]}, "properties": {"osm_type": "way", "osm_id": 545514225, "negative_class": "agricultural_enclosure", "name": "", "osm_tags": "barrier=hedge"}}, {"type": "Feature", "geometry": {"type": "Point", "coordinates": [-8.2339453, 43.5083609]}, "properties": {"osm_type": "way", "osm_id": 975008816, "negative_class": "agricultural_enclosure", "name": "", "osm_tags": "barrier=hedge"}}, {"type": "Feature", "geometry": {"type": "Point", "coordinates": [-8.2542229, 43.4329771]}, "properties": {"osm_type": "way", "osm_id": 661137804, "negative_class": "agricultural_enclosure", "name": "", "osm_tags": "landuse=orchard"}}, {"type": "Feature", "geometry": {"type": "Point", "coordinates": [-8.2918214, 43.4395506]}, "properties": {"osm_type": "way", "osm_id": 541599207, "negative_class": "agricultural_enclosure", "name": "", "osm_tags": "barrier=hedge"}}, {"type": "Feature", "geometry": {"type": "Point", "coordinates": [-8.2725952, 43.4446609]}, "properties": {"osm_type": "way", "osm_id": 545515262, "negative_class": "agricultural_enclosure", "name": "", "osm_tags": "barrier=hedge"}}, {"type": "Feature", "geometry": {"type": "Point", "coordinates": [-8.2353809, 43.4496907]}, "properties": {"osm_type": "way", "osm_id": 669678929, "negative_class": "agricultural_enclosure", "name": "", "osm_tags": "landuse=orchard"}}, {"type": "Feature", "geometry": {"type": "Point", "coordinates": [-8.2741638, 43.4416426]}, "properties": {"osm_type": "way", "osm_id": 545514103, "negative_class": "agricultural_enclosure", "name": "", "osm_tags": "landuse=orchard"}}, {"type": "Feature", "geometry": {"type": "Point", "coordinates": [-8.2696731, 43.4402033]}, "properties": {"osm_type": "way", "osm_id": 652083657, "negative_class": "agricultural_enclosure", "name": "", "osm_tags": "landuse=orchard"}}, {"type": "Feature", "geometry": {"type": "Point", "coordinates": [-8.2637849, 43.4514502]}, "properties": {"osm_type": "way", "osm_id": 540979326, "negative_class": "agricultural_enclosure", "name": "", "osm_tags": "landuse=orchard"}}, {"type": "Feature", "geometry": {"type": "Point", "coordinates": [-8.2668179, 43.4389513]}, "properties": {"osm_type": "way", "osm_id": 660459561, "negative_class": "agricultural_enclosure", "name": "", "osm_tags": "barrier=hedge"}}, {"type": "Feature", "geometry": {"type": "Point", "coordinates": [-8.0694566, 43.437788]}, "properties": {"osm_type": "way", "osm_id": 1338628289, "negative_class": "agricultural_enclosure", "name": "", "osm_tags": "barrier=hedge"}}, {"type": "Feature", "geometry": {"type": "Point", "coordinates": [-8.2120784, 43.4583077]}, "properties": {"osm_type": "way", "osm_id": 890102757, "negative_class": "agricultural_enclosure", "name": "", "osm_tags": "landuse=orchard"}}, {"type": "Feature", "geometry": {"type": "Point", "coordinates": [-8.2658589, 43.4302962]}, "properties": {"osm_type": "way", "osm_id": 660246088, "negative_class": "agricultural_enclosure", "name": "", "osm_tags": "barrier=hedge"}}, {"type": "Feature", "geometry": {"type": "Point", "coordinates": [-8.1589348, 43.471056]}, "properties": {"osm_type": "way", "osm_id": 688665302, "negative_class": "agricultural_enclosure", "name": "", "osm_tags": "barrier=hedge"}}, {"type": "Feature", "geometry": {"type": "Point", "coordinates": [-8.2575123, 43.4538357]}, "properties": {"osm_type": "way", "osm_id": 530040031, "negative_class": "agricultural_enclosure", "name": "", "osm_tags": "landuse=orchard"}}, {"type": "Feature", "geometry": {"type": "Point", "coordinates": [-8.2664536, 43.4376395]}, "properties": {"osm_type": "way", "osm_id": 660459564, "negative_class": "agricultural_enclosure", "name": "", "osm_tags": "barrier=hedge"}}, {"type": "Feature", "geometry": {"type": "Point", "coordinates": [-8.1346068, 43.5067435]}, "properties": {"osm_type": "way", "osm_id": 707964054, "negative_class": "agricultural_enclosure", "name": "", "osm_tags": "barrier=hedge"}}, {"type": "Feature", "geometry": {"type": "Point", "coordinates": [-8.2358635, 43.4412466]}, "properties": {"osm_type": "way", "osm_id": 664885640, "negative_class": "agricultural_enclosure", "name": "", "osm_tags": "landuse=orchard"}}, {"type": "Feature", "geometry": {"type": "Point", "coordinates": [-8.2109468, 43.4940636]}, "properties": {"osm_type": "way", "osm_id": 826505957, "negative_class": "agricultural_enclosure", "name": "", "osm_tags": "barrier=hedge"}}, {"type": "Feature", "geometry": {"type": "Point", "coordinates": [-8.1059952, 43.5088518]}, "properties": {"osm_type": "way", "osm_id": 851912097, "negative_class": "agricultural_enclosure", "name": "", "osm_tags": "barrier=hedge"}}, {"type": "Feature", "geometry": {"type": "Point", "coordinates": [-8.1074519, 43.513496]}, "properties": {"osm_type": "way", "osm_id": 721688797, "negative_class": "agricultural_enclosure", "name": "", "osm_tags": "barrier=hedge"}}, {"type": "Feature", "geometry": {"type": "Point", "coordinates": [-8.312249, 43.5129994]}, "properties": {"osm_type": "way", "osm_id": 846694754, "negative_class": "agricultural_enclosure", "name": "", "osm_tags": "barrier=hedge"}}, {"type": "Feature", "geometry": {"type": "Point", "coordinates": [-8.2728811, 43.4358479]}, "properties": {"osm_type": "way", "osm_id": 656528497, "negative_class": "agricultural_enclosure", "name": "", "osm_tags": "barrier=hedge"}}, {"type": "Feature", "geometry": {"type": "Point", "coordinates": [-8.253073, 43.4445004]}, "properties": {"osm_type": "way", "osm_id": 646451151, "negative_class": "agricultural_enclosure", "name": "", "osm_tags": "landuse=orchard"}}, {"type": "Feature", "geometry": {"type": "Point", "coordinates": [-8.2511768, 43.4362759]}, "properties": {"osm_type": "way", "osm_id": 657659062, "negative_class": "agricultural_enclosure", "name": "", "osm_tags": "landuse=orchard"}}, {"type": "Feature", "geometry": {"type": "Point", "coordinates": [-8.2568677, 43.4587462]}, "properties": {"osm_type": "way", "osm_id": 654981479, "negative_class": "agricultural_enclosure", "name": "", "osm_tags": "landuse=orchard"}}, {"type": "Feature", "geometry": {"type": "Point", "coordinates": [-8.2523597, 43.4222109]}, "properties": {"osm_type": "way", "osm_id": 663773074, "negative_class": "agricultural_enclosure", "name": "", "osm_tags": "barrier=hedge"}}, {"type": "Feature", "geometry": {"type": "Point", "coordinates": [-8.1604485, 43.4564039]}, "properties": {"osm_type": "way", "osm_id": 573127290, "negative_class": "agricultural_enclosure", "name": "", "osm_tags": "barrier=hedge"}}, {"type": "Feature", "geometry": {"type": "Point", "coordinates": [-8.230167, 43.4475992]}, "properties": {"osm_type": "way", "osm_id": 671324731, "negative_class": "agricultural_enclosure", "name": "", "osm_tags": "barrier=hedge"}}, {"type": "Feature", "geometry": {"type": "Point", "coordinates": [-8.260234, 43.4460824]}, "properties": {"osm_type": "way", "osm_id": 646004822, "negative_class": "agricultural_enclosure", "name": "", "osm_tags": "barrier=hedge"}}, {"type": "Feature", "geometry": {"type": "Point", "coordinates": [-8.2700498, 43.4360736]}, "properties": {"osm_type": "way", "osm_id": 528541047, "negative_class": "agricultural_enclosure", "name": "", "osm_tags": "barrier=hedge"}}, {"type": "Feature", "geometry": {"type": "Point", "coordinates": [-8.0763776, 43.6360085]}, "properties": {"osm_type": "way", "osm_id": 971244034, "negative_class": "agricultural_enclosure", "name": "", "osm_tags": "barrier=hedge;landuse=meadow;place=plot"}}, {"type": "Feature", "geometry": {"type": "Point", "coordinates": [-8.1410383, 43.6078089]}, "properties": {"osm_type": "way", "osm_id": 520766963, "negative_class": "agricultural_enclosure", "name": "", "osm_tags": "barrier=hedge"}}, {"type": "Feature", "geometry": {"type": "Point", "coordinates": [-8.2714656, 43.46214]}, "properties": {"osm_type": "way", "osm_id": 543866875, "negative_class": "agricultural_enclosure", "name": "", "osm_tags": "landuse=orchard"}}, {"type": "Feature", "geometry": {"type": "Point", "coordinates": [-8.2058222, 43.4579902]}, "properties": {"osm_type": "way", "osm_id": 889606464, "negative_class": "agricultural_enclosure", "name": "", "osm_tags": "landuse=orchard"}}, {"type": "Feature", "geometry": {"type": "Point", "coordinates": [-8.2108678, 43.425164]}, "properties": {"osm_type": "way", "osm_id": 568319226, "negative_class": "agricultural_enclosure", "name": "", "osm_tags": "barrier=hedge"}}, {"type": "Feature", "geometry": {"type": "Point", "coordinates": [-8.2550277, 43.4621133]}, "properties": {"osm_type": "way", "osm_id": 542135477, "negative_class": "agricultural_enclosure", "name": "", "osm_tags": "landuse=orchard"}}, {"type": "Feature", "geometry": {"type": "Point", "coordinates": [-8.2505709, 43.4335429]}, "properties": {"osm_type": "way", "osm_id": 663932786, "negative_class": "agricultural_enclosure", "name": "", "osm_tags": "landuse=orchard"}}, {"type": "Feature", "geometry": {"type": "Point", "coordinates": [-8.2498598, 43.4208882]}, "properties": {"osm_type": "way", "osm_id": 663773052, "negative_class": "agricultural_enclosure", "name": "", "osm_tags": "barrier=hedge"}}, {"type": "Feature", "geometry": {"type": "Point", "coordinates": [-8.2350038, 43.4423719]}, "properties": {"osm_type": "way", "osm_id": 664885649, "negative_class": "agricultural_enclosure", "name": "", "osm_tags": "barrier=hedge"}}, {"type": "Feature", "geometry": {"type": "Point", "coordinates": [-8.2150043, 43.5596784]}, "properties": {"osm_type": "way", "osm_id": 871814011, "negative_class": "agricultural_enclosure", "name": "", "osm_tags": "barrier=hedge"}}, {"type": "Feature", "geometry": {"type": "Point", "coordinates": [-8.2889393, 43.4394692]}, "properties": {"osm_type": "way", "osm_id": 541599201, "negative_class": "agricultural_enclosure", "name": "", "osm_tags": "barrier=hedge"}}, {"type": "Feature", "geometry": {"type": "Point", "coordinates": [-8.2545299, 43.4287159]}, "properties": {"osm_type": "way", "osm_id": 662584582, "negative_class": "agricultural_enclosure", "name": "", "osm_tags": "barrier=hedge"}}, {"type": "Feature", "geometry": {"type": "Point", "coordinates": [-8.2510457, 43.4462568]}, "properties": {"osm_type": "way", "osm_id": 656787027, "negative_class": "agricultural_enclosure", "name": "", "osm_tags": "landuse=orchard"}}, {"type": "Feature", "geometry": {"type": "Point", "coordinates": [-8.22616, 43.4304591]}, "properties": {"osm_type": "way", "osm_id": 617610780, "negative_class": "agricultural_enclosure", "name": "", "osm_tags": "barrier=hedge"}}, {"type": "Feature", "geometry": {"type": "Point", "coordinates": [-8.2696874, 43.4490588]}, "properties": {"osm_type": "way", "osm_id": 545038724, "negative_class": "agricultural_enclosure", "name": "", "osm_tags": "landuse=orchard"}}, {"type": "Feature", "geometry": {"type": "Point", "coordinates": [-8.2325262, 43.4966999]}, "properties": {"osm_type": "way", "osm_id": 733039969, "negative_class": "agricultural_enclosure", "name": "", "osm_tags": "barrier=hedge"}}, {"type": "Feature", "geometry": {"type": "Point", "coordinates": [-8.207515, 43.5502201]}, "properties": {"osm_type": "way", "osm_id": 867030937, "negative_class": "agricultural_enclosure", "name": "", "osm_tags": "barrier=hedge"}}, {"type": "Feature", "geometry": {"type": "Point", "coordinates": [-8.2523596, 43.4499739]}, "properties": {"osm_type": "way", "osm_id": 652818302, "negative_class": "agricultural_enclosure", "name": "", "osm_tags": "landuse=orchard"}}, {"type": "Feature", "geometry": {"type": "Point", "coordinates": [-8.2459601, 43.4537538]}, "properties": {"osm_type": "way", "osm_id": 660180189, "negative_class": "agricultural_enclosure", "name": "", "osm_tags": "landuse=orchard"}}, {"type": "Feature", "geometry": {"type": "Point", "coordinates": [-8.2753468, 43.4460845]}, "properties": {"osm_type": "way", "osm_id": 653240500, "negative_class": "agricultural_enclosure", "name": "", "osm_tags": "barrier=hedge"}}, {"type": "Feature", "geometry": {"type": "Point", "coordinates": [-8.211282, 43.4963612]}, "properties": {"osm_type": "way", "osm_id": 624865177, "negative_class": "agricultural_enclosure", "name": "", "osm_tags": "barrier=hedge"}}, {"type": "Feature", "geometry": {"type": "Point", "coordinates": [-8.2587395, 43.4463103]}, "properties": {"osm_type": "way", "osm_id": 646004826, "negative_class": "agricultural_enclosure", "name": "", "osm_tags": "landuse=orchard"}}, {"type": "Feature", "geometry": {"type": "Point", "coordinates": [-8.2582344, 43.4376588]}, "properties": {"osm_type": "way", "osm_id": 657659073, "negative_class": "agricultural_enclosure", "name": "", "osm_tags": "landuse=orchard"}}, {"type": "Feature", "geometry": {"type": "Point", "coordinates": [-8.2306063, 43.4346642]}, "properties": {"osm_type": "way", "osm_id": 655984671, "negative_class": "agricultural_enclosure", "name": "", "osm_tags": "barrier=hedge"}}, {"type": "Feature", "geometry": {"type": "Point", "coordinates": [-8.270908, 43.4601357]}, "properties": {"osm_type": "way", "osm_id": 544111808, "negative_class": "agricultural_enclosure", "name": "", "osm_tags": "barrier=hedge"}}, {"type": "Feature", "geometry": {"type": "Point", "coordinates": [-8.1822815, 43.4590523]}, "properties": {"osm_type": "way", "osm_id": 693921449, "negative_class": "agricultural_enclosure", "name": "", "osm_tags": "barrier=hedge"}}, {"type": "Feature", "geometry": {"type": "Point", "coordinates": [-8.2722559, 43.4431457]}, "properties": {"osm_type": "way", "osm_id": 545350976, "negative_class": "agricultural_enclosure", "name": "", "osm_tags": "barrier=hedge"}}, {"type": "Feature", "geometry": {"type": "Point", "coordinates": [-8.177656, 43.4593492]}, "properties": {"osm_type": "way", "osm_id": 612074498, "negative_class": "agricultural_enclosure", "name": "", "osm_tags": "barrier=hedge"}}, {"type": "Feature", "geometry": {"type": "Point", "coordinates": [-8.2903286, 43.4399602]}, "properties": {"osm_type": "way", "osm_id": 656528475, "negative_class": "agricultural_enclosure", "name": "", "osm_tags": "landuse=orchard"}}, {"type": "Feature", "geometry": {"type": "Point", "coordinates": [-8.2516531, 43.4408465]}, "properties": {"osm_type": "way", "osm_id": 659900502, "negative_class": "agricultural_enclosure", "name": "", "osm_tags": "landuse=orchard"}}, {"type": "Feature", "geometry": {"type": "Point", "coordinates": [-8.2584791, 43.4563813]}, "properties": {"osm_type": "way", "osm_id": 524624718, "negative_class": "agricultural_enclosure", "name": "", "osm_tags": "landuse=orchard"}}, {"type": "Feature", "geometry": {"type": "Point", "coordinates": [-8.2132362, 43.4574372]}, "properties": {"osm_type": "way", "osm_id": 593878927, "negative_class": "agricultural_enclosure", "name": "", "osm_tags": "barrier=hedge"}}, {"type": "Feature", "geometry": {"type": "Point", "coordinates": [-8.2645425, 43.4491867]}, "properties": {"osm_type": "way", "osm_id": 540976209, "negative_class": "agricultural_enclosure", "name": "", "osm_tags": "landuse=orchard"}}, {"type": "Feature", "geometry": {"type": "Point", "coordinates": [-8.2213753, 43.5499211]}, "properties": {"osm_type": "way", "osm_id": 871727786, "negative_class": "agricultural_enclosure", "name": "", "osm_tags": "barrier=hedge"}}, {"type": "Feature", "geometry": {"type": "Point", "coordinates": [-8.2533853, 43.4510351]}, "properties": {"osm_type": "way", "osm_id": 646435938, "negative_class": "agricultural_enclosure", "name": "", "osm_tags": "barrier=hedge"}}, {"type": "Feature", "geometry": {"type": "Point", "coordinates": [-8.2596342, 43.4304193]}, "properties": {"osm_type": "way", "osm_id": 576995363, "negative_class": "agricultural_enclosure", "name": "", "osm_tags": "barrier=hedge"}}, {"type": "Feature", "geometry": {"type": "Point", "coordinates": [-8.2343195, 43.4411104]}, "properties": {"osm_type": "way", "osm_id": 664885646, "negative_class": "agricultural_enclosure", "name": "", "osm_tags": "landuse=orchard"}}, {"type": "Feature", "geometry": {"type": "Point", "coordinates": [-8.2445782, 43.4541569]}, "properties": {"osm_type": "way", "osm_id": 660180268, "negative_class": "agricultural_enclosure", "name": "", "osm_tags": "landuse=orchard"}}, {"type": "Feature", "geometry": {"type": "Point", "coordinates": [-8.2478877, 43.4582554]}, "properties": {"osm_type": "way", "osm_id": 658419520, "negative_class": "agricultural_enclosure", "name": "", "osm_tags": "landuse=orchard"}}, {"type": "Feature", "geometry": {"type": "Point", "coordinates": [-8.2104664, 43.5432675]}, "properties": {"osm_type": "way", "osm_id": 865411834, "negative_class": "agricultural_enclosure", "name": "", "osm_tags": "barrier=hedge"}}, {"type": "Feature", "geometry": {"type": "Point", "coordinates": [-8.2640287, 43.4347035]}, "properties": {"osm_type": "way", "osm_id": 657608806, "negative_class": "agricultural_enclosure", "name": "", "osm_tags": "landuse=orchard"}}, {"type": "Feature", "geometry": {"type": "Point", "coordinates": [-8.2326034, 43.4455251]}, "properties": {"osm_type": "way", "osm_id": 671324718, "negative_class": "agricultural_enclosure", "name": "", "osm_tags": "barrier=hedge"}}, {"type": "Feature", "geometry": {"type": "Point", "coordinates": [-8.2342353, 43.4395506]}, "properties": {"osm_type": "way", "osm_id": 657408884, "negative_class": "agricultural_enclosure", "name": "", "osm_tags": "landuse=orchard"}}, {"type": "Feature", "geometry": {"type": "Point", "coordinates": [-8.2356349, 43.4541221]}, "properties": {"osm_type": "way", "osm_id": 661698598, "negative_class": "agricultural_enclosure", "name": "", "osm_tags": "landuse=orchard"}}, {"type": "Feature", "geometry": {"type": "Point", "coordinates": [-8.2419517, 43.4324659]}, "properties": {"osm_type": "way", "osm_id": 651671502, "negative_class": "agricultural_enclosure", "name": "", "osm_tags": "barrier=hedge"}}, {"type": "Feature", "geometry": {"type": "Point", "coordinates": [-8.2233405, 43.440972]}, "properties": {"osm_type": "way", "osm_id": 656211734, "negative_class": "agricultural_enclosure", "name": "", "osm_tags": "barrier=hedge"}}, {"type": "Feature", "geometry": {"type": "Point", "coordinates": [-8.2510923, 43.4479016]}, "properties": {"osm_type": "way", "osm_id": 646438838, "negative_class": "agricultural_enclosure", "name": "", "osm_tags": "barrier=hedge"}}, {"type": "Feature", "geometry": {"type": "Point", "coordinates": [-8.257582, 43.4455251]}, "properties": {"osm_type": "way", "osm_id": 646444832, "negative_class": "agricultural_enclosure", "name": "", "osm_tags": "barrier=hedge"}}, {"type": "Feature", "geometry": {"type": "Point", "coordinates": [-8.2044387, 43.4227331]}, "properties": {"osm_type": "way", "osm_id": 652797121, "negative_class": "agricultural_enclosure", "name": "", "osm_tags": "landuse=orchard"}}, {"type": "Feature", "geometry": {"type": "Point", "coordinates": [-8.2485382, 43.4503164]}, "properties": {"osm_type": "way", "osm_id": 656787009, "negative_class": "agricultural_enclosure", "name": "", "osm_tags": "landuse=orchard"}}, {"type": "Feature", "geometry": {"type": "Point", "coordinates": [-8.2508927, 43.4494155]}, "properties": {"osm_type": "way", "osm_id": 652818290, "negative_class": "agricultural_enclosure", "name": "", "osm_tags": "landuse=orchard"}}, {"type": "Feature", "geometry": {"type": "Point", "coordinates": [-8.2534637, 43.4556702]}, "properties": {"osm_type": "way", "osm_id": 655674741, "negative_class": "agricultural_enclosure", "name": "", "osm_tags": "barrier=hedge"}}, {"type": "Feature", "geometry": {"type": "Point", "coordinates": [-8.1765031, 43.4242678]}, "properties": {"osm_type": "way", "osm_id": 427181525, "negative_class": "agricultural_enclosure", "name": "", "osm_tags": "landuse=orchard"}}, {"type": "Feature", "geometry": {"type": "Point", "coordinates": [-8.2613851, 43.4448121]}, "properties": {"osm_type": "way", "osm_id": 646436032, "negative_class": "agricultural_enclosure", "name": "", "osm_tags": "landuse=orchard"}}, {"type": "Feature", "geometry": {"type": "Point", "coordinates": [-8.2364055, 43.5056795]}, "properties": {"osm_type": "way", "osm_id": 973557788, "negative_class": "agricultural_enclosure", "name": "", "osm_tags": "barrier=hedge"}}, {"type": "Feature", "geometry": {"type": "Point", "coordinates": [-8.2904532, 43.4382107]}, "properties": {"osm_type": "way", "osm_id": 656528460, "negative_class": "agricultural_enclosure", "name": "", "osm_tags": "barrier=hedge"}}, {"type": "Feature", "geometry": {"type": "Point", "coordinates": [-8.2808357, 43.4457776]}, "properties": {"osm_type": "way", "osm_id": 653240531, "negative_class": "agricultural_enclosure", "name": "", "osm_tags": "landuse=orchard"}}, {"type": "Feature", "geometry": {"type": "Point", "coordinates": [-8.208498, 43.4923926]}, "properties": {"osm_type": "way", "osm_id": 477924178, "negative_class": "agricultural_enclosure", "name": "", "osm_tags": "barrier=hedge"}}, {"type": "Feature", "geometry": {"type": "Point", "coordinates": [-8.248367, 43.4223464]}, "properties": {"osm_type": "way", "osm_id": 662972208, "negative_class": "agricultural_enclosure", "name": "", "osm_tags": "landuse=orchard"}}, {"type": "Feature", "geometry": {"type": "Point", "coordinates": [-8.2596587, 43.4471813]}, "properties": {"osm_type": "way", "osm_id": 547021975, "negative_class": "agricultural_enclosure", "name": "", "osm_tags": "barrier=hedge"}}, {"type": "Feature", "geometry": {"type": "Point", "coordinates": [-8.2904954, 43.4410778]}, "properties": {"osm_type": "way", "osm_id": 660277151, "negative_class": "agricultural_enclosure", "name": "", "osm_tags": "barrier=hedge"}}, {"type": "Feature", "geometry": {"type": "Point", "coordinates": [-8.2276407, 43.4458405]}, "properties": {"osm_type": "way", "osm_id": 667449806, "negative_class": "agricultural_enclosure", "name": "", "osm_tags": "barrier=hedge"}}, {"type": "Feature", "geometry": {"type": "Point", "coordinates": [-8.2695703, 43.4371345]}, "properties": {"osm_type": "way", "osm_id": 654024347, "negative_class": "agricultural_enclosure", "name": "", "osm_tags": "landuse=orchard"}}, {"type": "Feature", "geometry": {"type": "Point", "coordinates": [-8.3016801, 43.4448793]}, "properties": {"osm_type": "way", "osm_id": 541531006, "negative_class": "agricultural_enclosure", "name": "", "osm_tags": "barrier=hedge"}}, {"type": "Feature", "geometry": {"type": "Point", "coordinates": [-8.2710636, 43.4571791]}, "properties": {"osm_type": "way", "osm_id": 544111774, "negative_class": "agricultural_enclosure", "name": "", "osm_tags": "barrier=hedge"}}, {"type": "Feature", "geometry": {"type": "Point", "coordinates": [-8.2623193, 43.4505846]}, "properties": {"osm_type": "way", "osm_id": 525354461, "negative_class": "agricultural_enclosure", "name": "", "osm_tags": "landuse=orchard"}}, {"type": "Feature", "geometry": {"type": "Point", "coordinates": [-8.2232832, 43.4438717]}, "properties": {"osm_type": "way", "osm_id": 666978483, "negative_class": "agricultural_enclosure", "name": "", "osm_tags": "barrier=hedge"}}, {"type": "Feature", "geometry": {"type": "Point", "coordinates": [-8.2544152, 43.4496156]}, "properties": {"osm_type": "way", "osm_id": 646435926, "negative_class": "agricultural_enclosure", "name": "", "osm_tags": "landuse=orchard"}}, {"type": "Feature", "geometry": {"type": "Point", "coordinates": [-8.2446145, 43.4364384]}, "properties": {"osm_type": "way", "osm_id": 662047624, "negative_class": "agricultural_enclosure", "name": "", "osm_tags": "landuse=orchard"}}, {"type": "Feature", "geometry": {"type": "Point", "coordinates": [-8.2279241, 43.4469586]}, "properties": {"osm_type": "way", "osm_id": 671324727, "negative_class": "agricultural_enclosure", "name": "", "osm_tags": "barrier=hedge"}}, {"type": "Feature", "geometry": {"type": "Point", "coordinates": [-8.2306443, 43.4324993]}, "properties": {"osm_type": "way", "osm_id": 652809054, "negative_class": "agricultural_enclosure", "name": "", "osm_tags": "landuse=orchard"}}, {"type": "Feature", "geometry": {"type": "Point", "coordinates": [-8.3043682, 43.4490638]}, "properties": {"osm_type": "way", "osm_id": 644879656, "negative_class": "agricultural_enclosure", "name": "", "osm_tags": "barrier=hedge"}}, {"type": "Feature", "geometry": {"type": "Point", "coordinates": [-8.2627231, 43.4373007]}, "properties": {"osm_type": "way", "osm_id": 660459576, "negative_class": "agricultural_enclosure", "name": "", "osm_tags": "barrier=hedge"}}, {"type": "Feature", "geometry": {"type": "Point", "coordinates": [-8.2827108, 43.4460853]}, "properties": {"osm_type": "way", "osm_id": 646017989, "negative_class": "agricultural_enclosure", "name": "", "osm_tags": "landuse=orchard"}}, {"type": "Feature", "geometry": {"type": "Point", "coordinates": [-8.2891472, 43.4428767]}, "properties": {"osm_type": "way", "osm_id": 541566793, "negative_class": "agricultural_enclosure", "name": "", "osm_tags": "landuse=orchard"}}, {"type": "Feature", "geometry": {"type": "Point", "coordinates": [-8.2581213, 43.4326183]}, "properties": {"osm_type": "way", "osm_id": 657661789, "negative_class": "agricultural_enclosure", "name": "", "osm_tags": "landuse=orchard"}}, {"type": "Feature", "geometry": {"type": "Point", "coordinates": [-8.2083135, 43.49838]}, "properties": {"osm_type": "way", "osm_id": 448707000, "negative_class": "agricultural_enclosure", "name": "", "osm_tags": "barrier=hedge"}}, {"type": "Feature", "geometry": {"type": "Point", "coordinates": [-8.2626631, 43.4319523]}, "properties": {"osm_type": "way", "osm_id": 660246126, "negative_class": "agricultural_enclosure", "name": "", "osm_tags": "landuse=orchard"}}, {"type": "Feature", "geometry": {"type": "Point", "coordinates": [-8.262336, 43.4275988]}, "properties": {"osm_type": "way", "osm_id": 660246106, "negative_class": "agricultural_enclosure", "name": "", "osm_tags": "barrier=hedge"}}, {"type": "Feature", "geometry": {"type": "Point", "coordinates": [-8.2629906, 43.5394778]}, "properties": {"osm_type": "way", "osm_id": 974416129, "negative_class": "agricultural_enclosure", "name": "", "osm_tags": "barrier=hedge"}}, {"type": "Feature", "geometry": {"type": "Point", "coordinates": [-8.1650087, 43.4717633]}, "properties": {"osm_type": "way", "osm_id": 688665310, "negative_class": "agricultural_enclosure", "name": "", "osm_tags": "barrier=hedge"}}, {"type": "Feature", "geometry": {"type": "Point", "coordinates": [-8.245494, 43.4550261]}, "properties": {"osm_type": "way", "osm_id": 656817445, "negative_class": "agricultural_enclosure", "name": "", "osm_tags": "landuse=orchard"}}, {"type": "Feature", "geometry": {"type": "Point", "coordinates": [-8.2320689, 43.4321727]}, "properties": {"osm_type": "way", "osm_id": 619148366, "negative_class": "agricultural_enclosure", "name": "", "osm_tags": "barrier=hedge"}}, {"type": "Feature", "geometry": {"type": "Point", "coordinates": [-8.2540761, 43.4481515]}, "properties": {"osm_type": "way", "osm_id": 652818308, "negative_class": "agricultural_enclosure", "name": "", "osm_tags": "barrier=hedge"}}, {"type": "Feature", "geometry": {"type": "Point", "coordinates": [-8.2308348, 43.4456704]}, "properties": {"osm_type": "way", "osm_id": 667449809, "negative_class": "agricultural_enclosure", "name": "", "osm_tags": "landuse=orchard"}}, {"type": "Feature", "geometry": {"type": "Point", "coordinates": [-8.1600182, 43.4547377]}, "properties": {"osm_type": "way", "osm_id": 618017366, "negative_class": "agricultural_enclosure", "name": "", "osm_tags": "barrier=hedge"}}, {"type": "Feature", "geometry": {"type": "Point", "coordinates": [-8.2610663, 43.4553256]}, "properties": {"osm_type": "way", "osm_id": 378641911, "negative_class": "agricultural_enclosure", "name": "", "osm_tags": "landuse=orchard"}}, {"type": "Feature", "geometry": {"type": "Point", "coordinates": [-8.2899516, 43.4448668]}, "properties": {"osm_type": "way", "osm_id": 591758189, "negative_class": "agricultural_enclosure", "name": "", "osm_tags": "landuse=orchard"}}, {"type": "Feature", "geometry": {"type": "Point", "coordinates": [-8.2673117, 43.4402543]}, "properties": {"osm_type": "way", "osm_id": 652952275, "negative_class": "agricultural_enclosure", "name": "", "osm_tags": "landuse=orchard"}}, {"type": "Feature", "geometry": {"type": "Point", "coordinates": [-8.2506908, 43.4399719]}, "properties": {"osm_type": "way", "osm_id": 659900482, "negative_class": "agricultural_enclosure", "name": "", "osm_tags": "barrier=hedge"}}, {"type": "Feature", "geometry": {"type": "Point", "coordinates": [-8.0739869, 43.5307791]}, "properties": {"osm_type": "way", "osm_id": 427761851, "negative_class": "agricultural_enclosure", "name": "Horta de Conservaci\u00f3n e Demostraci\u00f3n das Froiteiras Aut\u00f3ctonas Carlos Fornos", "osm_tags": "landuse=orchard"}}, {"type": "Feature", "geometry": {"type": "Point", "coordinates": [-8.2007925, 43.4946915]}, "properties": {"osm_type": "way", "osm_id": 490188365, "negative_class": "agricultural_enclosure", "name": "", "osm_tags": "barrier=hedge"}}, {"type": "Feature", "geometry": {"type": "Point", "coordinates": [-8.202504, 43.4557775]}, "properties": {"osm_type": "way", "osm_id": 706968779, "negative_class": "agricultural_enclosure", "name": "", "osm_tags": "barrier=hedge"}}, {"type": "Feature", "geometry": {"type": "Point", "coordinates": [-8.2690195, 43.434446]}, "properties": {"osm_type": "way", "osm_id": 661151703, "negative_class": "agricultural_enclosure", "name": "", "osm_tags": "landuse=orchard"}}, {"type": "Feature", "geometry": {"type": "Point", "coordinates": [-8.2818523, 43.4444085]}, "properties": {"osm_type": "way", "osm_id": 653240452, "negative_class": "agricultural_enclosure", "name": "", "osm_tags": "landuse=orchard"}}, {"type": "Feature", "geometry": {"type": "Point", "coordinates": [-8.2500755, 43.4565838]}, "properties": {"osm_type": "way", "osm_id": 653786160, "negative_class": "agricultural_enclosure", "name": "", "osm_tags": "landuse=orchard"}}, {"type": "Feature", "geometry": {"type": "Point", "coordinates": [-8.2554773, 43.4642403]}, "properties": {"osm_type": "way", "osm_id": 375365799, "negative_class": "agricultural_enclosure", "name": "", "osm_tags": "landuse=orchard"}}, {"type": "Feature", "geometry": {"type": "Point", "coordinates": [-8.0733208, 43.6369943]}, "properties": {"osm_type": "way", "osm_id": 971151495, "negative_class": "agricultural_enclosure", "name": "", "osm_tags": "barrier=hedge;landuse=meadow;place=plot"}}, {"type": "Feature", "geometry": {"type": "Point", "coordinates": [-8.2568481, 43.4243497]}, "properties": {"osm_type": "way", "osm_id": 663277587, "negative_class": "agricultural_enclosure", "name": "", "osm_tags": "landuse=orchard"}}, {"type": "Feature", "geometry": {"type": "Point", "coordinates": [-8.2718894, 43.4591918]}, "properties": {"osm_type": "way", "osm_id": 544111791, "negative_class": "agricultural_enclosure", "name": "", "osm_tags": "barrier=hedge"}}, {"type": "Feature", "geometry": {"type": "Point", "coordinates": [-8.2283692, 43.4313271]}, "properties": {"osm_type": "way", "osm_id": 617610795, "negative_class": "agricultural_enclosure", "name": "", "osm_tags": "barrier=hedge"}}, {"type": "Feature", "geometry": {"type": "Point", "coordinates": [-8.2532863, 43.4541007]}, "properties": {"osm_type": "way", "osm_id": 653734825, "negative_class": "agricultural_enclosure", "name": "", "osm_tags": "barrier=hedge"}}, {"type": "Feature", "geometry": {"type": "Point", "coordinates": [-8.2209122, 43.4937972]}, "properties": {"osm_type": "way", "osm_id": 1000024533, "negative_class": "agricultural_enclosure", "name": "", "osm_tags": "barrier=hedge"}}, {"type": "Feature", "geometry": {"type": "Point", "coordinates": [-8.2407783, 43.4469009]}, "properties": {"osm_type": "way", "osm_id": 664395765, "negative_class": "agricultural_enclosure", "name": "", "osm_tags": "landuse=orchard"}}, {"type": "Feature", "geometry": {"type": "Point", "coordinates": [-8.2367695, 43.4565353]}, "properties": {"osm_type": "way", "osm_id": 662021201, "negative_class": "agricultural_enclosure", "name": "", "osm_tags": "barrier=hedge"}}, {"type": "Feature", "geometry": {"type": "Point", "coordinates": [-8.2439986, 43.419922]}, "properties": {"osm_type": "way", "osm_id": 661773170, "negative_class": "agricultural_enclosure", "name": "", "osm_tags": "landuse=orchard"}}, {"type": "Feature", "geometry": {"type": "Point", "coordinates": [-8.2611913, 43.447412]}, "properties": {"osm_type": "way", "osm_id": 541498887, "negative_class": "agricultural_enclosure", "name": "", "osm_tags": "landuse=orchard"}}, {"type": "Feature", "geometry": {"type": "Point", "coordinates": [-8.2313613, 43.5058115]}, "properties": {"osm_type": "way", "osm_id": 973557800, "negative_class": "agricultural_enclosure", "name": "", "osm_tags": "barrier=hedge"}}, {"type": "Feature", "geometry": {"type": "Point", "coordinates": [-8.2306857, 43.5095058]}, "properties": {"osm_type": "way", "osm_id": 482714530, "negative_class": "agricultural_enclosure", "name": "", "osm_tags": "barrier=hedge"}}, {"type": "Feature", "geometry": {"type": "Point", "coordinates": [-8.0724215, 43.6361256]}, "properties": {"osm_type": "way", "osm_id": 971151512, "negative_class": "agricultural_enclosure", "name": "", "osm_tags": "barrier=hedge;landuse=meadow;place=plot"}}, {"type": "Feature", "geometry": {"type": "Point", "coordinates": [-8.2662755, 43.4545478]}, "properties": {"osm_type": "way", "osm_id": 525215047, "negative_class": "agricultural_enclosure", "name": "", "osm_tags": "landuse=orchard"}}, {"type": "Feature", "geometry": {"type": "Point", "coordinates": [-8.2848283, 43.4424049]}, "properties": {"osm_type": "way", "osm_id": 541599186, "negative_class": "agricultural_enclosure", "name": "", "osm_tags": "barrier=hedge"}}, {"type": "Feature", "geometry": {"type": "Point", "coordinates": [-8.2603055, 43.4490652]}, "properties": {"osm_type": "way", "osm_id": 541738417, "negative_class": "agricultural_enclosure", "name": "", "osm_tags": "landuse=orchard"}}, {"type": "Feature", "geometry": {"type": "Point", "coordinates": [-8.2956274, 43.4380391]}, "properties": {"osm_type": "way", "osm_id": 539251258, "negative_class": "agricultural_enclosure", "name": "", "osm_tags": "barrier=hedge"}}, {"type": "Feature", "geometry": {"type": "Point", "coordinates": [-8.2424086, 43.4343691]}, "properties": {"osm_type": "way", "osm_id": 663242598, "negative_class": "agricultural_enclosure", "name": "", "osm_tags": "landuse=orchard"}}, {"type": "Feature", "geometry": {"type": "Point", "coordinates": [-8.0711736, 43.4374726]}, "properties": {"osm_type": "way", "osm_id": 1338628287, "negative_class": "agricultural_enclosure", "name": "", "osm_tags": "barrier=hedge"}}, {"type": "Feature", "geometry": {"type": "Point", "coordinates": [-8.2556383, 43.4217829]}, "properties": {"osm_type": "way", "osm_id": 664441958, "negative_class": "agricultural_enclosure", "name": "", "osm_tags": "landuse=orchard"}}, {"type": "Feature", "geometry": {"type": "Point", "coordinates": [-8.2410653, 43.4365855]}, "properties": {"osm_type": "way", "osm_id": 662397053, "negative_class": "agricultural_enclosure", "name": "", "osm_tags": "barrier=hedge"}}, {"type": "Feature", "geometry": {"type": "Point", "coordinates": [-8.2410811, 43.433345]}, "properties": {"osm_type": "way", "osm_id": 652933525, "negative_class": "agricultural_enclosure", "name": "", "osm_tags": "landuse=orchard"}}, {"type": "Feature", "geometry": {"type": "Point", "coordinates": [-8.1901319, 43.4577399]}, "properties": {"osm_type": "way", "osm_id": 545029376, "negative_class": "agricultural_enclosure", "name": "", "osm_tags": "barrier=hedge"}}, {"type": "Feature", "geometry": {"type": "Point", "coordinates": [-8.2039185, 43.4972859]}, "properties": {"osm_type": "way", "osm_id": 677303166, "negative_class": "agricultural_enclosure", "name": "", "osm_tags": "barrier=hedge"}}, {"type": "Feature", "geometry": {"type": "Point", "coordinates": [-8.2475391, 43.4368391]}, "properties": {"osm_type": "way", "osm_id": 657659046, "negative_class": "agricultural_enclosure", "name": "", "osm_tags": "landuse=orchard"}}]}