osm_type	osm_id	negative_class	name	osm_tags	longitude	latitude
way	944179564	forest_track	Camiño da Seara	highway=track;surface=gravel	-8.2058047	43.4236627
way	275043151	forest_track		highway=track;surface=ground	-7.9605607	43.5588677
way	281437385	forest_track		highway=track;surface=ground	-7.9666719	43.6399304
way	50575574	forest_track	Camiño do Regueiro de Sedes	highway=track;surface=dirt	-8.1584781	43.543025
way	1122206053	forest_track	Camiño á Fábrica do Monte	highway=track;surface=ground	-8.156577	43.4868473
way	742141736	forest_track		highway=track;surface=unpaved	-8.065587	43.6757704
way	1193376902	forest_track		highway=track;surface=ground	-8.0037129	43.6877666
way	531424824	forest_track		highway=track;surface=ground	-8.2453959	43.4206183
way	426817758	forest_track		highway=track;surface=fine_gravel	-8.161738	43.4807614
way	281435063	forest_track		highway=track;surface=ground	-7.9702797	43.5535214
way	458507799	forest_track		highway=track;surface=unpaved	-8.281875	43.4663433
way	168658788	forest_track		highway=track;surface=fine_gravel	-8.1224678	43.5906705
way	40125821	forest_track	Camiño das Ánimas	highway=track;surface=dirt	-8.2447316	43.4451885
way	275110836	forest_track		highway=track;surface=gravel	-8.0129453	43.5779288
way	329423330	forest_track		highway=track;surface=ground	-7.9793384	43.5495011
way	112179427	forest_track		highway=track;surface=dirt	-8.1741399	43.5620535
way	275091533	forest_track		highway=track;surface=ground	-8.0022541	43.5845166
way	174005256	forest_track		highway=track;surface=dirt	-8.2001321	43.5915328
way	1210514016	forest_track	Camiño do Marco Da San Lorenzo	highway=track;surface=dirt	-8.1711838	43.439565
way	495043329	forest_track		highway=track;surface=unpaved	-8.0281337	43.5456567
way	40125822	forest_track		highway=track;surface=gravel	-8.2433487	43.448544
way	921978340	forest_track		highway=track;surface=ground	-7.998502	43.5444679
way	1121661003	forest_track	Camiño de Marraxón a Chao de Lotedo	highway=track;surface=ground	-8.1371789	43.4860851
way	316234779	forest_track		highway=track;surface=ground	-8.0013107	43.5675419
way	1123719260	forest_track		highway=track;surface=ground	-8.1521636	43.4815876
way	324184812	forest_track		highway=track;surface=ground	-8.0878476	43.639686
way	329377714	forest_track		highway=track;surface=ground	-8.0163708	43.5405217
way	702271242	forest_track		highway=track;surface=ground	-8.240695	43.4448301
way	50576287	forest_track		highway=track;surface=dirt	-8.1532281	43.5433948
way	33909337	forest_track		highway=track;surface=dirt	-8.2614121	43.5528464
way	549589247	forest_track		highway=track;surface=ground	-8.1543626	43.4672447
way	36781717	forest_track		highway=track;surface=gravel	-8.1451411	43.5380881
way	1124616514	forest_track		highway=track;surface=ground	-8.1513678	43.4669914
way	159764238	forest_track		highway=track;surface=dirt	-8.2353148	43.5151339
way	329368629	forest_track		highway=track;surface=ground	-7.9771428	43.5388363
way	274121441	forest_track		highway=track;surface=ground	-8.1220261	43.6417503
way	1122847784	forest_track		highway=track;surface=ground	-8.146612	43.4877951
way	40025034	forest_track		highway=track;surface=unpaved	-8.246808	43.4500383
way	1123719261	forest_track		highway=track;surface=ground	-8.1543985	43.4822924
way	1279374962	forest_track		highway=track;surface=dirt	-8.0691202	43.5542484
way	874890055	forest_track		highway=track;surface=dirt	-8.1676518	43.5525904
way	311440729	forest_track		highway=track;surface=ground	-7.9452984	43.6487726
way	222653301	forest_track		highway=track;surface=dirt	-8.1223734	43.5941118
way	618743658	forest_track		highway=track;surface=unpaved	-8.2321176	43.4537899
way	207222134	forest_track		highway=track;surface=dirt	-8.2321002	43.5308118
way	40022798	forest_track		highway=track;surface=dirt	-8.2391858	43.4428051
way	464939640	forest_track		highway=track;surface=unpaved	-7.9593751	43.5712219
way	657050039	forest_track		highway=track;surface=ground	-8.020067	43.4556145
way	526962270	forest_track		highway=track;surface=ground	-8.152467	43.4878616
way	618743648	forest_track		highway=track;surface=unpaved	-8.1973836	43.4435354
way	329372448	forest_track		highway=track;surface=ground	-7.9962567	43.5432956
way	214244012	forest_track		highway=track;surface=fine_gravel	-8.1817298	43.5942034
way	220234067	forest_track		highway=track;surface=ground	-8.3082743	43.451088
way	329373421	forest_track		highway=track;surface=ground	-8.0010819	43.5418581
way	281198042	forest_track		highway=track;surface=gravel	-7.9938933	43.6348967
way	274139494	forest_track		highway=track;surface=ground	-8.1232857	43.639049
way	329372392	forest_track		highway=track;surface=ground	-7.9918102	43.5422956
way	1086306203	forest_track		highway=track;surface=unpaved	-8.0611577	43.6772227
way	275091528	forest_track		highway=track;surface=gravel	-7.9958334	43.5831752
way	656961313	forest_track		highway=track;surface=unpaved	-8.0247574	43.4297973
way	281277084	forest_track		highway=track;surface=ground	-7.9892186	43.556476
way	526858498	forest_track		highway=track;surface=dirt	-8.1314801	43.4774616
way	656961323	forest_track		highway=track;surface=unpaved	-8.0069688	43.4571988
way	329368686	forest_track		highway=track;surface=ground	-7.9772898	43.5411189
way	245898333	forest_track		highway=track;surface=ground	-8.2960021	43.4364444
way	281662116	forest_track		highway=track;surface=ground	-7.9557654	43.6100606
way	298273376	forest_track		highway=track;surface=dirt	-8.1947709	43.5117499
way	281662119	forest_track		highway=track;surface=ground	-7.9650122	43.6063891
way	737723946	forest_track		highway=track;surface=gravel	-8.207117	43.5920331
way	526785570	forest_track	Camiño de Marraxón a Chao de Lotedo	highway=track;surface=ground	-8.140816	43.4864868
way	176247574	forest_track		highway=track;surface=fine_gravel	-8.2144552	43.5829414
way	44068785	forest_track	Paseo da Lagoa	highway=track;surface=gravel	-8.1544586	43.6020267
way	656852951	forest_track		highway=track;surface=unpaved	-8.0728336	43.4254672
way	280492123	forest_track		highway=track;surface=ground	-7.9710625	43.5812934
way	1201039556	forest_track		highway=track;surface=dirt	-8.1963056	43.5124801
way	281672709	forest_track		highway=track;surface=ground	-8.0290239	43.6311242
way	1096900042	forest_track		highway=track;surface=ground	-7.9762642	43.5457343
way	329372012	forest_track		highway=track;surface=ground	-7.98492	43.5395755
way	281435065	forest_track		highway=track;surface=ground	-7.975775	43.5555192
way	290529345	forest_track		highway=track;surface=dirt	-8.2374958	43.4418375
way	784828546	forest_track		highway=track;surface=ground	-7.9867088	43.5425443
way	159764157	forest_track		highway=track;surface=dirt	-8.2340249	43.5227979
way	465304888	forest_track		highway=track;surface=dirt	-8.1964131	43.5979172
way	527285234	forest_track		highway=track;surface=dirt	-8.1370558	43.5009259
way	657050028	forest_track		highway=track;surface=ground	-8.010823	43.4466146
way	302437917	forest_track		highway=track;surface=dirt	-8.1757312	43.4411766
way	1211004455	forest_track		highway=track;surface=ground	-8.1767354	43.4360827
way	280515457	forest_track		highway=track;surface=ground	-7.9803264	43.5749625
way	549608691	forest_track	Pista de Mundín	highway=track;surface=dirt	-8.1674167	43.4636838
way	791003618	forest_track		highway=track;surface=unpaved	-8.252992	43.5203254
way	657050038	forest_track		highway=track;surface=unpaved	-8.0179222	43.4531853
way	281664226	forest_track		highway=track;surface=ground	-7.9684938	43.6059549
way	737713813	forest_track		highway=track;surface=dirt	-8.1803175	43.6045958
way	329422923	forest_track		highway=track;surface=ground	-7.9730063	43.5406758
way	1086305083	forest_track	Riba de Cortes	highway=track;surface=unpaved	-8.0069762	43.7009245
way	484256458	forest_track		highway=track;surface=unpaved	-8.041535	43.7054521
way	281283970	forest_track		highway=track;surface=ground	-8.0268737	43.5411937
way	33530138	forest_track	Camiño da Seara	highway=track;surface=gravel	-8.2072583	43.4243077
way	281180867	forest_track		highway=track;surface=gravel	-8.004798	43.5640413
way	640285372	forest_track		highway=track;surface=unpaved	-7.9764463	43.7103034
way	874890054	forest_track		highway=track;surface=dirt	-8.1649278	43.5543299
way	222683610	forest_track		highway=track;surface=ground	-8.2919083	43.4445755
way	481078540	forest_track		highway=track;surface=ground	-8.1520173	43.6078702
way	330331944	forest_track		highway=track;surface=ground	-8.0063245	43.5837926
way	837031003	forest_track		highway=track;surface=dirt	-8.1643173	43.5524866
way	324186177	forest_track		highway=track;surface=ground	-7.9863072	43.6202187
way	657049991	forest_track		highway=track;surface=unpaved	-8.0657437	43.469128
way	174859868	forest_track		highway=track;surface=unpaved	-8.2510868	43.5132239
way	159764374	forest_track	Camiño da Seara	highway=track;surface=dirt	-8.2294413	43.5039387
way	742858648	forest_track		highway=track;surface=ground	-8.1681646	43.4507475
way	857468830	forest_track		highway=track;surface=fine_gravel	-8.1243844	43.5981257
way	329376911	forest_track		highway=track;surface=ground	-8.0008268	43.5280433
way	281258243	forest_track		highway=track;surface=ground	-8.0188132	43.6829435
way	251150552	forest_track		highway=track;surface=unpaved	-8.0909202	43.6577537
way	488080372	forest_track		highway=track;surface=gravel	-8.1941219	43.5091381
way	281177205	forest_track		highway=track;surface=ground	-7.9771335	43.5774213
way	329424091	forest_track		highway=track;surface=ground	-7.999374	43.5481635
way	154558739	forest_track		highway=track;surface=dirt	-8.2612298	43.5544245
way	656961317	forest_track		highway=track;surface=ground	-8.047802	43.419584
way	996021013	forest_track		highway=track;surface=dirt	-8.18108	43.6016963
way	249649792	forest_track		highway=track;surface=dirt	-8.1598758	43.5579352
way	275096693	forest_track		highway=track;surface=ground	-8.0133651	43.5599872
way	169510829	forest_track		highway=track;surface=unpaved	-8.0329501	43.476597
way	1419711209	forest_track		highway=track;surface=gravel	-8.2062051	43.4263691
way	618772023	forest_track		highway=track;surface=unpaved	-8.1690375	43.4522702
way	174005252	forest_track		highway=track;surface=dirt	-8.2050866	43.591039
way	214214626	forest_track		highway=track;surface=gravel	-8.2037146	43.563586
way	742165658	forest_track		highway=track;surface=dirt	-8.1325253	43.5272735
way	329377033	forest_track		highway=track;surface=ground	-8.0063252	43.529195
way	1096900043	forest_track		highway=track;surface=ground	-7.9787143	43.5428367
way	461757784	forest_track		highway=track;surface=unpaved	-8.2451421	43.5090813
way	1279374961	forest_track		highway=track;surface=dirt	-8.0676613	43.5547453
way	72611119	forest_track		highway=track;surface=unpaved	-8.1672349	43.4386051
way	744895626	forest_track		highway=track;surface=dirt	-8.069838	43.5523288
way	176252521	forest_track		highway=track;surface=dirt	-8.210426	43.5782191
way	275043150	forest_track		highway=track;surface=ground	-7.9567603	43.5591544
way	657050044	forest_track		highway=track;surface=ground	-8.0232952	43.4541565
way	275114085	forest_track		highway=track;surface=ground	-7.9888606	43.5887708
way	35445039	forest_track		highway=track;surface=gravel	-8.1955696	43.5079539
way	329372953	forest_track		highway=track;surface=gravel	-7.9847074	43.546445
way	464453838	forest_track		highway=track;surface=unpaved	-8.2136552	43.5798486
way	281279113	forest_track		highway=track;surface=ground	-7.9980602	43.5560095
way	490279843	forest_track		highway=track;surface=unpaved	-8.1182719	43.4367984
way	145174694	forest_track		highway=track;surface=unpaved	-8.1771574	43.4946441
way	499115903	forest_track		highway=track;surface=fine_gravel	-8.1886345	43.60956
way	329374011	forest_track		highway=track;surface=ground	-7.9806115	43.543611
way	324187655	forest_track		highway=track;surface=ground	-7.9728875	43.618213
way	594275719	forest_track		highway=track;surface=ground	-8.1786984	43.4457314
way	154558726	forest_track	Senda Litoral Costa Ártabra	highway=track;surface=dirt	-8.2359188	43.5674983
way	188880096	forest_track		highway=track;surface=unpaved	-8.2483619	43.5090426
way	697625228	forest_track		highway=track;surface=fine_gravel	-8.1208665	43.5846255
way	690438700	forest_track		highway=track;surface=dirt	-8.1372706	43.4917337
way	280515459	forest_track		highway=track;surface=ground	-7.9630131	43.5511977
way	834034935	forest_track		highway=track;surface=dirt	-8.1641944	43.600414
way	274139496	forest_track		highway=track;surface=ground	-8.1321355	43.6313534
way	1545512942	forest_track		highway=track;surface=ground	-8.3099923	43.4525642
way	857468829	forest_track		highway=track;surface=dirt	-8.1239936	43.5959548
way	1121660985	forest_track		highway=track;surface=dirt	-8.1392584	43.5001845
way	465748695	forest_track		highway=track;surface=gravel	-8.2101877	43.5907084
way	891684318	forest_track	Camiño á Fábrica do Monte	highway=track;surface=ground	-8.1539765	43.4924927
way	678629652	forest_track		highway=track;surface=ground	-8.0109229	43.5649521
way	329371621	forest_track		highway=track;surface=ground	-7.9919869	43.5450543
way	329374250	forest_track		highway=track;surface=ground	-7.967116	43.5401043
way	40125826	forest_track		highway=track;surface=dirt	-8.2507171	43.4419098
way	657050010	forest_track		highway=track;surface=unpaved	-8.0343274	43.4582902
way	1122847778	forest_track		highway=track;surface=ground	-8.1491443	43.489057
way	656961291	forest_track		highway=track;surface=unpaved	-8.0717896	43.4229319
way	175124723	forest_track		highway=track;surface=dirt	-8.2278341	43.5358679
way	857344200	forest_track		highway=track;surface=dirt	-8.1853653	43.6117262
way	84346464	forest_track		highway=track;surface=dirt	-8.1513765	43.538194
way	275110843	forest_track		highway=track;surface=ground	-8.0085918	43.5777984
way	508707610	forest_track	Camiño do Coto Do Rei	highway=track;surface=ground	-8.1333931	43.4819327
way	447271706	forest_track		highway=track;surface=dirt	-8.2110528	43.574436
way	329374010	forest_track		highway=track;surface=ground	-7.9726731	43.5468664
way	657050037	forest_track		highway=track;surface=unpaved	-8.0172413	43.4507803
way	173999214	forest_track		highway=track;surface=unpaved	-8.1848372	43.6190166
way	639316965	forest_track		highway=track;surface=ground	-8.1404509	43.4540077
way	640809417	forest_track		highway=track;surface=unpaved	-8.2166847	43.5748522
way	527003437	forest_track	Camiño á Fábrica do Monte	highway=track;surface=ground	-8.1557364	43.4895376
way	40008975	forest_track	Camiño do Lousido	highway=track;surface=gravel	-8.2591655	43.4597515
way	639316966	forest_track		highway=track;surface=ground	-8.1260389	43.4610464
way	1191323557	forest_track		highway=track;surface=ground	-8.0386821	43.6371686
way	549589246	forest_track		highway=track;surface=ground	-8.1546403	43.4643688
way	549729580	forest_track		highway=track;surface=ground	-8.1728833	43.4362691
way	260990501	forest_track		highway=track;surface=ground	-8.005472	43.6399936
way	281189493	forest_track		highway=track;surface=ground	-7.987293	43.5778638
way	879035589	forest_track		highway=track;surface=ground	-7.9712048	43.5402985
way	1123080962	forest_track	Camiño do Couce	highway=track;surface=unpaved	-8.1154316	43.4750284
way	739802269	forest_track		highway=track;surface=unpaved	-8.0210223	43.4523337
way	281672707	forest_track		highway=track;surface=ground	-8.0058353	43.6164733
way	666680249	forest_track		highway=track;surface=ground	-8.2001486	43.4346611
way	324184683	forest_track		highway=track;surface=ground	-8.0895861	43.6414783
way	657050016	forest_track		highway=track;surface=unpaved	-8.031264	43.4463392
way	841413752	forest_track		highway=track;surface=gravel	-8.2310267	43.5638718
way	281290314	forest_track		highway=track;surface=ground	-8.0274893	43.5800659
way	1085132406	forest_track		highway=track;surface=unpaved	-8.0282328	43.6366354
way	112179424	forest_track		highway=track;surface=dirt	-8.1791013	43.5619408
way	312679548	forest_track		highway=track;surface=dirt	-8.1642233	43.5982742
way	656961312	forest_track		highway=track;surface=ground	-8.0283238	43.4285665
way	203129897	forest_track		highway=track;surface=unpaved	-8.1710817	43.4383413
way	1127704051	forest_track	Camiño de Ventin a Barreiras	highway=track;surface=unpaved	-8.1495314	43.4431545
node	6297387585	medieval_structure	Torre das Mestas	historic=castle	-7.9686968	43.5142491
way	373188735	medieval_structure	Batería antiaérea monolítica de Montefaro	historic=ruins	-8.2857931	43.4520561
way	330094665	medieval_structure	Igrexa de San Xoán de Moeche	building=church	-8.0120287	43.5537549
way	378454840	medieval_structure		historic=ruins	-8.2517269	43.4603181
way	460804466	medieval_structure	Igrexa de San Pablo	building=church	-8.2222323	43.5007885
way	191472720	medieval_structure	Igrexa de Santa María a Maior do Val	building=church	-8.2114711	43.5549857
way	373188727	medieval_structure		building=yes;historic=ruins	-8.2807087	43.4554633
way	251862611	medieval_structure	Igrexa de San Xoán de Filgueira	building=church	-8.2137814	43.495737
way	326016399	medieval_structure	Igrexa de San Xurxo da Mariña	building=church	-8.3032436	43.511411
way	373188740	medieval_structure		building=bunker;historic=ruins	-8.3116315	43.4536338
way	84424294	medieval_structure	Igrexa de Santa María de Neda	building=church	-8.1544457	43.5043712
way	373103235	medieval_structure	Igrexa de San Martiño do Porto	building=church	-8.1750348	43.4231267
node	3742856340	medieval_structure	Batería de Lobateiras	historic=ruins	-8.322251	43.4738317
way	373884128	medieval_structure		building=bunker;historic=ruins	-8.3132833	43.4436937
way	160175503	medieval_structure	Igrexa de Santiago Apóstolo de Xuvia	building=church	-8.1988104	43.4961219
way	1305742807	medieval_structure	Igrexa de Santa María de Régoa	building=church	-8.0322938	43.6764845
way	618313321	medieval_structure	Igrexa de Santa María de Naraío	building=church	-8.0859827	43.4984806
way	373188730	medieval_structure	Polvorín de Bordocedo	building=yes;historic=ruins	-8.2775306	43.453406
way	373091266	medieval_structure	Igrexa de San Pedro de Cervás	building=church	-8.2744625	43.4430151
way	176334554	medieval_structure	Lavadoiro de Ouro	historic=ruins	-8.2659877	43.5545423
way	256171194	medieval_structure	Igrexa de Santiago de Franza	building=church	-8.2136318	43.4507299
node	11980870082	medieval_structure	Batería de San Xulián	historic=ruins	-8.2669623	43.4681307
node	5966202837	medieval_structure	Poste obsertaion de tirs	historic=ruins	-8.3226448	43.4763482
way	289109715	medieval_structure	Igrexa de San Pedro de Loira	building=church	-8.0874954	43.6046604
way	36904524	medieval_structure	Igrexa de San Rosendo de Canido	building=church	-8.2394302	43.4873252
way	975009946	medieval_structure	Batería de Prioriño Chico	historic=ruins	-8.340034	43.4586495
node	5966202535	medieval_structure	Poste observation tirs	historic=ruins	-8.3368635	43.4718012
way	220232866	medieval_structure		building=bunker;historic=ruins	-8.2895999	43.4516393
way	669132543	medieval_structure		building=bunker;historic=ruins	-8.2879637	43.450613
way	171955712	medieval_structure	Castelo de Moeche	building=yes;historic=castle	-7.9928492	43.5500172
way	266901195	medieval_structure	Igrexa de Santa Eulalia	building=church	-8.1356746	43.5993464
way	1069372478	medieval_structure	Igrexa de Santo Andres de Viladonelle	building=church	-8.1139903	43.4825675
way	232194918	medieval_structure	Igrexa de Santa María do Mar de Cedeira	building=church	-8.0568421	43.6610505
way	258636365	medieval_structure	Igrexa de Santo Estevo de Sedes	building=church	-8.1414375	43.5523094
way	303284497	medieval_structure	Igrexa de Santa María de Bardaos	building=church	-8.0348327	43.5643139
way	34054843	medieval_structure	Mosteiro de San Martiño de Xuvia	building=church;historic=monastery	-8.174282	43.4979723
way	305453122	medieval_structure	Igrexa de Santiago de Lago	building=church	-8.1638159	43.5938542
way	276515254	medieval_structure	Igrexa de Santo Amaro de Esteiro	building=church	-8.2261011	43.4815895
way	655946964	medieval_structure		historic=ruins	-8.2547308	43.4610182
way	508029043	medieval_structure	Igrexa Parroquial Santa Mariña de Sillobre	building=church	-8.1464835	43.4777601
node	4167867947	medieval_structure	Batería costeira do Cabo Prior	historic=ruins	-8.3170046	43.5600395
way	192305391	medieval_structure	Igrexa de Santo Amaro de Esteiro	building=church	-8.2229905	43.481678
way	190797574	medieval_structure	Igrexa de Santa Mariña do Vilar	building=church	-8.2259453	43.4948759
way	326008419	medieval_structure		historic=ruins	-8.2915688	43.5016208
way	462435130	medieval_structure	Igrexa Vella de de San Martiño de Covas	building=church	-8.2721897	43.5448711
way	490135334	medieval_structure	Igrexa de San Pedro de Leixa	building=church	-8.2030306	43.5177623
way	375738435	medieval_structure	Igrexa do Sagrado Corazón de Caranza	building=church	-8.2123819	43.4862286
way	220234848	medieval_structure		building=yes;historic=ruins	-8.2847506	43.4489471
way	375512053	medieval_structure		building=yes;historic=ruins	-8.2699616	43.4619517
way	474426317	medieval_structure	Igrexa de San Bartolomeu de Lourido	building=church	-8.1630344	43.5775408
way	457323635	medieval_structure		historic=ruins	-8.20422	43.4986549
way	190855951	medieval_structure	Igrexa de San Salvador de Pedroso	building=church	-8.1087309	43.536003
node	3742856339	medieval_structure	Batería de Lobateiras	historic=ruins	-8.3257367	43.4737901
way	221671181	medieval_structure	Igrexa da Nosa Señora dos Desamparados de Xuvia	building=church	-8.1801237	43.5103503
way	190794280	medieval_structure	Muíño de Xuvia	building=yes;historic=ruins;man_made=watermill	-8.1517808	43.5172239
way	456474814	medieval_structure	Igrexa de Santa Rosa de Viterbo da Graña	building=church	-8.2610512	43.4824926
way	543865901	medieval_structure		building=yes;historic=ruins	-8.2735578	43.462252
way	410303165	medieval_structure	Batería de Redes	historic=ruins	-8.2033909	43.4212528
way	1285325753	medieval_structure	Igrexa de Santa Cruz do Salto	building=church	-8.1396593	43.4444414
way	32923565	medieval_structure	Igrexa das Angustias	building=church;historic=church	-8.2285809	43.482904
way	190852552	medieval_structure	Igrexa de San Xiao de Narón	building=church	-8.1667439	43.5299756
way	375208994	medieval_structure		historic=ruins	-8.2570376	43.4600635
way	656852943	medieval_structure	Igrexa de Santiago da Capela	building=church	-8.0674757	43.4259585
way	1285340630	medieval_structure	Igrexa de San Vicente de Regoela	building=church	-8.1130073	43.4522893
way	36442808	medieval_structure	Igrexa de Santa María de Caranza	building=chapel;historic=church	-8.2065313	43.4771459
way	657257559	medieval_structure	Igrexa de San Xoán de Seoane	building=church	-7.9574521	43.4750354
way	461692482	medieval_structure	Igrexa de Santo Antonio da Cabana	building=church	-8.2689231	43.4914041
way	1284527910	medieval_structure	Igrexa de Santa María de Igrexafeita	building=church	-8.0134259	43.4991999
way	132933395	medieval_structure	Igrexa de San Pedro de Anca	building=church	-8.1092246	43.5023949
way	373884124	medieval_structure	Baterías de Obuses de Sudova	building=bunker;historic=ruins	-8.3085064	43.4439824
way	405403572	medieval_structure	Santuario de Santo André de Teixido	building=church;historic=church	-7.9841049	43.709041
way	373188732	medieval_structure		building=warehouse;historic=ruins	-8.2819235	43.4513538
way	375913315	medieval_structure		historic=ruins	-8.177911	43.5088253
way	1284618965	medieval_structure	Igrexa de San Xiao de Lamas	building=church	-8.0436208	43.5457549
way	220163390	medieval_structure	Igrexa de San Román de Doniños	building=church	-8.2888759	43.4970512
way	236423881	medieval_structure	Igrexa de San Xosé de Ares	building=church	-8.2456176	43.425021
way	170421075	medieval_structure	Igrexa de Santa Uxía de Mandiá	building=church	-8.2408439	43.5312873
way	656856335	medieval_structure	Igrexa de Santa María de Cabalar	building=church	-8.0764372	43.4554916
node	387206755	medieval_structure	Batería de San Cristovo	historic=ruins	-8.304013	43.4656612
way	633022122	medieval_structure	Igrexa vella de San Pedro de Loira	building=church	-8.1025011	43.6100587
way	1285328491	medieval_structure	Igrexa de Santa Olaia de Soaserra	building=church	-8.0949361	43.4261966
way	373188744	medieval_structure	Antigo viveiro	historic=ruins;landuse=aquaculture	-8.3016949	43.4540247
way	450073002	medieval_structure		building=church	-8.1541412	43.4372565
way	329435486	medieval_structure	Igrexa de Santiago de Abade	building=church	-7.9971049	43.5788137
way	676859819	medieval_structure	Igrexa de San Cosme de Piñeiro	building=church	-8.0387046	43.6623987
way	379727840	medieval_structure		building=yes;historic=ruins	-8.2652186	43.447835
way	222498146	medieval_structure	Igrexa de Santo André da Graña	building=church	-8.2624073	43.4790637
way	1382300768	medieval_structure	Igrexa de Santa Mariña do Monte	building=church	-8.1003681	43.5591467
way	465307436	medieval_structure	Igrexa de San Vicente de Meirás	building=church	-8.1929107	43.5840412
way	34053986	medieval_structure	Igrexa de Nosa Señora do Pilar	building=church	-8.222577	43.485298
way	373189191	medieval_structure	Antiga Salazón	building=industrial;historic=ruins	-8.2624109	43.4609663
way	405404440	medieval_structure	Igrexa de San Román de Montoxo	building=church	-7.9975657	43.6463167
way	279722013	medieval_structure	Nosa Señora do Rosario	building=church	-8.2200379	43.4905729
way	676661391	medieval_structure	Igrexa de San Xiao de Montoxo	building=church	-7.9829152	43.6531557
node	2314648851	medieval_structure	Dique da Campá	historic=ruins	-8.2586829	43.4856117
way	456666006	medieval_structure	Igrexa do Pilar	building=church	-8.2554992	43.4905679
way	439388160	medieval_structure	Igrexa Nova de San Lourenzo de Doso	building=church	-8.0969322	43.5189326
way	1288171224	medieval_structure	Igrexa de San Vicente de Vilaboa	building=church	-8.0559532	43.6083537
way	456011020	medieval_structure	Igrexa de Santa María de Brión	building=church	-8.271231	43.4815562
way	373097221	medieval_structure	Igrexa de San Vicente de Meá	building=church	-8.2496606	43.4608305
way	373884126	medieval_structure		building=bunker;historic=ruins	-8.3139017	43.4447718
way	330869091	medieval_structure	Igrexa de Santalla de Cervo	building=church	-8.041382	43.6849483
way	661184463	medieval_structure	O Castelo de Ares	historic=castle	-8.2398633	43.4206037
node	2309603205	medieval_structure		historic=ruins	-8.2838433	43.508759
way	271448613	medieval_structure	Igrexa de San Xurxo de Moeche	building=church	-7.9930733	43.5486667
way	47048641	medieval_structure	Castelo de Naraío	historic=castle	-8.0591242	43.4946423
way	373885861	medieval_structure	Casa dos Enxeñeiros	building=yes;historic=ruins	-8.295158	43.445335
way	462432009	medieval_structure	Igrexa de San Xoán de Esmelle	building=church	-8.2706297	43.5205413
way	190637686	medieval_structure	Igrexa Nova de Santa Icía de Trasancos	building=church	-8.198031	43.5046603
way	375056743	medieval_structure		building=house;historic=ruins	-8.2578136	43.4614282
way	220068680	medieval_structure	Igrexa de San Xosé Obreiro de Xuvia	building=church	-8.1948348	43.4987622
way	238808601	medieval_structure	Igrexa de Santa María do Sequeiro	building=church	-8.1749508	43.5675409
way	36904559	medieval_structure	Igrexa de San Salvador de Serantes	building=church	-8.2461739	43.5011522
way	373188731	medieval_structure		building=construction;historic=ruins	-8.2813067	43.4502094
way	373404066	medieval_structure	Igrexa de San Xoán de Piñeiro	building=church	-8.2025798	43.4417711
way	373188728	medieval_structure		building=yes;historic=ruins	-8.2830447	43.4585007
node	1794499249	medieval_structure		historic=ruins	-8.3468437	43.4634289
node	12459216081	medieval_structure	Batería do Pieiro	historic=ruins	-8.3363853	43.470771
way	373404067	medieval_structure	Igrexa Parroquial de Limodre	building=church	-8.1938482	43.4364212
node	2313636299	medieval_structure		historic=ruins	-8.2688549	43.4679861
way	1127978457	medieval_structure		building=church	-8.1460119	43.4252386
way	241255139	medieval_structure	Igrexa de Santa Rita de Xuvia	building=church	-8.1544133	43.5159355
way	242389877	medieval_structure	Igrexa Nova de San Martiño de Covas	building=church	-8.2766521	43.5428282
way	191157256	medieval_structure	Igrexa de San Pedro de Marmancón	building=church	-8.2551236	43.528517
way	33711834	medieval_structure	Castelo de San Felipe	building=castle;historic=castle	-8.2819441	43.4647105
node	1708904539	medieval_structure	Batería de Viñas	historic=ruins	-8.3379026	43.4598816
way	34856149	medieval_structure	Igrexa de San Vicente de Caamouco	building=church	-8.2005225	43.4288593
node	2153598784	medieval_structure	Postes de tirs	historic=ruins	-8.3402311	43.471521
node	3766968000	medieval_structure	Castelo de San Martiño	historic=ruins	-8.2842874	43.4595393
way	33712005	medieval_structure	Castelo de San Carlos	building=yes;historic=ruins	-8.2976126	43.4611603
way	190857248	medieval_structure	Igrexa de San Mateo de Trasancos	building=church	-8.2136767	43.5320295
way	477958884	medieval_structure	Igrexa Vella de Santa Icía de Trasancos	building=church	-8.1950767	43.5048133
way	330895391	medieval_structure	Igrexa de San Fiz de Esteiro	building=church	-8.0420642	43.6401499
way	370588724	medieval_structure	Batería de Prior Sur	historic=ruins	-8.3165918	43.5625658
way	238893281	medieval_structure	Igrexa de San Martiño de Goente	building=church	-7.9786846	43.4379144
way	373188729	medieval_structure		building=yes;historic=ruins	-8.2762942	43.4555785
way	467160730	medieval_structure	Igrexa da Nosa Señora do Carme	building=church	-8.232347	43.4850633
way	408268637	medieval_structure		building=garage;historic=ruins	-8.2842115	43.4511396
way	1527205475	medieval_structure	Igrexa Vella de San Lourenzo de Doso	building=church	-8.1016424	43.5214123
way	330131214	medieval_structure	Igrexa de San Paio de Ferreira	building=church	-8.0341132	43.522846
node	11918795642	hilltop_settlement	O Sino	place=hamlet	-8.190448	43.4352591
node	5079620832	hilltop_settlement	O Esteiro	place=hamlet	-8.2688454	43.4550006
node	4884519521	hilltop_settlement	A Barca de Arriba	place=hamlet	-8.2596514	43.4937892
node	12790358792	hilltop_settlement	Cascarneiro	place=isolated_dwelling	-7.9907144	43.5078273
node	9602736012	hilltop_settlement	Doniños	place=hamlet	-8.2931022	43.4914938
node	11162529253	hilltop_settlement	Freixeiro	place=hamlet	-8.0646326	43.6323855
node	11918249011	hilltop_settlement	Silvalonga	place=hamlet	-8.0826057	43.5477227
node	6152623287	hilltop_settlement	Guitiriz	place=hamlet	-8.0352421	43.4253491
node	11927021797	hilltop_settlement	O Vinculeiro	place=hamlet	-8.212702	43.5086002
node	6343863154	hilltop_settlement	Gondredo	place=hamlet	-7.9885792	43.6293341
node	11920842645	hilltop_settlement	O Monte	place=hamlet	-8.2794754	43.4466805
node	13374223175	hilltop_settlement	O Camiño de Pedrós	place=hamlet	-8.240505	43.435349
node	6352478908	hilltop_settlement	O Petón	place=hamlet	-8.0078197	43.5503517
node	710906562	hilltop_settlement	Lavandeira	place=hamlet	-8.10542	43.4417272
node	4887865250	hilltop_settlement	O Muíño do Vento	place=hamlet	-8.2204207	43.5249856
node	7666615752	hilltop_settlement	O Cal	place=hamlet	-8.1355006	43.5098712
node	6354214885	hilltop_settlement	A Ermida	place=hamlet	-7.9582252	43.5482611
node	6152690771	hilltop_settlement	Campos Verdes	place=hamlet	-8.0245326	43.4591317
node	2424434091	hilltop_settlement	Santa Ana	place=hamlet	-8.1605703	43.4648127
node	11918074476	hilltop_settlement	Vilarxá	place=hamlet	-8.0460531	43.4991484
node	11945327074	hilltop_settlement	Lousada	place=hamlet	-8.0965217	43.6159337
node	13902852597	hilltop_settlement	O Vilar	place=hamlet	-8.0120226	43.5451001
node	4984031811	hilltop_settlement	Vilallonte	place=hamlet	-8.1339569	43.5374047
node	10310474879	hilltop_settlement	O Batán	place=hamlet	-8.1651036	43.4270998
node	11920842651	hilltop_settlement	O Outeiro de Barracido	place=hamlet	-8.2096064	43.4339077
node	10651535589	hilltop_settlement	A Pedreira	place=hamlet	-8.185638	43.5861379
node	6340579479	hilltop_settlement	O Coto	place=hamlet	-8.0406299	43.6551535
node	408490379	hilltop_settlement	A Malata	place=hamlet	-8.1984172	43.4323494
node	10554793859	hilltop_settlement	O Rodo	place=hamlet	-8.118943	43.635578
node	6338660801	hilltop_settlement	O Lameiro	place=hamlet	-8.003337	43.648861
node	11917857815	hilltop_settlement	Candaíl	place=hamlet	-8.0715761	43.5917259
node	6342055786	hilltop_settlement	Punta Candieira	place=hamlet	-8.0471616	43.7106413
node	6352478891	hilltop_settlement	A Corveira	place=hamlet	-8.0217671	43.5605939
node	4984041395	hilltop_settlement	O Salgueiral	place=hamlet	-8.161759	43.5461722
node	10269219967	hilltop_settlement	Combarro	place=hamlet	-8.14814	43.5002314
node	4888423168	hilltop_settlement	Os Canteiros	place=hamlet	-8.2013238	43.5704481
node	10247981440	hilltop_settlement	A Picota	place=hamlet	-8.179138	43.4986417
node	4870345027	hilltop_settlement	Ragón	place=hamlet	-8.2723563	43.5399251
node	6295577299	hilltop_settlement	Os Casás	place=hamlet	-7.9570441	43.4912386
node	11918795643	hilltop_settlement	O Igrexario	place=hamlet	-8.1841458	43.4371247
node	11918617916	hilltop_settlement	O Souto da Ribeira	place=hamlet	-8.198048	43.4599562
node	6343863005	hilltop_settlement	As Seixas	place=hamlet	-8.0159996	43.6074636
node	11918249006	hilltop_settlement	A Portela	place=hamlet	-8.0833807	43.5349225
node	6352479011	hilltop_settlement	A Ponte do Sur	place=hamlet	-8.0047472	43.5360453
node	11918054862	hilltop_settlement	O Furado	place=isolated_dwelling	-8.0561926	43.4905702
node	11916808625	hilltop_settlement	O Castro	place=hamlet	-7.9822628	43.4777167
node	11916251719	hilltop_settlement	O Carbeiral	place=hamlet	-8.0149843	43.5850294
node	181290960	hilltop_settlement	San Felipe	place=hamlet	-8.280933	43.4679723
node	6152624149	hilltop_settlement	Casauría	place=hamlet	-8.0051584	43.437218
node	6152624121	hilltop_settlement	Os Covos	place=hamlet	-8.0668742	43.4418009
node	11918680368	hilltop_settlement	O Penedo	place=hamlet	-8.1779921	43.4682205
node	10291053865	hilltop_settlement	O Ameneiral	place=hamlet	-8.1738596	43.4714028
node	11916808638	hilltop_settlement	A Fraga Nova	place=isolated_dwelling	-8.0320379	43.4963159
node	11918074484	hilltop_settlement	O Monte	place=hamlet	-8.0695468	43.47991
node	6354215899	hilltop_settlement	Ramisquido	place=hamlet	-7.9701636	43.5648234
node	11949299559	hilltop_settlement	O Camiño Vello	place=hamlet	-8.1488793	43.5136062
node	3858746870	hilltop_settlement	A Fraga de Maniños	place=hamlet	-8.1942631	43.4554904
node	11916691704	hilltop_settlement	A Praza	place=hamlet	-8.0296619	43.5220041
node	11920597625	hilltop_settlement	Os Enxertados	place=hamlet	-8.059055	43.4619336
node	11949306869	hilltop_settlement	Fausto Cansado	place=hamlet	-8.1465119	43.5095748
node	11917857804	hilltop_settlement	A Fraga	place=hamlet	-8.0651462	43.576603
node	10651535593	hilltop_settlement	A Cubeta	place=hamlet	-8.1952844	43.5931751
node	10285606864	hilltop_settlement	O Feal	place=hamlet	-8.1446784	43.4566638
node	1241635258	hilltop_settlement	Taxoneira	place=isolated_dwelling	-8.121297	43.4898002
node	13917342063	hilltop_settlement	As Boeiras	place=hamlet	-8.1543058	43.5604345
node	6340580082	hilltop_settlement	O Castro	place=hamlet	-8.0196694	43.6650497
node	6155666232	hilltop_settlement	As Congostras	place=hamlet	-7.9680415	43.4420188
node	10261443533	hilltop_settlement	Balvís	place=hamlet	-8.1527384	43.5034731
node	10270515973	hilltop_settlement	San Marcos	place=hamlet	-8.123711	43.460242
node	6338660832	hilltop_settlement	O Pinar	place=hamlet	-8.0179647	43.655918
node	6338660834	hilltop_settlement	O Carballo	place=hamlet	-8.0147858	43.6518078
node	11948916698	hilltop_settlement	O Carballal	place=hamlet	-8.1396792	43.6145875
node	11918617919	hilltop_settlement	O Catalán	place=hamlet	-8.191423	43.4553482
node	11945327081	hilltop_settlement	Vilaboi	place=hamlet	-8.1058182	43.6005446
node	4996957697	hilltop_settlement	O Codesal	place=hamlet	-8.2165282	43.5695216
node	6344892343	hilltop_settlement	Rioforcado	place=hamlet	-7.9639328	43.6198653
node	4905963257	hilltop_settlement	O Vilar	place=hamlet	-8.225561	43.5414507
node	10896054432	hilltop_settlement	O Campón	place=hamlet	-8.0745485	43.6361661
node	6354214932	hilltop_settlement	A Abelleira	place=hamlet	-7.9663636	43.5613233
node	6340579485	hilltop_settlement	A Estoxa	place=hamlet	-8.0375216	43.6631906
node	10287982112	hilltop_settlement	Mosende de Abaixo	place=hamlet	-8.1557896	43.5837795
node	12473411180	hilltop_settlement	A Teupoeira	place=hamlet	-8.199196	43.4358885
node	12473316944	hilltop_settlement	As Barcias	place=hamlet	-8.2157833	43.4586362
node	6337375631	hilltop_settlement	A Ferrería	place=hamlet	-7.9858674	43.6552508
node	6344892302	hilltop_settlement	Regueirolongo	place=hamlet	-7.9803719	43.6252517
node	11946315773	hilltop_settlement	O Sisto	place=hamlet	-8.1786231	43.5684589
node	11949306875	hilltop_settlement	Ribeira do Coto	place=hamlet	-8.1554896	43.5072734
node	13374223178	hilltop_settlement	O Alto de Simou	place=hamlet	-8.2549579	43.4435089
node	11923455857	hilltop_settlement	O Someiro	place=hamlet	-8.1078499	43.4490458
node	11918617907	hilltop_settlement	As Arangas	place=hamlet	-8.1921809	43.4518913
node	7245985586	hilltop_settlement	Bazón	place=hamlet	-8.1241399	43.5225942
node	6352478923	hilltop_settlement	Vigo	place=hamlet	-8.0184638	43.5335971
node	11916808653	hilltop_settlement	O Cando	place=isolated_dwelling	-7.9855183	43.4830304
node	6340071091	hilltop_settlement	Redemuíños	place=hamlet	-8.0504973	43.6397547
node	6342055719	hilltop_settlement	Golmar	place=hamlet	-8.0560347	43.6886059
node	11927131610	hilltop_settlement	A Venda	place=hamlet	-8.1764573	43.534158
node	11916808639	hilltop_settlement	A Pena da Meda	place=hamlet	-7.9872973	43.4880799
node	12473344758	hilltop_settlement	A Regueira	place=hamlet	-8.2204124	43.4496012
node	6352478930	hilltop_settlement	Armenteiro de Abaixo	place=hamlet	-7.9967146	43.5503813
node	413409602	hilltop_settlement	Valdoviño	place=village	-8.143537	43.6068643
node	11920842648	hilltop_settlement	Maiobre	place=hamlet	-8.2651953	43.4339211
node	11945327069	hilltop_settlement	Donelle	place=hamlet	-8.1013589	43.5917349
node	6152659451	hilltop_settlement	Vilar de Mouros	place=hamlet	-8.0747592	43.464551
node	4885773796	hilltop_settlement	A Barca de Abaixo	place=hamlet	-8.2579509	43.4909228
node	3218956087	hilltop_settlement	Veriño de Abaixo	place=hamlet	-8.0302373	43.674133
node	11927021790	hilltop_settlement	Beleicón	place=hamlet	-8.2141022	43.5048944
node	10269243859	hilltop_settlement	A Rabadeña	place=hamlet	-8.1481466	43.487951
node	11920451864	hilltop_settlement	O Poulo	place=hamlet	-8.0183855	43.4389255
node	10255052558	hilltop_settlement	A Toeleira	place=hamlet	-8.1520742	43.5104844
node	11917857792	hilltop_settlement	Ardariz	place=hamlet	-8.0849594	43.5588367
node	3218956074	hilltop_settlement	O Barral	place=hamlet	-8.0349062	43.6749601
node	11948916695	hilltop_settlement	Bacorelle	place=hamlet	-8.1391329	43.6184311
node	12647385017	hilltop_settlement	A Freixa	place=isolated_dwelling	-7.9518736	43.5730451
node	4102248397	hilltop_settlement	As Penas	place=hamlet	-8.290853	43.4431873
node	10572338700	hilltop_settlement	A Gabeira	place=hamlet	-8.1016575	43.6444548
node	4984041377	hilltop_settlement	Os Carballiños	place=hamlet	-8.0952067	43.5436948
node	12461143372	hilltop_settlement	O Vilar	place=hamlet	-8.2965318	43.5435294
node	6351040832	hilltop_settlement	O Coto	place=hamlet	-7.9756014	43.5893207
node	11916691705	hilltop_settlement	O Chao do Rosoiro	place=hamlet	-7.9818773	43.5180734
node	9900190395	hilltop_settlement	Padín	place=hamlet	-8.1876044	43.5887376
node	10568496481	hilltop_settlement	Frádegas	place=hamlet	-8.0904158	43.6390327
node	11916691684	hilltop_settlement	Caínce	place=hamlet	-7.9916848	43.5063048
node	6152659454	hilltop_settlement	O Campo	place=hamlet	-8.0518232	43.451519
node	11918054856	hilltop_settlement	A Ferraría	place=hamlet	-8.0811651	43.496079
node	11923551846	hilltop_settlement	A Torre	place=hamlet	-8.1703296	43.423568
node	11948916706	hilltop_settlement	A Gándara	place=isolated_dwelling	-8.1428147	43.591373
node	6351040824	hilltop_settlement	Leboriz	place=hamlet	-8.0229988	43.5881653
node	11920656474	hilltop_settlement	O Vilar	place=hamlet	-8.2247266	43.4423076
node	6351040818	hilltop_settlement	Vilariño	place=hamlet	-8.0224501	43.5908483
node	10288198371	hilltop_settlement	A Lóngara	place=hamlet	-8.1579042	43.5907617
node	11946070639	hilltop_settlement	O Pereiro	place=hamlet	-8.0563969	43.6027234
node	11327563792	hilltop_settlement	A Chabola	place=hamlet	-8.071918	43.4604754
node	5812559890	hilltop_settlement	San Ramón	place=village	-8.015013	43.5631753
node	11916691686	hilltop_settlement	A Castiñeira	place=hamlet	-8.0355826	43.5283297
node	9602736014	hilltop_settlement	Bustelo	place=hamlet	-8.2376571	43.5161662
node	11916808628	hilltop_settlement	A Ermida	place=hamlet	-7.9994686	43.4817335
node	6352478921	hilltop_settlement	Casalousada	place=hamlet	-8.022134	43.5396166
node	6340071285	hilltop_settlement	Santallamar	place=hamlet	-8.0514861	43.6458939
node	10310474829	hilltop_settlement	O Feal	place=hamlet	-8.1342587	43.4405959
node	6240128650	hilltop_settlement	O Porto do Cabo	place=hamlet	-8.0399985	43.6264103
node	6152659447	hilltop_settlement	Fiúnte	place=hamlet	-8.0594281	43.4529782
node	11948916699	hilltop_settlement	A Carreira	place=hamlet	-8.1381049	43.6047943
node	11948543161	hilltop_settlement	A Barreira	place=hamlet	-8.1050155	43.6391357
node	12473344746	hilltop_settlement	Boado	place=hamlet	-8.2056759	43.4517984
node	3218956077	hilltop_settlement	O Canaval	place=hamlet	-8.0325107	43.6747994
node	9863599663	hilltop_settlement	As Folgueiras	place=hamlet	-8.0483776	43.6233202
node	11931754833	hilltop_settlement	O Cotelo	place=hamlet	-8.1057802	43.5393608
node	6342055746	hilltop_settlement	Sobolocovo	place=hamlet	-8.0421431	43.6875387
node	11948916727	hilltop_settlement	A Vacariza	place=hamlet	-8.1322079	43.5733096
node	10259177012	hilltop_settlement	Os Alcallás	place=hamlet	-8.1364589	43.5083469
node	11922908042	hilltop_settlement	A Lagoa	place=hamlet	-8.1081226	43.4354273
node	13374241649	hilltop_settlement	Mariña do Pombal	place=hamlet	-8.2131778	43.4296452
node	9870656055	hilltop_settlement	As Ferrerías	place=hamlet	-8.080842	43.6335169
node	11918074469	hilltop_settlement	O Pousadoiro	place=hamlet	-8.0711135	43.4848723
node	10284347239	hilltop_settlement	O Pedrón	place=hamlet	-8.1500751	43.4577604
node	10310474815	hilltop_settlement	O Salto de Baixo	place=hamlet	-8.1346086	43.4336792
node	10251476284	hilltop_settlement	As Casas Novas	place=hamlet	-8.1345941	43.5864738
node	4984031818	hilltop_settlement	O Mosteiro	place=hamlet	-8.1088916	43.537513
node	11916808630	hilltop_settlement	A Fraguela	place=hamlet	-8.0172094	43.4974965
node	4886556336	hilltop_settlement	Vilar	place=hamlet	-8.3053266	43.4968446
node	6343863113	hilltop_settlement	Becerroi	place=hamlet	-8.001583	43.6191079
node	4984041391	hilltop_settlement	O Río da Lousa	place=hamlet	-8.1491134	43.5555292
node	4827159161	hilltop_settlement	Os Sobecos	place=hamlet	-8.1807573	43.5372078
node	13374223176	hilltop_settlement	O Pombal	place=hamlet	-8.2441869	43.4381964
node	11933957146	hilltop_settlement	A Pedreira	place=hamlet	-8.1536722	43.5417229
node	3218957992	hilltop_settlement	Eiravedra	place=hamlet	-8.035105	43.6765739
node	6295576931	hilltop_settlement	Santa Cristina	place=hamlet	-7.9753759	43.5075193
node	6340579481	hilltop_settlement	O Pereiro	place=hamlet	-8.0372215	43.6605679
node	3218175762	hilltop_settlement	Muruxás	place=hamlet	-7.9701923	43.6590663
node	9870656016	hilltop_settlement	Ianes	place=hamlet	-8.077668	43.6317974
node	6152659347	hilltop_settlement	Guillurfe	place=hamlet	-8.0821778	43.4514397
node	3218175361	hilltop_settlement	A Cheda de Abaixo	place=hamlet	-7.9765697	43.6443961
node	6152624148	hilltop_settlement	O Seixo	place=hamlet	-8.0209003	43.4398365
node	4888450789	hilltop_settlement	Leiras	place=hamlet	-8.2080419	43.5331353
node	11927021796	hilltop_settlement	O Souto de San Pedro	place=hamlet	-8.2108905	43.5094479
node	11949299560	hilltop_settlement	Casadelos	place=hamlet	-8.1419958	43.5086441
node	6352478901	hilltop_settlement	Riovello	place=hamlet	-8.0132162	43.5525881
node	6352479003	hilltop_settlement	Requiá	place=hamlet	-8.0022425	43.540261
node	6155666255	hilltop_settlement	Vista Alegre	place=hamlet	-7.9846508	43.43399
node	7122788305	hilltop_settlement	Os Muíños	place=hamlet	-7.9612516	43.5045143
node	6342054819	hilltop_settlement	Vilacacín	place=hamlet	-8.0610913	43.6631456
node	4878866136	hilltop_settlement	O Chá da Mariña	place=hamlet	-8.2754456	43.5248908
node	4984011769	hilltop_settlement	A Borrallada	place=hamlet	-8.1393741	43.5435545
node	5079732177	hilltop_settlement	A Porta do Río	place=hamlet	-8.2941989	43.4442151
node	3218175461	hilltop_settlement	A Cheda de Arriba	place=hamlet	-7.9700248	43.6457105
node	10589789731	hilltop_settlement	O Casal	place=hamlet	-8.0806186	43.532247
node	403800230	hilltop_settlement	Cariño	place=hamlet	-8.3164268	43.4716032
node	11916691685	hilltop_settlement	A Camba	place=hamlet	-8.040292	43.5289349
node	6352478915	hilltop_settlement	A Bouza	place=hamlet	-8.0190005	43.5431038
node	3218175863	hilltop_settlement	Portovello	place=hamlet	-7.95234	43.647748
node	4888423194	hilltop_settlement	As Chousas	place=hamlet	-8.2206233	43.5545303
node	11918054851	hilltop_settlement	As Cancelas	place=hamlet	-8.0478205	43.5057766
node	6342055762	hilltop_settlement	Espiñaredo	place=hamlet	-8.025948	43.6980699
node	10301613916	hilltop_settlement	O Pudrical	place=hamlet	-8.1767461	43.4305772
node	12473520770	hilltop_settlement	As Fieiteiras	place=hamlet	-8.2429959	43.4564277
node	11918074487	hilltop_settlement	O Pico	place=hamlet	-8.0679472	43.5034135
node	6340071291	hilltop_settlement	A Marabilla	place=hamlet	-8.0440139	43.651765
node	13908359995	hilltop_settlement	As Agras	place=hamlet	-8.1692781	43.5191995
node	12473316946	hilltop_settlement	O Campo do Río	place=hamlet	-8.2167592	43.4549173
node	12790424802	hilltop_settlement	A Esfondalada	place=isolated_dwelling	-8.0539196	43.51683
node	6337375089	hilltop_settlement	A Ruferta	place=hamlet	-7.9767946	43.651211
node	11945272768	hilltop_settlement	Choupenete	place=hamlet	-8.1062314	43.6038957
node	13374241650	hilltop_settlement	Carballás	place=hamlet	-8.2167174	43.4286592
node	3218222261	hilltop_settlement	A Fraguela	place=hamlet	-7.9668463	43.6586612
node	10588654995	hilltop_settlement	O Outeiro	place=hamlet	-8.0685619	43.5311834
node	13917395066	hilltop_settlement	Santá	place=hamlet	-8.0907778	43.5248899
node	9870655930	hilltop_settlement	Vilelas	place=hamlet	-8.0732489	43.6333101
node	13914610266	hilltop_settlement	Casa do Martuxo	place=isolated_dwelling	-8.2396605	43.56133
node	11107542049	hilltop_settlement	A Lousada	place=hamlet	-8.112517	43.4553976
node	11154448394	hilltop_settlement	O Folgar	place=hamlet	-8.080864	43.6300015
node	11918458054	hilltop_settlement	O Carril	place=hamlet	-8.1948281	43.4632448
node	11931777877	hilltop_settlement	A Braña	place=hamlet	-8.0905222	43.5208839
node	11918458066	hilltop_settlement	Tras do Río	place=hamlet	-8.1905715	43.4624715
node	11917017811	hilltop_settlement	A Ferrecha	place=isolated_dwelling	-8.060096	43.5734035
node	6336516793	hilltop_settlement	Balvís	place=hamlet	-7.9531504	43.6517119
node	11918617905	hilltop_settlement	A Corredoira	place=hamlet	-8.1900948	43.4448444
node	11949306874	hilltop_settlement	O Portádego	place=hamlet	-8.1504544	43.5120689
node	3766266400	hilltop_settlement	As Roibeiras	place=hamlet	-8.2596816	43.4524548
node	11948916721	hilltop_settlement	Postamaior	place=hamlet	-8.1426706	43.6227116
node	11917857807	hilltop_settlement	A Lobeira	place=hamlet	-8.1074946	43.5738501
node	6152624125	hilltop_settlement	Os Calzados	place=hamlet	-8.0455299	43.4560098
node	4121304857	hilltop_settlement	Os Corzás	place=hamlet	-8.2521232	43.4563636
node	10651535586	hilltop_settlement	Riaña	place=hamlet	-8.1807246	43.5783715
node	10269220000	hilltop_settlement	Os Currás	place=hamlet	-8.1499569	43.4965079
node	6152623341	hilltop_settlement	Gunxel	place=hamlet	-8.0593953	43.4251066
node	10310474546	hilltop_settlement	Lodeiro	place=hamlet	-8.1657478	43.4330225
node	6152623782	hilltop_settlement	O Lombo	place=hamlet	-8.0506818	43.4468163
node	6337375131	hilltop_settlement	O Empalme de Arón	place=hamlet	-7.9843548	43.644718
node	12473344768	hilltop_settlement	A Fraga	place=hamlet	-8.211998	43.45465
node	10270515884	hilltop_settlement	O Reboredo	place=hamlet	-8.1349601	43.4699643
node	4984041400	hilltop_settlement	A Borrallada	place=hamlet	-8.1813106	43.5493451
node	4878866138	hilltop_settlement	Lodeiro	place=hamlet	-8.2630931	43.5231778
node	6152624150	hilltop_settlement	Xasén de Riba	place=hamlet	-8.0279846	43.4389404
node	11918054850	hilltop_settlement	Campo Labrado	place=hamlet	-8.0686959	43.509523
node	4826583270	hilltop_settlement	Gadoi	place=hamlet	-8.1844757	43.5292553
node	6340579488	hilltop_settlement	A Area	place=hamlet	-8.0450735	43.6614262
node	10269219985	hilltop_settlement	Nogueirido	place=hamlet	-8.1494961	43.4978473
node	10254097025	hilltop_settlement	Santo Antonio	place=hamlet	-8.1475103	43.5148071
node	10281870265	hilltop_settlement	A Arriba	place=hamlet	-8.1523939	43.4759891
node	4878508179	hilltop_settlement	A Aldea	place=hamlet	-8.2746595	43.54533
node	11933957149	hilltop_settlement	Prados	place=hamlet	-8.1489906	43.5369305
node	3218175663	hilltop_settlement	Regueiro	place=hamlet	-7.9760478	43.649976
node	6155666262	hilltop_settlement	O Pico Vello	place=hamlet	-7.9926211	43.4289485
node	10287005500	hilltop_settlement	O Peón	place=hamlet	-8.1649217	43.4411166
node	11916691691	hilltop_settlement	O Couce da Fraga	place=hamlet	-8.0101448	43.5202174
node	12473344756	hilltop_settlement	A Amora	place=hamlet	-8.2218353	43.4482347
node	4984031813	hilltop_settlement	A Pedra	place=hamlet	-8.1120457	43.5361889
node	11917857797	hilltop_settlement	A Castiñeira	place=hamlet	-8.0880658	43.5877634
node	3218175162	hilltop_settlement	Agrochao	place=isolated_dwelling	-7.9642121	43.639693
node	6354214930	hilltop_settlement	Vilazanche	place=hamlet	-7.9644559	43.5560632
node	11916808654	hilltop_settlement	A Granxa	place=isolated_dwelling	-7.991976	43.4846711
node	10270515970	hilltop_settlement	O Ameneiro	place=hamlet	-8.1247947	43.4648344
node	6342055712	hilltop_settlement	O Cotelo	place=hamlet	-8.0585734	43.6670243
node	6341259984	hilltop_settlement	Tide	place=hamlet	-8.0232196	43.6773536
node	9870655995	hilltop_settlement	O Patronato	place=hamlet	-8.0780064	43.6334632
node	6352478995	hilltop_settlement	O Pereiro	place=hamlet	-7.9973225	43.545851
node	6295276057	hilltop_settlement	A Queira	place=hamlet	-7.9628024	43.5388854
node	10893884952	hilltop_settlement	Os Corrás	place=hamlet	-8.246664	43.496363
node	6352478910	hilltop_settlement	A Valiña de Arriba	place=hamlet	-8.0020399	43.5522708
node	11917017793	hilltop_settlement	Piagolongo	place=hamlet	-8.0285048	43.5386764
node	4880664003	hilltop_settlement	Tralocastro	place=hamlet	-8.2630797	43.5306505
node	6343863099	hilltop_settlement	A Pena	place=hamlet	-7.985524	43.6180116
node	11917017802	hilltop_settlement	A Seara	place=hamlet	-8.0462153	43.5643057
node	6343863098	hilltop_settlement	A Pena de Abaixo	place=hamlet	-7.9870233	43.6172454
node	9383688433	hilltop_settlement	A Fonte da Tella	place=hamlet	-8.3064753	43.5589882
node	6352478991	hilltop_settlement	Cas de Eirido de Abaixo	place=hamlet	-7.9894898	43.5515845
node	11923308572	hilltop_settlement	Porcar	place=hamlet	-8.1183624	43.445058
node	11920842653	hilltop_settlement	Ixobre	place=hamlet	-8.2039011	43.4332766
node	4984083854	hilltop_settlement	Corval	place=hamlet	-8.1999385	43.5625026
node	408401599	hilltop_settlement	Valón	place=hamlet	-8.2719491	43.4967318
node	6336516592	hilltop_settlement	Fragoso	place=hamlet	-7.9924232	43.6602111
node	11918722669	hilltop_settlement	A Xunqueira	place=hamlet	-8.1755717	43.4709481
node	11948005363	hilltop_settlement	O Canteiro	place=hamlet	-8.1737366	43.587218
node	11948006071	hilltop_settlement	O Vilar de Lago	place=hamlet	-8.1436554	43.5730855
node	11918248995	hilltop_settlement	Agra de Abaixo	place=hamlet	-8.0718851	43.5378708
node	6152690693	hilltop_settlement	Cenzoi	place=hamlet	-8.0460156	43.4599036
node	11948555074	hilltop_settlement	O Mouriscal	place=hamlet	-8.0972604	43.6415204
node	13931179782	hilltop_settlement	O Souto da Cana	place=hamlet	-8.240435	43.4483933
node	6340071287	hilltop_settlement	O Corveiral	place=hamlet	-8.0468196	43.6471184
node	10270515883	hilltop_settlement	A Gándara	place=hamlet	-8.1370131	43.4716764
node	10292402376	hilltop_settlement	O Rego da Moa	place=hamlet	-8.1669305	43.4531965
node	11916808646	hilltop_settlement	Solposto	place=hamlet	-8.0114932	43.4890988
node	10276534081	hilltop_settlement	A Fonte do Campo	place=hamlet	-8.1647418	43.4781175
node	11927131607	hilltop_settlement	A Fraga	place=hamlet	-8.1605373	43.526972
node	11916251722	hilltop_settlement	A Corveira	place=hamlet	-8.0251914	43.5640094
node	3856735331	hilltop_settlement	Ardá	place=hamlet	-8.1240749	43.5071049
node	10259177252	hilltop_settlement	Candá	place=hamlet	-8.1180437	43.5029772
node	6351040830	hilltop_settlement	O Seixo	place=hamlet	-7.9802932	43.5890224
node	6295577333	hilltop_settlement	A Toca	place=hamlet	-7.9709809	43.4838382
node	4884504796	hilltop_settlement	Vila da Area	place=hamlet	-8.3107748	43.5162154
node	11918248997	hilltop_settlement	Cornide	place=hamlet	-8.0797134	43.5270662
node	11948916702	hilltop_settlement	A Costeira	place=hamlet	-8.1412185	43.5933675
node	6295276690	hilltop_settlement	Sueiras	place=hamlet	-7.950136	43.5195384
node	10269244036	hilltop_settlement	O Valado	place=hamlet	-8.1482714	43.4810514
node	11918249002	hilltop_settlement	Gunduriz	place=hamlet	-8.0791294	43.5430102
node	3222531261	hilltop_settlement	O Campón	place=hamlet	-7.9941593	43.6529801
node	7245959580	hilltop_settlement	Pielas	place=hamlet	-8.1120507	43.5149052
node	11916808623	hilltop_settlement	A Castiñeira	place=hamlet	-8.0155978	43.4954414
node	13367407123	hilltop_settlement	As Salgueiras	place=hamlet	-8.3019909	43.4474558
node	12647650920	hilltop_settlement	A Trémoa	place=hamlet	-8.0217467	43.5306597
node	11918249008	hilltop_settlement	Raña	place=hamlet	-8.0561919	43.5211127
node	11916808615	hilltop_settlement	Amido	place=hamlet	-7.9767588	43.5118144
node	6152690695	hilltop_settlement	A Graña	place=hamlet	-8.0524709	43.4600436
node	11948555078	hilltop_settlement	A Ramalleira	place=hamlet	-8.1144112	43.6202209
node	6295276688	hilltop_settlement	Coucixoso	place=hamlet	-7.9553834	43.5172752
node	10270515974	hilltop_settlement	A Brea de Sillobre	place=hamlet	-8.1174748	43.4642796
node	10310474876	hilltop_settlement	O Rego	place=hamlet	-8.17936	43.429153
node	10266229702	hilltop_settlement	Lanzós	place=hamlet	-8.1536012	43.5881206
node	6295276053	hilltop_settlement	Trigal	place=hamlet	-7.9547896	43.5278799
node	11918617912	hilltop_settlement	A Brea de Maniños	place=hamlet	-8.1914558	43.4567275
node	11926918438	hilltop_settlement	O Bosque	place=hamlet	-8.2392328	43.4987079
node	4983987212	hilltop_settlement	Cornido	place=hamlet	-8.1757599	43.5053521
node	3222530461	hilltop_settlement	A Penica	place=hamlet	-7.9815108	43.6514486
node	4888434850	hilltop_settlement	O Curro	place=hamlet	-8.2142402	43.5389525
node	11923308574	hilltop_settlement	O Alto	place=hamlet	-8.1409563	43.4360252
node	6152624143	hilltop_settlement	A Teixeira	place=hamlet	-8.0237223	43.4451462
node	5002094713	hilltop_settlement	Longras	place=hamlet	-8.1894201	43.4931111
node	9863599625	hilltop_settlement	O Puntal	place=hamlet	-8.0489021	43.6334659
node	6295576935	hilltop_settlement	O Machuco	place=isolated_dwelling	-7.9749486	43.5040602
node	11949306876	hilltop_settlement	Ribeira de Santa María	place=hamlet	-8.1575216	43.5045653
node	6354214901	hilltop_settlement	O Vilar	place=hamlet	-7.9599484	43.5507964
node	11918795639	hilltop_settlement	A Areosa	place=hamlet	-8.1848431	43.4346394
node	3858742073	hilltop_settlement	O Camiño Grande	place=hamlet	-8.1950891	43.4355085
node	11916691706	hilltop_settlement	San Cristovo	place=hamlet	-7.9937626	43.5118406
node	4984011766	hilltop_settlement	Os Barracós	place=hamlet	-8.153666	43.5198429
node	6295577328	hilltop_settlement	Viñas	place=hamlet	-7.9648881	43.4986278
node	11916691692	hilltop_settlement	As Filgueiras	place=hamlet	-7.9939449	43.5263213
node	6337375598	hilltop_settlement	A Granxa	place=hamlet	-7.9784956	43.6546568
node	7245959577	hilltop_settlement	A Cruz do Pouso	place=hamlet	-8.1233076	43.5104431
node	4888423177	hilltop_settlement	O Grandal	place=hamlet	-8.2174072	43.5621364
node	11935762095	hilltop_settlement	A Lobeira	place=hamlet	-8.1033598	43.4889653
node	4984067702	hilltop_settlement	O Cádavo	place=hamlet	-8.1967343	43.5606489
node	6341261386	hilltop_settlement	Magoira	place=hamlet	-8.0314278	43.6866143
node	13367407135	hilltop_settlement	O Bugallón	place=isolated_dwelling	-8.2701981	43.4451136
node	6340580067	hilltop_settlement	Breixo	place=hamlet	-8.0277771	43.666395
node	11918074478	hilltop_settlement	A Penamoura	place=hamlet	-8.0743792	43.5130996
node	3216728864	hilltop_settlement	Vilela	place=hamlet	-8.0352888	43.6389853
node	11916808651	hilltop_settlement	Supenedo	place=isolated_dwelling	-8.0132852	43.4806158
node	10285604134	hilltop_settlement	Lubián	place=hamlet	-8.1471043	43.4645093
node	6352478922	hilltop_settlement	Piagolongo	place=hamlet	-8.0253234	43.5379795
node	11948916707	hilltop_settlement	O Graño	place=hamlet	-8.1366552	43.6073521
node	10291046226	hilltop_settlement	A Rúa Alta	place=hamlet	-8.1671713	43.4700757
node	6344893406	hilltop_settlement	Casaldaia de Abaixo	place=hamlet	-7.9771354	43.5993994
node	11917017805	hilltop_settlement	Vilanova	place=hamlet	-8.0331347	43.5552535
node	11935781633	hilltop_settlement	O Ladeiro	place=hamlet	-8.1061796	43.4699186
node	6343863149	hilltop_settlement	Casaldegonce	place=hamlet	-7.9973054	43.6399891
node	11916808633	hilltop_settlement	O Lombo	place=hamlet	-8.0181009	43.4926852
node	10271053830	hilltop_settlement	O Pingado	place=isolated_dwelling	-8.1168943	43.4831639
node	7245959573	hilltop_settlement	O Souto	place=hamlet	-8.1088851	43.5146014
node	3218175161	hilltop_settlement	A Calzada	place=hamlet	-7.9801296	43.6481385
node	12535129729	natural_landform		natural=peak	-8.2721777	43.4774933
node	12535089092	natural_landform		natural=peak	-8.1986317	43.4345902
node	12536506965	natural_landform		natural=peak	-8.0728904	43.4771937
node	8004464152	natural_landform	Coto do Rapadoiro	natural=peak	-8.0493338	43.5531216
node	12535129738	natural_landform		natural=peak	-8.258848	43.5187948
node	12535089084	natural_landform		natural=peak	-8.1402483	43.5362096
node	1249961142	natural_landform	Penas Louseiras	natural=peak	-8.0934031	43.476985
node	12536506948	natural_landform		natural=peak	-8.0217528	43.4761749
node	12535154816	natural_landform		natural=peak	-8.270396	43.4878881
node	12535089077	natural_landform		natural=peak	-8.1415727	43.4714274
node	1241618720	natural_landform	Monte Pedroso	natural=peak	-8.2626139	43.5088561
node	13799514116	natural_landform	Penas do Pico	natural=peak	-7.9660536	43.4306376
node	12535154805	natural_landform		natural=peak	-8.3137068	43.4802984
node	12535676087	natural_landform		natural=peak	-8.1879883	43.615003
node	5414397434	natural_landform		natural=peak	-7.9537229	43.7066021
node	8004463976	natural_landform	Monte de Seara	natural=peak	-8.045573	43.5677318
node	12536506947	natural_landform	Pena Daza	natural=peak	-8.0300083	43.4796654
node	12536506946	natural_landform	Monte Racamonde	natural=peak	-8.0355072	43.4824553
node	12535676079	natural_landform		natural=peak	-8.1961428	43.6036531
node	1241626409	natural_landform	Pena da Lama	natural=peak	-8.0806937	43.473108
way	1446973447	natural_landform		natural=cliff	-8.3251758	43.4689562
node	12535089096	natural_landform		natural=peak	-8.2484741	43.4459054
node	8004464245	natural_landform		natural=peak	-7.9655366	43.5581552
node	9119979789	natural_landform		natural=rock	-7.9860483	43.7096646
node	13799488667	natural_landform	Penedo Negro	natural=peak	-8.0628733	43.6713722
node	13799488644	natural_landform	Monte de San Pedro	natural=peak	-8.0334759	43.5998847
node	12536506970	natural_landform		natural=peak	-8.096746	43.4797108
node	13799488654	natural_landform	Porto da Pena	natural=peak	-8.1174277	43.4904824
node	1241638358	natural_landform	Monte de Vilela	natural=peak	-8.2449501	43.5213161
node	12535129742	natural_landform		natural=peak	-8.1565275	43.5278998
node	12535676072	natural_landform		natural=peak	-8.2126878	43.5932139
node	8004464010	natural_landform		natural=peak	-8.1814432	43.62168
node	12535676052	natural_landform		natural=peak	-8.3389974	43.5112327
way	560516684	natural_landform		natural=cliff	-8.1925856	43.6118702
node	8004463996	natural_landform	O Pico	natural=peak	-8.0952957	43.5496972
node	13799514118	natural_landform	Pena da Cruz	natural=peak	-8.0545141	43.4368029
node	12535154806	natural_landform		natural=peak	-8.3210897	43.4759318
node	13799488679	natural_landform	Pico de Ferreira	natural=peak	-8.0234162	43.524899
node	4362648447	natural_landform	Pena Ancha	natural=rock	-8.2544033	43.4660152
node	8928481390	natural_landform		natural=rock	-7.9634276	43.7178834
node	12535676076	natural_landform		natural=peak	-8.2014622	43.5975643
node	12535154820	natural_landform		natural=peak	-8.1448045	43.437508
node	12536506966	natural_landform		natural=peak	-8.0780127	43.4777592
node	12535676045	natural_landform		natural=peak	-8.2119311	43.4240657
node	1241715864	natural_landform	Coto da Modia	natural=peak	-8.2203541	43.5718996
node	12535676058	natural_landform		natural=peak	-8.3253552	43.5288054
way	1286323529	natural_landform		natural=cliff	-8.3160428	43.5674635
node	12535089081	natural_landform		natural=peak	-8.1211854	43.5250504
node	1241727656	natural_landform	Coto de San Xurxo	natural=peak	-8.2885472	43.5130095
node	12535129741	natural_landform		natural=peak	-8.1691903	43.5099842
node	8004463982	natural_landform	Moimentos	natural=peak	-8.076343	43.5427769
node	1241633371	natural_landform	A Lagoa	natural=peak	-8.2882903	43.5211693
node	13799514121	natural_landform	Pico do Ar	natural=peak	-7.9676551	43.436514
node	1241706890	natural_landform	Monte Vello	natural=peak	-8.2743432	43.5183889
way	1286323526	natural_landform		natural=cliff	-8.310764	43.5673429
node	13799488645	natural_landform	Pena Maior	natural=peak	-7.9687069	43.6282636
node	3796998537	natural_landform	Alto de Marraxón	natural=peak	-8.1362049	43.4886048
way	663277597	natural_landform		natural=cliff	-8.255859	43.4201369
node	13799488648	natural_landform	Pena da Aguia	natural=peak	-8.0044884	43.6632761
node	12535676068	natural_landform	Alto de Campelo	natural=peak	-8.2059295	43.592751
node	12535676085	natural_landform		natural=peak	-8.1912135	43.6127377
node	1241723699	natural_landform	Coto do Gato	natural=peak	-8.2989813	43.4740588
node	4566893343	natural_landform	Monte da Cha	natural=peak	-8.2888238	43.484974
node	1241626813	natural_landform	Pena Loureiro	natural=peak	-8.3043367	43.4796422
node	1241639601	natural_landform	Pena da Cruz	natural=peak	-8.063859	43.4728428
node	13799488657	natural_landform	Penedo de San Xoán	natural=peak	-8.084629	43.4267834
node	12535154826	natural_landform		natural=peak	-8.1824491	43.4238026
node	12535676065	natural_landform		natural=peak	-8.2362566	43.5725793
node	8004464018	natural_landform	Coto da Pena Longa	natural=peak	-8.1847878	43.6164604
way	1446973445	natural_landform		natural=cliff	-8.3374717	43.4614218
node	12535089085	natural_landform		natural=peak	-8.1417095	43.5383206
node	12535676084	natural_landform		natural=peak	-8.1985518	43.6106355
node	12535129730	natural_landform		natural=peak	-8.2696152	43.4761507
node	1241708871	natural_landform	Pena da Rama	natural=peak	-8.0472373	43.4860451
node	12535089094	natural_landform		natural=peak	-8.2219553	43.455066
node	1241636807	natural_landform	Monte Painceira	natural=peak	-8.233845	43.5499535
node	8004464057	natural_landform	Coto do Vilar	natural=peak	-8.1460319	43.5661162
node	12535089078	natural_landform		natural=peak	-8.1217538	43.4676703
node	12535676038	natural_landform		natural=peak	-8.1750679	43.4388981
node	1241628198	natural_landform	Os Rocís	natural=peak	-8.1303291	43.4630544
node	5414397432	natural_landform		natural=peak	-7.9675831	43.7062279
way	663277599	natural_landform		natural=cliff	-8.2529929	43.4211763
node	12535129736	natural_landform		natural=peak	-8.2631151	43.5128856
node	12536506961	natural_landform		natural=peak	-8.0408142	43.4741629
node	13799488669	natural_landform	Pico do Rei	natural=peak	-7.9808186	43.4667062
node	8004464255	natural_landform	Pena da Senra	natural=peak	-7.9514493	43.5612102
node	13799514115	natural_landform	Pena da Bandeira	natural=peak	-7.9563636	43.4244301
way	1132063094	natural_landform	Pena Filloeira	natural=rock	-8.0445726	43.4854991
node	12535676056	natural_landform		natural=peak	-8.3251943	43.5222727
node	1241619445	natural_landform	Alto da Vesura	natural=peak	-8.0414486	43.4842983
node	3796990593	natural_landform	O Monte Ventoso	natural=peak	-8.3177192	43.4804453
node	12535154825	natural_landform		natural=peak	-8.1807767	43.4236403
node	1241707872	natural_landform	Monte de Ancos	natural=peak	-8.138139	43.5152217
node	12535089082	natural_landform	Pena Branca	natural=peak	-8.1299057	43.5304521
node	1241612966	natural_landform	A Cocheira	natural=peak	-8.2638159	43.5346567
node	1249950212	natural_landform	Pena Moura	natural=peak	-8.024908	43.433836
node	12535129727	natural_landform		natural=peak	-8.2032813	43.4838038
way	1286323527	natural_landform		natural=cliff	-8.3148103	43.5684304
node	12535154804	natural_landform	Monte Ventoso	natural=peak	-8.3134898	43.4831065
node	12535089087	natural_landform		natural=peak	-8.1510931	43.54074
node	7250133364	natural_landform	Monte da Louseira	natural=peak	-8.2776168	43.4482344
node	13799488643	natural_landform	O Coto	natural=peak	-8.0306444	43.602688
node	13799488663	natural_landform	Pico da Castiñeira	natural=peak	-8.036812	43.5308078
node	12535676055	natural_landform		natural=peak	-8.3153956	43.5211269
node	12535154801	natural_landform		natural=peak	-8.2906584	43.4681314
node	8004464195	natural_landform		natural=peak	-8.005296	43.5613225
node	12536506949	natural_landform		natural=peak	-8.0547102	43.4879511
node	12535154814	natural_landform	Monte do Coto	natural=peak	-8.2830465	43.4899746
node	12535676067	natural_landform		natural=peak	-8.230015	43.5749951
node	1241719523	natural_landform	O Peñón	natural=peak	-8.2565688	43.5477185
node	5026590160	natural_landform	O Cabalo	natural=rock	-8.2929495	43.4559741
node	5026590172	natural_landform	A Cercada	natural=rock	-8.3117953	43.4513929
node	8004464233	natural_landform	Pena da Cabra	natural=peak	-7.9773689	43.555576
node	12536506967	natural_landform	O Picoto	natural=peak	-8.0723387	43.4684492
way	1446973446	natural_landform		natural=cliff	-8.3300668	43.4648709
node	1241618573	natural_landform	Monte Sabugueiro	natural=peak	-8.2454292	43.5451416
node	13799514119	natural_landform	Pena da Lomba	natural=peak	-8.0305255	43.4231989
node	4888393342	natural_landform		natural=peak	-8.2516625	43.5492252
node	12536506960	natural_landform		natural=peak	-8.0249576	43.4693905
node	12535129733	natural_landform		natural=peak	-8.269587	43.4993971
way	523497868	natural_landform		natural=rock	-8.0720564	43.657912
node	12535154813	natural_landform		natural=peak	-8.2830443	43.4923883
node	1241712415	natural_landform	Coto Salgueiros	natural=peak	-8.31711	43.5081275
node	13799488666	natural_landform	Outeiro de Miseñora	natural=peak	-8.0691857	43.6488665
node	12535089076	natural_landform		natural=peak	-8.174356	43.4517669
node	12535676062	natural_landform		natural=peak	-8.2491192	43.5651978
node	12535676082	natural_landform		natural=peak	-8.1975927	43.6123088
node	13799488661	natural_landform	O Penedo	natural=peak	-8.0844288	43.4449106
node	12535154810	natural_landform		natural=peak	-8.2919184	43.5042223
node	12535089090	natural_landform		natural=peak	-8.1274648	43.4588354
node	8004464157	natural_landform		natural=peak	-8.0475594	43.5553442
node	12535129735	natural_landform		natural=peak	-8.2521936	43.4915983
node	1241618831	natural_landform	Piñeiro Alto	natural=peak	-8.1163513	43.5080168
node	13799488670	natural_landform	Pena dos Monteiros	natural=peak	-7.9833897	43.4575733
node	13799488668	natural_landform	Pico Ventoso	natural=peak	-8.0103469	43.4560277
node	12535676081	natural_landform		natural=peak	-8.1962074	43.6105852
node	4823148591	natural_landform	O Casal	natural=peak	-8.1201111	43.5567007
node	13799488664	natural_landform	Coto das Penas	natural=peak	-8.0584867	43.539122
node	8004464180	natural_landform		natural=peak	-8.0196364	43.5570069
node	12535129739	natural_landform		natural=peak	-8.2497949	43.5280317
node	12536506962	natural_landform		natural=peak	-8.0536581	43.4761875
node	12536506969	natural_landform		natural=peak	-8.097384	43.477335
node	3767009470	natural_landform	A Moa do Segaño	natural=rock	-8.3114653	43.4548982
node	8004463968	natural_landform		natural=peak	-8.0486368	43.5731154
node	5026590170	natural_landform	Rabo Pequeno	natural=rock	-8.3131754	43.4540751
node	4888423165	natural_landform	Coto das Penas	natural=peak	-8.2179627	43.5739057
node	13799488665	natural_landform	Alto Ventoso	natural=peak	-8.0547115	43.6155479
node	12535154809	natural_landform		natural=peak	-8.2968791	43.5054718
node	12535676071	natural_landform		natural=peak	-8.2109916	43.595042
node	13799488660	natural_landform	Pico de Timiraos	natural=peak	-8.1248537	43.6052496
node	12535676073	natural_landform		natural=peak	-8.215128	43.593866
node	8004464000	natural_landform	Monte do Pedroso	natural=peak	-8.0962728	43.5522496
node	12535676060	natural_landform		natural=peak	-8.2680688	43.5218656
node	12535676090	natural_landform		natural=peak	-8.1894039	43.6186541
node	1241616598	natural_landform	Pena do Acivro	natural=peak	-8.1244137	43.4380107
node	12535676063	natural_landform		natural=peak	-8.2455935	43.5667484
node	12535129731	natural_landform		natural=peak	-8.2968432	43.4850402
node	12535676057	natural_landform		natural=peak	-8.3235297	43.5254979
node	13799488647	natural_landform	Pico Reboredo	natural=peak	-7.9948423	43.6905154
node	1241610466	natural_landform	Monte do Rei	natural=peak	-8.1399562	43.5178869
way	1435271545	natural_landform		natural=cliff	-8.3084881	43.5647129
node	12535676049	natural_landform		natural=peak	-8.315384	43.4462075
node	13799488658	natural_landform	Alto da Serra	natural=peak	-8.0867548	43.4361057
node	1241628822	natural_landform	Montes dos Marcos	natural=peak	-8.1295657	43.4490296
node	13799514117	natural_landform	Pena Grande	natural=peak	-8.0771174	43.4300332
way	663277594	natural_landform		natural=cliff	-8.2572198	43.4212909
node	12535676080	natural_landform		natural=peak	-8.1925924	43.6081739
node	1241617919	natural_landform	O Pico	natural=peak	-8.2583086	43.4980696
node	8004464191	natural_landform		natural=peak	-8.0089537	43.5605283
node	8004464040	natural_landform	A Lameira	natural=peak	-8.1829414	43.5837568
node	1241711448	natural_landform	Coto de Vilasuso	natural=peak	-8.2240591	43.5681735
node	12535154815	natural_landform		natural=peak	-8.2756514	43.4932944
node	1241617518	natural_landform	Pena Sarnoso	natural=peak	-8.0605457	43.4745832
node	5414397430	natural_landform	Serra da Capelada	natural=peak	-7.9521408	43.7197982
node	8928481395	natural_landform		natural=rock	-7.9656867	43.7183375
node	8004464172	natural_landform	Penarrachada	natural=peak	-8.0242712	43.5543083
node	12535154811	natural_landform		natural=peak	-8.3140455	43.5164648
node	12536506968	natural_landform		natural=peak	-8.0837033	43.467868
node	12535089100	natural_landform		natural=peak	-8.2967306	43.4630373
node	12535154817	natural_landform		natural=peak	-8.2669842	43.4933723
node	13799488662	natural_landform	Pena do Escoitadoiro	natural=peak	-8.0271742	43.4839031
node	12535154821	natural_landform		natural=peak	-8.121052	43.4297579
node	12535129737	natural_landform		natural=peak	-8.2703099	43.5085714
node	1241713949	natural_landform	Monte Reizás	natural=peak	-8.2523619	43.5098889
node	5026590163	natural_landform	Pedra do Caldeiro	natural=rock	-8.29833	43.4550939
node	6165997494	natural_landform	O Boi de Terra	natural=rock	-8.2755729	43.4330588
node	13799514120	natural_landform	Pico Piñeiro	natural=peak	-8.0388729	43.4357127
node	1249953182	natural_landform	Pena do Raposo	natural=peak	-8.154617	43.4255773
node	12535676086	natural_landform		natural=peak	-8.1892747	43.6132445
node	1241635449	natural_landform	O Lodeiro	natural=peak	-8.1506189	43.4607677
node	8004464223	natural_landform	O Coto	natural=peak	-7.9845151	43.5600391
node	1241635288	natural_landform	A Espiñeira	natural=peak	-8.1346072	43.4549459
node	1241725533	natural_landform	O Lugarexo	natural=peak	-8.1419868	43.4581527
node	8004464208	natural_landform	Pena de Xacín	natural=peak	-7.9958739	43.5576444
node	1249943553	natural_landform	Pena da Moa	natural=peak	-8.0741802	43.4754642
node	12535676069	natural_landform		natural=peak	-8.2108125	43.5961146
node	12536506964	natural_landform		natural=peak	-8.0744718	43.4726685
node	8004464138	natural_landform	Pena do Lagarto	natural=peak	-8.0505222	43.5665946
node	12535089083	natural_landform	Pena dos Gatos	natural=peak	-8.1353569	43.5322609
node	12535676074	natural_landform	Pena Branca	natural=peak	-8.2155874	43.5918686
node	12535154802	natural_landform		natural=peak	-8.3016929	43.4813033
node	12535154812	natural_landform		natural=peak	-8.3128158	43.5045693
node	12535089079	natural_landform	Pename	natural=peak	-8.1388406	43.498468
node	4888393330	natural_landform		natural=peak	-8.233774	43.5456034
node	8004464198	natural_landform		natural=peak	-8.0022854	43.565322
node	12536506972	natural_landform		natural=peak	-8.1283792	43.4726382
node	5026590167	natural_landform	A Pedra Xesta	natural=rock	-8.3070186	43.4543603
node	8004464017	natural_landform		natural=peak	-8.1839197	43.6173649
node	3784403657	natural_landform	Fontandión	natural=peak	-7.9957739	43.4227656
node	8004464174	natural_landform		natural=peak	-8.0227923	43.554471
node	13799488642	natural_landform	Coto dos Quintos	natural=peak	-8.0208562	43.6043379
node	13799488655	natural_landform	Pena Moura	natural=peak	-8.128865	43.5791135
node	1241717922	natural_landform	Bico da Gurita	natural=peak	-8.291807	43.4644667
node	12535089097	natural_landform		natural=peak	-8.2603296	43.4434189
node	4888393331	natural_landform	Pena Grande	natural=peak	-8.2381691	43.5534497
node	12535154803	natural_landform		natural=peak	-8.303437	43.4780049
node	8004464239	natural_landform		natural=peak	-7.9714655	43.5552078
node	13799488672	natural_landform	Pena do Cabalo	natural=peak	-8.0018284	43.4955364
node	1241622085	natural_landform	Montes da Lagoa	natural=peak	-8.2336209	43.5650187
node	1241721291	natural_landform	Pena do Convento	natural=peak	-8.0444713	43.4739126
node	1249960767	natural_landform	Pena Cabalgada	natural=peak	-7.9788955	43.4872453
node	12535154819	natural_landform		natural=peak	-8.2627301	43.4921203
node	12053699257	natural_landform	A Pena dos Tres Pés	natural=rock	-7.9976774	43.4733928
way	663277592	natural_landform		natural=cliff	-8.2579072	43.4230789
node	12535676061	natural_landform		natural=peak	-8.2764524	43.5369311
node	1241706295	natural_landform	O Couce	natural=peak	-8.1183119	43.4764844
node	1241706487	natural_landform	Monte de Pedras Boas	natural=peak	-8.3310362	43.4784309
node	1241634420	natural_landform	Pena Leboreira	natural=peak	-8.3203196	43.5095976
node	5026635182	natural_landform	Pelouro Alto de Sobre o Mar	natural=rock	-8.2909725	43.4366763
node	13799488659	natural_landform	Pico da Mariña	natural=peak	-8.0915301	43.4364143
node	1241710155	natural_landform	Coto das Modias	natural=peak	-8.1339819	43.4590547
node	12535129732	natural_landform		natural=peak	-8.2644833	43.4951388
node	1241708140	natural_landform	A Painceira	natural=peak	-8.1268555	43.4341898
node	12535676053	natural_landform		natural=peak	-8.3375306	43.5108639
way	864718969	modern_infrastructure		highway=residential;junction=roundabout	-8.2374496	43.4876341
node	2033355686	modern_infrastructure		power=tower	-8.1611786	43.4969682
way	1167107810	modern_infrastructure		highway=secondary;junction=roundabout;surface=asphalt	-8.2310316	43.4932206
node	1807937381	modern_infrastructure		power=tower	-8.1268011	43.4486835
node	2308157006	modern_infrastructure		power=tower	-8.2154549	43.4496098
node	1994566227	modern_infrastructure		power=tower	-8.035925	43.6237229
way	1341267061	modern_infrastructure		highway=secondary;junction=roundabout;surface=asphalt	-8.2104266	43.5461786
node	1996907309	modern_infrastructure		power=tower	-8.0628209	43.4881302
node	2130999719	modern_infrastructure		power=tower	-8.1779951	43.4371591
way	158290719	modern_infrastructure		highway=tertiary;junction=roundabout;surface=asphalt	-8.2048046	43.4416029
node	1808003450	modern_infrastructure		power=tower	-8.0991395	43.4401987
way	237692354	modern_infrastructure		highway=trunk;junction=roundabout;surface=asphalt	-8.1931171	43.5147389
way	1201538727	modern_infrastructure		highway=trunk;junction=roundabout;surface=asphalt	-8.2076445	43.4898692
way	440091639	modern_infrastructure		highway=residential;junction=roundabout;surface=asphalt	-8.2256258	43.4901438
node	1806759943	modern_infrastructure		power=tower	-8.1270996	43.5082626
way	158290721	modern_infrastructure		highway=tertiary;junction=roundabout;surface=asphalt	-8.1947083	43.4457764
node	1751773732	modern_infrastructure		power=tower	-8.1730019	43.4995506
node	1806759920	modern_infrastructure		power=tower	-8.115204	43.5108032
node	2475749338	modern_infrastructure		power=tower	-8.1738057	43.509771
way	76765853	modern_infrastructure		highway=residential;junction=roundabout;surface=asphalt	-8.2114716	43.4897563
way	700166642	modern_infrastructure		highway=secondary;junction=roundabout;surface=asphalt	-8.2481599	43.4944837
way	1442221146	modern_infrastructure		highway=trunk;junction=roundabout;surface=asphalt	-8.2014915	43.4873555
way	24897511	modern_infrastructure		highway=primary;junction=roundabout	-8.1499634	43.5960139
node	2308158013	modern_infrastructure		power=tower	-8.1885685	43.4373877
node	1806778931	modern_infrastructure		power=tower	-8.0885992	43.5318317
node	1806778933	modern_infrastructure		power=tower	-8.0964903	43.5283955
node	1714423014	modern_infrastructure		power=tower	-8.2272381	43.4907279
node	1996907303	modern_infrastructure		power=tower	-8.0488666	43.4791797
way	132694628	modern_infrastructure		highway=primary;junction=roundabout;surface=asphalt	-8.1880826	43.5192289
node	2096899179	modern_infrastructure		power=tower	-8.1384536	43.5998217
node	1718535613	modern_infrastructure		power=tower	-8.2232757	43.4942803
node	1718628119	modern_infrastructure		power=tower	-8.1768761	43.5069928
node	2096602356	modern_infrastructure		power=tower	-8.1335541	43.5818382
node	1994554086	modern_infrastructure		power=tower	-7.9508211	43.715504
node	1707829140	modern_infrastructure		power=tower	-8.1937201	43.4848048
node	2698036718	modern_infrastructure		power=tower	-8.1225965	43.4834922
node	2118475772	modern_infrastructure		power=tower	-7.9709582	43.4204268
node	1815847327	modern_infrastructure		power=tower	-8.2784676	43.5008383
node	1707832325	modern_infrastructure		power=tower	-8.1926204	43.4831915
node	1996907287	modern_infrastructure		power=tower	-8.0151801	43.4574501
node	1994554077	modern_infrastructure		power=tower	-7.9597947	43.7040037
node	1815811614	modern_infrastructure		power=tower	-8.2928067	43.4872352
way	660156868	modern_infrastructure		building=yes;man_made=storage_tank	-8.2340526	43.4606526
node	2106316574	modern_infrastructure		power=tower	-8.0766009	43.6303856
way	11975374	modern_infrastructure		highway=trunk;junction=roundabout;surface=asphalt	-8.2116803	43.493106
node	2096672219	modern_infrastructure		power=tower	-8.0757176	43.5932617
way	32212483	modern_infrastructure		highway=residential;junction=roundabout;surface=asphalt	-8.2008603	43.4983544
node	1807949017	modern_infrastructure		power=tower	-8.1525611	43.4677617
node	1994554047	modern_infrastructure		power=tower	-7.9553683	43.6899374
way	174189480	modern_infrastructure		highway=tertiary;junction=roundabout	-8.2395264	43.4505028
node	1806763479	modern_infrastructure		power=tower	-8.0354271	43.5034886
way	1201538726	modern_infrastructure		highway=tertiary;junction=roundabout;surface=asphalt	-8.2000877	43.4883224
node	1808003442	modern_infrastructure		power=tower	-8.0851277	43.432112
node	1994554069	modern_infrastructure		power=tower	-7.9655215	43.6949075
way	948457957	modern_infrastructure	DP-7603	highway=proposed;junction=roundabout	-8.074053	43.5412305
node	1994566173	modern_infrastructure		power=tower	-7.9683197	43.6037011
node	1806763310	modern_infrastructure		power=tower	-8.0711005	43.5115035
way	102474483	modern_infrastructure		highway=residential;junction=roundabout;surface=asphalt	-8.2147344	43.4849057
node	1807939337	modern_infrastructure		power=tower	-8.1177862	43.4496046
way	11659210	modern_infrastructure		highway=trunk;junction=roundabout;surface=asphalt	-8.2482329	43.4854085
node	1806763475	modern_infrastructure		power=tower	-8.0525423	43.5068075
way	16542648	modern_infrastructure		highway=residential;junction=roundabout;surface=asphalt	-8.2066896	43.4811369
node	1997734532	modern_infrastructure		power=tower	-8.086455	43.6157031
node	1807949034	modern_infrastructure		power=tower	-8.1577324	43.4803824
node	1807949037	modern_infrastructure		power=tower	-8.1473603	43.4621084
way	184485378	modern_infrastructure		highway=residential;junction=roundabout;surface=asphalt	-8.2213511	43.4954075
way	188591533	modern_infrastructure		highway=residential;junction=roundabout;surface=asphalt	-8.2150385	43.4876499
node	2099132116	modern_infrastructure		power=tower	-8.1280981	43.5641702
node	1996907266	modern_infrastructure		power=tower	-7.9986488	43.4401881
way	669747636	modern_infrastructure		highway=service;junction=roundabout	-8.2272763	43.479286
node	2096672176	modern_infrastructure		power=tower	-8.0772813	43.5929723
way	864502103	modern_infrastructure		highway=secondary;junction=roundabout;surface=asphalt	-8.2448506	43.4985981
node	2308157008	modern_infrastructure		power=tower	-8.2175336	43.4516349
way	1312839171	modern_infrastructure		highway=primary;junction=roundabout;surface=asphalt	-8.1864923	43.5241823
way	776560714	modern_infrastructure		building=yes;man_made=storage_tank	-8.2471277	43.4828411
node	2096831775	modern_infrastructure		power=tower	-8.0983637	43.5759181
way	33181867	modern_infrastructure	Rúa dos Carboeiros	highway=unclassified;junction=roundabout	-8.2086478	43.5409937
node	1996907305	modern_infrastructure		power=tower	-8.0564198	43.4838445
node	13785260981	modern_infrastructure		power=tower	-8.1117354	43.4872268
way	1099417995	modern_infrastructure		building=house;man_made=storage_tank	-8.0715898	43.5423986
way	23799761	modern_infrastructure		highway=primary;junction=roundabout;surface=asphalt	-8.1681134	43.5165569
way	33181881	modern_infrastructure		highway=trunk;junction=roundabout	-8.1957896	43.539158
node	1815811613	modern_infrastructure		power=tower	-8.2999038	43.4848046
node	2096602321	modern_infrastructure		power=tower	-8.1351071	43.5817507
node	2096899188	modern_infrastructure		power=tower	-8.1359377	43.6004976
node	1994566160	modern_infrastructure		power=tower	-7.9830226	43.5921269
way	1421386563	modern_infrastructure		highway=tertiary;junction=roundabout	-8.1446456	43.6103284
node	2033363916	modern_infrastructure		power=tower	-8.1668673	43.4822894
node	1807920333	modern_infrastructure		power=tower	-8.1502705	43.4386212
node	2118475702	modern_infrastructure		power=tower	-7.9668732	43.4211106
way	865173022	modern_infrastructure		highway=secondary;junction=roundabout;surface=asphalt	-8.2424297	43.4905239
node	1807978786	modern_infrastructure		power=tower	-8.1123253	43.447412
node	1996907324	modern_infrastructure		power=tower	-8.0993396	43.5067523
node	1996907286	modern_infrastructure		power=tower	-8.013827	43.4559297
node	2096672157	modern_infrastructure		power=tower	-8.0548044	43.596127
node	1806763305	modern_infrastructure		power=tower	-8.071897	43.5105135
way	170403306	modern_infrastructure		building=yes;man_made=storage_tank	-8.2391407	43.4608967
node	4979618740	modern_infrastructure		power=tower	-8.1293016	43.4686885
way	660156878	modern_infrastructure		building=yes;man_made=storage_tank	-8.2355459	43.4616188
node	1807949082	modern_infrastructure		power=tower	-8.1339948	43.4559619
node	1996907280	modern_infrastructure		power=tower	-8.0053071	43.446677
node	1808003459	modern_infrastructure		power=tower	-8.0627714	43.4232431
node	2203549250	modern_infrastructure		power=tower	-7.9734356	43.4821567
node	1996907306	modern_infrastructure		power=tower	-8.0583968	43.4850379
node	3360437852	modern_infrastructure		power=tower	-7.9901696	43.6259764
node	1994554075	modern_infrastructure		power=tower	-7.9622928	43.7017096
node	2099132121	modern_infrastructure		power=tower	-8.126529	43.5649593
node	1707829982	modern_infrastructure		power=tower	-8.191724	43.4815816
node	1806788517	modern_infrastructure		power=tower	-8.008406	43.5766149
way	16542353	modern_infrastructure		highway=trunk;junction=roundabout;surface=asphalt	-8.1973878	43.4843028
node	2106963629	modern_infrastructure		power=tower	-8.0196752	43.6294415
node	2118475762	modern_infrastructure		power=tower	-7.9606156	43.422149
node	1996907317	modern_infrastructure		power=tower	-8.0871657	43.4965426
node	1808003428	modern_infrastructure		power=tower	-8.0871474	43.4329165
node	1718631203	modern_infrastructure		power=tower	-8.1865723	43.5145637
node	1806753754	modern_infrastructure		power=tower	-8.131874	43.5072433
node	1806763476	modern_infrastructure		power=tower	-8.0287645	43.5023154
node	2384323518	modern_infrastructure		power=tower	-8.206371	43.4909477
node	1996907288	modern_infrastructure		power=tower	-8.0171086	43.4594909
node	1996907319	modern_infrastructure		power=tower	-8.0904634	43.4992875
node	1806753766	modern_infrastructure		power=tower	-8.1407575	43.5062258
node	1807966572	modern_infrastructure		power=tower	-8.1588669	43.4846562
node	2106963677	modern_infrastructure		power=tower	-8.0041238	43.6268827
node	1808003437	modern_infrastructure		power=tower	-8.1007435	43.4414023
node	1806763307	modern_infrastructure		power=tower	-8.0799866	43.512089
node	1996907301	modern_infrastructure		power=tower	-8.0456237	43.4772173
node	1808003537	modern_infrastructure		power=tower	-8.0959021	43.4378091
node	2118475788	modern_infrastructure		power=tower	-7.9690323	43.4207288
node	1806759935	modern_infrastructure		power=tower	-8.0828191	43.5126162
way	1167109227	modern_infrastructure		highway=secondary;junction=roundabout;surface=asphalt	-8.2514654	43.4940512
node	1806779961	modern_infrastructure		power=tower	-8.0421997	43.5601789
node	1994566170	modern_infrastructure		power=tower	-7.9736445	43.5993764
node	1806765631	modern_infrastructure		power=tower	-8.0672138	43.516349
node	2096836747	modern_infrastructure		power=tower	-8.1052331	43.576106
node	1806765632	modern_infrastructure		power=tower	-8.0701483	43.5126648
node	2106963614	modern_infrastructure		power=tower	-8.0256834	43.6304064
node	2096622969	modern_infrastructure		power=tower	-8.1223746	43.5846768
node	1997734515	modern_infrastructure		power=tower	-8.0775608	43.6197906
way	948457977	modern_infrastructure		highway=proposed;junction=roundabout	-8.0240903	43.5647744
node	1806779189	modern_infrastructure		power=tower	-8.065609	43.5488612
node	2096672214	modern_infrastructure		power=tower	-8.0940237	43.5899884
node	1848299692	modern_infrastructure		power=tower	-8.1630199	43.5130663
node	1808003374	modern_infrastructure		power=tower	-8.1037341	43.4435835
node	1806764973	modern_infrastructure		power=tower	-7.9994372	43.4945503
way	75573354	modern_infrastructure		highway=residential;junction=roundabout;surface=asphalt	-8.2098077	43.5051707
way	24297697	modern_infrastructure		highway=primary;junction=roundabout	-8.1694886	43.4495907
node	1996907334	modern_infrastructure		power=tower	-8.1117094	43.5104422
node	2096672183	modern_infrastructure		power=tower	-8.079639	43.5925857
way	440164299	modern_infrastructure	Rúa Dez do Marzal	highway=residential;junction=roundabout;surface=asphalt	-8.2227828	43.4872512
way	777804155	modern_infrastructure		highway=tertiary;junction=roundabout;surface=asphalt	-8.2847901	43.441272
node	2096899165	modern_infrastructure		power=tower	-8.1398618	43.5994351
node	1807955297	modern_infrastructure		power=tower	-8.1586497	43.4887487
node	2096672154	modern_infrastructure		power=tower	-8.0708252	43.5938095
way	242778041	modern_infrastructure		highway=tertiary;junction=roundabout	-8.2094009	43.4432522
way	757523444	modern_infrastructure	Estrada da Trincheira	highway=trunk;junction=roundabout;surface=asphalt	-8.1872321	43.4933725
node	1806779180	modern_infrastructure		power=tower	-8.078034	43.5396931
way	33910538	modern_infrastructure	Praza de Galicia	highway=primary;junction=roundabout;surface=asphalt	-8.0539159	43.6608468
way	1516365833	modern_infrastructure		highway=residential;junction=roundabout	-8.2305105	43.4917578
node	2106963612	modern_infrastructure		power=tower	-8.0180364	43.6291795
node	1807920336	modern_infrastructure		power=tower	-8.1384366	43.4415834
node	1994554079	modern_infrastructure		power=tower	-7.9551911	43.7080482
node	981251327	modern_infrastructure		power=tower	-8.1568523	43.5065894
node	11778698576	modern_infrastructure		power=tower	-7.9520229	43.6827897
node	1806779964	modern_infrastructure		power=tower	-8.0552164	43.5543865
node	1815811608	modern_infrastructure		power=tower	-8.3053863	43.481537
node	2106963613	modern_infrastructure		power=tower	-8.0374234	43.6350113
node	2033341677	modern_infrastructure		power=tower	-8.1686161	43.4799228
node	4578180788	modern_infrastructure		power=tower	-8.2228393	43.4993009
node	4979618735	modern_infrastructure		power=tower	-8.1246904	43.4784204
way	97416683	modern_infrastructure	Estrada da Trincheira	highway=trunk;junction=roundabout;surface=asphalt	-8.1753556	43.5022052
node	1807955280	modern_infrastructure		power=tower	-8.1566622	43.4941641
node	2096622916	modern_infrastructure		power=tower	-8.1163531	43.5853879
node	1718497535	modern_infrastructure		power=tower	-8.2062839	43.5005494
way	229871012	modern_infrastructure		highway=tertiary;junction=roundabout;surface=unpaved	-8.2182661	43.4468533
node	1808003538	modern_infrastructure		power=tower	-8.080981	43.4304661
way	196479307	modern_infrastructure		highway=unclassified;junction=roundabout;surface=asphalt	-8.2121932	43.5046557
node	1807937391	modern_infrastructure		power=tower	-8.1252616	43.452537
node	1708690729	modern_infrastructure		power=tower	-8.2197751	43.5059824
node	4527137283	modern_infrastructure		man_made=water_tower	-8.2992693	43.4827542
way	862510528	modern_infrastructure	Rotonda de González Llanos	highway=secondary;junction=roundabout;surface=asphalt	-8.2238734	43.4839267
node	2012812128	modern_infrastructure		power=tower	-8.176672	43.5031115
node	1806763472	modern_infrastructure		power=tower	-8.0383909	43.5040703
node	1996907326	modern_infrastructure		power=tower	-8.1035851	43.5088674
node	1996907313	modern_infrastructure		power=tower	-8.077242	43.4921315
node	2096602332	modern_infrastructure		power=tower	-8.1398168	43.58149
node	1798851712	modern_infrastructure		power=tower	-8.1725398	43.4766808
node	1707827976	modern_infrastructure		power=tower	-8.1820842	43.4939738
way	1167104886	modern_infrastructure		highway=residential;junction=roundabout;surface=asphalt	-8.2066194	43.4792833
node	2529966581	modern_infrastructure		power=tower	-8.2762857	43.4474594
node	1996907320	modern_infrastructure		power=tower	-8.0920596	43.5006393
way	1278764154	modern_infrastructure	Glorieta de Caranza	highway=trunk;junction=roundabout;surface=asphalt	-8.2099111	43.4867463
node	1711525530	modern_infrastructure		power=tower	-8.1881212	43.4907464
node	1848299711	modern_infrastructure		power=tower	-8.1668393	43.51031
node	1806763303	modern_infrastructure		power=tower	-8.0635903	43.5089377
node	1708690694	modern_infrastructure		power=tower	-8.2197376	43.507066
node	3360437854	modern_infrastructure		power=tower	-7.9645132	43.6272801
node	2096641446	modern_infrastructure		power=tower	-8.1043689	43.5880922
node	1808003439	modern_infrastructure		power=tower	-8.1049894	43.4445338
node	3360437851	modern_infrastructure		power=tower	-7.9968976	43.6256445
way	17475157	modern_infrastructure		highway=trunk;junction=roundabout	-8.1957696	43.5325637
node	2106963622	modern_infrastructure		power=tower	-8.0081551	43.6275972
node	1718562174	modern_infrastructure		power=tower	-8.2110173	43.5002507
node	2118475753	modern_infrastructure		power=tower	-7.9874806	43.4200566
node	1806764975	modern_infrastructure		power=tower	-8.0031011	43.4963035
node	2203549259	modern_infrastructure		power=tower	-7.9515809	43.4739277
way	169515968	modern_infrastructure		highway=residential;junction=roundabout;surface=asphalt	-8.2053776	43.5045797
node	2096838540	modern_infrastructure		power=tower	-8.1082074	43.5767984
node	1994554071	modern_infrastructure		power=tower	-7.9650311	43.6966489
node	2096672169	modern_infrastructure		power=tower	-8.0839868	43.5918261
node	918298946	modern_infrastructure		power=tower	-8.1666233	43.5084234
node	2307121656	modern_infrastructure		power=tower	-8.1763323	43.5122259
way	700166636	modern_infrastructure		highway=secondary;junction=roundabout;surface=asphalt	-8.2422255	43.488912
way	1341267058	modern_infrastructure		highway=secondary;junction=roundabout;surface=asphalt	-8.2124046	43.5420854
way	24299053	modern_infrastructure		highway=primary;junction=roundabout;surface=asphalt	-8.1893143	43.5151491
node	1806763302	modern_infrastructure		power=tower	-8.0592049	43.5080934
node	2203549249	modern_infrastructure		power=tower	-7.9839847	43.4872088
node	4487762334	modern_infrastructure		man_made=water_tower	-8.2332568	43.4904034
node	1718673575	modern_infrastructure		power=tower	-8.2110265	43.5140958
node	1815446556	modern_infrastructure		power=tower	-8.2146659	43.4820492
node	1708690721	modern_infrastructure		power=tower	-8.2201517	43.5032679
node	1994566152	modern_infrastructure		power=tower	-7.9929247	43.5859761
way	10863573	modern_infrastructure		highway=tertiary;junction=roundabout;surface=asphalt	-8.2179469	43.4969021
node	1994566198	modern_infrastructure		power=tower	-7.9550809	43.614386
node	1807955275	modern_infrastructure		power=tower	-8.1577807	43.4911053
node	1807949031	modern_infrastructure		power=tower	-8.1440692	43.4599279
node	4979618615	modern_infrastructure		power=tower	-8.125277	43.4812686
node	1794663687	modern_infrastructure		power=tower	-8.16787	43.5094283
way	656763250	modern_infrastructure		building=yes;man_made=storage_tank	-8.1765776	43.4741488
node	1806759906	modern_infrastructure		power=tower	-8.119804	43.5098306
way	24990112	modern_infrastructure	Praza de Álvaro Cunqueiro	highway=residential;junction=roundabout;surface=asphalt	-8.2217244	43.4835742
node	1806778923	modern_infrastructure		power=tower	-8.1050948	43.5195757
way	25356697	modern_infrastructure	Estrada de Castela	highway=primary;junction=roundabout;surface=asphalt	-8.2056545	43.4953704
node	1997734536	modern_infrastructure		power=tower	-8.0877666	43.6151283
node	1807949030	modern_infrastructure		power=tower	-8.1564422	43.4753512
node	1806779971	modern_infrastructure		power=tower	-8.036669	43.562313
way	1161774738	modern_infrastructure		highway=service;junction=roundabout	-8.223978	43.4763129
node	2308158014	modern_infrastructure		power=tower	-8.1923913	43.439536
node	13785260990	modern_infrastructure		power=tower	-8.1245051	43.5211489
node	1996907311	modern_infrastructure		power=tower	-8.0702819	43.4910998
way	656764799	modern_infrastructure		building=yes;man_made=storage_tank	-8.1701223	43.4717814
node	1806763713	modern_infrastructure		power=tower	-8.0049948	43.4972043
way	27480579	modern_infrastructure		highway=tertiary;junction=roundabout;surface=asphalt	-8.2130246	43.522272
node	1994566190	modern_infrastructure		power=tower	-7.9621318	43.6080087
node	1718529070	modern_infrastructure		power=tower	-8.207912	43.5000416
node	1997734544	modern_infrastructure		power=tower	-8.0822466	43.6176372
node	1708690727	modern_infrastructure		power=tower	-8.2190264	43.5114243
node	1815809362	modern_infrastructure		power=tower	-8.3097046	43.4780337
node	1994566200	modern_infrastructure		power=tower	-7.9530202	43.6174577
node	1806778921	modern_infrastructure		power=tower	-8.0984322	43.5263827
node	1806779181	modern_infrastructure		power=tower	-8.0756227	43.5414566
node	2698036723	modern_infrastructure		power=tower	-8.123456	43.4874552
node	1707833506	modern_infrastructure		power=tower	-8.2032618	43.4773998
way	32873223	modern_infrastructure		highway=primary;junction=roundabout;surface=asphalt	-8.0351847	43.4996182
node	1806759903	modern_infrastructure		power=tower	-8.1140507	43.5119178
node	1815811609	modern_infrastructure		power=tower	-8.3071807	43.47998
way	40130708	modern_infrastructure		highway=tertiary;junction=roundabout;surface=asphalt	-8.2344611	43.4551876
way	35800297	modern_infrastructure		highway=service;junction=roundabout	-8.2200017	43.4833099
node	11778698584	modern_infrastructure		power=tower	-7.9500415	43.6705006
node	1807930641	modern_infrastructure		power=tower	-8.1316774	43.4456633
node	1708690688	modern_infrastructure		power=tower	-8.2188068	43.5128474
node	2096672194	modern_infrastructure		power=tower	-8.097701	43.5893181
node	1807930793	modern_infrastructure		power=tower	-8.1297838	43.4468375
node	1806778934	modern_infrastructure		power=tower	-8.1073693	43.5168915
node	1994554073	modern_infrastructure		power=tower	-7.9637887	43.6990283
node	1806763309	modern_infrastructure		power=tower	-8.0737586	43.5108791
node	1806788521	modern_infrastructure		power=tower	-8.0158255	43.5721488
way	228539987	modern_infrastructure		highway=trunk;junction=roundabout;surface=asphalt	-8.2125049	43.498955
node	2096634360	modern_infrastructure		power=tower	-8.1123055	43.586643
node	1711530970	modern_infrastructure		power=tower	-8.2007966	43.4779727
way	27727946	modern_infrastructure		highway=trunk;junction=roundabout	-8.3274019	43.464275
node	11778698578	modern_infrastructure		power=tower	-7.9512851	43.6797959
node	1708690724	modern_infrastructure		power=tower	-8.2192387	43.5142985
node	1806763304	modern_infrastructure		power=tower	-8.0655778	43.5093092
node	1996907329	modern_infrastructure		power=tower	-8.1085066	43.5098148
node	2203549255	modern_infrastructure		power=tower	-7.9604322	43.4772268
node	2096672218	modern_infrastructure		power=tower	-8.0865482	43.5913482
node	1996907314	modern_infrastructure		power=tower	-8.079843	43.4925429
node	1806763718	modern_infrastructure		power=tower	-8.009061	43.499148
node	1815847325	modern_infrastructure		power=tower	-8.2754716	43.5016826
node	2118475809	modern_infrastructure		power=tower	-7.9727365	43.4201404
node	1751773733	modern_infrastructure		power=tower	-8.1732822	43.5029503
node	1806778930	modern_infrastructure		power=tower	-8.1012512	43.5235102
node	1806779969	modern_infrastructure		power=tower	-8.0392466	43.5613334
node	1806781126	modern_infrastructure		power=tower	-8.0294592	43.5650942
node	13786201482	modern_infrastructure		power=tower	-8.1213761	43.457151
node	2096838544	modern_infrastructure		power=tower	-8.1095405	43.5776281
node	1806788524	modern_infrastructure		power=tower	-8.0216679	43.5685977
node	2315953392	modern_infrastructure		power=tower	-8.1511659	43.5888848
node	1994554081	modern_infrastructure		power=tower	-7.9528862	43.7129204
way	863060945	modern_infrastructure	Rúa A Pallota	highway=residential;junction=roundabout;surface=asphalt	-8.2009977	43.5071427
node	1994554080	modern_infrastructure		power=tower	-7.9544936	43.7094426
way	660156879	modern_infrastructure		building=yes;man_made=storage_tank	-8.2333099	43.4618066
node	1806789256	modern_infrastructure		power=tower	-8.1598479	43.5044249
node	1996907308	modern_infrastructure		power=tower	-8.0616055	43.4872807
way	11977985	modern_infrastructure		highway=trunk;junction=roundabout;surface=asphalt	-8.2099621	43.4916896
node	1996907298	modern_infrastructure		power=tower	-8.0389816	43.4731019
node	1718586976	modern_infrastructure		power=tower	-8.2261375	43.4932938
node	2130999713	modern_infrastructure		power=tower	-8.1600753	43.4371319
way	31906933	modern_infrastructure		highway=tertiary;junction=roundabout;surface=asphalt	-8.1461203	43.5439257
node	1806759926	modern_infrastructure		power=tower	-8.1225882	43.5092431
node	1718625460	modern_infrastructure		power=tower	-8.1811087	43.5061913
way	475044933	modern_infrastructure		highway=primary;junction=roundabout;surface=asphalt	-8.190438	43.5030077
node	2130999711	modern_infrastructure		power=tower	-8.1584096	43.4373909
node	1806753746	modern_infrastructure		power=tower	-8.1360716	43.5063503
node	2106316568	modern_infrastructure		power=tower	-8.073688	43.63004
node	2096672139	modern_infrastructure		power=tower	-8.0734082	43.5935065
way	863060942	modern_infrastructure		highway=trunk;junction=roundabout;surface=asphalt	-8.2143725	43.5084069
way	40421738	modern_infrastructure		highway=tertiary;junction=roundabout;surface=asphalt	-8.0499904	43.5101321
node	2203549251	modern_infrastructure		power=tower	-7.9675401	43.4799283
node	2096634376	modern_infrastructure		power=tower	-8.10685	43.5876279
way	168171647	modern_infrastructure	Rúa dos Carboeiros	highway=unclassified;junction=roundabout	-8.2019266	43.5422625
node	1806778925	modern_infrastructure		power=tower	-8.1023053	43.5224425
node	2096826191	modern_infrastructure		power=tower	-8.1030147	43.5758229
node	1806765635	modern_infrastructure		power=tower	-8.0692203	43.5138397
way	175117974	modern_infrastructure		highway=trunk;junction=roundabout;surface=asphalt	-8.2071386	43.4932492
node	2131008273	modern_infrastructure		power=tower	-8.1658512	43.4395445
way	31908343	modern_infrastructure		highway=tertiary;junction=roundabout;surface=asphalt	-8.1478296	43.5463904
way	27727941	modern_infrastructure		highway=secondary;junction=roundabout;surface=asphalt	-8.287896	43.4922604
node	2698036721	modern_infrastructure		power=tower	-8.1228226	43.4849777
node	1807937387	modern_infrastructure		power=tower	-8.1227108	43.4511604
node	1994554067	modern_infrastructure		power=tower	-7.9643953	43.692648
node	1707829983	modern_infrastructure		power=tower	-8.1936619	43.4809115
way	33719425	modern_infrastructure		highway=tertiary;junction=roundabout;surface=asphalt	-8.1717571	43.4200031
node	1806778926	modern_infrastructure		power=tower	-8.0861611	43.5336654
node	2096899176	modern_infrastructure		power=tower	-8.141742	43.598932
node	1806779962	modern_infrastructure		power=tower	-8.0475346	43.5578134
node	1708690692	modern_infrastructure		power=tower	-8.2189704	43.5103419
way	204407393	modern_infrastructure		highway=primary;junction=roundabout	-8.0705725	43.5321132
node	1996907295	modern_infrastructure		power=tower	-8.0329978	43.4693297
node	2096831777	modern_infrastructure		power=tower	-8.0949359	43.5762776
node	1707827894	modern_infrastructure		power=tower	-8.1899095	43.4904979
node	1815847324	modern_infrastructure		power=tower	-8.256275	43.4990483
node	13786201485	modern_infrastructure		power=tower	-8.1309094	43.4664306
node	2099132120	modern_infrastructure		power=tower	-8.1263815	43.5630391
node	2203549257	modern_infrastructure		power=tower	-7.9644958	43.4787839
node	2588958031	modern_infrastructure		power=tower	-8.0453371	43.5419449
node	1807955277	modern_infrastructure		power=tower	-8.1553828	43.4976275
node	1806778922	modern_infrastructure		power=tower	-8.1123019	43.5132192
node	1807949029	modern_infrastructure		power=tower	-8.1316184	43.4550391
node	2096672151	modern_infrastructure		power=tower	-8.0452236	43.5960299
node	5615441464	modern_infrastructure		power=tower	-8.2790067	43.4490855
node	1806759940	modern_infrastructure		power=tower	-8.09612	43.5144642
node	1808003446	modern_infrastructure		power=tower	-8.0669503	43.4248931
node	1996907257	modern_infrastructure		power=tower	-7.9835396	43.4328552
node	1806779967	modern_infrastructure		power=tower	-8.0451877	43.5588455
node	2308158016	modern_infrastructure		power=tower	-8.2064883	43.4471776
way	17475175	modern_infrastructure		highway=primary;junction=roundabout;surface=asphalt	-8.1880161	43.5049044
node	2106316760	modern_infrastructure		power=tower	-8.0821638	43.6323366
node	3360437853	modern_infrastructure		power=tower	-7.9594044	43.627552
node	1996907292	modern_infrastructure		power=tower	-8.0261106	43.4650751
way	660156842	agricultural_enclosure		landuse=orchard	-8.2360144	43.4581863
way	543088618	agricultural_enclosure		landuse=orchard	-8.2690507	43.4516964
way	378641890	agricultural_enclosure		landuse=orchard	-8.2611693	43.4615671
way	671133888	agricultural_enclosure		landuse=orchard	-8.2485382	43.4237169
way	653240469	agricultural_enclosure		landuse=orchard	-8.2785642	43.4454965
way	543088628	agricultural_enclosure		landuse=orchard	-8.271117	43.4550534
way	661698546	agricultural_enclosure		landuse=orchard	-8.2349065	43.452533
way	660225631	agricultural_enclosure		landuse=orchard	-8.2435123	43.4496414
way	653734839	agricultural_enclosure		barrier=hedge	-8.2556386	43.4556947
way	721688821	agricultural_enclosure		barrier=hedge	-8.1126064	43.5023419
way	657034809	agricultural_enclosure		landuse=orchard	-8.2410322	43.4495192
way	653786155	agricultural_enclosure		landuse=orchard	-8.2508688	43.4547903
way	516196276	agricultural_enclosure		barrier=hedge	-8.2968914	43.4411649
way	662397062	agricultural_enclosure		barrier=hedge	-8.2429377	43.4353905
way	664804524	agricultural_enclosure		barrier=hedge	-8.2295906	43.4464694
way	646451139	agricultural_enclosure		barrier=hedge	-8.2538974	43.4456702
way	977941169	agricultural_enclosure		barrier=hedge	-8.2319134	43.5077368
way	871814008	agricultural_enclosure		barrier=hedge	-8.2155951	43.5617081
way	541599176	agricultural_enclosure		barrier=hedge	-8.2828885	43.4416471
way	652952271	agricultural_enclosure		landuse=orchard	-8.2711489	43.4421674
way	547083237	agricultural_enclosure		barrier=hedge	-8.2728551	43.4470629
way	661728352	agricultural_enclosure		barrier=hedge	-8.2467792	43.4214897
way	688665294	agricultural_enclosure		barrier=hedge	-8.183419	43.4567669
way	655984698	agricultural_enclosure		landuse=orchard	-8.2284925	43.4337404
way	645727755	agricultural_enclosure		barrier=hedge	-8.2573655	43.4468101
way	652952220	agricultural_enclosure		landuse=orchard	-8.255441	43.4473555
way	660186522	agricultural_enclosure		barrier=hedge	-8.2421417	43.4537138
way	646444838	agricultural_enclosure		landuse=orchard	-8.2560315	43.4456175
way	662047591	agricultural_enclosure		barrier=hedge	-8.2459795	43.4383969
way	515927608	agricultural_enclosure		landuse=orchard	-8.2541532	43.4581687
way	540186277	agricultural_enclosure		barrier=hedge	-8.2919475	43.4420905
way	524957808	agricultural_enclosure		barrier=hedge	-8.2595653	43.4537764
way	652952252	agricultural_enclosure		landuse=orchard	-8.2644004	43.4395696
way	660180336	agricultural_enclosure		landuse=orchard	-8.2429832	43.4546936
way	547083887	agricultural_enclosure		landuse=orchard	-8.2762334	43.4440797
way	663773062	agricultural_enclosure		landuse=orchard	-8.2508882	43.4217348
way	547021961	agricultural_enclosure		landuse=orchard	-8.2621082	43.4464492
way	541566800	agricultural_enclosure		landuse=orchard	-8.2874783	43.4431952
way	653242402	agricultural_enclosure		landuse=orchard	-8.2793288	43.4425328
way	656817437	agricultural_enclosure		landuse=orchard	-8.2471603	43.4547462
way	660200505	agricultural_enclosure		landuse=orchard	-8.2446253	43.4526592
way	662047516	agricultural_enclosure		barrier=hedge	-8.2504091	43.4386873
way	516196273	agricultural_enclosure		barrier=hedge	-8.2984968	43.4421055
way	545255242	agricultural_enclosure		landuse=orchard	-8.2730963	43.4481381
way	662387782	agricultural_enclosure		landuse=orchard	-8.2425949	43.4376165
way	665098667	agricultural_enclosure		barrier=hedge	-8.2337657	43.4342683
way	663834584	agricultural_enclosure		barrier=hedge	-8.250649	43.4249841
way	653242400	agricultural_enclosure		barrier=hedge	-8.27754	43.4420846
way	660225640	agricultural_enclosure		landuse=orchard	-8.2486384	43.4483245
way	662021227	agricultural_enclosure		landuse=orchard	-8.2392003	43.452366
way	663476806	agricultural_enclosure		barrier=hedge	-8.2517439	43.4280778
way	670553876	agricultural_enclosure		barrier=hedge	-8.2513949	43.4616091
way	610034763	agricultural_enclosure		barrier=hedge	-8.1868303	43.4355829
way	654024334	agricultural_enclosure		barrier=hedge	-8.2704665	43.4392441
way	663277577	agricultural_enclosure		barrier=hedge	-8.2587292	43.4245112
way	660464363	agricultural_enclosure		barrier=hedge	-8.2548471	43.4308356
way	659878482	agricultural_enclosure		landuse=orchard	-8.2506675	43.4589882
way	662047524	agricultural_enclosure		barrier=hedge	-8.2485941	43.4405689
way	663277565	agricultural_enclosure		barrier=hedge	-8.2588153	43.4274332
way	525354481	agricultural_enclosure		barrier=hedge	-8.2605354	43.4514884
way	660459603	agricultural_enclosure		landuse=orchard	-8.2623775	43.4340023
way	971151504	agricultural_enclosure		barrier=hedge;landuse=meadow;place=plot	-8.0749582	43.6389328
way	661831997	agricultural_enclosure		barrier=hedge	-8.2550085	43.4345235
way	665098674	agricultural_enclosure		barrier=hedge	-8.2335296	43.4356591
way	660186558	agricultural_enclosure		landuse=orchard	-8.2404354	43.4514595
way	653242422	agricultural_enclosure		landuse=orchard	-8.2755962	43.4412344
way	534573084	agricultural_enclosure		barrier=hedge	-8.1860968	43.4538083
way	663242616	agricultural_enclosure		barrier=hedge	-8.2443953	43.4350771
way	657408865	agricultural_enclosure		landuse=orchard	-8.2377919	43.4380948
way	663839786	agricultural_enclosure		landuse=orchard	-8.2491396	43.4284044
way	516200099	agricultural_enclosure		barrier=hedge	-8.2991144	43.444998
way	663932771	agricultural_enclosure		barrier=hedge	-8.250072	43.4347211
way	540976208	agricultural_enclosure		landuse=orchard	-8.2665333	43.4490899
way	657659058	agricultural_enclosure		landuse=orchard	-8.2531146	43.4348993
way	664441969	agricultural_enclosure		landuse=orchard	-8.2541161	43.4220502
way	541152980	agricultural_enclosure		barrier=hedge	-8.293969	43.4381854
way	653734850	agricultural_enclosure		landuse=orchard	-8.25646	43.456608
way	660459609	agricultural_enclosure		landuse=orchard	-8.260956	43.4320897
way	661198274	agricultural_enclosure		barrier=hedge	-8.2420625	43.4198458
way	652957910	agricultural_enclosure		landuse=orchard	-8.2780957	43.4442027
way	542135478	agricultural_enclosure		barrier=hedge	-8.2528046	43.4641833
way	776491468	agricultural_enclosure		landuse=orchard	-8.1988399	43.4620047
way	540184840	agricultural_enclosure		barrier=hedge	-8.2944782	43.440439
way	672870340	agricultural_enclosure		barrier=hedge	-8.2264109	43.4511728
way	707964121	agricultural_enclosure		barrier=hedge	-8.1379801	43.5076417
way	767692025	agricultural_enclosure		barrier=hedge	-7.9955247	43.6404355
way	581835569	agricultural_enclosure		landuse=orchard	-8.2745518	43.4474639
way	851865178	agricultural_enclosure		barrier=hedge	-8.1011666	43.5112948
way	662859757	agricultural_enclosure		barrier=hedge	-8.2401516	43.4382917
way	541602811	agricultural_enclosure		landuse=orchard	-8.2678474	43.4532241
way	1091827196	agricultural_enclosure		barrier=hedge	-8.128134	43.629436
way	686911035	agricultural_enclosure		barrier=hedge	-8.1805115	43.4592329
way	524624715	agricultural_enclosure		landuse=orchard	-8.2602994	43.456433
way	971244025	agricultural_enclosure		barrier=hedge;landuse=meadow;place=plot	-8.0768729	43.6379299
way	653789361	agricultural_enclosure		landuse=orchard	-8.2486633	43.4556253
way	669678970	agricultural_enclosure		landuse=orchard	-8.2378036	43.4481361
way	646020424	agricultural_enclosure		barrier=hedge	-8.2771616	43.4464991
way	659878549	agricultural_enclosure		landuse=orchard	-8.2429584	43.4584928
way	565845857	agricultural_enclosure		barrier=hedge	-8.2048675	43.4210966
way	662584572	agricultural_enclosure		barrier=hedge	-8.2532643	43.4279487
way	669678901	agricultural_enclosure		barrier=hedge	-8.2360633	43.4486346
way	656816612	agricultural_enclosure		landuse=orchard	-8.2476625	43.4570885
way	663932768	agricultural_enclosure		barrier=hedge	-8.2474526	43.4347229
way	646017995	agricultural_enclosure		landuse=orchard	-8.2852786	43.4462638
way	656786981	agricultural_enclosure		landuse=orchard	-8.2487796	43.4539243
way	663834559	agricultural_enclosure		landuse=orchard	-8.2501013	43.4231145
way	661480987	agricultural_enclosure		barrier=hedge	-8.2378327	43.4543556
way	819584319	agricultural_enclosure		landuse=orchard	-8.174786	43.4245963
way	657408879	agricultural_enclosure		barrier=hedge	-8.236406	43.4392091
way	755470569	agricultural_enclosure		barrier=hedge	-8.1318632	43.5184764
way	743275919	agricultural_enclosure		barrier=hedge	-8.2592193	43.4896699
way	534573089	agricultural_enclosure		barrier=hedge	-8.1899371	43.4548519
way	656211627	agricultural_enclosure		barrier=hedge	-8.2275877	43.4415023
way	545038751	agricultural_enclosure		landuse=orchard	-8.2703429	43.4463172
way	656211656	agricultural_enclosure		landuse=orchard	-8.2256313	43.4411792
way	534573061	agricultural_enclosure		barrier=hedge	-8.190778	43.4490786
way	540184835	agricultural_enclosure		barrier=hedge	-8.29385	43.4394114
way	660186573	agricultural_enclosure		landuse=orchard	-8.2424014	43.4515947
way	663834608	agricultural_enclosure		landuse=orchard	-8.249149	43.4263554
way	660459659	agricultural_enclosure		landuse=orchard	-8.2585077	43.4293858
way	652797120	agricultural_enclosure		landuse=orchard	-8.209061	43.423036
way	660277101	agricultural_enclosure		barrier=hedge	-8.296629	43.4434454
way	736785907	agricultural_enclosure		barrier=hedge	-8.1699984	43.5244988
way	972373837	agricultural_enclosure		barrier=hedge	-8.2422418	43.5023733
way	661151735	agricultural_enclosure		barrier=hedge	-8.255524	43.4324134
way	707964127	agricultural_enclosure		barrier=hedge	-8.1320586	43.5053035
way	545514225	agricultural_enclosure		barrier=hedge	-8.2735382	43.4458755
way	975008816	agricultural_enclosure		barrier=hedge	-8.2339453	43.5083609
way	661137804	agricultural_enclosure		landuse=orchard	-8.2542229	43.4329771
way	541599207	agricultural_enclosure		barrier=hedge	-8.2918214	43.4395506
way	545515262	agricultural_enclosure		barrier=hedge	-8.2725952	43.4446609
way	669678929	agricultural_enclosure		landuse=orchard	-8.2353809	43.4496907
way	545514103	agricultural_enclosure		landuse=orchard	-8.2741638	43.4416426
way	652083657	agricultural_enclosure		landuse=orchard	-8.2696731	43.4402033
way	540979326	agricultural_enclosure		landuse=orchard	-8.2637849	43.4514502
way	660459561	agricultural_enclosure		barrier=hedge	-8.2668179	43.4389513
way	1338628289	agricultural_enclosure		barrier=hedge	-8.0694566	43.437788
way	890102757	agricultural_enclosure		landuse=orchard	-8.2120784	43.4583077
way	660246088	agricultural_enclosure		barrier=hedge	-8.2658589	43.4302962
way	688665302	agricultural_enclosure		barrier=hedge	-8.1589348	43.471056
way	530040031	agricultural_enclosure		landuse=orchard	-8.2575123	43.4538357
way	660459564	agricultural_enclosure		barrier=hedge	-8.2664536	43.4376395
way	707964054	agricultural_enclosure		barrier=hedge	-8.1346068	43.5067435
way	664885640	agricultural_enclosure		landuse=orchard	-8.2358635	43.4412466
way	826505957	agricultural_enclosure		barrier=hedge	-8.2109468	43.4940636
way	851912097	agricultural_enclosure		barrier=hedge	-8.1059952	43.5088518
way	721688797	agricultural_enclosure		barrier=hedge	-8.1074519	43.513496
way	846694754	agricultural_enclosure		barrier=hedge	-8.312249	43.5129994
way	656528497	agricultural_enclosure		barrier=hedge	-8.2728811	43.4358479
way	646451151	agricultural_enclosure		landuse=orchard	-8.253073	43.4445004
way	657659062	agricultural_enclosure		landuse=orchard	-8.2511768	43.4362759
way	654981479	agricultural_enclosure		landuse=orchard	-8.2568677	43.4587462
way	663773074	agricultural_enclosure		barrier=hedge	-8.2523597	43.4222109
way	573127290	agricultural_enclosure		barrier=hedge	-8.1604485	43.4564039
way	671324731	agricultural_enclosure		barrier=hedge	-8.230167	43.4475992
way	646004822	agricultural_enclosure		barrier=hedge	-8.260234	43.4460824
way	528541047	agricultural_enclosure		barrier=hedge	-8.2700498	43.4360736
way	971244034	agricultural_enclosure		barrier=hedge;landuse=meadow;place=plot	-8.0763776	43.6360085
way	520766963	agricultural_enclosure		barrier=hedge	-8.1410383	43.6078089
way	543866875	agricultural_enclosure		landuse=orchard	-8.2714656	43.46214
way	889606464	agricultural_enclosure		landuse=orchard	-8.2058222	43.4579902
way	568319226	agricultural_enclosure		barrier=hedge	-8.2108678	43.425164
way	542135477	agricultural_enclosure		landuse=orchard	-8.2550277	43.4621133
way	663932786	agricultural_enclosure		landuse=orchard	-8.2505709	43.4335429
way	663773052	agricultural_enclosure		barrier=hedge	-8.2498598	43.4208882
way	664885649	agricultural_enclosure		barrier=hedge	-8.2350038	43.4423719
way	871814011	agricultural_enclosure		barrier=hedge	-8.2150043	43.5596784
way	541599201	agricultural_enclosure		barrier=hedge	-8.2889393	43.4394692
way	662584582	agricultural_enclosure		barrier=hedge	-8.2545299	43.4287159
way	656787027	agricultural_enclosure		landuse=orchard	-8.2510457	43.4462568
way	617610780	agricultural_enclosure		barrier=hedge	-8.22616	43.4304591
way	545038724	agricultural_enclosure		landuse=orchard	-8.2696874	43.4490588
way	733039969	agricultural_enclosure		barrier=hedge	-8.2325262	43.4966999
way	867030937	agricultural_enclosure		barrier=hedge	-8.207515	43.5502201
way	652818302	agricultural_enclosure		landuse=orchard	-8.2523596	43.4499739
way	660180189	agricultural_enclosure		landuse=orchard	-8.2459601	43.4537538
way	653240500	agricultural_enclosure		barrier=hedge	-8.2753468	43.4460845
way	624865177	agricultural_enclosure		barrier=hedge	-8.211282	43.4963612
way	646004826	agricultural_enclosure		landuse=orchard	-8.2587395	43.4463103
way	657659073	agricultural_enclosure		landuse=orchard	-8.2582344	43.4376588
way	655984671	agricultural_enclosure		barrier=hedge	-8.2306063	43.4346642
way	544111808	agricultural_enclosure		barrier=hedge	-8.270908	43.4601357
way	693921449	agricultural_enclosure		barrier=hedge	-8.1822815	43.4590523
way	545350976	agricultural_enclosure		barrier=hedge	-8.2722559	43.4431457
way	612074498	agricultural_enclosure		barrier=hedge	-8.177656	43.4593492
way	656528475	agricultural_enclosure		landuse=orchard	-8.2903286	43.4399602
way	659900502	agricultural_enclosure		landuse=orchard	-8.2516531	43.4408465
way	524624718	agricultural_enclosure		landuse=orchard	-8.2584791	43.4563813
way	593878927	agricultural_enclosure		barrier=hedge	-8.2132362	43.4574372
way	540976209	agricultural_enclosure		landuse=orchard	-8.2645425	43.4491867
way	871727786	agricultural_enclosure		barrier=hedge	-8.2213753	43.5499211
way	646435938	agricultural_enclosure		barrier=hedge	-8.2533853	43.4510351
way	576995363	agricultural_enclosure		barrier=hedge	-8.2596342	43.4304193
way	664885646	agricultural_enclosure		landuse=orchard	-8.2343195	43.4411104
way	660180268	agricultural_enclosure		landuse=orchard	-8.2445782	43.4541569
way	658419520	agricultural_enclosure		landuse=orchard	-8.2478877	43.4582554
way	865411834	agricultural_enclosure		barrier=hedge	-8.2104664	43.5432675
way	657608806	agricultural_enclosure		landuse=orchard	-8.2640287	43.4347035
way	671324718	agricultural_enclosure		barrier=hedge	-8.2326034	43.4455251
way	657408884	agricultural_enclosure		landuse=orchard	-8.2342353	43.4395506
way	661698598	agricultural_enclosure		landuse=orchard	-8.2356349	43.4541221
way	651671502	agricultural_enclosure		barrier=hedge	-8.2419517	43.4324659
way	656211734	agricultural_enclosure		barrier=hedge	-8.2233405	43.440972
way	646438838	agricultural_enclosure		barrier=hedge	-8.2510923	43.4479016
way	646444832	agricultural_enclosure		barrier=hedge	-8.257582	43.4455251
way	652797121	agricultural_enclosure		landuse=orchard	-8.2044387	43.4227331
way	656787009	agricultural_enclosure		landuse=orchard	-8.2485382	43.4503164
way	652818290	agricultural_enclosure		landuse=orchard	-8.2508927	43.4494155
way	655674741	agricultural_enclosure		barrier=hedge	-8.2534637	43.4556702
way	427181525	agricultural_enclosure		landuse=orchard	-8.1765031	43.4242678
way	646436032	agricultural_enclosure		landuse=orchard	-8.2613851	43.4448121
way	973557788	agricultural_enclosure		barrier=hedge	-8.2364055	43.5056795
way	656528460	agricultural_enclosure		barrier=hedge	-8.2904532	43.4382107
way	653240531	agricultural_enclosure		landuse=orchard	-8.2808357	43.4457776
way	477924178	agricultural_enclosure		barrier=hedge	-8.208498	43.4923926
way	662972208	agricultural_enclosure		landuse=orchard	-8.248367	43.4223464
way	547021975	agricultural_enclosure		barrier=hedge	-8.2596587	43.4471813
way	660277151	agricultural_enclosure		barrier=hedge	-8.2904954	43.4410778
way	667449806	agricultural_enclosure		barrier=hedge	-8.2276407	43.4458405
way	654024347	agricultural_enclosure		landuse=orchard	-8.2695703	43.4371345
way	541531006	agricultural_enclosure		barrier=hedge	-8.3016801	43.4448793
way	544111774	agricultural_enclosure		barrier=hedge	-8.2710636	43.4571791
way	525354461	agricultural_enclosure		landuse=orchard	-8.2623193	43.4505846
way	666978483	agricultural_enclosure		barrier=hedge	-8.2232832	43.4438717
way	646435926	agricultural_enclosure		landuse=orchard	-8.2544152	43.4496156
way	662047624	agricultural_enclosure		landuse=orchard	-8.2446145	43.4364384
way	671324727	agricultural_enclosure		barrier=hedge	-8.2279241	43.4469586
way	652809054	agricultural_enclosure		landuse=orchard	-8.2306443	43.4324993
way	644879656	agricultural_enclosure		barrier=hedge	-8.3043682	43.4490638
way	660459576	agricultural_enclosure		barrier=hedge	-8.2627231	43.4373007
way	646017989	agricultural_enclosure		landuse=orchard	-8.2827108	43.4460853
way	541566793	agricultural_enclosure		landuse=orchard	-8.2891472	43.4428767
way	657661789	agricultural_enclosure		landuse=orchard	-8.2581213	43.4326183
way	448707000	agricultural_enclosure		barrier=hedge	-8.2083135	43.49838
way	660246126	agricultural_enclosure		landuse=orchard	-8.2626631	43.4319523
way	660246106	agricultural_enclosure		barrier=hedge	-8.262336	43.4275988
way	974416129	agricultural_enclosure		barrier=hedge	-8.2629906	43.5394778
way	688665310	agricultural_enclosure		barrier=hedge	-8.1650087	43.4717633
way	656817445	agricultural_enclosure		landuse=orchard	-8.245494	43.4550261
way	619148366	agricultural_enclosure		barrier=hedge	-8.2320689	43.4321727
way	652818308	agricultural_enclosure		barrier=hedge	-8.2540761	43.4481515
way	667449809	agricultural_enclosure		landuse=orchard	-8.2308348	43.4456704
way	618017366	agricultural_enclosure		barrier=hedge	-8.1600182	43.4547377
way	378641911	agricultural_enclosure		landuse=orchard	-8.2610663	43.4553256
way	591758189	agricultural_enclosure		landuse=orchard	-8.2899516	43.4448668
way	652952275	agricultural_enclosure		landuse=orchard	-8.2673117	43.4402543
way	659900482	agricultural_enclosure		barrier=hedge	-8.2506908	43.4399719
way	427761851	agricultural_enclosure	Horta de Conservación e Demostración das Froiteiras Autóctonas Carlos Fornos	landuse=orchard	-8.0739869	43.5307791
way	490188365	agricultural_enclosure		barrier=hedge	-8.2007925	43.4946915
way	706968779	agricultural_enclosure		barrier=hedge	-8.202504	43.4557775
way	661151703	agricultural_enclosure		landuse=orchard	-8.2690195	43.434446
way	653240452	agricultural_enclosure		landuse=orchard	-8.2818523	43.4444085
way	653786160	agricultural_enclosure		landuse=orchard	-8.2500755	43.4565838
way	375365799	agricultural_enclosure		landuse=orchard	-8.2554773	43.4642403
way	971151495	agricultural_enclosure		barrier=hedge;landuse=meadow;place=plot	-8.0733208	43.6369943
way	663277587	agricultural_enclosure		landuse=orchard	-8.2568481	43.4243497
way	544111791	agricultural_enclosure		barrier=hedge	-8.2718894	43.4591918
way	617610795	agricultural_enclosure		barrier=hedge	-8.2283692	43.4313271
way	653734825	agricultural_enclosure		barrier=hedge	-8.2532863	43.4541007
way	1000024533	agricultural_enclosure		barrier=hedge	-8.2209122	43.4937972
way	664395765	agricultural_enclosure		landuse=orchard	-8.2407783	43.4469009
way	662021201	agricultural_enclosure		barrier=hedge	-8.2367695	43.4565353
way	661773170	agricultural_enclosure		landuse=orchard	-8.2439986	43.419922
way	541498887	agricultural_enclosure		landuse=orchard	-8.2611913	43.447412
way	973557800	agricultural_enclosure		barrier=hedge	-8.2313613	43.5058115
way	482714530	agricultural_enclosure		barrier=hedge	-8.2306857	43.5095058
way	971151512	agricultural_enclosure		barrier=hedge;landuse=meadow;place=plot	-8.0724215	43.6361256
way	525215047	agricultural_enclosure		landuse=orchard	-8.2662755	43.4545478
way	541599186	agricultural_enclosure		barrier=hedge	-8.2848283	43.4424049
way	541738417	agricultural_enclosure		landuse=orchard	-8.2603055	43.4490652
way	539251258	agricultural_enclosure		barrier=hedge	-8.2956274	43.4380391
way	663242598	agricultural_enclosure		landuse=orchard	-8.2424086	43.4343691
way	1338628287	agricultural_enclosure		barrier=hedge	-8.0711736	43.4374726
way	664441958	agricultural_enclosure		landuse=orchard	-8.2556383	43.4217829
way	662397053	agricultural_enclosure		barrier=hedge	-8.2410653	43.4365855
way	652933525	agricultural_enclosure		landuse=orchard	-8.2410811	43.433345
way	545029376	agricultural_enclosure		barrier=hedge	-8.1901319	43.4577399
way	677303166	agricultural_enclosure		barrier=hedge	-8.2039185	43.4972859
way	657659046	agricultural_enclosure		landuse=orchard	-8.2475391	43.4368391
way	36189078	mining_quarry	A Canteira	landuse=quarry	-8.2497662	43.5145253
way	132639367	mining_quarry		landuse=quarry	-8.1413778	43.5101346
way	169627589	mining_quarry		landuse=quarry	-8.1364235	43.4610883
way	175080530	mining_quarry		landuse=quarry	-7.9976495	43.494606
way	192724457	mining_quarry		landuse=quarry	-8.1296457	43.6262844
way	201812728	mining_quarry		landuse=quarry	-7.9738298	43.4710824
way	203136924	mining_quarry		landuse=quarry	-8.1311574	43.4701233
way	205110867	mining_quarry	A Canteira de Abade	landuse=quarry	-7.9972929	43.5721539
way	221845735	mining_quarry		landuse=quarry	-8.1281075	43.4405847
way	222653424	mining_quarry		landuse=quarry	-8.1273386	43.6099221
way	243551446	mining_quarry		landuse=quarry	-8.0949471	43.4439236
way	251420297	mining_quarry	Canteira de Lamas	landuse=quarry	-8.0457607	43.5546727
way	297801414	mining_quarry		landuse=quarry	-8.1244647	43.5497943
way	298377297	mining_quarry		landuse=quarry	-8.1330723	43.6162497
way	302413812	mining_quarry		landuse=quarry	-7.9909562	43.4388752
way	462200655	mining_quarry		landuse=quarry	-8.2572807	43.5188589
way	463742662	mining_quarry		landuse=quarry	-8.1217296	43.5539747
way	463879934	mining_quarry		landuse=quarry	-8.244358	43.5059283
way	465754398	mining_quarry		landuse=quarry	-8.2004719	43.5973202
way	509089158	mining_quarry		landuse=quarry	-8.173729	43.4420335
way	672631419	mining_quarry		landuse=quarry	-7.9550452	43.7120013
way	678429554	mining_quarry		landuse=quarry	-8.0127957	43.5672129
way	1365740359	mining_quarry	A Canteira	landuse=quarry	-7.9935634	43.5430782
way	1382604752	mining_quarry		landuse=quarry	-7.9593146	43.4983362
way	1444394231	mining_quarry	Canteira de Purrido	landuse=quarry	-8.0516763	43.7044243
way	1527199098	mining_quarry		landuse=quarry	-8.1150493	43.5317472
