export_id	tile_id	sample_id	bank_id	label_class	label_role	final_split	country	name	longitude	latitude	bbox_epsg4326	tile_side_m	wms_source	wms_base	wms_layer	target_png_path	training_use	width_px_requested	height_px_requested	status	image_status	actual_width_px	actual_height_px	image_mode	bytes	attempts	error	wms_url	generated_at
weak-chip-export-v1-00001	wl-tile-v1-09842	wl-neg-neg-pt-dgpc-109485	neg-pt-dgpc-109485	0	hard_negative	train	PT	Abobeleira	-7.489830001785641	41.757862138830525	-7.49291282,41.75556246,-7.48674718,41.76016182	512	dgt_ortos2021_rgb	https://cartografia.dgterritorio.gov.pt/wms/ortos2021	Ortos2021-RGB	data/external/weak-label-chips-v1/train/negative/wl-tile-v1-09842-neg-pt-dgpc-109485.png	weak_label_candidate_for_model_v1	512	512	exists	valid	512	512	P	239749	0		https://cartografia.dgterritorio.gov.pt/wms/ortos2021?SERVICE=WMS&VERSION=1.1.1&REQUEST=GetMap&LAYERS=Ortos2021-RGB&STYLES=&SRS=EPSG%3A4326&BBOX=-7.49291282%2C41.75556246%2C-7.48674718%2C41.76016182&WIDTH=512&HEIGHT=512&FORMAT=image%2Fpng&TRANSPARENT=false	2026-08-01T00:00:00Z
weak-chip-export-v1-00002	wl-tile-v1-09671	wl-neg-neg-pt-dgpc-113998	neg-pt-dgpc-113998	0	hard_negative	train	PT	Albergaria de Amarante	-8.082978847149942	41.274269818167234	-8.08603872,41.27197014,-8.07991898,41.27656949	512	dgt_ortos2021_rgb	https://cartografia.dgterritorio.gov.pt/wms/ortos2021	Ortos2021-RGB	data/external/weak-label-chips-v1/train/negative/wl-tile-v1-09671-neg-pt-dgpc-113998.png	weak_label_candidate_for_model_v1	512	512	downloaded	valid	512	512	P	233550	1		https://cartografia.dgterritorio.gov.pt/wms/ortos2021?SERVICE=WMS&VERSION=1.1.1&REQUEST=GetMap&LAYERS=Ortos2021-RGB&STYLES=&SRS=EPSG%3A4326&BBOX=-8.08603872%2C41.27197014%2C-8.07991898%2C41.27656949&WIDTH=512&HEIGHT=512&FORMAT=image%2Fpng&TRANSPARENT=false	2026-08-01T00:00:00Z
weak-chip-export-v1-00003	wl-tile-v1-09786	wl-neg-neg-pt-dgpc-112388	neg-pt-dgpc-112388	0	hard_negative	train	PT	Almas 1	-8.553205857286674	41.95400290331258	-8.55629814,41.95170323,-8.55011357,41.95630258	512	dgt_ortos2021_rgb	https://cartografia.dgterritorio.gov.pt/wms/ortos2021	Ortos2021-RGB	data/external/weak-label-chips-v1/train/negative/wl-tile-v1-09786-neg-pt-dgpc-112388.png	weak_label_candidate_for_model_v1	512	512	downloaded	valid	512	512	P	244832	1		https://cartografia.dgterritorio.gov.pt/wms/ortos2021?SERVICE=WMS&VERSION=1.1.1&REQUEST=GetMap&LAYERS=Ortos2021-RGB&STYLES=&SRS=EPSG%3A4326&BBOX=-8.55629814%2C41.95170323%2C-8.55011357%2C41.95630258&WIDTH=512&HEIGHT=512&FORMAT=image%2Fpng&TRANSPARENT=false	2026-08-01T00:00:00Z
weak-chip-export-v1-00004	wl-tile-v1-09787	wl-neg-neg-pt-dgpc-112389	neg-pt-dgpc-112389	0	hard_negative	train	PT	Almas 2	-8.552904773365952	41.955007982851846	-8.55599711,41.95270831,-8.54981244,41.95730766	512	dgt_ortos2021_rgb	https://cartografia.dgterritorio.gov.pt/wms/ortos2021	Ortos2021-RGB	data/external/weak-label-chips-v1/train/negative/wl-tile-v1-09787-neg-pt-dgpc-112389.png	weak_label_candidate_for_model_v1	512	512	downloaded	valid	512	512	P	246629	1		https://cartografia.dgterritorio.gov.pt/wms/ortos2021?SERVICE=WMS&VERSION=1.1.1&REQUEST=GetMap&LAYERS=Ortos2021-RGB&STYLES=&SRS=EPSG%3A4326&BBOX=-8.55599711%2C41.95270831%2C-8.54981244%2C41.95730766&WIDTH=512&HEIGHT=512&FORMAT=image%2Fpng&TRANSPARENT=false	2026-08-01T00:00:00Z
weak-chip-export-v1-00005	wl-tile-v1-09789	wl-neg-neg-pt-dgpc-112391	neg-pt-dgpc-112391	0	hard_negative	train	PT	Almas 3	-8.553064141079286	41.95534727281584	-8.55615649,41.95304760,-8.54997179,41.95764695	512	dgt_ortos2021_rgb	https://cartografia.dgterritorio.gov.pt/wms/ortos2021	Ortos2021-RGB	data/external/weak-label-chips-v1/train/negative/wl-tile-v1-09789-neg-pt-dgpc-112391.png	weak_label_candidate_for_model_v1	512	512	downloaded	valid	512	512	P	247192	1		https://cartografia.dgterritorio.gov.pt/wms/ortos2021?SERVICE=WMS&VERSION=1.1.1&REQUEST=GetMap&LAYERS=Ortos2021-RGB&STYLES=&SRS=EPSG%3A4326&BBOX=-8.55615649%2C41.95304760%2C-8.54997179%2C41.95764695&WIDTH=512&HEIGHT=512&FORMAT=image%2Fpng&TRANSPARENT=false	2026-08-01T00:00:00Z
weak-chip-export-v1-00006	wl-tile-v1-09860	wl-neg-neg-pt-dgpc-110210	neg-pt-dgpc-110210	0	hard_negative	train	PT	Alto da Raia	-7.892501639057414	41.92646548844683	-7.89559259,41.92416581,-7.88941069,41.92876517	512	dgt_ortos2021_rgb	https://cartografia.dgterritorio.gov.pt/wms/ortos2021	Ortos2021-RGB	data/external/weak-label-chips-v1/train/negative/wl-tile-v1-09860-neg-pt-dgpc-110210.png	weak_label_candidate_for_model_v1	512	512	downloaded	valid	512	512	P	234935	1		https://cartografia.dgterritorio.gov.pt/wms/ortos2021?SERVICE=WMS&VERSION=1.1.1&REQUEST=GetMap&LAYERS=Ortos2021-RGB&STYLES=&SRS=EPSG%3A4326&BBOX=-7.89559259%2C41.92416581%2C-7.88941069%2C41.92876517&WIDTH=512&HEIGHT=512&FORMAT=image%2Fpng&TRANSPARENT=false	2026-08-01T00:00:00Z
weak-chip-export-v1-00007	wl-tile-v1-09839	wl-neg-neg-pt-dgpc-109328	neg-pt-dgpc-109328	0	hard_negative	train	PT	Alto do Circo/ Faiões	-7.422593323925045	41.748913322636895	-7.42567571,41.74661365,-7.41951094,41.75121300	512	dgt_ortos2021_rgb	https://cartografia.dgterritorio.gov.pt/wms/ortos2021	Ortos2021-RGB	data/external/weak-label-chips-v1/train/negative/wl-tile-v1-09839-neg-pt-dgpc-109328.png	weak_label_candidate_for_model_v1	512	512	downloaded	valid	512	512	P	245341	1		https://cartografia.dgterritorio.gov.pt/wms/ortos2021?SERVICE=WMS&VERSION=1.1.1&REQUEST=GetMap&LAYERS=Ortos2021-RGB&STYLES=&SRS=EPSG%3A4326&BBOX=-7.42567571%2C41.74661365%2C-7.41951094%2C41.75121300&WIDTH=512&HEIGHT=512&FORMAT=image%2Fpng&TRANSPARENT=false	2026-08-01T00:00:00Z
weak-chip-export-v1-00008	wl-tile-v1-09665	wl-neg-neg-pt-dgpc-105104	neg-pt-dgpc-105104	0	hard_negative	train	PT	Amarante - Calçada da Misericórdia	-8.081246915917617	41.27219252605144	-8.08430669,41.26989285,-8.07818714,41.27449220	512	dgt_ortos2021_rgb	https://cartografia.dgterritorio.gov.pt/wms/ortos2021	Ortos2021-RGB	data/external/weak-label-chips-v1/train/negative/wl-tile-v1-09665-neg-pt-dgpc-105104.png	weak_label_candidate_for_model_v1	512	512	downloaded	valid	512	512	P	233306	1		https://cartografia.dgterritorio.gov.pt/wms/ortos2021?SERVICE=WMS&VERSION=1.1.1&REQUEST=GetMap&LAYERS=Ortos2021-RGB&STYLES=&SRS=EPSG%3A4326&BBOX=-8.08430669%2C41.26989285%2C-8.07818714%2C41.27449220&WIDTH=512&HEIGHT=512&FORMAT=image%2Fpng&TRANSPARENT=false	2026-08-01T00:00:00Z
weak-chip-export-v1-00009	wl-tile-v1-09673	wl-neg-neg-pt-dgpc-114810	neg-pt-dgpc-114810	0	hard_negative	train	PT	Amarante - Ponte de Santa Luzia	-8.082811750155177	41.272125516765286	-8.08587152,41.26982584,-8.07975198,41.27442519	512	dgt_ortos2021_rgb	https://cartografia.dgterritorio.gov.pt/wms/ortos2021	Ortos2021-RGB	data/external/weak-label-chips-v1/train/negative/wl-tile-v1-09673-neg-pt-dgpc-114810.png	weak_label_candidate_for_model_v1	512	512	downloaded	valid	512	512	P	235960	1		https://cartografia.dgterritorio.gov.pt/wms/ortos2021?SERVICE=WMS&VERSION=1.1.1&REQUEST=GetMap&LAYERS=Ortos2021-RGB&STYLES=&SRS=EPSG%3A4326&BBOX=-8.08587152%2C41.26982584%2C-8.07975198%2C41.27442519&WIDTH=512&HEIGHT=512&FORMAT=image%2Fpng&TRANSPARENT=false	2026-08-01T00:00:00Z
weak-chip-export-v1-00010	wl-tile-v1-09533	wl-neg-neg-pt-dgpc-109231	neg-pt-dgpc-109231	0	hard_negative	train	PT	Anjo da Guarda São Miguel-o-Anjo	-8.346639411620394	41.61905339405689	-8.34971558,41.61675372,-8.34356324,41.62135307	512	dgt_ortos2021_rgb	https://cartografia.dgterritorio.gov.pt/wms/ortos2021	Ortos2021-RGB	data/external/weak-label-chips-v1/train/negative/wl-tile-v1-09533-neg-pt-dgpc-109231.png	weak_label_candidate_for_model_v1	512	512	downloaded	valid	512	512	P	233564	1		https://cartografia.dgterritorio.gov.pt/wms/ortos2021?SERVICE=WMS&VERSION=1.1.1&REQUEST=GetMap&LAYERS=Ortos2021-RGB&STYLES=&SRS=EPSG%3A4326&BBOX=-8.34971558%2C41.61675372%2C-8.34356324%2C41.62135307&WIDTH=512&HEIGHT=512&FORMAT=image%2Fpng&TRANSPARENT=false	2026-08-01T00:00:00Z
weak-chip-export-v1-00011	wl-tile-v1-09859	wl-neg-neg-pt-dgpc-109575	neg-pt-dgpc-109575	0	hard_negative	train	PT	Antigo de Arcos/ Arcos-Miliário do Imperador Tibério	-7.669406113029623	41.76359693956762	-7.67248921,41.76129726,-7.66632302,41.76589662	512	dgt_ortos2021_rgb	https://cartografia.dgterritorio.gov.pt/wms/ortos2021	Ortos2021-RGB	data/external/weak-label-chips-v1/train/negative/wl-tile-v1-09859-neg-pt-dgpc-109575.png	weak_label_candidate_for_model_v1	512	512	downloaded	valid	512	512	P	243995	1		https://cartografia.dgterritorio.gov.pt/wms/ortos2021?SERVICE=WMS&VERSION=1.1.1&REQUEST=GetMap&LAYERS=Ortos2021-RGB&STYLES=&SRS=EPSG%3A4326&BBOX=-7.67248921%2C41.76129726%2C-7.66632302%2C41.76589662&WIDTH=512&HEIGHT=512&FORMAT=image%2Fpng&TRANSPARENT=false	2026-08-01T00:00:00Z
weak-chip-export-v1-00012	wl-tile-v1-09626	wl-neg-neg-pt-dgpc-109367	neg-pt-dgpc-109367	0	hard_negative	train	PT	Arca	-8.445128030034828	41.628234136079726	-8.44820464,41.62593446,-8.44205142,41.63053381	512	dgt_ortos2021_rgb	https://cartografia.dgterritorio.gov.pt/wms/ortos2021	Ortos2021-RGB	data/external/weak-label-chips-v1/train/negative/wl-tile-v1-09626-neg-pt-dgpc-109367.png	weak_label_candidate_for_model_v1	512	512	downloaded	valid	512	512	P	236995	1		https://cartografia.dgterritorio.gov.pt/wms/ortos2021?SERVICE=WMS&VERSION=1.1.1&REQUEST=GetMap&LAYERS=Ortos2021-RGB&STYLES=&SRS=EPSG%3A4326&BBOX=-8.44820464%2C41.62593446%2C-8.44205142%2C41.63053381&WIDTH=512&HEIGHT=512&FORMAT=image%2Fpng&TRANSPARENT=false	2026-08-01T00:00:00Z
weak-chip-export-v1-00013	wl-tile-v1-09702	wl-neg-neg-pt-dgpc-104969	neg-pt-dgpc-104969	0	hard_negative	train	PT	Arcos	-8.541789200559847	41.25697442560436	-8.54484826,41.25467475,-8.53873014,41.25927410	512	dgt_ortos2021_rgb	https://cartografia.dgterritorio.gov.pt/wms/ortos2021	Ortos2021-RGB	data/external/weak-label-chips-v1/train/negative/wl-tile-v1-09702-neg-pt-dgpc-104969.png	weak_label_candidate_for_model_v1	512	512	downloaded	valid	512	512	P	249882	1		https://cartografia.dgterritorio.gov.pt/wms/ortos2021?SERVICE=WMS&VERSION=1.1.1&REQUEST=GetMap&LAYERS=Ortos2021-RGB&STYLES=&SRS=EPSG%3A4326&BBOX=-8.54484826%2C41.25467475%2C-8.53873014%2C41.25927410&WIDTH=512&HEIGHT=512&FORMAT=image%2Fpng&TRANSPARENT=false	2026-08-01T00:00:00Z
weak-chip-export-v1-00014	wl-tile-v1-09704	wl-neg-neg-pt-dgpc-106058	neg-pt-dgpc-106058	0	hard_negative	train	PT	Ardegães/ Bouça da Cova da Moura	-8.56947680757387	41.233607962743655	-8.57253477,41.23130829,-8.56641884,41.23590764	512	dgt_ortos2021_rgb	https://cartografia.dgterritorio.gov.pt/wms/ortos2021	Ortos2021-RGB	data/external/weak-label-chips-v1/train/negative/wl-tile-v1-09704-neg-pt-dgpc-106058.png	weak_label_candidate_for_model_v1	512	512	downloaded	valid	512	512	P	238141	1		https://cartografia.dgterritorio.gov.pt/wms/ortos2021?SERVICE=WMS&VERSION=1.1.1&REQUEST=GetMap&LAYERS=Ortos2021-RGB&STYLES=&SRS=EPSG%3A4326&BBOX=-8.57253477%2C41.23130829%2C-8.56641884%2C41.23590764&WIDTH=512&HEIGHT=512&FORMAT=image%2Fpng&TRANSPARENT=false	2026-08-01T00:00:00Z
weak-chip-export-v1-00015	wl-tile-v1-09595	wl-neg-neg-pt-dgpc-114655	neg-pt-dgpc-114655	0	hard_negative	train	PT	Assento	-8.320148127738037	41.70572847561232	-8.32322844,41.70342880,-8.31706781,41.70802815	512	dgt_ortos2021_rgb	https://cartografia.dgterritorio.gov.pt/wms/ortos2021	Ortos2021-RGB	data/external/weak-label-chips-v1/train/negative/wl-tile-v1-09595-neg-pt-dgpc-114655.png	weak_label_candidate_for_model_v1	512	512	downloaded	valid	512	512	P	237630	1		https://cartografia.dgterritorio.gov.pt/wms/ortos2021?SERVICE=WMS&VERSION=1.1.1&REQUEST=GetMap&LAYERS=Ortos2021-RGB&STYLES=&SRS=EPSG%3A4326&BBOX=-8.32322844%2C41.70342880%2C-8.31706781%2C41.70802815&WIDTH=512&HEIGHT=512&FORMAT=image%2Fpng&TRANSPARENT=false	2026-08-01T00:00:00Z
weak-chip-export-v1-00016	wl-tile-v1-09621	wl-neg-neg-pt-dgpc-107051	neg-pt-dgpc-107051	0	hard_negative	train	PT	Atalaia do Telhado	-8.4517245674111	41.43499742301069	-8.45479200,41.43269775,-8.44865713,41.43729710	512	dgt_ortos2021_rgb	https://cartografia.dgterritorio.gov.pt/wms/ortos2021	Ortos2021-RGB	data/external/weak-label-chips-v1/train/negative/wl-tile-v1-09621-neg-pt-dgpc-107051.png	weak_label_candidate_for_model_v1	512	512	downloaded	valid	512	512	P	255516	1		https://cartografia.dgterritorio.gov.pt/wms/ortos2021?SERVICE=WMS&VERSION=1.1.1&REQUEST=GetMap&LAYERS=Ortos2021-RGB&STYLES=&SRS=EPSG%3A4326&BBOX=-8.45479200%2C41.43269775%2C-8.44865713%2C41.43729710&WIDTH=512&HEIGHT=512&FORMAT=image%2Fpng&TRANSPARENT=false	2026-08-01T00:00:00Z
weak-chip-export-v1-00017	wl-tile-v1-09664	wl-neg-neg-pt-dgpc-105070	neg-pt-dgpc-105070	0	hard_negative	train	PT	Ataúdes	-8.064034971842643	41.269278660387315	-8.06709461,41.26697898,-8.06097534,41.27157834	512	dgt_ortos2021_rgb	https://cartografia.dgterritorio.gov.pt/wms/ortos2021	Ortos2021-RGB	data/external/weak-label-chips-v1/train/negative/wl-tile-v1-09664-neg-pt-dgpc-105070.png	weak_label_candidate_for_model_v1	512	512	downloaded	valid	512	512	P	233354	1		https://cartografia.dgterritorio.gov.pt/wms/ortos2021?SERVICE=WMS&VERSION=1.1.1&REQUEST=GetMap&LAYERS=Ortos2021-RGB&STYLES=&SRS=EPSG%3A4326&BBOX=-8.06709461%2C41.26697898%2C-8.06097534%2C41.27157834&WIDTH=512&HEIGHT=512&FORMAT=image%2Fpng&TRANSPARENT=false	2026-08-01T00:00:00Z
weak-chip-export-v1-00018	wl-tile-v1-09809	wl-neg-neg-pt-dgpc-110401	neg-pt-dgpc-110401	0	hard_negative	train	PT	Barreira	-8.580239742991134	42.038223145757485	-8.58333612,42.03592347,-8.57714336,42.04052282	512	dgt_ortos2021_rgb	https://cartografia.dgterritorio.gov.pt/wms/ortos2021	Ortos2021-RGB	data/external/weak-label-chips-v1/train/negative/wl-tile-v1-09809-neg-pt-dgpc-110401.png	weak_label_candidate_for_model_v1	512	512	downloaded	valid	512	512	P	240509	1		https://cartografia.dgterritorio.gov.pt/wms/ortos2021?SERVICE=WMS&VERSION=1.1.1&REQUEST=GetMap&LAYERS=Ortos2021-RGB&STYLES=&SRS=EPSG%3A4326&BBOX=-8.58333612%2C42.03592347%2C-8.57714336%2C42.04052282&WIDTH=512&HEIGHT=512&FORMAT=image%2Fpng&TRANSPARENT=false	2026-08-01T00:00:00Z
weak-chip-export-v1-00019	wl-tile-v1-09774	wl-neg-neg-pt-dgpc-108421	neg-pt-dgpc-108421	0	hard_negative	train	PT	Borzendes 2	-8.611472807593035	41.92233801236057	-8.61456356,41.92003834,-8.60838206,41.92463769	512	dgt_ortos2021_rgb	https://cartografia.dgterritorio.gov.pt/wms/ortos2021	Ortos2021-RGB	data/external/weak-label-chips-v1/train/negative/wl-tile-v1-09774-neg-pt-dgpc-108421.png	weak_label_candidate_for_model_v1	512	512	downloaded	valid	512	512	P	243030	1		https://cartografia.dgterritorio.gov.pt/wms/ortos2021?SERVICE=WMS&VERSION=1.1.1&REQUEST=GetMap&LAYERS=Ortos2021-RGB&STYLES=&SRS=EPSG%3A4326&BBOX=-8.61456356%2C41.92003834%2C-8.60838206%2C41.92463769&WIDTH=512&HEIGHT=512&FORMAT=image%2Fpng&TRANSPARENT=false	2026-08-01T00:00:00Z
weak-chip-export-v1-00020	wl-tile-v1-09675	wl-neg-neg-pt-dgpc-106379	neg-pt-dgpc-106379	0	hard_negative	train	PT	Bouça Chã	-8.138495798300449	41.317668947333395	-8.14155770,41.31536927,-8.13543389,41.31996862	512	dgt_ortos2021_rgb	https://cartografia.dgterritorio.gov.pt/wms/ortos2021	Ortos2021-RGB	data/external/weak-label-chips-v1/train/negative/wl-tile-v1-09675-neg-pt-dgpc-106379.png	weak_label_candidate_for_model_v1	512	512	downloaded	valid	512	512	P	230514	1		https://cartografia.dgterritorio.gov.pt/wms/ortos2021?SERVICE=WMS&VERSION=1.1.1&REQUEST=GetMap&LAYERS=Ortos2021-RGB&STYLES=&SRS=EPSG%3A4326&BBOX=-8.14155770%2C41.31536927%2C-8.13543389%2C41.31996862&WIDTH=512&HEIGHT=512&FORMAT=image%2Fpng&TRANSPARENT=false	2026-08-01T00:00:00Z
weak-chip-export-v1-00021	wl-tile-v1-09542	wl-neg-neg-pt-dgpc-112403	neg-pt-dgpc-112403	0	hard_negative	train	PT	Bouça da Giesta	-8.6650538858728	41.626108663170776	-8.66813039,41.62380899,-8.66197738,41.62840834	512	dgt_ortos2021_rgb	https://cartografia.dgterritorio.gov.pt/wms/ortos2021	Ortos2021-RGB	data/external/weak-label-chips-v1/train/negative/wl-tile-v1-09542-neg-pt-dgpc-112403.png	weak_label_candidate_for_model_v1	512	512	downloaded	valid	512	512	P	253510	1		https://cartografia.dgterritorio.gov.pt/wms/ortos2021?SERVICE=WMS&VERSION=1.1.1&REQUEST=GetMap&LAYERS=Ortos2021-RGB&STYLES=&SRS=EPSG%3A4326&BBOX=-8.66813039%2C41.62380899%2C-8.66197738%2C41.62840834&WIDTH=512&HEIGHT=512&FORMAT=image%2Fpng&TRANSPARENT=false	2026-08-01T00:00:00Z
weak-chip-export-v1-00022	wl-tile-v1-09589	wl-neg-neg-pt-dgpc-107094	neg-pt-dgpc-107094	0	hard_negative	train	PT	Bouça de Mosqueiros	-7.97346544650917	41.387258944938154	-7.97653063,41.38495927,-7.97040027,41.38955862	512	dgt_ortos2021_rgb	https://cartografia.dgterritorio.gov.pt/wms/ortos2021	Ortos2021-RGB	data/external/weak-label-chips-v1/train/negative/wl-tile-v1-09589-neg-pt-dgpc-107094.png	weak_label_candidate_for_model_v1	512	512	downloaded	valid	512	512	P	253276	1		https://cartografia.dgterritorio.gov.pt/wms/ortos2021?SERVICE=WMS&VERSION=1.1.1&REQUEST=GetMap&LAYERS=Ortos2021-RGB&STYLES=&SRS=EPSG%3A4326&BBOX=-7.97653063%2C41.38495927%2C-7.97040027%2C41.38955862&WIDTH=512&HEIGHT=512&FORMAT=image%2Fpng&TRANSPARENT=false	2026-08-01T00:00:00Z
weak-chip-export-v1-00023	wl-tile-v1-09532	wl-neg-neg-pt-dgpc-109017	neg-pt-dgpc-109017	0	hard_negative	train	PT	Bouças Velhas	-8.298472673353556	41.66959539277655	-8.30155126,41.66729572,-8.29539409,41.67189507	512	dgt_ortos2021_rgb	https://cartografia.dgterritorio.gov.pt/wms/ortos2021	Ortos2021-RGB	data/external/weak-label-chips-v1/train/negative/wl-tile-v1-09532-neg-pt-dgpc-109017.png	weak_label_candidate_for_model_v1	512	512	downloaded	valid	512	512	P	249048	1		https://cartografia.dgterritorio.gov.pt/wms/ortos2021?SERVICE=WMS&VERSION=1.1.1&REQUEST=GetMap&LAYERS=Ortos2021-RGB&STYLES=&SRS=EPSG%3A4326&BBOX=-8.30155126%2C41.66729572%2C-8.29539409%2C41.67189507&WIDTH=512&HEIGHT=512&FORMAT=image%2Fpng&TRANSPARENT=false	2026-08-01T00:00:00Z
weak-chip-export-v1-00024	wl-tile-v1-09573	wl-neg-neg-pt-dgpc-111201	neg-pt-dgpc-111201	0	hard_negative	train	PT	Braga - Avenida da Imaculada Conceição (Nova Loja Lidl)	-8.426391027986964	41.54397082525856	-8.42946363,41.54167115,-8.42331843,41.54627050	512	dgt_ortos2021_rgb	https://cartografia.dgterritorio.gov.pt/wms/ortos2021	Ortos2021-RGB	data/external/weak-label-chips-v1/train/negative/wl-tile-v1-09573-neg-pt-dgpc-111201.png	weak_label_candidate_for_model_v1	512	512	downloaded	valid	512	512	P	225682	1		https://cartografia.dgterritorio.gov.pt/wms/ortos2021?SERVICE=WMS&VERSION=1.1.1&REQUEST=GetMap&LAYERS=Ortos2021-RGB&STYLES=&SRS=EPSG%3A4326&BBOX=-8.42946363%2C41.54167115%2C-8.42331843%2C41.54627050&WIDTH=512&HEIGHT=512&FORMAT=image%2Fpng&TRANSPARENT=false	2026-08-01T00:00:00Z
weak-chip-export-v1-00025	wl-tile-v1-09563	wl-neg-neg-pt-dgpc-107560	neg-pt-dgpc-107560	0	hard_negative	train	PT	Braga - Avenida da Liberdade, 745	-8.422684566751855	41.550212971792995	-8.42575746,41.54791330,-8.41961167,41.55251265	512	dgt_ortos2021_rgb	https://cartografia.dgterritorio.gov.pt/wms/ortos2021	Ortos2021-RGB	data/external/weak-label-chips-v1/train/negative/wl-tile-v1-09563-neg-pt-dgpc-107560.png	weak_label_candidate_for_model_v1	512	512	downloaded	valid	512	512	P	227927	1		https://cartografia.dgterritorio.gov.pt/wms/ortos2021?SERVICE=WMS&VERSION=1.1.1&REQUEST=GetMap&LAYERS=Ortos2021-RGB&STYLES=&SRS=EPSG%3A4326&BBOX=-8.42575746%2C41.54791330%2C-8.41961167%2C41.55251265&WIDTH=512&HEIGHT=512&FORMAT=image%2Fpng&TRANSPARENT=false	2026-08-01T00:00:00Z
weak-chip-export-v1-00026	wl-tile-v1-09553	wl-neg-neg-pt-dgpc-107535	neg-pt-dgpc-107535	0	hard_negative	train	PT	Braga - Avenida da Liberdade/Quarteirão dos C.T.T.	-8.422389224490304	41.54906242516026	-8.42546206,41.54676275,-8.41931638,41.55136210	512	dgt_ortos2021_rgb	https://cartografia.dgterritorio.gov.pt/wms/ortos2021	Ortos2021-RGB	data/external/weak-label-chips-v1/train/negative/wl-tile-v1-09553-neg-pt-dgpc-107535.png	weak_label_candidate_for_model_v1	512	512	downloaded	valid	512	512	P	227407	1		https://cartografia.dgterritorio.gov.pt/wms/ortos2021?SERVICE=WMS&VERSION=1.1.1&REQUEST=GetMap&LAYERS=Ortos2021-RGB&STYLES=&SRS=EPSG%3A4326&BBOX=-8.42546206%2C41.54676275%2C-8.41931638%2C41.55136210&WIDTH=512&HEIGHT=512&FORMAT=image%2Fpng&TRANSPARENT=false	2026-08-01T00:00:00Z
weak-chip-export-v1-00027	wl-tile-v1-09558	wl-neg-neg-pt-dgpc-107545	neg-pt-dgpc-107545	0	hard_negative	train	PT	Braga - Carvalheiras	-8.430316149945021	41.54829953100297	-8.43338895,41.54599985,-8.42724335,41.55059921	512	dgt_ortos2021_rgb	https://cartografia.dgterritorio.gov.pt/wms/ortos2021	Ortos2021-RGB	data/external/weak-label-chips-v1/train/negative/wl-tile-v1-09558-neg-pt-dgpc-107545.png	weak_label_candidate_for_model_v1	512	512	downloaded	valid	512	512	P	233583	1		https://cartografia.dgterritorio.gov.pt/wms/ortos2021?SERVICE=WMS&VERSION=1.1.1&REQUEST=GetMap&LAYERS=Ortos2021-RGB&STYLES=&SRS=EPSG%3A4326&BBOX=-8.43338895%2C41.54599985%2C-8.42724335%2C41.55059921&WIDTH=512&HEIGHT=512&FORMAT=image%2Fpng&TRANSPARENT=false	2026-08-01T00:00:00Z
weak-chip-export-v1-00028	wl-tile-v1-09575	wl-neg-neg-pt-dgpc-111296	neg-pt-dgpc-111296	0	hard_negative	train	PT	Braga - Instituto Monsenhor Airosa	-8.427494875347621	41.544946895159505	-8.43056752,41.54264722,-8.42442223,41.54724657	512	dgt_ortos2021_rgb	https://cartografia.dgterritorio.gov.pt/wms/ortos2021	Ortos2021-RGB	data/external/weak-label-chips-v1/train/negative/wl-tile-v1-09575-neg-pt-dgpc-111296.png	weak_label_candidate_for_model_v1	512	512	downloaded	valid	512	512	P	228211	1		https://cartografia.dgterritorio.gov.pt/wms/ortos2021?SERVICE=WMS&VERSION=1.1.1&REQUEST=GetMap&LAYERS=Ortos2021-RGB&STYLES=&SRS=EPSG%3A4326&BBOX=-8.43056752%2C41.54264722%2C-8.42442223%2C41.54724657&WIDTH=512&HEIGHT=512&FORMAT=image%2Fpng&TRANSPARENT=false	2026-08-01T00:00:00Z
weak-chip-export-v1-00029	wl-tile-v1-09579	wl-neg-neg-pt-dgpc-112197	neg-pt-dgpc-112197	0	hard_negative	train	PT	Braga - Largo da Senhora-a-Branca, 126-128	-8.417650305798176	41.55110241947685	-8.42072324,41.54880274,-8.41457737,41.55340210	512	dgt_ortos2021_rgb	https://cartografia.dgterritorio.gov.pt/wms/ortos2021	Ortos2021-RGB	data/external/weak-label-chips-v1/train/negative/wl-tile-v1-09579-neg-pt-dgpc-112197.png	weak_label_candidate_for_model_v1	512	512	downloaded	valid	512	512	P	234977	1		https://cartografia.dgterritorio.gov.pt/wms/ortos2021?SERVICE=WMS&VERSION=1.1.1&REQUEST=GetMap&LAYERS=Ortos2021-RGB&STYLES=&SRS=EPSG%3A4326&BBOX=-8.42072324%2C41.54880274%2C-8.41457737%2C41.55340210&WIDTH=512&HEIGHT=512&FORMAT=image%2Fpng&TRANSPARENT=false	2026-08-01T00:00:00Z
weak-chip-export-v1-00030	wl-tile-v1-09565	wl-neg-neg-pt-dgpc-107572	neg-pt-dgpc-107572	0	hard_negative	train	PT	Braga - Largo do Paço	-8.426414163366106	41.550312563877235	-8.42948706,41.54801289,-8.42334126,41.55261224	512	dgt_ortos2021_rgb	https://cartografia.dgterritorio.gov.pt/wms/ortos2021	Ortos2021-RGB	data/external/weak-label-chips-v1/train/negative/wl-tile-v1-09565-neg-pt-dgpc-107572.png	weak_label_candidate_for_model_v1	512	512	downloaded	valid	512	512	P	235378	1		https://cartografia.dgterritorio.gov.pt/wms/ortos2021?SERVICE=WMS&VERSION=1.1.1&REQUEST=GetMap&LAYERS=Ortos2021-RGB&STYLES=&SRS=EPSG%3A4326&BBOX=-8.42948706%2C41.54801289%2C-8.42334126%2C41.55261224&WIDTH=512&HEIGHT=512&FORMAT=image%2Fpng&TRANSPARENT=false	2026-08-01T00:00:00Z
weak-chip-export-v1-00031	wl-tile-v1-09560	wl-neg-neg-pt-dgpc-107553	neg-pt-dgpc-107553	0	hard_negative	train	PT	Braga - Praça Conde São Joaquim, 21-23	-8.431562140402487	41.54903878005863	-8.43463498,41.54673910,-8.42848930,41.55133846	512	dgt_ortos2021_rgb	https://cartografia.dgterritorio.gov.pt/wms/ortos2021	Ortos2021-RGB	data/external/weak-label-chips-v1/train/negative/wl-tile-v1-09560-neg-pt-dgpc-107553.png	weak_label_candidate_for_model_v1	512	512	downloaded	valid	512	512	P	229126	1		https://cartografia.dgterritorio.gov.pt/wms/ortos2021?SERVICE=WMS&VERSION=1.1.1&REQUEST=GetMap&LAYERS=Ortos2021-RGB&STYLES=&SRS=EPSG%3A4326&BBOX=-8.43463498%2C41.54673910%2C-8.42848930%2C41.55133846&WIDTH=512&HEIGHT=512&FORMAT=image%2Fpng&TRANSPARENT=false	2026-08-01T00:00:00Z
weak-chip-export-v1-00032	wl-tile-v1-09554	wl-neg-neg-pt-dgpc-107536	neg-pt-dgpc-107536	0	hard_negative	train	PT	Braga - Praça Jerónimo Pimentel, 36-37	-8.429805312892464	41.54752172228585	-8.43287808,41.54522205,-8.42673255,41.54982140	512	dgt_ortos2021_rgb	https://cartografia.dgterritorio.gov.pt/wms/ortos2021	Ortos2021-RGB	data/external/weak-label-chips-v1/train/negative/wl-tile-v1-09554-neg-pt-dgpc-107536.png	weak_label_candidate_for_model_v1	512	512	downloaded	valid	512	512	P	233891	1		https://cartografia.dgterritorio.gov.pt/wms/ortos2021?SERVICE=WMS&VERSION=1.1.1&REQUEST=GetMap&LAYERS=Ortos2021-RGB&STYLES=&SRS=EPSG%3A4326&BBOX=-8.43287808%2C41.54522205%2C-8.42673255%2C41.54982140&WIDTH=512&HEIGHT=512&FORMAT=image%2Fpng&TRANSPARENT=false	2026-08-01T00:00:00Z
weak-chip-export-v1-00033	wl-tile-v1-09577	wl-neg-neg-pt-dgpc-111331	neg-pt-dgpc-111331	0	hard_negative	train	PT	Braga - Praça de República, 1	-8.423300700873469	41.551903222714095	-8.42637368,41.54960355,-8.42022773,41.55420290	512	dgt_ortos2021_rgb	https://cartografia.dgterritorio.gov.pt/wms/ortos2021	Ortos2021-RGB	data/external/weak-label-chips-v1/train/negative/wl-tile-v1-09577-neg-pt-dgpc-111331.png	weak_label_candidate_for_model_v1	512	512	downloaded	valid	512	512	P	228882	1		https://cartografia.dgterritorio.gov.pt/wms/ortos2021?SERVICE=WMS&VERSION=1.1.1&REQUEST=GetMap&LAYERS=Ortos2021-RGB&STYLES=&SRS=EPSG%3A4326&BBOX=-8.42637368%2C41.54960355%2C-8.42022773%2C41.55420290&WIDTH=512&HEIGHT=512&FORMAT=image%2Fpng&TRANSPARENT=false	2026-08-01T00:00:00Z
weak-chip-export-v1-00034	wl-tile-v1-09581	wl-neg-neg-pt-dgpc-112560	neg-pt-dgpc-112560	0	hard_negative	train	PT	Braga - Rua 25 de Abril	-8.417208107113268	41.55044837058126	-8.42028101,41.54814869,-8.41413520,41.55274805	512	dgt_ortos2021_rgb	https://cartografia.dgterritorio.gov.pt/wms/ortos2021	Ortos2021-RGB	data/external/weak-label-chips-v1/train/negative/wl-tile-v1-09581-neg-pt-dgpc-112560.png	weak_label_candidate_for_model_v1	512	512	downloaded	valid	512	512	P	237111	1		https://cartografia.dgterritorio.gov.pt/wms/ortos2021?SERVICE=WMS&VERSION=1.1.1&REQUEST=GetMap&LAYERS=Ortos2021-RGB&STYLES=&SRS=EPSG%3A4326&BBOX=-8.42028101%2C41.54814869%2C-8.41413520%2C41.55274805&WIDTH=512&HEIGHT=512&FORMAT=image%2Fpng&TRANSPARENT=false	2026-08-01T00:00:00Z
weak-chip-export-v1-00035	wl-tile-v1-09584	wl-neg-neg-pt-dgpc-114040	neg-pt-dgpc-114040	0	hard_negative	train	PT	Braga - Rua Alferes Alfredo Ferreira, 75-77	-8.42829465364224	41.55336596932922	-8.43136770,41.55106629,-8.42522161,41.55566565	512	dgt_ortos2021_rgb	https://cartografia.dgterritorio.gov.pt/wms/ortos2021	Ortos2021-RGB	data/external/weak-label-chips-v1/train/negative/wl-tile-v1-09584-neg-pt-dgpc-114040.png	weak_label_candidate_for_model_v1	512	512	downloaded	valid	512	512	P	225860	1		https://cartografia.dgterritorio.gov.pt/wms/ortos2021?SERVICE=WMS&VERSION=1.1.1&REQUEST=GetMap&LAYERS=Ortos2021-RGB&STYLES=&SRS=EPSG%3A4326&BBOX=-8.43136770%2C41.55106629%2C-8.42522161%2C41.55566565&WIDTH=512&HEIGHT=512&FORMAT=image%2Fpng&TRANSPARENT=false	2026-08-01T00:00:00Z
weak-chip-export-v1-00036	wl-tile-v1-09557	wl-neg-neg-pt-dgpc-107544	neg-pt-dgpc-107544	0	hard_negative	train	PT	Braga - Rua Cruz de Pedra, 103-109	-8.431820543174766	41.54789464596964	-8.43489333,41.54559497,-8.42874776,41.55019432	512	dgt_ortos2021_rgb	https://cartografia.dgterritorio.gov.pt/wms/ortos2021	Ortos2021-RGB	data/external/weak-label-chips-v1/train/negative/wl-tile-v1-09557-neg-pt-dgpc-107544.png	weak_label_candidate_for_model_v1	512	512	downloaded	valid	512	512	P	229404	1		https://cartografia.dgterritorio.gov.pt/wms/ortos2021?SERVICE=WMS&VERSION=1.1.1&REQUEST=GetMap&LAYERS=Ortos2021-RGB&STYLES=&SRS=EPSG%3A4326&BBOX=-8.43489333%2C41.54559497%2C-8.42874776%2C41.55019432&WIDTH=512&HEIGHT=512&FORMAT=image%2Fpng&TRANSPARENT=false	2026-08-01T00:00:00Z
weak-chip-export-v1-00037	wl-tile-v1-09550	wl-neg-neg-pt-dgpc-107528	neg-pt-dgpc-107528	0	hard_negative	train	PT	Braga - Rua Cruz de Pedra, 108-118	-8.432894826185676	41.54694646166757	-8.43596757,41.54464679,-8.42982209,41.54924614	512	dgt_ortos2021_rgb	https://cartografia.dgterritorio.gov.pt/wms/ortos2021	Ortos2021-RGB	data/external/weak-label-chips-v1/train/negative/wl-tile-v1-09550-neg-pt-dgpc-107528.png	weak_label_candidate_for_model_v1	512	512	downloaded	valid	512	512	P	231234	1		https://cartografia.dgterritorio.gov.pt/wms/ortos2021?SERVICE=WMS&VERSION=1.1.1&REQUEST=GetMap&LAYERS=Ortos2021-RGB&STYLES=&SRS=EPSG%3A4326&BBOX=-8.43596757%2C41.54464679%2C-8.42982209%2C41.54924614&WIDTH=512&HEIGHT=512&FORMAT=image%2Fpng&TRANSPARENT=false	2026-08-01T00:00:00Z
weak-chip-export-v1-00038	wl-tile-v1-09571	wl-neg-neg-pt-dgpc-111021	neg-pt-dgpc-111021	0	hard_negative	train	PT	Braga - Rua Cruz de Pedra, 91-93	-8.431802122002123	41.548098366995276	-8.43487492,41.54579869,-8.42872933,41.55039804	512	dgt_ortos2021_rgb	https://cartografia.dgterritorio.gov.pt/wms/ortos2021	Ortos2021-RGB	data/external/weak-label-chips-v1/train/negative/wl-tile-v1-09571-neg-pt-dgpc-111021.png	weak_label_candidate_for_model_v1	512	512	downloaded	valid	512	512	P	228907	1		https://cartografia.dgterritorio.gov.pt/wms/ortos2021?SERVICE=WMS&VERSION=1.1.1&REQUEST=GetMap&LAYERS=Ortos2021-RGB&STYLES=&SRS=EPSG%3A4326&BBOX=-8.43487492%2C41.54579869%2C-8.42872933%2C41.55039804&WIDTH=512&HEIGHT=512&FORMAT=image%2Fpng&TRANSPARENT=false	2026-08-01T00:00:00Z
weak-chip-export-v1-00039	wl-tile-v1-09574	wl-neg-neg-pt-dgpc-111203	neg-pt-dgpc-111203	0	hard_negative	train	PT	Braga - Rua D. Diogo de Sousa, 102-118	-8.42749428181833	41.5503423163638	-8.43056718,41.54804264,-8.42442138,41.55264199	512	dgt_ortos2021_rgb	https://cartografia.dgterritorio.gov.pt/wms/ortos2021	Ortos2021-RGB	data/external/weak-label-chips-v1/train/negative/wl-tile-v1-09574-neg-pt-dgpc-111203.png	weak_label_candidate_for_model_v1	512	512	downloaded	valid	512	512	P	234311	1		https://cartografia.dgterritorio.gov.pt/wms/ortos2021?SERVICE=WMS&VERSION=1.1.1&REQUEST=GetMap&LAYERS=Ortos2021-RGB&STYLES=&SRS=EPSG%3A4326&BBOX=-8.43056718%2C41.54804264%2C-8.42442138%2C41.55264199&WIDTH=512&HEIGHT=512&FORMAT=image%2Fpng&TRANSPARENT=false	2026-08-01T00:00:00Z
weak-chip-export-v1-00040	wl-tile-v1-09569	wl-neg-neg-pt-dgpc-110813	neg-pt-dgpc-110813	0	hard_negative	train	PT	Braga - Rua Direita, 25-29	-8.43259408533794	41.54624234519241	-8.43566679,41.54394267,-8.42952138,41.54854202	512	dgt_ortos2021_rgb	https://cartografia.dgterritorio.gov.pt/wms/ortos2021	Ortos2021-RGB	data/external/weak-label-chips-v1/train/negative/wl-tile-v1-09569-neg-pt-dgpc-110813.png	weak_label_candidate_for_model_v1	512	512	downloaded	valid	512	512	P	231042	1		https://cartografia.dgterritorio.gov.pt/wms/ortos2021?SERVICE=WMS&VERSION=1.1.1&REQUEST=GetMap&LAYERS=Ortos2021-RGB&STYLES=&SRS=EPSG%3A4326&BBOX=-8.43566679%2C41.54394267%2C-8.42952138%2C41.54854202&WIDTH=512&HEIGHT=512&FORMAT=image%2Fpng&TRANSPARENT=false	2026-08-01T00:00:00Z
weak-chip-export-v1-00041	wl-tile-v1-09559	wl-neg-neg-pt-dgpc-107550	neg-pt-dgpc-107550	0	hard_negative	train	PT	Braga - Rua Dom Afonso Henriques	-8.42752161350317	41.54872508844994	-8.43059444,41.54642541,-8.42444879,41.55102477	512	dgt_ortos2021_rgb	https://cartografia.dgterritorio.gov.pt/wms/ortos2021	Ortos2021-RGB	data/external/weak-label-chips-v1/train/negative/wl-tile-v1-09559-neg-pt-dgpc-107550.png	weak_label_candidate_for_model_v1	512	512	downloaded	valid	512	512	P	232949	1		https://cartografia.dgterritorio.gov.pt/wms/ortos2021?SERVICE=WMS&VERSION=1.1.1&REQUEST=GetMap&LAYERS=Ortos2021-RGB&STYLES=&SRS=EPSG%3A4326&BBOX=-8.43059444%2C41.54642541%2C-8.42444879%2C41.55102477&WIDTH=512&HEIGHT=512&FORMAT=image%2Fpng&TRANSPARENT=false	2026-08-01T00:00:00Z
weak-chip-export-v1-00042	wl-tile-v1-09586	wl-neg-neg-pt-dgpc-114702	neg-pt-dgpc-114702	0	hard_negative	train	PT	Braga - Rua Dr. Manuel Vieira Matos, Lote 10	-8.415540563338318	41.555563247159455	-8.41861371,41.55326357,-8.41246741,41.55786292	512	dgt_ortos2021_rgb	https://cartografia.dgterritorio.gov.pt/wms/ortos2021	Ortos2021-RGB	data/external/weak-label-chips-v1/train/negative/wl-tile-v1-09586-neg-pt-dgpc-114702.png	weak_label_candidate_for_model_v1	512	512	downloaded	valid	512	512	P	220510	1		https://cartografia.dgterritorio.gov.pt/wms/ortos2021?SERVICE=WMS&VERSION=1.1.1&REQUEST=GetMap&LAYERS=Ortos2021-RGB&STYLES=&SRS=EPSG%3A4326&BBOX=-8.41861371%2C41.55326357%2C-8.41246741%2C41.55786292&WIDTH=512&HEIGHT=512&FORMAT=image%2Fpng&TRANSPARENT=false	2026-08-01T00:00:00Z
weak-chip-export-v1-00043	wl-tile-v1-09556	wl-neg-neg-pt-dgpc-107538	neg-pt-dgpc-107538	0	hard_negative	train	PT	Braga - Rua Frei Caetano Brandão, 129	-8.428386637597535	41.549274690224664	-8.43145949,41.54697501,-8.42531379,41.55157437	512	dgt_ortos2021_rgb	https://cartografia.dgterritorio.gov.pt/wms/ortos2021	Ortos2021-RGB	data/external/weak-label-chips-v1/train/negative/wl-tile-v1-09556-neg-pt-dgpc-107538.png	weak_label_candidate_for_model_v1	512	512	downloaded	valid	512	512	P	233772	1		https://cartografia.dgterritorio.gov.pt/wms/ortos2021?SERVICE=WMS&VERSION=1.1.1&REQUEST=GetMap&LAYERS=Ortos2021-RGB&STYLES=&SRS=EPSG%3A4326&BBOX=-8.43145949%2C41.54697501%2C-8.42531379%2C41.55157437&WIDTH=512&HEIGHT=512&FORMAT=image%2Fpng&TRANSPARENT=false	2026-08-01T00:00:00Z
weak-chip-export-v1-00044	wl-tile-v1-09555	wl-neg-neg-pt-dgpc-107537	neg-pt-dgpc-107537	0	hard_negative	train	PT	Braga - Rua Frei Caetano Brandão, 183-185	-8.428798939446914	41.547605351901254	-8.43187171,41.54530568,-8.42572617,41.54990503	512	dgt_ortos2021_rgb	https://cartografia.dgterritorio.gov.pt/wms/ortos2021	Ortos2021-RGB	data/external/weak-label-chips-v1/train/negative/wl-tile-v1-09555-neg-pt-dgpc-107537.png	weak_label_candidate_for_model_v1	512	512	downloaded	valid	512	512	P	233609	1		https://cartografia.dgterritorio.gov.pt/wms/ortos2021?SERVICE=WMS&VERSION=1.1.1&REQUEST=GetMap&LAYERS=Ortos2021-RGB&STYLES=&SRS=EPSG%3A4326&BBOX=-8.43187171%2C41.54530568%2C-8.42572617%2C41.54990503&WIDTH=512&HEIGHT=512&FORMAT=image%2Fpng&TRANSPARENT=false	2026-08-01T00:00:00Z
weak-chip-export-v1-00045	wl-tile-v1-09578	wl-neg-neg-pt-dgpc-111408	neg-pt-dgpc-111408	0	hard_negative	train	PT	Braga - Rua Pêro Magalhães Gondavo, 62	-8.431153835035294	41.54632090296935	-8.43422654,41.54402123,-8.42808113,41.54862058	512	dgt_ortos2021_rgb	https://cartografia.dgterritorio.gov.pt/wms/ortos2021	Ortos2021-RGB	data/external/weak-label-chips-v1/train/negative/wl-tile-v1-09578-neg-pt-dgpc-111408.png	weak_label_candidate_for_model_v1	512	512	downloaded	valid	512	512	P	232926	1		https://cartografia.dgterritorio.gov.pt/wms/ortos2021?SERVICE=WMS&VERSION=1.1.1&REQUEST=GetMap&LAYERS=Ortos2021-RGB&STYLES=&SRS=EPSG%3A4326&BBOX=-8.43422654%2C41.54402123%2C-8.42808113%2C41.54862058&WIDTH=512&HEIGHT=512&FORMAT=image%2Fpng&TRANSPARENT=false	2026-08-01T00:00:00Z
weak-chip-export-v1-00046	wl-tile-v1-09570	wl-neg-neg-pt-dgpc-110818	neg-pt-dgpc-110818	0	hard_negative	train	PT	Braga - Rua Sá de Miranda, 375	-8.425183146321944	41.545919992449505	-8.42825584,41.54362032,-8.42211046,41.54821967	512	dgt_ortos2021_rgb	https://cartografia.dgterritorio.gov.pt/wms/ortos2021	Ortos2021-RGB	data/external/weak-label-chips-v1/train/negative/wl-tile-v1-09570-neg-pt-dgpc-110818.png	weak_label_candidate_for_model_v1	512	512	downloaded	valid	512	512	P	229533	1		https://cartografia.dgterritorio.gov.pt/wms/ortos2021?SERVICE=WMS&VERSION=1.1.1&REQUEST=GetMap&LAYERS=Ortos2021-RGB&STYLES=&SRS=EPSG%3A4326&BBOX=-8.42825584%2C41.54362032%2C-8.42211046%2C41.54821967&WIDTH=512&HEIGHT=512&FORMAT=image%2Fpng&TRANSPARENT=false	2026-08-01T00:00:00Z
weak-chip-export-v1-00047	wl-tile-v1-09587	wl-neg-neg-pt-dgpc-114712	neg-pt-dgpc-114712	0	hard_negative	train	PT	Braga - Rua São Geraldo, 77	-8.425844724017342	41.545796841311216	-8.42891741,41.54349716,-8.42277204,41.54809652	512	dgt_ortos2021_rgb	https://cartografia.dgterritorio.gov.pt/wms/ortos2021	Ortos2021-RGB	data/external/weak-label-chips-v1/train/negative/wl-tile-v1-09587-neg-pt-dgpc-114712.png	weak_label_candidate_for_model_v1	512	512	downloaded	valid	512	512	P	230284	1		https://cartografia.dgterritorio.gov.pt/wms/ortos2021?SERVICE=WMS&VERSION=1.1.1&REQUEST=GetMap&LAYERS=Ortos2021-RGB&STYLES=&SRS=EPSG%3A4326&BBOX=-8.42891741%2C41.54349716%2C-8.42277204%2C41.54809652&WIDTH=512&HEIGHT=512&FORMAT=image%2Fpng&TRANSPARENT=false	2026-08-01T00:00:00Z
weak-chip-export-v1-00048	wl-tile-v1-09562	wl-neg-neg-pt-dgpc-107556	neg-pt-dgpc-107556	0	hard_negative	train	PT	Braga - Rua Visconde Pindela, 1 e 3	-8.42969584335207	41.549186686560354	-8.43276869,41.54688701,-8.42662300,41.55148636	512	dgt_ortos2021_rgb	https://cartografia.dgterritorio.gov.pt/wms/ortos2021	Ortos2021-RGB	data/external/weak-label-chips-v1/train/negative/wl-tile-v1-09562-neg-pt-dgpc-107556.png	weak_label_candidate_for_model_v1	512	512	downloaded	valid	512	512	P	232693	1		https://cartografia.dgterritorio.gov.pt/wms/ortos2021?SERVICE=WMS&VERSION=1.1.1&REQUEST=GetMap&LAYERS=Ortos2021-RGB&STYLES=&SRS=EPSG%3A4326&BBOX=-8.43276869%2C41.54688701%2C-8.42662300%2C41.55148636&WIDTH=512&HEIGHT=512&FORMAT=image%2Fpng&TRANSPARENT=false	2026-08-01T00:00:00Z
weak-chip-export-v1-00049	wl-tile-v1-09564	wl-neg-neg-pt-dgpc-107567	neg-pt-dgpc-107567	0	hard_negative	train	PT	Braga - Rua de Dom Paio Mendes, 67-75	-8.428330210060102	41.5499475050203	-8.43140309,41.54764783,-8.42525733,41.55224718	512	dgt_ortos2021_rgb	https://cartografia.dgterritorio.gov.pt/wms/ortos2021	Ortos2021-RGB	data/external/weak-label-chips-v1/train/negative/wl-tile-v1-09564-neg-pt-dgpc-107567.png	weak_label_candidate_for_model_v1	512	512	downloaded	valid	512	512	P	233949	1		https://cartografia.dgterritorio.gov.pt/wms/ortos2021?SERVICE=WMS&VERSION=1.1.1&REQUEST=GetMap&LAYERS=Ortos2021-RGB&STYLES=&SRS=EPSG%3A4326&BBOX=-8.43140309%2C41.54764783%2C-8.42525733%2C41.55224718&WIDTH=512&HEIGHT=512&FORMAT=image%2Fpng&TRANSPARENT=false	2026-08-01T00:00:00Z
weak-chip-export-v1-00050	wl-tile-v1-09549	wl-neg-neg-pt-dgpc-107525	neg-pt-dgpc-107525	0	hard_negative	train	PT	Braga - Rua de São Geraldo, 34	-8.426517291465016	41.5466208093163	-8.42959002,41.54432113,-8.42344457,41.54892049	512	dgt_ortos2021_rgb	https://cartografia.dgterritorio.gov.pt/wms/ortos2021	Ortos2021-RGB	data/external/weak-label-chips-v1/train/negative/wl-tile-v1-09549-neg-pt-dgpc-107525.png	weak_label_candidate_for_model_v1	512	512	downloaded	valid	512	512	P	230753	1		https://cartografia.dgterritorio.gov.pt/wms/ortos2021?SERVICE=WMS&VERSION=1.1.1&REQUEST=GetMap&LAYERS=Ortos2021-RGB&STYLES=&SRS=EPSG%3A4326&BBOX=-8.42959002%2C41.54432113%2C-8.42344457%2C41.54892049&WIDTH=512&HEIGHT=512&FORMAT=image%2Fpng&TRANSPARENT=false	2026-08-01T00:00:00Z
weak-chip-export-v1-00051	wl-tile-v1-09548	wl-neg-neg-pt-dgpc-107517	neg-pt-dgpc-107517	0	hard_negative	train	PT	Braga - Rua de São Geraldo, 69 (Creche da Santa Misericórdia)	-8.42567346813423	41.545542527311476	-8.42874614,41.54324285,-8.42260080,41.54784220	512	dgt_ortos2021_rgb	https://cartografia.dgterritorio.gov.pt/wms/ortos2021	Ortos2021-RGB	data/external/weak-label-chips-v1/train/negative/wl-tile-v1-09548-neg-pt-dgpc-107517.png	weak_label_candidate_for_model_v1	512	512	downloaded	valid	512	512	P	229430	1		https://cartografia.dgterritorio.gov.pt/wms/ortos2021?SERVICE=WMS&VERSION=1.1.1&REQUEST=GetMap&LAYERS=Ortos2021-RGB&STYLES=&SRS=EPSG%3A4326&BBOX=-8.42874614%2C41.54324285%2C-8.42260080%2C41.54784220&WIDTH=512&HEIGHT=512&FORMAT=image%2Fpng&TRANSPARENT=false	2026-08-01T00:00:00Z
weak-chip-export-v1-00052	wl-tile-v1-09551	wl-neg-neg-pt-dgpc-107533	neg-pt-dgpc-107533	0	hard_negative	train	PT	Braga - Rua de São Geraldo, Logradouro do Edificio 27-31	-8.425561347562207	41.547253505169294	-8.42863410,41.54495383,-8.42248859,41.54955318	512	dgt_ortos2021_rgb	https://cartografia.dgterritorio.gov.pt/wms/ortos2021	Ortos2021-RGB	data/external/weak-label-chips-v1/train/negative/wl-tile-v1-09551-neg-pt-dgpc-107533.png	weak_label_candidate_for_model_v1	512	512	downloaded	valid	512	512	P	232175	1		https://cartografia.dgterritorio.gov.pt/wms/ortos2021?SERVICE=WMS&VERSION=1.1.1&REQUEST=GetMap&LAYERS=Ortos2021-RGB&STYLES=&SRS=EPSG%3A4326&BBOX=-8.42863410%2C41.54495383%2C-8.42248859%2C41.54955318&WIDTH=512&HEIGHT=512&FORMAT=image%2Fpng&TRANSPARENT=false	2026-08-01T00:00:00Z
weak-chip-export-v1-00053	wl-tile-v1-09576	wl-neg-neg-pt-dgpc-111300	neg-pt-dgpc-111300	0	hard_negative	train	PT	Braga - Rua do Alcaide, 18-20	-8.42683069140062	41.54777422409115	-8.42990347,41.54547455,-8.42375791,41.55007390	512	dgt_ortos2021_rgb	https://cartografia.dgterritorio.gov.pt/wms/ortos2021	Ortos2021-RGB	data/external/weak-label-chips-v1/train/negative/wl-tile-v1-09576-neg-pt-dgpc-111300.png	weak_label_candidate_for_model_v1	512	512	downloaded	valid	512	512	P	231841	1		https://cartografia.dgterritorio.gov.pt/wms/ortos2021?SERVICE=WMS&VERSION=1.1.1&REQUEST=GetMap&LAYERS=Ortos2021-RGB&STYLES=&SRS=EPSG%3A4326&BBOX=-8.42990347%2C41.54547455%2C-8.42375791%2C41.55007390&WIDTH=512&HEIGHT=512&FORMAT=image%2Fpng&TRANSPARENT=false	2026-08-01T00:00:00Z
weak-chip-export-v1-00054	wl-tile-v1-09585	wl-neg-neg-pt-dgpc-114647	neg-pt-dgpc-114647	0	hard_negative	train	PT	Braga - Rua do Carvalhal, 75-77	-8.425339498604199	41.55359258047028	-8.42841255,41.55129290,-8.42226644,41.55589226	512	dgt_ortos2021_rgb	https://cartografia.dgterritorio.gov.pt/wms/ortos2021	Ortos2021-RGB	data/external/weak-label-chips-v1/train/negative/wl-tile-v1-09585-neg-pt-dgpc-114647.png	weak_label_candidate_for_model_v1	512	512	downloaded	valid	512	512	P	227023	1		https://cartografia.dgterritorio.gov.pt/wms/ortos2021?SERVICE=WMS&VERSION=1.1.1&REQUEST=GetMap&LAYERS=Ortos2021-RGB&STYLES=&SRS=EPSG%3A4326&BBOX=-8.42841255%2C41.55129290%2C-8.42226644%2C41.55589226&WIDTH=512&HEIGHT=512&FORMAT=image%2Fpng&TRANSPARENT=false	2026-08-01T00:00:00Z
weak-chip-export-v1-00055	wl-tile-v1-09580	wl-neg-neg-pt-dgpc-112226	neg-pt-dgpc-112226	0	hard_negative	train	PT	Braga - Rua do Raio, 33	-8.418053867982888	41.550728055951915	-8.42112679,41.54842838,-8.41498095,41.55302773	512	dgt_ortos2021_rgb	https://cartografia.dgterritorio.gov.pt/wms/ortos2021	Ortos2021-RGB	data/external/weak-label-chips-v1/train/negative/wl-tile-v1-09580-neg-pt-dgpc-112226.png	weak_label_candidate_for_model_v1	512	512	downloaded	valid	512	512	P	234783	1		https://cartografia.dgterritorio.gov.pt/wms/ortos2021?SERVICE=WMS&VERSION=1.1.1&REQUEST=GetMap&LAYERS=Ortos2021-RGB&STYLES=&SRS=EPSG%3A4326&BBOX=-8.42112679%2C41.54842838%2C-8.41498095%2C41.55302773&WIDTH=512&HEIGHT=512&FORMAT=image%2Fpng&TRANSPARENT=false	2026-08-01T00:00:00Z
weak-chip-export-v1-00056	wl-tile-v1-09566	wl-neg-neg-pt-dgpc-107574	neg-pt-dgpc-107574	0	hard_negative	train	PT	Braga - Rua do Souto, 111-119	-8.424460104059008	41.55080753030194	-8.42753303,41.54850785,-8.42138718,41.55310721	512	dgt_ortos2021_rgb	https://cartografia.dgterritorio.gov.pt/wms/ortos2021	Ortos2021-RGB	data/external/weak-label-chips-v1/train/negative/wl-tile-v1-09566-neg-pt-dgpc-107574.png	weak_label_candidate_for_model_v1	512	512	downloaded	valid	512	512	P	229114	1		https://cartografia.dgterritorio.gov.pt/wms/ortos2021?SERVICE=WMS&VERSION=1.1.1&REQUEST=GetMap&LAYERS=Ortos2021-RGB&STYLES=&SRS=EPSG%3A4326&BBOX=-8.42753303%2C41.54850785%2C-8.42138718%2C41.55310721&WIDTH=512&HEIGHT=512&FORMAT=image%2Fpng&TRANSPARENT=false	2026-08-01T00:00:00Z
weak-chip-export-v1-00057	wl-tile-v1-09582	wl-neg-neg-pt-dgpc-112734	neg-pt-dgpc-112734	0	hard_negative	train	PT	Braga - Rua do Souto, 5-11	-8.42582088210383	41.550676231943875	-8.42889380,41.54837656,-8.42274797,41.55297591	512	dgt_ortos2021_rgb	https://cartografia.dgterritorio.gov.pt/wms/ortos2021	Ortos2021-RGB	data/external/weak-label-chips-v1/train/negative/wl-tile-v1-09582-neg-pt-dgpc-112734.png	weak_label_candidate_for_model_v1	512	512	downloaded	valid	512	512	P	232592	1		https://cartografia.dgterritorio.gov.pt/wms/ortos2021?SERVICE=WMS&VERSION=1.1.1&REQUEST=GetMap&LAYERS=Ortos2021-RGB&STYLES=&SRS=EPSG%3A4326&BBOX=-8.42889380%2C41.54837656%2C-8.42274797%2C41.55297591&WIDTH=512&HEIGHT=512&FORMAT=image%2Fpng&TRANSPARENT=false	2026-08-01T00:00:00Z
weak-chip-export-v1-00058	wl-tile-v1-09572	wl-neg-neg-pt-dgpc-111064	neg-pt-dgpc-111064	0	hard_negative	train	PT	Braga - Rua dos Biscaínhos, 89-105	-8.429565031337441	41.55048862157412	-8.43263794,41.54818894,-8.42649212,41.55278830	512	dgt_ortos2021_rgb	https://cartografia.dgterritorio.gov.pt/wms/ortos2021	Ortos2021-RGB	data/external/weak-label-chips-v1/train/negative/wl-tile-v1-09572-neg-pt-dgpc-111064.png	weak_label_candidate_for_model_v1	512	512	downloaded	valid	512	512	P	233413	1		https://cartografia.dgterritorio.gov.pt/wms/ortos2021?SERVICE=WMS&VERSION=1.1.1&REQUEST=GetMap&LAYERS=Ortos2021-RGB&STYLES=&SRS=EPSG%3A4326&BBOX=-8.43263794%2C41.54818894%2C-8.42649212%2C41.55278830&WIDTH=512&HEIGHT=512&FORMAT=image%2Fpng&TRANSPARENT=false	2026-08-01T00:00:00Z
weak-chip-export-v1-00059	wl-tile-v1-09552	wl-neg-neg-pt-dgpc-107534	neg-pt-dgpc-107534	0	hard_negative	train	PT	Braga - Santo António das Travessas, 20-26	-8.427753570297208	41.5483938285407	-8.43082638,41.54609415,-8.42468076,41.55069351	512	dgt_ortos2021_rgb	https://cartografia.dgterritorio.gov.pt/wms/ortos2021	Ortos2021-RGB	data/external/weak-label-chips-v1/train/negative/wl-tile-v1-09552-neg-pt-dgpc-107534.png	weak_label_candidate_for_model_v1	512	512	downloaded	valid	512	512	P	231649	1		https://cartografia.dgterritorio.gov.pt/wms/ortos2021?SERVICE=WMS&VERSION=1.1.1&REQUEST=GetMap&LAYERS=Ortos2021-RGB&STYLES=&SRS=EPSG%3A4326&BBOX=-8.43082638%2C41.54609415%2C-8.42468076%2C41.55069351&WIDTH=512&HEIGHT=512&FORMAT=image%2Fpng&TRANSPARENT=false	2026-08-01T00:00:00Z
weak-chip-export-v1-00060	wl-tile-v1-09561	wl-neg-neg-pt-dgpc-107554	neg-pt-dgpc-107554	0	hard_negative	train	PT	Braga - Seminário Conciliar de Santiago/ Seminário Conciliar de São Pedro e São Paulo	-8.425569479443617	41.549054212436644	-8.42864232,41.54675454,-8.42249664,41.55135389	512	dgt_ortos2021_rgb	https://cartografia.dgterritorio.gov.pt/wms/ortos2021	Ortos2021-RGB	data/external/weak-label-chips-v1/train/negative/wl-tile-v1-09561-neg-pt-dgpc-107554.png	weak_label_candidate_for_model_v1	512	512	downloaded	valid	512	512	P	232249	1		https://cartografia.dgterritorio.gov.pt/wms/ortos2021?SERVICE=WMS&VERSION=1.1.1&REQUEST=GetMap&LAYERS=Ortos2021-RGB&STYLES=&SRS=EPSG%3A4326&BBOX=-8.42864232%2C41.54675454%2C-8.42249664%2C41.55135389&WIDTH=512&HEIGHT=512&FORMAT=image%2Fpng&TRANSPARENT=false	2026-08-01T00:00:00Z
weak-chip-export-v1-00061	wl-tile-v1-09711	wl-neg-neg-pt-dgpc-106154	neg-pt-dgpc-106154	0	hard_negative	train	PT	Brio	-8.688760878643631	41.21133766303323	-8.69181780,41.20903799,-8.68570395,41.21363734	512	dgt_ortos2021_rgb	https://cartografia.dgterritorio.gov.pt/wms/ortos2021	Ortos2021-RGB	data/external/weak-label-chips-v1/train/negative/wl-tile-v1-09711-neg-pt-dgpc-106154.png	weak_label_candidate_for_model_v1	512	512	downloaded	valid	512	512	P	216424	1		https://cartografia.dgterritorio.gov.pt/wms/ortos2021?SERVICE=WMS&VERSION=1.1.1&REQUEST=GetMap&LAYERS=Ortos2021-RGB&STYLES=&SRS=EPSG%3A4326&BBOX=-8.69181780%2C41.20903799%2C-8.68570395%2C41.21363734&WIDTH=512&HEIGHT=512&FORMAT=image%2Fpng&TRANSPARENT=false	2026-08-01T00:00:00Z
weak-chip-export-v1-00062	wl-tile-v1-09776	wl-neg-neg-pt-dgpc-108430	neg-pt-dgpc-108430	0	hard_negative	train	PT	Cabeceiras	-8.608128930800664	41.92658333533076	-8.61121989,41.92428366,-8.60503797,41.92888301	512	dgt_ortos2021_rgb	https://cartografia.dgterritorio.gov.pt/wms/ortos2021	Ortos2021-RGB	data/external/weak-label-chips-v1/train/negative/wl-tile-v1-09776-neg-pt-dgpc-108430.png	weak_label_candidate_for_model_v1	512	512	downloaded	valid	512	512	P	239748	1		https://cartografia.dgterritorio.gov.pt/wms/ortos2021?SERVICE=WMS&VERSION=1.1.1&REQUEST=GetMap&LAYERS=Ortos2021-RGB&STYLES=&SRS=EPSG%3A4326&BBOX=-8.61121989%2C41.92428366%2C-8.60503797%2C41.92888301&WIDTH=512&HEIGHT=512&FORMAT=image%2Fpng&TRANSPARENT=false	2026-08-01T00:00:00Z
weak-chip-export-v1-00063	wl-tile-v1-09647	wl-neg-neg-pt-dgpc-106924	neg-pt-dgpc-106924	0	hard_negative	train	PT	Caldas de Vizela	-8.308841903148137	41.373870186916626	-8.31190645,41.37157051,-8.30577735,41.37616986	512	dgt_ortos2021_rgb	https://cartografia.dgterritorio.gov.pt/wms/ortos2021	Ortos2021-RGB	data/external/weak-label-chips-v1/train/negative/wl-tile-v1-09647-neg-pt-dgpc-106924.png	weak_label_candidate_for_model_v1	512	512	downloaded	valid	512	512	P	231003	1		https://cartografia.dgterritorio.gov.pt/wms/ortos2021?SERVICE=WMS&VERSION=1.1.1&REQUEST=GetMap&LAYERS=Ortos2021-RGB&STYLES=&SRS=EPSG%3A4326&BBOX=-8.31190645%2C41.37157051%2C-8.30577735%2C41.37616986&WIDTH=512&HEIGHT=512&FORMAT=image%2Fpng&TRANSPARENT=false	2026-08-01T00:00:00Z
weak-chip-export-v1-00064	wl-tile-v1-09858	wl-neg-neg-pt-dgpc-111443	neg-pt-dgpc-111443	0	hard_negative	train	PT	Calçada de Covelo	-7.905100535551518	41.44959047716321	-7.90816866,41.44729080,-7.90203241,41.45189015	512	dgt_ortos2021_rgb	https://cartografia.dgterritorio.gov.pt/wms/ortos2021	Ortos2021-RGB	data/external/weak-label-chips-v1/train/negative/wl-tile-v1-09858-neg-pt-dgpc-111443.png	weak_label_candidate_for_model_v1	512	512	downloaded	valid	512	512	P	241249	1		https://cartografia.dgterritorio.gov.pt/wms/ortos2021?SERVICE=WMS&VERSION=1.1.1&REQUEST=GetMap&LAYERS=Ortos2021-RGB&STYLES=&SRS=EPSG%3A4326&BBOX=-7.90816866%2C41.44729080%2C-7.90203241%2C41.45189015&WIDTH=512&HEIGHT=512&FORMAT=image%2Fpng&TRANSPARENT=false	2026-08-01T00:00:00Z
weak-chip-export-v1-00065	wl-tile-v1-09692	wl-neg-neg-pt-dgpc-111221	neg-pt-dgpc-111221	0	hard_negative	train	PT	Calçada de Requeixos	-8.296062042894874	41.34158025504304	-8.29912507,41.33928058,-8.29299901,41.34387993	512	dgt_ortos2021_rgb	https://cartografia.dgterritorio.gov.pt/wms/ortos2021	Ortos2021-RGB	data/external/weak-label-chips-v1/train/negative/wl-tile-v1-09692-neg-pt-dgpc-111221.png	weak_label_candidate_for_model_v1	512	512	downloaded	valid	512	512	P	243537	1		https://cartografia.dgterritorio.gov.pt/wms/ortos2021?SERVICE=WMS&VERSION=1.1.1&REQUEST=GetMap&LAYERS=Ortos2021-RGB&STYLES=&SRS=EPSG%3A4326&BBOX=-8.29912507%2C41.33928058%2C-8.29299901%2C41.34387993&WIDTH=512&HEIGHT=512&FORMAT=image%2Fpng&TRANSPARENT=false	2026-08-01T00:00:00Z
weak-chip-export-v1-00066	wl-tile-v1-09740	wl-neg-neg-pt-dgpc-108241	neg-pt-dgpc-108241	0	hard_negative	train	PT	Caminha	-8.839051153588413	41.87677818494167	-8.84213970,41.87447851,-8.83596261,41.87907786	512	dgt_ortos2021_rgb	https://cartografia.dgterritorio.gov.pt/wms/ortos2021	Ortos2021-RGB	data/external/weak-label-chips-v1/train/negative/wl-tile-v1-09740-neg-pt-dgpc-108241.png	weak_label_candidate_for_model_v1	512	512	downloaded	valid	512	512	P	214293	1		https://cartografia.dgterritorio.gov.pt/wms/ortos2021?SERVICE=WMS&VERSION=1.1.1&REQUEST=GetMap&LAYERS=Ortos2021-RGB&STYLES=&SRS=EPSG%3A4326&BBOX=-8.84213970%2C41.87447851%2C-8.83596261%2C41.87907786&WIDTH=512&HEIGHT=512&FORMAT=image%2Fpng&TRANSPARENT=false	2026-08-01T00:00:00Z
weak-chip-export-v1-00067	wl-tile-v1-09739	wl-neg-neg-pt-dgpc-108236	neg-pt-dgpc-108236	0	hard_negative	train	PT	Caminha - Rua da Corredoura (via pública)	-8.837459500226208	41.874447171236014	-8.84054793,41.87214749,-8.83437107,41.87674685	512	dgt_ortos2021_rgb	https://cartografia.dgterritorio.gov.pt/wms/ortos2021	Ortos2021-RGB	data/external/weak-label-chips-v1/train/negative/wl-tile-v1-09739-neg-pt-dgpc-108236.png	weak_label_candidate_for_model_v1	512	512	downloaded	valid	512	512	P	236896	1		https://cartografia.dgterritorio.gov.pt/wms/ortos2021?SERVICE=WMS&VERSION=1.1.1&REQUEST=GetMap&LAYERS=Ortos2021-RGB&STYLES=&SRS=EPSG%3A4326&BBOX=-8.84054793%2C41.87214749%2C-8.83437107%2C41.87674685&WIDTH=512&HEIGHT=512&FORMAT=image%2Fpng&TRANSPARENT=false	2026-08-01T00:00:00Z
weak-chip-export-v1-00068	wl-tile-v1-09654	wl-neg-neg-pt-dgpc-105820	neg-pt-dgpc-105820	0	hard_negative	train	PT	Canelas	-7.058247990076161	41.143261262060534	-7.06130174,41.14096159,-7.05519424,41.14556094	512	dgt_ortos2021_rgb	https://cartografia.dgterritorio.gov.pt/wms/ortos2021	Ortos2021-RGB	data/external/weak-label-chips-v1/train/negative/wl-tile-v1-09654-neg-pt-dgpc-105820.png	weak_label_candidate_for_model_v1	512	512	downloaded	valid	512	512	P	245124	1		https://cartografia.dgterritorio.gov.pt/wms/ortos2021?SERVICE=WMS&VERSION=1.1.1&REQUEST=GetMap&LAYERS=Ortos2021-RGB&STYLES=&SRS=EPSG%3A4326&BBOX=-7.06130174%2C41.14096159%2C-7.05519424%2C41.14556094&WIDTH=512&HEIGHT=512&FORMAT=image%2Fpng&TRANSPARENT=false	2026-08-01T00:00:00Z
weak-chip-export-v1-00069	wl-tile-v1-09537	wl-neg-neg-pt-dgpc-107769	neg-pt-dgpc-107769	0	hard_negative	train	PT	Carapeços 1	-8.637835436207654	41.59567603721216	-8.64091049,41.59337636,-8.63476038,41.59797571	512	dgt_ortos2021_rgb	https://cartografia.dgterritorio.gov.pt/wms/ortos2021	Ortos2021-RGB	data/external/weak-label-chips-v1/train/negative/wl-tile-v1-09537-neg-pt-dgpc-107769.png	weak_label_candidate_for_model_v1	512	512	downloaded	valid	512	512	P	254315	1		https://cartografia.dgterritorio.gov.pt/wms/ortos2021?SERVICE=WMS&VERSION=1.1.1&REQUEST=GetMap&LAYERS=Ortos2021-RGB&STYLES=&SRS=EPSG%3A4326&BBOX=-8.64091049%2C41.59337636%2C-8.63476038%2C41.59797571&WIDTH=512&HEIGHT=512&FORMAT=image%2Fpng&TRANSPARENT=false	2026-08-01T00:00:00Z
weak-chip-export-v1-00070	wl-tile-v1-09545	wl-neg-neg-pt-dgpc-113936	neg-pt-dgpc-113936	0	hard_negative	train	PT	Carapeços 3	-8.644470434311703	41.59338128318635	-8.64754538,41.59108161,-8.64139549,41.59568096	512	dgt_ortos2021_rgb	https://cartografia.dgterritorio.gov.pt/wms/ortos2021	Ortos2021-RGB	data/external/weak-label-chips-v1/train/negative/wl-tile-v1-09545-neg-pt-dgpc-113936.png	weak_label_candidate_for_model_v1	512	512	downloaded	valid	512	512	P	257483	1		https://cartografia.dgterritorio.gov.pt/wms/ortos2021?SERVICE=WMS&VERSION=1.1.1&REQUEST=GetMap&LAYERS=Ortos2021-RGB&STYLES=&SRS=EPSG%3A4326&BBOX=-8.64754538%2C41.59108161%2C-8.64139549%2C41.59568096&WIDTH=512&HEIGHT=512&FORMAT=image%2Fpng&TRANSPARENT=false	2026-08-01T00:00:00Z
weak-chip-export-v1-00071	wl-tile-v1-09856	wl-neg-neg-pt-dgpc-111190	neg-pt-dgpc-111190	0	hard_negative	train	PT	Carrapatas	-7.882440912093341	41.36816187908703	-7.88550519,41.36586220,-7.87937663,41.37046156	512	dgt_ortos2021_rgb	https://cartografia.dgterritorio.gov.pt/wms/ortos2021	Ortos2021-RGB	data/external/weak-label-chips-v1/train/negative/wl-tile-v1-09856-neg-pt-dgpc-111190.png	weak_label_candidate_for_model_v1	512	512	downloaded	valid	512	512	P	251652	1		https://cartografia.dgterritorio.gov.pt/wms/ortos2021?SERVICE=WMS&VERSION=1.1.1&REQUEST=GetMap&LAYERS=Ortos2021-RGB&STYLES=&SRS=EPSG%3A4326&BBOX=-7.88550519%2C41.36586220%2C-7.87937663%2C41.37046156&WIDTH=512&HEIGHT=512&FORMAT=image%2Fpng&TRANSPARENT=false	2026-08-01T00:00:00Z
weak-chip-export-v1-00072	wl-tile-v1-09841	wl-neg-neg-pt-dgpc-109436	neg-pt-dgpc-109436	0	hard_negative	train	PT	Carreira da Pedra	-7.423726174371237	41.755222593660214	-7.42680886,41.75292292,-7.42064348,41.75752227	512	dgt_ortos2021_rgb	https://cartografia.dgterritorio.gov.pt/wms/ortos2021	Ortos2021-RGB	data/external/weak-label-chips-v1/train/negative/wl-tile-v1-09841-neg-pt-dgpc-109436.png	weak_label_candidate_for_model_v1	512	512	downloaded	valid	512	512	P	239728	1		https://cartografia.dgterritorio.gov.pt/wms/ortos2021?SERVICE=WMS&VERSION=1.1.1&REQUEST=GetMap&LAYERS=Ortos2021-RGB&STYLES=&SRS=EPSG%3A4326&BBOX=-7.42680886%2C41.75292292%2C-7.42064348%2C41.75752227&WIDTH=512&HEIGHT=512&FORMAT=image%2Fpng&TRANSPARENT=false	2026-08-01T00:00:00Z
weak-chip-export-v1-00073	wl-tile-v1-09693	wl-neg-neg-pt-dgpc-111250	neg-pt-dgpc-111250	0	hard_negative	train	PT	Casal de São Mamede	-8.29602387893311	41.33713796493332	-8.29908670,41.33483829,-8.29296106,41.33943764	512	dgt_ortos2021_rgb	https://cartografia.dgterritorio.gov.pt/wms/ortos2021	Ortos2021-RGB	data/external/weak-label-chips-v1/train/negative/wl-tile-v1-09693-neg-pt-dgpc-111250.png	weak_label_candidate_for_model_v1	512	512	downloaded	valid	512	512	P	239698	1		https://cartografia.dgterritorio.gov.pt/wms/ortos2021?SERVICE=WMS&VERSION=1.1.1&REQUEST=GetMap&LAYERS=Ortos2021-RGB&STYLES=&SRS=EPSG%3A4326&BBOX=-8.29908670%2C41.33483829%2C-8.29296106%2C41.33943764&WIDTH=512&HEIGHT=512&FORMAT=image%2Fpng&TRANSPARENT=false	2026-08-01T00:00:00Z
weak-chip-export-v1-00074	wl-tile-v1-09592	wl-neg-neg-pt-dgpc-111409	neg-pt-dgpc-111409	0	hard_negative	train	PT	Casal do Eido	-7.9835102261895985	41.40862865331652	-7.98657641,41.40632898,-7.98044404,41.41092833	512	dgt_ortos2021_rgb	https://cartografia.dgterritorio.gov.pt/wms/ortos2021	Ortos2021-RGB	data/external/weak-label-chips-v1/train/negative/wl-tile-v1-09592-neg-pt-dgpc-111409.png	weak_label_candidate_for_model_v1	512	512	downloaded	valid	512	512	P	243906	1		https://cartografia.dgterritorio.gov.pt/wms/ortos2021?SERVICE=WMS&VERSION=1.1.1&REQUEST=GetMap&LAYERS=Ortos2021-RGB&STYLES=&SRS=EPSG%3A4326&BBOX=-7.98657641%2C41.40632898%2C-7.98044404%2C41.41092833&WIDTH=512&HEIGHT=512&FORMAT=image%2Fpng&TRANSPARENT=false	2026-08-01T00:00:00Z
weak-chip-export-v1-00075	wl-tile-v1-09536	wl-neg-neg-pt-dgpc-107765	neg-pt-dgpc-107765	0	hard_negative	train	PT	Casal do Monte	-8.576897486400606	41.59448718616376	-8.57997249,41.59218751,-8.57382248,41.59678686	512	dgt_ortos2021_rgb	https://cartografia.dgterritorio.gov.pt/wms/ortos2021	Ortos2021-RGB	data/external/weak-label-chips-v1/train/negative/wl-tile-v1-09536-neg-pt-dgpc-107765.png	weak_label_candidate_for_model_v1	512	512	downloaded	valid	512	512	P	229380	1		https://cartografia.dgterritorio.gov.pt/wms/ortos2021?SERVICE=WMS&VERSION=1.1.1&REQUEST=GetMap&LAYERS=Ortos2021-RGB&STYLES=&SRS=EPSG%3A4326&BBOX=-8.57997249%2C41.59218751%2C-8.57382248%2C41.59678686&WIDTH=512&HEIGHT=512&FORMAT=image%2Fpng&TRANSPARENT=false	2026-08-01T00:00:00Z
weak-chip-export-v1-00076	wl-tile-v1-09826	wl-neg-neg-pt-dgpc-106253	neg-pt-dgpc-106253	0	hard_negative	train	PT	Castelo de Vale de Mir/ Castelo de Trás	-7.465717296863849	41.347511652784796	-7.46878061,41.34521198,-7.46265399,41.34981133	512	dgt_ortos2021_rgb	https://cartografia.dgterritorio.gov.pt/wms/ortos2021	Ortos2021-RGB	data/external/weak-label-chips-v1/train/negative/wl-tile-v1-09826-neg-pt-dgpc-106253.png	weak_label_candidate_for_model_v1	512	512	downloaded	valid	512	512	P	244338	1		https://cartografia.dgterritorio.gov.pt/wms/ortos2021?SERVICE=WMS&VERSION=1.1.1&REQUEST=GetMap&LAYERS=Ortos2021-RGB&STYLES=&SRS=EPSG%3A4326&BBOX=-7.46878061%2C41.34521198%2C-7.46265399%2C41.34981133&WIDTH=512&HEIGHT=512&FORMAT=image%2Fpng&TRANSPARENT=false	2026-08-01T00:00:00Z
weak-chip-export-v1-00077	wl-tile-v1-09862	wl-neg-neg-pt-dgpc-105965	neg-pt-dgpc-105965	0	hard_negative	train	PT	Cemitério Mouro/Galafura	-7.675029178037517	41.17764892925531	-7.67808453,41.17534925,-7.67197383,41.17994861	512	dgt_ortos2021_rgb	https://cartografia.dgterritorio.gov.pt/wms/ortos2021	Ortos2021-RGB	data/external/weak-label-chips-v1/train/negative/wl-tile-v1-09862-neg-pt-dgpc-105965.png	weak_label_candidate_for_model_v1	512	512	downloaded	valid	512	512	P	252155	1		https://cartografia.dgterritorio.gov.pt/wms/ortos2021?SERVICE=WMS&VERSION=1.1.1&REQUEST=GetMap&LAYERS=Ortos2021-RGB&STYLES=&SRS=EPSG%3A4326&BBOX=-7.67808453%2C41.17534925%2C-7.67197383%2C41.17994861&WIDTH=512&HEIGHT=512&FORMAT=image%2Fpng&TRANSPARENT=false	2026-08-01T00:00:00Z
weak-chip-export-v1-00078	wl-tile-v1-09825	wl-neg-neg-pt-dgpc-106162	neg-pt-dgpc-106162	0	hard_negative	train	PT	Cerca	-7.472287908070624	41.21394056391028	-7.47534495,41.21164089,-7.46923086,41.21624024	512	dgt_ortos2021_rgb	https://cartografia.dgterritorio.gov.pt/wms/ortos2021	Ortos2021-RGB	data/external/weak-label-chips-v1/train/negative/wl-tile-v1-09825-neg-pt-dgpc-106162.png	weak_label_candidate_for_model_v1	512	512	downloaded	valid	512	512	P	252886	1		https://cartografia.dgterritorio.gov.pt/wms/ortos2021?SERVICE=WMS&VERSION=1.1.1&REQUEST=GetMap&LAYERS=Ortos2021-RGB&STYLES=&SRS=EPSG%3A4326&BBOX=-7.47534495%2C41.21164089%2C-7.46923086%2C41.21624024&WIDTH=512&HEIGHT=512&FORMAT=image%2Fpng&TRANSPARENT=false	2026-08-01T00:00:00Z
weak-chip-export-v1-00079	wl-tile-v1-09831	wl-neg-neg-pt-dgpc-109068	neg-pt-dgpc-109068	0	hard_negative	train	PT	Chaves - Balneário das Caldas	-7.471983993704115	41.73930424024947	-7.47506592,41.73700456,-7.46890207,41.74160392	512	dgt_ortos2021_rgb	https://cartografia.dgterritorio.gov.pt/wms/ortos2021	Ortos2021-RGB	data/external/weak-label-chips-v1/train/negative/wl-tile-v1-09831-neg-pt-dgpc-109068.png	weak_label_candidate_for_model_v1	512	512	downloaded	valid	512	512	P	235237	1		https://cartografia.dgterritorio.gov.pt/wms/ortos2021?SERVICE=WMS&VERSION=1.1.1&REQUEST=GetMap&LAYERS=Ortos2021-RGB&STYLES=&SRS=EPSG%3A4326&BBOX=-7.47506592%2C41.73700456%2C-7.46890207%2C41.74160392&WIDTH=512&HEIGHT=512&FORMAT=image%2Fpng&TRANSPARENT=false	2026-08-01T00:00:00Z
weak-chip-export-v1-00080	wl-tile-v1-09847	wl-neg-neg-pt-dgpc-110188	neg-pt-dgpc-110188	0	hard_negative	train	PT	Chaves - Canto do Rio	-7.46683371549426	41.73750087396373	-7.46991555,41.73520120,-7.46375188,41.73980055	512	dgt_ortos2021_rgb	https://cartografia.dgterritorio.gov.pt/wms/ortos2021	Ortos2021-RGB	data/external/weak-label-chips-v1/train/negative/wl-tile-v1-09847-neg-pt-dgpc-110188.png	weak_label_candidate_for_model_v1	512	512	downloaded	valid	512	512	P	224507	1		https://cartografia.dgterritorio.gov.pt/wms/ortos2021?SERVICE=WMS&VERSION=1.1.1&REQUEST=GetMap&LAYERS=Ortos2021-RGB&STYLES=&SRS=EPSG%3A4326&BBOX=-7.46991555%2C41.73520120%2C-7.46375188%2C41.73980055&WIDTH=512&HEIGHT=512&FORMAT=image%2Fpng&TRANSPARENT=false	2026-08-01T00:00:00Z
weak-chip-export-v1-00081	wl-tile-v1-09830	wl-neg-neg-pt-dgpc-109057	neg-pt-dgpc-109057	0	hard_negative	train	PT	Chaves - Largo do Arrabalde, 59-61 / Travessa das Couraças	-7.468158362483754	41.738876859109546	-7.47124027,41.73657718,-7.46507646,41.74117654	512	dgt_ortos2021_rgb	https://cartografia.dgterritorio.gov.pt/wms/ortos2021	Ortos2021-RGB	data/external/weak-label-chips-v1/train/negative/wl-tile-v1-09830-neg-pt-dgpc-109057.png	weak_label_candidate_for_model_v1	512	512	downloaded	valid	512	512	P	226298	1		https://cartografia.dgterritorio.gov.pt/wms/ortos2021?SERVICE=WMS&VERSION=1.1.1&REQUEST=GetMap&LAYERS=Ortos2021-RGB&STYLES=&SRS=EPSG%3A4326&BBOX=-7.47124027%2C41.73657718%2C-7.46507646%2C41.74117654&WIDTH=512&HEIGHT=512&FORMAT=image%2Fpng&TRANSPARENT=false	2026-08-01T00:00:00Z
weak-chip-export-v1-00082	wl-tile-v1-09846	wl-neg-neg-pt-dgpc-110141	neg-pt-dgpc-110141	0	hard_negative	train	PT	Chaves - Miliário do Campo da Roda / Quinta do Caneiro	-7.46752934770885	41.73182382632925	-7.47061091,41.72952415,-7.46444778,41.73412350	512	dgt_ortos2021_rgb	https://cartografia.dgterritorio.gov.pt/wms/ortos2021	Ortos2021-RGB	data/external/weak-label-chips-v1/train/negative/wl-tile-v1-09846-neg-pt-dgpc-110141.png	weak_label_candidate_for_model_v1	512	512	downloaded	valid	512	512	P	224721	1		https://cartografia.dgterritorio.gov.pt/wms/ortos2021?SERVICE=WMS&VERSION=1.1.1&REQUEST=GetMap&LAYERS=Ortos2021-RGB&STYLES=&SRS=EPSG%3A4326&BBOX=-7.47061091%2C41.72952415%2C-7.46444778%2C41.73412350&WIDTH=512&HEIGHT=512&FORMAT=image%2Fpng&TRANSPARENT=false	2026-08-01T00:00:00Z
weak-chip-export-v1-00083	wl-tile-v1-09835	wl-neg-neg-pt-dgpc-109154	neg-pt-dgpc-109154	0	hard_negative	train	PT	Chaves - Praça Camões	-7.471160169478666	41.73992973101267	-7.47424213,41.73763005,-7.46807821,41.74222941	512	dgt_ortos2021_rgb	https://cartografia.dgterritorio.gov.pt/wms/ortos2021	Ortos2021-RGB	data/external/weak-label-chips-v1/train/negative/wl-tile-v1-09835-neg-pt-dgpc-109154.png	weak_label_candidate_for_model_v1	512	512	downloaded	valid	512	512	P	236530	1		https://cartografia.dgterritorio.gov.pt/wms/ortos2021?SERVICE=WMS&VERSION=1.1.1&REQUEST=GetMap&LAYERS=Ortos2021-RGB&STYLES=&SRS=EPSG%3A4326&BBOX=-7.47424213%2C41.73763005%2C-7.46807821%2C41.74222941&WIDTH=512&HEIGHT=512&FORMAT=image%2Fpng&TRANSPARENT=false	2026-08-01T00:00:00Z
weak-chip-export-v1-00084	wl-tile-v1-09849	wl-neg-neg-pt-dgpc-111119	neg-pt-dgpc-111119	0	hard_negative	train	PT	Chaves - Rua 1º de Dezembro	-7.471542227325066	41.74139299926803	-7.47462425,41.73909332,-7.46846020,41.74369268	512	dgt_ortos2021_rgb	https://cartografia.dgterritorio.gov.pt/wms/ortos2021	Ortos2021-RGB	data/external/weak-label-chips-v1/train/negative/wl-tile-v1-09849-neg-pt-dgpc-111119.png	weak_label_candidate_for_model_v1	512	512	downloaded	valid	512	512	P	235671	1		https://cartografia.dgterritorio.gov.pt/wms/ortos2021?SERVICE=WMS&VERSION=1.1.1&REQUEST=GetMap&LAYERS=Ortos2021-RGB&STYLES=&SRS=EPSG%3A4326&BBOX=-7.47462425%2C41.73909332%2C-7.46846020%2C41.74369268&WIDTH=512&HEIGHT=512&FORMAT=image%2Fpng&TRANSPARENT=false	2026-08-01T00:00:00Z
weak-chip-export-v1-00085	wl-tile-v1-09851	wl-neg-neg-pt-dgpc-114161	neg-pt-dgpc-114161	0	hard_negative	train	PT	Chaves - Rua Bispo Idácio, 37	-7.470745260540771	41.740449346540075	-7.47382724,41.73814967,-7.46766328,41.74274902	512	dgt_ortos2021_rgb	https://cartografia.dgterritorio.gov.pt/wms/ortos2021	Ortos2021-RGB	data/external/weak-label-chips-v1/train/negative/wl-tile-v1-09851-neg-pt-dgpc-114161.png	weak_label_candidate_for_model_v1	512	512	downloaded	valid	512	512	P	234920	1		https://cartografia.dgterritorio.gov.pt/wms/ortos2021?SERVICE=WMS&VERSION=1.1.1&REQUEST=GetMap&LAYERS=Ortos2021-RGB&STYLES=&SRS=EPSG%3A4326&BBOX=-7.47382724%2C41.73814967%2C-7.46766328%2C41.74274902&WIDTH=512&HEIGHT=512&FORMAT=image%2Fpng&TRANSPARENT=false	2026-08-01T00:00:00Z
weak-chip-export-v1-00086	wl-tile-v1-09850	wl-neg-neg-pt-dgpc-112661	neg-pt-dgpc-112661	0	hard_negative	train	PT	Chaves - Rua General Sousa Machado, 51	-7.469522955578813	41.73894038461996	-7.47260486,41.73664071,-7.46644105,41.74124006	512	dgt_ortos2021_rgb	https://cartografia.dgterritorio.gov.pt/wms/ortos2021	Ortos2021-RGB	data/external/weak-label-chips-v1/train/negative/wl-tile-v1-09850-neg-pt-dgpc-112661.png	weak_label_candidate_for_model_v1	512	512	downloaded	valid	512	512	P	226983	1		https://cartografia.dgterritorio.gov.pt/wms/ortos2021?SERVICE=WMS&VERSION=1.1.1&REQUEST=GetMap&LAYERS=Ortos2021-RGB&STYLES=&SRS=EPSG%3A4326&BBOX=-7.47260486%2C41.73664071%2C-7.46644105%2C41.74124006&WIDTH=512&HEIGHT=512&FORMAT=image%2Fpng&TRANSPARENT=false	2026-08-01T00:00:00Z
weak-chip-export-v1-00087	wl-tile-v1-09852	wl-neg-neg-pt-dgpc-114272	neg-pt-dgpc-114272	0	hard_negative	train	PT	Chaves - Rua Joaquim José Delgado, 83	-7.47383043724407	41.74102826952633	-7.47691245,41.73872859,-7.47074843,41.74332795	512	dgt_ortos2021_rgb	https://cartografia.dgterritorio.gov.pt/wms/ortos2021	Ortos2021-RGB	data/external/weak-label-chips-v1/train/negative/wl-tile-v1-09852-neg-pt-dgpc-114272.png	weak_label_candidate_for_model_v1	512	512	downloaded	valid	512	512	P	235115	1		https://cartografia.dgterritorio.gov.pt/wms/ortos2021?SERVICE=WMS&VERSION=1.1.1&REQUEST=GetMap&LAYERS=Ortos2021-RGB&STYLES=&SRS=EPSG%3A4326&BBOX=-7.47691245%2C41.73872859%2C-7.47074843%2C41.74332795&WIDTH=512&HEIGHT=512&FORMAT=image%2Fpng&TRANSPARENT=false	2026-08-01T00:00:00Z
weak-chip-export-v1-00088	wl-tile-v1-09848	wl-neg-neg-pt-dgpc-110572	neg-pt-dgpc-110572	0	hard_negative	train	PT	Chaves - Rua da Muralha	-7.472739605126626	41.74048290405961	-7.47582159,41.73818323,-7.46965762,41.74278258	512	dgt_ortos2021_rgb	https://cartografia.dgterritorio.gov.pt/wms/ortos2021	Ortos2021-RGB	data/external/weak-label-chips-v1/train/negative/wl-tile-v1-09848-neg-pt-dgpc-110572.png	weak_label_candidate_for_model_v1	512	512	downloaded	valid	512	512	P	235606	1		https://cartografia.dgterritorio.gov.pt/wms/ortos2021?SERVICE=WMS&VERSION=1.1.1&REQUEST=GetMap&LAYERS=Ortos2021-RGB&STYLES=&SRS=EPSG%3A4326&BBOX=-7.47582159%2C41.73818323%2C-7.46965762%2C41.74278258&WIDTH=512&HEIGHT=512&FORMAT=image%2Fpng&TRANSPARENT=false	2026-08-01T00:00:00Z
weak-chip-export-v1-00089	wl-tile-v1-09853	wl-neg-neg-pt-dgpc-114415	neg-pt-dgpc-114415	0	hard_negative	train	PT	Chaves - Rua da Trindade, 38-40	-7.4704248929939485	41.74069018783408	-7.47350689,41.73839051,-7.46734290,41.74298986	512	dgt_ortos2021_rgb	https://cartografia.dgterritorio.gov.pt/wms/ortos2021	Ortos2021-RGB	data/external/weak-label-chips-v1/train/negative/wl-tile-v1-09853-neg-pt-dgpc-114415.png	weak_label_candidate_for_model_v1	512	512	downloaded	valid	512	512	P	233979	1		https://cartografia.dgterritorio.gov.pt/wms/ortos2021?SERVICE=WMS&VERSION=1.1.1&REQUEST=GetMap&LAYERS=Ortos2021-RGB&STYLES=&SRS=EPSG%3A4326&BBOX=-7.47350689%2C41.73839051%2C-7.46734290%2C41.74298986&WIDTH=512&HEIGHT=512&FORMAT=image%2Fpng&TRANSPARENT=false	2026-08-01T00:00:00Z
weak-chip-export-v1-00090	wl-tile-v1-09832	wl-neg-neg-pt-dgpc-109113	neg-pt-dgpc-109113	0	hard_negative	train	PT	Chaves - Rua de Santa Maria, 20 / Rua do Postigo, 18	-7.470251080420385	41.73949233840691	-7.47333302,41.73719266,-7.46716915,41.74179202	512	dgt_ortos2021_rgb	https://cartografia.dgterritorio.gov.pt/wms/ortos2021	Ortos2021-RGB	data/external/weak-label-chips-v1/train/negative/wl-tile-v1-09832-neg-pt-dgpc-109113.png	weak_label_candidate_for_model_v1	512	512	downloaded	valid	512	512	P	230371	1		https://cartografia.dgterritorio.gov.pt/wms/ortos2021?SERVICE=WMS&VERSION=1.1.1&REQUEST=GetMap&LAYERS=Ortos2021-RGB&STYLES=&SRS=EPSG%3A4326&BBOX=-7.47333302%2C41.73719266%2C-7.46716915%2C41.74179202&WIDTH=512&HEIGHT=512&FORMAT=image%2Fpng&TRANSPARENT=false	2026-08-01T00:00:00Z
weak-chip-export-v1-00091	wl-tile-v1-09836	wl-neg-neg-pt-dgpc-109187	neg-pt-dgpc-109187	0	hard_negative	train	PT	Chaves - Rua do Bispo Idácio, 20-22	-7.469852061461218	41.74021016951997	-7.47293403,41.73791049,-7.46677009,41.74250985	512	dgt_ortos2021_rgb	https://cartografia.dgterritorio.gov.pt/wms/ortos2021	Ortos2021-RGB	data/external/weak-label-chips-v1/train/negative/wl-tile-v1-09836-neg-pt-dgpc-109187.png	weak_label_candidate_for_model_v1	512	512	downloaded	valid	512	512	P	232976	1		https://cartografia.dgterritorio.gov.pt/wms/ortos2021?SERVICE=WMS&VERSION=1.1.1&REQUEST=GetMap&LAYERS=Ortos2021-RGB&STYLES=&SRS=EPSG%3A4326&BBOX=-7.47293403%2C41.73791049%2C-7.46677009%2C41.74250985&WIDTH=512&HEIGHT=512&FORMAT=image%2Fpng&TRANSPARENT=false	2026-08-01T00:00:00Z
weak-chip-export-v1-00092	wl-tile-v1-09829	wl-neg-neg-pt-dgpc-108999	neg-pt-dgpc-108999	0	hard_negative	train	PT	Chaves - Rua do Sol, 28	-7.469411919400291	41.7381009931525	-7.47249379,41.73580132,-7.46633005,41.74040067	512	dgt_ortos2021_rgb	https://cartografia.dgterritorio.gov.pt/wms/ortos2021	Ortos2021-RGB	data/external/weak-label-chips-v1/train/negative/wl-tile-v1-09829-neg-pt-dgpc-108999.png	weak_label_candidate_for_model_v1	512	512	downloaded	valid	512	512	P	221438	1		https://cartografia.dgterritorio.gov.pt/wms/ortos2021?SERVICE=WMS&VERSION=1.1.1&REQUEST=GetMap&LAYERS=Ortos2021-RGB&STYLES=&SRS=EPSG%3A4326&BBOX=-7.47249379%2C41.73580132%2C-7.46633005%2C41.74040067&WIDTH=512&HEIGHT=512&FORMAT=image%2Fpng&TRANSPARENT=false	2026-08-01T00:00:00Z
weak-chip-export-v1-00093	wl-tile-v1-09827	wl-neg-neg-pt-dgpc-104697	neg-pt-dgpc-104697	0	hard_negative	train	PT	Chaves - Rua dos Ferradores, 36	-7.467832954936694	41.73888421387006	-7.47091486,41.73658454,-7.46475105,41.74118389	512	dgt_ortos2021_rgb	https://cartografia.dgterritorio.gov.pt/wms/ortos2021	Ortos2021-RGB	data/external/weak-label-chips-v1/train/negative/wl-tile-v1-09827-neg-pt-dgpc-104697.png	weak_label_candidate_for_model_v1	512	512	downloaded	valid	512	512	P	225817	1		https://cartografia.dgterritorio.gov.pt/wms/ortos2021?SERVICE=WMS&VERSION=1.1.1&REQUEST=GetMap&LAYERS=Ortos2021-RGB&STYLES=&SRS=EPSG%3A4326&BBOX=-7.47091486%2C41.73658454%2C-7.46475105%2C41.74118389&WIDTH=512&HEIGHT=512&FORMAT=image%2Fpng&TRANSPARENT=false	2026-08-01T00:00:00Z
weak-chip-export-v1-00094	wl-tile-v1-09746	wl-neg-neg-pt-dgpc-108401	neg-pt-dgpc-108401	0	hard_negative	train	PT	Chã das Carvalheiras/ Laje 1 das Carvalheiras	-8.783540411048966	41.90692663489401	-8.78663042,41.90462696,-8.78045041,41.90922631	512	dgt_ortos2021_rgb	https://cartografia.dgterritorio.gov.pt/wms/ortos2021	Ortos2021-RGB	data/external/weak-label-chips-v1/train/negative/wl-tile-v1-09746-neg-pt-dgpc-108401.png	weak_label_candidate_for_model_v1	512	512	downloaded	valid	512	512	P	238954	1		https://cartografia.dgterritorio.gov.pt/wms/ortos2021?SERVICE=WMS&VERSION=1.1.1&REQUEST=GetMap&LAYERS=Ortos2021-RGB&STYLES=&SRS=EPSG%3A4326&BBOX=-8.78663042%2C41.90462696%2C-8.78045041%2C41.90922631&WIDTH=512&HEIGHT=512&FORMAT=image%2Fpng&TRANSPARENT=false	2026-08-01T00:00:00Z
weak-chip-export-v1-00095	wl-tile-v1-09539	wl-neg-neg-pt-dgpc-109304	neg-pt-dgpc-109304	0	hard_negative	train	PT	Chão de Arefe	-8.675492444554921	41.62377535255953	-8.67856884,41.62147568,-8.67241605,41.62607503	512	dgt_ortos2021_rgb	https://cartografia.dgterritorio.gov.pt/wms/ortos2021	Ortos2021-RGB	data/external/weak-label-chips-v1/train/negative/wl-tile-v1-09539-neg-pt-dgpc-109304.png	weak_label_candidate_for_model_v1	512	512	downloaded	valid	512	512	P	257746	1		https://cartografia.dgterritorio.gov.pt/wms/ortos2021?SERVICE=WMS&VERSION=1.1.1&REQUEST=GetMap&LAYERS=Ortos2021-RGB&STYLES=&SRS=EPSG%3A4326&BBOX=-8.67856884%2C41.62147568%2C-8.67241605%2C41.62607503&WIDTH=512&HEIGHT=512&FORMAT=image%2Fpng&TRANSPARENT=false	2026-08-01T00:00:00Z
weak-chip-export-v1-00096	wl-tile-v1-09782	wl-neg-neg-pt-dgpc-112383	neg-pt-dgpc-112383	0	hard_negative	train	PT	Couto da Pinheira	-8.546199852486762	41.96001262425472	-8.54929243,41.95771295,-8.54310728,41.96231230	512	dgt_ortos2021_rgb	https://cartografia.dgterritorio.gov.pt/wms/ortos2021	Ortos2021-RGB	data/external/weak-label-chips-v1/train/negative/wl-tile-v1-09782-neg-pt-dgpc-112383.png	weak_label_candidate_for_model_v1	512	512	downloaded	valid	512	512	P	251960	1		https://cartografia.dgterritorio.gov.pt/wms/ortos2021?SERVICE=WMS&VERSION=1.1.1&REQUEST=GetMap&LAYERS=Ortos2021-RGB&STYLES=&SRS=EPSG%3A4326&BBOX=-8.54929243%2C41.95771295%2C-8.54310728%2C41.96231230&WIDTH=512&HEIGHT=512&FORMAT=image%2Fpng&TRANSPARENT=false	2026-08-01T00:00:00Z
weak-chip-export-v1-00097	wl-tile-v1-09588	wl-neg-neg-pt-dgpc-107053	neg-pt-dgpc-107053	0	hard_negative	train	PT	Crasto / Canedo / Alto da Moura	-7.945639238563636	41.43501864614613	-7.94870667,41.43271897,-7.94257180,41.43731832	512	dgt_ortos2021_rgb	https://cartografia.dgterritorio.gov.pt/wms/ortos2021	Ortos2021-RGB	data/external/weak-label-chips-v1/train/negative/wl-tile-v1-09588-neg-pt-dgpc-107053.png	weak_label_candidate_for_model_v1	512	512	downloaded	valid	512	512	P	257274	1		https://cartografia.dgterritorio.gov.pt/wms/ortos2021?SERVICE=WMS&VERSION=1.1.1&REQUEST=GetMap&LAYERS=Ortos2021-RGB&STYLES=&SRS=EPSG%3A4326&BBOX=-7.94870667%2C41.43271897%2C-7.94257180%2C41.43731832&WIDTH=512&HEIGHT=512&FORMAT=image%2Fpng&TRANSPARENT=false	2026-08-01T00:00:00Z
weak-chip-export-v1-00098	wl-tile-v1-09677	wl-neg-neg-pt-dgpc-112096	neg-pt-dgpc-112096	0	hard_negative	train	PT	Crasto de Broalhos	-8.454965759234033	41.07086262762629	-8.45801614,41.06856295,-8.45191538,41.07316230	512	dgt_ortos2021_rgb	https://cartografia.dgterritorio.gov.pt/wms/ortos2021	Ortos2021-RGB	data/external/weak-label-chips-v1/train/negative/wl-tile-v1-09677-neg-pt-dgpc-112096.png	weak_label_candidate_for_model_v1	512	512	downloaded	valid	512	512	P	235456	1		https://cartografia.dgterritorio.gov.pt/wms/ortos2021?SERVICE=WMS&VERSION=1.1.1&REQUEST=GetMap&LAYERS=Ortos2021-RGB&STYLES=&SRS=EPSG%3A4326&BBOX=-8.45801614%2C41.06856295%2C-8.45191538%2C41.07316230&WIDTH=512&HEIGHT=512&FORMAT=image%2Fpng&TRANSPARENT=false	2026-08-01T00:00:00Z
weak-chip-export-v1-00099	wl-tile-v1-09773	wl-neg-neg-pt-dgpc-108417	neg-pt-dgpc-108417	0	hard_negative	train	PT	Cruzes	-8.567085189006919	41.9186432976886	-8.57017576,41.91634362,-8.56399462,41.92094297	512	dgt_ortos2021_rgb	https://cartografia.dgterritorio.gov.pt/wms/ortos2021	Ortos2021-RGB	data/external/weak-label-chips-v1/train/negative/wl-tile-v1-09773-neg-pt-dgpc-108417.png	weak_label_candidate_for_model_v1	512	512	downloaded	valid	512	512	P	234871	1		https://cartografia.dgterritorio.gov.pt/wms/ortos2021?SERVICE=WMS&VERSION=1.1.1&REQUEST=GetMap&LAYERS=Ortos2021-RGB&STYLES=&SRS=EPSG%3A4326&BBOX=-8.57017576%2C41.91634362%2C-8.56399462%2C41.92094297&WIDTH=512&HEIGHT=512&FORMAT=image%2Fpng&TRANSPARENT=false	2026-08-01T00:00:00Z
weak-chip-export-v1-00100	wl-tile-v1-09708	wl-neg-neg-pt-dgpc-106070	neg-pt-dgpc-106070	0	hard_negative	train	PT	Custoias	-8.65766716147599	41.199778285014325	-8.66072355,41.19747861,-8.65461078,41.20207796	512	dgt_ortos2021_rgb	https://cartografia.dgterritorio.gov.pt/wms/ortos2021	Ortos2021-RGB	data/external/weak-label-chips-v1/train/negative/wl-tile-v1-09708-neg-pt-dgpc-106070.png	weak_label_candidate_for_model_v1	512	512	downloaded	valid	512	512	P	234246	1		https://cartografia.dgterritorio.gov.pt/wms/ortos2021?SERVICE=WMS&VERSION=1.1.1&REQUEST=GetMap&LAYERS=Ortos2021-RGB&STYLES=&SRS=EPSG%3A4326&BBOX=-8.66072355%2C41.19747861%2C-8.65461078%2C41.20207796&WIDTH=512&HEIGHT=512&FORMAT=image%2Fpng&TRANSPARENT=false	2026-08-01T00:00:00Z
weak-chip-export-v1-00101	wl-tile-v1-09649	wl-neg-neg-pt-dgpc-104964	neg-pt-dgpc-104964	0	hard_negative	train	PT	EP - 621 - Santo Antão da Barca	-6.881264484559733	41.25668402437595	-6.88432353,41.25438435,-6.87820544,41.25898370	512	dgt_ortos2021_rgb	https://cartografia.dgterritorio.gov.pt/wms/ortos2021	Ortos2021-RGB	data/external/weak-label-chips-v1/train/negative/wl-tile-v1-09649-neg-pt-dgpc-104964.png	weak_label_candidate_for_model_v1	512	512	downloaded	valid	512	512	P	206267	1		https://cartografia.dgterritorio.gov.pt/wms/ortos2021?SERVICE=WMS&VERSION=1.1.1&REQUEST=GetMap&LAYERS=Ortos2021-RGB&STYLES=&SRS=EPSG%3A4326&BBOX=-6.88432353%2C41.25438435%2C-6.87820544%2C41.25898370&WIDTH=512&HEIGHT=512&FORMAT=image%2Fpng&TRANSPARENT=false	2026-08-01T00:00:00Z
weak-chip-export-v1-00102	wl-tile-v1-09652	wl-neg-neg-pt-dgpc-109723	neg-pt-dgpc-109723	0	hard_negative	train	PT	Eiró de Sortes/Madorrinho	-6.833587402541596	41.7086523771785	-6.83666786,41.70635270,-6.83050695,41.71095205	512	dgt_ortos2021_rgb	https://cartografia.dgterritorio.gov.pt/wms/ortos2021	Ortos2021-RGB	data/external/weak-label-chips-v1/train/negative/wl-tile-v1-09652-neg-pt-dgpc-109723.png	weak_label_candidate_for_model_v1	512	512	downloaded	valid	512	512	P	237544	1		https://cartografia.dgterritorio.gov.pt/wms/ortos2021?SERVICE=WMS&VERSION=1.1.1&REQUEST=GetMap&LAYERS=Ortos2021-RGB&STYLES=&SRS=EPSG%3A4326&BBOX=-6.83666786%2C41.70635270%2C-6.83050695%2C41.71095205&WIDTH=512&HEIGHT=512&FORMAT=image%2Fpng&TRANSPARENT=false	2026-08-01T00:00:00Z
weak-chip-export-v1-00103	wl-tile-v1-09600	wl-neg-neg-pt-dgpc-114660	neg-pt-dgpc-114660	0	hard_negative	train	PT	Emaus	-8.307533229990346	41.70974205363913	-8.31061374,41.70744238,-8.30445272,41.71204173	512	dgt_ortos2021_rgb	https://cartografia.dgterritorio.gov.pt/wms/ortos2021	Ortos2021-RGB	data/external/weak-label-chips-v1/train/negative/wl-tile-v1-09600-neg-pt-dgpc-114660.png	weak_label_candidate_for_model_v1	512	512	downloaded	valid	512	512	P	240102	1		https://cartografia.dgterritorio.gov.pt/wms/ortos2021?SERVICE=WMS&VERSION=1.1.1&REQUEST=GetMap&LAYERS=Ortos2021-RGB&STYLES=&SRS=EPSG%3A4326&BBOX=-8.31061374%2C41.70744238%2C-8.30445272%2C41.71204173&WIDTH=512&HEIGHT=512&FORMAT=image%2Fpng&TRANSPARENT=false	2026-08-01T00:00:00Z
weak-chip-export-v1-00104	wl-tile-v1-09812	wl-neg-neg-pt-dgpc-110404	neg-pt-dgpc-110404	0	hard_negative	train	PT	Escaravelhão - Núcleo I	-8.604479804271925	42.014493113113375	-8.60757503,42.01219344,-8.60138458,42.01679279	512	dgt_ortos2021_rgb	https://cartografia.dgterritorio.gov.pt/wms/ortos2021	Ortos2021-RGB	data/external/weak-label-chips-v1/train/negative/wl-tile-v1-09812-neg-pt-dgpc-110404.png	weak_label_candidate_for_model_v1	512	512	downloaded	valid	512	512	P	246801	1		https://cartografia.dgterritorio.gov.pt/wms/ortos2021?SERVICE=WMS&VERSION=1.1.1&REQUEST=GetMap&LAYERS=Ortos2021-RGB&STYLES=&SRS=EPSG%3A4326&BBOX=-8.60757503%2C42.01219344%2C-8.60138458%2C42.01679279&WIDTH=512&HEIGHT=512&FORMAT=image%2Fpng&TRANSPARENT=false	2026-08-01T00:00:00Z
weak-chip-export-v1-00105	wl-tile-v1-09811	wl-neg-neg-pt-dgpc-110403	neg-pt-dgpc-110403	0	hard_negative	train	PT	Escaravelhão - Núcleo III	-8.607786518844042	42.0141902134922	-8.61088173,42.01189054,-8.60469131,42.01648989	512	dgt_ortos2021_rgb	https://cartografia.dgterritorio.gov.pt/wms/ortos2021	Ortos2021-RGB	data/external/weak-label-chips-v1/train/negative/wl-tile-v1-09811-neg-pt-dgpc-110403.png	weak_label_candidate_for_model_v1	512	512	downloaded	valid	512	512	P	255503	1		https://cartografia.dgterritorio.gov.pt/wms/ortos2021?SERVICE=WMS&VERSION=1.1.1&REQUEST=GetMap&LAYERS=Ortos2021-RGB&STYLES=&SRS=EPSG%3A4326&BBOX=-8.61088173%2C42.01189054%2C-8.60469131%2C42.01648989&WIDTH=512&HEIGHT=512&FORMAT=image%2Fpng&TRANSPARENT=false	2026-08-01T00:00:00Z
weak-chip-export-v1-00106	wl-tile-v1-09818	wl-neg-neg-pt-dgpc-111359	neg-pt-dgpc-111359	0	hard_negative	train	PT	Escaravelhão - Núcleo IV	-8.60900896556864	42.012981005422496	-8.61210412,42.01068133,-8.60591381,42.01528068	512	dgt_ortos2021_rgb	https://cartografia.dgterritorio.gov.pt/wms/ortos2021	Ortos2021-RGB	data/external/weak-label-chips-v1/train/negative/wl-tile-v1-09818-neg-pt-dgpc-111359.png	weak_label_candidate_for_model_v1	512	512	downloaded	valid	512	512	P	249223	1		https://cartografia.dgterritorio.gov.pt/wms/ortos2021?SERVICE=WMS&VERSION=1.1.1&REQUEST=GetMap&LAYERS=Ortos2021-RGB&STYLES=&SRS=EPSG%3A4326&BBOX=-8.61210412%2C42.01068133%2C-8.60591381%2C42.01528068&WIDTH=512&HEIGHT=512&FORMAT=image%2Fpng&TRANSPARENT=false	2026-08-01T00:00:00Z
weak-chip-export-v1-00107	wl-tile-v1-09819	wl-neg-neg-pt-dgpc-111376	neg-pt-dgpc-111376	0	hard_negative	train	PT	Escaravelhão - Núcleo V	-8.60877062235082	42.01563980331449	-8.61186590,42.01334013,-8.60567534,42.01793948	512	dgt_ortos2021_rgb	https://cartografia.dgterritorio.gov.pt/wms/ortos2021	Ortos2021-RGB	data/external/weak-label-chips-v1/train/negative/wl-tile-v1-09819-neg-pt-dgpc-111376.png	weak_label_candidate_for_model_v1	512	512	downloaded	valid	512	512	P	255523	1		https://cartografia.dgterritorio.gov.pt/wms/ortos2021?SERVICE=WMS&VERSION=1.1.1&REQUEST=GetMap&LAYERS=Ortos2021-RGB&STYLES=&SRS=EPSG%3A4326&BBOX=-8.61186590%2C42.01334013%2C-8.60567534%2C42.01793948&WIDTH=512&HEIGHT=512&FORMAT=image%2Fpng&TRANSPARENT=false	2026-08-01T00:00:00Z
weak-chip-export-v1-00108	wl-tile-v1-09820	wl-neg-neg-pt-dgpc-111387	neg-pt-dgpc-111387	0	hard_negative	train	PT	Escaravelhão - Núcleo VI	-8.609922157162032	42.0168623533593	-8.61301750,42.01456268,-8.60682682,42.01916203	512	dgt_ortos2021_rgb	https://cartografia.dgterritorio.gov.pt/wms/ortos2021	Ortos2021-RGB	data/external/weak-label-chips-v1/train/negative/wl-tile-v1-09820-neg-pt-dgpc-111387.png	weak_label_candidate_for_model_v1	512	512	downloaded	valid	512	512	P	246663	1		https://cartografia.dgterritorio.gov.pt/wms/ortos2021?SERVICE=WMS&VERSION=1.1.1&REQUEST=GetMap&LAYERS=Ortos2021-RGB&STYLES=&SRS=EPSG%3A4326&BBOX=-8.61301750%2C42.01456268%2C-8.60682682%2C42.01916203&WIDTH=512&HEIGHT=512&FORMAT=image%2Fpng&TRANSPARENT=false	2026-08-01T00:00:00Z
weak-chip-export-v1-00109	wl-tile-v1-09622	wl-neg-neg-pt-dgpc-113951	neg-pt-dgpc-113951	0	hard_negative	train	PT	Fiães	-8.62216248121664	41.41280800220792	-8.62522887,41.41050833,-8.61909610,41.41510768	512	dgt_ortos2021_rgb	https://cartografia.dgterritorio.gov.pt/wms/ortos2021	Ortos2021-RGB	data/external/weak-label-chips-v1/train/negative/wl-tile-v1-09622-neg-pt-dgpc-113951.png	weak_label_candidate_for_model_v1	512	512	downloaded	valid	512	512	P	217188	1		https://cartografia.dgterritorio.gov.pt/wms/ortos2021?SERVICE=WMS&VERSION=1.1.1&REQUEST=GetMap&LAYERS=Ortos2021-RGB&STYLES=&SRS=EPSG%3A4326&BBOX=-8.62522887%2C41.41050833%2C-8.61909610%2C41.41510768&WIDTH=512&HEIGHT=512&FORMAT=image%2Fpng&TRANSPARENT=false	2026-08-01T00:00:00Z
weak-chip-export-v1-00110	wl-tile-v1-09857	wl-neg-neg-pt-dgpc-111323	neg-pt-dgpc-111323	0	hard_negative	train	PT	Fonte do Sapo	-7.94137788197333	41.3797926945055	-7.94444271,41.37749302,-7.93831305,41.38209237	512	dgt_ortos2021_rgb	https://cartografia.dgterritorio.gov.pt/wms/ortos2021	Ortos2021-RGB	data/external/weak-label-chips-v1/train/negative/wl-tile-v1-09857-neg-pt-dgpc-111323.png	weak_label_candidate_for_model_v1	512	512	downloaded	valid	512	512	P	242571	1		https://cartografia.dgterritorio.gov.pt/wms/ortos2021?SERVICE=WMS&VERSION=1.1.1&REQUEST=GetMap&LAYERS=Ortos2021-RGB&STYLES=&SRS=EPSG%3A4326&BBOX=-7.94444271%2C41.37749302%2C-7.93831305%2C41.38209237&WIDTH=512&HEIGHT=512&FORMAT=image%2Fpng&TRANSPARENT=false	2026-08-01T00:00:00Z
weak-chip-export-v1-00111	wl-tile-v1-09663	wl-neg-neg-pt-dgpc-104978	neg-pt-dgpc-104978	0	hard_negative	train	PT	Fontelas	-8.063518172680924	41.258366933046645	-8.06657730,41.25606726,-8.06045905,41.26066661	512	dgt_ortos2021_rgb	https://cartografia.dgterritorio.gov.pt/wms/ortos2021	Ortos2021-RGB	data/external/weak-label-chips-v1/train/negative/wl-tile-v1-09663-neg-pt-dgpc-104978.png	weak_label_candidate_for_model_v1	512	512	downloaded	valid	512	512	P	237396	1		https://cartografia.dgterritorio.gov.pt/wms/ortos2021?SERVICE=WMS&VERSION=1.1.1&REQUEST=GetMap&LAYERS=Ortos2021-RGB&STYLES=&SRS=EPSG%3A4326&BBOX=-8.06657730%2C41.25606726%2C-8.06045905%2C41.26066661&WIDTH=512&HEIGHT=512&FORMAT=image%2Fpng&TRANSPARENT=false	2026-08-01T00:00:00Z
weak-chip-export-v1-00112	wl-tile-v1-09658	wl-neg-neg-pt-dgpc-108332	neg-pt-dgpc-108332	0	hard_negative	train	PT	Forno dos Mouros	-7.163076526580571	41.89736830092997	-7.16616607,41.89506862,-7.15998698,41.89966798	512	dgt_ortos2021_rgb	https://cartografia.dgterritorio.gov.pt/wms/ortos2021	Ortos2021-RGB	data/external/weak-label-chips-v1/train/negative/wl-tile-v1-09658-neg-pt-dgpc-108332.png	weak_label_candidate_for_model_v1	512	512	downloaded	valid	512	512	P	237687	1		https://cartografia.dgterritorio.gov.pt/wms/ortos2021?SERVICE=WMS&VERSION=1.1.1&REQUEST=GetMap&LAYERS=Ortos2021-RGB&STYLES=&SRS=EPSG%3A4326&BBOX=-7.16616607%2C41.89506862%2C-7.15998698%2C41.89966798&WIDTH=512&HEIGHT=512&FORMAT=image%2Fpng&TRANSPARENT=false	2026-08-01T00:00:00Z
weak-chip-export-v1-00113	wl-tile-v1-09823	wl-neg-neg-pt-dgpc-113811	neg-pt-dgpc-113811	0	hard_negative	train	PT	Forte de Belém	-8.648730653650246	42.0008195535819	-8.65182521,41.99851988,-8.64563609,42.00311923	512	dgt_ortos2021_rgb	https://cartografia.dgterritorio.gov.pt/wms/ortos2021	Ortos2021-RGB	data/external/weak-label-chips-v1/train/negative/wl-tile-v1-09823-neg-pt-dgpc-113811.png	weak_label_candidate_for_model_v1	512	512	downloaded	valid	512	512	P	249601	1		https://cartografia.dgterritorio.gov.pt/wms/ortos2021?SERVICE=WMS&VERSION=1.1.1&REQUEST=GetMap&LAYERS=Ortos2021-RGB&STYLES=&SRS=EPSG%3A4326&BBOX=-8.65182521%2C41.99851988%2C-8.64563609%2C42.00311923&WIDTH=512&HEIGHT=512&FORMAT=image%2Fpng&TRANSPARENT=false	2026-08-01T00:00:00Z
weak-chip-export-v1-00114	wl-tile-v1-09737	wl-neg-neg-pt-dgpc-111176	neg-pt-dgpc-111176	0	hard_negative	train	PT	Forte de Bragandelo	-8.474653392982848	41.95994420676822	-8.47774597,41.95764453,-8.47156082,41.96224388	512	dgt_ortos2021_rgb	https://cartografia.dgterritorio.gov.pt/wms/ortos2021	Ortos2021-RGB	data/external/weak-label-chips-v1/train/negative/wl-tile-v1-09737-neg-pt-dgpc-111176.png	weak_label_candidate_for_model_v1	512	512	downloaded	valid	512	512	P	247946	1		https://cartografia.dgterritorio.gov.pt/wms/ortos2021?SERVICE=WMS&VERSION=1.1.1&REQUEST=GetMap&LAYERS=Ortos2021-RGB&STYLES=&SRS=EPSG%3A4326&BBOX=-8.47774597%2C41.95764453%2C-8.47156082%2C41.96224388&WIDTH=512&HEIGHT=512&FORMAT=image%2Fpng&TRANSPARENT=false	2026-08-01T00:00:00Z
weak-chip-export-v1-00115	wl-tile-v1-09822	wl-neg-neg-pt-dgpc-113808	neg-pt-dgpc-113808	0	hard_negative	train	PT	Forte de São Francisco	-8.628166725095895	42.013999713689316	-8.63126193,42.01170004,-8.62507152,42.01629939	512	dgt_ortos2021_rgb	https://cartografia.dgterritorio.gov.pt/wms/ortos2021	Ortos2021-RGB	data/external/weak-label-chips-v1/train/negative/wl-tile-v1-09822-neg-pt-dgpc-113808.png	weak_label_candidate_for_model_v1	512	512	downloaded	valid	512	512	P	240695	1		https://cartografia.dgterritorio.gov.pt/wms/ortos2021?SERVICE=WMS&VERSION=1.1.1&REQUEST=GetMap&LAYERS=Ortos2021-RGB&STYLES=&SRS=EPSG%3A4326&BBOX=-8.63126193%2C42.01170004%2C-8.62507152%2C42.01629939&WIDTH=512&HEIGHT=512&FORMAT=image%2Fpng&TRANSPARENT=false	2026-08-01T00:00:00Z
weak-chip-export-v1-00116	wl-tile-v1-09805	wl-neg-neg-pt-dgpc-108516	neg-pt-dgpc-108516	0	hard_negative	train	PT	Forte de São Jorge/ Fortificação do Monte da Chãs/ Forte da Silva	-8.66454850781293	41.96812808070406	-8.66764148,41.96582840,-8.66145554,41.97042776	512	dgt_ortos2021_rgb	https://cartografia.dgterritorio.gov.pt/wms/ortos2021	Ortos2021-RGB	data/external/weak-label-chips-v1/train/negative/wl-tile-v1-09805-neg-pt-dgpc-108516.png	weak_label_candidate_for_model_v1	512	512	downloaded	valid	512	512	P	235575	1		https://cartografia.dgterritorio.gov.pt/wms/ortos2021?SERVICE=WMS&VERSION=1.1.1&REQUEST=GetMap&LAYERS=Ortos2021-RGB&STYLES=&SRS=EPSG%3A4326&BBOX=-8.66764148%2C41.96582840%2C-8.66145554%2C41.97042776&WIDTH=512&HEIGHT=512&FORMAT=image%2Fpng&TRANSPARENT=false	2026-08-01T00:00:00Z
weak-chip-export-v1-00117	wl-tile-v1-09730	wl-neg-neg-pt-dgpc-106685	neg-pt-dgpc-106685	0	hard_negative	train	PT	Forte de São João Baptista	-8.75178694251649	41.34167147034546	-8.75484998,41.33937179,-8.74872391,41.34397115	512	dgt_ortos2021_rgb	https://cartografia.dgterritorio.gov.pt/wms/ortos2021	Ortos2021-RGB	data/external/weak-label-chips-v1/train/negative/wl-tile-v1-09730-neg-pt-dgpc-106685.png	weak_label_candidate_for_model_v1	512	512	downloaded	valid	512	512	P	199700	1		https://cartografia.dgterritorio.gov.pt/wms/ortos2021?SERVICE=WMS&VERSION=1.1.1&REQUEST=GetMap&LAYERS=Ortos2021-RGB&STYLES=&SRS=EPSG%3A4326&BBOX=-8.75484998%2C41.33937179%2C-8.74872391%2C41.34397115&WIDTH=512&HEIGHT=512&FORMAT=image%2Fpng&TRANSPARENT=false	2026-08-01T00:00:00Z
weak-chip-export-v1-00118	wl-tile-v1-09651	wl-neg-neg-pt-dgpc-108688	neg-pt-dgpc-108688	0	hard_negative	train	PT	Forte de São João de Deus	-6.764711430655302	41.80561752757639	-6.76779654,41.80331785,-6.76162632,41.80791720	512	dgt_ortos2021_rgb	https://cartografia.dgterritorio.gov.pt/wms/ortos2021	Ortos2021-RGB	data/external/weak-label-chips-v1/train/negative/wl-tile-v1-09651-neg-pt-dgpc-108688.png	weak_label_candidate_for_model_v1	512	512	downloaded	valid	512	512	P	220399	1		https://cartografia.dgterritorio.gov.pt/wms/ortos2021?SERVICE=WMS&VERSION=1.1.1&REQUEST=GetMap&LAYERS=Ortos2021-RGB&STYLES=&SRS=EPSG%3A4326&BBOX=-6.76779654%2C41.80331785%2C-6.76162632%2C41.80791720&WIDTH=512&HEIGHT=512&FORMAT=image%2Fpng&TRANSPARENT=false	2026-08-01T00:00:00Z
weak-chip-export-v1-00119	wl-tile-v1-09821	wl-neg-neg-pt-dgpc-113805	neg-pt-dgpc-113805	0	hard_negative	train	PT	Forte de São Luís Gonzaga e Atalaia de Santa Teresa	-8.672522073640147	41.99262648512436	-8.67561624,41.99032681,-8.66942791,41.99492616	512	dgt_ortos2021_rgb	https://cartografia.dgterritorio.gov.pt/wms/ortos2021	Ortos2021-RGB	data/external/weak-label-chips-v1/train/negative/wl-tile-v1-09821-neg-pt-dgpc-113805.png	weak_label_candidate_for_model_v1	512	512	downloaded	valid	512	512	P	224797	1		https://cartografia.dgterritorio.gov.pt/wms/ortos2021?SERVICE=WMS&VERSION=1.1.1&REQUEST=GetMap&LAYERS=Ortos2021-RGB&STYLES=&SRS=EPSG%3A4326&BBOX=-8.67561624%2C41.99032681%2C-8.66942791%2C41.99492616&WIDTH=512&HEIGHT=512&FORMAT=image%2Fpng&TRANSPARENT=false	2026-08-01T00:00:00Z
weak-chip-export-v1-00120	wl-tile-v1-09806	wl-neg-neg-pt-dgpc-108554	neg-pt-dgpc-108554	0	hard_negative	train	PT	Forte do Tuído ou da Gandra	-8.630430276992188	42.00223968736881	-8.63352491,41.99994001,-8.62733565,42.00453936	512	dgt_ortos2021_rgb	https://cartografia.dgterritorio.gov.pt/wms/ortos2021	Ortos2021-RGB	data/external/weak-label-chips-v1/train/negative/wl-tile-v1-09806-neg-pt-dgpc-108554.png	weak_label_candidate_for_model_v1	512	512	downloaded	valid	512	512	P	215147	1		https://cartografia.dgterritorio.gov.pt/wms/ortos2021?SERVICE=WMS&VERSION=1.1.1&REQUEST=GetMap&LAYERS=Ortos2021-RGB&STYLES=&SRS=EPSG%3A4326&BBOX=-8.63352491%2C41.99994001%2C-8.62733565%2C42.00453936&WIDTH=512&HEIGHT=512&FORMAT=image%2Fpng&TRANSPARENT=false	2026-08-01T00:00:00Z
weak-chip-export-v1-00121	wl-tile-v1-09817	wl-neg-neg-pt-dgpc-111040	neg-pt-dgpc-111040	0	hard_negative	train	PT	Fortificações da Praça de Valença do Minho	-8.645605781063436	42.02984845696913	-8.64870175,42.02754878,-8.64250981,42.03214813	512	dgt_ortos2021_rgb	https://cartografia.dgterritorio.gov.pt/wms/ortos2021	Ortos2021-RGB	data/external/weak-label-chips-v1/train/negative/wl-tile-v1-09817-neg-pt-dgpc-111040.png	weak_label_candidate_for_model_v1	512	512	downloaded	valid	512	512	P	239066	1		https://cartografia.dgterritorio.gov.pt/wms/ortos2021?SERVICE=WMS&VERSION=1.1.1&REQUEST=GetMap&LAYERS=Ortos2021-RGB&STYLES=&SRS=EPSG%3A4326&BBOX=-8.64870175%2C42.02754878%2C-8.64250981%2C42.03214813&WIDTH=512&HEIGHT=512&FORMAT=image%2Fpng&TRANSPARENT=false	2026-08-01T00:00:00Z
weak-chip-export-v1-00122	wl-tile-v1-09816	wl-neg-neg-pt-dgpc-111013	neg-pt-dgpc-111013	0	hard_negative	train	PT	Fortim do Verdoejo/ Forte da Gingleta	-8.581134983214382	42.05077845757125	-8.58423198,42.04847878,-8.57803799,42.05307813	512	dgt_ortos2021_rgb	https://cartografia.dgterritorio.gov.pt/wms/ortos2021	Ortos2021-RGB	data/external/weak-label-chips-v1/train/negative/wl-tile-v1-09816-neg-pt-dgpc-111013.png	weak_label_candidate_for_model_v1	512	512	downloaded	valid	512	512	P	208058	1		https://cartografia.dgterritorio.gov.pt/wms/ortos2021?SERVICE=WMS&VERSION=1.1.1&REQUEST=GetMap&LAYERS=Ortos2021-RGB&STYLES=&SRS=EPSG%3A4326&BBOX=-8.58423198%2C42.04847878%2C-8.57803799%2C42.05307813&WIDTH=512&HEIGHT=512&FORMAT=image%2Fpng&TRANSPARENT=false	2026-08-01T00:00:00Z
weak-chip-export-v1-00123	wl-tile-v1-09828	wl-neg-neg-pt-dgpc-108643	neg-pt-dgpc-108643	0	hard_negative	train	PT	Fraga das Passadas	-7.4953126400813685	41.799217484918564	-7.49839745,41.79691781,-7.49222783,41.80151716	512	dgt_ortos2021_rgb	https://cartografia.dgterritorio.gov.pt/wms/ortos2021	Ortos2021-RGB	data/external/weak-label-chips-v1/train/negative/wl-tile-v1-09828-neg-pt-dgpc-108643.png	weak_label_candidate_for_model_v1	512	512	downloaded	valid	512	512	P	253894	1		https://cartografia.dgterritorio.gov.pt/wms/ortos2021?SERVICE=WMS&VERSION=1.1.1&REQUEST=GetMap&LAYERS=Ortos2021-RGB&STYLES=&SRS=EPSG%3A4326&BBOX=-7.49839745%2C41.79691781%2C-7.49222783%2C41.80151716&WIDTH=512&HEIGHT=512&FORMAT=image%2Fpng&TRANSPARENT=false	2026-08-01T00:00:00Z
weak-chip-export-v1-00124	wl-tile-v1-09656	wl-neg-neg-pt-dgpc-107177	neg-pt-dgpc-107177	0	hard_negative	train	PT	Fraga dos Namorados	-7.050457951842127	41.392176908431836	-7.05352336,41.38987723,-7.04739254,41.39447659	512	dgt_ortos2021_rgb	https://cartografia.dgterritorio.gov.pt/wms/ortos2021	Ortos2021-RGB	data/external/weak-label-chips-v1/train/negative/wl-tile-v1-09656-neg-pt-dgpc-107177.png	weak_label_candidate_for_model_v1	512	512	downloaded	valid	512	512	P	231101	1		https://cartografia.dgterritorio.gov.pt/wms/ortos2021?SERVICE=WMS&VERSION=1.1.1&REQUEST=GetMap&LAYERS=Ortos2021-RGB&STYLES=&SRS=EPSG%3A4326&BBOX=-7.05352336%2C41.38987723%2C-7.04739254%2C41.39447659&WIDTH=512&HEIGHT=512&FORMAT=image%2Fpng&TRANSPARENT=false	2026-08-01T00:00:00Z
weak-chip-export-v1-00125	wl-tile-v1-09667	wl-neg-neg-pt-dgpc-106219	neg-pt-dgpc-106219	0	hard_negative	train	PT	Gatão - Igreja de São João Baptista	-8.063006327966526	41.29700308326849	-8.06606726,41.29470341,-8.05994539,41.29930276	512	dgt_ortos2021_rgb	https://cartografia.dgterritorio.gov.pt/wms/ortos2021	Ortos2021-RGB	data/external/weak-label-chips-v1/train/negative/wl-tile-v1-09667-neg-pt-dgpc-106219.png	weak_label_candidate_for_model_v1	512	512	downloaded	valid	512	512	P	246989	1		https://cartografia.dgterritorio.gov.pt/wms/ortos2021?SERVICE=WMS&VERSION=1.1.1&REQUEST=GetMap&LAYERS=Ortos2021-RGB&STYLES=&SRS=EPSG%3A4326&BBOX=-8.06606726%2C41.29470341%2C-8.05994539%2C41.29930276&WIDTH=512&HEIGHT=512&FORMAT=image%2Fpng&TRANSPARENT=false	2026-08-01T00:00:00Z
weak-chip-export-v1-00126	wl-tile-v1-09747	wl-neg-neg-pt-dgpc-108697	neg-pt-dgpc-108697	0	hard_negative	train	PT	Gorgolada	-8.849409017008156	41.80648972386925	-8.85249417,41.80419005,-8.84632386,41.80878940	512	dgt_ortos2021_rgb	https://cartografia.dgterritorio.gov.pt/wms/ortos2021	Ortos2021-RGB	data/external/weak-label-chips-v1/train/negative/wl-tile-v1-09747-neg-pt-dgpc-108697.png	weak_label_candidate_for_model_v1	512	512	downloaded	valid	512	512	P	235931	1		https://cartografia.dgterritorio.gov.pt/wms/ortos2021?SERVICE=WMS&VERSION=1.1.1&REQUEST=GetMap&LAYERS=Ortos2021-RGB&STYLES=&SRS=EPSG%3A4326&BBOX=-8.85249417%2C41.80419005%2C-8.84632386%2C41.80878940&WIDTH=512&HEIGHT=512&FORMAT=image%2Fpng&TRANSPARENT=false	2026-08-01T00:00:00Z
weak-chip-export-v1-00127	wl-tile-v1-09742	wl-neg-neg-pt-dgpc-108345	neg-pt-dgpc-108345	0	hard_negative	train	PT	Gravura rupestre 1 de Góis Pequeno	-8.781685037593583	41.898093928882254	-8.78477461,41.89579425,-8.77859546,41.90039361	512	dgt_ortos2021_rgb	https://cartografia.dgterritorio.gov.pt/wms/ortos2021	Ortos2021-RGB	data/external/weak-label-chips-v1/train/negative/wl-tile-v1-09742-neg-pt-dgpc-108345.png	weak_label_candidate_for_model_v1	512	512	downloaded	valid	512	512	P	245594	1		https://cartografia.dgterritorio.gov.pt/wms/ortos2021?SERVICE=WMS&VERSION=1.1.1&REQUEST=GetMap&LAYERS=Ortos2021-RGB&STYLES=&SRS=EPSG%3A4326&BBOX=-8.78477461%2C41.89579425%2C-8.77859546%2C41.90039361&WIDTH=512&HEIGHT=512&FORMAT=image%2Fpng&TRANSPARENT=false	2026-08-01T00:00:00Z
weak-chip-export-v1-00128	wl-tile-v1-09743	wl-neg-neg-pt-dgpc-108347	neg-pt-dgpc-108347	0	hard_negative	train	PT	Gravura rupestre 2 de Góis Pequeno	-8.78180644662108	41.898183272916775	-8.78489603,41.89588360,-8.77871687,41.90048295	512	dgt_ortos2021_rgb	https://cartografia.dgterritorio.gov.pt/wms/ortos2021	Ortos2021-RGB	data/external/weak-label-chips-v1/train/negative/wl-tile-v1-09743-neg-pt-dgpc-108347.png	weak_label_candidate_for_model_v1	512	512	downloaded	valid	512	512	P	245909	1		https://cartografia.dgterritorio.gov.pt/wms/ortos2021?SERVICE=WMS&VERSION=1.1.1&REQUEST=GetMap&LAYERS=Ortos2021-RGB&STYLES=&SRS=EPSG%3A4326&BBOX=-8.78489603%2C41.89588360%2C-8.77871687%2C41.90048295&WIDTH=512&HEIGHT=512&FORMAT=image%2Fpng&TRANSPARENT=false	2026-08-01T00:00:00Z
weak-chip-export-v1-00129	wl-tile-v1-09741	wl-neg-neg-pt-dgpc-108344	neg-pt-dgpc-108344	0	hard_negative	train	PT	Gravura rupestre 3 de Góis Pequeno	-8.781805535521675	41.89809324824596	-8.78489511,41.89579357,-8.77871596,41.90039292	512	dgt_ortos2021_rgb	https://cartografia.dgterritorio.gov.pt/wms/ortos2021	Ortos2021-RGB	data/external/weak-label-chips-v1/train/negative/wl-tile-v1-09741-neg-pt-dgpc-108344.png	weak_label_candidate_for_model_v1	512	512	downloaded	valid	512	512	P	245052	1		https://cartografia.dgterritorio.gov.pt/wms/ortos2021?SERVICE=WMS&VERSION=1.1.1&REQUEST=GetMap&LAYERS=Ortos2021-RGB&STYLES=&SRS=EPSG%3A4326&BBOX=-8.78489511%2C41.89579357%2C-8.77871596%2C41.90039292&WIDTH=512&HEIGHT=512&FORMAT=image%2Fpng&TRANSPARENT=false	2026-08-01T00:00:00Z
weak-chip-export-v1-00130	wl-tile-v1-09744	wl-neg-neg-pt-dgpc-108349	neg-pt-dgpc-108349	0	hard_negative	train	PT	Gravura rupestre 4 de Góis Pequeno	-8.784461056886071	41.89852835279613	-8.78755066,41.89622868,-8.78137146,41.90082803	512	dgt_ortos2021_rgb	https://cartografia.dgterritorio.gov.pt/wms/ortos2021	Ortos2021-RGB	data/external/weak-label-chips-v1/train/negative/wl-tile-v1-09744-neg-pt-dgpc-108349.png	weak_label_candidate_for_model_v1	512	512	downloaded	valid	512	512	P	245260	1		https://cartografia.dgterritorio.gov.pt/wms/ortos2021?SERVICE=WMS&VERSION=1.1.1&REQUEST=GetMap&LAYERS=Ortos2021-RGB&STYLES=&SRS=EPSG%3A4326&BBOX=-8.78755066%2C41.89622868%2C-8.78137146%2C41.90082803&WIDTH=512&HEIGHT=512&FORMAT=image%2Fpng&TRANSPARENT=false	2026-08-01T00:00:00Z
weak-chip-export-v1-00131	wl-tile-v1-09843	wl-neg-neg-pt-dgpc-109707	neg-pt-dgpc-109707	0	hard_negative	train	PT	Igreja Nossa Senhora da Azinheira	-7.450566684596285	41.768502745208906	-7.45365001,41.76620307,-7.44748336,41.77080242	512	dgt_ortos2021_rgb	https://cartografia.dgterritorio.gov.pt/wms/ortos2021	Ortos2021-RGB	data/external/weak-label-chips-v1/train/negative/wl-tile-v1-09843-neg-pt-dgpc-109707.png	weak_label_candidate_for_model_v1	512	512	downloaded	valid	512	512	P	238892	1		https://cartografia.dgterritorio.gov.pt/wms/ortos2021?SERVICE=WMS&VERSION=1.1.1&REQUEST=GetMap&LAYERS=Ortos2021-RGB&STYLES=&SRS=EPSG%3A4326&BBOX=-7.45365001%2C41.76620307%2C-7.44748336%2C41.77080242&WIDTH=512&HEIGHT=512&FORMAT=image%2Fpng&TRANSPARENT=false	2026-08-01T00:00:00Z
weak-chip-export-v1-00132	wl-tile-v1-09690	wl-neg-neg-pt-dgpc-111142	neg-pt-dgpc-111142	0	hard_negative	train	PT	Igreja Paroquial de Cristelos (Santo André)	-8.292352250041256	41.278268931584925	-8.29541231,41.27596925,-8.28929219,41.28056861	512	dgt_ortos2021_rgb	https://cartografia.dgterritorio.gov.pt/wms/ortos2021	Ortos2021-RGB	data/external/weak-label-chips-v1/train/negative/wl-tile-v1-09690-neg-pt-dgpc-111142.png	weak_label_candidate_for_model_v1	512	512	downloaded	valid	512	512	P	235156	1		https://cartografia.dgterritorio.gov.pt/wms/ortos2021?SERVICE=WMS&VERSION=1.1.1&REQUEST=GetMap&LAYERS=Ortos2021-RGB&STYLES=&SRS=EPSG%3A4326&BBOX=-8.29541231%2C41.27596925%2C-8.28929219%2C41.28056861&WIDTH=512&HEIGHT=512&FORMAT=image%2Fpng&TRANSPARENT=false	2026-08-01T00:00:00Z
weak-chip-export-v1-00133	wl-tile-v1-09672	wl-neg-neg-pt-dgpc-114021	neg-pt-dgpc-114021	0	hard_negative	train	PT	Igreja de Nossa Senhora do Lufrei	-8.054377551712612	41.27363913446673	-8.05743739,41.27133946,-8.05131771,41.27593881	512	dgt_ortos2021_rgb	https://cartografia.dgterritorio.gov.pt/wms/ortos2021	Ortos2021-RGB	data/external/weak-label-chips-v1/train/negative/wl-tile-v1-09672-neg-pt-dgpc-114021.png	weak_label_candidate_for_model_v1	512	512	downloaded	valid	512	512	P	240100	1		https://cartografia.dgterritorio.gov.pt/wms/ortos2021?SERVICE=WMS&VERSION=1.1.1&REQUEST=GetMap&LAYERS=Ortos2021-RGB&STYLES=&SRS=EPSG%3A4326&BBOX=-8.05743739%2C41.27133946%2C-8.05131771%2C41.27593881&WIDTH=512&HEIGHT=512&FORMAT=image%2Fpng&TRANSPARENT=false	2026-08-01T00:00:00Z
weak-chip-export-v1-00134	wl-tile-v1-09616	wl-neg-neg-pt-dgpc-106976	neg-pt-dgpc-106976	0	hard_negative	train	PT	Landim	-8.467838557088948	41.37876751676841	-8.47090334,41.37646784,-8.46477378,41.38106719	512	dgt_ortos2021_rgb	https://cartografia.dgterritorio.gov.pt/wms/ortos2021	Ortos2021-RGB	data/external/weak-label-chips-v1/train/negative/wl-tile-v1-09616-neg-pt-dgpc-106976.png	weak_label_candidate_for_model_v1	512	512	downloaded	valid	512	512	P	232041	1		https://cartografia.dgterritorio.gov.pt/wms/ortos2021?SERVICE=WMS&VERSION=1.1.1&REQUEST=GetMap&LAYERS=Ortos2021-RGB&STYLES=&SRS=EPSG%3A4326&BBOX=-8.47090334%2C41.37646784%2C-8.46477378%2C41.38106719&WIDTH=512&HEIGHT=512&FORMAT=image%2Fpng&TRANSPARENT=false	2026-08-01T00:00:00Z
weak-chip-export-v1-00135	wl-tile-v1-09710	wl-neg-neg-pt-dgpc-106145	neg-pt-dgpc-106145	0	hard_negative	train	PT	Leça do Bailio	-8.621977700308152	41.209840076872936	-8.62503455,41.20754040,-8.61892085,41.21213975	512	dgt_ortos2021_rgb	https://cartografia.dgterritorio.gov.pt/wms/ortos2021	Ortos2021-RGB	data/external/weak-label-chips-v1/train/negative/wl-tile-v1-09710-neg-pt-dgpc-106145.png	weak_label_candidate_for_model_v1	512	512	downloaded	valid	512	512	P	229903	1		https://cartografia.dgterritorio.gov.pt/wms/ortos2021?SERVICE=WMS&VERSION=1.1.1&REQUEST=GetMap&LAYERS=Ortos2021-RGB&STYLES=&SRS=EPSG%3A4326&BBOX=-8.62503455%2C41.20754040%2C-8.61892085%2C41.21213975&WIDTH=512&HEIGHT=512&FORMAT=image%2Fpng&TRANSPARENT=false	2026-08-01T00:00:00Z
weak-chip-export-v1-00136	wl-tile-v1-09793	wl-neg-neg-pt-dgpc-112395	neg-pt-dgpc-112395	0	hard_negative	train	PT	Linhares	-8.612885080577993	41.926373750116824	-8.61597603,41.92407407,-8.60979413,41.92867343	512	dgt_ortos2021_rgb	https://cartografia.dgterritorio.gov.pt/wms/ortos2021	Ortos2021-RGB	data/external/weak-label-chips-v1/train/negative/wl-tile-v1-09793-neg-pt-dgpc-112395.png	weak_label_candidate_for_model_v1	512	512	downloaded	valid	512	512	P	239360	1		https://cartografia.dgterritorio.gov.pt/wms/ortos2021?SERVICE=WMS&VERSION=1.1.1&REQUEST=GetMap&LAYERS=Ortos2021-RGB&STYLES=&SRS=EPSG%3A4326&BBOX=-8.61597603%2C41.92407407%2C-8.60979413%2C41.92867343&WIDTH=512&HEIGHT=512&FORMAT=image%2Fpng&TRANSPARENT=false	2026-08-01T00:00:00Z
weak-chip-export-v1-00137	wl-tile-v1-09538	wl-neg-neg-pt-dgpc-108044	neg-pt-dgpc-108044	0	hard_negative	train	PT	Lordelo	-8.688908528714684	41.495320102078274	-8.69197882,41.49302043,-8.68583824,41.49761978	512	dgt_ortos2021_rgb	https://cartografia.dgterritorio.gov.pt/wms/ortos2021	Ortos2021-RGB	data/external/weak-label-chips-v1/train/negative/wl-tile-v1-09538-neg-pt-dgpc-108044.png	weak_label_candidate_for_model_v1	512	512	downloaded	valid	512	512	P	221806	1		https://cartografia.dgterritorio.gov.pt/wms/ortos2021?SERVICE=WMS&VERSION=1.1.1&REQUEST=GetMap&LAYERS=Ortos2021-RGB&STYLES=&SRS=EPSG%3A4326&BBOX=-8.69197882%2C41.49302043%2C-8.68583824%2C41.49761978&WIDTH=512&HEIGHT=512&FORMAT=image%2Fpng&TRANSPARENT=false	2026-08-01T00:00:00Z
weak-chip-export-v1-00138	wl-tile-v1-09798	wl-neg-neg-pt-dgpc-112409	neg-pt-dgpc-112409	0	hard_negative	train	PT	Mamoa 1 da Fonte Cavada	-8.553612436495301	41.9612264962826	-8.55670507,41.95892682,-8.55051980,41.96352617	512	dgt_ortos2021_rgb	https://cartografia.dgterritorio.gov.pt/wms/ortos2021	Ortos2021-RGB	data/external/weak-label-chips-v1/train/negative/wl-tile-v1-09798-neg-pt-dgpc-112409.png	weak_label_candidate_for_model_v1	512	512	downloaded	valid	512	512	P	245596	1		https://cartografia.dgterritorio.gov.pt/wms/ortos2021?SERVICE=WMS&VERSION=1.1.1&REQUEST=GetMap&LAYERS=Ortos2021-RGB&STYLES=&SRS=EPSG%3A4326&BBOX=-8.55670507%2C41.95892682%2C-8.55051980%2C41.96352617&WIDTH=512&HEIGHT=512&FORMAT=image%2Fpng&TRANSPARENT=false	2026-08-01T00:00:00Z
weak-chip-export-v1-00139	wl-tile-v1-09639	wl-neg-neg-pt-dgpc-109630	neg-pt-dgpc-109630	0	hard_negative	train	PT	Mamoa 1 de Bustelo	-8.45088401165534	41.700516067169154	-8.45396408,41.69821639,-8.44780395,41.70281574	512	dgt_ortos2021_rgb	https://cartografia.dgterritorio.gov.pt/wms/ortos2021	Ortos2021-RGB	data/external/weak-label-chips-v1/train/negative/wl-tile-v1-09639-neg-pt-dgpc-109630.png	weak_label_candidate_for_model_v1	512	512	downloaded	valid	512	512	P	246192	1		https://cartografia.dgterritorio.gov.pt/wms/ortos2021?SERVICE=WMS&VERSION=1.1.1&REQUEST=GetMap&LAYERS=Ortos2021-RGB&STYLES=&SRS=EPSG%3A4326&BBOX=-8.45396408%2C41.69821639%2C-8.44780395%2C41.70281574&WIDTH=512&HEIGHT=512&FORMAT=image%2Fpng&TRANSPARENT=false	2026-08-01T00:00:00Z
weak-chip-export-v1-00140	wl-tile-v1-09795	wl-neg-neg-pt-dgpc-112406	neg-pt-dgpc-112406	0	hard_negative	train	PT	Mamoa 1 de Chão das Porreiras	-8.54599211809675	41.96171826361448	-8.54908478,41.95941859,-8.54289946,41.96401794	512	dgt_ortos2021_rgb	https://cartografia.dgterritorio.gov.pt/wms/ortos2021	Ortos2021-RGB	data/external/weak-label-chips-v1/train/negative/wl-tile-v1-09795-neg-pt-dgpc-112406.png	weak_label_candidate_for_model_v1	512	512	downloaded	valid	512	512	P	253753	1		https://cartografia.dgterritorio.gov.pt/wms/ortos2021?SERVICE=WMS&VERSION=1.1.1&REQUEST=GetMap&LAYERS=Ortos2021-RGB&STYLES=&SRS=EPSG%3A4326&BBOX=-8.54908478%2C41.95941859%2C-8.54289946%2C41.96401794&WIDTH=512&HEIGHT=512&FORMAT=image%2Fpng&TRANSPARENT=false	2026-08-01T00:00:00Z
weak-chip-export-v1-00141	wl-tile-v1-09625	wl-neg-neg-pt-dgpc-109350	neg-pt-dgpc-109350	0	hard_negative	train	PT	Mamoa 1 de Chão de Couce	-8.47680095613144	41.68545066386597	-8.47988030,41.68315099,-8.47372161,41.68775034	512	dgt_ortos2021_rgb	https://cartografia.dgterritorio.gov.pt/wms/ortos2021	Ortos2021-RGB	data/external/weak-label-chips-v1/train/negative/wl-tile-v1-09625-neg-pt-dgpc-109350.png	weak_label_candidate_for_model_v1	512	512	downloaded	valid	512	512	P	247159	1		https://cartografia.dgterritorio.gov.pt/wms/ortos2021?SERVICE=WMS&VERSION=1.1.1&REQUEST=GetMap&LAYERS=Ortos2021-RGB&STYLES=&SRS=EPSG%3A4326&BBOX=-8.47988030%2C41.68315099%2C-8.47372161%2C41.68775034&WIDTH=512&HEIGHT=512&FORMAT=image%2Fpng&TRANSPARENT=false	2026-08-01T00:00:00Z
weak-chip-export-v1-00142	wl-tile-v1-09779	wl-neg-neg-pt-dgpc-112378	neg-pt-dgpc-112378	0	hard_negative	train	PT	Mamoa 1 do Cárdio	-8.53620304544613	41.974037938981745	-8.53929630,41.97173826,-8.53310979,41.97633762	512	dgt_ortos2021_rgb	https://cartografia.dgterritorio.gov.pt/wms/ortos2021	Ortos2021-RGB	data/external/weak-label-chips-v1/train/negative/wl-tile-v1-09779-neg-pt-dgpc-112378.png	weak_label_candidate_for_model_v1	512	512	downloaded	valid	512	512	P	243001	1		https://cartografia.dgterritorio.gov.pt/wms/ortos2021?SERVICE=WMS&VERSION=1.1.1&REQUEST=GetMap&LAYERS=Ortos2021-RGB&STYLES=&SRS=EPSG%3A4326&BBOX=-8.53929630%2C41.97173826%2C-8.53310979%2C41.97633762&WIDTH=512&HEIGHT=512&FORMAT=image%2Fpng&TRANSPARENT=false	2026-08-01T00:00:00Z
weak-chip-export-v1-00143	wl-tile-v1-09753	wl-neg-neg-pt-dgpc-113975	neg-pt-dgpc-113975	0	hard_negative	train	PT	Mamoa 1 dos Prados da Saba	-8.135086558641975	42.044317883439845	-8.13818324,42.04201821,-8.13198988,42.04661756	512	dgt_ortos2021_rgb	https://cartografia.dgterritorio.gov.pt/wms/ortos2021	Ortos2021-RGB	data/external/weak-label-chips-v1/train/negative/wl-tile-v1-09753-neg-pt-dgpc-113975.png	weak_label_candidate_for_model_v1	512	512	downloaded	valid	512	512	P	246679	1		https://cartografia.dgterritorio.gov.pt/wms/ortos2021?SERVICE=WMS&VERSION=1.1.1&REQUEST=GetMap&LAYERS=Ortos2021-RGB&STYLES=&SRS=EPSG%3A4326&BBOX=-8.13818324%2C42.04201821%2C-8.13198988%2C42.04661756&WIDTH=512&HEIGHT=512&FORMAT=image%2Fpng&TRANSPARENT=false	2026-08-01T00:00:00Z
weak-chip-export-v1-00144	wl-tile-v1-09630	wl-neg-neg-pt-dgpc-109548	neg-pt-dgpc-109548	0	hard_negative	train	PT	Mamoa 10 de Bustelo	-8.456629632801764	41.69635843918555	-8.45970950,41.69405876,-8.45354977,41.69865812	512	dgt_ortos2021_rgb	https://cartografia.dgterritorio.gov.pt/wms/ortos2021	Ortos2021-RGB	data/external/weak-label-chips-v1/train/negative/wl-tile-v1-09630-neg-pt-dgpc-109548.png	weak_label_candidate_for_model_v1	512	512	downloaded	valid	512	512	P	245320	1		https://cartografia.dgterritorio.gov.pt/wms/ortos2021?SERVICE=WMS&VERSION=1.1.1&REQUEST=GetMap&LAYERS=Ortos2021-RGB&STYLES=&SRS=EPSG%3A4326&BBOX=-8.45970950%2C41.69405876%2C-8.45354977%2C41.69865812&WIDTH=512&HEIGHT=512&FORMAT=image%2Fpng&TRANSPARENT=false	2026-08-01T00:00:00Z
weak-chip-export-v1-00145	wl-tile-v1-09764	wl-neg-neg-pt-dgpc-114017	neg-pt-dgpc-114017	0	hard_negative	train	PT	Mamoa 10 de Vale das Antas	-8.105840592692044	42.06740601916049	-8.10893840,42.06510634,-8.10274279,42.06970570	512	dgt_ortos2021_rgb	https://cartografia.dgterritorio.gov.pt/wms/ortos2021	Ortos2021-RGB	data/external/weak-label-chips-v1/train/negative/wl-tile-v1-09764-neg-pt-dgpc-114017.png	weak_label_candidate_for_model_v1	512	512	downloaded	valid	512	512	P	246524	1		https://cartografia.dgterritorio.gov.pt/wms/ortos2021?SERVICE=WMS&VERSION=1.1.1&REQUEST=GetMap&LAYERS=Ortos2021-RGB&STYLES=&SRS=EPSG%3A4326&BBOX=-8.10893840%2C42.06510634%2C-8.10274279%2C42.06970570&WIDTH=512&HEIGHT=512&FORMAT=image%2Fpng&TRANSPARENT=false	2026-08-01T00:00:00Z
weak-chip-export-v1-00146	wl-tile-v1-09629	wl-neg-neg-pt-dgpc-109537	neg-pt-dgpc-109537	0	hard_negative	train	PT	Mamoa 11 de Bustelo	-8.457709406447089	41.69608528689129	-8.46078926,41.69378561,-8.45462955,41.69838496	512	dgt_ortos2021_rgb	https://cartografia.dgterritorio.gov.pt/wms/ortos2021	Ortos2021-RGB	data/external/weak-label-chips-v1/train/negative/wl-tile-v1-09629-neg-pt-dgpc-109537.png	weak_label_candidate_for_model_v1	512	512	downloaded	valid	512	512	P	242886	1		https://cartografia.dgterritorio.gov.pt/wms/ortos2021?SERVICE=WMS&VERSION=1.1.1&REQUEST=GetMap&LAYERS=Ortos2021-RGB&STYLES=&SRS=EPSG%3A4326&BBOX=-8.46078926%2C41.69378561%2C-8.45462955%2C41.69838496&WIDTH=512&HEIGHT=512&FORMAT=image%2Fpng&TRANSPARENT=false	2026-08-01T00:00:00Z
weak-chip-export-v1-00147	wl-tile-v1-09765	wl-neg-neg-pt-dgpc-114022	neg-pt-dgpc-114022	0	hard_negative	train	PT	Mamoa 11 de Vale das Antas	-8.105871573428251	42.066838789664054	-8.10896935,42.06453911,-8.10277380,42.06913847	512	dgt_ortos2021_rgb	https://cartografia.dgterritorio.gov.pt/wms/ortos2021	Ortos2021-RGB	data/external/weak-label-chips-v1/train/negative/wl-tile-v1-09765-neg-pt-dgpc-114022.png	weak_label_candidate_for_model_v1	512	512	downloaded	valid	512	512	P	252089	1		https://cartografia.dgterritorio.gov.pt/wms/ortos2021?SERVICE=WMS&VERSION=1.1.1&REQUEST=GetMap&LAYERS=Ortos2021-RGB&STYLES=&SRS=EPSG%3A4326&BBOX=-8.10896935%2C42.06453911%2C-8.10277380%2C42.06913847&WIDTH=512&HEIGHT=512&FORMAT=image%2Fpng&TRANSPARENT=false	2026-08-01T00:00:00Z
weak-chip-export-v1-00148	wl-tile-v1-09628	wl-neg-neg-pt-dgpc-109534	neg-pt-dgpc-109534	0	hard_negative	train	PT	Mamoa 12 de Bustelo	-8.45867040880866	41.69608256315368	-8.46175026,41.69378289,-8.45559055,41.69838224	512	dgt_ortos2021_rgb	https://cartografia.dgterritorio.gov.pt/wms/ortos2021	Ortos2021-RGB	data/external/weak-label-chips-v1/train/negative/wl-tile-v1-09628-neg-pt-dgpc-109534.png	weak_label_candidate_for_model_v1	512	512	downloaded	valid	512	512	P	242214	1		https://cartografia.dgterritorio.gov.pt/wms/ortos2021?SERVICE=WMS&VERSION=1.1.1&REQUEST=GetMap&LAYERS=Ortos2021-RGB&STYLES=&SRS=EPSG%3A4326&BBOX=-8.46175026%2C41.69378289%2C-8.45559055%2C41.69838224&WIDTH=512&HEIGHT=512&FORMAT=image%2Fpng&TRANSPARENT=false	2026-08-01T00:00:00Z
weak-chip-export-v1-00149	wl-tile-v1-09757	wl-neg-neg-pt-dgpc-113989	neg-pt-dgpc-113989	0	hard_negative	train	PT	Mamoa 12 de Lama do Brincadoiro	-8.101900725344722	42.05556294870289	-8.10499795,42.05326327,-8.09880350,42.05786263	512	dgt_ortos2021_rgb	https://cartografia.dgterritorio.gov.pt/wms/ortos2021	Ortos2021-RGB	data/external/weak-label-chips-v1/train/negative/wl-tile-v1-09757-neg-pt-dgpc-113989.png	weak_label_candidate_for_model_v1	512	512	downloaded	valid	512	512	P	247540	1		https://cartografia.dgterritorio.gov.pt/wms/ortos2021?SERVICE=WMS&VERSION=1.1.1&REQUEST=GetMap&LAYERS=Ortos2021-RGB&STYLES=&SRS=EPSG%3A4326&BBOX=-8.10499795%2C42.05326327%2C-8.09880350%2C42.05786263&WIDTH=512&HEIGHT=512&FORMAT=image%2Fpng&TRANSPARENT=false	2026-08-01T00:00:00Z
weak-chip-export-v1-00150	wl-tile-v1-09759	wl-neg-neg-pt-dgpc-113999	neg-pt-dgpc-113999	0	hard_negative	train	PT	Mamoa 13 da Corga do Gato	-8.092630038757248	42.04160701238704	-8.09572658,42.03930734,-8.08953349,42.04390669	512	dgt_ortos2021_rgb	https://cartografia.dgterritorio.gov.pt/wms/ortos2021	Ortos2021-RGB	data/external/weak-label-chips-v1/train/negative/wl-tile-v1-09759-neg-pt-dgpc-113999.png	weak_label_candidate_for_model_v1	512	512	downloaded	valid	512	512	P	251263	1		https://cartografia.dgterritorio.gov.pt/wms/ortos2021?SERVICE=WMS&VERSION=1.1.1&REQUEST=GetMap&LAYERS=Ortos2021-RGB&STYLES=&SRS=EPSG%3A4326&BBOX=-8.09572658%2C42.03930734%2C-8.08953349%2C42.04390669&WIDTH=512&HEIGHT=512&FORMAT=image%2Fpng&TRANSPARENT=false	2026-08-01T00:00:00Z
weak-chip-export-v1-00151	wl-tile-v1-09627	wl-neg-neg-pt-dgpc-109525	neg-pt-dgpc-109525	0	hard_negative	train	PT	Mamoa 13 de Bustelo	-8.459149543429913	41.6958110999612	-8.46222938,41.69351142,-8.45606970,41.69811078	512	dgt_ortos2021_rgb	https://cartografia.dgterritorio.gov.pt/wms/ortos2021	Ortos2021-RGB	data/external/weak-label-chips-v1/train/negative/wl-tile-v1-09627-neg-pt-dgpc-109525.png	weak_label_candidate_for_model_v1	512	512	downloaded	valid	512	512	P	241830	1		https://cartografia.dgterritorio.gov.pt/wms/ortos2021?SERVICE=WMS&VERSION=1.1.1&REQUEST=GetMap&LAYERS=Ortos2021-RGB&STYLES=&SRS=EPSG%3A4326&BBOX=-8.46222938%2C41.69351142%2C-8.45606970%2C41.69811078&WIDTH=512&HEIGHT=512&FORMAT=image%2Fpng&TRANSPARENT=false	2026-08-01T00:00:00Z
weak-chip-export-v1-00152	wl-tile-v1-09766	wl-neg-neg-pt-dgpc-114026	neg-pt-dgpc-114026	0	hard_negative	train	PT	Mamoa 14 do Cabeço das Quatro Fontes	-8.160131910705118	42.062732075470514	-8.16322949,42.06043240,-8.15703434,42.06503175	512	dgt_ortos2021_rgb	https://cartografia.dgterritorio.gov.pt/wms/ortos2021	Ortos2021-RGB	data/external/weak-label-chips-v1/train/negative/wl-tile-v1-09766-neg-pt-dgpc-114026.png	weak_label_candidate_for_model_v1	512	512	downloaded	valid	512	512	P	251669	1		https://cartografia.dgterritorio.gov.pt/wms/ortos2021?SERVICE=WMS&VERSION=1.1.1&REQUEST=GetMap&LAYERS=Ortos2021-RGB&STYLES=&SRS=EPSG%3A4326&BBOX=-8.16322949%2C42.06043240%2C-8.15703434%2C42.06503175&WIDTH=512&HEIGHT=512&FORMAT=image%2Fpng&TRANSPARENT=false	2026-08-01T00:00:00Z
weak-chip-export-v1-00153	wl-tile-v1-09799	wl-neg-neg-pt-dgpc-112410	neg-pt-dgpc-112410	0	hard_negative	train	PT	Mamoa 2 da Fonte Cavada	-8.55350892853024	41.96152994219102	-8.55660158,41.95923027,-8.55041628,41.96382962	512	dgt_ortos2021_rgb	https://cartografia.dgterritorio.gov.pt/wms/ortos2021	Ortos2021-RGB	data/external/weak-label-chips-v1/train/negative/wl-tile-v1-09799-neg-pt-dgpc-112410.png	weak_label_candidate_for_model_v1	512	512	downloaded	valid	512	512	P	245301	1		https://cartografia.dgterritorio.gov.pt/wms/ortos2021?SERVICE=WMS&VERSION=1.1.1&REQUEST=GetMap&LAYERS=Ortos2021-RGB&STYLES=&SRS=EPSG%3A4326&BBOX=-8.55660158%2C41.95923027%2C-8.55041628%2C41.96382962&WIDTH=512&HEIGHT=512&FORMAT=image%2Fpng&TRANSPARENT=false	2026-08-01T00:00:00Z
weak-chip-export-v1-00154	wl-tile-v1-09734	wl-neg-neg-pt-dgpc-108526	neg-pt-dgpc-108526	0	hard_negative	train	PT	Mamoa 2 das Lameiras	-8.41817569789668	41.97842385054688	-8.42126917,41.97612417,-8.41508223,41.98072353	512	dgt_ortos2021_rgb	https://cartografia.dgterritorio.gov.pt/wms/ortos2021	Ortos2021-RGB	data/external/weak-label-chips-v1/train/negative/wl-tile-v1-09734-neg-pt-dgpc-108526.png	weak_label_candidate_for_model_v1	512	512	downloaded	valid	512	512	P	243502	1		https://cartografia.dgterritorio.gov.pt/wms/ortos2021?SERVICE=WMS&VERSION=1.1.1&REQUEST=GetMap&LAYERS=Ortos2021-RGB&STYLES=&SRS=EPSG%3A4326&BBOX=-8.42126917%2C41.97612417%2C-8.41508223%2C41.98072353&WIDTH=512&HEIGHT=512&FORMAT=image%2Fpng&TRANSPARENT=false	2026-08-01T00:00:00Z
weak-chip-export-v1-00155	wl-tile-v1-09638	wl-neg-neg-pt-dgpc-109628	neg-pt-dgpc-109628	0	hard_negative	train	PT	Mamoa 2 de Bustelo	-8.45088267952095	41.70024596794812	-8.45396273,41.69794629,-8.44780263,41.70254564	512	dgt_ortos2021_rgb	https://cartografia.dgterritorio.gov.pt/wms/ortos2021	Ortos2021-RGB	data/external/weak-label-chips-v1/train/negative/wl-tile-v1-09638-neg-pt-dgpc-109628.png	weak_label_candidate_for_model_v1	512	512	downloaded	valid	512	512	P	246232	1		https://cartografia.dgterritorio.gov.pt/wms/ortos2021?SERVICE=WMS&VERSION=1.1.1&REQUEST=GetMap&LAYERS=Ortos2021-RGB&STYLES=&SRS=EPSG%3A4326&BBOX=-8.45396273%2C41.69794629%2C-8.44780263%2C41.70254564&WIDTH=512&HEIGHT=512&FORMAT=image%2Fpng&TRANSPARENT=false	2026-08-01T00:00:00Z
weak-chip-export-v1-00156	wl-tile-v1-09796	wl-neg-neg-pt-dgpc-112407	neg-pt-dgpc-112407	0	hard_negative	train	PT	Mamoa 2 de Chão de Porreiras	-8.547419497214836	41.96149059729115	-8.55051215,41.95919092,-8.54432685,41.96379027	512	dgt_ortos2021_rgb	https://cartografia.dgterritorio.gov.pt/wms/ortos2021	Ortos2021-RGB	data/external/weak-label-chips-v1/train/negative/wl-tile-v1-09796-neg-pt-dgpc-112407.png	weak_label_candidate_for_model_v1	512	512	downloaded	valid	512	512	P	250677	1		https://cartografia.dgterritorio.gov.pt/wms/ortos2021?SERVICE=WMS&VERSION=1.1.1&REQUEST=GetMap&LAYERS=Ortos2021-RGB&STYLES=&SRS=EPSG%3A4326&BBOX=-8.55051215%2C41.95919092%2C-8.54432685%2C41.96379027&WIDTH=512&HEIGHT=512&FORMAT=image%2Fpng&TRANSPARENT=false	2026-08-01T00:00:00Z
weak-chip-export-v1-00157	wl-tile-v1-09754	wl-neg-neg-pt-dgpc-113978	neg-pt-dgpc-113978	0	hard_negative	train	PT	Mamoa 2 do Alto dos Piornais/ Rio Laboreiro	-8.114336331656219	42.05314323185476	-8.11743344,42.05084356,-8.11123922,42.05544291	512	dgt_ortos2021_rgb	https://cartografia.dgterritorio.gov.pt/wms/ortos2021	Ortos2021-RGB	data/external/weak-label-chips-v1/train/negative/wl-tile-v1-09754-neg-pt-dgpc-113978.png	weak_label_candidate_for_model_v1	512	512	downloaded	valid	512	512	P	247396	1		https://cartografia.dgterritorio.gov.pt/wms/ortos2021?SERVICE=WMS&VERSION=1.1.1&REQUEST=GetMap&LAYERS=Ortos2021-RGB&STYLES=&SRS=EPSG%3A4326&BBOX=-8.11743344%2C42.05084356%2C-8.11123922%2C42.05544291&WIDTH=512&HEIGHT=512&FORMAT=image%2Fpng&TRANSPARENT=false	2026-08-01T00:00:00Z
weak-chip-export-v1-00158	wl-tile-v1-09800	wl-neg-neg-pt-dgpc-112411	neg-pt-dgpc-112411	0	hard_negative	train	PT	Mamoa 2 do Couto da Pinheira	-8.54735101397753	41.95768484552137	-8.55044348,41.95538517,-8.54425855,41.95998452	512	dgt_ortos2021_rgb	https://cartografia.dgterritorio.gov.pt/wms/ortos2021	Ortos2021-RGB	data/external/weak-label-chips-v1/train/negative/wl-tile-v1-09800-neg-pt-dgpc-112411.png	weak_label_candidate_for_model_v1	512	512	downloaded	valid	512	512	P	254023	1		https://cartografia.dgterritorio.gov.pt/wms/ortos2021?SERVICE=WMS&VERSION=1.1.1&REQUEST=GetMap&LAYERS=Ortos2021-RGB&STYLES=&SRS=EPSG%3A4326&BBOX=-8.55044348%2C41.95538517%2C-8.54425855%2C41.95998452&WIDTH=512&HEIGHT=512&FORMAT=image%2Fpng&TRANSPARENT=false	2026-08-01T00:00:00Z
weak-chip-export-v1-00159	wl-tile-v1-09780	wl-neg-neg-pt-dgpc-112379	neg-pt-dgpc-112379	0	hard_negative	train	PT	Mamoa 2 do Cárdio	-8.53852501296144	41.97545556529664	-8.54161834,41.97315589,-8.53543169,41.97775524	512	dgt_ortos2021_rgb	https://cartografia.dgterritorio.gov.pt/wms/ortos2021	Ortos2021-RGB	data/external/weak-label-chips-v1/train/negative/wl-tile-v1-09780-neg-pt-dgpc-112379.png	weak_label_candidate_for_model_v1	512	512	downloaded	valid	512	512	P	240881	1		https://cartografia.dgterritorio.gov.pt/wms/ortos2021?SERVICE=WMS&VERSION=1.1.1&REQUEST=GetMap&LAYERS=Ortos2021-RGB&STYLES=&SRS=EPSG%3A4326&BBOX=-8.54161834%2C41.97315589%2C-8.53543169%2C41.97775524&WIDTH=512&HEIGHT=512&FORMAT=image%2Fpng&TRANSPARENT=false	2026-08-01T00:00:00Z
weak-chip-export-v1-00160	wl-tile-v1-09755	wl-neg-neg-pt-dgpc-113982	neg-pt-dgpc-113982	0	hard_negative	train	PT	Mamoa 3 da Lama do Brincadoiro	-8.10125498839346	42.05583208006538	-8.10435223,42.05353240,-8.09815775,42.05813176	512	dgt_ortos2021_rgb	https://cartografia.dgterritorio.gov.pt/wms/ortos2021	Ortos2021-RGB	data/external/weak-label-chips-v1/train/negative/wl-tile-v1-09755-neg-pt-dgpc-113982.png	weak_label_candidate_for_model_v1	512	512	downloaded	valid	512	512	P	247591	1		https://cartografia.dgterritorio.gov.pt/wms/ortos2021?SERVICE=WMS&VERSION=1.1.1&REQUEST=GetMap&LAYERS=Ortos2021-RGB&STYLES=&SRS=EPSG%3A4326&BBOX=-8.10435223%2C42.05353240%2C-8.09815775%2C42.05813176&WIDTH=512&HEIGHT=512&FORMAT=image%2Fpng&TRANSPARENT=false	2026-08-01T00:00:00Z
weak-chip-export-v1-00161	wl-tile-v1-09637	wl-neg-neg-pt-dgpc-109621	neg-pt-dgpc-109621	0	hard_negative	train	PT	Mamoa 3 de Bustelo	-8.450880902978453	41.69988583743528	-8.45396094,41.69758616,-8.44780087,41.70218551	512	dgt_ortos2021_rgb	https://cartografia.dgterritorio.gov.pt/wms/ortos2021	Ortos2021-RGB	data/external/weak-label-chips-v1/train/negative/wl-tile-v1-09637-neg-pt-dgpc-109621.png	weak_label_candidate_for_model_v1	512	512	downloaded	valid	512	512	P	245754	1		https://cartografia.dgterritorio.gov.pt/wms/ortos2021?SERVICE=WMS&VERSION=1.1.1&REQUEST=GetMap&LAYERS=Ortos2021-RGB&STYLES=&SRS=EPSG%3A4326&BBOX=-8.45396094%2C41.69758616%2C-8.44780087%2C41.70218551&WIDTH=512&HEIGHT=512&FORMAT=image%2Fpng&TRANSPARENT=false	2026-08-01T00:00:00Z
weak-chip-export-v1-00162	wl-tile-v1-09756	wl-neg-neg-pt-dgpc-113984	neg-pt-dgpc-113984	0	hard_negative	train	PT	Mamoa 4 da Lama do Bricadoiro	-8.099542981326033	42.054355353116904	-8.10264015,42.05205568,-8.09644581,42.05665503	512	dgt_ortos2021_rgb	https://cartografia.dgterritorio.gov.pt/wms/ortos2021	Ortos2021-RGB	data/external/weak-label-chips-v1/train/negative/wl-tile-v1-09756-neg-pt-dgpc-113984.png	weak_label_candidate_for_model_v1	512	512	downloaded	valid	512	512	P	248449	1		https://cartografia.dgterritorio.gov.pt/wms/ortos2021?SERVICE=WMS&VERSION=1.1.1&REQUEST=GetMap&LAYERS=Ortos2021-RGB&STYLES=&SRS=EPSG%3A4326&BBOX=-8.10264015%2C42.05205568%2C-8.09644581%2C42.05665503&WIDTH=512&HEIGHT=512&FORMAT=image%2Fpng&TRANSPARENT=false	2026-08-01T00:00:00Z
weak-chip-export-v1-00163	wl-tile-v1-09636	wl-neg-neg-pt-dgpc-109611	neg-pt-dgpc-109611	0	hard_negative	train	PT	Mamoa 4 de Bustelo	-8.451959869531917	41.69943267287239	-8.45503988,41.69713300,-8.44887986,41.70173235	512	dgt_ortos2021_rgb	https://cartografia.dgterritorio.gov.pt/wms/ortos2021	Ortos2021-RGB	data/external/weak-label-chips-v1/train/negative/wl-tile-v1-09636-neg-pt-dgpc-109611.png	weak_label_candidate_for_model_v1	512	512	downloaded	valid	512	512	P	245219	1		https://cartografia.dgterritorio.gov.pt/wms/ortos2021?SERVICE=WMS&VERSION=1.1.1&REQUEST=GetMap&LAYERS=Ortos2021-RGB&STYLES=&SRS=EPSG%3A4326&BBOX=-8.45503988%2C41.69713300%2C-8.44887986%2C41.70173235&WIDTH=512&HEIGHT=512&FORMAT=image%2Fpng&TRANSPARENT=false	2026-08-01T00:00:00Z
weak-chip-export-v1-00164	wl-tile-v1-09758	wl-neg-neg-pt-dgpc-113995	neg-pt-dgpc-113995	0	hard_negative	train	PT	Mamoa 5 Corga do Gato	-8.090725471776606	42.042350247200346	-8.09382205,42.04005057,-8.08762889,42.04464992	512	dgt_ortos2021_rgb	https://cartografia.dgterritorio.gov.pt/wms/ortos2021	Ortos2021-RGB	data/external/weak-label-chips-v1/train/negative/wl-tile-v1-09758-neg-pt-dgpc-113995.png	weak_label_candidate_for_model_v1	512	512	downloaded	valid	512	512	P	250778	1		https://cartografia.dgterritorio.gov.pt/wms/ortos2021?SERVICE=WMS&VERSION=1.1.1&REQUEST=GetMap&LAYERS=Ortos2021-RGB&STYLES=&SRS=EPSG%3A4326&BBOX=-8.09382205%2C42.04005057%2C-8.08762889%2C42.04464992&WIDTH=512&HEIGHT=512&FORMAT=image%2Fpng&TRANSPARENT=false	2026-08-01T00:00:00Z
weak-chip-export-v1-00165	wl-tile-v1-09635	wl-neg-neg-pt-dgpc-109600	neg-pt-dgpc-109600	0	hard_negative	train	PT	Mamoa 5 de Bustelo	-8.452197901425402	41.69898184062027	-8.45527789,41.69668216,-8.44911791,41.70128152	512	dgt_ortos2021_rgb	https://cartografia.dgterritorio.gov.pt/wms/ortos2021	Ortos2021-RGB	data/external/weak-label-chips-v1/train/negative/wl-tile-v1-09635-neg-pt-dgpc-109600.png	weak_label_candidate_for_model_v1	512	512	downloaded	valid	512	512	P	245819	1		https://cartografia.dgterritorio.gov.pt/wms/ortos2021?SERVICE=WMS&VERSION=1.1.1&REQUEST=GetMap&LAYERS=Ortos2021-RGB&STYLES=&SRS=EPSG%3A4326&BBOX=-8.45527789%2C41.69668216%2C-8.44911791%2C41.70128152&WIDTH=512&HEIGHT=512&FORMAT=image%2Fpng&TRANSPARENT=false	2026-08-01T00:00:00Z
weak-chip-export-v1-00166	wl-tile-v1-09634	wl-neg-neg-pt-dgpc-109583	neg-pt-dgpc-109583	0	hard_negative	train	PT	Mamoa 6 de Bustelo	-8.451953184410787	41.69808218193391	-8.45503313,41.69578251,-8.44887323,41.70038186	512	dgt_ortos2021_rgb	https://cartografia.dgterritorio.gov.pt/wms/ortos2021	Ortos2021-RGB	data/external/weak-label-chips-v1/train/negative/wl-tile-v1-09634-neg-pt-dgpc-109583.png	weak_label_candidate_for_model_v1	512	512	downloaded	valid	512	512	P	248552	1		https://cartografia.dgterritorio.gov.pt/wms/ortos2021?SERVICE=WMS&VERSION=1.1.1&REQUEST=GetMap&LAYERS=Ortos2021-RGB&STYLES=&SRS=EPSG%3A4326&BBOX=-8.45503313%2C41.69578251%2C-8.44887323%2C41.70038186&WIDTH=512&HEIGHT=512&FORMAT=image%2Fpng&TRANSPARENT=false	2026-08-01T00:00:00Z
weak-chip-export-v1-00167	wl-tile-v1-09760	wl-neg-neg-pt-dgpc-114002	neg-pt-dgpc-114002	0	hard_negative	train	PT	Mamoa 6 de Vale das Antas	-8.109973525006167	42.063742491668435	-8.11307115,42.06144282,-8.10687590,42.06604217	512	dgt_ortos2021_rgb	https://cartografia.dgterritorio.gov.pt/wms/ortos2021	Ortos2021-RGB	data/external/weak-label-chips-v1/train/negative/wl-tile-v1-09760-neg-pt-dgpc-114002.png	weak_label_candidate_for_model_v1	512	512	downloaded	valid	512	512	P	252816	1		https://cartografia.dgterritorio.gov.pt/wms/ortos2021?SERVICE=WMS&VERSION=1.1.1&REQUEST=GetMap&LAYERS=Ortos2021-RGB&STYLES=&SRS=EPSG%3A4326&BBOX=-8.11307115%2C42.06144282%2C-8.10687590%2C42.06604217&WIDTH=512&HEIGHT=512&FORMAT=image%2Fpng&TRANSPARENT=false	2026-08-01T00:00:00Z
weak-chip-export-v1-00168	wl-tile-v1-09632	wl-neg-neg-pt-dgpc-109556	neg-pt-dgpc-109556	0	hard_negative	train	PT	Mamoa 7 de Bustelo	-8.4536291704203	41.696907067985485	-8.45670906,41.69460739,-8.45054928,41.69920674	512	dgt_ortos2021_rgb	https://cartografia.dgterritorio.gov.pt/wms/ortos2021	Ortos2021-RGB	data/external/weak-label-chips-v1/train/negative/wl-tile-v1-09632-neg-pt-dgpc-109556.png	weak_label_candidate_for_model_v1	512	512	downloaded	valid	512	512	P	248043	1		https://cartografia.dgterritorio.gov.pt/wms/ortos2021?SERVICE=WMS&VERSION=1.1.1&REQUEST=GetMap&LAYERS=Ortos2021-RGB&STYLES=&SRS=EPSG%3A4326&BBOX=-8.45670906%2C41.69460739%2C-8.45054928%2C41.69920674&WIDTH=512&HEIGHT=512&FORMAT=image%2Fpng&TRANSPARENT=false	2026-08-01T00:00:00Z
weak-chip-export-v1-00169	wl-tile-v1-09761	wl-neg-neg-pt-dgpc-114007	neg-pt-dgpc-114007	0	hard_negative	train	PT	Mamoa 7 de Vale das Antas	-8.106883089531792	42.06443956312192	-8.10998075,42.06213989,-8.10378543,42.06673924	512	dgt_ortos2021_rgb	https://cartografia.dgterritorio.gov.pt/wms/ortos2021	Ortos2021-RGB	data/external/weak-label-chips-v1/train/negative/wl-tile-v1-09761-neg-pt-dgpc-114007.png	weak_label_candidate_for_model_v1	512	512	downloaded	valid	512	512	P	252859	1		https://cartografia.dgterritorio.gov.pt/wms/ortos2021?SERVICE=WMS&VERSION=1.1.1&REQUEST=GetMap&LAYERS=Ortos2021-RGB&STYLES=&SRS=EPSG%3A4326&BBOX=-8.10998075%2C42.06213989%2C-8.10378543%2C42.06673924&WIDTH=512&HEIGHT=512&FORMAT=image%2Fpng&TRANSPARENT=false	2026-08-01T00:00:00Z
weak-chip-export-v1-00170	wl-tile-v1-09633	wl-neg-neg-pt-dgpc-109564	neg-pt-dgpc-109564	0	hard_negative	train	PT	Mamoa 8 de Bustelo	-8.453870768650793	41.69717649517306	-8.45695067,41.69487682,-8.45079086,41.69947617	512	dgt_ortos2021_rgb	https://cartografia.dgterritorio.gov.pt/wms/ortos2021	Ortos2021-RGB	data/external/weak-label-chips-v1/train/negative/wl-tile-v1-09633-neg-pt-dgpc-109564.png	weak_label_candidate_for_model_v1	512	512	downloaded	valid	512	512	P	248272	1		https://cartografia.dgterritorio.gov.pt/wms/ortos2021?SERVICE=WMS&VERSION=1.1.1&REQUEST=GetMap&LAYERS=Ortos2021-RGB&STYLES=&SRS=EPSG%3A4326&BBOX=-8.45695067%2C41.69487682%2C-8.45079086%2C41.69947617&WIDTH=512&HEIGHT=512&FORMAT=image%2Fpng&TRANSPARENT=false	2026-08-01T00:00:00Z
weak-chip-export-v1-00171	wl-tile-v1-09762	wl-neg-neg-pt-dgpc-114012	neg-pt-dgpc-114012	0	hard_negative	train	PT	Mamoa 8 de Vale das Antas	-8.106404050159064	42.06797739926358	-8.10950188,42.06567772,-8.10330622,42.07027708	512	dgt_ortos2021_rgb	https://cartografia.dgterritorio.gov.pt/wms/ortos2021	Ortos2021-RGB	data/external/weak-label-chips-v1/train/negative/wl-tile-v1-09762-neg-pt-dgpc-114012.png	weak_label_candidate_for_model_v1	512	512	downloaded	valid	512	512	P	245326	1		https://cartografia.dgterritorio.gov.pt/wms/ortos2021?SERVICE=WMS&VERSION=1.1.1&REQUEST=GetMap&LAYERS=Ortos2021-RGB&STYLES=&SRS=EPSG%3A4326&BBOX=-8.10950188%2C42.06567772%2C-8.10330622%2C42.07027708&WIDTH=512&HEIGHT=512&FORMAT=image%2Fpng&TRANSPARENT=false	2026-08-01T00:00:00Z
weak-chip-export-v1-00172	wl-tile-v1-09631	wl-neg-neg-pt-dgpc-109551	neg-pt-dgpc-109551	0	hard_negative	train	PT	Mamoa 9 de Bustelo	-8.455548498496636	41.69636148387384	-8.45862837,41.69406181,-8.45246863,41.69866116	512	dgt_ortos2021_rgb	https://cartografia.dgterritorio.gov.pt/wms/ortos2021	Ortos2021-RGB	data/external/weak-label-chips-v1/train/negative/wl-tile-v1-09631-neg-pt-dgpc-109551.png	weak_label_candidate_for_model_v1	512	512	downloaded	valid	512	512	P	246454	1		https://cartografia.dgterritorio.gov.pt/wms/ortos2021?SERVICE=WMS&VERSION=1.1.1&REQUEST=GetMap&LAYERS=Ortos2021-RGB&STYLES=&SRS=EPSG%3A4326&BBOX=-8.45862837%2C41.69406181%2C-8.45246863%2C41.69866116&WIDTH=512&HEIGHT=512&FORMAT=image%2Fpng&TRANSPARENT=false	2026-08-01T00:00:00Z
weak-chip-export-v1-00173	wl-tile-v1-09763	wl-neg-neg-pt-dgpc-114016	neg-pt-dgpc-114016	0	hard_negative	train	PT	Mamoa 9 de Vale das Antas	-8.105076676794477	42.06845451497609	-8.10817453,42.06615484,-8.10197882,42.07075419	512	dgt_ortos2021_rgb	https://cartografia.dgterritorio.gov.pt/wms/ortos2021	Ortos2021-RGB	data/external/weak-label-chips-v1/train/negative/wl-tile-v1-09763-neg-pt-dgpc-114016.png	weak_label_candidate_for_model_v1	512	512	downloaded	valid	512	512	P	239556	1		https://cartografia.dgterritorio.gov.pt/wms/ortos2021?SERVICE=WMS&VERSION=1.1.1&REQUEST=GetMap&LAYERS=Ortos2021-RGB&STYLES=&SRS=EPSG%3A4326&BBOX=-8.10817453%2C42.06615484%2C-8.10197882%2C42.07075419&WIDTH=512&HEIGHT=512&FORMAT=image%2Fpng&TRANSPARENT=false	2026-08-01T00:00:00Z
weak-chip-export-v1-00174	wl-tile-v1-09606	wl-neg-neg-pt-dgpc-114669	neg-pt-dgpc-114669	0	hard_negative	train	PT	Mamoa I da Bouça do Fojo	-8.264133219265984	41.70225051410151	-8.26721337,41.69995084,-8.26105307,41.70455019	512	dgt_ortos2021_rgb	https://cartografia.dgterritorio.gov.pt/wms/ortos2021	Ortos2021-RGB	data/external/weak-label-chips-v1/train/negative/wl-tile-v1-09606-neg-pt-dgpc-114669.png	weak_label_candidate_for_model_v1	512	512	downloaded	valid	512	512	P	247722	1		https://cartografia.dgterritorio.gov.pt/wms/ortos2021?SERVICE=WMS&VERSION=1.1.1&REQUEST=GetMap&LAYERS=Ortos2021-RGB&STYLES=&SRS=EPSG%3A4326&BBOX=-8.26721337%2C41.69995084%2C-8.26105307%2C41.70455019&WIDTH=512&HEIGHT=512&FORMAT=image%2Fpng&TRANSPARENT=false	2026-08-01T00:00:00Z
weak-chip-export-v1-00175	wl-tile-v1-09614	wl-neg-neg-pt-dgpc-114678	neg-pt-dgpc-114678	0	hard_negative	train	PT	Mamoa I da Chã da Navia/ Nave	-8.242122616468263	41.71375684098488	-8.24520332,41.71145716,-8.23904192,41.71605652	512	dgt_ortos2021_rgb	https://cartografia.dgterritorio.gov.pt/wms/ortos2021	Ortos2021-RGB	data/external/weak-label-chips-v1/train/negative/wl-tile-v1-09614-neg-pt-dgpc-114678.png	weak_label_candidate_for_model_v1	512	512	downloaded	valid	512	512	P	254492	1		https://cartografia.dgterritorio.gov.pt/wms/ortos2021?SERVICE=WMS&VERSION=1.1.1&REQUEST=GetMap&LAYERS=Ortos2021-RGB&STYLES=&SRS=EPSG%3A4326&BBOX=-8.24520332%2C41.71145716%2C-8.23904192%2C41.71605652&WIDTH=512&HEIGHT=512&FORMAT=image%2Fpng&TRANSPARENT=false	2026-08-01T00:00:00Z
weak-chip-export-v1-00176	wl-tile-v1-09695	wl-neg-neg-pt-dgpc-104689	neg-pt-dgpc-104689	0	hard_negative	train	PT	Mamoa I de Ardegães	-8.56966939359622	41.23301108035118	-8.57272733,41.23071140,-8.56661146,41.23531076	512	dgt_ortos2021_rgb	https://cartografia.dgterritorio.gov.pt/wms/ortos2021	Ortos2021-RGB	data/external/weak-label-chips-v1/train/negative/wl-tile-v1-09695-neg-pt-dgpc-104689.png	weak_label_candidate_for_model_v1	512	512	downloaded	valid	512	512	P	235214	1		https://cartografia.dgterritorio.gov.pt/wms/ortos2021?SERVICE=WMS&VERSION=1.1.1&REQUEST=GetMap&LAYERS=Ortos2021-RGB&STYLES=&SRS=EPSG%3A4326&BBOX=-8.57272733%2C41.23071140%2C-8.56661146%2C41.23531076&WIDTH=512&HEIGHT=512&FORMAT=image%2Fpng&TRANSPARENT=false	2026-08-01T00:00:00Z
weak-chip-export-v1-00177	wl-tile-v1-09601	wl-neg-neg-pt-dgpc-114661	neg-pt-dgpc-114661	0	hard_negative	train	PT	Mamoa I de Cimo de Carregadela	-8.27020853948641	41.766900325157145	-8.27329179,41.76460065,-8.26712529,41.76920000	512	dgt_ortos2021_rgb	https://cartografia.dgterritorio.gov.pt/wms/ortos2021	Ortos2021-RGB	data/external/weak-label-chips-v1/train/negative/wl-tile-v1-09601-neg-pt-dgpc-114661.png	weak_label_candidate_for_model_v1	512	512	downloaded	valid	512	512	P	249424	1		https://cartografia.dgterritorio.gov.pt/wms/ortos2021?SERVICE=WMS&VERSION=1.1.1&REQUEST=GetMap&LAYERS=Ortos2021-RGB&STYLES=&SRS=EPSG%3A4326&BBOX=-8.27329179%2C41.76460065%2C-8.26712529%2C41.76920000&WIDTH=512&HEIGHT=512&FORMAT=image%2Fpng&TRANSPARENT=false	2026-08-01T00:00:00Z
weak-chip-export-v1-00178	wl-tile-v1-09697	wl-neg-neg-pt-dgpc-104726	neg-pt-dgpc-104726	0	hard_negative	train	PT	Mamoa I de Godêlo	-8.573623538679385	41.23569723336947	-8.57668160,41.23339756,-8.57056548,41.23799691	512	dgt_ortos2021_rgb	https://cartografia.dgterritorio.gov.pt/wms/ortos2021	Ortos2021-RGB	data/external/weak-label-chips-v1/train/negative/wl-tile-v1-09697-neg-pt-dgpc-104726.png	weak_label_candidate_for_model_v1	512	512	downloaded	valid	512	512	P	236804	1		https://cartografia.dgterritorio.gov.pt/wms/ortos2021?SERVICE=WMS&VERSION=1.1.1&REQUEST=GetMap&LAYERS=Ortos2021-RGB&STYLES=&SRS=EPSG%3A4326&BBOX=-8.57668160%2C41.23339756%2C-8.57056548%2C41.23799691&WIDTH=512&HEIGHT=512&FORMAT=image%2Fpng&TRANSPARENT=false	2026-08-01T00:00:00Z
weak-chip-export-v1-00179	wl-tile-v1-09610	wl-neg-neg-pt-dgpc-114673	neg-pt-dgpc-114673	0	hard_negative	train	PT	Mamoa I de Porta Cerdeiros	-8.260189005560065	41.70280670930958	-8.26326918,41.70050703,-8.25710883,41.70510639	512	dgt_ortos2021_rgb	https://cartografia.dgterritorio.gov.pt/wms/ortos2021	Ortos2021-RGB	data/external/weak-label-chips-v1/train/negative/wl-tile-v1-09610-neg-pt-dgpc-114673.png	weak_label_candidate_for_model_v1	512	512	downloaded	valid	512	512	P	252813	1		https://cartografia.dgterritorio.gov.pt/wms/ortos2021?SERVICE=WMS&VERSION=1.1.1&REQUEST=GetMap&LAYERS=Ortos2021-RGB&STYLES=&SRS=EPSG%3A4326&BBOX=-8.26326918%2C41.70050703%2C-8.25710883%2C41.70510639&WIDTH=512&HEIGHT=512&FORMAT=image%2Fpng&TRANSPARENT=false	2026-08-01T00:00:00Z
weak-chip-export-v1-00180	wl-tile-v1-09618	wl-neg-neg-pt-dgpc-107020	neg-pt-dgpc-107020	0	hard_negative	train	PT	Mamoa I de Vermoim (São Cosme)	-8.457491685565682	41.43264928714387	-8.46055901,41.43034961,-8.45442436,41.43494896	512	dgt_ortos2021_rgb	https://cartografia.dgterritorio.gov.pt/wms/ortos2021	Ortos2021-RGB	data/external/weak-label-chips-v1/train/negative/wl-tile-v1-09618-neg-pt-dgpc-107020.png	weak_label_candidate_for_model_v1	512	512	downloaded	valid	512	512	P	254361	1		https://cartografia.dgterritorio.gov.pt/wms/ortos2021?SERVICE=WMS&VERSION=1.1.1&REQUEST=GetMap&LAYERS=Ortos2021-RGB&STYLES=&SRS=EPSG%3A4326&BBOX=-8.46055901%2C41.43034961%2C-8.45442436%2C41.43494896&WIDTH=512&HEIGHT=512&FORMAT=image%2Fpng&TRANSPARENT=false	2026-08-01T00:00:00Z
weak-chip-export-v1-00181	wl-tile-v1-09607	wl-neg-neg-pt-dgpc-114670	neg-pt-dgpc-114670	0	hard_negative	train	PT	Mamoa II da Bouça do Fojo	-8.263552187498515	41.70212093359712	-8.26663233,41.69982126,-8.26047204,41.70442061	512	dgt_ortos2021_rgb	https://cartografia.dgterritorio.gov.pt/wms/ortos2021	Ortos2021-RGB	data/external/weak-label-chips-v1/train/negative/wl-tile-v1-09607-neg-pt-dgpc-114670.png	weak_label_candidate_for_model_v1	512	512	downloaded	valid	512	512	P	247965	1		https://cartografia.dgterritorio.gov.pt/wms/ortos2021?SERVICE=WMS&VERSION=1.1.1&REQUEST=GetMap&LAYERS=Ortos2021-RGB&STYLES=&SRS=EPSG%3A4326&BBOX=-8.26663233%2C41.69982126%2C-8.26047204%2C41.70442061&WIDTH=512&HEIGHT=512&FORMAT=image%2Fpng&TRANSPARENT=false	2026-08-01T00:00:00Z
weak-chip-export-v1-00182	wl-tile-v1-09615	wl-neg-neg-pt-dgpc-114679	neg-pt-dgpc-114679	0	hard_negative	train	PT	Mamoa II da Chã da Navia/ Nave	-8.24129761732906	41.714181835568056	-8.24437834,41.71188216,-8.23821690,41.71648151	512	dgt_ortos2021_rgb	https://cartografia.dgterritorio.gov.pt/wms/ortos2021	Ortos2021-RGB	data/external/weak-label-chips-v1/train/negative/wl-tile-v1-09615-neg-pt-dgpc-114679.png	weak_label_candidate_for_model_v1	512	512	downloaded	valid	512	512	P	254963	1		https://cartografia.dgterritorio.gov.pt/wms/ortos2021?SERVICE=WMS&VERSION=1.1.1&REQUEST=GetMap&LAYERS=Ortos2021-RGB&STYLES=&SRS=EPSG%3A4326&BBOX=-8.24437834%2C41.71188216%2C-8.23821690%2C41.71648151&WIDTH=512&HEIGHT=512&FORMAT=image%2Fpng&TRANSPARENT=false	2026-08-01T00:00:00Z
weak-chip-export-v1-00183	wl-tile-v1-09694	wl-neg-neg-pt-dgpc-104670	neg-pt-dgpc-104670	0	hard_negative	train	PT	Mamoa II de Ardegães	-8.570259749441899	41.23210842600558	-8.57331764,41.22980875,-8.56720185,41.23440810	512	dgt_ortos2021_rgb	https://cartografia.dgterritorio.gov.pt/wms/ortos2021	Ortos2021-RGB	data/external/weak-label-chips-v1/train/negative/wl-tile-v1-09694-neg-pt-dgpc-104670.png	weak_label_candidate_for_model_v1	512	512	downloaded	valid	512	512	P	230337	1		https://cartografia.dgterritorio.gov.pt/wms/ortos2021?SERVICE=WMS&VERSION=1.1.1&REQUEST=GetMap&LAYERS=Ortos2021-RGB&STYLES=&SRS=EPSG%3A4326&BBOX=-8.57331764%2C41.22980875%2C-8.56720185%2C41.23440810&WIDTH=512&HEIGHT=512&FORMAT=image%2Fpng&TRANSPARENT=false	2026-08-01T00:00:00Z
weak-chip-export-v1-00184	wl-tile-v1-09602	wl-neg-neg-pt-dgpc-114662	neg-pt-dgpc-114662	0	hard_negative	train	PT	Mamoa II de Cimo de Carregadela	-8.270092218046686	41.766851054884505	-8.27317547,41.76455138,-8.26700897,41.76915073	512	dgt_ortos2021_rgb	https://cartografia.dgterritorio.gov.pt/wms/ortos2021	Ortos2021-RGB	data/external/weak-label-chips-v1/train/negative/wl-tile-v1-09602-neg-pt-dgpc-114662.png	weak_label_candidate_for_model_v1	512	512	downloaded	valid	512	512	P	251049	1		https://cartografia.dgterritorio.gov.pt/wms/ortos2021?SERVICE=WMS&VERSION=1.1.1&REQUEST=GetMap&LAYERS=Ortos2021-RGB&STYLES=&SRS=EPSG%3A4326&BBOX=-8.27317547%2C41.76455138%2C-8.26700897%2C41.76915073&WIDTH=512&HEIGHT=512&FORMAT=image%2Fpng&TRANSPARENT=false	2026-08-01T00:00:00Z
weak-chip-export-v1-00185	wl-tile-v1-09696	wl-neg-neg-pt-dgpc-104712	neg-pt-dgpc-104712	0	hard_negative	train	PT	Mamoa II de Godêlo	-8.573499420591087	41.234977378633005	-8.57655745,41.23267770,-8.57044139,41.23727706	512	dgt_ortos2021_rgb	https://cartografia.dgterritorio.gov.pt/wms/ortos2021	Ortos2021-RGB	data/external/weak-label-chips-v1/train/negative/wl-tile-v1-09696-neg-pt-dgpc-104712.png	weak_label_candidate_for_model_v1	512	512	downloaded	valid	512	512	P	237392	1		https://cartografia.dgterritorio.gov.pt/wms/ortos2021?SERVICE=WMS&VERSION=1.1.1&REQUEST=GetMap&LAYERS=Ortos2021-RGB&STYLES=&SRS=EPSG%3A4326&BBOX=-8.57655745%2C41.23267770%2C-8.57044139%2C41.23727706&WIDTH=512&HEIGHT=512&FORMAT=image%2Fpng&TRANSPARENT=false	2026-08-01T00:00:00Z
weak-chip-export-v1-00186	wl-tile-v1-09611	wl-neg-neg-pt-dgpc-114675	neg-pt-dgpc-114675	0	hard_negative	train	PT	Mamoa II de Porta Cerdeiros	-8.25995851693956	41.70370676226233	-8.26303874,41.70140709,-8.25687830,41.70600644	512	dgt_ortos2021_rgb	https://cartografia.dgterritorio.gov.pt/wms/ortos2021	Ortos2021-RGB	data/external/weak-label-chips-v1/train/negative/wl-tile-v1-09611-neg-pt-dgpc-114675.png	weak_label_candidate_for_model_v1	512	512	downloaded	valid	512	512	P	250337	1		https://cartografia.dgterritorio.gov.pt/wms/ortos2021?SERVICE=WMS&VERSION=1.1.1&REQUEST=GetMap&LAYERS=Ortos2021-RGB&STYLES=&SRS=EPSG%3A4326&BBOX=-8.26303874%2C41.70140709%2C-8.25687830%2C41.70600644&WIDTH=512&HEIGHT=512&FORMAT=image%2Fpng&TRANSPARENT=false	2026-08-01T00:00:00Z
weak-chip-export-v1-00187	wl-tile-v1-09620	wl-neg-neg-pt-dgpc-107041	neg-pt-dgpc-107041	0	hard_negative	train	PT	Mamoa II de Vermoim (São Cosme)	-8.456842771869661	41.43447889174548	-8.45991018,41.43217922,-8.45377536,41.43677857	512	dgt_ortos2021_rgb	https://cartografia.dgterritorio.gov.pt/wms/ortos2021	Ortos2021-RGB	data/external/weak-label-chips-v1/train/negative/wl-tile-v1-09620-neg-pt-dgpc-107041.png	weak_label_candidate_for_model_v1	512	512	downloaded	valid	512	512	P	254271	1		https://cartografia.dgterritorio.gov.pt/wms/ortos2021?SERVICE=WMS&VERSION=1.1.1&REQUEST=GetMap&LAYERS=Ortos2021-RGB&STYLES=&SRS=EPSG%3A4326&BBOX=-8.45991018%2C41.43217922%2C-8.45377536%2C41.43677857&WIDTH=512&HEIGHT=512&FORMAT=image%2Fpng&TRANSPARENT=false	2026-08-01T00:00:00Z
weak-chip-export-v1-00188	wl-tile-v1-09608	wl-neg-neg-pt-dgpc-114671	neg-pt-dgpc-114671	0	hard_negative	train	PT	Mamoa III da Bouça do Fojo	-8.263320708015758	41.70220108893674	-8.26640085,41.69990141,-8.26024056,41.70450077	512	dgt_ortos2021_rgb	https://cartografia.dgterritorio.gov.pt/wms/ortos2021	Ortos2021-RGB	data/external/weak-label-chips-v1/train/negative/wl-tile-v1-09608-neg-pt-dgpc-114671.png	weak_label_candidate_for_model_v1	512	512	downloaded	valid	512	512	P	248506	1		https://cartografia.dgterritorio.gov.pt/wms/ortos2021?SERVICE=WMS&VERSION=1.1.1&REQUEST=GetMap&LAYERS=Ortos2021-RGB&STYLES=&SRS=EPSG%3A4326&BBOX=-8.26640085%2C41.69990141%2C-8.26024056%2C41.70450077&WIDTH=512&HEIGHT=512&FORMAT=image%2Fpng&TRANSPARENT=false	2026-08-01T00:00:00Z
weak-chip-export-v1-00189	wl-tile-v1-09603	wl-neg-neg-pt-dgpc-114663	neg-pt-dgpc-114663	0	hard_negative	train	PT	Mamoa III de Cimo de Carregadela	-8.270247619308858	41.76676470218347	-8.27333086,41.76446503,-8.26716437,41.76906438	512	dgt_ortos2021_rgb	https://cartografia.dgterritorio.gov.pt/wms/ortos2021	Ortos2021-RGB	data/external/weak-label-chips-v1/train/negative/wl-tile-v1-09603-neg-pt-dgpc-114663.png	weak_label_candidate_for_model_v1	512	512	downloaded	valid	512	512	P	249712	1		https://cartografia.dgterritorio.gov.pt/wms/ortos2021?SERVICE=WMS&VERSION=1.1.1&REQUEST=GetMap&LAYERS=Ortos2021-RGB&STYLES=&SRS=EPSG%3A4326&BBOX=-8.27333086%2C41.76446503%2C-8.26716437%2C41.76906438&WIDTH=512&HEIGHT=512&FORMAT=image%2Fpng&TRANSPARENT=false	2026-08-01T00:00:00Z
weak-chip-export-v1-00190	wl-tile-v1-09612	wl-neg-neg-pt-dgpc-114676	neg-pt-dgpc-114676	0	hard_negative	train	PT	Mamoa III de Porta Cerdeiros	-8.259858537245492	41.704051114377386	-8.26293877,41.70175144,-8.25677830,41.70635079	512	dgt_ortos2021_rgb	https://cartografia.dgterritorio.gov.pt/wms/ortos2021	Ortos2021-RGB	data/external/weak-label-chips-v1/train/negative/wl-tile-v1-09612-neg-pt-dgpc-114676.png	weak_label_candidate_for_model_v1	512	512	downloaded	valid	512	512	P	251038	1		https://cartografia.dgterritorio.gov.pt/wms/ortos2021?SERVICE=WMS&VERSION=1.1.1&REQUEST=GetMap&LAYERS=Ortos2021-RGB&STYLES=&SRS=EPSG%3A4326&BBOX=-8.26293877%2C41.70175144%2C-8.25677830%2C41.70635079&WIDTH=512&HEIGHT=512&FORMAT=image%2Fpng&TRANSPARENT=false	2026-08-01T00:00:00Z
weak-chip-export-v1-00191	wl-tile-v1-09619	wl-neg-neg-pt-dgpc-107032	neg-pt-dgpc-107032	0	hard_negative	train	PT	Mamoa III de Vermoim (São Cosme)	-8.456828701438083	41.434055752630144	-8.45989609,41.43175608,-8.45376131,41.43635543	512	dgt_ortos2021_rgb	https://cartografia.dgterritorio.gov.pt/wms/ortos2021	Ortos2021-RGB	data/external/weak-label-chips-v1/train/negative/wl-tile-v1-09619-neg-pt-dgpc-107032.png	weak_label_candidate_for_model_v1	512	512	downloaded	valid	512	512	P	253873	1		https://cartografia.dgterritorio.gov.pt/wms/ortos2021?SERVICE=WMS&VERSION=1.1.1&REQUEST=GetMap&LAYERS=Ortos2021-RGB&STYLES=&SRS=EPSG%3A4326&BBOX=-8.45989609%2C41.43175608%2C-8.45376131%2C41.43635543&WIDTH=512&HEIGHT=512&FORMAT=image%2Fpng&TRANSPARENT=false	2026-08-01T00:00:00Z
weak-chip-export-v1-00192	wl-tile-v1-09617	wl-neg-neg-pt-dgpc-107012	neg-pt-dgpc-107012	0	hard_negative	train	PT	Mamoa IV Vermoim (São Cosme)	-8.458111464860076	41.43217933495286	-8.46117877,41.42987966,-8.45504416,41.43447901	512	dgt_ortos2021_rgb	https://cartografia.dgterritorio.gov.pt/wms/ortos2021	Ortos2021-RGB	data/external/weak-label-chips-v1/train/negative/wl-tile-v1-09617-neg-pt-dgpc-107012.png	weak_label_candidate_for_model_v1	512	512	downloaded	valid	512	512	P	253889	1		https://cartografia.dgterritorio.gov.pt/wms/ortos2021?SERVICE=WMS&VERSION=1.1.1&REQUEST=GetMap&LAYERS=Ortos2021-RGB&STYLES=&SRS=EPSG%3A4326&BBOX=-8.46117877%2C41.42987966%2C-8.45504416%2C41.43447901&WIDTH=512&HEIGHT=512&FORMAT=image%2Fpng&TRANSPARENT=false	2026-08-01T00:00:00Z
weak-chip-export-v1-00193	wl-tile-v1-09609	wl-neg-neg-pt-dgpc-114672	neg-pt-dgpc-114672	0	hard_negative	train	PT	Mamoa IV da Bouça do Fojo	-8.262997290512251	41.70239830451953	-8.26607745,41.70009863,-8.25991713,41.70469798	512	dgt_ortos2021_rgb	https://cartografia.dgterritorio.gov.pt/wms/ortos2021	Ortos2021-RGB	data/external/weak-label-chips-v1/train/negative/wl-tile-v1-09609-neg-pt-dgpc-114672.png	weak_label_candidate_for_model_v1	512	512	downloaded	valid	512	512	P	248410	1		https://cartografia.dgterritorio.gov.pt/wms/ortos2021?SERVICE=WMS&VERSION=1.1.1&REQUEST=GetMap&LAYERS=Ortos2021-RGB&STYLES=&SRS=EPSG%3A4326&BBOX=-8.26607745%2C41.70009863%2C-8.25991713%2C41.70469798&WIDTH=512&HEIGHT=512&FORMAT=image%2Fpng&TRANSPARENT=false	2026-08-01T00:00:00Z
weak-chip-export-v1-00194	wl-tile-v1-09613	wl-neg-neg-pt-dgpc-114677	neg-pt-dgpc-114677	0	hard_negative	train	PT	Mamoa IV de Porta Cerdeiros	-8.259438976703382	41.70392331389225	-8.26251921,41.70162364,-8.25635875,41.70622299	512	dgt_ortos2021_rgb	https://cartografia.dgterritorio.gov.pt/wms/ortos2021	Ortos2021-RGB	data/external/weak-label-chips-v1/train/negative/wl-tile-v1-09613-neg-pt-dgpc-114677.png	weak_label_candidate_for_model_v1	512	512	downloaded	valid	512	512	P	250427	1		https://cartografia.dgterritorio.gov.pt/wms/ortos2021?SERVICE=WMS&VERSION=1.1.1&REQUEST=GetMap&LAYERS=Ortos2021-RGB&STYLES=&SRS=EPSG%3A4326&BBOX=-8.26251921%2C41.70162364%2C-8.25635875%2C41.70622299&WIDTH=512&HEIGHT=512&FORMAT=image%2Fpng&TRANSPARENT=false	2026-08-01T00:00:00Z
weak-chip-export-v1-00195	wl-tile-v1-09802	wl-neg-neg-pt-dgpc-108626	neg-pt-dgpc-108626	0	hard_negative	train	PT	Mamoa da Giadela	-8.258292527604821	41.7978812367378	-8.26137727,41.79558156,-8.25520779,41.80018091	512	dgt_ortos2021_rgb	https://cartografia.dgterritorio.gov.pt/wms/ortos2021	Ortos2021-RGB	data/external/weak-label-chips-v1/train/negative/wl-tile-v1-09802-neg-pt-dgpc-108626.png	weak_label_candidate_for_model_v1	512	512	downloaded	valid	512	512	P	251013	1		https://cartografia.dgterritorio.gov.pt/wms/ortos2021?SERVICE=WMS&VERSION=1.1.1&REQUEST=GetMap&LAYERS=Ortos2021-RGB&STYLES=&SRS=EPSG%3A4326&BBOX=-8.26137727%2C41.79558156%2C-8.25520779%2C41.80018091&WIDTH=512&HEIGHT=512&FORMAT=image%2Fpng&TRANSPARENT=false	2026-08-01T00:00:00Z
weak-chip-export-v1-00196	wl-tile-v1-09781	wl-neg-neg-pt-dgpc-112380	neg-pt-dgpc-112380	0	hard_negative	train	PT	Mamoa da Sela	-8.562915948502908	41.9734425979246	-8.56600918,41.97114292,-8.55982272,41.97574227	512	dgt_ortos2021_rgb	https://cartografia.dgterritorio.gov.pt/wms/ortos2021	Ortos2021-RGB	data/external/weak-label-chips-v1/train/negative/wl-tile-v1-09781-neg-pt-dgpc-112380.png	weak_label_candidate_for_model_v1	512	512	downloaded	valid	512	512	P	243128	1		https://cartografia.dgterritorio.gov.pt/wms/ortos2021?SERVICE=WMS&VERSION=1.1.1&REQUEST=GetMap&LAYERS=Ortos2021-RGB&STYLES=&SRS=EPSG%3A4326&BBOX=-8.56600918%2C41.97114292%2C-8.55982272%2C41.97574227&WIDTH=512&HEIGHT=512&FORMAT=image%2Fpng&TRANSPARENT=false	2026-08-01T00:00:00Z
weak-chip-export-v1-00197	wl-tile-v1-09594	wl-neg-neg-pt-dgpc-109828	neg-pt-dgpc-109828	0	hard_negative	train	PT	Mamoa de Cutelo	-8.251347048545133	41.77663190479847	-8.25443077,41.77433223,-8.24826333,41.77893158	512	dgt_ortos2021_rgb	https://cartografia.dgterritorio.gov.pt/wms/ortos2021	Ortos2021-RGB	data/external/weak-label-chips-v1/train/negative/wl-tile-v1-09594-neg-pt-dgpc-109828.png	weak_label_candidate_for_model_v1	512	512	downloaded	valid	512	512	P	252361	1		https://cartografia.dgterritorio.gov.pt/wms/ortos2021?SERVICE=WMS&VERSION=1.1.1&REQUEST=GetMap&LAYERS=Ortos2021-RGB&STYLES=&SRS=EPSG%3A4326&BBOX=-8.25443077%2C41.77433223%2C-8.24826333%2C41.77893158&WIDTH=512&HEIGHT=512&FORMAT=image%2Fpng&TRANSPARENT=false	2026-08-01T00:00:00Z
weak-chip-export-v1-00198	wl-tile-v1-09547	wl-neg-neg-pt-dgpc-114694	neg-pt-dgpc-114694	0	hard_negative	train	PT	Mamoa de Infia 2 / Mamoa dos Barros Brancos 4	-8.722437315310028	41.63198618889695	-8.72551410,41.62968651,-8.71936053,41.63428587	512	dgt_ortos2021_rgb	https://cartografia.dgterritorio.gov.pt/wms/ortos2021	Ortos2021-RGB	data/external/weak-label-chips-v1/train/negative/wl-tile-v1-09547-neg-pt-dgpc-114694.png	weak_label_candidate_for_model_v1	512	512	downloaded	valid	512	512	P	218738	1		https://cartografia.dgterritorio.gov.pt/wms/ortos2021?SERVICE=WMS&VERSION=1.1.1&REQUEST=GetMap&LAYERS=Ortos2021-RGB&STYLES=&SRS=EPSG%3A4326&BBOX=-8.72551410%2C41.62968651%2C-8.71936053%2C41.63428587&WIDTH=512&HEIGHT=512&FORMAT=image%2Fpng&TRANSPARENT=false	2026-08-01T00:00:00Z
weak-chip-export-v1-00199	wl-tile-v1-09783	wl-neg-neg-pt-dgpc-112384	neg-pt-dgpc-112384	0	hard_negative	train	PT	Mamoa do Alto do Moinho do Couto	-8.553428767282423	41.95893009225952	-8.55652129,41.95663042,-8.55033624,41.96122977	512	dgt_ortos2021_rgb	https://cartografia.dgterritorio.gov.pt/wms/ortos2021	Ortos2021-RGB	data/external/weak-label-chips-v1/train/negative/wl-tile-v1-09783-neg-pt-dgpc-112384.png	weak_label_candidate_for_model_v1	512	512	downloaded	valid	512	512	P	245271	1		https://cartografia.dgterritorio.gov.pt/wms/ortos2021?SERVICE=WMS&VERSION=1.1.1&REQUEST=GetMap&LAYERS=Ortos2021-RGB&STYLES=&SRS=EPSG%3A4326&BBOX=-8.55652129%2C41.95663042%2C-8.55033624%2C41.96122977&WIDTH=512&HEIGHT=512&FORMAT=image%2Fpng&TRANSPARENT=false	2026-08-01T00:00:00Z
weak-chip-export-v1-00200	wl-tile-v1-09640	wl-neg-neg-pt-dgpc-109873	neg-pt-dgpc-109873	0	hard_negative	train	PT	Mamoa do Couto	-8.44339539517577	41.71710279883439	-8.44647626,41.71480312,-8.44031453,41.71940248	512	dgt_ortos2021_rgb	https://cartografia.dgterritorio.gov.pt/wms/ortos2021	Ortos2021-RGB	data/external/weak-label-chips-v1/train/negative/wl-tile-v1-09640-neg-pt-dgpc-109873.png	weak_label_candidate_for_model_v1	512	512	downloaded	valid	512	512	P	239524	1		https://cartografia.dgterritorio.gov.pt/wms/ortos2021?SERVICE=WMS&VERSION=1.1.1&REQUEST=GetMap&LAYERS=Ortos2021-RGB&STYLES=&SRS=EPSG%3A4326&BBOX=-8.44647626%2C41.71480312%2C-8.44031453%2C41.71940248&WIDTH=512&HEIGHT=512&FORMAT=image%2Fpng&TRANSPARENT=false	2026-08-01T00:00:00Z
weak-chip-export-v1-00201	wl-tile-v1-09596	wl-neg-neg-pt-dgpc-114656	neg-pt-dgpc-114656	0	hard_negative	train	PT	Mamoa do Cruzeiro	-8.197538941394258	41.749331945948875	-8.20062135,41.74703227,-8.19445653,41.75163162	512	dgt_ortos2021_rgb	https://cartografia.dgterritorio.gov.pt/wms/ortos2021	Ortos2021-RGB	data/external/weak-label-chips-v1/train/negative/wl-tile-v1-09596-neg-pt-dgpc-114656.png	weak_label_candidate_for_model_v1	512	512	downloaded	valid	512	512	P	246562	1		https://cartografia.dgterritorio.gov.pt/wms/ortos2021?SERVICE=WMS&VERSION=1.1.1&REQUEST=GetMap&LAYERS=Ortos2021-RGB&STYLES=&SRS=EPSG%3A4326&BBOX=-8.20062135%2C41.74703227%2C-8.19445653%2C41.75163162&WIDTH=512&HEIGHT=512&FORMAT=image%2Fpng&TRANSPARENT=false	2026-08-01T00:00:00Z
weak-chip-export-v1-00202	wl-tile-v1-09699	wl-neg-neg-pt-dgpc-104859	neg-pt-dgpc-104859	0	hard_negative	train	PT	Mamoa do Leandro 3	-8.566201342786735	41.249681784071605	-8.56926006,41.24738211,-8.56314263,41.25198146	512	dgt_ortos2021_rgb	https://cartografia.dgterritorio.gov.pt/wms/ortos2021	Ortos2021-RGB	data/external/weak-label-chips-v1/train/negative/wl-tile-v1-09699-neg-pt-dgpc-104859.png	weak_label_candidate_for_model_v1	512	512	downloaded	valid	512	512	P	231979	1		https://cartografia.dgterritorio.gov.pt/wms/ortos2021?SERVICE=WMS&VERSION=1.1.1&REQUEST=GetMap&LAYERS=Ortos2021-RGB&STYLES=&SRS=EPSG%3A4326&BBOX=-8.56926006%2C41.24738211%2C-8.56314263%2C41.25198146&WIDTH=512&HEIGHT=512&FORMAT=image%2Fpng&TRANSPARENT=false	2026-08-01T00:00:00Z
weak-chip-export-v1-00203	wl-tile-v1-09700	wl-neg-neg-pt-dgpc-104887	neg-pt-dgpc-104887	0	hard_negative	train	PT	Mamoa do Leandro 4	-8.569789428489548	41.251018824296665	-8.57284821,41.24871915,-8.56673065,41.25331850	512	dgt_ortos2021_rgb	https://cartografia.dgterritorio.gov.pt/wms/ortos2021	Ortos2021-RGB	data/external/weak-label-chips-v1/train/negative/wl-tile-v1-09700-neg-pt-dgpc-104887.png	weak_label_candidate_for_model_v1	512	512	downloaded	valid	512	512	P	242301	1		https://cartografia.dgterritorio.gov.pt/wms/ortos2021?SERVICE=WMS&VERSION=1.1.1&REQUEST=GetMap&LAYERS=Ortos2021-RGB&STYLES=&SRS=EPSG%3A4326&BBOX=-8.57284821%2C41.24871915%2C-8.56673065%2C41.25331850&WIDTH=512&HEIGHT=512&FORMAT=image%2Fpng&TRANSPARENT=false	2026-08-01T00:00:00Z
weak-chip-export-v1-00204	wl-tile-v1-09698	wl-neg-neg-pt-dgpc-104855	neg-pt-dgpc-104855	0	hard_negative	train	PT	Mamoa do Leandro 5	-8.571328342242396	41.249212151931594	-8.57438704,41.24691248,-8.56826965,41.25151183	512	dgt_ortos2021_rgb	https://cartografia.dgterritorio.gov.pt/wms/ortos2021	Ortos2021-RGB	data/external/weak-label-chips-v1/train/negative/wl-tile-v1-09698-neg-pt-dgpc-104855.png	weak_label_candidate_for_model_v1	512	512	downloaded	valid	512	512	P	246745	1		https://cartografia.dgterritorio.gov.pt/wms/ortos2021?SERVICE=WMS&VERSION=1.1.1&REQUEST=GetMap&LAYERS=Ortos2021-RGB&STYLES=&SRS=EPSG%3A4326&BBOX=-8.57438704%2C41.24691248%2C-8.56826965%2C41.25151183&WIDTH=512&HEIGHT=512&FORMAT=image%2Fpng&TRANSPARENT=false	2026-08-01T00:00:00Z
weak-chip-export-v1-00205	wl-tile-v1-09788	wl-neg-neg-pt-dgpc-112390	neg-pt-dgpc-112390	0	hard_negative	train	PT	Mamoa dos Agueiros	-8.553605522019026	41.95572598864639	-8.55669789,41.95342631,-8.55051315,41.95802567	512	dgt_ortos2021_rgb	https://cartografia.dgterritorio.gov.pt/wms/ortos2021	Ortos2021-RGB	data/external/weak-label-chips-v1/train/negative/wl-tile-v1-09788-neg-pt-dgpc-112390.png	weak_label_candidate_for_model_v1	512	512	downloaded	valid	512	512	P	247663	1		https://cartografia.dgterritorio.gov.pt/wms/ortos2021?SERVICE=WMS&VERSION=1.1.1&REQUEST=GetMap&LAYERS=Ortos2021-RGB&STYLES=&SRS=EPSG%3A4326&BBOX=-8.55669789%2C41.95342631%2C-8.55051315%2C41.95802567&WIDTH=512&HEIGHT=512&FORMAT=image%2Fpng&TRANSPARENT=false	2026-08-01T00:00:00Z
weak-chip-export-v1-00206	wl-tile-v1-09797	wl-neg-neg-pt-dgpc-112408	neg-pt-dgpc-112408	0	hard_negative	train	PT	Mamoa dos Agueiros	-8.554425063221045	41.957379369504395	-8.55751751,41.95507969,-8.55133261,41.95967905	512	dgt_ortos2021_rgb	https://cartografia.dgterritorio.gov.pt/wms/ortos2021	Ortos2021-RGB	data/external/weak-label-chips-v1/train/negative/wl-tile-v1-09797-neg-pt-dgpc-112408.png	weak_label_candidate_for_model_v1	512	512	downloaded	valid	512	512	P	246403	1		https://cartografia.dgterritorio.gov.pt/wms/ortos2021?SERVICE=WMS&VERSION=1.1.1&REQUEST=GetMap&LAYERS=Ortos2021-RGB&STYLES=&SRS=EPSG%3A4326&BBOX=-8.55751751%2C41.95507969%2C-8.55133261%2C41.95967905&WIDTH=512&HEIGHT=512&FORMAT=image%2Fpng&TRANSPARENT=false	2026-08-01T00:00:00Z
weak-chip-export-v1-00207	wl-tile-v1-09801	wl-neg-neg-pt-dgpc-112422	neg-pt-dgpc-112422	0	hard_negative	train	PT	Mamoa dos Agueiros	-8.554231485574135	41.95589297529473	-8.55732386,41.95359330,-8.55113911,41.95819265	512	dgt_ortos2021_rgb	https://cartografia.dgterritorio.gov.pt/wms/ortos2021	Ortos2021-RGB	data/external/weak-label-chips-v1/train/negative/wl-tile-v1-09801-neg-pt-dgpc-112422.png	weak_label_candidate_for_model_v1	512	512	downloaded	valid	512	512	P	247184	1		https://cartografia.dgterritorio.gov.pt/wms/ortos2021?SERVICE=WMS&VERSION=1.1.1&REQUEST=GetMap&LAYERS=Ortos2021-RGB&STYLES=&SRS=EPSG%3A4326&BBOX=-8.55732386%2C41.95359330%2C-8.55113911%2C41.95819265&WIDTH=512&HEIGHT=512&FORMAT=image%2Fpng&TRANSPARENT=false	2026-08-01T00:00:00Z
weak-chip-export-v1-00208	wl-tile-v1-09678	wl-neg-neg-pt-dgpc-112099	neg-pt-dgpc-112099	0	hard_negative	train	PT	Mamoa dos Crastos (Broalhos)	-8.454970158840887	41.071763054065066	-8.45802058,41.06946338,-8.45191973,41.07406273	512	dgt_ortos2021_rgb	https://cartografia.dgterritorio.gov.pt/wms/ortos2021	Ortos2021-RGB	data/external/weak-label-chips-v1/train/negative/wl-tile-v1-09678-neg-pt-dgpc-112099.png	weak_label_candidate_for_model_v1	512	512	downloaded	valid	512	512	P	233451	1		https://cartografia.dgterritorio.gov.pt/wms/ortos2021?SERVICE=WMS&VERSION=1.1.1&REQUEST=GetMap&LAYERS=Ortos2021-RGB&STYLES=&SRS=EPSG%3A4326&BBOX=-8.45802058%2C41.06946338%2C-8.45191973%2C41.07406273&WIDTH=512&HEIGHT=512&FORMAT=image%2Fpng&TRANSPARENT=false	2026-08-01T00:00:00Z
weak-chip-export-v1-00209	wl-tile-v1-09679	wl-neg-neg-pt-dgpc-112102	neg-pt-dgpc-112102	0	hard_negative	train	PT	Mamoa dos Valinhos (Broalhos)	-8.454983360042458	41.07446433162828	-8.45803391,41.07216466,-8.45193281,41.07676401	512	dgt_ortos2021_rgb	https://cartografia.dgterritorio.gov.pt/wms/ortos2021	Ortos2021-RGB	data/external/weak-label-chips-v1/train/negative/wl-tile-v1-09679-neg-pt-dgpc-112102.png	weak_label_candidate_for_model_v1	512	512	downloaded	valid	512	512	P	235111	1		https://cartografia.dgterritorio.gov.pt/wms/ortos2021?SERVICE=WMS&VERSION=1.1.1&REQUEST=GetMap&LAYERS=Ortos2021-RGB&STYLES=&SRS=EPSG%3A4326&BBOX=-8.45803391%2C41.07216466%2C-8.45193281%2C41.07676401&WIDTH=512&HEIGHT=512&FORMAT=image%2Fpng&TRANSPARENT=false	2026-08-01T00:00:00Z
weak-chip-export-v1-00210	wl-tile-v1-09624	wl-neg-neg-pt-dgpc-109025	neg-pt-dgpc-109025	0	hard_negative	train	PT	Marrancos	-8.511975738514858	41.67034918987403	-8.51505436,41.66804951,-8.50889712,41.67264887	512	dgt_ortos2021_rgb	https://cartografia.dgterritorio.gov.pt/wms/ortos2021	Ortos2021-RGB	data/external/weak-label-chips-v1/train/negative/wl-tile-v1-09624-neg-pt-dgpc-109025.png	weak_label_candidate_for_model_v1	512	512	downloaded	valid	512	512	P	251508	1		https://cartografia.dgterritorio.gov.pt/wms/ortos2021?SERVICE=WMS&VERSION=1.1.1&REQUEST=GetMap&LAYERS=Ortos2021-RGB&STYLES=&SRS=EPSG%3A4326&BBOX=-8.51505436%2C41.66804951%2C-8.50889712%2C41.67264887&WIDTH=512&HEIGHT=512&FORMAT=image%2Fpng&TRANSPARENT=false	2026-08-01T00:00:00Z
weak-chip-export-v1-00211	wl-tile-v1-09661	wl-neg-neg-pt-dgpc-108898	neg-pt-dgpc-108898	0	hard_negative	train	PT	Modorro	-6.948530040095773	41.839712832997705	-6.95161680,41.83741316,-6.94544328,41.84201251	512	dgt_ortos2021_rgb	https://cartografia.dgterritorio.gov.pt/wms/ortos2021	Ortos2021-RGB	data/external/weak-label-chips-v1/train/negative/wl-tile-v1-09661-neg-pt-dgpc-108898.png	weak_label_candidate_for_model_v1	512	512	downloaded	valid	512	512	P	248268	1		https://cartografia.dgterritorio.gov.pt/wms/ortos2021?SERVICE=WMS&VERSION=1.1.1&REQUEST=GetMap&LAYERS=Ortos2021-RGB&STYLES=&SRS=EPSG%3A4326&BBOX=-6.95161680%2C41.83741316%2C-6.94544328%2C41.84201251&WIDTH=512&HEIGHT=512&FORMAT=image%2Fpng&TRANSPARENT=false	2026-08-01T00:00:00Z
weak-chip-export-v1-00212	wl-tile-v1-09546	wl-neg-neg-pt-dgpc-113947	neg-pt-dgpc-113947	0	hard_negative	train	PT	Monte	-8.677228643592844	41.474840217581246	-8.68029796,41.47254054,-8.67415932,41.47713989	512	dgt_ortos2021_rgb	https://cartografia.dgterritorio.gov.pt/wms/ortos2021	Ortos2021-RGB	data/external/weak-label-chips-v1/train/negative/wl-tile-v1-09546-neg-pt-dgpc-113947.png	weak_label_candidate_for_model_v1	512	512	downloaded	valid	512	512	P	239369	1		https://cartografia.dgterritorio.gov.pt/wms/ortos2021?SERVICE=WMS&VERSION=1.1.1&REQUEST=GetMap&LAYERS=Ortos2021-RGB&STYLES=&SRS=EPSG%3A4326&BBOX=-8.68029796%2C41.47254054%2C-8.67415932%2C41.47713989&WIDTH=512&HEIGHT=512&FORMAT=image%2Fpng&TRANSPARENT=false	2026-08-01T00:00:00Z
weak-chip-export-v1-00213	wl-tile-v1-09659	wl-neg-neg-pt-dgpc-108539	neg-pt-dgpc-108539	0	hard_negative	train	PT	Monte da Igrejinha	-7.126878434623248	41.9863476150578	-7.12997229,41.98404794,-7.12378458,41.98864729	512	dgt_ortos2021_rgb	https://cartografia.dgterritorio.gov.pt/wms/ortos2021	Ortos2021-RGB	data/external/weak-label-chips-v1/train/negative/wl-tile-v1-09659-neg-pt-dgpc-108539.png	weak_label_candidate_for_model_v1	512	512	downloaded	valid	512	512	P	255534	1		https://cartografia.dgterritorio.gov.pt/wms/ortos2021?SERVICE=WMS&VERSION=1.1.1&REQUEST=GetMap&LAYERS=Ortos2021-RGB&STYLES=&SRS=EPSG%3A4326&BBOX=-7.12997229%2C41.98404794%2C-7.12378458%2C41.98864729&WIDTH=512&HEIGHT=512&FORMAT=image%2Fpng&TRANSPARENT=false	2026-08-01T00:00:00Z
weak-chip-export-v1-00214	wl-tile-v1-09713	wl-neg-neg-pt-dgpc-106169	neg-pt-dgpc-106169	0	hard_negative	train	PT	Monte de São Brás	-8.660223351170599	41.216721387733145	-8.66328053,41.21442171,-8.65716618,41.21902106	512	dgt_ortos2021_rgb	https://cartografia.dgterritorio.gov.pt/wms/ortos2021	Ortos2021-RGB	data/external/weak-label-chips-v1/train/negative/wl-tile-v1-09713-neg-pt-dgpc-106169.png	weak_label_candidate_for_model_v1	512	512	downloaded	valid	512	512	P	235681	1		https://cartografia.dgterritorio.gov.pt/wms/ortos2021?SERVICE=WMS&VERSION=1.1.1&REQUEST=GetMap&LAYERS=Ortos2021-RGB&STYLES=&SRS=EPSG%3A4326&BBOX=-8.66328053%2C41.21442171%2C-8.65716618%2C41.21902106&WIDTH=512&HEIGHT=512&FORMAT=image%2Fpng&TRANSPARENT=false	2026-08-01T00:00:00Z
weak-chip-export-v1-00215	wl-tile-v1-09752	wl-neg-neg-pt-dgpc-111087	neg-pt-dgpc-111087	0	hard_negative	train	PT	Monte de São Marcos	-8.274545786193666	42.09043360816963	-8.27764471,42.08813393,-8.27144686,42.09273328	512	dgt_ortos2021_rgb	https://cartografia.dgterritorio.gov.pt/wms/ortos2021	Ortos2021-RGB	data/external/weak-label-chips-v1/train/negative/wl-tile-v1-09752-neg-pt-dgpc-111087.png	weak_label_candidate_for_model_v1	512	512	downloaded	valid	512	512	P	243108	1		https://cartografia.dgterritorio.gov.pt/wms/ortos2021?SERVICE=WMS&VERSION=1.1.1&REQUEST=GetMap&LAYERS=Ortos2021-RGB&STYLES=&SRS=EPSG%3A4326&BBOX=-8.27764471%2C42.08813393%2C-8.27144686%2C42.09273328&WIDTH=512&HEIGHT=512&FORMAT=image%2Fpng&TRANSPARENT=false	2026-08-01T00:00:00Z
weak-chip-export-v1-00216	wl-tile-v1-09864	wl-neg-neg-pt-dgpc-104962	neg-pt-dgpc-104962	0	hard_negative	train	PT	Monte de São Pedro	-7.541181873867435	41.25663408557696	-7.54424092,41.25433441,-7.53812283,41.25893376	512	dgt_ortos2021_rgb	https://cartografia.dgterritorio.gov.pt/wms/ortos2021	Ortos2021-RGB	data/external/weak-label-chips-v1/train/negative/wl-tile-v1-09864-neg-pt-dgpc-104962.png	weak_label_candidate_for_model_v1	512	512	downloaded	valid	512	512	P	249120	1		https://cartografia.dgterritorio.gov.pt/wms/ortos2021?SERVICE=WMS&VERSION=1.1.1&REQUEST=GetMap&LAYERS=Ortos2021-RGB&STYLES=&SRS=EPSG%3A4326&BBOX=-7.54424092%2C41.25433441%2C-7.53812283%2C41.25893376&WIDTH=512&HEIGHT=512&FORMAT=image%2Fpng&TRANSPARENT=false	2026-08-01T00:00:00Z
weak-chip-export-v1-00217	wl-tile-v1-09814	wl-neg-neg-pt-dgpc-110407	neg-pt-dgpc-110407	0	hard_negative	train	PT	Monte dos Fortes - Núcleo I	-8.585496544021247	42.00295317568802	-8.58859121,42.00065350,-8.58240188,42.00525285	512	dgt_ortos2021_rgb	https://cartografia.dgterritorio.gov.pt/wms/ortos2021	Ortos2021-RGB	data/external/weak-label-chips-v1/train/negative/wl-tile-v1-09814-neg-pt-dgpc-110407.png	weak_label_candidate_for_model_v1	512	512	downloaded	valid	512	512	P	250273	1		https://cartografia.dgterritorio.gov.pt/wms/ortos2021?SERVICE=WMS&VERSION=1.1.1&REQUEST=GetMap&LAYERS=Ortos2021-RGB&STYLES=&SRS=EPSG%3A4326&BBOX=-8.58859121%2C42.00065350%2C-8.58240188%2C42.00525285&WIDTH=512&HEIGHT=512&FORMAT=image%2Fpng&TRANSPARENT=false	2026-08-01T00:00:00Z
weak-chip-export-v1-00218	wl-tile-v1-09815	wl-neg-neg-pt-dgpc-110409	neg-pt-dgpc-110409	0	hard_negative	train	PT	Monte dos Fortes - Núcleo II	-8.586867949497286	42.00038081917371	-8.58996249,41.99808114,-8.58377341,42.00268050	512	dgt_ortos2021_rgb	https://cartografia.dgterritorio.gov.pt/wms/ortos2021	Ortos2021-RGB	data/external/weak-label-chips-v1/train/negative/wl-tile-v1-09815-neg-pt-dgpc-110409.png	weak_label_candidate_for_model_v1	512	512	downloaded	valid	512	512	P	251312	1		https://cartografia.dgterritorio.gov.pt/wms/ortos2021?SERVICE=WMS&VERSION=1.1.1&REQUEST=GetMap&LAYERS=Ortos2021-RGB&STYLES=&SRS=EPSG%3A4326&BBOX=-8.58996249%2C41.99808114%2C-8.58377341%2C42.00268050&WIDTH=512&HEIGHT=512&FORMAT=image%2Fpng&TRANSPARENT=false	2026-08-01T00:00:00Z
weak-chip-export-v1-00219	wl-tile-v1-09767	wl-neg-neg-pt-dgpc-108290	neg-pt-dgpc-108290	0	hard_negative	train	PT	Monterrão	-8.609059848503406	41.88966696566104	-8.61214902,41.88736729,-8.60597068,41.89196664	512	dgt_ortos2021_rgb	https://cartografia.dgterritorio.gov.pt/wms/ortos2021	Ortos2021-RGB	data/external/weak-label-chips-v1/train/negative/wl-tile-v1-09767-neg-pt-dgpc-108290.png	weak_label_candidate_for_model_v1	512	512	downloaded	valid	512	512	P	241203	1		https://cartografia.dgterritorio.gov.pt/wms/ortos2021?SERVICE=WMS&VERSION=1.1.1&REQUEST=GetMap&LAYERS=Ortos2021-RGB&STYLES=&SRS=EPSG%3A4326&BBOX=-8.61214902%2C41.88736729%2C-8.60597068%2C41.89196664&WIDTH=512&HEIGHT=512&FORMAT=image%2Fpng&TRANSPARENT=false	2026-08-01T00:00:00Z
weak-chip-export-v1-00220	wl-tile-v1-09655	wl-neg-neg-pt-dgpc-106637	neg-pt-dgpc-106637	0	hard_negative	train	PT	Moreirão	-7.081986751891058	41.35132199635947	-7.08505024,41.34902232,-7.07892326,41.35362167	512	dgt_ortos2021_rgb	https://cartografia.dgterritorio.gov.pt/wms/ortos2021	Ortos2021-RGB	data/external/weak-label-chips-v1/train/negative/wl-tile-v1-09655-neg-pt-dgpc-106637.png	weak_label_candidate_for_model_v1	512	512	downloaded	valid	512	512	P	238235	1		https://cartografia.dgterritorio.gov.pt/wms/ortos2021?SERVICE=WMS&VERSION=1.1.1&REQUEST=GetMap&LAYERS=Ortos2021-RGB&STYLES=&SRS=EPSG%3A4326&BBOX=-7.08505024%2C41.34902232%2C-7.07892326%2C41.35362167&WIDTH=512&HEIGHT=512&FORMAT=image%2Fpng&TRANSPARENT=false	2026-08-01T00:00:00Z
weak-chip-export-v1-00221	wl-tile-v1-09751	wl-neg-neg-pt-dgpc-111031	neg-pt-dgpc-111031	0	hard_negative	train	PT	Mota	-8.214573611521926	42.05511109742115	-8.21767082,42.05281142,-8.21147641,42.05741077	512	dgt_ortos2021_rgb	https://cartografia.dgterritorio.gov.pt/wms/ortos2021	Ortos2021-RGB	data/external/weak-label-chips-v1/train/negative/wl-tile-v1-09751-neg-pt-dgpc-111031.png	weak_label_candidate_for_model_v1	512	512	downloaded	valid	512	512	P	245723	1		https://cartografia.dgterritorio.gov.pt/wms/ortos2021?SERVICE=WMS&VERSION=1.1.1&REQUEST=GetMap&LAYERS=Ortos2021-RGB&STYLES=&SRS=EPSG%3A4326&BBOX=-8.21767082%2C42.05281142%2C-8.21147641%2C42.05741077&WIDTH=512&HEIGHT=512&FORMAT=image%2Fpng&TRANSPARENT=false	2026-08-01T00:00:00Z
weak-chip-export-v1-00222	wl-tile-v1-09794	wl-neg-neg-pt-dgpc-112396	neg-pt-dgpc-112396	0	hard_negative	train	PT	Mourela	-8.607906795878616	41.88956380650624	-8.61099596,41.88726413,-8.60481763,41.89186348	512	dgt_ortos2021_rgb	https://cartografia.dgterritorio.gov.pt/wms/ortos2021	Ortos2021-RGB	data/external/weak-label-chips-v1/train/negative/wl-tile-v1-09794-neg-pt-dgpc-112396.png	weak_label_candidate_for_model_v1	512	512	downloaded	valid	512	512	P	241595	1		https://cartografia.dgterritorio.gov.pt/wms/ortos2021?SERVICE=WMS&VERSION=1.1.1&REQUEST=GetMap&LAYERS=Ortos2021-RGB&STYLES=&SRS=EPSG%3A4326&BBOX=-8.61099596%2C41.88726413%2C-8.60481763%2C41.89186348&WIDTH=512&HEIGHT=512&FORMAT=image%2Fpng&TRANSPARENT=false	2026-08-01T00:00:00Z
weak-chip-export-v1-00223	wl-tile-v1-09544	wl-neg-neg-pt-dgpc-112414	neg-pt-dgpc-112414	0	hard_negative	train	PT	Mourisca	-8.637658404274863	41.60060870044866	-8.64073370,41.59830902,-8.63458311,41.60290838	512	dgt_ortos2021_rgb	https://cartografia.dgterritorio.gov.pt/wms/ortos2021	Ortos2021-RGB	data/external/weak-label-chips-v1/train/negative/wl-tile-v1-09544-neg-pt-dgpc-112414.png	weak_label_candidate_for_model_v1	512	512	downloaded	valid	512	512	P	248324	1		https://cartografia.dgterritorio.gov.pt/wms/ortos2021?SERVICE=WMS&VERSION=1.1.1&REQUEST=GetMap&LAYERS=Ortos2021-RGB&STYLES=&SRS=EPSG%3A4326&BBOX=-8.64073370%2C41.59830902%2C-8.63458311%2C41.60290838&WIDTH=512&HEIGHT=512&FORMAT=image%2Fpng&TRANSPARENT=false	2026-08-01T00:00:00Z
weak-chip-export-v1-00224	wl-tile-v1-09735	wl-neg-neg-pt-dgpc-108849	neg-pt-dgpc-108849	0	hard_negative	train	PT	Murteira	-8.37390216483309	41.835482942557725	-8.37698872,41.83318327,-8.37081561,41.83778262	512	dgt_ortos2021_rgb	https://cartografia.dgterritorio.gov.pt/wms/ortos2021	Ortos2021-RGB	data/external/weak-label-chips-v1/train/negative/wl-tile-v1-09735-neg-pt-dgpc-108849.png	weak_label_candidate_for_model_v1	512	512	downloaded	valid	512	512	P	235312	1		https://cartografia.dgterritorio.gov.pt/wms/ortos2021?SERVICE=WMS&VERSION=1.1.1&REQUEST=GetMap&LAYERS=Ortos2021-RGB&STYLES=&SRS=EPSG%3A4326&BBOX=-8.37698872%2C41.83318327%2C-8.37081561%2C41.83778262&WIDTH=512&HEIGHT=512&FORMAT=image%2Fpng&TRANSPARENT=false	2026-08-01T00:00:00Z
weak-chip-export-v1-00225	wl-tile-v1-09770	wl-neg-neg-pt-dgpc-108392	neg-pt-dgpc-108392	0	hard_negative	train	PT	Mó	-8.51760386335266	41.90891656731102	-8.52069396,41.90661689,-8.51451376,41.91121624	512	dgt_ortos2021_rgb	https://cartografia.dgterritorio.gov.pt/wms/ortos2021	Ortos2021-RGB	data/external/weak-label-chips-v1/train/negative/wl-tile-v1-09770-neg-pt-dgpc-108392.png	weak_label_candidate_for_model_v1	512	512	downloaded	valid	512	512	P	256181	1		https://cartografia.dgterritorio.gov.pt/wms/ortos2021?SERVICE=WMS&VERSION=1.1.1&REQUEST=GetMap&LAYERS=Ortos2021-RGB&STYLES=&SRS=EPSG%3A4326&BBOX=-8.52069396%2C41.90661689%2C-8.51451376%2C41.91121624&WIDTH=512&HEIGHT=512&FORMAT=image%2Fpng&TRANSPARENT=false	2026-08-01T00:00:00Z
weak-chip-export-v1-00226	wl-tile-v1-09668	wl-neg-neg-pt-dgpc-113078	neg-pt-dgpc-113078	0	hard_negative	train	PT	Necróple do Barral	-8.09061808553109	41.267036180456934	-8.09367762,41.26473650,-8.08755856,41.26933586	512	dgt_ortos2021_rgb	https://cartografia.dgterritorio.gov.pt/wms/ortos2021	Ortos2021-RGB	data/external/weak-label-chips-v1/train/negative/wl-tile-v1-09668-neg-pt-dgpc-113078.png	weak_label_candidate_for_model_v1	512	512	downloaded	valid	512	512	P	236561	1		https://cartografia.dgterritorio.gov.pt/wms/ortos2021?SERVICE=WMS&VERSION=1.1.1&REQUEST=GetMap&LAYERS=Ortos2021-RGB&STYLES=&SRS=EPSG%3A4326&BBOX=-8.09367762%2C41.26473650%2C-8.08755856%2C41.26933586&WIDTH=512&HEIGHT=512&FORMAT=image%2Fpng&TRANSPARENT=false	2026-08-01T00:00:00Z
weak-chip-export-v1-00227	wl-tile-v1-09772	wl-neg-neg-pt-dgpc-108400	neg-pt-dgpc-108400	0	hard_negative	train	PT	Nogueira	-8.55137370190479	41.91239955903235	-8.55446397,41.91009988,-8.54828343,41.91469924	512	dgt_ortos2021_rgb	https://cartografia.dgterritorio.gov.pt/wms/ortos2021	Ortos2021-RGB	data/external/weak-label-chips-v1/train/negative/wl-tile-v1-09772-neg-pt-dgpc-108400.png	weak_label_candidate_for_model_v1	512	512	downloaded	valid	512	512	P	231412	1		https://cartografia.dgterritorio.gov.pt/wms/ortos2021?SERVICE=WMS&VERSION=1.1.1&REQUEST=GetMap&LAYERS=Ortos2021-RGB&STYLES=&SRS=EPSG%3A4326&BBOX=-8.55446397%2C41.91009988%2C-8.54828343%2C41.91469924&WIDTH=512&HEIGHT=512&FORMAT=image%2Fpng&TRANSPARENT=false	2026-08-01T00:00:00Z
weak-chip-export-v1-00228	wl-tile-v1-09750	wl-neg-neg-pt-dgpc-108585	neg-pt-dgpc-108585	0	hard_negative	train	PT	Nossa Senhora do Numão	-8.15848734790354	42.030199568213014	-8.16158334,42.02789989,-8.15539136,42.03249924	512	dgt_ortos2021_rgb	https://cartografia.dgterritorio.gov.pt/wms/ortos2021	Ortos2021-RGB	data/external/weak-label-chips-v1/train/negative/wl-tile-v1-09750-neg-pt-dgpc-108585.png	weak_label_candidate_for_model_v1	512	512	downloaded	valid	512	512	P	245323	1		https://cartografia.dgterritorio.gov.pt/wms/ortos2021?SERVICE=WMS&VERSION=1.1.1&REQUEST=GetMap&LAYERS=Ortos2021-RGB&STYLES=&SRS=EPSG%3A4326&BBOX=-8.16158334%2C42.02789989%2C-8.15539136%2C42.03249924&WIDTH=512&HEIGHT=512&FORMAT=image%2Fpng&TRANSPARENT=false	2026-08-01T00:00:00Z
weak-chip-export-v1-00229	wl-tile-v1-09641	wl-neg-neg-pt-dgpc-111266	neg-pt-dgpc-111266	0	hard_negative	train	PT	Outeirinho	-8.423227514402244	41.64579545522479	-8.42630496,41.64349578,-8.42015007,41.64809513	512	dgt_ortos2021_rgb	https://cartografia.dgterritorio.gov.pt/wms/ortos2021	Ortos2021-RGB	data/external/weak-label-chips-v1/train/negative/wl-tile-v1-09641-neg-pt-dgpc-111266.png	weak_label_candidate_for_model_v1	512	512	downloaded	valid	512	512	P	234691	1		https://cartografia.dgterritorio.gov.pt/wms/ortos2021?SERVICE=WMS&VERSION=1.1.1&REQUEST=GetMap&LAYERS=Ortos2021-RGB&STYLES=&SRS=EPSG%3A4326&BBOX=-8.42630496%2C41.64349578%2C-8.42015007%2C41.64809513&WIDTH=512&HEIGHT=512&FORMAT=image%2Fpng&TRANSPARENT=false	2026-08-01T00:00:00Z
weak-chip-export-v1-00230	wl-tile-v1-09804	wl-neg-neg-pt-dgpc-108500	neg-pt-dgpc-108500	0	hard_negative	train	PT	Outeiro da Madorra	-8.662010015468745	41.95470690895158	-8.66510234,41.95240723,-8.65891770,41.95700659	512	dgt_ortos2021_rgb	https://cartografia.dgterritorio.gov.pt/wms/ortos2021	Ortos2021-RGB	data/external/weak-label-chips-v1/train/negative/wl-tile-v1-09804-neg-pt-dgpc-108500.png	weak_label_candidate_for_model_v1	512	512	downloaded	valid	512	512	P	244119	1		https://cartografia.dgterritorio.gov.pt/wms/ortos2021?SERVICE=WMS&VERSION=1.1.1&REQUEST=GetMap&LAYERS=Ortos2021-RGB&STYLES=&SRS=EPSG%3A4326&BBOX=-8.66510234%2C41.95240723%2C-8.65891770%2C41.95700659&WIDTH=512&HEIGHT=512&FORMAT=image%2Fpng&TRANSPARENT=false	2026-08-01T00:00:00Z
weak-chip-export-v1-00231	wl-tile-v1-09674	wl-neg-neg-pt-dgpc-105998	neg-pt-dgpc-105998	0	hard_negative	train	PT	Outeiro de Gregos 2	-8.040152083517007	41.18563172175026	-8.04320781,41.18333205,-8.03709636,41.18793140	512	dgt_ortos2021_rgb	https://cartografia.dgterritorio.gov.pt/wms/ortos2021	Ortos2021-RGB	data/external/weak-label-chips-v1/train/negative/wl-tile-v1-09674-neg-pt-dgpc-105998.png	weak_label_candidate_for_model_v1	512	512	downloaded	valid	512	512	P	251538	1		https://cartografia.dgterritorio.gov.pt/wms/ortos2021?SERVICE=WMS&VERSION=1.1.1&REQUEST=GetMap&LAYERS=Ortos2021-RGB&STYLES=&SRS=EPSG%3A4326&BBOX=-8.04320781%2C41.18333205%2C-8.03709636%2C41.18793140&WIDTH=512&HEIGHT=512&FORMAT=image%2Fpng&TRANSPARENT=false	2026-08-01T00:00:00Z
weak-chip-export-v1-00232	wl-tile-v1-09837	wl-neg-neg-pt-dgpc-109218	neg-pt-dgpc-109218	0	hard_negative	train	PT	Outeiro do Coxo	-7.445464235505578	41.61867463139742	-7.44854039,41.61637495,-7.44238808,41.62097431	512	dgt_ortos2021_rgb	https://cartografia.dgterritorio.gov.pt/wms/ortos2021	Ortos2021-RGB	data/external/weak-label-chips-v1/train/negative/wl-tile-v1-09837-neg-pt-dgpc-109218.png	weak_label_candidate_for_model_v1	512	512	downloaded	valid	512	512	P	235116	1		https://cartografia.dgterritorio.gov.pt/wms/ortos2021?SERVICE=WMS&VERSION=1.1.1&REQUEST=GetMap&LAYERS=Ortos2021-RGB&STYLES=&SRS=EPSG%3A4326&BBOX=-7.44854039%2C41.61637495%2C-7.44238808%2C41.62097431&WIDTH=512&HEIGHT=512&FORMAT=image%2Fpng&TRANSPARENT=false	2026-08-01T00:00:00Z
weak-chip-export-v1-00233	wl-tile-v1-09703	wl-neg-neg-pt-dgpc-105079	neg-pt-dgpc-105079	0	hard_negative	train	PT	Paiço	-8.592580545288127	41.268487937143114	-8.59564014,41.26618826,-8.58952095,41.27078761	512	dgt_ortos2021_rgb	https://cartografia.dgterritorio.gov.pt/wms/ortos2021	Ortos2021-RGB	data/external/weak-label-chips-v1/train/negative/wl-tile-v1-09703-neg-pt-dgpc-105079.png	weak_label_candidate_for_model_v1	512	512	downloaded	valid	512	512	P	226587	1		https://cartografia.dgterritorio.gov.pt/wms/ortos2021?SERVICE=WMS&VERSION=1.1.1&REQUEST=GetMap&LAYERS=Ortos2021-RGB&STYLES=&SRS=EPSG%3A4326&BBOX=-8.59564014%2C41.26618826%2C-8.58952095%2C41.27078761&WIDTH=512&HEIGHT=512&FORMAT=image%2Fpng&TRANSPARENT=false	2026-08-01T00:00:00Z
weak-chip-export-v1-00234	wl-tile-v1-09854	wl-neg-neg-pt-dgpc-107042	neg-pt-dgpc-107042	0	hard_negative	train	PT	Paradela	-7.95112104582298	41.384750396347066	-7.95418611,41.38245072,-7.94805598,41.38705007	512	dgt_ortos2021_rgb	https://cartografia.dgterritorio.gov.pt/wms/ortos2021	Ortos2021-RGB	data/external/weak-label-chips-v1/train/negative/wl-tile-v1-09854-neg-pt-dgpc-107042.png	weak_label_candidate_for_model_v1	512	512	downloaded	valid	512	512	P	248077	1		https://cartografia.dgterritorio.gov.pt/wms/ortos2021?SERVICE=WMS&VERSION=1.1.1&REQUEST=GetMap&LAYERS=Ortos2021-RGB&STYLES=&SRS=EPSG%3A4326&BBOX=-7.95418611%2C41.38245072%2C-7.94805598%2C41.38705007&WIDTH=512&HEIGHT=512&FORMAT=image%2Fpng&TRANSPARENT=false	2026-08-01T00:00:00Z
weak-chip-export-v1-00235	wl-tile-v1-09840	wl-neg-neg-pt-dgpc-109427	neg-pt-dgpc-109427	0	hard_negative	train	PT	Parque multiusos de Santa Cruz - Chaves	-7.466652645114118	41.75502919512598	-7.46973533,41.75272952,-7.46356996,41.75732887	512	dgt_ortos2021_rgb	https://cartografia.dgterritorio.gov.pt/wms/ortos2021	Ortos2021-RGB	data/external/weak-label-chips-v1/train/negative/wl-tile-v1-09840-neg-pt-dgpc-109427.png	weak_label_candidate_for_model_v1	512	512	downloaded	valid	512	512	P	230325	1		https://cartografia.dgterritorio.gov.pt/wms/ortos2021?SERVICE=WMS&VERSION=1.1.1&REQUEST=GetMap&LAYERS=Ortos2021-RGB&STYLES=&SRS=EPSG%3A4326&BBOX=-7.46973533%2C41.75272952%2C-7.46356996%2C41.75732887&WIDTH=512&HEIGHT=512&FORMAT=image%2Fpng&TRANSPARENT=false	2026-08-01T00:00:00Z
weak-chip-export-v1-00236	wl-tile-v1-09834	wl-neg-neg-pt-dgpc-109141	neg-pt-dgpc-109141	0	hard_negative	train	PT	Pedra Alta 1	-7.45046003721953	41.613689442894255	-7.45353595,41.61138977,-7.44738412,41.61598912	512	dgt_ortos2021_rgb	https://cartografia.dgterritorio.gov.pt/wms/ortos2021	Ortos2021-RGB	data/external/weak-label-chips-v1/train/negative/wl-tile-v1-09834-neg-pt-dgpc-109141.png	weak_label_candidate_for_model_v1	512	512	downloaded	valid	512	512	P	241088	1		https://cartografia.dgterritorio.gov.pt/wms/ortos2021?SERVICE=WMS&VERSION=1.1.1&REQUEST=GetMap&LAYERS=Ortos2021-RGB&STYLES=&SRS=EPSG%3A4326&BBOX=-7.45353595%2C41.61138977%2C-7.44738412%2C41.61598912&WIDTH=512&HEIGHT=512&FORMAT=image%2Fpng&TRANSPARENT=false	2026-08-01T00:00:00Z
weak-chip-export-v1-00237	wl-tile-v1-09833	wl-neg-neg-pt-dgpc-109128	neg-pt-dgpc-109128	0	hard_negative	train	PT	Pedra Alta 2	-7.4502514974158185	41.61298593462775	-7.45332738,41.61068626,-7.44717561,41.61528561	512	dgt_ortos2021_rgb	https://cartografia.dgterritorio.gov.pt/wms/ortos2021	Ortos2021-RGB	data/external/weak-label-chips-v1/train/negative/wl-tile-v1-09833-neg-pt-dgpc-109128.png	weak_label_candidate_for_model_v1	512	512	downloaded	valid	512	512	P	240489	1		https://cartografia.dgterritorio.gov.pt/wms/ortos2021?SERVICE=WMS&VERSION=1.1.1&REQUEST=GetMap&LAYERS=Ortos2021-RGB&STYLES=&SRS=EPSG%3A4326&BBOX=-7.45332738%2C41.61068626%2C-7.44717561%2C41.61528561&WIDTH=512&HEIGHT=512&FORMAT=image%2Fpng&TRANSPARENT=false	2026-08-01T00:00:00Z
weak-chip-export-v1-00238	wl-tile-v1-09838	wl-neg-neg-pt-dgpc-109299	neg-pt-dgpc-109299	0	hard_negative	train	PT	Pedra do Vale da Via	-7.507974373729409	41.74670809935441	-7.51105666,41.74440842,-7.50489209,41.74900778	512	dgt_ortos2021_rgb	https://cartografia.dgterritorio.gov.pt/wms/ortos2021	Ortos2021-RGB	data/external/weak-label-chips-v1/train/negative/wl-tile-v1-09838-neg-pt-dgpc-109299.png	weak_label_candidate_for_model_v1	512	512	downloaded	valid	512	512	P	245887	1		https://cartografia.dgterritorio.gov.pt/wms/ortos2021?SERVICE=WMS&VERSION=1.1.1&REQUEST=GetMap&LAYERS=Ortos2021-RGB&STYLES=&SRS=EPSG%3A4326&BBOX=-7.51105666%2C41.74440842%2C-7.50489209%2C41.74900778&WIDTH=512&HEIGHT=512&FORMAT=image%2Fpng&TRANSPARENT=false	2026-08-01T00:00:00Z
weak-chip-export-v1-00239	wl-tile-v1-09844	wl-neg-neg-pt-dgpc-109770	neg-pt-dgpc-109770	0	hard_negative	train	PT	Penedo das Cruzes	-7.507712472458695	41.77371644974271	-7.51079605,41.77141677,-7.50462889,41.77601613	512	dgt_ortos2021_rgb	https://cartografia.dgterritorio.gov.pt/wms/ortos2021	Ortos2021-RGB	data/external/weak-label-chips-v1/train/negative/wl-tile-v1-09844-neg-pt-dgpc-109770.png	weak_label_candidate_for_model_v1	512	512	downloaded	valid	512	512	P	245442	1		https://cartografia.dgterritorio.gov.pt/wms/ortos2021?SERVICE=WMS&VERSION=1.1.1&REQUEST=GetMap&LAYERS=Ortos2021-RGB&STYLES=&SRS=EPSG%3A4326&BBOX=-7.51079605%2C41.77141677%2C-7.50462889%2C41.77601613&WIDTH=512&HEIGHT=512&FORMAT=image%2Fpng&TRANSPARENT=false	2026-08-01T00:00:00Z
weak-chip-export-v1-00240	wl-tile-v1-09676	wl-neg-neg-pt-dgpc-112187	neg-pt-dgpc-112187	0	hard_negative	train	PT	Penedo de São Gonçalo	-8.225410265697992	41.34275185437362	-8.22847335,41.34045218,-8.22234718,41.34505153	512	dgt_ortos2021_rgb	https://cartografia.dgterritorio.gov.pt/wms/ortos2021	Ortos2021-RGB	data/external/weak-label-chips-v1/train/negative/wl-tile-v1-09676-neg-pt-dgpc-112187.png	weak_label_candidate_for_model_v1	512	512	downloaded	valid	512	512	P	238614	1		https://cartografia.dgterritorio.gov.pt/wms/ortos2021?SERVICE=WMS&VERSION=1.1.1&REQUEST=GetMap&LAYERS=Ortos2021-RGB&STYLES=&SRS=EPSG%3A4326&BBOX=-8.22847335%2C41.34045218%2C-8.22234718%2C41.34505153&WIDTH=512&HEIGHT=512&FORMAT=image%2Fpng&TRANSPARENT=false	2026-08-01T00:00:00Z
weak-chip-export-v1-00241	wl-tile-v1-09745	wl-neg-neg-pt-dgpc-108389	neg-pt-dgpc-108389	0	hard_negative	train	PT	Penedo do Trinco	-8.783961061293487	41.908614582256746	-8.78705115,41.90631491,-8.78087097,41.91091426	512	dgt_ortos2021_rgb	https://cartografia.dgterritorio.gov.pt/wms/ortos2021	Ortos2021-RGB	data/external/weak-label-chips-v1/train/negative/wl-tile-v1-09745-neg-pt-dgpc-108389.png	weak_label_candidate_for_model_v1	512	512	downloaded	valid	512	512	P	241946	1		https://cartografia.dgterritorio.gov.pt/wms/ortos2021?SERVICE=WMS&VERSION=1.1.1&REQUEST=GetMap&LAYERS=Ortos2021-RGB&STYLES=&SRS=EPSG%3A4326&BBOX=-8.78705115%2C41.90631491%2C-8.78087097%2C41.91091426&WIDTH=512&HEIGHT=512&FORMAT=image%2Fpng&TRANSPARENT=false	2026-08-01T00:00:00Z
weak-chip-export-v1-00242	wl-tile-v1-09845	wl-neg-neg-pt-dgpc-109789	neg-pt-dgpc-109789	0	hard_negative	train	PT	Penedo do Vale Salgueiro	-7.504697071213695	41.7746003368317	-7.50778069,41.77230066,-7.50161345,41.77690001	512	dgt_ortos2021_rgb	https://cartografia.dgterritorio.gov.pt/wms/ortos2021	Ortos2021-RGB	data/external/weak-label-chips-v1/train/negative/wl-tile-v1-09845-neg-pt-dgpc-109789.png	weak_label_candidate_for_model_v1	512	512	downloaded	valid	512	512	P	243426	1		https://cartografia.dgterritorio.gov.pt/wms/ortos2021?SERVICE=WMS&VERSION=1.1.1&REQUEST=GetMap&LAYERS=Ortos2021-RGB&STYLES=&SRS=EPSG%3A4326&BBOX=-7.50778069%2C41.77230066%2C-7.50161345%2C41.77690001&WIDTH=512&HEIGHT=512&FORMAT=image%2Fpng&TRANSPARENT=false	2026-08-01T00:00:00Z
weak-chip-export-v1-00243	wl-tile-v1-09738	wl-neg-neg-pt-dgpc-112377	neg-pt-dgpc-112377	0	hard_negative	train	PT	Pereiras 3	-8.40813126653201	41.976118951478306	-8.41122463,41.97381927,-8.40503791,41.97841863	512	dgt_ortos2021_rgb	https://cartografia.dgterritorio.gov.pt/wms/ortos2021	Ortos2021-RGB	data/external/weak-label-chips-v1/train/negative/wl-tile-v1-09738-neg-pt-dgpc-112377.png	weak_label_candidate_for_model_v1	512	512	downloaded	valid	512	512	P	248468	1		https://cartografia.dgterritorio.gov.pt/wms/ortos2021?SERVICE=WMS&VERSION=1.1.1&REQUEST=GetMap&LAYERS=Ortos2021-RGB&STYLES=&SRS=EPSG%3A4326&BBOX=-8.41122463%2C41.97381927%2C-8.40503791%2C41.97841863&WIDTH=512&HEIGHT=512&FORMAT=image%2Fpng&TRANSPARENT=false	2026-08-01T00:00:00Z
weak-chip-export-v1-00244	wl-tile-v1-09728	wl-neg-neg-pt-dgpc-111335	neg-pt-dgpc-111335	0	hard_negative	train	PT	Pinheiral/Pedra do Sol	-8.604442024148389	41.40848968955471	-8.60750821,41.40619001,-8.60137584,41.41078937	512	dgt_ortos2021_rgb	https://cartografia.dgterritorio.gov.pt/wms/ortos2021	Ortos2021-RGB	data/external/weak-label-chips-v1/train/negative/wl-tile-v1-09728-neg-pt-dgpc-111335.png	weak_label_candidate_for_model_v1	512	512	downloaded	valid	512	512	P	229355	1		https://cartografia.dgterritorio.gov.pt/wms/ortos2021?SERVICE=WMS&VERSION=1.1.1&REQUEST=GetMap&LAYERS=Ortos2021-RGB&STYLES=&SRS=EPSG%3A4326&BBOX=-8.60750821%2C41.40619001%2C-8.60137584%2C41.41078937&WIDTH=512&HEIGHT=512&FORMAT=image%2Fpng&TRANSPARENT=false	2026-08-01T00:00:00Z
weak-chip-export-v1-00245	wl-tile-v1-09670	wl-neg-neg-pt-dgpc-113994	neg-pt-dgpc-113994	0	hard_negative	train	PT	Ponte Medieval de Amarante	-8.078075096180424	41.268868285416644	-8.08113471,41.26656861,-8.07501548,41.27116796	512	dgt_ortos2021_rgb	https://cartografia.dgterritorio.gov.pt/wms/ortos2021	Ortos2021-RGB	data/external/weak-label-chips-v1/train/negative/wl-tile-v1-09670-neg-pt-dgpc-113994.png	weak_label_candidate_for_model_v1	512	512	downloaded	valid	512	512	P	221821	1		https://cartografia.dgterritorio.gov.pt/wms/ortos2021?SERVICE=WMS&VERSION=1.1.1&REQUEST=GetMap&LAYERS=Ortos2021-RGB&STYLES=&SRS=EPSG%3A4326&BBOX=-8.08113471%2C41.26656861%2C-8.07501548%2C41.27116796&WIDTH=512&HEIGHT=512&FORMAT=image%2Fpng&TRANSPARENT=false	2026-08-01T00:00:00Z
weak-chip-export-v1-00246	wl-tile-v1-09604	wl-neg-neg-pt-dgpc-114664	neg-pt-dgpc-114664	0	hard_negative	train	PT	Ponte Nova	-8.25368577446322	41.7386401585	-8.25676767,41.73634048,-8.25060388,41.74093984	512	dgt_ortos2021_rgb	https://cartografia.dgterritorio.gov.pt/wms/ortos2021	Ortos2021-RGB	data/external/weak-label-chips-v1/train/negative/wl-tile-v1-09604-neg-pt-dgpc-114664.png	weak_label_candidate_for_model_v1	512	512	downloaded	valid	512	512	P	238169	1		https://cartografia.dgterritorio.gov.pt/wms/ortos2021?SERVICE=WMS&VERSION=1.1.1&REQUEST=GetMap&LAYERS=Ortos2021-RGB&STYLES=&SRS=EPSG%3A4326&BBOX=-8.25676767%2C41.73634048%2C-8.25060388%2C41.74093984&WIDTH=512&HEIGHT=512&FORMAT=image%2Fpng&TRANSPARENT=false	2026-08-01T00:00:00Z
weak-chip-export-v1-00247	wl-tile-v1-09645	wl-neg-neg-pt-dgpc-106915	neg-pt-dgpc-106915	0	hard_negative	train	PT	Ponte Nova	-8.283311482949756	41.372404420889374	-8.28637596,41.37010474,-8.28024700,41.37470410	512	dgt_ortos2021_rgb	https://cartografia.dgterritorio.gov.pt/wms/ortos2021	Ortos2021-RGB	data/external/weak-label-chips-v1/train/negative/wl-tile-v1-09645-neg-pt-dgpc-106915.png	weak_label_candidate_for_model_v1	512	512	downloaded	valid	512	512	P	236950	1		https://cartografia.dgterritorio.gov.pt/wms/ortos2021?SERVICE=WMS&VERSION=1.1.1&REQUEST=GetMap&LAYERS=Ortos2021-RGB&STYLES=&SRS=EPSG%3A4326&BBOX=-8.28637596%2C41.37010474%2C-8.28024700%2C41.37470410&WIDTH=512&HEIGHT=512&FORMAT=image%2Fpng&TRANSPARENT=false	2026-08-01T00:00:00Z
weak-chip-export-v1-00248	wl-tile-v1-09646	wl-neg-neg-pt-dgpc-106922	neg-pt-dgpc-106922	0	hard_negative	train	PT	Ponte Velha de Vizela	-8.311647079429124	41.37313181429875	-8.31471159,41.37083214,-8.30858256,41.37543149	512	dgt_ortos2021_rgb	https://cartografia.dgterritorio.gov.pt/wms/ortos2021	Ortos2021-RGB	data/external/weak-label-chips-v1/train/negative/wl-tile-v1-09646-neg-pt-dgpc-106922.png	weak_label_candidate_for_model_v1	512	512	downloaded	valid	512	512	P	236026	1		https://cartografia.dgterritorio.gov.pt/wms/ortos2021?SERVICE=WMS&VERSION=1.1.1&REQUEST=GetMap&LAYERS=Ortos2021-RGB&STYLES=&SRS=EPSG%3A4326&BBOX=-8.31471159%2C41.37083214%2C-8.30858256%2C41.37543149&WIDTH=512&HEIGHT=512&FORMAT=image%2Fpng&TRANSPARENT=false	2026-08-01T00:00:00Z
weak-chip-export-v1-00249	wl-tile-v1-09709	wl-neg-neg-pt-dgpc-106113	neg-pt-dgpc-106113	0	hard_negative	train	PT	Ponte da Pedra	-8.61479087298828	41.205368328750886	-8.61784752,41.20306865,-8.61173423,41.20766801	512	dgt_ortos2021_rgb	https://cartografia.dgterritorio.gov.pt/wms/ortos2021	Ortos2021-RGB	data/external/weak-label-chips-v1/train/negative/wl-tile-v1-09709-neg-pt-dgpc-106113.png	weak_label_candidate_for_model_v1	512	512	downloaded	valid	512	512	P	217123	1		https://cartografia.dgterritorio.gov.pt/wms/ortos2021?SERVICE=WMS&VERSION=1.1.1&REQUEST=GetMap&LAYERS=Ortos2021-RGB&STYLES=&SRS=EPSG%3A4326&BBOX=-8.61784752%2C41.20306865%2C-8.61173423%2C41.20766801&WIDTH=512&HEIGHT=512&FORMAT=image%2Fpng&TRANSPARENT=false	2026-08-01T00:00:00Z
weak-chip-export-v1-00250	wl-tile-v1-09680	wl-neg-neg-pt-dgpc-106255	neg-pt-dgpc-106255	0	hard_negative	train	PT	Ponte da Veiga	-8.218874032716387	41.30098821619357	-8.22193516,41.29868854,-8.21581291,41.30328789	512	dgt_ortos2021_rgb	https://cartografia.dgterritorio.gov.pt/wms/ortos2021	Ortos2021-RGB	data/external/weak-label-chips-v1/train/negative/wl-tile-v1-09680-neg-pt-dgpc-106255.png	weak_label_candidate_for_model_v1	512	512	downloaded	valid	512	512	P	234468	1		https://cartografia.dgterritorio.gov.pt/wms/ortos2021?SERVICE=WMS&VERSION=1.1.1&REQUEST=GetMap&LAYERS=Ortos2021-RGB&STYLES=&SRS=EPSG%3A4326&BBOX=-8.22193516%2C41.29868854%2C-8.21581291%2C41.30328789&WIDTH=512&HEIGHT=512&FORMAT=image%2Fpng&TRANSPARENT=false	2026-08-01T00:00:00Z
weak-chip-export-v1-00251	wl-tile-v1-09644	wl-neg-neg-pt-dgpc-114684	neg-pt-dgpc-114684	0	hard_negative	train	PT	Ponte de Agrela	-8.419071421636783	41.7343074825436	-8.42215311,41.73200781,-8.41598974,41.73660716	512	dgt_ortos2021_rgb	https://cartografia.dgterritorio.gov.pt/wms/ortos2021	Ortos2021-RGB	data/external/weak-label-chips-v1/train/negative/wl-tile-v1-09644-neg-pt-dgpc-114684.png	weak_label_candidate_for_model_v1	512	512	downloaded	valid	512	512	P	245736	1		https://cartografia.dgterritorio.gov.pt/wms/ortos2021?SERVICE=WMS&VERSION=1.1.1&REQUEST=GetMap&LAYERS=Ortos2021-RGB&STYLES=&SRS=EPSG%3A4326&BBOX=-8.42215311%2C41.73200781%2C-8.41598974%2C41.73660716&WIDTH=512&HEIGHT=512&FORMAT=image%2Fpng&TRANSPARENT=false	2026-08-01T00:00:00Z
weak-chip-export-v1-00252	wl-tile-v1-09598	wl-neg-neg-pt-dgpc-114658	neg-pt-dgpc-114658	0	hard_negative	train	PT	Ponte de Cabaninhas	-8.234313177275284	41.739593826123496	-8.23739512,41.73729415,-8.23123124,41.74189350	512	dgt_ortos2021_rgb	https://cartografia.dgterritorio.gov.pt/wms/ortos2021	Ortos2021-RGB	data/external/weak-label-chips-v1/train/negative/wl-tile-v1-09598-neg-pt-dgpc-114658.png	weak_label_candidate_for_model_v1	512	512	downloaded	valid	512	512	P	238459	1		https://cartografia.dgterritorio.gov.pt/wms/ortos2021?SERVICE=WMS&VERSION=1.1.1&REQUEST=GetMap&LAYERS=Ortos2021-RGB&STYLES=&SRS=EPSG%3A4326&BBOX=-8.23739512%2C41.73729415%2C-8.23123124%2C41.74189350&WIDTH=512&HEIGHT=512&FORMAT=image%2Fpng&TRANSPARENT=false	2026-08-01T00:00:00Z
weak-chip-export-v1-00253	wl-tile-v1-09599	wl-neg-neg-pt-dgpc-114659	neg-pt-dgpc-114659	0	hard_negative	train	PT	Ponte de Carvalheira/ Ponte de Quintão	-8.227956325190927	41.75701357236171	-8.23103910,41.75471390,-8.22487355,41.75931325	512	dgt_ortos2021_rgb	https://cartografia.dgterritorio.gov.pt/wms/ortos2021	Ortos2021-RGB	data/external/weak-label-chips-v1/train/negative/wl-tile-v1-09599-neg-pt-dgpc-114659.png	weak_label_candidate_for_model_v1	512	512	downloaded	valid	512	512	P	246463	1		https://cartografia.dgterritorio.gov.pt/wms/ortos2021?SERVICE=WMS&VERSION=1.1.1&REQUEST=GetMap&LAYERS=Ortos2021-RGB&STYLES=&SRS=EPSG%3A4326&BBOX=-8.23103910%2C41.75471390%2C-8.22487355%2C41.75931325&WIDTH=512&HEIGHT=512&FORMAT=image%2Fpng&TRANSPARENT=false	2026-08-01T00:00:00Z
weak-chip-export-v1-00254	wl-tile-v1-09714	wl-neg-neg-pt-dgpc-106174	neg-pt-dgpc-106174	0	hard_negative	train	PT	Ponte de Dom Goimil	-8.646446527610081	41.21773813987413	-8.64950375,41.21543846,-8.64338930,41.22003782	512	dgt_ortos2021_rgb	https://cartografia.dgterritorio.gov.pt/wms/ortos2021	Ortos2021-RGB	data/external/weak-label-chips-v1/train/negative/wl-tile-v1-09714-neg-pt-dgpc-106174.png	weak_label_candidate_for_model_v1	512	512	downloaded	valid	512	512	P	228747	1		https://cartografia.dgterritorio.gov.pt/wms/ortos2021?SERVICE=WMS&VERSION=1.1.1&REQUEST=GetMap&LAYERS=Ortos2021-RGB&STYLES=&SRS=EPSG%3A4326&BBOX=-8.64950375%2C41.21543846%2C-8.64338930%2C41.22003782&WIDTH=512&HEIGHT=512&FORMAT=image%2Fpng&TRANSPARENT=false	2026-08-01T00:00:00Z
weak-chip-export-v1-00255	wl-tile-v1-09597	wl-neg-neg-pt-dgpc-114657	neg-pt-dgpc-114657	0	hard_negative	train	PT	Ponte de Eixões/ Roda	-8.199458965021224	41.7519708234182	-8.20254150,41.74967115,-8.19637643,41.75427050	512	dgt_ortos2021_rgb	https://cartografia.dgterritorio.gov.pt/wms/ortos2021	Ortos2021-RGB	data/external/weak-label-chips-v1/train/negative/wl-tile-v1-09597-neg-pt-dgpc-114657.png	weak_label_candidate_for_model_v1	512	512	downloaded	valid	512	512	P	239338	1		https://cartografia.dgterritorio.gov.pt/wms/ortos2021?SERVICE=WMS&VERSION=1.1.1&REQUEST=GetMap&LAYERS=Ortos2021-RGB&STYLES=&SRS=EPSG%3A4326&BBOX=-8.20254150%2C41.74967115%2C-8.19637643%2C41.75427050&WIDTH=512&HEIGHT=512&FORMAT=image%2Fpng&TRANSPARENT=false	2026-08-01T00:00:00Z
weak-chip-export-v1-00256	wl-tile-v1-09650	wl-neg-neg-pt-dgpc-107668	neg-pt-dgpc-107668	0	hard_negative	train	PT	Ponte de Frieira	-6.758703944648362	41.574498977016866	-6.76177799,41.57219930,-6.75562989,41.57679865	512	dgt_ortos2021_rgb	https://cartografia.dgterritorio.gov.pt/wms/ortos2021	Ortos2021-RGB	data/external/weak-label-chips-v1/train/negative/wl-tile-v1-09650-neg-pt-dgpc-107668.png	weak_label_candidate_for_model_v1	512	512	downloaded	valid	512	512	P	233902	1		https://cartografia.dgterritorio.gov.pt/wms/ortos2021?SERVICE=WMS&VERSION=1.1.1&REQUEST=GetMap&LAYERS=Ortos2021-RGB&STYLES=&SRS=EPSG%3A4326&BBOX=-6.76177799%2C41.57219930%2C-6.75562989%2C41.57679865&WIDTH=512&HEIGHT=512&FORMAT=image%2Fpng&TRANSPARENT=false	2026-08-01T00:00:00Z
weak-chip-export-v1-00257	wl-tile-v1-09643	wl-neg-neg-pt-dgpc-114683	neg-pt-dgpc-114683	0	hard_negative	train	PT	Ponte de Permedelos	-8.4234192774629	41.738563763955746	-8.42650117,41.73626409,-8.42033739,41.74086344	512	dgt_ortos2021_rgb	https://cartografia.dgterritorio.gov.pt/wms/ortos2021	Ortos2021-RGB	data/external/weak-label-chips-v1/train/negative/wl-tile-v1-09643-neg-pt-dgpc-114683.png	weak_label_candidate_for_model_v1	512	512	downloaded	valid	512	512	P	240050	1		https://cartografia.dgterritorio.gov.pt/wms/ortos2021?SERVICE=WMS&VERSION=1.1.1&REQUEST=GetMap&LAYERS=Ortos2021-RGB&STYLES=&SRS=EPSG%3A4326&BBOX=-8.42650117%2C41.73626409%2C-8.42033739%2C41.74086344&WIDTH=512&HEIGHT=512&FORMAT=image%2Fpng&TRANSPARENT=false	2026-08-01T00:00:00Z
weak-chip-export-v1-00258	wl-tile-v1-09605	wl-neg-neg-pt-dgpc-114665	neg-pt-dgpc-114665	0	hard_negative	train	PT	Ponte de Porta Santo/ Porta Santa/ Porto Santo	-8.216977930383695	41.7453059157034	-8.22006014,41.74300624,-8.21389572,41.74760559	512	dgt_ortos2021_rgb	https://cartografia.dgterritorio.gov.pt/wms/ortos2021	Ortos2021-RGB	data/external/weak-label-chips-v1/train/negative/wl-tile-v1-09605-neg-pt-dgpc-114665.png	weak_label_candidate_for_model_v1	512	512	downloaded	valid	512	512	P	251513	1		https://cartografia.dgterritorio.gov.pt/wms/ortos2021?SERVICE=WMS&VERSION=1.1.1&REQUEST=GetMap&LAYERS=Ortos2021-RGB&STYLES=&SRS=EPSG%3A4326&BBOX=-8.22006014%2C41.74300624%2C-8.21389572%2C41.74760559&WIDTH=512&HEIGHT=512&FORMAT=image%2Fpng&TRANSPARENT=false	2026-08-01T00:00:00Z
weak-chip-export-v1-00259	wl-tile-v1-09769	wl-neg-neg-pt-dgpc-108373	neg-pt-dgpc-108373	0	hard_negative	train	PT	Ponte de Rubiães	-8.62631548708899	41.90415764192204	-8.62940536,41.90185797,-8.62322562,41.90645732	512	dgt_ortos2021_rgb	https://cartografia.dgterritorio.gov.pt/wms/ortos2021	Ortos2021-RGB	data/external/weak-label-chips-v1/train/negative/wl-tile-v1-09769-neg-pt-dgpc-108373.png	weak_label_candidate_for_model_v1	512	512	downloaded	valid	512	512	P	236932	1		https://cartografia.dgterritorio.gov.pt/wms/ortos2021?SERVICE=WMS&VERSION=1.1.1&REQUEST=GetMap&LAYERS=Ortos2021-RGB&STYLES=&SRS=EPSG%3A4326&BBOX=-8.62940536%2C41.90185797%2C-8.62322562%2C41.90645732&WIDTH=512&HEIGHT=512&FORMAT=image%2Fpng&TRANSPARENT=false	2026-08-01T00:00:00Z
weak-chip-export-v1-00260	wl-tile-v1-09657	wl-neg-neg-pt-dgpc-107608	neg-pt-dgpc-107608	0	hard_negative	train	PT	Ponte de Santulhão	-6.674676129819785	41.55833966902693	-6.67774941,41.55603999,-6.67160285,41.56063935	512	dgt_ortos2021_rgb	https://cartografia.dgterritorio.gov.pt/wms/ortos2021	Ortos2021-RGB	data/external/weak-label-chips-v1/train/negative/wl-tile-v1-09657-neg-pt-dgpc-107608.png	weak_label_candidate_for_model_v1	512	512	downloaded	valid	512	512	P	241815	1		https://cartografia.dgterritorio.gov.pt/wms/ortos2021?SERVICE=WMS&VERSION=1.1.1&REQUEST=GetMap&LAYERS=Ortos2021-RGB&STYLES=&SRS=EPSG%3A4326&BBOX=-6.67774941%2C41.55603999%2C-6.67160285%2C41.56063935&WIDTH=512&HEIGHT=512&FORMAT=image%2Fpng&TRANSPARENT=false	2026-08-01T00:00:00Z
weak-chip-export-v1-00261	wl-tile-v1-09669	wl-neg-neg-pt-dgpc-113083	neg-pt-dgpc-113083	0	hard_negative	train	PT	Ponte do Arquinho	-8.07480330693477	41.2682104064667	-8.07786289,41.26591073,-8.07174372,41.27051008	512	dgt_ortos2021_rgb	https://cartografia.dgterritorio.gov.pt/wms/ortos2021	Ortos2021-RGB	data/external/weak-label-chips-v1/train/negative/wl-tile-v1-09669-neg-pt-dgpc-113083.png	weak_label_candidate_for_model_v1	512	512	downloaded	valid	512	512	P	225678	1		https://cartografia.dgterritorio.gov.pt/wms/ortos2021?SERVICE=WMS&VERSION=1.1.1&REQUEST=GetMap&LAYERS=Ortos2021-RGB&STYLES=&SRS=EPSG%3A4326&BBOX=-8.07786289%2C41.26591073%2C-8.07174372%2C41.27051008&WIDTH=512&HEIGHT=512&FORMAT=image%2Fpng&TRANSPARENT=false	2026-08-01T00:00:00Z
weak-chip-export-v1-00262	wl-tile-v1-09712	wl-neg-neg-pt-dgpc-106166	neg-pt-dgpc-106166	0	hard_negative	train	PT	Ponte do Carro	-8.667317940465555	41.215193970770095	-8.67037504,41.21289429,-8.66426084,41.21749365	512	dgt_ortos2021_rgb	https://cartografia.dgterritorio.gov.pt/wms/ortos2021	Ortos2021-RGB	data/external/weak-label-chips-v1/train/negative/wl-tile-v1-09712-neg-pt-dgpc-106166.png	weak_label_candidate_for_model_v1	512	512	downloaded	valid	512	512	P	239649	1		https://cartografia.dgterritorio.gov.pt/wms/ortos2021?SERVICE=WMS&VERSION=1.1.1&REQUEST=GetMap&LAYERS=Ortos2021-RGB&STYLES=&SRS=EPSG%3A4326&BBOX=-8.67037504%2C41.21289429%2C-8.66426084%2C41.21749365&WIDTH=512&HEIGHT=512&FORMAT=image%2Fpng&TRANSPARENT=false	2026-08-01T00:00:00Z
weak-chip-export-v1-00263	wl-tile-v1-09642	wl-neg-neg-pt-dgpc-114682	neg-pt-dgpc-114682	0	hard_negative	train	PT	Ponte do Couto	-8.486720667056959	41.64981694528757	-8.48979831,41.64751727,-8.48364303,41.65211662	512	dgt_ortos2021_rgb	https://cartografia.dgterritorio.gov.pt/wms/ortos2021	Ortos2021-RGB	data/external/weak-label-chips-v1/train/negative/wl-tile-v1-09642-neg-pt-dgpc-114682.png	weak_label_candidate_for_model_v1	512	512	downloaded	valid	512	512	P	237360	1		https://cartografia.dgterritorio.gov.pt/wms/ortos2021?SERVICE=WMS&VERSION=1.1.1&REQUEST=GetMap&LAYERS=Ortos2021-RGB&STYLES=&SRS=EPSG%3A4326&BBOX=-8.48979831%2C41.64751727%2C-8.48364303%2C41.65211662&WIDTH=512&HEIGHT=512&FORMAT=image%2Fpng&TRANSPARENT=false	2026-08-01T00:00:00Z
weak-chip-export-v1-00264	wl-tile-v1-09705	wl-neg-neg-pt-dgpc-104615	neg-pt-dgpc-104615	0	hard_negative	train	PT	Ponte dos Ronfos/ Ponte de Barreiros/ Ponte da Azenha	-8.631922765821031	41.224536388231456	-8.63498031,41.22223671,-8.62886523,41.22683606	512	dgt_ortos2021_rgb	https://cartografia.dgterritorio.gov.pt/wms/ortos2021	Ortos2021-RGB	data/external/weak-label-chips-v1/train/negative/wl-tile-v1-09705-neg-pt-dgpc-104615.png	weak_label_candidate_for_model_v1	512	512	downloaded	valid	512	512	P	230989	1		https://cartografia.dgterritorio.gov.pt/wms/ortos2021?SERVICE=WMS&VERSION=1.1.1&REQUEST=GetMap&LAYERS=Ortos2021-RGB&STYLES=&SRS=EPSG%3A4326&BBOX=-8.63498031%2C41.22223671%2C-8.62886523%2C41.22683606&WIDTH=512&HEIGHT=512&FORMAT=image%2Fpng&TRANSPARENT=false	2026-08-01T00:00:00Z
weak-chip-export-v1-00265	wl-tile-v1-09541	wl-neg-neg-pt-dgpc-111018	neg-pt-dgpc-111018	0	hard_negative	train	PT	Portela / Linhares de Água	-8.619321172122133	41.61100204759858	-8.62239696,41.60870237,-8.61624538,41.61330172	512	dgt_ortos2021_rgb	https://cartografia.dgterritorio.gov.pt/wms/ortos2021	Ortos2021-RGB	data/external/weak-label-chips-v1/train/negative/wl-tile-v1-09541-neg-pt-dgpc-111018.png	weak_label_candidate_for_model_v1	512	512	downloaded	valid	512	512	P	256205	1		https://cartografia.dgterritorio.gov.pt/wms/ortos2021?SERVICE=WMS&VERSION=1.1.1&REQUEST=GetMap&LAYERS=Ortos2021-RGB&STYLES=&SRS=EPSG%3A4326&BBOX=-8.62239696%2C41.60870237%2C-8.61624538%2C41.61330172&WIDTH=512&HEIGHT=512&FORMAT=image%2Fpng&TRANSPARENT=false	2026-08-01T00:00:00Z
weak-chip-export-v1-00266	wl-tile-v1-09790	wl-neg-neg-pt-dgpc-112392	neg-pt-dgpc-112392	0	hard_negative	train	PT	Portela da Anta 1/ Portela da Anta 2	-8.578870179809453	41.952130593592045	-8.58196237,41.94983092,-8.57577798,41.95443027	512	dgt_ortos2021_rgb	https://cartografia.dgterritorio.gov.pt/wms/ortos2021	Ortos2021-RGB	data/external/weak-label-chips-v1/train/negative/wl-tile-v1-09790-neg-pt-dgpc-112392.png	weak_label_candidate_for_model_v1	512	512	downloaded	valid	512	512	P	245998	1		https://cartografia.dgterritorio.gov.pt/wms/ortos2021?SERVICE=WMS&VERSION=1.1.1&REQUEST=GetMap&LAYERS=Ortos2021-RGB&STYLES=&SRS=EPSG%3A4326&BBOX=-8.58196237%2C41.94983092%2C-8.57577798%2C41.95443027&WIDTH=512&HEIGHT=512&FORMAT=image%2Fpng&TRANSPARENT=false	2026-08-01T00:00:00Z
weak-chip-export-v1-00267	wl-tile-v1-09791	wl-neg-neg-pt-dgpc-112393	neg-pt-dgpc-112393	0	hard_negative	train	PT	Portela da Anta 3	-8.578094199541736	41.952628204006956	-8.58118642,41.95032853,-8.57500198,41.95492788	512	dgt_ortos2021_rgb	https://cartografia.dgterritorio.gov.pt/wms/ortos2021	Ortos2021-RGB	data/external/weak-label-chips-v1/train/negative/wl-tile-v1-09791-neg-pt-dgpc-112393.png	weak_label_candidate_for_model_v1	512	512	downloaded	valid	512	512	P	247376	1		https://cartografia.dgterritorio.gov.pt/wms/ortos2021?SERVICE=WMS&VERSION=1.1.1&REQUEST=GetMap&LAYERS=Ortos2021-RGB&STYLES=&SRS=EPSG%3A4326&BBOX=-8.58118642%2C41.95032853%2C-8.57500198%2C41.95492788&WIDTH=512&HEIGHT=512&FORMAT=image%2Fpng&TRANSPARENT=false	2026-08-01T00:00:00Z
weak-chip-export-v1-00268	wl-tile-v1-09720	wl-neg-neg-pt-dgpc-105882	neg-pt-dgpc-105882	0	hard_negative	train	PT	Porto - Castelo de São João da Foz do Douro	-8.674492269307132	41.14890356796639	-8.67754628,41.14660389,-8.67143826,41.15120324	512	dgt_ortos2021_rgb	https://cartografia.dgterritorio.gov.pt/wms/ortos2021	Ortos2021-RGB	data/external/weak-label-chips-v1/train/negative/wl-tile-v1-09720-neg-pt-dgpc-105882.png	weak_label_candidate_for_model_v1	512	512	downloaded	valid	512	512	P	209790	1		https://cartografia.dgterritorio.gov.pt/wms/ortos2021?SERVICE=WMS&VERSION=1.1.1&REQUEST=GetMap&LAYERS=Ortos2021-RGB&STYLES=&SRS=EPSG%3A4326&BBOX=-8.67754628%2C41.14660389%2C-8.67143826%2C41.15120324&WIDTH=512&HEIGHT=512&FORMAT=image%2Fpng&TRANSPARENT=false	2026-08-01T00:00:00Z
weak-chip-export-v1-00269	wl-tile-v1-09719	wl-neg-neg-pt-dgpc-105865	neg-pt-dgpc-105865	0	hard_negative	train	PT	Porto - Praça Almeida Garrett/Rua do Loureiro	-8.610672061559237	41.14561564569877	-8.61372592,41.14331597,-8.60761820,41.14791532	512	dgt_ortos2021_rgb	https://cartografia.dgterritorio.gov.pt/wms/ortos2021	Ortos2021-RGB	data/external/weak-label-chips-v1/train/negative/wl-tile-v1-09719-neg-pt-dgpc-105865.png	weak_label_candidate_for_model_v1	512	512	downloaded	valid	512	512	P	233959	1		https://cartografia.dgterritorio.gov.pt/wms/ortos2021?SERVICE=WMS&VERSION=1.1.1&REQUEST=GetMap&LAYERS=Ortos2021-RGB&STYLES=&SRS=EPSG%3A4326&BBOX=-8.61372592%2C41.14331597%2C-8.60761820%2C41.14791532&WIDTH=512&HEIGHT=512&FORMAT=image%2Fpng&TRANSPARENT=false	2026-08-01T00:00:00Z
weak-chip-export-v1-00270	wl-tile-v1-09726	wl-neg-neg-pt-dgpc-112530	neg-pt-dgpc-112530	0	hard_negative	train	PT	Porto - Rua Infante D. Henrique, 19-29	-8.613716051081957	41.14108101661549	-8.61676970,41.13878134,-8.61066240,41.14338069	512	dgt_ortos2021_rgb	https://cartografia.dgterritorio.gov.pt/wms/ortos2021	Ortos2021-RGB	data/external/weak-label-chips-v1/train/negative/wl-tile-v1-09726-neg-pt-dgpc-112530.png	weak_label_candidate_for_model_v1	512	512	downloaded	valid	512	512	P	191969	1		https://cartografia.dgterritorio.gov.pt/wms/ortos2021?SERVICE=WMS&VERSION=1.1.1&REQUEST=GetMap&LAYERS=Ortos2021-RGB&STYLES=&SRS=EPSG%3A4326&BBOX=-8.61676970%2C41.13878134%2C-8.61066240%2C41.14338069&WIDTH=512&HEIGHT=512&FORMAT=image%2Fpng&TRANSPARENT=false	2026-08-01T00:00:00Z
weak-chip-export-v1-00271	wl-tile-v1-09718	wl-neg-neg-pt-dgpc-105849	neg-pt-dgpc-105849	0	hard_negative	train	PT	Porto - Rua Mouzinho da Silveira, 208-214	-8.612730635606031	41.14368917831558	-8.61578440,41.14138950,-8.60967687,41.14598885	512	dgt_ortos2021_rgb	https://cartografia.dgterritorio.gov.pt/wms/ortos2021	Ortos2021-RGB	data/external/weak-label-chips-v1/train/negative/wl-tile-v1-09718-neg-pt-dgpc-105849.png	weak_label_candidate_for_model_v1	512	512	downloaded	valid	512	512	P	237935	1		https://cartografia.dgterritorio.gov.pt/wms/ortos2021?SERVICE=WMS&VERSION=1.1.1&REQUEST=GetMap&LAYERS=Ortos2021-RGB&STYLES=&SRS=EPSG%3A4326&BBOX=-8.61578440%2C41.14138950%2C-8.60967687%2C41.14598885&WIDTH=512&HEIGHT=512&FORMAT=image%2Fpng&TRANSPARENT=false	2026-08-01T00:00:00Z
weak-chip-export-v1-00272	wl-tile-v1-09715	wl-neg-neg-pt-dgpc-105829	neg-pt-dgpc-105829	0	hard_negative	train	PT	Porto - Rua Mouzinho da Silveira, 56	-8.614325500298987	41.141890671968554	-8.61737918,41.13959100,-8.61127182,41.14419035	512	dgt_ortos2021_rgb	https://cartografia.dgterritorio.gov.pt/wms/ortos2021	Ortos2021-RGB	data/external/weak-label-chips-v1/train/negative/wl-tile-v1-09715-neg-pt-dgpc-105829.png	weak_label_candidate_for_model_v1	512	512	downloaded	valid	512	512	P	217944	1		https://cartografia.dgterritorio.gov.pt/wms/ortos2021?SERVICE=WMS&VERSION=1.1.1&REQUEST=GetMap&LAYERS=Ortos2021-RGB&STYLES=&SRS=EPSG%3A4326&BBOX=-8.61737918%2C41.13959100%2C-8.61127182%2C41.14419035&WIDTH=512&HEIGHT=512&FORMAT=image%2Fpng&TRANSPARENT=false	2026-08-01T00:00:00Z
weak-chip-export-v1-00273	wl-tile-v1-09717	wl-neg-neg-pt-dgpc-105845	neg-pt-dgpc-105845	0	hard_negative	train	PT	Porto - Rua da Ponte Nova, 50-54	-8.613858293224164	41.14315322000399	-8.61691204,41.14085354,-8.61080455,41.14545290	512	dgt_ortos2021_rgb	https://cartografia.dgterritorio.gov.pt/wms/ortos2021	Ortos2021-RGB	data/external/weak-label-chips-v1/train/negative/wl-tile-v1-09717-neg-pt-dgpc-105845.png	weak_label_candidate_for_model_v1	512	512	downloaded	valid	512	512	P	238822	1		https://cartografia.dgterritorio.gov.pt/wms/ortos2021?SERVICE=WMS&VERSION=1.1.1&REQUEST=GetMap&LAYERS=Ortos2021-RGB&STYLES=&SRS=EPSG%3A4326&BBOX=-8.61691204%2C41.14085354%2C-8.61080455%2C41.14545290&WIDTH=512&HEIGHT=512&FORMAT=image%2Fpng&TRANSPARENT=false	2026-08-01T00:00:00Z
weak-chip-export-v1-00274	wl-tile-v1-09721	wl-neg-neg-pt-dgpc-105893	neg-pt-dgpc-105893	0	hard_negative	train	PT	Porto - Rua das Condominhas, 701	-8.649084564361832	41.15286926624357	-8.65213876,41.15056959,-8.64603037,41.15516894	512	dgt_ortos2021_rgb	https://cartografia.dgterritorio.gov.pt/wms/ortos2021	Ortos2021-RGB	data/external/weak-label-chips-v1/train/negative/wl-tile-v1-09721-neg-pt-dgpc-105893.png	weak_label_candidate_for_model_v1	512	512	downloaded	valid	512	512	P	233991	1		https://cartografia.dgterritorio.gov.pt/wms/ortos2021?SERVICE=WMS&VERSION=1.1.1&REQUEST=GetMap&LAYERS=Ortos2021-RGB&STYLES=&SRS=EPSG%3A4326&BBOX=-8.65213876%2C41.15056959%2C-8.64603037%2C41.15516894&WIDTH=512&HEIGHT=512&FORMAT=image%2Fpng&TRANSPARENT=false	2026-08-01T00:00:00Z
weak-chip-export-v1-00275	wl-tile-v1-09723	wl-neg-neg-pt-dgpc-111373	neg-pt-dgpc-111373	0	hard_negative	train	PT	Porto - Rua das Flores, 301-305 e Praça de Almeida Garrett, 7-10	-8.611274328880901	41.14515983962066	-8.61432817,41.14286016,-8.60822049,41.14745952	512	dgt_ortos2021_rgb	https://cartografia.dgterritorio.gov.pt/wms/ortos2021	Ortos2021-RGB	data/external/weak-label-chips-v1/train/negative/wl-tile-v1-09723-neg-pt-dgpc-111373.png	weak_label_candidate_for_model_v1	512	512	downloaded	valid	512	512	P	235006	1		https://cartografia.dgterritorio.gov.pt/wms/ortos2021?SERVICE=WMS&VERSION=1.1.1&REQUEST=GetMap&LAYERS=Ortos2021-RGB&STYLES=&SRS=EPSG%3A4326&BBOX=-8.61432817%2C41.14286016%2C-8.60822049%2C41.14745952&WIDTH=512&HEIGHT=512&FORMAT=image%2Fpng&TRANSPARENT=false	2026-08-01T00:00:00Z
weak-chip-export-v1-00276	wl-tile-v1-09716	wl-neg-neg-pt-dgpc-105840	neg-pt-dgpc-105840	0	hard_negative	train	PT	Porto - Rua de Santana, 24-26	-8.613329741734994	41.14254313925772	-8.61638346,41.14024346,-8.61027603,41.14484282	512	dgt_ortos2021_rgb	https://cartografia.dgterritorio.gov.pt/wms/ortos2021	Ortos2021-RGB	data/external/weak-label-chips-v1/train/negative/wl-tile-v1-09716-neg-pt-dgpc-105840.png	weak_label_candidate_for_model_v1	512	512	downloaded	valid	512	512	P	235392	1		https://cartografia.dgterritorio.gov.pt/wms/ortos2021?SERVICE=WMS&VERSION=1.1.1&REQUEST=GetMap&LAYERS=Ortos2021-RGB&STYLES=&SRS=EPSG%3A4326&BBOX=-8.61638346%2C41.14024346%2C-8.61027603%2C41.14484282&WIDTH=512&HEIGHT=512&FORMAT=image%2Fpng&TRANSPARENT=false	2026-08-01T00:00:00Z
weak-chip-export-v1-00277	wl-tile-v1-09724	wl-neg-neg-pt-dgpc-111418	neg-pt-dgpc-111418	0	hard_negative	train	PT	Porto - Rua de São Miguel, 13	-8.616110700423139	41.143199807744786	-8.61916445,41.14090013,-8.61305695,41.14549948	512	dgt_ortos2021_rgb	https://cartografia.dgterritorio.gov.pt/wms/ortos2021	Ortos2021-RGB	data/external/weak-label-chips-v1/train/negative/wl-tile-v1-09724-neg-pt-dgpc-111418.png	weak_label_candidate_for_model_v1	512	512	downloaded	valid	512	512	P	231683	1		https://cartografia.dgterritorio.gov.pt/wms/ortos2021?SERVICE=WMS&VERSION=1.1.1&REQUEST=GetMap&LAYERS=Ortos2021-RGB&STYLES=&SRS=EPSG%3A4326&BBOX=-8.61916445%2C41.14090013%2C-8.61305695%2C41.14549948&WIDTH=512&HEIGHT=512&FORMAT=image%2Fpng&TRANSPARENT=false	2026-08-01T00:00:00Z
weak-chip-export-v1-00278	wl-tile-v1-06178	wl-neg-neg-es-pba-38894	neg-es-pba-38894	0	hard_negative	train	ES	A Chousa das Minas	-7.3897982426282	43.12909719993429	-7.39294928,43.12679752,-7.38664720,43.13139688	512	ign_pnoa_rgb	https://www.ign.es/wms-inspire/pnoa-ma	OI.OrthoimageCoverage	data/external/weak-label-chips-v1/train/negative/wl-tile-v1-06178-neg-es-pba-38894.png	weak_label_candidate_for_model_v1	512	512	exists	valid	512	512	RGB	650701	0		https://www.ign.es/wms-inspire/pnoa-ma?SERVICE=WMS&VERSION=1.1.1&REQUEST=GetMap&LAYERS=OI.OrthoimageCoverage&STYLES=&SRS=EPSG%3A4326&BBOX=-7.39294928%2C43.12679752%2C-7.38664720%2C43.13139688&WIDTH=512&HEIGHT=512&FORMAT=image%2Fpng&TRANSPARENT=false	2026-08-01T00:00:00Z
weak-chip-export-v1-00279	wl-tile-v1-05758	wl-neg-neg-es-pba-35203	neg-es-pba-35203	0	hard_negative	train	ES	A Costa/Medorra de Montecalvo 1	-7.7438405081296136	42.88973369668674	-7.74697929,42.88743402,-7.74070172,42.89203337	512	ign_pnoa_rgb	https://www.ign.es/wms-inspire/pnoa-ma	OI.OrthoimageCoverage	data/external/weak-label-chips-v1/train/negative/wl-tile-v1-05758-neg-es-pba-35203.png	weak_label_candidate_for_model_v1	512	512	downloaded	valid	512	512	RGB	656831	1		https://www.ign.es/wms-inspire/pnoa-ma?SERVICE=WMS&VERSION=1.1.1&REQUEST=GetMap&LAYERS=OI.OrthoimageCoverage&STYLES=&SRS=EPSG%3A4326&BBOX=-7.74697929%2C42.88743402%2C-7.74070172%2C42.89203337&WIDTH=512&HEIGHT=512&FORMAT=image%2Fpng&TRANSPARENT=false	2026-08-01T00:00:00Z
weak-chip-export-v1-00280	wl-tile-v1-05760	wl-neg-neg-es-pba-35254	neg-es-pba-35254	0	hard_negative	train	ES	A Costa/Medorra de Montecalvo 2	-7.744107096879031	42.88959813056801	-7.74724587,42.88729845,-7.74096832,42.89189781	512	ign_pnoa_rgb	https://www.ign.es/wms-inspire/pnoa-ma	OI.OrthoimageCoverage	data/external/weak-label-chips-v1/train/negative/wl-tile-v1-05760-neg-es-pba-35254.png	weak_label_candidate_for_model_v1	512	512	downloaded	valid	512	512	RGB	660548	1		https://www.ign.es/wms-inspire/pnoa-ma?SERVICE=WMS&VERSION=1.1.1&REQUEST=GetMap&LAYERS=OI.OrthoimageCoverage&STYLES=&SRS=EPSG%3A4326&BBOX=-7.74724587%2C42.88729845%2C-7.74096832%2C42.89189781&WIDTH=512&HEIGHT=512&FORMAT=image%2Fpng&TRANSPARENT=false	2026-08-01T00:00:00Z
weak-chip-export-v1-00281	wl-tile-v1-03135	wl-neg-neg-es-pba-18194	neg-es-pba-18194	0	hard_negative	train	ES	A Cruz do Pinal/Mámoa da Cruz do Pinal	-7.900810164962301	43.44377332336057	-7.90397755,43.44147365,-7.89764278,43.44607300	512	ign_pnoa_rgb	https://www.ign.es/wms-inspire/pnoa-ma	OI.OrthoimageCoverage	data/external/weak-label-chips-v1/train/negative/wl-tile-v1-03135-neg-es-pba-18194.png	weak_label_candidate_for_model_v1	512	512	downloaded	valid	512	512	RGB	663799	1		https://www.ign.es/wms-inspire/pnoa-ma?SERVICE=WMS&VERSION=1.1.1&REQUEST=GetMap&LAYERS=OI.OrthoimageCoverage&STYLES=&SRS=EPSG%3A4326&BBOX=-7.90397755%2C43.44147365%2C-7.89764278%2C43.44607300&WIDTH=512&HEIGHT=512&FORMAT=image%2Fpng&TRANSPARENT=false	2026-08-01T00:00:00Z
weak-chip-export-v1-00282	wl-tile-v1-06235	wl-neg-neg-es-pba-40747	neg-es-pba-40747	0	hard_negative	train	ES	A Eira da Torre/Medorra de Sotordei	-7.253342713611812	42.4269719338372	-7.25645822,42.42467226,-7.25022720,42.42927161	512	ign_pnoa_rgb	https://www.ign.es/wms-inspire/pnoa-ma	OI.OrthoimageCoverage	data/external/weak-label-chips-v1/train/negative/wl-tile-v1-06235-neg-es-pba-40747.png	weak_label_candidate_for_model_v1	512	512	downloaded	valid	512	512	RGB	662473	1		https://www.ign.es/wms-inspire/pnoa-ma?SERVICE=WMS&VERSION=1.1.1&REQUEST=GetMap&LAYERS=OI.OrthoimageCoverage&STYLES=&SRS=EPSG%3A4326&BBOX=-7.25645822%2C42.42467226%2C-7.25022720%2C42.42927161&WIDTH=512&HEIGHT=512&FORMAT=image%2Fpng&TRANSPARENT=false	2026-08-01T00:00:00Z
weak-chip-export-v1-00283	wl-tile-v1-05761	wl-neg-neg-es-pba-35256	neg-es-pba-35256	0	hard_negative	train	ES	A Escrita/A Casa das Mouras/As Fontelas/Orgoso/Mámoa da Escrita 1	-7.834911074776222	42.829159226026434	-7.83804678,42.82685955,-7.83177537,42.83145890	512	ign_pnoa_rgb	https://www.ign.es/wms-inspire/pnoa-ma	OI.OrthoimageCoverage	data/external/weak-label-chips-v1/train/negative/wl-tile-v1-05761-neg-es-pba-35256.png	weak_label_candidate_for_model_v1	512	512	downloaded	valid	512	512	RGB	622738	1		https://www.ign.es/wms-inspire/pnoa-ma?SERVICE=WMS&VERSION=1.1.1&REQUEST=GetMap&LAYERS=OI.OrthoimageCoverage&STYLES=&SRS=EPSG%3A4326&BBOX=-7.83804678%2C42.82685955%2C-7.83177537%2C42.83145890&WIDTH=512&HEIGHT=512&FORMAT=image%2Fpng&TRANSPARENT=false	2026-08-01T00:00:00Z
weak-chip-export-v1-00284	wl-tile-v1-07467	wl-neg-neg-es-pba-65654	neg-es-pba-65654	0	hard_negative	train	ES	A Gándara	-8.852585089256648	41.913727832807865	-8.85567542,41.91142816,-8.84949476,41.91602751	512	ign_pnoa_rgb	https://www.ign.es/wms-inspire/pnoa-ma	OI.OrthoimageCoverage	data/external/weak-label-chips-v1/train/negative/wl-tile-v1-07467-neg-es-pba-65654.png	weak_label_candidate_for_model_v1	512	512	downloaded	valid	512	512	RGB	623915	1		https://www.ign.es/wms-inspire/pnoa-ma?SERVICE=WMS&VERSION=1.1.1&REQUEST=GetMap&LAYERS=OI.OrthoimageCoverage&STYLES=&SRS=EPSG%3A4326&BBOX=-8.85567542%2C41.91142816%2C-8.84949476%2C41.91602751&WIDTH=512&HEIGHT=512&FORMAT=image%2Fpng&TRANSPARENT=false	2026-08-01T00:00:00Z
weak-chip-export-v1-00285	wl-tile-v1-08416	wl-neg-neg-es-pba-66223	neg-es-pba-66223	0	hard_negative	train	ES	A Laxe das Presiñas	-8.727393890812499	42.08943066114904	-8.73049277,42.08713098,-8.72429501,42.09173034	512	ign_pnoa_rgb	https://www.ign.es/wms-inspire/pnoa-ma	OI.OrthoimageCoverage	data/external/weak-label-chips-v1/train/negative/wl-tile-v1-08416-neg-es-pba-66223.png	weak_label_candidate_for_model_v1	512	512	downloaded	valid	512	512	RGB	639244	1		https://www.ign.es/wms-inspire/pnoa-ma?SERVICE=WMS&VERSION=1.1.1&REQUEST=GetMap&LAYERS=OI.OrthoimageCoverage&STYLES=&SRS=EPSG%3A4326&BBOX=-8.73049277%2C42.08713098%2C-8.72429501%2C42.09173034&WIDTH=512&HEIGHT=512&FORMAT=image%2Fpng&TRANSPARENT=false	2026-08-01T00:00:00Z
weak-chip-export-v1-00286	wl-tile-v1-06179	wl-neg-neg-es-pba-38898	neg-es-pba-38898	0	hard_negative	train	ES	A Madorra da Valiña	-7.344108847546546	43.1368692222217	-7.34726029,43.13456955,-7.34095741,43.13916890	512	ign_pnoa_rgb	https://www.ign.es/wms-inspire/pnoa-ma	OI.OrthoimageCoverage	data/external/weak-label-chips-v1/train/negative/wl-tile-v1-06179-neg-es-pba-38898.png	weak_label_candidate_for_model_v1	512	512	downloaded	valid	512	512	RGB	662779	1		https://www.ign.es/wms-inspire/pnoa-ma?SERVICE=WMS&VERSION=1.1.1&REQUEST=GetMap&LAYERS=OI.OrthoimageCoverage&STYLES=&SRS=EPSG%3A4326&BBOX=-7.34726029%2C43.13456955%2C-7.34095741%2C43.13916890&WIDTH=512&HEIGHT=512&FORMAT=image%2Fpng&TRANSPARENT=false	2026-08-01T00:00:00Z
weak-chip-export-v1-00287	wl-tile-v1-04509	wl-neg-neg-es-pba-24888	neg-es-pba-24888	0	hard_negative	train	ES	A Madorra/Foxo do Cabrito	-7.919689907781994	43.0168187226355	-7.92283518,43.01451905,-7.91654464,43.01911840	512	ign_pnoa_rgb	https://www.ign.es/wms-inspire/pnoa-ma	OI.OrthoimageCoverage	data/external/weak-label-chips-v1/train/negative/wl-tile-v1-04509-neg-es-pba-24888.png	weak_label_candidate_for_model_v1	512	512	downloaded	valid	512	512	RGB	662277	1		https://www.ign.es/wms-inspire/pnoa-ma?SERVICE=WMS&VERSION=1.1.1&REQUEST=GetMap&LAYERS=OI.OrthoimageCoverage&STYLES=&SRS=EPSG%3A4326&BBOX=-7.92283518%2C43.01451905%2C-7.91654464%2C43.01911840&WIDTH=512&HEIGHT=512&FORMAT=image%2Fpng&TRANSPARENT=false	2026-08-01T00:00:00Z
weak-chip-export-v1-00288	wl-tile-v1-07325	wl-neg-neg-es-pba-56893	neg-es-pba-56893	0	hard_negative	train	ES	A Meana	-6.831666664441299	42.41079797019255	-6.83478137,42.40849829,-6.82855196,42.41309765	512	ign_pnoa_rgb	https://www.ign.es/wms-inspire/pnoa-ma	OI.OrthoimageCoverage	data/external/weak-label-chips-v1/train/negative/wl-tile-v1-07325-neg-es-pba-56893.png	weak_label_candidate_for_model_v1	512	512	downloaded	valid	512	512	RGB	488674	1		https://www.ign.es/wms-inspire/pnoa-ma?SERVICE=WMS&VERSION=1.1.1&REQUEST=GetMap&LAYERS=OI.OrthoimageCoverage&STYLES=&SRS=EPSG%3A4326&BBOX=-6.83478137%2C42.40849829%2C-6.82855196%2C42.41309765&WIDTH=512&HEIGHT=512&FORMAT=image%2Fpng&TRANSPARENT=false	2026-08-01T00:00:00Z
weak-chip-export-v1-00289	wl-tile-v1-05830	wl-neg-neg-es-pba-29650	neg-es-pba-29650	0	hard_negative	train	ES	A Medorra	-7.512025680390142	42.896915388357506	-7.51516483,42.89461571,-7.50888653,42.89921506	512	ign_pnoa_rgb	https://www.ign.es/wms-inspire/pnoa-ma	OI.OrthoimageCoverage	data/external/weak-label-chips-v1/train/negative/wl-tile-v1-05830-neg-es-pba-29650.png	weak_label_candidate_for_model_v1	512	512	downloaded	valid	512	512	RGB	673325	1		https://www.ign.es/wms-inspire/pnoa-ma?SERVICE=WMS&VERSION=1.1.1&REQUEST=GetMap&LAYERS=OI.OrthoimageCoverage&STYLES=&SRS=EPSG%3A4326&BBOX=-7.51516483%2C42.89461571%2C-7.50888653%2C42.89921506&WIDTH=512&HEIGHT=512&FORMAT=image%2Fpng&TRANSPARENT=false	2026-08-01T00:00:00Z
weak-chip-export-v1-00290	wl-tile-v1-06757	wl-neg-neg-es-pba-50551	neg-es-pba-50551	0	hard_negative	train	ES	A Medorra	-7.116891355550691	42.05751223115287	-7.11998868,42.05521255,-7.11379403,42.05981191	512	ign_pnoa_rgb	https://www.ign.es/wms-inspire/pnoa-ma	OI.OrthoimageCoverage	data/external/weak-label-chips-v1/train/negative/wl-tile-v1-06757-neg-es-pba-50551.png	weak_label_candidate_for_model_v1	512	512	downloaded	valid	512	512	RGB	676626	1		https://www.ign.es/wms-inspire/pnoa-ma?SERVICE=WMS&VERSION=1.1.1&REQUEST=GetMap&LAYERS=OI.OrthoimageCoverage&STYLES=&SRS=EPSG%3A4326&BBOX=-7.11998868%2C42.05521255%2C-7.11379403%2C42.05981191&WIDTH=512&HEIGHT=512&FORMAT=image%2Fpng&TRANSPARENT=false	2026-08-01T00:00:00Z
weak-chip-export-v1-00291	wl-tile-v1-09449	wl-neg-neg-es-pba-74609	neg-es-pba-74609	0	hard_negative	train	ES	A Medorra 2	-8.172891567994498	42.81970024851272	-8.17602679,42.81740057,-8.16975634,42.82199993	512	ign_pnoa_rgb	https://www.ign.es/wms-inspire/pnoa-ma	OI.OrthoimageCoverage	data/external/weak-label-chips-v1/train/negative/wl-tile-v1-09449-neg-es-pba-74609.png	weak_label_candidate_for_model_v1	512	512	downloaded	valid	512	512	RGB	629401	1		https://www.ign.es/wms-inspire/pnoa-ma?SERVICE=WMS&VERSION=1.1.1&REQUEST=GetMap&LAYERS=OI.OrthoimageCoverage&STYLES=&SRS=EPSG%3A4326&BBOX=-8.17602679%2C42.81740057%2C-8.16975634%2C42.82199993&WIDTH=512&HEIGHT=512&FORMAT=image%2Fpng&TRANSPARENT=false	2026-08-01T00:00:00Z
weak-chip-export-v1-00292	wl-tile-v1-09450	wl-neg-neg-es-pba-74610	neg-es-pba-74610	0	hard_negative	train	ES	A Medorra 3	-8.175247354529128	42.81989249190062	-8.17838259,42.81759282,-8.17211212,42.82219217	512	ign_pnoa_rgb	https://www.ign.es/wms-inspire/pnoa-ma	OI.OrthoimageCoverage	data/external/weak-label-chips-v1/train/negative/wl-tile-v1-09450-neg-es-pba-74610.png	weak_label_candidate_for_model_v1	512	512	downloaded	valid	512	512	RGB	615765	1		https://www.ign.es/wms-inspire/pnoa-ma?SERVICE=WMS&VERSION=1.1.1&REQUEST=GetMap&LAYERS=OI.OrthoimageCoverage&STYLES=&SRS=EPSG%3A4326&BBOX=-8.17838259%2C42.81759282%2C-8.17211212%2C42.82219217&WIDTH=512&HEIGHT=512&FORMAT=image%2Fpng&TRANSPARENT=false	2026-08-01T00:00:00Z
weak-chip-export-v1-00293	wl-tile-v1-09451	wl-neg-neg-es-pba-74611	neg-es-pba-74611	0	hard_negative	train	ES	A Medorra 4	-8.174962246760963	42.819338366026464	-8.17809745,42.81703869,-8.17182704,42.82163804	512	ign_pnoa_rgb	https://www.ign.es/wms-inspire/pnoa-ma	OI.OrthoimageCoverage	data/external/weak-label-chips-v1/train/negative/wl-tile-v1-09451-neg-es-pba-74611.png	weak_label_candidate_for_model_v1	512	512	downloaded	valid	512	512	RGB	632666	1		https://www.ign.es/wms-inspire/pnoa-ma?SERVICE=WMS&VERSION=1.1.1&REQUEST=GetMap&LAYERS=OI.OrthoimageCoverage&STYLES=&SRS=EPSG%3A4326&BBOX=-8.17809745%2C42.81703869%2C-8.17182704%2C42.82163804&WIDTH=512&HEIGHT=512&FORMAT=image%2Fpng&TRANSPARENT=false	2026-08-01T00:00:00Z
weak-chip-export-v1-00294	wl-tile-v1-09452	wl-neg-neg-es-pba-74612	neg-es-pba-74612	0	hard_negative	train	ES	A Medorra 5	-8.175630670547019	42.81922942720961	-8.17876587,42.81692975,-8.17249547,42.82152910	512	ign_pnoa_rgb	https://www.ign.es/wms-inspire/pnoa-ma	OI.OrthoimageCoverage	data/external/weak-label-chips-v1/train/negative/wl-tile-v1-09452-neg-es-pba-74612.png	weak_label_candidate_for_model_v1	512	512	downloaded	valid	512	512	RGB	635716	1		https://www.ign.es/wms-inspire/pnoa-ma?SERVICE=WMS&VERSION=1.1.1&REQUEST=GetMap&LAYERS=OI.OrthoimageCoverage&STYLES=&SRS=EPSG%3A4326&BBOX=-8.17876587%2C42.81692975%2C-8.17249547%2C42.82152910&WIDTH=512&HEIGHT=512&FORMAT=image%2Fpng&TRANSPARENT=false	2026-08-01T00:00:00Z
weak-chip-export-v1-00295	wl-tile-v1-05833	wl-neg-neg-es-pba-32105	neg-es-pba-32105	0	hard_negative	train	ES	A Medorra de Cereixido	-7.321231134794101	42.71980534318632	-7.32436131,42.71750567,-7.31810096,42.72210502	512	ign_pnoa_rgb	https://www.ign.es/wms-inspire/pnoa-ma	OI.OrthoimageCoverage	data/external/weak-label-chips-v1/train/negative/wl-tile-v1-05833-neg-es-pba-32105.png	weak_label_candidate_for_model_v1	512	512	downloaded	valid	512	512	RGB	620402	1		https://www.ign.es/wms-inspire/pnoa-ma?SERVICE=WMS&VERSION=1.1.1&REQUEST=GetMap&LAYERS=OI.OrthoimageCoverage&STYLES=&SRS=EPSG%3A4326&BBOX=-7.32436131%2C42.71750567%2C-7.31810096%2C42.72210502&WIDTH=512&HEIGHT=512&FORMAT=image%2Fpng&TRANSPARENT=false	2026-08-01T00:00:00Z
weak-chip-export-v1-00296	wl-tile-v1-06187	wl-neg-neg-es-pba-38387	neg-es-pba-38387	0	hard_negative	train	ES	A Medorra de Hospital	-7.729654739732864	42.839911029288565	-7.73279099,42.83761135,-7.72651849,42.84221071	512	ign_pnoa_rgb	https://www.ign.es/wms-inspire/pnoa-ma	OI.OrthoimageCoverage	data/external/weak-label-chips-v1/train/negative/wl-tile-v1-06187-neg-es-pba-38387.png	weak_label_candidate_for_model_v1	512	512	downloaded	valid	512	512	RGB	661464	1		https://www.ign.es/wms-inspire/pnoa-ma?SERVICE=WMS&VERSION=1.1.1&REQUEST=GetMap&LAYERS=OI.OrthoimageCoverage&STYLES=&SRS=EPSG%3A4326&BBOX=-7.73279099%2C42.83761135%2C-7.72651849%2C42.84221071&WIDTH=512&HEIGHT=512&FORMAT=image%2Fpng&TRANSPARENT=false	2026-08-01T00:00:00Z
weak-chip-export-v1-00297	wl-tile-v1-05616	wl-neg-neg-es-pba-31043	neg-es-pba-31043	0	hard_negative	train	ES	A Medorra de Reigosa 1	-7.805064676443599	43.03891755006112	-7.80821108,43.03661787,-7.80191827,43.04121723	512	ign_pnoa_rgb	https://www.ign.es/wms-inspire/pnoa-ma	OI.OrthoimageCoverage	data/external/weak-label-chips-v1/train/negative/wl-tile-v1-05616-neg-es-pba-31043.png	weak_label_candidate_for_model_v1	512	512	downloaded	valid	512	512	RGB	676978	1		https://www.ign.es/wms-inspire/pnoa-ma?SERVICE=WMS&VERSION=1.1.1&REQUEST=GetMap&LAYERS=OI.OrthoimageCoverage&STYLES=&SRS=EPSG%3A4326&BBOX=-7.80821108%2C43.03661787%2C-7.80191827%2C43.04121723&WIDTH=512&HEIGHT=512&FORMAT=image%2Fpng&TRANSPARENT=false	2026-08-01T00:00:00Z
weak-chip-export-v1-00298	wl-tile-v1-06315	wl-neg-neg-es-pba-42146	neg-es-pba-42146	0	hard_negative	train	ES	A Medorra de Xisto	-7.395638760933669	42.72333120647266	-7.39876911,42.72103153,-7.39250841,42.72563088	512	ign_pnoa_rgb	https://www.ign.es/wms-inspire/pnoa-ma	OI.OrthoimageCoverage	data/external/weak-label-chips-v1/train/negative/wl-tile-v1-06315-neg-es-pba-42146.png	weak_label_candidate_for_model_v1	512	512	downloaded	valid	512	512	RGB	593837	1		https://www.ign.es/wms-inspire/pnoa-ma?SERVICE=WMS&VERSION=1.1.1&REQUEST=GetMap&LAYERS=OI.OrthoimageCoverage&STYLES=&SRS=EPSG%3A4326&BBOX=-7.39876911%2C42.72103153%2C-7.39250841%2C42.72563088&WIDTH=512&HEIGHT=512&FORMAT=image%2Fpng&TRANSPARENT=false	2026-08-01T00:00:00Z
weak-chip-export-v1-00299	wl-tile-v1-05617	wl-neg-neg-es-pba-31044	neg-es-pba-31044	0	hard_negative	train	ES	A Medorra de Xoana	-7.759484509760949	43.0427566853125	-7.76263111,43.04045701,-7.75633791,43.04505636	512	ign_pnoa_rgb	https://www.ign.es/wms-inspire/pnoa-ma	OI.OrthoimageCoverage	data/external/weak-label-chips-v1/train/negative/wl-tile-v1-05617-neg-es-pba-31044.png	weak_label_candidate_for_model_v1	512	512	downloaded	valid	512	512	RGB	666232	1		https://www.ign.es/wms-inspire/pnoa-ma?SERVICE=WMS&VERSION=1.1.1&REQUEST=GetMap&LAYERS=OI.OrthoimageCoverage&STYLES=&SRS=EPSG%3A4326&BBOX=-7.76263111%2C43.04045701%2C-7.75633791%2C43.04505636&WIDTH=512&HEIGHT=512&FORMAT=image%2Fpng&TRANSPARENT=false	2026-08-01T00:00:00Z
weak-chip-export-v1-00300	wl-tile-v1-06188	wl-neg-neg-es-pba-38388	neg-es-pba-38388	0	hard_negative	train	ES	A Medorra do Rañadoiro 1	-7.684191978818824	42.843652247701534	-7.68732842,42.84135257,-7.68105554,42.84595192	512	ign_pnoa_rgb	https://www.ign.es/wms-inspire/pnoa-ma	OI.OrthoimageCoverage	data/external/weak-label-chips-v1/train/negative/wl-tile-v1-06188-neg-es-pba-38388.png	weak_label_candidate_for_model_v1	512	512	downloaded	valid	512	512	RGB	637218	1		https://www.ign.es/wms-inspire/pnoa-ma?SERVICE=WMS&VERSION=1.1.1&REQUEST=GetMap&LAYERS=OI.OrthoimageCoverage&STYLES=&SRS=EPSG%3A4326&BBOX=-7.68732842%2C42.84135257%2C-7.68105554%2C42.84595192&WIDTH=512&HEIGHT=512&FORMAT=image%2Fpng&TRANSPARENT=false	2026-08-01T00:00:00Z
weak-chip-export-v1-00301	wl-tile-v1-06189	wl-neg-neg-es-pba-38389	neg-es-pba-38389	0	hard_negative	train	ES	A Medorra do Rañadoiro 2	-7.685373116505654	42.84243151823503	-7.68850950,42.84013184,-7.68223674,42.84473119	512	ign_pnoa_rgb	https://www.ign.es/wms-inspire/pnoa-ma	OI.OrthoimageCoverage	data/external/weak-label-chips-v1/train/negative/wl-tile-v1-06189-neg-es-pba-38389.png	weak_label_candidate_for_model_v1	512	512	downloaded	valid	512	512	RGB	653546	1		https://www.ign.es/wms-inspire/pnoa-ma?SERVICE=WMS&VERSION=1.1.1&REQUEST=GetMap&LAYERS=OI.OrthoimageCoverage&STYLES=&SRS=EPSG%3A4326&BBOX=-7.68850950%2C42.84013184%2C-7.68223674%2C42.84473119&WIDTH=512&HEIGHT=512&FORMAT=image%2Fpng&TRANSPARENT=false	2026-08-01T00:00:00Z
weak-chip-export-v1-00302	wl-tile-v1-06190	wl-neg-neg-es-pba-38420	neg-es-pba-38420	0	hard_negative	train	ES	A Medorra do Rañadoiro 3	-7.684391023095154	42.84192913207163	-7.68752738,42.83962946,-7.68125467,42.84422881	512	ign_pnoa_rgb	https://www.ign.es/wms-inspire/pnoa-ma	OI.OrthoimageCoverage	data/external/weak-label-chips-v1/train/negative/wl-tile-v1-06190-neg-es-pba-38420.png	weak_label_candidate_for_model_v1	512	512	downloaded	valid	512	512	RGB	645563	1		https://www.ign.es/wms-inspire/pnoa-ma?SERVICE=WMS&VERSION=1.1.1&REQUEST=GetMap&LAYERS=OI.OrthoimageCoverage&STYLES=&SRS=EPSG%3A4326&BBOX=-7.68752738%2C42.83962946%2C-7.68125467%2C42.84422881&WIDTH=512&HEIGHT=512&FORMAT=image%2Fpng&TRANSPARENT=false	2026-08-01T00:00:00Z
weak-chip-export-v1-00303	wl-tile-v1-03920	wl-neg-neg-es-pba-15468	neg-es-pba-15468	0	hard_negative	train	ES	A Medorra/Mámoa de Aldea de Abaixo 1	-8.384378135760812	43.00665720118041	-8.38752289,43.00435752,-8.38123338,43.00895688	512	ign_pnoa_rgb	https://www.ign.es/wms-inspire/pnoa-ma	OI.OrthoimageCoverage	data/external/weak-label-chips-v1/train/negative/wl-tile-v1-03920-neg-es-pba-15468.png	weak_label_candidate_for_model_v1	512	512	downloaded	valid	512	512	RGB	619370	1		https://www.ign.es/wms-inspire/pnoa-ma?SERVICE=WMS&VERSION=1.1.1&REQUEST=GetMap&LAYERS=OI.OrthoimageCoverage&STYLES=&SRS=EPSG%3A4326&BBOX=-8.38752289%2C43.00435752%2C-8.38123338%2C43.00895688&WIDTH=512&HEIGHT=512&FORMAT=image%2Fpng&TRANSPARENT=false	2026-08-01T00:00:00Z
weak-chip-export-v1-00304	wl-tile-v1-03921	wl-neg-neg-es-pba-15469	neg-es-pba-15469	0	hard_negative	train	ES	A Medorra/Mámoa de Aldea de Abaixo 2	-8.383811127168777	43.006857459481076	-8.38695589,43.00455778,-8.38066637,43.00915714	512	ign_pnoa_rgb	https://www.ign.es/wms-inspire/pnoa-ma	OI.OrthoimageCoverage	data/external/weak-label-chips-v1/train/negative/wl-tile-v1-03921-neg-es-pba-15469.png	weak_label_candidate_for_model_v1	512	512	downloaded	valid	512	512	RGB	621095	1		https://www.ign.es/wms-inspire/pnoa-ma?SERVICE=WMS&VERSION=1.1.1&REQUEST=GetMap&LAYERS=OI.OrthoimageCoverage&STYLES=&SRS=EPSG%3A4326&BBOX=-8.38695589%2C43.00455778%2C-8.38066637%2C43.00915714&WIDTH=512&HEIGHT=512&FORMAT=image%2Fpng&TRANSPARENT=false	2026-08-01T00:00:00Z
weak-chip-export-v1-00305	wl-tile-v1-03922	wl-neg-neg-es-pba-15470	neg-es-pba-15470	0	hard_negative	train	ES	A Medorra/Mámoa de Aldea de Abaixo 3	-8.381468147174358	43.006944883603026	-8.38461291,43.00464521,-8.37832338,43.00924456	512	ign_pnoa_rgb	https://www.ign.es/wms-inspire/pnoa-ma	OI.OrthoimageCoverage	data/external/weak-label-chips-v1/train/negative/wl-tile-v1-03922-neg-es-pba-15470.png	weak_label_candidate_for_model_v1	512	512	downloaded	valid	512	512	RGB	634391	1		https://www.ign.es/wms-inspire/pnoa-ma?SERVICE=WMS&VERSION=1.1.1&REQUEST=GetMap&LAYERS=OI.OrthoimageCoverage&STYLES=&SRS=EPSG%3A4326&BBOX=-8.38461291%2C43.00464521%2C-8.37832338%2C43.00924456&WIDTH=512&HEIGHT=512&FORMAT=image%2Fpng&TRANSPARENT=false	2026-08-01T00:00:00Z
weak-chip-export-v1-00306	wl-tile-v1-03923	wl-neg-neg-es-pba-15471	neg-es-pba-15471	0	hard_negative	train	ES	A Medorra/Mámoa de Aldea de Abaixo 4	-8.381072539910585	43.0074400799011	-8.38421733,43.00514040,-8.37792775,43.00973976	512	ign_pnoa_rgb	https://www.ign.es/wms-inspire/pnoa-ma	OI.OrthoimageCoverage	data/external/weak-label-chips-v1/train/negative/wl-tile-v1-03923-neg-es-pba-15471.png	weak_label_candidate_for_model_v1	512	512	downloaded	valid	512	512	RGB	634127	1		https://www.ign.es/wms-inspire/pnoa-ma?SERVICE=WMS&VERSION=1.1.1&REQUEST=GetMap&LAYERS=OI.OrthoimageCoverage&STYLES=&SRS=EPSG%3A4326&BBOX=-8.38421733%2C43.00514040%2C-8.37792775%2C43.00973976&WIDTH=512&HEIGHT=512&FORMAT=image%2Fpng&TRANSPARENT=false	2026-08-01T00:00:00Z
weak-chip-export-v1-00307	wl-tile-v1-05091	wl-neg-neg-es-pba-42396	neg-es-pba-42396	0	hard_negative	train	ES	A Medorriña/Medorra do Coto Redondo	-7.3093567216112145	42.938316501016985	-7.31249798,42.93601682,-7.30621546,42.94061618	512	ign_pnoa_rgb	https://www.ign.es/wms-inspire/pnoa-ma	OI.OrthoimageCoverage	data/external/weak-label-chips-v1/train/negative/wl-tile-v1-05091-neg-es-pba-42396.png	weak_label_candidate_for_model_v1	512	512	downloaded	valid	512	512	RGB	615703	1		https://www.ign.es/wms-inspire/pnoa-ma?SERVICE=WMS&VERSION=1.1.1&REQUEST=GetMap&LAYERS=OI.OrthoimageCoverage&STYLES=&SRS=EPSG%3A4326&BBOX=-7.31249798%2C42.93601682%2C-7.30621546%2C42.94061618&WIDTH=512&HEIGHT=512&FORMAT=image%2Fpng&TRANSPARENT=false	2026-08-01T00:00:00Z
weak-chip-export-v1-00308	wl-tile-v1-05007	wl-neg-neg-es-pba-38985	neg-es-pba-38985	0	hard_negative	train	ES	A Mina	-7.320155689361914	42.61852720024245	-7.32328077,42.61622752,-7.31703061,42.62082688	512	ign_pnoa_rgb	https://www.ign.es/wms-inspire/pnoa-ma	OI.OrthoimageCoverage	data/external/weak-label-chips-v1/train/negative/wl-tile-v1-05007-neg-es-pba-38985.png	weak_label_candidate_for_model_v1	512	512	downloaded	valid	512	512	RGB	680272	1		https://www.ign.es/wms-inspire/pnoa-ma?SERVICE=WMS&VERSION=1.1.1&REQUEST=GetMap&LAYERS=OI.OrthoimageCoverage&STYLES=&SRS=EPSG%3A4326&BBOX=-7.32328077%2C42.61622752%2C-7.31703061%2C42.62082688&WIDTH=512&HEIGHT=512&FORMAT=image%2Fpng&TRANSPARENT=false	2026-08-01T00:00:00Z
weak-chip-export-v1-00309	wl-tile-v1-07427	wl-neg-neg-es-pba-60601	neg-es-pba-60601	0	hard_negative	train	ES	A Mina dos Lameiros	-7.381245279387915	41.885282391943925	-7.38433424,41.88298272,-7.37815632,41.88758207	512	ign_pnoa_rgb	https://www.ign.es/wms-inspire/pnoa-ma	OI.OrthoimageCoverage	data/external/weak-label-chips-v1/train/negative/wl-tile-v1-07427-neg-es-pba-60601.png	weak_label_candidate_for_model_v1	512	512	downloaded	valid	512	512	RGB	706129	1		https://www.ign.es/wms-inspire/pnoa-ma?SERVICE=WMS&VERSION=1.1.1&REQUEST=GetMap&LAYERS=OI.OrthoimageCoverage&STYLES=&SRS=EPSG%3A4326&BBOX=-7.38433424%2C41.88298272%2C-7.37815632%2C41.88758207&WIDTH=512&HEIGHT=512&FORMAT=image%2Fpng&TRANSPARENT=false	2026-08-01T00:00:00Z
weak-chip-export-v1-00310	wl-tile-v1-06609	wl-neg-neg-es-pba-30140	neg-es-pba-30140	0	hard_negative	train	ES	A Modia	-7.8048696539652775	43.385036714180174	-7.80803397,43.38273704,-7.80170534,43.38733639	512	ign_pnoa_rgb	https://www.ign.es/wms-inspire/pnoa-ma	OI.OrthoimageCoverage	data/external/weak-label-chips-v1/train/negative/wl-tile-v1-06609-neg-es-pba-30140.png	weak_label_candidate_for_model_v1	512	512	downloaded	valid	512	512	RGB	639118	1		https://www.ign.es/wms-inspire/pnoa-ma?SERVICE=WMS&VERSION=1.1.1&REQUEST=GetMap&LAYERS=OI.OrthoimageCoverage&STYLES=&SRS=EPSG%3A4326&BBOX=-7.80803397%2C43.38273704%2C-7.80170534%2C43.38733639&WIDTH=512&HEIGHT=512&FORMAT=image%2Fpng&TRANSPARENT=false	2026-08-01T00:00:00Z
weak-chip-export-v1-00311	wl-tile-v1-06482	wl-neg-neg-es-pba-43240	neg-es-pba-43240	0	hard_negative	train	ES	A Modia de Gocendre	-7.599412903586951	43.33093092716578	-7.60257440,43.32863125,-7.59625141,43.33323060	512	ign_pnoa_rgb	https://www.ign.es/wms-inspire/pnoa-ma	OI.OrthoimageCoverage	data/external/weak-label-chips-v1/train/negative/wl-tile-v1-06482-neg-es-pba-43240.png	weak_label_candidate_for_model_v1	512	512	downloaded	valid	512	512	RGB	653183	1		https://www.ign.es/wms-inspire/pnoa-ma?SERVICE=WMS&VERSION=1.1.1&REQUEST=GetMap&LAYERS=OI.OrthoimageCoverage&STYLES=&SRS=EPSG%3A4326&BBOX=-7.60257440%2C43.32863125%2C-7.59625141%2C43.33323060&WIDTH=512&HEIGHT=512&FORMAT=image%2Fpng&TRANSPARENT=false	2026-08-01T00:00:00Z
weak-chip-export-v1-00312	wl-tile-v1-06610	wl-neg-neg-es-pba-30141	neg-es-pba-30141	0	hard_negative	train	ES	A Modia/Medoña da Zaipa	-7.841299341552326	43.36280027884706	-7.84446249,43.36050060,-7.83813619,43.36509996	512	ign_pnoa_rgb	https://www.ign.es/wms-inspire/pnoa-ma	OI.OrthoimageCoverage	data/external/weak-label-chips-v1/train/negative/wl-tile-v1-06610-neg-es-pba-30141.png	weak_label_candidate_for_model_v1	512	512	downloaded	valid	512	512	RGB	607022	1		https://www.ign.es/wms-inspire/pnoa-ma?SERVICE=WMS&VERSION=1.1.1&REQUEST=GetMap&LAYERS=OI.OrthoimageCoverage&STYLES=&SRS=EPSG%3A4326&BBOX=-7.84446249%2C43.36050060%2C-7.83813619%2C43.36509996&WIDTH=512&HEIGHT=512&FORMAT=image%2Fpng&TRANSPARENT=false	2026-08-01T00:00:00Z
weak-chip-export-v1-00313	wl-tile-v1-05008	wl-neg-neg-es-pba-38986	neg-es-pba-38986	0	hard_negative	train	ES	A Modorra	-7.440262635472765	42.573455835018066	-7.44338545,42.57115616,-7.43713982,42.57575551	512	ign_pnoa_rgb	https://www.ign.es/wms-inspire/pnoa-ma	OI.OrthoimageCoverage	data/external/weak-label-chips-v1/train/negative/wl-tile-v1-05008-neg-es-pba-38986.png	weak_label_candidate_for_model_v1	512	512	downloaded	valid	512	512	RGB	680694	1		https://www.ign.es/wms-inspire/pnoa-ma?SERVICE=WMS&VERSION=1.1.1&REQUEST=GetMap&LAYERS=OI.OrthoimageCoverage&STYLES=&SRS=EPSG%3A4326&BBOX=-7.44338545%2C42.57115616%2C-7.43713982%2C42.57575551&WIDTH=512&HEIGHT=512&FORMAT=image%2Fpng&TRANSPARENT=false	2026-08-01T00:00:00Z
weak-chip-export-v1-00314	wl-tile-v1-06046	wl-neg-neg-es-pba-37805	neg-es-pba-37805	0	hard_negative	train	ES	A Modorra Grande	-7.540654499440043	42.69985563562361	-7.54378367,42.69755596,-7.53752533,42.70215531	512	ign_pnoa_rgb	https://www.ign.es/wms-inspire/pnoa-ma	OI.OrthoimageCoverage	data/external/weak-label-chips-v1/train/negative/wl-tile-v1-06046-neg-es-pba-37805.png	weak_label_candidate_for_model_v1	512	512	downloaded	valid	512	512	RGB	517952	1		https://www.ign.es/wms-inspire/pnoa-ma?SERVICE=WMS&VERSION=1.1.1&REQUEST=GetMap&LAYERS=OI.OrthoimageCoverage&STYLES=&SRS=EPSG%3A4326&BBOX=-7.54378367%2C42.69755596%2C-7.53752533%2C42.70215531&WIDTH=512&HEIGHT=512&FORMAT=image%2Fpng&TRANSPARENT=false	2026-08-01T00:00:00Z
weak-chip-export-v1-00315	wl-tile-v1-06044	wl-neg-neg-es-pba-37803	neg-es-pba-37803	0	hard_negative	train	ES	A Modorra de Bacorelle	-7.601790707633342	42.7111007322669	-7.60492044,42.70880106,-7.59866097,42.71340041	512	ign_pnoa_rgb	https://www.ign.es/wms-inspire/pnoa-ma	OI.OrthoimageCoverage	data/external/weak-label-chips-v1/train/negative/wl-tile-v1-06044-neg-es-pba-37803.png	weak_label_candidate_for_model_v1	512	512	downloaded	valid	512	512	RGB	567647	1		https://www.ign.es/wms-inspire/pnoa-ma?SERVICE=WMS&VERSION=1.1.1&REQUEST=GetMap&LAYERS=OI.OrthoimageCoverage&STYLES=&SRS=EPSG%3A4326&BBOX=-7.60492044%2C42.70880106%2C-7.59866097%2C42.71340041&WIDTH=512&HEIGHT=512&FORMAT=image%2Fpng&TRANSPARENT=false	2026-08-01T00:00:00Z
weak-chip-export-v1-00316	wl-tile-v1-06316	wl-neg-neg-es-pba-42147	neg-es-pba-42147	0	hard_negative	train	ES	A Modorra do Cruceiro	-7.441420944737824	42.79887839122276	-7.44455512,42.79657871,-7.43828677,42.80117807	512	ign_pnoa_rgb	https://www.ign.es/wms-inspire/pnoa-ma	OI.OrthoimageCoverage	data/external/weak-label-chips-v1/train/negative/wl-tile-v1-06316-neg-es-pba-42147.png	weak_label_candidate_for_model_v1	512	512	downloaded	valid	512	512	RGB	637719	1		https://www.ign.es/wms-inspire/pnoa-ma?SERVICE=WMS&VERSION=1.1.1&REQUEST=GetMap&LAYERS=OI.OrthoimageCoverage&STYLES=&SRS=EPSG%3A4326&BBOX=-7.44455512%2C42.79657871%2C-7.43828677%2C42.80117807&WIDTH=512&HEIGHT=512&FORMAT=image%2Fpng&TRANSPARENT=false	2026-08-01T00:00:00Z
weak-chip-export-v1-00317	wl-tile-v1-06045	wl-neg-neg-es-pba-37804	neg-es-pba-37804	0	hard_negative	train	ES	A Modorra dos Chaos	-7.579851323183228	42.687454284480914	-7.58297987,42.68515461,-7.57672278,42.68975396	512	ign_pnoa_rgb	https://www.ign.es/wms-inspire/pnoa-ma	OI.OrthoimageCoverage	data/external/weak-label-chips-v1/train/negative/wl-tile-v1-06045-neg-es-pba-37804.png	weak_label_candidate_for_model_v1	512	512	downloaded	valid	512	512	RGB	579444	1		https://www.ign.es/wms-inspire/pnoa-ma?SERVICE=WMS&VERSION=1.1.1&REQUEST=GetMap&LAYERS=OI.OrthoimageCoverage&STYLES=&SRS=EPSG%3A4326&BBOX=-7.58297987%2C42.68515461%2C-7.57672278%2C42.68975396&WIDTH=512&HEIGHT=512&FORMAT=image%2Fpng&TRANSPARENT=false	2026-08-01T00:00:00Z
weak-chip-export-v1-00318	wl-tile-v1-07326	wl-neg-neg-es-pba-56894	neg-es-pba-56894	0	hard_negative	train	ES	A Muria/O Foio	-6.861414065154015	42.4597978660923	-6.86453121,42.45749819,-6.85829692,42.46209754	512	ign_pnoa_rgb	https://www.ign.es/wms-inspire/pnoa-ma	OI.OrthoimageCoverage	data/external/weak-label-chips-v1/train/negative/wl-tile-v1-07326-neg-es-pba-56894.png	weak_label_candidate_for_model_v1	512	512	downloaded	valid	512	512	RGB	627266	1		https://www.ign.es/wms-inspire/pnoa-ma?SERVICE=WMS&VERSION=1.1.1&REQUEST=GetMap&LAYERS=OI.OrthoimageCoverage&STYLES=&SRS=EPSG%3A4326&BBOX=-6.86453121%2C42.45749819%2C-6.85829692%2C42.46209754&WIDTH=512&HEIGHT=512&FORMAT=image%2Fpng&TRANSPARENT=false	2026-08-01T00:00:00Z
weak-chip-export-v1-00319	wl-tile-v1-03540	wl-neg-neg-es-pba-10048	neg-es-pba-10048	0	hard_negative	train	ES	A Mámoa	-9.272444809228988	42.945916983256	-9.27558646,42.94361731,-9.26930316,42.94821666	512	ign_pnoa_rgb	https://www.ign.es/wms-inspire/pnoa-ma	OI.OrthoimageCoverage	data/external/weak-label-chips-v1/train/negative/wl-tile-v1-03540-neg-es-pba-10048.png	weak_label_candidate_for_model_v1	512	512	downloaded	valid	512	512	RGB	672916	1		https://www.ign.es/wms-inspire/pnoa-ma?SERVICE=WMS&VERSION=1.1.1&REQUEST=GetMap&LAYERS=OI.OrthoimageCoverage&STYLES=&SRS=EPSG%3A4326&BBOX=-9.27558646%2C42.94361731%2C-9.26930316%2C42.94821666&WIDTH=512&HEIGHT=512&FORMAT=image%2Fpng&TRANSPARENT=false	2026-08-01T00:00:00Z
weak-chip-export-v1-00320	wl-tile-v1-09448	wl-neg-neg-es-pba-74608	neg-es-pba-74608	0	hard_negative	train	ES	A Mámoa 2	-8.206279175405781	42.80736352624449	-8.20941378,42.80506385,-8.20314457,42.80966320	512	ign_pnoa_rgb	https://www.ign.es/wms-inspire/pnoa-ma	OI.OrthoimageCoverage	data/external/weak-label-chips-v1/train/negative/wl-tile-v1-09448-neg-es-pba-74608.png	weak_label_candidate_for_model_v1	512	512	downloaded	valid	512	512	RGB	632678	1		https://www.ign.es/wms-inspire/pnoa-ma?SERVICE=WMS&VERSION=1.1.1&REQUEST=GetMap&LAYERS=OI.OrthoimageCoverage&STYLES=&SRS=EPSG%3A4326&BBOX=-8.20941378%2C42.80506385%2C-8.20314457%2C42.80966320&WIDTH=512&HEIGHT=512&FORMAT=image%2Fpng&TRANSPARENT=false	2026-08-01T00:00:00Z
weak-chip-export-v1-00321	wl-tile-v1-06043	wl-neg-neg-es-pba-37802	neg-es-pba-37802	0	hard_negative	train	ES	A Mámoa 3	-7.563634591053915	42.71108578472923	-7.56676433,42.70878611,-7.56050486,42.71338546	512	ign_pnoa_rgb	https://www.ign.es/wms-inspire/pnoa-ma	OI.OrthoimageCoverage	data/external/weak-label-chips-v1/train/negative/wl-tile-v1-06043-neg-es-pba-37802.png	weak_label_candidate_for_model_v1	512	512	downloaded	valid	512	512	RGB	598511	1		https://www.ign.es/wms-inspire/pnoa-ma?SERVICE=WMS&VERSION=1.1.1&REQUEST=GetMap&LAYERS=OI.OrthoimageCoverage&STYLES=&SRS=EPSG%3A4326&BBOX=-7.56676433%2C42.70878611%2C-7.56050486%2C42.71338546&WIDTH=512&HEIGHT=512&FORMAT=image%2Fpng&TRANSPARENT=false	2026-08-01T00:00:00Z
weak-chip-export-v1-00322	wl-tile-v1-07113	wl-neg-neg-es-pba-51258	neg-es-pba-51258	0	hard_negative	train	ES	A Mámoa de Calvelo	-7.666865436685294	42.27899941803333	-7.66997362,42.27669974,-7.66375725,42.28129909	512	ign_pnoa_rgb	https://www.ign.es/wms-inspire/pnoa-ma	OI.OrthoimageCoverage	data/external/weak-label-chips-v1/train/negative/wl-tile-v1-07113-neg-es-pba-51258.png	weak_label_candidate_for_model_v1	512	512	downloaded	valid	512	512	RGB	657781	1		https://www.ign.es/wms-inspire/pnoa-ma?SERVICE=WMS&VERSION=1.1.1&REQUEST=GetMap&LAYERS=OI.OrthoimageCoverage&STYLES=&SRS=EPSG%3A4326&BBOX=-7.66997362%2C42.27669974%2C-7.66375725%2C42.28129909&WIDTH=512&HEIGHT=512&FORMAT=image%2Fpng&TRANSPARENT=false	2026-08-01T00:00:00Z
weak-chip-export-v1-00323	wl-tile-v1-03026	wl-neg-neg-es-pba-884	neg-es-pba-884	0	hard_negative	train	ES	A Mámoa de Costa da Vide	-7.949744218264893	43.24046929168263	-7.95290101,43.23816962,-7.94658742,43.24276897	512	ign_pnoa_rgb	https://www.ign.es/wms-inspire/pnoa-ma	OI.OrthoimageCoverage	data/external/weak-label-chips-v1/train/negative/wl-tile-v1-03026-neg-es-pba-884.png	weak_label_candidate_for_model_v1	512	512	downloaded	valid	512	512	RGB	546616	1		https://www.ign.es/wms-inspire/pnoa-ma?SERVICE=WMS&VERSION=1.1.1&REQUEST=GetMap&LAYERS=OI.OrthoimageCoverage&STYLES=&SRS=EPSG%3A4326&BBOX=-7.95290101%2C43.23816962%2C-7.94658742%2C43.24276897&WIDTH=512&HEIGHT=512&FORMAT=image%2Fpng&TRANSPARENT=false	2026-08-01T00:00:00Z
weak-chip-export-v1-00324	wl-tile-v1-03027	wl-neg-neg-es-pba-885	neg-es-pba-885	0	hard_negative	train	ES	A Mámoa de Ferreiros	-8.037689991191234	43.1863610980636	-8.04084399,43.18406142,-8.03453600,43.18866077	512	ign_pnoa_rgb	https://www.ign.es/wms-inspire/pnoa-ma	OI.OrthoimageCoverage	data/external/weak-label-chips-v1/train/negative/wl-tile-v1-03027-neg-es-pba-885.png	weak_label_candidate_for_model_v1	512	512	downloaded	valid	512	512	RGB	650847	1		https://www.ign.es/wms-inspire/pnoa-ma?SERVICE=WMS&VERSION=1.1.1&REQUEST=GetMap&LAYERS=OI.OrthoimageCoverage&STYLES=&SRS=EPSG%3A4326&BBOX=-8.04084399%2C43.18406142%2C-8.03453600%2C43.18866077&WIDTH=512&HEIGHT=512&FORMAT=image%2Fpng&TRANSPARENT=false	2026-08-01T00:00:00Z
weak-chip-export-v1-00325	wl-tile-v1-03028	wl-neg-neg-es-pba-886	neg-es-pba-886	0	hard_negative	train	ES	A Mámoa de Vilarraso	-8.044049074612847	43.16496374081521	-8.04720196,43.16266406,-8.04089619,43.16726342	512	ign_pnoa_rgb	https://www.ign.es/wms-inspire/pnoa-ma	OI.OrthoimageCoverage	data/external/weak-label-chips-v1/train/negative/wl-tile-v1-03028-neg-es-pba-886.png	weak_label_candidate_for_model_v1	512	512	downloaded	valid	512	512	RGB	664828	1		https://www.ign.es/wms-inspire/pnoa-ma?SERVICE=WMS&VERSION=1.1.1&REQUEST=GetMap&LAYERS=OI.OrthoimageCoverage&STYLES=&SRS=EPSG%3A4326&BBOX=-8.04720196%2C43.16266406%2C-8.04089619%2C43.16726342&WIDTH=512&HEIGHT=512&FORMAT=image%2Fpng&TRANSPARENT=false	2026-08-01T00:00:00Z
weak-chip-export-v1-00326	wl-tile-v1-03029	wl-neg-neg-es-pba-887	neg-es-pba-887	0	hard_negative	train	ES	A Mámoa do Marco de Buño	-7.9453456166877166	43.21590614559123	-7.94850114,43.21360647,-7.94219009,43.21820582	512	ign_pnoa_rgb	https://www.ign.es/wms-inspire/pnoa-ma	OI.OrthoimageCoverage	data/external/weak-label-chips-v1/train/negative/wl-tile-v1-03029-neg-es-pba-887.png	weak_label_candidate_for_model_v1	512	512	downloaded	valid	512	512	RGB	683376	1		https://www.ign.es/wms-inspire/pnoa-ma?SERVICE=WMS&VERSION=1.1.1&REQUEST=GetMap&LAYERS=OI.OrthoimageCoverage&STYLES=&SRS=EPSG%3A4326&BBOX=-7.94850114%2C43.21360647%2C-7.94219009%2C43.21820582&WIDTH=512&HEIGHT=512&FORMAT=image%2Fpng&TRANSPARENT=false	2026-08-01T00:00:00Z
weak-chip-export-v1-00327	wl-tile-v1-03030	wl-neg-neg-es-pba-888	neg-es-pba-888	0	hard_negative	train	ES	A Mámoa do Monte dos Croios Brancos	-7.996989556486856	43.206802364353365	-8.00014461,43.20450269,-7.99383451,43.20910204	512	ign_pnoa_rgb	https://www.ign.es/wms-inspire/pnoa-ma	OI.OrthoimageCoverage	data/external/weak-label-chips-v1/train/negative/wl-tile-v1-03030-neg-es-pba-888.png	weak_label_candidate_for_model_v1	512	512	downloaded	valid	512	512	RGB	675067	1		https://www.ign.es/wms-inspire/pnoa-ma?SERVICE=WMS&VERSION=1.1.1&REQUEST=GetMap&LAYERS=OI.OrthoimageCoverage&STYLES=&SRS=EPSG%3A4326&BBOX=-8.00014461%2C43.20450269%2C-7.99383451%2C43.20910204&WIDTH=512&HEIGHT=512&FORMAT=image%2Fpng&TRANSPARENT=false	2026-08-01T00:00:00Z
weak-chip-export-v1-00328	wl-tile-v1-03031	wl-neg-neg-es-pba-889	neg-es-pba-889	0	hard_negative	train	ES	A Mámoa do Pousadoiro	-7.999584897637297	43.20621801889637	-8.00273992,43.20391834,-7.99642988,43.20851770	512	ign_pnoa_rgb	https://www.ign.es/wms-inspire/pnoa-ma	OI.OrthoimageCoverage	data/external/weak-label-chips-v1/train/negative/wl-tile-v1-03031-neg-es-pba-889.png	weak_label_candidate_for_model_v1	512	512	downloaded	valid	512	512	RGB	667753	1		https://www.ign.es/wms-inspire/pnoa-ma?SERVICE=WMS&VERSION=1.1.1&REQUEST=GetMap&LAYERS=OI.OrthoimageCoverage&STYLES=&SRS=EPSG%3A4326&BBOX=-8.00273992%2C43.20391834%2C-7.99642988%2C43.20851770&WIDTH=512&HEIGHT=512&FORMAT=image%2Fpng&TRANSPARENT=false	2026-08-01T00:00:00Z
weak-chip-export-v1-00329	wl-tile-v1-03032	wl-neg-neg-es-pba-890	neg-es-pba-890	0	hard_negative	train	ES	A Mámoa/A Medoña	-7.996405853156243	43.20673568811981	-7.99956090,43.20443601,-7.99325081,43.20903536	512	ign_pnoa_rgb	https://www.ign.es/wms-inspire/pnoa-ma	OI.OrthoimageCoverage	data/external/weak-label-chips-v1/train/negative/wl-tile-v1-03032-neg-es-pba-890.png	weak_label_candidate_for_model_v1	512	512	downloaded	valid	512	512	RGB	671209	1		https://www.ign.es/wms-inspire/pnoa-ma?SERVICE=WMS&VERSION=1.1.1&REQUEST=GetMap&LAYERS=OI.OrthoimageCoverage&STYLES=&SRS=EPSG%3A4326&BBOX=-7.99956090%2C43.20443601%2C-7.99325081%2C43.20903536&WIDTH=512&HEIGHT=512&FORMAT=image%2Fpng&TRANSPARENT=false	2026-08-01T00:00:00Z
weak-chip-export-v1-00330	wl-tile-v1-07327	wl-neg-neg-es-pba-56895	neg-es-pba-56895	0	hard_negative	train	ES	A Pala I	-6.916457995358127	42.47187500028873	-6.91957574,42.46957532,-6.91334025,42.47417468	512	ign_pnoa_rgb	https://www.ign.es/wms-inspire/pnoa-ma	OI.OrthoimageCoverage	data/external/weak-label-chips-v1/train/negative/wl-tile-v1-07327-neg-es-pba-56895.png	weak_label_candidate_for_model_v1	512	512	downloaded	valid	512	512	RGB	663676	1		https://www.ign.es/wms-inspire/pnoa-ma?SERVICE=WMS&VERSION=1.1.1&REQUEST=GetMap&LAYERS=OI.OrthoimageCoverage&STYLES=&SRS=EPSG%3A4326&BBOX=-6.91957574%2C42.46957532%2C-6.91334025%2C42.47417468&WIDTH=512&HEIGHT=512&FORMAT=image%2Fpng&TRANSPARENT=false	2026-08-01T00:00:00Z
weak-chip-export-v1-00331	wl-tile-v1-07328	wl-neg-neg-es-pba-56896	neg-es-pba-56896	0	hard_negative	train	ES	A Pala I	-6.918151044233858	42.472967630134804	-6.92126884,42.47066795,-6.91503324,42.47526731	512	ign_pnoa_rgb	https://www.ign.es/wms-inspire/pnoa-ma	OI.OrthoimageCoverage	data/external/weak-label-chips-v1/train/negative/wl-tile-v1-07328-neg-es-pba-56896.png	weak_label_candidate_for_model_v1	512	512	downloaded	valid	512	512	RGB	647918	1		https://www.ign.es/wms-inspire/pnoa-ma?SERVICE=WMS&VERSION=1.1.1&REQUEST=GetMap&LAYERS=OI.OrthoimageCoverage&STYLES=&SRS=EPSG%3A4326&BBOX=-6.92126884%2C42.47066795%2C-6.91503324%2C42.47526731&WIDTH=512&HEIGHT=512&FORMAT=image%2Fpng&TRANSPARENT=false	2026-08-01T00:00:00Z
weak-chip-export-v1-00332	wl-tile-v1-07329	wl-neg-neg-es-pba-56897	neg-es-pba-56897	0	hard_negative	train	ES	A Pala I	-6.917869680994709	42.467905293304405	-6.92098723,42.46560562,-6.91475213,42.47020497	512	ign_pnoa_rgb	https://www.ign.es/wms-inspire/pnoa-ma	OI.OrthoimageCoverage	data/external/weak-label-chips-v1/train/negative/wl-tile-v1-07329-neg-es-pba-56897.png	weak_label_candidate_for_model_v1	512	512	downloaded	valid	512	512	RGB	622332	1		https://www.ign.es/wms-inspire/pnoa-ma?SERVICE=WMS&VERSION=1.1.1&REQUEST=GetMap&LAYERS=OI.OrthoimageCoverage&STYLES=&SRS=EPSG%3A4326&BBOX=-6.92098723%2C42.46560562%2C-6.91475213%2C42.47020497&WIDTH=512&HEIGHT=512&FORMAT=image%2Fpng&TRANSPARENT=false	2026-08-01T00:00:00Z
weak-chip-export-v1-00333	wl-tile-v1-07330	wl-neg-neg-es-pba-56923	neg-es-pba-56923	0	hard_negative	train	ES	A Pala I	-6.918665564046672	42.47020000501773	-6.92178323,42.46790033,-6.91554790,42.47249968	512	ign_pnoa_rgb	https://www.ign.es/wms-inspire/pnoa-ma	OI.OrthoimageCoverage	data/external/weak-label-chips-v1/train/negative/wl-tile-v1-07330-neg-es-pba-56923.png	weak_label_candidate_for_model_v1	512	512	downloaded	valid	512	512	RGB	615129	1		https://www.ign.es/wms-inspire/pnoa-ma?SERVICE=WMS&VERSION=1.1.1&REQUEST=GetMap&LAYERS=OI.OrthoimageCoverage&STYLES=&SRS=EPSG%3A4326&BBOX=-6.92178323%2C42.46790033%2C-6.91554790%2C42.47249968&WIDTH=512&HEIGHT=512&FORMAT=image%2Fpng&TRANSPARENT=false	2026-08-01T00:00:00Z
weak-chip-export-v1-00334	wl-tile-v1-07331	wl-neg-neg-es-pba-56924	neg-es-pba-56924	0	hard_negative	train	ES	A Pala II	-6.91731733851229	42.47392953870615	-6.92043519,42.47162986,-6.91419949,42.47622922	512	ign_pnoa_rgb	https://www.ign.es/wms-inspire/pnoa-ma	OI.OrthoimageCoverage	data/external/weak-label-chips-v1/train/negative/wl-tile-v1-07331-neg-es-pba-56924.png	weak_label_candidate_for_model_v1	512	512	downloaded	valid	512	512	RGB	672263	1		https://www.ign.es/wms-inspire/pnoa-ma?SERVICE=WMS&VERSION=1.1.1&REQUEST=GetMap&LAYERS=OI.OrthoimageCoverage&STYLES=&SRS=EPSG%3A4326&BBOX=-6.92043519%2C42.47162986%2C-6.91419949%2C42.47622922&WIDTH=512&HEIGHT=512&FORMAT=image%2Fpng&TRANSPARENT=false	2026-08-01T00:00:00Z
weak-chip-export-v1-00335	wl-tile-v1-07332	wl-neg-neg-es-pba-56925	neg-es-pba-56925	0	hard_negative	train	ES	A Pala II	-6.9168546021579465	42.474519027663106	-6.91997248,42.47221935,-6.91373673,42.47681870	512	ign_pnoa_rgb	https://www.ign.es/wms-inspire/pnoa-ma	OI.OrthoimageCoverage	data/external/weak-label-chips-v1/train/negative/wl-tile-v1-07332-neg-es-pba-56925.png	weak_label_candidate_for_model_v1	512	512	downloaded	valid	512	512	RGB	679540	1		https://www.ign.es/wms-inspire/pnoa-ma?SERVICE=WMS&VERSION=1.1.1&REQUEST=GetMap&LAYERS=OI.OrthoimageCoverage&STYLES=&SRS=EPSG%3A4326&BBOX=-6.91997248%2C42.47221935%2C-6.91373673%2C42.47681870&WIDTH=512&HEIGHT=512&FORMAT=image%2Fpng&TRANSPARENT=false	2026-08-01T00:00:00Z
weak-chip-export-v1-00336	wl-tile-v1-07333	wl-neg-neg-es-pba-56926	neg-es-pba-56926	0	hard_negative	train	ES	A Pala II	-6.916370629855317	42.475844706752845	-6.91948857,42.47354503,-6.91325269,42.47814438	512	ign_pnoa_rgb	https://www.ign.es/wms-inspire/pnoa-ma	OI.OrthoimageCoverage	data/external/weak-label-chips-v1/train/negative/wl-tile-v1-07333-neg-es-pba-56926.png	weak_label_candidate_for_model_v1	512	512	downloaded	valid	512	512	RGB	689975	1		https://www.ign.es/wms-inspire/pnoa-ma?SERVICE=WMS&VERSION=1.1.1&REQUEST=GetMap&LAYERS=OI.OrthoimageCoverage&STYLES=&SRS=EPSG%3A4326&BBOX=-6.91948857%2C42.47354503%2C-6.91325269%2C42.47814438&WIDTH=512&HEIGHT=512&FORMAT=image%2Fpng&TRANSPARENT=false	2026-08-01T00:00:00Z
weak-chip-export-v1-00337	wl-tile-v1-06262	wl-neg-neg-es-pba-40686	neg-es-pba-40686	0	hard_negative	train	ES	A Pedra Chantada	-7.228008821431058	43.18010872707576	-7.23116249,43.17780905,-7.22485515,43.18240840	512	ign_pnoa_rgb	https://www.ign.es/wms-inspire/pnoa-ma	OI.OrthoimageCoverage	data/external/weak-label-chips-v1/train/negative/wl-tile-v1-06262-neg-es-pba-40686.png	weak_label_candidate_for_model_v1	512	512	downloaded	valid	512	512	RGB	646926	1		https://www.ign.es/wms-inspire/pnoa-ma?SERVICE=WMS&VERSION=1.1.1&REQUEST=GetMap&LAYERS=OI.OrthoimageCoverage&STYLES=&SRS=EPSG%3A4326&BBOX=-7.23116249%2C43.17780905%2C-7.22485515%2C43.18240840&WIDTH=512&HEIGHT=512&FORMAT=image%2Fpng&TRANSPARENT=false	2026-08-01T00:00:00Z
weak-chip-export-v1-00338	wl-tile-v1-05315	wl-neg-neg-es-pba-29114	neg-es-pba-29114	0	hard_negative	train	ES	A Torre do Braña/As Torres	-7.601237361797503	43.23094311640322	-7.60439366,43.22864344,-7.59808106,43.23324279	512	ign_pnoa_rgb	https://www.ign.es/wms-inspire/pnoa-ma	OI.OrthoimageCoverage	data/external/weak-label-chips-v1/train/negative/wl-tile-v1-05315-neg-es-pba-29114.png	weak_label_candidate_for_model_v1	512	512	downloaded	valid	512	512	RGB	665162	1		https://www.ign.es/wms-inspire/pnoa-ma?SERVICE=WMS&VERSION=1.1.1&REQUEST=GetMap&LAYERS=OI.OrthoimageCoverage&STYLES=&SRS=EPSG%3A4326&BBOX=-7.60439366%2C43.22864344%2C-7.59808106%2C43.23324279&WIDTH=512&HEIGHT=512&FORMAT=image%2Fpng&TRANSPARENT=false	2026-08-01T00:00:00Z
weak-chip-export-v1-00339	wl-tile-v1-06611	wl-neg-neg-es-pba-30142	neg-es-pba-30142	0	hard_negative	train	ES	Abrigo Curaceiro 1	-7.758504415907386	43.3561247789937	-7.76166722,43.35382510,-7.75534161,43.35842446	512	ign_pnoa_rgb	https://www.ign.es/wms-inspire/pnoa-ma	OI.OrthoimageCoverage	data/external/weak-label-chips-v1/train/negative/wl-tile-v1-06611-neg-es-pba-30142.png	weak_label_candidate_for_model_v1	512	512	downloaded	valid	512	512	RGB	665462	1		https://www.ign.es/wms-inspire/pnoa-ma?SERVICE=WMS&VERSION=1.1.1&REQUEST=GetMap&LAYERS=OI.OrthoimageCoverage&STYLES=&SRS=EPSG%3A4326&BBOX=-7.76166722%2C43.35382510%2C-7.75534161%2C43.35842446&WIDTH=512&HEIGHT=512&FORMAT=image%2Fpng&TRANSPARENT=false	2026-08-01T00:00:00Z
weak-chip-export-v1-00340	wl-tile-v1-05678	wl-neg-neg-es-pba-34130	neg-es-pba-34130	0	hard_negative	train	ES	Abrigo da Pena da Capela	-7.415554428539958	43.48511770836331	-7.41872398,43.48281803,-7.41238488,43.48741738	512	ign_pnoa_rgb	https://www.ign.es/wms-inspire/pnoa-ma	OI.OrthoimageCoverage	data/external/weak-label-chips-v1/train/negative/wl-tile-v1-05678-neg-es-pba-34130.png	weak_label_candidate_for_model_v1	512	512	downloaded	valid	512	512	RGB	678069	1		https://www.ign.es/wms-inspire/pnoa-ma?SERVICE=WMS&VERSION=1.1.1&REQUEST=GetMap&LAYERS=OI.OrthoimageCoverage&STYLES=&SRS=EPSG%3A4326&BBOX=-7.41872398%2C43.48281803%2C-7.41238488%2C43.48741738&WIDTH=512&HEIGHT=512&FORMAT=image%2Fpng&TRANSPARENT=false	2026-08-01T00:00:00Z
weak-chip-export-v1-00341	wl-tile-v1-06483	wl-neg-neg-es-pba-43242	neg-es-pba-43242	0	hard_negative	train	ES	Abrigo de Dos Niñas	-7.747343021496296	43.345670251923785	-7.75050528,43.34337058,-7.74418076,43.34796993	512	ign_pnoa_rgb	https://www.ign.es/wms-inspire/pnoa-ma	OI.OrthoimageCoverage	data/external/weak-label-chips-v1/train/negative/wl-tile-v1-06483-neg-es-pba-43242.png	weak_label_candidate_for_model_v1	512	512	downloaded	valid	512	512	RGB	682893	1		https://www.ign.es/wms-inspire/pnoa-ma?SERVICE=WMS&VERSION=1.1.1&REQUEST=GetMap&LAYERS=OI.OrthoimageCoverage&STYLES=&SRS=EPSG%3A4326&BBOX=-7.75050528%2C43.34337058%2C-7.74418076%2C43.34796993&WIDTH=512&HEIGHT=512&FORMAT=image%2Fpng&TRANSPARENT=false	2026-08-01T00:00:00Z
weak-chip-export-v1-00342	wl-tile-v1-06047	wl-neg-neg-es-pba-37807	neg-es-pba-37807	0	hard_negative	train	ES	Abrigo de Monte Agudo	-7.6314367547556605	42.76019933951132	-7.63456897,42.75789966,-7.62830454,42.76249902	512	ign_pnoa_rgb	https://www.ign.es/wms-inspire/pnoa-ma	OI.OrthoimageCoverage	data/external/weak-label-chips-v1/train/negative/wl-tile-v1-06047-neg-es-pba-37807.png	weak_label_candidate_for_model_v1	512	512	downloaded	valid	512	512	RGB	625784	1		https://www.ign.es/wms-inspire/pnoa-ma?SERVICE=WMS&VERSION=1.1.1&REQUEST=GetMap&LAYERS=OI.OrthoimageCoverage&STYLES=&SRS=EPSG%3A4326&BBOX=-7.63456897%2C42.75789966%2C-7.62830454%2C42.76249902&WIDTH=512&HEIGHT=512&FORMAT=image%2Fpng&TRANSPARENT=false	2026-08-01T00:00:00Z
weak-chip-export-v1-00343	wl-tile-v1-05679	wl-neg-neg-es-pba-34131	neg-es-pba-34131	0	hard_negative	train	ES	Abrigo de Monte Lourido	-7.3520042244991455	43.477176548065756	-7.35517336,43.47487687,-7.34883509,43.47947622	512	ign_pnoa_rgb	https://www.ign.es/wms-inspire/pnoa-ma	OI.OrthoimageCoverage	data/external/weak-label-chips-v1/train/negative/wl-tile-v1-05679-neg-es-pba-34131.png	weak_label_candidate_for_model_v1	512	512	downloaded	valid	512	512	RGB	641054	1		https://www.ign.es/wms-inspire/pnoa-ma?SERVICE=WMS&VERSION=1.1.1&REQUEST=GetMap&LAYERS=OI.OrthoimageCoverage&STYLES=&SRS=EPSG%3A4326&BBOX=-7.35517336%2C43.47487687%2C-7.34883509%2C43.47947622&WIDTH=512&HEIGHT=512&FORMAT=image%2Fpng&TRANSPARENT=false	2026-08-01T00:00:00Z
weak-chip-export-v1-00344	wl-tile-v1-06317	wl-neg-neg-es-pba-42148	neg-es-pba-42148	0	hard_negative	train	ES	Abrigo de Pena Moura	-7.482179125698201	42.7712500802807	-7.48531190,42.76895040,-7.47904635,42.77354976	512	ign_pnoa_rgb	https://www.ign.es/wms-inspire/pnoa-ma	OI.OrthoimageCoverage	data/external/weak-label-chips-v1/train/negative/wl-tile-v1-06317-neg-es-pba-42148.png	weak_label_candidate_for_model_v1	512	512	downloaded	valid	512	512	RGB	606011	1		https://www.ign.es/wms-inspire/pnoa-ma?SERVICE=WMS&VERSION=1.1.1&REQUEST=GetMap&LAYERS=OI.OrthoimageCoverage&STYLES=&SRS=EPSG%3A4326&BBOX=-7.48531190%2C42.76895040%2C-7.47904635%2C42.77354976&WIDTH=512&HEIGHT=512&FORMAT=image%2Fpng&TRANSPARENT=false	2026-08-01T00:00:00Z
weak-chip-export-v1-00345	wl-tile-v1-09350	wl-neg-neg-es-pba-70706	neg-es-pba-70706	0	hard_negative	train	ES	Achado de Areeiro	-8.722171895021642	42.0504364142663	-8.72526887,42.04813674,-8.71907492,42.05273609	512	ign_pnoa_rgb	https://www.ign.es/wms-inspire/pnoa-ma	OI.OrthoimageCoverage	data/external/weak-label-chips-v1/train/negative/wl-tile-v1-09350-neg-es-pba-70706.png	weak_label_candidate_for_model_v1	512	512	downloaded	valid	512	512	RGB	629870	1		https://www.ign.es/wms-inspire/pnoa-ma?SERVICE=WMS&VERSION=1.1.1&REQUEST=GetMap&LAYERS=OI.OrthoimageCoverage&STYLES=&SRS=EPSG%3A4326&BBOX=-8.72526887%2C42.04813674%2C-8.71907492%2C42.05273609&WIDTH=512&HEIGHT=512&FORMAT=image%2Fpng&TRANSPARENT=false	2026-08-01T00:00:00Z
weak-chip-export-v1-00346	wl-tile-v1-05062	wl-neg-neg-es-pba-26911	neg-es-pba-26911	0	hard_negative	train	ES	Agro da Mámoa/Mámoa de Árbol	-7.92667104277919	42.79709272749216	-7.92980512,42.79479305,-7.92353696,42.79939240	512	ign_pnoa_rgb	https://www.ign.es/wms-inspire/pnoa-ma	OI.OrthoimageCoverage	data/external/weak-label-chips-v1/train/negative/wl-tile-v1-05062-neg-es-pba-26911.png	weak_label_candidate_for_model_v1	512	512	downloaded	valid	512	512	RGB	657529	1		https://www.ign.es/wms-inspire/pnoa-ma?SERVICE=WMS&VERSION=1.1.1&REQUEST=GetMap&LAYERS=OI.OrthoimageCoverage&STYLES=&SRS=EPSG%3A4326&BBOX=-7.92980512%2C42.79479305%2C-7.92353696%2C42.79939240&WIDTH=512&HEIGHT=512&FORMAT=image%2Fpng&TRANSPARENT=false	2026-08-01T00:00:00Z
weak-chip-export-v1-00347	wl-tile-v1-07433	wl-neg-neg-es-pba-65159	neg-es-pba-65159	0	hard_negative	train	ES	Aloque/Almarra/Bouziña de Moledo	-8.86137360857704	41.89181467810417	-8.86446288,41.88951500,-8.85828434,41.89411435	512	ign_pnoa_rgb	https://www.ign.es/wms-inspire/pnoa-ma	OI.OrthoimageCoverage	data/external/weak-label-chips-v1/train/negative/wl-tile-v1-07433-neg-es-pba-65159.png	weak_label_candidate_for_model_v1	512	512	downloaded	valid	512	512	RGB	633679	1		https://www.ign.es/wms-inspire/pnoa-ma?SERVICE=WMS&VERSION=1.1.1&REQUEST=GetMap&LAYERS=OI.OrthoimageCoverage&STYLES=&SRS=EPSG%3A4326&BBOX=-8.86446288%2C41.88951500%2C-8.85828434%2C41.89411435&WIDTH=512&HEIGHT=512&FORMAT=image%2Fpng&TRANSPARENT=false	2026-08-01T00:00:00Z
weak-chip-export-v1-00348	wl-tile-v1-06066	wl-neg-neg-es-pba-36986	neg-es-pba-36986	0	hard_negative	train	ES	Alto da Medorra	-7.041514435054616	42.67860572857855	-7.04464253,42.67630605,-7.03838634,42.68090541	512	ign_pnoa_rgb	https://www.ign.es/wms-inspire/pnoa-ma	OI.OrthoimageCoverage	data/external/weak-label-chips-v1/train/negative/wl-tile-v1-06066-neg-es-pba-36986.png	weak_label_candidate_for_model_v1	512	512	downloaded	valid	512	512	RGB	666182	1		https://www.ign.es/wms-inspire/pnoa-ma?SERVICE=WMS&VERSION=1.1.1&REQUEST=GetMap&LAYERS=OI.OrthoimageCoverage&STYLES=&SRS=EPSG%3A4326&BBOX=-7.04464253%2C42.67630605%2C-7.03838634%2C42.68090541&WIDTH=512&HEIGHT=512&FORMAT=image%2Fpng&TRANSPARENT=false	2026-08-01T00:00:00Z
weak-chip-export-v1-00349	wl-tile-v1-08724	wl-neg-neg-es-pba-68165	neg-es-pba-68165	0	hard_negative	train	ES	Anta do Meixueiro/Anta de Meixoeiro	-8.667328067073248	42.178457317271715	-8.67043131,42.17615764,-8.66422483,42.18075699	512	ign_pnoa_rgb	https://www.ign.es/wms-inspire/pnoa-ma	OI.OrthoimageCoverage	data/external/weak-label-chips-v1/train/negative/wl-tile-v1-08724-neg-es-pba-68165.png	weak_label_candidate_for_model_v1	512	512	downloaded	valid	512	512	RGB	684388	1		https://www.ign.es/wms-inspire/pnoa-ma?SERVICE=WMS&VERSION=1.1.1&REQUEST=GetMap&LAYERS=OI.OrthoimageCoverage&STYLES=&SRS=EPSG%3A4326&BBOX=-8.67043131%2C42.17615764%2C-8.66422483%2C42.18075699&WIDTH=512&HEIGHT=512&FORMAT=image%2Fpng&TRANSPARENT=false	2026-08-01T00:00:00Z
weak-chip-export-v1-00350	wl-tile-v1-09423	wl-neg-neg-es-pba-73288	neg-es-pba-73288	0	hard_negative	train	ES	Ara votiva de San Mamede de Martores	-8.615426840059728	42.68966556716766	-8.61855549,42.68736589,-8.61229819,42.69196524	512	ign_pnoa_rgb	https://www.ign.es/wms-inspire/pnoa-ma	OI.OrthoimageCoverage	data/external/weak-label-chips-v1/train/negative/wl-tile-v1-09423-neg-es-pba-73288.png	weak_label_candidate_for_model_v1	512	512	downloaded	valid	512	512	RGB	675623	1		https://www.ign.es/wms-inspire/pnoa-ma?SERVICE=WMS&VERSION=1.1.1&REQUEST=GetMap&LAYERS=OI.OrthoimageCoverage&STYLES=&SRS=EPSG%3A4326&BBOX=-8.61855549%2C42.68736589%2C-8.61229819%2C42.69196524&WIDTH=512&HEIGHT=512&FORMAT=image%2Fpng&TRANSPARENT=false	2026-08-01T00:00:00Z
weak-chip-export-v1-00351	wl-tile-v1-07114	wl-neg-neg-es-pba-51261	neg-es-pba-51261	0	hard_negative	train	ES	As Cerdeiras	-7.645405180978274	42.25591828979778	-7.64851223,42.25361861,-7.64229813,42.25821797	512	ign_pnoa_rgb	https://www.ign.es/wms-inspire/pnoa-ma	OI.OrthoimageCoverage	data/external/weak-label-chips-v1/train/negative/wl-tile-v1-07114-neg-es-pba-51261.png	weak_label_candidate_for_model_v1	512	512	downloaded	valid	512	512	RGB	645485	1		https://www.ign.es/wms-inspire/pnoa-ma?SERVICE=WMS&VERSION=1.1.1&REQUEST=GetMap&LAYERS=OI.OrthoimageCoverage&STYLES=&SRS=EPSG%3A4326&BBOX=-7.64851223%2C42.25361861%2C-7.64229813%2C42.25821797&WIDTH=512&HEIGHT=512&FORMAT=image%2Fpng&TRANSPARENT=false	2026-08-01T00:00:00Z
weak-chip-export-v1-00352	wl-tile-v1-07334	wl-neg-neg-es-pba-56959	neg-es-pba-56959	0	hard_negative	train	ES	As Cheices	-6.8269838147602355	42.44175768033532	-6.83010006,42.43945800,-6.82386757,42.44405736	512	ign_pnoa_rgb	https://www.ign.es/wms-inspire/pnoa-ma	OI.OrthoimageCoverage	data/external/weak-label-chips-v1/train/negative/wl-tile-v1-07334-neg-es-pba-56959.png	weak_label_candidate_for_model_v1	512	512	downloaded	valid	512	512	RGB	672265	1		https://www.ign.es/wms-inspire/pnoa-ma?SERVICE=WMS&VERSION=1.1.1&REQUEST=GetMap&LAYERS=OI.OrthoimageCoverage&STYLES=&SRS=EPSG%3A4326&BBOX=-6.83010006%2C42.43945800%2C-6.82386757%2C42.44405736&WIDTH=512&HEIGHT=512&FORMAT=image%2Fpng&TRANSPARENT=false	2026-08-01T00:00:00Z
weak-chip-export-v1-00353	wl-tile-v1-07335	wl-neg-neg-es-pba-56960	neg-es-pba-56960	0	hard_negative	train	ES	As Cheices	-6.828002369007703	42.44037920585703	-6.83111855,42.43807953,-6.82488619,42.44267888	512	ign_pnoa_rgb	https://www.ign.es/wms-inspire/pnoa-ma	OI.OrthoimageCoverage	data/external/weak-label-chips-v1/train/negative/wl-tile-v1-07335-neg-es-pba-56960.png	weak_label_candidate_for_model_v1	512	512	downloaded	valid	512	512	RGB	678099	1		https://www.ign.es/wms-inspire/pnoa-ma?SERVICE=WMS&VERSION=1.1.1&REQUEST=GetMap&LAYERS=OI.OrthoimageCoverage&STYLES=&SRS=EPSG%3A4326&BBOX=-6.83111855%2C42.43807953%2C-6.82488619%2C42.44267888&WIDTH=512&HEIGHT=512&FORMAT=image%2Fpng&TRANSPARENT=false	2026-08-01T00:00:00Z
weak-chip-export-v1-00354	wl-tile-v1-07336	wl-neg-neg-es-pba-56961	neg-es-pba-56961	0	hard_negative	train	ES	As Cheices	-6.826513947878716	42.43866157774404	-6.82963004,42.43636190,-6.82339786,42.44096125	512	ign_pnoa_rgb	https://www.ign.es/wms-inspire/pnoa-ma	OI.OrthoimageCoverage	data/external/weak-label-chips-v1/train/negative/wl-tile-v1-07336-neg-es-pba-56961.png	weak_label_candidate_for_model_v1	512	512	downloaded	valid	512	512	RGB	684651	1		https://www.ign.es/wms-inspire/pnoa-ma?SERVICE=WMS&VERSION=1.1.1&REQUEST=GetMap&LAYERS=OI.OrthoimageCoverage&STYLES=&SRS=EPSG%3A4326&BBOX=-6.82963004%2C42.43636190%2C-6.82339786%2C42.44096125&WIDTH=512&HEIGHT=512&FORMAT=image%2Fpng&TRANSPARENT=false	2026-08-01T00:00:00Z
weak-chip-export-v1-00355	wl-tile-v1-07337	wl-neg-neg-es-pba-56962	neg-es-pba-56962	0	hard_negative	train	ES	As Cheices	-6.83043792268682	42.442146672787366	-6.83355419,42.43984700,-6.82732166,42.44444635	512	ign_pnoa_rgb	https://www.ign.es/wms-inspire/pnoa-ma	OI.OrthoimageCoverage	data/external/weak-label-chips-v1/train/negative/wl-tile-v1-07337-neg-es-pba-56962.png	weak_label_candidate_for_model_v1	512	512	downloaded	valid	512	512	RGB	679263	1		https://www.ign.es/wms-inspire/pnoa-ma?SERVICE=WMS&VERSION=1.1.1&REQUEST=GetMap&LAYERS=OI.OrthoimageCoverage&STYLES=&SRS=EPSG%3A4326&BBOX=-6.83355419%2C42.43984700%2C-6.82732166%2C42.44444635&WIDTH=512&HEIGHT=512&FORMAT=image%2Fpng&TRANSPARENT=false	2026-08-01T00:00:00Z
weak-chip-export-v1-00356	wl-tile-v1-07434	wl-neg-neg-es-pba-65197	neg-es-pba-65197	0	hard_negative	train	ES	As Covas	-8.86996038816582	41.90833737859286	-8.87305046,41.90603770,-8.86687032,41.91063706	512	ign_pnoa_rgb	https://www.ign.es/wms-inspire/pnoa-ma	OI.OrthoimageCoverage	data/external/weak-label-chips-v1/train/negative/wl-tile-v1-07434-neg-es-pba-65197.png	weak_label_candidate_for_model_v1	512	512	downloaded	valid	512	512	RGB	666204	1		https://www.ign.es/wms-inspire/pnoa-ma?SERVICE=WMS&VERSION=1.1.1&REQUEST=GetMap&LAYERS=OI.OrthoimageCoverage&STYLES=&SRS=EPSG%3A4326&BBOX=-8.87305046%2C41.90603770%2C-8.86687032%2C41.91063706&WIDTH=512&HEIGHT=512&FORMAT=image%2Fpng&TRANSPARENT=false	2026-08-01T00:00:00Z
weak-chip-export-v1-00357	wl-tile-v1-05772	wl-neg-neg-es-pba-35096	neg-es-pba-35096	0	hard_negative	train	ES	As Covas de Castañedo	-6.993594968865073	43.05112742367517	-6.99674200,43.04882775,-6.99044794,43.05342710	512	ign_pnoa_rgb	https://www.ign.es/wms-inspire/pnoa-ma	OI.OrthoimageCoverage	data/external/weak-label-chips-v1/train/negative/wl-tile-v1-05772-neg-es-pba-35096.png	weak_label_candidate_for_model_v1	512	512	downloaded	valid	512	512	RGB	698413	1		https://www.ign.es/wms-inspire/pnoa-ma?SERVICE=WMS&VERSION=1.1.1&REQUEST=GetMap&LAYERS=OI.OrthoimageCoverage&STYLES=&SRS=EPSG%3A4326&BBOX=-6.99674200%2C43.04882775%2C-6.99044794%2C43.05342710&WIDTH=512&HEIGHT=512&FORMAT=image%2Fpng&TRANSPARENT=false	2026-08-01T00:00:00Z
weak-chip-export-v1-00358	wl-tile-v1-08419	wl-neg-neg-es-pba-66262	neg-es-pba-66262	0	hard_negative	train	ES	As Laxes	-8.742676566780535	42.08434213611855	-8.74577520,42.08204246,-8.73957794,42.08664181	512	ign_pnoa_rgb	https://www.ign.es/wms-inspire/pnoa-ma	OI.OrthoimageCoverage	data/external/weak-label-chips-v1/train/negative/wl-tile-v1-08419-neg-es-pba-66262.png	weak_label_candidate_for_model_v1	512	512	downloaded	valid	512	512	RGB	683276	1		https://www.ign.es/wms-inspire/pnoa-ma?SERVICE=WMS&VERSION=1.1.1&REQUEST=GetMap&LAYERS=OI.OrthoimageCoverage&STYLES=&SRS=EPSG%3A4326&BBOX=-8.74577520%2C42.08204246%2C-8.73957794%2C42.08664181&WIDTH=512&HEIGHT=512&FORMAT=image%2Fpng&TRANSPARENT=false	2026-08-01T00:00:00Z
weak-chip-export-v1-00359	wl-tile-v1-07686	wl-neg-neg-es-pba-66074	neg-es-pba-66074	0	hard_negative	train	ES	As Mamuelas 1	-7.960818157017758	42.74174494471292	-7.96394944,42.73944527,-7.95768688,42.74404462	512	ign_pnoa_rgb	https://www.ign.es/wms-inspire/pnoa-ma	OI.OrthoimageCoverage	data/external/weak-label-chips-v1/train/negative/wl-tile-v1-07686-neg-es-pba-66074.png	weak_label_candidate_for_model_v1	512	512	downloaded	valid	512	512	RGB	654094	1		https://www.ign.es/wms-inspire/pnoa-ma?SERVICE=WMS&VERSION=1.1.1&REQUEST=GetMap&LAYERS=OI.OrthoimageCoverage&STYLES=&SRS=EPSG%3A4326&BBOX=-7.96394944%2C42.73944527%2C-7.95768688%2C42.74404462&WIDTH=512&HEIGHT=512&FORMAT=image%2Fpng&TRANSPARENT=false	2026-08-01T00:00:00Z
weak-chip-export-v1-00360	wl-tile-v1-07687	wl-neg-neg-es-pba-66075	neg-es-pba-66075	0	hard_negative	train	ES	As Mamuelas 2	-7.961635117447567	42.74203690348289	-7.96476641,42.73973723,-7.95850382,42.74433658	512	ign_pnoa_rgb	https://www.ign.es/wms-inspire/pnoa-ma	OI.OrthoimageCoverage	data/external/weak-label-chips-v1/train/negative/wl-tile-v1-07687-neg-es-pba-66075.png	weak_label_candidate_for_model_v1	512	512	downloaded	valid	512	512	RGB	653739	1		https://www.ign.es/wms-inspire/pnoa-ma?SERVICE=WMS&VERSION=1.1.1&REQUEST=GetMap&LAYERS=OI.OrthoimageCoverage&STYLES=&SRS=EPSG%3A4326&BBOX=-7.96476641%2C42.73973723%2C-7.95850382%2C42.74433658&WIDTH=512&HEIGHT=512&FORMAT=image%2Fpng&TRANSPARENT=false	2026-08-01T00:00:00Z
weak-chip-export-v1-00361	wl-tile-v1-07688	wl-neg-neg-es-pba-66076	neg-es-pba-66076	0	hard_negative	train	ES	As Mamuelas 3	-7.963454800749321	42.7419923760146	-7.96658609,42.73969270,-7.96032351,42.74429205	512	ign_pnoa_rgb	https://www.ign.es/wms-inspire/pnoa-ma	OI.OrthoimageCoverage	data/external/weak-label-chips-v1/train/negative/wl-tile-v1-07688-neg-es-pba-66076.png	weak_label_candidate_for_model_v1	512	512	downloaded	valid	512	512	RGB	655333	1		https://www.ign.es/wms-inspire/pnoa-ma?SERVICE=WMS&VERSION=1.1.1&REQUEST=GetMap&LAYERS=OI.OrthoimageCoverage&STYLES=&SRS=EPSG%3A4326&BBOX=-7.96658609%2C42.73969270%2C-7.96032351%2C42.74429205&WIDTH=512&HEIGHT=512&FORMAT=image%2Fpng&TRANSPARENT=false	2026-08-01T00:00:00Z
weak-chip-export-v1-00362	wl-tile-v1-07689	wl-neg-neg-es-pba-66077	neg-es-pba-66077	0	hard_negative	train	ES	As Mamuelas 4	-7.96361414146679	42.74173135005002	-7.96674542,42.73943167,-7.96048286,42.74403103	512	ign_pnoa_rgb	https://www.ign.es/wms-inspire/pnoa-ma	OI.OrthoimageCoverage	data/external/weak-label-chips-v1/train/negative/wl-tile-v1-07689-neg-es-pba-66077.png	weak_label_candidate_for_model_v1	512	512	downloaded	valid	512	512	RGB	655494	1		https://www.ign.es/wms-inspire/pnoa-ma?SERVICE=WMS&VERSION=1.1.1&REQUEST=GetMap&LAYERS=OI.OrthoimageCoverage&STYLES=&SRS=EPSG%3A4326&BBOX=-7.96674542%2C42.73943167%2C-7.96048286%2C42.74403103&WIDTH=512&HEIGHT=512&FORMAT=image%2Fpng&TRANSPARENT=false	2026-08-01T00:00:00Z
weak-chip-export-v1-00363	wl-tile-v1-07690	wl-neg-neg-es-pba-66078	neg-es-pba-66078	0	hard_negative	train	ES	As Mamuelas 5	-7.963624761296075	42.74214031018969	-7.96675606,42.73984063,-7.96049346,42.74443999	512	ign_pnoa_rgb	https://www.ign.es/wms-inspire/pnoa-ma	OI.OrthoimageCoverage	data/external/weak-label-chips-v1/train/negative/wl-tile-v1-07690-neg-es-pba-66078.png	weak_label_candidate_for_model_v1	512	512	downloaded	valid	512	512	RGB	654842	1		https://www.ign.es/wms-inspire/pnoa-ma?SERVICE=WMS&VERSION=1.1.1&REQUEST=GetMap&LAYERS=OI.OrthoimageCoverage&STYLES=&SRS=EPSG%3A4326&BBOX=-7.96675606%2C42.73984063%2C-7.96049346%2C42.74443999&WIDTH=512&HEIGHT=512&FORMAT=image%2Fpng&TRANSPARENT=false	2026-08-01T00:00:00Z
weak-chip-export-v1-00364	wl-tile-v1-07691	wl-neg-neg-es-pba-66079	neg-es-pba-66079	0	hard_negative	train	ES	As Mamuelas 6	-7.9613023212247365	42.74133341377623	-7.96443358,42.73903374,-7.95817106,42.74363309	512	ign_pnoa_rgb	https://www.ign.es/wms-inspire/pnoa-ma	OI.OrthoimageCoverage	data/external/weak-label-chips-v1/train/negative/wl-tile-v1-07691-neg-es-pba-66079.png	weak_label_candidate_for_model_v1	512	512	downloaded	valid	512	512	RGB	652871	1		https://www.ign.es/wms-inspire/pnoa-ma?SERVICE=WMS&VERSION=1.1.1&REQUEST=GetMap&LAYERS=OI.OrthoimageCoverage&STYLES=&SRS=EPSG%3A4326&BBOX=-7.96443358%2C42.73903374%2C-7.95817106%2C42.74363309&WIDTH=512&HEIGHT=512&FORMAT=image%2Fpng&TRANSPARENT=false	2026-08-01T00:00:00Z
weak-chip-export-v1-00365	wl-tile-v1-06191	wl-neg-neg-es-pba-38423	neg-es-pba-38423	0	hard_negative	train	ES	As Medorras	-7.684348240026296	42.839422481213326	-7.68748447,42.83712280,-7.68121201,42.84172216	512	ign_pnoa_rgb	https://www.ign.es/wms-inspire/pnoa-ma	OI.OrthoimageCoverage	data/external/weak-label-chips-v1/train/negative/wl-tile-v1-06191-neg-es-pba-38423.png	weak_label_candidate_for_model_v1	512	512	downloaded	valid	512	512	RGB	639777	1		https://www.ign.es/wms-inspire/pnoa-ma?SERVICE=WMS&VERSION=1.1.1&REQUEST=GetMap&LAYERS=OI.OrthoimageCoverage&STYLES=&SRS=EPSG%3A4326&BBOX=-7.68748447%2C42.83712280%2C-7.68121201%2C42.84172216&WIDTH=512&HEIGHT=512&FORMAT=image%2Fpng&TRANSPARENT=false	2026-08-01T00:00:00Z
weak-chip-export-v1-00366	wl-tile-v1-05762	wl-neg-neg-es-pba-35258	neg-es-pba-35258	0	hard_negative	train	ES	As Medorras/A Casa das Mouras/Medorra de Ligonde 1	-7.79317617873294	42.855925343690686	-7.79631324,42.85362567,-7.79003911,42.85822502	512	ign_pnoa_rgb	https://www.ign.es/wms-inspire/pnoa-ma	OI.OrthoimageCoverage	data/external/weak-label-chips-v1/train/negative/wl-tile-v1-05762-neg-es-pba-35258.png	weak_label_candidate_for_model_v1	512	512	downloaded	valid	512	512	RGB	621802	1		https://www.ign.es/wms-inspire/pnoa-ma?SERVICE=WMS&VERSION=1.1.1&REQUEST=GetMap&LAYERS=OI.OrthoimageCoverage&STYLES=&SRS=EPSG%3A4326&BBOX=-7.79631324%2C42.85362567%2C-7.79003911%2C42.85822502&WIDTH=512&HEIGHT=512&FORMAT=image%2Fpng&TRANSPARENT=false	2026-08-01T00:00:00Z
weak-chip-export-v1-00367	wl-tile-v1-05763	wl-neg-neg-es-pba-35259	neg-es-pba-35259	0	hard_negative	train	ES	As Medorras/A Casa das Mouras/Medorra de Ligonde 2	-7.7934081700307	42.85565939727629	-7.79654522,42.85335972,-7.79027112,42.85795907	512	ign_pnoa_rgb	https://www.ign.es/wms-inspire/pnoa-ma	OI.OrthoimageCoverage	data/external/weak-label-chips-v1/train/negative/wl-tile-v1-05763-neg-es-pba-35259.png	weak_label_candidate_for_model_v1	512	512	downloaded	valid	512	512	RGB	618339	1		https://www.ign.es/wms-inspire/pnoa-ma?SERVICE=WMS&VERSION=1.1.1&REQUEST=GetMap&LAYERS=OI.OrthoimageCoverage&STYLES=&SRS=EPSG%3A4326&BBOX=-7.79654522%2C42.85335972%2C-7.79027112%2C42.85795907&WIDTH=512&HEIGHT=512&FORMAT=image%2Fpng&TRANSPARENT=false	2026-08-01T00:00:00Z
weak-chip-export-v1-00368	wl-tile-v1-05764	wl-neg-neg-es-pba-35260	neg-es-pba-35260	0	hard_negative	train	ES	As Medorras/A Casa das Mouras/Medorra de Ligonde 3	-7.79236568576062	42.85533647431841	-7.79550272,42.85303680,-7.78922865,42.85763615	512	ign_pnoa_rgb	https://www.ign.es/wms-inspire/pnoa-ma	OI.OrthoimageCoverage	data/external/weak-label-chips-v1/train/negative/wl-tile-v1-05764-neg-es-pba-35260.png	weak_label_candidate_for_model_v1	512	512	downloaded	valid	512	512	RGB	609287	1		https://www.ign.es/wms-inspire/pnoa-ma?SERVICE=WMS&VERSION=1.1.1&REQUEST=GetMap&LAYERS=OI.OrthoimageCoverage&STYLES=&SRS=EPSG%3A4326&BBOX=-7.79550272%2C42.85303680%2C-7.78922865%2C42.85763615&WIDTH=512&HEIGHT=512&FORMAT=image%2Fpng&TRANSPARENT=false	2026-08-01T00:00:00Z
weak-chip-export-v1-00369	wl-tile-v1-05765	wl-neg-neg-es-pba-35282	neg-es-pba-35282	0	hard_negative	train	ES	As Medorras/A Casa das Mouras/Medorra de Ligonde 4	-7.794016566747053	42.856013246118565	-7.79715364,42.85371357,-7.79087950,42.85831292	512	ign_pnoa_rgb	https://www.ign.es/wms-inspire/pnoa-ma	OI.OrthoimageCoverage	data/external/weak-label-chips-v1/train/negative/wl-tile-v1-05765-neg-es-pba-35282.png	weak_label_candidate_for_model_v1	512	512	downloaded	valid	512	512	RGB	629059	1		https://www.ign.es/wms-inspire/pnoa-ma?SERVICE=WMS&VERSION=1.1.1&REQUEST=GetMap&LAYERS=OI.OrthoimageCoverage&STYLES=&SRS=EPSG%3A4326&BBOX=-7.79715364%2C42.85371357%2C-7.79087950%2C42.85831292&WIDTH=512&HEIGHT=512&FORMAT=image%2Fpng&TRANSPARENT=false	2026-08-01T00:00:00Z
weak-chip-export-v1-00370	wl-tile-v1-03924	wl-neg-neg-es-pba-15509	neg-es-pba-15509	0	hard_negative	train	ES	As Medorras/Mámoa das Medorras de Santa Cruz	-8.423022909545708	43.03155364000805	-8.42616894,43.02925396,-8.41987688,43.03385332	512	ign_pnoa_rgb	https://www.ign.es/wms-inspire/pnoa-ma	OI.OrthoimageCoverage	data/external/weak-label-chips-v1/train/negative/wl-tile-v1-03924-neg-es-pba-15509.png	weak_label_candidate_for_model_v1	512	512	downloaded	valid	512	512	RGB	663688	1		https://www.ign.es/wms-inspire/pnoa-ma?SERVICE=WMS&VERSION=1.1.1&REQUEST=GetMap&LAYERS=OI.OrthoimageCoverage&STYLES=&SRS=EPSG%3A4326&BBOX=-8.42616894%2C43.02925396%2C-8.41987688%2C43.03385332&WIDTH=512&HEIGHT=512&FORMAT=image%2Fpng&TRANSPARENT=false	2026-08-01T00:00:00Z
weak-chip-export-v1-00371	wl-tile-v1-06053	wl-neg-neg-es-pba-37845	neg-es-pba-37845	0	hard_negative	train	ES	As Modorras 1	-7.5725632219686965	42.73522351900215	-7.57569417,42.73292384,-7.56943227,42.73752320	512	ign_pnoa_rgb	https://www.ign.es/wms-inspire/pnoa-ma	OI.OrthoimageCoverage	data/external/weak-label-chips-v1/train/negative/wl-tile-v1-06053-neg-es-pba-37845.png	weak_label_candidate_for_model_v1	512	512	downloaded	valid	512	512	RGB	508412	1		https://www.ign.es/wms-inspire/pnoa-ma?SERVICE=WMS&VERSION=1.1.1&REQUEST=GetMap&LAYERS=OI.OrthoimageCoverage&STYLES=&SRS=EPSG%3A4326&BBOX=-7.57569417%2C42.73292384%2C-7.56943227%2C42.73752320&WIDTH=512&HEIGHT=512&FORMAT=image%2Fpng&TRANSPARENT=false	2026-08-01T00:00:00Z
weak-chip-export-v1-00372	wl-tile-v1-06054	wl-neg-neg-es-pba-37846	neg-es-pba-37846	0	hard_negative	train	ES	As Modorras 2	-7.57329483595267	42.73495068393326	-7.57642577,42.73265101,-7.57016390,42.73725036	512	ign_pnoa_rgb	https://www.ign.es/wms-inspire/pnoa-ma	OI.OrthoimageCoverage	data/external/weak-label-chips-v1/train/negative/wl-tile-v1-06054-neg-es-pba-37846.png	weak_label_candidate_for_model_v1	512	512	downloaded	valid	512	512	RGB	500802	1		https://www.ign.es/wms-inspire/pnoa-ma?SERVICE=WMS&VERSION=1.1.1&REQUEST=GetMap&LAYERS=OI.OrthoimageCoverage&STYLES=&SRS=EPSG%3A4326&BBOX=-7.57642577%2C42.73265101%2C-7.57016390%2C42.73725036&WIDTH=512&HEIGHT=512&FORMAT=image%2Fpng&TRANSPARENT=false	2026-08-01T00:00:00Z
weak-chip-export-v1-00373	wl-tile-v1-06055	wl-neg-neg-es-pba-37847	neg-es-pba-37847	0	hard_negative	train	ES	As Modorras 3	-7.574892255647712	42.73410939634369	-7.57802315,42.73180972,-7.57176136,42.73640907	512	ign_pnoa_rgb	https://www.ign.es/wms-inspire/pnoa-ma	OI.OrthoimageCoverage	data/external/weak-label-chips-v1/train/negative/wl-tile-v1-06055-neg-es-pba-37847.png	weak_label_candidate_for_model_v1	512	512	downloaded	valid	512	512	RGB	493494	1		https://www.ign.es/wms-inspire/pnoa-ma?SERVICE=WMS&VERSION=1.1.1&REQUEST=GetMap&LAYERS=OI.OrthoimageCoverage&STYLES=&SRS=EPSG%3A4326&BBOX=-7.57802315%2C42.73180972%2C-7.57176136%2C42.73640907&WIDTH=512&HEIGHT=512&FORMAT=image%2Fpng&TRANSPARENT=false	2026-08-01T00:00:00Z
weak-chip-export-v1-00374	wl-tile-v1-05995	wl-neg-neg-es-pba-37276	neg-es-pba-37276	0	hard_negative	train	ES	As Modorras 4	-7.573852665115841	42.73475840967038	-7.57698359,42.73245873,-7.57072174,42.73705809	512	ign_pnoa_rgb	https://www.ign.es/wms-inspire/pnoa-ma	OI.OrthoimageCoverage	data/external/weak-label-chips-v1/train/negative/wl-tile-v1-05995-neg-es-pba-37276.png	weak_label_candidate_for_model_v1	512	512	downloaded	valid	512	512	RGB	496049	1		https://www.ign.es/wms-inspire/pnoa-ma?SERVICE=WMS&VERSION=1.1.1&REQUEST=GetMap&LAYERS=OI.OrthoimageCoverage&STYLES=&SRS=EPSG%3A4326&BBOX=-7.57698359%2C42.73245873%2C-7.57072174%2C42.73705809&WIDTH=512&HEIGHT=512&FORMAT=image%2Fpng&TRANSPARENT=false	2026-08-01T00:00:00Z
weak-chip-export-v1-00375	wl-tile-v1-05996	wl-neg-neg-es-pba-37277	neg-es-pba-37277	0	hard_negative	train	ES	As Modorriñas	-7.537867957757487	42.70567281449825	-7.54099742,42.70337314,-7.53473850,42.70797249	512	ign_pnoa_rgb	https://www.ign.es/wms-inspire/pnoa-ma	OI.OrthoimageCoverage	data/external/weak-label-chips-v1/train/negative/wl-tile-v1-05996-neg-es-pba-37277.png	weak_label_candidate_for_model_v1	512	512	downloaded	valid	512	512	RGB	511978	1		https://www.ign.es/wms-inspire/pnoa-ma?SERVICE=WMS&VERSION=1.1.1&REQUEST=GetMap&LAYERS=OI.OrthoimageCoverage&STYLES=&SRS=EPSG%3A4326&BBOX=-7.54099742%2C42.70337314%2C-7.53473850%2C42.70797249&WIDTH=512&HEIGHT=512&FORMAT=image%2Fpng&TRANSPARENT=false	2026-08-01T00:00:00Z
weak-chip-export-v1-00376	wl-tile-v1-07981	wl-neg-neg-es-pba-78752	neg-es-pba-78752	0	hard_negative	train	ES	As Mámoas	-8.351221425361285	42.54259221726775	-8.35434270,42.54029254,-8.34810015,42.54489189	512	ign_pnoa_rgb	https://www.ign.es/wms-inspire/pnoa-ma	OI.OrthoimageCoverage	data/external/weak-label-chips-v1/train/negative/wl-tile-v1-07981-neg-es-pba-78752.png	weak_label_candidate_for_model_v1	512	512	downloaded	valid	512	512	RGB	645343	1		https://www.ign.es/wms-inspire/pnoa-ma?SERVICE=WMS&VERSION=1.1.1&REQUEST=GetMap&LAYERS=OI.OrthoimageCoverage&STYLES=&SRS=EPSG%3A4326&BBOX=-8.35434270%2C42.54029254%2C-8.34810015%2C42.54489189&WIDTH=512&HEIGHT=512&FORMAT=image%2Fpng&TRANSPARENT=false	2026-08-01T00:00:00Z
weak-chip-export-v1-00377	wl-tile-v1-06503	wl-neg-neg-es-pba-43279	neg-es-pba-43279	0	hard_negative	train	ES	As Mámoas de Moscaran 1	-7.571867509604195	43.280710011481055	-7.57502639,43.27841033,-7.56870863,43.28300969	512	ign_pnoa_rgb	https://www.ign.es/wms-inspire/pnoa-ma	OI.OrthoimageCoverage	data/external/weak-label-chips-v1/train/negative/wl-tile-v1-06503-neg-es-pba-43279.png	weak_label_candidate_for_model_v1	512	512	downloaded	valid	512	512	RGB	667746	1		https://www.ign.es/wms-inspire/pnoa-ma?SERVICE=WMS&VERSION=1.1.1&REQUEST=GetMap&LAYERS=OI.OrthoimageCoverage&STYLES=&SRS=EPSG%3A4326&BBOX=-7.57502639%2C43.27841033%2C-7.56870863%2C43.28300969&WIDTH=512&HEIGHT=512&FORMAT=image%2Fpng&TRANSPARENT=false	2026-08-01T00:00:00Z
weak-chip-export-v1-00378	wl-tile-v1-06504	wl-neg-neg-es-pba-43280	neg-es-pba-43280	0	hard_negative	train	ES	As Mámoas de Vilate 1	-7.670152302144918	43.324833104711296	-7.67331348,43.32253343,-7.66699113,43.32713278	512	ign_pnoa_rgb	https://www.ign.es/wms-inspire/pnoa-ma	OI.OrthoimageCoverage	data/external/weak-label-chips-v1/train/negative/wl-tile-v1-06504-neg-es-pba-43280.png	weak_label_candidate_for_model_v1	512	512	downloaded	valid	512	512	RGB	685969	1		https://www.ign.es/wms-inspire/pnoa-ma?SERVICE=WMS&VERSION=1.1.1&REQUEST=GetMap&LAYERS=OI.OrthoimageCoverage&STYLES=&SRS=EPSG%3A4326&BBOX=-7.67331348%2C43.32253343%2C-7.66699113%2C43.32713278&WIDTH=512&HEIGHT=512&FORMAT=image%2Fpng&TRANSPARENT=false	2026-08-01T00:00:00Z
weak-chip-export-v1-00379	wl-tile-v1-06621	wl-neg-neg-es-pba-30179	neg-es-pba-30179	0	hard_negative	train	ES	As Penas do Castelo	-7.711498070503956	43.440873148086844	-7.71466530,43.43857347,-7.70833084,43.44317282	512	ign_pnoa_rgb	https://www.ign.es/wms-inspire/pnoa-ma	OI.OrthoimageCoverage	data/external/weak-label-chips-v1/train/negative/wl-tile-v1-06621-neg-es-pba-30179.png	weak_label_candidate_for_model_v1	512	512	downloaded	valid	512	512	RGB	647174	1		https://www.ign.es/wms-inspire/pnoa-ma?SERVICE=WMS&VERSION=1.1.1&REQUEST=GetMap&LAYERS=OI.OrthoimageCoverage&STYLES=&SRS=EPSG%3A4326&BBOX=-7.71466530%2C43.43857347%2C-7.70833084%2C43.44317282&WIDTH=512&HEIGHT=512&FORMAT=image%2Fpng&TRANSPARENT=false	2026-08-01T00:00:00Z
weak-chip-export-v1-00380	wl-tile-v1-07338	wl-neg-neg-es-pba-56963	neg-es-pba-56963	0	hard_negative	train	ES	As Perdigueiras	-6.814795210343695	42.46125001895528	-6.81791243,42.45895034,-6.81167799,42.46354970	512	ign_pnoa_rgb	https://www.ign.es/wms-inspire/pnoa-ma	OI.OrthoimageCoverage	data/external/weak-label-chips-v1/train/negative/wl-tile-v1-07338-neg-es-pba-56963.png	weak_label_candidate_for_model_v1	512	512	downloaded	valid	512	512	RGB	503789	1		https://www.ign.es/wms-inspire/pnoa-ma?SERVICE=WMS&VERSION=1.1.1&REQUEST=GetMap&LAYERS=OI.OrthoimageCoverage&STYLES=&SRS=EPSG%3A4326&BBOX=-6.81791243%2C42.45895034%2C-6.81167799%2C42.46354970&WIDTH=512&HEIGHT=512&FORMAT=image%2Fpng&TRANSPARENT=false	2026-08-01T00:00:00Z
weak-chip-export-v1-00381	wl-tile-v1-07692	wl-neg-neg-es-pba-66080	neg-es-pba-66080	0	hard_negative	train	ES	As Sete Mámoas	-8.01966652112192	42.767973948585436	-8.02279913,42.76567427,-8.01653391,42.77027363	512	ign_pnoa_rgb	https://www.ign.es/wms-inspire/pnoa-ma	OI.OrthoimageCoverage	data/external/weak-label-chips-v1/train/negative/wl-tile-v1-07692-neg-es-pba-66080.png	weak_label_candidate_for_model_v1	512	512	downloaded	valid	512	512	RGB	681919	1		https://www.ign.es/wms-inspire/pnoa-ma?SERVICE=WMS&VERSION=1.1.1&REQUEST=GetMap&LAYERS=OI.OrthoimageCoverage&STYLES=&SRS=EPSG%3A4326&BBOX=-8.02279913%2C42.76567427%2C-8.01653391%2C42.77027363&WIDTH=512&HEIGHT=512&FORMAT=image%2Fpng&TRANSPARENT=false	2026-08-01T00:00:00Z
weak-chip-export-v1-00382	wl-tile-v1-06758	wl-neg-neg-es-pba-50577	neg-es-pba-50577	0	hard_negative	train	ES	Bouzas	-7.16055246657997	42.02788798386243	-7.16364834,42.02558831,-7.15745659,42.03018766	512	ign_pnoa_rgb	https://www.ign.es/wms-inspire/pnoa-ma	OI.OrthoimageCoverage	data/external/weak-label-chips-v1/train/negative/wl-tile-v1-06758-neg-es-pba-50577.png	weak_label_candidate_for_model_v1	512	512	downloaded	valid	512	512	RGB	672558	1		https://www.ign.es/wms-inspire/pnoa-ma?SERVICE=WMS&VERSION=1.1.1&REQUEST=GetMap&LAYERS=OI.OrthoimageCoverage&STYLES=&SRS=EPSG%3A4326&BBOX=-7.16364834%2C42.02558831%2C-7.15745659%2C42.03018766&WIDTH=512&HEIGHT=512&FORMAT=image%2Fpng&TRANSPARENT=false	2026-08-01T00:00:00Z
weak-chip-export-v1-00383	wl-tile-v1-05680	wl-neg-neg-es-pba-34211	neg-es-pba-34211	0	hard_negative	train	ES	Calzada romana de Lindín	-7.336443694519965	43.416494649355435	-7.33960965,43.41419497,-7.33327774,43.41879433	512	ign_pnoa_rgb	https://www.ign.es/wms-inspire/pnoa-ma	OI.OrthoimageCoverage	data/external/weak-label-chips-v1/train/negative/wl-tile-v1-05680-neg-es-pba-34211.png	weak_label_candidate_for_model_v1	512	512	downloaded	valid	512	512	RGB	610417	1		https://www.ign.es/wms-inspire/pnoa-ma?SERVICE=WMS&VERSION=1.1.1&REQUEST=GetMap&LAYERS=OI.OrthoimageCoverage&STYLES=&SRS=EPSG%3A4326&BBOX=-7.33960965%2C43.41419497%2C-7.33327774%2C43.41879433&WIDTH=512&HEIGHT=512&FORMAT=image%2Fpng&TRANSPARENT=false	2026-08-01T00:00:00Z
weak-chip-export-v1-00384	wl-tile-v1-07712	wl-neg-neg-es-pba-66114	neg-es-pba-66114	0	hard_negative	train	ES	Campo da Mámoa	-8.084959171834932	42.78849365053533	-8.08809282,42.78619397,-8.08182553,42.79079333	512	ign_pnoa_rgb	https://www.ign.es/wms-inspire/pnoa-ma	OI.OrthoimageCoverage	data/external/weak-label-chips-v1/train/negative/wl-tile-v1-07712-neg-es-pba-66114.png	weak_label_candidate_for_model_v1	512	512	downloaded	valid	512	512	RGB	645660	1		https://www.ign.es/wms-inspire/pnoa-ma?SERVICE=WMS&VERSION=1.1.1&REQUEST=GetMap&LAYERS=OI.OrthoimageCoverage&STYLES=&SRS=EPSG%3A4326&BBOX=-8.08809282%2C42.78619397%2C-8.08182553%2C42.79079333&WIDTH=512&HEIGHT=512&FORMAT=image%2Fpng&TRANSPARENT=false	2026-08-01T00:00:00Z
weak-chip-export-v1-00385	wl-tile-v1-08328	wl-neg-neg-es-pba-64483	neg-es-pba-64483	0	hard_negative	train	ES	Campo da Mámoa 1	-8.30310432104905	42.499376888577395	-8.30622344,42.49707721,-8.29998520,42.50167657	512	ign_pnoa_rgb	https://www.ign.es/wms-inspire/pnoa-ma	OI.OrthoimageCoverage	data/external/weak-label-chips-v1/train/negative/wl-tile-v1-08328-neg-es-pba-64483.png	weak_label_candidate_for_model_v1	512	512	downloaded	valid	512	512	RGB	661449	1		https://www.ign.es/wms-inspire/pnoa-ma?SERVICE=WMS&VERSION=1.1.1&REQUEST=GetMap&LAYERS=OI.OrthoimageCoverage&STYLES=&SRS=EPSG%3A4326&BBOX=-8.30622344%2C42.49707721%2C-8.29998520%2C42.50167657&WIDTH=512&HEIGHT=512&FORMAT=image%2Fpng&TRANSPARENT=false	2026-08-01T00:00:00Z
weak-chip-export-v1-00386	wl-tile-v1-08329	wl-neg-neg-es-pba-64484	neg-es-pba-64484	0	hard_negative	train	ES	Campo da Mámoa 2	-8.303232924169171	42.499700248235584	-8.30635206,42.49740057,-8.30011379,42.50199992	512	ign_pnoa_rgb	https://www.ign.es/wms-inspire/pnoa-ma	OI.OrthoimageCoverage	data/external/weak-label-chips-v1/train/negative/wl-tile-v1-08329-neg-es-pba-64484.png	weak_label_candidate_for_model_v1	512	512	downloaded	valid	512	512	RGB	660927	1		https://www.ign.es/wms-inspire/pnoa-ma?SERVICE=WMS&VERSION=1.1.1&REQUEST=GetMap&LAYERS=OI.OrthoimageCoverage&STYLES=&SRS=EPSG%3A4326&BBOX=-8.30635206%2C42.49740057%2C-8.30011379%2C42.50199992&WIDTH=512&HEIGHT=512&FORMAT=image%2Fpng&TRANSPARENT=false	2026-08-01T00:00:00Z
weak-chip-export-v1-00387	wl-tile-v1-08252	wl-neg-neg-es-pba-63991	neg-es-pba-63991	0	hard_negative	train	ES	Campo da Mámoa 3	-8.303658728257728	42.49956921237303	-8.30677785,42.49726954,-8.30053960,42.50186889	512	ign_pnoa_rgb	https://www.ign.es/wms-inspire/pnoa-ma	OI.OrthoimageCoverage	data/external/weak-label-chips-v1/train/negative/wl-tile-v1-08252-neg-es-pba-63991.png	weak_label_candidate_for_model_v1	512	512	downloaded	valid	512	512	RGB	661488	1		https://www.ign.es/wms-inspire/pnoa-ma?SERVICE=WMS&VERSION=1.1.1&REQUEST=GetMap&LAYERS=OI.OrthoimageCoverage&STYLES=&SRS=EPSG%3A4326&BBOX=-8.30677785%2C42.49726954%2C-8.30053960%2C42.50186889&WIDTH=512&HEIGHT=512&FORMAT=image%2Fpng&TRANSPARENT=false	2026-08-01T00:00:00Z
weak-chip-export-v1-00388	wl-tile-v1-04597	wl-neg-neg-es-pba-25211	neg-es-pba-25211	0	hard_negative	train	ES	Cancela Encrucillada/Mámoa de Fornelos	-8.579172333056075	43.13120726766699	-8.58232348,43.12890759,-8.57602118,43.13350694	512	ign_pnoa_rgb	https://www.ign.es/wms-inspire/pnoa-ma	OI.OrthoimageCoverage	data/external/weak-label-chips-v1/train/negative/wl-tile-v1-04597-neg-es-pba-25211.png	weak_label_candidate_for_model_v1	512	512	downloaded	valid	512	512	RGB	644801	1		https://www.ign.es/wms-inspire/pnoa-ma?SERVICE=WMS&VERSION=1.1.1&REQUEST=GetMap&LAYERS=OI.OrthoimageCoverage&STYLES=&SRS=EPSG%3A4326&BBOX=-8.58232348%2C43.12890759%2C-8.57602118%2C43.13350694&WIDTH=512&HEIGHT=512&FORMAT=image%2Fpng&TRANSPARENT=false	2026-08-01T00:00:00Z
weak-chip-export-v1-00389	wl-tile-v1-05942	wl-neg-neg-es-pba-41795	neg-es-pba-41795	0	hard_negative	train	ES	Capela e Necrópole de San Pedro de Cela	-7.707121188756948	42.612547086246096	-7.71024597,42.61024741,-7.70399641,42.61484676	512	ign_pnoa_rgb	https://www.ign.es/wms-inspire/pnoa-ma	OI.OrthoimageCoverage	data/external/weak-label-chips-v1/train/negative/wl-tile-v1-05942-neg-es-pba-41795.png	weak_label_candidate_for_model_v1	512	512	downloaded	valid	512	512	RGB	679972	1		https://www.ign.es/wms-inspire/pnoa-ma?SERVICE=WMS&VERSION=1.1.1&REQUEST=GetMap&LAYERS=OI.OrthoimageCoverage&STYLES=&SRS=EPSG%3A4326&BBOX=-7.71024597%2C42.61024741%2C-7.70399641%2C42.61484676&WIDTH=512&HEIGHT=512&FORMAT=image%2Fpng&TRANSPARENT=false	2026-08-01T00:00:00Z
weak-chip-export-v1-00390	wl-tile-v1-06336	wl-neg-neg-es-pba-42279	neg-es-pba-42279	0	hard_negative	train	ES	Capela e necrópole de San Marcos	-7.4970285194757516	42.801325080242535	-7.50016281,42.79902540,-7.49389422,42.80362476	512	ign_pnoa_rgb	https://www.ign.es/wms-inspire/pnoa-ma	OI.OrthoimageCoverage	data/external/weak-label-chips-v1/train/negative/wl-tile-v1-06336-neg-es-pba-42279.png	weak_label_candidate_for_model_v1	512	512	downloaded	valid	512	512	RGB	651000	1		https://www.ign.es/wms-inspire/pnoa-ma?SERVICE=WMS&VERSION=1.1.1&REQUEST=GetMap&LAYERS=OI.OrthoimageCoverage&STYLES=&SRS=EPSG%3A4326&BBOX=-7.50016281%2C42.79902540%2C-7.49389422%2C42.80362476&WIDTH=512&HEIGHT=512&FORMAT=image%2Fpng&TRANSPARENT=false	2026-08-01T00:00:00Z
weak-chip-export-v1-00391	wl-tile-v1-06289	wl-neg-neg-es-pba-41944	neg-es-pba-41944	0	hard_negative	train	ES	Casa Torre de Barrio	-7.346991381304906	42.78150780957829	-7.35012467,42.77920813,-7.34385809,42.78380749	512	ign_pnoa_rgb	https://www.ign.es/wms-inspire/pnoa-ma	OI.OrthoimageCoverage	data/external/weak-label-chips-v1/train/negative/wl-tile-v1-06289-neg-es-pba-41944.png	weak_label_candidate_for_model_v1	512	512	downloaded	valid	512	512	RGB	617693	1		https://www.ign.es/wms-inspire/pnoa-ma?SERVICE=WMS&VERSION=1.1.1&REQUEST=GetMap&LAYERS=OI.OrthoimageCoverage&STYLES=&SRS=EPSG%3A4326&BBOX=-7.35012467%2C42.77920813%2C-7.34385809%2C42.78380749&WIDTH=512&HEIGHT=512&FORMAT=image%2Fpng&TRANSPARENT=false	2026-08-01T00:00:00Z
weak-chip-export-v1-00392	wl-tile-v1-06290	wl-neg-neg-es-pba-41945	neg-es-pba-41945	0	hard_negative	train	ES	Casa Torre de Outeiro	-7.469473799461149	42.81065264035623	-7.47260857,42.80835296,-7.46633903,42.81295232	512	ign_pnoa_rgb	https://www.ign.es/wms-inspire/pnoa-ma	OI.OrthoimageCoverage	data/external/weak-label-chips-v1/train/negative/wl-tile-v1-06290-neg-es-pba-41945.png	weak_label_candidate_for_model_v1	512	512	downloaded	valid	512	512	RGB	676748	1		https://www.ign.es/wms-inspire/pnoa-ma?SERVICE=WMS&VERSION=1.1.1&REQUEST=GetMap&LAYERS=OI.OrthoimageCoverage&STYLES=&SRS=EPSG%3A4326&BBOX=-7.47260857%2C42.80835296%2C-7.46633903%2C42.81295232&WIDTH=512&HEIGHT=512&FORMAT=image%2Fpng&TRANSPARENT=false	2026-08-01T00:00:00Z
weak-chip-export-v1-00393	wl-tile-v1-05886	wl-neg-neg-es-pba-37167	neg-es-pba-37167	0	hard_negative	train	ES	Casa de Mámoa	-7.527104596287847	42.831414518669916	-7.53024042,42.82911484,-7.52396878,42.83371420	512	ign_pnoa_rgb	https://www.ign.es/wms-inspire/pnoa-ma	OI.OrthoimageCoverage	data/external/weak-label-chips-v1/train/negative/wl-tile-v1-05886-neg-es-pba-37167.png	weak_label_candidate_for_model_v1	512	512	downloaded	valid	512	512	RGB	604586	1		https://www.ign.es/wms-inspire/pnoa-ma?SERVICE=WMS&VERSION=1.1.1&REQUEST=GetMap&LAYERS=OI.OrthoimageCoverage&STYLES=&SRS=EPSG%3A4326&BBOX=-7.53024042%2C42.82911484%2C-7.52396878%2C42.83371420&WIDTH=512&HEIGHT=512&FORMAT=image%2Fpng&TRANSPARENT=false	2026-08-01T00:00:00Z
weak-chip-export-v1-00394	wl-tile-v1-06769	wl-neg-neg-es-pba-57591	neg-es-pba-57591	0	hard_negative	train	ES	Casa reitoral de Pedrafita	-7.491999512921327	42.35490153996572	-7.49511145,42.35260186,-7.48888758,42.35720122	512	ign_pnoa_rgb	https://www.ign.es/wms-inspire/pnoa-ma	OI.OrthoimageCoverage	data/external/weak-label-chips-v1/train/negative/wl-tile-v1-06769-neg-es-pba-57591.png	weak_label_candidate_for_model_v1	512	512	downloaded	valid	512	512	RGB	665031	1		https://www.ign.es/wms-inspire/pnoa-ma?SERVICE=WMS&VERSION=1.1.1&REQUEST=GetMap&LAYERS=OI.OrthoimageCoverage&STYLES=&SRS=EPSG%3A4326&BBOX=-7.49511145%2C42.35260186%2C-7.48888758%2C42.35720122&WIDTH=512&HEIGHT=512&FORMAT=image%2Fpng&TRANSPARENT=false	2026-08-01T00:00:00Z
weak-chip-export-v1-00395	wl-tile-v1-06069	wl-neg-neg-es-pba-37086	neg-es-pba-37086	0	hard_negative	train	ES	Casas (2) de Pedrafita	-7.023336564456729	42.72685799843987	-7.02646709,42.72455832,-7.02020603,42.72915768	512	ign_pnoa_rgb	https://www.ign.es/wms-inspire/pnoa-ma	OI.OrthoimageCoverage	data/external/weak-label-chips-v1/train/negative/wl-tile-v1-06069-neg-es-pba-37086.png	weak_label_candidate_for_model_v1	512	512	downloaded	valid	512	512	RGB	703425	1		https://www.ign.es/wms-inspire/pnoa-ma?SERVICE=WMS&VERSION=1.1.1&REQUEST=GetMap&LAYERS=OI.OrthoimageCoverage&STYLES=&SRS=EPSG%3A4326&BBOX=-7.02646709%2C42.72455832%2C-7.02020603%2C42.72915768&WIDTH=512&HEIGHT=512&FORMAT=image%2Fpng&TRANSPARENT=false	2026-08-01T00:00:00Z
weak-chip-export-v1-00396	wl-tile-v1-05681	wl-neg-neg-es-pba-34394	neg-es-pba-34394	0	hard_negative	train	ES	Castelo	-7.397398001271665	43.480154283078136	-7.40056729,43.47785461,-7.39422871,43.48245396	512	ign_pnoa_rgb	https://www.ign.es/wms-inspire/pnoa-ma	OI.OrthoimageCoverage	data/external/weak-label-chips-v1/train/negative/wl-tile-v1-05681-neg-es-pba-34394.png	weak_label_candidate_for_model_v1	512	512	downloaded	valid	512	512	RGB	677770	1		https://www.ign.es/wms-inspire/pnoa-ma?SERVICE=WMS&VERSION=1.1.1&REQUEST=GetMap&LAYERS=OI.OrthoimageCoverage&STYLES=&SRS=EPSG%3A4326&BBOX=-7.40056729%2C43.47785461%2C-7.39422871%2C43.48245396&WIDTH=512&HEIGHT=512&FORMAT=image%2Fpng&TRANSPARENT=false	2026-08-01T00:00:00Z
weak-chip-export-v1-00397	wl-tile-v1-06580	wl-neg-neg-es-pba-43110	neg-es-pba-43110	0	hard_negative	train	ES	Castelo	-7.614356652686691	43.6112131633649	-7.61753284,43.60891349,-7.61118047,43.61351284	512	ign_pnoa_rgb	https://www.ign.es/wms-inspire/pnoa-ma	OI.OrthoimageCoverage	data/external/weak-label-chips-v1/train/negative/wl-tile-v1-06580-neg-es-pba-43110.png	weak_label_candidate_for_model_v1	512	512	downloaded	valid	512	512	RGB	692937	1		https://www.ign.es/wms-inspire/pnoa-ma?SERVICE=WMS&VERSION=1.1.1&REQUEST=GetMap&LAYERS=OI.OrthoimageCoverage&STYLES=&SRS=EPSG%3A4326&BBOX=-7.61753284%2C43.60891349%2C-7.61118047%2C43.61351284&WIDTH=512&HEIGHT=512&FORMAT=image%2Fpng&TRANSPARENT=false	2026-08-01T00:00:00Z
weak-chip-export-v1-00398	wl-tile-v1-06581	wl-neg-neg-es-pba-43142	neg-es-pba-43142	0	hard_negative	train	ES	Castelo	-7.572142060818541	43.69933401156103	-7.57532291,43.69703433,-7.56896121,43.70163369	512	ign_pnoa_rgb	https://www.ign.es/wms-inspire/pnoa-ma	OI.OrthoimageCoverage	data/external/weak-label-chips-v1/train/negative/wl-tile-v1-06581-neg-es-pba-43142.png	weak_label_candidate_for_model_v1	512	512	downloaded	valid	512	512	RGB	696620	1		https://www.ign.es/wms-inspire/pnoa-ma?SERVICE=WMS&VERSION=1.1.1&REQUEST=GetMap&LAYERS=OI.OrthoimageCoverage&STYLES=&SRS=EPSG%3A4326&BBOX=-7.57532291%2C43.69703433%2C-7.56896121%2C43.70163369&WIDTH=512&HEIGHT=512&FORMAT=image%2Fpng&TRANSPARENT=false	2026-08-01T00:00:00Z
weak-chip-export-v1-00399	wl-tile-v1-06582	wl-neg-neg-es-pba-43143	neg-es-pba-43143	0	hard_negative	train	ES	Castelo	-7.58420153392483	43.68193554210188	-7.58738146,43.67963587,-7.58102161,43.68423522	512	ign_pnoa_rgb	https://www.ign.es/wms-inspire/pnoa-ma	OI.OrthoimageCoverage	data/external/weak-label-chips-v1/train/negative/wl-tile-v1-06582-neg-es-pba-43143.png	weak_label_candidate_for_model_v1	512	512	downloaded	valid	512	512	RGB	657289	1		https://www.ign.es/wms-inspire/pnoa-ma?SERVICE=WMS&VERSION=1.1.1&REQUEST=GetMap&LAYERS=OI.OrthoimageCoverage&STYLES=&SRS=EPSG%3A4326&BBOX=-7.58738146%2C43.67963587%2C-7.58102161%2C43.68423522&WIDTH=512&HEIGHT=512&FORMAT=image%2Fpng&TRANSPARENT=false	2026-08-01T00:00:00Z
weak-chip-export-v1-00400	wl-tile-v1-06740	wl-neg-neg-es-pba-32082	neg-es-pba-32082	0	hard_negative	train	ES	Castelo	-7.523897959179991	43.72683500158869	-7.52708027,43.72453532,-7.52071565,43.72913468	512	ign_pnoa_rgb	https://www.ign.es/wms-inspire/pnoa-ma	OI.OrthoimageCoverage	data/external/weak-label-chips-v1/train/negative/wl-tile-v1-06740-neg-es-pba-32082.png	weak_label_candidate_for_model_v1	512	512	downloaded	valid	512	512	RGB	666857	1		https://www.ign.es/wms-inspire/pnoa-ma?SERVICE=WMS&VERSION=1.1.1&REQUEST=GetMap&LAYERS=OI.OrthoimageCoverage&STYLES=&SRS=EPSG%3A4326&BBOX=-7.52708027%2C43.72453532%2C-7.52071565%2C43.72913468&WIDTH=512&HEIGHT=512&FORMAT=image%2Fpng&TRANSPARENT=false	2026-08-01T00:00:00Z
weak-chip-export-v1-00401	wl-tile-v1-06741	wl-neg-neg-es-pba-32083	neg-es-pba-32083	0	hard_negative	train	ES	Castelo	-7.522845002546353	43.732325163907426	-7.52602761,43.73002549,-7.51966240,43.73462484	512	ign_pnoa_rgb	https://www.ign.es/wms-inspire/pnoa-ma	OI.OrthoimageCoverage	data/external/weak-label-chips-v1/train/negative/wl-tile-v1-06741-neg-es-pba-32083.png	weak_label_candidate_for_model_v1	512	512	downloaded	valid	512	512	RGB	618162	1		https://www.ign.es/wms-inspire/pnoa-ma?SERVICE=WMS&VERSION=1.1.1&REQUEST=GetMap&LAYERS=OI.OrthoimageCoverage&STYLES=&SRS=EPSG%3A4326&BBOX=-7.52602761%2C43.73002549%2C-7.51966240%2C43.73462484&WIDTH=512&HEIGHT=512&FORMAT=image%2Fpng&TRANSPARENT=false	2026-08-01T00:00:00Z
weak-chip-export-v1-00402	wl-tile-v1-05766	wl-neg-neg-es-pba-35341	neg-es-pba-35341	0	hard_negative	train	ES	Castelo Longo de Ambarría	-7.771427512384255	42.77532827255387	-7.77456049,42.77302860,-7.76829453,42.77762795	512	ign_pnoa_rgb	https://www.ign.es/wms-inspire/pnoa-ma	OI.OrthoimageCoverage	data/external/weak-label-chips-v1/train/negative/wl-tile-v1-05766-neg-es-pba-35341.png	weak_label_candidate_for_model_v1	512	512	downloaded	valid	512	512	RGB	660740	1		https://www.ign.es/wms-inspire/pnoa-ma?SERVICE=WMS&VERSION=1.1.1&REQUEST=GetMap&LAYERS=OI.OrthoimageCoverage&STYLES=&SRS=EPSG%3A4326&BBOX=-7.77456049%2C42.77302860%2C-7.76829453%2C42.77762795&WIDTH=512&HEIGHT=512&FORMAT=image%2Fpng&TRANSPARENT=false	2026-08-01T00:00:00Z
weak-chip-export-v1-00403	wl-tile-v1-06254	wl-neg-neg-es-pba-40334	neg-es-pba-40334	0	hard_negative	train	ES	Castelo Vello	-7.241899783562392	43.196846380605805	-7.24505432,43.19454670,-7.23874525,43.19914606	512	ign_pnoa_rgb	https://www.ign.es/wms-inspire/pnoa-ma	OI.OrthoimageCoverage	data/external/weak-label-chips-v1/train/negative/wl-tile-v1-06254-neg-es-pba-40334.png	weak_label_candidate_for_model_v1	512	512	downloaded	valid	512	512	RGB	669995	1		https://www.ign.es/wms-inspire/pnoa-ma?SERVICE=WMS&VERSION=1.1.1&REQUEST=GetMap&LAYERS=OI.OrthoimageCoverage&STYLES=&SRS=EPSG%3A4326&BBOX=-7.24505432%2C43.19454670%2C-7.23874525%2C43.19914606&WIDTH=512&HEIGHT=512&FORMAT=image%2Fpng&TRANSPARENT=false	2026-08-01T00:00:00Z
weak-chip-export-v1-00404	wl-tile-v1-08856	wl-neg-neg-es-pba-71232	neg-es-pba-71232	0	hard_negative	train	ES	Castelo da Mata	-8.83578603946703	41.92861935284636	-8.83887709,41.92631968,-8.83269498,41.93091903	512	ign_pnoa_rgb	https://www.ign.es/wms-inspire/pnoa-ma	OI.OrthoimageCoverage	data/external/weak-label-chips-v1/train/negative/wl-tile-v1-08856-neg-es-pba-71232.png	weak_label_candidate_for_model_v1	512	512	downloaded	valid	512	512	RGB	681256	1		https://www.ign.es/wms-inspire/pnoa-ma?SERVICE=WMS&VERSION=1.1.1&REQUEST=GetMap&LAYERS=OI.OrthoimageCoverage&STYLES=&SRS=EPSG%3A4326&BBOX=-8.83887709%2C41.92631968%2C-8.83269498%2C41.93091903&WIDTH=512&HEIGHT=512&FORMAT=image%2Fpng&TRANSPARENT=false	2026-08-01T00:00:00Z
weak-chip-export-v1-00405	wl-tile-v1-05167	wl-neg-neg-es-pba-28789	neg-es-pba-28789	0	hard_negative	train	ES	Castelo da Modorra	-7.492296150580819	42.642622060816315	-7.49542244,42.64032238,-7.48916986,42.64492174	512	ign_pnoa_rgb	https://www.ign.es/wms-inspire/pnoa-ma	OI.OrthoimageCoverage	data/external/weak-label-chips-v1/train/negative/wl-tile-v1-05167-neg-es-pba-28789.png	weak_label_candidate_for_model_v1	512	512	downloaded	valid	512	512	RGB	641183	1		https://www.ign.es/wms-inspire/pnoa-ma?SERVICE=WMS&VERSION=1.1.1&REQUEST=GetMap&LAYERS=OI.OrthoimageCoverage&STYLES=&SRS=EPSG%3A4326&BBOX=-7.49542244%2C42.64032238%2C-7.48916986%2C42.64492174&WIDTH=512&HEIGHT=512&FORMAT=image%2Fpng&TRANSPARENT=false	2026-08-01T00:00:00Z
weak-chip-export-v1-00406	wl-tile-v1-05682	wl-neg-neg-es-pba-34395	neg-es-pba-34395	0	hard_negative	train	ES	Castelo da Recadeira	-7.361729968580818	43.44651302117679	-7.36489749,43.44421334,-7.35856244,43.44881270	512	ign_pnoa_rgb	https://www.ign.es/wms-inspire/pnoa-ma	OI.OrthoimageCoverage	data/external/weak-label-chips-v1/train/negative/wl-tile-v1-05682-neg-es-pba-34395.png	weak_label_candidate_for_model_v1	512	512	downloaded	valid	512	512	RGB	695588	1		https://www.ign.es/wms-inspire/pnoa-ma?SERVICE=WMS&VERSION=1.1.1&REQUEST=GetMap&LAYERS=OI.OrthoimageCoverage&STYLES=&SRS=EPSG%3A4326&BBOX=-7.36489749%2C43.44421334%2C-7.35856244%2C43.44881270&WIDTH=512&HEIGHT=512&FORMAT=image%2Fpng&TRANSPARENT=false	2026-08-01T00:00:00Z
weak-chip-export-v1-00407	wl-tile-v1-05943	wl-neg-neg-es-pba-37344	neg-es-pba-37344	0	hard_negative	train	ES	Castelo das Saíñas	-7.6078212012662325	42.47635937020645	-7.61093917,42.47405969,-7.60470323,42.47865905	512	ign_pnoa_rgb	https://www.ign.es/wms-inspire/pnoa-ma	OI.OrthoimageCoverage	data/external/weak-label-chips-v1/train/negative/wl-tile-v1-05943-neg-es-pba-37344.png	weak_label_candidate_for_model_v1	512	512	downloaded	valid	512	512	RGB	696828	1		https://www.ign.es/wms-inspire/pnoa-ma?SERVICE=WMS&VERSION=1.1.1&REQUEST=GetMap&LAYERS=OI.OrthoimageCoverage&STYLES=&SRS=EPSG%3A4326&BBOX=-7.61093917%2C42.47405969%2C-7.60470323%2C42.47865905&WIDTH=512&HEIGHT=512&FORMAT=image%2Fpng&TRANSPARENT=false	2026-08-01T00:00:00Z
weak-chip-export-v1-00408	wl-tile-v1-08568	wl-neg-neg-es-pba-67156	neg-es-pba-67156	0	hard_negative	train	ES	Castelo de Ardán	-8.739030447402177	42.34003837738183	-8.74214165,42.33773870,-8.73591925,42.34233805	512	ign_pnoa_rgb	https://www.ign.es/wms-inspire/pnoa-ma	OI.OrthoimageCoverage	data/external/weak-label-chips-v1/train/negative/wl-tile-v1-08568-neg-es-pba-67156.png	weak_label_candidate_for_model_v1	512	512	downloaded	valid	512	512	RGB	573615	1		https://www.ign.es/wms-inspire/pnoa-ma?SERVICE=WMS&VERSION=1.1.1&REQUEST=GetMap&LAYERS=OI.OrthoimageCoverage&STYLES=&SRS=EPSG%3A4326&BBOX=-8.74214165%2C42.33773870%2C-8.73591925%2C42.34233805&WIDTH=512&HEIGHT=512&FORMAT=image%2Fpng&TRANSPARENT=false	2026-08-01T00:00:00Z
weak-chip-export-v1-00409	wl-tile-v1-08569	wl-neg-neg-es-pba-67157	neg-es-pba-67157	0	hard_negative	train	ES	Castelo de Barbudo	-8.694800268507182	42.36693733061209	-8.69791280,42.36463765,-8.69168774,42.36923701	512	ign_pnoa_rgb	https://www.ign.es/wms-inspire/pnoa-ma	OI.OrthoimageCoverage	data/external/weak-label-chips-v1/train/negative/wl-tile-v1-08569-neg-es-pba-67157.png	weak_label_candidate_for_model_v1	512	512	downloaded	valid	512	512	RGB	668861	1		https://www.ign.es/wms-inspire/pnoa-ma?SERVICE=WMS&VERSION=1.1.1&REQUEST=GetMap&LAYERS=OI.OrthoimageCoverage&STYLES=&SRS=EPSG%3A4326&BBOX=-8.69791280%2C42.36463765%2C-8.69168774%2C42.36923701&WIDTH=512&HEIGHT=512&FORMAT=image%2Fpng&TRANSPARENT=false	2026-08-01T00:00:00Z
weak-chip-export-v1-00410	wl-tile-v1-05944	wl-neg-neg-es-pba-37345	neg-es-pba-37345	0	hard_negative	train	ES	Castelo de Burnugueiras	-7.607235637775358	42.52345259142661	-7.61035596,42.52115291,-7.60411532,42.52575227	512	ign_pnoa_rgb	https://www.ign.es/wms-inspire/pnoa-ma	OI.OrthoimageCoverage	data/external/weak-label-chips-v1/train/negative/wl-tile-v1-05944-neg-es-pba-37345.png	weak_label_candidate_for_model_v1	512	512	downloaded	valid	512	512	RGB	679432	1		https://www.ign.es/wms-inspire/pnoa-ma?SERVICE=WMS&VERSION=1.1.1&REQUEST=GetMap&LAYERS=OI.OrthoimageCoverage&STYLES=&SRS=EPSG%3A4326&BBOX=-7.61035596%2C42.52115291%2C-7.60411532%2C42.52575227&WIDTH=512&HEIGHT=512&FORMAT=image%2Fpng&TRANSPARENT=false	2026-08-01T00:00:00Z
weak-chip-export-v1-00411	wl-tile-v1-09378	wl-neg-neg-es-pba-70318	neg-es-pba-70318	0	hard_negative	train	ES	Castelo de Casas Novas	-8.686729727740884	42.06854123005853	-8.68982759,42.06624155,-8.68363187,42.07084091	512	ign_pnoa_rgb	https://www.ign.es/wms-inspire/pnoa-ma	OI.OrthoimageCoverage	data/external/weak-label-chips-v1/train/negative/wl-tile-v1-09378-neg-es-pba-70318.png	weak_label_candidate_for_model_v1	512	512	downloaded	valid	512	512	RGB	648922	1		https://www.ign.es/wms-inspire/pnoa-ma?SERVICE=WMS&VERSION=1.1.1&REQUEST=GetMap&LAYERS=OI.OrthoimageCoverage&STYLES=&SRS=EPSG%3A4326&BBOX=-8.68982759%2C42.06624155%2C-8.68363187%2C42.07084091&WIDTH=512&HEIGHT=512&FORMAT=image%2Fpng&TRANSPARENT=false	2026-08-01T00:00:00Z
weak-chip-export-v1-00412	wl-tile-v1-08577	wl-neg-neg-es-pba-66595	neg-es-pba-66595	0	hard_negative	train	ES	Castelo de Con O Real/O Castelo	-8.738296568176626	42.27573042710414	-8.74140459,42.27343075,-8.73518854,42.27803010	512	ign_pnoa_rgb	https://www.ign.es/wms-inspire/pnoa-ma	OI.OrthoimageCoverage	data/external/weak-label-chips-v1/train/negative/wl-tile-v1-08577-neg-es-pba-66595.png	weak_label_candidate_for_model_v1	512	512	downloaded	valid	512	512	RGB	707343	1		https://www.ign.es/wms-inspire/pnoa-ma?SERVICE=WMS&VERSION=1.1.1&REQUEST=GetMap&LAYERS=OI.OrthoimageCoverage&STYLES=&SRS=EPSG%3A4326&BBOX=-8.74140459%2C42.27343075%2C-8.73518854%2C42.27803010&WIDTH=512&HEIGHT=512&FORMAT=image%2Fpng&TRANSPARENT=false	2026-08-01T00:00:00Z
weak-chip-export-v1-00413	wl-tile-v1-09247	wl-neg-neg-es-pba-70135	neg-es-pba-70135	0	hard_negative	train	ES	Castelo de Ferveda/Coto do Castelo	-8.320111126070513	42.671578361500096	-8.32323887,42.66927868,-8.31698338,42.67387804	512	ign_pnoa_rgb	https://www.ign.es/wms-inspire/pnoa-ma	OI.OrthoimageCoverage	data/external/weak-label-chips-v1/train/negative/wl-tile-v1-09247-neg-es-pba-70135.png	weak_label_candidate_for_model_v1	512	512	downloaded	valid	512	512	RGB	678847	1		https://www.ign.es/wms-inspire/pnoa-ma?SERVICE=WMS&VERSION=1.1.1&REQUEST=GetMap&LAYERS=OI.OrthoimageCoverage&STYLES=&SRS=EPSG%3A4326&BBOX=-8.32323887%2C42.66927868%2C-8.31698338%2C42.67387804&WIDTH=512&HEIGHT=512&FORMAT=image%2Fpng&TRANSPARENT=false	2026-08-01T00:00:00Z
weak-chip-export-v1-00414	wl-tile-v1-07934	wl-neg-neg-es-pba-61517	neg-es-pba-61517	0	hard_negative	train	ES	Castelo de Pereiró	-8.935929697378835	42.363418891245466	-8.93904206,42.36111921,-8.93281734,42.36571857	512	ign_pnoa_rgb	https://www.ign.es/wms-inspire/pnoa-ma	OI.OrthoimageCoverage	data/external/weak-label-chips-v1/train/negative/wl-tile-v1-07934-neg-es-pba-61517.png	weak_label_candidate_for_model_v1	512	512	downloaded	valid	512	512	RGB	581058	1		https://www.ign.es/wms-inspire/pnoa-ma?SERVICE=WMS&VERSION=1.1.1&REQUEST=GetMap&LAYERS=OI.OrthoimageCoverage&STYLES=&SRS=EPSG%3A4326&BBOX=-8.93904206%2C42.36111921%2C-8.93281734%2C42.36571857&WIDTH=512&HEIGHT=512&FORMAT=image%2Fpng&TRANSPARENT=false	2026-08-01T00:00:00Z
weak-chip-export-v1-00415	wl-tile-v1-09176	wl-neg-neg-es-pba-71331	neg-es-pba-71331	0	hard_negative	train	ES	Castelo de Rande	-8.661010540839703	42.284212049126886	-8.66411898,42.28191237,-8.65790210,42.28651173	512	ign_pnoa_rgb	https://www.ign.es/wms-inspire/pnoa-ma	OI.OrthoimageCoverage	data/external/weak-label-chips-v1/train/negative/wl-tile-v1-09176-neg-es-pba-71331.png	weak_label_candidate_for_model_v1	512	512	downloaded	valid	512	512	RGB	495146	1		https://www.ign.es/wms-inspire/pnoa-ma?SERVICE=WMS&VERSION=1.1.1&REQUEST=GetMap&LAYERS=OI.OrthoimageCoverage&STYLES=&SRS=EPSG%3A4326&BBOX=-8.66411898%2C42.28191237%2C-8.65790210%2C42.28651173&WIDTH=512&HEIGHT=512&FORMAT=image%2Fpng&TRANSPARENT=false	2026-08-01T00:00:00Z
weak-chip-export-v1-00416	wl-tile-v1-09495	wl-neg-neg-es-pba-74969	neg-es-pba-74969	0	hard_negative	train	ES	Castelo de Uveiras/O Castelo	-8.661155310260778	42.30536245975286	-8.66426480,42.30306278,-8.65804582,42.30766214	512	ign_pnoa_rgb	https://www.ign.es/wms-inspire/pnoa-ma	OI.OrthoimageCoverage	data/external/weak-label-chips-v1/train/negative/wl-tile-v1-09495-neg-es-pba-74969.png	weak_label_candidate_for_model_v1	512	512	downloaded	valid	512	512	RGB	716003	1		https://www.ign.es/wms-inspire/pnoa-ma?SERVICE=WMS&VERSION=1.1.1&REQUEST=GetMap&LAYERS=OI.OrthoimageCoverage&STYLES=&SRS=EPSG%3A4326&BBOX=-8.66426480%2C42.30306278%2C-8.65804582%2C42.30766214&WIDTH=512&HEIGHT=512&FORMAT=image%2Fpng&TRANSPARENT=false	2026-08-01T00:00:00Z
weak-chip-export-v1-00417	wl-tile-v1-08778	wl-neg-neg-es-pba-68975	neg-es-pba-68975	0	hard_negative	train	ES	Castelo do Monte	-8.766289996252533	42.133031916949726	-8.76939101,42.13073224,-8.76318898,42.13533159	512	ign_pnoa_rgb	https://www.ign.es/wms-inspire/pnoa-ma	OI.OrthoimageCoverage	data/external/weak-label-chips-v1/train/negative/wl-tile-v1-08778-neg-es-pba-68975.png	weak_label_candidate_for_model_v1	512	512	downloaded	valid	512	512	RGB	659088	1		https://www.ign.es/wms-inspire/pnoa-ma?SERVICE=WMS&VERSION=1.1.1&REQUEST=GetMap&LAYERS=OI.OrthoimageCoverage&STYLES=&SRS=EPSG%3A4326&BBOX=-8.76939101%2C42.13073224%2C-8.76318898%2C42.13533159&WIDTH=512&HEIGHT=512&FORMAT=image%2Fpng&TRANSPARENT=false	2026-08-01T00:00:00Z
weak-chip-export-v1-00418	wl-tile-v1-08857	wl-neg-neg-es-pba-71233	neg-es-pba-71233	0	hard_negative	train	ES	Castelo do Monte Terroso	-8.871715099784934	41.923588060492186	-8.87480591,41.92128838,-8.86862429,41.92588774	512	ign_pnoa_rgb	https://www.ign.es/wms-inspire/pnoa-ma	OI.OrthoimageCoverage	data/external/weak-label-chips-v1/train/negative/wl-tile-v1-08857-neg-es-pba-71233.png	weak_label_candidate_for_model_v1	512	512	downloaded	valid	512	512	RGB	635223	1		https://www.ign.es/wms-inspire/pnoa-ma?SERVICE=WMS&VERSION=1.1.1&REQUEST=GetMap&LAYERS=OI.OrthoimageCoverage&STYLES=&SRS=EPSG%3A4326&BBOX=-8.87480591%2C41.92128838%2C-8.86862429%2C41.92588774&WIDTH=512&HEIGHT=512&FORMAT=image%2Fpng&TRANSPARENT=false	2026-08-01T00:00:00Z
weak-chip-export-v1-00419	wl-tile-v1-05683	wl-neg-neg-es-pba-34396	neg-es-pba-34396	0	hard_negative	train	ES	Castelo do Monte da Arca	-7.345572112034621	43.41492183867245	-7.34873799,43.41262216,-7.34240624,43.41722152	512	ign_pnoa_rgb	https://www.ign.es/wms-inspire/pnoa-ma	OI.OrthoimageCoverage	data/external/weak-label-chips-v1/train/negative/wl-tile-v1-05683-neg-es-pba-34396.png	weak_label_candidate_for_model_v1	512	512	downloaded	valid	512	512	RGB	644613	1		https://www.ign.es/wms-inspire/pnoa-ma?SERVICE=WMS&VERSION=1.1.1&REQUEST=GetMap&LAYERS=OI.OrthoimageCoverage&STYLES=&SRS=EPSG%3A4326&BBOX=-7.34873799%2C43.41262216%2C-7.34240624%2C43.41722152&WIDTH=512&HEIGHT=512&FORMAT=image%2Fpng&TRANSPARENT=false	2026-08-01T00:00:00Z
weak-chip-export-v1-00420	wl-tile-v1-02802	wl-neg-neg-es-pba-7236	neg-es-pba-7236	0	hard_negative	train	ES	Castelo/Batería de San Diego	-8.391793114850639	43.35586873279397	-8.39495591,43.35356906,-8.38863032,43.35816841	512	ign_pnoa_rgb	https://www.ign.es/wms-inspire/pnoa-ma	OI.OrthoimageCoverage	data/external/weak-label-chips-v1/train/negative/wl-tile-v1-02802-neg-es-pba-7236.png	weak_label_candidate_for_model_v1	512	512	downloaded	valid	512	512	RGB	646101	1		https://www.ign.es/wms-inspire/pnoa-ma?SERVICE=WMS&VERSION=1.1.1&REQUEST=GetMap&LAYERS=OI.OrthoimageCoverage&STYLES=&SRS=EPSG%3A4326&BBOX=-8.39495591%2C43.35356906%2C-8.38863032%2C43.35816841&WIDTH=512&HEIGHT=512&FORMAT=image%2Fpng&TRANSPARENT=false	2026-08-01T00:00:00Z
weak-chip-export-v1-00421	wl-tile-v1-06192	wl-neg-neg-es-pba-38466	neg-es-pba-38466	0	hard_negative	train	ES	Cazoletas de Penamaior	-7.667193224214655	42.85282913852191	-7.67033013,42.85052946,-7.66405632,42.85512882	512	ign_pnoa_rgb	https://www.ign.es/wms-inspire/pnoa-ma	OI.OrthoimageCoverage	data/external/weak-label-chips-v1/train/negative/wl-tile-v1-06192-neg-es-pba-38466.png	weak_label_candidate_for_model_v1	512	512	downloaded	valid	512	512	RGB	662158	1		https://www.ign.es/wms-inspire/pnoa-ma?SERVICE=WMS&VERSION=1.1.1&REQUEST=GetMap&LAYERS=OI.OrthoimageCoverage&STYLES=&SRS=EPSG%3A4326&BBOX=-7.67033013%2C42.85052946%2C-7.66405632%2C42.85512882&WIDTH=512&HEIGHT=512&FORMAT=image%2Fpng&TRANSPARENT=false	2026-08-01T00:00:00Z
weak-chip-export-v1-00422	wl-tile-v1-06840	wl-neg-neg-es-pba-45330	neg-es-pba-45330	0	hard_negative	train	ES	Cazoletas de San Pedro	-7.7421645928294645	41.92198200262017	-7.74525533,41.91968233,-7.73907386,41.92428168	512	ign_pnoa_rgb	https://www.ign.es/wms-inspire/pnoa-ma	OI.OrthoimageCoverage	data/external/weak-label-chips-v1/train/negative/wl-tile-v1-06840-neg-es-pba-45330.png	weak_label_candidate_for_model_v1	512	512	downloaded	valid	512	512	RGB	688646	1		https://www.ign.es/wms-inspire/pnoa-ma?SERVICE=WMS&VERSION=1.1.1&REQUEST=GetMap&LAYERS=OI.OrthoimageCoverage&STYLES=&SRS=EPSG%3A4326&BBOX=-7.74525533%2C41.91968233%2C-7.73907386%2C41.92428168&WIDTH=512&HEIGHT=512&FORMAT=image%2Fpng&TRANSPARENT=false	2026-08-01T00:00:00Z
weak-chip-export-v1-00423	wl-tile-v1-07324	wl-neg-neg-es-pba-56795	neg-es-pba-56795	0	hard_negative	train	ES	Cista de Biobra	-6.883959342696564	42.47473277623484	-6.88707723,42.47243310,-6.88084146,42.47703245	512	ign_pnoa_rgb	https://www.ign.es/wms-inspire/pnoa-ma	OI.OrthoimageCoverage	data/external/weak-label-chips-v1/train/negative/wl-tile-v1-07324-neg-es-pba-56795.png	weak_label_candidate_for_model_v1	512	512	downloaded	valid	512	512	RGB	629730	1		https://www.ign.es/wms-inspire/pnoa-ma?SERVICE=WMS&VERSION=1.1.1&REQUEST=GetMap&LAYERS=OI.OrthoimageCoverage&STYLES=&SRS=EPSG%3A4326&BBOX=-6.88707723%2C42.47243310%2C-6.88084146%2C42.47703245&WIDTH=512&HEIGHT=512&FORMAT=image%2Fpng&TRANSPARENT=false	2026-08-01T00:00:00Z
weak-chip-export-v1-00424	wl-tile-v1-09497	wl-neg-neg-es-pba-75104	neg-es-pba-75104	0	hard_negative	train	ES	Cista de Chan de Castiñeiras 2/Mámoa do Rei	-8.67224005510734	42.35878152938792	-8.67535218,42.35648185,-8.66912793,42.36108121	512	ign_pnoa_rgb	https://www.ign.es/wms-inspire/pnoa-ma	OI.OrthoimageCoverage	data/external/weak-label-chips-v1/train/negative/wl-tile-v1-09497-neg-es-pba-75104.png	weak_label_candidate_for_model_v1	512	512	downloaded	valid	512	512	RGB	669802	1		https://www.ign.es/wms-inspire/pnoa-ma?SERVICE=WMS&VERSION=1.1.1&REQUEST=GetMap&LAYERS=OI.OrthoimageCoverage&STYLES=&SRS=EPSG%3A4326&BBOX=-8.67535218%2C42.35648185%2C-8.66912793%2C42.36108121&WIDTH=512&HEIGHT=512&FORMAT=image%2Fpng&TRANSPARENT=false	2026-08-01T00:00:00Z
weak-chip-export-v1-00425	wl-tile-v1-07947	wl-neg-neg-es-pba-62940	neg-es-pba-62940	0	hard_negative	train	ES	Cistas de Gandón	-8.807801387751683	42.291455137885286	-8.81091019,42.28915546,-8.80469259,42.29375481	512	ign_pnoa_rgb	https://www.ign.es/wms-inspire/pnoa-ma	OI.OrthoimageCoverage	data/external/weak-label-chips-v1/train/negative/wl-tile-v1-07947-neg-es-pba-62940.png	weak_label_candidate_for_model_v1	512	512	downloaded	valid	512	512	RGB	701608	1		https://www.ign.es/wms-inspire/pnoa-ma?SERVICE=WMS&VERSION=1.1.1&REQUEST=GetMap&LAYERS=OI.OrthoimageCoverage&STYLES=&SRS=EPSG%3A4326&BBOX=-8.81091019%2C42.28915546%2C-8.80469259%2C42.29375481&WIDTH=512&HEIGHT=512&FORMAT=image%2Fpng&TRANSPARENT=false	2026-08-01T00:00:00Z
weak-chip-export-v1-00426	wl-tile-v1-08858	wl-neg-neg-es-pba-68854	neg-es-pba-68854	0	hard_negative	train	ES	Complexo megalítico de Amoedo/Mámoa de Alvedosa 1	-8.55906731017521	42.29595566922416	-8.56217633,42.29365599,-8.55595829,42.29825535	512	ign_pnoa_rgb	https://www.ign.es/wms-inspire/pnoa-ma	OI.OrthoimageCoverage	data/external/weak-label-chips-v1/train/negative/wl-tile-v1-08858-neg-es-pba-68854.png	weak_label_candidate_for_model_v1	512	512	downloaded	valid	512	512	RGB	683500	1		https://www.ign.es/wms-inspire/pnoa-ma?SERVICE=WMS&VERSION=1.1.1&REQUEST=GetMap&LAYERS=OI.OrthoimageCoverage&STYLES=&SRS=EPSG%3A4326&BBOX=-8.56217633%2C42.29365599%2C-8.55595829%2C42.29825535&WIDTH=512&HEIGHT=512&FORMAT=image%2Fpng&TRANSPARENT=false	2026-08-01T00:00:00Z
weak-chip-export-v1-00427	wl-tile-v1-08859	wl-neg-neg-es-pba-68855	neg-es-pba-68855	0	hard_negative	train	ES	Complexo megalítico de Amoedo/Mámoa de Alvedosa 2	-8.559201328285738	42.29570463383472	-8.56231034,42.29340496,-8.55609232,42.29800431	512	ign_pnoa_rgb	https://www.ign.es/wms-inspire/pnoa-ma	OI.OrthoimageCoverage	data/external/weak-label-chips-v1/train/negative/wl-tile-v1-08859-neg-es-pba-68855.png	weak_label_candidate_for_model_v1	512	512	downloaded	valid	512	512	RGB	682568	1		https://www.ign.es/wms-inspire/pnoa-ma?SERVICE=WMS&VERSION=1.1.1&REQUEST=GetMap&LAYERS=OI.OrthoimageCoverage&STYLES=&SRS=EPSG%3A4326&BBOX=-8.56231034%2C42.29340496%2C-8.55609232%2C42.29800431&WIDTH=512&HEIGHT=512&FORMAT=image%2Fpng&TRANSPARENT=false	2026-08-01T00:00:00Z
weak-chip-export-v1-00428	wl-tile-v1-08860	wl-neg-neg-es-pba-68856	neg-es-pba-68856	0	hard_negative	train	ES	Complexo megalítico de Amoedo/Mámoa de Alvedosa 3	-8.55916137790358	42.2955940852604	-8.56227038,42.29329441,-8.55605237,42.29789376	512	ign_pnoa_rgb	https://www.ign.es/wms-inspire/pnoa-ma	OI.OrthoimageCoverage	data/external/weak-label-chips-v1/train/negative/wl-tile-v1-08860-neg-es-pba-68856.png	weak_label_candidate_for_model_v1	512	512	downloaded	valid	512	512	RGB	682701	1		https://www.ign.es/wms-inspire/pnoa-ma?SERVICE=WMS&VERSION=1.1.1&REQUEST=GetMap&LAYERS=OI.OrthoimageCoverage&STYLES=&SRS=EPSG%3A4326&BBOX=-8.56227038%2C42.29329441%2C-8.55605237%2C42.29789376&WIDTH=512&HEIGHT=512&FORMAT=image%2Fpng&TRANSPARENT=false	2026-08-01T00:00:00Z
weak-chip-export-v1-00429	wl-tile-v1-08861	wl-neg-neg-es-pba-68857	neg-es-pba-68857	0	hard_negative	train	ES	Complexo megalítico de Amoedo/Mámoa de Alvedosa 4	-8.559270037453915	42.29540917470778	-8.56237903,42.29310950,-8.55616104,42.29770885	512	ign_pnoa_rgb	https://www.ign.es/wms-inspire/pnoa-ma	OI.OrthoimageCoverage	data/external/weak-label-chips-v1/train/negative/wl-tile-v1-08861-neg-es-pba-68857.png	weak_label_candidate_for_model_v1	512	512	downloaded	valid	512	512	RGB	682864	1		https://www.ign.es/wms-inspire/pnoa-ma?SERVICE=WMS&VERSION=1.1.1&REQUEST=GetMap&LAYERS=OI.OrthoimageCoverage&STYLES=&SRS=EPSG%3A4326&BBOX=-8.56237903%2C42.29310950%2C-8.55616104%2C42.29770885&WIDTH=512&HEIGHT=512&FORMAT=image%2Fpng&TRANSPARENT=false	2026-08-01T00:00:00Z
weak-chip-export-v1-00430	wl-tile-v1-08862	wl-neg-neg-es-pba-68858	neg-es-pba-68858	0	hard_negative	train	ES	Complexo megalítico de Amoedo/Mámoa de Alvedosa 5	-8.558654284032514	42.295258089418596	-8.56176327,42.29295841,-8.55554530,42.29755777	512	ign_pnoa_rgb	https://www.ign.es/wms-inspire/pnoa-ma	OI.OrthoimageCoverage	data/external/weak-label-chips-v1/train/negative/wl-tile-v1-08862-neg-es-pba-68858.png	weak_label_candidate_for_model_v1	512	512	downloaded	valid	512	512	RGB	685529	1		https://www.ign.es/wms-inspire/pnoa-ma?SERVICE=WMS&VERSION=1.1.1&REQUEST=GetMap&LAYERS=OI.OrthoimageCoverage&STYLES=&SRS=EPSG%3A4326&BBOX=-8.56176327%2C42.29295841%2C-8.55554530%2C42.29755777&WIDTH=512&HEIGHT=512&FORMAT=image%2Fpng&TRANSPARENT=false	2026-08-01T00:00:00Z
weak-chip-export-v1-00431	wl-tile-v1-08863	wl-neg-neg-es-pba-68859	neg-es-pba-68859	0	hard_negative	train	ES	Complexo megalítico de Amoedo/Mámoa de Alvedosa 6	-8.56320827812008	42.29573363608015	-8.56631729,42.29343396,-8.56009927,42.29803331	512	ign_pnoa_rgb	https://www.ign.es/wms-inspire/pnoa-ma	OI.OrthoimageCoverage	data/external/weak-label-chips-v1/train/negative/wl-tile-v1-08863-neg-es-pba-68859.png	weak_label_candidate_for_model_v1	512	512	downloaded	valid	512	512	RGB	648423	1		https://www.ign.es/wms-inspire/pnoa-ma?SERVICE=WMS&VERSION=1.1.1&REQUEST=GetMap&LAYERS=OI.OrthoimageCoverage&STYLES=&SRS=EPSG%3A4326&BBOX=-8.56631729%2C42.29343396%2C-8.56009927%2C42.29803331&WIDTH=512&HEIGHT=512&FORMAT=image%2Fpng&TRANSPARENT=false	2026-08-01T00:00:00Z
weak-chip-export-v1-00432	wl-tile-v1-08578	wl-neg-neg-es-pba-66693	neg-es-pba-66693	0	hard_negative	train	ES	Complexo rupestre da Escada	-8.716070833927905	42.30167055652989	-8.71918014,42.29937088,-8.71296153,42.30397023	512	ign_pnoa_rgb	https://www.ign.es/wms-inspire/pnoa-ma	OI.OrthoimageCoverage	data/external/weak-label-chips-v1/train/negative/wl-tile-v1-08578-neg-es-pba-66693.png	weak_label_candidate_for_model_v1	512	512	downloaded	valid	512	512	RGB	679098	1		https://www.ign.es/wms-inspire/pnoa-ma?SERVICE=WMS&VERSION=1.1.1&REQUEST=GetMap&LAYERS=OI.OrthoimageCoverage&STYLES=&SRS=EPSG%3A4326&BBOX=-8.71918014%2C42.29937088%2C-8.71296153%2C42.30397023&WIDTH=512&HEIGHT=512&FORMAT=image%2Fpng&TRANSPARENT=false	2026-08-01T00:00:00Z
weak-chip-export-v1-00433	wl-tile-v1-08913	wl-neg-neg-es-pba-76607	neg-es-pba-76607	0	hard_negative	train	ES	Complexo rupestre de Combarro	-8.70993445250591	42.44088600357943	-8.71305066,42.43858633,-8.70681825,42.44318568	512	ign_pnoa_rgb	https://www.ign.es/wms-inspire/pnoa-ma	OI.OrthoimageCoverage	data/external/weak-label-chips-v1/train/negative/wl-tile-v1-08913-neg-es-pba-76607.png	weak_label_candidate_for_model_v1	512	512	downloaded	valid	512	512	RGB	671925	1		https://www.ign.es/wms-inspire/pnoa-ma?SERVICE=WMS&VERSION=1.1.1&REQUEST=GetMap&LAYERS=OI.OrthoimageCoverage&STYLES=&SRS=EPSG%3A4326&BBOX=-8.71305066%2C42.43858633%2C-8.70681825%2C42.44318568&WIDTH=512&HEIGHT=512&FORMAT=image%2Fpng&TRANSPARENT=false	2026-08-01T00:00:00Z
weak-chip-export-v1-00434	wl-tile-v1-08914	wl-neg-neg-es-pba-76608	neg-es-pba-76608	0	hard_negative	train	ES	Complexo rupestre de Combarro-Raxó	-8.716691753683362	42.430807830787785	-8.71980746,42.42850815,-8.71357605,42.43310751	512	ign_pnoa_rgb	https://www.ign.es/wms-inspire/pnoa-ma	OI.OrthoimageCoverage	data/external/weak-label-chips-v1/train/negative/wl-tile-v1-08914-neg-es-pba-76608.png	weak_label_candidate_for_model_v1	512	512	downloaded	valid	512	512	RGB	635486	1		https://www.ign.es/wms-inspire/pnoa-ma?SERVICE=WMS&VERSION=1.1.1&REQUEST=GetMap&LAYERS=OI.OrthoimageCoverage&STYLES=&SRS=EPSG%3A4326&BBOX=-8.71980746%2C42.42850815%2C-8.71357605%2C42.43310751&WIDTH=512&HEIGHT=512&FORMAT=image%2Fpng&TRANSPARENT=false	2026-08-01T00:00:00Z
weak-chip-export-v1-00435	wl-tile-v1-04279	wl-neg-neg-es-pba-20010	neg-es-pba-20010	0	hard_negative	train	ES	Contorna de Porta da Mámoa	-8.544194216013103	42.8770472229444	-8.54733235,42.87474755,-8.54105608,42.87934690	512	ign_pnoa_rgb	https://www.ign.es/wms-inspire/pnoa-ma	OI.OrthoimageCoverage	data/external/weak-label-chips-v1/train/negative/wl-tile-v1-04279-neg-es-pba-20010.png	weak_label_candidate_for_model_v1	512	512	downloaded	valid	512	512	RGB	691441	1		https://www.ign.es/wms-inspire/pnoa-ma?SERVICE=WMS&VERSION=1.1.1&REQUEST=GetMap&LAYERS=OI.OrthoimageCoverage&STYLES=&SRS=EPSG%3A4326&BBOX=-8.54733235%2C42.87474755%2C-8.54105608%2C42.87934690&WIDTH=512&HEIGHT=512&FORMAT=image%2Fpng&TRANSPARENT=false	2026-08-01T00:00:00Z
weak-chip-export-v1-00436	wl-tile-v1-03925	wl-neg-neg-es-pba-15660	neg-es-pba-15660	0	hard_negative	train	ES	Coto da Medorra/Mámoa do Coto da Medorra	-8.447706929898189	43.09817984184317	-8.45085638,43.09588017,-8.44455748,43.10047952	512	ign_pnoa_rgb	https://www.ign.es/wms-inspire/pnoa-ma	OI.OrthoimageCoverage	data/external/weak-label-chips-v1/train/negative/wl-tile-v1-03925-neg-es-pba-15660.png	weak_label_candidate_for_model_v1	512	512	downloaded	valid	512	512	RGB	668749	1		https://www.ign.es/wms-inspire/pnoa-ma?SERVICE=WMS&VERSION=1.1.1&REQUEST=GetMap&LAYERS=OI.OrthoimageCoverage&STYLES=&SRS=EPSG%3A4326&BBOX=-8.45085638%2C43.09588017%2C-8.44455748%2C43.10047952&WIDTH=512&HEIGHT=512&FORMAT=image%2Fpng&TRANSPARENT=false	2026-08-01T00:00:00Z
weak-chip-export-v1-00437	wl-tile-v1-06338	wl-neg-neg-es-pba-41313	neg-es-pba-41313	0	hard_negative	train	ES	Coto das Medorras 1	-7.762999826453586	42.77425812437821	-7.76613275,42.77195845,-7.75986690,42.77655780	512	ign_pnoa_rgb	https://www.ign.es/wms-inspire/pnoa-ma	OI.OrthoimageCoverage	data/external/weak-label-chips-v1/train/negative/wl-tile-v1-06338-neg-es-pba-41313.png	weak_label_candidate_for_model_v1	512	512	downloaded	valid	512	512	RGB	678581	1		https://www.ign.es/wms-inspire/pnoa-ma?SERVICE=WMS&VERSION=1.1.1&REQUEST=GetMap&LAYERS=OI.OrthoimageCoverage&STYLES=&SRS=EPSG%3A4326&BBOX=-7.76613275%2C42.77195845%2C-7.75986690%2C42.77655780&WIDTH=512&HEIGHT=512&FORMAT=image%2Fpng&TRANSPARENT=false	2026-08-01T00:00:00Z
weak-chip-export-v1-00438	wl-tile-v1-06339	wl-neg-neg-es-pba-41314	neg-es-pba-41314	0	hard_negative	train	ES	Coto das Medorras 2	-7.762471022587292	42.77522852690933	-7.76560400,42.77292885,-7.75933805,42.77752820	512	ign_pnoa_rgb	https://www.ign.es/wms-inspire/pnoa-ma	OI.OrthoimageCoverage	data/external/weak-label-chips-v1/train/negative/wl-tile-v1-06339-neg-es-pba-41314.png	weak_label_candidate_for_model_v1	512	512	downloaded	valid	512	512	RGB	682137	1		https://www.ign.es/wms-inspire/pnoa-ma?SERVICE=WMS&VERSION=1.1.1&REQUEST=GetMap&LAYERS=OI.OrthoimageCoverage&STYLES=&SRS=EPSG%3A4326&BBOX=-7.76560400%2C42.77292885%2C-7.75933805%2C42.77752820&WIDTH=512&HEIGHT=512&FORMAT=image%2Fpng&TRANSPARENT=false	2026-08-01T00:00:00Z
weak-chip-export-v1-00439	wl-tile-v1-06340	wl-neg-neg-es-pba-41315	neg-es-pba-41315	0	hard_negative	train	ES	Coto das Medorras 3	-7.762085752217693	42.77714123827024	-7.76521882,42.77484156,-7.75895268,42.77944091	512	ign_pnoa_rgb	https://www.ign.es/wms-inspire/pnoa-ma	OI.OrthoimageCoverage	data/external/weak-label-chips-v1/train/negative/wl-tile-v1-06340-neg-es-pba-41315.png	weak_label_candidate_for_model_v1	512	512	downloaded	valid	512	512	RGB	663004	1		https://www.ign.es/wms-inspire/pnoa-ma?SERVICE=WMS&VERSION=1.1.1&REQUEST=GetMap&LAYERS=OI.OrthoimageCoverage&STYLES=&SRS=EPSG%3A4326&BBOX=-7.76521882%2C42.77484156%2C-7.75895268%2C42.77944091&WIDTH=512&HEIGHT=512&FORMAT=image%2Fpng&TRANSPARENT=false	2026-08-01T00:00:00Z
weak-chip-export-v1-00440	wl-tile-v1-07974	wl-neg-neg-es-pba-78570	neg-es-pba-78570	0	hard_negative	train	ES	Coto de Mámoas 1	-8.376671544486522	42.54208485562794	-8.37979279,42.53978518,-8.37355030,42.54438453	512	ign_pnoa_rgb	https://www.ign.es/wms-inspire/pnoa-ma	OI.OrthoimageCoverage	data/external/weak-label-chips-v1/train/negative/wl-tile-v1-07974-neg-es-pba-78570.png	weak_label_candidate_for_model_v1	512	512	downloaded	valid	512	512	RGB	640141	1		https://www.ign.es/wms-inspire/pnoa-ma?SERVICE=WMS&VERSION=1.1.1&REQUEST=GetMap&LAYERS=OI.OrthoimageCoverage&STYLES=&SRS=EPSG%3A4326&BBOX=-8.37979279%2C42.53978518%2C-8.37355030%2C42.54438453&WIDTH=512&HEIGHT=512&FORMAT=image%2Fpng&TRANSPARENT=false	2026-08-01T00:00:00Z
weak-chip-export-v1-00441	wl-tile-v1-07975	wl-neg-neg-es-pba-78571	neg-es-pba-78571	0	hard_negative	train	ES	Coto de Mámoas 2	-8.376068572454718	42.54189637592391	-8.37918981,42.53959670,-8.37294733,42.54419605	512	ign_pnoa_rgb	https://www.ign.es/wms-inspire/pnoa-ma	OI.OrthoimageCoverage	data/external/weak-label-chips-v1/train/negative/wl-tile-v1-07975-neg-es-pba-78571.png	weak_label_candidate_for_model_v1	512	512	downloaded	valid	512	512	RGB	642257	1		https://www.ign.es/wms-inspire/pnoa-ma?SERVICE=WMS&VERSION=1.1.1&REQUEST=GetMap&LAYERS=OI.OrthoimageCoverage&STYLES=&SRS=EPSG%3A4326&BBOX=-8.37918981%2C42.53959670%2C-8.37294733%2C42.54419605&WIDTH=512&HEIGHT=512&FORMAT=image%2Fpng&TRANSPARENT=false	2026-08-01T00:00:00Z
weak-chip-export-v1-00442	wl-tile-v1-07976	wl-neg-neg-es-pba-78572	neg-es-pba-78572	0	hard_negative	train	ES	Coto de Mámoas 3	-8.37584112707424	42.541976487281744	-8.37896237,42.53967681,-8.37271988,42.54427616	512	ign_pnoa_rgb	https://www.ign.es/wms-inspire/pnoa-ma	OI.OrthoimageCoverage	data/external/weak-label-chips-v1/train/negative/wl-tile-v1-07976-neg-es-pba-78572.png	weak_label_candidate_for_model_v1	512	512	downloaded	valid	512	512	RGB	643562	1		https://www.ign.es/wms-inspire/pnoa-ma?SERVICE=WMS&VERSION=1.1.1&REQUEST=GetMap&LAYERS=OI.OrthoimageCoverage&STYLES=&SRS=EPSG%3A4326&BBOX=-8.37896237%2C42.53967681%2C-8.37271988%2C42.54427616&WIDTH=512&HEIGHT=512&FORMAT=image%2Fpng&TRANSPARENT=false	2026-08-01T00:00:00Z
weak-chip-export-v1-00443	wl-tile-v1-07977	wl-neg-neg-es-pba-78573	neg-es-pba-78573	0	hard_negative	train	ES	Coto de Mámoas 4	-8.375533273715487	42.54196466414115	-8.37865452,42.53966499,-8.37241203,42.54426434	512	ign_pnoa_rgb	https://www.ign.es/wms-inspire/pnoa-ma	OI.OrthoimageCoverage	data/external/weak-label-chips-v1/train/negative/wl-tile-v1-07977-neg-es-pba-78573.png	weak_label_candidate_for_model_v1	512	512	downloaded	valid	512	512	RGB	644443	1		https://www.ign.es/wms-inspire/pnoa-ma?SERVICE=WMS&VERSION=1.1.1&REQUEST=GetMap&LAYERS=OI.OrthoimageCoverage&STYLES=&SRS=EPSG%3A4326&BBOX=-8.37865452%2C42.53966499%2C-8.37241203%2C42.54426434&WIDTH=512&HEIGHT=512&FORMAT=image%2Fpng&TRANSPARENT=false	2026-08-01T00:00:00Z
weak-chip-export-v1-00444	wl-tile-v1-07978	wl-neg-neg-es-pba-78574	neg-es-pba-78574	0	hard_negative	train	ES	Coto de Mámoas 5	-8.375707853833243	42.54184505158559	-8.37882909,42.53954537,-8.37258662,42.54414473	512	ign_pnoa_rgb	https://www.ign.es/wms-inspire/pnoa-ma	OI.OrthoimageCoverage	data/external/weak-label-chips-v1/train/negative/wl-tile-v1-07978-neg-es-pba-78574.png	weak_label_candidate_for_model_v1	512	512	downloaded	valid	512	512	RGB	643091	1		https://www.ign.es/wms-inspire/pnoa-ma?SERVICE=WMS&VERSION=1.1.1&REQUEST=GetMap&LAYERS=OI.OrthoimageCoverage&STYLES=&SRS=EPSG%3A4326&BBOX=-8.37882909%2C42.53954537%2C-8.37258662%2C42.54414473&WIDTH=512&HEIGHT=512&FORMAT=image%2Fpng&TRANSPARENT=false	2026-08-01T00:00:00Z
weak-chip-export-v1-00445	wl-tile-v1-05767	wl-neg-neg-es-pba-35346	neg-es-pba-35346	0	hard_negative	train	ES	Coto do Mouro Morto/Orgoso/Medorra de Monte Agudo 1	-7.8427502285680415	42.82354536409898	-7.84588565,42.82124569,-7.83961481,42.82584504	512	ign_pnoa_rgb	https://www.ign.es/wms-inspire/pnoa-ma	OI.OrthoimageCoverage	data/external/weak-label-chips-v1/train/negative/wl-tile-v1-05767-neg-es-pba-35346.png	weak_label_candidate_for_model_v1	512	512	downloaded	valid	512	512	RGB	654833	1		https://www.ign.es/wms-inspire/pnoa-ma?SERVICE=WMS&VERSION=1.1.1&REQUEST=GetMap&LAYERS=OI.OrthoimageCoverage&STYLES=&SRS=EPSG%3A4326&BBOX=-7.84588565%2C42.82124569%2C-7.83961481%2C42.82584504&WIDTH=512&HEIGHT=512&FORMAT=image%2Fpng&TRANSPARENT=false	2026-08-01T00:00:00Z
weak-chip-export-v1-00446	wl-tile-v1-05768	wl-neg-neg-es-pba-35347	neg-es-pba-35347	0	hard_negative	train	ES	Coto do Mouro Morto/Orgoso/Medorra de Monte Agudo 2	-7.84237411784335	42.82458385910409	-7.84550959,42.82228418,-7.83923864,42.82688354	512	ign_pnoa_rgb	https://www.ign.es/wms-inspire/pnoa-ma	OI.OrthoimageCoverage	data/external/weak-label-chips-v1/train/negative/wl-tile-v1-05768-neg-es-pba-35347.png	weak_label_candidate_for_model_v1	512	512	downloaded	valid	512	512	RGB	641945	1		https://www.ign.es/wms-inspire/pnoa-ma?SERVICE=WMS&VERSION=1.1.1&REQUEST=GetMap&LAYERS=OI.OrthoimageCoverage&STYLES=&SRS=EPSG%3A4326&BBOX=-7.84550959%2C42.82228418%2C-7.83923864%2C42.82688354&WIDTH=512&HEIGHT=512&FORMAT=image%2Fpng&TRANSPARENT=false	2026-08-01T00:00:00Z
weak-chip-export-v1-00447	wl-tile-v1-05769	wl-neg-neg-es-pba-35369	neg-es-pba-35369	0	hard_negative	train	ES	Coto do Mouro Morto/Orgoso/Medorra de Monte Agudo 3	-7.840888166731902	42.82544585638417	-7.84402368,42.82314618,-7.83775265,42.82774553	512	ign_pnoa_rgb	https://www.ign.es/wms-inspire/pnoa-ma	OI.OrthoimageCoverage	data/external/weak-label-chips-v1/train/negative/wl-tile-v1-05769-neg-es-pba-35369.png	weak_label_candidate_for_model_v1	512	512	downloaded	valid	512	512	RGB	633938	1		https://www.ign.es/wms-inspire/pnoa-ma?SERVICE=WMS&VERSION=1.1.1&REQUEST=GetMap&LAYERS=OI.OrthoimageCoverage&STYLES=&SRS=EPSG%3A4326&BBOX=-7.84402368%2C42.82314618%2C-7.83775265%2C42.82774553&WIDTH=512&HEIGHT=512&FORMAT=image%2Fpng&TRANSPARENT=false	2026-08-01T00:00:00Z
weak-chip-export-v1-00448	wl-tile-v1-05652	wl-neg-neg-es-pba-31691	neg-es-pba-31691	0	hard_negative	train	ES	Cova da Moura	-7.261567979634661	42.818143702450456	-7.26470313,42.81584403,-7.25843283,42.82044338	512	ign_pnoa_rgb	https://www.ign.es/wms-inspire/pnoa-ma	OI.OrthoimageCoverage	data/external/weak-label-chips-v1/train/negative/wl-tile-v1-05652-neg-es-pba-31691.png	weak_label_candidate_for_model_v1	512	512	downloaded	valid	512	512	RGB	661144	1		https://www.ign.es/wms-inspire/pnoa-ma?SERVICE=WMS&VERSION=1.1.1&REQUEST=GetMap&LAYERS=OI.OrthoimageCoverage&STYLES=&SRS=EPSG%3A4326&BBOX=-7.26470313%2C42.81584403%2C-7.25843283%2C42.82044338&WIDTH=512&HEIGHT=512&FORMAT=image%2Fpng&TRANSPARENT=false	2026-08-01T00:00:00Z
weak-chip-export-v1-00449	wl-tile-v1-06070	wl-neg-neg-es-pba-37122	neg-es-pba-37122	0	hard_negative	train	ES	Cova da Tara	-7.07268162650646	42.65595086447435	-7.07580858,42.65365119,-7.06955467,42.65825054	512	ign_pnoa_rgb	https://www.ign.es/wms-inspire/pnoa-ma	OI.OrthoimageCoverage	data/external/weak-label-chips-v1/train/negative/wl-tile-v1-06070-neg-es-pba-37122.png	weak_label_candidate_for_model_v1	512	512	downloaded	valid	512	512	RGB	682612	1		https://www.ign.es/wms-inspire/pnoa-ma?SERVICE=WMS&VERSION=1.1.1&REQUEST=GetMap&LAYERS=OI.OrthoimageCoverage&STYLES=&SRS=EPSG%3A4326&BBOX=-7.07580858%2C42.65365119%2C-7.06955467%2C42.65825054&WIDTH=512&HEIGHT=512&FORMAT=image%2Fpng&TRANSPARENT=false	2026-08-01T00:00:00Z
weak-chip-export-v1-00450	wl-tile-v1-05866	wl-neg-neg-es-pba-32412	neg-es-pba-32412	0	hard_negative	train	ES	Cova de Bermún	-7.39460693971804	42.69012474149249	-7.39773562,42.68782506,-7.39147826,42.69242442	512	ign_pnoa_rgb	https://www.ign.es/wms-inspire/pnoa-ma	OI.OrthoimageCoverage	data/external/weak-label-chips-v1/train/negative/wl-tile-v1-05866-neg-es-pba-32412.png	weak_label_candidate_for_model_v1	512	512	downloaded	valid	512	512	RGB	640096	1		https://www.ign.es/wms-inspire/pnoa-ma?SERVICE=WMS&VERSION=1.1.1&REQUEST=GetMap&LAYERS=OI.OrthoimageCoverage&STYLES=&SRS=EPSG%3A4326&BBOX=-7.39773562%2C42.68782506%2C-7.39147826%2C42.69242442&WIDTH=512&HEIGHT=512&FORMAT=image%2Fpng&TRANSPARENT=false	2026-08-01T00:00:00Z
weak-chip-export-v1-00451	wl-tile-v1-06341	wl-neg-neg-es-pba-41318	neg-es-pba-41318	0	hard_negative	train	ES	Cova de Cal de Mourelle	-7.834661635271282	42.71666490955355	-7.83779165,42.71436523,-7.83153162,42.71896459	512	ign_pnoa_rgb	https://www.ign.es/wms-inspire/pnoa-ma	OI.OrthoimageCoverage	data/external/weak-label-chips-v1/train/negative/wl-tile-v1-06341-neg-es-pba-41318.png	weak_label_candidate_for_model_v1	512	512	downloaded	valid	512	512	RGB	652843	1		https://www.ign.es/wms-inspire/pnoa-ma?SERVICE=WMS&VERSION=1.1.1&REQUEST=GetMap&LAYERS=OI.OrthoimageCoverage&STYLES=&SRS=EPSG%3A4326&BBOX=-7.83779165%2C42.71436523%2C-7.83153162%2C42.71896459&WIDTH=512&HEIGHT=512&FORMAT=image%2Fpng&TRANSPARENT=false	2026-08-01T00:00:00Z
weak-chip-export-v1-00452	wl-tile-v1-06342	wl-neg-neg-es-pba-41319	neg-es-pba-41319	0	hard_negative	train	ES	Cova de Fonteboa	-7.755473413911815	42.73406695134006	-7.75860431,42.73176727,-7.75234252,42.73636663	512	ign_pnoa_rgb	https://www.ign.es/wms-inspire/pnoa-ma	OI.OrthoimageCoverage	data/external/weak-label-chips-v1/train/negative/wl-tile-v1-06342-neg-es-pba-41319.png	weak_label_candidate_for_model_v1	512	512	downloaded	valid	512	512	RGB	683133	1		https://www.ign.es/wms-inspire/pnoa-ma?SERVICE=WMS&VERSION=1.1.1&REQUEST=GetMap&LAYERS=OI.OrthoimageCoverage&STYLES=&SRS=EPSG%3A4326&BBOX=-7.75860431%2C42.73176727%2C-7.75234252%2C42.73636663&WIDTH=512&HEIGHT=512&FORMAT=image%2Fpng&TRANSPARENT=false	2026-08-01T00:00:00Z
weak-chip-export-v1-00453	wl-tile-v1-05684	wl-neg-neg-es-pba-34502	neg-es-pba-34502	0	hard_negative	train	ES	Cova de Furada dos Cas	-7.321921298686302	43.463348298748485	-7.32508971,43.46104862,-7.31875289,43.46564798	512	ign_pnoa_rgb	https://www.ign.es/wms-inspire/pnoa-ma	OI.OrthoimageCoverage	data/external/weak-label-chips-v1/train/negative/wl-tile-v1-05684-neg-es-pba-34502.png	weak_label_candidate_for_model_v1	512	512	downloaded	valid	512	512	RGB	675336	1		https://www.ign.es/wms-inspire/pnoa-ma?SERVICE=WMS&VERSION=1.1.1&REQUEST=GetMap&LAYERS=OI.OrthoimageCoverage&STYLES=&SRS=EPSG%3A4326&BBOX=-7.32508971%2C43.46104862%2C-7.31875289%2C43.46564798&WIDTH=512&HEIGHT=512&FORMAT=image%2Fpng&TRANSPARENT=false	2026-08-01T00:00:00Z
weak-chip-export-v1-00454	wl-tile-v1-06308	wl-neg-neg-es-pba-42121	neg-es-pba-42121	0	hard_negative	train	ES	Cova de Gaspar	-7.411327273998203	42.756780613284754	-7.41445932,42.75448094,-7.40819523,42.75908029	512	ign_pnoa_rgb	https://www.ign.es/wms-inspire/pnoa-ma	OI.OrthoimageCoverage	data/external/weak-label-chips-v1/train/negative/wl-tile-v1-06308-neg-es-pba-42121.png	weak_label_candidate_for_model_v1	512	512	downloaded	valid	512	512	RGB	588058	1		https://www.ign.es/wms-inspire/pnoa-ma?SERVICE=WMS&VERSION=1.1.1&REQUEST=GetMap&LAYERS=OI.OrthoimageCoverage&STYLES=&SRS=EPSG%3A4326&BBOX=-7.41445932%2C42.75448094%2C-7.40819523%2C42.75908029&WIDTH=512&HEIGHT=512&FORMAT=image%2Fpng&TRANSPARENT=false	2026-08-01T00:00:00Z
weak-chip-export-v1-00455	wl-tile-v1-06072	wl-neg-neg-es-pba-38398	neg-es-pba-38398	0	hard_negative	train	ES	Cova de Praducelo	-7.373602630036911	43.09358382835363	-7.37675184,43.09128415,-7.37045342,43.09588350	512	ign_pnoa_rgb	https://www.ign.es/wms-inspire/pnoa-ma	OI.OrthoimageCoverage	data/external/weak-label-chips-v1/train/negative/wl-tile-v1-06072-neg-es-pba-38398.png	weak_label_candidate_for_model_v1	512	512	downloaded	valid	512	512	RGB	676427	1		https://www.ign.es/wms-inspire/pnoa-ma?SERVICE=WMS&VERSION=1.1.1&REQUEST=GetMap&LAYERS=OI.OrthoimageCoverage&STYLES=&SRS=EPSG%3A4326&BBOX=-7.37675184%2C43.09128415%2C-7.37045342%2C43.09588350&WIDTH=512&HEIGHT=512&FORMAT=image%2Fpng&TRANSPARENT=false	2026-08-01T00:00:00Z
weak-chip-export-v1-00456	wl-tile-v1-05653	wl-neg-neg-es-pba-31692	neg-es-pba-31692	0	hard_negative	train	ES	Cova de Saballeiros	-7.221813193567004	42.822395677487314	-7.22494856,42.82009600,-7.21867783,42.82469535	512	ign_pnoa_rgb	https://www.ign.es/wms-inspire/pnoa-ma	OI.OrthoimageCoverage	data/external/weak-label-chips-v1/train/negative/wl-tile-v1-05653-neg-es-pba-31692.png	weak_label_candidate_for_model_v1	512	512	downloaded	valid	512	512	RGB	665690	1		https://www.ign.es/wms-inspire/pnoa-ma?SERVICE=WMS&VERSION=1.1.1&REQUEST=GetMap&LAYERS=OI.OrthoimageCoverage&STYLES=&SRS=EPSG%3A4326&BBOX=-7.22494856%2C42.82009600%2C-7.21867783%2C42.82469535&WIDTH=512&HEIGHT=512&FORMAT=image%2Fpng&TRANSPARENT=false	2026-08-01T00:00:00Z
weak-chip-export-v1-00457	wl-tile-v1-06071	wl-neg-neg-es-pba-37123	neg-es-pba-37123	0	hard_negative	train	ES	Cova de Val de Galiñas	-7.019792620925066	42.72069065360677	-7.02292284,42.71839098,-7.01666240,42.72299033	512	ign_pnoa_rgb	https://www.ign.es/wms-inspire/pnoa-ma	OI.OrthoimageCoverage	data/external/weak-label-chips-v1/train/negative/wl-tile-v1-06071-neg-es-pba-37123.png	weak_label_candidate_for_model_v1	512	512	downloaded	valid	512	512	RGB	678655	1		https://www.ign.es/wms-inspire/pnoa-ma?SERVICE=WMS&VERSION=1.1.1&REQUEST=GetMap&LAYERS=OI.OrthoimageCoverage&STYLES=&SRS=EPSG%3A4326&BBOX=-7.02292284%2C42.71839098%2C-7.01666240%2C42.72299033&WIDTH=512&HEIGHT=512&FORMAT=image%2Fpng&TRANSPARENT=false	2026-08-01T00:00:00Z
weak-chip-export-v1-00458	wl-tile-v1-05685	wl-neg-neg-es-pba-34503	neg-es-pba-34503	0	hard_negative	train	ES	Cova do Rei Cintolo	-7.369231512591018	43.39503519418825	-7.37239635,43.39273552,-7.36606668,43.39733487	512	ign_pnoa_rgb	https://www.ign.es/wms-inspire/pnoa-ma	OI.OrthoimageCoverage	data/external/weak-label-chips-v1/train/negative/wl-tile-v1-05685-neg-es-pba-34503.png	weak_label_candidate_for_model_v1	512	512	downloaded	valid	512	512	RGB	674537	1		https://www.ign.es/wms-inspire/pnoa-ma?SERVICE=WMS&VERSION=1.1.1&REQUEST=GetMap&LAYERS=OI.OrthoimageCoverage&STYLES=&SRS=EPSG%3A4326&BBOX=-7.37239635%2C43.39273552%2C-7.36606668%2C43.39733487&WIDTH=512&HEIGHT=512&FORMAT=image%2Fpng&TRANSPARENT=false	2026-08-01T00:00:00Z
weak-chip-export-v1-00459	wl-tile-v1-05771	wl-neg-neg-es-pba-34823	neg-es-pba-34823	0	hard_negative	train	ES	Cova dos Mouros	-6.97703959307873	42.99848796883382	-6.98018393,42.99618829,-6.97389526,43.00078765	512	ign_pnoa_rgb	https://www.ign.es/wms-inspire/pnoa-ma	OI.OrthoimageCoverage	data/external/weak-label-chips-v1/train/negative/wl-tile-v1-05771-neg-es-pba-34823.png	weak_label_candidate_for_model_v1	512	512	downloaded	valid	512	512	RGB	632460	1		https://www.ign.es/wms-inspire/pnoa-ma?SERVICE=WMS&VERSION=1.1.1&REQUEST=GetMap&LAYERS=OI.OrthoimageCoverage&STYLES=&SRS=EPSG%3A4326&BBOX=-6.98018393%2C42.99618829%2C-6.97389526%2C43.00078765&WIDTH=512&HEIGHT=512&FORMAT=image%2Fpng&TRANSPARENT=false	2026-08-01T00:00:00Z
weak-chip-export-v1-00460	wl-tile-v1-08276	wl-neg-neg-es-pba-64133	neg-es-pba-64133	0	hard_negative	train	ES	Cruceiro da Mámoa	-8.37952151466848	42.58781896150023	-8.38264505,42.58551928,-8.37639798,42.59011864	512	ign_pnoa_rgb	https://www.ign.es/wms-inspire/pnoa-ma	OI.OrthoimageCoverage	data/external/weak-label-chips-v1/train/negative/wl-tile-v1-08276-neg-es-pba-64133.png	weak_label_candidate_for_model_v1	512	512	downloaded	valid	512	512	RGB	663008	1		https://www.ign.es/wms-inspire/pnoa-ma?SERVICE=WMS&VERSION=1.1.1&REQUEST=GetMap&LAYERS=OI.OrthoimageCoverage&STYLES=&SRS=EPSG%3A4326&BBOX=-8.38264505%2C42.58551928%2C-8.37639798%2C42.59011864&WIDTH=512&HEIGHT=512&FORMAT=image%2Fpng&TRANSPARENT=false	2026-08-01T00:00:00Z
weak-chip-export-v1-00461	wl-tile-v1-07446	wl-neg-neg-es-pba-65445	neg-es-pba-65445	0	hard_negative	train	ES	Cruces de Porto María Albiña	-8.882341755125191	41.9158778496458	-8.88543219,41.91357817,-8.87925132,41.91817753	512	ign_pnoa_rgb	https://www.ign.es/wms-inspire/pnoa-ma	OI.OrthoimageCoverage	data/external/weak-label-chips-v1/train/negative/wl-tile-v1-07446-neg-es-pba-65445.png	weak_label_candidate_for_model_v1	512	512	downloaded	valid	512	512	RGB	646020	1		https://www.ign.es/wms-inspire/pnoa-ma?SERVICE=WMS&VERSION=1.1.1&REQUEST=GetMap&LAYERS=OI.OrthoimageCoverage&STYLES=&SRS=EPSG%3A4326&BBOX=-8.88543219%2C41.91357817%2C-8.87925132%2C41.91817753&WIDTH=512&HEIGHT=512&FORMAT=image%2Fpng&TRANSPARENT=false	2026-08-01T00:00:00Z
weak-chip-export-v1-00462	wl-tile-v1-06841	wl-neg-neg-es-pba-45431	neg-es-pba-45431	0	hard_negative	train	ES	Cruces do Pisón	-7.740041538444203	41.91465440428727	-7.74313192,41.91235473,-7.73695116,41.91695408	512	ign_pnoa_rgb	https://www.ign.es/wms-inspire/pnoa-ma	OI.OrthoimageCoverage	data/external/weak-label-chips-v1/train/negative/wl-tile-v1-06841-neg-es-pba-45431.png	weak_label_candidate_for_model_v1	512	512	downloaded	valid	512	512	RGB	634916	1		https://www.ign.es/wms-inspire/pnoa-ma?SERVICE=WMS&VERSION=1.1.1&REQUEST=GetMap&LAYERS=OI.OrthoimageCoverage&STYLES=&SRS=EPSG%3A4326&BBOX=-7.74313192%2C41.91235473%2C-7.73695116%2C41.91695408&WIDTH=512&HEIGHT=512&FORMAT=image%2Fpng&TRANSPARENT=false	2026-08-01T00:00:00Z
weak-chip-export-v1-00463	wl-tile-v1-03609	wl-neg-neg-es-pba-11325	neg-es-pba-11325	0	hard_negative	train	ES	Cruz da Mámoa 1	-8.040262056990972	43.270502486975744	-8.04342041,43.26820281,-8.03710371,43.27280216	512	ign_pnoa_rgb	https://www.ign.es/wms-inspire/pnoa-ma	OI.OrthoimageCoverage	data/external/weak-label-chips-v1/train/negative/wl-tile-v1-03609-neg-es-pba-11325.png	weak_label_candidate_for_model_v1	512	512	downloaded	valid	512	512	RGB	666708	1		https://www.ign.es/wms-inspire/pnoa-ma?SERVICE=WMS&VERSION=1.1.1&REQUEST=GetMap&LAYERS=OI.OrthoimageCoverage&STYLES=&SRS=EPSG%3A4326&BBOX=-8.04342041%2C43.26820281%2C-8.03710371%2C43.27280216&WIDTH=512&HEIGHT=512&FORMAT=image%2Fpng&TRANSPARENT=false	2026-08-01T00:00:00Z
weak-chip-export-v1-00464	wl-tile-v1-03610	wl-neg-neg-es-pba-11326	neg-es-pba-11326	0	hard_negative	train	ES	Cruz da Mámoa 2	-8.040257486409804	43.27006616837183	-8.04341581,43.26776649,-8.03709916,43.27236584	512	ign_pnoa_rgb	https://www.ign.es/wms-inspire/pnoa-ma	OI.OrthoimageCoverage	data/external/weak-label-chips-v1/train/negative/wl-tile-v1-03610-neg-es-pba-11326.png	weak_label_candidate_for_model_v1	512	512	downloaded	valid	512	512	RGB	668239	1		https://www.ign.es/wms-inspire/pnoa-ma?SERVICE=WMS&VERSION=1.1.1&REQUEST=GetMap&LAYERS=OI.OrthoimageCoverage&STYLES=&SRS=EPSG%3A4326&BBOX=-8.04341581%2C43.26776649%2C-8.03709916%2C43.27236584&WIDTH=512&HEIGHT=512&FORMAT=image%2Fpng&TRANSPARENT=false	2026-08-01T00:00:00Z
weak-chip-export-v1-00465	wl-tile-v1-04840	wl-neg-neg-es-pba-25648	neg-es-pba-25648	0	hard_negative	train	ES	Dolmen Mina de Caxadas	-9.045034404023562	43.07856184982804	-9.04818284,43.07626217,-9.04188596,43.08086153	512	ign_pnoa_rgb	https://www.ign.es/wms-inspire/pnoa-ma	OI.OrthoimageCoverage	data/external/weak-label-chips-v1/train/negative/wl-tile-v1-04840-neg-es-pba-25648.png	weak_label_candidate_for_model_v1	512	512	downloaded	valid	512	512	RGB	667371	1		https://www.ign.es/wms-inspire/pnoa-ma?SERVICE=WMS&VERSION=1.1.1&REQUEST=GetMap&LAYERS=OI.OrthoimageCoverage&STYLES=&SRS=EPSG%3A4326&BBOX=-9.04818284%2C43.07626217%2C-9.04188596%2C43.08086153&WIDTH=512&HEIGHT=512&FORMAT=image%2Fpng&TRANSPARENT=false	2026-08-01T00:00:00Z
weak-chip-export-v1-00466	wl-tile-v1-03636	wl-neg-neg-es-pba-12929	neg-es-pba-12929	0	hard_negative	train	ES	Dolmen Pedra da Arca	-8.817762486127148	43.296589227439355	-8.82092219,43.29428955,-8.81460278,43.29888890	512	ign_pnoa_rgb	https://www.ign.es/wms-inspire/pnoa-ma	OI.OrthoimageCoverage	data/external/weak-label-chips-v1/train/negative/wl-tile-v1-03636-neg-es-pba-12929.png	weak_label_candidate_for_model_v1	512	512	downloaded	valid	512	512	RGB	677615	1		https://www.ign.es/wms-inspire/pnoa-ma?SERVICE=WMS&VERSION=1.1.1&REQUEST=GetMap&LAYERS=OI.OrthoimageCoverage&STYLES=&SRS=EPSG%3A4326&BBOX=-8.82092219%2C43.29428955%2C-8.81460278%2C43.29888890&WIDTH=512&HEIGHT=512&FORMAT=image%2Fpng&TRANSPARENT=false	2026-08-01T00:00:00Z
weak-chip-export-v1-00467	wl-tile-v1-04281	wl-neg-neg-es-pba-21191	neg-es-pba-21191	0	hard_negative	train	ES	Dolmen das Derramadas	-8.45631290570226	42.87687751813988	-8.45945104,42.87457784,-8.45317478,42.87917719	512	ign_pnoa_rgb	https://www.ign.es/wms-inspire/pnoa-ma	OI.OrthoimageCoverage	data/external/weak-label-chips-v1/train/negative/wl-tile-v1-04281-neg-es-pba-21191.png	weak_label_candidate_for_model_v1	512	512	downloaded	valid	512	512	RGB	603685	1		https://www.ign.es/wms-inspire/pnoa-ma?SERVICE=WMS&VERSION=1.1.1&REQUEST=GetMap&LAYERS=OI.OrthoimageCoverage&STYLES=&SRS=EPSG%3A4326&BBOX=-8.45945104%2C42.87457784%2C-8.45317478%2C42.87917719&WIDTH=512&HEIGHT=512&FORMAT=image%2Fpng&TRANSPARENT=false	2026-08-01T00:00:00Z
weak-chip-export-v1-00468	wl-tile-v1-06680	wl-neg-neg-es-pba-30461	neg-es-pba-30461	0	hard_negative	train	ES	Dolmen de Capeirón	-7.819957810655253	43.295747729844365	-7.82311747,43.29344805,-7.81679815,43.29804741	512	ign_pnoa_rgb	https://www.ign.es/wms-inspire/pnoa-ma	OI.OrthoimageCoverage	data/external/weak-label-chips-v1/train/negative/wl-tile-v1-06680-neg-es-pba-30461.png	weak_label_candidate_for_model_v1	512	512	downloaded	valid	512	512	RGB	646170	1		https://www.ign.es/wms-inspire/pnoa-ma?SERVICE=WMS&VERSION=1.1.1&REQUEST=GetMap&LAYERS=OI.OrthoimageCoverage&STYLES=&SRS=EPSG%3A4326&BBOX=-7.82311747%2C43.29344805%2C-7.81679815%2C43.29804741&WIDTH=512&HEIGHT=512&FORMAT=image%2Fpng&TRANSPARENT=false	2026-08-01T00:00:00Z
weak-chip-export-v1-00469	wl-tile-v1-06257	wl-neg-neg-es-pba-40367	neg-es-pba-40367	0	hard_negative	train	ES	Dolmen de Carballons 2	-7.228695144922765	43.179777185977336	-7.23184880,43.17747751,-7.22554149,43.18207686	512	ign_pnoa_rgb	https://www.ign.es/wms-inspire/pnoa-ma	OI.OrthoimageCoverage	data/external/weak-label-chips-v1/train/negative/wl-tile-v1-06257-neg-es-pba-40367.png	weak_label_candidate_for_model_v1	512	512	downloaded	valid	512	512	RGB	642170	1		https://www.ign.es/wms-inspire/pnoa-ma?SERVICE=WMS&VERSION=1.1.1&REQUEST=GetMap&LAYERS=OI.OrthoimageCoverage&STYLES=&SRS=EPSG%3A4326&BBOX=-7.23184880%2C43.17747751%2C-7.22554149%2C43.18207686&WIDTH=512&HEIGHT=512&FORMAT=image%2Fpng&TRANSPARENT=false	2026-08-01T00:00:00Z
weak-chip-export-v1-00470	wl-tile-v1-06256	wl-neg-neg-es-pba-40366	neg-es-pba-40366	0	hard_negative	train	ES	Dolmen de Carballóns 1	-7.229020705184097	43.1800073404916	-7.23217437,43.17770766,-7.22586704,43.18230702	512	ign_pnoa_rgb	https://www.ign.es/wms-inspire/pnoa-ma	OI.OrthoimageCoverage	data/external/weak-label-chips-v1/train/negative/wl-tile-v1-06256-neg-es-pba-40366.png	weak_label_candidate_for_model_v1	512	512	downloaded	valid	512	512	RGB	642081	1		https://www.ign.es/wms-inspire/pnoa-ma?SERVICE=WMS&VERSION=1.1.1&REQUEST=GetMap&LAYERS=OI.OrthoimageCoverage&STYLES=&SRS=EPSG%3A4326&BBOX=-7.23217437%2C43.17770766%2C-7.22586704%2C43.18230702&WIDTH=512&HEIGHT=512&FORMAT=image%2Fpng&TRANSPARENT=false	2026-08-01T00:00:00Z
weak-chip-export-v1-00471	wl-tile-v1-03611	wl-neg-neg-es-pba-11086	neg-es-pba-11086	0	hard_negative	train	ES	Dolmen de Fornella dos Mouros	-9.00725445512168	43.167673140672775	-9.01040748,43.16537346,-9.00410143,43.16997282	512	ign_pnoa_rgb	https://www.ign.es/wms-inspire/pnoa-ma	OI.OrthoimageCoverage	data/external/weak-label-chips-v1/train/negative/wl-tile-v1-03611-neg-es-pba-11086.png	weak_label_candidate_for_model_v1	512	512	downloaded	valid	512	512	RGB	655000	1		https://www.ign.es/wms-inspire/pnoa-ma?SERVICE=WMS&VERSION=1.1.1&REQUEST=GetMap&LAYERS=OI.OrthoimageCoverage&STYLES=&SRS=EPSG%3A4326&BBOX=-9.01040748%2C43.16537346%2C-9.00410143%2C43.16997282&WIDTH=512&HEIGHT=512&FORMAT=image%2Fpng&TRANSPARENT=false	2026-08-01T00:00:00Z
weak-chip-export-v1-00472	wl-tile-v1-05000	wl-neg-neg-es-pba-27462	neg-es-pba-27462	0	hard_negative	train	ES	Dolmen de Pedra Vixía	-8.944253460380136	43.14460016998609	-8.94740530,43.14230049,-8.94110162,43.14689985	512	ign_pnoa_rgb	https://www.ign.es/wms-inspire/pnoa-ma	OI.OrthoimageCoverage	data/external/weak-label-chips-v1/train/negative/wl-tile-v1-05000-neg-es-pba-27462.png	weak_label_candidate_for_model_v1	512	512	downloaded	valid	512	512	RGB	647905	1		https://www.ign.es/wms-inspire/pnoa-ma?SERVICE=WMS&VERSION=1.1.1&REQUEST=GetMap&LAYERS=OI.OrthoimageCoverage&STYLES=&SRS=EPSG%3A4326&BBOX=-8.94740530%2C43.14230049%2C-8.94110162%2C43.14689985&WIDTH=512&HEIGHT=512&FORMAT=image%2Fpng&TRANSPARENT=false	2026-08-01T00:00:00Z
weak-chip-export-v1-00473	wl-tile-v1-07122	wl-neg-neg-es-pba-52270	neg-es-pba-52270	0	hard_negative	train	ES	Dolmen de Rebordondo	-7.529287537771944	41.97982704515837	-7.53238108,41.97752737,-7.52619400,41.98212672	512	ign_pnoa_rgb	https://www.ign.es/wms-inspire/pnoa-ma	OI.OrthoimageCoverage	data/external/weak-label-chips-v1/train/negative/wl-tile-v1-07122-neg-es-pba-52270.png	weak_label_candidate_for_model_v1	512	512	downloaded	valid	512	512	RGB	662648	1		https://www.ign.es/wms-inspire/pnoa-ma?SERVICE=WMS&VERSION=1.1.1&REQUEST=GetMap&LAYERS=OI.OrthoimageCoverage&STYLES=&SRS=EPSG%3A4326&BBOX=-7.53238108%2C41.97752737%2C-7.52619400%2C41.98212672&WIDTH=512&HEIGHT=512&FORMAT=image%2Fpng&TRANSPARENT=false	2026-08-01T00:00:00Z
weak-chip-export-v1-00474	wl-tile-v1-05001	wl-neg-neg-es-pba-27491	neg-es-pba-27491	0	hard_negative	train	ES	Dolmen de Vermello	-8.93230303349373	43.1436111967842	-8.93545482,43.14131152,-8.92915125,43.14591087	512	ign_pnoa_rgb	https://www.ign.es/wms-inspire/pnoa-ma	OI.OrthoimageCoverage	data/external/weak-label-chips-v1/train/negative/wl-tile-v1-05001-neg-es-pba-27491.png	weak_label_candidate_for_model_v1	512	512	downloaded	valid	512	512	RGB	629823	1		https://www.ign.es/wms-inspire/pnoa-ma?SERVICE=WMS&VERSION=1.1.1&REQUEST=GetMap&LAYERS=OI.OrthoimageCoverage&STYLES=&SRS=EPSG%3A4326&BBOX=-8.93545482%2C43.14131152%2C-8.92915125%2C43.14591087&WIDTH=512&HEIGHT=512&FORMAT=image%2Fpng&TRANSPARENT=false	2026-08-01T00:00:00Z
weak-chip-export-v1-00475	wl-tile-v1-04003	wl-neg-neg-es-pba-17549	neg-es-pba-17549	0	hard_negative	train	ES	Dolmen do Cristo de Mouraz/Mámoa de Xuncos de Mouraz 5	-7.771808913918925	43.620511206729375	-7.77498559,43.61821153,-7.76863224,43.62281088	512	ign_pnoa_rgb	https://www.ign.es/wms-inspire/pnoa-ma	OI.OrthoimageCoverage	data/external/weak-label-chips-v1/train/negative/wl-tile-v1-04003-neg-es-pba-17549.png	weak_label_candidate_for_model_v1	512	512	downloaded	valid	512	512	RGB	673849	1		https://www.ign.es/wms-inspire/pnoa-ma?SERVICE=WMS&VERSION=1.1.1&REQUEST=GetMap&LAYERS=OI.OrthoimageCoverage&STYLES=&SRS=EPSG%3A4326&BBOX=-7.77498559%2C43.61821153%2C-7.76863224%2C43.62281088&WIDTH=512&HEIGHT=512&FORMAT=image%2Fpng&TRANSPARENT=false	2026-08-01T00:00:00Z
weak-chip-export-v1-00476	wl-tile-v1-07466	wl-neg-neg-es-pba-65633	neg-es-pba-65633	0	hard_negative	train	ES	Eira Vella/Sa	-8.858734118179939	41.891739514079354	-8.86182339,41.88943984,-8.85564485,41.89403919	512	ign_pnoa_rgb	https://www.ign.es/wms-inspire/pnoa-ma	OI.OrthoimageCoverage	data/external/weak-label-chips-v1/train/negative/wl-tile-v1-07466-neg-es-pba-65633.png	weak_label_candidate_for_model_v1	512	512	downloaded	valid	512	512	RGB	659848	1		https://www.ign.es/wms-inspire/pnoa-ma?SERVICE=WMS&VERSION=1.1.1&REQUEST=GetMap&LAYERS=OI.OrthoimageCoverage&STYLES=&SRS=EPSG%3A4326&BBOX=-8.86182339%2C41.88943984%2C-8.85564485%2C41.89403919&WIDTH=512&HEIGHT=512&FORMAT=image%2Fpng&TRANSPARENT=false	2026-08-01T00:00:00Z
weak-chip-export-v1-00477	wl-tile-v1-08696	wl-neg-neg-es-pba-67591	neg-es-pba-67591	0	hard_negative	train	ES	Entrepiñeiro/A Mina	-8.669173559103976	42.17464404927069	-8.67227661,42.17234437,-8.66607051,42.17694373	512	ign_pnoa_rgb	https://www.ign.es/wms-inspire/pnoa-ma	OI.OrthoimageCoverage	data/external/weak-label-chips-v1/train/negative/wl-tile-v1-08696-neg-es-pba-67591.png	weak_label_candidate_for_model_v1	512	512	downloaded	valid	512	512	RGB	670345	1		https://www.ign.es/wms-inspire/pnoa-ma?SERVICE=WMS&VERSION=1.1.1&REQUEST=GetMap&LAYERS=OI.OrthoimageCoverage&STYLES=&SRS=EPSG%3A4326&BBOX=-8.67227661%2C42.17234437%2C-8.66607051%2C42.17694373&WIDTH=512&HEIGHT=512&FORMAT=image%2Fpng&TRANSPARENT=false	2026-08-01T00:00:00Z
weak-chip-export-v1-00478	wl-tile-v1-05829	wl-neg-neg-es-pba-29551	neg-es-pba-29551	0	hard_negative	train	ES	Escola en Pedrafita	-7.423989960563384	42.961181201464	-7.42713239,42.95888152,-7.42084753,42.96348088	512	ign_pnoa_rgb	https://www.ign.es/wms-inspire/pnoa-ma	OI.OrthoimageCoverage	data/external/weak-label-chips-v1/train/negative/wl-tile-v1-05829-neg-es-pba-29551.png	weak_label_candidate_for_model_v1	512	512	downloaded	valid	512	512	RGB	608317	1		https://www.ign.es/wms-inspire/pnoa-ma?SERVICE=WMS&VERSION=1.1.1&REQUEST=GetMap&LAYERS=OI.OrthoimageCoverage&STYLES=&SRS=EPSG%3A4326&BBOX=-7.42713239%2C42.95888152%2C-7.42084753%2C42.96348088&WIDTH=512&HEIGHT=512&FORMAT=image%2Fpng&TRANSPARENT=false	2026-08-01T00:00:00Z
weak-chip-export-v1-00479	wl-tile-v1-06759	wl-neg-neg-es-pba-50710	neg-es-pba-50710	0	hard_negative	train	ES	Estela de Tameirón/Cabeza do Chinchón	-7.135894855896525	42.0617034847825	-7.13899238,42.05940381,-7.13279733,42.06400316	512	ign_pnoa_rgb	https://www.ign.es/wms-inspire/pnoa-ma	OI.OrthoimageCoverage	data/external/weak-label-chips-v1/train/negative/wl-tile-v1-06759-neg-es-pba-50710.png	weak_label_candidate_for_model_v1	512	512	downloaded	valid	512	512	RGB	669267	1		https://www.ign.es/wms-inspire/pnoa-ma?SERVICE=WMS&VERSION=1.1.1&REQUEST=GetMap&LAYERS=OI.OrthoimageCoverage&STYLES=&SRS=EPSG%3A4326&BBOX=-7.13899238%2C42.05940381%2C-7.13279733%2C42.06400316&WIDTH=512&HEIGHT=512&FORMAT=image%2Fpng&TRANSPARENT=false	2026-08-01T00:00:00Z
weak-chip-export-v1-00480	wl-tile-v1-05940	wl-neg-neg-es-pba-41478	neg-es-pba-41478	0	hard_negative	train	ES	Estrutura lítica de Vilatán	-7.6669014894405425	42.610584078295865	-7.67002617,42.60828440,-7.66377681,42.61288375	512	ign_pnoa_rgb	https://www.ign.es/wms-inspire/pnoa-ma	OI.OrthoimageCoverage	data/external/weak-label-chips-v1/train/negative/wl-tile-v1-05940-neg-es-pba-41478.png	weak_label_candidate_for_model_v1	512	512	downloaded	valid	512	512	RGB	631925	1		https://www.ign.es/wms-inspire/pnoa-ma?SERVICE=WMS&VERSION=1.1.1&REQUEST=GetMap&LAYERS=OI.OrthoimageCoverage&STYLES=&SRS=EPSG%3A4326&BBOX=-7.67002617%2C42.60828440%2C-7.66377681%2C42.61288375&WIDTH=512&HEIGHT=512&FORMAT=image%2Fpng&TRANSPARENT=false	2026-08-01T00:00:00Z
weak-chip-export-v1-00481	wl-tile-v1-06225	wl-neg-neg-es-pba-40491	neg-es-pba-40491	0	hard_negative	train	ES	Explotación mineira da Escrita	-7.264437530684427	42.42848325004483	-7.26755312,42.42618357,-7.26132194,42.43078293	512	ign_pnoa_rgb	https://www.ign.es/wms-inspire/pnoa-ma	OI.OrthoimageCoverage	data/external/weak-label-chips-v1/train/negative/wl-tile-v1-06225-neg-es-pba-40491.png	weak_label_candidate_for_model_v1	512	512	downloaded	valid	512	512	RGB	605992	1		https://www.ign.es/wms-inspire/pnoa-ma?SERVICE=WMS&VERSION=1.1.1&REQUEST=GetMap&LAYERS=OI.OrthoimageCoverage&STYLES=&SRS=EPSG%3A4326&BBOX=-7.26755312%2C42.42618357%2C-7.26132194%2C42.43078293&WIDTH=512&HEIGHT=512&FORMAT=image%2Fpng&TRANSPARENT=false	2026-08-01T00:00:00Z
weak-chip-export-v1-00482	wl-tile-v1-05103	wl-neg-neg-es-pba-28400	neg-es-pba-28400	0	hard_negative	train	ES	Explotación mineira da Granxa de Constantín	-7.739952719087624	43.155348465311995	-7.74310511,43.15304879,-7.73680033,43.15764814	512	ign_pnoa_rgb	https://www.ign.es/wms-inspire/pnoa-ma	OI.OrthoimageCoverage	data/external/weak-label-chips-v1/train/negative/wl-tile-v1-05103-neg-es-pba-28400.png	weak_label_candidate_for_model_v1	512	512	downloaded	valid	512	512	RGB	692591	1		https://www.ign.es/wms-inspire/pnoa-ma?SERVICE=WMS&VERSION=1.1.1&REQUEST=GetMap&LAYERS=OI.OrthoimageCoverage&STYLES=&SRS=EPSG%3A4326&BBOX=-7.74310511%2C43.15304879%2C-7.73680033%2C43.15764814&WIDTH=512&HEIGHT=512&FORMAT=image%2Fpng&TRANSPARENT=false	2026-08-01T00:00:00Z
weak-chip-export-v1-00483	wl-tile-v1-05104	wl-neg-neg-es-pba-28401	neg-es-pba-28401	0	hard_negative	train	ES	Explotación mineira da Graña	-7.743357961505704	43.151333991161835	-7.74651015,43.14903431,-7.74020578,43.15363367	512	ign_pnoa_rgb	https://www.ign.es/wms-inspire/pnoa-ma	OI.OrthoimageCoverage	data/external/weak-label-chips-v1/train/negative/wl-tile-v1-05104-neg-es-pba-28401.png	weak_label_candidate_for_model_v1	512	512	downloaded	valid	512	512	RGB	672643	1		https://www.ign.es/wms-inspire/pnoa-ma?SERVICE=WMS&VERSION=1.1.1&REQUEST=GetMap&LAYERS=OI.OrthoimageCoverage&STYLES=&SRS=EPSG%3A4326&BBOX=-7.74651015%2C43.14903431%2C-7.74020578%2C43.15363367&WIDTH=512&HEIGHT=512&FORMAT=image%2Fpng&TRANSPARENT=false	2026-08-01T00:00:00Z
weak-chip-export-v1-00484	wl-tile-v1-07786	wl-neg-neg-es-pba-59720	neg-es-pba-59720	0	hard_negative	train	ES	Explotación mineira da Lagoa/A Cova	-8.308010196579684	42.10819989606412	-8.31110999,42.10590022,-8.30491040,42.11049957	512	ign_pnoa_rgb	https://www.ign.es/wms-inspire/pnoa-ma	OI.OrthoimageCoverage	data/external/weak-label-chips-v1/train/negative/wl-tile-v1-07786-neg-es-pba-59720.png	weak_label_candidate_for_model_v1	512	512	downloaded	valid	512	512	RGB	656305	1		https://www.ign.es/wms-inspire/pnoa-ma?SERVICE=WMS&VERSION=1.1.1&REQUEST=GetMap&LAYERS=OI.OrthoimageCoverage&STYLES=&SRS=EPSG%3A4326&BBOX=-8.31110999%2C42.10590022%2C-8.30491040%2C42.11049957&WIDTH=512&HEIGHT=512&FORMAT=image%2Fpng&TRANSPARENT=false	2026-08-01T00:00:00Z
weak-chip-export-v1-00485	wl-tile-v1-09017	wl-neg-neg-es-pba-76507	neg-es-pba-76507	0	hard_negative	train	ES	Explotación mineira da Lomba	-8.51383544744191	42.18190071932189	-8.51693885,42.17960104,-8.51073204,42.18420040	512	ign_pnoa_rgb	https://www.ign.es/wms-inspire/pnoa-ma	OI.OrthoimageCoverage	data/external/weak-label-chips-v1/train/negative/wl-tile-v1-09017-neg-es-pba-76507.png	weak_label_candidate_for_model_v1	512	512	downloaded	valid	512	512	RGB	679060	1		https://www.ign.es/wms-inspire/pnoa-ma?SERVICE=WMS&VERSION=1.1.1&REQUEST=GetMap&LAYERS=OI.OrthoimageCoverage&STYLES=&SRS=EPSG%3A4326&BBOX=-8.51693885%2C42.17960104%2C-8.51073204%2C42.18420040&WIDTH=512&HEIGHT=512&FORMAT=image%2Fpng&TRANSPARENT=false	2026-08-01T00:00:00Z
weak-chip-export-v1-00486	wl-tile-v1-09018	wl-neg-neg-es-pba-76508	neg-es-pba-76508	0	hard_negative	train	ES	Explotación mineira da Ribeira	-8.51600247859025	42.1738998055442	-8.51910549,42.17160013,-8.51289946,42.17619948	512	ign_pnoa_rgb	https://www.ign.es/wms-inspire/pnoa-ma	OI.OrthoimageCoverage	data/external/weak-label-chips-v1/train/negative/wl-tile-v1-09018-neg-es-pba-76508.png	weak_label_candidate_for_model_v1	512	512	downloaded	valid	512	512	RGB	636733	1		https://www.ign.es/wms-inspire/pnoa-ma?SERVICE=WMS&VERSION=1.1.1&REQUEST=GetMap&LAYERS=OI.OrthoimageCoverage&STYLES=&SRS=EPSG%3A4326&BBOX=-8.51910549%2C42.17160013%2C-8.51289946%2C42.17619948&WIDTH=512&HEIGHT=512&FORMAT=image%2Fpng&TRANSPARENT=false	2026-08-01T00:00:00Z
weak-chip-export-v1-00487	wl-tile-v1-09358	wl-neg-neg-es-pba-71280	neg-es-pba-71280	0	hard_negative	train	ES	Explotación mineira das Chans de Tebra	-8.732871738888477	42.054362322318354	-8.73596891,42.05206265,-8.72977457,42.05666200	512	ign_pnoa_rgb	https://www.ign.es/wms-inspire/pnoa-ma	OI.OrthoimageCoverage	data/external/weak-label-chips-v1/train/negative/wl-tile-v1-09358-neg-es-pba-71280.png	weak_label_candidate_for_model_v1	512	512	downloaded	valid	512	512	RGB	634749	1		https://www.ign.es/wms-inspire/pnoa-ma?SERVICE=WMS&VERSION=1.1.1&REQUEST=GetMap&LAYERS=OI.OrthoimageCoverage&STYLES=&SRS=EPSG%3A4326&BBOX=-8.73596891%2C42.05206265%2C-8.72977457%2C42.05666200&WIDTH=512&HEIGHT=512&FORMAT=image%2Fpng&TRANSPARENT=false	2026-08-01T00:00:00Z
weak-chip-export-v1-00488	wl-tile-v1-07857	wl-neg-neg-es-pba-60223	neg-es-pba-60223	0	hard_negative	train	ES	Explotación mineira das Insuas	-8.819038707321273	42.099962203414805	-8.82213810,42.09766253,-8.81593931,42.10226188	512	ign_pnoa_rgb	https://www.ign.es/wms-inspire/pnoa-ma	OI.OrthoimageCoverage	data/external/weak-label-chips-v1/train/negative/wl-tile-v1-07857-neg-es-pba-60223.png	weak_label_candidate_for_model_v1	512	512	downloaded	valid	512	512	RGB	691714	1		https://www.ign.es/wms-inspire/pnoa-ma?SERVICE=WMS&VERSION=1.1.1&REQUEST=GetMap&LAYERS=OI.OrthoimageCoverage&STYLES=&SRS=EPSG%3A4326&BBOX=-8.82213810%2C42.09766253%2C-8.81593931%2C42.10226188&WIDTH=512&HEIGHT=512&FORMAT=image%2Fpng&TRANSPARENT=false	2026-08-01T00:00:00Z
weak-chip-export-v1-00489	wl-tile-v1-09359	wl-neg-neg-es-pba-71281	neg-es-pba-71281	0	hard_negative	train	ES	Explotación mineira das Torres	-8.720846766474482	42.00063768031246	-8.72394132,41.99833800,-8.71775222,42.00293736	512	ign_pnoa_rgb	https://www.ign.es/wms-inspire/pnoa-ma	OI.OrthoimageCoverage	data/external/weak-label-chips-v1/train/negative/wl-tile-v1-09359-neg-es-pba-71281.png	weak_label_candidate_for_model_v1	512	512	downloaded	valid	512	512	RGB	657455	1		https://www.ign.es/wms-inspire/pnoa-ma?SERVICE=WMS&VERSION=1.1.1&REQUEST=GetMap&LAYERS=OI.OrthoimageCoverage&STYLES=&SRS=EPSG%3A4326&BBOX=-8.72394132%2C41.99833800%2C-8.71775222%2C42.00293736&WIDTH=512&HEIGHT=512&FORMAT=image%2Fpng&TRANSPARENT=false	2026-08-01T00:00:00Z
weak-chip-export-v1-00490	wl-tile-v1-05654	wl-neg-neg-es-pba-31696	neg-es-pba-31696	0	hard_negative	train	ES	Explotación mineira de Monte Trandeira	-7.295232410387848	42.83253945231191	-7.29836829,42.83023978,-7.29209653,42.83483913	512	ign_pnoa_rgb	https://www.ign.es/wms-inspire/pnoa-ma	OI.OrthoimageCoverage	data/external/weak-label-chips-v1/train/negative/wl-tile-v1-05654-neg-es-pba-31696.png	weak_label_candidate_for_model_v1	512	512	downloaded	valid	512	512	RGB	663782	1		https://www.ign.es/wms-inspire/pnoa-ma?SERVICE=WMS&VERSION=1.1.1&REQUEST=GetMap&LAYERS=OI.OrthoimageCoverage&STYLES=&SRS=EPSG%3A4326&BBOX=-7.29836829%2C42.83023978%2C-7.29209653%2C42.83483913&WIDTH=512&HEIGHT=512&FORMAT=image%2Fpng&TRANSPARENT=false	2026-08-01T00:00:00Z
weak-chip-export-v1-00491	wl-tile-v1-05105	wl-neg-neg-es-pba-28402	neg-es-pba-28402	0	hard_negative	train	ES	Explotación mineira de Pena Moura	-7.762690641236072	43.15829401181744	-7.76584319,43.15599434,-7.75953810,43.16059369	512	ign_pnoa_rgb	https://www.ign.es/wms-inspire/pnoa-ma	OI.OrthoimageCoverage	data/external/weak-label-chips-v1/train/negative/wl-tile-v1-05105-neg-es-pba-28402.png	weak_label_candidate_for_model_v1	512	512	downloaded	valid	512	512	RGB	687864	1		https://www.ign.es/wms-inspire/pnoa-ma?SERVICE=WMS&VERSION=1.1.1&REQUEST=GetMap&LAYERS=OI.OrthoimageCoverage&STYLES=&SRS=EPSG%3A4326&BBOX=-7.76584319%2C43.15599434%2C-7.75953810%2C43.16059369&WIDTH=512&HEIGHT=512&FORMAT=image%2Fpng&TRANSPARENT=false	2026-08-01T00:00:00Z
weak-chip-export-v1-00492	wl-tile-v1-08277	wl-neg-neg-es-pba-64195	neg-es-pba-64195	0	hard_negative	train	ES	Explotación mineira de Prado do Muíño Entrerríos	-8.324286778345321	42.620015795845	-8.32741193,42.61771612,-8.32116163,42.62231547	512	ign_pnoa_rgb	https://www.ign.es/wms-inspire/pnoa-ma	OI.OrthoimageCoverage	data/external/weak-label-chips-v1/train/negative/wl-tile-v1-08277-neg-es-pba-64195.png	weak_label_candidate_for_model_v1	512	512	downloaded	valid	512	512	RGB	660099	1		https://www.ign.es/wms-inspire/pnoa-ma?SERVICE=WMS&VERSION=1.1.1&REQUEST=GetMap&LAYERS=OI.OrthoimageCoverage&STYLES=&SRS=EPSG%3A4326&BBOX=-8.32741193%2C42.61771612%2C-8.32116163%2C42.62231547&WIDTH=512&HEIGHT=512&FORMAT=image%2Fpng&TRANSPARENT=false	2026-08-01T00:00:00Z
weak-chip-export-v1-00493	wl-tile-v1-06226	wl-neg-neg-es-pba-40492	neg-es-pba-40492	0	hard_negative	train	ES	Explotación mineira do Covallón	-7.27283628672123	42.42710067727647	-7.27595180,42.42480100,-7.26972077,42.42940035	512	ign_pnoa_rgb	https://www.ign.es/wms-inspire/pnoa-ma	OI.OrthoimageCoverage	data/external/weak-label-chips-v1/train/negative/wl-tile-v1-06226-neg-es-pba-40492.png	weak_label_candidate_for_model_v1	512	512	downloaded	valid	512	512	RGB	624678	1		https://www.ign.es/wms-inspire/pnoa-ma?SERVICE=WMS&VERSION=1.1.1&REQUEST=GetMap&LAYERS=OI.OrthoimageCoverage&STYLES=&SRS=EPSG%3A4326&BBOX=-7.27595180%2C42.42480100%2C-7.26972077%2C42.42940035&WIDTH=512&HEIGHT=512&FORMAT=image%2Fpng&TRANSPARENT=false	2026-08-01T00:00:00Z
weak-chip-export-v1-00494	wl-tile-v1-06227	wl-neg-neg-es-pba-40493	neg-es-pba-40493	0	hard_negative	train	ES	Explotación mineira do Vogo	-7.27548219729061	42.42592104302052	-7.27859766,42.42362137,-7.27236674,42.42822072	512	ign_pnoa_rgb	https://www.ign.es/wms-inspire/pnoa-ma	OI.OrthoimageCoverage	data/external/weak-label-chips-v1/train/negative/wl-tile-v1-06227-neg-es-pba-40493.png	weak_label_candidate_for_model_v1	512	512	downloaded	valid	512	512	RGB	656834	1		https://www.ign.es/wms-inspire/pnoa-ma?SERVICE=WMS&VERSION=1.1.1&REQUEST=GetMap&LAYERS=OI.OrthoimageCoverage&STYLES=&SRS=EPSG%3A4326&BBOX=-7.27859766%2C42.42362137%2C-7.27236674%2C42.42822072&WIDTH=512&HEIGHT=512&FORMAT=image%2Fpng&TRANSPARENT=false	2026-08-01T00:00:00Z
weak-chip-export-v1-00495	wl-tile-v1-07858	wl-neg-neg-es-pba-60224	neg-es-pba-60224	0	hard_negative	train	ES	Explotación mineira do Xuncal	-8.822032170121965	42.104321553096845	-8.82513178,42.10202188,-8.81893256,42.10662123	512	ign_pnoa_rgb	https://www.ign.es/wms-inspire/pnoa-ma	OI.OrthoimageCoverage	data/external/weak-label-chips-v1/train/negative/wl-tile-v1-07858-neg-es-pba-60224.png	weak_label_candidate_for_model_v1	512	512	downloaded	valid	512	512	RGB	695111	1		https://www.ign.es/wms-inspire/pnoa-ma?SERVICE=WMS&VERSION=1.1.1&REQUEST=GetMap&LAYERS=OI.OrthoimageCoverage&STYLES=&SRS=EPSG%3A4326&BBOX=-8.82513178%2C42.10202188%2C-8.81893256%2C42.10662123&WIDTH=512&HEIGHT=512&FORMAT=image%2Fpng&TRANSPARENT=false	2026-08-01T00:00:00Z
weak-chip-export-v1-00496	wl-tile-v1-09360	wl-neg-neg-es-pba-71282	neg-es-pba-71282	0	hard_negative	train	ES	Explotación mineira dos Buracos dos Mouros	-8.80208838838941	42.056920389404084	-8.80518568,42.05462071,-8.79899110,42.05922007	512	ign_pnoa_rgb	https://www.ign.es/wms-inspire/pnoa-ma	OI.OrthoimageCoverage	data/external/weak-label-chips-v1/train/negative/wl-tile-v1-09360-neg-es-pba-71282.png	weak_label_candidate_for_model_v1	512	512	downloaded	valid	512	512	RGB	638659	1		https://www.ign.es/wms-inspire/pnoa-ma?SERVICE=WMS&VERSION=1.1.1&REQUEST=GetMap&LAYERS=OI.OrthoimageCoverage&STYLES=&SRS=EPSG%3A4326&BBOX=-8.80518568%2C42.05462071%2C-8.79899110%2C42.05922007&WIDTH=512&HEIGHT=512&FORMAT=image%2Fpng&TRANSPARENT=false	2026-08-01T00:00:00Z
weak-chip-export-v1-00497	wl-tile-v1-06228	wl-neg-neg-es-pba-40494	neg-es-pba-40494	0	hard_negative	train	ES	Explotacións mineiras de Barreiro	-7.3279924227393645	42.45575662840394	-7.33110937,42.45345695,-7.32487548,42.45805631	512	ign_pnoa_rgb	https://www.ign.es/wms-inspire/pnoa-ma	OI.OrthoimageCoverage	data/external/weak-label-chips-v1/train/negative/wl-tile-v1-06228-neg-es-pba-40494.png	weak_label_candidate_for_model_v1	512	512	downloaded	valid	512	512	RGB	698955	1		https://www.ign.es/wms-inspire/pnoa-ma?SERVICE=WMS&VERSION=1.1.1&REQUEST=GetMap&LAYERS=OI.OrthoimageCoverage&STYLES=&SRS=EPSG%3A4326&BBOX=-7.33110937%2C42.45345695%2C-7.32487548%2C42.45805631&WIDTH=512&HEIGHT=512&FORMAT=image%2Fpng&TRANSPARENT=false	2026-08-01T00:00:00Z
weak-chip-export-v1-00498	wl-tile-v1-06229	wl-neg-neg-es-pba-40553	neg-es-pba-40553	0	hard_negative	train	ES	Explotacións mineiras de Figueirido1	-7.223663702416862	42.41999017810369	-7.22677887,42.41769050,-7.22054854,42.42228985	512	ign_pnoa_rgb	https://www.ign.es/wms-inspire/pnoa-ma	OI.OrthoimageCoverage	data/external/weak-label-chips-v1/train/negative/wl-tile-v1-06229-neg-es-pba-40553.png	weak_label_candidate_for_model_v1	512	512	downloaded	valid	512	512	RGB	657910	1		https://www.ign.es/wms-inspire/pnoa-ma?SERVICE=WMS&VERSION=1.1.1&REQUEST=GetMap&LAYERS=OI.OrthoimageCoverage&STYLES=&SRS=EPSG%3A4326&BBOX=-7.22677887%2C42.41769050%2C-7.22054854%2C42.42228985&WIDTH=512&HEIGHT=512&FORMAT=image%2Fpng&TRANSPARENT=false	2026-08-01T00:00:00Z
weak-chip-export-v1-00499	wl-tile-v1-06230	wl-neg-neg-es-pba-40554	neg-es-pba-40554	0	hard_negative	train	ES	Explotacións mineiras de Figueirido2	-7.221403202211547	42.40737971149424	-7.22451774,42.40508003,-7.21828866,42.40967939	512	ign_pnoa_rgb	https://www.ign.es/wms-inspire/pnoa-ma	OI.OrthoimageCoverage	data/external/weak-label-chips-v1/train/negative/wl-tile-v1-06230-neg-es-pba-40554.png	weak_label_candidate_for_model_v1	512	512	downloaded	valid	512	512	RGB	653477	1		https://www.ign.es/wms-inspire/pnoa-ma?SERVICE=WMS&VERSION=1.1.1&REQUEST=GetMap&LAYERS=OI.OrthoimageCoverage&STYLES=&SRS=EPSG%3A4326&BBOX=-7.22451774%2C42.40508003%2C-7.21828866%2C42.40967939&WIDTH=512&HEIGHT=512&FORMAT=image%2Fpng&TRANSPARENT=false	2026-08-01T00:00:00Z
weak-chip-export-v1-00500	wl-tile-v1-06231	wl-neg-neg-es-pba-40555	neg-es-pba-40555	0	hard_negative	train	ES	Explotacións mineiras de Peites	-7.225903870235764	42.403562306787734	-7.22901822,42.40126263,-7.22278952,42.40586198	512	ign_pnoa_rgb	https://www.ign.es/wms-inspire/pnoa-ma	OI.OrthoimageCoverage	data/external/weak-label-chips-v1/train/negative/wl-tile-v1-06231-neg-es-pba-40555.png	weak_label_candidate_for_model_v1	512	512	downloaded	valid	512	512	RGB	694063	1		https://www.ign.es/wms-inspire/pnoa-ma?SERVICE=WMS&VERSION=1.1.1&REQUEST=GetMap&LAYERS=OI.OrthoimageCoverage&STYLES=&SRS=EPSG%3A4326&BBOX=-7.22901822%2C42.40126263%2C-7.22278952%2C42.40586198&WIDTH=512&HEIGHT=512&FORMAT=image%2Fpng&TRANSPARENT=false	2026-08-01T00:00:00Z
weak-chip-export-v1-00501	wl-tile-v1-06232	wl-neg-neg-es-pba-40556	neg-es-pba-40556	0	hard_negative	train	ES	Explotacións mineiras de Rairós	-7.319106827897532	42.46151647224753	-7.32222406,42.45921680,-7.31598960,42.46381615	512	ign_pnoa_rgb	https://www.ign.es/wms-inspire/pnoa-ma	OI.OrthoimageCoverage	data/external/weak-label-chips-v1/train/negative/wl-tile-v1-06232-neg-es-pba-40556.png	weak_label_candidate_for_model_v1	512	512	downloaded	valid	512	512	RGB	711115	1		https://www.ign.es/wms-inspire/pnoa-ma?SERVICE=WMS&VERSION=1.1.1&REQUEST=GetMap&LAYERS=OI.OrthoimageCoverage&STYLES=&SRS=EPSG%3A4326&BBOX=-7.32222406%2C42.45921680%2C-7.31598960%2C42.46381615&WIDTH=512&HEIGHT=512&FORMAT=image%2Fpng&TRANSPARENT=false	2026-08-01T00:00:00Z
weak-chip-export-v1-00502	wl-tile-v1-06233	wl-neg-neg-es-pba-40557	neg-es-pba-40557	0	hard_negative	train	ES	Explotacións mineiras de San Clodio 1	-7.287650757069768	42.45802010581664	-7.29076781,42.45572043,-7.28453370,42.46031978	512	ign_pnoa_rgb	https://www.ign.es/wms-inspire/pnoa-ma	OI.OrthoimageCoverage	data/external/weak-label-chips-v1/train/negative/wl-tile-v1-06233-neg-es-pba-40557.png	weak_label_candidate_for_model_v1	512	512	downloaded	valid	512	512	RGB	693988	1		https://www.ign.es/wms-inspire/pnoa-ma?SERVICE=WMS&VERSION=1.1.1&REQUEST=GetMap&LAYERS=OI.OrthoimageCoverage&STYLES=&SRS=EPSG%3A4326&BBOX=-7.29076781%2C42.45572043%2C-7.28453370%2C42.46031978&WIDTH=512&HEIGHT=512&FORMAT=image%2Fpng&TRANSPARENT=false	2026-08-01T00:00:00Z
weak-chip-export-v1-00503	wl-tile-v1-06234	wl-neg-neg-es-pba-40584	neg-es-pba-40584	0	hard_negative	train	ES	Explotacións mineiras de San Clodio 2	-7.30350557166295	42.468580407358246	-7.30662315,42.46628073,-7.30038799,42.47088008	512	ign_pnoa_rgb	https://www.ign.es/wms-inspire/pnoa-ma	OI.OrthoimageCoverage	data/external/weak-label-chips-v1/train/negative/wl-tile-v1-06234-neg-es-pba-40584.png	weak_label_candidate_for_model_v1	512	512	downloaded	valid	512	512	RGB	582591	1		https://www.ign.es/wms-inspire/pnoa-ma?SERVICE=WMS&VERSION=1.1.1&REQUEST=GetMap&LAYERS=OI.OrthoimageCoverage&STYLES=&SRS=EPSG%3A4326&BBOX=-7.30662315%2C42.46628073%2C-7.30038799%2C42.47088008&WIDTH=512&HEIGHT=512&FORMAT=image%2Fpng&TRANSPARENT=false	2026-08-01T00:00:00Z
weak-chip-export-v1-00504	wl-tile-v1-07320	wl-neg-neg-es-pba-56726	neg-es-pba-56726	0	hard_negative	train	ES	Foi Pidriña	-6.835819081262237	42.41494787571077	-6.83893399,42.41264820,-6.83270417,42.41724755	512	ign_pnoa_rgb	https://www.ign.es/wms-inspire/pnoa-ma	OI.OrthoimageCoverage	data/external/weak-label-chips-v1/train/negative/wl-tile-v1-07320-neg-es-pba-56726.png	weak_label_candidate_for_model_v1	512	512	downloaded	valid	512	512	RGB	650921	1		https://www.ign.es/wms-inspire/pnoa-ma?SERVICE=WMS&VERSION=1.1.1&REQUEST=GetMap&LAYERS=OI.OrthoimageCoverage&STYLES=&SRS=EPSG%3A4326&BBOX=-6.83893399%2C42.41264820%2C-6.83270417%2C42.41724755&WIDTH=512&HEIGHT=512&FORMAT=image%2Fpng&TRANSPARENT=false	2026-08-01T00:00:00Z
weak-chip-export-v1-00505	wl-tile-v1-07321	wl-neg-neg-es-pba-56727	neg-es-pba-56727	0	hard_negative	train	ES	Foi Pidriña	-6.835679358264463	42.415823894913224	-6.83879432,42.41352422,-6.83256440,42.41812357	512	ign_pnoa_rgb	https://www.ign.es/wms-inspire/pnoa-ma	OI.OrthoimageCoverage	data/external/weak-label-chips-v1/train/negative/wl-tile-v1-07321-neg-es-pba-56727.png	weak_label_candidate_for_model_v1	512	512	downloaded	valid	512	512	RGB	657340	1		https://www.ign.es/wms-inspire/pnoa-ma?SERVICE=WMS&VERSION=1.1.1&REQUEST=GetMap&LAYERS=OI.OrthoimageCoverage&STYLES=&SRS=EPSG%3A4326&BBOX=-6.83879432%2C42.41352422%2C-6.83256440%2C42.41812357&WIDTH=512&HEIGHT=512&FORMAT=image%2Fpng&TRANSPARENT=false	2026-08-01T00:00:00Z
weak-chip-export-v1-00506	wl-tile-v1-07322	wl-neg-neg-es-pba-56728	neg-es-pba-56728	0	hard_negative	train	ES	Folo das Arcas	-6.870161089680791	42.49270667472105	-6.87327987,42.49040700,-6.86704231,42.49500635	512	ign_pnoa_rgb	https://www.ign.es/wms-inspire/pnoa-ma	OI.OrthoimageCoverage	data/external/weak-label-chips-v1/train/negative/wl-tile-v1-07322-neg-es-pba-56728.png	weak_label_candidate_for_model_v1	512	512	downloaded	valid	512	512	RGB	658725	1		https://www.ign.es/wms-inspire/pnoa-ma?SERVICE=WMS&VERSION=1.1.1&REQUEST=GetMap&LAYERS=OI.OrthoimageCoverage&STYLES=&SRS=EPSG%3A4326&BBOX=-6.87327987%2C42.49040700%2C-6.86704231%2C42.49500635&WIDTH=512&HEIGHT=512&FORMAT=image%2Fpng&TRANSPARENT=false	2026-08-01T00:00:00Z
weak-chip-export-v1-00507	wl-tile-v1-08864	wl-neg-neg-es-pba-68930	neg-es-pba-68930	0	hard_negative	train	ES	Fonte do Muras	-8.555425863534593	42.30048022645749	-8.55853511,42.29818055,-8.55231662,42.30277990	512	ign_pnoa_rgb	https://www.ign.es/wms-inspire/pnoa-ma	OI.OrthoimageCoverage	data/external/weak-label-chips-v1/train/negative/wl-tile-v1-08864-neg-es-pba-68930.png	weak_label_candidate_for_model_v1	512	512	downloaded	valid	512	512	RGB	654638	1		https://www.ign.es/wms-inspire/pnoa-ma?SERVICE=WMS&VERSION=1.1.1&REQUEST=GetMap&LAYERS=OI.OrthoimageCoverage&STYLES=&SRS=EPSG%3A4326&BBOX=-8.55853511%2C42.29818055%2C-8.55231662%2C42.30277990&WIDTH=512&HEIGHT=512&FORMAT=image%2Fpng&TRANSPARENT=false	2026-08-01T00:00:00Z
weak-chip-export-v1-00508	wl-tile-v1-05770	wl-neg-neg-es-pba-35433	neg-es-pba-35433	0	hard_negative	train	ES	Forno dos Mouros/Medorra de Monte Fabeiro 1	-7.836754086005733	42.84660058599755	-7.83989068,42.84430091,-7.83361749,42.84890026	512	ign_pnoa_rgb	https://www.ign.es/wms-inspire/pnoa-ma	OI.OrthoimageCoverage	data/external/weak-label-chips-v1/train/negative/wl-tile-v1-05770-neg-es-pba-35433.png	weak_label_candidate_for_model_v1	512	512	downloaded	valid	512	512	RGB	652375	1		https://www.ign.es/wms-inspire/pnoa-ma?SERVICE=WMS&VERSION=1.1.1&REQUEST=GetMap&LAYERS=OI.OrthoimageCoverage&STYLES=&SRS=EPSG%3A4326&BBOX=-7.83989068%2C42.84430091%2C-7.83361749%2C42.84890026&WIDTH=512&HEIGHT=512&FORMAT=image%2Fpng&TRANSPARENT=false	2026-08-01T00:00:00Z
weak-chip-export-v1-00509	wl-tile-v1-05759	wl-neg-neg-es-pba-35225	neg-es-pba-35225	0	hard_negative	train	ES	Forno dos Mouros/Medorra de Monte Fabeiro 2	-7.836634451956431	42.84638751697272	-7.83977103,42.84408784,-7.83349787,42.84868719	512	ign_pnoa_rgb	https://www.ign.es/wms-inspire/pnoa-ma	OI.OrthoimageCoverage	data/external/weak-label-chips-v1/train/negative/wl-tile-v1-05759-neg-es-pba-35225.png	weak_label_candidate_for_model_v1	512	512	downloaded	valid	512	512	RGB	649204	1		https://www.ign.es/wms-inspire/pnoa-ma?SERVICE=WMS&VERSION=1.1.1&REQUEST=GetMap&LAYERS=OI.OrthoimageCoverage&STYLES=&SRS=EPSG%3A4326&BBOX=-7.83977103%2C42.84408784%2C-7.83349787%2C42.84868719&WIDTH=512&HEIGHT=512&FORMAT=image%2Fpng&TRANSPARENT=false	2026-08-01T00:00:00Z
weak-chip-export-v1-00510	wl-tile-v1-08822	wl-neg-neg-es-pba-77256	neg-es-pba-77256	0	hard_negative	train	ES	Gabias exploratorias Monte Gándara de Torneirós	-8.638408191701958	42.16070154903199	-8.64151056,42.15840187,-8.63530582,42.16300123	512	ign_pnoa_rgb	https://www.ign.es/wms-inspire/pnoa-ma	OI.OrthoimageCoverage	data/external/weak-label-chips-v1/train/negative/wl-tile-v1-08822-neg-es-pba-77256.png	weak_label_candidate_for_model_v1	512	512	downloaded	valid	512	512	RGB	708816	1		https://www.ign.es/wms-inspire/pnoa-ma?SERVICE=WMS&VERSION=1.1.1&REQUEST=GetMap&LAYERS=OI.OrthoimageCoverage&STYLES=&SRS=EPSG%3A4326&BBOX=-8.64151056%2C42.15840187%2C-8.63530582%2C42.16300123&WIDTH=512&HEIGHT=512&FORMAT=image%2Fpng&TRANSPARENT=false	2026-08-01T00:00:00Z
weak-chip-export-v1-00511	wl-tile-v1-08819	wl-neg-neg-es-pba-77253	neg-es-pba-77253	0	hard_negative	train	ES	Gabias exploratorias do Monte Carrascal e Laxedo I	-8.605705472998876	42.136535547866046	-8.60880666,42.13423587,-8.60260429,42.13883522	512	ign_pnoa_rgb	https://www.ign.es/wms-inspire/pnoa-ma	OI.OrthoimageCoverage	data/external/weak-label-chips-v1/train/negative/wl-tile-v1-08819-neg-es-pba-77253.png	weak_label_candidate_for_model_v1	512	512	downloaded	valid	512	512	RGB	636907	1		https://www.ign.es/wms-inspire/pnoa-ma?SERVICE=WMS&VERSION=1.1.1&REQUEST=GetMap&LAYERS=OI.OrthoimageCoverage&STYLES=&SRS=EPSG%3A4326&BBOX=-8.60880666%2C42.13423587%2C-8.60260429%2C42.13883522&WIDTH=512&HEIGHT=512&FORMAT=image%2Fpng&TRANSPARENT=false	2026-08-01T00:00:00Z
weak-chip-export-v1-00512	wl-tile-v1-08820	wl-neg-neg-es-pba-77254	neg-es-pba-77254	0	hard_negative	train	ES	Gabias exploratorias do Monte Carrascal e Laxedo II	-8.605176504780447	42.135639074093255	-8.60827764,42.13333940,-8.60207537,42.13793875	512	ign_pnoa_rgb	https://www.ign.es/wms-inspire/pnoa-ma	OI.OrthoimageCoverage	data/external/weak-label-chips-v1/train/negative/wl-tile-v1-08820-neg-es-pba-77254.png	weak_label_candidate_for_model_v1	512	512	downloaded	valid	512	512	RGB	641207	1		https://www.ign.es/wms-inspire/pnoa-ma?SERVICE=WMS&VERSION=1.1.1&REQUEST=GetMap&LAYERS=OI.OrthoimageCoverage&STYLES=&SRS=EPSG%3A4326&BBOX=-8.60827764%2C42.13333940%2C-8.60207537%2C42.13793875&WIDTH=512&HEIGHT=512&FORMAT=image%2Fpng&TRANSPARENT=false	2026-08-01T00:00:00Z
weak-chip-export-v1-00513	wl-tile-v1-08821	wl-neg-neg-es-pba-77255	neg-es-pba-77255	0	hard_negative	train	ES	Gabias exploratorias do Monte Carrascal e Laxedo III	-8.594771069199988	42.14136692697509	-8.59787249,42.13906725,-8.59166965,42.14366660	512	ign_pnoa_rgb	https://www.ign.es/wms-inspire/pnoa-ma	OI.OrthoimageCoverage	data/external/weak-label-chips-v1/train/negative/wl-tile-v1-08821-neg-es-pba-77255.png	weak_label_candidate_for_model_v1	512	512	downloaded	valid	512	512	RGB	655897	1		https://www.ign.es/wms-inspire/pnoa-ma?SERVICE=WMS&VERSION=1.1.1&REQUEST=GetMap&LAYERS=OI.OrthoimageCoverage&STYLES=&SRS=EPSG%3A4326&BBOX=-8.59787249%2C42.13906725%2C-8.59166965%2C42.14366660&WIDTH=512&HEIGHT=512&FORMAT=image%2Fpng&TRANSPARENT=false	2026-08-01T00:00:00Z
weak-chip-export-v1-00514	wl-tile-v1-09520	wl-neg-neg-es-pba-74239	neg-es-pba-74239	0	hard_negative	train	ES	Gravado de Maceiras	-8.7902616307108	42.55927207016128	-8.79338374,42.55697239,-8.78713952,42.56157175	512	ign_pnoa_rgb	https://www.ign.es/wms-inspire/pnoa-ma	OI.OrthoimageCoverage	data/external/weak-label-chips-v1/train/negative/wl-tile-v1-09520-neg-es-pba-74239.png	weak_label_candidate_for_model_v1	512	512	downloaded	valid	512	512	RGB	668087	1		https://www.ign.es/wms-inspire/pnoa-ma?SERVICE=WMS&VERSION=1.1.1&REQUEST=GetMap&LAYERS=OI.OrthoimageCoverage&STYLES=&SRS=EPSG%3A4326&BBOX=-8.79338374%2C42.55697239%2C-8.78713952%2C42.56157175&WIDTH=512&HEIGHT=512&FORMAT=image%2Fpng&TRANSPARENT=false	2026-08-01T00:00:00Z
weak-chip-export-v1-00515	wl-tile-v1-06449	wl-neg-neg-es-pba-43122	neg-es-pba-43122	0	hard_negative	train	ES	Gravado de Pena Grande	-7.735961335048602	43.36213236031753	-7.73912445,43.35983268,-7.73279822,43.36443204	512	ign_pnoa_rgb	https://www.ign.es/wms-inspire/pnoa-ma	OI.OrthoimageCoverage	data/external/weak-label-chips-v1/train/negative/wl-tile-v1-06449-neg-es-pba-43122.png	weak_label_candidate_for_model_v1	512	512	downloaded	valid	512	512	RGB	636720	1		https://www.ign.es/wms-inspire/pnoa-ma?SERVICE=WMS&VERSION=1.1.1&REQUEST=GetMap&LAYERS=OI.OrthoimageCoverage&STYLES=&SRS=EPSG%3A4326&BBOX=-7.73912445%2C43.35983268%2C-7.73279822%2C43.36443204&WIDTH=512&HEIGHT=512&FORMAT=image%2Fpng&TRANSPARENT=false	2026-08-01T00:00:00Z
weak-chip-export-v1-00516	wl-tile-v1-05832	wl-neg-neg-es-pba-31874	neg-es-pba-31874	0	hard_negative	train	ES	Gravados da Pena Escrita de Treimonte	-7.3737905735463976	42.66332543863678	-7.37691790,42.66102576,-7.37066324,42.66562512	512	ign_pnoa_rgb	https://www.ign.es/wms-inspire/pnoa-ma	OI.OrthoimageCoverage	data/external/weak-label-chips-v1/train/negative/wl-tile-v1-05832-neg-es-pba-31874.png	weak_label_candidate_for_model_v1	512	512	downloaded	valid	512	512	RGB	662353	1		https://www.ign.es/wms-inspire/pnoa-ma?SERVICE=WMS&VERSION=1.1.1&REQUEST=GetMap&LAYERS=OI.OrthoimageCoverage&STYLES=&SRS=EPSG%3A4326&BBOX=-7.37691790%2C42.66102576%2C-7.37066324%2C42.66562512&WIDTH=512&HEIGHT=512&FORMAT=image%2Fpng&TRANSPARENT=false	2026-08-01T00:00:00Z
weak-chip-export-v1-00517	wl-tile-v1-06263	wl-neg-neg-es-pba-41604	neg-es-pba-41604	0	hard_negative	train	ES	Gravados de Fonte 2	-7.431968748413547	42.779974351863984	-7.43510196,42.77767468,-7.42883553,42.78227403	512	ign_pnoa_rgb	https://www.ign.es/wms-inspire/pnoa-ma	OI.OrthoimageCoverage	data/external/weak-label-chips-v1/train/negative/wl-tile-v1-06263-neg-es-pba-41604.png	weak_label_candidate_for_model_v1	512	512	downloaded	valid	512	512	RGB	520407	1		https://www.ign.es/wms-inspire/pnoa-ma?SERVICE=WMS&VERSION=1.1.1&REQUEST=GetMap&LAYERS=OI.OrthoimageCoverage&STYLES=&SRS=EPSG%3A4326&BBOX=-7.43510196%2C42.77767468%2C-7.42883553%2C42.78227403&WIDTH=512&HEIGHT=512&FORMAT=image%2Fpng&TRANSPARENT=false	2026-08-01T00:00:00Z
weak-chip-export-v1-00518	wl-tile-v1-05002	wl-neg-neg-es-pba-27562	neg-es-pba-27562	0	hard_negative	train	ES	Hórreo na Mámoa	-8.947146333788332	43.05744182051493	-8.95029369,43.05514214,-8.94399898,43.05974150	512	ign_pnoa_rgb	https://www.ign.es/wms-inspire/pnoa-ma	OI.OrthoimageCoverage	data/external/weak-label-chips-v1/train/negative/wl-tile-v1-05002-neg-es-pba-27562.png	weak_label_candidate_for_model_v1	512	512	downloaded	valid	512	512	RGB	613849	1		https://www.ign.es/wms-inspire/pnoa-ma?SERVICE=WMS&VERSION=1.1.1&REQUEST=GetMap&LAYERS=OI.OrthoimageCoverage&STYLES=&SRS=EPSG%3A4326&BBOX=-8.95029369%2C43.05514214%2C-8.94399898%2C43.05974150&WIDTH=512&HEIGHT=512&FORMAT=image%2Fpng&TRANSPARENT=false	2026-08-01T00:00:00Z
weak-chip-export-v1-00519	wl-tile-v1-06770	wl-neg-neg-es-pba-57759	neg-es-pba-57759	0	hard_negative	train	ES	Igrexa de Pedrafita (Parroquial de San Martiño)	-7.495689018339185	42.357516673259276	-7.49880108,42.35521700,-7.49257695,42.35981635	512	ign_pnoa_rgb	https://www.ign.es/wms-inspire/pnoa-ma	OI.OrthoimageCoverage	data/external/weak-label-chips-v1/train/negative/wl-tile-v1-06770-neg-es-pba-57759.png	weak_label_candidate_for_model_v1	512	512	downloaded	valid	512	512	RGB	648057	1		https://www.ign.es/wms-inspire/pnoa-ma?SERVICE=WMS&VERSION=1.1.1&REQUEST=GetMap&LAYERS=OI.OrthoimageCoverage&STYLES=&SRS=EPSG%3A4326&BBOX=-7.49880108%2C42.35521700%2C-7.49257695%2C42.35981635&WIDTH=512&HEIGHT=512&FORMAT=image%2Fpng&TRANSPARENT=false	2026-08-01T00:00:00Z
weak-chip-export-v1-00520	wl-tile-v1-05822	wl-neg-neg-es-pba-29301	neg-es-pba-29301	0	hard_negative	train	ES	Igrexa de Pedrafita (Parroquial de San Miguel)	-7.42647445819372	42.960873203301766	-7.42961687,42.95857353,-7.42333205,42.96317288	512	ign_pnoa_rgb	https://www.ign.es/wms-inspire/pnoa-ma	OI.OrthoimageCoverage	data/external/weak-label-chips-v1/train/negative/wl-tile-v1-05822-neg-es-pba-29301.png	weak_label_candidate_for_model_v1	512	512	downloaded	valid	512	512	RGB	621301	1		https://www.ign.es/wms-inspire/pnoa-ma?SERVICE=WMS&VERSION=1.1.1&REQUEST=GetMap&LAYERS=OI.OrthoimageCoverage&STYLES=&SRS=EPSG%3A4326&BBOX=-7.42961687%2C42.95857353%2C-7.42333205%2C42.96317288&WIDTH=512&HEIGHT=512&FORMAT=image%2Fpng&TRANSPARENT=false	2026-08-01T00:00:00Z
weak-chip-export-v1-00521	wl-tile-v1-06067	wl-neg-neg-es-pba-37060	neg-es-pba-37060	0	hard_negative	train	ES	Igrexa de Pedrafita do Cebreiro (Parroquial de Santo Antón)	-7.02361513183858	42.726547629414775	-7.02674565,42.72424795,-7.02048462,42.72884731	512	ign_pnoa_rgb	https://www.ign.es/wms-inspire/pnoa-ma	OI.OrthoimageCoverage	data/external/weak-label-chips-v1/train/negative/wl-tile-v1-06067-neg-es-pba-37060.png	weak_label_candidate_for_model_v1	512	512	downloaded	valid	512	512	RGB	702589	1		https://www.ign.es/wms-inspire/pnoa-ma?SERVICE=WMS&VERSION=1.1.1&REQUEST=GetMap&LAYERS=OI.OrthoimageCoverage&STYLES=&SRS=EPSG%3A4326&BBOX=-7.02674565%2C42.72424795%2C-7.02048462%2C42.72884731&WIDTH=512&HEIGHT=512&FORMAT=image%2Fpng&TRANSPARENT=false	2026-08-01T00:00:00Z
weak-chip-export-v1-00522	wl-tile-v1-08556	wl-neg-neg-es-pba-66669	neg-es-pba-66669	0	hard_negative	train	ES	Lapa	-8.679850766587256	42.38401468294375	-8.68296415,42.38171501,-8.67673739,42.38631436	512	ign_pnoa_rgb	https://www.ign.es/wms-inspire/pnoa-ma	OI.OrthoimageCoverage	data/external/weak-label-chips-v1/train/negative/wl-tile-v1-08556-neg-es-pba-66669.png	weak_label_candidate_for_model_v1	512	512	downloaded	valid	512	512	RGB	707644	1		https://www.ign.es/wms-inspire/pnoa-ma?SERVICE=WMS&VERSION=1.1.1&REQUEST=GetMap&LAYERS=OI.OrthoimageCoverage&STYLES=&SRS=EPSG%3A4326&BBOX=-8.68296415%2C42.38171501%2C-8.67673739%2C42.38631436&WIDTH=512&HEIGHT=512&FORMAT=image%2Fpng&TRANSPARENT=false	2026-08-01T00:00:00Z
weak-chip-export-v1-00523	wl-tile-v1-08212	wl-neg-neg-es-pba-64531	neg-es-pba-64531	0	hard_negative	train	ES	Lapa de Monte das Mámoas	-8.07072131295011	42.552539358798825	-8.07384308,42.55023968,-8.06759954,42.55483904	512	ign_pnoa_rgb	https://www.ign.es/wms-inspire/pnoa-ma	OI.OrthoimageCoverage	data/external/weak-label-chips-v1/train/negative/wl-tile-v1-08212-neg-es-pba-64531.png	weak_label_candidate_for_model_v1	512	512	downloaded	valid	512	512	RGB	635554	1		https://www.ign.es/wms-inspire/pnoa-ma?SERVICE=WMS&VERSION=1.1.1&REQUEST=GetMap&LAYERS=OI.OrthoimageCoverage&STYLES=&SRS=EPSG%3A4326&BBOX=-8.07384308%2C42.55023968%2C-8.06759954%2C42.55483904&WIDTH=512&HEIGHT=512&FORMAT=image%2Fpng&TRANSPARENT=false	2026-08-01T00:00:00Z
weak-chip-export-v1-00524	wl-tile-v1-08682	wl-neg-neg-es-pba-67513	neg-es-pba-67513	0	hard_negative	train	ES	Laxe das Cruces	-8.588285420648084	42.238709517142944	-8.59139162,42.23640984,-8.58517922,42.24100919	512	ign_pnoa_rgb	https://www.ign.es/wms-inspire/pnoa-ma	OI.OrthoimageCoverage	data/external/weak-label-chips-v1/train/negative/wl-tile-v1-08682-neg-es-pba-67513.png	weak_label_candidate_for_model_v1	512	512	downloaded	valid	512	512	RGB	677264	1		https://www.ign.es/wms-inspire/pnoa-ma?SERVICE=WMS&VERSION=1.1.1&REQUEST=GetMap&LAYERS=OI.OrthoimageCoverage&STYLES=&SRS=EPSG%3A4326&BBOX=-8.59139162%2C42.23640984%2C-8.58517922%2C42.24100919&WIDTH=512&HEIGHT=512&FORMAT=image%2Fpng&TRANSPARENT=false	2026-08-01T00:00:00Z
weak-chip-export-v1-00525	wl-tile-v1-07948	wl-neg-neg-es-pba-63326	neg-es-pba-63326	0	hard_negative	train	ES	Laxe de Chan	-8.792644381374341	42.27065858325677	-8.79575215,42.26835891,-8.78953661,42.27295826	512	ign_pnoa_rgb	https://www.ign.es/wms-inspire/pnoa-ma	OI.OrthoimageCoverage	data/external/weak-label-chips-v1/train/negative/wl-tile-v1-07948-neg-es-pba-63326.png	weak_label_candidate_for_model_v1	512	512	downloaded	valid	512	512	RGB	713426	1		https://www.ign.es/wms-inspire/pnoa-ma?SERVICE=WMS&VERSION=1.1.1&REQUEST=GetMap&LAYERS=OI.OrthoimageCoverage&STYLES=&SRS=EPSG%3A4326&BBOX=-8.79575215%2C42.26835891%2C-8.78953661%2C42.27295826&WIDTH=512&HEIGHT=512&FORMAT=image%2Fpng&TRANSPARENT=false	2026-08-01T00:00:00Z
weak-chip-export-v1-00526	wl-tile-v1-08141	wl-neg-neg-es-pba-64776	neg-es-pba-64776	0	hard_negative	train	ES	Laxe dos Gatos	-8.529846556922468	42.59423370900125	-8.53297042,42.59193403,-8.52672270,42.59653339	512	ign_pnoa_rgb	https://www.ign.es/wms-inspire/pnoa-ma	OI.OrthoimageCoverage	data/external/weak-label-chips-v1/train/negative/wl-tile-v1-08141-neg-es-pba-64776.png	weak_label_candidate_for_model_v1	512	512	downloaded	valid	512	512	RGB	690800	1		https://www.ign.es/wms-inspire/pnoa-ma?SERVICE=WMS&VERSION=1.1.1&REQUEST=GetMap&LAYERS=OI.OrthoimageCoverage&STYLES=&SRS=EPSG%3A4326&BBOX=-8.53297042%2C42.59193403%2C-8.52672270%2C42.59653339&WIDTH=512&HEIGHT=512&FORMAT=image%2Fpng&TRANSPARENT=false	2026-08-01T00:00:00Z
weak-chip-export-v1-00527	wl-tile-v1-06484	wl-neg-neg-es-pba-43246	neg-es-pba-43246	0	hard_negative	train	ES	Leira da Modia	-7.683999995435161	43.38901435627324	-7.68716451,43.38671468,-7.68083548,43.39131403	512	ign_pnoa_rgb	https://www.ign.es/wms-inspire/pnoa-ma	OI.OrthoimageCoverage	data/external/weak-label-chips-v1/train/negative/wl-tile-v1-06484-neg-es-pba-43246.png	weak_label_candidate_for_model_v1	512	512	downloaded	valid	512	512	RGB	683326	1		https://www.ign.es/wms-inspire/pnoa-ma?SERVICE=WMS&VERSION=1.1.1&REQUEST=GetMap&LAYERS=OI.OrthoimageCoverage&STYLES=&SRS=EPSG%3A4326&BBOX=-7.68716451%2C43.38671468%2C-7.68083548%2C43.39131403&WIDTH=512&HEIGHT=512&FORMAT=image%2Fpng&TRANSPARENT=false	2026-08-01T00:00:00Z
weak-chip-export-v1-00528	wl-tile-v1-06760	wl-neg-neg-es-pba-50748	neg-es-pba-50748	0	hard_negative	train	ES	Leiras da Preseira	-7.138962565638873	42.04707342760504	-7.14205938,42.04477375,-7.13586575,42.04937310	512	ign_pnoa_rgb	https://www.ign.es/wms-inspire/pnoa-ma	OI.OrthoimageCoverage	data/external/weak-label-chips-v1/train/negative/wl-tile-v1-06760-neg-es-pba-50748.png	weak_label_candidate_for_model_v1	512	512	downloaded	valid	512	512	RGB	640814	1		https://www.ign.es/wms-inspire/pnoa-ma?SERVICE=WMS&VERSION=1.1.1&REQUEST=GetMap&LAYERS=OI.OrthoimageCoverage&STYLES=&SRS=EPSG%3A4326&BBOX=-7.14205938%2C42.04477375%2C-7.13586575%2C42.04937310&WIDTH=512&HEIGHT=512&FORMAT=image%2Fpng&TRANSPARENT=false	2026-08-01T00:00:00Z
weak-chip-export-v1-00529	wl-tile-v1-05674	wl-neg-neg-es-pba-33907	neg-es-pba-33907	0	hard_negative	train	ES	Lugar da Torre de Vilamor	-7.3361372696936265	43.46119858910801	-7.33930556,43.45889891,-7.33296897,43.46349827	512	ign_pnoa_rgb	https://www.ign.es/wms-inspire/pnoa-ma	OI.OrthoimageCoverage	data/external/weak-label-chips-v1/train/negative/wl-tile-v1-05674-neg-es-pba-33907.png	weak_label_candidate_for_model_v1	512	512	downloaded	valid	512	512	RGB	618267	1		https://www.ign.es/wms-inspire/pnoa-ma?SERVICE=WMS&VERSION=1.1.1&REQUEST=GetMap&LAYERS=OI.OrthoimageCoverage&STYLES=&SRS=EPSG%3A4326&BBOX=-7.33930556%2C43.45889891%2C-7.33296897%2C43.46349827&WIDTH=512&HEIGHT=512&FORMAT=image%2Fpng&TRANSPARENT=false	2026-08-01T00:00:00Z
weak-chip-export-v1-00530	wl-tile-v1-05774	wl-neg-neg-es-pba-36333	neg-es-pba-36333	0	hard_negative	train	ES	Madorra da Rebola de Vilares 1	-7.005253744622212	42.997154703201666	-7.00839801,42.99485503,-7.00210948,42.99945438	512	ign_pnoa_rgb	https://www.ign.es/wms-inspire/pnoa-ma	OI.OrthoimageCoverage	data/external/weak-label-chips-v1/train/negative/wl-tile-v1-05774-neg-es-pba-36333.png	weak_label_candidate_for_model_v1	512	512	downloaded	valid	512	512	RGB	620061	1		https://www.ign.es/wms-inspire/pnoa-ma?SERVICE=WMS&VERSION=1.1.1&REQUEST=GetMap&LAYERS=OI.OrthoimageCoverage&STYLES=&SRS=EPSG%3A4326&BBOX=-7.00839801%2C42.99485503%2C-7.00210948%2C42.99945438&WIDTH=512&HEIGHT=512&FORMAT=image%2Fpng&TRANSPARENT=false	2026-08-01T00:00:00Z
weak-chip-export-v1-00531	wl-tile-v1-05775	wl-neg-neg-es-pba-36358	neg-es-pba-36358	0	hard_negative	train	ES	Madorra da Rebola de Vilares 2	-7.005226078924555	42.997450780003675	-7.00837036,42.99515110,-7.00208180,42.99975046	512	ign_pnoa_rgb	https://www.ign.es/wms-inspire/pnoa-ma	OI.OrthoimageCoverage	data/external/weak-label-chips-v1/train/negative/wl-tile-v1-05775-neg-es-pba-36358.png	weak_label_candidate_for_model_v1	512	512	downloaded	valid	512	512	RGB	620030	1		https://www.ign.es/wms-inspire/pnoa-ma?SERVICE=WMS&VERSION=1.1.1&REQUEST=GetMap&LAYERS=OI.OrthoimageCoverage&STYLES=&SRS=EPSG%3A4326&BBOX=-7.00837036%2C42.99515110%2C-7.00208180%2C42.99975046&WIDTH=512&HEIGHT=512&FORMAT=image%2Fpng&TRANSPARENT=false	2026-08-01T00:00:00Z
weak-chip-export-v1-00532	wl-tile-v1-05776	wl-neg-neg-es-pba-36359	neg-es-pba-36359	0	hard_negative	train	ES	Madorra da Rebola de Vilares 3	-7.005482518613561	42.997627713310614	-7.00862681,42.99532804,-7.00233823,42.99992739	512	ign_pnoa_rgb	https://www.ign.es/wms-inspire/pnoa-ma	OI.OrthoimageCoverage	data/external/weak-label-chips-v1/train/negative/wl-tile-v1-05776-neg-es-pba-36359.png	weak_label_candidate_for_model_v1	512	512	downloaded	valid	512	512	RGB	614802	1		https://www.ign.es/wms-inspire/pnoa-ma?SERVICE=WMS&VERSION=1.1.1&REQUEST=GetMap&LAYERS=OI.OrthoimageCoverage&STYLES=&SRS=EPSG%3A4326&BBOX=-7.00862681%2C42.99532804%2C-7.00233823%2C42.99992739&WIDTH=512&HEIGHT=512&FORMAT=image%2Fpng&TRANSPARENT=false	2026-08-01T00:00:00Z
weak-chip-export-v1-00533	wl-tile-v1-06073	wl-neg-neg-es-pba-38524	neg-es-pba-38524	0	hard_negative	train	ES	Madorra da Veiga 3	-7.416767655820688	43.0830173376828	-7.41991632,43.08071766,-7.41361899,43.08531701	512	ign_pnoa_rgb	https://www.ign.es/wms-inspire/pnoa-ma	OI.OrthoimageCoverage	data/external/weak-label-chips-v1/train/negative/wl-tile-v1-06073-neg-es-pba-38524.png	weak_label_candidate_for_model_v1	512	512	downloaded	valid	512	512	RGB	667193	1		https://www.ign.es/wms-inspire/pnoa-ma?SERVICE=WMS&VERSION=1.1.1&REQUEST=GetMap&LAYERS=OI.OrthoimageCoverage&STYLES=&SRS=EPSG%3A4326&BBOX=-7.41991632%2C43.08071766%2C-7.41361899%2C43.08531701&WIDTH=512&HEIGHT=512&FORMAT=image%2Fpng&TRANSPARENT=false	2026-08-01T00:00:00Z
weak-chip-export-v1-00534	wl-tile-v1-06074	wl-neg-neg-es-pba-38525	neg-es-pba-38525	0	hard_negative	train	ES	Madorra da Veiga 4	-7.41632582854533	43.08136946948087	-7.41947441,43.07906979,-7.41317724,43.08366915	512	ign_pnoa_rgb	https://www.ign.es/wms-inspire/pnoa-ma	OI.OrthoimageCoverage	data/external/weak-label-chips-v1/train/negative/wl-tile-v1-06074-neg-es-pba-38525.png	weak_label_candidate_for_model_v1	512	512	downloaded	valid	512	512	RGB	662411	1		https://www.ign.es/wms-inspire/pnoa-ma?SERVICE=WMS&VERSION=1.1.1&REQUEST=GetMap&LAYERS=OI.OrthoimageCoverage&STYLES=&SRS=EPSG%3A4326&BBOX=-7.41947441%2C43.07906979%2C-7.41317724%2C43.08366915&WIDTH=512&HEIGHT=512&FORMAT=image%2Fpng&TRANSPARENT=false	2026-08-01T00:00:00Z
weak-chip-export-v1-00535	wl-tile-v1-09428	wl-neg-neg-es-pba-74213	neg-es-pba-74213	0	hard_negative	train	ES	Madorra de Abaixo	-8.165423017535815	42.82786437618079	-8.16855866,42.82556470,-8.16228738,42.83016405	512	ign_pnoa_rgb	https://www.ign.es/wms-inspire/pnoa-ma	OI.OrthoimageCoverage	data/external/weak-label-chips-v1/train/negative/wl-tile-v1-09428-neg-es-pba-74213.png	weak_label_candidate_for_model_v1	512	512	downloaded	valid	512	512	RGB	625926	1		https://www.ign.es/wms-inspire/pnoa-ma?SERVICE=WMS&VERSION=1.1.1&REQUEST=GetMap&LAYERS=OI.OrthoimageCoverage&STYLES=&SRS=EPSG%3A4326&BBOX=-8.16855866%2C42.82556470%2C-8.16228738%2C42.83016405&WIDTH=512&HEIGHT=512&FORMAT=image%2Fpng&TRANSPARENT=false	2026-08-01T00:00:00Z
weak-chip-export-v1-00536	wl-tile-v1-05627	wl-neg-neg-es-pba-31274	neg-es-pba-31274	0	hard_negative	train	ES	Madorra de Montouto 1	-7.227323628411041	42.83708962666522	-7.23045974,42.83478995,-7.22418752,42.83938930	512	ign_pnoa_rgb	https://www.ign.es/wms-inspire/pnoa-ma	OI.OrthoimageCoverage	data/external/weak-label-chips-v1/train/negative/wl-tile-v1-05627-neg-es-pba-31274.png	weak_label_candidate_for_model_v1	512	512	downloaded	valid	512	512	RGB	667249	1		https://www.ign.es/wms-inspire/pnoa-ma?SERVICE=WMS&VERSION=1.1.1&REQUEST=GetMap&LAYERS=OI.OrthoimageCoverage&STYLES=&SRS=EPSG%3A4326&BBOX=-7.23045974%2C42.83478995%2C-7.22418752%2C42.83938930&WIDTH=512&HEIGHT=512&FORMAT=image%2Fpng&TRANSPARENT=false	2026-08-01T00:00:00Z
weak-chip-export-v1-00537	wl-tile-v1-05628	wl-neg-neg-es-pba-31275	neg-es-pba-31275	0	hard_negative	train	ES	Madorra de Montouto 2	-7.22294890007929	42.82794533472898	-7.22608454,42.82564566,-7.21981326,42.83024501	512	ign_pnoa_rgb	https://www.ign.es/wms-inspire/pnoa-ma	OI.OrthoimageCoverage	data/external/weak-label-chips-v1/train/negative/wl-tile-v1-05628-neg-es-pba-31275.png	weak_label_candidate_for_model_v1	512	512	downloaded	valid	512	512	RGB	659935	1		https://www.ign.es/wms-inspire/pnoa-ma?SERVICE=WMS&VERSION=1.1.1&REQUEST=GetMap&LAYERS=OI.OrthoimageCoverage&STYLES=&SRS=EPSG%3A4326&BBOX=-7.22608454%2C42.82564566%2C-7.21981326%2C42.83024501&WIDTH=512&HEIGHT=512&FORMAT=image%2Fpng&TRANSPARENT=false	2026-08-01T00:00:00Z
weak-chip-export-v1-00538	wl-tile-v1-05629	wl-neg-neg-es-pba-31276	neg-es-pba-31276	0	hard_negative	train	ES	Madorra de Montouto 3	-7.222768615823574	42.82761697347542	-7.22590424,42.82531730,-7.21963299,42.82991665	512	ign_pnoa_rgb	https://www.ign.es/wms-inspire/pnoa-ma	OI.OrthoimageCoverage	data/external/weak-label-chips-v1/train/negative/wl-tile-v1-05629-neg-es-pba-31276.png	weak_label_candidate_for_model_v1	512	512	downloaded	valid	512	512	RGB	663041	1		https://www.ign.es/wms-inspire/pnoa-ma?SERVICE=WMS&VERSION=1.1.1&REQUEST=GetMap&LAYERS=OI.OrthoimageCoverage&STYLES=&SRS=EPSG%3A4326&BBOX=-7.22590424%2C42.82531730%2C-7.21963299%2C42.82991665&WIDTH=512&HEIGHT=512&FORMAT=image%2Fpng&TRANSPARENT=false	2026-08-01T00:00:00Z
weak-chip-export-v1-00539	wl-tile-v1-05630	wl-neg-neg-es-pba-31306	neg-es-pba-31306	0	hard_negative	train	ES	Madorra de Montouto 4	-7.222505549839658	42.82854833101683	-7.22564122,42.82624865,-7.21936987,42.83084801	512	ign_pnoa_rgb	https://www.ign.es/wms-inspire/pnoa-ma	OI.OrthoimageCoverage	data/external/weak-label-chips-v1/train/negative/wl-tile-v1-05630-neg-es-pba-31306.png	weak_label_candidate_for_model_v1	512	512	downloaded	valid	512	512	RGB	659438	1		https://www.ign.es/wms-inspire/pnoa-ma?SERVICE=WMS&VERSION=1.1.1&REQUEST=GetMap&LAYERS=OI.OrthoimageCoverage&STYLES=&SRS=EPSG%3A4326&BBOX=-7.22564122%2C42.82624865%2C-7.21936987%2C42.83084801&WIDTH=512&HEIGHT=512&FORMAT=image%2Fpng&TRANSPARENT=false	2026-08-01T00:00:00Z
weak-chip-export-v1-00540	wl-tile-v1-05631	wl-neg-neg-es-pba-31307	neg-es-pba-31307	0	hard_negative	train	ES	Madorra de Montouto 5	-7.223034419513333	42.82673712591049	-7.22617000,42.82443745,-7.21989884,42.82903680	512	ign_pnoa_rgb	https://www.ign.es/wms-inspire/pnoa-ma	OI.OrthoimageCoverage	data/external/weak-label-chips-v1/train/negative/wl-tile-v1-05631-neg-es-pba-31307.png	weak_label_candidate_for_model_v1	512	512	downloaded	valid	512	512	RGB	653148	1		https://www.ign.es/wms-inspire/pnoa-ma?SERVICE=WMS&VERSION=1.1.1&REQUEST=GetMap&LAYERS=OI.OrthoimageCoverage&STYLES=&SRS=EPSG%3A4326&BBOX=-7.22617000%2C42.82443745%2C-7.21989884%2C42.82903680&WIDTH=512&HEIGHT=512&FORMAT=image%2Fpng&TRANSPARENT=false	2026-08-01T00:00:00Z
weak-chip-export-v1-00541	wl-tile-v1-09429	wl-neg-neg-es-pba-74341	neg-es-pba-74341	0	hard_negative	train	ES	Madorra de Seixas	-8.1808761960794	42.815748094416286	-8.18401122,42.81344842,-8.17774117,42.81804777	512	ign_pnoa_rgb	https://www.ign.es/wms-inspire/pnoa-ma	OI.OrthoimageCoverage	data/external/weak-label-chips-v1/train/negative/wl-tile-v1-09429-neg-es-pba-74341.png	weak_label_candidate_for_model_v1	512	512	downloaded	valid	512	512	RGB	639867	1		https://www.ign.es/wms-inspire/pnoa-ma?SERVICE=WMS&VERSION=1.1.1&REQUEST=GetMap&LAYERS=OI.OrthoimageCoverage&STYLES=&SRS=EPSG%3A4326&BBOX=-8.18401122%2C42.81344842%2C-8.17774117%2C42.81804777&WIDTH=512&HEIGHT=512&FORMAT=image%2Fpng&TRANSPARENT=false	2026-08-01T00:00:00Z
weak-chip-export-v1-00542	wl-tile-v1-06075	wl-neg-neg-es-pba-38526	neg-es-pba-38526	0	hard_negative	train	ES	Madorra do Barreiro 1/Madorra do Monte Alfonsín 1	-7.2980487902457245	43.164284989059794	-7.30120164,43.16198531,-7.29489594,43.16658467	512	ign_pnoa_rgb	https://www.ign.es/wms-inspire/pnoa-ma	OI.OrthoimageCoverage	data/external/weak-label-chips-v1/train/negative/wl-tile-v1-06075-neg-es-pba-38526.png	weak_label_candidate_for_model_v1	512	512	downloaded	valid	512	512	RGB	660585	1		https://www.ign.es/wms-inspire/pnoa-ma?SERVICE=WMS&VERSION=1.1.1&REQUEST=GetMap&LAYERS=OI.OrthoimageCoverage&STYLES=&SRS=EPSG%3A4326&BBOX=-7.30120164%2C43.16198531%2C-7.29489594%2C43.16658467&WIDTH=512&HEIGHT=512&FORMAT=image%2Fpng&TRANSPARENT=false	2026-08-01T00:00:00Z
weak-chip-export-v1-00543	wl-tile-v1-06076	wl-neg-neg-es-pba-38527	neg-es-pba-38527	0	hard_negative	train	ES	Madorra do Barreiro 2/Madorra do Monte Alfonsín 2	-7.297783501297766	43.1649106093973	-7.30093639,43.16261093,-7.29463061,43.16721029	512	ign_pnoa_rgb	https://www.ign.es/wms-inspire/pnoa-ma	OI.OrthoimageCoverage	data/external/weak-label-chips-v1/train/negative/wl-tile-v1-06076-neg-es-pba-38527.png	weak_label_candidate_for_model_v1	512	512	downloaded	valid	512	512	RGB	670616	1		https://www.ign.es/wms-inspire/pnoa-ma?SERVICE=WMS&VERSION=1.1.1&REQUEST=GetMap&LAYERS=OI.OrthoimageCoverage&STYLES=&SRS=EPSG%3A4326&BBOX=-7.30093639%2C43.16261093%2C-7.29463061%2C43.16721029&WIDTH=512&HEIGHT=512&FORMAT=image%2Fpng&TRANSPARENT=false	2026-08-01T00:00:00Z
weak-chip-export-v1-00544	wl-tile-v1-05777	wl-neg-neg-es-pba-36360	neg-es-pba-36360	0	hard_negative	train	ES	Madorra do Chao do Couso 1	-7.020584358523475	43.02872748897815	-7.02373024,43.02642781,-7.01743848,43.03102717	512	ign_pnoa_rgb	https://www.ign.es/wms-inspire/pnoa-ma	OI.OrthoimageCoverage	data/external/weak-label-chips-v1/train/negative/wl-tile-v1-05777-neg-es-pba-36360.png	weak_label_candidate_for_model_v1	512	512	downloaded	valid	512	512	RGB	648369	1		https://www.ign.es/wms-inspire/pnoa-ma?SERVICE=WMS&VERSION=1.1.1&REQUEST=GetMap&LAYERS=OI.OrthoimageCoverage&STYLES=&SRS=EPSG%3A4326&BBOX=-7.02373024%2C43.02642781%2C-7.01743848%2C43.03102717&WIDTH=512&HEIGHT=512&FORMAT=image%2Fpng&TRANSPARENT=false	2026-08-01T00:00:00Z
weak-chip-export-v1-00545	wl-tile-v1-05778	wl-neg-neg-es-pba-36361	neg-es-pba-36361	0	hard_negative	train	ES	Madorra do Chao do Couso 2	-7.020815195438855	43.02918181142013	-7.02396110,43.02688213,-7.01766929,43.03148149	512	ign_pnoa_rgb	https://www.ign.es/wms-inspire/pnoa-ma	OI.OrthoimageCoverage	data/external/weak-label-chips-v1/train/negative/wl-tile-v1-05778-neg-es-pba-36361.png	weak_label_candidate_for_model_v1	512	512	downloaded	valid	512	512	RGB	654030	1		https://www.ign.es/wms-inspire/pnoa-ma?SERVICE=WMS&VERSION=1.1.1&REQUEST=GetMap&LAYERS=OI.OrthoimageCoverage&STYLES=&SRS=EPSG%3A4326&BBOX=-7.02396110%2C43.02688213%2C-7.01766929%2C43.03148149&WIDTH=512&HEIGHT=512&FORMAT=image%2Fpng&TRANSPARENT=false	2026-08-01T00:00:00Z
weak-chip-export-v1-00546	wl-tile-v1-05779	wl-neg-neg-es-pba-36362	neg-es-pba-36362	0	hard_negative	train	ES	Madorra do Coto da Maestra	-7.0244374275680945	43.02348671812782	-7.02758304,43.02118704,-7.02129181,43.02578639	512	ign_pnoa_rgb	https://www.ign.es/wms-inspire/pnoa-ma	OI.OrthoimageCoverage	data/external/weak-label-chips-v1/train/negative/wl-tile-v1-05779-neg-es-pba-36362.png	weak_label_candidate_for_model_v1	512	512	downloaded	valid	512	512	RGB	643904	1		https://www.ign.es/wms-inspire/pnoa-ma?SERVICE=WMS&VERSION=1.1.1&REQUEST=GetMap&LAYERS=OI.OrthoimageCoverage&STYLES=&SRS=EPSG%3A4326&BBOX=-7.02758304%2C43.02118704%2C-7.02129181%2C43.02578639&WIDTH=512&HEIGHT=512&FORMAT=image%2Fpng&TRANSPARENT=false	2026-08-01T00:00:00Z
weak-chip-export-v1-00547	wl-tile-v1-05781	wl-neg-neg-es-pba-36364	neg-es-pba-36364	0	hard_negative	train	ES	Madorra do Monte Meiroi 1	-7.008101765325159	43.00139724029796	-7.01124625,42.99909756,-7.00495728,43.00369692	512	ign_pnoa_rgb	https://www.ign.es/wms-inspire/pnoa-ma	OI.OrthoimageCoverage	data/external/weak-label-chips-v1/train/negative/wl-tile-v1-05781-neg-es-pba-36364.png	weak_label_candidate_for_model_v1	512	512	downloaded	valid	512	512	RGB	630396	1		https://www.ign.es/wms-inspire/pnoa-ma?SERVICE=WMS&VERSION=1.1.1&REQUEST=GetMap&LAYERS=OI.OrthoimageCoverage&STYLES=&SRS=EPSG%3A4326&BBOX=-7.01124625%2C42.99909756%2C-7.00495728%2C43.00369692&WIDTH=512&HEIGHT=512&FORMAT=image%2Fpng&TRANSPARENT=false	2026-08-01T00:00:00Z
weak-chip-export-v1-00548	wl-tile-v1-05782	wl-neg-neg-es-pba-36365	neg-es-pba-36365	0	hard_negative	train	ES	Madorra do Monte Meiroi 2	-7.00943963468763	43.00376438743342	-7.01258424,43.00146471,-7.00629503,43.00606406	512	ign_pnoa_rgb	https://www.ign.es/wms-inspire/pnoa-ma	OI.OrthoimageCoverage	data/external/weak-label-chips-v1/train/negative/wl-tile-v1-05782-neg-es-pba-36365.png	weak_label_candidate_for_model_v1	512	512	downloaded	valid	512	512	RGB	620897	1		https://www.ign.es/wms-inspire/pnoa-ma?SERVICE=WMS&VERSION=1.1.1&REQUEST=GetMap&LAYERS=OI.OrthoimageCoverage&STYLES=&SRS=EPSG%3A4326&BBOX=-7.01258424%2C43.00146471%2C-7.00629503%2C43.00606406&WIDTH=512&HEIGHT=512&FORMAT=image%2Fpng&TRANSPARENT=false	2026-08-01T00:00:00Z
weak-chip-export-v1-00549	wl-tile-v1-05783	wl-neg-neg-es-pba-36366	neg-es-pba-36366	0	hard_negative	train	ES	Madorra do Monte Meiroi 3	-7.00966486295491	43.00481126309131	-7.01280952,43.00251159,-7.00652021,43.00711094	512	ign_pnoa_rgb	https://www.ign.es/wms-inspire/pnoa-ma	OI.OrthoimageCoverage	data/external/weak-label-chips-v1/train/negative/wl-tile-v1-05783-neg-es-pba-36366.png	weak_label_candidate_for_model_v1	512	512	downloaded	valid	512	512	RGB	612761	1		https://www.ign.es/wms-inspire/pnoa-ma?SERVICE=WMS&VERSION=1.1.1&REQUEST=GetMap&LAYERS=OI.OrthoimageCoverage&STYLES=&SRS=EPSG%3A4326&BBOX=-7.01280952%2C43.00251159%2C-7.00652021%2C43.00711094&WIDTH=512&HEIGHT=512&FORMAT=image%2Fpng&TRANSPARENT=false	2026-08-01T00:00:00Z
weak-chip-export-v1-00550	wl-tile-v1-05780	wl-neg-neg-es-pba-36363	neg-es-pba-36363	0	hard_negative	train	ES	Madorra do Monte da Farrapa/Zarrapa 1	-7.02347352571404	43.01756561473272	-7.02661884,43.01526594,-7.02032822,43.01986529	512	ign_pnoa_rgb	https://www.ign.es/wms-inspire/pnoa-ma	OI.OrthoimageCoverage	data/external/weak-label-chips-v1/train/negative/wl-tile-v1-05780-neg-es-pba-36363.png	weak_label_candidate_for_model_v1	512	512	downloaded	valid	512	512	RGB	599571	1		https://www.ign.es/wms-inspire/pnoa-ma?SERVICE=WMS&VERSION=1.1.1&REQUEST=GetMap&LAYERS=OI.OrthoimageCoverage&STYLES=&SRS=EPSG%3A4326&BBOX=-7.02661884%2C43.01526594%2C-7.02032822%2C43.01986529&WIDTH=512&HEIGHT=512&FORMAT=image%2Fpng&TRANSPARENT=false	2026-08-01T00:00:00Z
weak-chip-export-v1-00551	wl-tile-v1-05784	wl-neg-neg-es-pba-36367	neg-es-pba-36367	0	hard_negative	train	ES	Madorra do Moural 1	-7.049858441762178	43.02095844151123	-7.05300393,43.01865876,-7.04671296,43.02325812	512	ign_pnoa_rgb	https://www.ign.es/wms-inspire/pnoa-ma	OI.OrthoimageCoverage	data/external/weak-label-chips-v1/train/negative/wl-tile-v1-05784-neg-es-pba-36367.png	weak_label_candidate_for_model_v1	512	512	downloaded	valid	512	512	RGB	647442	1		https://www.ign.es/wms-inspire/pnoa-ma?SERVICE=WMS&VERSION=1.1.1&REQUEST=GetMap&LAYERS=OI.OrthoimageCoverage&STYLES=&SRS=EPSG%3A4326&BBOX=-7.05300393%2C43.01865876%2C-7.04671296%2C43.02325812&WIDTH=512&HEIGHT=512&FORMAT=image%2Fpng&TRANSPARENT=false	2026-08-01T00:00:00Z
weak-chip-export-v1-00552	wl-tile-v1-05785	wl-neg-neg-es-pba-36392	neg-es-pba-36392	0	hard_negative	train	ES	Madorra do Moural 2	-7.048828638788541	43.020355254534444	-7.05197409,43.01805558,-7.04568319,43.02265493	512	ign_pnoa_rgb	https://www.ign.es/wms-inspire/pnoa-ma	OI.OrthoimageCoverage	data/external/weak-label-chips-v1/train/negative/wl-tile-v1-05785-neg-es-pba-36392.png	weak_label_candidate_for_model_v1	512	512	downloaded	valid	512	512	RGB	640389	1		https://www.ign.es/wms-inspire/pnoa-ma?SERVICE=WMS&VERSION=1.1.1&REQUEST=GetMap&LAYERS=OI.OrthoimageCoverage&STYLES=&SRS=EPSG%3A4326&BBOX=-7.05197409%2C43.01805558%2C-7.04568319%2C43.02265493&WIDTH=512&HEIGHT=512&FORMAT=image%2Fpng&TRANSPARENT=false	2026-08-01T00:00:00Z
weak-chip-export-v1-00553	wl-tile-v1-05786	wl-neg-neg-es-pba-36393	neg-es-pba-36393	0	hard_negative	train	ES	Madorra do Pico das Valiñas 1	-7.0282983910039745	43.02415109174978	-7.03144404,43.02185142,-7.02515274,43.02645077	512	ign_pnoa_rgb	https://www.ign.es/wms-inspire/pnoa-ma	OI.OrthoimageCoverage	data/external/weak-label-chips-v1/train/negative/wl-tile-v1-05786-neg-es-pba-36393.png	weak_label_candidate_for_model_v1	512	512	downloaded	valid	512	512	RGB	650979	1		https://www.ign.es/wms-inspire/pnoa-ma?SERVICE=WMS&VERSION=1.1.1&REQUEST=GetMap&LAYERS=OI.OrthoimageCoverage&STYLES=&SRS=EPSG%3A4326&BBOX=-7.03144404%2C43.02185142%2C-7.02515274%2C43.02645077&WIDTH=512&HEIGHT=512&FORMAT=image%2Fpng&TRANSPARENT=false	2026-08-01T00:00:00Z
weak-chip-export-v1-00554	wl-tile-v1-05787	wl-neg-neg-es-pba-36394	neg-es-pba-36394	0	hard_negative	train	ES	Madorra do Pico das Valiñas 2	-7.02808284125175	43.023754692701786	-7.03122847,43.02145502,-7.02493721,43.02605437	512	ign_pnoa_rgb	https://www.ign.es/wms-inspire/pnoa-ma	OI.OrthoimageCoverage	data/external/weak-label-chips-v1/train/negative/wl-tile-v1-05787-neg-es-pba-36394.png	weak_label_candidate_for_model_v1	512	512	downloaded	valid	512	512	RGB	653944	1		https://www.ign.es/wms-inspire/pnoa-ma?SERVICE=WMS&VERSION=1.1.1&REQUEST=GetMap&LAYERS=OI.OrthoimageCoverage&STYLES=&SRS=EPSG%3A4326&BBOX=-7.03122847%2C43.02145502%2C-7.02493721%2C43.02605437&WIDTH=512&HEIGHT=512&FORMAT=image%2Fpng&TRANSPARENT=false	2026-08-01T00:00:00Z
weak-chip-export-v1-00555	wl-tile-v1-11750	wl-pos-pos-pt-dgpc-108223	pos-pt-dgpc-108223	1	positive	train	PT	Alto do Castro	-6.76239540793134	41.86987925122878	-6.76548362,41.86757957,-6.75930719,41.87217893	512	dgt_ortos2021_rgb	https://cartografia.dgterritorio.gov.pt/wms/ortos2021	Ortos2021-RGB	data/external/weak-label-chips-v1/train/positive/wl-tile-v1-11750-pos-pt-dgpc-108223.png	weak_label_candidate_for_model_v1	512	512	exists	valid	512	512	P	250787	0		https://cartografia.dgterritorio.gov.pt/wms/ortos2021?SERVICE=WMS&VERSION=1.1.1&REQUEST=GetMap&LAYERS=Ortos2021-RGB&STYLES=&SRS=EPSG%3A4326&BBOX=-6.76548362%2C41.86757957%2C-6.75930719%2C41.87217893&WIDTH=512&HEIGHT=512&FORMAT=image%2Fpng&TRANSPARENT=false	2026-08-01T00:00:00Z
weak-chip-export-v1-00556	wl-tile-v1-11841	wl-pos-pos-pt-dgpc-109074	pos-pt-dgpc-109074	1	positive	train	PT	Alto do Castro	-7.584821898978187	41.672822407387976	-7.58790064,41.67052273,-7.58174316,41.67512208	512	dgt_ortos2021_rgb	https://cartografia.dgterritorio.gov.pt/wms/ortos2021	Ortos2021-RGB	data/external/weak-label-chips-v1/train/positive/wl-tile-v1-11841-pos-pt-dgpc-109074.png	weak_label_candidate_for_model_v1	512	512	downloaded	valid	512	512	P	250943	1		https://cartografia.dgterritorio.gov.pt/wms/ortos2021?SERVICE=WMS&VERSION=1.1.1&REQUEST=GetMap&LAYERS=Ortos2021-RGB&STYLES=&SRS=EPSG%3A4326&BBOX=-7.58790064%2C41.67052273%2C-7.58174316%2C41.67512208&WIDTH=512&HEIGHT=512&FORMAT=image%2Fpng&TRANSPARENT=false	2026-08-01T00:00:00Z
weak-chip-export-v1-00557	wl-tile-v1-11755	wl-pos-pos-pt-dgpc-108603	pos-pt-dgpc-108603	1	positive	train	PT	Ara 1 de Castro de Avelãs	-6.8060670025937124	41.796567931916904	-6.80915168,41.79426826,-6.80298232,41.79886761	512	dgt_ortos2021_rgb	https://cartografia.dgterritorio.gov.pt/wms/ortos2021	Ortos2021-RGB	data/external/weak-label-chips-v1/train/positive/wl-tile-v1-11755-pos-pt-dgpc-108603.png	weak_label_candidate_for_model_v1	512	512	downloaded	valid	512	512	P	240157	1		https://cartografia.dgterritorio.gov.pt/wms/ortos2021?SERVICE=WMS&VERSION=1.1.1&REQUEST=GetMap&LAYERS=Ortos2021-RGB&STYLES=&SRS=EPSG%3A4326&BBOX=-6.80915168%2C41.79426826%2C-6.80298232%2C41.79886761&WIDTH=512&HEIGHT=512&FORMAT=image%2Fpng&TRANSPARENT=false	2026-08-01T00:00:00Z
weak-chip-export-v1-00558	wl-tile-v1-11757	wl-pos-pos-pt-dgpc-108635	pos-pt-dgpc-108635	1	positive	train	PT	Ara 2 de Castro de Avelãs	-6.804336582949994	41.79879868294752	-6.80742137,41.79649901,-6.80125180,41.80109836	512	dgt_ortos2021_rgb	https://cartografia.dgterritorio.gov.pt/wms/ortos2021	Ortos2021-RGB	data/external/weak-label-chips-v1/train/positive/wl-tile-v1-11757-pos-pt-dgpc-108635.png	weak_label_candidate_for_model_v1	512	512	downloaded	valid	512	512	P	237846	1		https://cartografia.dgterritorio.gov.pt/wms/ortos2021?SERVICE=WMS&VERSION=1.1.1&REQUEST=GetMap&LAYERS=Ortos2021-RGB&STYLES=&SRS=EPSG%3A4326&BBOX=-6.80742137%2C41.79649901%2C-6.80125180%2C41.80109836&WIDTH=512&HEIGHT=512&FORMAT=image%2Fpng&TRANSPARENT=false	2026-08-01T00:00:00Z
weak-chip-export-v1-00559	wl-tile-v1-11759	wl-pos-pos-pt-dgpc-108644	pos-pt-dgpc-108644	1	positive	train	PT	Ara 3 de Castro de Avelãs	-6.805891026716784	41.79926679529511	-6.80897583,41.79696712,-6.80280622,41.80156647	512	dgt_ortos2021_rgb	https://cartografia.dgterritorio.gov.pt/wms/ortos2021	Ortos2021-RGB	data/external/weak-label-chips-v1/train/positive/wl-tile-v1-11759-pos-pt-dgpc-108644.png	weak_label_candidate_for_model_v1	512	512	downloaded	valid	512	512	P	239996	1		https://cartografia.dgterritorio.gov.pt/wms/ortos2021?SERVICE=WMS&VERSION=1.1.1&REQUEST=GetMap&LAYERS=Ortos2021-RGB&STYLES=&SRS=EPSG%3A4326&BBOX=-6.80897583%2C41.79696712%2C-6.80280622%2C41.80156647&WIDTH=512&HEIGHT=512&FORMAT=image%2Fpng&TRANSPARENT=false	2026-08-01T00:00:00Z
weak-chip-export-v1-00560	wl-tile-v1-11715	wl-pos-pos-pt-dgpc-109754	pos-pt-dgpc-109754	1	positive	train	PT	Besteiros/ Castro do Gerês	-8.374512028690974	41.64482375660884	-8.37758943,41.64252408,-8.37143463,41.64712343	512	dgt_ortos2021_rgb	https://cartografia.dgterritorio.gov.pt/wms/ortos2021	Ortos2021-RGB	data/external/weak-label-chips-v1/train/positive/wl-tile-v1-11715-pos-pt-dgpc-109754.png	weak_label_candidate_for_model_v1	512	512	downloaded	valid	512	512	P	254658	1		https://cartografia.dgterritorio.gov.pt/wms/ortos2021?SERVICE=WMS&VERSION=1.1.1&REQUEST=GetMap&LAYERS=Ortos2021-RGB&STYLES=&SRS=EPSG%3A4326&BBOX=-8.37758943%2C41.64252408%2C-8.37143463%2C41.64712343&WIDTH=512&HEIGHT=512&FORMAT=image%2Fpng&TRANSPARENT=false	2026-08-01T00:00:00Z
weak-chip-export-v1-00561	wl-tile-v1-11729	wl-pos-pos-pt-dgpc-107616	pos-pt-dgpc-107616	1	positive	train	PT	Braga - Castro Máximo/ Monte do Castro	-8.428259611285663	41.56075203918984	-8.43133301,41.55845236,-8.42518622,41.56305172	512	dgt_ortos2021_rgb	https://cartografia.dgterritorio.gov.pt/wms/ortos2021	Ortos2021-RGB	data/external/weak-label-chips-v1/train/positive/wl-tile-v1-11729-pos-pt-dgpc-107616.png	weak_label_candidate_for_model_v1	512	512	downloaded	valid	512	512	P	226171	1		https://cartografia.dgterritorio.gov.pt/wms/ortos2021?SERVICE=WMS&VERSION=1.1.1&REQUEST=GetMap&LAYERS=Ortos2021-RGB&STYLES=&SRS=EPSG%3A4326&BBOX=-8.43133301%2C41.55845236%2C-8.42518622%2C41.56305172&WIDTH=512&HEIGHT=512&FORMAT=image%2Fpng&TRANSPARENT=false	2026-08-01T00:00:00Z
weak-chip-export-v1-00562	wl-tile-v1-11726	wl-pos-pos-pt-dgpc-107516	pos-pt-dgpc-107516	1	positive	train	PT	Braga - Cividade	-8.429747845129045	41.54544202908791	-8.43282051,41.54314235,-8.42667518,41.54774171	512	dgt_ortos2021_rgb	https://cartografia.dgterritorio.gov.pt/wms/ortos2021	Ortos2021-RGB	data/external/weak-label-chips-v1/train/positive/wl-tile-v1-11726-pos-pt-dgpc-107516.png	weak_label_candidate_for_model_v1	512	512	downloaded	valid	512	512	P	233016	1		https://cartografia.dgterritorio.gov.pt/wms/ortos2021?SERVICE=WMS&VERSION=1.1.1&REQUEST=GetMap&LAYERS=Ortos2021-RGB&STYLES=&SRS=EPSG%3A4326&BBOX=-8.43282051%2C41.54314235%2C-8.42667518%2C41.54774171&WIDTH=512&HEIGHT=512&FORMAT=image%2Fpng&TRANSPARENT=false	2026-08-01T00:00:00Z
weak-chip-export-v1-00563	wl-tile-v1-11727	wl-pos-pos-pt-dgpc-107539	pos-pt-dgpc-107539	1	positive	train	PT	Braga - Termas Romanas de Maximinos/ Alto da Cividade/ Colina de Maximinos	-8.429089023324988	41.54609898557247	-8.43216172,41.54379931,-8.42601632,41.54839866	512	dgt_ortos2021_rgb	https://cartografia.dgterritorio.gov.pt/wms/ortos2021	Ortos2021-RGB	data/external/weak-label-chips-v1/train/positive/wl-tile-v1-11727-pos-pt-dgpc-107539.png	weak_label_candidate_for_model_v1	512	512	downloaded	valid	512	512	P	232289	1		https://cartografia.dgterritorio.gov.pt/wms/ortos2021?SERVICE=WMS&VERSION=1.1.1&REQUEST=GetMap&LAYERS=Ortos2021-RGB&STYLES=&SRS=EPSG%3A4326&BBOX=-8.43216172%2C41.54379931%2C-8.42601632%2C41.54839866&WIDTH=512&HEIGHT=512&FORMAT=image%2Fpng&TRANSPARENT=false	2026-08-01T00:00:00Z
weak-chip-export-v1-00564	wl-tile-v1-11764	wl-pos-pos-pt-dgpc-108740	pos-pt-dgpc-108740	1	positive	train	PT	Caracuto do Castro	-6.6005481259696435	41.81795848021611	-6.60363383,41.81565880,-6.59746242,41.82025816	512	dgt_ortos2021_rgb	https://cartografia.dgterritorio.gov.pt/wms/ortos2021	Ortos2021-RGB	data/external/weak-label-chips-v1/train/positive/wl-tile-v1-11764-pos-pt-dgpc-108740.png	weak_label_candidate_for_model_v1	512	512	downloaded	valid	512	512	P	243899	1		https://cartografia.dgterritorio.gov.pt/wms/ortos2021?SERVICE=WMS&VERSION=1.1.1&REQUEST=GetMap&LAYERS=Ortos2021-RGB&STYLES=&SRS=EPSG%3A4326&BBOX=-6.60363383%2C41.81565880%2C-6.59746242%2C41.82025816&WIDTH=512&HEIGHT=512&FORMAT=image%2Fpng&TRANSPARENT=false	2026-08-01T00:00:00Z
weak-chip-export-v1-00565	wl-tile-v1-11828	wl-pos-pos-pt-dgpc-108544	pos-pt-dgpc-108544	1	positive	train	PT	Castelo de Fraião/ Castelo da Furna / Castro de Boivão	-8.549469810670297	41.9901923342301	-8.55256385,41.98789266,-8.54637577,41.99249201	512	dgt_ortos2021_rgb	https://cartografia.dgterritorio.gov.pt/wms/ortos2021	Ortos2021-RGB	data/external/weak-label-chips-v1/train/positive/wl-tile-v1-11828-pos-pt-dgpc-108544.png	weak_label_candidate_for_model_v1	512	512	downloaded	valid	512	512	P	238232	1		https://cartografia.dgterritorio.gov.pt/wms/ortos2021?SERVICE=WMS&VERSION=1.1.1&REQUEST=GetMap&LAYERS=Ortos2021-RGB&STYLES=&SRS=EPSG%3A4326&BBOX=-8.55256385%2C41.98789266%2C-8.54637577%2C41.99249201&WIDTH=512&HEIGHT=512&FORMAT=image%2Fpng&TRANSPARENT=false	2026-08-01T00:00:00Z
weak-chip-export-v1-00566	wl-tile-v1-11793	wl-pos-pos-pt-dgpc-104878	pos-pt-dgpc-104878	1	positive	train	PT	Castelo de Santa Cruz/ Castro do Alto do Louredo/ Castelo Novo	-8.13001875243632	41.250858890136534	-8.13307752,41.24855921,-8.12695998,41.25315857	512	dgt_ortos2021_rgb	https://cartografia.dgterritorio.gov.pt/wms/ortos2021	Ortos2021-RGB	data/external/weak-label-chips-v1/train/positive/wl-tile-v1-11793-pos-pt-dgpc-104878.png	weak_label_candidate_for_model_v1	512	512	downloaded	valid	512	512	P	247940	1		https://cartografia.dgterritorio.gov.pt/wms/ortos2021?SERVICE=WMS&VERSION=1.1.1&REQUEST=GetMap&LAYERS=Ortos2021-RGB&STYLES=&SRS=EPSG%3A4326&BBOX=-8.13307752%2C41.24855921%2C-8.12695998%2C41.25315857&WIDTH=512&HEIGHT=512&FORMAT=image%2Fpng&TRANSPARENT=false	2026-08-01T00:00:00Z
weak-chip-export-v1-00567	wl-tile-v1-11817	wl-pos-pos-pt-dgpc-108573	pos-pt-dgpc-108573	1	positive	train	PT	Castelo do Castro Laboreiro	-8.158363122036318	42.0228150809579	-8.16145875,42.02051540,-8.15526749,42.02511476	512	dgt_ortos2021_rgb	https://cartografia.dgterritorio.gov.pt/wms/ortos2021	Ortos2021-RGB	data/external/weak-label-chips-v1/train/positive/wl-tile-v1-11817-pos-pt-dgpc-108573.png	weak_label_candidate_for_model_v1	512	512	downloaded	valid	512	512	P	250914	1		https://cartografia.dgterritorio.gov.pt/wms/ortos2021?SERVICE=WMS&VERSION=1.1.1&REQUEST=GetMap&LAYERS=Ortos2021-RGB&STYLES=&SRS=EPSG%3A4326&BBOX=-8.16145875%2C42.02051540%2C-8.15526749%2C42.02511476&WIDTH=512&HEIGHT=512&FORMAT=image%2Fpng&TRANSPARENT=false	2026-08-01T00:00:00Z
weak-chip-export-v1-00568	wl-tile-v1-11718	wl-pos-pos-pt-dgpc-109954	pos-pt-dgpc-109954	1	positive	train	PT	Castelo do Espinho/ Castro de São Pedro Fins	-8.361860851549643	41.65611305870837	-8.36493879,41.65381338,-8.35878291,41.65841274	512	dgt_ortos2021_rgb	https://cartografia.dgterritorio.gov.pt/wms/ortos2021	Ortos2021-RGB	data/external/weak-label-chips-v1/train/positive/wl-tile-v1-11718-pos-pt-dgpc-109954.png	weak_label_candidate_for_model_v1	512	512	downloaded	valid	512	512	P	252763	1		https://cartografia.dgterritorio.gov.pt/wms/ortos2021?SERVICE=WMS&VERSION=1.1.1&REQUEST=GetMap&LAYERS=Ortos2021-RGB&STYLES=&SRS=EPSG%3A4326&BBOX=-8.36493879%2C41.65381338%2C-8.35878291%2C41.65841274&WIDTH=512&HEIGHT=512&FORMAT=image%2Fpng&TRANSPARENT=false	2026-08-01T00:00:00Z
weak-chip-export-v1-00569	wl-tile-v1-11752	wl-pos-pos-pt-dgpc-108459	pos-pt-dgpc-108459	1	positive	train	PT	Castro	-6.619512020447835	41.937586824001684	-6.62260351,41.93528715,-6.61642053,41.93988650	512	dgt_ortos2021_rgb	https://cartografia.dgterritorio.gov.pt/wms/ortos2021	Ortos2021-RGB	data/external/weak-label-chips-v1/train/positive/wl-tile-v1-11752-pos-pt-dgpc-108459.png	weak_label_candidate_for_model_v1	512	512	downloaded	valid	512	512	P	248391	1		https://cartografia.dgterritorio.gov.pt/wms/ortos2021?SERVICE=WMS&VERSION=1.1.1&REQUEST=GetMap&LAYERS=Ortos2021-RGB&STYLES=&SRS=EPSG%3A4326&BBOX=-6.62260351%2C41.93528715%2C-6.61642053%2C41.93988650&WIDTH=512&HEIGHT=512&FORMAT=image%2Fpng&TRANSPARENT=false	2026-08-01T00:00:00Z
weak-chip-export-v1-00570	wl-tile-v1-11762	wl-pos-pos-pt-dgpc-108659	pos-pt-dgpc-108659	1	positive	train	PT	Castro	-6.795479472015511	41.80178395281529	-6.79856440,41.79948428,-6.79239454,41.80408363	512	dgt_ortos2021_rgb	https://cartografia.dgterritorio.gov.pt/wms/ortos2021	Ortos2021-RGB	data/external/weak-label-chips-v1/train/positive/wl-tile-v1-11762-pos-pt-dgpc-108659.png	weak_label_candidate_for_model_v1	512	512	downloaded	valid	512	512	P	232985	1		https://cartografia.dgterritorio.gov.pt/wms/ortos2021?SERVICE=WMS&VERSION=1.1.1&REQUEST=GetMap&LAYERS=Ortos2021-RGB&STYLES=&SRS=EPSG%3A4326&BBOX=-6.79856440%2C41.79948428%2C-6.79239454%2C41.80408363&WIDTH=512&HEIGHT=512&FORMAT=image%2Fpng&TRANSPARENT=false	2026-08-01T00:00:00Z
weak-chip-export-v1-00571	wl-tile-v1-11779	wl-pos-pos-pt-dgpc-108213	pos-pt-dgpc-108213	1	positive	train	PT	Castro	-6.932546403445836	41.86575125935737	-6.93563442,41.86345158,-6.92945839,41.86805094	512	dgt_ortos2021_rgb	https://cartografia.dgterritorio.gov.pt/wms/ortos2021	Ortos2021-RGB	data/external/weak-label-chips-v1/train/positive/wl-tile-v1-11779-pos-pt-dgpc-108213.png	weak_label_candidate_for_model_v1	512	512	downloaded	valid	512	512	P	243572	1		https://cartografia.dgterritorio.gov.pt/wms/ortos2021?SERVICE=WMS&VERSION=1.1.1&REQUEST=GetMap&LAYERS=Ortos2021-RGB&STYLES=&SRS=EPSG%3A4326&BBOX=-6.93563442%2C41.86345158%2C-6.92945839%2C41.86805094&WIDTH=512&HEIGHT=512&FORMAT=image%2Fpng&TRANSPARENT=false	2026-08-01T00:00:00Z
weak-chip-export-v1-00572	wl-tile-v1-11781	wl-pos-pos-pt-dgpc-108406	pos-pt-dgpc-108406	1	positive	train	PT	Castro	-6.9042343338512735	41.916498308815804	-6.90732480,41.91419863,-6.90114387,41.91879799	512	dgt_ortos2021_rgb	https://cartografia.dgterritorio.gov.pt/wms/ortos2021	Ortos2021-RGB	data/external/weak-label-chips-v1/train/positive/wl-tile-v1-11781-pos-pt-dgpc-108406.png	weak_label_candidate_for_model_v1	512	512	downloaded	valid	512	512	P	242952	1		https://cartografia.dgterritorio.gov.pt/wms/ortos2021?SERVICE=WMS&VERSION=1.1.1&REQUEST=GetMap&LAYERS=Ortos2021-RGB&STYLES=&SRS=EPSG%3A4326&BBOX=-6.90732480%2C41.91419863%2C-6.90114387%2C41.91879799&WIDTH=512&HEIGHT=512&FORMAT=image%2Fpng&TRANSPARENT=false	2026-08-01T00:00:00Z
weak-chip-export-v1-00573	wl-tile-v1-11832	wl-pos-pos-pt-dgpc-108368	pos-pt-dgpc-108368	1	positive	train	PT	Castro	-8.667366499666082	41.902914772038585	-8.67045631,41.90061510,-8.66427669,41.90521445	512	dgt_ortos2021_rgb	https://cartografia.dgterritorio.gov.pt/wms/ortos2021	Ortos2021-RGB	data/external/weak-label-chips-v1/train/positive/wl-tile-v1-11832-pos-pt-dgpc-108368.png	weak_label_candidate_for_model_v1	512	512	downloaded	valid	512	512	P	238731	1		https://cartografia.dgterritorio.gov.pt/wms/ortos2021?SERVICE=WMS&VERSION=1.1.1&REQUEST=GetMap&LAYERS=Ortos2021-RGB&STYLES=&SRS=EPSG%3A4326&BBOX=-8.67045631%2C41.90061510%2C-8.66427669%2C41.90521445&WIDTH=512&HEIGHT=512&FORMAT=image%2Fpng&TRANSPARENT=false	2026-08-01T00:00:00Z
weak-chip-export-v1-00574	wl-tile-v1-11835	wl-pos-pos-pt-dgpc-108508	pos-pt-dgpc-108508	1	positive	train	PT	Castro	-8.724159433968671	41.95845476232405	-8.72725194,41.95615509,-8.72106693,41.96075444	512	dgt_ortos2021_rgb	https://cartografia.dgterritorio.gov.pt/wms/ortos2021	Ortos2021-RGB	data/external/weak-label-chips-v1/train/positive/wl-tile-v1-11835-pos-pt-dgpc-108508.png	weak_label_candidate_for_model_v1	512	512	downloaded	valid	512	512	P	233290	1		https://cartografia.dgterritorio.gov.pt/wms/ortos2021?SERVICE=WMS&VERSION=1.1.1&REQUEST=GetMap&LAYERS=Ortos2021-RGB&STYLES=&SRS=EPSG%3A4326&BBOX=-8.72725194%2C41.95615509%2C-8.72106693%2C41.96075444&WIDTH=512&HEIGHT=512&FORMAT=image%2Fpng&TRANSPARENT=false	2026-08-01T00:00:00Z
weak-chip-export-v1-00575	wl-tile-v1-11872	wl-pos-pos-pt-dgpc-109939	pos-pt-dgpc-109939	1	positive	train	PT	Castro	-7.892543046393498	41.78416777779164	-7.89562713,41.78186810,-7.88945896,41.78646745	512	dgt_ortos2021_rgb	https://cartografia.dgterritorio.gov.pt/wms/ortos2021	Ortos2021-RGB	data/external/weak-label-chips-v1/train/positive/wl-tile-v1-11872-pos-pt-dgpc-109939.png	weak_label_candidate_for_model_v1	512	512	downloaded	valid	512	512	P	239166	1		https://cartografia.dgterritorio.gov.pt/wms/ortos2021?SERVICE=WMS&VERSION=1.1.1&REQUEST=GetMap&LAYERS=Ortos2021-RGB&STYLES=&SRS=EPSG%3A4326&BBOX=-7.89562713%2C41.78186810%2C-7.88945896%2C41.78646745&WIDTH=512&HEIGHT=512&FORMAT=image%2Fpng&TRANSPARENT=false	2026-08-01T00:00:00Z
weak-chip-export-v1-00576	wl-tile-v1-11811	wl-pos-pos-pt-dgpc-106433	pos-pt-dgpc-106433	1	positive	train	PT	Castro Boi	-8.675745972220364	41.324310467257675	-8.67880819,41.32201079,-8.67268375,41.32661014	512	dgt_ortos2021_rgb	https://cartografia.dgterritorio.gov.pt/wms/ortos2021	Ortos2021-RGB	data/external/weak-label-chips-v1/train/positive/wl-tile-v1-11811-pos-pt-dgpc-106433.png	weak_label_candidate_for_model_v1	512	512	downloaded	valid	512	512	P	236768	1		https://cartografia.dgterritorio.gov.pt/wms/ortos2021?SERVICE=WMS&VERSION=1.1.1&REQUEST=GetMap&LAYERS=Ortos2021-RGB&STYLES=&SRS=EPSG%3A4326&BBOX=-8.67880819%2C41.32201079%2C-8.67268375%2C41.32661014&WIDTH=512&HEIGHT=512&FORMAT=image%2Fpng&TRANSPARENT=false	2026-08-01T00:00:00Z
weak-chip-export-v1-00577	wl-tile-v1-11818	wl-pos-pos-pt-dgpc-108574	pos-pt-dgpc-108574	1	positive	train	PT	Castro Laboreiro	-8.157555916572587	42.021630159868685	-8.16065149,42.01933048,-8.15446034,42.02392984	512	dgt_ortos2021_rgb	https://cartografia.dgterritorio.gov.pt/wms/ortos2021	Ortos2021-RGB	data/external/weak-label-chips-v1/train/positive/wl-tile-v1-11818-pos-pt-dgpc-108574.png	weak_label_candidate_for_model_v1	512	512	downloaded	valid	512	512	P	252668	1		https://cartografia.dgterritorio.gov.pt/wms/ortos2021?SERVICE=WMS&VERSION=1.1.1&REQUEST=GetMap&LAYERS=Ortos2021-RGB&STYLES=&SRS=EPSG%3A4326&BBOX=-8.16065149%2C42.01933048%2C-8.15446034%2C42.02392984&WIDTH=512&HEIGHT=512&FORMAT=image%2Fpng&TRANSPARENT=false	2026-08-01T00:00:00Z
weak-chip-export-v1-00578	wl-tile-v1-11768	wl-pos-pos-pt-dgpc-109077	pos-pt-dgpc-109077	1	positive	train	PT	Castro Mau	-6.6492602594035155	41.67301945638685	-6.65233901,41.67071978,-6.64618151,41.67531913	512	dgt_ortos2021_rgb	https://cartografia.dgterritorio.gov.pt/wms/ortos2021	Ortos2021-RGB	data/external/weak-label-chips-v1/train/positive/wl-tile-v1-11768-pos-pt-dgpc-109077.png	weak_label_candidate_for_model_v1	512	512	downloaded	valid	512	512	P	248591	1		https://cartografia.dgterritorio.gov.pt/wms/ortos2021?SERVICE=WMS&VERSION=1.1.1&REQUEST=GetMap&LAYERS=Ortos2021-RGB&STYLES=&SRS=EPSG%3A4326&BBOX=-6.65233901%2C41.67071978%2C-6.64618151%2C41.67531913&WIDTH=512&HEIGHT=512&FORMAT=image%2Fpng&TRANSPARENT=false	2026-08-01T00:00:00Z
weak-chip-export-v1-00579	wl-tile-v1-11790	wl-pos-pos-pt-dgpc-109505	pos-pt-dgpc-109505	1	positive	train	PT	Castro Mau	-7.0712436537457375	41.75953008944723	-7.07432655,41.75723041,-7.06816076,41.76182977	512	dgt_ortos2021_rgb	https://cartografia.dgterritorio.gov.pt/wms/ortos2021	Ortos2021-RGB	data/external/weak-label-chips-v1/train/positive/wl-tile-v1-11790-pos-pt-dgpc-109505.png	weak_label_candidate_for_model_v1	512	512	downloaded	valid	512	512	P	250968	1		https://cartografia.dgterritorio.gov.pt/wms/ortos2021?SERVICE=WMS&VERSION=1.1.1&REQUEST=GetMap&LAYERS=Ortos2021-RGB&STYLES=&SRS=EPSG%3A4326&BBOX=-7.07432655%2C41.75723041%2C-7.06816076%2C41.76182977&WIDTH=512&HEIGHT=512&FORMAT=image%2Fpng&TRANSPARENT=false	2026-08-01T00:00:00Z
weak-chip-export-v1-00580	wl-tile-v1-11769	wl-pos-pos-pt-dgpc-109156	pos-pt-dgpc-109156	1	positive	train	PT	Castro Mouro/Pena Alta	-6.6435497326105555	41.675916631779195	-6.64662862,41.67361696,-6.64047084,41.67821631	512	dgt_ortos2021_rgb	https://cartografia.dgterritorio.gov.pt/wms/ortos2021	Ortos2021-RGB	data/external/weak-label-chips-v1/train/positive/wl-tile-v1-11769-pos-pt-dgpc-109156.png	weak_label_candidate_for_model_v1	512	512	downloaded	valid	512	512	P	253997	1		https://cartografia.dgterritorio.gov.pt/wms/ortos2021?SERVICE=WMS&VERSION=1.1.1&REQUEST=GetMap&LAYERS=Ortos2021-RGB&STYLES=&SRS=EPSG%3A4326&BBOX=-6.64662862%2C41.67361696%2C-6.64047084%2C41.67821631&WIDTH=512&HEIGHT=512&FORMAT=image%2Fpng&TRANSPARENT=false	2026-08-01T00:00:00Z
weak-chip-export-v1-00581	wl-tile-v1-11733	wl-pos-pos-pt-dgpc-107213	pos-pt-dgpc-107213	1	positive	train	PT	Castro da Barrega	-8.072141651379246	41.39409688756674	-8.07520715,41.39179721,-8.06907615,41.39639656	512	dgt_ortos2021_rgb	https://cartografia.dgterritorio.gov.pt/wms/ortos2021	Ortos2021-RGB	data/external/weak-label-chips-v1/train/positive/wl-tile-v1-11733-pos-pt-dgpc-107213.png	weak_label_candidate_for_model_v1	512	512	downloaded	valid	512	512	P	249370	1		https://cartografia.dgterritorio.gov.pt/wms/ortos2021?SERVICE=WMS&VERSION=1.1.1&REQUEST=GetMap&LAYERS=Ortos2021-RGB&STYLES=&SRS=EPSG%3A4326&BBOX=-8.07520715%2C41.39179721%2C-8.06907615%2C41.39639656&WIDTH=512&HEIGHT=512&FORMAT=image%2Fpng&TRANSPARENT=false	2026-08-01T00:00:00Z
weak-chip-export-v1-00582	wl-tile-v1-11783	wl-pos-pos-pt-dgpc-108519	pos-pt-dgpc-108519	1	positive	train	PT	Castro da Cisterna/Vila de Souane	-7.166669309290391	41.97077226108336	-7.16976241,41.96847258,-7.16357621,41.97307194	512	dgt_ortos2021_rgb	https://cartografia.dgterritorio.gov.pt/wms/ortos2021	Ortos2021-RGB	data/external/weak-label-chips-v1/train/positive/wl-tile-v1-11783-pos-pt-dgpc-108519.png	weak_label_candidate_for_model_v1	512	512	downloaded	valid	512	512	P	244154	1		https://cartografia.dgterritorio.gov.pt/wms/ortos2021?SERVICE=WMS&VERSION=1.1.1&REQUEST=GetMap&LAYERS=Ortos2021-RGB&STYLES=&SRS=EPSG%3A4326&BBOX=-7.16976241%2C41.96847258%2C-7.16357621%2C41.97307194&WIDTH=512&HEIGHT=512&FORMAT=image%2Fpng&TRANSPARENT=false	2026-08-01T00:00:00Z
weak-chip-export-v1-00583	wl-tile-v1-11845	wl-pos-pos-pt-dgpc-109752	pos-pt-dgpc-109752	1	positive	train	PT	Castro da Curalha	-7.5281246835858004	41.70938007370585	-7.53120517,41.70708040,-7.52504419,41.71167975	512	dgt_ortos2021_rgb	https://cartografia.dgterritorio.gov.pt/wms/ortos2021	Ortos2021-RGB	data/external/weak-label-chips-v1/train/positive/wl-tile-v1-11845-pos-pt-dgpc-109752.png	weak_label_candidate_for_model_v1	512	512	downloaded	valid	512	512	P	249535	1		https://cartografia.dgterritorio.gov.pt/wms/ortos2021?SERVICE=WMS&VERSION=1.1.1&REQUEST=GetMap&LAYERS=Ortos2021-RGB&STYLES=&SRS=EPSG%3A4326&BBOX=-7.53120517%2C41.70708040%2C-7.52504419%2C41.71167975&WIDTH=512&HEIGHT=512&FORMAT=image%2Fpng&TRANSPARENT=false	2026-08-01T00:00:00Z
weak-chip-export-v1-00584	wl-tile-v1-11722	wl-pos-pos-pt-dgpc-109346	pos-pt-dgpc-109346	1	positive	train	PT	Castro da Giesta	-8.67432271960183	41.62738226566458	-8.67739929,41.62508259,-8.67124615,41.62968194	512	dgt_ortos2021_rgb	https://cartografia.dgterritorio.gov.pt/wms/ortos2021	Ortos2021-RGB	data/external/weak-label-chips-v1/train/positive/wl-tile-v1-11722-pos-pt-dgpc-109346.png	weak_label_candidate_for_model_v1	512	512	downloaded	valid	512	512	P	256775	1		https://cartografia.dgterritorio.gov.pt/wms/ortos2021?SERVICE=WMS&VERSION=1.1.1&REQUEST=GetMap&LAYERS=Ortos2021-RGB&STYLES=&SRS=EPSG%3A4326&BBOX=-8.67739929%2C41.62508259%2C-8.67124615%2C41.62968194&WIDTH=512&HEIGHT=512&FORMAT=image%2Fpng&TRANSPARENT=false	2026-08-01T00:00:00Z
weak-chip-export-v1-00585	wl-tile-v1-11859	wl-pos-pos-pt-dgpc-108949	pos-pt-dgpc-108949	1	positive	train	PT	Castro da Mina	-7.608561654274773	41.85032457284781	-7.61164892,41.84802490,-7.60547439,41.85262425	512	dgt_ortos2021_rgb	https://cartografia.dgterritorio.gov.pt/wms/ortos2021	Ortos2021-RGB	data/external/weak-label-chips-v1/train/positive/wl-tile-v1-11859-pos-pt-dgpc-108949.png	weak_label_candidate_for_model_v1	512	512	downloaded	valid	512	512	P	254586	1		https://cartografia.dgterritorio.gov.pt/wms/ortos2021?SERVICE=WMS&VERSION=1.1.1&REQUEST=GetMap&LAYERS=Ortos2021-RGB&STYLES=&SRS=EPSG%3A4326&BBOX=-7.61164892%2C41.84802490%2C-7.60547439%2C41.85262425&WIDTH=512&HEIGHT=512&FORMAT=image%2Fpng&TRANSPARENT=false	2026-08-01T00:00:00Z
weak-chip-export-v1-00586	wl-tile-v1-11851	wl-pos-pos-pt-dgpc-108624	pos-pt-dgpc-108624	1	positive	train	PT	Castro da Parada/ Cabeça do Castro	-7.939909226578106	41.797779822594116	-7.94299396,41.79548015,-7.93682449,41.80007950	512	dgt_ortos2021_rgb	https://cartografia.dgterritorio.gov.pt/wms/ortos2021	Ortos2021-RGB	data/external/weak-label-chips-v1/train/positive/wl-tile-v1-11851-pos-pt-dgpc-108624.png	weak_label_candidate_for_model_v1	512	512	downloaded	valid	512	512	P	238348	1		https://cartografia.dgterritorio.gov.pt/wms/ortos2021?SERVICE=WMS&VERSION=1.1.1&REQUEST=GetMap&LAYERS=Ortos2021-RGB&STYLES=&SRS=EPSG%3A4326&BBOX=-7.94299396%2C41.79548015%2C-7.93682449%2C41.80007950&WIDTH=512&HEIGHT=512&FORMAT=image%2Fpng&TRANSPARENT=false	2026-08-01T00:00:00Z
weak-chip-export-v1-00587	wl-tile-v1-11798	wl-pos-pos-pt-dgpc-106386	pos-pt-dgpc-106386	1	positive	train	PT	Castro da Pedreira	-8.216724020541195	41.31889881965584	-8.21978598,41.31659914,-8.21366206,41.32119850	512	dgt_ortos2021_rgb	https://cartografia.dgterritorio.gov.pt/wms/ortos2021	Ortos2021-RGB	data/external/weak-label-chips-v1/train/positive/wl-tile-v1-11798-pos-pt-dgpc-106386.png	weak_label_candidate_for_model_v1	512	512	downloaded	valid	512	512	P	245379	1		https://cartografia.dgterritorio.gov.pt/wms/ortos2021?SERVICE=WMS&VERSION=1.1.1&REQUEST=GetMap&LAYERS=Ortos2021-RGB&STYLES=&SRS=EPSG%3A4326&BBOX=-8.21978598%2C41.31659914%2C-8.21366206%2C41.32119850&WIDTH=512&HEIGHT=512&FORMAT=image%2Fpng&TRANSPARENT=false	2026-08-01T00:00:00Z
weak-chip-export-v1-00588	wl-tile-v1-11788	wl-pos-pos-pt-dgpc-108962	pos-pt-dgpc-108962	1	positive	train	PT	Castro da Ponte	-6.930726851316939	41.85357825970504	-6.93381428,41.85127858,-6.92763943,41.85587794	512	dgt_ortos2021_rgb	https://cartografia.dgterritorio.gov.pt/wms/ortos2021	Ortos2021-RGB	data/external/weak-label-chips-v1/train/positive/wl-tile-v1-11788-pos-pt-dgpc-108962.png	weak_label_candidate_for_model_v1	512	512	downloaded	valid	512	512	P	244454	1		https://cartografia.dgterritorio.gov.pt/wms/ortos2021?SERVICE=WMS&VERSION=1.1.1&REQUEST=GetMap&LAYERS=Ortos2021-RGB&STYLES=&SRS=EPSG%3A4326&BBOX=-6.93381428%2C41.85127858%2C-6.92763943%2C41.85587794&WIDTH=512&HEIGHT=512&FORMAT=image%2Fpng&TRANSPARENT=false	2026-08-01T00:00:00Z
weak-chip-export-v1-00589	wl-tile-v1-11770	wl-pos-pos-pt-dgpc-109605	pos-pt-dgpc-109605	1	positive	train	PT	Castro da Réfega	-6.559963346804474	41.7649231422277	-6.56304650,41.76262347,-6.55688019,41.76722282	512	dgt_ortos2021_rgb	https://cartografia.dgterritorio.gov.pt/wms/ortos2021	Ortos2021-RGB	data/external/weak-label-chips-v1/train/positive/wl-tile-v1-11770-pos-pt-dgpc-109605.png	weak_label_candidate_for_model_v1	512	512	downloaded	valid	512	512	P	256310	1		https://cartografia.dgterritorio.gov.pt/wms/ortos2021?SERVICE=WMS&VERSION=1.1.1&REQUEST=GetMap&LAYERS=Ortos2021-RGB&STYLES=&SRS=EPSG%3A4326&BBOX=-6.56304650%2C41.76262347%2C-6.55688019%2C41.76722282&WIDTH=512&HEIGHT=512&FORMAT=image%2Fpng&TRANSPARENT=false	2026-08-01T00:00:00Z
weak-chip-export-v1-00590	wl-tile-v1-11763	wl-pos-pos-pt-dgpc-108722	pos-pt-dgpc-108722	1	positive	train	PT	Castro da Sapeira	-6.660710630854306	41.81325342371423	-6.66379611,41.81095375,-6.65762515,41.81555310	512	dgt_ortos2021_rgb	https://cartografia.dgterritorio.gov.pt/wms/ortos2021	Ortos2021-RGB	data/external/weak-label-chips-v1/train/positive/wl-tile-v1-11763-pos-pt-dgpc-108722.png	weak_label_candidate_for_model_v1	512	512	downloaded	valid	512	512	P	248021	1		https://cartografia.dgterritorio.gov.pt/wms/ortos2021?SERVICE=WMS&VERSION=1.1.1&REQUEST=GetMap&LAYERS=Ortos2021-RGB&STYLES=&SRS=EPSG%3A4326&BBOX=-6.66379611%2C41.81095375%2C-6.65762515%2C41.81555310&WIDTH=512&HEIGHT=512&FORMAT=image%2Fpng&TRANSPARENT=false	2026-08-01T00:00:00Z
weak-chip-export-v1-00591	wl-tile-v1-11773	wl-pos-pos-pt-dgpc-109795	pos-pt-dgpc-109795	1	positive	train	PT	Castro da Seara / Castro Serzedo	-6.901410000626809	41.77476158198164	-6.90449363,41.77246191,-6.89832637,41.77706126	512	dgt_ortos2021_rgb	https://cartografia.dgterritorio.gov.pt/wms/ortos2021	Ortos2021-RGB	data/external/weak-label-chips-v1/train/positive/wl-tile-v1-11773-pos-pt-dgpc-109795.png	weak_label_candidate_for_model_v1	512	512	downloaded	valid	512	512	P	235350	1		https://cartografia.dgterritorio.gov.pt/wms/ortos2021?SERVICE=WMS&VERSION=1.1.1&REQUEST=GetMap&LAYERS=Ortos2021-RGB&STYLES=&SRS=EPSG%3A4326&BBOX=-6.90449363%2C41.77246191%2C-6.89832637%2C41.77706126&WIDTH=512&HEIGHT=512&FORMAT=image%2Fpng&TRANSPARENT=false	2026-08-01T00:00:00Z
weak-chip-export-v1-00592	wl-tile-v1-11730	wl-pos-pos-pt-dgpc-107708	pos-pt-dgpc-107708	1	positive	train	PT	Castro da Sola	-8.4179196612204	41.58103628055815	-8.42099402,41.57873660,-8.41484530,41.58333596	512	dgt_ortos2021_rgb	https://cartografia.dgterritorio.gov.pt/wms/ortos2021	Ortos2021-RGB	data/external/weak-label-chips-v1/train/positive/wl-tile-v1-11730-pos-pt-dgpc-107708.png	weak_label_candidate_for_model_v1	512	512	downloaded	valid	512	512	P	233568	1		https://cartografia.dgterritorio.gov.pt/wms/ortos2021?SERVICE=WMS&VERSION=1.1.1&REQUEST=GetMap&LAYERS=Ortos2021-RGB&STYLES=&SRS=EPSG%3A4326&BBOX=-8.42099402%2C41.57873660%2C-8.41484530%2C41.58333596&WIDTH=512&HEIGHT=512&FORMAT=image%2Fpng&TRANSPARENT=false	2026-08-01T00:00:00Z
weak-chip-export-v1-00593	wl-tile-v1-11738	wl-pos-pos-pt-dgpc-107083	pos-pt-dgpc-107083	1	positive	train	PT	Castro das Eiras/ Monte das Eiras	-8.44361112742367	41.43718056711798	-8.44667866,41.43488089,-8.44054359,41.43948024	512	dgt_ortos2021_rgb	https://cartografia.dgterritorio.gov.pt/wms/ortos2021	Ortos2021-RGB	data/external/weak-label-chips-v1/train/positive/wl-tile-v1-11738-pos-pt-dgpc-107083.png	weak_label_candidate_for_model_v1	512	512	downloaded	valid	512	512	P	253363	1		https://cartografia.dgterritorio.gov.pt/wms/ortos2021?SERVICE=WMS&VERSION=1.1.1&REQUEST=GetMap&LAYERS=Ortos2021-RGB&STYLES=&SRS=EPSG%3A4326&BBOX=-8.44667866%2C41.43488089%2C-8.44054359%2C41.43948024&WIDTH=512&HEIGHT=512&FORMAT=image%2Fpng&TRANSPARENT=false	2026-08-01T00:00:00Z
weak-chip-export-v1-00594	wl-tile-v1-11732	wl-pos-pos-pt-dgpc-108069	pos-pt-dgpc-108069	1	positive	train	PT	Castro das Lages	-8.44941806452	41.49944373429104	-8.45248855,41.49714406,-8.44634758,41.50174341	512	dgt_ortos2021_rgb	https://cartografia.dgterritorio.gov.pt/wms/ortos2021	Ortos2021-RGB	data/external/weak-label-chips-v1/train/positive/wl-tile-v1-11732-pos-pt-dgpc-108069.png	weak_label_candidate_for_model_v1	512	512	downloaded	valid	512	512	P	253699	1		https://cartografia.dgterritorio.gov.pt/wms/ortos2021?SERVICE=WMS&VERSION=1.1.1&REQUEST=GetMap&LAYERS=Ortos2021-RGB&STYLES=&SRS=EPSG%3A4326&BBOX=-8.45248855%2C41.49714406%2C-8.44634758%2C41.50174341&WIDTH=512&HEIGHT=512&FORMAT=image%2Fpng&TRANSPARENT=false	2026-08-01T00:00:00Z
weak-chip-export-v1-00595	wl-tile-v1-11799	wl-pos-pos-pt-dgpc-106944	pos-pt-dgpc-106944	1	positive	train	PT	Castro das Lazarinhas / Coutada	-8.263177758428938	41.37594058296501	-8.26624241,41.37364091,-8.26011311,41.37824026	512	dgt_ortos2021_rgb	https://cartografia.dgterritorio.gov.pt/wms/ortos2021	Ortos2021-RGB	data/external/weak-label-chips-v1/train/positive/wl-tile-v1-11799-pos-pt-dgpc-106944.png	weak_label_candidate_for_model_v1	512	512	downloaded	valid	512	512	P	232657	1		https://cartografia.dgterritorio.gov.pt/wms/ortos2021?SERVICE=WMS&VERSION=1.1.1&REQUEST=GetMap&LAYERS=Ortos2021-RGB&STYLES=&SRS=EPSG%3A4326&BBOX=-8.26624241%2C41.37364091%2C-8.26011311%2C41.37824026&WIDTH=512&HEIGHT=512&FORMAT=image%2Fpng&TRANSPARENT=false	2026-08-01T00:00:00Z
weak-chip-export-v1-00596	wl-tile-v1-11809	wl-pos-pos-pt-dgpc-106254	pos-pt-dgpc-106254	1	positive	train	PT	Castro de Alvarelhos/ Castro de São Marçal	-8.61788128955152	41.30079853389695	-8.62094240,41.29849886,-8.61482018,41.30309821	512	dgt_ortos2021_rgb	https://cartografia.dgterritorio.gov.pt/wms/ortos2021	Ortos2021-RGB	data/external/weak-label-chips-v1/train/positive/wl-tile-v1-11809-pos-pt-dgpc-106254.png	weak_label_candidate_for_model_v1	512	512	downloaded	valid	512	512	P	240597	1		https://cartografia.dgterritorio.gov.pt/wms/ortos2021?SERVICE=WMS&VERSION=1.1.1&REQUEST=GetMap&LAYERS=Ortos2021-RGB&STYLES=&SRS=EPSG%3A4326&BBOX=-8.62094240%2C41.29849886%2C-8.61482018%2C41.30309821&WIDTH=512&HEIGHT=512&FORMAT=image%2Fpng&TRANSPARENT=false	2026-08-01T00:00:00Z
weak-chip-export-v1-00597	wl-tile-v1-11808	wl-pos-pos-pt-dgpc-106958	pos-pt-dgpc-106958	1	positive	train	PT	Castro de Argivai	-8.72483041551296	41.376380992207345	-8.72789508,41.37408132,-8.72176575,41.37868067	512	dgt_ortos2021_rgb	https://cartografia.dgterritorio.gov.pt/wms/ortos2021	Ortos2021-RGB	data/external/weak-label-chips-v1/train/positive/wl-tile-v1-11808-pos-pt-dgpc-106958.png	weak_label_candidate_for_model_v1	512	512	downloaded	valid	512	512	P	229254	1		https://cartografia.dgterritorio.gov.pt/wms/ortos2021?SERVICE=WMS&VERSION=1.1.1&REQUEST=GetMap&LAYERS=Ortos2021-RGB&STYLES=&SRS=EPSG%3A4326&BBOX=-8.72789508%2C41.37408132%2C-8.72176575%2C41.37868067&WIDTH=512&HEIGHT=512&FORMAT=image%2Fpng&TRANSPARENT=false	2026-08-01T00:00:00Z
weak-chip-export-v1-00598	wl-tile-v1-11778	wl-pos-pos-pt-dgpc-108195	pos-pt-dgpc-108195	1	positive	train	PT	Castro de Arnade	-6.932859597459606	41.861883268052985	-6.93594742,41.85958359,-6.92977177,41.86418294	512	dgt_ortos2021_rgb	https://cartografia.dgterritorio.gov.pt/wms/ortos2021	Ortos2021-RGB	data/external/weak-label-chips-v1/train/positive/wl-tile-v1-11778-pos-pt-dgpc-108195.png	weak_label_candidate_for_model_v1	512	512	downloaded	valid	512	512	P	245919	1		https://cartografia.dgterritorio.gov.pt/wms/ortos2021?SERVICE=WMS&VERSION=1.1.1&REQUEST=GetMap&LAYERS=Ortos2021-RGB&STYLES=&SRS=EPSG%3A4326&BBOX=-6.93594742%2C41.85958359%2C-6.92977177%2C41.86418294&WIDTH=512&HEIGHT=512&FORMAT=image%2Fpng&TRANSPARENT=false	2026-08-01T00:00:00Z
weak-chip-export-v1-00599	wl-tile-v1-11830	wl-pos-pos-pt-dgpc-115142	pos-pt-dgpc-115142	1	positive	train	PT	Castro de Bacelar	-8.602427335760042	41.98532160020247	-8.60552114,41.98302192,-8.59933353,41.98762128	512	dgt_ortos2021_rgb	https://cartografia.dgterritorio.gov.pt/wms/ortos2021	Ortos2021-RGB	data/external/weak-label-chips-v1/train/positive/wl-tile-v1-11830-pos-pt-dgpc-115142.png	weak_label_candidate_for_model_v1	512	512	downloaded	valid	512	512	P	242997	1		https://cartografia.dgterritorio.gov.pt/wms/ortos2021?SERVICE=WMS&VERSION=1.1.1&REQUEST=GetMap&LAYERS=Ortos2021-RGB&STYLES=&SRS=EPSG%3A4326&BBOX=-8.60552114%2C41.98302192%2C-8.59933353%2C41.98762128&WIDTH=512&HEIGHT=512&FORMAT=image%2Fpng&TRANSPARENT=false	2026-08-01T00:00:00Z
weak-chip-export-v1-00600	wl-tile-v1-11812	wl-pos-pos-pt-dgpc-107033	pos-pt-dgpc-107033	1	positive	train	PT	Castro de Bagunte/ Monte da Cividade/ Cividade de Bagunte	-8.655557438082585	41.383649713653774	-8.65862245,41.38135004,-8.65249243,41.38594939	512	dgt_ortos2021_rgb	https://cartografia.dgterritorio.gov.pt/wms/ortos2021	Ortos2021-RGB	data/external/weak-label-chips-v1/train/positive/wl-tile-v1-11812-pos-pt-dgpc-107033.png	weak_label_candidate_for_model_v1	512	512	downloaded	valid	512	512	P	253911	1		https://cartografia.dgterritorio.gov.pt/wms/ortos2021?SERVICE=WMS&VERSION=1.1.1&REQUEST=GetMap&LAYERS=Ortos2021-RGB&STYLES=&SRS=EPSG%3A4326&BBOX=-8.65862245%2C41.38135004%2C-8.65249243%2C41.38594939&WIDTH=512&HEIGHT=512&FORMAT=image%2Fpng&TRANSPARENT=false	2026-08-01T00:00:00Z
weak-chip-export-v1-00601	wl-tile-v1-11749	wl-pos-pos-pt-dgpc-108199	pos-pt-dgpc-108199	1	positive	train	PT	Castro de Baçal	-6.721106866779897	41.86325727605982	-6.72419476,41.86095760,-6.71801897,41.86555695	512	dgt_ortos2021_rgb	https://cartografia.dgterritorio.gov.pt/wms/ortos2021	Ortos2021-RGB	data/external/weak-label-chips-v1/train/positive/wl-tile-v1-11749-pos-pt-dgpc-108199.png	weak_label_candidate_for_model_v1	512	512	downloaded	valid	512	512	P	244645	1		https://cartografia.dgterritorio.gov.pt/wms/ortos2021?SERVICE=WMS&VERSION=1.1.1&REQUEST=GetMap&LAYERS=Ortos2021-RGB&STYLES=&SRS=EPSG%3A4326&BBOX=-6.72419476%2C41.86095760%2C-6.71801897%2C41.86555695&WIDTH=512&HEIGHT=512&FORMAT=image%2Fpng&TRANSPARENT=false	2026-08-01T00:00:00Z
weak-chip-export-v1-00602	wl-tile-v1-11735	wl-pos-pos-pt-dgpc-107764	pos-pt-dgpc-107764	1	positive	train	PT	Castro de Brunhais	-8.181544526530962	41.59555126991564	-8.18461958,41.59325159,-8.17846947,41.59785095	512	dgt_ortos2021_rgb	https://cartografia.dgterritorio.gov.pt/wms/ortos2021	Ortos2021-RGB	data/external/weak-label-chips-v1/train/positive/wl-tile-v1-11735-pos-pt-dgpc-107764.png	weak_label_candidate_for_model_v1	512	512	downloaded	valid	512	512	P	244617	1		https://cartografia.dgterritorio.gov.pt/wms/ortos2021?SERVICE=WMS&VERSION=1.1.1&REQUEST=GetMap&LAYERS=Ortos2021-RGB&STYLES=&SRS=EPSG%3A4326&BBOX=-8.18461958%2C41.59325159%2C-8.17846947%2C41.59785095&WIDTH=512&HEIGHT=512&FORMAT=image%2Fpng&TRANSPARENT=false	2026-08-01T00:00:00Z
weak-chip-export-v1-00603	wl-tile-v1-11873	wl-pos-pos-pt-dgpc-110091	pos-pt-dgpc-110091	1	positive	train	PT	Castro de Cabanas	-7.982476719579076	41.66371118978938	-7.98555502,41.66141151,-7.97939841,41.66601087	512	dgt_ortos2021_rgb	https://cartografia.dgterritorio.gov.pt/wms/ortos2021	Ortos2021-RGB	data/external/weak-label-chips-v1/train/positive/wl-tile-v1-11873-pos-pt-dgpc-110091.png	weak_label_candidate_for_model_v1	512	512	downloaded	valid	512	512	P	247769	1		https://cartografia.dgterritorio.gov.pt/wms/ortos2021?SERVICE=WMS&VERSION=1.1.1&REQUEST=GetMap&LAYERS=Ortos2021-RGB&STYLES=&SRS=EPSG%3A4326&BBOX=-7.98555502%2C41.66141151%2C-7.97939841%2C41.66601087&WIDTH=512&HEIGHT=512&FORMAT=image%2Fpng&TRANSPARENT=false	2026-08-01T00:00:00Z
weak-chip-export-v1-00604	wl-tile-v1-11867	wl-pos-pos-pt-dgpc-109682	pos-pt-dgpc-109682	1	positive	train	PT	Castro de Cabeça da Armada	-7.903768916488706	41.70531965234617	-7.90684921,41.70301998,-7.90068862,41.70761933	512	dgt_ortos2021_rgb	https://cartografia.dgterritorio.gov.pt/wms/ortos2021	Ortos2021-RGB	data/external/weak-label-chips-v1/train/positive/wl-tile-v1-11867-pos-pt-dgpc-109682.png	weak_label_candidate_for_model_v1	512	512	downloaded	valid	512	512	P	248832	1		https://cartografia.dgterritorio.gov.pt/wms/ortos2021?SERVICE=WMS&VERSION=1.1.1&REQUEST=GetMap&LAYERS=Ortos2021-RGB&STYLES=&SRS=EPSG%3A4326&BBOX=-7.90684921%2C41.70301998%2C-7.90068862%2C41.70761933&WIDTH=512&HEIGHT=512&FORMAT=image%2Fpng&TRANSPARENT=false	2026-08-01T00:00:00Z
weak-chip-export-v1-00605	wl-tile-v1-11816	wl-pos-pos-pt-dgpc-108486	pos-pt-dgpc-108486	1	positive	train	PT	Castro de Cabreiro	-8.40207146255781	41.94975963228959	-8.40516354,41.94745996,-8.39897938,41.95205931	512	dgt_ortos2021_rgb	https://cartografia.dgterritorio.gov.pt/wms/ortos2021	Ortos2021-RGB	data/external/weak-label-chips-v1/train/positive/wl-tile-v1-11816-pos-pt-dgpc-108486.png	weak_label_candidate_for_model_v1	512	512	downloaded	valid	512	512	P	250069	1		https://cartografia.dgterritorio.gov.pt/wms/ortos2021?SERVICE=WMS&VERSION=1.1.1&REQUEST=GetMap&LAYERS=Ortos2021-RGB&STYLES=&SRS=EPSG%3A4326&BBOX=-8.40516354%2C41.94745996%2C-8.39897938%2C41.95205931&WIDTH=512&HEIGHT=512&FORMAT=image%2Fpng&TRANSPARENT=false	2026-08-01T00:00:00Z
weak-chip-export-v1-00606	wl-tile-v1-11717	wl-pos-pos-pt-dgpc-109806	pos-pt-dgpc-109806	1	positive	train	PT	Castro de Caires / Castro de Gróvios	-8.354297300085134	41.64870318535756	-8.35737489,41.64640351,-8.35121971,41.65100286	512	dgt_ortos2021_rgb	https://cartografia.dgterritorio.gov.pt/wms/ortos2021	Ortos2021-RGB	data/external/weak-label-chips-v1/train/positive/wl-tile-v1-11717-pos-pt-dgpc-109806.png	weak_label_candidate_for_model_v1	512	512	downloaded	valid	512	512	P	237986	1		https://cartografia.dgterritorio.gov.pt/wms/ortos2021?SERVICE=WMS&VERSION=1.1.1&REQUEST=GetMap&LAYERS=Ortos2021-RGB&STYLES=&SRS=EPSG%3A4326&BBOX=-8.35737489%2C41.64640351%2C-8.35121971%2C41.65100286&WIDTH=512&HEIGHT=512&FORMAT=image%2Fpng&TRANSPARENT=false	2026-08-01T00:00:00Z
weak-chip-export-v1-00607	wl-tile-v1-11876	wl-pos-pos-pt-dgpc-110114	pos-pt-dgpc-110114	1	positive	train	PT	Castro de Cervos	-7.677601227598995	41.73039846637593	-7.68068273,41.72809879,-7.67451973,41.73269814	512	dgt_ortos2021_rgb	https://cartografia.dgterritorio.gov.pt/wms/ortos2021	Ortos2021-RGB	data/external/weak-label-chips-v1/train/positive/wl-tile-v1-11876-pos-pt-dgpc-110114.png	weak_label_candidate_for_model_v1	512	512	downloaded	valid	512	512	P	249481	1		https://cartografia.dgterritorio.gov.pt/wms/ortos2021?SERVICE=WMS&VERSION=1.1.1&REQUEST=GetMap&LAYERS=Ortos2021-RGB&STYLES=&SRS=EPSG%3A4326&BBOX=-7.68068273%2C41.72809879%2C-7.67451973%2C41.73269814&WIDTH=512&HEIGHT=512&FORMAT=image%2Fpng&TRANSPARENT=false	2026-08-01T00:00:00Z
weak-chip-export-v1-00608	wl-tile-v1-11848	wl-pos-pos-pt-dgpc-105962	pos-pt-dgpc-105962	1	positive	train	PT	Castro de Cidadelhe	-7.844719461158634	41.17684533996276	-7.84777477,41.17454566,-7.84166415,41.17914502	512	dgt_ortos2021_rgb	https://cartografia.dgterritorio.gov.pt/wms/ortos2021	Ortos2021-RGB	data/external/weak-label-chips-v1/train/positive/wl-tile-v1-11848-pos-pt-dgpc-105962.png	weak_label_candidate_for_model_v1	512	512	downloaded	valid	512	512	P	246369	1		https://cartografia.dgterritorio.gov.pt/wms/ortos2021?SERVICE=WMS&VERSION=1.1.1&REQUEST=GetMap&LAYERS=Ortos2021-RGB&STYLES=&SRS=EPSG%3A4326&BBOX=-7.84777477%2C41.17454566%2C-7.84166415%2C41.17914502&WIDTH=512&HEIGHT=512&FORMAT=image%2Fpng&TRANSPARENT=false	2026-08-01T00:00:00Z
weak-chip-export-v1-00609	wl-tile-v1-11767	wl-pos-pos-pt-dgpc-109040	pos-pt-dgpc-109040	1	positive	train	PT	Castro de Ciragata/Cidadelhe	-6.724598453927665	41.67081603623943	-6.72767710,41.66851636,-6.72151981,41.67311571	512	dgt_ortos2021_rgb	https://cartografia.dgterritorio.gov.pt/wms/ortos2021	Ortos2021-RGB	data/external/weak-label-chips-v1/train/positive/wl-tile-v1-11767-pos-pt-dgpc-109040.png	weak_label_candidate_for_model_v1	512	512	downloaded	valid	512	512	P	235621	1		https://cartografia.dgterritorio.gov.pt/wms/ortos2021?SERVICE=WMS&VERSION=1.1.1&REQUEST=GetMap&LAYERS=Ortos2021-RGB&STYLES=&SRS=EPSG%3A4326&BBOX=-6.72767710%2C41.66851636%2C-6.72151981%2C41.67311571&WIDTH=512&HEIGHT=512&FORMAT=image%2Fpng&TRANSPARENT=false	2026-08-01T00:00:00Z
weak-chip-export-v1-00610	wl-tile-v1-11863	wl-pos-pos-pt-dgpc-109492	pos-pt-dgpc-109492	1	positive	train	PT	Castro de Codeçoso	-7.953528597364983	41.69403838731128	-7.95660835,41.69173871,-7.95044884,41.69633806	512	dgt_ortos2021_rgb	https://cartografia.dgterritorio.gov.pt/wms/ortos2021	Ortos2021-RGB	data/external/weak-label-chips-v1/train/positive/wl-tile-v1-11863-pos-pt-dgpc-109492.png	weak_label_candidate_for_model_v1	512	512	downloaded	valid	512	512	P	191078	1		https://cartografia.dgterritorio.gov.pt/wms/ortos2021?SERVICE=WMS&VERSION=1.1.1&REQUEST=GetMap&LAYERS=Ortos2021-RGB&STYLES=&SRS=EPSG%3A4326&BBOX=-7.95660835%2C41.69173871%2C-7.95044884%2C41.69633806&WIDTH=512&HEIGHT=512&FORMAT=image%2Fpng&TRANSPARENT=false	2026-08-01T00:00:00Z
weak-chip-export-v1-00611	wl-tile-v1-11854	wl-pos-pos-pt-dgpc-108771	pos-pt-dgpc-108771	1	positive	train	PT	Castro de Donões/Eiras do Castro	-7.828925275354679	41.82402770337258	-7.83201128,41.82172803,-7.82583927,41.82632738	512	dgt_ortos2021_rgb	https://cartografia.dgterritorio.gov.pt/wms/ortos2021	Ortos2021-RGB	data/external/weak-label-chips-v1/train/positive/wl-tile-v1-11854-pos-pt-dgpc-108771.png	weak_label_candidate_for_model_v1	512	512	downloaded	valid	512	512	P	253308	1		https://cartografia.dgterritorio.gov.pt/wms/ortos2021?SERVICE=WMS&VERSION=1.1.1&REQUEST=GetMap&LAYERS=Ortos2021-RGB&STYLES=&SRS=EPSG%3A4326&BBOX=-7.83201128%2C41.82172803%2C-7.82583927%2C41.82632738&WIDTH=512&HEIGHT=512&FORMAT=image%2Fpng&TRANSPARENT=false	2026-08-01T00:00:00Z
weak-chip-export-v1-00612	wl-tile-v1-11745	wl-pos-pos-pt-dgpc-109844	pos-pt-dgpc-109844	1	positive	train	PT	Castro de Escariz / São Ilus	-8.535870242490057	41.65091039124731	-8.53894794,41.64861071,-8.53279255,41.65321007	512	dgt_ortos2021_rgb	https://cartografia.dgterritorio.gov.pt/wms/ortos2021	Ortos2021-RGB	data/external/weak-label-chips-v1/train/positive/wl-tile-v1-11745-pos-pt-dgpc-109844.png	weak_label_candidate_for_model_v1	512	512	downloaded	valid	512	512	P	238383	1		https://cartografia.dgterritorio.gov.pt/wms/ortos2021?SERVICE=WMS&VERSION=1.1.1&REQUEST=GetMap&LAYERS=Ortos2021-RGB&STYLES=&SRS=EPSG%3A4326&BBOX=-8.53894794%2C41.64861071%2C-8.53279255%2C41.65321007&WIDTH=512&HEIGHT=512&FORMAT=image%2Fpng&TRANSPARENT=false	2026-08-01T00:00:00Z
weak-chip-export-v1-00613	wl-tile-v1-11786	wl-pos-pos-pt-dgpc-108702	pos-pt-dgpc-108702	1	positive	train	PT	Castro de Espinhoso	-7.104505799241483	41.80754903357964	-7.10759101,41.80524936,-7.10142059,41.80984871	512	dgt_ortos2021_rgb	https://cartografia.dgterritorio.gov.pt/wms/ortos2021	Ortos2021-RGB	data/external/weak-label-chips-v1/train/positive/wl-tile-v1-11786-pos-pt-dgpc-108702.png	weak_label_candidate_for_model_v1	512	512	downloaded	valid	512	512	P	250364	1		https://cartografia.dgterritorio.gov.pt/wms/ortos2021?SERVICE=WMS&VERSION=1.1.1&REQUEST=GetMap&LAYERS=Ortos2021-RGB&STYLES=&SRS=EPSG%3A4326&BBOX=-7.10759101%2C41.80524936%2C-7.10142059%2C41.80984871&WIDTH=512&HEIGHT=512&FORMAT=image%2Fpng&TRANSPARENT=false	2026-08-01T00:00:00Z
weak-chip-export-v1-00614	wl-tile-v1-11852	wl-pos-pos-pt-dgpc-108736	pos-pt-dgpc-108736	1	positive	train	PT	Castro de Fernão Mouro/ Muralhas	-7.672475461452273	41.817043491408526	-7.67556113,41.81474381,-7.66938980,41.81934317	512	dgt_ortos2021_rgb	https://cartografia.dgterritorio.gov.pt/wms/ortos2021	Ortos2021-RGB	data/external/weak-label-chips-v1/train/positive/wl-tile-v1-11852-pos-pt-dgpc-108736.png	weak_label_candidate_for_model_v1	512	512	downloaded	valid	512	512	P	257729	1		https://cartografia.dgterritorio.gov.pt/wms/ortos2021?SERVICE=WMS&VERSION=1.1.1&REQUEST=GetMap&LAYERS=Ortos2021-RGB&STYLES=&SRS=EPSG%3A4326&BBOX=-7.67556113%2C41.81474381%2C-7.66938980%2C41.81934317&WIDTH=512&HEIGHT=512&FORMAT=image%2Fpng&TRANSPARENT=false	2026-08-01T00:00:00Z
weak-chip-export-v1-00615	wl-tile-v1-11861	wl-pos-pos-pt-dgpc-109318	pos-pt-dgpc-109318	1	positive	train	PT	Castro de Ferral	-7.986995708342456	41.68306541672208	-7.99007494,41.68076574,-7.98391648,41.68536509	512	dgt_ortos2021_rgb	https://cartografia.dgterritorio.gov.pt/wms/ortos2021	Ortos2021-RGB	data/external/weak-label-chips-v1/train/positive/wl-tile-v1-11861-pos-pt-dgpc-109318.png	weak_label_candidate_for_model_v1	512	512	downloaded	valid	512	512	P	252908	1		https://cartografia.dgterritorio.gov.pt/wms/ortos2021?SERVICE=WMS&VERSION=1.1.1&REQUEST=GetMap&LAYERS=Ortos2021-RGB&STYLES=&SRS=EPSG%3A4326&BBOX=-7.99007494%2C41.68076574%2C-7.98391648%2C41.68536509&WIDTH=512&HEIGHT=512&FORMAT=image%2Fpng&TRANSPARENT=false	2026-08-01T00:00:00Z
weak-chip-export-v1-00616	wl-tile-v1-11787	wl-pos-pos-pt-dgpc-108939	pos-pt-dgpc-108939	1	positive	train	PT	Castro de Ferreiros	-7.184301993220234	41.84730874409154	-7.18738912,41.84500907,-7.18121487,41.84960842	512	dgt_ortos2021_rgb	https://cartografia.dgterritorio.gov.pt/wms/ortos2021	Ortos2021-RGB	data/external/weak-label-chips-v1/train/positive/wl-tile-v1-11787-pos-pt-dgpc-108939.png	weak_label_candidate_for_model_v1	512	512	downloaded	valid	512	512	P	247072	1		https://cartografia.dgterritorio.gov.pt/wms/ortos2021?SERVICE=WMS&VERSION=1.1.1&REQUEST=GetMap&LAYERS=Ortos2021-RGB&STYLES=&SRS=EPSG%3A4326&BBOX=-7.18738912%2C41.84500907%2C-7.18121487%2C41.84960842&WIDTH=512&HEIGHT=512&FORMAT=image%2Fpng&TRANSPARENT=false	2026-08-01T00:00:00Z
weak-chip-export-v1-00617	wl-tile-v1-11760	wl-pos-pos-pt-dgpc-108650	pos-pt-dgpc-108650	1	positive	train	PT	Castro de Gimonde/ Arrabalde de Gimonde	-6.696146116755786	41.800017583390535	-6.69923096,41.79771791,-6.69306127,41.80231726	512	dgt_ortos2021_rgb	https://cartografia.dgterritorio.gov.pt/wms/ortos2021	Ortos2021-RGB	data/external/weak-label-chips-v1/train/positive/wl-tile-v1-11760-pos-pt-dgpc-108650.png	weak_label_candidate_for_model_v1	512	512	downloaded	valid	512	512	P	235976	1		https://cartografia.dgterritorio.gov.pt/wms/ortos2021?SERVICE=WMS&VERSION=1.1.1&REQUEST=GetMap&LAYERS=Ortos2021-RGB&STYLES=&SRS=EPSG%3A4326&BBOX=-6.69923096%2C41.79771791%2C-6.69306127%2C41.80231726&WIDTH=512&HEIGHT=512&FORMAT=image%2Fpng&TRANSPARENT=false	2026-08-01T00:00:00Z
weak-chip-export-v1-00618	wl-tile-v1-11734	wl-pos-pos-pt-dgpc-107741	pos-pt-dgpc-107741	1	positive	train	PT	Castro de Lanhoso/Estação lusitano-romana de Póvoa do Lanhoso	-8.281831529640154	41.58714595518124	-8.28490618,41.58484628,-8.27875688,41.58944563	512	dgt_ortos2021_rgb	https://cartografia.dgterritorio.gov.pt/wms/ortos2021	Ortos2021-RGB	data/external/weak-label-chips-v1/train/positive/wl-tile-v1-11734-pos-pt-dgpc-107741.png	weak_label_candidate_for_model_v1	512	512	downloaded	valid	512	512	P	240897	1		https://cartografia.dgterritorio.gov.pt/wms/ortos2021?SERVICE=WMS&VERSION=1.1.1&REQUEST=GetMap&LAYERS=Ortos2021-RGB&STYLES=&SRS=EPSG%3A4326&BBOX=-8.28490618%2C41.58484628%2C-8.27875688%2C41.58944563&WIDTH=512&HEIGHT=512&FORMAT=image%2Fpng&TRANSPARENT=false	2026-08-01T00:00:00Z
weak-chip-export-v1-00619	wl-tile-v1-11844	wl-pos-pos-pt-dgpc-109308	pos-pt-dgpc-109308	1	positive	train	PT	Castro de Loivos/Castro de Muradal	-7.504959393389308	41.62406571893852	-7.50803580,41.62176604,-7.50188298,41.62636540	512	dgt_ortos2021_rgb	https://cartografia.dgterritorio.gov.pt/wms/ortos2021	Ortos2021-RGB	data/external/weak-label-chips-v1/train/positive/wl-tile-v1-11844-pos-pt-dgpc-109308.png	weak_label_candidate_for_model_v1	512	512	downloaded	valid	512	512	P	247248	1		https://cartografia.dgterritorio.gov.pt/wms/ortos2021?SERVICE=WMS&VERSION=1.1.1&REQUEST=GetMap&LAYERS=Ortos2021-RGB&STYLES=&SRS=EPSG%3A4326&BBOX=-7.50803580%2C41.62176604%2C-7.50188298%2C41.62636540&WIDTH=512&HEIGHT=512&FORMAT=image%2Fpng&TRANSPARENT=false	2026-08-01T00:00:00Z
weak-chip-export-v1-00620	wl-tile-v1-11831	wl-pos-pos-pt-dgpc-115143	pos-pt-dgpc-115143	1	positive	train	PT	Castro de Mira	-8.609645561586886	41.974171677648464	-8.61273883,41.97187200,-8.60655230,41.97647135	512	dgt_ortos2021_rgb	https://cartografia.dgterritorio.gov.pt/wms/ortos2021	Ortos2021-RGB	data/external/weak-label-chips-v1/train/positive/wl-tile-v1-11831-pos-pt-dgpc-115143.png	weak_label_candidate_for_model_v1	512	512	downloaded	valid	512	512	P	237978	1		https://cartografia.dgterritorio.gov.pt/wms/ortos2021?SERVICE=WMS&VERSION=1.1.1&REQUEST=GetMap&LAYERS=Ortos2021-RGB&STYLES=&SRS=EPSG%3A4326&BBOX=-8.61273883%2C41.97187200%2C-8.60655230%2C41.97647135&WIDTH=512&HEIGHT=512&FORMAT=image%2Fpng&TRANSPARENT=false	2026-08-01T00:00:00Z
weak-chip-export-v1-00621	wl-tile-v1-11785	wl-pos-pos-pt-dgpc-108682	pos-pt-dgpc-108682	1	positive	train	PT	Castro de Moaz/Eira do Castro	-7.036563612932378	41.8048502252989	-7.03964869,41.80255055,-7.03347854,41.80714990	512	dgt_ortos2021_rgb	https://cartografia.dgterritorio.gov.pt/wms/ortos2021	Ortos2021-RGB	data/external/weak-label-chips-v1/train/positive/wl-tile-v1-11785-pos-pt-dgpc-108682.png	weak_label_candidate_for_model_v1	512	512	downloaded	valid	512	512	P	248194	1		https://cartografia.dgterritorio.gov.pt/wms/ortos2021?SERVICE=WMS&VERSION=1.1.1&REQUEST=GetMap&LAYERS=Ortos2021-RGB&STYLES=&SRS=EPSG%3A4326&BBOX=-7.03964869%2C41.80255055%2C-7.03347854%2C41.80714990&WIDTH=512&HEIGHT=512&FORMAT=image%2Fpng&TRANSPARENT=false	2026-08-01T00:00:00Z
weak-chip-export-v1-00622	wl-tile-v1-11856	wl-pos-pos-pt-dgpc-108819	pos-pt-dgpc-108819	1	positive	train	PT	Castro de Mourilhe	-7.856276982747857	41.83159899405238	-7.85936335,41.82929932,-7.85319062,41.83389867	512	dgt_ortos2021_rgb	https://cartografia.dgterritorio.gov.pt/wms/ortos2021	Ortos2021-RGB	data/external/weak-label-chips-v1/train/positive/wl-tile-v1-11856-pos-pt-dgpc-108819.png	weak_label_candidate_for_model_v1	512	512	downloaded	valid	512	512	P	256984	1		https://cartografia.dgterritorio.gov.pt/wms/ortos2021?SERVICE=WMS&VERSION=1.1.1&REQUEST=GetMap&LAYERS=Ortos2021-RGB&STYLES=&SRS=EPSG%3A4326&BBOX=-7.85936335%2C41.82929932%2C-7.85319062%2C41.83389867&WIDTH=512&HEIGHT=512&FORMAT=image%2Fpng&TRANSPARENT=false	2026-08-01T00:00:00Z
weak-chip-export-v1-00623	wl-tile-v1-11877	wl-pos-pos-pt-dgpc-110170	pos-pt-dgpc-110170	1	positive	train	PT	Castro de Negrões	-7.77139566949113	41.73515208500841	-7.77447740,41.73285241,-7.76831394,41.73745176	512	dgt_ortos2021_rgb	https://cartografia.dgterritorio.gov.pt/wms/ortos2021	Ortos2021-RGB	data/external/weak-label-chips-v1/train/positive/wl-tile-v1-11877-pos-pt-dgpc-110170.png	weak_label_candidate_for_model_v1	512	512	downloaded	valid	512	512	P	247342	1		https://cartografia.dgterritorio.gov.pt/wms/ortos2021?SERVICE=WMS&VERSION=1.1.1&REQUEST=GetMap&LAYERS=Ortos2021-RGB&STYLES=&SRS=EPSG%3A4326&BBOX=-7.77447740%2C41.73285241%2C-7.76831394%2C41.73745176&WIDTH=512&HEIGHT=512&FORMAT=image%2Fpng&TRANSPARENT=false	2026-08-01T00:00:00Z
weak-chip-export-v1-00624	wl-tile-v1-11791	wl-pos-pos-pt-dgpc-109947	pos-pt-dgpc-109947	1	positive	train	PT	Castro de Ousilhão	-6.952464000950668	41.78466052984895	-6.95554811,41.78236085,-6.94937990,41.78696021	512	dgt_ortos2021_rgb	https://cartografia.dgterritorio.gov.pt/wms/ortos2021	Ortos2021-RGB	data/external/weak-label-chips-v1/train/positive/wl-tile-v1-11791-pos-pt-dgpc-109947.png	weak_label_candidate_for_model_v1	512	512	downloaded	valid	512	512	P	253853	1		https://cartografia.dgterritorio.gov.pt/wms/ortos2021?SERVICE=WMS&VERSION=1.1.1&REQUEST=GetMap&LAYERS=Ortos2021-RGB&STYLES=&SRS=EPSG%3A4326&BBOX=-6.95554811%2C41.78236085%2C-6.94937990%2C41.78696021&WIDTH=512&HEIGHT=512&FORMAT=image%2Fpng&TRANSPARENT=false	2026-08-01T00:00:00Z
weak-chip-export-v1-00625	wl-tile-v1-11719	wl-pos-pos-pt-dgpc-110072	pos-pt-dgpc-110072	1	positive	train	PT	Castro de Outeiro	-8.286487940291211	41.662954379161164	-8.28956621,41.66065470,-8.28340967,41.66525406	512	dgt_ortos2021_rgb	https://cartografia.dgterritorio.gov.pt/wms/ortos2021	Ortos2021-RGB	data/external/weak-label-chips-v1/train/positive/wl-tile-v1-11719-pos-pt-dgpc-110072.png	weak_label_candidate_for_model_v1	512	512	downloaded	valid	512	512	P	236748	1		https://cartografia.dgterritorio.gov.pt/wms/ortos2021?SERVICE=WMS&VERSION=1.1.1&REQUEST=GetMap&LAYERS=Ortos2021-RGB&STYLES=&SRS=EPSG%3A4326&BBOX=-8.28956621%2C41.66065470%2C-8.28340967%2C41.66525406&WIDTH=512&HEIGHT=512&FORMAT=image%2Fpng&TRANSPARENT=false	2026-08-01T00:00:00Z
weak-chip-export-v1-00626	wl-tile-v1-11871	wl-pos-pos-pt-dgpc-109917	pos-pt-dgpc-109917	1	positive	train	PT	Castro de Outeiro	-7.938008721767632	41.78168778516987	-7.94109268,41.77938811,-7.93492476,41.78398746	512	dgt_ortos2021_rgb	https://cartografia.dgterritorio.gov.pt/wms/ortos2021	Ortos2021-RGB	data/external/weak-label-chips-v1/train/positive/wl-tile-v1-11871-pos-pt-dgpc-109917.png	weak_label_candidate_for_model_v1	512	512	downloaded	valid	512	512	P	237449	1		https://cartografia.dgterritorio.gov.pt/wms/ortos2021?SERVICE=WMS&VERSION=1.1.1&REQUEST=GetMap&LAYERS=Ortos2021-RGB&STYLES=&SRS=EPSG%3A4326&BBOX=-7.94109268%2C41.77938811%2C-7.93492476%2C41.78398746&WIDTH=512&HEIGHT=512&FORMAT=image%2Fpng&TRANSPARENT=false	2026-08-01T00:00:00Z
weak-chip-export-v1-00627	wl-tile-v1-11836	wl-pos-pos-pt-dgpc-113461	pos-pt-dgpc-113461	1	positive	train	PT	Castro de Pagade	-8.677865015440917	41.885554248213744	-8.68095399,41.88325457,-8.67477604,41.88785392	512	dgt_ortos2021_rgb	https://cartografia.dgterritorio.gov.pt/wms/ortos2021	Ortos2021-RGB	data/external/weak-label-chips-v1/train/positive/wl-tile-v1-11836-pos-pt-dgpc-113461.png	weak_label_candidate_for_model_v1	512	512	downloaded	valid	512	512	P	249208	1		https://cartografia.dgterritorio.gov.pt/wms/ortos2021?SERVICE=WMS&VERSION=1.1.1&REQUEST=GetMap&LAYERS=Ortos2021-RGB&STYLES=&SRS=EPSG%3A4326&BBOX=-8.68095399%2C41.88325457%2C-8.67477604%2C41.88785392&WIDTH=512&HEIGHT=512&FORMAT=image%2Fpng&TRANSPARENT=false	2026-08-01T00:00:00Z
weak-chip-export-v1-00628	wl-tile-v1-11866	wl-pos-pos-pt-dgpc-109627	pos-pt-dgpc-109627	1	positive	train	PT	Castro de Paradela	-7.9527387970914685	41.766271122682426	-7.95582202,41.76397145,-7.94965558,41.76857080	512	dgt_ortos2021_rgb	https://cartografia.dgterritorio.gov.pt/wms/ortos2021	Ortos2021-RGB	data/external/weak-label-chips-v1/train/positive/wl-tile-v1-11866-pos-pt-dgpc-109627.png	weak_label_candidate_for_model_v1	512	512	downloaded	valid	512	512	P	249587	1		https://cartografia.dgterritorio.gov.pt/wms/ortos2021?SERVICE=WMS&VERSION=1.1.1&REQUEST=GetMap&LAYERS=Ortos2021-RGB&STYLES=&SRS=EPSG%3A4326&BBOX=-7.95582202%2C41.76397145%2C-7.94965558%2C41.76857080&WIDTH=512&HEIGHT=512&FORMAT=image%2Fpng&TRANSPARENT=false	2026-08-01T00:00:00Z
weak-chip-export-v1-00629	wl-tile-v1-11794	wl-pos-pos-pt-dgpc-105058	pos-pt-dgpc-105058	1	positive	train	PT	Castro de Paredes	-8.011993914555958	41.266643134161306	-8.01505343,41.26434346,-8.00893440,41.26894281	512	dgt_ortos2021_rgb	https://cartografia.dgterritorio.gov.pt/wms/ortos2021	Ortos2021-RGB	data/external/weak-label-chips-v1/train/positive/wl-tile-v1-11794-pos-pt-dgpc-105058.png	weak_label_candidate_for_model_v1	512	512	downloaded	valid	512	512	P	238695	1		https://cartografia.dgterritorio.gov.pt/wms/ortos2021?SERVICE=WMS&VERSION=1.1.1&REQUEST=GetMap&LAYERS=Ortos2021-RGB&STYLES=&SRS=EPSG%3A4326&BBOX=-8.01505343%2C41.26434346%2C-8.00893440%2C41.26894281&WIDTH=512&HEIGHT=512&FORMAT=image%2Fpng&TRANSPARENT=false	2026-08-01T00:00:00Z
weak-chip-export-v1-00630	wl-tile-v1-11829	wl-pos-pos-pt-dgpc-115141	pos-pt-dgpc-115141	1	positive	train	PT	Castro de Paços	-8.629131072388887	41.977652919152604	-8.63222451,41.97535324,-8.62603764,41.97995260	512	dgt_ortos2021_rgb	https://cartografia.dgterritorio.gov.pt/wms/ortos2021	Ortos2021-RGB	data/external/weak-label-chips-v1/train/positive/wl-tile-v1-11829-pos-pt-dgpc-115141.png	weak_label_candidate_for_model_v1	512	512	downloaded	valid	512	512	P	240175	1		https://cartografia.dgterritorio.gov.pt/wms/ortos2021?SERVICE=WMS&VERSION=1.1.1&REQUEST=GetMap&LAYERS=Ortos2021-RGB&STYLES=&SRS=EPSG%3A4326&BBOX=-8.63222451%2C41.97535324%2C-8.62603764%2C41.97995260&WIDTH=512&HEIGHT=512&FORMAT=image%2Fpng&TRANSPARENT=false	2026-08-01T00:00:00Z
weak-chip-export-v1-00631	wl-tile-v1-11853	wl-pos-pos-pt-dgpc-108748	pos-pt-dgpc-108748	1	positive	train	PT	Castro de Pedrário	-7.653864506771311	41.81925427361725	-7.65695028,41.81695460,-7.65077874,41.82155395	512	dgt_ortos2021_rgb	https://cartografia.dgterritorio.gov.pt/wms/ortos2021	Ortos2021-RGB	data/external/weak-label-chips-v1/train/positive/wl-tile-v1-11853-pos-pt-dgpc-108748.png	weak_label_candidate_for_model_v1	512	512	downloaded	valid	512	512	P	253431	1		https://cartografia.dgterritorio.gov.pt/wms/ortos2021?SERVICE=WMS&VERSION=1.1.1&REQUEST=GetMap&LAYERS=Ortos2021-RGB&STYLES=&SRS=EPSG%3A4326&BBOX=-7.65695028%2C41.81695460%2C-7.65077874%2C41.82155395&WIDTH=512&HEIGHT=512&FORMAT=image%2Fpng&TRANSPARENT=false	2026-08-01T00:00:00Z
weak-chip-export-v1-00632	wl-tile-v1-11827	wl-pos-pos-pt-dgpc-110040	pos-pt-dgpc-110040	1	positive	train	PT	Castro de Queixada	-8.38912460143018	41.79130383511323	-8.39220903,41.78900416,-8.38604018,41.79360351	512	dgt_ortos2021_rgb	https://cartografia.dgterritorio.gov.pt/wms/ortos2021	Ortos2021-RGB	data/external/weak-label-chips-v1/train/positive/wl-tile-v1-11827-pos-pt-dgpc-110040.png	weak_label_candidate_for_model_v1	512	512	downloaded	valid	512	512	P	245469	1		https://cartografia.dgterritorio.gov.pt/wms/ortos2021?SERVICE=WMS&VERSION=1.1.1&REQUEST=GetMap&LAYERS=Ortos2021-RGB&STYLES=&SRS=EPSG%3A4326&BBOX=-8.39220903%2C41.78900416%2C-8.38604018%2C41.79360351&WIDTH=512&HEIGHT=512&FORMAT=image%2Fpng&TRANSPARENT=false	2026-08-01T00:00:00Z
weak-chip-export-v1-00633	wl-tile-v1-11826	wl-pos-pos-pt-dgpc-109980	pos-pt-dgpc-109980	1	positive	train	PT	Castro de Quintão	-8.382585026955029	41.787723522204686	-8.38566928,41.78542385,-8.37950077,41.79002320	512	dgt_ortos2021_rgb	https://cartografia.dgterritorio.gov.pt/wms/ortos2021	Ortos2021-RGB	data/external/weak-label-chips-v1/train/positive/wl-tile-v1-11826-pos-pt-dgpc-109980.png	weak_label_candidate_for_model_v1	512	512	downloaded	valid	512	512	P	239102	1		https://cartografia.dgterritorio.gov.pt/wms/ortos2021?SERVICE=WMS&VERSION=1.1.1&REQUEST=GetMap&LAYERS=Ortos2021-RGB&STYLES=&SRS=EPSG%3A4326&BBOX=-8.38566928%2C41.78542385%2C-8.37950077%2C41.79002320&WIDTH=512&HEIGHT=512&FORMAT=image%2Fpng&TRANSPARENT=false	2026-08-01T00:00:00Z
weak-chip-export-v1-00634	wl-tile-v1-11814	wl-pos-pos-pt-dgpc-108253	pos-pt-dgpc-108253	1	positive	train	PT	Castro de Reboreda	-8.465631403481332	41.88071939113854	-8.46872014,41.87841971,-8.46254267,41.88301907	512	dgt_ortos2021_rgb	https://cartografia.dgterritorio.gov.pt/wms/ortos2021	Ortos2021-RGB	data/external/weak-label-chips-v1/train/positive/wl-tile-v1-11814-pos-pt-dgpc-108253.png	weak_label_candidate_for_model_v1	512	512	downloaded	valid	512	512	P	243378	1		https://cartografia.dgterritorio.gov.pt/wms/ortos2021?SERVICE=WMS&VERSION=1.1.1&REQUEST=GetMap&LAYERS=Ortos2021-RGB&STYLES=&SRS=EPSG%3A4326&BBOX=-8.46872014%2C41.87841971%2C-8.46254267%2C41.88301907&WIDTH=512&HEIGHT=512&FORMAT=image%2Fpng&TRANSPARENT=false	2026-08-01T00:00:00Z
weak-chip-export-v1-00635	wl-tile-v1-11878	wl-pos-pos-pt-dgpc-105186	pos-pt-dgpc-105186	1	positive	train	PT	Castro de Sabrosa/Castelo dos Mouros/Castelo da Sancha	-7.571300430828412	41.27861960809964	-7.57436050,41.27631993,-7.56824036,41.28091928	512	dgt_ortos2021_rgb	https://cartografia.dgterritorio.gov.pt/wms/ortos2021	Ortos2021-RGB	data/external/weak-label-chips-v1/train/positive/wl-tile-v1-11878-pos-pt-dgpc-105186.png	weak_label_candidate_for_model_v1	512	512	downloaded	valid	512	512	P	250668	1		https://cartografia.dgterritorio.gov.pt/wms/ortos2021?SERVICE=WMS&VERSION=1.1.1&REQUEST=GetMap&LAYERS=Ortos2021-RGB&STYLES=&SRS=EPSG%3A4326&BBOX=-7.57436050%2C41.27631993%2C-7.56824036%2C41.28091928&WIDTH=512&HEIGHT=512&FORMAT=image%2Fpng&TRANSPARENT=false	2026-08-01T00:00:00Z
weak-chip-export-v1-00636	wl-tile-v1-11766	wl-pos-pos-pt-dgpc-108989	pos-pt-dgpc-108989	1	positive	train	PT	Castro de Sacóias	-6.68966272057244	41.8583650867716	-6.69275038,41.85606541,-6.68657506,41.86066476	512	dgt_ortos2021_rgb	https://cartografia.dgterritorio.gov.pt/wms/ortos2021	Ortos2021-RGB	data/external/weak-label-chips-v1/train/positive/wl-tile-v1-11766-pos-pt-dgpc-108989.png	weak_label_candidate_for_model_v1	512	512	downloaded	valid	512	512	P	241369	1		https://cartografia.dgterritorio.gov.pt/wms/ortos2021?SERVICE=WMS&VERSION=1.1.1&REQUEST=GetMap&LAYERS=Ortos2021-RGB&STYLES=&SRS=EPSG%3A4326&BBOX=-6.69275038%2C41.85606541%2C-6.68657506%2C41.86066476&WIDTH=512&HEIGHT=512&FORMAT=image%2Fpng&TRANSPARENT=false	2026-08-01T00:00:00Z
weak-chip-export-v1-00637	wl-tile-v1-11789	wl-pos-pos-pt-dgpc-108979	pos-pt-dgpc-108979	1	positive	train	PT	Castro de Sandim	-7.189454663585854	41.85720049004036	-7.19254226,41.85490081,-7.18636706,41.85950017	512	dgt_ortos2021_rgb	https://cartografia.dgterritorio.gov.pt/wms/ortos2021	Ortos2021-RGB	data/external/weak-label-chips-v1/train/positive/wl-tile-v1-11789-pos-pt-dgpc-108979.png	weak_label_candidate_for_model_v1	512	512	downloaded	valid	512	512	P	244811	1		https://cartografia.dgterritorio.gov.pt/wms/ortos2021?SERVICE=WMS&VERSION=1.1.1&REQUEST=GetMap&LAYERS=Ortos2021-RGB&STYLES=&SRS=EPSG%3A4326&BBOX=-7.19254226%2C41.85490081%2C-7.18636706%2C41.85950017&WIDTH=512&HEIGHT=512&FORMAT=image%2Fpng&TRANSPARENT=false	2026-08-01T00:00:00Z
weak-chip-export-v1-00638	wl-tile-v1-11780	wl-pos-pos-pt-dgpc-108354	pos-pt-dgpc-108354	1	positive	train	PT	Castro de Santa Cruz	-6.950227913443984	41.89969557464274	-6.95331757,41.89739590,-6.94713826,41.90199525	512	dgt_ortos2021_rgb	https://cartografia.dgterritorio.gov.pt/wms/ortos2021	Ortos2021-RGB	data/external/weak-label-chips-v1/train/positive/wl-tile-v1-11780-pos-pt-dgpc-108354.png	weak_label_candidate_for_model_v1	512	512	downloaded	valid	512	512	P	235761	1		https://cartografia.dgterritorio.gov.pt/wms/ortos2021?SERVICE=WMS&VERSION=1.1.1&REQUEST=GetMap&LAYERS=Ortos2021-RGB&STYLES=&SRS=EPSG%3A4326&BBOX=-6.95331757%2C41.89739590%2C-6.94713826%2C41.90199525&WIDTH=512&HEIGHT=512&FORMAT=image%2Fpng&TRANSPARENT=false	2026-08-01T00:00:00Z
weak-chip-export-v1-00639	wl-tile-v1-11748	wl-pos-pos-pt-dgpc-106410	pos-pt-dgpc-106410	1	positive	train	PT	Castro de Santa Justa	-7.037882923414823	41.32209888211877	-7.04094504,41.31979921,-7.03482081,41.32439856	512	dgt_ortos2021_rgb	https://cartografia.dgterritorio.gov.pt/wms/ortos2021	Ortos2021-RGB	data/external/weak-label-chips-v1/train/positive/wl-tile-v1-11748-pos-pt-dgpc-106410.png	weak_label_candidate_for_model_v1	512	512	downloaded	valid	512	512	P	247670	1		https://cartografia.dgterritorio.gov.pt/wms/ortos2021?SERVICE=WMS&VERSION=1.1.1&REQUEST=GetMap&LAYERS=Ortos2021-RGB&STYLES=&SRS=EPSG%3A4326&BBOX=-7.04094504%2C41.31979921%2C-7.03482081%2C41.32439856&WIDTH=512&HEIGHT=512&FORMAT=image%2Fpng&TRANSPARENT=false	2026-08-01T00:00:00Z
weak-chip-export-v1-00640	wl-tile-v1-11795	wl-pos-pos-pt-dgpc-106237	pos-pt-dgpc-106237	1	positive	train	PT	Castro de Santa Marinha	-8.187258922594305	41.29896414125153	-8.19031995,41.29666446,-8.18419790,41.30126382	512	dgt_ortos2021_rgb	https://cartografia.dgterritorio.gov.pt/wms/ortos2021	Ortos2021-RGB	data/external/weak-label-chips-v1/train/positive/wl-tile-v1-11795-pos-pt-dgpc-106237.png	weak_label_candidate_for_model_v1	512	512	downloaded	valid	512	512	P	242045	1		https://cartografia.dgterritorio.gov.pt/wms/ortos2021?SERVICE=WMS&VERSION=1.1.1&REQUEST=GetMap&LAYERS=Ortos2021-RGB&STYLES=&SRS=EPSG%3A4326&BBOX=-8.19031995%2C41.29666446%2C-8.18419790%2C41.30126382&WIDTH=512&HEIGHT=512&FORMAT=image%2Fpng&TRANSPARENT=false	2026-08-01T00:00:00Z
weak-chip-export-v1-00641	wl-tile-v1-11842	wl-pos-pos-pt-dgpc-109225	pos-pt-dgpc-109225	1	positive	train	PT	Castro de Santiago do Monte/Crastas de Santiago	-7.463961315795051	41.67830530726737	-7.46704032,41.67600563,-7.46088231,41.68060498	512	dgt_ortos2021_rgb	https://cartografia.dgterritorio.gov.pt/wms/ortos2021	Ortos2021-RGB	data/external/weak-label-chips-v1/train/positive/wl-tile-v1-11842-pos-pt-dgpc-109225.png	weak_label_candidate_for_model_v1	512	512	downloaded	valid	512	512	P	246044	1		https://cartografia.dgterritorio.gov.pt/wms/ortos2021?SERVICE=WMS&VERSION=1.1.1&REQUEST=GetMap&LAYERS=Ortos2021-RGB&STYLES=&SRS=EPSG%3A4326&BBOX=-7.46704032%2C41.67600563%2C-7.46088231%2C41.68060498&WIDTH=512&HEIGHT=512&FORMAT=image%2Fpng&TRANSPARENT=false	2026-08-01T00:00:00Z
weak-chip-export-v1-00642	wl-tile-v1-11800	wl-pos-pos-pt-dgpc-107052	pos-pt-dgpc-107052	1	positive	train	PT	Castro de Sendim	-8.17651955782848	41.384470076783245	-8.17958461,41.38217040,-8.17345451,41.38676975	512	dgt_ortos2021_rgb	https://cartografia.dgterritorio.gov.pt/wms/ortos2021	Ortos2021-RGB	data/external/weak-label-chips-v1/train/positive/wl-tile-v1-11800-pos-pt-dgpc-107052.png	weak_label_candidate_for_model_v1	512	512	downloaded	valid	512	512	P	240532	1		https://cartografia.dgterritorio.gov.pt/wms/ortos2021?SERVICE=WMS&VERSION=1.1.1&REQUEST=GetMap&LAYERS=Ortos2021-RGB&STYLES=&SRS=EPSG%3A4326&BBOX=-8.17958461%2C41.38217040%2C-8.17345451%2C41.38676975&WIDTH=512&HEIGHT=512&FORMAT=image%2Fpng&TRANSPARENT=false	2026-08-01T00:00:00Z
weak-chip-export-v1-00643	wl-tile-v1-11744	wl-pos-pos-pt-dgpc-109743	pos-pt-dgpc-109743	1	positive	train	PT	Castro de Sobradelo/Reduto	-8.499588721468946	41.709284145844414	-8.50266921,41.70698447,-8.49650824,41.71158382	512	dgt_ortos2021_rgb	https://cartografia.dgterritorio.gov.pt/wms/ortos2021	Ortos2021-RGB	data/external/weak-label-chips-v1/train/positive/wl-tile-v1-11744-pos-pt-dgpc-109743.png	weak_label_candidate_for_model_v1	512	512	downloaded	valid	512	512	P	236338	1		https://cartografia.dgterritorio.gov.pt/wms/ortos2021?SERVICE=WMS&VERSION=1.1.1&REQUEST=GetMap&LAYERS=Ortos2021-RGB&STYLES=&SRS=EPSG%3A4326&BBOX=-8.50266921%2C41.70698447%2C-8.49650824%2C41.71158382&WIDTH=512&HEIGHT=512&FORMAT=image%2Fpng&TRANSPARENT=false	2026-08-01T00:00:00Z
weak-chip-export-v1-00644	wl-tile-v1-11857	wl-pos-pos-pt-dgpc-108841	pos-pt-dgpc-108841	1	positive	train	PT	Castro de Solveira	-7.662911704550902	41.83457901000712	-7.66599821,41.83227933,-7.65982520,41.83687869	512	dgt_ortos2021_rgb	https://cartografia.dgterritorio.gov.pt/wms/ortos2021	Ortos2021-RGB	data/external/weak-label-chips-v1/train/positive/wl-tile-v1-11857-pos-pt-dgpc-108841.png	weak_label_candidate_for_model_v1	512	512	downloaded	valid	512	512	P	245398	1		https://cartografia.dgterritorio.gov.pt/wms/ortos2021?SERVICE=WMS&VERSION=1.1.1&REQUEST=GetMap&LAYERS=Ortos2021-RGB&STYLES=&SRS=EPSG%3A4326&BBOX=-7.66599821%2C41.83227933%2C-7.65982520%2C41.83687869&WIDTH=512&HEIGHT=512&FORMAT=image%2Fpng&TRANSPARENT=false	2026-08-01T00:00:00Z
weak-chip-export-v1-00645	wl-tile-v1-11860	wl-pos-pos-pt-dgpc-108986	pos-pt-dgpc-108986	1	positive	train	PT	Castro de Soutelo	-7.684985240495982	41.85778721520889	-7.68807287,41.85548754,-7.68189761,41.86008689	512	dgt_ortos2021_rgb	https://cartografia.dgterritorio.gov.pt/wms/ortos2021	Ortos2021-RGB	data/external/weak-label-chips-v1/train/positive/wl-tile-v1-11860-pos-pt-dgpc-108986.png	weak_label_candidate_for_model_v1	512	512	downloaded	valid	512	512	P	249419	1		https://cartografia.dgterritorio.gov.pt/wms/ortos2021?SERVICE=WMS&VERSION=1.1.1&REQUEST=GetMap&LAYERS=Ortos2021-RGB&STYLES=&SRS=EPSG%3A4326&BBOX=-7.68807287%2C41.85548754%2C-7.68189761%2C41.86008689&WIDTH=512&HEIGHT=512&FORMAT=image%2Fpng&TRANSPARENT=false	2026-08-01T00:00:00Z
weak-chip-export-v1-00646	wl-tile-v1-11802	wl-pos-pos-pt-dgpc-105178	pos-pt-dgpc-105178	1	positive	train	PT	Castro de São Domingos/ Cristelos	-8.297236257118827	41.27739312705152	-8.30029627,41.27509345,-8.29417624,41.27969280	512	dgt_ortos2021_rgb	https://cartografia.dgterritorio.gov.pt/wms/ortos2021	Ortos2021-RGB	data/external/weak-label-chips-v1/train/positive/wl-tile-v1-11802-pos-pt-dgpc-105178.png	weak_label_candidate_for_model_v1	512	512	downloaded	valid	512	512	P	233491	1		https://cartografia.dgterritorio.gov.pt/wms/ortos2021?SERVICE=WMS&VERSION=1.1.1&REQUEST=GetMap&LAYERS=Ortos2021-RGB&STYLES=&SRS=EPSG%3A4326&BBOX=-8.30029627%2C41.27509345%2C-8.29417624%2C41.27969280&WIDTH=512&HEIGHT=512&FORMAT=image%2Fpng&TRANSPARENT=false	2026-08-01T00:00:00Z
weak-chip-export-v1-00647	wl-tile-v1-11804	wl-pos-pos-pt-dgpc-106440	pos-pt-dgpc-106440	1	positive	train	PT	Castro de São Gonçalo	-8.326261348438234	41.32497927216827	-8.32932360,41.32267960,-8.32319910,41.32727895	512	dgt_ortos2021_rgb	https://cartografia.dgterritorio.gov.pt/wms/ortos2021	Ortos2021-RGB	data/external/weak-label-chips-v1/train/positive/wl-tile-v1-11804-pos-pt-dgpc-106440.png	weak_label_candidate_for_model_v1	512	512	downloaded	valid	512	512	P	241440	1		https://cartografia.dgterritorio.gov.pt/wms/ortos2021?SERVICE=WMS&VERSION=1.1.1&REQUEST=GetMap&LAYERS=Ortos2021-RGB&STYLES=&SRS=EPSG%3A4326&BBOX=-8.32932360%2C41.32267960%2C-8.32319910%2C41.32727895&WIDTH=512&HEIGHT=512&FORMAT=image%2Fpng&TRANSPARENT=false	2026-08-01T00:00:00Z
weak-chip-export-v1-00648	wl-tile-v1-11784	wl-pos-pos-pt-dgpc-108598	pos-pt-dgpc-108598	1	positive	train	PT	Castro de São Mamede	-7.0076003559092195	41.795927313186226	-7.01068500,41.79362764,-7.00451571,41.79822699	512	dgt_ortos2021_rgb	https://cartografia.dgterritorio.gov.pt/wms/ortos2021	Ortos2021-RGB	data/external/weak-label-chips-v1/train/positive/wl-tile-v1-11784-pos-pt-dgpc-108598.png	weak_label_candidate_for_model_v1	512	512	downloaded	valid	512	512	P	240216	1		https://cartografia.dgterritorio.gov.pt/wms/ortos2021?SERVICE=WMS&VERSION=1.1.1&REQUEST=GetMap&LAYERS=Ortos2021-RGB&STYLES=&SRS=EPSG%3A4326&BBOX=-7.01068500%2C41.79362764%2C-7.00451571%2C41.79822699&WIDTH=512&HEIGHT=512&FORMAT=image%2Fpng&TRANSPARENT=false	2026-08-01T00:00:00Z
weak-chip-export-v1-00649	wl-tile-v1-11739	wl-pos-pos-pt-dgpc-107173	pos-pt-dgpc-107173	1	positive	train	PT	Castro de São Miguel-o-Anjo	-8.536059288556148	41.392054293223445	-8.53912470,41.38975462,-8.53299388,41.39435397	512	dgt_ortos2021_rgb	https://cartografia.dgterritorio.gov.pt/wms/ortos2021	Ortos2021-RGB	data/external/weak-label-chips-v1/train/positive/wl-tile-v1-11739-pos-pt-dgpc-107173.png	weak_label_candidate_for_model_v1	512	512	downloaded	valid	512	512	P	243171	1		https://cartografia.dgterritorio.gov.pt/wms/ortos2021?SERVICE=WMS&VERSION=1.1.1&REQUEST=GetMap&LAYERS=Ortos2021-RGB&STYLES=&SRS=EPSG%3A4326&BBOX=-8.53912470%2C41.38975462%2C-8.53299388%2C41.39435397&WIDTH=512&HEIGHT=512&FORMAT=image%2Fpng&TRANSPARENT=false	2026-08-01T00:00:00Z
weak-chip-export-v1-00650	wl-tile-v1-11724	wl-pos-pos-pt-dgpc-109384	pos-pt-dgpc-109384	1	positive	train	PT	Castro de São Simão	-8.617935115477943	41.62898475335738	-8.62101176,41.62668508,-8.61485847,41.63128443	512	dgt_ortos2021_rgb	https://cartografia.dgterritorio.gov.pt/wms/ortos2021	Ortos2021-RGB	data/external/weak-label-chips-v1/train/positive/wl-tile-v1-11724-pos-pt-dgpc-109384.png	weak_label_candidate_for_model_v1	512	512	downloaded	valid	512	512	P	256113	1		https://cartografia.dgterritorio.gov.pt/wms/ortos2021?SERVICE=WMS&VERSION=1.1.1&REQUEST=GetMap&LAYERS=Ortos2021-RGB&STYLES=&SRS=EPSG%3A4326&BBOX=-8.62101176%2C41.62668508%2C-8.61485847%2C41.63128443&WIDTH=512&HEIGHT=512&FORMAT=image%2Fpng&TRANSPARENT=false	2026-08-01T00:00:00Z
weak-chip-export-v1-00651	wl-tile-v1-11864	wl-pos-pos-pt-dgpc-109615	pos-pt-dgpc-109615	1	positive	train	PT	Castro de Travassos/Castro do Outeiro	-7.796405108414898	41.76592024987971	-7.79948831,41.76362057,-7.79332190,41.76821993	512	dgt_ortos2021_rgb	https://cartografia.dgterritorio.gov.pt/wms/ortos2021	Ortos2021-RGB	data/external/weak-label-chips-v1/train/positive/wl-tile-v1-11864-pos-pt-dgpc-109615.png	weak_label_candidate_for_model_v1	512	512	downloaded	valid	512	512	P	239282	1		https://cartografia.dgterritorio.gov.pt/wms/ortos2021?SERVICE=WMS&VERSION=1.1.1&REQUEST=GetMap&LAYERS=Ortos2021-RGB&STYLES=&SRS=EPSG%3A4326&BBOX=-7.79948831%2C41.76362057%2C-7.79332190%2C41.76821993&WIDTH=512&HEIGHT=512&FORMAT=image%2Fpng&TRANSPARENT=false	2026-08-01T00:00:00Z
weak-chip-export-v1-00652	wl-tile-v1-11874	wl-pos-pos-pt-dgpc-110094	pos-pt-dgpc-110094	1	positive	train	PT	Castro de Valongo	-7.910499913876304	41.72895897586702	-7.91358134,41.72665930,-7.90741848,41.73125865	512	dgt_ortos2021_rgb	https://cartografia.dgterritorio.gov.pt/wms/ortos2021	Ortos2021-RGB	data/external/weak-label-chips-v1/train/positive/wl-tile-v1-11874-pos-pt-dgpc-110094.png	weak_label_candidate_for_model_v1	512	512	downloaded	valid	512	512	P	251044	1		https://cartografia.dgterritorio.gov.pt/wms/ortos2021?SERVICE=WMS&VERSION=1.1.1&REQUEST=GetMap&LAYERS=Ortos2021-RGB&STYLES=&SRS=EPSG%3A4326&BBOX=-7.91358134%2C41.72665930%2C-7.90741848%2C41.73125865&WIDTH=512&HEIGHT=512&FORMAT=image%2Fpng&TRANSPARENT=false	2026-08-01T00:00:00Z
weak-chip-export-v1-00653	wl-tile-v1-11772	wl-pos-pos-pt-dgpc-109725	pos-pt-dgpc-109725	1	positive	train	PT	Castro de Vila Boa	-6.729053641039059	41.64260059558721	-6.73213094,41.64030092,-6.72597634,41.64490027	512	dgt_ortos2021_rgb	https://cartografia.dgterritorio.gov.pt/wms/ortos2021	Ortos2021-RGB	data/external/weak-label-chips-v1/train/positive/wl-tile-v1-11772-pos-pt-dgpc-109725.png	weak_label_candidate_for_model_v1	512	512	downloaded	valid	512	512	P	245901	1		https://cartografia.dgterritorio.gov.pt/wms/ortos2021?SERVICE=WMS&VERSION=1.1.1&REQUEST=GetMap&LAYERS=Ortos2021-RGB&STYLES=&SRS=EPSG%3A4326&BBOX=-6.73213094%2C41.64030092%2C-6.72597634%2C41.64490027&WIDTH=512&HEIGHT=512&FORMAT=image%2Fpng&TRANSPARENT=false	2026-08-01T00:00:00Z
weak-chip-export-v1-00654	wl-tile-v1-11797	wl-pos-pos-pt-dgpc-106333	pos-pt-dgpc-106333	1	positive	train	PT	Castro de Vila Garcia/ Castro de Ponte Nova	-8.072215567935414	41.31396169734239	-8.07527730,41.31166202,-8.06915384,41.31626137	512	dgt_ortos2021_rgb	https://cartografia.dgterritorio.gov.pt/wms/ortos2021	Ortos2021-RGB	data/external/weak-label-chips-v1/train/positive/wl-tile-v1-11797-pos-pt-dgpc-106333.png	weak_label_candidate_for_model_v1	512	512	downloaded	valid	512	512	P	244446	1		https://cartografia.dgterritorio.gov.pt/wms/ortos2021?SERVICE=WMS&VERSION=1.1.1&REQUEST=GetMap&LAYERS=Ortos2021-RGB&STYLES=&SRS=EPSG%3A4326&BBOX=-8.07527730%2C41.31166202%2C-8.06915384%2C41.31626137&WIDTH=512&HEIGHT=512&FORMAT=image%2Fpng&TRANSPARENT=false	2026-08-01T00:00:00Z
weak-chip-export-v1-00655	wl-tile-v1-11782	wl-pos-pos-pt-dgpc-108479	pos-pt-dgpc-108479	1	positive	train	PT	Castro de Vilarinho das Touças	-7.08757229776621	41.94599697809722	-7.09066420,41.94369730,-7.08448040,41.94829665	512	dgt_ortos2021_rgb	https://cartografia.dgterritorio.gov.pt/wms/ortos2021	Ortos2021-RGB	data/external/weak-label-chips-v1/train/positive/wl-tile-v1-11782-pos-pt-dgpc-108479.png	weak_label_candidate_for_model_v1	512	512	downloaded	valid	512	512	P	255166	1		https://cartografia.dgterritorio.gov.pt/wms/ortos2021?SERVICE=WMS&VERSION=1.1.1&REQUEST=GetMap&LAYERS=Ortos2021-RGB&STYLES=&SRS=EPSG%3A4326&BBOX=-7.09066420%2C41.94369730%2C-7.08448040%2C41.94829665&WIDTH=512&HEIGHT=512&FORMAT=image%2Fpng&TRANSPARENT=false	2026-08-01T00:00:00Z
weak-chip-export-v1-00656	wl-tile-v1-11875	wl-pos-pos-pt-dgpc-110107	pos-pt-dgpc-110107	1	positive	train	PT	Castro de Vilarinho de Negrões/ Castro do Mau Vizinho	-7.818320510247984	41.729948796695	-7.82140199,41.72764912,-7.81523903,41.73224847	512	dgt_ortos2021_rgb	https://cartografia.dgterritorio.gov.pt/wms/ortos2021	Ortos2021-RGB	data/external/weak-label-chips-v1/train/positive/wl-tile-v1-11875-pos-pt-dgpc-110107.png	weak_label_candidate_for_model_v1	512	512	downloaded	valid	512	512	P	245800	1		https://cartografia.dgterritorio.gov.pt/wms/ortos2021?SERVICE=WMS&VERSION=1.1.1&REQUEST=GetMap&LAYERS=Ortos2021-RGB&STYLES=&SRS=EPSG%3A4326&BBOX=-7.82140199%2C41.72764912%2C-7.81523903%2C41.73224847&WIDTH=512&HEIGHT=512&FORMAT=image%2Fpng&TRANSPARENT=false	2026-08-01T00:00:00Z
weak-chip-export-v1-00657	wl-tile-v1-11815	wl-pos-pos-pt-dgpc-108463	pos-pt-dgpc-108463	1	positive	train	PT	Castro de Álvora	-8.44965074966652	41.937934124895484	-8.45274226,41.93563445,-8.44655924,41.94023380	512	dgt_ortos2021_rgb	https://cartografia.dgterritorio.gov.pt/wms/ortos2021	Ortos2021-RGB	data/external/weak-label-chips-v1/train/positive/wl-tile-v1-11815-pos-pt-dgpc-108463.png	weak_label_candidate_for_model_v1	512	512	downloaded	valid	512	512	P	243801	1		https://cartografia.dgterritorio.gov.pt/wms/ortos2021?SERVICE=WMS&VERSION=1.1.1&REQUEST=GetMap&LAYERS=Ortos2021-RGB&STYLES=&SRS=EPSG%3A4326&BBOX=-8.45274226%2C41.93563445%2C-8.44655924%2C41.94023380&WIDTH=512&HEIGHT=512&FORMAT=image%2Fpng&TRANSPARENT=false	2026-08-01T00:00:00Z
weak-chip-export-v1-00658	wl-tile-v1-11801	wl-pos-pos-pt-dgpc-105090	pos-pt-dgpc-105090	1	positive	train	PT	Castro do Alto de Nevogilde	-8.32227752822911	41.269250891230506	-8.32533716,41.26695121,-8.31921789,41.27155057	512	dgt_ortos2021_rgb	https://cartografia.dgterritorio.gov.pt/wms/ortos2021	Ortos2021-RGB	data/external/weak-label-chips-v1/train/positive/wl-tile-v1-11801-pos-pt-dgpc-105090.png	weak_label_candidate_for_model_v1	512	512	downloaded	valid	512	512	P	232083	1		https://cartografia.dgterritorio.gov.pt/wms/ortos2021?SERVICE=WMS&VERSION=1.1.1&REQUEST=GetMap&LAYERS=Ortos2021-RGB&STYLES=&SRS=EPSG%3A4326&BBOX=-8.32533716%2C41.26695121%2C-8.31921789%2C41.27155057&WIDTH=512&HEIGHT=512&FORMAT=image%2Fpng&TRANSPARENT=false	2026-08-01T00:00:00Z
weak-chip-export-v1-00659	wl-tile-v1-11714	wl-pos-pos-pt-dgpc-109437	pos-pt-dgpc-109437	1	positive	train	PT	Castro do Alto dos Castelos/ Fraga dos Fornelos	-8.276419653411708	41.6915990203992	-8.27949929,41.68929934,-8.27334001,41.69389870	512	dgt_ortos2021_rgb	https://cartografia.dgterritorio.gov.pt/wms/ortos2021	Ortos2021-RGB	data/external/weak-label-chips-v1/train/positive/wl-tile-v1-11714-pos-pt-dgpc-109437.png	weak_label_candidate_for_model_v1	512	512	downloaded	valid	512	512	P	248223	1		https://cartografia.dgterritorio.gov.pt/wms/ortos2021?SERVICE=WMS&VERSION=1.1.1&REQUEST=GetMap&LAYERS=Ortos2021-RGB&STYLES=&SRS=EPSG%3A4326&BBOX=-8.27949929%2C41.68929934%2C-8.27334001%2C41.69389870&WIDTH=512&HEIGHT=512&FORMAT=image%2Fpng&TRANSPARENT=false	2026-08-01T00:00:00Z
weak-chip-export-v1-00660	wl-tile-v1-11746	wl-pos-pos-pt-dgpc-109927	pos-pt-dgpc-109927	1	positive	train	PT	Castro do Barbudo/ Monte do Castelo	-8.470741462351	41.6534472603513	-8.47381928,41.65114758,-8.46766365,41.65574694	512	dgt_ortos2021_rgb	https://cartografia.dgterritorio.gov.pt/wms/ortos2021	Ortos2021-RGB	data/external/weak-label-chips-v1/train/positive/wl-tile-v1-11746-pos-pt-dgpc-109927.png	weak_label_candidate_for_model_v1	512	512	downloaded	valid	512	512	P	248463	1		https://cartografia.dgterritorio.gov.pt/wms/ortos2021?SERVICE=WMS&VERSION=1.1.1&REQUEST=GetMap&LAYERS=Ortos2021-RGB&STYLES=&SRS=EPSG%3A4326&BBOX=-8.47381928%2C41.65114758%2C-8.46766365%2C41.65574694&WIDTH=512&HEIGHT=512&FORMAT=image%2Fpng&TRANSPARENT=false	2026-08-01T00:00:00Z
weak-chip-export-v1-00661	wl-tile-v1-11810	wl-pos-pos-pt-dgpc-105926	pos-pt-dgpc-105926	1	positive	train	PT	Castro do Couce	-8.48629331195879	41.166126293230214	-8.48934813,41.16382662,-8.48323850,41.16842597	512	dgt_ortos2021_rgb	https://cartografia.dgterritorio.gov.pt/wms/ortos2021	Ortos2021-RGB	data/external/weak-label-chips-v1/train/positive/wl-tile-v1-11810-pos-pt-dgpc-105926.png	weak_label_candidate_for_model_v1	512	512	downloaded	valid	512	512	P	249589	1		https://cartografia.dgterritorio.gov.pt/wms/ortos2021?SERVICE=WMS&VERSION=1.1.1&REQUEST=GetMap&LAYERS=Ortos2021-RGB&STYLES=&SRS=EPSG%3A4326&BBOX=-8.48934813%2C41.16382662%2C-8.48323850%2C41.16842597&WIDTH=512&HEIGHT=512&FORMAT=image%2Fpng&TRANSPARENT=false	2026-08-01T00:00:00Z
weak-chip-export-v1-00662	wl-tile-v1-11849	wl-pos-pos-pt-dgpc-106776	pos-pt-dgpc-106776	1	positive	train	PT	Castro do Crastoeiro	-7.929788448932595	41.4150933301471	-7.93285494,41.41279365,-7.92672196,41.41739301	512	dgt_ortos2021_rgb	https://cartografia.dgterritorio.gov.pt/wms/ortos2021	Ortos2021-RGB	data/external/weak-label-chips-v1/train/positive/wl-tile-v1-11849-pos-pt-dgpc-106776.png	weak_label_candidate_for_model_v1	512	512	downloaded	valid	512	512	P	248012	1		https://cartografia.dgterritorio.gov.pt/wms/ortos2021?SERVICE=WMS&VERSION=1.1.1&REQUEST=GetMap&LAYERS=Ortos2021-RGB&STYLES=&SRS=EPSG%3A4326&BBOX=-7.93285494%2C41.41279365%2C-7.92672196%2C41.41739301&WIDTH=512&HEIGHT=512&FORMAT=image%2Fpng&TRANSPARENT=false	2026-08-01T00:00:00Z
weak-chip-export-v1-00663	wl-tile-v1-11796	wl-pos-pos-pt-dgpc-106251	pos-pt-dgpc-106251	1	positive	train	PT	Castro do Ladário	-8.066802384706957	41.29599512747873	-8.06986327,41.29369545,-8.06374150,41.29829480	512	dgt_ortos2021_rgb	https://cartografia.dgterritorio.gov.pt/wms/ortos2021	Ortos2021-RGB	data/external/weak-label-chips-v1/train/positive/wl-tile-v1-11796-pos-pt-dgpc-106251.png	weak_label_candidate_for_model_v1	512	512	downloaded	valid	512	512	P	244345	1		https://cartografia.dgterritorio.gov.pt/wms/ortos2021?SERVICE=WMS&VERSION=1.1.1&REQUEST=GetMap&LAYERS=Ortos2021-RGB&STYLES=&SRS=EPSG%3A4326&BBOX=-8.06986327%2C41.29369545%2C-8.06374150%2C41.29829480&WIDTH=512&HEIGHT=512&FORMAT=image%2Fpng&TRANSPARENT=false	2026-08-01T00:00:00Z
weak-chip-export-v1-00664	wl-tile-v1-11806	wl-pos-pos-pt-dgpc-106073	pos-pt-dgpc-106073	1	positive	train	PT	Castro do Monte Castelo de Guifões	-8.678098774282239	41.20070265455174	-8.68115520,41.19840298,-8.67504235,41.20300233	512	dgt_ortos2021_rgb	https://cartografia.dgterritorio.gov.pt/wms/ortos2021	Ortos2021-RGB	data/external/weak-label-chips-v1/train/positive/wl-tile-v1-11806-pos-pt-dgpc-106073.png	weak_label_candidate_for_model_v1	512	512	downloaded	valid	512	512	P	235603	1		https://cartografia.dgterritorio.gov.pt/wms/ortos2021?SERVICE=WMS&VERSION=1.1.1&REQUEST=GetMap&LAYERS=Ortos2021-RGB&STYLES=&SRS=EPSG%3A4326&BBOX=-8.68115520%2C41.19840298%2C-8.67504235%2C41.20300233&WIDTH=512&HEIGHT=512&FORMAT=image%2Fpng&TRANSPARENT=false	2026-08-01T00:00:00Z
weak-chip-export-v1-00665	wl-tile-v1-11721	wl-pos-pos-pt-dgpc-107754	pos-pt-dgpc-107754	1	positive	train	PT	Castro do Monte Castro/Monte do Castro	-8.634438152692013	41.59064893825962	-8.63751297,41.58834926,-8.63136333,41.59294861	512	dgt_ortos2021_rgb	https://cartografia.dgterritorio.gov.pt/wms/ortos2021	Ortos2021-RGB	data/external/weak-label-chips-v1/train/positive/wl-tile-v1-11721-pos-pt-dgpc-107754.png	weak_label_candidate_for_model_v1	512	512	downloaded	valid	512	512	P	242933	1		https://cartografia.dgterritorio.gov.pt/wms/ortos2021?SERVICE=WMS&VERSION=1.1.1&REQUEST=GetMap&LAYERS=Ortos2021-RGB&STYLES=&SRS=EPSG%3A4326&BBOX=-8.63751297%2C41.58834926%2C-8.63136333%2C41.59294861&WIDTH=512&HEIGHT=512&FORMAT=image%2Fpng&TRANSPARENT=false	2026-08-01T00:00:00Z
weak-chip-export-v1-00666	wl-tile-v1-11833	wl-pos-pos-pt-dgpc-108391	pos-pt-dgpc-108391	1	positive	train	PT	Castro do Monte Góis	-8.770704146381263	41.90868903159418	-8.77379424,41.90638935,-8.76761406,41.91098871	512	dgt_ortos2021_rgb	https://cartografia.dgterritorio.gov.pt/wms/ortos2021	Ortos2021-RGB	data/external/weak-label-chips-v1/train/positive/wl-tile-v1-11833-pos-pt-dgpc-108391.png	weak_label_candidate_for_model_v1	512	512	downloaded	valid	512	512	P	245279	1		https://cartografia.dgterritorio.gov.pt/wms/ortos2021?SERVICE=WMS&VERSION=1.1.1&REQUEST=GetMap&LAYERS=Ortos2021-RGB&STYLES=&SRS=EPSG%3A4326&BBOX=-8.77379424%2C41.90638935%2C-8.76761406%2C41.91098871&WIDTH=512&HEIGHT=512&FORMAT=image%2Fpng&TRANSPARENT=false	2026-08-01T00:00:00Z
weak-chip-export-v1-00667	wl-tile-v1-11731	wl-pos-pos-pt-dgpc-107904	pos-pt-dgpc-107904	1	positive	train	PT	Castro do Monte Redondo/ Castro Monte Cossourado/ Castro de São Mamede	-8.447139611486296	41.47408647498355	-8.45020889,41.47178680,-8.44407033,41.47638615	512	dgt_ortos2021_rgb	https://cartografia.dgterritorio.gov.pt/wms/ortos2021	Ortos2021-RGB	data/external/weak-label-chips-v1/train/positive/wl-tile-v1-11731-pos-pt-dgpc-107904.png	weak_label_candidate_for_model_v1	512	512	downloaded	valid	512	512	P	257158	1		https://cartografia.dgterritorio.gov.pt/wms/ortos2021?SERVICE=WMS&VERSION=1.1.1&REQUEST=GetMap&LAYERS=Ortos2021-RGB&STYLES=&SRS=EPSG%3A4326&BBOX=-8.45020889%2C41.47178680%2C-8.44407033%2C41.47638615&WIDTH=512&HEIGHT=512&FORMAT=image%2Fpng&TRANSPARENT=false	2026-08-01T00:00:00Z
weak-chip-export-v1-00668	wl-tile-v1-11728	wl-pos-pos-pt-dgpc-107570	pos-pt-dgpc-107570	1	positive	train	PT	Castro do Monte da Consolação	-8.38599776938608	41.54999275397385	-8.38907065,41.54769308,-8.38292489,41.55229243	512	dgt_ortos2021_rgb	https://cartografia.dgterritorio.gov.pt/wms/ortos2021	Ortos2021-RGB	data/external/weak-label-chips-v1/train/positive/wl-tile-v1-11728-pos-pt-dgpc-107570.png	weak_label_candidate_for_model_v1	512	512	downloaded	valid	512	512	P	236480	1		https://cartografia.dgterritorio.gov.pt/wms/ortos2021?SERVICE=WMS&VERSION=1.1.1&REQUEST=GetMap&LAYERS=Ortos2021-RGB&STYLES=&SRS=EPSG%3A4326&BBOX=-8.38907065%2C41.54769308%2C-8.38292489%2C41.55229243&WIDTH=512&HEIGHT=512&FORMAT=image%2Fpng&TRANSPARENT=false	2026-08-01T00:00:00Z
weak-chip-export-v1-00669	wl-tile-v1-11741	wl-pos-pos-pt-dgpc-107797	pos-pt-dgpc-107797	1	positive	train	PT	Castro do Monte das Ermidas/ Castelo das Ermidas	-8.52331208226176	41.45962693936316	-8.52638068,41.45732726,-8.52024348,41.46192662	512	dgt_ortos2021_rgb	https://cartografia.dgterritorio.gov.pt/wms/ortos2021	Ortos2021-RGB	data/external/weak-label-chips-v1/train/positive/wl-tile-v1-11741-pos-pt-dgpc-107797.png	weak_label_candidate_for_model_v1	512	512	downloaded	valid	512	512	P	237398	1		https://cartografia.dgterritorio.gov.pt/wms/ortos2021?SERVICE=WMS&VERSION=1.1.1&REQUEST=GetMap&LAYERS=Ortos2021-RGB&STYLES=&SRS=EPSG%3A4326&BBOX=-8.52638068%2C41.45732726%2C-8.52024348%2C41.46192662&WIDTH=512&HEIGHT=512&FORMAT=image%2Fpng&TRANSPARENT=false	2026-08-01T00:00:00Z
weak-chip-export-v1-00670	wl-tile-v1-11710	wl-pos-pos-pt-dgpc-109049	pos-pt-dgpc-109049	1	positive	train	PT	Castro do Monte de São Miguel/ Cidadelhe	-8.255474654133364	41.67194317898581	-8.25855335,41.66964350,-8.25239596,41.67424286	512	dgt_ortos2021_rgb	https://cartografia.dgterritorio.gov.pt/wms/ortos2021	Ortos2021-RGB	data/external/weak-label-chips-v1/train/positive/wl-tile-v1-11710-pos-pt-dgpc-109049.png	weak_label_candidate_for_model_v1	512	512	downloaded	valid	512	512	P	251570	1		https://cartografia.dgterritorio.gov.pt/wms/ortos2021?SERVICE=WMS&VERSION=1.1.1&REQUEST=GetMap&LAYERS=Ortos2021-RGB&STYLES=&SRS=EPSG%3A4326&BBOX=-8.25855335%2C41.66964350%2C-8.25239596%2C41.67424286&WIDTH=512&HEIGHT=512&FORMAT=image%2Fpng&TRANSPARENT=false	2026-08-01T00:00:00Z
weak-chip-export-v1-00671	wl-tile-v1-11868	wl-pos-pos-pt-dgpc-109744	pos-pt-dgpc-109744	1	positive	train	PT	Castro do Outeiro	-7.961977686402233	41.77179270078387	-7.96506117,41.76949302,-7.95889420,41.77409238	512	dgt_ortos2021_rgb	https://cartografia.dgterritorio.gov.pt/wms/ortos2021	Ortos2021-RGB	data/external/weak-label-chips-v1/train/positive/wl-tile-v1-11868-pos-pt-dgpc-109744.png	weak_label_candidate_for_model_v1	512	512	downloaded	valid	512	512	P	241018	1		https://cartografia.dgterritorio.gov.pt/wms/ortos2021?SERVICE=WMS&VERSION=1.1.1&REQUEST=GetMap&LAYERS=Ortos2021-RGB&STYLES=&SRS=EPSG%3A4326&BBOX=-7.96506117%2C41.76949302%2C-7.95889420%2C41.77409238&WIDTH=512&HEIGHT=512&FORMAT=image%2Fpng&TRANSPARENT=false	2026-08-01T00:00:00Z
weak-chip-export-v1-00672	wl-tile-v1-11824	wl-pos-pos-pt-dgpc-108652	pos-pt-dgpc-108652	1	positive	train	PT	Castro do Pinheiral	-8.380798128783265	41.800634789894005	-8.38388300,41.79833511,-8.37771325,41.80293447	512	dgt_ortos2021_rgb	https://cartografia.dgterritorio.gov.pt/wms/ortos2021	Ortos2021-RGB	data/external/weak-label-chips-v1/train/positive/wl-tile-v1-11824-pos-pt-dgpc-108652.png	weak_label_candidate_for_model_v1	512	512	downloaded	valid	512	512	P	241928	1		https://cartografia.dgterritorio.gov.pt/wms/ortos2021?SERVICE=WMS&VERSION=1.1.1&REQUEST=GetMap&LAYERS=Ortos2021-RGB&STYLES=&SRS=EPSG%3A4326&BBOX=-8.38388300%2C41.79833511%2C-8.37771325%2C41.80293447&WIDTH=512&HEIGHT=512&FORMAT=image%2Fpng&TRANSPARENT=false	2026-08-01T00:00:00Z
weak-chip-export-v1-00673	wl-tile-v1-11837	wl-pos-pos-pt-dgpc-104946	pos-pt-dgpc-104946	1	positive	train	PT	Castro do Piolho/Castelo dos Mouros	-7.444307161454238	41.255555604434704	-7.44736615,41.25325593,-7.44124817,41.25785528	512	dgt_ortos2021_rgb	https://cartografia.dgterritorio.gov.pt/wms/ortos2021	Ortos2021-RGB	data/external/weak-label-chips-v1/train/positive/wl-tile-v1-11837-pos-pt-dgpc-104946.png	weak_label_candidate_for_model_v1	512	512	downloaded	valid	512	512	P	248700	1		https://cartografia.dgterritorio.gov.pt/wms/ortos2021?SERVICE=WMS&VERSION=1.1.1&REQUEST=GetMap&LAYERS=Ortos2021-RGB&STYLES=&SRS=EPSG%3A4326&BBOX=-7.44736615%2C41.25325593%2C-7.44124817%2C41.25785528&WIDTH=512&HEIGHT=512&FORMAT=image%2Fpng&TRANSPARENT=false	2026-08-01T00:00:00Z
weak-chip-export-v1-00674	wl-tile-v1-11839	wl-pos-pos-pt-dgpc-106913	pos-pt-dgpc-106913	1	positive	train	PT	Castro do Pópulo/Castelo de São Marcos	-7.489108411465429	41.37234375341703	-7.49217289,41.37004408,-7.48604393,41.37464343	512	dgt_ortos2021_rgb	https://cartografia.dgterritorio.gov.pt/wms/ortos2021	Ortos2021-RGB	data/external/weak-label-chips-v1/train/positive/wl-tile-v1-11839-pos-pt-dgpc-106913.png	weak_label_candidate_for_model_v1	512	512	downloaded	valid	512	512	P	247383	1		https://cartografia.dgterritorio.gov.pt/wms/ortos2021?SERVICE=WMS&VERSION=1.1.1&REQUEST=GetMap&LAYERS=Ortos2021-RGB&STYLES=&SRS=EPSG%3A4326&BBOX=-7.49217289%2C41.37004408%2C-7.48604393%2C41.37464343&WIDTH=512&HEIGHT=512&FORMAT=image%2Fpng&TRANSPARENT=false	2026-08-01T00:00:00Z
weak-chip-export-v1-00675	wl-tile-v1-11850	wl-pos-pos-pt-dgpc-108201	pos-pt-dgpc-108201	1	positive	train	PT	Castro do Roldão/Castro do Bom Vizinho	-7.80135877846797	41.7380243547784	-7.80444064,41.73572468,-7.79827691,41.74032403	512	dgt_ortos2021_rgb	https://cartografia.dgterritorio.gov.pt/wms/ortos2021	Ortos2021-RGB	data/external/weak-label-chips-v1/train/positive/wl-tile-v1-11850-pos-pt-dgpc-108201.png	weak_label_candidate_for_model_v1	512	512	downloaded	valid	512	512	P	224015	1		https://cartografia.dgterritorio.gov.pt/wms/ortos2021?SERVICE=WMS&VERSION=1.1.1&REQUEST=GetMap&LAYERS=Ortos2021-RGB&STYLES=&SRS=EPSG%3A4326&BBOX=-7.80444064%2C41.73572468%2C-7.79827691%2C41.74032403&WIDTH=512&HEIGHT=512&FORMAT=image%2Fpng&TRANSPARENT=false	2026-08-01T00:00:00Z
weak-chip-export-v1-00676	wl-tile-v1-11776	wl-pos-pos-pt-dgpc-109476	pos-pt-dgpc-109476	1	positive	train	PT	Castro do Serro Grande	-6.580190574636504	41.63402411221168	-6.58326746,41.63172444,-6.57711369,41.63632379	512	dgt_ortos2021_rgb	https://cartografia.dgterritorio.gov.pt/wms/ortos2021	Ortos2021-RGB	data/external/weak-label-chips-v1/train/positive/wl-tile-v1-11776-pos-pt-dgpc-109476.png	weak_label_candidate_for_model_v1	512	512	downloaded	valid	512	512	P	246912	1		https://cartografia.dgterritorio.gov.pt/wms/ortos2021?SERVICE=WMS&VERSION=1.1.1&REQUEST=GetMap&LAYERS=Ortos2021-RGB&STYLES=&SRS=EPSG%3A4326&BBOX=-6.58326746%2C41.63172444%2C-6.57711369%2C41.63632379&WIDTH=512&HEIGHT=512&FORMAT=image%2Fpng&TRANSPARENT=false	2026-08-01T00:00:00Z
weak-chip-export-v1-00677	wl-tile-v1-11771	wl-pos-pos-pt-dgpc-109722	pos-pt-dgpc-109722	1	positive	train	PT	Castro do Serro de Coelhoso	-6.693528403446607	41.642521439709604	-6.69660570,41.64022176,-6.69045111,41.64482112	512	dgt_ortos2021_rgb	https://cartografia.dgterritorio.gov.pt/wms/ortos2021	Ortos2021-RGB	data/external/weak-label-chips-v1/train/positive/wl-tile-v1-11771-pos-pt-dgpc-109722.png	weak_label_candidate_for_model_v1	512	512	downloaded	valid	512	512	P	252232	1		https://cartografia.dgterritorio.gov.pt/wms/ortos2021?SERVICE=WMS&VERSION=1.1.1&REQUEST=GetMap&LAYERS=Ortos2021-RGB&STYLES=&SRS=EPSG%3A4326&BBOX=-6.69660570%2C41.64022176%2C-6.69045111%2C41.64482112&WIDTH=512&HEIGHT=512&FORMAT=image%2Fpng&TRANSPARENT=false	2026-08-01T00:00:00Z
weak-chip-export-v1-00678	wl-tile-v1-11743	wl-pos-pos-pt-dgpc-109706	pos-pt-dgpc-109706	1	positive	train	PT	Castro do Vairão	-8.37943060668501	41.70762445179446	-8.38251101,41.70532478,-8.37635020,41.70992413	512	dgt_ortos2021_rgb	https://cartografia.dgterritorio.gov.pt/wms/ortos2021	Ortos2021-RGB	data/external/weak-label-chips-v1/train/positive/wl-tile-v1-11743-pos-pt-dgpc-109706.png	weak_label_candidate_for_model_v1	512	512	downloaded	valid	512	512	P	246603	1		https://cartografia.dgterritorio.gov.pt/wms/ortos2021?SERVICE=WMS&VERSION=1.1.1&REQUEST=GetMap&LAYERS=Ortos2021-RGB&STYLES=&SRS=EPSG%3A4326&BBOX=-8.38251101%2C41.70532478%2C-8.37635020%2C41.70992413&WIDTH=512&HEIGHT=512&FORMAT=image%2Fpng&TRANSPARENT=false	2026-08-01T00:00:00Z
weak-chip-export-v1-00679	wl-tile-v1-11838	wl-pos-pos-pt-dgpc-105184	pos-pt-dgpc-105184	1	positive	train	PT	Castro do Vilarelho	-7.494080210963758	41.27817230186955	-7.49714026,41.27587263,-7.49102016,41.28047198	512	dgt_ortos2021_rgb	https://cartografia.dgterritorio.gov.pt/wms/ortos2021	Ortos2021-RGB	data/external/weak-label-chips-v1/train/positive/wl-tile-v1-11838-pos-pt-dgpc-105184.png	weak_label_candidate_for_model_v1	512	512	downloaded	valid	512	512	P	254952	1		https://cartografia.dgterritorio.gov.pt/wms/ortos2021?SERVICE=WMS&VERSION=1.1.1&REQUEST=GetMap&LAYERS=Ortos2021-RGB&STYLES=&SRS=EPSG%3A4326&BBOX=-7.49714026%2C41.27587263%2C-7.49102016%2C41.28047198&WIDTH=512&HEIGHT=512&FORMAT=image%2Fpng&TRANSPARENT=false	2026-08-01T00:00:00Z
weak-chip-export-v1-00680	wl-tile-v1-11723	wl-pos-pos-pt-dgpc-109369	pos-pt-dgpc-109369	1	positive	train	PT	Castro dos Castelos/ Castelo de Durrães	-8.659663620622398	41.63042664063062	-8.66274034,41.62812696,-8.65658691,41.63272632	512	dgt_ortos2021_rgb	https://cartografia.dgterritorio.gov.pt/wms/ortos2021	Ortos2021-RGB	data/external/weak-label-chips-v1/train/positive/wl-tile-v1-11723-pos-pt-dgpc-109369.png	weak_label_candidate_for_model_v1	512	512	downloaded	valid	512	512	P	243434	1		https://cartografia.dgterritorio.gov.pt/wms/ortos2021?SERVICE=WMS&VERSION=1.1.1&REQUEST=GetMap&LAYERS=Ortos2021-RGB&STYLES=&SRS=EPSG%3A4326&BBOX=-8.66274034%2C41.62812696%2C-8.65658691%2C41.63272632&WIDTH=512&HEIGHT=512&FORMAT=image%2Fpng&TRANSPARENT=false	2026-08-01T00:00:00Z
weak-chip-export-v1-00681	wl-tile-v1-11865	wl-pos-pos-pt-dgpc-109625	pos-pt-dgpc-109625	1	positive	train	PT	Castro dos Cortiços	-7.70162927760726	41.766081142138766	-7.70471249,41.76378147,-7.69854607,41.76838082	512	dgt_ortos2021_rgb	https://cartografia.dgterritorio.gov.pt/wms/ortos2021	Ortos2021-RGB	data/external/weak-label-chips-v1/train/positive/wl-tile-v1-11865-pos-pt-dgpc-109625.png	weak_label_candidate_for_model_v1	512	512	downloaded	valid	512	512	P	230089	1		https://cartografia.dgterritorio.gov.pt/wms/ortos2021?SERVICE=WMS&VERSION=1.1.1&REQUEST=GetMap&LAYERS=Ortos2021-RGB&STYLES=&SRS=EPSG%3A4326&BBOX=-7.70471249%2C41.76378147%2C-7.69854607%2C41.76838082&WIDTH=512&HEIGHT=512&FORMAT=image%2Fpng&TRANSPARENT=false	2026-08-01T00:00:00Z
weak-chip-export-v1-00682	wl-tile-v1-11855	wl-pos-pos-pt-dgpc-108777	pos-pt-dgpc-108777	1	positive	train	PT	Castro dos Frades	-7.864225423130423	41.82479979461845	-7.86731146,41.82250012,-7.86113939,41.82709947	512	dgt_ortos2021_rgb	https://cartografia.dgterritorio.gov.pt/wms/ortos2021	Ortos2021-RGB	data/external/weak-label-chips-v1/train/positive/wl-tile-v1-11855-pos-pt-dgpc-108777.png	weak_label_candidate_for_model_v1	512	512	downloaded	valid	512	512	P	242105	1		https://cartografia.dgterritorio.gov.pt/wms/ortos2021?SERVICE=WMS&VERSION=1.1.1&REQUEST=GetMap&LAYERS=Ortos2021-RGB&STYLES=&SRS=EPSG%3A4326&BBOX=-7.86731146%2C41.82250012%2C-7.86113939%2C41.82709947&WIDTH=512&HEIGHT=512&FORMAT=image%2Fpng&TRANSPARENT=false	2026-08-01T00:00:00Z
weak-chip-export-v1-00683	wl-tile-v1-11803	wl-pos-pos-pt-dgpc-105286	pos-pt-dgpc-105286	1	positive	train	PT	Castro dos Mortórios	-8.32888581885405	41.284096527750194	-8.33194615,41.28179685,-8.32582549,41.28639620	512	dgt_ortos2021_rgb	https://cartografia.dgterritorio.gov.pt/wms/ortos2021	Ortos2021-RGB	data/external/weak-label-chips-v1/train/positive/wl-tile-v1-11803-pos-pt-dgpc-105286.png	weak_label_candidate_for_model_v1	512	512	downloaded	valid	512	512	P	226940	1		https://cartografia.dgterritorio.gov.pt/wms/ortos2021?SERVICE=WMS&VERSION=1.1.1&REQUEST=GetMap&LAYERS=Ortos2021-RGB&STYLES=&SRS=EPSG%3A4326&BBOX=-8.33194615%2C41.28179685%2C-8.32582549%2C41.28639620&WIDTH=512&HEIGHT=512&FORMAT=image%2Fpng&TRANSPARENT=false	2026-08-01T00:00:00Z
weak-chip-export-v1-00684	wl-tile-v1-11775	wl-pos-pos-pt-dgpc-107678	pos-pt-dgpc-107678	1	positive	train	PT	Castro dos Mouros	-6.510474479257974	41.57625159661307	-6.51354861,41.57395192,-6.50740035,41.57855127	512	dgt_ortos2021_rgb	https://cartografia.dgterritorio.gov.pt/wms/ortos2021	Ortos2021-RGB	data/external/weak-label-chips-v1/train/positive/wl-tile-v1-11775-pos-pt-dgpc-107678.png	weak_label_candidate_for_model_v1	512	512	downloaded	valid	512	512	P	242629	1		https://cartografia.dgterritorio.gov.pt/wms/ortos2021?SERVICE=WMS&VERSION=1.1.1&REQUEST=GetMap&LAYERS=Ortos2021-RGB&STYLES=&SRS=EPSG%3A4326&BBOX=-6.51354861%2C41.57395192%2C-6.50740035%2C41.57855127&WIDTH=512&HEIGHT=512&FORMAT=image%2Fpng&TRANSPARENT=false	2026-08-01T00:00:00Z
weak-chip-export-v1-00685	wl-tile-v1-11737	wl-pos-pos-pt-dgpc-106979	pos-pt-dgpc-106979	1	positive	train	PT	Castro e Castelo de Vermoim	-8.451266010517218	41.42930828189434	-8.45433318,41.42700861,-8.44819885,41.43160796	512	dgt_ortos2021_rgb	https://cartografia.dgterritorio.gov.pt/wms/ortos2021	Ortos2021-RGB	data/external/weak-label-chips-v1/train/positive/wl-tile-v1-11737-pos-pt-dgpc-106979.png	weak_label_candidate_for_model_v1	512	512	downloaded	valid	512	512	P	257102	1		https://cartografia.dgterritorio.gov.pt/wms/ortos2021?SERVICE=WMS&VERSION=1.1.1&REQUEST=GetMap&LAYERS=Ortos2021-RGB&STYLES=&SRS=EPSG%3A4326&BBOX=-8.45433318%2C41.42700861%2C-8.44819885%2C41.43160796&WIDTH=512&HEIGHT=512&FORMAT=image%2Fpng&TRANSPARENT=false	2026-08-01T00:00:00Z
weak-chip-export-v1-00686	wl-tile-v1-11869	wl-pos-pos-pt-dgpc-109856	pos-pt-dgpc-109856	1	positive	train	PT	Castro/ Castro de Andelhe	-7.86826924298282	41.71638072062302	-7.87135007,41.71408104,-7.86518842,41.71868040	512	dgt_ortos2021_rgb	https://cartografia.dgterritorio.gov.pt/wms/ortos2021	Ortos2021-RGB	data/external/weak-label-chips-v1/train/positive/wl-tile-v1-11869-pos-pt-dgpc-109856.png	weak_label_candidate_for_model_v1	512	512	downloaded	valid	512	512	P	251593	1		https://cartografia.dgterritorio.gov.pt/wms/ortos2021?SERVICE=WMS&VERSION=1.1.1&REQUEST=GetMap&LAYERS=Ortos2021-RGB&STYLES=&SRS=EPSG%3A4326&BBOX=-7.87135007%2C41.71408104%2C-7.86518842%2C41.71868040&WIDTH=512&HEIGHT=512&FORMAT=image%2Fpng&TRANSPARENT=false	2026-08-01T00:00:00Z
weak-chip-export-v1-00687	wl-tile-v1-11736	wl-pos-pos-pt-dgpc-114666	pos-pt-dgpc-114666	1	positive	train	PT	Castro/ Piorneiro	-8.236688541514336	41.71929819010255	-8.23976951,41.71699851,-8.23360758,41.72159787	512	dgt_ortos2021_rgb	https://cartografia.dgterritorio.gov.pt/wms/ortos2021	Ortos2021-RGB	data/external/weak-label-chips-v1/train/positive/wl-tile-v1-11736-pos-pt-dgpc-114666.png	weak_label_candidate_for_model_v1	512	512	downloaded	valid	512	512	P	248461	1		https://cartografia.dgterritorio.gov.pt/wms/ortos2021?SERVICE=WMS&VERSION=1.1.1&REQUEST=GetMap&LAYERS=Ortos2021-RGB&STYLES=&SRS=EPSG%3A4326&BBOX=-8.23976951%2C41.71699851%2C-8.23360758%2C41.72159787&WIDTH=512&HEIGHT=512&FORMAT=image%2Fpng&TRANSPARENT=false	2026-08-01T00:00:00Z
weak-chip-export-v1-00688	wl-tile-v1-11777	wl-pos-pos-pt-dgpc-109922	pos-pt-dgpc-109922	1	positive	train	PT	Castro/Seixo Branco	-6.422688701575511	41.65420643902021	-6.42576655,41.65190676,-6.41961085,41.65650612	512	dgt_ortos2021_rgb	https://cartografia.dgterritorio.gov.pt/wms/ortos2021	Ortos2021-RGB	data/external/weak-label-chips-v1/train/positive/wl-tile-v1-11777-pos-pt-dgpc-109922.png	weak_label_candidate_for_model_v1	512	512	downloaded	valid	512	512	P	232592	1		https://cartografia.dgterritorio.gov.pt/wms/ortos2021?SERVICE=WMS&VERSION=1.1.1&REQUEST=GetMap&LAYERS=Ortos2021-RGB&STYLES=&SRS=EPSG%3A4326&BBOX=-6.42576655%2C41.65190676%2C-6.41961085%2C41.65650612&WIDTH=512&HEIGHT=512&FORMAT=image%2Fpng&TRANSPARENT=false	2026-08-01T00:00:00Z
weak-chip-export-v1-00689	wl-tile-v1-11840	wl-pos-pos-pt-dgpc-108615	pos-pt-dgpc-108615	1	positive	train	PT	Castro/São Sebastião	-7.270711846575926	41.79667186403947	-7.27379653,41.79437219,-7.26762716,41.79897154	512	dgt_ortos2021_rgb	https://cartografia.dgterritorio.gov.pt/wms/ortos2021	Ortos2021-RGB	data/external/weak-label-chips-v1/train/positive/wl-tile-v1-11840-pos-pt-dgpc-108615.png	weak_label_candidate_for_model_v1	512	512	downloaded	valid	512	512	P	242480	1		https://cartografia.dgterritorio.gov.pt/wms/ortos2021?SERVICE=WMS&VERSION=1.1.1&REQUEST=GetMap&LAYERS=Ortos2021-RGB&STYLES=&SRS=EPSG%3A4326&BBOX=-7.27379653%2C41.79437219%2C-7.26762716%2C41.79897154&WIDTH=512&HEIGHT=512&FORMAT=image%2Fpng&TRANSPARENT=false	2026-08-01T00:00:00Z
weak-chip-export-v1-00690	wl-tile-v1-11821	wl-pos-pos-pt-dgpc-108292	pos-pt-dgpc-108292	1	positive	train	PT	Chela / Castro	-8.522309764324097	41.88999422795443	-8.52539895,41.88769455,-8.51922058,41.89229390	512	dgt_ortos2021_rgb	https://cartografia.dgterritorio.gov.pt/wms/ortos2021	Ortos2021-RGB	data/external/weak-label-chips-v1/train/positive/wl-tile-v1-11821-pos-pt-dgpc-108292.png	weak_label_candidate_for_model_v1	512	512	downloaded	valid	512	512	P	238013	1		https://cartografia.dgterritorio.gov.pt/wms/ortos2021?SERVICE=WMS&VERSION=1.1.1&REQUEST=GetMap&LAYERS=Ortos2021-RGB&STYLES=&SRS=EPSG%3A4326&BBOX=-8.52539895%2C41.88769455%2C-8.51922058%2C41.89229390&WIDTH=512&HEIGHT=512&FORMAT=image%2Fpng&TRANSPARENT=false	2026-08-01T00:00:00Z
weak-chip-export-v1-00691	wl-tile-v1-11716	wl-pos-pos-pt-dgpc-109794	pos-pt-dgpc-109794	1	positive	train	PT	Chã do Castro/ Portela da Joubreia	-8.367672029587002	41.6483949657454	-8.37074960,41.64609529,-8.36459446,41.65069464	512	dgt_ortos2021_rgb	https://cartografia.dgterritorio.gov.pt/wms/ortos2021	Ortos2021-RGB	data/external/weak-label-chips-v1/train/positive/wl-tile-v1-11716-pos-pt-dgpc-109794.png	weak_label_candidate_for_model_v1	512	512	downloaded	valid	512	512	P	254152	1		https://cartografia.dgterritorio.gov.pt/wms/ortos2021?SERVICE=WMS&VERSION=1.1.1&REQUEST=GetMap&LAYERS=Ortos2021-RGB&STYLES=&SRS=EPSG%3A4326&BBOX=-8.37074960%2C41.64609529%2C-8.36459446%2C41.65069464&WIDTH=512&HEIGHT=512&FORMAT=image%2Fpng&TRANSPARENT=false	2026-08-01T00:00:00Z
weak-chip-export-v1-00692	wl-tile-v1-11742	wl-pos-pos-pt-dgpc-109406	pos-pt-dgpc-109406	1	positive	train	PT	Citânia de São Julião de Caldelas	-8.393565660122807	41.689016912853376	-8.39664518,41.68671724,-8.39048614,41.69131659	512	dgt_ortos2021_rgb	https://cartografia.dgterritorio.gov.pt/wms/ortos2021	Ortos2021-RGB	data/external/weak-label-chips-v1/train/positive/wl-tile-v1-11742-pos-pt-dgpc-109406.png	weak_label_candidate_for_model_v1	512	512	downloaded	valid	512	512	P	246839	1		https://cartografia.dgterritorio.gov.pt/wms/ortos2021?SERVICE=WMS&VERSION=1.1.1&REQUEST=GetMap&LAYERS=Ortos2021-RGB&STYLES=&SRS=EPSG%3A4326&BBOX=-8.39664518%2C41.68671724%2C-8.39048614%2C41.69131659&WIDTH=512&HEIGHT=512&FORMAT=image%2Fpng&TRANSPARENT=false	2026-08-01T00:00:00Z
weak-chip-export-v1-00693	wl-tile-v1-11740	wl-pos-pos-pt-dgpc-107222	pos-pt-dgpc-107222	1	positive	train	PT	Cividade	-8.42629558848281	41.444609216739224	-8.42936348,41.44230954,-8.42322770,41.44690889	512	dgt_ortos2021_rgb	https://cartografia.dgterritorio.gov.pt/wms/ortos2021	Ortos2021-RGB	data/external/weak-label-chips-v1/train/positive/wl-tile-v1-11740-pos-pt-dgpc-107222.png	weak_label_candidate_for_model_v1	512	512	downloaded	valid	512	512	P	231589	1		https://cartografia.dgterritorio.gov.pt/wms/ortos2021?SERVICE=WMS&VERSION=1.1.1&REQUEST=GetMap&LAYERS=Ortos2021-RGB&STYLES=&SRS=EPSG%3A4326&BBOX=-8.42936348%2C41.44230954%2C-8.42322770%2C41.44690889&WIDTH=512&HEIGHT=512&FORMAT=image%2Fpng&TRANSPARENT=false	2026-08-01T00:00:00Z
weak-chip-export-v1-00694	wl-tile-v1-11834	wl-pos-pos-pt-dgpc-108502	pos-pt-dgpc-108502	1	positive	train	PT	Cividade de Cornes	-8.680714804091183	41.95587952682349	-8.68380718,41.95357985,-8.67762243,41.95817920	512	dgt_ortos2021_rgb	https://cartografia.dgterritorio.gov.pt/wms/ortos2021	Ortos2021-RGB	data/external/weak-label-chips-v1/train/positive/wl-tile-v1-11834-pos-pt-dgpc-108502.png	weak_label_candidate_for_model_v1	512	512	downloaded	valid	512	512	P	240323	1		https://cartografia.dgterritorio.gov.pt/wms/ortos2021?SERVICE=WMS&VERSION=1.1.1&REQUEST=GetMap&LAYERS=Ortos2021-RGB&STYLES=&SRS=EPSG%3A4326&BBOX=-8.68380718%2C41.95357985%2C-8.67762243%2C41.95817920&WIDTH=512&HEIGHT=512&FORMAT=image%2Fpng&TRANSPARENT=false	2026-08-01T00:00:00Z
weak-chip-export-v1-00695	wl-tile-v1-11823	wl-pos-pos-pt-dgpc-108405	pos-pt-dgpc-108405	1	positive	train	PT	Cividade de Cossourado	-8.637217914291169	41.91565551335773	-8.64030834,41.91335584,-8.63412749,41.91795519	512	dgt_ortos2021_rgb	https://cartografia.dgterritorio.gov.pt/wms/ortos2021	Ortos2021-RGB	data/external/weak-label-chips-v1/train/positive/wl-tile-v1-11823-pos-pt-dgpc-108405.png	weak_label_candidate_for_model_v1	512	512	downloaded	valid	512	512	P	246833	1		https://cartografia.dgterritorio.gov.pt/wms/ortos2021?SERVICE=WMS&VERSION=1.1.1&REQUEST=GetMap&LAYERS=Ortos2021-RGB&STYLES=&SRS=EPSG%3A4326&BBOX=-8.64030834%2C41.91335584%2C-8.63412749%2C41.91795519&WIDTH=512&HEIGHT=512&FORMAT=image%2Fpng&TRANSPARENT=false	2026-08-01T00:00:00Z
weak-chip-export-v1-00696	wl-tile-v1-11820	wl-pos-pos-pt-dgpc-108229	pos-pt-dgpc-108229	1	positive	train	PT	Cividade de Romarigães ou Coto de Ouro	-8.633979889185923	41.871554658233904	-8.63706818,41.86925498,-8.63089160,41.87385433	512	dgt_ortos2021_rgb	https://cartografia.dgterritorio.gov.pt/wms/ortos2021	Ortos2021-RGB	data/external/weak-label-chips-v1/train/positive/wl-tile-v1-11820-pos-pt-dgpc-108229.png	weak_label_candidate_for_model_v1	512	512	downloaded	valid	512	512	P	250711	1		https://cartografia.dgterritorio.gov.pt/wms/ortos2021?SERVICE=WMS&VERSION=1.1.1&REQUEST=GetMap&LAYERS=Ortos2021-RGB&STYLES=&SRS=EPSG%3A4326&BBOX=-8.63706818%2C41.86925498%2C-8.63089160%2C41.87385433&WIDTH=512&HEIGHT=512&FORMAT=image%2Fpng&TRANSPARENT=false	2026-08-01T00:00:00Z
weak-chip-export-v1-00697	wl-tile-v1-11807	wl-pos-pos-pt-dgpc-106725	pos-pt-dgpc-106725	1	positive	train	PT	Cividade de Terroso	-8.721573628334125	41.41286323725535	-8.72464002,41.41056356,-8.71850724,41.41516291	512	dgt_ortos2021_rgb	https://cartografia.dgterritorio.gov.pt/wms/ortos2021	Ortos2021-RGB	data/external/weak-label-chips-v1/train/positive/wl-tile-v1-11807-pos-pt-dgpc-106725.png	weak_label_candidate_for_model_v1	512	512	downloaded	valid	512	512	P	234272	1		https://cartografia.dgterritorio.gov.pt/wms/ortos2021?SERVICE=WMS&VERSION=1.1.1&REQUEST=GetMap&LAYERS=Ortos2021-RGB&STYLES=&SRS=EPSG%3A4326&BBOX=-8.72464002%2C41.41056356%2C-8.71850724%2C41.41516291&WIDTH=512&HEIGHT=512&FORMAT=image%2Fpng&TRANSPARENT=false	2026-08-01T00:00:00Z
weak-chip-export-v1-00698	wl-tile-v1-11862	wl-pos-pos-pt-dgpc-109345	pos-pt-dgpc-109345	1	positive	train	PT	Corda do Castro/Castro de Morgade	-7.759217304115936	41.750049692278054	-7.76229975,41.74775002,-7.75613486,41.75234937	512	dgt_ortos2021_rgb	https://cartografia.dgterritorio.gov.pt/wms/ortos2021	Ortos2021-RGB	data/external/weak-label-chips-v1/train/positive/wl-tile-v1-11862-pos-pt-dgpc-109345.png	weak_label_candidate_for_model_v1	512	512	downloaded	valid	512	512	P	249496	1		https://cartografia.dgterritorio.gov.pt/wms/ortos2021?SERVICE=WMS&VERSION=1.1.1&REQUEST=GetMap&LAYERS=Ortos2021-RGB&STYLES=&SRS=EPSG%3A4326&BBOX=-7.76229975%2C41.74775002%2C-7.75613486%2C41.75234937&WIDTH=512&HEIGHT=512&FORMAT=image%2Fpng&TRANSPARENT=false	2026-08-01T00:00:00Z
weak-chip-export-v1-00699	wl-tile-v1-11753	wl-pos-pos-pt-dgpc-108600	pos-pt-dgpc-108600	1	positive	train	PT	Fragas do Castro	-6.84493131877999	41.79637992370185	-6.84801599,41.79408025,-6.84184665,41.79867960	512	dgt_ortos2021_rgb	https://cartografia.dgterritorio.gov.pt/wms/ortos2021	Ortos2021-RGB	data/external/weak-label-chips-v1/train/positive/wl-tile-v1-11753-pos-pt-dgpc-108600.png	weak_label_candidate_for_model_v1	512	512	downloaded	valid	512	512	P	228353	1		https://cartografia.dgterritorio.gov.pt/wms/ortos2021?SERVICE=WMS&VERSION=1.1.1&REQUEST=GetMap&LAYERS=Ortos2021-RGB&STYLES=&SRS=EPSG%3A4326&BBOX=-6.84801599%2C41.79408025%2C-6.84184665%2C41.79867960&WIDTH=512&HEIGHT=512&FORMAT=image%2Fpng&TRANSPARENT=false	2026-08-01T00:00:00Z
weak-chip-export-v1-00700	wl-tile-v1-11761	wl-pos-pos-pt-dgpc-108651	pos-pt-dgpc-108651	1	positive	train	PT	Fragas do Castro	-6.544536506915878	41.80045240080339	-6.54762137,41.79815272,-6.54145164,41.80275208	512	dgt_ortos2021_rgb	https://cartografia.dgterritorio.gov.pt/wms/ortos2021	Ortos2021-RGB	data/external/weak-label-chips-v1/train/positive/wl-tile-v1-11761-pos-pt-dgpc-108651.png	weak_label_candidate_for_model_v1	512	512	downloaded	valid	512	512	P	248091	1		https://cartografia.dgterritorio.gov.pt/wms/ortos2021?SERVICE=WMS&VERSION=1.1.1&REQUEST=GetMap&LAYERS=Ortos2021-RGB&STYLES=&SRS=EPSG%3A4326&BBOX=-6.54762137%2C41.79815272%2C-6.54145164%2C41.80275208&WIDTH=512&HEIGHT=512&FORMAT=image%2Fpng&TRANSPARENT=false	2026-08-01T00:00:00Z
weak-chip-export-v1-00701	wl-tile-v1-11758	wl-pos-pos-pt-dgpc-108640	pos-pt-dgpc-108640	1	positive	train	PT	Inscrição de Castro de Avelãs	-6.8045752977511	41.79889147267567	-6.80766009,41.79659180,-6.80149051,41.80119115	512	dgt_ortos2021_rgb	https://cartografia.dgterritorio.gov.pt/wms/ortos2021	Ortos2021-RGB	data/external/weak-label-chips-v1/train/positive/wl-tile-v1-11758-pos-pt-dgpc-108640.png	weak_label_candidate_for_model_v1	512	512	downloaded	valid	512	512	P	238135	1		https://cartografia.dgterritorio.gov.pt/wms/ortos2021?SERVICE=WMS&VERSION=1.1.1&REQUEST=GetMap&LAYERS=Ortos2021-RGB&STYLES=&SRS=EPSG%3A4326&BBOX=-6.80766009%2C41.79659180%2C-6.80149051%2C41.80119115&WIDTH=512&HEIGHT=512&FORMAT=image%2Fpng&TRANSPARENT=false	2026-08-01T00:00:00Z
weak-chip-export-v1-00702	wl-tile-v1-11792	wl-pos-pos-pt-dgpc-104724	pos-pt-dgpc-104724	1	positive	train	PT	Lagar de Coura/ Castro de Coura	-8.114422488139512	41.2354236090176	-8.11748054,41.23312393,-8.11136444,41.23772329	512	dgt_ortos2021_rgb	https://cartografia.dgterritorio.gov.pt/wms/ortos2021	Ortos2021-RGB	data/external/weak-label-chips-v1/train/positive/wl-tile-v1-11792-pos-pt-dgpc-104724.png	weak_label_candidate_for_model_v1	512	512	downloaded	valid	512	512	P	218741	1		https://cartografia.dgterritorio.gov.pt/wms/ortos2021?SERVICE=WMS&VERSION=1.1.1&REQUEST=GetMap&LAYERS=Ortos2021-RGB&STYLES=&SRS=EPSG%3A4326&BBOX=-8.11748054%2C41.23312393%2C-8.11136444%2C41.23772329&WIDTH=512&HEIGHT=512&FORMAT=image%2Fpng&TRANSPARENT=false	2026-08-01T00:00:00Z
weak-chip-export-v1-00703	wl-tile-v1-11765	wl-pos-pos-pt-dgpc-108933	pos-pt-dgpc-108933	1	positive	train	PT	Lombeiro do Castro	-6.855973261848532	41.846199565787344	-6.85906033,41.84389989,-6.85288619,41.84849924	512	dgt_ortos2021_rgb	https://cartografia.dgterritorio.gov.pt/wms/ortos2021	Ortos2021-RGB	data/external/weak-label-chips-v1/train/positive/wl-tile-v1-11765-pos-pt-dgpc-108933.png	weak_label_candidate_for_model_v1	512	512	downloaded	valid	512	512	P	250010	1		https://cartografia.dgterritorio.gov.pt/wms/ortos2021?SERVICE=WMS&VERSION=1.1.1&REQUEST=GetMap&LAYERS=Ortos2021-RGB&STYLES=&SRS=EPSG%3A4326&BBOX=-6.85906033%2C41.84389989%2C-6.85288619%2C41.84849924&WIDTH=512&HEIGHT=512&FORMAT=image%2Fpng&TRANSPARENT=false	2026-08-01T00:00:00Z
weak-chip-export-v1-00704	wl-tile-v1-11805	wl-pos-pos-pt-dgpc-105030	pos-pt-dgpc-105030	1	positive	train	PT	Monte Castro	-8.71486677800134	41.264332663207384	-8.71792618,41.26203299,-8.71180737,41.26663234	512	dgt_ortos2021_rgb	https://cartografia.dgterritorio.gov.pt/wms/ortos2021	Ortos2021-RGB	data/external/weak-label-chips-v1/train/positive/wl-tile-v1-11805-pos-pt-dgpc-105030.png	weak_label_candidate_for_model_v1	512	512	downloaded	valid	512	512	P	235285	1		https://cartografia.dgterritorio.gov.pt/wms/ortos2021?SERVICE=WMS&VERSION=1.1.1&REQUEST=GetMap&LAYERS=Ortos2021-RGB&STYLES=&SRS=EPSG%3A4326&BBOX=-8.71792618%2C41.26203299%2C-8.71180737%2C41.26663234&WIDTH=512&HEIGHT=512&FORMAT=image%2Fpng&TRANSPARENT=false	2026-08-01T00:00:00Z
weak-chip-export-v1-00705	wl-tile-v1-11825	wl-pos-pos-pt-dgpc-108756	pos-pt-dgpc-108756	1	positive	train	PT	Monte Castro	-8.30885239553001	41.8207459700547	-8.31193824,41.81844629,-8.30576655,41.82304565	512	dgt_ortos2021_rgb	https://cartografia.dgterritorio.gov.pt/wms/ortos2021	Ortos2021-RGB	data/external/weak-label-chips-v1/train/positive/wl-tile-v1-11825-pos-pt-dgpc-108756.png	weak_label_candidate_for_model_v1	512	512	downloaded	valid	512	512	P	236046	1		https://cartografia.dgterritorio.gov.pt/wms/ortos2021?SERVICE=WMS&VERSION=1.1.1&REQUEST=GetMap&LAYERS=Ortos2021-RGB&STYLES=&SRS=EPSG%3A4326&BBOX=-8.31193824%2C41.81844629%2C-8.30576655%2C41.82304565&WIDTH=512&HEIGHT=512&FORMAT=image%2Fpng&TRANSPARENT=false	2026-08-01T00:00:00Z
weak-chip-export-v1-00706	wl-tile-v1-11720	wl-pos-pos-pt-dgpc-107359	pos-pt-dgpc-107359	1	positive	train	PT	Monte da Saia / Cidade da Citânia / Monte de Fralães	-8.584568482531363	41.456071110306645	-8.58763691,41.45377143,-8.58150005,41.45837079	512	dgt_ortos2021_rgb	https://cartografia.dgterritorio.gov.pt/wms/ortos2021	Ortos2021-RGB	data/external/weak-label-chips-v1/train/positive/wl-tile-v1-11720-pos-pt-dgpc-107359.png	weak_label_candidate_for_model_v1	512	512	downloaded	valid	512	512	P	253996	1		https://cartografia.dgterritorio.gov.pt/wms/ortos2021?SERVICE=WMS&VERSION=1.1.1&REQUEST=GetMap&LAYERS=Ortos2021-RGB&STYLES=&SRS=EPSG%3A4326&BBOX=-8.58763691%2C41.45377143%2C-8.58150005%2C41.45837079&WIDTH=512&HEIGHT=512&FORMAT=image%2Fpng&TRANSPARENT=false	2026-08-01T00:00:00Z
weak-chip-export-v1-00707	wl-tile-v1-11747	wl-pos-pos-pt-dgpc-110152	pos-pt-dgpc-110152	1	positive	train	PT	Monte de Santa Engrácia/ Castro Mau	-8.43787339234175	41.667508815405036	-8.44095188,41.66520914,-8.43479491,41.66980849	512	dgt_ortos2021_rgb	https://cartografia.dgterritorio.gov.pt/wms/ortos2021	Ortos2021-RGB	data/external/weak-label-chips-v1/train/positive/wl-tile-v1-11747-pos-pt-dgpc-110152.png	weak_label_candidate_for_model_v1	512	512	downloaded	valid	512	512	P	239430	1		https://cartografia.dgterritorio.gov.pt/wms/ortos2021?SERVICE=WMS&VERSION=1.1.1&REQUEST=GetMap&LAYERS=Ortos2021-RGB&STYLES=&SRS=EPSG%3A4326&BBOX=-8.44095188%2C41.66520914%2C-8.43479491%2C41.66980849&WIDTH=512&HEIGHT=512&FORMAT=image%2Fpng&TRANSPARENT=false	2026-08-01T00:00:00Z
weak-chip-export-v1-00708	wl-tile-v1-11858	wl-pos-pos-pt-dgpc-108847	pos-pt-dgpc-108847	1	positive	train	PT	Monte do Castro	-7.7801509284975685	41.83537654604238	-7.78323748,41.83307687,-7.77706438,41.83767622	512	dgt_ortos2021_rgb	https://cartografia.dgterritorio.gov.pt/wms/ortos2021	Ortos2021-RGB	data/external/weak-label-chips-v1/train/positive/wl-tile-v1-11858-pos-pt-dgpc-108847.png	weak_label_candidate_for_model_v1	512	512	downloaded	valid	512	512	P	225964	1		https://cartografia.dgterritorio.gov.pt/wms/ortos2021?SERVICE=WMS&VERSION=1.1.1&REQUEST=GetMap&LAYERS=Ortos2021-RGB&STYLES=&SRS=EPSG%3A4326&BBOX=-7.78323748%2C41.83307687%2C-7.77706438%2C41.83767622&WIDTH=512&HEIGHT=512&FORMAT=image%2Fpng&TRANSPARENT=false	2026-08-01T00:00:00Z
weak-chip-export-v1-00709	wl-tile-v1-11725	wl-pos-pos-pt-dgpc-112405	pos-pt-dgpc-112405	1	positive	train	PT	Monte do Castro de Courel	-8.649989923611173	41.46227826697415	-8.65305865,41.45997859,-8.64692120,41.46457794	512	dgt_ortos2021_rgb	https://cartografia.dgterritorio.gov.pt/wms/ortos2021	Ortos2021-RGB	data/external/weak-label-chips-v1/train/positive/wl-tile-v1-11725-pos-pt-dgpc-112405.png	weak_label_candidate_for_model_v1	512	512	downloaded	valid	512	512	P	259121	1		https://cartografia.dgterritorio.gov.pt/wms/ortos2021?SERVICE=WMS&VERSION=1.1.1&REQUEST=GetMap&LAYERS=Ortos2021-RGB&STYLES=&SRS=EPSG%3A4326&BBOX=-8.65305865%2C41.45997859%2C-8.64692120%2C41.46457794&WIDTH=512&HEIGHT=512&FORMAT=image%2Fpng&TRANSPARENT=false	2026-08-01T00:00:00Z
weak-chip-export-v1-00710	wl-tile-v1-11711	wl-pos-pos-pt-dgpc-109097	pos-pt-dgpc-109097	1	positive	train	PT	Monte do Castro/ Castro do Lago	-8.410682554136201	41.61087465916701	-8.41375834,41.60857498,-8.40760677,41.61317434	512	dgt_ortos2021_rgb	https://cartografia.dgterritorio.gov.pt/wms/ortos2021	Ortos2021-RGB	data/external/weak-label-chips-v1/train/positive/wl-tile-v1-11711-pos-pt-dgpc-109097.png	weak_label_candidate_for_model_v1	512	512	downloaded	valid	512	512	P	223499	1		https://cartografia.dgterritorio.gov.pt/wms/ortos2021?SERVICE=WMS&VERSION=1.1.1&REQUEST=GetMap&LAYERS=Ortos2021-RGB&STYLES=&SRS=EPSG%3A4326&BBOX=-8.41375834%2C41.60857498%2C-8.40760677%2C41.61317434&WIDTH=512&HEIGHT=512&FORMAT=image%2Fpng&TRANSPARENT=false	2026-08-01T00:00:00Z
weak-chip-export-v1-00711	wl-tile-v1-11819	wl-pos-pos-pt-dgpc-111220	pos-pt-dgpc-111220	1	positive	train	PT	Monte dos Castelos/Castro do Penso	-8.321844168852824	42.09400497282365	-8.32494327,42.09170530,-8.31874507,42.09630465	512	dgt_ortos2021_rgb	https://cartografia.dgterritorio.gov.pt/wms/ortos2021	Ortos2021-RGB	data/external/weak-label-chips-v1/train/positive/wl-tile-v1-11819-pos-pt-dgpc-111220.png	weak_label_candidate_for_model_v1	512	512	downloaded	valid	512	512	P	236250	1		https://cartografia.dgterritorio.gov.pt/wms/ortos2021?SERVICE=WMS&VERSION=1.1.1&REQUEST=GetMap&LAYERS=Ortos2021-RGB&STYLES=&SRS=EPSG%3A4326&BBOX=-8.32494327%2C42.09170530%2C-8.31874507%2C42.09630465&WIDTH=512&HEIGHT=512&FORMAT=image%2Fpng&TRANSPARENT=false	2026-08-01T00:00:00Z
weak-chip-export-v1-00712	wl-tile-v1-11756	wl-pos-pos-pt-dgpc-108634	pos-pt-dgpc-108634	1	positive	train	PT	Mosteiro de Castro de Avelãs	-6.804336582949994	41.79879868294752	-6.80742137,41.79649901,-6.80125180,41.80109836	512	dgt_ortos2021_rgb	https://cartografia.dgterritorio.gov.pt/wms/ortos2021	Ortos2021-RGB	data/external/weak-label-chips-v1/train/positive/wl-tile-v1-11756-pos-pt-dgpc-108634.png	weak_label_candidate_for_model_v1	512	512	downloaded	valid	512	512	P	237846	1		https://cartografia.dgterritorio.gov.pt/wms/ortos2021?SERVICE=WMS&VERSION=1.1.1&REQUEST=GetMap&LAYERS=Ortos2021-RGB&STYLES=&SRS=EPSG%3A4326&BBOX=-6.80742137%2C41.79649901%2C-6.80125180%2C41.80109836&WIDTH=512&HEIGHT=512&FORMAT=image%2Fpng&TRANSPARENT=false	2026-08-01T00:00:00Z
weak-chip-export-v1-00713	wl-tile-v1-11879	wl-pos-pos-pt-dgpc-107377	pos-pt-dgpc-107377	1	positive	train	PT	Murada/ Muragalho do Corisco/ Castro do Corisco	-7.621306227189292	41.40153109762451	-7.62437208,41.39923142,-7.61824037,41.40383077	512	dgt_ortos2021_rgb	https://cartografia.dgterritorio.gov.pt/wms/ortos2021	Ortos2021-RGB	data/external/weak-label-chips-v1/train/positive/wl-tile-v1-11879-pos-pt-dgpc-107377.png	weak_label_candidate_for_model_v1	512	512	downloaded	valid	512	512	P	251465	1		https://cartografia.dgterritorio.gov.pt/wms/ortos2021?SERVICE=WMS&VERSION=1.1.1&REQUEST=GetMap&LAYERS=Ortos2021-RGB&STYLES=&SRS=EPSG%3A4326&BBOX=-7.62437208%2C41.39923142%2C-7.61824037%2C41.40383077&WIDTH=512&HEIGHT=512&FORMAT=image%2Fpng&TRANSPARENT=false	2026-08-01T00:00:00Z
weak-chip-export-v1-00714	wl-tile-v1-11843	wl-pos-pos-pt-dgpc-109305	pos-pt-dgpc-109305	1	positive	train	PT	Muradal/Castro	-7.506520957670908	41.62389416220089	-7.50959736,41.62159449,-7.50344455,41.62619384	512	dgt_ortos2021_rgb	https://cartografia.dgterritorio.gov.pt/wms/ortos2021	Ortos2021-RGB	data/external/weak-label-chips-v1/train/positive/wl-tile-v1-11843-pos-pt-dgpc-109305.png	weak_label_candidate_for_model_v1	512	512	downloaded	valid	512	512	P	247310	1		https://cartografia.dgterritorio.gov.pt/wms/ortos2021?SERVICE=WMS&VERSION=1.1.1&REQUEST=GetMap&LAYERS=Ortos2021-RGB&STYLES=&SRS=EPSG%3A4326&BBOX=-7.50959736%2C41.62159449%2C-7.50344455%2C41.62619384&WIDTH=512&HEIGHT=512&FORMAT=image%2Fpng&TRANSPARENT=false	2026-08-01T00:00:00Z
weak-chip-export-v1-00715	wl-tile-v1-11847	wl-pos-pos-pt-dgpc-110177	pos-pt-dgpc-110177	1	positive	train	PT	Muro/Castro da Pastoria	-7.563368879321107	41.736191846986415	-7.56645066,41.73389217,-7.56028710,41.73849152	512	dgt_ortos2021_rgb	https://cartografia.dgterritorio.gov.pt/wms/ortos2021	Ortos2021-RGB	data/external/weak-label-chips-v1/train/positive/wl-tile-v1-11847-pos-pt-dgpc-110177.png	weak_label_candidate_for_model_v1	512	512	downloaded	valid	512	512	P	258050	1		https://cartografia.dgterritorio.gov.pt/wms/ortos2021?SERVICE=WMS&VERSION=1.1.1&REQUEST=GetMap&LAYERS=Ortos2021-RGB&STYLES=&SRS=EPSG%3A4326&BBOX=-7.56645066%2C41.73389217%2C-7.56028710%2C41.73849152&WIDTH=512&HEIGHT=512&FORMAT=image%2Fpng&TRANSPARENT=false	2026-08-01T00:00:00Z
weak-chip-export-v1-00716	wl-tile-v1-11712	wl-pos-pos-pt-dgpc-109135	pos-pt-dgpc-109135	1	positive	train	PT	Outeiro da Vila/ Castro de Seramil	-8.314361657443198	41.67527241994533	-8.31744052,41.67297274,-8.31128280,41.67757210	512	dgt_ortos2021_rgb	https://cartografia.dgterritorio.gov.pt/wms/ortos2021	Ortos2021-RGB	data/external/weak-label-chips-v1/train/positive/wl-tile-v1-11712-pos-pt-dgpc-109135.png	weak_label_candidate_for_model_v1	512	512	downloaded	valid	512	512	P	240563	1		https://cartografia.dgterritorio.gov.pt/wms/ortos2021?SERVICE=WMS&VERSION=1.1.1&REQUEST=GetMap&LAYERS=Ortos2021-RGB&STYLES=&SRS=EPSG%3A4326&BBOX=-8.31744052%2C41.67297274%2C-8.31128280%2C41.67757210&WIDTH=512&HEIGHT=512&FORMAT=image%2Fpng&TRANSPARENT=false	2026-08-01T00:00:00Z
weak-chip-export-v1-00717	wl-tile-v1-11774	wl-pos-pos-pt-dgpc-109855	pos-pt-dgpc-109855	1	positive	train	PT	Picoto/Castro de Carrazedo	-6.918674628285275	41.7776462142846	-6.92175840,41.77534654,-6.91559086,41.77994589	512	dgt_ortos2021_rgb	https://cartografia.dgterritorio.gov.pt/wms/ortos2021	Ortos2021-RGB	data/external/weak-label-chips-v1/train/positive/wl-tile-v1-11774-pos-pt-dgpc-109855.png	weak_label_candidate_for_model_v1	512	512	downloaded	valid	512	512	P	259215	1		https://cartografia.dgterritorio.gov.pt/wms/ortos2021?SERVICE=WMS&VERSION=1.1.1&REQUEST=GetMap&LAYERS=Ortos2021-RGB&STYLES=&SRS=EPSG%3A4326&BBOX=-6.92175840%2C41.77534654%2C-6.91559086%2C41.77994589&WIDTH=512&HEIGHT=512&FORMAT=image%2Fpng&TRANSPARENT=false	2026-08-01T00:00:00Z
weak-chip-export-v1-00718	wl-tile-v1-11822	wl-pos-pos-pt-dgpc-108381	pos-pt-dgpc-108381	1	positive	train	PT	Ponte Nova do Castro	-8.626052514940366	41.905800703169184	-8.62914247,41.90350103,-8.62296256,41.90810038	512	dgt_ortos2021_rgb	https://cartografia.dgterritorio.gov.pt/wms/ortos2021	Ortos2021-RGB	data/external/weak-label-chips-v1/train/positive/wl-tile-v1-11822-pos-pt-dgpc-108381.png	weak_label_candidate_for_model_v1	512	512	downloaded	valid	512	512	P	238266	1		https://cartografia.dgterritorio.gov.pt/wms/ortos2021?SERVICE=WMS&VERSION=1.1.1&REQUEST=GetMap&LAYERS=Ortos2021-RGB&STYLES=&SRS=EPSG%3A4326&BBOX=-8.62914247%2C41.90350103%2C-8.62296256%2C41.90810038&WIDTH=512&HEIGHT=512&FORMAT=image%2Fpng&TRANSPARENT=false	2026-08-01T00:00:00Z
weak-chip-export-v1-00719	wl-tile-v1-11846	wl-pos-pos-pt-dgpc-109861	pos-pt-dgpc-109861	1	positive	train	PT	Santa Bárbara / Alto do Castro	-7.5232928885835575	41.65225509635499	-7.52637065,41.64995542,-7.52021513,41.65455477	512	dgt_ortos2021_rgb	https://cartografia.dgterritorio.gov.pt/wms/ortos2021	Ortos2021-RGB	data/external/weak-label-chips-v1/train/positive/wl-tile-v1-11846-pos-pt-dgpc-109861.png	weak_label_candidate_for_model_v1	512	512	downloaded	valid	512	512	P	243290	1		https://cartografia.dgterritorio.gov.pt/wms/ortos2021?SERVICE=WMS&VERSION=1.1.1&REQUEST=GetMap&LAYERS=Ortos2021-RGB&STYLES=&SRS=EPSG%3A4326&BBOX=-7.52637065%2C41.64995542%2C-7.52021513%2C41.65455477&WIDTH=512&HEIGHT=512&FORMAT=image%2Fpng&TRANSPARENT=false	2026-08-01T00:00:00Z
weak-chip-export-v1-00720	wl-tile-v1-11870	wl-pos-pos-pt-dgpc-109884	pos-pt-dgpc-109884	1	positive	train	PT	Sapeão Antigo/ Castro de Antigo de Sarraquinhos	-7.66209501212198	41.77837761790163	-7.66517882,41.77607794,-7.65901121,41.78067729	512	dgt_ortos2021_rgb	https://cartografia.dgterritorio.gov.pt/wms/ortos2021	Ortos2021-RGB	data/external/weak-label-chips-v1/train/positive/wl-tile-v1-11870-pos-pt-dgpc-109884.png	weak_label_candidate_for_model_v1	512	512	downloaded	valid	512	512	P	238200	1		https://cartografia.dgterritorio.gov.pt/wms/ortos2021?SERVICE=WMS&VERSION=1.1.1&REQUEST=GetMap&LAYERS=Ortos2021-RGB&STYLES=&SRS=EPSG%3A4326&BBOX=-7.66517882%2C41.77607794%2C-7.65901121%2C41.78067729&WIDTH=512&HEIGHT=512&FORMAT=image%2Fpng&TRANSPARENT=false	2026-08-01T00:00:00Z
weak-chip-export-v1-00721	wl-tile-v1-11754	wl-pos-pos-pt-dgpc-108602	pos-pt-dgpc-108602	1	positive	train	PT	Torre Velha de Castro de Avelãs	-6.8060670025937124	41.796567931916904	-6.80915168,41.79426826,-6.80298232,41.79886761	512	dgt_ortos2021_rgb	https://cartografia.dgterritorio.gov.pt/wms/ortos2021	Ortos2021-RGB	data/external/weak-label-chips-v1/train/positive/wl-tile-v1-11754-pos-pt-dgpc-108602.png	weak_label_candidate_for_model_v1	512	512	downloaded	valid	512	512	P	240157	1		https://cartografia.dgterritorio.gov.pt/wms/ortos2021?SERVICE=WMS&VERSION=1.1.1&REQUEST=GetMap&LAYERS=Ortos2021-RGB&STYLES=&SRS=EPSG%3A4326&BBOX=-6.80915168%2C41.79426826%2C-6.80298232%2C41.79886761&WIDTH=512&HEIGHT=512&FORMAT=image%2Fpng&TRANSPARENT=false	2026-08-01T00:00:00Z
weak-chip-export-v1-00722	wl-tile-v1-11751	wl-pos-pos-pt-dgpc-108425	pos-pt-dgpc-108425	1	positive	train	PT	Torre do Castro	-6.802577253471116	41.92445867815152	-6.80566811,41.92215900,-6.79948640,41.92675835	512	dgt_ortos2021_rgb	https://cartografia.dgterritorio.gov.pt/wms/ortos2021	Ortos2021-RGB	data/external/weak-label-chips-v1/train/positive/wl-tile-v1-11751-pos-pt-dgpc-108425.png	weak_label_candidate_for_model_v1	512	512	downloaded	valid	512	512	P	246644	1		https://cartografia.dgterritorio.gov.pt/wms/ortos2021?SERVICE=WMS&VERSION=1.1.1&REQUEST=GetMap&LAYERS=Ortos2021-RGB&STYLES=&SRS=EPSG%3A4326&BBOX=-6.80566811%2C41.92215900%2C-6.79948640%2C41.92675835&WIDTH=512&HEIGHT=512&FORMAT=image%2Fpng&TRANSPARENT=false	2026-08-01T00:00:00Z
weak-chip-export-v1-00723	wl-tile-v1-11713	wl-pos-pos-pt-dgpc-109331	pos-pt-dgpc-109331	1	positive	train	PT	Torre do Castro/ Castelo do Castro/ Castro da Torre/ Solar do Castro/ Torre dos Machados	-8.385068947301427	41.626685091198716	-8.38814548,41.62438541,-8.38199241,41.62898477	512	dgt_ortos2021_rgb	https://cartografia.dgterritorio.gov.pt/wms/ortos2021	Ortos2021-RGB	data/external/weak-label-chips-v1/train/positive/wl-tile-v1-11713-pos-pt-dgpc-109331.png	weak_label_candidate_for_model_v1	512	512	downloaded	valid	512	512	P	231199	1		https://cartografia.dgterritorio.gov.pt/wms/ortos2021?SERVICE=WMS&VERSION=1.1.1&REQUEST=GetMap&LAYERS=Ortos2021-RGB&STYLES=&SRS=EPSG%3A4326&BBOX=-8.38814548%2C41.62438541%2C-8.38199241%2C41.62898477&WIDTH=512&HEIGHT=512&FORMAT=image%2Fpng&TRANSPARENT=false	2026-08-01T00:00:00Z
weak-chip-export-v1-00724	wl-tile-v1-11813	wl-pos-pos-pt-dgpc-112561	pos-pt-dgpc-112561	1	positive	train	PT	Vila do Conde - Convento de Santa Clara / Castro de São João	-8.738310695524842	41.35223910790947	-8.74137423,41.34993943,-8.73524716,41.35453878	512	dgt_ortos2021_rgb	https://cartografia.dgterritorio.gov.pt/wms/ortos2021	Ortos2021-RGB	data/external/weak-label-chips-v1/train/positive/wl-tile-v1-11813-pos-pt-dgpc-112561.png	weak_label_candidate_for_model_v1	512	512	downloaded	valid	512	512	P	209417	1		https://cartografia.dgterritorio.gov.pt/wms/ortos2021?SERVICE=WMS&VERSION=1.1.1&REQUEST=GetMap&LAYERS=Ortos2021-RGB&STYLES=&SRS=EPSG%3A4326&BBOX=-8.74137423%2C41.34993943%2C-8.73524716%2C41.35453878&WIDTH=512&HEIGHT=512&FORMAT=image%2Fpng&TRANSPARENT=false	2026-08-01T00:00:00Z
weak-chip-export-v1-00725	wl-tile-v1-10378	wl-pos-pos-es-pba-20474	pos-es-pba-20474	1	positive	train	ES	A Ameixeira/Castro de Caselas/O Terreo	-8.82026876513195	43.04744561949523	-8.82341561,43.04514594,-8.81712192,43.04974530	512	ign_pnoa_rgb	https://www.ign.es/wms-inspire/pnoa-ma	OI.OrthoimageCoverage	data/external/weak-label-chips-v1/train/positive/wl-tile-v1-10378-pos-es-pba-20474.png	weak_label_candidate_for_model_v1	512	512	exists	valid	512	512	RGB	638260	0		https://www.ign.es/wms-inspire/pnoa-ma?SERVICE=WMS&VERSION=1.1.1&REQUEST=GetMap&LAYERS=OI.OrthoimageCoverage&STYLES=&SRS=EPSG%3A4326&BBOX=-8.82341561%2C43.04514594%2C-8.81712192%2C43.04974530&WIDTH=512&HEIGHT=512&FORMAT=image%2Fpng&TRANSPARENT=false	2026-08-01T00:00:00Z
weak-chip-export-v1-00726	wl-tile-v1-11164	wl-pos-pos-es-pba-57575	pos-es-pba-57575	1	positive	train	ES	A Canda/Castro da Canda	-6.965326362067982	42.2376863212507	-6.96843251,42.23538664,-6.96222021,42.23998600	512	ign_pnoa_rgb	https://www.ign.es/wms-inspire/pnoa-ma	OI.OrthoimageCoverage	data/external/weak-label-chips-v1/train/positive/wl-tile-v1-11164-pos-es-pba-57575.png	weak_label_candidate_for_model_v1	512	512	downloaded	valid	512	512	RGB	667710	1		https://www.ign.es/wms-inspire/pnoa-ma?SERVICE=WMS&VERSION=1.1.1&REQUEST=GetMap&LAYERS=OI.OrthoimageCoverage&STYLES=&SRS=EPSG%3A4326&BBOX=-6.96843251%2C42.23538664%2C-6.96222021%2C42.23998600&WIDTH=512&HEIGHT=512&FORMAT=image%2Fpng&TRANSPARENT=false	2026-08-01T00:00:00Z
weak-chip-export-v1-00727	wl-tile-v1-10719	wl-pos-pos-es-pba-31040	pos-es-pba-31040	1	positive	train	ES	A Castronela	-7.725225804126314	42.999391557795846	-7.72837018,42.99709188,-7.72208142,43.00169123	512	ign_pnoa_rgb	https://www.ign.es/wms-inspire/pnoa-ma	OI.OrthoimageCoverage	data/external/weak-label-chips-v1/train/positive/wl-tile-v1-10719-pos-es-pba-31040.png	weak_label_candidate_for_model_v1	512	512	downloaded	valid	512	512	RGB	647663	1		https://www.ign.es/wms-inspire/pnoa-ma?SERVICE=WMS&VERSION=1.1.1&REQUEST=GetMap&LAYERS=OI.OrthoimageCoverage&STYLES=&SRS=EPSG%3A4326&BBOX=-7.72837018%2C42.99709188%2C-7.72208142%2C43.00169123&WIDTH=512&HEIGHT=512&FORMAT=image%2Fpng&TRANSPARENT=false	2026-08-01T00:00:00Z
weak-chip-export-v1-00728	wl-tile-v1-10720	wl-pos-pos-es-pba-31041	pos-es-pba-31041	1	positive	train	ES	A Castronela/O Castro	-7.752832761260975	43.07659562295107	-7.75598110,43.07429595,-7.74968442,43.07889530	512	ign_pnoa_rgb	https://www.ign.es/wms-inspire/pnoa-ma	OI.OrthoimageCoverage	data/external/weak-label-chips-v1/train/positive/wl-tile-v1-10720-pos-es-pba-31041.png	weak_label_candidate_for_model_v1	512	512	downloaded	valid	512	512	RGB	646843	1		https://www.ign.es/wms-inspire/pnoa-ma?SERVICE=WMS&VERSION=1.1.1&REQUEST=GetMap&LAYERS=OI.OrthoimageCoverage&STYLES=&SRS=EPSG%3A4326&BBOX=-7.75598110%2C43.07429595%2C-7.74968442%2C43.07889530&WIDTH=512&HEIGHT=512&FORMAT=image%2Fpng&TRANSPARENT=false	2026-08-01T00:00:00Z
weak-chip-export-v1-00729	wl-tile-v1-10814	wl-pos-pos-es-pba-35202	pos-es-pba-35202	1	positive	train	ES	A Castronera/O Castelo/As Lagoas/A Castronera	-7.833766375432126	42.83328413211846	-7.83690229,42.83098446,-7.83063046,42.83558381	512	ign_pnoa_rgb	https://www.ign.es/wms-inspire/pnoa-ma	OI.OrthoimageCoverage	data/external/weak-label-chips-v1/train/positive/wl-tile-v1-10814-pos-es-pba-35202.png	weak_label_candidate_for_model_v1	512	512	downloaded	valid	512	512	RGB	655972	1		https://www.ign.es/wms-inspire/pnoa-ma?SERVICE=WMS&VERSION=1.1.1&REQUEST=GetMap&LAYERS=OI.OrthoimageCoverage&STYLES=&SRS=EPSG%3A4326&BBOX=-7.83690229%2C42.83098446%2C-7.83063046%2C42.83558381&WIDTH=512&HEIGHT=512&FORMAT=image%2Fpng&TRANSPARENT=false	2026-08-01T00:00:00Z
weak-chip-export-v1-00730	wl-tile-v1-11243	wl-pos-pos-es-pba-51629	pos-es-pba-51629	1	positive	train	ES	A Cidadella/Castro da Cidadella	-7.543695432368373	42.097334264613295	-7.54679470,42.09503459,-7.54059617,42.09963394	512	ign_pnoa_rgb	https://www.ign.es/wms-inspire/pnoa-ma	OI.OrthoimageCoverage	data/external/weak-label-chips-v1/train/positive/wl-tile-v1-11243-pos-es-pba-51629.png	weak_label_candidate_for_model_v1	512	512	downloaded	valid	512	512	RGB	639638	1		https://www.ign.es/wms-inspire/pnoa-ma?SERVICE=WMS&VERSION=1.1.1&REQUEST=GetMap&LAYERS=OI.OrthoimageCoverage&STYLES=&SRS=EPSG%3A4326&BBOX=-7.54679470%2C42.09503459%2C-7.54059617%2C42.09963394&WIDTH=512&HEIGHT=512&FORMAT=image%2Fpng&TRANSPARENT=false	2026-08-01T00:00:00Z
weak-chip-export-v1-00731	wl-tile-v1-11307	wl-pos-pos-es-pba-56891	pos-es-pba-56891	1	positive	train	ES	A Cogola/A Ciuda	-6.903769227340581	42.48751545037579	-6.90688775,42.48521577,-6.90065070,42.48981513	512	ign_pnoa_rgb	https://www.ign.es/wms-inspire/pnoa-ma	OI.OrthoimageCoverage	data/external/weak-label-chips-v1/train/positive/wl-tile-v1-11307-pos-es-pba-56891.png	weak_label_candidate_for_model_v1	512	512	downloaded	valid	512	512	RGB	706994	1		https://www.ign.es/wms-inspire/pnoa-ma?SERVICE=WMS&VERSION=1.1.1&REQUEST=GetMap&LAYERS=OI.OrthoimageCoverage&STYLES=&SRS=EPSG%3A4326&BBOX=-6.90688775%2C42.48521577%2C-6.90065070%2C42.48981513&WIDTH=512&HEIGHT=512&FORMAT=image%2Fpng&TRANSPARENT=false	2026-08-01T00:00:00Z
weak-chip-export-v1-00732	wl-tile-v1-11131	wl-pos-pos-es-pba-50548	pos-es-pba-50548	1	positive	train	ES	A Corbiza	-7.089206796172843	42.0135825665802	-7.09230198,42.01128289,-7.08611162,42.01588224	512	ign_pnoa_rgb	https://www.ign.es/wms-inspire/pnoa-ma	OI.OrthoimageCoverage	data/external/weak-label-chips-v1/train/positive/wl-tile-v1-11131-pos-es-pba-50548.png	weak_label_candidate_for_model_v1	512	512	downloaded	valid	512	512	RGB	663056	1		https://www.ign.es/wms-inspire/pnoa-ma?SERVICE=WMS&VERSION=1.1.1&REQUEST=GetMap&LAYERS=OI.OrthoimageCoverage&STYLES=&SRS=EPSG%3A4326&BBOX=-7.09230198%2C42.01128289%2C-7.08611162%2C42.01588224&WIDTH=512&HEIGHT=512&FORMAT=image%2Fpng&TRANSPARENT=false	2026-08-01T00:00:00Z
weak-chip-export-v1-00733	wl-tile-v1-11244	wl-pos-pos-es-pba-51630	pos-es-pba-51630	1	positive	train	ES	A Coroa/O Castro	-7.515751244215736	42.081530062577514	-7.51884974,42.07923039,-7.51265275,42.08382974	512	ign_pnoa_rgb	https://www.ign.es/wms-inspire/pnoa-ma	OI.OrthoimageCoverage	data/external/weak-label-chips-v1/train/positive/wl-tile-v1-11244-pos-es-pba-51630.png	weak_label_candidate_for_model_v1	512	512	downloaded	valid	512	512	RGB	633713	1		https://www.ign.es/wms-inspire/pnoa-ma?SERVICE=WMS&VERSION=1.1.1&REQUEST=GetMap&LAYERS=OI.OrthoimageCoverage&STYLES=&SRS=EPSG%3A4326&BBOX=-7.51884974%2C42.07923039%2C-7.51265275%2C42.08382974&WIDTH=512&HEIGHT=512&FORMAT=image%2Fpng&TRANSPARENT=false	2026-08-01T00:00:00Z
weak-chip-export-v1-00734	wl-tile-v1-10206	wl-pos-pos-es-pba-13980	pos-es-pba-13980	1	positive	train	ES	A Croa	-9.255093423815826	43.02003606258726	-9.25823886,43.01773639,-9.25194799,43.02233574	512	ign_pnoa_rgb	https://www.ign.es/wms-inspire/pnoa-ma	OI.OrthoimageCoverage	data/external/weak-label-chips-v1/train/positive/wl-tile-v1-10206-pos-es-pba-13980.png	weak_label_candidate_for_model_v1	512	512	downloaded	valid	512	512	RGB	662493	1		https://www.ign.es/wms-inspire/pnoa-ma?SERVICE=WMS&VERSION=1.1.1&REQUEST=GetMap&LAYERS=OI.OrthoimageCoverage&STYLES=&SRS=EPSG%3A4326&BBOX=-9.25823886%2C43.01773639%2C-9.25194799%2C43.02233574&WIDTH=512&HEIGHT=512&FORMAT=image%2Fpng&TRANSPARENT=false	2026-08-01T00:00:00Z
weak-chip-export-v1-00735	wl-tile-v1-10270	wl-pos-pos-es-pba-15531	pos-es-pba-15531	1	positive	train	ES	A Croa	-7.815167355686259	43.707168751653484	-7.81834862,43.70486908,-7.81198609,43.70946843	512	ign_pnoa_rgb	https://www.ign.es/wms-inspire/pnoa-ma	OI.OrthoimageCoverage	data/external/weak-label-chips-v1/train/positive/wl-tile-v1-10270-pos-es-pba-15531.png	weak_label_candidate_for_model_v1	512	512	downloaded	valid	512	512	RGB	669072	1		https://www.ign.es/wms-inspire/pnoa-ma?SERVICE=WMS&VERSION=1.1.1&REQUEST=GetMap&LAYERS=OI.OrthoimageCoverage&STYLES=&SRS=EPSG%3A4326&BBOX=-7.81834862%2C43.70486908%2C-7.81198609%2C43.70946843&WIDTH=512&HEIGHT=512&FORMAT=image%2Fpng&TRANSPARENT=false	2026-08-01T00:00:00Z
weak-chip-export-v1-00736	wl-tile-v1-10581	wl-pos-pos-es-pba-42578	pos-es-pba-42578	1	positive	train	ES	A Croa	-7.315716414748222	42.86601476588676	-7.31885399,42.86371509,-7.31257884,42.86831444	512	ign_pnoa_rgb	https://www.ign.es/wms-inspire/pnoa-ma	OI.OrthoimageCoverage	data/external/weak-label-chips-v1/train/positive/wl-tile-v1-10581-pos-es-pba-42578.png	weak_label_candidate_for_model_v1	512	512	downloaded	valid	512	512	RGB	678581	1		https://www.ign.es/wms-inspire/pnoa-ma?SERVICE=WMS&VERSION=1.1.1&REQUEST=GetMap&LAYERS=OI.OrthoimageCoverage&STYLES=&SRS=EPSG%3A4326&BBOX=-7.31885399%2C42.86371509%2C-7.31257884%2C42.86831444&WIDTH=512&HEIGHT=512&FORMAT=image%2Fpng&TRANSPARENT=false	2026-08-01T00:00:00Z
weak-chip-export-v1-00737	wl-tile-v1-10664	wl-pos-pos-es-pba-27967	pos-es-pba-27967	1	positive	train	ES	A Croa	-7.34975997129081	43.046803726224795	-7.35290678,43.04450405,-7.34661316,43.04910340	512	ign_pnoa_rgb	https://www.ign.es/wms-inspire/pnoa-ma	OI.OrthoimageCoverage	data/external/weak-label-chips-v1/train/positive/wl-tile-v1-10664-pos-es-pba-27967.png	weak_label_candidate_for_model_v1	512	512	downloaded	valid	512	512	RGB	668187	1		https://www.ign.es/wms-inspire/pnoa-ma?SERVICE=WMS&VERSION=1.1.1&REQUEST=GetMap&LAYERS=OI.OrthoimageCoverage&STYLES=&SRS=EPSG%3A4326&BBOX=-7.35290678%2C43.04450405%2C-7.34661316%2C43.04910340&WIDTH=512&HEIGHT=512&FORMAT=image%2Fpng&TRANSPARENT=false	2026-08-01T00:00:00Z
weak-chip-export-v1-00738	wl-tile-v1-10755	wl-pos-pos-es-pba-31342	pos-es-pba-31342	1	positive	train	ES	A Croa	-7.362189347158623	42.86608607962049	-7.36532693,42.86378640,-7.35905177,42.86838576	512	ign_pnoa_rgb	https://www.ign.es/wms-inspire/pnoa-ma	OI.OrthoimageCoverage	data/external/weak-label-chips-v1/train/positive/wl-tile-v1-10755-pos-es-pba-31342.png	weak_label_candidate_for_model_v1	512	512	downloaded	valid	512	512	RGB	676281	1		https://www.ign.es/wms-inspire/pnoa-ma?SERVICE=WMS&VERSION=1.1.1&REQUEST=GetMap&LAYERS=OI.OrthoimageCoverage&STYLES=&SRS=EPSG%3A4326&BBOX=-7.36532693%2C42.86378640%2C-7.35905177%2C42.86838576&WIDTH=512&HEIGHT=512&FORMAT=image%2Fpng&TRANSPARENT=false	2026-08-01T00:00:00Z
weak-chip-export-v1-00739	wl-tile-v1-10756	wl-pos-pos-es-pba-31370	pos-es-pba-31370	1	positive	train	ES	A Croa	-7.355804492380598	42.85604965315255	-7.35894156,42.85374998,-7.35266742,42.85834933	512	ign_pnoa_rgb	https://www.ign.es/wms-inspire/pnoa-ma	OI.OrthoimageCoverage	data/external/weak-label-chips-v1/train/positive/wl-tile-v1-10756-pos-es-pba-31370.png	weak_label_candidate_for_model_v1	512	512	downloaded	valid	512	512	RGB	500975	1		https://www.ign.es/wms-inspire/pnoa-ma?SERVICE=WMS&VERSION=1.1.1&REQUEST=GetMap&LAYERS=OI.OrthoimageCoverage&STYLES=&SRS=EPSG%3A4326&BBOX=-7.35894156%2C42.85374998%2C-7.35266742%2C42.85834933&WIDTH=512&HEIGHT=512&FORMAT=image%2Fpng&TRANSPARENT=false	2026-08-01T00:00:00Z
weak-chip-export-v1-00740	wl-tile-v1-11347	wl-pos-pos-es-pba-60421	pos-es-pba-60421	1	positive	train	ES	A Croa	-7.211913899819976	42.138883796810866	-7.21501520,42.13658412,-7.20881260,42.14118347	512	ign_pnoa_rgb	https://www.ign.es/wms-inspire/pnoa-ma	OI.OrthoimageCoverage	data/external/weak-label-chips-v1/train/positive/wl-tile-v1-11347-pos-es-pba-60421.png	weak_label_candidate_for_model_v1	512	512	downloaded	valid	512	512	RGB	671408	1		https://www.ign.es/wms-inspire/pnoa-ma?SERVICE=WMS&VERSION=1.1.1&REQUEST=GetMap&LAYERS=OI.OrthoimageCoverage&STYLES=&SRS=EPSG%3A4326&BBOX=-7.21501520%2C42.13658412%2C-7.20881260%2C42.14118347&WIDTH=512&HEIGHT=512&FORMAT=image%2Fpng&TRANSPARENT=false	2026-08-01T00:00:00Z
weak-chip-export-v1-00741	wl-tile-v1-10380	wl-pos-pos-es-pba-20110	pos-es-pba-20110	1	positive	train	ES	A Croa das Paradelas	-8.47439359056026	42.9723681404488	-8.47753659,42.97006846,-8.47125059,42.97466782	512	ign_pnoa_rgb	https://www.ign.es/wms-inspire/pnoa-ma	OI.OrthoimageCoverage	data/external/weak-label-chips-v1/train/positive/wl-tile-v1-10380-pos-es-pba-20110.png	weak_label_candidate_for_model_v1	512	512	downloaded	valid	512	512	RGB	656050	1		https://www.ign.es/wms-inspire/pnoa-ma?SERVICE=WMS&VERSION=1.1.1&REQUEST=GetMap&LAYERS=OI.OrthoimageCoverage&STYLES=&SRS=EPSG%3A4326&BBOX=-8.47753659%2C42.97006846%2C-8.47125059%2C42.97466782&WIDTH=512&HEIGHT=512&FORMAT=image%2Fpng&TRANSPARENT=false	2026-08-01T00:00:00Z
weak-chip-export-v1-00742	wl-tile-v1-11578	wl-pos-pos-es-pba-76906	pos-es-pba-76906	1	positive	train	ES	A Croa de Barxiela	-8.51909762373536	42.206105105893876	-8.52220222,42.20380543,-8.51599303,42.20840478	512	ign_pnoa_rgb	https://www.ign.es/wms-inspire/pnoa-ma	OI.OrthoimageCoverage	data/external/weak-label-chips-v1/train/positive/wl-tile-v1-11578-pos-es-pba-76906.png	weak_label_candidate_for_model_v1	512	512	downloaded	valid	512	512	RGB	623153	1		https://www.ign.es/wms-inspire/pnoa-ma?SERVICE=WMS&VERSION=1.1.1&REQUEST=GetMap&LAYERS=OI.OrthoimageCoverage&STYLES=&SRS=EPSG%3A4326&BBOX=-8.52220222%2C42.20380543%2C-8.51599303%2C42.20840478&WIDTH=512&HEIGHT=512&FORMAT=image%2Fpng&TRANSPARENT=false	2026-08-01T00:00:00Z
weak-chip-export-v1-00743	wl-tile-v1-11043	wl-pos-pos-es-pba-41086	pos-es-pba-41086	1	positive	train	ES	A Croa de Castrillos	-7.7005616281060325	42.69710190737245	-7.70369066,42.69480223,-7.69743260,42.69940158	512	ign_pnoa_rgb	https://www.ign.es/wms-inspire/pnoa-ma	OI.OrthoimageCoverage	data/external/weak-label-chips-v1/train/positive/wl-tile-v1-11043-pos-es-pba-41086.png	weak_label_candidate_for_model_v1	512	512	downloaded	valid	512	512	RGB	677576	1		https://www.ign.es/wms-inspire/pnoa-ma?SERVICE=WMS&VERSION=1.1.1&REQUEST=GetMap&LAYERS=OI.OrthoimageCoverage&STYLES=&SRS=EPSG%3A4326&BBOX=-7.70369066%2C42.69480223%2C-7.69743260%2C42.69940158&WIDTH=512&HEIGHT=512&FORMAT=image%2Fpng&TRANSPARENT=false	2026-08-01T00:00:00Z
weak-chip-export-v1-00744	wl-tile-v1-11673	wl-pos-pos-es-pba-74606	pos-es-pba-74606	1	positive	train	ES	A Croa de Castromouzo	-8.330028604246245	42.78447355249282	-8.33316205,42.78217388,-8.32689516,42.78677323	512	ign_pnoa_rgb	https://www.ign.es/wms-inspire/pnoa-ma	OI.OrthoimageCoverage	data/external/weak-label-chips-v1/train/positive/wl-tile-v1-11673-pos-es-pba-74606.png	weak_label_candidate_for_model_v1	512	512	downloaded	valid	512	512	RGB	663924	1		https://www.ign.es/wms-inspire/pnoa-ma?SERVICE=WMS&VERSION=1.1.1&REQUEST=GetMap&LAYERS=OI.OrthoimageCoverage&STYLES=&SRS=EPSG%3A4326&BBOX=-8.33316205%2C42.78217388%2C-8.32689516%2C42.78677323&WIDTH=512&HEIGHT=512&FORMAT=image%2Fpng&TRANSPARENT=false	2026-08-01T00:00:00Z
weak-chip-export-v1-00745	wl-tile-v1-10665	wl-pos-pos-es-pba-27968	pos-es-pba-27968	1	positive	train	ES	A Croa de Mouriz	-7.382878089318148	43.05036910374329	-7.38602508,43.04806943,-7.37973110,43.05266878	512	ign_pnoa_rgb	https://www.ign.es/wms-inspire/pnoa-ma	OI.OrthoimageCoverage	data/external/weak-label-chips-v1/train/positive/wl-tile-v1-10665-pos-es-pba-27968.png	weak_label_candidate_for_model_v1	512	512	downloaded	valid	512	512	RGB	628474	1		https://www.ign.es/wms-inspire/pnoa-ma?SERVICE=WMS&VERSION=1.1.1&REQUEST=GetMap&LAYERS=OI.OrthoimageCoverage&STYLES=&SRS=EPSG%3A4326&BBOX=-7.38602508%2C43.04806943%2C-7.37973110%2C43.05266878&WIDTH=512&HEIGHT=512&FORMAT=image%2Fpng&TRANSPARENT=false	2026-08-01T00:00:00Z
weak-chip-export-v1-00746	wl-tile-v1-11063	wl-pos-pos-es-pba-43239	pos-es-pba-43239	1	positive	train	ES	A Croa de Muruxás	-7.645637892275142	43.34399619520986	-7.64880006,43.34169652,-7.64247572,43.34629587	512	ign_pnoa_rgb	https://www.ign.es/wms-inspire/pnoa-ma	OI.OrthoimageCoverage	data/external/weak-label-chips-v1/train/positive/wl-tile-v1-11063-pos-es-pba-43239.png	weak_label_candidate_for_model_v1	512	512	downloaded	valid	512	512	RGB	661688	1		https://www.ign.es/wms-inspire/pnoa-ma?SERVICE=WMS&VERSION=1.1.1&REQUEST=GetMap&LAYERS=OI.OrthoimageCoverage&STYLES=&SRS=EPSG%3A4326&BBOX=-7.64880006%2C43.34169652%2C-7.64247572%2C43.34629587&WIDTH=512&HEIGHT=512&FORMAT=image%2Fpng&TRANSPARENT=false	2026-08-01T00:00:00Z
weak-chip-export-v1-00747	wl-tile-v1-10886	wl-pos-pos-es-pba-37125	pos-es-pba-37125	1	positive	train	ES	A Croa de San Martiño/Croa do Castro	-7.513552962944132	42.83161493036289	-7.51668879,42.82931525,-7.51041713,42.83391461	512	ign_pnoa_rgb	https://www.ign.es/wms-inspire/pnoa-ma	OI.OrthoimageCoverage	data/external/weak-label-chips-v1/train/positive/wl-tile-v1-10886-pos-es-pba-37125.png	weak_label_candidate_for_model_v1	512	512	downloaded	valid	512	512	RGB	594889	1		https://www.ign.es/wms-inspire/pnoa-ma?SERVICE=WMS&VERSION=1.1.1&REQUEST=GetMap&LAYERS=OI.OrthoimageCoverage&STYLES=&SRS=EPSG%3A4326&BBOX=-7.51668879%2C42.82931525%2C-7.51041713%2C42.83391461&WIDTH=512&HEIGHT=512&FORMAT=image%2Fpng&TRANSPARENT=false	2026-08-01T00:00:00Z
weak-chip-export-v1-00748	wl-tile-v1-10666	wl-pos-pos-es-pba-27969	pos-es-pba-27969	1	positive	train	ES	A Croa de Souto de Torres	-7.3632028824019375	43.02533234721229	-7.36634859,43.02303267,-7.36005717,43.02763202	512	ign_pnoa_rgb	https://www.ign.es/wms-inspire/pnoa-ma	OI.OrthoimageCoverage	data/external/weak-label-chips-v1/train/positive/wl-tile-v1-10666-pos-es-pba-27969.png	weak_label_candidate_for_model_v1	512	512	downloaded	valid	512	512	RGB	645514	1		https://www.ign.es/wms-inspire/pnoa-ma?SERVICE=WMS&VERSION=1.1.1&REQUEST=GetMap&LAYERS=OI.OrthoimageCoverage&STYLES=&SRS=EPSG%3A4326&BBOX=-7.36634859%2C43.02303267%2C-7.36005717%2C43.02763202&WIDTH=512&HEIGHT=512&FORMAT=image%2Fpng&TRANSPARENT=false	2026-08-01T00:00:00Z
weak-chip-export-v1-00749	wl-tile-v1-10667	wl-pos-pos-es-pba-27970	pos-es-pba-27970	1	positive	train	ES	A Croa de Souto de Torres	-7.363056077746301	43.02528839910099	-7.36620178,43.02298872,-7.35991037,43.02758808	512	ign_pnoa_rgb	https://www.ign.es/wms-inspire/pnoa-ma	OI.OrthoimageCoverage	data/external/weak-label-chips-v1/train/positive/wl-tile-v1-10667-pos-es-pba-27970.png	weak_label_candidate_for_model_v1	512	512	downloaded	valid	512	512	RGB	645604	1		https://www.ign.es/wms-inspire/pnoa-ma?SERVICE=WMS&VERSION=1.1.1&REQUEST=GetMap&LAYERS=OI.OrthoimageCoverage&STYLES=&SRS=EPSG%3A4326&BBOX=-7.36620178%2C43.02298872%2C-7.35991037%2C43.02758808&WIDTH=512&HEIGHT=512&FORMAT=image%2Fpng&TRANSPARENT=false	2026-08-01T00:00:00Z
weak-chip-export-v1-00750	wl-tile-v1-10668	wl-pos-pos-es-pba-27971	pos-es-pba-27971	1	positive	train	ES	A Croa de Soutomerille	-7.396117005058612	43.02593427005167	-7.39926274,43.02363459,-7.39297127,43.02823395	512	ign_pnoa_rgb	https://www.ign.es/wms-inspire/pnoa-ma	OI.OrthoimageCoverage	data/external/weak-label-chips-v1/train/positive/wl-tile-v1-10668-pos-es-pba-27971.png	weak_label_candidate_for_model_v1	512	512	downloaded	valid	512	512	RGB	657546	1		https://www.ign.es/wms-inspire/pnoa-ma?SERVICE=WMS&VERSION=1.1.1&REQUEST=GetMap&LAYERS=OI.OrthoimageCoverage&STYLES=&SRS=EPSG%3A4326&BBOX=-7.39926274%2C43.02363459%2C-7.39297127%2C43.02823395&WIDTH=512&HEIGHT=512&FORMAT=image%2Fpng&TRANSPARENT=false	2026-08-01T00:00:00Z
weak-chip-export-v1-00751	wl-tile-v1-10844	wl-pos-pos-es-pba-29622	pos-es-pba-29622	1	positive	train	ES	A Croa de Vilanova	-7.407750299108331	42.90112515116524	-7.41088966,42.89882547,-7.40461094,42.90342483	512	ign_pnoa_rgb	https://www.ign.es/wms-inspire/pnoa-ma	OI.OrthoimageCoverage	data/external/weak-label-chips-v1/train/positive/wl-tile-v1-10844-pos-es-pba-29622.png	weak_label_candidate_for_model_v1	512	512	downloaded	valid	512	512	RGB	637946	1		https://www.ign.es/wms-inspire/pnoa-ma?SERVICE=WMS&VERSION=1.1.1&REQUEST=GetMap&LAYERS=OI.OrthoimageCoverage&STYLES=&SRS=EPSG%3A4326&BBOX=-7.41088966%2C42.89882547%2C-7.40461094%2C42.90342483&WIDTH=512&HEIGHT=512&FORMAT=image%2Fpng&TRANSPARENT=false	2026-08-01T00:00:00Z
weak-chip-export-v1-00752	wl-tile-v1-10669	wl-pos-pos-es-pba-27972	pos-es-pba-27972	1	positive	train	ES	A Croa de Xivil	-7.333384259839173	43.04529401434558	-7.33653099,43.04299434,-7.33023753,43.04759369	512	ign_pnoa_rgb	https://www.ign.es/wms-inspire/pnoa-ma	OI.OrthoimageCoverage	data/external/weak-label-chips-v1/train/positive/wl-tile-v1-10669-pos-es-pba-27972.png	weak_label_candidate_for_model_v1	512	512	downloaded	valid	512	512	RGB	656448	1		https://www.ign.es/wms-inspire/pnoa-ma?SERVICE=WMS&VERSION=1.1.1&REQUEST=GetMap&LAYERS=OI.OrthoimageCoverage&STYLES=&SRS=EPSG%3A4326&BBOX=-7.33653099%2C43.04299434%2C-7.33023753%2C43.04759369&WIDTH=512&HEIGHT=512&FORMAT=image%2Fpng&TRANSPARENT=false	2026-08-01T00:00:00Z
weak-chip-export-v1-00753	wl-tile-v1-11044	wl-pos-pos-es-pba-41087	pos-es-pba-41087	1	positive	train	ES	A Croa de Xián/Castro de Xián	-7.685267252720915	42.745349009693136	-7.68839872,42.74304933,-7.68213579,42.74764869	512	ign_pnoa_rgb	https://www.ign.es/wms-inspire/pnoa-ma	OI.OrthoimageCoverage	data/external/weak-label-chips-v1/train/positive/wl-tile-v1-11044-pos-es-pba-41087.png	weak_label_candidate_for_model_v1	512	512	downloaded	valid	512	512	RGB	663224	1		https://www.ign.es/wms-inspire/pnoa-ma?SERVICE=WMS&VERSION=1.1.1&REQUEST=GetMap&LAYERS=OI.OrthoimageCoverage&STYLES=&SRS=EPSG%3A4326&BBOX=-7.68839872%2C42.74304933%2C-7.68213579%2C42.74764869&WIDTH=512&HEIGHT=512&FORMAT=image%2Fpng&TRANSPARENT=false	2026-08-01T00:00:00Z
weak-chip-export-v1-00754	wl-tile-v1-09890	wl-pos-pos-es-pba-17047	pos-es-pba-17047	1	positive	train	ES	A Croa do Castro/A Croa de Posmarcos	-8.927476831000407	42.632896715738816	-8.93060263,42.63059704,-8.92435103,42.63519639	512	ign_pnoa_rgb	https://www.ign.es/wms-inspire/pnoa-ma	OI.OrthoimageCoverage	data/external/weak-label-chips-v1/train/positive/wl-tile-v1-09890-pos-es-pba-17047.png	weak_label_candidate_for_model_v1	512	512	downloaded	valid	512	512	RGB	628852	1		https://www.ign.es/wms-inspire/pnoa-ma?SERVICE=WMS&VERSION=1.1.1&REQUEST=GetMap&LAYERS=OI.OrthoimageCoverage&STYLES=&SRS=EPSG%3A4326&BBOX=-8.93060263%2C42.63059704%2C-8.92435103%2C42.63519639&WIDTH=512&HEIGHT=512&FORMAT=image%2Fpng&TRANSPARENT=false	2026-08-01T00:00:00Z
weak-chip-export-v1-00755	wl-tile-v1-10670	wl-pos-pos-es-pba-27973	pos-es-pba-27973	1	positive	train	ES	A Croa dos Mouros	-7.352236281347354	43.08596939225496	-7.35538510,43.08366972,-7.34908746,43.08826907	512	ign_pnoa_rgb	https://www.ign.es/wms-inspire/pnoa-ma	OI.OrthoimageCoverage	data/external/weak-label-chips-v1/train/positive/wl-tile-v1-10670-pos-es-pba-27973.png	weak_label_candidate_for_model_v1	512	512	downloaded	valid	512	512	RGB	684561	1		https://www.ign.es/wms-inspire/pnoa-ma?SERVICE=WMS&VERSION=1.1.1&REQUEST=GetMap&LAYERS=OI.OrthoimageCoverage&STYLES=&SRS=EPSG%3A4326&BBOX=-7.35538510%2C43.08366972%2C-7.34908746%2C43.08826907&WIDTH=512&HEIGHT=512&FORMAT=image%2Fpng&TRANSPARENT=false	2026-08-01T00:00:00Z
weak-chip-export-v1-00756	wl-tile-v1-11100	wl-pos-pos-es-pba-43437	pos-es-pba-43437	1	positive	train	ES	A Croa/Castro da Forca	-7.599994461036275	43.61880261241975	-7.60317105,43.61650294,-7.59681787,43.62110229	512	ign_pnoa_rgb	https://www.ign.es/wms-inspire/pnoa-ma	OI.OrthoimageCoverage	data/external/weak-label-chips-v1/train/positive/wl-tile-v1-11100-pos-es-pba-43437.png	weak_label_candidate_for_model_v1	512	512	downloaded	valid	512	512	RGB	668402	1		https://www.ign.es/wms-inspire/pnoa-ma?SERVICE=WMS&VERSION=1.1.1&REQUEST=GetMap&LAYERS=OI.OrthoimageCoverage&STYLES=&SRS=EPSG%3A4326&BBOX=-7.60317105%2C43.61650294%2C-7.59681787%2C43.62110229&WIDTH=512&HEIGHT=512&FORMAT=image%2Fpng&TRANSPARENT=false	2026-08-01T00:00:00Z
weak-chip-export-v1-00757	wl-tile-v1-10455	wl-pos-pos-es-pba-25056	pos-es-pba-25056	1	positive	train	ES	A Croa/Castro de Bardaos	-8.532886503551724	43.12339556671081	-8.53603725,43.12109589,-8.52973576,43.12569524	512	ign_pnoa_rgb	https://www.ign.es/wms-inspire/pnoa-ma	OI.OrthoimageCoverage	data/external/weak-label-chips-v1/train/positive/wl-tile-v1-10455-pos-es-pba-25056.png	weak_label_candidate_for_model_v1	512	512	downloaded	valid	512	512	RGB	647450	1		https://www.ign.es/wms-inspire/pnoa-ma?SERVICE=WMS&VERSION=1.1.1&REQUEST=GetMap&LAYERS=OI.OrthoimageCoverage&STYLES=&SRS=EPSG%3A4326&BBOX=-8.53603725%2C43.12109589%2C-8.52973576%2C43.12569524&WIDTH=512&HEIGHT=512&FORMAT=image%2Fpng&TRANSPARENT=false	2026-08-01T00:00:00Z
weak-chip-export-v1-00758	wl-tile-v1-10757	wl-pos-pos-es-pba-31371	pos-es-pba-31371	1	positive	train	ES	A Croa/O Castro	-7.434171139359504	42.8418417923535	-7.43730749,42.83954212,-7.43103479,42.84414147	512	ign_pnoa_rgb	https://www.ign.es/wms-inspire/pnoa-ma	OI.OrthoimageCoverage	data/external/weak-label-chips-v1/train/positive/wl-tile-v1-10757-pos-es-pba-31371.png	weak_label_candidate_for_model_v1	512	512	downloaded	valid	512	512	RGB	678748	1		https://www.ign.es/wms-inspire/pnoa-ma?SERVICE=WMS&VERSION=1.1.1&REQUEST=GetMap&LAYERS=OI.OrthoimageCoverage&STYLES=&SRS=EPSG%3A4326&BBOX=-7.43730749%2C42.83954212%2C-7.43103479%2C42.84414147&WIDTH=512&HEIGHT=512&FORMAT=image%2Fpng&TRANSPARENT=false	2026-08-01T00:00:00Z
weak-chip-export-v1-00759	wl-tile-v1-10475	wl-pos-pos-es-pba-24587	pos-es-pba-24587	1	positive	train	ES	A Croela do Castro	-8.46922749075579	42.99995115435703	-8.47237190,42.99765148,-8.46608308,43.00225083	512	ign_pnoa_rgb	https://www.ign.es/wms-inspire/pnoa-ma	OI.OrthoimageCoverage	data/external/weak-label-chips-v1/train/positive/wl-tile-v1-10475-pos-es-pba-24587.png	weak_label_candidate_for_model_v1	512	512	downloaded	valid	512	512	RGB	536569	1		https://www.ign.es/wms-inspire/pnoa-ma?SERVICE=WMS&VERSION=1.1.1&REQUEST=GetMap&LAYERS=OI.OrthoimageCoverage&STYLES=&SRS=EPSG%3A4326&BBOX=-8.47237190%2C42.99765148%2C-8.46608308%2C43.00225083&WIDTH=512&HEIGHT=512&FORMAT=image%2Fpng&TRANSPARENT=false	2026-08-01T00:00:00Z
weak-chip-export-v1-00760	wl-tile-v1-10456	wl-pos-pos-es-pba-25083	pos-es-pba-25083	1	positive	train	ES	A Medorra de Castro	-8.48931313614217	43.05748138577245	-8.49246049,43.05518171,-8.48616578,43.05978106	512	ign_pnoa_rgb	https://www.ign.es/wms-inspire/pnoa-ma	OI.OrthoimageCoverage	data/external/weak-label-chips-v1/train/positive/wl-tile-v1-10456-pos-es-pba-25083.png	weak_label_candidate_for_model_v1	512	512	downloaded	valid	512	512	RGB	598414	1		https://www.ign.es/wms-inspire/pnoa-ma?SERVICE=WMS&VERSION=1.1.1&REQUEST=GetMap&LAYERS=OI.OrthoimageCoverage&STYLES=&SRS=EPSG%3A4326&BBOX=-8.49246049%2C43.05518171%2C-8.48616578%2C43.05978106&WIDTH=512&HEIGHT=512&FORMAT=image%2Fpng&TRANSPARENT=false	2026-08-01T00:00:00Z
weak-chip-export-v1-00761	wl-tile-v1-10244	wl-pos-pos-es-pba-15436	pos-es-pba-15436	1	positive	train	ES	A Medorra do Gavián/Castro da Medorra do Gavión	-8.442096245966633	43.05983226765069	-8.44524372,43.05753259,-8.43894877,43.06213194	512	ign_pnoa_rgb	https://www.ign.es/wms-inspire/pnoa-ma	OI.OrthoimageCoverage	data/external/weak-label-chips-v1/train/positive/wl-tile-v1-10244-pos-es-pba-15436.png	weak_label_candidate_for_model_v1	512	512	downloaded	valid	512	512	RGB	627452	1		https://www.ign.es/wms-inspire/pnoa-ma?SERVICE=WMS&VERSION=1.1.1&REQUEST=GetMap&LAYERS=OI.OrthoimageCoverage&STYLES=&SRS=EPSG%3A4326&BBOX=-8.44524372%2C43.05753259%2C-8.43894877%2C43.06213194&WIDTH=512&HEIGHT=512&FORMAT=image%2Fpng&TRANSPARENT=false	2026-08-01T00:00:00Z
weak-chip-export-v1-00762	wl-tile-v1-10245	wl-pos-pos-es-pba-15438	pos-es-pba-15438	1	positive	train	ES	A Medorra/A Medorra de Castro	-8.405513498691642	43.138197137560354	-8.40866501,43.13589746,-8.40236199,43.14049681	512	ign_pnoa_rgb	https://www.ign.es/wms-inspire/pnoa-ma	OI.OrthoimageCoverage	data/external/weak-label-chips-v1/train/positive/wl-tile-v1-10245-pos-es-pba-15438.png	weak_label_candidate_for_model_v1	512	512	downloaded	valid	512	512	RGB	679333	1		https://www.ign.es/wms-inspire/pnoa-ma?SERVICE=WMS&VERSION=1.1.1&REQUEST=GetMap&LAYERS=OI.OrthoimageCoverage&STYLES=&SRS=EPSG%3A4326&BBOX=-8.40866501%2C43.13589746%2C-8.40236199%2C43.14049681&WIDTH=512&HEIGHT=512&FORMAT=image%2Fpng&TRANSPARENT=false	2026-08-01T00:00:00Z
weak-chip-export-v1-00763	wl-tile-v1-10246	wl-pos-pos-es-pba-15467	pos-es-pba-15467	1	positive	train	ES	A Medorra/Castro de Parada	-8.447563951600365	43.062674246198725	-8.45071158,43.06037457,-8.44441633,43.06497392	512	ign_pnoa_rgb	https://www.ign.es/wms-inspire/pnoa-ma	OI.OrthoimageCoverage	data/external/weak-label-chips-v1/train/positive/wl-tile-v1-10246-pos-es-pba-15467.png	weak_label_candidate_for_model_v1	512	512	downloaded	valid	512	512	RGB	641971	1		https://www.ign.es/wms-inspire/pnoa-ma?SERVICE=WMS&VERSION=1.1.1&REQUEST=GetMap&LAYERS=OI.OrthoimageCoverage&STYLES=&SRS=EPSG%3A4326&BBOX=-8.45071158%2C43.06037457%2C-8.44441633%2C43.06497392&WIDTH=512&HEIGHT=512&FORMAT=image%2Fpng&TRANSPARENT=false	2026-08-01T00:00:00Z
weak-chip-export-v1-00764	wl-tile-v1-10437	wl-pos-pos-es-pba-24889	pos-es-pba-24889	1	positive	train	ES	A Orela de Castro de Ares	-7.992578337942997	42.9893368466652	-7.99572220,42.98703717,-7.98943447,42.99163652	512	ign_pnoa_rgb	https://www.ign.es/wms-inspire/pnoa-ma	OI.OrthoimageCoverage	data/external/weak-label-chips-v1/train/positive/wl-tile-v1-10437-pos-es-pba-24889.png	weak_label_candidate_for_model_v1	512	512	downloaded	valid	512	512	RGB	613879	1		https://www.ign.es/wms-inspire/pnoa-ma?SERVICE=WMS&VERSION=1.1.1&REQUEST=GetMap&LAYERS=OI.OrthoimageCoverage&STYLES=&SRS=EPSG%3A4326&BBOX=-7.99572220%2C42.98703717%2C-7.98943447%2C42.99163652&WIDTH=512&HEIGHT=512&FORMAT=image%2Fpng&TRANSPARENT=false	2026-08-01T00:00:00Z
weak-chip-export-v1-00765	wl-tile-v1-11320	wl-pos-pos-es-pba-56508	pos-es-pba-56508	1	positive	train	ES	A Pena dos Castros	-7.294572586531034	42.35396758091312	-7.29768448,42.35166790,-7.29146070,42.35626726	512	ign_pnoa_rgb	https://www.ign.es/wms-inspire/pnoa-ma	OI.OrthoimageCoverage	data/external/weak-label-chips-v1/train/positive/wl-tile-v1-11320-pos-es-pba-56508.png	weak_label_candidate_for_model_v1	512	512	downloaded	valid	512	512	RGB	694716	1		https://www.ign.es/wms-inspire/pnoa-ma?SERVICE=WMS&VERSION=1.1.1&REQUEST=GetMap&LAYERS=OI.OrthoimageCoverage&STYLES=&SRS=EPSG%3A4326&BBOX=-7.29768448%2C42.35166790%2C-7.29146070%2C42.35626726&WIDTH=512&HEIGHT=512&FORMAT=image%2Fpng&TRANSPARENT=false	2026-08-01T00:00:00Z
weak-chip-export-v1-00766	wl-tile-v1-09928	wl-pos-pos-es-pba-1956	pos-es-pba-1956	1	positive	train	ES	A Roda do Castro	-8.205444887139212	43.437132129643814	-8.20861192,43.43483245,-8.20227785,43.43943181	512	ign_pnoa_rgb	https://www.ign.es/wms-inspire/pnoa-ma	OI.OrthoimageCoverage	data/external/weak-label-chips-v1/train/positive/wl-tile-v1-09928-pos-es-pba-1956.png	weak_label_candidate_for_model_v1	512	512	downloaded	valid	512	512	RGB	692089	1		https://www.ign.es/wms-inspire/pnoa-ma?SERVICE=WMS&VERSION=1.1.1&REQUEST=GetMap&LAYERS=OI.OrthoimageCoverage&STYLES=&SRS=EPSG%3A4326&BBOX=-8.20861192%2C43.43483245%2C-8.20227785%2C43.43943181&WIDTH=512&HEIGHT=512&FORMAT=image%2Fpng&TRANSPARENT=false	2026-08-01T00:00:00Z
weak-chip-export-v1-00767	wl-tile-v1-10220	wl-pos-pos-es-pba-16572	pos-es-pba-16572	1	positive	train	ES	A Roda do Castro	-8.3070641194709	42.95094249446288	-8.31020602,42.94864282,-8.30392222,42.95324217	512	ign_pnoa_rgb	https://www.ign.es/wms-inspire/pnoa-ma	OI.OrthoimageCoverage	data/external/weak-label-chips-v1/train/positive/wl-tile-v1-10220-pos-es-pba-16572.png	weak_label_candidate_for_model_v1	512	512	downloaded	valid	512	512	RGB	633915	1		https://www.ign.es/wms-inspire/pnoa-ma?SERVICE=WMS&VERSION=1.1.1&REQUEST=GetMap&LAYERS=OI.OrthoimageCoverage&STYLES=&SRS=EPSG%3A4326&BBOX=-8.31020602%2C42.94864282%2C-8.30392222%2C42.95324217&WIDTH=512&HEIGHT=512&FORMAT=image%2Fpng&TRANSPARENT=false	2026-08-01T00:00:00Z
weak-chip-export-v1-00768	wl-tile-v1-10221	wl-pos-pos-es-pba-16573	pos-es-pba-16573	1	positive	train	ES	A Roda do Castro	-8.383252384308596	42.90528297018287	-8.38639196,42.90298329,-8.38011281,42.90758265	512	ign_pnoa_rgb	https://www.ign.es/wms-inspire/pnoa-ma	OI.OrthoimageCoverage	data/external/weak-label-chips-v1/train/positive/wl-tile-v1-10221-pos-es-pba-16573.png	weak_label_candidate_for_model_v1	512	512	downloaded	valid	512	512	RGB	649320	1		https://www.ign.es/wms-inspire/pnoa-ma?SERVICE=WMS&VERSION=1.1.1&REQUEST=GetMap&LAYERS=OI.OrthoimageCoverage&STYLES=&SRS=EPSG%3A4326&BBOX=-8.38639196%2C42.90298329%2C-8.38011281%2C42.90758265&WIDTH=512&HEIGHT=512&FORMAT=image%2Fpng&TRANSPARENT=false	2026-08-01T00:00:00Z
weak-chip-export-v1-00769	wl-tile-v1-10537	wl-pos-pos-es-pba-38989	pos-es-pba-38989	1	positive	train	ES	A Roda do Castro	-7.337304824434929	42.52920449543482	-7.34042543,42.52690482,-7.33418422,42.53150417	512	ign_pnoa_rgb	https://www.ign.es/wms-inspire/pnoa-ma	OI.OrthoimageCoverage	data/external/weak-label-chips-v1/train/positive/wl-tile-v1-10537-pos-es-pba-38989.png	weak_label_candidate_for_model_v1	512	512	downloaded	valid	512	512	RGB	678324	1		https://www.ign.es/wms-inspire/pnoa-ma?SERVICE=WMS&VERSION=1.1.1&REQUEST=GetMap&LAYERS=OI.OrthoimageCoverage&STYLES=&SRS=EPSG%3A4326&BBOX=-7.34042543%2C42.52690482%2C-7.33418422%2C42.53150417&WIDTH=512&HEIGHT=512&FORMAT=image%2Fpng&TRANSPARENT=false	2026-08-01T00:00:00Z
weak-chip-export-v1-00770	wl-tile-v1-10860	wl-pos-pos-es-pba-32106	pos-es-pba-32106	1	positive	train	ES	A Roda do Castro	-7.487158870007436	42.70054023149602	-7.49028807,42.69824055,-7.48402967,42.70283991	512	ign_pnoa_rgb	https://www.ign.es/wms-inspire/pnoa-ma	OI.OrthoimageCoverage	data/external/weak-label-chips-v1/train/positive/wl-tile-v1-10860-pos-es-pba-32106.png	weak_label_candidate_for_model_v1	512	512	downloaded	valid	512	512	RGB	636200	1		https://www.ign.es/wms-inspire/pnoa-ma?SERVICE=WMS&VERSION=1.1.1&REQUEST=GetMap&LAYERS=OI.OrthoimageCoverage&STYLES=&SRS=EPSG%3A4326&BBOX=-7.49028807%2C42.69824055%2C-7.48402967%2C42.70283991&WIDTH=512&HEIGHT=512&FORMAT=image%2Fpng&TRANSPARENT=false	2026-08-01T00:00:00Z
weak-chip-export-v1-00771	wl-tile-v1-10222	wl-pos-pos-es-pba-16574	pos-es-pba-16574	1	positive	train	ES	A Roda do Castro de Astrar	-8.33018794476448	42.915115184771444	-8.33332802,42.91281551,-8.32704787,42.91741486	512	ign_pnoa_rgb	https://www.ign.es/wms-inspire/pnoa-ma	OI.OrthoimageCoverage	data/external/weak-label-chips-v1/train/positive/wl-tile-v1-10222-pos-es-pba-16574.png	weak_label_candidate_for_model_v1	512	512	downloaded	valid	512	512	RGB	657475	1		https://www.ign.es/wms-inspire/pnoa-ma?SERVICE=WMS&VERSION=1.1.1&REQUEST=GetMap&LAYERS=OI.OrthoimageCoverage&STYLES=&SRS=EPSG%3A4326&BBOX=-8.33332802%2C42.91281551%2C-8.32704787%2C42.91741486&WIDTH=512&HEIGHT=512&FORMAT=image%2Fpng&TRANSPARENT=false	2026-08-01T00:00:00Z
weak-chip-export-v1-00772	wl-tile-v1-10420	wl-pos-pos-es-pba-24204	pos-es-pba-24204	1	positive	train	ES	A Roda do Castro/Castro de Rairiz	-8.046367577861098	42.85210459926818	-8.04950445,42.84980492,-8.04323071,42.85440428	512	ign_pnoa_rgb	https://www.ign.es/wms-inspire/pnoa-ma	OI.OrthoimageCoverage	data/external/weak-label-chips-v1/train/positive/wl-tile-v1-10420-pos-es-pba-24204.png	weak_label_candidate_for_model_v1	512	512	downloaded	valid	512	512	RGB	651819	1		https://www.ign.es/wms-inspire/pnoa-ma?SERVICE=WMS&VERSION=1.1.1&REQUEST=GetMap&LAYERS=OI.OrthoimageCoverage&STYLES=&SRS=EPSG%3A4326&BBOX=-8.04950445%2C42.84980492%2C-8.04323071%2C42.85440428&WIDTH=512&HEIGHT=512&FORMAT=image%2Fpng&TRANSPARENT=false	2026-08-01T00:00:00Z
weak-chip-export-v1-00773	wl-tile-v1-10385	wl-pos-pos-es-pba-20170	pos-es-pba-20170	1	positive	train	ES	A Roda dos Mouros/Castro de Enfesta/Casto de Vilasuso	-8.480302342455799	42.93365957936373	-8.48344336,42.93135990,-8.47716132,42.93595926	512	ign_pnoa_rgb	https://www.ign.es/wms-inspire/pnoa-ma	OI.OrthoimageCoverage	data/external/weak-label-chips-v1/train/positive/wl-tile-v1-10385-pos-es-pba-20170.png	weak_label_candidate_for_model_v1	512	512	downloaded	valid	512	512	RGB	641775	1		https://www.ign.es/wms-inspire/pnoa-ma?SERVICE=WMS&VERSION=1.1.1&REQUEST=GetMap&LAYERS=OI.OrthoimageCoverage&STYLES=&SRS=EPSG%3A4326&BBOX=-8.48344336%2C42.93135990%2C-8.47716132%2C42.93595926&WIDTH=512&HEIGHT=512&FORMAT=image%2Fpng&TRANSPARENT=false	2026-08-01T00:00:00Z
weak-chip-export-v1-00774	wl-tile-v1-10223	wl-pos-pos-es-pba-16575	pos-es-pba-16575	1	positive	train	ES	A Roda/Agra do Castro	-8.274474790062763	42.92916380094542	-8.27761558,42.92686412,-8.27133400,42.93146348	512	ign_pnoa_rgb	https://www.ign.es/wms-inspire/pnoa-ma	OI.OrthoimageCoverage	data/external/weak-label-chips-v1/train/positive/wl-tile-v1-10223-pos-es-pba-16575.png	weak_label_candidate_for_model_v1	512	512	downloaded	valid	512	512	RGB	651885	1		https://www.ign.es/wms-inspire/pnoa-ma?SERVICE=WMS&VERSION=1.1.1&REQUEST=GetMap&LAYERS=OI.OrthoimageCoverage&STYLES=&SRS=EPSG%3A4326&BBOX=-8.27761558%2C42.92686412%2C-8.27133400%2C42.93146348&WIDTH=512&HEIGHT=512&FORMAT=image%2Fpng&TRANSPARENT=false	2026-08-01T00:00:00Z
weak-chip-export-v1-00775	wl-tile-v1-10282	wl-pos-pos-es-pba-17487	pos-es-pba-17487	1	positive	train	ES	A Torre do Castelo/O Castro	-8.933080160293438	42.85884223238134	-8.93621737,42.85654256,-8.92994295,42.86114191	512	ign_pnoa_rgb	https://www.ign.es/wms-inspire/pnoa-ma	OI.OrthoimageCoverage	data/external/weak-label-chips-v1/train/positive/wl-tile-v1-10282-pos-es-pba-17487.png	weak_label_candidate_for_model_v1	512	512	downloaded	valid	512	512	RGB	657096	1		https://www.ign.es/wms-inspire/pnoa-ma?SERVICE=WMS&VERSION=1.1.1&REQUEST=GetMap&LAYERS=OI.OrthoimageCoverage&STYLES=&SRS=EPSG%3A4326&BBOX=-8.93621737%2C42.85654256%2C-8.92994295%2C42.86114191&WIDTH=512&HEIGHT=512&FORMAT=image%2Fpng&TRANSPARENT=false	2026-08-01T00:00:00Z
weak-chip-export-v1-00776	wl-tile-v1-11322	wl-pos-pos-es-pba-58393	pos-es-pba-58393	1	positive	train	ES	A Torre do Castro	-7.7440797879272605	42.12316928973986	-7.74718032,42.12086961,-7.74097926,42.12546897	512	ign_pnoa_rgb	https://www.ign.es/wms-inspire/pnoa-ma	OI.OrthoimageCoverage	data/external/weak-label-chips-v1/train/positive/wl-tile-v1-11322-pos-es-pba-58393.png	weak_label_candidate_for_model_v1	512	512	downloaded	valid	512	512	RGB	666186	1		https://www.ign.es/wms-inspire/pnoa-ma?SERVICE=WMS&VERSION=1.1.1&REQUEST=GetMap&LAYERS=OI.OrthoimageCoverage&STYLES=&SRS=EPSG%3A4326&BBOX=-7.74718032%2C42.12086961%2C-7.74097926%2C42.12546897&WIDTH=512&HEIGHT=512&FORMAT=image%2Fpng&TRANSPARENT=false	2026-08-01T00:00:00Z
weak-chip-export-v1-00777	wl-tile-v1-10247	wl-pos-pos-es-pba-15472	pos-es-pba-15472	1	positive	train	ES	A Torre/Castro da Torre	-8.388691235139952	43.16153932279692	-8.39184395,43.15923965,-8.38553852,43.16383900	512	ign_pnoa_rgb	https://www.ign.es/wms-inspire/pnoa-ma	OI.OrthoimageCoverage	data/external/weak-label-chips-v1/train/positive/wl-tile-v1-10247-pos-es-pba-15472.png	weak_label_candidate_for_model_v1	512	512	downloaded	valid	512	512	RGB	662513	1		https://www.ign.es/wms-inspire/pnoa-ma?SERVICE=WMS&VERSION=1.1.1&REQUEST=GetMap&LAYERS=OI.OrthoimageCoverage&STYLES=&SRS=EPSG%3A4326&BBOX=-8.39184395%2C43.15923965%2C-8.38553852%2C43.16383900&WIDTH=512&HEIGHT=512&FORMAT=image%2Fpng&TRANSPARENT=false	2026-08-01T00:00:00Z
weak-chip-export-v1-00778	wl-tile-v1-10248	wl-pos-pos-es-pba-15473	pos-es-pba-15473	1	positive	train	ES	A Torre/Castro da Torre	-8.3776557004095	43.097118640386256	-8.38080509,43.09481896,-8.37450631,43.09941832	512	ign_pnoa_rgb	https://www.ign.es/wms-inspire/pnoa-ma	OI.OrthoimageCoverage	data/external/weak-label-chips-v1/train/positive/wl-tile-v1-10248-pos-es-pba-15473.png	weak_label_candidate_for_model_v1	512	512	downloaded	valid	512	512	RGB	656358	1		https://www.ign.es/wms-inspire/pnoa-ma?SERVICE=WMS&VERSION=1.1.1&REQUEST=GetMap&LAYERS=OI.OrthoimageCoverage&STYLES=&SRS=EPSG%3A4326&BBOX=-8.38080509%2C43.09481896%2C-8.37450631%2C43.09941832&WIDTH=512&HEIGHT=512&FORMAT=image%2Fpng&TRANSPARENT=false	2026-08-01T00:00:00Z
weak-chip-export-v1-00779	wl-tile-v1-10249	wl-pos-pos-es-pba-15474	pos-es-pba-15474	1	positive	train	ES	A Torre/O Castro/A Torre de Moscoso	-8.391378276335539	43.13900361869439	-8.39452983,43.13670394,-8.38822673,43.14130330	512	ign_pnoa_rgb	https://www.ign.es/wms-inspire/pnoa-ma	OI.OrthoimageCoverage	data/external/weak-label-chips-v1/train/positive/wl-tile-v1-10249-pos-es-pba-15474.png	weak_label_candidate_for_model_v1	512	512	downloaded	valid	512	512	RGB	659099	1		https://www.ign.es/wms-inspire/pnoa-ma?SERVICE=WMS&VERSION=1.1.1&REQUEST=GetMap&LAYERS=OI.OrthoimageCoverage&STYLES=&SRS=EPSG%3A4326&BBOX=-8.39452983%2C43.13670394%2C-8.38822673%2C43.14130330&WIDTH=512&HEIGHT=512&FORMAT=image%2Fpng&TRANSPARENT=false	2026-08-01T00:00:00Z
weak-chip-export-v1-00780	wl-tile-v1-10271	wl-pos-pos-es-pba-15636	pos-es-pba-15636	1	positive	train	ES	A Volta dos Castros	-7.891054572483572	43.666024534206116	-7.89423366,43.66372486,-7.88787549,43.66832421	512	ign_pnoa_rgb	https://www.ign.es/wms-inspire/pnoa-ma	OI.OrthoimageCoverage	data/external/weak-label-chips-v1/train/positive/wl-tile-v1-10271-pos-es-pba-15636.png	weak_label_candidate_for_model_v1	512	512	downloaded	valid	512	512	RGB	540015	1		https://www.ign.es/wms-inspire/pnoa-ma?SERVICE=WMS&VERSION=1.1.1&REQUEST=GetMap&LAYERS=OI.OrthoimageCoverage&STYLES=&SRS=EPSG%3A4326&BBOX=-7.89423366%2C43.66372486%2C-7.88787549%2C43.66832421&WIDTH=512&HEIGHT=512&FORMAT=image%2Fpng&TRANSPARENT=false	2026-08-01T00:00:00Z
weak-chip-export-v1-00781	wl-tile-v1-09884	wl-pos-pos-es-pba-11387	pos-es-pba-11387	1	positive	train	ES	Agra do Castro/Castro de Lestón/Os Castros	-8.569654533569624	43.264640149570845	-8.57281258,43.26234047,-8.56649649,43.26693983	512	ign_pnoa_rgb	https://www.ign.es/wms-inspire/pnoa-ma	OI.OrthoimageCoverage	data/external/weak-label-chips-v1/train/positive/wl-tile-v1-09884-pos-es-pba-11387.png	weak_label_candidate_for_model_v1	512	512	downloaded	valid	512	512	RGB	619626	1		https://www.ign.es/wms-inspire/pnoa-ma?SERVICE=WMS&VERSION=1.1.1&REQUEST=GetMap&LAYERS=OI.OrthoimageCoverage&STYLES=&SRS=EPSG%3A4326&BBOX=-8.57281258%2C43.26234047%2C-8.56649649%2C43.26693983&WIDTH=512&HEIGHT=512&FORMAT=image%2Fpng&TRANSPARENT=false	2026-08-01T00:00:00Z
weak-chip-export-v1-00782	wl-tile-v1-10845	wl-pos-pos-es-pba-29651	pos-es-pba-29651	1	positive	train	ES	Agra dos Castros	-7.457567781697816	42.97269787577277	-7.46071080,42.97039820,-7.45442477,42.97499755	512	ign_pnoa_rgb	https://www.ign.es/wms-inspire/pnoa-ma	OI.OrthoimageCoverage	data/external/weak-label-chips-v1/train/positive/wl-tile-v1-10845-pos-es-pba-29651.png	weak_label_candidate_for_model_v1	512	512	downloaded	valid	512	512	RGB	653457	1		https://www.ign.es/wms-inspire/pnoa-ma?SERVICE=WMS&VERSION=1.1.1&REQUEST=GetMap&LAYERS=OI.OrthoimageCoverage&STYLES=&SRS=EPSG%3A4326&BBOX=-7.46071080%2C42.97039820%2C-7.45442477%2C42.97499755&WIDTH=512&HEIGHT=512&FORMAT=image%2Fpng&TRANSPARENT=false	2026-08-01T00:00:00Z
weak-chip-export-v1-00783	wl-tile-v1-11621	wl-pos-pos-es-pba-69983	pos-es-pba-69983	1	positive	train	ES	Agra dos Castros	-8.248787789380218	42.71393196950959	-8.25191767,42.71163229,-8.24565791,42.71623165	512	ign_pnoa_rgb	https://www.ign.es/wms-inspire/pnoa-ma	OI.OrthoimageCoverage	data/external/weak-label-chips-v1/train/positive/wl-tile-v1-11621-pos-es-pba-69983.png	weak_label_candidate_for_model_v1	512	512	downloaded	valid	512	512	RGB	634746	1		https://www.ign.es/wms-inspire/pnoa-ma?SERVICE=WMS&VERSION=1.1.1&REQUEST=GetMap&LAYERS=OI.OrthoimageCoverage&STYLES=&SRS=EPSG%3A4326&BBOX=-8.25191767%2C42.71163229%2C-8.24565791%2C42.71623165&WIDTH=512&HEIGHT=512&FORMAT=image%2Fpng&TRANSPARENT=false	2026-08-01T00:00:00Z
weak-chip-export-v1-00784	wl-tile-v1-11499	wl-pos-pos-es-pba-65686	pos-es-pba-65686	1	positive	train	ES	Agro do Castro	-8.161003363694284	42.6900416356582	-8.16413204,42.68774196,-8.15787469,42.69234131	512	ign_pnoa_rgb	https://www.ign.es/wms-inspire/pnoa-ma	OI.OrthoimageCoverage	data/external/weak-label-chips-v1/train/positive/wl-tile-v1-11499-pos-es-pba-65686.png	weak_label_candidate_for_model_v1	512	512	downloaded	valid	512	512	RGB	522775	1		https://www.ign.es/wms-inspire/pnoa-ma?SERVICE=WMS&VERSION=1.1.1&REQUEST=GetMap&LAYERS=OI.OrthoimageCoverage&STYLES=&SRS=EPSG%3A4326&BBOX=-8.16413204%2C42.68774196%2C-8.15787469%2C42.69234131&WIDTH=512&HEIGHT=512&FORMAT=image%2Fpng&TRANSPARENT=false	2026-08-01T00:00:00Z
weak-chip-export-v1-00785	wl-tile-v1-11665	wl-pos-pos-es-pba-73150	pos-es-pba-73150	1	positive	train	ES	Agro do Castro	-8.700811620929525	42.70423647213898	-8.70394101,42.70193680,-8.69768223,42.70653615	512	ign_pnoa_rgb	https://www.ign.es/wms-inspire/pnoa-ma	OI.OrthoimageCoverage	data/external/weak-label-chips-v1/train/positive/wl-tile-v1-11665-pos-es-pba-73150.png	weak_label_candidate_for_model_v1	512	512	downloaded	valid	512	512	RGB	660380	1		https://www.ign.es/wms-inspire/pnoa-ma?SERVICE=WMS&VERSION=1.1.1&REQUEST=GetMap&LAYERS=OI.OrthoimageCoverage&STYLES=&SRS=EPSG%3A4326&BBOX=-8.70394101%2C42.70193680%2C-8.69768223%2C42.70653615&WIDTH=512&HEIGHT=512&FORMAT=image%2Fpng&TRANSPARENT=false	2026-08-01T00:00:00Z
weak-chip-export-v1-00786	wl-tile-v1-10152	wl-pos-pos-es-pba-12345	pos-es-pba-12345	1	positive	train	ES	Agro do Castro/Castro de Castrarón	-8.990965055491898	43.007295391414964	-8.99410984,43.00499571,-8.98782027,43.00959507	512	ign_pnoa_rgb	https://www.ign.es/wms-inspire/pnoa-ma	OI.OrthoimageCoverage	data/external/weak-label-chips-v1/train/positive/wl-tile-v1-10152-pos-es-pba-12345.png	weak_label_candidate_for_model_v1	512	512	downloaded	valid	512	512	RGB	215894	1		https://www.ign.es/wms-inspire/pnoa-ma?SERVICE=WMS&VERSION=1.1.1&REQUEST=GetMap&LAYERS=OI.OrthoimageCoverage&STYLES=&SRS=EPSG%3A4326&BBOX=-8.99410984%2C43.00499571%2C-8.98782027%2C43.00959507&WIDTH=512&HEIGHT=512&FORMAT=image%2Fpng&TRANSPARENT=false	2026-08-01T00:00:00Z
weak-chip-export-v1-00787	wl-tile-v1-10861	wl-pos-pos-es-pba-32107	pos-es-pba-32107	1	positive	train	ES	Agro do Castro/Pena do Castro	-7.391820212871832	42.66060885944316	-7.39494740,42.65830918,-7.38869302,42.66290854	512	ign_pnoa_rgb	https://www.ign.es/wms-inspire/pnoa-ma	OI.OrthoimageCoverage	data/external/weak-label-chips-v1/train/positive/wl-tile-v1-10861-pos-es-pba-32107.png	weak_label_candidate_for_model_v1	512	512	downloaded	valid	512	512	RGB	668545	1		https://www.ign.es/wms-inspire/pnoa-ma?SERVICE=WMS&VERSION=1.1.1&REQUEST=GetMap&LAYERS=OI.OrthoimageCoverage&STYLES=&SRS=EPSG%3A4326&BBOX=-7.39494740%2C42.65830918%2C-7.38869302%2C42.66290854&WIDTH=512&HEIGHT=512&FORMAT=image%2Fpng&TRANSPARENT=false	2026-08-01T00:00:00Z
weak-chip-export-v1-00788	wl-tile-v1-11334	wl-pos-pos-es-pba-58982	pos-es-pba-58982	1	positive	train	ES	Aira da Castro	-7.035588340434538	42.42420250761963	-7.03870371,42.42190283,-7.03247297,42.42650218	512	ign_pnoa_rgb	https://www.ign.es/wms-inspire/pnoa-ma	OI.OrthoimageCoverage	data/external/weak-label-chips-v1/train/positive/wl-tile-v1-11334-pos-es-pba-58982.png	weak_label_candidate_for_model_v1	512	512	downloaded	valid	512	512	RGB	687397	1		https://www.ign.es/wms-inspire/pnoa-ma?SERVICE=WMS&VERSION=1.1.1&REQUEST=GetMap&LAYERS=OI.OrthoimageCoverage&STYLES=&SRS=EPSG%3A4326&BBOX=-7.03870371%2C42.42190283%2C-7.03247297%2C42.42650218&WIDTH=512&HEIGHT=512&FORMAT=image%2Fpng&TRANSPARENT=false	2026-08-01T00:00:00Z
weak-chip-export-v1-00789	wl-tile-v1-10393	wl-pos-pos-es-pba-20197	pos-es-pba-20197	1	positive	train	ES	Alto da Croa/Alto do Castro	-8.551309425224812	42.931550839319016	-8.55445034,42.92925116,-8.54816851,42.93385052	512	ign_pnoa_rgb	https://www.ign.es/wms-inspire/pnoa-ma	OI.OrthoimageCoverage	data/external/weak-label-chips-v1/train/positive/wl-tile-v1-10393-pos-es-pba-20197.png	weak_label_candidate_for_model_v1	512	512	downloaded	valid	512	512	RGB	637264	1		https://www.ign.es/wms-inspire/pnoa-ma?SERVICE=WMS&VERSION=1.1.1&REQUEST=GetMap&LAYERS=OI.OrthoimageCoverage&STYLES=&SRS=EPSG%3A4326&BBOX=-8.55445034%2C42.92925116%2C-8.54816851%2C42.93385052&WIDTH=512&HEIGHT=512&FORMAT=image%2Fpng&TRANSPARENT=false	2026-08-01T00:00:00Z
weak-chip-export-v1-00790	wl-tile-v1-11298	wl-pos-pos-es-pba-56643	pos-es-pba-56643	1	positive	train	ES	As Cabarquellas. Os Mouros. O Castro. As Murallas	-7.257450858417286	41.95448303097479	-7.26054317,41.95218335,-7.25435855,41.95678271	512	ign_pnoa_rgb	https://www.ign.es/wms-inspire/pnoa-ma	OI.OrthoimageCoverage	data/external/weak-label-chips-v1/train/positive/wl-tile-v1-11298-pos-es-pba-56643.png	weak_label_candidate_for_model_v1	512	512	downloaded	valid	512	512	RGB	646163	1		https://www.ign.es/wms-inspire/pnoa-ma?SERVICE=WMS&VERSION=1.1.1&REQUEST=GetMap&LAYERS=OI.OrthoimageCoverage&STYLES=&SRS=EPSG%3A4326&BBOX=-7.26054317%2C41.95218335%2C-7.25435855%2C41.95678271&WIDTH=512&HEIGHT=512&FORMAT=image%2Fpng&TRANSPARENT=false	2026-08-01T00:00:00Z
weak-chip-export-v1-00791	wl-tile-v1-10311	wl-pos-pos-es-pba-27475	pos-es-pba-27475	1	positive	train	ES	As Casiñas de Coterras/Castro de Muruxeses	-8.101152244006782	43.164623132150865	-8.10430512,43.16232346,-8.09799937,43.16692281	512	ign_pnoa_rgb	https://www.ign.es/wms-inspire/pnoa-ma	OI.OrthoimageCoverage	data/external/weak-label-chips-v1/train/positive/wl-tile-v1-10311-pos-es-pba-27475.png	weak_label_candidate_for_model_v1	512	512	downloaded	valid	512	512	RGB	598589	1		https://www.ign.es/wms-inspire/pnoa-ma?SERVICE=WMS&VERSION=1.1.1&REQUEST=GetMap&LAYERS=OI.OrthoimageCoverage&STYLES=&SRS=EPSG%3A4326&BBOX=-8.10430512%2C43.16232346%2C-8.09799937%2C43.16692281&WIDTH=512&HEIGHT=512&FORMAT=image%2Fpng&TRANSPARENT=false	2026-08-01T00:00:00Z
weak-chip-export-v1-00792	wl-tile-v1-10436	wl-pos-pos-es-pba-24300	pos-es-pba-24300	1	positive	train	ES	As Castronelas	-8.061092005454002	43.018235715025476	-8.06423735,43.01593604,-8.05794666,43.02053539	512	ign_pnoa_rgb	https://www.ign.es/wms-inspire/pnoa-ma	OI.OrthoimageCoverage	data/external/weak-label-chips-v1/train/positive/wl-tile-v1-10436-pos-es-pba-24300.png	weak_label_candidate_for_model_v1	512	512	downloaded	valid	512	512	RGB	656624	1		https://www.ign.es/wms-inspire/pnoa-ma?SERVICE=WMS&VERSION=1.1.1&REQUEST=GetMap&LAYERS=OI.OrthoimageCoverage&STYLES=&SRS=EPSG%3A4326&BBOX=-8.06423735%2C43.01593604%2C-8.05794666%2C43.02053539&WIDTH=512&HEIGHT=512&FORMAT=image%2Fpng&TRANSPARENT=false	2026-08-01T00:00:00Z
weak-chip-export-v1-00793	wl-tile-v1-10250	wl-pos-pos-es-pba-15505	pos-es-pba-15505	1	positive	train	ES	As Cenicas/Castro de Vilasuso	-8.378646874246721	43.02467247611575	-8.38179255,43.02237280,-8.37550120,43.02697215	512	ign_pnoa_rgb	https://www.ign.es/wms-inspire/pnoa-ma	OI.OrthoimageCoverage	data/external/weak-label-chips-v1/train/positive/wl-tile-v1-10250-pos-es-pba-15505.png	weak_label_candidate_for_model_v1	512	512	downloaded	valid	512	512	RGB	627932	1		https://www.ign.es/wms-inspire/pnoa-ma?SERVICE=WMS&VERSION=1.1.1&REQUEST=GetMap&LAYERS=OI.OrthoimageCoverage&STYLES=&SRS=EPSG%3A4326&BBOX=-8.38179255%2C43.02237280%2C-8.37550120%2C43.02697215&WIDTH=512&HEIGHT=512&FORMAT=image%2Fpng&TRANSPARENT=false	2026-08-01T00:00:00Z
weak-chip-export-v1-00794	wl-tile-v1-10539	wl-pos-pos-es-pba-38688	pos-es-pba-38688	1	positive	train	ES	As Coroas/Fincas dos Castros e das Coroas/Castros de Xudán	-7.225507505848262	43.30065334099635	-7.22866742,43.29835366,-7.22234759,43.30295302	512	ign_pnoa_rgb	https://www.ign.es/wms-inspire/pnoa-ma	OI.OrthoimageCoverage	data/external/weak-label-chips-v1/train/positive/wl-tile-v1-10539-pos-es-pba-38688.png	weak_label_candidate_for_model_v1	512	512	downloaded	valid	512	512	RGB	656445	1		https://www.ign.es/wms-inspire/pnoa-ma?SERVICE=WMS&VERSION=1.1.1&REQUEST=GetMap&LAYERS=OI.OrthoimageCoverage&STYLES=&SRS=EPSG%3A4326&BBOX=-7.22866742%2C43.29835366%2C-7.22234759%2C43.30295302&WIDTH=512&HEIGHT=512&FORMAT=image%2Fpng&TRANSPARENT=false	2026-08-01T00:00:00Z
weak-chip-export-v1-00795	wl-tile-v1-10961	wl-pos-pos-es-pba-38902	pos-es-pba-38902	1	positive	train	ES	As Coroas/Os Castros/Monte das Croas/A Croa do Carballido	-7.288711555304902	43.140310103453054	-7.29186317,43.13801043,-7.28555994,43.14260978	512	ign_pnoa_rgb	https://www.ign.es/wms-inspire/pnoa-ma	OI.OrthoimageCoverage	data/external/weak-label-chips-v1/train/positive/wl-tile-v1-10961-pos-es-pba-38902.png	weak_label_candidate_for_model_v1	512	512	downloaded	valid	512	512	RGB	683549	1		https://www.ign.es/wms-inspire/pnoa-ma?SERVICE=WMS&VERSION=1.1.1&REQUEST=GetMap&LAYERS=OI.OrthoimageCoverage&STYLES=&SRS=EPSG%3A4326&BBOX=-7.29186317%2C43.13801043%2C-7.28555994%2C43.14260978&WIDTH=512&HEIGHT=512&FORMAT=image%2Fpng&TRANSPARENT=false	2026-08-01T00:00:00Z
weak-chip-export-v1-00796	wl-tile-v1-10312	wl-pos-pos-es-pba-27476	pos-es-pba-27476	1	positive	train	ES	As Croas/Castro de Oza/Castro de Carraceda	-8.172273609031572	43.224156030892374	-8.17542956,43.22185635,-8.16911766,43.22645571	512	ign_pnoa_rgb	https://www.ign.es/wms-inspire/pnoa-ma	OI.OrthoimageCoverage	data/external/weak-label-chips-v1/train/positive/wl-tile-v1-10312-pos-es-pba-27476.png	weak_label_candidate_for_model_v1	512	512	downloaded	valid	512	512	RGB	657070	1		https://www.ign.es/wms-inspire/pnoa-ma?SERVICE=WMS&VERSION=1.1.1&REQUEST=GetMap&LAYERS=OI.OrthoimageCoverage&STYLES=&SRS=EPSG%3A4326&BBOX=-8.17542956%2C43.22185635%2C-8.16911766%2C43.22645571&WIDTH=512&HEIGHT=512&FORMAT=image%2Fpng&TRANSPARENT=false	2026-08-01T00:00:00Z
weak-chip-export-v1-00797	wl-tile-v1-10577	wl-pos-pos-es-pba-42398	pos-es-pba-42398	1	positive	train	ES	As Croas/Os Castros	-7.238791249467945	42.880859604798836	-7.24192958,42.87855993,-7.23565292,42.88315928	512	ign_pnoa_rgb	https://www.ign.es/wms-inspire/pnoa-ma	OI.OrthoimageCoverage	data/external/weak-label-chips-v1/train/positive/wl-tile-v1-10577-pos-es-pba-42398.png	weak_label_candidate_for_model_v1	512	512	downloaded	valid	512	512	RGB	683659	1		https://www.ign.es/wms-inspire/pnoa-ma?SERVICE=WMS&VERSION=1.1.1&REQUEST=GetMap&LAYERS=OI.OrthoimageCoverage&STYLES=&SRS=EPSG%3A4326&BBOX=-7.24192958%2C42.87855993%2C-7.23565292%2C42.88315928&WIDTH=512&HEIGHT=512&FORMAT=image%2Fpng&TRANSPARENT=false	2026-08-01T00:00:00Z
weak-chip-export-v1-00798	wl-tile-v1-10578	wl-pos-pos-es-pba-42399	pos-es-pba-42399	1	positive	train	ES	As Croas/Os Castros	-7.248395902375665	42.84733526966195	-7.25153253,42.84503559,-7.24525927,42.84963495	512	ign_pnoa_rgb	https://www.ign.es/wms-inspire/pnoa-ma	OI.OrthoimageCoverage	data/external/weak-label-chips-v1/train/positive/wl-tile-v1-10578-pos-es-pba-42399.png	weak_label_candidate_for_model_v1	512	512	downloaded	valid	512	512	RGB	682243	1		https://www.ign.es/wms-inspire/pnoa-ma?SERVICE=WMS&VERSION=1.1.1&REQUEST=GetMap&LAYERS=OI.OrthoimageCoverage&STYLES=&SRS=EPSG%3A4326&BBOX=-7.25153253%2C42.84503559%2C-7.24525927%2C42.84963495&WIDTH=512&HEIGHT=512&FORMAT=image%2Fpng&TRANSPARENT=false	2026-08-01T00:00:00Z
weak-chip-export-v1-00799	wl-tile-v1-10579	wl-pos-pos-es-pba-42400	pos-es-pba-42400	1	positive	train	ES	As Croas/Os Castros	-7.302231521447278	42.938289494039864	-7.30537278,42.93598982,-7.29909026,42.94058917	512	ign_pnoa_rgb	https://www.ign.es/wms-inspire/pnoa-ma	OI.OrthoimageCoverage	data/external/weak-label-chips-v1/train/positive/wl-tile-v1-10579-pos-es-pba-42400.png	weak_label_candidate_for_model_v1	512	512	downloaded	valid	512	512	RGB	617549	1		https://www.ign.es/wms-inspire/pnoa-ma?SERVICE=WMS&VERSION=1.1.1&REQUEST=GetMap&LAYERS=OI.OrthoimageCoverage&STYLES=&SRS=EPSG%3A4326&BBOX=-7.30537278%2C42.93598982%2C-7.29909026%2C42.94058917&WIDTH=512&HEIGHT=512&FORMAT=image%2Fpng&TRANSPARENT=false	2026-08-01T00:00:00Z
weak-chip-export-v1-00800	wl-tile-v1-10580	wl-pos-pos-es-pba-42401	pos-es-pba-42401	1	positive	train	ES	As Croas/Os Castros	-7.198135639998299	42.97456698447582	-7.20127875,42.97226731,-7.19499253,42.97686666	512	ign_pnoa_rgb	https://www.ign.es/wms-inspire/pnoa-ma	OI.OrthoimageCoverage	data/external/weak-label-chips-v1/train/positive/wl-tile-v1-10580-pos-es-pba-42401.png	weak_label_candidate_for_model_v1	512	512	downloaded	valid	512	512	RGB	688196	1		https://www.ign.es/wms-inspire/pnoa-ma?SERVICE=WMS&VERSION=1.1.1&REQUEST=GetMap&LAYERS=OI.OrthoimageCoverage&STYLES=&SRS=EPSG%3A4326&BBOX=-7.20127875%2C42.97226731%2C-7.19499253%2C42.97686666&WIDTH=512&HEIGHT=512&FORMAT=image%2Fpng&TRANSPARENT=false	2026-08-01T00:00:00Z
weak-chip-export-v1-00801	wl-tile-v1-10962	wl-pos-pos-es-pba-38903	pos-es-pba-38903	1	positive	train	ES	As Croas/Os Castros	-7.357691613018918	43.187849949389616	-7.36084568,43.18555027,-7.35453754,43.19014963	512	ign_pnoa_rgb	https://www.ign.es/wms-inspire/pnoa-ma	OI.OrthoimageCoverage	data/external/weak-label-chips-v1/train/positive/wl-tile-v1-10962-pos-es-pba-38903.png	weak_label_candidate_for_model_v1	512	512	downloaded	valid	512	512	RGB	530457	1		https://www.ign.es/wms-inspire/pnoa-ma?SERVICE=WMS&VERSION=1.1.1&REQUEST=GetMap&LAYERS=OI.OrthoimageCoverage&STYLES=&SRS=EPSG%3A4326&BBOX=-7.36084568%2C43.18555027%2C-7.35453754%2C43.19014963&WIDTH=512&HEIGHT=512&FORMAT=image%2Fpng&TRANSPARENT=false	2026-08-01T00:00:00Z
weak-chip-export-v1-00802	wl-tile-v1-10457	wl-pos-pos-es-pba-25147	pos-es-pba-25147	1	positive	train	ES	As Medorras de Castro	-8.49740099426879	43.05250942529274	-8.50054810,43.05020975,-8.49425389,43.05480910	512	ign_pnoa_rgb	https://www.ign.es/wms-inspire/pnoa-ma	OI.OrthoimageCoverage	data/external/weak-label-chips-v1/train/positive/wl-tile-v1-10457-pos-es-pba-25147.png	weak_label_candidate_for_model_v1	512	512	downloaded	valid	512	512	RGB	378968	1		https://www.ign.es/wms-inspire/pnoa-ma?SERVICE=WMS&VERSION=1.1.1&REQUEST=GetMap&LAYERS=OI.OrthoimageCoverage&STYLES=&SRS=EPSG%3A4326&BBOX=-8.50054810%2C43.05020975%2C-8.49425389%2C43.05480910&WIDTH=512&HEIGHT=512&FORMAT=image%2Fpng&TRANSPARENT=false	2026-08-01T00:00:00Z
weak-chip-export-v1-00803	wl-tile-v1-10070	wl-pos-pos-es-pba-5747	pos-es-pba-5747	1	positive	train	ES	As Picureas do Castro/As Quenllas	-8.729405400435878	43.194333225838534	-8.73255981,43.19203355,-8.72625099,43.19663290	512	ign_pnoa_rgb	https://www.ign.es/wms-inspire/pnoa-ma	OI.OrthoimageCoverage	data/external/weak-label-chips-v1/train/positive/wl-tile-v1-10070-pos-es-pba-5747.png	weak_label_candidate_for_model_v1	512	512	downloaded	valid	512	512	RGB	611820	1		https://www.ign.es/wms-inspire/pnoa-ma?SERVICE=WMS&VERSION=1.1.1&REQUEST=GetMap&LAYERS=OI.OrthoimageCoverage&STYLES=&SRS=EPSG%3A4326&BBOX=-8.73255981%2C43.19203355%2C-8.72625099%2C43.19663290&WIDTH=512&HEIGHT=512&FORMAT=image%2Fpng&TRANSPARENT=false	2026-08-01T00:00:00Z
weak-chip-export-v1-00804	wl-tile-v1-11308	wl-pos-pos-es-pba-56964	pos-es-pba-56964	1	positive	train	ES	As Portas	-6.894863374203844	42.461568188501246	-6.89798061,42.45926851,-6.89174614,42.46386787	512	ign_pnoa_rgb	https://www.ign.es/wms-inspire/pnoa-ma	OI.OrthoimageCoverage	data/external/weak-label-chips-v1/train/positive/wl-tile-v1-11308-pos-es-pba-56964.png	weak_label_candidate_for_model_v1	512	512	downloaded	valid	512	512	RGB	689788	1		https://www.ign.es/wms-inspire/pnoa-ma?SERVICE=WMS&VERSION=1.1.1&REQUEST=GetMap&LAYERS=OI.OrthoimageCoverage&STYLES=&SRS=EPSG%3A4326&BBOX=-6.89798061%2C42.45926851%2C-6.89174614%2C42.46386787&WIDTH=512&HEIGHT=512&FORMAT=image%2Fpng&TRANSPARENT=false	2026-08-01T00:00:00Z
weak-chip-export-v1-00805	wl-tile-v1-11560	wl-pos-pos-es-pba-78344	pos-es-pba-78344	1	positive	train	ES	Asentamento do Castro	-8.603196816590163	42.144109222191055	-8.60629837,42.14180955,-8.60009526,42.14640890	512	ign_pnoa_rgb	https://www.ign.es/wms-inspire/pnoa-ma	OI.OrthoimageCoverage	data/external/weak-label-chips-v1/train/positive/wl-tile-v1-11560-pos-es-pba-78344.png	weak_label_candidate_for_model_v1	512	512	downloaded	valid	512	512	RGB	661428	1		https://www.ign.es/wms-inspire/pnoa-ma?SERVICE=WMS&VERSION=1.1.1&REQUEST=GetMap&LAYERS=OI.OrthoimageCoverage&STYLES=&SRS=EPSG%3A4326&BBOX=-8.60629837%2C42.14180955%2C-8.60009526%2C42.14640890&WIDTH=512&HEIGHT=512&FORMAT=image%2Fpng&TRANSPARENT=false	2026-08-01T00:00:00Z
weak-chip-export-v1-00806	wl-tile-v1-10484	wl-pos-pos-es-pba-24373	pos-es-pba-24373	1	positive	train	ES	Bico do Castro	-8.660805947532337	42.962559627055604	-8.66394844,42.96025995,-8.65766345,42.96485930	512	ign_pnoa_rgb	https://www.ign.es/wms-inspire/pnoa-ma	OI.OrthoimageCoverage	data/external/weak-label-chips-v1/train/positive/wl-tile-v1-10484-pos-es-pba-24373.png	weak_label_candidate_for_model_v1	512	512	downloaded	valid	512	512	RGB	671755	1		https://www.ign.es/wms-inspire/pnoa-ma?SERVICE=WMS&VERSION=1.1.1&REQUEST=GetMap&LAYERS=OI.OrthoimageCoverage&STYLES=&SRS=EPSG%3A4326&BBOX=-8.66394844%2C42.96025995%2C-8.65766345%2C42.96485930&WIDTH=512&HEIGHT=512&FORMAT=image%2Fpng&TRANSPARENT=false	2026-08-01T00:00:00Z
weak-chip-export-v1-00807	wl-tile-v1-11309	wl-pos-pos-es-pba-56965	pos-es-pba-56965	1	positive	train	ES	Cabeza do Castro	-6.950072104387649	42.44986597742958	-6.95318875,42.44756630,-6.94695545,42.45216565	512	ign_pnoa_rgb	https://www.ign.es/wms-inspire/pnoa-ma	OI.OrthoimageCoverage	data/external/weak-label-chips-v1/train/positive/wl-tile-v1-11309-pos-es-pba-56965.png	weak_label_candidate_for_model_v1	512	512	downloaded	valid	512	512	RGB	642887	1		https://www.ign.es/wms-inspire/pnoa-ma?SERVICE=WMS&VERSION=1.1.1&REQUEST=GetMap&LAYERS=OI.OrthoimageCoverage&STYLES=&SRS=EPSG%3A4326&BBOX=-6.95318875%2C42.44756630%2C-6.94695545%2C42.45216565&WIDTH=512&HEIGHT=512&FORMAT=image%2Fpng&TRANSPARENT=false	2026-08-01T00:00:00Z
weak-chip-export-v1-00808	wl-tile-v1-10548	wl-pos-pos-es-pba-26686	pos-es-pba-26686	1	positive	train	ES	Calvario da Igrexa de San Salvador do Castro de Ouro	-7.408848509539907	43.52752494286184	-7.41202029,43.52522527,-7.40567673,43.52982462	512	ign_pnoa_rgb	https://www.ign.es/wms-inspire/pnoa-ma	OI.OrthoimageCoverage	data/external/weak-label-chips-v1/train/positive/wl-tile-v1-10548-pos-es-pba-26686.png	weak_label_candidate_for_model_v1	512	512	downloaded	valid	512	512	RGB	619344	1		https://www.ign.es/wms-inspire/pnoa-ma?SERVICE=WMS&VERSION=1.1.1&REQUEST=GetMap&LAYERS=OI.OrthoimageCoverage&STYLES=&SRS=EPSG%3A4326&BBOX=-7.41202029%2C43.52522527%2C-7.40567673%2C43.52982462&WIDTH=512&HEIGHT=512&FORMAT=image%2Fpng&TRANSPARENT=false	2026-08-01T00:00:00Z
weak-chip-export-v1-00809	wl-tile-v1-11228	wl-pos-pos-es-pba-48170	pos-es-pba-48170	1	positive	train	ES	Camiño da Costa/Camiño do Castro	-8.065266750994347	42.334764727203265	-8.06837769,42.33246505,-8.06215581,42.33706440	512	ign_pnoa_rgb	https://www.ign.es/wms-inspire/pnoa-ma	OI.OrthoimageCoverage	data/external/weak-label-chips-v1/train/positive/wl-tile-v1-11228-pos-es-pba-48170.png	weak_label_candidate_for_model_v1	512	512	downloaded	valid	512	512	RGB	678594	1		https://www.ign.es/wms-inspire/pnoa-ma?SERVICE=WMS&VERSION=1.1.1&REQUEST=GetMap&LAYERS=OI.OrthoimageCoverage&STYLES=&SRS=EPSG%3A4326&BBOX=-8.06837769%2C42.33246505%2C-8.06215581%2C42.33706440&WIDTH=512&HEIGHT=512&FORMAT=image%2Fpng&TRANSPARENT=false	2026-08-01T00:00:00Z
weak-chip-export-v1-00810	wl-tile-v1-10232	wl-pos-pos-es-pba-19426	pos-es-pba-19426	1	positive	train	ES	Camiño principal de acceso ao Castro	-9.030154723834757	42.69459104631455	-9.03328363,42.69229137,-9.02702582,42.69689072	512	ign_pnoa_rgb	https://www.ign.es/wms-inspire/pnoa-ma	OI.OrthoimageCoverage	data/external/weak-label-chips-v1/train/positive/wl-tile-v1-10232-pos-es-pba-19426.png	weak_label_candidate_for_model_v1	512	512	downloaded	valid	512	512	RGB	604430	1		https://www.ign.es/wms-inspire/pnoa-ma?SERVICE=WMS&VERSION=1.1.1&REQUEST=GetMap&LAYERS=OI.OrthoimageCoverage&STYLES=&SRS=EPSG%3A4326&BBOX=-9.03328363%2C42.69229137%2C-9.02702582%2C42.69689072&WIDTH=512&HEIGHT=512&FORMAT=image%2Fpng&TRANSPARENT=false	2026-08-01T00:00:00Z
weak-chip-export-v1-00811	wl-tile-v1-09970	wl-pos-pos-es-pba-4275	pos-es-pba-4275	1	positive	train	ES	Campo da Romaría de San Fins de Castro	-8.923593320278984	43.20537873969076	-8.92674830,43.20307906,-8.92043834,43.20767842	512	ign_pnoa_rgb	https://www.ign.es/wms-inspire/pnoa-ma	OI.OrthoimageCoverage	data/external/weak-label-chips-v1/train/positive/wl-tile-v1-09970-pos-es-pba-4275.png	weak_label_candidate_for_model_v1	512	512	downloaded	valid	512	512	RGB	672965	1		https://www.ign.es/wms-inspire/pnoa-ma?SERVICE=WMS&VERSION=1.1.1&REQUEST=GetMap&LAYERS=OI.OrthoimageCoverage&STYLES=&SRS=EPSG%3A4326&BBOX=-8.92674830%2C43.20307906%2C-8.92043834%2C43.20767842&WIDTH=512&HEIGHT=512&FORMAT=image%2Fpng&TRANSPARENT=false	2026-08-01T00:00:00Z
weak-chip-export-v1-00812	wl-tile-v1-10033	wl-pos-pos-es-pba-6059	pos-es-pba-6059	1	positive	train	ES	Campo do Castro	-8.07334472362092	43.660000306503385	-8.07652349,43.65770063,-8.07016596,43.66229998	512	ign_pnoa_rgb	https://www.ign.es/wms-inspire/pnoa-ma	OI.OrthoimageCoverage	data/external/weak-label-chips-v1/train/positive/wl-tile-v1-10033-pos-es-pba-6059.png	weak_label_candidate_for_model_v1	512	512	downloaded	valid	512	512	RGB	603509	1		https://www.ign.es/wms-inspire/pnoa-ma?SERVICE=WMS&VERSION=1.1.1&REQUEST=GetMap&LAYERS=OI.OrthoimageCoverage&STYLES=&SRS=EPSG%3A4326&BBOX=-8.07652349%2C43.65770063%2C-8.07016596%2C43.66229998&WIDTH=512&HEIGHT=512&FORMAT=image%2Fpng&TRANSPARENT=false	2026-08-01T00:00:00Z
weak-chip-export-v1-00813	wl-tile-v1-11459	wl-pos-pos-es-pba-63992	pos-es-pba-63992	1	positive	train	ES	Capela da Nosa Señora dos Remedios do Castro	-8.3362594029189	42.526580652685844	-8.33937988,42.52428098,-8.33313893,42.52888033	512	ign_pnoa_rgb	https://www.ign.es/wms-inspire/pnoa-ma	OI.OrthoimageCoverage	data/external/weak-label-chips-v1/train/positive/wl-tile-v1-11459-pos-es-pba-63992.png	weak_label_candidate_for_model_v1	512	512	downloaded	valid	512	512	RGB	633749	1		https://www.ign.es/wms-inspire/pnoa-ma?SERVICE=WMS&VERSION=1.1.1&REQUEST=GetMap&LAYERS=OI.OrthoimageCoverage&STYLES=&SRS=EPSG%3A4326&BBOX=-8.33937988%2C42.52428098%2C-8.33313893%2C42.52888033&WIDTH=512&HEIGHT=512&FORMAT=image%2Fpng&TRANSPARENT=false	2026-08-01T00:00:00Z
weak-chip-export-v1-00814	wl-tile-v1-11269	wl-pos-pos-es-pba-52211	pos-es-pba-52211	1	positive	train	ES	Capela da Virxe do Castro en Guntumil	-7.915810675510634	41.9064243527951	-7.91890066,41.90412468,-7.91272070,41.90872403	512	ign_pnoa_rgb	https://www.ign.es/wms-inspire/pnoa-ma	OI.OrthoimageCoverage	data/external/weak-label-chips-v1/train/positive/wl-tile-v1-11269-pos-es-pba-52211.png	weak_label_candidate_for_model_v1	512	512	downloaded	valid	512	512	RGB	677991	1		https://www.ign.es/wms-inspire/pnoa-ma?SERVICE=WMS&VERSION=1.1.1&REQUEST=GetMap&LAYERS=OI.OrthoimageCoverage&STYLES=&SRS=EPSG%3A4326&BBOX=-7.91890066%2C41.90412468%2C-7.91272070%2C41.90872403&WIDTH=512&HEIGHT=512&FORMAT=image%2Fpng&TRANSPARENT=false	2026-08-01T00:00:00Z
weak-chip-export-v1-00815	wl-tile-v1-10689	wl-pos-pos-es-pba-28838	pos-es-pba-28838	1	positive	train	ES	Capela de Castro Portela	-7.266685870743455	42.54035611024511	-7.26980703,42.53805643,-7.26356471,42.54265579	512	ign_pnoa_rgb	https://www.ign.es/wms-inspire/pnoa-ma	OI.OrthoimageCoverage	data/external/weak-label-chips-v1/train/positive/wl-tile-v1-10689-pos-es-pba-28838.png	weak_label_candidate_for_model_v1	512	512	downloaded	valid	512	512	RGB	704975	1		https://www.ign.es/wms-inspire/pnoa-ma?SERVICE=WMS&VERSION=1.1.1&REQUEST=GetMap&LAYERS=OI.OrthoimageCoverage&STYLES=&SRS=EPSG%3A4326&BBOX=-7.26980703%2C42.53805643%2C-7.26356471%2C42.54265579&WIDTH=512&HEIGHT=512&FORMAT=image%2Fpng&TRANSPARENT=false	2026-08-01T00:00:00Z
weak-chip-export-v1-00816	wl-tile-v1-10351	wl-pos-pos-es-pba-20591	pos-es-pba-20591	1	positive	train	ES	Capela de San Roque no Castro de Samoedo	-8.270348967490676	43.33874102240699	-8.27351087,43.33644135,-8.26718707,43.34104070	512	ign_pnoa_rgb	https://www.ign.es/wms-inspire/pnoa-ma	OI.OrthoimageCoverage	data/external/weak-label-chips-v1/train/positive/wl-tile-v1-10351-pos-es-pba-20591.png	weak_label_candidate_for_model_v1	512	512	downloaded	valid	512	512	RGB	704110	1		https://www.ign.es/wms-inspire/pnoa-ma?SERVICE=WMS&VERSION=1.1.1&REQUEST=GetMap&LAYERS=OI.OrthoimageCoverage&STYLES=&SRS=EPSG%3A4326&BBOX=-8.27351087%2C43.33644135%2C-8.26718707%2C43.34104070&WIDTH=512&HEIGHT=512&FORMAT=image%2Fpng&TRANSPARENT=false	2026-08-01T00:00:00Z
weak-chip-export-v1-00817	wl-tile-v1-10794	wl-pos-pos-es-pba-34283	pos-es-pba-34283	1	positive	train	ES	Capela de Santiago no Castro	-7.327690736860815	43.41738938137687	-7.33085674,43.41508970,-7.32452473,43.41968906	512	ign_pnoa_rgb	https://www.ign.es/wms-inspire/pnoa-ma	OI.OrthoimageCoverage	data/external/weak-label-chips-v1/train/positive/wl-tile-v1-10794-pos-es-pba-34283.png	weak_label_candidate_for_model_v1	512	512	downloaded	valid	512	512	RGB	624228	1		https://www.ign.es/wms-inspire/pnoa-ma?SERVICE=WMS&VERSION=1.1.1&REQUEST=GetMap&LAYERS=OI.OrthoimageCoverage&STYLES=&SRS=EPSG%3A4326&BBOX=-7.33085674%2C43.41508970%2C-7.32452473%2C43.41968906&WIDTH=512&HEIGHT=512&FORMAT=image%2Fpng&TRANSPARENT=false	2026-08-01T00:00:00Z
weak-chip-export-v1-00818	wl-tile-v1-11674	wl-pos-pos-es-pba-74887	pos-es-pba-74887	1	positive	train	ES	Capela dos Castros – Capela de San Roque	-8.30405866816096	42.81393702572845	-8.30719360,42.81163735,-8.30092373,42.81623670	512	ign_pnoa_rgb	https://www.ign.es/wms-inspire/pnoa-ma	OI.OrthoimageCoverage	data/external/weak-label-chips-v1/train/positive/wl-tile-v1-11674-pos-es-pba-74887.png	weak_label_candidate_for_model_v1	512	512	downloaded	valid	512	512	RGB	683473	1		https://www.ign.es/wms-inspire/pnoa-ma?SERVICE=WMS&VERSION=1.1.1&REQUEST=GetMap&LAYERS=OI.OrthoimageCoverage&STYLES=&SRS=EPSG%3A4326&BBOX=-8.30719360%2C42.81163735%2C-8.30092373%2C42.81623670&WIDTH=512&HEIGHT=512&FORMAT=image%2Fpng&TRANSPARENT=false	2026-08-01T00:00:00Z
weak-chip-export-v1-00819	wl-tile-v1-10294	wl-pos-pos-es-pba-27586	pos-es-pba-27586	1	positive	train	ES	Casa Forte do Castronou de Eirís	-8.170854703360163	43.2234525896818	-8.17401062,43.22115291,-8.16769879,43.22575227	512	ign_pnoa_rgb	https://www.ign.es/wms-inspire/pnoa-ma	OI.OrthoimageCoverage	data/external/weak-label-chips-v1/train/positive/wl-tile-v1-10294-pos-es-pba-27586.png	weak_label_candidate_for_model_v1	512	512	downloaded	valid	512	512	RGB	673893	1		https://www.ign.es/wms-inspire/pnoa-ma?SERVICE=WMS&VERSION=1.1.1&REQUEST=GetMap&LAYERS=OI.OrthoimageCoverage&STYLES=&SRS=EPSG%3A4326&BBOX=-8.17401062%2C43.22115291%2C-8.16769879%2C43.22575227&WIDTH=512&HEIGHT=512&FORMAT=image%2Fpng&TRANSPARENT=false	2026-08-01T00:00:00Z
weak-chip-export-v1-00820	wl-tile-v1-11264	wl-pos-pos-es-pba-52266	pos-es-pba-52266	1	positive	train	ES	Castelo das Chás/Citania das Laxes das Chás/A Cerca/Castro de Lobarz n	-7.493169829647384	41.91688551511041	-7.49626032,41.91458584,-7.49007934,41.91918519	512	ign_pnoa_rgb	https://www.ign.es/wms-inspire/pnoa-ma	OI.OrthoimageCoverage	data/external/weak-label-chips-v1/train/positive/wl-tile-v1-11264-pos-es-pba-52266.png	weak_label_candidate_for_model_v1	512	512	downloaded	valid	512	512	RGB	679056	1		https://www.ign.es/wms-inspire/pnoa-ma?SERVICE=WMS&VERSION=1.1.1&REQUEST=GetMap&LAYERS=OI.OrthoimageCoverage&STYLES=&SRS=EPSG%3A4326&BBOX=-7.49626032%2C41.91458584%2C-7.49007934%2C41.91918519&WIDTH=512&HEIGHT=512&FORMAT=image%2Fpng&TRANSPARENT=false	2026-08-01T00:00:00Z
weak-chip-export-v1-00821	wl-tile-v1-11004	wl-pos-pos-es-pba-41947	pos-es-pba-41947	1	positive	train	ES	Castelo de Loureiro/Os Castros de Castelo	-7.389154159906522	42.71618465874762	-7.39228415,42.71388498,-7.38602417,42.71848434	512	ign_pnoa_rgb	https://www.ign.es/wms-inspire/pnoa-ma	OI.OrthoimageCoverage	data/external/weak-label-chips-v1/train/positive/wl-tile-v1-11004-pos-es-pba-41947.png	weak_label_candidate_for_model_v1	512	512	downloaded	valid	512	512	RGB	620600	1		https://www.ign.es/wms-inspire/pnoa-ma?SERVICE=WMS&VERSION=1.1.1&REQUEST=GetMap&LAYERS=OI.OrthoimageCoverage&STYLES=&SRS=EPSG%3A4326&BBOX=-7.39228415%2C42.71388498%2C-7.38602417%2C42.71848434&WIDTH=512&HEIGHT=512&FORMAT=image%2Fpng&TRANSPARENT=false	2026-08-01T00:00:00Z
weak-chip-export-v1-00822	wl-tile-v1-09866	wl-pos-pos-es-pba-1186	pos-es-pba-1186	1	positive	train	ES	Castelo de Rodado/Castro de Gosende	-8.802837179521353	42.99406417811803	-8.80598129,42.99176450,-8.79969307,42.99636385	512	ign_pnoa_rgb	https://www.ign.es/wms-inspire/pnoa-ma	OI.OrthoimageCoverage	data/external/weak-label-chips-v1/train/positive/wl-tile-v1-09866-pos-es-pba-1186.png	weak_label_candidate_for_model_v1	512	512	downloaded	valid	512	512	RGB	612218	1		https://www.ign.es/wms-inspire/pnoa-ma?SERVICE=WMS&VERSION=1.1.1&REQUEST=GetMap&LAYERS=OI.OrthoimageCoverage&STYLES=&SRS=EPSG%3A4326&BBOX=-8.80598129%2C42.99176450%2C-8.79969307%2C42.99636385&WIDTH=512&HEIGHT=512&FORMAT=image%2Fpng&TRANSPARENT=false	2026-08-01T00:00:00Z
weak-chip-export-v1-00823	wl-tile-v1-11390	wl-pos-pos-es-pba-60005	pos-es-pba-60005	1	positive	train	ES	Castelo/Castro de Casás	-8.66776008475559	42.52882778103003	-8.67088067,42.52652810,-8.66463950,42.53112746	512	ign_pnoa_rgb	https://www.ign.es/wms-inspire/pnoa-ma	OI.OrthoimageCoverage	data/external/weak-label-chips-v1/train/positive/wl-tile-v1-11390-pos-es-pba-60005.png	weak_label_candidate_for_model_v1	512	512	downloaded	valid	512	512	RGB	669326	1		https://www.ign.es/wms-inspire/pnoa-ma?SERVICE=WMS&VERSION=1.1.1&REQUEST=GetMap&LAYERS=OI.OrthoimageCoverage&STYLES=&SRS=EPSG%3A4326&BBOX=-8.67088067%2C42.52652810%2C-8.66463950%2C42.53112746&WIDTH=512&HEIGHT=512&FORMAT=image%2Fpng&TRANSPARENT=false	2026-08-01T00:00:00Z
weak-chip-export-v1-00824	wl-tile-v1-11402	wl-pos-pos-es-pba-62902	pos-es-pba-62902	1	positive	train	ES	Castrelin	-8.849945024785598	42.28935433386379	-8.85305372,42.28705466,-8.84683633,42.29165401	512	ign_pnoa_rgb	https://www.ign.es/wms-inspire/pnoa-ma	OI.OrthoimageCoverage	data/external/weak-label-chips-v1/train/positive/wl-tile-v1-11402-pos-es-pba-62902.png	weak_label_candidate_for_model_v1	512	512	downloaded	valid	512	512	RGB	706003	1		https://www.ign.es/wms-inspire/pnoa-ma?SERVICE=WMS&VERSION=1.1.1&REQUEST=GetMap&LAYERS=OI.OrthoimageCoverage&STYLES=&SRS=EPSG%3A4326&BBOX=-8.85305372%2C42.28705466%2C-8.84683633%2C42.29165401&WIDTH=512&HEIGHT=512&FORMAT=image%2Fpng&TRANSPARENT=false	2026-08-01T00:00:00Z
weak-chip-export-v1-00825	wl-tile-v1-11440	wl-pos-pos-es-pba-64596	pos-es-pba-64596	1	positive	train	ES	Castreliño/O Castriño	-8.551121546620902	42.61567799157381	-8.55424648,42.61337831,-8.54799661,42.61797767	512	ign_pnoa_rgb	https://www.ign.es/wms-inspire/pnoa-ma	OI.OrthoimageCoverage	data/external/weak-label-chips-v1/train/positive/wl-tile-v1-11440-pos-es-pba-64596.png	weak_label_candidate_for_model_v1	512	512	downloaded	valid	512	512	RGB	673955	1		https://www.ign.es/wms-inspire/pnoa-ma?SERVICE=WMS&VERSION=1.1.1&REQUEST=GetMap&LAYERS=OI.OrthoimageCoverage&STYLES=&SRS=EPSG%3A4326&BBOX=-8.55424648%2C42.61337831%2C-8.54799661%2C42.61797767&WIDTH=512&HEIGHT=512&FORMAT=image%2Fpng&TRANSPARENT=false	2026-08-01T00:00:00Z
weak-chip-export-v1-00826	wl-tile-v1-11622	wl-pos-pos-es-pba-70136	pos-es-pba-70136	1	positive	train	ES	Castrillón	-8.350374754808254	42.75715841705547	-8.35350681,42.75485874,-8.34724269,42.75945809	512	ign_pnoa_rgb	https://www.ign.es/wms-inspire/pnoa-ma	OI.OrthoimageCoverage	data/external/weak-label-chips-v1/train/positive/wl-tile-v1-11622-pos-es-pba-70136.png	weak_label_candidate_for_model_v1	512	512	downloaded	valid	512	512	RGB	631284	1		https://www.ign.es/wms-inspire/pnoa-ma?SERVICE=WMS&VERSION=1.1.1&REQUEST=GetMap&LAYERS=OI.OrthoimageCoverage&STYLES=&SRS=EPSG%3A4326&BBOX=-8.35350681%2C42.75485874%2C-8.34724269%2C42.75945809&WIDTH=512&HEIGHT=512&FORMAT=image%2Fpng&TRANSPARENT=false	2026-08-01T00:00:00Z
weak-chip-export-v1-00827	wl-tile-v1-09989	wl-pos-pos-es-pba-3481	pos-es-pba-3481	1	positive	train	ES	Castrillón/Castro de Santa Eirena	-8.678231382756023	43.28427950813475	-8.68139045,43.28197983,-8.67507232,43.28657918	512	ign_pnoa_rgb	https://www.ign.es/wms-inspire/pnoa-ma	OI.OrthoimageCoverage	data/external/weak-label-chips-v1/train/positive/wl-tile-v1-09989-pos-es-pba-3481.png	weak_label_candidate_for_model_v1	512	512	downloaded	valid	512	512	RGB	671782	1		https://www.ign.es/wms-inspire/pnoa-ma?SERVICE=WMS&VERSION=1.1.1&REQUEST=GetMap&LAYERS=OI.OrthoimageCoverage&STYLES=&SRS=EPSG%3A4326&BBOX=-8.68139045%2C43.28197983%2C-8.67507232%2C43.28657918&WIDTH=512&HEIGHT=512&FORMAT=image%2Fpng&TRANSPARENT=false	2026-08-01T00:00:00Z
weak-chip-export-v1-00828	wl-tile-v1-11490	wl-pos-pos-es-pba-65313	pos-es-pba-65313	1	positive	train	ES	Castriño da Barreira	-8.11468647149243	42.6764142021231	-8.11781446,42.67411453,-8.11155848,42.67871388	512	ign_pnoa_rgb	https://www.ign.es/wms-inspire/pnoa-ma	OI.OrthoimageCoverage	data/external/weak-label-chips-v1/train/positive/wl-tile-v1-11490-pos-es-pba-65313.png	weak_label_candidate_for_model_v1	512	512	downloaded	valid	512	512	RGB	655673	1		https://www.ign.es/wms-inspire/pnoa-ma?SERVICE=WMS&VERSION=1.1.1&REQUEST=GetMap&LAYERS=OI.OrthoimageCoverage&STYLES=&SRS=EPSG%3A4326&BBOX=-8.11781446%2C42.67411453%2C-8.11155848%2C42.67871388&WIDTH=512&HEIGHT=512&FORMAT=image%2Fpng&TRANSPARENT=false	2026-08-01T00:00:00Z
weak-chip-export-v1-00829	wl-tile-v1-11491	wl-pos-pos-es-pba-65423	pos-es-pba-65423	1	positive	train	ES	Castriño de Bendoiro	-8.172902883692927	42.67633285398437	-8.17603087,42.67403318,-8.16977490,42.67863253	512	ign_pnoa_rgb	https://www.ign.es/wms-inspire/pnoa-ma	OI.OrthoimageCoverage	data/external/weak-label-chips-v1/train/positive/wl-tile-v1-11491-pos-es-pba-65423.png	weak_label_candidate_for_model_v1	512	512	downloaded	valid	512	512	RGB	665273	1		https://www.ign.es/wms-inspire/pnoa-ma?SERVICE=WMS&VERSION=1.1.1&REQUEST=GetMap&LAYERS=OI.OrthoimageCoverage&STYLES=&SRS=EPSG%3A4326&BBOX=-8.17603087%2C42.67403318%2C-8.16977490%2C42.67863253&WIDTH=512&HEIGHT=512&FORMAT=image%2Fpng&TRANSPARENT=false	2026-08-01T00:00:00Z
weak-chip-export-v1-00830	wl-tile-v1-10017	wl-pos-pos-es-pba-27145	pos-es-pba-27145	1	positive	train	ES	Castro	-7.9049569439217855	43.727567432846456	-7.90813929,43.72526776,-7.90177459,43.72986711	512	ign_pnoa_rgb	https://www.ign.es/wms-inspire/pnoa-ma	OI.OrthoimageCoverage	data/external/weak-label-chips-v1/train/positive/wl-tile-v1-10017-pos-es-pba-27145.png	weak_label_candidate_for_model_v1	512	512	downloaded	valid	512	512	RGB	665467	1		https://www.ign.es/wms-inspire/pnoa-ma?SERVICE=WMS&VERSION=1.1.1&REQUEST=GetMap&LAYERS=OI.OrthoimageCoverage&STYLES=&SRS=EPSG%3A4326&BBOX=-7.90813929%2C43.72526776%2C-7.90177459%2C43.72986711&WIDTH=512&HEIGHT=512&FORMAT=image%2Fpng&TRANSPARENT=false	2026-08-01T00:00:00Z
weak-chip-export-v1-00831	wl-tile-v1-10634	wl-pos-pos-es-pba-28478	pos-es-pba-28478	1	positive	train	ES	Castro	-7.879560473409384	42.542720675316225	-7.88268175,42.54042100,-7.87643919,42.54502035	512	ign_pnoa_rgb	https://www.ign.es/wms-inspire/pnoa-ma	OI.OrthoimageCoverage	data/external/weak-label-chips-v1/train/positive/wl-tile-v1-10634-pos-es-pba-28478.png	weak_label_candidate_for_model_v1	512	512	downloaded	valid	512	512	RGB	602479	1		https://www.ign.es/wms-inspire/pnoa-ma?SERVICE=WMS&VERSION=1.1.1&REQUEST=GetMap&LAYERS=OI.OrthoimageCoverage&STYLES=&SRS=EPSG%3A4326&BBOX=-7.88268175%2C42.54042100%2C-7.87643919%2C42.54502035&WIDTH=512&HEIGHT=512&FORMAT=image%2Fpng&TRANSPARENT=false	2026-08-01T00:00:00Z
weak-chip-export-v1-00832	wl-tile-v1-10745	wl-pos-pos-es-pba-31769	pos-es-pba-31769	1	positive	train	ES	Castro	-7.30231624539498	43.47250538984714	-7.30548513,43.47020571,-7.29914736,43.47480507	512	ign_pnoa_rgb	https://www.ign.es/wms-inspire/pnoa-ma	OI.OrthoimageCoverage	data/external/weak-label-chips-v1/train/positive/wl-tile-v1-10745-pos-es-pba-31769.png	weak_label_candidate_for_model_v1	512	512	downloaded	valid	512	512	RGB	638389	1		https://www.ign.es/wms-inspire/pnoa-ma?SERVICE=WMS&VERSION=1.1.1&REQUEST=GetMap&LAYERS=OI.OrthoimageCoverage&STYLES=&SRS=EPSG%3A4326&BBOX=-7.30548513%2C43.47020571%2C-7.29914736%2C43.47480507&WIDTH=512&HEIGHT=512&FORMAT=image%2Fpng&TRANSPARENT=false	2026-08-01T00:00:00Z
weak-chip-export-v1-00833	wl-tile-v1-11094	wl-pos-pos-es-pba-43144	pos-es-pba-43144	1	positive	train	ES	Castro	-7.592969278494972	43.67920104294244	-7.59614906,43.67690137,-7.58978949,43.68150072	512	ign_pnoa_rgb	https://www.ign.es/wms-inspire/pnoa-ma	OI.OrthoimageCoverage	data/external/weak-label-chips-v1/train/positive/wl-tile-v1-11094-pos-es-pba-43144.png	weak_label_candidate_for_model_v1	512	512	downloaded	valid	512	512	RGB	641520	1		https://www.ign.es/wms-inspire/pnoa-ma?SERVICE=WMS&VERSION=1.1.1&REQUEST=GetMap&LAYERS=OI.OrthoimageCoverage&STYLES=&SRS=EPSG%3A4326&BBOX=-7.59614906%2C43.67690137%2C-7.58978949%2C43.68150072&WIDTH=512&HEIGHT=512&FORMAT=image%2Fpng&TRANSPARENT=false	2026-08-01T00:00:00Z
weak-chip-export-v1-00834	wl-tile-v1-11590	wl-pos-pos-es-pba-69614	pos-es-pba-69614	1	positive	train	ES	Castro	-8.647312468991412	42.41059383623295	-8.65042717,42.40829416,-8.64419777,42.41289351	512	ign_pnoa_rgb	https://www.ign.es/wms-inspire/pnoa-ma	OI.OrthoimageCoverage	data/external/weak-label-chips-v1/train/positive/wl-tile-v1-11590-pos-es-pba-69614.png	weak_label_candidate_for_model_v1	512	512	downloaded	valid	512	512	RGB	679241	1		https://www.ign.es/wms-inspire/pnoa-ma?SERVICE=WMS&VERSION=1.1.1&REQUEST=GetMap&LAYERS=OI.OrthoimageCoverage&STYLES=&SRS=EPSG%3A4326&BBOX=-8.65042717%2C42.40829416%2C-8.64419777%2C42.41289351&WIDTH=512&HEIGHT=512&FORMAT=image%2Fpng&TRANSPARENT=false	2026-08-01T00:00:00Z
weak-chip-export-v1-00835	wl-tile-v1-11603	wl-pos-pos-es-pba-69686	pos-es-pba-69686	1	positive	train	ES	Castro	-8.476384777174543	42.12890307743764	-8.47948559,42.12660340,-8.47328397,42.13120275	512	ign_pnoa_rgb	https://www.ign.es/wms-inspire/pnoa-ma	OI.OrthoimageCoverage	data/external/weak-label-chips-v1/train/positive/wl-tile-v1-11603-pos-es-pba-69686.png	weak_label_candidate_for_model_v1	512	512	downloaded	valid	512	512	RGB	656804	1		https://www.ign.es/wms-inspire/pnoa-ma?SERVICE=WMS&VERSION=1.1.1&REQUEST=GetMap&LAYERS=OI.OrthoimageCoverage&STYLES=&SRS=EPSG%3A4326&BBOX=-8.47948559%2C42.12660340%2C-8.47328397%2C42.13120275&WIDTH=512&HEIGHT=512&FORMAT=image%2Fpng&TRANSPARENT=false	2026-08-01T00:00:00Z
weak-chip-export-v1-00836	wl-tile-v1-11666	wl-pos-pos-es-pba-73433	pos-es-pba-73433	1	positive	train	ES	Castro	-8.713697160073798	42.69754597458955	-8.71682621,42.69524630,-8.71056811,42.69984565	512	ign_pnoa_rgb	https://www.ign.es/wms-inspire/pnoa-ma	OI.OrthoimageCoverage	data/external/weak-label-chips-v1/train/positive/wl-tile-v1-11666-pos-es-pba-73433.png	weak_label_candidate_for_model_v1	512	512	downloaded	valid	512	512	RGB	703268	1		https://www.ign.es/wms-inspire/pnoa-ma?SERVICE=WMS&VERSION=1.1.1&REQUEST=GetMap&LAYERS=OI.OrthoimageCoverage&STYLES=&SRS=EPSG%3A4326&BBOX=-8.71682621%2C42.69524630%2C-8.71056811%2C42.69984565&WIDTH=512&HEIGHT=512&FORMAT=image%2Fpng&TRANSPARENT=false	2026-08-01T00:00:00Z
weak-chip-export-v1-00837	wl-tile-v1-10034	wl-pos-pos-es-pba-6182	pos-es-pba-6182	1	positive	train	ES	Castro A Croa de Carracedo	-7.954208306405794	43.64576209530778	-7.95738632,43.64346242,-7.95103029,43.64806177	512	ign_pnoa_rgb	https://www.ign.es/wms-inspire/pnoa-ma	OI.OrthoimageCoverage	data/external/weak-label-chips-v1/train/positive/wl-tile-v1-10034-pos-es-pba-6182.png	weak_label_candidate_for_model_v1	512	512	downloaded	valid	512	512	RGB	652742	1		https://www.ign.es/wms-inspire/pnoa-ma?SERVICE=WMS&VERSION=1.1.1&REQUEST=GetMap&LAYERS=OI.OrthoimageCoverage&STYLES=&SRS=EPSG%3A4326&BBOX=-7.95738632%2C43.64346242%2C-7.95103029%2C43.64806177&WIDTH=512&HEIGHT=512&FORMAT=image%2Fpng&TRANSPARENT=false	2026-08-01T00:00:00Z
weak-chip-export-v1-00838	wl-tile-v1-11329	wl-pos-pos-es-pba-57805	pos-es-pba-57805	1	positive	train	ES	Castro A Ermida/A Costa	-7.636779746616052	41.997404393470646	-7.63987414,41.99510472,-7.63368535,41.99970407	512	ign_pnoa_rgb	https://www.ign.es/wms-inspire/pnoa-ma	OI.OrthoimageCoverage	data/external/weak-label-chips-v1/train/positive/wl-tile-v1-11329-pos-es-pba-57805.png	weak_label_candidate_for_model_v1	512	512	downloaded	valid	512	512	RGB	662351	1		https://www.ign.es/wms-inspire/pnoa-ma?SERVICE=WMS&VERSION=1.1.1&REQUEST=GetMap&LAYERS=OI.OrthoimageCoverage&STYLES=&SRS=EPSG%3A4326&BBOX=-7.63987414%2C41.99510472%2C-7.63368535%2C41.99970407&WIDTH=512&HEIGHT=512&FORMAT=image%2Fpng&TRANSPARENT=false	2026-08-01T00:00:00Z
weak-chip-export-v1-00839	wl-tile-v1-11330	wl-pos-pos-es-pba-57806	pos-es-pba-57806	1	positive	train	ES	Castro A Igrexa de Zos	-7.661552832496157	42.039976292504214	-7.66464930,42.03767662,-7.65845637,42.04227597	512	ign_pnoa_rgb	https://www.ign.es/wms-inspire/pnoa-ma	OI.OrthoimageCoverage	data/external/weak-label-chips-v1/train/positive/wl-tile-v1-11330-pos-es-pba-57806.png	weak_label_candidate_for_model_v1	512	512	downloaded	valid	512	512	RGB	677497	1		https://www.ign.es/wms-inspire/pnoa-ma?SERVICE=WMS&VERSION=1.1.1&REQUEST=GetMap&LAYERS=OI.OrthoimageCoverage&STYLES=&SRS=EPSG%3A4326&BBOX=-7.66464930%2C42.03767662%2C-7.65845637%2C42.04227597&WIDTH=512&HEIGHT=512&FORMAT=image%2Fpng&TRANSPARENT=false	2026-08-01T00:00:00Z
weak-chip-export-v1-00840	wl-tile-v1-10035	wl-pos-pos-es-pba-6183	pos-es-pba-6183	1	positive	train	ES	Castro As Croas	-8.032183318220106	43.641604274162155	-8.03536111,43.63930460,-8.02900552,43.64390395	512	ign_pnoa_rgb	https://www.ign.es/wms-inspire/pnoa-ma	OI.OrthoimageCoverage	data/external/weak-label-chips-v1/train/positive/wl-tile-v1-10035-pos-es-pba-6183.png	weak_label_candidate_for_model_v1	512	512	downloaded	valid	512	512	RGB	645198	1		https://www.ign.es/wms-inspire/pnoa-ma?SERVICE=WMS&VERSION=1.1.1&REQUEST=GetMap&LAYERS=OI.OrthoimageCoverage&STYLES=&SRS=EPSG%3A4326&BBOX=-8.03536111%2C43.63930460%2C-8.02900552%2C43.64390395&WIDTH=512&HEIGHT=512&FORMAT=image%2Fpng&TRANSPARENT=false	2026-08-01T00:00:00Z
weak-chip-export-v1-00841	wl-tile-v1-10036	wl-pos-pos-es-pba-6217	pos-es-pba-6217	1	positive	train	ES	Castro As Croas	-8.055652580489099	43.6444923034954	-8.05883053,43.64219263,-8.05247463,43.64679198	512	ign_pnoa_rgb	https://www.ign.es/wms-inspire/pnoa-ma	OI.OrthoimageCoverage	data/external/weak-label-chips-v1/train/positive/wl-tile-v1-10036-pos-es-pba-6217.png	weak_label_candidate_for_model_v1	512	512	downloaded	valid	512	512	RGB	671753	1		https://www.ign.es/wms-inspire/pnoa-ma?SERVICE=WMS&VERSION=1.1.1&REQUEST=GetMap&LAYERS=OI.OrthoimageCoverage&STYLES=&SRS=EPSG%3A4326&BBOX=-8.05883053%2C43.64219263%2C-8.05247463%2C43.64679198&WIDTH=512&HEIGHT=512&FORMAT=image%2Fpng&TRANSPARENT=false	2026-08-01T00:00:00Z
weak-chip-export-v1-00842	wl-tile-v1-10344	wl-pos-pos-es-pba-19069	pos-es-pba-19069	1	positive	train	ES	Castro Barbudo	-8.817369769572682	42.69661354364094	-8.82049877,42.69431387,-8.81424076,42.69891322	512	ign_pnoa_rgb	https://www.ign.es/wms-inspire/pnoa-ma	OI.OrthoimageCoverage	data/external/weak-label-chips-v1/train/positive/wl-tile-v1-10344-pos-es-pba-19069.png	weak_label_candidate_for_model_v1	512	512	downloaded	valid	512	512	RGB	663020	1		https://www.ign.es/wms-inspire/pnoa-ma?SERVICE=WMS&VERSION=1.1.1&REQUEST=GetMap&LAYERS=OI.OrthoimageCoverage&STYLES=&SRS=EPSG%3A4326&BBOX=-8.82049877%2C42.69431387%2C-8.81424076%2C42.69891322&WIDTH=512&HEIGHT=512&FORMAT=image%2Fpng&TRANSPARENT=false	2026-08-01T00:00:00Z
weak-chip-export-v1-00843	wl-tile-v1-11575	wl-pos-pos-es-pba-76654	pos-es-pba-76654	1	positive	train	ES	Castro Barbudo	-8.48652184425122	42.36166975214859	-8.48963412,42.35937008,-8.48340957,42.36396943	512	ign_pnoa_rgb	https://www.ign.es/wms-inspire/pnoa-ma	OI.OrthoimageCoverage	data/external/weak-label-chips-v1/train/positive/wl-tile-v1-11575-pos-es-pba-76654.png	weak_label_candidate_for_model_v1	512	512	downloaded	valid	512	512	RGB	688465	1		https://www.ign.es/wms-inspire/pnoa-ma?SERVICE=WMS&VERSION=1.1.1&REQUEST=GetMap&LAYERS=OI.OrthoimageCoverage&STYLES=&SRS=EPSG%3A4326&BBOX=-8.48963412%2C42.35937008%2C-8.48340957%2C42.36396943&WIDTH=512&HEIGHT=512&FORMAT=image%2Fpng&TRANSPARENT=false	2026-08-01T00:00:00Z
weak-chip-export-v1-00844	wl-tile-v1-11241	wl-pos-pos-es-pba-51593	pos-es-pba-51593	1	positive	train	ES	Castro Cabanelas	-7.150378204768017	42.381253376828546	-7.15349145,42.37895370,-7.14726496,42.38355305	512	ign_pnoa_rgb	https://www.ign.es/wms-inspire/pnoa-ma	OI.OrthoimageCoverage	data/external/weak-label-chips-v1/train/positive/wl-tile-v1-11241-pos-es-pba-51593.png	weak_label_candidate_for_model_v1	512	512	downloaded	valid	512	512	RGB	648266	1		https://www.ign.es/wms-inspire/pnoa-ma?SERVICE=WMS&VERSION=1.1.1&REQUEST=GetMap&LAYERS=OI.OrthoimageCoverage&STYLES=&SRS=EPSG%3A4326&BBOX=-7.15349145%2C42.37895370%2C-7.14726496%2C42.38355305&WIDTH=512&HEIGHT=512&FORMAT=image%2Fpng&TRANSPARENT=false	2026-08-01T00:00:00Z
weak-chip-export-v1-00845	wl-tile-v1-11045	wl-pos-pos-es-pba-41244	pos-es-pba-41244	1	positive	train	ES	Castro Carboeiro	-7.834990505655279	42.70202044990514	-7.83811978,42.69972077,-7.83186123,42.70432013	512	ign_pnoa_rgb	https://www.ign.es/wms-inspire/pnoa-ma	OI.OrthoimageCoverage	data/external/weak-label-chips-v1/train/positive/wl-tile-v1-11045-pos-es-pba-41244.png	weak_label_candidate_for_model_v1	512	512	downloaded	valid	512	512	RGB	618866	1		https://www.ign.es/wms-inspire/pnoa-ma?SERVICE=WMS&VERSION=1.1.1&REQUEST=GetMap&LAYERS=OI.OrthoimageCoverage&STYLES=&SRS=EPSG%3A4326&BBOX=-7.83811978%2C42.69972077%2C-7.83186123%2C42.70432013&WIDTH=512&HEIGHT=512&FORMAT=image%2Fpng&TRANSPARENT=false	2026-08-01T00:00:00Z
weak-chip-export-v1-00846	wl-tile-v1-10815	wl-pos-pos-es-pba-35342	pos-es-pba-35342	1	positive	train	ES	Castro Cercio	-7.78480667059925	42.8257455828984	-7.78794220,42.82344591,-7.78167114,42.82804526	512	ign_pnoa_rgb	https://www.ign.es/wms-inspire/pnoa-ma	OI.OrthoimageCoverage	data/external/weak-label-chips-v1/train/positive/wl-tile-v1-10815-pos-es-pba-35342.png	weak_label_candidate_for_model_v1	512	512	downloaded	valid	512	512	RGB	633117	1		https://www.ign.es/wms-inspire/pnoa-ma?SERVICE=WMS&VERSION=1.1.1&REQUEST=GetMap&LAYERS=OI.OrthoimageCoverage&STYLES=&SRS=EPSG%3A4326&BBOX=-7.78794220%2C42.82344591%2C-7.78167114%2C42.82804526&WIDTH=512&HEIGHT=512&FORMAT=image%2Fpng&TRANSPARENT=false	2026-08-01T00:00:00Z
weak-chip-export-v1-00847	wl-tile-v1-11315	wl-pos-pos-es-pba-58242	pos-es-pba-58242	1	positive	train	ES	Castro Costa dos Mouros	-7.878979376629347	42.29096463171377	-7.88208815,42.28866496,-7.87587060,42.29326431	512	ign_pnoa_rgb	https://www.ign.es/wms-inspire/pnoa-ma	OI.OrthoimageCoverage	data/external/weak-label-chips-v1/train/positive/wl-tile-v1-11315-pos-es-pba-58242.png	weak_label_candidate_for_model_v1	512	512	downloaded	valid	512	512	RGB	685549	1		https://www.ign.es/wms-inspire/pnoa-ma?SERVICE=WMS&VERSION=1.1.1&REQUEST=GetMap&LAYERS=OI.OrthoimageCoverage&STYLES=&SRS=EPSG%3A4326&BBOX=-7.88208815%2C42.28866496%2C-7.87587060%2C42.29326431&WIDTH=512&HEIGHT=512&FORMAT=image%2Fpng&TRANSPARENT=false	2026-08-01T00:00:00Z
weak-chip-export-v1-00848	wl-tile-v1-10018	wl-pos-pos-es-pba-27146	pos-es-pba-27146	1	positive	train	ES	Castro Croado	-7.8844033512490235	43.72922106136042	-7.88758579,43.72692138,-7.88122091,43.73152074	512	ign_pnoa_rgb	https://www.ign.es/wms-inspire/pnoa-ma	OI.OrthoimageCoverage	data/external/weak-label-chips-v1/train/positive/wl-tile-v1-10018-pos-es-pba-27146.png	weak_label_candidate_for_model_v1	512	512	downloaded	valid	512	512	RGB	679962	1		https://www.ign.es/wms-inspire/pnoa-ma?SERVICE=WMS&VERSION=1.1.1&REQUEST=GetMap&LAYERS=OI.OrthoimageCoverage&STYLES=&SRS=EPSG%3A4326&BBOX=-7.88758579%2C43.72692138%2C-7.88122091%2C43.73152074&WIDTH=512&HEIGHT=512&FORMAT=image%2Fpng&TRANSPARENT=false	2026-08-01T00:00:00Z
weak-chip-export-v1-00849	wl-tile-v1-11071	wl-pos-pos-es-pba-43376	pos-es-pba-43376	1	positive	train	ES	Castro Curbel	-7.709231595327212	43.3343595595021	-7.71239327,43.33205988,-7.70606993,43.33665924	512	ign_pnoa_rgb	https://www.ign.es/wms-inspire/pnoa-ma	OI.OrthoimageCoverage	data/external/weak-label-chips-v1/train/positive/wl-tile-v1-11071-pos-es-pba-43376.png	weak_label_candidate_for_model_v1	512	512	downloaded	valid	512	512	RGB	656803	1		https://www.ign.es/wms-inspire/pnoa-ma?SERVICE=WMS&VERSION=1.1.1&REQUEST=GetMap&LAYERS=OI.OrthoimageCoverage&STYLES=&SRS=EPSG%3A4326&BBOX=-7.71239327%2C43.33205988%2C-7.70606993%2C43.33665924&WIDTH=512&HEIGHT=512&FORMAT=image%2Fpng&TRANSPARENT=false	2026-08-01T00:00:00Z
weak-chip-export-v1-00850	wl-tile-v1-11493	wl-pos-pos-es-pba-65425	pos-es-pba-65425	1	positive	train	ES	Castro Daquil Lado/Castro de Soutolongo	-8.15478695550623	42.638894205480376	-8.15791306,42.63659453,-8.15166085,42.64119388	512	ign_pnoa_rgb	https://www.ign.es/wms-inspire/pnoa-ma	OI.OrthoimageCoverage	data/external/weak-label-chips-v1/train/positive/wl-tile-v1-11493-pos-es-pba-65425.png	weak_label_candidate_for_model_v1	512	512	downloaded	valid	512	512	RGB	671789	1		https://www.ign.es/wms-inspire/pnoa-ma?SERVICE=WMS&VERSION=1.1.1&REQUEST=GetMap&LAYERS=OI.OrthoimageCoverage&STYLES=&SRS=EPSG%3A4326&BBOX=-8.15791306%2C42.63659453%2C-8.15166085%2C42.64119388&WIDTH=512&HEIGHT=512&FORMAT=image%2Fpng&TRANSPARENT=false	2026-08-01T00:00:00Z
weak-chip-export-v1-00851	wl-tile-v1-10032	wl-pos-pos-es-pba-6571	pos-es-pba-6571	1	positive	train	ES	Castro Detorre	-8.372564891693864	43.20970788637184	-8.37572009,43.20740821,-8.36940969,43.21200756	512	ign_pnoa_rgb	https://www.ign.es/wms-inspire/pnoa-ma	OI.OrthoimageCoverage	data/external/weak-label-chips-v1/train/positive/wl-tile-v1-10032-pos-es-pba-6571.png	weak_label_candidate_for_model_v1	512	512	downloaded	valid	512	512	RGB	691145	1		https://www.ign.es/wms-inspire/pnoa-ma?SERVICE=WMS&VERSION=1.1.1&REQUEST=GetMap&LAYERS=OI.OrthoimageCoverage&STYLES=&SRS=EPSG%3A4326&BBOX=-8.37572009%2C43.20740821%2C-8.36940969%2C43.21200756&WIDTH=512&HEIGHT=512&FORMAT=image%2Fpng&TRANSPARENT=false	2026-08-01T00:00:00Z
weak-chip-export-v1-00852	wl-tile-v1-10496	wl-pos-pos-es-pba-24466	pos-es-pba-24466	1	positive	train	ES	Castro Facho	-8.608351268841371	43.01865663246664	-8.61149664,43.01635696,-8.60520590,43.02095631	512	ign_pnoa_rgb	https://www.ign.es/wms-inspire/pnoa-ma	OI.OrthoimageCoverage	data/external/weak-label-chips-v1/train/positive/wl-tile-v1-10496-pos-es-pba-24466.png	weak_label_candidate_for_model_v1	512	512	downloaded	valid	512	512	RGB	628625	1		https://www.ign.es/wms-inspire/pnoa-ma?SERVICE=WMS&VERSION=1.1.1&REQUEST=GetMap&LAYERS=OI.OrthoimageCoverage&STYLES=&SRS=EPSG%3A4326&BBOX=-8.61149664%2C43.01635696%2C-8.60520590%2C43.02095631&WIDTH=512&HEIGHT=512&FORMAT=image%2Fpng&TRANSPARENT=false	2026-08-01T00:00:00Z
weak-chip-export-v1-00853	wl-tile-v1-11344	wl-pos-pos-es-pba-60251	pos-es-pba-60251	1	positive	train	ES	Castro Grande	-7.359917649865559	41.86664952507192	-7.36300571,41.86434985,-7.35682959,41.86894920	512	ign_pnoa_rgb	https://www.ign.es/wms-inspire/pnoa-ma	OI.OrthoimageCoverage	data/external/weak-label-chips-v1/train/positive/wl-tile-v1-11344-pos-es-pba-60251.png	weak_label_candidate_for_model_v1	512	512	downloaded	valid	512	512	RGB	644865	1		https://www.ign.es/wms-inspire/pnoa-ma?SERVICE=WMS&VERSION=1.1.1&REQUEST=GetMap&LAYERS=OI.OrthoimageCoverage&STYLES=&SRS=EPSG%3A4326&BBOX=-7.36300571%2C41.86434985%2C-7.35682959%2C41.86894920&WIDTH=512&HEIGHT=512&FORMAT=image%2Fpng&TRANSPARENT=false	2026-08-01T00:00:00Z
weak-chip-export-v1-00854	wl-tile-v1-09897	wl-pos-pos-es-pba-112	pos-es-pba-112	1	positive	train	ES	Castro Grande de Alcaiana	-8.345982051278382	43.16169870893086	-8.34913477,43.15939903,-8.34282933,43.16399839	512	ign_pnoa_rgb	https://www.ign.es/wms-inspire/pnoa-ma	OI.OrthoimageCoverage	data/external/weak-label-chips-v1/train/positive/wl-tile-v1-09897-pos-es-pba-112.png	weak_label_candidate_for_model_v1	512	512	downloaded	valid	512	512	RGB	660497	1		https://www.ign.es/wms-inspire/pnoa-ma?SERVICE=WMS&VERSION=1.1.1&REQUEST=GetMap&LAYERS=OI.OrthoimageCoverage&STYLES=&SRS=EPSG%3A4326&BBOX=-8.34913477%2C43.15939903%2C-8.34282933%2C43.16399839&WIDTH=512&HEIGHT=512&FORMAT=image%2Fpng&TRANSPARENT=false	2026-08-01T00:00:00Z
weak-chip-export-v1-00855	wl-tile-v1-10371	wl-pos-pos-es-pba-20135	pos-es-pba-20135	1	positive	train	ES	Castro Laberco	-8.861761331692875	43.032176641726544	-8.86490739,43.02987697,-8.85861527,43.03447632	512	ign_pnoa_rgb	https://www.ign.es/wms-inspire/pnoa-ma	OI.OrthoimageCoverage	data/external/weak-label-chips-v1/train/positive/wl-tile-v1-10371-pos-es-pba-20135.png	weak_label_candidate_for_model_v1	512	512	downloaded	valid	512	512	RGB	618302	1		https://www.ign.es/wms-inspire/pnoa-ma?SERVICE=WMS&VERSION=1.1.1&REQUEST=GetMap&LAYERS=OI.OrthoimageCoverage&STYLES=&SRS=EPSG%3A4326&BBOX=-8.86490739%2C43.02987697%2C-8.85861527%2C43.03447632&WIDTH=512&HEIGHT=512&FORMAT=image%2Fpng&TRANSPARENT=false	2026-08-01T00:00:00Z
weak-chip-export-v1-00856	wl-tile-v1-11401	wl-pos-pos-es-pba-61547	pos-es-pba-61547	1	positive	train	ES	Castro Liboreiro e petróglifos	-8.788917377230879	42.298430895397445	-8.79202652,42.29613122,-8.78580823,42.30073057	512	ign_pnoa_rgb	https://www.ign.es/wms-inspire/pnoa-ma	OI.OrthoimageCoverage	data/external/weak-label-chips-v1/train/positive/wl-tile-v1-11401-pos-es-pba-61547.png	weak_label_candidate_for_model_v1	512	512	downloaded	valid	512	512	RGB	680528	1		https://www.ign.es/wms-inspire/pnoa-ma?SERVICE=WMS&VERSION=1.1.1&REQUEST=GetMap&LAYERS=OI.OrthoimageCoverage&STYLES=&SRS=EPSG%3A4326&BBOX=-8.79202652%2C42.29613122%2C-8.78580823%2C42.30073057&WIDTH=512&HEIGHT=512&FORMAT=image%2Fpng&TRANSPARENT=false	2026-08-01T00:00:00Z
weak-chip-export-v1-00857	wl-tile-v1-09898	wl-pos-pos-es-pba-113	pos-es-pba-113	1	positive	train	ES	Castro Maior	-8.32903332081917	43.17388309609089	-8.33218667,43.17158342,-8.32587997,43.17618277	512	ign_pnoa_rgb	https://www.ign.es/wms-inspire/pnoa-ma	OI.OrthoimageCoverage	data/external/weak-label-chips-v1/train/positive/wl-tile-v1-09898-pos-es-pba-113.png	weak_label_candidate_for_model_v1	512	512	downloaded	valid	512	512	RGB	666406	1		https://www.ign.es/wms-inspire/pnoa-ma?SERVICE=WMS&VERSION=1.1.1&REQUEST=GetMap&LAYERS=OI.OrthoimageCoverage&STYLES=&SRS=EPSG%3A4326&BBOX=-8.33218667%2C43.17158342%2C-8.32587997%2C43.17618277&WIDTH=512&HEIGHT=512&FORMAT=image%2Fpng&TRANSPARENT=false	2026-08-01T00:00:00Z
weak-chip-export-v1-00858	wl-tile-v1-11314	wl-pos-pos-es-pba-58514	pos-es-pba-58514	1	positive	train	ES	Castro Martiño	-8.044760996443296	42.34479642796169	-8.04787243,42.34249675,-8.04164956,42.34709610	512	ign_pnoa_rgb	https://www.ign.es/wms-inspire/pnoa-ma	OI.OrthoimageCoverage	data/external/weak-label-chips-v1/train/positive/wl-tile-v1-11314-pos-es-pba-58514.png	weak_label_candidate_for_model_v1	512	512	downloaded	valid	512	512	RGB	698666	1		https://www.ign.es/wms-inspire/pnoa-ma?SERVICE=WMS&VERSION=1.1.1&REQUEST=GetMap&LAYERS=OI.OrthoimageCoverage&STYLES=&SRS=EPSG%3A4326&BBOX=-8.04787243%2C42.34249675%2C-8.04164956%2C42.34709610&WIDTH=512&HEIGHT=512&FORMAT=image%2Fpng&TRANSPARENT=false	2026-08-01T00:00:00Z
weak-chip-export-v1-00859	wl-tile-v1-11644	wl-pos-pos-es-pba-70413	pos-es-pba-70413	1	positive	train	ES	Castro Montaz	-8.232671001568978	42.647265924365826	-8.23579752,42.64496625,-8.22954448,42.64956560	512	ign_pnoa_rgb	https://www.ign.es/wms-inspire/pnoa-ma	OI.OrthoimageCoverage	data/external/weak-label-chips-v1/train/positive/wl-tile-v1-11644-pos-es-pba-70413.png	weak_label_candidate_for_model_v1	512	512	downloaded	valid	512	512	RGB	652696	1		https://www.ign.es/wms-inspire/pnoa-ma?SERVICE=WMS&VERSION=1.1.1&REQUEST=GetMap&LAYERS=OI.OrthoimageCoverage&STYLES=&SRS=EPSG%3A4326&BBOX=-8.23579752%2C42.64496625%2C-8.22954448%2C42.64956560&WIDTH=512&HEIGHT=512&FORMAT=image%2Fpng&TRANSPARENT=false	2026-08-01T00:00:00Z
weak-chip-export-v1-00860	wl-tile-v1-11153	wl-pos-pos-es-pba-56198	pos-es-pba-56198	1	positive	train	ES	Castro Monte dos Castros	-7.7798380300932966	42.450676269038844	-7.78295472,42.44837659,-7.77672134,42.45297595	512	ign_pnoa_rgb	https://www.ign.es/wms-inspire/pnoa-ma	OI.OrthoimageCoverage	data/external/weak-label-chips-v1/train/positive/wl-tile-v1-11153-pos-es-pba-56198.png	weak_label_candidate_for_model_v1	512	512	downloaded	valid	512	512	RGB	667905	1		https://www.ign.es/wms-inspire/pnoa-ma?SERVICE=WMS&VERSION=1.1.1&REQUEST=GetMap&LAYERS=OI.OrthoimageCoverage&STYLES=&SRS=EPSG%3A4326&BBOX=-7.78295472%2C42.44837659%2C-7.77672134%2C42.45297595&WIDTH=512&HEIGHT=512&FORMAT=image%2Fpng&TRANSPARENT=false	2026-08-01T00:00:00Z
weak-chip-export-v1-00861	wl-tile-v1-11331	wl-pos-pos-es-pba-57832	pos-es-pba-57832	1	positive	train	ES	Castro O Muro/Penedo do Mouro	-7.614325944527595	42.05317792591131	-7.61742305,42.05087825,-7.61122883,42.05547760	512	ign_pnoa_rgb	https://www.ign.es/wms-inspire/pnoa-ma	OI.OrthoimageCoverage	data/external/weak-label-chips-v1/train/positive/wl-tile-v1-11331-pos-es-pba-57832.png	weak_label_candidate_for_model_v1	512	512	downloaded	valid	512	512	RGB	650129	1		https://www.ign.es/wms-inspire/pnoa-ma?SERVICE=WMS&VERSION=1.1.1&REQUEST=GetMap&LAYERS=OI.OrthoimageCoverage&STYLES=&SRS=EPSG%3A4326&BBOX=-7.61742305%2C42.05087825%2C-7.61122883%2C42.05547760&WIDTH=512&HEIGHT=512&FORMAT=image%2Fpng&TRANSPARENT=false	2026-08-01T00:00:00Z
weak-chip-export-v1-00862	wl-tile-v1-10040	wl-pos-pos-es-pba-6221	pos-es-pba-6221	1	positive	train	ES	Castro Os Castros	-7.976483885913514	43.65640761996025	-7.97966246,43.65410794,-7.97330531,43.65870730	512	ign_pnoa_rgb	https://www.ign.es/wms-inspire/pnoa-ma	OI.OrthoimageCoverage	data/external/weak-label-chips-v1/train/positive/wl-tile-v1-10040-pos-es-pba-6221.png	weak_label_candidate_for_model_v1	512	512	downloaded	valid	512	512	RGB	665836	1		https://www.ign.es/wms-inspire/pnoa-ma?SERVICE=WMS&VERSION=1.1.1&REQUEST=GetMap&LAYERS=OI.OrthoimageCoverage&STYLES=&SRS=EPSG%3A4326&BBOX=-7.97966246%2C43.65410794%2C-7.97330531%2C43.65870730&WIDTH=512&HEIGHT=512&FORMAT=image%2Fpng&TRANSPARENT=false	2026-08-01T00:00:00Z
weak-chip-export-v1-00863	wl-tile-v1-10041	wl-pos-pos-es-pba-6222	pos-es-pba-6222	1	positive	train	ES	Castro Os Castros	-8.019297167251851	43.69864770957981	-8.02247798,43.69634803,-8.01611635,43.70094739	512	ign_pnoa_rgb	https://www.ign.es/wms-inspire/pnoa-ma	OI.OrthoimageCoverage	data/external/weak-label-chips-v1/train/positive/wl-tile-v1-10041-pos-es-pba-6222.png	weak_label_candidate_for_model_v1	512	512	downloaded	valid	512	512	RGB	668667	1		https://www.ign.es/wms-inspire/pnoa-ma?SERVICE=WMS&VERSION=1.1.1&REQUEST=GetMap&LAYERS=OI.OrthoimageCoverage&STYLES=&SRS=EPSG%3A4326&BBOX=-8.02247798%2C43.69634803%2C-8.01611635%2C43.70094739&WIDTH=512&HEIGHT=512&FORMAT=image%2Fpng&TRANSPARENT=false	2026-08-01T00:00:00Z
weak-chip-export-v1-00864	wl-tile-v1-11332	wl-pos-pos-es-pba-57833	pos-es-pba-57833	1	positive	train	ES	Castro Outeiro do Castelo	-7.588850923367274	42.00100650667652	-7.59194549,41.99870683,-7.58575635,42.00330618	512	ign_pnoa_rgb	https://www.ign.es/wms-inspire/pnoa-ma	OI.OrthoimageCoverage	data/external/weak-label-chips-v1/train/positive/wl-tile-v1-11332-pos-es-pba-57833.png	weak_label_candidate_for_model_v1	512	512	downloaded	valid	512	512	RGB	680005	1		https://www.ign.es/wms-inspire/pnoa-ma?SERVICE=WMS&VERSION=1.1.1&REQUEST=GetMap&LAYERS=OI.OrthoimageCoverage&STYLES=&SRS=EPSG%3A4326&BBOX=-7.59194549%2C41.99870683%2C-7.58575635%2C42.00330618&WIDTH=512&HEIGHT=512&FORMAT=image%2Fpng&TRANSPARENT=false	2026-08-01T00:00:00Z
weak-chip-export-v1-00865	wl-tile-v1-10435	wl-pos-pos-es-pba-23982	pos-es-pba-23982	1	positive	train	ES	Castro Pazoi	-8.039816318736644	43.01248441421233	-8.04296137,43.01018474,-8.03667127,43.01478409	512	ign_pnoa_rgb	https://www.ign.es/wms-inspire/pnoa-ma	OI.OrthoimageCoverage	data/external/weak-label-chips-v1/train/positive/wl-tile-v1-10435-pos-es-pba-23982.png	weak_label_candidate_for_model_v1	512	512	downloaded	valid	512	512	RGB	636307	1		https://www.ign.es/wms-inspire/pnoa-ma?SERVICE=WMS&VERSION=1.1.1&REQUEST=GetMap&LAYERS=OI.OrthoimageCoverage&STYLES=&SRS=EPSG%3A4326&BBOX=-8.04296137%2C43.01018474%2C-8.03667127%2C43.01478409&WIDTH=512&HEIGHT=512&FORMAT=image%2Fpng&TRANSPARENT=false	2026-08-01T00:00:00Z
weak-chip-export-v1-00866	wl-tile-v1-10451	wl-pos-pos-es-pba-24985	pos-es-pba-24985	1	positive	train	ES	Castro Pedro	-8.001762694716527	42.962612975067806	-8.00490519,42.96031330,-7.99862020,42.96491265	512	ign_pnoa_rgb	https://www.ign.es/wms-inspire/pnoa-ma	OI.OrthoimageCoverage	data/external/weak-label-chips-v1/train/positive/wl-tile-v1-10451-pos-es-pba-24985.png	weak_label_candidate_for_model_v1	512	512	downloaded	valid	512	512	RGB	644190	1		https://www.ign.es/wms-inspire/pnoa-ma?SERVICE=WMS&VERSION=1.1.1&REQUEST=GetMap&LAYERS=OI.OrthoimageCoverage&STYLES=&SRS=EPSG%3A4326&BBOX=-8.00490519%2C42.96031330%2C-7.99862020%2C42.96491265&WIDTH=512&HEIGHT=512&FORMAT=image%2Fpng&TRANSPARENT=false	2026-08-01T00:00:00Z
weak-chip-export-v1-00867	wl-tile-v1-10818	wl-pos-pos-es-pba-35345	pos-es-pba-35345	1	positive	train	ES	Castro Penedo/Castro da Croa/O Castro	-7.827596297017494	42.798275519027456	-7.83073044,42.79597584,-7.82446216,42.80057520	512	ign_pnoa_rgb	https://www.ign.es/wms-inspire/pnoa-ma	OI.OrthoimageCoverage	data/external/weak-label-chips-v1/train/positive/wl-tile-v1-10818-pos-es-pba-35345.png	weak_label_candidate_for_model_v1	512	512	downloaded	valid	512	512	RGB	708888	1		https://www.ign.es/wms-inspire/pnoa-ma?SERVICE=WMS&VERSION=1.1.1&REQUEST=GetMap&LAYERS=OI.OrthoimageCoverage&STYLES=&SRS=EPSG%3A4326&BBOX=-7.83073044%2C42.79597584%2C-7.82446216%2C42.80057520&WIDTH=512&HEIGHT=512&FORMAT=image%2Fpng&TRANSPARENT=false	2026-08-01T00:00:00Z
weak-chip-export-v1-00868	wl-tile-v1-11345	wl-pos-pos-es-pba-60252	pos-es-pba-60252	1	positive	train	ES	Castro Pequeno	-7.362924616720288	41.86544053781325	-7.36601262,41.86314086,-7.35983662,41.86774021	512	ign_pnoa_rgb	https://www.ign.es/wms-inspire/pnoa-ma	OI.OrthoimageCoverage	data/external/weak-label-chips-v1/train/positive/wl-tile-v1-11345-pos-es-pba-60252.png	weak_label_candidate_for_model_v1	512	512	downloaded	valid	512	512	RGB	637733	1		https://www.ign.es/wms-inspire/pnoa-ma?SERVICE=WMS&VERSION=1.1.1&REQUEST=GetMap&LAYERS=OI.OrthoimageCoverage&STYLES=&SRS=EPSG%3A4326&BBOX=-7.36601262%2C41.86314086%2C-7.35983662%2C41.86774021&WIDTH=512&HEIGHT=512&FORMAT=image%2Fpng&TRANSPARENT=false	2026-08-01T00:00:00Z
weak-chip-export-v1-00869	wl-tile-v1-09875	wl-pos-pos-es-pba-11057	pos-es-pba-11057	1	positive	train	ES	Castro Pequeno/Castro das Motas/A Mota	-8.601181211517181	43.24176397879824	-8.60433807,43.23946430,-8.59802435,43.24406366	512	ign_pnoa_rgb	https://www.ign.es/wms-inspire/pnoa-ma	OI.OrthoimageCoverage	data/external/weak-label-chips-v1/train/positive/wl-tile-v1-09875-pos-es-pba-11057.png	weak_label_candidate_for_model_v1	512	512	downloaded	valid	512	512	RGB	650931	1		https://www.ign.es/wms-inspire/pnoa-ma?SERVICE=WMS&VERSION=1.1.1&REQUEST=GetMap&LAYERS=OI.OrthoimageCoverage&STYLES=&SRS=EPSG%3A4326&BBOX=-8.60433807%2C43.23946430%2C-8.59802435%2C43.24406366&WIDTH=512&HEIGHT=512&FORMAT=image%2Fpng&TRANSPARENT=false	2026-08-01T00:00:00Z
weak-chip-export-v1-00870	wl-tile-v1-10483	wl-pos-pos-es-pba-24732	pos-es-pba-24732	1	positive	train	ES	Castro Pereiro	-8.517165379527919	42.965800254047544	-8.52030804,42.96350058,-8.51402272,42.96809993	512	ign_pnoa_rgb	https://www.ign.es/wms-inspire/pnoa-ma	OI.OrthoimageCoverage	data/external/weak-label-chips-v1/train/positive/wl-tile-v1-10483-pos-es-pba-24732.png	weak_label_candidate_for_model_v1	512	512	downloaded	valid	512	512	RGB	639159	1		https://www.ign.es/wms-inspire/pnoa-ma?SERVICE=WMS&VERSION=1.1.1&REQUEST=GetMap&LAYERS=OI.OrthoimageCoverage&STYLES=&SRS=EPSG%3A4326&BBOX=-8.52030804%2C42.96350058%2C-8.51402272%2C42.96809993&WIDTH=512&HEIGHT=512&FORMAT=image%2Fpng&TRANSPARENT=false	2026-08-01T00:00:00Z
weak-chip-export-v1-00871	wl-tile-v1-11451	wl-pos-pos-es-pba-64635	pos-es-pba-64635	1	positive	train	ES	Castro Piñeiro	-8.5768086857117	42.6570188484802	-8.57993570,42.65471917,-8.57368167,42.65931853	512	ign_pnoa_rgb	https://www.ign.es/wms-inspire/pnoa-ma	OI.OrthoimageCoverage	data/external/weak-label-chips-v1/train/positive/wl-tile-v1-11451-pos-es-pba-64635.png	weak_label_candidate_for_model_v1	512	512	downloaded	valid	512	512	RGB	654446	1		https://www.ign.es/wms-inspire/pnoa-ma?SERVICE=WMS&VERSION=1.1.1&REQUEST=GetMap&LAYERS=OI.OrthoimageCoverage&STYLES=&SRS=EPSG%3A4326&BBOX=-8.57993570%2C42.65471917%2C-8.57368167%2C42.65931853&WIDTH=512&HEIGHT=512&FORMAT=image%2Fpng&TRANSPARENT=false	2026-08-01T00:00:00Z
weak-chip-export-v1-00872	wl-tile-v1-11692	wl-pos-pos-es-pba-75426	pos-es-pba-75426	1	positive	train	ES	Castro Piñeiro/Castro de Carbia/O Castro/Eira dos Mouros/Os Castros	-8.23575596931154	42.81187657483075	-8.23889080,42.80957690,-8.23262114,42.81417625	512	ign_pnoa_rgb	https://www.ign.es/wms-inspire/pnoa-ma	OI.OrthoimageCoverage	data/external/weak-label-chips-v1/train/positive/wl-tile-v1-11692-pos-es-pba-75426.png	weak_label_candidate_for_model_v1	512	512	downloaded	valid	512	512	RGB	653279	1		https://www.ign.es/wms-inspire/pnoa-ma?SERVICE=WMS&VERSION=1.1.1&REQUEST=GetMap&LAYERS=OI.OrthoimageCoverage&STYLES=&SRS=EPSG%3A4326&BBOX=-8.23889080%2C42.80957690%2C-8.23262114%2C42.81417625&WIDTH=512&HEIGHT=512&FORMAT=image%2Fpng&TRANSPARENT=false	2026-08-01T00:00:00Z
weak-chip-export-v1-00873	wl-tile-v1-10372	wl-pos-pos-es-pba-20157	pos-es-pba-20157	1	positive	train	ES	Castro Pombo	-8.746991688541003	43.04041811193594	-8.75013817,43.03811844,-8.74384521,43.04271779	512	ign_pnoa_rgb	https://www.ign.es/wms-inspire/pnoa-ma	OI.OrthoimageCoverage	data/external/weak-label-chips-v1/train/positive/wl-tile-v1-10372-pos-es-pba-20157.png	weak_label_candidate_for_model_v1	512	512	downloaded	valid	512	512	RGB	666773	1		https://www.ign.es/wms-inspire/pnoa-ma?SERVICE=WMS&VERSION=1.1.1&REQUEST=GetMap&LAYERS=OI.OrthoimageCoverage&STYLES=&SRS=EPSG%3A4326&BBOX=-8.75013817%2C43.03811844%2C-8.74384521%2C43.04271779&WIDTH=512&HEIGHT=512&FORMAT=image%2Fpng&TRANSPARENT=false	2026-08-01T00:00:00Z
weak-chip-export-v1-00874	wl-tile-v1-10711	wl-pos-pos-es-pba-29067	pos-es-pba-29067	1	positive	train	ES	Castro Portela	-7.269120663961797	42.5412394322272	-7.27224187,42.53893976,-7.26599946,42.54353911	512	ign_pnoa_rgb	https://www.ign.es/wms-inspire/pnoa-ma	OI.OrthoimageCoverage	data/external/weak-label-chips-v1/train/positive/wl-tile-v1-10711-pos-es-pba-29067.png	weak_label_candidate_for_model_v1	512	512	downloaded	valid	512	512	RGB	695781	1		https://www.ign.es/wms-inspire/pnoa-ma?SERVICE=WMS&VERSION=1.1.1&REQUEST=GetMap&LAYERS=OI.OrthoimageCoverage&STYLES=&SRS=EPSG%3A4326&BBOX=-7.27224187%2C42.53893976%2C-7.26599946%2C42.54353911&WIDTH=512&HEIGHT=512&FORMAT=image%2Fpng&TRANSPARENT=false	2026-08-01T00:00:00Z
weak-chip-export-v1-00875	wl-tile-v1-10136	wl-pos-pos-es-pba-11757	pos-es-pba-11757	1	positive	train	ES	Castro Redondo	-8.305690635824451	43.05787001390244	-8.30883801,43.05557034,-8.30254326,43.06016969	512	ign_pnoa_rgb	https://www.ign.es/wms-inspire/pnoa-ma	OI.OrthoimageCoverage	data/external/weak-label-chips-v1/train/positive/wl-tile-v1-10136-pos-es-pba-11757.png	weak_label_candidate_for_model_v1	512	512	downloaded	valid	512	512	RGB	609666	1		https://www.ign.es/wms-inspire/pnoa-ma?SERVICE=WMS&VERSION=1.1.1&REQUEST=GetMap&LAYERS=OI.OrthoimageCoverage&STYLES=&SRS=EPSG%3A4326&BBOX=-8.30883801%2C43.05557034%2C-8.30254326%2C43.06016969&WIDTH=512&HEIGHT=512&FORMAT=image%2Fpng&TRANSPARENT=false	2026-08-01T00:00:00Z
weak-chip-export-v1-00876	wl-tile-v1-10076	wl-pos-pos-es-pba-5920	pos-es-pba-5920	1	positive	train	ES	Castro Redondo do Portal	-8.792711901029866	43.21308999122423	-8.79586728,43.21079031,-8.78955652,43.21538967	512	ign_pnoa_rgb	https://www.ign.es/wms-inspire/pnoa-ma	OI.OrthoimageCoverage	data/external/weak-label-chips-v1/train/positive/wl-tile-v1-10076-pos-es-pba-5920.png	weak_label_candidate_for_model_v1	512	512	downloaded	valid	512	512	RGB	653992	1		https://www.ign.es/wms-inspire/pnoa-ma?SERVICE=WMS&VERSION=1.1.1&REQUEST=GetMap&LAYERS=OI.OrthoimageCoverage&STYLES=&SRS=EPSG%3A4326&BBOX=-8.79586728%2C43.21079031%2C-8.78955652%2C43.21538967&WIDTH=512&HEIGHT=512&FORMAT=image%2Fpng&TRANSPARENT=false	2026-08-01T00:00:00Z
weak-chip-export-v1-00877	wl-tile-v1-10712	wl-pos-pos-es-pba-29068	pos-es-pba-29068	1	positive	train	ES	Castro Romeor	-7.094794369031415	42.64381241596846	-7.09792072,42.64151274,-7.09166802,42.64611209	512	ign_pnoa_rgb	https://www.ign.es/wms-inspire/pnoa-ma	OI.OrthoimageCoverage	data/external/weak-label-chips-v1/train/positive/wl-tile-v1-10712-pos-es-pba-29068.png	weak_label_candidate_for_model_v1	512	512	downloaded	valid	512	512	RGB	712337	1		https://www.ign.es/wms-inspire/pnoa-ma?SERVICE=WMS&VERSION=1.1.1&REQUEST=GetMap&LAYERS=OI.OrthoimageCoverage&STYLES=&SRS=EPSG%3A4326&BBOX=-7.09792072%2C42.64151274%2C-7.09166802%2C42.64611209&WIDTH=512&HEIGHT=512&FORMAT=image%2Fpng&TRANSPARENT=false	2026-08-01T00:00:00Z
weak-chip-export-v1-00878	wl-tile-v1-11452	wl-pos-pos-es-pba-64636	pos-es-pba-64636	1	positive	train	ES	Castro Sebil	-8.537892266549553	42.62060695791155	-8.54101745,42.61830728,-8.53476708,42.62290663	512	ign_pnoa_rgb	https://www.ign.es/wms-inspire/pnoa-ma	OI.OrthoimageCoverage	data/external/weak-label-chips-v1/train/positive/wl-tile-v1-11452-pos-es-pba-64636.png	weak_label_candidate_for_model_v1	512	512	downloaded	valid	512	512	RGB	642089	1		https://www.ign.es/wms-inspire/pnoa-ma?SERVICE=WMS&VERSION=1.1.1&REQUEST=GetMap&LAYERS=OI.OrthoimageCoverage&STYLES=&SRS=EPSG%3A4326&BBOX=-8.54101745%2C42.61830728%2C-8.53476708%2C42.62290663&WIDTH=512&HEIGHT=512&FORMAT=image%2Fpng&TRANSPARENT=false	2026-08-01T00:00:00Z
weak-chip-export-v1-00879	wl-tile-v1-11434	wl-pos-pos-es-pba-78765	pos-es-pba-78765	1	positive	train	ES	Castro Segón	-8.420929595088353	42.50046404717832	-8.42404877,42.49816437,-8.41781042,42.50276372	512	ign_pnoa_rgb	https://www.ign.es/wms-inspire/pnoa-ma	OI.OrthoimageCoverage	data/external/weak-label-chips-v1/train/positive/wl-tile-v1-11434-pos-es-pba-78765.png	weak_label_candidate_for_model_v1	512	512	downloaded	valid	512	512	RGB	658811	1		https://www.ign.es/wms-inspire/pnoa-ma?SERVICE=WMS&VERSION=1.1.1&REQUEST=GetMap&LAYERS=OI.OrthoimageCoverage&STYLES=&SRS=EPSG%3A4326&BBOX=-8.42404877%2C42.49816437%2C-8.41781042%2C42.50276372&WIDTH=512&HEIGHT=512&FORMAT=image%2Fpng&TRANSPARENT=false	2026-08-01T00:00:00Z
weak-chip-export-v1-00880	wl-tile-v1-10060	wl-pos-pos-es-pba-5561	pos-es-pba-5561	1	positive	train	ES	Castro Sete (San Martiño de Cerdido)	-7.977523074801349	43.59443008852639	-7.98069838,43.59213041,-7.97434777,43.59672977	512	ign_pnoa_rgb	https://www.ign.es/wms-inspire/pnoa-ma	OI.OrthoimageCoverage	data/external/weak-label-chips-v1/train/positive/wl-tile-v1-10060-pos-es-pba-5561.png	weak_label_candidate_for_model_v1	512	512	downloaded	valid	512	512	RGB	659789	1		https://www.ign.es/wms-inspire/pnoa-ma?SERVICE=WMS&VERSION=1.1.1&REQUEST=GetMap&LAYERS=OI.OrthoimageCoverage&STYLES=&SRS=EPSG%3A4326&BBOX=-7.98069838%2C43.59213041%2C-7.97434777%2C43.59672977&WIDTH=512&HEIGHT=512&FORMAT=image%2Fpng&TRANSPARENT=false	2026-08-01T00:00:00Z
weak-chip-export-v1-00881	wl-tile-v1-10320	wl-pos-pos-es-pba-16947	pos-es-pba-16947	1	positive	train	ES	Castro Valente/A Cerca	-8.606451865365324	42.73039861886011	-8.60958257,42.72809894,-8.60332116,42.73269830	512	ign_pnoa_rgb	https://www.ign.es/wms-inspire/pnoa-ma	OI.OrthoimageCoverage	data/external/weak-label-chips-v1/train/positive/wl-tile-v1-10320-pos-es-pba-16947.png	weak_label_candidate_for_model_v1	512	512	downloaded	valid	512	512	RGB	620823	1		https://www.ign.es/wms-inspire/pnoa-ma?SERVICE=WMS&VERSION=1.1.1&REQUEST=GetMap&LAYERS=OI.OrthoimageCoverage&STYLES=&SRS=EPSG%3A4326&BBOX=-8.60958257%2C42.72809894%2C-8.60332116%2C42.73269830&WIDTH=512&HEIGHT=512&FORMAT=image%2Fpng&TRANSPARENT=false	2026-08-01T00:00:00Z
weak-chip-export-v1-00882	wl-tile-v1-10207	wl-pos-pos-es-pba-14196	pos-es-pba-14196	1	positive	train	ES	Castro da Aldea de Castro	-8.87691482937325	42.9167730499989	-8.88005499,42.91447337,-8.87377467,42.91907273	512	ign_pnoa_rgb	https://www.ign.es/wms-inspire/pnoa-ma	OI.OrthoimageCoverage	data/external/weak-label-chips-v1/train/positive/wl-tile-v1-10207-pos-es-pba-14196.png	weak_label_candidate_for_model_v1	512	512	downloaded	valid	512	512	RGB	654273	1		https://www.ign.es/wms-inspire/pnoa-ma?SERVICE=WMS&VERSION=1.1.1&REQUEST=GetMap&LAYERS=OI.OrthoimageCoverage&STYLES=&SRS=EPSG%3A4326&BBOX=-8.88005499%2C42.91447337%2C-8.87377467%2C42.91907273&WIDTH=512&HEIGHT=512&FORMAT=image%2Fpng&TRANSPARENT=false	2026-08-01T00:00:00Z
weak-chip-export-v1-00883	wl-tile-v1-10116	wl-pos-pos-es-pba-11689	pos-es-pba-11689	1	positive	train	ES	Castro da Areda/Castro das Medorras	-8.214275666780049	43.02639791130814	-8.21742143,43.02409823,-8.21112990,43.02869759	512	ign_pnoa_rgb	https://www.ign.es/wms-inspire/pnoa-ma	OI.OrthoimageCoverage	data/external/weak-label-chips-v1/train/positive/wl-tile-v1-10116-pos-es-pba-11689.png	weak_label_candidate_for_model_v1	512	512	downloaded	valid	512	512	RGB	607186	1		https://www.ign.es/wms-inspire/pnoa-ma?SERVICE=WMS&VERSION=1.1.1&REQUEST=GetMap&LAYERS=OI.OrthoimageCoverage&STYLES=&SRS=EPSG%3A4326&BBOX=-8.21742143%2C43.02409823%2C-8.21112990%2C43.02869759&WIDTH=512&HEIGHT=512&FORMAT=image%2Fpng&TRANSPARENT=false	2026-08-01T00:00:00Z
weak-chip-export-v1-00884	wl-tile-v1-10339	wl-pos-pos-es-pba-18249	pos-es-pba-18249	1	positive	train	ES	Castro da Aurela	-8.120634633179096	43.419214115676795	-8.12380073,43.41691444,-8.11746854,43.42151379	512	ign_pnoa_rgb	https://www.ign.es/wms-inspire/pnoa-ma	OI.OrthoimageCoverage	data/external/weak-label-chips-v1/train/positive/wl-tile-v1-10339-pos-es-pba-18249.png	weak_label_candidate_for_model_v1	512	512	downloaded	valid	512	512	RGB	651324	1		https://www.ign.es/wms-inspire/pnoa-ma?SERVICE=WMS&VERSION=1.1.1&REQUEST=GetMap&LAYERS=OI.OrthoimageCoverage&STYLES=&SRS=EPSG%3A4326&BBOX=-8.12380073%2C43.41691444%2C-8.11746854%2C43.42151379&WIDTH=512&HEIGHT=512&FORMAT=image%2Fpng&TRANSPARENT=false	2026-08-01T00:00:00Z
weak-chip-export-v1-00885	wl-tile-v1-10721	wl-pos-pos-es-pba-31122	pos-es-pba-31122	1	positive	train	ES	Castro da Aurela	-7.818642036810747	42.96461928478254	-7.82178464,42.96231961,-7.81549943,42.96691896	512	ign_pnoa_rgb	https://www.ign.es/wms-inspire/pnoa-ma	OI.OrthoimageCoverage	data/external/weak-label-chips-v1/train/positive/wl-tile-v1-10721-pos-es-pba-31122.png	weak_label_candidate_for_model_v1	512	512	downloaded	valid	512	512	RGB	679810	1		https://www.ign.es/wms-inspire/pnoa-ma?SERVICE=WMS&VERSION=1.1.1&REQUEST=GetMap&LAYERS=OI.OrthoimageCoverage&STYLES=&SRS=EPSG%3A4326&BBOX=-7.82178464%2C42.96231961%2C-7.81549943%2C42.96691896&WIDTH=512&HEIGHT=512&FORMAT=image%2Fpng&TRANSPARENT=false	2026-08-01T00:00:00Z
weak-chip-export-v1-00886	wl-tile-v1-10327	wl-pos-pos-es-pba-18603	pos-es-pba-18603	1	positive	train	ES	Castro da Barda	-8.945717128842128	43.289225379685824	-8.94887645,43.28692570,-8.94255781,43.29152506	512	ign_pnoa_rgb	https://www.ign.es/wms-inspire/pnoa-ma	OI.OrthoimageCoverage	data/external/weak-label-chips-v1/train/positive/wl-tile-v1-10327-pos-es-pba-18603.png	weak_label_candidate_for_model_v1	512	512	downloaded	valid	512	512	RGB	679269	1		https://www.ign.es/wms-inspire/pnoa-ma?SERVICE=WMS&VERSION=1.1.1&REQUEST=GetMap&LAYERS=OI.OrthoimageCoverage&STYLES=&SRS=EPSG%3A4326&BBOX=-8.94887645%2C43.28692570%2C-8.94255781%2C43.29152506&WIDTH=512&HEIGHT=512&FORMAT=image%2Fpng&TRANSPARENT=false	2026-08-01T00:00:00Z
weak-chip-export-v1-00887	wl-tile-v1-10328	wl-pos-pos-es-pba-18604	pos-es-pba-18604	1	positive	train	ES	Castro da Barda/Castelo	-8.941606393077615	43.28026878845151	-8.94476525,43.27796911,-8.93844754,43.28256847	512	ign_pnoa_rgb	https://www.ign.es/wms-inspire/pnoa-ma	OI.OrthoimageCoverage	data/external/weak-label-chips-v1/train/positive/wl-tile-v1-10328-pos-es-pba-18604.png	weak_label_candidate_for_model_v1	512	512	downloaded	valid	512	512	RGB	685769	1		https://www.ign.es/wms-inspire/pnoa-ma?SERVICE=WMS&VERSION=1.1.1&REQUEST=GetMap&LAYERS=OI.OrthoimageCoverage&STYLES=&SRS=EPSG%3A4326&BBOX=-8.94476525%2C43.27796911%2C-8.93844754%2C43.28256847&WIDTH=512&HEIGHT=512&FORMAT=image%2Fpng&TRANSPARENT=false	2026-08-01T00:00:00Z
weak-chip-export-v1-00888	wl-tile-v1-11580	wl-pos-pos-es-pba-77727	pos-es-pba-77727	1	positive	train	ES	Castro da Barxa	-8.547705370050995	42.15259310623146	-8.55080734,42.15029343,-8.54460340,42.15489278	512	ign_pnoa_rgb	https://www.ign.es/wms-inspire/pnoa-ma	OI.OrthoimageCoverage	data/external/weak-label-chips-v1/train/positive/wl-tile-v1-11580-pos-es-pba-77727.png	weak_label_candidate_for_model_v1	512	512	downloaded	valid	512	512	RGB	690035	1		https://www.ign.es/wms-inspire/pnoa-ma?SERVICE=WMS&VERSION=1.1.1&REQUEST=GetMap&LAYERS=OI.OrthoimageCoverage&STYLES=&SRS=EPSG%3A4326&BBOX=-8.55080734%2C42.15029343%2C-8.54460340%2C42.15489278&WIDTH=512&HEIGHT=512&FORMAT=image%2Fpng&TRANSPARENT=false	2026-08-01T00:00:00Z
weak-chip-export-v1-00889	wl-tile-v1-09867	wl-pos-pos-es-pba-1187	pos-es-pba-1187	1	positive	train	ES	Castro da Baña	-8.763157440610867	42.951214194085864	-8.76629936,42.94891452,-8.76001552,42.95351387	512	ign_pnoa_rgb	https://www.ign.es/wms-inspire/pnoa-ma	OI.OrthoimageCoverage	data/external/weak-label-chips-v1/train/positive/wl-tile-v1-09867-pos-es-pba-1187.png	weak_label_candidate_for_model_v1	512	512	downloaded	valid	512	512	RGB	656418	1		https://www.ign.es/wms-inspire/pnoa-ma?SERVICE=WMS&VERSION=1.1.1&REQUEST=GetMap&LAYERS=OI.OrthoimageCoverage&STYLES=&SRS=EPSG%3A4326&BBOX=-8.76629936%2C42.94891452%2C-8.76001552%2C42.95351387&WIDTH=512&HEIGHT=512&FORMAT=image%2Fpng&TRANSPARENT=false	2026-08-01T00:00:00Z
weak-chip-export-v1-00890	wl-tile-v1-10910	wl-pos-pos-es-pba-41928	pos-es-pba-41928	1	positive	train	ES	Castro da Besta ou de Vilelos	-7.674675402221532	42.63795322374724	-7.67780146,42.63565355,-7.67154935,42.64025290	512	ign_pnoa_rgb	https://www.ign.es/wms-inspire/pnoa-ma	OI.OrthoimageCoverage	data/external/weak-label-chips-v1/train/positive/wl-tile-v1-10910-pos-es-pba-41928.png	weak_label_candidate_for_model_v1	512	512	downloaded	valid	512	512	RGB	558826	1		https://www.ign.es/wms-inspire/pnoa-ma?SERVICE=WMS&VERSION=1.1.1&REQUEST=GetMap&LAYERS=OI.OrthoimageCoverage&STYLES=&SRS=EPSG%3A4326&BBOX=-7.67780146%2C42.63565355%2C-7.67154935%2C42.64025290&WIDTH=512&HEIGHT=512&FORMAT=image%2Fpng&TRANSPARENT=false	2026-08-01T00:00:00Z
weak-chip-export-v1-00891	wl-tile-v1-10161	wl-pos-pos-es-pba-12434	pos-es-pba-12434	1	positive	train	ES	Castro da Braña	-8.286253420784236	43.13064428026022	-8.28940454,43.12834460,-8.28310230,43.13294396	512	ign_pnoa_rgb	https://www.ign.es/wms-inspire/pnoa-ma	OI.OrthoimageCoverage	data/external/weak-label-chips-v1/train/positive/wl-tile-v1-10161-pos-es-pba-12434.png	weak_label_candidate_for_model_v1	512	512	downloaded	valid	512	512	RGB	607233	1		https://www.ign.es/wms-inspire/pnoa-ma?SERVICE=WMS&VERSION=1.1.1&REQUEST=GetMap&LAYERS=OI.OrthoimageCoverage&STYLES=&SRS=EPSG%3A4326&BBOX=-8.28940454%2C43.12834460%2C-8.28310230%2C43.13294396&WIDTH=512&HEIGHT=512&FORMAT=image%2Fpng&TRANSPARENT=false	2026-08-01T00:00:00Z
weak-chip-export-v1-00892	wl-tile-v1-09990	wl-pos-pos-es-pba-3482	pos-es-pba-3482	1	positive	train	ES	Castro da Brea	-8.676625596193837	43.198820225548204	-8.67978023,43.19652055,-8.67347096,43.20111990	512	ign_pnoa_rgb	https://www.ign.es/wms-inspire/pnoa-ma	OI.OrthoimageCoverage	data/external/weak-label-chips-v1/train/positive/wl-tile-v1-09990-pos-es-pba-3482.png	weak_label_candidate_for_model_v1	512	512	downloaded	valid	512	512	RGB	685161	1		https://www.ign.es/wms-inspire/pnoa-ma?SERVICE=WMS&VERSION=1.1.1&REQUEST=GetMap&LAYERS=OI.OrthoimageCoverage&STYLES=&SRS=EPSG%3A4326&BBOX=-8.67978023%2C43.19652055%2C-8.67347096%2C43.20111990&WIDTH=512&HEIGHT=512&FORMAT=image%2Fpng&TRANSPARENT=false	2026-08-01T00:00:00Z
weak-chip-export-v1-00893	wl-tile-v1-11141	wl-pos-pos-es-pba-52855	pos-es-pba-52855	1	positive	train	ES	Castro da Cabeciña	-7.018961090035143	42.03446918919007	-7.02205729,42.03216951,-7.01586489,42.03676887	512	ign_pnoa_rgb	https://www.ign.es/wms-inspire/pnoa-ma	OI.OrthoimageCoverage	data/external/weak-label-chips-v1/train/positive/wl-tile-v1-11141-pos-es-pba-52855.png	weak_label_candidate_for_model_v1	512	512	downloaded	valid	512	512	RGB	665718	1		https://www.ign.es/wms-inspire/pnoa-ma?SERVICE=WMS&VERSION=1.1.1&REQUEST=GetMap&LAYERS=OI.OrthoimageCoverage&STYLES=&SRS=EPSG%3A4326&BBOX=-7.02205729%2C42.03216951%2C-7.01586489%2C42.03676887&WIDTH=512&HEIGHT=512&FORMAT=image%2Fpng&TRANSPARENT=false	2026-08-01T00:00:00Z
weak-chip-export-v1-00894	wl-tile-v1-11142	wl-pos-pos-es-pba-52856	pos-es-pba-52856	1	positive	train	ES	Castro da Cabeciña do Souto	-7.01627445709029	42.01840221255198	-7.01936987,42.01610254,-7.01317904,42.02070189	512	ign_pnoa_rgb	https://www.ign.es/wms-inspire/pnoa-ma	OI.OrthoimageCoverage	data/external/weak-label-chips-v1/train/positive/wl-tile-v1-11142-pos-es-pba-52856.png	weak_label_candidate_for_model_v1	512	512	downloaded	valid	512	512	RGB	678352	1		https://www.ign.es/wms-inspire/pnoa-ma?SERVICE=WMS&VERSION=1.1.1&REQUEST=GetMap&LAYERS=OI.OrthoimageCoverage&STYLES=&SRS=EPSG%3A4326&BBOX=-7.01936987%2C42.01610254%2C-7.01317904%2C42.02070189&WIDTH=512&HEIGHT=512&FORMAT=image%2Fpng&TRANSPARENT=false	2026-08-01T00:00:00Z
weak-chip-export-v1-00895	wl-tile-v1-11143	wl-pos-pos-es-pba-52891	pos-es-pba-52891	1	positive	train	ES	Castro da Cabeza	-7.044854552946351	42.032069914161625	-7.04795063,42.02977024,-7.04175847,42.03436959	512	ign_pnoa_rgb	https://www.ign.es/wms-inspire/pnoa-ma	OI.OrthoimageCoverage	data/external/weak-label-chips-v1/train/positive/wl-tile-v1-11143-pos-es-pba-52891.png	weak_label_candidate_for_model_v1	512	512	downloaded	valid	512	512	RGB	611019	1		https://www.ign.es/wms-inspire/pnoa-ma?SERVICE=WMS&VERSION=1.1.1&REQUEST=GetMap&LAYERS=OI.OrthoimageCoverage&STYLES=&SRS=EPSG%3A4326&BBOX=-7.04795063%2C42.02977024%2C-7.04175847%2C42.03436959&WIDTH=512&HEIGHT=512&FORMAT=image%2Fpng&TRANSPARENT=false	2026-08-01T00:00:00Z
weak-chip-export-v1-00896	wl-tile-v1-11165	wl-pos-pos-es-pba-57711	pos-es-pba-57711	1	positive	train	ES	Castro da Cabeza	-7.045581065392754	42.26959267857147	-7.04868879,42.26729300,-7.04247334,42.27189236	512	ign_pnoa_rgb	https://www.ign.es/wms-inspire/pnoa-ma	OI.OrthoimageCoverage	data/external/weak-label-chips-v1/train/positive/wl-tile-v1-11165-pos-es-pba-57711.png	weak_label_candidate_for_model_v1	512	512	downloaded	valid	512	512	RGB	676220	1		https://www.ign.es/wms-inspire/pnoa-ma?SERVICE=WMS&VERSION=1.1.1&REQUEST=GetMap&LAYERS=OI.OrthoimageCoverage&STYLES=&SRS=EPSG%3A4326&BBOX=-7.04868879%2C42.26729300%2C-7.04247334%2C42.27189236&WIDTH=512&HEIGHT=512&FORMAT=image%2Fpng&TRANSPARENT=false	2026-08-01T00:00:00Z
weak-chip-export-v1-00897	wl-tile-v1-10381	wl-pos-pos-es-pba-20153	pos-es-pba-20153	1	positive	train	ES	Castro da Caluba	-8.446243408960212	42.960609055770696	-8.44938581,42.95830938,-8.44310101,42.96290873	512	ign_pnoa_rgb	https://www.ign.es/wms-inspire/pnoa-ma	OI.OrthoimageCoverage	data/external/weak-label-chips-v1/train/positive/wl-tile-v1-10381-pos-es-pba-20153.png	weak_label_candidate_for_model_v1	512	512	downloaded	valid	512	512	RGB	660535	1		https://www.ign.es/wms-inspire/pnoa-ma?SERVICE=WMS&VERSION=1.1.1&REQUEST=GetMap&LAYERS=OI.OrthoimageCoverage&STYLES=&SRS=EPSG%3A4326&BBOX=-8.44938581%2C42.95830938%2C-8.44310101%2C42.96290873&WIDTH=512&HEIGHT=512&FORMAT=image%2Fpng&TRANSPARENT=false	2026-08-01T00:00:00Z
weak-chip-export-v1-00898	wl-tile-v1-10584	wl-pos-pos-es-pba-44400	pos-es-pba-44400	1	positive	train	ES	Castro da Calvela	-7.270587437437283	42.905015212890504	-7.27372700,42.90271554,-7.26744788,42.90731489	512	ign_pnoa_rgb	https://www.ign.es/wms-inspire/pnoa-ma	OI.OrthoimageCoverage	data/external/weak-label-chips-v1/train/positive/wl-tile-v1-10584-pos-es-pba-44400.png	weak_label_candidate_for_model_v1	512	512	downloaded	valid	512	512	RGB	672006	1		https://www.ign.es/wms-inspire/pnoa-ma?SERVICE=WMS&VERSION=1.1.1&REQUEST=GetMap&LAYERS=OI.OrthoimageCoverage&STYLES=&SRS=EPSG%3A4326&BBOX=-7.27372700%2C42.90271554%2C-7.26744788%2C42.90731489&WIDTH=512&HEIGHT=512&FORMAT=image%2Fpng&TRANSPARENT=false	2026-08-01T00:00:00Z
weak-chip-export-v1-00899	wl-tile-v1-10759	wl-pos-pos-es-pba-31552	pos-es-pba-31552	1	positive	train	ES	Castro da Capela	-7.350406336883751	42.90074744078272	-7.35354568,42.89844776,-7.34726699,42.90304712	512	ign_pnoa_rgb	https://www.ign.es/wms-inspire/pnoa-ma	OI.OrthoimageCoverage	data/external/weak-label-chips-v1/train/positive/wl-tile-v1-10759-pos-es-pba-31552.png	weak_label_candidate_for_model_v1	512	512	downloaded	valid	512	512	RGB	680427	1		https://www.ign.es/wms-inspire/pnoa-ma?SERVICE=WMS&VERSION=1.1.1&REQUEST=GetMap&LAYERS=OI.OrthoimageCoverage&STYLES=&SRS=EPSG%3A4326&BBOX=-7.35354568%2C42.89844776%2C-7.34726699%2C42.90304712&WIDTH=512&HEIGHT=512&FORMAT=image%2Fpng&TRANSPARENT=false	2026-08-01T00:00:00Z
weak-chip-export-v1-00900	wl-tile-v1-11385	wl-pos-pos-es-pba-60051	pos-es-pba-60051	1	positive	train	ES	Castro da Carabela/O Castro/A Penisa	-8.852153814587883	42.11111036846851	-8.85525375,42.10881069,-8.84905388,42.11341005	512	ign_pnoa_rgb	https://www.ign.es/wms-inspire/pnoa-ma	OI.OrthoimageCoverage	data/external/weak-label-chips-v1/train/positive/wl-tile-v1-11385-pos-es-pba-60051.png	weak_label_candidate_for_model_v1	512	512	downloaded	valid	512	512	RGB	659503	1		https://www.ign.es/wms-inspire/pnoa-ma?SERVICE=WMS&VERSION=1.1.1&REQUEST=GetMap&LAYERS=OI.OrthoimageCoverage&STYLES=&SRS=EPSG%3A4326&BBOX=-8.85525375%2C42.10881069%2C-8.84905388%2C42.11341005&WIDTH=512&HEIGHT=512&FORMAT=image%2Fpng&TRANSPARENT=false	2026-08-01T00:00:00Z
weak-chip-export-v1-00901	wl-tile-v1-10760	wl-pos-pos-es-pba-31553	pos-es-pba-31553	1	positive	train	ES	Castro da Carballeda	-7.415176677486283	42.86585807660474	-7.41831425,42.86355840,-7.41203911,42.86815775	512	ign_pnoa_rgb	https://www.ign.es/wms-inspire/pnoa-ma	OI.OrthoimageCoverage	data/external/weak-label-chips-v1/train/positive/wl-tile-v1-10760-pos-es-pba-31553.png	weak_label_candidate_for_model_v1	512	512	downloaded	valid	512	512	RGB	679365	1		https://www.ign.es/wms-inspire/pnoa-ma?SERVICE=WMS&VERSION=1.1.1&REQUEST=GetMap&LAYERS=OI.OrthoimageCoverage&STYLES=&SRS=EPSG%3A4326&BBOX=-7.41831425%2C42.86355840%2C-7.41203911%2C42.86815775&WIDTH=512&HEIGHT=512&FORMAT=image%2Fpng&TRANSPARENT=false	2026-08-01T00:00:00Z
weak-chip-export-v1-00902	wl-tile-v1-10117	wl-pos-pos-es-pba-11690	pos-es-pba-11690	1	positive	train	ES	Castro da Carballeira	-8.261312367096052	43.020402535496096	-8.26445782,43.01810286,-8.25816691,43.02270221	512	ign_pnoa_rgb	https://www.ign.es/wms-inspire/pnoa-ma	OI.OrthoimageCoverage	data/external/weak-label-chips-v1/train/positive/wl-tile-v1-10117-pos-es-pba-11690.png	weak_label_candidate_for_model_v1	512	512	downloaded	valid	512	512	RGB	658116	1		https://www.ign.es/wms-inspire/pnoa-ma?SERVICE=WMS&VERSION=1.1.1&REQUEST=GetMap&LAYERS=OI.OrthoimageCoverage&STYLES=&SRS=EPSG%3A4326&BBOX=-8.26445782%2C43.01810286%2C-8.25816691%2C43.02270221&WIDTH=512&HEIGHT=512&FORMAT=image%2Fpng&TRANSPARENT=false	2026-08-01T00:00:00Z
weak-chip-export-v1-00903	wl-tile-v1-10139	wl-pos-pos-es-pba-11478	pos-es-pba-11478	1	positive	train	ES	Castro da Casagrande	-8.084847592115795	43.290884904360176	-8.08800700,43.28858523,-8.08168818,43.29318458	512	ign_pnoa_rgb	https://www.ign.es/wms-inspire/pnoa-ma	OI.OrthoimageCoverage	data/external/weak-label-chips-v1/train/positive/wl-tile-v1-10139-pos-es-pba-11478.png	weak_label_candidate_for_model_v1	512	512	downloaded	valid	512	512	RGB	678721	1		https://www.ign.es/wms-inspire/pnoa-ma?SERVICE=WMS&VERSION=1.1.1&REQUEST=GetMap&LAYERS=OI.OrthoimageCoverage&STYLES=&SRS=EPSG%3A4326&BBOX=-8.08800700%2C43.28858523%2C-8.08168818%2C43.29318458&WIDTH=512&HEIGHT=512&FORMAT=image%2Fpng&TRANSPARENT=false	2026-08-01T00:00:00Z
weak-chip-export-v1-00904	wl-tile-v1-11005	wl-pos-pos-es-pba-41948	pos-es-pba-41948	1	positive	train	ES	Castro da Casilla	-7.409647151890568	42.804226740207426	-7.41278159,42.80192706,-7.40651271,42.80652642	512	ign_pnoa_rgb	https://www.ign.es/wms-inspire/pnoa-ma	OI.OrthoimageCoverage	data/external/weak-label-chips-v1/train/positive/wl-tile-v1-11005-pos-es-pba-41948.png	weak_label_candidate_for_model_v1	512	512	downloaded	valid	512	512	RGB	678674	1		https://www.ign.es/wms-inspire/pnoa-ma?SERVICE=WMS&VERSION=1.1.1&REQUEST=GetMap&LAYERS=OI.OrthoimageCoverage&STYLES=&SRS=EPSG%3A4326&BBOX=-7.41278159%2C42.80192706%2C-7.40651271%2C42.80652642&WIDTH=512&HEIGHT=512&FORMAT=image%2Fpng&TRANSPARENT=false	2026-08-01T00:00:00Z
weak-chip-export-v1-00905	wl-tile-v1-10512	wl-pos-pos-es-pba-25968	pos-es-pba-25968	1	positive	train	ES	Castro da Cerca	-9.008365046082472	43.067589062139376	-9.01151292,43.06528939,-9.00521717,43.06988874	512	ign_pnoa_rgb	https://www.ign.es/wms-inspire/pnoa-ma	OI.OrthoimageCoverage	data/external/weak-label-chips-v1/train/positive/wl-tile-v1-10512-pos-es-pba-25968.png	weak_label_candidate_for_model_v1	512	512	downloaded	valid	512	512	RGB	642711	1		https://www.ign.es/wms-inspire/pnoa-ma?SERVICE=WMS&VERSION=1.1.1&REQUEST=GetMap&LAYERS=OI.OrthoimageCoverage&STYLES=&SRS=EPSG%3A4326&BBOX=-9.01151292%2C43.06528939%2C-9.00521717%2C43.06988874&WIDTH=512&HEIGHT=512&FORMAT=image%2Fpng&TRANSPARENT=false	2026-08-01T00:00:00Z
weak-chip-export-v1-00906	wl-tile-v1-11416	wl-pos-pos-es-pba-78565	pos-es-pba-78565	1	positive	train	ES	Castro da Cerca	-8.353215633377973	42.557046509761015	-8.35633763,42.55474683,-8.35009364,42.55934619	512	ign_pnoa_rgb	https://www.ign.es/wms-inspire/pnoa-ma	OI.OrthoimageCoverage	data/external/weak-label-chips-v1/train/positive/wl-tile-v1-11416-pos-es-pba-78565.png	weak_label_candidate_for_model_v1	512	512	downloaded	valid	512	512	RGB	660329	1		https://www.ign.es/wms-inspire/pnoa-ma?SERVICE=WMS&VERSION=1.1.1&REQUEST=GetMap&LAYERS=OI.OrthoimageCoverage&STYLES=&SRS=EPSG%3A4326&BBOX=-8.35633763%2C42.55474683%2C-8.35009364%2C42.55934619&WIDTH=512&HEIGHT=512&FORMAT=image%2Fpng&TRANSPARENT=false	2026-08-01T00:00:00Z
weak-chip-export-v1-00907	wl-tile-v1-11192	wl-pos-pos-es-pba-45105	pos-es-pba-45105	1	positive	train	ES	Castro da Ciadella	-7.684044971064344	42.20320905201636	-7.68714942,42.20090938,-7.68094052,42.20550873	512	ign_pnoa_rgb	https://www.ign.es/wms-inspire/pnoa-ma	OI.OrthoimageCoverage	data/external/weak-label-chips-v1/train/positive/wl-tile-v1-11192-pos-es-pba-45105.png	weak_label_candidate_for_model_v1	512	512	downloaded	valid	512	512	RGB	652033	1		https://www.ign.es/wms-inspire/pnoa-ma?SERVICE=WMS&VERSION=1.1.1&REQUEST=GetMap&LAYERS=OI.OrthoimageCoverage&STYLES=&SRS=EPSG%3A4326&BBOX=-7.68714942%2C42.20090938%2C-7.68094052%2C42.20550873&WIDTH=512&HEIGHT=512&FORMAT=image%2Fpng&TRANSPARENT=false	2026-08-01T00:00:00Z
weak-chip-export-v1-00908	wl-tile-v1-11371	wl-pos-pos-es-pba-60104	pos-es-pba-60104	1	positive	train	ES	Castro da Cidade de Arbo	-8.318236365807605	42.115082570358446	-8.32133650,42.11278289,-8.31513623,42.11738225	512	ign_pnoa_rgb	https://www.ign.es/wms-inspire/pnoa-ma	OI.OrthoimageCoverage	data/external/weak-label-chips-v1/train/positive/wl-tile-v1-11371-pos-es-pba-60104.png	weak_label_candidate_for_model_v1	512	512	downloaded	valid	512	512	RGB	697069	1		https://www.ign.es/wms-inspire/pnoa-ma?SERVICE=WMS&VERSION=1.1.1&REQUEST=GetMap&LAYERS=OI.OrthoimageCoverage&STYLES=&SRS=EPSG%3A4326&BBOX=-8.32133650%2C42.11278289%2C-8.31513623%2C42.11738225&WIDTH=512&HEIGHT=512&FORMAT=image%2Fpng&TRANSPARENT=false	2026-08-01T00:00:00Z
weak-chip-export-v1-00909	wl-tile-v1-10911	wl-pos-pos-es-pba-41929	pos-es-pba-41929	1	positive	train	ES	Castro da Cidá	-7.648873958348234	42.64467349816316	-7.65200035,42.64237382,-7.64574757,42.64697317	512	ign_pnoa_rgb	https://www.ign.es/wms-inspire/pnoa-ma	OI.OrthoimageCoverage	data/external/weak-label-chips-v1/train/positive/wl-tile-v1-10911-pos-es-pba-41929.png	weak_label_candidate_for_model_v1	512	512	downloaded	valid	512	512	RGB	668344	1		https://www.ign.es/wms-inspire/pnoa-ma?SERVICE=WMS&VERSION=1.1.1&REQUEST=GetMap&LAYERS=OI.OrthoimageCoverage&STYLES=&SRS=EPSG%3A4326&BBOX=-7.65200035%2C42.64237382%2C-7.64574757%2C42.64697317&WIDTH=512&HEIGHT=512&FORMAT=image%2Fpng&TRANSPARENT=false	2026-08-01T00:00:00Z
weak-chip-export-v1-00910	wl-tile-v1-11208	wl-pos-pos-es-pba-46888	pos-es-pba-46888	1	positive	train	ES	Castro da Cidá de Pereda	-8.076833888300165	42.25411043395582	-8.07994085,42.25181076,-8.07372693,42.25641011	512	ign_pnoa_rgb	https://www.ign.es/wms-inspire/pnoa-ma	OI.OrthoimageCoverage	data/external/weak-label-chips-v1/train/positive/wl-tile-v1-11208-pos-es-pba-46888.png	weak_label_candidate_for_model_v1	512	512	downloaded	valid	512	512	RGB	663197	1		https://www.ign.es/wms-inspire/pnoa-ma?SERVICE=WMS&VERSION=1.1.1&REQUEST=GetMap&LAYERS=OI.OrthoimageCoverage&STYLES=&SRS=EPSG%3A4326&BBOX=-8.07994085%2C42.25181076%2C-8.07372693%2C42.25641011&WIDTH=512&HEIGHT=512&FORMAT=image%2Fpng&TRANSPARENT=false	2026-08-01T00:00:00Z
weak-chip-export-v1-00911	wl-tile-v1-11161	wl-pos-pos-es-pba-55967	pos-es-pba-55967	1	positive	train	ES	Castro da Cigadoña	-7.300075021756439	42.3360936036459	-7.30318603,42.33379393,-7.29696402,42.33839328	512	ign_pnoa_rgb	https://www.ign.es/wms-inspire/pnoa-ma	OI.OrthoimageCoverage	data/external/weak-label-chips-v1/train/positive/wl-tile-v1-11161-pos-es-pba-55967.png	weak_label_candidate_for_model_v1	512	512	downloaded	valid	512	512	RGB	580883	1		https://www.ign.es/wms-inspire/pnoa-ma?SERVICE=WMS&VERSION=1.1.1&REQUEST=GetMap&LAYERS=OI.OrthoimageCoverage&STYLES=&SRS=EPSG%3A4326&BBOX=-7.30318603%2C42.33379393%2C-7.29696402%2C42.33839328&WIDTH=512&HEIGHT=512&FORMAT=image%2Fpng&TRANSPARENT=false	2026-08-01T00:00:00Z
weak-chip-export-v1-00912	wl-tile-v1-11193	wl-pos-pos-es-pba-45106	pos-es-pba-45106	1	positive	train	ES	Castro da Ciradella	-7.666106388632318	42.22237582724312	-7.66921178,42.22007615,-7.66300099,42.22467550	512	ign_pnoa_rgb	https://www.ign.es/wms-inspire/pnoa-ma	OI.OrthoimageCoverage	data/external/weak-label-chips-v1/train/positive/wl-tile-v1-11193-pos-es-pba-45106.png	weak_label_candidate_for_model_v1	512	512	downloaded	valid	512	512	RGB	667109	1		https://www.ign.es/wms-inspire/pnoa-ma?SERVICE=WMS&VERSION=1.1.1&REQUEST=GetMap&LAYERS=OI.OrthoimageCoverage&STYLES=&SRS=EPSG%3A4326&BBOX=-7.66921178%2C42.22007615%2C-7.66300099%2C42.22467550&WIDTH=512&HEIGHT=512&FORMAT=image%2Fpng&TRANSPARENT=false	2026-08-01T00:00:00Z
weak-chip-export-v1-00913	wl-tile-v1-11542	wl-pos-pos-es-pba-67838	pos-es-pba-67838	1	positive	train	ES	Castro da Cividade/A Cidá	-8.600135335884547	42.22293972592275	-8.60324076,42.22064005,-8.59702991,42.22523940	512	ign_pnoa_rgb	https://www.ign.es/wms-inspire/pnoa-ma	OI.OrthoimageCoverage	data/external/weak-label-chips-v1/train/positive/wl-tile-v1-11542-pos-es-pba-67838.png	weak_label_candidate_for_model_v1	512	512	downloaded	valid	512	512	RGB	686082	1		https://www.ign.es/wms-inspire/pnoa-ma?SERVICE=WMS&VERSION=1.1.1&REQUEST=GetMap&LAYERS=OI.OrthoimageCoverage&STYLES=&SRS=EPSG%3A4326&BBOX=-8.60324076%2C42.22064005%2C-8.59702991%2C42.22523940&WIDTH=512&HEIGHT=512&FORMAT=image%2Fpng&TRANSPARENT=false	2026-08-01T00:00:00Z
weak-chip-export-v1-00914	wl-tile-v1-10572	wl-pos-pos-es-pba-35993	pos-es-pba-35993	1	positive	train	ES	Castro da Conca	-7.0667192353654	42.76148472122137	-7.06985151,42.75918504,-7.06358696,42.76378440	512	ign_pnoa_rgb	https://www.ign.es/wms-inspire/pnoa-ma	OI.OrthoimageCoverage	data/external/weak-label-chips-v1/train/positive/wl-tile-v1-10572-pos-es-pba-35993.png	weak_label_candidate_for_model_v1	512	512	downloaded	valid	512	512	RGB	632969	1		https://www.ign.es/wms-inspire/pnoa-ma?SERVICE=WMS&VERSION=1.1.1&REQUEST=GetMap&LAYERS=OI.OrthoimageCoverage&STYLES=&SRS=EPSG%3A4326&BBOX=-7.06985151%2C42.75918504%2C-7.06358696%2C42.76378440&WIDTH=512&HEIGHT=512&FORMAT=image%2Fpng&TRANSPARENT=false	2026-08-01T00:00:00Z
weak-chip-export-v1-00915	wl-tile-v1-09991	wl-pos-pos-es-pba-3507	pos-es-pba-3507	1	positive	train	ES	Castro da Condesa/Bico do Castro	-8.651492199278842	43.2478256310876	-8.65464937,43.24552595,-8.64833502,43.25012531	512	ign_pnoa_rgb	https://www.ign.es/wms-inspire/pnoa-ma	OI.OrthoimageCoverage	data/external/weak-label-chips-v1/train/positive/wl-tile-v1-09991-pos-es-pba-3507.png	weak_label_candidate_for_model_v1	512	512	downloaded	valid	512	512	RGB	655051	1		https://www.ign.es/wms-inspire/pnoa-ma?SERVICE=WMS&VERSION=1.1.1&REQUEST=GetMap&LAYERS=OI.OrthoimageCoverage&STYLES=&SRS=EPSG%3A4326&BBOX=-8.65464937%2C43.24552595%2C-8.64833502%2C43.25012531&WIDTH=512&HEIGHT=512&FORMAT=image%2Fpng&TRANSPARENT=false	2026-08-01T00:00:00Z
weak-chip-export-v1-00916	wl-tile-v1-10585	wl-pos-pos-es-pba-44401	pos-es-pba-44401	1	positive	train	ES	Castro da Condomiña/O Castro	-7.212717706737703	42.926133716477196	-7.21585834,42.92383404,-7.20957707,42.92843339	512	ign_pnoa_rgb	https://www.ign.es/wms-inspire/pnoa-ma	OI.OrthoimageCoverage	data/external/weak-label-chips-v1/train/positive/wl-tile-v1-10585-pos-es-pba-44401.png	weak_label_candidate_for_model_v1	512	512	downloaded	valid	512	512	RGB	686049	1		https://www.ign.es/wms-inspire/pnoa-ma?SERVICE=WMS&VERSION=1.1.1&REQUEST=GetMap&LAYERS=OI.OrthoimageCoverage&STYLES=&SRS=EPSG%3A4326&BBOX=-7.21585834%2C42.92383404%2C-7.20957707%2C42.92843339&WIDTH=512&HEIGHT=512&FORMAT=image%2Fpng&TRANSPARENT=false	2026-08-01T00:00:00Z
weak-chip-export-v1-00917	wl-tile-v1-10382	wl-pos-pos-es-pba-20154	pos-es-pba-20154	1	positive	train	ES	Castro da Corela	-8.451958456100822	42.96903428932499	-8.45510128,42.96673461,-8.44881563,42.97133397	512	ign_pnoa_rgb	https://www.ign.es/wms-inspire/pnoa-ma	OI.OrthoimageCoverage	data/external/weak-label-chips-v1/train/positive/wl-tile-v1-10382-pos-es-pba-20154.png	weak_label_candidate_for_model_v1	512	512	downloaded	valid	512	512	RGB	650583	1		https://www.ign.es/wms-inspire/pnoa-ma?SERVICE=WMS&VERSION=1.1.1&REQUEST=GetMap&LAYERS=OI.OrthoimageCoverage&STYLES=&SRS=EPSG%3A4326&BBOX=-8.45510128%2C42.96673461%2C-8.44881563%2C42.97133397&WIDTH=512&HEIGHT=512&FORMAT=image%2Fpng&TRANSPARENT=false	2026-08-01T00:00:00Z
weak-chip-export-v1-00918	wl-tile-v1-11147	wl-pos-pos-es-pba-56165	pos-es-pba-56165	1	positive	train	ES	Castro da Coroa	-7.814639776963249	42.429162529056505	-7.81775540,42.42686285,-7.81152416,42.43146221	512	ign_pnoa_rgb	https://www.ign.es/wms-inspire/pnoa-ma	OI.OrthoimageCoverage	data/external/weak-label-chips-v1/train/positive/wl-tile-v1-11147-pos-es-pba-56165.png	weak_label_candidate_for_model_v1	512	512	downloaded	valid	512	512	RGB	648690	1		https://www.ign.es/wms-inspire/pnoa-ma?SERVICE=WMS&VERSION=1.1.1&REQUEST=GetMap&LAYERS=OI.OrthoimageCoverage&STYLES=&SRS=EPSG%3A4326&BBOX=-7.81775540%2C42.42686285%2C-7.81152416%2C42.43146221&WIDTH=512&HEIGHT=512&FORMAT=image%2Fpng&TRANSPARENT=false	2026-08-01T00:00:00Z
weak-chip-export-v1-00919	wl-tile-v1-11148	wl-pos-pos-es-pba-56166	pos-es-pba-56166	1	positive	train	ES	Castro da Coroa de Santa Baia	-7.745980610179959	42.44461688480813	-7.74909700,42.44231721,-7.74286422,42.44691656	512	ign_pnoa_rgb	https://www.ign.es/wms-inspire/pnoa-ma	OI.OrthoimageCoverage	data/external/weak-label-chips-v1/train/positive/wl-tile-v1-11148-pos-es-pba-56166.png	weak_label_candidate_for_model_v1	512	512	downloaded	valid	512	512	RGB	692921	1		https://www.ign.es/wms-inspire/pnoa-ma?SERVICE=WMS&VERSION=1.1.1&REQUEST=GetMap&LAYERS=OI.OrthoimageCoverage&STYLES=&SRS=EPSG%3A4326&BBOX=-7.74909700%2C42.44231721%2C-7.74286422%2C42.44691656&WIDTH=512&HEIGHT=512&FORMAT=image%2Fpng&TRANSPARENT=false	2026-08-01T00:00:00Z
weak-chip-export-v1-00920	wl-tile-v1-10981	wl-pos-pos-es-pba-39496	pos-es-pba-39496	1	positive	train	ES	Castro da Coroa/A Coroa	-7.167028924611631	43.486700744497185	-7.17019856,43.48440107,-7.16385929,43.48900042	512	ign_pnoa_rgb	https://www.ign.es/wms-inspire/pnoa-ma	OI.OrthoimageCoverage	data/external/weak-label-chips-v1/train/positive/wl-tile-v1-10981-pos-es-pba-39496.png	weak_label_candidate_for_model_v1	512	512	downloaded	valid	512	512	RGB	651517	1		https://www.ign.es/wms-inspire/pnoa-ma?SERVICE=WMS&VERSION=1.1.1&REQUEST=GetMap&LAYERS=OI.OrthoimageCoverage&STYLES=&SRS=EPSG%3A4326&BBOX=-7.17019856%2C43.48440107%2C-7.16385929%2C43.48900042&WIDTH=512&HEIGHT=512&FORMAT=image%2Fpng&TRANSPARENT=false	2026-08-01T00:00:00Z
weak-chip-export-v1-00921	wl-tile-v1-11528	wl-pos-pos-es-pba-68506	pos-es-pba-68506	1	positive	train	ES	Castro da Corte dos Cabalos	-8.437585650780942	42.23035796116948	-8.44069144,42.22805828,-8.43447986,42.23265764	512	ign_pnoa_rgb	https://www.ign.es/wms-inspire/pnoa-ma	OI.OrthoimageCoverage	data/external/weak-label-chips-v1/train/positive/wl-tile-v1-11528-pos-es-pba-68506.png	weak_label_candidate_for_model_v1	512	512	downloaded	valid	512	512	RGB	661811	1		https://www.ign.es/wms-inspire/pnoa-ma?SERVICE=WMS&VERSION=1.1.1&REQUEST=GetMap&LAYERS=OI.OrthoimageCoverage&STYLES=&SRS=EPSG%3A4326&BBOX=-8.44069144%2C42.22805828%2C-8.43447986%2C42.23265764&WIDTH=512&HEIGHT=512&FORMAT=image%2Fpng&TRANSPARENT=false	2026-08-01T00:00:00Z
weak-chip-export-v1-00922	wl-tile-v1-10816	wl-pos-pos-es-pba-35343	pos-es-pba-35343	1	positive	train	ES	Castro da Cotela	-7.792380788502746	42.78445098576675	-7.79551423,42.78215131,-7.78924735,42.78675066	512	ign_pnoa_rgb	https://www.ign.es/wms-inspire/pnoa-ma	OI.OrthoimageCoverage	data/external/weak-label-chips-v1/train/positive/wl-tile-v1-10816-pos-es-pba-35343.png	weak_label_candidate_for_model_v1	512	512	downloaded	valid	512	512	RGB	653144	1		https://www.ign.es/wms-inspire/pnoa-ma?SERVICE=WMS&VERSION=1.1.1&REQUEST=GetMap&LAYERS=OI.OrthoimageCoverage&STYLES=&SRS=EPSG%3A4326&BBOX=-7.79551423%2C42.78215131%2C-7.78924735%2C42.78675066&WIDTH=512&HEIGHT=512&FORMAT=image%2Fpng&TRANSPARENT=false	2026-08-01T00:00:00Z
weak-chip-export-v1-00923	wl-tile-v1-10551	wl-pos-pos-es-pba-26867	pos-es-pba-26867	1	positive	train	ES	Castro da Croa	-7.472326154695596	43.47476233560969	-7.47549516,43.47246266,-7.46915715,43.47706201	512	ign_pnoa_rgb	https://www.ign.es/wms-inspire/pnoa-ma	OI.OrthoimageCoverage	data/external/weak-label-chips-v1/train/positive/wl-tile-v1-10551-pos-es-pba-26867.png	weak_label_candidate_for_model_v1	512	512	downloaded	valid	512	512	RGB	649667	1		https://www.ign.es/wms-inspire/pnoa-ma?SERVICE=WMS&VERSION=1.1.1&REQUEST=GetMap&LAYERS=OI.OrthoimageCoverage&STYLES=&SRS=EPSG%3A4326&BBOX=-7.47549516%2C43.47246266%2C-7.46915715%2C43.47706201&WIDTH=512&HEIGHT=512&FORMAT=image%2Fpng&TRANSPARENT=false	2026-08-01T00:00:00Z
weak-chip-export-v1-00924	wl-tile-v1-10643	wl-pos-pos-es-pba-27868	pos-es-pba-27868	1	positive	train	ES	Castro da Croa	-7.33010547003837	43.00102783684708	-7.33324993,42.99872816,-7.32696101,43.00332751	512	ign_pnoa_rgb	https://www.ign.es/wms-inspire/pnoa-ma	OI.OrthoimageCoverage	data/external/weak-label-chips-v1/train/positive/wl-tile-v1-10643-pos-es-pba-27868.png	weak_label_candidate_for_model_v1	512	512	downloaded	valid	512	512	RGB	666006	1		https://www.ign.es/wms-inspire/pnoa-ma?SERVICE=WMS&VERSION=1.1.1&REQUEST=GetMap&LAYERS=OI.OrthoimageCoverage&STYLES=&SRS=EPSG%3A4326&BBOX=-7.33324993%2C42.99872816%2C-7.32696101%2C43.00332751&WIDTH=512&HEIGHT=512&FORMAT=image%2Fpng&TRANSPARENT=false	2026-08-01T00:00:00Z
weak-chip-export-v1-00925	wl-tile-v1-11112	wl-pos-pos-es-pba-32084	pos-es-pba-32084	1	positive	train	ES	Castro da Croa	-7.548133483747429	43.729043041637695	-7.55131591,43.72674337,-7.54495106,43.73134272	512	ign_pnoa_rgb	https://www.ign.es/wms-inspire/pnoa-ma	OI.OrthoimageCoverage	data/external/weak-label-chips-v1/train/positive/wl-tile-v1-11112-pos-es-pba-32084.png	weak_label_candidate_for_model_v1	512	512	downloaded	valid	512	512	RGB	664189	1		https://www.ign.es/wms-inspire/pnoa-ma?SERVICE=WMS&VERSION=1.1.1&REQUEST=GetMap&LAYERS=OI.OrthoimageCoverage&STYLES=&SRS=EPSG%3A4326&BBOX=-7.55131591%2C43.72674337%2C-7.54495106%2C43.73134272&WIDTH=512&HEIGHT=512&FORMAT=image%2Fpng&TRANSPARENT=false	2026-08-01T00:00:00Z
weak-chip-export-v1-00926	wl-tile-v1-10644	wl-pos-pos-es-pba-27869	pos-es-pba-27869	1	positive	train	ES	Castro da Croa de Xan da Torre	-7.404815343763146	43.063062672513524	-7.40796299,43.06076300,-7.40166770,43.06536235	512	ign_pnoa_rgb	https://www.ign.es/wms-inspire/pnoa-ma	OI.OrthoimageCoverage	data/external/weak-label-chips-v1/train/positive/wl-tile-v1-10644-pos-es-pba-27869.png	weak_label_candidate_for_model_v1	512	512	downloaded	valid	512	512	RGB	672549	1		https://www.ign.es/wms-inspire/pnoa-ma?SERVICE=WMS&VERSION=1.1.1&REQUEST=GetMap&LAYERS=OI.OrthoimageCoverage&STYLES=&SRS=EPSG%3A4326&BBOX=-7.40796299%2C43.06076300%2C-7.40166770%2C43.06536235&WIDTH=512&HEIGHT=512&FORMAT=image%2Fpng&TRANSPARENT=false	2026-08-01T00:00:00Z
weak-chip-export-v1-00927	wl-tile-v1-11372	wl-pos-pos-es-pba-60105	pos-es-pba-60105	1	positive	train	ES	Castro da Croa dos Castelos	-8.360202755553164	42.10279468150988	-8.36330229,42.10049500,-8.35710322,42.10509436	512	ign_pnoa_rgb	https://www.ign.es/wms-inspire/pnoa-ma	OI.OrthoimageCoverage	data/external/weak-label-chips-v1/train/positive/wl-tile-v1-11372-pos-es-pba-60105.png	weak_label_candidate_for_model_v1	512	512	downloaded	valid	512	512	RGB	617113	1		https://www.ign.es/wms-inspire/pnoa-ma?SERVICE=WMS&VERSION=1.1.1&REQUEST=GetMap&LAYERS=OI.OrthoimageCoverage&STYLES=&SRS=EPSG%3A4326&BBOX=-8.36330229%2C42.10049500%2C-8.35710322%2C42.10509436&WIDTH=512&HEIGHT=512&FORMAT=image%2Fpng&TRANSPARENT=false	2026-08-01T00:00:00Z
weak-chip-export-v1-00928	wl-tile-v1-10645	wl-pos-pos-es-pba-27870	pos-es-pba-27870	1	positive	train	ES	Castro da Croa ou de Folgosa	-7.3260903031547455	42.95621711729871	-7.32923248,42.95391744,-7.32294813,42.95851679	512	ign_pnoa_rgb	https://www.ign.es/wms-inspire/pnoa-ma	OI.OrthoimageCoverage	data/external/weak-label-chips-v1/train/positive/wl-tile-v1-10645-pos-es-pba-27870.png	weak_label_candidate_for_model_v1	512	512	downloaded	valid	512	512	RGB	666847	1		https://www.ign.es/wms-inspire/pnoa-ma?SERVICE=WMS&VERSION=1.1.1&REQUEST=GetMap&LAYERS=OI.OrthoimageCoverage&STYLES=&SRS=EPSG%3A4326&BBOX=-7.32923248%2C42.95391744%2C-7.32294813%2C42.95851679&WIDTH=512&HEIGHT=512&FORMAT=image%2Fpng&TRANSPARENT=false	2026-08-01T00:00:00Z
weak-chip-export-v1-00929	wl-tile-v1-11529	wl-pos-pos-es-pba-68507	pos-es-pba-68507	1	positive	train	ES	Castro da Croa/A Croa de Lougares	-8.405508213688556	42.22090014065641	-8.40861354,42.21860046,-8.40240289,42.22319982	512	ign_pnoa_rgb	https://www.ign.es/wms-inspire/pnoa-ma	OI.OrthoimageCoverage	data/external/weak-label-chips-v1/train/positive/wl-tile-v1-11529-pos-es-pba-68507.png	weak_label_candidate_for_model_v1	512	512	downloaded	valid	512	512	RGB	656883	1		https://www.ign.es/wms-inspire/pnoa-ma?SERVICE=WMS&VERSION=1.1.1&REQUEST=GetMap&LAYERS=OI.OrthoimageCoverage&STYLES=&SRS=EPSG%3A4326&BBOX=-8.40861354%2C42.21860046%2C-8.40240289%2C42.22319982&WIDTH=512&HEIGHT=512&FORMAT=image%2Fpng&TRANSPARENT=false	2026-08-01T00:00:00Z
weak-chip-export-v1-00930	wl-tile-v1-10646	wl-pos-pos-es-pba-27871	pos-es-pba-27871	1	positive	train	ES	Castro da Croa/Croa da Casiña	-7.274025011208553	42.967539628365195	-7.27716776,42.96523995,-7.27088226,42.96983930	512	ign_pnoa_rgb	https://www.ign.es/wms-inspire/pnoa-ma	OI.OrthoimageCoverage	data/external/weak-label-chips-v1/train/positive/wl-tile-v1-10646-pos-es-pba-27871.png	weak_label_candidate_for_model_v1	512	512	downloaded	valid	512	512	RGB	667449	1		https://www.ign.es/wms-inspire/pnoa-ma?SERVICE=WMS&VERSION=1.1.1&REQUEST=GetMap&LAYERS=OI.OrthoimageCoverage&STYLES=&SRS=EPSG%3A4326&BBOX=-7.27716776%2C42.96523995%2C-7.27088226%2C42.96983930&WIDTH=512&HEIGHT=512&FORMAT=image%2Fpng&TRANSPARENT=false	2026-08-01T00:00:00Z
weak-chip-export-v1-00931	wl-tile-v1-10476	wl-pos-pos-es-pba-24700	pos-es-pba-24700	1	positive	train	ES	Castro da Croela	-8.458070542573687	43.004974569871806	-8.46121521,43.00267489,-8.45492588,43.00727425	512	ign_pnoa_rgb	https://www.ign.es/wms-inspire/pnoa-ma	OI.OrthoimageCoverage	data/external/weak-label-chips-v1/train/positive/wl-tile-v1-10476-pos-es-pba-24700.png	weak_label_candidate_for_model_v1	512	512	downloaded	valid	512	512	RGB	592604	1		https://www.ign.es/wms-inspire/pnoa-ma?SERVICE=WMS&VERSION=1.1.1&REQUEST=GetMap&LAYERS=OI.OrthoimageCoverage&STYLES=&SRS=EPSG%3A4326&BBOX=-8.46121521%2C43.00267489%2C-8.45492588%2C43.00727425&WIDTH=512&HEIGHT=512&FORMAT=image%2Fpng&TRANSPARENT=false	2026-08-01T00:00:00Z
weak-chip-export-v1-00932	wl-tile-v1-11653	wl-pos-pos-es-pba-70319	pos-es-pba-70319	1	positive	train	ES	Castro da Cruz/Os Castros	-8.699739833808085	42.06662689821365	-8.70283760,42.06432722,-8.69664207,42.06892657	512	ign_pnoa_rgb	https://www.ign.es/wms-inspire/pnoa-ma	OI.OrthoimageCoverage	data/external/weak-label-chips-v1/train/positive/wl-tile-v1-11653-pos-es-pba-70319.png	weak_label_candidate_for_model_v1	512	512	downloaded	valid	512	512	RGB	643723	1		https://www.ign.es/wms-inspire/pnoa-ma?SERVICE=WMS&VERSION=1.1.1&REQUEST=GetMap&LAYERS=OI.OrthoimageCoverage&STYLES=&SRS=EPSG%3A4326&BBOX=-8.70283760%2C42.06432722%2C-8.69664207%2C42.06892657&WIDTH=512&HEIGHT=512&FORMAT=image%2Fpng&TRANSPARENT=false	2026-08-01T00:00:00Z
weak-chip-export-v1-00933	wl-tile-v1-10145	wl-pos-pos-es-pba-12760	pos-es-pba-12760	1	positive	train	ES	Castro da Devesa	-8.74933918199823	43.283195235623516	-8.75249819,43.28089556,-8.74618017,43.28549491	512	ign_pnoa_rgb	https://www.ign.es/wms-inspire/pnoa-ma	OI.OrthoimageCoverage	data/external/weak-label-chips-v1/train/positive/wl-tile-v1-10145-pos-es-pba-12760.png	weak_label_candidate_for_model_v1	512	512	downloaded	valid	512	512	RGB	662151	1		https://www.ign.es/wms-inspire/pnoa-ma?SERVICE=WMS&VERSION=1.1.1&REQUEST=GetMap&LAYERS=OI.OrthoimageCoverage&STYLES=&SRS=EPSG%3A4326&BBOX=-8.75249819%2C43.28089556%2C-8.74618017%2C43.28549491&WIDTH=512&HEIGHT=512&FORMAT=image%2Fpng&TRANSPARENT=false	2026-08-01T00:00:00Z
weak-chip-export-v1-00934	wl-tile-v1-10251	wl-pos-pos-es-pba-15625	pos-es-pba-15625	1	positive	train	ES	Castro da Devesa	-8.350471616701233	43.049790010600006	-8.35361858,43.04749033,-8.34732465,43.05208969	512	ign_pnoa_rgb	https://www.ign.es/wms-inspire/pnoa-ma	OI.OrthoimageCoverage	data/external/weak-label-chips-v1/train/positive/wl-tile-v1-10251-pos-es-pba-15625.png	weak_label_candidate_for_model_v1	512	512	downloaded	valid	512	512	RGB	634141	1		https://www.ign.es/wms-inspire/pnoa-ma?SERVICE=WMS&VERSION=1.1.1&REQUEST=GetMap&LAYERS=OI.OrthoimageCoverage&STYLES=&SRS=EPSG%3A4326&BBOX=-8.35361858%2C43.04749033%2C-8.34732465%2C43.05208969&WIDTH=512&HEIGHT=512&FORMAT=image%2Fpng&TRANSPARENT=false	2026-08-01T00:00:00Z
weak-chip-export-v1-00935	wl-tile-v1-11006	wl-pos-pos-es-pba-41949	pos-es-pba-41949	1	positive	train	ES	Castro da Devesa	-7.358984401050928	42.8019854718672	-7.36211873,42.79968580,-7.35585007,42.80428515	512	ign_pnoa_rgb	https://www.ign.es/wms-inspire/pnoa-ma	OI.OrthoimageCoverage	data/external/weak-label-chips-v1/train/positive/wl-tile-v1-11006-pos-es-pba-41949.png	weak_label_candidate_for_model_v1	512	512	downloaded	valid	512	512	RGB	662284	1		https://www.ign.es/wms-inspire/pnoa-ma?SERVICE=WMS&VERSION=1.1.1&REQUEST=GetMap&LAYERS=OI.OrthoimageCoverage&STYLES=&SRS=EPSG%3A4326&BBOX=-7.36211873%2C42.79968580%2C-7.35585007%2C42.80428515&WIDTH=512&HEIGHT=512&FORMAT=image%2Fpng&TRANSPARENT=false	2026-08-01T00:00:00Z
weak-chip-export-v1-00936	wl-tile-v1-11648	wl-pos-pos-es-pba-71137	pos-es-pba-71137	1	positive	train	ES	Castro da Devesa de Rebadillo	-8.779207365323577	41.95640939999904	-8.78229977,41.95410972,-8.77611496,41.95870908	512	ign_pnoa_rgb	https://www.ign.es/wms-inspire/pnoa-ma	OI.OrthoimageCoverage	data/external/weak-label-chips-v1/train/positive/wl-tile-v1-11648-pos-es-pba-71137.png	weak_label_candidate_for_model_v1	512	512	downloaded	valid	512	512	RGB	665465	1		https://www.ign.es/wms-inspire/pnoa-ma?SERVICE=WMS&VERSION=1.1.1&REQUEST=GetMap&LAYERS=OI.OrthoimageCoverage&STYLES=&SRS=EPSG%3A4326&BBOX=-8.78229977%2C41.95410972%2C-8.77611496%2C41.95870908&WIDTH=512&HEIGHT=512&FORMAT=image%2Fpng&TRANSPARENT=false	2026-08-01T00:00:00Z
weak-chip-export-v1-00937	wl-tile-v1-10383	wl-pos-pos-es-pba-20155	pos-es-pba-20155	1	positive	train	ES	Castro da Devesa do Carballal	-8.435935037828393	42.93395255695861	-8.43907607,42.93165288,-8.43279400,42.93625223	512	ign_pnoa_rgb	https://www.ign.es/wms-inspire/pnoa-ma	OI.OrthoimageCoverage	data/external/weak-label-chips-v1/train/positive/wl-tile-v1-10383-pos-es-pba-20155.png	weak_label_candidate_for_model_v1	512	512	downloaded	valid	512	512	RGB	596052	1		https://www.ign.es/wms-inspire/pnoa-ma?SERVICE=WMS&VERSION=1.1.1&REQUEST=GetMap&LAYERS=OI.OrthoimageCoverage&STYLES=&SRS=EPSG%3A4326&BBOX=-8.43907607%2C42.93165288%2C-8.43279400%2C42.93625223&WIDTH=512&HEIGHT=512&FORMAT=image%2Fpng&TRANSPARENT=false	2026-08-01T00:00:00Z
weak-chip-export-v1-00938	wl-tile-v1-10690	wl-pos-pos-es-pba-28882	pos-es-pba-28882	1	positive	train	ES	Castro da Devesa do Rei	-7.134781907961334	42.64291151841866	-7.13790821,42.64061184,-7.13165561,42.64521120	512	ign_pnoa_rgb	https://www.ign.es/wms-inspire/pnoa-ma	OI.OrthoimageCoverage	data/external/weak-label-chips-v1/train/positive/wl-tile-v1-10690-pos-es-pba-28882.png	weak_label_candidate_for_model_v1	512	512	downloaded	valid	512	512	RGB	676556	1		https://www.ign.es/wms-inspire/pnoa-ma?SERVICE=WMS&VERSION=1.1.1&REQUEST=GetMap&LAYERS=OI.OrthoimageCoverage&STYLES=&SRS=EPSG%3A4326&BBOX=-7.13790821%2C42.64061184%2C-7.13165561%2C42.64521120&WIDTH=512&HEIGHT=512&FORMAT=image%2Fpng&TRANSPARENT=false	2026-08-01T00:00:00Z
weak-chip-export-v1-00939	wl-tile-v1-10761	wl-pos-pos-es-pba-31581	pos-es-pba-31581	1	positive	train	ES	Castro da Eirexa/Castro de San Xoán	-7.406337626976887	42.85350896048227	-7.40947457,42.85120928,-7.40320068,42.85580864	512	ign_pnoa_rgb	https://www.ign.es/wms-inspire/pnoa-ma	OI.OrthoimageCoverage	data/external/weak-label-chips-v1/train/positive/wl-tile-v1-10761-pos-es-pba-31581.png	weak_label_candidate_for_model_v1	512	512	downloaded	valid	512	512	RGB	546568	1		https://www.ign.es/wms-inspire/pnoa-ma?SERVICE=WMS&VERSION=1.1.1&REQUEST=GetMap&LAYERS=OI.OrthoimageCoverage&STYLES=&SRS=EPSG%3A4326&BBOX=-7.40947457%2C42.85120928%2C-7.40320068%2C42.85580864&WIDTH=512&HEIGHT=512&FORMAT=image%2Fpng&TRANSPARENT=false	2026-08-01T00:00:00Z
weak-chip-export-v1-00940	wl-tile-v1-10647	wl-pos-pos-es-pba-27872	pos-es-pba-27872	1	positive	train	ES	Castro da Eirexe	-7.295649796186374	42.94570015362302	-7.29879143,42.94340048,-7.29250816,42.94799983	512	ign_pnoa_rgb	https://www.ign.es/wms-inspire/pnoa-ma	OI.OrthoimageCoverage	data/external/weak-label-chips-v1/train/positive/wl-tile-v1-10647-pos-es-pba-27872.png	weak_label_candidate_for_model_v1	512	512	downloaded	valid	512	512	RGB	642656	1		https://www.ign.es/wms-inspire/pnoa-ma?SERVICE=WMS&VERSION=1.1.1&REQUEST=GetMap&LAYERS=OI.OrthoimageCoverage&STYLES=&SRS=EPSG%3A4326&BBOX=-7.29879143%2C42.94340048%2C-7.29250816%2C42.94799983&WIDTH=512&HEIGHT=512&FORMAT=image%2Fpng&TRANSPARENT=false	2026-08-01T00:00:00Z
weak-chip-export-v1-00941	wl-tile-v1-10762	wl-pos-pos-es-pba-31582	pos-es-pba-31582	1	positive	train	ES	Castro da Eirexe	-7.416461502169066	42.872587827150696	-7.41959941,42.87028815,-7.41332359,42.87488750	512	ign_pnoa_rgb	https://www.ign.es/wms-inspire/pnoa-ma	OI.OrthoimageCoverage	data/external/weak-label-chips-v1/train/positive/wl-tile-v1-10762-pos-es-pba-31582.png	weak_label_candidate_for_model_v1	512	512	downloaded	valid	512	512	RGB	597098	1		https://www.ign.es/wms-inspire/pnoa-ma?SERVICE=WMS&VERSION=1.1.1&REQUEST=GetMap&LAYERS=OI.OrthoimageCoverage&STYLES=&SRS=EPSG%3A4326&BBOX=-7.41959941%2C42.87028815%2C-7.41332359%2C42.87488750&WIDTH=512&HEIGHT=512&FORMAT=image%2Fpng&TRANSPARENT=false	2026-08-01T00:00:00Z
weak-chip-export-v1-00942	wl-tile-v1-10887	wl-pos-pos-es-pba-37199	pos-es-pba-37199	1	positive	train	ES	Castro da Eirexe/Aira do Castro/Castro de Moscá	-7.458937361374891	42.86238811725967	-7.46207475,42.86008844,-7.45579997,42.86468779	512	ign_pnoa_rgb	https://www.ign.es/wms-inspire/pnoa-ma	OI.OrthoimageCoverage	data/external/weak-label-chips-v1/train/positive/wl-tile-v1-10887-pos-es-pba-37199.png	weak_label_candidate_for_model_v1	512	512	downloaded	valid	512	512	RGB	630239	1		https://www.ign.es/wms-inspire/pnoa-ma?SERVICE=WMS&VERSION=1.1.1&REQUEST=GetMap&LAYERS=OI.OrthoimageCoverage&STYLES=&SRS=EPSG%3A4326&BBOX=-7.46207475%2C42.86008844%2C-7.45579997%2C42.86468779&WIDTH=512&HEIGHT=512&FORMAT=image%2Fpng&TRANSPARENT=false	2026-08-01T00:00:00Z
weak-chip-export-v1-00943	wl-tile-v1-11403	wl-pos-pos-es-pba-62905	pos-es-pba-62905	1	positive	train	ES	Castro da Eirexiña	-8.834203211871149	42.25484433687443	-8.83731021,42.25254466,-8.83109622,42.25714401	512	ign_pnoa_rgb	https://www.ign.es/wms-inspire/pnoa-ma	OI.OrthoimageCoverage	data/external/weak-label-chips-v1/train/positive/wl-tile-v1-11403-pos-es-pba-62905.png	weak_label_candidate_for_model_v1	512	512	downloaded	valid	512	512	RGB	583167	1		https://www.ign.es/wms-inspire/pnoa-ma?SERVICE=WMS&VERSION=1.1.1&REQUEST=GetMap&LAYERS=OI.OrthoimageCoverage&STYLES=&SRS=EPSG%3A4326&BBOX=-8.83731021%2C42.25254466%2C-8.83109622%2C42.25714401&WIDTH=512&HEIGHT=512&FORMAT=image%2Fpng&TRANSPARENT=false	2026-08-01T00:00:00Z
weak-chip-export-v1-00944	wl-tile-v1-10763	wl-pos-pos-es-pba-31583	pos-es-pba-31583	1	positive	train	ES	Castro da Ermida	-7.363267298993294	42.84711277441937	-7.36640392,42.84481310,-7.36013068,42.84941245	512	ign_pnoa_rgb	https://www.ign.es/wms-inspire/pnoa-ma	OI.OrthoimageCoverage	data/external/weak-label-chips-v1/train/positive/wl-tile-v1-10763-pos-es-pba-31583.png	weak_label_candidate_for_model_v1	512	512	downloaded	valid	512	512	RGB	569651	1		https://www.ign.es/wms-inspire/pnoa-ma?SERVICE=WMS&VERSION=1.1.1&REQUEST=GetMap&LAYERS=OI.OrthoimageCoverage&STYLES=&SRS=EPSG%3A4326&BBOX=-7.36640392%2C42.84481310%2C-7.36013068%2C42.84941245&WIDTH=512&HEIGHT=512&FORMAT=image%2Fpng&TRANSPARENT=false	2026-08-01T00:00:00Z
weak-chip-export-v1-00945	wl-tile-v1-10764	wl-pos-pos-es-pba-31584	pos-es-pba-31584	1	positive	train	ES	Castro da Ermida	-7.371620101094046	42.88134373394286	-7.37475846,42.87904406,-7.36848174,42.88364341	512	ign_pnoa_rgb	https://www.ign.es/wms-inspire/pnoa-ma	OI.OrthoimageCoverage	data/external/weak-label-chips-v1/train/positive/wl-tile-v1-10764-pos-es-pba-31584.png	weak_label_candidate_for_model_v1	512	512	downloaded	valid	512	512	RGB	603900	1		https://www.ign.es/wms-inspire/pnoa-ma?SERVICE=WMS&VERSION=1.1.1&REQUEST=GetMap&LAYERS=OI.OrthoimageCoverage&STYLES=&SRS=EPSG%3A4326&BBOX=-7.37475846%2C42.87904406%2C-7.36848174%2C42.88364341&WIDTH=512&HEIGHT=512&FORMAT=image%2Fpng&TRANSPARENT=false	2026-08-01T00:00:00Z
weak-chip-export-v1-00946	wl-tile-v1-10648	wl-pos-pos-es-pba-27873	pos-es-pba-27873	1	positive	train	ES	Castro da Ermida de Santa Cristina	-7.326538809049969	42.984426887046325	-7.32968242,42.98212721,-7.32339519,42.98672656	512	ign_pnoa_rgb	https://www.ign.es/wms-inspire/pnoa-ma	OI.OrthoimageCoverage	data/external/weak-label-chips-v1/train/positive/wl-tile-v1-10648-pos-es-pba-27873.png	weak_label_candidate_for_model_v1	512	512	downloaded	valid	512	512	RGB	660147	1		https://www.ign.es/wms-inspire/pnoa-ma?SERVICE=WMS&VERSION=1.1.1&REQUEST=GetMap&LAYERS=OI.OrthoimageCoverage&STYLES=&SRS=EPSG%3A4326&BBOX=-7.32968242%2C42.98212721%2C-7.32339519%2C42.98672656&WIDTH=512&HEIGHT=512&FORMAT=image%2Fpng&TRANSPARENT=false	2026-08-01T00:00:00Z
weak-chip-export-v1-00947	wl-tile-v1-11242	wl-pos-pos-es-pba-51594	pos-es-pba-51594	1	positive	train	ES	Castro da Ermida/O Castro	-7.1816149016391195	42.33368607550036	-7.18472579,42.33138640,-7.17850402,42.33598575	512	ign_pnoa_rgb	https://www.ign.es/wms-inspire/pnoa-ma	OI.OrthoimageCoverage	data/external/weak-label-chips-v1/train/positive/wl-tile-v1-11242-pos-es-pba-51594.png	weak_label_candidate_for_model_v1	512	512	downloaded	valid	512	512	RGB	618371	1		https://www.ign.es/wms-inspire/pnoa-ma?SERVICE=WMS&VERSION=1.1.1&REQUEST=GetMap&LAYERS=OI.OrthoimageCoverage&STYLES=&SRS=EPSG%3A4326&BBOX=-7.18472579%2C42.33138640%2C-7.17850402%2C42.33598575&WIDTH=512&HEIGHT=512&FORMAT=image%2Fpng&TRANSPARENT=false	2026-08-01T00:00:00Z
weak-chip-export-v1-00948	wl-tile-v1-10953	wl-pos-pos-es-pba-37087	pos-es-pba-37087	1	positive	train	ES	Castro da Escrita/Tras do Castro	-7.104134219474867	42.67556536626879	-7.10726216,42.67326569,-7.10100627,42.67786504	512	ign_pnoa_rgb	https://www.ign.es/wms-inspire/pnoa-ma	OI.OrthoimageCoverage	data/external/weak-label-chips-v1/train/positive/wl-tile-v1-10953-pos-es-pba-37087.png	weak_label_candidate_for_model_v1	512	512	downloaded	valid	512	512	RGB	682478	1		https://www.ign.es/wms-inspire/pnoa-ma?SERVICE=WMS&VERSION=1.1.1&REQUEST=GetMap&LAYERS=OI.OrthoimageCoverage&STYLES=&SRS=EPSG%3A4326&BBOX=-7.10726216%2C42.67326569%2C-7.10100627%2C42.67786504&WIDTH=512&HEIGHT=512&FORMAT=image%2Fpng&TRANSPARENT=false	2026-08-01T00:00:00Z
weak-chip-export-v1-00949	wl-tile-v1-11166	wl-pos-pos-es-pba-57712	pos-es-pba-57712	1	positive	train	ES	Castro da Espeñuca/A Peneda	-7.038303788048049	42.319295067507205	-7.04141396,42.31699539,-7.03519361,42.32159474	512	ign_pnoa_rgb	https://www.ign.es/wms-inspire/pnoa-ma	OI.OrthoimageCoverage	data/external/weak-label-chips-v1/train/positive/wl-tile-v1-11166-pos-es-pba-57712.png	weak_label_candidate_for_model_v1	512	512	downloaded	valid	512	512	RGB	629498	1		https://www.ign.es/wms-inspire/pnoa-ma?SERVICE=WMS&VERSION=1.1.1&REQUEST=GetMap&LAYERS=OI.OrthoimageCoverage&STYLES=&SRS=EPSG%3A4326&BBOX=-7.04141396%2C42.31699539%2C-7.03519361%2C42.32159474&WIDTH=512&HEIGHT=512&FORMAT=image%2Fpng&TRANSPARENT=false	2026-08-01T00:00:00Z
weak-chip-export-v1-00950	wl-tile-v1-11561	wl-pos-pos-es-pba-71366	pos-es-pba-71366	1	positive	train	ES	Castro da Fonte do Ouro	-8.858864156628526	41.956949585330015	-8.86195659,41.95464991,-8.85577173,41.95924926	512	ign_pnoa_rgb	https://www.ign.es/wms-inspire/pnoa-ma	OI.OrthoimageCoverage	data/external/weak-label-chips-v1/train/positive/wl-tile-v1-11561-pos-es-pba-71366.png	weak_label_candidate_for_model_v1	512	512	downloaded	valid	512	512	RGB	664906	1		https://www.ign.es/wms-inspire/pnoa-ma?SERVICE=WMS&VERSION=1.1.1&REQUEST=GetMap&LAYERS=OI.OrthoimageCoverage&STYLES=&SRS=EPSG%3A4326&BBOX=-8.86195659%2C41.95464991%2C-8.85577173%2C41.95924926&WIDTH=512&HEIGHT=512&FORMAT=image%2Fpng&TRANSPARENT=false	2026-08-01T00:00:00Z
weak-chip-export-v1-00951	wl-tile-v1-11705	wl-pos-pos-es-pba-75451	pos-es-pba-75451	1	positive	train	ES	Castro da Fontenla	-8.714987461854637	42.56072805788845	-8.71810964,42.55842838,-8.71186528,42.56302773	512	ign_pnoa_rgb	https://www.ign.es/wms-inspire/pnoa-ma	OI.OrthoimageCoverage	data/external/weak-label-chips-v1/train/positive/wl-tile-v1-11705-pos-es-pba-75451.png	weak_label_candidate_for_model_v1	512	512	downloaded	valid	512	512	RGB	674614	1		https://www.ign.es/wms-inspire/pnoa-ma?SERVICE=WMS&VERSION=1.1.1&REQUEST=GetMap&LAYERS=OI.OrthoimageCoverage&STYLES=&SRS=EPSG%3A4326&BBOX=-8.71810964%2C42.55842838%2C-8.71186528%2C42.56302773&WIDTH=512&HEIGHT=512&FORMAT=image%2Fpng&TRANSPARENT=false	2026-08-01T00:00:00Z
weak-chip-export-v1-00952	wl-tile-v1-09992	wl-pos-pos-es-pba-3508	pos-es-pba-3508	1	positive	train	ES	Castro da Forca/Castro de Antelo	-8.6554168581089	43.17142762611534	-8.65857008,43.16912795,-8.65226364,43.17372730	512	ign_pnoa_rgb	https://www.ign.es/wms-inspire/pnoa-ma	OI.OrthoimageCoverage	data/external/weak-label-chips-v1/train/positive/wl-tile-v1-09992-pos-es-pba-3508.png	weak_label_candidate_for_model_v1	512	512	downloaded	valid	512	512	RGB	660613	1		https://www.ign.es/wms-inspire/pnoa-ma?SERVICE=WMS&VERSION=1.1.1&REQUEST=GetMap&LAYERS=OI.OrthoimageCoverage&STYLES=&SRS=EPSG%3A4326&BBOX=-8.65857008%2C43.16912795%2C-8.65226364%2C43.17372730&WIDTH=512&HEIGHT=512&FORMAT=image%2Fpng&TRANSPARENT=false	2026-08-01T00:00:00Z
weak-chip-export-v1-00953	wl-tile-v1-11350	wl-pos-pos-es-pba-65293	pos-es-pba-65293	1	positive	train	ES	Castro da Forca/O Montiño	-8.865641989812548	41.901780946664104	-8.86873175,41.89948127,-8.86255223,41.90408062	512	ign_pnoa_rgb	https://www.ign.es/wms-inspire/pnoa-ma	OI.OrthoimageCoverage	data/external/weak-label-chips-v1/train/positive/wl-tile-v1-11350-pos-es-pba-65293.png	weak_label_candidate_for_model_v1	512	512	downloaded	valid	512	512	RGB	653971	1		https://www.ign.es/wms-inspire/pnoa-ma?SERVICE=WMS&VERSION=1.1.1&REQUEST=GetMap&LAYERS=OI.OrthoimageCoverage&STYLES=&SRS=EPSG%3A4326&BBOX=-8.86873175%2C41.89948127%2C-8.86255223%2C41.90408062&WIDTH=512&HEIGHT=512&FORMAT=image%2Fpng&TRANSPARENT=false	2026-08-01T00:00:00Z
weak-chip-export-v1-00954	wl-tile-v1-11299	wl-pos-pos-es-pba-56746	pos-es-pba-56746	1	positive	train	ES	Castro da Fraga da Moura	-7.211244928048314	41.98026736039906	-7.21433849,41.97796768,-7.20815137,41.98256704	512	ign_pnoa_rgb	https://www.ign.es/wms-inspire/pnoa-ma	OI.OrthoimageCoverage	data/external/weak-label-chips-v1/train/positive/wl-tile-v1-11299-pos-es-pba-56746.png	weak_label_candidate_for_model_v1	512	512	downloaded	valid	512	512	RGB	582707	1		https://www.ign.es/wms-inspire/pnoa-ma?SERVICE=WMS&VERSION=1.1.1&REQUEST=GetMap&LAYERS=OI.OrthoimageCoverage&STYLES=&SRS=EPSG%3A4326&BBOX=-7.21433849%2C41.97796768%2C-7.20815137%2C41.98256704&WIDTH=512&HEIGHT=512&FORMAT=image%2Fpng&TRANSPARENT=false	2026-08-01T00:00:00Z
weak-chip-export-v1-00955	wl-tile-v1-11654	wl-pos-pos-es-pba-70320	pos-es-pba-70320	1	positive	train	ES	Castro da Granxa	-8.644526534321228	42.061572074928954	-8.64762405,42.05927240,-8.64142902,42.06387175	512	ign_pnoa_rgb	https://www.ign.es/wms-inspire/pnoa-ma	OI.OrthoimageCoverage	data/external/weak-label-chips-v1/train/positive/wl-tile-v1-11654-pos-es-pba-70320.png	weak_label_candidate_for_model_v1	512	512	downloaded	valid	512	512	RGB	680611	1		https://www.ign.es/wms-inspire/pnoa-ma?SERVICE=WMS&VERSION=1.1.1&REQUEST=GetMap&LAYERS=OI.OrthoimageCoverage&STYLES=&SRS=EPSG%3A4326&BBOX=-8.64762405%2C42.05927240%2C-8.64142902%2C42.06387175&WIDTH=512&HEIGHT=512&FORMAT=image%2Fpng&TRANSPARENT=false	2026-08-01T00:00:00Z
weak-chip-export-v1-00956	wl-tile-v1-09945	wl-pos-pos-es-pba-1531	pos-es-pba-1531	1	positive	train	ES	Castro da Graña	-8.212614603854401	43.25646854878218	-8.21577223,43.25416887,-8.20945698,43.25876823	512	ign_pnoa_rgb	https://www.ign.es/wms-inspire/pnoa-ma	OI.OrthoimageCoverage	data/external/weak-label-chips-v1/train/positive/wl-tile-v1-09945-pos-es-pba-1531.png	weak_label_candidate_for_model_v1	512	512	downloaded	valid	512	512	RGB	680845	1		https://www.ign.es/wms-inspire/pnoa-ma?SERVICE=WMS&VERSION=1.1.1&REQUEST=GetMap&LAYERS=OI.OrthoimageCoverage&STYLES=&SRS=EPSG%3A4326&BBOX=-8.21577223%2C43.25416887%2C-8.20945698%2C43.25876823&WIDTH=512&HEIGHT=512&FORMAT=image%2Fpng&TRANSPARENT=false	2026-08-01T00:00:00Z
weak-chip-export-v1-00957	wl-tile-v1-10441	wl-pos-pos-es-pba-24952	pos-es-pba-24952	1	positive	train	ES	Castro da Graña	-7.972881648871145	42.97203406593733	-7.97602463,42.96973439,-7.96973867,42.97433374	512	ign_pnoa_rgb	https://www.ign.es/wms-inspire/pnoa-ma	OI.OrthoimageCoverage	data/external/weak-label-chips-v1/train/positive/wl-tile-v1-10441-pos-es-pba-24952.png	weak_label_candidate_for_model_v1	512	512	downloaded	valid	512	512	RGB	663103	1		https://www.ign.es/wms-inspire/pnoa-ma?SERVICE=WMS&VERSION=1.1.1&REQUEST=GetMap&LAYERS=OI.OrthoimageCoverage&STYLES=&SRS=EPSG%3A4326&BBOX=-7.97602463%2C42.96973439%2C-7.96973867%2C42.97433374&WIDTH=512&HEIGHT=512&FORMAT=image%2Fpng&TRANSPARENT=false	2026-08-01T00:00:00Z
weak-chip-export-v1-00958	wl-tile-v1-10649	wl-pos-pos-es-pba-27874	pos-es-pba-27874	1	positive	train	ES	Castro da Graña	-7.327551692159368	43.1071323477199	-7.33070160,43.10483267,-7.32440178,43.10943202	512	ign_pnoa_rgb	https://www.ign.es/wms-inspire/pnoa-ma	OI.OrthoimageCoverage	data/external/weak-label-chips-v1/train/positive/wl-tile-v1-10649-pos-es-pba-27874.png	weak_label_candidate_for_model_v1	512	512	downloaded	valid	512	512	RGB	661133	1		https://www.ign.es/wms-inspire/pnoa-ma?SERVICE=WMS&VERSION=1.1.1&REQUEST=GetMap&LAYERS=OI.OrthoimageCoverage&STYLES=&SRS=EPSG%3A4326&BBOX=-7.33070160%2C43.10483267%2C-7.32440178%2C43.10943202&WIDTH=512&HEIGHT=512&FORMAT=image%2Fpng&TRANSPARENT=false	2026-08-01T00:00:00Z
weak-chip-export-v1-00959	wl-tile-v1-11378	wl-pos-pos-es-pba-68601	pos-es-pba-68601	1	positive	train	ES	Castro da Graña	-8.436417003709373	42.07997249671083	-8.43951542,42.07767282,-8.43331859,42.08227217	512	ign_pnoa_rgb	https://www.ign.es/wms-inspire/pnoa-ma	OI.OrthoimageCoverage	data/external/weak-label-chips-v1/train/positive/wl-tile-v1-11378-pos-es-pba-68601.png	weak_label_candidate_for_model_v1	512	512	downloaded	valid	512	512	RGB	562284	1		https://www.ign.es/wms-inspire/pnoa-ma?SERVICE=WMS&VERSION=1.1.1&REQUEST=GetMap&LAYERS=OI.OrthoimageCoverage&STYLES=&SRS=EPSG%3A4326&BBOX=-8.43951542%2C42.07767282%2C-8.43331859%2C42.08227217&WIDTH=512&HEIGHT=512&FORMAT=image%2Fpng&TRANSPARENT=false	2026-08-01T00:00:00Z
weak-chip-export-v1-00960	wl-tile-v1-11101	wl-pos-pos-es-pba-30224	pos-es-pba-30224	1	positive	train	ES	Castro da Graña/Os Castros	-7.750923102675707	43.42690674360305	-7.75408960,43.42460707,-7.74775660,43.42920642	512	ign_pnoa_rgb	https://www.ign.es/wms-inspire/pnoa-ma	OI.OrthoimageCoverage	data/external/weak-label-chips-v1/train/positive/wl-tile-v1-11101-pos-es-pba-30224.png	weak_label_candidate_for_model_v1	512	512	downloaded	valid	512	512	RGB	684272	1		https://www.ign.es/wms-inspire/pnoa-ma?SERVICE=WMS&VERSION=1.1.1&REQUEST=GetMap&LAYERS=OI.OrthoimageCoverage&STYLES=&SRS=EPSG%3A4326&BBOX=-7.75408960%2C43.42460707%2C-7.74775660%2C43.42920642&WIDTH=512&HEIGHT=512&FORMAT=image%2Fpng&TRANSPARENT=false	2026-08-01T00:00:00Z
weak-chip-export-v1-00961	wl-tile-v1-10442	wl-pos-pos-es-pba-24953	pos-es-pba-24953	1	positive	train	ES	Castro da Grela	-7.96617535013383	42.96257140995987	-7.96931785,42.96027173,-7.96303285,42.96487109	512	ign_pnoa_rgb	https://www.ign.es/wms-inspire/pnoa-ma	OI.OrthoimageCoverage	data/external/weak-label-chips-v1/train/positive/wl-tile-v1-10442-pos-es-pba-24953.png	weak_label_candidate_for_model_v1	512	512	downloaded	valid	512	512	RGB	660088	1		https://www.ign.es/wms-inspire/pnoa-ma?SERVICE=WMS&VERSION=1.1.1&REQUEST=GetMap&LAYERS=OI.OrthoimageCoverage&STYLES=&SRS=EPSG%3A4326&BBOX=-7.96931785%2C42.96027173%2C-7.96303285%2C42.96487109&WIDTH=512&HEIGHT=512&FORMAT=image%2Fpng&TRANSPARENT=false	2026-08-01T00:00:00Z
weak-chip-export-v1-00962	wl-tile-v1-10107	wl-pos-pos-es-pba-9620	pos-es-pba-9620	1	positive	train	ES	Castro da Grixa	-9.102816026829501	43.031766184128244	-9.10596206,43.02946651,-9.09966999,43.03406586	512	ign_pnoa_rgb	https://www.ign.es/wms-inspire/pnoa-ma	OI.OrthoimageCoverage	data/external/weak-label-chips-v1/train/positive/wl-tile-v1-10107-pos-es-pba-9620.png	weak_label_candidate_for_model_v1	512	512	downloaded	valid	512	512	RGB	681952	1		https://www.ign.es/wms-inspire/pnoa-ma?SERVICE=WMS&VERSION=1.1.1&REQUEST=GetMap&LAYERS=OI.OrthoimageCoverage&STYLES=&SRS=EPSG%3A4326&BBOX=-9.10596206%2C43.02946651%2C-9.09966999%2C43.03406586&WIDTH=512&HEIGHT=512&FORMAT=image%2Fpng&TRANSPARENT=false	2026-08-01T00:00:00Z
weak-chip-export-v1-00963	wl-tile-v1-10846	wl-pos-pos-es-pba-29948	pos-es-pba-29948	1	positive	train	ES	Castro da Grova	-7.492706702735234	42.92050201547972	-7.49584705,42.91820234,-7.48956635,42.92280169	512	ign_pnoa_rgb	https://www.ign.es/wms-inspire/pnoa-ma	OI.OrthoimageCoverage	data/external/weak-label-chips-v1/train/positive/wl-tile-v1-10846-pos-es-pba-29948.png	weak_label_candidate_for_model_v1	512	512	downloaded	valid	512	512	RGB	673172	1		https://www.ign.es/wms-inspire/pnoa-ma?SERVICE=WMS&VERSION=1.1.1&REQUEST=GetMap&LAYERS=OI.OrthoimageCoverage&STYLES=&SRS=EPSG%3A4326&BBOX=-7.49584705%2C42.91820234%2C-7.48956635%2C42.92280169&WIDTH=512&HEIGHT=512&FORMAT=image%2Fpng&TRANSPARENT=false	2026-08-01T00:00:00Z
weak-chip-export-v1-00964	wl-tile-v1-11359	wl-pos-pos-es-pba-66198	pos-es-pba-66198	1	positive	train	ES	Castro da Gurobela	-8.07460495804899	42.84303763864429	-8.07774137,42.84073796,-8.07146855,42.84533732	512	ign_pnoa_rgb	https://www.ign.es/wms-inspire/pnoa-ma	OI.OrthoimageCoverage	data/external/weak-label-chips-v1/train/positive/wl-tile-v1-11359-pos-es-pba-66198.png	weak_label_candidate_for_model_v1	512	512	downloaded	valid	512	512	RGB	638950	1		https://www.ign.es/wms-inspire/pnoa-ma?SERVICE=WMS&VERSION=1.1.1&REQUEST=GetMap&LAYERS=OI.OrthoimageCoverage&STYLES=&SRS=EPSG%3A4326&BBOX=-8.07774137%2C42.84073796%2C-8.07146855%2C42.84533732&WIDTH=512&HEIGHT=512&FORMAT=image%2Fpng&TRANSPARENT=false	2026-08-01T00:00:00Z
weak-chip-export-v1-00965	wl-tile-v1-10586	wl-pos-pos-es-pba-44402	pos-es-pba-44402	1	positive	train	ES	Castro da Igrexa/A Cortiña da Igrexa	-7.243904252512455	42.87311869743418	-7.24704219,42.87081902,-7.24076631,42.87541837	512	ign_pnoa_rgb	https://www.ign.es/wms-inspire/pnoa-ma	OI.OrthoimageCoverage	data/external/weak-label-chips-v1/train/positive/wl-tile-v1-10586-pos-es-pba-44402.png	weak_label_candidate_for_model_v1	512	512	downloaded	valid	512	512	RGB	681261	1		https://www.ign.es/wms-inspire/pnoa-ma?SERVICE=WMS&VERSION=1.1.1&REQUEST=GetMap&LAYERS=OI.OrthoimageCoverage&STYLES=&SRS=EPSG%3A4326&BBOX=-7.24704219%2C42.87081902%2C-7.24076631%2C42.87541837&WIDTH=512&HEIGHT=512&FORMAT=image%2Fpng&TRANSPARENT=false	2026-08-01T00:00:00Z
weak-chip-export-v1-00966	wl-tile-v1-10587	wl-pos-pos-es-pba-44431	pos-es-pba-44431	1	positive	train	ES	Castro da Igrexa/Castro de Lebruxo	-7.307157450191901	42.87777424382961	-7.31029563,42.87547457,-7.30401927,42.88007392	512	ign_pnoa_rgb	https://www.ign.es/wms-inspire/pnoa-ma	OI.OrthoimageCoverage	data/external/weak-label-chips-v1/train/positive/wl-tile-v1-10587-pos-es-pba-44431.png	weak_label_candidate_for_model_v1	512	512	downloaded	valid	512	512	RGB	670725	1		https://www.ign.es/wms-inspire/pnoa-ma?SERVICE=WMS&VERSION=1.1.1&REQUEST=GetMap&LAYERS=OI.OrthoimageCoverage&STYLES=&SRS=EPSG%3A4326&BBOX=-7.31029563%2C42.87547457%2C-7.30401927%2C42.88007392&WIDTH=512&HEIGHT=512&FORMAT=image%2Fpng&TRANSPARENT=false	2026-08-01T00:00:00Z
weak-chip-export-v1-00967	wl-tile-v1-11102	wl-pos-pos-es-pba-30225	pos-es-pba-30225	1	positive	train	ES	Castro da Igrexa/O Castro de Cazas	-7.776854982709312	43.3134161823107	-7.78001556,43.31111651,-7.77369440,43.31571586	512	ign_pnoa_rgb	https://www.ign.es/wms-inspire/pnoa-ma	OI.OrthoimageCoverage	data/external/weak-label-chips-v1/train/positive/wl-tile-v1-11102-pos-es-pba-30225.png	weak_label_candidate_for_model_v1	512	512	downloaded	valid	512	512	RGB	664703	1		https://www.ign.es/wms-inspire/pnoa-ma?SERVICE=WMS&VERSION=1.1.1&REQUEST=GetMap&LAYERS=OI.OrthoimageCoverage&STYLES=&SRS=EPSG%3A4326&BBOX=-7.78001556%2C43.31111651%2C-7.77369440%2C43.31571586&WIDTH=512&HEIGHT=512&FORMAT=image%2Fpng&TRANSPARENT=false	2026-08-01T00:00:00Z
weak-chip-export-v1-00968	wl-tile-v1-10329	wl-pos-pos-es-pba-18628	pos-es-pba-18628	1	positive	train	ES	Castro da Illa da Estrela	-8.95524799781416	43.25982751819345	-8.95840579,43.25752784,-8.95209020,43.26212719	512	ign_pnoa_rgb	https://www.ign.es/wms-inspire/pnoa-ma	OI.OrthoimageCoverage	data/external/weak-label-chips-v1/train/positive/wl-tile-v1-10329-pos-es-pba-18628.png	weak_label_candidate_for_model_v1	512	512	downloaded	valid	512	512	RGB	419347	1		https://www.ign.es/wms-inspire/pnoa-ma?SERVICE=WMS&VERSION=1.1.1&REQUEST=GetMap&LAYERS=OI.OrthoimageCoverage&STYLES=&SRS=EPSG%3A4326&BBOX=-8.95840579%2C43.25752784%2C-8.95209020%2C43.26212719&WIDTH=512&HEIGHT=512&FORMAT=image%2Fpng&TRANSPARENT=false	2026-08-01T00:00:00Z
weak-chip-export-v1-00969	wl-tile-v1-10422	wl-pos-pos-es-pba-23921	pos-es-pba-23921	1	positive	train	ES	Castro da Lagoa/Os Castros de Muradelo	-7.973466809470356	43.04118539622675	-7.97661333,43.03888572,-7.97032029,43.04348507	512	ign_pnoa_rgb	https://www.ign.es/wms-inspire/pnoa-ma	OI.OrthoimageCoverage	data/external/weak-label-chips-v1/train/positive/wl-tile-v1-10422-pos-es-pba-23921.png	weak_label_candidate_for_model_v1	512	512	downloaded	valid	512	512	RGB	638967	1		https://www.ign.es/wms-inspire/pnoa-ma?SERVICE=WMS&VERSION=1.1.1&REQUEST=GetMap&LAYERS=OI.OrthoimageCoverage&STYLES=&SRS=EPSG%3A4326&BBOX=-7.97661333%2C43.03888572%2C-7.97032029%2C43.04348507&WIDTH=512&HEIGHT=512&FORMAT=image%2Fpng&TRANSPARENT=false	2026-08-01T00:00:00Z
weak-chip-export-v1-00970	wl-tile-v1-10832	wl-pos-pos-es-pba-35177	pos-es-pba-35177	1	positive	train	ES	Castro da Lagúa	-6.995258294085102	43.019284523528604	-6.99840369,43.01698485,-6.99211290,43.02158420	512	ign_pnoa_rgb	https://www.ign.es/wms-inspire/pnoa-ma	OI.OrthoimageCoverage	data/external/weak-label-chips-v1/train/positive/wl-tile-v1-10832-pos-es-pba-35177.png	weak_label_candidate_for_model_v1	512	512	downloaded	valid	512	512	RGB	597896	1		https://www.ign.es/wms-inspire/pnoa-ma?SERVICE=WMS&VERSION=1.1.1&REQUEST=GetMap&LAYERS=OI.OrthoimageCoverage&STYLES=&SRS=EPSG%3A4326&BBOX=-6.99840369%2C43.01698485%2C-6.99211290%2C43.02158420&WIDTH=512&HEIGHT=512&FORMAT=image%2Fpng&TRANSPARENT=false	2026-08-01T00:00:00Z
weak-chip-export-v1-00971	wl-tile-v1-10526	wl-pos-pos-es-pba-38417	pos-es-pba-38417	1	positive	train	ES	Castro da Lama	-7.344610990593267	42.51225981998597	-7.34773075,42.50996014,-7.34149123,42.51455950	512	ign_pnoa_rgb	https://www.ign.es/wms-inspire/pnoa-ma	OI.OrthoimageCoverage	data/external/weak-label-chips-v1/train/positive/wl-tile-v1-10526-pos-es-pba-38417.png	weak_label_candidate_for_model_v1	512	512	downloaded	valid	512	512	RGB	687230	1		https://www.ign.es/wms-inspire/pnoa-ma?SERVICE=WMS&VERSION=1.1.1&REQUEST=GetMap&LAYERS=OI.OrthoimageCoverage&STYLES=&SRS=EPSG%3A4326&BBOX=-7.34773075%2C42.50996014%2C-7.34149123%2C42.51455950&WIDTH=512&HEIGHT=512&FORMAT=image%2Fpng&TRANSPARENT=false	2026-08-01T00:00:00Z
weak-chip-export-v1-00972	wl-tile-v1-11354	wl-pos-pos-es-pba-67107	pos-es-pba-67107	1	positive	train	ES	Castro da Lama	-8.444687301546425	42.399230205167534	-8.44780143,42.39693053,-8.44157317,42.40152988	512	ign_pnoa_rgb	https://www.ign.es/wms-inspire/pnoa-ma	OI.OrthoimageCoverage	data/external/weak-label-chips-v1/train/positive/wl-tile-v1-11354-pos-es-pba-67107.png	weak_label_candidate_for_model_v1	512	512	downloaded	valid	512	512	RGB	720027	1		https://www.ign.es/wms-inspire/pnoa-ma?SERVICE=WMS&VERSION=1.1.1&REQUEST=GetMap&LAYERS=OI.OrthoimageCoverage&STYLES=&SRS=EPSG%3A4326&BBOX=-8.44780143%2C42.39693053%2C-8.44157317%2C42.40152988&WIDTH=512&HEIGHT=512&FORMAT=image%2Fpng&TRANSPARENT=false	2026-08-01T00:00:00Z
weak-chip-export-v1-00973	wl-tile-v1-11046	wl-pos-pos-es-pba-41245	pos-es-pba-41245	1	positive	train	ES	Castro da Laxa	-7.74683795846695	42.663563776824475	-7.74996530,42.66126410,-7.74371062,42.66586345	512	ign_pnoa_rgb	https://www.ign.es/wms-inspire/pnoa-ma	OI.OrthoimageCoverage	data/external/weak-label-chips-v1/train/positive/wl-tile-v1-11046-pos-es-pba-41245.png	weak_label_candidate_for_model_v1	512	512	downloaded	valid	512	512	RGB	695795	1		https://www.ign.es/wms-inspire/pnoa-ma?SERVICE=WMS&VERSION=1.1.1&REQUEST=GetMap&LAYERS=OI.OrthoimageCoverage&STYLES=&SRS=EPSG%3A4326&BBOX=-7.74996530%2C42.66126410%2C-7.74371062%2C42.66586345&WIDTH=512&HEIGHT=512&FORMAT=image%2Fpng&TRANSPARENT=false	2026-08-01T00:00:00Z
weak-chip-export-v1-00974	wl-tile-v1-11233	wl-pos-pos-es-pba-48059	pos-es-pba-48059	1	positive	train	ES	Castro da Madanela	-7.854784645825937	42.410784355953126	-7.85789935,42.40848468,-7.85166994,42.41308403	512	ign_pnoa_rgb	https://www.ign.es/wms-inspire/pnoa-ma	OI.OrthoimageCoverage	data/external/weak-label-chips-v1/train/positive/wl-tile-v1-11233-pos-es-pba-48059.png	weak_label_candidate_for_model_v1	512	512	downloaded	valid	512	512	RGB	663722	1		https://www.ign.es/wms-inspire/pnoa-ma?SERVICE=WMS&VERSION=1.1.1&REQUEST=GetMap&LAYERS=OI.OrthoimageCoverage&STYLES=&SRS=EPSG%3A4326&BBOX=-7.85789935%2C42.40848468%2C-7.85166994%2C42.41308403&WIDTH=512&HEIGHT=512&FORMAT=image%2Fpng&TRANSPARENT=false	2026-08-01T00:00:00Z
weak-chip-export-v1-00975	wl-tile-v1-10862	wl-pos-pos-es-pba-32296	pos-es-pba-32296	1	positive	train	ES	Castro da Margarida/A Ciudá	-7.3138095522623	42.72579257201455	-7.31694003,42.72349290,-7.31067908,42.72809225	512	ign_pnoa_rgb	https://www.ign.es/wms-inspire/pnoa-ma	OI.OrthoimageCoverage	data/external/weak-label-chips-v1/train/positive/wl-tile-v1-10862-pos-es-pba-32296.png	weak_label_candidate_for_model_v1	512	512	downloaded	valid	512	512	RGB	633186	1		https://www.ign.es/wms-inspire/pnoa-ma?SERVICE=WMS&VERSION=1.1.1&REQUEST=GetMap&LAYERS=OI.OrthoimageCoverage&STYLES=&SRS=EPSG%3A4326&BBOX=-7.31694003%2C42.72349290%2C-7.31067908%2C42.72809225&WIDTH=512&HEIGHT=512&FORMAT=image%2Fpng&TRANSPARENT=false	2026-08-01T00:00:00Z
weak-chip-export-v1-00976	wl-tile-v1-11316	wl-pos-pos-es-pba-58046	pos-es-pba-58046	1	positive	train	ES	Castro da Martiña	-7.932037494019642	42.518465041272805	-7.93515756,42.51616536,-7.92891743,42.52076472	512	ign_pnoa_rgb	https://www.ign.es/wms-inspire/pnoa-ma	OI.OrthoimageCoverage	data/external/weak-label-chips-v1/train/positive/wl-tile-v1-11316-pos-es-pba-58046.png	weak_label_candidate_for_model_v1	512	512	downloaded	valid	512	512	RGB	668925	1		https://www.ign.es/wms-inspire/pnoa-ma?SERVICE=WMS&VERSION=1.1.1&REQUEST=GetMap&LAYERS=OI.OrthoimageCoverage&STYLES=&SRS=EPSG%3A4326&BBOX=-7.93515756%2C42.51616536%2C-7.92891743%2C42.52076472&WIDTH=512&HEIGHT=512&FORMAT=image%2Fpng&TRANSPARENT=false	2026-08-01T00:00:00Z
weak-chip-export-v1-00977	wl-tile-v1-11470	wl-pos-pos-es-pba-65785	pos-es-pba-65785	1	positive	train	ES	Castro da Matanza	-8.733455278924039	42.13456916440499	-8.73655637,42.13226949,-8.73035419,42.13686884	512	ign_pnoa_rgb	https://www.ign.es/wms-inspire/pnoa-ma	OI.OrthoimageCoverage	data/external/weak-label-chips-v1/train/positive/wl-tile-v1-11470-pos-es-pba-65785.png	weak_label_candidate_for_model_v1	512	512	downloaded	valid	512	512	RGB	687798	1		https://www.ign.es/wms-inspire/pnoa-ma?SERVICE=WMS&VERSION=1.1.1&REQUEST=GetMap&LAYERS=OI.OrthoimageCoverage&STYLES=&SRS=EPSG%3A4326&BBOX=-8.73655637%2C42.13226949%2C-8.73035419%2C42.13686884&WIDTH=512&HEIGHT=512&FORMAT=image%2Fpng&TRANSPARENT=false	2026-08-01T00:00:00Z
weak-chip-export-v1-00978	wl-tile-v1-11155	wl-pos-pos-es-pba-55771	pos-es-pba-55771	1	positive	train	ES	Castro da Medorra	-7.226992253040143	42.33892395084181	-7.23010340,42.33662427,-7.22388111,42.34122363	512	ign_pnoa_rgb	https://www.ign.es/wms-inspire/pnoa-ma	OI.OrthoimageCoverage	data/external/weak-label-chips-v1/train/positive/wl-tile-v1-11155-pos-es-pba-55771.png	weak_label_candidate_for_model_v1	512	512	downloaded	valid	512	512	RGB	687356	1		https://www.ign.es/wms-inspire/pnoa-ma?SERVICE=WMS&VERSION=1.1.1&REQUEST=GetMap&LAYERS=OI.OrthoimageCoverage&STYLES=&SRS=EPSG%3A4326&BBOX=-7.23010340%2C42.33662427%2C-7.22388111%2C42.34122363&WIDTH=512&HEIGHT=512&FORMAT=image%2Fpng&TRANSPARENT=false	2026-08-01T00:00:00Z
weak-chip-export-v1-00979	wl-tile-v1-10817	wl-pos-pos-es-pba-35344	pos-es-pba-35344	1	positive	train	ES	Castro da Morerira/Agro do Castro	-7.857878255713816	42.80841876916133	-7.86101291,42.80611909,-7.85474360,42.81071845	512	ign_pnoa_rgb	https://www.ign.es/wms-inspire/pnoa-ma	OI.OrthoimageCoverage	data/external/weak-label-chips-v1/train/positive/wl-tile-v1-10817-pos-es-pba-35344.png	weak_label_candidate_for_model_v1	512	512	downloaded	valid	512	512	RGB	664350	1		https://www.ign.es/wms-inspire/pnoa-ma?SERVICE=WMS&VERSION=1.1.1&REQUEST=GetMap&LAYERS=OI.OrthoimageCoverage&STYLES=&SRS=EPSG%3A4326&BBOX=-7.86101291%2C42.80611909%2C-7.85474360%2C42.81071845&WIDTH=512&HEIGHT=512&FORMAT=image%2Fpng&TRANSPARENT=false	2026-08-01T00:00:00Z
weak-chip-export-v1-00980	wl-tile-v1-11460	wl-pos-pos-es-pba-64033	pos-es-pba-64033	1	positive	train	ES	Castro da Mota	-8.3658282684735	42.56097458399001	-8.36895046,42.55867491,-8.36270607,42.56327426	512	ign_pnoa_rgb	https://www.ign.es/wms-inspire/pnoa-ma	OI.OrthoimageCoverage	data/external/weak-label-chips-v1/train/positive/wl-tile-v1-11460-pos-es-pba-64033.png	weak_label_candidate_for_model_v1	512	512	downloaded	valid	512	512	RGB	670285	1		https://www.ign.es/wms-inspire/pnoa-ma?SERVICE=WMS&VERSION=1.1.1&REQUEST=GetMap&LAYERS=OI.OrthoimageCoverage&STYLES=&SRS=EPSG%3A4326&BBOX=-8.36895046%2C42.55867491%2C-8.36270607%2C42.56327426&WIDTH=512&HEIGHT=512&FORMAT=image%2Fpng&TRANSPARENT=false	2026-08-01T00:00:00Z
weak-chip-export-v1-00981	wl-tile-v1-10019	wl-pos-pos-es-pba-27147	pos-es-pba-27147	1	positive	train	ES	Castro da Moura	-7.857740223586374	43.72390871310015	-7.86092238,43.72160904,-7.85455807,43.72620839	512	ign_pnoa_rgb	https://www.ign.es/wms-inspire/pnoa-ma	OI.OrthoimageCoverage	data/external/weak-label-chips-v1/train/positive/wl-tile-v1-10019-pos-es-pba-27147.png	weak_label_candidate_for_model_v1	512	512	downloaded	valid	512	512	RGB	553862	1		https://www.ign.es/wms-inspire/pnoa-ma?SERVICE=WMS&VERSION=1.1.1&REQUEST=GetMap&LAYERS=OI.OrthoimageCoverage&STYLES=&SRS=EPSG%3A4326&BBOX=-7.86092238%2C43.72160904%2C-7.85455807%2C43.72620839&WIDTH=512&HEIGHT=512&FORMAT=image%2Fpng&TRANSPARENT=false	2026-08-01T00:00:00Z
weak-chip-export-v1-00982	wl-tile-v1-11461	wl-pos-pos-es-pba-64034	pos-es-pba-64034	1	positive	train	ES	Castro da Mouteira	-8.304071095703712	42.56768364168888	-8.30719363,42.56538397,-8.30094857,42.56998332	512	ign_pnoa_rgb	https://www.ign.es/wms-inspire/pnoa-ma	OI.OrthoimageCoverage	data/external/weak-label-chips-v1/train/positive/wl-tile-v1-11461-pos-es-pba-64034.png	weak_label_candidate_for_model_v1	512	512	downloaded	valid	512	512	RGB	661559	1		https://www.ign.es/wms-inspire/pnoa-ma?SERVICE=WMS&VERSION=1.1.1&REQUEST=GetMap&LAYERS=OI.OrthoimageCoverage&STYLES=&SRS=EPSG%3A4326&BBOX=-8.30719363%2C42.56538397%2C-8.30094857%2C42.56998332&WIDTH=512&HEIGHT=512&FORMAT=image%2Fpng&TRANSPARENT=false	2026-08-01T00:00:00Z
weak-chip-export-v1-00983	wl-tile-v1-11124	wl-pos-pos-es-pba-47786	pos-es-pba-47786	1	positive	train	ES	Castro da Munía	-7.90455494249616	42.12068039367047	-7.90765535,42.11838072,-7.90145454,42.12298007	512	ign_pnoa_rgb	https://www.ign.es/wms-inspire/pnoa-ma	OI.OrthoimageCoverage	data/external/weak-label-chips-v1/train/positive/wl-tile-v1-11124-pos-es-pba-47786.png	weak_label_candidate_for_model_v1	512	512	downloaded	valid	512	512	RGB	646508	1		https://www.ign.es/wms-inspire/pnoa-ma?SERVICE=WMS&VERSION=1.1.1&REQUEST=GetMap&LAYERS=OI.OrthoimageCoverage&STYLES=&SRS=EPSG%3A4326&BBOX=-7.90765535%2C42.11838072%2C-7.90145454%2C42.12298007&WIDTH=512&HEIGHT=512&FORMAT=image%2Fpng&TRANSPARENT=false	2026-08-01T00:00:00Z
weak-chip-export-v1-00984	wl-tile-v1-10555	wl-pos-pos-es-pba-26987	pos-es-pba-26987	1	positive	train	ES	Castro da Orela	-7.920816220988463	42.776579159072774	-7.92394926,42.77427948,-7.91768318,42.77887884	512	ign_pnoa_rgb	https://www.ign.es/wms-inspire/pnoa-ma	OI.OrthoimageCoverage	data/external/weak-label-chips-v1/train/positive/wl-tile-v1-10555-pos-es-pba-26987.png	weak_label_candidate_for_model_v1	512	512	downloaded	valid	512	512	RGB	666606	1		https://www.ign.es/wms-inspire/pnoa-ma?SERVICE=WMS&VERSION=1.1.1&REQUEST=GetMap&LAYERS=OI.OrthoimageCoverage&STYLES=&SRS=EPSG%3A4326&BBOX=-7.92394926%2C42.77427948%2C-7.91768318%2C42.77887884&WIDTH=512&HEIGHT=512&FORMAT=image%2Fpng&TRANSPARENT=false	2026-08-01T00:00:00Z
weak-chip-export-v1-00985	wl-tile-v1-10373	wl-pos-pos-es-pba-20300	pos-es-pba-20300	1	positive	train	ES	Castro da Pallota	-8.849745172049857	42.977523692714904	-8.85288843,42.97522402,-8.84660191,42.97982337	512	ign_pnoa_rgb	https://www.ign.es/wms-inspire/pnoa-ma	OI.OrthoimageCoverage	data/external/weak-label-chips-v1/train/positive/wl-tile-v1-10373-pos-es-pba-20300.png	weak_label_candidate_for_model_v1	512	512	downloaded	valid	512	512	RGB	617249	1		https://www.ign.es/wms-inspire/pnoa-ma?SERVICE=WMS&VERSION=1.1.1&REQUEST=GetMap&LAYERS=OI.OrthoimageCoverage&STYLES=&SRS=EPSG%3A4326&BBOX=-8.85288843%2C42.97522402%2C-8.84660191%2C42.97982337&WIDTH=512&HEIGHT=512&FORMAT=image%2Fpng&TRANSPARENT=false	2026-08-01T00:00:00Z
weak-chip-export-v1-00986	wl-tile-v1-10650	wl-pos-pos-es-pba-27875	pos-es-pba-27875	1	positive	train	ES	Castro da Pallota	-7.402046550384821	43.01867935961123	-7.40519192,43.01637968,-7.39890118,43.02097904	512	ign_pnoa_rgb	https://www.ign.es/wms-inspire/pnoa-ma	OI.OrthoimageCoverage	data/external/weak-label-chips-v1/train/positive/wl-tile-v1-10650-pos-es-pba-27875.png	weak_label_candidate_for_model_v1	512	512	downloaded	valid	512	512	RGB	675603	1		https://www.ign.es/wms-inspire/pnoa-ma?SERVICE=WMS&VERSION=1.1.1&REQUEST=GetMap&LAYERS=OI.OrthoimageCoverage&STYLES=&SRS=EPSG%3A4326&BBOX=-7.40519192%2C43.01637968%2C-7.39890118%2C43.02097904&WIDTH=512&HEIGHT=512&FORMAT=image%2Fpng&TRANSPARENT=false	2026-08-01T00:00:00Z
weak-chip-export-v1-00987	wl-tile-v1-10556	wl-pos-pos-es-pba-26988	pos-es-pba-26988	1	positive	train	ES	Castro da Pena Grande	-7.901899264007731	42.733251160727804	-7.90503012,42.73095148,-7.89876841,42.73555084	512	ign_pnoa_rgb	https://www.ign.es/wms-inspire/pnoa-ma	OI.OrthoimageCoverage	data/external/weak-label-chips-v1/train/positive/wl-tile-v1-10556-pos-es-pba-26988.png	weak_label_candidate_for_model_v1	512	512	downloaded	valid	512	512	RGB	628462	1		https://www.ign.es/wms-inspire/pnoa-ma?SERVICE=WMS&VERSION=1.1.1&REQUEST=GetMap&LAYERS=OI.OrthoimageCoverage&STYLES=&SRS=EPSG%3A4326&BBOX=-7.90503012%2C42.73095148%2C-7.89876841%2C42.73555084&WIDTH=512&HEIGHT=512&FORMAT=image%2Fpng&TRANSPARENT=false	2026-08-01T00:00:00Z
weak-chip-export-v1-00988	wl-tile-v1-10540	wl-pos-pos-es-pba-38845	pos-es-pba-38845	1	positive	train	ES	Castro da Pena das Vellas	-7.183561177003899	43.276577982924486	-7.18671984,43.27427831,-7.18040251,43.27887766	512	ign_pnoa_rgb	https://www.ign.es/wms-inspire/pnoa-ma	OI.OrthoimageCoverage	data/external/weak-label-chips-v1/train/positive/wl-tile-v1-10540-pos-es-pba-38845.png	weak_label_candidate_for_model_v1	512	512	downloaded	valid	512	512	RGB	660076	1		https://www.ign.es/wms-inspire/pnoa-ma?SERVICE=WMS&VERSION=1.1.1&REQUEST=GetMap&LAYERS=OI.OrthoimageCoverage&STYLES=&SRS=EPSG%3A4326&BBOX=-7.18671984%2C43.27427831%2C-7.18040251%2C43.27887766&WIDTH=512&HEIGHT=512&FORMAT=image%2Fpng&TRANSPARENT=false	2026-08-01T00:00:00Z
weak-chip-export-v1-00989	wl-tile-v1-09877	wl-pos-pos-es-pba-11223	pos-es-pba-11223	1	positive	train	ES	Castro da Pena/O Petón	-8.576713561026166	43.18284946716882	-8.57986737,43.18054979,-8.57355975,43.18514914	512	ign_pnoa_rgb	https://www.ign.es/wms-inspire/pnoa-ma	OI.OrthoimageCoverage	data/external/weak-label-chips-v1/train/positive/wl-tile-v1-09877-pos-es-pba-11223.png	weak_label_candidate_for_model_v1	512	512	downloaded	valid	512	512	RGB	647105	1		https://www.ign.es/wms-inspire/pnoa-ma?SERVICE=WMS&VERSION=1.1.1&REQUEST=GetMap&LAYERS=OI.OrthoimageCoverage&STYLES=&SRS=EPSG%3A4326&BBOX=-8.57986737%2C43.18054979%2C-8.57355975%2C43.18514914&WIDTH=512&HEIGHT=512&FORMAT=image%2Fpng&TRANSPARENT=false	2026-08-01T00:00:00Z
weak-chip-export-v1-00990	wl-tile-v1-11136	wl-pos-pos-es-pba-52998	pos-es-pba-52998	1	positive	train	ES	Castro da Peneda de Cebre	-7.899199308748903	42.220856307533325	-7.90230463,42.21855663,-7.89609399,42.22315598	512	ign_pnoa_rgb	https://www.ign.es/wms-inspire/pnoa-ma	OI.OrthoimageCoverage	data/external/weak-label-chips-v1/train/positive/wl-tile-v1-11136-pos-es-pba-52998.png	weak_label_candidate_for_model_v1	512	512	downloaded	valid	512	512	RGB	652128	1		https://www.ign.es/wms-inspire/pnoa-ma?SERVICE=WMS&VERSION=1.1.1&REQUEST=GetMap&LAYERS=OI.OrthoimageCoverage&STYLES=&SRS=EPSG%3A4326&BBOX=-7.90230463%2C42.21855663%2C-7.89609399%2C42.22315598&WIDTH=512&HEIGHT=512&FORMAT=image%2Fpng&TRANSPARENT=false	2026-08-01T00:00:00Z
weak-chip-export-v1-00991	wl-tile-v1-11600	wl-pos-pos-es-pba-71332	pos-es-pba-71332	1	positive	train	ES	Castro da Peneda/Castrizán	-8.590509465968625	42.326818104362104	-8.59362001,42.32451843,-8.58739892,42.32911778	512	ign_pnoa_rgb	https://www.ign.es/wms-inspire/pnoa-ma	OI.OrthoimageCoverage	data/external/weak-label-chips-v1/train/positive/wl-tile-v1-11600-pos-es-pba-71332.png	weak_label_candidate_for_model_v1	512	512	downloaded	valid	512	512	RGB	694143	1		https://www.ign.es/wms-inspire/pnoa-ma?SERVICE=WMS&VERSION=1.1.1&REQUEST=GetMap&LAYERS=OI.OrthoimageCoverage&STYLES=&SRS=EPSG%3A4326&BBOX=-8.59362001%2C42.32451843%2C-8.58739892%2C42.32911778&WIDTH=512&HEIGHT=512&FORMAT=image%2Fpng&TRANSPARENT=false	2026-08-01T00:00:00Z
weak-chip-export-v1-00992	wl-tile-v1-10557	wl-pos-pos-es-pba-26989	pos-es-pba-26989	1	positive	train	ES	Castro da Penela	-7.944089304711731	42.79996454763356	-7.94722353,42.79766487,-7.94095508,42.80226422	512	ign_pnoa_rgb	https://www.ign.es/wms-inspire/pnoa-ma	OI.OrthoimageCoverage	data/external/weak-label-chips-v1/train/positive/wl-tile-v1-10557-pos-es-pba-26989.png	weak_label_candidate_for_model_v1	512	512	downloaded	valid	512	512	RGB	639986	1		https://www.ign.es/wms-inspire/pnoa-ma?SERVICE=WMS&VERSION=1.1.1&REQUEST=GetMap&LAYERS=OI.OrthoimageCoverage&STYLES=&SRS=EPSG%3A4326&BBOX=-7.94722353%2C42.79766487%2C-7.94095508%2C42.80226422&WIDTH=512&HEIGHT=512&FORMAT=image%2Fpng&TRANSPARENT=false	2026-08-01T00:00:00Z
weak-chip-export-v1-00993	wl-tile-v1-10765	wl-pos-pos-es-pba-31585	pos-es-pba-31585	1	positive	train	ES	Castro da Penela	-7.368055239584056	42.91169854143555	-7.37119514,42.90939886,-7.36491534,42.91399822	512	ign_pnoa_rgb	https://www.ign.es/wms-inspire/pnoa-ma	OI.OrthoimageCoverage	data/external/weak-label-chips-v1/train/positive/wl-tile-v1-10765-pos-es-pba-31585.png	weak_label_candidate_for_model_v1	512	512	downloaded	valid	512	512	RGB	680478	1		https://www.ign.es/wms-inspire/pnoa-ma?SERVICE=WMS&VERSION=1.1.1&REQUEST=GetMap&LAYERS=OI.OrthoimageCoverage&STYLES=&SRS=EPSG%3A4326&BBOX=-7.37119514%2C42.90939886%2C-7.36491534%2C42.91399822&WIDTH=512&HEIGHT=512&FORMAT=image%2Fpng&TRANSPARENT=false	2026-08-01T00:00:00Z
weak-chip-export-v1-00994	wl-tile-v1-11342	wl-pos-pos-es-pba-60249	pos-es-pba-60249	1	positive	train	ES	Castro da Plaza	-7.338562926783283	41.89882125039839	-7.34165254,41.89652157,-7.33547331,41.90112093	512	ign_pnoa_rgb	https://www.ign.es/wms-inspire/pnoa-ma	OI.OrthoimageCoverage	data/external/weak-label-chips-v1/train/positive/wl-tile-v1-11342-pos-es-pba-60249.png	weak_label_candidate_for_model_v1	512	512	downloaded	valid	512	512	RGB	662192	1		https://www.ign.es/wms-inspire/pnoa-ma?SERVICE=WMS&VERSION=1.1.1&REQUEST=GetMap&LAYERS=OI.OrthoimageCoverage&STYLES=&SRS=EPSG%3A4326&BBOX=-7.34165254%2C41.89652157%2C-7.33547331%2C41.90112093&WIDTH=512&HEIGHT=512&FORMAT=image%2Fpng&TRANSPARENT=false	2026-08-01T00:00:00Z
weak-chip-export-v1-00995	wl-tile-v1-10991	wl-pos-pos-es-pba-40973	pos-es-pba-40973	1	positive	train	ES	Castro da Portela	-7.291861093336963	42.4190748244412	-7.29497621,42.41677515,-7.28874597,42.42137450	512	ign_pnoa_rgb	https://www.ign.es/wms-inspire/pnoa-ma	OI.OrthoimageCoverage	data/external/weak-label-chips-v1/train/positive/wl-tile-v1-10991-pos-es-pba-40973.png	weak_label_candidate_for_model_v1	512	512	downloaded	valid	512	512	RGB	673341	1		https://www.ign.es/wms-inspire/pnoa-ma?SERVICE=WMS&VERSION=1.1.1&REQUEST=GetMap&LAYERS=OI.OrthoimageCoverage&STYLES=&SRS=EPSG%3A4326&BBOX=-7.29497621%2C42.41677515%2C-7.28874597%2C42.42137450&WIDTH=512&HEIGHT=512&FORMAT=image%2Fpng&TRANSPARENT=false	2026-08-01T00:00:00Z
weak-chip-export-v1-00996	wl-tile-v1-10162	wl-pos-pos-es-pba-12435	pos-es-pba-12435	1	positive	train	ES	Castro da Pousada	-8.18132854587435	43.0699241856015	-8.18447654,43.06762451,-8.17818055,43.07222386	512	ign_pnoa_rgb	https://www.ign.es/wms-inspire/pnoa-ma	OI.OrthoimageCoverage	data/external/weak-label-chips-v1/train/positive/wl-tile-v1-10162-pos-es-pba-12435.png	weak_label_candidate_for_model_v1	512	512	downloaded	valid	512	512	RGB	566898	1		https://www.ign.es/wms-inspire/pnoa-ma?SERVICE=WMS&VERSION=1.1.1&REQUEST=GetMap&LAYERS=OI.OrthoimageCoverage&STYLES=&SRS=EPSG%3A4326&BBOX=-8.18447654%2C43.06762451%2C-8.17818055%2C43.07222386&WIDTH=512&HEIGHT=512&FORMAT=image%2Fpng&TRANSPARENT=false	2026-08-01T00:00:00Z
weak-chip-export-v1-00997	wl-tile-v1-10912	wl-pos-pos-es-pba-41930	pos-es-pba-41930	1	positive	train	ES	Castro da Pousada	-7.651227889829029	42.56821165006515	-7.65435045,42.56591197,-7.64810533,42.57051133	512	ign_pnoa_rgb	https://www.ign.es/wms-inspire/pnoa-ma	OI.OrthoimageCoverage	data/external/weak-label-chips-v1/train/positive/wl-tile-v1-10912-pos-es-pba-41930.png	weak_label_candidate_for_model_v1	512	512	downloaded	valid	512	512	RGB	646867	1		https://www.ign.es/wms-inspire/pnoa-ma?SERVICE=WMS&VERSION=1.1.1&REQUEST=GetMap&LAYERS=OI.OrthoimageCoverage&STYLES=&SRS=EPSG%3A4326&BBOX=-7.65435045%2C42.56591197%2C-7.64810533%2C42.57051133&WIDTH=512&HEIGHT=512&FORMAT=image%2Fpng&TRANSPARENT=false	2026-08-01T00:00:00Z
weak-chip-export-v1-00998	wl-tile-v1-11591	wl-pos-pos-es-pba-69678	pos-es-pba-69678	1	positive	train	ES	Castro da Raxeira/Monte do Castro	-8.604955103005917	42.43038897165705	-8.60807078,42.42808930,-8.60183942,42.43268865	512	ign_pnoa_rgb	https://www.ign.es/wms-inspire/pnoa-ma	OI.OrthoimageCoverage	data/external/weak-label-chips-v1/train/positive/wl-tile-v1-11591-pos-es-pba-69678.png	weak_label_candidate_for_model_v1	512	512	downloaded	valid	512	512	RGB	694466	1		https://www.ign.es/wms-inspire/pnoa-ma?SERVICE=WMS&VERSION=1.1.1&REQUEST=GetMap&LAYERS=OI.OrthoimageCoverage&STYLES=&SRS=EPSG%3A4326&BBOX=-8.60807078%2C42.42808930%2C-8.60183942%2C42.43268865&WIDTH=512&HEIGHT=512&FORMAT=image%2Fpng&TRANSPARENT=false	2026-08-01T00:00:00Z
weak-chip-export-v1-00999	wl-tile-v1-11132	wl-pos-pos-es-pba-50677	pos-es-pba-50677	1	positive	train	ES	Castro da Ribeira	-7.138494412784023	42.048688898919174	-7.14159130,42.04638922,-7.13539752,42.05098858	512	ign_pnoa_rgb	https://www.ign.es/wms-inspire/pnoa-ma	OI.OrthoimageCoverage	data/external/weak-label-chips-v1/train/positive/wl-tile-v1-11132-pos-es-pba-50677.png	weak_label_candidate_for_model_v1	512	512	downloaded	valid	512	512	RGB	657567	1		https://www.ign.es/wms-inspire/pnoa-ma?SERVICE=WMS&VERSION=1.1.1&REQUEST=GetMap&LAYERS=OI.OrthoimageCoverage&STYLES=&SRS=EPSG%3A4326&BBOX=-7.14159130%2C42.04638922%2C-7.13539752%2C42.05098858&WIDTH=512&HEIGHT=512&FORMAT=image%2Fpng&TRANSPARENT=false	2026-08-01T00:00:00Z
weak-chip-export-v1-01000	wl-tile-v1-09993	wl-pos-pos-es-pba-3509	pos-es-pba-3509	1	positive	train	ES	Castro da Ribeira/Castro de Nogareda	-8.664643141225199	43.160594863847706	-8.66779580,43.15829519,-8.66149048,43.16289454	512	ign_pnoa_rgb	https://www.ign.es/wms-inspire/pnoa-ma	OI.OrthoimageCoverage	data/external/weak-label-chips-v1/train/positive/wl-tile-v1-09993-pos-es-pba-3509.png	weak_label_candidate_for_model_v1	512	512	downloaded	valid	512	512	RGB	690061	1		https://www.ign.es/wms-inspire/pnoa-ma?SERVICE=WMS&VERSION=1.1.1&REQUEST=GetMap&LAYERS=OI.OrthoimageCoverage&STYLES=&SRS=EPSG%3A4326&BBOX=-8.66779580%2C43.15829519%2C-8.66149048%2C43.16289454&WIDTH=512&HEIGHT=512&FORMAT=image%2Fpng&TRANSPARENT=false	2026-08-01T00:00:00Z
