sample_id	bank_id	label_class	label_role	weak_label_status	weak_label_reason	final_split	split_family	spatial_block_id	country	region	province_or_district	municipality	parish	place	name	source	source_quality	source_record_id	source_code	typology	generic_type	periods	longitude	latitude	coord_precision	positive_confidence	morphology_proxy	terrain_context_proxy	negative_type	negative_confidence	review_priority	source_training_use	proposed_radius_m	bbox_epsg4326	visual_ring_signal_score	visual_ring_signal_tier	metric_eval_use	training_use	recommended_sampling_weight	generated_at
wl-pos-pos-es-pba-3570	pos-es-pba-3570	1	positive	exclude_probable_name_false_positive	name/type looks like modern or non-castro heritage item	excluded_review	excluded	ES|A Coruña|A Capela	ES	Galicia	A Coruña	A Capela	Caaveiro (San Boulo)	Ameneiro, O	Mámoa de Castro Pepín 1	Xunta PBA Catálogo. Elementos (xuño 2026)	official_catalogue_seed	3570	GA15018005		-		-7.9999990098048395	43.46820166773202	catalogue_point_wgs84	medium_official_name_or_type	generic_castro_hint	unknown_terrain_pending_visual_review			P2	positive_seed_requires_qgis_boundary_review	110.0	-8.00316767,43.46590199,-7.99683035,43.47050134				exclude_until_independent_label_review	0.00	2026-08-01T00:00:00Z
wl-pos-pos-es-pba-3599	pos-es-pba-3599	1	positive	exclude_probable_name_false_positive	name/type looks like modern or non-castro heritage item	excluded_review	excluded	ES|A Coruña|A Capela	ES	Galicia	A Coruña	A Capela	Caaveiro (San Boulo)	Ameneiro, O	Mámoa de Castro Pepín 2	Xunta PBA Catálogo. Elementos (xuño 2026)	official_catalogue_seed	3599	GA15018025		-		-7.999391117173554	43.46743914032811	catalogue_point_wgs84	medium_official_name_or_type	generic_castro_hint	unknown_terrain_pending_visual_review			P2	positive_seed_requires_qgis_boundary_review	110.0	-8.00255974,43.46513946,-7.99622249,43.46973882				exclude_until_independent_label_review	0.00	2026-08-01T00:00:00Z
wl-pos-pos-es-pba-3600	pos-es-pba-3600	1	positive	exclude_probable_name_false_positive	name/type looks like modern or non-castro heritage item	excluded_review	excluded	ES|A Coruña|A Capela	ES	Galicia	A Coruña	A Capela	Caaveiro (San Boulo)	Ameneiro, O	Mámoa de Castro Pepín 3	Xunta PBA Catálogo. Elementos (xuño 2026)	official_catalogue_seed	3600	GA15018026		-		-8.00006633236926	43.466905430059086	catalogue_point_wgs84	medium_official_name_or_type	generic_castro_hint	unknown_terrain_pending_visual_review			P2	positive_seed_requires_qgis_boundary_review	110.0	-8.00323493,43.46460575,-7.99689774,43.46920511				exclude_until_independent_label_review	0.00	2026-08-01T00:00:00Z
wl-pos-pos-es-pba-7047	pos-es-pba-7047	1	positive	exclude_probable_name_false_positive	name/type looks like modern or non-castro heritage item	excluded_review	excluded	ES|A Coruña|A Coruña	ES	Galicia	A Coruña	A Coruña	A Coruña	A Coruña	Edificio na rúa Castro Chané 10	Xunta PBA Catálogo. Elementos (xuño 2026)	official_catalogue_seed	7047	-		-		-8.40543779665466	43.35614539321468	catalogue_point_wgs84	medium_official_name_or_type	generic_castro_hint	unknown_terrain_pending_visual_review			P2	positive_seed_requires_qgis_boundary_review	110.0	-8.40860060,43.35384572,-8.40227499,43.35844507				exclude_until_independent_label_review	0.00	2026-08-01T00:00:00Z
wl-pos-pos-es-pba-7048	pos-es-pba-7048	1	positive	exclude_probable_name_false_positive	name/type looks like modern or non-castro heritage item	excluded_review	excluded	ES|A Coruña|A Coruña	ES	Galicia	A Coruña	A Coruña	A Coruña	A Coruña	Edificio na rúa Castro Chané 2	Xunta PBA Catálogo. Elementos (xuño 2026)	official_catalogue_seed	7048	-		-		-8.405006792983873	43.356053106777296	catalogue_point_wgs84	medium_official_name_or_type	generic_castro_hint	unknown_terrain_pending_visual_review			P2	positive_seed_requires_qgis_boundary_review	110.0	-8.40816959,43.35375343,-8.40184399,43.35835278				exclude_until_independent_label_review	0.00	2026-08-01T00:00:00Z
wl-pos-pos-es-pba-7049	pos-es-pba-7049	1	positive	exclude_probable_name_false_positive	name/type looks like modern or non-castro heritage item	excluded_review	excluded	ES|A Coruña|A Coruña	ES	Galicia	A Coruña	A Coruña	A Coruña	A Coruña	Edificio na rúa Castro Chané 6	Xunta PBA Catálogo. Elementos (xuño 2026)	official_catalogue_seed	7049	-		-		-8.405240540106387	43.35612635858059	catalogue_point_wgs84	medium_official_name_or_type	generic_castro_hint	unknown_terrain_pending_visual_review			P2	positive_seed_requires_qgis_boundary_review	110.0	-8.40840334,43.35382668,-8.40207774,43.35842604				exclude_until_independent_label_review	0.00	2026-08-01T00:00:00Z
wl-pos-pos-es-pba-7050	pos-es-pba-7050	1	positive	exclude_probable_name_false_positive	name/type looks like modern or non-castro heritage item	excluded_review	excluded	ES|A Coruña|A Coruña	ES	Galicia	A Coruña	A Coruña	A Coruña	A Coruña	Edificio na rúa Castro Chané 8	Xunta PBA Catálogo. Elementos (xuño 2026)	official_catalogue_seed	7050	-		-		-8.40535150788978	43.35613594009878	catalogue_point_wgs84	medium_official_name_or_type	generic_castro_hint	unknown_terrain_pending_visual_review			P2	positive_seed_requires_qgis_boundary_review	110.0	-8.40851431,43.35383626,-8.40218870,43.35843562				exclude_until_independent_label_review	0.00	2026-08-01T00:00:00Z
wl-pos-pos-es-pba-7450	pos-es-pba-7450	1	positive	exclude_probable_name_false_positive	name/type looks like modern or non-castro heritage item	excluded_review	excluded	ES|A Coruña|A Coruña	ES	Galicia	A Coruña	A Coruña	A Coruña	A Coruña	Casa de Rosalía de Castro	Xunta PBA Catálogo. Elementos (xuño 2026)	official_catalogue_seed	7450	-		-		-8.39295120648075	43.369595534137595	catalogue_point_wgs84	medium_official_name_or_type	generic_castro_hint	unknown_terrain_pending_visual_review			P2	positive_seed_requires_qgis_boundary_review	110.0	-8.39611471,43.36729586,-8.38978770,43.37189521				exclude_until_independent_label_review	0.00	2026-08-01T00:00:00Z
wl-pos-pos-es-pba-7652	pos-es-pba-7652	1	positive	exclude_probable_name_false_positive	name/type looks like modern or non-castro heritage item	excluded_review	excluded	ES|A Coruña|A Coruña	ES	Galicia	A Coruña	A Coruña	A Coruña	A Coruña	Edificio rúa Rosalía de Castro 6	Xunta PBA Catálogo. Elementos (xuño 2026)	official_catalogue_seed	7652	-		-		-8.40744123360544	43.36584462405814	catalogue_point_wgs84	medium_official_name_or_type	generic_castro_hint	unknown_terrain_pending_visual_review			P2	positive_seed_requires_qgis_boundary_review	110.0	-8.41060454,43.36354495,-8.40427792,43.36814430				exclude_until_independent_label_review	0.00	2026-08-01T00:00:00Z
wl-pos-pos-es-pba-7816	pos-es-pba-7816	1	positive	exclude_probable_name_false_positive	name/type looks like modern or non-castro heritage item	excluded_review	excluded	ES|A Coruña|A Coruña	ES	Galicia	A Coruña	A Coruña	A Coruña	A Coruña	Farois de fundición do Teatro Rosalía de Castro	Xunta PBA Catálogo. Elementos (xuño 2026)	official_catalogue_seed	7816	-		-		-8.39862089475319	43.37040887755544	catalogue_point_wgs84	medium_official_name_or_type	generic_castro_hint	unknown_terrain_pending_visual_review			P2	positive_seed_requires_qgis_boundary_review	110.0	-8.40178444,43.36810920,-8.39545735,43.37270855				exclude_until_independent_label_review	0.00	2026-08-01T00:00:00Z
wl-pos-pos-es-pba-7821	pos-es-pba-7821	1	positive	exclude_probable_name_false_positive	name/type looks like modern or non-castro heritage item	excluded_review	excluded	ES|A Coruña|A Coruña	ES	Galicia	A Coruña	A Coruña	Elviña (San Vicenzo)	Castro de Elviña, O	Hórreo no Castro de Elviña 1	Xunta PBA Catálogo. Elementos (xuño 2026)	official_catalogue_seed	7821	-		HOR		-8.411169499925373	43.33000791084765	catalogue_point_wgs84	medium_official_name_or_type	generic_castro_hint	unknown_terrain_pending_visual_review			P2	positive_seed_requires_qgis_boundary_review	110.0	-8.41433094,43.32770823,-8.40800806,43.33230759				exclude_until_independent_label_review	0.00	2026-08-01T00:00:00Z
wl-pos-pos-es-pba-7822	pos-es-pba-7822	1	positive	exclude_probable_name_false_positive	name/type looks like modern or non-castro heritage item	excluded_review	excluded	ES|A Coruña|A Coruña	ES	Galicia	A Coruña	A Coruña	Elviña (San Vicenzo)	Castro de Elviña, O	Hórreo no Castro de Elviña 2	Xunta PBA Catálogo. Elementos (xuño 2026)	official_catalogue_seed	7822	-		HOR		-8.411119727972357	43.33005267730097	catalogue_point_wgs84	medium_official_name_or_type	generic_castro_hint	unknown_terrain_pending_visual_review			P2	positive_seed_requires_qgis_boundary_review	110.0	-8.41428117,43.32775300,-8.40795828,43.33235235				exclude_until_independent_label_review	0.00	2026-08-01T00:00:00Z
wl-pos-pos-es-pba-7823	pos-es-pba-7823	1	positive	exclude_probable_name_false_positive	name/type looks like modern or non-castro heritage item	excluded_review	excluded	ES|A Coruña|A Coruña	ES	Galicia	A Coruña	A Coruña	Elviña (San Vicenzo)	Castro de Elviña, O	Hórreo no Castro de Elviña 3	Xunta PBA Catálogo. Elementos (xuño 2026)	official_catalogue_seed	7823	-		HOR		-8.409818312756084	43.32942465597413	catalogue_point_wgs84	medium_official_name_or_type	generic_castro_hint	unknown_terrain_pending_visual_review			P2	positive_seed_requires_qgis_boundary_review	110.0	-8.41297973,43.32712498,-8.40665690,43.33172433				exclude_until_independent_label_review	0.00	2026-08-01T00:00:00Z
wl-pos-pos-es-pba-7824	pos-es-pba-7824	1	positive	exclude_probable_name_false_positive	name/type looks like modern or non-castro heritage item	excluded_review	excluded	ES|A Coruña|A Coruña	ES	Galicia	A Coruña	A Coruña	Elviña (San Vicenzo)	Castro de Elviña, O	Hórreo no Castro de Elviña 4	Xunta PBA Catálogo. Elementos (xuño 2026)	official_catalogue_seed	7824	-		HOR		-8.408139035879145	43.32960507382151	catalogue_point_wgs84	medium_official_name_or_type	generic_castro_hint	unknown_terrain_pending_visual_review			P2	positive_seed_requires_qgis_boundary_review	110.0	-8.41130046,43.32730540,-8.40497761,43.33190475				exclude_until_independent_label_review	0.00	2026-08-01T00:00:00Z
wl-pos-pos-es-pba-7825	pos-es-pba-7825	1	positive	exclude_probable_name_false_positive	name/type looks like modern or non-castro heritage item	excluded_review	excluded	ES|A Coruña|A Coruña	ES	Galicia	A Coruña	A Coruña	Elviña (San Vicenzo)	Castro de Elviña, O	Hórreo no Castro de Elviña 5	Xunta PBA Catálogo. Elementos (xuño 2026)	official_catalogue_seed	7825	-		HOR		-8.40819475439565	43.328948030605055	catalogue_point_wgs84	medium_official_name_or_type	generic_castro_hint	unknown_terrain_pending_visual_review			P2	positive_seed_requires_qgis_boundary_review	110.0	-8.41135614,43.32664835,-8.40503337,43.33124771				exclude_until_independent_label_review	0.00	2026-08-01T00:00:00Z
wl-pos-pos-es-pba-7826	pos-es-pba-7826	1	positive	exclude_probable_name_false_positive	name/type looks like modern or non-castro heritage item	excluded_review	excluded	ES|A Coruña|A Coruña	ES	Galicia	A Coruña	A Coruña	Elviña (San Vicenzo)	Castro de Elviña, O	Hórreo no Castro de Elviña 6	Xunta PBA Catálogo. Elementos (xuño 2026)	official_catalogue_seed	7826	-		HOR		-8.410457455453399	43.3283834252983	catalogue_point_wgs84	medium_official_name_or_type	generic_castro_hint	unknown_terrain_pending_visual_review			P2	positive_seed_requires_qgis_boundary_review	110.0	-8.41361881,43.32608375,-8.40729610,43.33068310				exclude_until_independent_label_review	0.00	2026-08-01T00:00:00Z
wl-pos-pos-es-pba-7827	pos-es-pba-7827	1	positive	exclude_probable_name_false_positive	name/type looks like modern or non-castro heritage item	excluded_review	excluded	ES|A Coruña|A Coruña	ES	Galicia	A Coruña	A Coruña	Elviña (San Vicenzo)	Castro de Elviña, O	Hórreo no Castro de Elviña 7	Xunta PBA Catálogo. Elementos (xuño 2026)	official_catalogue_seed	7827	-		HOR		-8.411771889055787	43.327660824905145	catalogue_point_wgs84	medium_official_name_or_type	generic_castro_hint	unknown_terrain_pending_visual_review			P2	positive_seed_requires_qgis_boundary_review	110.0	-8.41493321,43.32536115,-8.40861057,43.32996050				exclude_until_independent_label_review	0.00	2026-08-01T00:00:00Z
wl-pos-pos-es-pba-7828	pos-es-pba-7828	1	positive	exclude_probable_name_false_positive	name/type looks like modern or non-castro heritage item	excluded_review	excluded	ES|A Coruña|A Coruña	ES	Galicia	A Coruña	A Coruña	Elviña (San Vicenzo)	Castro de Elviña, O	Hórreo no Castro de Elviña 8	Xunta PBA Catálogo. Elementos (xuño 2026)	official_catalogue_seed	7828	-		HOR		-8.411957677423583	43.32758073935819	catalogue_point_wgs84	medium_official_name_or_type	generic_castro_hint	unknown_terrain_pending_visual_review			P2	positive_seed_requires_qgis_boundary_review	110.0	-8.41511899,43.32528106,-8.40879636,43.32988042				exclude_until_independent_label_review	0.00	2026-08-01T00:00:00Z
wl-pos-pos-es-pba-7868	pos-es-pba-7868	1	positive	exclude_probable_name_false_positive	name/type looks like modern or non-castro heritage item	excluded_review	excluded	ES|A Coruña|A Coruña	ES	Galicia	A Coruña	A Coruña	A Coruña	A Coruña	Teatro Rosalía de Castro e Biblioteca da Deputación	Xunta PBA Catálogo. Elementos (xuño 2026)	official_catalogue_seed	7868	-		-		-8.39853609951467	43.37024635106206	catalogue_point_wgs84	medium_official_name_or_type	generic_castro_hint	unknown_terrain_pending_visual_review			P2	positive_seed_requires_qgis_boundary_review	110.0	-8.40169964,43.36794667,-8.39537256,43.37254603				exclude_until_independent_label_review	0.00	2026-08-01T00:00:00Z
wl-pos-pos-es-pba-7883	pos-es-pba-7883	1	positive	exclude_probable_name_false_positive	name/type looks like modern or non-castro heritage item	excluded_review	excluded	ES|A Coruña|A Coruña	ES	Galicia	A Coruña	A Coruña	Elviña (San Vicenzo)	Castro de Elviña, O	Fonte no Castro de Elviña 1	Xunta PBA Catálogo. Elementos (xuño 2026)	official_catalogue_seed	7883	-		-		-8.409770324290626	43.33055898045308	catalogue_point_wgs84	medium_official_name_or_type	generic_castro_hint	unknown_terrain_pending_visual_review			P2	positive_seed_requires_qgis_boundary_review	110.0	-8.41293180,43.32825930,-8.40660885,43.33285866				exclude_until_independent_label_review	0.00	2026-08-01T00:00:00Z
wl-pos-pos-es-pba-7884	pos-es-pba-7884	1	positive	exclude_probable_name_false_positive	name/type looks like modern or non-castro heritage item	excluded_review	excluded	ES|A Coruña|A Coruña	ES	Galicia	A Coruña	A Coruña	Elviña (San Vicenzo)	Castro de Elviña, O	Fonte no Castro de Elviña 2	Xunta PBA Catálogo. Elementos (xuño 2026)	official_catalogue_seed	7884	-		-		-8.410357826013415	43.3284819616915	catalogue_point_wgs84	medium_official_name_or_type	generic_castro_hint	unknown_terrain_pending_visual_review			P2	positive_seed_requires_qgis_boundary_review	110.0	-8.41351919,43.32618229,-8.40719646,43.33078164				exclude_until_independent_label_review	0.00	2026-08-01T00:00:00Z
wl-pos-pos-es-pba-7929	pos-es-pba-7929	1	positive	exclude_probable_name_false_positive	name/type looks like modern or non-castro heritage item	excluded_review	excluded	ES|A Coruña|A Coruña	ES	Galicia	A Coruña	A Coruña	Elviña (San Vicenzo)	Castro de Elviña, O	Lavadoiro en Castro de Elviña 1	Xunta PBA Catálogo. Elementos (xuño 2026)	official_catalogue_seed	7929	-		-		-8.40888635499935	43.33013120193399	catalogue_point_wgs84	medium_official_name_or_type	generic_castro_hint	unknown_terrain_pending_visual_review			P2	positive_seed_requires_qgis_boundary_review	110.0	-8.41204780,43.32783153,-8.40572491,43.33243088				exclude_until_independent_label_review	0.00	2026-08-01T00:00:00Z
wl-pos-pos-es-pba-7991	pos-es-pba-7991	1	positive	exclude_probable_name_false_positive	name/type looks like modern or non-castro heritage item	excluded_review	excluded	ES|A Coruña|A Coruña	ES	Galicia	A Coruña	A Coruña	Elviña (San Vicenzo)	Castro de Elviña, O	Lavadoiro no Castro de Elviña 2	Xunta PBA Catálogo. Elementos (xuño 2026)	official_catalogue_seed	7991	-		-		-8.409184269437874	43.328665000979356	catalogue_point_wgs84	medium_official_name_or_type	generic_castro_hint	unknown_terrain_pending_visual_review			P2	positive_seed_requires_qgis_boundary_review	110.0	-8.41234564,43.32636532,-8.40602290,43.33096468				exclude_until_independent_label_review	0.00	2026-08-01T00:00:00Z
wl-pos-pos-es-pba-7992	pos-es-pba-7992	1	positive	exclude_probable_name_false_positive	name/type looks like modern or non-castro heritage item	excluded_review	excluded	ES|A Coruña|A Coruña	ES	Galicia	A Coruña	A Coruña	Elviña (San Vicenzo)	Castro de Elviña, O	Lavadoiro no Castro de Elviña 3	Xunta PBA Catálogo. Elementos (xuño 2026)	official_catalogue_seed	7992	-		-		-8.412564287682459	43.32734973837851	catalogue_point_wgs84	medium_official_name_or_type	generic_castro_hint	unknown_terrain_pending_visual_review			P2	positive_seed_requires_qgis_boundary_review	110.0	-8.41572559,43.32505006,-8.40940298,43.32964941				exclude_until_independent_label_review	0.00	2026-08-01T00:00:00Z
wl-pos-pos-es-pba-7993	pos-es-pba-7993	1	positive	exclude_probable_name_false_positive	name/type looks like modern or non-castro heritage item	excluded_review	excluded	ES|A Coruña|A Coruña	ES	Galicia	A Coruña	A Coruña	Elviña (San Vicenzo)	Castro de Elviña, O	Lavadoiro no Castro de Elviña 4	Xunta PBA Catálogo. Elementos (xuño 2026)	official_catalogue_seed	7993	-		-		-8.412454509069274	43.32850175613946	catalogue_point_wgs84	medium_official_name_or_type	generic_castro_hint	unknown_terrain_pending_visual_review			P2	positive_seed_requires_qgis_boundary_review	110.0	-8.41561587,43.32620208,-8.40929314,43.33080143				exclude_until_independent_label_review	0.00	2026-08-01T00:00:00Z
wl-pos-pos-es-pba-8060	pos-es-pba-8060	1	positive	exclude_ambiguous_positive_seed	positive seed too ambiguous for weak-label training	excluded_review	excluded	ES|A Coruña|A Coruña	ES	Galicia	A Coruña	A Coruña	Oza (Santa María)	Corgo, O	O Castrillón	Xunta PBA Catálogo. Elementos (xuño 2026)	official_catalogue_seed	8060	GA15030022		-		-8.399233888175992	43.349253605689846	catalogue_point_wgs84	medium_official_name_or_type	castrel_toponym_hint	unknown_terrain_pending_visual_review			P1	positive_seed_requires_qgis_boundary_review	100.0	-8.40239633,43.34695393,-8.39607144,43.35155328				exclude_until_independent_label_review	0.00	2026-08-01T00:00:00Z
wl-pos-pos-es-pba-8174	pos-es-pba-8174	1	positive	exclude_probable_name_false_positive	name/type looks like modern or non-castro heritage item	excluded_review	excluded	ES|A Coruña|A Coruña	ES	Galicia	A Coruña	A Coruña	A Coruña	A Coruña	Edificio na rúa Rosalía de Castro 14	Xunta PBA Catálogo. Elementos (xuño 2026)	official_catalogue_seed	8174	-		-		-8.407660576937904	43.36613390380334	catalogue_point_wgs84	medium_official_name_or_type	generic_castro_hint	unknown_terrain_pending_visual_review			P2	positive_seed_requires_qgis_boundary_review	110.0	-8.41082390,43.36383423,-8.40449725,43.36843358				exclude_until_independent_label_review	0.00	2026-08-01T00:00:00Z
wl-pos-pos-es-pba-8175	pos-es-pba-8175	1	positive	exclude_probable_name_false_positive	name/type looks like modern or non-castro heritage item	excluded_review	excluded	ES|A Coruña|A Coruña	ES	Galicia	A Coruña	A Coruña	A Coruña	A Coruña	Edificio na rúa Rosalía de Castro 5	Xunta PBA Catálogo. Elementos (xuño 2026)	official_catalogue_seed	8175	-		-		-8.407530954109143	43.3655029184706	catalogue_point_wgs84	medium_official_name_or_type	generic_castro_hint	unknown_terrain_pending_visual_review			P2	positive_seed_requires_qgis_boundary_review	110.0	-8.41069425,43.36320324,-8.40436766,43.36780260				exclude_until_independent_label_review	0.00	2026-08-01T00:00:00Z
wl-pos-pos-es-pba-8176	pos-es-pba-8176	1	positive	exclude_probable_name_false_positive	name/type looks like modern or non-castro heritage item	excluded_review	excluded	ES|A Coruña|A Coruña	ES	Galicia	A Coruña	A Coruña	A Coruña	A Coruña	Edificio na rúa Rosalía de Castro 7	Xunta PBA Catálogo. Elementos (xuño 2026)	official_catalogue_seed	8176	-		-		-8.40759204789564	43.36556626633968	catalogue_point_wgs84	medium_official_name_or_type	generic_castro_hint	unknown_terrain_pending_visual_review			P2	positive_seed_requires_qgis_boundary_review	110.0	-8.41075534,43.36326659,-8.40442875,43.36786594				exclude_until_independent_label_review	0.00	2026-08-01T00:00:00Z
wl-pos-pos-es-pba-8177	pos-es-pba-8177	1	positive	exclude_probable_name_false_positive	name/type looks like modern or non-castro heritage item	excluded_review	excluded	ES|A Coruña|A Coruña	ES	Galicia	A Coruña	A Coruña	A Coruña	A Coruña	Edificio na rúa Rosalía de Castro 9-11	Xunta PBA Catálogo. Elementos (xuño 2026)	official_catalogue_seed	8177	-		-		-8.407677561887716	43.36565675410782	catalogue_point_wgs84	medium_official_name_or_type	generic_castro_hint	unknown_terrain_pending_visual_review			P2	positive_seed_requires_qgis_boundary_review	110.0	-8.41084086,43.36335708,-8.40451426,43.36795643				exclude_until_independent_label_review	0.00	2026-08-01T00:00:00Z
wl-pos-pos-es-pba-8653	pos-es-pba-8653	1	positive	exclude_probable_name_false_positive	name/type looks like modern or non-castro heritage item	excluded_review	excluded	ES|A Coruña|A Coruña	ES	Galicia	A Coruña	A Coruña	A Coruña	A Coruña	Edificio na rúa Rosalía de Castro 1-3	Xunta PBA Catálogo. Elementos (xuño 2026)	official_catalogue_seed	8653	-		-		-8.407347235220586	43.365357894821926	catalogue_point_wgs84	medium_official_name_or_type	generic_castro_hint	unknown_terrain_pending_visual_review			P2	positive_seed_requires_qgis_boundary_review	110.0	-8.41051052,43.36305822,-8.40418395,43.36765757				exclude_until_independent_label_review	0.00	2026-08-01T00:00:00Z
wl-pos-pos-es-pba-513	pos-es-pba-513	1	positive	exclude_probable_name_false_positive	name/type looks like modern or non-castro heritage item	excluded_review	excluded	ES|A Coruña|Abegondo	ES	Galicia	A Coruña	Abegondo	Crendes (San Pedro)	Castro, O	Hórreo no Castro	Xunta PBA Catálogo. Elementos (xuño 2026)	official_catalogue_seed	513	-		-		-8.275509940449007	43.26778182068732	catalogue_point_wgs84	medium_official_name_or_type	generic_castro_hint	unknown_terrain_pending_visual_review			P2	positive_seed_requires_qgis_boundary_review	110.0	-8.27866815,43.26548214,-8.27235173,43.27008150				exclude_until_independent_label_review	0.00	2026-08-01T00:00:00Z
wl-pos-pos-es-pba-514	pos-es-pba-514	1	positive	exclude_probable_name_false_positive	name/type looks like modern or non-castro heritage item	excluded_review	excluded	ES|A Coruña|Abegondo	ES	Galicia	A Coruña	Abegondo	Crendes (San Pedro)	Castro, O	Hórreo no Castro	Xunta PBA Catálogo. Elementos (xuño 2026)	official_catalogue_seed	514	-		-		-8.274958717166072	43.2685437209538	catalogue_point_wgs84	medium_official_name_or_type	generic_castro_hint	unknown_terrain_pending_visual_review			P2	positive_seed_requires_qgis_boundary_review	110.0	-8.27811697,43.26624404,-8.27180047,43.27084340				exclude_until_independent_label_review	0.00	2026-08-01T00:00:00Z
wl-pos-pos-es-pba-515	pos-es-pba-515	1	positive	exclude_probable_name_false_positive	name/type looks like modern or non-castro heritage item	excluded_review	excluded	ES|A Coruña|Abegondo	ES	Galicia	A Coruña	Abegondo	Crendes (San Pedro)	Castro, O	Hórreo no Castro	Xunta PBA Catálogo. Elementos (xuño 2026)	official_catalogue_seed	515	-		-		-8.274071248775119	43.26856510612649	catalogue_point_wgs84	medium_official_name_or_type	generic_castro_hint	unknown_terrain_pending_visual_review			P2	positive_seed_requires_qgis_boundary_review	110.0	-8.27722950,43.26626543,-8.27091300,43.27086478				exclude_until_independent_label_review	0.00	2026-08-01T00:00:00Z
wl-pos-pos-es-pba-534	pos-es-pba-534	1	positive	exclude_probable_name_false_positive	name/type looks like modern or non-castro heritage item	excluded_review	excluded	ES|A Coruña|Abegondo	ES	Galicia	A Coruña	Abegondo	Crendes (San Pedro)	Castro, O	Hórreo no Castro	Xunta PBA Catálogo. Elementos (xuño 2026)	official_catalogue_seed	534	-		-		-8.277811264251945	43.268030493634896	catalogue_point_wgs84	medium_official_name_or_type	generic_castro_hint	unknown_terrain_pending_visual_review			P2	positive_seed_requires_qgis_boundary_review	110.0	-8.28096949,43.26573082,-8.27465304,43.27033017				exclude_until_independent_label_review	0.00	2026-08-01T00:00:00Z
wl-pos-pos-es-pba-535	pos-es-pba-535	1	positive	exclude_probable_name_false_positive	name/type looks like modern or non-castro heritage item	excluded_review	excluded	ES|A Coruña|Abegondo	ES	Galicia	A Coruña	Abegondo	Meangos (Santiago)	Castro, O	Hórreo no Castro	Xunta PBA Catálogo. Elementos (xuño 2026)	official_catalogue_seed	535	-		-		-8.256199123164992	43.22845163098759	catalogue_point_wgs84	medium_official_name_or_type	generic_castro_hint	unknown_terrain_pending_visual_review			P2	positive_seed_requires_qgis_boundary_review	110.0	-8.25935529,43.22615195,-8.25304295,43.23075131				exclude_until_independent_label_review	0.00	2026-08-01T00:00:00Z
wl-pos-pos-es-pba-2050	pos-es-pba-2050	1	positive	exclude_probable_name_false_positive	name/type looks like modern or non-castro heritage item	excluded_review	excluded	ES|A Coruña|Aranga	ES	Galicia	A Coruña	Aranga	Cambás (San Pedro)	Foxo, O	Mámoa de Monte da Pedreira/Monte do Castro	Xunta PBA Catálogo. Elementos (xuño 2026)	official_catalogue_seed	2050	GA15003130		-		-7.989895410597749	43.26746435232112	catalogue_point_wgs84	medium_official_name_or_type	hilltop_hint	hilltop_or_ridge_proxy			P1	positive_seed_requires_qgis_boundary_review	120.0	-7.99305360,43.26516468,-7.98673722,43.26976403				exclude_until_independent_label_review	0.00	2026-08-01T00:00:00Z
wl-pos-pos-es-pba-1895	pos-es-pba-1895	1	positive	exclude_probable_name_false_positive	name/type looks like modern or non-castro heritage item	excluded_review	excluded	ES|A Coruña|Ares	ES	Galicia	A Coruña	Ares	Ares (San Xosé)	Parque Rosalía	Conxunto de arboredo Rosalía de Castro	Xunta PBA Catálogo. Elementos (xuño 2026)	official_catalogue_seed	1895	-	Equipamento	-		-8.239708752324622	43.430296656369094	catalogue_point_wgs84	medium_official_name_or_type	generic_castro_hint	unknown_terrain_pending_visual_review			P2	positive_seed_requires_qgis_boundary_review	110.0	-8.24287543,43.42799698,-8.23654208,43.43259633				exclude_until_independent_label_review	0.00	2026-08-01T00:00:00Z
wl-pos-pos-es-pba-1069	pos-es-pba-1069	1	positive	exclude_probable_name_false_positive	name/type looks like modern or non-castro heritage item	excluded_review	excluded	ES|A Coruña|Arzúa	ES	Galicia	A Coruña	Arzúa	Lema (San Pedro)	Pastoriza a Vella	Hórreo da Casa de Castro	Xunta PBA Catálogo. Elementos (xuño 2026)	official_catalogue_seed	1069	-		HOR		-8.175674875077068	42.91141293372764	catalogue_point_wgs84	medium_official_name_or_type	generic_castro_hint	unknown_terrain_pending_visual_review			P2	positive_seed_requires_qgis_boundary_review	110.0	-8.17881476,42.90911326,-8.17253499,42.91371261				exclude_until_independent_label_review	0.00	2026-08-01T00:00:00Z
wl-pos-pos-es-pba-1293	pos-es-pba-1293	1	positive	exclude_probable_name_false_positive	name/type looks like modern or non-castro heritage item	excluded_review	excluded	ES|A Coruña|Arzúa	ES	Galicia	A Coruña	Arzúa	Lema (San Pedro)	Carballos Altos	Mámoa da Finca de Castro 1	Xunta PBA Catálogo. Elementos (xuño 2026)	official_catalogue_seed	1293	GA15006022		-		-8.168946565684776	42.914582374375236	catalogue_point_wgs84	medium_official_name_or_type	generic_castro_hint	unknown_terrain_pending_visual_review			P2	positive_seed_requires_qgis_boundary_review	110.0	-8.17208661,42.91228270,-8.16580652,42.91688205				exclude_until_independent_label_review	0.00	2026-08-01T00:00:00Z
wl-pos-pos-es-pba-1323	pos-es-pba-1323	1	positive	exclude_probable_name_false_positive	name/type looks like modern or non-castro heritage item	excluded_review	excluded	ES|A Coruña|Arzúa	ES	Galicia	A Coruña	Arzúa	Lema (San Pedro)	Carballos Altos	Mámoa da Finca de Castro 2	Xunta PBA Catálogo. Elementos (xuño 2026)	official_catalogue_seed	1323	GA15006055		-		-8.169123882092851	42.91485350187288	catalogue_point_wgs84	medium_official_name_or_type	generic_castro_hint	unknown_terrain_pending_visual_review			P2	positive_seed_requires_qgis_boundary_review	110.0	-8.17226395,42.91255383,-8.16598382,42.91715318				exclude_until_independent_label_review	0.00	2026-08-01T00:00:00Z
wl-pos-pos-es-pba-1324	pos-es-pba-1324	1	positive	exclude_probable_name_false_positive	name/type looks like modern or non-castro heritage item	excluded_review	excluded	ES|A Coruña|Arzúa	ES	Galicia	A Coruña	Arzúa	Lema (San Pedro)	Carballos Altos	Mámoa da Finca de Castro 3	Xunta PBA Catálogo. Elementos (xuño 2026)	official_catalogue_seed	1324	GA15006056		-		-8.16933506275968	42.91405319925232	catalogue_point_wgs84	medium_official_name_or_type	generic_castro_hint	unknown_terrain_pending_visual_review			P2	positive_seed_requires_qgis_boundary_review	110.0	-8.17247508,42.91175352,-8.16619504,42.91635288				exclude_until_independent_label_review	0.00	2026-08-01T00:00:00Z
wl-pos-pos-es-pba-19642	pos-es-pba-19642	1	positive	exclude_probable_name_false_positive	name/type looks like modern or non-castro heritage item	excluded_review	excluded	ES|A Coruña|As Pontes de García Rodríguez	ES	Galicia	A Coruña	As Pontes de García Rodríguez	Goente (San Martiño)	Castro, O	Mámoa do Pico Castro 1	Xunta PBA Catálogo. Elementos (xuño 2026)	official_catalogue_seed	19642	GA15070119		-		-7.977231964220863	43.46511012750114	catalogue_point_wgs84	medium_official_name_or_type	hilltop_hint	hilltop_or_ridge_proxy			P1	positive_seed_requires_qgis_boundary_review	120.0	-7.98040046,43.46281045,-7.97406346,43.46740980				exclude_until_independent_label_review	0.00	2026-08-01T00:00:00Z
wl-pos-pos-es-pba-19643	pos-es-pba-19643	1	positive	exclude_probable_name_false_positive	name/type looks like modern or non-castro heritage item	excluded_review	excluded	ES|A Coruña|As Pontes de García Rodríguez	ES	Galicia	A Coruña	As Pontes de García Rodríguez	Seoane (San Xoán)	Castro, O	Mámoa do Pico Castro 1	Xunta PBA Catálogo. Elementos (xuño 2026)	official_catalogue_seed	19643	GA15070120		-		-7.976555141146419	43.4644359547966	catalogue_point_wgs84	medium_official_name_or_type	hilltop_hint	hilltop_or_ridge_proxy			P1	positive_seed_requires_qgis_boundary_review	120.0	-7.97972361,43.46213628,-7.97338668,43.46673563				exclude_until_independent_label_review	0.00	2026-08-01T00:00:00Z
wl-pos-pos-es-pba-19644	pos-es-pba-19644	1	positive	exclude_probable_name_false_positive	name/type looks like modern or non-castro heritage item	excluded_review	excluded	ES|A Coruña|As Pontes de García Rodríguez	ES	Galicia	A Coruña	As Pontes de García Rodríguez	Goente (San Martiño)	Castro, O	Mámoa do Pico Castro 2	Xunta PBA Catálogo. Elementos (xuño 2026)	official_catalogue_seed	19644	GA15070121		-		-7.976851874521405	43.46443793516135	catalogue_point_wgs84	medium_official_name_or_type	hilltop_hint	hilltop_or_ridge_proxy			P1	positive_seed_requires_qgis_boundary_review	120.0	-7.98002034,43.46213826,-7.97368341,43.46673761				exclude_until_independent_label_review	0.00	2026-08-01T00:00:00Z
wl-pos-pos-es-pba-2751	pos-es-pba-2751	1	positive	exclude_probable_name_false_positive	name/type looks like modern or non-castro heritage item	excluded_review	excluded	ES|A Coruña|Betanzos	ES	Galicia	A Coruña	Betanzos	Betanzos	Betanzos	Edificio na rúa do Castro 1	Xunta PBA Catálogo. Elementos (xuño 2026)	official_catalogue_seed	2751	-		-		-8.21091877969874	43.280969442959154	catalogue_point_wgs84	medium_official_name_or_type	generic_castro_hint	unknown_terrain_pending_visual_review			P2	positive_seed_requires_qgis_boundary_review	110.0	-8.21407767,43.27866977,-8.20775989,43.28326912				exclude_until_independent_label_review	0.00	2026-08-01T00:00:00Z
wl-pos-pos-es-pba-2752	pos-es-pba-2752	1	positive	exclude_probable_name_false_positive	name/type looks like modern or non-castro heritage item	excluded_review	excluded	ES|A Coruña|Betanzos	ES	Galicia	A Coruña	Betanzos	Betanzos	Betanzos	Edificio na rúa do Castro 10	Xunta PBA Catálogo. Elementos (xuño 2026)	official_catalogue_seed	2752	-		-		-8.210703120068198	43.280490711500384	catalogue_point_wgs84	medium_official_name_or_type	generic_castro_hint	unknown_terrain_pending_visual_review			P2	positive_seed_requires_qgis_boundary_review	110.0	-8.21386199,43.27819103,-8.20754425,43.28279039				exclude_until_independent_label_review	0.00	2026-08-01T00:00:00Z
wl-pos-pos-es-pba-2753	pos-es-pba-2753	1	positive	exclude_probable_name_false_positive	name/type looks like modern or non-castro heritage item	excluded_review	excluded	ES|A Coruña|Betanzos	ES	Galicia	A Coruña	Betanzos	Betanzos	Betanzos	Edificio na rúa do Castro 11	Xunta PBA Catálogo. Elementos (xuño 2026)	official_catalogue_seed	2753	-		-		-8.210601852840783	43.280697118334345	catalogue_point_wgs84	medium_official_name_or_type	generic_castro_hint	unknown_terrain_pending_visual_review			P2	positive_seed_requires_qgis_boundary_review	110.0	-8.21376073,43.27839744,-8.20744297,43.28299679				exclude_until_independent_label_review	0.00	2026-08-01T00:00:00Z
wl-pos-pos-es-pba-2783	pos-es-pba-2783	1	positive	exclude_probable_name_false_positive	name/type looks like modern or non-castro heritage item	excluded_review	excluded	ES|A Coruña|Betanzos	ES	Galicia	A Coruña	Betanzos	Betanzos	Betanzos	Edificio na rúa do Castro 12	Xunta PBA Catálogo. Elementos (xuño 2026)	official_catalogue_seed	2783	-		-		-8.210653825186318	43.28049037133	catalogue_point_wgs84	medium_official_name_or_type	generic_castro_hint	unknown_terrain_pending_visual_review			P2	positive_seed_requires_qgis_boundary_review	110.0	-8.21381269,43.27819069,-8.20749496,43.28279005				exclude_until_independent_label_review	0.00	2026-08-01T00:00:00Z
wl-pos-pos-es-pba-2784	pos-es-pba-2784	1	positive	exclude_probable_name_false_positive	name/type looks like modern or non-castro heritage item	excluded_review	excluded	ES|A Coruña|Betanzos	ES	Galicia	A Coruña	Betanzos	Betanzos	Betanzos	Edificio na rúa do Castro 13	Xunta PBA Catálogo. Elementos (xuño 2026)	official_catalogue_seed	2784	-		-		-8.210540583295142	43.28066968168935	catalogue_point_wgs84	medium_official_name_or_type	generic_castro_hint	unknown_terrain_pending_visual_review			P2	positive_seed_requires_qgis_boundary_review	110.0	-8.21369946,43.27837001,-8.20738170,43.28296936				exclude_until_independent_label_review	0.00	2026-08-01T00:00:00Z
wl-pos-pos-es-pba-2785	pos-es-pba-2785	1	positive	exclude_probable_name_false_positive	name/type looks like modern or non-castro heritage item	excluded_review	excluded	ES|A Coruña|Betanzos	ES	Galicia	A Coruña	Betanzos	Betanzos	Betanzos	Edificio na rúa do Castro 14	Xunta PBA Catálogo. Elementos (xuño 2026)	official_catalogue_seed	2785	-		-		-8.210592672235547	43.28045393092198	catalogue_point_wgs84	medium_official_name_or_type	generic_castro_hint	unknown_terrain_pending_visual_review			P2	positive_seed_requires_qgis_boundary_review	110.0	-8.21375154,43.27815425,-8.20743380,43.28275361				exclude_until_independent_label_review	0.00	2026-08-01T00:00:00Z
wl-pos-pos-es-pba-2786	pos-es-pba-2786	1	positive	exclude_probable_name_false_positive	name/type looks like modern or non-castro heritage item	excluded_review	excluded	ES|A Coruña|Betanzos	ES	Galicia	A Coruña	Betanzos	Betanzos	Betanzos	Edificio na rúa do Castro 15	Xunta PBA Catálogo. Elementos (xuño 2026)	official_catalogue_seed	2786	-		-		-8.210504194158526	43.280624407556026	catalogue_point_wgs84	medium_official_name_or_type	generic_castro_hint	unknown_terrain_pending_visual_review			P2	positive_seed_requires_qgis_boundary_review	110.0	-8.21366307,43.27832473,-8.20734532,43.28292408				exclude_until_independent_label_review	0.00	2026-08-01T00:00:00Z
wl-pos-pos-es-pba-2787	pos-es-pba-2787	1	positive	exclude_probable_name_false_positive	name/type looks like modern or non-castro heritage item	excluded_review	excluded	ES|A Coruña|Betanzos	ES	Galicia	A Coruña	Betanzos	Betanzos	Betanzos	Edificio na rúa do Castro 16-Nova 2	Xunta PBA Catálogo. Elementos (xuño 2026)	official_catalogue_seed	2787	-		-		-8.210556399603954	43.280399653012914	catalogue_point_wgs84	medium_official_name_or_type	generic_castro_hint	unknown_terrain_pending_visual_review			P2	positive_seed_requires_qgis_boundary_review	110.0	-8.21371526,43.27809998,-8.20739753,43.28269933				exclude_until_independent_label_review	0.00	2026-08-01T00:00:00Z
wl-pos-pos-es-pba-2788	pos-es-pba-2788	1	positive	exclude_probable_name_false_positive	name/type looks like modern or non-castro heritage item	excluded_review	excluded	ES|A Coruña|Betanzos	ES	Galicia	A Coruña	Betanzos	Betanzos	Betanzos	Edificio na rúa do Castro 17	Xunta PBA Catálogo. Elementos (xuño 2026)	official_catalogue_seed	2788	-		-		-8.210467572212638	43.2805971409929	catalogue_point_wgs84	medium_official_name_or_type	generic_castro_hint	unknown_terrain_pending_visual_review			P2	positive_seed_requires_qgis_boundary_review	110.0	-8.21362645,43.27829746,-8.20730870,43.28289682				exclude_until_independent_label_review	0.00	2026-08-01T00:00:00Z
wl-pos-pos-es-pba-2789	pos-es-pba-2789	1	positive	exclude_probable_name_false_positive	name/type looks like modern or non-castro heritage item	excluded_review	excluded	ES|A Coruña|Betanzos	ES	Galicia	A Coruña	Betanzos	Betanzos	Betanzos	Edificio na rúa do Castro 19	Xunta PBA Catálogo. Elementos (xuño 2026)	official_catalogue_seed	2789	-		-		-8.210406419268478	43.280560700486014	catalogue_point_wgs84	medium_official_name_or_type	generic_castro_hint	unknown_terrain_pending_visual_review			P2	positive_seed_requires_qgis_boundary_review	110.0	-8.21356529,43.27826102,-8.20724755,43.28286038				exclude_until_independent_label_review	0.00	2026-08-01T00:00:00Z
wl-pos-pos-es-pba-2790	pos-es-pba-2790	1	positive	exclude_probable_name_false_positive	name/type looks like modern or non-castro heritage item	excluded_review	excluded	ES|A Coruña|Betanzos	ES	Galicia	A Coruña	Betanzos	Betanzos	Betanzos	Edificio na rúa do Castro 21	Xunta PBA Catálogo. Elementos (xuño 2026)	official_catalogue_seed	2790	-		-		-8.210394561303053	43.2805246002503	catalogue_point_wgs84	medium_official_name_or_type	generic_castro_hint	unknown_terrain_pending_visual_review			P2	positive_seed_requires_qgis_boundary_review	110.0	-8.21355343,43.27822492,-8.20723569,43.28282428				exclude_until_independent_label_review	0.00	2026-08-01T00:00:00Z
wl-pos-pos-es-pba-2791	pos-es-pba-2791	1	positive	exclude_probable_name_false_positive	name/type looks like modern or non-castro heritage item	excluded_review	excluded	ES|A Coruña|Betanzos	ES	Galicia	A Coruña	Betanzos	Betanzos	Betanzos	Edificio na rúa do Castro 25	Xunta PBA Catálogo. Elementos (xuño 2026)	official_catalogue_seed	2791	-		-		-8.210309343309016	43.28044297058917	catalogue_point_wgs84	medium_official_name_or_type	generic_castro_hint	unknown_terrain_pending_visual_review			P2	positive_seed_requires_qgis_boundary_review	110.0	-8.21346821,43.27814329,-8.20715048,43.28274265				exclude_until_independent_label_review	0.00	2026-08-01T00:00:00Z
wl-pos-pos-es-pba-2792	pos-es-pba-2792	1	positive	exclude_probable_name_false_positive	name/type looks like modern or non-castro heritage item	excluded_review	excluded	ES|A Coruña|Betanzos	ES	Galicia	A Coruña	Betanzos	Betanzos	Betanzos	Edificio na rúa do Castro 3	Xunta PBA Catálogo. Elementos (xuño 2026)	official_catalogue_seed	2792	-		-		-8.210808098105922	43.28095067016633	catalogue_point_wgs84	medium_official_name_or_type	generic_castro_hint	unknown_terrain_pending_visual_review			P2	positive_seed_requires_qgis_boundary_review	110.0	-8.21396699,43.27865099,-8.20764920,43.28325035				exclude_until_independent_label_review	0.00	2026-08-01T00:00:00Z
wl-pos-pos-es-pba-2822	pos-es-pba-2822	1	positive	exclude_probable_name_false_positive	name/type looks like modern or non-castro heritage item	excluded_review	excluded	ES|A Coruña|Betanzos	ES	Galicia	A Coruña	Betanzos	Betanzos	Betanzos	Edificio na rúa do Castro 5	Xunta PBA Catálogo. Elementos (xuño 2026)	official_catalogue_seed	2822	-		-		-8.210759733969768	43.28087829971064	catalogue_point_wgs84	medium_official_name_or_type	generic_castro_hint	unknown_terrain_pending_visual_review			P2	positive_seed_requires_qgis_boundary_review	110.0	-8.21391862,43.27857862,-8.20760084,43.28317798				exclude_until_independent_label_review	0.00	2026-08-01T00:00:00Z
wl-pos-pos-es-pba-2823	pos-es-pba-2823	1	positive	exclude_probable_name_false_positive	name/type looks like modern or non-castro heritage item	excluded_review	excluded	ES|A Coruña|Betanzos	ES	Galicia	A Coruña	Betanzos	Betanzos	Betanzos	Edificio na rúa do Castro 8	Xunta PBA Catálogo. Elementos (xuño 2026)	official_catalogue_seed	2823	-		-		-8.210812520611093	43.28060852609756	catalogue_point_wgs84	medium_official_name_or_type	generic_castro_hint	unknown_terrain_pending_visual_review			P2	positive_seed_requires_qgis_boundary_review	110.0	-8.21397140,43.27830885,-8.20765365,43.28290820				exclude_until_independent_label_review	0.00	2026-08-01T00:00:00Z
wl-pos-pos-es-pba-2824	pos-es-pba-2824	1	positive	exclude_probable_name_false_positive	name/type looks like modern or non-castro heritage item	excluded_review	excluded	ES|A Coruña|Betanzos	ES	Galicia	A Coruña	Betanzos	Betanzos	Betanzos	Edificio na rúa do Castro 9	Xunta PBA Catálogo. Elementos (xuño 2026)	official_catalogue_seed	2824	-		-		-8.210638242092822	43.280742392436906	catalogue_point_wgs84	medium_official_name_or_type	generic_castro_hint	unknown_terrain_pending_visual_review			P2	positive_seed_requires_qgis_boundary_review	110.0	-8.21379712,43.27844272,-8.20747936,43.28304207				exclude_until_independent_label_review	0.00	2026-08-01T00:00:00Z
wl-pos-pos-es-pba-2877	pos-es-pba-2877	1	positive	exclude_probable_name_false_positive	name/type looks like modern or non-castro heritage item	excluded_review	excluded	ES|A Coruña|Betanzos	ES	Galicia	A Coruña	Betanzos	Betanzos	Betanzos	Edificio nos de Castro de Unta	Xunta PBA Catálogo. Elementos (xuño 2026)	official_catalogue_seed	2877	-		-		-8.20877949778587	43.27961298021841	catalogue_point_wgs84	medium_official_name_or_type	generic_castro_hint	unknown_terrain_pending_visual_review			P2	positive_seed_requires_qgis_boundary_review	110.0	-8.21193832,43.27731330,-8.20562067,43.28191266				exclude_until_independent_label_review	0.00	2026-08-01T00:00:00Z
wl-pos-pos-es-pba-2878	pos-es-pba-2878	1	positive	exclude_probable_name_false_positive	name/type looks like modern or non-castro heritage item	excluded_review	excluded	ES|A Coruña|Betanzos	ES	Galicia	A Coruña	Betanzos	Betanzos	Betanzos	Edificio nos de Castro de Unta	Xunta PBA Catálogo. Elementos (xuño 2026)	official_catalogue_seed	2878	-		-		-8.208791121274974	43.27966708819576	catalogue_point_wgs84	medium_official_name_or_type	generic_castro_hint	unknown_terrain_pending_visual_review			P2	positive_seed_requires_qgis_boundary_review	110.0	-8.21194995,43.27736741,-8.20563229,43.28196676				exclude_until_independent_label_review	0.00	2026-08-01T00:00:00Z
wl-pos-pos-es-pba-2879	pos-es-pba-2879	1	positive	exclude_probable_name_false_positive	name/type looks like modern or non-castro heritage item	excluded_review	excluded	ES|A Coruña|Betanzos	ES	Galicia	A Coruña	Betanzos	Betanzos	Betanzos	Edificio nos de Castro de Unta 23	Xunta PBA Catálogo. Elementos (xuño 2026)	official_catalogue_seed	2879	-		-		-8.20885238902118	43.279694525768655	catalogue_point_wgs84	medium_official_name_or_type	generic_castro_hint	unknown_terrain_pending_visual_review			P2	positive_seed_requires_qgis_boundary_review	110.0	-8.21201122,43.27739485,-8.20569356,43.28199420				exclude_until_independent_label_review	0.00	2026-08-01T00:00:00Z
wl-pos-pos-es-pba-2880	pos-es-pba-2880	1	positive	exclude_probable_name_false_positive	name/type looks like modern or non-castro heritage item	excluded_review	excluded	ES|A Coruña|Betanzos	ES	Galicia	A Coruña	Betanzos	Betanzos	Betanzos	Edificio nos de Castro de Unta 35	Xunta PBA Catálogo. Elementos (xuño 2026)	official_catalogue_seed	2880	-		-		-8.208901333262673	43.27972187807685	catalogue_point_wgs84	medium_official_name_or_type	generic_castro_hint	unknown_terrain_pending_visual_review			P2	positive_seed_requires_qgis_boundary_review	110.0	-8.21206016,43.27742220,-8.20574250,43.28202155				exclude_until_independent_label_review	0.00	2026-08-01T00:00:00Z
wl-pos-pos-es-pba-2910	pos-es-pba-2910	1	positive	exclude_probable_name_false_positive	name/type looks like modern or non-castro heritage item	excluded_review	excluded	ES|A Coruña|Betanzos	ES	Galicia	A Coruña	Betanzos	Betanzos	Betanzos	Edificio nos de Castro de Unta 36	Xunta PBA Catálogo. Elementos (xuño 2026)	official_catalogue_seed	2910	-		-		-8.208937953982462	43.27974914513603	catalogue_point_wgs84	medium_official_name_or_type	generic_castro_hint	unknown_terrain_pending_visual_review			P2	positive_seed_requires_qgis_boundary_review	110.0	-8.21209678,43.27744947,-8.20577912,43.28204882				exclude_until_independent_label_review	0.00	2026-08-01T00:00:00Z
wl-pos-pos-es-pba-2911	pos-es-pba-2911	1	positive	exclude_probable_name_false_positive	name/type looks like modern or non-castro heritage item	excluded_review	excluded	ES|A Coruña|Betanzos	ES	Galicia	A Coruña	Betanzos	Betanzos	Betanzos	Edificio nos de Castro de Unta 37	Xunta PBA Catálogo. Elementos (xuño 2026)	official_catalogue_seed	2911	-		-		-8.208999221877606	43.27977658263105	catalogue_point_wgs84	medium_official_name_or_type	generic_castro_hint	unknown_terrain_pending_visual_review			P2	positive_seed_requires_qgis_boundary_review	110.0	-8.21215805,43.27747691,-8.20584039,43.28207626				exclude_until_independent_label_review	0.00	2026-08-01T00:00:00Z
wl-pos-pos-es-pba-2912	pos-es-pba-2912	1	positive	exclude_probable_name_false_positive	name/type looks like modern or non-castro heritage item	excluded_review	excluded	ES|A Coruña|Betanzos	ES	Galicia	A Coruña	Betanzos	Betanzos	Betanzos	Edificio nos de Castro de Unta 38	Xunta PBA Catálogo. Elementos (xuño 2026)	official_catalogue_seed	2912	-		-		-8.209036192591999	43.279776838292264	catalogue_point_wgs84	medium_official_name_or_type	generic_castro_hint	unknown_terrain_pending_visual_review			P2	positive_seed_requires_qgis_boundary_review	110.0	-8.21219502,43.27747716,-8.20587736,43.28207651				exclude_until_independent_label_review	0.00	2026-08-01T00:00:00Z
wl-pos-pos-es-pba-2913	pos-es-pba-2913	1	positive	exclude_probable_name_false_positive	name/type looks like modern or non-castro heritage item	excluded_review	excluded	ES|A Coruña|Betanzos	ES	Galicia	A Coruña	Betanzos	Betanzos	Betanzos	Edificio nos de Castro de Unta 39	Xunta PBA Catálogo. Elementos (xuño 2026)	official_catalogue_seed	2913	-		-		-8.209122807473463	43.279750423420914	catalogue_point_wgs84	medium_official_name_or_type	generic_castro_hint	unknown_terrain_pending_visual_review			P2	positive_seed_requires_qgis_boundary_review	110.0	-8.21228164,43.27745075,-8.20596398,43.28205010				exclude_until_independent_label_review	0.00	2026-08-01T00:00:00Z
wl-pos-pos-es-pba-2914	pos-es-pba-2914	1	positive	exclude_probable_name_false_positive	name/type looks like modern or non-castro heritage item	excluded_review	excluded	ES|A Coruña|Betanzos	ES	Galicia	A Coruña	Betanzos	Betanzos	Betanzos	Edificio nos de Castro de Unta 40	Xunta PBA Catálogo. Elementos (xuño 2026)	official_catalogue_seed	2914	-		-		-8.209171751882241	43.27977777561442	catalogue_point_wgs84	medium_official_name_or_type	generic_castro_hint	unknown_terrain_pending_visual_review			P2	positive_seed_requires_qgis_boundary_review	110.0	-8.21233058,43.27747810,-8.20601292,43.28207745				exclude_until_independent_label_review	0.00	2026-08-01T00:00:00Z
wl-pos-pos-es-pba-2915	pos-es-pba-2915	1	positive	exclude_probable_name_false_positive	name/type looks like modern or non-castro heritage item	excluded_review	excluded	ES|A Coruña|Betanzos	ES	Galicia	A Coruña	Betanzos	Betanzos	Betanzos	Edificio nos de Castro de Unta 42	Xunta PBA Catálogo. Elementos (xuño 2026)	official_catalogue_seed	2915	-		-		-8.209232903302471	43.279814216774504	catalogue_point_wgs84	medium_official_name_or_type	generic_castro_hint	unknown_terrain_pending_visual_review			P2	positive_seed_requires_qgis_boundary_review	110.0	-8.21239174,43.27751454,-8.20607407,43.28211389				exclude_until_independent_label_review	0.00	2026-08-01T00:00:00Z
wl-pos-pos-es-pba-2916	pos-es-pba-2916	1	positive	exclude_probable_name_false_positive	name/type looks like modern or non-castro heritage item	excluded_review	excluded	ES|A Coruña|Betanzos	ES	Galicia	A Coruña	Betanzos	Betanzos	Betanzos	Edificio nos de Castro de Unta 43-Xosé Veiga Roel 11	Xunta PBA Catálogo. Elementos (xuño 2026)	official_catalogue_seed	2916	-		-		-8.209294521201508	43.27981464274428	catalogue_point_wgs84	medium_official_name_or_type	valley_or_river_edge_hint	valley_or_river_edge_proxy			P1	positive_seed_requires_qgis_boundary_review	120.0	-8.21245336,43.27751497,-8.20613569,43.28211432				exclude_until_independent_label_review	0.00	2026-08-01T00:00:00Z
wl-pos-pos-es-pba-2609	pos-es-pba-2609	1	positive	exclude_probable_name_false_positive	name/type looks like modern or non-castro heritage item	excluded_review	excluded	ES|A Coruña|Boiro	ES	Galicia	A Coruña	Boiro	Castro (Santa María)	Romarís	Igrexa de Castro (Parroquial de Santa María)	Xunta PBA Catálogo. Elementos (xuño 2026)	official_catalogue_seed	2609	-	Igrexa	-		-8.872656360796329	42.621821792158286	catalogue_point_wgs84	medium_official_name_or_type	coastal_promontory_hint	coastal_or_promontory_proxy			P0	positive_seed_requires_qgis_boundary_review	150.0	-8.87578160,42.61952212,-8.86953112,42.62412147	18.01	weak_centered_ring_signal	include_visual_signal_metric_eval	exclude_until_independent_label_review	0.00	2026-08-01T00:00:00Z
wl-pos-pos-es-pba-2266	pos-es-pba-2266	1	positive	exclude_probable_name_false_positive	name/type looks like modern or non-castro heritage item	excluded_review	excluded	ES|A Coruña|Boqueixón	ES	Galicia	A Coruña	Boqueixón	Lestedo (Santa María)	Ardarís	Cruceiro de Castrelo	Xunta PBA Catálogo. Elementos (xuño 2026)	official_catalogue_seed	2266	-		CRU		-8.464264692127932	42.800444098737884	catalogue_point_wgs84	medium_official_name_or_type	castrel_toponym_hint	unknown_terrain_pending_visual_review			P1	positive_seed_requires_qgis_boundary_review	100.0	-8.46739894,42.79814442,-8.46113044,42.80274378				exclude_until_independent_label_review	0.00	2026-08-01T00:00:00Z
wl-pos-pos-es-pba-2443	pos-es-pba-2443	1	positive	exclude_probable_name_false_positive	name/type looks like modern or non-castro heritage item	excluded_review	excluded	ES|A Coruña|Boqueixón	ES	Galicia	A Coruña	Boqueixón	Oural (Santa María)	Castro	Hórreo en Castro de Abaixo	Xunta PBA Catálogo. Elementos (xuño 2026)	official_catalogue_seed	2443	-		HOR		-8.353125448180291	42.79231469955844	catalogue_point_wgs84	medium_official_name_or_type	generic_castro_hint	unknown_terrain_pending_visual_review			P2	positive_seed_requires_qgis_boundary_review	110.0	-8.35625929,42.79001502,-8.34999161,42.79461438				exclude_until_independent_label_review	0.00	2026-08-01T00:00:00Z
wl-pos-pos-es-pba-2444	pos-es-pba-2444	1	positive	exclude_probable_name_false_positive	name/type looks like modern or non-castro heritage item	excluded_review	excluded	ES|A Coruña|Boqueixón	ES	Galicia	A Coruña	Boqueixón	Oural (Santa María)	Castro	Hórreo en Castro de Abaixo	Xunta PBA Catálogo. Elementos (xuño 2026)	official_catalogue_seed	2444	-		HOR		-8.352793606665152	42.79130422262881	catalogue_point_wgs84	medium_official_name_or_type	generic_castro_hint	unknown_terrain_pending_visual_review			P2	positive_seed_requires_qgis_boundary_review	110.0	-8.35592739,42.78900455,-8.34965982,42.79360390				exclude_until_independent_label_review	0.00	2026-08-01T00:00:00Z
wl-pos-pos-es-pba-2445	pos-es-pba-2445	1	positive	exclude_probable_name_false_positive	name/type looks like modern or non-castro heritage item	excluded_review	excluded	ES|A Coruña|Boqueixón	ES	Galicia	A Coruña	Boqueixón	Oural (Santa María)	Castro	Hórreo en Castro de Abaixo	Xunta PBA Catálogo. Elementos (xuño 2026)	official_catalogue_seed	2445	-		HOR		-8.353634712067713	42.79155211845232	catalogue_point_wgs84	medium_official_name_or_type	generic_castro_hint	unknown_terrain_pending_visual_review			P2	positive_seed_requires_qgis_boundary_review	110.0	-8.35676851,42.78925244,-8.35050091,42.79385180				exclude_until_independent_label_review	0.00	2026-08-01T00:00:00Z
wl-pos-pos-es-pba-2446	pos-es-pba-2446	1	positive	exclude_probable_name_false_positive	name/type looks like modern or non-castro heritage item	excluded_review	excluded	ES|A Coruña|Boqueixón	ES	Galicia	A Coruña	Boqueixón	Oural (Santa María)	Castro	Hórreo en Castro de Abaixo	Xunta PBA Catálogo. Elementos (xuño 2026)	official_catalogue_seed	2446	-		HOR		-8.353944081808374	42.79237335329999	catalogue_point_wgs84	medium_official_name_or_type	generic_castro_hint	unknown_terrain_pending_visual_review			P2	positive_seed_requires_qgis_boundary_review	110.0	-8.35707792,42.79007368,-8.35081024,42.79467303				exclude_until_independent_label_review	0.00	2026-08-01T00:00:00Z
wl-pos-pos-es-pba-3922	pos-es-pba-3922	1	positive	exclude_probable_name_false_positive	name/type looks like modern or non-castro heritage item	excluded_review	excluded	ES|A Coruña|Cabana de Bergantiños	ES	Galicia	A Coruña	Cabana de Bergantiños	Cesullas (Santo Estevo)	San Fins	Cruceiro das Virtudes de San Fins de Castro	Xunta PBA Catálogo. Elementos (xuño 2026)	official_catalogue_seed	3922	-		CRU		-8.922840972892496	43.206530844654694	catalogue_point_wgs84	medium_official_name_or_type	generic_castro_hint	unknown_terrain_pending_visual_review			P2	positive_seed_requires_qgis_boundary_review	110.0	-8.92599601,43.20423117,-8.91968594,43.20883052				exclude_until_independent_label_review	0.00	2026-08-01T00:00:00Z
wl-pos-pos-es-pba-3988	pos-es-pba-3988	1	positive	exclude_probable_name_false_positive	name/type looks like modern or non-castro heritage item	excluded_review	excluded	ES|A Coruña|Cabana de Bergantiños	ES	Galicia	A Coruña	Cabana de Bergantiños	Cesullas (Santo Estevo)	San Fins	Cruceiro Vello de San Fins do Castro	Xunta PBA Catálogo. Elementos (xuño 2026)	official_catalogue_seed	3988	-		CRU		-8.923618332991802	43.205063589584356	catalogue_point_wgs84	medium_official_name_or_type	generic_castro_hint	unknown_terrain_pending_visual_review			P2	positive_seed_requires_qgis_boundary_review	110.0	-8.92677329,43.20276391,-8.92046337,43.20736327				exclude_until_independent_label_review	0.00	2026-08-01T00:00:00Z
wl-pos-pos-es-pba-4028	pos-es-pba-4028	1	positive	exclude_probable_name_false_positive	name/type looks like modern or non-castro heritage item	excluded_review	excluded	ES|A Coruña|Cabana de Bergantiños	ES	Galicia	A Coruña	Cabana de Bergantiños	Cesullas (Santo Estevo)	San Fins	Fonte Santa de San Fins de Castro	Xunta PBA Catálogo. Elementos (xuño 2026)	official_catalogue_seed	4028	-		-		-8.923593320278984	43.20537873969076	catalogue_point_wgs84	medium_official_name_or_type	generic_castro_hint	unknown_terrain_pending_visual_review			P2	positive_seed_requires_qgis_boundary_review	110.0	-8.92674830,43.20307906,-8.92043834,43.20767842				exclude_until_independent_label_review	0.00	2026-08-01T00:00:00Z
wl-pos-pos-es-pba-4058	pos-es-pba-4058	1	positive	exclude_probable_name_false_positive	name/type looks like modern or non-castro heritage item	excluded_review	excluded	ES|A Coruña|Cabana de Bergantiños	ES	Galicia	A Coruña	Cabana de Bergantiños	Cesullas (Santo Estevo)	San Fins	Hórreo e pendello na Ermida de San Fins de Castro	Xunta PBA Catálogo. Elementos (xuño 2026)	official_catalogue_seed	4058	-		HOR		-8.922201448971917	43.20606216381471	catalogue_point_wgs84	medium_official_name_or_type	generic_castro_hint	unknown_terrain_pending_visual_review			P2	positive_seed_requires_qgis_boundary_review	110.0	-8.92535646,43.20376249,-8.91904644,43.20836184				exclude_until_independent_label_review	0.00	2026-08-01T00:00:00Z
wl-pos-pos-es-pba-3764	pos-es-pba-3764	1	positive	exclude_probable_name_false_positive	name/type looks like modern or non-castro heritage item	excluded_review	excluded	ES|A Coruña|Camariñas	ES	Galicia	A Coruña	Camariñas	Camariñas (San Xurxo)	Rúa Corral Castro 01	Vivenda da rúa Corral Castro 1	Xunta PBA Catálogo. Elementos (xuño 2026)	official_catalogue_seed	3764	-	Residencial	-		-9.18249340857424	43.13141016070398	catalogue_point_wgs84	medium_official_name_or_type	generic_castro_hint	unknown_terrain_pending_visual_review			P2	positive_seed_requires_qgis_boundary_review	110.0	-9.18564457,43.12911048,-9.17934225,43.13370984				exclude_until_independent_label_review	0.00	2026-08-01T00:00:00Z
wl-pos-pos-es-pba-3791	pos-es-pba-3791	1	positive	exclude_probable_name_false_positive	name/type looks like modern or non-castro heritage item	excluded_review	excluded	ES|A Coruña|Camariñas	ES	Galicia	A Coruña	Camariñas	Camariñas (San Xurxo)	Rúa Corral Castro 03	Vivenda da rúa Corral Castro 3	Xunta PBA Catálogo. Elementos (xuño 2026)	official_catalogue_seed	3791	-	Residencial	-		-9.18238288868191	43.13145536131634	catalogue_point_wgs84	medium_official_name_or_type	generic_castro_hint	unknown_terrain_pending_visual_review			P2	positive_seed_requires_qgis_boundary_review	110.0	-9.18553405,43.12915568,-9.17923173,43.13375504				exclude_until_independent_label_review	0.00	2026-08-01T00:00:00Z
wl-pos-pos-es-pba-4135	pos-es-pba-4135	1	positive	exclude_probable_name_false_positive	name/type looks like modern or non-castro heritage item	excluded_review	excluded	ES|A Coruña|Camariñas	ES	Galicia	A Coruña	Camariñas	Camariñas (San Xurxo)	Rúa Corral Castro 02	Casa na rúa Corral Castro 2	Xunta PBA Catálogo. Elementos (xuño 2026)	official_catalogue_seed	4135	-	Residencial	-		-9.182419130975784	43.131239186420636	catalogue_point_wgs84	medium_official_name_or_type	generic_castro_hint	unknown_terrain_pending_visual_review			P2	positive_seed_requires_qgis_boundary_review	110.0	-9.18557028,43.12893951,-9.17926798,43.13353886				exclude_until_independent_label_review	0.00	2026-08-01T00:00:00Z
wl-pos-pos-es-pba-3303	pos-es-pba-3303	1	positive	exclude_probable_name_false_positive	name/type looks like modern or non-castro heritage item	excluded_review	excluded	ES|A Coruña|Cambre	ES	Galicia	A Coruña	Cambre	Vigo (Santa María)	Vilartó	Mámoa do Monte do Castro	Xunta PBA Catálogo. Elementos (xuño 2026)	official_catalogue_seed	3303	GA15017012		-		-8.304411408386267	43.26186933588162	catalogue_point_wgs84	medium_official_name_or_type	hilltop_hint	hilltop_or_ridge_proxy			P1	positive_seed_requires_qgis_boundary_review	120.0	-8.30756931,43.25956966,-8.30125351,43.26416901				exclude_until_independent_label_review	0.00	2026-08-01T00:00:00Z
wl-pos-pos-es-pba-3663	pos-es-pba-3663	1	positive	exclude_ambiguous_positive_seed	positive seed too ambiguous for weak-label training	excluded_review	excluded	ES|A Coruña|Cambre	ES	Galicia	A Coruña	Cambre	Pravio (San Xoán)	Fontenla, A	Castrillón	Xunta PBA Catálogo. Elementos (xuño 2026)	official_catalogue_seed	3663	GA15017007		-		-8.317786513143904	43.29017018919543	catalogue_point_wgs84	medium_official_name_or_type	castrel_toponym_hint	unknown_terrain_pending_visual_review			P1	positive_seed_requires_qgis_boundary_review	100.0	-8.32094589,43.28787051,-8.31462714,43.29246987				exclude_until_independent_label_review	0.00	2026-08-01T00:00:00Z
wl-pos-pos-es-pba-3810	pos-es-pba-3810	1	positive	exclude_ambiguous_positive_seed	positive seed too ambiguous for weak-label training	excluded_review	excluded	ES|A Coruña|Carballo	ES	Galicia	A Coruña	Carballo	Lema (San Cristovo)	Castrillón	Capela de Santa Irene en Castrillón	Xunta PBA Catálogo. Elementos (xuño 2026)	official_catalogue_seed	3810	-		-		-8.677842966729118	43.28455217731434	catalogue_point_wgs84	medium_official_name_or_type	castrel_toponym_hint	unknown_terrain_pending_visual_review			P1	positive_seed_requires_qgis_boundary_review	100.0	-8.68100205,43.28225250,-8.67468389,43.28685185				exclude_until_independent_label_review	0.00	2026-08-01T00:00:00Z
wl-pos-pos-es-pba-3821	pos-es-pba-3821	1	positive	exclude_probable_name_false_positive	name/type looks like modern or non-castro heritage item	excluded_review	excluded	ES|A Coruña|Carballo	ES	Galicia	A Coruña	Carballo	Lema (San Cristovo)	Castrillón	Cruceiro do Castrillón	Xunta PBA Catálogo. Elementos (xuño 2026)	official_catalogue_seed	3821	-		CRU		-8.677729470300111	43.2850381077355	catalogue_point_wgs84	medium_official_name_or_type	castrel_toponym_hint	unknown_terrain_pending_visual_review			P1	positive_seed_requires_qgis_boundary_review	100.0	-8.68088858,43.28273843,-8.67457036,43.28733778				exclude_until_independent_label_review	0.00	2026-08-01T00:00:00Z
wl-pos-pos-es-pba-6403	pos-es-pba-6403	1	positive	exclude_ambiguous_positive_seed	positive seed too ambiguous for weak-label training	excluded_review	excluded	ES|A Coruña|Carballo	ES	Galicia	A Coruña	Carballo	Lema (San Cristovo)	Castrillón	Núcleo de Castrillón	Xunta PBA Catálogo. Elementos (xuño 2026)	official_catalogue_seed	6403	-		-		-8.6773493750038	43.284658841702	catalogue_point_wgs84	medium_official_name_or_type	castrel_toponym_hint	unknown_terrain_pending_visual_review			P1	positive_seed_requires_qgis_boundary_review	100.0	-8.68050846,43.28235917,-8.67419029,43.28695852				exclude_until_independent_label_review	0.00	2026-08-01T00:00:00Z
wl-pos-pos-es-pba-27327	pos-es-pba-27327	1	positive	exclude_ambiguous_positive_seed	positive seed too ambiguous for weak-label training	excluded_review	excluded	ES|A Coruña|Cariño	ES	Galicia	A Coruña	Cariño	Cariño (San Bartolomeu)	Vacariza, A	Monte Castrillón	Xunta PBA Catálogo. Elementos (xuño 2026)	official_catalogue_seed	27327	TO15901001		-		-7.87455997595645	43.75268397826745	catalogue_point_wgs84	medium_official_name_or_type	castrel_toponym_hint	hilltop_or_ridge_proxy			P1	positive_seed_requires_qgis_boundary_review	100.0	-7.87774366,43.75038430,-7.87137629,43.75498365				exclude_until_independent_label_review	0.00	2026-08-01T00:00:00Z
wl-pos-pos-es-pba-6421	pos-es-pba-6421	1	positive	exclude_probable_name_false_positive	name/type looks like modern or non-castro heritage item	excluded_review	excluded	ES|A Coruña|Carnota	ES	Galicia	A Coruña	Carnota	San Mamede de Carnota (San Mamede)	Carnota	Petróglifo dos Castros	Xunta PBA Catálogo. Elementos (xuño 2026)	official_catalogue_seed	6421	GA15020035		ARU		-9.082283140635576	42.8173581105038	catalogue_point_wgs84	medium_official_name_or_type	generic_castro_hint	unknown_terrain_pending_visual_review			P2	positive_seed_requires_qgis_boundary_review	110.0	-9.08541825,42.81505843,-9.07914803,42.81965779				exclude_until_independent_label_review	0.00	2026-08-01T00:00:00Z
wl-pos-pos-es-pba-6501	pos-es-pba-6501	1	positive	exclude_ambiguous_positive_seed	positive seed too ambiguous for weak-label training	excluded_review	excluded	ES|A Coruña|Cedeira	ES	Galicia	A Coruña	Cedeira	Esteiro (San Fiz)	Freires, Os	O Castrillón	Xunta PBA Catálogo. Elementos (xuño 2026)	official_catalogue_seed	6501	TO15022001		-		-8.034120516910013	43.631798281015726	catalogue_point_wgs84	medium_official_name_or_type	castrel_toponym_hint	unknown_terrain_pending_visual_review			P1	positive_seed_requires_qgis_boundary_review	100.0	-8.03729779,43.62949860,-8.03094324,43.63409796				exclude_until_independent_label_review	0.00	2026-08-01T00:00:00Z
wl-pos-pos-es-pba-6025	pos-es-pba-6025	1	positive	exclude_probable_name_false_positive	name/type looks like modern or non-castro heritage item	excluded_review	excluded	ES|A Coruña|Cee	ES	Galicia	A Coruña	Cee	Cee (Santa María)	Cee	Casa na rúa Rosalía de Castro 2	Xunta PBA Catálogo. Elementos (xuño 2026)	official_catalogue_seed	6025	-		-		-9.1885895287046	42.95434358212325	catalogue_point_wgs84	medium_official_name_or_type	generic_castro_hint	unknown_terrain_pending_visual_review			P2	positive_seed_requires_qgis_boundary_review	110.0	-9.19173161,42.95204391,-9.18544745,42.95664326				exclude_until_independent_label_review	0.00	2026-08-01T00:00:00Z
wl-pos-pos-es-pba-6026	pos-es-pba-6026	1	positive	exclude_probable_name_false_positive	name/type looks like modern or non-castro heritage item	excluded_review	excluded	ES|A Coruña|Cee	ES	Galicia	A Coruña	Cee	Cee (Santa María)	Cee	Casa na rúa Rosalía de Castro 22	Xunta PBA Catálogo. Elementos (xuño 2026)	official_catalogue_seed	6026	-		-		-9.18804775093996	42.953570029672505	catalogue_point_wgs84	medium_official_name_or_type	generic_castro_hint	unknown_terrain_pending_visual_review			P2	positive_seed_requires_qgis_boundary_review	110.0	-9.19118979,42.95127035,-9.18490571,42.95586971				exclude_until_independent_label_review	0.00	2026-08-01T00:00:00Z
wl-pos-pos-es-pba-6027	pos-es-pba-6027	1	positive	exclude_probable_name_false_positive	name/type looks like modern or non-castro heritage item	excluded_review	excluded	ES|A Coruña|Cee	ES	Galicia	A Coruña	Cee	Cee (Santa María)	Cee	Casa na rúa Rosalía de Castro 30	Xunta PBA Catálogo. Elementos (xuño 2026)	official_catalogue_seed	6027	-		-		-9.18792430768392	42.95329107241323	catalogue_point_wgs84	medium_official_name_or_type	generic_castro_hint	unknown_terrain_pending_visual_review			P2	positive_seed_requires_qgis_boundary_review	110.0	-9.19106633,42.95099140,-9.18478228,42.95559075				exclude_until_independent_label_review	0.00	2026-08-01T00:00:00Z
wl-pos-pos-es-pba-6028	pos-es-pba-6028	1	positive	exclude_probable_name_false_positive	name/type looks like modern or non-castro heritage item	excluded_review	excluded	ES|A Coruña|Cee	ES	Galicia	A Coruña	Cee	Cee (Santa María)	Cee	Casa na rúa Rosalía de Castro 6	Xunta PBA Catálogo. Elementos (xuño 2026)	official_catalogue_seed	6028	-		-		-9.188503162228452	42.954163621192336	catalogue_point_wgs84	medium_official_name_or_type	generic_castro_hint	unknown_terrain_pending_visual_review			P2	positive_seed_requires_qgis_boundary_review	110.0	-9.19164523,42.95186394,-9.18536109,42.95646330				exclude_until_independent_label_review	0.00	2026-08-01T00:00:00Z
wl-pos-pos-es-pba-5700	pos-es-pba-5700	1	positive	exclude_probable_name_false_positive	name/type looks like modern or non-castro heritage item	excluded_review	excluded	ES|A Coruña|Coirós	ES	Galicia	A Coruña	Coirós	Santa María de Ois (Santa María)	Castrillón	Hórreo en Castrillón	Xunta PBA Catálogo. Elementos (xuño 2026)	official_catalogue_seed	5700	-		HOR		-8.124831328134054	43.2369589160482	catalogue_point_wgs84	medium_official_name_or_type	castrel_toponym_hint	unknown_terrain_pending_visual_review			P1	positive_seed_requires_qgis_boundary_review	100.0	-8.12798794,43.23465924,-8.12167472,43.23925859				exclude_until_independent_label_review	0.00	2026-08-01T00:00:00Z
wl-pos-pos-es-pba-5732	pos-es-pba-5732	1	positive	exclude_probable_name_false_positive	name/type looks like modern or non-castro heritage item	excluded_review	excluded	ES|A Coruña|Coirós	ES	Galicia	A Coruña	Coirós	Santa María de Ois (Santa María)	Castrillón	Hórreos en Castrillón – Hórreo 1	Xunta PBA Catálogo. Elementos (xuño 2026)	official_catalogue_seed	5732	-		HOR		-8.128043288573684	43.23627207726439	catalogue_point_wgs84	medium_official_name_or_type	castrel_toponym_hint	unknown_terrain_pending_visual_review			P1	positive_seed_requires_qgis_boundary_review	100.0	-8.13119986,43.23397240,-8.12488671,43.23857175				exclude_until_independent_label_review	0.00	2026-08-01T00:00:00Z
wl-pos-pos-es-pba-5733	pos-es-pba-5733	1	positive	exclude_probable_name_false_positive	name/type looks like modern or non-castro heritage item	excluded_review	excluded	ES|A Coruña|Coirós	ES	Galicia	A Coruña	Coirós	Santa María de Ois (Santa María)	Castrillón	Hórreos en Castrillón – Hórreo 2	Xunta PBA Catálogo. Elementos (xuño 2026)	official_catalogue_seed	5733	-		HOR		-8.12783201499582	43.236405536383074	catalogue_point_wgs84	medium_official_name_or_type	castrel_toponym_hint	unknown_terrain_pending_visual_review			P1	positive_seed_requires_qgis_boundary_review	100.0	-8.13098860,43.23410586,-8.12467543,43.23870521				exclude_until_independent_label_review	0.00	2026-08-01T00:00:00Z
wl-pos-pos-es-pba-5478	pos-es-pba-5478	1	positive	exclude_probable_name_false_positive	name/type looks like modern or non-castro heritage item	excluded_review	excluded	ES|A Coruña|Coristanco	ES	Galicia	A Coruña	Coristanco	Santa Baia de Castro (Santa Baia)	Santa Baia	Cruceiro de Santa Baia de Castro	Xunta PBA Catálogo. Elementos (xuño 2026)	official_catalogue_seed	5478	-		CRU		-8.80101039506419	43.183376599449794	catalogue_point_wgs84	medium_official_name_or_type	generic_castro_hint	unknown_terrain_pending_visual_review			P2	positive_seed_requires_qgis_boundary_review	110.0	-8.80416423,43.18107692,-8.79785656,43.18567628				exclude_until_independent_label_review	0.00	2026-08-01T00:00:00Z
wl-pos-pos-es-pba-5548	pos-es-pba-5548	1	positive	exclude_probable_name_false_positive	name/type looks like modern or non-castro heritage item	excluded_review	excluded	ES|A Coruña|Coristanco	ES	Galicia	A Coruña	Coristanco	Santa Baia de Castro (Santa Baia)	Castro	Dous hórreos en Castro	Xunta PBA Catálogo. Elementos (xuño 2026)	official_catalogue_seed	5548	-		HOR		-8.79722755648991	43.1811998010883	catalogue_point_wgs84	medium_official_name_or_type	generic_castro_hint	unknown_terrain_pending_visual_review			P2	positive_seed_requires_qgis_boundary_review	110.0	-8.80038128,43.17890012,-8.79407383,43.18349948				exclude_until_independent_label_review	0.00	2026-08-01T00:00:00Z
wl-pos-pos-es-pba-5582	pos-es-pba-5582	1	positive	exclude_probable_name_false_positive	name/type looks like modern or non-castro heritage item	excluded_review	excluded	ES|A Coruña|Coristanco	ES	Galicia	A Coruña	Coristanco	Santa Baia de Castro (Santa Baia)	Santa Baia	Fonte en Castro	Xunta PBA Catálogo. Elementos (xuño 2026)	official_catalogue_seed	5582	-		-		-8.800460441332103	43.182214022641645	catalogue_point_wgs84	medium_official_name_or_type	generic_castro_hint	unknown_terrain_pending_visual_review			P2	positive_seed_requires_qgis_boundary_review	110.0	-8.80361422,43.17991435,-8.79730666,43.18451370				exclude_until_independent_label_review	0.00	2026-08-01T00:00:00Z
wl-pos-pos-es-pba-5619	pos-es-pba-5619	1	positive	exclude_probable_name_false_positive	name/type looks like modern or non-castro heritage item	excluded_review	excluded	ES|A Coruña|Coristanco	ES	Galicia	A Coruña	Coristanco	Santa Baia de Castro (Santa Baia)	Castro	Hórreo en Castro	Xunta PBA Catálogo. Elementos (xuño 2026)	official_catalogue_seed	5619	-		HOR		-8.7982730811993	43.181318711697344	catalogue_point_wgs84	medium_official_name_or_type	generic_castro_hint	unknown_terrain_pending_visual_review			P2	positive_seed_requires_qgis_boundary_review	110.0	-8.80142681,43.17901904,-8.79511935,43.18361839				exclude_until_independent_label_review	0.00	2026-08-01T00:00:00Z
wl-pos-pos-es-pba-5620	pos-es-pba-5620	1	positive	exclude_probable_name_false_positive	name/type looks like modern or non-castro heritage item	excluded_review	excluded	ES|A Coruña|Coristanco	ES	Galicia	A Coruña	Coristanco	Valenza (San Pedro)	Castrobó	Hórreo en Castrobó 2	Xunta PBA Catálogo. Elementos (xuño 2026)	official_catalogue_seed	5620	-		HOR		-8.807449305948975	43.1980113897054	catalogue_point_wgs84	medium_official_name_or_type	generic_castro_hint	unknown_terrain_pending_visual_review			P2	positive_seed_requires_qgis_boundary_review	110.0	-8.81060390,43.19571171,-8.80429471,43.20031107				exclude_until_independent_label_review	0.00	2026-08-01T00:00:00Z
wl-pos-pos-es-pba-5647	pos-es-pba-5647	1	positive	exclude_probable_name_false_positive	name/type looks like modern or non-castro heritage item	excluded_review	excluded	ES|A Coruña|Coristanco	ES	Galicia	A Coruña	Coristanco	Valenza (San Pedro)	Ribela, A	Hórreo en Castrobó I	Xunta PBA Catálogo. Elementos (xuño 2026)	official_catalogue_seed	5647	-		HOR		-8.806177399199363	43.19932393893143	catalogue_point_wgs84	medium_official_name_or_type	generic_castro_hint	unknown_terrain_pending_visual_review			P2	positive_seed_requires_qgis_boundary_review	110.0	-8.80933206,43.19702426,-8.80302274,43.20162362				exclude_until_independent_label_review	0.00	2026-08-01T00:00:00Z
wl-pos-pos-es-pba-5762	pos-es-pba-5762	1	positive	exclude_ambiguous_positive_seed	positive seed too ambiguous for weak-label training	excluded_review	excluded	ES|A Coruña|Coristanco	ES	Galicia	A Coruña	Coristanco	Valenza (San Pedro)	Castrobó	Pombal en Castrobóenza	Xunta PBA Catálogo. Elementos (xuño 2026)	official_catalogue_seed	5762	-		-		-8.80692955045679	43.19890198638138	catalogue_point_wgs84	medium_official_name_or_type	generic_castro_hint	unknown_terrain_pending_visual_review			P2	positive_seed_requires_qgis_boundary_review	110.0	-8.81008419,43.19660231,-8.80377491,43.20120166				exclude_until_independent_label_review	0.00	2026-08-01T00:00:00Z
wl-pos-pos-es-pba-5808	pos-es-pba-5808	1	positive	exclude_probable_name_false_positive	name/type looks like modern or non-castro heritage item	excluded_review	excluded	ES|A Coruña|Coristanco	ES	Galicia	A Coruña	Coristanco	Valenza (San Pedro)	Ribela, A	Casa en Castrobó	Xunta PBA Catálogo. Elementos (xuño 2026)	official_catalogue_seed	5808	-		HOR		-8.80686565121428	43.19964927465182	catalogue_point_wgs84	medium_official_name_or_type	generic_castro_hint	unknown_terrain_pending_visual_review			P2	positive_seed_requires_qgis_boundary_review	110.0	-8.81002033,43.19734960,-8.80371097,43.20194895				exclude_until_independent_label_review	0.00	2026-08-01T00:00:00Z
wl-pos-pos-es-pba-5854	pos-es-pba-5854	1	positive	exclude_probable_name_false_positive	name/type looks like modern or non-castro heritage item	excluded_review	excluded	ES|A Coruña|Coristanco	ES	Galicia	A Coruña	Coristanco	Santa Baia de Castro (Santa Baia)	Santa Baia	Igrexa de Santa Baia de Castro (Parroquial de Santa Baia)	Xunta PBA Catálogo. Elementos (xuño 2026)	official_catalogue_seed	5854	-	Igrexa	-		-8.800997651078138	43.183511649244245	catalogue_point_wgs84	medium_official_name_or_type	generic_castro_hint	unknown_terrain_pending_visual_review			P2	positive_seed_requires_qgis_boundary_review	110.0	-8.80415150,43.18121197,-8.79784380,43.18581133				exclude_until_independent_label_review	0.00	2026-08-01T00:00:00Z
wl-pos-pos-es-pba-5879	pos-es-pba-5879	1	positive	exclude_probable_name_false_positive	name/type looks like modern or non-castro heritage item	excluded_review	excluded	ES|A Coruña|Coristanco	ES	Galicia	A Coruña	Coristanco	Valenza (San Pedro)	Ribela, A	Casa Ponte en Castrobó	Xunta PBA Catálogo. Elementos (xuño 2026)	official_catalogue_seed	5879	-		HOR		-8.807419705368902	43.19959617998726	catalogue_point_wgs84	medium_official_name_or_type	generic_castro_hint	unknown_terrain_pending_visual_review			P2	positive_seed_requires_qgis_boundary_review	110.0	-8.81057438,43.19729650,-8.80426503,43.20189586				exclude_until_independent_label_review	0.00	2026-08-01T00:00:00Z
wl-pos-pos-es-pba-9613	pos-es-pba-9613	1	positive	exclude_probable_name_false_positive	name/type looks like modern or non-castro heritage item	excluded_review	excluded	ES|A Coruña|Dodro	ES	Galicia	A Coruña	Dodro	Dodro (Santa María)	Dodriño	Cruceiro do Castro	Xunta PBA Catálogo. Elementos (xuño 2026)	official_catalogue_seed	9613	-		CRU		-8.691598126706323	42.72044000820669	catalogue_point_wgs84	medium_official_name_or_type	generic_castro_hint	unknown_terrain_pending_visual_review			P2	positive_seed_requires_qgis_boundary_review	110.0	-8.69472833,42.71814033,-8.68846792,42.72273968				exclude_until_independent_label_review	0.00	2026-08-01T00:00:00Z
wl-pos-pos-es-pba-9089	pos-es-pba-9089	1	positive	exclude_probable_name_false_positive	name/type looks like modern or non-castro heritage item	excluded_review	excluded	ES|A Coruña|Dumbría	ES	Galicia	A Coruña	Dumbría	Dumbría (Santa Baia)	Grixa, A	Pazo do Castro	Xunta PBA Catálogo. Elementos (xuño 2026)	official_catalogue_seed	9089	-	Residencial	-		-9.113216263507901	43.00715891482849	catalogue_point_wgs84	medium_official_name_or_type	generic_castro_hint	unknown_terrain_pending_visual_review			P2	positive_seed_requires_qgis_boundary_review	110.0	-9.11636104,43.00485924,-9.11007149,43.00945859				exclude_until_independent_label_review	0.00	2026-08-01T00:00:00Z
wl-pos-pos-es-pba-9252	pos-es-pba-9252	1	positive	exclude_probable_name_false_positive	name/type looks like modern or non-castro heritage item	excluded_review	excluded	ES|A Coruña|Dumbría	ES	Galicia	A Coruña	Dumbría	Dumbría (Santa Baia)	Castro	Hórreos (4) en Castro	Xunta PBA Catálogo. Elementos (xuño 2026)	official_catalogue_seed	9252	-		HOR		-9.113088703968199	42.997820767310024	catalogue_point_wgs84	medium_official_name_or_type	generic_castro_hint	unknown_terrain_pending_visual_review			P2	positive_seed_requires_qgis_boundary_review	110.0	-9.11623300,42.99552109,-9.10994440,43.00012044				exclude_until_independent_label_review	0.00	2026-08-01T00:00:00Z
wl-pos-pos-es-pba-9626	pos-es-pba-9626	1	positive	exclude_ambiguous_positive_seed	positive seed too ambiguous for weak-label training	excluded_review	excluded	ES|A Coruña|Dumbría	ES	Galicia	A Coruña	Dumbría	O Ézaro (Santa Uxía)	Pena, A	Central hidroeléctrica de Castrelo	Xunta PBA Catálogo. Elementos (xuño 2026)	official_catalogue_seed	9626	-		-		-9.119622179563514	42.9126973544841	catalogue_point_wgs84	medium_official_name_or_type	castrel_toponym_hint	unknown_terrain_pending_visual_review			P1	positive_seed_requires_qgis_boundary_review	100.0	-9.12276213,42.91039768,-9.11648223,42.91499703				exclude_until_independent_label_review	0.00	2026-08-01T00:00:00Z
wl-pos-pos-es-pba-8934	pos-es-pba-8934	1	positive	exclude_probable_name_false_positive	name/type looks like modern or non-castro heritage item	excluded_review	excluded	ES|A Coruña|Fene	ES	Galicia	A Coruña	Fene	Perlío (Santo Estevo)	Cruceiro, O	Rueiro no Castro	Xunta PBA Catálogo. Elementos (xuño 2026)	official_catalogue_seed	8934	-		-		-8.172145853821986	43.474137762522936	catalogue_point_wgs84	medium_official_name_or_type	generic_castro_hint	unknown_terrain_pending_visual_review			P2	positive_seed_requires_qgis_boundary_review	110.0	-8.17531483,43.47183809,-8.16897688,43.47643744				exclude_until_independent_label_review	0.00	2026-08-01T00:00:00Z
wl-pos-pos-es-pba-9097	pos-es-pba-9097	1	positive	exclude_probable_name_false_positive	name/type looks like modern or non-castro heritage item	excluded_review	excluded	ES|A Coruña|Fene	ES	Galicia	A Coruña	Fene	Maniños (San Salvador)	Abeledo, O	Lavadoiro Casas de Castro	Xunta PBA Catálogo. Elementos (xuño 2026)	official_catalogue_seed	9097	-		-		-8.197774011708049	43.452836162624216	catalogue_point_wgs84	medium_official_name_or_type	generic_castro_hint	unknown_terrain_pending_visual_review			P2	positive_seed_requires_qgis_boundary_review	110.0	-8.20094187,43.45053649,-8.19460615,43.45513584				exclude_until_independent_label_review	0.00	2026-08-01T00:00:00Z
wl-pos-pos-es-pba-9130	pos-es-pba-9130	1	positive	exclude_probable_name_false_positive	name/type looks like modern or non-castro heritage item	excluded_review	excluded	ES|A Coruña|Fene	ES	Galicia	A Coruña	Fene	Sillobre (Santa Mariña)	Orra	Lavadoiro en Castro	Xunta PBA Catálogo. Elementos (xuño 2026)	official_catalogue_seed	9130	-		-		-8.153220148573043	43.47209926408723	catalogue_point_wgs84	medium_official_name_or_type	generic_castro_hint	unknown_terrain_pending_visual_review			P2	positive_seed_requires_qgis_boundary_review	110.0	-8.15638902,43.46979959,-8.15005128,43.47439894				exclude_until_independent_label_review	0.00	2026-08-01T00:00:00Z
wl-pos-pos-es-pba-10299	pos-es-pba-10299	1	positive	exclude_probable_name_false_positive	name/type looks like modern or non-castro heritage item	excluded_review	excluded	ES|A Coruña|Ferrol	ES	Galicia	A Coruña	Ferrol	Ferrol	Ferrol	Pavimento da rúa Castro	Xunta PBA Catálogo. Elementos (xuño 2026)	official_catalogue_seed	10299	-		-		-8.242928526323649	43.478248061947475	catalogue_point_wgs84	medium_official_name_or_type	generic_castro_hint	unknown_terrain_pending_visual_review			P2	positive_seed_requires_qgis_boundary_review	110.0	-8.24609772,43.47594839,-8.23975934,43.48054774				exclude_until_independent_label_review	0.00	2026-08-01T00:00:00Z
wl-pos-pos-es-pba-8804	pos-es-pba-8804	1	positive	exclude_probable_name_false_positive	name/type looks like modern or non-castro heritage item	excluded_review	excluded	ES|A Coruña|Ferrol	ES	Galicia	A Coruña	Ferrol	Ferrol		Edificio na rúa Castro 1	Xunta PBA Catálogo. Elementos (xuño 2026)	official_catalogue_seed	8804	-		-		-8.24250680289698	43.47835332036477	catalogue_point_wgs84	medium_official_name_or_type	generic_castro_hint	unknown_terrain_pending_visual_review			P2	positive_seed_requires_qgis_boundary_review	110.0	-8.24567600,43.47605364,-8.23933761,43.48065300				exclude_until_independent_label_review	0.00	2026-08-01T00:00:00Z
wl-pos-pos-es-pba-8805	pos-es-pba-8805	1	positive	exclude_probable_name_false_positive	name/type looks like modern or non-castro heritage item	excluded_review	excluded	ES|A Coruña|Ferrol	ES	Galicia	A Coruña	Ferrol	Ferrol		Edificio na rúa Castro 10	Xunta PBA Catálogo. Elementos (xuño 2026)	official_catalogue_seed	8805	-		-		-8.242679111048757	43.47841749179411	catalogue_point_wgs84	medium_official_name_or_type	generic_castro_hint	unknown_terrain_pending_visual_review			P2	positive_seed_requires_qgis_boundary_review	110.0	-8.24584831,43.47611782,-8.23950991,43.48071717				exclude_until_independent_label_review	0.00	2026-08-01T00:00:00Z
wl-pos-pos-es-pba-8806	pos-es-pba-8806	1	positive	exclude_probable_name_false_positive	name/type looks like modern or non-castro heritage item	excluded_review	excluded	ES|A Coruña|Ferrol	ES	Galicia	A Coruña	Ferrol	Ferrol		Edificio na rúa Castro 18	Xunta PBA Catálogo. Elementos (xuño 2026)	official_catalogue_seed	8806	-		-		-8.242679111048757	43.47841749179411	catalogue_point_wgs84	medium_official_name_or_type	generic_castro_hint	unknown_terrain_pending_visual_review			P2	positive_seed_requires_qgis_boundary_review	110.0	-8.24584831,43.47611782,-8.23950991,43.48071717				exclude_until_independent_label_review	0.00	2026-08-01T00:00:00Z
wl-pos-pos-es-pba-8807	pos-es-pba-8807	1	positive	exclude_probable_name_false_positive	name/type looks like modern or non-castro heritage item	excluded_review	excluded	ES|A Coruña|Ferrol	ES	Galicia	A Coruña	Ferrol	Ferrol		Edificio na rúa Castro 4	Xunta PBA Catálogo. Elementos (xuño 2026)	official_catalogue_seed	8807	-		-		-8.242493314116427	43.47844327391772	catalogue_point_wgs84	medium_official_name_or_type	generic_castro_hint	unknown_terrain_pending_visual_review			P2	positive_seed_requires_qgis_boundary_review	110.0	-8.24566251,43.47614360,-8.23932411,43.48074295				exclude_until_independent_label_review	0.00	2026-08-01T00:00:00Z
wl-pos-pos-es-pba-8808	pos-es-pba-8808	1	positive	exclude_probable_name_false_positive	name/type looks like modern or non-castro heritage item	excluded_review	excluded	ES|A Coruña|Ferrol	ES	Galicia	A Coruña	Ferrol	Ferrol		Edificio na rúa Castro 6	Xunta PBA Catálogo. Elementos (xuño 2026)	official_catalogue_seed	8808	-		-		-8.242567385469293	43.47845276890674	catalogue_point_wgs84	medium_official_name_or_type	generic_castro_hint	unknown_terrain_pending_visual_review			P2	positive_seed_requires_qgis_boundary_review	110.0	-8.24573659,43.47615309,-8.23939819,43.48075245				exclude_until_independent_label_review	0.00	2026-08-01T00:00:00Z
wl-pos-pos-es-pba-8835	pos-es-pba-8835	1	positive	exclude_probable_name_false_positive	name/type looks like modern or non-castro heritage item	excluded_review	excluded	ES|A Coruña|Ferrol	ES	Galicia	A Coruña	Ferrol	Ferrol	Ferrol	Casa de Luis de Castro Rayó	Xunta PBA Catálogo. Elementos (xuño 2026)	official_catalogue_seed	8835	-		-		-8.235596234807414	43.482161165133654	catalogue_point_wgs84	medium_official_name_or_type	generic_castro_hint	unknown_terrain_pending_visual_review			P2	positive_seed_requires_qgis_boundary_review	110.0	-8.23876563,43.47986149,-8.23242684,43.48446084				exclude_until_independent_label_review	0.00	2026-08-01T00:00:00Z
wl-pos-pos-es-pba-9071	pos-es-pba-9071	1	positive	exclude_probable_name_false_positive	name/type looks like modern or non-castro heritage item	excluded_review	excluded	ES|A Coruña|Ferrol	ES	Galicia	A Coruña	Ferrol	Doniños (San Román)	Fontá	A Croa	Xunta PBA Catálogo. Elementos (xuño 2026)	official_catalogue_seed	9071	-		HOR		-8.306655243707818	43.48817878682409	catalogue_point_wgs84	medium_official_name_or_type	croa_top_ring_hint	hilltop_or_ridge_proxy			P1	positive_seed_requires_qgis_boundary_review	110.0	-8.30982495,43.48587911,-8.30348553,43.49047846				exclude_until_independent_label_review	0.00	2026-08-01T00:00:00Z
wl-pos-pos-es-pba-10309	pos-es-pba-10309	1	positive	exclude_probable_name_false_positive	name/type looks like modern or non-castro heritage item	excluded_review	excluded	ES|A Coruña|Fisterra	ES	Galicia	A Coruña	Fisterra	Duio (San Vicenzo)	O Castro de Duio	Casa de Formoso en Castro	Xunta PBA Catálogo. Elementos (xuño 2026)	official_catalogue_seed	10309	-				-9.280805874558604	42.932686181636	catalogue_point_wgs84	medium_official_name_or_type	generic_castro_hint	unknown_terrain_pending_visual_review			P2	positive_seed_requires_qgis_boundary_review	110.0	-9.28394685,42.93038651,-9.27766490,42.93498586				exclude_until_independent_label_review	0.00	2026-08-01T00:00:00Z
wl-pos-pos-es-pba-11538	pos-es-pba-11538	1	positive	exclude_probable_name_false_positive	name/type looks like modern or non-castro heritage item	excluded_review	excluded	ES|A Coruña|Frades	ES	Galicia	A Coruña	Frades	Añá (Santa María)	Añá de Meus	Mámoa dos Castros	Xunta PBA Catálogo. Elementos (xuño 2026)	official_catalogue_seed	11538	GA15038038		-		-8.218762000246532	43.01782606769279	catalogue_point_wgs84	medium_official_name_or_type	generic_castro_hint	unknown_terrain_pending_visual_review			P2	positive_seed_requires_qgis_boundary_review	110.0	-8.22190732,43.01552639,-8.21561668,43.02012574				exclude_until_independent_label_review	0.00	2026-08-01T00:00:00Z
wl-pos-pos-es-pba-11477	pos-es-pba-11477	1	positive	exclude_ambiguous_positive_seed	positive seed too ambiguous for weak-label training	excluded_review	excluded	ES|A Coruña|Irixoa	ES	Galicia	A Coruña	Irixoa	Irixoa (San Lourenzo)	Pazo de Irixoa, O	Castrillón	Xunta PBA Catálogo. Elementos (xuño 2026)	official_catalogue_seed	11477	TO15039004		-		-8.063252789787368	43.28359328803748	catalogue_point_wgs84	medium_official_name_or_type	castrel_toponym_hint	unknown_terrain_pending_visual_review			P1	positive_seed_requires_qgis_boundary_review	100.0	-8.06641182,43.28129361,-8.06009376,43.28589296				exclude_until_independent_label_review	0.00	2026-08-01T00:00:00Z
wl-pos-pos-es-pba-10948	pos-es-pba-10948	1	positive	exclude_ambiguous_positive_seed	positive seed too ambiguous for weak-label training	excluded_review	excluded	ES|A Coruña|Laxe	ES	Galicia	A Coruña	Laxe	Soesto (Santo Estevo)	Castrelo	Castrelo	Xunta PBA Catálogo. Elementos (xuño 2026)	official_catalogue_seed	10948	GA15040009		-		-9.005401459489669	43.19468498839194	catalogue_point_wgs84	medium_official_name_or_type	castrel_toponym_hint	unknown_terrain_pending_visual_review			P1	positive_seed_requires_qgis_boundary_review	100.0	-9.00855588,43.19238531,-9.00224704,43.19698466				exclude_until_independent_label_review	0.00	2026-08-01T00:00:00Z
wl-pos-pos-es-pba-11050	pos-es-pba-11050	1	positive	exclude_probable_name_false_positive	name/type looks like modern or non-castro heritage item	excluded_review	excluded	ES|A Coruña|Laxe	ES	Galicia	A Coruña	Laxe	Soesto (Santo Estevo)	Castrelo	Cruceiro en Castrelo	Xunta PBA Catálogo. Elementos (xuño 2026)	official_catalogue_seed	11050	-		CRU		-9.007003086372636	43.19517461586881	catalogue_point_wgs84	medium_official_name_or_type	castrel_toponym_hint	unknown_terrain_pending_visual_review			P1	positive_seed_requires_qgis_boundary_review	100.0	-9.01015754,43.19287494,-9.00384864,43.19747429				exclude_until_independent_label_review	0.00	2026-08-01T00:00:00Z
wl-pos-pos-es-pba-11083	pos-es-pba-11083	1	positive	exclude_probable_name_false_positive	name/type looks like modern or non-castro heritage item	excluded_review	excluded	ES|A Coruña|Laxe	ES	Galicia	A Coruña	Laxe	Sarces (San Amedio)	Penelas	Cruz cerca de Castrelo	Xunta PBA Catálogo. Elementos (xuño 2026)	official_catalogue_seed	11083	-		CRU		-9.007125856478792	43.192536206452004	catalogue_point_wgs84	medium_official_name_or_type	castrel_toponym_hint	unknown_terrain_pending_visual_review			P1	positive_seed_requires_qgis_boundary_review	100.0	-9.01028017,43.19023653,-9.00397154,43.19483588				exclude_until_independent_label_review	0.00	2026-08-01T00:00:00Z
wl-pos-pos-es-pba-11323	pos-es-pba-11323	1	positive	exclude_ambiguous_positive_seed	positive seed too ambiguous for weak-label training	excluded_review	excluded	ES|A Coruña|Laxe	ES	Galicia	A Coruña	Laxe	Sarces (San Amedio)	Penelas	Pombal en Castrelo	Xunta PBA Catálogo. Elementos (xuño 2026)	official_catalogue_seed	11323	-		-		-9.006215211153812	43.19338270941495	catalogue_point_wgs84	medium_official_name_or_type	castrel_toponym_hint	unknown_terrain_pending_visual_review			P1	positive_seed_requires_qgis_boundary_review	100.0	-9.00936957,43.19108303,-9.00306085,43.19568239				exclude_until_independent_label_review	0.00	2026-08-01T00:00:00Z
wl-pos-pos-es-pba-11372	pos-es-pba-11372	1	positive	exclude_probable_name_false_positive	name/type looks like modern or non-castro heritage item	excluded_review	excluded	ES|A Coruña|Laxe	ES	Galicia	A Coruña	Laxe	Soesto (Santo Estevo)	Castrelo	Cabazo en Castrelo 1	Xunta PBA Catálogo. Elementos (xuño 2026)	official_catalogue_seed	11372	-		HOR		-9.006498144511	43.1921040140573	catalogue_point_wgs84	medium_official_name_or_type	castrel_toponym_hint	unknown_terrain_pending_visual_review			P1	positive_seed_requires_qgis_boundary_review	100.0	-9.00965244,43.18980434,-9.00334385,43.19440369				exclude_until_independent_label_review	0.00	2026-08-01T00:00:00Z
wl-pos-pos-es-pba-11373	pos-es-pba-11373	1	positive	exclude_probable_name_false_positive	name/type looks like modern or non-castro heritage item	excluded_review	excluded	ES|A Coruña|Laxe	ES	Galicia	A Coruña	Laxe	Soesto (Santo Estevo)	Castrelo	Cabazo en Castrelo 2	Xunta PBA Catálogo. Elementos (xuño 2026)	official_catalogue_seed	11373	-		HOR		-9.005907391945199	43.191977979062926	catalogue_point_wgs84	medium_official_name_or_type	castrel_toponym_hint	unknown_terrain_pending_visual_review			P1	positive_seed_requires_qgis_boundary_review	100.0	-9.00906168,43.18967830,-9.00275311,43.19427766				exclude_until_independent_label_review	0.00	2026-08-01T00:00:00Z
wl-pos-pos-es-pba-11374	pos-es-pba-11374	1	positive	exclude_probable_name_false_positive	name/type looks like modern or non-castro heritage item	excluded_review	excluded	ES|A Coruña|Laxe	ES	Galicia	A Coruña	Laxe	Soesto (Santo Estevo)	Castrelo	Cabazo en Castrelo 3	Xunta PBA Catálogo. Elementos (xuño 2026)	official_catalogue_seed	11374	-		HOR		-9.007187480079418	43.193283599828426	catalogue_point_wgs84	medium_official_name_or_type	castrel_toponym_hint	unknown_terrain_pending_visual_review			P1	positive_seed_requires_qgis_boundary_review	100.0	-9.01034183,43.19098392,-9.00403313,43.19558328				exclude_until_independent_label_review	0.00	2026-08-01T00:00:00Z
wl-pos-pos-es-pba-11375	pos-es-pba-11375	1	positive	exclude_probable_name_false_positive	name/type looks like modern or non-castro heritage item	excluded_review	excluded	ES|A Coruña|Laxe	ES	Galicia	A Coruña	Laxe	Soesto (Santo Estevo)	Castrelo	Cabazo en Castrelo 4	Xunta PBA Catálogo. Elementos (xuño 2026)	official_catalogue_seed	11375	-		HOR		-9.007101607561802	43.19568788236605	catalogue_point_wgs84	medium_official_name_or_type	castrel_toponym_hint	unknown_terrain_pending_visual_review			P1	positive_seed_requires_qgis_boundary_review	100.0	-9.01025608,43.19338821,-9.00394713,43.19798756				exclude_until_independent_label_review	0.00	2026-08-01T00:00:00Z
wl-pos-pos-es-pba-11378	pos-es-pba-11378	1	positive	exclude_probable_name_false_positive	name/type looks like modern or non-castro heritage item	excluded_review	excluded	ES|A Coruña|Laxe	ES	Galicia	A Coruña	Laxe	Laxe (Santa María)	Areal, O	Casa na rúa Rosalía de Castro 1	Xunta PBA Catálogo. Elementos (xuño 2026)	official_catalogue_seed	11378	-		-		-9.005208238173948	43.21959562904118	catalogue_point_wgs84	medium_official_name_or_type	generic_castro_hint	unknown_terrain_pending_visual_review			P2	positive_seed_requires_qgis_boundary_review	110.0	-9.00836395,43.21729595,-9.00205253,43.22189531				exclude_until_independent_label_review	0.00	2026-08-01T00:00:00Z
wl-pos-pos-es-pba-11379	pos-es-pba-11379	1	positive	exclude_probable_name_false_positive	name/type looks like modern or non-castro heritage item	excluded_review	excluded	ES|A Coruña|Laxe	ES	Galicia	A Coruña	Laxe	Laxe (Santa María)	Bieiteiro, O	Casa na rúa Rosalía de Castro 12	Xunta PBA Catálogo. Elementos (xuño 2026)	official_catalogue_seed	11379	-		-		-9.005688591075737	43.22132451670334	catalogue_point_wgs84	medium_official_name_or_type	generic_castro_hint	unknown_terrain_pending_visual_review			P2	positive_seed_requires_qgis_boundary_review	110.0	-9.00884439,43.21902484,-9.00253279,43.22362419				exclude_until_independent_label_review	0.00	2026-08-01T00:00:00Z
wl-pos-pos-es-pba-11380	pos-es-pba-11380	1	positive	exclude_probable_name_false_positive	name/type looks like modern or non-castro heritage item	excluded_review	excluded	ES|A Coruña|Laxe	ES	Galicia	A Coruña	Laxe	Laxe (Santa María)	Rías, As	Casa na rúa Rosalía de Castro 2	Xunta PBA Catálogo. Elementos (xuño 2026)	official_catalogue_seed	11380	-		-		-9.004925265365506	43.222297064059966	catalogue_point_wgs84	medium_official_name_or_type	generic_castro_hint	unknown_terrain_pending_visual_review			P2	positive_seed_requires_qgis_boundary_review	110.0	-9.00808112,43.21999739,-9.00176941,43.22459674				exclude_until_independent_label_review	0.00	2026-08-01T00:00:00Z
wl-pos-pos-es-pba-11381	pos-es-pba-11381	1	positive	exclude_probable_name_false_positive	name/type looks like modern or non-castro heritage item	excluded_review	excluded	ES|A Coruña|Laxe	ES	Galicia	A Coruña	Laxe	Laxe (Santa María)	Cova Grande, A	Casa na rúa Rosalía de Castro 23	Xunta PBA Catálogo. Elementos (xuño 2026)	official_catalogue_seed	11381	-		-		-9.004924997186656	43.21896530948738	catalogue_point_wgs84	medium_official_name_or_type	generic_castro_hint	unknown_terrain_pending_visual_review			P2	positive_seed_requires_qgis_boundary_review	110.0	-9.00808068,43.21666563,-9.00176932,43.22126499				exclude_until_independent_label_review	0.00	2026-08-01T00:00:00Z
wl-pos-pos-es-pba-11382	pos-es-pba-11382	1	positive	exclude_probable_name_false_positive	name/type looks like modern or non-castro heritage item	excluded_review	excluded	ES|A Coruña|Laxe	ES	Galicia	A Coruña	Laxe	Laxe (Santa María)	Areal, O	Casa na rúa Rosalía de Castro 3	Xunta PBA Catálogo. Elementos (xuño 2026)	official_catalogue_seed	11382	-		-		-9.00518360606909	43.21951458746552	catalogue_point_wgs84	medium_official_name_or_type	generic_castro_hint	unknown_terrain_pending_visual_review			P2	positive_seed_requires_qgis_boundary_review	110.0	-9.00833931,43.21721491,-9.00202790,43.22181426				exclude_until_independent_label_review	0.00	2026-08-01T00:00:00Z
wl-pos-pos-es-pba-11383	pos-es-pba-11383	1	positive	exclude_probable_name_false_positive	name/type looks like modern or non-castro heritage item	excluded_review	excluded	ES|A Coruña|Laxe	ES	Galicia	A Coruña	Laxe	Laxe (Santa María)	Areal, O	Casa na rúa Rosalía de Castro 32	Xunta PBA Catálogo. Elementos (xuño 2026)	official_catalogue_seed	11383	-		-		-9.00592244681527	43.22038801169273	catalogue_point_wgs84	medium_official_name_or_type	generic_castro_hint	unknown_terrain_pending_visual_review			P2	positive_seed_requires_qgis_boundary_review	110.0	-9.00907820,43.21808834,-9.00276669,43.22268769				exclude_until_independent_label_review	0.00	2026-08-01T00:00:00Z
wl-pos-pos-es-pba-11384	pos-es-pba-11384	1	positive	exclude_probable_name_false_positive	name/type looks like modern or non-castro heritage item	excluded_review	excluded	ES|A Coruña|Laxe	ES	Galicia	A Coruña	Laxe	Laxe (Santa María)	Areal, O	Casa na rúa Rosalía de Castro 46	Xunta PBA Catálogo. Elementos (xuño 2026)	official_catalogue_seed	11384	-		-		-9.005602260143096	43.21979371478393	catalogue_point_wgs84	medium_official_name_or_type	generic_castro_hint	unknown_terrain_pending_visual_review			P2	positive_seed_requires_qgis_boundary_review	110.0	-9.00875798,43.21749404,-9.00244654,43.22209339				exclude_until_independent_label_review	0.00	2026-08-01T00:00:00Z
wl-pos-pos-es-pba-11385	pos-es-pba-11385	1	positive	exclude_probable_name_false_positive	name/type looks like modern or non-castro heritage item	excluded_review	excluded	ES|A Coruña|Laxe	ES	Galicia	A Coruña	Laxe	Laxe (Santa María)	Cova Grande, A	Casa na rúa Rosalía de Castro 68	Xunta PBA Catálogo. Elementos (xuño 2026)	official_catalogue_seed	11385	-		-		-9.005257401228109	43.21857809065726	catalogue_point_wgs84	medium_official_name_or_type	generic_castro_hint	unknown_terrain_pending_visual_review			P2	positive_seed_requires_qgis_boundary_review	110.0	-9.00841306,43.21627841,-9.00210174,43.22087777				exclude_until_independent_label_review	0.00	2026-08-01T00:00:00Z
wl-pos-pos-es-pba-11402	pos-es-pba-11402	1	positive	exclude_probable_name_false_positive	name/type looks like modern or non-castro heritage item	excluded_review	excluded	ES|A Coruña|Laxe	ES	Galicia	A Coruña	Laxe	Soesto (Santo Estevo)	Castrelo	Cabazo en Castrelo 5	Xunta PBA Catálogo. Elementos (xuño 2026)	official_catalogue_seed	11402	-		HOR		-9.00657233299161	43.195327722722325	catalogue_point_wgs84	medium_official_name_or_type	castrel_toponym_hint	unknown_terrain_pending_visual_review			P1	positive_seed_requires_qgis_boundary_review	100.0	-9.00972679,43.19302805,-9.00341788,43.19762740				exclude_until_independent_label_review	0.00	2026-08-01T00:00:00Z
wl-pos-pos-es-pba-11403	pos-es-pba-11403	1	positive	exclude_probable_name_false_positive	name/type looks like modern or non-castro heritage item	excluded_review	excluded	ES|A Coruña|Laxe	ES	Galicia	A Coruña	Laxe	Soesto (Santo Estevo)	Castrelo	Cabazo en Castrelo 6	Xunta PBA Catálogo. Elementos (xuño 2026)	official_catalogue_seed	11403	-		HOR		-9.008184657706664	43.195408661778615	catalogue_point_wgs84	medium_official_name_or_type	castrel_toponym_hint	unknown_terrain_pending_visual_review			P1	positive_seed_requires_qgis_boundary_review	100.0	-9.01133912,43.19310899,-9.00503020,43.19770834				exclude_until_independent_label_review	0.00	2026-08-01T00:00:00Z
wl-pos-pos-es-pba-11408	pos-es-pba-11408	1	positive	exclude_probable_name_false_positive	name/type looks like modern or non-castro heritage item	excluded_review	excluded	ES|A Coruña|Laxe	ES	Galicia	A Coruña	Laxe	Laxe (Santa María)	Rías, As	Casa na rúa Rosalía de Castro 8	Xunta PBA Catálogo. Elementos (xuño 2026)	official_catalogue_seed	11408	-		-		-9.005577827724595	43.22190983029376	catalogue_point_wgs84	medium_official_name_or_type	generic_castro_hint	unknown_terrain_pending_visual_review			P2	positive_seed_requires_qgis_boundary_review	110.0	-9.00873366,43.21961015,-9.00242200,43.22420951				exclude_until_independent_label_review	0.00	2026-08-01T00:00:00Z
wl-pos-pos-es-pba-12857	pos-es-pba-12857	1	positive	exclude_probable_name_false_positive	name/type looks like modern or non-castro heritage item	excluded_review	excluded	ES|A Coruña|Lousame	ES	Galicia	A Coruña	Lousame	Lousame (San Xoán)	Castro, O	Cruceiro do Castro	Xunta PBA Catálogo. Elementos (xuño 2026)	official_catalogue_seed	12857	-		CRU		-8.844908629866135	42.79101991318774	catalogue_point_wgs84	medium_official_name_or_type	generic_castro_hint	unknown_terrain_pending_visual_review			P2	positive_seed_requires_qgis_boundary_review	110.0	-8.84804240,42.78872024,-8.84177486,42.79331959				exclude_until_independent_label_review	0.00	2026-08-01T00:00:00Z
wl-pos-pos-es-pba-12926	pos-es-pba-12926	1	positive	exclude_probable_name_false_positive	name/type looks like modern or non-castro heritage item	excluded_review	excluded	ES|A Coruña|Lousame	ES	Galicia	A Coruña	Lousame	Lousame (San Xoán)	Castro, O	Fonte de Castro	Xunta PBA Catálogo. Elementos (xuño 2026)	official_catalogue_seed	12926	-		-		-8.844284835444148	42.791100115441004	catalogue_point_wgs84	medium_official_name_or_type	generic_castro_hint	unknown_terrain_pending_visual_review			P2	positive_seed_requires_qgis_boundary_review	110.0	-8.84741861,42.78880044,-8.84115106,42.79339979				exclude_until_independent_label_review	0.00	2026-08-01T00:00:00Z
wl-pos-pos-es-pba-12759	pos-es-pba-12759	1	positive	exclude_ambiguous_positive_seed	positive seed too ambiguous for weak-label training	excluded_review	excluded	ES|A Coruña|Malpica de Bergantiños	ES	Galicia	A Coruña	Malpica de Bergantiños	Leiloio (Santa María)	Brión	Castrelo	Xunta PBA Catálogo. Elementos (xuño 2026)	official_catalogue_seed	12759	TO15043001		-		-8.755822095956619	43.26237330394936	catalogue_point_wgs84	medium_official_name_or_type	castrel_toponym_hint	unknown_terrain_pending_visual_review			P1	positive_seed_requires_qgis_boundary_review	100.0	-8.75898003,43.26007363,-8.75266417,43.26467298				exclude_until_independent_label_review	0.00	2026-08-01T00:00:00Z
wl-pos-pos-es-pba-12013	pos-es-pba-12013	1	positive	exclude_probable_name_false_positive	name/type looks like modern or non-castro heritage item	excluded_review	excluded	ES|A Coruña|Melide	ES	Galicia	A Coruña	Melide	San Cibrao (San Xoán)	Cazallas, As	Igrexa de Castro e San Cibrao nas Cazallas	Xunta PBA Catálogo. Elementos (xuño 2026)	official_catalogue_seed	12013	-	Igrexa	-		-8.025123123679167	42.92614186056911	catalogue_point_wgs84	medium_official_name_or_type	generic_castro_hint	unknown_terrain_pending_visual_review			P2	positive_seed_requires_qgis_boundary_review	110.0	-8.02826376,42.92384218,-8.02198249,42.92844154				exclude_until_independent_label_review	0.00	2026-08-01T00:00:00Z
wl-pos-pos-es-pba-12393	pos-es-pba-12393	1	positive	exclude_probable_name_false_positive	name/type looks like modern or non-castro heritage item	excluded_review	excluded	ES|A Coruña|Melide	ES	Galicia	A Coruña	Melide	Castro (San Tomé)	Castro	Casa grande Castro	Xunta PBA Catálogo. Elementos (xuño 2026)	official_catalogue_seed	12393	-		-		-8.026116386737272	42.92998649142159	catalogue_point_wgs84	medium_official_name_or_type	generic_castro_hint	unknown_terrain_pending_visual_review			P2	positive_seed_requires_qgis_boundary_review	110.0	-8.02925722,42.92768681,-8.02297555,42.93228617				exclude_until_independent_label_review	0.00	2026-08-01T00:00:00Z
wl-pos-pos-es-pba-11949	pos-es-pba-11949	1	positive	exclude_probable_name_false_positive	name/type looks like modern or non-castro heritage item	excluded_review	excluded	ES|A Coruña|Mesía	ES	Galicia	A Coruña	Mesía	Castro (San Sebastián)	Igrexa, A	Cruceiro de Castro	Xunta PBA Catálogo. Elementos (xuño 2026)	official_catalogue_seed	11949	-		CRU		-8.176493046783989	43.063216842905526	catalogue_point_wgs84	medium_official_name_or_type	generic_castro_hint	unknown_terrain_pending_visual_review			P2	positive_seed_requires_qgis_boundary_review	110.0	-8.17964070,43.06091717,-8.17334540,43.06551652				exclude_until_independent_label_review	0.00	2026-08-01T00:00:00Z
wl-pos-pos-es-pba-12168	pos-es-pba-12168	1	positive	exclude_probable_name_false_positive	name/type looks like modern or non-castro heritage item	excluded_review	excluded	ES|A Coruña|Mesía	ES	Galicia	A Coruña	Mesía	Castro (San Sebastián)	Lago, O	Hórreos da parroquia de Castro	Xunta PBA Catálogo. Elementos (xuño 2026)	official_catalogue_seed	12168	-		HOR		-8.170009507055008	43.06769947718564	catalogue_point_wgs84	medium_official_name_or_type	generic_castro_hint	unknown_terrain_pending_visual_review			P2	positive_seed_requires_qgis_boundary_review	110.0	-8.17315739,43.06539980,-8.16686163,43.06999915				exclude_until_independent_label_review	0.00	2026-08-01T00:00:00Z
wl-pos-pos-es-pba-12169	pos-es-pba-12169	1	positive	exclude_probable_name_false_positive	name/type looks like modern or non-castro heritage item	excluded_review	excluded	ES|A Coruña|Mesía	ES	Galicia	A Coruña	Mesía	Castro (San Sebastián)	Pazo, O - Igrexa, A	Hórreos da parroquia de Castro	Xunta PBA Catálogo. Elementos (xuño 2026)	official_catalogue_seed	12169	-		HOR		-8.176935120286037	43.06413852576739	catalogue_point_wgs84	medium_official_name_or_type	generic_castro_hint	unknown_terrain_pending_visual_review			P2	positive_seed_requires_qgis_boundary_review	110.0	-8.18008282,43.06183885,-8.17378742,43.06643820				exclude_until_independent_label_review	0.00	2026-08-01T00:00:00Z
wl-pos-pos-es-pba-12170	pos-es-pba-12170	1	positive	exclude_probable_name_false_positive	name/type looks like modern or non-castro heritage item	excluded_review	excluded	ES|A Coruña|Mesía	ES	Galicia	A Coruña	Mesía	Castro (San Sebastián)	Gosende	Hórreos da parroquia de Castro	Xunta PBA Catálogo. Elementos (xuño 2026)	official_catalogue_seed	12170	-		HOR		-8.1756920506663	43.05975318321562	catalogue_point_wgs84	medium_official_name_or_type	generic_castro_hint	unknown_terrain_pending_visual_review			P2	positive_seed_requires_qgis_boundary_review	110.0	-8.17883952,43.05745351,-8.17254458,43.06205286				exclude_until_independent_label_review	0.00	2026-08-01T00:00:00Z
wl-pos-pos-es-pba-12171	pos-es-pba-12171	1	positive	exclude_probable_name_false_positive	name/type looks like modern or non-castro heritage item	excluded_review	excluded	ES|A Coruña|Mesía	ES	Galicia	A Coruña	Mesía	Castro (San Sebastián)	Gosende	Hórreos da parroquia de Castro	Xunta PBA Catálogo. Elementos (xuño 2026)	official_catalogue_seed	12171	-		HOR		-8.17565545398371	43.05973490973093	catalogue_point_wgs84	medium_official_name_or_type	generic_castro_hint	unknown_terrain_pending_visual_review			P2	positive_seed_requires_qgis_boundary_review	110.0	-8.17880293,43.05743523,-8.17250798,43.06203459				exclude_until_independent_label_review	0.00	2026-08-01T00:00:00Z
wl-pos-pos-es-pba-12172	pos-es-pba-12172	1	positive	exclude_probable_name_false_positive	name/type looks like modern or non-castro heritage item	excluded_review	excluded	ES|A Coruña|Mesía	ES	Galicia	A Coruña	Mesía	Castro (San Sebastián)	Vila, A	Hórreos da parroquia de Castro	Xunta PBA Catálogo. Elementos (xuño 2026)	official_catalogue_seed	12172	-		HOR		-8.17385597381143	43.06113570688902	catalogue_point_wgs84	medium_official_name_or_type	generic_castro_hint	unknown_terrain_pending_visual_review			P2	positive_seed_requires_qgis_boundary_review	110.0	-8.17700352,43.05883603,-8.17070843,43.06343538				exclude_until_independent_label_review	0.00	2026-08-01T00:00:00Z
wl-pos-pos-es-pba-12432	pos-es-pba-12432	1	positive	exclude_probable_name_false_positive	name/type looks like modern or non-castro heritage item	excluded_review	excluded	ES|A Coruña|Mesía	ES	Galicia	A Coruña	Mesía	Castro (San Sebastián)	Igrexa, A	Casa reitoral de San Sebastián de Castro	Xunta PBA Catálogo. Elementos (xuño 2026)	official_catalogue_seed	12432	-		-		-8.176959928062116	43.06320219193149	catalogue_point_wgs84	medium_official_name_or_type	generic_castro_hint	unknown_terrain_pending_visual_review			P2	positive_seed_requires_qgis_boundary_review	110.0	-8.18010758,43.06090252,-8.17381228,43.06550187				exclude_until_independent_label_review	0.00	2026-08-01T00:00:00Z
wl-pos-pos-es-pba-13719	pos-es-pba-13719	1	positive	exclude_probable_name_false_positive	name/type looks like modern or non-castro heritage item	excluded_review	excluded	ES|A Coruña|Mesía	ES	Galicia	A Coruña	Mesía	Castro (San Sebastián)	Vila, A	Pazo de Castro	Xunta PBA Catálogo. Elementos (xuño 2026)	official_catalogue_seed	13719	-	Residencial	-		-8.173370234134044	43.06072697731934	catalogue_point_wgs84	medium_official_name_or_type	generic_castro_hint	unknown_terrain_pending_visual_review			P2	positive_seed_requires_qgis_boundary_review	110.0	-8.17651776,43.05842730,-8.17022271,43.06302665				exclude_until_independent_label_review	0.00	2026-08-01T00:00:00Z
wl-pos-pos-es-pba-14172	pos-es-pba-14172	1	positive	exclude_probable_name_false_positive	name/type looks like modern or non-castro heritage item	excluded_review	excluded	ES|A Coruña|Mesía	ES	Galicia	A Coruña	Mesía	Castro (San Sebastián)	Igrexa, A	Igrexa de Castro (Parroquial de San Sebastián)	Xunta PBA Catálogo. Elementos (xuño 2026)	official_catalogue_seed	14172	-	Igrexa	-		-8.176265031090853	43.06281898503629	catalogue_point_wgs84	medium_official_name_or_type	generic_castro_hint	unknown_terrain_pending_visual_review			P2	positive_seed_requires_qgis_boundary_review	110.0	-8.17941266,43.06051931,-8.17311740,43.06511866				exclude_until_independent_label_review	0.00	2026-08-01T00:00:00Z
wl-pos-pos-es-pba-13836	pos-es-pba-13836	1	positive	exclude_probable_name_false_positive	name/type looks like modern or non-castro heritage item	excluded_review	excluded	ES|A Coruña|Miño	ES	Galicia	A Coruña	Miño	Castro (Santa María)	Bañobre	Casa reitoral de Santa María de Castro	Xunta PBA Catálogo. Elementos (xuño 2026)	official_catalogue_seed	13836	-		-		-8.198217063517756	43.35934660175386	catalogue_point_wgs84	medium_official_name_or_type	coastal_promontory_hint	coastal_or_promontory_proxy			P0	positive_seed_requires_qgis_boundary_review	150.0	-8.20138004,43.35704693,-8.19505409,43.36164628	41.17	weak_centered_ring_signal	include_visual_signal_metric_eval	exclude_until_independent_label_review	0.00	2026-08-01T00:00:00Z
wl-pos-pos-es-pba-13918	pos-es-pba-13918	1	positive	exclude_probable_name_false_positive	name/type looks like modern or non-castro heritage item	excluded_review	excluded	ES|A Coruña|Miño	ES	Galicia	A Coruña	Miño	Castro (Santa María)	Bañobre	Igrexa de Castro (Parroquial de Santa María)	Xunta PBA Catálogo. Elementos (xuño 2026)	official_catalogue_seed	13918	-	Igrexa	-		-8.191643290828729	43.36370350989318	catalogue_point_wgs84	medium_official_name_or_type	coastal_promontory_hint	coastal_or_promontory_proxy			P0	positive_seed_requires_qgis_boundary_review	150.0	-8.19480649,43.36140383,-8.18848009,43.36600319				exclude_until_independent_label_review	0.00	2026-08-01T00:00:00Z
wl-pos-pos-es-pba-13961	pos-es-pba-13961	1	positive	exclude_ambiguous_positive_seed	positive seed too ambiguous for weak-label training	excluded_review	excluded	ES|A Coruña|Miño	ES	Galicia	A Coruña	Miño	Leiro (San Salvador)	Outeiro, O	O Castrelo	Xunta PBA Catálogo. Elementos (xuño 2026)	official_catalogue_seed	13961	TO15048001		-		-8.182972429597006	43.37250227694924	catalogue_point_wgs84	medium_official_name_or_type	castrel_toponym_hint	unknown_terrain_pending_visual_review			P1	positive_seed_requires_qgis_boundary_review	100.0	-8.18613609,43.37020260,-8.17980877,43.37480195				exclude_until_independent_label_review	0.00	2026-08-01T00:00:00Z
wl-pos-pos-es-pba-13364	pos-es-pba-13364	1	positive	exclude_probable_name_false_positive	name/type looks like modern or non-castro heritage item	excluded_review	excluded	ES|A Coruña|Muros	ES	Galicia	A Coruña	Muros	Muros (San Pedro)	Muros	Hórreo na Rúa Rosalía de Castro	Xunta PBA Catálogo. Elementos (xuño 2026)	official_catalogue_seed	13364	-		HOR		-9.056987654837652	42.77343308718531	catalogue_point_wgs84	medium_official_name_or_type	generic_castro_hint	unknown_terrain_pending_visual_review			P2	positive_seed_requires_qgis_boundary_review	110.0	-9.06012054,42.77113341,-9.05385477,42.77573276				exclude_until_independent_label_review	0.00	2026-08-01T00:00:00Z
wl-pos-pos-es-pba-13365	pos-es-pba-13365	1	positive	exclude_probable_name_false_positive	name/type looks like modern or non-castro heritage item	excluded_review	excluded	ES|A Coruña|Muros	ES	Galicia	A Coruña	Muros	Muros (San Pedro)	Muros	Hórreo na Rúa Rosalía de Castro	Xunta PBA Catálogo. Elementos (xuño 2026)	official_catalogue_seed	13365	-		HOR		-9.058234041194902	42.772955171424265	catalogue_point_wgs84	medium_official_name_or_type	generic_castro_hint	unknown_terrain_pending_visual_review			P2	positive_seed_requires_qgis_boundary_review	110.0	-9.06136690,42.77065549,-9.05510118,42.77525485				exclude_until_independent_label_review	0.00	2026-08-01T00:00:00Z
wl-pos-pos-es-pba-14809	pos-es-pba-14809	1	positive	exclude_probable_name_false_positive	name/type looks like modern or non-castro heritage item	excluded_review	excluded	ES|A Coruña|Muros	ES	Galicia	A Coruña	Muros	Muros (San Pedro)	Muros	Vivenda na rúa Rosalía de Castro 32	Xunta PBA Catálogo. Elementos (xuño 2026)	official_catalogue_seed	14809	-		-		-9.057158797134711	42.77344200734325	catalogue_point_wgs84	medium_official_name_or_type	generic_castro_hint	unknown_terrain_pending_visual_review			P2	positive_seed_requires_qgis_boundary_review	110.0	-9.06029168,42.77114233,-9.05402591,42.77574168				exclude_until_independent_label_review	0.00	2026-08-01T00:00:00Z
wl-pos-pos-es-pba-14810	pos-es-pba-14810	1	positive	exclude_probable_name_false_positive	name/type looks like modern or non-castro heritage item	excluded_review	excluded	ES|A Coruña|Muros	ES	Galicia	A Coruña	Muros	Muros (San Pedro)	Muros	Vivenda na rúa Rosalía de Castro 6	Xunta PBA Catálogo. Elementos (xuño 2026)	official_catalogue_seed	14810	-		ESC		-9.055864136348747	42.7746313652102	catalogue_point_wgs84	medium_official_name_or_type	generic_castro_hint	unknown_terrain_pending_visual_review			P2	positive_seed_requires_qgis_boundary_review	110.0	-9.05899708,42.77233169,-9.05273119,42.77693104				exclude_until_independent_label_review	0.00	2026-08-01T00:00:00Z
wl-pos-pos-es-pba-14850	pos-es-pba-14850	1	positive	exclude_probable_name_false_positive	name/type looks like modern or non-castro heritage item	excluded_review	excluded	ES|A Coruña|Muros	ES	Galicia	A Coruña	Muros	Tal (Santiago)	Tal de Abaixo	Petróglifo de Chan de Castro, Agro do Castro	Xunta PBA Catálogo. Elementos (xuño 2026)	official_catalogue_seed	14850	GA15053001		ARU		-9.010702247683517	42.78700643078871	catalogue_point_wgs84	medium_official_name_or_type	generic_castro_hint	unknown_terrain_pending_visual_review			P2	positive_seed_requires_qgis_boundary_review	110.0	-9.01383582,42.78470675,-9.00756868,42.78930611				exclude_until_independent_label_review	0.00	2026-08-01T00:00:00Z
wl-pos-pos-es-pba-15059	pos-es-pba-15059	1	positive	exclude_probable_name_false_positive	name/type looks like modern or non-castro heritage item	excluded_review	excluded	ES|A Coruña|Muros	ES	Galicia	A Coruña	Muros	Muros (San Pedro)	Muros	Vivenda na rúa da Alameda 1-Rúa Rosalía de Castro 38	Xunta PBA Catálogo. Elementos (xuño 2026)	official_catalogue_seed	15059	-		-		-9.057720718366118	42.773036480333204	catalogue_point_wgs84	medium_official_name_or_type	generic_castro_hint	unknown_terrain_pending_visual_review			P2	positive_seed_requires_qgis_boundary_review	110.0	-9.06085358,42.77073680,-9.05458786,42.77533616				exclude_until_independent_label_review	0.00	2026-08-01T00:00:00Z
wl-pos-pos-es-pba-15064	pos-es-pba-15064	1	positive	exclude_probable_name_false_positive	name/type looks like modern or non-castro heritage item	excluded_review	excluded	ES|A Coruña|Muros	ES	Galicia	A Coruña	Muros	Muros (San Pedro)	Muros	Vivenda na rúa de Rosalía de Castro 46	Xunta PBA Catálogo. Elementos (xuño 2026)	official_catalogue_seed	15064	-		-		-9.058356135104933	42.7728020166445	catalogue_point_wgs84	medium_official_name_or_type	generic_castro_hint	unknown_terrain_pending_visual_review			P2	positive_seed_requires_qgis_boundary_review	110.0	-9.06148899,42.77050234,-9.05522328,42.77510169				exclude_until_independent_label_review	0.00	2026-08-01T00:00:00Z
wl-pos-pos-es-pba-15065	pos-es-pba-15065	1	positive	exclude_probable_name_false_positive	name/type looks like modern or non-castro heritage item	excluded_review	excluded	ES|A Coruña|Muros	ES	Galicia	A Coruña	Muros	Muros (San Pedro)	Muros	Vivenda na rúa de Rosalía de Castro 48-50	Xunta PBA Catálogo. Elementos (xuño 2026)	official_catalogue_seed	15065	-		-		-9.058466148709766	42.772801960533215	catalogue_point_wgs84	medium_official_name_or_type	generic_castro_hint	unknown_terrain_pending_visual_review			P2	positive_seed_requires_qgis_boundary_review	110.0	-9.06159900,42.77050228,-9.05533330,42.77510164				exclude_until_independent_label_review	0.00	2026-08-01T00:00:00Z
wl-pos-pos-es-pba-15104	pos-es-pba-15104	1	positive	exclude_probable_name_false_positive	name/type looks like modern or non-castro heritage item	excluded_review	excluded	ES|A Coruña|Muros	ES	Galicia	A Coruña	Muros	Muros (San Pedro)	Muros	Vivenda na rúa Rosalía de Castro 14	Xunta PBA Catálogo. Elementos (xuño 2026)	official_catalogue_seed	15104	-		-		-9.056621464116695	42.77400961746404	catalogue_point_wgs84	medium_official_name_or_type	generic_castro_hint	unknown_terrain_pending_visual_review			P2	positive_seed_requires_qgis_boundary_review	110.0	-9.05975438,42.77170994,-9.05348855,42.77630929				exclude_until_independent_label_review	0.00	2026-08-01T00:00:00Z
wl-pos-pos-es-pba-15105	pos-es-pba-15105	1	positive	exclude_probable_name_false_positive	name/type looks like modern or non-castro heritage item	excluded_review	excluded	ES|A Coruña|Muros	ES	Galicia	A Coruña	Muros	Muros (San Pedro)	Muros	Vivenda na rúa Rosalía de Castro 16	Xunta PBA Catálogo. Elementos (xuño 2026)	official_catalogue_seed	15105	-		-		-9.056645879231231	42.77397358360175	catalogue_point_wgs84	medium_official_name_or_type	generic_castro_hint	unknown_terrain_pending_visual_review			P2	positive_seed_requires_qgis_boundary_review	110.0	-9.05977879,42.77167391,-9.05351297,42.77627326				exclude_until_independent_label_review	0.00	2026-08-01T00:00:00Z
wl-pos-pos-es-pba-15106	pos-es-pba-15106	1	positive	exclude_probable_name_false_positive	name/type looks like modern or non-castro heritage item	excluded_review	excluded	ES|A Coruña|Muros	ES	Galicia	A Coruña	Muros	Muros (San Pedro)	Muros	Vivenda na rúa Rosalía de Castro 19	Xunta PBA Catálogo. Elementos (xuño 2026)	official_catalogue_seed	15106	-		-		-9.056192949353505	42.77326237636678	catalogue_point_wgs84	medium_official_name_or_type	generic_castro_hint	unknown_terrain_pending_visual_review			P2	positive_seed_requires_qgis_boundary_review	110.0	-9.05932582,42.77096270,-9.05306007,42.77556205				exclude_until_independent_label_review	0.00	2026-08-01T00:00:00Z
wl-pos-pos-es-pba-15107	pos-es-pba-15107	1	positive	exclude_probable_name_false_positive	name/type looks like modern or non-castro heritage item	excluded_review	excluded	ES|A Coruña|Muros	ES	Galicia	A Coruña	Muros	Muros (San Pedro)	Muros	Vivenda na rúa Rosalía de Castro 20	Xunta PBA Catálogo. Elementos (xuño 2026)	official_catalogue_seed	15107	-		-		-9.05668249363746	42.77391052735494	catalogue_point_wgs84	medium_official_name_or_type	generic_castro_hint	unknown_terrain_pending_visual_review			P2	positive_seed_requires_qgis_boundary_review	110.0	-9.05981540,42.77161085,-9.05354959,42.77621020				exclude_until_independent_label_review	0.00	2026-08-01T00:00:00Z
wl-pos-pos-es-pba-15108	pos-es-pba-15108	1	positive	exclude_probable_name_false_positive	name/type looks like modern or non-castro heritage item	excluded_review	excluded	ES|A Coruña|Muros	ES	Galicia	A Coruña	Muros	Muros (San Pedro)	Muros	Vivenda na rúa Rosalía de Castro 21	Xunta PBA Catálogo. Elementos (xuño 2026)	official_catalogue_seed	15108	-		-		-9.056192949353505	42.77326237636678	catalogue_point_wgs84	medium_official_name_or_type	generic_castro_hint	unknown_terrain_pending_visual_review			P2	positive_seed_requires_qgis_boundary_review	110.0	-9.05932582,42.77096270,-9.05306007,42.77556205				exclude_until_independent_label_review	0.00	2026-08-01T00:00:00Z
wl-pos-pos-es-pba-15279	pos-es-pba-15279	1	positive	exclude_probable_name_false_positive	name/type looks like modern or non-castro heritage item	excluded_review	excluded	ES|A Coruña|Muros	ES	Galicia	A Coruña	Muros	Muros (San Pedro)	Muros	Muro de peche na Rúa Rosalía de Castro	Xunta PBA Catálogo. Elementos (xuño 2026)	official_catalogue_seed	15279	-		-		-9.057024698202211	42.77383831389224	catalogue_point_wgs84	medium_official_name_or_type	generic_castro_hint	unknown_terrain_pending_visual_review			P2	positive_seed_requires_qgis_boundary_review	110.0	-9.06015760,42.77153864,-9.05389179,42.77613799				exclude_until_independent_label_review	0.00	2026-08-01T00:00:00Z
wl-pos-pos-es-pba-15280	pos-es-pba-15280	1	positive	exclude_probable_name_false_positive	name/type looks like modern or non-castro heritage item	excluded_review	excluded	ES|A Coruña|Muros	ES	Galicia	A Coruña	Muros	Muros (San Pedro)	Muros	Muro de peche na Rúa Rosalía de Castro	Xunta PBA Catálogo. Elementos (xuño 2026)	official_catalogue_seed	15280	-		-		-9.058624963819712	42.77270281940517	catalogue_point_wgs84	medium_official_name_or_type	generic_castro_hint	unknown_terrain_pending_visual_review			P2	positive_seed_requires_qgis_boundary_review	110.0	-9.06175781,42.77040314,-9.05549212,42.77500250				exclude_until_independent_label_review	0.00	2026-08-01T00:00:00Z
wl-pos-pos-es-pba-13031	pos-es-pba-13031	1	positive	exclude_probable_name_false_positive	name/type looks like modern or non-castro heritage item	excluded_review	excluded	ES|A Coruña|Muxía	ES	Galicia	A Coruña	Muxía	Moraime (San Xulián)	Xanzón	Mámoa do Prado do Castro	Xunta PBA Catálogo. Elementos (xuño 2026)	official_catalogue_seed	13031	GA15052060		-		-9.215901634040591	43.070489546715024	catalogue_point_wgs84	medium_official_name_or_type	generic_castro_hint	unknown_terrain_pending_visual_review			P2	positive_seed_requires_qgis_boundary_review	110.0	-9.21904966,43.06818987,-9.21275361,43.07278922				exclude_until_independent_label_review	0.00	2026-08-01T00:00:00Z
wl-pos-pos-es-pba-13543	pos-es-pba-13543	1	positive	exclude_probable_name_false_positive	name/type looks like modern or non-castro heritage item	excluded_review	excluded	ES|A Coruña|Muxía	ES	Galicia	A Coruña	Muxía	Coucieiro (San Pedro)	Castro, O	Cruceiro de Santo Outelo de Castro	Xunta PBA Catálogo. Elementos (xuño 2026)	official_catalogue_seed	13543	-		CRU		-9.158255843291144	43.02472841007093	catalogue_point_wgs84	medium_official_name_or_type	generic_castro_hint	unknown_terrain_pending_visual_review			P2	positive_seed_requires_qgis_boundary_review	110.0	-9.16140152,43.02242873,-9.15511017,43.02702809				exclude_until_independent_label_review	0.00	2026-08-01T00:00:00Z
wl-pos-pos-es-pba-14188	pos-es-pba-14188	1	positive	exclude_probable_name_false_positive	name/type looks like modern or non-castro heritage item	excluded_review	excluded	ES|A Coruña|Narón	ES	Galicia	A Coruña	Narón	Castro (Santa María)	Nelle	Igrexa de Castro (Parroquial de Santa María)	Xunta PBA Catálogo. Elementos (xuño 2026)	official_catalogue_seed	14188	-	Igrexa	-		-8.177606884171155	43.54458129124847	catalogue_point_wgs84	medium_official_name_or_type	coastal_promontory_hint	coastal_or_promontory_proxy			P0	positive_seed_requires_qgis_boundary_review	150.0	-8.18077956,43.54228161,-8.17443421,43.54688097				exclude_until_independent_label_review	0.00	2026-08-01T00:00:00Z
wl-pos-pos-es-pba-14283	pos-es-pba-14283	1	positive	exclude_probable_name_false_positive	name/type looks like modern or non-castro heritage item	excluded_review	excluded	ES|A Coruña|Narón	ES	Galicia	A Coruña	Narón	Castro (Santa María)	Castro de Arriba	Casa en Castro de Arriba	Xunta PBA Catálogo. Elementos (xuño 2026)	official_catalogue_seed	14283	-		-		-8.114155816015957	43.524217000701924	catalogue_point_wgs84	medium_official_name_or_type	generic_castro_hint	unknown_terrain_pending_visual_review			P2	positive_seed_requires_qgis_boundary_review	110.0	-8.11732742,43.52191732,-8.11098421,43.52651668				exclude_until_independent_label_review	0.00	2026-08-01T00:00:00Z
wl-pos-pos-es-pba-14517	pos-es-pba-14517	1	positive	exclude_probable_name_false_positive	name/type looks like modern or non-castro heritage item	excluded_review	excluded	ES|A Coruña|Narón	ES	Galicia	A Coruña	Narón	Castro (Santa María)	Nelle	Casa reitoral de Santa María de Castro	Xunta PBA Catálogo. Elementos (xuño 2026)	official_catalogue_seed	14517	-		-		-8.17734756224134	43.54362498226654	catalogue_point_wgs84	medium_official_name_or_type	coastal_promontory_hint	coastal_or_promontory_proxy			P0	positive_seed_requires_qgis_boundary_review	150.0	-8.18052019,43.54132531,-8.17417494,43.54592466	19.92	weak_centered_ring_signal	include_visual_signal_metric_eval	exclude_until_independent_label_review	0.00	2026-08-01T00:00:00Z
wl-pos-pos-es-pba-14696	pos-es-pba-14696	1	positive	exclude_probable_name_false_positive	name/type looks like modern or non-castro heritage item	excluded_review	excluded	ES|A Coruña|Narón	ES	Galicia	A Coruña	Narón	Castro (Santa María)	Borreiros	Cruceiro de Santa María de Castro	Xunta PBA Catálogo. Elementos (xuño 2026)	official_catalogue_seed	14696	-		CRU		-8.177125517255233	43.54447878159956	catalogue_point_wgs84	medium_official_name_or_type	coastal_promontory_hint	coastal_or_promontory_proxy			P0	positive_seed_requires_qgis_boundary_review	150.0	-8.18029819,43.54217910,-8.17395285,43.54677846				exclude_until_independent_label_review	0.00	2026-08-01T00:00:00Z
wl-pos-pos-es-pba-14448	pos-es-pba-14448	1	positive	exclude_probable_name_false_positive	name/type looks like modern or non-castro heritage item	excluded_review	excluded	ES|A Coruña|Neda	ES	Galicia	A Coruña	Neda	Neda (San Nicolás)	Neda	Casa na rúa do Castro 1	Xunta PBA Catálogo. Elementos (xuño 2026)	official_catalogue_seed	14448	-		-		-8.159770183927472	43.500844189958286	catalogue_point_wgs84	medium_official_name_or_type	generic_castro_hint	unknown_terrain_pending_visual_review			P2	positive_seed_requires_qgis_boundary_review	110.0	-8.16294056,43.49854451,-8.15659981,43.50314387				exclude_until_independent_label_review	0.00	2026-08-01T00:00:00Z
wl-pos-pos-es-pba-14483	pos-es-pba-14483	1	positive	exclude_probable_name_false_positive	name/type looks like modern or non-castro heritage item	excluded_review	excluded	ES|A Coruña|Neda	ES	Galicia	A Coruña	Neda	Neda (San Nicolás)	Neda	Casas acaroadas na rúa do Castro	Xunta PBA Catálogo. Elementos (xuño 2026)	official_catalogue_seed	14483	-		-		-8.160271044445144	43.50129808193526	catalogue_point_wgs84	medium_official_name_or_type	generic_castro_hint	unknown_terrain_pending_visual_review			P2	positive_seed_requires_qgis_boundary_review	110.0	-8.16344144,43.49899841,-8.15710065,43.50359776				exclude_until_independent_label_review	0.00	2026-08-01T00:00:00Z
wl-pos-pos-es-pba-14677	pos-es-pba-14677	1	positive	exclude_probable_name_false_positive	name/type looks like modern or non-castro heritage item	excluded_review	excluded	ES|A Coruña|Neda	ES	Galicia	A Coruña	Neda	Anca (San Pedro)	Coveluda, A	Pontella sobre o río Castro	Xunta PBA Catálogo. Elementos (xuño 2026)	official_catalogue_seed	14677	-		-		-8.092020395913993	43.50756563511492	catalogue_point_wgs84	medium_official_name_or_type	valley_or_river_edge_hint	valley_or_river_edge_proxy			P1	positive_seed_requires_qgis_boundary_review	120.0	-8.09519112,43.50526596,-8.08884967,43.50986531				exclude_until_independent_label_review	0.00	2026-08-01T00:00:00Z
wl-pos-pos-es-pba-16089	pos-es-pba-16089	1	positive	exclude_probable_name_false_positive	name/type looks like modern or non-castro heritage item	excluded_review	excluded	ES|A Coruña|Noia	ES	Galicia	A Coruña	Noia	Roo (Santa María)	Castro, O	Dous hórreos no Castro	Xunta PBA Catálogo. Elementos (xuño 2026)	official_catalogue_seed	16089	-		HOR		-8.851057303153821	42.82230380701049	catalogue_point_wgs84	medium_official_name_or_type	generic_castro_hint	unknown_terrain_pending_visual_review			P2	positive_seed_requires_qgis_boundary_review	110.0	-8.85419266,42.82000413,-8.84792194,42.82460348				exclude_until_independent_label_review	0.00	2026-08-01T00:00:00Z
wl-pos-pos-es-pba-16112	pos-es-pba-16112	1	positive	exclude_probable_name_false_positive	name/type looks like modern or non-castro heritage item	excluded_review	excluded	ES|A Coruña|Noia	ES	Galicia	A Coruña	Noia	Roo (Santa María)	Castro, O	Fonte e lavadoiro no Castro	Xunta PBA Catálogo. Elementos (xuño 2026)	official_catalogue_seed	16112	-		-		-8.850444914591742	42.822600185991604	catalogue_point_wgs84	medium_official_name_or_type	generic_castro_hint	unknown_terrain_pending_visual_review			P2	positive_seed_requires_qgis_boundary_review	110.0	-8.85358029,42.82030051,-8.84730954,42.82489986				exclude_until_independent_label_review	0.00	2026-08-01T00:00:00Z
wl-pos-pos-es-pba-16344	pos-es-pba-16344	1	positive	exclude_probable_name_false_positive	name/type looks like modern or non-castro heritage item	excluded_review	excluded	ES|A Coruña|Noia	ES	Galicia	A Coruña	Noia	Roo (Santa María)	Castro, O	Hórreo no Castro	Xunta PBA Catálogo. Elementos (xuño 2026)	official_catalogue_seed	16344	-		HOR		-8.851631693739282	42.822547697644694	catalogue_point_wgs84	medium_official_name_or_type	generic_castro_hint	unknown_terrain_pending_visual_review			P2	positive_seed_requires_qgis_boundary_review	110.0	-8.85476706,42.82024802,-8.84849632,42.82484737				exclude_until_independent_label_review	0.00	2026-08-01T00:00:00Z
wl-pos-pos-es-pba-16735	pos-es-pba-16735	1	positive	exclude_probable_name_false_positive	name/type looks like modern or non-castro heritage item	excluded_review	excluded	ES|A Coruña|O Pino	ES	Galicia	A Coruña	O Pino	Castrofeito (Santa María)	Igrexa, A	Casa reitoral de Santa María de Castrofeito	Xunta PBA Catálogo. Elementos (xuño 2026)	official_catalogue_seed	16735	-		-		-8.39921799388495	42.919117001559336	catalogue_point_wgs84	medium_official_name_or_type	coastal_promontory_hint	coastal_or_promontory_proxy			P0	positive_seed_requires_qgis_boundary_review	150.0	-8.40235827,42.91681732,-8.39607771,42.92141668	9.95	weak_centered_ring_signal	include_visual_signal_metric_eval	exclude_until_independent_label_review	0.00	2026-08-01T00:00:00Z
wl-pos-pos-es-pba-16802	pos-es-pba-16802	1	positive	exclude_probable_name_false_positive	name/type looks like modern or non-castro heritage item	excluded_review	excluded	ES|A Coruña|O Pino	ES	Galicia	A Coruña	O Pino	Castrofeito (Santa María)	Igrexa, A	Igrexa de Castrofeito (Parroquial de Santa María)	Xunta PBA Catálogo. Elementos (xuño 2026)	official_catalogue_seed	16802	-	Igrexa	-		-8.399339551204376	42.919216696433146	catalogue_point_wgs84	medium_official_name_or_type	coastal_promontory_hint	coastal_or_promontory_proxy			P0	positive_seed_requires_qgis_boundary_review	150.0	-8.40247984,42.91691702,-8.39619927,42.92151637				exclude_until_independent_label_review	0.00	2026-08-01T00:00:00Z
wl-pos-pos-es-pba-19702	pos-es-pba-19702	1	positive	exclude_ambiguous_positive_seed	positive seed too ambiguous for weak-label training	excluded_review	excluded	ES|A Coruña|O Porto do Son	ES	Galicia	A Coruña	O Porto do Son	Nebra (Santa María)	Castrallón	Muíño do Castrellón 1	Xunta PBA Catálogo. Elementos (xuño 2026)	official_catalogue_seed	19702	-		-		-8.969099397730997	42.72156247399483	catalogue_point_wgs84	medium_official_name_or_type	castrel_toponym_hint	unknown_terrain_pending_visual_review			P1	positive_seed_requires_qgis_boundary_review	100.0	-8.97222966,42.71926280,-8.96596914,42.72386215				exclude_until_independent_label_review	0.00	2026-08-01T00:00:00Z
wl-pos-pos-es-pba-15624	pos-es-pba-15624	1	positive	exclude_ambiguous_positive_seed	positive seed too ambiguous for weak-label training	excluded_review	excluded	ES|A Coruña|Ordes	ES	Galicia	A Coruña	Ordes	Santa Cruz de Montaos (Santa Cruz)	Fosado	Castrelo	Xunta PBA Catálogo. Elementos (xuño 2026)	official_catalogue_seed	15624	GA15059049		-		-8.44161546919305	43.044216078718485	catalogue_point_wgs84	medium_official_name_or_type	castrel_toponym_hint	unknown_terrain_pending_visual_review			P1	positive_seed_requires_qgis_boundary_review	100.0	-8.44476215,43.04191640,-8.43846879,43.04651576				exclude_until_independent_label_review	0.00	2026-08-01T00:00:00Z
wl-pos-pos-es-pba-26712	pos-es-pba-26712	1	positive	exclude_probable_name_false_positive	name/type looks like modern or non-castro heritage item	excluded_review	excluded	ES|A Coruña|Oza-Cesuras	ES	Galicia	A Coruña	Oza-Cesuras	Salto (San Tomé)	Patarelos	Mámoa dos Castros 1	Xunta PBA Catálogo. Elementos (xuño 2026)	official_catalogue_seed	26712	GA15063052		-		-8.19640844760263	43.23229263667568	catalogue_point_wgs84	medium_official_name_or_type	generic_castro_hint	unknown_terrain_pending_visual_review			P2	positive_seed_requires_qgis_boundary_review	110.0	-8.19956482,43.22999296,-8.19325208,43.23459231				exclude_until_independent_label_review	0.00	2026-08-01T00:00:00Z
wl-pos-pos-es-pba-26713	pos-es-pba-26713	1	positive	exclude_probable_name_false_positive	name/type looks like modern or non-castro heritage item	excluded_review	excluded	ES|A Coruña|Oza-Cesuras	ES	Galicia	A Coruña	Oza-Cesuras	Salto (San Tomé)	Patarelos	Mámoa dos Castros 2	Xunta PBA Catálogo. Elementos (xuño 2026)	official_catalogue_seed	26713	GA15063053		-		-8.196715322988396	43.2321709048904	catalogue_point_wgs84	medium_official_name_or_type	generic_castro_hint	unknown_terrain_pending_visual_review			P2	positive_seed_requires_qgis_boundary_review	110.0	-8.19987169,43.22987123,-8.19355896,43.23447058				exclude_until_independent_label_review	0.00	2026-08-01T00:00:00Z
wl-pos-pos-es-pba-27126	pos-es-pba-27126	1	positive	exclude_ambiguous_positive_seed	positive seed too ambiguous for weak-label training	excluded_review	excluded	ES|A Coruña|Oza-Cesuras	ES	Galicia	A Coruña	Oza-Cesuras	Porzomillos (San Pedro)	Porzomillos	Castrillón	Xunta PBA Catálogo. Elementos (xuño 2026)	official_catalogue_seed	27126	RE15063003		-		-8.19842842398677	43.253555856934966	catalogue_point_wgs84	medium_official_name_or_type	castrel_toponym_hint	unknown_terrain_pending_visual_review			P1	positive_seed_requires_qgis_boundary_review	100.0	-8.20158590,43.25125618,-8.19527095,43.25585553				exclude_until_independent_label_review	0.00	2026-08-01T00:00:00Z
wl-pos-pos-es-pba-16914	pos-es-pba-16914	1	positive	exclude_probable_name_false_positive	name/type looks like modern or non-castro heritage item	excluded_review	excluded	ES|A Coruña|Padrón	ES	Galicia	A Coruña	Padrón	Padrón (Santiago)	Matanza, A	Edificio na rúa Rosalía de Castro	Xunta PBA Catálogo. Elementos (xuño 2026)	official_catalogue_seed	16914	-		-		-8.659483369988093	42.739332637183395	catalogue_point_wgs84	medium_official_name_or_type	generic_castro_hint	unknown_terrain_pending_visual_review			P2	positive_seed_requires_qgis_boundary_review	110.0	-8.66261453,42.73703296,-8.65635221,42.74163231				exclude_until_independent_label_review	0.00	2026-08-01T00:00:00Z
wl-pos-pos-es-pba-16915	pos-es-pba-16915	1	positive	exclude_probable_name_false_positive	name/type looks like modern or non-castro heritage item	excluded_review	excluded	ES|A Coruña|Padrón	ES	Galicia	A Coruña	Padrón	Padrón (Santiago)	Matanza, A	Edificio na rúa Rosalía de Castro	Xunta PBA Catálogo. Elementos (xuño 2026)	official_catalogue_seed	16915	-		-		-8.659508099519927	42.73927867776843	catalogue_point_wgs84	medium_official_name_or_type	generic_castro_hint	unknown_terrain_pending_visual_review			P2	positive_seed_requires_qgis_boundary_review	110.0	-8.66263926,42.73697900,-8.65637694,42.74157835				exclude_until_independent_label_review	0.00	2026-08-01T00:00:00Z
wl-pos-pos-es-pba-16916	pos-es-pba-16916	1	positive	exclude_probable_name_false_positive	name/type looks like modern or non-castro heritage item	excluded_review	excluded	ES|A Coruña|Padrón	ES	Galicia	A Coruña	Padrón	Padrón (Santiago)	Padrón	Edificio na rúa Rosalía de Castro	Xunta PBA Catálogo. Elementos (xuño 2026)	official_catalogue_seed	16916	-		-		-8.660326093661727	42.73938016705276	catalogue_point_wgs84	medium_official_name_or_type	generic_castro_hint	unknown_terrain_pending_visual_review			P2	positive_seed_requires_qgis_boundary_review	110.0	-8.66345726,42.73708049,-8.65719493,42.74167984				exclude_until_independent_label_review	0.00	2026-08-01T00:00:00Z
wl-pos-pos-es-pba-16917	pos-es-pba-16917	1	positive	exclude_probable_name_false_positive	name/type looks like modern or non-castro heritage item	excluded_review	excluded	ES|A Coruña|Padrón	ES	Galicia	A Coruña	Padrón	Padrón (Santiago)	Matanza, A	Edificio na rúa Rosalía de Castro	Xunta PBA Catálogo. Elementos (xuño 2026)	official_catalogue_seed	16917	-		-		-8.659605736500737	42.739296978971474	catalogue_point_wgs84	medium_official_name_or_type	generic_castro_hint	unknown_terrain_pending_visual_review			P2	positive_seed_requires_qgis_boundary_review	110.0	-8.66273689,42.73699730,-8.65647458,42.74159666				exclude_until_independent_label_review	0.00	2026-08-01T00:00:00Z
wl-pos-pos-es-pba-16918	pos-es-pba-16918	1	positive	exclude_probable_name_false_positive	name/type looks like modern or non-castro heritage item	excluded_review	excluded	ES|A Coruña|Padrón	ES	Galicia	A Coruña	Padrón	Padrón (Santiago)	Padrón	Edificio na rúa Rosalía de Castro	Xunta PBA Catálogo. Elementos (xuño 2026)	official_catalogue_seed	16918	-		-		-8.65969120584113	42.73930623844871	catalogue_point_wgs84	medium_official_name_or_type	generic_castro_hint	unknown_terrain_pending_visual_review			P2	positive_seed_requires_qgis_boundary_review	110.0	-8.66282236,42.73700656,-8.65656005,42.74160592				exclude_until_independent_label_review	0.00	2026-08-01T00:00:00Z
wl-pos-pos-es-pba-16919	pos-es-pba-16919	1	positive	exclude_probable_name_false_positive	name/type looks like modern or non-castro heritage item	excluded_review	excluded	ES|A Coruña|Padrón	ES	Galicia	A Coruña	Padrón	Padrón (Santiago)	Padrón	Edificio na rúa Rosalía de Castro	Xunta PBA Catálogo. Elementos (xuño 2026)	official_catalogue_seed	16919	-		-		-8.659752241317971	42.73931542527716	catalogue_point_wgs84	medium_official_name_or_type	generic_castro_hint	unknown_terrain_pending_visual_review			P2	positive_seed_requires_qgis_boundary_review	110.0	-8.66288340,42.73701575,-8.65662108,42.74161510				exclude_until_independent_label_review	0.00	2026-08-01T00:00:00Z
wl-pos-pos-es-pba-16920	pos-es-pba-16920	1	positive	exclude_probable_name_false_positive	name/type looks like modern or non-castro heritage item	excluded_review	excluded	ES|A Coruña|Padrón	ES	Galicia	A Coruña	Padrón	Padrón (Santiago)	Padrón	Edificio na rúa Rosalía de Castro	Xunta PBA Catálogo. Elementos (xuño 2026)	official_catalogue_seed	16920	-		-		-8.659801601398936	42.73922551700975	catalogue_point_wgs84	medium_official_name_or_type	generic_castro_hint	unknown_terrain_pending_visual_review			P2	positive_seed_requires_qgis_boundary_review	110.0	-8.66293276,42.73692584,-8.65667045,42.74152519				exclude_until_independent_label_review	0.00	2026-08-01T00:00:00Z
wl-pos-pos-es-pba-16921	pos-es-pba-16921	1	positive	exclude_probable_name_false_positive	name/type looks like modern or non-castro heritage item	excluded_review	excluded	ES|A Coruña|Padrón	ES	Galicia	A Coruña	Padrón	Padrón (Santiago)	Padrón	Edificio na rúa Rosalía de Castro	Xunta PBA Catálogo. Elementos (xuño 2026)	official_catalogue_seed	16921	-		-		-8.659825493759598	42.73932464835984	catalogue_point_wgs84	medium_official_name_or_type	generic_castro_hint	unknown_terrain_pending_visual_review			P2	positive_seed_requires_qgis_boundary_review	110.0	-8.66295665,42.73702497,-8.65669433,42.74162432				exclude_until_independent_label_review	0.00	2026-08-01T00:00:00Z
wl-pos-pos-es-pba-16922	pos-es-pba-16922	1	positive	exclude_probable_name_false_positive	name/type looks like modern or non-castro heritage item	excluded_review	excluded	ES|A Coruña|Padrón	ES	Galicia	A Coruña	Padrón	Padrón (Santiago)	Padrón	Edificio na rúa Rosalía de Castro	Xunta PBA Catálogo. Elementos (xuño 2026)	official_catalogue_seed	16922	-		-		-8.659862636813358	42.7392347037793	catalogue_point_wgs84	medium_official_name_or_type	generic_castro_hint	unknown_terrain_pending_visual_review			P2	positive_seed_requires_qgis_boundary_review	110.0	-8.66299379,42.73693503,-8.65673148,42.74153438				exclude_until_independent_label_review	0.00	2026-08-01T00:00:00Z
wl-pos-pos-es-pba-16949	pos-es-pba-16949	1	positive	exclude_probable_name_false_positive	name/type looks like modern or non-castro heritage item	excluded_review	excluded	ES|A Coruña|Padrón	ES	Galicia	A Coruña	Padrón	Padrón (Santiago)	Matanza, A	Edificio na rúa Rosalía de Castro	Xunta PBA Catálogo. Elementos (xuño 2026)	official_catalogue_seed	16949	-		-		-8.659458689693102	42.73937759124964	catalogue_point_wgs84	medium_official_name_or_type	generic_castro_hint	unknown_terrain_pending_visual_review			P2	positive_seed_requires_qgis_boundary_review	110.0	-8.66258985,42.73707791,-8.65632753,42.74167727				exclude_until_independent_label_review	0.00	2026-08-01T00:00:00Z
wl-pos-pos-es-pba-16950	pos-es-pba-16950	1	positive	exclude_probable_name_false_positive	name/type looks like modern or non-castro heritage item	excluded_review	excluded	ES|A Coruña|Padrón	ES	Galicia	A Coruña	Padrón	Padrón (Santiago)	Padrón	Edificio na rúa Rosalía de Castro	Xunta PBA Catálogo. Elementos (xuño 2026)	official_catalogue_seed	16950	-		-		-8.659910913957251	42.739342913016486	catalogue_point_wgs84	medium_official_name_or_type	generic_castro_hint	unknown_terrain_pending_visual_review			P2	positive_seed_requires_qgis_boundary_review	110.0	-8.66304207,42.73704324,-8.65677975,42.74164259				exclude_until_independent_label_review	0.00	2026-08-01T00:00:00Z
wl-pos-pos-es-pba-16951	pos-es-pba-16951	1	positive	exclude_probable_name_false_positive	name/type looks like modern or non-castro heritage item	excluded_review	excluded	ES|A Coruña|Padrón	ES	Galicia	A Coruña	Padrón	Padrón (Santiago)	Padrón	Edificio na rúa Rosalía de Castro	Xunta PBA Catálogo. Elementos (xuño 2026)	official_catalogue_seed	16951	-		-		-8.659923672246	42.73924389051637	catalogue_point_wgs84	medium_official_name_or_type	generic_castro_hint	unknown_terrain_pending_visual_review			P2	positive_seed_requires_qgis_boundary_review	110.0	-8.66305483,42.73694421,-8.65679252,42.74154357				exclude_until_independent_label_review	0.00	2026-08-01T00:00:00Z
wl-pos-pos-es-pba-16952	pos-es-pba-16952	1	positive	exclude_probable_name_false_positive	name/type looks like modern or non-castro heritage item	excluded_review	excluded	ES|A Coruña|Padrón	ES	Galicia	A Coruña	Padrón	Padrón (Santiago)	Padrón	Edificio na rúa Rosalía de Castro	Xunta PBA Catálogo. Elementos (xuño 2026)	official_catalogue_seed	16952	-		-		-8.659984117251469	42.73936114134108	catalogue_point_wgs84	medium_official_name_or_type	generic_castro_hint	unknown_terrain_pending_visual_review			P2	positive_seed_requires_qgis_boundary_review	110.0	-8.66311528,42.73706146,-8.65685296,42.74166082				exclude_until_independent_label_review	0.00	2026-08-01T00:00:00Z
wl-pos-pos-es-pba-16953	pos-es-pba-16953	1	positive	exclude_probable_name_false_positive	name/type looks like modern or non-castro heritage item	excluded_review	excluded	ES|A Coruña|Padrón	ES	Galicia	A Coruña	Padrón	Padrón (Santiago)	Padrón	Edificio na rúa Rosalía de Castro	Xunta PBA Catálogo. Elementos (xuño 2026)	official_catalogue_seed	16953	-		-		-8.659996973831472	42.739244108145826	catalogue_point_wgs84	medium_official_name_or_type	generic_castro_hint	unknown_terrain_pending_visual_review			P2	positive_seed_requires_qgis_boundary_review	110.0	-8.66312813,42.73694443,-8.65686582,42.74154378				exclude_until_independent_label_review	0.00	2026-08-01T00:00:00Z
wl-pos-pos-es-pba-16954	pos-es-pba-16954	1	positive	exclude_probable_name_false_positive	name/type looks like modern or non-castro heritage item	excluded_review	excluded	ES|A Coruña|Padrón	ES	Galicia	A Coruña	Padrón	Padrón (Santiago)	Padrón	Edificio na rúa Rosalía de Castro	Xunta PBA Catálogo. Elementos (xuño 2026)	official_catalogue_seed	16954	-		-		-8.660045202021445	42.73936132267039	catalogue_point_wgs84	medium_official_name_or_type	generic_castro_hint	unknown_terrain_pending_visual_review			P2	positive_seed_requires_qgis_boundary_review	110.0	-8.66317636,42.73706165,-8.65691404,42.74166100				exclude_until_independent_label_review	0.00	2026-08-01T00:00:00Z
wl-pos-pos-es-pba-16955	pos-es-pba-16955	1	positive	exclude_probable_name_false_positive	name/type looks like modern or non-castro heritage item	excluded_review	excluded	ES|A Coruña|Padrón	ES	Galicia	A Coruña	Padrón	Padrón (Santiago)	Padrón	Edificio na rúa Rosalía de Castro	Xunta PBA Catálogo. Elementos (xuño 2026)	official_catalogue_seed	16955	-		-		-8.66005796010057	42.739262300154905	catalogue_point_wgs84	medium_official_name_or_type	generic_castro_hint	unknown_terrain_pending_visual_review			P2	positive_seed_requires_qgis_boundary_review	110.0	-8.66318912,42.73696262,-8.65692680,42.74156198				exclude_until_independent_label_review	0.00	2026-08-01T00:00:00Z
wl-pos-pos-es-pba-16956	pos-es-pba-16956	1	positive	exclude_probable_name_false_positive	name/type looks like modern or non-castro heritage item	excluded_review	excluded	ES|A Coruña|Padrón	ES	Galicia	A Coruña	Padrón	Padrón (Santiago)	Padrón	Edificio na rúa Rosalía de Castro	Xunta PBA Catálogo. Elementos (xuño 2026)	official_catalogue_seed	16956	-		-		-8.660094561716786	42.73927141427608	catalogue_point_wgs84	medium_official_name_or_type	generic_castro_hint	unknown_terrain_pending_visual_review			P2	positive_seed_requires_qgis_boundary_review	110.0	-8.66322572,42.73697174,-8.65696341,42.74157109				exclude_until_independent_label_review	0.00	2026-08-01T00:00:00Z
wl-pos-pos-es-pba-16957	pos-es-pba-16957	1	positive	exclude_probable_name_false_positive	name/type looks like modern or non-castro heritage item	excluded_review	excluded	ES|A Coruña|Padrón	ES	Galicia	A Coruña	Padrón	Padrón (Santiago)	Matanza, A	Edificio na rúa Rosalía de Castro	Xunta PBA Catálogo. Elementos (xuño 2026)	official_catalogue_seed	16957	-		-		-8.659348490605765	42.73942229098327	catalogue_point_wgs84	medium_official_name_or_type	generic_castro_hint	unknown_terrain_pending_visual_review			P2	positive_seed_requires_qgis_boundary_review	110.0	-8.66247965,42.73712261,-8.65621733,42.74172197				exclude_until_independent_label_review	0.00	2026-08-01T00:00:00Z
wl-pos-pos-es-pba-16986	pos-es-pba-16986	1	positive	exclude_probable_name_false_positive	name/type looks like modern or non-castro heritage item	excluded_review	excluded	ES|A Coruña|Padrón	ES	Galicia	A Coruña	Padrón	Padrón (Santiago)	Padrón	Edificio na rúa Rosalía de Castro	Xunta PBA Catálogo. Elementos (xuño 2026)	official_catalogue_seed	16986	-		-		-8.660155597220433	42.73928060088975	catalogue_point_wgs84	medium_official_name_or_type	generic_castro_hint	unknown_terrain_pending_visual_review			P2	positive_seed_requires_qgis_boundary_review	110.0	-8.66328675,42.73698092,-8.65702444,42.74158028				exclude_until_independent_label_review	0.00	2026-08-01T00:00:00Z
wl-pos-pos-es-pba-16987	pos-es-pba-16987	1	positive	exclude_probable_name_false_positive	name/type looks like modern or non-castro heritage item	excluded_review	excluded	ES|A Coruña|Padrón	ES	Galicia	A Coruña	Padrón	Padrón (Santiago)	Padrón	Edificio na rúa Rosalía de Castro	Xunta PBA Catálogo. Elementos (xuño 2026)	official_catalogue_seed	16987	-		-		-8.660228849682538	42.73928982371453	catalogue_point_wgs84	medium_official_name_or_type	generic_castro_hint	unknown_terrain_pending_visual_review			P2	positive_seed_requires_qgis_boundary_review	110.0	-8.66336001,42.73699015,-8.65709769,42.74158950				exclude_until_independent_label_review	0.00	2026-08-01T00:00:00Z
wl-pos-pos-es-pba-16988	pos-es-pba-16988	1	positive	exclude_probable_name_false_positive	name/type looks like modern or non-castro heritage item	excluded_review	excluded	ES|A Coruña|Padrón	ES	Galicia	A Coruña	Padrón	Padrón (Santiago)	Padrón	Edificio na rúa Rosalía de Castro	Xunta PBA Catálogo. Elementos (xuño 2026)	official_catalogue_seed	16988	-		-		-8.660228357997596	42.73937987714981	catalogue_point_wgs84	medium_official_name_or_type	generic_castro_hint	unknown_terrain_pending_visual_review			P2	positive_seed_requires_qgis_boundary_review	110.0	-8.66335952,42.73708020,-8.65709720,42.74167955				exclude_until_independent_label_review	0.00	2026-08-01T00:00:00Z
wl-pos-pos-es-pba-16989	pos-es-pba-16989	1	positive	exclude_probable_name_false_positive	name/type looks like modern or non-castro heritage item	excluded_review	excluded	ES|A Coruña|Padrón	ES	Galicia	A Coruña	Padrón	Padrón (Santiago)	Padrón	Edificio na rúa Rosalía de Castro	Xunta PBA Catálogo. Elementos (xuño 2026)	official_catalogue_seed	16989	-		-		-8.660142888473633	42.73937061807293	catalogue_point_wgs84	medium_official_name_or_type	generic_castro_hint	unknown_terrain_pending_visual_review			P2	positive_seed_requires_qgis_boundary_review	110.0	-8.66327405,42.73707094,-8.65701173,42.74167029				exclude_until_independent_label_review	0.00	2026-08-01T00:00:00Z
wl-pos-pos-es-pba-16996	pos-es-pba-16996	1	positive	exclude_probable_name_false_positive	name/type looks like modern or non-castro heritage item	excluded_review	excluded	ES|A Coruña|Padrón	ES	Galicia	A Coruña	Padrón	Iria Flavia (Santa María)	Couto, O	Mámoa do Castrelo	Xunta PBA Catálogo. Elementos (xuño 2026)	official_catalogue_seed	16996	GA15065019		-		-8.640647305553745	42.74320470523825	catalogue_point_wgs84	medium_official_name_or_type	castrel_toponym_hint	unknown_terrain_pending_visual_review			P1	positive_seed_requires_qgis_boundary_review	100.0	-8.64377866,42.74090503,-8.63751595,42.74550438				exclude_until_independent_label_review	0.00	2026-08-01T00:00:00Z
wl-pos-pos-es-pba-17000	pos-es-pba-17000	1	positive	exclude_probable_name_false_positive	name/type looks like modern or non-castro heritage item	excluded_review	excluded	ES|A Coruña|Padrón	ES	Galicia	A Coruña	Padrón	Padrón (Santiago)	Padrón	Monumento a Rosalía de Castro	Xunta PBA Catálogo. Elementos (xuño 2026)	official_catalogue_seed	17000	-		-		-8.661685113604124	42.73884386013571	catalogue_point_wgs84	medium_official_name_or_type	generic_castro_hint	unknown_terrain_pending_visual_review			P2	positive_seed_requires_qgis_boundary_review	110.0	-8.66481625,42.73654418,-8.65855398,42.74114354				exclude_until_independent_label_review	0.00	2026-08-01T00:00:00Z
wl-pos-pos-es-pba-17369	pos-es-pba-17369	1	positive	exclude_probable_name_false_positive	name/type looks like modern or non-castro heritage item	excluded_review	excluded	ES|A Coruña|Padrón	ES	Galicia	A Coruña	Padrón	Iria Flavia (Santa María)	Barco, O	Casa das de Castro	Xunta PBA Catálogo. Elementos (xuño 2026)	official_catalogue_seed	17369	-		-		-8.650612526822979	42.73084075387412	catalogue_point_wgs84	medium_official_name_or_type	generic_castro_hint	unknown_terrain_pending_visual_review			P2	positive_seed_requires_qgis_boundary_review	110.0	-8.65374326,42.72854108,-8.64748180,42.73314043				exclude_until_independent_label_review	0.00	2026-08-01T00:00:00Z
wl-pos-pos-es-pba-18450	pos-es-pba-18450	1	positive	exclude_probable_name_false_positive	name/type looks like modern or non-castro heritage item	excluded_review	excluded	ES|A Coruña|Ponteceso	ES	Galicia	A Coruña	Ponteceso	Cores (San Martiño)	Castro, O	Cruceiro do Castro	Xunta PBA Catálogo. Elementos (xuño 2026)	official_catalogue_seed	18450	-		CRU		-8.8756958664533	43.27211567062788	catalogue_point_wgs84	medium_official_name_or_type	generic_castro_hint	unknown_terrain_pending_visual_review			P2	positive_seed_requires_qgis_boundary_review	110.0	-8.87885430,43.26981599,-8.87253743,43.27441535				exclude_until_independent_label_review	0.00	2026-08-01T00:00:00Z
wl-pos-pos-es-pba-18451	pos-es-pba-18451	1	positive	exclude_probable_name_false_positive	name/type looks like modern or non-castro heritage item	excluded_review	excluded	ES|A Coruña|Ponteceso	ES	Galicia	A Coruña	Ponteceso	Tallo (Santo André)	Tallo	Cruceiro do Castro	Xunta PBA Catálogo. Elementos (xuño 2026)	official_catalogue_seed	18451	-		CRU		-8.848401591129232	43.24663553214273	catalogue_point_wgs84	medium_official_name_or_type	generic_castro_hint	unknown_terrain_pending_visual_review			P2	positive_seed_requires_qgis_boundary_review	110.0	-8.85155870,43.24433586,-8.84524448,43.24893521				exclude_until_independent_label_review	0.00	2026-08-01T00:00:00Z
wl-pos-pos-es-pba-18487	pos-es-pba-18487	1	positive	exclude_probable_name_false_positive	name/type looks like modern or non-castro heritage item	excluded_review	excluded	ES|A Coruña|Ponteceso	ES	Galicia	A Coruña	Ponteceso	Cores (San Martiño)	Castro, O	Cruz no Castro	Xunta PBA Catálogo. Elementos (xuño 2026)	official_catalogue_seed	18487	-		CRU		-8.875707419997536	43.272493878866406	catalogue_point_wgs84	medium_official_name_or_type	generic_castro_hint	unknown_terrain_pending_visual_review			P2	positive_seed_requires_qgis_boundary_review	110.0	-8.87886587,43.27019420,-8.87254897,43.27479356				exclude_until_independent_label_review	0.00	2026-08-01T00:00:00Z
wl-pos-pos-es-pba-18613	pos-es-pba-18613	1	positive	exclude_probable_name_false_positive	name/type looks like modern or non-castro heritage item	excluded_review	excluded	ES|A Coruña|Ponteceso	ES	Galicia	A Coruña	Ponteceso	Corme Aldea (Santo Adrán)	Guxín	Petróglifo do Castro	Xunta PBA Catálogo. Elementos (xuño 2026)	official_catalogue_seed	18613	GA15068034		ARU		-8.936772011734405	43.2830236470611	catalogue_point_wgs84	medium_official_name_or_type	generic_castro_hint	unknown_terrain_pending_visual_review			P2	positive_seed_requires_qgis_boundary_review	110.0	-8.93993101,43.28072397,-8.93361301,43.28532332				exclude_until_independent_label_review	0.00	2026-08-01T00:00:00Z
wl-pos-pos-es-pba-17739	pos-es-pba-17739	1	positive	exclude_probable_name_false_positive	name/type looks like modern or non-castro heritage item	excluded_review	excluded	ES|A Coruña|Pontedeume	ES	Galicia	A Coruña	Pontedeume	Nogueirosa (San Cosme)	Castro, O	Fonte do Castro	Xunta PBA Catálogo. Elementos (xuño 2026)	official_catalogue_seed	17739	-		-		-8.149430296546676	43.40464662043321	catalogue_point_wgs84	medium_official_name_or_type	generic_castro_hint	unknown_terrain_pending_visual_review			P2	positive_seed_requires_qgis_boundary_review	110.0	-8.15259563,43.40234694,-8.14626496,43.40694630				exclude_until_independent_label_review	0.00	2026-08-01T00:00:00Z
wl-pos-pos-es-pba-17777	pos-es-pba-17777	1	positive	exclude_probable_name_false_positive	name/type looks like modern or non-castro heritage item	excluded_review	excluded	ES|A Coruña|Pontedeume	ES	Galicia	A Coruña	Pontedeume	Centroña (Santa María)	Castrelo	Fonte e lavadoiro de Castrelo	Xunta PBA Catálogo. Elementos (xuño 2026)	official_catalogue_seed	17777	-		-		-8.189975128198848	43.40465286461246	catalogue_point_wgs84	medium_official_name_or_type	castrel_toponym_hint	unknown_terrain_pending_visual_review			P1	positive_seed_requires_qgis_boundary_review	100.0	-8.19314046,43.40235319,-8.18680979,43.40695254				exclude_until_independent_label_review	0.00	2026-08-01T00:00:00Z
wl-pos-pos-es-pba-18949	pos-es-pba-18949	1	positive	exclude_probable_name_false_positive	name/type looks like modern or non-castro heritage item	excluded_review	excluded	ES|A Coruña|Porto do Son	ES	Galicia	A Coruña	Porto do Son	Caamaño (Santa María)	Esparrelle	Petróglifo do Castro 1	Xunta PBA Catálogo. Elementos (xuño 2026)	official_catalogue_seed	18949	GA15071209		ARU		-9.018536727815219	42.653007504076825	catalogue_point_wgs84	medium_official_name_or_type	generic_castro_hint	unknown_terrain_pending_visual_review			P2	positive_seed_requires_qgis_boundary_review	110.0	-9.02166354,42.65070783,-9.01540992,42.65530718				exclude_until_independent_label_review	0.00	2026-08-01T00:00:00Z
wl-pos-pos-es-pba-18950	pos-es-pba-18950	1	positive	exclude_probable_name_false_positive	name/type looks like modern or non-castro heritage item	excluded_review	excluded	ES|A Coruña|Porto do Son	ES	Galicia	A Coruña	Porto do Son	Caamaño (Santa María)	Esparrelle	Petróglifo do Castro 2	Xunta PBA Catálogo. Elementos (xuño 2026)	official_catalogue_seed	18950	GA15071210		ARU		-9.018786329172194	42.65263058824568	catalogue_point_wgs84	medium_official_name_or_type	generic_castro_hint	unknown_terrain_pending_visual_review			P2	positive_seed_requires_qgis_boundary_review	110.0	-9.02191312,42.65033091,-9.01565954,42.65493026				exclude_until_independent_label_review	0.00	2026-08-01T00:00:00Z
wl-pos-pos-es-pba-18951	pos-es-pba-18951	1	positive	exclude_probable_name_false_positive	name/type looks like modern or non-castro heritage item	excluded_review	excluded	ES|A Coruña|Porto do Son	ES	Galicia	A Coruña	Porto do Son	Caamaño (Santa María)	Esparrelle	Petróglifo do Castro 3	Xunta PBA Catálogo. Elementos (xuño 2026)	official_catalogue_seed	18951	GA15071211		ARU		-9.021041748859542	42.652859897608394	catalogue_point_wgs84	medium_official_name_or_type	generic_castro_hint	unknown_terrain_pending_visual_review			P2	positive_seed_requires_qgis_boundary_review	110.0	-9.02416855,42.65056022,-9.01791495,42.65515957				exclude_until_independent_label_review	0.00	2026-08-01T00:00:00Z
wl-pos-pos-es-pba-18952	pos-es-pba-18952	1	positive	exclude_probable_name_false_positive	name/type looks like modern or non-castro heritage item	excluded_review	excluded	ES|A Coruña|Porto do Son	ES	Galicia	A Coruña	Porto do Son	Caamaño (Santa María)	Castro, O	Petróglifo do Castro 4	Xunta PBA Catálogo. Elementos (xuño 2026)	official_catalogue_seed	18952	GA15071212		ARU		-9.02126284602121	42.65170963219268	catalogue_point_wgs84	medium_official_name_or_type	generic_castro_hint	unknown_terrain_pending_visual_review			P2	positive_seed_requires_qgis_boundary_review	110.0	-9.02438959,42.64940996,-9.01813610,42.65400931				exclude_until_independent_label_review	0.00	2026-08-01T00:00:00Z
wl-pos-pos-es-pba-18953	pos-es-pba-18953	1	positive	exclude_probable_name_false_positive	name/type looks like modern or non-castro heritage item	excluded_review	excluded	ES|A Coruña|Porto do Son	ES	Galicia	A Coruña	Porto do Son	Caamaño (Santa María)	Castro, O	Petróglifo do Castro 5	Xunta PBA Catálogo. Elementos (xuño 2026)	official_catalogue_seed	18953	GA15071213		ARU		-9.01799825635718	42.6526315045635	catalogue_point_wgs84	medium_official_name_or_type	generic_castro_hint	unknown_terrain_pending_visual_review			P2	positive_seed_requires_qgis_boundary_review	110.0	-9.02112505,42.65033183,-9.01487147,42.65493118				exclude_until_independent_label_review	0.00	2026-08-01T00:00:00Z
wl-pos-pos-es-pba-18982	pos-es-pba-18982	1	positive	exclude_probable_name_false_positive	name/type looks like modern or non-castro heritage item	excluded_review	excluded	ES|A Coruña|Porto do Son	ES	Galicia	A Coruña	Porto do Son	Caamaño (Santa María)	Castro, O	Petróglifo do Castro 6	Xunta PBA Catálogo. Elementos (xuño 2026)	official_catalogue_seed	18982	GA15071214		ARU		-9.021513201548396	42.652061663654564	catalogue_point_wgs84	medium_official_name_or_type	generic_castro_hint	unknown_terrain_pending_visual_review			P2	positive_seed_requires_qgis_boundary_review	110.0	-9.02463996,42.64976199,-9.01838644,42.65436134				exclude_until_independent_label_review	0.00	2026-08-01T00:00:00Z
wl-pos-pos-es-pba-18983	pos-es-pba-18983	1	positive	exclude_probable_name_false_positive	name/type looks like modern or non-castro heritage item	excluded_review	excluded	ES|A Coruña|Porto do Son	ES	Galicia	A Coruña	Porto do Son	Caamaño (Santa María)	Castro, O	Petróglifo do Castro 7	Xunta PBA Catálogo. Elementos (xuño 2026)	official_catalogue_seed	18983	GA15071215		ARU		-9.021464301342457	42.65191651722044	catalogue_point_wgs84	medium_official_name_or_type	generic_castro_hint	unknown_terrain_pending_visual_review			P2	positive_seed_requires_qgis_boundary_review	110.0	-9.02459106,42.64961684,-9.01833755,42.65421619				exclude_until_independent_label_review	0.00	2026-08-01T00:00:00Z
wl-pos-pos-es-pba-20377	pos-es-pba-20377	1	positive	exclude_probable_name_false_positive	name/type looks like modern or non-castro heritage item	excluded_review	excluded	ES|A Coruña|Rois	ES	Galicia	A Coruña	Rois	Urdilde (Santa María)	Castro, O	Hórreo en Castro	Xunta PBA Catálogo. Elementos (xuño 2026)	official_catalogue_seed	20377	-		HOR		-8.748851720764723	42.82405240126593	catalogue_point_wgs84	medium_official_name_or_type	generic_castro_hint	unknown_terrain_pending_visual_review			P2	positive_seed_requires_qgis_boundary_review	110.0	-8.75198717,42.82175272,-8.74571627,42.82635208				exclude_until_independent_label_review	0.00	2026-08-01T00:00:00Z
wl-pos-pos-es-pba-20484	pos-es-pba-20484	1	positive	exclude_probable_name_false_positive	name/type looks like modern or non-castro heritage item	excluded_review	excluded	ES|A Coruña|Rois	ES	Galicia	A Coruña	Rois	Ribasar (Santa Mariña)	Angueira de Castro	Pazo de Angueira de Castro	Xunta PBA Catálogo. Elementos (xuño 2026)	official_catalogue_seed	20484	-	Residencial	-		-8.635299009161763	42.811292622776165	catalogue_point_wgs84	medium_official_name_or_type	generic_castro_hint	unknown_terrain_pending_visual_review			P2	positive_seed_requires_qgis_boundary_review	110.0	-8.63843381,42.80899295,-8.63216421,42.81359230				exclude_until_independent_label_review	0.00	2026-08-01T00:00:00Z
wl-pos-pos-es-pba-20553	pos-es-pba-20553	1	positive	exclude_ambiguous_positive_seed	positive seed too ambiguous for weak-label training	excluded_review	excluded	ES|A Coruña|Rois	ES	Galicia	A Coruña	Rois	Herbogo (San Pedro)	Espai	Xacemento de Socastro	Xunta PBA Catálogo. Elementos (xuño 2026)	official_catalogue_seed	20553	RE15074001		-		-8.713722497360253	42.77756035263417	catalogue_point_wgs84	medium_official_name_or_type	generic_castro_hint	unknown_terrain_pending_visual_review			P2	positive_seed_requires_qgis_boundary_review	110.0	-8.71685559,42.77526068,-8.71058941,42.77986003				exclude_until_independent_label_review	0.00	2026-08-01T00:00:00Z
wl-pos-pos-es-pba-20718	pos-es-pba-20718	1	positive	exclude_probable_name_false_positive	name/type looks like modern or non-castro heritage item	excluded_review	excluded	ES|A Coruña|Rois	ES	Galicia	A Coruña	Rois	Ribasar (Santa Mariña)	Angueira de Castro	Cruceiro de Angueira do Castro	Xunta PBA Catálogo. Elementos (xuño 2026)	official_catalogue_seed	20718	-		CRU		-8.635836330919524	42.81143841881173	catalogue_point_wgs84	medium_official_name_or_type	generic_castro_hint	unknown_terrain_pending_visual_review			P2	positive_seed_requires_qgis_boundary_review	110.0	-8.63897114,42.80913874,-8.63270152,42.81373810				exclude_until_independent_label_review	0.00	2026-08-01T00:00:00Z
wl-pos-pos-es-pba-20793	pos-es-pba-20793	1	positive	exclude_probable_name_false_positive	name/type looks like modern or non-castro heritage item	excluded_review	excluded	ES|A Coruña|Rois	ES	Galicia	A Coruña	Rois	Herbogo (San Pedro)	Socastro	Cruceiro de Socastro	Xunta PBA Catálogo. Elementos (xuño 2026)	official_catalogue_seed	20793	-		CRU		-8.713252432317663	42.781436314931604	catalogue_point_wgs84	medium_official_name_or_type	generic_castro_hint	unknown_terrain_pending_visual_review			P2	positive_seed_requires_qgis_boundary_review	110.0	-8.71638572,42.77913664,-8.71011914,42.78373599				exclude_until_independent_label_review	0.00	2026-08-01T00:00:00Z
wl-pos-pos-es-pba-20314	pos-es-pba-20314	1	positive	exclude_probable_name_false_positive	name/type looks like modern or non-castro heritage item	excluded_review	excluded	ES|A Coruña|Sada	ES	Galicia	A Coruña	Sada	Osedo (San Xián)	Castro, O	Conxunto no Castro	Xunta PBA Catálogo. Elementos (xuño 2026)	official_catalogue_seed	20314	-		HOR		-8.271386331726955	43.336586552522256	catalogue_point_wgs84	medium_official_name_or_type	generic_castro_hint	unknown_terrain_pending_visual_review			P2	positive_seed_requires_qgis_boundary_review	110.0	-8.27454812,43.33428688,-8.26822455,43.33888623				exclude_until_independent_label_review	0.00	2026-08-01T00:00:00Z
wl-pos-pos-es-pba-20352	pos-es-pba-20352	1	positive	exclude_probable_name_false_positive	name/type looks like modern or non-castro heritage item	excluded_review	excluded	ES|A Coruña|Sada	ES	Galicia	A Coruña	Sada	Osedo (San Xián)	Castro, O	Cruceiro do Castro	Xunta PBA Catálogo. Elementos (xuño 2026)	official_catalogue_seed	20352	-		CRU		-8.270533679100515	43.338769214200205	catalogue_point_wgs84	medium_official_name_or_type	generic_castro_hint	unknown_terrain_pending_visual_review			P2	positive_seed_requires_qgis_boundary_review	110.0	-8.27369558,43.33646954,-8.26737178,43.34106889				exclude_until_independent_label_review	0.00	2026-08-01T00:00:00Z
wl-pos-pos-es-pba-20598	pos-es-pba-20598	1	positive	exclude_probable_name_false_positive	name/type looks like modern or non-castro heritage item	excluded_review	excluded	ES|A Coruña|Sada	ES	Galicia	A Coruña	Sada	Osedo (San Xián)	Castro, O	Hórreo no Castro 1	Xunta PBA Catálogo. Elementos (xuño 2026)	official_catalogue_seed	20598	-		HOR		-8.268627795374515	43.33721727072158	catalogue_point_wgs84	medium_official_name_or_type	generic_castro_hint	unknown_terrain_pending_visual_review			P2	positive_seed_requires_qgis_boundary_review	110.0	-8.27178961,43.33491759,-8.26546598,43.33951695				exclude_until_independent_label_review	0.00	2026-08-01T00:00:00Z
wl-pos-pos-es-pba-20599	pos-es-pba-20599	1	positive	exclude_probable_name_false_positive	name/type looks like modern or non-castro heritage item	excluded_review	excluded	ES|A Coruña|Sada	ES	Galicia	A Coruña	Sada	Osedo (San Xián)	Castro, O	Hórreo no Castro 2	Xunta PBA Catálogo. Elementos (xuño 2026)	official_catalogue_seed	20599	-		HOR		-8.269532053938812	43.336907891647854	catalogue_point_wgs84	medium_official_name_or_type	generic_castro_hint	unknown_terrain_pending_visual_review			P2	positive_seed_requires_qgis_boundary_review	110.0	-8.27269386,43.33460822,-8.26637025,43.33920757				exclude_until_independent_label_review	0.00	2026-08-01T00:00:00Z
wl-pos-pos-es-pba-20689	pos-es-pba-20689	1	positive	exclude_probable_name_false_positive	name/type looks like modern or non-castro heritage item	excluded_review	excluded	ES|A Coruña|Sada	ES	Galicia	A Coruña	Sada	Osedo (San Xián)	Castro, O	Casa grande con escudo no Castro	Xunta PBA Catálogo. Elementos (xuño 2026)	official_catalogue_seed	20689	-		ESC		-8.270517307935728	43.33807576233299	catalogue_point_wgs84	medium_official_name_or_type	generic_castro_hint	unknown_terrain_pending_visual_review			P2	positive_seed_requires_qgis_boundary_review	110.0	-8.27367917,43.33577609,-8.26735544,43.34037544				exclude_until_independent_label_review	0.00	2026-08-01T00:00:00Z
wl-pos-pos-es-pba-20736	pos-es-pba-20736	1	positive	exclude_probable_name_false_positive	name/type looks like modern or non-castro heritage item	excluded_review	excluded	ES|A Coruña|Sada	ES	Galicia	A Coruña	Sada	Osedo (San Xián)	Castro, O	Pazo do Castro de Enriba	Xunta PBA Catálogo. Elementos (xuño 2026)	official_catalogue_seed	20736	-	Residencial	-		-8.270902402816764	43.337853105082125	catalogue_point_wgs84	medium_official_name_or_type	generic_castro_hint	unknown_terrain_pending_visual_review			P2	positive_seed_requires_qgis_boundary_review	110.0	-8.27406425,43.33555343,-8.26774055,43.34015278				exclude_until_independent_label_review	0.00	2026-08-01T00:00:00Z
wl-pos-pos-es-pba-20737	pos-es-pba-20737	1	positive	exclude_probable_name_false_positive	name/type looks like modern or non-castro heritage item	excluded_review	excluded	ES|A Coruña|Sada	ES	Galicia	A Coruña	Sada	Osedo (San Xián)	Castro, O	Pazo do Castro de Samoedo	Xunta PBA Catálogo. Elementos (xuño 2026)	official_catalogue_seed	20737	-	Residencial	ESC		-8.27104364264964	43.33842128968778	catalogue_point_wgs84	medium_official_name_or_type	generic_castro_hint	unknown_terrain_pending_visual_review			P2	positive_seed_requires_qgis_boundary_review	110.0	-8.27420552,43.33612161,-8.26788176,43.34072097				exclude_until_independent_label_review	0.00	2026-08-01T00:00:00Z
wl-pos-pos-es-pba-19903	pos-es-pba-19903	1	positive	exclude_probable_name_false_positive	name/type looks like modern or non-castro heritage item	excluded_review	excluded	ES|A Coruña|Santa Comba	ES	Galicia	A Coruña	Santa Comba	Freixeiro (San Fins)	Castro, O	Hórreo no Castro	Xunta PBA Catálogo. Elementos (xuño 2026)	official_catalogue_seed	19903	-		HOR		-8.758258802118629	43.012299627602175	catalogue_point_wgs84	medium_official_name_or_type	generic_castro_hint	unknown_terrain_pending_visual_review			P2	positive_seed_requires_qgis_boundary_review	110.0	-8.76140384,43.00999995,-8.75511376,43.01459930				exclude_until_independent_label_review	0.00	2026-08-01T00:00:00Z
wl-pos-pos-es-pba-19985	pos-es-pba-19985	1	positive	exclude_probable_name_false_positive	name/type looks like modern or non-castro heritage item	excluded_review	excluded	ES|A Coruña|Santa Comba	ES	Galicia	A Coruña	Santa Comba	Xallas de Castriz (San Pedro)	Castriz	Igrexa de Xallas de Castriz (Parroquial de San Pedro)	Xunta PBA Catálogo. Elementos (xuño 2026)	official_catalogue_seed	19985	-	Igrexa	-		-8.774574520741448	43.07399028071124	catalogue_point_wgs84	medium_official_name_or_type	castrel_toponym_hint	unknown_terrain_pending_visual_review			P1	positive_seed_requires_qgis_boundary_review	100.0	-8.77772273,43.07169060,-8.77142632,43.07628996				exclude_until_independent_label_review	0.00	2026-08-01T00:00:00Z
wl-pos-pos-es-pba-20222	pos-es-pba-20222	1	positive	exclude_probable_name_false_positive	name/type looks like modern or non-castro heritage item	excluded_review	excluded	ES|A Coruña|Santa Comba	ES	Galicia	A Coruña	Santa Comba	Xallas de Castriz (San Pedro)	Castriz	Cruceiro de San Pedro de Xallas de Castriz	Xunta PBA Catálogo. Elementos (xuño 2026)	official_catalogue_seed	20222	-		CRU		-8.775177260034495	43.07375733722089	catalogue_point_wgs84	medium_official_name_or_type	castrel_toponym_hint	unknown_terrain_pending_visual_review			P1	positive_seed_requires_qgis_boundary_review	100.0	-8.77832545,43.07145766,-8.77202907,43.07605701				exclude_until_independent_label_review	0.00	2026-08-01T00:00:00Z
wl-pos-pos-es-pba-20512	pos-es-pba-20512	1	positive	exclude_probable_name_false_positive	name/type looks like modern or non-castro heritage item	excluded_review	excluded	ES|A Coruña|Santa Comba	ES	Galicia	A Coruña	Santa Comba	Xallas de Castriz (San Pedro)	Choupana, A	Casa do arco en Castriz	Xunta PBA Catálogo. Elementos (xuño 2026)	official_catalogue_seed	20512	-		-		-8.77764349223502	43.08470318313304	catalogue_point_wgs84	medium_official_name_or_type	castrel_toponym_hint	unknown_terrain_pending_visual_review			P1	positive_seed_requires_qgis_boundary_review	100.0	-8.78079225,43.08240351,-8.77449474,43.08700286				exclude_until_independent_label_review	0.00	2026-08-01T00:00:00Z
wl-pos-pos-es-pba-20547	pos-es-pba-20547	1	positive	exclude_probable_name_false_positive	name/type looks like modern or non-castro heritage item	excluded_review	excluded	ES|A Coruña|Santa Comba	ES	Galicia	A Coruña	Santa Comba	Xallas de Castriz (San Pedro)	Hospital, O	Casa reitoral de San Pedro de Xallas de Castriz	Xunta PBA Catálogo. Elementos (xuño 2026)	official_catalogue_seed	20547	-		-		-8.780697437878024	43.07926107763088	catalogue_point_wgs84	medium_official_name_or_type	castrel_toponym_hint	unknown_terrain_pending_visual_review			P1	positive_seed_requires_qgis_boundary_review	100.0	-8.78384591,43.07696140,-8.77754896,43.08156075				exclude_until_independent_label_review	0.00	2026-08-01T00:00:00Z
wl-pos-pos-es-pba-20880	pos-es-pba-20880	1	positive	exclude_probable_name_false_positive	name/type looks like modern or non-castro heritage item	excluded_review	excluded	ES|A Coruña|Santiago de Compostela	ES	Galicia	A Coruña	Santiago de Compostela	Santiago de Compostela	Santiago de Compostela	Edificio na rúa da Caldeirería e rúa do Castro 1-4	Xunta PBA Catálogo. Elementos (xuño 2026)	official_catalogue_seed	20880	-		-		-8.54230226327945	42.87956114818878	catalogue_point_wgs84	medium_official_name_or_type	generic_castro_hint	unknown_terrain_pending_visual_review			P2	positive_seed_requires_qgis_boundary_review	110.0	-8.54544053,42.87726147,-8.53916400,42.88186082				exclude_until_independent_label_review	0.00	2026-08-01T00:00:00Z
wl-pos-pos-es-pba-20881	pos-es-pba-20881	1	positive	exclude_probable_name_false_positive	name/type looks like modern or non-castro heritage item	excluded_review	excluded	ES|A Coruña|Santiago de Compostela	ES	Galicia	A Coruña	Santiago de Compostela	Santiago de Compostela	Santiago de Compostela	Edificio na rúa da Caldeirería e rúa do Castro 11-4, 14 ACC	Xunta PBA Catálogo. Elementos (xuño 2026)	official_catalogue_seed	20881	-		-		-8.542303993797027	42.87932701836738	catalogue_point_wgs84	medium_official_name_or_type	generic_castro_hint	unknown_terrain_pending_visual_review			P2	positive_seed_requires_qgis_boundary_review	110.0	-8.54544225,42.87702734,-8.53916574,42.88162669				exclude_until_independent_label_review	0.00	2026-08-01T00:00:00Z
wl-pos-pos-es-pba-20882	pos-es-pba-20882	1	positive	exclude_probable_name_false_positive	name/type looks like modern or non-castro heritage item	excluded_review	excluded	ES|A Coruña|Santiago de Compostela	ES	Galicia	A Coruña	Santiago de Compostela	Santiago de Compostela	Santiago de Compostela	Edificio na rúa da Caldeirería e rúa do Castro 13, 15	Xunta PBA Catálogo. Elementos (xuño 2026)	official_catalogue_seed	20882	-		-		-8.542377459927309	42.87932731204033	catalogue_point_wgs84	medium_official_name_or_type	generic_castro_hint	unknown_terrain_pending_visual_review			P2	positive_seed_requires_qgis_boundary_review	110.0	-8.54551571,42.87702764,-8.53923921,42.88162699				exclude_until_independent_label_review	0.00	2026-08-01T00:00:00Z
wl-pos-pos-es-pba-20883	pos-es-pba-20883	1	positive	exclude_probable_name_false_positive	name/type looks like modern or non-castro heritage item	excluded_review	excluded	ES|A Coruña|Santiago de Compostela	ES	Galicia	A Coruña	Santiago de Compostela	Santiago de Compostela	Santiago de Compostela	Edificio na rúa da Caldeirería e rúa do Castro 17-3	Xunta PBA Catálogo. Elementos (xuño 2026)	official_catalogue_seed	20883	-		-		-8.542390037009616	42.87928233601394	catalogue_point_wgs84	medium_official_name_or_type	generic_castro_hint	unknown_terrain_pending_visual_review			P2	positive_seed_requires_qgis_boundary_review	110.0	-8.54552829,42.87698266,-8.53925178,42.88158201				exclude_until_independent_label_review	0.00	2026-08-01T00:00:00Z
wl-pos-pos-es-pba-20884	pos-es-pba-20884	1	positive	exclude_probable_name_false_positive	name/type looks like modern or non-castro heritage item	excluded_review	excluded	ES|A Coruña|Santiago de Compostela	ES	Galicia	A Coruña	Santiago de Compostela	Santiago de Compostela	Santiago de Compostela	Edificio na rúa da Caldeirería e rúa do Castro 19-2 ACC	Xunta PBA Catálogo. Elementos (xuño 2026)	official_catalogue_seed	20884	-		-		-8.54241479186914	42.879246413917464	catalogue_point_wgs84	medium_official_name_or_type	generic_castro_hint	unknown_terrain_pending_visual_review			P2	positive_seed_requires_qgis_boundary_review	110.0	-8.54555304,42.87694674,-8.53927654,42.88154609				exclude_until_independent_label_review	0.00	2026-08-01T00:00:00Z
wl-pos-pos-es-pba-20905	pos-es-pba-20905	1	positive	exclude_probable_name_false_positive	name/type looks like modern or non-castro heritage item	excluded_review	excluded	ES|A Coruña|Santiago de Compostela	ES	Galicia	A Coruña	Santiago de Compostela	Santiago de Compostela	Santiago de Compostela	Edificio na rúa da Caldeirería e rúa do Castro 21-1 ACC	Xunta PBA Catálogo. Elementos (xuño 2026)	official_catalogue_seed	20905	-		-		-8.542427302367678	42.8792104428798	catalogue_point_wgs84	medium_official_name_or_type	generic_castro_hint	unknown_terrain_pending_visual_review			P2	positive_seed_requires_qgis_boundary_review	110.0	-8.54556555,42.87691077,-8.53928905,42.88151012				exclude_until_independent_label_review	0.00	2026-08-01T00:00:00Z
wl-pos-pos-es-pba-20906	pos-es-pba-20906	1	positive	exclude_probable_name_false_positive	name/type looks like modern or non-castro heritage item	excluded_review	excluded	ES|A Coruña|Santiago de Compostela	ES	Galicia	A Coruña	Santiago de Compostela	Santiago de Compostela	Santiago de Compostela	Edificio na rúa da Caldeirería e rúa do Castro 3-6	Xunta PBA Catálogo. Elementos (xuño 2026)	official_catalogue_seed	20906	-		-		-8.54230252951427	42.87952512821688	catalogue_point_wgs84	medium_official_name_or_type	generic_castro_hint	unknown_terrain_pending_visual_review			P2	positive_seed_requires_qgis_boundary_review	110.0	-8.54544079,42.87722545,-8.53916427,42.88182480				exclude_until_independent_label_review	0.00	2026-08-01T00:00:00Z
wl-pos-pos-es-pba-20907	pos-es-pba-20907	1	positive	exclude_probable_name_false_positive	name/type looks like modern or non-castro heritage item	excluded_review	excluded	ES|A Coruña|Santiago de Compostela	ES	Galicia	A Coruña	Santiago de Compostela	Santiago de Compostela	Santiago de Compostela	Edificio na rúa da Caldeirería e rúa do Castro 5-8	Xunta PBA Catálogo. Elementos (xuño 2026)	official_catalogue_seed	20907	-		-		-8.54231504013562	42.87948915719381	catalogue_point_wgs84	medium_official_name_or_type	generic_castro_hint	unknown_terrain_pending_visual_review			P2	positive_seed_requires_qgis_boundary_review	110.0	-8.54545330,42.87718948,-8.53917678,42.88178883				exclude_until_independent_label_review	0.00	2026-08-01T00:00:00Z
wl-pos-pos-es-pba-21505	pos-es-pba-21505	1	positive	exclude_probable_name_false_positive	name/type looks like modern or non-castro heritage item	excluded_review	excluded	ES|A Coruña|Santiago de Compostela	ES	Galicia	A Coruña	Santiago de Compostela	Santiago de Compostela	Santiago de Compostela	Edificio na avenida de Rosalía de Castro 14	Xunta PBA Catálogo. Elementos (xuño 2026)	official_catalogue_seed	21505	-		-		-8.549713143877597	42.875808324718996	catalogue_point_wgs84	medium_official_name_or_type	generic_castro_hint	unknown_terrain_pending_visual_review			P2	positive_seed_requires_qgis_boundary_review	110.0	-8.55285122,42.87350865,-8.54657507,42.87810800				exclude_until_independent_label_review	0.00	2026-08-01T00:00:00Z
wl-pos-pos-es-pba-21506	pos-es-pba-21506	1	positive	exclude_probable_name_false_positive	name/type looks like modern or non-castro heritage item	excluded_review	excluded	ES|A Coruña|Santiago de Compostela	ES	Galicia	A Coruña	Santiago de Compostela	Santiago de Compostela	Santiago de Compostela	Edificio na avenida de Rosalía de Castro 16	Xunta PBA Catálogo. Elementos (xuño 2026)	official_catalogue_seed	21506	-		-		-8.549774493164355	42.87579055545568	catalogue_point_wgs84	medium_official_name_or_type	generic_castro_hint	unknown_terrain_pending_visual_review			P2	positive_seed_requires_qgis_boundary_review	110.0	-8.55291257,42.87349088,-8.54663642,42.87809023				exclude_until_independent_label_review	0.00	2026-08-01T00:00:00Z
wl-pos-pos-es-pba-21507	pos-es-pba-21507	1	positive	exclude_probable_name_false_positive	name/type looks like modern or non-castro heritage item	excluded_review	excluded	ES|A Coruña|Santiago de Compostela	ES	Galicia	A Coruña	Santiago de Compostela	Santiago de Compostela	Santiago de Compostela	Edificio na avenida de Rosalía de Castro 18	Xunta PBA Catálogo. Elementos (xuño 2026)	official_catalogue_seed	21507	-		-		-8.549848020628366	42.875781839307685	catalogue_point_wgs84	medium_official_name_or_type	generic_castro_hint	unknown_terrain_pending_visual_review			P2	positive_seed_requires_qgis_boundary_review	110.0	-8.55298609,42.87348216,-8.54670995,42.87808152				exclude_until_independent_label_review	0.00	2026-08-01T00:00:00Z
wl-pos-pos-es-pba-21508	pos-es-pba-21508	1	positive	exclude_probable_name_false_positive	name/type looks like modern or non-castro heritage item	excluded_review	excluded	ES|A Coruña|Santiago de Compostela	ES	Galicia	A Coruña	Santiago de Compostela	Santiago de Compostela	Santiago de Compostela	Edificio na avenida de Rosalía de Castro 20	Xunta PBA Catálogo. Elementos (xuño 2026)	official_catalogue_seed	21508	-		-		-8.549921678956258	42.87575511309548	catalogue_point_wgs84	medium_official_name_or_type	generic_castro_hint	unknown_terrain_pending_visual_review			P2	positive_seed_requires_qgis_boundary_review	110.0	-8.55305975,42.87345544,-8.54678361,42.87805479				exclude_until_independent_label_review	0.00	2026-08-01T00:00:00Z
wl-pos-pos-es-pba-21818	pos-es-pba-21818	1	positive	exclude_probable_name_false_positive	name/type looks like modern or non-castro heritage item	excluded_review	excluded	ES|A Coruña|Santiago de Compostela	ES	Galicia	A Coruña	Santiago de Compostela	Santiago de Compostela	Santiago de Compostela	Edificio na rúa do Castro 1	Xunta PBA Catálogo. Elementos (xuño 2026)	official_catalogue_seed	21818	-		-		-8.542129709737809	42.87971354763734	catalogue_point_wgs84	medium_official_name_or_type	generic_castro_hint	unknown_terrain_pending_visual_review			P2	positive_seed_requires_qgis_boundary_review	110.0	-8.54526798,42.87741387,-8.53899144,42.88201322				exclude_until_independent_label_review	0.00	2026-08-01T00:00:00Z
wl-pos-pos-es-pba-21819	pos-es-pba-21819	1	positive	exclude_probable_name_false_positive	name/type looks like modern or non-castro heritage item	excluded_review	excluded	ES|A Coruña|Santiago de Compostela	ES	Galicia	A Coruña	Santiago de Compostela	Santiago de Compostela	Santiago de Compostela	Edificio na rúa do Castro 11	Xunta PBA Catálogo. Elementos (xuño 2026)	official_catalogue_seed	21819	-		-		-8.542120195306742	42.879344293964905	catalogue_point_wgs84	medium_official_name_or_type	generic_castro_hint	unknown_terrain_pending_visual_review			P2	positive_seed_requires_qgis_boundary_review	110.0	-8.54525845,42.87704462,-8.53898194,42.88164397				exclude_until_independent_label_review	0.00	2026-08-01T00:00:00Z
wl-pos-pos-es-pba-21820	pos-es-pba-21820	1	positive	exclude_probable_name_false_positive	name/type looks like modern or non-castro heritage item	excluded_review	excluded	ES|A Coruña|Santiago de Compostela	ES	Galicia	A Coruña	Santiago de Compostela	Santiago de Compostela	Santiago de Compostela	Edificio na rúa do Castro 11	Xunta PBA Catálogo. Elementos (xuño 2026)	official_catalogue_seed	21820	-		-		-8.542021774249653	42.87940693712046	catalogue_point_wgs84	medium_official_name_or_type	generic_castro_hint	unknown_terrain_pending_visual_review			P2	positive_seed_requires_qgis_boundary_review	110.0	-8.54516003,42.87710726,-8.53888352,42.88170661				exclude_until_independent_label_review	0.00	2026-08-01T00:00:00Z
wl-pos-pos-es-pba-21821	pos-es-pba-21821	1	positive	exclude_probable_name_false_positive	name/type looks like modern or non-castro heritage item	excluded_review	excluded	ES|A Coruña|Santiago de Compostela	ES	Galicia	A Coruña	Santiago de Compostela	Santiago de Compostela	Santiago de Compostela	Edificio na rúa do Castro 13	Xunta PBA Catálogo. Elementos (xuño 2026)	official_catalogue_seed	21821	-		-		-8.542120594814618	42.8792902640063	catalogue_point_wgs84	medium_official_name_or_type	generic_castro_hint	unknown_terrain_pending_visual_review			P2	positive_seed_requires_qgis_boundary_review	110.0	-8.54525885,42.87699059,-8.53898234,42.88158994				exclude_until_independent_label_review	0.00	2026-08-01T00:00:00Z
wl-pos-pos-es-pba-21822	pos-es-pba-21822	1	positive	exclude_probable_name_false_positive	name/type looks like modern or non-castro heritage item	excluded_review	excluded	ES|A Coruña|Santiago de Compostela	ES	Galicia	A Coruña	Santiago de Compostela	Santiago de Compostela	Santiago de Compostela	Edificio na rúa do Castro 15	Xunta PBA Catálogo. Elementos (xuño 2026)	official_catalogue_seed	21822	-		-		-8.541986573035215	42.8791996753376	catalogue_point_wgs84	medium_official_name_or_type	generic_castro_hint	unknown_terrain_pending_visual_review			P2	positive_seed_requires_qgis_boundary_review	110.0	-8.54512482,42.87690000,-8.53884833,42.88149935				exclude_until_independent_label_review	0.00	2026-08-01T00:00:00Z
wl-pos-pos-es-pba-21843	pos-es-pba-21843	1	positive	exclude_probable_name_false_positive	name/type looks like modern or non-castro heritage item	excluded_review	excluded	ES|A Coruña|Santiago de Compostela	ES	Galicia	A Coruña	Santiago de Compostela	Santiago de Compostela	Santiago de Compostela	Edificio na rúa do Castro 2	Xunta PBA Catálogo. Elementos (xuño 2026)	official_catalogue_seed	21843	-		-		-8.542289619514385	42.87961512919562	catalogue_point_wgs84	medium_official_name_or_type	generic_castro_hint	unknown_terrain_pending_visual_review			P2	positive_seed_requires_qgis_boundary_review	110.0	-8.54542789,42.87731545,-8.53915135,42.88191481				exclude_until_independent_label_review	0.00	2026-08-01T00:00:00Z
wl-pos-pos-es-pba-21844	pos-es-pba-21844	1	positive	exclude_probable_name_false_positive	name/type looks like modern or non-castro heritage item	excluded_review	excluded	ES|A Coruña|Santiago de Compostela	ES	Galicia	A Coruña	Santiago de Compostela	Santiago de Compostela	Santiago de Compostela	Edificio na rúa do Castro 3	Xunta PBA Catálogo. Elementos (xuño 2026)	official_catalogue_seed	21844	-		-		-8.542154464922403	42.879677625601346	catalogue_point_wgs84	medium_official_name_or_type	generic_castro_hint	unknown_terrain_pending_visual_review			P2	positive_seed_requires_qgis_boundary_review	110.0	-8.54529274,42.87737795,-8.53901619,42.88197730				exclude_until_independent_label_review	0.00	2026-08-01T00:00:00Z
wl-pos-pos-es-pba-21845	pos-es-pba-21845	1	positive	exclude_probable_name_false_positive	name/type looks like modern or non-castro heritage item	excluded_review	excluded	ES|A Coruña|Santiago de Compostela	ES	Galicia	A Coruña	Santiago de Compostela	Santiago de Compostela	Santiago de Compostela	Edificio na rúa do Castro 5	Xunta PBA Catálogo. Elementos (xuño 2026)	official_catalogue_seed	21845	-		-		-8.542154797824672	42.87963260063831	catalogue_point_wgs84	medium_official_name_or_type	generic_castro_hint	unknown_terrain_pending_visual_review			P2	positive_seed_requires_qgis_boundary_review	110.0	-8.54529307,42.87733292,-8.53901653,42.88193228				exclude_until_independent_label_review	0.00	2026-08-01T00:00:00Z
wl-pos-pos-es-pba-21846	pos-es-pba-21846	1	positive	exclude_probable_name_false_positive	name/type looks like modern or non-castro heritage item	excluded_review	excluded	ES|A Coruña|Santiago de Compostela	ES	Galicia	A Coruña	Santiago de Compostela	Santiago de Compostela	Santiago de Compostela	Edificio na rúa do Castro 7	Xunta PBA Catálogo. Elementos (xuño 2026)	official_catalogue_seed	21846	-		-		-8.542142886319969	42.87958752670865	catalogue_point_wgs84	medium_official_name_or_type	generic_castro_hint	unknown_terrain_pending_visual_review			P2	positive_seed_requires_qgis_boundary_review	110.0	-8.54528115,42.87728785,-8.53900462,42.88188720				exclude_until_independent_label_review	0.00	2026-08-01T00:00:00Z
wl-pos-pos-es-pba-21847	pos-es-pba-21847	1	positive	exclude_probable_name_false_positive	name/type looks like modern or non-castro heritage item	excluded_review	excluded	ES|A Coruña|Santiago de Compostela	ES	Galicia	A Coruña	Santiago de Compostela	Santiago de Compostela	Santiago de Compostela	Edificio na rúa do Castro 9	Xunta PBA Catálogo. Elementos (xuño 2026)	official_catalogue_seed	21847	-		-		-8.541959952924545	42.879487737139975	catalogue_point_wgs84	medium_official_name_or_type	generic_castro_hint	unknown_terrain_pending_visual_review			P2	positive_seed_requires_qgis_boundary_review	110.0	-8.54509822,42.87718806,-8.53882169,42.88178741				exclude_until_independent_label_review	0.00	2026-08-01T00:00:00Z
wl-pos-pos-es-pba-22808	pos-es-pba-22808	1	positive	exclude_probable_name_false_positive	name/type looks like modern or non-castro heritage item	excluded_review	excluded	ES|A Coruña|Santiago de Compostela	ES	Galicia	A Coruña	Santiago de Compostela	Santiago de Compostela	Santiago de Compostela	IES Rosalía de Castro	Xunta PBA Catálogo. Elementos (xuño 2026)	official_catalogue_seed	22808	-		-		-8.546819408172336	42.87804822309589	catalogue_point_wgs84	medium_official_name_or_type	generic_castro_hint	unknown_terrain_pending_visual_review			P2	positive_seed_requires_qgis_boundary_review	110.0	-8.54995760,42.87574855,-8.54368122,42.88034790				exclude_until_independent_label_review	0.00	2026-08-01T00:00:00Z
wl-pos-pos-es-pba-22971	pos-es-pba-22971	1	positive	exclude_probable_name_false_positive	name/type looks like modern or non-castro heritage item	excluded_review	excluded	ES|A Coruña|Santiago de Compostela	ES	Galicia	A Coruña	Santiago de Compostela	Santiago de Compostela	Santiago de Compostela	Estatua a Rosalía de Castro	Xunta PBA Catálogo. Elementos (xuño 2026)	official_catalogue_seed	22971	-		-		-8.550508742927882	42.87753145650364	catalogue_point_wgs84	medium_official_name_or_type	generic_castro_hint	unknown_terrain_pending_visual_review			P2	positive_seed_requires_qgis_boundary_review	110.0	-8.55364691,42.87523178,-8.54737058,42.87983113				exclude_until_independent_label_review	0.00	2026-08-01T00:00:00Z
wl-pos-pos-es-pba-23087	pos-es-pba-23087	1	positive	exclude_probable_name_false_positive	name/type looks like modern or non-castro heritage item	excluded_review	excluded	ES|A Coruña|Santiago de Compostela	ES	Galicia	A Coruña	Santiago de Compostela	Santiago de Compostela	Santiago de Compostela	Edificio na rúa Rosalía de Castro 100	Xunta PBA Catálogo. Elementos (xuño 2026)	official_catalogue_seed	23087	-		-		-8.55283831645432	42.8737043353739	catalogue_point_wgs84	medium_official_name_or_type	generic_castro_hint	unknown_terrain_pending_visual_review			P2	positive_seed_requires_qgis_boundary_review	110.0	-8.55597628,42.87140466,-8.54970035,42.87600401				exclude_until_independent_label_review	0.00	2026-08-01T00:00:00Z
wl-pos-pos-es-pba-23088	pos-es-pba-23088	1	positive	exclude_probable_name_false_positive	name/type looks like modern or non-castro heritage item	excluded_review	excluded	ES|A Coruña|Santiago de Compostela	ES	Galicia	A Coruña	Santiago de Compostela	Santiago de Compostela	Santiago de Compostela	Edificio na rúa Rosalía de Castro 102	Xunta PBA Catálogo. Elementos (xuño 2026)	official_catalogue_seed	23088	-		-		-8.552826008178045	42.873713292570685	catalogue_point_wgs84	medium_official_name_or_type	generic_castro_hint	unknown_terrain_pending_visual_review			P2	positive_seed_requires_qgis_boundary_review	110.0	-8.55596398,42.87141362,-8.54968804,42.87601297				exclude_until_independent_label_review	0.00	2026-08-01T00:00:00Z
wl-pos-pos-es-pba-23089	pos-es-pba-23089	1	positive	exclude_probable_name_false_positive	name/type looks like modern or non-castro heritage item	excluded_review	excluded	ES|A Coruña|Santiago de Compostela	ES	Galicia	A Coruña	Santiago de Compostela	Santiago de Compostela	Santiago de Compostela	Edificio na rúa Rosalía de Castro 108	Xunta PBA Catálogo. Elementos (xuño 2026)	official_catalogue_seed	23089	-		-		-8.553195579721688	42.87339955099713	catalogue_point_wgs84	medium_official_name_or_type	generic_castro_hint	unknown_terrain_pending_visual_review			P2	positive_seed_requires_qgis_boundary_review	110.0	-8.55633353,42.87109987,-8.55005763,42.87569923				exclude_until_independent_label_review	0.00	2026-08-01T00:00:00Z
wl-pos-pos-es-pba-23090	pos-es-pba-23090	1	positive	exclude_probable_name_false_positive	name/type looks like modern or non-castro heritage item	excluded_review	excluded	ES|A Coruña|Santiago de Compostela	ES	Galicia	A Coruña	Santiago de Compostela	Santiago de Compostela	Santiago de Compostela	Edificio na rúa Rosalía de Castro 110	Xunta PBA Catálogo. Elementos (xuño 2026)	official_catalogue_seed	23090	-		-		-8.553183271557694	42.87340850823332	catalogue_point_wgs84	medium_official_name_or_type	generic_castro_hint	unknown_terrain_pending_visual_review			P2	positive_seed_requires_qgis_boundary_review	110.0	-8.55632122,42.87110883,-8.55004532,42.87570818				exclude_until_independent_label_review	0.00	2026-08-01T00:00:00Z
wl-pos-pos-es-pba-23091	pos-es-pba-23091	1	positive	exclude_probable_name_false_positive	name/type looks like modern or non-castro heritage item	excluded_review	excluded	ES|A Coruña|Santiago de Compostela	ES	Galicia	A Coruña	Santiago de Compostela	Santiago de Compostela	Santiago de Compostela	Edificio na rúa Rosalía de Castro 112	Xunta PBA Catálogo. Elementos (xuño 2026)	official_catalogue_seed	23091	-		-		-8.553170963390144	42.87341746546815	catalogue_point_wgs84	medium_official_name_or_type	generic_castro_hint	unknown_terrain_pending_visual_review			P2	positive_seed_requires_qgis_boundary_review	110.0	-8.55630892,42.87111779,-8.55003301,42.87571714				exclude_until_independent_label_review	0.00	2026-08-01T00:00:00Z
wl-pos-pos-es-pba-23111	pos-es-pba-23111	1	positive	exclude_probable_name_false_positive	name/type looks like modern or non-castro heritage item	excluded_review	excluded	ES|A Coruña|Santiago de Compostela	ES	Galicia	A Coruña	Santiago de Compostela	Santiago de Compostela	Ponte de Santo Domingo, A	Edificio na rúa Rosalía de Castro 114	Xunta PBA Catálogo. Elementos (xuño 2026)	official_catalogue_seed	23111	-		-		-8.553798221291819	42.873023679888945	catalogue_point_wgs84	medium_official_name_or_type	generic_castro_hint	unknown_terrain_pending_visual_review			P2	positive_seed_requires_qgis_boundary_review	110.0	-8.55693616,42.87072400,-8.55066029,42.87532336				exclude_until_independent_label_review	0.00	2026-08-01T00:00:00Z
wl-pos-pos-es-pba-23112	pos-es-pba-23112	1	positive	exclude_probable_name_false_positive	name/type looks like modern or non-castro heritage item	excluded_review	excluded	ES|A Coruña|Santiago de Compostela	ES	Galicia	A Coruña	Santiago de Compostela	Santiago de Compostela	Ponte de Santo Domingo, A	Edificio na rúa Rosalía de Castro 116	Xunta PBA Catálogo. Elementos (xuño 2026)	official_catalogue_seed	23112	-		-		-8.553785913289587	42.87303263719124	catalogue_point_wgs84	medium_official_name_or_type	generic_castro_hint	unknown_terrain_pending_visual_review			P2	positive_seed_requires_qgis_boundary_review	110.0	-8.55692385,42.87073296,-8.55064798,42.87533231				exclude_until_independent_label_review	0.00	2026-08-01T00:00:00Z
wl-pos-pos-es-pba-23113	pos-es-pba-23113	1	positive	exclude_probable_name_false_positive	name/type looks like modern or non-castro heritage item	excluded_review	excluded	ES|A Coruña|Santiago de Compostela	ES	Galicia	A Coruña	Santiago de Compostela	Santiago de Compostela	Santiago de Compostela	Edificio na rúa Rosalía de Castro 126	Xunta PBA Catálogo. Elementos (xuño 2026)	official_catalogue_seed	23113	-		-		-8.55445021643438	42.8725939660256	catalogue_point_wgs84	medium_official_name_or_type	generic_castro_hint	unknown_terrain_pending_visual_review			P2	positive_seed_requires_qgis_boundary_review	110.0	-8.55758813,42.87029429,-8.55131230,42.87489364				exclude_until_independent_label_review	0.00	2026-08-01T00:00:00Z
wl-pos-pos-es-pba-23114	pos-es-pba-23114	1	positive	exclude_probable_name_false_positive	name/type looks like modern or non-castro heritage item	excluded_review	excluded	ES|A Coruña|Santiago de Compostela	ES	Galicia	A Coruña	Santiago de Compostela	Santiago de Compostela	Santiago de Compostela	Edificio na rúa Rosalía de Castro 24	Xunta PBA Catálogo. Elementos (xuño 2026)	official_catalogue_seed	23114	-		-		-8.550252715589789	42.87569337710751	catalogue_point_wgs84	medium_official_name_or_type	generic_castro_hint	unknown_terrain_pending_visual_review			P2	positive_seed_requires_qgis_boundary_review	110.0	-8.55339079,42.87339370,-8.54711465,42.87799305				exclude_until_independent_label_review	0.00	2026-08-01T00:00:00Z
wl-pos-pos-es-pba-23115	pos-es-pba-23115	1	positive	exclude_probable_name_false_positive	name/type looks like modern or non-castro heritage item	excluded_review	excluded	ES|A Coruña|Santiago de Compostela	ES	Galicia	A Coruña	Santiago de Compostela	Santiago de Compostela	Santiago de Compostela	Edificio na rúa Rosalía de Castro 48	Xunta PBA Catálogo. Elementos (xuño 2026)	official_catalogue_seed	23115	-		-		-8.551631045403978	42.87472621442408	catalogue_point_wgs84	medium_official_name_or_type	generic_castro_hint	unknown_terrain_pending_visual_review			P2	positive_seed_requires_qgis_boundary_review	110.0	-8.55476907,42.87242654,-8.54849302,42.87702589				exclude_until_independent_label_review	0.00	2026-08-01T00:00:00Z
wl-pos-pos-es-pba-23116	pos-es-pba-23116	1	positive	exclude_probable_name_false_positive	name/type looks like modern or non-castro heritage item	excluded_review	excluded	ES|A Coruña|Santiago de Compostela	ES	Galicia	A Coruña	Santiago de Compostela	Santiago de Compostela	Santiago de Compostela	Edificio na rúa Rosalía de Castro 50	Xunta PBA Catálogo. Elementos (xuño 2026)	official_catalogue_seed	23116	-		-		-8.551618736749871	42.87473517148777	catalogue_point_wgs84	medium_official_name_or_type	generic_castro_hint	unknown_terrain_pending_visual_review			P2	positive_seed_requires_qgis_boundary_review	110.0	-8.55475676,42.87243549,-8.54848072,42.87703485				exclude_until_independent_label_review	0.00	2026-08-01T00:00:00Z
wl-pos-pos-es-pba-23135	pos-es-pba-23135	1	positive	exclude_probable_name_false_positive	name/type looks like modern or non-castro heritage item	excluded_review	excluded	ES|A Coruña|Santiago de Compostela	ES	Galicia	A Coruña	Santiago de Compostela	Santiago de Compostela	Santiago de Compostela	Edificio na rúa Rosalía de Castro 52	Xunta PBA Catálogo. Elementos (xuño 2026)	official_catalogue_seed	23135	-		-		-8.551606428092201	42.874744128550105	catalogue_point_wgs84	medium_official_name_or_type	generic_castro_hint	unknown_terrain_pending_visual_review			P2	positive_seed_requires_qgis_boundary_review	110.0	-8.55474445,42.87244445,-8.54846841,42.87704381				exclude_until_independent_label_review	0.00	2026-08-01T00:00:00Z
wl-pos-pos-es-pba-23136	pos-es-pba-23136	1	positive	exclude_probable_name_false_positive	name/type looks like modern or non-castro heritage item	excluded_review	excluded	ES|A Coruña|Santiago de Compostela	ES	Galicia	A Coruña	Santiago de Compostela	Santiago de Compostela	Santiago de Compostela	Edificio na rúa Rosalía de Castro 66	Xunta PBA Catálogo. Elementos (xuño 2026)	official_catalogue_seed	23136	-		-		-8.552086853848042	42.87434077203617	catalogue_point_wgs84	medium_official_name_or_type	generic_castro_hint	unknown_terrain_pending_visual_review			P2	positive_seed_requires_qgis_boundary_review	110.0	-8.55522485,42.87204110,-8.54894885,42.87664045				exclude_until_independent_label_review	0.00	2026-08-01T00:00:00Z
wl-pos-pos-es-pba-23137	pos-es-pba-23137	1	positive	exclude_probable_name_false_positive	name/type looks like modern or non-castro heritage item	excluded_review	excluded	ES|A Coruña|Santiago de Compostela	ES	Galicia	A Coruña	Santiago de Compostela	Santiago de Compostela	Santiago de Compostela	Edificio na rúa Rosalía de Castro 68	Xunta PBA Catálogo. Elementos (xuño 2026)	official_catalogue_seed	23137	-		-		-8.552123844479855	42.87430489567274	catalogue_point_wgs84	medium_official_name_or_type	generic_castro_hint	unknown_terrain_pending_visual_review			P2	positive_seed_requires_qgis_boundary_review	110.0	-8.55526184,42.87200522,-8.54898585,42.87660457				exclude_until_independent_label_review	0.00	2026-08-01T00:00:00Z
wl-pos-pos-es-pba-23138	pos-es-pba-23138	1	positive	exclude_probable_name_false_positive	name/type looks like modern or non-castro heritage item	excluded_review	excluded	ES|A Coruña|Santiago de Compostela	ES	Galicia	A Coruña	Santiago de Compostela	Santiago de Compostela	Santiago de Compostela	Edificio na rúa Rosalía de Castro 72	Xunta PBA Catálogo. Elementos (xuño 2026)	official_catalogue_seed	23138	-		-		-8.552283984833444	42.8741704429874	catalogue_point_wgs84	medium_official_name_or_type	generic_castro_hint	unknown_terrain_pending_visual_review			P2	positive_seed_requires_qgis_boundary_review	110.0	-8.55542198,42.87187077,-8.54914599,42.87647012				exclude_until_independent_label_review	0.00	2026-08-01T00:00:00Z
wl-pos-pos-es-pba-23139	pos-es-pba-23139	1	positive	exclude_probable_name_false_positive	name/type looks like modern or non-castro heritage item	excluded_review	excluded	ES|A Coruña|Santiago de Compostela	ES	Galicia	A Coruña	Santiago de Compostela	Santiago de Compostela	Santiago de Compostela	Edificio na rúa Rosalía de Castro 74	Xunta PBA Catálogo. Elementos (xuño 2026)	official_catalogue_seed	23139	-		-		-8.552271676384303	42.874179400123104	catalogue_point_wgs84	medium_official_name_or_type	generic_castro_hint	unknown_terrain_pending_visual_review			P2	positive_seed_requires_qgis_boundary_review	110.0	-8.55540967,42.87187972,-8.54913368,42.87647908				exclude_until_independent_label_review	0.00	2026-08-01T00:00:00Z
wl-pos-pos-es-pba-23140	pos-es-pba-23140	1	positive	exclude_probable_name_false_positive	name/type looks like modern or non-castro heritage item	excluded_review	excluded	ES|A Coruña|Santiago de Compostela	ES	Galicia	A Coruña	Santiago de Compostela	Santiago de Compostela	Santiago de Compostela	Edificio na rúa Rosalía de Castro 76	Xunta PBA Catálogo. Elementos (xuño 2026)	official_catalogue_seed	23140	-		-		-8.552259367931605	42.87418835725743	catalogue_point_wgs84	medium_official_name_or_type	generic_castro_hint	unknown_terrain_pending_visual_review			P2	positive_seed_requires_qgis_boundary_review	110.0	-8.55539736,42.87188868,-8.54912137,42.87648803				exclude_until_independent_label_review	0.00	2026-08-01T00:00:00Z
wl-pos-pos-es-pba-23160	pos-es-pba-23160	1	positive	exclude_probable_name_false_positive	name/type looks like modern or non-castro heritage item	excluded_review	excluded	ES|A Coruña|Santiago de Compostela	ES	Galicia	A Coruña	Santiago de Compostela	Santiago de Compostela	Santiago de Compostela	Edificio na rúa Rosalía de Castro 78	Xunta PBA Catálogo. Elementos (xuño 2026)	official_catalogue_seed	23160	-		-		-8.552247059475345	42.87419731439041	catalogue_point_wgs84	medium_official_name_or_type	generic_castro_hint	unknown_terrain_pending_visual_review			P2	positive_seed_requires_qgis_boundary_review	110.0	-8.55538505,42.87189764,-8.54910907,42.87649699				exclude_until_independent_label_review	0.00	2026-08-01T00:00:00Z
wl-pos-pos-es-pba-23161	pos-es-pba-23161	1	positive	exclude_probable_name_false_positive	name/type looks like modern or non-castro heritage item	excluded_review	excluded	ES|A Coruña|Santiago de Compostela	ES	Galicia	A Coruña	Santiago de Compostela	Santiago de Compostela	Santiago de Compostela	Edificio na rúa Rosalía de Castro 80A	Xunta PBA Catálogo. Elementos (xuño 2026)	official_catalogue_seed	23161	-		-		-8.552579711802201	42.87391044625178	catalogue_point_wgs84	medium_official_name_or_type	generic_castro_hint	unknown_terrain_pending_visual_review			P2	positive_seed_requires_qgis_boundary_review	110.0	-8.55571769,42.87161077,-8.54944173,42.87621012				exclude_until_independent_label_review	0.00	2026-08-01T00:00:00Z
wl-pos-pos-es-pba-23162	pos-es-pba-23162	1	positive	exclude_probable_name_false_positive	name/type looks like modern or non-castro heritage item	excluded_review	excluded	ES|A Coruña|Santiago de Compostela	ES	Galicia	A Coruña	Santiago de Compostela	Santiago de Compostela	Santiago de Compostela	Edificio na rúa Rosalía de Castro 82	Xunta PBA Catálogo. Elementos (xuño 2026)	official_catalogue_seed	23162	-		-		-8.552567403447547	42.8739194034201	catalogue_point_wgs84	medium_official_name_or_type	generic_castro_hint	unknown_terrain_pending_visual_review			P2	positive_seed_requires_qgis_boundary_review	110.0	-8.55570538,42.87161973,-8.54942942,42.87621908				exclude_until_independent_label_review	0.00	2026-08-01T00:00:00Z
wl-pos-pos-es-pba-23163	pos-es-pba-23163	1	positive	exclude_probable_name_false_positive	name/type looks like modern or non-castro heritage item	excluded_review	excluded	ES|A Coruña|Santiago de Compostela	ES	Galicia	A Coruña	Santiago de Compostela	Santiago de Compostela	Santiago de Compostela	Edificio na rúa Rosalía de Castro 84	Xunta PBA Catálogo. Elementos (xuño 2026)	official_catalogue_seed	23163	-		-		-8.552555095089337	42.87392836058706	catalogue_point_wgs84	medium_official_name_or_type	generic_castro_hint	unknown_terrain_pending_visual_review			P2	positive_seed_requires_qgis_boundary_review	110.0	-8.55569307,42.87162868,-8.54941712,42.87622804				exclude_until_independent_label_review	0.00	2026-08-01T00:00:00Z
wl-pos-pos-es-pba-23164	pos-es-pba-23164	1	positive	exclude_probable_name_false_positive	name/type looks like modern or non-castro heritage item	excluded_review	excluded	ES|A Coruña|Santiago de Compostela	ES	Galicia	A Coruña	Santiago de Compostela	Santiago de Compostela	Santiago de Compostela	Edificio na rúa Rosalía de Castro 88	Xunta PBA Catálogo. Elementos (xuño 2026)	official_catalogue_seed	23164	-		-		-8.552690486833892	42.87382983167602	catalogue_point_wgs84	medium_official_name_or_type	generic_castro_hint	unknown_terrain_pending_visual_review			P2	positive_seed_requires_qgis_boundary_review	110.0	-8.55582846,42.87153016,-8.54955251,42.87612951				exclude_until_independent_label_review	0.00	2026-08-01T00:00:00Z
wl-pos-pos-es-pba-23165	pos-es-pba-23165	1	positive	exclude_probable_name_false_positive	name/type looks like modern or non-castro heritage item	excluded_review	excluded	ES|A Coruña|Santiago de Compostela	ES	Galicia	A Coruña	Santiago de Compostela	Santiago de Compostela	Santiago de Compostela	Edificio na rúa Rosalía de Castro 90	Xunta PBA Catálogo. Elementos (xuño 2026)	official_catalogue_seed	23165	-		-		-8.552678178511275	42.8738387888565	catalogue_point_wgs84	medium_official_name_or_type	generic_castro_hint	unknown_terrain_pending_visual_review			P2	positive_seed_requires_qgis_boundary_review	110.0	-8.55581615,42.87153911,-8.54954020,42.87613847				exclude_until_independent_label_review	0.00	2026-08-01T00:00:00Z
wl-pos-pos-es-pba-23186	pos-es-pba-23186	1	positive	exclude_probable_name_false_positive	name/type looks like modern or non-castro heritage item	excluded_review	excluded	ES|A Coruña|Santiago de Compostela	ES	Galicia	A Coruña	Santiago de Compostela	Santiago de Compostela	Santiago de Compostela	Edificio na rúa Rosalía de Castro 92	Xunta PBA Catálogo. Elementos (xuño 2026)	official_catalogue_seed	23186	-		-		-8.552665870185102	42.87384774603566	catalogue_point_wgs84	medium_official_name_or_type	generic_castro_hint	unknown_terrain_pending_visual_review			P2	positive_seed_requires_qgis_boundary_review	110.0	-8.55580385,42.87154807,-8.54952789,42.87614742				exclude_until_independent_label_review	0.00	2026-08-01T00:00:00Z
wl-pos-pos-es-pba-23187	pos-es-pba-23187	1	positive	exclude_probable_name_false_positive	name/type looks like modern or non-castro heritage item	excluded_review	excluded	ES|A Coruña|Santiago de Compostela	ES	Galicia	A Coruña	Santiago de Compostela	Santiago de Compostela	Santiago de Compostela	Edificio na rúa Rosalía de Castro 96	Xunta PBA Catálogo. Elementos (xuño 2026)	official_catalogue_seed	23187	-		-		-8.552862932996195	42.87368642097624	catalogue_point_wgs84	medium_official_name_or_type	generic_castro_hint	unknown_terrain_pending_visual_review			P2	positive_seed_requires_qgis_boundary_review	110.0	-8.55600090,42.87138674,-8.54972497,42.87598610				exclude_until_independent_label_review	0.00	2026-08-01T00:00:00Z
wl-pos-pos-es-pba-23188	pos-es-pba-23188	1	positive	exclude_probable_name_false_positive	name/type looks like modern or non-castro heritage item	excluded_review	excluded	ES|A Coruña|Santiago de Compostela	ES	Galicia	A Coruña	Santiago de Compostela	Santiago de Compostela	Ponte de Santo Domingo, A	Edificio na rúa Rosalía de Castro 97	Xunta PBA Catálogo. Elementos (xuño 2026)	official_catalogue_seed	23188	-		-		-8.553578883452994	42.872878740536414	catalogue_point_wgs84	medium_official_name_or_type	generic_castro_hint	unknown_terrain_pending_visual_review			P2	positive_seed_requires_qgis_boundary_review	110.0	-8.55671681,42.87057906,-8.55044096,42.87517842				exclude_until_independent_label_review	0.00	2026-08-01T00:00:00Z
wl-pos-pos-es-pba-23189	pos-es-pba-23189	1	positive	exclude_probable_name_false_positive	name/type looks like modern or non-castro heritage item	excluded_review	excluded	ES|A Coruña|Santiago de Compostela	ES	Galicia	A Coruña	Santiago de Compostela	Santiago de Compostela	Santiago de Compostela	Edificio na rúa Rosalía de Castro 98	Xunta PBA Catálogo. Elementos (xuño 2026)	official_catalogue_seed	23189	-		-		-8.552850624727037	42.873695378175746	catalogue_point_wgs84	medium_official_name_or_type	generic_castro_hint	unknown_terrain_pending_visual_review			P2	positive_seed_requires_qgis_boundary_review	110.0	-8.55598859,42.87139570,-8.54971266,42.87599505				exclude_until_independent_label_review	0.00	2026-08-01T00:00:00Z
wl-pos-pos-es-pba-24252	pos-es-pba-24252	1	positive	exclude_probable_name_false_positive	name/type looks like modern or non-castro heritage item	excluded_review	excluded	ES|A Coruña|Santiago de Compostela	ES	Galicia	A Coruña	Santiago de Compostela	Santiago de Compostela	Santiago de Compostela	Rúa do Castro	Xunta PBA Catálogo. Elementos (xuño 2026)	official_catalogue_seed	24252	-		-		-8.542181150793814	42.87938055876642	catalogue_point_wgs84	medium_official_name_or_type	generic_castro_hint	unknown_terrain_pending_visual_review			P2	positive_seed_requires_qgis_boundary_review	110.0	-8.54531941,42.87708088,-8.53904289,42.88168024				exclude_until_independent_label_review	0.00	2026-08-01T00:00:00Z
wl-pos-pos-es-pba-24127	pos-es-pba-24127	1	positive	exclude_probable_name_false_positive	name/type looks like modern or non-castro heritage item	excluded_review	excluded	ES|A Coruña|Santiso	ES	Galicia	A Coruña	Santiso	Santaia de Rairiz (Santaia)	Mariño	Mámoa de Castro de Rairiz 1	Xunta PBA Catálogo. Elementos (xuño 2026)	official_catalogue_seed	24127	GA15079022		-		-8.04729426105774	42.85265612381234	catalogue_point_wgs84	medium_official_name_or_type	generic_castro_hint	unknown_terrain_pending_visual_review			P2	positive_seed_requires_qgis_boundary_review	110.0	-8.05043116,42.85035645,-8.04415736,42.85495580				exclude_until_independent_label_review	0.00	2026-08-01T00:00:00Z
wl-pos-pos-es-pba-24128	pos-es-pba-24128	1	positive	exclude_probable_name_false_positive	name/type looks like modern or non-castro heritage item	excluded_review	excluded	ES|A Coruña|Santiso	ES	Galicia	A Coruña	Santiso	Santaia de Rairiz (Santaia)	Mariño	Mámoa de Castro de Rairiz 2	Xunta PBA Catálogo. Elementos (xuño 2026)	official_catalogue_seed	24128	GA15079038		-		-8.047467347300183	42.85289520294906	catalogue_point_wgs84	medium_official_name_or_type	generic_castro_hint	unknown_terrain_pending_visual_review			P2	positive_seed_requires_qgis_boundary_review	110.0	-8.05060426,42.85059553,-8.04433044,42.85519488				exclude_until_independent_label_review	0.00	2026-08-01T00:00:00Z
wl-pos-pos-es-pba-24187	pos-es-pba-24187	1	positive	exclude_probable_name_false_positive	name/type looks like modern or non-castro heritage item	excluded_review	excluded	ES|A Coruña|Santiso	ES	Galicia	A Coruña	Santiso	Santaia de Rairiz (Santaia)	Mariño	Mámoa do Castro de Rairiz	Xunta PBA Catálogo. Elementos (xuño 2026)	official_catalogue_seed	24187	RE15079005		-		-8.047474867651841	42.85288386399875	catalogue_point_wgs84	medium_official_name_or_type	generic_castro_hint	unknown_terrain_pending_visual_review			P2	positive_seed_requires_qgis_boundary_review	110.0	-8.05061178,42.85058419,-8.04433796,42.85518354				exclude_until_independent_label_review	0.00	2026-08-01T00:00:00Z
wl-pos-pos-es-pba-23501	pos-es-pba-23501	1	positive	exclude_probable_name_false_positive	name/type looks like modern or non-castro heritage item	excluded_review	excluded	ES|A Coruña|Teo	ES	Galicia	A Coruña	Teo	Calo (San Xoán)	Socastro	Cruceiro de Socastro	Xunta PBA Catálogo. Elementos (xuño 2026)	official_catalogue_seed	23501	-		CRU		-8.592461196826635	42.81932504733051	catalogue_point_wgs84	medium_official_name_or_type	generic_castro_hint	unknown_terrain_pending_visual_review			P2	positive_seed_requires_qgis_boundary_review	110.0	-8.59559640,42.81702537,-8.58932599,42.82162472				exclude_until_independent_label_review	0.00	2026-08-01T00:00:00Z
wl-pos-pos-es-pba-23638	pos-es-pba-23638	1	positive	exclude_probable_name_false_positive	name/type looks like modern or non-castro heritage item	excluded_review	excluded	ES|A Coruña|Teo	ES	Galicia	A Coruña	Teo	Calo (San Xoán)	Socastro	Casa en Socastro	Xunta PBA Catálogo. Elementos (xuño 2026)	official_catalogue_seed	23638	-		HOR		-8.592133521149433	42.81892764487033	catalogue_point_wgs84	medium_official_name_or_type	generic_castro_hint	unknown_terrain_pending_visual_review			P2	positive_seed_requires_qgis_boundary_review	110.0	-8.59526871,42.81662797,-8.58899833,42.82122732				exclude_until_independent_label_review	0.00	2026-08-01T00:00:00Z
wl-pos-pos-es-pba-24890	pos-es-pba-24890	1	positive	exclude_probable_name_false_positive	name/type looks like modern or non-castro heritage item	excluded_review	excluded	ES|A Coruña|Toques	ES	Galicia	A Coruña	Toques	Paradela (San Paio)	Castro de Lobos	Abrigo de Castro de Lobos	Xunta PBA Catálogo. Elementos (xuño 2026)	official_catalogue_seed	24890	GA15083080		ARU		-7.983398548572252	43.002881168443466	catalogue_point_wgs84	medium_official_name_or_type	generic_castro_hint	unknown_terrain_pending_visual_review			P2	positive_seed_requires_qgis_boundary_review	110.0	-7.98654311,43.00058149,-7.98025399,43.00518085				exclude_until_independent_label_review	0.00	2026-08-01T00:00:00Z
wl-pos-pos-es-pba-25090	pos-es-pba-25090	1	positive	exclude_ambiguous_positive_seed	positive seed too ambiguous for weak-label training	excluded_review	excluded	ES|A Coruña|Tordoia	ES	Galicia	A Coruña	Tordoia	Castenda da Torre (Santa María)	Barral, O	As Croas de Vilar	Xunta PBA Catálogo. Elementos (xuño 2026)	official_catalogue_seed	25090	GA15084008		-		-8.549323235651679	43.03249735306828	catalogue_point_wgs84	medium_official_name_or_type	croa_top_ring_hint	hilltop_or_ridge_proxy			P1	positive_seed_requires_qgis_boundary_review	110.0	-8.55246931,43.03019768,-8.54617716,43.03479703				exclude_until_independent_label_review	0.00	2026-08-01T00:00:00Z
wl-pos-pos-es-pba-25279	pos-es-pba-25279	1	positive	exclude_ambiguous_positive_seed	positive seed too ambiguous for weak-label training	excluded_review	excluded	ES|A Coruña|Tordoia	ES	Galicia	A Coruña	Tordoia	Cabaleiros (San Xián)	Castrillón	Castrillón	Xunta PBA Catálogo. Elementos (xuño 2026)	official_catalogue_seed	25279	GA15084009		-		-8.566121226363311	43.06970026637022	catalogue_point_wgs84	medium_official_name_or_type	castrel_toponym_hint	unknown_terrain_pending_visual_review			P1	positive_seed_requires_qgis_boundary_review	100.0	-8.56926921,43.06740059,-8.56297324,43.07199994				exclude_until_independent_label_review	0.00	2026-08-01T00:00:00Z
wl-pos-pos-es-pba-24828	pos-es-pba-24828	1	positive	exclude_probable_name_false_positive	name/type looks like modern or non-castro heritage item	excluded_review	excluded	ES|A Coruña|Touro	ES	Galicia	A Coruña	Touro	Touro (San Xoán)	Mourelos de Arriba	Mámoa da Croa de Pereiro 1	Xunta PBA Catálogo. Elementos (xuño 2026)	official_catalogue_seed	24828	GA15085028		-		-8.315135506834725	42.86826096192568	catalogue_point_wgs84	medium_official_name_or_type	croa_top_ring_hint	hilltop_or_ridge_proxy			P1	positive_seed_requires_qgis_boundary_review	110.0	-8.31827320,42.86596129,-8.31199782,42.87056064				exclude_until_independent_label_review	0.00	2026-08-01T00:00:00Z
wl-pos-pos-es-pba-24829	pos-es-pba-24829	1	positive	exclude_probable_name_false_positive	name/type looks like modern or non-castro heritage item	excluded_review	excluded	ES|A Coruña|Touro	ES	Galicia	A Coruña	Touro	Touro (San Xoán)	Mourelos de Arriba	Mámoa da Croa de Pereiro 2	Xunta PBA Catálogo. Elementos (xuño 2026)	official_catalogue_seed	24829	GA15085029		-		-8.316207738816587	42.868231550701196	catalogue_point_wgs84	medium_official_name_or_type	croa_top_ring_hint	hilltop_or_ridge_proxy			P1	positive_seed_requires_qgis_boundary_review	110.0	-8.31934543,42.86593187,-8.31307005,42.87053123				exclude_until_independent_label_review	0.00	2026-08-01T00:00:00Z
wl-pos-pos-es-pba-24830	pos-es-pba-24830	1	positive	exclude_probable_name_false_positive	name/type looks like modern or non-castro heritage item	excluded_review	excluded	ES|A Coruña|Touro	ES	Galicia	A Coruña	Touro	Touro (San Xoán)	Mourelos de Arriba	Mámoa da Croa de Pereiro 3	Xunta PBA Catálogo. Elementos (xuño 2026)	official_catalogue_seed	24830	GA15085030		-		-8.316683654033262	42.86805467885699	catalogue_point_wgs84	medium_official_name_or_type	croa_top_ring_hint	hilltop_or_ridge_proxy			P1	positive_seed_requires_qgis_boundary_review	110.0	-8.31982134,42.86575500,-8.31354597,42.87035436				exclude_until_independent_label_review	0.00	2026-08-01T00:00:00Z
wl-pos-pos-es-pba-24831	pos-es-pba-24831	1	positive	exclude_probable_name_false_positive	name/type looks like modern or non-castro heritage item	excluded_review	excluded	ES|A Coruña|Touro	ES	Galicia	A Coruña	Touro	Touro (San Xoán)	Mourelos de Arriba	Mámoa da Croa de Pereiro 4	Xunta PBA Catálogo. Elementos (xuño 2026)	official_catalogue_seed	24831	GA15085031		-		-8.317070438193925	42.86791954944411	catalogue_point_wgs84	medium_official_name_or_type	croa_top_ring_hint	hilltop_or_ridge_proxy			P1	positive_seed_requires_qgis_boundary_review	110.0	-8.32020811,42.86561987,-8.31393276,42.87021923				exclude_until_independent_label_review	0.00	2026-08-01T00:00:00Z
wl-pos-pos-es-pba-24832	pos-es-pba-24832	1	positive	exclude_probable_name_false_positive	name/type looks like modern or non-castro heritage item	excluded_review	excluded	ES|A Coruña|Touro	ES	Galicia	A Coruña	Touro	Touro (San Xoán)	A Cruz de Méndez	Mámoa da Croa de Pereiro 5	Xunta PBA Catálogo. Elementos (xuño 2026)	official_catalogue_seed	24832	GA15085032		-		-8.31750812121462	42.86769771611598	catalogue_point_wgs84	medium_official_name_or_type	croa_top_ring_hint	hilltop_or_ridge_proxy			P1	positive_seed_requires_qgis_boundary_review	110.0	-8.32064578,42.86539804,-8.31437046,42.86999739				exclude_until_independent_label_review	0.00	2026-08-01T00:00:00Z
wl-pos-pos-es-pba-24885	pos-es-pba-24885	1	positive	exclude_probable_name_false_positive	name/type looks like modern or non-castro heritage item	excluded_review	excluded	ES|A Coruña|Touro	ES	Galicia	A Coruña	Touro	Prevediños (Santiago)	O Castro	Casa no Castro	Xunta PBA Catálogo. Elementos (xuño 2026)	official_catalogue_seed	24885	-		-		-8.373027807973411	42.85324738560186	catalogue_point_wgs84	medium_official_name_or_type	generic_castro_hint	unknown_terrain_pending_visual_review			P2	positive_seed_requires_qgis_boundary_review	110.0	-8.37616474,42.85094771,-8.36989088,42.85554706				exclude_until_independent_label_review	0.00	2026-08-01T00:00:00Z
wl-pos-pos-es-pba-24683	pos-es-pba-24683	1	positive	exclude_ambiguous_positive_seed	positive seed too ambiguous for weak-label training	excluded_review	excluded	ES|A Coruña|Val do Dubra	ES	Galicia	A Coruña	Val do Dubra	Arabexo (Santa María)	Burgo, O	O Castrillón	Xunta PBA Catálogo. Elementos (xuño 2026)	official_catalogue_seed	24683	GA15088019		-		-8.661920738812555	43.05280609862537	catalogue_point_wgs84	medium_official_name_or_type	castrel_toponym_hint	unknown_terrain_pending_visual_review			P1	positive_seed_requires_qgis_boundary_review	100.0	-8.66506786,43.05050642,-8.65877362,43.05510578				exclude_until_independent_label_review	0.00	2026-08-01T00:00:00Z
wl-pos-pos-es-pba-24851	pos-es-pba-24851	1	positive	exclude_probable_name_false_positive	name/type looks like modern or non-castro heritage item	excluded_review	excluded	ES|A Coruña|Valdoviño	ES	Galicia	A Coruña	Valdoviño	Lago (Santiago)	Canteiro, O	Mámoa do Castro	Xunta PBA Catálogo. Elementos (xuño 2026)	official_catalogue_seed	24851	GA15087021	Mámoa	-		-8.172991391447814	43.58967114968943	catalogue_point_wgs84	medium_official_name_or_type	generic_castro_hint	unknown_terrain_pending_visual_review			P2	positive_seed_requires_qgis_boundary_review	110.0	-8.17616644,43.58737147,-8.16981634,43.59197083				exclude_until_independent_label_review	0.00	2026-08-01T00:00:00Z
wl-pos-pos-es-pba-24582	pos-es-pba-24582	1	positive	exclude_ambiguous_positive_seed	positive seed too ambiguous for weak-label training	excluded_review	excluded	ES|A Coruña|Vedra	ES	Galicia	A Coruña	Vedra	San Pedro de Vilanova (San Pedro)	Castrelo	Castrelo	Xunta PBA Catálogo. Elementos (xuño 2026)	official_catalogue_seed	24582	TO15089010		-		-8.43053835717513	42.7815951697744	catalogue_point_wgs84	medium_official_name_or_type	castrel_toponym_hint	unknown_terrain_pending_visual_review			P1	positive_seed_requires_qgis_boundary_review	100.0	-8.43367165,42.77929549,-8.42740506,42.78389485				exclude_until_independent_label_review	0.00	2026-08-01T00:00:00Z
wl-pos-pos-es-pba-25402	pos-es-pba-25402	1	positive	exclude_probable_name_false_positive	name/type looks like modern or non-castro heritage item	excluded_review	excluded	ES|A Coruña|Vilarmaior	ES	Galicia	A Coruña	Vilarmaior	Torres (San Xorxe)	A Laxe	Petróglifo do Castro 2	Xunta PBA Catálogo. Elementos (xuño 2026)	official_catalogue_seed	25402	GA15091062		ARU		-8.125165693231308	43.342022207488725	catalogue_point_wgs84	medium_official_name_or_type	generic_castro_hint	unknown_terrain_pending_visual_review			P2	positive_seed_requires_qgis_boundary_review	110.0	-8.12832776,43.33972253,-8.12200362,43.34432188				exclude_until_independent_label_review	0.00	2026-08-01T00:00:00Z
wl-pos-pos-es-pba-25961	pos-es-pba-25961	1	positive	exclude_probable_name_false_positive	name/type looks like modern or non-castro heritage item	excluded_review	excluded	ES|A Coruña|Vilarmaior	ES	Galicia	A Coruña	Vilarmaior	Torres (San Xorxe)	A Laxe	Petróglifo do Castro 1	Xunta PBA Catálogo. Elementos (xuño 2026)	official_catalogue_seed	25961	GA15091061		ARU		-8.125234739793088	43.34195510652398	catalogue_point_wgs84	medium_official_name_or_type	generic_castro_hint	unknown_terrain_pending_visual_review			P2	positive_seed_requires_qgis_boundary_review	110.0	-8.12839681,43.33965543,-8.12207267,43.34425478				exclude_until_independent_label_review	0.00	2026-08-01T00:00:00Z
wl-pos-pos-es-pba-26251	pos-es-pba-26251	1	positive	exclude_ambiguous_positive_seed	positive seed too ambiguous for weak-label training	excluded_review	excluded	ES|A Coruña|Vilarmaior	ES	Galicia	A Coruña	Vilarmaior	Doroña (Santa María)	Castro, O	As Croas	Xunta PBA Catálogo. Elementos (xuño 2026)	official_catalogue_seed	26251	GA15091001		-		-8.130013328801592	43.36857841436991	catalogue_point_wgs84	medium_official_name_or_type	croa_top_ring_hint	hilltop_or_ridge_proxy			P1	positive_seed_requires_qgis_boundary_review	110.0	-8.13317678,43.36627874,-8.12684988,43.37087809				exclude_until_independent_label_review	0.00	2026-08-01T00:00:00Z
wl-pos-pos-es-pba-25448	pos-es-pba-25448	1	positive	exclude_probable_name_false_positive	name/type looks like modern or non-castro heritage item	excluded_review	excluded	ES|A Coruña|Vimianzo	ES	Galicia	A Coruña	Vimianzo	Salto (Santa María)	Castro	Conxunto en Castro	Xunta PBA Catálogo. Elementos (xuño 2026)	official_catalogue_seed	25448	-		HOR		-8.999754199244538	43.10704434379134	catalogue_point_wgs84	medium_official_name_or_type	generic_castro_hint	unknown_terrain_pending_visual_review			P2	positive_seed_requires_qgis_boundary_review	110.0	-9.00290410,43.10474467,-8.99660430,43.10934402				exclude_until_independent_label_review	0.00	2026-08-01T00:00:00Z
wl-pos-pos-es-pba-25452	pos-es-pba-25452	1	positive	exclude_probable_name_false_positive	name/type looks like modern or non-castro heritage item	excluded_review	excluded	ES|A Coruña|Vimianzo	ES	Galicia	A Coruña	Vimianzo	Vimianzo (San Vicenzo)	Castrobuxán	Cruceiro da capela de Castro Buxán	Xunta PBA Catálogo. Elementos (xuño 2026)	official_catalogue_seed	25452	-		CRU		-9.061113505802549	43.13922052738472	catalogue_point_wgs84	medium_official_name_or_type	generic_castro_hint	unknown_terrain_pending_visual_review			P2	positive_seed_requires_qgis_boundary_review	110.0	-9.06426507,43.13692085,-9.05796194,43.14152020				exclude_until_independent_label_review	0.00	2026-08-01T00:00:00Z
wl-pos-pos-es-pba-25524	pos-es-pba-25524	1	positive	exclude_probable_name_false_positive	name/type looks like modern or non-castro heritage item	excluded_review	excluded	ES|A Coruña|Vimianzo	ES	Galicia	A Coruña	Vimianzo	Salto (Santa María)	Castromil	Cruceiro de Castromil	Xunta PBA Catálogo. Elementos (xuño 2026)	official_catalogue_seed	25524	-		CRU		-9.004008500078859	43.13688650582744	catalogue_point_wgs84	medium_official_name_or_type	generic_castro_hint	unknown_terrain_pending_visual_review			P2	positive_seed_requires_qgis_boundary_review	110.0	-9.00715994,43.13458683,-9.00085706,43.13918618				exclude_until_independent_label_review	0.00	2026-08-01T00:00:00Z
wl-pos-pos-es-pba-25554	pos-es-pba-25554	1	positive	exclude_ambiguous_positive_seed	positive seed too ambiguous for weak-label training	excluded_review	excluded	ES|A Coruña|Vimianzo	ES	Galicia	A Coruña	Vimianzo	Salto (Santa María)	Castromil	Capela de Castromil	Xunta PBA Catálogo. Elementos (xuño 2026)	official_catalogue_seed	25554	-		-		-9.005594356520573	43.13327548349194	catalogue_point_wgs84	medium_official_name_or_type	generic_castro_hint	unknown_terrain_pending_visual_review			P2	positive_seed_requires_qgis_boundary_review	110.0	-9.00874561,43.13097581,-9.00244310,43.13557516				exclude_until_independent_label_review	0.00	2026-08-01T00:00:00Z
wl-pos-pos-es-pba-25696	pos-es-pba-25696	1	positive	exclude_probable_name_false_positive	name/type looks like modern or non-castro heritage item	excluded_review	excluded	ES|A Coruña|Vimianzo	ES	Galicia	A Coruña	Vimianzo	Castrelo (San Martiño)	Cerbán	Igrexa de Castrelo (Parroquial de San Martiño)	Xunta PBA Catálogo. Elementos (xuño 2026)	official_catalogue_seed	25696	-	Igrexa	-		-9.047357528365364	43.06440508735288	catalogue_point_wgs84	medium_official_name_or_type	coastal_promontory_hint	coastal_or_promontory_proxy			P0	positive_seed_requires_qgis_boundary_review	150.0	-9.05050524,43.06210541,-9.04420982,43.06670476				exclude_until_independent_label_review	0.00	2026-08-01T00:00:00Z
wl-pos-pos-es-pba-25707	pos-es-pba-25707	1	positive	exclude_probable_name_false_positive	name/type looks like modern or non-castro heritage item	excluded_review	excluded	ES|A Coruña|Vimianzo	ES	Galicia	A Coruña	Vimianzo	Salto (Santa María)	Castromil	Pazo de Castromil	Xunta PBA Catálogo. Elementos (xuño 2026)	official_catalogue_seed	25707	-	Residencial	-		-9.005815690494252	43.13347357981609	catalogue_point_wgs84	medium_official_name_or_type	generic_castro_hint	unknown_terrain_pending_visual_review			P2	positive_seed_requires_qgis_boundary_review	110.0	-9.00896696,43.13117390,-9.00266443,43.13577326				exclude_until_independent_label_review	0.00	2026-08-01T00:00:00Z
wl-pos-pos-es-pba-25736	pos-es-pba-25736	1	positive	exclude_probable_name_false_positive	name/type looks like modern or non-castro heritage item	excluded_review	excluded	ES|A Coruña|Vimianzo	ES	Galicia	A Coruña	Vimianzo	Castrelo (San Martiño)	Lavandeira	Igrexa Vella (Citania de Vilaseco)/Castro de Lavandeira	Xunta PBA Catálogo. Elementos (xuño 2026)	official_catalogue_seed	25736	GA15092020		-		-9.05893610466568	43.06097394141789	catalogue_point_wgs84	medium_official_name_or_type	large_castrexo_civitas_hint	unknown_terrain_pending_visual_review			P0	positive_seed_requires_qgis_boundary_review	180.0	-9.06208364,43.05867426,-9.05578857,43.06327362	28.03	weak_centered_ring_signal	include_visual_signal_metric_eval	exclude_until_independent_label_review	0.00	2026-08-01T00:00:00Z
wl-pos-pos-es-pba-25793	pos-es-pba-25793	1	positive	exclude_ambiguous_positive_seed	positive seed too ambiguous for weak-label training	excluded_review	excluded	ES|A Coruña|Vimianzo	ES	Galicia	A Coruña	Vimianzo	Salto (Santa María)	Castromil	Núcleo de Castromil	Xunta PBA Catálogo. Elementos (xuño 2026)	official_catalogue_seed	25793	-		-		-9.005938719586123	43.13425699798751	catalogue_point_wgs84	medium_official_name_or_type	generic_castro_hint	unknown_terrain_pending_visual_review			P2	positive_seed_requires_qgis_boundary_review	110.0	-9.00909003,43.13195732,-9.00278741,43.13655667				exclude_until_independent_label_review	0.00	2026-08-01T00:00:00Z
wl-pos-pos-es-pba-25805	pos-es-pba-25805	1	positive	exclude_probable_name_false_positive	name/type looks like modern or non-castro heritage item	excluded_review	excluded	ES|A Coruña|Vimianzo	ES	Galicia	A Coruña	Vimianzo	Salto (Santa María)	Castro	Casa en Castro	Xunta PBA Catálogo. Elementos (xuño 2026)	official_catalogue_seed	25805	-		HOR		-8.99942235882598	43.108043888804595	catalogue_point_wgs84	medium_official_name_or_type	generic_castro_hint	unknown_terrain_pending_visual_review			P2	positive_seed_requires_qgis_boundary_review	110.0	-9.00257231,43.10574421,-8.99627240,43.11034357				exclude_until_independent_label_review	0.00	2026-08-01T00:00:00Z
wl-pos-pos-es-pba-25899	pos-es-pba-25899	1	positive	exclude_probable_name_false_positive	name/type looks like modern or non-castro heritage item	excluded_review	excluded	ES|A Coruña|Vimianzo	ES	Galicia	A Coruña	Vimianzo	Cereixo (Santiago)	Cures	Mámoa da Portela do Croado 1	Xunta PBA Catálogo. Elementos (xuño 2026)	official_catalogue_seed	25899	GA15092111		-		-9.104254062289513	43.12953016624838	catalogue_point_wgs84	medium_official_name_or_type	croa_top_ring_hint	hilltop_or_ridge_proxy			P1	positive_seed_requires_qgis_boundary_review	110.0	-9.10740512,43.12723049,-9.10110300,43.13182984				exclude_until_independent_label_review	0.00	2026-08-01T00:00:00Z
wl-pos-pos-es-pba-25900	pos-es-pba-25900	1	positive	exclude_probable_name_false_positive	name/type looks like modern or non-castro heritage item	excluded_review	excluded	ES|A Coruña|Vimianzo	ES	Galicia	A Coruña	Vimianzo	Cereixo (Santiago)	Cures	Mámoa da Portela do Croado 2	Xunta PBA Catálogo. Elementos (xuño 2026)	official_catalogue_seed	25900	GA15092112		-		-9.104716959035725	43.13015934617967	catalogue_point_wgs84	medium_official_name_or_type	croa_top_ring_hint	hilltop_or_ridge_proxy			P1	positive_seed_requires_qgis_boundary_review	110.0	-9.10786805,43.12785967,-9.10156586,43.13245902				exclude_until_independent_label_review	0.00	2026-08-01T00:00:00Z
wl-pos-pos-es-pba-25901	pos-es-pba-25901	1	positive	exclude_probable_name_false_positive	name/type looks like modern or non-castro heritage item	excluded_review	excluded	ES|A Coruña|Vimianzo	ES	Galicia	A Coruña	Vimianzo	Cereixo (Santiago)	Barrosas, As	Mámoa da Portela do Croado 3	Xunta PBA Catálogo. Elementos (xuño 2026)	official_catalogue_seed	25901	GA15092159		-		-9.104703030060046	43.130478444281955	catalogue_point_wgs84	medium_official_name_or_type	croa_top_ring_hint	hilltop_or_ridge_proxy			P1	positive_seed_requires_qgis_boundary_review	110.0	-9.10785414,43.12817877,-9.10155192,43.13277812				exclude_until_independent_label_review	0.00	2026-08-01T00:00:00Z
wl-pos-pos-es-pba-25902	pos-es-pba-25902	1	positive	exclude_probable_name_false_positive	name/type looks like modern or non-castro heritage item	excluded_review	excluded	ES|A Coruña|Vimianzo	ES	Galicia	A Coruña	Vimianzo	Cereixo (Santiago)	Cures	Mámoa da Portela do Croado 4	Xunta PBA Catálogo. Elementos (xuño 2026)	official_catalogue_seed	25902	GA15092160		-		-9.10437699235865	43.12971927742796	catalogue_point_wgs84	medium_official_name_or_type	croa_top_ring_hint	hilltop_or_ridge_proxy			P1	positive_seed_requires_qgis_boundary_review	110.0	-9.10752806,43.12741960,-9.10122592,43.13201895				exclude_until_independent_label_review	0.00	2026-08-01T00:00:00Z
wl-pos-pos-es-pba-25925	pos-es-pba-25925	1	positive	exclude_probable_name_false_positive	name/type looks like modern or non-castro heritage item	excluded_review	excluded	ES|A Coruña|Vimianzo	ES	Galicia	A Coruña	Vimianzo	Castrelo (San Martiño)	Cerbán	Casa reitoral de Castrelo	Xunta PBA Catálogo. Elementos (xuño 2026)	official_catalogue_seed	25925	-		-		-9.047700105178006	43.062721011939665	catalogue_point_wgs84	medium_official_name_or_type	castrel_toponym_hint	unknown_terrain_pending_visual_review			P1	positive_seed_requires_qgis_boundary_review	100.0	-9.05084773,43.06042134,-9.04455248,43.06502069				exclude_until_independent_label_review	0.00	2026-08-01T00:00:00Z
wl-pos-pos-es-pba-27446	pos-es-pba-27446	1	positive	exclude_ambiguous_positive_seed	positive seed too ambiguous for weak-label training	excluded_review	excluded	ES|A Coruña|Vimianzo	ES	Galicia	A Coruña	Vimianzo	Castrelo (San Martiño)	Cerbán	Pombal da reitoral en Castrelo	Xunta PBA Catálogo. Elementos (xuño 2026)	official_catalogue_seed	27446	-		-		-9.047159788631793	43.06279327580117	catalogue_point_wgs84	medium_official_name_or_type	castrel_toponym_hint	unknown_terrain_pending_visual_review			P1	positive_seed_requires_qgis_boundary_review	100.0	-9.05030742,43.06049360,-9.04401216,43.06509295				exclude_until_independent_label_review	0.00	2026-08-01T00:00:00Z
wl-pos-pos-es-pba-27246	pos-es-pba-27246	1	positive	exclude_probable_name_false_positive	name/type looks like modern or non-castro heritage item	excluded_review	excluded	ES|A Coruña|Zas	ES	Galicia	A Coruña	Zas	Brandomil (San Pedro)	Brandomil	Mámoa de Castro de Atrás	Xunta PBA Catálogo. Elementos (xuño 2026)	official_catalogue_seed	27246	GA15093096		-		-8.913344906555198	43.01442932218749	catalogue_point_wgs84	medium_official_name_or_type	generic_castro_hint	unknown_terrain_pending_visual_review			P2	positive_seed_requires_qgis_boundary_review	110.0	-8.91649006,43.01212965,-8.91019976,43.01672900				exclude_until_independent_label_review	0.00	2026-08-01T00:00:00Z
wl-pos-pos-es-pba-27384	pos-es-pba-27384	1	positive	exclude_probable_name_false_positive	name/type looks like modern or non-castro heritage item	excluded_review	excluded	ES|A Coruña|Zas	ES	Galicia	A Coruña	Zas	Santo Adrián de Castro (Santo Adrián)	Berbia	Cruceiro de Santo Adrián de Castro	Xunta PBA Catálogo. Elementos (xuño 2026)	official_catalogue_seed	27384	-		CRU		-8.924240278394306	43.090297102518726	catalogue_point_wgs84	medium_official_name_or_type	generic_castro_hint	unknown_terrain_pending_visual_review			P2	positive_seed_requires_qgis_boundary_review	110.0	-8.92738932,43.08799743,-8.92109124,43.09259678				exclude_until_independent_label_review	0.00	2026-08-01T00:00:00Z
wl-pos-pos-es-pba-27564	pos-es-pba-27564	1	positive	exclude_probable_name_false_positive	name/type looks like modern or non-castro heritage item	excluded_review	excluded	ES|A Coruña|Zas	ES	Galicia	A Coruña	Zas	San Cremenzo de Pazos (San Cremenzo)	Castro	Hórreo no Castro	Xunta PBA Catálogo. Elementos (xuño 2026)	official_catalogue_seed	27564	-		HOR		-8.916007843630458	43.135496012899715	catalogue_point_wgs84	medium_official_name_or_type	generic_castro_hint	unknown_terrain_pending_visual_review			P2	positive_seed_requires_qgis_boundary_review	110.0	-8.91915921,43.13319634,-8.91285647,43.13779569				exclude_until_independent_label_review	0.00	2026-08-01T00:00:00Z
wl-pos-pos-es-pba-27667	pos-es-pba-27667	1	positive	exclude_probable_name_false_positive	name/type looks like modern or non-castro heritage item	excluded_review	excluded	ES|A Coruña|Zas	ES	Galicia	A Coruña	Zas	Santo Adrián de Castro (Santo Adrián)	Santo Adrián de Castro	Igrexa de Santo Adrián de Castro (Parroquial de Santo Adrián)	Xunta PBA Catálogo. Elementos (xuño 2026)	official_catalogue_seed	27667	-	Igrexa	-		-8.919732831717306	43.08894328740265	catalogue_point_wgs84	medium_official_name_or_type	generic_castro_hint	unknown_terrain_pending_visual_review			P2	positive_seed_requires_qgis_boundary_review	110.0	-8.92288180,43.08664361,-8.91658386,43.09124296				exclude_until_independent_label_review	0.00	2026-08-01T00:00:00Z
wl-pos-pos-es-pba-28960	pos-es-pba-28960	1	positive	exclude_ambiguous_positive_seed	positive seed too ambiguous for weak-label training	excluded_review	excluded	ES|Lugo|A Fonsagrada	ES	Galicia	Lugo	A Fonsagrada	Monteseiro (San Bartolo)	Monteseiro	As Croas	Xunta PBA Catálogo. Elementos (xuño 2026)	official_catalogue_seed	28960	GA27018216		-		-6.979442376200555	43.116407310178275	catalogue_point_wgs84	medium_official_name_or_type	croa_top_ring_hint	hilltop_or_ridge_proxy			P1	positive_seed_requires_qgis_boundary_review	110.0	-6.98259276,43.11410763,-6.97629199,43.11870699				exclude_until_independent_label_review	0.00	2026-08-01T00:00:00Z
wl-pos-pos-es-pba-31074	pos-es-pba-31074	1	positive	exclude_ambiguous_positive_seed	positive seed too ambiguous for weak-label training	excluded_review	excluded	ES|Lugo|A Fonsagrada	ES	Galicia	Lugo	A Fonsagrada	A Veiga de Logares (Santa María)	Dradas	O Castrillón	Xunta PBA Catálogo. Elementos (xuño 2026)	official_catalogue_seed	31074	GA27018136		-		-7.108959594359714	43.24390636711781	catalogue_point_wgs84	medium_official_name_or_type	castrel_toponym_hint	unknown_terrain_pending_visual_review			P1	positive_seed_requires_qgis_boundary_review	100.0	-7.11211657,43.24160669,-7.10580262,43.24620604				exclude_until_independent_label_review	0.00	2026-08-01T00:00:00Z
wl-pos-pos-es-pba-36800	pos-es-pba-36800	1	positive	exclude_ambiguous_positive_seed	positive seed too ambiguous for weak-label training	excluded_review	excluded	ES|Lugo|A Pastoriza	ES	Galicia	Lugo	A Pastoriza	Bretoña (Santa María)	Castrillón, O	Castrillón	Xunta PBA Catálogo. Elementos (xuño 2026)	official_catalogue_seed	36800	TO27044002		-		-7.315513396658378	43.321217993391635	catalogue_point_wgs84	medium_official_name_or_type	castrel_toponym_hint	unknown_terrain_pending_visual_review			P1	positive_seed_requires_qgis_boundary_review	100.0	-7.31867438,43.31891832,-7.31235241,43.32351767				exclude_until_independent_label_review	0.00	2026-08-01T00:00:00Z
wl-pos-pos-es-pba-36801	pos-es-pba-36801	1	positive	exclude_ambiguous_positive_seed	positive seed too ambiguous for weak-label training	excluded_review	excluded	ES|Lugo|A Pastoriza	ES	Galicia	Lugo	A Pastoriza	Bretoña (Santa María)	Castrillón, O	Castrillos	Xunta PBA Catálogo. Elementos (xuño 2026)	official_catalogue_seed	36801	TO27044001		-		-7.313128721189092	43.32145477404981	catalogue_point_wgs84	medium_official_name_or_type	castrel_toponym_hint	unknown_terrain_pending_visual_review			P1	positive_seed_requires_qgis_boundary_review	100.0	-7.31628972,43.31915510,-7.30996772,43.32375445				exclude_until_independent_label_review	0.00	2026-08-01T00:00:00Z
wl-pos-pos-es-pba-37068	pos-es-pba-37068	1	positive	exclude_ambiguous_positive_seed	positive seed too ambiguous for weak-label training	excluded_review	excluded	ES|Lugo|A Pastoriza	ES	Galicia	Lugo	A Pastoriza	Álvare (Santa María)	Vilar das Pedras, O	As Croas de Álvare	Xunta PBA Catálogo. Elementos (xuño 2026)	official_catalogue_seed	37068	GA27044014		-		-7.298507189406027	43.29493386594049	catalogue_point_wgs84	medium_official_name_or_type	croa_top_ring_hint	hilltop_or_ridge_proxy			P1	positive_seed_requires_qgis_boundary_review	110.0	-7.30166681,43.29263419,-7.29534757,43.29723354				exclude_until_independent_label_review	0.00	2026-08-01T00:00:00Z
wl-pos-pos-es-pba-38414	pos-es-pba-38414	1	positive	exclude_probable_name_false_positive	name/type looks like modern or non-castro heritage item	excluded_review	excluded	ES|Lugo|A Pobra do Brollón	ES	Galicia	Lugo	A Pobra do Brollón	Barxa de Lor (Santa Mariña)	Castro, O	Casa do Castro da Lama en Barxa de Lor	Xunta PBA Catálogo. Elementos (xuño 2026)	official_catalogue_seed	38414	-		-		-7.345830394259501	42.51264556068291	catalogue_point_wgs84	medium_official_name_or_type	generic_castro_hint	unknown_terrain_pending_visual_review			P2	positive_seed_requires_qgis_boundary_review	110.0	-7.34895017,42.51034588,-7.34271062,42.51494524				exclude_until_independent_label_review	0.00	2026-08-01T00:00:00Z
wl-pos-pos-es-pba-38415	pos-es-pba-38415	1	positive	exclude_probable_name_false_positive	name/type looks like modern or non-castro heritage item	excluded_review	excluded	ES|Lugo|A Pobra do Brollón	ES	Galicia	Lugo	A Pobra do Brollón	Castroncelos (Santiago)	Castroncelos	Casa do Mesón en Castroncelos	Xunta PBA Catálogo. Elementos (xuño 2026)	official_catalogue_seed	38415	-		-		-7.378661294271137	42.54364356191241	catalogue_point_wgs84	medium_official_name_or_type	generic_castro_hint	unknown_terrain_pending_visual_review			P2	positive_seed_requires_qgis_boundary_review	110.0	-7.38178262,42.54134389,-7.37553997,42.54594324				exclude_until_independent_label_review	0.00	2026-08-01T00:00:00Z
wl-pos-pos-es-pba-38498	pos-es-pba-38498	1	positive	exclude_probable_name_false_positive	name/type looks like modern or non-castro heritage item	excluded_review	excluded	ES|Lugo|A Pobra do Brollón	ES	Galicia	Lugo	A Pobra do Brollón	Castroncelos (Santiago)	Castroncelos	Igrexa de Castroncelos (Parroquial de Santiago)	Xunta PBA Catálogo. Elementos (xuño 2026)	official_catalogue_seed	38498	-	Igrexa	-		-7.37860251868904	42.54544382896316	catalogue_point_wgs84	medium_official_name_or_type	generic_castro_hint	unknown_terrain_pending_visual_review			P2	positive_seed_requires_qgis_boundary_review	110.0	-7.38172394,42.54314415,-7.37548110,42.54774351				exclude_until_independent_label_review	0.00	2026-08-01T00:00:00Z
wl-pos-pos-es-pba-38499	pos-es-pba-38499	1	positive	exclude_probable_name_false_positive	name/type looks like modern or non-castro heritage item	excluded_review	excluded	ES|Lugo|A Pobra do Brollón	ES	Galicia	Lugo	A Pobra do Brollón	Castrosante (Santa Mariña)	Castrosante	Igrexa de Castrosante (Parroquial de Santa Mariña)	Xunta PBA Catálogo. Elementos (xuño 2026)	official_catalogue_seed	38499	-	Igrexa	-		-7.403919758714463	42.57803895498548	catalogue_point_wgs84	medium_official_name_or_type	coastal_promontory_hint	coastal_or_promontory_proxy			P0	positive_seed_requires_qgis_boundary_review	150.0	-7.40704281,42.57573928,-7.40079671,42.58033863				exclude_until_independent_label_review	0.00	2026-08-01T00:00:00Z
wl-pos-pos-es-pba-38613	pos-es-pba-38613	1	positive	exclude_ambiguous_positive_seed	positive seed too ambiguous for weak-label training	excluded_review	excluded	ES|Lugo|A Pobra do Brollón	ES	Galicia	Lugo	A Pobra do Brollón	Liñares (San Cosme)	Salgueiros	O Castrelado	Xunta PBA Catálogo. Elementos (xuño 2026)	official_catalogue_seed	38613	GA27047056		-		-7.391858605299964	42.48155733072863	catalogue_point_wgs84	medium_official_name_or_type	castrel_toponym_hint	unknown_terrain_pending_visual_review			P1	positive_seed_requires_qgis_boundary_review	100.0	-7.39497683,42.47925765,-7.38874038,42.48385701				exclude_until_independent_label_review	0.00	2026-08-01T00:00:00Z
wl-pos-pos-es-pba-26889	pos-es-pba-26889	1	positive	exclude_ambiguous_positive_seed	positive seed too ambiguous for weak-label training	excluded_review	excluded	ES|Lugo|Abadín	ES	Galicia	Lugo	Abadín	Castromaior (San Xoán)	Barral, O	Cemiterio de Castromaior	Xunta PBA Catálogo. Elementos (xuño 2026)	official_catalogue_seed	26889	-		-		-7.544072767570134	43.34493846557691	catalogue_point_wgs84	medium_official_name_or_type	valley_or_river_edge_hint	valley_or_river_edge_proxy			P1	positive_seed_requires_qgis_boundary_review	120.0	-7.54723499,43.34263879,-7.54091055,43.34723814				exclude_until_independent_label_review	0.00	2026-08-01T00:00:00Z
wl-pos-pos-es-pba-27003	pos-es-pba-27003	1	positive	exclude_probable_name_false_positive	name/type looks like modern or non-castro heritage item	excluded_review	excluded	ES|Lugo|Abadín	ES	Galicia	Lugo	Abadín	Fraiás (San Pedro)	Capela, A	Dous cruceiros no Barrio dos Castros	Xunta PBA Catálogo. Elementos (xuño 2026)	official_catalogue_seed	27003	-		CRU		-7.4604751956101705	43.36289670348256	catalogue_point_wgs84	medium_official_name_or_type	valley_or_river_edge_hint	valley_or_river_edge_proxy			P1	positive_seed_requires_qgis_boundary_review	120.0	-7.46363835,43.36059703,-7.45731204,43.36519638				exclude_until_independent_label_review	0.00	2026-08-01T00:00:00Z
wl-pos-pos-es-pba-27040	pos-es-pba-27040	1	positive	exclude_probable_name_false_positive	name/type looks like modern or non-castro heritage item	excluded_review	excluded	ES|Lugo|Abadín	ES	Galicia	Lugo	Abadín	Castromaior (San Xoán)	Barral, O	Igrexa de Castromaior (Parroquial de San Xoán)	Xunta PBA Catálogo. Elementos (xuño 2026)	official_catalogue_seed	27040	-	Igrexa	-		-7.543792315336059	43.34479982888566	catalogue_point_wgs84	medium_official_name_or_type	generic_castro_hint	unknown_terrain_pending_visual_review			P2	positive_seed_requires_qgis_boundary_review	110.0	-7.54695453,43.34250015,-7.54063010,43.34709951				exclude_until_independent_label_review	0.00	2026-08-01T00:00:00Z
wl-pos-pos-es-pba-26698	pos-es-pba-26698	1	positive	exclude_probable_name_false_positive	name/type looks like modern or non-castro heritage item	excluded_review	excluded	ES|Lugo|Alfoz do Castrodouro	ES	Galicia	Lugo	Alfoz do Castrodouro	O Castro de Ouro (San Salvador)	Castro de Ouro, O	Igrexa do Castro de Ouro (Parroquial de San Salvador)	Xunta PBA Catálogo. Elementos (xuño 2026)	official_catalogue_seed	26698	-	Igrexa	-		-7.408859933226101	43.527561118168116	catalogue_point_wgs84	medium_official_name_or_type	generic_castro_hint	unknown_terrain_pending_visual_review			P2	positive_seed_requires_qgis_boundary_review	110.0	-7.41203171,43.52526144,-7.40568815,43.52986079				exclude_until_independent_label_review	0.00	2026-08-01T00:00:00Z
wl-pos-pos-es-pba-26700	pos-es-pba-26700	1	positive	exclude_probable_name_false_positive	name/type looks like modern or non-castro heritage item	excluded_review	excluded	ES|Lugo|Antas de Ulla	ES	Galicia	Lugo	Antas de Ulla	Santo Estevo do Castro de Amarante (Santo Estevo)	Castro, O	Igrexa do Castro de Amarante (Parroquial de Santo Estevo)	Xunta PBA Catálogo. Elementos (xuño 2026)	official_catalogue_seed	26700	-	Igrexa	-		-7.920118248440144	42.776604545061154	catalogue_point_wgs84	medium_official_name_or_type	coastal_promontory_hint	coastal_or_promontory_proxy			P0	positive_seed_requires_qgis_boundary_review	150.0	-7.92325129,42.77430487,-7.91698520,42.77890422				exclude_until_independent_label_review	0.00	2026-08-01T00:00:00Z
wl-pos-pos-es-pba-26880	pos-es-pba-26880	1	positive	exclude_probable_name_false_positive	name/type looks like modern or non-castro heritage item	excluded_review	excluded	ES|Lugo|Antas de Ulla	ES	Galicia	Lugo	Antas de Ulla	Santa Mariña do Castro de Amarante (Santa Mariña)	Coto, O	Igrexa de Santa Mariña do Castro (Parroquial de Sata Mariña)	Xunta PBA Catálogo. Elementos (xuño 2026)	official_catalogue_seed	26880	-	Igrexa	-		-7.94383839728092	42.81657513882685	catalogue_point_wgs84	medium_official_name_or_type	coastal_promontory_hint	coastal_or_promontory_proxy			P0	positive_seed_requires_qgis_boundary_review	150.0	-7.94697347,42.81427546,-7.94070333,42.81887482				exclude_until_independent_label_review	0.00	2026-08-01T00:00:00Z
wl-pos-pos-es-pba-28675	pos-es-pba-28675	1	positive	exclude_ambiguous_positive_seed	positive seed too ambiguous for weak-label training	excluded_review	excluded	ES|Lugo|Baleira	ES	Galicia	Lugo	Baleira	Cubilledo (Santiago)	Castrelo	Capela de San Juan en Castrelo	Xunta PBA Catálogo. Elementos (xuño 2026)	official_catalogue_seed	28675	-		-		-7.227838735265633	43.08936683499269	catalogue_point_wgs84	medium_official_name_or_type	castrel_toponym_hint	unknown_terrain_pending_visual_review			P1	positive_seed_requires_qgis_boundary_review	100.0	-7.23098773,43.08706716,-7.22468974,43.09166651				exclude_until_independent_label_review	0.00	2026-08-01T00:00:00Z
wl-pos-pos-es-pba-44399	pos-es-pba-44399	1	positive	exclude_ambiguous_positive_seed	positive seed too ambiguous for weak-label training	excluded_review	excluded	ES|Lugo|Baralla	ES	Galicia	Lugo	Baralla	Sixirei (San Pedro)	Sixirei	Castrillón	Xunta PBA Catálogo. Elementos (xuño 2026)	official_catalogue_seed	44399	GA27036049		-		-7.231224980558729	42.866490919494716	catalogue_point_wgs84	medium_official_name_or_type	castrel_toponym_hint	unknown_terrain_pending_visual_review			P1	positive_seed_requires_qgis_boundary_review	100.0	-7.23436258,42.86419124,-7.22808738,42.86879060				exclude_until_independent_label_review	0.00	2026-08-01T00:00:00Z
wl-pos-pos-es-pba-28388	pos-es-pba-28388	1	positive	exclude_ambiguous_positive_seed	positive seed too ambiguous for weak-label training	excluded_review	excluded	ES|Lugo|Becerreá	ES	Galicia	Lugo	Becerreá	Veiga (Santa Mariña)	Pumarín de Arriba	Castrillón	Xunta PBA Catálogo. Elementos (xuño 2026)	official_catalogue_seed	28388	GA27006038		-		-7.107539414586236	42.89073784571079	catalogue_point_wgs84	medium_official_name_or_type	castrel_toponym_hint	unknown_terrain_pending_visual_review			P1	positive_seed_requires_qgis_boundary_review	100.0	-7.11067825,42.88843817,-7.10440058,42.89303752				exclude_until_independent_label_review	0.00	2026-08-01T00:00:00Z
wl-pos-pos-es-pba-28365	pos-es-pba-28365	1	positive	exclude_probable_name_false_positive	name/type looks like modern or non-castro heritage item	excluded_review	excluded	ES|Lugo|Begonte	ES	Galicia	Lugo	Begonte	O Castro (Santa María)	Castro, O	Cruceiro do Castro	Xunta PBA Catálogo. Elementos (xuño 2026)	official_catalogue_seed	28365	-		CRU		-7.727543475688829	43.15459180885872	catalogue_point_wgs84	medium_official_name_or_type	generic_castro_hint	unknown_terrain_pending_visual_review			P2	positive_seed_requires_qgis_boundary_review	110.0	-7.73069583,43.15229213,-7.72439112,43.15689149				exclude_until_independent_label_review	0.00	2026-08-01T00:00:00Z
wl-pos-pos-es-pba-28501	pos-es-pba-28501	1	positive	exclude_probable_name_false_positive	name/type looks like modern or non-castro heritage item	excluded_review	excluded	ES|Lugo|Begonte	ES	Galicia	Lugo	Begonte	O Castro (Parroquial de Santa María)	Castro, O	Igrexa do Castro (Parroquial de Santa María)	Xunta PBA Catálogo. Elementos (xuño 2026)	official_catalogue_seed	28501	-	Igrexa	-		-7.728316476482901	43.154681446500376	catalogue_point_wgs84	medium_official_name_or_type	coastal_promontory_hint	coastal_or_promontory_proxy			P0	positive_seed_requires_qgis_boundary_review	150.0	-7.73146884,43.15238177,-7.72516412,43.15698112				exclude_until_independent_label_review	0.00	2026-08-01T00:00:00Z
wl-pos-pos-es-pba-28088	pos-es-pba-28088	1	positive	exclude_probable_name_false_positive	name/type looks like modern or non-castro heritage item	excluded_review	excluded	ES|Lugo|Carballedo	ES	Galicia	Lugo	Carballedo	Santa Mariña do Castro (Santa Mariña)	Santa Mariña	Igrexa de Santa Mariña do Castro (Parroquial de Santa Mariña)	Xunta PBA Catálogo. Elementos (xuño 2026)	official_catalogue_seed	28088	-	Igrexa	-		-7.865167881066051	42.55737530897284	catalogue_point_wgs84	medium_official_name_or_type	coastal_promontory_hint	coastal_or_promontory_proxy			P0	positive_seed_requires_qgis_boundary_review	150.0	-7.86828989,42.55507563,-7.86204587,42.55967499				exclude_until_independent_label_review	0.00	2026-08-01T00:00:00Z
wl-pos-pos-es-pba-28291	pos-es-pba-28291	1	positive	exclude_probable_name_false_positive	name/type looks like modern or non-castro heritage item	excluded_review	excluded	ES|Lugo|Carballedo	ES	Galicia	Lugo	Carballedo	Castro (San Cristovo)	Castro	Igrexa de Castro (Parroquial de San Cristovo)	Xunta PBA Catálogo. Elementos (xuño 2026)	official_catalogue_seed	28291	-	Igrexa	-		-7.785381022894322	42.53155761977156	catalogue_point_wgs84	medium_official_name_or_type	generic_castro_hint	unknown_terrain_pending_visual_review			P2	positive_seed_requires_qgis_boundary_review	110.0	-7.78850175,42.52925794,-7.78226030,42.53385730				exclude_until_independent_label_review	0.00	2026-08-01T00:00:00Z
wl-pos-pos-es-pba-27830	pos-es-pba-27830	1	positive	exclude_probable_name_false_positive	name/type looks like modern or non-castro heritage item	excluded_review	excluded	ES|Lugo|Castro de Rei	ES	Galicia	Lugo	Castro de Rei	Ribeiras de Lea (San Xoán)	Areeiras, As	Medorra de Castro	Xunta PBA Catálogo. Elementos (xuño 2026)	official_catalogue_seed	27830	GA27010041	Túmulo	-		-7.501783125022522	43.134893386560144	catalogue_point_wgs84	medium_official_name_or_type	generic_castro_hint	unknown_terrain_pending_visual_review			P2	positive_seed_requires_qgis_boundary_review	110.0	-7.50493446,43.13259371,-7.49863179,43.13719306				exclude_until_independent_label_review	0.00	2026-08-01T00:00:00Z
wl-pos-pos-es-pba-27893	pos-es-pba-27893	1	positive	exclude_probable_name_false_positive	name/type looks like modern or non-castro heritage item	excluded_review	excluded	ES|Lugo|Castro de Rei	ES	Galicia	Lugo	Castro de Rei	Duarría (Santiago)	Pedregás, Os	Cruceiro do Castro de Duarría	Xunta PBA Catálogo. Elementos (xuño 2026)	official_catalogue_seed	27893	-		CRU		-7.4866269737093845	43.127570902546296	catalogue_point_wgs84	medium_official_name_or_type	generic_castro_hint	unknown_terrain_pending_visual_review			P2	positive_seed_requires_qgis_boundary_review	110.0	-7.48977793,43.12527123,-7.48347601,43.12987058				exclude_until_independent_label_review	0.00	2026-08-01T00:00:00Z
wl-pos-pos-es-pba-27895	pos-es-pba-27895	1	positive	exclude_ambiguous_positive_seed	positive seed too ambiguous for weak-label training	excluded_review	excluded	ES|Lugo|Castro de Rei	ES	Galicia	Lugo	Castro de Rei	Viladonga (Santiago)	Campo, O	O Castrelo	Xunta PBA Catálogo. Elementos (xuño 2026)	official_catalogue_seed	27895	Castro de Rei_28446		-		-7.387429994989236	43.15415698341109	catalogue_point_wgs84	medium_official_name_or_type	castrel_toponym_hint	unknown_terrain_pending_visual_review			P1	positive_seed_requires_qgis_boundary_review	100.0	-7.39058233,43.15185731,-7.38427766,43.15645666				exclude_until_independent_label_review	0.00	2026-08-01T00:00:00Z
wl-pos-pos-es-pba-27990	pos-es-pba-27990	1	positive	exclude_probable_name_false_positive	name/type looks like modern or non-castro heritage item	excluded_review	excluded	ES|Lugo|Castro de Rei	ES	Galicia	Lugo	Castro de Rei	Castro de Rei (San Xoán)	Castro de Rei	Igrexa de Castro de Rei (Parroquial de San Xoán)	Xunta PBA Catálogo. Elementos (xuño 2026)	official_catalogue_seed	27990	-	Igrexa	-		-7.399925206486652	43.208828136893366	catalogue_point_wgs84	medium_official_name_or_type	generic_castro_hint	unknown_terrain_pending_visual_review			P2	positive_seed_requires_qgis_boundary_review	110.0	-7.40308036,43.20652846,-7.39677005,43.21112781				exclude_until_independent_label_review	0.00	2026-08-01T00:00:00Z
wl-pos-pos-es-pba-27950	pos-es-pba-27950	1	positive	exclude_probable_name_false_positive	name/type looks like modern or non-castro heritage item	excluded_review	excluded	ES|Lugo|Castroverde	ES	Galicia	Lugo	Castroverde	Vilariño (Santiago)	Castroverde	Fonte en Castroverde	Xunta PBA Catálogo. Elementos (xuño 2026)	official_catalogue_seed	27950	-		-		-7.327144402547295	43.03077350823609	catalogue_point_wgs84	medium_official_name_or_type	generic_castro_hint	unknown_terrain_pending_visual_review			P2	positive_seed_requires_qgis_boundary_review	110.0	-7.33029039,43.02847383,-7.32399842,43.03307318				exclude_until_independent_label_review	0.00	2026-08-01T00:00:00Z
wl-pos-pos-es-pba-28110	pos-es-pba-28110	1	positive	exclude_ambiguous_positive_seed	positive seed too ambiguous for weak-label training	excluded_review	excluded	ES|Lugo|Castroverde	ES	Galicia	Lugo	Castroverde	Vilariño (Santiago)	Castroverde	Carballeira de Castroverde	Xunta PBA Catálogo. Elementos (xuño 2026)	official_catalogue_seed	28110	-		-		-7.3281083405280905	43.024655344665845	catalogue_point_wgs84	medium_official_name_or_type	generic_castro_hint	unknown_terrain_pending_visual_review			P2	positive_seed_requires_qgis_boundary_review	110.0	-7.33125401,43.02235567,-7.32496267,43.02695502				exclude_until_independent_label_review	0.00	2026-08-01T00:00:00Z
wl-pos-pos-es-pba-28155	pos-es-pba-28155	1	positive	exclude_probable_name_false_positive	name/type looks like modern or non-castro heritage item	excluded_review	excluded	ES|Lugo|Castroverde	ES	Galicia	Lugo	Castroverde	A Frairía (Santa María)	Touzón, O	Cruz límite Castroverde-Baleira	Xunta PBA Catálogo. Elementos (xuño 2026)	official_catalogue_seed	28155	-		CRU		-7.269311671523233	43.01489338927292	catalogue_point_wgs84	medium_official_name_or_type	generic_castro_hint	unknown_terrain_pending_visual_review			P2	positive_seed_requires_qgis_boundary_review	110.0	-7.27245684,43.01259371,-7.26616650,43.01719307				exclude_until_independent_label_review	0.00	2026-08-01T00:00:00Z
wl-pos-pos-es-pba-29460	pos-es-pba-29460	1	positive	exclude_probable_name_false_positive	name/type looks like modern or non-castro heritage item	excluded_review	excluded	ES|Lugo|Cervantes	ES	Galicia	Lugo	Cervantes	O Castro (Santa María)	Castro, O	Casa reitoral de Santa María do Castro	Xunta PBA Catálogo. Elementos (xuño 2026)	official_catalogue_seed	29460	-		-		-7.04226946335439	42.86448254168867	catalogue_point_wgs84	medium_official_name_or_type	coastal_promontory_hint	coastal_or_promontory_proxy			P0	positive_seed_requires_qgis_boundary_review	150.0	-7.04540696,42.86218287,-7.03913196,42.86678222	20.00	weak_centered_ring_signal	include_visual_signal_metric_eval	exclude_until_independent_label_review	0.00	2026-08-01T00:00:00Z
wl-pos-pos-es-pba-29641	pos-es-pba-29641	1	positive	exclude_probable_name_false_positive	name/type looks like modern or non-castro heritage item	excluded_review	excluded	ES|Lugo|Cervantes	ES	Galicia	Lugo	Cervantes	O Castro (Santa María)	Castro, O	Igrexa do Castro (Parroquial de Santa María)	Xunta PBA Catálogo. Elementos (xuño 2026)	official_catalogue_seed	29641	-	Igrexa	-		-7.042347993879342	42.864709007561004	catalogue_point_wgs84	medium_official_name_or_type	coastal_promontory_hint	coastal_or_promontory_proxy			P0	positive_seed_requires_qgis_boundary_review	150.0	-7.04548551,42.86240933,-7.03921048,42.86700868				exclude_until_independent_label_review	0.00	2026-08-01T00:00:00Z
wl-pos-pos-es-pba-29716	pos-es-pba-29716	1	positive	exclude_ambiguous_positive_seed	positive seed too ambiguous for weak-label training	excluded_review	excluded	ES|Lugo|Cervantes	ES	Galicia	Lugo	Cervantes	Castelo (San Pedro)	Castelo	O Castrillón	Xunta PBA Catálogo. Elementos (xuño 2026)	official_catalogue_seed	29716	GA27012002		-		-7.0451920778840815	42.8598371211616	catalogue_point_wgs84	medium_official_name_or_type	castrel_toponym_hint	unknown_terrain_pending_visual_review			P1	positive_seed_requires_qgis_boundary_review	100.0	-7.04832934,42.85753744,-7.04205481,42.86213680				exclude_until_independent_label_review	0.00	2026-08-01T00:00:00Z
wl-pos-pos-es-pba-30521	pos-es-pba-30521	1	positive	exclude_probable_name_false_positive	name/type looks like modern or non-castro heritage item	excluded_review	excluded	ES|Lugo|Friol	ES	Galicia	Lugo	Friol	Vilalvite (San Pedro)	Castrodá	Mámoa de Castrodá	Xunta PBA Catálogo. Elementos (xuño 2026)	official_catalogue_seed	30521	GA27020078	Túmulo	-		-7.7164272189391205	43.03028943704052	catalogue_point_wgs84	medium_official_name_or_type	generic_castro_hint	unknown_terrain_pending_visual_review			P2	positive_seed_requires_qgis_boundary_review	110.0	-7.71957318,43.02798976,-7.71328126,43.03258911				exclude_until_independent_label_review	0.00	2026-08-01T00:00:00Z
wl-pos-pos-es-pba-30568	pos-es-pba-30568	1	positive	exclude_probable_name_false_positive	name/type looks like modern or non-castro heritage item	excluded_review	excluded	ES|Lugo|Friol	ES	Galicia	Lugo	Friol	Lamas (Santa María)	Lamas	Medorra de Sucastro	Xunta PBA Catálogo. Elementos (xuño 2026)	official_catalogue_seed	30568	GA27020325	Túmulo	-		-7.787757451050465	43.04714188613907	catalogue_point_wgs84	medium_official_name_or_type	generic_castro_hint	unknown_terrain_pending_visual_review			P2	positive_seed_requires_qgis_boundary_review	110.0	-7.79090428,43.04484221,-7.78461062,43.04944156				exclude_until_independent_label_review	0.00	2026-08-01T00:00:00Z
wl-pos-pos-es-pba-30569	pos-es-pba-30569	1	positive	exclude_probable_name_false_positive	name/type looks like modern or non-castro heritage item	excluded_review	excluded	ES|Lugo|Friol	ES	Galicia	Lugo	Friol	Vilafiz (Santa María)	Laxes, As	Medorra do Castro	Xunta PBA Catálogo. Elementos (xuño 2026)	official_catalogue_seed	30569	GA27020095	Túmulo	-		-7.728672220464499	42.998728191418294	catalogue_point_wgs84	medium_official_name_or_type	generic_castro_hint	unknown_terrain_pending_visual_review			P2	positive_seed_requires_qgis_boundary_review	110.0	-7.73181657,42.99642851,-7.72552787,43.00102787				exclude_until_independent_label_review	0.00	2026-08-01T00:00:00Z
wl-pos-pos-es-pba-31042	pos-es-pba-31042	1	positive	exclude_probable_name_false_positive	name/type looks like modern or non-castro heritage item	excluded_review	excluded	ES|Lugo|Friol	ES	Galicia	Lugo	Friol	Bra (San Martiño)	Campos, Os	A Medorna do Castro	Xunta PBA Catálogo. Elementos (xuño 2026)	official_catalogue_seed	31042	GA27020188	Túmulo	-		-7.832848218045733	43.09156462254483	catalogue_point_wgs84	medium_official_name_or_type	generic_castro_hint	unknown_terrain_pending_visual_review			P2	positive_seed_requires_qgis_boundary_review	110.0	-7.83599733,43.08926495,-7.82969911,43.09386430				exclude_until_independent_label_review	0.00	2026-08-01T00:00:00Z
wl-pos-pos-es-pba-31046	pos-es-pba-31046	1	positive	exclude_probable_name_false_positive	name/type looks like modern or non-castro heritage item	excluded_review	excluded	ES|Lugo|Friol	ES	Galicia	Lugo	Friol	Guldriz (Santiago)	Guldriz de Arriba	A Rodela/O Castro/Medorras do Castro	Xunta PBA Catálogo. Elementos (xuño 2026)	official_catalogue_seed	31046	GA27020071	Túmulo	-		-7.747554977300774	43.00680986344381	catalogue_point_wgs84	medium_official_name_or_type	generic_castro_hint	unknown_terrain_pending_visual_review			P2	positive_seed_requires_qgis_boundary_review	110.0	-7.75069974,43.00451019,-7.74441022,43.00910954				exclude_until_independent_label_review	0.00	2026-08-01T00:00:00Z
wl-pos-pos-es-pba-30042	pos-es-pba-30042	1	positive	exclude_probable_name_false_positive	name/type looks like modern or non-castro heritage item	excluded_review	excluded	ES|Lugo|Guitiriz	ES	Galicia	Lugo	Guitiriz	Becín (San Xiao)	Castro, O	Castro a Medoña de Becín	Xunta PBA Catálogo. Elementos (xuño 2026)	official_catalogue_seed	30042	GA27022088	Túmulo	-		-7.866189902293554	43.17426526415134	catalogue_point_wgs84	medium_official_name_or_type	generic_castro_hint	unknown_terrain_pending_visual_review			P2	positive_seed_requires_qgis_boundary_review	110.0	-7.86934327,43.17196559,-7.86303653,43.17656494				exclude_until_independent_label_review	0.00	2026-08-01T00:00:00Z
wl-pos-pos-es-pba-30166	pos-es-pba-30166	1	positive	exclude_probable_name_false_positive	name/type looks like modern or non-castro heritage item	excluded_review	excluded	ES|Lugo|Guitiriz	ES	Galicia	Lugo	Guitiriz	Trasparga (Santiago)	Cal, O	Mámoa do Monte da Croa	Xunta PBA Catálogo. Elementos (xuño 2026)	official_catalogue_seed	30166	GA27022193	Túmulo	-		-7.864336018196869	43.21152391634096	catalogue_point_wgs84	medium_official_name_or_type	croa_top_ring_hint	hilltop_or_ridge_proxy			P1	positive_seed_requires_qgis_boundary_review	110.0	-7.86749131,43.20922424,-7.86118072,43.21382359				exclude_until_independent_label_review	0.00	2026-08-01T00:00:00Z
wl-pos-pos-es-pba-31851	pos-es-pba-31851	1	positive	exclude_probable_name_false_positive	name/type looks like modern or non-castro heritage item	excluded_review	excluded	ES|Lugo|Guitiriz	ES	Galicia	Lugo	Guitiriz	Trasparga (Santiago)	Cal, O	Medoña do Bico da Croa	Xunta PBA Catálogo. Elementos (xuño 2026)	official_catalogue_seed	31851	GA27022057	Túmulo	-		-7.867095165537517	43.206532830023896	catalogue_point_wgs84	medium_official_name_or_type	croa_top_ring_hint	hilltop_or_ridge_proxy			P1	positive_seed_requires_qgis_boundary_review	110.0	-7.87025020,43.20423315,-7.86394013,43.20883251				exclude_until_independent_label_review	0.00	2026-08-01T00:00:00Z
wl-pos-pos-es-pba-31855	pos-es-pba-31855	1	positive	exclude_probable_name_false_positive	name/type looks like modern or non-castro heritage item	excluded_review	excluded	ES|Lugo|Guitiriz	ES	Galicia	Lugo	Guitiriz	Labrada (Santa María)	Penas, As	Medoña do Castro das Penas	Xunta PBA Catálogo. Elementos (xuño 2026)	official_catalogue_seed	31855	GA27022065	Túmulo	-		-7.8751001384807	43.30257082217771	catalogue_point_wgs84	medium_official_name_or_type	hilltop_hint	hilltop_or_ridge_proxy			P1	positive_seed_requires_qgis_boundary_review	120.0	-7.87826015,43.30027115,-7.87194012,43.30487050				exclude_until_independent_label_review	0.00	2026-08-01T00:00:00Z
wl-pos-pos-es-pba-31926	pos-es-pba-31926	1	positive	exclude_probable_name_false_positive	name/type looks like modern or non-castro heritage item	excluded_review	excluded	ES|Lugo|Guitiriz	ES	Galicia	Lugo	Guitiriz	Trasparga (Santiago)	Baxoi	Medoña do Pastizal da Croa	Xunta PBA Catálogo. Elementos (xuño 2026)	official_catalogue_seed	31926	GA27022058	Túmulo	-		-7.865929839731989	43.20238483672358	catalogue_point_wgs84	medium_official_name_or_type	croa_top_ring_hint	hilltop_or_ridge_proxy			P1	positive_seed_requires_qgis_boundary_review	110.0	-7.86908466,43.20008516,-7.86277502,43.20468451				exclude_until_independent_label_review	0.00	2026-08-01T00:00:00Z
wl-pos-pos-es-pba-32056	pos-es-pba-32056	1	positive	exclude_probable_name_false_positive	name/type looks like modern or non-castro heritage item	excluded_review	excluded	ES|Lugo|Guitiriz	ES	Galicia	Lugo	Guitiriz	Parga (Santo Estevo)	Lobateiras, As	Medorra do Monte da Croa	Xunta PBA Catálogo. Elementos (xuño 2026)	official_catalogue_seed	32056	GA27022037	Túmulo	-		-7.882208799261393	43.13870267095418	catalogue_point_wgs84	medium_official_name_or_type	croa_top_ring_hint	hilltop_or_ridge_proxy			P1	positive_seed_requires_qgis_boundary_review	110.0	-7.88536033,43.13640299,-7.87905726,43.14100235				exclude_until_independent_label_review	0.00	2026-08-01T00:00:00Z
wl-pos-pos-es-pba-31434	pos-es-pba-31434	1	positive	exclude_probable_name_false_positive	name/type looks like modern or non-castro heritage item	excluded_review	excluded	ES|Lugo|Lugo	ES	Galicia	Lugo	Lugo	Santo André de Castro (Santo Andr‚)	Castro	Castro da Madorra	Xunta PBA Catálogo. Elementos (xuño 2026)	official_catalogue_seed	31434	GA27028030	Túmulo	-		-7.513970757790985	42.97917135123176	catalogue_point_wgs84	medium_official_name_or_type	generic_castro_hint	unknown_terrain_pending_visual_review			P2	positive_seed_requires_qgis_boundary_review	110.0	-7.51711410,42.97687167,-7.51082741,42.98147103				exclude_until_independent_label_review	0.00	2026-08-01T00:00:00Z
wl-pos-pos-es-pba-32572	pos-es-pba-32572	1	positive	exclude_ambiguous_positive_seed	positive seed too ambiguous for weak-label training	excluded_review	excluded	ES|Lugo|Lugo	ES	Galicia	Lugo	Lugo	Adai (Santa María Madanela)	Adai	Penas Castrillón	Xunta PBA Catálogo. Elementos (xuño 2026)	official_catalogue_seed	32572	GA27028005		-		-7.616334635493686	43.01742799629325	catalogue_point_wgs84	medium_official_name_or_type	castrel_toponym_hint	hilltop_or_ridge_proxy			P1	positive_seed_requires_qgis_boundary_review	100.0	-7.61947994,43.01512832,-7.61318933,43.01972767				exclude_until_independent_label_review	0.00	2026-08-01T00:00:00Z
wl-pos-pos-es-pba-32640	pos-es-pba-32640	1	positive	exclude_probable_name_false_positive	name/type looks like modern or non-castro heritage item	excluded_review	excluded	ES|Lugo|Lugo	ES	Galicia	Lugo	Lugo	Piúgos (Santiago)	Torrón	Medorra da Barrela/Castro da Medorra	Xunta PBA Catálogo. Elementos (xuño 2026)	official_catalogue_seed	32640	GA27028063	Túmulo	-		-7.573891768850931	42.97829099194596	catalogue_point_wgs84	medium_official_name_or_type	generic_castro_hint	unknown_terrain_pending_visual_review			P2	positive_seed_requires_qgis_boundary_review	110.0	-7.57703507,42.97599132,-7.57074847,42.98059067				exclude_until_independent_label_review	0.00	2026-08-01T00:00:00Z
wl-pos-pos-es-pba-32643	pos-es-pba-32643	1	positive	exclude_probable_name_false_positive	name/type looks like modern or non-castro heritage item	excluded_review	excluded	ES|Lugo|Lugo	ES	Galicia	Lugo	Lugo	Lugo	Lugo	Parque Rosalía de Castro	Xunta PBA Catálogo. Elementos (xuño 2026)	official_catalogue_seed	32643	-		-		-7.559430968342857	43.00592866860515	catalogue_point_wgs84	medium_official_name_or_type	generic_castro_hint	unknown_terrain_pending_visual_review			P2	positive_seed_requires_qgis_boundary_review	110.0	-7.56257568,43.00362899,-7.55628625,43.00822835				exclude_until_independent_label_review	0.00	2026-08-01T00:00:00Z
wl-pos-pos-es-pba-32817	pos-es-pba-32817	1	positive	exclude_ambiguous_positive_seed	positive seed too ambiguous for weak-label training	excluded_review	excluded	ES|Lugo|Lugo	ES	Galicia	Lugo	Lugo	Adai (Santa María Madanela)	Adai	O Castrillón	Xunta PBA Catálogo. Elementos (xuño 2026)	official_catalogue_seed	32817	GA27028042		-		-7.617995262578068	43.01945048443944	catalogue_point_wgs84	medium_official_name_or_type	castrel_toponym_hint	unknown_terrain_pending_visual_review			P1	positive_seed_requires_qgis_boundary_review	100.0	-7.62114067,43.01715081,-7.61484986,43.02175016				exclude_until_independent_label_review	0.00	2026-08-01T00:00:00Z
wl-pos-pos-es-pba-32902	pos-es-pba-32902	1	positive	exclude_probable_name_false_positive	name/type looks like modern or non-castro heritage item	excluded_review	excluded	ES|Lugo|Lugo	ES	Galicia	Lugo	Lugo	Santo André de Castro (Santo André)	Castro	Igrexa de Santo André de Castro (Parroquial de Santo André)	Xunta PBA Catálogo. Elementos (xuño 2026)	official_catalogue_seed	32902	-	Igrexa	-		-7.513817797976054	42.979249203271074	catalogue_point_wgs84	medium_official_name_or_type	generic_castro_hint	unknown_terrain_pending_visual_review			P2	positive_seed_requires_qgis_boundary_review	110.0	-7.51696115,42.97694953,-7.51067445,42.98154888				exclude_until_independent_label_review	0.00	2026-08-01T00:00:00Z
wl-pos-pos-es-pba-33104	pos-es-pba-33104	1	positive	exclude_probable_name_false_positive	name/type looks like modern or non-castro heritage item	excluded_review	excluded	ES|Lugo|Lugo	ES	Galicia	Lugo	Lugo	Lugo	Lugo	Edificio na rúa Doutor Castro 10	Xunta PBA Catálogo. Elementos (xuño 2026)	official_catalogue_seed	33104	-		-		-7.556603569596597	43.01035045296073	catalogue_point_wgs84	medium_official_name_or_type	generic_castro_hint	unknown_terrain_pending_visual_review			P2	positive_seed_requires_qgis_boundary_review	110.0	-7.55974851,43.00805078,-7.55345863,43.01265013				exclude_until_independent_label_review	0.00	2026-08-01T00:00:00Z
wl-pos-pos-es-pba-33105	pos-es-pba-33105	1	positive	exclude_probable_name_false_positive	name/type looks like modern or non-castro heritage item	excluded_review	excluded	ES|Lugo|Lugo	ES	Galicia	Lugo	Lugo	Lugo	Lugo	Edificio na rúa Doutor Castro 12	Xunta PBA Catálogo. Elementos (xuño 2026)	official_catalogue_seed	33105	-		-		-7.556676959809717	43.01036038352358	catalogue_point_wgs84	medium_official_name_or_type	generic_castro_hint	unknown_terrain_pending_visual_review			P2	positive_seed_requires_qgis_boundary_review	110.0	-7.55982190,43.00806071,-7.55353202,43.01266006				exclude_until_independent_label_review	0.00	2026-08-01T00:00:00Z
wl-pos-pos-es-pba-33106	pos-es-pba-33106	1	positive	exclude_probable_name_false_positive	name/type looks like modern or non-castro heritage item	excluded_review	excluded	ES|Lugo|Lugo	ES	Galicia	Lugo	Lugo	Lugo	Lugo	Edificio na rúa Doutor Castro 14	Xunta PBA Catálogo. Elementos (xuño 2026)	official_catalogue_seed	33106	-		-		-7.556750139227713	43.010379316251694	catalogue_point_wgs84	medium_official_name_or_type	generic_castro_hint	unknown_terrain_pending_visual_review			P2	positive_seed_requires_qgis_boundary_review	110.0	-7.55989508,43.00807964,-7.55360520,43.01267899				exclude_until_independent_label_review	0.00	2026-08-01T00:00:00Z
wl-pos-pos-es-pba-33107	pos-es-pba-33107	1	positive	exclude_probable_name_false_positive	name/type looks like modern or non-castro heritage item	excluded_review	excluded	ES|Lugo|Lugo	ES	Galicia	Lugo	Lugo	Lugo	Lugo	Edificio na rúa Doutor Castro 16-18	Xunta PBA Catálogo. Elementos (xuño 2026)	official_catalogue_seed	33107	-		-		-7.556821632212637	43.010470266631245	catalogue_point_wgs84	medium_official_name_or_type	generic_castro_hint	unknown_terrain_pending_visual_review			P2	positive_seed_requires_qgis_boundary_review	110.0	-7.55996658,43.00817059,-7.55367669,43.01276994				exclude_until_independent_label_review	0.00	2026-08-01T00:00:00Z
wl-pos-pos-es-pba-33108	pos-es-pba-33108	1	positive	exclude_probable_name_false_positive	name/type looks like modern or non-castro heritage item	excluded_review	excluded	ES|Lugo|Lugo	ES	Galicia	Lugo	Lugo	Lugo	Lugo	Edificio na rúa Doutor Castro 17	Xunta PBA Catálogo. Elementos (xuño 2026)	official_catalogue_seed	33108	-		-		-7.557227281825825	43.01043936236179	catalogue_point_wgs84	medium_official_name_or_type	generic_castro_hint	unknown_terrain_pending_visual_review			P2	positive_seed_requires_qgis_boundary_review	110.0	-7.56037223,43.00813969,-7.55408234,43.01273904				exclude_until_independent_label_review	0.00	2026-08-01T00:00:00Z
wl-pos-pos-es-pba-33109	pos-es-pba-33109	1	positive	exclude_probable_name_false_positive	name/type looks like modern or non-castro heritage item	excluded_review	excluded	ES|Lugo|Lugo	ES	Galicia	Lugo	Lugo	Lugo	Lugo	Edificio na rúa Doutor Castro 2	Xunta PBA Catálogo. Elementos (xuño 2026)	official_catalogue_seed	33109	-		-		-7.556360974203083	43.01023032937757	catalogue_point_wgs84	medium_official_name_or_type	generic_castro_hint	unknown_terrain_pending_visual_review			P2	positive_seed_requires_qgis_boundary_review	110.0	-7.55950591,43.00793065,-7.55321604,43.01253001				exclude_until_independent_label_review	0.00	2026-08-01T00:00:00Z
wl-pos-pos-es-pba-33110	pos-es-pba-33110	1	positive	exclude_probable_name_false_positive	name/type looks like modern or non-castro heritage item	excluded_review	excluded	ES|Lugo|Lugo	ES	Galicia	Lugo	Lugo	Lugo	Lugo	Edificio na rúa Doutor Castro 20-22	Xunta PBA Catálogo. Elementos (xuño 2026)	official_catalogue_seed	33110	-		ESC		-7.557004792069216	43.01050859592625	catalogue_point_wgs84	medium_official_name_or_type	generic_castro_hint	unknown_terrain_pending_visual_review			P2	positive_seed_requires_qgis_boundary_review	110.0	-7.56014974,43.00820892,-7.55385984,43.01280827				exclude_until_independent_label_review	0.00	2026-08-01T00:00:00Z
wl-pos-pos-es-pba-33111	pos-es-pba-33111	1	positive	exclude_probable_name_false_positive	name/type looks like modern or non-castro heritage item	excluded_review	excluded	ES|Lugo|Lugo	ES	Galicia	Lugo	Lugo	Lugo	Lugo	Edificio na rúa Doutor Castro 3	Xunta PBA Catálogo. Elementos (xuño 2026)	official_catalogue_seed	33111	-		-		-7.556668487934385	43.01019818898866	catalogue_point_wgs84	medium_official_name_or_type	generic_castro_hint	unknown_terrain_pending_visual_review			P2	positive_seed_requires_qgis_boundary_review	110.0	-7.55981342,43.00789851,-7.55352355,43.01249787				exclude_until_independent_label_review	0.00	2026-08-01T00:00:00Z
wl-pos-pos-es-pba-33112	pos-es-pba-33112	1	positive	exclude_probable_name_false_positive	name/type looks like modern or non-castro heritage item	excluded_review	excluded	ES|Lugo|Lugo	ES	Galicia	Lugo	Lugo	Lugo	Lugo	Edificio na rúa Doutor Castro 5	Xunta PBA Catálogo. Elementos (xuño 2026)	official_catalogue_seed	33112	-		-		-7.55675393397294	43.01021727643317	catalogue_point_wgs84	medium_official_name_or_type	generic_castro_hint	unknown_terrain_pending_visual_review			P2	positive_seed_requires_qgis_boundary_review	110.0	-7.55989887,43.00791760,-7.55360900,43.01251695				exclude_until_independent_label_review	0.00	2026-08-01T00:00:00Z
wl-pos-pos-es-pba-33140	pos-es-pba-33140	1	positive	exclude_probable_name_false_positive	name/type looks like modern or non-castro heritage item	excluded_review	excluded	ES|Lugo|Lugo	ES	Galicia	Lugo	Lugo	Lugo	Lugo	Edificio na rúa Doutor Castro 6	Xunta PBA Catálogo. Elementos (xuño 2026)	official_catalogue_seed	33140	-		-		-7.556494644036778	43.01028604486777	catalogue_point_wgs84	medium_official_name_or_type	generic_castro_hint	unknown_terrain_pending_visual_review			P2	positive_seed_requires_qgis_boundary_review	110.0	-7.55963958,43.00798637,-7.55334971,43.01258572				exclude_until_independent_label_review	0.00	2026-08-01T00:00:00Z
wl-pos-pos-es-pba-33141	pos-es-pba-33141	1	positive	exclude_probable_name_false_positive	name/type looks like modern or non-castro heritage item	excluded_review	excluded	ES|Lugo|Lugo	ES	Galicia	Lugo	Lugo	Lugo	Lugo	Edificio na rúa Doutor Castro 7	Xunta PBA Catálogo. Elementos (xuño 2026)	official_catalogue_seed	33141	-		-		-7.556813370759189	43.01029906989193	catalogue_point_wgs84	medium_official_name_or_type	generic_castro_hint	unknown_terrain_pending_visual_review			P2	positive_seed_requires_qgis_boundary_review	110.0	-7.55995831,43.00799939,-7.55366843,43.01259875				exclude_until_independent_label_review	0.00	2026-08-01T00:00:00Z
wl-pos-pos-es-pba-33142	pos-es-pba-33142	1	positive	exclude_probable_name_false_positive	name/type looks like modern or non-castro heritage item	excluded_review	excluded	ES|Lugo|Lugo	ES	Galicia	Lugo	Lugo	Lugo	Lugo	Edificio na rúa Doutor Castro 8	Xunta PBA Catálogo. Elementos (xuño 2026)	official_catalogue_seed	33142	-		-		-7.556554923932712	43.01033182961113	catalogue_point_wgs84	medium_official_name_or_type	generic_castro_hint	unknown_terrain_pending_visual_review			P2	positive_seed_requires_qgis_boundary_review	110.0	-7.55969986,43.00803215,-7.55340998,43.01263151				exclude_until_independent_label_review	0.00	2026-08-01T00:00:00Z
wl-pos-pos-es-pba-33143	pos-es-pba-33143	1	positive	exclude_probable_name_false_positive	name/type looks like modern or non-castro heritage item	excluded_review	excluded	ES|Lugo|Lugo	ES	Galicia	Lugo	Lugo	Lugo	Lugo	Edificio na rúa Doutor Castro 9	Xunta PBA Catálogo. Elementos (xuño 2026)	official_catalogue_seed	33143	-		-		-7.556874072512286	43.01032685004577	catalogue_point_wgs84	medium_official_name_or_type	generic_castro_hint	unknown_terrain_pending_visual_review			P2	positive_seed_requires_qgis_boundary_review	110.0	-7.56001901,43.00802717,-7.55372913,43.01262653				exclude_until_independent_label_review	0.00	2026-08-01T00:00:00Z
wl-pos-pos-es-pba-33821	pos-es-pba-33821	1	positive	exclude_probable_name_false_positive	name/type looks like modern or non-castro heritage item	excluded_review	excluded	ES|Lugo|Mondoñedo	ES	Galicia	Lugo	Mondoñedo	Mondoñedo (Nosa Señora do Carme)	Mondoñedo	Parcela na rúa Os Castros 15	Xunta PBA Catálogo. Elementos (xuño 2026)	official_catalogue_seed	33821	-		-		-7.364448002638721	43.43035594954254	catalogue_point_wgs84	medium_official_name_or_type	generic_castro_hint	unknown_terrain_pending_visual_review			P2	positive_seed_requires_qgis_boundary_review	110.0	-7.36761468,43.42805627,-7.36128132,43.43265563				exclude_until_independent_label_review	0.00	2026-08-01T00:00:00Z
wl-pos-pos-es-pba-33822	pos-es-pba-33822	1	positive	exclude_probable_name_false_positive	name/type looks like modern or non-castro heritage item	excluded_review	excluded	ES|Lugo|Mondoñedo	ES	Galicia	Lugo	Mondoñedo	Mondoñedo (Nosa Señora do Carme)	Mondoñedo	Parcela na Rúa Os Castros 23	Xunta PBA Catálogo. Elementos (xuño 2026)	official_catalogue_seed	33822	-		-		-7.3650277452954995	43.429932040090925	catalogue_point_wgs84	medium_official_name_or_type	generic_castro_hint	unknown_terrain_pending_visual_review			P2	positive_seed_requires_qgis_boundary_review	110.0	-7.36819440,43.42763236,-7.36186109,43.43223172				exclude_until_independent_label_review	0.00	2026-08-01T00:00:00Z
wl-pos-pos-es-pba-33823	pos-es-pba-33823	1	positive	exclude_probable_name_false_positive	name/type looks like modern or non-castro heritage item	excluded_review	excluded	ES|Lugo|Mondoñedo	ES	Galicia	Lugo	Mondoñedo	Mondoñedo (Nosa Señora do Carme)	Mondoñedo	Parcela na Rúa Os Castros 25	Xunta PBA Catálogo. Elementos (xuño 2026)	official_catalogue_seed	33823	-		-		-7.36516577767397	43.42985297616041	catalogue_point_wgs84	medium_official_name_or_type	generic_castro_hint	unknown_terrain_pending_visual_review			P2	positive_seed_requires_qgis_boundary_review	110.0	-7.36833243,43.42755330,-7.36199912,43.43215265				exclude_until_independent_label_review	0.00	2026-08-01T00:00:00Z
wl-pos-pos-es-pba-33824	pos-es-pba-33824	1	positive	exclude_probable_name_false_positive	name/type looks like modern or non-castro heritage item	excluded_review	excluded	ES|Lugo|Mondoñedo	ES	Galicia	Lugo	Mondoñedo	Mondoñedo (Nosa Señora do Carme)	Mondoñedo	Parcela na Rúa Os Castros 27	Xunta PBA Catálogo. Elementos (xuño 2026)	official_catalogue_seed	33824	-		-		-7.365290974986743	43.429791736947685	catalogue_point_wgs84	medium_official_name_or_type	generic_castro_hint	unknown_terrain_pending_visual_review			P2	positive_seed_requires_qgis_boundary_review	110.0	-7.36845763,43.42749206,-7.36212432,43.43209141				exclude_until_independent_label_review	0.00	2026-08-01T00:00:00Z
wl-pos-pos-es-pba-33825	pos-es-pba-33825	1	positive	exclude_probable_name_false_positive	name/type looks like modern or non-castro heritage item	excluded_review	excluded	ES|Lugo|Mondoñedo	ES	Galicia	Lugo	Mondoñedo	Mondoñedo (Nosa Señora do Carme)	Mondoñedo	Parcela na Rúa Os Castros 29	Xunta PBA Catálogo. Elementos (xuño 2026)	official_catalogue_seed	33825	-		-		-7.365429733551002	43.4296856704644	catalogue_point_wgs84	medium_official_name_or_type	generic_castro_hint	unknown_terrain_pending_visual_review			P2	positive_seed_requires_qgis_boundary_review	110.0	-7.36859638,43.42738599,-7.36226309,43.43198535				exclude_until_independent_label_review	0.00	2026-08-01T00:00:00Z
wl-pos-pos-es-pba-33826	pos-es-pba-33826	1	positive	exclude_probable_name_false_positive	name/type looks like modern or non-castro heritage item	excluded_review	excluded	ES|Lugo|Mondoñedo	ES	Galicia	Lugo	Mondoñedo	Mondoñedo (Nosa Señora do Carme)	Mondoñedo	Parcela na Rúa Os Castros 3	Xunta PBA Catálogo. Elementos (xuño 2026)	official_catalogue_seed	33826	-		-		-7.36756630016282	43.42971619787555	catalogue_point_wgs84	medium_official_name_or_type	generic_castro_hint	unknown_terrain_pending_visual_review			P2	positive_seed_requires_qgis_boundary_review	110.0	-7.37073295,43.42741652,-7.36439965,43.43201587				exclude_until_independent_label_review	0.00	2026-08-01T00:00:00Z
wl-pos-pos-es-pba-33827	pos-es-pba-33827	1	positive	exclude_probable_name_false_positive	name/type looks like modern or non-castro heritage item	excluded_review	excluded	ES|Lugo|Mondoñedo	ES	Galicia	Lugo	Mondoñedo	Mondoñedo (Nosa Señora do Carme)	Mondoñedo	Parcela na Rúa Os Castros 7	Xunta PBA Catálogo. Elementos (xuño 2026)	official_catalogue_seed	33827	-		-		-7.367454181290727	43.429750613727684	catalogue_point_wgs84	medium_official_name_or_type	generic_castro_hint	unknown_terrain_pending_visual_review			P2	positive_seed_requires_qgis_boundary_review	110.0	-7.37062083,43.42745094,-7.36428753,43.43205029				exclude_until_independent_label_review	0.00	2026-08-01T00:00:00Z
wl-pos-pos-es-pba-34323	pos-es-pba-34323	1	positive	exclude_probable_name_false_positive	name/type looks like modern or non-castro heritage item	excluded_review	excluded	ES|Lugo|Mondoñedo	ES	Galicia	Lugo	Mondoñedo	A Couboeira (Santa María Madanela)	Pena Moura	Casa dos Castros	Xunta PBA Catálogo. Elementos (xuño 2026)	official_catalogue_seed	34323	GA27030020		-		-7.356851733724375	43.47275606620954	catalogue_point_wgs84	medium_official_name_or_type	generic_castro_hint	unknown_terrain_pending_visual_review			P2	positive_seed_requires_qgis_boundary_review	110.0	-7.36002063,43.47045639,-7.35368283,43.47505574				exclude_until_independent_label_review	0.00	2026-08-01T00:00:00Z
wl-pos-pos-es-pba-34505	pos-es-pba-34505	1	positive	exclude_probable_name_false_positive	name/type looks like modern or non-castro heritage item	excluded_review	excluded	ES|Lugo|Mondoñedo	ES	Galicia	Lugo	Mondoñedo	Lindín (Santiago)	Castro, O	Cristo do Castro	Xunta PBA Catálogo. Elementos (xuño 2026)	official_catalogue_seed	34505	-		CRU		-7.328856867754067	43.41675812947531	catalogue_point_wgs84	medium_official_name_or_type	generic_castro_hint	unknown_terrain_pending_visual_review			P2	positive_seed_requires_qgis_boundary_review	110.0	-7.33202284,43.41445845,-7.32569090,43.41905781				exclude_until_independent_label_review	0.00	2026-08-01T00:00:00Z
wl-pos-pos-es-pba-34527	pos-es-pba-34527	1	positive	exclude_probable_name_false_positive	name/type looks like modern or non-castro heritage item	excluded_review	excluded	ES|Lugo|Mondoñedo	ES	Galicia	Lugo	Mondoñedo	Mondoñedo (Nosa Señora do Carme)	Mondoñedo	Edificio na rúa Os Castros 1	Xunta PBA Catálogo. Elementos (xuño 2026)	official_catalogue_seed	34527	-		-		-7.3676285346035115	43.42969907807607	catalogue_point_wgs84	medium_official_name_or_type	generic_castro_hint	unknown_terrain_pending_visual_review			P2	positive_seed_requires_qgis_boundary_review	110.0	-7.37079518,43.42739940,-7.36446189,43.43199875				exclude_until_independent_label_review	0.00	2026-08-01T00:00:00Z
wl-pos-pos-es-pba-34528	pos-es-pba-34528	1	positive	exclude_probable_name_false_positive	name/type looks like modern or non-castro heritage item	excluded_review	excluded	ES|Lugo|Mondoñedo	ES	Galicia	Lugo	Mondoñedo	Mondoñedo (Nosa Señora do Carme)	Mondoñedo	Edificio na rúa Os Castros 11	Xunta PBA Catálogo. Elementos (xuño 2026)	official_catalogue_seed	34528	-		-		-7.364526952341069	43.43017699489656	catalogue_point_wgs84	medium_official_name_or_type	generic_castro_hint	unknown_terrain_pending_visual_review			P2	positive_seed_requires_qgis_boundary_review	110.0	-7.36769362,43.42787732,-7.36136028,43.43247667				exclude_until_independent_label_review	0.00	2026-08-01T00:00:00Z
wl-pos-pos-es-pba-34555	pos-es-pba-34555	1	positive	exclude_probable_name_false_positive	name/type looks like modern or non-castro heritage item	excluded_review	excluded	ES|Lugo|Mondoñedo	ES	Galicia	Lugo	Mondoñedo	Mondoñedo (Nosa Señora do Carme)	Mondoñedo	Edificio na rúa Os Castros 11	Xunta PBA Catálogo. Elementos (xuño 2026)	official_catalogue_seed	34555	-		-		-7.36739170475949	43.429776734179974	catalogue_point_wgs84	medium_official_name_or_type	generic_castro_hint	unknown_terrain_pending_visual_review			P2	positive_seed_requires_qgis_boundary_review	110.0	-7.37055835,43.42747706,-7.36422505,43.43207641				exclude_until_independent_label_review	0.00	2026-08-01T00:00:00Z
wl-pos-pos-es-pba-34556	pos-es-pba-34556	1	positive	exclude_probable_name_false_positive	name/type looks like modern or non-castro heritage item	excluded_review	excluded	ES|Lugo|Mondoñedo	ES	Galicia	Lugo	Mondoñedo	Mondoñedo (Nosa Señora do Carme)	Mondoñedo	Edificio na rúa Os Castros 13	Xunta PBA Catálogo. Elementos (xuño 2026)	official_catalogue_seed	34556	-		-		-7.364589430474669	43.43015087603809	catalogue_point_wgs84	medium_official_name_or_type	generic_castro_hint	unknown_terrain_pending_visual_review			P2	positive_seed_requires_qgis_boundary_review	110.0	-7.36775610,43.42785120,-7.36142276,43.43245055				exclude_until_independent_label_review	0.00	2026-08-01T00:00:00Z
wl-pos-pos-es-pba-34557	pos-es-pba-34557	1	positive	exclude_probable_name_false_positive	name/type looks like modern or non-castro heritage item	excluded_review	excluded	ES|Lugo|Mondoñedo	ES	Galicia	Lugo	Mondoñedo	Mondoñedo (Nosa Señora do Carme)	Mondoñedo	Edificio na rúa Os Castros 13	Xunta PBA Catálogo. Elementos (xuño 2026)	official_catalogue_seed	34557	-		-		-7.367254643422844	43.429819797853355	catalogue_point_wgs84	medium_official_name_or_type	generic_castro_hint	unknown_terrain_pending_visual_review			P2	positive_seed_requires_qgis_boundary_review	110.0	-7.37042130,43.42752012,-7.36408799,43.43211947				exclude_until_independent_label_review	0.00	2026-08-01T00:00:00Z
wl-pos-pos-es-pba-34558	pos-es-pba-34558	1	positive	exclude_probable_name_false_positive	name/type looks like modern or non-castro heritage item	excluded_review	excluded	ES|Lugo|Mondoñedo	ES	Galicia	Lugo	Mondoñedo	Mondoñedo (Nosa Señora do Carme)	Mondoñedo	Edificio na rúa Os Castros 15	Xunta PBA Catálogo. Elementos (xuño 2026)	official_catalogue_seed	34558	-		-		-7.364651908555202	43.4301247571445	catalogue_point_wgs84	medium_official_name_or_type	generic_castro_hint	unknown_terrain_pending_visual_review			P2	positive_seed_requires_qgis_boundary_review	110.0	-7.36781858,43.42782508,-7.36148524,43.43242443				exclude_until_independent_label_review	0.00	2026-08-01T00:00:00Z
wl-pos-pos-es-pba-34559	pos-es-pba-34559	1	positive	exclude_probable_name_false_positive	name/type looks like modern or non-castro heritage item	excluded_review	excluded	ES|Lugo|Mondoñedo	ES	Galicia	Lugo	Mondoñedo	Mondoñedo (Nosa Señora do Carme)	Mondoñedo	Edificio na rúa Os Castros 15	Xunta PBA Catálogo. Elementos (xuño 2026)	official_catalogue_seed	34559	-		-		-7.367132594357868	43.42976402951983	catalogue_point_wgs84	medium_official_name_or_type	generic_castro_hint	unknown_terrain_pending_visual_review			P2	positive_seed_requires_qgis_boundary_review	110.0	-7.37029924,43.42746435,-7.36396595,43.43206371				exclude_until_independent_label_review	0.00	2026-08-01T00:00:00Z
wl-pos-pos-es-pba-34560	pos-es-pba-34560	1	positive	exclude_probable_name_false_positive	name/type looks like modern or non-castro heritage item	excluded_review	excluded	ES|Lugo|Mondoñedo	ES	Galicia	Lugo	Mondoñedo	Mondoñedo (Nosa Señora do Carme)	Mondoñedo	Edificio na rúa Os Castros 17	Xunta PBA Catálogo. Elementos (xuño 2026)	official_catalogue_seed	34560	-		-		-7.364701551631979	43.43011646303601	catalogue_point_wgs84	medium_official_name_or_type	generic_castro_hint	unknown_terrain_pending_visual_review			P2	positive_seed_requires_qgis_boundary_review	110.0	-7.36786822,43.42781679,-7.36153488,43.43241614				exclude_until_independent_label_review	0.00	2026-08-01T00:00:00Z
wl-pos-pos-es-pba-34561	pos-es-pba-34561	1	positive	exclude_probable_name_false_positive	name/type looks like modern or non-castro heritage item	excluded_review	excluded	ES|Lugo|Mondoñedo	ES	Galicia	Lugo	Mondoñedo	Mondoñedo (Nosa Señora do Carme)	Mondoñedo	Edificio na rúa Os Castros 18	Xunta PBA Catálogo. Elementos (xuño 2026)	official_catalogue_seed	34561	-		-		-7.364723100906156	43.430233825921825	catalogue_point_wgs84	medium_official_name_or_type	generic_castro_hint	unknown_terrain_pending_visual_review			P2	positive_seed_requires_qgis_boundary_review	110.0	-7.36788977,43.42793415,-7.36155643,43.43253350				exclude_until_independent_label_review	0.00	2026-08-01T00:00:00Z
wl-pos-pos-es-pba-34562	pos-es-pba-34562	1	positive	exclude_probable_name_false_positive	name/type looks like modern or non-castro heritage item	excluded_review	excluded	ES|Lugo|Mondoñedo	ES	Galicia	Lugo	Mondoñedo	Mondoñedo (Nosa Señora do Carme)	Mondoñedo	Edificio na rúa Os Castros 19	Xunta PBA Catálogo. Elementos (xuño 2026)	official_catalogue_seed	34562	-		-		-7.364788972338869	43.43008169663475	catalogue_point_wgs84	medium_official_name_or_type	generic_castro_hint	unknown_terrain_pending_visual_review			P2	positive_seed_requires_qgis_boundary_review	110.0	-7.36795564,43.42778202,-7.36162231,43.43238137				exclude_until_independent_label_review	0.00	2026-08-01T00:00:00Z
wl-pos-pos-es-pba-34563	pos-es-pba-34563	1	positive	exclude_probable_name_false_positive	name/type looks like modern or non-castro heritage item	excluded_review	excluded	ES|Lugo|Mondoñedo	ES	Galicia	Lugo	Mondoñedo	Mondoñedo (Nosa Señora do Carme)	Mondoñedo	Edificio na Rúa Os Castros 2	Xunta PBA Catálogo. Elementos (xuño 2026)	official_catalogue_seed	34563	-		-		-7.364273887327599	43.43039847952926	catalogue_point_wgs84	medium_official_name_or_type	generic_castro_hint	unknown_terrain_pending_visual_review			P2	positive_seed_requires_qgis_boundary_review	110.0	-7.36744057,43.42809880,-7.36110720,43.43269816				exclude_until_independent_label_review	0.00	2026-08-01T00:00:00Z
wl-pos-pos-es-pba-34564	pos-es-pba-34564	1	positive	exclude_probable_name_false_positive	name/type looks like modern or non-castro heritage item	excluded_review	excluded	ES|Lugo|Mondoñedo	ES	Galicia	Lugo	Mondoñedo	Mondoñedo (Nosa Señora do Carme)	Mondoñedo	Edificio na rúa Os Castros 21	Xunta PBA Catálogo. Elementos (xuño 2026)	official_catalogue_seed	34564	-		-		-7.364889470195622	43.43002010458582	catalogue_point_wgs84	medium_official_name_or_type	generic_castro_hint	unknown_terrain_pending_visual_review			P2	positive_seed_requires_qgis_boundary_review	110.0	-7.36805613,43.42772043,-7.36172281,43.43231978				exclude_until_independent_label_review	0.00	2026-08-01T00:00:00Z
wl-pos-pos-es-pba-34591	pos-es-pba-34591	1	positive	exclude_probable_name_false_positive	name/type looks like modern or non-castro heritage item	excluded_review	excluded	ES|Lugo|Mondoñedo	ES	Galicia	Lugo	Mondoñedo	Mondoñedo (Nosa Señora do Carme)	Mondoñedo	Edificio na Rúa Os Castros 3	Xunta PBA Catálogo. Elementos (xuño 2026)	official_catalogue_seed	34591	-		-		-7.3642646890756955	43.43028129327774	catalogue_point_wgs84	medium_official_name_or_type	generic_castro_hint	unknown_terrain_pending_visual_review			P2	positive_seed_requires_qgis_boundary_review	110.0	-7.36743137,43.42798162,-7.36109801,43.43258097				exclude_until_independent_label_review	0.00	2026-08-01T00:00:00Z
wl-pos-pos-es-pba-34592	pos-es-pba-34592	1	positive	exclude_probable_name_false_positive	name/type looks like modern or non-castro heritage item	excluded_review	excluded	ES|Lugo|Mondoñedo	ES	Galicia	Lugo	Mondoñedo	Mondoñedo (Nosa Señora do Carme)	Mondoñedo	Edificio na Rúa Os Castros 4	Xunta PBA Catálogo. Elementos (xuño 2026)	official_catalogue_seed	34592	-		-		-7.36432474292897	43.43034518191573	catalogue_point_wgs84	medium_official_name_or_type	generic_castro_hint	unknown_terrain_pending_visual_review			P2	positive_seed_requires_qgis_boundary_review	110.0	-7.36749142,43.42804551,-7.36115806,43.43264486				exclude_until_independent_label_review	0.00	2026-08-01T00:00:00Z
wl-pos-pos-es-pba-34593	pos-es-pba-34593	1	positive	exclude_probable_name_false_positive	name/type looks like modern or non-castro heritage item	excluded_review	excluded	ES|Lugo|Mondoñedo	ES	Galicia	Lugo	Mondoñedo	Mondoñedo (Nosa Señora do Carme)	Mondoñedo	Edificio na Rúa Os Castros 5	Xunta PBA Catálogo. Elementos (xuño 2026)	official_catalogue_seed	34593	-		-		-7.364339275174456	43.43026435199623	catalogue_point_wgs84	medium_official_name_or_type	generic_castro_hint	unknown_terrain_pending_visual_review			P2	positive_seed_requires_qgis_boundary_review	110.0	-7.36750595,43.42796468,-7.36117260,43.43256403				exclude_until_independent_label_review	0.00	2026-08-01T00:00:00Z
wl-pos-pos-es-pba-34594	pos-es-pba-34594	1	positive	exclude_probable_name_false_positive	name/type looks like modern or non-castro heritage item	excluded_review	excluded	ES|Lugo|Mondoñedo	ES	Galicia	Lugo	Mondoñedo	Mondoñedo (Nosa Señora do Carme)	Mondoñedo	Edificio na Rúa Os Castros 5	Xunta PBA Catálogo. Elementos (xuño 2026)	official_catalogue_seed	34594	-		-		-7.367504065687906	43.429733317640576	catalogue_point_wgs84	medium_official_name_or_type	generic_castro_hint	unknown_terrain_pending_visual_review			P2	positive_seed_requires_qgis_boundary_review	110.0	-7.37067071,43.42743364,-7.36433742,43.43203299				exclude_until_independent_label_review	0.00	2026-08-01T00:00:00Z
wl-pos-pos-es-pba-34595	pos-es-pba-34595	1	positive	exclude_probable_name_false_positive	name/type looks like modern or non-castro heritage item	excluded_review	excluded	ES|Lugo|Mondoñedo	ES	Galicia	Lugo	Mondoñedo	Mondoñedo (Nosa Señora do Carme)	Mondoñedo	Edificio na Rúa Os Castros 7	Xunta PBA Catálogo. Elementos (xuño 2026)	official_catalogue_seed	34595	-		-		-7.364401511038681	43.43024723397881	catalogue_point_wgs84	medium_official_name_or_type	generic_castro_hint	unknown_terrain_pending_visual_review			P2	positive_seed_requires_qgis_boundary_review	110.0	-7.36756819,43.42794756,-7.36123484,43.43254691				exclude_until_independent_label_review	0.00	2026-08-01T00:00:00Z
wl-pos-pos-es-pba-34596	pos-es-pba-34596	1	positive	exclude_probable_name_false_positive	name/type looks like modern or non-castro heritage item	excluded_review	excluded	ES|Lugo|Mondoñedo	ES	Galicia	Lugo	Mondoñedo	Mondoñedo (Nosa Señora do Carme)	Mondoñedo	Edificio na Rúa Os Castros 9	Xunta PBA Catálogo. Elementos (xuño 2026)	official_catalogue_seed	34596	-		-		-7.367316878053381	43.42980267822691	catalogue_point_wgs84	medium_official_name_or_type	generic_castro_hint	unknown_terrain_pending_visual_review			P2	positive_seed_requires_qgis_boundary_review	110.0	-7.37048353,43.42750300,-7.36415023,43.43210235				exclude_until_independent_label_review	0.00	2026-08-01T00:00:00Z
wl-pos-pos-es-pba-34597	pos-es-pba-34597	1	positive	exclude_probable_name_false_positive	name/type looks like modern or non-castro heritage item	excluded_review	excluded	ES|Lugo|Mondoñedo	ES	Galicia	Lugo	Mondoñedo	Mondoñedo (Nosa Señora do Carme)	Mondoñedo	Edificio na Rúa Os Castros 9	Xunta PBA Catálogo. Elementos (xuño 2026)	official_catalogue_seed	34597	-		-		-7.364464231725943	43.43021211445557	catalogue_point_wgs84	medium_official_name_or_type	generic_castro_hint	unknown_terrain_pending_visual_review			P2	positive_seed_requires_qgis_boundary_review	110.0	-7.36763090,43.42791244,-7.36129756,43.43251179				exclude_until_independent_label_review	0.00	2026-08-01T00:00:00Z
wl-pos-pos-es-pba-33683	pos-es-pba-33683	1	positive	exclude_probable_name_false_positive	name/type looks like modern or non-castro heritage item	excluded_review	excluded	ES|Lugo|Monforte de Lemos	ES	Galicia	Lugo	Monforte de Lemos	Monforte de Lemos	Monforte de Lemos	Edificio na rúa Cardeal Rodrigo de Castro, 10	Xunta PBA Catálogo. Elementos (xuño 2026)	official_catalogue_seed	33683	-		-		-7.513739745581913	42.521817949492736	catalogue_point_wgs84	medium_official_name_or_type	generic_castro_hint	unknown_terrain_pending_visual_review			P2	positive_seed_requires_qgis_boundary_review	110.0	-7.51685998,42.51951827,-7.51061951,42.52411763				exclude_until_independent_label_review	0.00	2026-08-01T00:00:00Z
wl-pos-pos-es-pba-35456	pos-es-pba-35456	1	positive	exclude_probable_name_false_positive	name/type looks like modern or non-castro heritage item	excluded_review	excluded	ES|Lugo|Monforte de Lemos	ES	Galicia	Lugo	Monforte de Lemos	Monforte de Lemos	Monforte de Lemos	Edificio na rúa Cardeal Rodrigo de Castro, 11	Xunta PBA Catálogo. Elementos (xuño 2026)	official_catalogue_seed	35456	-		-		-7.513699600416968	42.521457205598345	catalogue_point_wgs84	medium_official_name_or_type	generic_castro_hint	unknown_terrain_pending_visual_review			P2	positive_seed_requires_qgis_boundary_review	110.0	-7.51681982,42.51915753,-7.51057938,42.52375688				exclude_until_independent_label_review	0.00	2026-08-01T00:00:00Z
wl-pos-pos-es-pba-35457	pos-es-pba-35457	1	positive	exclude_probable_name_false_positive	name/type looks like modern or non-castro heritage item	excluded_review	excluded	ES|Lugo|Monforte de Lemos	ES	Galicia	Lugo	Monforte de Lemos	Monforte de Lemos	Monforte de Lemos	Edificio na rúa Cardeal Rodrigo de Castro, 12	Xunta PBA Catálogo. Elementos (xuño 2026)	official_catalogue_seed	35457	-		-		-7.5137771110438	42.5217824118716	catalogue_point_wgs84	medium_official_name_or_type	generic_castro_hint	unknown_terrain_pending_visual_review			P2	positive_seed_requires_qgis_boundary_review	110.0	-7.51689735,42.51948274,-7.51065688,42.52408209				exclude_until_independent_label_review	0.00	2026-08-01T00:00:00Z
wl-pos-pos-es-pba-35458	pos-es-pba-35458	1	positive	exclude_probable_name_false_positive	name/type looks like modern or non-castro heritage item	excluded_review	excluded	ES|Lugo|Monforte de Lemos	ES	Galicia	Lugo	Monforte de Lemos	Monforte de Lemos	Monforte de Lemos	Edificio na rúa Cardeal Rodrigo de Castro, 13	Xunta PBA Catálogo. Elementos (xuño 2026)	official_catalogue_seed	35458	-		-		-7.513810202197258	42.52141361239329	catalogue_point_wgs84	medium_official_name_or_type	generic_castro_hint	unknown_terrain_pending_visual_review			P2	positive_seed_requires_qgis_boundary_review	110.0	-7.51693042,42.51911394,-7.51068999,42.52371329				exclude_until_independent_label_review	0.00	2026-08-01T00:00:00Z
wl-pos-pos-es-pba-35459	pos-es-pba-35459	1	positive	exclude_probable_name_false_positive	name/type looks like modern or non-castro heritage item	excluded_review	excluded	ES|Lugo|Monforte de Lemos	ES	Galicia	Lugo	Monforte de Lemos	Monforte de Lemos	Monforte de Lemos	Edificio na rúa Cardeal Rodrigo de Castro, 14	Xunta PBA Catálogo. Elementos (xuño 2026)	official_catalogue_seed	35459	-		-		-7.513790988970997	42.5217105472625	catalogue_point_wgs84	medium_official_name_or_type	generic_castro_hint	unknown_terrain_pending_visual_review			P2	positive_seed_requires_qgis_boundary_review	110.0	-7.51691122,42.51941087,-7.51067076,42.52401022				exclude_until_independent_label_review	0.00	2026-08-01T00:00:00Z
wl-pos-pos-es-pba-35460	pos-es-pba-35460	1	positive	exclude_probable_name_false_positive	name/type looks like modern or non-castro heritage item	excluded_review	excluded	ES|Lugo|Monforte de Lemos	ES	Galicia	Lugo	Monforte de Lemos	Monforte de Lemos	Monforte de Lemos	Edificio na rúa Cardeal Rodrigo de Castro, 15	Xunta PBA Catálogo. Elementos (xuño 2026)	official_catalogue_seed	35460	-		-		-7.5138127631354585	42.52130557866654	catalogue_point_wgs84	medium_official_name_or_type	generic_castro_hint	unknown_terrain_pending_visual_review			P2	positive_seed_requires_qgis_boundary_review	110.0	-7.51693297,42.51900590,-7.51069255,42.52360526				exclude_until_independent_label_review	0.00	2026-08-01T00:00:00Z
wl-pos-pos-es-pba-35461	pos-es-pba-35461	1	positive	exclude_probable_name_false_positive	name/type looks like modern or non-castro heritage item	excluded_review	excluded	ES|Lugo|Monforte de Lemos	ES	Galicia	Lugo	Monforte de Lemos	Monforte de Lemos	Monforte de Lemos	Edificio na rúa Cardeal Rodrigo de Castro, 17	Xunta PBA Catálogo. Elementos (xuño 2026)	official_catalogue_seed	35461	-		-		-7.5139462118031775	42.521325320728465	catalogue_point_wgs84	medium_official_name_or_type	generic_castro_hint	unknown_terrain_pending_visual_review			P2	positive_seed_requires_qgis_boundary_review	110.0	-7.51706642,42.51902564,-7.51082600,42.52362500				exclude_until_independent_label_review	0.00	2026-08-01T00:00:00Z
wl-pos-pos-es-pba-35462	pos-es-pba-35462	1	positive	exclude_probable_name_false_positive	name/type looks like modern or non-castro heritage item	excluded_review	excluded	ES|Lugo|Monforte de Lemos	ES	Galicia	Lugo	Monforte de Lemos	Monforte de Lemos	Monforte de Lemos	Edificio na rúa Cardeal Rodrigo de Castro, 18	Xunta PBA Catálogo. Elementos (xuño 2026)	official_catalogue_seed	35462	-		-		-7.514097173696354	42.52163346827677	catalogue_point_wgs84	medium_official_name_or_type	generic_castro_hint	unknown_terrain_pending_visual_review			P2	positive_seed_requires_qgis_boundary_review	110.0	-7.51721740,42.51933379,-7.51097695,42.52393314				exclude_until_independent_label_review	0.00	2026-08-01T00:00:00Z
wl-pos-pos-es-pba-35485	pos-es-pba-35485	1	positive	exclude_probable_name_false_positive	name/type looks like modern or non-castro heritage item	excluded_review	excluded	ES|Lugo|Monforte de Lemos	ES	Galicia	Lugo	Monforte de Lemos	Monforte de Lemos	Monforte de Lemos	Edificio na rúa Cardeal Rodrigo de Castro, 19	Xunta PBA Catálogo. Elementos (xuño 2026)	official_catalogue_seed	35485	-		-		-7.51394834571747	42.52123529261604	catalogue_point_wgs84	medium_official_name_or_type	generic_castro_hint	unknown_terrain_pending_visual_review			P2	positive_seed_requires_qgis_boundary_review	110.0	-7.51706855,42.51893562,-7.51082814,42.52353497				exclude_until_independent_label_review	0.00	2026-08-01T00:00:00Z
wl-pos-pos-es-pba-35486	pos-es-pba-35486	1	positive	exclude_probable_name_false_positive	name/type looks like modern or non-castro heritage item	excluded_review	excluded	ES|Lugo|Monforte de Lemos	ES	Galicia	Lugo	Monforte de Lemos	Monforte de Lemos	Monforte de Lemos	Edificio na rúa Cardeal Rodrigo de Castro, 20	Xunta PBA Catálogo. Elementos (xuño 2026)	official_catalogue_seed	35486	-		-		-7.5141988053334305	42.52145467468671	catalogue_point_wgs84	medium_official_name_or_type	generic_castro_hint	unknown_terrain_pending_visual_review			P2	positive_seed_requires_qgis_boundary_review	110.0	-7.51731902,42.51915500,-7.51107859,42.52375435				exclude_until_independent_label_review	0.00	2026-08-01T00:00:00Z
wl-pos-pos-es-pba-35487	pos-es-pba-35487	1	positive	exclude_probable_name_false_positive	name/type looks like modern or non-castro heritage item	excluded_review	excluded	ES|Lugo|Monforte de Lemos	ES	Galicia	Lugo	Monforte de Lemos	Monforte de Lemos	Monforte de Lemos	Edificio na rúa Cardeal Rodrigo de Castro, 21	Xunta PBA Catálogo. Elementos (xuño 2026)	official_catalogue_seed	35487	-		-		-7.5139761008686055	42.52109156333018	catalogue_point_wgs84	medium_official_name_or_type	generic_castro_hint	unknown_terrain_pending_visual_review			P2	positive_seed_requires_qgis_boundary_review	110.0	-7.51709630,42.51879189,-7.51085590,42.52339124				exclude_until_independent_label_review	0.00	2026-08-01T00:00:00Z
wl-pos-pos-es-pba-35488	pos-es-pba-35488	1	positive	exclude_probable_name_false_positive	name/type looks like modern or non-castro heritage item	excluded_review	excluded	ES|Lugo|Monforte de Lemos	ES	Galicia	Lugo	Monforte de Lemos	Monforte de Lemos	Monforte de Lemos	Edificio na rúa Cardeal Rodrigo de Castro, 22	Xunta PBA Catálogo. Elementos (xuño 2026)	official_catalogue_seed	35488	-		-		-7.514334387822718	42.52138438817939	catalogue_point_wgs84	medium_official_name_or_type	generic_castro_hint	unknown_terrain_pending_visual_review			P2	positive_seed_requires_qgis_boundary_review	110.0	-7.51745460,42.51908471,-7.51121417,42.52368406				exclude_until_independent_label_review	0.00	2026-08-01T00:00:00Z
wl-pos-pos-es-pba-35489	pos-es-pba-35489	1	positive	exclude_probable_name_false_positive	name/type looks like modern or non-castro heritage item	excluded_review	excluded	ES|Lugo|Monforte de Lemos	ES	Galicia	Lugo	Monforte de Lemos	Monforte de Lemos	Monforte de Lemos	Edificio na rúa Cardeal Rodrigo de Castro, 23	Xunta PBA Catálogo. Elementos (xuño 2026)	official_catalogue_seed	35489	-		-		-7.514074531365338	42.52104781200648	catalogue_point_wgs84	medium_official_name_or_type	generic_castro_hint	unknown_terrain_pending_visual_review			P2	positive_seed_requires_qgis_boundary_review	110.0	-7.51719473,42.51874814,-7.51095433,42.52334749				exclude_until_independent_label_review	0.00	2026-08-01T00:00:00Z
wl-pos-pos-es-pba-35490	pos-es-pba-35490	1	positive	exclude_probable_name_false_positive	name/type looks like modern or non-castro heritage item	excluded_review	excluded	ES|Lugo|Monforte de Lemos	ES	Galicia	Lugo	Monforte de Lemos	Monforte de Lemos	Monforte de Lemos	Edificio na rúa Cardeal Rodrigo de Castro, 24	Xunta PBA Catálogo. Elementos (xuño 2026)	official_catalogue_seed	35490	-		-		-7.514409117509874	42.52131331251253	catalogue_point_wgs84	medium_official_name_or_type	generic_castro_hint	unknown_terrain_pending_visual_review			P2	positive_seed_requires_qgis_boundary_review	110.0	-7.51752933,42.51901364,-7.51128891,42.52361299				exclude_until_independent_label_review	0.00	2026-08-01T00:00:00Z
wl-pos-pos-es-pba-35491	pos-es-pba-35491	1	positive	exclude_probable_name_false_positive	name/type looks like modern or non-castro heritage item	excluded_review	excluded	ES|Lugo|Monforte de Lemos	ES	Galicia	Lugo	Monforte de Lemos	Monforte de Lemos	Monforte de Lemos	Edificio na rúa Cardeal Rodrigo de Castro, 25	Xunta PBA Catálogo. Elementos (xuño 2026)	official_catalogue_seed	35491	-		-		-7.514137303859146	42.52096757586174	catalogue_point_wgs84	medium_official_name_or_type	generic_castro_hint	unknown_terrain_pending_visual_review			P2	positive_seed_requires_qgis_boundary_review	110.0	-7.51725750,42.51866790,-7.51101711,42.52326725				exclude_until_independent_label_review	0.00	2026-08-01T00:00:00Z
wl-pos-pos-es-pba-35515	pos-es-pba-35515	1	positive	exclude_probable_name_false_positive	name/type looks like modern or non-castro heritage item	excluded_review	excluded	ES|Lugo|Monforte de Lemos	ES	Galicia	Lugo	Monforte de Lemos	Monforte de Lemos	Monforte de Lemos	Edificio na rúa Cardeal Rodrigo de Castro, 26	Xunta PBA Catálogo. Elementos (xuño 2026)	official_catalogue_seed	35515	-		-		-7.514472103171791	42.521224073372075	catalogue_point_wgs84	medium_official_name_or_type	generic_castro_hint	unknown_terrain_pending_visual_review			P2	positive_seed_requires_qgis_boundary_review	110.0	-7.51759231,42.51892440,-7.51135190,42.52352375				exclude_until_independent_label_review	0.00	2026-08-01T00:00:00Z
wl-pos-pos-es-pba-35516	pos-es-pba-35516	1	positive	exclude_probable_name_false_positive	name/type looks like modern or non-castro heritage item	excluded_review	excluded	ES|Lugo|Monforte de Lemos	ES	Galicia	Lugo	Monforte de Lemos	Monforte de Lemos	Monforte de Lemos	Edificio na rúa Cardeal Rodrigo de Castro, 27	Xunta PBA Catálogo. Elementos (xuño 2026)	official_catalogue_seed	35516	-		-		-7.5142120332558875	42.5208965003142	catalogue_point_wgs84	medium_official_name_or_type	generic_castro_hint	unknown_terrain_pending_visual_review			P2	positive_seed_requires_qgis_boundary_review	110.0	-7.51733222,42.51859682,-7.51109184,42.52319618				exclude_until_independent_label_review	0.00	2026-08-01T00:00:00Z
wl-pos-pos-es-pba-35517	pos-es-pba-35517	1	positive	exclude_probable_name_false_positive	name/type looks like modern or non-castro heritage item	excluded_review	excluded	ES|Lugo|Monforte de Lemos	ES	Galicia	Lugo	Monforte de Lemos	Monforte de Lemos	Monforte de Lemos	Edificio na rúa Cardeal Rodrigo de Castro, 28	Xunta PBA Catálogo. Elementos (xuño 2026)	official_catalogue_seed	35517	-		-		-7.51454661920464	42.52116200042197	catalogue_point_wgs84	medium_official_name_or_type	generic_castro_hint	unknown_terrain_pending_visual_review			P2	positive_seed_requires_qgis_boundary_review	110.0	-7.51766682,42.51886232,-7.51142642,42.52346168				exclude_until_independent_label_review	0.00	2026-08-01T00:00:00Z
wl-pos-pos-es-pba-35518	pos-es-pba-35518	1	positive	exclude_probable_name_false_positive	name/type looks like modern or non-castro heritage item	excluded_review	excluded	ES|Lugo|Monforte de Lemos	ES	Galicia	Lugo	Monforte de Lemos	Monforte de Lemos	Monforte de Lemos	Edificio na rúa Cardeal Rodrigo de Castro, 2D	Xunta PBA Catálogo. Elementos (xuño 2026)	official_catalogue_seed	35518	-		-		-7.51327277973263	42.522001008285564	catalogue_point_wgs84	medium_official_name_or_type	generic_castro_hint	unknown_terrain_pending_visual_review			P2	positive_seed_requires_qgis_boundary_review	110.0	-7.51639303,42.51970133,-7.51015253,42.52430068				exclude_until_independent_label_review	0.00	2026-08-01T00:00:00Z
wl-pos-pos-es-pba-35519	pos-es-pba-35519	1	positive	exclude_probable_name_false_positive	name/type looks like modern or non-castro heritage item	excluded_review	excluded	ES|Lugo|Monforte de Lemos	ES	Galicia	Lugo	Monforte de Lemos	Monforte de Lemos	Monforte de Lemos	Edificio na rúa Cardeal Rodrigo de Castro, 30	Xunta PBA Catálogo. Elementos (xuño 2026)	official_catalogue_seed	35519	-		-		-7.514561136000322	42.521063127254145	catalogue_point_wgs84	medium_official_name_or_type	generic_castro_hint	unknown_terrain_pending_visual_review			P2	positive_seed_requires_qgis_boundary_review	110.0	-7.51768133,42.51876345,-7.51144094,42.52336280				exclude_until_independent_label_review	0.00	2026-08-01T00:00:00Z
wl-pos-pos-es-pba-35520	pos-es-pba-35520	1	positive	exclude_probable_name_false_positive	name/type looks like modern or non-castro heritage item	excluded_review	excluded	ES|Lugo|Monforte de Lemos	ES	Galicia	Lugo	Monforte de Lemos	Monforte de Lemos	Monforte de Lemos	Edificio na rúa Cardeal Rodrigo de Castro, 31	Xunta PBA Catálogo. Elementos (xuño 2026)	official_catalogue_seed	35520	-		-		-7.514239360941091	42.52077077657104	catalogue_point_wgs84	medium_official_name_or_type	generic_castro_hint	unknown_terrain_pending_visual_review			P2	positive_seed_requires_qgis_boundary_review	110.0	-7.51735954,42.51847110,-7.51111918,42.52307045				exclude_until_independent_label_review	0.00	2026-08-01T00:00:00Z
wl-pos-pos-es-pba-35521	pos-es-pba-35521	1	positive	exclude_probable_name_false_positive	name/type looks like modern or non-castro heritage item	excluded_review	excluded	ES|Lugo|Monforte de Lemos	ES	Galicia	Lugo	Monforte de Lemos	Monforte de Lemos	Monforte de Lemos	Edificio na rúa Cardeal Rodrigo de Castro, 32	Xunta PBA Catálogo. Elementos (xuño 2026)	official_catalogue_seed	35521	-		-		-7.514636931492181	42.520947037352876	catalogue_point_wgs84	medium_official_name_or_type	generic_castro_hint	unknown_terrain_pending_visual_review			P2	positive_seed_requires_qgis_boundary_review	110.0	-7.51775712,42.51864736,-7.51151674,42.52324671				exclude_until_independent_label_review	0.00	2026-08-01T00:00:00Z
wl-pos-pos-es-pba-35545	pos-es-pba-35545	1	positive	exclude_probable_name_false_positive	name/type looks like modern or non-castro heritage item	excluded_review	excluded	ES|Lugo|Monforte de Lemos	ES	Galicia	Lugo	Monforte de Lemos	Monforte de Lemos	Monforte de Lemos	Edificio na rúa Cardeal Rodrigo de Castro, 33	Xunta PBA Catálogo. Elementos (xuño 2026)	official_catalogue_seed	35545	-		-		-7.514337364087786	42.52074503063552	catalogue_point_wgs84	medium_official_name_or_type	generic_castro_hint	unknown_terrain_pending_visual_review			P2	positive_seed_requires_qgis_boundary_review	110.0	-7.51745755,42.51844535,-7.51121718,42.52304471				exclude_until_independent_label_review	0.00	2026-08-01T00:00:00Z
wl-pos-pos-es-pba-35546	pos-es-pba-35546	1	positive	exclude_probable_name_false_positive	name/type looks like modern or non-castro heritage item	excluded_review	excluded	ES|Lugo|Monforte de Lemos	ES	Galicia	Lugo	Monforte de Lemos	Monforte de Lemos	Monforte de Lemos	Edificio na rúa Cardeal Rodrigo de Castro, 34	Xunta PBA Catálogo. Elementos (xuño 2026)	official_catalogue_seed	35546	-		-		-7.514748171556818	42.52087643476974	catalogue_point_wgs84	medium_official_name_or_type	generic_castro_hint	unknown_terrain_pending_visual_review			P2	positive_seed_requires_qgis_boundary_review	110.0	-7.51786836,42.51857676,-7.51162798,42.52317611				exclude_until_independent_label_review	0.00	2026-08-01T00:00:00Z
wl-pos-pos-es-pba-35547	pos-es-pba-35547	1	positive	exclude_probable_name_false_positive	name/type looks like modern or non-castro heritage item	excluded_review	excluded	ES|Lugo|Monforte de Lemos	ES	Galicia	Lugo	Monforte de Lemos	Monforte de Lemos	Monforte de Lemos	Edificio na rúa Cardeal Rodrigo de Castro, 35	Xunta PBA Catálogo. Elementos (xuño 2026)	official_catalogue_seed	35547	-		-		-7.5143875389139065	42.52068264215915	catalogue_point_wgs84	medium_official_name_or_type	generic_castro_hint	unknown_terrain_pending_visual_review			P2	positive_seed_requires_qgis_boundary_review	110.0	-7.51750772,42.51838297,-7.51126736,42.52298232				exclude_until_independent_label_review	0.00	2026-08-01T00:00:00Z
wl-pos-pos-es-pba-35548	pos-es-pba-35548	1	positive	exclude_probable_name_false_positive	name/type looks like modern or non-castro heritage item	excluded_review	excluded	ES|Lugo|Monforte de Lemos	ES	Galicia	Lugo	Monforte de Lemos	Monforte de Lemos	Monforte de Lemos	Edificio na rúa Cardeal Rodrigo de Castro, 36	Xunta PBA Catálogo. Elementos (xuño 2026)	official_catalogue_seed	35548	-		-		-7.514926660794359	42.52053653633517	catalogue_point_wgs84	medium_official_name_or_type	generic_castro_hint	unknown_terrain_pending_visual_review			P2	positive_seed_requires_qgis_boundary_review	110.0	-7.51804683,42.51823686,-7.51180649,42.52283621				exclude_until_independent_label_review	0.00	2026-08-01T00:00:00Z
wl-pos-pos-es-pba-35549	pos-es-pba-35549	1	positive	exclude_probable_name_false_positive	name/type looks like modern or non-castro heritage item	excluded_review	excluded	ES|Lugo|Monforte de Lemos	ES	Galicia	Lugo	Monforte de Lemos	Monforte de Lemos	Monforte de Lemos	Edificio na rúa Cardeal Rodrigo de Castro, 38	Xunta PBA Catálogo. Elementos (xuño 2026)	official_catalogue_seed	35549	-		-		-7.515125437549709	42.52036800655486	catalogue_point_wgs84	medium_official_name_or_type	generic_castro_hint	unknown_terrain_pending_visual_review			P2	positive_seed_requires_qgis_boundary_review	110.0	-7.51824560,42.51806833,-7.51200527,42.52266768				exclude_until_independent_label_review	0.00	2026-08-01T00:00:00Z
wl-pos-pos-es-pba-35550	pos-es-pba-35550	1	positive	exclude_probable_name_false_positive	name/type looks like modern or non-castro heritage item	excluded_review	excluded	ES|Lugo|Monforte de Lemos	ES	Galicia	Lugo	Monforte de Lemos	Monforte de Lemos	Monforte de Lemos	Edificio na rúa Cardeal Rodrigo de Castro, 41	Xunta PBA Catálogo. Elementos (xuño 2026)	official_catalogue_seed	35550	-		-		-7.514662965447841	42.520362012146016	catalogue_point_wgs84	medium_official_name_or_type	generic_castro_hint	unknown_terrain_pending_visual_review			P2	positive_seed_requires_qgis_boundary_review	110.0	-7.51778313,42.51806234,-7.51154280,42.52266169				exclude_until_independent_label_review	0.00	2026-08-01T00:00:00Z
wl-pos-pos-es-pba-35551	pos-es-pba-35551	1	positive	exclude_probable_name_false_positive	name/type looks like modern or non-castro heritage item	excluded_review	excluded	ES|Lugo|Monforte de Lemos	ES	Galicia	Lugo	Monforte de Lemos	Monforte de Lemos	Monforte de Lemos	Edificio na rúa Cardeal Rodrigo de Castro, 42	Xunta PBA Catálogo. Elementos (xuño 2026)	official_catalogue_seed	35551	-		-		-7.515200804722606	42.52026992187338	catalogue_point_wgs84	medium_official_name_or_type	generic_castro_hint	unknown_terrain_pending_visual_review			P2	positive_seed_requires_qgis_boundary_review	110.0	-7.51832096,42.51797025,-7.51208065,42.52256960				exclude_until_independent_label_review	0.00	2026-08-01T00:00:00Z
wl-pos-pos-es-pba-35575	pos-es-pba-35575	1	positive	exclude_probable_name_false_positive	name/type looks like modern or non-castro heritage item	excluded_review	excluded	ES|Lugo|Monforte de Lemos	ES	Galicia	Lugo	Monforte de Lemos	Monforte de Lemos	Monforte de Lemos	Edificio na rúa Cardeal Rodrigo de Castro, 43	Xunta PBA Catálogo. Elementos (xuño 2026)	official_catalogue_seed	35575	-		-		-7.514750077089049	42.520282091175176	catalogue_point_wgs84	medium_official_name_or_type	generic_castro_hint	unknown_terrain_pending_visual_review			P2	positive_seed_requires_qgis_boundary_review	110.0	-7.51787024,42.51798241,-7.51162992,42.52258177				exclude_until_independent_label_review	0.00	2026-08-01T00:00:00Z
wl-pos-pos-es-pba-35576	pos-es-pba-35576	1	positive	exclude_probable_name_false_positive	name/type looks like modern or non-castro heritage item	excluded_review	excluded	ES|Lugo|Monforte de Lemos	ES	Galicia	Lugo	Monforte de Lemos	Monforte de Lemos	Monforte de Lemos	Edificio na rúa Cardeal Rodrigo de Castro, 53	Xunta PBA Catálogo. Elementos (xuño 2026)	official_catalogue_seed	35576	-		-		-7.515037670216556	42.51996161794463	catalogue_point_wgs84	medium_official_name_or_type	generic_castro_hint	unknown_terrain_pending_visual_review			P2	positive_seed_requires_qgis_boundary_review	110.0	-7.51815781,42.51766194,-7.51191753,42.52226129				exclude_until_independent_label_review	0.00	2026-08-01T00:00:00Z
wl-pos-pos-es-pba-35577	pos-es-pba-35577	1	positive	exclude_probable_name_false_positive	name/type looks like modern or non-castro heritage item	excluded_review	excluded	ES|Lugo|Monforte de Lemos	ES	Galicia	Lugo	Monforte de Lemos	Monforte de Lemos	Monforte de Lemos	Edificio na rúa Cardeal Rodrigo de Castro, 55	Xunta PBA Catálogo. Elementos (xuño 2026)	official_catalogue_seed	35577	-		-		-7.515124354393209	42.51989970230395	catalogue_point_wgs84	medium_official_name_or_type	generic_castro_hint	unknown_terrain_pending_visual_review			P2	positive_seed_requires_qgis_boundary_review	110.0	-7.51824449,42.51760003,-7.51200421,42.52219938				exclude_until_independent_label_review	0.00	2026-08-01T00:00:00Z
wl-pos-pos-es-pba-35578	pos-es-pba-35578	1	positive	exclude_probable_name_false_positive	name/type looks like modern or non-castro heritage item	excluded_review	excluded	ES|Lugo|Monforte de Lemos	ES	Galicia	Lugo	Monforte de Lemos	Monforte de Lemos	Monforte de Lemos	Edificio na rúa Cardeal Rodrigo de Castro, 7	Xunta PBA Catálogo. Elementos (xuño 2026)	official_catalogue_seed	35578	-		-		-7.513585583360298	42.52164484364285	catalogue_point_wgs84	medium_official_name_or_type	generic_castro_hint	unknown_terrain_pending_visual_review			P2	positive_seed_requires_qgis_boundary_review	110.0	-7.51670581,42.51934517,-7.51046536,42.52394452				exclude_until_independent_label_review	0.00	2026-08-01T00:00:00Z
wl-pos-pos-es-pba-35579	pos-es-pba-35579	1	positive	exclude_probable_name_false_positive	name/type looks like modern or non-castro heritage item	excluded_review	excluded	ES|Lugo|Monforte de Lemos	ES	Galicia	Lugo	Monforte de Lemos	Monforte de Lemos	Monforte de Lemos	Edificio na rúa Cardeal Rodrigo de Castro, 8	Xunta PBA Catálogo. Elementos (xuño 2026)	official_catalogue_seed	35579	-		-		-7.51362999679817	42.52182553137877	catalogue_point_wgs84	medium_official_name_or_type	generic_castro_hint	unknown_terrain_pending_visual_review			P2	positive_seed_requires_qgis_boundary_review	110.0	-7.51675023,42.51952585,-7.51050976,42.52412521				exclude_until_independent_label_review	0.00	2026-08-01T00:00:00Z
wl-pos-pos-es-pba-35580	pos-es-pba-35580	1	positive	exclude_probable_name_false_positive	name/type looks like modern or non-castro heritage item	excluded_review	excluded	ES|Lugo|Monforte de Lemos	ES	Galicia	Lugo	Monforte de Lemos	Monforte de Lemos	Monforte de Lemos	Edificio na rúa Cardeal Rodrigo de Castro, 9	Xunta PBA Catálogo. Elementos (xuño 2026)	official_catalogue_seed	35580	-		-		-7.5136607410709555	42.52155576286629	catalogue_point_wgs84	medium_official_name_or_type	generic_castro_hint	unknown_terrain_pending_visual_review			P2	positive_seed_requires_qgis_boundary_review	110.0	-7.51678096,42.51925609,-7.51054052,42.52385544				exclude_until_independent_label_review	0.00	2026-08-01T00:00:00Z
wl-pos-pos-es-pba-34927	pos-es-pba-34927	1	positive	exclude_ambiguous_positive_seed	positive seed too ambiguous for weak-label training	excluded_review	excluded	ES|Lugo|Monterroso	ES	Galicia	Lugo	Monterroso	Pedraza (Santa María)	San Lourenzo	O Monelo/Su Castrelo	Xunta PBA Catálogo. Elementos (xuño 2026)	official_catalogue_seed	34927	GA27032057		-		-7.873240300775163	42.81016439347148	catalogue_point_wgs84	medium_official_name_or_type	castrel_toponym_hint	unknown_terrain_pending_visual_review			P1	positive_seed_requires_qgis_boundary_review	100.0	-7.87637504,42.80786472,-7.87010556,42.81246407				exclude_until_independent_label_review	0.00	2026-08-01T00:00:00Z
wl-pos-pos-es-pba-35111	pos-es-pba-35111	1	positive	exclude_probable_name_false_positive	name/type looks like modern or non-castro heritage item	excluded_review	excluded	ES|Lugo|Monterroso	ES	Galicia	Lugo	Monterroso	Sucastro (Santa Mariña)	Sucastro	Igrexa de Sucastro (Parroquial de Santa Mariña)	Xunta PBA Catálogo. Elementos (xuño 2026)	official_catalogue_seed	35111	-	Igrexa	-		-7.812649121674547	42.76344648304745	catalogue_point_wgs84	medium_official_name_or_type	coastal_promontory_hint	coastal_or_promontory_proxy			P0	positive_seed_requires_qgis_boundary_review	150.0	-7.81578150,42.76114681,-7.80951674,42.76574616				exclude_until_independent_label_review	0.00	2026-08-01T00:00:00Z
wl-pos-pos-es-pba-34666	pos-es-pba-34666	1	positive	exclude_ambiguous_positive_seed	positive seed too ambiguous for weak-label training	excluded_review	excluded	ES|Lugo|Muras	ES	Galicia	Lugo	Muras	O Viveiró (Santa María)	Abidueira, A	O Castrillón	Xunta PBA Catálogo. Elementos (xuño 2026)	official_catalogue_seed	34666	GA27033014		-		-7.613946253317137	43.50194870456512	catalogue_point_wgs84	medium_official_name_or_type	castrel_toponym_hint	unknown_terrain_pending_visual_review			P1	positive_seed_requires_qgis_boundary_review	100.0	-7.61711669,43.49964903,-7.61077582,43.50424838				exclude_until_independent_label_review	0.00	2026-08-01T00:00:00Z
wl-pos-pos-es-pba-35108	pos-es-pba-35108	1	positive	exclude_probable_name_false_positive	name/type looks like modern or non-castro heritage item	excluded_review	excluded	ES|Lugo|Navia de Suarna	ES	Galicia	Lugo	Navia de Suarna	Proba de Navia, A (Santa María Madanela)	Proba, A	Casa na Rúa Rosalía de Castro, Nº 5 na Proba	Xunta PBA Catálogo. Elementos (xuño 2026)	official_catalogue_seed	35108	-		-		-7.004980199300917	42.964026248418826	catalogue_point_wgs84	medium_official_name_or_type	generic_castro_hint	unknown_terrain_pending_visual_review			P2	positive_seed_requires_qgis_boundary_review	110.0	-7.00812277,42.96172657,-7.00183763,42.96632593				exclude_until_independent_label_review	0.00	2026-08-01T00:00:00Z
wl-pos-pos-es-pba-35109	pos-es-pba-35109	1	positive	exclude_probable_name_false_positive	name/type looks like modern or non-castro heritage item	excluded_review	excluded	ES|Lugo|Navia de Suarna	ES	Galicia	Lugo	Navia de Suarna	Proba de Navia, A (Santa María Madanela)	Proba, A	Casa na Rúa Rosalía de Castro, Nº10 na Proba	Xunta PBA Catálogo. Elementos (xuño 2026)	official_catalogue_seed	35109	-		-		-7.005000379232828	42.964539871047116	catalogue_point_wgs84	medium_official_name_or_type	generic_castro_hint	unknown_terrain_pending_visual_review			P2	positive_seed_requires_qgis_boundary_review	110.0	-7.00814298,42.96224019,-7.00185778,42.96683955				exclude_until_independent_label_review	0.00	2026-08-01T00:00:00Z
wl-pos-pos-es-pba-35110	pos-es-pba-35110	1	positive	exclude_probable_name_false_positive	name/type looks like modern or non-castro heritage item	excluded_review	excluded	ES|Lugo|Navia de Suarna	ES	Galicia	Lugo	Navia de Suarna	Proba de Navia, A (Santa María Madanela)	Proba, A	Casa na Rúa Rosalía de Castro, Nº12 na Proba	Xunta PBA Catálogo. Elementos (xuño 2026)	official_catalogue_seed	35110	-		-		-7.004983470253404	42.96468365223051	catalogue_point_wgs84	medium_official_name_or_type	generic_castro_hint	unknown_terrain_pending_visual_review			P2	positive_seed_requires_qgis_boundary_review	110.0	-7.00812608,42.96238398,-7.00184087,42.96698333				exclude_until_independent_label_review	0.00	2026-08-01T00:00:00Z
wl-pos-pos-es-pba-28931	pos-es-pba-28931	1	positive	exclude_ambiguous_positive_seed	positive seed too ambiguous for weak-label training	excluded_review	excluded	ES|Lugo|O Corgo	ES	Galicia	Lugo	O Corgo	Castrillón (San Salvador)	Castrillón	O Castrillón	Xunta PBA Catálogo. Elementos (xuño 2026)	official_catalogue_seed	28931	GA27014002		-		-7.387070468685348	42.9365091112475	catalogue_point_wgs84	medium_official_name_or_type	castrel_toponym_hint	unknown_terrain_pending_visual_review			P1	positive_seed_requires_qgis_boundary_review	100.0	-7.39021164,42.93420943,-7.38392930,42.93880879				exclude_until_independent_label_review	0.00	2026-08-01T00:00:00Z
wl-pos-pos-es-pba-29741	pos-es-pba-29741	1	positive	exclude_probable_name_false_positive	name/type looks like modern or non-castro heritage item	excluded_review	excluded	ES|Lugo|O Corgo	ES	Galicia	Lugo	O Corgo	Castrillón (San Salvador)	Castrillón	Igrexa de Castrillón (Parroquial de San Salvador)	Xunta PBA Catálogo. Elementos (xuño 2026)	official_catalogue_seed	29741	-	Igrexa	-		-7.387127586435918	42.936570472556895	catalogue_point_wgs84	medium_official_name_or_type	castrel_toponym_hint	unknown_terrain_pending_visual_review			P1	positive_seed_requires_qgis_boundary_review	100.0	-7.39026876,42.93427080,-7.38398642,42.93887015				exclude_until_independent_label_review	0.00	2026-08-01T00:00:00Z
wl-pos-pos-es-pba-32115	pos-es-pba-32115	1	positive	exclude_probable_name_false_positive	name/type looks like modern or non-castro heritage item	excluded_review	excluded	ES|Lugo|O Incio	ES	Galicia	Lugo	O Incio	Trascastro (Santa Eulalia)	Trascastro	Igrexa de Trascastro (Parroquial de Santa Eulalia)	Xunta PBA Catálogo. Elementos (xuño 2026)	official_catalogue_seed	32115	-	Igrexa	-		-7.332128485490996	42.64641162985696	catalogue_point_wgs84	medium_official_name_or_type	generic_castro_hint	unknown_terrain_pending_visual_review			P2	positive_seed_requires_qgis_boundary_review	110.0	-7.33525496,42.64411195,-7.32900201,42.64871131				exclude_until_independent_label_review	0.00	2026-08-01T00:00:00Z
wl-pos-pos-es-pba-32220	pos-es-pba-32220	1	positive	exclude_probable_name_false_positive	name/type looks like modern or non-castro heritage item	excluded_review	excluded	ES|Lugo|O Incio	ES	Galicia	Lugo	O Incio	A Cervela (San Cristovo)	Castragude	Casa forte de Castroagude	Xunta PBA Catálogo. Elementos (xuño 2026)	official_catalogue_seed	32220	-		-		-7.481758502876295	42.71347536459692	catalogue_point_wgs84	medium_official_name_or_type	generic_castro_hint	unknown_terrain_pending_visual_review			P2	positive_seed_requires_qgis_boundary_review	110.0	-7.48488836,42.71117569,-7.47862865,42.71577504				exclude_until_independent_label_review	0.00	2026-08-01T00:00:00Z
wl-pos-pos-es-pba-32388	pos-es-pba-32388	1	positive	exclude_probable_name_false_positive	name/type looks like modern or non-castro heritage item	excluded_review	excluded	ES|Lugo|O Incio	ES	Galicia	Lugo	O Incio	Trascastro (Santa Eulalia)	Trascastro	Petróglifo da Pedra Escrita de Trascastro	Xunta PBA Catálogo. Elementos (xuño 2026)	official_catalogue_seed	32388	GA27024011	Petróglifo	ARU		-7.330862906630741	42.63834242354365	catalogue_point_wgs84	medium_official_name_or_type	generic_castro_hint	unknown_terrain_pending_visual_review			P2	positive_seed_requires_qgis_boundary_review	110.0	-7.33398898,42.63604275,-7.32773683,42.64064210				exclude_until_independent_label_review	0.00	2026-08-01T00:00:00Z
wl-pos-pos-es-pba-32413	pos-es-pba-32413	1	positive	exclude_probable_name_false_positive	name/type looks like modern or non-castro heritage item	excluded_review	excluded	ES|Lugo|O Incio	ES	Galicia	Lugo	O Incio	Sirgueiros (San Xoán)	Cortellas, As	Cova do Castro/Cova Sapeira	Xunta PBA Catálogo. Elementos (xuño 2026)	official_catalogue_seed	32413	O Incio_31603	Arte rupestre?	ARU		-7.389889965449859	42.6610163990064	catalogue_point_wgs84	medium_official_name_or_type	generic_castro_hint	unknown_terrain_pending_visual_review			P2	positive_seed_requires_qgis_boundary_review	110.0	-7.39301718,42.65871672,-7.38676275,42.66331608				exclude_until_independent_label_review	0.00	2026-08-01T00:00:00Z
wl-pos-pos-es-pba-36761	pos-es-pba-36761	1	positive	exclude_probable_name_false_positive	name/type looks like modern or non-castro heritage item	excluded_review	excluded	ES|Lugo|O Páramo	ES	Galicia	Lugo	O Páramo	A Torre (San Martiño)	Castro	Cruceiro de Castro	Xunta PBA Catálogo. Elementos (xuño 2026)	official_catalogue_seed	36761	-		CRU		-7.510546190869415	42.83109221987076	catalogue_point_wgs84	medium_official_name_or_type	generic_castro_hint	unknown_terrain_pending_visual_review			P2	positive_seed_requires_qgis_boundary_review	110.0	-7.51368199,42.82879254,-7.50741039,42.83339190				exclude_until_independent_label_review	0.00	2026-08-01T00:00:00Z
wl-pos-pos-es-pba-35967	pos-es-pba-35967	1	positive	exclude_probable_name_false_positive	name/type looks like modern or non-castro heritage item	excluded_review	excluded	ES|Lugo|Outeiro de Rei	ES	Galicia	Lugo	Outeiro de Rei	Cela (Santa María)	Quintián	A Madorra dos Castros	Xunta PBA Catálogo. Elementos (xuño 2026)	official_catalogue_seed	35967	GA27039064	Túmulo	-		-7.592520977710528	43.15181602181931	catalogue_point_wgs84	medium_official_name_or_type	generic_castro_hint	unknown_terrain_pending_visual_review			P2	positive_seed_requires_qgis_boundary_review	110.0	-7.59567319,43.14951635,-7.58936877,43.15411570				exclude_until_independent_label_review	0.00	2026-08-01T00:00:00Z
wl-pos-pos-es-pba-35997	pos-es-pba-35997	1	positive	exclude_probable_name_false_positive	name/type looks like modern or non-castro heritage item	excluded_review	excluded	ES|Lugo|Outeiro de Rei	ES	Galicia	Lugo	Outeiro de Rei	Guillar (San Martiño)	San Martiño	A Medorra/O Castro	Xunta PBA Catálogo. Elementos (xuño 2026)	official_catalogue_seed	35997	GA27039062	Túmulo	-		-7.619179782972253	43.074569850528974	catalogue_point_wgs84	medium_official_name_or_type	generic_castro_hint	unknown_terrain_pending_visual_review			P2	positive_seed_requires_qgis_boundary_review	110.0	-7.62232802,43.07227017,-7.61603155,43.07686953				exclude_until_independent_label_review	0.00	2026-08-01T00:00:00Z
wl-pos-pos-es-pba-36111	pos-es-pba-36111	1	positive	exclude_probable_name_false_positive	name/type looks like modern or non-castro heritage item	excluded_review	excluded	ES|Lugo|Outeiro de Rei	ES	Galicia	Lugo	Outeiro de Rei	San Fiz de Paz (San Pedro Fiz)	Castro, O	Castro do Castedo/A Medorra/Monte do Castro	Xunta PBA Catálogo. Elementos (xuño 2026)	official_catalogue_seed	36111	GA27039058	Túmulo	-		-7.504675789690829	43.090427631248424	catalogue_point_wgs84	medium_official_name_or_type	hilltop_hint	hilltop_or_ridge_proxy			P1	positive_seed_requires_qgis_boundary_review	120.0	-7.50782484,43.08812795,-7.50152674,43.09272731				exclude_until_independent_label_review	0.00	2026-08-01T00:00:00Z
wl-pos-pos-es-pba-37445	pos-es-pba-37445	1	positive	exclude_probable_name_false_positive	name/type looks like modern or non-castro heritage item	excluded_review	excluded	ES|Lugo|Palas de Rei	ES	Galicia	Lugo	Palas de Rei	Cuíña (Santa María)	Labagueira	Mámoa de Monte do Castro 1	Xunta PBA Catálogo. Elementos (xuño 2026)	official_catalogue_seed	37445	GA27040050	Túmulo	-		-7.936425723772471	42.91049290552335	catalogue_point_wgs84	medium_official_name_or_type	hilltop_hint	hilltop_or_ridge_proxy			P1	positive_seed_requires_qgis_boundary_review	120.0	-7.93956556,42.90819323,-7.93328588,42.91279258				exclude_until_independent_label_review	0.00	2026-08-01T00:00:00Z
wl-pos-pos-es-pba-37477	pos-es-pba-37477	1	positive	exclude_probable_name_false_positive	name/type looks like modern or non-castro heritage item	excluded_review	excluded	ES|Lugo|Palas de Rei	ES	Galicia	Lugo	Palas de Rei	Orosa (Santo André)	O Castro	Mámoa do Castro 2	Xunta PBA Catálogo. Elementos (xuño 2026)	official_catalogue_seed	37477	GA27040002	Túmulo	-		-7.930562639730807	42.905072530925224	catalogue_point_wgs84	medium_official_name_or_type	generic_castro_hint	unknown_terrain_pending_visual_review			P2	positive_seed_requires_qgis_boundary_review	110.0	-7.93370220,42.90277285,-7.92742308,42.90737221				exclude_until_independent_label_review	0.00	2026-08-01T00:00:00Z
wl-pos-pos-es-pba-37626	pos-es-pba-37626	1	positive	exclude_probable_name_false_positive	name/type looks like modern or non-castro heritage item	excluded_review	excluded	ES|Lugo|Palas de Rei	ES	Galicia	Lugo	Palas de Rei	Cuíña (Santa María)	Labagueira	Mámoa do Monte do Castro 2	Xunta PBA Catálogo. Elementos (xuño 2026)	official_catalogue_seed	37626	GA27040051	Túmulo	-		-7.937958636972351	42.912363729764444	catalogue_point_wgs84	medium_official_name_or_type	hilltop_hint	hilltop_or_ridge_proxy			P1	positive_seed_requires_qgis_boundary_review	120.0	-7.94109857,42.91006405,-7.93481870,42.91466341				exclude_until_independent_label_review	0.00	2026-08-01T00:00:00Z
wl-pos-pos-es-pba-37710	pos-es-pba-37710	1	positive	exclude_ambiguous_positive_seed	positive seed too ambiguous for weak-label training	excluded_review	excluded	ES|Lugo|Palas de Rei	ES	Galicia	Lugo	Palas de Rei	Laia (San Xoán)	Seoane	O Castrillón	Xunta PBA Catálogo. Elementos (xuño 2026)	official_catalogue_seed	37710	GA27040029		-		-7.862005298021895	42.903906523039105	catalogue_point_wgs84	medium_official_name_or_type	castrel_toponym_hint	unknown_terrain_pending_visual_review			P1	positive_seed_requires_qgis_boundary_review	100.0	-7.86514480,42.90160685,-7.85886579,42.90620620				exclude_until_independent_label_review	0.00	2026-08-01T00:00:00Z
wl-pos-pos-es-pba-37347	pos-es-pba-37347	1	positive	exclude_ambiguous_positive_seed	positive seed too ambiguous for weak-label training	excluded_review	excluded	ES|Lugo|Pantón	ES	Galicia	Lugo	Pantón	Moreda (San Romao)	Vilanova	Castrelo	Xunta PBA Catálogo. Elementos (xuño 2026)	official_catalogue_seed	37347	GA27041002		-		-7.600455658567255	42.532365612175894	catalogue_point_wgs84	medium_official_name_or_type	castrel_toponym_hint	unknown_terrain_pending_visual_review			P1	positive_seed_requires_qgis_boundary_review	100.0	-7.60357642,42.53006594,-7.59733490,42.53466529				exclude_until_independent_label_review	0.00	2026-08-01T00:00:00Z
wl-pos-pos-es-pba-37567	pos-es-pba-37567	1	positive	exclude_probable_name_false_positive	name/type looks like modern or non-castro heritage item	excluded_review	excluded	ES|Lugo|Pantón	ES	Galicia	Lugo	Pantón	Moreda (San Romao)	Cabo de Vila	Mámoa de Castrelo	Xunta PBA Catálogo. Elementos (xuño 2026)	official_catalogue_seed	37567	GA27041003	Túmulo	-		-7.598560745087762	42.53090487285363	catalogue_point_wgs84	medium_official_name_or_type	castrel_toponym_hint	unknown_terrain_pending_visual_review			P1	positive_seed_requires_qgis_boundary_review	100.0	-7.60168144,42.52860520,-7.59544005,42.53320455				exclude_until_independent_label_review	0.00	2026-08-01T00:00:00Z
wl-pos-pos-es-pba-37676	pos-es-pba-37676	1	positive	exclude_probable_name_false_positive	name/type looks like modern or non-castro heritage item	excluded_review	excluded	ES|Lugo|Pantón	ES	Galicia	Lugo	Pantón	Eiré (San Xulián)	Guítara	Medorra do Castro (Mámoa de Guítara, 17)	Xunta PBA Catálogo. Elementos (xuño 2026)	official_catalogue_seed	37676	GA27041037	Túmulo	-		-7.680478011399485	42.49361216373927	catalogue_point_wgs84	medium_official_name_or_type	generic_castro_hint	unknown_terrain_pending_visual_review			P2	positive_seed_requires_qgis_boundary_review	110.0	-7.68359684,42.49131249,-7.67735918,42.49591184				exclude_until_independent_label_review	0.00	2026-08-01T00:00:00Z
wl-pos-pos-es-pba-37722	pos-es-pba-37722	1	positive	exclude_probable_name_false_positive	name/type looks like modern or non-castro heritage item	excluded_review	excluded	ES|Lugo|Pantón	ES	Galicia	Lugo	Pantón	Espasantes (Santo Estevo)	Cal, A	Petróglifo de Torre do Castro 1	Xunta PBA Catálogo. Elementos (xuño 2026)	official_catalogue_seed	37722	GA27041073	Petróglifo	ARU		-7.625549732093155	42.48060977662218	catalogue_point_wgs84	medium_official_name_or_type	generic_castro_hint	unknown_terrain_pending_visual_review			P2	positive_seed_requires_qgis_boundary_review	110.0	-7.62866791,42.47831010,-7.62243155,42.48290945				exclude_until_independent_label_review	0.00	2026-08-01T00:00:00Z
wl-pos-pos-es-pba-37723	pos-es-pba-37723	1	positive	exclude_probable_name_false_positive	name/type looks like modern or non-castro heritage item	excluded_review	excluded	ES|Lugo|Pantón	ES	Galicia	Lugo	Pantón	Espasantes (Santo Estevo)	Cal, A	Petróglifo de Torre do Castro 2	Xunta PBA Catálogo. Elementos (xuño 2026)	official_catalogue_seed	37723	GA27041074	Petróglifo	ARU		-7.6255134653398216	42.48103743462087	catalogue_point_wgs84	medium_official_name_or_type	generic_castro_hint	unknown_terrain_pending_visual_review			P2	positive_seed_requires_qgis_boundary_review	110.0	-7.62863167,42.47873776,-7.62239526,42.48333711				exclude_until_independent_label_review	0.00	2026-08-01T00:00:00Z
wl-pos-pos-es-pba-37312	pos-es-pba-37312	1	positive	exclude_ambiguous_positive_seed	positive seed too ambiguous for weak-label training	excluded_review	excluded	ES|Lugo|Paradela	ES	Galicia	Lugo	Paradela	A Laxe (Santiago)	Castrelo	Capela de Castrelo	Xunta PBA Catálogo. Elementos (xuño 2026)	official_catalogue_seed	37312	-		-		-7.554310962745784	42.79589376406325	catalogue_point_wgs84	medium_official_name_or_type	castrel_toponym_hint	unknown_terrain_pending_visual_review			P1	positive_seed_requires_qgis_boundary_review	100.0	-7.55744498,42.79359409,-7.55117694,42.79819344				exclude_until_independent_label_review	0.00	2026-08-01T00:00:00Z
wl-pos-pos-es-pba-37326	pos-es-pba-37326	1	positive	exclude_ambiguous_positive_seed	positive seed too ambiguous for weak-label training	excluded_review	excluded	ES|Lugo|Paradela	ES	Galicia	Lugo	Paradela	Castro (San Mamede)	Castro	Ponte sobre o muiño de Sucastro	Xunta PBA Catálogo. Elementos (xuño 2026)	official_catalogue_seed	37326	-		-		-7.593940199712725	42.78246524945604	catalogue_point_wgs84	medium_official_name_or_type	generic_castro_hint	unknown_terrain_pending_visual_review			P2	positive_seed_requires_qgis_boundary_review	110.0	-7.59707354,42.78016557,-7.59080686,42.78476493				exclude_until_independent_label_review	0.00	2026-08-01T00:00:00Z
wl-pos-pos-es-pba-37541	pos-es-pba-37541	1	positive	exclude_ambiguous_positive_seed	positive seed too ambiguous for weak-label training	excluded_review	excluded	ES|Lugo|Paradela	ES	Galicia	Lugo	Paradela	Castro (San Mamede)	Castro	Muíño de Sucastro	Xunta PBA Catálogo. Elementos (xuño 2026)	official_catalogue_seed	37541	-		-		-7.593942441061398	42.78236621956514	catalogue_point_wgs84	medium_official_name_or_type	generic_castro_hint	unknown_terrain_pending_visual_review			P2	positive_seed_requires_qgis_boundary_review	110.0	-7.59707578,42.78006654,-7.59080911,42.78466590				exclude_until_independent_label_review	0.00	2026-08-01T00:00:00Z
wl-pos-pos-es-pba-37610	pos-es-pba-37610	1	positive	exclude_probable_name_false_positive	name/type looks like modern or non-castro heritage item	excluded_review	excluded	ES|Lugo|Paradela	ES	Galicia	Lugo	Paradela	Castro (San Mamede)	A Eirexe	Fonte en Castro	Xunta PBA Catálogo. Elementos (xuño 2026)	official_catalogue_seed	37610	-		-		-7.592168866229149	42.77539239260747	catalogue_point_wgs84	medium_official_name_or_type	generic_castro_hint	unknown_terrain_pending_visual_review			P2	positive_seed_requires_qgis_boundary_review	110.0	-7.59530185,42.77309272,-7.58903588,42.77769207				exclude_until_independent_label_review	0.00	2026-08-01T00:00:00Z
wl-pos-pos-es-pba-37734	pos-es-pba-37734	1	positive	exclude_probable_name_false_positive	name/type looks like modern or non-castro heritage item	excluded_review	excluded	ES|Lugo|Paradela	ES	Galicia	Lugo	Paradela	Castro (San Mamede)	Eirexe, A	Igrexa de Castro (Parroquial de San Mamede)	Xunta PBA Catálogo. Elementos (xuño 2026)	official_catalogue_seed	37734	-	Igrexa	-		-7.5922547504532325	42.77753669281104	catalogue_point_wgs84	medium_official_name_or_type	generic_castro_hint	unknown_terrain_pending_visual_review			P2	positive_seed_requires_qgis_boundary_review	110.0	-7.59538784,42.77523702,-7.58912166,42.77983637				exclude_until_independent_label_review	0.00	2026-08-01T00:00:00Z
wl-pos-pos-es-pba-37735	pos-es-pba-37735	1	positive	exclude_probable_name_false_positive	name/type looks like modern or non-castro heritage item	excluded_review	excluded	ES|Lugo|Paradela	ES	Galicia	Lugo	Paradela	Castro de Rei de Lemos (Santa María)	Enxamea, A	Igrexa de Castro de Rei (Parroquial de Santa María)	Xunta PBA Catálogo. Elementos (xuño 2026)	official_catalogue_seed	37735	-	Igrexa	-		-7.5734880266998506	42.712637584281985	catalogue_point_wgs84	medium_official_name_or_type	coastal_promontory_hint	coastal_or_promontory_proxy			P0	positive_seed_requires_qgis_boundary_review	150.0	-7.57661784,42.71033791,-7.57035821,42.71493726				exclude_until_independent_label_review	0.00	2026-08-01T00:00:00Z
wl-pos-pos-es-pba-37771	pos-es-pba-37771	1	positive	exclude_probable_name_false_positive	name/type looks like modern or non-castro heritage item	excluded_review	excluded	ES|Lugo|Paradela	ES	Galicia	Lugo	Paradela	San Martiño de Castro (San Martiño)	San Martiño	Igrexa de San Martiño de Castro (Parroquial de San Martiño)	Xunta PBA Catálogo. Elementos (xuño 2026)	official_catalogue_seed	37771	-	Igrexa	-		-7.621896402601881	42.78205771292172	catalogue_point_wgs84	medium_official_name_or_type	coastal_promontory_hint	coastal_or_promontory_proxy			P0	positive_seed_requires_qgis_boundary_review	150.0	-7.62502972,42.77975804,-7.61876308,42.78435739				exclude_until_independent_label_review	0.00	2026-08-01T00:00:00Z
wl-pos-pos-es-pba-37143	pos-es-pba-37143	1	positive	exclude_probable_name_false_positive	name/type looks like modern or non-castro heritage item	excluded_review	excluded	ES|Lugo|Pastoriza	ES	Galicia	Lugo	Pastoriza	Reigosa (Santiago)	As Croas	Casa con Forno nas Croas	Xunta PBA Catálogo. Elementos (xuño 2026)	official_catalogue_seed	37143	-		-		-7.376627037928315	43.274961905605174	catalogue_point_wgs84	medium_official_name_or_type	croa_top_ring_hint	hilltop_or_ridge_proxy			P1	positive_seed_requires_qgis_boundary_review	110.0	-7.37978562,43.27266223,-7.37346846,43.27726158				exclude_until_independent_label_review	0.00	2026-08-01T00:00:00Z
wl-pos-pos-es-pba-37171	pos-es-pba-37171	1	positive	exclude_probable_name_false_positive	name/type looks like modern or non-castro heritage item	excluded_review	excluded	ES|Lugo|Pastoriza	ES	Galicia	Lugo	Pastoriza	Crecente (O Salvador)	Castro, O	Casa con Forno no Castro	Xunta PBA Catálogo. Elementos (xuño 2026)	official_catalogue_seed	37171	-		-		-7.3296848572124915	43.26512840725616	catalogue_point_wgs84	medium_official_name_or_type	generic_castro_hint	unknown_terrain_pending_visual_review			P2	positive_seed_requires_qgis_boundary_review	110.0	-7.33284293,43.26282873,-7.32652679,43.26742808				exclude_until_independent_label_review	0.00	2026-08-01T00:00:00Z
wl-pos-pos-es-pba-38564	pos-es-pba-38564	1	positive	exclude_probable_name_false_positive	name/type looks like modern or non-castro heritage item	excluded_review	excluded	ES|Lugo|Pol	ES	Galicia	Lugo	Pol	Arcos de Frades (Santiago)	Arcos de Frades	Mámoa da Finca do Castro	Xunta PBA Catálogo. Elementos (xuño 2026)	official_catalogue_seed	38564	GA27046025	Túmulo	-		-7.390577274465685	43.132434435888904	catalogue_point_wgs84	medium_official_name_or_type	generic_castro_hint	unknown_terrain_pending_visual_review			P2	positive_seed_requires_qgis_boundary_review	110.0	-7.39372849,43.13013476,-7.38742606,43.13473411				exclude_until_independent_label_review	0.00	2026-08-01T00:00:00Z
wl-pos-pos-es-pba-38501	pos-es-pba-38501	1	positive	exclude_probable_name_false_positive	name/type looks like modern or non-castro heritage item	excluded_review	excluded	ES|Lugo|Portomarín	ES	Galicia	Lugo	Portomarín	O Castro de Soengas (San Martiño)	Castro, O	Cruceiro do Castro	Xunta PBA Catálogo. Elementos (xuño 2026)	official_catalogue_seed	38501	-		CRU		-7.731172619915969	42.79909799657708	catalogue_point_wgs84	medium_official_name_or_type	generic_castro_hint	unknown_terrain_pending_visual_review			P2	positive_seed_requires_qgis_boundary_review	110.0	-7.73430680,42.79679832,-7.72803844,42.80139767				exclude_until_independent_label_review	0.00	2026-08-01T00:00:00Z
wl-pos-pos-es-pba-38508	pos-es-pba-38508	1	positive	exclude_probable_name_false_positive	name/type looks like modern or non-castro heritage item	excluded_review	excluded	ES|Lugo|Portomarín	ES	Galicia	Lugo	Portomarín	Castromaior (Santa María)	Castromaior	Igrexa de Castromaior (Parroquial de Santa María)	Xunta PBA Catálogo. Elementos (xuño 2026)	official_catalogue_seed	38508	-	Igrexa	-		-7.708499662936945	42.83147034736678	catalogue_point_wgs84	medium_official_name_or_type	coastal_promontory_hint	coastal_or_promontory_proxy			P0	positive_seed_requires_qgis_boundary_review	150.0	-7.71163549,42.82917067,-7.70536384,42.83377002				exclude_until_independent_label_review	0.00	2026-08-01T00:00:00Z
wl-pos-pos-es-pba-38581	pos-es-pba-38581	1	positive	exclude_probable_name_false_positive	name/type looks like modern or non-castro heritage item	excluded_review	excluded	ES|Lugo|Portomarín	ES	Galicia	Lugo	Portomarín	O Castro de Soengas (San Martiño)	Castro, O	Igrexa do Castro de Soengas (Parroquial de San Martiño)	Xunta PBA Catálogo. Elementos (xuño 2026)	official_catalogue_seed	38581	-	Igrexa	-		-7.729115903899745	42.799210264434265	catalogue_point_wgs84	medium_official_name_or_type	coastal_promontory_hint	coastal_or_promontory_proxy			P0	positive_seed_requires_qgis_boundary_review	150.0	-7.73225009,42.79691059,-7.72598172,42.80150994				exclude_until_independent_label_review	0.00	2026-08-01T00:00:00Z
wl-pos-pos-es-pba-38666	pos-es-pba-38666	1	positive	exclude_probable_name_false_positive	name/type looks like modern or non-castro heritage item	excluded_review	excluded	ES|Lugo|Portomarín	ES	Galicia	Lugo	Portomarín	Vilaxuste (San Pedro)	Pedrouzos	Medorras do Castro	Xunta PBA Catálogo. Elementos (xuño 2026)	official_catalogue_seed	38666	GA27049025	Túmulo	-		-7.679982656784827	42.85990924817125	catalogue_point_wgs84	medium_official_name_or_type	generic_castro_hint	unknown_terrain_pending_visual_review			P2	positive_seed_requires_qgis_boundary_review	110.0	-7.68311992,42.85760957,-7.67684539,42.86220892				exclude_until_independent_label_review	0.00	2026-08-01T00:00:00Z
wl-pos-pos-es-pba-38697	pos-es-pba-38697	1	positive	exclude_probable_name_false_positive	name/type looks like modern or non-castro heritage item	excluded_review	excluded	ES|Lugo|Portomarín	ES	Galicia	Lugo	Portomarín	Bagude (San Bartolomeu)	Cunqueiro, O	Mina do Castrillón	Xunta PBA Catálogo. Elementos (xuño 2026)	official_catalogue_seed	38697	GA27049060	Explotación mineira	-		-7.68638728213432	42.783992822141236	catalogue_point_wgs84	medium_official_name_or_type	castrel_toponym_hint	unknown_terrain_pending_visual_review			P1	positive_seed_requires_qgis_boundary_review	100.0	-7.68952070,42.78169315,-7.68325386,42.78629250				exclude_until_independent_label_review	0.00	2026-08-01T00:00:00Z
wl-pos-pos-es-pba-38192	pos-es-pba-38192	1	positive	exclude_probable_name_false_positive	name/type looks like modern or non-castro heritage item	excluded_review	excluded	ES|Lugo|Quiroga	ES	Galicia	Lugo	Quiroga	A Seara (Santa María Madanela)	Seara, A	Explotación mineira de Banzado dos Castros	Xunta PBA Catálogo. Elementos (xuño 2026)	official_catalogue_seed	38192	GA27050107	Explotación mineira	-		-7.094820889405404	42.58842472271471	catalogue_point_wgs84	medium_official_name_or_type	generic_castro_hint	unknown_terrain_pending_visual_review			P2	positive_seed_requires_qgis_boundary_review	110.0	-7.09794446,42.58612505,-7.09169732,42.59072440				exclude_until_independent_label_review	0.00	2026-08-01T00:00:00Z
wl-pos-pos-es-pba-40551	pos-es-pba-40551	1	positive	exclude_probable_name_false_positive	name/type looks like modern or non-castro heritage item	excluded_review	excluded	ES|Lugo|Ribas de Sil	ES	Galicia	Lugo	Ribas de Sil	Nogueira (Nosa Señora das Neves)	Castro de Abaixo	Explotacións mineiras de Castro de Abaixo 1	Xunta PBA Catálogo. Elementos (xuño 2026)	official_catalogue_seed	40551	GA27052004	Explotación mineira	-		-7.354597274583646	42.45247777800929	catalogue_point_wgs84	medium_official_name_or_type	generic_castro_hint	unknown_terrain_pending_visual_review			P2	positive_seed_requires_qgis_boundary_review	110.0	-7.35771405,42.45017810,-7.35148050,42.45477745				exclude_until_independent_label_review	0.00	2026-08-01T00:00:00Z
wl-pos-pos-es-pba-40552	pos-es-pba-40552	1	positive	exclude_probable_name_false_positive	name/type looks like modern or non-castro heritage item	excluded_review	excluded	ES|Lugo|Ribas de Sil	ES	Galicia	Lugo	Ribas de Sil	Nogueira (Nosa Señora das Neves)	Castro de Abaixo	Explotacións mineiras de Castro de Abaixo 2	Xunta PBA Catálogo. Elementos (xuño 2026)	official_catalogue_seed	40552	GA27052005	Explotación mineira	-		-7.350599075538195	42.45327861701706	catalogue_point_wgs84	medium_official_name_or_type	generic_castro_hint	unknown_terrain_pending_visual_review			P2	positive_seed_requires_qgis_boundary_review	110.0	-7.35371589,42.45097894,-7.34748226,42.45557829				exclude_until_independent_label_review	0.00	2026-08-01T00:00:00Z
wl-pos-pos-es-pba-40875	pos-es-pba-40875	1	positive	exclude_probable_name_false_positive	name/type looks like modern or non-castro heritage item	excluded_review	excluded	ES|Lugo|Ribas de Sil	ES	Galicia	Lugo	Ribas de Sil	Nogueira (Nosa Señora das Neves)	Castro de Abaixo	Casa en Castro de Abaixo	Xunta PBA Catálogo. Elementos (xuño 2026)	official_catalogue_seed	40875	-		-		-7.356439866793078	42.45428002529588	catalogue_point_wgs84	medium_official_name_or_type	generic_castro_hint	unknown_terrain_pending_visual_review			P2	positive_seed_requires_qgis_boundary_review	110.0	-7.35955674,42.45198035,-7.35332300,42.45657970				exclude_until_independent_label_review	0.00	2026-08-01T00:00:00Z
wl-pos-pos-es-pba-39939	pos-es-pba-39939	1	positive	exclude_probable_name_false_positive	name/type looks like modern or non-castro heritage item	excluded_review	excluded	ES|Lugo|Riotorto	ES	Galicia	Lugo	Riotorto	Riotorto (San Pedro)	Teixeiro, O	Mina do Castro da Croa	Xunta PBA Catálogo. Elementos (xuño 2026)	official_catalogue_seed	39939	GA27054007	Explotación mineira	-		-7.266326405167793	43.34291892718624	catalogue_point_wgs84	medium_official_name_or_type	croa_top_ring_hint	hilltop_or_ridge_proxy			P1	positive_seed_requires_qgis_boundary_review	110.0	-7.26948852,43.34061925,-7.26316429,43.34521860				exclude_until_independent_label_review	0.00	2026-08-01T00:00:00Z
wl-pos-pos-es-pba-40155	pos-es-pba-40155	1	positive	exclude_ambiguous_positive_seed	positive seed too ambiguous for weak-label training	excluded_review	excluded	ES|Lugo|Samos	ES	Galicia	Lugo	Samos	Castroncán (Santa Marta)	Outeiro	Campo da feira con carballeira en Castrocán	Xunta PBA Catálogo. Elementos (xuño 2026)	official_catalogue_seed	40155	-		-		-7.360988403559158	42.7267861680477	catalogue_point_wgs84	medium_official_name_or_type	generic_castro_hint	unknown_terrain_pending_visual_review			P2	positive_seed_requires_qgis_boundary_review	110.0	-7.36411893,42.72448649,-7.35785788,42.72908584				exclude_until_independent_label_review	0.00	2026-08-01T00:00:00Z
wl-pos-pos-es-pba-40219	pos-es-pba-40219	1	positive	exclude_probable_name_false_positive	name/type looks like modern or non-castro heritage item	excluded_review	excluded	ES|Lugo|Samos	ES	Galicia	Lugo	Samos	Castroncán (Santa Marta)	Castroncán	Casa reitoral de Castroncán	Xunta PBA Catálogo. Elementos (xuño 2026)	official_catalogue_seed	40219	-		-		-7.3566933007961905	42.727084816859474	catalogue_point_wgs84	medium_official_name_or_type	generic_castro_hint	unknown_terrain_pending_visual_review			P2	positive_seed_requires_qgis_boundary_review	110.0	-7.35982384,42.72478514,-7.35356276,42.72938449				exclude_until_independent_label_review	0.00	2026-08-01T00:00:00Z
wl-pos-pos-es-pba-40223	pos-es-pba-40223	1	positive	exclude_probable_name_false_positive	name/type looks like modern or non-castro heritage item	excluded_review	excluded	ES|Lugo|Samos	ES	Galicia	Lugo	Samos	Gundriz (Santo André)	Portela	Castro da Modorra	Xunta PBA Catálogo. Elementos (xuño 2026)	official_catalogue_seed	40223	GA27055034	Túmulo	-		-7.229146076797344	42.67801254029914	catalogue_point_wgs84	medium_official_name_or_type	generic_castro_hint	unknown_terrain_pending_visual_review			P2	positive_seed_requires_qgis_boundary_review	110.0	-7.23227414,42.67571286,-7.22601801,42.68031222				exclude_until_independent_label_review	0.00	2026-08-01T00:00:00Z
wl-pos-pos-es-pba-41798	pos-es-pba-41798	1	positive	exclude_probable_name_false_positive	name/type looks like modern or non-castro heritage item	excluded_review	excluded	ES|Lugo|Samos	ES	Galicia	Lugo	Samos	Formigueiros (Santiago)	Vila, A	Modorra do dramo 1/Chao do Castro	Xunta PBA Catálogo. Elementos (xuño 2026)	official_catalogue_seed	41798	GA27024036	Túmulo	-		-7.349759152563898	42.7090461566486	catalogue_point_wgs84	medium_official_name_or_type	generic_castro_hint	unknown_terrain_pending_visual_review			P2	positive_seed_requires_qgis_boundary_review	110.0	-7.35288878,42.70674648,-7.34662952,42.71134583				exclude_until_independent_label_review	0.00	2026-08-01T00:00:00Z
wl-pos-pos-es-pba-42139	pos-es-pba-42139	1	positive	exclude_probable_name_false_positive	name/type looks like modern or non-castro heritage item	excluded_review	excluded	ES|Lugo|Samos	ES	Galicia	Lugo	Samos	Castroncán (Santa Marta)	Castroncán	Igrexa de Castroncán (Parroquial de Santa Marta)	Xunta PBA Catálogo. Elementos (xuño 2026)	official_catalogue_seed	42139	-	Igrexa	-		-7.358060750372638	42.72803197128145	catalogue_point_wgs84	medium_official_name_or_type	coastal_promontory_hint	coastal_or_promontory_proxy			P0	positive_seed_requires_qgis_boundary_review	150.0	-7.36119134,42.72573229,-7.35493016,42.73033165				exclude_until_independent_label_review	0.00	2026-08-01T00:00:00Z
wl-pos-pos-es-pba-41636	pos-es-pba-41636	1	positive	exclude_ambiguous_positive_seed	positive seed too ambiguous for weak-label training	excluded_review	excluded	ES|Lugo|Sarria	ES	Galicia	Lugo	Sarria	Biville (San Miguel)	Castromeixe	Carballeiras de Castromeixe	Xunta PBA Catálogo. Elementos (xuño 2026)	official_catalogue_seed	41636	-		-		-7.505011030811388	42.79525162845675	catalogue_point_wgs84	medium_official_name_or_type	generic_castro_hint	unknown_terrain_pending_visual_review			P2	positive_seed_requires_qgis_boundary_review	110.0	-7.50814502,42.79295195,-7.50187704,42.79755131				exclude_until_independent_label_review	0.00	2026-08-01T00:00:00Z
wl-pos-pos-es-pba-41196	pos-es-pba-41196	1	positive	exclude_probable_name_false_positive	name/type looks like modern or non-castro heritage item	excluded_review	excluded	ES|Lugo|Sober	ES	Galicia	Lugo	Sober	Pinol (San Vicente)	Pinol	Fonte do Castro	Xunta PBA Catálogo. Elementos (xuño 2026)	official_catalogue_seed	41196	-		-		-7.5514151400472285	42.40225476509916	catalogue_point_wgs84	medium_official_name_or_type	generic_castro_hint	unknown_terrain_pending_visual_review			P2	positive_seed_requires_qgis_boundary_review	110.0	-7.55452942,42.39995509,-7.54830086,42.40455444				exclude_until_independent_label_review	0.00	2026-08-01T00:00:00Z
wl-pos-pos-es-pba-41534	pos-es-pba-41534	1	positive	exclude_probable_name_false_positive	name/type looks like modern or non-castro heritage item	excluded_review	excluded	ES|Lugo|Sober	ES	Galicia	Lugo	Sober	Doade (San Martiño)	Priorato, O	Castro da Coroa/A Medorra	Xunta PBA Catálogo. Elementos (xuño 2026)	official_catalogue_seed	41534	GA27059014	Túmulo	-		-7.488632245861503	42.413767946336996	catalogue_point_wgs84	medium_official_name_or_type	croa_top_ring_hint	hilltop_or_ridge_proxy			P1	positive_seed_requires_qgis_boundary_review	110.0	-7.49174710,42.41146827,-7.48551739,42.41606762				exclude_until_independent_label_review	0.00	2026-08-01T00:00:00Z
wl-pos-pos-es-pba-41568	pos-es-pba-41568	1	positive	exclude_probable_name_false_positive	name/type looks like modern or non-castro heritage item	excluded_review	excluded	ES|Lugo|Sober	ES	Galicia	Lugo	Sober	Santiorxo (San Xurxo)	San Paio	Castro das Medorras ou de Caldeiras	Xunta PBA Catálogo. Elementos (xuño 2026)	official_catalogue_seed	41568	GA27059035	Túmulo	-		-7.5571165040650445	42.401140315429764	catalogue_point_wgs84	medium_official_name_or_type	generic_castro_hint	unknown_terrain_pending_visual_review			P2	positive_seed_requires_qgis_boundary_review	110.0	-7.56023073,42.39884064,-7.55400228,42.40343999				exclude_until_independent_label_review	0.00	2026-08-01T00:00:00Z
wl-pos-pos-es-pba-41243	pos-es-pba-41243	1	positive	exclude_ambiguous_positive_seed	positive seed too ambiguous for weak-label training	excluded_review	excluded	ES|Lugo|Taboada	ES	Galicia	Lugo	Taboada	Bouzoa (San Xoán)	Quinzán	Castrelos	Xunta PBA Catálogo. Elementos (xuño 2026)	official_catalogue_seed	41243	GA27060052		-		-7.858703679885267	42.68856795439726	catalogue_point_wgs84	medium_official_name_or_type	castrel_toponym_hint	unknown_terrain_pending_visual_review			P1	positive_seed_requires_qgis_boundary_review	100.0	-7.86183228,42.68626828,-7.85557508,42.69086763				exclude_until_independent_label_review	0.00	2026-08-01T00:00:00Z
wl-pos-pos-es-pba-41514	pos-es-pba-41514	1	positive	exclude_probable_name_false_positive	name/type looks like modern or non-castro heritage item	excluded_review	excluded	ES|Lugo|Taboada	ES	Galicia	Lugo	Taboada	Xián (Santa María)	Val da Forca	Medorra de Castrillón/Medorras de Carballos	Xunta PBA Catálogo. Elementos (xuño 2026)	official_catalogue_seed	41514	GA27060007	Túmulo	-		-7.709474610300039	42.77783652631673	catalogue_point_wgs84	medium_official_name_or_type	castrel_toponym_hint	unknown_terrain_pending_visual_review			P1	positive_seed_requires_qgis_boundary_review	100.0	-7.71260772,42.77553685,-7.70634150,42.78013620				exclude_until_independent_label_review	0.00	2026-08-01T00:00:00Z
wl-pos-pos-es-pba-41553	pos-es-pba-41553	1	positive	exclude_probable_name_false_positive	name/type looks like modern or non-castro heritage item	excluded_review	excluded	ES|Lugo|Taboada	ES	Galicia	Lugo	Taboada	Xián (Santa María)	Val da Forca	Medorra do Castrillón 3	Xunta PBA Catálogo. Elementos (xuño 2026)	official_catalogue_seed	41553	GA27060079	Túmulo	-		-7.708143689519181	42.78002467699787	catalogue_point_wgs84	medium_official_name_or_type	castrel_toponym_hint	unknown_terrain_pending_visual_review			P1	positive_seed_requires_qgis_boundary_review	100.0	-7.71127691,42.77772500,-7.70501047,42.78232435				exclude_until_independent_label_review	0.00	2026-08-01T00:00:00Z
wl-pos-pos-es-pba-43172	pos-es-pba-43172	1	positive	exclude_probable_name_false_positive	name/type looks like modern or non-castro heritage item	excluded_review	excluded	ES|Lugo|Vilalba	ES	Galicia	Lugo	Vilalba	Mourence (San Xiao)	Vilar de Igrexa, O	Mámoa do Castro	Xunta PBA Catálogo. Elementos (xuño 2026)	official_catalogue_seed	43172	GA27065075	Túmulo	-		-7.696196334020074	43.30711013185649	catalogue_point_wgs84	medium_official_name_or_type	generic_castro_hint	unknown_terrain_pending_visual_review			P2	positive_seed_requires_qgis_boundary_review	110.0	-7.69935659,43.30481046,-7.69303608,43.30940981				exclude_until_independent_label_review	0.00	2026-08-01T00:00:00Z
wl-pos-pos-es-pba-43249	pos-es-pba-43249	1	positive	exclude_probable_name_false_positive	name/type looks like modern or non-castro heritage item	excluded_review	excluded	ES|Lugo|Vilalba	ES	Galicia	Lugo	Vilalba	Árbol (San Lourenzo)	Fondal, O	Mámoa da Croa 1	Xunta PBA Catálogo. Elementos (xuño 2026)	official_catalogue_seed	43249	GA27065227	Túmulo	-		-7.555518862485362	43.26958371425705	catalogue_point_wgs84	medium_official_name_or_type	croa_top_ring_hint	hilltop_or_ridge_proxy			P1	positive_seed_requires_qgis_boundary_review	110.0	-7.55867717,43.26728404,-7.55236056,43.27188339				exclude_until_independent_label_review	0.00	2026-08-01T00:00:00Z
wl-pos-pos-es-pba-43389	pos-es-pba-43389	1	positive	exclude_probable_name_false_positive	name/type looks like modern or non-castro heritage item	excluded_review	excluded	ES|Lugo|Vilalba	ES	Galicia	Lugo	Vilalba	Samarugo (Santiago)	Castros, Os	Petróglifo do Castro	Xunta PBA Catálogo. Elementos (xuño 2026)	official_catalogue_seed	43389	GA27065236	Petróglifo	ARU		-7.600773840364665	43.36956795374683	catalogue_point_wgs84	medium_official_name_or_type	generic_castro_hint	unknown_terrain_pending_visual_review			P2	positive_seed_requires_qgis_boundary_review	110.0	-7.60393735,43.36726828,-7.59761034,43.37186763				exclude_until_independent_label_review	0.00	2026-08-01T00:00:00Z
wl-pos-pos-es-pba-42309	pos-es-pba-42309	1	positive	exclude_probable_name_false_positive	name/type looks like modern or non-castro heritage item	excluded_review	excluded	ES|Lugo|Viveiro	ES	Galicia	Lugo	Viveiro	Galdo (Santa María)	Rego de Castro, O	Cruz do Rego de Castro	Xunta PBA Catálogo. Elementos (xuño 2026)	official_catalogue_seed	42309	-		CRU		-7.635793572419182	43.62394761988074	catalogue_point_wgs84	medium_official_name_or_type	valley_or_river_edge_hint	valley_or_river_edge_proxy			P1	positive_seed_requires_qgis_boundary_review	120.0	-7.63897043,43.62164794,-7.63261671,43.62624730				exclude_until_independent_label_review	0.00	2026-08-01T00:00:00Z
wl-pos-pos-es-pba-42318	pos-es-pba-42318	1	positive	exclude_probable_name_false_positive	name/type looks like modern or non-castro heritage item	excluded_review	excluded	ES|Lugo|Viveiro	ES	Galicia	Lugo	Viveiro	Viveiro (Santa María e Santiago)	Viveiro	Edificio na rúa Constanza de Castro 01	Xunta PBA Catálogo. Elementos (xuño 2026)	official_catalogue_seed	42318	-		-		-7.595147204327922	43.66243332016094	catalogue_point_wgs84	medium_official_name_or_type	generic_castro_hint	unknown_terrain_pending_visual_review			P2	positive_seed_requires_qgis_boundary_review	110.0	-7.59832610,43.66013364,-7.59196831,43.66473300				exclude_until_independent_label_review	0.00	2026-08-01T00:00:00Z
wl-pos-pos-es-pba-42319	pos-es-pba-42319	1	positive	exclude_probable_name_false_positive	name/type looks like modern or non-castro heritage item	excluded_review	excluded	ES|Lugo|Viveiro	ES	Galicia	Lugo	Viveiro	Viveiro (Santa María e Santiago)	Viveiro	Edificio na Rúa Constanza de Castro 03	Xunta PBA Catálogo. Elementos (xuño 2026)	official_catalogue_seed	42319	-		-		-7.595073230128859	43.66241440302321	catalogue_point_wgs84	medium_official_name_or_type	generic_castro_hint	unknown_terrain_pending_visual_review			P2	positive_seed_requires_qgis_boundary_review	110.0	-7.59825212,43.66011473,-7.59189434,43.66471408				exclude_until_independent_label_review	0.00	2026-08-01T00:00:00Z
wl-pos-pos-es-pba-42320	pos-es-pba-42320	1	positive	exclude_probable_name_false_positive	name/type looks like modern or non-castro heritage item	excluded_review	excluded	ES|Lugo|Viveiro	ES	Galicia	Lugo	Viveiro	Viveiro (Santa María e Santiago)	Viveiro	Edificio na Rúa Constanza de Castro 04	Xunta PBA Catálogo. Elementos (xuño 2026)	official_catalogue_seed	42320	-		-		-7.5950036650904496	43.66220645786761	catalogue_point_wgs84	medium_official_name_or_type	generic_castro_hint	unknown_terrain_pending_visual_review			P2	positive_seed_requires_qgis_boundary_review	110.0	-7.59818255,43.65990678,-7.59182478,43.66450613				exclude_until_independent_label_review	0.00	2026-08-01T00:00:00Z
wl-pos-pos-es-pba-42321	pos-es-pba-42321	1	positive	exclude_probable_name_false_positive	name/type looks like modern or non-castro heritage item	excluded_review	excluded	ES|Lugo|Viveiro	ES	Galicia	Lugo	Viveiro	Viveiro (Santa María e Santiago)	Viveiro	Edificio na Rúa Constanza de Castro 05	Xunta PBA Catálogo. Elementos (xuño 2026)	official_catalogue_seed	42321	-		-		-7.5949992559773465	43.66239548583816	catalogue_point_wgs84	medium_official_name_or_type	generic_castro_hint	unknown_terrain_pending_visual_review			P2	positive_seed_requires_qgis_boundary_review	110.0	-7.59817815,43.66009581,-7.59182036,43.66469516				exclude_until_independent_label_review	0.00	2026-08-01T00:00:00Z
wl-pos-pos-es-pba-42322	pos-es-pba-42322	1	positive	exclude_probable_name_false_positive	name/type looks like modern or non-castro heritage item	excluded_review	excluded	ES|Lugo|Viveiro	ES	Galicia	Lugo	Viveiro	Viveiro (Santa María e Santiago)	Viveiro	Edificio na Rúa Constanza de Castro 07	Xunta PBA Catálogo. Elementos (xuño 2026)	official_catalogue_seed	42322	-		-		-7.594950499811911	43.6623588708042	catalogue_point_wgs84	medium_official_name_or_type	generic_castro_hint	unknown_terrain_pending_visual_review			P2	positive_seed_requires_qgis_boundary_review	110.0	-7.59812939,43.66005919,-7.59177161,43.66465855				exclude_until_independent_label_review	0.00	2026-08-01T00:00:00Z
wl-pos-pos-es-pba-42323	pos-es-pba-42323	1	positive	exclude_probable_name_false_positive	name/type looks like modern or non-castro heritage item	excluded_review	excluded	ES|Lugo|Viveiro	ES	Galicia	Lugo	Viveiro	Viveiro (Santa María e Santiago)	Viveiro	Edificio na Rúa Constanza de Castro 08	Xunta PBA Catálogo. Elementos (xuño 2026)	official_catalogue_seed	42323	-		-		-7.594780063689749	43.66222171669479	catalogue_point_wgs84	medium_official_name_or_type	generic_castro_hint	unknown_terrain_pending_visual_review			P2	positive_seed_requires_qgis_boundary_review	110.0	-7.59795895,43.65992204,-7.59160118,43.66452139				exclude_until_independent_label_review	0.00	2026-08-01T00:00:00Z
wl-pos-pos-es-pba-42324	pos-es-pba-42324	1	positive	exclude_probable_name_false_positive	name/type looks like modern or non-castro heritage item	excluded_review	excluded	ES|Lugo|Viveiro	ES	Galicia	Lugo	Viveiro	Viveiro (Santa María e Santiago)	Viveiro	Edificio na Rúa Constanza de Castro 09	Xunta PBA Catálogo. Elementos (xuño 2026)	official_catalogue_seed	42324	-		-		-7.594876315791979	43.66234895487235	catalogue_point_wgs84	medium_official_name_or_type	generic_castro_hint	unknown_terrain_pending_visual_review			P2	positive_seed_requires_qgis_boundary_review	110.0	-7.59805521,43.66004928,-7.59169742,43.66464863				exclude_until_independent_label_review	0.00	2026-08-01T00:00:00Z
wl-pos-pos-es-pba-42349	pos-es-pba-42349	1	positive	exclude_probable_name_false_positive	name/type looks like modern or non-castro heritage item	excluded_review	excluded	ES|Lugo|Viveiro	ES	Galicia	Lugo	Viveiro	Viveiro (Santa María e Santiago)	Viveiro	Edificio na rúa Constanza de Castro 10	Xunta PBA Catálogo. Elementos (xuño 2026)	official_catalogue_seed	42349	-		-		-7.5947193288332135	43.6621669464545	catalogue_point_wgs84	medium_official_name_or_type	generic_castro_hint	unknown_terrain_pending_visual_review			P2	positive_seed_requires_qgis_boundary_review	110.0	-7.59789821,43.65986727,-7.59154045,43.66446662				exclude_until_independent_label_review	0.00	2026-08-01T00:00:00Z
wl-pos-pos-es-pba-42350	pos-es-pba-42350	1	positive	exclude_probable_name_false_positive	name/type looks like modern or non-castro heritage item	excluded_review	excluded	ES|Lugo|Viveiro	ES	Galicia	Lugo	Viveiro	Viveiro (Santa María e Santiago)	Viveiro	Edificio na rúa Constanza de Castro 11	Xunta PBA Catálogo. Elementos (xuño 2026)	official_catalogue_seed	42350	-		-		-7.594764934813445	43.66233858155036	catalogue_point_wgs84	medium_official_name_or_type	generic_castro_hint	unknown_terrain_pending_visual_review			P2	positive_seed_requires_qgis_boundary_review	110.0	-7.59794383,43.66003890,-7.59158604,43.66463826				exclude_until_independent_label_review	0.00	2026-08-01T00:00:00Z
wl-pos-pos-es-pba-42351	pos-es-pba-42351	1	positive	exclude_probable_name_false_positive	name/type looks like modern or non-castro heritage item	excluded_review	excluded	ES|Lugo|Viveiro	ES	Galicia	Lugo	Viveiro	Viveiro (Santa María e Santiago)	Viveiro	Edificio na rúa Constanza de Castro 13	Xunta PBA Catálogo. Elementos (xuño 2026)	official_catalogue_seed	42351	-		-		-7.594678141853661	43.66233751437128	catalogue_point_wgs84	medium_official_name_or_type	generic_castro_hint	unknown_terrain_pending_visual_review			P2	positive_seed_requires_qgis_boundary_review	110.0	-7.59785703,43.66003784,-7.59149925,43.66463719				exclude_until_independent_label_review	0.00	2026-08-01T00:00:00Z
wl-pos-pos-es-pba-42352	pos-es-pba-42352	1	positive	exclude_probable_name_false_positive	name/type looks like modern or non-castro heritage item	excluded_review	excluded	ES|Lugo|Viveiro	ES	Galicia	Lugo	Viveiro	Viveiro (Santa María e Santiago)	Viveiro	Edificio na rúa Constanza de Castro 15	Xunta PBA Catálogo. Elementos (xuño 2026)	official_catalogue_seed	42352	-		-		-7.5946409448723555	43.662337056988626	catalogue_point_wgs84	medium_official_name_or_type	generic_castro_hint	unknown_terrain_pending_visual_review			P2	positive_seed_requires_qgis_boundary_review	110.0	-7.59781984,43.66003738,-7.59146205,43.66463673				exclude_until_independent_label_review	0.00	2026-08-01T00:00:00Z
wl-pos-pos-es-pba-42353	pos-es-pba-42353	1	positive	exclude_probable_name_false_positive	name/type looks like modern or non-castro heritage item	excluded_review	excluded	ES|Lugo|Viveiro	ES	Galicia	Lugo	Viveiro	Viveiro (Santa María e Santiago)	Viveiro	Edificio na rúa Constanza de Castro 17	Xunta PBA Catálogo. Elementos (xuño 2026)	official_catalogue_seed	42353	-		-		-7.594591558917898	43.662327445796	catalogue_point_wgs84	medium_official_name_or_type	generic_castro_hint	unknown_terrain_pending_visual_review			P2	positive_seed_requires_qgis_boundary_review	110.0	-7.59777045,43.66002777,-7.59141267,43.66462712				exclude_until_independent_label_review	0.00	2026-08-01T00:00:00Z
wl-pos-pos-es-pba-42354	pos-es-pba-42354	1	positive	exclude_probable_name_false_positive	name/type looks like modern or non-castro heritage item	excluded_review	excluded	ES|Lugo|Viveiro	ES	Galicia	Lugo	Viveiro	Viveiro (Santa María e Santiago)	Viveiro	Edificio na rúa Constanza de Castro 18	Xunta PBA Catálogo. Elementos (xuño 2026)	official_catalogue_seed	42354	-		-		-7.5944347829253775	43.66213643566872	catalogue_point_wgs84	medium_official_name_or_type	generic_castro_hint	unknown_terrain_pending_visual_review			P2	positive_seed_requires_qgis_boundary_review	110.0	-7.59761366,43.65983676,-7.59125590,43.66443611				exclude_until_independent_label_review	0.00	2026-08-01T00:00:00Z
wl-pos-pos-es-pba-42355	pos-es-pba-42355	1	positive	exclude_probable_name_false_positive	name/type looks like modern or non-castro heritage item	excluded_review	excluded	ES|Lugo|Viveiro	ES	Galicia	Lugo	Viveiro	Viveiro (Santa María e Santiago)	Viveiro	Edificio na rúa Constanza de Castro 19	Xunta PBA Catálogo. Elementos (xuño 2026)	official_catalogue_seed	42355	-		ESC		-7.594456010176079	43.66228976324493	catalogue_point_wgs84	medium_official_name_or_type	generic_castro_hint	unknown_terrain_pending_visual_review			P2	positive_seed_requires_qgis_boundary_review	110.0	-7.59763490,43.65999009,-7.59127712,43.66458944				exclude_until_independent_label_review	0.00	2026-08-01T00:00:00Z
wl-pos-pos-es-pba-42356	pos-es-pba-42356	1	positive	exclude_probable_name_false_positive	name/type looks like modern or non-castro heritage item	excluded_review	excluded	ES|Lugo|Viveiro	ES	Galicia	Lugo	Viveiro	Viveiro (Santa María e Santiago)	Viveiro	Edificio na Rúa Constanza de Castro 20	Xunta PBA Catálogo. Elementos (xuño 2026)	official_catalogue_seed	42356	-		-		-7.59438539716979	43.66212682438932	catalogue_point_wgs84	medium_official_name_or_type	generic_castro_hint	unknown_terrain_pending_visual_review			P2	positive_seed_requires_qgis_boundary_review	110.0	-7.59756428,43.65982715,-7.59120652,43.66442650				exclude_until_independent_label_review	0.00	2026-08-01T00:00:00Z
wl-pos-pos-es-pba-42380	pos-es-pba-42380	1	positive	exclude_probable_name_false_positive	name/type looks like modern or non-castro heritage item	excluded_review	excluded	ES|Lugo|Viveiro	ES	Galicia	Lugo	Viveiro	Viveiro (Santa María e Santiago)	Viveiro	Edificio na Rúa Constanza de Castro 22	Xunta PBA Catálogo. Elementos (xuño 2026)	official_catalogue_seed	42380	-		-		-7.594348200323236	43.66212636691317	catalogue_point_wgs84	medium_official_name_or_type	generic_castro_hint	unknown_terrain_pending_visual_review			P2	positive_seed_requires_qgis_boundary_review	110.0	-7.59752708,43.65982669,-7.59116932,43.66442604				exclude_until_independent_label_review	0.00	2026-08-01T00:00:00Z
wl-pos-pos-es-pba-42381	pos-es-pba-42381	1	positive	exclude_probable_name_false_positive	name/type looks like modern or non-castro heritage item	excluded_review	excluded	ES|Lugo|Viveiro	ES	Galicia	Lugo	Viveiro	Viveiro (Santa María e Santiago)	Viveiro	Edificio na Rúa Constanza de Castro 24	Xunta PBA Catálogo. Elementos (xuño 2026)	official_catalogue_seed	42381	-		-		-7.594286415644223	43.66211660309657	catalogue_point_wgs84	medium_official_name_or_type	generic_castro_hint	unknown_terrain_pending_visual_review			P2	positive_seed_requires_qgis_boundary_review	110.0	-7.59746529,43.65981693,-7.59110754,43.66441628				exclude_until_independent_label_review	0.00	2026-08-01T00:00:00Z
wl-pos-pos-es-pba-42382	pos-es-pba-42382	1	positive	exclude_probable_name_false_positive	name/type looks like modern or non-castro heritage item	excluded_review	excluded	ES|Lugo|Viveiro	ES	Galicia	Lugo	Viveiro	Viveiro (Santa María e Santiago)	Viveiro	Edificio na Rúa Constanza de Castro 26	Xunta PBA Catálogo. Elementos (xuño 2026)	official_catalogue_seed	42382	-		-		-7.594249428874316	43.66210714425899	catalogue_point_wgs84	medium_official_name_or_type	generic_castro_hint	unknown_terrain_pending_visual_review			P2	positive_seed_requires_qgis_boundary_review	110.0	-7.59742831,43.65980747,-7.59107055,43.66440682				exclude_until_independent_label_review	0.00	2026-08-01T00:00:00Z
wl-pos-pos-es-pba-42383	pos-es-pba-42383	1	positive	exclude_probable_name_false_positive	name/type looks like modern or non-castro heritage item	excluded_review	excluded	ES|Lugo|Viveiro	ES	Galicia	Lugo	Viveiro	Viveiro (Santa María e Santiago)	Viveiro	Edificio na Rúa Constanza de Castro 28	Xunta PBA Catálogo. Elementos (xuño 2026)	official_catalogue_seed	42383	-		-		-7.5942124421162935	43.66209768540957	catalogue_point_wgs84	medium_official_name_or_type	generic_castro_hint	unknown_terrain_pending_visual_review			P2	positive_seed_requires_qgis_boundary_review	110.0	-7.59739132,43.65979801,-7.59103356,43.66439736				exclude_until_independent_label_review	0.00	2026-08-01T00:00:00Z
wl-pos-pos-es-pba-42384	pos-es-pba-42384	1	positive	exclude_probable_name_false_positive	name/type looks like modern or non-castro heritage item	excluded_review	excluded	ES|Lugo|Viveiro	ES	Galicia	Lugo	Viveiro	Viveiro (Santa María e Santiago)	Viveiro	Edificio na Rúa Constanza de Castro 29	Xunta PBA Catálogo. Elementos (xuño 2026)	official_catalogue_seed	42384	-		-		-7.593814415217402	43.66214681240825	catalogue_point_wgs84	medium_official_name_or_type	generic_castro_hint	unknown_terrain_pending_visual_review			P2	positive_seed_requires_qgis_boundary_review	110.0	-7.59699330,43.65984714,-7.59063553,43.66444649				exclude_until_independent_label_review	0.00	2026-08-01T00:00:00Z
wl-pos-pos-es-pba-42385	pos-es-pba-42385	1	positive	exclude_probable_name_false_positive	name/type looks like modern or non-castro heritage item	excluded_review	excluded	ES|Lugo|Viveiro	ES	Galicia	Lugo	Viveiro	Viveiro (Santa María e Santiago)	Viveiro	Edificio na Rúa Constanza de Castro 30	Xunta PBA Catálogo. Elementos (xuño 2026)	official_catalogue_seed	42385	-		-		-7.594150657490479	43.662087921520225	catalogue_point_wgs84	medium_official_name_or_type	generic_castro_hint	unknown_terrain_pending_visual_review			P2	positive_seed_requires_qgis_boundary_review	110.0	-7.59732953,43.65978824,-7.59097178,43.66438760				exclude_until_independent_label_review	0.00	2026-08-01T00:00:00Z
wl-pos-pos-es-pba-42386	pos-es-pba-42386	1	positive	exclude_probable_name_false_positive	name/type looks like modern or non-castro heritage item	excluded_review	excluded	ES|Lugo|Viveiro	ES	Galicia	Lugo	Viveiro	Viveiro (Santa María e Santiago)	Viveiro	Edificio na Rúa Constanza de Castro 32	Xunta PBA Catálogo. Elementos (xuño 2026)	official_catalogue_seed	42386	-		-		-7.593953114918062	43.66204947578895	catalogue_point_wgs84	medium_official_name_or_type	generic_castro_hint	unknown_terrain_pending_visual_review			P2	positive_seed_requires_qgis_boundary_review	110.0	-7.59713199,43.65974980,-7.59077424,43.66434915				exclude_until_independent_label_review	0.00	2026-08-01T00:00:00Z
wl-pos-pos-es-pba-42670	pos-es-pba-42670	1	positive	exclude_probable_name_false_positive	name/type looks like modern or non-castro heritage item	excluded_review	excluded	ES|Lugo|Viveiro	ES	Galicia	Lugo	Viveiro	Viveiro (Santa María e Santiago)	Viveiro	Edificio na Rúa Rosalía de Castro 07	Xunta PBA Catálogo. Elementos (xuño 2026)	official_catalogue_seed	42670	-		-		-7.59476220489127	43.662455598851544	catalogue_point_wgs84	medium_official_name_or_type	generic_castro_hint	unknown_terrain_pending_visual_review			P2	positive_seed_requires_qgis_boundary_review	110.0	-7.59794110,43.66015592,-7.59158331,43.66475528				exclude_until_independent_label_review	0.00	2026-08-01T00:00:00Z
wl-pos-pos-es-pba-42671	pos-es-pba-42671	1	positive	exclude_probable_name_false_positive	name/type looks like modern or non-castro heritage item	excluded_review	excluded	ES|Lugo|Viveiro	ES	Galicia	Lugo	Viveiro	Viveiro (Santa María e Santiago)	Viveiro	Edificio na rúa Rosalía de Castro 14	Xunta PBA Catálogo. Elementos (xuño 2026)	official_catalogue_seed	42671	-		-		-7.594977596050064	43.66172892997774	catalogue_point_wgs84	medium_official_name_or_type	generic_castro_hint	unknown_terrain_pending_visual_review			P2	positive_seed_requires_qgis_boundary_review	110.0	-7.59815645,43.65942925,-7.59179874,43.66402861				exclude_until_independent_label_review	0.00	2026-08-01T00:00:00Z
wl-pos-pos-es-pba-42699	pos-es-pba-42699	1	positive	exclude_probable_name_false_positive	name/type looks like modern or non-castro heritage item	excluded_review	excluded	ES|Lugo|Viveiro	ES	Galicia	Lugo	Viveiro	Viveiro (Santa María e Santiago)	Viveiro	Edificio na rúa Rosalía de Castro 16	Xunta PBA Catálogo. Elementos (xuño 2026)	official_catalogue_seed	42699	-		-		-7.5949786458345585	43.66168392331383	catalogue_point_wgs84	medium_official_name_or_type	generic_castro_hint	unknown_terrain_pending_visual_review			P2	positive_seed_requires_qgis_boundary_review	110.0	-7.59815750,43.65938425,-7.59179979,43.66398360				exclude_until_independent_label_review	0.00	2026-08-01T00:00:00Z
wl-pos-pos-es-pba-42700	pos-es-pba-42700	1	positive	exclude_probable_name_false_positive	name/type looks like modern or non-castro heritage item	excluded_review	excluded	ES|Lugo|Viveiro	ES	Galicia	Lugo	Viveiro	Viveiro (Santa María e Santiago)	Viveiro	Edificio na rúa Rosalía de Castro 18	Xunta PBA Catálogo. Elementos (xuño 2026)	official_catalogue_seed	42700	-		-		-7.594979695616622	43.66163891664955	catalogue_point_wgs84	medium_official_name_or_type	generic_castro_hint	unknown_terrain_pending_visual_review			P2	positive_seed_requires_qgis_boundary_review	110.0	-7.59815855,43.65933924,-7.59180084,43.66393859				exclude_until_independent_label_review	0.00	2026-08-01T00:00:00Z
wl-pos-pos-es-pba-42701	pos-es-pba-42701	1	positive	exclude_probable_name_false_positive	name/type looks like modern or non-castro heritage item	excluded_review	excluded	ES|Lugo|Viveiro	ES	Galicia	Lugo	Viveiro	Viveiro (Santa María e Santiago)	Viveiro	Edificio na rúa Rosalía de Castro 19	Xunta PBA Catálogo. Elementos (xuño 2026)	official_catalogue_seed	42701	-		-		-7.594797292368178	43.66201483851891	catalogue_point_wgs84	medium_official_name_or_type	generic_castro_hint	unknown_terrain_pending_visual_review			P2	positive_seed_requires_qgis_boundary_review	110.0	-7.59797617,43.65971516,-7.59161842,43.66431452				exclude_until_independent_label_review	0.00	2026-08-01T00:00:00Z
wl-pos-pos-es-pba-42702	pos-es-pba-42702	1	positive	exclude_probable_name_false_positive	name/type looks like modern or non-castro heritage item	excluded_review	excluded	ES|Lugo|Viveiro	ES	Galicia	Lugo	Viveiro	Viveiro (Santa María e Santiago)	Viveiro	Edificio na Rúa Rosalía de Castro 20	Xunta PBA Catálogo. Elementos (xuño 2026)	official_catalogue_seed	42702	-		-		-7.594992934284911	43.66160306374121	catalogue_point_wgs84	medium_official_name_or_type	generic_castro_hint	unknown_terrain_pending_visual_review			P2	positive_seed_requires_qgis_boundary_review	110.0	-7.59817179,43.65930339,-7.59181408,43.66390274				exclude_until_independent_label_review	0.00	2026-08-01T00:00:00Z
wl-pos-pos-es-pba-42703	pos-es-pba-42703	1	positive	exclude_probable_name_false_positive	name/type looks like modern or non-castro heritage item	excluded_review	excluded	ES|Lugo|Viveiro	ES	Galicia	Lugo	Viveiro	Viveiro (Santa María e Santiago)	Viveiro	Edificio na rúa Rosalía de Castro 21	Xunta PBA Catálogo. Elementos (xuño 2026)	official_catalogue_seed	42703	-		-		-7.594798762269019	43.661951829197356	catalogue_point_wgs84	medium_official_name_or_type	generic_castro_hint	unknown_terrain_pending_visual_review			P2	positive_seed_requires_qgis_boundary_review	110.0	-7.59797763,43.65965215,-7.59161989,43.66425151				exclude_until_independent_label_review	0.00	2026-08-01T00:00:00Z
wl-pos-pos-es-pba-42704	pos-es-pba-42704	1	positive	exclude_probable_name_false_positive	name/type looks like modern or non-castro heritage item	excluded_review	excluded	ES|Lugo|Viveiro	ES	Galicia	Lugo	Viveiro	Viveiro (Santa María e Santiago)	Viveiro	Edificio na Rúa Rosalía de Castro 23	Xunta PBA Catálogo. Elementos (xuño 2026)	official_catalogue_seed	42704	-		-		-7.5948143109279345	43.66181696166349	catalogue_point_wgs84	medium_official_name_or_type	generic_castro_hint	unknown_terrain_pending_visual_review			P2	positive_seed_requires_qgis_boundary_review	110.0	-7.59799317,43.65951729,-7.59163545,43.66411664				exclude_until_independent_label_review	0.00	2026-08-01T00:00:00Z
wl-pos-pos-es-pba-42705	pos-es-pba-42705	1	positive	exclude_probable_name_false_positive	name/type looks like modern or non-castro heritage item	excluded_review	excluded	ES|Lugo|Viveiro	ES	Galicia	Lugo	Viveiro	Viveiro (Santa María e Santiago)	Viveiro	Edificio na Rúa Rosalía de Castro 29	Xunta PBA Catálogo. Elementos (xuño 2026)	official_catalogue_seed	42705	-		-		-7.594818090591455	43.66165493768555	catalogue_point_wgs84	medium_official_name_or_type	generic_castro_hint	unknown_terrain_pending_visual_review			P2	positive_seed_requires_qgis_boundary_review	110.0	-7.59799695,43.65935526,-7.59163924,43.66395461				exclude_until_independent_label_review	0.00	2026-08-01T00:00:00Z
wl-pos-pos-es-pba-42706	pos-es-pba-42706	1	positive	exclude_probable_name_false_positive	name/type looks like modern or non-castro heritage item	excluded_review	excluded	ES|Lugo|Viveiro	ES	Galicia	Lugo	Viveiro	Viveiro (Santa María e Santiago)	Viveiro	Edificio na rúa Rosalía de Castro 31	Xunta PBA Catálogo. Elementos (xuño 2026)	official_catalogue_seed	42706	-		-		-7.594819140492393	43.661609931024145	catalogue_point_wgs84	medium_official_name_or_type	generic_castro_hint	unknown_terrain_pending_visual_review			P2	positive_seed_requires_qgis_boundary_review	110.0	-7.59799799,43.65931025,-7.59164029,43.66390961				exclude_until_independent_label_review	0.00	2026-08-01T00:00:00Z
wl-pos-pos-es-pba-42735	pos-es-pba-42735	1	positive	exclude_probable_name_false_positive	name/type looks like modern or non-castro heritage item	excluded_review	excluded	ES|Lugo|Viveiro	ES	Galicia	Lugo	Viveiro	Viveiro (Santa María e Santiago)	Viveiro	Edificio na Rúa Rosalía de Castro 33	Xunta PBA Catálogo. Elementos (xuño 2026)	official_catalogue_seed	42735	-		-		-7.594819980411393	43.66157392569474	catalogue_point_wgs84	medium_official_name_or_type	generic_castro_hint	unknown_terrain_pending_visual_review			P2	positive_seed_requires_qgis_boundary_review	110.0	-7.59799883,43.65927425,-7.59164113,43.66387360				exclude_until_independent_label_review	0.00	2026-08-01T00:00:00Z
wl-pos-pos-es-pba-42736	pos-es-pba-42736	1	positive	exclude_probable_name_false_positive	name/type looks like modern or non-castro heritage item	excluded_review	excluded	ES|Lugo|Viveiro	ES	Galicia	Lugo	Viveiro	Viveiro (Santa María e Santiago)	Viveiro	Edificio na Rúa Rosalía de Castro 35	Xunta PBA Catálogo. Elementos (xuño 2026)	official_catalogue_seed	42736	-		-		-7.594847297789858	43.661466214584	catalogue_point_wgs84	medium_official_name_or_type	generic_castro_hint	unknown_terrain_pending_visual_review			P2	positive_seed_requires_qgis_boundary_review	110.0	-7.59802614,43.65916654,-7.59166845,43.66376589				exclude_until_independent_label_review	0.00	2026-08-01T00:00:00Z
wl-pos-pos-es-pba-42737	pos-es-pba-42737	1	positive	exclude_probable_name_false_positive	name/type looks like modern or non-castro heritage item	excluded_review	excluded	ES|Lugo|Viveiro	ES	Galicia	Lugo	Viveiro	Viveiro (Santa María e Santiago)	Viveiro	Edificio na Rúa Rosalía de Castro 38	Xunta PBA Catálogo. Elementos (xuño 2026)	official_catalogue_seed	42737	-		-		-7.594971274487342	43.66093650779442	catalogue_point_wgs84	medium_official_name_or_type	generic_castro_hint	unknown_terrain_pending_visual_review			P2	positive_seed_requires_qgis_boundary_review	110.0	-7.59815009,43.65863683,-7.59179246,43.66323618				exclude_until_independent_label_review	0.00	2026-08-01T00:00:00Z
wl-pos-pos-es-pba-42738	pos-es-pba-42738	1	positive	exclude_probable_name_false_positive	name/type looks like modern or non-castro heritage item	excluded_review	excluded	ES|Lugo|Viveiro	ES	Galicia	Lugo	Viveiro	Viveiro (Santa María e Santiago)	Viveiro	Edificio na Rúa Rosalía de Castro 40	Xunta PBA Catálogo. Elementos (xuño 2026)	official_catalogue_seed	42738	-		-		-7.594972114295695	43.66090050245841	catalogue_point_wgs84	medium_official_name_or_type	generic_castro_hint	unknown_terrain_pending_visual_review			P2	positive_seed_requires_qgis_boundary_review	110.0	-7.59815093,43.65860083,-7.59179330,43.66320018				exclude_until_independent_label_review	0.00	2026-08-01T00:00:00Z
wl-pos-pos-es-pba-42739	pos-es-pba-42739	1	positive	exclude_probable_name_false_positive	name/type looks like modern or non-castro heritage item	excluded_review	excluded	ES|Lugo|Viveiro	ES	Galicia	Lugo	Viveiro	Viveiro (Santa María e Santiago)	Viveiro	Edificio na Rúa Rosalía de Castro 42	Xunta PBA Catálogo. Elementos (xuño 2026)	official_catalogue_seed	42739	-		-		-7.5949729541024915	43.66086449712217	catalogue_point_wgs84	medium_official_name_or_type	generic_castro_hint	unknown_terrain_pending_visual_review			P2	positive_seed_requires_qgis_boundary_review	110.0	-7.59815177,43.65856482,-7.59179414,43.66316417				exclude_until_independent_label_review	0.00	2026-08-01T00:00:00Z
wl-pos-pos-es-pba-42740	pos-es-pba-42740	1	positive	exclude_probable_name_false_positive	name/type looks like modern or non-castro heritage item	excluded_review	excluded	ES|Lugo|Viveiro	ES	Galicia	Lugo	Viveiro	Viveiro (Santa María e Santiago)	Viveiro	Edificio na Rúa Rosalía de Castro 45	Xunta PBA Catálogo. Elementos (xuño 2026)	official_catalogue_seed	42740	-		-		-7.594851917209377	43.66126818526195	catalogue_point_wgs84	medium_official_name_or_type	generic_castro_hint	unknown_terrain_pending_visual_review			P2	positive_seed_requires_qgis_boundary_review	110.0	-7.59803075,43.65896851,-7.59167308,43.66356786				exclude_until_independent_label_review	0.00	2026-08-01T00:00:00Z
wl-pos-pos-es-pba-42741	pos-es-pba-42741	1	positive	exclude_probable_name_false_positive	name/type looks like modern or non-castro heritage item	excluded_review	excluded	ES|Lugo|Viveiro	ES	Galicia	Lugo	Viveiro	Viveiro (Santa María e Santiago)	Viveiro	Edificio na Rúa Rosalía de Castro 46	Xunta PBA Catálogo. Elementos (xuño 2026)	official_catalogue_seed	42741	-		-		-7.594987032388995	43.66079263887071	catalogue_point_wgs84	medium_official_name_or_type	generic_castro_hint	unknown_terrain_pending_visual_review			P2	positive_seed_requires_qgis_boundary_review	110.0	-7.59816584,43.65849296,-7.59180822,43.66309232				exclude_until_independent_label_review	0.00	2026-08-01T00:00:00Z
wl-pos-pos-es-pba-42742	pos-es-pba-42742	1	positive	exclude_probable_name_false_positive	name/type looks like modern or non-castro heritage item	excluded_review	excluded	ES|Lugo|Viveiro	ES	Galicia	Lugo	Viveiro	Viveiro (Santa María e Santiago)	Viveiro	Edificio na Rúa Rosalía de Castro 48	Xunta PBA Catálogo. Elementos (xuño 2026)	official_catalogue_seed	42742	-		-		-7.595000480800577	43.660747784619424	catalogue_point_wgs84	medium_official_name_or_type	generic_castro_hint	unknown_terrain_pending_visual_review			P2	positive_seed_requires_qgis_boundary_review	110.0	-7.59817929,43.65844811,-7.59182167,43.66304746				exclude_until_independent_label_review	0.00	2026-08-01T00:00:00Z
wl-pos-pos-es-pba-42771	pos-es-pba-42771	1	positive	exclude_probable_name_false_positive	name/type looks like modern or non-castro heritage item	excluded_review	excluded	ES|Lugo|Viveiro	ES	Galicia	Lugo	Viveiro	Viveiro (Santa María e Santiago)	Viveiro	Edificio na Rúa Rosalía de Castro 53	Xunta PBA Catálogo. Elementos (xuño 2026)	official_catalogue_seed	42771	-		-		-7.594829849343005	43.66115086305628	catalogue_point_wgs84	medium_official_name_or_type	generic_castro_hint	unknown_terrain_pending_visual_review			P2	positive_seed_requires_qgis_boundary_review	110.0	-7.59800868,43.65885119,-7.59165102,43.66345054				exclude_until_independent_label_review	0.00	2026-08-01T00:00:00Z
wl-pos-pos-es-pba-42772	pos-es-pba-42772	1	positive	exclude_probable_name_false_positive	name/type looks like modern or non-castro heritage item	excluded_review	excluded	ES|Lugo|Viveiro	ES	Galicia	Lugo	Viveiro	Viveiro (Santa María e Santiago)	Viveiro	Edificio na Rúa Rosalía de Castro 63	Xunta PBA Catálogo. Elementos (xuño 2026)	official_catalogue_seed	42772	-		-		-7.594822490008506	43.66093467861923	catalogue_point_wgs84	medium_official_name_or_type	generic_castro_hint	unknown_terrain_pending_visual_review			P2	positive_seed_requires_qgis_boundary_review	110.0	-7.59800131,43.65863500,-7.59164367,43.66323436				exclude_until_independent_label_review	0.00	2026-08-01T00:00:00Z
wl-pos-pos-es-pba-42773	pos-es-pba-42773	1	positive	exclude_probable_name_false_positive	name/type looks like modern or non-castro heritage item	excluded_review	excluded	ES|Lugo|Viveiro	ES	Galicia	Lugo	Viveiro	Viveiro (Santa María e Santiago)	Viveiro	Edificio na Rúa Rosalía de Castro 65	Xunta PBA Catálogo. Elementos (xuño 2026)	official_catalogue_seed	42773	-		-		-7.594799162441745	43.660871364404386	catalogue_point_wgs84	medium_official_name_or_type	generic_castro_hint	unknown_terrain_pending_visual_review			P2	positive_seed_requires_qgis_boundary_review	110.0	-7.59797798,43.65857169,-7.59162035,43.66317104				exclude_until_independent_label_review	0.00	2026-08-01T00:00:00Z
wl-pos-pos-es-pba-42774	pos-es-pba-42774	1	positive	exclude_probable_name_false_positive	name/type looks like modern or non-castro heritage item	excluded_review	excluded	ES|Lugo|Viveiro	ES	Galicia	Lugo	Viveiro	Viveiro (Santa María e Santiago)	Viveiro	Edificio na Rúa Rosalía de Castro 67	Xunta PBA Catálogo. Elementos (xuño 2026)	official_catalogue_seed	42774	-		-		-7.594800212328124	43.66082635773714	catalogue_point_wgs84	medium_official_name_or_type	generic_castro_hint	unknown_terrain_pending_visual_review			P2	positive_seed_requires_qgis_boundary_review	110.0	-7.59797902,43.65852668,-7.59162140,43.66312603				exclude_until_independent_label_review	0.00	2026-08-01T00:00:00Z
wl-pos-pos-es-pba-30309	pos-es-pba-30309	1	positive	exclude_probable_name_false_positive	name/type looks like modern or non-castro heritage item	excluded_review	excluded	ES|Lugo|Xermade	ES	Galicia	Lugo	Xermade	Miraz (San Pedro)	Souto, O	Medoña do Monte do Castro 1	Xunta PBA Catálogo. Elementos (xuño 2026)	official_catalogue_seed	30309	GA27021017	Túmulo	-		-7.84899898145479	43.386883025401914	catalogue_point_wgs84	medium_official_name_or_type	hilltop_hint	hilltop_or_ridge_proxy			P1	positive_seed_requires_qgis_boundary_review	120.0	-7.85216339,43.38458335,-7.84583457,43.38918270				exclude_until_independent_label_review	0.00	2026-08-01T00:00:00Z
wl-pos-pos-es-pba-30310	pos-es-pba-30310	1	positive	exclude_probable_name_false_positive	name/type looks like modern or non-castro heritage item	excluded_review	excluded	ES|Lugo|Xermade	ES	Galicia	Lugo	Xermade	Miraz (San Pedro)	Souto, O	Medoña do Monte do Castro 2	Xunta PBA Catálogo. Elementos (xuño 2026)	official_catalogue_seed	30310	GA27021032	Túmulo	-		-7.841971481704112	43.39391537896381	catalogue_point_wgs84	medium_official_name_or_type	hilltop_hint	hilltop_or_ridge_proxy			P1	positive_seed_requires_qgis_boundary_review	120.0	-7.84513626,43.39161570,-7.83880671,43.39621506				exclude_until_independent_label_review	0.00	2026-08-01T00:00:00Z
wl-pos-pos-es-pba-30423	pos-es-pba-30423	1	positive	exclude_probable_name_false_positive	name/type looks like modern or non-castro heritage item	excluded_review	excluded	ES|Lugo|Xermade	ES	Galicia	Lugo	Xermade	Cazás (San Xulián)	Rosende	Cruceiro do Castro	Xunta PBA Catálogo. Elementos (xuño 2026)	official_catalogue_seed	30423	-		CRU		-7.776357477847035	43.311642155071915	catalogue_point_wgs84	medium_official_name_or_type	generic_castro_hint	unknown_terrain_pending_visual_review			P2	positive_seed_requires_qgis_boundary_review	110.0	-7.77951797,43.30934248,-7.77319699,43.31394183				exclude_until_independent_label_review	0.00	2026-08-01T00:00:00Z
wl-pos-pos-es-pba-43801	pos-es-pba-43801	1	positive	exclude_probable_name_false_positive	name/type looks like modern or non-castro heritage item	excluded_review	excluded	ES|Ourense|A Arnoia	ES	Galicia	Ourense	A Arnoia	A Arnoia (San Salvador)	Rial, O	Casa de Castro	Xunta PBA Catálogo. Elementos (xuño 2026)	official_catalogue_seed	43801	-		-		-8.12660565020516	42.24112634327623	catalogue_point_wgs84	medium_official_name_or_type	generic_castro_hint	unknown_terrain_pending_visual_review			P2	positive_seed_requires_qgis_boundary_review	110.0	-8.12971197,42.23882667,-8.12349933,42.24342602				exclude_until_independent_label_review	0.00	2026-08-01T00:00:00Z
wl-pos-pos-es-pba-47366	pos-es-pba-47366	1	positive	exclude_probable_name_false_positive	name/type looks like modern or non-castro heritage item	excluded_review	excluded	ES|Ourense|A Bola	ES	Galicia	Ourense	A Bola	Santa Baia de Berredo (Santa Baia)	Castro, O	Hórreos no Castro	Xunta PBA Catálogo. Elementos (xuño 2026)	official_catalogue_seed	47366	-		HOR		-7.907282129035387	42.14437509938464	catalogue_point_wgs84	medium_official_name_or_type	generic_castro_hint	unknown_terrain_pending_visual_review			P2	positive_seed_requires_qgis_boundary_review	110.0	-7.91038370,42.14207542,-7.90418056,42.14667478				exclude_until_independent_label_review	0.00	2026-08-01T00:00:00Z
wl-pos-pos-es-pba-52449	pos-es-pba-52449	1	positive	exclude_probable_name_false_positive	name/type looks like modern or non-castro heritage item	excluded_review	excluded	ES|Ourense|A Mezquita	ES	Galicia	Ourense	A Mezquita	Castromil (Nosa Señora da Encarnación)	Castromil	Igrexa de Castromil (Parroquial de Nosa Señora da Encarnación)	Xunta PBA Catálogo. Elementos (xuño 2026)	official_catalogue_seed	52449	-	Igrexa	-		-6.981696991704526	42.00715403081472	catalogue_point_wgs84	medium_official_name_or_type	generic_castro_hint	unknown_terrain_pending_visual_review			P2	positive_seed_requires_qgis_boundary_review	110.0	-6.98479186,42.00485435,-6.97860212,42.00945371				exclude_until_independent_label_review	0.00	2026-08-01T00:00:00Z
wl-pos-pos-es-pba-52898	pos-es-pba-52898	1	positive	exclude_probable_name_false_positive	name/type looks like modern or non-castro heritage item	excluded_review	excluded	ES|Ourense|A Mezquita	ES	Galicia	Ourense	A Mezquita	Castromil (Nosa Señora da Encarnación)	Castromil	Cruz en Castromil	Xunta PBA Catálogo. Elementos (xuño 2026)	official_catalogue_seed	52898	-		CRU		-6.981734620509803	42.00710966236039	catalogue_point_wgs84	medium_official_name_or_type	generic_castro_hint	unknown_terrain_pending_visual_review			P2	positive_seed_requires_qgis_boundary_review	110.0	-6.98482949,42.00480999,-6.97863975,42.00940934				exclude_until_independent_label_review	0.00	2026-08-01T00:00:00Z
wl-pos-pos-es-pba-55403	pos-es-pba-55403	1	positive	exclude_ambiguous_positive_seed	positive seed too ambiguous for weak-label training	excluded_review	excluded	ES|Ourense|A Pobra de Trives	ES	Galicia	Ourense	A Pobra de Trives	Piñeiro (San Sebastián)	Corga, A	Pombal do Pazo da Corga en Castrelo	Xunta PBA Catálogo. Elementos (xuño 2026)	official_catalogue_seed	55403	-		-		-7.240558890024571	42.33897109759015	catalogue_point_wgs84	medium_official_name_or_type	castrel_toponym_hint	unknown_terrain_pending_visual_review			P1	positive_seed_requires_qgis_boundary_review	100.0	-7.24367004,42.33667142,-7.23744774,42.34127077				exclude_until_independent_label_review	0.00	2026-08-01T00:00:00Z
wl-pos-pos-es-pba-55876	pos-es-pba-55876	1	positive	exclude_probable_name_false_positive	name/type looks like modern or non-castro heritage item	excluded_review	excluded	ES|Ourense|A Pobra de Trives	ES	Galicia	Ourense	A Pobra de Trives	O Castro (San Nicolao)	Castro, O	Igrexa do Castro (Parroquial de San Nicolao)	Xunta PBA Catálogo. Elementos (xuño 2026)	official_catalogue_seed	55876	-	Igrexa	-		-7.276488106210071	42.32081197480909	catalogue_point_wgs84	medium_official_name_or_type	generic_castro_hint	unknown_terrain_pending_visual_review			P2	positive_seed_requires_qgis_boundary_review	110.0	-7.27959836,42.31851230,-7.27337786,42.32311165				exclude_until_independent_label_review	0.00	2026-08-01T00:00:00Z
wl-pos-pos-es-pba-55966	pos-es-pba-55966	1	positive	exclude_ambiguous_positive_seed	positive seed too ambiguous for weak-label training	excluded_review	excluded	ES|Ourense|A Pobra de Trives	ES	Galicia	Ourense	A Pobra de Trives	Piñeiro (San Sebastián)	Castrelo	Castrelo de Piñeiro	Xunta PBA Catálogo. Elementos (xuño 2026)	official_catalogue_seed	55966	GA32063005		-		-7.245669437345352	42.345402255386176	catalogue_point_wgs84	medium_official_name_or_type	castrel_toponym_hint	unknown_terrain_pending_visual_review			P1	positive_seed_requires_qgis_boundary_review	100.0	-7.24878090,42.34310258,-7.24255797,42.34770193				exclude_until_independent_label_review	0.00	2026-08-01T00:00:00Z
wl-pos-pos-es-pba-56830	pos-es-pba-56830	1	positive	exclude_ambiguous_positive_seed	positive seed too ambiguous for weak-label training	excluded_review	excluded	ES|Ourense|A Rúa	ES	Galicia	Ourense	A Rúa	A Rúa de Valdeorras (Santo Estevo)	Fontei	O Castrillón	Xunta PBA Catálogo. Elementos (xuño 2026)	official_catalogue_seed	56830	GA32072003		-		-7.115984094187127	42.40083710222588	catalogue_point_wgs84	medium_official_name_or_type	castrel_toponym_hint	unknown_terrain_pending_visual_review			P1	positive_seed_requires_qgis_boundary_review	100.0	-7.11909831,42.39853743,-7.11286988,42.40313678				exclude_until_independent_label_review	0.00	2026-08-01T00:00:00Z
wl-pos-pos-es-pba-57607	pos-es-pba-57607	1	positive	exclude_ambiguous_positive_seed	positive seed too ambiguous for weak-label training	excluded_review	excluded	ES|Ourense|A Veiga	ES	Galicia	Ourense	A Veiga	Castromao (Santa María)	Castromao	Capela de San Roque de Castromao	Xunta PBA Catálogo. Elementos (xuño 2026)	official_catalogue_seed	57607	-		-		-7.053052727666993	42.23774130122364	catalogue_point_wgs84	medium_official_name_or_type	generic_castro_hint	unknown_terrain_pending_visual_review			P2	positive_seed_requires_qgis_boundary_review	110.0	-7.05615888,42.23544162,-7.04994658,42.24004098				exclude_until_independent_label_review	0.00	2026-08-01T00:00:00Z
wl-pos-pos-es-pba-57680	pos-es-pba-57680	1	positive	exclude_probable_name_false_positive	name/type looks like modern or non-castro heritage item	excluded_review	excluded	ES|Ourense|A Veiga	ES	Galicia	Ourense	A Veiga	Castromarigo (San Miguel)	Eirexa, A	Casa grande en Castromarigo	Xunta PBA Catálogo. Elementos (xuño 2026)	official_catalogue_seed	57680	-		-		-7.032508900813397	42.271324280813324	catalogue_point_wgs84	medium_official_name_or_type	coastal_promontory_hint	coastal_or_promontory_proxy			P0	positive_seed_requires_qgis_boundary_review	150.0	-7.03561671,42.26902460,-7.02940109,42.27362396				exclude_until_independent_label_review	0.00	2026-08-01T00:00:00Z
wl-pos-pos-es-pba-57744	pos-es-pba-57744	1	positive	exclude_probable_name_false_positive	name/type looks like modern or non-castro heritage item	excluded_review	excluded	ES|Ourense|A Veiga	ES	Galicia	Ourense	A Veiga	Castromarigo (San Miguel)	Eirexa, A	Casa á beira da igrexa de Castromarigo	Xunta PBA Catálogo. Elementos (xuño 2026)	official_catalogue_seed	57744	-		-		-7.033761937941064	42.271192680768955	catalogue_point_wgs84	medium_official_name_or_type	coastal_promontory_hint	coastal_or_promontory_proxy			P0	positive_seed_requires_qgis_boundary_review	150.0	-7.03686974,42.26889300,-7.03065414,42.27349236				exclude_until_independent_label_review	0.00	2026-08-01T00:00:00Z
wl-pos-pos-es-pba-57778	pos-es-pba-57778	1	positive	exclude_probable_name_false_positive	name/type looks like modern or non-castro heritage item	excluded_review	excluded	ES|Ourense|A Veiga	ES	Galicia	Ourense	A Veiga	Castromao (Santa María)	Eirexa, A	Casa no contorno do barrio da igrexa de Castromao	Xunta PBA Catálogo. Elementos (xuño 2026)	official_catalogue_seed	57778	-		-		-7.056321520548567	42.23824704941866	catalogue_point_wgs84	medium_official_name_or_type	valley_or_river_edge_hint	valley_or_river_edge_proxy			P1	positive_seed_requires_qgis_boundary_review	120.0	-7.05942770,42.23594737,-7.05321534,42.24054673				exclude_until_independent_label_review	0.00	2026-08-01T00:00:00Z
wl-pos-pos-es-pba-57781	pos-es-pba-57781	1	positive	exclude_probable_name_false_positive	name/type looks like modern or non-castro heritage item	excluded_review	excluded	ES|Ourense|A Veiga	ES	Galicia	Ourense	A Veiga	Castromao (Santa María)	Eirexa, A	Casa reitoral de Castromao	Xunta PBA Catálogo. Elementos (xuño 2026)	official_catalogue_seed	57781	-		-		-7.056974092181141	42.23712338092618	catalogue_point_wgs84	medium_official_name_or_type	generic_castro_hint	unknown_terrain_pending_visual_review			P2	positive_seed_requires_qgis_boundary_review	110.0	-7.06008021,42.23482370,-7.05386797,42.23942306				exclude_until_independent_label_review	0.00	2026-08-01T00:00:00Z
wl-pos-pos-es-pba-59191	pos-es-pba-59191	1	positive	exclude_probable_name_false_positive	name/type looks like modern or non-castro heritage item	excluded_review	excluded	ES|Ourense|A Veiga	ES	Galicia	Ourense	A Veiga	Castromao (Santa María)	Eirexa, A	Pombal da casa reitoral de Castromao	Xunta PBA Catálogo. Elementos (xuño 2026)	official_catalogue_seed	59191	-		-		-7.056919328920037	42.23693333136655	catalogue_point_wgs84	medium_official_name_or_type	generic_castro_hint	unknown_terrain_pending_visual_review			P2	positive_seed_requires_qgis_boundary_review	110.0	-7.06002544,42.23463365,-7.05381322,42.23923301				exclude_until_independent_label_review	0.00	2026-08-01T00:00:00Z
wl-pos-pos-es-pba-59220	pos-es-pba-59220	1	positive	exclude_ambiguous_positive_seed	positive seed too ambiguous for weak-label training	excluded_review	excluded	ES|Ourense|A Veiga	ES	Galicia	Ourense	A Veiga	Castromarigo (San Miguel)	Eirexa, A	Pombal en Castromarigo	Xunta PBA Catálogo. Elementos (xuño 2026)	official_catalogue_seed	59220	-		-		-7.033176857373032	42.27129071345944	catalogue_point_wgs84	medium_official_name_or_type	coastal_promontory_hint	coastal_or_promontory_proxy			P0	positive_seed_requires_qgis_boundary_review	150.0	-7.03628466,42.26899104,-7.03006905,42.27359039				exclude_until_independent_label_review	0.00	2026-08-01T00:00:00Z
wl-pos-pos-es-pba-59458	pos-es-pba-59458	1	positive	exclude_ambiguous_positive_seed	positive seed too ambiguous for weak-label training	excluded_review	excluded	ES|Ourense|A Veiga	ES	Galicia	Ourense	A Veiga	Castromao (Santa María)	Cima da Aldea	Grupo de casas na cima de aldea de Castromao	Xunta PBA Catálogo. Elementos (xuño 2026)	official_catalogue_seed	59458	-		-		-7.048741363969603	42.23764099386706	catalogue_point_wgs84	medium_official_name_or_type	generic_castro_hint	unknown_terrain_pending_visual_review			P2	positive_seed_requires_qgis_boundary_review	110.0	-7.05184751,42.23534132,-7.04563522,42.23994067				exclude_until_independent_label_review	0.00	2026-08-01T00:00:00Z
wl-pos-pos-es-pba-59461	pos-es-pba-59461	1	positive	exclude_ambiguous_positive_seed	positive seed too ambiguous for weak-label training	excluded_review	excluded	ES|Ourense|A Veiga	ES	Galicia	Ourense	A Veiga	Castromao (Santa María)	Castromao	Grupo de casas no fondo da aldea de Castromao	Xunta PBA Catálogo. Elementos (xuño 2026)	official_catalogue_seed	59461	-		-		-7.053558427017696	42.23784895073194	catalogue_point_wgs84	medium_official_name_or_type	generic_castro_hint	unknown_terrain_pending_visual_review			P2	positive_seed_requires_qgis_boundary_review	110.0	-7.05666458,42.23554927,-7.05045227,42.24014863				exclude_until_independent_label_review	0.00	2026-08-01T00:00:00Z
wl-pos-pos-es-pba-59532	pos-es-pba-59532	1	positive	exclude_probable_name_false_positive	name/type looks like modern or non-castro heritage item	excluded_review	excluded	ES|Ourense|A Veiga	ES	Galicia	Ourense	A Veiga	Castromao (Santa María)	Eirexa, A	Igrexa de Castromao (Parroquial de Santa María)	Xunta PBA Catálogo. Elementos (xuño 2026)	official_catalogue_seed	59532	-	Igrexa	-		-7.057213074409655	42.23683924533819	catalogue_point_wgs84	medium_official_name_or_type	coastal_promontory_hint	coastal_or_promontory_proxy			P0	positive_seed_requires_qgis_boundary_review	150.0	-7.06031918,42.23453957,-7.05410697,42.23913892				exclude_until_independent_label_review	0.00	2026-08-01T00:00:00Z
wl-pos-pos-es-pba-59533	pos-es-pba-59533	1	positive	exclude_probable_name_false_positive	name/type looks like modern or non-castro heritage item	excluded_review	excluded	ES|Ourense|A Veiga	ES	Galicia	Ourense	A Veiga	Castromarigo (San Miguel)	Eirexa, A	Igrexa de Castromarigo (Parroquial de San Miguel)	Xunta PBA Catálogo. Elementos (xuño 2026)	official_catalogue_seed	59533	-	Igrexa	-		-7.034104073584619	42.27110849084823	catalogue_point_wgs84	medium_official_name_or_type	coastal_promontory_hint	coastal_or_promontory_proxy			P0	positive_seed_requires_qgis_boundary_review	150.0	-7.03721187,42.26880881,-7.03099628,42.27340817				exclude_until_independent_label_review	0.00	2026-08-01T00:00:00Z
wl-pos-pos-es-pba-59677	pos-es-pba-59677	1	positive	exclude_ambiguous_positive_seed	positive seed too ambiguous for weak-label training	excluded_review	excluded	ES|Ourense|A Veiga	ES	Galicia	Ourense	A Veiga	Castromao (Santa María)	Castromao	Muíños en Castromao	Xunta PBA Catálogo. Elementos (xuño 2026)	official_catalogue_seed	59677	-		-		-7.0541582656469	42.238048253508836	catalogue_point_wgs84	medium_official_name_or_type	generic_castro_hint	unknown_terrain_pending_visual_review			P2	positive_seed_requires_qgis_boundary_review	110.0	-7.05726443,42.23574858,-7.05105210,42.24034793				exclude_until_independent_label_review	0.00	2026-08-01T00:00:00Z
wl-pos-pos-es-pba-43668	pos-es-pba-43668	1	positive	exclude_probable_name_false_positive	name/type looks like modern or non-castro heritage item	excluded_review	excluded	ES|Ourense|Amoeiro	ES	Galicia	Ourense	Amoeiro	Trasalba (San Pedro)	Formigueiro, O	Petróglifo do Coto de Castro 2	Xunta PBA Catálogo. Elementos (xuño 2026)	official_catalogue_seed	43668	GA32002038	Petróglifo	ARU		-7.971646425945026	42.378262125507554	catalogue_point_wgs84	medium_official_name_or_type	hilltop_hint	hilltop_or_ridge_proxy			P1	positive_seed_requires_qgis_boundary_review	120.0	-7.97475952,42.37596245,-7.96853333,42.38056180				exclude_until_independent_label_review	0.00	2026-08-01T00:00:00Z
wl-pos-pos-es-pba-43669	pos-es-pba-43669	1	positive	exclude_probable_name_false_positive	name/type looks like modern or non-castro heritage item	excluded_review	excluded	ES|Ourense|Amoeiro	ES	Galicia	Ourense	Amoeiro	Trasalba (San Pedro)	Formigueiro, O	Petróglifo do Coto de Castro 2	Xunta PBA Catálogo. Elementos (xuño 2026)	official_catalogue_seed	43669	GA32002038	Petróglifo	ARU		-7.971877630121136	42.37818570081455	catalogue_point_wgs84	medium_official_name_or_type	hilltop_hint	hilltop_or_ridge_proxy			P1	positive_seed_requires_qgis_boundary_review	120.0	-7.97499072,42.37588602,-7.96876454,42.38048538				exclude_until_independent_label_review	0.00	2026-08-01T00:00:00Z
wl-pos-pos-es-pba-43670	pos-es-pba-43670	1	positive	exclude_probable_name_false_positive	name/type looks like modern or non-castro heritage item	excluded_review	excluded	ES|Ourense|Amoeiro	ES	Galicia	Ourense	Amoeiro	Trasalba (San Pedro)	Formigueiro, O	Petróglifo do Coto de Castro 2	Xunta PBA Catálogo. Elementos (xuño 2026)	official_catalogue_seed	43670	GA32002038	Petróglifo	ARU		-7.971974644399004	42.378571806059576	catalogue_point_wgs84	medium_official_name_or_type	hilltop_hint	hilltop_or_ridge_proxy			P1	positive_seed_requires_qgis_boundary_review	120.0	-7.97508775,42.37627213,-7.96886154,42.38087148				exclude_until_independent_label_review	0.00	2026-08-01T00:00:00Z
wl-pos-pos-es-pba-43760	pos-es-pba-43760	1	positive	exclude_probable_name_false_positive	name/type looks like modern or non-castro heritage item	excluded_review	excluded	ES|Ourense|Amoeiro	ES	Galicia	Ourense	Amoeiro	Trasalba (San Pedro)	Formigueiro, O	Petróglifo do Coto do Castro 1	Xunta PBA Catálogo. Elementos (xuño 2026)	official_catalogue_seed	43760	GA32002011	Petróglifo	ARU		-7.971359430876622	42.380125634443964	catalogue_point_wgs84	medium_official_name_or_type	hilltop_hint	hilltop_or_ridge_proxy			P1	positive_seed_requires_qgis_boundary_review	120.0	-7.97447262,42.37782596,-7.96824625,42.38242531				exclude_until_independent_label_review	0.00	2026-08-01T00:00:00Z
wl-pos-pos-es-pba-43791	pos-es-pba-43791	1	positive	exclude_probable_name_false_positive	name/type looks like modern or non-castro heritage item	excluded_review	excluded	ES|Ourense|Amoeiro	ES	Galicia	Ourense	Amoeiro	Trasalba (San Pedro)	Formigueiro, O	Coto do Castro	Xunta PBA Catálogo. Elementos (xuño 2026)	official_catalogue_seed	43791	GA32002012		ARU		-7.971929796265196	42.378440519705244	catalogue_point_wgs84	medium_official_name_or_type	hilltop_hint	hilltop_or_ridge_proxy			P1	positive_seed_requires_qgis_boundary_review	120.0	-7.97504290,42.37614084,-7.96881669,42.38074020				exclude_until_independent_label_review	0.00	2026-08-01T00:00:00Z
wl-pos-pos-es-pba-47767	pos-es-pba-47767	1	positive	exclude_ambiguous_positive_seed	positive seed too ambiguous for weak-label training	excluded_review	excluded	ES|Ourense|Carballeda de Valdeorras	ES	Galicia	Ourense	Carballeda de Valdeorras	Domiz (San Bernabeu)	Domiz	O Castrillón	Xunta PBA Catálogo. Elementos (xuño 2026)	official_catalogue_seed	47767	GA32017011		-		-6.921709852370805	42.38910485356913	catalogue_point_wgs84	medium_official_name_or_type	castrel_toponym_hint	unknown_terrain_pending_visual_review			P1	positive_seed_requires_qgis_boundary_review	100.0	-6.92482348,42.38680518,-6.91859622,42.39140453				exclude_until_independent_label_review	0.00	2026-08-01T00:00:00Z
wl-pos-pos-es-pba-47768	pos-es-pba-47768	1	positive	exclude_ambiguous_positive_seed	positive seed too ambiguous for weak-label training	excluded_review	excluded	ES|Ourense|Carballeda de Valdeorras	ES	Galicia	Ourense	Carballeda de Valdeorras	Carballeda (San Vicenzo)	Bascois	O Castrillón	Xunta PBA Catálogo. Elementos (xuño 2026)	official_catalogue_seed	47768	GA32017013		-		-6.890356635665673	42.37886558433544	catalogue_point_wgs84	medium_official_name_or_type	castrel_toponym_hint	unknown_terrain_pending_visual_review			P1	positive_seed_requires_qgis_boundary_review	100.0	-6.89346976,42.37656591,-6.88724351,42.38116526				exclude_until_independent_label_review	0.00	2026-08-01T00:00:00Z
wl-pos-pos-es-pba-47772	pos-es-pba-47772	1	positive	exclude_ambiguous_positive_seed	positive seed too ambiguous for weak-label training	excluded_review	excluded	ES|Ourense|Carballeda de Valdeorras	ES	Galicia	Ourense	Carballeda de Valdeorras	Carballeda (San Vicenzo)	Carballeda	Os Castrelos	Xunta PBA Catálogo. Elementos (xuño 2026)	official_catalogue_seed	47772	GA32017014		-		-6.881477366511087	42.38257184558385	catalogue_point_wgs84	medium_official_name_or_type	castrel_toponym_hint	unknown_terrain_pending_visual_review			P1	positive_seed_requires_qgis_boundary_review	100.0	-6.88459067,42.38027217,-6.87836406,42.38487152				exclude_until_independent_label_review	0.00	2026-08-01T00:00:00Z
wl-pos-pos-es-pba-47224	pos-es-pba-47224	1	positive	exclude_probable_name_false_positive	name/type looks like modern or non-castro heritage item	excluded_review	excluded	ES|Ourense|Castrelo de Miño	ES	Galicia	Ourense	Castrelo de Miño	Castrelo de Miño (Santa María)	Santa María	Igrexa de Castrelo de Miño (Parroquial de Santa María)	Xunta PBA Catálogo. Elementos (xuño 2026)	official_catalogue_seed	47224	-	Igrexa	-		-8.115207678664598	42.29088798895593	catalogue_point_wgs84	medium_official_name_or_type	coastal_promontory_hint	coastal_or_promontory_proxy			P0	positive_seed_requires_qgis_boundary_review	150.0	-8.11831645,42.28858831,-8.11209891,42.29318767				exclude_until_independent_label_review	0.00	2026-08-01T00:00:00Z
wl-pos-pos-es-pba-47226	pos-es-pba-47226	1	positive	exclude_probable_name_false_positive	name/type looks like modern or non-castro heritage item	excluded_review	excluded	ES|Ourense|Castrelo de Miño	ES	Galicia	Ourense	Castrelo de Miño	Ponte Castrelo (Santo Estevo)	Santo Estevo	Igrexa de Ponte Castrelo (Parroquial de Santo Estevo)	Xunta PBA Catálogo. Elementos (xuño 2026)	official_catalogue_seed	47226	-	Igrexa	-		-8.085241240823526	42.298803373989536	catalogue_point_wgs84	medium_official_name_or_type	castrel_toponym_hint	unknown_terrain_pending_visual_review			P1	positive_seed_requires_qgis_boundary_review	100.0	-8.08835040,42.29650370,-8.08213208,42.30110305				exclude_until_independent_label_review	0.00	2026-08-01T00:00:00Z
wl-pos-pos-es-pba-47289	pos-es-pba-47289	1	positive	exclude_ambiguous_positive_seed	positive seed too ambiguous for weak-label training	excluded_review	excluded	ES|Ourense|Castrelo de Miño	ES	Galicia	Ourense	Castrelo de Miño	Castrelo de Miño (Santa María)	Santa Cristina	Ponte Castrelo	Xunta PBA Catálogo. Elementos (xuño 2026)	official_catalogue_seed	47289	-		-		-8.121071862675796	42.289627199790246	catalogue_point_wgs84	medium_official_name_or_type	castrel_toponym_hint	unknown_terrain_pending_visual_review			P1	positive_seed_requires_qgis_boundary_review	100.0	-8.12418057,42.28732752,-8.11796315,42.29192688				exclude_until_independent_label_review	0.00	2026-08-01T00:00:00Z
wl-pos-pos-es-pba-46858	pos-es-pba-46858	1	positive	exclude_probable_name_false_positive	name/type looks like modern or non-castro heritage item	excluded_review	excluded	ES|Ourense|Castrelo do Val	ES	Galicia	Ourense	Castrelo do Val	Castrelo do Val (Santa María)	Castrelo do Val	Fonte e lavadoiro da igrexa en Castrelo do Val	Xunta PBA Catálogo. Elementos (xuño 2026)	official_catalogue_seed	46858	-		-		-7.426128255702362	41.993170531518196	catalogue_point_wgs84	medium_official_name_or_type	castrel_toponym_hint	valley_or_river_edge_proxy			P1	positive_seed_requires_qgis_boundary_review	100.0	-7.42922244,41.99087085,-7.42303407,41.99547021				exclude_until_independent_label_review	0.00	2026-08-01T00:00:00Z
wl-pos-pos-es-pba-46861	pos-es-pba-46861	1	positive	exclude_ambiguous_positive_seed	positive seed too ambiguous for weak-label training	excluded_review	excluded	ES|Ourense|Castrelo do Val	ES	Galicia	Ourense	Castrelo do Val	Castrelo do Val (Santa María)	Castrelo do Val	Forno comunal de Castrelo do Val	Xunta PBA Catálogo. Elementos (xuño 2026)	official_catalogue_seed	46861	-		-		-7.425527804750996	41.99108183643575	catalogue_point_wgs84	medium_official_name_or_type	castrel_toponym_hint	valley_or_river_edge_proxy			P1	positive_seed_requires_qgis_boundary_review	100.0	-7.42862189,41.98878216,-7.42243372,41.99338151				exclude_until_independent_label_review	0.00	2026-08-01T00:00:00Z
wl-pos-pos-es-pba-47182	pos-es-pba-47182	1	positive	exclude_probable_name_false_positive	name/type looks like modern or non-castro heritage item	excluded_review	excluded	ES|Ourense|Castrelo do Val	ES	Galicia	Ourense	Castrelo do Val	Castrelo do Val (Santa María)	Castrelo do Val	Casa reitoral de Castrelo do Val	Xunta PBA Catálogo. Elementos (xuño 2026)	official_catalogue_seed	47182	-		-		-7.422887479420805	41.990937508955525	catalogue_point_wgs84	medium_official_name_or_type	castrel_toponym_hint	valley_or_river_edge_proxy			P1	positive_seed_requires_qgis_boundary_review	100.0	-7.42598156,41.98863783,-7.41979340,41.99323719				exclude_until_independent_label_review	0.00	2026-08-01T00:00:00Z
wl-pos-pos-es-pba-47310	pos-es-pba-47310	1	positive	exclude_probable_name_false_positive	name/type looks like modern or non-castro heritage item	excluded_review	excluded	ES|Ourense|Castrelo do Val	ES	Galicia	Ourense	Castrelo do Val	Castrelo do Val (Santa María)	Castrelo do Val	Fachada da antiga igrexa de Castrelo do Val	Xunta PBA Catálogo. Elementos (xuño 2026)	official_catalogue_seed	47310	-	Igrexa	-		-7.425582937299757	41.99325311523266	catalogue_point_wgs84	medium_official_name_or_type	castrel_toponym_hint	valley_or_river_edge_proxy			P1	positive_seed_requires_qgis_boundary_review	100.0	-7.42867713,41.99095344,-7.42248875,41.99555279				exclude_until_independent_label_review	0.00	2026-08-01T00:00:00Z
wl-pos-pos-es-pba-47316	pos-es-pba-47316	1	positive	exclude_probable_name_false_positive	name/type looks like modern or non-castro heritage item	excluded_review	excluded	ES|Ourense|Castrelo do Val	ES	Galicia	Ourense	Castrelo do Val	Castrelo do Val (Santa María)	Castrelo do Val	Fonte das parras en Castrelo do Val	Xunta PBA Catálogo. Elementos (xuño 2026)	official_catalogue_seed	47316	-		-		-7.4220841266354425	41.99169200381022	catalogue_point_wgs84	medium_official_name_or_type	castrel_toponym_hint	valley_or_river_edge_proxy			P1	positive_seed_requires_qgis_boundary_review	100.0	-7.42517824,41.98939233,-7.41899001,41.99399168				exclude_until_independent_label_review	0.00	2026-08-01T00:00:00Z
wl-pos-pos-es-pba-48406	pos-es-pba-48406	1	positive	exclude_probable_name_false_positive	name/type looks like modern or non-castro heritage item	excluded_review	excluded	ES|Ourense|Celanova	ES	Galicia	Ourense	Celanova	Castromao (Santa María)	Castromao	Igrexa de Castromao (Parroquial de Santa María)	Xunta PBA Catálogo. Elementos (xuño 2026)	official_catalogue_seed	48406	-	Igrexa	-		-7.97472358290319	42.16177633529812	catalogue_point_wgs84	medium_official_name_or_type	coastal_promontory_hint	coastal_or_promontory_proxy			P0	positive_seed_requires_qgis_boundary_review	150.0	-7.97782600,42.15947666,-7.97162116,42.16407601				exclude_until_independent_label_review	0.00	2026-08-01T00:00:00Z
wl-pos-pos-es-pba-48435	pos-es-pba-48435	1	positive	exclude_probable_name_false_positive	name/type looks like modern or non-castro heritage item	excluded_review	excluded	ES|Ourense|Celanova	ES	Galicia	Ourense	Celanova	Castromao (Santa María)	Castromao	Cruceiro de Castromao	Xunta PBA Catálogo. Elementos (xuño 2026)	official_catalogue_seed	48435	-		CRU		-7.975210026563453	42.16388814799632	catalogue_point_wgs84	medium_official_name_or_type	generic_castro_hint	unknown_terrain_pending_visual_review			P2	positive_seed_requires_qgis_boundary_review	110.0	-7.97831255,42.16158847,-7.97210750,42.16618782				exclude_until_independent_label_review	0.00	2026-08-01T00:00:00Z
wl-pos-pos-es-pba-49183	pos-es-pba-49183	1	positive	exclude_probable_name_false_positive	name/type looks like modern or non-castro heritage item	excluded_review	excluded	ES|Ourense|Entrimo	ES	Galicia	Ourense	Entrimo	Entrimo (Santa María a Real)	Terrachá, A	Casa Museo doutor Luis de Castro García	Xunta PBA Catálogo. Elementos (xuño 2026)	official_catalogue_seed	49183	-		-		-8.11655351128429	41.93121045116877	catalogue_point_wgs84	medium_official_name_or_type	generic_castro_hint	unknown_terrain_pending_visual_review			P2	positive_seed_requires_qgis_boundary_review	110.0	-8.11964469,41.92891077,-8.11346233,41.93351013				exclude_until_independent_label_review	0.00	2026-08-01T00:00:00Z
wl-pos-pos-es-pba-51598	pos-es-pba-51598	1	positive	exclude_ambiguous_positive_seed	positive seed too ambiguous for weak-label training	excluded_review	excluded	ES|Ourense|Larouco	ES	Galicia	Ourense	Larouco	Larouco (Santa María)	Chandoiro	O Castrillón	Xunta PBA Catálogo. Elementos (xuño 2026)	official_catalogue_seed	51598	GA32038003		-		-7.168816980275174	42.33373512402636	catalogue_point_wgs84	medium_official_name_or_type	castrel_toponym_hint	unknown_terrain_pending_visual_review			P1	positive_seed_requires_qgis_boundary_review	100.0	-7.17192787,42.33143545,-7.16570609,42.33603480				exclude_until_independent_label_review	0.00	2026-08-01T00:00:00Z
wl-pos-pos-es-pba-51762	pos-es-pba-51762	1	positive	exclude_probable_name_false_positive	name/type looks like modern or non-castro heritage item	excluded_review	excluded	ES|Ourense|Laza	ES	Galicia	Ourense	Laza	O Castro de Laza (San Pedro)	Castro, O	Casa reitoral do Castro de Laza	Xunta PBA Catálogo. Elementos (xuño 2026)	official_catalogue_seed	51762	-		-		-7.488119832134549	42.08553467596575	catalogue_point_wgs84	medium_official_name_or_type	generic_castro_hint	unknown_terrain_pending_visual_review			P2	positive_seed_requires_qgis_boundary_review	110.0	-7.49121852,42.08323500,-7.48502114,42.08783435				exclude_until_independent_label_review	0.00	2026-08-01T00:00:00Z
wl-pos-pos-es-pba-51892	pos-es-pba-51892	1	positive	exclude_probable_name_false_positive	name/type looks like modern or non-castro heritage item	excluded_review	excluded	ES|Ourense|Laza	ES	Galicia	Ourense	Laza	O Castro de Laza (San Pedro)	Castro, O	Igrexa do Castro de Laza (Parroquial de San Pedro)	Xunta PBA Catálogo. Elementos (xuño 2026)	official_catalogue_seed	51892	-	Igrexa	-		-7.487763218954641	42.085277802394515	catalogue_point_wgs84	medium_official_name_or_type	generic_castro_hint	unknown_terrain_pending_visual_review			P2	positive_seed_requires_qgis_boundary_review	110.0	-7.49086190,42.08297813,-7.48466454,42.08757748				exclude_until_independent_label_review	0.00	2026-08-01T00:00:00Z
wl-pos-pos-es-pba-51116	pos-es-pba-51116	1	positive	exclude_probable_name_false_positive	name/type looks like modern or non-castro heritage item	excluded_review	excluded	ES|Ourense|Maceda	ES	Galicia	Ourense	Maceda	Castro de Escuadro (Santa Baia)	Escuadro	Igrexa de Castro de Escuadro (Parroquial de Santa Baia)	Xunta PBA Catálogo. Elementos (xuño 2026)	official_catalogue_seed	51116	-	Igrexa	-		-7.563762416582869	42.22877638689718	catalogue_point_wgs84	medium_official_name_or_type	generic_castro_hint	unknown_terrain_pending_visual_review			P2	positive_seed_requires_qgis_boundary_review	110.0	-7.56686813,42.22647671,-7.56065671,42.23107606				exclude_until_independent_label_review	0.00	2026-08-01T00:00:00Z
wl-pos-pos-es-pba-51007	pos-es-pba-51007	1	positive	exclude_ambiguous_positive_seed	positive seed too ambiguous for weak-label training	excluded_review	excluded	ES|Ourense|Manzaneda	ES	Galicia	Ourense	Manzaneda	Soutipedre (San Marcos)	Soutipedre	O Castrellón	Xunta PBA Catálogo. Elementos (xuño 2026)	official_catalogue_seed	51007	GA32044006		-		-7.172832118943793	42.30202896714181	catalogue_point_wgs84	medium_official_name_or_type	castrel_toponym_hint	unknown_terrain_pending_visual_review			P1	positive_seed_requires_qgis_boundary_review	100.0	-7.17594144,42.29972929,-7.16972280,42.30432864				exclude_until_independent_label_review	0.00	2026-08-01T00:00:00Z
wl-pos-pos-es-pba-51008	pos-es-pba-51008	1	positive	exclude_ambiguous_positive_seed	positive seed too ambiguous for weak-label training	excluded_review	excluded	ES|Ourense|Manzaneda	ES	Galicia	Ourense	Manzaneda	San Martiño de Manzaneda (San Martiño)	Seoane	O Castrillón	Xunta PBA Catálogo. Elementos (xuño 2026)	official_catalogue_seed	51008	GA32044004		-		-7.22718488790785	42.315774991231336	catalogue_point_wgs84	medium_official_name_or_type	castrel_toponym_hint	unknown_terrain_pending_visual_review			P1	positive_seed_requires_qgis_boundary_review	100.0	-7.23029489,42.31347531,-7.22407489,42.31807467				exclude_until_independent_label_review	0.00	2026-08-01T00:00:00Z
wl-pos-pos-es-pba-53015	pos-es-pba-53015	1	positive	exclude_probable_name_false_positive	name/type looks like modern or non-castro heritage item	excluded_review	excluded	ES|Ourense|Maside	ES	Galicia	Ourense	Maside	Amarante (Santa María)	Agro de Quinta, O	Mámoa do Monte do Castro	Xunta PBA Catálogo. Elementos (xuño 2026)	official_catalogue_seed	53015	GA32045003		-		-8.035970947887348	42.434536836464055	catalogue_point_wgs84	medium_official_name_or_type	hilltop_hint	hilltop_or_ridge_proxy			P1	positive_seed_requires_qgis_boundary_review	120.0	-8.03908684,42.43223716,-8.03285506,42.43683651				exclude_until_independent_label_review	0.00	2026-08-01T00:00:00Z
wl-pos-pos-es-pba-52888	pos-es-pba-52888	1	positive	exclude_probable_name_false_positive	name/type looks like modern or non-castro heritage item	excluded_review	excluded	ES|Ourense|Melón	ES	Galicia	Ourense	Melón	Quins (Santa María)	Barcia	Petróglifos do Castro	Xunta PBA Catálogo. Elementos (xuño 2026)	official_catalogue_seed	52888	GA32046012		ARU		-8.17227495854928	42.29202383776631	catalogue_point_wgs84	medium_official_name_or_type	generic_castro_hint	unknown_terrain_pending_visual_review			P2	positive_seed_requires_qgis_boundary_review	110.0	-8.17538379,42.28972416,-8.16916613,42.29432351				exclude_until_independent_label_review	0.00	2026-08-01T00:00:00Z
wl-pos-pos-es-pba-53954	pos-es-pba-53954	1	positive	exclude_probable_name_false_positive	name/type looks like modern or non-castro heritage item	excluded_review	excluded	ES|Ourense|Nogueira de Ramuín	ES	Galicia	Ourense	Nogueira de Ramuín	Armariz (San Cristovo)	Castrelo	Hórreo en Castrelo 1	Xunta PBA Catálogo. Elementos (xuño 2026)	official_catalogue_seed	53954	-		HOR		-7.718686104984749	42.37612144389966	catalogue_point_wgs84	medium_official_name_or_type	castrel_toponym_hint	unknown_terrain_pending_visual_review			P1	positive_seed_requires_qgis_boundary_review	100.0	-7.72179909,42.37382177,-7.71557312,42.37842112				exclude_until_independent_label_review	0.00	2026-08-01T00:00:00Z
wl-pos-pos-es-pba-53955	pos-es-pba-53955	1	positive	exclude_probable_name_false_positive	name/type looks like modern or non-castro heritage item	excluded_review	excluded	ES|Ourense|Nogueira de Ramuín	ES	Galicia	Ourense	Nogueira de Ramuín	Armariz (San Cristovo)	Castrelo	Hórreo en Castrelo 2	Xunta PBA Catálogo. Elementos (xuño 2026)	official_catalogue_seed	53955	-		HOR		-7.717897878471366	42.37605859557273	catalogue_point_wgs84	medium_official_name_or_type	castrel_toponym_hint	unknown_terrain_pending_visual_review			P1	positive_seed_requires_qgis_boundary_review	100.0	-7.72101086,42.37375892,-7.71478489,42.37835827				exclude_until_independent_label_review	0.00	2026-08-01T00:00:00Z
wl-pos-pos-es-pba-45737	pos-es-pba-45737	1	positive	exclude_probable_name_false_positive	name/type looks like modern or non-castro heritage item	excluded_review	excluded	ES|Ourense|O Barco de Valdeorras	ES	Galicia	Ourense	O Barco de Valdeorras	O Castro de Valdeorras (Santa María)	Castro, O	Igrexa do Castro de Valdeorras (Parroquial de Santa María)	Xunta PBA Catálogo. Elementos (xuño 2026)	official_catalogue_seed	45737	-	Igrexa	-		-6.993059588243781	42.427878206292185	catalogue_point_wgs84	medium_official_name_or_type	coastal_promontory_hint	coastal_or_promontory_proxy			P0	positive_seed_requires_qgis_boundary_review	150.0	-6.99617514,42.42557853,-6.98994403,42.43017788				exclude_until_independent_label_review	0.00	2026-08-01T00:00:00Z
wl-pos-pos-es-pba-45814	pos-es-pba-45814	1	positive	exclude_ambiguous_positive_seed	positive seed too ambiguous for weak-label training	excluded_review	excluded	ES|Ourense|O Barco de Valdeorras	ES	Galicia	Ourense	O Barco de Valdeorras	Santigoso (San Miguel)	Santigoso	O Castrillón	Xunta PBA Catálogo. Elementos (xuño 2026)	official_catalogue_seed	45814	GA32009013		-		-6.993183878494324	42.38416194286543	catalogue_point_wgs84	medium_official_name_or_type	castrel_toponym_hint	unknown_terrain_pending_visual_review			P1	positive_seed_requires_qgis_boundary_review	100.0	-6.99629726,42.38186227,-6.99007049,42.38646162				exclude_until_independent_label_review	0.00	2026-08-01T00:00:00Z
wl-pos-pos-es-pba-45839	pos-es-pba-45839	1	positive	exclude_ambiguous_positive_seed	positive seed too ambiguous for weak-label training	excluded_review	excluded	ES|Ourense|O Barco de Valdeorras	ES	Galicia	Ourense	O Barco de Valdeorras	Santigoso (San Miguel)	Santigoso	Capela do Castrillón (ruínas)	Xunta PBA Catálogo. Elementos (xuño 2026)	official_catalogue_seed	45839	-		-		-6.993954839874281	42.38455031919714	catalogue_point_wgs84	medium_official_name_or_type	castrel_toponym_hint	unknown_terrain_pending_visual_review			P1	positive_seed_requires_qgis_boundary_review	100.0	-6.99706824,42.38225064,-6.99084143,42.38685000				exclude_until_independent_label_review	0.00	2026-08-01T00:00:00Z
wl-pos-pos-es-pba-45847	pos-es-pba-45847	1	positive	exclude_ambiguous_positive_seed	positive seed too ambiguous for weak-label training	excluded_review	excluded	ES|Ourense|O Barco de Valdeorras	ES	Galicia	Ourense	O Barco de Valdeorras	Alixo (San Martiño)	Alixo	Os Castrellós	Xunta PBA Catálogo. Elementos (xuño 2026)	official_catalogue_seed	45847	TO32009005		-		-6.9513219501544645	42.39561136109606	catalogue_point_wgs84	medium_official_name_or_type	castrel_toponym_hint	unknown_terrain_pending_visual_review			P1	positive_seed_requires_qgis_boundary_review	100.0	-6.95443590,42.39331168,-6.94820800,42.39791104				exclude_until_independent_label_review	0.00	2026-08-01T00:00:00Z
wl-pos-pos-es-pba-45849	pos-es-pba-45849	1	positive	exclude_probable_name_false_positive	name/type looks like modern or non-castro heritage item	excluded_review	excluded	ES|Ourense|O Barco de Valdeorras	ES	Galicia	Ourense	O Barco de Valdeorras	O Castro de Valdeorras (Santa María)	Castro, O	Pazo do Castro	Xunta PBA Catálogo. Elementos (xuño 2026)	official_catalogue_seed	45849	-	Residencial	-		-6.990379465560204	42.42882183726546	catalogue_point_wgs84	medium_official_name_or_type	generic_castro_hint	unknown_terrain_pending_visual_review			P2	positive_seed_requires_qgis_boundary_review	110.0	-6.99349507,42.42652216,-6.98726386,42.43112151				exclude_until_independent_label_review	0.00	2026-08-01T00:00:00Z
wl-pos-pos-es-pba-47502	pos-es-pba-47502	1	positive	exclude_probable_name_false_positive	name/type looks like modern or non-castro heritage item	excluded_review	excluded	ES|Ourense|O Bolo	ES	Galicia	Ourense	O Bolo	Chao de Castro (San Martiño)	Chao de Castro	Igrexa de Chao de Castro (Parroquial de San Martiño)	Xunta PBA Catálogo. Elementos (xuño 2026)	official_catalogue_seed	47502	-	Igrexa	-		-7.102218517562458	42.2758045174117	catalogue_point_wgs84	medium_official_name_or_type	coastal_promontory_hint	coastal_or_promontory_proxy			P0	positive_seed_requires_qgis_boundary_review	150.0	-7.10532654,42.27350484,-7.09911049,42.27810419				exclude_until_independent_label_review	0.00	2026-08-01T00:00:00Z
wl-pos-pos-es-pba-47043	pos-es-pba-47043	1	positive	exclude_probable_name_false_positive	name/type looks like modern or non-castro heritage item	excluded_review	excluded	ES|Ourense|O Carballiño	ES	Galicia	Ourense	O Carballiño	O Carballiño (San Cibrao)	Carballiño, O	Casa en Rosalía de Castro 1	Xunta PBA Catálogo. Elementos (xuño 2026)	official_catalogue_seed	47043	-		-		-8.078375707603628	42.43001062155329	catalogue_point_wgs84	medium_official_name_or_type	generic_castro_hint	unknown_terrain_pending_visual_review			P2	positive_seed_requires_qgis_boundary_review	110.0	-8.08149137,42.42771094,-8.07526005,42.43231030				exclude_until_independent_label_review	0.00	2026-08-01T00:00:00Z
wl-pos-pos-es-pba-47044	pos-es-pba-47044	1	positive	exclude_probable_name_false_positive	name/type looks like modern or non-castro heritage item	excluded_review	excluded	ES|Ourense|O Carballiño	ES	Galicia	Ourense	O Carballiño	O Carballiño (San Cibrao)	Carballiño, O	Casa en Rosalía de Castro 10	Xunta PBA Catálogo. Elementos (xuño 2026)	official_catalogue_seed	47044	-		-		-8.077674667482517	42.43056334746859	catalogue_point_wgs84	medium_official_name_or_type	generic_castro_hint	unknown_terrain_pending_visual_review			P2	positive_seed_requires_qgis_boundary_review	110.0	-8.08079036,42.42826367,-8.07455898,42.43286302				exclude_until_independent_label_review	0.00	2026-08-01T00:00:00Z
wl-pos-pos-es-pba-47045	pos-es-pba-47045	1	positive	exclude_probable_name_false_positive	name/type looks like modern or non-castro heritage item	excluded_review	excluded	ES|Ourense|O Carballiño	ES	Galicia	Ourense	O Carballiño	O Carballiño (San Cibrao)	Carballiño, O	Casa en Rosalía de Castro 12	Xunta PBA Catálogo. Elementos (xuño 2026)	official_catalogue_seed	47045	-		-		-8.077658286936037	42.430851403892994	catalogue_point_wgs84	medium_official_name_or_type	generic_castro_hint	unknown_terrain_pending_visual_review			P2	positive_seed_requires_qgis_boundary_review	110.0	-8.08077399,42.42855173,-8.07454258,42.43315108				exclude_until_independent_label_review	0.00	2026-08-01T00:00:00Z
wl-pos-pos-es-pba-47046	pos-es-pba-47046	1	positive	exclude_probable_name_false_positive	name/type looks like modern or non-castro heritage item	excluded_review	excluded	ES|Ourense|O Carballiño	ES	Galicia	Ourense	O Carballiño	O Carballiño (San Cibrao)	Carballiño, O	Casa en Rosalía de Castro 2	Xunta PBA Catálogo. Elementos (xuño 2026)	official_catalogue_seed	47046	-		-		-8.077934419625928	42.43025923727728	catalogue_point_wgs84	medium_official_name_or_type	generic_castro_hint	unknown_terrain_pending_visual_review			P2	positive_seed_requires_qgis_boundary_review	110.0	-8.08105009,42.42795956,-8.07481875,42.43255891				exclude_until_independent_label_review	0.00	2026-08-01T00:00:00Z
wl-pos-pos-es-pba-47047	pos-es-pba-47047	1	positive	exclude_probable_name_false_positive	name/type looks like modern or non-castro heritage item	excluded_review	excluded	ES|Ourense|O Carballiño	ES	Galicia	Ourense	O Carballiño	O Carballiño (San Cibrao)	Carballiño, O	Casa en Rosalía de Castro 27	Xunta PBA Catálogo. Elementos (xuño 2026)	official_catalogue_seed	47047	-		-		-8.077569501082719	42.43110285411397	catalogue_point_wgs84	medium_official_name_or_type	generic_castro_hint	unknown_terrain_pending_visual_review			P2	positive_seed_requires_qgis_boundary_review	110.0	-8.08068522,42.42880318,-8.07445378,42.43340253				exclude_until_independent_label_review	0.00	2026-08-01T00:00:00Z
wl-pos-pos-es-pba-47074	pos-es-pba-47074	1	positive	exclude_probable_name_false_positive	name/type looks like modern or non-castro heritage item	excluded_review	excluded	ES|Ourense|O Carballiño	ES	Galicia	Ourense	O Carballiño	O Carballiño (San Cibrao)	Carballiño, O	Casa en Rosalía de Castro 3	Xunta PBA Catálogo. Elementos (xuño 2026)	official_catalogue_seed	47074	-		-		-8.078141852982382	42.43020687044973	catalogue_point_wgs84	medium_official_name_or_type	generic_castro_hint	unknown_terrain_pending_visual_review			P2	positive_seed_requires_qgis_boundary_review	110.0	-8.08125752,42.42790719,-8.07502618,42.43250655				exclude_until_independent_label_review	0.00	2026-08-01T00:00:00Z
wl-pos-pos-es-pba-47075	pos-es-pba-47075	1	positive	exclude_probable_name_false_positive	name/type looks like modern or non-castro heritage item	excluded_review	excluded	ES|Ourense|O Carballiño	ES	Galicia	Ourense	O Carballiño	O Carballiño (San Cibrao)	Carballiño, O	Casa en Rosalía de Castro 5	Xunta PBA Catálogo. Elementos (xuño 2026)	official_catalogue_seed	47075	-		-		-8.078191134271046	42.43016223736795	catalogue_point_wgs84	medium_official_name_or_type	generic_castro_hint	unknown_terrain_pending_visual_review			P2	positive_seed_requires_qgis_boundary_review	110.0	-8.08130680,42.42786256,-8.07507546,42.43246191				exclude_until_independent_label_review	0.00	2026-08-01T00:00:00Z
wl-pos-pos-es-pba-47076	pos-es-pba-47076	1	positive	exclude_probable_name_false_positive	name/type looks like modern or non-castro heritage item	excluded_review	excluded	ES|Ourense|O Carballiño	ES	Galicia	Ourense	O Carballiño	O Carballiño (San Cibrao)	Carballiño, O	Casa en Rosalía de Castro 6	Xunta PBA Catálogo. Elementos (xuño 2026)	official_catalogue_seed	47076	-		-		-8.077748260254461	42.43051891020282	catalogue_point_wgs84	medium_official_name_or_type	generic_castro_hint	unknown_terrain_pending_visual_review			P2	positive_seed_requires_qgis_boundary_review	110.0	-8.08086395,42.42821923,-8.07463257,42.43281859				exclude_until_independent_label_review	0.00	2026-08-01T00:00:00Z
wl-pos-pos-es-pba-47077	pos-es-pba-47077	1	positive	exclude_probable_name_false_positive	name/type looks like modern or non-castro heritage item	excluded_review	excluded	ES|Ourense|O Carballiño	ES	Galicia	Ourense	O Carballiño	O Carballiño (San Cibrao)	Carballiño, O	Casa en Rosalía de Castro 7	Xunta PBA Catálogo. Elementos (xuño 2026)	official_catalogue_seed	47077	-		-		-8.078116882394438	42.43025169903662	catalogue_point_wgs84	medium_official_name_or_type	generic_castro_hint	unknown_terrain_pending_visual_review			P2	positive_seed_requires_qgis_boundary_review	110.0	-8.08123256,42.42795202,-8.07500121,42.43255138				exclude_until_independent_label_review	0.00	2026-08-01T00:00:00Z
wl-pos-pos-es-pba-47078	pos-es-pba-47078	1	positive	exclude_probable_name_false_positive	name/type looks like modern or non-castro heritage item	excluded_review	excluded	ES|Ourense|O Carballiño	ES	Galicia	Ourense	O Carballiño	O Carballiño (San Cibrao)	Carballiño, O	Casa en Rosalía de Castro 9	Xunta PBA Catálogo. Elementos (xuño 2026)	official_catalogue_seed	47078	-		-		-8.077720120647529	42.430779854378905	catalogue_point_wgs84	medium_official_name_or_type	generic_castro_hint	unknown_terrain_pending_visual_review			P2	positive_seed_requires_qgis_boundary_review	110.0	-8.08083582,42.42848018,-8.07460442,42.43307953				exclude_until_independent_label_review	0.00	2026-08-01T00:00:00Z
wl-pos-pos-es-pba-47354	pos-es-pba-47354	1	positive	exclude_probable_name_false_positive	name/type looks like modern or non-castro heritage item	excluded_review	excluded	ES|Ourense|O Castro de Caldelas	ES	Galicia	Ourense	O Castro de Caldelas	Castro Caldelas (San Sebastián)	Castro Caldelas	Casa reitoral de Castro Caldelas	Xunta PBA Catálogo. Elementos (xuño 2026)	official_catalogue_seed	47354	-		-		-7.416098587943926	42.376698544525354	catalogue_point_wgs84	medium_official_name_or_type	generic_castro_hint	unknown_terrain_pending_visual_review			P2	positive_seed_requires_qgis_boundary_review	110.0	-7.41921160,42.37439887,-7.41298557,42.37899822				exclude_until_independent_label_review	0.00	2026-08-01T00:00:00Z
wl-pos-pos-es-pba-48588	pos-es-pba-48588	1	positive	exclude_probable_name_false_positive	name/type looks like modern or non-castro heritage item	excluded_review	excluded	ES|Ourense|O Castro de Caldelas	ES	Galicia	Ourense	O Castro de Caldelas	Castro Caldelas (San Sebastián)	Castro Caldelas	Igrexa de Castro Caldelas (Parroquial de Santa Isabel)	Xunta PBA Catálogo. Elementos (xuño 2026)	official_catalogue_seed	48588	-	Igrexa	-		-7.415919920956382	42.37752460473174	catalogue_point_wgs84	medium_official_name_or_type	generic_castro_hint	unknown_terrain_pending_visual_review			P2	positive_seed_requires_qgis_boundary_review	110.0	-7.41903298,42.37522493,-7.41280686,42.37982428				exclude_until_independent_label_review	0.00	2026-08-01T00:00:00Z
wl-pos-pos-es-pba-56195	pos-es-pba-56195	1	positive	exclude_probable_name_false_positive	name/type looks like modern or non-castro heritage item	excluded_review	excluded	ES|Ourense|O Pereiro de Aguiar	ES	Galicia	Ourense	O Pereiro de Aguiar	Melias (Santa María)	Cimadevila	Casa de Castro	Xunta PBA Catálogo. Elementos (xuño 2026)	official_catalogue_seed	56195	-		-		-7.7930856922337854	42.39240999788101	catalogue_point_wgs84	medium_official_name_or_type	generic_castro_hint	unknown_terrain_pending_visual_review			P2	positive_seed_requires_qgis_boundary_review	110.0	-7.79619949,42.39011032,-7.78997190,42.39470967				exclude_until_independent_label_review	0.00	2026-08-01T00:00:00Z
wl-pos-pos-es-pba-56709	pos-es-pba-56709	1	positive	exclude_probable_name_false_positive	name/type looks like modern or non-castro heritage item	excluded_review	excluded	ES|Ourense|O Riós	ES	Galicia	Ourense	O Riós	Castrelo de Cima (Santa María)	Castrelo de Cima	Casa con galería en Castrelo de Cima	Xunta PBA Catálogo. Elementos (xuño 2026)	official_catalogue_seed	56709	-		-		-7.206606197538644	41.96439041718569	catalogue_point_wgs84	medium_official_name_or_type	castrel_toponym_hint	unknown_terrain_pending_visual_review			P1	positive_seed_requires_qgis_boundary_review	100.0	-7.20969899,41.96209074,-7.20351341,41.96669009				exclude_until_independent_label_review	0.00	2026-08-01T00:00:00Z
wl-pos-pos-es-pba-56714	pos-es-pba-56714	1	positive	exclude_probable_name_false_positive	name/type looks like modern or non-castro heritage item	excluded_review	excluded	ES|Ourense|O Riós	ES	Galicia	Ourense	O Riós	Castrelo de Cima (Santa María)	Castrelo de Cima	Casa reitoral de Castrelo de Cima	Xunta PBA Catálogo. Elementos (xuño 2026)	official_catalogue_seed	56714	-		-		-7.206585801551527	41.964687304696	catalogue_point_wgs84	medium_official_name_or_type	castrel_toponym_hint	unknown_terrain_pending_visual_review			P1	positive_seed_requires_qgis_boundary_review	100.0	-7.20967861,41.96238763,-7.20349300,41.96698698				exclude_until_independent_label_review	0.00	2026-08-01T00:00:00Z
wl-pos-pos-es-pba-56812	pos-es-pba-56812	1	positive	exclude_probable_name_false_positive	name/type looks like modern or non-castro heritage item	excluded_review	excluded	ES|Ourense|O Riós	ES	Galicia	Ourense	O Riós	Castrelo de Abaixo (Santa María)	Castrelo de Abaixo	Fonte e lavadoiro en Castrelo de Abaixo	Xunta PBA Catálogo. Elementos (xuño 2026)	official_catalogue_seed	56812	-		-		-7.201060131976992	41.94620104133743	catalogue_point_wgs84	medium_official_name_or_type	castrel_toponym_hint	unknown_terrain_pending_visual_review			P1	positive_seed_requires_qgis_boundary_review	100.0	-7.20415204,41.94390136,-7.19796822,41.94850072				exclude_until_independent_label_review	0.00	2026-08-01T00:00:00Z
wl-pos-pos-es-pba-56817	pos-es-pba-56817	1	positive	exclude_ambiguous_positive_seed	positive seed too ambiguous for weak-label training	excluded_review	excluded	ES|Ourense|O Riós	ES	Galicia	Ourense	O Riós	Castrelo de Abaixo (Santa María)	Castrelo de Abaixo	Forno en Castrelo de Abaixo	Xunta PBA Catálogo. Elementos (xuño 2026)	official_catalogue_seed	56817	-		-		-7.202103073111422	41.946865834182766	catalogue_point_wgs84	medium_official_name_or_type	castrel_toponym_hint	unknown_terrain_pending_visual_review			P1	positive_seed_requires_qgis_boundary_review	100.0	-7.20519501,41.94456616,-7.19901113,41.94916551				exclude_until_independent_label_review	0.00	2026-08-01T00:00:00Z
wl-pos-pos-es-pba-56854	pos-es-pba-56854	1	positive	exclude_probable_name_false_positive	name/type looks like modern or non-castro heritage item	excluded_review	excluded	ES|Ourense|O Riós	ES	Galicia	Ourense	O Riós	Castrelo de Abaixo (Santa María)	Castrelo de Abaixo	Igrexa de Castrelo de Abaixo (Parroquial de Santa María)	Xunta PBA Catálogo. Elementos (xuño 2026)	official_catalogue_seed	56854	-	Igrexa	-		-7.200000901037049	41.94654468598618	catalogue_point_wgs84	medium_official_name_or_type	coastal_promontory_hint	coastal_or_promontory_proxy			P0	positive_seed_requires_qgis_boundary_review	150.0	-7.20309283,41.94424501,-7.19690898,41.94884436				exclude_until_independent_label_review	0.00	2026-08-01T00:00:00Z
wl-pos-pos-es-pba-56855	pos-es-pba-56855	1	positive	exclude_probable_name_false_positive	name/type looks like modern or non-castro heritage item	excluded_review	excluded	ES|Ourense|O Riós	ES	Galicia	Ourense	O Riós	Castrelo de Cima (Santa María)	Castrelo de Cima	Igrexa de Castrelo de Cima (Parroquial de Santa María)	Xunta PBA Catálogo. Elementos (xuño 2026)	official_catalogue_seed	56855	-	Igrexa	-		-7.206307614805194	41.96470997619938	catalogue_point_wgs84	medium_official_name_or_type	coastal_promontory_hint	coastal_or_promontory_proxy			P0	positive_seed_requires_qgis_boundary_review	150.0	-7.20940042,41.96241030,-7.20321481,41.96700965				exclude_until_independent_label_review	0.00	2026-08-01T00:00:00Z
wl-pos-pos-es-pba-53310	pos-es-pba-53310	1	positive	exclude_probable_name_false_positive	name/type looks like modern or non-castro heritage item	excluded_review	excluded	ES|Ourense|Ourense	ES	Galicia	Ourense	Ourense	O Castro de Beiro (Santo André)	Castro de Beiro, O	Cruceiro de Castro de Beiro	Xunta PBA Catálogo. Elementos (xuño 2026)	official_catalogue_seed	53310	-		CRU		-7.915890484976199	42.37556232791989	catalogue_point_wgs84	medium_official_name_or_type	generic_castro_hint	unknown_terrain_pending_visual_review			P2	positive_seed_requires_qgis_boundary_review	110.0	-7.91900344,42.37326265,-7.91277753,42.37786200				exclude_until_independent_label_review	0.00	2026-08-01T00:00:00Z
wl-pos-pos-es-pba-53801	pos-es-pba-53801	1	positive	exclude_probable_name_false_positive	name/type looks like modern or non-castro heritage item	excluded_review	excluded	ES|Ourense|Ourense	ES	Galicia	Ourense	Ourense	O Castro de Beiro (Santo André)	Castro de Beiro, O	Casa reitoral do Castro de Beiro	Xunta PBA Catálogo. Elementos (xuño 2026)	official_catalogue_seed	53801	-		-		-7.916252200604186	42.374304918298066	catalogue_point_wgs84	medium_official_name_or_type	generic_castro_hint	unknown_terrain_pending_visual_review			P2	positive_seed_requires_qgis_boundary_review	110.0	-7.91936510,42.37200524,-7.91313930,42.37660459				exclude_until_independent_label_review	0.00	2026-08-01T00:00:00Z
wl-pos-pos-es-pba-55269	pos-es-pba-55269	1	positive	exclude_probable_name_false_positive	name/type looks like modern or non-castro heritage item	excluded_review	excluded	ES|Ourense|Ourense	ES	Galicia	Ourense	Ourense	O Castro de Beiro (Santo André)	Castro de Beiro, O	Igrexa do Castro de Beiro (Parroquial de Santo André)	Xunta PBA Catálogo. Elementos (xuño 2026)	official_catalogue_seed	55269	-	Igrexa	-		-7.916006997826533	42.3744376889051	catalogue_point_wgs84	medium_official_name_or_type	generic_castro_hint	unknown_terrain_pending_visual_review			P2	positive_seed_requires_qgis_boundary_review	110.0	-7.91911990,42.37213801,-7.91289409,42.37673737				exclude_until_independent_label_review	0.00	2026-08-01T00:00:00Z
wl-pos-pos-es-pba-55958	pos-es-pba-55958	1	positive	exclude_probable_name_false_positive	name/type looks like modern or non-castro heritage item	excluded_review	excluded	ES|Ourense|Petín	ES	Galicia	Ourense	Petín	Petín (Santiago)	Castrofoia	Casa con corredor e escaleiras en Castrofoia	Xunta PBA Catálogo. Elementos (xuño 2026)	official_catalogue_seed	55958	-		-		-7.120356965594258	42.37982187906728	catalogue_point_wgs84	medium_official_name_or_type	generic_castro_hint	unknown_terrain_pending_visual_review			P2	positive_seed_requires_qgis_boundary_review	110.0	-7.12347014,42.37752220,-7.11724379,42.38212156				exclude_until_independent_label_review	0.00	2026-08-01T00:00:00Z
wl-pos-pos-es-pba-56063	pos-es-pba-56063	1	positive	exclude_probable_name_false_positive	name/type looks like modern or non-castro heritage item	excluded_review	excluded	ES|Ourense|Petín	ES	Galicia	Ourense	Petín	Petín (Santiago)	Castrofoia	Casa en Castrofoia	Xunta PBA Catálogo. Elementos (xuño 2026)	official_catalogue_seed	56063	-		-		-7.120554975923	42.37969904768977	catalogue_point_wgs84	medium_official_name_or_type	generic_castro_hint	unknown_terrain_pending_visual_review			P2	positive_seed_requires_qgis_boundary_review	110.0	-7.12366814,42.37739937,-7.11744181,42.38199872				exclude_until_independent_label_review	0.00	2026-08-01T00:00:00Z
wl-pos-pos-es-pba-56104	pos-es-pba-56104	1	positive	exclude_probable_name_false_positive	name/type looks like modern or non-castro heritage item	excluded_review	excluded	ES|Ourense|Petín	ES	Galicia	Ourense	Petín	Mones (San Miguel)	Pacio, O	Casa na rúa do Castro 34 do Pacio	Xunta PBA Catálogo. Elementos (xuño 2026)	official_catalogue_seed	56104	-		-		-7.0966560657209765	42.371875013413444	catalogue_point_wgs84	medium_official_name_or_type	generic_castro_hint	unknown_terrain_pending_visual_review			P2	positive_seed_requires_qgis_boundary_review	110.0	-7.09976884,42.36957534,-7.09354329,42.37417469				exclude_until_independent_label_review	0.00	2026-08-01T00:00:00Z
wl-pos-pos-es-pba-56174	pos-es-pba-56174	1	positive	exclude_ambiguous_positive_seed	positive seed too ambiguous for weak-label training	excluded_review	excluded	ES|Ourense|Petín	ES	Galicia	Ourense	Petín	Petín (Santiago)	Castrofoia	Conxunto de adegas na Castrofoia	Xunta PBA Catálogo. Elementos (xuño 2026)	official_catalogue_seed	56174	-		-		-7.121155176413776	42.37912352336653	catalogue_point_wgs84	medium_official_name_or_type	generic_castro_hint	unknown_terrain_pending_visual_review			P2	positive_seed_requires_qgis_boundary_review	110.0	-7.12426831,42.37682385,-7.11804204,42.38142320				exclude_until_independent_label_review	0.00	2026-08-01T00:00:00Z
wl-pos-pos-es-pba-56309	pos-es-pba-56309	1	positive	exclude_probable_name_false_positive	name/type looks like modern or non-castro heritage item	excluded_review	excluded	ES|Ourense|Petín	ES	Galicia	Ourense	Petín	Petín (Santiago)	Castrofoia	Fonte de Castrofoia	Xunta PBA Catálogo. Elementos (xuño 2026)	official_catalogue_seed	56309	-		-		-7.1201265612797515	42.37980909449219	catalogue_point_wgs84	medium_official_name_or_type	generic_castro_hint	unknown_terrain_pending_visual_review			P2	positive_seed_requires_qgis_boundary_review	110.0	-7.12323973,42.37750942,-7.11701339,42.38210877				exclude_until_independent_label_review	0.00	2026-08-01T00:00:00Z
wl-pos-pos-es-pba-56349	pos-es-pba-56349	1	positive	exclude_ambiguous_positive_seed	positive seed too ambiguous for weak-label training	excluded_review	excluded	ES|Ourense|Petín	ES	Galicia	Ourense	Petín	Mones (San Miguel)	Mones	O Castrillón	Xunta PBA Catálogo. Elementos (xuño 2026)	official_catalogue_seed	56349	GA32060005		-		-7.09312958242823	42.37229849442705	catalogue_point_wgs84	medium_official_name_or_type	castrel_toponym_hint	unknown_terrain_pending_visual_review			P1	positive_seed_requires_qgis_boundary_review	100.0	-7.09624238,42.36999882,-7.09001678,42.37459817				exclude_until_independent_label_review	0.00	2026-08-01T00:00:00Z
wl-pos-pos-es-pba-56409	pos-es-pba-56409	1	positive	exclude_ambiguous_positive_seed	positive seed too ambiguous for weak-label training	excluded_review	excluded	ES|Ourense|Petín	ES	Galicia	Ourense	Petín	Petín (Santiago)	Castrofoia	Adega en Castrofoia 1	Xunta PBA Catálogo. Elementos (xuño 2026)	official_catalogue_seed	56409	-		-		-7.120864818122194	42.378677487671055	catalogue_point_wgs84	medium_official_name_or_type	generic_castro_hint	unknown_terrain_pending_visual_review			P2	positive_seed_requires_qgis_boundary_review	110.0	-7.12397793,42.37637781,-7.11775170,42.38097716				exclude_until_independent_label_review	0.00	2026-08-01T00:00:00Z
wl-pos-pos-es-pba-56410	pos-es-pba-56410	1	positive	exclude_ambiguous_positive_seed	positive seed too ambiguous for weak-label training	excluded_review	excluded	ES|Ourense|Petín	ES	Galicia	Ourense	Petín	Petín (Santiago)	Castrofoia	Adega en Castrofoia 2	Xunta PBA Catálogo. Elementos (xuño 2026)	official_catalogue_seed	56410	-		-		-7.120511727357976	42.37911297323801	catalogue_point_wgs84	medium_official_name_or_type	generic_castro_hint	unknown_terrain_pending_visual_review			P2	positive_seed_requires_qgis_boundary_review	110.0	-7.12362486,42.37681330,-7.11739859,42.38141265				exclude_until_independent_label_review	0.00	2026-08-01T00:00:00Z
wl-pos-pos-es-pba-56411	pos-es-pba-56411	1	positive	exclude_ambiguous_positive_seed	positive seed too ambiguous for weak-label training	excluded_review	excluded	ES|Ourense|Petín	ES	Galicia	Ourense	Petín	Petín (Santiago)	Castrofoia	Adega en Castrofoia 3	Xunta PBA Catálogo. Elementos (xuño 2026)	official_catalogue_seed	56411	-		-		-7.120710003616985	42.378981140311815	catalogue_point_wgs84	medium_official_name_or_type	generic_castro_hint	unknown_terrain_pending_visual_review			P2	positive_seed_requires_qgis_boundary_review	110.0	-7.12382313,42.37668146,-7.11759687,42.38128082				exclude_until_independent_label_review	0.00	2026-08-01T00:00:00Z
wl-pos-pos-es-pba-56438	pos-es-pba-56438	1	positive	exclude_ambiguous_positive_seed	positive seed too ambiguous for weak-label training	excluded_review	excluded	ES|Ourense|Petín	ES	Galicia	Ourense	Petín	Petín (Santiago)	Castrofoia	Adega en Castrofoia 4	Xunta PBA Catálogo. Elementos (xuño 2026)	official_catalogue_seed	56438	-		-		-7.12102350955426	42.37905832548598	catalogue_point_wgs84	medium_official_name_or_type	generic_castro_hint	unknown_terrain_pending_visual_review			P2	positive_seed_requires_qgis_boundary_review	110.0	-7.12413664,42.37675865,-7.11791038,42.38135800				exclude_until_independent_label_review	0.00	2026-08-01T00:00:00Z
wl-pos-pos-es-pba-55509	pos-es-pba-55509	1	positive	exclude_probable_name_false_positive	name/type looks like modern or non-castro heritage item	excluded_review	excluded	ES|Ourense|Rairiz de Veiga	ES	Galicia	Ourense	Rairiz de Veiga	Congostro (Santa Mariña)	Congostro	Casa de Antonio Castro	Xunta PBA Catálogo. Elementos (xuño 2026)	official_catalogue_seed	55509	-		-		-7.876897068741299	42.04621878125263	catalogue_point_wgs84	medium_official_name_or_type	generic_castro_hint	unknown_terrain_pending_visual_review			P2	positive_seed_requires_qgis_boundary_review	110.0	-7.87999384,42.04391910,-7.87380030,42.04851846				exclude_until_independent_label_review	0.00	2026-08-01T00:00:00Z
wl-pos-pos-es-pba-55583	pos-es-pba-55583	1	positive	exclude_ambiguous_positive_seed	positive seed too ambiguous for weak-label training	excluded_review	excluded	ES|Ourense|Rairiz de Veiga	ES	Galicia	Ourense	Rairiz de Veiga	Lampaza (Santa María)	Castrelo	Castrelo de Lampaza	Xunta PBA Catálogo. Elementos (xuño 2026)	official_catalogue_seed	55583	GA32067005		-		-7.867547064661758	42.08874370473672	catalogue_point_wgs84	medium_official_name_or_type	castrel_toponym_hint	unknown_terrain_pending_visual_review			P1	positive_seed_requires_qgis_boundary_review	100.0	-7.87064591,42.08644403,-7.86444822,42.09104338				exclude_until_independent_label_review	0.00	2026-08-01T00:00:00Z
wl-pos-pos-es-pba-55629	pos-es-pba-55629	1	positive	exclude_ambiguous_positive_seed	positive seed too ambiguous for weak-label training	excluded_review	excluded	ES|Ourense|Rairiz de Veiga	ES	Galicia	Ourense	Rairiz de Veiga	Lampaza (Santa María)	Castrelo	Muíño de Castrelo	Xunta PBA Catálogo. Elementos (xuño 2026)	official_catalogue_seed	55629	-		-		-7.869939506743356	42.09174076052975	catalogue_point_wgs84	medium_official_name_or_type	castrel_toponym_hint	unknown_terrain_pending_visual_review			P1	positive_seed_requires_qgis_boundary_review	100.0	-7.87303850,42.08944108,-7.86684051,42.09404044				exclude_until_independent_label_review	0.00	2026-08-01T00:00:00Z
wl-pos-pos-es-pba-55630	pos-es-pba-55630	1	positive	exclude_ambiguous_positive_seed	positive seed too ambiguous for weak-label training	excluded_review	excluded	ES|Ourense|Rairiz de Veiga	ES	Galicia	Ourense	Rairiz de Veiga	Lampaza (Santa María)	Castrelo	Muíño de Castrelo	Xunta PBA Catálogo. Elementos (xuño 2026)	official_catalogue_seed	55630	-		-		-7.870547296695434	42.092242093593065	catalogue_point_wgs84	medium_official_name_or_type	castrel_toponym_hint	unknown_terrain_pending_visual_review			P1	positive_seed_requires_qgis_boundary_review	100.0	-7.87364631,42.08994242,-7.86744828,42.09454177				exclude_until_independent_label_review	0.00	2026-08-01T00:00:00Z
wl-pos-pos-es-pba-55631	pos-es-pba-55631	1	positive	exclude_ambiguous_positive_seed	positive seed too ambiguous for weak-label training	excluded_review	excluded	ES|Ourense|Rairiz de Veiga	ES	Galicia	Ourense	Rairiz de Veiga	Lampaza (Santa María)	Castrelo	Muíño de Castrelo	Xunta PBA Catálogo. Elementos (xuño 2026)	official_catalogue_seed	55631	-		-		-7.870297085490268	42.0920324845592	catalogue_point_wgs84	medium_official_name_or_type	castrel_toponym_hint	unknown_terrain_pending_visual_review			P1	positive_seed_requires_qgis_boundary_review	100.0	-7.87339609,42.08973281,-7.86719808,42.09433216				exclude_until_independent_label_review	0.00	2026-08-01T00:00:00Z
wl-pos-pos-es-pba-55692	pos-es-pba-55692	1	positive	exclude_probable_name_false_positive	name/type looks like modern or non-castro heritage item	excluded_review	excluded	ES|Ourense|Rairiz de Veiga	ES	Galicia	Ourense	Rairiz de Veiga	Lampaza (Santa María)	Castrelo	Fonte de Castrelo	Xunta PBA Catálogo. Elementos (xuño 2026)	official_catalogue_seed	55692	-		-		-7.868770249526391	42.09221558151522	catalogue_point_wgs84	medium_official_name_or_type	castrel_toponym_hint	unknown_terrain_pending_visual_review			P1	positive_seed_requires_qgis_boundary_review	100.0	-7.87186926,42.08991590,-7.86567123,42.09451526				exclude_until_independent_label_review	0.00	2026-08-01T00:00:00Z
wl-pos-pos-es-pba-55839	pos-es-pba-55839	1	positive	exclude_ambiguous_positive_seed	positive seed too ambiguous for weak-label training	excluded_review	excluded	ES|Ourense|Rairiz de Veiga	ES	Galicia	Ourense	Rairiz de Veiga	Lampaza (Santa María)	Castrelo	Forno comunal de Castrelo	Xunta PBA Catálogo. Elementos (xuño 2026)	official_catalogue_seed	55839	-		-		-7.868454953342843	42.09226651069576	catalogue_point_wgs84	medium_official_name_or_type	castrel_toponym_hint	unknown_terrain_pending_visual_review			P1	positive_seed_requires_qgis_boundary_review	100.0	-7.87155397,42.08996683,-7.86535594,42.09456619				exclude_until_independent_label_review	0.00	2026-08-01T00:00:00Z
wl-pos-pos-es-pba-56843	pos-es-pba-56843	1	positive	exclude_probable_name_false_positive	name/type looks like modern or non-castro heritage item	excluded_review	excluded	ES|Ourense|Ribadavia	ES	Galicia	Ourense	Ribadavia			Petróglifos do Castro	Xunta PBA Catálogo. Elementos (xuño 2026)	official_catalogue_seed	56843	GA32046012		-		-8.172276545178185	42.292025598206585	catalogue_point_wgs84	medium_official_name_or_type	generic_castro_hint	unknown_terrain_pending_visual_review			P2	positive_seed_requires_qgis_boundary_review	110.0	-8.17538537,42.28972592,-8.16916772,42.29432527				exclude_until_independent_label_review	0.00	2026-08-01T00:00:00Z
wl-pos-pos-es-pba-56844	pos-es-pba-56844	1	positive	exclude_probable_name_false_positive	name/type looks like modern or non-castro heritage item	excluded_review	excluded	ES|Ourense|Ribadavia	ES	Galicia	Ourense	Ribadavia			Petróglifos do Castro	Xunta PBA Catálogo. Elementos (xuño 2026)	official_catalogue_seed	56844	GA32046012		-		-8.172276545178185	42.292025598206585	catalogue_point_wgs84	medium_official_name_or_type	generic_castro_hint	unknown_terrain_pending_visual_review			P2	positive_seed_requires_qgis_boundary_review	110.0	-8.17538537,42.28972592,-8.16916772,42.29432527				exclude_until_independent_label_review	0.00	2026-08-01T00:00:00Z
wl-pos-pos-es-pba-58115	pos-es-pba-58115	1	positive	exclude_probable_name_false_positive	name/type looks like modern or non-castro heritage item	excluded_review	excluded	ES|Ourense|San Cristovo de Cea	ES	Galicia	Ourense	San Cristovo de Cea	Castrelo (San Cibrao)	Castrelo	Igrexa de Castrelo (Parroquial de San Cibrao)	Xunta PBA Catálogo. Elementos (xuño 2026)	official_catalogue_seed	58115	-	Igrexa	-		-7.985906727643611	42.46120955435951	catalogue_point_wgs84	medium_official_name_or_type	castrel_toponym_hint	unknown_terrain_pending_visual_review			P1	positive_seed_requires_qgis_boundary_review	100.0	-7.98902394,42.45890988,-7.98278951,42.46350923				exclude_until_independent_label_review	0.00	2026-08-01T00:00:00Z
wl-pos-pos-es-pba-56546	pos-es-pba-56546	1	positive	exclude_probable_name_false_positive	name/type looks like modern or non-castro heritage item	excluded_review	excluded	ES|Ourense|San Xoán de Río	ES	Galicia	Ourense	San Xoán de Río	Castrelo (Santa María)	Pereiro, O	Igrexa de Castrelo (Parroquial de Santa María)	Xunta PBA Catálogo. Elementos (xuño 2026)	official_catalogue_seed	56546	-	Igrexa	-		-7.3486827465350855	42.3592576230554	catalogue_point_wgs84	medium_official_name_or_type	coastal_promontory_hint	coastal_or_promontory_proxy			P0	positive_seed_requires_qgis_boundary_review	150.0	-7.35179490,42.35695795,-7.34557059,42.36155730				exclude_until_independent_label_review	0.00	2026-08-01T00:00:00Z
wl-pos-pos-es-pba-58097	pos-es-pba-58097	1	positive	exclude_probable_name_false_positive	name/type looks like modern or non-castro heritage item	excluded_review	excluded	ES|Ourense|Taboadela	ES	Galicia	Ourense	Taboadela	Taboadela (San Miguel)	Castro, O	Fonte e lavadoiro do Castro	Xunta PBA Catálogo. Elementos (xuño 2026)	official_catalogue_seed	58097	-		-		-7.820505595819467	42.24239452723097	catalogue_point_wgs84	medium_official_name_or_type	generic_castro_hint	unknown_terrain_pending_visual_review			P2	positive_seed_requires_qgis_boundary_review	110.0	-7.82361198,42.24009485,-7.81739922,42.24469420				exclude_until_independent_label_review	0.00	2026-08-01T00:00:00Z
wl-pos-pos-es-pba-59545	pos-es-pba-59545	1	positive	exclude_probable_name_false_positive	name/type looks like modern or non-castro heritage item	excluded_review	excluded	ES|Ourense|Verea	ES	Galicia	Ourense	Verea	Santa María de Cexo (Santa María)	Castro, O	Hórreos (5) no Castro	Xunta PBA Catálogo. Elementos (xuño 2026)	official_catalogue_seed	59545	-		HOR		-8.001531147028903	42.10666897187917	catalogue_point_wgs84	medium_official_name_or_type	generic_castro_hint	unknown_terrain_pending_visual_review			P2	positive_seed_requires_qgis_boundary_review	110.0	-8.00463087,42.10436930,-7.99843143,42.10896865				exclude_until_independent_label_review	0.00	2026-08-01T00:00:00Z
wl-pos-pos-es-pba-60707	pos-es-pba-60707	1	positive	exclude_ambiguous_positive_seed	positive seed too ambiguous for weak-label training	excluded_review	excluded	ES|Ourense|Vilardevós	ES	Galicia	Ourense	Vilardevós	Santa María de Traseirexa (Santa María)	Moimenta, A	Muíño de Castrelos	Xunta PBA Catálogo. Elementos (xuño 2026)	official_catalogue_seed	60707	-		-		-7.335060231880779	41.899147234794505	catalogue_point_wgs84	medium_official_name_or_type	castrel_toponym_hint	unknown_terrain_pending_visual_review			P1	positive_seed_requires_qgis_boundary_review	100.0	-7.33814986,41.89684756,-7.33197060,41.90144691				exclude_until_independent_label_review	0.00	2026-08-01T00:00:00Z
wl-pos-pos-es-pba-64080	pos-es-pba-64080	1	positive	exclude_probable_name_false_positive	name/type looks like modern or non-castro heritage item	excluded_review	excluded	ES|Pontevedra|A Estrada	ES	Galicia	Pontevedra	A Estrada	San Miguel de Castro (San Miguel)	San Miguel	Igrexa de San Miguel de Castro (Parroquial de San Miguel)	Xunta PBA Catálogo. Elementos (xuño 2026)	official_catalogue_seed	64080	-	Igrexa	-		-8.37594293776378	42.78004991020602	catalogue_point_wgs84	medium_official_name_or_type	generic_castro_hint	unknown_terrain_pending_visual_review			P2	positive_seed_requires_qgis_boundary_review	110.0	-8.37907616,42.77775023,-8.37280972,42.78234959				exclude_until_independent_label_review	0.00	2026-08-01T00:00:00Z
wl-pos-pos-es-pba-64436	pos-es-pba-64436	1	positive	exclude_probable_name_false_positive	name/type looks like modern or non-castro heritage item	excluded_review	excluded	ES|Pontevedra|A Estrada	ES	Galicia	Pontevedra	A Estrada	Santo André de Vea (Santo Andr‚)	Cardelle	Mámoa do Castro de San Bartolomeu	Xunta PBA Catálogo. Elementos (xuño 2026)	official_catalogue_seed	64436	GA36017046	Túmulo	-		-8.543040757592143	42.716231165314156	catalogue_point_wgs84	medium_official_name_or_type	generic_castro_hint	unknown_terrain_pending_visual_review			P2	positive_seed_requires_qgis_boundary_review	110.0	-8.54617075,42.71393149,-8.53991076,42.71853084				exclude_until_independent_label_review	0.00	2026-08-01T00:00:00Z
wl-pos-pos-es-pba-64576	pos-es-pba-64576	1	positive	exclude_probable_name_false_positive	name/type looks like modern or non-castro heritage item	excluded_review	excluded	ES|Pontevedra|A Estrada	ES	Galicia	Pontevedra	A Estrada	A Estrada (San Paio)	Figueiroa de Arriba	Casa grande de Bermúdez de Castro	Xunta PBA Catálogo. Elementos (xuño 2026)	official_catalogue_seed	64576	-		-		-8.495568756952032	42.693763487350274	catalogue_point_wgs84	medium_official_name_or_type	generic_castro_hint	unknown_terrain_pending_visual_review			P2	positive_seed_requires_qgis_boundary_review	110.0	-8.49869762,42.69146381,-8.49243990,42.69606316				exclude_until_independent_label_review	0.00	2026-08-01T00:00:00Z
wl-pos-pos-es-pba-64918	pos-es-pba-64918	1	positive	exclude_probable_name_false_positive	name/type looks like modern or non-castro heritage item	excluded_review	excluded	ES|Pontevedra|A Estrada	ES	Galicia	Pontevedra	A Estrada	Pardemarín (Santa Baia)	Mesadoiro, O	Cruceiro de Castrelo de Abaixo	Xunta PBA Catálogo. Elementos (xuño 2026)	official_catalogue_seed	64918	-		CRU		-8.397885247131608	42.674145854631405	catalogue_point_wgs84	medium_official_name_or_type	castrel_toponym_hint	unknown_terrain_pending_visual_review			P1	positive_seed_requires_qgis_boundary_review	100.0	-8.40101312,42.67184618,-8.39475737,42.67644553				exclude_until_independent_label_review	0.00	2026-08-01T00:00:00Z
wl-pos-pos-es-pba-64919	pos-es-pba-64919	1	positive	exclude_probable_name_false_positive	name/type looks like modern or non-castro heritage item	excluded_review	excluded	ES|Pontevedra|A Estrada	ES	Galicia	Pontevedra	A Estrada	Pardemarín (Santa Baia)	Castrelo de Arriba	Cruceiro de Castrelo de Arriba	Xunta PBA Catálogo. Elementos (xuño 2026)	official_catalogue_seed	64919	-		CRU		-8.394136782207523	42.67181165960568	catalogue_point_wgs84	medium_official_name_or_type	castrel_toponym_hint	unknown_terrain_pending_visual_review			P1	positive_seed_requires_qgis_boundary_review	100.0	-8.39726454,42.66951198,-8.39100903,42.67411134				exclude_until_independent_label_review	0.00	2026-08-01T00:00:00Z
wl-pos-pos-es-pba-65022	pos-es-pba-65022	1	positive	exclude_probable_name_false_positive	name/type looks like modern or non-castro heritage item	excluded_review	excluded	ES|Pontevedra|A Estrada	ES	Galicia	Pontevedra	A Estrada	Pardemarín (Santa Baia)	Castrelo de Abaixo	Cruz de ánimas en Castrelo de Abaixo	Xunta PBA Catálogo. Elementos (xuño 2026)	official_catalogue_seed	65022	-		CRU		-8.39338257560615	42.67281629144032	catalogue_point_wgs84	medium_official_name_or_type	castrel_toponym_hint	unknown_terrain_pending_visual_review			P1	positive_seed_requires_qgis_boundary_review	100.0	-8.39651038,42.67051661,-8.39025477,42.67511597				exclude_until_independent_label_review	0.00	2026-08-01T00:00:00Z
wl-pos-pos-es-pba-65248	pos-es-pba-65248	1	positive	exclude_probable_name_false_positive	name/type looks like modern or non-castro heritage item	excluded_review	excluded	ES|Pontevedra|A Guarda	ES	Galicia	Pontevedra	A Guarda	A Guarda (Santa María)	Funchidos	Casa na rúa Rosalía de Castro 6	Xunta PBA Catálogo. Elementos (xuño 2026)	official_catalogue_seed	65248	-		-		-8.867680278658929	41.90318931288224	catalogue_point_wgs84	medium_official_name_or_type	generic_castro_hint	unknown_terrain_pending_visual_review			P2	positive_seed_requires_qgis_boundary_review	110.0	-8.87077010,41.90088964,-8.86459045,41.90548899				exclude_until_independent_label_review	0.00	2026-08-01T00:00:00Z
wl-pos-pos-es-pba-65273	pos-es-pba-65273	1	positive	exclude_probable_name_false_positive	name/type looks like modern or non-castro heritage item	excluded_review	excluded	ES|Pontevedra|A Guarda	ES	Galicia	Pontevedra	A Guarda	Salcidos (San Lourenzo)	Barreira, A	Casa con galería na Praza do Castro 1	Xunta PBA Catálogo. Elementos (xuño 2026)	official_catalogue_seed	65273	-		-		-8.864310491496667	41.91173284389553	catalogue_point_wgs84	medium_official_name_or_type	generic_castro_hint	unknown_terrain_pending_visual_review			P2	positive_seed_requires_qgis_boundary_review	110.0	-8.86740073,41.90943317,-8.86122025,41.91403252				exclude_until_independent_label_review	0.00	2026-08-01T00:00:00Z
wl-pos-pos-es-pba-65274	pos-es-pba-65274	1	positive	exclude_probable_name_false_positive	name/type looks like modern or non-castro heritage item	excluded_review	excluded	ES|Pontevedra|A Guarda	ES	Galicia	Pontevedra	A Guarda	Salcidos (San Lourenzo)	Barreira, A	Casa con galería na Praza do Castro 2	Xunta PBA Catálogo. Elementos (xuño 2026)	official_catalogue_seed	65274	-		-		-8.864937016001965	41.91196775940875	catalogue_point_wgs84	medium_official_name_or_type	generic_castro_hint	unknown_terrain_pending_visual_review			P2	positive_seed_requires_qgis_boundary_review	110.0	-8.86802726,41.90966808,-8.86184677,41.91426744				exclude_until_independent_label_review	0.00	2026-08-01T00:00:00Z
wl-pos-pos-es-pba-65287	pos-es-pba-65287	1	positive	exclude_probable_name_false_positive	name/type looks like modern or non-castro heritage item	excluded_review	excluded	ES|Pontevedra|A Guarda	ES	Galicia	Pontevedra	A Guarda	Salcidos (San Lourenzo)	Cividáns	Casa no barrio da Bella Vista preto do Castro	Xunta PBA Catálogo. Elementos (xuño 2026)	official_catalogue_seed	65287	-		-		-8.864759509816412	41.910373346036515	catalogue_point_wgs84	medium_official_name_or_type	valley_or_river_edge_hint	valley_or_river_edge_proxy			P1	positive_seed_requires_qgis_boundary_review	120.0	-8.86784968,41.90807367,-8.86166934,41.91267302				exclude_until_independent_label_review	0.00	2026-08-01T00:00:00Z
wl-pos-pos-es-pba-65362	pos-es-pba-65362	1	positive	exclude_probable_name_false_positive	name/type looks like modern or non-castro heritage item	excluded_review	excluded	ES|Pontevedra|A Guarda	ES	Galicia	Pontevedra	A Guarda	A Guarda (Santa María)	Funchidos	Casa indiana de Antonio Portela Silva na Rúa Rosalía de Castro 8 (Vila Borriquen)	Xunta PBA Catálogo. Elementos (xuño 2026)	official_catalogue_seed	65362	-		-		-8.867487617788289	41.90307200209746	catalogue_point_wgs84	medium_official_name_or_type	generic_castro_hint	unknown_terrain_pending_visual_review			P2	positive_seed_requires_qgis_boundary_review	110.0	-8.87057744,41.90077233,-8.86439780,41.90537168				exclude_until_independent_label_review	0.00	2026-08-01T00:00:00Z
wl-pos-pos-es-pba-65414	pos-es-pba-65414	1	positive	exclude_probable_name_false_positive	name/type looks like modern or non-castro heritage item	excluded_review	excluded	ES|Pontevedra|A Guarda	ES	Galicia	Pontevedra	A Guarda	Salcidos (San Lourenzo)	Barreira, A	Cruceiro do Castro	Xunta PBA Catálogo. Elementos (xuño 2026)	official_catalogue_seed	65414	-		CRU		-8.864599865460956	41.911742192269756	catalogue_point_wgs84	medium_official_name_or_type	generic_castro_hint	unknown_terrain_pending_visual_review			P2	positive_seed_requires_qgis_boundary_review	110.0	-8.86769010,41.90944252,-8.86150963,41.91404187				exclude_until_independent_label_review	0.00	2026-08-01T00:00:00Z
wl-pos-pos-es-pba-65588	pos-es-pba-65588	1	positive	exclude_probable_name_false_positive	name/type looks like modern or non-castro heritage item	excluded_review	excluded	ES|Pontevedra|A Guarda	ES	Galicia	Pontevedra	A Guarda	Salcidos (San Lourenzo)	Barreira, A	Casa na Praza do Castro no Castro (3)	Xunta PBA Catálogo. Elementos (xuño 2026)	official_catalogue_seed	65588	-		-		-8.86472067410519	41.91163425300549	catalogue_point_wgs84	medium_official_name_or_type	generic_castro_hint	unknown_terrain_pending_visual_review			P2	positive_seed_requires_qgis_boundary_review	110.0	-8.86781091,41.90933458,-8.86163044,41.91393393				exclude_until_independent_label_review	0.00	2026-08-01T00:00:00Z
wl-pos-pos-es-pba-65589	pos-es-pba-65589	1	positive	exclude_probable_name_false_positive	name/type looks like modern or non-castro heritage item	excluded_review	excluded	ES|Pontevedra|A Guarda	ES	Galicia	Pontevedra	A Guarda	Salcidos (San Lourenzo)	Barreira, A	Casa na Praza do Castro no Castro (4)	Xunta PBA Catálogo. Elementos (xuño 2026)	official_catalogue_seed	65589	-		-		-8.864346989811047	41.9115797713486	catalogue_point_wgs84	medium_official_name_or_type	generic_castro_hint	unknown_terrain_pending_visual_review			P2	positive_seed_requires_qgis_boundary_review	110.0	-8.86743722,41.90928009,-8.86125676,41.91387945				exclude_until_independent_label_review	0.00	2026-08-01T00:00:00Z
wl-pos-pos-es-pba-79614	pos-es-pba-79614	1	positive	exclude_probable_name_false_positive	name/type looks like modern or non-castro heritage item	excluded_review	excluded	ES|Pontevedra|A Illa de Arousa	ES	Galicia	Pontevedra	A Illa de Arousa	A Illa de Arousa (San Xulián)	Paradela	Casa Rúa do Castro e Travesía do Castro 24	Xunta PBA Catálogo. Elementos (xuño 2026)	official_catalogue_seed	79614	-		-		-8.86878244646454	42.561893274333336	catalogue_point_wgs84	medium_official_name_or_type	generic_castro_hint	unknown_terrain_pending_visual_review			P2	positive_seed_requires_qgis_boundary_review	110.0	-8.87190469,42.55959360,-8.86566021,42.56419295				exclude_until_independent_label_review	0.00	2026-08-01T00:00:00Z
wl-pos-pos-es-pba-67046	pos-es-pba-67046	1	positive	exclude_probable_name_false_positive	name/type looks like modern or non-castro heritage item	excluded_review	excluded	ES|Pontevedra|A Lama	ES	Galicia	Pontevedra	A Lama	A Lama (San Salvador)	Toural, O	Viacrucis xubilar en Castro	Xunta PBA Catálogo. Elementos (xuño 2026)	official_catalogue_seed	67046	-		CRU		-8.445232975099044	42.39819551974915	catalogue_point_wgs84	medium_official_name_or_type	generic_castro_hint	unknown_terrain_pending_visual_review			P2	positive_seed_requires_qgis_boundary_review	110.0	-8.44834706,42.39589584,-8.44211889,42.40049520				exclude_until_independent_label_review	0.00	2026-08-01T00:00:00Z
wl-pos-pos-es-pba-65696	pos-es-pba-65696	1	positive	exclude_probable_name_false_positive	name/type looks like modern or non-castro heritage item	excluded_review	excluded	ES|Pontevedra|Agolada	ES	Galicia	Pontevedra	Agolada	Borraxeiros (San Cristovo)	Reboredo	Mámoa dos Cotos 1/Castro Marcelín/Monte da Vila	Xunta PBA Catálogo. Elementos (xuño 2026)	official_catalogue_seed	65696	GA36020005	Túmulo	-		-8.033602793170806	42.78726760557237	catalogue_point_wgs84	medium_official_name_or_type	coastal_promontory_hint	coastal_or_promontory_proxy			P0	positive_seed_requires_qgis_boundary_review	150.0	-8.03673638,42.78496793,-8.03046921,42.78956728				exclude_until_independent_label_review	0.00	2026-08-01T00:00:00Z
wl-pos-pos-es-pba-65697	pos-es-pba-65697	1	positive	exclude_probable_name_false_positive	name/type looks like modern or non-castro heritage item	excluded_review	excluded	ES|Pontevedra|Agolada	ES	Galicia	Pontevedra	Agolada	Borraxeiros (San Cristovo)	Reboredo	Mámoa dos Cotos 2/Castro Marcelín/Monte da Vila	Xunta PBA Catálogo. Elementos (xuño 2026)	official_catalogue_seed	65697	GA36020147	Túmulo	-		-8.033149307221144	42.786964673661025	catalogue_point_wgs84	medium_official_name_or_type	coastal_promontory_hint	coastal_or_promontory_proxy			P0	positive_seed_requires_qgis_boundary_review	150.0	-8.03628288,42.78466500,-8.03001574,42.78926435				exclude_until_independent_label_review	0.00	2026-08-01T00:00:00Z
wl-pos-pos-es-pba-65729	pos-es-pba-65729	1	positive	exclude_probable_name_false_positive	name/type looks like modern or non-castro heritage item	excluded_review	excluded	ES|Pontevedra|Agolada	ES	Galicia	Pontevedra	Agolada	Borraxeiros (San Cristovo)	Marcelín	Mámoa dos Cotos 3/Castro Marcelín/Monte da Vila	Xunta PBA Catálogo. Elementos (xuño 2026)	official_catalogue_seed	65729	GA36020148	Túmulo	-		-8.033992119391451	42.7873586889826	catalogue_point_wgs84	medium_official_name_or_type	coastal_promontory_hint	coastal_or_promontory_proxy			P0	positive_seed_requires_qgis_boundary_review	150.0	-8.03712571,42.78505901,-8.03085853,42.78965837				exclude_until_independent_label_review	0.00	2026-08-01T00:00:00Z
wl-pos-pos-es-pba-65730	pos-es-pba-65730	1	positive	exclude_probable_name_false_positive	name/type looks like modern or non-castro heritage item	excluded_review	excluded	ES|Pontevedra|Agolada	ES	Galicia	Pontevedra	Agolada	Borraxeiros (San Cristovo)	Reboredo	Mámoa dos Cotos 4/Castro Marcelín/Monte da Vila	Xunta PBA Catálogo. Elementos (xuño 2026)	official_catalogue_seed	65730	GA36020149	Túmulo	-		-8.03394667935414	42.78789143707019	catalogue_point_wgs84	medium_official_name_or_type	coastal_promontory_hint	coastal_or_promontory_proxy			P0	positive_seed_requires_qgis_boundary_review	150.0	-8.03708029,42.78559176,-8.03081306,42.79019111				exclude_until_independent_label_review	0.00	2026-08-01T00:00:00Z
wl-pos-pos-es-pba-65731	pos-es-pba-65731	1	positive	exclude_probable_name_false_positive	name/type looks like modern or non-castro heritage item	excluded_review	excluded	ES|Pontevedra|Agolada	ES	Galicia	Pontevedra	Agolada	Borraxeiros (San Cristovo)	Vila Grande, A	Mámoa dos Cotos 5/Castro Marcelín/Monte da Vila	Xunta PBA Catálogo. Elementos (xuño 2026)	official_catalogue_seed	65731	GA36020150	Túmulo	-		-8.034424930356987	42.78773442956331	catalogue_point_wgs84	medium_official_name_or_type	coastal_promontory_hint	coastal_or_promontory_proxy			P0	positive_seed_requires_qgis_boundary_review	150.0	-8.03755854,42.78543475,-8.03129132,42.79003411				exclude_until_independent_label_review	0.00	2026-08-01T00:00:00Z
wl-pos-pos-es-pba-65732	pos-es-pba-65732	1	positive	exclude_probable_name_false_positive	name/type looks like modern or non-castro heritage item	excluded_review	excluded	ES|Pontevedra|Agolada	ES	Galicia	Pontevedra	Agolada	Borraxeiros (San Cristovo)	Reboredo	Mámoa dos Cotos 6/Castro Marcelín/Monte da Vila	Xunta PBA Catálogo. Elementos (xuño 2026)	official_catalogue_seed	65732	GA36020151	Túmulo	-		-8.029732662119907	42.788420118016745	catalogue_point_wgs84	medium_official_name_or_type	coastal_promontory_hint	coastal_or_promontory_proxy			P0	positive_seed_requires_qgis_boundary_review	150.0	-8.03286630,42.78612044,-8.02659902,42.79071979				exclude_until_independent_label_review	0.00	2026-08-01T00:00:00Z
wl-pos-pos-es-pba-65733	pos-es-pba-65733	1	positive	exclude_probable_name_false_positive	name/type looks like modern or non-castro heritage item	excluded_review	excluded	ES|Pontevedra|Agolada	ES	Galicia	Pontevedra	Agolada	Borraxeiros (San Cristovo)	Reboredo	Mámoa dos Cotos 7/Castro Marcelín/Monte da Vila	Xunta PBA Catálogo. Elementos (xuño 2026)	official_catalogue_seed	65733	GA36020152	Túmulo	-		-8.030055649977513	42.788078125203825	catalogue_point_wgs84	medium_official_name_or_type	coastal_promontory_hint	coastal_or_promontory_proxy			P0	positive_seed_requires_qgis_boundary_review	150.0	-8.03318927,42.78577845,-8.02692203,42.79037780				exclude_until_independent_label_review	0.00	2026-08-01T00:00:00Z
wl-pos-pos-es-pba-65734	pos-es-pba-65734	1	positive	exclude_probable_name_false_positive	name/type looks like modern or non-castro heritage item	excluded_review	excluded	ES|Pontevedra|Agolada	ES	Galicia	Pontevedra	Agolada	Borraxeiros (San Cristovo)	Reboredo	Mámoa dos Cotos 8/Castro Marcelín/Monte da Vila	Xunta PBA Catálogo. Elementos (xuño 2026)	official_catalogue_seed	65734	GA36020153	Túmulo	-		-8.028650598671936	42.788358213461755	catalogue_point_wgs84	medium_official_name_or_type	coastal_promontory_hint	coastal_or_promontory_proxy			P0	positive_seed_requires_qgis_boundary_review	150.0	-8.03178424,42.78605854,-8.02551696,42.79065789				exclude_until_independent_label_review	0.00	2026-08-01T00:00:00Z
wl-pos-pos-es-pba-65881	pos-es-pba-65881	1	positive	exclude_probable_name_false_positive	name/type looks like modern or non-castro heritage item	excluded_review	excluded	ES|Pontevedra|Agolada	ES	Galicia	Pontevedra	Agolada	As Trabancas (San Mamede)	Lamas	Mámoa de Castrillón	Xunta PBA Catálogo. Elementos (xuño 2026)	official_catalogue_seed	65881	GA36020028	Túmulo	-		-7.985754078607754	42.76033819029167	catalogue_point_wgs84	medium_official_name_or_type	castrel_toponym_hint	unknown_terrain_pending_visual_review			P1	positive_seed_requires_qgis_boundary_review	100.0	-7.98888630,42.75803851,-7.98262186,42.76263787				exclude_until_independent_label_review	0.00	2026-08-01T00:00:00Z
wl-pos-pos-es-pba-66151	pos-es-pba-66151	1	positive	exclude_probable_name_false_positive	name/type looks like modern or non-castro heritage item	excluded_review	excluded	ES|Pontevedra|Agolada	ES	Galicia	Pontevedra	Agolada	A Baíña (San Pedro)	Castro	Casa de Castro	Xunta PBA Catálogo. Elementos (xuño 2026)	official_catalogue_seed	66151	-		-		-8.063826517821878	42.81885279472589	catalogue_point_wgs84	medium_official_name_or_type	generic_castro_hint	unknown_terrain_pending_visual_review			P2	positive_seed_requires_qgis_boundary_review	110.0	-8.06696170,42.81655312,-8.06069133,42.82115247				exclude_until_independent_label_review	0.00	2026-08-01T00:00:00Z
wl-pos-pos-es-pba-66169	pos-es-pba-66169	1	positive	exclude_probable_name_false_positive	name/type looks like modern or non-castro heritage item	excluded_review	excluded	ES|Pontevedra|Agolada	ES	Galicia	Pontevedra	Agolada	Merlín (San Pedro)	Marcelín	Mámoa do Coto Pequeno do Castro 1/Monte Marcelín	Xunta PBA Catálogo. Elementos (xuño 2026)	official_catalogue_seed	66169	GA36020004	Túmulo	-		-8.03253358013298	42.78493605804351	catalogue_point_wgs84	medium_official_name_or_type	coastal_promontory_hint	coastal_or_promontory_proxy			P0	positive_seed_requires_qgis_boundary_review	150.0	-8.03566705,42.78263638,-8.02940012,42.78723573				exclude_until_independent_label_review	0.00	2026-08-01T00:00:00Z
wl-pos-pos-es-pba-66170	pos-es-pba-66170	1	positive	exclude_probable_name_false_positive	name/type looks like modern or non-castro heritage item	excluded_review	excluded	ES|Pontevedra|Agolada	ES	Galicia	Pontevedra	Agolada	Merlín (San Pedro)	Marcelín	Mámoa do Coto Pequeno do Castro 2/Monte Marcelín	Xunta PBA Catálogo. Elementos (xuño 2026)	official_catalogue_seed	66170	GA36020146	Túmulo	-		-8.03240605978871	42.78464401929525	catalogue_point_wgs84	medium_official_name_or_type	coastal_promontory_hint	coastal_or_promontory_proxy			P0	positive_seed_requires_qgis_boundary_review	150.0	-8.03553951,42.78234434,-8.02927261,42.78694370				exclude_until_independent_label_review	0.00	2026-08-01T00:00:00Z
wl-pos-pos-es-pba-59932	pos-es-pba-59932	1	positive	exclude_probable_name_false_positive	name/type looks like modern or non-castro heritage item	excluded_review	excluded	ES|Pontevedra|Arbo	ES	Galicia	Pontevedra	Arbo	Sela (Santa María)	Lugar, O	Petróglifos no Castro do Coto de San Martiño	Xunta PBA Catálogo. Elementos (xuño 2026)	official_catalogue_seed	59932	GA36001055	Petróglifo	ARU		-8.366234935435356	42.10187352901841	catalogue_point_wgs84	medium_official_name_or_type	coastal_promontory_hint	coastal_or_promontory_proxy			P0	positive_seed_requires_qgis_boundary_review	150.0	-8.36933442,42.09957385,-8.36313545,42.10417321				exclude_until_independent_label_review	0.00	2026-08-01T00:00:00Z
wl-pos-pos-es-pba-68668	pos-es-pba-68668	1	positive	exclude_probable_name_false_positive	name/type looks like modern or non-castro heritage item	excluded_review	excluded	ES|Pontevedra|As Neves	ES	Galicia	Pontevedra	As Neves	Vide (Santa María)	Requeixo	Castro de Requeixo	Xunta PBA Catálogo. Elementos (xuño 2026)	official_catalogue_seed	68668	GA36034010	Petróglifo	-		-8.37363811587191	42.087048363553706	catalogue_point_wgs84	medium_official_name_or_type	generic_castro_hint	unknown_terrain_pending_visual_review			P2	positive_seed_requires_qgis_boundary_review	110.0	-8.37673688,42.08474869,-8.37053935,42.08934804				exclude_until_independent_label_review	0.00	2026-08-01T00:00:00Z
wl-pos-pos-es-pba-61351	pos-es-pba-61351	1	positive	exclude_probable_name_false_positive	name/type looks like modern or non-castro heritage item	excluded_review	excluded	ES|Pontevedra|Baiona	ES	Galicia	Pontevedra	Baiona	Santa Cristina da Ramallosa (Santa Cristina)	Río, O	Petróglifo do Castro	Xunta PBA Catálogo. Elementos (xuño 2026)	official_catalogue_seed	61351	GA36003016	Petróglifo	ARU		-8.837287984160268	42.10597866392952	catalogue_point_wgs84	medium_official_name_or_type	generic_castro_hint	unknown_terrain_pending_visual_review			P2	positive_seed_requires_qgis_boundary_review	110.0	-8.84038767,42.10367899,-8.83418830,42.10827834				exclude_until_independent_label_review	0.00	2026-08-01T00:00:00Z
wl-pos-pos-es-pba-60214	pos-es-pba-60214	1	positive	exclude_probable_name_false_positive	name/type looks like modern or non-castro heritage item	excluded_review	excluded	ES|Pontevedra|Barro	ES	Galicia	Pontevedra	Barro	Portela (San Mamede)	Mosqueiros	Petróglifos de Castro Loureiro	Xunta PBA Catálogo. Elementos (xuño 2026)	official_catalogue_seed	60214	GA36002009	Petróglifo	ARU		-8.630649818381235	42.51707414643264	catalogue_point_wgs84	medium_official_name_or_type	generic_castro_hint	unknown_terrain_pending_visual_review			P2	positive_seed_requires_qgis_boundary_review	110.0	-8.63376982,42.51477447,-8.62752982,42.51937382				exclude_until_independent_label_review	0.00	2026-08-01T00:00:00Z
wl-pos-pos-es-pba-61325	pos-es-pba-61325	1	positive	exclude_probable_name_false_positive	name/type looks like modern or non-castro heritage item	excluded_review	excluded	ES|Pontevedra|Bueu	ES	Galicia	Pontevedra	Bueu	Bueu (San Martiño)	Valado, O	Pazo de Castrelo	Xunta PBA Catálogo. Elementos (xuño 2026)	official_catalogue_seed	61325	-	Residencial	-		-8.789594600166172	42.3152727957909	catalogue_point_wgs84	medium_official_name_or_type	castrel_toponym_hint	unknown_terrain_pending_visual_review			P1	positive_seed_requires_qgis_boundary_review	100.0	-8.79270458,42.31297312,-8.78648462,42.31757247				exclude_until_independent_label_review	0.00	2026-08-01T00:00:00Z
wl-pos-pos-es-pba-61136	pos-es-pba-61136	1	positive	exclude_probable_name_false_positive	name/type looks like modern or non-castro heritage item	excluded_review	excluded	ES|Pontevedra|Caldas de Reis	ES	Galicia	Pontevedra	Caldas de Reis	Godos (Santa María)	O Cruceiro de Santiago	Granxa de Castro	Xunta PBA Catálogo. Elementos (xuño 2026)	official_catalogue_seed	61136	-		HOR		-8.697279817002531	42.58409193092646	catalogue_point_wgs84	medium_official_name_or_type	generic_castro_hint	unknown_terrain_pending_visual_review			P2	positive_seed_requires_qgis_boundary_review	110.0	-8.70040317,42.58179225,-8.69415647,42.58639161				exclude_until_independent_label_review	0.00	2026-08-01T00:00:00Z
wl-pos-pos-es-pba-62725	pos-es-pba-62725	1	positive	exclude_probable_name_false_positive	name/type looks like modern or non-castro heritage item	excluded_review	excluded	ES|Pontevedra|Caldas de Reis	ES	Galicia	Pontevedra	Caldas de Reis	Bemil (Santa María)	Lavandeira, A	Mámoa do Monte do Castro 1	Xunta PBA Catálogo. Elementos (xuño 2026)	official_catalogue_seed	62725	GA36005018	Túmulo	-		-8.653135059124677	42.62631550161133	catalogue_point_wgs84	medium_official_name_or_type	hilltop_hint	hilltop_or_ridge_proxy			P1	positive_seed_requires_qgis_boundary_review	120.0	-8.65626053,42.62401583,-8.65000959,42.62861518				exclude_until_independent_label_review	0.00	2026-08-01T00:00:00Z
wl-pos-pos-es-pba-62726	pos-es-pba-62726	1	positive	exclude_probable_name_false_positive	name/type looks like modern or non-castro heritage item	excluded_review	excluded	ES|Pontevedra|Caldas de Reis	ES	Galicia	Pontevedra	Caldas de Reis	Bemil (Santa María)	Lavandeira, A	Mámoa do Monte do Castro 2	Xunta PBA Catálogo. Elementos (xuño 2026)	official_catalogue_seed	62726	GA36005036	Túmulo	-		-8.652903114980308	42.625353982692744	catalogue_point_wgs84	medium_official_name_or_type	hilltop_hint	hilltop_or_ridge_proxy			P1	positive_seed_requires_qgis_boundary_review	120.0	-8.65602854,42.62305431,-8.64977769,42.62765366				exclude_until_independent_label_review	0.00	2026-08-01T00:00:00Z
wl-pos-pos-es-pba-62754	pos-es-pba-62754	1	positive	exclude_probable_name_false_positive	name/type looks like modern or non-castro heritage item	excluded_review	excluded	ES|Pontevedra|Caldas de Reis	ES	Galicia	Pontevedra	Caldas de Reis	Bemil (Santa María)	Paradela	Mámoa do Monte do Castro 3	Xunta PBA Catálogo. Elementos (xuño 2026)	official_catalogue_seed	62754	GA36005037	Túmulo	-		-8.6523406140249	42.62919849578075	catalogue_point_wgs84	medium_official_name_or_type	hilltop_hint	hilltop_or_ridge_proxy			P1	positive_seed_requires_qgis_boundary_review	120.0	-8.65546623,42.62689882,-8.64921500,42.63149817				exclude_until_independent_label_review	0.00	2026-08-01T00:00:00Z
wl-pos-pos-es-pba-61811	pos-es-pba-61811	1	positive	exclude_probable_name_false_positive	name/type looks like modern or non-castro heritage item	excluded_review	excluded	ES|Pontevedra|Cambados	ES	Galicia	Pontevedra	Cambados	Corvillón (San Amedio)	Refoxos	Cruz no Castro de Santa Mariña	Xunta PBA Catálogo. Elementos (xuño 2026)	official_catalogue_seed	61811	-		CRU		-8.801735969006456	42.53308639229024	catalogue_point_wgs84	medium_official_name_or_type	coastal_promontory_hint	coastal_or_promontory_proxy			P0	positive_seed_requires_qgis_boundary_review	150.0	-8.80485677,42.53078672,-8.79861517,42.53538607				exclude_until_independent_label_review	0.00	2026-08-01T00:00:00Z
wl-pos-pos-es-pba-62128	pos-es-pba-62128	1	positive	exclude_probable_name_false_positive	name/type looks like modern or non-castro heritage item	excluded_review	excluded	ES|Pontevedra|Cambados	ES	Galicia	Pontevedra	Cambados	Castrelo (Santa Cruz)	Adro, O	Igrexa de Castrelo (Parroquial de Santa Cruz)	Xunta PBA Catálogo. Elementos (xuño 2026)	official_catalogue_seed	62128	-	Igrexa	-		-8.809654578800735	42.479731061109796	catalogue_point_wgs84	medium_official_name_or_type	castrel_toponym_hint	unknown_terrain_pending_visual_review			P1	positive_seed_requires_qgis_boundary_review	100.0	-8.81277272,42.47743138,-8.80653644,42.48203074				exclude_until_independent_label_review	0.00	2026-08-01T00:00:00Z
wl-pos-pos-es-pba-62233	pos-es-pba-62233	1	positive	exclude_low_toponymic_review	low confidence toponymic hint	excluded_review	excluded	ES|Pontevedra|Cambados	ES	Galicia	Pontevedra	Cambados	Castrelo (Santa Cruz)	Lourido	O Castriño/A Revolta	Xunta PBA Catálogo. Elementos (xuño 2026)	official_catalogue_seed	62233	GA36006007	Casto	-		-8.817473980632338	42.48076133064999	catalogue_point_wgs84	low_toponymic_review	generic_castro_hint	unknown_terrain_pending_visual_review			P2	positive_seed_requires_qgis_boundary_review	110.0	-8.82059217,42.47846165,-8.81435579,42.48306101				exclude_until_independent_label_review	0.00	2026-08-01T00:00:00Z
wl-pos-pos-es-pba-62618	pos-es-pba-62618	1	positive	exclude_probable_name_false_positive	name/type looks like modern or non-castro heritage item	excluded_review	excluded	ES|Pontevedra|Cambados	ES	Galicia	Pontevedra	Cambados	Castrelo (Santa Cruz)	Adro, O	Casa reitoral de Castrelo	Xunta PBA Catálogo. Elementos (xuño 2026)	official_catalogue_seed	62618	-		-		-8.809665817251894	42.4800372806128	catalogue_point_wgs84	medium_official_name_or_type	castrel_toponym_hint	unknown_terrain_pending_visual_review			P1	positive_seed_requires_qgis_boundary_review	100.0	-8.81278397,42.47773760,-8.80654767,42.48233696				exclude_until_independent_label_review	0.00	2026-08-01T00:00:00Z
wl-pos-pos-es-pba-62903	pos-es-pba-62903	1	positive	exclude_probable_name_false_positive	name/type looks like modern or non-castro heritage item	excluded_review	excluded	ES|Pontevedra|Cangas	ES	Galicia	Pontevedra	Cangas	Aldán (San Cibrán)	Menduíña	Castro da Cunchosa 1	Xunta PBA Catálogo. Elementos (xuño 2026)	official_catalogue_seed	62903	RE36008021	Neolítico	-		-8.821596174181622	42.30163765774112	catalogue_point_wgs84	medium_official_name_or_type	generic_castro_hint	unknown_terrain_pending_visual_review			P2	positive_seed_requires_qgis_boundary_review	110.0	-8.82470548,42.29933798,-8.81848687,42.30393733				exclude_until_independent_label_review	0.00	2026-08-01T00:00:00Z
wl-pos-pos-es-pba-62904	pos-es-pba-62904	1	positive	exclude_probable_name_false_positive	name/type looks like modern or non-castro heritage item	excluded_review	excluded	ES|Pontevedra|Cangas	ES	Galicia	Pontevedra	Cangas	Aldán (San Cibrán)	Menduíña	Castro da Cunchosa 2	Xunta PBA Catálogo. Elementos (xuño 2026)	official_catalogue_seed	62904	GA36008022	Neolítico	-		-8.819346487994865	42.30145201453048	catalogue_point_wgs84	medium_official_name_or_type	generic_castro_hint	unknown_terrain_pending_visual_review			P2	positive_seed_requires_qgis_boundary_review	110.0	-8.82245578,42.29915234,-8.81623720,42.30375169				exclude_until_independent_label_review	0.00	2026-08-01T00:00:00Z
wl-pos-pos-es-pba-78542	pos-es-pba-78542	1	positive	exclude_probable_name_false_positive	name/type looks like modern or non-castro heritage item	excluded_review	excluded	ES|Pontevedra|Cerdedo Cotobade	ES	Galicia	Pontevedra	Cerdedo Cotobade	Quireza (San Tomé)	Castros, Os	Pontella sobre o Regueiro de Albiños en Os Castro	Xunta PBA Catálogo. Elementos (xuño 2026)	official_catalogue_seed	78542	-		-		-8.437666359547162	42.570368817791106	catalogue_point_wgs84	medium_official_name_or_type	generic_castro_hint	unknown_terrain_pending_visual_review			P2	positive_seed_requires_qgis_boundary_review	110.0	-8.44078902,42.56806914,-8.43454370,42.57266849				exclude_until_independent_label_review	0.00	2026-08-01T00:00:00Z
wl-pos-pos-es-pba-78584	pos-es-pba-78584	1	positive	exclude_probable_name_false_positive	name/type looks like modern or non-castro heritage item	excluded_review	excluded	ES|Pontevedra|Cerdedo Cotobade	ES	Galicia	Pontevedra	Cerdedo Cotobade	Carballedo (San Miguel)	A Lomba	Cruz do Castro na Igrexa	Xunta PBA Catálogo. Elementos (xuño 2026)	official_catalogue_seed	78584	-		CRU		-8.476329093528642	42.48113339276025	catalogue_point_wgs84	medium_official_name_or_type	generic_castro_hint	unknown_terrain_pending_visual_review			P2	positive_seed_requires_qgis_boundary_review	110.0	-8.47944730,42.47883372,-8.47321089,42.48343307				exclude_until_independent_label_review	0.00	2026-08-01T00:00:00Z
wl-pos-pos-es-pba-78628	pos-es-pba-78628	1	positive	exclude_probable_name_false_positive	name/type looks like modern or non-castro heritage item	excluded_review	excluded	ES|Pontevedra|Cerdedo Cotobade	ES	Galicia	Pontevedra	Cerdedo Cotobade	San Xurxo de Sacos (San Xurxo)	Barbeitos	Pazo de Bermúdez de Castro	Xunta PBA Catálogo. Elementos (xuño 2026)	official_catalogue_seed	78628	-	Residencial	-		-8.514279748521963	42.51068661997354	catalogue_point_wgs84	medium_official_name_or_type	generic_castro_hint	unknown_terrain_pending_visual_review			P2	positive_seed_requires_qgis_boundary_review	110.0	-8.51739943,42.50838694,-8.51116007,42.51298630				exclude_until_independent_label_review	0.00	2026-08-01T00:00:00Z
wl-pos-pos-es-pba-78723	pos-es-pba-78723	1	positive	exclude_probable_name_false_positive	name/type looks like modern or non-castro heritage item	excluded_review	excluded	ES|Pontevedra|Cerdedo Cotobade	ES	Galicia	Pontevedra	Cerdedo Cotobade	Quireza (San Tomé)	Castros, Os	Lavadoiro nos Castros	Xunta PBA Catálogo. Elementos (xuño 2026)	official_catalogue_seed	78723	-		-		-8.437400139281133	42.56880951925578	catalogue_point_wgs84	medium_official_name_or_type	generic_castro_hint	unknown_terrain_pending_visual_review			P2	positive_seed_requires_qgis_boundary_review	110.0	-8.44052273,42.56650984,-8.43427755,42.57110920				exclude_until_independent_label_review	0.00	2026-08-01T00:00:00Z
wl-pos-pos-es-pba-79329	pos-es-pba-79329	1	positive	exclude_probable_name_false_positive	name/type looks like modern or non-castro heritage item	excluded_review	excluded	ES|Pontevedra|Cerdedo Cotobade	ES	Galicia	Pontevedra	Cerdedo Cotobade	Quireza (San Tomé)	Castros, Os	Casa 60 nos Castros	Xunta PBA Catálogo. Elementos (xuño 2026)	official_catalogue_seed	79329	-		-		-8.438095150047303	42.568749889501845	catalogue_point_wgs84	medium_official_name_or_type	generic_castro_hint	unknown_terrain_pending_visual_review			P2	positive_seed_requires_qgis_boundary_review	110.0	-8.44121773,42.56645021,-8.43497257,42.57104957				exclude_until_independent_label_review	0.00	2026-08-01T00:00:00Z
wl-pos-pos-es-pba-79643	pos-es-pba-79643	1	positive	exclude_probable_name_false_positive	name/type looks like modern or non-castro heritage item	excluded_review	excluded	ES|Pontevedra|Cerdedo Cotobade	ES	Galicia	Pontevedra	Cerdedo Cotobade	Castro (Santa Baia)	Castro do Medio	Fonte e lavadoiro en Castro do medio	Xunta PBA Catálogo. Elementos (xuño 2026)	official_catalogue_seed	79643	-		-		-8.426500286994166	42.55899326073838	catalogue_point_wgs84	medium_official_name_or_type	generic_castro_hint	unknown_terrain_pending_visual_review			P2	positive_seed_requires_qgis_boundary_review	110.0	-8.42962238,42.55669358,-8.42337819,42.56129294				exclude_until_independent_label_review	0.00	2026-08-01T00:00:00Z
wl-pos-pos-es-pba-79931	pos-es-pba-79931	1	positive	exclude_probable_name_false_positive	name/type looks like modern or non-castro heritage item	excluded_review	excluded	ES|Pontevedra|Cerdedo Cotobade	ES	Galicia	Pontevedra	Cerdedo Cotobade	Castro (Santa Baia)	Castro do Medio	Cruceiro en Castro do Medio	Xunta PBA Catálogo. Elementos (xuño 2026)	official_catalogue_seed	79931	-		CRU		-8.427518090220273	42.55559417670329	catalogue_point_wgs84	medium_official_name_or_type	generic_castro_hint	unknown_terrain_pending_visual_review			P2	positive_seed_requires_qgis_boundary_review	110.0	-8.43064001,42.55329450,-8.42439617,42.55789385				exclude_until_independent_label_review	0.00	2026-08-01T00:00:00Z
wl-pos-pos-es-pba-79975	pos-es-pba-79975	1	positive	exclude_probable_name_false_positive	name/type looks like modern or non-castro heritage item	excluded_review	excluded	ES|Pontevedra|Cerdedo Cotobade	ES	Galicia	Pontevedra	Cerdedo Cotobade	Castro (Santa Baia)	Castro do Medio	Igrexa de Castro (Parroquial de Santa Baia)	Xunta PBA Catálogo. Elementos (xuño 2026)	official_catalogue_seed	79975	-	Igrexa	-		-8.42738928549442	42.55635902206172	catalogue_point_wgs84	medium_official_name_or_type	generic_castro_hint	unknown_terrain_pending_visual_review			P2	positive_seed_requires_qgis_boundary_review	110.0	-8.43051125,42.55405935,-8.42426732,42.55865870				exclude_until_independent_label_review	0.00	2026-08-01T00:00:00Z
wl-pos-pos-es-pba-78657	pos-es-pba-78657	1	positive	exclude_probable_name_false_positive	name/type looks like modern or non-castro heritage item	excluded_review	excluded	ES|Pontevedra|Cerdedo-Cotobade	ES	Galicia	Pontevedra	Cerdedo-Cotobade	Aguasantas (Santa María)	Casa Grande, A	Castro de Augasantas/Coto do Castro	Xunta PBA Catálogo. Elementos (xuño 2026)	official_catalogue_seed	78657	GA36012052	Achado	-		-8.450873754432845	42.419856652337806	catalogue_point_wgs84	medium_official_name_or_type	hilltop_hint	hilltop_or_ridge_proxy			P1	positive_seed_requires_qgis_boundary_review	120.0	-8.45398891,42.41755698,-8.44775860,42.42215633				exclude_until_independent_label_review	0.00	2026-08-01T00:00:00Z
wl-pos-pos-es-pba-79494	pos-es-pba-79494	1	positive	exclude_probable_name_false_positive	name/type looks like modern or non-castro heritage item	excluded_review	excluded	ES|Pontevedra|Cerdedo-Cotobade	ES	Galicia	Pontevedra	Cerdedo-Cotobade	Aguasantas (Santa María)	Sucastro	Petróglifo de Sucastro	Xunta PBA Catálogo. Elementos (xuño 2026)	official_catalogue_seed	79494	GA36012053	Petróglifo	ARU		-8.446919470808112	42.41942193641341	catalogue_point_wgs84	medium_official_name_or_type	generic_castro_hint	unknown_terrain_pending_visual_review			P2	positive_seed_requires_qgis_boundary_review	110.0	-8.45003461,42.41712226,-8.44380433,42.42172161				exclude_until_independent_label_review	0.00	2026-08-01T00:00:00Z
wl-pos-pos-es-pba-79590	pos-es-pba-79590	1	positive	exclude_probable_name_false_positive	name/type looks like modern or non-castro heritage item	excluded_review	excluded	ES|Pontevedra|Cerdedo-Cotobade	ES	Galicia	Pontevedra	Cerdedo-Cotobade	Cerdedo (San Xoán)	Arén	Petróglifo do Castro de Arén	Xunta PBA Catálogo. Elementos (xuño 2026)	official_catalogue_seed	79590	GA36011059	Petróglifo	ARU		-8.37038626156214	42.536379336955974	catalogue_point_wgs84	medium_official_name_or_type	generic_castro_hint	unknown_terrain_pending_visual_review			P2	positive_seed_requires_qgis_boundary_review	110.0	-8.37350723,42.53407966,-8.36726530,42.53867901				exclude_until_independent_label_review	0.00	2026-08-01T00:00:00Z
wl-pos-pos-es-pba-63172	pos-es-pba-63172	1	positive	exclude_probable_name_false_positive	name/type looks like modern or non-castro heritage item	excluded_review	excluded	ES|Pontevedra|Covelo	ES	Galicia	Pontevedra	Covelo	Maceira (San Salvador)	Castrorregueiro	Petróglifo de Castro Regueiro 1	Xunta PBA Catálogo. Elementos (xuño 2026)	official_catalogue_seed	63172	GA36013038	Petróglifo	ARU		-8.346072913099137	42.25761103450222	catalogue_point_wgs84	medium_official_name_or_type	generic_castro_hint	unknown_terrain_pending_visual_review			P2	positive_seed_requires_qgis_boundary_review	110.0	-8.34918004,42.25531136,-8.34296578,42.25991071				exclude_until_independent_label_review	0.00	2026-08-01T00:00:00Z
wl-pos-pos-es-pba-63173	pos-es-pba-63173	1	positive	exclude_probable_name_false_positive	name/type looks like modern or non-castro heritage item	excluded_review	excluded	ES|Pontevedra|Covelo	ES	Galicia	Pontevedra	Covelo	Maceira (San Salvador)	Castrorregueiro	Petróglifo de Castro Regueiro 2	Xunta PBA Catálogo. Elementos (xuño 2026)	official_catalogue_seed	63173	GA36013039	Petróglifo	ARU		-8.347253012353654	42.25903675013555	catalogue_point_wgs84	medium_official_name_or_type	generic_castro_hint	unknown_terrain_pending_visual_review			P2	positive_seed_requires_qgis_boundary_review	110.0	-8.35036021,42.25673707,-8.34414581,42.26133643				exclude_until_independent_label_review	0.00	2026-08-01T00:00:00Z
wl-pos-pos-es-pba-64856	pos-es-pba-64856	1	positive	exclude_probable_name_false_positive	name/type looks like modern or non-castro heritage item	excluded_review	excluded	ES|Pontevedra|Cuntis	ES	Galicia	Pontevedra	Cuntis	Arcos (San Breixo)	Arcos	Mámoa do Chan do Castro 1	Xunta PBA Catálogo. Elementos (xuño 2026)	official_catalogue_seed	64856	GA36015042	Túmulo	-		-8.516619871472368	42.658768591941495	catalogue_point_wgs84	medium_official_name_or_type	generic_castro_hint	unknown_terrain_pending_visual_review			P2	positive_seed_requires_qgis_boundary_review	110.0	-8.51974697,42.65646892,-8.51349277,42.66106827				exclude_until_independent_label_review	0.00	2026-08-01T00:00:00Z
wl-pos-pos-es-pba-64857	pos-es-pba-64857	1	positive	exclude_probable_name_false_positive	name/type looks like modern or non-castro heritage item	excluded_review	excluded	ES|Pontevedra|Cuntis	ES	Galicia	Pontevedra	Cuntis	Arcos (San Breixo)	Arcos	Mámoa do Chan do Castro 2	Xunta PBA Catálogo. Elementos (xuño 2026)	official_catalogue_seed	64857	GA36015043	Túmulo	-		-8.517829176337395	42.659281614254446	catalogue_point_wgs84	medium_official_name_or_type	generic_castro_hint	unknown_terrain_pending_visual_review			P2	positive_seed_requires_qgis_boundary_review	110.0	-8.52095630,42.65698194,-8.51470205,42.66158129				exclude_until_independent_label_review	0.00	2026-08-01T00:00:00Z
wl-pos-pos-es-pba-64858	pos-es-pba-64858	1	positive	exclude_probable_name_false_positive	name/type looks like modern or non-castro heritage item	excluded_review	excluded	ES|Pontevedra|Cuntis	ES	Galicia	Pontevedra	Cuntis	Arcos (San Breixo)	Arcos	Mámoa do Chan do Castro 3	Xunta PBA Catálogo. Elementos (xuño 2026)	official_catalogue_seed	64858	GA36015044	Túmulo	-		-8.518094793991356	42.65907532213088	catalogue_point_wgs84	medium_official_name_or_type	generic_castro_hint	unknown_terrain_pending_visual_review			P2	positive_seed_requires_qgis_boundary_review	110.0	-8.52122191,42.65677565,-8.51496768,42.66137500				exclude_until_independent_label_review	0.00	2026-08-01T00:00:00Z
wl-pos-pos-es-pba-64859	pos-es-pba-64859	1	positive	exclude_probable_name_false_positive	name/type looks like modern or non-castro heritage item	excluded_review	excluded	ES|Pontevedra|Cuntis	ES	Galicia	Pontevedra	Cuntis	Arcos (San Breixo)	Arcos	Mámoa do Chan do Castro 4	Xunta PBA Catálogo. Elementos (xuño 2026)	official_catalogue_seed	64859	GA36015045	Túmulo	-		-8.518655097910635	42.65724511041544	catalogue_point_wgs84	medium_official_name_or_type	generic_castro_hint	unknown_terrain_pending_visual_review			P2	positive_seed_requires_qgis_boundary_review	110.0	-8.52178212,42.65494543,-8.51552807,42.65954479				exclude_until_independent_label_review	0.00	2026-08-01T00:00:00Z
wl-pos-pos-es-pba-64503	pos-es-pba-64503	1	positive	exclude_probable_name_false_positive	name/type looks like modern or non-castro heritage item	excluded_review	excluded	ES|Pontevedra|Dozón	ES	Galicia	Pontevedra	Dozón	O Castro (San Salvador)	Castro, O	Igrexa do Castro (Parroquial de San Salvador)	Xunta PBA Catálogo. Elementos (xuño 2026)	official_catalogue_seed	64503	-	Igrexa	-		-8.048475826149344	42.57008520341155	catalogue_point_wgs84	medium_official_name_or_type	generic_castro_hint	unknown_terrain_pending_visual_review			P2	positive_seed_requires_qgis_boundary_review	110.0	-8.05159848,42.56778553,-8.04535318,42.57238488				exclude_until_independent_label_review	0.00	2026-08-01T00:00:00Z
wl-pos-pos-es-pba-64231	pos-es-pba-64231	1	positive	exclude_probable_name_false_positive	name/type looks like modern or non-castro heritage item	excluded_review	excluded	ES|Pontevedra|Forcarei	ES	Galicia	Pontevedra	Forcarei	Castrelo (Santa Mariña)	Barciela, A	Igrexa de Castrelo (Parroquial de Santa Mariña)	Xunta PBA Catálogo. Elementos (xuño 2026)	official_catalogue_seed	64231	-	Igrexa	-		-8.365697790117443	42.56047396057816	catalogue_point_wgs84	medium_official_name_or_type	coastal_promontory_hint	coastal_or_promontory_proxy			P0	positive_seed_requires_qgis_boundary_review	150.0	-8.36881996,42.55817428,-8.36257562,42.56277364				exclude_until_independent_label_review	0.00	2026-08-01T00:00:00Z
wl-pos-pos-es-pba-64357	pos-es-pba-64357	1	positive	exclude_probable_name_false_positive	name/type looks like modern or non-castro heritage item	excluded_review	excluded	ES|Pontevedra|Forcarei	ES	Galicia	Pontevedra	Forcarei	Pereira (San Bartolomeu)	Valiñaxemia	Mámoa de Carreiro de Castro	Xunta PBA Catálogo. Elementos (xuño 2026)	official_catalogue_seed	64357	GA36018115	Túmulo	-		-8.327318756073746	42.63550263608326	catalogue_point_wgs84	medium_official_name_or_type	generic_castro_hint	unknown_terrain_pending_visual_review			P2	positive_seed_requires_qgis_boundary_review	110.0	-8.33044469,42.63320296,-8.32419283,42.63780231				exclude_until_independent_label_review	0.00	2026-08-01T00:00:00Z
wl-pos-pos-es-pba-64358	pos-es-pba-64358	1	positive	exclude_probable_name_false_positive	name/type looks like modern or non-castro heritage item	excluded_review	excluded	ES|Pontevedra|Forcarei	ES	Galicia	Pontevedra	Forcarei	Castrelo (Santa Mariña)	A Mámoa	Mámoa de Castrelo	Xunta PBA Catálogo. Elementos (xuño 2026)	official_catalogue_seed	64358	GA36018012	Túmulo	-		-8.38375754205637	42.58591891030058	catalogue_point_wgs84	medium_official_name_or_type	castrel_toponym_hint	unknown_terrain_pending_visual_review			P1	positive_seed_requires_qgis_boundary_review	100.0	-8.38688098,42.58361923,-8.38063410,42.58821859				exclude_until_independent_label_review	0.00	2026-08-01T00:00:00Z
wl-pos-pos-es-pba-64476	pos-es-pba-64476	1	positive	exclude_probable_name_false_positive	name/type looks like modern or non-castro heritage item	excluded_review	excluded	ES|Pontevedra|Forcarei	ES	Galicia	Pontevedra	Forcarei	Quintillán (San Pedro)	Levoso	Antiga escola Rosalía de Castro	Xunta PBA Catálogo. Elementos (xuño 2026)	official_catalogue_seed	64476	-		-		-8.371465371835558	42.614521902075694	catalogue_point_wgs84	medium_official_name_or_type	generic_castro_hint	unknown_terrain_pending_visual_review			P2	positive_seed_requires_qgis_boundary_review	110.0	-8.37459025,42.61222223,-8.36834049,42.61682158				exclude_until_independent_label_review	0.00	2026-08-01T00:00:00Z
wl-pos-pos-es-pba-65958	pos-es-pba-65958	1	positive	exclude_probable_name_false_positive	name/type looks like modern or non-castro heritage item	excluded_review	excluded	ES|Pontevedra|Gondomar	ES	Galicia	Pontevedra	Gondomar	Vincios (Santa Mariña)	Xián	Petróglifos do Monte do Castro	Xunta PBA Catálogo. Elementos (xuño 2026)	official_catalogue_seed	65958	GA36021017	Petróglifo	ARU		-8.746454970591827	42.14107830727063	catalogue_point_wgs84	medium_official_name_or_type	hilltop_hint	hilltop_or_ridge_proxy			P1	positive_seed_requires_qgis_boundary_review	120.0	-8.74955638,42.13877863,-8.74335357,42.14337798				exclude_until_independent_label_review	0.00	2026-08-01T00:00:00Z
wl-pos-pos-es-pba-67250	pos-es-pba-67250	1	positive	exclude_probable_name_false_positive	name/type looks like modern or non-castro heritage item	excluded_review	excluded	ES|Pontevedra|Lalín	ES	Galicia	Pontevedra	Lalín	Doade (San Pedro)	Penelas	Mámoa do Agro do Castro	Xunta PBA Catálogo. Elementos (xuño 2026)	official_catalogue_seed	67250	GA36024141	Túmulo	-		-8.136261145658452	42.60664205369348	catalogue_point_wgs84	medium_official_name_or_type	generic_castro_hint	unknown_terrain_pending_visual_review			P2	positive_seed_requires_qgis_boundary_review	110.0	-8.13938563,42.60434238,-8.13313666,42.60894173				exclude_until_independent_label_review	0.00	2026-08-01T00:00:00Z
wl-pos-pos-es-pba-67407	pos-es-pba-67407	1	positive	exclude_probable_name_false_positive	name/type looks like modern or non-castro heritage item	excluded_review	excluded	ES|Pontevedra|Lalín	ES	Galicia	Pontevedra	Lalín	Castro de Cabras (San Pedro)	Eirexe	Igrexa de Castro de Cabras (Parroquial de San Pedro)	Xunta PBA Catálogo. Elementos (xuño 2026)	official_catalogue_seed	67407	-	Igrexa	-		-7.996661288286682	42.64884733902464	catalogue_point_wgs84	medium_official_name_or_type	generic_castro_hint	unknown_terrain_pending_visual_review			P2	positive_seed_requires_qgis_boundary_review	110.0	-7.99978789,42.64654766,-7.99353469,42.65114702				exclude_until_independent_label_review	0.00	2026-08-01T00:00:00Z
wl-pos-pos-es-pba-66803	pos-es-pba-66803	1	positive	exclude_probable_name_false_positive	name/type looks like modern or non-castro heritage item	excluded_review	excluded	ES|Pontevedra|Marín	ES	Galicia	Pontevedra	Marín	Mogor (San Xurxo)	Cidrá / Porteliña, A	Petróglifo no Castro da Subidá	Xunta PBA Catálogo. Elementos (xuño 2026)	official_catalogue_seed	66803	GA36026064	Petróglifo	ARU		-8.709974462833083	42.3821135125255	catalogue_point_wgs84	medium_official_name_or_type	generic_castro_hint	unknown_terrain_pending_visual_review			P2	positive_seed_requires_qgis_boundary_review	110.0	-8.71308775,42.37981384,-8.70686118,42.38441319				exclude_until_independent_label_review	0.00	2026-08-01T00:00:00Z
wl-pos-pos-es-pba-67369	pos-es-pba-67369	1	positive	exclude_probable_name_false_positive	name/type looks like modern or non-castro heritage item	excluded_review	excluded	ES|Pontevedra|Marín	ES	Galicia	Pontevedra	Marín	Seixo (Nosa Señora do Carme)	Brea, A	Cruceiro de Castro	Xunta PBA Catálogo. Elementos (xuño 2026)	official_catalogue_seed	67369	-		CRU		-8.722087347300052	42.373470676106315	catalogue_point_wgs84	medium_official_name_or_type	generic_castro_hint	unknown_terrain_pending_visual_review			P2	positive_seed_requires_qgis_boundary_review	110.0	-8.72520020,42.37117100,-8.71897449,42.37577035				exclude_until_independent_label_review	0.00	2026-08-01T00:00:00Z
wl-pos-pos-es-pba-66517	pos-es-pba-66517	1	positive	exclude_probable_name_false_positive	name/type looks like modern or non-castro heritage item	excluded_review	excluded	ES|Pontevedra|Meaño	ES	Galicia	Pontevedra	Meaño	Xil (Santa Eulalia)	Trobisquido	Petróglifos do Castro	Xunta PBA Catálogo. Elementos (xuño 2026)	official_catalogue_seed	66517	GA36027008	Petróglifo	ARU		-8.78085999616444	42.45328472192374	catalogue_point_wgs84	medium_official_name_or_type	generic_castro_hint	unknown_terrain_pending_visual_review			P2	positive_seed_requires_qgis_boundary_review	110.0	-8.78397682,42.45098505,-8.77774318,42.45558440				exclude_until_independent_label_review	0.00	2026-08-01T00:00:00Z
wl-pos-pos-es-pba-66353	pos-es-pba-66353	1	positive	exclude_probable_name_false_positive	name/type looks like modern or non-castro heritage item	excluded_review	excluded	ES|Pontevedra|Meis	ES	Galicia	Pontevedra	Meis	A Armenteira (Santa María)	Castiñeira	Petróglifo do Castro de Gondes	Xunta PBA Catálogo. Elementos (xuño 2026)	official_catalogue_seed	66353	GA36028046	Petróglifo	ARU		-8.756804220631086	42.47801274491695	catalogue_point_wgs84	medium_official_name_or_type	generic_castro_hint	unknown_terrain_pending_visual_review			P2	positive_seed_requires_qgis_boundary_review	110.0	-8.75992227,42.47571307,-8.75368617,42.48031242				exclude_until_independent_label_review	0.00	2026-08-01T00:00:00Z
wl-pos-pos-es-pba-66681	pos-es-pba-66681	1	positive	exclude_probable_name_false_positive	name/type looks like modern or non-castro heritage item	excluded_review	excluded	ES|Pontevedra|Meis	ES	Galicia	Pontevedra	Meis	A Armenteira (Santa María)	San Amedio	Mámoa da Portela/Mámoa do Castro de Castiñeiras	Xunta PBA Catálogo. Elementos (xuño 2026)	official_catalogue_seed	66681	GA36028001	Túmulo	-		-8.753599063391796	42.469553543158725	catalogue_point_wgs84	medium_official_name_or_type	generic_castro_hint	unknown_terrain_pending_visual_review			P2	positive_seed_requires_qgis_boundary_review	110.0	-8.75671669,42.46725387,-8.75048143,42.47185322				exclude_until_independent_label_review	0.00	2026-08-01T00:00:00Z
wl-pos-pos-es-pba-67563	pos-es-pba-67563	1	positive	exclude_probable_name_false_positive	name/type looks like modern or non-castro heritage item	excluded_review	excluded	ES|Pontevedra|Mos	ES	Galicia	Pontevedra	Mos	Petelos (San Mamede)	Reguengo	Cruz do Castro	Xunta PBA Catálogo. Elementos (xuño 2026)	official_catalogue_seed	67563	-		CRU		-8.64283225263992	42.19138885230763	catalogue_point_wgs84	medium_official_name_or_type	generic_castro_hint	unknown_terrain_pending_visual_review			P2	positive_seed_requires_qgis_boundary_review	110.0	-8.64593613,42.18908918,-8.63972838,42.19368853				exclude_until_independent_label_review	0.00	2026-08-01T00:00:00Z
wl-pos-pos-es-pba-67737	pos-es-pba-67737	1	positive	exclude_probable_name_false_positive	name/type looks like modern or non-castro heritage item	excluded_review	excluded	ES|Pontevedra|Mos	ES	Galicia	Pontevedra	Mos	Guizán (Santa María)	Regomil	Fonte e lavadoiro do Castro	Xunta PBA Catálogo. Elementos (xuño 2026)	official_catalogue_seed	67737	-		-		-8.61880455402213	42.22553554216109	catalogue_point_wgs84	medium_official_name_or_type	generic_castro_hint	unknown_terrain_pending_visual_review			P2	positive_seed_requires_qgis_boundary_review	110.0	-8.62191011,42.22323587,-8.61569900,42.22783522				exclude_until_independent_label_review	0.00	2026-08-01T00:00:00Z
wl-pos-pos-es-pba-68831	pos-es-pba-68831	1	positive	exclude_probable_name_false_positive	name/type looks like modern or non-castro heritage item	excluded_review	excluded	ES|Pontevedra|Nigrán	ES	Galicia	Pontevedra	Nigrán	Nigrán (San Fiz)	Pateira, A	Casa de Castro	Xunta PBA Catálogo. Elementos (xuño 2026)	official_catalogue_seed	68831	-		-		-8.78733458204105	42.1464725905872	catalogue_point_wgs84	medium_official_name_or_type	generic_castro_hint	unknown_terrain_pending_visual_review			P2	positive_seed_requires_qgis_boundary_review	110.0	-8.79043625,42.14417291,-8.78423291,42.14877227				exclude_until_independent_label_review	0.00	2026-08-01T00:00:00Z
wl-pos-pos-es-pba-76788	pos-es-pba-76788	1	positive	exclude_probable_name_false_positive	name/type looks like modern or non-castro heritage item	excluded_review	excluded	ES|Pontevedra|Ponte Caldelas	ES	Galicia	Pontevedra	Ponte Caldelas	Castro Barbudo (Santa María)	Barbudo	Igrexa de Castro Barbudo (Parroquial de Santa María)	Xunta PBA Catálogo. Elementos (xuño 2026)	official_catalogue_seed	76788	-	Igrexa	-		-8.488945065965392	42.360014987252534	catalogue_point_wgs84	medium_official_name_or_type	coastal_promontory_hint	coastal_or_promontory_proxy			P0	positive_seed_requires_qgis_boundary_review	150.0	-8.49205726,42.35771531,-8.48583288,42.36231466				exclude_until_independent_label_review	0.00	2026-08-01T00:00:00Z
wl-pos-pos-es-pba-76838	pos-es-pba-76838	1	positive	exclude_probable_name_false_positive	name/type looks like modern or non-castro heritage item	excluded_review	excluded	ES|Pontevedra|Pontevedra	ES	Galicia	Pontevedra	Pontevedra	Pontevedra	Pontevedra	Muíño na rúa Rosalía de Castro 17	Xunta PBA Catálogo. Elementos (xuño 2026)	official_catalogue_seed	76838	-		-		-8.647791030310355	42.427662878458136	catalogue_point_wgs84	medium_official_name_or_type	generic_castro_hint	unknown_terrain_pending_visual_review			P2	positive_seed_requires_qgis_boundary_review	110.0	-8.65090658,42.42536320,-8.64467548,42.42996256				exclude_until_independent_label_review	0.00	2026-08-01T00:00:00Z
wl-pos-pos-es-pba-77785	pos-es-pba-77785	1	positive	exclude_probable_name_false_positive	name/type looks like modern or non-castro heritage item	excluded_review	excluded	ES|Pontevedra|Pontevedra	ES	Galicia	Pontevedra	Pontevedra	Pontevedra	Pontevedra	Edificio na rúa Rosalía de Castro 20	Xunta PBA Catálogo. Elementos (xuño 2026)	official_catalogue_seed	77785	-		-		-8.647238647398865	42.42861581354209	catalogue_point_wgs84	medium_official_name_or_type	generic_castro_hint	unknown_terrain_pending_visual_review			P2	positive_seed_requires_qgis_boundary_review	110.0	-8.65035424,42.42631614,-8.64412305,42.43091549				exclude_until_independent_label_review	0.00	2026-08-01T00:00:00Z
wl-pos-pos-es-pba-77916	pos-es-pba-77916	1	positive	exclude_probable_name_false_positive	name/type looks like modern or non-castro heritage item	excluded_review	excluded	ES|Pontevedra|Pontevedra	ES	Galicia	Pontevedra	Pontevedra	Pontevedra	Pontevedra	Edificio na rúa Rosalía de Castro 4	Xunta PBA Catálogo. Elementos (xuño 2026)	official_catalogue_seed	77916	-		-		-8.646359943224617	42.42922551249222	catalogue_point_wgs84	medium_official_name_or_type	generic_castro_hint	unknown_terrain_pending_visual_review			P2	positive_seed_requires_qgis_boundary_review	110.0	-8.64947557,42.42692584,-8.64324432,42.43152519				exclude_until_independent_label_review	0.00	2026-08-01T00:00:00Z
wl-pos-pos-es-pba-78370	pos-es-pba-78370	1	positive	exclude_probable_name_false_positive	name/type looks like modern or non-castro heritage item	excluded_review	excluded	ES|Pontevedra|Portas	ES	Galicia	Pontevedra	Portas	Portas (Santa María)	Porta do Conde	Mámoa do Castro	Xunta PBA Catálogo. Elementos (xuño 2026)	official_catalogue_seed	78370	GA36040004	Túmulo	-		-8.661426310891974	42.56206584792403	catalogue_point_wgs84	medium_official_name_or_type	generic_castro_hint	unknown_terrain_pending_visual_review			P2	positive_seed_requires_qgis_boundary_review	110.0	-8.66454856,42.55976617,-8.65830406,42.56436552				exclude_until_independent_label_review	0.00	2026-08-01T00:00:00Z
wl-pos-pos-es-pba-78371	pos-es-pba-78371	1	positive	exclude_probable_name_false_positive	name/type looks like modern or non-castro heritage item	excluded_review	excluded	ES|Pontevedra|Portas	ES	Galicia	Pontevedra	Portas	Portas (Santa María)	Piñeiro	Mámoa do Monte do Castro	Xunta PBA Catálogo. Elementos (xuño 2026)	official_catalogue_seed	78371	GA36040002	Túmulo	-		-8.670226351274689	42.583113253910476	catalogue_point_wgs84	medium_official_name_or_type	hilltop_hint	hilltop_or_ridge_proxy			P1	positive_seed_requires_qgis_boundary_review	120.0	-8.67334965,42.58081358,-8.66710305,42.58541293				exclude_until_independent_label_review	0.00	2026-08-01T00:00:00Z
wl-pos-pos-es-pba-70218	pos-es-pba-70218	1	positive	exclude_probable_name_false_positive	name/type looks like modern or non-castro heritage item	excluded_review	excluded	ES|Pontevedra|Redondela	ES	Galicia	Pontevedra	Redondela	Trasmañó (San Vicente)	Pedra Longa	Mámoa de Coto Ferreiro/Castro Ferreiro 2	Xunta PBA Catálogo. Elementos (xuño 2026)	official_catalogue_seed	70218	GA36045085	Túmulo	-		-8.649961276460207	42.25616553451576	catalogue_point_wgs84	medium_official_name_or_type	hilltop_hint	hilltop_or_ridge_proxy			P1	positive_seed_requires_qgis_boundary_review	120.0	-8.65306834,42.25386586,-8.64685422,42.25846521				exclude_until_independent_label_review	0.00	2026-08-01T00:00:00Z
wl-pos-pos-es-pba-70219	pos-es-pba-70219	1	positive	exclude_probable_name_false_positive	name/type looks like modern or non-castro heritage item	excluded_review	excluded	ES|Pontevedra|Redondela	ES	Galicia	Pontevedra	Redondela	Trasmañó (San Vicente)	Pedra Longa	Mámoa de Coto Ferreiro/Castro Ferreiro 3	Xunta PBA Catálogo. Elementos (xuño 2026)	official_catalogue_seed	70219	GA36045086	Túmulo	-		-8.649081548934129	42.2583669529629	catalogue_point_wgs84	medium_official_name_or_type	hilltop_hint	hilltop_or_ridge_proxy			P1	positive_seed_requires_qgis_boundary_review	120.0	-8.65218872,42.25606728,-8.64597438,42.26066663				exclude_until_independent_label_review	0.00	2026-08-01T00:00:00Z
wl-pos-pos-es-pba-71056	pos-es-pba-71056	1	positive	exclude_probable_name_false_positive	name/type looks like modern or non-castro heritage item	excluded_review	excluded	ES|Pontevedra|Redondela	ES	Galicia	Pontevedra	Redondela	Negros (Santo Estevo)	Negros	Petróglifos Monte do Castro en Negros/Petróglifo Cotp de Negros 1	Xunta PBA Catálogo. Elementos (xuño 2026)	official_catalogue_seed	71056	GA36045063	Petróglifo	ARU		-8.62682836482317	42.26427985218942	catalogue_point_wgs84	medium_official_name_or_type	hilltop_hint	hilltop_or_ridge_proxy			P1	positive_seed_requires_qgis_boundary_review	120.0	-8.62993582,42.26198018,-8.62372091,42.26657953				exclude_until_independent_label_review	0.00	2026-08-01T00:00:00Z
wl-pos-pos-es-pba-71057	pos-es-pba-71057	1	positive	exclude_probable_name_false_positive	name/type looks like modern or non-castro heritage item	excluded_review	excluded	ES|Pontevedra|Redondela	ES	Galicia	Pontevedra	Redondela	Negros (Santo Estevo)	Negros	Petróglifos Monte do Castro en Negros/Petróglifo Cotp de Negros 2	Xunta PBA Catálogo. Elementos (xuño 2026)	official_catalogue_seed	71057	GA36045008	Petróglifo	ARU		-8.627325002929679	42.264362523126316	catalogue_point_wgs84	medium_official_name_or_type	hilltop_hint	hilltop_or_ridge_proxy			P1	positive_seed_requires_qgis_boundary_review	120.0	-8.63043247,42.26206285,-8.62421754,42.26666220				exclude_until_independent_label_review	0.00	2026-08-01T00:00:00Z
wl-pos-pos-es-pba-71756	pos-es-pba-71756	1	positive	exclude_probable_name_false_positive	name/type looks like modern or non-castro heritage item	excluded_review	excluded	ES|Pontevedra|Redondela	ES	Galicia	Pontevedra	Redondela	Trasmañó (San Vicente)	Pedra Longa	Mámoa de Castro Ferreiro 1	Xunta PBA Catálogo. Elementos (xuño 2026)	official_catalogue_seed	71756	GA36045064	Túmulo	-		-8.649106945573271	42.25448508950199	catalogue_point_wgs84	medium_official_name_or_type	generic_castro_hint	unknown_terrain_pending_visual_review			P2	positive_seed_requires_qgis_boundary_review	110.0	-8.65221392,42.25218541,-8.64599997,42.25678477				exclude_until_independent_label_review	0.00	2026-08-01T00:00:00Z
wl-pos-pos-es-pba-70533	pos-es-pba-70533	1	positive	exclude_probable_name_false_positive	name/type looks like modern or non-castro heritage item	excluded_review	excluded	ES|Pontevedra|Salvaterra de Miño	ES	Galicia	Pontevedra	Salvaterra de Miño	Lourido (Santo André)	Castros, Os	Mámoa dos Castros	Xunta PBA Catálogo. Elementos (xuño 2026)	official_catalogue_seed	70533	GA36050011	Túmulo	-		-8.480539788590093	42.128305454552134	catalogue_point_wgs84	medium_official_name_or_type	generic_castro_hint	unknown_terrain_pending_visual_review			P2	positive_seed_requires_qgis_boundary_review	110.0	-8.48364057,42.12600578,-8.47743901,42.13060513				exclude_until_independent_label_review	0.00	2026-08-01T00:00:00Z
wl-pos-pos-es-pba-70981	pos-es-pba-70981	1	positive	exclude_probable_name_false_positive	name/type looks like modern or non-castro heritage item	excluded_review	excluded	ES|Pontevedra|Silleda	ES	Galicia	Pontevedra	Silleda	O Castro (San Mamede)	Vilavella	Igrexa do Castro (Parroquial de San Mamede)	Xunta PBA Catálogo. Elementos (xuño 2026)	official_catalogue_seed	70981	-	Igrexa	-		-8.247776506425781	42.72031222595457	catalogue_point_wgs84	medium_official_name_or_type	generic_castro_hint	unknown_terrain_pending_visual_review			P2	positive_seed_requires_qgis_boundary_review	110.0	-8.25090671,42.71801255,-8.24464631,42.72261190				exclude_until_independent_label_review	0.00	2026-08-01T00:00:00Z
wl-pos-pos-es-pba-70983	pos-es-pba-70983	1	positive	exclude_probable_name_false_positive	name/type looks like modern or non-castro heritage item	excluded_review	excluded	ES|Pontevedra|Silleda	ES	Galicia	Pontevedra	Silleda	O Castro (San Mamede)	Casas do Monte	Mámoa da Agra dos Castros 2	Xunta PBA Catálogo. Elementos (xuño 2026)	official_catalogue_seed	70983	GA36052114	Túmulo	-		-8.251153252169075	42.71078934086741	catalogue_point_wgs84	medium_official_name_or_type	generic_castro_hint	unknown_terrain_pending_visual_review			P2	positive_seed_requires_qgis_boundary_review	110.0	-8.25428297,42.70848966,-8.24802353,42.71308902				exclude_until_independent_label_review	0.00	2026-08-01T00:00:00Z
wl-pos-pos-es-pba-71117	pos-es-pba-71117	1	positive	exclude_probable_name_false_positive	name/type looks like modern or non-castro heritage item	excluded_review	excluded	ES|Pontevedra|Silleda	ES	Galicia	Pontevedra	Silleda	O Castro (San Mamede)	Regueiro, O	Mámoa da Agra dos Castros 3	Xunta PBA Catálogo. Elementos (xuño 2026)	official_catalogue_seed	71117	GA36052115	Túmulo	-		-8.244665464344816	42.71509376162316	catalogue_point_wgs84	medium_official_name_or_type	generic_castro_hint	unknown_terrain_pending_visual_review			P2	positive_seed_requires_qgis_boundary_review	110.0	-8.24779540,42.71279409,-8.24153553,42.71739344				exclude_until_independent_label_review	0.00	2026-08-01T00:00:00Z
wl-pos-pos-es-pba-71264	pos-es-pba-71264	1	positive	exclude_probable_name_false_positive	name/type looks like modern or non-castro heritage item	excluded_review	excluded	ES|Pontevedra|Silleda	ES	Galicia	Pontevedra	Silleda	O Castro (San Mamede)	Meixomence	Mámoa de Agra dos Castros	Xunta PBA Catálogo. Elementos (xuño 2026)	official_catalogue_seed	71264	GA36052073	Túmulo	-		-8.246890955932368	42.71176413654946	catalogue_point_wgs84	medium_official_name_or_type	generic_castro_hint	unknown_terrain_pending_visual_review			P2	positive_seed_requires_qgis_boundary_review	110.0	-8.25002072,42.70946446,-8.24376119,42.71406381				exclude_until_independent_label_review	0.00	2026-08-01T00:00:00Z
wl-pos-pos-es-pba-70429	pos-es-pba-70429	1	positive	exclude_probable_name_false_positive	name/type looks like modern or non-castro heritage item	excluded_review	excluded	ES|Pontevedra|Soutomaior	ES	Galicia	Pontevedra	Soutomaior	Arcade (Santiago)	Arcade	Vivenda na Rúa Rosalía de Castro	Xunta PBA Catálogo. Elementos (xuño 2026)	official_catalogue_seed	70429	-		-		-8.60870504571456	42.34207779180213	catalogue_point_wgs84	medium_official_name_or_type	generic_castro_hint	unknown_terrain_pending_visual_review			P2	positive_seed_requires_qgis_boundary_review	110.0	-8.61181635,42.33977812,-8.60559374,42.34437747				exclude_until_independent_label_review	0.00	2026-08-01T00:00:00Z
wl-pos-pos-es-pba-69732	pos-es-pba-69732	1	positive	exclude_probable_name_false_positive	name/type looks like modern or non-castro heritage item	excluded_review	excluded	ES|Pontevedra|Tomiño	ES	Galicia	Pontevedra	Tomiño	San Salvador de Tebra (San Salvador)	Foxo, O	Mámoa do Castro	Xunta PBA Catálogo. Elementos (xuño 2026)	official_catalogue_seed	69732	GA36054061	Túmulo	-		-8.717710958313782	42.040602236533175	catalogue_point_wgs84	medium_official_name_or_type	generic_castro_hint	unknown_terrain_pending_visual_review			P2	positive_seed_requires_qgis_boundary_review	110.0	-8.72080745,42.03830256,-8.71461446,42.04290191				exclude_until_independent_label_review	0.00	2026-08-01T00:00:00Z
wl-pos-pos-es-pba-70165	pos-es-pba-70165	1	positive	exclude_probable_name_false_positive	name/type looks like modern or non-castro heritage item	excluded_review	excluded	ES|Pontevedra|Tui	ES	Galicia	Pontevedra	Tui	Ribadelouro (Santa Comba)	Castro, O	Hórreo do Castro	Xunta PBA Catálogo. Elementos (xuño 2026)	official_catalogue_seed	70165	-		HOR		-8.645921567361144	42.08912141741337	catalogue_point_wgs84	medium_official_name_or_type	generic_castro_hint	unknown_terrain_pending_visual_review			P2	positive_seed_requires_qgis_boundary_review	110.0	-8.64902043,42.08682174,-8.64282270,42.09142109				exclude_until_independent_label_review	0.00	2026-08-01T00:00:00Z
wl-pos-pos-es-pba-70295	pos-es-pba-70295	1	positive	exclude_probable_name_false_positive	name/type looks like modern or non-castro heritage item	excluded_review	excluded	ES|Pontevedra|Tui	ES	Galicia	Pontevedra	Tui	Ribadelouro (Santa Comba)	Castro, O	Hórreo do Castro	Xunta PBA Catálogo. Elementos (xuño 2026)	official_catalogue_seed	70295	-		HOR		-8.645621087487863	42.08879625555711	catalogue_point_wgs84	medium_official_name_or_type	generic_castro_hint	unknown_terrain_pending_visual_review			P2	positive_seed_requires_qgis_boundary_review	110.0	-8.64871994,42.08649658,-8.64252224,42.09109593				exclude_until_independent_label_review	0.00	2026-08-01T00:00:00Z
wl-pos-pos-es-pba-71165	pos-es-pba-71165	1	positive	exclude_probable_name_false_positive	name/type looks like modern or non-castro heritage item	excluded_review	excluded	ES|Pontevedra|Tui	ES	Galicia	Pontevedra	Tui	Ribadelouro (Santa Comba)	Castro, O	Cruceiro do Castro	Xunta PBA Catálogo. Elementos (xuño 2026)	official_catalogue_seed	71165	-		CRU		-8.645751185609296	42.089319034793384	catalogue_point_wgs84	medium_official_name_or_type	generic_castro_hint	unknown_terrain_pending_visual_review			P2	positive_seed_requires_qgis_boundary_review	110.0	-8.64885006,42.08701936,-8.64265231,42.09161871				exclude_until_independent_label_review	0.00	2026-08-01T00:00:00Z
wl-pos-pos-es-pba-72288	pos-es-pba-72288	1	positive	exclude_probable_name_false_positive	name/type looks like modern or non-castro heritage item	excluded_review	excluded	ES|Pontevedra|Tui	ES	Galicia	Pontevedra	Tui	Pexegueiro (San Miguel)	Monte, O	Petróglifo do Castro	Xunta PBA Catálogo. Elementos (xuño 2026)	official_catalogue_seed	72288	GA36055066	Petróglifo	ARU		-8.712344267887984	42.04305084000006	catalogue_point_wgs84	medium_official_name_or_type	generic_castro_hint	unknown_terrain_pending_visual_review			P2	positive_seed_requires_qgis_boundary_review	110.0	-8.71544088,42.04075116,-8.70924765,42.04535052				exclude_until_independent_label_review	0.00	2026-08-01T00:00:00Z
wl-pos-pos-es-pba-73573	pos-es-pba-73573	1	positive	exclude_ambiguous_positive_seed	positive seed too ambiguous for weak-label training	excluded_review	excluded	ES|Pontevedra|Valga	ES	Galicia	Pontevedra	Valga	Cordeiro (Santa Comba)	Casanova, A	Castroverde/O Foxo/Camiño Real	Xunta PBA Catálogo. Elementos (xuño 2026)	official_catalogue_seed	73573	TO36056003	Topónimo	-		-8.675039258374175	42.70388031584277	catalogue_point_wgs84	medium_official_name_or_type	earthwork_or_wall_hint	unknown_terrain_pending_visual_review			P0	positive_seed_requires_qgis_boundary_review	130.0	-8.67816863,42.70158064,-8.67190989,42.70617999	27.68	weak_centered_ring_signal	include_visual_signal_metric_eval	exclude_until_independent_label_review	0.00	2026-08-01T00:00:00Z
wl-pos-pos-es-pba-72209	pos-es-pba-72209	1	positive	exclude_probable_name_false_positive	name/type looks like modern or non-castro heritage item	excluded_review	excluded	ES|Pontevedra|Vigo	ES	Galicia	Pontevedra	Vigo	Castrelos (Santa María)	Xiña	Casa reitoral de Santa María de Castrelos	Xunta PBA Catálogo. Elementos (xuño 2026)	official_catalogue_seed	72209	-		-		-8.725867144080457	42.210674740656344	catalogue_point_wgs84	medium_official_name_or_type	coastal_promontory_hint	coastal_or_promontory_proxy			P0	positive_seed_requires_qgis_boundary_review	150.0	-8.72897196,42.20837506,-8.72276232,42.21297442				exclude_until_independent_label_review	0.00	2026-08-01T00:00:00Z
wl-pos-pos-es-pba-73070	pos-es-pba-73070	1	positive	exclude_ambiguous_positive_seed	positive seed too ambiguous for weak-label training	excluded_review	excluded	ES|Pontevedra|Vigo	ES	Galicia	Pontevedra	Vigo	Castrelos (Santa María)	Xiña	Cemiterio de Santa María de Castrelos	Xunta PBA Catálogo. Elementos (xuño 2026)	official_catalogue_seed	73070	-		-		-8.725057104439479	42.210294536314855	catalogue_point_wgs84	medium_official_name_or_type	coastal_promontory_hint	coastal_or_promontory_proxy			P0	positive_seed_requires_qgis_boundary_review	150.0	-8.72816191,42.20799486,-8.72195230,42.21259421				exclude_until_independent_label_review	0.00	2026-08-01T00:00:00Z
wl-pos-pos-es-pba-73192	pos-es-pba-73192	1	positive	exclude_ambiguous_positive_seed	positive seed too ambiguous for weak-label training	excluded_review	excluded	ES|Pontevedra|Vigo	ES	Galicia	Pontevedra	Vigo	Castrelos (Santa María)	Xiña	Antiga escola unitaria de Castrelos	Xunta PBA Catálogo. Elementos (xuño 2026)	official_catalogue_seed	73192	-		-		-8.72621032086972	42.209756914956195	catalogue_point_wgs84	medium_official_name_or_type	castrel_toponym_hint	unknown_terrain_pending_visual_review			P1	positive_seed_requires_qgis_boundary_review	100.0	-8.72931510,42.20745724,-8.72310555,42.21205659				exclude_until_independent_label_review	0.00	2026-08-01T00:00:00Z
wl-pos-pos-es-pba-74054	pos-es-pba-74054	1	positive	exclude_probable_name_false_positive	name/type looks like modern or non-castro heritage item	excluded_review	excluded	ES|Pontevedra|Vigo	ES	Galicia	Pontevedra	Vigo	Castrelos (Santa María)	Xiña	Conxunto parroquial de Santa María de Castrelos	Xunta PBA Catálogo. Elementos (xuño 2026)	official_catalogue_seed	74054	-	Igrexa	-		-8.725710316319642	42.210521258231594	catalogue_point_wgs84	medium_official_name_or_type	coastal_promontory_hint	coastal_or_promontory_proxy			P0	positive_seed_requires_qgis_boundary_review	150.0	-8.72881513,42.20822158,-8.72260550,42.21282093				exclude_until_independent_label_review	0.00	2026-08-01T00:00:00Z
wl-pos-pos-es-pba-74545	pos-es-pba-74545	1	positive	exclude_probable_name_false_positive	name/type looks like modern or non-castro heritage item	excluded_review	excluded	ES|Pontevedra|Vigo	ES	Galicia	Pontevedra	Vigo	Castrelos (Santa María)	Xiña	Necrópole de Santa María de Castrelos	Xunta PBA Catálogo. Elementos (xuño 2026)	official_catalogue_seed	74545	GA36057014	Necrópole	-		-8.725895767173965	42.2105431455784	catalogue_point_wgs84	medium_official_name_or_type	coastal_promontory_hint	coastal_or_promontory_proxy			P0	positive_seed_requires_qgis_boundary_review	150.0	-8.72900058,42.20824347,-8.72279095,42.21284282				exclude_until_independent_label_review	0.00	2026-08-01T00:00:00Z
wl-pos-pos-es-pba-75609	pos-es-pba-75609	1	positive	exclude_probable_name_false_positive	name/type looks like modern or non-castro heritage item	excluded_review	excluded	ES|Pontevedra|Vigo	ES	Galicia	Pontevedra	Vigo	Castrelos (Santa María)	Ribadavia	Machado de bronce de Castrelos	Xunta PBA Catálogo. Elementos (xuño 2026)	official_catalogue_seed	75609	AC36057012	Achado	-		-8.732540584540585	42.2121205249909	catalogue_point_wgs84	medium_official_name_or_type	castrel_toponym_hint	unknown_terrain_pending_visual_review			P1	positive_seed_requires_qgis_boundary_review	100.0	-8.73564548,42.20982085,-8.72943569,42.21442020				exclude_until_independent_label_review	0.00	2026-08-01T00:00:00Z
wl-pos-pos-es-pba-75615	pos-es-pba-75615	1	positive	exclude_probable_name_false_positive	name/type looks like modern or non-castro heritage item	excluded_review	excluded	ES|Pontevedra|Vigo	ES	Galicia	Pontevedra	Vigo	Cabral (Santa Mariña)	Lomba, A	Petróglifo do Castro de Carballal	Xunta PBA Catálogo. Elementos (xuño 2026)	official_catalogue_seed	75615	GA36057170	Petróglifo	ARU		-8.641641345118112	42.23554837642375	catalogue_point_wgs84	medium_official_name_or_type	generic_castro_hint	unknown_terrain_pending_visual_review			P2	positive_seed_requires_qgis_boundary_review	110.0	-8.64474739,42.23324870,-8.63853530,42.23784805				exclude_until_independent_label_review	0.00	2026-08-01T00:00:00Z
wl-pos-pos-es-pba-75620	pos-es-pba-75620	1	positive	exclude_probable_name_false_positive	name/type looks like modern or non-castro heritage item	excluded_review	excluded	ES|Pontevedra|Vigo	ES	Galicia	Pontevedra	Vigo	Saiáns (San Xurxo)	Cal do Outeiro	Petróglifo do Monte do Castro	Xunta PBA Catálogo. Elementos (xuño 2026)	official_catalogue_seed	75620	GA36057163	Petróglifo	ARU		-8.797650757004433	42.17230724965172	catalogue_point_wgs84	medium_official_name_or_type	hilltop_hint	hilltop_or_ridge_proxy			P1	positive_seed_requires_qgis_boundary_review	120.0	-8.80075369,42.17000757,-8.79454782,42.17460693				exclude_until_independent_label_review	0.00	2026-08-01T00:00:00Z
wl-pos-pos-es-pba-76022	pos-es-pba-76022	1	positive	exclude_probable_name_false_positive	name/type looks like modern or non-castro heritage item	excluded_review	excluded	ES|Pontevedra|Vigo	ES	Galicia	Pontevedra	Vigo	Coruxo (San Salvador)	Luz, A	Petróglifos do Outeiro do Castro	Xunta PBA Catálogo. Elementos (xuño 2026)	official_catalogue_seed	76022	GA36057048	Petróglifo	ARU		-8.769246591965766	42.188090268221586	catalogue_point_wgs84	medium_official_name_or_type	hilltop_hint	hilltop_or_ridge_proxy			P1	positive_seed_requires_qgis_boundary_review	120.0	-8.77235030,42.18579059,-8.76614288,42.19038994				exclude_until_independent_label_review	0.00	2026-08-01T00:00:00Z
wl-pos-pos-es-pba-76131	pos-es-pba-76131	1	positive	exclude_probable_name_false_positive	name/type looks like modern or non-castro heritage item	excluded_review	excluded	ES|Pontevedra|Vigo	ES	Galicia	Pontevedra	Vigo	Vigo	Espedrigada, A	Fendedor monofacial de Castrelos/Balaídos	Xunta PBA Catálogo. Elementos (xuño 2026)	official_catalogue_seed	76131	AC36057011	Achado	-		-8.740604875625936	42.21307139675477	catalogue_point_wgs84	medium_official_name_or_type	castrel_toponym_hint	unknown_terrain_pending_visual_review			P1	positive_seed_requires_qgis_boundary_review	100.0	-8.74370981,42.21077172,-8.73749994,42.21537107				exclude_until_independent_label_review	0.00	2026-08-01T00:00:00Z
wl-pos-pos-es-pba-74888	pos-es-pba-74888	1	positive	exclude_probable_name_false_positive	name/type looks like modern or non-castro heritage item	excluded_review	excluded	ES|Pontevedra|Vila de Cruces	ES	Galicia	Pontevedra	Vila de Cruces	Besexos (San Fiz)	Fervenza, A	Casa da Fervenza en Castro	Xunta PBA Catálogo. Elementos (xuño 2026)	official_catalogue_seed	74888	-		-		-8.165397013260483	42.777727382495776	catalogue_point_wgs84	medium_official_name_or_type	generic_castro_hint	unknown_terrain_pending_visual_review			P2	positive_seed_requires_qgis_boundary_review	110.0	-8.16853011,42.77542771,-8.16226391,42.78002706				exclude_until_independent_label_review	0.00	2026-08-01T00:00:00Z
wl-pos-pos-es-pba-75025	pos-es-pba-75025	1	positive	exclude_probable_name_false_positive	name/type looks like modern or non-castro heritage item	excluded_review	excluded	ES|Pontevedra|Vila de Cruces	ES	Galicia	Pontevedra	Vila de Cruces	Brandariz (San Miguel)	Vilar	Casa dos Castros	Xunta PBA Catálogo. Elementos (xuño 2026)	official_catalogue_seed	75025	-		-		-8.301385466685325	42.813443464654775	catalogue_point_wgs84	medium_official_name_or_type	generic_castro_hint	unknown_terrain_pending_visual_review			P2	positive_seed_requires_qgis_boundary_review	110.0	-8.30452038,42.81114379,-8.29825056,42.81574314				exclude_until_independent_label_review	0.00	2026-08-01T00:00:00Z
wl-pos-pos-es-pba-75690	pos-es-pba-75690	1	positive	exclude_probable_name_false_positive	name/type looks like modern or non-castro heritage item	excluded_review	excluded	ES|Pontevedra|Vila de Cruces	ES	Galicia	Pontevedra	Vila de Cruces	San Tomé de Insua (San Tomé)	Castro	Cruceiro en Espiño de Castro	Xunta PBA Catálogo. Elementos (xuño 2026)	official_catalogue_seed	75690	-		CRU		-8.204859753815056	42.840613208237656	catalogue_point_wgs84	medium_official_name_or_type	generic_castro_hint	unknown_terrain_pending_visual_review			P2	positive_seed_requires_qgis_boundary_review	110.0	-8.20799604,42.83831353,-8.20172347,42.84291288				exclude_until_independent_label_review	0.00	2026-08-01T00:00:00Z
wl-pos-pos-es-pba-75820	pos-es-pba-75820	1	positive	exclude_probable_name_false_positive	name/type looks like modern or non-castro heritage item	excluded_review	excluded	ES|Pontevedra|Vila de Cruces	ES	Galicia	Pontevedra	Vila de Cruces	Besexos (San Fiz)	Castro	Cruz en Castro	Xunta PBA Catálogo. Elementos (xuño 2026)	official_catalogue_seed	75820	-		CRU		-8.169781925501697	42.77892094910071	catalogue_point_wgs84	medium_official_name_or_type	generic_castro_hint	unknown_terrain_pending_visual_review			P2	positive_seed_requires_qgis_boundary_review	110.0	-8.17291509,42.77662127,-8.16664876,42.78122063				exclude_until_independent_label_review	0.00	2026-08-01T00:00:00Z
wl-pos-pos-es-pba-75953	pos-es-pba-75953	1	positive	exclude_probable_name_false_positive	name/type looks like modern or non-castro heritage item	excluded_review	excluded	ES|Pontevedra|Vila de Cruces	ES	Galicia	Pontevedra	Vila de Cruces	Besexos (San Fiz)	Fervenza, A	Hórreo da casa da Fervenza en Castro	Xunta PBA Catálogo. Elementos (xuño 2026)	official_catalogue_seed	75953	-		HOR		-8.165554587559388	42.77782758985331	catalogue_point_wgs84	medium_official_name_or_type	generic_castro_hint	unknown_terrain_pending_visual_review			P2	positive_seed_requires_qgis_boundary_review	110.0	-8.16868769,42.77552791,-8.16242148,42.78012727				exclude_until_independent_label_review	0.00	2026-08-01T00:00:00Z
wl-pos-pos-es-pba-75503	pos-es-pba-75503	1	positive	exclude_probable_name_false_positive	name/type looks like modern or non-castro heritage item	excluded_review	excluded	ES|Pontevedra|Vilaboa	ES	Galicia	Pontevedra	Vilaboa	Figueirido (Santo André)	Croas, As	Fonte e lavadoiro das Croas	Xunta PBA Catálogo. Elementos (xuño 2026)	official_catalogue_seed	75503	-		-		-8.645279619947399	42.381481299239965	catalogue_point_wgs84	medium_official_name_or_type	croa_top_ring_hint	hilltop_or_ridge_proxy			P1	positive_seed_requires_qgis_boundary_review	110.0	-8.64839287,42.37918162,-8.64216637,42.38378098				exclude_until_independent_label_review	0.00	2026-08-01T00:00:00Z
wl-pos-pos-es-pba-74221	pos-es-pba-74221	1	positive	exclude_probable_name_false_positive	name/type looks like modern or non-castro heritage item	excluded_review	excluded	ES|Pontevedra|Vilagarcía de Arousa	ES	Galicia	Pontevedra	Vilagarcía de Arousa	Vilagarcía (Santa Baia)	Mulatas, As	Edificio na avenida Rosalía de Castro 67	Xunta PBA Catálogo. Elementos (xuño 2026)	official_catalogue_seed	74221	-		-		-8.766484840264319	42.604696864190856	catalogue_point_wgs84	medium_official_name_or_type	generic_castro_hint	unknown_terrain_pending_visual_review			P2	positive_seed_requires_qgis_boundary_review	110.0	-8.76960922,42.60239719,-8.76336046,42.60699654				exclude_until_independent_label_review	0.00	2026-08-01T00:00:00Z
wl-pos-pos-es-pba-74222	pos-es-pba-74222	1	positive	exclude_probable_name_false_positive	name/type looks like modern or non-castro heritage item	excluded_review	excluded	ES|Pontevedra|Vilagarcía de Arousa	ES	Galicia	Pontevedra	Vilagarcía de Arousa	Vilagarcía (Santa Baia)	Mulatas, As	Edificio na avenida Rosalía de Castro 68	Xunta PBA Catálogo. Elementos (xuño 2026)	official_catalogue_seed	74222	-		-		-8.766228599421671	42.60475938161431	catalogue_point_wgs84	medium_official_name_or_type	generic_castro_hint	unknown_terrain_pending_visual_review			P2	positive_seed_requires_qgis_boundary_review	110.0	-8.76935299,42.60245971,-8.76310421,42.60705906				exclude_until_independent_label_review	0.00	2026-08-01T00:00:00Z
wl-pos-pos-es-pba-74223	pos-es-pba-74223	1	positive	exclude_probable_name_false_positive	name/type looks like modern or non-castro heritage item	excluded_review	excluded	ES|Pontevedra|Vilagarcía de Arousa	ES	Galicia	Pontevedra	Vilagarcía de Arousa	Vilagarcía (Santa Baia)	Mulatas, As	Edificio na avenida Rosalía de Castro 69	Xunta PBA Catálogo. Elementos (xuño 2026)	official_catalogue_seed	74223	-		-		-8.766521177031093	42.60475997820083	catalogue_point_wgs84	medium_official_name_or_type	generic_castro_hint	unknown_terrain_pending_visual_review			P2	positive_seed_requires_qgis_boundary_review	110.0	-8.76964556,42.60246030,-8.76339679,42.60705965				exclude_until_independent_label_review	0.00	2026-08-01T00:00:00Z
wl-pos-pos-es-pba-74224	pos-es-pba-74224	1	positive	exclude_probable_name_false_positive	name/type looks like modern or non-castro heritage item	excluded_review	excluded	ES|Pontevedra|Vilagarcía de Arousa	ES	Galicia	Pontevedra	Vilagarcía de Arousa	Vilagarcía (Santa Baia)	Mulatas, As	Edificio na avenida Rosalía de Castro 75	Xunta PBA Catálogo. Elementos (xuño 2026)	official_catalogue_seed	74224	-		-		-8.766763009685219	42.60529180750733	catalogue_point_wgs84	medium_official_name_or_type	generic_castro_hint	unknown_terrain_pending_visual_review			P2	positive_seed_requires_qgis_boundary_review	110.0	-8.76988742,42.60299213,-8.76363860,42.60759148				exclude_until_independent_label_review	0.00	2026-08-01T00:00:00Z
wl-pos-pos-es-pba-74225	pos-es-pba-74225	1	positive	exclude_probable_name_false_positive	name/type looks like modern or non-castro heritage item	excluded_review	excluded	ES|Pontevedra|Vilagarcía de Arousa	ES	Galicia	Pontevedra	Vilagarcía de Arousa	Vilagarcía (Santa Baia)	Mulatas, As	Edificio na avenida Rosalía de Castro 77	Xunta PBA Catálogo. Elementos (xuño 2026)	official_catalogue_seed	74225	-		-		-8.76679914554214	42.6054089552569	catalogue_point_wgs84	medium_official_name_or_type	generic_castro_hint	unknown_terrain_pending_visual_review			P2	positive_seed_requires_qgis_boundary_review	110.0	-8.76992357,42.60310928,-8.76367473,42.60770863				exclude_until_independent_label_review	0.00	2026-08-01T00:00:00Z
wl-pos-pos-es-pba-74226	pos-es-pba-74226	1	positive	exclude_probable_name_false_positive	name/type looks like modern or non-castro heritage item	excluded_review	excluded	ES|Pontevedra|Vilagarcía de Arousa	ES	Galicia	Pontevedra	Vilagarcía de Arousa	Vilagarcía (Santa Baia)	Mulatas, As	Edificio na avenida Rosalía de Castro 79	Xunta PBA Catálogo. Elementos (xuño 2026)	official_catalogue_seed	74226	-		-		-8.766823157821484	42.60550806690594	catalogue_point_wgs84	medium_official_name_or_type	generic_castro_hint	unknown_terrain_pending_visual_review			P2	positive_seed_requires_qgis_boundary_review	110.0	-8.76994758,42.60320839,-8.76369873,42.60780774				exclude_until_independent_label_review	0.00	2026-08-01T00:00:00Z
wl-pos-pos-es-pba-74359	pos-es-pba-74359	1	positive	exclude_probable_name_false_positive	name/type looks like modern or non-castro heritage item	excluded_review	excluded	ES|Pontevedra|Vilagarcía de Arousa	ES	Galicia	Pontevedra	Vilagarcía de Arousa	Vilagarcía (Santa Baia)	Mulatas, As	Edificio na avenida Rosalía de Castro 81	Xunta PBA Catálogo. Elementos (xuño 2026)	official_catalogue_seed	74359	-		-		-8.767152110357786	42.60556277014741	catalogue_point_wgs84	medium_official_name_or_type	generic_castro_hint	unknown_terrain_pending_visual_review			P2	positive_seed_requires_qgis_boundary_review	110.0	-8.77027654,42.60326309,-8.76402768,42.60786245				exclude_until_independent_label_review	0.00	2026-08-01T00:00:00Z
wl-pos-pos-es-pba-75183	pos-es-pba-75183	1	positive	exclude_probable_name_false_positive	name/type looks like modern or non-castro heritage item	excluded_review	excluded	ES|Pontevedra|Vilagarcía de Arousa	ES	Galicia	Pontevedra	Vilagarcía de Arousa	Vilagarcía (Santa Baia)	Mulatas, As	Edificio, xardín e peche na avenida Rosalía Castro 62	Xunta PBA Catálogo. Elementos (xuño 2026)	official_catalogue_seed	75183	-		-		-8.766046985192023	42.60442579970403	catalogue_point_wgs84	medium_official_name_or_type	generic_castro_hint	unknown_terrain_pending_visual_review			P2	positive_seed_requires_qgis_boundary_review	110.0	-8.76917136,42.60212612,-8.76292261,42.60672548				exclude_until_independent_label_review	0.00	2026-08-01T00:00:00Z
wl-pos-pos-es-pba-75430	pos-es-pba-75430	1	positive	exclude_probable_name_false_positive	name/type looks like modern or non-castro heritage item	excluded_review	excluded	ES|Pontevedra|Vilagarcía de Arousa	ES	Galicia	Pontevedra	Vilagarcía de Arousa	Vilagarcía (Santa Baia)	Mulatas, As	Casa (Rúa de Rosallía de Castro 71)	Xunta PBA Catálogo. Elementos (xuño 2026)	official_catalogue_seed	75430	-		-		-8.766703197986546	42.6049854916769	catalogue_point_wgs84	medium_official_name_or_type	generic_castro_hint	unknown_terrain_pending_visual_review			P2	positive_seed_requires_qgis_boundary_review	110.0	-8.76982760,42.60268582,-8.76357880,42.60728517				exclude_until_independent_label_review	0.00	2026-08-01T00:00:00Z
wl-pos-pos-es-pba-75576	pos-es-pba-75576	1	positive	exclude_probable_name_false_positive	name/type looks like modern or non-castro heritage item	excluded_review	excluded	ES|Pontevedra|Vilagarcía de Arousa	ES	Galicia	Pontevedra	Vilagarcía de Arousa	Cea (San Pedro)	Fonte, A	Fonte de Castroagudín	Xunta PBA Catálogo. Elementos (xuño 2026)	official_catalogue_seed	75576	-		-		-8.723326524020687	42.602583495674956	catalogue_point_wgs84	medium_official_name_or_type	generic_castro_hint	unknown_terrain_pending_visual_review			P2	positive_seed_requires_qgis_boundary_review	110.0	-8.72645080,42.60028382,-8.72020225,42.60488317				exclude_until_independent_label_review	0.00	2026-08-01T00:00:00Z
wl-pos-pos-es-pba-75695	pos-es-pba-75695	1	positive	exclude_probable_name_false_positive	name/type looks like modern or non-castro heritage item	excluded_review	excluded	ES|Pontevedra|Vilagarcía de Arousa	ES	Galicia	Pontevedra	Vilagarcía de Arousa	Vilagarcía (Santa Baia)	Mulatas, As	Casa na avenida Rosalía de Castro 42	Xunta PBA Catálogo. Elementos (xuño 2026)	official_catalogue_seed	75695	-		-		-8.765504146701938	42.60289371930958	catalogue_point_wgs84	medium_official_name_or_type	generic_castro_hint	unknown_terrain_pending_visual_review			P2	positive_seed_requires_qgis_boundary_review	110.0	-8.76862844,42.60059404,-8.76237985,42.60519340				exclude_until_independent_label_review	0.00	2026-08-01T00:00:00Z
wl-pos-pos-es-pba-75696	pos-es-pba-75696	1	positive	exclude_probable_name_false_positive	name/type looks like modern or non-castro heritage item	excluded_review	excluded	ES|Pontevedra|Vilagarcía de Arousa	ES	Galicia	Pontevedra	Vilagarcía de Arousa	Vilagarcía (Santa Baia)	Mulatas, As	Casa na avenida Rosalía de Castro 57	Xunta PBA Catálogo. Elementos (xuño 2026)	official_catalogue_seed	75696	-		-		-8.766340167008183	42.60426429522781	catalogue_point_wgs84	medium_official_name_or_type	generic_castro_hint	unknown_terrain_pending_visual_review			P2	positive_seed_requires_qgis_boundary_review	110.0	-8.76946453,42.60196462,-8.76321580,42.60656397				exclude_until_independent_label_review	0.00	2026-08-01T00:00:00Z
wl-pos-pos-es-pba-75697	pos-es-pba-75697	1	positive	exclude_probable_name_false_positive	name/type looks like modern or non-castro heritage item	excluded_review	excluded	ES|Pontevedra|Vilagarcía de Arousa	ES	Galicia	Pontevedra	Vilagarcía de Arousa	Vilagarcía (Santa Baia)	Mulatas, As	Casa na avenida Rosalía de Castro 76	Xunta PBA Catálogo. Elementos (xuño 2026)	official_catalogue_seed	75697	-		-		-8.766406750094905	42.60602054396544	catalogue_point_wgs84	medium_official_name_or_type	generic_castro_hint	unknown_terrain_pending_visual_review			P2	positive_seed_requires_qgis_boundary_review	110.0	-8.76953120,42.60372087,-8.76328230,42.60832022				exclude_until_independent_label_review	0.00	2026-08-01T00:00:00Z
wl-pos-pos-es-pba-75699	pos-es-pba-75699	1	positive	exclude_probable_name_false_positive	name/type looks like modern or non-castro heritage item	excluded_review	excluded	ES|Pontevedra|Vilagarcía de Arousa	ES	Galicia	Pontevedra	Vilagarcía de Arousa	Vilagarcía (Santa Baia)	Mulatas, As	Casa Santa Mariña na avenida Rosalía Castro 78	Xunta PBA Catálogo. Elementos (xuño 2026)	official_catalogue_seed	75699	-		-		-8.765758941210233	42.60646950666942	catalogue_point_wgs84	medium_official_name_or_type	coastal_promontory_hint	coastal_or_promontory_proxy			P0	positive_seed_requires_qgis_boundary_review	150.0	-8.76888341,42.60416983,-8.76263447,42.60876918				exclude_until_independent_label_review	0.00	2026-08-01T00:00:00Z
wl-pos-pos-es-pba-75704	pos-es-pba-75704	1	positive	exclude_probable_name_false_positive	name/type looks like modern or non-castro heritage item	excluded_review	excluded	ES|Pontevedra|Vilagarcía de Arousa	ES	Galicia	Pontevedra	Vilagarcía de Arousa	Vilagarcía (Santa Baia)	Vilagarcía	Edificio de vivendas O Castro	Xunta PBA Catálogo. Elementos (xuño 2026)	official_catalogue_seed	75704	-		-		-8.76692191009696	42.595367832780624	catalogue_point_wgs84	medium_official_name_or_type	generic_castro_hint	unknown_terrain_pending_visual_review			P2	positive_seed_requires_qgis_boundary_review	110.0	-8.77004583,42.59306816,-8.76379799,42.59766751				exclude_until_independent_label_review	0.00	2026-08-01T00:00:00Z
wl-pos-pos-es-pba-75707	pos-es-pba-75707	1	positive	exclude_probable_name_false_positive	name/type looks like modern or non-castro heritage item	excluded_review	excluded	ES|Pontevedra|Vilagarcía de Arousa	ES	Galicia	Pontevedra	Vilagarcía de Arousa	Vilagarcía (Santa Baia)	Vilagarcía	Fonte do Castro	Xunta PBA Catálogo. Elementos (xuño 2026)	official_catalogue_seed	75707	-		-		-8.76723898916281	42.595323448742654	catalogue_point_wgs84	medium_official_name_or_type	generic_castro_hint	unknown_terrain_pending_visual_review			P2	positive_seed_requires_qgis_boundary_review	110.0	-8.77036290,42.59302377,-8.76411508,42.59762313				exclude_until_independent_label_review	0.00	2026-08-01T00:00:00Z
wl-pos-pos-es-pba-75839	pos-es-pba-75839	1	positive	exclude_probable_name_false_positive	name/type looks like modern or non-castro heritage item	excluded_review	excluded	ES|Pontevedra|Vilagarcía de Arousa	ES	Galicia	Pontevedra	Vilagarcía de Arousa	Vilagarcía (Santa Baia)	Mulatas, As	Edificio na avenida Rosalía de Castro 1	Xunta PBA Catálogo. Elementos (xuño 2026)	official_catalogue_seed	75839	-		-		-8.765150341174518	42.599722983489634	catalogue_point_wgs84	medium_official_name_or_type	generic_castro_hint	unknown_terrain_pending_visual_review			P2	positive_seed_requires_qgis_boundary_review	110.0	-8.76827448,42.59742331,-8.76202621,42.60202266				exclude_until_independent_label_review	0.00	2026-08-01T00:00:00Z
wl-pos-pos-es-pba-75969	pos-es-pba-75969	1	positive	exclude_probable_name_false_positive	name/type looks like modern or non-castro heritage item	excluded_review	excluded	ES|Pontevedra|Vilagarcía de Arousa	ES	Galicia	Pontevedra	Vilagarcía de Arousa	Vilagarcía (Santa Baia)	Mulatas, As	Edificio na avenida Rosalía de Castro 14	Xunta PBA Catálogo. Elementos (xuño 2026)	official_catalogue_seed	75969	-		-		-8.76477073130135	42.60018149625971	catalogue_point_wgs84	medium_official_name_or_type	generic_castro_hint	unknown_terrain_pending_visual_review			P2	positive_seed_requires_qgis_boundary_review	110.0	-8.76789489,42.59788182,-8.76164657,42.60248117				exclude_until_independent_label_review	0.00	2026-08-01T00:00:00Z
wl-pos-pos-es-pba-75970	pos-es-pba-75970	1	positive	exclude_probable_name_false_positive	name/type looks like modern or non-castro heritage item	excluded_review	excluded	ES|Pontevedra|Vilagarcía de Arousa	ES	Galicia	Pontevedra	Vilagarcía de Arousa	Vilagarcía (Santa Baia)	Vilagarcía	Edificio na avenida Rosalía de Castro 15	Xunta PBA Catálogo. Elementos (xuño 2026)	official_catalogue_seed	75970	-		-		-8.766865329338225	42.59419697356354	catalogue_point_wgs84	medium_official_name_or_type	generic_castro_hint	unknown_terrain_pending_visual_review			P2	positive_seed_requires_qgis_boundary_review	110.0	-8.76998919,42.59189730,-8.76374147,42.59649665				exclude_until_independent_label_review	0.00	2026-08-01T00:00:00Z
wl-pos-pos-es-pba-75971	pos-es-pba-75971	1	positive	exclude_probable_name_false_positive	name/type looks like modern or non-castro heritage item	excluded_review	excluded	ES|Pontevedra|Vilagarcía de Arousa	ES	Galicia	Pontevedra	Vilagarcía de Arousa	Vilagarcía (Santa Baia)	Vilagarcía	Edificio na avenida Rosalía de Castro 17	Xunta PBA Catálogo. Elementos (xuño 2026)	official_catalogue_seed	75971	-		-		-8.767011928895094	42.59410721451149	catalogue_point_wgs84	medium_official_name_or_type	generic_castro_hint	unknown_terrain_pending_visual_review			P2	positive_seed_requires_qgis_boundary_review	110.0	-8.77013578,42.59180754,-8.76388808,42.59640689				exclude_until_independent_label_review	0.00	2026-08-01T00:00:00Z
wl-pos-pos-es-pba-75972	pos-es-pba-75972	1	positive	exclude_probable_name_false_positive	name/type looks like modern or non-castro heritage item	excluded_review	excluded	ES|Pontevedra|Vilagarcía de Arousa	ES	Galicia	Pontevedra	Vilagarcía de Arousa	Vilagarcía (Santa Baia)	Vilagarcía	Edificio na avenida Rosalía de Castro 19	Xunta PBA Catálogo. Elementos (xuño 2026)	official_catalogue_seed	75972	-		-		-8.767170716672036	42.59401748003816	catalogue_point_wgs84	medium_official_name_or_type	generic_castro_hint	unknown_terrain_pending_visual_review			P2	positive_seed_requires_qgis_boundary_review	110.0	-8.77029457,42.59171780,-8.76404687,42.59631716				exclude_until_independent_label_review	0.00	2026-08-01T00:00:00Z
wl-pos-pos-es-pba-75973	pos-es-pba-75973	1	positive	exclude_probable_name_false_positive	name/type looks like modern or non-castro heritage item	excluded_review	excluded	ES|Pontevedra|Vilagarcía de Arousa	ES	Galicia	Pontevedra	Vilagarcía de Arousa	Vilagarcía (Santa Baia)	Mulatas, As	Edificio na avenida Rosalía de Castro 20	Xunta PBA Catálogo. Elementos (xuño 2026)	official_catalogue_seed	75973	-		-		-8.765012802244245	42.600641284447114	catalogue_point_wgs84	medium_official_name_or_type	generic_castro_hint	unknown_terrain_pending_visual_review			P2	positive_seed_requires_qgis_boundary_review	110.0	-8.76813698,42.59834161,-8.76188862,42.60294096				exclude_until_independent_label_review	0.00	2026-08-01T00:00:00Z
wl-pos-pos-es-pba-75974	pos-es-pba-75974	1	positive	exclude_probable_name_false_positive	name/type looks like modern or non-castro heritage item	excluded_review	excluded	ES|Pontevedra|Vilagarcía de Arousa	ES	Galicia	Pontevedra	Vilagarcía de Arousa	Vilagarcía (Santa Baia)	Vilagarcía	Edificio na avenida Rosalía de Castro 21	Xunta PBA Catálogo. Elementos (xuño 2026)	official_catalogue_seed	75974	-		-		-8.76724404958544	42.59396359468095	catalogue_point_wgs84	medium_official_name_or_type	generic_castro_hint	unknown_terrain_pending_visual_review			P2	positive_seed_requires_qgis_boundary_review	110.0	-8.77036790,42.59166392,-8.76412020,42.59626327				exclude_until_independent_label_review	0.00	2026-08-01T00:00:00Z
wl-pos-pos-es-pba-75975	pos-es-pba-75975	1	positive	exclude_probable_name_false_positive	name/type looks like modern or non-castro heritage item	excluded_review	excluded	ES|Pontevedra|Vilagarcía de Arousa	ES	Galicia	Pontevedra	Vilagarcía de Arousa	Vilagarcía (Santa Baia)	Mulatas, As	Edificio na avenida Rosalía de Castro 22	Xunta PBA Catálogo. Elementos (xuño 2026)	official_catalogue_seed	75975	-		-		-8.765012531517984	42.60071332960781	catalogue_point_wgs84	medium_official_name_or_type	generic_castro_hint	unknown_terrain_pending_visual_review			P2	positive_seed_requires_qgis_boundary_review	110.0	-8.76813672,42.59841365,-8.76188835,42.60301301				exclude_until_independent_label_review	0.00	2026-08-01T00:00:00Z
wl-pos-pos-es-pba-76099	pos-es-pba-76099	1	positive	exclude_probable_name_false_positive	name/type looks like modern or non-castro heritage item	excluded_review	excluded	ES|Pontevedra|Vilagarcía de Arousa	ES	Galicia	Pontevedra	Vilagarcía de Arousa	Vilagarcía (Santa Baia)	Mulatas, As	Edificio na avenida Rosalía de Castro 24	Xunta PBA Catálogo. Elementos (xuño 2026)	official_catalogue_seed	76099	-		-		-8.765131860340846	42.60139800853826	catalogue_point_wgs84	medium_official_name_or_type	generic_castro_hint	unknown_terrain_pending_visual_review			P2	positive_seed_requires_qgis_boundary_review	110.0	-8.76825608,42.59909833,-8.76200764,42.60369769				exclude_until_independent_label_review	0.00	2026-08-01T00:00:00Z
wl-pos-pos-es-pba-76100	pos-es-pba-76100	1	positive	exclude_probable_name_false_positive	name/type looks like modern or non-castro heritage item	excluded_review	excluded	ES|Pontevedra|Vilagarcía de Arousa	ES	Galicia	Pontevedra	Vilagarcía de Arousa	Vilagarcía (Santa Baia)	Mulatas, As	Edificio na avenida Rosalía de Castro 33	Xunta PBA Catálogo. Elementos (xuño 2026)	official_catalogue_seed	76100	-		-		-8.765942764036009	42.60295765614763	catalogue_point_wgs84	medium_official_name_or_type	generic_castro_hint	unknown_terrain_pending_visual_review			P2	positive_seed_requires_qgis_boundary_review	110.0	-8.76906706,42.60065798,-8.76281847,42.60525733				exclude_until_independent_label_review	0.00	2026-08-01T00:00:00Z
wl-pos-pos-es-pba-76101	pos-es-pba-76101	1	positive	exclude_probable_name_false_positive	name/type looks like modern or non-castro heritage item	excluded_review	excluded	ES|Pontevedra|Vilagarcía de Arousa	ES	Galicia	Pontevedra	Vilagarcía de Arousa	Vilagarcía (Santa Baia)	Mulatas, As	Edificio na avenida Rosalía de Castro 35	Xunta PBA Catálogo. Elementos (xuño 2026)	official_catalogue_seed	76101	-		-		-8.765966875151465	42.60302975108723	catalogue_point_wgs84	medium_official_name_or_type	generic_castro_hint	unknown_terrain_pending_visual_review			P2	positive_seed_requires_qgis_boundary_review	110.0	-8.76909118,42.60073007,-8.76284257,42.60532943				exclude_until_independent_label_review	0.00	2026-08-01T00:00:00Z
wl-pos-pos-es-pba-76102	pos-es-pba-76102	1	positive	exclude_probable_name_false_positive	name/type looks like modern or non-castro heritage item	excluded_review	excluded	ES|Pontevedra|Vilagarcía de Arousa	ES	Galicia	Pontevedra	Vilagarcía de Arousa	Vilagarcía (Santa Baia)	Mulatas, As	Edificio na avenida Rosalía de Castro 37	Xunta PBA Catálogo. Elementos (xuño 2026)	official_catalogue_seed	76102	-		-		-8.766015266044764	42.603128912739706	catalogue_point_wgs84	medium_official_name_or_type	generic_castro_hint	unknown_terrain_pending_visual_review			P2	positive_seed_requires_qgis_boundary_review	110.0	-8.76913957,42.60082924,-8.76289096,42.60542859				exclude_until_independent_label_review	0.00	2026-08-01T00:00:00Z
wl-pos-pos-es-pba-76103	pos-es-pba-76103	1	positive	exclude_probable_name_false_positive	name/type looks like modern or non-castro heritage item	excluded_review	excluded	ES|Pontevedra|Vilagarcía de Arousa	ES	Galicia	Pontevedra	Vilagarcía de Arousa	Vilagarcía (Santa Baia)	Mulatas, As	Edificio na avenida Rosalía de Castro 39	Xunta PBA Catálogo. Elementos (xuño 2026)	official_catalogue_seed	76103	-		-		-8.766026782506524	42.60330905046893	catalogue_point_wgs84	medium_official_name_or_type	generic_castro_hint	unknown_terrain_pending_visual_review			P2	positive_seed_requires_qgis_boundary_review	110.0	-8.76915110,42.60100937,-8.76290247,42.60560873				exclude_until_independent_label_review	0.00	2026-08-01T00:00:00Z
wl-pos-pos-es-pba-76104	pos-es-pba-76104	1	positive	exclude_probable_name_false_positive	name/type looks like modern or non-castro heritage item	excluded_review	excluded	ES|Pontevedra|Vilagarcía de Arousa	ES	Galicia	Pontevedra	Vilagarcía de Arousa	Vilagarcía (Santa Baia)	Mulatas, As	Edificio na avenida Rosalía de Castro 47	Xunta PBA Catálogo. Elementos (xuño 2026)	official_catalogue_seed	76104	-		-		-8.766183439892215	42.603795678613515	catalogue_point_wgs84	medium_official_name_or_type	generic_castro_hint	unknown_terrain_pending_visual_review			P2	positive_seed_requires_qgis_boundary_review	110.0	-8.76930778,42.60149600,-8.76305910,42.60609536				exclude_until_independent_label_review	0.00	2026-08-01T00:00:00Z
wl-pos-pos-es-pba-76230	pos-es-pba-76230	1	positive	exclude_probable_name_false_positive	name/type looks like modern or non-castro heritage item	excluded_review	excluded	ES|Pontevedra|Vilagarcía de Arousa	ES	Galicia	Pontevedra	Vilagarcía de Arousa	Vilagarcía (Santa Baia)	Mulatas, As	Edificio na avenida Rosalía de Castro 49	Xunta PBA Catálogo. Elementos (xuño 2026)	official_catalogue_seed	76230	-		-		-8.76623179804773	42.60390384580428	catalogue_point_wgs84	medium_official_name_or_type	generic_castro_hint	unknown_terrain_pending_visual_review			P2	positive_seed_requires_qgis_boundary_review	110.0	-8.76935614,42.60160417,-8.76310745,42.60620352				exclude_until_independent_label_review	0.00	2026-08-01T00:00:00Z
wl-pos-pos-es-pba-76231	pos-es-pba-76231	1	positive	exclude_probable_name_false_positive	name/type looks like modern or non-castro heritage item	excluded_review	excluded	ES|Pontevedra|Vilagarcía de Arousa	ES	Galicia	Pontevedra	Vilagarcía de Arousa	Vilagarcía (Santa Baia)	Mulatas, As	Edificio na avenida Rosalía de Castro 51	Xunta PBA Catálogo. Elementos (xuño 2026)	official_catalogue_seed	76231	-		-		-8.766267932118012	42.6040209937455	catalogue_point_wgs84	medium_official_name_or_type	generic_castro_hint	unknown_terrain_pending_visual_review			P2	positive_seed_requires_qgis_boundary_review	110.0	-8.76939228,42.60172132,-8.76314358,42.60632067				exclude_until_independent_label_review	0.00	2026-08-01T00:00:00Z
wl-pos-pos-es-pba-76232	pos-es-pba-76232	1	positive	exclude_probable_name_false_positive	name/type looks like modern or non-castro heritage item	excluded_review	excluded	ES|Pontevedra|Vilagarcía de Arousa	ES	Galicia	Pontevedra	Vilagarcía de Arousa	Vilagarcía (Santa Baia)	Mulatas, As	Edificio na avenida Rosalía de Castro 53	Xunta PBA Catálogo. Elementos (xuño 2026)	official_catalogue_seed	76232	-		-		-8.766291976692136	42.60411109988617	catalogue_point_wgs84	medium_official_name_or_type	generic_castro_hint	unknown_terrain_pending_visual_review			P2	positive_seed_requires_qgis_boundary_review	110.0	-8.76941633,42.60181142,-8.76316762,42.60641078				exclude_until_independent_label_review	0.00	2026-08-01T00:00:00Z
wl-pos-pos-es-pba-76233	pos-es-pba-76233	1	positive	exclude_probable_name_false_positive	name/type looks like modern or non-castro heritage item	excluded_review	excluded	ES|Pontevedra|Vilagarcía de Arousa	ES	Galicia	Pontevedra	Vilagarcía de Arousa	Vilagarcía (Santa Baia)	Mulatas, As	Edificio na avenida Rosalía de Castro 56	Xunta PBA Catálogo. Elementos (xuño 2026)	official_catalogue_seed	76233	-		-		-8.766060456239877	42.60408361027144	catalogue_point_wgs84	medium_official_name_or_type	generic_castro_hint	unknown_terrain_pending_visual_review			P2	positive_seed_requires_qgis_boundary_review	110.0	-8.76918481,42.60178393,-8.76293610,42.60638329				exclude_until_independent_label_review	0.00	2026-08-01T00:00:00Z
wl-pos-pos-es-pba-76234	pos-es-pba-76234	1	positive	exclude_probable_name_false_positive	name/type looks like modern or non-castro heritage item	excluded_review	excluded	ES|Pontevedra|Vilagarcía de Arousa	ES	Galicia	Pontevedra	Vilagarcía de Arousa	Vilagarcía (Santa Baia)	Mulatas, As	Edificio na avenida Rosalía de Castro 61	Xunta PBA Catálogo. Elementos (xuño 2026)	official_catalogue_seed	76234	-		-		-8.76640041364445	42.60445353796138	catalogue_point_wgs84	medium_official_name_or_type	generic_castro_hint	unknown_terrain_pending_visual_review			P2	positive_seed_requires_qgis_boundary_review	110.0	-8.76952479,42.60215386,-8.76327604,42.60675321				exclude_until_independent_label_review	0.00	2026-08-01T00:00:00Z
wl-pos-pos-es-pba-76235	pos-es-pba-76235	1	positive	exclude_probable_name_false_positive	name/type looks like modern or non-castro heritage item	excluded_review	excluded	ES|Pontevedra|Vilagarcía de Arousa	ES	Galicia	Pontevedra	Vilagarcía de Arousa	Vilagarcía (Santa Baia)	Mulatas, As	Edificio na avenida Rosalía de Castro 63	Xunta PBA Catálogo. Elementos (xuño 2026)	official_catalogue_seed	76235	-		-		-8.766436649264843	42.604543668920016	catalogue_point_wgs84	medium_official_name_or_type	generic_castro_hint	unknown_terrain_pending_visual_review			P2	positive_seed_requires_qgis_boundary_review	110.0	-8.76956103,42.60224399,-8.76331227,42.60684335				exclude_until_independent_label_review	0.00	2026-08-01T00:00:00Z
wl-pos-pos-es-pba-76236	pos-es-pba-76236	1	positive	exclude_probable_name_false_positive	name/type looks like modern or non-castro heritage item	excluded_review	excluded	ES|Pontevedra|Vilagarcía de Arousa	ES	Galicia	Pontevedra	Vilagarcía de Arousa	Vilagarcía (Santa Baia)	Mulatas, As	Edificio na avenida Rosalía de Castro 65	Xunta PBA Catálogo. Elementos (xuño 2026)	official_catalogue_seed	76236	-		-		-8.7664607615537	42.60461576373852	catalogue_point_wgs84	medium_official_name_or_type	generic_castro_hint	unknown_terrain_pending_visual_review			P2	positive_seed_requires_qgis_boundary_review	110.0	-8.76958514,42.60231609,-8.76333638,42.60691544				exclude_until_independent_label_review	0.00	2026-08-01T00:00:00Z
wl-pos-pos-pt-dgpc-107515	pos-pt-dgpc-107515	1	positive	exclude_probable_name_false_positive	name/type looks like modern or non-castro heritage item	excluded_review	excluded	PT|Braga|Braga	PT	Norte de Portugal	Braga	Braga	Braga (Maximinos, Sé e Cividade)		Braga - Cividade de Baixo	DGPC Portal do Arqueólogo Sitios_Arqueologicos	official_catalogue_seed	107515	11862	Edifício		Romano;	-8.429387482144868	41.54526288820978	catalogue_point_wgs84	medium_official_name_or_type	large_castrexo_civitas_hint	unknown_terrain_pending_visual_review			P0	positive_seed_requires_qgis_boundary_review	180.0	-8.43246014,41.54296321,-8.42631482,41.54756256	31.84	weak_centered_ring_signal	include_visual_signal_metric_eval	exclude_until_independent_label_review	0.00	2026-08-01T00:00:00Z
wl-pos-pos-pt-dgpc-109327	pos-pt-dgpc-109327	1	positive	exclude_probable_name_false_positive	name/type looks like modern or non-castro heritage item	excluded_review	excluded	PT|Braga|Vila Verde	PT	Norte de Portugal	Braga	Vila Verde	Atiães		Bouça do Castro	DGPC Portal do Arqueólogo Sitios_Arqueologicos	official_catalogue_seed	109327	31940	Marco Miliário		Romano;	-8.500427163357969	41.62658484761949	catalogue_point_wgs84	medium_official_name_or_type	coastal_promontory_hint	coastal_or_promontory_proxy			P0	positive_seed_requires_qgis_boundary_review	150.0	-8.50350370,41.62428517,-8.49735063,41.62888452				exclude_until_independent_label_review	0.00	2026-08-01T00:00:00Z
wl-pos-pos-pt-dgpc-108403	pos-pt-dgpc-108403	1	positive	exclude_probable_name_false_positive	name/type looks like modern or non-castro heritage item	excluded_review	excluded	PT|Bragança|Bragança	PT	Norte de Portugal	Bragança	Bragança	Parâmio		Castro de Zeive/Abadia	DGPC Portal do Arqueólogo Sitios_Arqueologicos	official_catalogue_seed	108403	17589	Necrópole		Indeterminado;	-6.896923043583072	41.91434921089182	catalogue_point_wgs84	medium_official_name_or_type	generic_castro_hint	unknown_terrain_pending_visual_review			P2	positive_seed_requires_qgis_boundary_review	110.0	-6.90001341,41.91204953,-6.89383268,41.91664889				exclude_until_independent_label_review	0.00	2026-08-01T00:00:00Z
wl-pos-pos-pt-dgpc-108492	pos-pt-dgpc-108492	1	positive	exclude_probable_name_false_positive	name/type looks like modern or non-castro heritage item	excluded_review	excluded	PT|Bragança|Bragança	PT	Norte de Portugal	Bragança	Bragança	França		Castro Curisco 1 - Rocha 1	DGPC Portal do Arqueólogo Sitios_Arqueologicos	official_catalogue_seed	108492	10603	Arte Rupestre		Indeterminado;	-6.771585957215564	41.95326446568809	catalogue_point_wgs84	medium_official_name_or_type	generic_castro_hint	unknown_terrain_pending_visual_review			P2	positive_seed_requires_qgis_boundary_review	110.0	-6.77467821,41.95096479,-6.76849371,41.95556414				exclude_until_independent_label_review	0.00	2026-08-01T00:00:00Z
wl-pos-pos-pt-dgpc-108493	pos-pt-dgpc-108493	1	positive	exclude_probable_name_false_positive	name/type looks like modern or non-castro heritage item	excluded_review	excluded	PT|Bragança|Bragança	PT	Norte de Portugal	Bragança	Bragança	França		Castro Curisco 1 - Rocha 2	DGPC Portal do Arqueólogo Sitios_Arqueologicos	official_catalogue_seed	108493	10604	Arte Rupestre		Indeterminado;	-6.771585957215564	41.95326446568809	catalogue_point_wgs84	medium_official_name_or_type	generic_castro_hint	unknown_terrain_pending_visual_review			P2	positive_seed_requires_qgis_boundary_review	110.0	-6.77467821,41.95096479,-6.76849371,41.95556414				exclude_until_independent_label_review	0.00	2026-08-01T00:00:00Z
wl-pos-pos-pt-dgpc-108494	pos-pt-dgpc-108494	1	positive	exclude_probable_name_false_positive	name/type looks like modern or non-castro heritage item	excluded_review	excluded	PT|Bragança|Bragança	PT	Norte de Portugal	Bragança	Bragança	França		Castro Curisco 1 - Rocha 3	DGPC Portal do Arqueólogo Sitios_Arqueologicos	official_catalogue_seed	108494	10605	Arte Rupestre		Indeterminado;	-6.771585957215564	41.95326446568809	catalogue_point_wgs84	medium_official_name_or_type	generic_castro_hint	unknown_terrain_pending_visual_review			P2	positive_seed_requires_qgis_boundary_review	110.0	-6.77467821,41.95096479,-6.76849371,41.95556414				exclude_until_independent_label_review	0.00	2026-08-01T00:00:00Z
wl-pos-pos-pt-dgpc-108496	pos-pt-dgpc-108496	1	positive	exclude_probable_name_false_positive	name/type looks like modern or non-castro heritage item	excluded_review	excluded	PT|Bragança|Bragança	PT	Norte de Portugal	Bragança	Bragança	França		Castro Curisco 1 - Rocha 5	DGPC Portal do Arqueólogo Sitios_Arqueologicos	official_catalogue_seed	108496	10609	Arte Rupestre		Indeterminado;	-6.771585957215564	41.95326446568809	catalogue_point_wgs84	medium_official_name_or_type	generic_castro_hint	unknown_terrain_pending_visual_review			P2	positive_seed_requires_qgis_boundary_review	110.0	-6.77467821,41.95096479,-6.76849371,41.95556414				exclude_until_independent_label_review	0.00	2026-08-01T00:00:00Z
wl-pos-pos-pt-dgpc-108497	pos-pt-dgpc-108497	1	positive	exclude_probable_name_false_positive	name/type looks like modern or non-castro heritage item	excluded_review	excluded	PT|Bragança|Bragança	PT	Norte de Portugal	Bragança	Bragança	França		Castro Curisco 1 - Rocha 6	DGPC Portal do Arqueólogo Sitios_Arqueologicos	official_catalogue_seed	108497	10610	Arte Rupestre		Indeterminado;	-6.771585957215564	41.95326446568809	catalogue_point_wgs84	medium_official_name_or_type	generic_castro_hint	unknown_terrain_pending_visual_review			P2	positive_seed_requires_qgis_boundary_review	110.0	-6.77467821,41.95096479,-6.76849371,41.95556414				exclude_until_independent_label_review	0.00	2026-08-01T00:00:00Z
wl-pos-pos-pt-dgpc-108498	pos-pt-dgpc-108498	1	positive	exclude_probable_name_false_positive	name/type looks like modern or non-castro heritage item	excluded_review	excluded	PT|Bragança|Bragança	PT	Norte de Portugal	Bragança	Bragança	França		Castro Curisco 1 - Rocha 7	DGPC Portal do Arqueólogo Sitios_Arqueologicos	official_catalogue_seed	108498	10612	Arte Rupestre		Indeterminado;	-6.771585957215564	41.95326446568809	catalogue_point_wgs84	medium_official_name_or_type	generic_castro_hint	unknown_terrain_pending_visual_review			P2	positive_seed_requires_qgis_boundary_review	110.0	-6.77467821,41.95096479,-6.76849371,41.95556414				exclude_until_independent_label_review	0.00	2026-08-01T00:00:00Z
wl-pos-pos-pt-dgpc-108606	pos-pt-dgpc-108606	1	positive	exclude_probable_name_false_positive	name/type looks like modern or non-castro heritage item	excluded_review	excluded	PT|Bragança|Bragança	PT	Norte de Portugal	Bragança	Bragança	Castro de Avelãs		Miliário 1 de Castro de Avelãs	DGPC Portal do Arqueólogo Sitios_Arqueologicos	official_catalogue_seed	108606	17471	Marco Miliário		Romano;	-6.8060670025937124	41.796567931916904	catalogue_point_wgs84	medium_official_name_or_type	coastal_promontory_hint	coastal_or_promontory_proxy			P0	positive_seed_requires_qgis_boundary_review	150.0	-6.80915168,41.79426826,-6.80298232,41.79886761				exclude_until_independent_label_review	0.00	2026-08-01T00:00:00Z
wl-pos-pos-pt-dgpc-108607	pos-pt-dgpc-108607	1	positive	exclude_probable_name_false_positive	name/type looks like modern or non-castro heritage item	excluded_review	excluded	PT|Bragança|Bragança	PT	Norte de Portugal	Bragança	Bragança	Castro de Avelãs		Miliário 2 de Castro de Avelãs	DGPC Portal do Arqueólogo Sitios_Arqueologicos	official_catalogue_seed	108607	17472	Marco Miliário		Romano;	-6.8060670025937124	41.796567931916904	catalogue_point_wgs84	medium_official_name_or_type	coastal_promontory_hint	coastal_or_promontory_proxy			P0	positive_seed_requires_qgis_boundary_review	150.0	-6.80915168,41.79426826,-6.80298232,41.79886761				exclude_until_independent_label_review	0.00	2026-08-01T00:00:00Z
wl-pos-pos-pt-dgpc-108608	pos-pt-dgpc-108608	1	positive	exclude_probable_name_false_positive	name/type looks like modern or non-castro heritage item	excluded_review	excluded	PT|Bragança|Bragança	PT	Norte de Portugal	Bragança	Bragança	Castro de Avelãs		Estela 2 de Castro de Avelãs	DGPC Portal do Arqueólogo Sitios_Arqueologicos	official_catalogue_seed	108608	17511	Estela		Romano;	-6.8060670025937124	41.796567931916904	catalogue_point_wgs84	medium_official_name_or_type	generic_castro_hint	unknown_terrain_pending_visual_review			P2	positive_seed_requires_qgis_boundary_review	110.0	-6.80915168,41.79426826,-6.80298232,41.79886761				exclude_until_independent_label_review	0.00	2026-08-01T00:00:00Z
wl-pos-pos-pt-dgpc-108609	pos-pt-dgpc-108609	1	positive	exclude_probable_name_false_positive	name/type looks like modern or non-castro heritage item	excluded_review	excluded	PT|Bragança|Bragança	PT	Norte de Portugal	Bragança	Bragança	Castro de Avelãs		Estela 3 de Castro de Avelãs	DGPC Portal do Arqueólogo Sitios_Arqueologicos	official_catalogue_seed	108609	17513	Estela		Romano;	-6.8060670025937124	41.796567931916904	catalogue_point_wgs84	medium_official_name_or_type	generic_castro_hint	unknown_terrain_pending_visual_review			P2	positive_seed_requires_qgis_boundary_review	110.0	-6.80915168,41.79426826,-6.80298232,41.79886761				exclude_until_independent_label_review	0.00	2026-08-01T00:00:00Z
wl-pos-pos-pt-dgpc-108610	pos-pt-dgpc-108610	1	positive	exclude_probable_name_false_positive	name/type looks like modern or non-castro heritage item	excluded_review	excluded	PT|Bragança|Bragança	PT	Norte de Portugal	Bragança	Bragança	Castro de Avelãs		Estela 4 de Castro de Avelãs	DGPC Portal do Arqueólogo Sitios_Arqueologicos	official_catalogue_seed	108610	17514	Estela		Romano;	-6.8060670025937124	41.796567931916904	catalogue_point_wgs84	medium_official_name_or_type	generic_castro_hint	unknown_terrain_pending_visual_review			P2	positive_seed_requires_qgis_boundary_review	110.0	-6.80915168,41.79426826,-6.80298232,41.79886761				exclude_until_independent_label_review	0.00	2026-08-01T00:00:00Z
wl-pos-pos-pt-dgpc-108611	pos-pt-dgpc-108611	1	positive	exclude_probable_name_false_positive	name/type looks like modern or non-castro heritage item	excluded_review	excluded	PT|Bragança|Bragança	PT	Norte de Portugal	Bragança	Bragança	Castro de Avelãs		Estela 7 de Castro de Avelãs	DGPC Portal do Arqueólogo Sitios_Arqueologicos	official_catalogue_seed	108611	17522	Estela		Romano;	-6.8060670025937124	41.796567931916904	catalogue_point_wgs84	medium_official_name_or_type	generic_castro_hint	unknown_terrain_pending_visual_review			P2	positive_seed_requires_qgis_boundary_review	110.0	-6.80915168,41.79426826,-6.80298232,41.79886761				exclude_until_independent_label_review	0.00	2026-08-01T00:00:00Z
wl-pos-pos-pt-dgpc-108612	pos-pt-dgpc-108612	1	positive	exclude_probable_name_false_positive	name/type looks like modern or non-castro heritage item	excluded_review	excluded	PT|Bragança|Bragança	PT	Norte de Portugal	Bragança	Bragança	Castro de Avelãs		Estela 8 de Castro de Avelãs	DGPC Portal do Arqueólogo Sitios_Arqueologicos	official_catalogue_seed	108612	17523	Estela		Romano;	-6.8060670025937124	41.796567931916904	catalogue_point_wgs84	medium_official_name_or_type	generic_castro_hint	unknown_terrain_pending_visual_review			P2	positive_seed_requires_qgis_boundary_review	110.0	-6.80915168,41.79426826,-6.80298232,41.79886761				exclude_until_independent_label_review	0.00	2026-08-01T00:00:00Z
wl-pos-pos-pt-dgpc-108613	pos-pt-dgpc-108613	1	positive	exclude_probable_name_false_positive	name/type looks like modern or non-castro heritage item	excluded_review	excluded	PT|Bragança|Bragança	PT	Norte de Portugal	Bragança	Bragança	Castro de Avelãs		Estela 11 de Castro de Avelãs	DGPC Portal do Arqueólogo Sitios_Arqueologicos	official_catalogue_seed	108613	17530	Estela		Romano;	-6.8060670025937124	41.796567931916904	catalogue_point_wgs84	medium_official_name_or_type	generic_castro_hint	unknown_terrain_pending_visual_review			P2	positive_seed_requires_qgis_boundary_review	110.0	-6.80915168,41.79426826,-6.80298232,41.79886761				exclude_until_independent_label_review	0.00	2026-08-01T00:00:00Z
wl-pos-pos-pt-dgpc-108637	pos-pt-dgpc-108637	1	positive	exclude_probable_name_false_positive	name/type looks like modern or non-castro heritage item	excluded_review	excluded	PT|Bragança|Bragança	PT	Norte de Portugal	Bragança	Bragança	Castro de Avelãs		Estela 6 de Castro de Avelãs	DGPC Portal do Arqueólogo Sitios_Arqueologicos	official_catalogue_seed	108637	17521	Estela		Romano;	-6.8045752977511	41.79889147267567	catalogue_point_wgs84	medium_official_name_or_type	generic_castro_hint	unknown_terrain_pending_visual_review			P2	positive_seed_requires_qgis_boundary_review	110.0	-6.80766009,41.79659180,-6.80149051,41.80119115				exclude_until_independent_label_review	0.00	2026-08-01T00:00:00Z
wl-pos-pos-pt-dgpc-108638	pos-pt-dgpc-108638	1	positive	exclude_probable_name_false_positive	name/type looks like modern or non-castro heritage item	excluded_review	excluded	PT|Bragança|Bragança	PT	Norte de Portugal	Bragança	Bragança	Castro de Avelãs		Estela 9 de Castro de Avelãs	DGPC Portal do Arqueólogo Sitios_Arqueologicos	official_catalogue_seed	108638	17524	Estela		Romano;	-6.8045752977511	41.79889147267567	catalogue_point_wgs84	medium_official_name_or_type	generic_castro_hint	unknown_terrain_pending_visual_review			P2	positive_seed_requires_qgis_boundary_review	110.0	-6.80766009,41.79659180,-6.80149051,41.80119115				exclude_until_independent_label_review	0.00	2026-08-01T00:00:00Z
wl-pos-pos-pt-dgpc-108639	pos-pt-dgpc-108639	1	positive	exclude_probable_name_false_positive	name/type looks like modern or non-castro heritage item	excluded_review	excluded	PT|Bragança|Bragança	PT	Norte de Portugal	Bragança	Bragança	Castro de Avelãs		Estela 10 de Castro de Avelãs	DGPC Portal do Arqueólogo Sitios_Arqueologicos	official_catalogue_seed	108639	17525	Estela		Romano;	-6.8045752977511	41.79889147267567	catalogue_point_wgs84	medium_official_name_or_type	generic_castro_hint	unknown_terrain_pending_visual_review			P2	positive_seed_requires_qgis_boundary_review	110.0	-6.80766009,41.79659180,-6.80149051,41.80119115				exclude_until_independent_label_review	0.00	2026-08-01T00:00:00Z
wl-pos-pos-pt-dgpc-108645	pos-pt-dgpc-108645	1	positive	exclude_probable_name_false_positive	name/type looks like modern or non-castro heritage item	excluded_review	excluded	PT|Bragança|Bragança	PT	Norte de Portugal	Bragança	Bragança	Castro de Avelãs		Estela 1 de Castro de Avelãs	DGPC Portal do Arqueólogo Sitios_Arqueologicos	official_catalogue_seed	108645	17510	Estela		Romano;	-6.805891026716784	41.79926679529511	catalogue_point_wgs84	medium_official_name_or_type	generic_castro_hint	unknown_terrain_pending_visual_review			P2	positive_seed_requires_qgis_boundary_review	110.0	-6.80897583,41.79696712,-6.80280622,41.80156647				exclude_until_independent_label_review	0.00	2026-08-01T00:00:00Z
wl-pos-pos-pt-dgpc-108646	pos-pt-dgpc-108646	1	positive	exclude_probable_name_false_positive	name/type looks like modern or non-castro heritage item	excluded_review	excluded	PT|Bragança|Bragança	PT	Norte de Portugal	Bragança	Bragança	Castro de Avelãs		Estela 5 de Castro de Avelãs	DGPC Portal do Arqueólogo Sitios_Arqueologicos	official_catalogue_seed	108646	17519	Estela		Romano;	-6.805891026716784	41.79926679529511	catalogue_point_wgs84	medium_official_name_or_type	generic_castro_hint	unknown_terrain_pending_visual_review			P2	positive_seed_requires_qgis_boundary_review	110.0	-6.80897583,41.79696712,-6.80280622,41.80156647				exclude_until_independent_label_review	0.00	2026-08-01T00:00:00Z
wl-pos-pos-pt-dgpc-106817	pos-pt-dgpc-106817	1	positive	exclude_ambiguous_positive_seed	positive seed too ambiguous for weak-label training	excluded_review	excluded	PT|Bragança|Miranda do Douro	PT	Norte de Portugal	Bragança	Miranda do Douro	Sendim e Atenor		Castroluço	DGPC Portal do Arqueólogo Sitios_Arqueologicos	official_catalogue_seed	106817	2129	Vestígios Diversos		Romano;	-6.481291854444447	41.4178287011453	catalogue_point_wgs84	medium_official_name_or_type	generic_castro_hint	unknown_terrain_pending_visual_review			P2	positive_seed_requires_qgis_boundary_review	110.0	-6.48435848,41.41552902,-6.47822523,41.42012838				exclude_until_independent_label_review	0.00	2026-08-01T00:00:00Z
wl-pos-pos-pt-dgpc-109355	pos-pt-dgpc-109355	1	positive	exclude_probable_name_false_positive	name/type looks like modern or non-castro heritage item	excluded_review	excluded	PT|Viana do Castelo|Viana do Castelo	PT	Norte de Portugal	Viana do Castelo	Viana do Castelo	Carreço		Castro da Gandra	DGPC Portal do Arqueólogo Sitios_Arqueologicos	official_catalogue_seed	109355	2898	Arte Rupestre		Idade do Ferro;	-8.873497815802033	41.75096715407441	catalogue_point_wgs84	medium_official_name_or_type	generic_castro_hint	unknown_terrain_pending_visual_review			P2	positive_seed_requires_qgis_boundary_review	110.0	-8.87658030,41.74866748,-8.87041533,41.75326683				exclude_until_independent_label_review	0.00	2026-08-01T00:00:00Z
wl-pos-pos-pt-dgpc-109909	pos-pt-dgpc-109909	1	positive	exclude_probable_name_false_positive	name/type looks like modern or non-castro heritage item	excluded_review	excluded	PT|Vila Real|Boticas	PT	Norte de Portugal	Vila Real	Boticas	Pinho		Castro de Mouril 3	DGPC Portal do Arqueólogo Sitios_Arqueologicos	official_catalogue_seed	109909	19749	Arte Rupestre		Indeterminado;	-7.611391002597864	41.654128762972825	catalogue_point_wgs84	medium_official_name_or_type	generic_castro_hint	unknown_terrain_pending_visual_review			P2	positive_seed_requires_qgis_boundary_review	110.0	-7.61446885,41.65182909,-7.60831316,41.65642844				exclude_until_independent_label_review	0.00	2026-08-01T00:00:00Z
wl-pos-pos-pt-dgpc-108818	pos-pt-dgpc-108818	1	positive	exclude_probable_name_false_positive	name/type looks like modern or non-castro heritage item	excluded_review	excluded	PT|Vila Real|Montalegre	PT	Norte de Portugal	Vila Real	Montalegre	Solveira		Mamoa 2 do Castro	DGPC Portal do Arqueólogo Sitios_Arqueologicos	official_catalogue_seed	108818	32742	Monumento Megalítico		Neolítico;	-7.664763268898193	41.831597510725494	catalogue_point_wgs84	medium_official_name_or_type	generic_castro_hint	unknown_terrain_pending_visual_review			P2	positive_seed_requires_qgis_boundary_review	110.0	-7.66784963,41.82929783,-7.66167690,41.83389719				exclude_until_independent_label_review	0.00	2026-08-01T00:00:00Z
wl-pos-pos-pt-dgpc-108828	pos-pt-dgpc-108828	1	positive	exclude_probable_name_false_positive	name/type looks like modern or non-castro heritage item	excluded_review	excluded	PT|Vila Real|Montalegre	PT	Norte de Portugal	Vila Real	Montalegre	Solveira		Mamoa 1 do Castro	DGPC Portal do Arqueólogo Sitios_Arqueologicos	official_catalogue_seed	108828	32741	Monumento Megalítico		Neolítico;	-7.66452753815465	41.83255989022275	catalogue_point_wgs84	medium_official_name_or_type	generic_castro_hint	unknown_terrain_pending_visual_review			P2	positive_seed_requires_qgis_boundary_review	110.0	-7.66761395,41.83026021,-7.66144113,41.83485957				exclude_until_independent_label_review	0.00	2026-08-01T00:00:00Z
